city,city_ascii,city_alt,lat,lng,country,iso2,iso3,admin_name,admin_name_ascii,admin_code,admin_type,capital,density,population,population_proper,ranking,timezone,same_name,id
Taitādwip,Taitadwip,,22.1711,91.9060,Bangladesh,BD,BGD,Chattogram,Chattogram,BD-B,division,,1156.9,,,3,Asia/Dhaka,FALSE,1050549810
Dhānkunia,Dhankunia,,24.6068,90.9353,Bangladesh,BD,BGD,Mymensingh,Mymensingh,BD-H,division,,725.2,,,3,Asia/Dhaka,FALSE,1050135077
Baratiābāri,Baratiabari,,24.3142,90.0257,Bangladesh,BD,BGD,Dhaka,Dhaka,BD-C,division,,1540.4,,,3,Asia/Dhaka,FALSE,1050593203
Subidpur,Subidpur,,22.5461,90.2758,Bangladesh,BD,BGD,Barishal,Barishal,BD-A,division,,855.0,,,3,Asia/Dhaka,FALSE,1050911670
Subidpur,Subidpur,,23.2624,90.8206,Bangladesh,BD,BGD,Chattogram,Chattogram,BD-B,division,,2171.9,,,2,Asia/Dhaka,FALSE,1050075772
Subidpur,Subidpur,,23.1786,90.8203,Bangladesh,BD,BGD,Chattogram,Chattogram,BD-B,division,,1790.0,,,3,Asia/Dhaka,TRUE,1050267942
Subidpur,Subidpur,,23.3359,90.9094,Bangladesh,BD,BGD,Chattogram,Chattogram,BD-B,division,,1693.7,,,3,Asia/Dhaka,TRUE,1050889333
Subidpur,Subidpur,Zupedpur,24.0541,91.3191,Bangladesh,BD,BGD,Rājshāhi,Rajshahi,BD-E,division,,1351.0,,,3,Asia/Dhaka,FALSE,1050765758
Subidpur,Subidpur,,23.3497,89.1072,Bangladesh,BD,BGD,Khulna,Khulna,BD-D,division,,1014.1,,,3,Asia/Dhaka,FALSE,1050871028
Mirkuti Chhar,Mirkuti Chhar,Mirkuti Chhao,23.7761,90.5442,Bangladesh,BD,BGD,Dhaka,Dhaka,BD-C,district,,2849.6,,,2,Asia/Dhaka,FALSE,1050251426
Sābangal,Sabangal,,22.6977,90.2379,Bangladesh,BD,BGD,Barishal,Barishal,BD-A,division,,1057.1,,,3,Asia/Dhaka,FALSE,1050900413
Karānkhain,Karankhain,,22.3378,91.9333,Bangladesh,BD,BGD,Chattogram,Chattogram,BD-B,division,,1892.4,,,3,Asia/Dhaka,FALSE,1050985842
Bisharpāra,Bisharpara,Bisharpasa|Bishārpāsha,25.1002,90.9576,Bangladesh,BD,BGD,Mymensingh,Mymensingh,BD-H,division,,761.6,,,3,Asia/Dhaka,FALSE,1050596043
Baranari,Baranari,,26.0675,89.7051,Bangladesh,BD,BGD,Rangpur,Rangpur,BD-F,division,,1180.8,,,3,Asia/Dhaka,FALSE,1050841435
Kuliāti,Kuliati,,24.7198,90.9755,Bangladesh,BD,BGD,Mymensingh,Mymensingh,BD-H,division,,725.2,,,3,Asia/Dhaka,FALSE,1050211075
Putka,Putka,,24.7193,91.3345,Bangladesh,BD,BGD,Sylhet,Sylhet,BD-G,division,,541.9,,,3,Asia/Dhaka,FALSE,1050924022
Sālurdia,Salurdia,,24.0027,90.7212,Bangladesh,BD,BGD,Dhaka,Dhaka,BD-C,division,,1584.6,,,3,Asia/Dhaka,FALSE,1050600498
Bāgardānga,Bagardanga,,23.0502,89.6171,Bangladesh,BD,BGD,Khulna,Khulna,BD-D,division,,815.8,,,3,Asia/Dhaka,FALSE,1050024901
Gedira,Gedira,,25.9856,88.1658,Bangladesh,BD,BGD,Rangpur,Rangpur,BD-F,division,,825.3,,,3,Asia/Dhaka,FALSE,1050270029
Kachālia,Kachalia,,23.7500,89.8333,Bangladesh,BD,BGD,Dhaka,Dhaka,BD-C,district,,1002.5,,,3,Asia/Dhaka,FALSE,1050792317
Chhota Mulna,Chhota Mulna,,23.3049,90.3049,Bangladesh,BD,BGD,Dhaka,Dhaka,BD-C,district,,1228.2,,,3,Asia/Dhaka,FALSE,1050867573
Shib Rāmpur,Shib Rampur,Sibrāmpur,23.9977,90.2513,Bangladesh,BD,BGD,Dhaka,Dhaka,BD-C,division,,5420.4,,,2,Asia/Dhaka,FALSE,1050425869
Dakshin Mālsi,Dakshin Malsi,,23.9325,90.0471,Bangladesh,BD,BGD,Dhaka,Dhaka,BD-C,division,,1240.2,,,3,Asia/Dhaka,FALSE,1050328129
Jagīmanrājpur,Jagimanrajpur,,22.9000,91.0333,Bangladesh,BD,BGD,Chattogram,Chattogram,BD-B,division,,2638.6,,,2,Asia/Dhaka,FALSE,1050252152
Khamar Dashalia,Khamar Dashalia,Dasalia,25.4843,89.4891,Bangladesh,BD,BGD,Rangpur,Rangpur,BD-F,division,,1373.4,,,3,Asia/Dhaka,FALSE,1050814549
Chaitapukur,Chaitapukur,,25.6685,88.8424,Bangladesh,BD,BGD,Rangpur,Rangpur,BD-F,division,,938.9,,,3,Asia/Dhaka,FALSE,1050207330
Nasaraddidhuli,Nasaraddidhuli,Nasaruddin-Dhuli,23.5085,90.7210,Bangladesh,BD,BGD,Chattogram,Chattogram,BD-B,division,,1796.9,,,3,Asia/Dhaka,FALSE,1050485391
Āguāndi,Aguandi,,23.7573,90.6979,Bangladesh,BD,BGD,Dhaka,Dhaka,BD-C,district,,2881.4,,,2,Asia/Dhaka,FALSE,1050745482
Dudher Char,Dudher Char,,24.9143,90.1825,Bangladesh,BD,BGD,Mymensingh,Mymensingh,BD-H,division,,1104.4,,,3,Asia/Dhaka,FALSE,1050572820
Kādair,Kadair,,23.8327,90.8726,Bangladesh,BD,BGD,Chattogram,Chattogram,BD-B,division,,1724.9,,,3,Asia/Dhaka,FALSE,1050596191
Sālti,Salti,,25.4701,89.1837,Bangladesh,BD,BGD,Rangpur,Rangpur,BD-F,division,,1009.2,,,3,Asia/Dhaka,FALSE,1050318566
Sabdolpur,Sabdolpur,Sābdalpur,23.5049,90.8807,Bangladesh,BD,BGD,Chattogram,Chattogram,BD-B,division,,1784.2,,,3,Asia/Dhaka,FALSE,1050931130
Yeasinnagar,Yeasinnagar,,22.5730,91.8977,Bangladesh,BD,BGD,Chattogram,Chattogram,BD-B,division,,1512.4,,,3,Asia/Dhaka,FALSE,1050629038
Battali,Battali,,23.9140,90.7882,Bangladesh,BD,BGD,Dhaka,Dhaka,BD-C,district,,2310.5,,,2,Asia/Dhaka,FALSE,1050314367
Battali,Battali,,22.1967,91.8647,Bangladesh,BD,BGD,Chattogram,Chattogram,BD-B,division,,1805.9,,,3,Asia/Dhaka,FALSE,1050466120
Battali,Battali,,22.9500,90.9167,Bangladesh,BD,BGD,Chattogram,Chattogram,BD-B,division,,1633.2,,,3,Asia/Dhaka,TRUE,1050807556
Battali,Battali,,22.6590,91.9978,Bangladesh,BD,BGD,Chattogram,Chattogram,BD-B,division,,283.5,,,3,Asia/Dhaka,TRUE,1050463418
Battali,Battali,,24.4754,88.4119,Bangladesh,BD,BGD,Rājshāhi,Rajshahi,BD-E,division,,848.5,,,3,Asia/Dhaka,FALSE,1050983944
Battali,Battali,,25.1785,88.6149,Bangladesh,BD,BGD,Rājshāhi,Rajshahi,BD-E,division,,661.6,,,3,Asia/Dhaka,TRUE,1050482748
Battali,Battali,Bartali,24.6522,88.4188,Bangladesh,BD,BGD,Rājshāhi,Rajshahi,BD-E,division,,585.5,,,3,Asia/Dhaka,TRUE,1050033449
Battali,Battali,,23.8748,89.0891,Bangladesh,BD,BGD,Khulna,Khulna,BD-D,division,,1785.0,,,3,Asia/Dhaka,FALSE,1050000041
Battali,Battali,,26.1981,88.7450,Bangladesh,BD,BGD,Rangpur,Rangpur,BD-F,division,,861.6,,,3,Asia/Dhaka,FALSE,1050728669
Battali,Battali,,25.8815,88.1503,Bangladesh,BD,BGD,Rangpur,Rangpur,BD-F,division,,839.3,,,3,Asia/Dhaka,TRUE,1050073023
Rāyān,Rayan,,23.9174,90.5027,Bangladesh,BD,BGD,Dhaka,Dhaka,BD-C,district,,2849.6,,,2,Asia/Dhaka,FALSE,1050360397
Khetaberpara,Khetaberpara,,25.4492,89.1999,Bangladesh,BD,BGD,Rangpur,Rangpur,BD-F,division,,1009.2,,,3,Asia/Dhaka,FALSE,1050659782
Goalkanda,Goalkanda,,25.3654,89.7963,Bangladesh,BD,BGD,Mymensingh,Mymensingh,BD-H,division,,1507.2,,,3,Asia/Dhaka,FALSE,1050235832
Jafarpara,Jafarpara,,25.4105,89.2287,Bangladesh,BD,BGD,Rangpur,Rangpur,BD-F,division,,1009.2,,,3,Asia/Dhaka,FALSE,1050243527
East Chhitki,East Chhitki,,22.4822,90.1622,Bangladesh,BD,BGD,Barishal,Barishal,BD-A,division,,852.2,,,3,Asia/Dhaka,FALSE,1050079471
Kāitha,Kaitha,,25.8406,88.1865,Bangladesh,BD,BGD,Rangpur,Rangpur,BD-F,division,,838.8,,,3,Asia/Dhaka,FALSE,1050009772
Jalma,Jalma,,22.7450,89.5251,Bangladesh,BD,BGD,Khulna,Khulna,BD-D,division,,748.6,,,3,Asia/Dhaka,FALSE,1050684766
Bir Chhātiān,Bir Chhatian,,23.9416,89.8002,Bangladesh,BD,BGD,Dhaka,Dhaka,BD-C,division,,993.5,,,3,Asia/Dhaka,FALSE,1050070648
Upādi,Upadi,,23.3333,90.7333,Bangladesh,BD,BGD,Chattogram,Chattogram,BD-B,division,,1641.7,,,3,Asia/Dhaka,FALSE,1050334222
Banamālipāra,Banamalipara,,24.9084,89.3733,Bangladesh,BD,BGD,Rājshāhi,Rajshahi,BD-E,division,,3497.0,,,2,Asia/Dhaka,FALSE,1050803904
Char Nalua,Char Nalua,,22.0326,90.6149,Bangladesh,BD,BGD,Khulna,Khulna,BD-D,division,,723.0,,,3,Asia/Dhaka,FALSE,1050000043
Baro Samaspur,Baro Samaspur,,24.7477,88.4745,Bangladesh,BD,BGD,Rājshāhi,Rajshahi,BD-E,division,,599.9,,,3,Asia/Dhaka,FALSE,1050571546
Dāmodardi,Damodardi,,23.5448,89.6655,Bangladesh,BD,BGD,Dhaka,Dhaka,BD-C,division,,1034.3,,,3,Asia/Dhaka,FALSE,1050106694
Dāmodardi,Damodardi,,23.3167,90.6667,Bangladesh,BD,BGD,Chattogram,Chattogram,BD-B,division,,2202.9,,,2,Asia/Dhaka,FALSE,1050305038
Kulia,Kulia,,22.6417,88.9873,Bangladesh,BD,BGD,Khulna,Khulna,BD-D,division,,1302.7,,,3,Asia/Dhaka,FALSE,1050004740
Kulia,Kulia,,23.0405,89.0656,Bangladesh,BD,BGD,Khulna,Khulna,BD-D,division,,1079.7,,,3,Asia/Dhaka,TRUE,1050591472
Kulia,Kulia,,23.2355,88.8978,Bangladesh,BD,BGD,Khulna,Khulna,BD-D,division,,851.5,,,3,Asia/Dhaka,TRUE,1050809241
Kulia,Kulia,,23.2861,88.7657,Bangladesh,BD,BGD,Khulna,Khulna,BD-D,division,,840.8,,,3,Asia/Dhaka,TRUE,1050333398
Kulia,Kulia,,22.9067,89.7551,Bangladesh,BD,BGD,Khulna,Khulna,BD-D,division,,601.9,,,3,Asia/Dhaka,TRUE,1050573916
Hāsan Nagar,Hasan Nagar,,22.4844,90.8049,Bangladesh,BD,BGD,Barishal,Barishal,BD-A,division,,909.8,,,3,Asia/Dhaka,FALSE,1050147242
Hasan Nāgar,Hasan Nagar,,21.9552,90.6912,Bangladesh,BD,BGD,Barishal,Barishal,BD-A,division,,723.0,,,3,Asia/Dhaka,TRUE,1050152181
Kashina,Kashina,Kāshināthpur|Kāsināthpur|Kashinatpur,23.9657,89.6076,Bangladesh,BD,BGD,Rājshāhi,Rajshahi,BD-E,division,,989.9,,,3,Asia/Dhaka,FALSE,1050019169
Rukual,Rukual,,25.0563,89.7888,Bangladesh,BD,BGD,Mymensingh,Mymensingh,BD-H,division,,1408.5,,,3,Asia/Dhaka,FALSE,1050938319
Bri Chāpārkona,Bri Chaparkona,,24.8833,90.8833,Bangladesh,BD,BGD,Mymensingh,Mymensingh,BD-H,division,,912.2,,,3,Asia/Dhaka,FALSE,1050798907
Bethamari,Bethamari,,25.3113,89.2503,Bangladesh,BD,BGD,Rangpur,Rangpur,BD-F,division,,902.5,,,3,Asia/Dhaka,FALSE,1050686002
Padamdi,Padamdi,,23.7080,89.1489,Bangladesh,BD,BGD,Khulna,Khulna,BD-D,division,,1084.0,,,3,Asia/Dhaka,FALSE,1050629624
Padamdi,Padamdi,,23.6774,89.5470,Bangladesh,BD,BGD,Dhaka,Dhaka,BD-C,division,,929.0,,,3,Asia/Dhaka,FALSE,1050202159
Kālikāpur,Kalikapur,,24.7561,90.3519,Bangladesh,BD,BGD,Mymensingh,Mymensingh,BD-H,division,,2335.8,,,2,Asia/Dhaka,FALSE,1050509438
Kālikāpur,Kalikapur,,24.7322,90.1611,Bangladesh,BD,BGD,Mymensingh,Mymensingh,BD-H,division,,1490.9,,,3,Asia/Dhaka,TRUE,1050271045
Sundandi,Sundandi,,24.0428,90.7354,Bangladesh,BD,BGD,Dhaka,Dhaka,BD-C,division,,1548.1,,,3,Asia/Dhaka,FALSE,1050814663
Kharampur,Kharampur,,23.7686,88.7571,Bangladesh,BD,BGD,Khulna,Khulna,BD-D,division,,968.4,,,3,Asia/Dhaka,FALSE,1050844338
Kālikāpur,Kalikapur,,22.8049,90.3315,Bangladesh,BD,BGD,Barishal,Barishal,BD-A,division,,889.3,,,3,Asia/Dhaka,FALSE,1050819153
Kālikāpur,Kalikapur,,22.8208,90.5494,Bangladesh,BD,BGD,Barishal,Barishal,BD-A,division,,863.6,,,3,Asia/Dhaka,TRUE,1050415184
Kālikāpur,Kalikapur,,22.9574,90.4806,Bangladesh,BD,BGD,Barishal,Barishal,BD-A,division,,694.8,,,3,Asia/Dhaka,TRUE,1050517634
Kalikapur,Kalikapur,Kamlāpur|Kamalpur,23.3662,91.2067,Bangladesh,BD,BGD,Chattogram,Chattogram,BD-B,division,,3133.9,,,2,Asia/Dhaka,FALSE,1050536532
Kālikāpur,Kalikapur,South Kalikapur,22.9500,91.0500,Bangladesh,BD,BGD,Chattogram,Chattogram,BD-B,division,,2638.6,,,2,Asia/Dhaka,TRUE,1050294363
Kālīkāpur,Kalikapur,North Kalikapur,23.0314,91.0849,Bangladesh,BD,BGD,Chattogram,Chattogram,BD-B,division,,2162.1,,,2,Asia/Dhaka,TRUE,1050468288
Kālikāpur,Kalikapur,,23.0339,90.8604,Bangladesh,BD,BGD,Chattogram,Chattogram,BD-B,division,,1974.3,,,3,Asia/Dhaka,TRUE,1050405313
Kālikāpur,Kalikapur,,23.2667,91.0167,Bangladesh,BD,BGD,Chattogram,Chattogram,BD-B,division,,1878.6,,,3,Asia/Dhaka,TRUE,1050169095
Kālīkāpur,Kalikapur,,23.3100,91.2925,Bangladesh,BD,BGD,Chattogram,Chattogram,BD-B,division,,1854.7,,,3,Asia/Dhaka,TRUE,1050395746
Kālikāpur,Kalikapur,Kalikarpur,23.6926,90.7807,Bangladesh,BD,BGD,Chattogram,Chattogram,BD-B,division,,1774.1,,,3,Asia/Dhaka,TRUE,1050309443
Kālikāpur,Kalikapur,,23.3667,90.8000,Bangladesh,BD,BGD,Chattogram,Chattogram,BD-B,division,,1652.0,,,3,Asia/Dhaka,TRUE,1050705303
Kālikāpur,Kalikapur,,23.8667,90.7500,Bangladesh,BD,BGD,Dhaka,Dhaka,BD-C,district,,4260.3,,,2,Asia/Dhaka,FALSE,1050715344
Kālikāpur,Kalikapur,,23.9579,90.9487,Bangladesh,BD,BGD,Dhaka,Dhaka,BD-C,district,,2121.0,,,2,Asia/Dhaka,TRUE,1050779584
Kālikāpur,Kalikapur,,24.2794,90.8800,Bangladesh,BD,BGD,Dhaka,Dhaka,BD-C,division,,1582.7,,,3,Asia/Dhaka,TRUE,1050999157
Kālikāpur,Kalikapur,,23.2277,90.2022,Bangladesh,BD,BGD,Dhaka,Dhaka,BD-C,district,,1225.8,,,3,Asia/Dhaka,TRUE,1050880040
Kālikāpur,Kalikapur,,23.7717,89.9129,Bangladesh,BD,BGD,Dhaka,Dhaka,BD-C,division,,1041.1,,,3,Asia/Dhaka,TRUE,1050264969
Kālikāpur,Kalikapur,,23.8774,89.7986,Bangladesh,BD,BGD,Dhaka,Dhaka,BD-C,division,,1002.5,,,3,Asia/Dhaka,TRUE,1050898869
Kālikāpur,Kalikapur,,24.4216,90.0644,Bangladesh,BD,BGD,Dhaka,Dhaka,BD-C,division,,998.9,,,3,Asia/Dhaka,TRUE,1050505595
Kālikāpur,Kalikapur,,23.7820,89.4513,Bangladesh,BD,BGD,Dhaka,Dhaka,BD-C,division,,844.8,,,3,Asia/Dhaka,TRUE,1050190916
Kālikāpur,Kalikapur,,22.3571,90.3259,Bangladesh,BD,BGD,Khulna,Khulna,BD-D,division,,1115.6,,,3,Asia/Dhaka,FALSE,1050941111
Kālikāpur,Kalikapur,,22.4223,90.3770,Bangladesh,BD,BGD,Khulna,Khulna,BD-D,division,,1115.2,,,3,Asia/Dhaka,TRUE,1050992164
Kālikāpur,Kalikapur,,23.2022,89.3022,Bangladesh,BD,BGD,Khulna,Khulna,BD-D,division,,878.8,,,3,Asia/Dhaka,TRUE,1050131347
Kalikāpur,Kalikapur,,22.4129,90.2677,Bangladesh,BD,BGD,Khulna,Khulna,BD-D,division,,868.9,,,3,Asia/Dhaka,TRUE,1050867408
Kālikāpur,Kalikapur,Kālikāpur Bara,22.3981,89.1479,Bangladesh,BD,BGD,Khulna,Khulna,BD-D,division,,773.4,,,3,Asia/Dhaka,TRUE,1050242121
Kālikāpur,Kalikapur,,22.7032,89.4207,Bangladesh,BD,BGD,Khulna,Khulna,BD-D,division,,669.8,,,3,Asia/Dhaka,TRUE,1050460382
Kālikāpur,Kalikapur,,22.4182,89.3287,Bangladesh,BD,BGD,Khulna,Khulna,BD-D,division,,154.7,,,4,Asia/Dhaka,TRUE,1050548367
Kālikāpur,Kalikapur,,23.9450,89.2408,Bangladesh,BD,BGD,Rājshāhi,Rajshahi,BD-E,division,,1354.7,,,3,Asia/Dhaka,FALSE,1050149090
Kalikapur,Kalikapur,Kālīkābāri,23.8755,89.6552,Bangladesh,BD,BGD,Rājshāhi,Rajshahi,BD-E,division,,1340.2,,,3,Asia/Dhaka,TRUE,1050738733
Kālikāpur,Kalikapur,,24.6168,88.7960,Bangladesh,BD,BGD,Rājshāhi,Rajshahi,BD-E,division,,1113.9,,,3,Asia/Dhaka,TRUE,1050155802
Kālikāpur,Kalikapur,,24.3440,88.8959,Bangladesh,BD,BGD,Rājshāhi,Rajshahi,BD-E,division,,1099.9,,,3,Asia/Dhaka,TRUE,1050802735
Kālikāpur,Kalikapur,Dosatina Kālikāpur|Doslina Kalikapur,24.8006,88.7009,Bangladesh,BD,BGD,Rājshāhi,Rajshahi,BD-E,division,,1004.9,,,3,Asia/Dhaka,TRUE,1050461298
Kālikāpur,Kalikapur,,24.6914,88.7537,Bangladesh,BD,BGD,Rājshāhi,Rajshahi,BD-E,division,,1004.9,,,3,Asia/Dhaka,TRUE,1050496531
Kālikāpur,Kalikapur,,23.9439,89.5940,Bangladesh,BD,BGD,Rājshāhi,Rajshahi,BD-E,division,,912.3,,,3,Asia/Dhaka,TRUE,1050814438
Kalikāpur,Kalikapur,,23.8315,89.5658,Bangladesh,BD,BGD,Rājshāhi,Rajshahi,BD-E,division,,912.3,,,3,Asia/Dhaka,TRUE,1050145888
Kālikāpur,Kalikapur,,25.7447,88.7071,Bangladesh,BD,BGD,Rangpur,Rangpur,BD-F,division,,1506.6,,,3,Asia/Dhaka,FALSE,1050301463
Kālikāpur,Kalikapur,,25.9349,88.9727,Bangladesh,BD,BGD,Rangpur,Rangpur,BD-F,division,,1337.4,,,3,Asia/Dhaka,TRUE,1050462300
Kālikāpur,Kalikapur,,26.0013,89.1741,Bangladesh,BD,BGD,Rangpur,Rangpur,BD-F,division,,1158.5,,,3,Asia/Dhaka,TRUE,1050695461
Kālikāpur,Kalikapur,,25.6034,88.9858,Bangladesh,BD,BGD,Rangpur,Rangpur,BD-F,division,,938.9,,,3,Asia/Dhaka,TRUE,1050200606
Kalikapur,Kalikapur,,25.6199,89.7995,Bangladesh,BD,BGD,Rangpur,Rangpur,BD-F,division,,852.7,,,3,Asia/Dhaka,TRUE,1050114319
Kalikapur,Kalikapur,,25.5093,89.7703,Bangladesh,BD,BGD,Rangpur,Rangpur,BD-F,division,,778.0,,,3,Asia/Dhaka,TRUE,1050321788
Kālikāpur,Kalikapur,,26.2398,88.4211,Bangladesh,BD,BGD,Rangpur,Rangpur,BD-F,division,,706.9,,,3,Asia/Dhaka,TRUE,1050387467
Kālikāpur,Kalikapur,,24.2087,91.5663,Bangladesh,BD,BGD,Sylhet,Sylhet,BD-G,division,,705.6,,,3,Asia/Dhaka,FALSE,1050624436
Arazi Haragabinda,Arazi Haragabinda,,25.7564,89.3454,Bangladesh,BD,BGD,Rangpur,Rangpur,BD-F,division,,1685.3,,,3,Asia/Dhaka,FALSE,1050358095
Chhināi,Chhinai,,25.8833,89.5885,Bangladesh,BD,BGD,Rangpur,Rangpur,BD-F,division,,1184.9,,,3,Asia/Dhaka,FALSE,1050016395
Malidāha,Malidaha,Mālidaha,25.1624,88.9919,Bangladesh,BD,BGD,Rājshāhi,Rajshahi,BD-E,division,,928.2,,,3,Asia/Dhaka,FALSE,1050949568
Chhallābania,Chhallabania,,22.2543,90.3385,Bangladesh,BD,BGD,Khulna,Khulna,BD-D,division,,465.8,,,3,Asia/Dhaka,FALSE,1050642548
Parsuram Khuti,Parsuram Khuti,,26.0802,89.7674,Bangladesh,BD,BGD,Rangpur,Rangpur,BD-F,division,,1180.8,,,3,Asia/Dhaka,FALSE,1050617909
Ballabhdi,Ballabhdi,,23.7509,90.6477,Bangladesh,BD,BGD,Dhaka,Dhaka,BD-C,district,,2881.4,,,2,Asia/Dhaka,FALSE,1050715938
Ballabhdi,Ballabhdi,,23.2425,90.1317,Bangladesh,BD,BGD,Dhaka,Dhaka,BD-C,division,,1225.8,,,3,Asia/Dhaka,TRUE,1050960553
Uttar Mulgrām,Uttar Mulgram,,23.8227,89.2457,Bangladesh,BD,BGD,Khulna,Khulna,BD-D,division,,1181.3,,,3,Asia/Dhaka,FALSE,1050051906
Bil Jalangi,Bil Jalangi,,24.4833,90.1000,Bangladesh,BD,BGD,Dhaka,Dhaka,BD-C,district,,998.9,,,3,Asia/Dhaka,FALSE,1050690190
Mājhirkāta,Majhirkata,Mājihikāta,21.4578,92.0864,Bangladesh,BD,BGD,Chattogram,Chattogram,BD-B,division,,860.0,,,3,Asia/Dhaka,FALSE,1050926153
Chikanyakarbārīpāra,Chikanyakarbaripara,,22.9333,92.1471,Bangladesh,BD,BGD,Chattogram,Chattogram,BD-B,division,,190.3,,,4,Asia/Dhaka,FALSE,1050694477
Baherpur,Baherpur,,23.8405,89.0020,Bangladesh,BD,BGD,Khulna,Khulna,BD-D,division,,1144.7,,,3,Asia/Dhaka,FALSE,1050439335
Ātiknagar,Atiknagar,,23.5833,90.6500,Bangladesh,BD,BGD,Chattogram,Chattogram,BD-B,division,,1432.7,,,3,Asia/Dhaka,FALSE,1050996272
Kutiāil,Kutiail,,25.5330,88.8388,Bangladesh,BD,BGD,Rangpur,Rangpur,BD-F,division,,992.9,,,3,Asia/Dhaka,FALSE,1050574123
Ratnābati,Ratnabati,,23.4833,91.1667,Bangladesh,BD,BGD,Chattogram,Chattogram,BD-B,division,,5191.5,,,2,Asia/Dhaka,FALSE,1050133892
West Gobindapur,West Gobindapur,Gobindapur,23.3215,90.9837,Bangladesh,BD,BGD,Chattogram,Chattogram,BD-B,division,,1878.6,,,3,Asia/Dhaka,FALSE,1050001002
Nimārpāra,Nimarpara,,24.9833,89.3667,Bangladesh,BD,BGD,Rājshāhi,Rajshahi,BD-E,division,,2481.2,,,2,Asia/Dhaka,FALSE,1050185227
Nimārpāra,Nimarpara,,24.9827,89.4903,Bangladesh,BD,BGD,Rājshāhi,Rajshahi,BD-E,division,,1579.0,,,3,Asia/Dhaka,TRUE,1050151290
Srikhandi,Srikhandi,,25.2373,89.3168,Bangladesh,BD,BGD,Rangpur,Rangpur,BD-F,division,,1443.0,,,3,Asia/Dhaka,FALSE,1050474095
Mahmudalipur,Mahmudalipur,,22.5678,88.9754,Bangladesh,BD,BGD,Khulna,Khulna,BD-D,division,,1153.1,,,3,Asia/Dhaka,FALSE,1050800123
Parballi,Parballi,Paraballi,25.0660,92.0354,Bangladesh,BD,BGD,Sylhet,Sylhet,BD-G,division,,669.6,,,3,Asia/Dhaka,FALSE,1050221326
Āurjug,Aurjug,,23.3492,89.7516,Bangladesh,BD,BGD,Dhaka,Dhaka,BD-C,district,,803.8,,,3,Asia/Dhaka,FALSE,1050526516
Kāklāghari,Kaklaghari,,25.4101,88.9500,Bangladesh,BD,BGD,Rangpur,Rangpur,BD-F,division,,986.7,,,3,Asia/Dhaka,FALSE,1050686409
Daudkhālī,Daudkhali,,22.9229,88.9076,Bangladesh,BD,BGD,Khulna,Khulna,BD-D,division,,1432.3,,,3,Asia/Dhaka,FALSE,1050422925
Jhoola Bazar,Jhoola Bazar,Jhāola,24.7167,90.8783,Bangladesh,BD,BGD,Mymensingh,Mymensingh,BD-H,division,,725.2,,,3,Asia/Dhaka,FALSE,1050578052
Dāudkhāli,Daudkhali,,22.3500,90.0500,Bangladesh,BD,BGD,Barishal,Barishal,BD-A,division,,785.0,,,3,Asia/Dhaka,FALSE,1050546791
Deulpāra,Deulpara,Deulparah,23.6758,90.4619,Bangladesh,BD,BGD,Dhaka,Dhaka,BD-C,district,,22956.3,,,2,Asia/Dhaka,FALSE,1050155265
Chotta Dūdpātila,Chotta Dudpatila,,23.5528,88.7896,Bangladesh,BD,BGD,Khulna,Khulna,BD-D,division,,983.1,,,3,Asia/Dhaka,FALSE,1050886844
Bil Iswardi,Bil Iswardi,,23.1821,89.8558,Bangladesh,BD,BGD,Dhaka,Dhaka,BD-C,division,,713.2,,,3,Asia/Dhaka,FALSE,1050634940
Bāgra,Bagra,,25.5346,88.9483,Bangladesh,BD,BGD,Rangpur,Rangpur,BD-F,division,,938.9,,,3,Asia/Dhaka,FALSE,1050841997
Amudpur,Amudpur,Āmudpur,24.6423,90.5442,Bangladesh,BD,BGD,Mymensingh,Mymensingh,BD-H,division,,1393.1,,,3,Asia/Dhaka,FALSE,1050897644
Āmudpur,Amudpur,,24.5500,90.6333,Bangladesh,BD,BGD,Mymensingh,Mymensingh,BD-H,division,,1389.6,,,3,Asia/Dhaka,TRUE,1050127875
Bhātra,Bhatra,,24.9979,89.2179,Bangladesh,BD,BGD,Rājshāhi,Rajshahi,BD-E,division,,1355.6,,,3,Asia/Dhaka,FALSE,1050136024
Bhātra,Bhatra,,24.6678,89.2036,Bangladesh,BD,BGD,Rājshāhi,Rajshahi,BD-E,division,,739.5,,,3,Asia/Dhaka,TRUE,1050928984
Shāistānagar,Shaistanagar,Sayestanagar,22.9500,91.2000,Bangladesh,BD,BGD,Chattogram,Chattogram,BD-B,division,,2084.3,,,2,Asia/Dhaka,FALSE,1050080508
Shāistānagar,Shaistanagar,Sāyestānagar,23.5030,90.7946,Bangladesh,BD,BGD,Chattogram,Chattogram,BD-B,division,,1796.9,,,3,Asia/Dhaka,TRUE,1050980323
Karimpur,Karimpur,,25.3382,89.3236,Bangladesh,BD,BGD,Rangpur,Rangpur,BD-F,division,,1009.2,,,3,Asia/Dhaka,FALSE,1050266482
Karimpur,Karimpur,,25.9411,88.7135,Bangladesh,BD,BGD,Rangpur,Rangpur,BD-F,division,,865.1,,,3,Asia/Dhaka,TRUE,1050805112
Karimpur,Karimpur,,25.3469,89.1534,Bangladesh,BD,BGD,Rangpur,Rangpur,BD-F,division,,766.6,,,3,Asia/Dhaka,TRUE,1050559990
Tarai Kāndi,Tarai Kandi,,25.0681,90.5028,Bangladesh,BD,BGD,Mymensingh,Mymensingh,BD-H,division,,803.1,,,3,Asia/Dhaka,FALSE,1050367296
Bāgra,Bagra,,23.6667,91.1500,Bangladesh,BD,BGD,Chattogram,Chattogram,BD-B,division,,1808.6,,,3,Asia/Dhaka,FALSE,1050301506
Sonāmayi,Sonamayi,,23.6599,90.6292,Bangladesh,BD,BGD,Dhaka,Dhaka,BD-C,district,,3456.4,,,2,Asia/Dhaka,FALSE,1050394641
Rāmshankarpur,Ramshankarpur,Rāmsankarpur,24.0746,90.9916,Bangladesh,BD,BGD,Dhaka,Dhaka,BD-C,district,,3234.3,,,2,Asia/Dhaka,FALSE,1050538157
Karimpur,Karimpur,,23.7841,89.1408,Bangladesh,BD,BGD,Khulna,Khulna,BD-D,division,,1785.0,,,3,Asia/Dhaka,FALSE,1050554561
Karimpur,Karimpur,,23.7471,89.0105,Bangladesh,BD,BGD,Khulna,Khulna,BD-D,division,,1544.0,,,3,Asia/Dhaka,TRUE,1050961238
Karimpur,Karimpur,,23.5784,89.2196,Bangladesh,BD,BGD,Khulna,Khulna,BD-D,division,,1093.4,,,3,Asia/Dhaka,TRUE,1050317349
Karimpur,Karimpur,,23.1839,89.3922,Bangladesh,BD,BGD,Khulna,Khulna,BD-D,division,,878.8,,,3,Asia/Dhaka,TRUE,1050050694
Karimpur,Karimpur,,22.1097,90.6742,Bangladesh,BD,BGD,Khulna,Khulna,BD-D,division,,723.0,,,3,Asia/Dhaka,TRUE,1050671957
Ikarkāndi,Ikarkandi,,23.1856,90.4506,Bangladesh,BD,BGD,Dhaka,Dhaka,BD-C,district,,1056.4,,,3,Asia/Dhaka,FALSE,1050897395
Dolukhil,Dolukhil,,22.7465,91.7884,Bangladesh,BD,BGD,Chattogram,Chattogram,BD-B,division,,785.5,,,3,Asia/Dhaka,FALSE,1050668537
Boldia,Boldia,Baldia,22.7889,90.0581,Bangladesh,BD,BGD,Barishal,Barishal,BD-A,division,,1208.7,,,3,Asia/Dhaka,FALSE,1050001402
Boldia,Boldia,,25.7774,88.3353,Bangladesh,BD,BGD,Rangpur,Rangpur,BD-F,division,,727.3,,,3,Asia/Dhaka,FALSE,1050374296
Ektiārpur,Ektiarpur,,25.8903,88.4344,Bangladesh,BD,BGD,Rangpur,Rangpur,BD-F,division,,727.3,,,3,Asia/Dhaka,FALSE,1050552676
Ektiarpur,Ektiarpur,Ektiārpur Tatibanda,23.9391,89.0606,Bangladesh,BD,BGD,Khulna,Khulna,BD-D,division,,1144.7,,,3,Asia/Dhaka,FALSE,1050459063
Arjjunhār,Arjjunhar,Arjunhar,25.9799,88.6567,Bangladesh,BD,BGD,Rangpur,Rangpur,BD-F,division,,864.9,,,3,Asia/Dhaka,FALSE,1050809090
Bhabaninagar,Bhabaninagar,Kismatbhabaninagar|Kisāmat Bhabāninagar,24.7342,88.8371,Bangladesh,BD,BGD,Rājshāhi,Rajshahi,BD-E,division,,1562.8,,,3,Asia/Dhaka,FALSE,1050296897
Dighaltāri,Dighaltari,,25.8357,89.1014,Bangladesh,BD,BGD,Rangpur,Rangpur,BD-F,division,,1724.8,,,3,Asia/Dhaka,FALSE,1050001034
Dighaltari,Dighaltari,,25.8614,89.4794,Bangladesh,BD,BGD,Rangpur,Rangpur,BD-F,division,,1465.8,,,3,Asia/Dhaka,TRUE,1050172088
Dighaltari,Dighaltari,,26.0164,89.4103,Bangladesh,BD,BGD,Rangpur,Rangpur,BD-F,division,,1327.3,,,3,Asia/Dhaka,TRUE,1050331013
Dighaltari,Dighaltari,,26.1648,88.9958,Bangladesh,BD,BGD,Rangpur,Rangpur,BD-F,division,,1011.8,,,3,Asia/Dhaka,TRUE,1050511726
Daingpāra,Daingpara,,24.4733,88.3336,Bangladesh,BD,BGD,Rājshāhi,Rajshahi,BD-E,division,,848.5,,,3,Asia/Dhaka,FALSE,1050517414
Dākātia,Dakatia,,24.3661,90.2466,Bangladesh,BD,BGD,Mymensingh,Mymensingh,BD-H,division,,1110.0,,,3,Asia/Dhaka,FALSE,1050464673
Sātia,Satia,,24.6410,90.6620,Bangladesh,BD,BGD,Mymensingh,Mymensingh,BD-H,division,,1393.1,,,3,Asia/Dhaka,FALSE,1050390940
Qādirābad,Qadirabad,Kādirābād,22.8856,90.4317,Bangladesh,BD,BGD,Barishal,Barishal,BD-A,division,,863.6,,,3,Asia/Dhaka,FALSE,1050837721
Nandandura,Nandandura,Nandanura,24.7248,90.7795,Bangladesh,BD,BGD,Mymensingh,Mymensingh,BD-H,division,,1004.4,,,3,Asia/Dhaka,FALSE,1050874423
Jaua,Jaua,Jawa,24.9251,91.5492,Bangladesh,BD,BGD,Sylhet,Sylhet,BD-G,division,,1172.8,,,3,Asia/Dhaka,FALSE,1050130048
Gāvi Simul,Gavi Simul,,24.3970,90.6291,Bangladesh,BD,BGD,Mymensingh,Mymensingh,BD-H,division,,1235.1,,,3,Asia/Dhaka,FALSE,1050946908
Sursapur,Sursapur,Surjyapur,24.4733,88.6339,Bangladesh,BD,BGD,Rājshāhi,Rajshahi,BD-E,division,,1642.7,,,3,Asia/Dhaka,FALSE,1050246252
Qādirābād,Qadirabad,Kādirābād,24.5111,90.5957,Bangladesh,BD,BGD,Mymensingh,Mymensingh,BD-H,division,,1389.6,,,3,Asia/Dhaka,FALSE,1050396172
Satia,Satia,,23.8835,89.0014,Bangladesh,BD,BGD,Khulna,Khulna,BD-D,division,,1144.7,,,3,Asia/Dhaka,FALSE,1050595950
Kalcha,Kalcha,,25.9017,88.1530,Bangladesh,BD,BGD,Rangpur,Rangpur,BD-F,division,,839.3,,,3,Asia/Dhaka,FALSE,1050551691
Gārāngiya,Garangiya,,22.0311,92.0617,Bangladesh,BD,BGD,Chattogram,Chattogram,BD-B,division,,1362.4,,,3,Asia/Dhaka,FALSE,1050508247
Boālkhāli,Boalkhali,,21.5671,92.0592,Bangladesh,BD,BGD,Chattogram,Chattogram,BD-B,division,,2736.1,,,2,Asia/Dhaka,FALSE,1050774251
Boalkhāli,Boalkhali,,22.3017,91.9168,Bangladesh,BD,BGD,Chattogram,Chattogram,BD-B,division,,1892.4,,,3,Asia/Dhaka,TRUE,1050614163
Pānchari,Panchari,,22.6848,92.0325,Bangladesh,BD,BGD,Chattogram,Chattogram,BD-B,division,,283.5,,,3,Asia/Dhaka,FALSE,1050019084
Panchari,Panchari,,22.4103,92.2077,Bangladesh,BD,BGD,Chattogram,Chattogram,BD-B,division,,104.3,,,4,Asia/Dhaka,TRUE,1050276205
Pānchari,Panchari,Panchhari,22.6764,92.4096,Bangladesh,BD,BGD,Chattogram,Chattogram,BD-B,division,,73.2,,,4,Asia/Dhaka,TRUE,1050000612
Paihamara,Paihamara,,22.4297,89.8873,Bangladesh,BD,BGD,Khulna,Khulna,BD-D,division,,807.5,,,3,Asia/Dhaka,FALSE,1050771993
Diākul,Diakul,,22.1439,92.1161,Bangladesh,BD,BGD,Chattogram,Chattogram,BD-B,division,,1537.3,,,3,Asia/Dhaka,FALSE,1050524874
Diakul,Diakul,,22.6249,90.1846,Bangladesh,BD,BGD,Barishal,Barishal,BD-A,division,,1125.9,,,3,Asia/Dhaka,FALSE,1050000745
Chāpri,Chapri,,23.5950,89.5071,Bangladesh,BD,BGD,Dhaka,Dhaka,BD-C,division,,929.0,,,3,Asia/Dhaka,FALSE,1050833503
Chapri,Chapri,,23.5554,89.2342,Bangladesh,BD,BGD,Khulna,Khulna,BD-D,division,,1093.4,,,3,Asia/Dhaka,FALSE,1050000533
Kuchiāmora,Kuchiamora,,23.6833,90.5667,Bangladesh,BD,BGD,Dhaka,Dhaka,BD-C,district,,6791.4,,,2,Asia/Dhaka,FALSE,1050554462
Kuchiāmora,Kuchiamora,,23.6319,90.3465,Bangladesh,BD,BGD,Dhaka,Dhaka,BD-C,district,,1841.2,,,3,Asia/Dhaka,TRUE,1050000985
Kuchiāmora,Kuchiamora,,23.2374,90.1066,Bangladesh,BD,BGD,Dhaka,Dhaka,BD-C,district,,1152.5,,,3,Asia/Dhaka,TRUE,1050071171
Chhota Sansābād,Chhota Sansabad,,23.6652,90.1529,Bangladesh,BD,BGD,Dhaka,Dhaka,BD-C,district,,1538.9,,,3,Asia/Dhaka,FALSE,1050641755
Goālgrām,Goalgram,,23.2445,89.8149,Bangladesh,BD,BGD,Dhaka,Dhaka,BD-C,division,,713.2,,,3,Asia/Dhaka,TRUE,1050495364
Dherua Kareha,Dherua Kareha,,24.7797,90.7003,Bangladesh,BD,BGD,Mymensingh,Mymensingh,BD-H,division,,1628.0,,,3,Asia/Dhaka,FALSE,1050999035
Rārimahal,Rarimahal,,22.7366,90.3762,Bangladesh,BD,BGD,Barishal,Barishal,BD-A,division,,2141.8,,,2,Asia/Dhaka,FALSE,1050621133
Goālgrām,Goalgram,,25.5439,89.8323,Bangladesh,BD,BGD,Rangpur,Rangpur,BD-F,division,,905.8,,,3,Asia/Dhaka,FALSE,1050508953
Goālgrām,Goalgram,,25.0695,88.6748,Bangladesh,BD,BGD,Rājshāhi,Rajshahi,BD-E,division,,661.6,,,3,Asia/Dhaka,FALSE,1050595809
Goālgrām,Goalgram,Uttar Goalgram|Ākbarpur,23.9444,88.8180,Bangladesh,BD,BGD,Khulna,Khulna,BD-D,division,,1099.2,,,3,Asia/Dhaka,FALSE,1050909899
Dushya Nārāyanpur,Dushya Narayanpur,,24.1349,90.5445,Bangladesh,BD,BGD,Dhaka,Dhaka,BD-C,division,,1571.1,,,3,Asia/Dhaka,FALSE,1050999080
Taluk Satgachhi,Taluk Satgachhi,,25.5436,89.4242,Bangladesh,BD,BGD,Rangpur,Rangpur,BD-F,division,,1280.9,,,3,Asia/Dhaka,FALSE,1050989738
Ganakkhuli,Ganakkhuli,Ganakhuli,23.3167,91.0167,Bangladesh,BD,BGD,Chattogram,Chattogram,BD-B,division,,1878.6,,,3,Asia/Dhaka,FALSE,1050785759
Barap Bhitā,Barap Bhita,,23.1496,89.9236,Bangladesh,BD,BGD,Dhaka,Dhaka,BD-C,division,,783.8,,,3,Asia/Dhaka,FALSE,1050473460
Madhaya Sonaichari,Madhaya Sonaichari,Madhy Sonaischhari|Madhya Sonaichhari,22.4781,91.7189,Bangladesh,BD,BGD,Chattogram,Chattogram,BD-B,division,,2129.3,,,2,Asia/Dhaka,FALSE,1050520189
Harwalchhari,Harwalchhari,,22.7436,91.7086,Bangladesh,BD,BGD,Chattogram,Chattogram,BD-B,division,,785.5,,,3,Asia/Dhaka,FALSE,1050625677
Pārsāpila,Parsapila,,25.0206,88.9196,Bangladesh,BD,BGD,Rājshāhi,Rajshahi,BD-E,division,,781.8,,,3,Asia/Dhaka,FALSE,1050519767
Sonair Khamar,Sonair Khamar,,26.0245,89.6904,Bangladesh,BD,BGD,Rangpur,Rangpur,BD-F,division,,1105.5,,,3,Asia/Dhaka,FALSE,1050869281
Bāsāra,Basara,,23.2059,90.8161,Bangladesh,BD,BGD,Chattogram,Chattogram,BD-B,division,,1790.0,,,3,Asia/Dhaka,FALSE,1050650996
Bāghroil,Baghroil,,24.7666,88.4631,Bangladesh,BD,BGD,Rājshāhi,Rajshahi,BD-E,division,,587.2,,,3,Asia/Dhaka,FALSE,1050616869
Haldigāchhi,Haldigachhi,,24.2957,88.7644,Bangladesh,BD,BGD,Rājshāhi,Rajshahi,BD-E,division,,1413.3,,,3,Asia/Dhaka,FALSE,1050201865
Haldigāchhi,Haldigachhi,,24.3320,88.7431,Bangladesh,BD,BGD,Rājshāhi,Rajshahi,BD-E,division,,1413.3,,,3,Asia/Dhaka,TRUE,1050671192
Jasara,Jasara,,24.4720,90.5026,Bangladesh,BD,BGD,Mymensingh,Mymensingh,BD-H,division,,1235.1,,,3,Asia/Dhaka,FALSE,1050159004
Nichupāra,Nichupara,,24.6385,88.8571,Bangladesh,BD,BGD,Rājshāhi,Rajshahi,BD-E,division,,1113.9,,,3,Asia/Dhaka,FALSE,1050335969
Habakhāli,Habakhali,,23.2425,89.5250,Bangladesh,BD,BGD,Khulna,Khulna,BD-D,division,,821.3,,,3,Asia/Dhaka,FALSE,1050564182
Mithilāpur,Mithilapur,,23.5333,91.1167,Bangladesh,BD,BGD,Chattogram,Chattogram,BD-B,division,,2044.5,,,2,Asia/Dhaka,FALSE,1050852064
Char Rāmpur,Char Rampur,,23.1104,90.7083,Bangladesh,BD,BGD,Chattogram,Chattogram,BD-B,division,,1790.0,,,3,Asia/Dhaka,FALSE,1050693821
Ghātmājhi,Ghatmajhi,,23.1667,90.1833,Bangladesh,BD,BGD,Dhaka,Dhaka,BD-C,district,,1225.8,,,3,Asia/Dhaka,FALSE,1050146000
Atani Bāgāli,Atani Bagali,,22.4472,89.2425,Bangladesh,BD,BGD,Khulna,Khulna,BD-D,division,,512.2,,,3,Asia/Dhaka,FALSE,1050755227
Gilāpol,Gilapol,,23.0312,89.0005,Bangladesh,BD,BGD,Khulna,Khulna,BD-D,division,,1134.2,,,3,Asia/Dhaka,FALSE,1050000759
Gilāpol,Gilapol,,23.5743,89.0325,Bangladesh,BD,BGD,Khulna,Khulna,BD-D,division,,980.7,,,3,Asia/Dhaka,TRUE,1050408492
Uttamābād,Uttamabad,,22.6405,90.2426,Bangladesh,BD,BGD,Barishal,Barishal,BD-A,division,,855.0,,,3,Asia/Dhaka,FALSE,1050546126
Uttamābād,Uttamabad,,25.1686,88.9066,Bangladesh,BD,BGD,Rājshāhi,Rajshahi,BD-E,division,,624.4,,,3,Asia/Dhaka,FALSE,1050050847
Gurzipara,Gurzipara,Gurzīpāra,25.4846,89.2873,Bangladesh,BD,BGD,Rangpur,Rangpur,BD-F,division,,1009.2,,,3,Asia/Dhaka,FALSE,1050413020
Chak Khopa,Chak Khopa,,24.7743,88.7386,Bangladesh,BD,BGD,Rājshāhi,Rajshahi,BD-E,division,,1004.9,,,3,Asia/Dhaka,FALSE,1050205257
Hātārbhog,Hatarbhog,Hatar Bhong,23.3833,90.4000,Bangladesh,BD,BGD,Dhaka,Dhaka,BD-C,district,,959.7,,,3,Asia/Dhaka,FALSE,1050418109
Madhyam Sonakhali,Madhyam Sonakhali,,22.2441,89.9478,Bangladesh,BD,BGD,Khulna,Khulna,BD-D,division,,785.0,,,3,Asia/Dhaka,FALSE,1050257196
Tāluk Mānusmāra,Taluk Manusmara,,25.9366,88.9610,Bangladesh,BD,BGD,Rangpur,Rangpur,BD-F,division,,1347.4,,,3,Asia/Dhaka,FALSE,1050161067
Bhāngār Char,Bhangar Char,,23.6677,90.7747,Bangladesh,BD,BGD,Chattogram,Chattogram,BD-B,division,,1849.9,,,3,Asia/Dhaka,FALSE,1050869202
Knoār,Knoar,,23.2667,91.0833,Bangladesh,BD,BGD,Chattogram,Chattogram,BD-B,division,,1285.8,,,3,Asia/Dhaka,FALSE,1050100115
Chilādi,Chiladi,,22.8836,90.9176,Bangladesh,BD,BGD,Chattogram,Chattogram,BD-B,division,,1633.2,,,3,Asia/Dhaka,FALSE,1050095747
Kethli,Kethli,,24.9644,88.4702,Bangladesh,BD,BGD,Rājshāhi,Rajshahi,BD-E,division,,547.5,,,3,Asia/Dhaka,FALSE,1050508506
Halja,Halja,,25.5960,88.5065,Bangladesh,BD,BGD,Rangpur,Rangpur,BD-F,division,,807.5,,,3,Asia/Dhaka,FALSE,1050615307
Īdgaon,Idgaon,,21.5538,92.0663,Bangladesh,BD,BGD,Chattogram,Chattogram,BD-B,division,,2736.1,,,2,Asia/Dhaka,FALSE,1050653881
Sirājkāti Pābania,Sirajkati Pabania,Serajkanti Babunia,23.1330,90.0161,Bangladesh,BD,BGD,Dhaka,Dhaka,BD-C,district,,636.0,,,3,Asia/Dhaka,FALSE,1050643299
Perul,Perul,,23.2667,91.0000,Bangladesh,BD,BGD,Chattogram,Chattogram,BD-B,division,,1752.5,,,3,Asia/Dhaka,FALSE,1050540459
Kālukhāli Māth,Kalukhali Math,,23.8000,89.4667,Bangladesh,BD,BGD,Dhaka,Dhaka,BD-C,district,,1075.8,,,3,Asia/Dhaka,FALSE,1050672750
Cazokanda,Cazokanda,,25.1254,89.7850,Bangladesh,BD,BGD,Mymensingh,Mymensingh,BD-H,division,,880.8,,,3,Asia/Dhaka,FALSE,1050479912
Chāndāmiri,Chandamiri,,26.5308,88.3912,Bangladesh,BD,BGD,Rangpur,Rangpur,BD-F,division,,721.8,,,3,Asia/Dhaka,FALSE,1050536289
Belgachha,Belgachha,,25.0944,89.7156,Bangladesh,BD,BGD,Mymensingh,Mymensingh,BD-H,division,,1062.8,,,3,Asia/Dhaka,FALSE,1050654443
Hogatounia,Hogatounia,,22.1863,90.4218,Bangladesh,BD,BGD,Khulna,Khulna,BD-D,division,,442.5,,,3,Asia/Dhaka,FALSE,1050671314
Machhanyākāta,Machhanyakata,,21.8205,92.0388,Bangladesh,BD,BGD,Chattogram,Chattogram,BD-B,division,,1080.3,,,3,Asia/Dhaka,FALSE,1050666843
Uttar Burāirhāt,Uttar Burairhat,,23.8833,90.6667,Bangladesh,BD,BGD,Dhaka,Dhaka,BD-C,district,,4260.3,,,2,Asia/Dhaka,FALSE,1050682113
Thothingkhiang,Thothingkhiang,,22.8976,92.1527,Bangladesh,BD,BGD,Chattogram,Chattogram,BD-B,division,,190.3,,,4,Asia/Dhaka,FALSE,1050852922
Bri Kānthālia,Bri Kanthalia,,24.7000,90.6667,Bangladesh,BD,BGD,Mymensingh,Mymensingh,BD-H,division,,1588.3,,,3,Asia/Dhaka,FALSE,1050321385
Tengnāmāri,Tengnamari,,26.3669,89.0277,Bangladesh,BD,BGD,Rangpur,Rangpur,BD-F,division,,920.3,,,3,Asia/Dhaka,FALSE,1050215320
Chandandia,Chandandia,,23.9731,90.7537,Bangladesh,BD,BGD,Dhaka,Dhaka,BD-C,district,,1548.1,,,3,Asia/Dhaka,FALSE,1050735524
Hetālbunia,Hetalbunia,,22.3638,90.0918,Bangladesh,BD,BGD,Barishal,Barishal,BD-A,division,,852.2,,,3,Asia/Dhaka,FALSE,1050293520
Bara Sidhalkura,Bara Sidhalkura,,23.1178,90.4248,Bangladesh,BD,BGD,Dhaka,Dhaka,BD-C,district,,1277.8,,,3,Asia/Dhaka,FALSE,1050880044
Jaromānāi,Jaromanai,,25.5443,89.5346,Bangladesh,BD,BGD,Rangpur,Rangpur,BD-F,division,,1282.7,,,3,Asia/Dhaka,FALSE,1050543934
Hālghoshpāra,Halghoshpara,Halgoshpara,24.8705,88.9452,Bangladesh,BD,BGD,Rājshāhi,Rajshahi,BD-E,division,,1562.8,,,3,Asia/Dhaka,FALSE,1050387675
Kalukāti,Kalukati,,23.2992,90.4273,Bangladesh,BD,BGD,Dhaka,Dhaka,BD-C,division,,1414.8,,,3,Asia/Dhaka,FALSE,1050808500
Nandāpur,Nandapur,,24.5276,88.5014,Bangladesh,BD,BGD,Rājshāhi,Rajshahi,BD-E,division,,848.5,,,3,Asia/Dhaka,FALSE,1050145861
Rujdi,Rujdi,,23.5333,90.3333,Bangladesh,BD,BGD,Dhaka,Dhaka,BD-C,district,,1462.3,,,3,Asia/Dhaka,FALSE,1050836799
Sotāsi,Sotasi,Shotoshi,23.4132,89.6755,Bangladesh,BD,BGD,Dhaka,Dhaka,BD-C,district,,803.8,,,3,Asia/Dhaka,FALSE,1050907951
Sardhankuthi,Sardhankuthi,Sardhankuti,24.9454,89.4586,Bangladesh,BD,BGD,Rājshāhi,Rajshahi,BD-E,division,,1431.8,,,3,Asia/Dhaka,FALSE,1050481892
Pragpur,Pragpur,,23.8442,88.8975,Bangladesh,BD,BGD,Khulna,Khulna,BD-D,division,,1144.7,,,3,Asia/Dhaka,FALSE,1050036089
Prāgpur,Pragpur,,24.0089,88.7661,Bangladesh,BD,BGD,Khulna,Khulna,BD-D,division,,1099.2,,,3,Asia/Dhaka,TRUE,1050408745
Telihāta,Telihata,,24.9365,89.4560,Bangladesh,BD,BGD,Rājshāhi,Rajshahi,BD-E,division,,1431.8,,,3,Asia/Dhaka,FALSE,1050868490
Rāydum Sāitkāhan,Raydum Saitkahan,,24.7981,90.8054,Bangladesh,BD,BGD,Mymensingh,Mymensingh,BD-H,division,,819.5,,,3,Asia/Dhaka,FALSE,1050421205
Uttar Naohātta,Uttar Naohatta,Naohātta,23.9476,90.1161,Bangladesh,BD,BGD,Dhaka,Dhaka,BD-C,division,,1878.1,,,3,Asia/Dhaka,FALSE,1050676019
Gokulkhāli,Gokulkhali,,23.6981,88.7994,Bangladesh,BD,BGD,Khulna,Khulna,BD-D,division,,983.1,,,3,Asia/Dhaka,FALSE,1050270591
Takirkhāli,Takirkhali,,22.3768,90.3196,Bangladesh,BD,BGD,Khulna,Khulna,BD-D,division,,1115.6,,,3,Asia/Dhaka,FALSE,1050489588
Sanyāsir Char,Sanyasir Char,,25.2833,89.7000,Bangladesh,BD,BGD,Rangpur,Rangpur,BD-F,division,,692.7,,,3,Asia/Dhaka,FALSE,1050482652
Baher Khalshad,Baher Khalshad,Baher Khalishaduli|Bāher Khalisāduli,23.2500,90.7000,Bangladesh,BD,BGD,Chattogram,Chattogram,BD-B,division,,2669.4,,,2,Asia/Dhaka,FALSE,1050801738
Chhota Derāhār,Chhota Derahar,,24.6167,89.2333,Bangladesh,BD,BGD,Rājshāhi,Rajshahi,BD-E,division,,739.5,,,3,Asia/Dhaka,FALSE,1050644330
Kupdi,Kupdi,,23.6495,89.5791,Bangladesh,BD,BGD,Dhaka,Dhaka,BD-C,division,,929.0,,,3,Asia/Dhaka,FALSE,1050289128
Shānkhāria,Shankharia,Sankharia,24.8970,89.3696,Bangladesh,BD,BGD,Rājshāhi,Rajshahi,BD-E,division,,3497.0,,,2,Asia/Dhaka,FALSE,1050924692
Surla,Surla,,24.7022,88.4393,Bangladesh,BD,BGD,Rājshāhi,Rajshahi,BD-E,division,,585.0,,,3,Asia/Dhaka,FALSE,1050980506
Bāzeāpti Bhātra,Bazeapti Bhatra,,23.9101,89.9765,Bangladesh,BD,BGD,Dhaka,Dhaka,BD-C,division,,1687.0,,,3,Asia/Dhaka,FALSE,1050001224
Poasti Char,Poasti Char,,25.0112,89.9111,Bangladesh,BD,BGD,Mymensingh,Mymensingh,BD-H,division,,1491.6,,,3,Asia/Dhaka,FALSE,1050302031
Chak Sartāj,Chak Sartaj,,24.8339,89.4247,Bangladesh,BD,BGD,Rājshāhi,Rajshahi,BD-E,division,,3333.3,,,2,Asia/Dhaka,FALSE,1050857300
Bāliāghāta,Baliaghata,,23.2764,89.2189,Bangladesh,BD,BGD,Khulna,Khulna,BD-D,division,,1929.9,,,3,Asia/Dhaka,FALSE,1050004157
Mamdamari,Mamdamari,Māmādāmāri,25.1450,89.9008,Bangladesh,BD,BGD,Mymensingh,Mymensingh,BD-H,division,,1021.8,,,3,Asia/Dhaka,FALSE,1050407959
Bhiti Gobindapur,Bhiti Gobindapur,,23.6500,90.6167,Bangladesh,BD,BGD,Dhaka,Dhaka,BD-C,district,,3456.4,,,2,Asia/Dhaka,FALSE,1050188358
Amuria,Amuria,,23.3844,89.4429,Bangladesh,BD,BGD,Khulna,Khulna,BD-D,division,,1049.9,,,3,Asia/Dhaka,FALSE,1050706375
Āmuria,Amuria,,23.1771,89.4076,Bangladesh,BD,BGD,Khulna,Khulna,BD-D,division,,878.8,,,3,Asia/Dhaka,TRUE,1050425860
Amuria,Amuria,,23.0541,89.7823,Bangladesh,BD,BGD,Dhaka,Dhaka,BD-C,division,,901.9,,,3,Asia/Dhaka,FALSE,1050842372
Kālu Sahar,Kalu Sahar,,24.9810,88.7687,Bangladesh,BD,BGD,Rājshāhi,Rajshahi,BD-E,division,,808.0,,,3,Asia/Dhaka,FALSE,1050678537
Khārkhādia,Kharkhadia,,23.2026,90.7533,Bangladesh,BD,BGD,Chattogram,Chattogram,BD-B,division,,1790.0,,,3,Asia/Dhaka,FALSE,1050512355
Ayānatali,Ayanatali,,25.0764,90.2283,Bangladesh,BD,BGD,Mymensingh,Mymensingh,BD-H,division,,799.1,,,3,Asia/Dhaka,FALSE,1050000223
Mātiārpāra,Matiarpara,,26.0985,88.6935,Bangladesh,BD,BGD,Rangpur,Rangpur,BD-F,division,,861.6,,,3,Asia/Dhaka,FALSE,1050786739
Madal,Madal,,24.6853,90.4052,Bangladesh,BD,BGD,Mymensingh,Mymensingh,BD-H,division,,2335.8,,,2,Asia/Dhaka,FALSE,1050215163
Mādal,Madal,,24.8410,90.8102,Bangladesh,BD,BGD,Mymensingh,Mymensingh,BD-H,division,,823.8,,,3,Asia/Dhaka,TRUE,1050355305
Bagar Char,Bagar Char,,25.2456,89.8180,Bangladesh,BD,BGD,Mymensingh,Mymensingh,BD-H,division,,880.8,,,3,Asia/Dhaka,FALSE,1050355044
Hosainpur,Hosainpur,Hosenpur,24.9322,89.4353,Bangladesh,BD,BGD,Rājshāhi,Rajshahi,BD-E,division,,1431.8,,,3,Asia/Dhaka,FALSE,1050510721
Uttar Bil,Uttar Bil,,24.7000,88.8667,Bangladesh,BD,BGD,Rājshāhi,Rajshahi,BD-E,division,,757.4,,,3,Asia/Dhaka,FALSE,1050943736
Kāmārura,Kamarura,,24.8248,90.7201,Bangladesh,BD,BGD,Mymensingh,Mymensingh,BD-H,division,,1313.3,,,3,Asia/Dhaka,FALSE,1050239958
Chunia,Chunia,,24.6355,90.1217,Bangladesh,BD,BGD,Dhaka,Dhaka,BD-C,division,,802.7,,,3,Asia/Dhaka,FALSE,1050849264
Purba Haldibari,Purba Haldibari,,26.0657,89.0822,Bangladesh,BD,BGD,Rangpur,Rangpur,BD-F,division,,1205.4,,,3,Asia/Dhaka,FALSE,1050285427
Sikānika,Sikanika,Sikania,23.8153,90.9557,Bangladesh,BD,BGD,Chattogram,Chattogram,BD-B,division,,1682.3,,,3,Asia/Dhaka,FALSE,1050140477
Ghar Kānda,Ghar Kanda,,25.1036,90.1909,Bangladesh,BD,BGD,Mymensingh,Mymensingh,BD-H,division,,799.1,,,3,Asia/Dhaka,FALSE,1050447186
Agat Rikabi,Agat Rikabi,,25.2966,89.1322,Bangladesh,BD,BGD,Rangpur,Rangpur,BD-F,division,,932.4,,,3,Asia/Dhaka,FALSE,1050851412
Kultia,Kultia,,22.6318,89.1311,Bangladesh,BD,BGD,Khulna,Khulna,BD-D,division,,1286.2,,,3,Asia/Dhaka,FALSE,1050191480
Abutorābnagar,Abutorabnagar,,23.0759,90.9805,Bangladesh,BD,BGD,Chattogram,Chattogram,BD-B,division,,2106.8,,,2,Asia/Dhaka,FALSE,1050654351
Tangtangāti,Tangtangati,Tāngangāti,24.6512,90.6369,Bangladesh,BD,BGD,Mymensingh,Mymensingh,BD-H,division,,1393.1,,,3,Asia/Dhaka,FALSE,1050967088
Kāshiadānga,Kashiadanga,Kāsiadānga,24.3880,88.5399,Bangladesh,BD,BGD,Rājshāhi,Rajshahi,BD-E,division,,1648.3,,,3,Asia/Dhaka,FALSE,1050969880
Kāshiādanga,Kashiadanga,,24.8819,88.3689,Bangladesh,BD,BGD,Rājshāhi,Rajshahi,BD-E,division,,1008.6,,,3,Asia/Dhaka,TRUE,1050063377
Kāshiadānga,Kashiadanga,,25.1631,88.5480,Bangladesh,BD,BGD,Rājshāhi,Rajshahi,BD-E,division,,734.4,,,3,Asia/Dhaka,TRUE,1050101357
Kashiadanga,Kashiadanga,,25.2534,89.1022,Bangladesh,BD,BGD,Rangpur,Rangpur,BD-F,division,,989.8,,,3,Asia/Dhaka,FALSE,1050307702
Nāoda,Naoda,,25.2196,89.0132,Bangladesh,BD,BGD,Rājshāhi,Rajshahi,BD-E,division,,928.2,,,3,Asia/Dhaka,FALSE,1050287345
Naoda,Naoda,,23.3330,88.9567,Bangladesh,BD,BGD,Khulna,Khulna,BD-D,division,,840.8,,,3,Asia/Dhaka,FALSE,1050470460
Singraunda,Singraunda,Singrāund,24.7772,90.6493,Bangladesh,BD,BGD,Mymensingh,Mymensingh,BD-H,division,,1628.0,,,3,Asia/Dhaka,FALSE,1050134571
Paschim Shibbāri,Paschim Shibbari,,25.6895,89.6096,Bangladesh,BD,BGD,Rangpur,Rangpur,BD-F,division,,1090.9,,,3,Asia/Dhaka,FALSE,1050188554
Tikuri,Tikuri,,24.8167,89.0000,Bangladesh,BD,BGD,Rājshāhi,Rajshahi,BD-E,division,,1225.9,,,3,Asia/Dhaka,FALSE,1050299471
Chak Boāli,Chak Boali,Chak Boalia,24.9530,88.9746,Bangladesh,BD,BGD,Rājshāhi,Rajshahi,BD-E,division,,979.7,,,3,Asia/Dhaka,FALSE,1050477493
Eluahara Panbari,Eluahara Panbari,,25.6646,89.2187,Bangladesh,BD,BGD,Rangpur,Rangpur,BD-F,division,,1318.5,,,3,Asia/Dhaka,FALSE,1050799932
Kārttikpur,Karttikpur,,23.6324,90.0753,Bangladesh,BD,BGD,Dhaka,Dhaka,BD-C,district,,1538.9,,,3,Asia/Dhaka,FALSE,1050822037
Chhota Auliāpur,Chhota Auliapur,,22.2881,90.3600,Bangladesh,BD,BGD,Khulna,Khulna,BD-D,division,,442.5,,,3,Asia/Dhaka,FALSE,1050417573
Dosta,Dosta,,23.5568,88.8278,Bangladesh,BD,BGD,Khulna,Khulna,BD-D,division,,1231.8,,,3,Asia/Dhaka,FALSE,1050135883
Bholmāra,Bholmara,,22.1130,91.9097,Bangladesh,BD,BGD,Chattogram,Chattogram,BD-B,division,,1156.9,,,3,Asia/Dhaka,FALSE,1050490369
Chakshkārbārīpāra,Chakshkarbaripara,,23.4693,92.3170,Bangladesh,BD,BGD,Chattogram,Chattogram,BD-B,division,,70.6,,,4,Asia/Dhaka,FALSE,1050213066
Sarchāpur,Sarchapur,,24.9986,90.3459,Bangladesh,BD,BGD,Mymensingh,Mymensingh,BD-H,division,,1120.7,,,3,Asia/Dhaka,FALSE,1050998023
Nabīābād,Nabiabad,,23.5000,91.0167,Bangladesh,BD,BGD,Chattogram,Chattogram,BD-B,division,,2064.1,,,2,Asia/Dhaka,FALSE,1050607413
Nabīābād,Nabiabad,,23.7000,91.0167,Bangladesh,BD,BGD,Chattogram,Chattogram,BD-B,division,,1697.1,,,3,Asia/Dhaka,TRUE,1050581214
Jot Shashthi,Jot Shashthi,,25.6645,89.3149,Bangladesh,BD,BGD,Rangpur,Rangpur,BD-F,division,,1105.6,,,3,Asia/Dhaka,FALSE,1050327811
Char Dukria,Char Dukria,Char Dukhnia|Char Duhkhia,23.0719,90.7030,Bangladesh,BD,BGD,Chattogram,Chattogram,BD-B,division,,1790.0,,,3,Asia/Dhaka,FALSE,1050006762
Dakshingrām,Dakshingram,,24.6667,88.3833,Bangladesh,BD,BGD,Rājshāhi,Rajshahi,BD-E,division,,585.0,,,3,Asia/Dhaka,FALSE,1050404851
Purba Dhanbaria,Purba Dhanbaria,,23.7666,89.5325,Bangladesh,BD,BGD,Dhaka,Dhaka,BD-C,division,,844.8,,,3,Asia/Dhaka,FALSE,1050602880
Daudpur,Daudpur,,25.4069,89.4490,Bangladesh,BD,BGD,Rangpur,Rangpur,BD-F,division,,1373.4,,,3,Asia/Dhaka,FALSE,1050950036
Dāudpur,Daudpur,,25.5981,89.3631,Bangladesh,BD,BGD,Rangpur,Rangpur,BD-F,division,,1105.6,,,3,Asia/Dhaka,TRUE,1050792089
Daudpur,Daudpur,,25.3068,88.9602,Bangladesh,BD,BGD,Rangpur,Rangpur,BD-F,division,,810.5,,,3,Asia/Dhaka,TRUE,1050518088
Dakshin Āzmatpur,Dakshin Azmatpur,,23.6286,90.4689,Bangladesh,BD,BGD,Dhaka,Dhaka,BD-C,district,,17150.2,,,2,Asia/Dhaka,FALSE,1050300633
Phaitāpāra,Phaitapara,Yanohha,21.7666,92.1649,Bangladesh,BD,BGD,Chattogram,Chattogram,BD-B,division,,1080.3,,,3,Asia/Dhaka,FALSE,1050299776
Harisankera,Harisankera,,24.0491,88.8612,Bangladesh,BD,BGD,Khulna,Khulna,BD-D,division,,1099.2,,,3,Asia/Dhaka,FALSE,1050209130
Swarundaha,Swarundaha,,23.2577,89.0032,Bangladesh,BD,BGD,Khulna,Khulna,BD-D,division,,971.1,,,3,Asia/Dhaka,FALSE,1050423508
Jumdani,Jumdani,,25.3541,89.3265,Bangladesh,BD,BGD,Rangpur,Rangpur,BD-F,division,,1009.2,,,3,Asia/Dhaka,FALSE,1050447257
Purbagrām,Purbagram,,25.0166,88.5013,Bangladesh,BD,BGD,Rājshāhi,Rajshahi,BD-E,division,,547.5,,,3,Asia/Dhaka,FALSE,1050768278
Chaknandi,Chaknandi,,23.3000,91.1333,Bangladesh,BD,BGD,Chattogram,Chattogram,BD-B,division,,1285.8,,,3,Asia/Dhaka,FALSE,1050210676
Kharchiāil,Kharchiail,Khārchāil,24.9529,90.6255,Bangladesh,BD,BGD,Mymensingh,Mymensingh,BD-H,division,,981.1,,,3,Asia/Dhaka,FALSE,1050202449
Dayrākāndi,Dayrakandi,,23.7224,90.8256,Bangladesh,BD,BGD,Chattogram,Chattogram,BD-B,division,,1849.9,,,3,Asia/Dhaka,FALSE,1050830367
Charbāria,Charbaria,North Charbari,23.2833,91.1333,Bangladesh,BD,BGD,Chattogram,Chattogram,BD-B,division,,1285.8,,,3,Asia/Dhaka,FALSE,1050733698
Sāybār,Saybar,,24.4156,88.7463,Bangladesh,BD,BGD,Rājshāhi,Rajshahi,BD-E,division,,1074.9,,,3,Asia/Dhaka,FALSE,1050385153
Sārātia,Saratia,,24.8357,89.4314,Bangladesh,BD,BGD,Rājshāhi,Rajshahi,BD-E,division,,2916.8,,,2,Asia/Dhaka,FALSE,1050371669
Pubdi,Pubdi,,23.6623,90.4073,Bangladesh,BD,BGD,Dhaka,Dhaka,BD-C,district,,6285.0,,,2,Asia/Dhaka,FALSE,1050615931
Baksampatti,Baksampatti,Bakshampatti,23.0934,90.4160,Bangladesh,BD,BGD,Dhaka,Dhaka,BD-C,district,,792.8,,,3,Asia/Dhaka,FALSE,1050516479
Chalyatali,Chalyatali,,22.8500,91.9263,Bangladesh,BD,BGD,Chattogram,Chattogram,BD-B,division,,122.6,,,4,Asia/Dhaka,FALSE,1050469569
Hāshna Ushna,Hashna Ushna,,25.2554,88.9711,Bangladesh,BD,BGD,Rangpur,Rangpur,BD-F,division,,928.2,,,3,Asia/Dhaka,FALSE,1050798785
Dulāpāra,Dulapara,,25.9737,89.0706,Bangladesh,BD,BGD,Rangpur,Rangpur,BD-F,division,,1205.4,,,3,Asia/Dhaka,FALSE,1050250023
Pachābahara,Pachabahara,,25.0454,89.7344,Bangladesh,BD,BGD,Mymensingh,Mymensingh,BD-H,division,,1062.8,,,3,Asia/Dhaka,FALSE,1050822719
Dānākāta,Danakata,Denakata,26.2745,88.6618,Bangladesh,BD,BGD,Rangpur,Rangpur,BD-F,division,,622.5,,,3,Asia/Dhaka,FALSE,1050532756
Baksir Tek,Baksir Tek,Bukshirtek,23.6744,90.0247,Bangladesh,BD,BGD,Dhaka,Dhaka,BD-C,district,,1137.1,,,3,Asia/Dhaka,FALSE,1050676729
Sabdin Bhagabatipur,Sabdin Bhagabatipur,,25.2526,89.3987,Bangladesh,BD,BGD,Rangpur,Rangpur,BD-F,division,,1443.0,,,3,Asia/Dhaka,FALSE,1050567090
Manmathapur,Manmathapur,,23.2430,89.0188,Bangladesh,BD,BGD,Khulna,Khulna,BD-D,division,,971.1,,,3,Asia/Dhaka,FALSE,1050594190
Manmathapur,Manmathapur,,25.6475,88.8752,Bangladesh,BD,BGD,Rangpur,Rangpur,BD-F,division,,938.9,,,3,Asia/Dhaka,FALSE,1050881556
Nijāi,Nijai,,25.7900,88.5967,Bangladesh,BD,BGD,Rangpur,Rangpur,BD-F,division,,823.6,,,3,Asia/Dhaka,FALSE,1050001451
Gajaharpur,Gajaharpur,,24.8109,90.5194,Bangladesh,BD,BGD,Mymensingh,Mymensingh,BD-H,division,,1135.1,,,3,Asia/Dhaka,FALSE,1050813376
Lāhiri,Lahiri,Thumnia,26.1456,88.2941,Bangladesh,BD,BGD,Rangpur,Rangpur,BD-F,division,,793.1,,,3,Asia/Dhaka,FALSE,1050588896
Baje Hankroil,Baje Hankroil,Hankrail|Baje Hankrail|Hākron,24.7219,88.4479,Bangladesh,BD,BGD,Rājshāhi,Rajshahi,BD-E,division,,585.0,,,3,Asia/Dhaka,FALSE,1050541445
Kākrājān,Kakrajan,,24.3503,90.0786,Bangladesh,BD,BGD,Dhaka,Dhaka,BD-C,division,,1330.5,,,3,Asia/Dhaka,FALSE,1050526272
Bāratopa,Baratopa,,24.4453,90.7253,Bangladesh,BD,BGD,Dhaka,Dhaka,BD-C,division,,2414.7,,,2,Asia/Dhaka,FALSE,1050498902
Bhuyakandi,Bhuyakandi,,22.4312,90.8564,Bangladesh,BD,BGD,Barishal,Barishal,BD-A,division,,1958.5,,,3,Asia/Dhaka,FALSE,1050680295
Sindurpur,Sindurpur,,23.8803,89.4424,Bangladesh,BD,BGD,Rājshāhi,Rajshahi,BD-E,division,,912.3,,,3,Asia/Dhaka,FALSE,1050846922
Jinbāria,Jinbaria,Zinbari|Jinbāri,23.1073,90.1317,Bangladesh,BD,BGD,Dhaka,Dhaka,BD-C,district,,997.4,,,3,Asia/Dhaka,FALSE,1050440875
Chānd Kāsimpur,Chand Kasimpur,,22.9500,91.0500,Bangladesh,BD,BGD,Chattogram,Chattogram,BD-B,division,,2638.6,,,2,Asia/Dhaka,FALSE,1050099558
Nekmarad,Nekmarad,Nekmard|Nekmaradfaridpara,25.9801,88.2645,Bangladesh,BD,BGD,Rangpur,Rangpur,BD-F,division,,800.2,,,3,Asia/Dhaka,FALSE,1050751433
Chunār Char,Chunar Char,,23.7481,90.7657,Bangladesh,BD,BGD,Chattogram,Chattogram,BD-B,division,,1774.1,,,3,Asia/Dhaka,FALSE,1050124587
Chunār Char,Chunar Char,,22.8000,90.5333,Bangladesh,BD,BGD,Barishal,Barishal,BD-A,division,,863.6,,,3,Asia/Dhaka,FALSE,1050904000
Katajaias,Katajaias,,26.0221,89.8030,Bangladesh,BD,BGD,Rangpur,Rangpur,BD-F,division,,1059.2,,,3,Asia/Dhaka,FALSE,1050185057
Uttar Rāngāmatia,Uttar Rangamatia,,22.7039,91.8349,Bangladesh,BD,BGD,Chattogram,Chattogram,BD-B,division,,785.5,,,3,Asia/Dhaka,FALSE,1050245988
Maduari,Maduari,Meduāri,24.4492,90.3758,Bangladesh,BD,BGD,Mymensingh,Mymensingh,BD-H,division,,1110.0,,,3,Asia/Dhaka,FALSE,1050828661
Ilsa,Ilsa,,22.6000,90.6167,Bangladesh,BD,BGD,Barishal,Barishal,BD-A,division,,1669.9,,,3,Asia/Dhaka,FALSE,1050327790
Ilsa,Ilsa,,22.0750,91.9013,Bangladesh,BD,BGD,Chattogram,Chattogram,BD-B,division,,1156.9,,,3,Asia/Dhaka,FALSE,1050574685
Tildānga,Tildanga,,22.5900,89.4713,Bangladesh,BD,BGD,Khulna,Khulna,BD-D,division,,208.4,,,3,Asia/Dhaka,FALSE,1050443331
Ilsa,Ilsa,,24.9673,90.0234,Bangladesh,BD,BGD,Mymensingh,Mymensingh,BD-H,division,,1491.6,,,3,Asia/Dhaka,FALSE,1050995047
Digdari,Digdari,,25.2592,89.3337,Bangladesh,BD,BGD,Rangpur,Rangpur,BD-F,division,,1443.0,,,3,Asia/Dhaka,FALSE,1050262536
Digdari,Digdari,Digtari,25.5764,89.4986,Bangladesh,BD,BGD,Rangpur,Rangpur,BD-F,division,,1279.7,,,3,Asia/Dhaka,TRUE,1050430207
Digdari,Digdari,,25.4547,89.2697,Bangladesh,BD,BGD,Rangpur,Rangpur,BD-F,division,,1009.2,,,3,Asia/Dhaka,TRUE,1050776170
Digdari,Digdari,,25.4860,89.3057,Bangladesh,BD,BGD,Rangpur,Rangpur,BD-F,division,,1009.2,,,3,Asia/Dhaka,TRUE,1050388181
Kurulia Patal,Kurulia Patal,,24.6464,89.8601,Bangladesh,BD,BGD,Mymensingh,Mymensingh,BD-H,division,,1319.3,,,3,Asia/Dhaka,FALSE,1050896161
Philipnagar,Philipnagar,Nutan Char,24.0791,88.8566,Bangladesh,BD,BGD,Khulna,Khulna,BD-D,division,,1099.2,,,3,Asia/Dhaka,FALSE,1050482087
Sobhandandi,Sobhandandi,,22.2379,91.9950,Bangladesh,BD,BGD,Chattogram,Chattogram,BD-B,division,,1190.3,,,3,Asia/Dhaka,FALSE,1050134542
Telijāni,Telijani,,24.7275,90.5352,Bangladesh,BD,BGD,Mymensingh,Mymensingh,BD-H,division,,1628.0,,,3,Asia/Dhaka,FALSE,1050045315
Channāmāra,Channamara,Charnāmāra,22.4981,89.2793,Bangladesh,BD,BGD,Khulna,Khulna,BD-D,division,,592.1,,,3,Asia/Dhaka,FALSE,1050825068
Ratnārgāti,Ratnargati,,24.6667,90.8667,Bangladesh,BD,BGD,Mymensingh,Mymensingh,BD-H,division,,1004.4,,,3,Asia/Dhaka,FALSE,1050022451
Kismat Bausa,Kismat Bausa,,25.9143,88.1256,Bangladesh,BD,BGD,Rangpur,Rangpur,BD-F,division,,839.3,,,3,Asia/Dhaka,FALSE,1050394634
Udaypur,Udaypur,,23.0880,90.9412,Bangladesh,BD,BGD,Chattogram,Chattogram,BD-B,division,,2018.7,,,2,Asia/Dhaka,FALSE,1050517998
Gar Mullikpur,Gar Mullikpur,,25.7815,88.6802,Bangladesh,BD,BGD,Rangpur,Rangpur,BD-F,division,,823.6,,,3,Asia/Dhaka,FALSE,1050403906
Chak Barāia,Chak Baraia,,23.6167,90.5500,Bangladesh,BD,BGD,Dhaka,Dhaka,BD-C,district,,6729.4,,,2,Asia/Dhaka,FALSE,1050417960
Sekanderkhali,Sekanderkhali,,22.0359,90.2342,Bangladesh,BD,BGD,Barishal,Barishal,BD-A,division,,546.5,,,3,Asia/Dhaka,FALSE,1050849335
Umail,Umail,,25.1523,88.5886,Bangladesh,BD,BGD,Rājshāhi,Rajshahi,BD-E,division,,716.6,,,3,Asia/Dhaka,FALSE,1050126810
Uttarnagar,Uttarnagar,,23.4811,90.8382,Bangladesh,BD,BGD,Chattogram,Chattogram,BD-B,division,,1796.9,,,3,Asia/Dhaka,FALSE,1050803975
Sutārkhāli Forest Office,Sutarkhali Forest Office,,22.5000,89.5000,Bangladesh,BD,BGD,Khulna,Khulna,BD-D,division,,208.4,,,3,Asia/Dhaka,FALSE,1050636596
Gunāhar,Gunahar,,24.8918,89.1217,Bangladesh,BD,BGD,Rājshāhi,Rajshahi,BD-E,division,,1197.7,,,3,Asia/Dhaka,FALSE,1050666691
Dholbanga,Dholbanga,,25.3003,89.4210,Bangladesh,BD,BGD,Rangpur,Rangpur,BD-F,division,,1374.8,,,3,Asia/Dhaka,FALSE,1050895946
Gāngina,Gangina,,23.7156,90.6642,Bangladesh,BD,BGD,Dhaka,Dhaka,BD-C,district,,3339.9,,,2,Asia/Dhaka,FALSE,1050813632
Chandanbāri,Chandanbari,,26.1828,88.5853,Bangladesh,BD,BGD,Rangpur,Rangpur,BD-F,division,,622.5,,,3,Asia/Dhaka,FALSE,1050124795
Mājhkāndi,Majhkandi,,23.5333,89.7333,Bangladesh,BD,BGD,Dhaka,Dhaka,BD-C,district,,876.6,,,3,Asia/Dhaka,FALSE,1050454512
Nij Girdhopāra,Nij Girdhopara,,26.1172,88.9393,Bangladesh,BD,BGD,Rangpur,Rangpur,BD-F,division,,1011.8,,,3,Asia/Dhaka,FALSE,1050875187
North Bāiksa,North Baiksa,Uttar Bāiksa|Uttar Baikasa|North Baiksha,23.3364,90.3149,Bangladesh,BD,BGD,Dhaka,Dhaka,BD-C,division,,959.7,,,3,Asia/Dhaka,FALSE,1050801348
Sarishāhāti,Sarishahati,,24.7464,90.7038,Bangladesh,BD,BGD,Mymensingh,Mymensingh,BD-H,division,,1628.0,,,3,Asia/Dhaka,FALSE,1050321336
Shāhābazpur,Shahabazpur,,25.4761,88.9846,Bangladesh,BD,BGD,Rangpur,Rangpur,BD-F,division,,996.6,,,3,Asia/Dhaka,FALSE,1050262145
Prastampur,Prastampur,,25.3921,88.9615,Bangladesh,BD,BGD,Rangpur,Rangpur,BD-F,division,,996.6,,,3,Asia/Dhaka,FALSE,1050224815
Umapur,Umapur,,25.7187,89.1762,Bangladesh,BD,BGD,Rangpur,Rangpur,BD-F,division,,2453.6,,,2,Asia/Dhaka,FALSE,1050459953
Jangna Chari,Jangna Chari,,22.4618,92.1522,Bangladesh,BD,BGD,Chattogram,Chattogram,BD-B,division,,104.3,,,4,Asia/Dhaka,FALSE,1050283951
Manjdākua,Manjdakua,,25.7218,89.5544,Bangladesh,BD,BGD,Rangpur,Rangpur,BD-F,division,,1132.2,,,3,Asia/Dhaka,FALSE,1050621140
Ululianid,Ululianid,Uluanid,21.6706,92.0625,Bangladesh,BD,BGD,Chattogram,Chattogram,BD-B,division,,1080.3,,,3,Asia/Dhaka,FALSE,1050405445
Chak Subid,Chak Subid,,25.1473,88.8181,Bangladesh,BD,BGD,Rājshāhi,Rajshahi,BD-E,division,,624.4,,,3,Asia/Dhaka,FALSE,1050132007
Kokania,Kokania,,22.4921,92.0564,Bangladesh,BD,BGD,Chattogram,Chattogram,BD-B,division,,1145.6,,,3,Asia/Dhaka,FALSE,1050530055
Sialbukkapāra,Sialbukkapara,,22.5561,92.0136,Bangladesh,BD,BGD,Chattogram,Chattogram,BD-B,division,,283.5,,,3,Asia/Dhaka,FALSE,1050787175
East Char Nāchhirpur,East Char Nachhirpur,East Char-Nasirpur|Char Nāsirpur,23.4893,90.1281,Bangladesh,BD,BGD,Dhaka,Dhaka,BD-C,district,,1114.1,,,3,Asia/Dhaka,FALSE,1050313376
Khās Char Balarāmpur,Khas Char Balarampur,,23.9333,89.3333,Bangladesh,BD,BGD,Rājshāhi,Rajshahi,BD-E,division,,1309.2,,,3,Asia/Dhaka,FALSE,1050978248
Mochāgara,Mochagara,,23.6675,90.9448,Bangladesh,BD,BGD,Chattogram,Chattogram,BD-B,division,,1697.1,,,3,Asia/Dhaka,FALSE,1050651642
Digrir Char,Digrir Char,,23.1366,89.7289,Bangladesh,BD,BGD,Khulna,Khulna,BD-D,division,,821.3,,,3,Asia/Dhaka,FALSE,1050173020
Bara Chetla,Bara Chetla,,23.0077,89.0993,Bangladesh,BD,BGD,Khulna,Khulna,BD-D,division,,1067.3,,,3,Asia/Dhaka,FALSE,1050041544
Char Sinherkati,Char Sinherkati,Sinherkāti,22.6643,90.4826,Bangladesh,BD,BGD,Barishal,Barishal,BD-A,division,,2141.8,,,2,Asia/Dhaka,FALSE,1050854914
Kākuriādānga,Kakuriadanga,,23.6033,89.2994,Bangladesh,BD,BGD,Khulna,Khulna,BD-D,division,,1084.0,,,3,Asia/Dhaka,FALSE,1050224156
Jot Bāzār,Jot Bazar,,24.7240,88.7418,Bangladesh,BD,BGD,Rājshāhi,Rajshahi,BD-E,division,,1004.9,,,3,Asia/Dhaka,FALSE,1050144591
Bishail,Bishail,Bisail,24.9703,88.6222,Bangladesh,BD,BGD,Rājshāhi,Rajshahi,BD-E,division,,547.5,,,3,Asia/Dhaka,FALSE,1050859224
Arjuna Balārdara,Arjuna Balardara,,22.9767,89.7015,Bangladesh,BD,BGD,Khulna,Khulna,BD-D,division,,788.7,,,3,Asia/Dhaka,FALSE,1050826992
Kotālipur,Kotalipur,,23.2689,89.1139,Bangladesh,BD,BGD,Khulna,Khulna,BD-D,division,,971.1,,,3,Asia/Dhaka,FALSE,1050000165
Lomobaria,Lomobaria,,22.3277,90.2905,Bangladesh,BD,BGD,Khulna,Khulna,BD-D,division,,1115.6,,,3,Asia/Dhaka,FALSE,1050140150
Digrir Char,Digrir Char,,24.8885,90.1529,Bangladesh,BD,BGD,Mymensingh,Mymensingh,BD-H,division,,1260.8,,,3,Asia/Dhaka,FALSE,1050555709
Digrir Char,Digrir Char,Nutanpara,25.0481,89.8541,Bangladesh,BD,BGD,Mymensingh,Mymensingh,BD-H,division,,1062.8,,,3,Asia/Dhaka,TRUE,1050000721
Gārfa,Garfa,,22.9211,89.8158,Bangladesh,BD,BGD,Khulna,Khulna,BD-D,division,,601.9,,,3,Asia/Dhaka,FALSE,1050359270
Makhair,Makhair,Mukhar,24.9593,88.6875,Bangladesh,BD,BGD,Rājshāhi,Rajshahi,BD-E,division,,808.0,,,3,Asia/Dhaka,FALSE,1050689307
Kaimāri,Kaimari,,25.9654,89.0922,Bangladesh,BD,BGD,Rangpur,Rangpur,BD-F,division,,1201.9,,,3,Asia/Dhaka,FALSE,1050739521
Chaughāta,Chaughata,,23.1059,89.2580,Bangladesh,BD,BGD,Khulna,Khulna,BD-D,division,,1929.9,,,3,Asia/Dhaka,FALSE,1050092416
Hiedapāra,Hiedapara,,20.9717,92.2528,Bangladesh,BD,BGD,Chattogram,Chattogram,BD-B,division,,1051.4,,,3,Asia/Dhaka,FALSE,1050750359
Shirājpur,Shirajpur,,24.8272,88.4355,Bangladesh,BD,BGD,Rājshāhi,Rajshahi,BD-E,division,,599.9,,,3,Asia/Dhaka,FALSE,1050929230
Dakshin Fatehpur,Dakshin Fatehpur,,22.4355,91.8102,Bangladesh,BD,BGD,Chattogram,Chattogram,BD-B,division,,2094.9,,,2,Asia/Dhaka,FALSE,1050362768
Bāliākānda,Baliakanda,Barampur,24.9570,90.4547,Bangladesh,BD,BGD,Mymensingh,Mymensingh,BD-H,division,,1135.1,,,3,Asia/Dhaka,FALSE,1050078541
Tara Kandi,Tara Kandi,,25.0111,90.1308,Bangladesh,BD,BGD,Mymensingh,Mymensingh,BD-H,division,,1121.4,,,3,Asia/Dhaka,FALSE,1050890460
Char Mahishāpura,Char Mahishapura,Char Mahishpur,23.5538,89.6178,Bangladesh,BD,BGD,Dhaka,Dhaka,BD-C,division,,1034.3,,,3,Asia/Dhaka,FALSE,1050510407
Bāra Bāghia,Bara Baghia,Barakaghia,23.5525,89.7029,Bangladesh,BD,BGD,Dhaka,Dhaka,BD-C,division,,1527.5,,,3,Asia/Dhaka,FALSE,1050000177
Bobrākhāli,Bobrakhali,,23.9873,89.2886,Bangladesh,BD,BGD,Rājshāhi,Rajshahi,BD-E,division,,1752.6,,,3,Asia/Dhaka,FALSE,1050022300
Ānda,Anda,,24.9425,90.5451,Bangladesh,BD,BGD,Mymensingh,Mymensingh,BD-H,division,,981.1,,,3,Asia/Dhaka,FALSE,1050561884
Sibbāti,Sibbati,,24.8667,89.3667,Bangladesh,BD,BGD,Rājshāhi,Rajshahi,BD-E,division,,3497.0,,,2,Asia/Dhaka,FALSE,1050531202
Sibbāti,Sibbati,,25.1415,88.8118,Bangladesh,BD,BGD,Rājshāhi,Rajshahi,BD-E,division,,624.4,,,3,Asia/Dhaka,TRUE,1050966234
Pār Kārtikpāsa,Par Kartikpasa,,22.4360,90.3643,Bangladesh,BD,BGD,Khulna,Khulna,BD-D,division,,1087.2,,,3,Asia/Dhaka,FALSE,1050382230
Lakhāi Kāzir Kāndi,Lakhai Kazir Kandi,Lakhai Kajir Kandi|Lakai Kazir Kandi,23.3500,90.3333,Bangladesh,BD,BGD,Dhaka,Dhaka,BD-C,district,,959.7,,,3,Asia/Dhaka,FALSE,1050329628
Talyabpur,Talyabpur,,25.3923,89.0037,Bangladesh,BD,BGD,Rangpur,Rangpur,BD-F,division,,996.6,,,3,Asia/Dhaka,FALSE,1050792169
Nahdi Kalupāra,Nahdi Kalupara,Nuhalkalupara|Nahala Kālupāra,24.6873,88.8224,Bangladesh,BD,BGD,Rājshāhi,Rajshahi,BD-E,division,,1004.9,,,3,Asia/Dhaka,FALSE,1050155493
Jāgir Mālanchi,Jagir Malanchi,,23.7483,89.4248,Bangladesh,BD,BGD,Dhaka,Dhaka,BD-C,division,,1101.2,,,3,Asia/Dhaka,FALSE,1050573370
Dulāhazāra,Dulahazara,,21.6603,92.0661,Bangladesh,BD,BGD,Chattogram,Chattogram,BD-B,division,,1080.3,,,3,Asia/Dhaka,FALSE,1050112223
Kāligonj,Kaligonj,,25.8267,88.1258,Bangladesh,BD,BGD,Rangpur,Rangpur,BD-F,division,,839.3,,,3,Asia/Dhaka,FALSE,1050872383
Kāligonj,Kaligonj,,26.2446,88.5035,Bangladesh,BD,BGD,Rangpur,Rangpur,BD-F,division,,623.5,,,3,Asia/Dhaka,TRUE,1050622073
Radhagram,Radhagram,,23.9134,89.1883,Bangladesh,BD,BGD,Khulna,Khulna,BD-D,division,,1181.3,,,3,Asia/Dhaka,FALSE,1050184433
Mānuri,Manuri,,23.1698,90.8597,Bangladesh,BD,BGD,Chattogram,Chattogram,BD-B,division,,1790.0,,,3,Asia/Dhaka,FALSE,1050420312
Kurali,Kurali,,23.2167,90.8500,Bangladesh,BD,BGD,Chattogram,Chattogram,BD-B,division,,2171.9,,,2,Asia/Dhaka,FALSE,1050961280
Paharachanyapāra,Paharachanyapara,,22.5636,92.0468,Bangladesh,BD,BGD,Chattogram,Chattogram,BD-B,division,,1145.6,,,3,Asia/Dhaka,FALSE,1050161725
Salikha,Salikha,,23.2959,89.3782,Bangladesh,BD,BGD,Khulna,Khulna,BD-D,division,,798.8,,,3,Asia/Dhaka,FALSE,1050287574
Sālikha,Salikha,,23.1563,89.5846,Bangladesh,BD,BGD,Khulna,Khulna,BD-D,division,,726.6,,,3,Asia/Dhaka,TRUE,1050547622
Gilagācha,Gilagacha,,25.1716,90.0994,Bangladesh,BD,BGD,Mymensingh,Mymensingh,BD-H,division,,808.6,,,3,Asia/Dhaka,FALSE,1050967055
Pāngaon,Pangaon,,24.6758,90.8004,Bangladesh,BD,BGD,Mymensingh,Mymensingh,BD-H,division,,1004.4,,,3,Asia/Dhaka,FALSE,1050975875
Gachbariya,Gachbariya,,22.7239,91.5969,Bangladesh,BD,BGD,Chattogram,Chattogram,BD-B,division,,800.5,,,3,Asia/Dhaka,FALSE,1050344240
Pāngaon,Pangaon,,23.6570,90.4503,Bangladesh,BD,BGD,Dhaka,Dhaka,BD-C,district,,6306.0,,,2,Asia/Dhaka,FALSE,1050527207
Dhoarighara,Dhoarighara,,22.4617,89.6840,Bangladesh,BD,BGD,Khulna,Khulna,BD-D,division,,92.3,,,4,Asia/Dhaka,FALSE,1050299914
Greda,Greda,Gerda,23.5639,89.8732,Bangladesh,BD,BGD,Dhaka,Dhaka,BD-C,district,,1527.5,,,3,Asia/Dhaka,FALSE,1050337331
Baru Haripur,Baru Haripur,,25.6271,88.8716,Bangladesh,BD,BGD,Rangpur,Rangpur,BD-F,division,,938.9,,,3,Asia/Dhaka,FALSE,1050886870
Āminpur,Aminpur,,23.6500,90.6000,Bangladesh,BD,BGD,Dhaka,Dhaka,BD-C,district,,3456.4,,,2,Asia/Dhaka,FALSE,1050717014
Khicha,Khicha,,24.8139,90.5270,Bangladesh,BD,BGD,Mymensingh,Mymensingh,BD-H,division,,1135.1,,,3,Asia/Dhaka,FALSE,1050655286
Khicha,Khicha,,24.9990,90.2128,Bangladesh,BD,BGD,Mymensingh,Mymensingh,BD-H,division,,1104.4,,,3,Asia/Dhaka,TRUE,1050910210
Dehara,Dehara,,23.9533,90.2421,Bangladesh,BD,BGD,Dhaka,Dhaka,BD-C,district,,5420.4,,,2,Asia/Dhaka,FALSE,1050566276
Agrādigun,Agradigun,,25.1781,88.7103,Bangladesh,BD,BGD,Rājshāhi,Rajshahi,BD-E,division,,624.4,,,3,Asia/Dhaka,FALSE,1050131283
Char Rājāpur,Char Rajapur,Char Ruppur,23.7498,89.7188,Bangladesh,BD,BGD,Dhaka,Dhaka,BD-C,division,,1217.6,,,3,Asia/Dhaka,FALSE,1050430227
Bailar,Bailar,,24.6304,90.4001,Bangladesh,BD,BGD,Mymensingh,Mymensingh,BD-H,division,,1404.8,,,3,Asia/Dhaka,FALSE,1050078904
Srishtighar,Srishtighar,,24.0079,90.7979,Bangladesh,BD,BGD,Dhaka,Dhaka,BD-C,division,,1548.1,,,3,Asia/Dhaka,FALSE,1050923528
Dhalihar,Dhalihar,,25.2599,89.1619,Bangladesh,BD,BGD,Rangpur,Rangpur,BD-F,division,,899.5,,,3,Asia/Dhaka,FALSE,1050547156
Petikahata,Petikahata,,22.4817,89.5411,Bangladesh,BD,BGD,Khulna,Khulna,BD-D,division,,208.4,,,3,Asia/Dhaka,FALSE,1050315725
Chāpta Khairsākhāri,Chapta Khairsakhari,,23.1963,89.7600,Bangladesh,BD,BGD,Dhaka,Dhaka,BD-C,division,,713.2,,,3,Asia/Dhaka,FALSE,1050715994
Char Sibpur,Char Sibpur,,22.6558,90.6751,Bangladesh,BD,BGD,Barishal,Barishal,BD-A,division,,1741.1,,,3,Asia/Dhaka,FALSE,1050527102
Muhāmmadālipur,Muhammadalipur,,24.6654,88.5854,Bangladesh,BD,BGD,Rājshāhi,Rajshahi,BD-E,division,,720.6,,,3,Asia/Dhaka,FALSE,1050519956
Phulkār Char,Phulkar Char,,25.6678,89.8092,Bangladesh,BD,BGD,Rangpur,Rangpur,BD-F,division,,1063.2,,,3,Asia/Dhaka,FALSE,1050292613
Mirerbāg,Mirerbag,,23.6926,90.4151,Bangladesh,BD,BGD,Dhaka,Dhaka,BD-C,district,,6285.0,,,2,Asia/Dhaka,FALSE,1050005325
Bhāgabatpur,Bhagabatpur,,24.7103,90.2592,Bangladesh,BD,BGD,Mymensingh,Mymensingh,BD-H,division,,1490.9,,,3,Asia/Dhaka,FALSE,1050562000
Namāzpur,Namazpur,,22.5500,89.9667,Bangladesh,BD,BGD,Barishal,Barishal,BD-A,division,,1055.8,,,3,Asia/Dhaka,FALSE,1050001016
Phulkar Char,Phulkar Char,Gapalnagar,25.0929,89.9044,Bangladesh,BD,BGD,Mymensingh,Mymensingh,BD-H,division,,1063.0,,,3,Asia/Dhaka,FALSE,1050901990
Dusati,Dusati,,24.7929,88.6996,Bangladesh,BD,BGD,Rājshāhi,Rajshahi,BD-E,division,,1004.9,,,3,Asia/Dhaka,FALSE,1050684529
Dhiyābāri,Dhiyabari,,26.3288,88.6060,Bangladesh,BD,BGD,Rangpur,Rangpur,BD-F,division,,1334.1,,,3,Asia/Dhaka,FALSE,1050577775
Gopināthdia,Gopinathdia,,23.7341,89.6541,Bangladesh,BD,BGD,Dhaka,Dhaka,BD-C,division,,1389.6,,,3,Asia/Dhaka,FALSE,1050402348
Subhalpur,Subhalpur,,23.8846,88.9475,Bangladesh,BD,BGD,Khulna,Khulna,BD-D,division,,1144.7,,,3,Asia/Dhaka,FALSE,1050715443
Char Bayra,Char Bayra,,22.4413,90.4210,Bangladesh,BD,BGD,Khulna,Khulna,BD-D,division,,1009.2,,,3,Asia/Dhaka,FALSE,1050720318
Bānyapāra,Banyapara,,26.4017,88.5430,Bangladesh,BD,BGD,Rangpur,Rangpur,BD-F,division,,1334.1,,,3,Asia/Dhaka,FALSE,1050682220
Hatiārghona,Hatiarghona,,20.8807,92.2627,Bangladesh,BD,BGD,Chattogram,Chattogram,BD-B,division,,1051.4,,,3,Asia/Dhaka,FALSE,1050395776
Neoka,Neoka,,24.3500,90.5167,Bangladesh,BD,BGD,Mymensingh,Mymensingh,BD-H,division,,1235.1,,,3,Asia/Dhaka,FALSE,1050970683
Sonaīrkāndi,Sonairkandi,,23.4167,90.6667,Bangladesh,BD,BGD,Chattogram,Chattogram,BD-B,division,,1297.7,,,3,Asia/Dhaka,FALSE,1050000100
Kadālpur,Kadalpur,,22.4901,91.9511,Bangladesh,BD,BGD,Chattogram,Chattogram,BD-B,division,,1512.4,,,3,Asia/Dhaka,FALSE,1050324204
Dāriāpur,Dariapur,,24.7558,90.6117,Bangladesh,BD,BGD,Mymensingh,Mymensingh,BD-H,division,,1628.0,,,3,Asia/Dhaka,FALSE,1050699170
Dāriāpur,Dariapur,,24.8986,90.9308,Bangladesh,BD,BGD,Mymensingh,Mymensingh,BD-H,division,,912.2,,,3,Asia/Dhaka,TRUE,1050542861
Dariapur,Dariapur,Dariāpur,25.3736,89.5798,Bangladesh,BD,BGD,Rangpur,Rangpur,BD-F,division,,1599.6,,,3,Asia/Dhaka,FALSE,1050070362
Dariapur,Dariapur,,25.3717,89.2992,Bangladesh,BD,BGD,Rangpur,Rangpur,BD-F,division,,1009.2,,,3,Asia/Dhaka,TRUE,1050256806
Dāriāpur,Dariapur,,25.9034,88.6919,Bangladesh,BD,BGD,Rangpur,Rangpur,BD-F,division,,864.9,,,3,Asia/Dhaka,TRUE,1050738391
Dariāpur,Dariapur,,24.8000,87.9833,Bangladesh,BD,BGD,Rājshāhi,Rajshahi,BD-E,division,,1821.3,,,3,Asia/Kolkata,FALSE,1050127469
Dariāpur,Dariapur,,24.7333,88.9333,Bangladesh,BD,BGD,Rājshāhi,Rajshahi,BD-E,division,,1534.6,,,3,Asia/Dhaka,TRUE,1050974154
Dāriāpur,Dariapur,,24.5682,88.3022,Bangladesh,BD,BGD,Rājshāhi,Rajshahi,BD-E,division,,1397.5,,,3,Asia/Dhaka,TRUE,1050619723
Dariāpur,Dariapur,,24.9865,88.9290,Bangladesh,BD,BGD,Rājshāhi,Rajshahi,BD-E,division,,979.7,,,3,Asia/Dhaka,TRUE,1050965595
Dāriāpur,Dariapur,,23.9608,89.5875,Bangladesh,BD,BGD,Rājshāhi,Rajshahi,BD-E,division,,912.3,,,3,Asia/Dhaka,TRUE,1050539864
Dāriāpur,Dariapur,,24.4489,88.4953,Bangladesh,BD,BGD,Rājshāhi,Rajshahi,BD-E,division,,848.5,,,3,Asia/Dhaka,TRUE,1050802563
Dāriāpur,Dariapur,,24.8814,88.7377,Bangladesh,BD,BGD,Rājshāhi,Rajshahi,BD-E,division,,808.0,,,3,Asia/Dhaka,TRUE,1050104566
Dāriāpur,Dariapur,,23.5735,89.0994,Bangladesh,BD,BGD,Khulna,Khulna,BD-D,division,,1093.4,,,3,Asia/Dhaka,FALSE,1050031063
Dāriāpur,Dariapur,,23.5296,89.3171,Bangladesh,BD,BGD,Khulna,Khulna,BD-D,division,,1049.9,,,3,Asia/Dhaka,TRUE,1050046104
Dāriāpur,Dariapur,,23.6039,89.4655,Bangladesh,BD,BGD,Khulna,Khulna,BD-D,division,,992.8,,,3,Asia/Dhaka,TRUE,1050832035
Dariāpur,Dariapur,,23.7111,88.6057,Bangladesh,BD,BGD,Khulna,Khulna,BD-D,division,,876.3,,,3,Asia/Dhaka,TRUE,1050931423
Dariāpur,Dariapur,,23.3114,88.8704,Bangladesh,BD,BGD,Khulna,Khulna,BD-D,division,,840.8,,,3,Asia/Dhaka,TRUE,1050897497
Dāriāpur,Dariapur,,23.1477,89.5661,Bangladesh,BD,BGD,Khulna,Khulna,BD-D,division,,726.6,,,3,Asia/Dhaka,TRUE,1050372546
Dāriāpur,Dariapur,,24.5500,90.8667,Bangladesh,BD,BGD,Dhaka,Dhaka,BD-C,district,,1264.5,,,3,Asia/Dhaka,FALSE,1050531682
Dariāpur,Dariapur,,24.2759,90.0876,Bangladesh,BD,BGD,Dhaka,Dhaka,BD-C,division,,759.4,,,3,Asia/Dhaka,TRUE,1050351233
Dāriāpur,Dariapur,,23.4995,90.9566,Bangladesh,BD,BGD,Chattogram,Chattogram,BD-B,division,,1995.4,,,3,Asia/Dhaka,FALSE,1050593236
Dariāpur,Dariapur,,21.9144,90.1270,Bangladesh,BD,BGD,Barishal,Barishal,BD-A,division,,568.6,,,3,Asia/Dhaka,FALSE,1050487044
Golakpur,Golakpur,Golakpura,22.4374,90.7900,Bangladesh,BD,BGD,Barishal,Barishal,BD-A,division,,909.8,,,3,Asia/Dhaka,FALSE,1050694006
Sitalgrām,Sitalgram,,25.2456,89.3363,Bangladesh,BD,BGD,Rangpur,Rangpur,BD-F,division,,1443.0,,,3,Asia/Dhaka,FALSE,1050788750
Golakpur,Golakpur,,24.7555,90.5725,Bangladesh,BD,BGD,Mymensingh,Mymensingh,BD-H,division,,1628.0,,,3,Asia/Dhaka,FALSE,1050136081
Surangachāil,Surangachail,,23.2144,90.8152,Bangladesh,BD,BGD,Chattogram,Chattogram,BD-B,division,,1817.2,,,3,Asia/Dhaka,FALSE,1050081835
Jogini Bāghini,Jogini Baghini,,23.5833,89.3333,Bangladesh,BD,BGD,Khulna,Khulna,BD-D,division,,1084.0,,,3,Asia/Dhaka,FALSE,1050250143
North Char Narsinhapur,North Char Narsinhapur,,22.9485,90.4617,Bangladesh,BD,BGD,Barishal,Barishal,BD-A,division,,694.8,,,3,Asia/Dhaka,FALSE,1050842361
Bara Kushtia,Bara Kushtia,,23.9368,89.8857,Bangladesh,BD,BGD,Dhaka,Dhaka,BD-C,division,,1072.0,,,3,Asia/Dhaka,FALSE,1050097671
Mirār Char,Mirar Char,,24.1047,90.9364,Bangladesh,BD,BGD,Dhaka,Dhaka,BD-C,district,,3088.3,,,2,Asia/Dhaka,FALSE,1050740365
Murhāgāchha,Murhagachha,Murāgāchha,22.3692,89.0101,Bangladesh,BD,BGD,Khulna,Khulna,BD-D,division,,824.9,,,3,Asia/Dhaka,FALSE,1050265516
Tapāirkona,Tapairkona,,24.6679,90.9604,Bangladesh,BD,BGD,Mymensingh,Mymensingh,BD-H,division,,725.2,,,3,Asia/Dhaka,FALSE,1050386146
Sonātala,Sonatala,Sonōtolo,25.0433,89.4939,Bangladesh,BD,BGD,Rājshāhi,Rajshahi,BD-E,division,,1577.1,,,3,Asia/Dhaka,FALSE,1050657331
Sonātala,Sonatala,,24.0931,89.5590,Bangladesh,BD,BGD,Rājshāhi,Rajshahi,BD-E,division,,1330.0,,,3,Asia/Dhaka,TRUE,1050760787
Bil Mārabdi,Bil Marabdi,,23.6914,90.6339,Bangladesh,BD,BGD,Dhaka,Dhaka,BD-C,district,,3456.4,,,2,Asia/Dhaka,FALSE,1050919830
Bilpabaria,Bilpabaria,Bilpabania|Pābania,23.1333,90.0333,Bangladesh,BD,BGD,Dhaka,Dhaka,BD-C,district,,1005.4,,,3,Asia/Dhaka,FALSE,1050736733
Chaturohuj,Chaturohuj,,25.8671,89.5697,Bangladesh,BD,BGD,Rangpur,Rangpur,BD-F,division,,1200.5,,,3,Asia/Dhaka,FALSE,1050914661
Nāpapara,Napapara,,21.7334,91.8920,Bangladesh,BD,BGD,Chattogram,Chattogram,BD-B,division,,1439.5,,,3,Asia/Dhaka,FALSE,1050110845
Char Chānda,Char Chanda,,23.2233,90.5049,Bangladesh,BD,BGD,Dhaka,Dhaka,BD-C,district,,1054.3,,,3,Asia/Dhaka,FALSE,1050133418
Sāda Barāgācha,Sada Baragacha,,26.0208,88.8489,Bangladesh,BD,BGD,Rangpur,Rangpur,BD-F,division,,1289.6,,,3,Asia/Dhaka,FALSE,1050256478
Nayampāra,Nayampara,,26.1609,88.8055,Bangladesh,BD,BGD,Rangpur,Rangpur,BD-F,division,,1039.7,,,3,Asia/Dhaka,FALSE,1050397039
Auuner Char,Auuner Char,,25.1106,89.8651,Bangladesh,BD,BGD,Mymensingh,Mymensingh,BD-H,division,,1062.8,,,3,Asia/Dhaka,FALSE,1050314270
Mandirpur,Mandirpur,,23.7606,90.6023,Bangladesh,BD,BGD,Dhaka,Dhaka,BD-C,district,,3101.5,,,2,Asia/Dhaka,FALSE,1050273985
Simulbānk,Simulbank,,24.4876,91.0003,Bangladesh,BD,BGD,Dhaka,Dhaka,BD-C,district,,506.6,,,3,Asia/Dhaka,FALSE,1050098863
Khurd Alichara,Khurd Alichara,,23.8209,89.0461,Bangladesh,BD,BGD,Khulna,Khulna,BD-D,division,,1785.0,,,3,Asia/Dhaka,FALSE,1050000788
Gajāriākāndi,Gajariakandi,Gazariakandi|Gujārākāndi,24.3857,91.3623,Bangladesh,BD,BGD,Sylhet,Sylhet,BD-G,division,,1314.7,,,3,Asia/Dhaka,FALSE,1050100235
Bolābāri,Bolabari,,22.4974,89.1862,Bangladesh,BD,BGD,Khulna,Khulna,BD-D,division,,899.9,,,3,Asia/Dhaka,FALSE,1050007978
Chhota Maghbāzār,Chhota Maghbazar,,23.6500,90.6000,Bangladesh,BD,BGD,Dhaka,Dhaka,BD-C,district,,3456.4,,,2,Asia/Dhaka,FALSE,1050308871
Minājkāti,Minajkati,,22.3981,89.0228,Bangladesh,BD,BGD,Khulna,Khulna,BD-D,division,,824.9,,,3,Asia/Dhaka,FALSE,1050085324
Burichang,Burichang,,23.5534,91.1290,Bangladesh,BD,BGD,Chattogram,Chattogram,BD-B,division,,2044.5,,,2,Asia/Dhaka,FALSE,1050675136
Purtakhāli,Purtakhali,,21.7969,92.0058,Bangladesh,BD,BGD,Chattogram,Chattogram,BD-B,division,,1080.3,,,3,Asia/Dhaka,FALSE,1050979384
Nārāyandia North,Narayandia North,,23.5825,90.8337,Bangladesh,BD,BGD,Chattogram,Chattogram,BD-B,division,,2113.2,,,2,Asia/Dhaka,FALSE,1050611617
Malgawah,Malgawah,,26.3346,88.4491,Bangladesh,BD,BGD,Rangpur,Rangpur,BD-F,division,,705.4,,,3,Asia/Dhaka,FALSE,1050250762
Dāri Māmudpur,Dari Mamudpur,,24.9263,90.3264,Bangladesh,BD,BGD,Mymensingh,Mymensingh,BD-H,division,,1135.1,,,3,Asia/Dhaka,FALSE,1050162374
Purulia,Purulia,,23.0693,89.5597,Bangladesh,BD,BGD,Khulna,Khulna,BD-D,division,,815.8,,,3,Asia/Dhaka,FALSE,1050612862
Chumi,Chumi,,22.3610,92.0934,Bangladesh,BD,BGD,Chattogram,Chattogram,BD-B,division,,1145.6,,,3,Asia/Dhaka,FALSE,1050553435
Purulia,Purulia,,23.8357,90.3028,Bangladesh,BD,BGD,Dhaka,Dhaka,BD-C,district,,5420.4,,,2,Asia/Dhaka,FALSE,1050340072
Purulia,Purulia,,23.6360,90.0598,Bangladesh,BD,BGD,Dhaka,Dhaka,BD-C,district,,1538.9,,,3,Asia/Dhaka,TRUE,1050176129
Purulia,Purulia,,23.1948,89.7163,Bangladesh,BD,BGD,Dhaka,Dhaka,BD-C,division,,713.2,,,3,Asia/Dhaka,TRUE,1050853828
Dakshin Baraibāri,Dakshin Baraibari,,23.9785,90.2580,Bangladesh,BD,BGD,Dhaka,Dhaka,BD-C,division,,5420.4,,,2,Asia/Dhaka,FALSE,1050608247
Chak Kālāmula,Chak Kalamula,Kālāmula,24.5543,89.3544,Bangladesh,BD,BGD,Rājshāhi,Rajshahi,BD-E,division,,747.8,,,3,Asia/Dhaka,FALSE,1050693107
Khalisdaha,Khalisdaha,Khalisadah|Khalisādaha,23.9132,89.1772,Bangladesh,BD,BGD,Khulna,Khulna,BD-D,division,,1181.3,,,3,Asia/Dhaka,FALSE,1050379381
Sanchāil,Sanchail,,23.7000,91.0500,Bangladesh,BD,BGD,Chattogram,Chattogram,BD-B,division,,1863.7,,,3,Asia/Dhaka,FALSE,1050628457
Chohta Labangola,Chohta Labangola,,22.1311,90.1589,Bangladesh,BD,BGD,Barishal,Barishal,BD-A,division,,858.2,,,3,Asia/Dhaka,FALSE,1050787974
Manāti,Manati,,24.8389,90.5367,Bangladesh,BD,BGD,Mymensingh,Mymensingh,BD-H,division,,1135.1,,,3,Asia/Dhaka,FALSE,1050297796
Kardanali,Kardanali,,25.1088,88.5622,Bangladesh,BD,BGD,Rājshāhi,Rajshahi,BD-E,division,,734.4,,,3,Asia/Dhaka,FALSE,1050864429
Tengrakhola,Tengrakhola,Tenrkhola,23.3218,89.8774,Bangladesh,BD,BGD,Dhaka,Dhaka,BD-C,district,,871.5,,,3,Asia/Dhaka,FALSE,1050720973
Qismat Bāsuāri,Qismat Basuari,,23.1510,89.3597,Bangladesh,BD,BGD,Khulna,Khulna,BD-D,division,,878.8,,,3,Asia/Dhaka,FALSE,1050608729
Dighirpār Basati,Dighirpar Basati,Dighirpār Basti,24.2552,90.9974,Bangladesh,BD,BGD,Dhaka,Dhaka,BD-C,district,,1643.4,,,3,Asia/Dhaka,FALSE,1050186795
Subhipāra,Subhipara,,24.4980,88.6686,Bangladesh,BD,BGD,Rājshāhi,Rajshahi,BD-E,division,,1648.3,,,3,Asia/Dhaka,FALSE,1050176472
Hāpānia,Hapania,,24.9535,90.7218,Bangladesh,BD,BGD,Mymensingh,Mymensingh,BD-H,division,,1313.3,,,3,Asia/Dhaka,FALSE,1050922038
Āgbhulat,Agbhulat,Āghhulat,22.9614,88.8642,Bangladesh,BD,BGD,Khulna,Khulna,BD-D,division,,1434.4,,,3,Asia/Dhaka,FALSE,1050889721
Bātākāndi,Batakandi,,23.6232,90.7998,Bangladesh,BD,BGD,Chattogram,Chattogram,BD-B,division,,2106.5,,,2,Asia/Dhaka,FALSE,1050198113
Bināir Char,Binair Char,,23.7895,90.6322,Bangladesh,BD,BGD,Dhaka,Dhaka,BD-C,district,,2881.4,,,2,Asia/Dhaka,FALSE,1050573010
Hāpānia,Hapania,,22.9441,90.2155,Bangladesh,BD,BGD,Barishal,Barishal,BD-A,division,,1158.9,,,3,Asia/Dhaka,FALSE,1050647921
Hāpānia,Hapania,,23.0950,90.9438,Bangladesh,BD,BGD,Chattogram,Chattogram,BD-B,division,,2012.4,,,2,Asia/Dhaka,FALSE,1050446658
Hāpānia,Hapania,,23.4833,90.6667,Bangladesh,BD,BGD,Chattogram,Chattogram,BD-B,division,,1297.7,,,3,Asia/Dhaka,TRUE,1050091342
Hāpānia,Hapania,,23.2833,91.1333,Bangladesh,BD,BGD,Chattogram,Chattogram,BD-B,division,,1285.8,,,3,Asia/Dhaka,TRUE,1050812259
Hāpānia,Hapania,,24.2502,90.8509,Bangladesh,BD,BGD,Dhaka,Dhaka,BD-C,division,,1588.9,,,3,Asia/Dhaka,FALSE,1050000849
Hāpānia,Hapania,,23.9825,89.9102,Bangladesh,BD,BGD,Dhaka,Dhaka,BD-C,division,,993.5,,,3,Asia/Dhaka,TRUE,1050177468
Hāpānia,Hapania,,23.2651,89.2111,Bangladesh,BD,BGD,Khulna,Khulna,BD-D,division,,1929.9,,,3,Asia/Dhaka,FALSE,1050946721
Hapania,Hapania,,23.7495,88.7951,Bangladesh,BD,BGD,Khulna,Khulna,BD-D,division,,1104.9,,,3,Asia/Dhaka,TRUE,1050717217
Hāpānia,Hapania,,23.9867,89.3687,Bangladesh,BD,BGD,Rājshāhi,Rajshahi,BD-E,division,,1752.6,,,3,Asia/Dhaka,FALSE,1050163051
Hāpānia,Hapania,,24.7333,89.4500,Bangladesh,BD,BGD,Rājshāhi,Rajshahi,BD-E,division,,1410.3,,,3,Asia/Dhaka,TRUE,1050789124
Hapānia,Hapania,,25.0977,89.5339,Bangladesh,BD,BGD,Rājshāhi,Rajshahi,BD-E,division,,1372.7,,,3,Asia/Dhaka,TRUE,1050033380
Hāpānia,Hapania,,24.4836,88.9967,Bangladesh,BD,BGD,Rājshāhi,Rajshahi,BD-E,division,,1221.6,,,3,Asia/Dhaka,TRUE,1050032844
Hāpānia,Hapania,,24.6000,88.7833,Bangladesh,BD,BGD,Rājshāhi,Rajshahi,BD-E,division,,1113.9,,,3,Asia/Dhaka,TRUE,1050219917
Hāpānia,Hapania,,24.9736,88.8958,Bangladesh,BD,BGD,Rājshāhi,Rajshahi,BD-E,division,,979.7,,,3,Asia/Dhaka,TRUE,1050752657
Hāpānia,Hapania,Hāt Pānia,24.5278,88.4363,Bangladesh,BD,BGD,Rājshāhi,Rajshahi,BD-E,division,,848.5,,,3,Asia/Dhaka,TRUE,1050735985
Hāpānia,Hapania,,25.0897,88.4812,Bangladesh,BD,BGD,Rājshāhi,Rajshahi,BD-E,division,,734.4,,,3,Asia/Dhaka,TRUE,1050582928
Hāpānia,Hapania,Hapanta,24.6607,88.4480,Bangladesh,BD,BGD,Rājshāhi,Rajshahi,BD-E,division,,676.4,,,3,Asia/Dhaka,TRUE,1050299963
Haldiākhāli,Haldiakhali,,22.0136,90.4613,Bangladesh,BD,BGD,Khulna,Khulna,BD-D,division,,442.5,,,3,Asia/Dhaka,FALSE,1050014380
Kāsāra,Kasara,,23.1642,90.7876,Bangladesh,BD,BGD,Chattogram,Chattogram,BD-B,division,,1790.0,,,3,Asia/Dhaka,FALSE,1050546571
Ulipur,Ulipur,,24.9095,89.3997,Bangladesh,BD,BGD,Rājshāhi,Rajshahi,BD-E,division,,3497.0,,,2,Asia/Dhaka,FALSE,1050837896
Ulipur,Ulipur,Olipur,24.8859,88.9946,Bangladesh,BD,BGD,Rājshāhi,Rajshahi,BD-E,division,,1562.8,,,3,Asia/Dhaka,TRUE,1050141962
Ulipur,Ulipur,,25.0945,89.4809,Bangladesh,BD,BGD,Rājshāhi,Rajshahi,BD-E,division,,1204.1,,,3,Asia/Dhaka,TRUE,1050752590
Ulipur,Ulipur,,25.1146,89.2013,Bangladesh,BD,BGD,Rājshāhi,Rajshahi,BD-E,division,,973.6,,,3,Asia/Dhaka,TRUE,1050234706
Ulipur,Ulipur,,25.5842,88.6140,Bangladesh,BD,BGD,Rangpur,Rangpur,BD-F,division,,1174.9,,,3,Asia/Dhaka,FALSE,1050704487
Ulipur,Ulipur,,25.6590,89.6183,Bangladesh,BD,BGD,Rangpur,Rangpur,BD-F,division,,1090.9,,,3,Asia/Dhaka,TRUE,1050757210
Ulipur,Ulipur,,25.5579,88.9156,Bangladesh,BD,BGD,Rangpur,Rangpur,BD-F,division,,938.9,,,3,Asia/Dhaka,TRUE,1050982360
Pār Kāsipur,Par Kasipur,,23.8496,90.6756,Bangladesh,BD,BGD,Dhaka,Dhaka,BD-C,district,,4260.3,,,2,Asia/Dhaka,FALSE,1050940144
Hātgrām,Hatgram,,23.7667,89.4500,Bangladesh,BD,BGD,Dhaka,Dhaka,BD-C,district,,844.8,,,3,Asia/Dhaka,FALSE,1050397359
Bandarear,Bandarear,,25.4049,89.6174,Bangladesh,BD,BGD,Rangpur,Rangpur,BD-F,division,,1517.1,,,3,Asia/Dhaka,FALSE,1050143234
Taraf Sadi,Taraf Sadi,,25.4999,89.1563,Bangladesh,BD,BGD,Rangpur,Rangpur,BD-F,division,,1011.7,,,3,Asia/Dhaka,FALSE,1050935629
Choudhuri Bhabanipur,Choudhuri Bhabanipur,Chaudhuri Bhabānipur,24.6510,88.9462,Bangladesh,BD,BGD,Rājshāhi,Rajshahi,BD-E,division,,843.6,,,3,Asia/Dhaka,FALSE,1050163519
Maimantapur,Maimantapur,,25.2455,89.4084,Bangladesh,BD,BGD,Rangpur,Rangpur,BD-F,division,,1443.0,,,3,Asia/Dhaka,FALSE,1050093598
Par Chonka,Par Chonka,,24.7091,88.0799,Bangladesh,BD,BGD,Rājshāhi,Rajshahi,BD-E,division,,1341.0,,,3,Asia/Dhaka,FALSE,1050844082
Waiaar Khili,Waiaar Khili,Waiaar Khil,22.5473,91.9511,Bangladesh,BD,BGD,Chattogram,Chattogram,BD-B,division,,1512.4,,,3,Asia/Dhaka,FALSE,1050573535
Boālmāri,Boalmari,,23.6818,88.8708,Bangladesh,BD,BGD,Khulna,Khulna,BD-D,division,,1231.8,,,3,Asia/Dhaka,FALSE,1050211360
Boālmāri,Boalmari,,22.5667,89.1000,Bangladesh,BD,BGD,Khulna,Khulna,BD-D,division,,824.9,,,3,Asia/Dhaka,TRUE,1050970881
Boālmāri,Boalmari,,25.0709,89.3569,Bangladesh,BD,BGD,Rājshāhi,Rajshahi,BD-E,division,,1355.6,,,3,Asia/Dhaka,FALSE,1050720775
Boalmari,Boalmari,,26.3514,88.6283,Bangladesh,BD,BGD,Rangpur,Rangpur,BD-F,division,,1334.1,,,3,Asia/Dhaka,FALSE,1050857593
Boālmāri,Boalmari,,26.4362,88.5670,Bangladesh,BD,BGD,Rangpur,Rangpur,BD-F,division,,1334.1,,,3,Asia/Dhaka,TRUE,1050946110
Boālmāri,Boalmari,Boailmari,25.6110,89.8603,Bangladesh,BD,BGD,Rangpur,Rangpur,BD-F,division,,905.8,,,3,Asia/Dhaka,TRUE,1050666806
Boālmari,Boalmari,,25.8678,88.6222,Bangladesh,BD,BGD,Rangpur,Rangpur,BD-F,division,,864.9,,,3,Asia/Dhaka,TRUE,1050497158
Boālmāri,Boalmari,,26.4923,88.4010,Bangladesh,BD,BGD,Rangpur,Rangpur,BD-F,division,,721.8,,,3,Asia/Dhaka,TRUE,1050679211
Boālmari,Boalmari,,26.2531,88.4044,Bangladesh,BD,BGD,Rangpur,Rangpur,BD-F,division,,706.9,,,3,Asia/Dhaka,TRUE,1050574175
Boālmāri,Boalmari,,26.2454,88.6244,Bangladesh,BD,BGD,Rangpur,Rangpur,BD-F,division,,622.5,,,3,Asia/Dhaka,TRUE,1050839572
Belkuchi,Belkuchi,Belkoochee,24.2981,89.7041,Bangladesh,BD,BGD,Rājshāhi,Rajshahi,BD-E,division,,2869.4,,,2,Asia/Dhaka,FALSE,1050711646
Boālmāri,Boalmari,,23.7902,89.5667,Bangladesh,BD,BGD,Dhaka,Dhaka,BD-C,division,,844.8,,,3,Asia/Dhaka,FALSE,1050476044
Chaittrakot,Chaittrakot,Chaitrakol,25.4510,89.1716,Bangladesh,BD,BGD,Rangpur,Rangpur,BD-F,division,,1009.2,,,3,Asia/Dhaka,FALSE,1050847535
Seikhhāti,Seikhhati,,23.1822,89.2261,Bangladesh,BD,BGD,Khulna,Khulna,BD-D,division,,1929.9,,,3,Asia/Dhaka,FALSE,1050000757
Belkuchi,Belkuchi,,25.0625,89.8374,Bangladesh,BD,BGD,Mymensingh,Mymensingh,BD-H,division,,1062.8,,,3,Asia/Dhaka,FALSE,1050873294
Kirtipur,Kirtipur,,23.1122,89.1163,Bangladesh,BD,BGD,Khulna,Khulna,BD-D,division,,1079.7,,,3,Asia/Dhaka,FALSE,1050059589
Māchhiāra,Machhiara,,23.2660,89.8481,Bangladesh,BD,BGD,Dhaka,Dhaka,BD-C,district,,864.1,,,3,Asia/Dhaka,FALSE,1050687222
Belgāchipāra,Belgachipara,,23.9951,88.7701,Bangladesh,BD,BGD,Khulna,Khulna,BD-D,division,,1094.5,,,3,Asia/Dhaka,FALSE,1050244739
Pānālpur,Panalpur,,25.4866,88.9027,Bangladesh,BD,BGD,Rangpur,Rangpur,BD-F,division,,986.7,,,3,Asia/Dhaka,FALSE,1050193045
Digbal Kandi,Digbal Kandi,,25.1175,89.7704,Bangladesh,BD,BGD,Mymensingh,Mymensingh,BD-H,division,,982.1,,,3,Asia/Dhaka,FALSE,1050107453
Bara Brāhmanpāra,Bara Brahmanpara,,23.9066,90.7076,Bangladesh,BD,BGD,Dhaka,Dhaka,BD-C,district,,4260.3,,,2,Asia/Dhaka,FALSE,1050813364
Farāsina,Farasina,,22.6554,90.3090,Bangladesh,BD,BGD,Barishal,Barishal,BD-A,division,,855.0,,,3,Asia/Dhaka,FALSE,1050625877
Kesurbāg,Kesurbag,Keshurbag,23.0500,90.9500,Bangladesh,BD,BGD,Chattogram,Chattogram,BD-B,division,,2106.8,,,2,Asia/Dhaka,FALSE,1050113917
Mymensingh Challisa,Mymensingh Challisa,,24.7663,90.7279,Bangladesh,BD,BGD,Mymensingh,Mymensingh,BD-H,division,,1004.4,,,3,Asia/Dhaka,FALSE,1050835755
Āgarpāra,Agarpara,,23.7708,90.6577,Bangladesh,BD,BGD,Dhaka,Dhaka,BD-C,district,,2881.4,,,2,Asia/Dhaka,FALSE,1050863984
Deokuri,Deokuri,Deukuri,24.9333,89.0000,Bangladesh,BD,BGD,Rājshāhi,Rajshahi,BD-E,division,,1020.7,,,3,Asia/Dhaka,FALSE,1050179295
Azmata,Azmata,,26.0533,89.6687,Bangladesh,BD,BGD,Rangpur,Rangpur,BD-F,division,,1105.7,,,3,Asia/Dhaka,FALSE,1050623825
Pollādānga,Polladanga,,23.5500,89.4833,Bangladesh,BD,BGD,Khulna,Khulna,BD-D,division,,992.8,,,3,Asia/Dhaka,FALSE,1050785570
Chouk,Chouk,Chouka|Chauka,24.7251,88.0772,Bangladesh,BD,BGD,Rājshāhi,Rajshahi,BD-E,division,,1341.0,,,3,Asia/Dhaka,FALSE,1050428398
Sidain,Sidain,Sedain,24.8710,88.6323,Bangladesh,BD,BGD,Rājshāhi,Rajshahi,BD-E,division,,599.9,,,3,Asia/Dhaka,FALSE,1050266346
Thuiaungpāra,Thuiaungpara,,21.7932,92.1156,Bangladesh,BD,BGD,Chattogram,Chattogram,BD-B,division,,778.3,,,3,Asia/Dhaka,FALSE,1050183370
Thuiaungpara,Thuiaungpara,,21.6934,92.3963,Bangladesh,BD,BGD,Chattogram,Chattogram,BD-B,division,,91.0,,,4,Asia/Dhaka,TRUE,1050550893
Kaji Hati,Kaji Hati,Kājiāti,24.8605,90.9706,Bangladesh,BD,BGD,Mymensingh,Mymensingh,BD-H,division,,740.9,,,3,Asia/Dhaka,FALSE,1050673461
Bukrāil,Bukrail,,23.2078,89.7786,Bangladesh,BD,BGD,Dhaka,Dhaka,BD-C,division,,713.2,,,3,Asia/Dhaka,FALSE,1050890210
Bāga,Baga,,24.3115,90.6793,Bangladesh,BD,BGD,Dhaka,Dhaka,BD-C,division,,1592.8,,,3,Asia/Dhaka,FALSE,1050720138
Baga,Baga,,24.5278,90.0356,Bangladesh,BD,BGD,Dhaka,Dhaka,BD-C,division,,998.9,,,3,Asia/Dhaka,TRUE,1050860547
Baga,Baga,,24.3411,90.1478,Bangladesh,BD,BGD,Dhaka,Dhaka,BD-C,division,,680.4,,,3,Asia/Dhaka,TRUE,1050967869
Bil Sulangi,Bil Sulangi,,24.8439,90.6764,Bangladesh,BD,BGD,Mymensingh,Mymensingh,BD-H,division,,1313.3,,,3,Asia/Dhaka,FALSE,1050723202
Sārwārghari,Sarwarghari,,22.2798,89.1776,Bangladesh,BD,BGD,Khulna,Khulna,BD-D,division,,229.2,,,3,Asia/Dhaka,FALSE,1050130633
Nidhirampur,Nidhirampur,,25.4428,89.1298,Bangladesh,BD,BGD,Rangpur,Rangpur,BD-F,division,,766.6,,,3,Asia/Dhaka,FALSE,1050408798
Jot Ismāil,Jot Ismail,,24.6721,88.6427,Bangladesh,BD,BGD,Rājshāhi,Rajshahi,BD-E,division,,1004.9,,,3,Asia/Dhaka,FALSE,1050517520
Baradhul,Baradhul,,24.2667,89.7333,Bangladesh,BD,BGD,Rājshāhi,Rajshahi,BD-E,division,,2869.4,,,2,Asia/Dhaka,FALSE,1050027786
Bara Hānrikānda,Bara Hanrikanda,,23.6490,90.1511,Bangladesh,BD,BGD,Dhaka,Dhaka,BD-C,district,,1538.9,,,3,Asia/Dhaka,FALSE,1050317768
Belgaria,Belgaria,Belgharia,23.8402,89.1069,Bangladesh,BD,BGD,Khulna,Khulna,BD-D,division,,1785.0,,,3,Asia/Dhaka,FALSE,1050070132
Tārāli,Tarali,,22.4941,89.0647,Bangladesh,BD,BGD,Khulna,Khulna,BD-D,division,,824.9,,,3,Asia/Dhaka,FALSE,1050378969
Dhaukhāli,Dhaukhali,,23.3944,89.2786,Bangladesh,BD,BGD,Khulna,Khulna,BD-D,division,,798.8,,,3,Asia/Dhaka,FALSE,1050400241
Paschim Hātiar,Paschim Hatiar,,24.7653,90.8597,Bangladesh,BD,BGD,Mymensingh,Mymensingh,BD-H,division,,819.5,,,3,Asia/Dhaka,FALSE,1050224413
Jābākhāli,Jabakhali,,22.3000,89.1667,Bangladesh,BD,BGD,Khulna,Khulna,BD-D,division,,229.2,,,3,Asia/Dhaka,FALSE,1050365876
Shambhupur,Shambhupur,Sambhupur,25.0491,88.7243,Bangladesh,BD,BGD,Rājshāhi,Rajshahi,BD-E,division,,661.6,,,3,Asia/Dhaka,FALSE,1050519492
Krishna Khola,Krishna Khola,,23.2967,89.8856,Bangladesh,BD,BGD,Dhaka,Dhaka,BD-C,district,,864.1,,,3,Asia/Dhaka,FALSE,1050914750
Palogari,Palogari,,25.2812,89.2138,Bangladesh,BD,BGD,Rangpur,Rangpur,BD-F,division,,899.5,,,3,Asia/Dhaka,FALSE,1050920192
Munsh Kaligram,Munsh Kaligram,,23.2175,89.9657,Bangladesh,BD,BGD,Dhaka,Dhaka,BD-C,division,,864.1,,,3,Asia/Dhaka,FALSE,1050231920
Dohākula,Dohakula,,23.2126,89.3580,Bangladesh,BD,BGD,Khulna,Khulna,BD-D,division,,878.8,,,3,Asia/Dhaka,FALSE,1050877448
Kawākhāli,Kawakhali,,22.6799,92.0089,Bangladesh,BD,BGD,Chattogram,Chattogram,BD-B,division,,283.5,,,3,Asia/Dhaka,FALSE,1050217014
Ārazi Hir,Arazi Hir,,23.9950,89.5474,Bangladesh,BD,BGD,Rājshāhi,Rajshahi,BD-E,division,,1330.0,,,3,Asia/Dhaka,FALSE,1050203665
Pātasikār,Patasikar,,25.5986,89.4559,Bangladesh,BD,BGD,Rangpur,Rangpur,BD-F,division,,1278.8,,,3,Asia/Dhaka,FALSE,1050882781
Kādirpur,Kadirpur,,22.9119,91.1736,Bangladesh,BD,BGD,Chattogram,Chattogram,BD-B,division,,2638.6,,,2,Asia/Dhaka,FALSE,1050543486
Hasdhara,Hasdhara,,25.3361,89.7033,Bangladesh,BD,BGD,Rājshāhi,Rajshahi,BD-E,division,,692.7,,,3,Asia/Dhaka,FALSE,1050997782
Mohan Tepri,Mohan Tepri,,23.8167,89.8833,Bangladesh,BD,BGD,Dhaka,Dhaka,BD-C,district,,1002.5,,,3,Asia/Dhaka,FALSE,1050998420
Satibāri Durgāpur,Satibari Durgapur,,25.5382,89.2921,Bangladesh,BD,BGD,Rangpur,Rangpur,BD-F,division,,1105.6,,,3,Asia/Dhaka,FALSE,1050127072
Nāger Dānguri,Nager Danguri,,24.5831,90.6028,Bangladesh,BD,BGD,Mymensingh,Mymensingh,BD-H,division,,1393.1,,,3,Asia/Dhaka,FALSE,1050462678
Prathamārcheo,Prathamarcheo,Prathamarchheo,24.9198,89.4508,Bangladesh,BD,BGD,Rājshāhi,Rajshahi,BD-E,division,,1431.8,,,3,Asia/Dhaka,FALSE,1050867028
Pāroain,Paroain,,23.2667,91.1833,Bangladesh,BD,BGD,Chattogram,Chattogram,BD-B,division,,1285.8,,,3,Asia/Dhaka,FALSE,1050307247
Bimalergaon,Bimalergaon,,23.2554,90.7575,Bangladesh,BD,BGD,Chattogram,Chattogram,BD-B,division,,2299.8,,,2,Asia/Dhaka,FALSE,1050586505
Teguria,Teguria,,25.1112,88.5744,Bangladesh,BD,BGD,Rājshāhi,Rajshahi,BD-E,division,,734.4,,,3,Asia/Dhaka,FALSE,1050740677
Bazarkāti,Bazarkati,,22.3833,89.0167,Bangladesh,BD,BGD,Khulna,Khulna,BD-D,division,,824.9,,,3,Asia/Dhaka,FALSE,1050873136
Patichāra,Patichara,,25.0664,88.7635,Bangladesh,BD,BGD,Rājshāhi,Rajshahi,BD-E,division,,661.6,,,3,Asia/Dhaka,FALSE,1050453979
Joypāra,Joypara,Jaypāra,23.6215,90.1241,Bangladesh,BD,BGD,Dhaka,Dhaka,BD-C,division,,3452.0,,,2,Asia/Dhaka,FALSE,1050526665
Rāmharīpāra,Ramharipara,,22.0737,92.2394,Bangladesh,BD,BGD,Chattogram,Chattogram,BD-B,division,,235.3,,,3,Asia/Dhaka,FALSE,1050921689
Deora,Deora,,24.9807,88.6769,Bangladesh,BD,BGD,Rājshāhi,Rajshahi,BD-E,division,,808.0,,,3,Asia/Dhaka,FALSE,1050810126
Sarankhola,Sarankhola,Dakshin Rājāpur,22.3132,89.8535,Bangladesh,BD,BGD,Khulna,Khulna,BD-D,division,,219.7,,,3,Asia/Dhaka,FALSE,1050990625
Lakshanic,Lakshanic,,25.7899,88.4228,Bangladesh,BD,BGD,Rangpur,Rangpur,BD-F,division,,787.9,,,3,Asia/Dhaka,FALSE,1050471175
Bīl Putia,Bil Putia,,23.3369,89.6838,Bangladesh,BD,BGD,Dhaka,Dhaka,BD-C,district,,1076.9,,,3,Asia/Dhaka,FALSE,1050533870
Deora,Deora,,23.5690,89.8371,Bangladesh,BD,BGD,Dhaka,Dhaka,BD-C,district,,1527.5,,,3,Asia/Dhaka,FALSE,1050213695
Deora,Deora,,23.3279,90.0601,Bangladesh,BD,BGD,Dhaka,Dhaka,BD-C,district,,1380.7,,,3,Asia/Dhaka,TRUE,1050158525
Sadashibpur,Sadashibpur,,24.7315,88.1550,Bangladesh,BD,BGD,Rājshāhi,Rajshahi,BD-E,division,,1341.0,,,3,Asia/Dhaka,FALSE,1050580947
Barāli,Barali,,23.1187,90.7624,Bangladesh,BD,BGD,Chattogram,Chattogram,BD-B,division,,1790.0,,,3,Asia/Dhaka,FALSE,1050114191
Barāli,Barali,,22.8839,88.9464,Bangladesh,BD,BGD,Khulna,Khulna,BD-D,division,,1011.1,,,3,Asia/Dhaka,FALSE,1050968810
Bisnurampur,Bisnurampur,Bishnurāmpur,23.8235,90.8490,Bangladesh,BD,BGD,Chattogram,Chattogram,BD-B,division,,1771.3,,,3,Asia/Dhaka,FALSE,1050155478
Kharikadam,Kharikadam,,26.0029,88.6522,Bangladesh,BD,BGD,Rangpur,Rangpur,BD-F,division,,864.9,,,3,Asia/Dhaka,FALSE,1050096813
Bishnubāri,Bishnubari,,24.3964,90.7966,Bangladesh,BD,BGD,Dhaka,Dhaka,BD-C,division,,2567.4,,,2,Asia/Dhaka,FALSE,1050056361
Bhālum,Bhalum,,23.9482,90.1402,Bangladesh,BD,BGD,Dhaka,Dhaka,BD-C,division,,1878.1,,,3,Asia/Dhaka,FALSE,1050875622
Kāhadia,Kahadia,,23.8010,90.1683,Bangladesh,BD,BGD,Dhaka,Dhaka,BD-C,division,,1458.0,,,3,Asia/Dhaka,FALSE,1050086808
Dasbasi,Dasbasi,,23.7801,89.2316,Bangladesh,BD,BGD,Khulna,Khulna,BD-D,division,,1181.3,,,3,Asia/Dhaka,FALSE,1050790559
Char Kaliaour,Char Kaliaour,,25.1623,89.7773,Bangladesh,BD,BGD,Mymensingh,Mymensingh,BD-H,division,,880.8,,,3,Asia/Dhaka,FALSE,1050922664
Hātiapāra,Hatiapara,,24.6545,88.9520,Bangladesh,BD,BGD,Rājshāhi,Rajshahi,BD-E,division,,843.6,,,3,Asia/Dhaka,FALSE,1050754869
Bhurdi,Bhurdi,,24.9667,90.1333,Bangladesh,BD,BGD,Mymensingh,Mymensingh,BD-H,division,,1183.3,,,3,Asia/Dhaka,FALSE,1050145426
Gobindapur Bhāluka,Gobindapur Bhaluka,,22.6126,89.1911,Bangladesh,BD,BGD,Khulna,Khulna,BD-D,division,,1254.6,,,3,Asia/Dhaka,FALSE,1050385648
Bhangdhara,Bhangdhara,Bandhara|Bangdhara,24.9494,88.5727,Bangladesh,BD,BGD,Rājshāhi,Rajshahi,BD-E,division,,547.5,,,3,Asia/Dhaka,FALSE,1050412985
Madhypāra,Madhypara,,25.1610,89.4585,Bangladesh,BD,BGD,Rājshāhi,Rajshahi,BD-E,division,,1204.1,,,3,Asia/Dhaka,FALSE,1050400065
Jamtara,Jamtara,,24.6308,88.3493,Bangladesh,BD,BGD,Rājshāhi,Rajshahi,BD-E,division,,1420.4,,,3,Asia/Dhaka,FALSE,1050849502
Chak Bagura,Chak Bagura,,22.5781,89.2945,Bangladesh,BD,BGD,Khulna,Khulna,BD-D,division,,1051.0,,,3,Asia/Dhaka,FALSE,1050877159
Shunoy,Shunoy,Sunai,24.9833,90.9667,Bangladesh,BD,BGD,Sylhet,Sylhet,BD-G,division,,635.0,,,3,Asia/Dhaka,FALSE,1050152834
Sāhārbāti,Saharbati,,23.8281,88.7090,Bangladesh,BD,BGD,Khulna,Khulna,BD-D,division,,968.4,,,3,Asia/Dhaka,FALSE,1050616967
Bangdaha,Bangdaha,,24.5702,88.3662,Bangladesh,BD,BGD,Rājshāhi,Rajshahi,BD-E,division,,848.5,,,3,Asia/Dhaka,FALSE,1050194544
Murāil,Murail,,24.8571,89.2991,Bangladesh,BD,BGD,Rājshāhi,Rajshahi,BD-E,division,,1023.1,,,3,Asia/Dhaka,FALSE,1050882710
Murāil,Murail,,25.0566,89.1452,Bangladesh,BD,BGD,Rājshāhi,Rajshahi,BD-E,division,,973.6,,,3,Asia/Dhaka,TRUE,1050922431
Ājāgara,Ajagara,Ajagora,23.2333,90.9167,Bangladesh,BD,BGD,Chattogram,Chattogram,BD-B,division,,1283.7,,,3,Asia/Dhaka,FALSE,1050987499
Jābarhat,Jabarhat,,25.7737,88.3684,Bangladesh,BD,BGD,Rangpur,Rangpur,BD-F,division,,727.3,,,3,Asia/Dhaka,FALSE,1050247139
Mānpāsa,Manpasa,,22.5864,90.2914,Bangladesh,BD,BGD,Barishal,Barishal,BD-A,division,,855.0,,,3,Asia/Dhaka,FALSE,1050997831
Kulāpāra,Kulapara,,22.6158,92.0150,Bangladesh,BD,BGD,Chattogram,Chattogram,BD-B,division,,288.0,,,3,Asia/Dhaka,FALSE,1050376499
Jagodishpur,Jagodishpur,,22.6842,91.5906,Bangladesh,BD,BGD,Chattogram,Chattogram,BD-B,division,,800.5,,,3,Asia/Dhaka,FALSE,1050122175
Amtalā Dighir,Amtala Dighir,Āmtala Digar,24.6453,90.7799,Bangladesh,BD,BGD,Mymensingh,Mymensingh,BD-H,division,,1004.4,,,3,Asia/Dhaka,FALSE,1050101105
Dhāoākānda,Dhaoakanda,,24.8476,88.4127,Bangladesh,BD,BGD,Rājshāhi,Rajshahi,BD-E,division,,859.6,,,3,Asia/Dhaka,FALSE,1050336641
Dhāmusa,Dhamusa,Damusa,23.0844,90.1517,Bangladesh,BD,BGD,Dhaka,Dhaka,BD-C,district,,968.5,,,3,Asia/Dhaka,FALSE,1050113756
Kumāripāra,Kumaripara,,22.7849,91.8455,Bangladesh,BD,BGD,Chattogram,Chattogram,BD-B,division,,464.0,,,3,Asia/Dhaka,FALSE,1050825154
Kumārīpāra,Kumaripara,,22.9370,91.7836,Bangladesh,BD,BGD,Chattogram,Chattogram,BD-B,division,,238.6,,,3,Asia/Dhaka,TRUE,1050592103
Chak Nandan,Chak Nandan,,25.0281,89.5153,Bangladesh,BD,BGD,Rājshāhi,Rajshahi,BD-E,division,,1579.0,,,3,Asia/Dhaka,FALSE,1050695253
Chak Nandan,Chak Nandan,,25.1085,88.7548,Bangladesh,BD,BGD,Rājshāhi,Rajshahi,BD-E,division,,627.8,,,3,Asia/Dhaka,TRUE,1050322832
Sanaiohrūpāra,Sanaiohrupara,Bamu,21.8500,92.1844,Bangladesh,BD,BGD,Chattogram,Chattogram,BD-B,division,,420.0,,,3,Asia/Dhaka,FALSE,1050318467
Rāicho,Raicho,Raichow|Raycho,23.2333,90.8667,Bangladesh,BD,BGD,Chattogram,Chattogram,BD-B,division,,2171.9,,,2,Asia/Dhaka,FALSE,1050227426
Bara Bāliātor,Bara Baliator,,25.1830,88.9642,Bangladesh,BD,BGD,Rājshāhi,Rajshahi,BD-E,division,,1264.7,,,3,Asia/Dhaka,FALSE,1050538482
Takia Kesabpur,Takia Kesabpur,,25.6638,89.2874,Bangladesh,BD,BGD,Rangpur,Rangpur,BD-F,division,,1105.6,,,3,Asia/Dhaka,FALSE,1050000049
North Mānpāsa,North Manpasa,,22.7140,90.2358,Bangladesh,BD,BGD,Barishal,Barishal,BD-A,division,,1125.9,,,3,Asia/Dhaka,FALSE,1050725929
Debiganj,Debiganj,,26.0805,88.4271,Bangladesh,BD,BGD,Rangpur,Rangpur,BD-F,division,,1002.4,,,3,Asia/Dhaka,FALSE,1050427740
Debiganj,Debiganj,,26.3446,89.0318,Bangladesh,BD,BGD,Rangpur,Rangpur,BD-F,division,,920.3,,,3,Asia/Dhaka,TRUE,1050621593
Debiganj,Debiganj,,26.0928,88.7333,Bangladesh,BD,BGD,Rangpur,Rangpur,BD-F,division,,861.6,,,3,Asia/Dhaka,TRUE,1050119863
Bālādobe,Baladobe,,25.7618,89.7291,Bangladesh,BD,BGD,Rangpur,Rangpur,BD-F,division,,1090.9,,,3,Asia/Dhaka,FALSE,1050520768
Mandirtala,Mandirtala,,25.1349,90.1220,Bangladesh,BD,BGD,Mymensingh,Mymensingh,BD-H,division,,799.1,,,3,Asia/Dhaka,FALSE,1050131064
Gulisakhāli Golkhāli,Gulisakhali Golkhali,,22.2524,90.2670,Bangladesh,BD,BGD,Khulna,Khulna,BD-D,division,,515.2,,,3,Asia/Dhaka,FALSE,1050596905
Kālāgāchhia,Kalagachhia,,23.6884,90.8438,Bangladesh,BD,BGD,Chattogram,Chattogram,BD-B,division,,1849.9,,,3,Asia/Dhaka,FALSE,1050794144
Kalāgāchhia,Kalagachhia,,23.5782,90.5375,Bangladesh,BD,BGD,Dhaka,Dhaka,BD-C,district,,6557.7,,,2,Asia/Dhaka,FALSE,1050105027
Kalāgāchhia,Kalagachhia,Uttar Kalagachhia,23.7645,90.6456,Bangladesh,BD,BGD,Dhaka,Dhaka,BD-C,district,,2881.4,,,2,Asia/Dhaka,TRUE,1050910661
Kalagāchhia,Kalagachhia,Uttar Kalagachhia|North Kalāgāchhia,23.1472,90.0915,Bangladesh,BD,BGD,Dhaka,Dhaka,BD-C,district,,1008.4,,,3,Asia/Dhaka,TRUE,1050524610
Kalāgāchhia,Kalagachhia,,22.3231,90.1534,Bangladesh,BD,BGD,Barishal,Barishal,BD-A,division,,789.2,,,3,Asia/Dhaka,FALSE,1050696304
Kalāgāchhia,Kalagachhia,,23.3114,89.5538,Bangladesh,BD,BGD,Khulna,Khulna,BD-D,division,,1005.4,,,3,Asia/Dhaka,FALSE,1050372348
Kalagachhia,Kalagachhia,,22.4084,90.2545,Bangladesh,BD,BGD,Khulna,Khulna,BD-D,division,,863.8,,,3,Asia/Dhaka,TRUE,1050900067
Kalāgāchhia,Kalagachhia,Kalagachia,22.2827,90.4207,Bangladesh,BD,BGD,Khulna,Khulna,BD-D,division,,442.5,,,3,Asia/Dhaka,TRUE,1050715129
Mekurāi,Mekurai,,25.1069,89.3900,Bangladesh,BD,BGD,Rājshāhi,Rajshahi,BD-E,division,,1204.1,,,3,Asia/Dhaka,FALSE,1050692716
Qāsimnagar,Qasimnagar,,23.8662,89.5470,Bangladesh,BD,BGD,Rājshāhi,Rajshahi,BD-E,division,,912.3,,,3,Asia/Dhaka,FALSE,1050680250
Qāsimnagar,Qasimnagar,Kāsimnagar,23.9758,90.0912,Bangladesh,BD,BGD,Dhaka,Dhaka,BD-C,division,,1878.1,,,3,Asia/Dhaka,FALSE,1050696409
Bīlāsi,Bilasi,,24.5367,88.5070,Bangladesh,BD,BGD,Rājshāhi,Rajshahi,BD-E,division,,848.5,,,3,Asia/Dhaka,FALSE,1050926418
West Chunakhāli,West Chunakhali,,22.2000,90.2833,Bangladesh,BD,BGD,Khulna,Khulna,BD-D,division,,515.2,,,3,Asia/Dhaka,FALSE,1050146130
Thākurpāra,Thakurpara,,26.2959,88.6187,Bangladesh,BD,BGD,Rangpur,Rangpur,BD-F,division,,622.5,,,3,Asia/Dhaka,FALSE,1050012210
Shakur Hāt,Shakur Hat,,22.7489,91.5339,Bangladesh,BD,BGD,Chattogram,Chattogram,BD-B,division,,800.5,,,3,Asia/Dhaka,FALSE,1050190584
Bera Malia,Bera Malia,,25.3431,89.0778,Bangladesh,BD,BGD,Rangpur,Rangpur,BD-F,division,,766.6,,,3,Asia/Dhaka,FALSE,1050000363
Weliabad,Weliabad,,20.8604,92.2921,Bangladesh,BD,BGD,Chattogram,Chattogram,BD-B,division,,1051.4,,,3,Asia/Dhaka,FALSE,1050860623
Sukbilas,Sukbilas,,22.3518,92.1186,Bangladesh,BD,BGD,Chattogram,Chattogram,BD-B,division,,1145.6,,,3,Asia/Dhaka,FALSE,1050522764
Harindia,Harindia,,23.1200,88.9665,Bangladesh,BD,BGD,Khulna,Khulna,BD-D,division,,1137.9,,,3,Asia/Dhaka,FALSE,1050853854
Gargaran,Gargaran,Garergaon,24.5667,92.0500,Bangladesh,BD,BGD,Sylhet,Sylhet,BD-G,division,,829.8,,,3,Asia/Dhaka,FALSE,1050205058
Sannyasi Danda,Sannyasi Danda,,23.9184,89.6402,Bangladesh,BD,BGD,Rājshāhi,Rajshahi,BD-E,division,,1340.2,,,3,Asia/Dhaka,FALSE,1050948698
Ratnaipāra,Ratnaipara,,26.1370,88.1954,Bangladesh,BD,BGD,Rangpur,Rangpur,BD-F,division,,793.1,,,3,Asia/Dhaka,FALSE,1050932485
Manjalia,Manjalia,,25.1331,89.8970,Bangladesh,BD,BGD,Mymensingh,Mymensingh,BD-H,division,,952.8,,,3,Asia/Dhaka,FALSE,1050764040
Ijdia,Ijdia,,23.7692,89.9682,Bangladesh,BD,BGD,Dhaka,Dhaka,BD-C,division,,1041.1,,,3,Asia/Dhaka,FALSE,1050791168
Dhanair Char,Dhanair Char,,23.9500,90.7000,Bangladesh,BD,BGD,Dhaka,Dhaka,BD-C,district,,2446.6,,,2,Asia/Dhaka,FALSE,1050558338
Dulubania,Dulubania,,22.6648,92.5000,Bangladesh,BD,BGD,Chattogram,Chattogram,BD-B,division,,73.2,,,4,Asia/Dhaka,FALSE,1050478469
Kāsunda,Kasunda,,24.5861,88.9868,Bangladesh,BD,BGD,Rājshāhi,Rajshahi,BD-E,division,,843.6,,,3,Asia/Dhaka,FALSE,1050774742
Nalgora,Nalgora,,22.8667,90.6500,Bangladesh,BD,BGD,Barishal,Barishal,BD-A,division,,863.6,,,3,Asia/Dhaka,FALSE,1050084677
Dhākkāmāra,Dhakkamara,,26.3683,88.5425,Bangladesh,BD,BGD,Rangpur,Rangpur,BD-F,division,,1334.1,,,3,Asia/Dhaka,FALSE,1050931066
Nalgora,Nalgora,,23.7644,90.0365,Bangladesh,BD,BGD,Dhaka,Dhaka,BD-C,division,,1694.0,,,3,Asia/Dhaka,FALSE,1050724810
Nalgorā,Nalgora,,23.3616,90.1541,Bangladesh,BD,BGD,Dhaka,Dhaka,BD-C,division,,1572.5,,,3,Asia/Dhaka,TRUE,1050275398
Dahar Sankar,Dahar Sankar,,22.5825,90.1735,Bangladesh,BD,BGD,Barishal,Barishal,BD-A,division,,957.8,,,3,Asia/Dhaka,FALSE,1050125389
Azizullāh,Azizullah,,25.6916,89.2882,Bangladesh,BD,BGD,Rangpur,Rangpur,BD-F,division,,2453.6,,,2,Asia/Dhaka,FALSE,1050390642
Sundari Hātgāchh,Sundari Hatgachh,,25.9184,88.6343,Bangladesh,BD,BGD,Rangpur,Rangpur,BD-F,division,,864.9,,,3,Asia/Dhaka,FALSE,1050460153
Kārgāchh,Kargachh,,26.4823,88.4774,Bangladesh,BD,BGD,Rangpur,Rangpur,BD-F,division,,721.8,,,3,Asia/Dhaka,FALSE,1050852479
Kargāchh,Kargachh,,26.3486,88.4516,Bangladesh,BD,BGD,Rangpur,Rangpur,BD-F,division,,694.0,,,3,Asia/Dhaka,TRUE,1050439128
Bangabāri,Bangabari,Bangahāri|Bungabaree,24.8587,88.2860,Bangladesh,BD,BGD,Rājshāhi,Rajshahi,BD-E,division,,1008.6,,,3,Asia/Dhaka,FALSE,1050762169
Lashkarpur,Lashkarpur,,22.8292,90.1955,Bangladesh,BD,BGD,Barishal,Barishal,BD-A,division,,1176.6,,,3,Asia/Dhaka,FALSE,1050507500
Lashkarpur,Lashkarpur,,21.9214,90.1531,Bangladesh,BD,BGD,Barishal,Barishal,BD-A,division,,568.6,,,3,Asia/Dhaka,TRUE,1050009589
Lashkarpur,Lashkarpur,,25.7445,88.6247,Bangladesh,BD,BGD,Rangpur,Rangpur,BD-F,division,,821.8,,,3,Asia/Dhaka,FALSE,1050190519
Chhāihāta,Chhaihata,,24.8176,89.5440,Bangladesh,BD,BGD,Rājshāhi,Rajshahi,BD-E,division,,894.4,,,3,Asia/Dhaka,FALSE,1050489179
Lashkarpur,Lashkarpur,,24.8129,88.2038,Bangladesh,BD,BGD,Rājshāhi,Rajshahi,BD-E,division,,1341.0,,,3,Asia/Dhaka,FALSE,1050920288
Ranbaila Char,Ranbaila Char,,23.2167,90.7667,Bangladesh,BD,BGD,Chattogram,Chattogram,BD-B,division,,2631.0,,,2,Asia/Dhaka,FALSE,1050456827
Gābtāli Hāt,Gabtali Hat,,23.7643,90.5812,Bangladesh,BD,BGD,Dhaka,Dhaka,BD-C,district,,3004.1,,,2,Asia/Dhaka,FALSE,1050220113
Ghoshbagh,Ghoshbagh,,22.7161,91.2125,Bangladesh,BD,BGD,Chattogram,Chattogram,BD-B,division,,1154.7,,,3,Asia/Dhaka,FALSE,1050333363
Lodaria,Lodaria,,23.9167,90.5000,Bangladesh,BD,BGD,Dhaka,Dhaka,BD-C,district,,2849.6,,,2,Asia/Dhaka,FALSE,1050521921
Chandina,Chandina,,23.4907,91.0123,Bangladesh,BD,BGD,Chattogram,Chattogram,BD-B,division,,2052.7,,,2,Asia/Dhaka,FALSE,1050765415
Chandina,Chandina,,25.0141,89.3179,Bangladesh,BD,BGD,Rājshāhi,Rajshahi,BD-E,division,,1355.6,,,3,Asia/Dhaka,FALSE,1050455368
Ekdanta Debettar,Ekdanta Debettar,Ekdanta Debottar,24.0661,89.3416,Bangladesh,BD,BGD,Rājshāhi,Rajshahi,BD-E,division,,1752.6,,,3,Asia/Dhaka,FALSE,1050592487
Silghāta,Silghata,,22.2060,92.1403,Bangladesh,BD,BGD,Chattogram,Chattogram,BD-B,division,,1344.2,,,3,Asia/Dhaka,FALSE,1050125488
Manakura,Manakura,,25.1360,90.1725,Bangladesh,BD,BGD,Mymensingh,Mymensingh,BD-H,division,,799.1,,,3,Asia/Dhaka,FALSE,1050962599
Joāner Char,Joaner Char,,25.4198,89.7896,Bangladesh,BD,BGD,Mymensingh,Mymensingh,BD-H,division,,1507.2,,,3,Asia/Dhaka,FALSE,1050902759
Paindanga,Paindanga,,22.7911,91.7347,Bangladesh,BD,BGD,Chattogram,Chattogram,BD-B,division,,785.5,,,3,Asia/Dhaka,FALSE,1050987661
Āicha,Aicha,,22.7673,90.3885,Bangladesh,BD,BGD,Barishal,Barishal,BD-A,division,,906.0,,,3,Asia/Dhaka,FALSE,1050383934
Shirājbandar,Shirajbandar,,26.2998,88.9440,Bangladesh,BD,BGD,Rangpur,Rangpur,BD-F,division,,920.3,,,3,Asia/Dhaka,FALSE,1050000545
Dakshin Putāil,Dakshin Putail,,23.7997,90.0129,Bangladesh,BD,BGD,Dhaka,Dhaka,BD-C,division,,1694.0,,,3,Asia/Dhaka,FALSE,1050067552
Lohāchura,Lohachura,,24.7216,88.9966,Bangladesh,BD,BGD,Rājshāhi,Rajshahi,BD-E,division,,757.4,,,3,Asia/Dhaka,FALSE,1050774373
Sekānipāra,Sekanipara,Sekhālipāra,24.4770,88.4359,Bangladesh,BD,BGD,Rājshāhi,Rajshahi,BD-E,division,,848.5,,,3,Asia/Dhaka,FALSE,1050000346
Peorāit,Peorait,,24.1531,90.6044,Bangladesh,BD,BGD,Dhaka,Dhaka,BD-C,division,,1537.0,,,3,Asia/Dhaka,FALSE,1050625341
Kader Char,Kader Char,,26.0632,89.7928,Bangladesh,BD,BGD,Rangpur,Rangpur,BD-F,division,,1180.8,,,3,Asia/Dhaka,FALSE,1050999400
Lohāchura,Lohachura,,23.3103,89.9041,Bangladesh,BD,BGD,Dhaka,Dhaka,BD-C,district,,869.2,,,3,Asia/Dhaka,FALSE,1050226487
Bhulākāndi,Bhulakandi,Bhuiakāndi,23.8022,90.6801,Bangladesh,BD,BGD,Dhaka,Dhaka,BD-C,district,,3853.5,,,2,Asia/Dhaka,FALSE,1050326972
Bara Kāika,Bara Kaika,,24.2631,90.5429,Bangladesh,BD,BGD,Dhaka,Dhaka,BD-C,division,,1537.0,,,3,Asia/Dhaka,FALSE,1050616926
Kāligaon Muhammadpur,Kaligaon Muhammadpur,,24.7007,88.6707,Bangladesh,BD,BGD,Rājshāhi,Rajshahi,BD-E,division,,1004.9,,,3,Asia/Dhaka,FALSE,1050586603
Krishnapur Chak Basta,Krishnapur Chak Basta,,23.7000,91.1500,Bangladesh,BD,BGD,Chattogram,Chattogram,BD-B,division,,1400.8,,,3,Asia/Dhaka,FALSE,1050678344
Mirgunj,Mirgunj,,24.2307,88.7468,Bangladesh,BD,BGD,Rājshāhi,Rajshahi,BD-E,division,,1110.5,,,3,Asia/Dhaka,FALSE,1050915705
Kālapura,Kalapura,Kālupura,22.7825,90.6720,Bangladesh,BD,BGD,Barishal,Barishal,BD-A,division,,1669.9,,,3,Asia/Dhaka,FALSE,1050279703
Bal Tabak,Bal Tabak,,21.9895,90.1250,Bangladesh,BD,BGD,Barishal,Barishal,BD-A,division,,515.2,,,3,Asia/Dhaka,FALSE,1050698070
Dāmgāra,Damgara,,24.9229,89.2486,Bangladesh,BD,BGD,Rājshāhi,Rajshahi,BD-E,division,,1023.1,,,3,Asia/Dhaka,FALSE,1050554470
Noāli,Noali,,22.9590,89.1028,Bangladesh,BD,BGD,Khulna,Khulna,BD-D,division,,1067.8,,,3,Asia/Dhaka,FALSE,1050509662
Rāmpāra,Rampara,,23.4576,89.1422,Bangladesh,BD,BGD,Khulna,Khulna,BD-D,division,,1093.4,,,3,Asia/Dhaka,FALSE,1050596588
Rāmpāra,Rampara,,24.2931,88.9005,Bangladesh,BD,BGD,Rājshāhi,Rajshahi,BD-E,division,,1044.3,,,3,Asia/Dhaka,FALSE,1050553432
Sobanpāra,Sobanpara,,24.4500,88.8833,Bangladesh,BD,BGD,Rājshāhi,Rajshahi,BD-E,division,,1179.5,,,3,Asia/Dhaka,FALSE,1050173377
Azizpur Jot,Azizpur Jot,,26.4081,88.9860,Bangladesh,BD,BGD,Rangpur,Rangpur,BD-F,division,,920.3,,,3,Asia/Dhaka,FALSE,1050090889
Ketra,Ketra,,25.3704,88.9237,Bangladesh,BD,BGD,Rangpur,Rangpur,BD-F,division,,996.6,,,3,Asia/Dhaka,FALSE,1050669028
Karoi,Karoi,,22.4917,89.5833,Bangladesh,BD,BGD,Khulna,Khulna,BD-D,division,,208.4,,,3,Asia/Dhaka,FALSE,1050649677
Nāthpāra,Nathpara,,21.8522,92.0518,Bangladesh,BD,BGD,Chattogram,Chattogram,BD-B,division,,1080.3,,,3,Asia/Dhaka,FALSE,1050909255
Hāt Jaypur,Hat Jaypur,Hatjoypur,23.6692,89.7150,Bangladesh,BD,BGD,Dhaka,Dhaka,BD-C,division,,1389.6,,,3,Asia/Dhaka,FALSE,1050563373
Uttar Dattapāra,Uttar Dattapara,,23.8715,90.3208,Bangladesh,BD,BGD,Dhaka,Dhaka,BD-C,district,,5420.4,,,2,Asia/Dhaka,FALSE,1050409834
Adairpara,Adairpara,,24.4443,88.4429,Bangladesh,BD,BGD,Rājshāhi,Rajshahi,BD-E,division,,848.5,,,3,Asia/Dhaka,FALSE,1050000986
Ādhāipur,Adhaipur,,24.9851,88.9437,Bangladesh,BD,BGD,Rājshāhi,Rajshahi,BD-E,division,,979.7,,,3,Asia/Dhaka,FALSE,1050763705
Chhit Nalgram,Chhit Nalgram,,26.2434,89.1847,Bangladesh,BD,BGD,Rangpur,Rangpur,BD-F,division,,1125.6,,,3,Asia/Kolkata,FALSE,1050152117
Pilkunja,Pilkunja,,24.9008,89.2407,Bangladesh,BD,BGD,Rājshāhi,Rajshahi,BD-E,division,,1023.1,,,3,Asia/Dhaka,FALSE,1050525410
Molla Pāra,Molla Para,,22.3386,89.1910,Bangladesh,BD,BGD,Khulna,Khulna,BD-D,division,,229.2,,,3,Asia/Dhaka,FALSE,1050255652
Chhota Gajāra,Chhota Gajara,,24.2293,90.8328,Bangladesh,BD,BGD,Dhaka,Dhaka,BD-C,division,,1626.5,,,3,Asia/Dhaka,FALSE,1050018512
Āsāpur,Asapur,,24.0136,90.1806,Bangladesh,BD,BGD,Dhaka,Dhaka,BD-C,division,,2498.1,,,2,Asia/Dhaka,FALSE,1050193783
Āsāpur,Asapur,,23.8986,89.9176,Bangladesh,BD,BGD,Dhaka,Dhaka,BD-C,division,,1072.0,,,3,Asia/Dhaka,TRUE,1050929545
Lainkalangpāra,Lainkalangpara,,21.8000,92.4333,Bangladesh,BD,BGD,Chattogram,Chattogram,BD-B,division,,31.4,,,4,Asia/Dhaka,FALSE,1050521047
Pasōribunia,Pasoribunia,,22.2748,90.2385,Bangladesh,BD,BGD,Barishal,Barishal,BD-A,division,,515.2,,,3,Asia/Dhaka,FALSE,1050894326
Durgādāspur,Durgadaspur,,23.0027,90.9064,Bangladesh,BD,BGD,Chattogram,Chattogram,BD-B,division,,1633.2,,,3,Asia/Dhaka,FALSE,1050251374
Uttar Khilgrām,Uttar Khilgram,South Khilgrām|South Kaligram,23.0753,90.1451,Bangladesh,BD,BGD,Dhaka,Dhaka,BD-C,district,,968.5,,,3,Asia/Dhaka,FALSE,1050398776
Baldhi,Baldhi,,24.3456,90.0018,Bangladesh,BD,BGD,Dhaka,Dhaka,BD-C,division,,1540.4,,,3,Asia/Dhaka,FALSE,1050233671
Monigrām,Monigram,Manigrām,24.2158,88.7965,Bangladesh,BD,BGD,Rājshāhi,Rajshahi,BD-E,division,,1110.5,,,3,Asia/Dhaka,FALSE,1050887537
Terasri,Terasri,,23.9291,89.8708,Bangladesh,BD,BGD,Dhaka,Dhaka,BD-C,division,,1072.0,,,3,Asia/Dhaka,FALSE,1050509595
Ganar Kuthi,Ganar Kuthi,,26.0815,89.7435,Bangladesh,BD,BGD,Rangpur,Rangpur,BD-F,division,,1180.8,,,3,Asia/Dhaka,FALSE,1050292501
Inkhur,Inkhur,,25.1128,89.1970,Bangladesh,BD,BGD,Rājshāhi,Rajshahi,BD-E,division,,973.6,,,3,Asia/Dhaka,FALSE,1050055171
Bāgānpāra,Baganpara,,24.4187,88.4567,Bangladesh,BD,BGD,Rājshāhi,Rajshahi,BD-E,division,,848.5,,,3,Asia/Dhaka,FALSE,1050113255
Maldahakhanda,Maldahakhanda,,25.8360,88.1205,Bangladesh,BD,BGD,Rangpur,Rangpur,BD-F,division,,839.3,,,3,Asia/Dhaka,FALSE,1050368197
Gāmāirtala,Gamairtala,,21.9665,90.1946,Bangladesh,BD,BGD,Barishal,Barishal,BD-A,division,,568.6,,,3,Asia/Dhaka,FALSE,1050898765
Mahishāpura,Mahishapura,Mahisapur,23.5701,89.6219,Bangladesh,BD,BGD,Dhaka,Dhaka,BD-C,division,,1034.3,,,3,Asia/Dhaka,FALSE,1050659007
Padmakot,Padmakot,,23.5708,90.9745,Bangladesh,BD,BGD,Chattogram,Chattogram,BD-B,division,,2064.1,,,2,Asia/Dhaka,FALSE,1050520779
Gobardhankuthi,Gobardhankuthi,,25.9439,89.6693,Bangladesh,BD,BGD,Rangpur,Rangpur,BD-F,division,,1105.5,,,3,Asia/Dhaka,FALSE,1050675613
Pāikār Char,Paikar Char,,23.8199,90.7155,Bangladesh,BD,BGD,Dhaka,Dhaka,BD-C,district,,4123.5,,,2,Asia/Dhaka,FALSE,1050880499
Loknakanda,Loknakanda,Ruknākānda,24.7415,90.5411,Bangladesh,BD,BGD,Mymensingh,Mymensingh,BD-H,division,,1628.0,,,3,Asia/Dhaka,FALSE,1050476183
Surjyata,Surjyata,,24.8823,89.1053,Bangladesh,BD,BGD,Rājshāhi,Rajshahi,BD-E,division,,1197.7,,,3,Asia/Dhaka,FALSE,1050777934
Āitala,Aitala,,22.6366,89.1665,Bangladesh,BD,BGD,Khulna,Khulna,BD-D,division,,1254.6,,,3,Asia/Dhaka,FALSE,1050938351
Kordi,Kordi,Kardi,23.1412,90.1941,Bangladesh,BD,BGD,Dhaka,Dhaka,BD-C,district,,1129.4,,,3,Asia/Dhaka,FALSE,1050868083
Kordi,Kordi,,23.2613,90.7971,Bangladesh,BD,BGD,Chattogram,Chattogram,BD-B,division,,2171.9,,,2,Asia/Dhaka,FALSE,1050500955
Baraiākuri,Baraiakuri,,23.6144,90.8706,Bangladesh,BD,BGD,Chattogram,Chattogram,BD-B,division,,1697.1,,,3,Asia/Dhaka,FALSE,1050178274
Sundartola,Sundartola,,22.4094,89.6351,Bangladesh,BD,BGD,Khulna,Khulna,BD-D,division,,92.3,,,4,Asia/Dhaka,FALSE,1050110000
Bhāgna,Bhagna,,24.5629,88.5427,Bangladesh,BD,BGD,Rājshāhi,Rajshahi,BD-E,division,,720.6,,,3,Asia/Dhaka,FALSE,1050893296
Kumārdaha,Kumardaha,,23.7193,89.9613,Bangladesh,BD,BGD,Dhaka,Dhaka,BD-C,district,,1041.1,,,3,Asia/Dhaka,FALSE,1050881135
Anadebjur,Anadebjur,,25.4478,89.0738,Bangladesh,BD,BGD,Rangpur,Rangpur,BD-F,division,,766.6,,,3,Asia/Dhaka,FALSE,1050835983
Teonāi,Teonai,,23.4500,91.0500,Bangladesh,BD,BGD,Chattogram,Chattogram,BD-B,division,,1995.4,,,3,Asia/Dhaka,FALSE,1050503413
Harinākānda,Harinakanda,Chandpur,24.8031,90.1505,Bangladesh,BD,BGD,Mymensingh,Mymensingh,BD-H,division,,1260.8,,,3,Asia/Dhaka,FALSE,1050593873
Harinākānda,Harinakanda,,24.9090,90.3616,Bangladesh,BD,BGD,Mymensingh,Mymensingh,BD-H,division,,1135.1,,,3,Asia/Dhaka,TRUE,1050929383
Bānkarghoja,Bankarghoja,,22.7245,88.9785,Bangladesh,BD,BGD,Khulna,Khulna,BD-D,division,,1356.3,,,3,Asia/Dhaka,FALSE,1050354344
Jāgir Deuli,Jagir Deuli,,23.3000,89.7333,Bangladesh,BD,BGD,Dhaka,Dhaka,BD-C,district,,801.9,,,3,Asia/Dhaka,FALSE,1050229411
Chak Nur Muhammad,Chak Nur Muhammad,,24.1833,88.9000,Bangladesh,BD,BGD,Rājshāhi,Rajshahi,BD-E,division,,1380.3,,,3,Asia/Dhaka,FALSE,1050815791
Khānrpāra,Khanrpara,,23.9533,89.4155,Bangladesh,BD,BGD,Rājshāhi,Rajshahi,BD-E,division,,1360.0,,,3,Asia/Dhaka,FALSE,1050428163
Dhalhara Sambhu,Dhalhara Sambhu,,23.6670,89.3144,Bangladesh,BD,BGD,Khulna,Khulna,BD-D,division,,1084.0,,,3,Asia/Dhaka,FALSE,1050634228
Munsifpur,Munsifpur,,23.1553,89.2947,Bangladesh,BD,BGD,Khulna,Khulna,BD-D,division,,1929.9,,,3,Asia/Dhaka,FALSE,1050757690
Lonsingha,Lonsingha,Lonsinha,23.2872,90.4147,Bangladesh,BD,BGD,Dhaka,Dhaka,BD-C,district,,1414.8,,,3,Asia/Dhaka,FALSE,1050225747
Rāighāta,Raighata,,21.9903,92.1829,Bangladesh,BD,BGD,Chattogram,Chattogram,BD-B,division,,1362.4,,,3,Asia/Dhaka,FALSE,1050430460
Ekhulia,Ekhulia,,22.6712,91.7741,Bangladesh,BD,BGD,Chattogram,Chattogram,BD-B,division,,785.5,,,3,Asia/Dhaka,FALSE,1050288651
Bāraikaran,Baraikaran,,22.6177,90.2182,Bangladesh,BD,BGD,Barishal,Barishal,BD-A,division,,901.5,,,3,Asia/Dhaka,FALSE,1050515541
Char Juniādaha,Char Juniadaha,,24.0667,88.9000,Bangladesh,BD,BGD,Khulna,Khulna,BD-D,division,,1099.2,,,3,Asia/Dhaka,FALSE,1050564181
Pāika,Paika,,23.6749,90.5988,Bangladesh,BD,BGD,Dhaka,Dhaka,BD-C,district,,3456.4,,,2,Asia/Dhaka,FALSE,1050503022
Paika,Paika,,25.3137,89.4195,Bangladesh,BD,BGD,Rangpur,Rangpur,BD-F,division,,1373.4,,,3,Asia/Dhaka,FALSE,1050455821
Chakoa,Chakoa,,24.2650,90.5941,Bangladesh,BD,BGD,Mymensingh,Mymensingh,BD-H,division,,1266.3,,,3,Asia/Dhaka,FALSE,1050750096
Uttar Mominpur,Uttar Mominpur,Uttar Maminpur,25.7613,89.1187,Bangladesh,BD,BGD,Rangpur,Rangpur,BD-F,division,,2453.6,,,2,Asia/Dhaka,FALSE,1050192261
Kālāinagar,Kalainagar,,23.8020,90.8207,Bangladesh,BD,BGD,Chattogram,Chattogram,BD-B,division,,1774.1,,,3,Asia/Dhaka,FALSE,1050099250
Kodala,Kodala,Kadāla,22.4496,92.1072,Bangladesh,BD,BGD,Chattogram,Chattogram,BD-B,division,,1145.6,,,3,Asia/Dhaka,FALSE,1050930850
Nagar Chāchkia,Nagar Chachkia,Nagar,24.0933,89.3404,Bangladesh,BD,BGD,Rājshāhi,Rajshahi,BD-E,division,,960.7,,,3,Asia/Dhaka,FALSE,1050809956
Padmapāra,Padmapara,,24.8631,89.4242,Bangladesh,BD,BGD,Rājshāhi,Rajshahi,BD-E,division,,2861.9,,,2,Asia/Dhaka,FALSE,1050471346
Ratilampur,Ratilampur,Ratirāmpur,25.7923,89.1516,Bangladesh,BD,BGD,Rangpur,Rangpur,BD-F,division,,2453.6,,,2,Asia/Dhaka,FALSE,1050633177
Palāshtāri,Palashtari,,24.8193,88.2475,Bangladesh,BD,BGD,Rājshāhi,Rajshahi,BD-E,division,,1003.0,,,3,Asia/Dhaka,FALSE,1050538186
Swaruper Jhop,Swaruper Jhop,,24.0402,88.9344,Bangladesh,BD,BGD,Khulna,Khulna,BD-D,division,,1646.2,,,3,Asia/Dhaka,FALSE,1050269520
Udhanpāra,Udhanpara,,24.1914,88.9109,Bangladesh,BD,BGD,Rājshāhi,Rajshahi,BD-E,division,,1380.3,,,3,Asia/Dhaka,FALSE,1050526755
Ramchandrapur,Ramchandrapur,,25.2783,89.5192,Bangladesh,BD,BGD,Rangpur,Rangpur,BD-F,division,,1599.6,,,3,Asia/Dhaka,FALSE,1050188250
Rāmchandrapur,Ramchandrapur,,25.5607,88.6915,Bangladesh,BD,BGD,Rangpur,Rangpur,BD-F,division,,1506.6,,,3,Asia/Dhaka,TRUE,1050555390
Rāmchandrapur,Ramchandrapur,,25.6803,89.3713,Bangladesh,BD,BGD,Rangpur,Rangpur,BD-F,division,,1278.8,,,3,Asia/Dhaka,TRUE,1050861245
Ramchandrapur,Ramchandrapur,,25.6341,89.2018,Bangladesh,BD,BGD,Rangpur,Rangpur,BD-F,division,,1105.6,,,3,Asia/Dhaka,TRUE,1050091112
Ramchandrapur,Ramchandrapur,,25.4905,89.1787,Bangladesh,BD,BGD,Rangpur,Rangpur,BD-F,division,,1009.2,,,3,Asia/Dhaka,TRUE,1050531587
Rāmchandrapur,Ramchandrapur,,25.4373,88.8425,Bangladesh,BD,BGD,Rangpur,Rangpur,BD-F,division,,986.7,,,3,Asia/Dhaka,TRUE,1050907929
Rāmchandrapur,Ramchandrapur,,25.4953,88.9715,Bangladesh,BD,BGD,Rangpur,Rangpur,BD-F,division,,986.7,,,3,Asia/Dhaka,TRUE,1050967635
Rāmchandrapur,Ramchandrapur,,25.5660,88.9127,Bangladesh,BD,BGD,Rangpur,Rangpur,BD-F,division,,938.9,,,3,Asia/Dhaka,TRUE,1050483994
Ramchandrapur,Ramchandrapur,,25.6298,88.4671,Bangladesh,BD,BGD,Rangpur,Rangpur,BD-F,division,,807.5,,,3,Asia/Dhaka,TRUE,1050342787
Rāmchandrapur,Ramchandrapur,,25.7041,88.5545,Bangladesh,BD,BGD,Rangpur,Rangpur,BD-F,division,,807.5,,,3,Asia/Dhaka,TRUE,1050705169
Rāmchandrapur,Ramchandrapur,,25.6548,88.5560,Bangladesh,BD,BGD,Rangpur,Rangpur,BD-F,division,,807.5,,,3,Asia/Dhaka,TRUE,1050804672
Pariālpur,Parialpur,,25.8015,88.4268,Bangladesh,BD,BGD,Rangpur,Rangpur,BD-F,division,,787.9,,,3,Asia/Dhaka,FALSE,1050418570
Kaltāpāra,Kaltapara,,24.7417,90.5164,Bangladesh,BD,BGD,Mymensingh,Mymensingh,BD-H,division,,1163.5,,,3,Asia/Dhaka,FALSE,1050842956
Sujar,Sujar,,24.9938,88.7511,Bangladesh,BD,BGD,Rājshāhi,Rajshahi,BD-E,division,,771.6,,,3,Asia/Dhaka,FALSE,1050000143
Gutiāra,Gutiara,,23.9662,90.3828,Bangladesh,BD,BGD,Dhaka,Dhaka,BD-C,division,,8356.1,,,2,Asia/Dhaka,FALSE,1050695614
Balabhadrapur,Balabhadrapur,Balbhadrapur,23.3512,89.5662,Bangladesh,BD,BGD,Khulna,Khulna,BD-D,division,,1005.4,,,3,Asia/Dhaka,FALSE,1050159806
Pār Madhukhāli,Par Madhukhali,,22.6468,89.3986,Bangladesh,BD,BGD,Khulna,Khulna,BD-D,division,,1051.0,,,3,Asia/Dhaka,FALSE,1050364720
Bātābānia,Batabania,Bātābāria,23.3298,90.9568,Bangladesh,BD,BGD,Chattogram,Chattogram,BD-B,division,,1693.7,,,3,Asia/Dhaka,FALSE,1050850203
Dhārra,Dharra,,23.7768,90.0602,Bangladesh,BD,BGD,Dhaka,Dhaka,BD-C,division,,1472.1,,,3,Asia/Dhaka,FALSE,1050659184
Kiārīgaon,Kiarigaon,,26.0609,88.5428,Bangladesh,BD,BGD,Rangpur,Rangpur,BD-F,division,,1002.4,,,3,Asia/Dhaka,FALSE,1050070975
Bania Para,Bania Para,,23.8241,89.0892,Bangladesh,BD,BGD,Khulna,Khulna,BD-D,division,,1785.0,,,3,Asia/Dhaka,FALSE,1050513261
Tepurākāndi,Tepurakandi,,23.6296,89.8554,Bangladesh,BD,BGD,Dhaka,Dhaka,BD-C,district,,1527.5,,,3,Asia/Dhaka,FALSE,1050861928
Bhaijora,Bhaijora,,22.2333,90.0275,Bangladesh,BD,BGD,Barishal,Barishal,BD-A,division,,1048.8,,,3,Asia/Dhaka,FALSE,1050151482
Bhāijora,Bhaijora,,21.9716,90.1200,Bangladesh,BD,BGD,Barishal,Barishal,BD-A,division,,515.2,,,3,Asia/Dhaka,TRUE,1050277883
Ziānagar,Zianagar,Jiānagar,24.9917,88.7964,Bangladesh,BD,BGD,Rājshāhi,Rajshahi,BD-E,division,,808.0,,,3,Asia/Dhaka,FALSE,1050000322
Bhaijora,Bhaijora,,22.2148,89.9105,Bangladesh,BD,BGD,Khulna,Khulna,BD-D,division,,785.0,,,3,Asia/Dhaka,FALSE,1050866691
Bhaijora,Bhaijora,,22.4619,89.7530,Bangladesh,BD,BGD,Khulna,Khulna,BD-D,division,,669.7,,,3,Asia/Dhaka,TRUE,1050655371
Bhaijora,Bhaijora,,22.4331,89.8601,Bangladesh,BD,BGD,Khulna,Khulna,BD-D,division,,669.7,,,3,Asia/Dhaka,TRUE,1050773426
Ziānagar,Zianagar,,22.4586,91.9698,Bangladesh,BD,BGD,Chattogram,Chattogram,BD-B,division,,1512.4,,,3,Asia/Dhaka,FALSE,1050003086
Phul Khān,Phul Khan,,25.7611,89.5621,Bangladesh,BD,BGD,Rangpur,Rangpur,BD-F,division,,1200.5,,,3,Asia/Dhaka,FALSE,1050590938
Singhdada,Singhdada,Shingdaha,23.8557,89.1725,Bangladesh,BD,BGD,Khulna,Khulna,BD-D,division,,1181.3,,,3,Asia/Dhaka,FALSE,1050814435
Chak Pukuria,Chak Pukuria,,23.0949,89.9797,Bangladesh,BD,BGD,Dhaka,Dhaka,BD-C,division,,635.3,,,3,Asia/Dhaka,FALSE,1050041733
Raghumāthpur,Raghumathpur,,25.1725,89.4116,Bangladesh,BD,BGD,Rangpur,Rangpur,BD-F,division,,1204.1,,,3,Asia/Dhaka,FALSE,1050823610
Chak Pukuria,Chak Pukuria,Chhaypukhuria,24.8664,89.3422,Bangladesh,BD,BGD,Rājshāhi,Rajshahi,BD-E,division,,3497.0,,,2,Asia/Dhaka,FALSE,1050261288
Chhārimamud Sikdārer Kāndi,Chharimamud Sikdarer Kandi,Chharimamud Sikderer Kandi|Chari Mahmud Shikdarkandi,23.3500,90.3333,Bangladesh,BD,BGD,Dhaka,Dhaka,BD-C,district,,959.7,,,3,Asia/Dhaka,FALSE,1050517362
Bhelapāra,Bhelapara,,26.4660,88.4857,Bangladesh,BD,BGD,Rangpur,Rangpur,BD-F,division,,722.4,,,3,Asia/Dhaka,FALSE,1050497811
Nalta,Nalta,,22.7352,89.2882,Bangladesh,BD,BGD,Khulna,Khulna,BD-D,division,,976.9,,,3,Asia/Dhaka,FALSE,1050024306
Nalta,Nalta,,22.5100,89.0194,Bangladesh,BD,BGD,Khulna,Khulna,BD-D,division,,824.9,,,3,Asia/Dhaka,TRUE,1050698384
Dākātia,Dakatia,,23.2045,89.1963,Bangladesh,BD,BGD,Khulna,Khulna,BD-D,division,,1929.9,,,3,Asia/Dhaka,FALSE,1050815259
Dākātia,Dakatia,,23.4891,89.1582,Bangladesh,BD,BGD,Khulna,Khulna,BD-D,division,,1093.4,,,3,Asia/Dhaka,TRUE,1050685355
West Singādda,West Singadda,Singāddā,23.3996,90.8789,Bangladesh,BD,BGD,Chattogram,Chattogram,BD-B,division,,1693.7,,,3,Asia/Dhaka,FALSE,1050292201
Barchhana,Barchhana,,22.5756,91.9094,Bangladesh,BD,BGD,Chattogram,Chattogram,BD-B,division,,1512.4,,,3,Asia/Dhaka,FALSE,1050307553
Kaibartagrām,Kaibartagram,,25.1174,88.5103,Bangladesh,BD,BGD,Rājshāhi,Rajshahi,BD-E,division,,734.4,,,3,Asia/Dhaka,FALSE,1050638129
Jot Kanejpur,Jot Kanejpur,,23.2211,89.2012,Bangladesh,BD,BGD,Khulna,Khulna,BD-D,division,,1929.9,,,3,Asia/Dhaka,FALSE,1050965241
Chargāchi,Chargachi,Chorgāchha,25.2508,89.2125,Bangladesh,BD,BGD,Rangpur,Rangpur,BD-F,division,,899.5,,,3,Asia/Dhaka,FALSE,1050678742
Kāgmāri Chhātihāti,Kagmari Chhatihati,,24.3551,90.0386,Bangladesh,BD,BGD,Dhaka,Dhaka,BD-C,division,,1540.4,,,3,Asia/Dhaka,FALSE,1050185042
Puran Tāhirpur,Puran Tahirpur,,24.5235,88.7574,Bangladesh,BD,BGD,Rājshāhi,Rajshahi,BD-E,division,,1073.3,,,3,Asia/Dhaka,FALSE,1050179458
Hulhuli,Hulhuli,,22.9012,88.9825,Bangladesh,BD,BGD,Khulna,Khulna,BD-D,division,,1011.1,,,3,Asia/Dhaka,FALSE,1050783300
Āchārgaon,Achargaon,,24.5511,90.6993,Bangladesh,BD,BGD,Mymensingh,Mymensingh,BD-H,division,,1389.6,,,3,Asia/Dhaka,FALSE,1050233835
Pākutia,Pakutia,,24.3500,90.0308,Bangladesh,BD,BGD,Dhaka,Dhaka,BD-C,division,,1540.4,,,3,Asia/Dhaka,FALSE,1050853212
Pākutia,Pakutia,,24.3952,90.0159,Bangladesh,BD,BGD,Dhaka,Dhaka,BD-C,division,,1250.9,,,3,Asia/Dhaka,TRUE,1050303572
Pākutia,Pakutia,,24.0055,89.9198,Bangladesh,BD,BGD,Dhaka,Dhaka,BD-C,division,,1238.6,,,3,Asia/Dhaka,TRUE,1050553196
Pākutia,Pakutia,,23.8377,89.8514,Bangladesh,BD,BGD,Dhaka,Dhaka,BD-C,division,,1002.5,,,3,Asia/Dhaka,TRUE,1050565569
Bangeswardi,Bangeswardi,,23.4759,89.7148,Bangladesh,BD,BGD,Dhaka,Dhaka,BD-C,district,,803.8,,,3,Asia/Dhaka,FALSE,1050320467
Saukhetupāra,Saukhetupara,,23.8765,89.4875,Bangladesh,BD,BGD,Rājshāhi,Rajshahi,BD-E,division,,912.3,,,3,Asia/Dhaka,FALSE,1050114738
Dugīa Rāmpur,Dugia Rampur,,24.8488,90.7746,Bangladesh,BD,BGD,Mymensingh,Mymensingh,BD-H,division,,1313.3,,,3,Asia/Dhaka,FALSE,1050210603
Khārādaur,Kharadaur,,21.8800,90.3424,Bangladesh,BD,BGD,Barishal,Barishal,BD-A,division,,442.5,,,3,Asia/Dhaka,FALSE,1050498463
Dakshin Khānpur,Dakshin Khanpur,Dhakhin Khanpur,22.6587,89.6917,Bangladesh,BD,BGD,Khulna,Khulna,BD-D,division,,947.2,,,3,Asia/Dhaka,FALSE,1050803762
Telpārai Baktapur,Telparai Baktapur,Baktapur,22.5694,91.8486,Bangladesh,BD,BGD,Chattogram,Chattogram,BD-B,division,,854.5,,,3,Asia/Dhaka,FALSE,1050615504
Lākārta,Lakarta,Lakerta,23.1970,90.4105,Bangladesh,BD,BGD,Dhaka,Dhaka,BD-C,district,,1054.4,,,3,Asia/Dhaka,FALSE,1050477325
Mohanpur Khurd,Mohanpur Khurd,Mohanpur,24.5471,88.6513,Bangladesh,BD,BGD,Rājshāhi,Rajshahi,BD-E,division,,1195.2,,,3,Asia/Dhaka,FALSE,1050032461
Bidgrām,Bidgram,,22.3821,91.9585,Bangladesh,BD,BGD,Chattogram,Chattogram,BD-B,division,,2292.7,,,2,Asia/Dhaka,FALSE,1050916396
Chhoblākāndi Māthābhānga,Chhoblakandi Mathabhanga,,23.6500,90.7833,Bangladesh,BD,BGD,Chattogram,Chattogram,BD-B,division,,1849.9,,,3,Asia/Dhaka,FALSE,1050342107
Chak Enāyetpur,Chak Enayetpur,Chak Enāetpur,25.4256,88.9214,Bangladesh,BD,BGD,Rangpur,Rangpur,BD-F,division,,986.7,,,3,Asia/Dhaka,FALSE,1050436376
Char Khidhurpur,Char Khidhurpur,,22.3790,91.8983,Bangladesh,BD,BGD,Chattogram,Chattogram,BD-B,division,,2292.7,,,2,Asia/Dhaka,FALSE,1050456575
Merāgrām,Meragram,,25.5592,88.5072,Bangladesh,BD,BGD,Rangpur,Rangpur,BD-F,division,,807.5,,,3,Asia/Dhaka,FALSE,1050149612
Rahimbāri,Rahimbari,,24.7067,90.2571,Bangladesh,BD,BGD,Mymensingh,Mymensingh,BD-H,division,,1490.9,,,3,Asia/Dhaka,FALSE,1050580343
Bara Mānika,Bara Manika,,22.5500,90.7333,Bangladesh,BD,BGD,Barishal,Barishal,BD-A,division,,909.8,,,3,Asia/Dhaka,FALSE,1050722695
Māhānpāra,Mahanpara,,26.3601,88.6214,Bangladesh,BD,BGD,Rangpur,Rangpur,BD-F,division,,1334.1,,,3,Asia/Dhaka,FALSE,1050437146
Char Leulin,Char Leulin,,22.1245,90.5893,Bangladesh,BD,BGD,Khulna,Khulna,BD-D,division,,723.0,,,3,Asia/Dhaka,FALSE,1050376964
Shingpāra,Shingpara,Sinpāra,25.0547,88.5605,Bangladesh,BD,BGD,Rājshāhi,Rajshahi,BD-E,division,,734.4,,,3,Asia/Dhaka,FALSE,1050197963
Larasair,Larasair,Tārāsāir,23.1812,91.2888,Bangladesh,BD,BGD,Chattogram,Chattogram,BD-B,division,,1854.7,,,3,Asia/Dhaka,FALSE,1050977089
Alisa,Alisa,,23.2869,88.9749,Bangladesh,BD,BGD,Khulna,Khulna,BD-D,division,,840.8,,,3,Asia/Dhaka,FALSE,1050090147
Galuha,Galuha,,24.9690,90.7309,Bangladesh,BD,BGD,Mymensingh,Mymensingh,BD-H,division,,1057.1,,,3,Asia/Dhaka,FALSE,1050531383
Sundarpur,Sundarpur,,22.9500,91.3833,Bangladesh,BD,BGD,Chattogram,Chattogram,BD-B,division,,2237.3,,,2,Asia/Dhaka,FALSE,1050174178
Sundarpur,Sundarpur,,23.0708,90.9648,Bangladesh,BD,BGD,Chattogram,Chattogram,BD-B,division,,2106.8,,,2,Asia/Dhaka,TRUE,1050005502
Sundarpur,Sundarpur,,22.6819,91.7850,Bangladesh,BD,BGD,Chattogram,Chattogram,BD-B,division,,785.5,,,3,Asia/Dhaka,TRUE,1050000305
Kewābania,Kewabania,,22.2667,90.2667,Bangladesh,BD,BGD,Khulna,Khulna,BD-D,division,,515.2,,,3,Asia/Dhaka,FALSE,1050275234
Sundarpur,Sundarpur,,25.7955,88.7026,Bangladesh,BD,BGD,Rangpur,Rangpur,BD-F,division,,823.6,,,3,Asia/Dhaka,FALSE,1050691383
Sundarpur,Sundarpur,,25.8883,88.2416,Bangladesh,BD,BGD,Rangpur,Rangpur,BD-F,division,,800.2,,,3,Asia/Dhaka,TRUE,1050538398
Sundarpur,Sundarpur,,25.9305,88.2869,Bangladesh,BD,BGD,Rangpur,Rangpur,BD-F,division,,800.2,,,3,Asia/Dhaka,TRUE,1050488047
Kamaleswardi,Kamaleswardi,,23.4770,89.6903,Bangladesh,BD,BGD,Dhaka,Dhaka,BD-C,district,,803.8,,,3,Asia/Dhaka,FALSE,1050075650
Sundarpur,Sundarpur,,23.4519,89.1196,Bangladesh,BD,BGD,Khulna,Khulna,BD-D,division,,1020.2,,,3,Asia/Dhaka,FALSE,1050642597
Sundarpur,Sundarpur,,23.4114,89.0885,Bangladesh,BD,BGD,Khulna,Khulna,BD-D,division,,1009.7,,,3,Asia/Dhaka,TRUE,1050442139
Sundarpur,Sundarpur,,23.3667,88.9665,Bangladesh,BD,BGD,Khulna,Khulna,BD-D,division,,840.8,,,3,Asia/Dhaka,TRUE,1050170054
Sundarpur,Sundarpur,,23.2618,88.8318,Bangladesh,BD,BGD,Khulna,Khulna,BD-D,division,,840.8,,,3,Asia/Dhaka,TRUE,1050232478
Sundarpur,Sundarpur,,24.5637,88.1769,Bangladesh,BD,BGD,Rājshāhi,Rajshahi,BD-E,division,,1420.4,,,3,Asia/Dhaka,FALSE,1050655837
Sundarpur,Sundarpur,,24.6367,88.2265,Bangladesh,BD,BGD,Rājshāhi,Rajshahi,BD-E,division,,1341.0,,,3,Asia/Dhaka,TRUE,1050056714
Sundarpur,Sundarpur,,25.1502,88.9659,Bangladesh,BD,BGD,Rājshāhi,Rajshahi,BD-E,division,,1264.7,,,3,Asia/Dhaka,TRUE,1050081824
Sundarpur,Sundarpur,,24.3749,88.9888,Bangladesh,BD,BGD,Rājshāhi,Rajshahi,BD-E,division,,1221.6,,,3,Asia/Dhaka,TRUE,1050146708
Sundarpur,Sundarpur,,25.1383,88.6641,Bangladesh,BD,BGD,Rājshāhi,Rajshahi,BD-E,division,,661.6,,,3,Asia/Dhaka,TRUE,1050079707
Chak Sudān,Chak Sudan,,25.7543,88.8648,Bangladesh,BD,BGD,Rangpur,Rangpur,BD-F,division,,1001.2,,,3,Asia/Dhaka,FALSE,1050575002
Rāmsinghapur,Ramsinghapur,Rāmsinhapur,23.1167,90.9288,Bangladesh,BD,BGD,Chattogram,Chattogram,BD-B,division,,1974.3,,,3,Asia/Dhaka,FALSE,1050862280
Chardaikawa,Chardaikawa,,25.6830,89.7942,Bangladesh,BD,BGD,Rangpur,Rangpur,BD-F,division,,956.2,,,3,Asia/Dhaka,FALSE,1050656306
Kātālia,Katalia,,22.9833,91.4000,Bangladesh,BD,BGD,Chattogram,Chattogram,BD-B,division,,2620.6,,,2,Asia/Dhaka,FALSE,1050864541
Kātālia,Katalia,Kathalia,23.3167,91.2167,Bangladesh,BD,BGD,Chattogram,Chattogram,BD-B,division,,1854.7,,,3,Asia/Dhaka,TRUE,1050680074
Kātālia,Katalia,,22.7336,89.3748,Bangladesh,BD,BGD,Khulna,Khulna,BD-D,division,,669.8,,,3,Asia/Dhaka,FALSE,1050522831
Katālia,Katalia,,26.2851,88.3964,Bangladesh,BD,BGD,Rangpur,Rangpur,BD-F,division,,706.9,,,3,Asia/Dhaka,FALSE,1050994566
Pantāir Pānchpāra,Pantair Panchpara,,25.1327,89.4659,Bangladesh,BD,BGD,Rājshāhi,Rajshahi,BD-E,division,,1204.1,,,3,Asia/Dhaka,FALSE,1050157739
Baldīpālān,Baldipalan,,24.8067,89.4226,Bangladesh,BD,BGD,Rājshāhi,Rajshahi,BD-E,division,,1410.3,,,3,Asia/Dhaka,FALSE,1050209202
Helālia Hāt,Helalia Hat,,24.7705,88.9796,Bangladesh,BD,BGD,Rājshāhi,Rajshahi,BD-E,division,,1269.9,,,3,Asia/Dhaka,FALSE,1050498157
Uttar Bhārukāti,Uttar Bharukati,North Bhārukāti,22.7787,90.2024,Bangladesh,BD,BGD,Barishal,Barishal,BD-A,division,,958.1,,,3,Asia/Dhaka,FALSE,1050500065
Rāmeswartala,Rameswartala,,23.8331,88.6368,Bangladesh,BD,BGD,Khulna,Khulna,BD-D,division,,1028.1,,,3,Asia/Dhaka,FALSE,1050426489
Nayābil,Nayabil,,25.1488,90.1997,Bangladesh,BD,BGD,Mymensingh,Mymensingh,BD-H,division,,799.1,,,3,Asia/Dhaka,FALSE,1050000806
Chhilaris,Chhilaris,,22.5940,90.2021,Bangladesh,BD,BGD,Barishal,Barishal,BD-A,division,,1125.9,,,3,Asia/Dhaka,FALSE,1050836554
Kalābāri,Kalabari,,23.9174,90.2329,Bangladesh,BD,BGD,Dhaka,Dhaka,BD-C,district,,2456.9,,,2,Asia/Dhaka,FALSE,1050749252
Kalābāri,Kalabari,,23.1166,89.9985,Bangladesh,BD,BGD,Dhaka,Dhaka,BD-C,district,,635.3,,,3,Asia/Dhaka,TRUE,1050055830
Dhuljora,Dhuljora,,23.4953,89.5213,Bangladesh,BD,BGD,Khulna,Khulna,BD-D,division,,1005.4,,,3,Asia/Dhaka,FALSE,1050234259
Chengan,Chengan,,25.7232,88.4698,Bangladesh,BD,BGD,Rangpur,Rangpur,BD-F,division,,787.9,,,3,Asia/Dhaka,FALSE,1050370471
Chato Barai,Chato Barai,Chhota Bāraihāti|Chhotabarai,24.3222,90.5208,Bangladesh,BD,BGD,Mymensingh,Mymensingh,BD-H,division,,1235.1,,,3,Asia/Dhaka,FALSE,1050000753
Durgadaha,Durgadaha,,25.0826,88.9882,Bangladesh,BD,BGD,Rājshāhi,Rajshahi,BD-E,division,,1264.7,,,3,Asia/Dhaka,FALSE,1050694266
Durgādaha,Durgadaha,,24.4765,88.6888,Bangladesh,BD,BGD,Rājshāhi,Rajshahi,BD-E,division,,1073.3,,,3,Asia/Dhaka,TRUE,1050061243
Chautha,Chautha,,25.3616,88.8682,Bangladesh,BD,BGD,Rangpur,Rangpur,BD-F,division,,996.6,,,3,Asia/Dhaka,FALSE,1050751089
Neta,Neta,,21.9442,90.4354,Bangladesh,BD,BGD,Barishal,Barishal,BD-A,division,,442.5,,,3,Asia/Dhaka,FALSE,1050765186
Medhar,Medhar,,24.4663,90.0800,Bangladesh,BD,BGD,Dhaka,Dhaka,BD-C,division,,998.9,,,3,Asia/Dhaka,FALSE,1050093454
Satyabānpur,Satyabanpur,,23.3241,89.4764,Bangladesh,BD,BGD,Khulna,Khulna,BD-D,division,,1049.9,,,3,Asia/Dhaka,FALSE,1050272142
Sholahāsia,Sholahasia,,24.4549,90.5373,Bangladesh,BD,BGD,Mymensingh,Mymensingh,BD-H,division,,1235.1,,,3,Asia/Dhaka,FALSE,1050333724
Kherua Alampur,Kherua Alampur,,25.4319,89.2553,Bangladesh,BD,BGD,Rangpur,Rangpur,BD-F,division,,1009.2,,,3,Asia/Dhaka,FALSE,1050901356
Mājinda,Majinda,,24.8630,89.0921,Bangladesh,BD,BGD,Rājshāhi,Rajshahi,BD-E,division,,1202.2,,,3,Asia/Dhaka,FALSE,1050558786
Tilākāra,Tilakara,,26.1728,88.2436,Bangladesh,BD,BGD,Rangpur,Rangpur,BD-F,division,,793.1,,,3,Asia/Dhaka,FALSE,1050415850
Chāksri,Chaksri,,22.6338,89.7014,Bangladesh,BD,BGD,Khulna,Khulna,BD-D,division,,521.9,,,3,Asia/Dhaka,FALSE,1050592239
Kāthāltala,Kathaltala,,22.7645,89.7161,Bangladesh,BD,BGD,Khulna,Khulna,BD-D,division,,802.6,,,3,Asia/Dhaka,FALSE,1050707483
Kāthāltala,Kathaltala,,22.4735,89.3430,Bangladesh,BD,BGD,Khulna,Khulna,BD-D,division,,480.9,,,3,Asia/Dhaka,TRUE,1050405227
Kathaltala,Kathaltala,,24.8058,88.9608,Bangladesh,BD,BGD,Rājshāhi,Rajshahi,BD-E,division,,1562.8,,,3,Asia/Dhaka,FALSE,1050719598
Simulia Gaurdaha,Simulia Gaurdaha,Gaurdaha|Gordaha,23.9193,89.0259,Bangladesh,BD,BGD,Khulna,Khulna,BD-D,division,,1144.7,,,3,Asia/Dhaka,FALSE,1050451580
Bhagabatipur,Bhagabatipur,,24.9212,88.8406,Bangladesh,BD,BGD,Rājshāhi,Rajshahi,BD-E,division,,808.0,,,3,Asia/Dhaka,FALSE,1050721818
Bhagabatipur,Bhagabatipur,,23.1123,89.2498,Bangladesh,BD,BGD,Khulna,Khulna,BD-D,division,,1929.9,,,3,Asia/Dhaka,FALSE,1050083555
Kakdānga,Kakdanga,,22.8265,88.9768,Bangladesh,BD,BGD,Khulna,Khulna,BD-D,division,,1011.1,,,3,Asia/Dhaka,FALSE,1050963179
Nānker Hāt,Nanker Hat,,25.5334,89.3286,Bangladesh,BD,BGD,Rangpur,Rangpur,BD-F,division,,1105.6,,,3,Asia/Dhaka,FALSE,1050504666
Bhagabatipur,Bhagabatipur,,24.7306,90.7157,Bangladesh,BD,BGD,Mymensingh,Mymensingh,BD-H,division,,1628.0,,,3,Asia/Dhaka,FALSE,1050366328
Rupriya,Rupriya,,23.1791,90.1852,Bangladesh,BD,BGD,Dhaka,Dhaka,BD-C,district,,1225.8,,,3,Asia/Dhaka,FALSE,1050417494
Baker Ali,Baker Ali,Bākharāli,24.5183,88.1638,Bangladesh,BD,BGD,Rājshāhi,Rajshahi,BD-E,division,,1420.4,,,3,Asia/Dhaka,FALSE,1050733712
Chhikatia,Chhikatia,Chota Chhikatia,23.5167,91.0667,Bangladesh,BD,BGD,Chattogram,Chattogram,BD-B,division,,2044.5,,,2,Asia/Dhaka,FALSE,1050031803
Uttar Chaubāria,Uttar Chaubaria,,23.8673,89.8971,Bangladesh,BD,BGD,Dhaka,Dhaka,BD-C,division,,1053.7,,,3,Asia/Dhaka,FALSE,1050333831
Uttar Chaubaria,Uttar Chaubaria,,23.7687,89.5658,Bangladesh,BD,BGD,Dhaka,Dhaka,BD-C,division,,844.8,,,3,Asia/Dhaka,TRUE,1050006360
Kharia Māndertala,Kharia Mandertala,,23.2883,88.8707,Bangladesh,BD,BGD,Khulna,Khulna,BD-D,division,,840.8,,,3,Asia/Dhaka,FALSE,1050976263
Pātāljān,Pataljan,,24.4181,90.8577,Bangladesh,BD,BGD,Dhaka,Dhaka,BD-C,division,,2201.9,,,2,Asia/Dhaka,FALSE,1050272791
Char Pumbāil,Char Pumbail,Charpubail,24.6785,90.5801,Bangladesh,BD,BGD,Mymensingh,Mymensingh,BD-H,division,,1393.1,,,3,Asia/Dhaka,FALSE,1050538496
Jolōtul,Jolotul,,25.1305,89.0764,Bangladesh,BD,BGD,Rājshāhi,Rajshahi,BD-E,division,,1264.7,,,3,Asia/Dhaka,FALSE,1050344796
Bara Hārgila,Bara Hargila,,23.2833,91.1333,Bangladesh,BD,BGD,Chattogram,Chattogram,BD-B,division,,1285.8,,,3,Asia/Dhaka,FALSE,1050444316
Char Jaynagar,Char Jaynagar,Char Joynagar,23.2895,90.2607,Bangladesh,BD,BGD,Dhaka,Dhaka,BD-C,district,,1119.7,,,3,Asia/Dhaka,FALSE,1050828673
Uttar Halta,Uttar Halta,Dakshin Halta|South Hālta,22.2489,89.9982,Bangladesh,BD,BGD,Khulna,Khulna,BD-D,division,,785.0,,,3,Asia/Dhaka,FALSE,1050621995
Nāgrājārāmpur,Nagrajarampur,Nāgrājrāmpur,23.1187,90.8836,Bangladesh,BD,BGD,Chattogram,Chattogram,BD-B,division,,1974.3,,,3,Asia/Dhaka,FALSE,1050940757
Taluk Burail,Taluk Burail,,25.2710,89.5683,Bangladesh,BD,BGD,Rangpur,Rangpur,BD-F,division,,844.8,,,3,Asia/Dhaka,FALSE,1050789380
Dālla,Dalla,,25.5686,88.7448,Bangladesh,BD,BGD,Rangpur,Rangpur,BD-F,division,,1146.4,,,3,Asia/Dhaka,FALSE,1050920564
Dighalpuria,Dighalpuria,,25.9775,88.6165,Bangladesh,BD,BGD,Rangpur,Rangpur,BD-F,division,,864.9,,,3,Asia/Dhaka,FALSE,1050940215
Durgāpur Faiska,Durgapur Faiska,,24.9267,90.6764,Bangladesh,BD,BGD,Mymensingh,Mymensingh,BD-H,division,,1106.4,,,3,Asia/Dhaka,FALSE,1050050490