city,city_ascii,city_alt,lat,lng,country,iso2,iso3,admin_name,admin_name_ascii,admin_code,admin_type,capital,density,population,population_proper,ranking,timezone,same_name,id
Mangait,Mangait,,24.9095,89.1562,Bangladesh,BD,BGD,Rājshāhi,Rajshahi,BD-E,division,,1197.7,,,3,Asia/Dhaka,FALSE,1050747481
Binodgāla,Binodgala,,23.7922,89.9151,Bangladesh,BD,BGD,Dhaka,Dhaka,BD-C,division,,1041.1,,,3,Asia/Dhaka,FALSE,1050001015
Gobindabāri,Gobindabari,,24.6765,90.1688,Bangladesh,BD,BGD,Mymensingh,Mymensingh,BD-H,division,,1490.9,,,3,Asia/Dhaka,FALSE,1050707331
Gobindabāri,Gobindabari,,24.8695,90.0480,Bangladesh,BD,BGD,Mymensingh,Mymensingh,BD-H,division,,1260.8,,,3,Asia/Dhaka,TRUE,1050388027
Char Pātharghāta,Char Patharghata,,22.3139,91.8463,Bangladesh,BD,BGD,Chattogram,Chattogram,BD-B,division,,1892.4,,,3,Asia/Dhaka,FALSE,1050893805
Shailandra Dewānpāra,Shailandra Dewanpara,,22.6230,92.1891,Bangladesh,BD,BGD,Chattogram,Chattogram,BD-B,division,,368.4,,,3,Asia/Dhaka,FALSE,1050705137
Kalabariya,Kalabariya,,22.6572,91.6417,Bangladesh,BD,BGD,Chattogram,Chattogram,BD-B,division,,2033.9,,,2,Asia/Dhaka,FALSE,1050432113
Gobindabāri,Gobindabari,,23.9909,90.2903,Bangladesh,BD,BGD,Dhaka,Dhaka,BD-C,division,,5420.4,,,2,Asia/Dhaka,FALSE,1050618678
Gobindabāri,Gobindabari,,23.8500,89.8333,Bangladesh,BD,BGD,Dhaka,Dhaka,BD-C,district,,1038.2,,,3,Asia/Dhaka,TRUE,1050015625
Siruāil,Siruail,,23.3205,90.1015,Bangladesh,BD,BGD,Dhaka,Dhaka,BD-C,division,,1572.5,,,3,Asia/Dhaka,FALSE,1050727141
Jhāubāria,Jhaubaria,,23.8071,88.6447,Bangladesh,BD,BGD,Khulna,Khulna,BD-D,division,,1028.1,,,3,Asia/Dhaka,FALSE,1050152997
Usitarbil,Usitarbil,,21.7324,92.0963,Bangladesh,BD,BGD,Chattogram,Chattogram,BD-B,division,,1080.3,,,3,Asia/Dhaka,FALSE,1050678855
Bhāti Gobindi,Bhati Gobindi,,23.7732,90.5922,Bangladesh,BD,BGD,Dhaka,Dhaka,BD-C,district,,2903.0,,,2,Asia/Dhaka,FALSE,1050442240
Fokanda,Fokanda,,25.1563,88.6143,Bangladesh,BD,BGD,Rājshāhi,Rajshahi,BD-E,division,,661.6,,,3,Asia/Dhaka,FALSE,1050305450
Bāliādāngi,Baliadangi,,23.7659,90.1560,Bangladesh,BD,BGD,Dhaka,Dhaka,BD-C,division,,1458.0,,,3,Asia/Dhaka,FALSE,1050377414
Bāliādāngi,Baliadangi,,23.7167,89.8833,Bangladesh,BD,BGD,Dhaka,Dhaka,BD-C,district,,1041.1,,,3,Asia/Dhaka,TRUE,1050226314
Baliadangi,Baliadangi,,23.8427,89.5191,Bangladesh,BD,BGD,Rājshāhi,Rajshahi,BD-E,division,,912.3,,,3,Asia/Dhaka,FALSE,1050241979
Bāliādāngi,Baliadangi,,23.7112,89.2287,Bangladesh,BD,BGD,Khulna,Khulna,BD-D,division,,1084.0,,,3,Asia/Dhaka,FALSE,1050000206
Baliādāngi,Baliadangi,,26.4292,88.5769,Bangladesh,BD,BGD,Rangpur,Rangpur,BD-F,division,,1334.1,,,3,Asia/Dhaka,FALSE,1050165823
Bāliādāngi,Baliadangi,,26.0866,88.2780,Bangladesh,BD,BGD,Rangpur,Rangpur,BD-F,division,,793.1,,,3,Asia/Dhaka,TRUE,1050178440
Malpāra,Malpara,,25.0861,88.5497,Bangladesh,BD,BGD,Rājshāhi,Rajshahi,BD-E,division,,734.4,,,3,Asia/Dhaka,FALSE,1050156918
Char Budahkat,Char Budahkat,,25.6219,89.7905,Bangladesh,BD,BGD,Rangpur,Rangpur,BD-F,division,,549.1,,,3,Asia/Dhaka,FALSE,1050171681
Jhāpua,Jhapua,Jhapwa,23.3167,91.0500,Bangladesh,BD,BGD,Chattogram,Chattogram,BD-B,division,,1878.6,,,3,Asia/Dhaka,FALSE,1050545002
Jhāpua,Jhapua,,21.6873,91.9193,Bangladesh,BD,BGD,Chattogram,Chattogram,BD-B,division,,1439.5,,,3,Asia/Dhaka,TRUE,1050447626
Malpāra,Malpara,,22.2592,92.0014,Bangladesh,BD,BGD,Chattogram,Chattogram,BD-B,division,,1892.4,,,3,Asia/Dhaka,FALSE,1050295441
Purāndip,Purandip,Puranthapur|Purandaipur|Purandopur,23.2500,90.6667,Bangladesh,BD,BGD,Chattogram,Chattogram,BD-B,division,,2669.4,,,2,Asia/Dhaka,FALSE,1050762790
Solākunda,Solakunda,Shalakundu|Solakanda,23.5358,89.7945,Bangladesh,BD,BGD,Dhaka,Dhaka,BD-C,district,,1527.5,,,3,Asia/Dhaka,FALSE,1050923481
Kismat Barabhāg,Kismat Barabhag,,24.7181,90.6295,Bangladesh,BD,BGD,Mymensingh,Mymensingh,BD-H,division,,1628.0,,,3,Asia/Dhaka,FALSE,1050633441
Ārāzi Sultān,Arazi Sultan,Arazi Sultanpur,24.2167,88.9333,Bangladesh,BD,BGD,Rājshāhi,Rajshahi,BD-E,division,,1380.3,,,3,Asia/Dhaka,FALSE,1050799074
Rupāpāti,Rupapati,,23.9617,90.1906,Bangladesh,BD,BGD,Dhaka,Dhaka,BD-C,division,,1878.1,,,3,Asia/Dhaka,FALSE,1050774996
Utmar Char,Utmar Char,,25.1269,89.8035,Bangladesh,BD,BGD,Mymensingh,Mymensingh,BD-H,division,,935.9,,,3,Asia/Dhaka,FALSE,1050300849
Āthārabāri,Atharabari,,24.6266,90.7166,Bangladesh,BD,BGD,Mymensingh,Mymensingh,BD-H,division,,1393.1,,,3,Asia/Dhaka,FALSE,1050801197
Bāliakhāli,Baliakhali,,22.4181,89.1619,Bangladesh,BD,BGD,Khulna,Khulna,BD-D,division,,824.9,,,3,Asia/Dhaka,FALSE,1050209338
Dingadaha,Dingadaha,,23.6099,88.8819,Bangladesh,BD,BGD,Khulna,Khulna,BD-D,division,,1231.8,,,3,Asia/Dhaka,FALSE,1050491047
Jaintibāri,Jaintibari,Jayantibari|Jaiantibāri,24.7582,89.4354,Bangladesh,BD,BGD,Rājshāhi,Rajshahi,BD-E,division,,1410.3,,,3,Asia/Dhaka,FALSE,1050390155
Gābārgaon,Gabargaon,,24.4805,90.6029,Bangladesh,BD,BGD,Dhaka,Dhaka,BD-C,division,,1752.0,,,3,Asia/Dhaka,FALSE,1050457283
Seojāti,Seojati,,23.3986,89.3387,Bangladesh,BD,BGD,Khulna,Khulna,BD-D,division,,798.8,,,3,Asia/Dhaka,FALSE,1050025440
Hāsandi,Hasandi,,23.0159,90.8494,Bangladesh,BD,BGD,Chattogram,Chattogram,BD-B,division,,1633.2,,,3,Asia/Dhaka,FALSE,1050293065
Kusura,Kusura,,23.9686,90.1065,Bangladesh,BD,BGD,Dhaka,Dhaka,BD-C,division,,1878.1,,,3,Asia/Dhaka,FALSE,1050675393
Udaytāra,Udaytara,,23.2806,90.3493,Bangladesh,BD,BGD,Dhaka,Dhaka,BD-C,district,,1303.8,,,3,Asia/Dhaka,FALSE,1050481591
Paschim Kushtia,Paschim Kushtia,,23.9724,90.0078,Bangladesh,BD,BGD,Dhaka,Dhaka,BD-C,division,,1240.2,,,3,Asia/Dhaka,FALSE,1050732647
Ātāikula,Ataikula,,24.0324,89.4078,Bangladesh,BD,BGD,Rājshāhi,Rajshahi,BD-E,division,,1752.6,,,3,Asia/Dhaka,FALSE,1050974540
Ātāikula,Ataikula,,24.8667,88.9333,Bangladesh,BD,BGD,Rājshāhi,Rajshahi,BD-E,division,,1562.8,,,3,Asia/Dhaka,TRUE,1050913173
Ābura,Abura,,23.2467,90.3156,Bangladesh,BD,BGD,Dhaka,Dhaka,BD-C,district,,1244.0,,,3,Asia/Dhaka,FALSE,1050244451
Char Prasad,Char Prasad,Char Prasanna|Andār Char,21.8697,90.5126,Bangladesh,BD,BGD,Barishal,Barishal,BD-A,division,,442.5,,,3,Asia/Dhaka,FALSE,1050084723
Chandri Majhi,Chandri Majhi,,21.8822,90.3447,Bangladesh,BD,BGD,Barishal,Barishal,BD-A,division,,442.5,,,3,Asia/Dhaka,FALSE,1050000720
Chhāpārbanda,Chhaparbanda,,23.6500,90.6000,Bangladesh,BD,BGD,Dhaka,Dhaka,BD-C,district,,3456.4,,,2,Asia/Dhaka,FALSE,1050549056
Sasābāria,Sasabaria,Shashabaria,23.0222,89.7739,Bangladesh,BD,BGD,Dhaka,Dhaka,BD-C,division,,901.9,,,3,Asia/Dhaka,FALSE,1050368486
Satian Lakshmipur,Satian Lakshmipur,,23.8115,89.2295,Bangladesh,BD,BGD,Khulna,Khulna,BD-D,division,,1181.3,,,3,Asia/Dhaka,FALSE,1050724137
Chak Jānakipur,Chak Janakipur,,24.9401,90.1856,Bangladesh,BD,BGD,Mymensingh,Mymensingh,BD-H,division,,1104.4,,,3,Asia/Dhaka,FALSE,1050461180
Tinchara,Tinchara,,22.4062,92.1832,Bangladesh,BD,BGD,Chattogram,Chattogram,BD-B,division,,104.3,,,4,Asia/Dhaka,FALSE,1050370182
Ādkhāna,Adkhana,,25.9638,88.1603,Bangladesh,BD,BGD,Rangpur,Rangpur,BD-F,division,,839.3,,,3,Asia/Dhaka,FALSE,1050211307
Titaia Rāmpur,Titaia Rampur,Tetaia Rampur,23.5833,90.7833,Bangladesh,BD,BGD,Chattogram,Chattogram,BD-B,division,,2113.2,,,2,Asia/Dhaka,FALSE,1050941061
Fātemābād,Fatemabad,,22.2191,90.8237,Bangladesh,BD,BGD,Khulna,Khulna,BD-D,division,,1091.7,,,3,Asia/Dhaka,FALSE,1050124458
Kutubpur Khiarpara,Kutubpur Khiarpara,,25.6447,89.1277,Bangladesh,BD,BGD,Rangpur,Rangpur,BD-F,division,,1056.5,,,3,Asia/Dhaka,FALSE,1050696547
Osmānpur,Osmanpur,,23.2465,89.2302,Bangladesh,BD,BGD,Khulna,Khulna,BD-D,division,,1929.9,,,3,Asia/Dhaka,FALSE,1050262920
Osmānpur,Osmanpur,,23.8038,89.2696,Bangladesh,BD,BGD,Khulna,Khulna,BD-D,division,,1505.0,,,3,Asia/Dhaka,TRUE,1050417430
Osmānpur,Osmanpur,,23.8139,88.9065,Bangladesh,BD,BGD,Khulna,Khulna,BD-D,division,,1119.0,,,3,Asia/Dhaka,TRUE,1050000136
Osmanpur,Osmanpur,,23.5519,88.6956,Bangladesh,BD,BGD,Khulna,Khulna,BD-D,division,,983.1,,,3,Asia/Dhaka,TRUE,1050709246
Mālihat,Malihat,,23.8351,88.9141,Bangladesh,BD,BGD,Khulna,Khulna,BD-D,division,,1131.1,,,3,Asia/Dhaka,FALSE,1050830034
Mālihāt,Malihat,Malihad,23.8333,88.8500,Bangladesh,BD,BGD,Khulna,Khulna,BD-D,division,,1102.7,,,3,Asia/Dhaka,TRUE,1050800037
Majlispur,Majlispur,Majlishpur,24.0579,90.7241,Bangladesh,BD,BGD,Dhaka,Dhaka,BD-C,division,,1548.1,,,3,Asia/Dhaka,FALSE,1050162750
Majlispur,Majlispur,Majlishpur,23.7084,89.8180,Bangladesh,BD,BGD,Dhaka,Dhaka,BD-C,district,,1486.3,,,3,Asia/Dhaka,TRUE,1050411327
Majlispur,Majlispur,Majlishpur,23.6634,89.7211,Bangladesh,BD,BGD,Dhaka,Dhaka,BD-C,division,,1389.6,,,3,Asia/Dhaka,TRUE,1050245480
Majlispur,Majlispur,Majlishpur,23.9192,89.9754,Bangladesh,BD,BGD,Dhaka,Dhaka,BD-C,division,,1386.1,,,3,Asia/Dhaka,TRUE,1050907616
Majlispur,Majlispur,Majlishpur,23.3820,89.8611,Bangladesh,BD,BGD,Dhaka,Dhaka,BD-C,district,,1010.0,,,3,Asia/Dhaka,TRUE,1050877221
Majlispur,Majlispur,Mazlishpur,23.5167,91.0667,Bangladesh,BD,BGD,Chattogram,Chattogram,BD-B,division,,2044.5,,,2,Asia/Dhaka,FALSE,1050769592
Majlispur,Majlispur,Majlishpur,23.3333,91.2167,Bangladesh,BD,BGD,Chattogram,Chattogram,BD-B,division,,1854.7,,,3,Asia/Dhaka,TRUE,1050654851
Sāichāpāra,Saichapara,,23.5833,91.0667,Bangladesh,BD,BGD,Chattogram,Chattogram,BD-B,division,,2050.4,,,2,Asia/Dhaka,FALSE,1050146906
Ārāzi Pār Āchlāi,Arazi Par Achlai,,25.0000,89.3667,Bangladesh,BD,BGD,Rājshāhi,Rajshahi,BD-E,division,,1355.6,,,3,Asia/Dhaka,FALSE,1050816782
Sahibpur,Sahibpur,,23.7669,88.8452,Bangladesh,BD,BGD,Khulna,Khulna,BD-D,division,,1119.0,,,3,Asia/Dhaka,FALSE,1050583131
Sāhibpur,Sahibpur,,23.6803,88.6573,Bangladesh,BD,BGD,Khulna,Khulna,BD-D,division,,998.1,,,3,Asia/Dhaka,TRUE,1050621500
Bohapur,Bohapur,,26.3381,88.6007,Bangladesh,BD,BGD,Rangpur,Rangpur,BD-F,division,,1334.1,,,3,Asia/Dhaka,FALSE,1050759204
Sāhibpur,Sahibpur,Sahebpur,22.8500,91.5000,Bangladesh,BD,BGD,Chattogram,Chattogram,BD-B,division,,800.5,,,3,Asia/Dhaka,FALSE,1050102010
Rautkhamar,Rautkhamar,Routhkhamar,23.0746,89.8161,Bangladesh,BD,BGD,Dhaka,Dhaka,BD-C,division,,901.9,,,3,Asia/Dhaka,FALSE,1050650436
Maharāpur,Maharapur,Moharāpur,24.4715,88.3841,Bangladesh,BD,BGD,Rājshāhi,Rajshahi,BD-E,division,,848.5,,,3,Asia/Dhaka,FALSE,1050246492
Nāmāpāra,Namapara,,24.7361,88.6662,Bangladesh,BD,BGD,Rājshāhi,Rajshahi,BD-E,division,,1004.9,,,3,Asia/Dhaka,FALSE,1050217854
Khontakata,Khontakata,,22.0593,90.0517,Bangladesh,BD,BGD,Barishal,Barishal,BD-A,division,,858.2,,,3,Asia/Dhaka,FALSE,1050456559
Ganakpāra,Ganakpara,,23.5500,90.5333,Bangladesh,BD,BGD,Dhaka,Dhaka,BD-C,district,,3201.7,,,2,Asia/Dhaka,FALSE,1050234920
Ganakpāra,Ganakpara,,23.9810,90.1924,Bangladesh,BD,BGD,Dhaka,Dhaka,BD-C,division,,2940.9,,,2,Asia/Dhaka,TRUE,1050779185
Sagrail,Sagrail,,24.9773,88.6481,Bangladesh,BD,BGD,Rājshāhi,Rajshahi,BD-E,division,,784.8,,,3,Asia/Dhaka,FALSE,1050234009
Auliāpāra,Auliapara,Āliārpāra,24.4084,90.7228,Bangladesh,BD,BGD,Dhaka,Dhaka,BD-C,division,,2005.5,,,2,Asia/Dhaka,FALSE,1050443288
Jaldi,Jaldi,Dakshin Jaldi,22.0086,91.9869,Bangladesh,BD,BGD,Chattogram,Chattogram,BD-B,division,,1156.9,,,3,Asia/Dhaka,FALSE,1050424456
Parcapāra,Parcapara,,24.6687,88.3763,Bangladesh,BD,BGD,Rājshāhi,Rajshahi,BD-E,division,,585.0,,,3,Asia/Dhaka,FALSE,1050422894
Taksur,Taksur,,23.9151,90.2413,Bangladesh,BD,BGD,Dhaka,Dhaka,BD-C,district,,5346.2,,,2,Asia/Dhaka,FALSE,1050001126
Dhulāuri,Dhulauri,,25.9827,88.6971,Bangladesh,BD,BGD,Rangpur,Rangpur,BD-F,division,,864.9,,,3,Asia/Dhaka,FALSE,1050216371
Gaiyapāra,Gaiyapara,,21.9408,90.3473,Bangladesh,BD,BGD,Barishal,Barishal,BD-A,division,,442.5,,,3,Asia/Dhaka,FALSE,1050906738
Pasarikāti,Pasarikati,,22.7209,90.4052,Bangladesh,BD,BGD,Barishal,Barishal,BD-A,division,,2141.8,,,2,Asia/Dhaka,FALSE,1050762105
Āthāra Kāhania,Athara Kahania,,24.0979,90.6455,Bangladesh,BD,BGD,Dhaka,Dhaka,BD-C,division,,1634.7,,,3,Asia/Dhaka,FALSE,1050439679
Pashurbunia,Pashurbunia,,21.9684,90.2948,Bangladesh,BD,BGD,Barishal,Barishal,BD-A,division,,568.6,,,3,Asia/Dhaka,FALSE,1050167586
Pipri,Pipri,,23.9831,89.3036,Bangladesh,BD,BGD,Rājshāhi,Rajshahi,BD-E,division,,1752.6,,,3,Asia/Dhaka,FALSE,1050728274
Chhota Puiāutha,Chhota Puiautha,,22.5167,90.2833,Bangladesh,BD,BGD,Barishal,Barishal,BD-A,division,,867.9,,,3,Asia/Dhaka,FALSE,1050987282
Madanganj,Madanganj,,23.5858,90.5220,Bangladesh,BD,BGD,Dhaka,Dhaka,BD-C,district,,7140.2,,,2,Asia/Dhaka,FALSE,1050408573
Sarāi Begampur,Sarai Begampur,,23.7500,90.3667,Bangladesh,BD,BGD,Dhaka,Dhaka,BD-C,district,,62266.2,,,2,Asia/Dhaka,FALSE,1050037012
Jadabpur,Jadabpur,,23.5723,88.9356,Bangladesh,BD,BGD,Khulna,Khulna,BD-D,division,,1231.8,,,3,Asia/Dhaka,FALSE,1050685745
Jādabpur,Jadabpur,,23.7787,88.9041,Bangladesh,BD,BGD,Khulna,Khulna,BD-D,division,,1119.0,,,3,Asia/Dhaka,TRUE,1050943158
Jādabpur,Jadabpur,,23.5208,89.0188,Bangladesh,BD,BGD,Khulna,Khulna,BD-D,division,,1093.4,,,3,Asia/Dhaka,TRUE,1050262874
Jādabpur,Jadabpur,,23.0487,89.0122,Bangladesh,BD,BGD,Khulna,Khulna,BD-D,division,,1079.7,,,3,Asia/Dhaka,TRUE,1050920866
Jādābpur,Jadabpur,,23.7667,88.6262,Bangladesh,BD,BGD,Khulna,Khulna,BD-D,division,,1028.1,,,3,Asia/Dhaka,TRUE,1050067649
Jādabpur,Jadabpur,,23.6493,89.1403,Bangladesh,BD,BGD,Khulna,Khulna,BD-D,division,,1007.0,,,3,Asia/Dhaka,TRUE,1050158538
Jādabpur,Jadabpur,,23.5635,89.1089,Bangladesh,BD,BGD,Khulna,Khulna,BD-D,division,,985.0,,,3,Asia/Dhaka,TRUE,1050958590
Jādabpur,Jadabpur,,23.3924,88.8078,Bangladesh,BD,BGD,Khulna,Khulna,BD-D,division,,965.7,,,3,Asia/Dhaka,TRUE,1050723794
Jādabpur,Jadabpur,,23.3006,89.2482,Bangladesh,BD,BGD,Khulna,Khulna,BD-D,division,,922.3,,,3,Asia/Dhaka,TRUE,1050779982
Jadabpur,Jadabpur,,23.2520,88.8831,Bangladesh,BD,BGD,Khulna,Khulna,BD-D,division,,840.8,,,3,Asia/Dhaka,TRUE,1050048188
Jādabpur,Jadabpur,,23.0431,89.5393,Bangladesh,BD,BGD,Khulna,Khulna,BD-D,division,,774.9,,,3,Asia/Dhaka,TRUE,1050800688
Jādabpur,Jadabpur,,22.2490,89.0621,Bangladesh,BD,BGD,Khulna,Khulna,BD-D,division,,229.2,,,3,Asia/Dhaka,TRUE,1050879673
Lāl Ālāpdi,Lal Alapdi,,23.6333,90.5667,Bangladesh,BD,BGD,Dhaka,Dhaka,BD-C,district,,3456.4,,,2,Asia/Dhaka,FALSE,1050342127
Mādānganj,Madanganj,,26.1032,88.5154,Bangladesh,BD,BGD,Rangpur,Rangpur,BD-F,division,,1002.4,,,3,Asia/Dhaka,FALSE,1050490117
Ganakbāri,Ganakbari,,23.9442,90.2780,Bangladesh,BD,BGD,Dhaka,Dhaka,BD-C,district,,5420.4,,,2,Asia/Dhaka,FALSE,1050534306
Phānur,Phanur,,24.6527,90.6519,Bangladesh,BD,BGD,Mymensingh,Mymensingh,BD-H,division,,1393.1,,,3,Asia/Dhaka,FALSE,1050747663
Daijuri,Daijuri,,23.4690,89.0511,Bangladesh,BD,BGD,Khulna,Khulna,BD-D,division,,1042.0,,,3,Asia/Dhaka,FALSE,1050581395
Swalpa Pānāti,Swalpa Panati,,24.7167,90.5167,Bangladesh,BD,BGD,Mymensingh,Mymensingh,BD-H,division,,1628.0,,,3,Asia/Dhaka,FALSE,1050920422
Sonāpukur,Sonapukur,,25.7713,88.8640,Bangladesh,BD,BGD,Rangpur,Rangpur,BD-F,division,,938.9,,,3,Asia/Dhaka,FALSE,1050781787
Diāpāra,Diapara,,23.2148,90.1372,Bangladesh,BD,BGD,Dhaka,Dhaka,BD-C,district,,1225.8,,,3,Asia/Dhaka,FALSE,1050911937
Uttar Kalaujān,Uttar Kalaujan,,21.9946,92.1299,Bangladesh,BD,BGD,Chattogram,Chattogram,BD-B,division,,1362.4,,,3,Asia/Dhaka,FALSE,1050581045
Birābāir,Birabair,,25.8238,89.1623,Bangladesh,BD,BGD,Rangpur,Rangpur,BD-F,division,,2403.9,,,2,Asia/Dhaka,FALSE,1050001067
Bālutangi,Balutangi,,24.8657,88.2536,Bangladesh,BD,BGD,Rājshāhi,Rajshahi,BD-E,division,,949.8,,,3,Asia/Dhaka,FALSE,1050813445
Char Beri Potol,Char Beri Potol,Beripatal,24.3685,89.8308,Bangladesh,BD,BGD,Dhaka,Dhaka,BD-C,division,,1540.4,,,3,Asia/Dhaka,FALSE,1050016083
Kumāriākāndi,Kumariakandi,,24.1648,90.9137,Bangladesh,BD,BGD,Dhaka,Dhaka,BD-C,district,,2041.1,,,2,Asia/Dhaka,FALSE,1050337965
Kāthugli,Kathugli,,23.2509,90.4604,Bangladesh,BD,BGD,Dhaka,Dhaka,BD-C,district,,1414.8,,,3,Asia/Dhaka,FALSE,1050994097
Datra,Datra,,23.1500,90.8333,Bangladesh,BD,BGD,Chattogram,Chattogram,BD-B,division,,1790.0,,,3,Asia/Dhaka,FALSE,1050052013
Dātra,Datra,,23.2205,90.3915,Bangladesh,BD,BGD,Dhaka,Dhaka,BD-C,district,,1285.2,,,3,Asia/Dhaka,FALSE,1050225070
Hankur,Hankur,,23.8849,90.5306,Bangladesh,BD,BGD,Dhaka,Dhaka,BD-C,district,,2849.6,,,2,Asia/Dhaka,FALSE,1050734516
Kismat Dāngi,Kismat Dangi,,25.8503,88.9389,Bangladesh,BD,BGD,Rangpur,Rangpur,BD-F,division,,2510.8,,,2,Asia/Dhaka,FALSE,1050834709
Sarpara,Sarpara,,23.9667,90.4000,Bangladesh,BD,BGD,Dhaka,Dhaka,BD-C,district,,8356.1,,,2,Asia/Dhaka,FALSE,1050107677
Kākrābār,Kakrabar,,25.1888,90.2083,Bangladesh,BD,BGD,Mymensingh,Mymensingh,BD-H,division,,799.1,,,3,Asia/Dhaka,FALSE,1050209733
Bāgyāpara,Bagyapara,,22.7640,91.9212,Bangladesh,BD,BGD,Chattogram,Chattogram,BD-B,division,,122.6,,,4,Asia/Dhaka,FALSE,1050000328
Bhātsāla Char,Bhatsala Char,,22.5333,90.5167,Bangladesh,BD,BGD,Barishal,Barishal,BD-A,division,,730.4,,,3,Asia/Dhaka,FALSE,1050175152
Bhāg Kāzi,Bhag Kazi,,25.0972,89.4183,Bangladesh,BD,BGD,Rājshāhi,Rajshahi,BD-E,division,,1204.1,,,3,Asia/Dhaka,FALSE,1050632219
Bāsiārati,Basiarati,,24.0103,90.5068,Bangladesh,BD,BGD,Dhaka,Dhaka,BD-C,division,,2111.9,,,2,Asia/Dhaka,FALSE,1050566350
riempur,riempur,,22.6363,91.9059,Bangladesh,BD,BGD,Chattogram,Chattogram,BD-B,division,,785.5,,,3,Asia/Dhaka,FALSE,1050090399
Gazeckuthi,Gazeckuthi,,25.9957,89.5376,Bangladesh,BD,BGD,Rangpur,Rangpur,BD-F,division,,1151.9,,,3,Asia/Dhaka,FALSE,1050685014
Maudhul,Maudhul,,21.8908,90.3365,Bangladesh,BD,BGD,Barishal,Barishal,BD-A,division,,442.5,,,3,Asia/Dhaka,FALSE,1050513136
Hāstisunda,Hastisunda,,22.8719,90.2415,Bangladesh,BD,BGD,Barishal,Barishal,BD-A,division,,943.2,,,3,Asia/Dhaka,FALSE,1050828529
Ransa,Ransa,,24.8471,88.6252,Bangladesh,BD,BGD,Rājshāhi,Rajshahi,BD-E,division,,599.9,,,3,Asia/Dhaka,FALSE,1050000930
Kunoruādam,Kunoruadam,,22.6956,92.5177,Bangladesh,BD,BGD,Chattogram,Chattogram,BD-B,division,,81.4,,,4,Asia/Kolkata,FALSE,1050145903
Mahiso,Mahiso,,24.7146,88.5636,Bangladesh,BD,BGD,Rājshāhi,Rajshahi,BD-E,division,,599.9,,,3,Asia/Dhaka,FALSE,1050993941
Bīrjoān,Birjoan,,24.7454,88.4953,Bangladesh,BD,BGD,Rājshāhi,Rajshahi,BD-E,division,,599.8,,,3,Asia/Dhaka,FALSE,1050391848
Jhorpāra,Jhorpara,,23.8531,88.8578,Bangladesh,BD,BGD,Khulna,Khulna,BD-D,division,,968.4,,,3,Asia/Dhaka,FALSE,1050138315
Khōs Bāguri,Khos Baguri,,25.1630,89.0277,Bangladesh,BD,BGD,Rājshāhi,Rajshahi,BD-E,division,,1239.1,,,3,Asia/Dhaka,FALSE,1050042958
Madhya Para,Madhya Para,,25.3400,89.4917,Bangladesh,BD,BGD,Rangpur,Rangpur,BD-F,division,,1599.6,,,3,Asia/Dhaka,FALSE,1050207410
Konnagar,Konnagar,,25.0480,90.1912,Bangladesh,BD,BGD,Mymensingh,Mymensingh,BD-H,division,,799.1,,,3,Asia/Dhaka,FALSE,1050763180
Kismat Rasulpur,Kismat Rasulpur,,25.6527,89.2025,Bangladesh,BD,BGD,Rangpur,Rangpur,BD-F,division,,1113.4,,,3,Asia/Dhaka,FALSE,1050531600
Kāloa,Kaloa,,23.9167,89.1833,Bangladesh,BD,BGD,Khulna,Khulna,BD-D,division,,1181.3,,,3,Asia/Dhaka,FALSE,1050525363
Joya,Joya,Jaya,22.4954,90.6780,Bangladesh,BD,BGD,Barishal,Barishal,BD-A,division,,909.8,,,3,Asia/Dhaka,FALSE,1050416071
Rāmnarāyanpur,Ramnarayanpur,,23.8494,89.6599,Bangladesh,BD,BGD,Rājshāhi,Rajshahi,BD-E,division,,1340.2,,,3,Asia/Dhaka,FALSE,1050434210
Rāmnārāyanpur,Ramnarayanpur,,25.1274,88.8251,Bangladesh,BD,BGD,Rājshāhi,Rajshahi,BD-E,division,,624.4,,,3,Asia/Dhaka,TRUE,1050105968
Kubirkhāli,Kubirkhali,,23.5044,89.0420,Bangladesh,BD,BGD,Khulna,Khulna,BD-D,division,,1093.4,,,3,Asia/Dhaka,FALSE,1050374110
Rāmnārāyanpur,Ramnarayanpur,,23.0017,90.9410,Bangladesh,BD,BGD,Chattogram,Chattogram,BD-B,division,,2106.8,,,2,Asia/Dhaka,FALSE,1050616309
Yākubpur,Yakubpur,,25.6927,88.8314,Bangladesh,BD,BGD,Rangpur,Rangpur,BD-F,division,,1022.5,,,3,Asia/Dhaka,FALSE,1050955133
Yakubpur,Yakubpur,,26.0708,88.4632,Bangladesh,BD,BGD,Rangpur,Rangpur,BD-F,division,,1002.4,,,3,Asia/Dhaka,TRUE,1050228355
Baghanagar,Baghanagar,,23.7833,90.6650,Bangladesh,BD,BGD,Dhaka,Dhaka,BD-C,district,,2881.4,,,2,Asia/Dhaka,FALSE,1050317259
Sahar Tok,Sahar Tok,,24.2591,90.6437,Bangladesh,BD,BGD,Dhaka,Dhaka,BD-C,division,,1390.6,,,3,Asia/Dhaka,FALSE,1050002843
Yakūbpur,Yakubpur,,23.5000,91.0833,Bangladesh,BD,BGD,Chattogram,Chattogram,BD-B,division,,2044.5,,,2,Asia/Dhaka,FALSE,1050123944
Yakubpur,Yakubpur,,22.9261,91.3333,Bangladesh,BD,BGD,Chattogram,Chattogram,BD-B,division,,2002.6,,,2,Asia/Dhaka,TRUE,1050581355
Rāyermahāl,Rayermahal,,22.8413,89.5172,Bangladesh,BD,BGD,Khulna,Khulna,BD-D,division,,6341.4,,,2,Asia/Dhaka,FALSE,1050761480
Ārāzi Ārānagar,Arazi Aranagar,,25.0896,88.8617,Bangladesh,BD,BGD,Rājshāhi,Rajshahi,BD-E,division,,624.4,,,3,Asia/Dhaka,FALSE,1050382501
Santashpur,Santashpur,,24.8514,88.3005,Bangladesh,BD,BGD,Rājshāhi,Rajshahi,BD-E,division,,1008.6,,,3,Asia/Dhaka,FALSE,1050893178
Mānikam,Manikam,,23.3614,88.8561,Bangladesh,BD,BGD,Khulna,Khulna,BD-D,division,,840.8,,,3,Asia/Dhaka,FALSE,1050708674
Khaorapara,Khaorapara,,25.3570,89.3856,Bangladesh,BD,BGD,Rangpur,Rangpur,BD-F,division,,1373.4,,,3,Asia/Dhaka,FALSE,1050165765
Raikhalimukh,Raikhalimukh,,22.4615,92.1296,Bangladesh,BD,BGD,Chattogram,Chattogram,BD-B,division,,1145.6,,,3,Asia/Dhaka,FALSE,1050929606
Bārkhāndi,Barkhandi,Bārkhādia,23.1161,89.8573,Bangladesh,BD,BGD,Dhaka,Dhaka,BD-C,division,,901.9,,,3,Asia/Dhaka,FALSE,1050895539
Khorargachhi Uttarpara,Khorargachhi Uttarpara,Khorāgāchh Uttarpāra|Khoragachee Ooturpara,25.6628,89.1427,Bangladesh,BD,BGD,Rangpur,Rangpur,BD-F,division,,1105.6,,,3,Asia/Dhaka,FALSE,1050162244
Tek Dhitpur,Tek Dhitpur,,23.9551,90.3476,Bangladesh,BD,BGD,Dhaka,Dhaka,BD-C,district,,6406.4,,,2,Asia/Dhaka,FALSE,1050180397
Gunāndi Chāndpur,Gunandi Chandpur,Gunanandi Chandpur,23.1667,90.6333,Bangladesh,BD,BGD,Chattogram,Chattogram,BD-B,division,,2669.4,,,2,Asia/Dhaka,FALSE,1050452291
Jānakipur,Janakipur,,24.9265,90.1531,Bangladesh,BD,BGD,Mymensingh,Mymensingh,BD-H,division,,1104.4,,,3,Asia/Dhaka,FALSE,1050531617
Bātāgrām,Batagram,,22.9833,91.0167,Bangladesh,BD,BGD,Chattogram,Chattogram,BD-B,division,,2162.1,,,2,Asia/Dhaka,FALSE,1050430477
Nayānpāra,Nayanpara,,21.9136,90.3505,Bangladesh,BD,BGD,Barishal,Barishal,BD-A,division,,442.5,,,3,Asia/Dhaka,FALSE,1050921340
Dakshin Lakshmipur,Dakshin Lakshmipur,,25.3197,89.3795,Bangladesh,BD,BGD,Rangpur,Rangpur,BD-F,division,,1373.4,,,3,Asia/Dhaka,FALSE,1050524046
Dakshin Lakshmipur,Dakshin Lakshmipur,,25.3844,88.9710,Bangladesh,BD,BGD,Rangpur,Rangpur,BD-F,division,,996.6,,,3,Asia/Dhaka,TRUE,1050500474
Maidānhāta,Maidanhata,Maidanhatta,25.0952,89.3226,Bangladesh,BD,BGD,Rājshāhi,Rajshahi,BD-E,division,,1355.6,,,3,Asia/Dhaka,FALSE,1050679482
Bhaberkhola,Bhaberkhola,,23.6752,90.9202,Bangladesh,BD,BGD,Chattogram,Chattogram,BD-B,division,,1697.1,,,3,Asia/Dhaka,FALSE,1050978465
Bara Joka,Bara Joka,,23.8500,89.9333,Bangladesh,BD,BGD,Dhaka,Dhaka,BD-C,division,,1072.0,,,3,Asia/Dhaka,FALSE,1050059603
Jināri,Jinari,,24.4846,90.5938,Bangladesh,BD,BGD,Dhaka,Dhaka,BD-C,division,,1752.0,,,3,Asia/Dhaka,FALSE,1050594224
Bara Joka,Bara Joka,,23.3654,89.5057,Bangladesh,BD,BGD,Khulna,Khulna,BD-D,division,,1049.9,,,3,Asia/Dhaka,FALSE,1050382564
Char Hoglabunia,Char Hoglabunia,,22.4543,89.9294,Bangladesh,BD,BGD,Khulna,Khulna,BD-D,division,,669.7,,,3,Asia/Dhaka,FALSE,1050492356
Komroa,Komroa,Kumrua|Komrua,23.1661,90.6928,Bangladesh,BD,BGD,Chattogram,Chattogram,BD-B,division,,2669.4,,,2,Asia/Dhaka,FALSE,1050441069
Kāchina,Kachina,,24.3012,90.3006,Bangladesh,BD,BGD,Mymensingh,Mymensingh,BD-H,division,,1110.0,,,3,Asia/Dhaka,FALSE,1050881464
Singerdabrihāt,Singerdabrihat,,25.8060,89.5144,Bangladesh,BD,BGD,Rangpur,Rangpur,BD-F,division,,1200.5,,,3,Asia/Dhaka,FALSE,1050491948
Terail,Terail,,23.8724,88.8026,Bangladesh,BD,BGD,Khulna,Khulna,BD-D,division,,968.4,,,3,Asia/Dhaka,FALSE,1050811611
Ādpur,Adpur,,24.8224,90.7243,Bangladesh,BD,BGD,Mymensingh,Mymensingh,BD-H,division,,1313.3,,,3,Asia/Dhaka,FALSE,1050019589
Baiboila,Baiboila,,24.7296,88.7435,Bangladesh,BD,BGD,Rājshāhi,Rajshahi,BD-E,division,,1004.9,,,3,Asia/Dhaka,FALSE,1050985129
Kholās,Kholas,,24.8981,89.1816,Bangladesh,BD,BGD,Rājshāhi,Rajshahi,BD-E,division,,1197.7,,,3,Asia/Dhaka,FALSE,1050616337
Muāzzampur,Muazzampur,Mahazzampur|Mohazanpur,24.7661,90.4966,Bangladesh,BD,BGD,Mymensingh,Mymensingh,BD-H,division,,2335.8,,,2,Asia/Dhaka,FALSE,1050699180
Machalpur,Machalpur,Machanpur,24.9167,88.5000,Bangladesh,BD,BGD,Rājshāhi,Rajshahi,BD-E,division,,547.5,,,3,Asia/Dhaka,FALSE,1050261804
Sāmukkhola,Samukkhola,,23.2447,89.6143,Bangladesh,BD,BGD,Khulna,Khulna,BD-D,division,,821.3,,,3,Asia/Dhaka,FALSE,1050656256
Sāmukkhola,Samukkhola,,23.7306,89.5504,Bangladesh,BD,BGD,Dhaka,Dhaka,BD-C,division,,929.0,,,3,Asia/Dhaka,FALSE,1050890774
Uttar Shyāmpur,Uttar Shyampur,Uttar Syāmpur,23.8333,90.2500,Bangladesh,BD,BGD,Dhaka,Dhaka,BD-C,district,,5165.3,,,2,Asia/Dhaka,FALSE,1050399604
Tārābāria,Tarabaria,,23.8813,89.4411,Bangladesh,BD,BGD,Rājshāhi,Rajshahi,BD-E,division,,912.3,,,3,Asia/Dhaka,FALSE,1050267002
Gosāingaon,Gosaingaon,,24.0714,90.6309,Bangladesh,BD,BGD,Dhaka,Dhaka,BD-C,division,,1537.0,,,3,Asia/Dhaka,FALSE,1050951188
Tārābāria,Tarabaria,,23.3333,91.0667,Bangladesh,BD,BGD,Chattogram,Chattogram,BD-B,division,,1878.6,,,3,Asia/Dhaka,FALSE,1050946858
Kāulito,Kaulito,Kāulita,24.0143,90.5295,Bangladesh,BD,BGD,Dhaka,Dhaka,BD-C,division,,2111.9,,,2,Asia/Dhaka,FALSE,1050390522
Dumdi,Dumdi,,24.7167,90.7667,Bangladesh,BD,BGD,Mymensingh,Mymensingh,BD-H,division,,1004.4,,,3,Asia/Dhaka,FALSE,1050707162
Dumdi,Dumdi,,23.1316,89.5811,Bangladesh,BD,BGD,Khulna,Khulna,BD-D,division,,726.6,,,3,Asia/Dhaka,FALSE,1050229260
Banda Pāleha,Banda Paleha,,24.8591,90.9632,Bangladesh,BD,BGD,Mymensingh,Mymensingh,BD-H,division,,738.1,,,3,Asia/Dhaka,FALSE,1050917265
Pāra Pānchāsi,Para Panchasi,,24.6601,90.5529,Bangladesh,BD,BGD,Mymensingh,Mymensingh,BD-H,division,,1393.1,,,3,Asia/Dhaka,FALSE,1050348641
Faizullapur,Faizullapur,Fayzulyapur,24.1110,88.9300,Bangladesh,BD,BGD,Khulna,Khulna,BD-D,division,,1296.7,,,3,Asia/Dhaka,FALSE,1050014840
Faizullāpur,Faizullapur,,22.6527,89.1093,Bangladesh,BD,BGD,Khulna,Khulna,BD-D,division,,1255.2,,,3,Asia/Dhaka,TRUE,1050414841
Kāmārgachi,Kamargachi,,23.2269,89.2553,Bangladesh,BD,BGD,Khulna,Khulna,BD-D,division,,1929.9,,,3,Asia/Dhaka,FALSE,1050900456
Jatiābar,Jatiabar,,24.9474,90.5339,Bangladesh,BD,BGD,Mymensingh,Mymensingh,BD-H,division,,996.3,,,3,Asia/Dhaka,FALSE,1050213704
Bājunia,Bajunia,,23.0265,89.9283,Bangladesh,BD,BGD,Dhaka,Dhaka,BD-C,division,,901.9,,,3,Asia/Dhaka,FALSE,1050153134
Harinsinga,Harinsinga,,25.3131,89.5169,Bangladesh,BD,BGD,Rangpur,Rangpur,BD-F,division,,1599.6,,,3,Asia/Dhaka,FALSE,1050754005
Bisurban,Bisurban,Bisurbanda,23.1376,90.8071,Bangladesh,BD,BGD,Chattogram,Chattogram,BD-B,division,,1790.0,,,3,Asia/Dhaka,FALSE,1050714584
Bhirām,Bhiram,,25.4615,88.8404,Bangladesh,BD,BGD,Rangpur,Rangpur,BD-F,division,,761.3,,,3,Asia/Dhaka,FALSE,1050317062
Parichshata Kura,Parichshata Kura,,22.2652,89.9579,Bangladesh,BD,BGD,Barishal,Barishal,BD-A,division,,785.0,,,3,Asia/Dhaka,FALSE,1050400324
Lāmchar,Lamchar,,23.0540,90.8853,Bangladesh,BD,BGD,Chattogram,Chattogram,BD-B,division,,1974.3,,,3,Asia/Dhaka,FALSE,1050351656
Paschim Uluāti,Paschim Uluati,Pachim Uluati,24.9110,90.7182,Bangladesh,BD,BGD,Mymensingh,Mymensingh,BD-H,division,,1313.3,,,3,Asia/Dhaka,FALSE,1050951766
Paschim Sāora,Paschim Saora,West Sāora,22.9721,90.2033,Bangladesh,BD,BGD,Barishal,Barishal,BD-A,division,,1222.5,,,3,Asia/Dhaka,FALSE,1050529510
Karamullāpur,Karamullapur,,24.7690,90.2179,Bangladesh,BD,BGD,Mymensingh,Mymensingh,BD-H,division,,1490.9,,,3,Asia/Dhaka,FALSE,1050424682
Arāzi Dilālpur,Arazi Dilalpur,,25.7200,88.9743,Bangladesh,BD,BGD,Rangpur,Rangpur,BD-F,division,,1056.1,,,3,Asia/Dhaka,FALSE,1050803625
Raripukuria,Raripukuria,,22.9453,88.9711,Bangladesh,BD,BGD,Khulna,Khulna,BD-D,division,,1137.9,,,3,Asia/Dhaka,FALSE,1050759536
Buzruk Bishnapur,Buzruk Bishnapur,,25.2762,89.3879,Bangladesh,BD,BGD,Rangpur,Rangpur,BD-F,division,,1443.0,,,3,Asia/Dhaka,FALSE,1050693273
Hālgaon,Halgaon,,23.2833,91.0500,Bangladesh,BD,BGD,Chattogram,Chattogram,BD-B,division,,1878.6,,,3,Asia/Dhaka,FALSE,1050217996
Shahāgola,Shahagola,,24.6794,88.9780,Bangladesh,BD,BGD,Rājshāhi,Rajshahi,BD-E,division,,843.6,,,3,Asia/Dhaka,FALSE,1050275744
Paschim Goāinpur,Paschim Goainpur,,25.0003,88.7335,Bangladesh,BD,BGD,Rājshāhi,Rajshahi,BD-E,division,,661.6,,,3,Asia/Dhaka,FALSE,1050100676
Nazar Muhammad,Nazar Muhammad,,25.6281,89.4313,Bangladesh,BD,BGD,Rangpur,Rangpur,BD-F,division,,1278.8,,,3,Asia/Dhaka,FALSE,1050577868
Haridebpur Char,Haridebpur Char,,22.1819,90.4137,Bangladesh,BD,BGD,Khulna,Khulna,BD-D,division,,442.5,,,3,Asia/Dhaka,FALSE,1050360359
Chak Patla,Chak Patla,,25.9207,88.5895,Bangladesh,BD,BGD,Rangpur,Rangpur,BD-F,division,,864.9,,,3,Asia/Dhaka,FALSE,1050421080
Mānusmāra,Manusmara,,25.9428,88.9493,Bangladesh,BD,BGD,Rangpur,Rangpur,BD-F,division,,1347.4,,,3,Asia/Dhaka,FALSE,1050639950
Uttarshangar,Uttarshangar,Uttar Sangar,24.4083,91.3118,Bangladesh,BD,BGD,Sylhet,Sylhet,BD-G,division,,800.2,,,3,Asia/Dhaka,FALSE,1050980301
Bara Chand Sada,Bara Chand Sada,,24.9864,88.4284,Bangladesh,BD,BGD,Rājshāhi,Rajshahi,BD-E,division,,547.5,,,3,Asia/Dhaka,FALSE,1050199223
Paiker Chhara,Paiker Chhara,,26.1063,89.7010,Bangladesh,BD,BGD,Rangpur,Rangpur,BD-F,division,,1180.8,,,3,Asia/Dhaka,FALSE,1050175923
Nābhānga,Nabhanga,,22.5489,92.1694,Bangladesh,BD,BGD,Chattogram,Chattogram,BD-B,division,,369.9,,,3,Asia/Dhaka,FALSE,1050448674
Nābhānga,Nabhanga,,22.7052,91.9908,Bangladesh,BD,BGD,Chattogram,Chattogram,BD-B,division,,283.5,,,3,Asia/Dhaka,TRUE,1050124403
Nābhānga,Nabhanga,,22.8469,91.9222,Bangladesh,BD,BGD,Chattogram,Chattogram,BD-B,division,,122.6,,,4,Asia/Dhaka,TRUE,1050301281
Jāmālpur Chak,Jamalpur Chak,,23.9593,90.6142,Bangladesh,BD,BGD,Dhaka,Dhaka,BD-C,district,,2197.9,,,2,Asia/Dhaka,FALSE,1050914476
Baliasisa,Baliasisa,Baliāshisha,23.8702,89.0512,Bangladesh,BD,BGD,Khulna,Khulna,BD-D,division,,1177.2,,,3,Asia/Dhaka,FALSE,1050385024
Mātiākura,Matiakura,,25.9471,88.6882,Bangladesh,BD,BGD,Rangpur,Rangpur,BD-F,division,,864.9,,,3,Asia/Dhaka,FALSE,1050632509
Surjyabhāg,Surjyabhag,,24.4667,88.7833,Bangladesh,BD,BGD,Rājshāhi,Rajshahi,BD-E,division,,1073.3,,,3,Asia/Dhaka,FALSE,1050719709
Māsimnagar,Masimnagar,,22.9724,90.8376,Bangladesh,BD,BGD,Chattogram,Chattogram,BD-B,division,,1633.2,,,3,Asia/Dhaka,FALSE,1050048689
Barāsula,Barasula,,23.1874,89.5237,Bangladesh,BD,BGD,Khulna,Khulna,BD-D,division,,726.6,,,3,Asia/Dhaka,FALSE,1050404534
Sultānābād Tāterkāti,Sultanabad Taterkati,,22.4375,90.5675,Bangladesh,BD,BGD,Barishal,Barishal,BD-A,division,,730.4,,,3,Asia/Dhaka,FALSE,1050380316
Chak Dalimba,Chak Dalimba,,25.0909,88.9403,Bangladesh,BD,BGD,Rājshāhi,Rajshahi,BD-E,division,,958.6,,,3,Asia/Dhaka,FALSE,1050682436
Sāhamandāri,Sahamandari,Sāhāmāndār,22.7328,90.6468,Bangladesh,BD,BGD,Barishal,Barishal,BD-A,division,,1669.9,,,3,Asia/Dhaka,FALSE,1050917974
Balsid,Balsid,,23.2667,90.7667,Bangladesh,BD,BGD,Chattogram,Chattogram,BD-B,division,,1283.7,,,3,Asia/Dhaka,FALSE,1050353350
Hātia Bakshi,Hatia Bakshi,,25.6643,89.6911,Bangladesh,BD,BGD,Rangpur,Rangpur,BD-F,division,,1090.9,,,3,Asia/Dhaka,FALSE,1050044737
Puti Khāli,Puti Khali,,22.7493,92.1050,Bangladesh,BD,BGD,Chattogram,Chattogram,BD-B,division,,368.4,,,3,Asia/Dhaka,FALSE,1050000213
Dakshin Barabhāg,Dakshin Barabhag,,24.7038,90.6271,Bangladesh,BD,BGD,Mymensingh,Mymensingh,BD-H,division,,1424.0,,,3,Asia/Dhaka,FALSE,1050049529
Farāshganj,Farashganj,,22.8594,90.9059,Bangladesh,BD,BGD,Chattogram,Chattogram,BD-B,division,,1633.2,,,3,Asia/Dhaka,FALSE,1050010551
Jahurābād,Jahurabad,,23.8000,90.3500,Bangladesh,BD,BGD,Dhaka,Dhaka,BD-C,district,,118162.9,,,2,Asia/Dhaka,FALSE,1050166039
Dakshin Hāt Bariāil,Dakshin Hat Bariail,,23.8181,90.0704,Bangladesh,BD,BGD,Dhaka,Dhaka,BD-C,division,,1652.4,,,3,Asia/Dhaka,FALSE,1050492167
Bindalbāri,Bindalbari,,25.9681,88.1839,Bangladesh,BD,BGD,Rangpur,Rangpur,BD-F,division,,802.0,,,3,Asia/Dhaka,FALSE,1050580350
Tākimara,Takimara,Bareatakimara Village|Bareatakimara|Bareya Takimāra,23.8692,89.1119,Bangladesh,BD,BGD,Khulna,Khulna,BD-D,division,,1785.0,,,3,Asia/Dhaka,FALSE,1050306139
Tākimāra,Takimara,,22.6582,89.4395,Bangladesh,BD,BGD,Khulna,Khulna,BD-D,division,,747.6,,,3,Asia/Dhaka,TRUE,1050418972
Gar Bhawanipur,Gar Bhawanipur,,25.8159,88.2068,Bangladesh,BD,BGD,Rangpur,Rangpur,BD-F,division,,839.3,,,3,Asia/Dhaka,FALSE,1050506782
Gandāber,Gandaber,,24.9948,90.6712,Bangladesh,BD,BGD,Mymensingh,Mymensingh,BD-H,division,,966.6,,,3,Asia/Dhaka,FALSE,1050118095
Joykur,Joykur,,25.8201,88.3476,Bangladesh,BD,BGD,Rangpur,Rangpur,BD-F,division,,727.3,,,3,Asia/Dhaka,FALSE,1050281862
Samānju,Samanju,,26.2692,88.5031,Bangladesh,BD,BGD,Rangpur,Rangpur,BD-F,division,,622.5,,,3,Asia/Dhaka,FALSE,1050344582
Ranihāt,Ranihat,,24.6043,88.2634,Bangladesh,BD,BGD,Rājshāhi,Rajshahi,BD-E,division,,1420.4,,,3,Asia/Dhaka,FALSE,1050801336
Bhārāria,Bhararia,Āti Bhārāria,23.7162,90.3502,Bangladesh,BD,BGD,Dhaka,Dhaka,BD-C,division,,6285.0,,,2,Asia/Dhaka,FALSE,1050241496
Bhārāria,Bhararia,,23.9655,90.2025,Bangladesh,BD,BGD,Dhaka,Dhaka,BD-C,division,,1957.1,,,3,Asia/Dhaka,TRUE,1050755653
Bhārāria,Bhararia,,23.7581,90.0179,Bangladesh,BD,BGD,Dhaka,Dhaka,BD-C,division,,1285.1,,,3,Asia/Dhaka,TRUE,1050386687
Zaffarpur,Zaffarpur,,24.2474,90.8400,Bangladesh,BD,BGD,Dhaka,Dhaka,BD-C,division,,1621.0,,,3,Asia/Dhaka,FALSE,1050264726
Sālukkuri,Salukkuri,Salakkuri,24.9667,88.9833,Bangladesh,BD,BGD,Rājshāhi,Rajshahi,BD-E,division,,979.7,,,3,Asia/Dhaka,FALSE,1050976186
Shankardia,Shankardia,Sankardia,23.7419,89.0223,Bangladesh,BD,BGD,Khulna,Khulna,BD-D,division,,1785.0,,,3,Asia/Dhaka,FALSE,1050160858
Guldi,Guldi,,21.8310,91.9815,Bangladesh,BD,BGD,Chattogram,Chattogram,BD-B,division,,1691.5,,,3,Asia/Dhaka,FALSE,1050187114
Mundikhai,Mundikhai,,24.7820,88.4223,Bangladesh,BD,BGD,Rājshāhi,Rajshahi,BD-E,division,,593.9,,,3,Asia/Dhaka,FALSE,1050411989
Secunderābād,Secunderabad,Sekendarabad,24.9695,89.3249,Bangladesh,BD,BGD,Rājshāhi,Rajshahi,BD-E,division,,1559.3,,,3,Asia/Dhaka,FALSE,1050170154
Mongla,Mongla,,22.4722,89.6109,Bangladesh,BD,BGD,Khulna,Khulna,BD-D,division,,92.3,,,4,Asia/Dhaka,FALSE,1050639975
Dhanpaddi,Dhanpaddi,,23.3021,90.6699,Bangladesh,BD,BGD,Chattogram,Chattogram,BD-B,division,,2669.4,,,2,Asia/Dhaka,FALSE,1050093338
Dhabail,Dhabail,,24.6485,88.3737,Bangladesh,BD,BGD,Rājshāhi,Rajshahi,BD-E,division,,805.8,,,3,Asia/Dhaka,FALSE,1050763719
Muriājhora,Muriajhora,,23.2461,89.9978,Bangladesh,BD,BGD,Dhaka,Dhaka,BD-C,division,,864.1,,,3,Asia/Dhaka,FALSE,1050906439
Rāmsahar,Ramsahar,,24.9280,89.3349,Bangladesh,BD,BGD,Rājshāhi,Rajshahi,BD-E,division,,3497.0,,,2,Asia/Dhaka,FALSE,1050552792
Hāripitha,Haripitha,,26.1717,88.2875,Bangladesh,BD,BGD,Rangpur,Rangpur,BD-F,division,,793.1,,,3,Asia/Dhaka,FALSE,1050131240
Chāndāi,Chandai,,24.8457,89.3139,Bangladesh,BD,BGD,Rājshāhi,Rajshahi,BD-E,division,,2632.7,,,2,Asia/Dhaka,FALSE,1050177686
Sāmāderdeil,Samaderdeil,,21.7333,91.8406,Bangladesh,BD,BGD,Chattogram,Chattogram,BD-B,division,,2297.0,,,2,Asia/Dhaka,FALSE,1050330934
Dakshin Dalgrām,Dakshin Dalgram,Dakshin Dalagram,25.9726,89.2772,Bangladesh,BD,BGD,Rangpur,Rangpur,BD-F,division,,1158.5,,,3,Asia/Dhaka,FALSE,1050014048
Uttar Sonakhali,Uttar Sonakhali,,22.2500,89.9667,Bangladesh,BD,BGD,Barishal,Barishal,BD-A,division,,785.0,,,3,Asia/Dhaka,FALSE,1050144922
Uttar Sonakhāli,Uttar Sonakhali,North Sonakhali,22.2379,89.9631,Bangladesh,BD,BGD,Khulna,Khulna,BD-D,division,,785.0,,,3,Asia/Dhaka,FALSE,1050305216
Uttar Sonākhāli,Uttar Sonakhali,,26.1062,89.0559,Bangladesh,BD,BGD,Rangpur,Rangpur,BD-F,division,,1011.8,,,3,Asia/Dhaka,FALSE,1050174010
Dakhin Karīmpur,Dakhin Karimpur,South Karimpur,22.9167,91.3167,Bangladesh,BD,BGD,Chattogram,Chattogram,BD-B,division,,2002.6,,,2,Asia/Dhaka,FALSE,1050109065
Lapakhyongpāra,Lapakhyongpara,,22.1627,92.2424,Bangladesh,BD,BGD,Chattogram,Chattogram,BD-B,division,,67.4,,,4,Asia/Dhaka,FALSE,1050709773
Baisamabpur,Baisamabpur,,25.1122,89.9470,Bangladesh,BD,BGD,Mymensingh,Mymensingh,BD-H,division,,1080.1,,,3,Asia/Dhaka,FALSE,1050000382
Nababpur,Nababpur,Nowabpur|Nawābpur,23.1981,90.9625,Bangladesh,BD,BGD,Chattogram,Chattogram,BD-B,division,,1283.7,,,3,Asia/Dhaka,FALSE,1050714323
Bāde Kalameswar,Bade Kalameswar,,23.9563,90.3782,Bangladesh,BD,BGD,Dhaka,Dhaka,BD-C,district,,8356.1,,,2,Asia/Dhaka,FALSE,1050134958
Nabābpur,Nababpur,,24.8333,90.2500,Bangladesh,BD,BGD,Mymensingh,Mymensingh,BD-H,division,,2335.8,,,2,Asia/Dhaka,FALSE,1050044419
Nabābpur,Nababpur,,24.8363,90.0822,Bangladesh,BD,BGD,Mymensingh,Mymensingh,BD-H,division,,1260.8,,,3,Asia/Dhaka,TRUE,1050856516
Nabābpur,Nababpur,,24.8119,90.8274,Bangladesh,BD,BGD,Mymensingh,Mymensingh,BD-H,division,,819.5,,,3,Asia/Dhaka,TRUE,1050183723
Khāila,Khaila,,23.0333,90.4167,Bangladesh,BD,BGD,Barishal,Barishal,BD-A,division,,803.3,,,3,Asia/Dhaka,FALSE,1050491027
Dālbuganj,Dalbuganj,,21.8932,90.1753,Bangladesh,BD,BGD,Barishal,Barishal,BD-A,division,,568.6,,,3,Asia/Dhaka,FALSE,1050638119
Bākra,Bakra,Bākra Gonsaipur,23.2858,90.7311,Bangladesh,BD,BGD,Chattogram,Chattogram,BD-B,division,,1641.7,,,3,Asia/Dhaka,FALSE,1050044351
Duaria,Duaria,,23.8292,90.1509,Bangladesh,BD,BGD,Dhaka,Dhaka,BD-C,division,,1525.0,,,3,Asia/Dhaka,FALSE,1050721128
Duāria,Duaria,Dwaria,23.5407,90.9640,Bangladesh,BD,BGD,Chattogram,Chattogram,BD-B,division,,2064.1,,,2,Asia/Dhaka,FALSE,1050214399
Amarkhand,Amarkhand,,26.3744,88.5296,Bangladesh,BD,BGD,Rangpur,Rangpur,BD-F,division,,1332.7,,,3,Asia/Dhaka,FALSE,1050293408
Bhagamantapur,Bhagamantapur,Bhagabantapur,24.4774,88.3304,Bangladesh,BD,BGD,Rājshāhi,Rajshahi,BD-E,division,,848.5,,,3,Asia/Dhaka,FALSE,1050326089
Bhairab Bāzār,Bhairab Bazar,Bhairab Town,24.0500,90.9883,Bangladesh,BD,BGD,Dhaka,Dhaka,BD-C,district,,3234.3,,,2,Asia/Dhaka,FALSE,1050622916
Togra,Togra,,22.4936,89.9732,Bangladesh,BD,BGD,Barishal,Barishal,BD-A,division,,846.5,,,3,Asia/Dhaka,FALSE,1050946320
Marapagla,Marapagla,,24.5581,88.2270,Bangladesh,BD,BGD,Rājshāhi,Rajshahi,BD-E,division,,1420.4,,,3,Asia/Dhaka,FALSE,1050311746
Kālbila,Kalbila,,22.8901,90.1163,Bangladesh,BD,BGD,Barishal,Barishal,BD-A,division,,943.2,,,3,Asia/Dhaka,FALSE,1050021590
Mārkā,Marka,,22.4916,89.0182,Bangladesh,BD,BGD,Khulna,Khulna,BD-D,division,,824.9,,,3,Asia/Dhaka,FALSE,1050438371
Uttar Khansārdi,Uttar Khansardi,,23.6667,90.6333,Bangladesh,BD,BGD,Dhaka,Dhaka,BD-C,district,,3456.4,,,2,Asia/Dhaka,FALSE,1050232816
Astagrām,Astagram,,24.2784,91.1156,Bangladesh,BD,BGD,Rājshāhi,Rajshahi,BD-E,division,,606.6,,,3,Asia/Dhaka,FALSE,1050730744
Lakshya Simulia,Lakshya Simulia,,23.8477,90.5421,Bangladesh,BD,BGD,Dhaka,Dhaka,BD-C,district,,2849.6,,,2,Asia/Dhaka,FALSE,1050803313
Lohāir,Lohair,,23.3041,89.9484,Bangladesh,BD,BGD,Dhaka,Dhaka,BD-C,district,,864.1,,,3,Asia/Dhaka,FALSE,1050086538
Naotari Debottar,Naotari Debottar,,26.2877,88.6944,Bangladesh,BD,BGD,Rangpur,Rangpur,BD-F,division,,622.5,,,3,Asia/Dhaka,FALSE,1050983356
Para Ujāni,Para Ujani,Pora Ujāni,23.2424,89.8939,Bangladesh,BD,BGD,Dhaka,Dhaka,BD-C,division,,864.1,,,3,Asia/Dhaka,FALSE,1050542408
Garuitupi,Garuitupi,,23.5450,88.9383,Bangladesh,BD,BGD,Khulna,Khulna,BD-D,division,,1231.8,,,3,Asia/Dhaka,FALSE,1050506261
Jāmur Khidragati,Jamur Khidragati,,23.8027,90.2576,Bangladesh,BD,BGD,Dhaka,Dhaka,BD-C,district,,5420.4,,,2,Asia/Dhaka,FALSE,1050386535
Digri,Digri,,23.6456,88.8819,Bangladesh,BD,BGD,Khulna,Khulna,BD-D,division,,1231.8,,,3,Asia/Dhaka,FALSE,1050676740
Digri,Digri,,23.2467,88.9726,Bangladesh,BD,BGD,Khulna,Khulna,BD-D,division,,971.1,,,3,Asia/Dhaka,TRUE,1050927950
Dāmanpāra,Damanpara,,24.4457,88.9468,Bangladesh,BD,BGD,Rājshāhi,Rajshahi,BD-E,division,,1221.6,,,3,Asia/Dhaka,FALSE,1050508856
Bhābrāsur,Bhabrasur,,23.2833,89.8833,Bangladesh,BD,BGD,Dhaka,Dhaka,BD-C,district,,864.1,,,3,Asia/Dhaka,FALSE,1050103591
Char Kidarhat,Char Kidarhat,,22.4486,89.9122,Bangladesh,BD,BGD,Khulna,Khulna,BD-D,division,,755.3,,,3,Asia/Dhaka,FALSE,1050069999
Tetipara,Tetipara,,25.1353,89.7929,Bangladesh,BD,BGD,Mymensingh,Mymensingh,BD-H,division,,880.8,,,3,Asia/Dhaka,FALSE,1050266450
Mahammadpur,Mahammadpur,,23.7297,89.6771,Bangladesh,BD,BGD,Dhaka,Dhaka,BD-C,division,,1389.6,,,3,Asia/Dhaka,FALSE,1050955116
Laghnasār,Laghnasar,Lagnasar,23.3500,91.1167,Bangladesh,BD,BGD,Chattogram,Chattogram,BD-B,division,,1878.6,,,3,Asia/Dhaka,FALSE,1050943448
Mahammadpur,Mahammadpur,,23.6752,89.1792,Bangladesh,BD,BGD,Khulna,Khulna,BD-D,division,,1084.0,,,3,Asia/Dhaka,FALSE,1050812515
Jaykumar,Jaykumar,,25.8638,89.5754,Bangladesh,BD,BGD,Rangpur,Rangpur,BD-F,division,,1200.5,,,3,Asia/Dhaka,FALSE,1050075301
Uttar Magdahara,Uttar Magdahara,,22.4997,91.5039,Bangladesh,BD,BGD,Chattogram,Chattogram,BD-B,division,,1225.3,,,3,Asia/Dhaka,FALSE,1050570367
Bhuban,Bhuban,,24.9338,88.8824,Bangladesh,BD,BGD,Rājshāhi,Rajshahi,BD-E,division,,979.7,,,3,Asia/Dhaka,FALSE,1050764348
Bāishpāra,Baishpara,,21.8670,92.1866,Bangladesh,BD,BGD,Chattogram,Chattogram,BD-B,division,,149.0,,,4,Asia/Dhaka,FALSE,1050023420
Sundarkol,Sundarkol,,25.1283,89.3033,Bangladesh,BD,BGD,Rājshāhi,Rajshahi,BD-E,division,,1204.1,,,3,Asia/Dhaka,FALSE,1050310965
Tafira,Tafira,,23.3333,90.9333,Bangladesh,BD,BGD,Chattogram,Chattogram,BD-B,division,,1693.7,,,3,Asia/Dhaka,FALSE,1050282310
Kājiālpāra,Kajialpara,,23.7667,89.4167,Bangladesh,BD,BGD,Dhaka,Dhaka,BD-C,district,,1101.2,,,3,Asia/Dhaka,FALSE,1050683243
Chargaon,Chargaon,Chorgaon,24.6394,90.7243,Bangladesh,BD,BGD,Mymensingh,Mymensingh,BD-H,division,,1393.1,,,3,Asia/Dhaka,FALSE,1050036286
Sāitkhāli,Saitkhali,,23.1704,89.3560,Bangladesh,BD,BGD,Khulna,Khulna,BD-D,division,,878.8,,,3,Asia/Dhaka,FALSE,1050000581
Hānpār,Hanpar,,25.0250,88.7227,Bangladesh,BD,BGD,Rājshāhi,Rajshahi,BD-E,division,,661.6,,,3,Asia/Dhaka,FALSE,1050679949
Chhit Madankura,Chhit Madankura,,26.0838,89.4177,Bangladesh,BD,BGD,Rangpur,Rangpur,BD-F,division,,858.6,,,3,Asia/Kolkata,FALSE,1050099147
Baragundail,Baragundail,,25.0620,88.5424,Bangladesh,BD,BGD,Rājshāhi,Rajshahi,BD-E,division,,655.4,,,3,Asia/Dhaka,FALSE,1050556656
Dhaluābāri,Dhaluabari,,24.4012,90.0247,Bangladesh,BD,BGD,Dhaka,Dhaka,BD-C,division,,998.9,,,3,Asia/Dhaka,FALSE,1050111099
Nischintapur,Nischintapur,,23.3081,90.8200,Bangladesh,BD,BGD,Chattogram,Chattogram,BD-B,division,,2171.9,,,2,Asia/Dhaka,FALSE,1050317007
Nischintapur,Nischintapur,,23.1206,90.9801,Bangladesh,BD,BGD,Chattogram,Chattogram,BD-B,division,,2106.8,,,2,Asia/Dhaka,TRUE,1050401067
Nischintāpur,Nischintapur,West Nischintapur,23.3667,91.0167,Bangladesh,BD,BGD,Chattogram,Chattogram,BD-B,division,,1878.6,,,3,Asia/Dhaka,TRUE,1050523354
Nischintapur,Nischintapur,,23.3503,90.8793,Bangladesh,BD,BGD,Chattogram,Chattogram,BD-B,division,,1693.7,,,3,Asia/Dhaka,TRUE,1050895890
Nischintapur,Nischintapur,,22.8927,90.9130,Bangladesh,BD,BGD,Chattogram,Chattogram,BD-B,division,,1633.2,,,3,Asia/Dhaka,TRUE,1050242343
Nischintapur,Nischintapur,,23.1893,90.8501,Bangladesh,BD,BGD,Chattogram,Chattogram,BD-B,division,,1509.4,,,3,Asia/Dhaka,TRUE,1050073524
Nischintapur,Nischintapur,Nichintapur,23.4500,90.6833,Bangladesh,BD,BGD,Chattogram,Chattogram,BD-B,division,,1297.7,,,3,Asia/Dhaka,TRUE,1050872102
Nischintāpur,Nischintapur,North Nischintapur,23.3167,91.1667,Bangladesh,BD,BGD,Chattogram,Chattogram,BD-B,division,,1285.8,,,3,Asia/Dhaka,TRUE,1050968343
Nischintapur,Nischintapur,,22.5972,91.8327,Bangladesh,BD,BGD,Chattogram,Chattogram,BD-B,division,,785.5,,,3,Asia/Dhaka,TRUE,1050852120
Kālāpāria,Kalaparia,,23.6733,89.0909,Bangladesh,BD,BGD,Khulna,Khulna,BD-D,division,,979.9,,,3,Asia/Dhaka,FALSE,1050794388
Barāhātua,Barahatua,,23.4500,91.0667,Bangladesh,BD,BGD,Chattogram,Chattogram,BD-B,division,,3950.5,,,2,Asia/Dhaka,FALSE,1050750822
Maira,Maira,,25.1930,89.3504,Bangladesh,BD,BGD,Rangpur,Rangpur,BD-F,division,,1204.1,,,3,Asia/Dhaka,FALSE,1050796460
Bāzeāpti Bāgli,Bazeapti Bagli,Bajeapti Bagli,23.7292,89.3643,Bangladesh,BD,BGD,Dhaka,Dhaka,BD-C,division,,1101.2,,,3,Asia/Dhaka,FALSE,1050155572
Potkākhāli,Potkakhali,,22.2753,90.0879,Bangladesh,BD,BGD,Barishal,Barishal,BD-A,division,,1048.8,,,3,Asia/Dhaka,FALSE,1050507811
Bara Gaon,Bara Gaon,,24.8668,90.8717,Bangladesh,BD,BGD,Mymensingh,Mymensingh,BD-H,division,,912.2,,,3,Asia/Dhaka,FALSE,1050084885
Sāhārpār,Saharpar,,23.3005,90.9543,Bangladesh,BD,BGD,Chattogram,Chattogram,BD-B,division,,1693.7,,,3,Asia/Dhaka,FALSE,1050769722
Gābdergaon,Gabdergaon,Gabdersaon,23.1168,90.7745,Bangladesh,BD,BGD,Chattogram,Chattogram,BD-B,division,,1790.0,,,3,Asia/Dhaka,FALSE,1050280063
Ganapait,Ganapait,,25.9845,88.5994,Bangladesh,BD,BGD,Rangpur,Rangpur,BD-F,division,,864.9,,,3,Asia/Dhaka,FALSE,1050347290
Phalpākair,Phalpakair,,23.4703,90.3909,Bangladesh,BD,BGD,Dhaka,Dhaka,BD-C,district,,1844.5,,,3,Asia/Dhaka,FALSE,1050886942
Darbeser Kāndi,Darbeser Kandi,,24.0807,90.6780,Bangladesh,BD,BGD,Dhaka,Dhaka,BD-C,division,,1614.6,,,3,Asia/Dhaka,FALSE,1050784277
Darbeser Kāndi,Darbeser Kandi,,22.8667,90.5167,Bangladesh,BD,BGD,Barishal,Barishal,BD-A,division,,863.6,,,3,Asia/Dhaka,FALSE,1050448079
Karnapur,Karnapur,,24.8939,89.3994,Bangladesh,BD,BGD,Rājshāhi,Rajshahi,BD-E,division,,3497.0,,,2,Asia/Dhaka,FALSE,1050000558
Karnapur,Karnapur,,24.8573,88.7799,Bangladesh,BD,BGD,Rājshāhi,Rajshahi,BD-E,division,,808.0,,,3,Asia/Dhaka,TRUE,1050362247
Sarbaj Baksipur,Sarbaj Baksipur,,23.4987,89.4946,Bangladesh,BD,BGD,Dhaka,Dhaka,BD-C,division,,1017.1,,,3,Asia/Dhaka,FALSE,1050045868
Karnapur,Karnapur,,24.1847,90.5230,Bangladesh,BD,BGD,Dhaka,Dhaka,BD-C,division,,1681.2,,,3,Asia/Dhaka,FALSE,1050463414
Karnapur,Karnapur,,24.9476,90.8083,Bangladesh,BD,BGD,Mymensingh,Mymensingh,BD-H,division,,1292.2,,,3,Asia/Dhaka,FALSE,1050029879
Tālia,Talia,,23.8799,90.4655,Bangladesh,BD,BGD,Dhaka,Dhaka,BD-C,district,,4214.5,,,2,Asia/Dhaka,FALSE,1050023464
Ujjalkota,Ujjalkota,,25.9377,88.3859,Bangladesh,BD,BGD,Rangpur,Rangpur,BD-F,division,,727.3,,,3,Asia/Dhaka,FALSE,1050275848
Behur,Behur,Beur,24.9000,92.3333,Bangladesh,BD,BGD,Sylhet,Sylhet,BD-G,division,,1160.7,,,3,Asia/Dhaka,FALSE,1050335592
Dunigrām,Dunigram,,23.9830,90.0701,Bangladesh,BD,BGD,Dhaka,Dhaka,BD-C,division,,1878.1,,,3,Asia/Dhaka,FALSE,1050154524
Kushālpār,Kushalpar,,25.4199,88.9461,Bangladesh,BD,BGD,Rangpur,Rangpur,BD-F,division,,986.7,,,3,Asia/Dhaka,FALSE,1050659987
Sanyasbāri,Sanyasbari,Sameyasbari,24.6869,88.8444,Bangladesh,BD,BGD,Rājshāhi,Rajshahi,BD-E,division,,903.1,,,3,Asia/Dhaka,FALSE,1050573488
Pātkāti,Patkati,,22.5780,90.4840,Bangladesh,BD,BGD,Barishal,Barishal,BD-A,division,,867.9,,,3,Asia/Dhaka,FALSE,1050795615
Uttar Dāudpur,Uttar Daudpur,,23.9124,90.6581,Bangladesh,BD,BGD,Dhaka,Dhaka,BD-C,district,,4260.3,,,2,Asia/Dhaka,FALSE,1050530792
Panchbibi,Panchbibi,,25.1907,89.0221,Bangladesh,BD,BGD,Rājshāhi,Rajshahi,BD-E,division,,928.2,,,3,Asia/Dhaka,FALSE,1050339564
Rāmprāsād,Ramprasad,,25.0666,92.1422,Bangladesh,BD,BGD,Sylhet,Sylhet,BD-G,division,,1030.0,,,3,Asia/Dhaka,FALSE,1050204377
Rāmprāsād,Ramprasad,,25.9371,89.5430,Bangladesh,BD,BGD,Rangpur,Rangpur,BD-F,division,,1151.9,,,3,Asia/Dhaka,FALSE,1050577102
Rāmprasād,Ramprasad,,25.0774,88.8917,Bangladesh,BD,BGD,Rājshāhi,Rajshahi,BD-E,division,,624.4,,,3,Asia/Dhaka,FALSE,1050200398
Baulām,Baulam,,24.8529,90.6535,Bangladesh,BD,BGD,Mymensingh,Mymensingh,BD-H,division,,984.3,,,3,Asia/Dhaka,FALSE,1050785101
Shambhupura,Shambhupura,Sambhupura,23.5814,90.5505,Bangladesh,BD,BGD,Dhaka,Dhaka,BD-C,district,,3456.4,,,2,Asia/Dhaka,FALSE,1050545826
Deāra,Deara,,22.8738,89.5402,Bangladesh,BD,BGD,Khulna,Khulna,BD-D,division,,9028.6,,,2,Asia/Dhaka,FALSE,1050769612
Deāra,Deara,,22.8331,89.5661,Bangladesh,BD,BGD,Khulna,Khulna,BD-D,division,,6125.2,,,2,Asia/Dhaka,TRUE,1050401913
Deāra,Deara,,23.2424,89.2968,Bangladesh,BD,BGD,Khulna,Khulna,BD-D,division,,878.8,,,3,Asia/Dhaka,TRUE,1050225959
Deāra,Deara,Dakshin Deara|Dakhin Deāra,22.3995,89.2863,Bangladesh,BD,BGD,Khulna,Khulna,BD-D,division,,154.7,,,4,Asia/Dhaka,TRUE,1050560235
Zinzira,Zinzira,,23.8648,90.2928,Bangladesh,BD,BGD,Dhaka,Dhaka,BD-C,district,,5420.4,,,2,Asia/Dhaka,FALSE,1050708434
Dakshin Bāmia,Dakshin Bamia,Bāmia,22.4253,89.2818,Bangladesh,BD,BGD,Khulna,Khulna,BD-D,division,,154.7,,,4,Asia/Dhaka,FALSE,1050756715
Mollepara,Mollepara,,25.3320,89.2327,Bangladesh,BD,BGD,Rangpur,Rangpur,BD-F,division,,916.0,,,3,Asia/Dhaka,FALSE,1050486586
Rāinagar,Rainagar,Raynagar,23.5448,89.5030,Bangladesh,BD,BGD,Khulna,Khulna,BD-D,division,,994.0,,,3,Asia/Dhaka,FALSE,1050724546
Rainagar,Rainagar,Raynagar,24.9835,89.3459,Bangladesh,BD,BGD,Rājshāhi,Rajshahi,BD-E,division,,1355.6,,,3,Asia/Dhaka,FALSE,1050228164
Rāinagar,Rainagar,,24.6125,88.8917,Bangladesh,BD,BGD,Rājshāhi,Rajshahi,BD-E,division,,1113.9,,,3,Asia/Dhaka,TRUE,1050140399
Rāinagar,Rainagar,,24.6843,88.7334,Bangladesh,BD,BGD,Rājshāhi,Rajshahi,BD-E,division,,1005.8,,,3,Asia/Dhaka,TRUE,1050013827
Chārtala Bāzār,Chartala Bazar,Char Chārtala Bāzār,24.0035,90.9870,Bangladesh,BD,BGD,Chattogram,Chattogram,BD-B,division,,3044.9,,,2,Asia/Dhaka,FALSE,1050706239
Kuribāri,Kuribari,,24.6400,90.0048,Bangladesh,BD,BGD,Dhaka,Dhaka,BD-C,division,,802.7,,,3,Asia/Dhaka,FALSE,1050983797
Sundalpur,Sundalpur,Sandalpur,24.4915,88.5574,Bangladesh,BD,BGD,Rājshāhi,Rajshahi,BD-E,division,,1211.2,,,3,Asia/Dhaka,FALSE,1050898314
Sundalpur,Sundalpur,,23.5115,90.7545,Bangladesh,BD,BGD,Chattogram,Chattogram,BD-B,division,,1796.9,,,3,Asia/Dhaka,FALSE,1050218010
Sundalpur,Sundalpur,,22.7475,91.1853,Bangladesh,BD,BGD,Chattogram,Chattogram,BD-B,division,,1183.0,,,3,Asia/Dhaka,TRUE,1050740312
Sannyāsir Char,Sannyasir Char,Sannyāsi Char|Sannayasir Char,23.3930,90.1225,Bangladesh,BD,BGD,Dhaka,Dhaka,BD-C,division,,1572.5,,,3,Asia/Dhaka,FALSE,1050000861
Kumāruli,Kumaruli,,24.6257,90.6660,Bangladesh,BD,BGD,Mymensingh,Mymensingh,BD-H,division,,1393.1,,,3,Asia/Dhaka,FALSE,1050567889
Kismat Nimdi,Kismat Nimdi,,22.4561,90.5876,Bangladesh,BD,BGD,Barishal,Barishal,BD-A,division,,730.4,,,3,Asia/Dhaka,FALSE,1050429982
Paschim Jorekaran,Paschim Jorekaran,,23.3964,91.2114,Bangladesh,BD,BGD,Chattogram,Chattogram,BD-B,division,,3133.9,,,2,Asia/Dhaka,FALSE,1050814022
Chāfri,Chafri,,24.5459,90.0804,Bangladesh,BD,BGD,Dhaka,Dhaka,BD-C,division,,857.9,,,3,Asia/Dhaka,FALSE,1050319636
Batrāsin,Batrasin,Betrāsin,24.0535,90.1404,Bangladesh,BD,BGD,Dhaka,Dhaka,BD-C,division,,1208.0,,,3,Asia/Dhaka,FALSE,1050179948
Tejal Kandi,Tejal Kandi,,25.0800,89.9995,Bangladesh,BD,BGD,Mymensingh,Mymensingh,BD-H,division,,1080.1,,,3,Asia/Dhaka,FALSE,1050512449
Lohajāl,Lohajal,,24.8625,89.2431,Bangladesh,BD,BGD,Rājshāhi,Rajshahi,BD-E,division,,1023.1,,,3,Asia/Dhaka,FALSE,1050628023
Panchabarga,Panchabarga,,25.0681,88.9276,Bangladesh,BD,BGD,Rājshāhi,Rajshahi,BD-E,division,,692.5,,,3,Asia/Dhaka,FALSE,1050678714
Tisāndi,Tisandi,,23.8833,89.7500,Bangladesh,BD,BGD,Dhaka,Dhaka,BD-C,district,,1002.5,,,3,Asia/Dhaka,FALSE,1050136432
Aoliāpukur,Aoliapukur,,25.6369,88.7384,Bangladesh,BD,BGD,Rangpur,Rangpur,BD-F,division,,1022.5,,,3,Asia/Dhaka,FALSE,1050696969
Barpota,Barpota,,22.9985,88.8876,Bangladesh,BD,BGD,Khulna,Khulna,BD-D,division,,1137.9,,,3,Asia/Dhaka,FALSE,1050205856
Khirāti,Khirati,Kshirāti,24.1320,90.6800,Bangladesh,BD,BGD,Dhaka,Dhaka,BD-C,division,,1537.0,,,3,Asia/Dhaka,FALSE,1050643639
Ganitāsram,Ganitasram,,24.7014,90.8516,Bangladesh,BD,BGD,Mymensingh,Mymensingh,BD-H,division,,1004.4,,,3,Asia/Dhaka,FALSE,1050802141
Harihardia,Harihardia,,23.7000,89.9167,Bangladesh,BD,BGD,Dhaka,Dhaka,BD-C,district,,1041.1,,,3,Asia/Dhaka,FALSE,1050844081
Dhankhata,Dhankhata,,25.9373,89.4805,Bangladesh,BD,BGD,Rangpur,Rangpur,BD-F,division,,1465.8,,,3,Asia/Dhaka,FALSE,1050829775
Juitara,Juitara,,23.4548,89.4393,Bangladesh,BD,BGD,Khulna,Khulna,BD-D,division,,1049.9,,,3,Asia/Dhaka,FALSE,1050573369
Polabandha,Polabandha,,25.0960,89.7775,Bangladesh,BD,BGD,Mymensingh,Mymensingh,BD-H,division,,1062.8,,,3,Asia/Dhaka,FALSE,1050205057
Tāora,Taora,,23.8914,90.6053,Bangladesh,BD,BGD,Dhaka,Dhaka,BD-C,district,,2832.4,,,2,Asia/Dhaka,FALSE,1050866346
Kāzir Chak,Kazir Chak,,24.3167,88.9333,Bangladesh,BD,BGD,Rājshāhi,Rajshahi,BD-E,division,,1043.1,,,3,Asia/Dhaka,FALSE,1050608582
Tāora,Taora,,23.0614,89.0718,Bangladesh,BD,BGD,Khulna,Khulna,BD-D,division,,1079.7,,,3,Asia/Dhaka,FALSE,1050900745
Bishnandi Char,Bishnandi Char,,23.7833,90.7333,Bangladesh,BD,BGD,Dhaka,Dhaka,BD-C,district,,2881.4,,,2,Asia/Dhaka,FALSE,1050457868
Dhongchari,Dhongchari,,22.4063,92.1269,Bangladesh,BD,BGD,Chattogram,Chattogram,BD-B,division,,104.3,,,4,Asia/Dhaka,FALSE,1050840927
Chak Kāminibāsi,Chak Kaminibasi,,22.5455,89.4392,Bangladesh,BD,BGD,Khulna,Khulna,BD-D,division,,208.4,,,3,Asia/Dhaka,FALSE,1050745289
Ekra,Ekra,,24.3310,90.5734,Bangladesh,BD,BGD,Mymensingh,Mymensingh,BD-H,division,,1235.1,,,3,Asia/Dhaka,FALSE,1050857669
Tengātipāra,Tengatipara,,24.7369,90.6256,Bangladesh,BD,BGD,Mymensingh,Mymensingh,BD-H,division,,1628.0,,,3,Asia/Dhaka,FALSE,1050614147
Narahardi,Narahardi,,23.2000,90.6167,Bangladesh,BD,BGD,Chattogram,Chattogram,BD-B,division,,1054.3,,,3,Asia/Dhaka,FALSE,1050733424
Debrail,Debrail,,25.0541,88.9777,Bangladesh,BD,BGD,Rājshāhi,Rajshahi,BD-E,division,,1175.5,,,3,Asia/Dhaka,FALSE,1050838062
Subandia,Subandia,,24.9356,90.7026,Bangladesh,BD,BGD,Mymensingh,Mymensingh,BD-H,division,,1313.3,,,3,Asia/Dhaka,FALSE,1050892581
Malluk Chāndpur,Malluk Chandpur,Mullukchandpur,24.1167,88.9000,Bangladesh,BD,BGD,Rājshāhi,Rajshahi,BD-E,division,,1380.3,,,3,Asia/Dhaka,FALSE,1050778695
Bādi Kālaur,Badi Kalaur,,24.7651,88.3717,Bangladesh,BD,BGD,Rājshāhi,Rajshahi,BD-E,division,,585.0,,,3,Asia/Dhaka,FALSE,1050623035
Chināso,Chinaso,,24.6036,88.5032,Bangladesh,BD,BGD,Rājshāhi,Rajshahi,BD-E,division,,720.6,,,3,Asia/Dhaka,FALSE,1050134575
Rahīmābād,Rahimabad,,23.9414,90.7947,Bangladesh,BD,BGD,Dhaka,Dhaka,BD-C,district,,2121.0,,,2,Asia/Dhaka,FALSE,1050159480
Saitbāria,Saitbaria,,23.3509,89.1994,Bangladesh,BD,BGD,Khulna,Khulna,BD-D,division,,1014.1,,,3,Asia/Dhaka,FALSE,1050630986
Rahimābād,Rahimabad,,22.7478,89.2667,Bangladesh,BD,BGD,Khulna,Khulna,BD-D,division,,976.9,,,3,Asia/Dhaka,FALSE,1050975254
Golābhita,Golabhita,,24.5046,90.4149,Bangladesh,BD,BGD,Mymensingh,Mymensingh,BD-H,division,,1404.8,,,3,Asia/Dhaka,FALSE,1050199643
Satīhāra,Satihara,,24.9366,89.4066,Bangladesh,BD,BGD,Rājshāhi,Rajshahi,BD-E,division,,2427.9,,,2,Asia/Dhaka,FALSE,1050341855
Bīl Gandāhasti,Bil Gandahasti,,23.9188,89.5599,Bangladesh,BD,BGD,Rājshāhi,Rajshahi,BD-E,division,,912.3,,,3,Asia/Dhaka,FALSE,1050739720
Sātgaon,Satgaon,,24.8847,91.5725,Bangladesh,BD,BGD,Sylhet,Sylhet,BD-G,division,,1172.8,,,3,Asia/Dhaka,FALSE,1050716784
Binodbāti,Binodbati,Binodebāti,24.4822,88.4684,Bangladesh,BD,BGD,Rājshāhi,Rajshahi,BD-E,division,,848.5,,,3,Asia/Dhaka,FALSE,1050169576
Sātgaon,Satgaon,,23.8609,90.6366,Bangladesh,BD,BGD,Dhaka,Dhaka,BD-C,district,,2881.4,,,2,Asia/Dhaka,FALSE,1050022390
Sātgaon,Satgaon,,23.4899,90.8898,Bangladesh,BD,BGD,Chattogram,Chattogram,BD-B,division,,1995.4,,,3,Asia/Dhaka,FALSE,1050882632
Shuklāhar,Shuklahar,,25.0062,88.5728,Bangladesh,BD,BGD,Rājshāhi,Rajshahi,BD-E,division,,547.5,,,3,Asia/Dhaka,FALSE,1050735009
Challis Kāhania,Challis Kahania,,24.9656,90.8013,Bangladesh,BD,BGD,Mymensingh,Mymensingh,BD-H,division,,1018.8,,,3,Asia/Dhaka,FALSE,1050641701
Mauza Madāti,Mauza Madati,,26.0333,89.2167,Bangladesh,BD,BGD,Rangpur,Rangpur,BD-F,division,,1158.5,,,3,Asia/Dhaka,FALSE,1050176887
Gokulpur,Gokulpur,,22.3307,89.0193,Bangladesh,BD,BGD,Khulna,Khulna,BD-D,division,,231.7,,,3,Asia/Dhaka,FALSE,1050357569
Gokulpur,Gokulpur,,24.4167,88.9500,Bangladesh,BD,BGD,Rājshāhi,Rajshahi,BD-E,division,,1221.6,,,3,Asia/Dhaka,FALSE,1050876434
Gokulpur,Gokulpur,,24.1832,88.7910,Bangladesh,BD,BGD,Rājshāhi,Rajshahi,BD-E,division,,1110.5,,,3,Asia/Dhaka,TRUE,1050558162
Gokulpur,Gokulpur,,23.9322,89.4175,Bangladesh,BD,BGD,Rājshāhi,Rajshahi,BD-E,division,,912.3,,,3,Asia/Dhaka,TRUE,1050029891
Gokulpur,Gokulpur,,24.7625,88.5581,Bangladesh,BD,BGD,Rājshāhi,Rajshahi,BD-E,division,,599.9,,,3,Asia/Dhaka,TRUE,1050779570
Srinībās,Srinibas,,23.3833,91.1667,Bangladesh,BD,BGD,Chattogram,Chattogram,BD-B,division,,3133.9,,,2,Asia/Dhaka,FALSE,1050261888
Domkona,Domkona,,24.8655,90.6061,Bangladesh,BD,BGD,Mymensingh,Mymensingh,BD-H,division,,981.1,,,3,Asia/Dhaka,FALSE,1050972617
Ghāt Khoir,Ghat Khoir,,24.2504,88.9329,Bangladesh,BD,BGD,Rājshāhi,Rajshahi,BD-E,division,,1043.1,,,3,Asia/Dhaka,FALSE,1050500661
Kutāi,Kutai,,24.1836,91.1219,Bangladesh,BD,BGD,Chattogram,Chattogram,BD-B,division,,1182.3,,,3,Asia/Dhaka,FALSE,1050042888
Bandipur,Bandipur,,22.3530,89.0118,Bangladesh,BD,BGD,Khulna,Khulna,BD-D,division,,824.9,,,3,Asia/Dhaka,FALSE,1050436404
Naolāmari,Naolamari,,23.6735,88.9889,Bangladesh,BD,BGD,Khulna,Khulna,BD-D,division,,1119.0,,,3,Asia/Dhaka,FALSE,1050903748
Ferozpur,Ferozpur,,24.2782,88.7611,Bangladesh,BD,BGD,Rājshāhi,Rajshahi,BD-E,division,,1413.3,,,3,Asia/Dhaka,FALSE,1050872415
Chak Nouda,Chak Nouda,,25.3597,89.1678,Bangladesh,BD,BGD,Rangpur,Rangpur,BD-F,division,,766.6,,,3,Asia/Dhaka,FALSE,1050702822
Pār Bātto,Par Batto,,25.1572,89.0317,Bangladesh,BD,BGD,Rājshāhi,Rajshahi,BD-E,division,,1264.7,,,3,Asia/Dhaka,FALSE,1050822536
Ghātbhog,Ghatbhog,,22.8033,89.6704,Bangladesh,BD,BGD,Khulna,Khulna,BD-D,division,,2051.7,,,2,Asia/Dhaka,FALSE,1050079581
Muzāhedābād Refugee Coloney,Muzahedabad Refugee Coloney,,26.0257,88.2076,Bangladesh,BD,BGD,Rangpur,Rangpur,BD-F,division,,800.2,,,3,Asia/Dhaka,FALSE,1050623823
Thokar Bākhāi,Thokar Bakhai,,24.9940,90.3606,Bangladesh,BD,BGD,Mymensingh,Mymensingh,BD-H,division,,1105.6,,,3,Asia/Dhaka,FALSE,1050221985
Char Chāmta,Char Chamta,,23.7611,90.2184,Bangladesh,BD,BGD,Dhaka,Dhaka,BD-C,district,,1458.0,,,3,Asia/Dhaka,FALSE,1050700368
Premgāchh,Premgachh,,26.2661,88.3778,Bangladesh,BD,BGD,Rangpur,Rangpur,BD-F,division,,706.9,,,3,Asia/Dhaka,FALSE,1050360028
Nakulbāria,Nakulbaria,,24.3986,88.8648,Bangladesh,BD,BGD,Rājshāhi,Rajshahi,BD-E,division,,1179.5,,,3,Asia/Dhaka,FALSE,1050298735
Lakshmībardi,Lakshmibardi,,23.7202,90.6419,Bangladesh,BD,BGD,Dhaka,Dhaka,BD-C,district,,3456.4,,,2,Asia/Dhaka,FALSE,1050544799
Dakhin Bulikhāli,Dakhin Bulikhali,,22.9920,89.5640,Bangladesh,BD,BGD,Khulna,Khulna,BD-D,division,,815.8,,,3,Asia/Dhaka,FALSE,1050730364
Brāhmanergaon,Brahmanergaon,,24.1765,90.7986,Bangladesh,BD,BGD,Dhaka,Dhaka,BD-C,division,,1641.6,,,3,Asia/Dhaka,FALSE,1050804714
Bāgājuri,Bagajuri,,23.0470,89.8764,Bangladesh,BD,BGD,Dhaka,Dhaka,BD-C,division,,901.9,,,3,Asia/Dhaka,FALSE,1050855242
Debinagar,Debinagar,,23.5833,90.1167,Bangladesh,BD,BGD,Dhaka,Dhaka,BD-C,district,,3452.0,,,2,Asia/Dhaka,FALSE,1050891456
Moumari Pradhānābād,Moumari Pradhanabad,,26.1026,88.7040,Bangladesh,BD,BGD,Rangpur,Rangpur,BD-F,division,,861.6,,,3,Asia/Dhaka,FALSE,1050064854
Pājulia,Pajulia,,24.0413,90.4436,Bangladesh,BD,BGD,Dhaka,Dhaka,BD-C,division,,7295.4,,,2,Asia/Dhaka,FALSE,1050087144
Debinagar,Debinagar,,22.9925,90.9461,Bangladesh,BD,BGD,Chattogram,Chattogram,BD-B,division,,1729.8,,,3,Asia/Dhaka,FALSE,1050186856
Gopāirbāg,Gopairbag,,23.0248,90.9206,Bangladesh,BD,BGD,Chattogram,Chattogram,BD-B,division,,2106.8,,,2,Asia/Dhaka,FALSE,1050696004
Mandalgāti,Mandalgati,,23.2847,89.8918,Bangladesh,BD,BGD,Dhaka,Dhaka,BD-C,district,,864.1,,,3,Asia/Dhaka,FALSE,1050546854
Shāhpur,Shahpur,,23.4676,88.9264,Bangladesh,BD,BGD,Khulna,Khulna,BD-D,division,,965.7,,,3,Asia/Dhaka,FALSE,1050599252
Shāhpur,Shahpur,,23.2821,88.9267,Bangladesh,BD,BGD,Khulna,Khulna,BD-D,division,,940.0,,,3,Asia/Dhaka,TRUE,1050104558
Madanpur Gopālāsram,Madanpur Gopalasram,,24.5938,90.7907,Bangladesh,BD,BGD,Mymensingh,Mymensingh,BD-H,division,,1383.6,,,3,Asia/Dhaka,FALSE,1050973667
Shamsherganj,Shamsherganj,Shamsherganjbazar,24.4653,91.6341,Bangladesh,BD,BGD,Sylhet,Sylhet,BD-G,division,,1225.6,,,3,Asia/Dhaka,FALSE,1050557601
Bāhigram,Bahigram,Bānigrām,22.1251,91.9179,Bangladesh,BD,BGD,Chattogram,Chattogram,BD-B,division,,1156.9,,,3,Asia/Dhaka,FALSE,1050000112
Rāmpatti,Rampatti,,22.8006,90.2825,Bangladesh,BD,BGD,Barishal,Barishal,BD-A,division,,889.3,,,3,Asia/Dhaka,FALSE,1050226013
Iswaripur,Iswaripur,Iswaipur,22.3054,89.1061,Bangladesh,BD,BGD,Khulna,Khulna,BD-D,division,,229.2,,,3,Asia/Dhaka,FALSE,1050577541
Iswaripur,Iswaripur,,24.4632,88.4358,Bangladesh,BD,BGD,Rājshāhi,Rajshahi,BD-E,division,,848.5,,,3,Asia/Dhaka,FALSE,1050862628
Char Brāhmandi,Char Brahmandi,,23.4474,90.0483,Bangladesh,BD,BGD,Dhaka,Dhaka,BD-C,district,,1363.4,,,3,Asia/Dhaka,FALSE,1050788529
Mājhihāti,Majhihati,,24.5958,90.5487,Bangladesh,BD,BGD,Mymensingh,Mymensingh,BD-H,division,,1393.1,,,3,Asia/Dhaka,FALSE,1050503765
Jugir Nagua,Jugir Nagua,,24.7794,90.8995,Bangladesh,BD,BGD,Mymensingh,Mymensingh,BD-H,division,,819.5,,,3,Asia/Dhaka,FALSE,1050424190
Paschim Khānduli,Paschim Khanduli,West Khānduli,23.0824,90.1565,Bangladesh,BD,BGD,Dhaka,Dhaka,BD-C,district,,968.5,,,3,Asia/Dhaka,FALSE,1050060062
Sonākāndi,Sonakandi,,24.9623,89.2187,Bangladesh,BD,BGD,Rājshāhi,Rajshahi,BD-E,division,,1355.6,,,3,Asia/Dhaka,FALSE,1050907438
Sataradron,Sataradron,,24.3470,90.8372,Bangladesh,BD,BGD,Dhaka,Dhaka,BD-C,division,,1740.9,,,3,Asia/Dhaka,FALSE,1050415348
Uttar Ādāmpur,Uttar Adampur,,22.3494,90.5479,Bangladesh,BD,BGD,Barishal,Barishal,BD-A,division,,766.8,,,3,Asia/Dhaka,FALSE,1050875127
Chhota Gayeshpur,Chhota Gayeshpur,,25.3546,89.4791,Bangladesh,BD,BGD,Rangpur,Rangpur,BD-F,division,,1583.1,,,3,Asia/Dhaka,FALSE,1050009568
Dās Nawāgaon,Das Nawagaon,Nawāgaon|Noagaon,24.7982,91.4661,Bangladesh,BD,BGD,Sylhet,Sylhet,BD-G,division,,729.9,,,3,Asia/Dhaka,FALSE,1050019959
Hāmirhāt,Hamirhat,,23.9333,89.2167,Bangladesh,BD,BGD,Khulna,Khulna,BD-D,division,,1354.9,,,3,Asia/Dhaka,FALSE,1050948720
Hāmirhāt,Hamirhat,,23.5598,89.1210,Bangladesh,BD,BGD,Khulna,Khulna,BD-D,division,,979.9,,,3,Asia/Dhaka,TRUE,1050149595
Seora,Seora,,24.3812,90.8429,Bangladesh,BD,BGD,Dhaka,Dhaka,BD-C,division,,2253.8,,,2,Asia/Dhaka,FALSE,1050285903
Jeruāis,Jeruais,,23.4252,90.9437,Bangladesh,BD,BGD,Chattogram,Chattogram,BD-B,division,,1995.4,,,3,Asia/Dhaka,FALSE,1050402405
Rafiādi,Rafiadi,,22.8019,90.3489,Bangladesh,BD,BGD,Barishal,Barishal,BD-A,division,,889.3,,,3,Asia/Dhaka,FALSE,1050872019
Seora,Seora,,22.4004,89.0823,Bangladesh,BD,BGD,Khulna,Khulna,BD-D,division,,824.9,,,3,Asia/Dhaka,FALSE,1050701577
Seora,Seora,,22.4329,89.2508,Bangladesh,BD,BGD,Khulna,Khulna,BD-D,division,,154.7,,,4,Asia/Dhaka,TRUE,1050990494
Char Kālikāpur,Char Kalikapur,Kālikāpur,25.8903,89.7993,Bangladesh,BD,BGD,Rangpur,Rangpur,BD-F,division,,1105.5,,,3,Asia/Dhaka,FALSE,1050382548
Kānchabālia,Kanchabalia,Kanchaballa,22.7500,90.1833,Bangladesh,BD,BGD,Barishal,Barishal,BD-A,division,,1131.8,,,3,Asia/Dhaka,FALSE,1050932226
Ghorākhāli,Ghorakhali,,23.4996,89.6471,Bangladesh,BD,BGD,Dhaka,Dhaka,BD-C,district,,946.0,,,3,Asia/Dhaka,FALSE,1050621724
Amrāgāchhia,Amragachhia,Āmrāgāchhia Hogālpāti,22.2333,89.9167,Bangladesh,BD,BGD,Khulna,Khulna,BD-D,division,,785.0,,,3,Asia/Dhaka,FALSE,1050439631
Āmrāgāchhia,Amragachhia,,22.1899,90.2795,Bangladesh,BD,BGD,Khulna,Khulna,BD-D,division,,515.2,,,3,Asia/Dhaka,TRUE,1050431408
West Pānchpukuria,West Panchpukuria,West Panchpakuria|Pānchpukuriā,23.3587,90.9264,Bangladesh,BD,BGD,Chattogram,Chattogram,BD-B,division,,1697.1,,,3,Asia/Dhaka,FALSE,1050839090
Āmrāgāchhia,Amragachhia,,22.3908,90.1969,Bangladesh,BD,BGD,Barishal,Barishal,BD-A,division,,863.8,,,3,Asia/Dhaka,FALSE,1050378070
Chak Mamin,Chak Mamin,,25.1047,88.7556,Bangladesh,BD,BGD,Rājshāhi,Rajshahi,BD-E,division,,658.1,,,3,Asia/Dhaka,FALSE,1050041443
Bīl Sārinda,Bil Sarinda,Billsarinda,23.7667,89.3333,Bangladesh,BD,BGD,Dhaka,Dhaka,BD-C,district,,1170.8,,,3,Asia/Dhaka,FALSE,1050517929
Chunākāti Bil,Chunakati Bil,,23.7194,90.0838,Bangladesh,BD,BGD,Dhaka,Dhaka,BD-C,district,,1543.8,,,3,Asia/Dhaka,FALSE,1050998829
Mandiāl,Mandial,,24.6213,88.7840,Bangladesh,BD,BGD,Rājshāhi,Rajshahi,BD-E,division,,1113.9,,,3,Asia/Dhaka,FALSE,1050965045
Biāna,Biana,,24.9089,88.4348,Bangladesh,BD,BGD,Rājshāhi,Rajshahi,BD-E,division,,1008.6,,,3,Asia/Dhaka,FALSE,1050197357
Bil Nepālpara,Bil Nepalpara,,24.4830,88.5484,Bangladesh,BD,BGD,Rājshāhi,Rajshahi,BD-E,division,,1648.3,,,3,Asia/Dhaka,FALSE,1050683064
Mūndpur,Mundpur,,25.0216,89.0232,Bangladesh,BD,BGD,Rājshāhi,Rajshahi,BD-E,division,,1053.6,,,3,Asia/Dhaka,FALSE,1050461489
Godpur,Godpur,,23.4215,90.7968,Bangladesh,BD,BGD,Chattogram,Chattogram,BD-B,division,,1678.9,,,3,Asia/Dhaka,FALSE,1050686481
Bara Garia,Bara Garia,,23.6833,89.5000,Bangladesh,BD,BGD,Dhaka,Dhaka,BD-C,district,,929.0,,,3,Asia/Dhaka,FALSE,1050113201
Bejerhāti,Bejerhati,,23.5972,90.3476,Bangladesh,BD,BGD,Dhaka,Dhaka,BD-C,district,,1741.7,,,3,Asia/Dhaka,FALSE,1050292315
Dakshin Karjāni,Dakshin Karjani,,23.7584,89.7357,Bangladesh,BD,BGD,Dhaka,Dhaka,BD-C,division,,1047.2,,,3,Asia/Dhaka,FALSE,1050327487
Doripāra,Doripara,,23.9915,88.8505,Bangladesh,BD,BGD,Khulna,Khulna,BD-D,division,,1099.2,,,3,Asia/Dhaka,FALSE,1050157009
Chhota Putimari,Chhota Putimari,,25.4670,89.3942,Bangladesh,BD,BGD,Rangpur,Rangpur,BD-F,division,,1009.2,,,3,Asia/Dhaka,FALSE,1050163825
Terā Ani,Tera Ani,,25.6195,88.8445,Bangladesh,BD,BGD,Rangpur,Rangpur,BD-F,division,,938.9,,,3,Asia/Dhaka,FALSE,1050656917
Bīl Jalia,Bil Jalia,Bil Jela,23.7300,89.3774,Bangladesh,BD,BGD,Dhaka,Dhaka,BD-C,division,,1101.2,,,3,Asia/Dhaka,FALSE,1050808121
Rangal Kutsa,Rangal Kutsa,,25.0190,89.8469,Bangladesh,BD,BGD,Mymensingh,Mymensingh,BD-H,division,,1096.2,,,3,Asia/Dhaka,FALSE,1050626508
Kātna,Katna,,25.1555,88.8135,Bangladesh,BD,BGD,Rājshāhi,Rajshahi,BD-E,division,,624.4,,,3,Asia/Dhaka,FALSE,1050461406
Kātna,Katna,,25.7672,88.5851,Bangladesh,BD,BGD,Rangpur,Rangpur,BD-F,division,,823.6,,,3,Asia/Dhaka,FALSE,1050165867
Kaniāl Khāta,Kanial Khata,,25.9235,88.8825,Bangladesh,BD,BGD,Rangpur,Rangpur,BD-F,division,,1347.4,,,3,Asia/Dhaka,FALSE,1050383073
Buzrugbāria,Buzrugbaria,,24.8485,89.3973,Bangladesh,BD,BGD,Rājshāhi,Rajshahi,BD-E,division,,3497.0,,,2,Asia/Dhaka,FALSE,1050303417
Delbāria Aguna,Delbaria Aguna,Aguna|Agna,24.6692,88.3342,Bangladesh,BD,BGD,Rājshāhi,Rajshahi,BD-E,division,,1420.4,,,3,Asia/Dhaka,FALSE,1050023072
Lamna,Lamna,,22.3103,90.4849,Bangladesh,BD,BGD,Khulna,Khulna,BD-D,division,,442.5,,,3,Asia/Dhaka,FALSE,1050022053
Dipikura,Dipikura,,25.7960,88.6502,Bangladesh,BD,BGD,Rangpur,Rangpur,BD-F,division,,823.6,,,3,Asia/Dhaka,FALSE,1050059690
Bejbāri,Bejbari,,24.7621,90.2045,Bangladesh,BD,BGD,Mymensingh,Mymensingh,BD-H,division,,1490.9,,,3,Asia/Dhaka,FALSE,1050090466
Jalsota,Jalsota,,22.6089,90.3078,Bangladesh,BD,BGD,Barishal,Barishal,BD-A,division,,855.0,,,3,Asia/Dhaka,FALSE,1050000889
Byāngadaha,Byangadaha,Byāngdaha,22.6034,89.1132,Bangladesh,BD,BGD,Khulna,Khulna,BD-D,division,,1252.8,,,3,Asia/Dhaka,FALSE,1050757086
Krishnapatti,Krishnapatti,,23.8114,90.0578,Bangladesh,BD,BGD,Dhaka,Dhaka,BD-C,division,,1694.0,,,3,Asia/Dhaka,FALSE,1050598820
Huzrāpur,Huzrapur,,24.6019,88.2821,Bangladesh,BD,BGD,Rājshāhi,Rajshahi,BD-E,division,,1420.4,,,3,Asia/Dhaka,FALSE,1050668429
Huzrāpur,Huzrapur,,24.4737,88.4438,Bangladesh,BD,BGD,Rājshāhi,Rajshahi,BD-E,division,,848.5,,,3,Asia/Dhaka,TRUE,1050402815
Huzrāpur,Huzrapur,,25.1082,88.4924,Bangladesh,BD,BGD,Rājshāhi,Rajshahi,BD-E,division,,734.4,,,3,Asia/Dhaka,TRUE,1050173600
West Ghorāsāl,West Ghorasal,West-Ghorashal,23.6509,90.8853,Bangladesh,BD,BGD,Chattogram,Chattogram,BD-B,division,,1697.1,,,3,Asia/Dhaka,FALSE,1050232165
Lahabai,Lahabai,Lohābai,24.4489,90.3169,Bangladesh,BD,BGD,Mymensingh,Mymensingh,BD-H,division,,1110.0,,,3,Asia/Dhaka,FALSE,1050000261
Chatlakānda,Chatlakanda,,25.5938,89.8515,Bangladesh,BD,BGD,Rangpur,Rangpur,BD-F,division,,905.8,,,3,Asia/Dhaka,FALSE,1050830314
Dhopuail,Dhopuail,Dhopābila,23.4925,88.9868,Bangladesh,BD,BGD,Khulna,Khulna,BD-D,division,,940.0,,,3,Asia/Dhaka,FALSE,1050337118
Parānkhāli,Parankhali,Jhikri Parānkhāli,24.0598,88.9467,Bangladesh,BD,BGD,Khulna,Khulna,BD-D,division,,1646.2,,,3,Asia/Dhaka,FALSE,1050665145
Aukapur,Aukapur,Āukāpura,24.4010,90.5103,Bangladesh,BD,BGD,Mymensingh,Mymensingh,BD-H,division,,1235.1,,,3,Asia/Dhaka,FALSE,1050117671
Payet,Payet,Payat,23.5184,91.1667,Bangladesh,BD,BGD,Chattogram,Chattogram,BD-B,division,,5089.3,,,2,Asia/Dhaka,FALSE,1050366292
Hāfāliākāta,Hafaliakata,,21.8071,92.0385,Bangladesh,BD,BGD,Chattogram,Chattogram,BD-B,division,,1080.3,,,3,Asia/Dhaka,FALSE,1050502976
Patukpāra,Patukpara,,22.9727,91.9692,Bangladesh,BD,BGD,Chattogram,Chattogram,BD-B,division,,238.6,,,3,Asia/Dhaka,FALSE,1050636274
Dakshin Ghoshgaon,Dakshin Ghoshgaon,,24.1644,90.7555,Bangladesh,BD,BGD,Dhaka,Dhaka,BD-C,division,,1641.6,,,3,Asia/Dhaka,FALSE,1050901352
Tutiāil,Tutiail,,23.6908,90.1056,Bangladesh,BD,BGD,Dhaka,Dhaka,BD-C,district,,1538.9,,,3,Asia/Dhaka,FALSE,1050836269
Gārāl Chauki,Garal Chauki,,25.5786,89.3677,Bangladesh,BD,BGD,Rangpur,Rangpur,BD-F,division,,1105.6,,,3,Asia/Dhaka,FALSE,1050656572
Habirgaon,Habirgaon,,23.3667,91.0500,Bangladesh,BD,BGD,Chattogram,Chattogram,BD-B,division,,1878.6,,,3,Asia/Dhaka,FALSE,1050851900
Golarpāra,Golarpara,,21.4451,92.0515,Bangladesh,BD,BGD,Chattogram,Chattogram,BD-B,division,,2736.1,,,2,Asia/Dhaka,FALSE,1050088137
Birindā,Birinda,,23.9180,90.5989,Bangladesh,BD,BGD,Dhaka,Dhaka,BD-C,district,,2518.9,,,2,Asia/Dhaka,FALSE,1050917787
Berhāria,Berharia,,22.9112,88.9861,Bangladesh,BD,BGD,Khulna,Khulna,BD-D,division,,1011.1,,,3,Asia/Dhaka,FALSE,1050643998
Nāsirnagar,Nasirnagar,,24.1973,91.1947,Bangladesh,BD,BGD,Rājshāhi,Rajshahi,BD-E,division,,1182.3,,,3,Asia/Dhaka,FALSE,1050734765
Bara Harinmari,Bara Harinmari,,25.2729,89.3597,Bangladesh,BD,BGD,Rangpur,Rangpur,BD-F,division,,1443.0,,,3,Asia/Dhaka,FALSE,1050615667
Kataria,Kataria,,23.1272,89.5184,Bangladesh,BD,BGD,Khulna,Khulna,BD-D,division,,726.6,,,3,Asia/Dhaka,FALSE,1050188646
Siddhipāsa,Siddhipasa,,22.9464,89.4980,Bangladesh,BD,BGD,Khulna,Khulna,BD-D,division,,1234.0,,,3,Asia/Dhaka,FALSE,1050811818
Kānchrāhāti Nandigrām,Kanchrahati Nandigram,,22.3500,89.1000,Bangladesh,BD,BGD,Khulna,Khulna,BD-D,division,,229.2,,,3,Asia/Dhaka,FALSE,1050658602
Bakhtiarpur,Bakhtiarpur,,24.4717,88.7197,Bangladesh,BD,BGD,Rājshāhi,Rajshahi,BD-E,division,,1073.3,,,3,Asia/Dhaka,FALSE,1050327649
Kabākhāli,Kabakhali,,23.2556,92.0897,Bangladesh,BD,BGD,Chattogram,Chattogram,BD-B,division,,138.5,,,4,Asia/Dhaka,FALSE,1050597167
Kochārpāra,Kocharpara,,24.5167,88.3667,Bangladesh,BD,BGD,Rājshāhi,Rajshahi,BD-E,division,,848.5,,,3,Asia/Dhaka,FALSE,1050196180
Khagrāchari,Khagrachari,Khagracheri|Khagrāchhari,22.6688,92.3841,Bangladesh,BD,BGD,Chattogram,Chattogram,BD-B,division,,73.2,,,4,Asia/Dhaka,FALSE,1050273465
Chitna,Chitna,,24.1795,91.2493,Bangladesh,BD,BGD,Chattogram,Chattogram,BD-B,division,,1182.3,,,3,Asia/Dhaka,FALSE,1050606002
Kocharpara,Kocharpara,,25.4373,89.2109,Bangladesh,BD,BGD,Rangpur,Rangpur,BD-F,division,,1009.2,,,3,Asia/Dhaka,FALSE,1050000420
Hosengaon,Hosengaon,,25.8782,88.2123,Bangladesh,BD,BGD,Rangpur,Rangpur,BD-F,division,,800.2,,,3,Asia/Dhaka,FALSE,1050681356
Chhibātali,Chhibatali,,22.5266,91.8370,Bangladesh,BD,BGD,Chattogram,Chattogram,BD-B,division,,2078.4,,,2,Asia/Dhaka,FALSE,1050127561
Diāra Kunjanagar,Diara Kunjanagar,,23.4848,90.5580,Bangladesh,BD,BGD,Dhaka,Dhaka,BD-C,district,,3201.7,,,2,Asia/Dhaka,FALSE,1050179744
Paschim Āndārmanik,Paschim Andarmanik,,22.4829,91.9193,Bangladesh,BD,BGD,Chattogram,Chattogram,BD-B,division,,1512.4,,,3,Asia/Dhaka,FALSE,1050511071
Baniakhāmār,Baniakhamar,,22.8199,89.5507,Bangladesh,BD,BGD,Khulna,Khulna,BD-D,division,,18348.2,,,2,Asia/Dhaka,FALSE,1050921676
Pratāppur,Pratappur,North Pratappur,23.4000,91.2000,Bangladesh,BD,BGD,Chattogram,Chattogram,BD-B,division,,3133.9,,,2,Asia/Dhaka,FALSE,1050003395
Pratāppur,Pratappur,,23.2316,90.8173,Bangladesh,BD,BGD,Chattogram,Chattogram,BD-B,division,,2171.9,,,2,Asia/Dhaka,TRUE,1050329464
Pratāppur,Pratappur,,22.9833,91.2667,Bangladesh,BD,BGD,Chattogram,Chattogram,BD-B,division,,2002.6,,,2,Asia/Dhaka,TRUE,1050521544
Gagan,Gagan,,22.7466,90.2482,Bangladesh,BD,BGD,Khulna,Khulna,BD-D,division,,1125.9,,,3,Asia/Dhaka,FALSE,1050047883
Chānder Char,Chander Char,,24.1166,90.9466,Bangladesh,BD,BGD,Dhaka,Dhaka,BD-C,district,,3007.1,,,2,Asia/Dhaka,FALSE,1050673805
Chānder Char,Chander Char,,23.6354,90.3837,Bangladesh,BD,BGD,Dhaka,Dhaka,BD-C,district,,1841.2,,,3,Asia/Dhaka,TRUE,1050001178
Pāchandhar,Pachandhar,Pachandur|Pāchandar,24.5928,88.4888,Bangladesh,BD,BGD,Rājshāhi,Rajshahi,BD-E,division,,720.6,,,3,Asia/Dhaka,FALSE,1050621063
Andura,Andura,,25.2671,89.3292,Bangladesh,BD,BGD,Rangpur,Rangpur,BD-F,division,,1443.0,,,3,Asia/Dhaka,FALSE,1050625640
Mohmmadpur,Mohmmadpur,,24.7367,88.4923,Bangladesh,BD,BGD,Rājshāhi,Rajshahi,BD-E,division,,593.1,,,3,Asia/Dhaka,FALSE,1050982394
Kukimārāpara,Kukimarapara,,22.5705,92.1115,Bangladesh,BD,BGD,Chattogram,Chattogram,BD-B,division,,605.1,,,3,Asia/Dhaka,FALSE,1050149228
Paschim Barabala,Paschim Barabala,,25.5473,89.1216,Bangladesh,BD,BGD,Rangpur,Rangpur,BD-F,division,,1105.6,,,3,Asia/Dhaka,FALSE,1050620743
Naohātta,Naohatta,,23.5775,89.4453,Bangladesh,BD,BGD,Khulna,Khulna,BD-D,division,,992.8,,,3,Asia/Dhaka,FALSE,1050000253
Simulbāria,Simulbaria,,22.6501,89.0911,Bangladesh,BD,BGD,Khulna,Khulna,BD-D,division,,1233.0,,,3,Asia/Dhaka,FALSE,1050379634
Telibila,Telibila,,22.0197,92.1318,Bangladesh,BD,BGD,Chattogram,Chattogram,BD-B,division,,1362.4,,,3,Asia/Dhaka,FALSE,1050761845
Sarai,Sarai,,25.8147,89.3281,Bangladesh,BD,BGD,Rangpur,Rangpur,BD-F,division,,1693.0,,,3,Asia/Dhaka,FALSE,1050737803
Sarāi,Sarai,,22.6231,90.2308,Bangladesh,BD,BGD,Barishal,Barishal,BD-A,division,,855.0,,,3,Asia/Dhaka,FALSE,1050719883
Elāipur,Elaipur,,24.7783,88.4015,Bangladesh,BD,BGD,Rājshāhi,Rajshahi,BD-E,division,,585.0,,,3,Asia/Dhaka,FALSE,1050601412
Dima,Dima,Dema,24.8277,88.6155,Bangladesh,BD,BGD,Rājshāhi,Rajshahi,BD-E,division,,599.9,,,3,Asia/Dhaka,FALSE,1050618811
Bhālukmāri,Bhalukmari,,25.4172,88.9849,Bangladesh,BD,BGD,Rangpur,Rangpur,BD-F,division,,996.6,,,3,Asia/Dhaka,FALSE,1050607327
Chak Hādīpur,Chak Hadipur,,22.5348,89.0293,Bangladesh,BD,BGD,Khulna,Khulna,BD-D,division,,1153.1,,,3,Asia/Dhaka,FALSE,1050001236
Salinābāksa,Salinabaksa,Salianabaksa,23.2899,89.8107,Bangladesh,BD,BGD,Dhaka,Dhaka,BD-C,district,,861.8,,,3,Asia/Dhaka,FALSE,1050385866
Sūtlāgarh,Sutlagarh,,26.0473,88.3535,Bangladesh,BD,BGD,Rangpur,Rangpur,BD-F,division,,1002.4,,,3,Asia/Dhaka,FALSE,1050904780
North Rahamatpur,North Rahamatpur,,22.8019,90.3040,Bangladesh,BD,BGD,Barishal,Barishal,BD-A,division,,889.3,,,3,Asia/Dhaka,FALSE,1050132089
Chhota Kāthāldia,Chhota Kathaldia,,23.9018,90.3911,Bangladesh,BD,BGD,Dhaka,Dhaka,BD-C,district,,8849.9,,,2,Asia/Dhaka,FALSE,1050694063
Pākmahār,Pakmahar,,22.6667,90.1333,Bangladesh,BD,BGD,Barishal,Barishal,BD-A,division,,1157.6,,,3,Asia/Dhaka,FALSE,1050506631
Sāibāria,Saibaria,,24.8050,88.6041,Bangladesh,BD,BGD,Rājshāhi,Rajshahi,BD-E,division,,599.9,,,3,Asia/Dhaka,FALSE,1050619912
Malong,Malong,,25.6327,89.2502,Bangladesh,BD,BGD,Rangpur,Rangpur,BD-F,division,,1105.6,,,3,Asia/Dhaka,FALSE,1050923820
North Krishnapur,North Krishnapur,,23.6201,90.7486,Bangladesh,BD,BGD,Chattogram,Chattogram,BD-B,division,,2113.2,,,2,Asia/Dhaka,FALSE,1050831113
North Krishnapur,North Krishnapur,,23.5833,91.0667,Bangladesh,BD,BGD,Chattogram,Chattogram,BD-B,division,,2050.4,,,2,Asia/Dhaka,TRUE,1050768580
North Krishnapur,North Krishnapur,Krishnapur,23.4946,90.8881,Bangladesh,BD,BGD,Chattogram,Chattogram,BD-B,division,,1994.7,,,3,Asia/Dhaka,TRUE,1050706099
Tentulbāri,Tentulbari,,23.2472,89.9899,Bangladesh,BD,BGD,Dhaka,Dhaka,BD-C,division,,864.1,,,3,Asia/Dhaka,FALSE,1050374856
Māndārīa,Mandaria,,23.2833,91.2333,Bangladesh,BD,BGD,Chattogram,Chattogram,BD-B,division,,1854.7,,,3,Asia/Dhaka,FALSE,1050636196
Sālgota,Salgota,,25.9241,88.4382,Bangladesh,BD,BGD,Rangpur,Rangpur,BD-F,division,,727.3,,,3,Asia/Dhaka,FALSE,1050226481
Jugir Tengri,Jugir Tengri,Jugir Tengari,24.4333,90.0833,Bangladesh,BD,BGD,Dhaka,Dhaka,BD-C,district,,998.9,,,3,Asia/Dhaka,FALSE,1050485445
Premchara,Premchara,,23.3214,89.2959,Bangladesh,BD,BGD,Khulna,Khulna,BD-D,division,,878.8,,,3,Asia/Dhaka,FALSE,1050712442
Baruia,Baruia,,22.4935,90.1777,Bangladesh,BD,BGD,Barishal,Barishal,BD-A,division,,946.9,,,3,Asia/Dhaka,FALSE,1050102959
Bhushbhushia,Bhushbhushia,Bhushbhusia,24.2634,90.5632,Bangladesh,BD,BGD,Mymensingh,Mymensingh,BD-H,division,,1235.1,,,3,Asia/Dhaka,FALSE,1050520096
Pānko,Panko,,25.2059,89.2237,Bangladesh,BD,BGD,Rangpur,Rangpur,BD-F,division,,1204.1,,,3,Asia/Dhaka,FALSE,1050000159
Pashchim Banagram,Pashchim Banagram,West Banagrām,23.0685,90.1900,Bangladesh,BD,BGD,Dhaka,Dhaka,BD-C,district,,968.5,,,3,Asia/Dhaka,FALSE,1050344787
Hoglār Char,Hoglar Char,Hogla Char,22.4992,89.3872,Bangladesh,BD,BGD,Khulna,Khulna,BD-D,division,,1051.0,,,3,Asia/Dhaka,FALSE,1050504111
Kālna,Kalna,,22.9658,90.2462,Bangladesh,BD,BGD,Barishal,Barishal,BD-A,division,,1222.5,,,3,Asia/Dhaka,FALSE,1050193383
Kālna,Kalna,,24.5576,90.8914,Bangladesh,BD,BGD,Dhaka,Dhaka,BD-C,district,,1264.5,,,3,Asia/Dhaka,FALSE,1050820782
Kālna,Kalna,,24.9905,88.8676,Bangladesh,BD,BGD,Rājshāhi,Rajshahi,BD-E,division,,979.7,,,3,Asia/Dhaka,FALSE,1050184684
Kalna,Kalna,,24.6306,88.5683,Bangladesh,BD,BGD,Rājshāhi,Rajshahi,BD-E,division,,720.6,,,3,Asia/Dhaka,TRUE,1050766291
Kālna,Kalna,,23.2001,89.6761,Bangladesh,BD,BGD,Khulna,Khulna,BD-D,division,,868.1,,,3,Asia/Dhaka,FALSE,1050641662
Kālna,Kalna,,22.3730,89.2800,Bangladesh,BD,BGD,Khulna,Khulna,BD-D,division,,154.7,,,4,Asia/Dhaka,TRUE,1050294332
Fulkumāri,Fulkumari,,23.1905,89.9808,Bangladesh,BD,BGD,Dhaka,Dhaka,BD-C,division,,958.0,,,3,Asia/Dhaka,FALSE,1050210760
Chhota Bāraikhāli,Chhota Baraikhali,Chhota Baroikhali,23.6167,90.5333,Bangladesh,BD,BGD,Dhaka,Dhaka,BD-C,district,,6791.4,,,2,Asia/Dhaka,FALSE,1050255832
Binodkāti,Binodkati,,23.0167,89.1167,Bangladesh,BD,BGD,Khulna,Khulna,BD-D,division,,1067.3,,,3,Asia/Dhaka,FALSE,1050086109
Urpha,Urpha,,25.0160,90.2047,Bangladesh,BD,BGD,Mymensingh,Mymensingh,BD-H,division,,1104.4,,,3,Asia/Dhaka,FALSE,1050812658
Kuti Durgāpur,Kuti Durgapur,,23.7560,88.9027,Bangladesh,BD,BGD,Khulna,Khulna,BD-D,division,,1119.0,,,3,Asia/Dhaka,FALSE,1050164789
Bāgulāt,Bagulat,,23.8221,89.1661,Bangladesh,BD,BGD,Khulna,Khulna,BD-D,division,,1181.3,,,3,Asia/Dhaka,FALSE,1050029698
Bāyer,Bayer,Bāyek,23.4605,90.8358,Bangladesh,BD,BGD,Chattogram,Chattogram,BD-B,division,,1696.8,,,3,Asia/Dhaka,FALSE,1050122030
Kuchanipara,Kuchanipara,,25.1620,89.9858,Bangladesh,BD,BGD,Mymensingh,Mymensingh,BD-H,division,,895.9,,,3,Asia/Dhaka,FALSE,1050842135
Dīghalkāndi,Dighalkandi,,23.3642,89.4994,Bangladesh,BD,BGD,Khulna,Khulna,BD-D,division,,1049.9,,,3,Asia/Dhaka,FALSE,1050995130
Dighalkāndi,Dighalkandi,,24.9613,89.3640,Bangladesh,BD,BGD,Rājshāhi,Rajshahi,BD-E,division,,3283.7,,,2,Asia/Dhaka,FALSE,1050588893
Dighalkandi,Dighalkandi,,23.9722,89.6369,Bangladesh,BD,BGD,Rājshāhi,Rajshahi,BD-E,division,,1340.2,,,3,Asia/Dhaka,TRUE,1050981895
Dighalkāndi,Dighalkandi,,24.3430,88.7436,Bangladesh,BD,BGD,Rājshāhi,Rajshahi,BD-E,division,,1283.0,,,3,Asia/Dhaka,TRUE,1050611688
Dighalkāndi,Dighalkandi,,24.5352,88.7647,Bangladesh,BD,BGD,Rājshāhi,Rajshahi,BD-E,division,,1113.9,,,3,Asia/Dhaka,TRUE,1050404897
Lungtian,Lungtian,,23.5453,92.2425,Bangladesh,BD,BGD,Chattogram,Chattogram,BD-B,division,,72.4,,,4,Asia/Dhaka,FALSE,1050880572
Lungtian,Lungtian,,23.5239,92.2579,Bangladesh,BD,BGD,Chattogram,Chattogram,BD-B,division,,72.4,,,4,Asia/Dhaka,TRUE,1050348948
Nilkuri,Nilkuri,,24.4375,88.4773,Bangladesh,BD,BGD,Rājshāhi,Rajshahi,BD-E,division,,848.5,,,3,Asia/Dhaka,FALSE,1050591992
Subandi,Subandi,,24.5924,90.5688,Bangladesh,BD,BGD,Mymensingh,Mymensingh,BD-H,division,,1393.1,,,3,Asia/Dhaka,FALSE,1050899226
Subandi,Subandi,,23.4333,90.6000,Bangladesh,BD,BGD,Chattogram,Chattogram,BD-B,division,,1297.7,,,3,Asia/Dhaka,FALSE,1050107455
Subandi,Subandi,,23.9612,90.2431,Bangladesh,BD,BGD,Dhaka,Dhaka,BD-C,division,,5420.4,,,2,Asia/Dhaka,FALSE,1050221348
Subandi,Subandi,,24.4545,90.8276,Bangladesh,BD,BGD,Dhaka,Dhaka,BD-C,division,,1631.8,,,3,Asia/Dhaka,TRUE,1050180061
North Rāmpur,North Rampur,,23.5167,91.1667,Bangladesh,BD,BGD,Chattogram,Chattogram,BD-B,division,,5089.3,,,2,Asia/Dhaka,FALSE,1050186651
Pirpira,Pirpira,,22.2645,91.9134,Bangladesh,BD,BGD,Chattogram,Chattogram,BD-B,division,,2087.0,,,2,Asia/Dhaka,FALSE,1050421652
Paschim Kumli,Paschim Kumli,,23.8749,89.9290,Bangladesh,BD,BGD,Dhaka,Dhaka,BD-C,division,,1072.0,,,3,Asia/Dhaka,FALSE,1050206276
Churāin,Churain,,23.5099,90.4933,Bangladesh,BD,BGD,Dhaka,Dhaka,BD-C,district,,3201.7,,,2,Asia/Dhaka,FALSE,1050068770
Churāin,Churain,,23.6189,90.2240,Bangladesh,BD,BGD,Dhaka,Dhaka,BD-C,district,,1538.9,,,3,Asia/Dhaka,TRUE,1050665453
Naopāra,Naopara,,24.5333,90.4167,Bangladesh,BD,BGD,Mymensingh,Mymensingh,BD-H,division,,1404.8,,,3,Asia/Dhaka,FALSE,1050334831
Naopāra,Naopara,,24.6489,90.5868,Bangladesh,BD,BGD,Mymensingh,Mymensingh,BD-H,division,,1393.1,,,3,Asia/Dhaka,TRUE,1050121898
Nāopāra,Naopara,,24.5827,90.5672,Bangladesh,BD,BGD,Mymensingh,Mymensingh,BD-H,division,,1393.1,,,3,Asia/Dhaka,TRUE,1050022423
Naopāra,Naopara,,24.6117,90.8219,Bangladesh,BD,BGD,Mymensingh,Mymensingh,BD-H,division,,1004.4,,,3,Asia/Dhaka,TRUE,1050773161
Naopāra,Naopara,,24.6984,90.8337,Bangladesh,BD,BGD,Mymensingh,Mymensingh,BD-H,division,,1004.4,,,3,Asia/Dhaka,TRUE,1050178516
Gāndigaon,Gandigaon,,25.2185,90.0560,Bangladesh,BD,BGD,Mymensingh,Mymensingh,BD-H,division,,808.6,,,3,Asia/Dhaka,FALSE,1050731094
Nāopāra,Naopara,Noapara,22.5259,88.9808,Bangladesh,BD,BGD,Khulna,Khulna,BD-D,division,,1153.1,,,3,Asia/Dhaka,FALSE,1050266039
Naopāra,Naopara,,23.6843,89.2848,Bangladesh,BD,BGD,Khulna,Khulna,BD-D,division,,1084.0,,,3,Asia/Dhaka,TRUE,1050470950
Naopāra,Naopara,,24.1559,88.8979,Bangladesh,BD,BGD,Rājshāhi,Rajshahi,BD-E,division,,1380.3,,,3,Asia/Dhaka,FALSE,1050786090
Naopāra,Naopara,,24.5000,88.9500,Bangladesh,BD,BGD,Rājshāhi,Rajshahi,BD-E,division,,1221.6,,,3,Asia/Dhaka,TRUE,1050974828
Naopara,Naopara,,24.4996,88.7669,Bangladesh,BD,BGD,Rājshāhi,Rajshahi,BD-E,division,,1073.3,,,3,Asia/Dhaka,TRUE,1050612152
Naopāra,Naopara,,24.3405,89.1200,Bangladesh,BD,BGD,Rājshāhi,Rajshahi,BD-E,division,,871.5,,,3,Asia/Dhaka,TRUE,1050493162
Ātghera,Atghera,,25.7021,88.5077,Bangladesh,BD,BGD,Rangpur,Rangpur,BD-F,division,,807.5,,,3,Asia/Dhaka,FALSE,1050809638
Dakshin Gulishakhali,Dakshin Gulishakhali,,22.2279,89.9732,Bangladesh,BD,BGD,Khulna,Khulna,BD-D,division,,785.0,,,3,Asia/Dhaka,FALSE,1050886538
Naopāra,Naopara,,22.9911,90.1409,Bangladesh,BD,BGD,Barishal,Barishal,BD-A,division,,946.7,,,3,Asia/Dhaka,FALSE,1050000907
Nāopāra,Naopara,,21.9462,90.2957,Bangladesh,BD,BGD,Barishal,Barishal,BD-A,division,,568.6,,,3,Asia/Dhaka,TRUE,1050049268
Naopāra,Naopara,,23.4418,90.3626,Bangladesh,BD,BGD,Dhaka,Dhaka,BD-C,district,,1844.5,,,3,Asia/Dhaka,FALSE,1050052949
Naopāra,Naopara,Noapara,23.5879,89.6152,Bangladesh,BD,BGD,Dhaka,Dhaka,BD-C,division,,1034.3,,,3,Asia/Dhaka,TRUE,1050646705
Naopāra,Naopara,,23.4678,89.6127,Bangladesh,BD,BGD,Dhaka,Dhaka,BD-C,district,,1034.3,,,3,Asia/Dhaka,TRUE,1050208521
Naopāra,Naopara,Noa Para,24.3667,90.9698,Bangladesh,BD,BGD,Dhaka,Dhaka,BD-C,district,,824.2,,,3,Asia/Dhaka,TRUE,1050536775
Nāopāra,Naopara,Noapara,23.2680,89.7984,Bangladesh,BD,BGD,Dhaka,Dhaka,BD-C,district,,713.2,,,3,Asia/Dhaka,TRUE,1050045606
Gauribaradia,Gauribaradia,Gauribardia,23.7476,89.8704,Bangladesh,BD,BGD,Dhaka,Dhaka,BD-C,district,,1041.1,,,3,Asia/Dhaka,FALSE,1050216245
Rudrapur,Rudrapur,,23.9170,90.3451,Bangladesh,BD,BGD,Dhaka,Dhaka,BD-C,district,,5420.4,,,2,Asia/Dhaka,FALSE,1050112473
Rudrapur,Rudrapur,,23.0943,89.1742,Bangladesh,BD,BGD,Khulna,Khulna,BD-D,division,,1659.1,,,3,Asia/Dhaka,FALSE,1050861438
Rudrapur,Rudrapur,,22.6546,89.1504,Bangladesh,BD,BGD,Khulna,Khulna,BD-D,division,,1356.3,,,3,Asia/Dhaka,TRUE,1050743281
Rudrapur,Rudrapur,,22.9299,88.9032,Bangladesh,BD,BGD,Khulna,Khulna,BD-D,division,,1126.0,,,3,Asia/Dhaka,TRUE,1050687395
Rudrapur,Rudrapur,,22.8266,89.0216,Bangladesh,BD,BGD,Khulna,Khulna,BD-D,division,,1015.5,,,3,Asia/Dhaka,TRUE,1050782887
Rūdrapur,Rudrapur,,23.6521,88.7032,Bangladesh,BD,BGD,Khulna,Khulna,BD-D,division,,983.1,,,3,Asia/Dhaka,TRUE,1050446224
Rudrapur,Rudrapur,,23.5049,89.0009,Bangladesh,BD,BGD,Khulna,Khulna,BD-D,division,,972.8,,,3,Asia/Dhaka,TRUE,1050793813
Rudrapur,Rudrapur,,23.4221,89.0222,Bangladesh,BD,BGD,Khulna,Khulna,BD-D,division,,940.0,,,3,Asia/Dhaka,TRUE,1050869505
Rudrapur,Rudrapur,Raudrapur,24.8200,88.5955,Bangladesh,BD,BGD,Rājshāhi,Rajshahi,BD-E,division,,599.9,,,3,Asia/Dhaka,FALSE,1050268137
Rudrapur,Rudrapur,,25.6950,88.6648,Bangladesh,BD,BGD,Rangpur,Rangpur,BD-F,division,,1506.6,,,3,Asia/Dhaka,FALSE,1050066645
Rudrapur,Rudrapur,,24.7828,90.2249,Bangladesh,BD,BGD,Mymensingh,Mymensingh,BD-H,division,,1490.9,,,3,Asia/Dhaka,FALSE,1050805193
Rudrapur,Rudrapur,,24.5999,90.5554,Bangladesh,BD,BGD,Mymensingh,Mymensingh,BD-H,division,,1393.1,,,3,Asia/Dhaka,TRUE,1050211513
Āmhāti,Amhati,,24.4315,89.0003,Bangladesh,BD,BGD,Rājshāhi,Rajshahi,BD-E,division,,1221.6,,,3,Asia/Dhaka,FALSE,1050032244
Bāribota,Baribota,,23.0689,89.0034,Bangladesh,BD,BGD,Khulna,Khulna,BD-D,division,,1110.3,,,3,Asia/Dhaka,FALSE,1050474735
Ishalmari,Ishalmari,,23.8213,88.9539,Bangladesh,BD,BGD,Khulna,Khulna,BD-D,division,,1144.7,,,3,Asia/Dhaka,FALSE,1050389302
Bara Āsrafpur,Bara Asrafpur,,24.0550,90.7570,Bangladesh,BD,BGD,Dhaka,Dhaka,BD-C,division,,1548.1,,,3,Asia/Dhaka,FALSE,1050343780
Char Khānain,Char Khanain,Char Khānam,22.7333,90.4667,Bangladesh,BD,BGD,Barishal,Barishal,BD-A,division,,2141.8,,,2,Asia/Dhaka,FALSE,1050349017
Purba Kachua,Purba Kachua,,25.9339,89.1199,Bangladesh,BD,BGD,Rangpur,Rangpur,BD-F,division,,1155.2,,,3,Asia/Dhaka,FALSE,1050780339
Mrithenga,Mrithenga,,25.8413,89.4543,Bangladesh,BD,BGD,Rangpur,Rangpur,BD-F,division,,1465.8,,,3,Asia/Dhaka,FALSE,1050961717
Chāndpur Bāzārkāndi,Chandpur Bazarkandi,,23.5051,89.9875,Bangladesh,BD,BGD,Dhaka,Dhaka,BD-C,district,,1114.1,,,3,Asia/Dhaka,FALSE,1050197985
Qismat Biayābāgis,Qismat Biayabagis,,25.8896,89.5213,Bangladesh,BD,BGD,Rangpur,Rangpur,BD-F,division,,1465.8,,,3,Asia/Dhaka,FALSE,1050127807
Āloākāndi,Aloakandi,,24.1964,90.7467,Bangladesh,BD,BGD,Dhaka,Dhaka,BD-C,division,,1641.6,,,3,Asia/Dhaka,FALSE,1050706481
Mathbāri,Mathbari,,22.5675,90.1824,Bangladesh,BD,BGD,Barishal,Barishal,BD-A,division,,957.8,,,3,Asia/Dhaka,FALSE,1050187802
Helenchādāngi,Helenchadangi,,25.1007,88.7999,Bangladesh,BD,BGD,Rājshāhi,Rajshahi,BD-E,division,,656.9,,,3,Asia/Dhaka,FALSE,1050688639
Saruppur,Saruppur,,23.7237,89.0144,Bangladesh,BD,BGD,Khulna,Khulna,BD-D,division,,1292.2,,,3,Asia/Dhaka,FALSE,1050659095
Sindaria,Sindaria,,23.5960,88.9829,Bangladesh,BD,BGD,Khulna,Khulna,BD-D,division,,1231.8,,,3,Asia/Dhaka,FALSE,1050001062
Dolu,Dolu,,22.1298,92.0129,Bangladesh,BD,BGD,Chattogram,Chattogram,BD-B,division,,1537.3,,,3,Asia/Dhaka,FALSE,1050766246
Dolu,Dolu,Dalu,22.7696,91.7793,Bangladesh,BD,BGD,Chattogram,Chattogram,BD-B,division,,785.5,,,3,Asia/Dhaka,TRUE,1050511773
Saranjagari,Saranjagari,,25.3287,89.0203,Bangladesh,BD,BGD,Rangpur,Rangpur,BD-F,division,,993.7,,,3,Asia/Dhaka,FALSE,1050625429
Khāgātia,Khagatia,,23.6500,90.6167,Bangladesh,BD,BGD,Dhaka,Dhaka,BD-C,district,,3456.4,,,2,Asia/Dhaka,FALSE,1050193785
Bhāngār Mona,Bhangar Mona,,22.9167,90.3833,Bangladesh,BD,BGD,Barishal,Barishal,BD-A,division,,817.0,,,3,Asia/Dhaka,FALSE,1050435159
Khāgatia,Khagatia,Khagtia,22.7180,90.2382,Bangladesh,BD,BGD,Barishal,Barishal,BD-A,division,,1125.9,,,3,Asia/Dhaka,FALSE,1050198758
Jal Burunga,Jal Burunga,,24.7295,90.6489,Bangladesh,BD,BGD,Mymensingh,Mymensingh,BD-H,division,,1628.0,,,3,Asia/Dhaka,FALSE,1050547863
Batbāri,Batbari,,23.1040,89.8445,Bangladesh,BD,BGD,Dhaka,Dhaka,BD-C,division,,896.9,,,3,Asia/Dhaka,FALSE,1050781887
Hāriādiāra,Hariadiara,,23.1215,89.0781,Bangladesh,BD,BGD,Khulna,Khulna,BD-D,division,,1079.7,,,3,Asia/Dhaka,FALSE,1050539302
Suchhisti,Suchhisti,,24.9753,89.0643,Bangladesh,BD,BGD,Rājshāhi,Rajshahi,BD-E,division,,1053.6,,,3,Asia/Dhaka,FALSE,1050951487
Dhulārhāt,Dhularhat,,23.6104,88.9383,Bangladesh,BD,BGD,Khulna,Khulna,BD-D,division,,1231.8,,,3,Asia/Dhaka,FALSE,1050765262
Chhota Brāhmanpāra,Chhota Brahmanpara,,23.9168,90.7054,Bangladesh,BD,BGD,Dhaka,Dhaka,BD-C,district,,4260.3,,,2,Asia/Dhaka,FALSE,1050389090
Simulkura,Simulkura,,25.0614,90.1287,Bangladesh,BD,BGD,Mymensingh,Mymensingh,BD-H,division,,799.1,,,3,Asia/Dhaka,FALSE,1050656112
Brikbhānupur,Brikbhanupur,,22.6069,91.9383,Bangladesh,BD,BGD,Chattogram,Chattogram,BD-B,division,,1512.4,,,3,Asia/Dhaka,FALSE,1050263907
Bānināthpur,Baninathpur,,23.6333,90.6167,Bangladesh,BD,BGD,Dhaka,Dhaka,BD-C,district,,3456.4,,,2,Asia/Dhaka,FALSE,1050086090
Dietāi Nhibi Taluk,Dietai Nhibi Taluk,,22.3300,90.4969,Bangladesh,BD,BGD,Khulna,Khulna,BD-D,division,,730.2,,,3,Asia/Dhaka,FALSE,1050476948
Khālgaon,Khalgaon,,24.5904,88.7013,Bangladesh,BD,BGD,Rājshāhi,Rajshahi,BD-E,division,,1113.9,,,3,Asia/Dhaka,FALSE,1050710479
Charakdāngi,Charakdangi,,26.5255,88.4526,Bangladesh,BD,BGD,Rangpur,Rangpur,BD-F,division,,721.8,,,3,Asia/Dhaka,FALSE,1050110005
Bānskāta,Banskata,,25.0485,88.9464,Bangladesh,BD,BGD,Rājshāhi,Rajshahi,BD-E,division,,1122.2,,,3,Asia/Dhaka,FALSE,1050335835
Banskata,Banskata,,25.2905,89.3323,Bangladesh,BD,BGD,Rangpur,Rangpur,BD-F,division,,1443.0,,,3,Asia/Dhaka,FALSE,1050417842
Bānskāta,Banskata,,26.2801,89.0664,Bangladesh,BD,BGD,Rangpur,Rangpur,BD-F,division,,640.5,,,3,Asia/Dhaka,TRUE,1050964350
Maldebpur,Maldebpur,,24.5229,88.3493,Bangladesh,BD,BGD,Rājshāhi,Rajshahi,BD-E,division,,848.5,,,3,Asia/Dhaka,FALSE,1050613738
Harara,Harara,,23.8667,89.1167,Bangladesh,BD,BGD,Khulna,Khulna,BD-D,division,,1785.0,,,3,Asia/Dhaka,FALSE,1050778458
Harara,Harara,,23.6911,89.1908,Bangladesh,BD,BGD,Khulna,Khulna,BD-D,division,,1084.0,,,3,Asia/Dhaka,TRUE,1050881939
Isripur,Isripur,,24.4063,88.4871,Bangladesh,BD,BGD,Rājshāhi,Rajshahi,BD-E,division,,848.5,,,3,Asia/Dhaka,FALSE,1050738187
Sāldhar,Saldhar,,23.4667,91.2000,Bangladesh,BD,BGD,Chattogram,Chattogram,BD-B,division,,5191.5,,,2,Asia/Dhaka,FALSE,1050175634
Dari Lakshmīpur,Dari Lakshmipur,,23.3013,90.9012,Bangladesh,BD,BGD,Chattogram,Chattogram,BD-B,division,,1693.7,,,3,Asia/Dhaka,FALSE,1050712355
Sonānagar,Sonanagar,,23.3541,89.6507,Bangladesh,BD,BGD,Dhaka,Dhaka,BD-C,district,,803.8,,,3,Asia/Dhaka,FALSE,1050613901
Nutan Char,Nutan Char,,23.8667,90.8667,Bangladesh,BD,BGD,Chattogram,Chattogram,BD-B,division,,2121.0,,,2,Asia/Dhaka,FALSE,1050206959
Nutan Char,Nutan Char,Nuton Char,24.1333,88.9000,Bangladesh,BD,BGD,Rājshāhi,Rajshahi,BD-E,division,,1380.3,,,3,Asia/Dhaka,FALSE,1050494484
Phulmāti,Phulmati,Phulmoti,25.9841,89.5100,Bangladesh,BD,BGD,Rangpur,Rangpur,BD-F,division,,1151.9,,,3,Asia/Dhaka,FALSE,1050905612
Baduban,Baduban,,22.5758,91.6636,Bangladesh,BD,BGD,Chattogram,Chattogram,BD-B,division,,2129.3,,,2,Asia/Dhaka,FALSE,1050212393
Jaltar,Jaltar,,25.2631,89.3013,Bangladesh,BD,BGD,Rangpur,Rangpur,BD-F,division,,1443.0,,,3,Asia/Dhaka,FALSE,1050350915
Char Pakshia,Char Pakshia,,24.2131,90.7987,Bangladesh,BD,BGD,Dhaka,Dhaka,BD-C,division,,1583.0,,,3,Asia/Dhaka,FALSE,1050605177
Māluhār,Maluhar,,22.5775,90.2370,Bangladesh,BD,BGD,Barishal,Barishal,BD-A,division,,855.0,,,3,Asia/Dhaka,FALSE,1050030536
Jalāli,Jalali,,26.1292,88.5024,Bangladesh,BD,BGD,Rangpur,Rangpur,BD-F,division,,1002.4,,,3,Asia/Dhaka,FALSE,1050296825
Bil Apnar,Bil Apnar,,23.0010,89.7093,Bangladesh,BD,BGD,Khulna,Khulna,BD-D,division,,815.8,,,3,Asia/Dhaka,FALSE,1050466303
North Kismat Mājhāil,North Kismat Majhail,Uttar Kismat Majhail,23.7194,89.3479,Bangladesh,BD,BGD,Dhaka,Dhaka,BD-C,division,,1101.2,,,3,Asia/Dhaka,FALSE,1050514447
Gomati,Gomati,,22.6327,89.7767,Bangladesh,BD,BGD,Khulna,Khulna,BD-D,division,,947.2,,,3,Asia/Dhaka,FALSE,1050530094
Maugāti,Maugati,Mougati,24.9508,90.7091,Bangladesh,BD,BGD,Mymensingh,Mymensingh,BD-H,division,,1313.3,,,3,Asia/Dhaka,FALSE,1050988667
Rājpāsa,Rajpasa,,22.4370,90.0148,Bangladesh,BD,BGD,Barishal,Barishal,BD-A,division,,963.7,,,3,Asia/Dhaka,FALSE,1050879024
Rājpāsa,Rajpasa,,22.6024,90.3180,Bangladesh,BD,BGD,Barishal,Barishal,BD-A,division,,855.0,,,3,Asia/Dhaka,TRUE,1050624129
Pātibila,Patibila,,23.3066,89.0318,Bangladesh,BD,BGD,Khulna,Khulna,BD-D,division,,971.1,,,3,Asia/Dhaka,FALSE,1050000130
Hātīlota,Hatilota,,23.3167,91.1167,Bangladesh,BD,BGD,Chattogram,Chattogram,BD-B,division,,1285.8,,,3,Asia/Dhaka,FALSE,1050930625
Bīr Pākerdaha,Bir Pakerdaha,Kalabaga|Char Pakerdaha,24.9457,89.7186,Bangladesh,BD,BGD,Mymensingh,Mymensingh,BD-H,division,,1183.5,,,3,Asia/Dhaka,FALSE,1050637789
Hajabnagar,Hajabnagar,,25.4768,89.0099,Bangladesh,BD,BGD,Rangpur,Rangpur,BD-F,division,,799.4,,,3,Asia/Dhaka,FALSE,1050000249
Krongohiaga,Krongohiaga,,22.3548,92.2077,Bangladesh,BD,BGD,Chattogram,Chattogram,BD-B,division,,104.3,,,4,Asia/Dhaka,FALSE,1050517209
Pashchim Chaupalli,Pashchim Chaupalli,West Choupalli|West Chaupalli,22.9675,90.9454,Bangladesh,BD,BGD,Chattogram,Chattogram,BD-B,division,,1633.2,,,3,Asia/Dhaka,FALSE,1050423588
Surāpāra,Surapara,,23.5893,89.2002,Bangladesh,BD,BGD,Khulna,Khulna,BD-D,division,,1090.6,,,3,Asia/Dhaka,FALSE,1050214838
Daripura,Daripura,,25.1192,89.8923,Bangladesh,BD,BGD,Mymensingh,Mymensingh,BD-H,division,,942.7,,,3,Asia/Dhaka,FALSE,1050475631
Khārubhai,Kharubhai,,25.4804,89.7625,Bangladesh,BD,BGD,Rangpur,Rangpur,BD-F,division,,753.6,,,3,Asia/Dhaka,FALSE,1050636831
Bara Alampur,Bara Alampur,Bara Ālampur,25.3888,89.2620,Bangladesh,BD,BGD,Rangpur,Rangpur,BD-F,division,,1009.2,,,3,Asia/Dhaka,FALSE,1050110757
Tālai Arāzi,Talai Arazi,Telai Ārāzi,24.4629,88.4484,Bangladesh,BD,BGD,Rājshāhi,Rajshahi,BD-E,division,,848.5,,,3,Asia/Dhaka,FALSE,1050502034
Haldibuna,Haldibuna,,24.3877,88.4841,Bangladesh,BD,BGD,Rājshāhi,Rajshahi,BD-E,division,,1631.6,,,3,Asia/Dhaka,FALSE,1050311780
Bara Ālampur,Bara Alampur,,23.6204,90.9823,Bangladesh,BD,BGD,Chattogram,Chattogram,BD-B,division,,2064.1,,,2,Asia/Dhaka,FALSE,1050411596
Mālikhil,Malikhil,Molikhal,23.5195,90.8359,Bangladesh,BD,BGD,Chattogram,Chattogram,BD-B,division,,1796.9,,,3,Asia/Dhaka,FALSE,1050734256
Melābar,Melabar,Malabar,25.9541,89.0445,Bangladesh,BD,BGD,Rangpur,Rangpur,BD-F,division,,1155.2,,,3,Asia/Dhaka,FALSE,1050597827
Bāmanāil,Bamanail,,23.4407,89.2724,Bangladesh,BD,BGD,Khulna,Khulna,BD-D,division,,1036.2,,,3,Asia/Dhaka,FALSE,1050027355
Nalnagar,Nalnagar,,23.3735,89.4991,Bangladesh,BD,BGD,Khulna,Khulna,BD-D,division,,1049.9,,,3,Asia/Dhaka,FALSE,1050321564
Kheter Char,Kheter Char,,25.2113,89.8244,Bangladesh,BD,BGD,Mymensingh,Mymensingh,BD-H,division,,880.8,,,3,Asia/Dhaka,FALSE,1050548622
Saknagar,Saknagar,,24.7581,88.2376,Bangladesh,BD,BGD,Rājshāhi,Rajshahi,BD-E,division,,1341.0,,,3,Asia/Dhaka,FALSE,1050729125
Decreer Tek,Decreer Tek,,23.8774,90.2354,Bangladesh,BD,BGD,Dhaka,Dhaka,BD-C,district,,4418.4,,,2,Asia/Dhaka,FALSE,1050215408
Rajendraganj,Rajendraganj,Rājendraganj,25.1932,89.8594,Bangladesh,BD,BGD,Mymensingh,Mymensingh,BD-H,division,,880.8,,,3,Asia/Dhaka,FALSE,1050115981
Chak Rāmkānu,Chak Ramkanu,,24.7667,88.8833,Bangladesh,BD,BGD,Rājshāhi,Rajshahi,BD-E,division,,1562.8,,,3,Asia/Dhaka,FALSE,1050569407
Ulānghuni,Ulanghuni,,22.7284,90.3780,Bangladesh,BD,BGD,Barishal,Barishal,BD-A,division,,2141.8,,,2,Asia/Dhaka,FALSE,1050209068
Paschim Digreer Char,Paschim Digreer Char,,25.0229,89.8632,Bangladesh,BD,BGD,Mymensingh,Mymensingh,BD-H,division,,1062.8,,,3,Asia/Dhaka,FALSE,1050455802
Nibha,Nibha,Niva,23.7285,89.3751,Bangladesh,BD,BGD,Dhaka,Dhaka,BD-C,division,,1101.2,,,3,Asia/Dhaka,FALSE,1050545552
Bāli,Bali,,23.2781,88.8111,Bangladesh,BD,BGD,Khulna,Khulna,BD-D,division,,840.8,,,3,Asia/Dhaka,FALSE,1050826128
Chhota Bhawānīpur,Chhota Bhawanipur,Chota Bhawanipur,23.2667,91.0167,Bangladesh,BD,BGD,Chattogram,Chattogram,BD-B,division,,1878.6,,,3,Asia/Dhaka,FALSE,1050323860
Hijlikhola,Hijlikhola,,23.9779,90.0775,Bangladesh,BD,BGD,Dhaka,Dhaka,BD-C,division,,1878.1,,,3,Asia/Dhaka,FALSE,1050124047
Bali,Bali,Balia|Bālla,25.0148,90.9674,Bangladesh,BD,BGD,Sylhet,Sylhet,BD-G,division,,635.0,,,3,Asia/Dhaka,FALSE,1050158314
Bara Jāfarpur,Bara Jafarpur,,23.6500,90.1500,Bangladesh,BD,BGD,Dhaka,Dhaka,BD-C,district,,1538.9,,,3,Asia/Dhaka,FALSE,1050400706
Guatala,Guatala,,22.4195,89.7935,Bangladesh,BD,BGD,Khulna,Khulna,BD-D,division,,669.7,,,3,Asia/Dhaka,FALSE,1050226592
Kurigaon,Kurigaon,,23.4883,90.3475,Bangladesh,BD,BGD,Dhaka,Dhaka,BD-C,district,,1844.5,,,3,Asia/Dhaka,FALSE,1050493081
Kātrāsin,Katrasin,,23.8524,89.8147,Bangladesh,BD,BGD,Dhaka,Dhaka,BD-C,division,,1002.5,,,3,Asia/Dhaka,FALSE,1050142615
Chhay Ghāti,Chhay Ghati,,24.4731,88.4783,Bangladesh,BD,BGD,Rājshāhi,Rajshahi,BD-E,division,,848.5,,,3,Asia/Dhaka,FALSE,1050580703
Hārināl,Harinal,,23.9955,90.4450,Bangladesh,BD,BGD,Dhaka,Dhaka,BD-C,division,,8356.1,,,2,Asia/Dhaka,FALSE,1050400341
Chilākāra,Chilakara,,24.3831,90.7352,Bangladesh,BD,BGD,Dhaka,Dhaka,BD-C,division,,1837.5,,,3,Asia/Dhaka,FALSE,1050930172
Selābunia,Selabunia,,22.4333,89.6167,Bangladesh,BD,BGD,Khulna,Khulna,BD-D,division,,92.3,,,4,Asia/Dhaka,FALSE,1050832520
Barapari,Barapari,,22.3822,89.8285,Bangladesh,BD,BGD,Khulna,Khulna,BD-D,division,,658.9,,,3,Asia/Dhaka,FALSE,1050809910
Dakshin Ādāmpura,Dakshin Adampura,,22.3255,90.5507,Bangladesh,BD,BGD,Barishal,Barishal,BD-A,division,,777.8,,,3,Asia/Dhaka,FALSE,1050541546
Rāmbāri,Rambari,,24.6630,90.2090,Bangladesh,BD,BGD,Mymensingh,Mymensingh,BD-H,division,,1245.7,,,3,Asia/Dhaka,FALSE,1050504706
Parādagār,Paradagar,,23.7140,90.4721,Bangladesh,BD,BGD,Dhaka,Dhaka,BD-C,district,,60739.9,,,2,Asia/Dhaka,FALSE,1050549765
Māndakhās,Mandakhas,,24.7702,88.6376,Bangladesh,BD,BGD,Rājshāhi,Rajshahi,BD-E,division,,1004.9,,,3,Asia/Dhaka,FALSE,1050287518
Gandagrām,Gandagram,,25.9870,88.2731,Bangladesh,BD,BGD,Rangpur,Rangpur,BD-F,division,,800.2,,,3,Asia/Dhaka,FALSE,1050242110
Mollāpara,Mollapara,,24.3860,88.5673,Bangladesh,BD,BGD,Rājshāhi,Rajshahi,BD-E,division,,8460.8,,,2,Asia/Dhaka,FALSE,1050087894
Mollapāra,Mollapara,,24.2223,88.8787,Bangladesh,BD,BGD,Rājshāhi,Rajshahi,BD-E,division,,1380.3,,,3,Asia/Dhaka,TRUE,1050364353
Mollapara,Mollapara,,25.1831,89.2235,Bangladesh,BD,BGD,Rājshāhi,Rajshahi,BD-E,division,,1204.1,,,3,Asia/Dhaka,TRUE,1050445836
Mollāpāra,Mollapara,,24.4630,88.8758,Bangladesh,BD,BGD,Rājshāhi,Rajshahi,BD-E,division,,1179.5,,,3,Asia/Dhaka,TRUE,1050948916
Mollapara,Mollapara,,24.7452,88.6631,Bangladesh,BD,BGD,Rājshāhi,Rajshahi,BD-E,division,,1004.9,,,3,Asia/Dhaka,TRUE,1050713649
Mollāpāra,Mollapara,,24.4675,88.3903,Bangladesh,BD,BGD,Rājshāhi,Rajshahi,BD-E,division,,848.5,,,3,Asia/Dhaka,TRUE,1050199509
Mollapara,Mollapara,,24.3842,88.4534,Bangladesh,BD,BGD,Rājshāhi,Rajshahi,BD-E,division,,848.5,,,3,Asia/Dhaka,TRUE,1050552640
Mollāpāra,Mollapara,,24.9708,88.7641,Bangladesh,BD,BGD,Rājshāhi,Rajshahi,BD-E,division,,808.0,,,3,Asia/Dhaka,TRUE,1050587685
Mollapāra,Mollapara,,25.1788,88.6269,Bangladesh,BD,BGD,Rājshāhi,Rajshahi,BD-E,division,,661.6,,,3,Asia/Dhaka,TRUE,1050224071
Shibgāti,Shibgati,Sibgāti,23.2678,89.7793,Bangladesh,BD,BGD,Dhaka,Dhaka,BD-C,district,,713.2,,,3,Asia/Dhaka,FALSE,1050691964
Arāzi Kadamttala,Arazi Kadamttala,,25.7961,89.7107,Bangladesh,BD,BGD,Rangpur,Rangpur,BD-F,division,,1404.6,,,3,Asia/Dhaka,FALSE,1050945431
Kānāikāta Gyāndās,Kanaikata Gyandas,,25.9865,88.8343,Bangladesh,BD,BGD,Rangpur,Rangpur,BD-F,division,,1347.4,,,3,Asia/Dhaka,FALSE,1050395641
Kānāidia,Kanaidia,,22.6979,89.2977,Bangladesh,BD,BGD,Khulna,Khulna,BD-D,division,,978.7,,,3,Asia/Dhaka,FALSE,1050857003
Kānāidia,Kanaidia,,23.8333,89.7500,Bangladesh,BD,BGD,Dhaka,Dhaka,BD-C,district,,1033.4,,,3,Asia/Dhaka,FALSE,1050456197
Jhaljhalio Maglishpur,Jhaljhalio Maglishpur,Jhaljhalia Maglispur,24.9427,88.7805,Bangladesh,BD,BGD,Rājshāhi,Rajshahi,BD-E,division,,808.0,,,3,Asia/Dhaka,FALSE,1050408925
Ujdhāri,Ujdhari,,25.8946,88.2246,Bangladesh,BD,BGD,Rangpur,Rangpur,BD-F,division,,800.2,,,3,Asia/Dhaka,FALSE,1050688310
Gālimpur,Galimpur,,23.3052,91.0419,Bangladesh,BD,BGD,Chattogram,Chattogram,BD-B,division,,1878.6,,,3,Asia/Dhaka,FALSE,1050459630
Galimpur,Galimpur,,23.3900,91.0731,Bangladesh,BD,BGD,Chattogram,Chattogram,BD-B,division,,1878.6,,,3,Asia/Dhaka,TRUE,1050157782
Gālimpur,Galimpur,,23.9063,90.5928,Bangladesh,BD,BGD,Dhaka,Dhaka,BD-C,district,,2710.0,,,2,Asia/Dhaka,FALSE,1050388519
Gālimpur,Galimpur,,23.6369,90.2027,Bangladesh,BD,BGD,Dhaka,Dhaka,BD-C,district,,1538.9,,,3,Asia/Dhaka,TRUE,1050451916
Gālimpur,Galimpur,,24.2544,88.9876,Bangladesh,BD,BGD,Rājshāhi,Rajshahi,BD-E,division,,1380.3,,,3,Asia/Dhaka,FALSE,1050371322
Uttar Nadona,Uttar Nadona,North Nadana|North Nadona|North Nodana,23.1781,90.7793,Bangladesh,BD,BGD,Chattogram,Chattogram,BD-B,division,,1790.0,,,3,Asia/Dhaka,FALSE,1050349825
Abilanda,Abilanda,,24.5635,88.3742,Bangladesh,BD,BGD,Rājshāhi,Rajshahi,BD-E,division,,848.5,,,3,Asia/Dhaka,FALSE,1050555993
Satrāj,Satraj,,22.5803,90.4517,Bangladesh,BD,BGD,Barishal,Barishal,BD-A,division,,867.9,,,3,Asia/Dhaka,FALSE,1050237177
Kālākāta,Kalakata,Kalakutta,24.9333,92.4333,Bangladesh,BD,BGD,Sylhet,Sylhet,BD-G,division,,1160.7,,,3,Asia/Dhaka,FALSE,1050471462
Sajanpukur,Sajanpukur,,25.5011,88.9692,Bangladesh,BD,BGD,Rangpur,Rangpur,BD-F,division,,986.7,,,3,Asia/Dhaka,FALSE,1050618124
Khanepur,Khanepur,,23.9927,90.6466,Bangladesh,BD,BGD,Dhaka,Dhaka,BD-C,division,,2710.0,,,2,Asia/Dhaka,FALSE,1050435428
Khānepur,Khanepur,,23.6687,90.0932,Bangladesh,BD,BGD,Dhaka,Dhaka,BD-C,district,,1538.9,,,3,Asia/Dhaka,TRUE,1050387724
Char Thengamara,Char Thengamara,,23.0670,90.2416,Bangladesh,BD,BGD,Dhaka,Dhaka,BD-C,district,,968.5,,,3,Asia/Dhaka,FALSE,1050906251
Āmarbunia,Amarbunia,,22.3773,90.0920,Bangladesh,BD,BGD,Barishal,Barishal,BD-A,division,,852.2,,,3,Asia/Dhaka,FALSE,1050931930
Bāsudebbāri,Basudebbari,,23.9327,89.8556,Bangladesh,BD,BGD,Dhaka,Dhaka,BD-C,division,,1072.0,,,3,Asia/Dhaka,FALSE,1050409015
Hataspur,Hataspur,,24.9387,88.1814,Bangladesh,BD,BGD,Rājshāhi,Rajshahi,BD-E,division,,943.9,,,3,Asia/Dhaka,FALSE,1050370962
Khamar Taherpur,Khamar Taherpur,,25.4386,89.3296,Bangladesh,BD,BGD,Rangpur,Rangpur,BD-F,division,,1009.2,,,3,Asia/Dhaka,FALSE,1050533783
Bengha,Bengha,,26.2761,88.5822,Bangladesh,BD,BGD,Rangpur,Rangpur,BD-F,division,,622.5,,,3,Asia/Dhaka,FALSE,1050767421
Kalākopa,Kalakopa,,24.1140,90.9292,Bangladesh,BD,BGD,Dhaka,Dhaka,BD-C,district,,2122.8,,,2,Asia/Dhaka,FALSE,1050994784
Kalākopa,Kalakopa,,23.6500,90.1500,Bangladesh,BD,BGD,Dhaka,Dhaka,BD-C,district,,1538.9,,,3,Asia/Dhaka,TRUE,1050160332
Kalākopa,Kalakopa,,23.5022,90.8571,Bangladesh,BD,BGD,Chattogram,Chattogram,BD-B,division,,1796.9,,,3,Asia/Dhaka,FALSE,1050666473
Sītāmura,Sitamura,,22.1148,92.1483,Bangladesh,BD,BGD,Chattogram,Chattogram,BD-B,division,,1537.3,,,3,Asia/Dhaka,FALSE,1050522208
Ledāmdi,Ledamdi,,23.7143,90.6148,Bangladesh,BD,BGD,Dhaka,Dhaka,BD-C,district,,3456.4,,,2,Asia/Dhaka,FALSE,1050277602
Jot Janaki,Jot Janaki,,26.0842,88.6583,Bangladesh,BD,BGD,Rangpur,Rangpur,BD-F,division,,861.6,,,3,Asia/Dhaka,FALSE,1050454023
Rājiber Tek,Rajiber Tek,Rajibertaek,23.8333,90.2667,Bangladesh,BD,BGD,Dhaka,Dhaka,BD-C,district,,5420.4,,,2,Asia/Dhaka,FALSE,1050927949
Ghuni,Ghuni,,23.7803,89.9195,Bangladesh,BD,BGD,Dhaka,Dhaka,BD-C,division,,1041.1,,,3,Asia/Dhaka,FALSE,1050872976
Gobardāir,Gobardair,,22.6096,89.1261,Bangladesh,BD,BGD,Khulna,Khulna,BD-D,division,,1254.6,,,3,Asia/Dhaka,FALSE,1050624346
Uttarkul,Uttarkul,,23.7871,89.8522,Bangladesh,BD,BGD,Dhaka,Dhaka,BD-C,division,,1010.7,,,3,Asia/Dhaka,FALSE,1050478382
Masuka,Masuka,,23.1833,91.0000,Bangladesh,BD,BGD,Chattogram,Chattogram,BD-B,division,,1357.9,,,3,Asia/Dhaka,FALSE,1050353495
Sharifpur,Sharifpur,,22.9906,89.7197,Bangladesh,BD,BGD,Khulna,Khulna,BD-D,division,,815.8,,,3,Asia/Dhaka,FALSE,1050187050
Kushlihār,Kushlihar,Kusalihar,24.9299,89.2786,Bangladesh,BD,BGD,Rājshāhi,Rajshahi,BD-E,division,,1023.1,,,3,Asia/Dhaka,FALSE,1050260102
Sharifpur,Sharifpur,Sharipur,24.7336,91.2087,Bangladesh,BD,BGD,Sylhet,Sylhet,BD-G,division,,541.4,,,3,Asia/Dhaka,FALSE,1050865240
Maqimpur,Maqimpur,Makimpur,24.3496,89.7059,Bangladesh,BD,BGD,Rājshāhi,Rajshahi,BD-E,division,,2869.4,,,2,Asia/Dhaka,FALSE,1050974223
Sharīfpur,Sharifpur,Big Sarifpur,22.9167,91.1333,Bangladesh,BD,BGD,Chattogram,Chattogram,BD-B,division,,2638.6,,,2,Asia/Dhaka,FALSE,1050227476
Sharīfpur,Sharifpur,Sarippur,22.9167,91.2833,Bangladesh,BD,BGD,Chattogram,Chattogram,BD-B,division,,2002.6,,,2,Asia/Dhaka,TRUE,1050432076
Sharifpur,Sharifpur,Sarifpur,24.2280,90.7068,Bangladesh,BD,BGD,Dhaka,Dhaka,BD-C,division,,1641.6,,,3,Asia/Dhaka,FALSE,1050497851
Kalasbhānga,Kalasbhanga,Kalesh Bhanga,23.4167,90.6833,Bangladesh,BD,BGD,Chattogram,Chattogram,BD-B,division,,1297.7,,,3,Asia/Dhaka,FALSE,1050993890
Potianpāra,Potianpara,,21.3387,92.2067,Bangladesh,BD,BGD,Chattogram,Chattogram,BD-B,division,,155.7,,,4,Asia/Dhaka,FALSE,1050689337
Shamsherpara,Shamsherpara,,25.3624,89.2685,Bangladesh,BD,BGD,Rangpur,Rangpur,BD-F,division,,1009.2,,,3,Asia/Dhaka,FALSE,1050079105
Latpatia,Latpatia,,23.0049,90.9854,Bangladesh,BD,BGD,Chattogram,Chattogram,BD-B,division,,2106.8,,,2,Asia/Dhaka,FALSE,1050378042
Joukuri,Joukuri,,23.7930,89.5877,Bangladesh,BD,BGD,Dhaka,Dhaka,BD-C,division,,844.8,,,3,Asia/Dhaka,FALSE,1050954917
Dakshin Barangāil,Dakshin Barangail,,24.1535,89.7320,Bangladesh,BD,BGD,Rājshāhi,Rajshahi,BD-E,division,,1209.7,,,3,Asia/Dhaka,FALSE,1050585006
Tris,Tris,,23.6333,90.9667,Bangladesh,BD,BGD,Chattogram,Chattogram,BD-B,division,,2011.3,,,2,Asia/Dhaka,FALSE,1050497129
Ghagoa,Ghagoa,,25.3505,89.5950,Bangladesh,BD,BGD,Rangpur,Rangpur,BD-F,division,,1599.6,,,3,Asia/Dhaka,FALSE,1050696644
Ghagoa,Ghagoa,Ghāgua,25.6077,89.5092,Bangladesh,BD,BGD,Rangpur,Rangpur,BD-F,division,,1282.7,,,3,Asia/Dhaka,TRUE,1050109787
Kāstasālia,Kastasalia,,23.5333,89.1370,Bangladesh,BD,BGD,Khulna,Khulna,BD-D,division,,1093.4,,,3,Asia/Dhaka,FALSE,1050994498
Char Narenfrapur,Char Narenfrapur,,24.5022,88.2209,Bangladesh,BD,BGD,Rājshāhi,Rajshahi,BD-E,division,,1420.4,,,3,Asia/Dhaka,FALSE,1050152172
Katakbāri,Katakbari,Katokbari,24.9059,88.9448,Bangladesh,BD,BGD,Rājshāhi,Rajshahi,BD-E,division,,979.7,,,3,Asia/Dhaka,FALSE,1050840225
Elliotganj,Elliotganj,,23.5115,90.8628,Bangladesh,BD,BGD,Chattogram,Chattogram,BD-B,division,,1796.9,,,3,Asia/Dhaka,FALSE,1050110715
Dakshin Bātarampur,Dakshin Batarampur,,23.1798,89.3153,Bangladesh,BD,BGD,Khulna,Khulna,BD-D,division,,878.8,,,3,Asia/Dhaka,FALSE,1050423533
Nalduburi,Nalduburi,,24.8013,88.1425,Bangladesh,BD,BGD,Rājshāhi,Rajshahi,BD-E,division,,1341.0,,,3,Asia/Dhaka,FALSE,1050616366
Setra,Setra,,23.2522,90.9109,Bangladesh,BD,BGD,Chattogram,Chattogram,BD-B,division,,1431.0,,,3,Asia/Dhaka,FALSE,1050813808
Taraf Umedpur,Taraf Umedpur,,23.6397,89.2549,Bangladesh,BD,BGD,Khulna,Khulna,BD-D,division,,1084.0,,,3,Asia/Dhaka,FALSE,1050846643
Binānihara,Binanihara,,22.3064,91.8972,Bangladesh,BD,BGD,Chattogram,Chattogram,BD-B,division,,1892.4,,,3,Asia/Dhaka,FALSE,1050204054
Pāhariā Kāndi,Paharia Kandi,Pāriākāndi,23.8357,90.8195,Bangladesh,BD,BGD,Chattogram,Chattogram,BD-B,division,,1774.1,,,3,Asia/Dhaka,FALSE,1050692156
Sunasir Char,Sunasir Char,,25.0580,89.9332,Bangladesh,BD,BGD,Mymensingh,Mymensingh,BD-H,division,,1491.6,,,3,Asia/Dhaka,FALSE,1050825524
Dhoddhāir,Dhoddhair,,25.7351,88.4398,Bangladesh,BD,BGD,Rangpur,Rangpur,BD-F,division,,787.9,,,3,Asia/Dhaka,FALSE,1050347527
Chholna,Chholna,Choolna,23.3882,89.6923,Bangladesh,BD,BGD,Dhaka,Dhaka,BD-C,district,,803.8,,,3,Asia/Dhaka,FALSE,1050579314
Sāhas,Sahas,,22.7668,89.4098,Bangladesh,BD,BGD,Khulna,Khulna,BD-D,division,,669.8,,,3,Asia/Dhaka,FALSE,1050458610
Gomrail,Gomrail,,23.3702,89.1771,Bangladesh,BD,BGD,Khulna,Khulna,BD-D,division,,1014.1,,,3,Asia/Dhaka,FALSE,1050218520
Dayainagar,Dayainagar,,23.7847,89.5917,Bangladesh,BD,BGD,Dhaka,Dhaka,BD-C,division,,939.7,,,3,Asia/Dhaka,FALSE,1050113921
Sundarpukur,Sundarpukur,,25.7808,88.5229,Bangladesh,BD,BGD,Rangpur,Rangpur,BD-F,division,,823.6,,,3,Asia/Dhaka,FALSE,1050096504
Bankhuri,Bankhuri,,24.1836,90.2328,Bangladesh,BD,BGD,Dhaka,Dhaka,BD-C,division,,1208.0,,,3,Asia/Dhaka,FALSE,1050462610
Edrakpur,Edrakpur,,23.8823,89.2689,Bangladesh,BD,BGD,Khulna,Khulna,BD-D,division,,1181.3,,,3,Asia/Dhaka,FALSE,1050581482
Chauhatta,Chauhatta,Chawhata,23.5741,89.8741,Bangladesh,BD,BGD,Dhaka,Dhaka,BD-C,district,,1527.5,,,3,Asia/Dhaka,FALSE,1050579349
Mailankānda,Mailankanda,,24.9371,90.4855,Bangladesh,BD,BGD,Mymensingh,Mymensingh,BD-H,division,,1135.1,,,3,Asia/Dhaka,FALSE,1050746888
Bhutiāpāra,Bhutiapara,,25.1635,88.9361,Bangladesh,BD,BGD,Rājshāhi,Rajshahi,BD-E,division,,1264.7,,,3,Asia/Dhaka,FALSE,1050449525
Gobarjāna,Gobarjana,,24.9098,90.3112,Bangladesh,BD,BGD,Mymensingh,Mymensingh,BD-H,division,,1135.1,,,3,Asia/Dhaka,FALSE,1050001266
Ulun,Ulun,,23.7657,90.4232,Bangladesh,BD,BGD,Dhaka,Dhaka,BD-C,district,,102709.9,,,2,Asia/Dhaka,FALSE,1050703634
Dardaripāra,Dardaripara,Dardairpāra,21.7267,92.2358,Bangladesh,BD,BGD,Chattogram,Chattogram,BD-B,division,,149.0,,,4,Asia/Dhaka,FALSE,1050813564
Mungagar,Mungagar,,26.0359,89.3227,Bangladesh,BD,BGD,Rangpur,Rangpur,BD-F,division,,1092.5,,,3,Asia/Dhaka,FALSE,1050782485
Dharenda,Dharenda,,23.2615,89.8669,Bangladesh,BD,BGD,Dhaka,Dhaka,BD-C,district,,864.1,,,3,Asia/Dhaka,FALSE,1050401574
Dumdia,Dumdia,,24.2295,90.6340,Bangladesh,BD,BGD,Dhaka,Dhaka,BD-C,division,,1537.0,,,3,Asia/Dhaka,FALSE,1050636877
Dumdia,Dumdia,,23.0325,89.8005,Bangladesh,BD,BGD,Dhaka,Dhaka,BD-C,division,,901.9,,,3,Asia/Dhaka,TRUE,1050317675
Dumdia,Dumdia,,23.1322,89.1354,Bangladesh,BD,BGD,Khulna,Khulna,BD-D,division,,1550.3,,,3,Asia/Dhaka,FALSE,1050970254
Sidlāi,Sidlai,,23.6495,91.0852,Bangladesh,BD,BGD,Chattogram,Chattogram,BD-B,division,,1861.9,,,3,Asia/Dhaka,FALSE,1050932903
Pahoritala,Pahoritala,,22.3653,92.1026,Bangladesh,BD,BGD,Chattogram,Chattogram,BD-B,division,,1145.6,,,3,Asia/Dhaka,FALSE,1050747567
Dhabalsati,Dhabalsati,,26.3600,88.9703,Bangladesh,BD,BGD,Rangpur,Rangpur,BD-F,division,,920.3,,,3,Asia/Dhaka,FALSE,1050053626
Imāmnagar,Imamnagar,,23.8722,90.0786,Bangladesh,BD,BGD,Dhaka,Dhaka,BD-C,division,,1668.1,,,3,Asia/Dhaka,FALSE,1050476029
Imāmnagar,Imamnagar,,23.6500,90.1333,Bangladesh,BD,BGD,Dhaka,Dhaka,BD-C,district,,1538.9,,,3,Asia/Dhaka,TRUE,1050836766
Kābilpur,Kabilpur,,23.2126,89.0109,Bangladesh,BD,BGD,Khulna,Khulna,BD-D,division,,1023.1,,,3,Asia/Dhaka,FALSE,1050590159
Kābilpur,Kabilpur,,23.4160,89.2153,Bangladesh,BD,BGD,Khulna,Khulna,BD-D,division,,1014.1,,,3,Asia/Dhaka,TRUE,1050040032
Kābilpur,Kabilpur,,23.5809,89.4279,Bangladesh,BD,BGD,Khulna,Khulna,BD-D,division,,992.8,,,3,Asia/Dhaka,TRUE,1050608535
Bāduri,Baduri,Baduria,22.9667,90.5000,Bangladesh,BD,BGD,Barishal,Barishal,BD-A,division,,694.8,,,3,Asia/Dhaka,FALSE,1050699863
Baichitala,Baichitala,,23.5212,88.7139,Bangladesh,BD,BGD,Khulna,Khulna,BD-D,division,,983.1,,,3,Asia/Dhaka,FALSE,1050977164
Kābilpur,Kabilpur,,22.7333,90.2000,Bangladesh,BD,BGD,Barishal,Barishal,BD-A,division,,1125.9,,,3,Asia/Dhaka,FALSE,1050391140
Puniānagar,Punianagar,,22.9500,90.9230,Bangladesh,BD,BGD,Chattogram,Chattogram,BD-B,division,,1633.2,,,3,Asia/Dhaka,FALSE,1050727272
Kabilpur,Kabilpur,,23.8008,89.5846,Bangladesh,BD,BGD,Dhaka,Dhaka,BD-C,division,,912.3,,,3,Asia/Dhaka,FALSE,1050904096
Mara Nidra,Mara Nidra,,21.9221,90.0415,Bangladesh,BD,BGD,Barishal,Barishal,BD-A,division,,515.2,,,3,Asia/Dhaka,FALSE,1050520345
Tohākhāna,Tohakhana,,24.8169,88.1400,Bangladesh,BD,BGD,Rājshāhi,Rajshahi,BD-E,division,,1597.9,,,3,Asia/Dhaka,FALSE,1050947537
Dulāpātuli,Dulapatuli,,24.7304,90.6457,Bangladesh,BD,BGD,Mymensingh,Mymensingh,BD-H,division,,1628.0,,,3,Asia/Dhaka,FALSE,1050425104
Pāmol,Pamol,,26.0023,88.1608,Bangladesh,BD,BGD,Rangpur,Rangpur,BD-F,division,,800.2,,,3,Asia/Dhaka,FALSE,1050357685
Beldia,Beldia,,24.2688,90.5823,Bangladesh,BD,BGD,Mymensingh,Mymensingh,BD-H,division,,1235.1,,,3,Asia/Dhaka,FALSE,1050732407
Paschim Noādānga,Paschim Noadanga,,25.6890,89.5700,Bangladesh,BD,BGD,Rangpur,Rangpur,BD-F,division,,1090.9,,,3,Asia/Dhaka,FALSE,1050164788
Char Sita,Char Sita,,22.6955,90.9255,Bangladesh,BD,BGD,Chattogram,Chattogram,BD-B,division,,1987.4,,,3,Asia/Dhaka,FALSE,1050649958
Kuthali,Kuthali,,26.3472,89.0226,Bangladesh,BD,BGD,Rangpur,Rangpur,BD-F,division,,920.3,,,3,Asia/Dhaka,FALSE,1050181414
Saista,Saista,Shāista,23.7603,90.1592,Bangladesh,BD,BGD,Dhaka,Dhaka,BD-C,division,,1458.0,,,3,Asia/Dhaka,FALSE,1050641349
Mashidara,Mashidara,,24.0301,88.9227,Bangladesh,BD,BGD,Khulna,Khulna,BD-D,division,,1269.5,,,3,Asia/Dhaka,FALSE,1050046422
East Chunākhāli,East Chunakhali,,22.2078,90.2929,Bangladesh,BD,BGD,Khulna,Khulna,BD-D,division,,515.2,,,3,Asia/Dhaka,FALSE,1050926262
Dakshin Naohātta,Dakshin Naohatta,,23.9409,90.1089,Bangladesh,BD,BGD,Dhaka,Dhaka,BD-C,division,,1878.1,,,3,Asia/Dhaka,FALSE,1050987243
Dahisara,Dahisara,,23.1767,89.8511,Bangladesh,BD,BGD,Dhaka,Dhaka,BD-C,division,,713.2,,,3,Asia/Dhaka,FALSE,1050973373
Paschim Baidahar,Paschim Baidahar,,25.3925,89.0400,Bangladesh,BD,BGD,Rangpur,Rangpur,BD-F,division,,991.1,,,3,Asia/Dhaka,FALSE,1050624498
Pashcim Chipabari Khal,Pashcim Chipabari Khal,,22.3938,89.8353,Bangladesh,BD,BGD,Khulna,Khulna,BD-D,division,,669.7,,,3,Asia/Dhaka,FALSE,1050106856
Bhitrikhel,Bhitrikhel,,25.0927,92.1731,Bangladesh,BD,BGD,Sylhet,Sylhet,BD-G,division,,1030.0,,,3,Asia/Dhaka,FALSE,1050464957
Lakshmikhola,Lakshmikhola,Lakshikhola,24.8109,89.4436,Bangladesh,BD,BGD,Rājshāhi,Rajshahi,BD-E,division,,1410.9,,,3,Asia/Dhaka,FALSE,1050419156
Lakshmīkhola,Lakshmikhola,Laksmikhola,22.5515,89.3017,Bangladesh,BD,BGD,Khulna,Khulna,BD-D,division,,1051.0,,,3,Asia/Dhaka,FALSE,1050975138
Lakshmīkhola,Lakshmikhola,,22.6086,89.4646,Bangladesh,BD,BGD,Khulna,Khulna,BD-D,division,,208.4,,,3,Asia/Dhaka,TRUE,1050657122
Rankānda,Rankanda,,24.8706,90.4309,Bangladesh,BD,BGD,Mymensingh,Mymensingh,BD-H,division,,1135.1,,,3,Asia/Dhaka,FALSE,1050741912
Boālmāra,Boalmara,,24.2669,89.2879,Bangladesh,BD,BGD,Rājshāhi,Rajshahi,BD-E,division,,1051.0,,,3,Asia/Dhaka,FALSE,1050239187
Bejgaon,Bejgaon,,24.7000,90.8167,Bangladesh,BD,BGD,Mymensingh,Mymensingh,BD-H,division,,1004.4,,,3,Asia/Dhaka,FALSE,1050395402
Pānimachhkuthi,Panimachhkuthi,,25.9568,89.5486,Bangladesh,BD,BGD,Rangpur,Rangpur,BD-F,division,,1151.9,,,3,Asia/Dhaka,FALSE,1050856889
Kalitala,Kalitala,,23.7840,89.6320,Bangladesh,BD,BGD,Dhaka,Dhaka,BD-C,division,,1389.6,,,3,Asia/Dhaka,FALSE,1050134485
Amdal,Amdal,,25.1218,89.1189,Bangladesh,BD,BGD,Rājshāhi,Rajshahi,BD-E,division,,1264.7,,,3,Asia/Dhaka,FALSE,1050568319
Kalitala,Kalitala,,25.5185,89.5570,Bangladesh,BD,BGD,Rangpur,Rangpur,BD-F,division,,1282.7,,,3,Asia/Dhaka,FALSE,1050719743
Kalitala,Kalitala,,23.8966,89.0081,Bangladesh,BD,BGD,Khulna,Khulna,BD-D,division,,1144.7,,,3,Asia/Dhaka,FALSE,1050284301
Jāmtaildās,Jamtaildas,,24.3833,89.6883,Bangladesh,BD,BGD,Rājshāhi,Rajshahi,BD-E,division,,1714.6,,,3,Asia/Dhaka,FALSE,1050995842
Khulna,Khulna,,22.5842,90.2151,Bangladesh,BD,BGD,Barishal,Barishal,BD-A,division,,1064.7,,,3,Asia/Dhaka,FALSE,1050877957
Bāmangāti,Bamangati,,23.2445,89.9136,Bangladesh,BD,BGD,Dhaka,Dhaka,BD-C,division,,864.1,,,3,Asia/Dhaka,FALSE,1050452631
Paglabar,Paglabar,,25.1098,89.7719,Bangladesh,BD,BGD,Mymensingh,Mymensingh,BD-H,division,,1014.5,,,3,Asia/Dhaka,FALSE,1050159040
Kismat Jalal,Kismat Jalal,,25.5829,89.3142,Bangladesh,BD,BGD,Rangpur,Rangpur,BD-F,division,,1105.6,,,3,Asia/Dhaka,FALSE,1050952406
Purba Bāgbāri,Purba Bagbari,,23.9493,90.3079,Bangladesh,BD,BGD,Dhaka,Dhaka,BD-C,district,,5420.4,,,2,Asia/Dhaka,FALSE,1050272295
Nilurkhāmār,Nilurkhamar,,25.9992,89.6510,Bangladesh,BD,BGD,Rangpur,Rangpur,BD-F,division,,1105.5,,,3,Asia/Dhaka,FALSE,1050799157
Āmdi,Amdi,,23.6667,90.6000,Bangladesh,BD,BGD,Dhaka,Dhaka,BD-C,district,,3456.4,,,2,Asia/Dhaka,FALSE,1050713249
Karala,Karala,,25.6670,88.5219,Bangladesh,BD,BGD,Rangpur,Rangpur,BD-F,division,,807.5,,,3,Asia/Dhaka,FALSE,1050358066
Ghorāil,Ghorail,,24.6581,90.8243,Bangladesh,BD,BGD,Mymensingh,Mymensingh,BD-H,division,,1004.4,,,3,Asia/Dhaka,FALSE,1050204462
Diāgaon,Diagaon,,23.4333,90.3167,Bangladesh,BD,BGD,Dhaka,Dhaka,BD-C,district,,959.7,,,3,Asia/Dhaka,FALSE,1050630566
Nabāirkāndi,Nabairkandi,,23.4500,90.6500,Bangladesh,BD,BGD,Chattogram,Chattogram,BD-B,division,,1297.7,,,3,Asia/Dhaka,FALSE,1050067711
Chaora Kalibari,Chaora Kalibari,,22.1301,90.2438,Bangladesh,BD,BGD,Barishal,Barishal,BD-A,division,,515.2,,,3,Asia/Dhaka,FALSE,1050182375
Jhilim,Jhilim,,24.6317,88.4051,Bangladesh,BD,BGD,Rājshāhi,Rajshahi,BD-E,division,,1420.4,,,3,Asia/Dhaka,FALSE,1050176555
Karangachhari,Karangachhari,Yarengchhari|Yarangchari,23.0702,92.1597,Bangladesh,BD,BGD,Chattogram,Chattogram,BD-B,division,,190.3,,,4,Asia/Dhaka,FALSE,1050529623
Chhota Hārji,Chhota Harji,,22.3470,90.0192,Bangladesh,BD,BGD,Barishal,Barishal,BD-A,division,,785.0,,,3,Asia/Dhaka,FALSE,1050883774
Purba Firoz Shah Colony,Purba Firoz Shah Colony,,22.3674,91.8023,Bangladesh,BD,BGD,Chattogram,Chattogram,BD-B,division,,26269.6,,,2,Asia/Dhaka,FALSE,1050014384
Shirkhāra,Shirkhara,Sirkhāra,23.2513,90.1178,Bangladesh,BD,BGD,Dhaka,Dhaka,BD-C,district,,1225.8,,,3,Asia/Dhaka,FALSE,1050070566
Dakshin Kāzipara,Dakshin Kazipara,,25.0213,88.6487,Bangladesh,BD,BGD,Rājshāhi,Rajshahi,BD-E,division,,661.6,,,3,Asia/Dhaka,FALSE,1050549795
Dānga Singra,Danga Singra,,23.3398,89.5090,Bangladesh,BD,BGD,Khulna,Khulna,BD-D,division,,1049.9,,,3,Asia/Dhaka,FALSE,1050500681
Chaukibāri,Chaukibari,,24.6397,89.5383,Bangladesh,BD,BGD,Rājshāhi,Rajshahi,BD-E,division,,1329.4,,,3,Asia/Dhaka,FALSE,1050876005
Barai Kāndi,Barai Kandi,,25.0010,90.1569,Bangladesh,BD,BGD,Mymensingh,Mymensingh,BD-H,division,,1104.4,,,3,Asia/Dhaka,FALSE,1050628413
Kātbaola,Katbaola,,24.6487,90.1664,Bangladesh,BD,BGD,Mymensingh,Mymensingh,BD-H,division,,1490.9,,,3,Asia/Dhaka,FALSE,1050775508
Barai Kāndi,Barai Kandi,Baria Kandi,23.7734,90.2863,Bangladesh,BD,BGD,Dhaka,Dhaka,BD-C,district,,5430.0,,,2,Asia/Dhaka,FALSE,1050801414
Indgaon,Indgaon,,25.8194,88.2422,Bangladesh,BD,BGD,Rangpur,Rangpur,BD-F,division,,800.7,,,3,Asia/Dhaka,FALSE,1050136544
Barāshashi,Barashashi,,26.2779,88.7277,Bangladesh,BD,BGD,Rangpur,Rangpur,BD-F,division,,622.5,,,3,Asia/Dhaka,FALSE,1050422536
Mauta,Mauta,,23.1895,89.0002,Bangladesh,BD,BGD,Khulna,Khulna,BD-D,division,,1123.2,,,3,Asia/Dhaka,FALSE,1050629684
Bālijuri,Balijuri,,24.8645,90.5398,Bangladesh,BD,BGD,Mymensingh,Mymensingh,BD-H,division,,1135.1,,,3,Asia/Dhaka,FALSE,1050000847
Bālijuri,Balijuri,,25.2687,89.9795,Bangladesh,BD,BGD,Mymensingh,Mymensingh,BD-H,division,,1080.1,,,3,Asia/Dhaka,TRUE,1050819619
Bālijuri,Balijuri,,24.8833,90.9167,Bangladesh,BD,BGD,Mymensingh,Mymensingh,BD-H,division,,912.2,,,3,Asia/Dhaka,TRUE,1050881478
Bālījuri,Balijuri,,24.9984,90.4035,Bangladesh,BD,BGD,Mymensingh,Mymensingh,BD-H,division,,866.4,,,3,Asia/Dhaka,TRUE,1050242272
Uttargaon,Uttargaon,,25.6692,88.7123,Bangladesh,BD,BGD,Rangpur,Rangpur,BD-F,division,,1506.6,,,3,Asia/Dhaka,FALSE,1050763518
Uttargaon,Uttargaon,,25.8730,88.2305,Bangladesh,BD,BGD,Rangpur,Rangpur,BD-F,division,,800.2,,,3,Asia/Dhaka,TRUE,1050092274
Uttargaon,Uttargaon,,23.9481,90.6085,Bangladesh,BD,BGD,Dhaka,Dhaka,BD-C,division,,2111.9,,,2,Asia/Dhaka,FALSE,1050530179
Uttargaon,Uttargaon,,23.5276,90.3591,Bangladesh,BD,BGD,Dhaka,Dhaka,BD-C,district,,1576.4,,,3,Asia/Dhaka,TRUE,1050028992
Uttargaon,Uttargaon,,23.5833,91.1667,Bangladesh,BD,BGD,Chattogram,Chattogram,BD-B,division,,1960.6,,,3,Asia/Dhaka,FALSE,1050224106
Tepura,Tepura,,22.1035,90.3202,Bangladesh,BD,BGD,Khulna,Khulna,BD-D,division,,515.2,,,3,Asia/Dhaka,FALSE,1050145950
Borta,Borta,,24.8123,89.2532,Bangladesh,BD,BGD,Rājshāhi,Rajshahi,BD-E,division,,1023.1,,,3,Asia/Dhaka,FALSE,1050864138
Rāthura,Rathura,,23.8783,90.5104,Bangladesh,BD,BGD,Dhaka,Dhaka,BD-C,district,,2849.6,,,2,Asia/Dhaka,FALSE,1050412473
Rāthura,Rathura,,23.9603,89.9313,Bangladesh,BD,BGD,Dhaka,Dhaka,BD-C,division,,993.5,,,3,Asia/Dhaka,TRUE,1050646844
Subhāpur,Subhapur,,23.4667,91.2000,Bangladesh,BD,BGD,Chattogram,Chattogram,BD-B,division,,5191.5,,,2,Asia/Dhaka,FALSE,1050305779
Subhapur,Subhapur,,22.9667,91.5333,Bangladesh,BD,BGD,Chattogram,Chattogram,BD-B,division,,1527.4,,,3,Asia/Dhaka,TRUE,1050777070
Mallai,Mallai,,25.1513,88.7180,Bangladesh,BD,BGD,Rājshāhi,Rajshahi,BD-E,division,,624.4,,,3,Asia/Dhaka,FALSE,1050636649
Dutkura,Dutkura,,22.9792,89.7248,Bangladesh,BD,BGD,Khulna,Khulna,BD-D,division,,815.8,,,3,Asia/Dhaka,FALSE,1050118546
Teragharia,Teragharia,,23.8393,88.6095,Bangladesh,BD,BGD,Khulna,Khulna,BD-D,division,,1028.1,,,3,Asia/Dhaka,FALSE,1050031450
Sabrang,Sabrang,,20.8338,92.3070,Bangladesh,BD,BGD,Chattogram,Chattogram,BD-B,division,,1051.4,,,3,Asia/Dhaka,FALSE,1050057600
Bāghādāria Dāk,Baghadaria Dak,,24.5985,90.5073,Bangladesh,BD,BGD,Mymensingh,Mymensingh,BD-H,division,,1404.8,,,3,Asia/Dhaka,FALSE,1050977633
Bishnurāmpur,Bishnurampur,,24.5586,90.2106,Bangladesh,BD,BGD,Mymensingh,Mymensingh,BD-H,division,,1245.7,,,3,Asia/Dhaka,FALSE,1050448978
Nhaikhongkhāli,Nhaikhongkhali,,21.0306,92.2335,Bangladesh,BD,BGD,Chattogram,Chattogram,BD-B,division,,1051.4,,,3,Asia/Dhaka,FALSE,1050940594
Farabāri,Farabari,,26.1148,88.4541,Bangladesh,BD,BGD,Rangpur,Rangpur,BD-F,division,,1002.4,,,3,Asia/Dhaka,FALSE,1050223246
Joyrampur,Joyrampur,,23.7522,89.6857,Bangladesh,BD,BGD,Dhaka,Dhaka,BD-C,division,,1389.6,,,3,Asia/Dhaka,FALSE,1050065936
Nalchira,Nalchira,,24.6280,90.4578,Bangladesh,BD,BGD,Mymensingh,Mymensingh,BD-H,division,,1404.8,,,3,Asia/Dhaka,FALSE,1050859378
Nalchira,Nalchira,,24.4237,90.6170,Bangladesh,BD,BGD,Mymensingh,Mymensingh,BD-H,division,,1235.1,,,3,Asia/Dhaka,TRUE,1050587129
Chhota Daulatpur,Chhota Daulatpur,Chhota Dādpur|Chhotodadpur,24.8695,88.4037,Bangladesh,BD,BGD,Rājshāhi,Rajshahi,BD-E,division,,1008.6,,,3,Asia/Dhaka,FALSE,1050093844
Panchpur,Panchpur,,25.9377,88.2480,Bangladesh,BD,BGD,Rangpur,Rangpur,BD-F,division,,800.2,,,3,Asia/Dhaka,FALSE,1050841175
Uttampur,Uttampur,,22.5412,90.1733,Bangladesh,BD,BGD,Barishal,Barishal,BD-A,division,,957.8,,,3,Asia/Dhaka,FALSE,1050343435
Nalchira,Nalchira,,22.9498,90.2885,Bangladesh,BD,BGD,Barishal,Barishal,BD-A,division,,1222.5,,,3,Asia/Dhaka,FALSE,1050140753
Padmahar,Padmahar,,25.3280,89.2863,Bangladesh,BD,BGD,Rangpur,Rangpur,BD-F,division,,1009.2,,,3,Asia/Dhaka,FALSE,1050481935
Nilakhi,Nilakhi,,24.2246,90.8652,Bangladesh,BD,BGD,Dhaka,Dhaka,BD-C,division,,1643.4,,,3,Asia/Dhaka,FALSE,1050678311
Bara Āchra,Bara Achra,,23.0331,88.8855,Bangladesh,BD,BGD,Khulna,Khulna,BD-D,division,,1137.9,,,3,Asia/Dhaka,FALSE,1050070425
Cheriāra,Cheriara,,23.1850,90.9214,Bangladesh,BD,BGD,Chattogram,Chattogram,BD-B,division,,1283.7,,,3,Asia/Dhaka,FALSE,1050002399
Chandraghona,Chandraghona,Chandraghona Kadamtali,22.4833,92.1333,Bangladesh,BD,BGD,Chattogram,Chattogram,BD-B,division,,108.6,,,4,Asia/Dhaka,FALSE,1050369766
Feduār Ābād,Feduar Abad,,22.5148,89.2803,Bangladesh,BD,BGD,Khulna,Khulna,BD-D,division,,1051.0,,,3,Asia/Dhaka,FALSE,1050281694
Usiārkāndi,Usiarkandi,,22.9990,90.8936,Bangladesh,BD,BGD,Chattogram,Chattogram,BD-B,division,,1633.2,,,3,Asia/Dhaka,FALSE,1050339112
Ātbāri Ālamdi,Atbari Alamdi,,23.7100,90.6164,Bangladesh,BD,BGD,Dhaka,Dhaka,BD-C,district,,3456.4,,,2,Asia/Dhaka,FALSE,1050711694
Bīl Kalyā,Bil Kalya,Bil Kalyān,24.4461,90.0849,Bangladesh,BD,BGD,Dhaka,Dhaka,BD-C,division,,998.9,,,3,Asia/Dhaka,FALSE,1050623624
Dās Māria,Das Maria,,24.4244,88.8740,Bangladesh,BD,BGD,Rājshāhi,Rajshahi,BD-E,division,,1179.5,,,3,Asia/Dhaka,FALSE,1050858176
Hāmānkardi,Hamankardi,,23.2460,90.7117,Bangladesh,BD,BGD,Chattogram,Chattogram,BD-B,division,,2669.4,,,2,Asia/Dhaka,FALSE,1050231992
Jnāndia,Jnandia,Janandia,23.6207,89.7977,Bangladesh,BD,BGD,Dhaka,Dhaka,BD-C,district,,1527.5,,,3,Asia/Dhaka,FALSE,1050590712
Bilsaran,Bilsaran,,24.0616,90.7602,Bangladesh,BD,BGD,Dhaka,Dhaka,BD-C,division,,1548.1,,,3,Asia/Dhaka,FALSE,1050544927
Shashāra,Shashara,,25.5965,88.6891,Bangladesh,BD,BGD,Rangpur,Rangpur,BD-F,division,,1506.6,,,3,Asia/Dhaka,FALSE,1050893750
Porār Chak,Porar Chak,,23.5295,90.6625,Bangladesh,BD,BGD,Dhaka,Dhaka,BD-C,district,,1544.0,,,3,Asia/Dhaka,FALSE,1050552541
Sibpāsa,Sibpasa,,22.7341,90.2912,Bangladesh,BD,BGD,Barishal,Barishal,BD-A,division,,1683.5,,,3,Asia/Dhaka,FALSE,1050757757
Bhayāng,Bhayang,,22.2555,90.2059,Bangladesh,BD,BGD,Barishal,Barishal,BD-A,division,,863.8,,,3,Asia/Dhaka,FALSE,1050464141
Sibpāsa,Sibpasa,,24.6413,90.9390,Bangladesh,BD,BGD,Mymensingh,Mymensingh,BD-H,division,,725.2,,,3,Asia/Dhaka,FALSE,1050392985
Bagua Anantapur,Bagua Anantapur,Bugwah,25.7006,89.7008,Bangladesh,BD,BGD,Rangpur,Rangpur,BD-F,division,,1090.9,,,3,Asia/Dhaka,FALSE,1050145061
Dhangar Char,Dhangar Char,,22.2885,91.8110,Bangladesh,BD,BGD,Chattogram,Chattogram,BD-B,division,,5264.9,,,2,Asia/Dhaka,FALSE,1050028771
Tukttakhāli,Tukttakhali,,22.4163,90.3129,Bangladesh,BD,BGD,Khulna,Khulna,BD-D,division,,1013.4,,,3,Asia/Dhaka,FALSE,1050368254
Balai,Balai,,23.5108,90.4356,Bangladesh,BD,BGD,Dhaka,Dhaka,BD-C,district,,2022.9,,,2,Asia/Dhaka,FALSE,1050723320
Legirpāra,Legirpara,,20.8283,92.3066,Bangladesh,BD,BGD,Chattogram,Chattogram,BD-B,division,,1051.4,,,3,Asia/Dhaka,FALSE,1050762669
Pātuābhānga,Patuabhanga,,24.3122,90.7332,Bangladesh,BD,BGD,Dhaka,Dhaka,BD-C,division,,1592.8,,,3,Asia/Dhaka,FALSE,1050073447
Palli,Palli,,23.8638,90.2044,Bangladesh,BD,BGD,Dhaka,Dhaka,BD-C,division,,1878.1,,,3,Asia/Dhaka,FALSE,1050961836
Nākol,Nakol,,23.5555,89.4982,Bangladesh,BD,BGD,Khulna,Khulna,BD-D,division,,992.8,,,3,Asia/Dhaka,FALSE,1050697278
Char Barama,Char Barama,,22.1583,91.9808,Bangladesh,BD,BGD,Chattogram,Chattogram,BD-B,division,,1537.3,,,3,Asia/Dhaka,FALSE,1050793730
Hirnal,Hirnal,,23.8580,90.5234,Bangladesh,BD,BGD,Dhaka,Dhaka,BD-C,district,,2849.6,,,2,Asia/Dhaka,FALSE,1050798534
Dakshin Rādhakantapur,Dakshin Radhakantapur,Dakshin Radhakant,23.7500,89.8167,Bangladesh,BD,BGD,Dhaka,Dhaka,BD-C,district,,1047.2,,,3,Asia/Dhaka,FALSE,1050784328
Jagaliban,Jagaliban,,25.6956,89.4567,Bangladesh,BD,BGD,Rangpur,Rangpur,BD-F,division,,1278.8,,,3,Asia/Dhaka,FALSE,1050940394
Sārangal,Sarangal,,22.6625,90.1456,Bangladesh,BD,BGD,Barishal,Barishal,BD-A,division,,1125.9,,,3,Asia/Dhaka,FALSE,1050168812
Usmānpāra,Usmanpara,,25.1108,89.5130,Bangladesh,BD,BGD,Rājshāhi,Rajshahi,BD-E,division,,1348.5,,,3,Asia/Dhaka,FALSE,1050605623
Piori,Piori,,24.2354,90.9432,Bangladesh,BD,BGD,Dhaka,Dhaka,BD-C,district,,1643.4,,,3,Asia/Dhaka,FALSE,1050869471
Bāluākhāli,Baluakhali,,24.8877,90.7382,Bangladesh,BD,BGD,Mymensingh,Mymensingh,BD-H,division,,1313.3,,,3,Asia/Dhaka,FALSE,1050421614
South Ampāl,South Ampal,North Āmpāl,23.5837,90.8878,Bangladesh,BD,BGD,Chattogram,Chattogram,BD-B,division,,1697.1,,,3,Asia/Dhaka,FALSE,1050194740
Chuk Bandabil,Chuk Bandabil,,23.7578,88.9237,Bangladesh,BD,BGD,Khulna,Khulna,BD-D,division,,1119.0,,,3,Asia/Dhaka,FALSE,1050676092
Bāchārigrām,Bacharigram,Bāchārigaon,24.8683,88.9012,Bangladesh,BD,BGD,Rājshāhi,Rajshahi,BD-E,division,,1562.8,,,3,Asia/Dhaka,FALSE,1050338978
Ichhāil,Ichhail,Ichail,23.5141,89.8199,Bangladesh,BD,BGD,Dhaka,Dhaka,BD-C,district,,1518.1,,,3,Asia/Dhaka,FALSE,1050017274
Ichhāil,Ichhail,,23.7691,89.8697,Bangladesh,BD,BGD,Dhaka,Dhaka,BD-C,division,,1037.2,,,3,Asia/Dhaka,TRUE,1050148487
Sāt Āni Sherpur,Sat Ani Sherpur,,25.8895,89.1425,Bangladesh,BD,BGD,Rangpur,Rangpur,BD-F,division,,1284.9,,,3,Asia/Dhaka,FALSE,1050390282
Bharia,Bharia,,25.0430,89.3753,Bangladesh,BD,BGD,Rājshāhi,Rajshahi,BD-E,division,,1355.6,,,3,Asia/Dhaka,FALSE,1050451743
Pāndul,Pandul,Pundul,25.7244,89.6004,Bangladesh,BD,BGD,Rangpur,Rangpur,BD-F,division,,1092.5,,,3,Asia/Dhaka,FALSE,1050369107
Potkapāra,Potkapara,,26.0174,89.2507,Bangladesh,BD,BGD,Rangpur,Rangpur,BD-F,division,,980.1,,,3,Asia/Dhaka,FALSE,1050240426
Pānchgātia,Panchgatia,,24.2982,90.7692,Bangladesh,BD,BGD,Dhaka,Dhaka,BD-C,division,,1582.7,,,3,Asia/Dhaka,FALSE,1050373888
Dakshin Balyadi,Dakshin Balyadi,,22.6667,91.6022,Bangladesh,BD,BGD,Chattogram,Chattogram,BD-B,division,,800.5,,,3,Asia/Dhaka,FALSE,1050947490
Bhatapara Arazi,Bhatapara Arazi,,24.3906,88.4284,Bangladesh,BD,BGD,Rājshāhi,Rajshahi,BD-E,division,,848.5,,,3,Asia/Dhaka,FALSE,1050008783
Bāsudebpur,Basudebpur,Basudepur,24.4747,88.9646,Bangladesh,BD,BGD,Rājshāhi,Rajshahi,BD-E,division,,1221.6,,,3,Asia/Dhaka,FALSE,1050685990
Bāsudebpur,Basudebpur,,24.4214,88.8816,Bangladesh,BD,BGD,Rājshāhi,Rajshahi,BD-E,division,,1179.5,,,3,Asia/Dhaka,TRUE,1050329989
Bāsudebpur,Basudebpur,,24.5372,88.3130,Bangladesh,BD,BGD,Rājshāhi,Rajshahi,BD-E,division,,858.0,,,3,Asia/Dhaka,TRUE,1050000408
Basudebpur,Basudebpur,,25.1959,88.8425,Bangladesh,BD,BGD,Rājshāhi,Rajshahi,BD-E,division,,624.4,,,3,Asia/Dhaka,TRUE,1050380830
Bāsudebpur,Basudebpur,,24.8483,88.5463,Bangladesh,BD,BGD,Rājshāhi,Rajshahi,BD-E,division,,599.9,,,3,Asia/Dhaka,TRUE,1050279596
Kharkharia,Kharkharia,,23.7104,89.4582,Bangladesh,BD,BGD,Dhaka,Dhaka,BD-C,division,,917.8,,,3,Asia/Dhaka,FALSE,1050412246
Kharkharia,Kharkharia,,25.5500,89.6667,Bangladesh,BD,BGD,Rangpur,Rangpur,BD-F,division,,1729.2,,,3,Asia/Dhaka,FALSE,1050768260
Palushbari,Palushbari,,25.6168,88.9510,Bangladesh,BD,BGD,Rangpur,Rangpur,BD-F,division,,938.9,,,3,Asia/Dhaka,FALSE,1050654217
Mādārdaha,Madardaha,,25.1406,89.4552,Bangladesh,BD,BGD,Rājshāhi,Rajshahi,BD-E,division,,1204.1,,,3,Asia/Dhaka,FALSE,1050907879
Keuth,Keuth,Keut,24.8855,89.0992,Bangladesh,BD,BGD,Rājshāhi,Rajshahi,BD-E,division,,1197.7,,,3,Asia/Dhaka,FALSE,1050410602
Kharkharia,Kharkharia,,24.8661,90.0412,Bangladesh,BD,BGD,Mymensingh,Mymensingh,BD-H,division,,1260.8,,,3,Asia/Dhaka,FALSE,1050180712
Khastabak,Khastabak,,22.1705,90.0015,Bangladesh,BD,BGD,Barishal,Barishal,BD-A,division,,697.4,,,3,Asia/Dhaka,FALSE,1050305728
Goālmānda,Goalmanda,,24.7051,88.7411,Bangladesh,BD,BGD,Rājshāhi,Rajshahi,BD-E,division,,1004.9,,,3,Asia/Dhaka,FALSE,1050500687
Putimari,Putimari,,25.5926,89.6846,Bangladesh,BD,BGD,Rangpur,Rangpur,BD-F,division,,1729.2,,,3,Asia/Dhaka,FALSE,1050062401
Putimāri,Putimari,,25.8904,89.1304,Bangladesh,BD,BGD,Rangpur,Rangpur,BD-F,division,,1720.3,,,3,Asia/Dhaka,TRUE,1050383947
Putimari,Putimari,,25.2552,89.5075,Bangladesh,BD,BGD,Rangpur,Rangpur,BD-F,division,,1443.0,,,3,Asia/Dhaka,TRUE,1050796703
Putimāri,Putimari,,25.9202,89.0003,Bangladesh,BD,BGD,Rangpur,Rangpur,BD-F,division,,1155.2,,,3,Asia/Dhaka,TRUE,1050406758
Putimari,Putimari,,25.6169,89.0834,Bangladesh,BD,BGD,Rangpur,Rangpur,BD-F,division,,1056.1,,,3,Asia/Dhaka,TRUE,1050985661