city,city_ascii,city_alt,lat,lng,country,iso2,iso3,admin_name,admin_name_ascii,admin_code,admin_type,capital,density,population,population_proper,ranking,timezone,same_name,id
Wān Hsonhkun,Wan Hsonhkun,,21.7436,98.1261,Burma,MM,MMR,Shan State,Shan State,MM-17,state,,16.4,,,4,Asia/Yangon,FALSE,1104493829
Nyaung Kone,Nyaung Kone,,19.9487,96.2217,Burma,MM,MMR,Nay Pyi Taw,Nay Pyi Taw,MM-18,union territory,,190.5,,,4,Asia/Yangon,FALSE,1104008309
Nyaung Kone,Nyaung Kone,,19.6956,96.1511,Burma,MM,MMR,Nay Pyi Taw,Nay Pyi Taw,MM-18,union territory,,69.1,,,4,Asia/Yangon,TRUE,1104008310
Nyaung Kone,Nyaung Kone,,19.6389,96.1613,Burma,MM,MMR,Nay Pyi Taw,Nay Pyi Taw,MM-18,union territory,,52.5,,,4,Asia/Yangon,TRUE,1104008311
Nyaung Kone,Nyaung Kone,,20.1143,96.1518,Burma,MM,MMR,Nay Pyi Taw,Nay Pyi Taw,MM-18,union territory,,45.3,,,4,Asia/Yangon,TRUE,1104008313
Wān Hwè-law,Wan Hwe-law,,20.8649,100.1056,Burma,MM,MMR,Shan State,Shan State,MM-17,state,,22.7,,,4,Asia/Yangon,FALSE,1104402211
Na-ya-wai,Na-ya-wai,Naya-wa,22.7658,97.4882,Burma,MM,MMR,Shan State,Shan State,MM-17,state,,35.8,,,4,Asia/Yangon,FALSE,1104050103
Nyaung Kone,Nyaung Kone,Nyaunggon,16.2132,97.7280,Burma,MM,MMR,Mon State,Mon State,MM-15,state,,224.3,,,3,Asia/Yangon,FALSE,1104730928
Nyaung Kone,Nyaung Kone,Nyaunggon,16.2910,97.9281,Burma,MM,MMR,Mon State,Mon State,MM-15,state,,129.2,,,4,Asia/Yangon,TRUE,1104354822
Wãn Longkyawng,Wan Longkyawng,Mawlek,20.6755,97.9867,Burma,MM,MMR,Shan State,Shan State,MM-17,state,,14.1,,,4,Asia/Yangon,FALSE,1104204804
Pang-kwai-htai,Pang-kwai-htai,,22.9170,97.6605,Burma,MM,MMR,Shan State,Shan State,MM-17,state,,89.9,,,4,Asia/Yangon,FALSE,1104539877
Hli Yone,Hli Yone,,21.5158,93.9964,Burma,MM,MMR,Chin State,Chin State,MM-14,state,,12.8,,,4,Asia/Yangon,FALSE,1104003307
Nyaung Kone,Nyaung Kone,,25.3663,96.8948,Burma,MM,MMR,Kachin State,Kachin State,MM-11,state,,44.0,,,4,Asia/Yangon,FALSE,1104008315
Nyaung Kone,Nyaung Kone,,24.8225,96.3979,Burma,MM,MMR,Kachin State,Kachin State,MM-11,state,,32.1,,,4,Asia/Yangon,TRUE,1104008314
Makkeng,Makkeng,,20.9729,97.9691,Burma,MM,MMR,Shan State,Shan State,MM-17,state,,16.7,,,4,Asia/Yangon,FALSE,1104432545
Makkeng,Makkeng,,20.6448,97.9050,Burma,MM,MMR,Shan State,Shan State,MM-17,state,,14.1,,,4,Asia/Yangon,TRUE,1104051813
Makkeng,Makkeng,,20.3378,98.3541,Burma,MM,MMR,Shan State,Shan State,MM-17,state,,11.1,,,4,Asia/Yangon,TRUE,1104639545
Yae Kyaw Ka Lay,Yae Kyaw Ka Lay,,16.7201,97.5804,Burma,MM,MMR,Kayin State,Kayin State,MM-13,state,,144.4,,,4,Asia/Yangon,FALSE,1104008075
Maw Ku,Maw Ku,,16.7105,97.7944,Burma,MM,MMR,Kayin State,Kayin State,MM-13,state,,144.4,,,4,Asia/Yangon,FALSE,1104009055
Kya Ti Yang,Kya Ti Yang,,26.3940,97.8053,Burma,MM,MMR,Kachin State,Kachin State,MM-11,state,,0.6,,,5,Asia/Yangon,FALSE,1104008754
Nā-hsawm,Na-hsawm,,22.3209,97.1298,Burma,MM,MMR,Shan State,Shan State,MM-17,state,,61.0,,,4,Asia/Yangon,FALSE,1104425881
Letpadansu,Letpadansu,Letpadanzu,17.2156,96.0331,Burma,MM,MMR,Yangon,Yangon,MM-06,region,,579.7,,,3,Asia/Yangon,FALSE,1104755672
Wan Teung,Wan Teung,,21.7293,97.3250,Burma,MM,MMR,Shan State,Shan State,MM-17,state,,21.0,,,4,Asia/Yangon,FALSE,1104653771
Tonhpulap,Tonhpulap,,27.2391,98.4203,Burma,MM,MMR,Kachin State,Kachin State,MM-11,state,,2.4,,,5,Asia/Yangon,FALSE,1104202877
Hpar Lin Kayin,Hpar Lin Kayin,,16.7518,97.6105,Burma,MM,MMR,Kayin State,Kayin State,MM-13,state,,144.4,,,4,Asia/Yangon,FALSE,1104008688
Mān Nam-yok,Man Nam-yok,,23.2782,98.6522,Burma,MM,MMR,Shan State,Shan State,MM-17,state,,53.4,,,4,Asia/Yangon,FALSE,1104717043
Wān Namnawtau,Wan Namnawtau,,21.0682,100.2143,Burma,MM,MMR,Shan State,Shan State,MM-17,state,,16.9,,,4,Asia/Yangon,FALSE,1104627311
Alegyun,Alegyun,,20.6167,94.4594,Burma,MM,MMR,Magway,Magway,MM-03,region,,94.2,,,4,Asia/Yangon,FALSE,1104371168
Mān Loi-hpwe,Man Loi-hpwe,,22.6389,98.5331,Burma,MM,MMR,Shan State,Shan State,MM-17,state,,38.2,,,4,Asia/Yangon,FALSE,1104352462
Wān Kongman,Wan Kongman,,20.5651,98.1838,Burma,MM,MMR,Shan State,Shan State,MM-17,state,,14.1,,,4,Asia/Yangon,FALSE,1104000362
Ta Loke Kone,Ta Loke Kone,,17.0919,96.3249,Burma,MM,MMR,Yangon,Yangon,MM-06,region,,200.9,,,3,Asia/Yangon,FALSE,1104006377
Hpunre,Hpunre,,25.7076,97.8051,Burma,MM,MMR,Kachin State,Kachin State,MM-11,state,,0.4,,,5,Asia/Yangon,FALSE,1104962445
Wekyaik,Wekyaik,,15.5879,97.7759,Burma,MM,MMR,Mon State,Mon State,MM-15,state,,90.4,,,4,Asia/Yangon,FALSE,1104212684
Hnit Kayin,Hnit Kayin,Hnitkarin,15.5694,97.7804,Burma,MM,MMR,Mon State,Mon State,MM-15,state,,90.4,,,4,Asia/Yangon,FALSE,1104200352
Katibaw,Katibaw,,17.8428,97.5363,Burma,MM,MMR,Kayin State,Kayin State,MM-13,state,,14.8,,,4,Asia/Yangon,FALSE,1104323740
Mingalagyi,Mingalagyi,Pyinbyu,20.9001,92.3286,Burma,MM,MMR,Rakhine State,Rakhine State,MM-16,state,,24.2,,,4,Asia/Yangon,FALSE,1104276730
Hput Let To,Hput Let To,,14.1059,98.4993,Burma,MM,MMR,Tanintharyi,Tanintharyi,MM-05,region,,10.4,,,4,Asia/Yangon,FALSE,1104001676
Sabagyidan,Sabagyidan,Sabadyigan,20.0638,94.5269,Burma,MM,MMR,Magway,Magway,MM-03,region,,81.5,,,4,Asia/Yangon,FALSE,1104414868
Konsan,Konsan,,22.8523,96.5155,Burma,MM,MMR,Mandalay,Mandalay,MM-04,region,,130.3,,,4,Asia/Yangon,FALSE,1104476238
Kyenpalawn,Kyenpalawn,,27.3389,97.1898,Burma,MM,MMR,Kachin State,Kachin State,MM-11,state,,10.9,,,4,Asia/Yangon,FALSE,1104493471
Mayanbe,Mayanbe,,16.6748,96.6571,Burma,MM,MMR,Yangon,Yangon,MM-06,region,,156.8,,,4,Asia/Yangon,FALSE,1104275784
Ywabein Auk,Ywabein Auk,,19.4478,96.5797,Burma,MM,MMR,Mandalay,Mandalay,MM-04,region,,34.9,,,4,Asia/Yangon,FALSE,1104910132
Galayāng,Galayang,,26.3507,97.1168,Burma,MM,MMR,Kachin State,Kachin State,MM-11,state,,7.0,,,5,Asia/Yangon,FALSE,1104050172
Lo Po Na Yaung Lar,Lo Po Na Yaung Lar,,19.5751,96.9516,Burma,MM,MMR,Kayah State,Kayah State,MM-12,state,,64.6,,,4,Asia/Yangon,FALSE,1104004325
Htamurām,Htamuram,,26.8320,98.5573,Burma,MM,MMR,Kachin State,Kachin State,MM-11,state,,2.4,,,5,Asia/Yangon,FALSE,1104275322
Wān Mak-ka,Wan Mak-ka,,21.0873,98.9611,Burma,MM,MMR,Shan State,Shan State,MM-17,state,,12.1,,,4,Asia/Yangon,FALSE,1104480989
Wān Mak-ka,Wan Mak-ka,,21.2281,99.0558,Burma,MM,MMR,Shan State,Shan State,MM-17,state,,12.1,,,4,Asia/Yangon,TRUE,1104189015
Nam-ku,Nam-ku,,22.6918,97.6055,Burma,MM,MMR,Shan State,Shan State,MM-17,state,,89.9,,,4,Asia/Yangon,FALSE,1104006763
Onmakwe,Onmakwe,,22.9749,96.9038,Burma,MM,MMR,Shan State,Shan State,MM-17,state,,25.0,,,4,Asia/Yangon,FALSE,1104046892
Mèsè Auk,Mese Auk,,18.6066,97.6948,Burma,MM,MMR,Kayah State,Kayah State,MM-12,state,,2.5,,,5,Asia/Yangon,FALSE,1104088986
Moksogyaungywa,Moksogyaungywa,Moksogyaung,20.6383,92.7147,Burma,MM,MMR,Rakhine State,Rakhine State,MM-16,state,,112.4,,,4,Asia/Yangon,FALSE,1104997772
Tilawthu,Tilawthu,Lway-ka-hti,19.5641,96.9945,Burma,MM,MMR,Kayah State,Kayah State,MM-12,state,,64.6,,,4,Asia/Yangon,FALSE,1104835829
Sawnghka,Sawnghka,,25.1434,96.6177,Burma,MM,MMR,Kachin State,Kachin State,MM-11,state,,44.0,,,4,Asia/Yangon,FALSE,1104120089
Gamonzu,Gamonzu,,17.5511,95.6478,Burma,MM,MMR,Ayeyarwady,Ayeyarwady,MM-07,region,,274.2,,,3,Asia/Yangon,FALSE,1104506088
Sinbyudin,Sinbyudin,,20.4392,93.1934,Burma,MM,MMR,Rakhine State,Rakhine State,MM-16,state,,131.9,,,4,Asia/Yangon,FALSE,1104432978
Kan Pon Mar Tan,Kan Pon Mar Tan,,10.5468,98.4858,Burma,MM,MMR,Tanintharyi,Tanintharyi,MM-05,region,,82.9,,,4,Asia/Yangon,FALSE,1104003875
Nawngmu,Nawngmu,,20.0023,97.2269,Burma,MM,MMR,Shan State,Shan State,MM-17,state,,77.7,,,4,Asia/Yangon,FALSE,1104114486
Singyaung,Singyaung,,20.8834,96.8591,Burma,MM,MMR,Shan State,Shan State,MM-17,state,,339.9,,,3,Asia/Yangon,FALSE,1104791936
Kupo,Kupo,,18.0436,97.5736,Burma,MM,MMR,Kayin State,Kayin State,MM-13,state,,2.6,,,5,Asia/Yangon,FALSE,1104795397
Thanwara,Thanwara,,19.1308,93.7624,Burma,MM,MMR,Rakhine State,Rakhine State,MM-16,state,,71.4,,,4,Asia/Yangon,FALSE,1104259028
Mètala,Metala,,16.2159,98.2000,Burma,MM,MMR,Kayin State,Kayin State,MM-13,state,,60.5,,,4,Asia/Yangon,FALSE,1104992955
Saing Gaung Yoe,Saing Gaung Yoe,,19.6700,96.2359,Burma,MM,MMR,Nay Pyi Taw,Nay Pyi Taw,MM-18,union territory,,52.5,,,4,Asia/Yangon,FALSE,1104006705
Shanzugyigon,Shanzugyigon,,17.3544,96.4600,Burma,MM,MMR,Bago,Bago,MM-02,region,,162.5,,,4,Asia/Yangon,FALSE,1104533723
Kawt Kaw,Kawt Kaw,,16.8073,98.3611,Burma,MM,MMR,Kayin State,Kayin State,MM-13,state,,98.3,,,4,Asia/Yangon,FALSE,1104006542
Mayanbin,Mayanbin,,20.2306,93.5682,Burma,MM,MMR,Rakhine State,Rakhine State,MM-16,state,,59.2,,,4,Asia/Yangon,FALSE,1104184447
Kandi,Kandi,,19.8474,94.0159,Burma,MM,MMR,Rakhine State,Rakhine State,MM-16,state,,16.2,,,4,Asia/Yangon,FALSE,1104325185
Hlekaya,Hlekaya,,19.2336,95.4132,Burma,MM,MMR,Magway,Magway,MM-03,region,,80.2,,,4,Asia/Yangon,FALSE,1104104524
Daw Htè-ku,Daw Hte-ku,,19.7475,97.5653,Burma,MM,MMR,Shan State,Shan State,MM-17,state,,9.9,,,5,Asia/Yangon,FALSE,1104277583
Panglaw,Panglaw,,23.0360,98.2945,Burma,MM,MMR,Shan State,Shan State,MM-17,state,,89.9,,,4,Asia/Yangon,FALSE,1104912311
Pānglaw,Panglaw,,22.8272,97.9510,Burma,MM,MMR,Shan State,Shan State,MM-17,state,,89.9,,,4,Asia/Yangon,TRUE,1104477819
Pānglaw,Panglaw,,22.4467,97.0708,Burma,MM,MMR,Shan State,Shan State,MM-17,state,,61.0,,,4,Asia/Yangon,TRUE,1104109503
Pānglaw,Panglaw,,20.7358,97.8707,Burma,MM,MMR,Shan State,Shan State,MM-17,state,,40.0,,,4,Asia/Yangon,TRUE,1104424991
Pānglaw,Panglaw,,22.8804,97.3764,Burma,MM,MMR,Shan State,Shan State,MM-17,state,,32.5,,,4,Asia/Yangon,TRUE,1104431848
Panglaw,Panglaw,,21.8754,98.0297,Burma,MM,MMR,Shan State,Shan State,MM-17,state,,31.6,,,4,Asia/Yangon,TRUE,1104263148
Panglaw,Panglaw,,24.0625,98.4477,Burma,MM,MMR,Shan State,Shan State,MM-17,state,,30.7,,,4,Asia/Yangon,TRUE,1104033636
Panglaw,Panglaw,,21.4262,97.4634,Burma,MM,MMR,Shan State,Shan State,MM-17,state,,21.2,,,4,Asia/Yangon,TRUE,1104122173
Pānglaw,Panglaw,,20.3748,97.5960,Burma,MM,MMR,Shan State,Shan State,MM-17,state,,14.8,,,4,Asia/Yangon,TRUE,1104279393
Daw Htè-ku,Daw Hte-ku,,19.6924,97.5293,Burma,MM,MMR,Kayah State,Kayah State,MM-12,state,,3.0,,,5,Asia/Yangon,FALSE,1104114073
Mān Kawngsan,Man Kawngsan,,22.9625,97.9883,Burma,MM,MMR,Shan State,Shan State,MM-17,state,,89.9,,,4,Asia/Yangon,FALSE,1104448761
Kyauktaga,Kyauktaga,Kyautaga,17.4947,96.9776,Burma,MM,MMR,Mon State,Mon State,MM-15,state,,177.7,,,4,Asia/Yangon,FALSE,1104753471
Wān Namlap,Wan Namlap,Wān Namplap,21.9803,98.5271,Burma,MM,MMR,Shan State,Shan State,MM-17,state,,38.2,,,4,Asia/Yangon,FALSE,1104765690
Losalo,Losalo,,18.9340,96.8824,Burma,MM,MMR,Kayin State,Kayin State,MM-13,state,,11.2,,,4,Asia/Yangon,FALSE,1104079763
Ywamonggyi,Ywamonggyi,,21.5033,96.0940,Burma,MM,MMR,Mandalay,Mandalay,MM-04,region,,191.1,,,4,Asia/Yangon,FALSE,1104000580
Letyagyaung,Letyagyaung,,21.2897,92.3555,Burma,MM,MMR,Rakhine State,Rakhine State,MM-16,state,,24.2,,,4,Asia/Yangon,FALSE,1104395755
Tumhputyang,Tumhputyang,Ntapgahtawng,25.4406,96.8573,Burma,MM,MMR,Kachin State,Kachin State,MM-11,state,,44.0,,,4,Asia/Yangon,FALSE,1104190279
Thu Ye Zet,Thu Ye Zet,,22.2136,96.0610,Burma,MM,MMR,Mandalay,Mandalay,MM-04,region,,231.4,,,3,Asia/Yangon,FALSE,1104005249
Wān Ponghawng,Wan Ponghawng,,21.7119,97.9647,Burma,MM,MMR,Shan State,Shan State,MM-17,state,,16.4,,,4,Asia/Yangon,FALSE,1104867901
So La Hpe Khu,So La Hpe Khu,,19.6005,97.0655,Burma,MM,MMR,Kayah State,Kayah State,MM-12,state,,64.6,,,4,Asia/Yangon,FALSE,1104003042
Kyauk Lone Gyi,Kyauk Lone Gyi,Kyauklongyi,17.2107,97.0716,Burma,MM,MMR,Mon State,Mon State,MM-15,state,,76.6,,,4,Asia/Yangon,FALSE,1104556802
Kyauk Lone Gyi,Kyauk Lone Gyi,Kyauklongyi,17.4088,97.1993,Burma,MM,MMR,Mon State,Mon State,MM-15,state,,76.6,,,4,Asia/Yangon,TRUE,1104427482
Panmagaing,Panmagaing,,22.9292,96.4375,Burma,MM,MMR,Mandalay,Mandalay,MM-04,region,,130.3,,,4,Asia/Yangon,FALSE,1104457653
Kong Lüng,Kong Lung,,21.4781,97.3370,Burma,MM,MMR,Shan State,Shan State,MM-17,state,,21.0,,,4,Asia/Yangon,FALSE,1104940202
Wan Nar Kaw Pa Ti Taw,Wan Nar Kaw Pa Ti Taw,,12.1904,99.0783,Burma,MM,MMR,Tanintharyi,Tanintharyi,MM-05,region,,9.2,,,5,Asia/Yangon,FALSE,1104001680
Hkawknoi,Hkawknoi,,22.6409,98.3201,Burma,MM,MMR,Shan State,Shan State,MM-17,state,,38.2,,,4,Asia/Yangon,FALSE,1104474488
Htonkadin,Htonkadin,,24.3849,94.4733,Burma,MM,MMR,Sagaing,Sagaing,MM-01,region,,34.1,,,4,Asia/Yangon,FALSE,1104963995
Tabulein,Tabulein,,18.9667,96.2500,Burma,MM,MMR,Bago,Bago,MM-02,region,,145.3,,,4,Asia/Yangon,FALSE,1104045027
Ku Chaung Hpyar,Ku Chaung Hpyar,,21.6899,92.7011,Burma,MM,MMR,Chin State,Chin State,MM-14,state,,15.8,,,4,Asia/Yangon,FALSE,1104003255
Hanhwe-mu,Hanhwe-mu,,21.2439,97.6265,Burma,MM,MMR,Shan State,Shan State,MM-17,state,,21.4,,,4,Asia/Yangon,FALSE,1104656569
Kwilwe,Kwilwe,,17.2222,97.9982,Burma,MM,MMR,Kayin State,Kayin State,MM-13,state,,50.5,,,4,Asia/Yangon,FALSE,1104452293
Mān Nukwen,Man Nukwen,,22.5151,98.6655,Burma,MM,MMR,Shan State,Shan State,MM-17,state,,6.5,,,5,Asia/Yangon,FALSE,1104445447
Yae Nit,Yae Nit,,21.8781,92.8666,Burma,MM,MMR,Chin State,Chin State,MM-14,state,,15.8,,,4,Asia/Yangon,FALSE,1104001868
Makmongtawp,Makmongtawp,,20.8870,97.4712,Burma,MM,MMR,Shan State,Shan State,MM-17,state,,103.9,,,4,Asia/Yangon,FALSE,1104111014
Wān Loi-wengtampè,Wan Loi-wengtampe,,21.1710,99.4161,Burma,MM,MMR,Shan State,Shan State,MM-17,state,,46.4,,,4,Asia/Yangon,FALSE,1104880383
Mān Na-lin,Man Na-lin,,22.4492,98.3164,Burma,MM,MMR,Shan State,Shan State,MM-17,state,,38.2,,,4,Asia/Yangon,FALSE,1104088691
Bo Gyoke,Bo Gyoke,,16.7460,96.2413,Burma,MM,MMR,Yangon,Yangon,MM-06,region,,829.0,,,3,Asia/Yangon,FALSE,1104006581
Bualkuang,Bualkuang,,23.8333,93.9167,Burma,MM,MMR,Chin State,Chin State,MM-14,state,,7.9,,,5,Asia/Yangon,FALSE,1104000612
Wān Kio,Wan Kio,,20.6700,99.3144,Burma,MM,MMR,Shan State,Shan State,MM-17,state,,11.5,,,4,Asia/Yangon,FALSE,1104402353
Ma Zay Htu,Ma Zay Htu,,27.1386,98.4454,Burma,MM,MMR,Kachin State,Kachin State,MM-11,state,,2.4,,,5,Asia/Yangon,FALSE,1104006447
Sin Ma Kaw,Sin Ma Kaw,,16.6419,96.4988,Burma,MM,MMR,Yangon,Yangon,MM-06,region,,163.0,,,4,Asia/Yangon,FALSE,1104009298
Hnget Pyaw San,Hnget Pyaw San,,16.6483,95.9458,Burma,MM,MMR,Yangon,Yangon,MM-06,region,,350.6,,,3,Asia/Yangon,FALSE,1104007895
Kywelu,Kywelu,,21.8794,95.9400,Burma,MM,MMR,Sagaing,Sagaing,MM-01,region,,246.4,,,3,Asia/Yangon,FALSE,1104103772
Wān Hsai-möng,Wan Hsai-mong,,21.0463,98.6399,Burma,MM,MMR,Shan State,Shan State,MM-17,state,,24.1,,,4,Asia/Yangon,FALSE,1104659433
Hsonghka-lè,Hsonghka-le,,20.0827,98.6684,Burma,MM,MMR,Shan State,Shan State,MM-17,state,,25.0,,,4,Asia/Yangon,FALSE,1104725813
Namhsim,Namhsim,,20.6696,97.4644,Burma,MM,MMR,Shan State,Shan State,MM-17,state,,103.9,,,4,Asia/Yangon,FALSE,1104258541
Namhsim,Namhsim,,23.0021,98.0943,Burma,MM,MMR,Shan State,Shan State,MM-17,state,,89.9,,,4,Asia/Yangon,TRUE,1104929898
Namhsim,Namhsim,,22.7259,98.0709,Burma,MM,MMR,Shan State,Shan State,MM-17,state,,38.2,,,4,Asia/Yangon,TRUE,1104080566
Namhsim,Namhsim,,22.6656,98.3507,Burma,MM,MMR,Shan State,Shan State,MM-17,state,,38.2,,,4,Asia/Yangon,TRUE,1104837539
Namhsim,Namhsim,,22.5666,97.2218,Burma,MM,MMR,Shan State,Shan State,MM-17,state,,35.8,,,4,Asia/Yangon,TRUE,1104041384
Yae Ngan,Yae Ngan,,20.8534,95.5870,Burma,MM,MMR,Mandalay,Mandalay,MM-04,region,,235.1,,,3,Asia/Yangon,FALSE,1104002405
Yae Ngan,Yae Ngan,Yengan,20.5643,95.9791,Burma,MM,MMR,Mandalay,Mandalay,MM-04,region,,146.4,,,4,Asia/Yangon,TRUE,1104330542
Yae Ngan,Yae Ngan,,21.0205,95.3082,Burma,MM,MMR,Mandalay,Mandalay,MM-04,region,,123.4,,,4,Asia/Yangon,TRUE,1104002403
Yae Ngan,Yae Ngan,,20.8051,95.5005,Burma,MM,MMR,Mandalay,Mandalay,MM-04,region,,123.4,,,4,Asia/Yangon,TRUE,1104002404
Ka-hpi,Ka-hpi,,21.0231,97.4667,Burma,MM,MMR,Shan State,Shan State,MM-17,state,,98.1,,,4,Asia/Yangon,FALSE,1104353878
Ngakwe,Ngakwe,,20.9518,94.4276,Burma,MM,MMR,Magway,Magway,MM-03,region,,60.5,,,4,Asia/Yangon,FALSE,1104553847
Honampang,Honampang,,22.6333,99.2000,Burma,MM,MMR,Shan State,Shan State,MM-17,state,,72.5,,,4,Asia/Yangon,FALSE,1104632423
Nanponpôn,Nanponpon,,23.4718,96.6463,Burma,MM,MMR,Shan State,Shan State,MM-17,state,,10.1,,,4,Asia/Yangon,FALSE,1104739732
Myanmar Shin Ta Bi,Myanmar Shin Ta Bi,Shintabi,14.4834,98.1483,Burma,MM,MMR,Tanintharyi,Tanintharyi,MM-05,region,,12.7,,,4,Asia/Yangon,FALSE,1104506776
Pangmaileng,Pangmaileng,,21.4712,97.4781,Burma,MM,MMR,Shan State,Shan State,MM-17,state,,21.0,,,4,Asia/Yangon,FALSE,1104687036
Grinchaung,Grinchaung,,20.0722,92.9252,Burma,MM,MMR,Rakhine State,Rakhine State,MM-16,state,,134.9,,,4,Asia/Yangon,FALSE,1104454394
Mān-meng-kyeng,Man-meng-kyeng,,22.8176,97.7587,Burma,MM,MMR,Shan State,Shan State,MM-17,state,,89.9,,,4,Asia/Yangon,FALSE,1104902717
Thatkutpinle,Thatkutpinle,,22.2019,95.4883,Burma,MM,MMR,Sagaing,Sagaing,MM-01,region,,121.6,,,4,Asia/Yangon,FALSE,1104969224
Zadidaung,Zadidaung,Zedidaung,20.8608,92.5540,Burma,MM,MMR,Rakhine State,Rakhine State,MM-16,state,,21.2,,,4,Asia/Yangon,FALSE,1104067996
Ma-ukwin,Ma-ukwin,,19.5075,95.9958,Burma,MM,MMR,Nay Pyi Taw,Nay Pyi Taw,MM-18,union territory,,52.5,,,4,Asia/Yangon,FALSE,1104149671
Thitkauk,Thitkauk,,22.5472,94.4703,Burma,MM,MMR,Sagaing,Sagaing,MM-01,region,,39.2,,,4,Asia/Yangon,FALSE,1104190587
Ka Kaing Baw,Ka Kaing Baw,,17.6120,97.5411,Burma,MM,MMR,Kayin State,Kayin State,MM-13,state,,14.8,,,4,Asia/Yangon,FALSE,1104007902
Kin Mun Chon,Kin Mun Chon,Kinmungyon,17.0977,97.3016,Burma,MM,MMR,Mon State,Mon State,MM-15,state,,169.9,,,4,Asia/Yangon,FALSE,1104356627
Naungpu-in,Naungpu-in,,23.7937,95.1833,Burma,MM,MMR,Sagaing,Sagaing,MM-01,region,,33.1,,,4,Asia/Yangon,FALSE,1104629874
Sin Taung,Sin Taung,,19.6921,97.0744,Burma,MM,MMR,Kayah State,Kayah State,MM-12,state,,64.0,,,4,Asia/Yangon,FALSE,1104004369
Zitawbin,Zitawbin,,21.0940,94.6415,Burma,MM,MMR,Magway,Magway,MM-03,region,,60.5,,,4,Asia/Yangon,FALSE,1104473587
Thin Gan Kyun,Thin Gan Kyun,Thingangyun,15.3858,97.7858,Burma,MM,MMR,Mon State,Mon State,MM-15,state,,120.1,,,4,Asia/Yangon,FALSE,1104309639
Watalakhi,Watalakhi,Wadalaki,17.7064,97.1901,Burma,MM,MMR,Kayin State,Kayin State,MM-13,state,,2.6,,,5,Asia/Yangon,FALSE,1104984583
Dawbonzu,Dawbonzu,,16.8525,96.6155,Burma,MM,MMR,Yangon,Yangon,MM-06,region,,296.9,,,3,Asia/Yangon,FALSE,1104116735
Nepāli Khuti,Nepali Khuti,,24.4932,94.4854,Burma,MM,MMR,Sagaing,Sagaing,MM-01,region,,34.1,,,4,Asia/Yangon,FALSE,1104079434
Kangkya,Kangkya,,19.1605,97.4944,Burma,MM,MMR,Kayah State,Kayah State,MM-12,state,,3.7,,,5,Asia/Yangon,FALSE,1104711161
Maung Lone Chaung,Maung Lone Chaung,,16.9144,96.6427,Burma,MM,MMR,Yangon,Yangon,MM-06,region,,296.9,,,3,Asia/Yangon,FALSE,1104009146
Thayet,Thayet,,20.2517,93.0539,Burma,MM,MMR,Rakhine State,Rakhine State,MM-16,state,,134.9,,,4,Asia/Yangon,FALSE,1104065617
Mān Linlēng,Man Linleng,Man Lingleng,22.1892,98.6192,Burma,MM,MMR,Shan State,Shan State,MM-17,state,,4.6,,,5,Asia/Yangon,FALSE,1104410692
Molo Ywama,Molo Ywama,,23.3680,96.8771,Burma,MM,MMR,Shan State,Shan State,MM-17,state,,25.0,,,4,Asia/Yangon,FALSE,1104484645
Zee Hnit Pin,Zee Hnit Pin,,15.8040,97.8604,Burma,MM,MMR,Mon State,Mon State,MM-15,state,,144.5,,,4,Asia/Yangon,FALSE,1104003849
Wān Hsa-lö,Wan Hsa-lo,,21.8456,99.8061,Burma,MM,MMR,Shan State,Shan State,MM-17,state,,39.3,,,4,Asia/Yangon,FALSE,1104675674
Let Pan Hla,Let Pan Hla,,22.5560,96.0650,Burma,MM,MMR,Mandalay,Mandalay,MM-04,region,,101.0,,,4,Asia/Yangon,FALSE,1104005777
Tangtung,Tangtung,,26.0710,98.5854,Burma,MM,MMR,Kachin State,Kachin State,MM-11,state,,12.6,,,4,Asia/Yangon,FALSE,1104439472
Na-peng,Na-peng,,23.1849,98.4295,Burma,MM,MMR,Shan State,Shan State,MM-17,state,,60.0,,,4,Asia/Yangon,FALSE,1104523109
Baw Mar,Baw Mar,,22.9395,96.4121,Burma,MM,MMR,Mandalay,Mandalay,MM-04,region,,130.3,,,4,Asia/Yangon,FALSE,1104004677
Kyi-ingon,Kyi-ingon,,19.1231,96.4303,Burma,MM,MMR,Bago,Bago,MM-02,region,,145.3,,,4,Asia/Yangon,FALSE,1104831871
Wān Namting,Wan Namting,,22.0158,99.2885,Burma,MM,MMR,Shan State,Shan State,MM-17,state,,44.2,,,4,Asia/Yangon,FALSE,1104269084
Wān Hpya-hsa-li,Wan Hpya-hsa-li,Hpya-hsa-li,21.6624,100.9616,Burma,MM,MMR,Shan State,Shan State,MM-17,state,,21.9,,,4,Asia/Yangon,FALSE,1104216211
Pinngobin,Pinngobin,,24.1539,95.9056,Burma,MM,MMR,Sagaing,Sagaing,MM-01,region,,52.4,,,4,Asia/Yangon,FALSE,1104213905
Kyauksegôn,Kyauksegon,,23.7516,96.1453,Burma,MM,MMR,Sagaing,Sagaing,MM-01,region,,70.8,,,4,Asia/Yangon,FALSE,1104451404
Panhwè,Panhwe,,21.6215,98.4399,Burma,MM,MMR,Shan State,Shan State,MM-17,state,,32.5,,,4,Asia/Yangon,FALSE,1104878608
Wān Kawngkang,Wan Kawngkang,Wān Kawngrang,22.0241,99.0680,Burma,MM,MMR,Shan State,Shan State,MM-17,state,,44.2,,,4,Asia/Yangon,FALSE,1104976992
Rawnglaung,Rawnglaung,,21.6309,93.8004,Burma,MM,MMR,Chin State,Chin State,MM-14,state,,12.8,,,4,Asia/Yangon,FALSE,1104009433
Ngahlasan,Ngahlasan,,17.9348,95.8352,Burma,MM,MMR,Bago,Bago,MM-02,region,,172.7,,,4,Asia/Yangon,FALSE,1104392743
Taungbogwe,Taungbogwe,,20.8825,96.5777,Burma,MM,MMR,Shan State,Shan State,MM-17,state,,29.8,,,4,Asia/Yangon,FALSE,1104407317
Wān Loi-yai,Wan Loi-yai,Wān Loi-vai,21.9789,98.3361,Burma,MM,MMR,Shan State,Shan State,MM-17,state,,40.2,,,4,Asia/Yangon,FALSE,1104828512
Kongkyawngwānhkum,Kongkyawngwanhkum,,21.1324,97.6015,Burma,MM,MMR,Shan State,Shan State,MM-17,state,,92.5,,,4,Asia/Yangon,FALSE,1104613582
Punpi,Punpi,,23.7716,93.9511,Burma,MM,MMR,Chin State,Chin State,MM-14,state,,7.9,,,5,Asia/Yangon,FALSE,1104003248
Pyaswe,Pyaswe,,21.2265,95.9329,Burma,MM,MMR,Mandalay,Mandalay,MM-04,region,,151.8,,,4,Asia/Yangon,FALSE,1104771903
Payetkye,Payetkye,Payatkya,19.8273,95.4557,Burma,MM,MMR,Magway,Magway,MM-03,region,,118.0,,,4,Asia/Yangon,FALSE,1104793997
Kawtalôk,Kawtalok,,16.3972,97.6422,Burma,MM,MMR,Mon State,Mon State,MM-15,state,,1666.4,,,3,Asia/Yangon,FALSE,1104603576
Shwedi Tē,Shwedi Te,,18.8333,96.1833,Burma,MM,MMR,Bago,Bago,MM-02,region,,106.4,,,4,Asia/Yangon,FALSE,1104715806
Ma Ni Aw Ga,Ma Ni Aw Ga,,24.3223,96.6339,Burma,MM,MMR,Kachin State,Kachin State,MM-11,state,,69.8,,,4,Asia/Yangon,FALSE,1104009144
Myauk Kone,Myauk Kone,Myaukkon,21.0029,95.1873,Burma,MM,MMR,Mandalay,Mandalay,MM-04,region,,123.4,,,4,Asia/Yangon,FALSE,1104047748
Myauk Kone,Myauk Kone,,21.1545,95.6588,Burma,MM,MMR,Mandalay,Mandalay,MM-04,region,,114.6,,,4,Asia/Yangon,TRUE,1104004382
Myauk Kone,Myauk Kone,,21.2080,95.6498,Burma,MM,MMR,Mandalay,Mandalay,MM-04,region,,114.6,,,4,Asia/Yangon,TRUE,1104005882
Kwin 30,Kwin 30,,22.7747,96.0902,Burma,MM,MMR,Mandalay,Mandalay,MM-04,region,,64.9,,,4,Asia/Yangon,FALSE,1104004641
Maingmaw,Maingmaw,,25.2602,97.2774,Burma,MM,MMR,Kachin State,Kachin State,MM-11,state,,31.0,,,4,Asia/Yangon,FALSE,1104435502
Khan Nan,Khan Nan,,21.0835,93.9519,Burma,MM,MMR,Chin State,Chin State,MM-14,state,,8.4,,,5,Asia/Yangon,FALSE,1104001432
Ingyan,Ingyan,,19.9818,93.6886,Burma,MM,MMR,Rakhine State,Rakhine State,MM-16,state,,59.2,,,4,Asia/Yangon,FALSE,1104990388
Hwei-yok,Hwei-yok,,22.8982,97.7792,Burma,MM,MMR,Shan State,Shan State,MM-17,state,,89.9,,,4,Asia/Yangon,FALSE,1104102130
Chaung Zauk Yoe,Chaung Zauk Yoe,,20.7139,96.2237,Burma,MM,MMR,Mandalay,Mandalay,MM-04,region,,91.9,,,4,Asia/Yangon,FALSE,1104002671
Na-noi,Na-noi,,23.2479,98.0740,Burma,MM,MMR,Shan State,Shan State,MM-17,state,,40.7,,,4,Asia/Yangon,FALSE,1104518048
Na-noi,Na-noi,,21.9272,97.7011,Burma,MM,MMR,Shan State,Shan State,MM-17,state,,31.6,,,4,Asia/Yangon,TRUE,1104207286
Nā-noi,Na-noi,,21.9212,97.2143,Burma,MM,MMR,Shan State,Shan State,MM-17,state,,20.9,,,4,Asia/Yangon,TRUE,1104987296
Sa Par Thin,Sa Par Thin,Shawbin,20.9708,95.0028,Burma,MM,MMR,Mandalay,Mandalay,MM-04,region,,174.5,,,4,Asia/Yangon,FALSE,1104464794
Wah-net,Wah-net,,21.7712,96.2935,Burma,MM,MMR,Mandalay,Mandalay,MM-04,region,,118.6,,,4,Asia/Yangon,FALSE,1104789689
Bekhinta,Bekhinta,,17.9700,97.2929,Burma,MM,MMR,Kayin State,Kayin State,MM-13,state,,2.6,,,5,Asia/Yangon,FALSE,1104144162
Kyettapha,Kyettapha,,23.9232,95.3836,Burma,MM,MMR,Sagaing,Sagaing,MM-01,region,,33.1,,,4,Asia/Yangon,FALSE,1104025483
Yoku,Yoku,,25.7830,97.5273,Burma,MM,MMR,Kachin State,Kachin State,MM-11,state,,0.8,,,5,Asia/Yangon,FALSE,1104962602
Wān Yang-aw,Wan Yang-aw,,21.2473,99.3500,Burma,MM,MMR,Shan State,Shan State,MM-17,state,,46.4,,,4,Asia/Yangon,FALSE,1104995681
Phaizawng,Phaizawng,,22.2580,93.6069,Burma,MM,MMR,Chin State,Chin State,MM-14,state,,11.1,,,4,Asia/Yangon,FALSE,1104966701
Nam-lep,Nam-lep,,23.1167,99.3500,Burma,MM,MMR,Shan State,Shan State,MM-17,state,,68.4,,,4,Asia/Yangon,FALSE,1104734190
Kyontongale,Kyontongale,,17.0625,95.3587,Burma,MM,MMR,Ayeyarwady,Ayeyarwady,MM-07,region,,191.2,,,4,Asia/Yangon,FALSE,1104122312
Pū-lū-kū,Pu-lu-ku,,19.1210,97.3586,Burma,MM,MMR,Kayah State,Kayah State,MM-12,state,,13.4,,,4,Asia/Yangon,FALSE,1104458506
Lè Maing,Le Maing,,19.5438,97.1089,Burma,MM,MMR,Kayah State,Kayah State,MM-12,state,,64.6,,,4,Asia/Yangon,FALSE,1104002312
Me-hawng,Me-hawng,Mya-le,19.5750,97.0722,Burma,MM,MMR,Kayah State,Kayah State,MM-12,state,,64.6,,,4,Asia/Yangon,FALSE,1104244720
Maunggyihtaung,Maunggyihtaung,Mannggyidaung,20.9231,92.5336,Burma,MM,MMR,Rakhine State,Rakhine State,MM-16,state,,21.2,,,4,Asia/Yangon,FALSE,1104234173
Samātup,Samatup,,26.7559,98.0312,Burma,MM,MMR,Kachin State,Kachin State,MM-11,state,,2.4,,,5,Asia/Yangon,FALSE,1104786445
Leikhlut,Leikhlut,,18.3856,95.4263,Burma,MM,MMR,Bago,Bago,MM-02,region,,122.8,,,4,Asia/Yangon,FALSE,1104359666
Aint Gyi Lel,Aint Gyi Lel,,20.8331,95.7624,Burma,MM,MMR,Mandalay,Mandalay,MM-04,region,,235.1,,,3,Asia/Yangon,FALSE,1104002461
Thein Daw Hmaing Seik,Thein Daw Hmaing Seik,,12.3144,99.1398,Burma,MM,MMR,Tanintharyi,Tanintharyi,MM-05,region,,9.2,,,5,Asia/Yangon,FALSE,1104001817
Ponzogyi,Ponzogyi,,17.1709,95.1275,Burma,MM,MMR,Ayeyarwady,Ayeyarwady,MM-07,region,,216.1,,,3,Asia/Yangon,FALSE,1104928984
Tazingwin,Tazingwin,,16.5222,94.5980,Burma,MM,MMR,Ayeyarwady,Ayeyarwady,MM-07,region,,126.9,,,4,Asia/Yangon,FALSE,1104809921
Ponzogyi,Ponzogyi,,18.1534,95.7257,Burma,MM,MMR,Bago,Bago,MM-02,region,,114.8,,,4,Asia/Yangon,FALSE,1104191102
Pongyigon,Pongyigon,,16.4507,96.2199,Burma,MM,MMR,Yangon,Yangon,MM-06,region,,199.4,,,4,Asia/Yangon,FALSE,1104752233
Magyigyaing,Magyigyaing,,15.8707,94.4213,Burma,MM,MMR,Ayeyarwady,Ayeyarwady,MM-07,region,,129.4,,,4,Asia/Yangon,FALSE,1104369872
Hnanchaung,Hnanchaung,Hnangyaung,19.7996,94.2083,Burma,MM,MMR,Rakhine State,Rakhine State,MM-16,state,,16.2,,,4,Asia/Yangon,FALSE,1104764510
Hkaleng,Hkaleng,,24.0658,98.1122,Burma,MM,MMR,Shan State,Shan State,MM-17,state,,61.8,,,4,Asia/Yangon,FALSE,1104521755
Kankleun,Kankleun,,19.4876,96.8961,Burma,MM,MMR,Shan State,Shan State,MM-17,state,,55.5,,,4,Asia/Yangon,FALSE,1104468968
Sinlaung,Sinlaung,,24.0616,95.4502,Burma,MM,MMR,Sagaing,Sagaing,MM-01,region,,33.1,,,4,Asia/Yangon,FALSE,1104487916
Wān Ho-hpai,Wan Ho-hpai,,20.7716,100.1720,Burma,MM,MMR,Shan State,Shan State,MM-17,state,,29.9,,,4,Asia/Yangon,FALSE,1104532665
Wān Ho-hpai,Wan Ho-hpai,,21.6663,98.0430,Burma,MM,MMR,Shan State,Shan State,MM-17,state,,16.4,,,4,Asia/Yangon,TRUE,1104080419
Wān Ho-hpai,Wan Ho-hpai,,20.3082,98.3842,Burma,MM,MMR,Shan State,Shan State,MM-17,state,,11.1,,,4,Asia/Yangon,TRUE,1104935690
Wān Ho-hpai,Wan Ho-hpai,,20.1774,98.9443,Burma,MM,MMR,Shan State,Shan State,MM-17,state,,7.1,,,5,Asia/Yangon,TRUE,1104400441
Lindagya,Lindagya,,17.0330,94.8458,Burma,MM,MMR,Ayeyarwady,Ayeyarwady,MM-07,region,,80.6,,,4,Asia/Yangon,FALSE,1104874583
Mān Hpa,Man Hpa,,24.2162,97.2802,Burma,MM,MMR,Kachin State,Kachin State,MM-11,state,,89.5,,,4,Asia/Yangon,FALSE,1104781133
Pēdigôn,Pedigon,,16.1720,97.9493,Burma,MM,MMR,Kayin State,Kayin State,MM-13,state,,129.2,,,4,Asia/Yangon,FALSE,1104160378
Mān Hpa,Man Hpa,,23.2167,98.8167,Burma,MM,MMR,Shan State,Shan State,MM-17,state,,57.7,,,4,Asia/Yangon,FALSE,1104846615
Mān Hpa,Man Hpa,,23.9089,98.3190,Burma,MM,MMR,Shan State,Shan State,MM-17,state,,34.3,,,4,Asia/Yangon,TRUE,1104832346
Mān Hpa,Man Hpa,,23.3031,97.4273,Burma,MM,MMR,Shan State,Shan State,MM-17,state,,16.7,,,4,Asia/Yangon,TRUE,1104700540
Hpukchang,Hpukchang,,25.5022,97.9868,Burma,MM,MMR,Kachin State,Kachin State,MM-11,state,,12.7,,,4,Asia/Yangon,FALSE,1104321880
Wān Pānghi,Wan Panghi,,20.1978,97.9952,Burma,MM,MMR,Shan State,Shan State,MM-17,state,,14.1,,,4,Asia/Yangon,FALSE,1104433326
Wachet,Wachet,,21.9183,96.0012,Burma,MM,MMR,Mandalay,Mandalay,MM-04,region,,246.4,,,3,Asia/Yangon,FALSE,1104456001
Wān Siksa-li,Wan Siksa-li,,21.2431,98.9809,Burma,MM,MMR,Shan State,Shan State,MM-17,state,,12.1,,,4,Asia/Yangon,FALSE,1104234035
Myitta,Myitta,,14.1643,98.5206,Burma,MM,MMR,Tanintharyi,Tanintharyi,MM-05,region,,10.4,,,4,Asia/Yangon,FALSE,1104894495
Yebya,Yebya,,21.3210,96.7786,Burma,MM,MMR,Shan State,Shan State,MM-17,state,,51.6,,,4,Asia/Yangon,FALSE,1104669529
Kawwin,Kawwin,,17.4116,96.6502,Burma,MM,MMR,Bago,Bago,MM-02,region,,179.3,,,4,Asia/Yangon,FALSE,1104154921
Yae Za Loke,Yae Za Loke,,17.2499,97.2218,Burma,MM,MMR,Mon State,Mon State,MM-15,state,,76.6,,,4,Asia/Yangon,FALSE,1104002484
Kyawgaing,Kyawgaing,,19.2342,94.1338,Burma,MM,MMR,Rakhine State,Rakhine State,MM-16,state,,22.5,,,4,Asia/Yangon,FALSE,1104541796
Wān Hsuphsim,Wan Hsuphsim,Hsuphsim|Wān Hsophsim,20.7903,98.5178,Burma,MM,MMR,Shan State,Shan State,MM-17,state,,9.1,,,5,Asia/Yangon,FALSE,1104036579
Wān Hsuphsim,Wan Hsuphsim,,20.2694,98.8970,Burma,MM,MMR,Shan State,Shan State,MM-17,state,,7.1,,,5,Asia/Yangon,TRUE,1104571765
Tawng-ywa,Tawng-ywa,,24.7155,95.0757,Burma,MM,MMR,Sagaing,Sagaing,MM-01,region,,23.7,,,4,Asia/Yangon,FALSE,1104358564
Kwe-ngapyumyaung,Kwe-ngapyumyaung,Kwè-ngabyubyaung,19.7776,96.1126,Burma,MM,MMR,Nay Pyi Taw,Nay Pyi Taw,MM-18,union territory,,475.5,,,3,Asia/Yangon,FALSE,1104232865
Sitsigon,Sitsigon,,23.0470,95.3370,Burma,MM,MMR,Sagaing,Sagaing,MM-01,region,,87.2,,,4,Asia/Yangon,FALSE,1104038438
Pita,Pita,Pite,24.0318,97.3512,Burma,MM,MMR,Kachin State,Kachin State,MM-11,state,,17.4,,,4,Asia/Yangon,FALSE,1104316106
Mamo,Mamo,,16.2572,95.5683,Burma,MM,MMR,Ayeyarwady,Ayeyarwady,MM-07,region,,184.3,,,4,Asia/Yangon,FALSE,1104214819
Shwe Lin Pan,Shwe Lin Pan,,21.1466,95.3439,Burma,MM,MMR,Mandalay,Mandalay,MM-04,region,,150.0,,,4,Asia/Yangon,FALSE,1104003070
Lāchāng,Lachang,,24.5634,96.4562,Burma,MM,MMR,Kachin State,Kachin State,MM-11,state,,32.1,,,4,Asia/Yangon,FALSE,1104689939
Lachāng,Lachang,,25.8714,96.9563,Burma,MM,MMR,Kachin State,Kachin State,MM-11,state,,7.0,,,5,Asia/Yangon,TRUE,1104662944
Tu Chaung,Tu Chaung,,17.1886,95.7962,Burma,MM,MMR,Yangon,Yangon,MM-06,region,,244.0,,,3,Asia/Yangon,FALSE,1104007525
Pawlaw,Pawlaw,,23.2820,94.8390,Burma,MM,MMR,Sagaing,Sagaing,MM-01,region,,25.9,,,4,Asia/Yangon,FALSE,1104422370
Kyi Kone,Kyi Kone,,17.3367,95.9062,Burma,MM,MMR,Yangon,Yangon,MM-06,region,,177.9,,,4,Asia/Yangon,FALSE,1104009487
Mai-hsa-se,Mai-hsa-se,Mai-huā-sē,19.9060,97.6012,Burma,MM,MMR,Shan State,Shan State,MM-17,state,,14.8,,,4,Asia/Yangon,FALSE,1104473076
Kyi Kone,Kyi Kone,,21.9894,96.1601,Burma,MM,MMR,Mandalay,Mandalay,MM-04,region,,417.9,,,3,Asia/Yangon,FALSE,1104005918
Kyi Kone,Kyi Kone,,20.8771,95.7413,Burma,MM,MMR,Mandalay,Mandalay,MM-04,region,,235.1,,,3,Asia/Yangon,TRUE,1104001648
Kyi Kone,Kyi Kone,,20.7334,95.6551,Burma,MM,MMR,Mandalay,Mandalay,MM-04,region,,235.1,,,3,Asia/Yangon,TRUE,1104001650
Kyi Kone,Kyi Kone,,21.1272,95.3373,Burma,MM,MMR,Mandalay,Mandalay,MM-04,region,,150.0,,,4,Asia/Yangon,TRUE,1104001649
Kyi Kone,Kyi Kone,,20.7732,95.2283,Burma,MM,MMR,Mandalay,Mandalay,MM-04,region,,123.4,,,4,Asia/Yangon,TRUE,1104001651
Awlawngpang,Awlawngpang,,21.6773,93.8621,Burma,MM,MMR,Chin State,Chin State,MM-14,state,,12.8,,,4,Asia/Yangon,FALSE,1104842282
Mwinigon,Mwinigon,,21.0183,96.5411,Burma,MM,MMR,Shan State,Shan State,MM-17,state,,29.8,,,4,Asia/Yangon,FALSE,1104968221
Wān Mu-la-hsi,Wan Mu-la-hsi,Wan Mu-la-hai,20.9490,100.1330,Burma,MM,MMR,Shan State,Shan State,MM-17,state,,17.4,,,4,Asia/Yangon,FALSE,1104620816
Hklawpang,Hklawpang,,19.6918,97.0342,Burma,MM,MMR,Shan State,Shan State,MM-17,state,,55.3,,,4,Asia/Yangon,FALSE,1104075043
Kunhpe,Kunhpe,,17.8690,97.0451,Burma,MM,MMR,Bago,Bago,MM-02,region,,42.2,,,4,Asia/Yangon,FALSE,1104169913
Kaingzauk,Kaingzauk,,21.1363,95.5342,Burma,MM,MMR,Mandalay,Mandalay,MM-04,region,,114.7,,,4,Asia/Yangon,FALSE,1104334047
Ponsogyi,Ponsogyi,,18.8585,93.7173,Burma,MM,MMR,Rakhine State,Rakhine State,MM-16,state,,100.2,,,4,Asia/Yangon,FALSE,1104812207
Loi Hkam,Loi Hkam,,23.7454,97.2708,Burma,MM,MMR,Kachin State,Kachin State,MM-11,state,,17.4,,,4,Asia/Yangon,FALSE,1104008834
Har Hton Kone,Har Hton Kone,,21.4226,93.1180,Burma,MM,MMR,Chin State,Chin State,MM-14,state,,7.7,,,5,Asia/Yangon,FALSE,1104003478
Mān Se-kam,Man Se-kam,,23.6883,97.5584,Burma,MM,MMR,Shan State,Shan State,MM-17,state,,84.4,,,4,Asia/Yangon,FALSE,1104850699
Za Laung South,Za Laung South,,19.8014,96.0494,Burma,MM,MMR,Nay Pyi Taw,Nay Pyi Taw,MM-18,union territory,,38.4,,,4,Asia/Yangon,FALSE,1104008936
Kyaungdawya,Kyaungdawya,,20.3667,94.7662,Burma,MM,MMR,Magway,Magway,MM-03,region,,124.0,,,4,Asia/Yangon,FALSE,1104669257
Kyaungdawya,Kyaungdawya,,19.8520,95.3893,Burma,MM,MMR,Magway,Magway,MM-03,region,,118.0,,,4,Asia/Yangon,TRUE,1104933677
Sanmyaywa,Sanmyaywa,,21.0590,92.9155,Burma,MM,MMR,Rakhine State,Rakhine State,MM-16,state,,87.3,,,4,Asia/Yangon,FALSE,1104774016
Wān Yawn,Wan Yawn,,21.7319,99.6961,Burma,MM,MMR,Shan State,Shan State,MM-17,state,,38.9,,,4,Asia/Yangon,FALSE,1104526639
Wān Yawn,Wan Yawn,,21.6638,100.1522,Burma,MM,MMR,Shan State,Shan State,MM-17,state,,23.4,,,4,Asia/Yangon,TRUE,1104423605
Wayondaw,Wayondaw,,20.3335,96.0502,Burma,MM,MMR,Mandalay,Mandalay,MM-04,region,,110.9,,,4,Asia/Yangon,FALSE,1104689589
Nawnghe,Nawnghe,,20.9392,97.8265,Burma,MM,MMR,Shan State,Shan State,MM-17,state,,40.0,,,4,Asia/Yangon,FALSE,1104180108
Teinpyaung Auk,Teinpyaung Auk,,19.7063,96.3797,Burma,MM,MMR,Nay Pyi Taw,Nay Pyi Taw,MM-18,union territory,,65.2,,,4,Asia/Yangon,FALSE,1104327689
Wayondaw,Wayondaw,,20.2694,94.3400,Burma,MM,MMR,Magway,Magway,MM-03,region,,15.1,,,4,Asia/Yangon,FALSE,1104932534
Mān Hwe-koi,Man Hwe-koi,,22.4869,98.5746,Burma,MM,MMR,Shan State,Shan State,MM-17,state,,38.2,,,4,Asia/Yangon,FALSE,1104276827
Ningpwot,Ningpwot,,24.9001,97.6044,Burma,MM,MMR,Kachin State,Kachin State,MM-11,state,,31.0,,,4,Asia/Yangon,FALSE,1104852299
Dawhpu,Dawhpu,,19.4792,97.2228,Burma,MM,MMR,Kayah State,Kayah State,MM-12,state,,64.6,,,4,Asia/Yangon,FALSE,1104977948
Mān Hsampu,Man Hsampu,,23.5509,98.1122,Burma,MM,MMR,Shan State,Shan State,MM-17,state,,34.3,,,4,Asia/Yangon,FALSE,1104766763
Bok,Bok,,12.6942,98.7480,Burma,MM,MMR,Tanintharyi,Tanintharyi,MM-05,region,,231.3,,,3,Asia/Yangon,FALSE,1104272785
Bok,Bok,Bok-ywa,12.5066,98.8667,Burma,MM,MMR,Tanintharyi,Tanintharyi,MM-05,region,,231.3,,,3,Asia/Yangon,TRUE,1104918009
Wān Hpya-hunghsa,Wan Hpya-hunghsa,Hpya-hunghsa,21.3633,100.2491,Burma,MM,MMR,Shan State,Shan State,MM-17,state,,16.9,,,4,Asia/Yangon,FALSE,1104759767
Cheoleo,Cheoleo,,21.4363,92.6681,Burma,MM,MMR,Chin State,Chin State,MM-14,state,,15.8,,,4,Asia/Yangon,FALSE,1104634704
Wabalaukthauk,Wabalaukthauk,,16.5170,96.1702,Burma,MM,MMR,Yangon,Yangon,MM-06,region,,210.4,,,3,Asia/Yangon,FALSE,1104527548
Mualpi,Mualpi,,23.1962,93.9052,Burma,MM,MMR,Chin State,Chin State,MM-14,state,,35.9,,,4,Asia/Yangon,FALSE,1104003196
Mualpi,Mualpi,,23.7520,93.7274,Burma,MM,MMR,Chin State,Chin State,MM-14,state,,7.9,,,5,Asia/Yangon,TRUE,1104240343
Sebyu,Sebyu,,20.6670,96.9517,Burma,MM,MMR,Shan State,Shan State,MM-17,state,,146.3,,,4,Asia/Yangon,FALSE,1104179713
Myetyè,Myetye,,18.3662,96.7046,Burma,MM,MMR,Bago,Bago,MM-02,region,,53.5,,,4,Asia/Yangon,FALSE,1104198935
Ywagale,Ywagale,,17.5243,96.8774,Burma,MM,MMR,Bago,Bago,MM-02,region,,177.7,,,4,Asia/Yangon,FALSE,1104253236
Ywagale,Ywagale,,17.7353,95.4680,Burma,MM,MMR,Bago,Bago,MM-02,region,,116.9,,,4,Asia/Yangon,TRUE,1104441542
Ywagale,Ywagale,,18.3998,96.9073,Burma,MM,MMR,Bago,Bago,MM-02,region,,53.5,,,4,Asia/Yangon,TRUE,1104164047
Me Maw,Me Maw,Memaw,13.9972,98.1448,Burma,MM,MMR,Tanintharyi,Tanintharyi,MM-05,region,,143.9,,,4,Asia/Yangon,FALSE,1104075191
Mayandaung Auk,Mayandaung Auk,Mayandaung,19.6616,96.3770,Burma,MM,MMR,Nay Pyi Taw,Nay Pyi Taw,MM-18,union territory,,65.2,,,4,Asia/Yangon,FALSE,1104709269
Hatgyi,Hatgyi,,17.5766,97.6253,Burma,MM,MMR,Kayin State,Kayin State,MM-13,state,,14.8,,,4,Asia/Yangon,FALSE,1104692146
Apala,Apala,,17.7567,96.8324,Burma,MM,MMR,Bago,Bago,MM-02,region,,222.5,,,3,Asia/Yangon,FALSE,1104779757
Ohn Hmin,Ohn Hmin,,22.2682,96.2297,Burma,MM,MMR,Mandalay,Mandalay,MM-04,region,,231.4,,,3,Asia/Yangon,FALSE,1104004870
Kalaba,Kalaba,,19.3484,93.6313,Burma,MM,MMR,Rakhine State,Rakhine State,MM-16,state,,122.4,,,4,Asia/Yangon,FALSE,1104421606
Wān Nammawhson,Wan Nammawhson,,21.9946,97.4477,Burma,MM,MMR,Shan State,Shan State,MM-17,state,,21.0,,,4,Asia/Yangon,FALSE,1104366788
Hpālang,Hpalang,,24.2100,97.6694,Burma,MM,MMR,Kachin State,Kachin State,MM-11,state,,23.4,,,4,Asia/Yangon,FALSE,1104369843
Kywaiköng,Kywaikong,Kwai-kong,22.5160,97.0373,Burma,MM,MMR,Shan State,Shan State,MM-17,state,,61.0,,,4,Asia/Yangon,FALSE,1104564164
Mut Thar,Mut Thar,,17.2177,95.8214,Burma,MM,MMR,Yangon,Yangon,MM-06,region,,177.9,,,4,Asia/Yangon,FALSE,1104007524
Ywa Tawng Kaw,Ywa Tawng Kaw,,21.1200,97.0880,Burma,MM,MMR,Shan State,Shan State,MM-17,state,,41.5,,,4,Asia/Yangon,FALSE,1104368040
Hkacheng,Hkacheng,,25.7088,97.7533,Burma,MM,MMR,Kachin State,Kachin State,MM-11,state,,0.4,,,5,Asia/Yangon,FALSE,1104089076
Tunpauyang,Tunpauyang,,25.9301,97.7766,Burma,MM,MMR,Kachin State,Kachin State,MM-11,state,,0.4,,,5,Asia/Yangon,FALSE,1104891837
Namhpanwaik,Namhpanwaik,,24.5855,94.7278,Burma,MM,MMR,Sagaing,Sagaing,MM-01,region,,23.7,,,4,Asia/Yangon,FALSE,1104064411
Wea Ma Gyi,Wea Ma Gyi,,24.1372,96.9008,Burma,MM,MMR,Kachin State,Kachin State,MM-11,state,,69.8,,,4,Asia/Yangon,FALSE,1104009418
Tawgye,Tawgye,,13.8032,98.1731,Burma,MM,MMR,Tanintharyi,Tanintharyi,MM-05,region,,143.9,,,4,Asia/Yangon,FALSE,1104145536
Hteinnyo,Hteinnyo,,23.8504,97.2125,Burma,MM,MMR,Kachin State,Kachin State,MM-11,state,,17.4,,,4,Asia/Yangon,FALSE,1104467814
Uyinbu,Uyinbu,,21.1594,94.7194,Burma,MM,MMR,Magway,Magway,MM-03,region,,214.8,,,3,Asia/Yangon,FALSE,1104015468
Uyinbu,Uyinbu,,19.3943,94.7461,Burma,MM,MMR,Magway,Magway,MM-03,region,,20.8,,,4,Asia/Yangon,TRUE,1104710912
Thinganet,Thinganet,,20.1699,92.8746,Burma,MM,MMR,Rakhine State,Rakhine State,MM-16,state,,573.1,,,3,Asia/Yangon,FALSE,1104756706
Thinganet,Thinganet,,20.6080,92.6332,Burma,MM,MMR,Rakhine State,Rakhine State,MM-16,state,,112.4,,,4,Asia/Yangon,TRUE,1104915806
Thinganet,Thinganet,,20.2940,93.2716,Burma,MM,MMR,Rakhine State,Rakhine State,MM-16,state,,41.8,,,4,Asia/Yangon,TRUE,1104284957
Thinganet,Thinganet,Thingaret,18.7575,94.2125,Burma,MM,MMR,Rakhine State,Rakhine State,MM-16,state,,30.9,,,4,Asia/Yangon,TRUE,1104477394
Mān Naung,Man Naung,,24.4087,97.3303,Burma,MM,MMR,Kachin State,Kachin State,MM-11,state,,44.5,,,4,Asia/Yangon,FALSE,1104209415
Manglon,Manglon,,20.0069,97.3912,Burma,MM,MMR,Shan State,Shan State,MM-17,state,,77.7,,,4,Asia/Yangon,FALSE,1104160943
Nwawa,Nwawa,,20.0879,93.8810,Burma,MM,MMR,Rakhine State,Rakhine State,MM-16,state,,16.2,,,4,Asia/Yangon,FALSE,1104265258
Daung Lel,Daung Lel,Taungle|Daungle,20.9836,95.1813,Burma,MM,MMR,Mandalay,Mandalay,MM-04,region,,123.4,,,4,Asia/Yangon,FALSE,1104042892
Kehkwang,Kehkwang,,20.3516,97.8938,Burma,MM,MMR,Shan State,Shan State,MM-17,state,,14.1,,,4,Asia/Yangon,FALSE,1104619072
Mawtaung,Mawtaung,,23.8222,96.9650,Burma,MM,MMR,Kachin State,Kachin State,MM-11,state,,17.4,,,4,Asia/Yangon,FALSE,1104300247
Wān Sa-naw,Wan Sa-naw,,21.8530,99.2739,Burma,MM,MMR,Shan State,Shan State,MM-17,state,,18.9,,,4,Asia/Yangon,FALSE,1104491871
Lamungzup Ga,Lamungzup Ga,,26.3964,96.6891,Burma,MM,MMR,Kachin State,Kachin State,MM-11,state,,7.0,,,5,Asia/Yangon,FALSE,1104840042
Hlelangu,Hlelangu,,18.6549,96.5978,Burma,MM,MMR,Bago,Bago,MM-02,region,,208.2,,,3,Asia/Yangon,FALSE,1104855138
Hlelangu,Hlelangu,,17.6947,95.9111,Burma,MM,MMR,Bago,Bago,MM-02,region,,139.4,,,4,Asia/Yangon,TRUE,1104989309
Hlelangu,Hlelangu,,18.2723,96.7870,Burma,MM,MMR,Bago,Bago,MM-02,region,,53.5,,,4,Asia/Yangon,TRUE,1104954582
Set Thwei,Set Thwei,Settwe,16.0684,97.7424,Burma,MM,MMR,Mon State,Mon State,MM-15,state,,224.3,,,3,Asia/Yangon,FALSE,1104726048
Thar Yar Su,Thar Yar Su,,19.9204,96.2332,Burma,MM,MMR,Nay Pyi Taw,Nay Pyi Taw,MM-18,union territory,,190.2,,,4,Asia/Yangon,FALSE,1104005971
Thar Yar Su,Thar Yar Su,,19.7180,96.0221,Burma,MM,MMR,Nay Pyi Taw,Nay Pyi Taw,MM-18,union territory,,137.2,,,4,Asia/Yangon,TRUE,1104005976
Thar Yar Su,Thar Yar Su,,19.8621,96.2471,Burma,MM,MMR,Nay Pyi Taw,Nay Pyi Taw,MM-18,union territory,,85.9,,,4,Asia/Yangon,TRUE,1104005974
Thar Yar Su,Thar Yar Su,,19.7280,96.3057,Burma,MM,MMR,Nay Pyi Taw,Nay Pyi Taw,MM-18,union territory,,65.2,,,4,Asia/Yangon,TRUE,1104005975
Thar Yar Su,Thar Yar Su,,19.5978,96.0177,Burma,MM,MMR,Nay Pyi Taw,Nay Pyi Taw,MM-18,union territory,,52.5,,,4,Asia/Yangon,TRUE,1104005979
Thar Yar Su,Thar Yar Su,,19.5722,96.1974,Burma,MM,MMR,Nay Pyi Taw,Nay Pyi Taw,MM-18,union territory,,52.5,,,4,Asia/Yangon,TRUE,1104005973
Thar Yar Su,Thar Yar Su,,19.6499,96.2107,Burma,MM,MMR,Nay Pyi Taw,Nay Pyi Taw,MM-18,union territory,,52.5,,,4,Asia/Yangon,TRUE,1104005972
Aye Than Kone,Aye Than Kone,,20.6306,95.9580,Burma,MM,MMR,Mandalay,Mandalay,MM-04,region,,146.4,,,4,Asia/Yangon,FALSE,1104003217
Ta Kun Taing Alel,Ta Kun Taing Alel,,16.7831,97.4191,Burma,MM,MMR,Mon State,Mon State,MM-15,state,,195.7,,,4,Asia/Yangon,FALSE,1104002260
Nyawngbintha,Nyawngbintha,,19.8242,97.1040,Burma,MM,MMR,Shan State,Shan State,MM-17,state,,55.3,,,4,Asia/Yangon,FALSE,1104624609
Mānsum,Mansum,Mansun,22.6728,98.8407,Burma,MM,MMR,Shan State,Shan State,MM-17,state,,83.5,,,4,Asia/Yangon,FALSE,1104780036
Ningting,Ningting,,25.3425,97.8092,Burma,MM,MMR,Kachin State,Kachin State,MM-11,state,,31.0,,,4,Asia/Yangon,FALSE,1104229667
Ko Hpay Gyi 2,Ko Hpay Gyi 2,,20.8669,93.3675,Burma,MM,MMR,Chin State,Chin State,MM-14,state,,7.7,,,5,Asia/Yangon,FALSE,1104000960
Mānsum,Mansum,,25.7893,96.2548,Burma,MM,MMR,Kachin State,Kachin State,MM-11,state,,74.0,,,4,Asia/Yangon,FALSE,1104398783
Wān Hkan-yai,Wan Hkan-yai,,21.0847,99.1067,Burma,MM,MMR,Shan State,Shan State,MM-17,state,,12.1,,,4,Asia/Yangon,FALSE,1104957724
Pongwa,Pongwa,,25.7671,97.9170,Burma,MM,MMR,Kachin State,Kachin State,MM-11,state,,0.4,,,5,Asia/Yangon,FALSE,1104003470
Babugon,Babugon,,16.5180,97.6794,Burma,MM,MMR,Mon State,Mon State,MM-15,state,,129.2,,,4,Asia/Yangon,FALSE,1104957998
Panglei,Panglei,,21.3980,92.7985,Burma,MM,MMR,Chin State,Chin State,MM-14,state,,15.8,,,4,Asia/Yangon,FALSE,1104996829
Sanhlawbaw-chaungwag,Sanhlawbaw-chaungwag,,16.5919,96.1699,Burma,MM,MMR,Yangon,Yangon,MM-06,region,,233.4,,,3,Asia/Yangon,FALSE,1104869962
Kyibindon,Kyibindon,,22.0249,95.1184,Burma,MM,MMR,Sagaing,Sagaing,MM-01,region,,175.0,,,4,Asia/Yangon,FALSE,1104563678
Nyaunglwet,Nyaunglwet,,20.8833,96.7500,Burma,MM,MMR,Shan State,Shan State,MM-17,state,,138.0,,,4,Asia/Yangon,FALSE,1104854925
Htanbingwe,Htanbingwe,,16.6677,95.6935,Burma,MM,MMR,Ayeyarwady,Ayeyarwady,MM-07,region,,213.3,,,3,Asia/Yangon,FALSE,1104792077
Tenghkio,Tenghkio,,22.9665,98.2265,Burma,MM,MMR,Shan State,Shan State,MM-17,state,,38.2,,,4,Asia/Yangon,FALSE,1104070899
Set Yon Su,Set Yon Su,,19.6140,96.2259,Burma,MM,MMR,Nay Pyi Taw,Nay Pyi Taw,MM-18,union territory,,52.5,,,4,Asia/Yangon,FALSE,1104006822
Kyunyo,Kyunyo,,18.0967,95.4529,Burma,MM,MMR,Bago,Bago,MM-02,region,,209.3,,,3,Asia/Yangon,FALSE,1104040616
Tawnghio,Tawnghio,,22.0946,98.3663,Burma,MM,MMR,Shan State,Shan State,MM-17,state,,38.2,,,4,Asia/Yangon,FALSE,1104437427
Pyintein,Pyintein,,13.9667,98.0000,Burma,MM,MMR,Tanintharyi,Tanintharyi,MM-05,region,,0,,,5,Asia/Yangon,FALSE,1104982025
Shwezaye,Shwezaye,,22.3406,94.9938,Burma,MM,MMR,Sagaing,Sagaing,MM-01,region,,84.1,,,4,Asia/Yangon,FALSE,1104649646
Kawngpong,Kawngpong,,20.7621,98.4111,Burma,MM,MMR,Shan State,Shan State,MM-17,state,,11.1,,,4,Asia/Yangon,FALSE,1104854774
Namsem,Namsem,,20.8324,97.0526,Burma,MM,MMR,Shan State,Shan State,MM-17,state,,339.9,,,3,Asia/Yangon,FALSE,1104813986
Long Na Dam,Long Na Dam,,27.5022,97.1623,Burma,MM,MMR,Kachin State,Kachin State,MM-11,state,,10.9,,,4,Asia/Yangon,FALSE,1104006580
Mar Mein,Mar Mein,,27.2688,97.5455,Burma,MM,MMR,Kachin State,Kachin State,MM-11,state,,10.9,,,4,Asia/Yangon,FALSE,1104007720
Zephai,Zephai,,22.4500,93.2667,Burma,MM,MMR,Chin State,Chin State,MM-14,state,,14.6,,,4,Asia/Yangon,FALSE,1104183088
Min Lwin Ywar Gyi,Min Lwin Ywar Gyi,Minlwin,17.1144,97.4595,Burma,MM,MMR,Mon State,Mon State,MM-15,state,,169.9,,,4,Asia/Yangon,FALSE,1104747189
Wān Na-lang,Wan Na-lang,,21.4038,100.3992,Burma,MM,MMR,Shan State,Shan State,MM-17,state,,16.9,,,4,Asia/Yangon,FALSE,1104954561
Daw Taw-lè,Daw Taw-le,,19.5335,97.1119,Burma,MM,MMR,Kayah State,Kayah State,MM-12,state,,64.6,,,4,Asia/Yangon,FALSE,1104568036
Myaungthit,Myaungthit,,20.7038,94.4496,Burma,MM,MMR,Magway,Magway,MM-03,region,,94.2,,,4,Asia/Yangon,FALSE,1104176322
Pan Det Inn,Pan Det Inn,Pandin-in,14.1776,98.1037,Burma,MM,MMR,Tanintharyi,Tanintharyi,MM-05,region,,143.9,,,4,Asia/Yangon,FALSE,1104918896
Panghkaw,Panghkaw,,24.8606,96.6155,Burma,MM,MMR,Kachin State,Kachin State,MM-11,state,,32.2,,,4,Asia/Yangon,FALSE,1104069497
Panghkaw,Panghkaw,,22.7847,96.5004,Burma,MM,MMR,Shan State,Shan State,MM-17,state,,22.9,,,4,Asia/Yangon,FALSE,1104513980
Kyetthongin,Kyetthongin,,23.7526,96.1284,Burma,MM,MMR,Sagaing,Sagaing,MM-01,region,,70.8,,,4,Asia/Yangon,FALSE,1104811670
Apyinpadan,Apyinpadan,,16.8593,96.0295,Burma,MM,MMR,Yangon,Yangon,MM-06,region,,9531.1,,,2,Asia/Yangon,FALSE,1104874612
Tadokihta,Tadokihta,,17.0090,98.2541,Burma,MM,MMR,Kayin State,Kayin State,MM-13,state,,98.3,,,4,Asia/Yangon,FALSE,1104381682
Wengkaw,Wengkaw,,22.8014,98.3012,Burma,MM,MMR,Shan State,Shan State,MM-17,state,,38.2,,,4,Asia/Yangon,FALSE,1104957849
Mān Nammu-hse,Man Nammu-hse,Nammu Hse,22.7803,98.4677,Burma,MM,MMR,Shan State,Shan State,MM-17,state,,38.2,,,4,Asia/Yangon,FALSE,1104550371
Let-ya,Let-ya,,19.4224,94.1386,Burma,MM,MMR,Rakhine State,Rakhine State,MM-16,state,,16.2,,,4,Asia/Yangon,FALSE,1104491012
Hkinlap,Hkinlap,,25.0393,96.6370,Burma,MM,MMR,Kachin State,Kachin State,MM-11,state,,44.0,,,4,Asia/Yangon,FALSE,1104256634
In-ma,In-ma,,23.7856,95.7655,Burma,MM,MMR,Sagaing,Sagaing,MM-01,region,,74.5,,,4,Asia/Yangon,FALSE,1104109185
Pa-to,Pa-to,,19.8519,97.0194,Burma,MM,MMR,Shan State,Shan State,MM-17,state,,55.3,,,4,Asia/Yangon,FALSE,1104683856
Saluphta,Saluphta,,26.8704,98.3894,Burma,MM,MMR,Kachin State,Kachin State,MM-11,state,,2.4,,,5,Asia/Yangon,FALSE,1104598305
Thadi,Thadi,,21.8273,96.2591,Burma,MM,MMR,Mandalay,Mandalay,MM-04,region,,196.5,,,4,Asia/Yangon,FALSE,1104149337
Namhkansi,Namhkansi,,24.9000,95.3002,Burma,MM,MMR,Sagaing,Sagaing,MM-01,region,,23.7,,,4,Asia/Yangon,FALSE,1104899516
Lai-kwa,Lai-kwa,,22.8112,98.8466,Burma,MM,MMR,Shan State,Shan State,MM-17,state,,44.9,,,4,Asia/Yangon,FALSE,1104145459
Hlewaing,Hlewaing,,17.9439,96.5124,Burma,MM,MMR,Bago,Bago,MM-02,region,,132.8,,,4,Asia/Yangon,FALSE,1104881296
Kyakhat,Kyakhat,,16.3619,97.6523,Burma,MM,MMR,Mon State,Mon State,MM-15,state,,1572.5,,,3,Asia/Yangon,FALSE,1104704638
Gadigon,Gadigon,,19.2942,95.2262,Burma,MM,MMR,Magway,Magway,MM-03,region,,80.2,,,4,Asia/Yangon,FALSE,1104932740
Tisita Sakan,Tisita Sakan,,18.4866,97.0832,Burma,MM,MMR,Kayin State,Kayin State,MM-13,state,,2.6,,,5,Asia/Yangon,FALSE,1104974906
Ah Nyin,Ah Nyin,Anyin,12.3095,98.7043,Burma,MM,MMR,Tanintharyi,Tanintharyi,MM-05,region,,42.2,,,4,Asia/Yangon,FALSE,1104506209
Pyazi,Pyazi,,19.8277,95.1394,Burma,MM,MMR,Magway,Magway,MM-03,region,,52.3,,,4,Asia/Yangon,FALSE,1104750863
Pyazi,Pyazi,,20.2845,95.9490,Burma,MM,MMR,Mandalay,Mandalay,MM-04,region,,110.9,,,4,Asia/Yangon,FALSE,1104771348
Neyaungga,Neyaungga,,21.1428,96.3008,Burma,MM,MMR,Shan State,Shan State,MM-17,state,,29.8,,,4,Asia/Yangon,FALSE,1104685943
Giwa,Giwa,,18.6579,94.2347,Burma,MM,MMR,Rakhine State,Rakhine State,MM-16,state,,30.9,,,4,Asia/Yangon,FALSE,1104972101
Ka Toe,Ka Toe,,16.5766,97.6595,Burma,MM,MMR,Mon State,Mon State,MM-15,state,,1666.4,,,3,Asia/Yangon,FALSE,1104003954
Kyaung Su Pa Toke,Kyaung Su Pa Toke,,16.8361,96.5682,Burma,MM,MMR,Yangon,Yangon,MM-06,region,,246.9,,,3,Asia/Yangon,FALSE,1104009467
Ah Tar Ywar Ma,Ah Tar Ywar Ma,,20.7311,95.2700,Burma,MM,MMR,Mandalay,Mandalay,MM-04,region,,123.4,,,4,Asia/Yangon,FALSE,1104001035
Wān Kunsang,Wan Kunsang,,21.0179,100.0812,Burma,MM,MMR,Shan State,Shan State,MM-17,state,,17.4,,,4,Asia/Yangon,FALSE,1104074696
Zangzawl,Zangzawl,,23.2190,93.6591,Burma,MM,MMR,Chin State,Chin State,MM-14,state,,35.9,,,4,Asia/Yangon,FALSE,1104003867
Namnao,Namnao,,19.9322,97.3634,Burma,MM,MMR,Kayah State,Kayah State,MM-12,state,,82.3,,,4,Asia/Yangon,FALSE,1104084214
Zainchaung,Zainchaung,Zaingyaung,19.8822,94.0203,Burma,MM,MMR,Rakhine State,Rakhine State,MM-16,state,,16.2,,,4,Asia/Yangon,FALSE,1104002208
Wān Pu-meng,Wan Pu-meng,,21.3528,99.5042,Burma,MM,MMR,Shan State,Shan State,MM-17,state,,46.4,,,4,Asia/Yangon,FALSE,1104344030
Nebu,Nebu,,23.9683,96.2910,Burma,MM,MMR,Sagaing,Sagaing,MM-01,region,,76.5,,,4,Asia/Yangon,FALSE,1104840025
Kyaung Me,Kyaung Me,,20.5515,97.1827,Burma,MM,MMR,Shan State,Shan State,MM-17,state,,71.1,,,4,Asia/Yangon,FALSE,1104468335
Oak Thar Lin Wa,Oak Thar Lin Wa,,21.7156,92.7673,Burma,MM,MMR,Chin State,Chin State,MM-14,state,,15.8,,,4,Asia/Yangon,FALSE,1104002087
Hti-hpo,Hti-hpo,,20.9559,97.3021,Burma,MM,MMR,Shan State,Shan State,MM-17,state,,41.5,,,4,Asia/Yangon,FALSE,1104900486
Chaungnyi-ako,Chaungnyi-ako,,12.2297,98.5395,Burma,MM,MMR,Tanintharyi,Tanintharyi,MM-05,region,,42.2,,,4,Asia/Yangon,FALSE,1104694227
Wān Tā-pu,Wan Ta-pu,,20.9794,98.7300,Burma,MM,MMR,Shan State,Shan State,MM-17,state,,13.1,,,4,Asia/Yangon,FALSE,1104620205
War Ta Yar,War Ta Yar,,16.9710,96.0383,Burma,MM,MMR,Yangon,Yangon,MM-06,region,,276.0,,,3,Asia/Yangon,FALSE,1104006135
Zephai B,Zephai B,,22.4379,93.2614,Burma,MM,MMR,Chin State,Chin State,MM-14,state,,14.6,,,4,Asia/Yangon,FALSE,1104000823
Wān Möngnoi,Wan Mongnoi,,20.6721,99.8365,Burma,MM,MMR,Shan State,Shan State,MM-17,state,,66.3,,,4,Asia/Yangon,FALSE,1104305301
Wān Möngnoi,Wan Mongnoi,,21.9431,99.5581,Burma,MM,MMR,Shan State,Shan State,MM-17,state,,39.3,,,4,Asia/Yangon,TRUE,1104968014
Wān Möngnoi,Wan Mongnoi,,20.8690,98.8478,Burma,MM,MMR,Shan State,Shan State,MM-17,state,,12.1,,,4,Asia/Yangon,TRUE,1104561358
Indein,Indein,Yndein,21.4861,94.6553,Burma,MM,MMR,Magway,Magway,MM-03,region,,62.4,,,4,Asia/Yangon,FALSE,1104160453
Sangadaung,Sangadaung,,20.8618,92.9738,Burma,MM,MMR,Rakhine State,Rakhine State,MM-16,state,,87.3,,,4,Asia/Yangon,FALSE,1104954150
Thanbin,Thanbin,,20.6551,94.9461,Burma,MM,MMR,Magway,Magway,MM-03,region,,175.7,,,4,Asia/Yangon,FALSE,1104463394
Su Tat,Su Tat,,20.8332,95.1040,Burma,MM,MMR,Mandalay,Mandalay,MM-04,region,,123.4,,,4,Asia/Yangon,FALSE,1104002258
Su Tat,Su Tat,,20.6738,95.2547,Burma,MM,MMR,Mandalay,Mandalay,MM-04,region,,111.3,,,4,Asia/Yangon,TRUE,1104002257
Su Tat,Su Tat,Sudat,20.5190,96.1212,Burma,MM,MMR,Mandalay,Mandalay,MM-04,region,,110.9,,,4,Asia/Yangon,TRUE,1104342194
Htabyebinhla,Htabyebinhla,,21.1681,96.6923,Burma,MM,MMR,Shan State,Shan State,MM-17,state,,51.6,,,4,Asia/Yangon,FALSE,1104672999
Inbauk,Inbauk,,22.7161,95.4867,Burma,MM,MMR,Sagaing,Sagaing,MM-01,region,,137.1,,,4,Asia/Yangon,FALSE,1104057604
Inbauk,Inbauk,,24.6071,95.9593,Burma,MM,MMR,Sagaing,Sagaing,MM-01,region,,32.0,,,4,Asia/Yangon,TRUE,1104470266
Inbauk,Inbauk,,24.1204,94.6286,Burma,MM,MMR,Sagaing,Sagaing,MM-01,region,,26.7,,,4,Asia/Yangon,TRUE,1104656004
Inbauk,Inbauk,,19.3024,95.2134,Burma,MM,MMR,Magway,Magway,MM-03,region,,80.2,,,4,Asia/Yangon,FALSE,1104325299
Nangma,Nangma,,25.5269,97.7102,Burma,MM,MMR,Kachin State,Kachin State,MM-11,state,,31.0,,,4,Asia/Yangon,FALSE,1104737461
Yae Sone,Yae Sone,Yezon,21.1075,96.0422,Burma,MM,MMR,Mandalay,Mandalay,MM-04,region,,151.8,,,4,Asia/Yangon,FALSE,1104224412
Yae Sone,Yae Sone,Yezon,20.6017,95.0786,Burma,MM,MMR,Mandalay,Mandalay,MM-04,region,,123.0,,,4,Asia/Yangon,TRUE,1104699407
Kadetchin,Kadetchin,,22.4136,96.1443,Burma,MM,MMR,Mandalay,Mandalay,MM-04,region,,101.0,,,4,Asia/Yangon,FALSE,1104159934
Saga,Saga,,23.7288,97.4716,Burma,MM,MMR,Shan State,Shan State,MM-17,state,,84.4,,,4,Asia/Yangon,FALSE,1104223725
Nam Ro 2,Nam Ro 2,,27.4928,97.1806,Burma,MM,MMR,Kachin State,Kachin State,MM-11,state,,10.9,,,4,Asia/Yangon,FALSE,1104006028
Daw Ta Hay,Daw Ta Hay,,19.8759,97.2936,Burma,MM,MMR,Kayah State,Kayah State,MM-12,state,,82.3,,,4,Asia/Yangon,FALSE,1104002597
Hkangwinaw,Hkangwinaw,,26.2392,95.4207,Burma,MM,MMR,Sagaing,Sagaing,MM-01,region,,13.7,,,4,Asia/Yangon,FALSE,1104512398
Wān Namhang,Wan Namhang,Wan-Namhaing,21.8754,99.2750,Burma,MM,MMR,Shan State,Shan State,MM-17,state,,18.9,,,4,Asia/Yangon,FALSE,1104489630
Menyuhta,Menyuhta,,17.8821,97.4691,Burma,MM,MMR,Kayin State,Kayin State,MM-13,state,,2.6,,,5,Asia/Yangon,FALSE,1104708960
Pun Chaung,Pun Chaung,,19.6747,97.4374,Burma,MM,MMR,Kayah State,Kayah State,MM-12,state,,26.9,,,4,Asia/Yangon,FALSE,1104001685
Hpwè-hōng,Hpwe-hong,,21.3109,99.6324,Burma,MM,MMR,Shan State,Shan State,MM-17,state,,46.4,,,4,Asia/Yangon,FALSE,1104186846
Ban Khum,Ban Khum,,10.2076,98.5108,Burma,MM,MMR,Tanintharyi,Tanintharyi,MM-05,region,,82.9,,,4,Asia/Yangon,FALSE,1104002950
Kawngke,Kawngke,,20.6244,97.8476,Burma,MM,MMR,Shan State,Shan State,MM-17,state,,14.1,,,4,Asia/Yangon,FALSE,1104589143
Nwamathin,Nwamathin,,22.2136,95.4994,Burma,MM,MMR,Sagaing,Sagaing,MM-01,region,,121.6,,,4,Asia/Yangon,FALSE,1104753212
Makhkawk,Makhkawk,,22.1274,97.7693,Burma,MM,MMR,Shan State,Shan State,MM-17,state,,35.8,,,4,Asia/Yangon,FALSE,1104883836
Kaungkha,Kaungkha,,22.7847,97.6018,Burma,MM,MMR,Shan State,Shan State,MM-17,state,,89.9,,,4,Asia/Yangon,FALSE,1104309496
Hpan Dawng,Hpan Dawng,,25.5879,97.8297,Burma,MM,MMR,Kachin State,Kachin State,MM-11,state,,31.0,,,4,Asia/Yangon,FALSE,1104007980
Wān Tōng-aw,Wan Tong-aw,Wan Tang-aw,21.2183,99.2215,Burma,MM,MMR,Shan State,Shan State,MM-17,state,,12.6,,,4,Asia/Yangon,FALSE,1104275769
Hmetgadan,Hmetgadan,,18.0344,95.5652,Burma,MM,MMR,Bago,Bago,MM-02,region,,167.6,,,4,Asia/Yangon,FALSE,1104714023
Ah Shey Ywar Ka Lay,Ah Shey Ywar Ka Lay,,17.2639,97.1672,Burma,MM,MMR,Mon State,Mon State,MM-15,state,,76.6,,,4,Asia/Yangon,FALSE,1104003853
Wān Ho-hpā,Wan Ho-hpa,,20.6441,99.2948,Burma,MM,MMR,Shan State,Shan State,MM-17,state,,27.1,,,4,Asia/Yangon,FALSE,1104680980
Kyaukpyatthat,Kyaukpyatthat,,22.9039,96.3760,Burma,MM,MMR,Mandalay,Mandalay,MM-04,region,,130.3,,,4,Asia/Yangon,FALSE,1104158568
Thitpinshe,Thitpinshe,,21.4781,95.4241,Burma,MM,MMR,Mandalay,Mandalay,MM-04,region,,268.2,,,3,Asia/Yangon,FALSE,1104846912
Bawkyawhta,Bawkyawhta,Aungleba,17.5901,97.5517,Burma,MM,MMR,Kayin State,Kayin State,MM-13,state,,14.8,,,4,Asia/Yangon,FALSE,1104319177
Kokchaung,Kokchaung,,19.0771,95.6966,Burma,MM,MMR,Bago,Bago,MM-02,region,,63.9,,,4,Asia/Yangon,FALSE,1104905028
Yetha,Yetha,,22.7408,94.7084,Burma,MM,MMR,Sagaing,Sagaing,MM-01,region,,39.2,,,4,Asia/Yangon,FALSE,1104397981
Dumkan,Dumkan,,26.7212,97.8744,Burma,MM,MMR,Kachin State,Kachin State,MM-11,state,,0.6,,,5,Asia/Yangon,FALSE,1104907375
Khuahrang,Khuahrang,,22.1833,93.4833,Burma,MM,MMR,Chin State,Chin State,MM-14,state,,14.6,,,4,Asia/Yangon,FALSE,1104423156
Mān Tanglaw,Man Tanglaw,,22.6106,97.3117,Burma,MM,MMR,Shan State,Shan State,MM-17,state,,35.8,,,4,Asia/Yangon,FALSE,1104227795
Myetshu,Myetshu,,21.5341,95.7877,Burma,MM,MMR,Mandalay,Mandalay,MM-04,region,,130.1,,,4,Asia/Yangon,FALSE,1104496304
Nathkokyin,Nathkokyin,,24.4547,96.2350,Burma,MM,MMR,Sagaing,Sagaing,MM-01,region,,62.1,,,4,Asia/Yangon,FALSE,1104827098
Ngaleng,Ngaleng,,21.6887,93.4211,Burma,MM,MMR,Chin State,Chin State,MM-14,state,,7.8,,,5,Asia/Yangon,FALSE,1104415185
Hngetpauk,Hngetpauk,Ngetpoke,16.2161,94.5982,Burma,MM,MMR,Ayeyarwady,Ayeyarwady,MM-07,region,,126.9,,,4,Asia/Yangon,FALSE,1104408435
Kan Hla-Ku Lar Tang,Kan Hla-Ku Lar Tang,,16.8873,96.3446,Burma,MM,MMR,Yangon,Yangon,MM-06,region,,829.0,,,3,Asia/Yangon,FALSE,1104007843
Wān Muhsö-ho-la,Wan Muhso-ho-la,,21.0313,99.0196,Burma,MM,MMR,Shan State,Shan State,MM-17,state,,12.1,,,4,Asia/Yangon,FALSE,1104344187
Sedo,Sedo,,23.7934,95.7366,Burma,MM,MMR,Sagaing,Sagaing,MM-01,region,,74.5,,,4,Asia/Yangon,FALSE,1104456598
Tingring,Tingring,,25.8113,96.6609,Burma,MM,MMR,Kachin State,Kachin State,MM-11,state,,74.0,,,4,Asia/Yangon,FALSE,1104848238
Aindin,Aindin,,20.2701,92.9460,Burma,MM,MMR,Rakhine State,Rakhine State,MM-16,state,,97.0,,,4,Asia/Yangon,FALSE,1104571529
Twehtwe,Twehtwe,,26.4205,95.2636,Burma,MM,MMR,Sagaing,Sagaing,MM-01,region,,13.7,,,4,Asia/Yangon,FALSE,1104741060
Maksawk,Maksawk,,22.4039,97.4139,Burma,MM,MMR,Shan State,Shan State,MM-17,state,,35.8,,,4,Asia/Yangon,FALSE,1104478338
Paukseindu,Paukseindu,,19.4669,95.4574,Burma,MM,MMR,Magway,Magway,MM-03,region,,75.3,,,4,Asia/Yangon,FALSE,1104484930
Zang Klang,Zang Klang,,22.9833,93.2500,Burma,MM,MMR,Chin State,Chin State,MM-14,state,,14.6,,,4,Asia/Yangon,FALSE,1104814583
Hpoe Than Daing,Hpoe Than Daing,Pothanaing,20.9468,96.2709,Burma,MM,MMR,Mandalay,Mandalay,MM-04,region,,91.9,,,4,Asia/Yangon,FALSE,1104619089
Hmankwin,Hmankwin,,18.5500,96.4167,Burma,MM,MMR,Bago,Bago,MM-02,region,,106.3,,,4,Asia/Yangon,FALSE,1104656743
Thitnyo,Thitnyo,,19.2185,95.6597,Burma,MM,MMR,Magway,Magway,MM-03,region,,80.2,,,4,Asia/Yangon,FALSE,1104894921
Kio-yan,Kio-yan,,21.6223,98.4012,Burma,MM,MMR,Shan State,Shan State,MM-17,state,,26.0,,,4,Asia/Yangon,FALSE,1104724872
Wānhainalong,Wanhainalong,,20.7073,97.6399,Burma,MM,MMR,Shan State,Shan State,MM-17,state,,40.0,,,4,Asia/Yangon,FALSE,1104103441
Kawmawng,Kawmawng,,22.0906,97.8058,Burma,MM,MMR,Shan State,Shan State,MM-17,state,,35.8,,,4,Asia/Yangon,FALSE,1104959432
Kawmawng,Kawmawng,,22.8380,96.7335,Burma,MM,MMR,Shan State,Shan State,MM-17,state,,22.9,,,4,Asia/Yangon,TRUE,1104777970
Kawmawng,Kawmawng,,22.5443,96.6856,Burma,MM,MMR,Shan State,Shan State,MM-17,state,,22.9,,,4,Asia/Yangon,TRUE,1104558715
Tichaung,Tichaung,,12.4505,98.4838,Burma,MM,MMR,Tanintharyi,Tanintharyi,MM-05,region,,42.2,,,4,Asia/Yangon,FALSE,1104437390
Kawng-hong,Kawng-hong,,22.7604,97.6372,Burma,MM,MMR,Shan State,Shan State,MM-17,state,,89.9,,,4,Asia/Yangon,FALSE,1104841319
Kawng-hong,Kawng-hong,,22.3078,97.4549,Burma,MM,MMR,Shan State,Shan State,MM-17,state,,35.8,,,4,Asia/Yangon,TRUE,1104785881
Kawng-hong,Kawng-hong,,22.6319,97.8601,Burma,MM,MMR,Shan State,Shan State,MM-17,state,,26.4,,,4,Asia/Yangon,TRUE,1104125531
Kawng-hōng,Kawng-hong,,22.6913,97.8896,Burma,MM,MMR,Shan State,Shan State,MM-17,state,,26.4,,,4,Asia/Yangon,TRUE,1104596315
Mān Kawnglong,Man Kawnglong,,23.3211,98.5135,Burma,MM,MMR,Shan State,Shan State,MM-17,state,,53.4,,,4,Asia/Yangon,FALSE,1104990055
Wea Ka Lun,Wea Ka Lun,,15.9731,98.0195,Burma,MM,MMR,Kayin State,Kayin State,MM-13,state,,60.5,,,4,Asia/Yangon,FALSE,1104006663
Wān Hpya-hkamhsao,Wan Hpya-hkamhsao,Hpya-hkamhsao,21.2171,100.1222,Burma,MM,MMR,Shan State,Shan State,MM-17,state,,16.9,,,4,Asia/Yangon,FALSE,1104977079
Wān Hpya-hkamhsao,Wan Hpya-hkamhsao,Hpya-hkamhsao,21.3357,100.2344,Burma,MM,MMR,Shan State,Shan State,MM-17,state,,16.9,,,4,Asia/Yangon,TRUE,1104438756
Maingnyaung,Maingnyaung,Maingyaung,23.9821,94.7796,Burma,MM,MMR,Sagaing,Sagaing,MM-01,region,,26.7,,,4,Asia/Yangon,FALSE,1104111360
Kyauk Shat,Kyauk Shat,Kyaukshat,14.5784,98.1829,Burma,MM,MMR,Tanintharyi,Tanintharyi,MM-05,region,,12.7,,,4,Asia/Yangon,FALSE,1104572511
Yin Gawt,Yin Gawt,,25.7119,98.1148,Burma,MM,MMR,Kachin State,Kachin State,MM-11,state,,6.0,,,5,Asia/Yangon,FALSE,1104008119
Mi Pa Laing,Mi Pa Laing,,16.3929,98.3005,Burma,MM,MMR,Kayin State,Kayin State,MM-13,state,,22.9,,,4,Asia/Yangon,FALSE,1104008761
Daw Glaw-tu,Daw Glaw-tu,,19.6336,97.1216,Burma,MM,MMR,Kayah State,Kayah State,MM-12,state,,64.6,,,4,Asia/Yangon,FALSE,1104808912
Mitharaung,Mitharaung,,16.8308,97.8496,Burma,MM,MMR,Kayin State,Kayin State,MM-13,state,,144.4,,,4,Asia/Yangon,FALSE,1104453720
Nam Lu,Nam Lu,,22.8000,97.2167,Burma,MM,MMR,Shan State,Shan State,MM-17,state,,50.3,,,4,Asia/Yangon,FALSE,1104880432
Hseng Law,Hseng Law,,25.4783,97.7688,Burma,MM,MMR,Kachin State,Kachin State,MM-11,state,,31.0,,,4,Asia/Yangon,FALSE,1104008370
Talègyin,Talegyin,,20.7112,94.1444,Burma,MM,MMR,Chin State,Chin State,MM-14,state,,15.1,,,4,Asia/Yangon,FALSE,1104999997
Kadipā,Kadipa,,16.1576,94.9800,Burma,MM,MMR,Ayeyarwady,Ayeyarwady,MM-07,region,,142.4,,,4,Asia/Yangon,FALSE,1104402201
Kamaungdon,Kamaungdon,,19.8424,94.0968,Burma,MM,MMR,Rakhine State,Rakhine State,MM-16,state,,16.2,,,4,Asia/Yangon,FALSE,1104199078
Kyaungywa,Kyaungywa,,16.7735,95.8760,Burma,MM,MMR,Yangon,Yangon,MM-06,region,,350.6,,,3,Asia/Yangon,FALSE,1104925739
Kyaungywa,Kyaungywa,,21.6747,96.4434,Burma,MM,MMR,Mandalay,Mandalay,MM-04,region,,126.0,,,4,Asia/Yangon,FALSE,1104587632
Kyaungywa,Kyaungywa,,21.0316,94.5159,Burma,MM,MMR,Magway,Magway,MM-03,region,,60.5,,,4,Asia/Yangon,FALSE,1104742657
Kyaungywa,Kyaungywa,,17.8133,96.8648,Burma,MM,MMR,Bago,Bago,MM-02,region,,263.2,,,3,Asia/Yangon,FALSE,1104163334
Kyaungywa,Kyaungywa,Chaunggwa,18.2187,96.6714,Burma,MM,MMR,Bago,Bago,MM-02,region,,82.3,,,4,Asia/Yangon,TRUE,1104653573
Kyaungywa,Kyaungywa,,21.9812,95.1814,Burma,MM,MMR,Sagaing,Sagaing,MM-01,region,,458.6,,,3,Asia/Yangon,FALSE,1104000296
Sawnkyun,Sawnkyun,,22.1667,93.9167,Burma,MM,MMR,Chin State,Chin State,MM-14,state,,11.1,,,4,Asia/Yangon,FALSE,1104557045
Hkwetha,Hkwetha,,21.0827,93.8561,Burma,MM,MMR,Chin State,Chin State,MM-14,state,,8.4,,,5,Asia/Yangon,FALSE,1104450637
Yawnghkalo,Yawnghkalo,,22.5500,99.1667,Burma,MM,MMR,Shan State,Shan State,MM-17,state,,72.5,,,4,Asia/Yangon,FALSE,1104732717
Tang Bwei,Tang Bwei,,21.2667,93.1333,Burma,MM,MMR,Chin State,Chin State,MM-14,state,,7.7,,,5,Asia/Yangon,FALSE,1104048204
’Ndunghkang,'Ndunghkang,,26.7552,97.7307,Burma,MM,MMR,Kachin State,Kachin State,MM-11,state,,0.6,,,5,Asia/Yangon,FALSE,1104040471
Songramang,Songramang,Hsungramang,22.7393,99.2680,Burma,MM,MMR,Shan State,Shan State,MM-17,state,,72.5,,,4,Asia/Yangon,FALSE,1104274965
Köng-sam,Kong-sam,,21.5833,97.5399,Burma,MM,MMR,Shan State,Shan State,MM-17,state,,21.0,,,4,Asia/Yangon,FALSE,1104359422
Padupu,Padupu,,17.6007,97.7905,Burma,MM,MMR,Kayin State,Kayin State,MM-13,state,,17.2,,,4,Asia/Yangon,FALSE,1104822884
Thabyu,Thabyu,,17.0472,95.7607,Burma,MM,MMR,Ayeyarwady,Ayeyarwady,MM-07,region,,235.9,,,3,Asia/Yangon,FALSE,1104040548
Thabyu,Thabyu,,17.4735,95.9902,Burma,MM,MMR,Yangon,Yangon,MM-06,region,,177.9,,,4,Asia/Yangon,FALSE,1104528336
Kanthonwin,Kanthonwin,,17.2893,95.9209,Burma,MM,MMR,Yangon,Yangon,MM-06,region,,177.9,,,4,Asia/Yangon,FALSE,1104266809
Thabyu,Thabyu,,17.0305,96.3949,Burma,MM,MMR,Bago,Bago,MM-02,region,,179.5,,,4,Asia/Yangon,FALSE,1104464443
Thabyu,Thabyu,Thabyu Tha ma da,18.0760,96.0362,Burma,MM,MMR,Bago,Bago,MM-02,region,,116.9,,,4,Asia/Yangon,TRUE,1104335183
Thabyu,Thabyu,,21.8806,95.9304,Burma,MM,MMR,Sagaing,Sagaing,MM-01,region,,246.4,,,3,Asia/Yangon,FALSE,1104188271
Hti Thaw Hkei Khee,Hti Thaw Hkei Khee,,17.0317,97.7977,Burma,MM,MMR,Kayin State,Kayin State,MM-13,state,,111.2,,,4,Asia/Yangon,FALSE,1104007338
Kyanbin,Kyanbin,,16.6240,96.3924,Burma,MM,MMR,Yangon,Yangon,MM-06,region,,254.3,,,3,Asia/Yangon,FALSE,1104087428
Wān Wè,Wan We,,21.3118,98.6772,Burma,MM,MMR,Shan State,Shan State,MM-17,state,,12.1,,,4,Asia/Yangon,FALSE,1104022550
Loi-hkaw,Loi-hkaw,,20.5994,96.9922,Burma,MM,MMR,Shan State,Shan State,MM-17,state,,146.3,,,4,Asia/Yangon,FALSE,1104531384
Loi-hkaw,Loi-hkaw,,20.2088,96.9767,Burma,MM,MMR,Shan State,Shan State,MM-17,state,,146.3,,,4,Asia/Yangon,TRUE,1104831354
Loi-hkaw,Loi-hkaw,,21.0020,97.4626,Burma,MM,MMR,Shan State,Shan State,MM-17,state,,98.1,,,4,Asia/Yangon,TRUE,1104398249
Loi-hkaw,Loi-hkaw,,23.0020,98.0903,Burma,MM,MMR,Shan State,Shan State,MM-17,state,,89.9,,,4,Asia/Yangon,TRUE,1104975815
Loi-hkaw,Loi-hkaw,,22.2791,96.9005,Burma,MM,MMR,Shan State,Shan State,MM-17,state,,49.1,,,4,Asia/Yangon,TRUE,1104067263
Loi-hkaw,Loi-hkaw,,22.0500,98.0000,Burma,MM,MMR,Shan State,Shan State,MM-17,state,,31.6,,,4,Asia/Yangon,TRUE,1104233695
Loi-hkaw,Loi-hkaw,Loi-kaw,21.4018,97.5744,Burma,MM,MMR,Shan State,Shan State,MM-17,state,,21.4,,,4,Asia/Yangon,TRUE,1104711138
Loi-hkaw,Loi-hkaw,,20.9938,98.1325,Burma,MM,MMR,Shan State,Shan State,MM-17,state,,16.7,,,4,Asia/Yangon,TRUE,1104477385
Htan Taw Yoe,Htan Taw Yoe,,20.7842,95.1114,Burma,MM,MMR,Mandalay,Mandalay,MM-04,region,,123.4,,,4,Asia/Yangon,FALSE,1104004252
Ku Lar Bi,Ku Lar Bi,,16.3161,97.5525,Burma,MM,MMR,Mon State,Mon State,MM-15,state,,249.3,,,3,Asia/Yangon,FALSE,1104002268
Kunhkao,Kunhkao,,20.7796,98.4065,Burma,MM,MMR,Shan State,Shan State,MM-17,state,,11.1,,,4,Asia/Yangon,FALSE,1104066209
Nakan,Nakan,,22.9333,96.7500,Burma,MM,MMR,Shan State,Shan State,MM-17,state,,22.9,,,4,Asia/Yangon,FALSE,1104199663
Bei Hee Ka Law,Bei Hee Ka Law,,16.6263,98.5371,Burma,MM,MMR,Kayin State,Kayin State,MM-13,state,,97.7,,,4,Asia/Yangon,FALSE,1104007704
Thitchaungdwin,Thitchaungdwin,Thitchallngdwin,13.6439,98.3277,Burma,MM,MMR,Tanintharyi,Tanintharyi,MM-05,region,,49.2,,,4,Asia/Yangon,FALSE,1104562955
Wān Hwè-htawpa-à,Wan Hwe-htawpa-a,,19.6156,97.5116,Burma,MM,MMR,Kayah State,Kayah State,MM-12,state,,3.0,,,5,Asia/Yangon,FALSE,1104499001
Loiying,Loiying,,24.3225,97.5755,Burma,MM,MMR,Kachin State,Kachin State,MM-11,state,,23.4,,,4,Asia/Yangon,FALSE,1104122099
Wān Pangmaihkao,Wan Pangmaihkao,Wan Pangmaihako,22.0761,99.6603,Burma,MM,MMR,Shan State,Shan State,MM-17,state,,39.3,,,4,Asia/Yangon,FALSE,1104219086
Möng Hsaw,Mong Hsaw,,21.5712,100.8464,Burma,MM,MMR,Shan State,Shan State,MM-17,state,,21.9,,,4,Asia/Yangon,FALSE,1104019043
Sanglang,Sanglang,,21.6717,92.7933,Burma,MM,MMR,Chin State,Chin State,MM-14,state,,15.8,,,4,Asia/Yangon,FALSE,1104333033
Wān Sit,Wan Sit,Sit,20.4356,98.0964,Burma,MM,MMR,Shan State,Shan State,MM-17,state,,14.1,,,4,Asia/Yangon,FALSE,1104952086
Jatung Ga,Jatung Ga,,26.4324,96.6760,Burma,MM,MMR,Kachin State,Kachin State,MM-11,state,,7.0,,,5,Asia/Yangon,FALSE,1104838654
Sihaung,Sihaung,,20.5667,96.6000,Burma,MM,MMR,Shan State,Shan State,MM-17,state,,138.0,,,4,Asia/Yangon,FALSE,1104578754
Sinmadan,Sinmadan,,13.4107,98.4540,Burma,MM,MMR,Tanintharyi,Tanintharyi,MM-05,region,,49.2,,,4,Asia/Yangon,FALSE,1104863482
Malān,Malan,,25.6200,96.3480,Burma,MM,MMR,Kachin State,Kachin State,MM-11,state,,74.0,,,4,Asia/Yangon,FALSE,1104417833
Mei Za Li Kyin,Mei Za Li Kyin,,20.1806,96.0184,Burma,MM,MMR,Nay Pyi Taw,Nay Pyi Taw,MM-18,union territory,,45.3,,,4,Asia/Yangon,FALSE,1104008697
Ah Let Dam,Ah Let Dam,,27.4125,97.3039,Burma,MM,MMR,Kachin State,Kachin State,MM-11,state,,10.9,,,4,Asia/Yangon,FALSE,1104008665
Kahsi,Kahsi,,22.6000,99.2833,Burma,MM,MMR,Shan State,Shan State,MM-17,state,,72.5,,,4,Asia/Yangon,FALSE,1104978277
Khan Ti Gyi,Khan Ti Gyi,,21.4171,96.1934,Burma,MM,MMR,Mandalay,Mandalay,MM-04,region,,201.7,,,3,Asia/Yangon,FALSE,1104004643
Kyetpanet,Kyetpanet,,23.4460,94.0856,Burma,MM,MMR,Sagaing,Sagaing,MM-01,region,,145.2,,,4,Asia/Yangon,FALSE,1104045904
Yae Net Kwayt,Yae Net Kwayt,,17.4792,95.7848,Burma,MM,MMR,Yangon,Yangon,MM-06,region,,177.8,,,4,Asia/Yangon,FALSE,1104007686
Shwelechaung,Shwelechaung,,13.8937,98.3577,Burma,MM,MMR,Tanintharyi,Tanintharyi,MM-05,region,,49.2,,,4,Asia/Yangon,FALSE,1104207818
Pahsak,Pahsak,,20.2832,97.8763,Burma,MM,MMR,Shan State,Shan State,MM-17,state,,14.1,,,4,Asia/Yangon,FALSE,1104246593
Boe Htun Pon Su,Boe Htun Pon Su,,16.9751,96.6687,Burma,MM,MMR,Yangon,Yangon,MM-06,region,,296.9,,,3,Asia/Yangon,FALSE,1104007992
Hangkai,Hangkai,,24.6260,97.2331,Burma,MM,MMR,Kachin State,Kachin State,MM-11,state,,88.7,,,4,Asia/Yangon,FALSE,1104501667
Yozayat,Yozayat,,21.4101,94.7244,Burma,MM,MMR,Magway,Magway,MM-03,region,,93.2,,,4,Asia/Yangon,FALSE,1104218313
Ma Kyar Ein Nu,Ma Kyar Ein Nu,,21.1185,93.5512,Burma,MM,MMR,Chin State,Chin State,MM-14,state,,8.4,,,5,Asia/Yangon,FALSE,1104002747
Kyetpamwezaung,Kyetpamwezaung,,16.1415,95.5861,Burma,MM,MMR,Ayeyarwady,Ayeyarwady,MM-07,region,,245.2,,,3,Asia/Yangon,FALSE,1104586131
Shu Khin Thar Te Su,Shu Khin Thar Te Su,,19.5209,96.0113,Burma,MM,MMR,Nay Pyi Taw,Nay Pyi Taw,MM-18,union territory,,52.5,,,4,Asia/Yangon,FALSE,1104009045
Dawnye-hku,Dawnye-hku,,19.2950,97.3687,Burma,MM,MMR,Kayah State,Kayah State,MM-12,state,,64.6,,,4,Asia/Yangon,FALSE,1104680930
Dawnyē-hku,Dawnye-hku,,19.4736,97.1239,Burma,MM,MMR,Kayah State,Kayah State,MM-12,state,,17.5,,,4,Asia/Yangon,TRUE,1104453295
Chanthakwin-atet,Chanthakwin-atet,,17.2818,96.4150,Burma,MM,MMR,Bago,Bago,MM-02,region,,162.5,,,4,Asia/Yangon,FALSE,1104988336
Hpanthedaungbwe,Hpanthedaungbwe,,20.9473,92.9950,Burma,MM,MMR,Rakhine State,Rakhine State,MM-16,state,,87.3,,,4,Asia/Yangon,FALSE,1104065978
Kanyutkon,Kanyutkon,Kanyatkon,18.0095,95.3282,Burma,MM,MMR,Ayeyarwady,Ayeyarwady,MM-07,region,,133.1,,,4,Asia/Yangon,FALSE,1104741054
Tada-u,Tada-u,,21.4567,96.1879,Burma,MM,MMR,Mandalay,Mandalay,MM-04,region,,184.1,,,4,Asia/Yangon,FALSE,1104245725
Tada-u,Tada-u,,22.9664,96.5068,Burma,MM,MMR,Mandalay,Mandalay,MM-04,region,,130.3,,,4,Asia/Yangon,TRUE,1104869887
Tada-u,Tada-u,Tada,21.4199,95.8744,Burma,MM,MMR,Mandalay,Mandalay,MM-04,region,,130.1,,,4,Asia/Yangon,TRUE,1104620733
Ônnigyun,Onnigyun,,19.5458,93.8699,Burma,MM,MMR,Rakhine State,Rakhine State,MM-16,state,,16.2,,,4,Asia/Yangon,FALSE,1104850146
Minle,Minle,,21.1338,94.1519,Burma,MM,MMR,Magway,Magway,MM-03,region,,27.7,,,4,Asia/Yangon,FALSE,1104895493
Minle,Minle,,21.3086,96.2105,Burma,MM,MMR,Mandalay,Mandalay,MM-04,region,,201.7,,,3,Asia/Yangon,FALSE,1104342940
Wān Tūp,Wan Tup,,21.2180,98.7002,Burma,MM,MMR,Shan State,Shan State,MM-17,state,,17.0,,,4,Asia/Yangon,FALSE,1104522949
Kinbyit,Kinbyit,,22.8001,95.5062,Burma,MM,MMR,Sagaing,Sagaing,MM-01,region,,137.1,,,4,Asia/Yangon,FALSE,1104209957
Onbinkwin,Onbinkwin,,13.9466,98.3373,Burma,MM,MMR,Tanintharyi,Tanintharyi,MM-05,region,,49.2,,,4,Asia/Yangon,FALSE,1104147045
Onbinkwin,Onbinkwin,,12.0908,98.8553,Burma,MM,MMR,Tanintharyi,Tanintharyi,MM-05,region,,9.2,,,5,Asia/Yangon,TRUE,1104465964
Wān Hsa-tè,Wan Hsa-te,,19.7468,97.0212,Burma,MM,MMR,Shan State,Shan State,MM-17,state,,55.3,,,4,Asia/Yangon,FALSE,1104386246
Lawngwa,Lawngwa,,22.1056,93.7138,Burma,MM,MMR,Chin State,Chin State,MM-14,state,,7.8,,,5,Asia/Yangon,FALSE,1104004026
Wun Aing,Wun Aing,,17.3087,95.7629,Burma,MM,MMR,Yangon,Yangon,MM-06,region,,177.9,,,4,Asia/Yangon,FALSE,1104007850
Kanthaya Taung,Kanthaya Taung,,17.8694,95.6756,Burma,MM,MMR,Bago,Bago,MM-02,region,,167.6,,,4,Asia/Yangon,FALSE,1104000479
Myenka,Myenka,,22.9722,96.8177,Burma,MM,MMR,Shan State,Shan State,MM-17,state,,25.0,,,4,Asia/Yangon,FALSE,1104608692
Nawng Hpi,Nawng Hpi,,20.6514,97.3081,Burma,MM,MMR,Shan State,Shan State,MM-17,state,,41.5,,,4,Asia/Yangon,FALSE,1104751321
Pwinlan,Pwinlan,,20.8520,96.6929,Burma,MM,MMR,Shan State,Shan State,MM-17,state,,134.8,,,4,Asia/Yangon,FALSE,1104034710
Takedo,Takedo,,18.6323,97.0128,Burma,MM,MMR,Kayin State,Kayin State,MM-13,state,,2.6,,,5,Asia/Yangon,FALSE,1104994852
Zibyugyun,Zibyugyun,,16.9769,95.7346,Burma,MM,MMR,Ayeyarwady,Ayeyarwady,MM-07,region,,235.9,,,3,Asia/Yangon,FALSE,1104005005
Kalashin,Kalashin,,20.3523,95.5128,Burma,MM,MMR,Magway,Magway,MM-03,region,,80.6,,,4,Asia/Yangon,FALSE,1104828756
Mar Lee,Mar Lee,,21.1752,93.8184,Burma,MM,MMR,Chin State,Chin State,MM-14,state,,8.4,,,5,Asia/Yangon,FALSE,1104001901
Ale Wingon,Ale Wingon,,16.8817,96.4828,Burma,MM,MMR,Yangon,Yangon,MM-06,region,,296.9,,,3,Asia/Yangon,FALSE,1104344077
Paganbo,Paganbo,,17.2273,96.3896,Burma,MM,MMR,Bago,Bago,MM-02,region,,162.5,,,4,Asia/Yangon,FALSE,1104694449
Hkalyen Ga,Hkalyen Ga,,26.3181,97.4215,Burma,MM,MMR,Kachin State,Kachin State,MM-11,state,,0.6,,,5,Asia/Yangon,FALSE,1104427904
Lapram Ga,Lapram Ga,,26.3122,96.8540,Burma,MM,MMR,Kachin State,Kachin State,MM-11,state,,7.0,,,5,Asia/Yangon,FALSE,1104600187
Kyichaung,Kyichaung,Kyigyaung,16.6164,95.5657,Burma,MM,MMR,Ayeyarwady,Ayeyarwady,MM-07,region,,225.4,,,3,Asia/Yangon,FALSE,1104713337
Kyichaung,Kyichaung,,12.1223,98.8383,Burma,MM,MMR,Tanintharyi,Tanintharyi,MM-05,region,,9.2,,,5,Asia/Yangon,FALSE,1104044163
Pyinmawk,Pyinmawk,,23.5029,97.0586,Burma,MM,MMR,Shan State,Shan State,MM-17,state,,10.1,,,4,Asia/Yangon,FALSE,1104512439
Sègyigyo,Segyigyo,,18.6713,95.4595,Burma,MM,MMR,Bago,Bago,MM-02,region,,161.2,,,4,Asia/Yangon,FALSE,1104773614
Tumbaokawng,Tumbaokawng,,25.0196,96.7804,Burma,MM,MMR,Kachin State,Kachin State,MM-11,state,,44.0,,,4,Asia/Yangon,FALSE,1104779511
Hawngheng,Hawngheng,,22.5497,97.1448,Burma,MM,MMR,Shan State,Shan State,MM-17,state,,61.0,,,4,Asia/Yangon,FALSE,1104287745
Tone Kauk,Tone Kauk,,24.1360,96.7536,Burma,MM,MMR,Kachin State,Kachin State,MM-11,state,,69.8,,,4,Asia/Yangon,FALSE,1104006211
Pyinmabin,Pyinmabin,,16.9968,96.1310,Burma,MM,MMR,Yangon,Yangon,MM-06,region,,3009.6,,,2,Asia/Yangon,FALSE,1104728358
Pyinmabin,Pyinmabin,,16.8364,96.5907,Burma,MM,MMR,Yangon,Yangon,MM-06,region,,246.9,,,3,Asia/Yangon,TRUE,1104656528
Pyinmabin,Pyinmabin,,18.7890,96.4401,Burma,MM,MMR,Bago,Bago,MM-02,region,,147.9,,,4,Asia/Yangon,FALSE,1104343303
Pyinmabin,Pyinmabin,,18.9944,96.5209,Burma,MM,MMR,Bago,Bago,MM-02,region,,145.3,,,4,Asia/Yangon,TRUE,1104866744
Pyinmabin,Pyinmabin,,18.2657,96.6413,Burma,MM,MMR,Bago,Bago,MM-02,region,,87.1,,,4,Asia/Yangon,TRUE,1104559488
Hkawnhtung,Hkawnhtung,,23.1000,99.0833,Burma,MM,MMR,Shan State,Shan State,MM-17,state,,45.3,,,4,Asia/Yangon,FALSE,1104774437
Namhkawngyang,Namhkawngyang,,25.5638,97.5592,Burma,MM,MMR,Kachin State,Kachin State,MM-11,state,,31.0,,,4,Asia/Yangon,FALSE,1104187669
Shwe War Myaing,Shwe War Myaing,,17.3400,97.6979,Burma,MM,MMR,Kayin State,Kayin State,MM-13,state,,111.2,,,4,Asia/Yangon,FALSE,1104006052
Ke-hsi Mānsām,Ke-hsi Mansam,Kyethimanzan|Ke-hsi Mansan|Ke-hsi,21.9291,97.8210,Burma,MM,MMR,Shan State,Shan State,MM-17,state,,31.6,,,4,Asia/Yangon,FALSE,1104638826
Kongkangshan,Kongkangshan,,23.8492,98.5364,Burma,MM,MMR,Shan State,Shan State,MM-17,state,,83.1,,,4,Asia/Yangon,FALSE,1104891093
Santhigon,Santhigon,,20.8744,96.6280,Burma,MM,MMR,Shan State,Shan State,MM-17,state,,134.8,,,4,Asia/Yangon,FALSE,1104896667
Nat Hmaw,Nat Hmaw,Nathmaw,16.6919,97.5832,Burma,MM,MMR,Mon State,Mon State,MM-15,state,,194.5,,,4,Asia/Yangon,FALSE,1104753458
Kyakyetpyin,Kyakyetpyin,,20.7709,93.0466,Burma,MM,MMR,Rakhine State,Rakhine State,MM-16,state,,95.9,,,4,Asia/Yangon,FALSE,1104984348
Dar Bang Ah Htet,Dar Bang Ah Htet,,27.3502,98.4389,Burma,MM,MMR,Kachin State,Kachin State,MM-11,state,,2.4,,,5,Asia/Yangon,FALSE,1104006397
Minshwe,Minshwe,,22.3312,95.1513,Burma,MM,MMR,Sagaing,Sagaing,MM-01,region,,112.4,,,4,Asia/Yangon,FALSE,1104752531
Seikpyu,Seikpyu,,20.9000,94.8000,Burma,MM,MMR,Magway,Magway,MM-03,region,,60.5,,,4,Asia/Yangon,FALSE,1104932133
Yethpautkon,Yethpautkon,,20.0411,96.5488,Burma,MM,MMR,Shan State,Shan State,MM-17,state,,50.9,,,4,Asia/Yangon,FALSE,1104283038
Singut Alè,Singut Ale,,22.2449,95.7824,Burma,MM,MMR,Sagaing,Sagaing,MM-01,region,,146.0,,,4,Asia/Yangon,FALSE,1104000150
Nammawlong,Nammawlong,,21.2232,97.5151,Burma,MM,MMR,Shan State,Shan State,MM-17,state,,98.1,,,4,Asia/Yangon,FALSE,1104000350
Nammawlöng,Nammawlong,,22.0562,97.4485,Burma,MM,MMR,Shan State,Shan State,MM-17,state,,35.8,,,4,Asia/Yangon,TRUE,1104846558
Nāmmawlong,Nammawlong,,21.6378,98.0213,Burma,MM,MMR,Shan State,Shan State,MM-17,state,,16.4,,,4,Asia/Yangon,TRUE,1104500836
Nammawlong,Nammawlong,,21.9527,97.2185,Burma,MM,MMR,Shan State,Shan State,MM-17,state,,16.3,,,4,Asia/Yangon,TRUE,1104439255
Nammawlong,Nammawlong,,20.4135,97.4672,Burma,MM,MMR,Shan State,Shan State,MM-17,state,,14.8,,,4,Asia/Yangon,TRUE,1104721856
Nammawlong,Nammawlong,,20.5170,98.0656,Burma,MM,MMR,Shan State,Shan State,MM-17,state,,14.1,,,4,Asia/Yangon,TRUE,1104335724
Dawyingon,Dawyingon,,20.0810,95.4149,Burma,MM,MMR,Magway,Magway,MM-03,region,,89.5,,,4,Asia/Yangon,FALSE,1104750754
Mayangyaung,Mayangyaung,,16.8231,94.7377,Burma,MM,MMR,Ayeyarwady,Ayeyarwady,MM-07,region,,430.4,,,3,Asia/Yangon,FALSE,1104212908
Mayangyaung,Mayangyaung,,16.6837,95.2117,Burma,MM,MMR,Ayeyarwady,Ayeyarwady,MM-07,region,,244.9,,,3,Asia/Yangon,TRUE,1104881652
Mayangyaung,Mayangyaung,,16.4310,95.1729,Burma,MM,MMR,Ayeyarwady,Ayeyarwady,MM-07,region,,244.9,,,3,Asia/Yangon,TRUE,1104789858
Mayangyaung,Mayangyaung,,16.7291,95.3329,Burma,MM,MMR,Ayeyarwady,Ayeyarwady,MM-07,region,,244.9,,,3,Asia/Yangon,TRUE,1104167681
Mayangyaung,Mayangyaung,,15.8679,94.4132,Burma,MM,MMR,Ayeyarwady,Ayeyarwady,MM-07,region,,129.4,,,4,Asia/Yangon,TRUE,1104179594
Phaipha A,Phaipha A,Phaipha,22.3174,93.5786,Burma,MM,MMR,Chin State,Chin State,MM-14,state,,11.1,,,4,Asia/Yangon,FALSE,1104954722
Mayangyaung,Mayangyaung,,17.8595,96.4986,Burma,MM,MMR,Bago,Bago,MM-02,region,,150.5,,,4,Asia/Yangon,FALSE,1104001707
Taung-ywa,Taung-ywa,,18.6192,93.7876,Burma,MM,MMR,Rakhine State,Rakhine State,MM-16,state,,100.2,,,4,Asia/Yangon,FALSE,1104375530
Gaw Ri,Gaw Ri,,25.4596,96.7354,Burma,MM,MMR,Kachin State,Kachin State,MM-11,state,,18.6,,,4,Asia/Yangon,FALSE,1104006053
Hkayangyi,Hkayangyi,,16.8251,96.0036,Burma,MM,MMR,Yangon,Yangon,MM-06,region,,350.6,,,3,Asia/Yangon,FALSE,1104998665
Tumpangka,Tumpangka,,25.8975,97.6819,Burma,MM,MMR,Kachin State,Kachin State,MM-11,state,,0.4,,,5,Asia/Yangon,FALSE,1104772221
Hlwe,Hlwe,,21.4863,96.2583,Burma,MM,MMR,Mandalay,Mandalay,MM-04,region,,126.4,,,4,Asia/Yangon,FALSE,1104004572
Mānmawn,Manmawn,,22.3097,97.3971,Burma,MM,MMR,Shan State,Shan State,MM-17,state,,35.8,,,4,Asia/Yangon,FALSE,1104338251
Lánglong,Langlong,,22.8649,96.9417,Burma,MM,MMR,Shan State,Shan State,MM-17,state,,51.3,,,4,Asia/Yangon,FALSE,1104104049
Wān Namhū-nawn,Wan Namhu-nawn,,21.2198,98.4873,Burma,MM,MMR,Shan State,Shan State,MM-17,state,,17.5,,,4,Asia/Yangon,FALSE,1104079184
Chenglwa,Chenglwa,,19.4156,97.4093,Burma,MM,MMR,Kayah State,Kayah State,MM-12,state,,82.3,,,4,Asia/Yangon,FALSE,1104855344
Nawnoi,Nawnoi,,18.9870,97.2926,Burma,MM,MMR,Kayah State,Kayah State,MM-12,state,,17.7,,,4,Asia/Yangon,FALSE,1104731812
’Ngān Gahtawng,'Ngan Gahtawng,,25.6841,96.4359,Burma,MM,MMR,Kachin State,Kachin State,MM-11,state,,74.0,,,4,Asia/Yangon,FALSE,1104580588
Inbok,Inbok,,22.6736,95.2328,Burma,MM,MMR,Sagaing,Sagaing,MM-01,region,,99.1,,,4,Asia/Yangon,FALSE,1104004777
Inbok,Inbok,,23.5500,95.7500,Burma,MM,MMR,Sagaing,Sagaing,MM-01,region,,70.9,,,4,Asia/Yangon,TRUE,1104293864
Mān Nawk,Man Nawk,,22.8846,97.1437,Burma,MM,MMR,Shan State,Shan State,MM-17,state,,51.3,,,4,Asia/Yangon,FALSE,1104000030
Mān Nawk,Man Nawk,,22.0366,98.9912,Burma,MM,MMR,Shan State,Shan State,MM-17,state,,4.6,,,5,Asia/Yangon,TRUE,1104403633
Hmaw Bi,Hmaw Bi,Hmawbi,16.6356,97.6153,Burma,MM,MMR,Mon State,Mon State,MM-15,state,,195.7,,,4,Asia/Yangon,FALSE,1104870735
Wān Panghsa-li,Wan Panghsa-li,,21.4602,99.6966,Burma,MM,MMR,Shan State,Shan State,MM-17,state,,46.4,,,4,Asia/Yangon,FALSE,1104366663
Hpan Hku,Hpan Hku,,27.5238,97.7993,Burma,MM,MMR,Kachin State,Kachin State,MM-11,state,,2.0,,,5,Asia/Yangon,FALSE,1104008730
Hsen-taw,Hsen-taw,,22.8477,97.8420,Burma,MM,MMR,Shan State,Shan State,MM-17,state,,89.9,,,4,Asia/Yangon,FALSE,1104897285
Kadaing,Kadaing,,16.5616,97.4880,Burma,MM,MMR,Mon State,Mon State,MM-15,state,,195.7,,,4,Asia/Yangon,FALSE,1104662816
Ah Htet Hti Khaing,Ah Htet Hti Khaing,,13.0901,98.8188,Burma,MM,MMR,Tanintharyi,Tanintharyi,MM-05,region,,61.9,,,4,Asia/Yangon,FALSE,1104003488
Wān Tsao-pa-chai,Wan Tsao-pa-chai,,23.6948,98.7108,Burma,MM,MMR,Shan State,Shan State,MM-17,state,,124.9,,,4,Asia/Yangon,FALSE,1104146209
Shwegugale,Shwegugale,,24.2947,96.7343,Burma,MM,MMR,Kachin State,Kachin State,MM-11,state,,69.8,,,4,Asia/Yangon,FALSE,1104728162
Ohn Hne Yae,Ohn Hne Yae,,21.8915,96.2614,Burma,MM,MMR,Mandalay,Mandalay,MM-04,region,,346.2,,,3,Asia/Yangon,FALSE,1104005452
Nawngwop,Nawngwop,,20.8258,97.4456,Burma,MM,MMR,Shan State,Shan State,MM-17,state,,82.2,,,4,Asia/Yangon,FALSE,1104806853
Alethangyaw,Alethangyaw,Alethangvaw,20.6813,92.4455,Burma,MM,MMR,Rakhine State,Rakhine State,MM-16,state,,24.2,,,4,Asia/Yangon,FALSE,1104070139
Ja Hkan Dat,Ja Hkan Dat,,24.3080,97.3774,Burma,MM,MMR,Kachin State,Kachin State,MM-11,state,,44.5,,,4,Asia/Yangon,FALSE,1104009071
Toktwin,Toktwin,,20.6229,95.2747,Burma,MM,MMR,Magway,Magway,MM-03,region,,80.6,,,4,Asia/Yangon,FALSE,1104527998
Inna,Inna,,21.9089,94.0887,Burma,MM,MMR,Magway,Magway,MM-03,region,,32.8,,,4,Asia/Yangon,FALSE,1104989424
Magyibaukkon,Magyibaukkon,,18.6146,95.1575,Burma,MM,MMR,Bago,Bago,MM-02,region,,180.7,,,4,Asia/Yangon,FALSE,1104779863
Inna,Inna,,23.0645,95.3264,Burma,MM,MMR,Sagaing,Sagaing,MM-01,region,,87.2,,,4,Asia/Yangon,FALSE,1104823996
Pānghpak,Panghpak,,20.4668,98.1618,Burma,MM,MMR,Shan State,Shan State,MM-17,state,,14.1,,,4,Asia/Yangon,FALSE,1104000300
Pānghpak,Panghpak,,20.3124,99.1225,Burma,MM,MMR,Shan State,Shan State,MM-17,state,,7.1,,,5,Asia/Yangon,TRUE,1104000299
Pahpa,Pahpa,Hpapa,25.0694,97.0800,Burma,MM,MMR,Kachin State,Kachin State,MM-11,state,,48.7,,,4,Asia/Yangon,FALSE,1104225541
Sarl Hkum Dam,Sarl Hkum Dam,,27.3392,97.4647,Burma,MM,MMR,Kachin State,Kachin State,MM-11,state,,10.9,,,4,Asia/Yangon,FALSE,1104008044
Sinwan,Sinwan,,19.7971,94.1039,Burma,MM,MMR,Rakhine State,Rakhine State,MM-16,state,,16.2,,,4,Asia/Yangon,FALSE,1104368579
Wancuma,Wancuma,,16.4000,95.9167,Burma,MM,MMR,Ayeyarwady,Ayeyarwady,MM-07,region,,199.4,,,4,Asia/Yangon,FALSE,1104866902
Mánpateng,Manpateng,,22.7585,96.8191,Burma,MM,MMR,Shan State,Shan State,MM-17,state,,22.9,,,4,Asia/Yangon,FALSE,1104028352
Wān Kēnglik,Wan Kenglik,,21.4494,98.9708,Burma,MM,MMR,Shan State,Shan State,MM-17,state,,12.1,,,4,Asia/Yangon,FALSE,1104807513
Lat Tha Mar West,Lat Tha Mar West,,21.8888,96.0351,Burma,MM,MMR,Mandalay,Mandalay,MM-04,region,,1168.8,,,3,Asia/Yangon,FALSE,1104005091
Ganeik,Ganeik,,16.0997,94.6631,Burma,MM,MMR,Ayeyarwady,Ayeyarwady,MM-07,region,,142.4,,,4,Asia/Yangon,FALSE,1104003355
Pelaw Auk,Pelaw Auk,Pelaw,18.7335,97.1658,Burma,MM,MMR,Kayah State,Kayah State,MM-12,state,,17.7,,,4,Asia/Yangon,FALSE,1104902544
Mān Pak,Man Pak,,22.0215,97.7631,Burma,MM,MMR,Shan State,Shan State,MM-17,state,,35.8,,,4,Asia/Yangon,FALSE,1104183618
Kha Tet Kone,Kha Tet Kone,,21.2943,96.1316,Burma,MM,MMR,Mandalay,Mandalay,MM-04,region,,201.7,,,3,Asia/Yangon,FALSE,1104005619
Kha Tet Kone,Kha Tet Kone,Kadetkon,21.1189,95.4540,Burma,MM,MMR,Mandalay,Mandalay,MM-04,region,,150.0,,,4,Asia/Yangon,TRUE,1104252039
Kha Tet Kone,Kha Tet Kone,,21.5937,96.0429,Burma,MM,MMR,Mandalay,Mandalay,MM-04,region,,126.4,,,4,Asia/Yangon,TRUE,1104005618
Myithpya,Myithpya,,21.2286,94.6896,Burma,MM,MMR,Magway,Magway,MM-03,region,,209.8,,,3,Asia/Yangon,FALSE,1104437803
Ngalitkyi,Ngalitkyi,,14.1825,98.5008,Burma,MM,MMR,Tanintharyi,Tanintharyi,MM-05,region,,10.4,,,4,Asia/Yangon,FALSE,1104925885
Dedako,Dedako,Didago,19.2349,96.6860,Burma,MM,MMR,Kayin State,Kayin State,MM-13,state,,34.9,,,4,Asia/Yangon,FALSE,1104309550
Konhka,Konhka,,23.4524,96.9293,Burma,MM,MMR,Shan State,Shan State,MM-17,state,,10.1,,,4,Asia/Yangon,FALSE,1104967849
Malusudam,Malusudam,,27.1328,98.2491,Burma,MM,MMR,Kachin State,Kachin State,MM-11,state,,2.4,,,5,Asia/Yangon,FALSE,1104363981
Kyawng-pong,Kyawng-pong,,21.8917,97.6546,Burma,MM,MMR,Shan State,Shan State,MM-17,state,,21.0,,,4,Asia/Yangon,FALSE,1104165160
Kazu,Kazu,Kaxu,25.1365,97.5475,Burma,MM,MMR,Kachin State,Kachin State,MM-11,state,,31.0,,,4,Asia/Yangon,FALSE,1104000603
Kazu,Kazu,,25.4436,97.7589,Burma,MM,MMR,Kachin State,Kachin State,MM-11,state,,31.0,,,4,Asia/Yangon,TRUE,1104823735
Nawnglek,Nawnglek,,20.2192,97.1704,Burma,MM,MMR,Shan State,Shan State,MM-17,state,,73.5,,,4,Asia/Yangon,FALSE,1104262364
Kawng Lwin,Kawng Lwin,,23.7447,97.0531,Burma,MM,MMR,Kachin State,Kachin State,MM-11,state,,17.4,,,4,Asia/Yangon,FALSE,1104007708
Sai,Sai,,10.4167,98.7500,Burma,MM,MMR,Tanintharyi,Tanintharyi,MM-05,region,,18.4,,,4,Asia/Yangon,FALSE,1104773291
Kone Paw Net,Kone Paw Net,Konbawnit,20.9965,95.1798,Burma,MM,MMR,Mandalay,Mandalay,MM-04,region,,123.4,,,4,Asia/Yangon,FALSE,1104468172
Lauhkam,Lauhkam,,25.6077,98.0621,Burma,MM,MMR,Kachin State,Kachin State,MM-11,state,,12.7,,,4,Asia/Yangon,FALSE,1104230770
Kyundaung,Kyundaung,,21.5720,95.7324,Burma,MM,MMR,Mandalay,Mandalay,MM-04,region,,130.1,,,4,Asia/Yangon,FALSE,1104531650
Pranghdung,Pranghdung,,24.3714,97.5216,Burma,MM,MMR,Kachin State,Kachin State,MM-11,state,,44.5,,,4,Asia/Yangon,FALSE,1104177761
Wān Möngkwi,Wan Mongkwi,,21.2826,99.6963,Burma,MM,MMR,Shan State,Shan State,MM-17,state,,46.4,,,4,Asia/Yangon,FALSE,1104901950
Shan Kyaw,Shan Kyaw,,25.7615,97.9934,Burma,MM,MMR,Kachin State,Kachin State,MM-11,state,,5.7,,,5,Asia/Yangon,FALSE,1104008762
Wān Pangting,Wan Pangting,,21.1666,98.4750,Burma,MM,MMR,Shan State,Shan State,MM-17,state,,24.1,,,4,Asia/Yangon,FALSE,1104403529
Gyobinwaing,Gyobinwaing,,18.0692,95.5139,Burma,MM,MMR,Bago,Bago,MM-02,region,,209.3,,,3,Asia/Yangon,FALSE,1104431416
Thinglei,Thinglei,,23.4577,93.4560,Burma,MM,MMR,Chin State,Chin State,MM-14,state,,35.9,,,4,Asia/Yangon,FALSE,1104902413
War Baw,War Baw,,15.4981,97.9864,Burma,MM,MMR,Mon State,Mon State,MM-15,state,,90.4,,,4,Asia/Yangon,FALSE,1104001467
Sinbyudaung,Sinbyudaung,,19.9525,93.7943,Burma,MM,MMR,Rakhine State,Rakhine State,MM-16,state,,16.2,,,4,Asia/Yangon,FALSE,1104674312
Kawtakwan,Kawtakwan,,16.6772,97.8735,Burma,MM,MMR,Kayin State,Kayin State,MM-13,state,,144.4,,,4,Asia/Yangon,FALSE,1104950435
Klau,Klau,,22.9500,93.5833,Burma,MM,MMR,Chin State,Chin State,MM-14,state,,16.7,,,4,Asia/Yangon,FALSE,1104459805
Peit Kan South,Peit Kan South,,20.5244,95.9351,Burma,MM,MMR,Mandalay,Mandalay,MM-04,region,,146.4,,,4,Asia/Yangon,FALSE,1104003226
Sitpingyi,Sitpingyi,,17.0842,95.0026,Burma,MM,MMR,Ayeyarwady,Ayeyarwady,MM-07,region,,80.6,,,4,Asia/Yangon,FALSE,1104000156
Saung Naing Gwa,Saung Naing Gwa,Saungnainggwa,17.3854,97.0192,Burma,MM,MMR,Mon State,Mon State,MM-15,state,,177.7,,,4,Asia/Yangon,FALSE,1104034673
Ma Da Thar,Ma Da Thar,,21.0810,93.5853,Burma,MM,MMR,Chin State,Chin State,MM-14,state,,8.4,,,5,Asia/Yangon,FALSE,1104003188
Hnan Chaung Wa,Hnan Chaung Wa,,21.2091,92.9252,Burma,MM,MMR,Chin State,Chin State,MM-14,state,,15.8,,,4,Asia/Yangon,FALSE,1104002428
Wān Namtang,Wan Namtang,,21.4885,99.5010,Burma,MM,MMR,Shan State,Shan State,MM-17,state,,46.4,,,4,Asia/Yangon,FALSE,1104992562
Jit Loi,Jit Loi,,26.1854,98.3170,Burma,MM,MMR,Kachin State,Kachin State,MM-11,state,,2.1,,,5,Asia/Yangon,FALSE,1104006845
Loi-hsamngam,Loi-hsamngam,,22.8667,98.3500,Burma,MM,MMR,Shan State,Shan State,MM-17,state,,38.2,,,4,Asia/Yangon,FALSE,1104976231
Indwingyi,Indwingyi,,17.3257,95.8756,Burma,MM,MMR,Yangon,Yangon,MM-06,region,,177.9,,,4,Asia/Yangon,FALSE,1104063518
Sinlangale,Sinlangale,,17.1772,95.4459,Burma,MM,MMR,Ayeyarwady,Ayeyarwady,MM-07,region,,225.8,,,3,Asia/Yangon,FALSE,1104906447
Fort White,Fort White,,23.2333,93.7833,Burma,MM,MMR,Chin State,Chin State,MM-14,state,,35.9,,,4,Asia/Yangon,FALSE,1104738670
Khu Baing,Khu Baing,,17.1792,97.8687,Burma,MM,MMR,Kayin State,Kayin State,MM-13,state,,111.2,,,4,Asia/Yangon,FALSE,1104007637
Melaw,Melaw,,20.4432,97.0075,Burma,MM,MMR,Shan State,Shan State,MM-17,state,,132.2,,,4,Asia/Yangon,FALSE,1104984245
Hkumgahtawng,Hkumgahtawng,,25.5284,96.5983,Burma,MM,MMR,Kachin State,Kachin State,MM-11,state,,18.6,,,4,Asia/Yangon,FALSE,1104897437
Wān Hpa-hpük,Wan Hpa-hpuk,,20.8837,99.1078,Burma,MM,MMR,Shan State,Shan State,MM-17,state,,11.5,,,4,Asia/Yangon,FALSE,1104277573
Sheo Ghulam,Sheo Ghulam,,18.1331,96.5902,Burma,MM,MMR,Bago,Bago,MM-02,region,,84.1,,,4,Asia/Yangon,FALSE,1104014966
Hsua-kwe,Hsua-kwe,,23.0409,97.6285,Burma,MM,MMR,Shan State,Shan State,MM-17,state,,89.9,,,4,Asia/Yangon,FALSE,1104428758
Nahpong,Nahpong,Na-pong,22.3805,97.3132,Burma,MM,MMR,Shan State,Shan State,MM-17,state,,50.3,,,4,Asia/Yangon,FALSE,1104212070
Jagun,Jagun,,26.5601,96.4198,Burma,MM,MMR,Kachin State,Kachin State,MM-11,state,,2.7,,,5,Asia/Yangon,FALSE,1104187416
Latein,Latein,,19.8151,96.8479,Burma,MM,MMR,Shan State,Shan State,MM-17,state,,55.3,,,4,Asia/Yangon,FALSE,1104140296
Lethagon,Lethagon,,17.1071,96.2011,Burma,MM,MMR,Yangon,Yangon,MM-06,region,,200.9,,,3,Asia/Yangon,FALSE,1104377503
Lethagôn,Lethagon,,19.9721,94.4825,Burma,MM,MMR,Magway,Magway,MM-03,region,,35.5,,,4,Asia/Yangon,FALSE,1104819176
Maingnaung,Maingnaung,,25.8482,95.5966,Burma,MM,MMR,Sagaing,Sagaing,MM-01,region,,5.7,,,5,Asia/Yangon,FALSE,1104157925
Wukang,Wukang,,25.5034,97.5637,Burma,MM,MMR,Kachin State,Kachin State,MM-11,state,,31.0,,,4,Asia/Yangon,FALSE,1104768053
Tingoktan,Tingoktan,,18.6749,96.4184,Burma,MM,MMR,Bago,Bago,MM-02,region,,106.4,,,4,Asia/Yangon,FALSE,1104431665
Nawklaw,Nawklaw,,26.1563,95.4843,Burma,MM,MMR,Sagaing,Sagaing,MM-01,region,,13.7,,,4,Asia/Yangon,FALSE,1104329081
Magyiywa,Magyiywa,,20.6335,94.1746,Burma,MM,MMR,Magway,Magway,MM-03,region,,15.1,,,4,Asia/Yangon,FALSE,1104351159
Nammawkēng,Nammawkeng,Nāmmawkan,21.0519,98.0336,Burma,MM,MMR,Shan State,Shan State,MM-17,state,,16.7,,,4,Asia/Yangon,FALSE,1104225295
Penglao,Penglao,,22.9763,98.4497,Burma,MM,MMR,Shan State,Shan State,MM-17,state,,89.9,,,4,Asia/Yangon,FALSE,1104069344
Indaing,Indaing,,22.2220,95.2558,Burma,MM,MMR,Sagaing,Sagaing,MM-01,region,,562.1,,,3,Asia/Yangon,FALSE,1104466335
Indaing,Indaing,,22.5132,95.0940,Burma,MM,MMR,Sagaing,Sagaing,MM-01,region,,112.4,,,4,Asia/Yangon,TRUE,1104080291
Indaing,Indaing,,22.9155,95.3549,Burma,MM,MMR,Sagaing,Sagaing,MM-01,region,,87.2,,,4,Asia/Yangon,TRUE,1104600899
Indaing,Indaing,,24.1191,94.3056,Burma,MM,MMR,Sagaing,Sagaing,MM-01,region,,54.9,,,4,Asia/Yangon,TRUE,1104956220
Indaing,Indaing,,23.3365,95.2842,Burma,MM,MMR,Sagaing,Sagaing,MM-01,region,,36.6,,,4,Asia/Yangon,TRUE,1104561207
Indaing,Indaing,,23.3347,94.4068,Burma,MM,MMR,Sagaing,Sagaing,MM-01,region,,23.4,,,4,Asia/Yangon,TRUE,1104215129
Indaing,Indaing,,19.4505,94.5997,Burma,MM,MMR,Magway,Magway,MM-03,region,,20.8,,,4,Asia/Yangon,FALSE,1104098824
Indaing,Indaing,,19.0190,96.3833,Burma,MM,MMR,Bago,Bago,MM-02,region,,145.3,,,4,Asia/Yangon,FALSE,1104443029
Indaing,Indaing,,18.7795,96.3996,Burma,MM,MMR,Bago,Bago,MM-02,region,,106.4,,,4,Asia/Yangon,TRUE,1104429728
Indaing,Indaing,,19.1959,96.3684,Burma,MM,MMR,Bago,Bago,MM-02,region,,78.0,,,4,Asia/Yangon,TRUE,1104952656
Indaing,Indaing,,21.6242,96.1403,Burma,MM,MMR,Mandalay,Mandalay,MM-04,region,,126.4,,,4,Asia/Yangon,FALSE,1104924665
Indaing,Indaing,,20.8470,95.0667,Burma,MM,MMR,Mandalay,Mandalay,MM-04,region,,123.4,,,4,Asia/Yangon,TRUE,1104237873
Kyun Chaung East,Kyun Chaung East,,17.2204,95.9656,Burma,MM,MMR,Yangon,Yangon,MM-06,region,,579.7,,,3,Asia/Yangon,FALSE,1104007663
Alaingni Ywathit,Alaingni Ywathit,,17.2892,96.3581,Burma,MM,MMR,Bago,Bago,MM-02,region,,162.5,,,4,Asia/Yangon,FALSE,1104042960
Mawlaw,Mawlaw,,18.2865,96.9504,Burma,MM,MMR,Bago,Bago,MM-02,region,,53.5,,,4,Asia/Yangon,FALSE,1104090878
Mawlaw,Mawlaw,Malaw,18.2683,97.1023,Burma,MM,MMR,Bago,Bago,MM-02,region,,53.5,,,4,Asia/Yangon,TRUE,1104851262
Kyi Taing Kone,Kyi Taing Kone,,20.6145,95.7723,Burma,MM,MMR,Mandalay,Mandalay,MM-04,region,,146.4,,,4,Asia/Yangon,FALSE,1104003575
Hpaung Taw,Hpaung Taw,Hpaungtaung Ywa|Hpaungtaung|Hpaungdaung,14.5679,97.9229,Burma,MM,MMR,Tanintharyi,Tanintharyi,MM-05,region,,42.0,,,4,Asia/Yangon,FALSE,1104174278
Hpaung Taw,Hpaung Taw,,13.1895,98.4967,Burma,MM,MMR,Tanintharyi,Tanintharyi,MM-05,region,,37.7,,,4,Asia/Yangon,TRUE,1104004056
Hpaung Taw,Hpaung Taw,Paungdaw,20.6559,96.2775,Burma,MM,MMR,Mandalay,Mandalay,MM-04,region,,146.4,,,4,Asia/Yangon,FALSE,1104350227
Htidaunggon,Htidaunggon,,21.1568,96.7940,Burma,MM,MMR,Shan State,Shan State,MM-17,state,,51.6,,,4,Asia/Yangon,FALSE,1104553473
Kawnghsan,Kawnghsan,,22.0561,97.6932,Burma,MM,MMR,Shan State,Shan State,MM-17,state,,35.8,,,4,Asia/Yangon,FALSE,1104339691
Kawnghsan,Kawnghsan,Kawnghson,22.2918,97.9754,Burma,MM,MMR,Shan State,Shan State,MM-17,state,,26.4,,,4,Asia/Yangon,TRUE,1104563758
Hti Hpoe Ka Lon,Hti Hpoe Ka Lon,,16.9669,97.7185,Burma,MM,MMR,Kayin State,Kayin State,MM-13,state,,144.4,,,4,Asia/Yangon,FALSE,1104007549
Mān Kawngwai,Man Kawngwai,,23.6563,98.1880,Burma,MM,MMR,Shan State,Shan State,MM-17,state,,34.3,,,4,Asia/Yangon,FALSE,1104005424
Kaiyaw Langkai,Kaiyaw Langkai,,26.6308,95.3389,Burma,MM,MMR,Sagaing,Sagaing,MM-01,region,,13.7,,,4,Asia/Yangon,FALSE,1104378078
Kanawkho,Kanawkho,,17.8696,97.6143,Burma,MM,MMR,Kayin State,Kayin State,MM-13,state,,12.5,,,4,Asia/Yangon,FALSE,1104154029
Leik-u-gon,Leik-u-gon,,23.8121,95.7077,Burma,MM,MMR,Sagaing,Sagaing,MM-01,region,,57.7,,,4,Asia/Yangon,FALSE,1104016721
Khopyin,Khopyin,,24.4364,95.7918,Burma,MM,MMR,Sagaing,Sagaing,MM-01,region,,32.0,,,4,Asia/Yangon,FALSE,1104668601
Ko Lu Pyo,Ko Lu Pyo,,17.5075,97.6202,Burma,MM,MMR,Kayin State,Kayin State,MM-13,state,,14.8,,,4,Asia/Yangon,FALSE,1104007699
Tsuthmwe,Tsuthmwe,,21.4525,93.9817,Burma,MM,MMR,Chin State,Chin State,MM-14,state,,12.8,,,4,Asia/Yangon,FALSE,1104712764
Kyauk Pon Kyin,Kyauk Pon Kyin,,20.9734,93.8392,Burma,MM,MMR,Chin State,Chin State,MM-14,state,,8.4,,,5,Asia/Yangon,FALSE,1104000970
Maiyum,Maiyum,,21.4480,97.5767,Burma,MM,MMR,Shan State,Shan State,MM-17,state,,21.2,,,4,Asia/Yangon,FALSE,1104232355
Buku,Buku,Buko-ywa,18.9675,97.0380,Burma,MM,MMR,Kayah State,Kayah State,MM-12,state,,17.7,,,4,Asia/Yangon,FALSE,1104903173
Mān Nampu-lit,Man Nampu-lit,,23.3382,97.8920,Burma,MM,MMR,Shan State,Shan State,MM-17,state,,44.8,,,4,Asia/Yangon,FALSE,1104882449
Chipyudaung,Chipyudaung,,19.3722,94.0490,Burma,MM,MMR,Rakhine State,Rakhine State,MM-16,state,,71.4,,,4,Asia/Yangon,FALSE,1104490575
Shazaunggan,Shazaunggan,,20.0418,95.0894,Burma,MM,MMR,Magway,Magway,MM-03,region,,152.4,,,4,Asia/Yangon,FALSE,1104628040
Saikpya,Saikpya,,19.1613,93.8639,Burma,MM,MMR,Rakhine State,Rakhine State,MM-16,state,,71.4,,,4,Asia/Yangon,FALSE,1104059308
Auk Vi Ton,Auk Vi Ton,,21.1508,94.0546,Burma,MM,MMR,Chin State,Chin State,MM-14,state,,8.4,,,5,Asia/Yangon,FALSE,1104001341
Naw Yo Hta,Naw Yo Hta,,18.5634,97.1108,Burma,MM,MMR,Kayin State,Kayin State,MM-13,state,,2.6,,,5,Asia/Yangon,FALSE,1104008089
Tāsān,Tasan,,25.2427,97.2807,Burma,MM,MMR,Kachin State,Kachin State,MM-11,state,,32.0,,,4,Asia/Yangon,FALSE,1104643325
Kyat Htaung,Kyat Htaung,,20.8537,95.0943,Burma,MM,MMR,Mandalay,Mandalay,MM-04,region,,123.4,,,4,Asia/Yangon,FALSE,1104003077
Kyakatkwin,Kyakatkwin,,17.5380,95.4828,Burma,MM,MMR,Ayeyarwady,Ayeyarwady,MM-07,region,,326.8,,,3,Asia/Yangon,FALSE,1104583259
Ka Mawt Wan,Ka Mawt Wan,,16.0344,97.9151,Burma,MM,MMR,Kayin State,Kayin State,MM-13,state,,60.5,,,4,Asia/Yangon,FALSE,1104007279
Ta Tan Ku,Ta Tan Ku,,16.5653,98.2726,Burma,MM,MMR,Kayin State,Kayin State,MM-13,state,,89.3,,,4,Asia/Yangon,FALSE,1104006798
Wān Wowtawng,Wan Wowtawng,,20.3736,98.4078,Burma,MM,MMR,Shan State,Shan State,MM-17,state,,11.1,,,4,Asia/Yangon,FALSE,1104132030
Nyangyun,Nyangyun,Nyaugyun|Nyaungyun,17.2602,96.6706,Burma,MM,MMR,Bago,Bago,MM-02,region,,154.3,,,4,Asia/Yangon,FALSE,1104199377
Rajawlaw,Rajawlaw,,26.3488,98.6040,Burma,MM,MMR,Kachin State,Kachin State,MM-11,state,,6.0,,,5,Asia/Yangon,FALSE,1104456004
Bualte,Bualte,,23.1167,93.4495,Burma,MM,MMR,Chin State,Chin State,MM-14,state,,16.7,,,4,Asia/Yangon,FALSE,1104001666
Mān Ūmlōng,Man Umlong,,22.3504,98.8272,Burma,MM,MMR,Shan State,Shan State,MM-17,state,,4.6,,,5,Asia/Yangon,FALSE,1104510974
Lungkhin,Lungkhin,,22.1833,93.5833,Burma,MM,MMR,Chin State,Chin State,MM-14,state,,11.1,,,4,Asia/Yangon,FALSE,1104596033
Chaungzauk,Chaungzauk,,17.2724,95.2369,Burma,MM,MMR,Ayeyarwady,Ayeyarwady,MM-07,region,,267.9,,,3,Asia/Yangon,FALSE,1104284390
Chaungzauk,Chaungzauk,,17.3003,95.6275,Burma,MM,MMR,Ayeyarwady,Ayeyarwady,MM-07,region,,231.2,,,3,Asia/Yangon,TRUE,1104193649
Chaungzauk,Chaungzauk,,16.7140,94.7412,Burma,MM,MMR,Ayeyarwady,Ayeyarwady,MM-07,region,,213.4,,,3,Asia/Yangon,TRUE,1104028618
Chaungzauk,Chaungzauk,,17.5995,95.9521,Burma,MM,MMR,Yangon,Yangon,MM-06,region,,177.9,,,4,Asia/Yangon,FALSE,1104605823
Chaungzauk,Chaungzauk,Chaungzank,23.7765,95.1488,Burma,MM,MMR,Sagaing,Sagaing,MM-01,region,,36.4,,,4,Asia/Yangon,FALSE,1104822408
Chaungzauk,Chaungzauk,,18.2789,95.8407,Burma,MM,MMR,Bago,Bago,MM-02,region,,115.0,,,4,Asia/Yangon,FALSE,1104213566
Chaungzauk,Chaungzauk,,18.2743,96.4922,Burma,MM,MMR,Bago,Bago,MM-02,region,,84.1,,,4,Asia/Yangon,TRUE,1104145142
Kon Mai,Kon Mai,,25.4832,98.0421,Burma,MM,MMR,Kachin State,Kachin State,MM-11,state,,12.7,,,4,Asia/Yangon,FALSE,1104008021
Luhkala,Luhkala,,22.8833,99.1167,Burma,MM,MMR,Shan State,Shan State,MM-17,state,,68.4,,,4,Asia/Yangon,FALSE,1104188772
Lugingyi,Lugingyi,,20.8486,95.8578,Burma,MM,MMR,Mandalay,Mandalay,MM-04,region,,235.1,,,3,Asia/Yangon,FALSE,1104000365
Hpanaing,Hpanaing,,24.7849,94.9247,Burma,MM,MMR,Sagaing,Sagaing,MM-01,region,,23.7,,,4,Asia/Yangon,FALSE,1104065916
Ywatamaik,Ywatamaik,,21.3354,95.2545,Burma,MM,MMR,Mandalay,Mandalay,MM-04,region,,150.0,,,4,Asia/Yangon,FALSE,1104047266
Lawmun,Lawmun,,24.2774,97.4799,Burma,MM,MMR,Kachin State,Kachin State,MM-11,state,,44.5,,,4,Asia/Yangon,FALSE,1104079607
Kinde,Kinde,,18.8163,93.7170,Burma,MM,MMR,Rakhine State,Rakhine State,MM-16,state,,100.2,,,4,Asia/Yangon,FALSE,1104319964
Kinde,Kinde,,19.7595,94.2479,Burma,MM,MMR,Rakhine State,Rakhine State,MM-16,state,,16.2,,,4,Asia/Yangon,TRUE,1104274485
Wān Hwè-yao,Wan Hwe-yao,Hwè-yao,19.4533,97.7217,Burma,MM,MMR,Kayah State,Kayah State,MM-12,state,,3.0,,,5,Asia/Yangon,FALSE,1104788871
Kan Zat Kone,Kan Zat Kone,Kanzatkon,20.9652,95.2297,Burma,MM,MMR,Magway,Magway,MM-03,region,,123.4,,,4,Asia/Yangon,FALSE,1104000690
’Npyen Ga,'Npyen Ga,,26.5214,97.7809,Burma,MM,MMR,Kachin State,Kachin State,MM-11,state,,0.6,,,5,Asia/Yangon,FALSE,1104009400
Banlamut,Banlamut,,12.1689,98.9557,Burma,MM,MMR,Tanintharyi,Tanintharyi,MM-05,region,,9.2,,,5,Asia/Yangon,FALSE,1104100609
Yedin,Yedin,,19.2278,95.6450,Burma,MM,MMR,Magway,Magway,MM-03,region,,80.2,,,4,Asia/Yangon,FALSE,1104110769
Lawsun,Lawsun,,25.3012,96.4499,Burma,MM,MMR,Kachin State,Kachin State,MM-11,state,,32.1,,,4,Asia/Yangon,FALSE,1104443713
Nawhpra Ya,Nawhpra Ya,Pakiaochai|Nawpraya|Nawhpra Yang,24.4364,97.6483,Burma,MM,MMR,Kachin State,Kachin State,MM-11,state,,23.4,,,4,Asia/Yangon,FALSE,1104125769
Shachawm Ga,Shachawm Ga,,26.6801,97.7671,Burma,MM,MMR,Kachin State,Kachin State,MM-11,state,,0.6,,,5,Asia/Yangon,FALSE,1104968762
Tangkuwa,Tangkuwa,,21.8706,92.8800,Burma,MM,MMR,Chin State,Chin State,MM-14,state,,15.8,,,4,Asia/Yangon,FALSE,1104941728
Ledagaung,Ledagaung,,21.0119,95.7138,Burma,MM,MMR,Mandalay,Mandalay,MM-04,region,,114.6,,,4,Asia/Yangon,FALSE,1104293509
Aheik,Aheik,,16.7345,95.6060,Burma,MM,MMR,Ayeyarwady,Ayeyarwady,MM-07,region,,213.3,,,3,Asia/Yangon,FALSE,1104537574
Kolo,Kolo,,18.1498,96.6554,Burma,MM,MMR,Bago,Bago,MM-02,region,,84.1,,,4,Asia/Yangon,FALSE,1104905556
Kolo,Kolo,,18.2495,96.9610,Burma,MM,MMR,Bago,Bago,MM-02,region,,53.5,,,4,Asia/Yangon,TRUE,1104850206
Manpa,Manpa,,25.2649,95.1058,Burma,MM,MMR,Sagaing,Sagaing,MM-01,region,,23.7,,,4,Asia/Yangon,FALSE,1104905061
Let Pan Kyin Thee Kone,Let Pan Kyin Thee Kone,,20.7082,95.2154,Burma,MM,MMR,Mandalay,Mandalay,MM-04,region,,123.4,,,4,Asia/Yangon,FALSE,1104003401
Chon Gyi,Chon Gyi,,20.0995,96.2103,Burma,MM,MMR,Nay Pyi Taw,Nay Pyi Taw,MM-18,union territory,,45.3,,,4,Asia/Yangon,FALSE,1104006323
Shan Kone,Shan Kone,,16.7170,97.9083,Burma,MM,MMR,Kayin State,Kayin State,MM-13,state,,144.4,,,4,Asia/Yangon,FALSE,1104007022
Shan Kone,Shan Kone,,16.9465,97.7694,Burma,MM,MMR,Kayin State,Kayin State,MM-13,state,,111.2,,,4,Asia/Yangon,TRUE,1104007023
Shan Kone,Shan Kone,,25.0254,96.5783,Burma,MM,MMR,Kachin State,Kachin State,MM-11,state,,70.8,,,4,Asia/Yangon,FALSE,1104007024
Sagabat,Sagabat,,17.2476,96.1842,Burma,MM,MMR,Yangon,Yangon,MM-06,region,,200.9,,,3,Asia/Yangon,FALSE,1104590976
Magyidaw,Magyidaw,,19.4087,95.1927,Burma,MM,MMR,Magway,Magway,MM-03,region,,79.5,,,4,Asia/Yangon,FALSE,1104398283
Magyidaw,Magyidaw,,19.4826,95.4042,Burma,MM,MMR,Magway,Magway,MM-03,region,,52.3,,,4,Asia/Yangon,TRUE,1104862555
Wān Hpya-hko-hkam,Wan Hpya-hko-hkam,Hpya-hko-hkam,21.3601,100.2817,Burma,MM,MMR,Shan State,Shan State,MM-17,state,,16.9,,,4,Asia/Yangon,FALSE,1104765894
Shwepyi,Shwepyi,,22.3333,96.0833,Burma,MM,MMR,Mandalay,Mandalay,MM-04,region,,231.4,,,3,Asia/Yangon,FALSE,1104752798
Yinnyein,Yinnyein,,16.7875,97.3855,Burma,MM,MMR,Mon State,Mon State,MM-15,state,,187.2,,,4,Asia/Yangon,FALSE,1104393269
Handauk-ale,Handauk-ale,,20.5978,94.3007,Burma,MM,MMR,Magway,Magway,MM-03,region,,15.1,,,4,Asia/Yangon,FALSE,1104523707
Kanywa,Kanywa,,20.5882,96.8702,Burma,MM,MMR,Shan State,Shan State,MM-17,state,,146.3,,,4,Asia/Yangon,FALSE,1104180661
Nar Taung Kya,Nar Taung Kya,,21.8806,96.2183,Burma,MM,MMR,Mandalay,Mandalay,MM-04,region,,417.9,,,3,Asia/Yangon,FALSE,1104005115
Kyein Taw Hmyaung,Kyein Taw Hmyaung,,19.8442,96.2059,Burma,MM,MMR,Nay Pyi Taw,Nay Pyi Taw,MM-18,union territory,,190.5,,,4,Asia/Yangon,FALSE,1104006495
Paletko,Paletko,,17.5755,95.5675,Burma,MM,MMR,Ayeyarwady,Ayeyarwady,MM-07,region,,297.8,,,3,Asia/Yangon,FALSE,1104356393
Wadi,Wadi,,18.8794,96.4715,Burma,MM,MMR,Bago,Bago,MM-02,region,,108.0,,,4,Asia/Yangon,FALSE,1104319948
Palawn Ga,Palawn Ga,,26.1909,96.8372,Burma,MM,MMR,Kachin State,Kachin State,MM-11,state,,7.0,,,5,Asia/Yangon,FALSE,1104565067
Npyen Ga,Npyen Ga,Npyem Ga,26.4239,97.8229,Burma,MM,MMR,Kachin State,Kachin State,MM-11,state,,0.4,,,5,Asia/Yangon,FALSE,1104588954
Semuhedo,Semuhedo,,18.3992,97.0665,Burma,MM,MMR,Kayin State,Kayin State,MM-13,state,,2.6,,,5,Asia/Yangon,FALSE,1104001785
Tagon,Tagon,,23.4093,95.3909,Burma,MM,MMR,Sagaing,Sagaing,MM-01,region,,36.6,,,4,Asia/Yangon,FALSE,1104923822
Godusara,Godusara,,20.7577,92.4207,Burma,MM,MMR,Rakhine State,Rakhine State,MM-16,state,,24.2,,,4,Asia/Yangon,FALSE,1104778685
Mān Ke-hkang,Man Ke-hkang,,23.2283,98.2633,Burma,MM,MMR,Shan State,Shan State,MM-17,state,,89.9,,,4,Asia/Yangon,FALSE,1104555262
Ketthin,Ketthin,,22.4881,95.9860,Burma,MM,MMR,Mandalay,Mandalay,MM-04,region,,101.0,,,4,Asia/Yangon,FALSE,1104539873
Kyaukalat,Kyaukalat,,18.2830,94.3306,Burma,MM,MMR,Rakhine State,Rakhine State,MM-16,state,,32.3,,,4,Asia/Yangon,FALSE,1104932453
Hta Min Ma Sar,Hta Min Ma Sar,,13.1168,98.6371,Burma,MM,MMR,Tanintharyi,Tanintharyi,MM-05,region,,61.9,,,4,Asia/Yangon,FALSE,1104001272
Kyauk Khwet,Kyauk Khwet,,20.0134,96.2317,Burma,MM,MMR,Nay Pyi Taw,Nay Pyi Taw,MM-18,union territory,,181.3,,,4,Asia/Yangon,FALSE,1104009308
Awingyi-ashe,Awingyi-ashe,Awingyi,17.1703,97.3055,Burma,MM,MMR,Mon State,Mon State,MM-15,state,,76.6,,,4,Asia/Yangon,FALSE,1104288949
Pāngnö,Pangno,,22.6804,97.3330,Burma,MM,MMR,Shan State,Shan State,MM-17,state,,35.8,,,4,Asia/Yangon,FALSE,1104005875
Mān Panghō-lōng,Man Pangho-long,Mān Panghe-long,22.4769,98.8105,Burma,MM,MMR,Shan State,Shan State,MM-17,state,,83.5,,,4,Asia/Yangon,FALSE,1104527194
Kamuthi,Kamuthi,,18.2901,97.0028,Burma,MM,MMR,Bago,Bago,MM-02,region,,53.5,,,4,Asia/Yangon,FALSE,1104804966
Lama,Lama,Lema,19.6100,95.9056,Burma,MM,MMR,Nay Pyi Taw,Nay Pyi Taw,MM-18,union territory,,52.5,,,4,Asia/Yangon,FALSE,1104075575
Inwun,Inwun,,19.8448,95.5660,Burma,MM,MMR,Magway,Magway,MM-03,region,,118.0,,,4,Asia/Yangon,FALSE,1104888981
Sagaing,Sagaing,,17.4163,96.1586,Burma,MM,MMR,Yangon,Yangon,MM-06,region,,200.9,,,3,Asia/Yangon,FALSE,1104502295
Lama,Lama,,24.9834,97.4163,Burma,MM,MMR,Kachin State,Kachin State,MM-11,state,,76.4,,,4,Asia/Yangon,FALSE,1104982625
Lama,Lama,,25.7096,96.3489,Burma,MM,MMR,Kachin State,Kachin State,MM-11,state,,74.0,,,4,Asia/Yangon,TRUE,1104172778
Serbukhi,Serbukhi,,17.9265,97.2942,Burma,MM,MMR,Kayin State,Kayin State,MM-13,state,,2.6,,,5,Asia/Yangon,FALSE,1104000169
Thagya,Thagya,,16.7201,98.1996,Burma,MM,MMR,Kayin State,Kayin State,MM-13,state,,89.3,,,4,Asia/Yangon,FALSE,1104208487
Ma-u-bin,Ma-u-bin,,18.2771,96.5790,Burma,MM,MMR,Bago,Bago,MM-02,region,,100.5,,,4,Asia/Yangon,FALSE,1104951127
Rapdok,Rapdok,,21.3027,93.5859,Burma,MM,MMR,Chin State,Chin State,MM-14,state,,12.8,,,4,Asia/Yangon,FALSE,1104711707
Wān Nawla,Wan Nawla,,19.3039,97.6641,Burma,MM,MMR,Kayah State,Kayah State,MM-12,state,,3.0,,,5,Asia/Yangon,FALSE,1104525832
Set Pyit Pyin,Set Pyit Pyin,,21.7375,92.7983,Burma,MM,MMR,Chin State,Chin State,MM-14,state,,15.8,,,4,Asia/Yangon,FALSE,1104004114
Sar Raik Ta,Sar Raik Ta,,27.3528,97.4849,Burma,MM,MMR,Kachin State,Kachin State,MM-11,state,,10.9,,,4,Asia/Yangon,FALSE,1104008910
Möngwan,Mongwan,,20.1862,97.0454,Burma,MM,MMR,Shan State,Shan State,MM-17,state,,146.3,,,4,Asia/Yangon,FALSE,1104055441
Gyon-gyon-gya,Gyon-gyon-gya,,11.7333,98.6667,Burma,MM,MMR,Tanintharyi,Tanintharyi,MM-05,region,,42.2,,,4,Asia/Yangon,FALSE,1104310629
In Bar Par,In Bar Par,,24.0534,97.5799,Burma,MM,MMR,Kachin State,Kachin State,MM-11,state,,17.4,,,4,Asia/Yangon,FALSE,1104007754
Bawtala,Bawtala,,21.2775,92.2498,Burma,MM,MMR,Rakhine State,Rakhine State,MM-16,state,,24.2,,,4,Asia/Yangon,FALSE,1104443487
Ganga,Ganga,,19.2927,93.8161,Burma,MM,MMR,Rakhine State,Rakhine State,MM-16,state,,122.4,,,4,Asia/Yangon,FALSE,1104141873
Hari Charan,Hari Charan,,18.1491,96.5902,Burma,MM,MMR,Bago,Bago,MM-02,region,,84.1,,,4,Asia/Yangon,FALSE,1104063494
Thahnga,Thahnga,,19.5374,95.3386,Burma,MM,MMR,Magway,Magway,MM-03,region,,52.3,,,4,Asia/Yangon,FALSE,1104763397
Honawngpong,Honawngpong,,20.9264,97.6542,Burma,MM,MMR,Shan State,Shan State,MM-17,state,,40.0,,,4,Asia/Yangon,FALSE,1104127528
Kaingdaung,Kaingdaung,,21.0924,93.0362,Burma,MM,MMR,Chin State,Chin State,MM-14,state,,7.7,,,5,Asia/Yangon,FALSE,1104363087
Leingnang,Leingnang,,21.9705,92.7641,Burma,MM,MMR,Chin State,Chin State,MM-14,state,,15.8,,,4,Asia/Yangon,FALSE,1104094224
Hwe-nawng,Hwe-nawng,,20.7491,98.0953,Burma,MM,MMR,Shan State,Shan State,MM-17,state,,14.1,,,4,Asia/Yangon,FALSE,1104941936
Myo-gyi,Myo-gyi,,21.4513,96.3724,Burma,MM,MMR,Shan State,Shan State,MM-17,state,,29.8,,,4,Asia/Yangon,FALSE,1104767261
Htan Kyin,Htan Kyin,,21.2558,95.3819,Burma,MM,MMR,Mandalay,Mandalay,MM-04,region,,150.0,,,4,Asia/Yangon,FALSE,1104005456
Palanbin,Palanbin,,20.3608,95.2983,Burma,MM,MMR,Magway,Magway,MM-03,region,,80.6,,,4,Asia/Yangon,FALSE,1104768761
Min Ga Lar Kone,Min Ga Lar Kone,,17.1392,95.9255,Burma,MM,MMR,Yangon,Yangon,MM-06,region,,276.0,,,3,Asia/Yangon,FALSE,1104007571
Palanbin,Palanbin,,21.9821,94.5732,Burma,MM,MMR,Sagaing,Sagaing,MM-01,region,,87.8,,,4,Asia/Yangon,FALSE,1104654619
Wān Loi-namtau,Wan Loi-namtau,Wān Loi-namtü,21.6377,97.3463,Burma,MM,MMR,Shan State,Shan State,MM-17,state,,21.0,,,4,Asia/Yangon,FALSE,1104792189
Nwedan,Nwedan,,23.3871,94.8338,Burma,MM,MMR,Sagaing,Sagaing,MM-01,region,,23.4,,,4,Asia/Yangon,FALSE,1104947471
Chaunggyauk,Chaunggyauk,,20.5423,96.5007,Burma,MM,MMR,Mandalay,Mandalay,MM-04,region,,91.9,,,4,Asia/Yangon,FALSE,1104500730
Pawachaungwa,Pawachaungwa,,12.1315,98.8852,Burma,MM,MMR,Tanintharyi,Tanintharyi,MM-05,region,,9.2,,,5,Asia/Yangon,FALSE,1104863067
Kanbyu Anauk,Kanbyu Anauk,Kanbyu,22.2631,95.3974,Burma,MM,MMR,Sagaing,Sagaing,MM-01,region,,121.6,,,4,Asia/Yangon,FALSE,1104140596
Laungdaing,Laungdaing,,16.9533,95.1301,Burma,MM,MMR,Ayeyarwady,Ayeyarwady,MM-07,region,,220.7,,,3,Asia/Yangon,FALSE,1104055248
Myitson,Myitson,,21.4317,96.4574,Burma,MM,MMR,Shan State,Shan State,MM-17,state,,29.8,,,4,Asia/Yangon,FALSE,1104743184
Myitson,Myitson,,23.2714,96.5550,Burma,MM,MMR,Shan State,Shan State,MM-17,state,,25.0,,,4,Asia/Yangon,TRUE,1104320824
Wetin,Wetin,,23.6808,94.8382,Burma,MM,MMR,Sagaing,Sagaing,MM-01,region,,14.3,,,4,Asia/Yangon,FALSE,1104993287
Namhtun,Namhtun,,24.7424,96.6093,Burma,MM,MMR,Kachin State,Kachin State,MM-11,state,,32.1,,,4,Asia/Yangon,FALSE,1104205266
Kyangin,Kyangin,Kyan-kin,18.3353,95.2394,Burma,MM,MMR,Ayeyarwady,Ayeyarwady,MM-07,region,,79.1,,,4,Asia/Yangon,FALSE,1104384589
Wan Konglenling,Wan Konglenling,,20.8086,97.9360,Burma,MM,MMR,Shan State,Shan State,MM-17,state,,40.0,,,4,Asia/Yangon,FALSE,1104893643
Kyangin,Kyangin,Kyankin,18.8510,96.3395,Burma,MM,MMR,Bago,Bago,MM-02,region,,106.4,,,4,Asia/Yangon,FALSE,1104977968
Moteinbyin,Moteinbyin,,16.5496,94.3434,Burma,MM,MMR,Ayeyarwady,Ayeyarwady,MM-07,region,,33.4,,,4,Asia/Yangon,FALSE,1104280594
Twirein,Twirein,,21.5980,93.8656,Burma,MM,MMR,Chin State,Chin State,MM-14,state,,12.8,,,4,Asia/Yangon,FALSE,1104003781
Kraunghta,Kraunghta,,21.3167,92.2333,Burma,MM,MMR,Rakhine State,Rakhine State,MM-16,state,,24.2,,,4,Asia/Yangon,FALSE,1104858187
Yeikauk,Yeikauk,,21.3667,93.2500,Burma,MM,MMR,Chin State,Chin State,MM-14,state,,7.7,,,5,Asia/Yangon,FALSE,1104976528
Monchaung,Monchaung,,19.5219,95.0333,Burma,MM,MMR,Magway,Magway,MM-03,region,,79.4,,,4,Asia/Yangon,FALSE,1104673378
Namhū-hsim,Namhu-hsim,,20.7950,98.0698,Burma,MM,MMR,Shan State,Shan State,MM-17,state,,40.0,,,4,Asia/Yangon,FALSE,1104926140
Thaw,Thaw,Thawa,23.6769,95.5753,Burma,MM,MMR,Sagaing,Sagaing,MM-01,region,,73.3,,,4,Asia/Yangon,FALSE,1104058311
Payonhla,Payonhla,,19.0167,94.8667,Burma,MM,MMR,Magway,Magway,MM-03,region,,59.9,,,4,Asia/Yangon,FALSE,1104629947
Tettēzu,Tettezu,,16.3590,95.6220,Burma,MM,MMR,Ayeyarwady,Ayeyarwady,MM-07,region,,245.2,,,3,Asia/Yangon,FALSE,1104352299
Ti Pin Kone,Ti Pin Kone,,20.8093,95.8043,Burma,MM,MMR,Mandalay,Mandalay,MM-04,region,,235.1,,,3,Asia/Yangon,FALSE,1104002552
Thittat,Thittat,,12.2246,98.9973,Burma,MM,MMR,Tanintharyi,Tanintharyi,MM-05,region,,9.2,,,5,Asia/Yangon,FALSE,1104823593
Se Taw,Se Taw,,21.1219,95.4994,Burma,MM,MMR,Mandalay,Mandalay,MM-04,region,,150.0,,,4,Asia/Yangon,FALSE,1104002529
Se Taw,Se Taw,Sedaw,21.0324,95.6987,Burma,MM,MMR,Mandalay,Mandalay,MM-04,region,,114.6,,,4,Asia/Yangon,TRUE,1104813031
Moseido,Moseido,,18.1487,97.3835,Burma,MM,MMR,Kayin State,Kayin State,MM-13,state,,2.6,,,5,Asia/Yangon,FALSE,1104557099
Ziwun,Ziwun,,17.1867,97.2989,Burma,MM,MMR,Mon State,Mon State,MM-15,state,,76.6,,,4,Asia/Yangon,FALSE,1104432586
Pruma,Pruma,,21.0313,92.2877,Burma,MM,MMR,Rakhine State,Rakhine State,MM-16,state,,24.2,,,4,Asia/Yangon,FALSE,1104683953
Mān Ho-kang,Man Ho-kang,,23.3120,97.5515,Burma,MM,MMR,Shan State,Shan State,MM-17,state,,16.7,,,4,Asia/Yangon,FALSE,1104640442
Wān Um-yāwng,Wan Um-yawng,,20.7006,98.6325,Burma,MM,MMR,Shan State,Shan State,MM-17,state,,7.1,,,5,Asia/Yangon,FALSE,1104928661
Wān Hpya-hpōm,Wan Hpya-hpom,Wān Hpya-hpōn,20.3818,99.7948,Burma,MM,MMR,Shan State,Shan State,MM-17,state,,66.3,,,4,Asia/Yangon,FALSE,1104774273
Wān Hpya-hpom,Wan Hpya-hpom,,20.0861,98.8067,Burma,MM,MMR,Shan State,Shan State,MM-17,state,,7.1,,,5,Asia/Yangon,TRUE,1104173566
Kodaungma,Kodaungma,,24.4769,95.1862,Burma,MM,MMR,Sagaing,Sagaing,MM-01,region,,23.7,,,4,Asia/Yangon,FALSE,1104385275
Shapahkang,Shapahkang,,26.7355,97.9549,Burma,MM,MMR,Kachin State,Kachin State,MM-11,state,,2.4,,,5,Asia/Yangon,FALSE,1104707621
Loi-kong,Loi-kong,,22.3720,96.9891,Burma,MM,MMR,Shan State,Shan State,MM-17,state,,61.0,,,4,Asia/Yangon,FALSE,1104948886
Loi-kong,Loi-kong,,22.6146,96.8897,Burma,MM,MMR,Shan State,Shan State,MM-17,state,,61.0,,,4,Asia/Yangon,TRUE,1104947253
Loi-kong,Loi-kong,,22.1788,97.0781,Burma,MM,MMR,Shan State,Shan State,MM-17,state,,16.3,,,4,Asia/Yangon,TRUE,1104208448
Lebè,Lebe,,19.0355,95.4313,Burma,MM,MMR,Bago,Bago,MM-02,region,,306.2,,,3,Asia/Yangon,FALSE,1104546152
Lebe,Lebe,,21.4665,94.6115,Burma,MM,MMR,Magway,Magway,MM-03,region,,62.4,,,4,Asia/Yangon,FALSE,1104153158
Daingbôn,Daingbon,,20.1014,93.4281,Burma,MM,MMR,Rakhine State,Rakhine State,MM-16,state,,59.2,,,4,Asia/Yangon,FALSE,1104942035
Manteng,Manteng,,23.0002,96.8970,Burma,MM,MMR,Shan State,Shan State,MM-17,state,,25.0,,,4,Asia/Yangon,FALSE,1104711277
Mway Hauk,Mway Hauk,Mwehauk,16.3007,97.7837,Burma,MM,MMR,Mon State,Mon State,MM-15,state,,129.2,,,4,Asia/Yangon,FALSE,1104227856
Punga,Punga,,25.2237,96.7236,Burma,MM,MMR,Kachin State,Kachin State,MM-11,state,,44.0,,,4,Asia/Yangon,FALSE,1104235942
Phagyi,Phagyi,,15.2758,97.9651,Burma,MM,MMR,Mon State,Mon State,MM-15,state,,120.1,,,4,Asia/Yangon,FALSE,1104592268
Loi-tawng,Loi-tawng,,23.4318,97.7596,Burma,MM,MMR,Shan State,Shan State,MM-17,state,,60.4,,,4,Asia/Yangon,FALSE,1104446439
Loi-tawng,Loi-tawng,,21.7705,97.8460,Burma,MM,MMR,Shan State,Shan State,MM-17,state,,31.6,,,4,Asia/Yangon,TRUE,1104195765
Thone Ein,Thone Ein,,17.0958,97.6124,Burma,MM,MMR,Kayin State,Kayin State,MM-13,state,,144.4,,,4,Asia/Yangon,FALSE,1104006213
Kathapa-anauk,Kathapa-anauk,Kathapa,17.0198,97.3296,Burma,MM,MMR,Mon State,Mon State,MM-15,state,,169.9,,,4,Asia/Yangon,FALSE,1104115178
Kwanpaung,Kwanpaung,,17.1923,96.4904,Burma,MM,MMR,Bago,Bago,MM-02,region,,160.9,,,4,Asia/Yangon,FALSE,1104449982
Nyaunggaw,Nyaunggaw,,22.5220,95.7778,Burma,MM,MMR,Sagaing,Sagaing,MM-01,region,,300.8,,,3,Asia/Yangon,FALSE,1104597373
Hpa-hseng,Hpa-hseng,,22.6016,97.8309,Burma,MM,MMR,Shan State,Shan State,MM-17,state,,26.4,,,4,Asia/Yangon,FALSE,1104988828
Kinchang,Kinchang,Marawng,26.5332,98.0229,Burma,MM,MMR,Kachin State,Kachin State,MM-11,state,,0.6,,,5,Asia/Yangon,FALSE,1104983111
Shwe Pa Daing East,Shwe Pa Daing East,,20.8208,95.8772,Burma,MM,MMR,Mandalay,Mandalay,MM-04,region,,235.1,,,3,Asia/Yangon,FALSE,1104002104
Nawng-na,Nawng-na,,26.5137,97.4315,Burma,MM,MMR,Kachin State,Kachin State,MM-11,state,,0.6,,,5,Asia/Yangon,FALSE,1104225263
Na-awn,Na-awn,Yathanchaung,15.7741,98.0231,Burma,MM,MMR,Kayin State,Kayin State,MM-13,state,,28.6,,,4,Asia/Yangon,FALSE,1104737227
Leyinde,Leyinde,,23.6448,95.5128,Burma,MM,MMR,Sagaing,Sagaing,MM-01,region,,74.5,,,4,Asia/Yangon,FALSE,1104220825
Athanaw,Athanaw,,17.6938,95.6637,Burma,MM,MMR,Bago,Bago,MM-02,region,,139.4,,,4,Asia/Yangon,FALSE,1104465561
Na-awn,Na-awn,,19.8308,97.5930,Burma,MM,MMR,Shan State,Shan State,MM-17,state,,14.6,,,4,Asia/Yangon,FALSE,1104087183
M’lai,M'lai,,21.2811,93.8666,Burma,MM,MMR,Chin State,Chin State,MM-14,state,,12.8,,,4,Asia/Yangon,FALSE,1104004043
Byizindaing,Byizindaing,,19.2659,95.4668,Burma,MM,MMR,Magway,Magway,MM-03,region,,80.2,,,4,Asia/Yangon,FALSE,1104867590
Doni,Doni,,21.2674,96.7858,Burma,MM,MMR,Shan State,Shan State,MM-17,state,,51.6,,,4,Asia/Yangon,FALSE,1104590311
Zalokkyi,Zalokkyi,,18.5937,96.5269,Burma,MM,MMR,Bago,Bago,MM-02,region,,208.2,,,3,Asia/Yangon,FALSE,1104000151
Zalokkyi,Zalokkyi,,17.6502,95.6495,Burma,MM,MMR,Bago,Bago,MM-02,region,,139.4,,,4,Asia/Yangon,TRUE,1104010189
Zalokkyi,Zalokkyi,,18.1977,96.4564,Burma,MM,MMR,Bago,Bago,MM-02,region,,84.1,,,4,Asia/Yangon,TRUE,1104795513
Zalokkyi,Zalokkyi,,19.1839,96.2768,Burma,MM,MMR,Bago,Bago,MM-02,region,,78.0,,,4,Asia/Yangon,TRUE,1104100806
Zalokkyi,Zalokkyi,,19.4707,95.9366,Burma,MM,MMR,Bago,Bago,MM-02,region,,76.7,,,4,Asia/Yangon,TRUE,1104368783
Zalokkyi,Zalokkyi,,17.6227,96.8978,Burma,MM,MMR,Bago,Bago,MM-02,region,,65.7,,,4,Asia/Yangon,TRUE,1104504151
Zalokkyi,Zalokkyi,Zalokgyi,20.3916,95.3642,Burma,MM,MMR,Magway,Magway,MM-03,region,,80.6,,,4,Asia/Yangon,FALSE,1104062367
Nam-hpat,Nam-hpat,,22.8171,97.6373,Burma,MM,MMR,Shan State,Shan State,MM-17,state,,89.9,,,4,Asia/Yangon,FALSE,1104608476
Zalokkyi,Zalokkyi,,17.9158,95.3811,Burma,MM,MMR,Ayeyarwady,Ayeyarwady,MM-07,region,,128.4,,,4,Asia/Yangon,FALSE,1104522244
Taw Shey,Taw Shey,,14.1281,98.1253,Burma,MM,MMR,Tanintharyi,Tanintharyi,MM-05,region,,143.9,,,4,Asia/Yangon,FALSE,1104003522
Tonlao,Tonlao,,20.7543,98.3550,Burma,MM,MMR,Shan State,Shan State,MM-17,state,,11.1,,,4,Asia/Yangon,FALSE,1104071331
Htay Kho,Htay Kho,,19.3343,96.9412,Burma,MM,MMR,Kayah State,Kayah State,MM-12,state,,17.5,,,4,Asia/Yangon,FALSE,1104001501
Mukani,Mukani,,16.6343,97.7655,Burma,MM,MMR,Kayin State,Kayin State,MM-13,state,,144.4,,,4,Asia/Yangon,FALSE,1104163803
Kalauktaya,Kalauktaya,,16.4250,96.0979,Burma,MM,MMR,Yangon,Yangon,MM-06,region,,199.4,,,4,Asia/Yangon,FALSE,1104218931
Taw-u,Taw-u,,17.2442,95.1836,Burma,MM,MMR,Ayeyarwady,Ayeyarwady,MM-07,region,,267.9,,,3,Asia/Yangon,FALSE,1104038301
Kawwale,Kawwale,,16.5647,98.0675,Burma,MM,MMR,Kayin State,Kayin State,MM-13,state,,89.3,,,4,Asia/Yangon,FALSE,1104554452
Nga Kuye,Nga Kuye,,20.2247,93.0907,Burma,MM,MMR,Rakhine State,Rakhine State,MM-16,state,,134.9,,,4,Asia/Yangon,FALSE,1104169245
Wān Nawng-et,Wan Nawng-et,Nawng-et,21.3910,99.6346,Burma,MM,MMR,Shan State,Shan State,MM-17,state,,46.4,,,4,Asia/Yangon,FALSE,1104000091
Longtaw,Longtaw,,21.2500,97.7667,Burma,MM,MMR,Shan State,Shan State,MM-17,state,,21.4,,,4,Asia/Yangon,FALSE,1104614965
Myinga,Myinga,,20.1177,93.0254,Burma,MM,MMR,Rakhine State,Rakhine State,MM-16,state,,134.9,,,4,Asia/Yangon,FALSE,1104001152
Myauktaung,Myauktaung,,20.9511,93.0001,Burma,MM,MMR,Rakhine State,Rakhine State,MM-16,state,,87.3,,,4,Asia/Yangon,FALSE,1104232212
Nā-yawn,Na-yawn,,21.3445,97.6531,Burma,MM,MMR,Shan State,Shan State,MM-17,state,,21.4,,,4,Asia/Yangon,FALSE,1104124307
Tawgan,Tawgan,,20.1720,93.2754,Burma,MM,MMR,Rakhine State,Rakhine State,MM-16,state,,42.5,,,4,Asia/Yangon,FALSE,1104159441
Wān Waw,Wan Waw,,21.3173,99.0292,Burma,MM,MMR,Shan State,Shan State,MM-17,state,,12.1,,,4,Asia/Yangon,FALSE,1104149115
Na-kawm,Na-kawm,,23.3231,98.2061,Burma,MM,MMR,Shan State,Shan State,MM-17,state,,40.7,,,4,Asia/Yangon,FALSE,1104603843
Sopum,Sopum,Shopun,22.7833,93.3833,Burma,MM,MMR,Chin State,Chin State,MM-14,state,,14.6,,,4,Asia/Yangon,FALSE,1104917142
Nam-yom,Nam-yom,,22.5806,97.8463,Burma,MM,MMR,Shan State,Shan State,MM-17,state,,26.4,,,4,Asia/Yangon,FALSE,1104296829
Se-ta-lon,Se-ta-lon,,22.1156,96.5341,Burma,MM,MMR,Mandalay,Mandalay,MM-04,region,,117.9,,,4,Asia/Yangon,FALSE,1104973028
Tebinde,Tebinde,,21.0835,95.1111,Burma,MM,MMR,Mandalay,Mandalay,MM-04,region,,109.8,,,4,Asia/Yangon,FALSE,1104835659
Lawhkum,Lawhkum,,25.1541,97.6975,Burma,MM,MMR,Kachin State,Kachin State,MM-11,state,,31.0,,,4,Asia/Yangon,FALSE,1104000164
Lawhkum,Lawhkum,,27.2593,98.2241,Burma,MM,MMR,Kachin State,Kachin State,MM-11,state,,2.4,,,5,Asia/Yangon,TRUE,1104597302
Thamaw,Thamaw,Tamaw,24.2001,95.3632,Burma,MM,MMR,Sagaing,Sagaing,MM-01,region,,33.1,,,4,Asia/Yangon,FALSE,1104285385
Inkabo-atet,Inkabo-atet,,17.4433,96.9715,Burma,MM,MMR,Mon State,Mon State,MM-15,state,,177.7,,,4,Asia/Yangon,FALSE,1104321679
Limokhi,Limokhi,Lanmoki,17.7225,97.1754,Burma,MM,MMR,Kayin State,Kayin State,MM-13,state,,2.6,,,5,Asia/Yangon,FALSE,1104162760
Naungkanman,Naungkanman,,24.1248,96.5753,Burma,MM,MMR,Shan State,Shan State,MM-17,state,,10.1,,,4,Asia/Yangon,FALSE,1104668255
Nā-kun,Na-kun,,23.0024,97.6705,Burma,MM,MMR,Shan State,Shan State,MM-17,state,,89.9,,,4,Asia/Yangon,FALSE,1104284089
Nā-kun,Na-kun,,22.6853,97.7949,Burma,MM,MMR,Shan State,Shan State,MM-17,state,,37.5,,,4,Asia/Yangon,TRUE,1104458895
Nā-kun,Na-kun,,20.4752,97.6651,Burma,MM,MMR,Shan State,Shan State,MM-17,state,,14.1,,,4,Asia/Yangon,TRUE,1104788951
Takka,Takka,,27.1650,98.5043,Burma,MM,MMR,Kachin State,Kachin State,MM-11,state,,2.4,,,5,Asia/Yangon,FALSE,1104793279
Htipawng,Htipawng,,20.1708,96.8295,Burma,MM,MMR,Shan State,Shan State,MM-17,state,,50.9,,,4,Asia/Yangon,FALSE,1104074890
Kyee Oke,Kyee Oke,Kyi-ok,16.3983,97.9390,Burma,MM,MMR,Mon State,Mon State,MM-15,state,,129.2,,,4,Asia/Yangon,FALSE,1104318458
Tsingdu,Tsingdu,,26.3197,95.6047,Burma,MM,MMR,Sagaing,Sagaing,MM-01,region,,13.7,,,4,Asia/Yangon,FALSE,1104005420
Mbingyaw,Mbingyaw,,21.3667,93.9500,Burma,MM,MMR,Chin State,Chin State,MM-14,state,,12.8,,,4,Asia/Yangon,FALSE,1104146369
Nā-ka,Na-ka,,22.8435,97.9897,Burma,MM,MMR,Shan State,Shan State,MM-17,state,,89.9,,,4,Asia/Yangon,FALSE,1104013079
Pazin,Pazin,,19.4042,94.5846,Burma,MM,MMR,Magway,Magway,MM-03,region,,20.8,,,4,Asia/Yangon,FALSE,1104722866
Māntawngkyi,Mantawngkyi,,22.1854,97.3470,Burma,MM,MMR,Shan State,Shan State,MM-17,state,,35.8,,,4,Asia/Yangon,FALSE,1104672825
Mawkkalat,Mawkkalat,,22.6833,99.0667,Burma,MM,MMR,Shan State,Shan State,MM-17,state,,72.5,,,4,Asia/Yangon,FALSE,1104859920
Ta-lè-hkrè,Ta-le-hkre,,19.2407,97.0673,Burma,MM,MMR,Kayah State,Kayah State,MM-12,state,,17.5,,,4,Asia/Yangon,FALSE,1104646556
Māklāng,Maklang,,22.7431,98.3006,Burma,MM,MMR,Shan State,Shan State,MM-17,state,,38.2,,,4,Asia/Yangon,FALSE,1104871864
Maklang,Maklang,,22.0556,97.9046,Burma,MM,MMR,Shan State,Shan State,MM-17,state,,34.7,,,4,Asia/Yangon,TRUE,1104483916
Maklang,Maklang,,23.4967,98.2298,Burma,MM,MMR,Shan State,Shan State,MM-17,state,,34.3,,,4,Asia/Yangon,TRUE,1104473298
Maklang,Maklang,,21.8796,97.9793,Burma,MM,MMR,Shan State,Shan State,MM-17,state,,31.6,,,4,Asia/Yangon,TRUE,1104168564
Māklāng,Maklang,,22.3589,98.0960,Burma,MM,MMR,Shan State,Shan State,MM-17,state,,26.4,,,4,Asia/Yangon,TRUE,1104013568
Maklang,Maklang,,21.2891,97.7019,Burma,MM,MMR,Shan State,Shan State,MM-17,state,,21.4,,,4,Asia/Yangon,TRUE,1104189488
Maklang,Maklang,,21.5364,97.7008,Burma,MM,MMR,Shan State,Shan State,MM-17,state,,21.1,,,4,Asia/Yangon,TRUE,1104821615
Maklang,Maklang,,20.3279,97.7179,Burma,MM,MMR,Shan State,Shan State,MM-17,state,,14.8,,,4,Asia/Yangon,TRUE,1104688597
Māklāng,Maklang,,20.7583,98.3374,Burma,MM,MMR,Shan State,Shan State,MM-17,state,,11.1,,,4,Asia/Yangon,TRUE,1104202032
Galet-to,Galet-to,,11.6333,98.7500,Burma,MM,MMR,Tanintharyi,Tanintharyi,MM-05,region,,10.8,,,4,Asia/Yangon,FALSE,1104975280
Pyin Thar,Pyin Thar,Pyintha,20.9452,95.8770,Burma,MM,MMR,Mandalay,Mandalay,MM-04,region,,235.1,,,3,Asia/Yangon,FALSE,1104367211
Pyin Thar,Pyin Thar,Pyintha,11.9702,98.6164,Burma,MM,MMR,Tanintharyi,Tanintharyi,MM-05,region,,42.2,,,4,Asia/Yangon,FALSE,1104663749
Sutlan,Sutlan,,17.7317,95.6366,Burma,MM,MMR,Bago,Bago,MM-02,region,,116.9,,,4,Asia/Yangon,FALSE,1104498471
Wadaung,Wadaung,,19.2678,93.6717,Burma,MM,MMR,Rakhine State,Rakhine State,MM-16,state,,122.4,,,4,Asia/Yangon,FALSE,1104620417
Wadaung,Wadaung,,19.4261,93.6861,Burma,MM,MMR,Rakhine State,Rakhine State,MM-16,state,,122.4,,,4,Asia/Yangon,TRUE,1104134583
Wadaung,Wadaung,,20.6662,92.9237,Burma,MM,MMR,Rakhine State,Rakhine State,MM-16,state,,87.3,,,4,Asia/Yangon,TRUE,1104508982
Kabaingchaung,Kabaingchaung,,20.3171,93.2007,Burma,MM,MMR,Rakhine State,Rakhine State,MM-16,state,,134.9,,,4,Asia/Yangon,FALSE,1104325831
Kabaingchaung,Kabaingchaung,,19.3871,93.7801,Burma,MM,MMR,Rakhine State,Rakhine State,MM-16,state,,122.4,,,4,Asia/Yangon,TRUE,1104727105
Hsieo-htang,Hsieo-htang,,23.8689,98.6186,Burma,MM,MMR,Shan State,Shan State,MM-17,state,,83.1,,,4,Asia/Yangon,FALSE,1104079596
Nawngpawkwi,Nawngpawkwi,,22.2247,97.2077,Burma,MM,MMR,Shan State,Shan State,MM-17,state,,61.0,,,4,Asia/Yangon,FALSE,1104017876
Namheinkaw,Namheinkaw,,24.6709,94.7740,Burma,MM,MMR,Sagaing,Sagaing,MM-01,region,,23.7,,,4,Asia/Yangon,FALSE,1104015115
Htee Taw Taw,Htee Taw Taw,,17.8370,97.3402,Burma,MM,MMR,Kayin State,Kayin State,MM-13,state,,2.6,,,5,Asia/Yangon,FALSE,1104005953
Kyungyi,Kyungyi,,22.3214,96.0155,Burma,MM,MMR,Mandalay,Mandalay,MM-04,region,,101.6,,,4,Asia/Yangon,FALSE,1104306269
Kyungyi,Kyungyi,,23.6678,96.1065,Burma,MM,MMR,Mandalay,Mandalay,MM-04,region,,50.0,,,4,Asia/Yangon,TRUE,1104420053
Lakilon,Lakilon,,19.7175,96.9716,Burma,MM,MMR,Shan State,Shan State,MM-17,state,,55.3,,,4,Asia/Yangon,FALSE,1104764357
Hpaklo,Hpaklo,,20.7790,97.6326,Burma,MM,MMR,Shan State,Shan State,MM-17,state,,40.0,,,4,Asia/Yangon,FALSE,1104281904
Hpaklö,Hpaklo,,21.4023,97.5709,Burma,MM,MMR,Shan State,Shan State,MM-17,state,,21.4,,,4,Asia/Yangon,TRUE,1104926473
Hpatawng,Hpatawng,Hpa-taung,25.2609,96.3722,Burma,MM,MMR,Kachin State,Kachin State,MM-11,state,,32.1,,,4,Asia/Yangon,FALSE,1104051680
Na-nwe,Na-nwe,,20.6710,96.9751,Burma,MM,MMR,Shan State,Shan State,MM-17,state,,146.3,,,4,Asia/Yangon,FALSE,1104341158
Pettauk,Pettauk,,12.8449,98.9304,Burma,MM,MMR,Tanintharyi,Tanintharyi,MM-05,region,,9.2,,,5,Asia/Yangon,FALSE,1104725726
Theindaung,Theindaung,,20.6030,92.6561,Burma,MM,MMR,Rakhine State,Rakhine State,MM-16,state,,112.4,,,4,Asia/Yangon,FALSE,1104793673
Tagaungbo,Tagaungbo,,17.1353,97.6427,Burma,MM,MMR,Kayin State,Kayin State,MM-13,state,,121.0,,,4,Asia/Yangon,FALSE,1104943479
Thenubon,Thenubon,,22.1802,95.6838,Burma,MM,MMR,Sagaing,Sagaing,MM-01,region,,246.4,,,3,Asia/Yangon,FALSE,1104820589
Wei Boe Htaung,Wei Boe Htaung,,15.8690,97.7551,Burma,MM,MMR,Mon State,Mon State,MM-15,state,,193.8,,,4,Asia/Yangon,FALSE,1104003458
Kontha,Kontha,,24.9846,96.4216,Burma,MM,MMR,Kachin State,Kachin State,MM-11,state,,70.8,,,4,Asia/Yangon,FALSE,1104781927
Kontha,Kontha,,20.2681,96.9262,Burma,MM,MMR,Shan State,Shan State,MM-17,state,,146.3,,,4,Asia/Yangon,FALSE,1104599371
Kontha,Kontha,,20.5021,96.7031,Burma,MM,MMR,Shan State,Shan State,MM-17,state,,85.6,,,4,Asia/Yangon,TRUE,1104034660
Kontha,Kontha,,19.8927,96.6197,Burma,MM,MMR,Shan State,Shan State,MM-17,state,,50.9,,,4,Asia/Yangon,TRUE,1104081098
Kontha,Kontha,,20.1894,96.6876,Burma,MM,MMR,Shan State,Shan State,MM-17,state,,50.9,,,4,Asia/Yangon,TRUE,1104897034
Kontha,Kontha,Kongtha,22.2438,96.7162,Burma,MM,MMR,Shan State,Shan State,MM-17,state,,49.1,,,4,Asia/Yangon,TRUE,1104536845