city,city_ascii,city_alt,lat,lng,country,iso2,iso3,admin_name,admin_name_ascii,admin_code,admin_type,capital,density,population,population_proper,ranking,timezone,same_name,id
Baigoumen,Baigoumen,,36.4645,108.2720,China,CN,CHN,Gansu,Gansu,CN-GS,,,16.7,,,4,Asia/Shanghai,FALSE,1156083825
Fangjiazui,Fangjiazui,,29.4941,113.2455,China,CN,CHN,Hunan,Hunan,CN-HN,,,477.7,,,3,Asia/Shanghai,FALSE,1156263310
Jiangtan,Jiangtan,,38.0943,106.1730,China,CN,CHN,Ningxia,Ningxia,CN-NX,,,247.2,,,3,Asia/Shanghai,FALSE,1156643099
Anfen,Anfen,,22.7477,112.8589,China,CN,CHN,Guangdong,Guangdong,CN-GD,,,375.7,,,3,Asia/Shanghai,FALSE,1156553670
Heishan,Heishan,,27.1262,107.5380,China,CN,CHN,Guizhou,Guizhou,CN-GZ,,,259.4,,,3,Asia/Shanghai,FALSE,1156812926
Heishan,Heishan,,25.1484,105.1010,China,CN,CHN,Guizhou,Guizhou,CN-GZ,,,212.0,,,3,Asia/Shanghai,TRUE,1156619138
Heishan,Heishan,,26.1647,106.1530,China,CN,CHN,Guizhou,Guizhou,CN-GZ,,,151.7,,,4,Asia/Shanghai,TRUE,1156012858
Heishan,Heishan,,23.9926,108.5410,China,CN,CHN,Guangxi,Guangxi,CN-GX,,,193.9,,,4,Asia/Shanghai,FALSE,1156107309
Heishan,Heishan,,24.7137,111.3770,China,CN,CHN,Guangxi,Guangxi,CN-GX,,,118.8,,,4,Asia/Shanghai,TRUE,1156484823
Shilaocun,Shilaocun,,30.9787,105.5920,China,CN,CHN,Sichuan,Sichuan,CN-SC,,,277.5,,,3,Asia/Shanghai,FALSE,1156717322
Fangpocun,Fangpocun,,29.1396,118.0500,China,CN,CHN,Zhejiang,Zhejiang,CN-ZJ,,,60.0,,,4,Asia/Shanghai,FALSE,1156404992
Qinglingcun,Qinglingcun,,44.2822,127.0303,China,CN,CHN,Jilin,Jilin,CN-JL,,,47.0,,,4,Asia/Shanghai,FALSE,1156110046
Qinglingcun,Qinglingcun,,41.9149,125.5907,China,CN,CHN,Jilin,Jilin,CN-JL,,,45.9,,,4,Asia/Shanghai,TRUE,1156303477
Qinglingcun,Qinglingcun,,43.7243,126.9897,China,CN,CHN,Jilin,Jilin,CN-JL,,,31.3,,,4,Asia/Shanghai,TRUE,1156091496
Qinglingcun,Qinglingcun,,42.1527,127.3293,China,CN,CHN,Jilin,Jilin,CN-JL,,,31.2,,,4,Asia/Shanghai,TRUE,1156299833
Luomujipu,Luomujipu,,31.4855,92.1419,China,CN,CHN,Tibet,Tibet,CN-XZ,,,58.0,,,4,Asia/Shanghai,FALSE,1156337687
Jiufangliangshang,Jiufangliangshang,,32.8828,105.7420,China,CN,CHN,Shaanxi,Shaanxi,CN-SN,,,38.7,,,4,Asia/Shanghai,FALSE,1156121200
Zemo,Zemo,,28.3476,102.3454,China,CN,CHN,Sichuan,Sichuan,CN-SC,,,111.5,,,4,Asia/Shanghai,FALSE,1156181989
Zhangjingcun,Zhangjingcun,,46.2104,126.6548,China,CN,CHN,Heilongjiang,Heilongjiang,CN-HL,,,172.5,,,4,Asia/Shanghai,FALSE,1156308962
Changheping,Changheping,,30.3491,102.9179,China,CN,CHN,Sichuan,Sichuan,CN-SC,,,92.0,,,4,Asia/Shanghai,FALSE,1156805193
Shengfenzui,Shengfenzui,,28.7479,107.1340,China,CN,CHN,Guizhou,Guizhou,CN-GZ,,,44.7,,,4,Asia/Shanghai,FALSE,1156276126
Sanjiaozhuang,Sanjiaozhuang,,32.4555,121.1532,China,CN,CHN,Jiangsu,Jiangsu,CN-JS,,,495.2,,,3,Asia/Shanghai,FALSE,1156253158
Sanjiaozhuang,Sanjiaozhuang,,32.7656,120.7953,China,CN,CHN,Jiangsu,Jiangsu,CN-JS,,,351.7,,,3,Asia/Shanghai,TRUE,1156115039
Zhangtuncun,Zhangtuncun,,34.2257,117.2849,China,CN,CHN,Jiangsu,Jiangsu,CN-JS,,,460.4,,,3,Asia/Shanghai,FALSE,1156303467
Zhangtuncun,Zhangtuncun,Zhangtun,34.5191,116.5825,China,CN,CHN,Jiangsu,Jiangsu,CN-JS,,,14.8,,,4,Asia/Shanghai,TRUE,1156212110
Zhayinhecun,Zhayinhecun,,47.6465,126.9645,China,CN,CHN,Heilongjiang,Heilongjiang,CN-HL,,,234.3,,,3,Asia/Shanghai,FALSE,1156558470
Changheping,Changheping,,32.7188,106.4615,China,CN,CHN,Shaanxi,Shaanxi,CN-SN,,,34.0,,,4,Asia/Shanghai,FALSE,1156667947
Lingjiagou,Lingjiagou,,34.8192,108.0886,China,CN,CHN,Shaanxi,Shaanxi,CN-SN,,,38.5,,,4,Asia/Shanghai,FALSE,1156345800
Dafancun,Dafancun,,34.8312,109.1676,China,CN,CHN,Shaanxi,Shaanxi,CN-SN,,,883.6,,,3,Asia/Shanghai,FALSE,1156985499
Minfucun,Minfucun,,45.8384,126.7369,China,CN,CHN,Heilongjiang,Heilongjiang,CN-HL,,,3773.2,,,2,Asia/Shanghai,FALSE,1156310466
Minfucun,Minfucun,,45.6878,127.1275,China,CN,CHN,Heilongjiang,Heilongjiang,CN-HL,,,357.1,,,3,Asia/Shanghai,TRUE,1156341334
Minfucun,Minfucun,,45.5549,126.3495,China,CN,CHN,Heilongjiang,Heilongjiang,CN-HL,,,356.9,,,3,Asia/Shanghai,TRUE,1156311088
Minfucun,Minfucun,,47.0489,127.2470,China,CN,CHN,Heilongjiang,Heilongjiang,CN-HL,,,311.0,,,3,Asia/Shanghai,TRUE,1156297894
Minfucun,Minfucun,,45.7807,127.7478,China,CN,CHN,Heilongjiang,Heilongjiang,CN-HL,,,233.6,,,3,Asia/Shanghai,TRUE,1156333293
Minfucun,Minfucun,,46.1536,126.1495,China,CN,CHN,Heilongjiang,Heilongjiang,CN-HL,,,218.2,,,3,Asia/Shanghai,TRUE,1156314848
Minfucun,Minfucun,,47.3364,126.2153,China,CN,CHN,Heilongjiang,Heilongjiang,CN-HL,,,207.7,,,3,Asia/Shanghai,TRUE,1156321091
Minfucun,Minfucun,,46.8241,126.0167,China,CN,CHN,Heilongjiang,Heilongjiang,CN-HL,,,172.5,,,4,Asia/Shanghai,TRUE,1156329736
Minfucun,Minfucun,,46.6863,127.3439,China,CN,CHN,Heilongjiang,Heilongjiang,CN-HL,,,131.1,,,4,Asia/Shanghai,TRUE,1156580900
Minfucun,Minfucun,,45.6899,131.7468,China,CN,CHN,Heilongjiang,Heilongjiang,CN-HL,,,103.6,,,4,Asia/Shanghai,TRUE,1156315354
Minfucun,Minfucun,,46.3913,127.4542,China,CN,CHN,Heilongjiang,Heilongjiang,CN-HL,,,97.2,,,4,Asia/Shanghai,TRUE,1156331923
Minfucun,Minfucun,,45.8081,124.8542,China,CN,CHN,Heilongjiang,Heilongjiang,CN-HL,,,89.6,,,4,Asia/Shanghai,TRUE,1156315077
Minfucun,Minfucun,,45.6909,127.3563,China,CN,CHN,Heilongjiang,Heilongjiang,CN-HL,,,67.4,,,4,Asia/Shanghai,TRUE,1156348287
Minfucun,Minfucun,,47.7716,126.4535,China,CN,CHN,Heilongjiang,Heilongjiang,CN-HL,,,64.9,,,4,Asia/Shanghai,TRUE,1156316667
Minfucun,Minfucun,,46.0286,128.4649,China,CN,CHN,Heilongjiang,Heilongjiang,CN-HL,,,58.8,,,4,Asia/Shanghai,TRUE,1156346553
Minfucun,Minfucun,,46.4400,131.6555,China,CN,CHN,Heilongjiang,Heilongjiang,CN-HL,,,34.9,,,4,Asia/Shanghai,TRUE,1156305212
Minfucun,Minfucun,,46.1973,130.6683,China,CN,CHN,Heilongjiang,Heilongjiang,CN-HL,,,22.9,,,4,Asia/Shanghai,TRUE,1156311003
Minfucun,Minfucun,,48.3908,126.0788,China,CN,CHN,Heilongjiang,Heilongjiang,CN-HL,,,17.5,,,4,Asia/Shanghai,TRUE,1156323658
Minfucun,Minfucun,,45.9184,126.1497,China,CN,CHN,Heilongjiang,Heilongjiang,CN-HL,,,13.8,,,4,Asia/Shanghai,TRUE,1156327772
Minfucun,Minfucun,,49.1822,126.1601,China,CN,CHN,Heilongjiang,Heilongjiang,CN-HL,,,13.3,,,4,Asia/Shanghai,TRUE,1156363340
Minfucun,Minfucun,,47.9537,134.4416,China,CN,CHN,Heilongjiang,Heilongjiang,CN-HL,,,11.6,,,4,Asia/Shanghai,TRUE,1156316009
Dafancun,Dafancun,,35.6105,116.0046,China,CN,CHN,Shandong,Shandong,CN-SD,,,774.3,,,3,Asia/Shanghai,FALSE,1156218373
Dafancun,Dafancun,,37.7377,117.3134,China,CN,CHN,Shandong,Shandong,CN-SD,,,599.3,,,3,Asia/Shanghai,TRUE,1156000223
Dafancun,Dafancun,,36.6026,117.8435,China,CN,CHN,Shandong,Shandong,CN-SD,,,439.0,,,3,Asia/Shanghai,TRUE,1156482224
Dafancun,Dafancun,,37.6541,117.7574,China,CN,CHN,Shandong,Shandong,CN-SD,,,387.6,,,3,Asia/Shanghai,TRUE,1156442414
Dafancun,Dafancun,,37.4144,117.7629,China,CN,CHN,Shandong,Shandong,CN-SD,,,174.7,,,4,Asia/Shanghai,TRUE,1156629645
Jiangli,Jiangli,,36.8848,110.3135,China,CN,CHN,Shaanxi,Shaanxi,CN-SN,,,59.1,,,4,Asia/Shanghai,FALSE,1156133073
Qiqiao,Qiqiao,,29.8805,106.2432,China,CN,CHN,Chongqing,Chongqing,CN-CQ,,,361.9,,,3,Asia/Shanghai,FALSE,1156306903
Qiqiao,Qiqiao,,30.3947,107.3903,China,CN,CHN,Chongqing,Chongqing,CN-CQ,,,323.5,,,3,Asia/Shanghai,TRUE,1156061229
Shengduncun,Shengduncun,,29.6569,121.4438,China,CN,CHN,Zhejiang,Zhejiang,CN-ZJ,,,3537.7,,,2,Asia/Shanghai,FALSE,1156402804
Mixidai,Mixidai,,24.0397,101.7200,China,CN,CHN,Yunnan,Yunnan,CN-YN,,,53.8,,,4,Asia/Shanghai,FALSE,1156805474
Dali,Dali,,34.8129,113.5432,China,CN,CHN,Henan,Henan,CN-HA,,,3475.9,,,2,Asia/Shanghai,FALSE,1156889516
Dali,Dali,,34.0063,115.0590,China,CN,CHN,Henan,Henan,CN-HA,,,632.9,,,3,Asia/Shanghai,TRUE,1156110661
Dali,Dali,,35.3272,113.7860,China,CN,CHN,Henan,Henan,CN-HA,,,574.6,,,3,Asia/Shanghai,TRUE,1156972657
Dali,Dali,,33.1170,114.1864,China,CN,CHN,Henan,Henan,CN-HA,,,311.8,,,3,Asia/Shanghai,TRUE,1156059204
Dahujiawan,Dahujiawan,,30.8560,114.2017,China,CN,CHN,Hubei,Hubei,CN-HB,,,908.0,,,3,Asia/Shanghai,FALSE,1156251508
Dahujiawan,Dahujiawan,,30.7736,112.4874,China,CN,CHN,Hubei,Hubei,CN-HB,,,227.4,,,3,Asia/Shanghai,TRUE,1156232759
Meineicun,Meineicun,,24.9864,118.1096,China,CN,CHN,Fujian,Fujian,CN-FJ,,,490.6,,,3,Asia/Shanghai,FALSE,1156537024
Tangjiayangcun,Tangjiayangcun,,28.4553,121.4471,China,CN,CHN,Zhejiang,Zhejiang,CN-ZJ,,,2947.0,,,2,Asia/Shanghai,FALSE,1156380961
Tangjiayangcun,Tangjiayangcun,,29.1085,121.1617,China,CN,CHN,Zhejiang,Zhejiang,CN-ZJ,,,383.1,,,3,Asia/Shanghai,TRUE,1156393909
Tangjiayangcun,Tangjiayangcun,,27.5158,120.4459,China,CN,CHN,Zhejiang,Zhejiang,CN-ZJ,,,312.9,,,3,Asia/Shanghai,TRUE,1156380339
Shaluo,Shaluo,,24.6307,114.6224,China,CN,CHN,Jiangxi,Jiangxi,CN-JX,,,242.1,,,3,Asia/Shanghai,FALSE,1156566696
Zhaomafang,Zhaomafang,,38.3302,116.2790,China,CN,CHN,Hebei,Hebei,CN-HE,,,519.8,,,3,Asia/Shanghai,FALSE,1156485773
Linangou,Linangou,,38.8641,113.7857,China,CN,CHN,Shanxi,Shanxi,CN-SX,,,38.3,,,4,Asia/Shanghai,FALSE,1156980335
Shangwangwan,Shangwangwan,,30.4171,114.0374,China,CN,CHN,Hubei,Hubei,CN-HB,,,94.2,,,4,Asia/Shanghai,FALSE,1156884368
Fengqian,Fengqian,,29.1757,108.2516,China,CN,CHN,Chongqing,Chongqing,CN-CQ,,,260.5,,,3,Asia/Shanghai,FALSE,1156387567
Houqiao,Houqiao,,31.7561,120.7850,China,CN,CHN,Jiangsu,Jiangsu,CN-JS,,,993.3,,,3,Asia/Shanghai,FALSE,1156366438
Houqiao,Houqiao,,32.0764,119.4580,China,CN,CHN,Jiangsu,Jiangsu,CN-JS,,,702.8,,,3,Asia/Shanghai,TRUE,1156098880
Houqiao,Houqiao,,31.9920,121.5778,China,CN,CHN,Jiangsu,Jiangsu,CN-JS,,,414.7,,,3,Asia/Shanghai,TRUE,1156119710
Houqiao,Houqiao,,32.9135,118.7335,China,CN,CHN,Jiangsu,Jiangsu,CN-JS,,,208.6,,,3,Asia/Shanghai,TRUE,1156451320
Yanzhongpucun,Yanzhongpucun,,36.4739,118.5481,China,CN,CHN,Shandong,Shandong,CN-SD,,,1052.4,,,3,Asia/Shanghai,FALSE,1156484943
Denasi,Denasi,,39.8564,114.9035,China,CN,CHN,Hebei,Hebei,CN-HE,,,32.9,,,4,Asia/Shanghai,FALSE,1156204387
Futoujiang,Futoujiang,,26.2541,116.0716,China,CN,CHN,Jiangxi,Jiangxi,CN-JX,,,347.4,,,3,Asia/Shanghai,FALSE,1156194285
Shayukou,Shayukou,,39.4875,115.4062,China,CN,CHN,Hebei,Hebei,CN-HE,,,123.4,,,4,Asia/Shanghai,FALSE,1156046106
Xinanwang,Xinanwang,,37.6879,120.6582,China,CN,CHN,Shandong,Shandong,CN-SD,,,332.1,,,3,Asia/Shanghai,FALSE,1156001054
Niujiadiancun,Niujiadiancun,,42.1639,120.8603,China,CN,CHN,Liaoning,Liaoning,CN-LN,,,79.1,,,4,Asia/Shanghai,FALSE,1156340891
Niujiadiancun,Niujiadiancun,,40.9420,120.3780,China,CN,CHN,Liaoning,Liaoning,CN-LN,,,42.4,,,4,Asia/Shanghai,TRUE,1156351162
Angnanxida,Angnanxida,,25.8359,102.3260,China,CN,CHN,Yunnan,Yunnan,CN-YN,,,50.9,,,4,Asia/Shanghai,FALSE,1156011059
Wapenyao,Wapenyao,,44.8063,126.5748,China,CN,CHN,Jilin,Jilin,CN-JL,,,312.4,,,3,Asia/Shanghai,FALSE,1156761746
Wapenyao,Wapenyao,,43.5052,125.6603,China,CN,CHN,Jilin,Jilin,CN-JL,,,232.1,,,3,Asia/Shanghai,TRUE,1156563291
Wapenyao,Wapenyao,,44.0653,125.4078,China,CN,CHN,Jilin,Jilin,CN-JL,,,223.6,,,3,Asia/Shanghai,TRUE,1156387661
Wapenyao,Wapenyao,,44.4204,124.9212,China,CN,CHN,Jilin,Jilin,CN-JL,,,136.9,,,4,Asia/Shanghai,TRUE,1156079305
Wapenyao,Wapenyao,,42.8397,125.3184,China,CN,CHN,Jilin,Jilin,CN-JL,,,107.4,,,4,Asia/Shanghai,TRUE,1156415916
Wapenyao,Wapenyao,,43.3251,125.9247,China,CN,CHN,Jilin,Jilin,CN-JL,,,101.9,,,4,Asia/Shanghai,TRUE,1156563288
Wapenyao,Wapenyao,,43.3950,125.8481,China,CN,CHN,Jilin,Jilin,CN-JL,,,101.9,,,4,Asia/Shanghai,TRUE,1156563289
Qudian,Qudian,,33.7705,112.9568,China,CN,CHN,Henan,Henan,CN-HA,,,668.4,,,3,Asia/Shanghai,FALSE,1156842382
Qudian,Qudian,,32.7308,111.9968,China,CN,CHN,Henan,Henan,CN-HA,,,530.9,,,3,Asia/Shanghai,TRUE,1156111700
Mitang,Mitang,,27.1685,101.6153,China,CN,CHN,Sichuan,Sichuan,CN-SC,,,17.0,,,4,Asia/Shanghai,FALSE,1156181642
Hongqiba,Hongqiba,,25.6875,98.8761,China,CN,CHN,Yunnan,Yunnan,CN-YN,,,99.8,,,4,Asia/Shanghai,FALSE,1156227448
Xinlinzhuangcun,Xinlinzhuangcun,,36.2991,115.7087,China,CN,CHN,Shandong,Shandong,CN-SD,,,908.1,,,3,Asia/Shanghai,FALSE,1156519229
Tianshancun,Tianshancun,Tianshan,25.4603,119.7139,China,CN,CHN,Fujian,Fujian,CN-FJ,,,615.1,,,3,Asia/Shanghai,FALSE,1156007470
Chagan Chulu Tinghuduge,Chagan Chulu Tinghuduge,,49.4775,120.0186,China,CN,CHN,Inner Mongolia,Inner Mongolia,CN-NM,,,21.1,,,4,Asia/Shanghai,FALSE,1156139081
Yangzhuangshang,Yangzhuangshang,,37.1088,111.1007,China,CN,CHN,Shanxi,Shanxi,CN-SX,,,47.6,,,4,Asia/Shanghai,FALSE,1156902743
Tiedingya,Tiedingya,,31.1870,107.0832,China,CN,CHN,Sichuan,Sichuan,CN-SC,,,197.7,,,4,Asia/Shanghai,FALSE,1156987229
Tikeshen,Tikeshen,,42.3294,122.3100,China,CN,CHN,Liaoning,Liaoning,CN-LN,,,89.8,,,4,Asia/Shanghai,FALSE,1156252176
Dingshancun,Dingshancun,,45.1563,127.9418,China,CN,CHN,Heilongjiang,Heilongjiang,CN-HL,,,1345.4,,,3,Asia/Shanghai,FALSE,1156331778
Yamgurluk,Yamgurluk,Yamƣurluk̩|Yamghurluq,41.8333,81.2500,China,CN,CHN,Xinjiang,Xinjiang,CN-XJ,,,18.2,,,4,Asia/Shanghai,FALSE,1156604451
Sa’er Kuobucun,Sa'er Kuobucun,,43.0641,81.7981,China,CN,CHN,Xinjiang,Xinjiang,CN-XJ,,,117.3,,,4,Asia/Shanghai,FALSE,1156425688
Xiazaojiaoba,Xiazaojiaoba,,31.7310,108.2976,China,CN,CHN,Sichuan,Sichuan,CN-SC,,,60.2,,,4,Asia/Shanghai,FALSE,1156223307
Dulantiemicun,Dulantiemicun,,39.1509,76.3963,China,CN,CHN,Xinjiang,Xinjiang,CN-XJ,,,86.1,,,4,Asia/Shanghai,FALSE,1156119348
Jiaolan,Jiaolan,,27.4209,117.9297,China,CN,CHN,Fujian,Fujian,CN-FJ,,,66.7,,,4,Asia/Shanghai,FALSE,1156843458
Lama Zuizi,Lama Zuizi,,39.0170,99.7843,China,CN,CHN,Gansu,Gansu,CN-GS,,,1.1,,,5,Asia/Shanghai,FALSE,1156966221
Kazhuzhai,Kazhuzhai,,24.2833,103.8410,China,CN,CHN,Yunnan,Yunnan,CN-YN,,,52.3,,,4,Asia/Shanghai,FALSE,1156075101
Matibang,Matibang,,28.7258,105.3847,China,CN,CHN,Sichuan,Sichuan,CN-SC,,,300.6,,,3,Asia/Shanghai,FALSE,1156201047
Wangmazuicun,Wangmazuicun,,34.8812,106.7650,China,CN,CHN,Shaanxi,Shaanxi,CN-SN,,,64.1,,,4,Asia/Shanghai,FALSE,1156364618
Dachengzihecun,Dachengzihecun,,35.1196,118.5624,China,CN,CHN,Shandong,Shandong,CN-SD,,,743.4,,,3,Asia/Shanghai,FALSE,1156042903
Yaodongcun,Yaodongcun,,24.3026,115.9614,China,CN,CHN,Guangdong,Guangdong,CN-GD,,,804.9,,,3,Asia/Shanghai,FALSE,1156856175
Xibeigoutun,Xibeigoutun,,48.2249,125.8017,China,CN,CHN,Heilongjiang,Heilongjiang,CN-HL,,,36.6,,,4,Asia/Shanghai,FALSE,1156325166
Qiandianli Gengkundui,Qiandianli Gengkundui,,41.1175,110.6596,China,CN,CHN,Inner Mongolia,Inner Mongolia,CN-NM,,,12.7,,,4,Asia/Shanghai,FALSE,1156220595
Banlashancun,Banlashancun,,39.6295,122.7648,China,CN,CHN,Liaoning,Liaoning,CN-LN,,,369.0,,,3,Asia/Shanghai,FALSE,1156419969
Banlashancun,Banlashancun,,39.7472,121.6440,China,CN,CHN,Liaoning,Liaoning,CN-LN,,,355.9,,,3,Asia/Shanghai,TRUE,1156343901
Banlashancun,Banlashancun,Banlashan,39.8118,122.0780,China,CN,CHN,Liaoning,Liaoning,CN-LN,,,278.8,,,3,Asia/Shanghai,TRUE,1156340481
Banlashancun,Banlashancun,Banlashan,41.4634,120.3139,China,CN,CHN,Liaoning,Liaoning,CN-LN,,,266.7,,,3,Asia/Shanghai,TRUE,1156089957
Banlashancun,Banlashancun,,42.3762,124.8150,China,CN,CHN,Liaoning,Liaoning,CN-LN,,,83.5,,,4,Asia/Shanghai,TRUE,1156336541
Chongwoshu,Chongwoshu,,24.4694,99.2455,China,CN,CHN,Yunnan,Yunnan,CN-YN,,,76.4,,,4,Asia/Shanghai,FALSE,1156039823
Xiyadi,Xiyadi,,36.8573,111.3906,China,CN,CHN,Shanxi,Shanxi,CN-SX,,,99.4,,,4,Asia/Shanghai,FALSE,1156259512
Xiyadi,Xiyadi,Hsi-ya-ti|Hsi-yai-ti,37.1833,112.9000,China,CN,CHN,Shanxi,Shanxi,CN-SX,,,81.2,,,4,Asia/Shanghai,TRUE,1156873300
Xiyadi,Xiyadi,,36.8550,113.5529,China,CN,CHN,Shanxi,Shanxi,CN-SX,,,34.5,,,4,Asia/Shanghai,TRUE,1156669042
Qizhencun,Qizhencun,,30.8612,120.7625,China,CN,CHN,Zhejiang,Zhejiang,CN-ZJ,,,913.5,,,3,Asia/Shanghai,FALSE,1156379000
Wangjiaying,Wangjiaying,,32.3280,111.7195,China,CN,CHN,Hubei,Hubei,CN-HB,,,459.4,,,3,Asia/Shanghai,FALSE,1156118822
Wangjiaying,Wangjiaying,,32.0318,112.0237,China,CN,CHN,Hubei,Hubei,CN-HB,,,274.3,,,3,Asia/Shanghai,TRUE,1156719307
Wangjiaying,Wangjiaying,Wang-chia-ying|Wangkiaying,30.2667,108.7000,China,CN,CHN,Hubei,Hubei,CN-HB,,,7.9,,,5,Asia/Shanghai,TRUE,1156425061
Dagangcun,Dagangcun,,47.1342,122.9145,China,CN,CHN,Heilongjiang,Heilongjiang,CN-HL,,,58.2,,,4,Asia/Shanghai,FALSE,1156293248
Chujiawancun,Chujiawancun,,44.1137,88.0507,China,CN,CHN,Xinjiang,Xinjiang,CN-XJ,,,39.4,,,4,Asia/Shanghai,FALSE,1156426702
Dongwangcaozhuang,Dongwangcaozhuang,,38.6942,115.7520,China,CN,CHN,Hebei,Hebei,CN-HE,,,1419.5,,,3,Asia/Shanghai,FALSE,1156900491
Dagangcun,Dagangcun,,36.3731,113.7836,China,CN,CHN,Hebei,Hebei,CN-HE,,,251.2,,,3,Asia/Shanghai,FALSE,1156445134
Houyangcun,Houyangcun,,36.2385,120.2906,China,CN,CHN,Shandong,Shandong,CN-SD,,,1278.4,,,3,Asia/Shanghai,FALSE,1156440727
Houyangcun,Houyangcun,,36.1838,117.3606,China,CN,CHN,Shandong,Shandong,CN-SD,,,1201.2,,,3,Asia/Shanghai,TRUE,1156124190
Houyangcun,Houyangcun,,35.9338,117.6585,China,CN,CHN,Shandong,Shandong,CN-SD,,,1104.3,,,3,Asia/Shanghai,TRUE,1156672109
Houyangcun,Houyangcun,,35.5367,116.6083,China,CN,CHN,Shandong,Shandong,CN-SD,,,1058.0,,,3,Asia/Shanghai,TRUE,1156508578
Houyangcun,Houyangcun,,36.8251,118.6907,China,CN,CHN,Shandong,Shandong,CN-SD,,,736.6,,,3,Asia/Shanghai,TRUE,1156508591
Houyangcun,Houyangcun,,37.2419,116.7772,China,CN,CHN,Shandong,Shandong,CN-SD,,,625.1,,,3,Asia/Shanghai,TRUE,1156508590
Houyangcun,Houyangcun,,37.1611,119.9786,China,CN,CHN,Shandong,Shandong,CN-SD,,,573.9,,,3,Asia/Shanghai,TRUE,1156508584
Houyangcun,Houyangcun,,36.2361,116.0618,China,CN,CHN,Shandong,Shandong,CN-SD,,,532.4,,,3,Asia/Shanghai,TRUE,1156520187
Houyangcun,Houyangcun,,37.6713,117.7353,China,CN,CHN,Shandong,Shandong,CN-SD,,,465.0,,,3,Asia/Shanghai,TRUE,1156442616
Houyangcun,Houyangcun,,36.0571,116.5407,China,CN,CHN,Shandong,Shandong,CN-SD,,,448.1,,,3,Asia/Shanghai,TRUE,1156508577
Houyangcun,Houyangcun,,36.8343,116.9231,China,CN,CHN,Shandong,Shandong,CN-SD,,,436.3,,,3,Asia/Shanghai,TRUE,1156261887
Houyangcun,Houyangcun,,37.6429,116.6927,China,CN,CHN,Shandong,Shandong,CN-SD,,,427.1,,,3,Asia/Shanghai,TRUE,1156261800
Houyangcun,Houyangcun,,37.5538,117.7151,China,CN,CHN,Shandong,Shandong,CN-SD,,,395.0,,,3,Asia/Shanghai,TRUE,1156508588
Houyangcun,Houyangcun,,36.6241,116.4386,China,CN,CHN,Shandong,Shandong,CN-SD,,,392.0,,,3,Asia/Shanghai,TRUE,1156261838
Xiuzaokecun,Xiuzaokecun,,36.8080,115.4188,China,CN,CHN,Hebei,Hebei,CN-HE,,,596.6,,,3,Asia/Shanghai,FALSE,1156580538
Wuzao,Wuzao,,29.8455,113.9950,China,CN,CHN,Hubei,Hubei,CN-HB,,,117.2,,,4,Asia/Shanghai,FALSE,1156182936
Nanxiu,Nanxiu,,22.1074,109.3990,China,CN,CHN,Guangxi,Guangxi,CN-GX,,,416.4,,,3,Asia/Shanghai,FALSE,1156501872
Nianyangcun,Nianyangcun,,34.5576,109.2765,China,CN,CHN,Shaanxi,Shaanxi,CN-SN,,,629.5,,,3,Asia/Shanghai,FALSE,1156154581
Wanxingdian,Wanxingdian,,32.4408,114.9588,China,CN,CHN,Henan,Henan,CN-HA,,,427.8,,,3,Asia/Shanghai,FALSE,1156068829
Dawazi,Dawazi,,27.4571,103.8590,China,CN,CHN,Yunnan,Yunnan,CN-YN,,,336.4,,,3,Asia/Shanghai,FALSE,1156773735
Dawazi,Dawazi,,25.4322,102.2090,China,CN,CHN,Yunnan,Yunnan,CN-YN,,,162.9,,,4,Asia/Shanghai,TRUE,1156986980
Dawazi,Dawazi,,23.8329,104.8200,China,CN,CHN,Yunnan,Yunnan,CN-YN,,,158.1,,,4,Asia/Shanghai,TRUE,1156217514
Dawazi,Dawazi,,23.7922,104.9900,China,CN,CHN,Yunnan,Yunnan,CN-YN,,,113.4,,,4,Asia/Shanghai,TRUE,1156415014
Dawazi,Dawazi,,23.4371,104.9590,China,CN,CHN,Yunnan,Yunnan,CN-YN,,,110.8,,,4,Asia/Shanghai,TRUE,1156412963
Dawazi,Dawazi,,26.7304,103.0430,China,CN,CHN,Yunnan,Yunnan,CN-YN,,,100.0,,,4,Asia/Shanghai,TRUE,1156933369
Dawazi,Dawazi,,25.4202,99.0513,China,CN,CHN,Yunnan,Yunnan,CN-YN,,,86.8,,,4,Asia/Shanghai,TRUE,1156147650
Dawazi,Dawazi,,23.7178,100.8920,China,CN,CHN,Yunnan,Yunnan,CN-YN,,,41.0,,,4,Asia/Shanghai,TRUE,1156318433
Sishi Gongli,Sishi Gongli,,50.6800,121.0630,China,CN,CHN,Inner Mongolia,Inner Mongolia,CN-NM,,,9.9,,,5,Asia/Shanghai,FALSE,1156088354
Nuokuqi Airikecun,Nuokuqi Airikecun,,39.1253,75.9471,China,CN,CHN,Xinjiang,Xinjiang,CN-XJ,,,696.3,,,3,Asia/Shanghai,FALSE,1156091866
Tongluoqiu,Tongluoqiu,,25.7404,113.5975,China,CN,CHN,Hunan,Hunan,CN-HN,,,21.6,,,4,Asia/Shanghai,FALSE,1156077734
Beishantou,Beishantou,,31.5833,119.5639,China,CN,CHN,Jiangsu,Jiangsu,CN-JS,,,798.0,,,3,Asia/Shanghai,FALSE,1156039940
Erdao Gangzi,Erdao Gangzi,,45.8787,123.8986,China,CN,CHN,Jilin,Jilin,CN-JL,,,78.0,,,4,Asia/Shanghai,FALSE,1156181698
Erdao Gangzi,Erdao Gangzi,,44.9069,122.1814,China,CN,CHN,Jilin,Jilin,CN-JL,,,25.5,,,4,Asia/Shanghai,TRUE,1156097802
Dafodian,Dafodian,,26.5716,99.7399,China,CN,CHN,Yunnan,Yunnan,CN-YN,,,41.6,,,4,Asia/Shanghai,FALSE,1156846243
Qianshi’er Majia,Qianshi'er Majia,,43.9825,124.4502,China,CN,CHN,Jilin,Jilin,CN-JL,,,185.8,,,4,Asia/Shanghai,FALSE,1156529107
Gelanqu,Gelanqu,,37.3109,108.3522,China,CN,CHN,Shaanxi,Shaanxi,CN-SN,,,35.4,,,4,Asia/Shanghai,FALSE,1156209703
Anshanzicun,Anshanzicun,,36.2369,118.7874,China,CN,CHN,Shandong,Shandong,CN-SD,,,216.0,,,3,Asia/Shanghai,FALSE,1156516456
Tongren,Tongren,,23.3656,107.6280,China,CN,CHN,Guangxi,Guangxi,CN-GX,,,662.6,,,3,Asia/Shanghai,FALSE,1156037286
Tongren,Tongren,,23.3275,108.8930,China,CN,CHN,Guangxi,Guangxi,CN-GX,,,261.1,,,3,Asia/Shanghai,TRUE,1156523079
Tongren,Tongren,,25.7227,111.2430,China,CN,CHN,Guangxi,Guangxi,CN-GX,,,233.5,,,3,Asia/Shanghai,TRUE,1156621275
Tongren,Tongren,,22.9433,108.4380,China,CN,CHN,Guangxi,Guangxi,CN-GX,,,45.7,,,4,Asia/Shanghai,TRUE,1156248562
Tongren,Tongren,,25.7945,110.4540,China,CN,CHN,Guangxi,Guangxi,CN-GX,,,34.7,,,4,Asia/Shanghai,TRUE,1156000105
Xiawuqi,Xiawuqi,Hsia-wu-ch’i,40.1999,113.8969,China,CN,CHN,Shanxi,Shanxi,CN-SX,,,120.2,,,4,Asia/Shanghai,FALSE,1156392727
Sanbaotuncun,Sanbaotuncun,,41.8338,123.7371,China,CN,CHN,Liaoning,Liaoning,CN-LN,,,1218.6,,,3,Asia/Shanghai,FALSE,1156282050
Shichicun,Shichicun,,23.9816,111.0664,China,CN,CHN,Guangxi,Guangxi,CN-GX,,,169.7,,,4,Asia/Shanghai,FALSE,1156510372
Haiziwan,Haiziwan,,40.2163,112.3082,China,CN,CHN,Shanxi,Shanxi,CN-SX,,,42.7,,,4,Asia/Shanghai,FALSE,1156886401
Haiziwan,Haiziwan,,38.2362,112.2816,China,CN,CHN,Shanxi,Shanxi,CN-SX,,,9.5,,,5,Asia/Shanghai,TRUE,1156756057
Chengzhaicun,Chengzhaicun,,28.0799,119.5661,China,CN,CHN,Zhejiang,Zhejiang,CN-ZJ,,,259.8,,,3,Asia/Shanghai,FALSE,1156375654
Beishantou,Beishantou,,42.9802,125.0853,China,CN,CHN,Jilin,Jilin,CN-JL,,,292.1,,,3,Asia/Shanghai,FALSE,1156071950
Qianlingtiao,Qianlingtiao,,35.3141,111.0485,China,CN,CHN,Shanxi,Shanxi,CN-SX,,,339.5,,,3,Asia/Shanghai,FALSE,1156101935
Caojiagou,Caojiagou,,40.5328,114.4302,China,CN,CHN,Hebei,Hebei,CN-HE,,,79.6,,,4,Asia/Shanghai,FALSE,1156121276
Caojiagou,Caojiagou,,40.1349,114.8685,China,CN,CHN,Hebei,Hebei,CN-HE,,,63.8,,,4,Asia/Shanghai,TRUE,1156315306
Dongshao,Dongshao,,29.0881,119.1535,China,CN,CHN,Zhejiang,Zhejiang,CN-ZJ,,,472.8,,,3,Asia/Shanghai,FALSE,1156012148
Shenhecun,Shenhecun,,33.0895,107.7952,China,CN,CHN,Shaanxi,Shaanxi,CN-SN,,,85.8,,,4,Asia/Shanghai,FALSE,1156585503
Qiongbanggang,Qiongbanggang,,48.1301,124.5963,China,CN,CHN,Heilongjiang,Heilongjiang,CN-HL,,,60.1,,,4,Asia/Shanghai,FALSE,1156317443
Dongfengcuncun,Dongfengcuncun,,34.3189,107.5199,China,CN,CHN,Shaanxi,Shaanxi,CN-SN,,,1193.9,,,3,Asia/Shanghai,FALSE,1156071937
Zuojiaxia,Zuojiaxia,,32.8676,119.6171,China,CN,CHN,Jiangsu,Jiangsu,CN-JS,,,145.4,,,4,Asia/Shanghai,FALSE,1156182074
Xiaogoukou,Xiaogoukou,,32.6591,110.3037,China,CN,CHN,Hubei,Hubei,CN-HB,,,59.3,,,4,Asia/Shanghai,FALSE,1156064360
Xiaogoukou,Xiaogoukou,,32.4853,110.3642,China,CN,CHN,Hubei,Hubei,CN-HB,,,25.9,,,4,Asia/Shanghai,TRUE,1156792117
Mengshangchuan,Mengshangchuan,,35.0512,104.9410,China,CN,CHN,Gansu,Gansu,CN-GS,,,78.8,,,4,Asia/Shanghai,FALSE,1156850680
Niuwangcun,Niuwangcun,Niuwang,33.2833,116.4167,China,CN,CHN,Anhui,Anhui,CN-AH,,,981.4,,,3,Asia/Shanghai,FALSE,1156174865
Niuwangcun,Niuwangcun,,32.7671,117.0399,China,CN,CHN,Anhui,Anhui,CN-AH,,,617.2,,,3,Asia/Shanghai,TRUE,1156092280
Niuwangcun,Niuwangcun,,32.3763,116.3378,China,CN,CHN,Anhui,Anhui,CN-AH,,,417.8,,,3,Asia/Shanghai,TRUE,1156665809
Niuwangcun,Niuwangcun,,32.9968,117.7346,China,CN,CHN,Anhui,Anhui,CN-AH,,,370.4,,,3,Asia/Shanghai,TRUE,1156289766
Niuwangcun,Niuwangcun,,32.9995,117.0687,China,CN,CHN,Anhui,Anhui,CN-AH,,,250.3,,,3,Asia/Shanghai,TRUE,1156435326
Xiaota,Xiaota,,39.9735,111.4227,China,CN,CHN,Inner Mongolia,Inner Mongolia,CN-NM,,,40.1,,,4,Asia/Shanghai,FALSE,1156592294
Jindianpo,Jindianpo,,25.7189,101.8680,China,CN,CHN,Yunnan,Yunnan,CN-YN,,,407.4,,,3,Asia/Shanghai,FALSE,1156338805
Lugouzhuangcun,Lugouzhuangcun,,37.3670,117.0312,China,CN,CHN,Shandong,Shandong,CN-SD,,,437.2,,,3,Asia/Shanghai,FALSE,1156462845
Anpingcun,Anpingcun,,31.0725,117.7756,China,CN,CHN,Anhui,Anhui,CN-AH,,,270.0,,,3,Asia/Shanghai,FALSE,1156992439
Anpingcun,Anpingcun,,30.2528,117.3422,China,CN,CHN,Anhui,Anhui,CN-AH,,,123.7,,,4,Asia/Shanghai,TRUE,1156202482
Anpingcun,Anpingcun,,30.5581,116.0444,China,CN,CHN,Anhui,Anhui,CN-AH,,,121.2,,,4,Asia/Shanghai,TRUE,1156823054
Liugoucun,Liugoucun,,37.0943,108.6444,China,CN,CHN,Shaanxi,Shaanxi,CN-SN,,,18.2,,,4,Asia/Shanghai,FALSE,1156353068
Liugoucun,Liugoucun,,36.8666,108.0119,China,CN,CHN,Shaanxi,Shaanxi,CN-SN,,,15.2,,,4,Asia/Shanghai,TRUE,1156498440
Liugoucun,Liugoucun,,35.6979,110.0978,China,CN,CHN,Shaanxi,Shaanxi,CN-SN,,,6.8,,,5,Asia/Shanghai,TRUE,1156644773
Wenshanli,Wenshanli,,26.1039,119.2386,China,CN,CHN,Fujian,Fujian,CN-FJ,,,14520.5,,,2,Asia/Shanghai,FALSE,1156889586
Daitoucun,Daitoucun,,45.8737,123.7401,China,CN,CHN,Jilin,Jilin,CN-JL,,,78.0,,,4,Asia/Shanghai,FALSE,1156626919
Yuyue,Yuyue,Kiayu|Jiayu|Chia-yü-hsien|Chia-yü|Kiayuhsien,29.9833,113.9030,China,CN,CHN,Hubei,Hubei,CN-HB,,minor,239.1,,,3,Asia/Shanghai,FALSE,1156104859
Liugoucun,Liugoucun,,36.7327,117.4926,China,CN,CHN,Shandong,Shandong,CN-SD,,,3013.2,,,2,Asia/Shanghai,FALSE,1156485190
Liugoucun,Liugoucun,,36.9282,120.7165,China,CN,CHN,Shandong,Shandong,CN-SD,,,1073.3,,,3,Asia/Shanghai,TRUE,1156485178
Liugoucun,Liugoucun,,35.4026,116.7561,China,CN,CHN,Shandong,Shandong,CN-SD,,,928.7,,,3,Asia/Shanghai,TRUE,1156234071
Liugoucun,Liugoucun,,34.8878,117.4143,China,CN,CHN,Shandong,Shandong,CN-SD,,,911.8,,,3,Asia/Shanghai,TRUE,1156485189
Liugoucun,Liugoucun,,35.7604,117.8210,China,CN,CHN,Shandong,Shandong,CN-SD,,,805.1,,,3,Asia/Shanghai,TRUE,1156578205
Liugoucun,Liugoucun,,35.1919,117.1743,China,CN,CHN,Shandong,Shandong,CN-SD,,,800.9,,,3,Asia/Shanghai,TRUE,1156485186
Liugoucun,Liugoucun,,36.3408,120.5564,China,CN,CHN,Shandong,Shandong,CN-SD,,,646.0,,,3,Asia/Shanghai,TRUE,1156485179
Liugoucun,Liugoucun,,36.3276,119.0065,China,CN,CHN,Shandong,Shandong,CN-SD,,,627.6,,,3,Asia/Shanghai,TRUE,1156918477
Liugoucun,Liugoucun,,35.4403,116.1717,China,CN,CHN,Shandong,Shandong,CN-SD,,,605.6,,,3,Asia/Shanghai,TRUE,1156485175
Liugoucun,Liugoucun,,36.7402,118.4719,China,CN,CHN,Shandong,Shandong,CN-SD,,,595.2,,,3,Asia/Shanghai,TRUE,1156485192
Liugoucun,Liugoucun,,35.8233,116.9763,China,CN,CHN,Shandong,Shandong,CN-SD,,,447.1,,,3,Asia/Shanghai,TRUE,1156454613
Liugoucun,Liugoucun,,37.0769,119.8627,China,CN,CHN,Shandong,Shandong,CN-SD,,,434.9,,,3,Asia/Shanghai,TRUE,1156005516
Liugoucun,Liugoucun,,36.2405,116.8721,China,CN,CHN,Shandong,Shandong,CN-SD,,,433.9,,,3,Asia/Shanghai,TRUE,1156485177
Liugoucun,Liugoucun,,34.7579,118.4384,China,CN,CHN,Shandong,Shandong,CN-SD,,,398.6,,,3,Asia/Shanghai,TRUE,1156145554
Liugoucun,Liugoucun,,36.2205,119.9897,China,CN,CHN,Shandong,Shandong,CN-SD,,,368.6,,,3,Asia/Shanghai,TRUE,1156485183
Liugoucun,Liugoucun,,36.0789,118.9656,China,CN,CHN,Shandong,Shandong,CN-SD,,,292.5,,,3,Asia/Shanghai,TRUE,1156485193
Liugoucun,Liugoucun,,36.1907,118.8705,China,CN,CHN,Shandong,Shandong,CN-SD,,,196.4,,,4,Asia/Shanghai,TRUE,1156485181
Luoxiangtang,Luoxiangtang,,32.0315,115.0630,China,CN,CHN,Henan,Henan,CN-HA,,,324.6,,,3,Asia/Shanghai,FALSE,1156406111
Mazhu,Mazhu,,31.6385,103.8130,China,CN,CHN,Sichuan,Sichuan,CN-SC,,,299.9,,,3,Asia/Shanghai,FALSE,1156250601
Mazhu,Mazhu,,27.9368,102.3300,China,CN,CHN,Sichuan,Sichuan,CN-SC,,,89.6,,,4,Asia/Shanghai,TRUE,1156995739
Liugoucun,Liugoucun,,37.3069,111.2486,China,CN,CHN,Shanxi,Shanxi,CN-SX,,,11.9,,,4,Asia/Shanghai,FALSE,1156401981
Hongshitou,Hongshitou,,25.5519,111.1860,China,CN,CHN,Guangxi,Guangxi,CN-GX,,,239.8,,,3,Asia/Shanghai,FALSE,1156644716
Gaopei,Gaopei,,37.0837,115.7790,China,CN,CHN,Hebei,Hebei,CN-HE,,,642.1,,,3,Asia/Shanghai,FALSE,1156696539
Xiongjialaotai,Xiongjialaotai,,29.9932,112.8145,China,CN,CHN,Hubei,Hubei,CN-HB,,,162.9,,,4,Asia/Shanghai,FALSE,1156744758
Dongpulong,Dongpulong,,30.4221,109.6873,China,CN,CHN,Hubei,Hubei,CN-HB,,,164.9,,,4,Asia/Shanghai,FALSE,1156101766
Daitoucun,Daitoucun,,31.4977,119.5181,China,CN,CHN,Jiangsu,Jiangsu,CN-JS,,,557.8,,,3,Asia/Shanghai,FALSE,1156361319
Dianshangcun,Dianshangcun,,37.4059,121.9785,China,CN,CHN,Shandong,Shandong,CN-SD,,,1376.4,,,3,Asia/Shanghai,FALSE,1156432742
Dianshangcun,Dianshangcun,,36.6352,119.9103,China,CN,CHN,Shandong,Shandong,CN-SD,,,542.9,,,3,Asia/Shanghai,TRUE,1156510010
Dianshangcun,Dianshangcun,,36.8897,120.2932,China,CN,CHN,Shandong,Shandong,CN-SD,,,411.1,,,3,Asia/Shanghai,TRUE,1156510009
Dianshangcun,Dianshangcun,,37.7046,121.0063,China,CN,CHN,Shandong,Shandong,CN-SD,,,325.8,,,3,Asia/Shanghai,TRUE,1156510007
Tongshuiping,Tongshuiping,T’ung-shui-p’ing,42.5037,129.7296,China,CN,CHN,Jilin,Jilin,CN-JL,,,19.0,,,4,Asia/Shanghai,FALSE,1156157497
Yinfengcun,Yinfengcun,,29.5404,118.6461,China,CN,CHN,Zhejiang,Zhejiang,CN-ZJ,,,48.1,,,4,Asia/Shanghai,FALSE,1156406121
Sishanmiao,Sishanmiao,,33.4503,111.3014,China,CN,CHN,Henan,Henan,CN-HA,,,75.2,,,4,Asia/Shanghai,FALSE,1156255124
Panjiamiao,Panjiamiao,,32.0046,112.6005,China,CN,CHN,Hubei,Hubei,CN-HB,,,228.0,,,3,Asia/Shanghai,FALSE,1156185929
Panjiamiao,Panjiamiao,,32.0517,110.4847,China,CN,CHN,Hubei,Hubei,CN-HB,,,115.7,,,4,Asia/Shanghai,TRUE,1156358549
Darencun,Darencun,,38.2786,117.3308,China,CN,CHN,Hebei,Hebei,CN-HE,,,219.4,,,3,Asia/Shanghai,FALSE,1156515330
Zhaigen,Zhaigen,,24.9481,108.9610,China,CN,CHN,Guangxi,Guangxi,CN-GX,,,81.4,,,4,Asia/Shanghai,FALSE,1156385889
Shenjiang Haocheng,Shenjiang Haocheng,,31.1664,121.4957,China,CN,CHN,Shanghai,Shanghai,CN-SH,,,24259.5,,,2,Asia/Shanghai,FALSE,1156542138
Baojiazhuang,Baojiazhuang,,30.5700,114.0900,China,CN,CHN,Hubei,Hubei,CN-HB,,,3437.5,,,2,Asia/Shanghai,FALSE,1156360926
Chawochang,Chawochang,Maiduo Gongshe|Changwuchang,30.5000,84.9000,China,CN,CHN,Tibet,Tibet,CN-XZ,,,0.5,,,5,Asia/Shanghai,FALSE,1156404852
Liangongping,Liangongping,,27.4527,119.6707,China,CN,CHN,Fujian,Fujian,CN-FJ,,,51.6,,,4,Asia/Shanghai,FALSE,1156261531
Zhong’aolicun,Zhong'aolicun,,28.5373,121.3007,China,CN,CHN,Zhejiang,Zhejiang,CN-ZJ,,,2159.7,,,2,Asia/Shanghai,FALSE,1156387238
Masihe,Masihe,,38.5246,112.4255,China,CN,CHN,Shanxi,Shanxi,CN-SX,,,12.0,,,4,Asia/Shanghai,FALSE,1156317258
Beijiacun,Beijiacun,,28.3738,104.2410,China,CN,CHN,Yunnan,Yunnan,CN-YN,,,244.8,,,3,Asia/Shanghai,FALSE,1156585230
Songliang,Songliang,,32.0204,105.8180,China,CN,CHN,Sichuan,Sichuan,CN-SC,,,111.5,,,4,Asia/Shanghai,FALSE,1156018935
Qianjiazhuang,Qianjiazhuang,Ch’ien-chia-chuang|Ch’ien-chia-chen|Ch’ien-chia-ying,39.3072,115.9275,China,CN,CHN,Hebei,Hebei,CN-HE,,,755.0,,,3,Asia/Shanghai,FALSE,1156760502
Xutuanzhuang,Xutuanzhuang,,37.0112,107.3254,China,CN,CHN,Shaanxi,Shaanxi,CN-SN,,,28.5,,,4,Asia/Shanghai,FALSE,1156802977
Ranwacun,Ranwacun,,31.0951,97.3479,China,CN,CHN,Tibet,Tibet,CN-XZ,,,8.1,,,5,Asia/Shanghai,FALSE,1156940060
Meishuijing,Meishuijing,,27.8992,106.8760,China,CN,CHN,Guizhou,Guizhou,CN-GZ,,,189.8,,,4,Asia/Shanghai,FALSE,1156054579
Mabucha,Mabucha,,37.7361,110.5543,China,CN,CHN,Shaanxi,Shaanxi,CN-SN,,,148.6,,,4,Asia/Shanghai,FALSE,1156600565
Feilong,Feilong,,23.8558,102.2910,China,CN,CHN,Yunnan,Yunnan,CN-YN,,,42.8,,,4,Asia/Shanghai,FALSE,1156122901
Qijiashu,Qijiashu,,28.9349,105.4219,China,CN,CHN,Sichuan,Sichuan,CN-SC,,,1326.4,,,3,Asia/Shanghai,FALSE,1156012625
Liunie,Liunie,,24.3996,106.0430,China,CN,CHN,Guangxi,Guangxi,CN-GX,,,30.8,,,4,Asia/Shanghai,FALSE,1156555331
Yangmeipo,Yangmeipo,,25.3726,99.4593,China,CN,CHN,Yunnan,Yunnan,CN-YN,,,132.6,,,4,Asia/Shanghai,FALSE,1156040838
Yangmeipo,Yangmeipo,,24.8749,99.0290,China,CN,CHN,Yunnan,Yunnan,CN-YN,,,114.1,,,4,Asia/Shanghai,TRUE,1156640971
Yangmeipo,Yangmeipo,,24.5536,98.8435,China,CN,CHN,Yunnan,Yunnan,CN-YN,,,65.9,,,4,Asia/Shanghai,TRUE,1156347658
Shuangxucun,Shuangxucun,,34.0585,119.0373,China,CN,CHN,Jiangsu,Jiangsu,CN-JS,,,669.6,,,3,Asia/Shanghai,FALSE,1156293582
Shuangxucun,Shuangxucun,,32.4813,119.2279,China,CN,CHN,Jiangsu,Jiangsu,CN-JS,,,487.6,,,3,Asia/Shanghai,TRUE,1156293845
Shuangxucun,Shuangxucun,,33.1051,120.1419,China,CN,CHN,Jiangsu,Jiangsu,CN-JS,,,327.4,,,3,Asia/Shanghai,TRUE,1156365056
Qiao’ershantun,Qiao'ershantun,,23.3346,110.0473,China,CN,CHN,Guangxi,Guangxi,CN-GX,,,455.5,,,3,Asia/Shanghai,FALSE,1156454069
Xiyicun,Xiyicun,,35.2691,118.4924,China,CN,CHN,Shandong,Shandong,CN-SD,,,620.2,,,3,Asia/Shanghai,FALSE,1156546117
Xiyicun,Xiyicun,,36.3799,116.0699,China,CN,CHN,Shandong,Shandong,CN-SD,,,553.1,,,3,Asia/Shanghai,TRUE,1156546114
Xiyicun,Xiyicun,,36.7077,117.9317,China,CN,CHN,Shandong,Shandong,CN-SD,,,452.8,,,3,Asia/Shanghai,TRUE,1156316926
Xiyicun,Xiyicun,,37.8055,117.9257,China,CN,CHN,Shandong,Shandong,CN-SD,,,203.8,,,3,Asia/Shanghai,TRUE,1156442935
Xintun,Xintun,,31.5941,120.3717,China,CN,CHN,Jiangsu,Jiangsu,CN-JS,,,7643.2,,,2,Asia/Shanghai,FALSE,1156373582
Xintun,Xintun,,31.9834,119.0521,China,CN,CHN,Jiangsu,Jiangsu,CN-JS,,,595.7,,,3,Asia/Shanghai,TRUE,1156850673
Jianjiao,Jianjiao,,25.3846,106.4510,China,CN,CHN,Guizhou,Guizhou,CN-GZ,,,25.4,,,4,Asia/Shanghai,FALSE,1156175205
Xijianglou,Xijianglou,,34.5361,117.0780,China,CN,CHN,Jiangsu,Jiangsu,CN-JS,,,392.3,,,3,Asia/Shanghai,FALSE,1156111635
Xiayankou,Xiayankou,,29.3275,102.9015,China,CN,CHN,Sichuan,Sichuan,CN-SC,,,66.2,,,4,Asia/Shanghai,FALSE,1156092827
Poluo,Poluo,,22.3840,110.7549,China,CN,CHN,Guangdong,Guangdong,CN-GD,,,155.8,,,4,Asia/Shanghai,FALSE,1156671070
Cuntian,Cuntian,,27.4238,104.2780,China,CN,CHN,Yunnan,Yunnan,CN-YN,,,273.1,,,3,Asia/Shanghai,FALSE,1156500392
Qiadapo,Qiadapo,,26.2937,103.9390,China,CN,CHN,Yunnan,Yunnan,CN-YN,,,269.5,,,3,Asia/Shanghai,FALSE,1156314561
Qianzhu,Qianzhu,,35.8376,115.5834,China,CN,CHN,Henan,Henan,CN-HA,,,643.0,,,3,Asia/Shanghai,FALSE,1156792322
Chaoyangbucun,Chaoyangbucun,,45.0539,124.7799,China,CN,CHN,Jilin,Jilin,CN-JL,,,313.6,,,3,Asia/Shanghai,FALSE,1156693316
Chaoyangbucun,Chaoyangbucun,,44.0638,124.6115,China,CN,CHN,Jilin,Jilin,CN-JL,,,178.6,,,4,Asia/Shanghai,TRUE,1156622873
Dijiacun,Dijiacun,,26.5040,103.3250,China,CN,CHN,Yunnan,Yunnan,CN-YN,,,148.5,,,4,Asia/Shanghai,FALSE,1156351667
Dijiacun,Dijiacun,,25.3117,102.6830,China,CN,CHN,Yunnan,Yunnan,CN-YN,,,78.1,,,4,Asia/Shanghai,TRUE,1156118284
Wangxingcun,Wangxingcun,,35.3839,116.7945,China,CN,CHN,Shandong,Shandong,CN-SD,,,746.0,,,3,Asia/Shanghai,FALSE,1156500749
Wangxingcun,Wangxingcun,,36.4669,116.0901,China,CN,CHN,Shandong,Shandong,CN-SD,,,573.0,,,3,Asia/Shanghai,TRUE,1156500746
Wangxingcun,Wangxingcun,,35.1865,115.1509,China,CN,CHN,Shandong,Shandong,CN-SD,,,559.3,,,3,Asia/Shanghai,TRUE,1156323263
Wangxingcun,Wangxingcun,,37.6102,117.2380,China,CN,CHN,Shandong,Shandong,CN-SD,,,338.8,,,3,Asia/Shanghai,TRUE,1156445041
Zaoshuliang,Zaoshuliang,,31.2605,107.1043,China,CN,CHN,Sichuan,Sichuan,CN-SC,,,476.1,,,3,Asia/Shanghai,FALSE,1156936563
Sixian Zhongzhuchang,Sixian Zhongzhuchang,,33.5173,117.7703,China,CN,CHN,Anhui,Anhui,CN-AH,,,280.0,,,3,Asia/Shanghai,FALSE,1156342410
Qianfaniushan,Qianfaniushan,,35.9618,119.0024,China,CN,CHN,Shandong,Shandong,CN-SD,,,383.6,,,3,Asia/Shanghai,FALSE,1156774147
Jiangmenkeng,Jiangmenkeng,Jiangmenkengcun,19.3448,108.7650,China,CN,CHN,Hainan,Hainan,CN-HI,,,228.5,,,3,Asia/Shanghai,FALSE,1156437700
Xiqiao,Xiqiao,,24.9833,103.6000,China,CN,CHN,Yunnan,Yunnan,CN-YN,,,606.5,,,3,Asia/Shanghai,FALSE,1156335808
Shenzicun,Shenzicun,,44.9426,124.2995,China,CN,CHN,Jilin,Jilin,CN-JL,,,61.4,,,4,Asia/Shanghai,FALSE,1156955926
Shenzicun,Shenzicun,,44.7337,123.7737,China,CN,CHN,Jilin,Jilin,CN-JL,,,55.4,,,4,Asia/Shanghai,TRUE,1156166180
Laozhoutou,Laozhoutou,,30.9417,117.7500,China,CN,CHN,Anhui,Anhui,CN-AH,,,1100.2,,,3,Asia/Shanghai,FALSE,1156109789
Laozhoutou,Laozhoutou,Lao-chou-wan|Laoshawan,30.8039,117.5964,China,CN,CHN,Anhui,Anhui,CN-AH,,,681.9,,,3,Asia/Shanghai,TRUE,1156302327
Wulan Talacun,Wulan Talacun,,44.6563,124.4263,China,CN,CHN,Jilin,Jilin,CN-JL,,,65.1,,,4,Asia/Shanghai,FALSE,1156567819
Poluo,Poluo,,26.5083,106.3500,China,CN,CHN,Guizhou,Guizhou,CN-GZ,,,351.7,,,3,Asia/Shanghai,FALSE,1156389744
Poluo,Poluo,,25.2314,105.0470,China,CN,CHN,Guizhou,Guizhou,CN-GZ,,,221.1,,,3,Asia/Shanghai,TRUE,1156281869
Aotian,Aotian,,29.3905,105.0042,China,CN,CHN,Sichuan,Sichuan,CN-SC,,,564.4,,,3,Asia/Shanghai,FALSE,1156037990
Aotian,Aotian,,29.0087,105.2970,China,CN,CHN,Sichuan,Sichuan,CN-SC,,,551.0,,,3,Asia/Shanghai,TRUE,1156002629
Aotian,Aotian,,28.4217,104.7874,China,CN,CHN,Sichuan,Sichuan,CN-SC,,,241.2,,,3,Asia/Shanghai,TRUE,1156179298
Aotian,Aotian,,28.6154,103.7840,China,CN,CHN,Sichuan,Sichuan,CN-SC,,,32.8,,,4,Asia/Shanghai,TRUE,1156187944
Guangnei,Guangnei,,23.4106,108.2070,China,CN,CHN,Guangxi,Guangxi,CN-GX,,,212.9,,,3,Asia/Shanghai,FALSE,1156123511
Guangnei,Guangnei,,23.0820,108.1490,China,CN,CHN,Guangxi,Guangxi,CN-GX,,,186.0,,,4,Asia/Shanghai,TRUE,1156166983
Jigongzui,Jigongzui,,28.9734,106.6080,China,CN,CHN,Chongqing,Chongqing,CN-CQ,,,259.9,,,3,Asia/Shanghai,FALSE,1156279091
Yanlicun,Yanlicun,Shangyanli,25.0869,106.8212,China,CN,CHN,Guangxi,Guangxi,CN-GX,,,17.3,,,4,Asia/Shanghai,FALSE,1156804767
Shanggaoshicun,Shanggaoshicun,,34.9219,110.4374,China,CN,CHN,Shanxi,Shanxi,CN-SX,,,335.7,,,3,Asia/Shanghai,FALSE,1156829279
Samsang,Samsang,Wu-mu-pu|Ombu|O-mu-pu|Sang-mu-sang|Umboo|Sangmuzhang,30.3667,82.8333,China,CN,CHN,Tibet,Tibet,CN-XZ,,,0.3,,,4,Asia/Shanghai,FALSE,1156077502
Xiejiaqiao,Xiejiaqiao,,35.4569,108.3680,China,CN,CHN,Gansu,Gansu,CN-GS,,,417.0,,,3,Asia/Shanghai,FALSE,1156715226
Dongtiaocun,Dongtiaocun,,34.3693,119.3337,China,CN,CHN,Jiangsu,Jiangsu,CN-JS,,,665.9,,,3,Asia/Shanghai,FALSE,1156286634
Dakouzi,Dakouzi,,40.2112,99.0935,China,CN,CHN,Gansu,Gansu,CN-GS,,,5.8,,,5,Asia/Shanghai,FALSE,1156983974
Dakouzi,Dakouzi,,38.6294,100.2900,China,CN,CHN,Gansu,Gansu,CN-GS,,,0.6,,,5,Asia/Shanghai,TRUE,1156117239
Jianjiawan,Jianjiawan,,30.6376,112.6719,China,CN,CHN,Hubei,Hubei,CN-HB,,,308.0,,,3,Asia/Shanghai,FALSE,1156689080
Jianjiawan,Jianjiawan,,31.1514,112.2935,China,CN,CHN,Hubei,Hubei,CN-HB,,,187.2,,,4,Asia/Shanghai,TRUE,1156282133
Salewa,Salewa,,36.5234,81.6574,China,CN,CHN,Xinjiang,Xinjiang,CN-XJ,,,19.1,,,4,Asia/Shanghai,FALSE,1156220342
Jianjiawan,Jianjiawan,,26.4550,112.3667,China,CN,CHN,Hunan,Hunan,CN-HN,,,542.5,,,3,Asia/Shanghai,FALSE,1156271819
Jianjiawan,Jianjiawan,,26.4336,112.4141,China,CN,CHN,Hunan,Hunan,CN-HN,,,542.5,,,3,Asia/Shanghai,TRUE,1156700326
Jianjiawan,Jianjiawan,,28.6626,110.6593,China,CN,CHN,Hunan,Hunan,CN-HN,,,70.3,,,4,Asia/Shanghai,TRUE,1156994288
Xinyangcun,Xinyangcun,,43.6116,125.6713,China,CN,CHN,Jilin,Jilin,CN-JL,,,115.8,,,4,Asia/Shanghai,FALSE,1156018518
Zhongzhan,Zhongzhan,,26.8813,119.2110,China,CN,CHN,Fujian,Fujian,CN-FJ,,,57.7,,,4,Asia/Shanghai,FALSE,1156903952
Datiaocun,Datiaocun,,28.7798,121.6440,China,CN,CHN,Zhejiang,Zhejiang,CN-ZJ,,,577.1,,,3,Asia/Shanghai,FALSE,1156381260
Dongta Sandadui,Dongta Sandadui,,37.9969,106.2450,China,CN,CHN,Ningxia,Ningxia,CN-NX,,,1808.9,,,3,Asia/Shanghai,FALSE,1156027824
Diankou,Diankou,,27.1675,116.9785,China,CN,CHN,Jiangxi,Jiangxi,CN-JX,,,382.5,,,3,Asia/Shanghai,FALSE,1156180449
Diankou,Diankou,,28.6616,118.2700,China,CN,CHN,Jiangxi,Jiangxi,CN-JX,,,262.1,,,3,Asia/Shanghai,TRUE,1156239051
Lingxi Wangjiacun,Lingxi Wangjiacun,,36.9129,119.6086,China,CN,CHN,Shandong,Shandong,CN-SD,,,344.2,,,3,Asia/Shanghai,FALSE,1156549098
Buqi,Buqi,,25.3831,105.3930,China,CN,CHN,Guizhou,Guizhou,CN-GZ,,,171.1,,,4,Asia/Shanghai,FALSE,1156530035
Hanshouye,Hanshouye,,46.6112,126.0099,China,CN,CHN,Heilongjiang,Heilongjiang,CN-HL,,,248.5,,,3,Asia/Shanghai,FALSE,1156328182
Baoshui,Baoshui,,23.2511,108.8050,China,CN,CHN,Guangxi,Guangxi,CN-GX,,,2179.4,,,2,Asia/Shanghai,FALSE,1156149655
Yinliuwa,Yinliuwa,,35.2080,114.2979,China,CN,CHN,Henan,Henan,CN-HA,,,406.5,,,3,Asia/Shanghai,FALSE,1156226814
Wu’ercun,Wu'ercun,,39.3743,99.9054,China,CN,CHN,Gansu,Gansu,CN-GS,,,19.7,,,4,Asia/Shanghai,FALSE,1156253635
Youkuri Tigengcun,Youkuri Tigengcun,,39.2622,76.8121,China,CN,CHN,Xinjiang,Xinjiang,CN-XJ,,,12.0,,,4,Asia/Shanghai,FALSE,1156214584
Nanlimiao,Nanlimiao,,22.7226,102.9540,China,CN,CHN,Yunnan,Yunnan,CN-YN,,,112.9,,,4,Asia/Shanghai,FALSE,1156237046
Liangmatai,Liangmatai,,37.0159,107.6730,China,CN,CHN,Shaanxi,Shaanxi,CN-SN,,,17.0,,,4,Asia/Shanghai,FALSE,1156067233
Panzhuangcun,Panzhuangcun,,34.9917,115.4817,China,CN,CHN,Shandong,Shandong,CN-SD,,,4268.2,,,2,Asia/Shanghai,FALSE,1156434982
Panzhuangcun,Panzhuangcun,,35.4252,116.6539,China,CN,CHN,Shandong,Shandong,CN-SD,,,1919.7,,,3,Asia/Shanghai,TRUE,1156342178
Panzhuangcun,Panzhuangcun,,36.4958,116.7259,China,CN,CHN,Shandong,Shandong,CN-SD,,,1791.4,,,3,Asia/Shanghai,TRUE,1156343422
Panzhuangcun,Panzhuangcun,Panzhuang,35.5971,115.5049,China,CN,CHN,Shandong,Shandong,CN-SD,,,1641.3,,,3,Asia/Shanghai,TRUE,1156231371
Panzhuangcun,Panzhuangcun,,36.2600,115.7200,China,CN,CHN,Shandong,Shandong,CN-SD,,,1423.9,,,3,Asia/Shanghai,TRUE,1156687261
Panzhuangcun,Panzhuangcun,,35.8253,115.3490,China,CN,CHN,Shandong,Shandong,CN-SD,,,1151.9,,,3,Asia/Shanghai,TRUE,1156548755
Panzhuangcun,Panzhuangcun,,36.2377,115.5033,China,CN,CHN,Shandong,Shandong,CN-SD,,,1112.7,,,3,Asia/Shanghai,TRUE,1156343786
Panzhuangcun,Panzhuangcun,,36.0297,115.8136,China,CN,CHN,Shandong,Shandong,CN-SD,,,1108.9,,,3,Asia/Shanghai,TRUE,1156921777
Panzhuangcun,Panzhuangcun,,35.2863,116.3707,China,CN,CHN,Shandong,Shandong,CN-SD,,,1105.6,,,3,Asia/Shanghai,TRUE,1156343020
Panzhuangcun,Panzhuangcun,,34.9397,116.4221,China,CN,CHN,Shandong,Shandong,CN-SD,,,986.6,,,3,Asia/Shanghai,TRUE,1156342490
Panzhuangcun,Panzhuangcun,,34.7367,117.2415,China,CN,CHN,Shandong,Shandong,CN-SD,,,920.4,,,3,Asia/Shanghai,TRUE,1156072986
Panzhuangcun,Panzhuangcun,,36.4509,115.6115,China,CN,CHN,Shandong,Shandong,CN-SD,,,817.4,,,3,Asia/Shanghai,TRUE,1156343827
Panzhuangcun,Panzhuangcun,,36.0787,115.5447,China,CN,CHN,Shandong,Shandong,CN-SD,,,793.3,,,3,Asia/Shanghai,TRUE,1156343814
Panzhuangcun,Panzhuangcun,,35.3368,115.8366,China,CN,CHN,Shandong,Shandong,CN-SD,,,788.2,,,3,Asia/Shanghai,TRUE,1156155410
Panzhuangcun,Panzhuangcun,,35.6183,116.0821,China,CN,CHN,Shandong,Shandong,CN-SD,,,692.6,,,3,Asia/Shanghai,TRUE,1156343883
Panzhuangcun,Panzhuangcun,,34.7268,118.3864,China,CN,CHN,Shandong,Shandong,CN-SD,,,675.2,,,3,Asia/Shanghai,TRUE,1156095864
Panzhuangcun,Panzhuangcun,,35.2133,116.0391,China,CN,CHN,Shandong,Shandong,CN-SD,,,637.8,,,3,Asia/Shanghai,TRUE,1156342825
Panzhuangcun,Panzhuangcun,,36.3480,115.8426,China,CN,CHN,Shandong,Shandong,CN-SD,,,635.6,,,3,Asia/Shanghai,TRUE,1156250192
Panzhuangcun,Panzhuangcun,,34.8059,115.8643,China,CN,CHN,Shandong,Shandong,CN-SD,,,635.2,,,3,Asia/Shanghai,TRUE,1156343435
Panzhuangcun,Panzhuangcun,,35.0450,116.6267,China,CN,CHN,Shandong,Shandong,CN-SD,,,590.0,,,3,Asia/Shanghai,TRUE,1156477187
Panzhuangcun,Panzhuangcun,,35.6468,116.1708,China,CN,CHN,Shandong,Shandong,CN-SD,,,583.4,,,3,Asia/Shanghai,TRUE,1156342176
Panzhuangcun,Panzhuangcun,,34.7737,115.7205,China,CN,CHN,Shandong,Shandong,CN-SD,,,564.0,,,3,Asia/Shanghai,TRUE,1156308036
Panzhuangcun,Panzhuangcun,,37.7611,116.9133,China,CN,CHN,Shandong,Shandong,CN-SD,,,562.9,,,3,Asia/Shanghai,TRUE,1156222268
Panzhuangcun,Panzhuangcun,,35.2994,116.7366,China,CN,CHN,Shandong,Shandong,CN-SD,,,562.1,,,3,Asia/Shanghai,TRUE,1156343854
Panzhuangcun,Panzhuangcun,,35.1174,116.4644,China,CN,CHN,Shandong,Shandong,CN-SD,,,557.9,,,3,Asia/Shanghai,TRUE,1156207583
Panzhuangcun,Panzhuangcun,,34.9291,116.0337,China,CN,CHN,Shandong,Shandong,CN-SD,,,551.2,,,3,Asia/Shanghai,TRUE,1156342566
Panzhuangcun,Panzhuangcun,,36.3657,115.6501,China,CN,CHN,Shandong,Shandong,CN-SD,,,550.4,,,3,Asia/Shanghai,TRUE,1156343813
Panzhuangcun,Panzhuangcun,,35.1542,118.6534,China,CN,CHN,Shandong,Shandong,CN-SD,,,537.7,,,3,Asia/Shanghai,TRUE,1156880471
Panzhuangcun,Panzhuangcun,,37.3222,116.1027,China,CN,CHN,Shandong,Shandong,CN-SD,,,509.6,,,3,Asia/Shanghai,TRUE,1156222078
Panzhuangcun,Panzhuangcun,,35.7777,116.2263,China,CN,CHN,Shandong,Shandong,CN-SD,,,509.2,,,3,Asia/Shanghai,TRUE,1156341944
Panzhuangcun,Panzhuangcun,,34.8473,115.8012,China,CN,CHN,Shandong,Shandong,CN-SD,,,503.6,,,3,Asia/Shanghai,TRUE,1156261090
Panzhuangcun,Panzhuangcun,,34.6151,115.8597,China,CN,CHN,Shandong,Shandong,CN-SD,,,458.8,,,3,Asia/Shanghai,TRUE,1156343763
Panzhuangcun,Panzhuangcun,,36.6456,116.4896,China,CN,CHN,Shandong,Shandong,CN-SD,,,392.0,,,3,Asia/Shanghai,TRUE,1156048252
Panzhuangcun,Panzhuangcun,,36.4157,116.5481,China,CN,CHN,Shandong,Shandong,CN-SD,,,372.9,,,3,Asia/Shanghai,TRUE,1156222512
Panzhuangcun,Panzhuangcun,,35.7804,118.1825,China,CN,CHN,Shandong,Shandong,CN-SD,,,368.3,,,3,Asia/Shanghai,TRUE,1156344090
Panzhuangcun,Panzhuangcun,,35.8090,119.6493,China,CN,CHN,Shandong,Shandong,CN-SD,,,323.8,,,3,Asia/Shanghai,TRUE,1156122396
Panzhuangcun,Panzhuangcun,,34.9832,117.8638,China,CN,CHN,Shandong,Shandong,CN-SD,,,305.4,,,3,Asia/Shanghai,TRUE,1156343662
Panzhuangcun,Panzhuangcun,,36.3494,116.5496,China,CN,CHN,Shandong,Shandong,CN-SD,,,291.6,,,3,Asia/Shanghai,TRUE,1156342454
Panzhuangcun,Panzhuangcun,,36.4027,116.7288,China,CN,CHN,Shandong,Shandong,CN-SD,,,275.5,,,3,Asia/Shanghai,TRUE,1156342880
Panzhuangcun,Panzhuangcun,,35.9147,119.1075,China,CN,CHN,Shandong,Shandong,CN-SD,,,255.0,,,3,Asia/Shanghai,TRUE,1156344222
Wuhua,Wuhua,,30.6129,100.0810,China,CN,CHN,Sichuan,Sichuan,CN-SC,,,0.9,,,5,Asia/Shanghai,FALSE,1156853837
Labiaozhi,Labiaozhi,,27.0655,100.0470,China,CN,CHN,Yunnan,Yunnan,CN-YN,,,38.5,,,4,Asia/Shanghai,FALSE,1156085291
Muchengjian,Muchengjian,,39.9475,115.9078,China,CN,CHN,Beijing,Beijing,CN-BJ,,,198.9,,,4,Asia/Shanghai,FALSE,1156938272
Laosangducun,Laosangducun,,37.1200,117.4375,China,CN,CHN,Shandong,Shandong,CN-SD,,,456.3,,,3,Asia/Shanghai,FALSE,1156938349
Labeng,Labeng,,25.7291,99.6056,China,CN,CHN,Yunnan,Yunnan,CN-YN,,,30.8,,,4,Asia/Shanghai,FALSE,1156267072
Liguozhou,Liguozhou,,29.9546,113.7249,China,CN,CHN,Hubei,Hubei,CN-HB,,,519.8,,,3,Asia/Shanghai,FALSE,1156238973
Dahengwu,Dahengwu,,29.7553,119.3818,China,CN,CHN,Zhejiang,Zhejiang,CN-ZJ,,,69.9,,,4,Asia/Shanghai,FALSE,1156802507
Xiuqiushan Wangjia,Xiuqiushan Wangjia,,28.3440,117.5317,China,CN,CHN,Jiangxi,Jiangxi,CN-JX,,,698.3,,,3,Asia/Shanghai,FALSE,1156545295
Lingshui,Lingshui,,18.4443,109.9951,China,CN,CHN,Hainan,Hainan,CN-HI,,,376.2,,,3,Asia/Shanghai,FALSE,1156260180
Lianhuadoucun,Lianhuadoucun,,30.7435,120.3028,China,CN,CHN,Zhejiang,Zhejiang,CN-ZJ,,,657.9,,,3,Asia/Shanghai,FALSE,1156373039
Dabafang,Dabafang,,29.9559,110.3687,China,CN,CHN,Hubei,Hubei,CN-HB,,,39.1,,,4,Asia/Shanghai,FALSE,1156627720
Shuanghecun,Shuanghecun,,23.5792,116.2603,China,CN,CHN,Guangdong,Guangdong,CN-GD,,,1986.8,,,3,Asia/Shanghai,FALSE,1156154830
Shuanghecun,Shuanghecun,,22.0678,111.5023,China,CN,CHN,Guangdong,Guangdong,CN-GD,,,248.9,,,3,Asia/Shanghai,TRUE,1156574069
Shuanghecun,Shuanghecun,,22.3632,111.2594,China,CN,CHN,Guangdong,Guangdong,CN-GD,,,186.5,,,4,Asia/Shanghai,TRUE,1156574065
Shuanghecun,Shuanghecun,,22.6700,111.2095,China,CN,CHN,Guangdong,Guangdong,CN-GD,,,155.9,,,4,Asia/Shanghai,TRUE,1156574063
Zhoujia Dayuanzi,Zhoujia Dayuanzi,,32.7073,109.7845,China,CN,CHN,Shaanxi,Shaanxi,CN-SN,,,48.6,,,4,Asia/Shanghai,FALSE,1156111668
Huanggou,Huanggou,,35.7298,110.8159,China,CN,CHN,Shanxi,Shanxi,CN-SX,,,43.0,,,4,Asia/Shanghai,FALSE,1156234471
Dangguo,Dangguo,,24.2083,97.9634,China,CN,CHN,Yunnan,Yunnan,CN-YN,,,52.4,,,4,Asia/Shanghai,FALSE,1156185346
Baiyukuo,Baiyukuo,,32.5762,120.2750,China,CN,CHN,Jiangsu,Jiangsu,CN-JS,,,1061.8,,,3,Asia/Shanghai,FALSE,1156035259
Wuchigou,Wuchigou,,31.8318,110.5521,China,CN,CHN,Hubei,Hubei,CN-HB,,,86.7,,,4,Asia/Shanghai,FALSE,1156447847
Shangshijiao,Shangshijiao,,24.4127,115.9677,China,CN,CHN,Guangdong,Guangdong,CN-GD,,,91.5,,,4,Asia/Shanghai,FALSE,1156302972
Shitanzi,Shitanzi,,35.7972,111.4839,China,CN,CHN,Shanxi,Shanxi,CN-SX,,,346.0,,,3,Asia/Shanghai,FALSE,1156492907
Wulongshui,Wulongshui,,26.2019,110.3058,China,CN,CHN,Hunan,Hunan,CN-HN,,,66.0,,,4,Asia/Shanghai,FALSE,1156030338
Dongbiancun,Dongbiancun,,23.4368,113.2062,China,CN,CHN,Guangdong,Guangdong,CN-GD,,,1349.5,,,3,Asia/Shanghai,FALSE,1156118346
Dongbiancun,Dongbiancun,,23.1134,112.9755,China,CN,CHN,Guangdong,Guangdong,CN-GD,,,1311.6,,,3,Asia/Shanghai,TRUE,1156449582
Dongbiancun,Dongbiancun,,21.7949,110.9633,China,CN,CHN,Guangdong,Guangdong,CN-GD,,,875.6,,,3,Asia/Shanghai,TRUE,1156563057
Dongbiancun,Dongbiancun,,21.3873,110.3677,China,CN,CHN,Guangdong,Guangdong,CN-GD,,,709.8,,,3,Asia/Shanghai,TRUE,1156470327
Dongbiancun,Dongbiancun,,21.7904,110.8212,China,CN,CHN,Guangdong,Guangdong,CN-GD,,,644.1,,,3,Asia/Shanghai,TRUE,1156563059
Dongbiancun,Dongbiancun,,20.6489,110.0385,China,CN,CHN,Guangdong,Guangdong,CN-GD,,,515.7,,,3,Asia/Shanghai,TRUE,1156924899
Dongbiancun,Dongbiancun,,21.9891,110.5096,China,CN,CHN,Guangdong,Guangdong,CN-GD,,,463.7,,,3,Asia/Shanghai,TRUE,1156563060
Dongbiancun,Dongbiancun,,21.4240,110.1086,China,CN,CHN,Guangdong,Guangdong,CN-GD,,,405.8,,,3,Asia/Shanghai,TRUE,1156116487
Dongbiancun,Dongbiancun,,20.8230,110.3000,China,CN,CHN,Guangdong,Guangdong,CN-GD,,,192.5,,,4,Asia/Shanghai,TRUE,1156470326
Dongbiancun,Dongbiancun,,25.1167,113.4273,China,CN,CHN,Guangdong,Guangdong,CN-GD,,,151.5,,,4,Asia/Shanghai,TRUE,1156563061
Dongbiancun,Dongbiancun,,20.7202,109.8976,China,CN,CHN,Guangdong,Guangdong,CN-GD,,,30.8,,,4,Asia/Shanghai,TRUE,1156470328
Luoduncun,Luoduncun,,31.7075,120.8373,China,CN,CHN,Jiangsu,Jiangsu,CN-JS,,,1948.9,,,3,Asia/Shanghai,FALSE,1156371123
Chengxing,Chengxing,,32.0094,120.1660,China,CN,CHN,Jiangsu,Jiangsu,CN-JS,,,523.1,,,3,Asia/Shanghai,FALSE,1156073941
Wujiata,Wujiata,,29.9692,120.3637,China,CN,CHN,Zhejiang,Zhejiang,CN-ZJ,,,2098.5,,,2,Asia/Shanghai,FALSE,1156581885
Kasonangba,Kasonangba,Kasuonangba|Namaqie Gongshe,31.5010,91.4010,China,CN,CHN,Tibet,Tibet,CN-XZ,,,12.6,,,4,Asia/Shanghai,FALSE,1156580670
Hongweidui,Hongweidui,,41.2851,121.7980,China,CN,CHN,Liaoning,Liaoning,CN-LN,,,137.0,,,4,Asia/Shanghai,FALSE,1156358116
Magoucun,Magoucun,,28.5719,120.0592,China,CN,CHN,Zhejiang,Zhejiang,CN-ZJ,,,210.1,,,3,Asia/Shanghai,FALSE,1156406310
Lebian,Lebian,,19.4571,109.4531,China,CN,CHN,Hainan,Hainan,CN-HI,,,509.8,,,3,Asia/Shanghai,FALSE,1156023666
Yangpo Shangzhuang,Yangpo Shangzhuang,,35.7696,104.3270,China,CN,CHN,Gansu,Gansu,CN-GS,,,128.1,,,4,Asia/Shanghai,FALSE,1156076188
Wangxianwucun,Wangxianwucun,Wangxianwuzhuangcun,36.6542,116.4508,China,CN,CHN,Shandong,Shandong,CN-SD,,,392.0,,,3,Asia/Shanghai,FALSE,1156097002
Shitangpo,Shitangpo,,29.0725,104.6574,China,CN,CHN,Sichuan,Sichuan,CN-SC,,,214.2,,,3,Asia/Shanghai,FALSE,1156941813
Wu’an,Wu'an,,22.8786,107.2850,China,CN,CHN,Guangxi,Guangxi,CN-GX,,,23.1,,,4,Asia/Shanghai,FALSE,1156067479
Xinjiafangcun,Xinjiafangcun,,41.6999,114.2811,China,CN,CHN,Hebei,Hebei,CN-HE,,,70.8,,,4,Asia/Shanghai,FALSE,1156506417
Dacaopingcun,Dacaopingcun,,39.0165,113.4849,China,CN,CHN,Shanxi,Shanxi,CN-SX,,,34.3,,,4,Asia/Shanghai,FALSE,1156021983
Yangliuchuancun,Yangliuchuancun,,37.9678,110.0919,China,CN,CHN,Shaanxi,Shaanxi,CN-SN,,,18.1,,,4,Asia/Shanghai,FALSE,1156046915
Luojiashe,Luojiashe,,31.6442,120.1804,China,CN,CHN,Jiangsu,Jiangsu,CN-JS,,,2070.9,,,2,Asia/Shanghai,FALSE,1156134070
Zoumaling,Zoumaling,,30.0258,107.5815,China,CN,CHN,Chongqing,Chongqing,CN-CQ,,,207.6,,,3,Asia/Shanghai,FALSE,1156844920
Jiuqunao,Jiuqunao,,30.8783,110.8705,China,CN,CHN,Hubei,Hubei,CN-HB,,,74.6,,,4,Asia/Shanghai,FALSE,1156070142
Qiate’er Talecun,Qiate'er Talecun,,44.2655,81.0708,China,CN,CHN,Xinjiang,Xinjiang,CN-XJ,,,27.1,,,4,Asia/Shanghai,FALSE,1156425175
Changgangcun,Changgangcun,,31.7809,117.1241,China,CN,CHN,Anhui,Anhui,CN-AH,,,1158.6,,,3,Asia/Shanghai,FALSE,1156288749
Changgangcun,Changgangcun,Changgangji,32.4527,117.1209,China,CN,CHN,Anhui,Anhui,CN-AH,,,1071.2,,,3,Asia/Shanghai,TRUE,1156197088
Changgangcun,Changgangcun,,32.3195,116.9917,China,CN,CHN,Anhui,Anhui,CN-AH,,,526.8,,,3,Asia/Shanghai,TRUE,1156284783
Changgangcun,Changgangcun,Ch’ang-kang-chi|Changgangji,31.4770,118.0432,China,CN,CHN,Anhui,Anhui,CN-AH,,,504.4,,,3,Asia/Shanghai,TRUE,1156747126
Changgangcun,Changgangcun,,31.2306,118.6000,China,CN,CHN,Anhui,Anhui,CN-AH,,,478.8,,,3,Asia/Shanghai,TRUE,1156493516
Changgangcun,Changgangcun,,31.4140,117.7501,China,CN,CHN,Anhui,Anhui,CN-AH,,,375.6,,,3,Asia/Shanghai,TRUE,1156507830
Changgangcun,Changgangcun,,31.6596,117.5085,China,CN,CHN,Anhui,Anhui,CN-AH,,,368.7,,,3,Asia/Shanghai,TRUE,1156866961
Changgangcun,Changgangcun,,31.0963,117.0359,China,CN,CHN,Anhui,Anhui,CN-AH,,,357.3,,,3,Asia/Shanghai,TRUE,1156288699
Changgangcun,Changgangcun,,32.1546,116.2463,China,CN,CHN,Anhui,Anhui,CN-AH,,,357.2,,,3,Asia/Shanghai,TRUE,1156032994
Changgangcun,Changgangcun,,31.8991,116.3057,China,CN,CHN,Anhui,Anhui,CN-AH,,,343.5,,,3,Asia/Shanghai,TRUE,1156981801
Changgangcun,Changgangcun,,31.5045,116.6219,China,CN,CHN,Anhui,Anhui,CN-AH,,,334.9,,,3,Asia/Shanghai,TRUE,1156268739
Changgangcun,Changgangcun,,31.3662,116.7540,China,CN,CHN,Anhui,Anhui,CN-AH,,,324.9,,,3,Asia/Shanghai,TRUE,1156220697
Changgangcun,Changgangcun,,31.3194,117.1924,China,CN,CHN,Anhui,Anhui,CN-AH,,,289.3,,,3,Asia/Shanghai,TRUE,1156085151
Changgangcun,Changgangcun,Changgang,31.6653,116.7385,China,CN,CHN,Anhui,Anhui,CN-AH,,,287.8,,,3,Asia/Shanghai,TRUE,1156411535
Changgangcun,Changgangcun,,31.9604,116.6432,China,CN,CHN,Anhui,Anhui,CN-AH,,,246.2,,,3,Asia/Shanghai,TRUE,1156451883
Changgangcun,Changgangcun,,31.8229,118.2650,China,CN,CHN,Anhui,Anhui,CN-AH,,,232.0,,,3,Asia/Shanghai,TRUE,1156317726
Changgangcun,Changgangcun,Ch’ang-kang-tien|Changgangdian,31.9335,116.8004,China,CN,CHN,Anhui,Anhui,CN-AH,,,227.7,,,3,Asia/Shanghai,TRUE,1156099841
Changgangcun,Changgangcun,,30.6191,117.4386,China,CN,CHN,Anhui,Anhui,CN-AH,,,219.6,,,3,Asia/Shanghai,TRUE,1156376200
Changgangcun,Changgangcun,,32.3270,117.8960,China,CN,CHN,Anhui,Anhui,CN-AH,,,171.6,,,4,Asia/Shanghai,TRUE,1156953446
Changgangcun,Changgangcun,,30.7337,116.2411,China,CN,CHN,Anhui,Anhui,CN-AH,,,115.6,,,4,Asia/Shanghai,TRUE,1156611551
Dongma Shangtai,Dongma Shangtai,,43.7194,124.8041,China,CN,CHN,Jilin,Jilin,CN-JL,,,396.2,,,3,Asia/Shanghai,FALSE,1156950664
Yangjia,Yangjia,,31.7570,118.5233,China,CN,CHN,Anhui,Anhui,CN-AH,,,1513.2,,,3,Asia/Shanghai,FALSE,1156722808
Yangjia,Yangjia,,31.6154,118.6711,China,CN,CHN,Anhui,Anhui,CN-AH,,,368.4,,,3,Asia/Shanghai,TRUE,1156098993
Yangjia,Yangjia,,30.6579,118.1635,China,CN,CHN,Anhui,Anhui,CN-AH,,,173.4,,,4,Asia/Shanghai,TRUE,1156086007
Yangjia,Yangjia,,29.6778,118.4809,China,CN,CHN,Anhui,Anhui,CN-AH,,,93.8,,,4,Asia/Shanghai,TRUE,1156258997
Mupicun,Mupicun,Mubei,25.5655,116.8703,China,CN,CHN,Fujian,Fujian,CN-FJ,,,81.0,,,4,Asia/Shanghai,FALSE,1156575929
Wangjia Beiloucun,Wangjia Beiloucun,,36.9781,118.8527,China,CN,CHN,Shandong,Shandong,CN-SD,,,723.9,,,3,Asia/Shanghai,FALSE,1156276623
Diyingzi,Diyingzi,,49.4076,128.0592,China,CN,CHN,Heilongjiang,Heilongjiang,CN-HL,,,11.1,,,4,Asia/Shanghai,FALSE,1156362581
Diyingzi,Diyingzi,,52.3144,125.9274,China,CN,CHN,Heilongjiang,Heilongjiang,CN-HL,,,1.5,,,5,Asia/Shanghai,TRUE,1156070617
Guchengcun,Guchengcun,,34.3761,119.1145,China,CN,CHN,Jiangsu,Jiangsu,CN-JS,,,523.1,,,3,Asia/Shanghai,FALSE,1156296879
Guchengcun,Guchengcun,,34.8611,118.8053,China,CN,CHN,Jiangsu,Jiangsu,CN-JS,,,453.4,,,3,Asia/Shanghai,TRUE,1156294229
Taiping Tuozicun,Taiping Tuozicun,,44.1369,123.7339,China,CN,CHN,Jilin,Jilin,CN-JL,,,2.1,,,5,Asia/Shanghai,FALSE,1156014025
Tawa,Tawa,,32.9400,101.6050,China,CN,CHN,Sichuan,Sichuan,CN-SC,,,29.7,,,4,Asia/Shanghai,FALSE,1156272080
Tawa,Tawa,,31.7132,100.8550,China,CN,CHN,Sichuan,Sichuan,CN-SC,,,8.8,,,5,Asia/Shanghai,TRUE,1156041630
Tawa,Tawa,,33.7793,102.9885,China,CN,CHN,Sichuan,Sichuan,CN-SC,,,8.2,,,5,Asia/Shanghai,TRUE,1156647451
Tawa,Tawa,,32.6000,101.6333,China,CN,CHN,Sichuan,Sichuan,CN-SC,,,2.6,,,5,Asia/Shanghai,TRUE,1156564020
Tangqian,Tangqian,,25.6514,112.5792,China,CN,CHN,Hunan,Hunan,CN-HN,,,191.7,,,4,Asia/Shanghai,FALSE,1156411003
Xiaoliangjia Wobu,Xiaoliangjia Wobu,,44.4836,125.7153,China,CN,CHN,Jilin,Jilin,CN-JL,,,291.1,,,3,Asia/Shanghai,FALSE,1156578343
Guchengcun,Guchengcun,,28.8575,116.9341,China,CN,CHN,Jiangxi,Jiangxi,CN-JX,,,609.3,,,3,Asia/Shanghai,FALSE,1156256701
Shuiquanliang,Shuiquanliang,,39.1582,112.3335,China,CN,CHN,Shanxi,Shanxi,CN-SX,,,66.3,,,4,Asia/Shanghai,FALSE,1156205805
Shuiquanliang,Shuiquanliang,,38.9726,112.0814,China,CN,CHN,Shanxi,Shanxi,CN-SX,,,48.7,,,4,Asia/Shanghai,TRUE,1156116118
Zhaomayucun,Zhaomayucun,,27.9205,119.0426,China,CN,CHN,Zhejiang,Zhejiang,CN-ZJ,,,80.3,,,4,Asia/Shanghai,FALSE,1156375617
Tieshiwan,Tieshiwan,,26.9464,113.5761,China,CN,CHN,Hunan,Hunan,CN-HN,,,166.1,,,4,Asia/Shanghai,FALSE,1156057574
Zhongduanwangcun,Zhongduanwangcun,,37.1940,117.5742,China,CN,CHN,Shandong,Shandong,CN-SD,,,311.7,,,3,Asia/Shanghai,FALSE,1156083391
Fengyangcun,Fengyangcun,,36.8709,116.0072,China,CN,CHN,Shandong,Shandong,CN-SD,,,548.6,,,3,Asia/Shanghai,FALSE,1156536564
Fengyangcun,Fengyangcun,,34.8887,118.7946,China,CN,CHN,Shandong,Shandong,CN-SD,,,293.5,,,3,Asia/Shanghai,TRUE,1156439404
Guchengcun,Guchengcun,,44.7935,126.4580,China,CN,CHN,Jilin,Jilin,CN-JL,,,286.2,,,3,Asia/Shanghai,FALSE,1156567669
Guchengcun,Guchengcun,,42.8185,130.2590,China,CN,CHN,Jilin,Jilin,CN-JL,,,152.4,,,4,Asia/Shanghai,TRUE,1156293776
Guchengcun,Guchengcun,,42.3206,125.4212,China,CN,CHN,Jilin,Jilin,CN-JL,province,,92.8,,,4,Asia/Shanghai,TRUE,1156444530
Guchengcun,Guchengcun,,45.3687,122.9646,China,CN,CHN,Jilin,Jilin,CN-JL,,,61.4,,,4,Asia/Shanghai,TRUE,1156574752
Guchengcun,Guchengcun,,43.1715,129.3471,China,CN,CHN,Jilin,Jilin,CN-JL,,,27.6,,,4,Asia/Shanghai,TRUE,1156295208
Guchengcun,Guchengcun,,42.8658,128.3121,China,CN,CHN,Jilin,Jilin,CN-JL,,,21.8,,,4,Asia/Shanghai,TRUE,1156285974
Guchengcun,Guchengcun,,43.7283,130.3497,China,CN,CHN,Jilin,Jilin,CN-JL,province,,3.7,,,5,Asia/Shanghai,TRUE,1156441188
Fengchi Shequ,Fengchi Shequ,,25.4976,118.2291,China,CN,CHN,Fujian,Fujian,CN-FJ,,,1200.9,,,3,Asia/Shanghai,FALSE,1156457311
Lanjing,Lanjing,,26.5861,116.1134,China,CN,CHN,Jiangxi,Jiangxi,CN-JX,,,186.4,,,4,Asia/Shanghai,FALSE,1156642400
Yongqi,Yongqi,,23.6467,107.5380,China,CN,CHN,Guangxi,Guangxi,CN-GX,,,100.0,,,4,Asia/Shanghai,FALSE,1156312450
Chencuncun,Chencuncun,,32.9984,116.2169,China,CN,CHN,Anhui,Anhui,CN-AH,,,541.7,,,3,Asia/Shanghai,FALSE,1156986062
Chencuncun,Chencuncun,,31.5909,117.5417,China,CN,CHN,Anhui,Anhui,CN-AH,,,309.0,,,3,Asia/Shanghai,TRUE,1156128387
Chajiangtang,Chajiangtang,,26.0975,111.3047,China,CN,CHN,Hunan,Hunan,CN-HN,,,331.2,,,3,Asia/Shanghai,FALSE,1156879498
Tangsun,Tangsun,,37.9517,116.8982,China,CN,CHN,Hebei,Hebei,CN-HE,,,394.9,,,3,Asia/Shanghai,FALSE,1156736916
Huangjia Tianba,Huangjia Tianba,,31.7861,108.2269,China,CN,CHN,Sichuan,Sichuan,CN-SC,,,60.2,,,4,Asia/Shanghai,FALSE,1156167828
Shenmingcun,Shenmingcun,,27.6958,118.3624,China,CN,CHN,Fujian,Fujian,CN-FJ,,,116.4,,,4,Asia/Shanghai,FALSE,1156395561
Xingsheng,Xingsheng,,38.3629,106.0630,China,CN,CHN,Ningxia,Ningxia,CN-NX,,,351.3,,,3,Asia/Shanghai,FALSE,1156134148
Chengziyacun,Chengziyacun,,35.4793,116.4384,China,CN,CHN,Shandong,Shandong,CN-SD,,,1007.6,,,3,Asia/Shanghai,FALSE,1156534397
Shuanghecun,Shuanghecun,,25.6663,110.7247,China,CN,CHN,Guangxi,Guangxi,CN-GX,,,358.2,,,3,Asia/Shanghai,FALSE,1156501335
Shuanghecun,Shuanghecun,,25.7999,110.0039,China,CN,CHN,Guangxi,Guangxi,CN-GX,,,232.7,,,3,Asia/Shanghai,TRUE,1156501334
Donglai Shequ,Donglai Shequ,,45.7756,126.6390,China,CN,CHN,Heilongjiang,Heilongjiang,CN-HL,,,14915.0,,,2,Asia/Shanghai,FALSE,1156572536
Jingli,Jingli,,24.4989,107.0350,China,CN,CHN,Guangxi,Guangxi,CN-GX,,,177.5,,,4,Asia/Shanghai,FALSE,1156695178
Bengluo,Bengluo,,27.4314,100.3600,China,CN,CHN,Yunnan,Yunnan,CN-YN,,,20.6,,,4,Asia/Shanghai,FALSE,1156823247
Tuogelake Mailicun,Tuogelake Mailicun,,40.6791,80.4063,China,CN,CHN,Xinjiang,Xinjiang,CN-XJ,,,74.3,,,4,Asia/Shanghai,FALSE,1156334084
Bahechong,Bahechong,,27.1486,113.2884,China,CN,CHN,Hunan,Hunan,CN-HN,,,445.5,,,3,Asia/Shanghai,FALSE,1156450023
Sekong,Sekong,,26.4345,103.8880,China,CN,CHN,Yunnan,Yunnan,CN-YN,,,175.1,,,4,Asia/Shanghai,FALSE,1156296269
Wangjiaping,Wangjiaping,,36.0057,103.7630,China,CN,CHN,Gansu,Gansu,CN-GS,,,857.5,,,3,Asia/Shanghai,FALSE,1156126290
Wangjiaping,Wangjiaping,,35.9610,103.9350,China,CN,CHN,Gansu,Gansu,CN-GS,,,699.2,,,3,Asia/Shanghai,TRUE,1156181772
Wangjiaping,Wangjiaping,,33.8001,105.7241,China,CN,CHN,Gansu,Gansu,CN-GS,,,513.2,,,3,Asia/Shanghai,TRUE,1156461413
Wangjiaping,Wangjiaping,,34.9885,104.7560,China,CN,CHN,Gansu,Gansu,CN-GS,,,277.9,,,3,Asia/Shanghai,TRUE,1156587765
Wangjiaping,Wangjiaping,,33.5133,104.8192,China,CN,CHN,Gansu,Gansu,CN-GS,,,167.9,,,4,Asia/Shanghai,TRUE,1156242651
Wangjiaping,Wangjiaping,,35.1060,104.5210,China,CN,CHN,Gansu,Gansu,CN-GS,,,147.6,,,4,Asia/Shanghai,TRUE,1156062804
Wangjiaping,Wangjiaping,,35.9469,102.9910,China,CN,CHN,Gansu,Gansu,CN-GS,,,111.5,,,4,Asia/Shanghai,TRUE,1156270366
Wangjiaping,Wangjiaping,,36.6420,103.3360,China,CN,CHN,Gansu,Gansu,CN-GS,,,100.6,,,4,Asia/Shanghai,TRUE,1156359680
Wangjiaping,Wangjiaping,,35.0924,104.8020,China,CN,CHN,Gansu,Gansu,CN-GS,,,93.6,,,4,Asia/Shanghai,TRUE,1156815799
Wangjiaping,Wangjiaping,,35.6158,104.6910,China,CN,CHN,Gansu,Gansu,CN-GS,,,77.9,,,4,Asia/Shanghai,TRUE,1156131294
Wangjiaping,Wangjiaping,,34.1874,104.9235,China,CN,CHN,Gansu,Gansu,CN-GS,,,75.7,,,4,Asia/Shanghai,TRUE,1156379373
Wangjiaping,Wangjiaping,,32.6965,105.2820,China,CN,CHN,Gansu,Gansu,CN-GS,,,48.8,,,4,Asia/Shanghai,TRUE,1156622598
Wangjiaping,Wangjiaping,,35.4022,104.8190,China,CN,CHN,Gansu,Gansu,CN-GS,,,40.8,,,4,Asia/Shanghai,TRUE,1156268571
Wangjiaping,Wangjiaping,,36.0227,107.6290,China,CN,CHN,Gansu,Gansu,CN-GS,,,33.6,,,4,Asia/Shanghai,TRUE,1156769192
Wangjiaping,Wangjiaping,,33.0416,105.3726,China,CN,CHN,Gansu,Gansu,CN-GS,,,29.8,,,4,Asia/Shanghai,TRUE,1156017179
Wangjiaping,Wangjiaping,,34.4156,106.4870,China,CN,CHN,Gansu,Gansu,CN-GS,,,27.3,,,4,Asia/Shanghai,TRUE,1156308739
Qinghua Sanzu,Qinghua Sanzu,,33.7848,119.3071,China,CN,CHN,Jiangsu,Jiangsu,CN-JS,,,663.7,,,3,Asia/Shanghai,FALSE,1156044261
Qinghua Sanzu,Qinghua Sanzu,,33.6638,120.1630,China,CN,CHN,Jiangsu,Jiangsu,CN-JS,,,233.4,,,3,Asia/Shanghai,TRUE,1156434933
Yangguang,Yangguang,,29.2381,105.5180,China,CN,CHN,Sichuan,Sichuan,CN-SC,,,736.5,,,3,Asia/Shanghai,FALSE,1156750385
Yangguang,Yangguang,,30.4766,107.2700,China,CN,CHN,Sichuan,Sichuan,CN-SC,,,363.6,,,3,Asia/Shanghai,TRUE,1156356336
Yangguang,Yangguang,,32.0575,106.7721,China,CN,CHN,Sichuan,Sichuan,CN-SC,,,331.7,,,3,Asia/Shanghai,TRUE,1156137178
Yangguang,Yangguang,,31.5831,106.3190,China,CN,CHN,Sichuan,Sichuan,CN-SC,,,296.6,,,3,Asia/Shanghai,TRUE,1156217648
Yangguang,Yangguang,,29.1243,104.9870,China,CN,CHN,Sichuan,Sichuan,CN-SC,,,182.9,,,4,Asia/Shanghai,TRUE,1156136820
Gaoyang,Gaoyang,,24.0899,108.6010,China,CN,CHN,Guangxi,Guangxi,CN-GX,,,234.4,,,3,Asia/Shanghai,FALSE,1156282457
Gaoyang,Gaoyang,,22.7604,109.6190,China,CN,CHN,Guangxi,Guangxi,CN-GX,,,204.6,,,3,Asia/Shanghai,TRUE,1156076199
Gaoyang,Gaoyang,,25.8597,109.4110,China,CN,CHN,Guangxi,Guangxi,CN-GX,,,182.9,,,4,Asia/Shanghai,TRUE,1156240368
Gaoyang,Gaoyang,,24.8350,109.3090,China,CN,CHN,Guangxi,Guangxi,CN-GX,,,124.2,,,4,Asia/Shanghai,TRUE,1156181751
Gaoyang,Gaoyang,,23.4780,106.2440,China,CN,CHN,Guangxi,Guangxi,CN-GX,,,116.2,,,4,Asia/Shanghai,TRUE,1156056120
Gaoyang,Gaoyang,,24.3404,109.5230,China,CN,CHN,Guangxi,Guangxi,CN-GX,,,61.4,,,4,Asia/Shanghai,TRUE,1156785836
Wenyang,Wenyang,,23.7482,100.8000,China,CN,CHN,Yunnan,Yunnan,CN-YN,,,41.0,,,4,Asia/Shanghai,FALSE,1156171818
Gaoyang,Gaoyang,,26.3109,105.8150,China,CN,CHN,Guizhou,Guizhou,CN-GZ,,,389.1,,,3,Asia/Shanghai,FALSE,1156057224
Gaoyang,Gaoyang,,26.1172,105.9240,China,CN,CHN,Guizhou,Guizhou,CN-GZ,,,107.6,,,4,Asia/Shanghai,TRUE,1156980799
Gaoyang,Gaoyang,,26.4411,108.6775,China,CN,CHN,Guizhou,Guizhou,CN-GZ,,,71.2,,,4,Asia/Shanghai,TRUE,1156134452
Qianweitangcun,Qianweitangcun,,40.4005,117.4024,China,CN,CHN,Hebei,Hebei,CN-HE,,,17.1,,,4,Asia/Shanghai,FALSE,1156573806
Dituoma,Dituoma,,30.0453,96.3611,China,CN,CHN,Tibet,Tibet,CN-XZ,,,2.1,,,5,Asia/Shanghai,FALSE,1156053063
Zhoujia,Zhoujia,,38.9060,111.8576,China,CN,CHN,Shanxi,Shanxi,CN-SX,,,179.0,,,4,Asia/Shanghai,FALSE,1156814078
Zhoujia,Zhoujia,,39.0981,111.5666,China,CN,CHN,Shanxi,Shanxi,CN-SX,,,23.6,,,4,Asia/Shanghai,TRUE,1156000857
Gaoyang,Gaoyang,,35.2315,104.6990,China,CN,CHN,Gansu,Gansu,CN-GS,,,62.2,,,4,Asia/Shanghai,FALSE,1156179095
Zhoujia,Zhoujia,,27.9332,102.2140,China,CN,CHN,Sichuan,Sichuan,CN-SC,,,1621.4,,,3,Asia/Shanghai,FALSE,1156151631
Zhoujia,Zhoujia,,29.1691,105.2220,China,CN,CHN,Sichuan,Sichuan,CN-SC,,,451.4,,,3,Asia/Shanghai,TRUE,1156320569
Zhoujia,Zhoujia,,31.0944,105.4280,China,CN,CHN,Sichuan,Sichuan,CN-SC,,,357.6,,,3,Asia/Shanghai,TRUE,1156473655
Zhoujia,Zhoujia,,30.5389,104.4527,China,CN,CHN,Sichuan,Sichuan,CN-SC,,,302.0,,,3,Asia/Shanghai,TRUE,1156214662
Zhoujia,Zhoujia,,29.8291,102.6880,China,CN,CHN,Sichuan,Sichuan,CN-SC,,,185.8,,,4,Asia/Shanghai,TRUE,1156143871
Zhoujia,Zhoujia,,31.5988,105.2270,China,CN,CHN,Sichuan,Sichuan,CN-SC,,,81.3,,,4,Asia/Shanghai,TRUE,1156833463
Zhoujia,Zhoujia,,26.6237,102.0580,China,CN,CHN,Sichuan,Sichuan,CN-SC,,,46.8,,,4,Asia/Shanghai,TRUE,1156954037
Zhoujia,Zhoujia,,28.4889,101.2310,China,CN,CHN,Sichuan,Sichuan,CN-SC,,,2.7,,,5,Asia/Shanghai,TRUE,1156019797
Dahongcun,Dahongcun,Dahong|Ta-hung,28.7181,120.7953,China,CN,CHN,Zhejiang,Zhejiang,CN-ZJ,,,74.1,,,4,Asia/Shanghai,FALSE,1156168058
Dahongcun,Dahongcun,,27.5914,119.1998,China,CN,CHN,Zhejiang,Zhejiang,CN-ZJ,,,34.5,,,4,Asia/Shanghai,TRUE,1156374899
Xicaiyu,Xicaiyu,,40.3099,119.0239,China,CN,CHN,Hebei,Hebei,CN-HE,,,99.0,,,4,Asia/Shanghai,FALSE,1156003512
Zhoujia,Zhoujia,,36.3624,120.1057,China,CN,CHN,Shandong,Shandong,CN-SD,,,749.9,,,3,Asia/Shanghai,FALSE,1156371277
Zhoujia,Zhoujia,,37.2046,116.9590,China,CN,CHN,Shandong,Shandong,CN-SD,,,324.1,,,3,Asia/Shanghai,TRUE,1156204167
Zhoujia,Zhoujia,,37.2230,121.3136,China,CN,CHN,Shandong,Shandong,CN-SD,,,248.2,,,3,Asia/Shanghai,TRUE,1156536823
Gaoyang,Gaoyang,,23.6338,115.6431,China,CN,CHN,Guangdong,Guangdong,CN-GD,,,307.7,,,3,Asia/Shanghai,FALSE,1156526264
Gaoyang,Gaoyang,,22.4692,112.7225,China,CN,CHN,Guangdong,Guangdong,CN-GD,,,275.9,,,3,Asia/Shanghai,TRUE,1156627562
Gaoyang,Gaoyang,,23.4699,112.1599,China,CN,CHN,Guangdong,Guangdong,CN-GD,,,108.9,,,4,Asia/Shanghai,TRUE,1156079520
Zhoujia,Zhoujia,,31.1132,121.2991,China,CN,CHN,Shanghai,Shanghai,CN-SH,,,9152.1,,,2,Asia/Shanghai,FALSE,1156012274
Zhoujia,Zhoujia,,30.9915,121.6136,China,CN,CHN,Shanghai,Shanghai,CN-SH,,,2099.9,,,2,Asia/Shanghai,TRUE,1156872405
Zhoujia,Zhoujia,,30.8574,121.2798,China,CN,CHN,Shanghai,Shanghai,CN-SH,,,1441.9,,,3,Asia/Shanghai,TRUE,1156242585
Zhoujia,Zhoujia,,30.7825,121.3890,China,CN,CHN,Shanghai,Shanghai,CN-SH,,,1210.9,,,3,Asia/Shanghai,TRUE,1156892846
Zhoujia,Zhoujia,,34.6449,109.3850,China,CN,CHN,Shaanxi,Shaanxi,CN-SN,,,731.5,,,3,Asia/Shanghai,FALSE,1156081947
Zhoujia,Zhoujia,,34.5608,108.3219,China,CN,CHN,Shaanxi,Shaanxi,CN-SN,,,473.4,,,3,Asia/Shanghai,TRUE,1156345082
Zhoujia,Zhoujia,,33.6875,110.3923,China,CN,CHN,Shaanxi,Shaanxi,CN-SN,,,35.6,,,4,Asia/Shanghai,TRUE,1156812345
Jianjiakou,Jianjiakou,,30.0572,113.3716,China,CN,CHN,Hubei,Hubei,CN-HB,,,261.1,,,3,Asia/Shanghai,FALSE,1156122640
Panqiaocun,Panqiaocun,,31.8197,116.4677,China,CN,CHN,Anhui,Anhui,CN-AH,,,674.8,,,3,Asia/Shanghai,FALSE,1156171184
Panqiaocun,Panqiaocun,,31.4408,118.0502,China,CN,CHN,Anhui,Anhui,CN-AH,,,552.4,,,3,Asia/Shanghai,TRUE,1156622090
Panqiaocun,Panqiaocun,,33.7278,117.0945,China,CN,CHN,Anhui,Anhui,CN-AH,,,366.1,,,3,Asia/Shanghai,TRUE,1156318048
Panqiaocun,Panqiaocun,,31.6727,117.7888,China,CN,CHN,Anhui,Anhui,CN-AH,,,324.3,,,3,Asia/Shanghai,TRUE,1156263878
Daowu,Daowu,,33.9854,103.7674,China,CN,CHN,Gansu,Gansu,CN-GS,,,15.5,,,4,Asia/Shanghai,FALSE,1156031458
Bafangcun,Bafangcun,Bafang,37.2107,114.3399,China,CN,CHN,Hebei,Hebei,CN-HE,,,246.2,,,3,Asia/Shanghai,FALSE,1156158610
Suofangyingcun,Suofangyingcun,,36.4892,114.4512,China,CN,CHN,Hebei,Hebei,CN-HE,,,1346.5,,,3,Asia/Shanghai,FALSE,1156438000
Miaogoukou,Miaogoukou,,33.0680,109.5933,China,CN,CHN,Shaanxi,Shaanxi,CN-SN,,,174.6,,,4,Asia/Shanghai,FALSE,1156059877
Miaogoukou,Miaogoukou,,33.6629,109.0677,China,CN,CHN,Shaanxi,Shaanxi,CN-SN,,,140.7,,,4,Asia/Shanghai,TRUE,1156466223
Miaogoukou,Miaogoukou,,33.8243,109.6031,China,CN,CHN,Shaanxi,Shaanxi,CN-SN,,,110.8,,,4,Asia/Shanghai,TRUE,1156976681
Miaogoukou,Miaogoukou,,33.4265,109.4254,China,CN,CHN,Shaanxi,Shaanxi,CN-SN,,,103.1,,,4,Asia/Shanghai,TRUE,1156380651
Miaogoukou,Miaogoukou,,33.4221,110.4874,China,CN,CHN,Shaanxi,Shaanxi,CN-SN,,,97.4,,,4,Asia/Shanghai,TRUE,1156035732
Miaogoukou,Miaogoukou,,33.6389,109.8470,China,CN,CHN,Shaanxi,Shaanxi,CN-SN,,,82.0,,,4,Asia/Shanghai,TRUE,1156642543
Miaogoukou,Miaogoukou,,35.3878,108.9797,China,CN,CHN,Shaanxi,Shaanxi,CN-SN,,,63.8,,,4,Asia/Shanghai,TRUE,1156982625
Miaogoukou,Miaogoukou,,33.7675,109.6482,China,CN,CHN,Shaanxi,Shaanxi,CN-SN,,,55.8,,,4,Asia/Shanghai,TRUE,1156732502
Miaogoukou,Miaogoukou,,33.3043,108.7566,China,CN,CHN,Shaanxi,Shaanxi,CN-SN,,,36.4,,,4,Asia/Shanghai,TRUE,1156751703
Gangdading,Gangdading,,29.0535,98.6638,China,CN,CHN,Tibet,Tibet,CN-XZ,,,5.7,,,5,Asia/Shanghai,FALSE,1156748357
Zhengdong,Zhengdong,,21.8110,108.9970,China,CN,CHN,Guangxi,Guangxi,CN-GX,,,82.5,,,4,Asia/Shanghai,FALSE,1156156303
Shibuxu,Shibuxu,,22.4939,112.7995,China,CN,CHN,Guangdong,Guangdong,CN-GD,,,921.0,,,3,Asia/Shanghai,FALSE,1156910281
Dengbei,Dengbei,,26.3249,115.6083,China,CN,CHN,Jiangxi,Jiangxi,CN-JX,,,209.7,,,3,Asia/Shanghai,FALSE,1156959013
Xiao’erlazi,Xiao'erlazi,,40.2161,120.2000,China,CN,CHN,Liaoning,Liaoning,CN-LN,,,260.1,,,3,Asia/Shanghai,FALSE,1156351106
Guzongwan,Guzongwan,,27.1590,99.3029,China,CN,CHN,Yunnan,Yunnan,CN-YN,,,97.0,,,4,Asia/Shanghai,FALSE,1156176749
Jingwancun,Jingwancun,,31.9444,117.2473,China,CN,CHN,Anhui,Anhui,CN-AH,,,3490.4,,,2,Asia/Shanghai,FALSE,1156128368
Legetang,Legetang,,26.9171,103.4820,China,CN,CHN,Yunnan,Yunnan,CN-YN,,,113.0,,,4,Asia/Shanghai,FALSE,1156010926
Hongpojie,Hongpojie,,27.0232,110.0995,China,CN,CHN,Hunan,Hunan,CN-HN,,,51.2,,,4,Asia/Shanghai,FALSE,1156381535
Dangshang,Dangshang,,24.9517,110.0270,China,CN,CHN,Guangxi,Guangxi,CN-GX,,,151.9,,,4,Asia/Shanghai,FALSE,1156016039
Zhengdong,Zhengdong,,21.9845,111.1501,China,CN,CHN,Guangdong,Guangdong,CN-GD,,,86.6,,,4,Asia/Shanghai,FALSE,1156097151
Siheyuan,Siheyuan,,38.9121,106.3070,China,CN,CHN,Ningxia,Ningxia,CN-NX,,,31.4,,,4,Asia/Shanghai,FALSE,1156797464
Shanliaowei,Shanliaowei,,21.4591,110.3456,China,CN,CHN,Guangdong,Guangdong,CN-GD,,,409.6,,,3,Asia/Shanghai,FALSE,1156130574
Tale Kurukecun,Tale Kurukecun,,39.1795,76.1732,China,CN,CHN,Xinjiang,Xinjiang,CN-XJ,,,308.1,,,3,Asia/Shanghai,FALSE,1156146684
Wushengcun,Wushengcun,,36.3120,110.5277,China,CN,CHN,Shanxi,Shanxi,CN-SX,,,35.5,,,4,Asia/Shanghai,FALSE,1156435886
Changqiaotou,Changqiaotou,,30.7882,120.6341,China,CN,CHN,Zhejiang,Zhejiang,CN-ZJ,,,920.3,,,3,Asia/Shanghai,FALSE,1156191841
Changqiaotou,Changqiaotou,,28.9934,119.5209,China,CN,CHN,Zhejiang,Zhejiang,CN-ZJ,,,248.0,,,3,Asia/Shanghai,TRUE,1156127941
Shuangguyucun,Shuangguyucun,,36.5160,118.0811,China,CN,CHN,Shandong,Shandong,CN-SD,,,214.0,,,3,Asia/Shanghai,FALSE,1156480043
Yihetun,Yihetun,,41.8341,121.8990,China,CN,CHN,Liaoning,Liaoning,CN-LN,,,296.2,,,3,Asia/Shanghai,FALSE,1156336469
Yihetun,Yihetun,,42.6464,123.6728,China,CN,CHN,Liaoning,Liaoning,CN-LN,,,193.6,,,4,Asia/Shanghai,TRUE,1156556310
Yihetun,Yihetun,,42.7746,123.1940,China,CN,CHN,Liaoning,Liaoning,CN-LN,,,137.0,,,4,Asia/Shanghai,TRUE,1156350418
Liulipogen,Liulipogen,,34.1321,111.7853,China,CN,CHN,Henan,Henan,CN-HA,,,145.2,,,4,Asia/Shanghai,FALSE,1156800950
Zhuangli,Zhuangli,,30.9369,120.5174,China,CN,CHN,Jiangsu,Jiangsu,CN-JS,,,1129.2,,,3,Asia/Shanghai,FALSE,1156257182
Zhuangli,Zhuangli,,31.1560,121.0192,China,CN,CHN,Jiangsu,Jiangsu,CN-JS,,,749.1,,,3,Asia/Shanghai,TRUE,1156034505
Nangouhao,Nangouhao,,36.6689,106.3631,China,CN,CHN,Ningxia,Ningxia,CN-NX,,,22.5,,,4,Asia/Shanghai,FALSE,1156089644
Houhuodan,Houhuodan,,37.1897,111.4293,China,CN,CHN,Shanxi,Shanxi,CN-SX,,,59.2,,,4,Asia/Shanghai,FALSE,1156300990
Mengong,Mengong,Men-kung,39.2833,109.5333,China,CN,CHN,Inner Mongolia,Inner Mongolia,CN-NM,,,14.1,,,4,Asia/Shanghai,FALSE,1156000615
Zhuangli,Zhuangli,,27.3750,116.8184,China,CN,CHN,Jiangxi,Jiangxi,CN-JX,,,401.6,,,3,Asia/Shanghai,FALSE,1156956143
Zhuangli,Zhuangli,,27.9489,114.3745,China,CN,CHN,Jiangxi,Jiangxi,CN-JX,,,400.0,,,3,Asia/Shanghai,TRUE,1156169059
Zhuangli,Zhuangli,,27.6697,116.0765,China,CN,CHN,Jiangxi,Jiangxi,CN-JX,,,133.4,,,4,Asia/Shanghai,TRUE,1156189592
Zhuangli,Zhuangli,,27.7116,114.9690,China,CN,CHN,Jiangxi,Jiangxi,CN-JX,,,97.5,,,4,Asia/Shanghai,TRUE,1156018172
Liangbeihou,Liangbeihou,,37.9456,112.3858,China,CN,CHN,Shanxi,Shanxi,CN-SX,,,27.7,,,4,Asia/Shanghai,FALSE,1156328573
Guangfuqiao,Guangfuqiao,,30.6183,110.0446,China,CN,CHN,Hubei,Hubei,CN-HB,,,146.4,,,4,Asia/Shanghai,FALSE,1156570714
Doulingzicun,Doulingzicun,,35.4818,119.4268,China,CN,CHN,Shandong,Shandong,CN-SD,,,727.6,,,3,Asia/Shanghai,FALSE,1156534443
Langanqiaocun,Langanqiaocun,,27.7193,120.5636,China,CN,CHN,Zhejiang,Zhejiang,CN-ZJ,,,241.8,,,3,Asia/Shanghai,FALSE,1156388662
Jiefang Dadui,Jiefang Dadui,,24.2374,109.4120,China,CN,CHN,Guangxi,Guangxi,CN-GX,,,1188.2,,,3,Asia/Shanghai,FALSE,1156307616
Mengxianggangcun,Mengxianggangcun,,30.8761,120.2936,China,CN,CHN,Zhejiang,Zhejiang,CN-ZJ,,,1243.0,,,3,Asia/Shanghai,FALSE,1156372511
Shizhu,Shizhu,,30.9896,107.0827,China,CN,CHN,Sichuan,Sichuan,CN-SC,,,688.6,,,3,Asia/Shanghai,FALSE,1156460094
Shizhu,Shizhu,,28.9460,105.6470,China,CN,CHN,Sichuan,Sichuan,CN-SC,,,522.9,,,3,Asia/Shanghai,TRUE,1156415738
Shizhu,Shizhu,,30.5011,105.7850,China,CN,CHN,Sichuan,Sichuan,CN-SC,,,480.6,,,3,Asia/Shanghai,TRUE,1156882361
Shizhu,Shizhu,,30.0390,104.6480,China,CN,CHN,Sichuan,Sichuan,CN-SC,,,406.4,,,3,Asia/Shanghai,TRUE,1156521969
Shizhu,Shizhu,,31.4555,107.5890,China,CN,CHN,Sichuan,Sichuan,CN-SC,,,269.5,,,3,Asia/Shanghai,TRUE,1156172068
Shizhu,Shizhu,,29.1038,104.5570,China,CN,CHN,Sichuan,Sichuan,CN-SC,,,214.2,,,3,Asia/Shanghai,TRUE,1156282778
Shizhu,Shizhu,,30.5792,106.7380,China,CN,CHN,Sichuan,Sichuan,CN-SC,,,161.7,,,4,Asia/Shanghai,TRUE,1156226159
Shizhu,Shizhu,,32.6108,106.0528,China,CN,CHN,Sichuan,Sichuan,CN-SC,,,90.1,,,4,Asia/Shanghai,TRUE,1156411619
Shizhu,Shizhu,,32.0620,105.2990,China,CN,CHN,Sichuan,Sichuan,CN-SC,,,68.2,,,4,Asia/Shanghai,TRUE,1156709970
Shiwuyuan,Shiwuyuan,,27.8805,111.1712,China,CN,CHN,Hunan,Hunan,CN-HN,,,375.1,,,3,Asia/Shanghai,FALSE,1156278907
Shiwuyuan,Shiwuyuan,,27.6109,111.2792,China,CN,CHN,Hunan,Hunan,CN-HN,,,185.0,,,4,Asia/Shanghai,TRUE,1156471284
Siduan,Siduan,,22.7289,110.5947,China,CN,CHN,Guangxi,Guangxi,CN-GX,,,290.2,,,3,Asia/Shanghai,FALSE,1156093609
Shitangzui,Shitangzui,,30.6306,117.0861,China,CN,CHN,Anhui,Anhui,CN-AH,,,275.6,,,3,Asia/Shanghai,FALSE,1156907478
Daqilizhuangcun,Daqilizhuangcun,,36.8653,117.8871,China,CN,CHN,Shandong,Shandong,CN-SD,,,1056.3,,,3,Asia/Shanghai,FALSE,1156903118
Zihagong,Zihagong,,35.9065,101.9680,China,CN,CHN,Qinghai,Qinghai,CN-QH,,,20.9,,,4,Asia/Shanghai,FALSE,1156164300
Wangguanyucun,Wangguanyucun,,34.8390,110.6834,China,CN,CHN,Shanxi,Shanxi,CN-SX,,,454.6,,,3,Asia/Shanghai,FALSE,1156138523
Mingduqu,Mingduqu,,22.7674,99.9793,China,CN,CHN,Yunnan,Yunnan,CN-YN,,,57.5,,,4,Asia/Shanghai,FALSE,1156664962
Hutun,Hutun,,23.0118,107.2000,China,CN,CHN,Guangxi,Guangxi,CN-GX,,,303.2,,,3,Asia/Shanghai,FALSE,1156772535
Dongtaishan,Dongtaishan,,19.7984,110.8759,China,CN,CHN,Hainan,Hainan,CN-HI,,,113.9,,,4,Asia/Shanghai,FALSE,1156509773
Shapingtou,Shapingtou,,28.9240,113.7073,China,CN,CHN,Hunan,Hunan,CN-HN,,,484.1,,,3,Asia/Shanghai,FALSE,1156490295
Shapingtou,Shapingtou,,26.6627,110.1328,China,CN,CHN,Hunan,Hunan,CN-HN,,,68.1,,,4,Asia/Shanghai,TRUE,1156229412
Shibeicun,Shibeicun,Shiba,24.7350,115.7030,China,CN,CHN,Jiangxi,Jiangxi,CN-JX,,,140.9,,,4,Asia/Shanghai,FALSE,1156539471
Yiyuanbei,Yiyuanbei,,32.0516,120.8461,China,CN,CHN,Jiangsu,Jiangsu,CN-JS,,,1559.5,,,3,Asia/Shanghai,FALSE,1156807201
Mingdao,Mingdao,,27.4904,112.5268,China,CN,CHN,Hunan,Hunan,CN-HN,,,379.3,,,3,Asia/Shanghai,FALSE,1156941038
Jiaoshi,Jiaoshi,,23.2793,113.4409,China,CN,CHN,Guangdong,Guangdong,CN-GD,,,2511.3,,,2,Asia/Shanghai,FALSE,1156019838
Jiaoshi,Jiaoshi,,25.1064,113.7217,China,CN,CHN,Guangdong,Guangdong,CN-GD,,,280.1,,,3,Asia/Shanghai,TRUE,1156188286
Nuomigou,Nuomigou,,27.6432,101.8110,China,CN,CHN,Sichuan,Sichuan,CN-SC,,,53.1,,,4,Asia/Shanghai,FALSE,1156963665
Sunjia Sigedun,Sunjia Sigedun,,38.1892,102.0530,China,CN,CHN,Gansu,Gansu,CN-GS,,,67.9,,,4,Asia/Shanghai,FALSE,1156108431
Luxixia,Luxixia,,29.7119,121.5648,China,CN,CHN,Zhejiang,Zhejiang,CN-ZJ,,,516.8,,,3,Asia/Shanghai,FALSE,1156046448
Jiebukangba,Jiebukangba,,32.4410,80.9899,China,CN,CHN,Tibet,Tibet,CN-XZ,,,0.9,,,5,Asia/Shanghai,FALSE,1156443592
Wujiyang,Wujiyang,,31.1599,119.7318,China,CN,CHN,Zhejiang,Zhejiang,CN-ZJ,,,159.1,,,4,Asia/Shanghai,FALSE,1156129628
Shaheziyuanyichang,Shaheziyuanyichang,,34.8583,119.0583,China,CN,CHN,Jiangsu,Jiangsu,CN-JS,,,513.5,,,3,Asia/Shanghai,FALSE,1156406533
Dongqian’an,Dongqian'an,,25.4372,113.9714,China,CN,CHN,Guangdong,Guangdong,CN-GD,,,64.2,,,4,Asia/Shanghai,FALSE,1156453505
Shankou,Shankou,,24.6041,103.7180,China,CN,CHN,Yunnan,Yunnan,CN-YN,,,776.4,,,3,Asia/Shanghai,FALSE,1156308257
Shankou,Shankou,,24.8280,102.4050,China,CN,CHN,Yunnan,Yunnan,CN-YN,,,111.4,,,4,Asia/Shanghai,TRUE,1156379496
Zaluo,Zaluo,,31.8565,101.8380,China,CN,CHN,Sichuan,Sichuan,CN-SC,,,3.6,,,5,Asia/Shanghai,FALSE,1156675150
Chuifengxi,Chuifengxi,,32.2316,108.3680,China,CN,CHN,Sichuan,Sichuan,CN-SC,,,34.4,,,4,Asia/Shanghai,FALSE,1156480713
Duonicakacun,Duonicakacun,,30.6304,91.8421,China,CN,CHN,Tibet,Tibet,CN-XZ,,,2.9,,,5,Asia/Shanghai,FALSE,1156433129
Hougaojiatun,Hougaojiatun,,44.6563,124.9496,China,CN,CHN,Jilin,Jilin,CN-JL,,,186.1,,,4,Asia/Shanghai,FALSE,1156591736
Jingjiata,Jingjiata,,29.7385,111.2406,China,CN,CHN,Hunan,Hunan,CN-HN,,,171.2,,,4,Asia/Shanghai,FALSE,1156553345
Hankoucun,Hankoucun,,31.3155,118.6705,China,CN,CHN,Anhui,Anhui,CN-AH,,,407.5,,,3,Asia/Shanghai,FALSE,1156062448
Kaobianwucun,Kaobianwucun,,43.8259,125.4027,China,CN,CHN,Jilin,Jilin,CN-JL,,,3250.1,,,2,Asia/Shanghai,FALSE,1156682751
Zhongling,Zhongling,,34.7153,113.0801,China,CN,CHN,Henan,Henan,CN-HA,,,757.4,,,3,Asia/Shanghai,FALSE,1156810197
Zhongling,Zhongling,,33.3130,114.7292,China,CN,CHN,Henan,Henan,CN-HA,,,542.5,,,3,Asia/Shanghai,TRUE,1156449791
Shanggaoye,Shanggaoye,,29.1514,119.1712,China,CN,CHN,Zhejiang,Zhejiang,CN-ZJ,,,436.8,,,3,Asia/Shanghai,FALSE,1156256296
Longjinggou,Longjinggou,,27.2344,103.4800,China,CN,CHN,Yunnan,Yunnan,CN-YN,,,746.3,,,3,Asia/Shanghai,FALSE,1156904279
Dongtingxi,Dongtingxi,Tung-t’ing-hsi,28.7667,110.8500,China,CN,CHN,Hunan,Hunan,CN-HN,,,92.8,,,4,Asia/Shanghai,FALSE,1156235391
Xiaobeigou,Xiaobeigou,,41.1585,120.2530,China,CN,CHN,Liaoning,Liaoning,CN-LN,,,176.9,,,4,Asia/Shanghai,FALSE,1156352866
Xiaobeigou,Xiaobeigou,,41.0356,119.0081,China,CN,CHN,Liaoning,Liaoning,CN-LN,,,160.7,,,4,Asia/Shanghai,TRUE,1156784078
Xiaobeigou,Xiaobeigou,,40.9903,119.0244,China,CN,CHN,Liaoning,Liaoning,CN-LN,,,160.7,,,4,Asia/Shanghai,TRUE,1156046115
Xiaobeigou,Xiaobeigou,,42.7373,124.3190,China,CN,CHN,Liaoning,Liaoning,CN-LN,,,138.4,,,4,Asia/Shanghai,TRUE,1156348598
Xiaobeigou,Xiaobeigou,,40.7752,119.1127,China,CN,CHN,Liaoning,Liaoning,CN-LN,,,114.0,,,4,Asia/Shanghai,TRUE,1156105885
Xiaobeigou,Xiaobeigou,,41.4522,120.0389,China,CN,CHN,Liaoning,Liaoning,CN-LN,,,112.8,,,4,Asia/Shanghai,TRUE,1156103039
Xiaobeigou,Xiaobeigou,,40.7002,120.0350,China,CN,CHN,Liaoning,Liaoning,CN-LN,,,102.8,,,4,Asia/Shanghai,TRUE,1156352861
Xiaobeigou,Xiaobeigou,,41.1819,119.3620,China,CN,CHN,Liaoning,Liaoning,CN-LN,,,98.0,,,4,Asia/Shanghai,TRUE,1156349765
Xiaobeigou,Xiaobeigou,,41.8943,119.5290,China,CN,CHN,Liaoning,Liaoning,CN-LN,,,64.0,,,4,Asia/Shanghai,TRUE,1156355239
Xiaobeigou,Xiaobeigou,,40.3208,122.9061,China,CN,CHN,Liaoning,Liaoning,CN-LN,,,51.1,,,4,Asia/Shanghai,TRUE,1156153615
Houguotun,Houguotun,,41.5642,121.7330,China,CN,CHN,Liaoning,Liaoning,CN-LN,,,172.8,,,4,Asia/Shanghai,FALSE,1156343231
Madigou,Madigou,,40.6894,120.1610,China,CN,CHN,Liaoning,Liaoning,CN-LN,,,90.4,,,4,Asia/Shanghai,FALSE,1156339037
Madigou,Madigou,,40.7302,124.0140,China,CN,CHN,Liaoning,Liaoning,CN-LN,,,64.9,,,4,Asia/Shanghai,TRUE,1156335449
Youzheng Shequ,Youzheng Shequ,,44.5714,129.6115,China,CN,CHN,Heilongjiang,Heilongjiang,CN-HL,,,4534.6,,,2,Asia/Shanghai,FALSE,1156518916
Youzheng Shequ,Youzheng Shequ,,50.2381,127.4956,China,CN,CHN,Heilongjiang,Heilongjiang,CN-HL,,,37.3,,,4,Asia/Shanghai,TRUE,1156561955
Dujiagou,Dujiagou,,35.7005,103.8570,China,CN,CHN,Gansu,Gansu,CN-GS,,,190.2,,,4,Asia/Shanghai,FALSE,1156514371
Dujiagou,Dujiagou,,33.1547,105.0434,China,CN,CHN,Gansu,Gansu,CN-GS,,,184.7,,,4,Asia/Shanghai,TRUE,1156117346
Dujiagou,Dujiagou,,35.5419,106.7420,China,CN,CHN,Gansu,Gansu,CN-GS,,,156.9,,,4,Asia/Shanghai,TRUE,1156297320
Dujiagou,Dujiagou,,33.4436,104.8291,China,CN,CHN,Gansu,Gansu,CN-GS,,,129.3,,,4,Asia/Shanghai,TRUE,1156830584
Dujiagou,Dujiagou,Dongjia,35.1984,107.2440,China,CN,CHN,Gansu,Gansu,CN-GS,,,96.6,,,4,Asia/Shanghai,TRUE,1156114178
Dujiagou,Dujiagou,,33.3993,105.8030,China,CN,CHN,Gansu,Gansu,CN-GS,,,76.7,,,4,Asia/Shanghai,TRUE,1156373139
Dujiagou,Dujiagou,,33.2803,105.0256,China,CN,CHN,Gansu,Gansu,CN-GS,,,49.5,,,4,Asia/Shanghai,TRUE,1156215853
Dujiagou,Dujiagou,,33.3411,105.6674,China,CN,CHN,Gansu,Gansu,CN-GS,,,43.4,,,4,Asia/Shanghai,TRUE,1156504817
Dujiagou,Dujiagou,,35.0687,107.1090,China,CN,CHN,Gansu,Gansu,CN-GS,,,21.4,,,4,Asia/Shanghai,TRUE,1156013922
Xiayingfang,Xiayingfang,,40.7480,118.6771,China,CN,CHN,Hebei,Hebei,CN-HE,,,131.4,,,4,Asia/Shanghai,FALSE,1156046373
Huanghuagoucun,Huanghuagoucun,,35.5307,118.7914,China,CN,CHN,Shandong,Shandong,CN-SD,,,729.0,,,3,Asia/Shanghai,FALSE,1156544875
Huanghuagoucun,Huanghuagoucun,,37.0457,120.6641,China,CN,CHN,Shandong,Shandong,CN-SD,,,524.1,,,3,Asia/Shanghai,TRUE,1156544874
Shui’ercun,Shui'ercun,,46.7333,126.5979,China,CN,CHN,Heilongjiang,Heilongjiang,CN-HL,,,268.8,,,3,Asia/Shanghai,FALSE,1156310425
Shenjialiang,Shenjialiang,,37.7864,109.2953,China,CN,CHN,Shaanxi,Shaanxi,CN-SN,,,32.7,,,4,Asia/Shanghai,FALSE,1156940142
Shenjialiang,Shenjialiang,,39.3644,110.8588,China,CN,CHN,Shaanxi,Shaanxi,CN-SN,,,19.4,,,4,Asia/Shanghai,TRUE,1156692978
Shenjialiang,Shenjialiang,,37.8611,108.8131,China,CN,CHN,Shaanxi,Shaanxi,CN-SN,,,19.2,,,4,Asia/Shanghai,TRUE,1156577413
Ssu-fang-ching,Ssu-fang-ching,,42.9353,118.8517,China,CN,CHN,Inner Mongolia,Inner Mongolia,CN-NM,,,60.1,,,4,Asia/Shanghai,FALSE,1156138292
Zhengwei,Zhengwei,,26.7157,118.3781,China,CN,CHN,Fujian,Fujian,CN-FJ,,,52.9,,,4,Asia/Shanghai,FALSE,1156181909
Houdicun,Houdicun,,25.5594,119.4066,China,CN,CHN,Fujian,Fujian,CN-FJ,,,1707.1,,,3,Asia/Shanghai,FALSE,1156438873
Houdicun,Houdicun,Houdi,26.4037,117.8834,China,CN,CHN,Fujian,Fujian,CN-FJ,,,100.7,,,4,Asia/Shanghai,TRUE,1156654883
Longzong,Longzong,,25.8488,105.7250,China,CN,CHN,Guizhou,Guizhou,CN-GZ,,,87.4,,,4,Asia/Shanghai,FALSE,1156177176
Niutouwan,Niutouwan,,40.2510,99.0962,China,CN,CHN,Gansu,Gansu,CN-GS,,,5.8,,,5,Asia/Shanghai,FALSE,1156014164
Shanggangcun,Shanggangcun,Shanggang,24.8071,106.5449,China,CN,CHN,Guangxi,Guangxi,CN-GX,,,123.6,,,4,Asia/Shanghai,FALSE,1156235006
Shijingtou,Shijingtou,,26.6709,100.1710,China,CN,CHN,Yunnan,Yunnan,CN-YN,,,35.4,,,4,Asia/Shanghai,FALSE,1156795470
Xujiawafang,Xujiawafang,,33.2234,105.9707,China,CN,CHN,Shaanxi,Shaanxi,CN-SN,,,69.5,,,4,Asia/Shanghai,FALSE,1156217707
Xiejia Dawan,Xiejia Dawan,,30.5103,114.9602,China,CN,CHN,Hubei,Hubei,CN-HB,,,302.0,,,3,Asia/Shanghai,FALSE,1156980925
Dongzhangzhuangcun,Dongzhangzhuangcun,,32.9269,116.0912,China,CN,CHN,Anhui,Anhui,CN-AH,,,250.1,,,3,Asia/Shanghai,FALSE,1156274633
Caojiawan,Caojiawan,,27.4988,117.2907,China,CN,CHN,Fujian,Fujian,CN-FJ,,,332.1,,,3,Asia/Shanghai,FALSE,1156158429
Yueliwan,Yueliwan,,25.6831,107.0500,China,CN,CHN,Guizhou,Guizhou,CN-GZ,,,34.3,,,4,Asia/Shanghai,FALSE,1156281091
Fengmin,Fengmin,,23.2886,116.5072,China,CN,CHN,Guangdong,Guangdong,CN-GD,,,4985.9,,,2,Asia/Shanghai,FALSE,1156026118
Xinsheng,Xinsheng,,31.2497,118.1641,China,CN,CHN,Anhui,Anhui,CN-AH,,,1018.1,,,3,Asia/Shanghai,FALSE,1156575059
Xinsheng,Xinsheng,,30.9481,118.3736,China,CN,CHN,Anhui,Anhui,CN-AH,,,725.1,,,3,Asia/Shanghai,TRUE,1156675720
Zhuicun,Zhuicun,,31.1070,119.1661,China,CN,CHN,Anhui,Anhui,CN-AH,,,1057.6,,,3,Asia/Shanghai,FALSE,1156042660
Houliushuzui,Houliushuzui,,36.6879,108.0466,China,CN,CHN,Shaanxi,Shaanxi,CN-SN,,,28.0,,,4,Asia/Shanghai,FALSE,1156550802
Yibilada,Yibilada,,28.0448,103.1690,China,CN,CHN,Sichuan,Sichuan,CN-SC,,,49.5,,,4,Asia/Shanghai,FALSE,1156254518
Nanjiachong,Nanjiachong,,27.6069,109.4360,China,CN,CHN,Guizhou,Guizhou,CN-GZ,,,59.5,,,4,Asia/Shanghai,FALSE,1156294518
Lengzipu,Lengzipu,Leng-tzu-pao|Leng-tzu-p’u,41.6861,122.7881,China,CN,CHN,Liaoning,Liaoning,CN-LN,,,302.9,,,3,Asia/Shanghai,FALSE,1156347382
Laoguitian,Laoguitian,,28.6531,109.3693,China,CN,CHN,Hunan,Hunan,CN-HN,,,320.6,,,3,Asia/Shanghai,FALSE,1156603185
Weijiazaoxingcun,Weijiazaoxingcun,,37.5796,117.5676,China,CN,CHN,Shandong,Shandong,CN-SD,,,567.5,,,3,Asia/Shanghai,FALSE,1156320009
Ximapeng,Ximapeng,,35.0774,112.5564,China,CN,CHN,Henan,Henan,CN-HA,,,3798.1,,,2,Asia/Shanghai,FALSE,1156252754
Wanggangtai,Wanggangtai,,41.9913,123.6391,China,CN,CHN,Liaoning,Liaoning,CN-LN,,,429.7,,,3,Asia/Shanghai,FALSE,1156275167
Datujing,Datujing,,26.8203,111.4153,China,CN,CHN,Hunan,Hunan,CN-HN,,,236.3,,,3,Asia/Shanghai,FALSE,1156056987
Kongzakug,Kongzakug,,32.3333,97.0000,China,CN,CHN,Qinghai,Qinghai,CN-QH,,,6.8,,,5,Asia/Shanghai,FALSE,1156983656
Xujiaba,Xujiaba,,30.3429,113.3494,China,CN,CHN,Hubei,Hubei,CN-HB,,,836.3,,,3,Asia/Shanghai,FALSE,1156927465
Xujiaba,Xujiaba,,31.0612,113.4190,China,CN,CHN,Hubei,Hubei,CN-HB,,,212.8,,,3,Asia/Shanghai,TRUE,1156887255
Xujiaba,Xujiaba,,29.8860,113.5143,China,CN,CHN,Hubei,Hubei,CN-HB,,,76.2,,,4,Asia/Shanghai,TRUE,1156828595
Yangyushan,Yangyushan,,24.0516,101.4900,China,CN,CHN,Yunnan,Yunnan,CN-YN,,,178.1,,,4,Asia/Shanghai,FALSE,1156622984
Yangyushan,Yangyushan,,27.5563,104.3250,China,CN,CHN,Yunnan,Yunnan,CN-YN,,,143.4,,,4,Asia/Shanghai,TRUE,1156124789
Yangyushan,Yangyushan,,26.5433,99.1792,China,CN,CHN,Yunnan,Yunnan,CN-YN,,,68.7,,,4,Asia/Shanghai,TRUE,1156100964
Zhongtou,Zhongtou,,25.1598,117.9292,China,CN,CHN,Fujian,Fujian,CN-FJ,,,470.3,,,3,Asia/Shanghai,FALSE,1156929941
Gumei Shicun,Gumei Shicun,,31.1438,121.4034,China,CN,CHN,Shanghai,Shanghai,CN-SH,,,19231.2,,,2,Asia/Shanghai,FALSE,1156512223
Dazhupo,Dazhupo,,24.2176,98.5317,China,CN,CHN,Yunnan,Yunnan,CN-YN,,,123.8,,,4,Asia/Shanghai,FALSE,1156032852
Wangtang,Wangtang,,32.0967,118.2735,China,CN,CHN,Anhui,Anhui,CN-AH,,,1544.2,,,3,Asia/Shanghai,FALSE,1156291774
Wangtang,Wangtang,,34.3500,116.7000,China,CN,CHN,Anhui,Anhui,CN-AH,,,749.7,,,3,Asia/Shanghai,TRUE,1156526225
Wangtang,Wangtang,,34.0000,115.6000,China,CN,CHN,Anhui,Anhui,CN-AH,,,648.9,,,3,Asia/Shanghai,TRUE,1156934035
Xikongcun,Xikongcun,,35.5818,116.1679,China,CN,CHN,Shandong,Shandong,CN-SD,,,774.5,,,3,Asia/Shanghai,FALSE,1156539116
Xikongcun,Xikongcun,,36.5376,115.5019,China,CN,CHN,Shandong,Shandong,CN-SD,,,671.2,,,3,Asia/Shanghai,TRUE,1156539118
Xikongcun,Xikongcun,,36.0867,116.5563,China,CN,CHN,Shandong,Shandong,CN-SD,,,611.3,,,3,Asia/Shanghai,TRUE,1156539117
Xikongcun,Xikongcun,,37.5363,116.8643,China,CN,CHN,Shandong,Shandong,CN-SD,,,304.8,,,3,Asia/Shanghai,TRUE,1156464478
Xikongcun,Xikongcun,,37.7609,118.1813,China,CN,CHN,Shandong,Shandong,CN-SD,,,261.5,,,3,Asia/Shanghai,TRUE,1156182710
Qiling,Qiling,,30.5270,119.0704,China,CN,CHN,Anhui,Anhui,CN-AH,,,73.5,,,4,Asia/Shanghai,FALSE,1156737493
Qiling,Qiling,,29.7457,117.4876,China,CN,CHN,Anhui,Anhui,CN-AH,,,25.2,,,4,Asia/Shanghai,TRUE,1156132747
Xin’anpu,Xin'anpu,,28.4507,113.5453,China,CN,CHN,Hunan,Hunan,CN-HN,,,357.2,,,3,Asia/Shanghai,FALSE,1156110752
Xin’anpu,Xin'anpu,,26.6005,110.7540,China,CN,CHN,Hunan,Hunan,CN-HN,,,320.8,,,3,Asia/Shanghai,TRUE,1156273299
Kaoyuancun,Kaoyuancun,,36.3955,120.4675,China,CN,CHN,Shandong,Shandong,CN-SD,,,9008.8,,,2,Asia/Shanghai,FALSE,1156493750
Wotucun,Wotucun,,43.4522,125.6700,China,CN,CHN,Jilin,Jilin,CN-JL,,,218.9,,,3,Asia/Shanghai,FALSE,1156532863
Rudun,Rudun,,30.5862,97.8505,China,CN,CHN,Tibet,Tibet,CN-XZ,,,6.1,,,5,Asia/Shanghai,FALSE,1156141100
Zhongyi,Zhongyi,Zhongyicun|Chung-i-ts’un|Chung-yi,24.7318,102.5900,China,CN,CHN,Yunnan,Yunnan,CN-YN,,,499.0,,,3,Asia/Shanghai,FALSE,1156343329
Zhongyi,Zhongyi,,26.7246,100.3350,China,CN,CHN,Yunnan,Yunnan,CN-YN,,,81.9,,,4,Asia/Shanghai,TRUE,1156657667
Zhongyi,Zhongyi,,27.2962,99.6497,China,CN,CHN,Yunnan,Yunnan,CN-YN,,,79.4,,,4,Asia/Shanghai,TRUE,1156628946
Zhongyi,Zhongyi,,26.5365,100.3890,China,CN,CHN,Yunnan,Yunnan,CN-YN,,,37.8,,,4,Asia/Shanghai,TRUE,1156184386
Guankoucun,Guankoucun,,25.1370,113.7905,China,CN,CHN,Guangdong,Guangdong,CN-GD,,,280.1,,,3,Asia/Shanghai,FALSE,1156560397
Yinghecun,Yinghecun,,31.8009,117.3885,China,CN,CHN,Anhui,Anhui,CN-AH,,,1304.1,,,3,Asia/Shanghai,FALSE,1156366233
Yinghecun,Yinghecun,,32.6118,116.2654,China,CN,CHN,Anhui,Anhui,CN-AH,,,1108.5,,,3,Asia/Shanghai,TRUE,1156926699
Yinghecun,Yinghecun,,31.8606,116.5018,China,CN,CHN,Anhui,Anhui,CN-AH,,,674.8,,,3,Asia/Shanghai,TRUE,1156719882
Yinghecun,Yinghecun,,31.8462,116.9073,China,CN,CHN,Anhui,Anhui,CN-AH,,,412.0,,,3,Asia/Shanghai,TRUE,1156337608
Yinghecun,Yinghecun,,32.1836,116.8277,China,CN,CHN,Anhui,Anhui,CN-AH,,,198.2,,,4,Asia/Shanghai,TRUE,1156918096
Yinghecun,Yinghecun,,31.4267,115.6960,China,CN,CHN,Anhui,Anhui,CN-AH,,,64.8,,,4,Asia/Shanghai,TRUE,1156200575
Shuidianchu,Shuidianchu,,36.7398,104.7720,China,CN,CHN,Gansu,Gansu,CN-GS,,,1200.3,,,3,Asia/Shanghai,FALSE,1156219186
Guzhu,Guzhu,,29.6483,118.4682,China,CN,CHN,Anhui,Anhui,CN-AH,,,48.2,,,4,Asia/Shanghai,FALSE,1156559862
Bianjiang,Bianjiang,Hekou,42.7092,130.2631,China,CN,CHN,Jilin,Jilin,CN-JL,,,37.1,,,4,Asia/Shanghai,FALSE,1156876523
Hongzhu’ao,Hongzhu'ao,,23.1714,114.9950,China,CN,CHN,Guangdong,Guangdong,CN-GD,,,92.2,,,4,Asia/Shanghai,FALSE,1156321034
Hejiacun,Hejiacun,,20.9399,109.9827,China,CN,CHN,Guangdong,Guangdong,CN-GD,,,413.7,,,3,Asia/Shanghai,FALSE,1156544672
Hejiacun,Hejiacun,,25.1283,114.3943,China,CN,CHN,Guangdong,Guangdong,CN-GD,,,271.1,,,3,Asia/Shanghai,TRUE,1156575247
Hejiacun,Hejiacun,,25.2213,113.0913,China,CN,CHN,Guangdong,Guangdong,CN-GD,,,57.2,,,4,Asia/Shanghai,TRUE,1156575246
Laoheishan Lujiaofang,Laoheishan Lujiaofang,,43.7121,130.5713,China,CN,CHN,Heilongjiang,Heilongjiang,CN-HL,,,7.9,,,5,Asia/Shanghai,FALSE,1156572790
Podou,Podou,,23.0368,106.3300,China,CN,CHN,Guangxi,Guangxi,CN-GX,,,164.9,,,4,Asia/Shanghai,FALSE,1156896821
Podou,Podou,,24.6195,105.4500,China,CN,CHN,Guangxi,Guangxi,CN-GX,,,76.3,,,4,Asia/Shanghai,TRUE,1156256439
Linjiagou Gouli,Linjiagou Gouli,,41.2408,119.1350,China,CN,CHN,Hebei,Hebei,CN-HE,,,161.9,,,4,Asia/Shanghai,FALSE,1156142559
Houpangou,Houpangou,,39.8236,111.7479,China,CN,CHN,Inner Mongolia,Inner Mongolia,CN-NM,,,68.4,,,4,Asia/Shanghai,FALSE,1156028061
Wenfengzhai,Wenfengzhai,,30.5701,107.0630,China,CN,CHN,Sichuan,Sichuan,CN-SC,,,361.8,,,3,Asia/Shanghai,FALSE,1156701044
Simaokeng,Simaokeng,,26.0131,114.8000,China,CN,CHN,Jiangxi,Jiangxi,CN-JX,,,177.4,,,4,Asia/Shanghai,FALSE,1156911668
Alayi,Alayi,,26.1012,101.9130,China,CN,CHN,Yunnan,Yunnan,CN-YN,,,60.1,,,4,Asia/Shanghai,FALSE,1156137913
Zhaojia Youfangcun,Zhaojia Youfangcun,,43.9453,126.0426,China,CN,CHN,Jilin,Jilin,CN-JL,,,115.2,,,4,Asia/Shanghai,FALSE,1156177725
Zhabuzhai,Zhabuzhai,,23.7831,98.8874,China,CN,CHN,Yunnan,Yunnan,CN-YN,,,79.3,,,4,Asia/Shanghai,FALSE,1156000311
Huanglaojia,Huanglaojia,,33.9134,116.6070,China,CN,CHN,Henan,Henan,CN-HA,,,555.2,,,3,Asia/Shanghai,FALSE,1156759720
Huanglaojia,Huanglaojia,,33.5211,115.3532,China,CN,CHN,Henan,Henan,CN-HA,,,488.7,,,3,Asia/Shanghai,TRUE,1156215982
Huanglaojia,Huanglaojia,,34.5814,115.2280,China,CN,CHN,Henan,Henan,CN-HA,,,312.5,,,3,Asia/Shanghai,TRUE,1156192867
Xiashijiao,Xiashijiao,,24.4450,113.1544,China,CN,CHN,Guangdong,Guangdong,CN-GD,,,104.8,,,4,Asia/Shanghai,FALSE,1156029783
Shanhua,Shanhua,,35.3905,106.0550,China,CN,CHN,Gansu,Gansu,CN-GS,,,198.5,,,4,Asia/Shanghai,FALSE,1156108118
Haopingcun,Haopingcun,,27.1767,103.3560,China,CN,CHN,Yunnan,Yunnan,CN-YN,,,241.4,,,3,Asia/Shanghai,FALSE,1156635855
Rongweng,Rongweng,,25.8543,106.6870,China,CN,CHN,Guizhou,Guizhou,CN-GZ,,,70.2,,,4,Asia/Shanghai,FALSE,1156747043
Rongweng,Rongweng,,25.5542,106.5125,China,CN,CHN,Guizhou,Guizhou,CN-GZ,,,58.5,,,4,Asia/Shanghai,TRUE,1156086330
Rongweng,Rongweng,,26.0592,107.2810,China,CN,CHN,Guizhou,Guizhou,CN-GZ,,,49.6,,,4,Asia/Shanghai,TRUE,1156542111
Molianshan,Molianshan,,24.7257,98.1418,China,CN,CHN,Yunnan,Yunnan,CN-YN,,,105.7,,,4,Asia/Shanghai,FALSE,1156669176
Xichangcun,Xichangcun,,42.2562,124.2290,China,CN,CHN,Liaoning,Liaoning,CN-LN,,,69.2,,,4,Asia/Shanghai,FALSE,1156338481
Shagou,Shagou,,27.3181,104.8590,China,CN,CHN,Yunnan,Yunnan,CN-YN,,,741.8,,,3,Asia/Shanghai,FALSE,1156278640
Shagou,Shagou,,24.7737,99.1650,China,CN,CHN,Yunnan,Yunnan,CN-YN,,,343.7,,,3,Asia/Shanghai,TRUE,1156266228
Shagou,Shagou,,24.1554,99.4331,China,CN,CHN,Yunnan,Yunnan,CN-YN,,,237.0,,,3,Asia/Shanghai,TRUE,1156141850
Shagou,Shagou,,26.4693,103.8510,China,CN,CHN,Yunnan,Yunnan,CN-YN,,,186.3,,,4,Asia/Shanghai,TRUE,1156449170
Shagou,Shagou,,23.9171,103.2740,China,CN,CHN,Yunnan,Yunnan,CN-YN,,,133.5,,,4,Asia/Shanghai,TRUE,1156349686
Shagou,Shagou,,25.7448,103.3070,China,CN,CHN,Yunnan,Yunnan,CN-YN,,,106.8,,,4,Asia/Shanghai,TRUE,1156431990
Shagou,Shagou,,24.4509,99.3309,China,CN,CHN,Yunnan,Yunnan,CN-YN,,,56.6,,,4,Asia/Shanghai,TRUE,1156128002
Wumucun,Wumucun,,31.6837,120.1479,China,CN,CHN,Jiangsu,Jiangsu,CN-JS,,,2525.6,,,2,Asia/Shanghai,FALSE,1156363589
Wumucun,Wumucun,,31.4167,119.6199,China,CN,CHN,Jiangsu,Jiangsu,CN-JS,,,481.0,,,3,Asia/Shanghai,TRUE,1156357140
Fotu,Fotu,,20.4600,110.3881,China,CN,CHN,Guangdong,Guangdong,CN-GD,,,704.3,,,3,Asia/Shanghai,FALSE,1156085676
Binrangcun,Binrangcun,,31.3960,92.9075,China,CN,CHN,Tibet,Tibet,CN-XZ,,,8.3,,,5,Asia/Shanghai,FALSE,1156921709
Zuojiatun,Zuojiatun,,44.9892,127.3269,China,CN,CHN,Heilongjiang,Heilongjiang,CN-HL,,,120.0,,,4,Asia/Shanghai,FALSE,1156125402
Baiyanglingou,Baiyanglingou,,33.0815,108.6524,China,CN,CHN,Shaanxi,Shaanxi,CN-SN,,,33.7,,,4,Asia/Shanghai,FALSE,1156689248
Chenjia Yuanzi,Chenjia Yuanzi,,33.7777,105.6610,China,CN,CHN,Gansu,Gansu,CN-GS,,,182.3,,,4,Asia/Shanghai,FALSE,1156164860
Jinluo,Jinluo,,30.7563,106.9303,China,CN,CHN,Sichuan,Sichuan,CN-SC,,,790.0,,,3,Asia/Shanghai,FALSE,1156741571
Jinluo,Jinluo,,28.3845,105.0890,China,CN,CHN,Sichuan,Sichuan,CN-SC,,,560.0,,,3,Asia/Shanghai,TRUE,1156732990
Laolindiancun,Laolindiancun,,35.3825,117.2150,China,CN,CHN,Shandong,Shandong,CN-SD,,,344.1,,,3,Asia/Shanghai,FALSE,1156670970
Zhanjiazhuang,Zhanjiazhuang,,33.6311,110.1425,China,CN,CHN,Shaanxi,Shaanxi,CN-SN,,,48.9,,,4,Asia/Shanghai,FALSE,1156730401
Shadanlin,Shadanlin,,29.2631,85.2620,China,CN,CHN,Tibet,Tibet,CN-XZ,,,2.0,,,5,Asia/Shanghai,FALSE,1156325709
Daxijiang Badui,Daxijiang Badui,,49.0095,125.0067,China,CN,CHN,Heilongjiang,Heilongjiang,CN-HL,,,31.5,,,4,Asia/Shanghai,FALSE,1156957898
Zhujiashan,Zhujiashan,,27.7634,114.7128,China,CN,CHN,Jiangxi,Jiangxi,CN-JX,,,604.1,,,3,Asia/Shanghai,FALSE,1156310068
Zhujiashan,Zhujiashan,,27.8368,116.5916,China,CN,CHN,Jiangxi,Jiangxi,CN-JX,,,379.9,,,3,Asia/Shanghai,TRUE,1156213609
Zhujiashan,Zhujiashan,,29.2487,114.4744,China,CN,CHN,Jiangxi,Jiangxi,CN-JX,,,78.9,,,4,Asia/Shanghai,TRUE,1156733719
Zhujiashan,Zhujiashan,,28.7960,114.2800,China,CN,CHN,Jiangxi,Jiangxi,CN-JX,,,32.5,,,4,Asia/Shanghai,TRUE,1156062054
Qianlayaozicun,Qianlayaozicun,,49.9320,127.4120,China,CN,CHN,Heilongjiang,Heilongjiang,CN-HL,,,7.9,,,5,Asia/Shanghai,FALSE,1156317291
Chihou,Chihou,,38.3038,114.8117,China,CN,CHN,Hebei,Hebei,CN-HE,,,1092.6,,,3,Asia/Shanghai,FALSE,1156414650
Gaojialiang,Gaojialiang,,30.9194,107.9629,China,CN,CHN,Chongqing,Chongqing,CN-CQ,,,134.6,,,4,Asia/Shanghai,FALSE,1156007914
Huantouwan,Huantouwan,,28.6652,107.7980,China,CN,CHN,Guizhou,Guizhou,CN-GZ,,,135.5,,,4,Asia/Shanghai,FALSE,1156953405
Lilacun,Lilacun,Lila,24.9344,108.0825,China,CN,CHN,Guangxi,Guangxi,CN-GX,,,64.6,,,4,Asia/Shanghai,FALSE,1156219749
Zuizicun,Zuizicun,,37.1210,114.1682,China,CN,CHN,Hebei,Hebei,CN-HE,,,98.0,,,4,Asia/Shanghai,FALSE,1156449701
Jintang,Jintang,,26.0105,113.9828,China,CN,CHN,Hunan,Hunan,CN-HN,,,196.3,,,4,Asia/Shanghai,FALSE,1156224598
Jintang,Jintang,,34.0748,114.9120,China,CN,CHN,Henan,Henan,CN-HA,,,714.0,,,3,Asia/Shanghai,FALSE,1156094031
Jintang,Jintang,,30.4131,114.2052,China,CN,CHN,Hubei,Hubei,CN-HB,,,1346.7,,,3,Asia/Shanghai,FALSE,1156393099
Jintang,Jintang,,29.2522,113.8824,China,CN,CHN,Hubei,Hubei,CN-HB,,,1224.0,,,3,Asia/Shanghai,TRUE,1156145817
Jintang,Jintang,,30.4749,111.0392,China,CN,CHN,Hubei,Hubei,CN-HB,,,96.1,,,4,Asia/Shanghai,TRUE,1156596203
Wengquangou Dazhuang,Wengquangou Dazhuang,,40.7931,118.9725,China,CN,CHN,Liaoning,Liaoning,CN-LN,,,42.9,,,4,Asia/Shanghai,FALSE,1156486142
Erlizhuangcun,Erlizhuangcun,,36.0075,116.3641,China,CN,CHN,Shandong,Shandong,CN-SD,,,417.4,,,3,Asia/Shanghai,FALSE,1156538740
Xinglongshancun,Xinglongshancun,,44.2144,124.4533,China,CN,CHN,Jilin,Jilin,CN-JL,,,166.4,,,4,Asia/Shanghai,FALSE,1156993750
Xinglongshancun,Xinglongshancun,,45.1459,123.0160,China,CN,CHN,Jilin,Jilin,CN-JL,,,56.1,,,4,Asia/Shanghai,TRUE,1156191667
Xizheng Jiadai,Xizheng Jiadai,,32.0854,120.2698,China,CN,CHN,Jiangsu,Jiangsu,CN-JS,,,647.7,,,3,Asia/Shanghai,FALSE,1156396735
Ganquanzhuang,Ganquanzhuang,,40.0366,112.5258,China,CN,CHN,Shanxi,Shanxi,CN-SX,,,14.9,,,4,Asia/Shanghai,FALSE,1156863730
Liutounao,Liutounao,,25.9455,115.1039,China,CN,CHN,Jiangxi,Jiangxi,CN-JX,,,339.0,,,3,Asia/Shanghai,FALSE,1156722049
Liutounao,Liutounao,,25.6486,114.1280,China,CN,CHN,Jiangxi,Jiangxi,CN-JX,,,60.4,,,4,Asia/Shanghai,TRUE,1156204978
Sanqiukou,Sanqiukou,,28.8397,106.6710,China,CN,CHN,Chongqing,Chongqing,CN-CQ,,,355.6,,,3,Asia/Shanghai,FALSE,1156176884
Nuo’er Bashilamucun,Nuo'er Bashilamucun,,41.5192,82.5515,China,CN,CHN,Xinjiang,Xinjiang,CN-XJ,,,224.0,,,3,Asia/Shanghai,FALSE,1156210260
Ejingcun,Ejingcun,,30.0385,117.0464,China,CN,CHN,Anhui,Anhui,CN-AH,,,218.6,,,3,Asia/Shanghai,FALSE,1156220152
Paifangxia,Paifangxia,,26.4724,116.3047,China,CN,CHN,Jiangxi,Jiangxi,CN-JX,,,191.3,,,4,Asia/Shanghai,FALSE,1156126695
Yagou,Yagou,Ya-kou,40.2252,115.1645,China,CN,CHN,Hebei,Hebei,CN-HE,,,65.7,,,4,Asia/Shanghai,FALSE,1156667527
Langgushangzhuang,Langgushangzhuang,,34.9121,103.7990,China,CN,CHN,Gansu,Gansu,CN-GS,,,47.9,,,4,Asia/Shanghai,FALSE,1156013754
Wudecun,Wudecun,,35.0275,113.1469,China,CN,CHN,Henan,Henan,CN-HA,,,2899.5,,,2,Asia/Shanghai,FALSE,1156017794
Duliuyi Paicun,Duliuyi Paicun,,39.2145,116.2864,China,CN,CHN,Hebei,Hebei,CN-HE,,,505.4,,,3,Asia/Shanghai,FALSE,1156446031
Chenlaoqicun,Chenlaoqicun,,39.4277,77.9752,China,CN,CHN,Xinjiang,Xinjiang,CN-XJ,,,133.2,,,4,Asia/Shanghai,FALSE,1156111484
Xiaoheba,Xiaoheba,,30.9316,106.1513,China,CN,CHN,Sichuan,Sichuan,CN-SC,,,374.3,,,3,Asia/Shanghai,FALSE,1156053183
Xiaoheba,Xiaoheba,,32.5594,104.9540,China,CN,CHN,Sichuan,Sichuan,CN-SC,,,51.4,,,4,Asia/Shanghai,TRUE,1156123711
Xiaoheba,Xiaoheba,,32.1197,104.7990,China,CN,CHN,Sichuan,Sichuan,CN-SC,,,43.9,,,4,Asia/Shanghai,TRUE,1156311186
Buwei Bulakecun,Buwei Bulakecun,,38.0028,77.2975,China,CN,CHN,Xinjiang,Xinjiang,CN-XJ,,,323.4,,,3,Asia/Shanghai,FALSE,1156163682
Yuliangzicun,Yuliangzicun,Yuliangzi,41.3542,117.3198,China,CN,CHN,Hebei,Hebei,CN-HE,,,26.7,,,4,Asia/Shanghai,FALSE,1156277792
Nianziwan,Nianziwan,,33.0736,106.3596,China,CN,CHN,Shaanxi,Shaanxi,CN-SN,,,137.1,,,4,Asia/Shanghai,FALSE,1156746237
Nianziwan,Nianziwan,,34.0865,107.6610,China,CN,CHN,Shaanxi,Shaanxi,CN-SN,,,71.2,,,4,Asia/Shanghai,TRUE,1156180446
Nianziwan,Nianziwan,,33.2327,107.9843,China,CN,CHN,Shaanxi,Shaanxi,CN-SN,,,38.9,,,4,Asia/Shanghai,TRUE,1156059527
Woxiangzhuang,Woxiangzhuang,,36.8248,111.1161,China,CN,CHN,Shanxi,Shanxi,CN-SX,,,18.6,,,4,Asia/Shanghai,FALSE,1156028967
Xiaoluodou,Xiaoluodou,,25.2405,114.8380,China,CN,CHN,Jiangxi,Jiangxi,CN-JX,,,353.6,,,3,Asia/Shanghai,FALSE,1156466709
Baomitou,Baomitou,,19.3909,110.0960,China,CN,CHN,Hainan,Hainan,CN-HI,,,451.8,,,3,Asia/Shanghai,FALSE,1156133188
Wenchi Huoluocun,Wenchi Huoluocun,Wenchi,42.1679,124.2690,China,CN,CHN,Liaoning,Liaoning,CN-LN,,,41.8,,,4,Asia/Shanghai,FALSE,1156348895
Zixin,Zixin,,31.8789,121.1023,China,CN,CHN,Jiangsu,Jiangsu,CN-JS,,,1458.5,,,3,Asia/Shanghai,FALSE,1156063288
Laganchang,Laganchang,,26.2856,102.3820,China,CN,CHN,Yunnan,Yunnan,CN-YN,,,89.4,,,4,Asia/Shanghai,FALSE,1156243240
Rucui,Rucui,,30.4313,118.1403,China,CN,CHN,Anhui,Anhui,CN-AH,,,30.8,,,4,Asia/Shanghai,FALSE,1156889977
Balichen,Balichen,,32.5880,115.1154,China,CN,CHN,Henan,Henan,CN-HA,,,553.0,,,3,Asia/Shanghai,FALSE,1156158620
Lanatun,Lanatun,Lana,25.0327,106.7555,China,CN,CHN,Guangxi,Guangxi,CN-GX,,,45.7,,,4,Asia/Shanghai,FALSE,1156160112
Zhangmuping,Zhangmuping,,26.6395,113.6728,China,CN,CHN,Hunan,Hunan,CN-HN,,,147.1,,,4,Asia/Shanghai,FALSE,1156589608
Dagouwan,Dagouwan,,32.1799,110.9883,China,CN,CHN,Hubei,Hubei,CN-HB,,,22.3,,,4,Asia/Shanghai,FALSE,1156560886
Botacun,Botacun,,29.1009,120.2521,China,CN,CHN,Zhejiang,Zhejiang,CN-ZJ,,,1038.3,,,3,Asia/Shanghai,FALSE,1156413064
Yaogaotuozi,Yaogaotuozi,,42.4553,122.5331,China,CN,CHN,Liaoning,Liaoning,CN-LN,,,117.0,,,4,Asia/Shanghai,FALSE,1156569861
Huangnibangcun,Huangnibangcun,,30.8834,107.7476,China,CN,CHN,Sichuan,Sichuan,CN-SC,,,468.4,,,3,Asia/Shanghai,FALSE,1156573157
Jiguagua,Jiguagua,,27.4470,101.1190,China,CN,CHN,Sichuan,Sichuan,CN-SC,,,13.1,,,4,Asia/Shanghai,FALSE,1156153172
Yaolizhuangcun,Yaolizhuangcun,,37.4962,115.2130,China,CN,CHN,Hebei,Hebei,CN-HE,,,536.6,,,3,Asia/Shanghai,FALSE,1156579586
Nuoda,Nuoda,,26.0972,101.6330,China,CN,CHN,Yunnan,Yunnan,CN-YN,,,54.2,,,4,Asia/Shanghai,FALSE,1156731017
Dongqiao,Dongqiao,,38.9312,116.3700,China,CN,CHN,Hebei,Hebei,CN-HE,,,488.6,,,3,Asia/Shanghai,FALSE,1156121814
Naijia Tingzi,Naijia Tingzi,,27.3217,111.6248,China,CN,CHN,Hunan,Hunan,CN-HN,,,733.9,,,3,Asia/Shanghai,FALSE,1156191543
Xiaoshanzecun,Xiaoshanzecun,,37.5298,109.9608,China,CN,CHN,Shaanxi,Shaanxi,CN-SN,,,40.7,,,4,Asia/Shanghai,FALSE,1156665411
Huangshikengcun,Huangshikengcun,,25.9985,116.7925,China,CN,CHN,Fujian,Fujian,CN-FJ,,,37.5,,,4,Asia/Shanghai,FALSE,1156959159
Niqiuyuan,Niqiuyuan,,26.1615,110.7870,China,CN,CHN,Guangxi,Guangxi,CN-GX,,,71.7,,,4,Asia/Shanghai,FALSE,1156165652
Dongqiao,Dongqiao,,26.3522,112.2861,China,CN,CHN,Hunan,Hunan,CN-HN,,,347.5,,,3,Asia/Shanghai,FALSE,1156038708
Youtangwei,Youtangwei,,25.1931,110.1420,China,CN,CHN,Guangxi,Guangxi,CN-GX,,,243.7,,,3,Asia/Shanghai,FALSE,1156190769
Chenjiatiankeng,Chenjiatiankeng,,31.0632,111.7056,China,CN,CHN,Hubei,Hubei,CN-HB,,,428.8,,,3,Asia/Shanghai,FALSE,1156756261
Chenjiatiankeng,Chenjiatiankeng,,31.9423,111.6093,China,CN,CHN,Hubei,Hubei,CN-HB,,,54.4,,,4,Asia/Shanghai,TRUE,1156635653
Pingjiang,Pingjiang,,25.9447,104.5560,China,CN,CHN,Guizhou,Guizhou,CN-GZ,,,282.8,,,3,Asia/Shanghai,FALSE,1156251268
Pingjiang,Pingjiang,Pingjiangkou|P’ing-chiang,25.8114,108.6620,China,CN,CHN,Guizhou,Guizhou,CN-GZ,,,145.1,,,4,Asia/Shanghai,TRUE,1156032875
Pingjiang,Pingjiang,,26.4700,109.2660,China,CN,CHN,Guizhou,Guizhou,CN-GZ,,,77.9,,,4,Asia/Shanghai,TRUE,1156826293
Tanbeizhai,Tanbeizhai,,25.2067,114.2028,China,CN,CHN,Guangdong,Guangdong,CN-GD,,,43.8,,,4,Asia/Shanghai,FALSE,1156439072
Leweicun,Leweicun,,21.0703,110.0439,China,CN,CHN,Guangdong,Guangdong,CN-GD,,,343.9,,,3,Asia/Shanghai,FALSE,1156320105
Qianhua Bazu,Qianhua Bazu,,32.3116,121.2352,China,CN,CHN,Jiangsu,Jiangsu,CN-JS,,,240.1,,,3,Asia/Shanghai,FALSE,1156471185
Dashanchong,Dashanchong,,27.0332,110.7578,China,CN,CHN,Hunan,Hunan,CN-HN,,,851.9,,,3,Asia/Shanghai,FALSE,1156966804
Dashanchong,Dashanchong,,27.6019,112.4646,China,CN,CHN,Hunan,Hunan,CN-HN,,,441.0,,,3,Asia/Shanghai,TRUE,1156264435
Dashanchong,Dashanchong,,27.1685,111.2229,China,CN,CHN,Hunan,Hunan,CN-HN,,,391.7,,,3,Asia/Shanghai,TRUE,1156520702
Dashanchong,Dashanchong,,28.9082,113.2331,China,CN,CHN,Hunan,Hunan,CN-HN,,,317.3,,,3,Asia/Shanghai,TRUE,1156925199
Dashanchong,Dashanchong,,27.2288,109.9020,China,CN,CHN,Hunan,Hunan,CN-HN,,,178.5,,,4,Asia/Shanghai,TRUE,1156202780
Dashanchong,Dashanchong,,27.1621,113.5377,China,CN,CHN,Hunan,Hunan,CN-HN,,,175.3,,,4,Asia/Shanghai,TRUE,1156622491
Dashanchong,Dashanchong,,26.5432,113.0293,China,CN,CHN,Hunan,Hunan,CN-HN,,,140.8,,,4,Asia/Shanghai,TRUE,1156292182
Taoshuguo,Taoshuguo,,29.0910,113.9600,China,CN,CHN,Jiangxi,Jiangxi,CN-JX,,,382.3,,,3,Asia/Shanghai,FALSE,1156796890
Taoshuguo,Taoshuguo,,26.0063,115.2790,China,CN,CHN,Jiangxi,Jiangxi,CN-JX,,,254.7,,,3,Asia/Shanghai,TRUE,1156033055
Fengjialing,Fengjialing,,41.4521,120.9745,China,CN,CHN,Liaoning,Liaoning,CN-LN,,,45.1,,,4,Asia/Shanghai,FALSE,1156117269
Qingjiangdi,Qingjiangdi,,27.8396,119.2032,China,CN,CHN,Zhejiang,Zhejiang,CN-ZJ,,,10.9,,,4,Asia/Shanghai,FALSE,1156354953
Pumingcun,Pumingcun,,31.2563,116.7231,China,CN,CHN,Anhui,Anhui,CN-AH,,,233.8,,,3,Asia/Shanghai,FALSE,1156287786
Ajumouzuo,Ajumouzuo,,27.9984,103.2330,China,CN,CHN,Sichuan,Sichuan,CN-SC,,,52.9,,,4,Asia/Shanghai,FALSE,1156046602
Chetianpo,Chetianpo,,21.7143,110.8222,China,CN,CHN,Guangdong,Guangdong,CN-GD,,,1084.6,,,3,Asia/Shanghai,FALSE,1156227543
Dashitoucun,Dashitoucun,,44.6207,129.2560,China,CN,CHN,Heilongjiang,Heilongjiang,CN-HL,,,1222.2,,,3,Asia/Shanghai,FALSE,1156358899
Houzhuloucun,Houzhuloucun,,35.0655,117.0216,China,CN,CHN,Shandong,Shandong,CN-SD,,,1175.5,,,3,Asia/Shanghai,FALSE,1156520635
Houzhuloucun,Houzhuloucun,,34.6841,117.9029,China,CN,CHN,Shandong,Shandong,CN-SD,,,639.3,,,3,Asia/Shanghai,TRUE,1156520636
Houzhuloucun,Houzhuloucun,,36.5927,116.5496,China,CN,CHN,Shandong,Shandong,CN-SD,,,369.9,,,3,Asia/Shanghai,TRUE,1156006936
Lankengcun,Lankengcun,,23.0543,112.0754,China,CN,CHN,Guangdong,Guangdong,CN-GD,,,391.9,,,3,Asia/Shanghai,FALSE,1156059231
Lankengcun,Lankengcun,Lakeng,24.3558,115.8486,China,CN,CHN,Guangdong,Guangdong,CN-GD,,,193.7,,,4,Asia/Shanghai,TRUE,1156052882
Lankengcun,Lankengcun,,22.2566,112.3261,China,CN,CHN,Guangdong,Guangdong,CN-GD,,,158.9,,,4,Asia/Shanghai,TRUE,1156560970
Lankengcun,Lankengcun,,24.5197,114.0600,China,CN,CHN,Guangdong,Guangdong,CN-GD,,,88.9,,,4,Asia/Shanghai,TRUE,1156560973
Dongzhangqiao,Dongzhangqiao,,35.5356,115.3926,China,CN,CHN,Shandong,Shandong,CN-SD,,,488.2,,,3,Asia/Shanghai,FALSE,1156560104
Datongqiaocun,Datongqiaocun,Ta-t’ung-ch’iao|Datongqiao,32.8420,117.6042,China,CN,CHN,Anhui,Anhui,CN-AH,,,730.5,,,3,Asia/Shanghai,FALSE,1156011844
Jiangjiaweizi,Jiangjiaweizi,,39.7692,123.1271,China,CN,CHN,Liaoning,Liaoning,CN-LN,,,354.2,,,3,Asia/Shanghai,FALSE,1156863176
Jiangjiaweizi,Jiangjiaweizi,,39.8342,122.8590,China,CN,CHN,Liaoning,Liaoning,CN-LN,,,169.7,,,4,Asia/Shanghai,TRUE,1156356231
Chenxiaozhuang,Chenxiaozhuang,,32.8500,116.2500,China,CN,CHN,Anhui,Anhui,CN-AH,,,504.9,,,3,Asia/Shanghai,FALSE,1156098457
Menglongdi,Menglongdi,,26.7789,103.6190,China,CN,CHN,Yunnan,Yunnan,CN-YN,,,147.5,,,4,Asia/Shanghai,FALSE,1156067200
Houzhuang,Houzhuang,,35.7573,106.1510,China,CN,CHN,Ningxia,Ningxia,CN-NX,,,239.8,,,3,Asia/Shanghai,FALSE,1156667725
Houzhuang,Houzhuang,,35.8693,105.9781,China,CN,CHN,Ningxia,Ningxia,CN-NX,,,96.4,,,4,Asia/Shanghai,TRUE,1156195794
Xiaotongmugou,Xiaotongmugou,,33.0397,109.9938,China,CN,CHN,Hubei,Hubei,CN-HB,,,177.0,,,4,Asia/Shanghai,FALSE,1156705837
Zhoujiaxiazhuangcun,Zhoujiaxiazhuangcun,,36.3085,119.0872,China,CN,CHN,Shandong,Shandong,CN-SD,,,546.1,,,3,Asia/Shanghai,FALSE,1156633857
Zhangpo,Zhangpo,,32.3654,112.2093,China,CN,CHN,Hubei,Hubei,CN-HB,,,277.4,,,3,Asia/Shanghai,FALSE,1156864015
Zhangpo,Zhangpo,,33.1166,111.0614,China,CN,CHN,Hubei,Hubei,CN-HB,,,149.0,,,4,Asia/Shanghai,TRUE,1156564580
Zhangpo,Zhangpo,,34.4883,113.2688,China,CN,CHN,Henan,Henan,CN-HA,,,841.6,,,3,Asia/Shanghai,FALSE,1156138831
Zhangpo,Zhangpo,,34.4085,111.6012,China,CN,CHN,Henan,Henan,CN-HA,,,649.8,,,3,Asia/Shanghai,TRUE,1156250119
Zhangpo,Zhangpo,,32.8887,114.7329,China,CN,CHN,Henan,Henan,CN-HA,,,587.4,,,3,Asia/Shanghai,TRUE,1156685611
Fengmaozhaicun,Fengmaozhaicun,,37.4052,120.0592,China,CN,CHN,Shandong,Shandong,CN-SD,,,517.4,,,3,Asia/Shanghai,FALSE,1156336773
Jiaokoucun,Jiaokoucun,,30.4106,117.2290,China,CN,CHN,Anhui,Anhui,CN-AH,,,126.9,,,4,Asia/Shanghai,FALSE,1156239273
Xibietecun,Xibietecun,,47.2407,88.3478,China,CN,CHN,Xinjiang,Xinjiang,CN-XJ,,,1.3,,,5,Asia/Shanghai,FALSE,1156428824
Jiejiahecun,Jiejiahecun,,36.5521,118.7305,China,CN,CHN,Shandong,Shandong,CN-SD,,,465.2,,,3,Asia/Shanghai,FALSE,1156530204
Jiejiahecun,Jiejiahecun,,36.2869,118.7654,China,CN,CHN,Shandong,Shandong,CN-SD,,,200.3,,,3,Asia/Shanghai,TRUE,1156496443
Jiejiahecun,Jiejiahecun,,35.9391,118.9531,China,CN,CHN,Shandong,Shandong,CN-SD,,,180.8,,,4,Asia/Shanghai,TRUE,1156530208
Banjieloucun,Banjieloucun,,32.8643,115.3671,China,CN,CHN,Anhui,Anhui,CN-AH,,,451.8,,,3,Asia/Shanghai,FALSE,1156129072
Zhangpo,Zhangpo,,28.0267,109.3858,China,CN,CHN,Hunan,Hunan,CN-HN,,,135.1,,,4,Asia/Shanghai,FALSE,1156080722
Yanglaotoucun,Yanglaotoucun,,37.7231,116.6979,China,CN,CHN,Shandong,Shandong,CN-SD,,,411.0,,,3,Asia/Shanghai,FALSE,1156454520
Daning,Daning,,37.8285,116.7306,China,CN,CHN,Hebei,Hebei,CN-HE,,,483.2,,,3,Asia/Shanghai,FALSE,1156984393
Daning,Daning,,37.0418,115.3050,China,CN,CHN,Hebei,Hebei,CN-HE,,,388.0,,,3,Asia/Shanghai,TRUE,1156395724
Daning,Daning,,39.6100,114.6752,China,CN,CHN,Hebei,Hebei,CN-HE,,,17.8,,,4,Asia/Shanghai,TRUE,1156214832
Pingjiangpo,Pingjiangpo,,24.6246,113.4886,China,CN,CHN,Guangdong,Guangdong,CN-GD,,,83.8,,,4,Asia/Shanghai,FALSE,1156172572
Daliucun,Daliucun,,22.6821,109.3724,China,CN,CHN,Guangxi,Guangxi,CN-GX,,,360.3,,,3,Asia/Shanghai,FALSE,1156487229
Hougaojia Getai,Hougaojia Getai,,37.6837,110.8724,China,CN,CHN,Shanxi,Shanxi,CN-SX,,,312.7,,,3,Asia/Shanghai,FALSE,1156995873
Yongtongyan,Yongtongyan,,30.1174,103.8327,China,CN,CHN,Sichuan,Sichuan,CN-SC,,,375.5,,,3,Asia/Shanghai,FALSE,1156929570
Zhangshushan,Zhangshushan,,28.2247,113.3103,China,CN,CHN,Hunan,Hunan,CN-HN,,,1136.0,,,3,Asia/Shanghai,FALSE,1156803052
Zhaojia Wopeng,Zhaojia Wopeng,,44.2701,125.2448,China,CN,CHN,Jilin,Jilin,CN-JL,,,201.3,,,3,Asia/Shanghai,FALSE,1156935798
Guanzichong,Guanzichong,,28.1796,112.5538,China,CN,CHN,Hunan,Hunan,CN-HN,,,470.4,,,3,Asia/Shanghai,FALSE,1156018312
Gualaban,Gualaban,,26.6523,99.3900,China,CN,CHN,Yunnan,Yunnan,CN-YN,,,46.4,,,4,Asia/Shanghai,FALSE,1156573701
Shesong,Shesong,,29.1625,109.5402,China,CN,CHN,Hunan,Hunan,CN-HN,,,47.5,,,4,Asia/Shanghai,FALSE,1156035115
Yangtianzhuang,Yangtianzhuang,,40.3925,114.7212,China,CN,CHN,Hebei,Hebei,CN-HE,,,67.5,,,4,Asia/Shanghai,FALSE,1156717315
Tubu,Tubu,,26.5092,117.5931,China,CN,CHN,Fujian,Fujian,CN-FJ,,,77.6,,,4,Asia/Shanghai,FALSE,1156125957
Tubu,Tubu,,26.6042,117.7875,China,CN,CHN,Fujian,Fujian,CN-FJ,,,67.0,,,4,Asia/Shanghai,TRUE,1156022119
Xiazhai,Xiazhai,,27.4708,120.6144,China,CN,CHN,Zhejiang,Zhejiang,CN-ZJ,,,1735.4,,,3,Asia/Shanghai,FALSE,1156371502
Xiazhai,Xiazhai,,29.4214,120.7939,China,CN,CHN,Zhejiang,Zhejiang,CN-ZJ,,,706.6,,,3,Asia/Shanghai,TRUE,1156677968
Xiazhai,Xiazhai,,28.6675,121.1355,China,CN,CHN,Zhejiang,Zhejiang,CN-ZJ,,,680.9,,,3,Asia/Shanghai,TRUE,1156389854
Xiazhai,Xiazhai,,30.0069,121.2536,China,CN,CHN,Zhejiang,Zhejiang,CN-ZJ,,,649.4,,,3,Asia/Shanghai,TRUE,1156365020
Xiazhai,Xiazhai,Hsia-chai,27.3929,120.4900,China,CN,CHN,Zhejiang,Zhejiang,CN-ZJ,,,109.5,,,4,Asia/Shanghai,TRUE,1156668128
Xiazhai,Xiazhai,,30.0495,119.8523,China,CN,CHN,Zhejiang,Zhejiang,CN-ZJ,,,85.4,,,4,Asia/Shanghai,TRUE,1156256831
Denggao,Denggao,,30.7034,119.0654,China,CN,CHN,Anhui,Anhui,CN-AH,,,124.6,,,4,Asia/Shanghai,FALSE,1156602742
Huamuyu,Huamuyu,,34.2263,110.4150,China,CN,CHN,Shaanxi,Shaanxi,CN-SN,,,31.1,,,4,Asia/Shanghai,FALSE,1156557747
Chaolin,Chaolin,,23.8525,110.5760,China,CN,CHN,Guangxi,Guangxi,CN-GX,,,108.8,,,4,Asia/Shanghai,FALSE,1156007246
Baigucun,Baigucun,,35.4703,109.6094,China,CN,CHN,Shaanxi,Shaanxi,CN-SN,,,140.6,,,4,Asia/Shanghai,FALSE,1156165636
Cheyang,Cheyang,,28.6674,102.2560,China,CN,CHN,Sichuan,Sichuan,CN-SC,,,59.5,,,4,Asia/Shanghai,FALSE,1156364534
Pengshe,Pengshe,,27.4553,119.7486,China,CN,CHN,Zhejiang,Zhejiang,CN-ZJ,,,52.0,,,4,Asia/Shanghai,FALSE,1156210632
Pengshe,Pengshe,,27.6844,119.4848,China,CN,CHN,Zhejiang,Zhejiang,CN-ZJ,,,8.7,,,5,Asia/Shanghai,TRUE,1156599122
Mayongtun,Mayongtun,,24.7833,105.1865,China,CN,CHN,Guangxi,Guangxi,CN-GX,,,101.4,,,4,Asia/Shanghai,FALSE,1156576078
Mahugou,Mahugou,,41.7104,121.2620,China,CN,CHN,Liaoning,Liaoning,CN-LN,,,151.7,,,4,Asia/Shanghai,FALSE,1156336045
Mahugou,Mahugou,,41.5208,124.1846,China,CN,CHN,Liaoning,Liaoning,CN-LN,,,41.9,,,4,Asia/Shanghai,TRUE,1156500024
Yantoudu,Yantoudu,,29.2460,121.0213,China,CN,CHN,Zhejiang,Zhejiang,CN-ZJ,,,30.4,,,4,Asia/Shanghai,FALSE,1156571321
Gaonancun,Gaonancun,,21.0856,110.1907,China,CN,CHN,Guangdong,Guangdong,CN-GD,,,737.5,,,3,Asia/Shanghai,FALSE,1156483341
Gaonancun,Gaonancun,,20.9349,109.8477,China,CN,CHN,Guangdong,Guangdong,CN-GD,,,439.0,,,3,Asia/Shanghai,TRUE,1156260011
Gaonancun,Gaonancun,,24.4826,115.9834,China,CN,CHN,Guangdong,Guangdong,CN-GD,,,91.5,,,4,Asia/Shanghai,TRUE,1156029809
Hou Wujiu Yingzi,Hou Wujiu Yingzi,,44.7426,122.7816,China,CN,CHN,Jilin,Jilin,CN-JL,,,14.4,,,4,Asia/Shanghai,FALSE,1156449844
Wawupo,Wawupo,,33.1945,109.2273,China,CN,CHN,Shaanxi,Shaanxi,CN-SN,,,70.6,,,4,Asia/Shanghai,FALSE,1156035251
Xinchengkou,Xinchengkou,Hsin-ch’eng-k’ou,32.7639,117.1039,China,CN,CHN,Anhui,Anhui,CN-AH,,,503.4,,,3,Asia/Shanghai,FALSE,1156134639
Wangjia Queshancun,Wangjia Queshancun,,36.6395,117.3297,China,CN,CHN,Shandong,Shandong,CN-SD,,,453.1,,,3,Asia/Shanghai,FALSE,1156501489
Queruocun,Queruocun,,31.5226,91.7268,China,CN,CHN,Tibet,Tibet,CN-XZ,,,5.2,,,5,Asia/Shanghai,FALSE,1156725720
Pokecun,Pokecun,Poke,26.3724,117.9542,China,CN,CHN,Fujian,Fujian,CN-FJ,,,66.6,,,4,Asia/Shanghai,FALSE,1156251310
Wentang,Wentang,,19.7749,110.6562,China,CN,CHN,Hainan,Hainan,CN-HI,,,83.5,,,4,Asia/Shanghai,FALSE,1156609110
Wentang,Wentang,,27.0322,110.9314,China,CN,CHN,Hunan,Hunan,CN-HN,,,477.2,,,3,Asia/Shanghai,FALSE,1156432367
Wentang,Wentang,,26.4172,110.3570,China,CN,CHN,Hunan,Hunan,CN-HN,,,411.4,,,3,Asia/Shanghai,TRUE,1156813676
Wentang,Wentang,,25.4117,112.7969,China,CN,CHN,Hunan,Hunan,CN-HN,,,243.3,,,3,Asia/Shanghai,TRUE,1156256026
Wentang,Wentang,,25.2459,112.8383,China,CN,CHN,Hunan,Hunan,CN-HN,,,185.9,,,4,Asia/Shanghai,TRUE,1156368478
Wentang,Wentang,,27.0189,110.6421,China,CN,CHN,Hunan,Hunan,CN-HN,,,133.5,,,4,Asia/Shanghai,TRUE,1156016330
Wentang,Wentang,,26.9608,110.6177,China,CN,CHN,Hunan,Hunan,CN-HN,,,77.6,,,4,Asia/Shanghai,TRUE,1156217438
Zhanggeying,Zhanggeying,,36.9174,115.1708,China,CN,CHN,Hebei,Hebei,CN-HE,,,453.9,,,3,Asia/Shanghai,FALSE,1156811579
Lingjiacun,Lingjiacun,,30.4250,117.5833,China,CN,CHN,Anhui,Anhui,CN-AH,,,61.3,,,4,Asia/Shanghai,FALSE,1156760631
Baijicun,Baijicun,,26.2044,118.5200,China,CN,CHN,Fujian,Fujian,CN-FJ,,,62.3,,,4,Asia/Shanghai,FALSE,1156443255
Baijicun,Baijicun,Baiji,26.7418,118.1127,China,CN,CHN,Fujian,Fujian,CN-FJ,,,49.1,,,4,Asia/Shanghai,TRUE,1156405315
Wangshan,Wangshan,,29.5050,118.1449,China,CN,CHN,Anhui,Anhui,CN-AH,,,55.1,,,4,Asia/Shanghai,FALSE,1156215208
Tangqianmu,Tangqianmu,,29.3592,93.5969,China,CN,CHN,Tibet,Tibet,CN-XZ,,,0.9,,,5,Asia/Shanghai,FALSE,1156061342
Wentang,Wentang,,34.7133,111.0996,China,CN,CHN,Henan,Henan,CN-HA,,,1651.6,,,3,Asia/Shanghai,FALSE,1156273705
Wentang,Wentang,,34.1364,113.1965,China,CN,CHN,Henan,Henan,CN-HA,,,761.6,,,3,Asia/Shanghai,TRUE,1156640766
Baoxingtun,Baoxingtun,,42.6089,124.8670,China,CN,CHN,Liaoning,Liaoning,CN-LN,,,88.1,,,4,Asia/Shanghai,FALSE,1156530259
Cenzhen,Cenzhen,,23.2423,108.4250,China,CN,CHN,Guangxi,Guangxi,CN-GX,,,330.2,,,3,Asia/Shanghai,FALSE,1156464313
Liutaizi,Liutaizi,,39.8867,118.5697,China,CN,CHN,Hebei,Hebei,CN-HE,,,751.5,,,3,Asia/Shanghai,FALSE,1156047879
Zaojiaoda,Zaojiaoda,,25.7810,99.5546,China,CN,CHN,Yunnan,Yunnan,CN-YN,,,30.8,,,4,Asia/Shanghai,FALSE,1156922786
Xubahucun,Xubahucun,,35.1802,118.5368,China,CN,CHN,Shandong,Shandong,CN-SD,,,341.9,,,3,Asia/Shanghai,FALSE,1156535835
Chen’anxie,Chen'anxie,Chen’anke,25.1032,116.2856,China,CN,CHN,Fujian,Fujian,CN-FJ,,,118.5,,,4,Asia/Shanghai,FALSE,1156277605
Chaigoucun,Chaigoucun,,32.8935,117.0636,China,CN,CHN,Anhui,Anhui,CN-AH,,,675.2,,,3,Asia/Shanghai,FALSE,1156093846
Laozhushan,Laozhushan,,28.8324,114.2885,China,CN,CHN,Jiangxi,Jiangxi,CN-JX,,,35.0,,,4,Asia/Shanghai,FALSE,1156006001
Zhangwutai,Zhangwutai,,43.5616,123.4955,China,CN,CHN,Jilin,Jilin,CN-JL,,,251.6,,,3,Asia/Shanghai,FALSE,1156049928
Dongzuotun,Dongzuotun,Dongzuo,24.9871,107.8178,China,CN,CHN,Guangxi,Guangxi,CN-GX,,,53.4,,,4,Asia/Shanghai,FALSE,1156382283
Dongzuotun,Dongzuotun,Dongzuo,25.1317,107.6542,China,CN,CHN,Guangxi,Guangxi,CN-GX,,,41.4,,,4,Asia/Shanghai,TRUE,1156264059
Shangweiyangtun,Shangweiyangtun,Weiyang,24.2869,106.4160,China,CN,CHN,Guangxi,Guangxi,CN-GX,,,67.3,,,4,Asia/Shanghai,FALSE,1156476536
Situan Wulian,Situan Wulian,,41.4412,79.4615,China,CN,CHN,Xinjiang,Xinjiang,CN-XJ,,,25.7,,,4,Asia/Shanghai,FALSE,1156209821
Kuangshi,Kuangshi,Kuangshizhen,38.0725,114.0461,China,CN,CHN,Hebei,Hebei,CN-HE,,,2033.6,,,2,Asia/Shanghai,FALSE,1156025093
Langshicun,Langshicun,Langshi,26.7776,117.9403,China,CN,CHN,Fujian,Fujian,CN-FJ,,,91.8,,,4,Asia/Shanghai,FALSE,1156395599
Liulizao,Liulizao,,38.4137,117.4330,China,CN,CHN,Hebei,Hebei,CN-HE,,,166.0,,,4,Asia/Shanghai,FALSE,1156526672
Zhenzhongcun,Zhenzhongcun,,25.1339,118.1973,China,CN,CHN,Fujian,Fujian,CN-FJ,,,413.6,,,3,Asia/Shanghai,FALSE,1156297891
Wuxingcun,Wuxingcun,,45.6664,126.4799,China,CN,CHN,Heilongjiang,Heilongjiang,CN-HL,,,1421.9,,,3,Asia/Shanghai,FALSE,1156580701