city,city_ascii,city_alt,lat,lng,country,iso2,iso3,admin_name,admin_name_ascii,admin_code,admin_type,capital,density,population,population_proper,ranking,timezone,same_name,id
Jiangjia Menkou,Jiangjia Menkou,,29.9863,120.0066,China,CN,CHN,Zhejiang,Zhejiang,CN-ZJ,,,518.9,,,3,Asia/Shanghai,FALSE,1156091254
Guanyindian,Guanyindian,,34.2075,107.3020,China,CN,CHN,Shaanxi,Shaanxi,CN-SN,,,84.2,,,4,Asia/Shanghai,FALSE,1156761659
Guanyindian,Guanyindian,,33.4191,109.0609,China,CN,CHN,Shaanxi,Shaanxi,CN-SN,,,77.3,,,4,Asia/Shanghai,TRUE,1156363540
Niulianchong,Niulianchong,,27.3996,110.3292,China,CN,CHN,Hunan,Hunan,CN-HN,,,79.0,,,4,Asia/Shanghai,FALSE,1156699256
Danhua,Danhua,,22.4694,110.6240,China,CN,CHN,Guangxi,Guangxi,CN-GX,,,223.3,,,3,Asia/Shanghai,FALSE,1156915197
Danhua,Danhua,,23.8697,107.9070,China,CN,CHN,Guangxi,Guangxi,CN-GX,,,89.1,,,4,Asia/Shanghai,TRUE,1156055053
Xinhuangcun,Xinhuangcun,,36.9138,117.2052,China,CN,CHN,Shandong,Shandong,CN-SD,,,396.0,,,3,Asia/Shanghai,FALSE,1156660257
Changjiadian,Changjiadian,,47.7189,126.2663,China,CN,CHN,Heilongjiang,Heilongjiang,CN-HL,,,177.3,,,4,Asia/Shanghai,FALSE,1156110259
Ruotang,Ruotang,,23.9942,109.2300,China,CN,CHN,Guangxi,Guangxi,CN-GX,,,41.9,,,4,Asia/Shanghai,FALSE,1156149338
Wucuoyuan,Wucuoyuan,,27.2809,117.6926,China,CN,CHN,Fujian,Fujian,CN-FJ,,,35.8,,,4,Asia/Shanghai,FALSE,1156622048
Xilibu,Xilibu,,36.8500,119.6333,China,CN,CHN,Shandong,Shandong,CN-SD,,,355.9,,,3,Asia/Shanghai,FALSE,1156562503
Shunjiang,Shunjiang,,28.4500,106.4086,China,CN,CHN,Guizhou,Guizhou,CN-GZ,,,68.2,,,4,Asia/Shanghai,FALSE,1156592497
Caizigou,Caizigou,,27.1312,107.1400,China,CN,CHN,Guizhou,Guizhou,CN-GZ,,,173.6,,,4,Asia/Shanghai,FALSE,1156184589
Wanghuazhuang,Wanghuazhuang,,33.7853,112.6659,China,CN,CHN,Henan,Henan,CN-HA,,,204.1,,,3,Asia/Shanghai,FALSE,1156066864
Guofenghaicun,Guofenghaicun,,35.9011,115.4227,China,CN,CHN,Shandong,Shandong,CN-SD,,,503.8,,,3,Asia/Shanghai,FALSE,1156531486
Dongjuncun,Dongjuncun,,36.0294,116.9590,China,CN,CHN,Shandong,Shandong,CN-SD,,,461.7,,,3,Asia/Shanghai,FALSE,1156510382
Heyanheliu,Heyanheliu,,34.0429,114.4863,China,CN,CHN,Henan,Henan,CN-HA,,,363.0,,,3,Asia/Shanghai,FALSE,1156657438
Zhuangtouyucun,Zhuangtouyucun,,40.4482,117.0078,China,CN,CHN,Beijing,Beijing,CN-BJ,,,518.0,,,3,Asia/Shanghai,FALSE,1156090552
Zhanghui,Zhanghui,,35.7075,106.7120,China,CN,CHN,Ningxia,Ningxia,CN-NX,,,120.6,,,4,Asia/Shanghai,FALSE,1156549831
Baiyao,Baiyao,,34.3474,112.7448,China,CN,CHN,Henan,Henan,CN-HA,,,310.9,,,3,Asia/Shanghai,FALSE,1156715498
Baiyao,Baiyao,,33.9145,112.7684,China,CN,CHN,Henan,Henan,CN-HA,,,288.4,,,3,Asia/Shanghai,TRUE,1156002195
Hongnihaocun,Hongnihaocun,,38.6713,109.9779,China,CN,CHN,Shaanxi,Shaanxi,CN-SN,,,29.6,,,4,Asia/Shanghai,FALSE,1156592166
Nongye Erdadui,Nongye Erdadui,,33.5157,120.4953,China,CN,CHN,Jiangsu,Jiangsu,CN-JS,,,26.0,,,4,Asia/Shanghai,FALSE,1156840057
Yatangcun,Yatangcun,,29.0127,120.1161,China,CN,CHN,Zhejiang,Zhejiang,CN-ZJ,,,571.5,,,3,Asia/Shanghai,FALSE,1156407569
Yatangcun,Yatangcun,,29.0723,119.1534,China,CN,CHN,Zhejiang,Zhejiang,CN-ZJ,,,472.8,,,3,Asia/Shanghai,TRUE,1156405547
Yatangcun,Yatangcun,,28.9652,120.0354,China,CN,CHN,Zhejiang,Zhejiang,CN-ZJ,,,417.9,,,3,Asia/Shanghai,TRUE,1156407533
Yatangcun,Yatangcun,,29.1833,119.3365,China,CN,CHN,Zhejiang,Zhejiang,CN-ZJ,,,390.4,,,3,Asia/Shanghai,TRUE,1156409920
Yatangcun,Yatangcun,,29.0528,118.5889,China,CN,CHN,Zhejiang,Zhejiang,CN-ZJ,,,119.5,,,4,Asia/Shanghai,TRUE,1156405949
Hujianian,Hujianian,,31.3329,118.0480,China,CN,CHN,Anhui,Anhui,CN-AH,,,560.2,,,3,Asia/Shanghai,FALSE,1156533309
Xiacaohuaping,Xiacaohuaping,,36.2330,110.6016,China,CN,CHN,Shanxi,Shanxi,CN-SX,,,35.5,,,4,Asia/Shanghai,FALSE,1156013440
Shangqiyuancun,Shangqiyuancun,,36.2683,114.2556,China,CN,CHN,Hebei,Hebei,CN-HE,,,505.5,,,3,Asia/Shanghai,FALSE,1156438300
Beishuangdong,Beishuangdong,Pei-shuang-tung,40.5324,117.4073,China,CN,CHN,Hebei,Hebei,CN-HE,,,12.2,,,4,Asia/Shanghai,FALSE,1156141322
Shangquankou,Shangquankou,,31.2487,112.1156,China,CN,CHN,Hubei,Hubei,CN-HB,,,106.7,,,4,Asia/Shanghai,FALSE,1156973499
Xiaoqili,Xiaoqili,,26.1894,113.4673,China,CN,CHN,Hunan,Hunan,CN-HN,,,120.9,,,4,Asia/Shanghai,FALSE,1156948091
Dakai,Dakai,,26.6807,109.5371,China,CN,CHN,Hunan,Hunan,CN-HN,,,110.1,,,4,Asia/Shanghai,FALSE,1156836929
Huaniba,Huaniba,,27.3912,104.4060,China,CN,CHN,Guizhou,Guizhou,CN-GZ,,,58.6,,,4,Asia/Shanghai,FALSE,1156073206
Manlüshan,Manlushan,,24.4801,97.8281,China,CN,CHN,Yunnan,Yunnan,CN-YN,,,163.1,,,4,Asia/Shanghai,FALSE,1156548919
Fanjiatun,Fanjiatun,,40.6976,120.5301,China,CN,CHN,Liaoning,Liaoning,CN-LN,,,147.7,,,4,Asia/Shanghai,FALSE,1156244755
Zihuoluo,Zihuoluo,,27.9941,102.8870,China,CN,CHN,Sichuan,Sichuan,CN-SC,,,202.1,,,3,Asia/Shanghai,FALSE,1156043709
Dongbian,Dongbian,,39.0155,122.7330,China,CN,CHN,Liaoning,Liaoning,CN-LN,,,965.8,,,3,Asia/Shanghai,FALSE,1156413965
Dongbian,Dongbian,,41.3405,122.3130,China,CN,CHN,Liaoning,Liaoning,CN-LN,,,202.7,,,3,Asia/Shanghai,TRUE,1156081495
Da’erbaxia,Da'erbaxia,,28.3479,101.9410,China,CN,CHN,Sichuan,Sichuan,CN-SC,,,18.8,,,4,Asia/Shanghai,FALSE,1156187154
Duode,Duode,,25.6863,105.7340,China,CN,CHN,Guizhou,Guizhou,CN-GZ,,,82.1,,,4,Asia/Shanghai,FALSE,1156837273
Shangfangliangcun,Shangfangliangcun,,35.4258,117.3879,China,CN,CHN,Shandong,Shandong,CN-SD,,,424.6,,,3,Asia/Shanghai,FALSE,1156491029
Xialiangshui,Xialiangshui,,25.1452,108.8790,China,CN,CHN,Guangxi,Guangxi,CN-GX,,,86.3,,,4,Asia/Shanghai,FALSE,1156226353
Guodi,Guodi,Kou-ti|Kuo-ti,38.7660,116.6130,China,CN,CHN,Hebei,Hebei,CN-HE,,,1189.1,,,3,Asia/Shanghai,FALSE,1156514285
Maojiacao,Maojiacao,,30.2454,109.7850,China,CN,CHN,Hubei,Hubei,CN-HB,,,90.9,,,4,Asia/Shanghai,FALSE,1156059195
Xixiaotuncun,Xixiaotuncun,,37.2423,116.1493,China,CN,CHN,Shandong,Shandong,CN-SD,,,1388.2,,,3,Asia/Shanghai,FALSE,1156461312
Xixiaotuncun,Xixiaotuncun,,36.3242,119.9207,China,CN,CHN,Shandong,Shandong,CN-SD,,,613.7,,,3,Asia/Shanghai,TRUE,1156521619
Xixiaotuncun,Xixiaotuncun,,34.7886,118.0543,China,CN,CHN,Shandong,Shandong,CN-SD,,,331.0,,,3,Asia/Shanghai,TRUE,1156407310
Wuliqiao,Wuliqiao,,30.9878,119.9300,China,CN,CHN,Zhejiang,Zhejiang,CN-ZJ,,,3034.7,,,2,Asia/Shanghai,FALSE,1156379633
Mashawancun,Mashawancun,,35.7679,115.9107,China,CN,CHN,Shandong,Shandong,CN-SD,,,434.5,,,3,Asia/Shanghai,FALSE,1156477876
Beiguanqiao,Beiguanqiao,,30.1417,118.2375,China,CN,CHN,Anhui,Anhui,CN-AH,,,89.9,,,4,Asia/Shanghai,FALSE,1156098513
Baijiazhuang,Baijiazhuang,,30.9587,119.1822,China,CN,CHN,Anhui,Anhui,CN-AH,,,219.6,,,3,Asia/Shanghai,FALSE,1156229914
Baijiazhuang,Baijiazhuang,,31.0356,119.4223,China,CN,CHN,Anhui,Anhui,CN-AH,,,158.1,,,4,Asia/Shanghai,TRUE,1156974077
Semizi Maili,Semizi Maili,,39.5430,76.0862,China,CN,CHN,Xinjiang,Xinjiang,CN-XJ,,,325.5,,,3,Asia/Shanghai,FALSE,1156267046
Hongliuzhuang,Hongliuzhuang,,34.3105,116.0110,China,CN,CHN,Henan,Henan,CN-HA,,,503.2,,,3,Asia/Shanghai,FALSE,1156494228
Cunwei,Cunwei,,23.0212,113.0515,China,CN,CHN,Guangdong,Guangdong,CN-GD,,,7590.5,,,2,Asia/Shanghai,FALSE,1156165110
Cunwei,Cunwei,,22.8443,112.9141,China,CN,CHN,Guangdong,Guangdong,CN-GD,,,1151.8,,,3,Asia/Shanghai,TRUE,1156018722
Cunwei,Cunwei,,23.3703,113.8397,China,CN,CHN,Guangdong,Guangdong,CN-GD,,,250.6,,,3,Asia/Shanghai,TRUE,1156660387
Cunwei,Cunwei,,24.1579,116.5591,China,CN,CHN,Guangdong,Guangdong,CN-GD,,,36.7,,,4,Asia/Shanghai,TRUE,1156996342
Tanke’an,Tanke'an,,25.0998,117.7105,China,CN,CHN,Fujian,Fujian,CN-FJ,,,134.4,,,4,Asia/Shanghai,FALSE,1156021759
Xiege,Xiege,,33.3204,96.8449,China,CN,CHN,Qinghai,Qinghai,CN-QH,,,4.7,,,5,Asia/Shanghai,FALSE,1156880207
Yuanxinloucun,Yuanxinloucun,,34.7213,115.7383,China,CN,CHN,Shandong,Shandong,CN-SD,,,564.0,,,3,Asia/Shanghai,FALSE,1156213551
Nicun,Nicun,,31.8669,105.0090,China,CN,CHN,Sichuan,Sichuan,CN-SC,,,203.1,,,3,Asia/Shanghai,FALSE,1156240074
Yanbiancun,Yanbiancun,,24.3139,116.3395,China,CN,CHN,Guangdong,Guangdong,CN-GD,,,107.3,,,4,Asia/Shanghai,FALSE,1156471608
Zhonghucun,Zhonghucun,,31.0057,120.8969,China,CN,CHN,Zhejiang,Zhejiang,CN-ZJ,,,870.1,,,3,Asia/Shanghai,FALSE,1156378639
Zhonghucun,Zhonghucun,,28.1326,120.8730,China,CN,CHN,Zhejiang,Zhejiang,CN-ZJ,,,616.0,,,3,Asia/Shanghai,TRUE,1156392125
Zhonghucun,Zhonghucun,,29.2302,120.6621,China,CN,CHN,Zhejiang,Zhejiang,CN-ZJ,,,207.3,,,3,Asia/Shanghai,TRUE,1156385919
Guojiangpu,Guojiangpu,,25.8008,110.4470,China,CN,CHN,Guangxi,Guangxi,CN-GX,,,34.7,,,4,Asia/Shanghai,FALSE,1156304959
Duiwoba,Duiwoba,,27.8270,106.8300,China,CN,CHN,Guizhou,Guizhou,CN-GZ,,,98.9,,,4,Asia/Shanghai,FALSE,1156159666
Qianyang Yuchicun,Qianyang Yuchicun,,35.1072,118.6707,China,CN,CHN,Shandong,Shandong,CN-SD,,,1228.8,,,3,Asia/Shanghai,FALSE,1156493722
Ruanlicun,Ruanlicun,Ruanli,25.3546,118.6025,China,CN,CHN,Fujian,Fujian,CN-FJ,,,1076.0,,,3,Asia/Shanghai,FALSE,1156058158
Lefengcun,Lefengcun,Lefeng,24.5720,106.5368,China,CN,CHN,Guangxi,Guangxi,CN-GX,,,60.9,,,4,Asia/Shanghai,FALSE,1156259017
Jiabangcun,Jiabangcun,,29.1217,93.7813,China,CN,CHN,Tibet,Tibet,CN-XZ,,,5.4,,,5,Asia/Shanghai,FALSE,1156971046
Yujicun,Yujicun,,25.8905,118.9746,China,CN,CHN,Fujian,Fujian,CN-FJ,,,630.1,,,3,Asia/Shanghai,FALSE,1156462101
Shuanglongquan,Shuanglongquan,,36.7903,103.5360,China,CN,CHN,Gansu,Gansu,CN-GS,,,39.4,,,4,Asia/Shanghai,FALSE,1156618366
Niujiaopo,Niujiaopo,,25.8111,105.5620,China,CN,CHN,Guizhou,Guizhou,CN-GZ,,,172.1,,,4,Asia/Shanghai,FALSE,1156137807
Mingtangwucun,Mingtangwucun,,29.2983,118.4206,China,CN,CHN,Zhejiang,Zhejiang,CN-ZJ,,,209.1,,,3,Asia/Shanghai,FALSE,1156404373
Lixing,Lixing,,23.7601,108.1640,China,CN,CHN,Guangxi,Guangxi,CN-GX,,,1315.4,,,3,Asia/Shanghai,FALSE,1156997227
Lixing,Lixing,,22.9353,108.9050,China,CN,CHN,Guangxi,Guangxi,CN-GX,,,211.9,,,3,Asia/Shanghai,TRUE,1156192246
Lixing,Lixing,,23.0356,106.5320,China,CN,CHN,Guangxi,Guangxi,CN-GX,,,121.5,,,4,Asia/Shanghai,TRUE,1156774442
Lixing,Lixing,,22.9448,106.5650,China,CN,CHN,Guangxi,Guangxi,CN-GX,,,88.0,,,4,Asia/Shanghai,TRUE,1156235040
Jiasha,Jiasha,,28.0474,101.5470,China,CN,CHN,Sichuan,Sichuan,CN-SC,,,69.3,,,4,Asia/Shanghai,FALSE,1156008848
Shiyangkeng,Shiyangkeng,,24.5993,114.5960,China,CN,CHN,Jiangxi,Jiangxi,CN-JX,,,237.3,,,3,Asia/Shanghai,FALSE,1156561800
Dalaocun,Dalaocun,,19.9791,109.8240,China,CN,CHN,Hainan,Hainan,CN-HI,,,203.6,,,3,Asia/Shanghai,FALSE,1156247742
Dalaocun,Dalaocun,,19.5195,109.2330,China,CN,CHN,Hainan,Hainan,CN-HI,,,136.2,,,4,Asia/Shanghai,TRUE,1156354465
Shigangcun,Shigangcun,,27.8443,120.7137,China,CN,CHN,Zhejiang,Zhejiang,CN-ZJ,,,7080.2,,,2,Asia/Shanghai,FALSE,1156393466
Xixiaowucun,Xixiaowucun,,35.8586,115.9151,China,CN,CHN,Shandong,Shandong,CN-SD,,,688.9,,,3,Asia/Shanghai,FALSE,1156499454
Xixiaowucun,Xixiaowucun,,37.6204,117.5037,China,CN,CHN,Shandong,Shandong,CN-SD,,,633.1,,,3,Asia/Shanghai,TRUE,1156805160
Xixiaowucun,Xixiaowucun,,37.3491,118.4012,China,CN,CHN,Shandong,Shandong,CN-SD,,,268.1,,,3,Asia/Shanghai,TRUE,1156499455
Zhangxu,Zhangxu,,32.2535,115.7647,China,CN,CHN,Henan,Henan,CN-HA,,,263.9,,,3,Asia/Shanghai,FALSE,1156491655
Lamawacun,Lamawacun,,36.1474,116.8867,China,CN,CHN,Shandong,Shandong,CN-SD,,,248.6,,,3,Asia/Shanghai,FALSE,1156466753
Heishiban,Heishiban,,25.3148,103.5550,China,CN,CHN,Yunnan,Yunnan,CN-YN,,,66.2,,,4,Asia/Shanghai,FALSE,1156127585
Langjiatun,Langjiatun,,44.8286,127.0980,China,CN,CHN,Heilongjiang,Heilongjiang,CN-HL,,,196.3,,,4,Asia/Shanghai,FALSE,1156339602
Guanludiancun,Guanludiancun,,36.2195,116.7732,China,CN,CHN,Shandong,Shandong,CN-SD,,,435.7,,,3,Asia/Shanghai,FALSE,1156516519
Zhangheba,Zhangheba,,32.9954,107.3028,China,CN,CHN,Shaanxi,Shaanxi,CN-SN,,,155.1,,,4,Asia/Shanghai,FALSE,1156245680
Yangdazhuangcun,Yangdazhuangcun,Yangdazhuang,37.7137,116.7368,China,CN,CHN,Shandong,Shandong,CN-SD,,,682.7,,,3,Asia/Shanghai,FALSE,1156210286
Yangdazhuangcun,Yangdazhuangcun,,34.7579,116.2105,China,CN,CHN,Shandong,Shandong,CN-SD,,,478.0,,,3,Asia/Shanghai,TRUE,1156500049
Liuhu,Liuhu,,24.0675,115.2850,China,CN,CHN,Guangdong,Guangdong,CN-GD,,,1429.2,,,3,Asia/Shanghai,FALSE,1156862733
Liuhu,Liuhu,,22.1322,112.6371,China,CN,CHN,Guangdong,Guangdong,CN-GD,,,220.3,,,3,Asia/Shanghai,TRUE,1156020355
Liuhu,Liuhu,,24.3606,115.1761,China,CN,CHN,Guangdong,Guangdong,CN-GD,,,125.6,,,4,Asia/Shanghai,TRUE,1156415788
Liuhu,Liuhu,,24.6839,115.3086,China,CN,CHN,Guangdong,Guangdong,CN-GD,,,118.4,,,4,Asia/Shanghai,TRUE,1156086433
Qianliangjiacun,Qianliangjiacun,,43.4637,124.4311,China,CN,CHN,Jilin,Jilin,CN-JL,,,163.3,,,4,Asia/Shanghai,FALSE,1156578628
Fengzhengou,Fengzhengou,,41.0945,109.8343,China,CN,CHN,Inner Mongolia,Inner Mongolia,CN-NM,,,21.0,,,4,Asia/Shanghai,FALSE,1156094805
Qianzuocun,Qianzuocun,,37.6095,118.3551,China,CN,CHN,Shandong,Shandong,CN-SD,,,810.0,,,3,Asia/Shanghai,FALSE,1156002967
Qianzuocun,Qianzuocun,,37.3544,117.5038,China,CN,CHN,Shandong,Shandong,CN-SD,,,372.4,,,3,Asia/Shanghai,TRUE,1156301062
Bangjiucun,Bangjiucun,,29.8854,93.6646,China,CN,CHN,Tibet,Tibet,CN-XZ,,,3.4,,,5,Asia/Shanghai,FALSE,1156670311
Nawen,Nawen,,24.2473,100.9860,China,CN,CHN,Yunnan,Yunnan,CN-YN,,,88.1,,,4,Asia/Shanghai,FALSE,1156022888
Tuowan Suletan Airikecun,Tuowan Suletan Airikecun,,39.3280,76.5792,China,CN,CHN,Xinjiang,Xinjiang,CN-XJ,,,211.4,,,3,Asia/Shanghai,FALSE,1156147656
Lami,Lami,,22.9927,101.9010,China,CN,CHN,Yunnan,Yunnan,CN-YN,,,76.9,,,4,Asia/Shanghai,FALSE,1156737354
Nan’anxu,Nan'anxu,,21.5358,110.6697,China,CN,CHN,Guangdong,Guangdong,CN-GD,,,1431.4,,,3,Asia/Shanghai,FALSE,1156914561
Houlaicun,Houlaicun,,34.9467,117.2552,China,CN,CHN,Shandong,Shandong,CN-SD,,,1054.2,,,3,Asia/Shanghai,FALSE,1156534504
Xiaopancun,Xiaopancun,Xiaopan,26.8967,119.6725,China,CN,CHN,Fujian,Fujian,CN-FJ,,,350.6,,,3,Asia/Shanghai,FALSE,1156044788
Laomuding,Laomuding,,27.7078,107.2510,China,CN,CHN,Guizhou,Guizhou,CN-GZ,,,92.2,,,4,Asia/Shanghai,FALSE,1156724576
Shenjiadiecun,Shenjiadiecun,,33.6097,110.0305,China,CN,CHN,Shaanxi,Shaanxi,CN-SN,,,104.6,,,4,Asia/Shanghai,FALSE,1156490177
Guojiawan,Guojiawan,,28.6678,112.4681,China,CN,CHN,Hunan,Hunan,CN-HN,,,339.4,,,3,Asia/Shanghai,FALSE,1156300625
Guojiawan,Guojiawan,,26.3744,112.2332,China,CN,CHN,Hunan,Hunan,CN-HN,,,286.8,,,3,Asia/Shanghai,TRUE,1156971760
Guojiawan,Guojiawan,,29.2210,111.5527,China,CN,CHN,Hunan,Hunan,CN-HN,,,279.9,,,3,Asia/Shanghai,TRUE,1156760165
Guojiawan,Guojiawan,,28.6607,111.7900,China,CN,CHN,Hunan,Hunan,CN-HN,,,238.6,,,3,Asia/Shanghai,TRUE,1156515561
Guojiawan,Guojiawan,,28.7562,112.0527,China,CN,CHN,Hunan,Hunan,CN-HN,,,225.7,,,3,Asia/Shanghai,TRUE,1156426933
Guojiawan,Guojiawan,,29.5261,111.1728,China,CN,CHN,Hunan,Hunan,CN-HN,,,163.8,,,4,Asia/Shanghai,TRUE,1156152924
Guojiawan,Guojiawan,,29.9880,111.2331,China,CN,CHN,Hunan,Hunan,CN-HN,,,109.9,,,4,Asia/Shanghai,TRUE,1156244121
Zhainan,Zhainan,,38.8975,115.9850,China,CN,CHN,Hebei,Hebei,CN-HE,,,400.7,,,3,Asia/Shanghai,FALSE,1156625611
Zhainan,Zhainan,,38.6179,114.1780,China,CN,CHN,Hebei,Hebei,CN-HE,,,251.0,,,3,Asia/Shanghai,TRUE,1156871571
Zhainan,Zhainan,,38.9499,114.9777,China,CN,CHN,Hebei,Hebei,CN-HE,,,197.5,,,4,Asia/Shanghai,TRUE,1156271661
Xinkaigoutan,Xinkaigoutan,,38.0802,101.9760,China,CN,CHN,Gansu,Gansu,CN-GS,,,15.8,,,4,Asia/Shanghai,FALSE,1156089253
Cailing,Cailing,,24.6706,114.0034,China,CN,CHN,Guangdong,Guangdong,CN-GD,,,45.8,,,4,Asia/Shanghai,FALSE,1156167229
Guojiawan,Guojiawan,,32.6520,110.6497,China,CN,CHN,Hubei,Hubei,CN-HB,,,1416.6,,,3,Asia/Shanghai,FALSE,1156064363
Guojiawan,Guojiawan,,30.0456,113.0186,China,CN,CHN,Hubei,Hubei,CN-HB,,,266.1,,,3,Asia/Shanghai,TRUE,1156057005
Guojiawan,Guojiawan,,31.8530,112.2648,China,CN,CHN,Hubei,Hubei,CN-HB,,,241.3,,,3,Asia/Shanghai,TRUE,1156379342
Guojiawan,Guojiawan,,32.2920,113.6361,China,CN,CHN,Hubei,Hubei,CN-HB,,,154.8,,,4,Asia/Shanghai,TRUE,1156547998
Guojiawan,Guojiawan,,29.7428,114.6423,China,CN,CHN,Hubei,Hubei,CN-HB,,,124.4,,,4,Asia/Shanghai,TRUE,1156488882
Guojiawan,Guojiawan,,31.6996,113.6224,China,CN,CHN,Hubei,Hubei,CN-HB,,,122.5,,,4,Asia/Shanghai,TRUE,1156451361
Guojiawan,Guojiawan,,32.1090,111.4934,China,CN,CHN,Hubei,Hubei,CN-HB,,,113.9,,,4,Asia/Shanghai,TRUE,1156797893
Guojiawan,Guojiawan,,31.8364,113.8654,China,CN,CHN,Hubei,Hubei,CN-HB,,,89.4,,,4,Asia/Shanghai,TRUE,1156918344
Guojiawan,Guojiawan,,32.9597,111.0071,China,CN,CHN,Hubei,Hubei,CN-HB,,,78.7,,,4,Asia/Shanghai,TRUE,1156041483
Guojiawan,Guojiawan,,30.8776,110.4337,China,CN,CHN,Hubei,Hubei,CN-HB,,,75.8,,,4,Asia/Shanghai,TRUE,1156143471
Guojiawan,Guojiawan,,31.8652,113.6276,China,CN,CHN,Hubei,Hubei,CN-HB,,,63.0,,,4,Asia/Shanghai,TRUE,1156609062
Guojiawan,Guojiawan,,32.9425,110.2819,China,CN,CHN,Hubei,Hubei,CN-HB,,,57.0,,,4,Asia/Shanghai,TRUE,1156045978
Guojiawan,Guojiawan,,31.5868,112.1700,China,CN,CHN,Hubei,Hubei,CN-HB,,,53.9,,,4,Asia/Shanghai,TRUE,1156070217
Guojiawan,Guojiawan,,32.5938,110.6026,China,CN,CHN,Hubei,Hubei,CN-HB,,,5.1,,,5,Asia/Shanghai,TRUE,1156718825
Shangbajiao,Shangbajiao,,40.1307,114.3173,China,CN,CHN,Hebei,Hebei,CN-HE,,,62.6,,,4,Asia/Shanghai,FALSE,1156176184
Hengyang,Hengyang,,28.0661,110.8650,China,CN,CHN,Hunan,Hunan,CN-HN,,,74.9,,,4,Asia/Shanghai,TRUE,1156334446
Chalitong,Chalitong,,28.2217,98.8587,China,CN,CHN,Yunnan,Yunnan,CN-YN,,,9.4,,,5,Asia/Shanghai,FALSE,1156270547
Shuangliucun,Shuangliucun,,20.9571,109.8678,China,CN,CHN,Guangdong,Guangdong,CN-GD,,,380.3,,,3,Asia/Shanghai,FALSE,1156532813
Yingxi,Yingxi,,33.6559,118.9909,China,CN,CHN,Jiangsu,Jiangsu,CN-JS,,,4482.8,,,2,Asia/Shanghai,FALSE,1156308252
Yingxi,Yingxi,,32.8423,120.4546,China,CN,CHN,Jiangsu,Jiangsu,CN-JS,,,207.9,,,3,Asia/Shanghai,TRUE,1156273692
Cailing,Cailing,,24.9364,108.2450,China,CN,CHN,Guangxi,Guangxi,CN-GX,,,120.4,,,4,Asia/Shanghai,FALSE,1156235376
Lasha,Lasha,,31.0882,86.6542,China,CN,CHN,Tibet,Tibet,CN-XZ,,,1.7,,,5,Asia/Shanghai,FALSE,1156198675
Chuchazhen,Chuchazhen,,28.7667,116.0919,China,CN,CHN,Jiangxi,Jiangxi,CN-JX,,,311.7,,,3,Asia/Shanghai,FALSE,1156238944
Yanju,Yanju,,23.0266,105.8810,China,CN,CHN,Guangxi,Guangxi,CN-GX,,,45.0,,,4,Asia/Shanghai,FALSE,1156981762
Yingtaojing,Yingtaojing,,30.3716,109.1137,China,CN,CHN,Hubei,Hubei,CN-HB,,,121.0,,,4,Asia/Shanghai,FALSE,1156096779
Jianggoucun,Jianggoucun,,34.5787,117.8231,China,CN,CHN,Jiangsu,Jiangsu,CN-JS,,,541.6,,,3,Asia/Shanghai,FALSE,1156298162
Jianggoucun,Jianggoucun,,34.1963,118.5273,China,CN,CHN,Jiangsu,Jiangsu,CN-JS,,,322.7,,,3,Asia/Shanghai,TRUE,1156293068
Dengshiqiao,Dengshiqiao,,28.5301,112.3050,China,CN,CHN,Hunan,Hunan,CN-HN,,,554.0,,,3,Asia/Shanghai,FALSE,1156154653
Wenlin,Wenlin,,32.7167,120.3972,China,CN,CHN,Jiangsu,Jiangsu,CN-JS,,,478.2,,,3,Asia/Shanghai,FALSE,1156823414
Dayingpan,Dayingpan,,29.0993,103.1890,China,CN,CHN,Sichuan,Sichuan,CN-SC,,,167.1,,,4,Asia/Shanghai,FALSE,1156176855
Dayingpan,Dayingpan,,29.1699,102.9961,China,CN,CHN,Sichuan,Sichuan,CN-SC,,,60.6,,,4,Asia/Shanghai,TRUE,1156846350
Dayingpan,Dayingpan,,31.2208,102.3010,China,CN,CHN,Sichuan,Sichuan,CN-SC,,,33.9,,,4,Asia/Shanghai,TRUE,1156105654
Liukou,Liukou,,38.8645,115.7120,China,CN,CHN,Hebei,Hebei,CN-HE,province,,582.6,,,3,Asia/Shanghai,FALSE,1156026557
Dayingpan,Dayingpan,,38.6190,109.6637,China,CN,CHN,Shaanxi,Shaanxi,CN-SN,,,28.9,,,4,Asia/Shanghai,FALSE,1156087719
Chaijia,Chaijia,,27.9930,116.7719,China,CN,CHN,Jiangxi,Jiangxi,CN-JX,,,511.5,,,3,Asia/Shanghai,FALSE,1156197744
Zhangshan,Zhangshan,,28.0733,120.5042,China,CN,CHN,Zhejiang,Zhejiang,CN-ZJ,,,1001.2,,,3,Asia/Shanghai,FALSE,1156091366
Zhangshan,Zhangshan,,27.8806,120.1746,China,CN,CHN,Zhejiang,Zhejiang,CN-ZJ,,,280.0,,,3,Asia/Shanghai,TRUE,1156513258
Zhangshan,Zhangshan,,27.7137,119.9844,China,CN,CHN,Zhejiang,Zhejiang,CN-ZJ,,,158.7,,,4,Asia/Shanghai,TRUE,1156448376
Zhangshan,Zhangshan,,29.6821,120.2753,China,CN,CHN,Zhejiang,Zhejiang,CN-ZJ,,,149.6,,,4,Asia/Shanghai,TRUE,1156847701
Zhangshan,Zhangshan,Chang-shan,28.2786,120.0718,China,CN,CHN,Zhejiang,Zhejiang,CN-ZJ,,,77.0,,,4,Asia/Shanghai,TRUE,1156177630
Zhangshan,Zhangshan,,28.4357,119.6805,China,CN,CHN,Zhejiang,Zhejiang,CN-ZJ,,,47.9,,,4,Asia/Shanghai,TRUE,1156278245
Zhangshan,Zhangshan,,27.8197,119.4969,China,CN,CHN,Zhejiang,Zhejiang,CN-ZJ,,,36.3,,,4,Asia/Shanghai,TRUE,1156785347
Zhangshan,Zhangshan,,28.4721,119.1858,China,CN,CHN,Zhejiang,Zhejiang,CN-ZJ,,,19.3,,,4,Asia/Shanghai,TRUE,1156387428
Zhangshan,Zhangshan,,28.1759,119.7049,China,CN,CHN,Zhejiang,Zhejiang,CN-ZJ,,,14.5,,,4,Asia/Shanghai,TRUE,1156180675
Zhangshan,Zhangshan,,27.9267,119.8147,China,CN,CHN,Zhejiang,Zhejiang,CN-ZJ,,,10.1,,,4,Asia/Shanghai,TRUE,1156459155
Beiyangchengcun,Beiyangchengcun,,35.5233,111.0545,China,CN,CHN,Shanxi,Shanxi,CN-SX,,,415.9,,,3,Asia/Shanghai,FALSE,1156489421
Burewusicun,Burewusicun,,38.5440,77.2317,China,CN,CHN,Xinjiang,Xinjiang,CN-XJ,,,474.2,,,3,Asia/Shanghai,FALSE,1156099748
Erhumiaocun,Erhumiaocun,,36.1260,116.5252,China,CN,CHN,Shandong,Shandong,CN-SD,,,444.8,,,3,Asia/Shanghai,FALSE,1156540348
Kezile Gongbaizi,Kezile Gongbaizi,,40.8912,78.1334,China,CN,CHN,Xinjiang,Xinjiang,CN-XJ,,,3.8,,,5,Asia/Shanghai,FALSE,1156461522
Dapingli,Dapingli,,24.3039,115.1628,China,CN,CHN,Guangdong,Guangdong,CN-GD,,,219.8,,,3,Asia/Shanghai,FALSE,1156153930
Dapingli,Dapingli,,25.1056,113.1679,China,CN,CHN,Guangdong,Guangdong,CN-GD,,,86.1,,,4,Asia/Shanghai,TRUE,1156132914
Shibantang,Shibantang,,25.8238,115.6626,China,CN,CHN,Jiangxi,Jiangxi,CN-JX,,,162.6,,,4,Asia/Shanghai,FALSE,1156366753
Yinjiafancun,Yinjiafancun,,31.7708,116.2794,China,CN,CHN,Anhui,Anhui,CN-AH,,,612.5,,,3,Asia/Shanghai,FALSE,1156757239
Yinjiafancun,Yinjiafancun,,31.0456,115.9678,China,CN,CHN,Anhui,Anhui,CN-AH,,,128.9,,,4,Asia/Shanghai,TRUE,1156216332
Mowushan,Mowushan,,22.3115,108.9110,China,CN,CHN,Guangxi,Guangxi,CN-GX,,,30.4,,,4,Asia/Shanghai,FALSE,1156229614
Qianfanrong,Qianfanrong,,47.4935,122.9921,China,CN,CHN,Heilongjiang,Heilongjiang,CN-HL,,,56.3,,,4,Asia/Shanghai,FALSE,1156293254
Xingjiahucun,Xingjiahucun,,35.0578,118.5189,China,CN,CHN,Shandong,Shandong,CN-SD,,,702.7,,,3,Asia/Shanghai,FALSE,1156485912
Dayingpan,Dayingpan,,38.7516,111.8187,China,CN,CHN,Shanxi,Shanxi,CN-SX,,,12.5,,,4,Asia/Shanghai,FALSE,1156327379
Wofengtugou,Wofengtugou,,42.3901,121.5400,China,CN,CHN,Liaoning,Liaoning,CN-LN,,,75.9,,,4,Asia/Shanghai,FALSE,1156360737
Qujiatuncun,Qujiatuncun,,36.9368,118.5004,China,CN,CHN,Shandong,Shandong,CN-SD,,,683.1,,,3,Asia/Shanghai,FALSE,1156489598
Qujiatuncun,Qujiatuncun,,36.4436,120.2640,China,CN,CHN,Shandong,Shandong,CN-SD,,,658.0,,,3,Asia/Shanghai,TRUE,1156578678
Qujiatuncun,Qujiatuncun,,36.7769,120.5189,China,CN,CHN,Shandong,Shandong,CN-SD,,,265.8,,,3,Asia/Shanghai,TRUE,1156489597
Qujiatuncun,Qujiatuncun,,37.0258,121.4873,China,CN,CHN,Shandong,Shandong,CN-SD,,,226.9,,,3,Asia/Shanghai,TRUE,1156439880
Xiawangtai,Xiawangtai,,26.6005,108.8350,China,CN,CHN,Guizhou,Guizhou,CN-GZ,,,111.1,,,4,Asia/Shanghai,FALSE,1156107415
Dingzi Qiancun,Dingzi Qiancun,,36.8592,122.2513,China,CN,CHN,Shandong,Shandong,CN-SD,,,570.9,,,3,Asia/Shanghai,FALSE,1156432780
Weijiatai,Weijiatai,,36.8165,104.1640,China,CN,CHN,Gansu,Gansu,CN-GS,,,18.7,,,4,Asia/Shanghai,FALSE,1156150772
Weijiatai,Weijiatai,,36.3769,104.4570,China,CN,CHN,Gansu,Gansu,CN-GS,,,18.0,,,4,Asia/Shanghai,TRUE,1156092036
Weijiatai,Weijiatai,,37.0682,107.2060,China,CN,CHN,Gansu,Gansu,CN-GS,,,14.2,,,4,Asia/Shanghai,TRUE,1156018470
Xiao’anzhuang,Xiao'anzhuang,,33.7403,115.5750,China,CN,CHN,Henan,Henan,CN-HA,,,487.9,,,3,Asia/Shanghai,FALSE,1156108905
Hongshuiling,Hongshuiling,,28.6631,116.7902,China,CN,CHN,Jiangxi,Jiangxi,CN-JX,province,,522.2,,,3,Asia/Shanghai,FALSE,1156035496
Hongshuiling,Hongshuiling,,27.1088,116.9790,China,CN,CHN,Jiangxi,Jiangxi,CN-JX,,,56.7,,,4,Asia/Shanghai,TRUE,1156117015
Qingshuikeng,Qingshuikeng,,30.2130,111.4734,China,CN,CHN,Hubei,Hubei,CN-HB,,,327.5,,,3,Asia/Shanghai,FALSE,1156157370
Duobaoshan Tongkuang,Duobaoshan Tongkuang,,50.3655,125.6601,China,CN,CHN,Heilongjiang,Heilongjiang,CN-HL,,,9.8,,,4,Asia/Shanghai,FALSE,1156604884
Duobaoshan Tongkuang,Duobaoshan Tongkuang,,50.2393,125.7792,China,CN,CHN,Heilongjiang,Heilongjiang,CN-HL,,,9.8,,,5,Asia/Shanghai,TRUE,1156750666
Yufeng,Yufeng,,31.5748,106.7510,China,CN,CHN,Sichuan,Sichuan,CN-SC,,,1230.7,,,3,Asia/Shanghai,FALSE,1156304538
Yufeng,Yufeng,,30.7590,105.5130,China,CN,CHN,Sichuan,Sichuan,CN-SC,,,693.1,,,3,Asia/Shanghai,TRUE,1156790760
Yufeng,Yufeng,,29.3035,105.4520,China,CN,CHN,Sichuan,Sichuan,CN-SC,,,589.3,,,3,Asia/Shanghai,TRUE,1156110861
Yufeng,Yufeng,,31.5071,106.8920,China,CN,CHN,Sichuan,Sichuan,CN-SC,,,447.9,,,3,Asia/Shanghai,TRUE,1156201063
Yufeng,Yufeng,,32.2593,104.7330,China,CN,CHN,Sichuan,Sichuan,CN-SC,,,32.8,,,4,Asia/Shanghai,TRUE,1156636913
Yufeng,Yufeng,,27.0972,102.6530,China,CN,CHN,Sichuan,Sichuan,CN-SC,,,32.0,,,4,Asia/Shanghai,TRUE,1156834272
Chikeshan,Chikeshan,,28.8455,118.8456,China,CN,CHN,Zhejiang,Zhejiang,CN-ZJ,,,440.3,,,3,Asia/Shanghai,FALSE,1156833901
Shilibu,Shilibu,Shili,31.7435,118.3212,China,CN,CHN,Anhui,Anhui,CN-AH,,,58.3,,,4,Asia/Shanghai,FALSE,1156770518
Qiemeng,Qiemeng,,29.2580,86.1718,China,CN,CHN,Tibet,Tibet,CN-XZ,,,2.8,,,5,Asia/Shanghai,FALSE,1156264091
Yufeng,Yufeng,,31.5025,121.8247,China,CN,CHN,Shanghai,Shanghai,CN-SH,,,290.4,,,3,Asia/Shanghai,FALSE,1156795345
Xiaolushan,Xiaolushan,,29.9812,120.7184,China,CN,CHN,Zhejiang,Zhejiang,CN-ZJ,,,200.4,,,3,Asia/Shanghai,FALSE,1156053047
Xixiezhai,Xixiezhai,,35.2021,114.9455,China,CN,CHN,Shandong,Shandong,CN-SD,,,482.8,,,3,Asia/Shanghai,FALSE,1156382601
Kulijing,Kulijing,,26.3913,105.2020,China,CN,CHN,Guizhou,Guizhou,CN-GZ,,,181.2,,,4,Asia/Shanghai,FALSE,1156382101
Kulijing,Kulijing,,26.4100,107.4730,China,CN,CHN,Guizhou,Guizhou,CN-GZ,,,137.6,,,4,Asia/Shanghai,TRUE,1156319968
Kulijing,Kulijing,,26.7373,106.4640,China,CN,CHN,Guizhou,Guizhou,CN-GZ,,,131.9,,,4,Asia/Shanghai,TRUE,1156814985
Kulijing,Kulijing,,26.5614,107.8340,China,CN,CHN,Guizhou,Guizhou,CN-GZ,,,127.0,,,4,Asia/Shanghai,TRUE,1156019914
Kulijing,Kulijing,,26.5662,106.8780,China,CN,CHN,Guizhou,Guizhou,CN-GZ,,,88.9,,,4,Asia/Shanghai,TRUE,1156046689
Huiliushuicun,Huiliushuicun,,40.5792,119.8532,China,CN,CHN,Liaoning,Liaoning,CN-LN,,,130.2,,,4,Asia/Shanghai,FALSE,1156415216
Heishan Zuizicun,Heishan Zuizicun,,43.5556,124.7031,China,CN,CHN,Jilin,Jilin,CN-JL,,,244.9,,,3,Asia/Shanghai,FALSE,1156310185
Baotai,Baotai,,30.1127,104.3990,China,CN,CHN,Sichuan,Sichuan,CN-SC,,,673.7,,,3,Asia/Shanghai,FALSE,1156617765
Baotai,Baotai,,30.1062,104.6575,China,CN,CHN,Sichuan,Sichuan,CN-SC,,,512.1,,,3,Asia/Shanghai,TRUE,1156405325
Baotai,Baotai,,31.4922,106.2572,China,CN,CHN,Sichuan,Sichuan,CN-SC,,,302.6,,,3,Asia/Shanghai,TRUE,1156128262
Baotai,Baotai,,32.2136,107.6890,China,CN,CHN,Sichuan,Sichuan,CN-SC,,,73.6,,,4,Asia/Shanghai,TRUE,1156046875
Majuanwan,Majuanwan,,39.8476,112.1736,China,CN,CHN,Shanxi,Shanxi,CN-SX,,,33.3,,,4,Asia/Shanghai,FALSE,1156033044
Qinghengcun,Qinghengcun,,31.6573,118.0359,China,CN,CHN,Anhui,Anhui,CN-AH,,,157.0,,,4,Asia/Shanghai,FALSE,1156542003
Yuejiacun,Yuejiacun,,45.2442,126.9512,China,CN,CHN,Heilongjiang,Heilongjiang,CN-HL,,,253.2,,,3,Asia/Shanghai,FALSE,1156330296
Chuangxincun,Chuangxincun,,32.4309,117.2623,China,CN,CHN,Anhui,Anhui,CN-AH,,,312.7,,,3,Asia/Shanghai,FALSE,1156285737
Gongjiashan,Gongjiashan,,28.0310,117.3930,China,CN,CHN,Jiangxi,Jiangxi,CN-JX,,,108.6,,,4,Asia/Shanghai,FALSE,1156800089
Gongjiashan,Gongjiashan,,27.6895,116.9711,China,CN,CHN,Jiangxi,Jiangxi,CN-JX,,,66.9,,,4,Asia/Shanghai,TRUE,1156802993
Zhengjiayuan,Zhengjiayuan,,28.5129,117.8460,China,CN,CHN,Jiangxi,Jiangxi,CN-JX,,,358.8,,,3,Asia/Shanghai,FALSE,1156379910
Zhengjiayuan,Zhengjiayuan,,28.0249,117.2700,China,CN,CHN,Jiangxi,Jiangxi,CN-JX,,,123.4,,,4,Asia/Shanghai,TRUE,1156169863
Liuhuantun,Liuhuantun,,45.2881,124.8571,China,CN,CHN,Jilin,Jilin,CN-JL,,,278.6,,,3,Asia/Shanghai,FALSE,1156263227
Dongdianzicun,Dongdianzicun,,36.2597,120.0121,China,CN,CHN,Shandong,Shandong,CN-SD,,,1706.0,,,3,Asia/Shanghai,FALSE,1156322695
Dongdianzicun,Dongdianzicun,,37.3820,117.2701,China,CN,CHN,Shandong,Shandong,CN-SD,,,462.7,,,3,Asia/Shanghai,TRUE,1156461652
Dongdianzicun,Dongdianzicun,,37.0078,121.8636,China,CN,CHN,Shandong,Shandong,CN-SD,,,397.6,,,3,Asia/Shanghai,TRUE,1156161187
Dongdianzicun,Dongdianzicun,,35.7246,117.6357,China,CN,CHN,Shandong,Shandong,CN-SD,,,218.4,,,3,Asia/Shanghai,TRUE,1156523436
Dongdianzicun,Dongdianzicun,,37.3515,121.7308,China,CN,CHN,Shandong,Shandong,CN-SD,,,182.8,,,4,Asia/Shanghai,TRUE,1156811276
Kangji,Kangji,,26.5667,106.4000,China,CN,CHN,Guizhou,Guizhou,CN-GZ,,,351.7,,,3,Asia/Shanghai,FALSE,1156271007
Wangjiadai,Wangjiadai,,32.1751,119.8359,China,CN,CHN,Jiangsu,Jiangsu,CN-JS,,,2589.4,,,2,Asia/Shanghai,FALSE,1156094543
Wangjiadai,Wangjiadai,,32.2712,119.8008,China,CN,CHN,Jiangsu,Jiangsu,CN-JS,,,871.4,,,3,Asia/Shanghai,TRUE,1156259749
Wangjiadai,Wangjiadai,,32.2636,120.2824,China,CN,CHN,Jiangsu,Jiangsu,CN-JS,,,744.9,,,3,Asia/Shanghai,TRUE,1156283128
Wangjiadai,Wangjiadai,Wang-chia-tai,32.1836,120.6969,China,CN,CHN,Jiangsu,Jiangsu,CN-JS,,,685.4,,,3,Asia/Shanghai,TRUE,1156457324
Wangjiadai,Wangjiadai,,32.0860,120.3208,China,CN,CHN,Jiangsu,Jiangsu,CN-JS,,,647.7,,,3,Asia/Shanghai,TRUE,1156170426
Wangjiadai,Wangjiadai,,32.0484,120.1666,China,CN,CHN,Jiangsu,Jiangsu,CN-JS,,,523.1,,,3,Asia/Shanghai,TRUE,1156724956
Ximengshan,Ximengshan,,23.3200,100.3160,China,CN,CHN,Yunnan,Yunnan,CN-YN,,,45.0,,,4,Asia/Shanghai,FALSE,1156385692
Damenkan,Damenkan,,41.5908,127.3044,China,CN,CHN,Jilin,Jilin,CN-JL,,,45.1,,,4,Asia/Shanghai,FALSE,1156485685
Dongshuiguo,Dongshuiguo,,33.5918,113.5139,China,CN,CHN,Henan,Henan,CN-HA,,,647.0,,,3,Asia/Shanghai,FALSE,1156270833
Tianzhangzicun,Tianzhangzicun,,41.0680,120.2558,China,CN,CHN,Liaoning,Liaoning,CN-LN,,,206.8,,,3,Asia/Shanghai,FALSE,1156349422
Tianzhangzicun,Tianzhangzicun,,40.5533,119.4476,China,CN,CHN,Liaoning,Liaoning,CN-LN,,,161.7,,,4,Asia/Shanghai,TRUE,1156421548
Tianzhangzicun,Tianzhangzicun,,41.0798,119.3730,China,CN,CHN,Liaoning,Liaoning,CN-LN,,,76.7,,,4,Asia/Shanghai,TRUE,1156342784
Jiaopucun,Jiaopucun,,35.9963,116.3400,China,CN,CHN,Shandong,Shandong,CN-SD,,,327.3,,,3,Asia/Shanghai,FALSE,1156508593
Wenshuixi,Wenshuixi,,25.3156,117.2981,China,CN,CHN,Fujian,Fujian,CN-FJ,,,53.5,,,4,Asia/Shanghai,FALSE,1156015461
Zaozi Dayan,Zaozi Dayan,,30.0173,111.7376,China,CN,CHN,Hubei,Hubei,CN-HB,,,420.9,,,3,Asia/Shanghai,FALSE,1156802330
Dugou,Dugou,,23.3284,111.3290,China,CN,CHN,Guangxi,Guangxi,CN-GX,,,197.1,,,4,Asia/Shanghai,FALSE,1156133720
Qianmayangzhuang,Qianmayangzhuang,,32.3861,120.7954,China,CN,CHN,Jiangsu,Jiangsu,CN-JS,,,601.8,,,3,Asia/Shanghai,FALSE,1156831515
Liduo,Liduo,,21.9472,110.8722,China,CN,CHN,Guangdong,Guangdong,CN-GD,,,634.4,,,3,Asia/Shanghai,FALSE,1156627398
Xiao’an,Xiao'an,Xiao’anjie|Hsiao-an-chieh,30.2519,121.1286,China,CN,CHN,Zhejiang,Zhejiang,CN-ZJ,,,791.0,,,3,Asia/Shanghai,FALSE,1156069218
Xiao’an,Xiao'an,,27.5162,119.0184,China,CN,CHN,Zhejiang,Zhejiang,CN-ZJ,,,47.1,,,4,Asia/Shanghai,TRUE,1156069894
Xiaohuangtugou,Xiaohuangtugou,Ta-huang-t’u-kou,33.3025,119.7133,China,CN,CHN,Jiangsu,Jiangsu,CN-JS,,,273.4,,,3,Asia/Shanghai,FALSE,1156496765
Shaodacun,Shaodacun,,33.4055,116.2288,China,CN,CHN,Anhui,Anhui,CN-AH,,,413.6,,,3,Asia/Shanghai,FALSE,1156463912
Changtuozicun,Changtuozicun,,42.2118,122.5680,China,CN,CHN,Liaoning,Liaoning,CN-LN,,,74.2,,,4,Asia/Shanghai,FALSE,1156359434
Xiaoyechang,Xiaoyechang,,25.6296,105.3880,China,CN,CHN,Guizhou,Guizhou,CN-GZ,,,148.8,,,4,Asia/Shanghai,FALSE,1156171044
Laoyemiaocun,Laoyemiaocun,Laoyemiao,36.6300,113.7620,China,CN,CHN,Hebei,Hebei,CN-HE,,,742.3,,,3,Asia/Shanghai,FALSE,1156154515
Laoyemiaocun,Laoyemiaocun,,41.3837,117.4801,China,CN,CHN,Hebei,Hebei,CN-HE,,,55.3,,,4,Asia/Shanghai,TRUE,1156451377
Aikou,Aikou,,25.1397,109.3510,China,CN,CHN,Guangxi,Guangxi,CN-GX,,,160.1,,,4,Asia/Shanghai,FALSE,1156692599
Aikou,Aikou,,24.7497,107.6160,China,CN,CHN,Guangxi,Guangxi,CN-GX,,,81.5,,,4,Asia/Shanghai,TRUE,1156616894
Liduo,Liduo,,26.6886,108.0250,China,CN,CHN,Guizhou,Guizhou,CN-GZ,,,231.3,,,3,Asia/Shanghai,FALSE,1156205131
Tianfucun,Tianfucun,,31.3323,121.1201,China,CN,CHN,Jiangsu,Jiangsu,CN-JS,,,2900.0,,,2,Asia/Shanghai,FALSE,1156370585
Jianqiaocun,Jianqiaocun,,24.4430,116.2180,China,CN,CHN,Guangdong,Guangdong,CN-GD,,,155.7,,,4,Asia/Shanghai,FALSE,1156411297
Gaoziku,Gaoziku,,30.7135,104.4428,China,CN,CHN,Sichuan,Sichuan,CN-SC,,,230.8,,,3,Asia/Shanghai,FALSE,1156365414
Mu’erqicun,Mu'erqicun,,50.2054,126.0965,China,CN,CHN,Heilongjiang,Heilongjiang,CN-HL,,,6.8,,,5,Asia/Shanghai,FALSE,1156558279
Yinwan,Yinwan,,32.3254,114.7576,China,CN,CHN,Henan,Henan,CN-HA,,,1263.7,,,3,Asia/Shanghai,FALSE,1156213815
Yinwan,Yinwan,,32.0739,114.3938,China,CN,CHN,Henan,Henan,CN-HA,,,281.2,,,3,Asia/Shanghai,TRUE,1156518722
Yinwan,Yinwan,,32.3055,113.8104,China,CN,CHN,Henan,Henan,CN-HA,,,182.4,,,4,Asia/Shanghai,TRUE,1156626946
Hongzhai Yuanxiang,Hongzhai Yuanxiang,,20.3387,110.1642,China,CN,CHN,Guangdong,Guangdong,CN-GD,,,3235.8,,,2,Asia/Shanghai,FALSE,1156190831
Huzhuzhang,Huzhuzhang,,23.7605,115.2678,China,CN,CHN,Guangdong,Guangdong,CN-GD,,,168.2,,,4,Asia/Shanghai,FALSE,1156873968
Huangshanshui,Huangshanshui,,24.0132,116.7663,China,CN,CHN,Guangdong,Guangdong,CN-GD,,,46.5,,,4,Asia/Shanghai,FALSE,1156180834
Dabaijiagoucun,Dabaijiagoucun,,37.5177,110.3920,China,CN,CHN,Shaanxi,Shaanxi,CN-SN,,,208.8,,,3,Asia/Shanghai,FALSE,1156090920
Dabaijiagoucun,Dabaijiagoucun,,36.9671,109.8800,China,CN,CHN,Shaanxi,Shaanxi,CN-SN,,,51.8,,,4,Asia/Shanghai,TRUE,1156560316
Exiancun,Exiancun,,36.8803,110.9647,China,CN,CHN,Shanxi,Shanxi,CN-SX,,,18.6,,,4,Asia/Shanghai,FALSE,1156023927
Zhongliaoxi,Zhongliaoxi,,37.5875,112.5520,China,CN,CHN,Shanxi,Shanxi,CN-SX,,,605.2,,,3,Asia/Shanghai,FALSE,1156223424
Qinggucun,Qinggucun,,35.2875,110.6149,China,CN,CHN,Shanxi,Shanxi,CN-SX,,,487.7,,,3,Asia/Shanghai,FALSE,1156178190
Xiazhaigou,Xiazhaigou,,33.2768,111.3572,China,CN,CHN,Henan,Henan,CN-HA,,,168.8,,,4,Asia/Shanghai,FALSE,1156663058
Ruihao,Ruihao,,28.6100,107.4317,China,CN,CHN,Guizhou,Guizhou,CN-GZ,,,480.4,,,3,Asia/Shanghai,FALSE,1156698775
Mantouzhucun,Mantouzhucun,Man-t’ou-chu|Mantouzhu,28.0392,120.5289,China,CN,CHN,Zhejiang,Zhejiang,CN-ZJ,,,3026.0,,,2,Asia/Shanghai,FALSE,1156148432
Chenxingzhai,Chenxingzhai,,32.0790,114.8030,China,CN,CHN,Henan,Henan,CN-HA,,,85.0,,,4,Asia/Shanghai,FALSE,1156080901
Chijinzi,Chijinzi,,38.4074,102.4010,China,CN,CHN,Gansu,Gansu,CN-GS,,,38.6,,,4,Asia/Shanghai,FALSE,1156646200
Xuancunling,Xuancunling,,23.2434,113.8712,China,CN,CHN,Guangdong,Guangdong,CN-GD,,,1498.0,,,3,Asia/Shanghai,FALSE,1156168492
Maishui,Maishui,,22.8199,112.9206,China,CN,CHN,Guangdong,Guangdong,CN-GD,,,1151.8,,,3,Asia/Shanghai,FALSE,1156727249
Yazishan,Yazishan,,22.8954,114.7314,China,CN,CHN,Guangdong,Guangdong,CN-GD,,,418.5,,,3,Asia/Shanghai,FALSE,1156679286
Dayantouzhai,Dayantouzhai,,25.4678,104.3710,China,CN,CHN,Yunnan,Yunnan,CN-YN,,,398.2,,,3,Asia/Shanghai,FALSE,1156086490
Liujiajiao,Liujiajiao,,32.0654,105.5971,China,CN,CHN,Sichuan,Sichuan,CN-SC,,,79.7,,,4,Asia/Shanghai,FALSE,1156269226
Liujiajiao,Liujiajiao,,31.8994,106.1944,China,CN,CHN,Sichuan,Sichuan,CN-SC,,,76.3,,,4,Asia/Shanghai,TRUE,1156489486
Xibangcun,Xibangcun,,30.7121,120.5313,China,CN,CHN,Zhejiang,Zhejiang,CN-ZJ,,,367.8,,,3,Asia/Shanghai,FALSE,1156378589
Beiwang Guantuancun,Beiwang Guantuancun,,35.1670,118.0825,China,CN,CHN,Shandong,Shandong,CN-SD,,,601.7,,,3,Asia/Shanghai,FALSE,1156513697
Ludiqiao,Ludiqiao,,24.8734,110.6990,China,CN,CHN,Guangxi,Guangxi,CN-GX,,,172.3,,,4,Asia/Shanghai,FALSE,1156708740
Guojiangdong,Guojiangdong,,42.5024,129.3961,China,CN,CHN,Jilin,Jilin,CN-JL,,,4.5,,,5,Asia/Shanghai,FALSE,1156234968
Zhangdu,Zhangdu,,23.2553,115.8939,China,CN,CHN,Guangdong,Guangdong,CN-GD,,,218.3,,,3,Asia/Shanghai,FALSE,1156184404
Qiyegucun,Qiyegucun,,46.1962,129.0317,China,CN,CHN,Heilongjiang,Heilongjiang,CN-HL,,,34.3,,,4,Asia/Shanghai,FALSE,1156327571
Caojiawu,Caojiawu,,29.8855,118.9468,China,CN,CHN,Zhejiang,Zhejiang,CN-ZJ,,,43.6,,,4,Asia/Shanghai,FALSE,1156569695
Tianshiyan,Tianshiyan,,32.4651,113.6933,China,CN,CHN,Henan,Henan,CN-HA,,,217.2,,,3,Asia/Shanghai,FALSE,1156328087
Xinzengcun,Xinzengcun,,28.9700,116.0142,China,CN,CHN,Jiangxi,Jiangxi,CN-JX,,,290.5,,,3,Asia/Shanghai,FALSE,1156074025
Sangdengcun,Sangdengcun,,29.8530,95.7661,China,CN,CHN,Tibet,Tibet,CN-XZ,,,12.7,,,4,Asia/Shanghai,FALSE,1156055257
Baifenzhai,Baifenzhai,,24.1087,98.9361,China,CN,CHN,Yunnan,Yunnan,CN-YN,,,67.8,,,4,Asia/Shanghai,FALSE,1156850406
Luoguoping,Luoguoping,,29.4648,102.7831,China,CN,CHN,Sichuan,Sichuan,CN-SC,,,31.0,,,4,Asia/Shanghai,FALSE,1156928012
Luoguoping,Luoguoping,,32.6178,104.5080,China,CN,CHN,Sichuan,Sichuan,CN-SC,,,6.7,,,5,Asia/Shanghai,TRUE,1156006891
Lüjiadiancun,Lujiadiancun,,44.0295,124.6697,China,CN,CHN,Jilin,Jilin,CN-JL,,,178.6,,,4,Asia/Shanghai,FALSE,1156577445
Shiwukeng,Shiwukeng,,29.6999,114.5773,China,CN,CHN,Hubei,Hubei,CN-HB,,,115.1,,,4,Asia/Shanghai,FALSE,1156722221
Dalisuo,Dalisuo,,22.6667,99.4333,China,CN,CHN,Yunnan,Yunnan,CN-YN,,,63.3,,,4,Asia/Shanghai,FALSE,1156201750
Guanghong,Guanghong,,19.7980,109.4720,China,CN,CHN,Hainan,Hainan,CN-HI,,,191.4,,,4,Asia/Shanghai,FALSE,1156631999
Qiubusu,Qiubusu,,29.6312,94.6289,China,CN,CHN,Tibet,Tibet,CN-XZ,,,5.0,,,5,Asia/Shanghai,FALSE,1156010971
Suixinzhuangcun,Suixinzhuangcun,,39.3614,116.3446,China,CN,CHN,Hebei,Hebei,CN-HE,,,385.1,,,3,Asia/Shanghai,FALSE,1156446835
Xiaoliujin,Xiaoliujin,,38.4596,116.7970,China,CN,CHN,Hebei,Hebei,CN-HE,,,442.9,,,3,Asia/Shanghai,FALSE,1156287354
Hudaikou,Hudaikou,,28.4764,118.7712,China,CN,CHN,Zhejiang,Zhejiang,CN-ZJ,,,20.1,,,4,Asia/Shanghai,FALSE,1156891900
Ya’ake Qilikecun,Ya'ake Qilikecun,,37.0920,79.7107,China,CN,CHN,Xinjiang,Xinjiang,CN-XJ,,,496.0,,,3,Asia/Shanghai,FALSE,1156357818
Hongshengcun,Hongshengcun,,42.6430,123.7756,China,CN,CHN,Liaoning,Liaoning,CN-LN,,,164.4,,,4,Asia/Shanghai,FALSE,1156418198
Hongshengcun,Hongshengcun,,40.1301,124.3300,China,CN,CHN,Liaoning,Liaoning,CN-LN,,,150.0,,,4,Asia/Shanghai,TRUE,1156354194
Hongshengcun,Hongshengcun,,41.4962,125.3712,China,CN,CHN,Liaoning,Liaoning,CN-LN,,,114.8,,,4,Asia/Shanghai,TRUE,1156707993
Hongshengcun,Hongshengcun,,41.7061,125.1371,China,CN,CHN,Liaoning,Liaoning,CN-LN,,,37.4,,,4,Asia/Shanghai,TRUE,1156395244
Gongqingtuan Nongchang,Gongqingtuan Nongchang,,32.2680,119.5510,China,CN,CHN,Jiangsu,Jiangsu,CN-JS,,,40.6,,,4,Asia/Shanghai,FALSE,1156193572
Juemuxiren,Juemuxiren,,29.6442,94.2524,China,CN,CHN,Tibet,Tibet,CN-XZ,,,100.4,,,4,Asia/Shanghai,FALSE,1156013036
Junchuan Shiwudui,Junchuan Shiwudui,,47.4489,131.3857,China,CN,CHN,Heilongjiang,Heilongjiang,CN-HL,,,13.8,,,4,Asia/Shanghai,FALSE,1156099543
Gujiaodi,Gujiaodi,,27.1405,111.1632,China,CN,CHN,Hunan,Hunan,CN-HN,,,341.1,,,3,Asia/Shanghai,FALSE,1156815526
Housishiliu,Housishiliu,,44.4316,123.2917,China,CN,CHN,Jilin,Jilin,CN-JL,,,70.0,,,4,Asia/Shanghai,FALSE,1156541909
Liujiawo,Liujiawo,,33.2618,107.1261,China,CN,CHN,Shaanxi,Shaanxi,CN-SN,,,172.4,,,4,Asia/Shanghai,FALSE,1156181444
Mafengyiyuan,Mafengyiyuan,,23.9013,102.2420,China,CN,CHN,Yunnan,Yunnan,CN-YN,,,56.9,,,4,Asia/Shanghai,FALSE,1156631971
Chang’erzhai,Chang'erzhai,,36.5832,114.7890,China,CN,CHN,Hebei,Hebei,CN-HE,,,1105.6,,,3,Asia/Shanghai,FALSE,1156280921
Shizhuanba,Shizhuanba,,28.9026,108.5422,China,CN,CHN,Chongqing,Chongqing,CN-CQ,,,77.9,,,4,Asia/Shanghai,FALSE,1156441327
Tongzhuang,Tongzhuang,,31.5917,116.7667,China,CN,CHN,Anhui,Anhui,CN-AH,,,318.2,,,3,Asia/Shanghai,FALSE,1156101063
Tongzhuang,Tongzhuang,,32.5471,119.0712,China,CN,CHN,Anhui,Anhui,CN-AH,,,233.5,,,3,Asia/Shanghai,TRUE,1156277688
Changchungou,Changchungou,,41.3569,120.9990,China,CN,CHN,Liaoning,Liaoning,CN-LN,,,65.3,,,4,Asia/Shanghai,FALSE,1156351209
Anxin,Anxin,Anxinguan,26.6071,110.6461,China,CN,CHN,Hunan,Hunan,CN-HN,,,400.4,,,3,Asia/Shanghai,FALSE,1156596883
Dongling Erdui,Dongling Erdui,,44.4821,126.5497,China,CN,CHN,Jilin,Jilin,CN-JL,,,234.5,,,3,Asia/Shanghai,FALSE,1156290505
Qianlidiancun,Qianlidiancun,,35.0912,117.0362,China,CN,CHN,Shandong,Shandong,CN-SD,,,1390.1,,,3,Asia/Shanghai,FALSE,1156040954
Hexing,Hexing,,29.6389,120.1204,China,CN,CHN,Zhejiang,Zhejiang,CN-ZJ,,,921.5,,,3,Asia/Shanghai,FALSE,1156050449
Hexing,Hexing,,29.1344,120.3689,China,CN,CHN,Zhejiang,Zhejiang,CN-ZJ,,,370.7,,,3,Asia/Shanghai,TRUE,1156236190
Hexing,Hexing,,29.4392,120.8766,China,CN,CHN,Zhejiang,Zhejiang,CN-ZJ,,,134.7,,,4,Asia/Shanghai,TRUE,1156093664
Pailoudi,Pailoudi,,28.4878,117.2224,China,CN,CHN,Jiangxi,Jiangxi,CN-JX,,,277.4,,,3,Asia/Shanghai,FALSE,1156223439
Pailoudi,Pailoudi,,28.8034,115.1382,China,CN,CHN,Jiangxi,Jiangxi,CN-JX,,,82.6,,,4,Asia/Shanghai,TRUE,1156248736
Pailoudi,Pailoudi,,29.4314,118.1007,China,CN,CHN,Jiangxi,Jiangxi,CN-JX,,,52.7,,,4,Asia/Shanghai,TRUE,1156529600
Fengjiamen,Fengjiamen,,29.4904,113.9477,China,CN,CHN,Hubei,Hubei,CN-HB,,,146.1,,,4,Asia/Shanghai,FALSE,1156265113
Panjiacun,Panjiacun,,40.2509,120.3299,China,CN,CHN,Liaoning,Liaoning,CN-LN,,,354.7,,,3,Asia/Shanghai,FALSE,1156421699
Panjiacun,Panjiacun,Panjiatun,39.2872,122.1280,China,CN,CHN,Liaoning,Liaoning,CN-LN,,,315.4,,,3,Asia/Shanghai,TRUE,1156417379
Panjiacun,Panjiacun,,41.2042,122.4755,China,CN,CHN,Liaoning,Liaoning,CN-LN,,,243.3,,,3,Asia/Shanghai,TRUE,1156041274
Panjiacun,Panjiacun,,39.9777,122.8090,China,CN,CHN,Liaoning,Liaoning,CN-LN,,,199.4,,,4,Asia/Shanghai,TRUE,1156335770
Panjiacun,Panjiacun,,40.0315,123.7620,China,CN,CHN,Liaoning,Liaoning,CN-LN,,,191.1,,,4,Asia/Shanghai,TRUE,1156336997
Panjiacun,Panjiacun,,40.8957,124.4286,China,CN,CHN,Liaoning,Liaoning,CN-LN,,,42.8,,,4,Asia/Shanghai,TRUE,1156394532
Mianpu,Mianpu,,30.9983,115.6450,China,CN,CHN,Hubei,Hubei,CN-HB,,,81.8,,,4,Asia/Shanghai,FALSE,1156875621
Niujiaotian,Niujiaotian,,22.1519,109.0650,China,CN,CHN,Guangxi,Guangxi,CN-GX,,,187.0,,,4,Asia/Shanghai,FALSE,1156505251
Xiaoshanqiancun,Xiaoshanqiancun,,35.0985,118.1952,China,CN,CHN,Shandong,Shandong,CN-SD,,,508.3,,,3,Asia/Shanghai,FALSE,1156577337
Niujiaotian,Niujiaotian,,26.0328,107.4060,China,CN,CHN,Guizhou,Guizhou,CN-GZ,,,73.9,,,4,Asia/Shanghai,FALSE,1156112418
Mianpu,Mianpu,,27.7496,111.1753,China,CN,CHN,Hunan,Hunan,CN-HN,,,574.9,,,3,Asia/Shanghai,FALSE,1156449130
Gaoluoshancun,Gaoluoshancun,,37.0210,122.3582,China,CN,CHN,Shandong,Shandong,CN-SD,,,341.4,,,3,Asia/Shanghai,FALSE,1156433643
Anlezhao,Anlezhao,,25.8184,102.4580,China,CN,CHN,Yunnan,Yunnan,CN-YN,,,44.9,,,4,Asia/Shanghai,FALSE,1156148008
Wangjiaxue,Wangjiaxue,,32.7506,110.7422,China,CN,CHN,Hubei,Hubei,CN-HB,,,355.1,,,3,Asia/Shanghai,FALSE,1156814347
Wangjiaxue,Wangjiaxue,,30.6086,115.0345,China,CN,CHN,Hubei,Hubei,CN-HB,,,174.3,,,4,Asia/Shanghai,TRUE,1156916121
Yukakeda Walieke,Yukakeda Walieke,,39.0217,76.4747,China,CN,CHN,Xinjiang,Xinjiang,CN-XJ,,,102.7,,,4,Asia/Shanghai,FALSE,1156166015
Bingbei,Bingbei,,32.2749,121.2744,China,CN,CHN,Jiangsu,Jiangsu,CN-JS,,,325.5,,,3,Asia/Shanghai,FALSE,1156197300
Huanglatuo Beicun,Huanglatuo Beicun,,41.5092,122.9536,China,CN,CHN,Liaoning,Liaoning,CN-LN,,,603.6,,,3,Asia/Shanghai,FALSE,1156043197
Heping,Heping,,36.0080,106.2715,China,CN,CHN,Ningxia,Ningxia,CN-NX,,,1578.1,,,3,Asia/Shanghai,FALSE,1156921192
Luchubai,Luchubai,,25.6244,102.1810,China,CN,CHN,Yunnan,Yunnan,CN-YN,,,109.3,,,4,Asia/Shanghai,FALSE,1156211243
Xiaojukou,Xiaojukou,,24.8733,114.9067,China,CN,CHN,Jiangxi,Jiangxi,CN-JX,,,241.6,,,3,Asia/Shanghai,FALSE,1156579135
Shaojiahucun,Shaojiahucun,,35.6066,118.3673,China,CN,CHN,Shandong,Shandong,CN-SD,,,383.8,,,3,Asia/Shanghai,FALSE,1156547496
Bujia,Bujia,,32.0069,119.4600,China,CN,CHN,Jiangsu,Jiangsu,CN-JS,,,546.5,,,3,Asia/Shanghai,FALSE,1156863648
Heping,Heping,Heping Jiedao|Wulanhaote Shi|Ulanhot Shi,46.0863,122.0771,China,CN,CHN,Inner Mongolia,Inner Mongolia,CN-NM,,minor,9428.5,,,2,Asia/Shanghai,FALSE,1156184741
Heping,Heping,,47.6859,122.7887,China,CN,CHN,Inner Mongolia,Inner Mongolia,CN-NM,,,37.9,,,4,Asia/Shanghai,TRUE,1156884744
Heping,Heping,,40.0752,111.7962,China,CN,CHN,Inner Mongolia,Inner Mongolia,CN-NM,,,31.3,,,4,Asia/Shanghai,TRUE,1156361621
Sangxigou,Sangxigou,Sangxi|Sang-hsi|Sang-hsi-p’u,33.1947,108.0142,China,CN,CHN,Shaanxi,Shaanxi,CN-SN,,,36.4,,,4,Asia/Shanghai,FALSE,1156968739
Qiaotou,Qiaotou,,31.2757,118.7370,China,CN,CHN,Anhui,Anhui,CN-AH,,,511.4,,,3,Asia/Shanghai,FALSE,1156414230
Qiaotou,Qiaotou,,31.5541,118.3639,China,CN,CHN,Anhui,Anhui,CN-AH,,,380.1,,,3,Asia/Shanghai,TRUE,1156177202
Qiaotou,Qiaotou,,31.8153,118.3232,China,CN,CHN,Anhui,Anhui,CN-AH,,,262.0,,,3,Asia/Shanghai,TRUE,1156912653
Qiaotou,Qiaotou,,29.9652,118.6768,China,CN,CHN,Anhui,Anhui,CN-AH,,,230.7,,,3,Asia/Shanghai,TRUE,1156106613
Qiaotou,Qiaotou,,30.9417,118.5833,China,CN,CHN,Anhui,Anhui,CN-AH,,,159.2,,,4,Asia/Shanghai,TRUE,1156755020
Qiaotou,Qiaotou,Qiaotouzhen|Ch’iao-t’ou-chen|Ch’iao-t’ou,30.8156,119.2150,China,CN,CHN,Anhui,Anhui,CN-AH,,,119.9,,,4,Asia/Shanghai,TRUE,1156755239
Qiaotou,Qiaotou,,30.7000,118.1333,China,CN,CHN,Anhui,Anhui,CN-AH,,,106.5,,,4,Asia/Shanghai,TRUE,1156087178
Qiaotou,Qiaotou,,30.5667,119.1583,China,CN,CHN,Anhui,Anhui,CN-AH,,,73.5,,,4,Asia/Shanghai,TRUE,1156611560
Qiaotou,Qiaotou,,31.3500,115.7333,China,CN,CHN,Anhui,Anhui,CN-AH,,,64.8,,,4,Asia/Shanghai,TRUE,1156939144
Rixintang,Rixintang,,27.8422,112.6083,China,CN,CHN,Hunan,Hunan,CN-HN,,,413.8,,,3,Asia/Shanghai,FALSE,1156340092
Paishao,Paishao,,25.9050,108.1440,China,CN,CHN,Guizhou,Guizhou,CN-GZ,,,43.6,,,4,Asia/Shanghai,FALSE,1156465236
Paishao,Paishao,,25.9570,107.9820,China,CN,CHN,Guizhou,Guizhou,CN-GZ,,,27.8,,,4,Asia/Shanghai,TRUE,1156089956
Litulou,Litulou,,33.9972,116.4600,China,CN,CHN,Henan,Henan,CN-HA,,,2019.9,,,2,Asia/Shanghai,FALSE,1156160086
Huaizigoucun,Huaizigoucun,Xihuaizigou,40.8189,122.3063,China,CN,CHN,Liaoning,Liaoning,CN-LN,,,284.1,,,3,Asia/Shanghai,FALSE,1156352128
Chinqêntê,Chinqente,Zhenqindi,32.2050,92.2050,China,CN,CHN,Tibet,Tibet,CN-XZ,,,0.6,,,5,Asia/Shanghai,FALSE,1156594155
Kogbo,Kogbo,,32.6333,101.5000,China,CN,CHN,Sichuan,Sichuan,CN-SC,,,3.5,,,5,Asia/Shanghai,FALSE,1156469884
Shangxiankou,Shangxiankou,,35.0334,104.4550,China,CN,CHN,Gansu,Gansu,CN-GS,,,586.7,,,3,Asia/Shanghai,FALSE,1156178176
Yueshanjiao,Yueshanjiao,,28.1636,117.8463,China,CN,CHN,Jiangxi,Jiangxi,CN-JX,,,185.2,,,4,Asia/Shanghai,FALSE,1156810349
Yaoba Jiazi,Yaoba Jiazi,,44.0399,125.4935,China,CN,CHN,Jilin,Jilin,CN-JL,,,232.6,,,3,Asia/Shanghai,FALSE,1156075334
Xinmengkoucun,Xinmengkoucun,,37.2239,117.6411,China,CN,CHN,Shandong,Shandong,CN-SD,,,484.6,,,3,Asia/Shanghai,FALSE,1156495879
Qiaochong,Qiaochong,,27.8171,109.1690,China,CN,CHN,Guizhou,Guizhou,CN-GZ,,,130.1,,,4,Asia/Shanghai,FALSE,1156566977
Qiaochong,Qiaochong,,26.3090,107.0610,China,CN,CHN,Guizhou,Guizhou,CN-GZ,,,55.3,,,4,Asia/Shanghai,TRUE,1156196405
Hongqicun,Hongqicun,,35.6087,116.2530,China,CN,CHN,Shandong,Shandong,CN-SD,,,786.8,,,3,Asia/Shanghai,FALSE,1156548980
Hongqicun,Hongqicun,,35.4553,115.6085,China,CN,CHN,Shandong,Shandong,CN-SD,,,776.4,,,3,Asia/Shanghai,TRUE,1156614087
Hongqicun,Hongqicun,,35.8466,117.1164,China,CN,CHN,Shandong,Shandong,CN-SD,,,682.2,,,3,Asia/Shanghai,TRUE,1156466316
Hongqicun,Hongqicun,,36.0498,117.4537,China,CN,CHN,Shandong,Shandong,CN-SD,,,630.8,,,3,Asia/Shanghai,TRUE,1156548984
Hongqicun,Hongqicun,,35.5853,119.5831,China,CN,CHN,Shandong,Shandong,CN-SD,,,596.6,,,3,Asia/Shanghai,TRUE,1156548989
Hongqicun,Hongqicun,,35.3835,117.7201,China,CN,CHN,Shandong,Shandong,CN-SD,,,511.1,,,3,Asia/Shanghai,TRUE,1156548990
Hongqicun,Hongqicun,,36.4449,117.0966,China,CN,CHN,Shandong,Shandong,CN-SD,,,441.8,,,3,Asia/Shanghai,TRUE,1156548982
Hongqicun,Hongqicun,,36.2035,115.9500,China,CN,CHN,Shandong,Shandong,CN-SD,,,287.4,,,3,Asia/Shanghai,TRUE,1156915930
Hongqicun,Hongqicun,,36.7827,120.4902,China,CN,CHN,Shandong,Shandong,CN-SD,,,265.8,,,3,Asia/Shanghai,TRUE,1156548983
Chhaharekharka,Chhaharekharka,,28.2940,85.2572,China,CN,CHN,Tibet,Tibet,CN-XZ,autonomous region,,11.5,,,4,Asia/Kathmandu,FALSE,1156218949
Magufeng,Magufeng,,23.2581,114.0532,China,CN,CHN,Guangdong,Guangdong,CN-GD,,,377.6,,,3,Asia/Shanghai,FALSE,1156583679
Xiaotan,Xiaotan,,38.1795,109.5795,China,CN,CHN,Shaanxi,Shaanxi,CN-SN,,,717.5,,,3,Asia/Shanghai,FALSE,1156850247
Xiaotan,Xiaotan,,38.6346,109.7329,China,CN,CHN,Shaanxi,Shaanxi,CN-SN,,,28.9,,,4,Asia/Shanghai,TRUE,1156679591
Xiqên,Xiqen,Wenquan Qu|Xiqin,29.0010,87.7010,China,CN,CHN,Tibet,Tibet,CN-XZ,,,15.1,,,4,Asia/Shanghai,FALSE,1156522948
Shengshui Dongbeicun,Shengshui Dongbeicun,Shengshui,35.7146,119.6347,China,CN,CHN,Shandong,Shandong,CN-SD,,,244.3,,,3,Asia/Shanghai,FALSE,1156210076
Hongqicun,Hongqicun,,33.6269,109.0578,China,CN,CHN,Shaanxi,Shaanxi,CN-SN,,,140.7,,,4,Asia/Shanghai,FALSE,1156774156
Hongqicun,Hongqicun,,33.7965,108.1312,China,CN,CHN,Shaanxi,Shaanxi,CN-SN,,,7.6,,,5,Asia/Shanghai,TRUE,1156168900
Hongqicun,Hongqicun,,31.1297,121.4975,China,CN,CHN,Shanghai,Shanghai,CN-SH,,,15078.8,,,2,Asia/Shanghai,FALSE,1156543385
Hongqicun,Hongqicun,,31.1496,121.7682,China,CN,CHN,Shanghai,Shanghai,CN-SH,,,4546.3,,,2,Asia/Shanghai,TRUE,1156543387
Hongqicun,Hongqicun,,30.9441,121.6282,China,CN,CHN,Shanghai,Shanghai,CN-SH,,,2334.4,,,2,Asia/Shanghai,TRUE,1156543388
Hongqicun,Hongqicun,,31.2326,121.0848,China,CN,CHN,Shanghai,Shanghai,CN-SH,,,1501.4,,,3,Asia/Shanghai,TRUE,1156543383
Hongqicun,Hongqicun,,31.3210,121.8353,China,CN,CHN,Shanghai,Shanghai,CN-SH,,,678.1,,,3,Asia/Shanghai,TRUE,1156543386
Chaore,Chaore,,29.7475,98.4133,China,CN,CHN,Tibet,Tibet,CN-XZ,,,7.5,,,5,Asia/Shanghai,FALSE,1156567953
Gao’an,Gao'an,,28.1709,113.2172,China,CN,CHN,Hunan,Hunan,CN-HN,,,352.6,,,3,Asia/Shanghai,FALSE,1156897217
Anjia Huwo,Anjia Huwo,,39.6195,99.4381,China,CN,CHN,Gansu,Gansu,CN-GS,,,1.0,,,5,Asia/Shanghai,FALSE,1156178160
Gao’an,Gao'an,,32.0488,109.8329,China,CN,CHN,Hubei,Hubei,CN-HB,,,32.4,,,4,Asia/Shanghai,FALSE,1156747516
Hulinkou,Hulinkou,,25.0638,117.8244,China,CN,CHN,Fujian,Fujian,CN-FJ,,,64.7,,,4,Asia/Shanghai,FALSE,1156025004
Liubadoucun,Liubadoucun,,40.6219,120.6723,China,CN,CHN,Liaoning,Liaoning,CN-LN,,,1500.4,,,3,Asia/Shanghai,FALSE,1156420167
Jiejiayucun,Jiejiayucun,,37.3856,110.8241,China,CN,CHN,Shanxi,Shanxi,CN-SX,,,541.3,,,3,Asia/Shanghai,FALSE,1156713165
Wuzuoloucun,Wuzuoloucun,,33.4342,116.3330,China,CN,CHN,Anhui,Anhui,CN-AH,,,302.1,,,3,Asia/Shanghai,FALSE,1156451517
Zhuashi,Zhuashi,,27.9040,116.1073,China,CN,CHN,Jiangxi,Jiangxi,CN-JX,,,224.1,,,3,Asia/Shanghai,FALSE,1156160786
Huyingcun,Huyingcun,,33.7136,113.0082,China,CN,CHN,Henan,Henan,CN-HA,,,640.5,,,3,Asia/Shanghai,FALSE,1156145408
Houxiao,Houxiao,,34.2096,114.1604,China,CN,CHN,Henan,Henan,CN-HA,,,554.9,,,3,Asia/Shanghai,FALSE,1156996996
Puyuhe,Puyuhe,,33.4355,110.8067,China,CN,CHN,Shaanxi,Shaanxi,CN-SN,,,42.4,,,4,Asia/Shanghai,FALSE,1156298437
Laobai,Laobai,,29.5721,104.1850,China,CN,CHN,Sichuan,Sichuan,CN-SC,,,367.2,,,3,Asia/Shanghai,FALSE,1156801652
Shiban Lingjiao,Shiban Lingjiao,,27.7175,120.3583,China,CN,CHN,Zhejiang,Zhejiang,CN-ZJ,,,376.8,,,3,Asia/Shanghai,FALSE,1156418211
Yangxucun,Yangxucun,,34.2727,119.3583,China,CN,CHN,Jiangsu,Jiangsu,CN-JS,,,672.0,,,3,Asia/Shanghai,FALSE,1156286600
Yangxucun,Yangxucun,Yangxu,33.2823,120.0903,China,CN,CHN,Jiangsu,Jiangsu,CN-JS,,,591.8,,,3,Asia/Shanghai,TRUE,1156283111
Yangxucun,Yangxucun,,34.2317,119.4481,China,CN,CHN,Jiangsu,Jiangsu,CN-JS,,,566.8,,,3,Asia/Shanghai,TRUE,1156286309
Yangxucun,Yangxucun,,33.8183,118.1301,China,CN,CHN,Jiangsu,Jiangsu,CN-JS,,,449.3,,,3,Asia/Shanghai,TRUE,1156298874
Yangxucun,Yangxucun,,33.8077,118.6279,China,CN,CHN,Jiangsu,Jiangsu,CN-JS,,,353.2,,,3,Asia/Shanghai,TRUE,1156294339
Yangxucun,Yangxucun,,34.5633,118.6891,China,CN,CHN,Jiangsu,Jiangsu,CN-JS,,,177.6,,,4,Asia/Shanghai,TRUE,1156297397
Zhaoqiangwan,Zhaoqiangwan,,31.8208,113.6539,China,CN,CHN,Hubei,Hubei,CN-HB,,,89.4,,,4,Asia/Shanghai,FALSE,1156750251
Bummai,Bummai,Benmai,29.5000,98.9000,China,CN,CHN,Tibet,Tibet,CN-XZ,,,4.5,,,5,Asia/Shanghai,FALSE,1156078411
Luojiaqiu,Luojiaqiu,,26.2318,116.0069,China,CN,CHN,Jiangxi,Jiangxi,CN-JX,,,308.2,,,3,Asia/Shanghai,FALSE,1156192207
Beiwangjialing,Beiwangjialing,,34.8705,112.3999,China,CN,CHN,Henan,Henan,CN-HA,,,347.4,,,3,Asia/Shanghai,FALSE,1156208013
Jiaojiepai,Jiaojiepai,,41.6724,127.0852,China,CN,CHN,Jilin,Jilin,CN-JL,,,22.3,,,4,Asia/Shanghai,FALSE,1156191484
Shayang,Shayang,,29.2381,121.2531,China,CN,CHN,Zhejiang,Zhejiang,CN-ZJ,,,96.5,,,4,Asia/Shanghai,FALSE,1156786023
Gouli,Gouli,,25.9285,118.8144,China,CN,CHN,Fujian,Fujian,CN-FJ,,,231.4,,,3,Asia/Shanghai,FALSE,1156497359
Sanduotun,Sanduotun,Sanduo,22.2371,107.6873,China,CN,CHN,Guangxi,Guangxi,CN-GX,,,110.0,,,4,Asia/Shanghai,FALSE,1156115557
Xizijing,Xizijing,,44.8701,124.3469,China,CN,CHN,Jilin,Jilin,CN-JL,,,67.5,,,4,Asia/Shanghai,FALSE,1156036773
Bawujiu Changzhi Shequ,Bawujiu Changzhi Shequ,,47.4269,134.0507,China,CN,CHN,Heilongjiang,Heilongjiang,CN-HL,,,37.4,,,4,Asia/Shanghai,FALSE,1156473237
Wutamucun,Wutamucun,,38.6867,87.3615,China,CN,CHN,Xinjiang,Xinjiang,CN-XJ,,,1.3,,,5,Asia/Shanghai,FALSE,1156289545
Laogezhuang,Laogezhuang,,38.7691,116.3320,China,CN,CHN,Hebei,Hebei,CN-HE,,,708.5,,,3,Asia/Shanghai,FALSE,1156067640
Baimangba,Baimangba,,24.9284,114.8081,China,CN,CHN,Jiangxi,Jiangxi,CN-JX,,,2856.4,,,2,Asia/Shanghai,FALSE,1156574375
Yangxi Shequ,Yangxi Shequ,,26.6371,118.1600,China,CN,CHN,Fujian,Fujian,CN-FJ,,,4768.6,,,2,Asia/Shanghai,FALSE,1156018542
Yonghongqiao,Yonghongqiao,,31.4670,104.6220,China,CN,CHN,Sichuan,Sichuan,CN-SC,,,1239.9,,,3,Asia/Shanghai,FALSE,1156346205
Tanjiacao,Tanjiacao,,30.7077,110.7206,China,CN,CHN,Hubei,Hubei,CN-HB,,,59.2,,,4,Asia/Shanghai,FALSE,1156722800
Baohushan,Baohushan,,36.3040,120.5257,China,CN,CHN,Shandong,Shandong,CN-SD,,,146.0,,,4,Asia/Shanghai,FALSE,1156282573
Yuguanyingcun,Yuguanyingcun,,34.2882,107.6612,China,CN,CHN,Shaanxi,Shaanxi,CN-SN,,,572.6,,,3,Asia/Shanghai,FALSE,1156002012
Duimengoucun,Duimengoucun,,38.9731,121.3886,China,CN,CHN,Liaoning,Liaoning,CN-LN,,,553.6,,,3,Asia/Shanghai,FALSE,1156418760
Weijiagou,Weijiagou,,34.5441,111.1775,China,CN,CHN,Henan,Henan,CN-HA,,,184.9,,,4,Asia/Shanghai,FALSE,1156455782
Weijiagou,Weijiagou,,33.8406,111.2456,China,CN,CHN,Henan,Henan,CN-HA,,,50.8,,,4,Asia/Shanghai,TRUE,1156223073
Yong’anbu,Yong'anbu,Yung-an-pao|Yung-an-p’u,40.5333,116.5000,China,CN,CHN,Beijing,Beijing,CN-BJ,,,72.8,,,4,Asia/Shanghai,FALSE,1156739869
Liubaibucun,Liubaibucun,,37.6490,118.5386,China,CN,CHN,Shandong,Shandong,CN-SD,,,202.2,,,3,Asia/Shanghai,FALSE,1156442322
Dapo,Dapo,,25.7503,116.4588,China,CN,CHN,Fujian,Fujian,CN-FJ,,,174.5,,,4,Asia/Shanghai,FALSE,1156455289
Diyingou Goukou,Diyingou Goukou,,43.5321,130.3732,China,CN,CHN,Jilin,Jilin,CN-JL,,,11.3,,,4,Asia/Shanghai,FALSE,1156010717
Zhongxin,Zhongxin,,28.7625,118.5486,China,CN,CHN,Zhejiang,Zhejiang,CN-ZJ,,,1704.9,,,3,Asia/Shanghai,FALSE,1156858356
Zhongxin,Zhongxin,,30.2225,120.5944,China,CN,CHN,Zhejiang,Zhejiang,CN-ZJ,,,949.7,,,3,Asia/Shanghai,TRUE,1156414155
Zhongxin,Zhongxin,,29.1274,120.2818,China,CN,CHN,Zhejiang,Zhejiang,CN-ZJ,,,826.5,,,3,Asia/Shanghai,TRUE,1156564552
Laogongshan,Laogongshan,,29.4683,103.3015,China,CN,CHN,Sichuan,Sichuan,CN-SC,,,117.3,,,4,Asia/Shanghai,FALSE,1156074762
Taoyuan Jiqian Xijiecun,Taoyuan Jiqian Xijiecun,,35.0084,115.2354,China,CN,CHN,Shandong,Shandong,CN-SD,,,1233.2,,,3,Asia/Shanghai,FALSE,1156435178
Shengli Wopu,Shengli Wopu,Shaojiayao Erdui Wopeng,44.5825,122.1590,China,CN,CHN,Jilin,Jilin,CN-JL,,,23.7,,,4,Asia/Shanghai,FALSE,1156319391
Handabocun,Handabocun,,37.5856,117.4717,China,CN,CHN,Shandong,Shandong,CN-SD,,,546.2,,,3,Asia/Shanghai,FALSE,1156515297
Sanyuankou,Sanyuankou,,31.1667,118.1750,China,CN,CHN,Anhui,Anhui,CN-AH,,,328.6,,,3,Asia/Shanghai,FALSE,1156988985
Baijia’ao,Baijia'ao,,28.8394,104.5560,China,CN,CHN,Sichuan,Sichuan,CN-SC,,,257.7,,,3,Asia/Shanghai,FALSE,1156092221
Erlangqiao,Erlangqiao,,31.0066,107.6260,China,CN,CHN,Sichuan,Sichuan,CN-SC,,,376.8,,,3,Asia/Shanghai,FALSE,1156091014
Zhoufuxia,Zhoufuxia,,24.1181,106.8150,China,CN,CHN,Guangxi,Guangxi,CN-GX,,,80.1,,,4,Asia/Shanghai,FALSE,1156357598
Xiediancun,Xiediancun,,33.3453,116.8373,China,CN,CHN,Anhui,Anhui,CN-AH,,,434.3,,,3,Asia/Shanghai,FALSE,1156288182
Xiediancun,Xiediancun,Hsieh-tien-tzu|Xiedian,32.2378,115.9819,China,CN,CHN,Anhui,Anhui,CN-AH,,,273.1,,,3,Asia/Shanghai,TRUE,1156970622
Xiediancun,Xiediancun,,32.6825,117.5226,China,CN,CHN,Anhui,Anhui,CN-AH,,,163.3,,,4,Asia/Shanghai,TRUE,1156129690
Menggang,Menggang,,24.6684,98.0480,China,CN,CHN,Yunnan,Yunnan,CN-YN,,,235.0,,,3,Asia/Shanghai,FALSE,1156070186
Menggang,Menggang,,21.6171,101.2920,China,CN,CHN,Yunnan,Yunnan,CN-YN,province,,89.0,,,4,Asia/Shanghai,TRUE,1156071049
Menggang,Menggang,,21.3589,101.3090,China,CN,CHN,Yunnan,Yunnan,CN-YN,,,61.9,,,4,Asia/Shanghai,TRUE,1156874742
Menggang,Menggang,,21.8484,100.2990,China,CN,CHN,Yunnan,Yunnan,CN-YN,,,54.8,,,4,Asia/Shanghai,TRUE,1156982618
Baqingduozi,Baqingduozi,,32.8364,119.4780,China,CN,CHN,Jiangsu,Jiangsu,CN-JS,,,323.8,,,3,Asia/Shanghai,FALSE,1156543957
Qiyu,Qiyu,,35.0285,111.3620,China,CN,CHN,Shanxi,Shanxi,CN-SX,,,22.5,,,4,Asia/Shanghai,FALSE,1156066208
Wuzuicun,Wuzuicun,,30.5612,117.0488,China,CN,CHN,Anhui,Anhui,CN-AH,,,2566.4,,,2,Asia/Shanghai,FALSE,1156170676
Shiwujian Fangcun,Shiwujian Fangcun,,41.5165,125.1160,China,CN,CHN,Liaoning,Liaoning,CN-LN,,,31.2,,,4,Asia/Shanghai,FALSE,1156422492
Huaxikeng,Huaxikeng,,28.1974,110.7399,China,CN,CHN,Hunan,Hunan,CN-HN,,,93.2,,,4,Asia/Shanghai,FALSE,1156898620
Keshuxiacun,Keshuxiacun,,25.0379,113.1369,China,CN,CHN,Guangdong,Guangdong,CN-GD,,,86.1,,,4,Asia/Shanghai,FALSE,1156921027
Hedi,Hedi,,26.4242,101.8650,China,CN,CHN,Sichuan,Sichuan,CN-SC,,,84.6,,,4,Asia/Shanghai,FALSE,1156240623
Hedi,Hedi,,31.8958,106.2691,China,CN,CHN,Sichuan,Sichuan,CN-SC,,,76.3,,,4,Asia/Shanghai,TRUE,1156973638
Xiangtan,Xiangtan,,23.4530,108.7130,China,CN,CHN,Guangxi,Guangxi,CN-GX,,,315.3,,,3,Asia/Shanghai,FALSE,1156544210
Cenwuliao,Cenwuliao,,21.7652,109.0800,China,CN,CHN,Guangxi,Guangxi,CN-GX,,,178.8,,,4,Asia/Shanghai,FALSE,1156989207
Hucheng,Hucheng,Hu-hsien,33.3833,116.1667,China,CN,CHN,Anhui,Anhui,CN-AH,,,413.6,,,3,Asia/Shanghai,FALSE,1156120323
Chonggan,Chonggan,,23.2943,105.0260,China,CN,CHN,Yunnan,Yunnan,CN-YN,,,112.5,,,4,Asia/Shanghai,FALSE,1156938099
Duanjiachong,Duanjiachong,,26.4585,112.8340,China,CN,CHN,Hunan,Hunan,CN-HN,,,4233.7,,,2,Asia/Shanghai,FALSE,1156328190
Duanjiachong,Duanjiachong,,27.0937,111.5215,China,CN,CHN,Hunan,Hunan,CN-HN,,,864.0,,,3,Asia/Shanghai,TRUE,1156990149
Duanjiachong,Duanjiachong,,27.0839,112.1426,China,CN,CHN,Hunan,Hunan,CN-HN,,,424.6,,,3,Asia/Shanghai,TRUE,1156050426
Duanjiachong,Duanjiachong,,27.4180,110.9703,China,CN,CHN,Hunan,Hunan,CN-HN,,,395.3,,,3,Asia/Shanghai,TRUE,1156001085
Duanjiachong,Duanjiachong,,27.4053,111.6254,China,CN,CHN,Hunan,Hunan,CN-HN,,,304.6,,,3,Asia/Shanghai,TRUE,1156200600
Duanjiachong,Duanjiachong,,26.5394,111.8563,China,CN,CHN,Hunan,Hunan,CN-HN,,,249.1,,,3,Asia/Shanghai,TRUE,1156216741
Duanjiachong,Duanjiachong,,28.6858,111.7292,China,CN,CHN,Hunan,Hunan,CN-HN,,,129.2,,,4,Asia/Shanghai,TRUE,1156512200
Duanjiachong,Duanjiachong,,27.8639,111.1227,China,CN,CHN,Hunan,Hunan,CN-HN,,,76.8,,,4,Asia/Shanghai,TRUE,1156080655
Qila,Qila,,28.4456,100.5410,China,CN,CHN,Sichuan,Sichuan,CN-SC,,,6.5,,,5,Asia/Shanghai,FALSE,1156202811
Miaoxi,Miaoxi,,31.8138,119.3337,China,CN,CHN,Jiangsu,Jiangsu,CN-JS,,,255.2,,,3,Asia/Shanghai,FALSE,1156485119
Shangkanxiang,Shangkanxiang,,31.8148,110.3461,China,CN,CHN,Hubei,Hubei,CN-HB,,,28.0,,,4,Asia/Shanghai,FALSE,1156137008
Wumaoyoukou,Wumaoyoukou,,33.3758,120.5844,China,CN,CHN,Jiangsu,Jiangsu,CN-JS,,,12.9,,,4,Asia/Shanghai,FALSE,1156831376
Xiaoqingcun,Xiaoqingcun,,44.2862,124.2356,China,CN,CHN,Jilin,Jilin,CN-JL,,,323.3,,,3,Asia/Shanghai,FALSE,1156946062
Pondo,Pondo,Pangduo,30.1010,91.3010,China,CN,CHN,Tibet,Tibet,CN-XZ,,,5.6,,,5,Asia/Shanghai,FALSE,1156102804
Tongyouba,Tongyouba,,28.2502,107.7800,China,CN,CHN,Guizhou,Guizhou,CN-GZ,,,149.9,,,4,Asia/Shanghai,FALSE,1156340778
Tongyouba,Tongyouba,,27.8364,107.8160,China,CN,CHN,Guizhou,Guizhou,CN-GZ,,,93.8,,,4,Asia/Shanghai,TRUE,1156617446
Lao-man-tzu,Lao-man-tzu,,41.1592,125.0547,China,CN,CHN,Liaoning,Liaoning,CN-LN,,,43.8,,,4,Asia/Shanghai,FALSE,1156442850
Tengjiaocun,Tengjiaocun,,21.5505,110.9000,China,CN,CHN,Guangdong,Guangdong,CN-GD,,,784.8,,,3,Asia/Shanghai,FALSE,1156550611
Jiazhuangcun,Jiazhuangcun,Jiazhuang,25.1048,116.3212,China,CN,CHN,Fujian,Fujian,CN-FJ,,,129.9,,,4,Asia/Shanghai,FALSE,1156894431
Niutuanshan,Niutuanshan,,29.4563,120.9011,China,CN,CHN,Zhejiang,Zhejiang,CN-ZJ,,,139.4,,,4,Asia/Shanghai,FALSE,1156730869
Zhaojia Aluocun,Zhaojia Aluocun,,36.0194,119.7675,China,CN,CHN,Shandong,Shandong,CN-SD,,,392.1,,,3,Asia/Shanghai,FALSE,1156538428
Maluwan,Maluwan,,27.1054,100.5840,China,CN,CHN,Yunnan,Yunnan,CN-YN,,,36.8,,,4,Asia/Shanghai,FALSE,1156114546
Huapuxihu,Huapuxihu,,28.7749,109.5337,China,CN,CHN,Hunan,Hunan,CN-HN,,,107.6,,,4,Asia/Shanghai,FALSE,1156145078
Dahuitun,Dahuitun,,42.8097,129.0906,China,CN,CHN,Jilin,Jilin,CN-JL,,,19.2,,,4,Asia/Shanghai,FALSE,1156541846
Yanggaocun,Yanggaocun,,36.2733,114.5229,China,CN,CHN,Hebei,Hebei,CN-HE,,,802.3,,,3,Asia/Shanghai,FALSE,1156444211
Putoucun,Putoucun,,28.3219,121.1370,China,CN,CHN,Zhejiang,Zhejiang,CN-ZJ,,,752.6,,,3,Asia/Shanghai,FALSE,1156384447
Zhufangcun,Zhufangcun,Zhufang,25.6864,116.7417,China,CN,CHN,Fujian,Fujian,CN-FJ,,,833.4,,,3,Asia/Shanghai,FALSE,1156712676
Zhufangcun,Zhufangcun,Zhufang,25.6866,116.5284,China,CN,CHN,Fujian,Fujian,CN-FJ,,,112.1,,,4,Asia/Shanghai,TRUE,1156024241
Zhufangcun,Zhufangcun,,25.1951,116.2647,China,CN,CHN,Fujian,Fujian,CN-FJ,,,89.2,,,4,Asia/Shanghai,TRUE,1156461025
Zhufangcun,Zhufangcun,Zhufang,27.1748,117.7307,China,CN,CHN,Fujian,Fujian,CN-FJ,,,66.1,,,4,Asia/Shanghai,TRUE,1156964256
Luanshiwan,Luanshiwan,,33.7214,105.0579,China,CN,CHN,Gansu,Gansu,CN-GS,,,40.1,,,4,Asia/Shanghai,FALSE,1156149886
Toulang,Toulang,,19.8184,109.6614,China,CN,CHN,Hainan,Hainan,CN-HI,,,725.2,,,3,Asia/Shanghai,FALSE,1156785362
Miaogoucun,Miaogoucun,,37.2943,114.0159,China,CN,CHN,Hebei,Hebei,CN-HE,,,61.9,,,4,Asia/Shanghai,FALSE,1156449194
Miaogoucun,Miaogoucun,,41.2445,117.1216,China,CN,CHN,Hebei,Hebei,CN-HE,,,53.8,,,4,Asia/Shanghai,TRUE,1156450805
Miaogoucun,Miaogoucun,,41.3671,114.2143,China,CN,CHN,Hebei,Hebei,CN-HE,,,43.9,,,4,Asia/Shanghai,TRUE,1156552640
Huangjinzhuangcun,Huangjinzhuangcun,,35.3409,117.4597,China,CN,CHN,Shandong,Shandong,CN-SD,,,220.8,,,3,Asia/Shanghai,FALSE,1156549991
Huangjinzhuangcun,Huangjinzhuangcun,,37.2997,122.2749,China,CN,CHN,Shandong,Shandong,CN-SD,,,192.9,,,4,Asia/Shanghai,TRUE,1156433949
Hongbeng,Hongbeng,,24.5943,104.3080,China,CN,CHN,Yunnan,Yunnan,CN-YN,,,87.0,,,4,Asia/Shanghai,FALSE,1156939590
Maxiya,Maxiya,,29.4730,110.9721,China,CN,CHN,Hunan,Hunan,CN-HN,,,103.5,,,4,Asia/Shanghai,FALSE,1156032846
Wangshanting,Wangshanting,,30.4351,111.2044,China,CN,CHN,Hubei,Hubei,CN-HB,,,180.0,,,4,Asia/Shanghai,FALSE,1156075067
Xiaoqiancun,Xiaoqiancun,,40.1693,120.2379,China,CN,CHN,Liaoning,Liaoning,CN-LN,,,260.1,,,3,Asia/Shanghai,FALSE,1156415185
Meijiashan,Meijiashan,,30.4427,114.2067,China,CN,CHN,Hubei,Hubei,CN-HB,,,1346.7,,,3,Asia/Shanghai,FALSE,1156802967
Meijiashan,Meijiashan,,31.0565,115.1524,China,CN,CHN,Hubei,Hubei,CN-HB,,,222.6,,,3,Asia/Shanghai,TRUE,1156121838
Dahuzhuang,Dahuzhuang,,38.5515,116.9650,China,CN,CHN,Hebei,Hebei,CN-HE,,,317.0,,,3,Asia/Shanghai,FALSE,1156552827
Meijiashan,Meijiashan,,28.9854,110.4470,China,CN,CHN,Hunan,Hunan,CN-HN,,,37.4,,,4,Asia/Shanghai,FALSE,1156141285
Dahuzhuang,Dahuzhuang,,33.2339,112.7541,China,CN,CHN,Henan,Henan,CN-HA,,,512.1,,,3,Asia/Shanghai,FALSE,1156589165
Dahuzhuang,Dahuzhuang,,32.9127,113.8554,China,CN,CHN,Henan,Henan,CN-HA,,,411.3,,,3,Asia/Shanghai,TRUE,1156334097
Dahuzhuang,Dahuzhuang,,32.4516,114.0745,China,CN,CHN,Henan,Henan,CN-HA,,,370.9,,,3,Asia/Shanghai,TRUE,1156821264
Dahuzhuang,Dahuzhuang,,35.0445,113.7553,China,CN,CHN,Henan,Henan,CN-HA,,,354.4,,,3,Asia/Shanghai,TRUE,1156025688
Dahuzhuang,Dahuzhuang,,32.7022,113.9056,China,CN,CHN,Henan,Henan,CN-HA,,,188.0,,,4,Asia/Shanghai,TRUE,1156089355
Houguotuncun,Houguotuncun,,37.0422,115.8187,China,CN,CHN,Hebei,Hebei,CN-HE,,,554.8,,,3,Asia/Shanghai,FALSE,1156580090
Shikong,Shikong,,28.0410,118.0519,China,CN,CHN,Jiangxi,Jiangxi,CN-JX,,,52.4,,,4,Asia/Shanghai,FALSE,1156107497
Dongjianfucun,Dongjianfucun,,35.4387,117.9447,China,CN,CHN,Shandong,Shandong,CN-SD,,,173.7,,,4,Asia/Shanghai,FALSE,1156529915
Pifu,Pifu,,27.8079,100.9400,China,CN,CHN,Sichuan,Sichuan,CN-SC,,,17.6,,,4,Asia/Shanghai,FALSE,1156617813
Miaoshanli,Miaoshanli,,27.7472,113.1762,China,CN,CHN,Hunan,Hunan,CN-HN,,,1295.6,,,3,Asia/Shanghai,FALSE,1156100467
Pinglaitun,Pinglaitun,Pinglai,24.5486,105.7817,China,CN,CHN,Guangxi,Guangxi,CN-GX,,,45.5,,,4,Asia/Shanghai,FALSE,1156230590
Yazhala,Yazhala,,35.1991,103.7120,China,CN,CHN,Gansu,Gansu,CN-GS,,,248.0,,,3,Asia/Shanghai,FALSE,1156233795
Wugutuncun,Wugutuncun,,41.2145,120.9724,China,CN,CHN,Liaoning,Liaoning,CN-LN,,,100.4,,,4,Asia/Shanghai,FALSE,1156060497
Shuiluowo,Shuiluowo,,28.0363,105.9381,China,CN,CHN,Sichuan,Sichuan,CN-SC,,,301.9,,,3,Asia/Shanghai,FALSE,1156242858
Zhenzi,Zhenzi,,30.0383,108.1760,China,CN,CHN,Chongqing,Chongqing,CN-CQ,,,136.1,,,4,Asia/Shanghai,FALSE,1156983320
Liugoucun,Liugoucun,,37.3206,114.1724,China,CN,CHN,Hebei,Hebei,CN-HE,,,57.3,,,4,Asia/Shanghai,TRUE,1156449211
Jinzigou,Jinzigou,,29.3858,106.4880,China,CN,CHN,Chongqing,Chongqing,CN-CQ,,,415.0,,,3,Asia/Shanghai,FALSE,1156374053
Guluocun,Guluocun,,22.8671,111.5706,China,CN,CHN,Guangdong,Guangdong,CN-GD,,,174.1,,,4,Asia/Shanghai,FALSE,1156571750
Daguanqing,Daguanqing,,24.5034,99.2591,China,CN,CHN,Yunnan,Yunnan,CN-YN,,,76.4,,,4,Asia/Shanghai,FALSE,1156186886
Yangliushu,Yangliushu,,28.8059,120.3425,China,CN,CHN,Zhejiang,Zhejiang,CN-ZJ,,,21.4,,,4,Asia/Shanghai,FALSE,1156271012
Wen’anzhai,Wen'anzhai,,27.0745,106.6860,China,CN,CHN,Guizhou,Guizhou,CN-GZ,,,86.9,,,4,Asia/Shanghai,FALSE,1156069242
Zhujiaotun,Zhujiaotun,Zhujiao,22.6683,106.8373,China,CN,CHN,Guangxi,Guangxi,CN-GX,,,96.4,,,4,Asia/Shanghai,FALSE,1156242892
Pusa Muchang,Pusa Muchang,,37.3074,77.1660,China,CN,CHN,Xinjiang,Xinjiang,CN-XJ,,,1.4,,,5,Asia/Shanghai,FALSE,1156088036
Goushizhai,Goushizhai,,26.1780,107.7120,China,CN,CHN,Guizhou,Guizhou,CN-GZ,,,104.0,,,4,Asia/Shanghai,FALSE,1156877285
Guluocun,Guluocun,Guleng,23.4678,110.1183,China,CN,CHN,Guangxi,Guangxi,CN-GX,,,464.0,,,3,Asia/Shanghai,FALSE,1156186955
Nandi,Nandi,,38.4616,117.0790,China,CN,CHN,Hebei,Hebei,CN-HE,,,128.8,,,4,Asia/Shanghai,FALSE,1156676803
Nandi,Nandi,,40.8593,115.0270,China,CN,CHN,Hebei,Hebei,CN-HE,,,90.2,,,4,Asia/Shanghai,TRUE,1156704134
Chenyi,Chenyi,,22.1367,109.2830,China,CN,CHN,Guangxi,Guangxi,CN-GX,,,274.2,,,3,Asia/Shanghai,FALSE,1156090659
Gujiadian,Gujiadian,,39.6265,112.1266,China,CN,CHN,Shanxi,Shanxi,CN-SX,,,35.1,,,4,Asia/Shanghai,FALSE,1156712902
Dayuan Xiacun,Dayuan Xiacun,,28.3138,120.6285,China,CN,CHN,Zhejiang,Zhejiang,CN-ZJ,,,194.9,,,4,Asia/Shanghai,FALSE,1156382686
Nandi,Nandi,,34.7654,112.9775,China,CN,CHN,Henan,Henan,CN-HA,,,5893.7,,,2,Asia/Shanghai,FALSE,1156086230
Nandi,Nandi,,34.3554,111.6374,China,CN,CHN,Henan,Henan,CN-HA,,,216.1,,,3,Asia/Shanghai,TRUE,1156191753
Nandi,Nandi,,33.9868,111.5955,China,CN,CHN,Henan,Henan,CN-HA,,,95.9,,,4,Asia/Shanghai,TRUE,1156245364
Nandi,Nandi,,33.9078,112.3556,China,CN,CHN,Henan,Henan,CN-HA,,,89.8,,,4,Asia/Shanghai,TRUE,1156892647
Nandi,Nandi,,30.0915,113.8659,China,CN,CHN,Hubei,Hubei,CN-HB,,,558.0,,,3,Asia/Shanghai,FALSE,1156281369
Nandi,Nandi,,30.4010,113.2080,China,CN,CHN,Hubei,Hubei,CN-HB,,,367.1,,,3,Asia/Shanghai,TRUE,1156232267
Shaohe,Shaohe,,30.7664,115.6256,China,CN,CHN,Hubei,Hubei,CN-HB,,,827.7,,,3,Asia/Shanghai,FALSE,1156049290
Shaohe,Shaohe,,31.2445,112.4935,China,CN,CHN,Hubei,Hubei,CN-HB,,,68.6,,,4,Asia/Shanghai,TRUE,1156809832
Bailongchong,Bailongchong,,28.0560,113.1149,China,CN,CHN,Hunan,Hunan,CN-HN,,,553.2,,,3,Asia/Shanghai,FALSE,1156391888
Napengcun,Napengcun,,22.7773,111.0259,China,CN,CHN,Guangxi,Guangxi,CN-GX,,,161.5,,,4,Asia/Shanghai,FALSE,1156504949
Napengcun,Napengcun,,21.9917,108.9340,China,CN,CHN,Guangxi,Guangxi,CN-GX,,,85.1,,,4,Asia/Shanghai,TRUE,1156504950
Moyidong Qiongkanerzi,Moyidong Qiongkanerzi,,43.0095,88.4349,China,CN,CHN,Xinjiang,Xinjiang,CN-XJ,,,17.9,,,4,Asia/Shanghai,FALSE,1156145777
Caomei,Caomei,,23.2858,116.4380,China,CN,CHN,Guangdong,Guangdong,CN-GD,,,2347.7,,,2,Asia/Shanghai,FALSE,1156262758
Tian’e,Tian'e,,26.4415,106.6040,China,CN,CHN,Guizhou,Guizhou,CN-GZ,,,517.2,,,3,Asia/Shanghai,FALSE,1156058661
Tian’e,Tian'e,T’ien-o-ch’ih,28.4217,106.1597,China,CN,CHN,Guizhou,Guizhou,CN-GZ,,,396.9,,,3,Asia/Shanghai,TRUE,1156864617
Tian’e,Tian'e,,28.9796,108.0220,China,CN,CHN,Guizhou,Guizhou,CN-GZ,,,82.4,,,4,Asia/Shanghai,TRUE,1156081428
Tian’e,Tian'e,T’ien-o|Liu-p’ai-hsü|Liu-p’ai-hsiang|Liu-p’ai-chen|Liupai,24.9976,107.1681,China,CN,CHN,Guangxi,Guangxi,CN-GX,,minor,131.2,,,3,Asia/Shanghai,FALSE,1156838637
Shuangfacun,Shuangfacun,,46.4237,126.6948,China,CN,CHN,Heilongjiang,Heilongjiang,CN-HL,,,251.4,,,3,Asia/Shanghai,FALSE,1156551131
Shuangfacun,Shuangfacun,,47.4626,126.8146,China,CN,CHN,Heilongjiang,Heilongjiang,CN-HL,,,181.4,,,4,Asia/Shanghai,TRUE,1156298434
Shuangfacun,Shuangfacun,,47.0988,125.9686,China,CN,CHN,Heilongjiang,Heilongjiang,CN-HL,,,171.0,,,4,Asia/Shanghai,TRUE,1156323677
Shuangfacun,Shuangfacun,,45.7389,125.2562,China,CN,CHN,Heilongjiang,Heilongjiang,CN-HL,,,160.7,,,4,Asia/Shanghai,TRUE,1156551134
Shuangfacun,Shuangfacun,,46.2005,125.4042,China,CN,CHN,Heilongjiang,Heilongjiang,CN-HL,,,142.2,,,4,Asia/Shanghai,TRUE,1156308878
Shuangfacun,Shuangfacun,,48.5460,125.1524,China,CN,CHN,Heilongjiang,Heilongjiang,CN-HL,,,135.2,,,4,Asia/Shanghai,TRUE,1156325137
Shuangfacun,Shuangfacun,,46.0333,126.5084,China,CN,CHN,Heilongjiang,Heilongjiang,CN-HL,,,131.9,,,4,Asia/Shanghai,TRUE,1156313203
Shuangfacun,Shuangfacun,,46.8005,127.4643,China,CN,CHN,Heilongjiang,Heilongjiang,CN-HL,,,130.7,,,4,Asia/Shanghai,TRUE,1156299081
Shuangfacun,Shuangfacun,,46.2824,127.4006,China,CN,CHN,Heilongjiang,Heilongjiang,CN-HL,,,110.7,,,4,Asia/Shanghai,TRUE,1156333326
Shuangfacun,Shuangfacun,,46.0399,125.0353,China,CN,CHN,Heilongjiang,Heilongjiang,CN-HL,,,101.3,,,4,Asia/Shanghai,TRUE,1156311981
Shuangfacun,Shuangfacun,,46.7746,124.4723,China,CN,CHN,Heilongjiang,Heilongjiang,CN-HL,,,93.4,,,4,Asia/Shanghai,TRUE,1156312220
Shuangfacun,Shuangfacun,,47.1225,132.1545,China,CN,CHN,Heilongjiang,Heilongjiang,CN-HL,,,89.5,,,4,Asia/Shanghai,TRUE,1156326480
Shuangfacun,Shuangfacun,,46.7474,131.5984,China,CN,CHN,Heilongjiang,Heilongjiang,CN-HL,,,86.7,,,4,Asia/Shanghai,TRUE,1156313623
Shuangfacun,Shuangfacun,,45.8655,130.0333,China,CN,CHN,Heilongjiang,Heilongjiang,CN-HL,,,66.5,,,4,Asia/Shanghai,TRUE,1156364603
Shuangfacun,Shuangfacun,,46.1008,129.6901,China,CN,CHN,Heilongjiang,Heilongjiang,CN-HL,,,34.6,,,4,Asia/Shanghai,TRUE,1156471535
Shuangfacun,Shuangfacun,,44.6733,127.5938,China,CN,CHN,Heilongjiang,Heilongjiang,CN-HL,,,29.2,,,4,Asia/Shanghai,TRUE,1156351748
Shuangfacun,Shuangfacun,,46.8480,125.4046,China,CN,CHN,Heilongjiang,Heilongjiang,CN-HL,,,16.6,,,4,Asia/Shanghai,TRUE,1156327730
Fuchengcun,Fuchengcun,,31.2337,117.2844,China,CN,CHN,Anhui,Anhui,CN-AH,,,2461.3,,,2,Asia/Shanghai,FALSE,1156185277
Fuchengcun,Fuchengcun,,31.1817,118.2473,China,CN,CHN,Anhui,Anhui,CN-AH,,,365.0,,,3,Asia/Shanghai,TRUE,1156102552
Fuchengcun,Fuchengcun,,31.2975,117.9935,China,CN,CHN,Anhui,Anhui,CN-AH,,,358.1,,,3,Asia/Shanghai,TRUE,1156290433
Qinqiancun,Qinqiancun,Qinqian,25.5577,119.5204,China,CN,CHN,Fujian,Fujian,CN-FJ,,,1042.1,,,3,Asia/Shanghai,FALSE,1156166124
Xichangmacun,Xichangmacun,,37.3397,117.4129,China,CN,CHN,Shandong,Shandong,CN-SD,,,377.3,,,3,Asia/Shanghai,FALSE,1156536045
Longjiaochong,Longjiaochong,,23.2695,110.5070,China,CN,CHN,Guangxi,Guangxi,CN-GX,,,560.0,,,3,Asia/Shanghai,FALSE,1156131322
Hengkou,Hengkou,,24.6830,105.8210,China,CN,CHN,Guangxi,Guangxi,CN-GX,,,52.7,,,4,Asia/Shanghai,FALSE,1156037285
Houyanjianao,Houyanjianao,,30.2195,113.0060,China,CN,CHN,Hubei,Hubei,CN-HB,,,191.2,,,4,Asia/Shanghai,FALSE,1156755986
Jiayi,Jiayi,,27.6756,103.1880,China,CN,CHN,Sichuan,Sichuan,CN-SC,,,90.3,,,4,Asia/Shanghai,FALSE,1156576919
Jiayi,Jiayi,,27.4984,102.8840,China,CN,CHN,Sichuan,Sichuan,CN-SC,,,77.1,,,4,Asia/Shanghai,TRUE,1156890350
Jiayi,Jiayi,,31.5635,100.0740,China,CN,CHN,Sichuan,Sichuan,CN-SC,,,67.6,,,4,Asia/Shanghai,TRUE,1156420874
Jiayi,Jiayi,,32.5918,101.7020,China,CN,CHN,Sichuan,Sichuan,CN-SC,,,2.6,,,5,Asia/Shanghai,TRUE,1156889723
Xiaxing,Xiaxing,,32.0484,119.8782,China,CN,CHN,Jiangsu,Jiangsu,CN-JS,,,927.7,,,3,Asia/Shanghai,FALSE,1156115533
Wangyuzui,Wangyuzui,,28.6736,112.8178,China,CN,CHN,Hunan,Hunan,CN-HN,,,200.2,,,3,Asia/Shanghai,FALSE,1156272623
Gu’ersicun,Gu'ersicun,,31.1364,92.5103,China,CN,CHN,Tibet,Tibet,CN-XZ,,,2.8,,,5,Asia/Shanghai,FALSE,1156750657
Guandaocun,Guandaocun,,36.8191,118.3575,China,CN,CHN,Shandong,Shandong,CN-SD,,,1536.7,,,3,Asia/Shanghai,FALSE,1156548936
Guandaocun,Guandaocun,,37.0652,117.5017,China,CN,CHN,Shandong,Shandong,CN-SD,,,735.8,,,3,Asia/Shanghai,TRUE,1156548935
Guandaocun,Guandaocun,,37.1032,120.8101,China,CN,CHN,Shandong,Shandong,CN-SD,,,463.9,,,3,Asia/Shanghai,TRUE,1156548926
Guandaocun,Guandaocun,,37.1374,117.3493,China,CN,CHN,Shandong,Shandong,CN-SD,,,427.2,,,3,Asia/Shanghai,TRUE,1156466308
Guandaocun,Guandaocun,,37.4463,120.1544,China,CN,CHN,Shandong,Shandong,CN-SD,,,363.8,,,3,Asia/Shanghai,TRUE,1156548934
Guandaocun,Guandaocun,,36.9281,119.5968,China,CN,CHN,Shandong,Shandong,CN-SD,,,344.2,,,3,Asia/Shanghai,TRUE,1156548932
Guandaocun,Guandaocun,,37.2129,120.6191,China,CN,CHN,Shandong,Shandong,CN-SD,,,279.0,,,3,Asia/Shanghai,TRUE,1156548929
Zhangxigou,Zhangxigou,,40.6831,123.8100,China,CN,CHN,Liaoning,Liaoning,CN-LN,,,39.3,,,4,Asia/Shanghai,FALSE,1156321242
Jigongzhai,Jigongzhai,,31.9953,106.8360,China,CN,CHN,Sichuan,Sichuan,CN-SC,,,117.2,,,4,Asia/Shanghai,FALSE,1156930346
Jigongzhai,Jigongzhai,,31.7763,103.7500,China,CN,CHN,Sichuan,Sichuan,CN-SC,,,26.8,,,4,Asia/Shanghai,TRUE,1156086998
Jigongzhai,Jigongzhai,,31.8615,103.3370,China,CN,CHN,Sichuan,Sichuan,CN-SC,,,8.2,,,5,Asia/Shanghai,TRUE,1156100769
Majiahuicun,Majiahuicun,,36.7951,120.4188,China,CN,CHN,Shandong,Shandong,CN-SD,,,265.8,,,3,Asia/Shanghai,FALSE,1156470001
Efengsi,Efengsi,,26.2126,114.4010,China,CN,CHN,Jiangxi,Jiangxi,CN-JX,,,236.8,,,3,Asia/Shanghai,FALSE,1156255048
Bodong,Bodong,,26.2778,105.3880,China,CN,CHN,Guizhou,Guizhou,CN-GZ,,,301.0,,,3,Asia/Shanghai,FALSE,1156953809
Bodong,Bodong,,26.9765,107.7060,China,CN,CHN,Guizhou,Guizhou,CN-GZ,,,109.6,,,4,Asia/Shanghai,TRUE,1156349532
Bodong,Bodong,,25.5575,106.6910,China,CN,CHN,Guizhou,Guizhou,CN-GZ,,,65.1,,,4,Asia/Shanghai,TRUE,1156584300
Bodong,Bodong,,25.4859,106.0240,China,CN,CHN,Guizhou,Guizhou,CN-GZ,,,51.1,,,4,Asia/Shanghai,TRUE,1156167302
Xushan Houcun,Xushan Houcun,,28.1527,119.1123,China,CN,CHN,Zhejiang,Zhejiang,CN-ZJ,,,22.1,,,4,Asia/Shanghai,FALSE,1156376734
Banhuacun,Banhuacun,Banhua,25.4279,117.6855,China,CN,CHN,Fujian,Fujian,CN-FJ,,,49.9,,,4,Asia/Shanghai,FALSE,1156956044
Watongke,Watongke,,31.1337,95.1775,China,CN,CHN,Tibet,Tibet,CN-XZ,,,4.1,,,5,Asia/Shanghai,FALSE,1156416856
Dongzhugu,Dongzhugu,,38.4758,115.0150,China,CN,CHN,Hebei,Hebei,CN-HE,,,1851.8,,,3,Asia/Shanghai,FALSE,1156040065
Sanshenmiao,Sanshenmiao,,31.7351,112.9023,China,CN,CHN,Hubei,Hubei,CN-HB,,,93.8,,,4,Asia/Shanghai,FALSE,1156782588
Zhaomacun,Zhaomacun,,37.0021,118.2275,China,CN,CHN,Shandong,Shandong,CN-SD,,,639.9,,,3,Asia/Shanghai,FALSE,1156520526
Zhaomacun,Zhaomacun,,34.9763,116.1625,China,CN,CHN,Shandong,Shandong,CN-SD,,,527.0,,,3,Asia/Shanghai,TRUE,1156520524
Zhaomacun,Zhaomacun,,37.5031,118.3842,China,CN,CHN,Shandong,Shandong,CN-SD,,,281.2,,,3,Asia/Shanghai,TRUE,1156520525
Wuyuanzhuangcun,Wuyuanzhuangcun,,34.6231,115.8047,China,CN,CHN,Shandong,Shandong,CN-SD,,,458.8,,,3,Asia/Shanghai,FALSE,1156504375
Bainikong,Bainikong,,29.2517,120.9233,China,CN,CHN,Zhejiang,Zhejiang,CN-ZJ,,,514.4,,,3,Asia/Shanghai,FALSE,1156984117
Dushuzhicun,Dushuzhicun,,32.6483,120.0685,China,CN,CHN,Jiangsu,Jiangsu,CN-JS,,,939.7,,,3,Asia/Shanghai,FALSE,1156292200
Dayuanxicun,Dayuanxicun,,35.8637,119.2510,China,CN,CHN,Shandong,Shandong,CN-SD,,,418.8,,,3,Asia/Shanghai,FALSE,1156898204
Xiaopancun,Xiaopancun,Pancun,24.1047,109.9169,China,CN,CHN,Guangxi,Guangxi,CN-GX,,,138.3,,,4,Asia/Shanghai,FALSE,1156488150
Xizhou,Xizhou,,34.9990,113.0666,China,CN,CHN,Henan,Henan,CN-HA,,,611.7,,,3,Asia/Shanghai,FALSE,1156691575
Shangjiucun,Shangjiucun,,26.0445,101.6510,China,CN,CHN,Yunnan,Yunnan,CN-YN,,,167.2,,,4,Asia/Shanghai,FALSE,1156140225
Shangjiucun,Shangjiucun,,26.3420,101.5520,China,CN,CHN,Yunnan,Yunnan,CN-YN,,,21.5,,,4,Asia/Shanghai,TRUE,1156494543
Xizhou,Xizhou,,29.2964,111.9883,China,CN,CHN,Hunan,Hunan,CN-HN,,,498.8,,,3,Asia/Shanghai,FALSE,1156697992
Xizhou,Xizhou,,26.4635,112.0356,China,CN,CHN,Hunan,Hunan,CN-HN,,,371.7,,,3,Asia/Shanghai,TRUE,1156546852
Xizhou,Xizhou,,28.8104,112.0757,China,CN,CHN,Hunan,Hunan,CN-HN,,,135.0,,,4,Asia/Shanghai,TRUE,1156022368
Xizhou,Xizhou,,28.6562,109.7219,China,CN,CHN,Hunan,Hunan,CN-HN,,,90.4,,,4,Asia/Shanghai,TRUE,1156960561
Xizhou,Xizhou,,29.0169,112.7825,China,CN,CHN,Hunan,Hunan,CN-HN,,,22.0,,,4,Asia/Shanghai,TRUE,1156718927
Niangoucun,Niangoucun,,40.5680,119.5717,China,CN,CHN,Liaoning,Liaoning,CN-LN,,,158.5,,,4,Asia/Shanghai,FALSE,1156420560
Yichuanwancun,Yichuanwancun,,30.8790,120.1882,China,CN,CHN,Zhejiang,Zhejiang,CN-ZJ,,,1598.9,,,3,Asia/Shanghai,FALSE,1156372516
Ajiala,Ajiala,,47.3571,133.8906,China,CN,CHN,Heilongjiang,Heilongjiang,CN-HL,,,21.2,,,4,Asia/Shanghai,FALSE,1156321694
Jiuyingpan,Jiuyingpan,,24.4640,101.2410,China,CN,CHN,Yunnan,Yunnan,CN-YN,,,46.2,,,4,Asia/Shanghai,FALSE,1156237781
Heimodi,Heimodi,,23.8550,102.1910,China,CN,CHN,Yunnan,Yunnan,CN-YN,,,42.8,,,4,Asia/Shanghai,FALSE,1156022312
Chenloucun,Chenloucun,,34.4706,116.2171,China,CN,CHN,Anhui,Anhui,CN-AH,,,709.2,,,3,Asia/Shanghai,FALSE,1156958006
Chenloucun,Chenloucun,,32.7472,115.4308,China,CN,CHN,Anhui,Anhui,CN-AH,,,684.7,,,3,Asia/Shanghai,TRUE,1156237364
Chenloucun,Chenloucun,,33.6392,116.6963,China,CN,CHN,Anhui,Anhui,CN-AH,,,630.8,,,3,Asia/Shanghai,TRUE,1156962357
Chenloucun,Chenloucun,,34.3062,116.7184,China,CN,CHN,Anhui,Anhui,CN-AH,,,552.5,,,3,Asia/Shanghai,TRUE,1156213314
Chenloucun,Chenloucun,,33.5403,115.4985,China,CN,CHN,Anhui,Anhui,CN-AH,,,424.6,,,3,Asia/Shanghai,TRUE,1156921411
Chenloucun,Chenloucun,,32.5967,115.6235,China,CN,CHN,Anhui,Anhui,CN-AH,,,399.0,,,3,Asia/Shanghai,TRUE,1156049026
Chenloucun,Chenloucun,,33.6935,116.3240,China,CN,CHN,Anhui,Anhui,CN-AH,,,385.7,,,3,Asia/Shanghai,TRUE,1156135915
Chenloucun,Chenloucun,,32.0450,116.4589,China,CN,CHN,Anhui,Anhui,CN-AH,,,315.9,,,3,Asia/Shanghai,TRUE,1156809701
Chenloucun,Chenloucun,,32.5487,116.1769,China,CN,CHN,Anhui,Anhui,CN-AH,,,255.1,,,3,Asia/Shanghai,TRUE,1156314903
Chenloucun,Chenloucun,,33.8602,117.2343,China,CN,CHN,Anhui,Anhui,CN-AH,,,211.0,,,3,Asia/Shanghai,TRUE,1156075445
Chenloucun,Chenloucun,,32.0537,116.9905,China,CN,CHN,Anhui,Anhui,CN-AH,,,197.9,,,4,Asia/Shanghai,TRUE,1156586502
Qiansuo,Qiansuo,,24.9549,103.7630,China,CN,CHN,Yunnan,Yunnan,CN-YN,,,753.2,,,3,Asia/Shanghai,FALSE,1156200166
Qiansuo,Qiansuo,,24.9851,103.0060,China,CN,CHN,Yunnan,Yunnan,CN-YN,,,327.2,,,3,Asia/Shanghai,TRUE,1156275700
Qiansuo,Qiansuo,,24.8621,103.0430,China,CN,CHN,Yunnan,Yunnan,CN-YN,,,327.2,,,3,Asia/Shanghai,TRUE,1156057551
Qiansuo,Qiansuo,,25.6922,100.5690,China,CN,CHN,Yunnan,Yunnan,CN-YN,,,241.5,,,3,Asia/Shanghai,TRUE,1156090280
Qiansuo,Qiansuo,,25.1309,102.1400,China,CN,CHN,Yunnan,Yunnan,CN-YN,,,222.9,,,3,Asia/Shanghai,TRUE,1156098926
Qiansuo,Qiansuo,,24.5003,100.8090,China,CN,CHN,Yunnan,Yunnan,CN-YN,,,179.9,,,4,Asia/Shanghai,TRUE,1156212374
Qiansuo,Qiansuo,Ch’ien-so-chieh|Ch’ien-so,25.4000,100.6833,China,CN,CHN,Yunnan,Yunnan,CN-YN,,,109.4,,,4,Asia/Shanghai,TRUE,1156252866
Qiansuo,Qiansuo,,24.6824,102.3680,China,CN,CHN,Yunnan,Yunnan,CN-YN,,,106.0,,,4,Asia/Shanghai,TRUE,1156341677
Qiansuo,Qiansuo,,25.2632,102.8570,China,CN,CHN,Yunnan,Yunnan,CN-YN,,,59.2,,,4,Asia/Shanghai,TRUE,1156557947
Yudu,Yudu,,27.1131,99.5167,China,CN,CHN,Yunnan,Yunnan,CN-YN,,,41.1,,,4,Asia/Shanghai,FALSE,1156409118
Huaxincun,Huaxincun,,47.8650,125.8937,China,CN,CHN,Heilongjiang,Heilongjiang,CN-HL,province,,115.3,,,4,Asia/Shanghai,FALSE,1156308620
Huaxincun,Huaxincun,,46.2980,131.5061,China,CN,CHN,Heilongjiang,Heilongjiang,CN-HL,,,34.9,,,4,Asia/Shanghai,TRUE,1156307206
Yaqiancun,Yaqiancun,,34.0407,111.0581,China,CN,CHN,Henan,Henan,CN-HA,,,517.5,,,3,Asia/Shanghai,FALSE,1156862261
Gabasai,Gabasai,,41.5178,124.8980,China,CN,CHN,Liaoning,Liaoning,CN-LN,,,23.1,,,4,Asia/Shanghai,FALSE,1156332010
Shangxilicun,Shangxilicun,,28.8754,120.2215,China,CN,CHN,Zhejiang,Zhejiang,CN-ZJ,,,279.9,,,3,Asia/Shanghai,FALSE,1156407449
Xiongheba,Xiongheba,,29.3499,102.2470,China,CN,CHN,Sichuan,Sichuan,CN-SC,,,45.1,,,4,Asia/Shanghai,FALSE,1156629482
Luoxiangzhai,Luoxiangzhai,,25.3504,98.4573,China,CN,CHN,Yunnan,Yunnan,CN-YN,,,200.8,,,3,Asia/Shanghai,FALSE,1156054965
Zhangcun Nanjiecun,Zhangcun Nanjiecun,,36.2252,114.6093,China,CN,CHN,Hebei,Hebei,CN-HE,,,921.4,,,3,Asia/Shanghai,FALSE,1156436837
Naluntun,Naluntun,,22.2262,106.9119,China,CN,CHN,Guangxi,Guangxi,CN-GX,,,50.5,,,4,Asia/Shanghai,FALSE,1156458042
Huanglingji,Huanglingji,Huang-ling-chi,30.4000,114.1000,China,CN,CHN,Hubei,Hubei,CN-HB,,,109.2,,,4,Asia/Shanghai,FALSE,1156272380
Fenbai,Fenbai,,25.7658,108.4630,China,CN,CHN,Guizhou,Guizhou,CN-GZ,,,82.8,,,4,Asia/Shanghai,FALSE,1156184345
Huashanzicun,Huashanzicun,,34.5405,117.6855,China,CN,CHN,Jiangsu,Jiangsu,CN-JS,,,375.3,,,3,Asia/Shanghai,FALSE,1156298134
Shimenzhuangcun,Shimenzhuangcun,,35.5293,117.4782,China,CN,CHN,Shandong,Shandong,CN-SD,,,347.1,,,3,Asia/Shanghai,FALSE,1156073208
Qianjiaoliangcun,Qianjiaoliangcun,,35.4307,118.4597,China,CN,CHN,Shandong,Shandong,CN-SD,,,667.4,,,3,Asia/Shanghai,FALSE,1156485446
Liaofangcun,Liaofangcun,,28.0389,116.9338,China,CN,CHN,Jiangxi,Jiangxi,CN-JX,,,160.3,,,4,Asia/Shanghai,FALSE,1156563419
Chixicun,Chixicun,Chixi,25.4459,116.5947,China,CN,CHN,Fujian,Fujian,CN-FJ,,,130.3,,,4,Asia/Shanghai,FALSE,1156570770
Chixicun,Chixicun,,25.7836,118.8609,China,CN,CHN,Fujian,Fujian,CN-FJ,,,88.4,,,4,Asia/Shanghai,TRUE,1156466057
Chixicun,Chixicun,Chixi,26.9201,119.7729,China,CN,CHN,Fujian,Fujian,CN-FJ,,,87.7,,,4,Asia/Shanghai,TRUE,1156258423
Chixicun,Chixicun,Chixi,27.0686,120.1047,China,CN,CHN,Fujian,Fujian,CN-FJ,,,82.6,,,4,Asia/Shanghai,TRUE,1156630441
Chixicun,Chixicun,Chixi,25.6904,118.9357,China,CN,CHN,Fujian,Fujian,CN-FJ,,,80.7,,,4,Asia/Shanghai,TRUE,1156052126
Chixicun,Chixicun,Chixi,27.4059,119.2181,China,CN,CHN,Fujian,Fujian,CN-FJ,,,44.0,,,4,Asia/Shanghai,TRUE,1156843659
Zengtang,Zengtang,,23.9020,115.7785,China,CN,CHN,Guangdong,Guangdong,CN-GD,,,1097.8,,,3,Asia/Shanghai,FALSE,1156354738
Zengtang,Zengtang,,23.2344,113.7568,China,CN,CHN,Guangdong,Guangdong,CN-GD,,,1027.1,,,3,Asia/Shanghai,TRUE,1156181167
Zengtang,Zengtang,,23.7540,115.3778,China,CN,CHN,Guangdong,Guangdong,CN-GD,,,210.6,,,3,Asia/Shanghai,TRUE,1156058734
Caibangcun,Caibangcun,,31.1190,120.9421,China,CN,CHN,Shanghai,Shanghai,CN-SH,,,1024.1,,,3,Asia/Shanghai,FALSE,1156517232
Dajiao,Dajiao,,35.6485,113.4146,China,CN,CHN,Shanxi,Shanxi,CN-SX,,,23.8,,,4,Asia/Shanghai,FALSE,1156222735
Yandi,Yandi,,34.0170,110.3354,China,CN,CHN,Shaanxi,Shaanxi,CN-SN,,,334.8,,,3,Asia/Shanghai,FALSE,1156237165
Hongling,Hongling,,27.2497,116.2388,China,CN,CHN,Jiangxi,Jiangxi,CN-JX,,,108.9,,,4,Asia/Shanghai,FALSE,1156649725
Shangzhu’en,Shangzhu'en,,27.5010,100.1190,China,CN,CHN,Yunnan,Yunnan,CN-YN,,,19.8,,,4,Asia/Shanghai,FALSE,1156843810
Ruojiangge,Ruojiangge,,31.5045,96.6361,China,CN,CHN,Tibet,Tibet,CN-XZ,,,11.6,,,4,Asia/Shanghai,FALSE,1156205203
Wajuli,Wajuli,,25.2023,101.7620,China,CN,CHN,Yunnan,Yunnan,CN-YN,,,126.1,,,4,Asia/Shanghai,FALSE,1156132857
Jiangjun,Jiangjun,,31.1368,108.8902,China,CN,CHN,Chongqing,Chongqing,CN-CQ,,,450.7,,,3,Asia/Shanghai,FALSE,1156131214
Jiangjun,Jiangjun,,29.9065,108.2223,China,CN,CHN,Chongqing,Chongqing,CN-CQ,,,56.0,,,4,Asia/Shanghai,TRUE,1156277964
Getun,Getun,,25.6396,104.9190,China,CN,CHN,Guizhou,Guizhou,CN-GZ,,,172.1,,,4,Asia/Shanghai,FALSE,1156194232
Zhudaqiao,Zhudaqiao,,24.8993,110.8660,China,CN,CHN,Guangxi,Guangxi,CN-GX,,,127.4,,,4,Asia/Shanghai,FALSE,1156755523
Wazidi,Wazidi,,24.8446,99.2834,China,CN,CHN,Yunnan,Yunnan,CN-YN,,,320.8,,,3,Asia/Shanghai,FALSE,1156601948
Wazidi,Wazidi,,24.5530,98.6900,China,CN,CHN,Yunnan,Yunnan,CN-YN,,,149.2,,,4,Asia/Shanghai,TRUE,1156677811
Zengtang,Zengtang,,22.0296,108.8710,China,CN,CHN,Guangxi,Guangxi,CN-GX,,,85.1,,,4,Asia/Shanghai,FALSE,1156763866
Lixiaocun,Lixiaocun,,33.7563,115.5773,China,CN,CHN,Anhui,Anhui,CN-AH,,,317.9,,,3,Asia/Shanghai,FALSE,1156700647
Pugucun,Pugucun,,30.8273,95.1250,China,CN,CHN,Tibet,Tibet,CN-XZ,,,3.3,,,5,Asia/Shanghai,FALSE,1156066634
Pugucun,Pugucun,,31.9715,85.0238,China,CN,CHN,Tibet,Tibet,CN-XZ,,,0.4,,,5,Asia/Shanghai,TRUE,1156195442
Guangming,Guangming,,38.1578,102.7290,China,CN,CHN,Gansu,Gansu,CN-GS,,,319.4,,,3,Asia/Shanghai,FALSE,1156263772
Guangming,Guangming,,35.4232,107.0500,China,CN,CHN,Gansu,Gansu,CN-GS,,,227.9,,,3,Asia/Shanghai,TRUE,1156355216
Guangming,Guangming,,35.2795,106.5750,China,CN,CHN,Gansu,Gansu,CN-GS,,,142.9,,,4,Asia/Shanghai,TRUE,1156401375
Guangming,Guangming,,35.1843,103.7260,China,CN,CHN,Gansu,Gansu,CN-GS,,,132.4,,,4,Asia/Shanghai,TRUE,1156045047
Guangming,Guangming,,40.1818,98.8841,China,CN,CHN,Gansu,Gansu,CN-GS,,,92.0,,,4,Asia/Shanghai,TRUE,1156503920
Guangming,Guangming,,35.3250,103.3740,China,CN,CHN,Gansu,Gansu,CN-GS,,,71.7,,,4,Asia/Shanghai,TRUE,1156889254
Guangming,Guangming,,34.7988,104.2442,China,CN,CHN,Gansu,Gansu,CN-GS,,,68.2,,,4,Asia/Shanghai,TRUE,1156927348
Guangming,Guangming,,39.1727,99.2814,China,CN,CHN,Gansu,Gansu,CN-GS,,,25.9,,,4,Asia/Shanghai,TRUE,1156098629
Guangming,Guangming,,36.8045,107.0489,China,CN,CHN,Gansu,Gansu,CN-GS,,,12.2,,,4,Asia/Shanghai,TRUE,1156174453
Da’annao,Da'annao,,24.0231,110.8050,China,CN,CHN,Guangxi,Guangxi,CN-GX,,,104.5,,,4,Asia/Shanghai,FALSE,1156430127
Wan’ancun,Wan'ancun,,24.9656,118.6798,China,CN,CHN,Fujian,Fujian,CN-FJ,,,1568.0,,,3,Asia/Shanghai,FALSE,1156431811
Wan’ancun,Wan'ancun,,27.9160,118.5527,China,CN,CHN,Fujian,Fujian,CN-FJ,,,907.4,,,3,Asia/Shanghai,TRUE,1156430827
Wan’ancun,Wan'ancun,Wan’an,25.3617,119.6495,China,CN,CHN,Fujian,Fujian,CN-FJ,,,436.2,,,3,Asia/Shanghai,TRUE,1156255126
Wan’ancun,Wan'ancun,Wan’an,24.1337,117.7011,China,CN,CHN,Fujian,Fujian,CN-FJ,,,152.2,,,4,Asia/Shanghai,TRUE,1156278033
Wan’ancun,Wan'ancun,,26.8985,117.4287,China,CN,CHN,Fujian,Fujian,CN-FJ,,,43.8,,,4,Asia/Shanghai,TRUE,1156450479
Hongxicun,Hongxicun,,30.0033,117.9905,China,CN,CHN,Anhui,Anhui,CN-AH,,,81.3,,,3,Asia/Shanghai,FALSE,1156316505
Lingzicun,Lingzicun,,37.2080,118.2274,China,CN,CHN,Shandong,Shandong,CN-SD,,,457.3,,,3,Asia/Shanghai,FALSE,1156682788
Lingzicun,Lingzicun,,36.3523,116.3627,China,CN,CHN,Shandong,Shandong,CN-SD,,,363.4,,,3,Asia/Shanghai,TRUE,1156520478
Lingzicun,Lingzicun,,36.8727,119.7124,China,CN,CHN,Shandong,Shandong,CN-SD,,,339.6,,,3,Asia/Shanghai,TRUE,1156520474
Lingzicun,Lingzicun,,36.5787,118.3341,China,CN,CHN,Shandong,Shandong,CN-SD,,,121.6,,,4,Asia/Shanghai,TRUE,1156520482
Guangming,Guangming,,25.9458,109.2330,China,CN,CHN,Guizhou,Guizhou,CN-GZ,,,103.4,,,4,Asia/Shanghai,FALSE,1156230914
Guangming,Guangming,,25.7987,108.7020,China,CN,CHN,Guizhou,Guizhou,CN-GZ,,,87.5,,,4,Asia/Shanghai,TRUE,1156474360
Guangming,Guangming,,26.7333,107.2811,China,CN,CHN,Guizhou,Guizhou,CN-GZ,,,77.5,,,4,Asia/Shanghai,TRUE,1156223765
Guangming,Guangming,,26.1323,105.0230,China,CN,CHN,Guizhou,Guizhou,CN-GZ,,,76.6,,,4,Asia/Shanghai,TRUE,1156346050
Guangming,Guangming,,25.8507,108.0030,China,CN,CHN,Guizhou,Guizhou,CN-GZ,,,66.1,,,4,Asia/Shanghai,TRUE,1156335172
Dayuntian,Dayuntian,,24.8296,115.1200,China,CN,CHN,Jiangxi,Jiangxi,CN-JX,,,78.5,,,4,Asia/Shanghai,FALSE,1156122474
Guangming,Guangming,,24.5993,110.8450,China,CN,CHN,Guangxi,Guangxi,CN-GX,,,352.9,,,3,Asia/Shanghai,FALSE,1156005308
Guangming,Guangming,,22.3500,109.6510,China,CN,CHN,Guangxi,Guangxi,CN-GX,,,197.1,,,4,Asia/Shanghai,TRUE,1156362985
Guangming,Guangming,,23.1327,107.6810,China,CN,CHN,Guangxi,Guangxi,CN-GX,,,196.3,,,4,Asia/Shanghai,TRUE,1156038118
Guangming,Guangming,,25.9522,109.8980,China,CN,CHN,Guangxi,Guangxi,CN-GX,,,64.4,,,4,Asia/Shanghai,TRUE,1156101492
Guangming,Guangming,,21.8903,107.5440,China,CN,CHN,Guangxi,Guangxi,CN-GX,,,25.5,,,4,Asia/Shanghai,TRUE,1156381695
Huanxi,Huanxi,,28.7434,107.6200,China,CN,CHN,Guizhou,Guizhou,CN-GZ,,,81.8,,,4,Asia/Shanghai,FALSE,1156320567
Qianshiqiaocun,Qianshiqiaocun,,35.7966,117.0658,China,CN,CHN,Shandong,Shandong,CN-SD,,,337.7,,,3,Asia/Shanghai,FALSE,1156455505
Taduixia,Taduixia,,27.8893,120.8553,China,CN,CHN,Zhejiang,Zhejiang,CN-ZJ,,,5057.7,,,2,Asia/Shanghai,FALSE,1156642283
Basheng,Basheng,,23.5538,107.1780,China,CN,CHN,Guangxi,Guangxi,CN-GX,,,97.0,,,4,Asia/Shanghai,FALSE,1156244453
Changniangou,Changniangou,,30.1161,105.0486,China,CN,CHN,Sichuan,Sichuan,CN-SC,,,148.2,,,4,Asia/Shanghai,FALSE,1156488938
Yuqianba,Yuqianba,,28.2482,106.4420,China,CN,CHN,Guizhou,Guizhou,CN-GZ,,,160.0,,,4,Asia/Shanghai,FALSE,1156548633
Yuqianba,Yuqianba,,27.9357,107.9100,China,CN,CHN,Guizhou,Guizhou,CN-GZ,,,93.9,,,4,Asia/Shanghai,TRUE,1156934241
Tuowan Tonglukecun,Tuowan Tonglukecun,,39.1800,76.2698,China,CN,CHN,Xinjiang,Xinjiang,CN-XJ,,,78.4,,,4,Asia/Shanghai,FALSE,1156146813
Daju,Daju,,29.2635,118.2057,China,CN,CHN,Zhejiang,Zhejiang,CN-ZJ,,,40.2,,,4,Asia/Shanghai,FALSE,1156110690
Qiuloucun,Qiuloucun,Qiulou,27.0421,119.1660,China,CN,CHN,Fujian,Fujian,CN-FJ,,,37.7,,,4,Asia/Shanghai,FALSE,1156136046
Laoyingzhai,Laoyingzhai,,31.5459,107.1319,China,CN,CHN,Sichuan,Sichuan,CN-SC,,,2790.9,,,2,Asia/Shanghai,FALSE,1156089143
Zhaojin,Zhaojin,Chao-chin|Chao-chin-chen,35.0775,108.6633,China,CN,CHN,Shaanxi,Shaanxi,CN-SN,,,54.2,,,4,Asia/Shanghai,FALSE,1156130907
Nanshanyao,Nanshanyao,,41.0701,115.3655,China,CN,CHN,Hebei,Hebei,CN-HE,,,24.7,,,4,Asia/Shanghai,FALSE,1156098004
Kuanhecun,Kuanhecun,,51.1433,126.8194,China,CN,CHN,Heilongjiang,Heilongjiang,CN-HL,,,4.4,,,5,Asia/Shanghai,FALSE,1156320771
Xilongcun,Xilongcun,,30.7824,117.8094,China,CN,CHN,Anhui,Anhui,CN-AH,,,242.2,,,3,Asia/Shanghai,FALSE,1156151938
Hanshoutingzi,Hanshoutingzi,,26.4678,111.4531,China,CN,CHN,Hunan,Hunan,CN-HN,,,222.2,,,3,Asia/Shanghai,FALSE,1156907025
Daiguan,Daiguan,,26.5283,102.3118,China,CN,CHN,Sichuan,Sichuan,CN-SC,,,142.2,,,4,Asia/Shanghai,FALSE,1156362404
Rag,Rag,Dongfeng Gongshe|Re’a,29.6050,91.2050,China,CN,CHN,Tibet,Tibet,CN-XZ,,,53.3,,,4,Asia/Shanghai,FALSE,1156730586
Xiaodutian,Xiaodutian,,24.2356,101.6340,China,CN,CHN,Yunnan,Yunnan,CN-YN,,,32.1,,,4,Asia/Shanghai,FALSE,1156616678
Guantangkou,Guantangkou,,22.0382,109.1570,China,CN,CHN,Guangxi,Guangxi,CN-GX,,,187.0,,,4,Asia/Shanghai,FALSE,1156755276
Luojiadui,Luojiadui,,28.4103,115.4340,China,CN,CHN,Jiangxi,Jiangxi,CN-JX,,,285.5,,,3,Asia/Shanghai,FALSE,1156440420
Luojiadui,Luojiadui,,28.5321,115.1137,China,CN,CHN,Jiangxi,Jiangxi,CN-JX,province,,62.7,,,4,Asia/Shanghai,TRUE,1156257768
Huanghaoping,Huanghaoping,,33.6806,112.0567,China,CN,CHN,Henan,Henan,CN-HA,,,41.3,,,4,Asia/Shanghai,FALSE,1156108090
Fancheling,Fancheling,,21.9502,108.7100,China,CN,CHN,Guangxi,Guangxi,CN-GX,,,741.9,,,3,Asia/Shanghai,FALSE,1156229633
Hepingtun,Hepingtun,,24.6621,106.4784,China,CN,CHN,Guangxi,Guangxi,CN-GX,,,119.3,,,4,Asia/Shanghai,FALSE,1156461581
Hepingtun,Hepingtun,Heping,25.0613,106.9206,China,CN,CHN,Guangxi,Guangxi,CN-GX,,,68.0,,,4,Asia/Shanghai,TRUE,1156121786
Hepingtun,Hepingtun,Heping,24.5282,106.4875,China,CN,CHN,Guangxi,Guangxi,CN-GX,,,60.9,,,4,Asia/Shanghai,TRUE,1156239316
Duozhen,Duozhen,,23.4347,106.4730,China,CN,CHN,Guangxi,Guangxi,CN-GX,,,74.6,,,4,Asia/Shanghai,FALSE,1156336297
Hengyancun,Hengyancun,,28.9433,120.1159,China,CN,CHN,Zhejiang,Zhejiang,CN-ZJ,,,1111.0,,,3,Asia/Shanghai,FALSE,1156411636
Hengyancun,Hengyancun,,28.7032,120.4730,China,CN,CHN,Zhejiang,Zhejiang,CN-ZJ,,,349.6,,,3,Asia/Shanghai,TRUE,1156385653
Hengyancun,Hengyancun,Heng-yen-chen|Heng-yen|Hengyan,29.4225,118.5947,China,CN,CHN,Zhejiang,Zhejiang,CN-ZJ,,,257.0,,,3,Asia/Shanghai,TRUE,1156714898
Dashao,Dashao,,38.1515,115.8020,China,CN,CHN,Hebei,Hebei,CN-HE,,,516.2,,,3,Asia/Shanghai,FALSE,1156137413
Chami,Chami,,23.5618,107.5510,China,CN,CHN,Guangxi,Guangxi,CN-GX,,,224.1,,,3,Asia/Shanghai,FALSE,1156206353
Laoqiao,Laoqiao,,30.3789,105.0090,China,CN,CHN,Sichuan,Sichuan,CN-SC,,,393.2,,,3,Asia/Shanghai,FALSE,1156164299
Laoqiao,Laoqiao,,30.8127,107.4210,China,CN,CHN,Sichuan,Sichuan,CN-SC,,,323.7,,,3,Asia/Shanghai,TRUE,1156701051
Tangsheng,Tangsheng,,33.9694,117.5750,China,CN,CHN,Anhui,Anhui,CN-AH,,,436.7,,,3,Asia/Shanghai,FALSE,1156400572
Mengwa,Mengwa,,23.2395,100.7780,China,CN,CHN,Yunnan,Yunnan,CN-YN,,,13.5,,,4,Asia/Shanghai,FALSE,1156296285
Zhaqiong,Zhaqiong,,30.5196,97.7438,China,CN,CHN,Tibet,Tibet,CN-XZ,,,6.1,,,5,Asia/Shanghai,FALSE,1156525222
Tanjiabu Xigou,Tanjiabu Xigou,Tanjiapu Xigou,41.2591,124.1784,China,CN,CHN,Liaoning,Liaoning,CN-LN,,,236.6,,,3,Asia/Shanghai,FALSE,1156041639
Weihutongcun,Weihutongcun,,35.0591,115.6163,China,CN,CHN,Shandong,Shandong,CN-SD,,,1333.3,,,3,Asia/Shanghai,FALSE,1156389997
Anshancun,Anshancun,,44.6145,125.9210,China,CN,CHN,Jilin,Jilin,CN-JL,,,215.7,,,3,Asia/Shanghai,FALSE,1156129514
Anshancun,Anshancun,,42.9838,129.8447,China,CN,CHN,Jilin,Jilin,CN-JL,,,154.6,,,4,Asia/Shanghai,TRUE,1156553397
Anshancun,Anshancun,,42.7263,126.4271,China,CN,CHN,Jilin,Jilin,CN-JL,,,49.8,,,4,Asia/Shanghai,TRUE,1156974720
Anshancun,Anshancun,,45.6883,121.9789,China,CN,CHN,Jilin,Jilin,CN-JL,,,43.8,,,4,Asia/Shanghai,TRUE,1156094849
Wushiduan,Wushiduan,,26.2395,116.6080,China,CN,CHN,Fujian,Fujian,CN-FJ,,,1561.9,,,3,Asia/Shanghai,FALSE,1156454012
Dashuhou,Dashuhou,,32.5502,118.7384,China,CN,CHN,Jiangsu,Jiangsu,CN-JS,,,326.3,,,3,Asia/Shanghai,FALSE,1156436089
Jianglong,Jianglong,Chiang-chia-lung,29.8836,121.6350,China,CN,CHN,Zhejiang,Zhejiang,CN-ZJ,,,5562.2,,,2,Asia/Shanghai,FALSE,1156813825
Jianglong,Jianglong,,28.9414,121.5947,China,CN,CHN,Zhejiang,Zhejiang,CN-ZJ,,,278.0,,,3,Asia/Shanghai,TRUE,1156439091
Yangguang,Yangguang,,19.4153,110.7242,China,CN,CHN,Hainan,Hainan,CN-HI,,,251.4,,,3,Asia/Shanghai,FALSE,1156603880
Yangyin,Yangyin,,29.7603,105.4870,China,CN,CHN,Sichuan,Sichuan,CN-SC,,,250.5,,,3,Asia/Shanghai,FALSE,1156989956
Ershijiu Tuanchang Shilian,Ershijiu Tuanchang Shilian,,41.7902,85.6351,China,CN,CHN,Xinjiang,Xinjiang,CN-XJ,,,16.0,,,4,Asia/Shanghai,FALSE,1156430864
Anshancun,Anshancun,,31.5249,120.7317,China,CN,CHN,Jiangsu,Jiangsu,CN-JS,,,1373.3,,,3,Asia/Shanghai,FALSE,1156024708
Anshancun,Anshancun,,31.3073,120.3526,China,CN,CHN,Jiangsu,Jiangsu,CN-JS,,,665.4,,,3,Asia/Shanghai,TRUE,1156218145
Titikuolecun,Titikuolecun,,38.6437,77.4077,China,CN,CHN,Xinjiang,Xinjiang,CN-XJ,,,317.8,,,3,Asia/Shanghai,FALSE,1156135663
Jiacong,Jiacong,,25.3252,108.8160,China,CN,CHN,Guangxi,Guangxi,CN-GX,,,45.3,,,4,Asia/Shanghai,FALSE,1156414708
Beijiangdun,Beijiangdun,,31.1635,121.0763,China,CN,CHN,Shanghai,Shanghai,CN-SH,,,5445.8,,,2,Asia/Shanghai,FALSE,1156047590
Xianyangba,Xianyangba,,30.5795,109.3220,China,CN,CHN,Hubei,Hubei,CN-HB,,,91.9,,,4,Asia/Shanghai,FALSE,1156864711
Dachengzhuang,Dachengzhuang,,33.2212,112.9780,China,CN,CHN,Henan,Henan,CN-HA,,,1914.1,,,3,Asia/Shanghai,FALSE,1156167967
Jueyaocun,Jueyaocun,Jueyao|Chüeh-yao,28.5331,120.8443,China,CN,CHN,Zhejiang,Zhejiang,CN-ZJ,,,49.5,,,4,Asia/Shanghai,FALSE,1156447144
Pingluo,Pingluo,,23.1078,111.8033,China,CN,CHN,Guangdong,Guangdong,CN-GD,,,151.4,,,4,Asia/Shanghai,FALSE,1156301236
Kangguozhongde,Kangguozhongde,,30.0156,98.2549,China,CN,CHN,Tibet,Tibet,CN-XZ,,,9.3,,,5,Asia/Shanghai,FALSE,1156469342
Fangjiacao,Fangjiacao,,31.2546,109.7621,China,CN,CHN,Chongqing,Chongqing,CN-CQ,,,161.0,,,4,Asia/Shanghai,FALSE,1156915405
Pingluo,Pingluo,,22.5911,110.7070,China,CN,CHN,Guangxi,Guangxi,CN-GX,,,307.7,,,3,Asia/Shanghai,FALSE,1156193810
Pingluo,Pingluo,,24.7464,108.8760,China,CN,CHN,Guangxi,Guangxi,CN-GX,,,233.1,,,3,Asia/Shanghai,TRUE,1156396628
Pingluo,Pingluo,,27.5256,106.1314,China,CN,CHN,Guizhou,Guizhou,CN-GZ,,,244.9,,,3,Asia/Shanghai,FALSE,1156470263
Pingluo,Pingluo,,27.5170,108.7590,China,CN,CHN,Guizhou,Guizhou,CN-GZ,,,94.1,,,4,Asia/Shanghai,TRUE,1156016069
Jidingluo,Jidingluo,,27.4057,100.4640,China,CN,CHN,Yunnan,Yunnan,CN-YN,,,20.6,,,4,Asia/Shanghai,FALSE,1156111740
Keluoshan,Keluoshan,,24.3630,100.4880,China,CN,CHN,Yunnan,Yunnan,CN-YN,,,77.8,,,4,Asia/Shanghai,FALSE,1156748191
Guidebucun,Guidebucun,Kuei-ia-pau|Kuei-te|Kuei-te-pu|Guidebu,38.1433,109.7727,China,CN,CHN,Shaanxi,Shaanxi,CN-SN,,,174.9,,,4,Asia/Shanghai,FALSE,1156579829
Laodiantun,Laodiantun,,44.2506,125.0249,China,CN,CHN,Jilin,Jilin,CN-JL,,,135.1,,,4,Asia/Shanghai,FALSE,1156068798
Tanjia Wanli,Tanjia Wanli,,26.7308,113.6778,China,CN,CHN,Hunan,Hunan,CN-HN,,,300.1,,,3,Asia/Shanghai,FALSE,1156221584
Caijin,Caijin,,32.2012,96.3054,China,CN,CHN,Qinghai,Qinghai,CN-QH,,,36.2,,,4,Asia/Shanghai,FALSE,1156609807
Ache,Ache,,23.2362,104.2280,China,CN,CHN,Yunnan,Yunnan,CN-YN,,,142.8,,,4,Asia/Shanghai,FALSE,1156260959
Xiachuancun,Xiachuancun,,39.8428,123.4753,China,CN,CHN,Liaoning,Liaoning,CN-LN,,,285.8,,,3,Asia/Shanghai,FALSE,1156421080
Dubincun,Dubincun,,37.0909,113.9848,China,CN,CHN,Hebei,Hebei,CN-HE,,,62.5,,,4,Asia/Shanghai,FALSE,1156449589
Beigucun,Beigucun,,27.4930,119.8521,China,CN,CHN,Zhejiang,Zhejiang,CN-ZJ,,,81.6,,,4,Asia/Shanghai,FALSE,1156374468
Chegucun,Chegucun,,37.3433,122.4460,China,CN,CHN,Shandong,Shandong,CN-SD,,,242.1,,,3,Asia/Shanghai,FALSE,1156434152
Niujiayangcun,Niujiayangcun,,26.8763,119.6277,China,CN,CHN,Fujian,Fujian,CN-FJ,,,350.6,,,3,Asia/Shanghai,FALSE,1156429611
Zhongweiquangou,Zhongweiquangou,,32.3606,108.6986,China,CN,CHN,Shaanxi,Shaanxi,CN-SN,,,94.3,,,4,Asia/Shanghai,FALSE,1156737661
Qunyu,Qunyu,,19.8063,109.6986,China,CN,CHN,Hainan,Hainan,CN-HI,,,725.2,,,3,Asia/Shanghai,FALSE,1156574426
Houkaimao,Houkaimao,,39.2078,110.6428,China,CN,CHN,Shaanxi,Shaanxi,CN-SN,,,73.1,,,4,Asia/Shanghai,FALSE,1156213617
Hetouwan,Hetouwan,,23.5541,105.2090,China,CN,CHN,Yunnan,Yunnan,CN-YN,,,125.4,,,4,Asia/Shanghai,FALSE,1156515625
Daluchang,Daluchang,,24.2366,98.5311,China,CN,CHN,Yunnan,Yunnan,CN-YN,,,123.8,,,4,Asia/Shanghai,FALSE,1156273406
Daluchang,Daluchang,,24.8782,98.8014,China,CN,CHN,Yunnan,Yunnan,CN-YN,,,113.1,,,4,Asia/Shanghai,TRUE,1156871161
Daluchang,Daluchang,,24.0026,99.5744,China,CN,CHN,Yunnan,Yunnan,CN-YN,,,60.1,,,4,Asia/Shanghai,TRUE,1156747226
Daluchang,Daluchang,,23.4942,101.0740,China,CN,CHN,Yunnan,Yunnan,CN-YN,,,35.5,,,4,Asia/Shanghai,TRUE,1156010480
Sun’ancun,Sun'ancun,,28.3452,120.3038,China,CN,CHN,Zhejiang,Zhejiang,CN-ZJ,,,9.2,,,5,Asia/Shanghai,FALSE,1156377292
Chongle,Chongle,,21.6698,108.1250,China,CN,CHN,Guangxi,Guangxi,CN-GX,,,227.1,,,3,Asia/Shanghai,FALSE,1156094550
Napengcun,Napengcun,,21.8027,111.9143,China,CN,CHN,Guangdong,Guangdong,CN-GD,,,1210.8,,,3,Asia/Shanghai,FALSE,1156575314
Mashikeng Xiacun,Mashikeng Xiacun,,20.5349,110.4163,China,CN,CHN,Guangdong,Guangdong,CN-GD,,,342.4,,,3,Asia/Shanghai,FALSE,1156441339
Zamagang,Zamagang,,30.6158,99.2055,China,CN,CHN,Sichuan,Sichuan,CN-SC,,,2.9,,,5,Asia/Shanghai,FALSE,1156068856
Nandaliu,Nandaliu,,38.5113,115.5480,China,CN,CHN,Hebei,Hebei,CN-HE,,,1315.5,,,3,Asia/Shanghai,FALSE,1156408709
Huawuli,Huawuli,,30.9971,120.8311,China,CN,CHN,Zhejiang,Zhejiang,CN-ZJ,,,909.5,,,3,Asia/Shanghai,FALSE,1156251898
Ganjiayu,Ganjiayu,,29.2034,111.0086,China,CN,CHN,Hunan,Hunan,CN-HN,,,87.8,,,4,Asia/Shanghai,FALSE,1156003834
Ziwei,Ziwei,,28.2145,103.0631,China,CN,CHN,Sichuan,Sichuan,CN-SC,,,95.9,,,4,Asia/Shanghai,FALSE,1156846367
Kuihuazhai,Kuihuazhai,,24.5636,105.6040,China,CN,CHN,Guangxi,Guangxi,CN-GX,,,89.0,,,4,Asia/Shanghai,FALSE,1156267081
Niejiayan,Niejiayan,,32.0263,105.4200,China,CN,CHN,Sichuan,Sichuan,CN-SC,,,44.6,,,4,Asia/Shanghai,FALSE,1156097439
Chenjiawopu,Chenjiawopu,,41.7411,119.9690,China,CN,CHN,Liaoning,Liaoning,CN-LN,,,102.4,,,4,Asia/Shanghai,FALSE,1156354921
Riwoqê,Riwoqe,Riwuqi,29.1010,86.5010,China,CN,CHN,Tibet,Tibet,CN-XZ,,,4.1,,,5,Asia/Shanghai,FALSE,1156027404
Nabantun,Nabantun,Naban,22.7118,107.6000,China,CN,CHN,Guangxi,Guangxi,CN-GX,,,104.2,,,4,Asia/Shanghai,FALSE,1156045623
Nabantun,Nabantun,Naban,22.3638,107.6356,China,CN,CHN,Guangxi,Guangxi,CN-GX,,,91.5,,,4,Asia/Shanghai,TRUE,1156892693
Jishang,Jishang,,25.9107,119.1310,China,CN,CHN,Fujian,Fujian,CN-FJ,,,401.6,,,3,Asia/Shanghai,FALSE,1156453523
Jishang,Jishang,,27.3438,117.6920,China,CN,CHN,Fujian,Fujian,CN-FJ,,,67.7,,,4,Asia/Shanghai,TRUE,1156363271
Panjialaowu,Panjialaowu,,31.1333,116.4500,China,CN,CHN,Anhui,Anhui,CN-AH,,,54.6,,,4,Asia/Shanghai,FALSE,1156397855
Qigongyu,Qigongyu,,28.8780,111.0990,China,CN,CHN,Hunan,Hunan,CN-HN,,,94.3,,,4,Asia/Shanghai,FALSE,1156181805
Xingrenzhuangcun,Xingrenzhuangcun,,35.3849,117.8549,China,CN,CHN,Shandong,Shandong,CN-SD,,,473.3,,,3,Asia/Shanghai,FALSE,1156493251
Putiancun,Putiancun,,21.8986,112.0682,China,CN,CHN,Guangdong,Guangdong,CN-GD,,,619.8,,,3,Asia/Shanghai,FALSE,1156565558
Putiancun,Putiancun,,23.6274,116.3845,China,CN,CHN,Guangdong,Guangdong,CN-GD,,,487.7,,,3,Asia/Shanghai,TRUE,1156545609
Putiancun,Putiancun,,24.2860,116.2053,China,CN,CHN,Guangdong,Guangdong,CN-GD,,,121.7,,,4,Asia/Shanghai,TRUE,1156970232
Yingshan,Yingshan,,27.5707,106.9150,China,CN,CHN,Guizhou,Guizhou,CN-GZ,,,394.7,,,3,Asia/Shanghai,FALSE,1156194165
Yingshan,Yingshan,,27.3875,105.6260,China,CN,CHN,Guizhou,Guizhou,CN-GZ,,,249.6,,,3,Asia/Shanghai,TRUE,1156175561
Yingshan,Yingshan,,25.4918,105.0070,China,CN,CHN,Guizhou,Guizhou,CN-GZ,,,162.1,,,4,Asia/Shanghai,TRUE,1156597089
Qianzhuangjiecun,Qianzhuangjiecun,,34.7248,118.6409,China,CN,CHN,Shandong,Shandong,CN-SD,,,431.6,,,3,Asia/Shanghai,FALSE,1156179622
Kahe,Kahe,,26.0814,109.3070,China,CN,CHN,Guizhou,Guizhou,CN-GZ,,,17.3,,,4,Asia/Shanghai,FALSE,1156152447
Qinglongkuangcun,Qinglongkuangcun,,37.0916,121.9763,China,CN,CHN,Shandong,Shandong,CN-SD,,,354.1,,,3,Asia/Shanghai,FALSE,1156532945
Qinglongkuangcun,Qinglongkuangcun,,37.1453,120.2694,China,CN,CHN,Shandong,Shandong,CN-SD,,,193.0,,,4,Asia/Shanghai,TRUE,1156000314
Zaowacun,Zaowacun,Zaowa,22.6764,107.6539,China,CN,CHN,Guangxi,Guangxi,CN-GX,,,120.5,,,4,Asia/Shanghai,FALSE,1156287356
Zaowacun,Zaowacun,Zaowa,22.3231,107.6405,China,CN,CHN,Guangxi,Guangxi,CN-GX,,,107.5,,,4,Asia/Shanghai,TRUE,1156654796
Gufang,Gufang,,34.3489,108.0717,China,CN,CHN,Shaanxi,Shaanxi,CN-SN,,,1676.7,,,3,Asia/Shanghai,FALSE,1156270023
Liuban,Liuban,,23.1756,109.4650,China,CN,CHN,Guangxi,Guangxi,CN-GX,,,329.4,,,3,Asia/Shanghai,FALSE,1156234426
Anmeicun,Anmeicun,,37.3586,117.1621,China,CN,CHN,Shandong,Shandong,CN-SD,,,512.6,,,3,Asia/Shanghai,FALSE,1156466458
Shangzhangzi,Shangzhangzi,,41.5939,120.3400,China,CN,CHN,Liaoning,Liaoning,CN-LN,,,262.9,,,3,Asia/Shanghai,FALSE,1156347729
Shangzhangzi,Shangzhangzi,,41.1062,119.8390,China,CN,CHN,Liaoning,Liaoning,CN-LN,,,135.9,,,4,Asia/Shanghai,TRUE,1156355144
Shangzhangzi,Shangzhangzi,,41.1644,119.5490,China,CN,CHN,Liaoning,Liaoning,CN-LN,,,94.4,,,4,Asia/Shanghai,TRUE,1156348048
Shangzhangzi,Shangzhangzi,,41.4169,119.8560,China,CN,CHN,Liaoning,Liaoning,CN-LN,,,67.1,,,4,Asia/Shanghai,TRUE,1156743294
Dongxinmaocun,Dongxinmaocun,,36.4559,109.3729,China,CN,CHN,Shaanxi,Shaanxi,CN-SN,,,127.1,,,4,Asia/Shanghai,FALSE,1156917581
Qidai,Qidai,,32.0047,121.3763,China,CN,CHN,Jiangsu,Jiangsu,CN-JS,,,537.7,,,3,Asia/Shanghai,FALSE,1156101729
Beibeiqiao,Beibeiqiao,,30.7836,103.8193,China,CN,CHN,Sichuan,Sichuan,CN-SC,,,1214.2,,,3,Asia/Shanghai,FALSE,1156242210
Heshangzhai,Heshangzhai,,32.7195,112.6037,China,CN,CHN,Henan,Henan,CN-HA,,,1031.3,,,3,Asia/Shanghai,FALSE,1156064612
Xiaduoliang,Xiaduoliang,,27.1118,107.3740,China,CN,CHN,Guizhou,Guizhou,CN-GZ,,,95.8,,,4,Asia/Shanghai,FALSE,1156277949
Taoyuandong,Taoyuandong,,23.1501,110.8290,China,CN,CHN,Guangxi,Guangxi,CN-GX,,,329.2,,,3,Asia/Shanghai,FALSE,1156904123
Laobu,Laobu,,26.2457,104.0820,China,CN,CHN,Yunnan,Yunnan,CN-YN,,,269.5,,,3,Asia/Shanghai,FALSE,1156808431
Luojiaxi,Luojiaxi,,28.6629,111.5737,China,CN,CHN,Hunan,Hunan,CN-HN,,,205.3,,,3,Asia/Shanghai,FALSE,1156577060
Luojiaxi,Luojiaxi,,27.6219,110.6514,China,CN,CHN,Hunan,Hunan,CN-HN,,,60.9,,,4,Asia/Shanghai,TRUE,1156138522
Miaozhaitou,Miaozhaitou,,27.3635,104.4060,China,CN,CHN,Guizhou,Guizhou,CN-GZ,,,58.6,,,4,Asia/Shanghai,FALSE,1156169153
Luojiagou Citang,Luojiagou Citang,,28.8489,106.6980,China,CN,CHN,Chongqing,Chongqing,CN-CQ,,,269.4,,,3,Asia/Shanghai,FALSE,1156520527
Gangnanliu,Gangnanliu,,29.0098,115.9292,China,CN,CHN,Jiangxi,Jiangxi,CN-JX,,,212.1,,,3,Asia/Shanghai,FALSE,1156735287
Jiankangcun,Jiankangcun,,26.1356,119.2892,China,CN,CHN,Fujian,Fujian,CN-FJ,,,9841.1,,,2,Asia/Shanghai,FALSE,1156545010
Yueliang,Yueliang,,29.8921,105.7456,China,CN,CHN,Chongqing,Chongqing,CN-CQ,,,250.6,,,3,Asia/Shanghai,FALSE,1156243261
Luojiaxi,Luojiaxi,,30.7372,111.1272,China,CN,CHN,Hubei,Hubei,CN-HB,,,231.8,,,3,Asia/Shanghai,FALSE,1156040854
Zhangshabucun,Zhangshabucun,,41.7223,123.5019,China,CN,CHN,Liaoning,Liaoning,CN-LN,,,15489.0,,,2,Asia/Shanghai,FALSE,1156051349
Shengjialong,Shengjialong,,27.6039,113.0669,China,CN,CHN,Hunan,Hunan,CN-HN,,,320.5,,,3,Asia/Shanghai,FALSE,1156991509
Songbailin,Songbailin,,25.1349,116.5483,China,CN,CHN,Fujian,Fujian,CN-FJ,,,110.7,,,4,Asia/Shanghai,FALSE,1156912377
Nongyecun,Nongyecun,,28.6047,103.9330,China,CN,CHN,Yunnan,Yunnan,CN-YN,,,355.5,,,3,Asia/Shanghai,FALSE,1156870494
Lanwocun,Lanwocun,,40.7850,118.3646,China,CN,CHN,Hebei,Hebei,CN-HE,,,67.4,,,4,Asia/Shanghai,FALSE,1156562694
Lizhuangcun,Lizhuangcun,,31.0467,121.0759,China,CN,CHN,Shanghai,Shanghai,CN-SH,,,1402.5,,,3,Asia/Shanghai,FALSE,1156492747
Majia Xiaoyishuicun,Majia Xiaoyishuicun,,35.6688,118.9140,China,CN,CHN,Shandong,Shandong,CN-SD,,,330.2,,,3,Asia/Shanghai,FALSE,1156470231
Gaotangchi,Gaotangchi,,25.6119,118.8575,China,CN,CHN,Fujian,Fujian,CN-FJ,,,85.7,,,4,Asia/Shanghai,FALSE,1156068012
Datuannian,Datuannian,,27.4706,111.6511,China,CN,CHN,Hunan,Hunan,CN-HN,,,319.4,,,3,Asia/Shanghai,FALSE,1156328518
Dakuangdonggou,Dakuangdonggou,,41.2161,124.2341,China,CN,CHN,Liaoning,Liaoning,CN-LN,,,236.6,,,3,Asia/Shanghai,FALSE,1156112343
Yanglizhuangcun,Yanglizhuangcun,,44.5370,85.8450,China,CN,CHN,Xinjiang,Xinjiang,CN-XJ,,,162.7,,,4,Asia/Shanghai,FALSE,1156169687
Zhonglaicun Liuzu,Zhonglaicun Liuzu,,32.8893,120.6849,China,CN,CHN,Jiangsu,Jiangsu,CN-JS,,,34.4,,,4,Asia/Shanghai,FALSE,1156197850
Jiao’aitun,Jiao'aitun,Jiao’ai,22.4561,107.6345,China,CN,CHN,Guangxi,Guangxi,CN-GX,,,111.7,,,4,Asia/Shanghai,FALSE,1156214159
Jiao’aitun,Jiao'aitun,Jiao’ai,25.2339,107.2121,China,CN,CHN,Guangxi,Guangxi,CN-GX,,,47.1,,,4,Asia/Shanghai,TRUE,1156653495
Lao’anzhai,Lao'anzhai,,23.6756,104.0610,China,CN,CHN,Yunnan,Yunnan,CN-YN,,,91.4,,,4,Asia/Shanghai,FALSE,1156107892
Qugcomai,Qugcomai,Duomaxianga|Qiucuomai,31.0010,86.6010,China,CN,CHN,Tibet,Tibet,CN-XZ,,,1.7,,,5,Asia/Shanghai,FALSE,1156224439
Jiangjiayu,Jiangjiayu,,36.4575,111.0584,China,CN,CHN,Shanxi,Shanxi,CN-SX,,,153.9,,,4,Asia/Shanghai,FALSE,1156701654
Jiangjiayu,Jiangjiayu,,39.3494,112.0500,China,CN,CHN,Shanxi,Shanxi,CN-SX,,,35.7,,,4,Asia/Shanghai,TRUE,1156370342
Xiliangzi,Xiliangzi,Hsi-liang-tzu,38.9000,93.9000,China,CN,CHN,Qinghai,Qinghai,CN-QH,,,0.0,,,5,Asia/Shanghai,FALSE,1156024295
Houliujiagoucun,Houliujiagoucun,,37.2562,110.8961,China,CN,CHN,Shanxi,Shanxi,CN-SX,,,87.2,,,4,Asia/Shanghai,FALSE,1156253670
Kuoke Tuohaicun,Kuoke Tuohaicun,,43.0190,81.6428,China,CN,CHN,Xinjiang,Xinjiang,CN-XJ,,,20.4,,,4,Asia/Shanghai,FALSE,1156424985
Li’ancun,Li'ancun,,32.0394,116.8791,China,CN,CHN,Anhui,Anhui,CN-AH,,,309.7,,,3,Asia/Shanghai,FALSE,1156189027
Li’ancun,Li'ancun,,30.4866,115.9426,China,CN,CHN,Anhui,Anhui,CN-AH,,,224.7,,,3,Asia/Shanghai,TRUE,1156874262
Li’ancun,Li'ancun,,32.4798,117.8774,China,CN,CHN,Anhui,Anhui,CN-AH,,,154.1,,,4,Asia/Shanghai,TRUE,1156698014
Qianyoucun,Qianyoucun,Ch’ien-yu-ts’un,30.9833,118.7000,China,CN,CHN,Anhui,Anhui,CN-AH,,,430.3,,,3,Asia/Shanghai,FALSE,1156916069
Yangoutou,Yangoutou,,28.8945,105.3322,China,CN,CHN,Sichuan,Sichuan,CN-SC,,,520.9,,,3,Asia/Shanghai,FALSE,1156017808
Pengjiawan,Pengjiawan,,27.8806,113.2498,China,CN,CHN,Hunan,Hunan,CN-HN,,,668.8,,,3,Asia/Shanghai,FALSE,1156231351
Pengjiawan,Pengjiawan,,28.3440,113.8089,China,CN,CHN,Hunan,Hunan,CN-HN,,,619.1,,,3,Asia/Shanghai,TRUE,1156910854
Pengjiawan,Pengjiawan,,28.3004,112.7063,China,CN,CHN,Hunan,Hunan,CN-HN,,,618.4,,,3,Asia/Shanghai,TRUE,1156229862
Pengjiawan,Pengjiawan,,29.4516,112.5729,China,CN,CHN,Hunan,Hunan,CN-HN,,,542.6,,,3,Asia/Shanghai,TRUE,1156160161
Pengjiawan,Pengjiawan,,28.5087,112.3476,China,CN,CHN,Hunan,Hunan,CN-HN,,,400.6,,,3,Asia/Shanghai,TRUE,1156517193
Pengjiawan,Pengjiawan,,27.3264,112.8480,China,CN,CHN,Hunan,Hunan,CN-HN,,,342.2,,,3,Asia/Shanghai,TRUE,1156244514
Pengjiawan,Pengjiawan,,28.7685,111.8608,China,CN,CHN,Hunan,Hunan,CN-HN,,,340.7,,,3,Asia/Shanghai,TRUE,1156115207
Pengjiawan,Pengjiawan,,27.3779,112.1272,China,CN,CHN,Hunan,Hunan,CN-HN,,,311.0,,,3,Asia/Shanghai,TRUE,1156220742
Pengjiawan,Pengjiawan,,28.1562,112.7120,China,CN,CHN,Hunan,Hunan,CN-HN,,,310.9,,,3,Asia/Shanghai,TRUE,1156883606
Pengjiawan,Pengjiawan,,27.4436,112.7711,China,CN,CHN,Hunan,Hunan,CN-HN,,,184.6,,,4,Asia/Shanghai,TRUE,1156577605
Pengjiawan,Pengjiawan,,29.2135,110.8047,China,CN,CHN,Hunan,Hunan,CN-HN,,,181.6,,,4,Asia/Shanghai,TRUE,1156249400
Pengjiawan,Pengjiawan,,28.2662,111.7126,China,CN,CHN,Hunan,Hunan,CN-HN,,,181.5,,,4,Asia/Shanghai,TRUE,1156935253
Pengjiawan,Pengjiawan,,29.5909,109.5845,China,CN,CHN,Hunan,Hunan,CN-HN,,,155.5,,,4,Asia/Shanghai,TRUE,1156048829
Pengjiawan,Pengjiawan,,28.4668,113.6829,China,CN,CHN,Hunan,Hunan,CN-HN,,,144.0,,,4,Asia/Shanghai,TRUE,1156735625
Pengjiawan,Pengjiawan,,27.9442,110.8323,China,CN,CHN,Hunan,Hunan,CN-HN,,,76.6,,,4,Asia/Shanghai,TRUE,1156303774
Pengjiawan,Pengjiawan,,28.0928,110.5338,China,CN,CHN,Hunan,Hunan,CN-HN,,,69.2,,,4,Asia/Shanghai,TRUE,1156455980
Pengjiawan,Pengjiawan,,27.2305,112.6651,China,CN,CHN,Hunan,Hunan,CN-HN,,,51.1,,,4,Asia/Shanghai,TRUE,1156950293
Liugoutun,Liugoutun,Liugou,24.1304,106.5956,China,CN,CHN,Guangxi,Guangxi,CN-GX,,,80.0,,,4,Asia/Shanghai,FALSE,1156983239
Tangtoumiao,Tangtoumiao,,21.7672,109.8350,China,CN,CHN,Guangxi,Guangxi,CN-GX,,,255.8,,,3,Asia/Shanghai,FALSE,1156570747
Longta,Longta,,23.5640,107.7770,China,CN,CHN,Guangxi,Guangxi,CN-GX,,,126.6,,,4,Asia/Shanghai,FALSE,1156770446
Ganjiadawu,Ganjiadawu,,30.3028,116.5111,China,CN,CHN,Anhui,Anhui,CN-AH,,,438.2,,,3,Asia/Shanghai,FALSE,1156319975
Dinggonggangcun,Dinggonggangcun,,29.4984,92.9680,China,CN,CHN,Tibet,Tibet,CN-XZ,,,1.4,,,5,Asia/Shanghai,FALSE,1156119147
Shibei,Shibei,,27.2084,111.1912,China,CN,CHN,Hunan,Hunan,CN-HN,,,431.3,,,3,Asia/Shanghai,FALSE,1156479441
Shibei,Shibei,,27.4564,110.9744,China,CN,CHN,Hunan,Hunan,CN-HN,,,395.3,,,3,Asia/Shanghai,TRUE,1156051827
Shibei,Shibei,,26.9203,113.6142,China,CN,CHN,Hunan,Hunan,CN-HN,,,315.4,,,3,Asia/Shanghai,TRUE,1156641254
Shibei,Shibei,,25.7989,112.8071,China,CN,CHN,Hunan,Hunan,CN-HN,,,78.5,,,4,Asia/Shanghai,TRUE,1156956451
Shuangmiao Jiedao,Shuangmiao Jiedao,Shuangmiaocun|Shuang-miao-chi|Shuangmiao,32.1821,116.8737,China,CN,CHN,Anhui,Anhui,CN-AH,,,198.2,,,4,Asia/Shanghai,FALSE,1156472763
Kaihe Dongcun,Kaihe Dongcun,Kaihe|K’ai-ho-chen|K’ai-ho,35.6549,116.3175,China,CN,CHN,Shandong,Shandong,CN-SD,,,583.4,,,3,Asia/Shanghai,FALSE,1156434523
Shibei,Shibei,,39.4003,118.5904,China,CN,CHN,Hebei,Hebei,CN-HE,,,399.9,,,3,Asia/Shanghai,FALSE,1156248050
Yingounao,Yingounao,,33.7311,109.3456,China,CN,CHN,Shaanxi,Shaanxi,CN-SN,,,47.8,,,4,Asia/Shanghai,FALSE,1156677081
Liangzishencun,Liangzishencun,,36.1493,110.2953,China,CN,CHN,Shaanxi,Shaanxi,CN-SN,,,63.9,,,4,Asia/Shanghai,FALSE,1156987756
Qingninghou,Qingninghou,Qingyihou,38.9792,117.1508,China,CN,CHN,Tianjin,Tianjin,CN-TJ,,,2471.5,,,2,Asia/Shanghai,FALSE,1156120541
Shibei,Shibei,,32.1413,115.8330,China,CN,CHN,Henan,Henan,CN-HA,,,213.6,,,3,Asia/Shanghai,FALSE,1156219801
Hanwan,Hanwan,,35.3269,106.1280,China,CN,CHN,Gansu,Gansu,CN-GS,,,158.0,,,4,Asia/Shanghai,FALSE,1156036076
Hanwan,Hanwan,,35.3660,104.7240,China,CN,CHN,Gansu,Gansu,CN-GS,,,137.4,,,4,Asia/Shanghai,TRUE,1156128938
Hanwan,Hanwan,,33.9508,106.1849,China,CN,CHN,Gansu,Gansu,CN-GS,,,20.6,,,4,Asia/Shanghai,TRUE,1156373893
Xugou,Xugou,,33.1438,112.0347,China,CN,CHN,Henan,Henan,CN-HA,,,581.2,,,3,Asia/Shanghai,FALSE,1156895665
Xugou,Xugou,,34.7559,111.9071,China,CN,CHN,Henan,Henan,CN-HA,,,316.2,,,3,Asia/Shanghai,TRUE,1156093362
Xugou,Xugou,,33.2808,113.5748,China,CN,CHN,Henan,Henan,CN-HA,,,199.3,,,4,Asia/Shanghai,TRUE,1156932290
Xugou,Xugou,,33.4700,113.1097,China,CN,CHN,Henan,Henan,CN-HA,,,178.3,,,4,Asia/Shanghai,TRUE,1156389848
Nan’an,Nan'an,,24.4093,109.4450,China,CN,CHN,Guangxi,Guangxi,CN-GX,,,477.3,,,3,Asia/Shanghai,FALSE,1156640019
Nan’an,Nan'an,,22.2655,110.6470,China,CN,CHN,Guangxi,Guangxi,CN-GX,,,380.1,,,3,Asia/Shanghai,TRUE,1156188778
Nan’an,Nan'an,,24.3969,109.2210,China,CN,CHN,Guangxi,Guangxi,CN-GX,,,298.6,,,3,Asia/Shanghai,TRUE,1156068500
Nan’an,Nan'an,,22.9589,108.0370,China,CN,CHN,Guangxi,Guangxi,CN-GX,,,256.4,,,3,Asia/Shanghai,TRUE,1156197247
Nan’an,Nan'an,,25.1178,110.1260,China,CN,CHN,Guangxi,Guangxi,CN-GX,,,243.7,,,3,Asia/Shanghai,TRUE,1156046233
Nan’an,Nan'an,,22.7980,109.4240,China,CN,CHN,Guangxi,Guangxi,CN-GX,,,146.6,,,4,Asia/Shanghai,TRUE,1156275088
Nan’an,Nan'an,,24.0924,109.9130,China,CN,CHN,Guangxi,Guangxi,CN-GX,,,138.3,,,4,Asia/Shanghai,TRUE,1156528945
Nan’an,Nan'an,,24.0324,109.5700,China,CN,CHN,Guangxi,Guangxi,CN-GX,,,109.9,,,4,Asia/Shanghai,TRUE,1156125614
Nan’an,Nan'an,,25.2636,110.4690,China,CN,CHN,Guangxi,Guangxi,CN-GX,,,108.7,,,4,Asia/Shanghai,TRUE,1156741653
Zhaigou,Zhaigou,,34.7914,113.2932,China,CN,CHN,Henan,Henan,CN-HA,,,1061.8,,,3,Asia/Shanghai,FALSE,1156919459
Zhaigou,Zhaigou,,33.3415,112.9557,China,CN,CHN,Henan,Henan,CN-HA,,,362.1,,,3,Asia/Shanghai,TRUE,1156188760
Zhaigou,Zhaigou,,33.2598,112.5171,China,CN,CHN,Henan,Henan,CN-HA,,,255.6,,,3,Asia/Shanghai,TRUE,1156662842
Zhaigou,Zhaigou,,32.4180,113.7236,China,CN,CHN,Henan,Henan,CN-HA,,,166.6,,,4,Asia/Shanghai,TRUE,1156108652
Zhaigou,Zhaigou,,33.7026,111.1454,China,CN,CHN,Henan,Henan,CN-HA,,,157.0,,,4,Asia/Shanghai,TRUE,1156846742
Zhaigou,Zhaigou,,33.8268,111.5880,China,CN,CHN,Henan,Henan,CN-HA,,,95.5,,,4,Asia/Shanghai,TRUE,1156660074
Zhaigou,Zhaigou,,33.6469,112.1543,China,CN,CHN,Henan,Henan,CN-HA,,,51.4,,,4,Asia/Shanghai,TRUE,1156483878
Zhaigou,Zhaigou,,33.9473,112.1170,China,CN,CHN,Henan,Henan,CN-HA,,,31.0,,,4,Asia/Shanghai,TRUE,1156895017
Huayingcun,Huayingcun,,23.7580,111.5775,China,CN,CHN,Guangxi,Guangxi,CN-GX,,,146.2,,,4,Asia/Shanghai,FALSE,1156492152
Zhaigou,Zhaigou,,31.5153,114.2609,China,CN,CHN,Hubei,Hubei,CN-HB,,,333.9,,,3,Asia/Shanghai,FALSE,1156685502
Zhaigou,Zhaigou,,32.5629,111.0769,China,CN,CHN,Hubei,Hubei,CN-HB,,,259.3,,,3,Asia/Shanghai,TRUE,1156323804
Zhaigou,Zhaigou,,32.2056,111.4862,China,CN,CHN,Hubei,Hubei,CN-HB,,,113.9,,,4,Asia/Shanghai,TRUE,1156269390
Zhaigou,Zhaigou,,32.8288,110.5075,China,CN,CHN,Hubei,Hubei,CN-HB,,,110.7,,,4,Asia/Shanghai,TRUE,1156645409
Zhaigou,Zhaigou,,32.3433,113.1720,China,CN,CHN,Hubei,Hubei,CN-HB,,,74.7,,,4,Asia/Shanghai,TRUE,1156486693
Zhaigou,Zhaigou,,31.2027,110.8984,China,CN,CHN,Hubei,Hubei,CN-HB,,,51.0,,,4,Asia/Shanghai,TRUE,1156579759
Zhaigou,Zhaigou,,31.7880,110.9004,China,CN,CHN,Hubei,Hubei,CN-HB,,,48.2,,,4,Asia/Shanghai,TRUE,1156923357
Zhaigou,Zhaigou,,40.4749,114.5867,China,CN,CHN,Hebei,Hebei,CN-HE,,,45.0,,,4,Asia/Shanghai,FALSE,1156976163
Mintianban,Mintianban,,29.0322,117.8997,China,CN,CHN,Jiangxi,Jiangxi,CN-JX,,,79.2,,,4,Asia/Shanghai,FALSE,1156177837
Yi’an Shequ,Yi'an Shequ,,46.8142,130.3666,China,CN,CHN,Heilongjiang,Heilongjiang,CN-HL,,,10481.9,,,2,Asia/Shanghai,FALSE,1156544359
Yi’an Shequ,Yi'an Shequ,,46.7304,131.1222,China,CN,CHN,Heilongjiang,Heilongjiang,CN-HL,,,722.3,,,3,Asia/Shanghai,TRUE,1156544360
Shunyi,Shunyi,,49.5191,124.8994,China,CN,CHN,Inner Mongolia,Inner Mongolia,CN-NM,,,10.6,,,4,Asia/Shanghai,FALSE,1156262686
Shangxiakan,Shangxiakan,,42.1302,124.4400,China,CN,CHN,Liaoning,Liaoning,CN-LN,,,61.5,,,4,Asia/Shanghai,FALSE,1156354076
Wenxiyuan,Wenxiyuan,,25.0088,112.0571,China,CN,CHN,Hunan,Hunan,CN-HN,,,42.6,,,4,Asia/Shanghai,FALSE,1156211958
Zhusha,Zhusha,,29.6852,107.1897,China,CN,CHN,Chongqing,Chongqing,CN-CQ,,,760.6,,,3,Asia/Shanghai,FALSE,1156741452
Zhusha,Zhusha,,29.5233,108.4827,China,CN,CHN,Chongqing,Chongqing,CN-CQ,,,358.0,,,3,Asia/Shanghai,TRUE,1156747118
Zhusha,Zhusha,,31.1837,108.7146,China,CN,CHN,Chongqing,Chongqing,CN-CQ,,,108.6,,,4,Asia/Shanghai,TRUE,1156010788
Shenling Gang,Shenling Gang,,28.0369,116.7537,China,CN,CHN,Jiangxi,Jiangxi,CN-JX,,,174.7,,,4,Asia/Shanghai,FALSE,1156169833
Aimenguan,Aimenguan,,28.7744,108.6556,China,CN,CHN,Chongqing,Chongqing,CN-CQ,,,165.7,,,4,Asia/Shanghai,FALSE,1156010003
Zhangling’ao,Zhangling'ao,,27.7204,110.9766,China,CN,CHN,Hunan,Hunan,CN-HN,,,128.7,,,4,Asia/Shanghai,FALSE,1156852596
Datianzhuangcun,Datianzhuangcun,,35.6565,117.9244,China,CN,CHN,Shandong,Shandong,CN-SD,,,1670.0,,,3,Asia/Shanghai,FALSE,1156077396
Datianzhuangcun,Datianzhuangcun,,36.1547,118.1097,China,CN,CHN,Shandong,Shandong,CN-SD,,,1040.3,,,3,Asia/Shanghai,TRUE,1156068150
Datianzhuangcun,Datianzhuangcun,,38.0331,117.5667,China,CN,CHN,Shandong,Shandong,CN-SD,,,702.4,,,3,Asia/Shanghai,TRUE,1156472733
Datianzhuangcun,Datianzhuangcun,,36.5533,118.4682,China,CN,CHN,Shandong,Shandong,CN-SD,,,121.6,,,4,Asia/Shanghai,TRUE,1156812967
Lagaocun,Lagaocun,,25.8243,107.3080,China,CN,CHN,Guizhou,Guizhou,CN-GZ,,,333.8,,,3,Asia/Shanghai,FALSE,1156388321
Lagaocun,Lagaocun,,24.2068,107.1270,China,CN,CHN,Guangxi,Guangxi,CN-GX,,,114.5,,,4,Asia/Shanghai,FALSE,1156372672
Tangjiabu,Tangjiabu,,29.8364,112.9838,China,CN,CHN,Hubei,Hubei,CN-HB,,,216.9,,,3,Asia/Shanghai,FALSE,1156952424