city,city_ascii,city_alt,lat,lng,country,iso2,iso3,admin_name,admin_name_ascii,admin_code,admin_type,capital,density,population,population_proper,ranking,timezone,same_name,id
Baihua Sandui,Baihua Sandui,,50.2305,124.1803,China,CN,CHN,Inner Mongolia,Inner Mongolia,CN-NM,,,4.0,,,5,Asia/Shanghai,FALSE,1156966948
Xufengcun,Xufengcun,,31.8913,120.5987,China,CN,CHN,Jiangsu,Jiangsu,CN-JS,,,412.1,,,3,Asia/Shanghai,FALSE,1156368650
Shanglihuaping,Shanglihuaping,,36.8242,105.6450,China,CN,CHN,Ningxia,Ningxia,CN-NX,,,35.8,,,4,Asia/Shanghai,FALSE,1156768005
Sanjia,Sanjia,,29.5966,103.5710,China,CN,CHN,Sichuan,Sichuan,CN-SC,,,920.4,,,3,Asia/Shanghai,FALSE,1156179715
Sanjia,Sanjia,,31.6058,107.6650,China,CN,CHN,Sichuan,Sichuan,CN-SC,,,396.8,,,3,Asia/Shanghai,TRUE,1156212715
Sanjia,Sanjia,,28.1203,102.1740,China,CN,CHN,Sichuan,Sichuan,CN-SC,,,269.5,,,3,Asia/Shanghai,TRUE,1156660649
Sanjia,Sanjia,,26.6873,102.9540,China,CN,CHN,Sichuan,Sichuan,CN-SC,,,209.9,,,3,Asia/Shanghai,TRUE,1156616414
Sanjia,Sanjia,,26.3592,102.2740,China,CN,CHN,Sichuan,Sichuan,CN-SC,,,180.9,,,4,Asia/Shanghai,TRUE,1156639456
Sanjia,Sanjia,,26.6113,103.0220,China,CN,CHN,Sichuan,Sichuan,CN-SC,,,134.4,,,4,Asia/Shanghai,TRUE,1156888568
Sanjia,Sanjia,,26.9808,102.2290,China,CN,CHN,Sichuan,Sichuan,CN-SC,,,120.7,,,4,Asia/Shanghai,TRUE,1156441661
Sanjia,Sanjia,,26.1263,101.9610,China,CN,CHN,Sichuan,Sichuan,CN-SC,,,98.0,,,4,Asia/Shanghai,TRUE,1156711435
Sanjia,Sanjia,,26.4859,101.8950,China,CN,CHN,Sichuan,Sichuan,CN-SC,,,94.5,,,4,Asia/Shanghai,TRUE,1156741761
Sanjia,Sanjia,,26.4459,102.6900,China,CN,CHN,Sichuan,Sichuan,CN-SC,,,71.4,,,4,Asia/Shanghai,TRUE,1156182216
Sanjia,Sanjia,,27.0037,101.5370,China,CN,CHN,Sichuan,Sichuan,CN-SC,,,54.0,,,4,Asia/Shanghai,TRUE,1156751519
Sanjia,Sanjia,,27.3362,101.2570,China,CN,CHN,Sichuan,Sichuan,CN-SC,,,48.8,,,4,Asia/Shanghai,TRUE,1156582577
Sanjia,Sanjia,,26.2673,102.1110,China,CN,CHN,Sichuan,Sichuan,CN-SC,,,42.0,,,4,Asia/Shanghai,TRUE,1156038897
Sanjia,Sanjia,,27.1116,101.3250,China,CN,CHN,Sichuan,Sichuan,CN-SC,,,40.6,,,4,Asia/Shanghai,TRUE,1156629100
Sanjia,Sanjia,,27.6243,101.0260,China,CN,CHN,Sichuan,Sichuan,CN-SC,,,34.8,,,4,Asia/Shanghai,TRUE,1156554775
Sanjia,Sanjia,,27.8491,101.1420,China,CN,CHN,Sichuan,Sichuan,CN-SC,,,32.7,,,4,Asia/Shanghai,TRUE,1156179903
Sanjia,Sanjia,,26.8916,102.3860,China,CN,CHN,Sichuan,Sichuan,CN-SC,,,21.3,,,4,Asia/Shanghai,TRUE,1156800642
Sanjia,Sanjia,,27.7756,101.3140,China,CN,CHN,Sichuan,Sichuan,CN-SC,,,20.3,,,4,Asia/Shanghai,TRUE,1156973088
Sanjia,Sanjia,,27.9786,101.0410,China,CN,CHN,Sichuan,Sichuan,CN-SC,,,16.8,,,4,Asia/Shanghai,TRUE,1156179932
Sanjia,Sanjia,,28.0625,100.9670,China,CN,CHN,Sichuan,Sichuan,CN-SC,,,10.5,,,4,Asia/Shanghai,TRUE,1156745251
Sanjia,Sanjia,,28.2036,101.1570,China,CN,CHN,Sichuan,Sichuan,CN-SC,,,10.5,,,4,Asia/Shanghai,TRUE,1156843989
Haolingcun,Haolingcun,,29.4331,120.7306,China,CN,CHN,Zhejiang,Zhejiang,CN-ZJ,,,96.2,,,4,Asia/Shanghai,FALSE,1156415447
Haolingcun,Haolingcun,,29.0526,118.0722,China,CN,CHN,Zhejiang,Zhejiang,CN-ZJ,,,62.5,,,4,Asia/Shanghai,TRUE,1156405947
Dayanping,Dayanping,,28.0801,104.1660,China,CN,CHN,Yunnan,Yunnan,CN-YN,,,158.6,,,4,Asia/Shanghai,FALSE,1156565384
Pengjia’ao,Pengjia'ao,,27.6377,107.8230,China,CN,CHN,Guizhou,Guizhou,CN-GZ,,,71.9,,,4,Asia/Shanghai,FALSE,1156330305
Pianpozi,Pianpozi,,44.2785,125.5633,China,CN,CHN,Jilin,Jilin,CN-JL,,,127.6,,,4,Asia/Shanghai,FALSE,1156544890
Baiheqi,Baiheqi,,21.7038,108.4730,China,CN,CHN,Guangxi,Guangxi,CN-GX,,,278.6,,,3,Asia/Shanghai,FALSE,1156392062
Baiheqi,Baiheqi,,21.7708,109.1500,China,CN,CHN,Guangxi,Guangxi,CN-GX,,,194.2,,,4,Asia/Shanghai,TRUE,1156881384
Maohe,Maohe,,32.0704,112.6605,China,CN,CHN,Hubei,Hubei,CN-HB,,,330.9,,,3,Asia/Shanghai,FALSE,1156217189
Maohe,Maohe,Maohe Xiang,31.3421,113.3397,China,CN,CHN,Hubei,Hubei,CN-HB,,,163.8,,,4,Asia/Shanghai,TRUE,1156248554
Tibiancun,Tibiancun,,23.5010,116.6973,China,CN,CHN,Guangdong,Guangdong,CN-GD,,,3913.8,,,2,Asia/Shanghai,FALSE,1156688893
Bayinwen Du’ercun,Bayinwen Du'ercun,,46.7865,85.1729,China,CN,CHN,Xinjiang,Xinjiang,CN-XJ,,,1.5,,,5,Asia/Shanghai,FALSE,1156427955
Beidong Dadui,Beidong Dadui,,38.7917,103.2310,China,CN,CHN,Gansu,Gansu,CN-GS,,,29.7,,,4,Asia/Shanghai,FALSE,1156857190
Shucao Guanzhuangcun,Shucao Guanzhuangcun,,35.4777,118.6746,China,CN,CHN,Shandong,Shandong,CN-SD,,,830.7,,,3,Asia/Shanghai,FALSE,1156519805
Matiancun,Matiancun,,21.9370,109.8798,China,CN,CHN,Guangxi,Guangxi,CN-GX,,,317.5,,,3,Asia/Shanghai,FALSE,1156543367
Matiancun,Matiancun,Matian,26.2967,111.1286,China,CN,CHN,Guangxi,Guangxi,CN-GX,,,241.2,,,3,Asia/Shanghai,TRUE,1156111826
Yange Boyicun,Yange Boyicun,,41.3078,80.2535,China,CN,CHN,Xinjiang,Xinjiang,CN-XJ,,,467.7,,,3,Asia/Shanghai,FALSE,1156423972
Songyuanzhuang,Songyuanzhuang,,32.9444,118.9465,China,CN,CHN,Anhui,Anhui,CN-AH,,,244.5,,,3,Asia/Shanghai,FALSE,1156148034
Ranfangyingcun,Ranfangyingcun,,33.1029,107.0835,China,CN,CHN,Shaanxi,Shaanxi,CN-SN,,,579.3,,,3,Asia/Shanghai,FALSE,1156114982
Jiajiazhai,Jiajiazhai,,28.9511,109.4078,China,CN,CHN,Hunan,Hunan,CN-HN,,,145.8,,,4,Asia/Shanghai,FALSE,1156240631
Lijiachong,Lijiachong,,26.6477,106.5470,China,CN,CHN,Guizhou,Guizhou,CN-GZ,,,790.5,,,3,Asia/Shanghai,FALSE,1156455267
Lijiachong,Lijiachong,,26.5409,107.7540,China,CN,CHN,Guizhou,Guizhou,CN-GZ,,,127.0,,,4,Asia/Shanghai,TRUE,1156173781
Lijiachong,Lijiachong,,26.1135,105.3910,China,CN,CHN,Guizhou,Guizhou,CN-GZ,,,86.9,,,4,Asia/Shanghai,TRUE,1156167795
Yuepingcun,Yuepingcun,,26.1603,115.2215,China,CN,CHN,Jiangxi,Jiangxi,CN-JX,,,318.1,,,3,Asia/Shanghai,FALSE,1156973568
Dijiagong,Dijiagong,,32.4292,96.0584,China,CN,CHN,Qinghai,Qinghai,CN-QH,,,6.1,,,5,Asia/Shanghai,FALSE,1156646500
Xinmin Liuzu,Xinmin Liuzu,,33.3961,120.1790,China,CN,CHN,Jiangsu,Jiangsu,CN-JS,,,2331.5,,,2,Asia/Shanghai,FALSE,1156997293
Xinmin Liuzu,Xinmin Liuzu,,32.0377,120.3004,China,CN,CHN,Jiangsu,Jiangsu,CN-JS,,,651.4,,,3,Asia/Shanghai,TRUE,1156038112
Zhangweizhuangcun,Zhangweizhuangcun,,35.2063,116.3979,China,CN,CHN,Shandong,Shandong,CN-SD,,,1016.2,,,3,Asia/Shanghai,FALSE,1156488402
Dalizhuangcun,Dalizhuangcun,,35.0249,116.6468,China,CN,CHN,Shandong,Shandong,CN-SD,,,1636.9,,,3,Asia/Shanghai,FALSE,1156501953
Dalizhuangcun,Dalizhuangcun,,35.2479,115.7465,China,CN,CHN,Shandong,Shandong,CN-SD,,,1446.7,,,3,Asia/Shanghai,TRUE,1156366478
Dalizhuangcun,Dalizhuangcun,,35.3831,116.0661,China,CN,CHN,Shandong,Shandong,CN-SD,,,1163.0,,,3,Asia/Shanghai,TRUE,1156501948
Dalizhuangcun,Dalizhuangcun,,36.6330,116.8153,China,CN,CHN,Shandong,Shandong,CN-SD,,,781.6,,,3,Asia/Shanghai,TRUE,1156501954
Dalizhuangcun,Dalizhuangcun,,34.8637,115.7177,China,CN,CHN,Shandong,Shandong,CN-SD,,,600.1,,,3,Asia/Shanghai,TRUE,1156435372
Dalizhuangcun,Dalizhuangcun,,34.6654,117.8961,China,CN,CHN,Shandong,Shandong,CN-SD,,,590.1,,,3,Asia/Shanghai,TRUE,1156157487
Dalizhuangcun,Dalizhuangcun,,35.6932,116.2703,China,CN,CHN,Shandong,Shandong,CN-SD,,,583.4,,,3,Asia/Shanghai,TRUE,1156501949
Dalizhuangcun,Dalizhuangcun,,34.9967,115.9483,China,CN,CHN,Shandong,Shandong,CN-SD,,,583.2,,,3,Asia/Shanghai,TRUE,1156501956
Dalizhuangcun,Dalizhuangcun,,35.0564,117.5086,China,CN,CHN,Shandong,Shandong,CN-SD,,,561.4,,,3,Asia/Shanghai,TRUE,1156502153
Dalizhuangcun,Dalizhuangcun,,37.0531,117.6945,China,CN,CHN,Shandong,Shandong,CN-SD,,,545.3,,,3,Asia/Shanghai,TRUE,1156501962
Dalizhuangcun,Dalizhuangcun,,35.7905,116.4480,China,CN,CHN,Shandong,Shandong,CN-SD,,,539.5,,,3,Asia/Shanghai,TRUE,1156501947
Dalizhuangcun,Dalizhuangcun,,34.9829,116.1977,China,CN,CHN,Shandong,Shandong,CN-SD,,,537.6,,,3,Asia/Shanghai,TRUE,1156501957
Dalizhuangcun,Dalizhuangcun,,37.2920,116.0031,China,CN,CHN,Shandong,Shandong,CN-SD,,,509.6,,,3,Asia/Shanghai,TRUE,1156457695
Dalizhuangcun,Dalizhuangcun,,35.0647,114.9433,China,CN,CHN,Shandong,Shandong,CN-SD,,,461.8,,,3,Asia/Shanghai,TRUE,1156213552
Dalizhuangcun,Dalizhuangcun,,35.6941,115.7683,China,CN,CHN,Shandong,Shandong,CN-SD,,,451.5,,,3,Asia/Shanghai,TRUE,1156501961
Dalizhuangcun,Dalizhuangcun,,35.2383,116.5785,China,CN,CHN,Shandong,Shandong,CN-SD,,,416.9,,,3,Asia/Shanghai,TRUE,1156501955
Dalizhuangcun,Dalizhuangcun,,37.5487,118.3012,China,CN,CHN,Shandong,Shandong,CN-SD,,,404.4,,,3,Asia/Shanghai,TRUE,1156501959
Dalizhuangcun,Dalizhuangcun,,35.7246,117.5017,China,CN,CHN,Shandong,Shandong,CN-SD,,,392.2,,,3,Asia/Shanghai,TRUE,1156501966
Dalizhuangcun,Dalizhuangcun,Dalizhuang,37.4427,116.7403,China,CN,CHN,Shandong,Shandong,CN-SD,,,390.1,,,3,Asia/Shanghai,TRUE,1156276654
Dalizhuangcun,Dalizhuangcun,,37.1178,116.6893,China,CN,CHN,Shandong,Shandong,CN-SD,,,327.4,,,3,Asia/Shanghai,TRUE,1156457696
Dalizhuangcun,Dalizhuangcun,,34.9749,115.3927,China,CN,CHN,Shandong,Shandong,CN-SD,,,308.8,,,3,Asia/Shanghai,TRUE,1156436376
Chenxiubang,Chenxiubang,,30.7876,120.6864,China,CN,CHN,Zhejiang,Zhejiang,CN-ZJ,,,1340.9,,,3,Asia/Shanghai,FALSE,1156124315
Hujiliang,Hujiliang,,37.7262,107.4320,China,CN,CHN,Ningxia,Ningxia,CN-NX,,,103.1,,,4,Asia/Shanghai,FALSE,1156138675
Xiabalei,Xiabalei,,24.2000,107.5080,China,CN,CHN,Guangxi,Guangxi,CN-GX,,,50.3,,,4,Asia/Shanghai,FALSE,1156254295
Xikaoshantun,Xikaoshantun,,43.8367,125.1352,China,CN,CHN,Jilin,Jilin,CN-JL,,,315.8,,,3,Asia/Shanghai,FALSE,1156581189
Mingdejie Shequ,Mingdejie Shequ,,36.3543,114.3784,China,CN,CHN,Hebei,Hebei,CN-HE,,,1721.2,,,3,Asia/Shanghai,FALSE,1156442863
Shila,Shila,,31.7768,118.9678,China,CN,CHN,Jiangsu,Jiangsu,CN-JS,,,485.3,,,3,Asia/Shanghai,FALSE,1156802616
Linjin,Linjin,,31.0071,104.7732,China,CN,CHN,Sichuan,Sichuan,CN-SC,,,687.5,,,3,Asia/Shanghai,FALSE,1156130033
Shangnongmentun,Shangnongmentun,Shangnongmen,24.3750,106.7934,China,CN,CHN,Guangxi,Guangxi,CN-GX,,,97.0,,,4,Asia/Shanghai,FALSE,1156282196
Xia’ercun,Xia'ercun,,28.3331,120.4273,China,CN,CHN,Zhejiang,Zhejiang,CN-ZJ,,,42.2,,,4,Asia/Shanghai,FALSE,1156386279
Liushiba,Liushiba,,44.4263,123.5815,China,CN,CHN,Jilin,Jilin,CN-JL,,,54.5,,,4,Asia/Shanghai,FALSE,1156624259
Zimushi,Zimushi,,27.5489,102.9940,China,CN,CHN,Sichuan,Sichuan,CN-SC,,,34.5,,,4,Asia/Shanghai,FALSE,1156411838
Kejialing,Kejialing,,28.4466,116.8695,China,CN,CHN,Jiangxi,Jiangxi,CN-JX,,,366.1,,,3,Asia/Shanghai,FALSE,1156516005
Lizuizi,Lizuizi,,36.7576,107.7381,China,CN,CHN,Gansu,Gansu,CN-GS,,,18.9,,,4,Asia/Shanghai,FALSE,1156722323
Lujia Junzicun,Lujia Junzicun,,35.4086,118.9920,China,CN,CHN,Shandong,Shandong,CN-SD,,,434.5,,,3,Asia/Shanghai,FALSE,1156473372
Dongtang,Dongtang,,19.3000,110.6022,China,CN,CHN,Hainan,Hainan,CN-HI,,,113.4,,,4,Asia/Shanghai,FALSE,1156556080
Nanzhangshi Ercun,Nanzhangshi Ercun,,36.7859,119.1508,China,CN,CHN,Shandong,Shandong,CN-SD,,,343.1,,,3,Asia/Shanghai,FALSE,1156479458
Nanfangcun,Nanfangcun,,28.6325,115.9412,China,CN,CHN,Jiangxi,Jiangxi,CN-JX,,,1797.8,,,3,Asia/Shanghai,FALSE,1156680916
Nanfangcun,Nanfangcun,,28.8064,115.9362,China,CN,CHN,Jiangxi,Jiangxi,CN-JX,,,516.5,,,3,Asia/Shanghai,TRUE,1156626607
Nanfangcun,Nanfangcun,,28.5173,116.0453,China,CN,CHN,Jiangxi,Jiangxi,CN-JX,,,475.3,,,3,Asia/Shanghai,TRUE,1156999516
Guangtao Muchang,Guangtao Muchang,,30.4839,95.4668,China,CN,CHN,Tibet,Tibet,CN-XZ,,,6.3,,,5,Asia/Shanghai,FALSE,1156736605
Shamugang,Shamugang,,27.4947,107.8970,China,CN,CHN,Guizhou,Guizhou,CN-GZ,,,163.4,,,4,Asia/Shanghai,FALSE,1156997852
Jienong,Jienong,,30.9590,90.0237,China,CN,CHN,Tibet,Tibet,CN-XZ,,,0.7,,,5,Asia/Shanghai,FALSE,1156997987
Liuhetun,Liuhetun,,44.7500,126.5667,China,CN,CHN,Jilin,Jilin,CN-JL,,,312.4,,,3,Asia/Shanghai,FALSE,1156347771
Liuhetun,Liuhetun,,45.5799,123.3834,China,CN,CHN,Jilin,Jilin,CN-JL,,,225.2,,,3,Asia/Shanghai,TRUE,1156688927
Liuhetun,Liuhetun,,42.9573,126.2355,China,CN,CHN,Jilin,Jilin,CN-JL,,,76.4,,,4,Asia/Shanghai,TRUE,1156009817
Liuhetun,Liuhetun,,45.6448,122.5205,China,CN,CHN,Jilin,Jilin,CN-JL,,,73.4,,,4,Asia/Shanghai,TRUE,1156820728
Liuhetun,Liuhetun,,43.8991,123.8941,China,CN,CHN,Jilin,Jilin,CN-JL,,,50.0,,,4,Asia/Shanghai,TRUE,1156334576
Longfutun,Longfutun,Longfu,22.7136,107.7679,China,CN,CHN,Guangxi,Guangxi,CN-GX,,,109.6,,,4,Asia/Shanghai,FALSE,1156974311
Xiasanhaocun,Xiasanhaocun,,42.1009,86.6604,China,CN,CHN,Xinjiang,Xinjiang,CN-XJ,,,255.2,,,3,Asia/Shanghai,FALSE,1156351312
Dakenglicun,Dakenglicun,,28.1426,121.2124,China,CN,CHN,Zhejiang,Zhejiang,CN-ZJ,,,2816.1,,,2,Asia/Shanghai,FALSE,1156392930
Maloucun,Maloucun,,34.8283,117.1338,China,CN,CHN,Shandong,Shandong,CN-SD,,,2704.0,,,2,Asia/Shanghai,FALSE,1156490896
Maloucun,Maloucun,,35.3472,116.0522,China,CN,CHN,Shandong,Shandong,CN-SD,,,1324.9,,,3,Asia/Shanghai,TRUE,1156833897
Maloucun,Maloucun,,37.0237,118.4673,China,CN,CHN,Shandong,Shandong,CN-SD,,,1212.5,,,3,Asia/Shanghai,TRUE,1156490899
Maloucun,Maloucun,,35.0473,115.4553,China,CN,CHN,Shandong,Shandong,CN-SD,,,864.3,,,3,Asia/Shanghai,TRUE,1156436467
Maloucun,Maloucun,,35.1033,116.9925,China,CN,CHN,Shandong,Shandong,CN-SD,,,769.6,,,3,Asia/Shanghai,TRUE,1156490895
Maloucun,Maloucun,,36.0946,115.9435,China,CN,CHN,Shandong,Shandong,CN-SD,,,705.1,,,3,Asia/Shanghai,TRUE,1156716430
Maloucun,Maloucun,,35.5561,116.6099,China,CN,CHN,Shandong,Shandong,CN-SD,,,641.5,,,3,Asia/Shanghai,TRUE,1156490894
Maloucun,Maloucun,,34.8597,115.3325,China,CN,CHN,Shandong,Shandong,CN-SD,,,594.8,,,3,Asia/Shanghai,TRUE,1156434920
Maloucun,Maloucun,,35.2079,115.6589,China,CN,CHN,Shandong,Shandong,CN-SD,,,591.6,,,3,Asia/Shanghai,TRUE,1156982418
Maloucun,Maloucun,,34.9339,115.6323,China,CN,CHN,Shandong,Shandong,CN-SD,,,580.7,,,3,Asia/Shanghai,TRUE,1156436059
Maloucun,Maloucun,,35.9546,116.0345,China,CN,CHN,Shandong,Shandong,CN-SD,,,573.8,,,3,Asia/Shanghai,TRUE,1156490882
Maloucun,Maloucun,,35.0303,116.3359,China,CN,CHN,Shandong,Shandong,CN-SD,,,565.7,,,3,Asia/Shanghai,TRUE,1156550092
Maloucun,Maloucun,,35.1699,115.8395,China,CN,CHN,Shandong,Shandong,CN-SD,,,565.0,,,3,Asia/Shanghai,TRUE,1156490891
Maloucun,Maloucun,,34.7998,117.8228,China,CN,CHN,Shandong,Shandong,CN-SD,,,533.9,,,3,Asia/Shanghai,TRUE,1156490886
Maloucun,Maloucun,,34.7927,116.2339,China,CN,CHN,Shandong,Shandong,CN-SD,,,483.3,,,3,Asia/Shanghai,TRUE,1156490885
Maloucun,Maloucun,,35.0130,115.8633,China,CN,CHN,Shandong,Shandong,CN-SD,,,455.5,,,3,Asia/Shanghai,TRUE,1156780923
Maloucun,Maloucun,,35.5575,115.7777,China,CN,CHN,Shandong,Shandong,CN-SD,,,454.2,,,3,Asia/Shanghai,TRUE,1156490898
Maloucun,Maloucun,,36.0423,116.4790,China,CN,CHN,Shandong,Shandong,CN-SD,,,448.1,,,3,Asia/Shanghai,TRUE,1156490883
Maloucun,Maloucun,,34.8022,117.7560,China,CN,CHN,Shandong,Shandong,CN-SD,,,433.3,,,3,Asia/Shanghai,TRUE,1156258729
Maloucun,Maloucun,,34.9395,115.2569,China,CN,CHN,Shandong,Shandong,CN-SD,,,423.1,,,3,Asia/Shanghai,TRUE,1156338921
Maloucun,Maloucun,,35.6246,115.7505,China,CN,CHN,Shandong,Shandong,CN-SD,,,392.2,,,3,Asia/Shanghai,TRUE,1156261931
Maloucun,Maloucun,,36.5832,115.7391,China,CN,CHN,Shandong,Shandong,CN-SD,,,363.7,,,3,Asia/Shanghai,TRUE,1156169814
Maloucun,Maloucun,,34.7501,116.3432,China,CN,CHN,Shandong,Shandong,CN-SD,,,316.9,,,3,Asia/Shanghai,TRUE,1156257607
Xiahutong,Xiahutong,,26.9172,111.2953,China,CN,CHN,Hunan,Hunan,CN-HN,,,689.9,,,3,Asia/Shanghai,FALSE,1156655366
Nanzhaobu,Nanzhaobu,,38.6490,115.8060,China,CN,CHN,Hebei,Hebei,CN-HE,,,1419.5,,,3,Asia/Shanghai,FALSE,1156327391
Shangwuchecun,Shangwuchecun,,21.6659,110.9060,China,CN,CHN,Guangdong,Guangdong,CN-GD,,,639.1,,,3,Asia/Shanghai,FALSE,1156553877
Zengjing Shequ,Zengjing Shequ,Zengjing,24.8087,118.5738,China,CN,CHN,Fujian,Fujian,CN-FJ,,,9208.4,,,2,Asia/Shanghai,FALSE,1156065358
Bijiapu,Bijiapu,,44.0890,125.1010,China,CN,CHN,Jilin,Jilin,CN-JL,,,416.7,,,3,Asia/Shanghai,FALSE,1156087828
Tianjiaxi,Tianjiaxi,,27.4731,109.3839,China,CN,CHN,Hunan,Hunan,CN-HN,,,210.9,,,3,Asia/Shanghai,FALSE,1156779857
Madidacun,Madidacun,Ma-ti-ta|Ma-ti|Madida,42.9278,130.8062,China,CN,CHN,Jilin,Jilin,CN-JL,,,4.1,,,4,Asia/Shanghai,FALSE,1156141461
Majiabuzi,Majiabuzi,,41.5095,115.0842,China,CN,CHN,Hebei,Hebei,CN-HE,,,51.0,,,4,Asia/Shanghai,FALSE,1156924110
Yipiju,Yipiju,,25.5956,101.4730,China,CN,CHN,Yunnan,Yunnan,CN-YN,,,38.0,,,4,Asia/Shanghai,FALSE,1156147266
Zhongyihecun,Zhongyihecun,,34.8739,117.6922,China,CN,CHN,Shandong,Shandong,CN-SD,,,577.4,,,3,Asia/Shanghai,FALSE,1156267101
Zhongyihecun,Zhongyihecun,,36.3916,116.7753,China,CN,CHN,Shandong,Shandong,CN-SD,,,275.5,,,3,Asia/Shanghai,TRUE,1156548963
Pengbu Xinzhai,Pengbu Xinzhai,,23.1653,102.3400,China,CN,CHN,Yunnan,Yunnan,CN-YN,,,116.4,,,4,Asia/Shanghai,FALSE,1156661856
Gaosongcun,Gaosongcun,,30.5760,117.1851,China,CN,CHN,Anhui,Anhui,CN-AH,,,615.1,,,3,Asia/Shanghai,FALSE,1156191232
Sujia’ao,Sujia'ao,,29.4792,121.5063,China,CN,CHN,Zhejiang,Zhejiang,CN-ZJ,,,757.8,,,3,Asia/Shanghai,FALSE,1156044492
Baogan,Baogan,,37.0035,102.5960,China,CN,CHN,Gansu,Gansu,CN-GS,,,14.1,,,4,Asia/Shanghai,FALSE,1156271408
Huhoucun,Huhoucun,,27.8604,119.2857,China,CN,CHN,Zhejiang,Zhejiang,CN-ZJ,,,30.4,,,4,Asia/Shanghai,FALSE,1156374441
Xipocun,Xipocun,,40.4442,116.9118,China,CN,CHN,Beijing,Beijing,CN-BJ,,,518.0,,,3,Asia/Shanghai,FALSE,1156841137
Miaoshangcun,Miaoshangcun,,35.8326,114.7135,China,CN,CHN,Henan,Henan,CN-HA,,,953.6,,,3,Asia/Shanghai,FALSE,1156411715
Miaoshangcun,Miaoshangcun,,33.7806,111.0885,China,CN,CHN,Henan,Henan,CN-HA,,,141.6,,,4,Asia/Shanghai,TRUE,1156127692
Miaoshangcun,Miaoshangcun,,33.4756,111.1145,China,CN,CHN,Henan,Henan,CN-HA,,,131.1,,,4,Asia/Shanghai,TRUE,1156457910
Miaoshangcun,Miaoshangcun,,34.5754,110.4745,China,CN,CHN,Henan,Henan,CN-HA,,,119.9,,,4,Asia/Shanghai,TRUE,1156044655
Miaoshangcun,Miaoshangcun,,31.7636,114.3529,China,CN,CHN,Henan,Henan,CN-HA,,,81.7,,,4,Asia/Shanghai,TRUE,1156541811
Miaoshangcun,Miaoshangcun,,34.2980,111.3169,China,CN,CHN,Henan,Henan,CN-HA,,,48.8,,,4,Asia/Shanghai,TRUE,1156104532
Miaoshangcun,Miaoshangcun,,34.0232,110.6921,China,CN,CHN,Henan,Henan,CN-HA,,,47.1,,,4,Asia/Shanghai,TRUE,1156366411
Miaoshangcun,Miaoshangcun,,33.6927,111.9350,China,CN,CHN,Henan,Henan,CN-HA,,,41.3,,,4,Asia/Shanghai,TRUE,1156365002
Xinmanzhang,Xinmanzhang,,23.5250,100.6880,China,CN,CHN,Yunnan,Yunnan,CN-YN,,,87.1,,,4,Asia/Shanghai,FALSE,1156977715
Lishuyan,Lishuyan,Li-shu-yen,36.6309,113.1044,China,CN,CHN,Shanxi,Shanxi,CN-SX,,,101.8,,,4,Asia/Shanghai,FALSE,1156150459
Zhizhou,Zhizhou,,23.7331,105.7300,China,CN,CHN,Yunnan,Yunnan,CN-YN,,,116.3,,,4,Asia/Shanghai,FALSE,1156494973
Geluowaluo,Geluowaluo,,27.9605,102.6850,China,CN,CHN,Sichuan,Sichuan,CN-SC,,,47.4,,,4,Asia/Shanghai,FALSE,1156175826
Shuilushang,Shuilushang,,26.4783,104.3500,China,CN,CHN,Yunnan,Yunnan,CN-YN,,,269.1,,,3,Asia/Shanghai,FALSE,1156670300
Songyanwangcun,Songyanwangcun,,29.8437,121.4787,China,CN,CHN,Zhejiang,Zhejiang,CN-ZJ,,,3782.3,,,2,Asia/Shanghai,FALSE,1156403681
Zhengjiazhuangzicun,Zhengjiazhuangzicun,,35.7656,119.2292,China,CN,CHN,Shandong,Shandong,CN-SD,,,1279.2,,,3,Asia/Shanghai,FALSE,1156280853
Zhengjiazhuangzicun,Zhengjiazhuangzicun,,36.8167,118.5094,China,CN,CHN,Shandong,Shandong,CN-SD,,,684.6,,,3,Asia/Shanghai,TRUE,1156566097
Zhengjiazhuangzicun,Zhengjiazhuangzicun,,37.1696,118.8762,China,CN,CHN,Shandong,Shandong,CN-SD,,,185.8,,,4,Asia/Shanghai,TRUE,1156144790
Yanglaowan,Yanglaowan,,34.3808,113.4694,China,CN,CHN,Henan,Henan,CN-HA,,,567.0,,,3,Asia/Shanghai,FALSE,1156260664
Xiacaigouliang,Xiacaigouliang,,39.2689,110.7637,China,CN,CHN,Shaanxi,Shaanxi,CN-SN,,,84.2,,,4,Asia/Shanghai,FALSE,1156736898
Houxiewan,Houxiewan,,34.7069,114.4456,China,CN,CHN,Henan,Henan,CN-HA,,,400.6,,,3,Asia/Shanghai,FALSE,1156253806
Houxiewan,Houxiewan,,34.0514,113.1575,China,CN,CHN,Henan,Henan,CN-HA,,,230.1,,,3,Asia/Shanghai,TRUE,1156086505
Yongqiangcun,Yongqiangcun,,42.5058,125.7614,China,CN,CHN,Jilin,Jilin,CN-JL,,,197.0,,,4,Asia/Shanghai,FALSE,1156687664
Yongqiangcun,Yongqiangcun,,45.5941,123.7255,China,CN,CHN,Jilin,Jilin,CN-JL,,,89.6,,,4,Asia/Shanghai,TRUE,1156695954
Yongqiangcun,Yongqiangcun,,43.4670,127.9998,China,CN,CHN,Jilin,Jilin,CN-JL,,,73.6,,,4,Asia/Shanghai,TRUE,1156066679
Dongsunba,Dongsunba,Tung-sun-pa,29.2961,106.3825,China,CN,CHN,Chongqing,Chongqing,CN-CQ,,,1151.4,,,3,Asia/Shanghai,FALSE,1156079845
Xiaheiwocun,Xiaheiwocun,,40.3213,116.9110,China,CN,CHN,Beijing,Beijing,CN-BJ,,,218.8,,,3,Asia/Shanghai,FALSE,1156232265
Xifengcun,Xifengcun,Xifeng,26.1058,118.7906,China,CN,CHN,Fujian,Fujian,CN-FJ,,,1013.9,,,3,Asia/Shanghai,FALSE,1156952518
Xifengcun,Xifengcun,Xifeng,24.9895,118.4748,China,CN,CHN,Fujian,Fujian,CN-FJ,,,720.0,,,3,Asia/Shanghai,TRUE,1156038414
Xifengcun,Xifengcun,,24.9787,118.2134,China,CN,CHN,Fujian,Fujian,CN-FJ,,,610.3,,,3,Asia/Shanghai,TRUE,1156431929
Xifengcun,Xifengcun,Xifeng,24.3146,117.8796,China,CN,CHN,Fujian,Fujian,CN-FJ,,,454.2,,,3,Asia/Shanghai,TRUE,1156654888
Xifengcun,Xifengcun,Xifeng,26.9143,116.7247,China,CN,CHN,Fujian,Fujian,CN-FJ,,,51.7,,,4,Asia/Shanghai,TRUE,1156297245
Rikang,Rikang,,33.4609,120.1295,China,CN,CHN,Jiangsu,Jiangsu,CN-JS,,,527.5,,,3,Asia/Shanghai,FALSE,1156111859
Hengling,Hengling,,29.3833,114.2212,China,CN,CHN,Hubei,Hubei,CN-HB,,,93.3,,,4,Asia/Shanghai,FALSE,1156604766
Buqunzhe,Buqunzhe,,34.3107,112.1132,China,CN,CHN,Henan,Henan,CN-HA,,,420.3,,,3,Asia/Shanghai,FALSE,1156301777
Shangdacun,Shangdacun,,24.9619,111.6847,China,CN,CHN,Hunan,Hunan,CN-HN,,,179.4,,,4,Asia/Shanghai,FALSE,1156543005
Gaobeiya,Gaobeiya,,31.2762,104.8107,China,CN,CHN,Sichuan,Sichuan,CN-SC,,,428.4,,,3,Asia/Shanghai,FALSE,1156621864
Xinzhai,Xinzhai,,25.1331,118.8996,China,CN,CHN,Fujian,Fujian,CN-FJ,,,2215.6,,,2,Asia/Shanghai,FALSE,1156376825
Xinzhai,Xinzhai,Shenqiao Zhen,23.7203,117.1493,China,CN,CHN,Fujian,Fujian,CN-FJ,,minor,1239.3,,,3,Asia/Shanghai,TRUE,1156965860
Xinzhai,Xinzhai,,25.5058,118.2411,China,CN,CHN,Fujian,Fujian,CN-FJ,,,1200.9,,,3,Asia/Shanghai,TRUE,1156823613
Xinzhai,Xinzhai,,25.1389,118.5373,China,CN,CHN,Fujian,Fujian,CN-FJ,,,961.5,,,3,Asia/Shanghai,TRUE,1156361743
Xinzhai,Xinzhai,,25.9128,119.5970,China,CN,CHN,Fujian,Fujian,CN-FJ,,,689.1,,,3,Asia/Shanghai,TRUE,1156961040
Xinzhai,Xinzhai,,24.9059,117.8128,China,CN,CHN,Fujian,Fujian,CN-FJ,,,196.7,,,4,Asia/Shanghai,TRUE,1156869476
Xinzhai,Xinzhai,,25.8313,118.7539,China,CN,CHN,Fujian,Fujian,CN-FJ,,,132.1,,,4,Asia/Shanghai,TRUE,1156462672
Xinzhai,Xinzhai,,26.8872,118.4426,China,CN,CHN,Fujian,Fujian,CN-FJ,,,117.3,,,4,Asia/Shanghai,TRUE,1156645928
Xinzhai,Xinzhai,,24.4790,117.1107,China,CN,CHN,Fujian,Fujian,CN-FJ,,,113.2,,,4,Asia/Shanghai,TRUE,1156067244
Xinzhai,Xinzhai,,25.7446,118.1778,China,CN,CHN,Fujian,Fujian,CN-FJ,,,88.0,,,4,Asia/Shanghai,TRUE,1156016264
Gouxi,Gouxi,,28.7164,121.2406,China,CN,CHN,Zhejiang,Zhejiang,CN-ZJ,,,444.8,,,3,Asia/Shanghai,FALSE,1156849466
Daomencun,Daomencun,,28.9405,120.2721,China,CN,CHN,Zhejiang,Zhejiang,CN-ZJ,,,166.6,,,4,Asia/Shanghai,FALSE,1156411274
Buzhenxu,Buzhenxu,,32.0428,120.7609,China,CN,CHN,Jiangsu,Jiangsu,CN-JS,,,5754.9,,,2,Asia/Shanghai,FALSE,1156805098
Xiaobingnong,Xiaobingnong,,24.7105,98.6150,China,CN,CHN,Yunnan,Yunnan,CN-YN,,,208.5,,,3,Asia/Shanghai,FALSE,1156265091
Qingcaoping,Qingcaoping,,31.8767,110.1972,China,CN,CHN,Hubei,Hubei,CN-HB,,,37.7,,,4,Asia/Shanghai,FALSE,1156223748
Qingcaoping,Qingcaoping,,32.4386,110.1093,China,CN,CHN,Hubei,Hubei,CN-HB,,,33.4,,,4,Asia/Shanghai,TRUE,1156116225
Liandong,Liandong,,24.6426,109.1450,China,CN,CHN,Guangxi,Guangxi,CN-GX,,,342.2,,,3,Asia/Shanghai,FALSE,1156650003
Liandong,Liandong,,23.4734,110.8020,China,CN,CHN,Guangxi,Guangxi,CN-GX,,,273.9,,,3,Asia/Shanghai,TRUE,1156583041
Liandong,Liandong,,23.0363,110.4240,China,CN,CHN,Guangxi,Guangxi,CN-GX,,,242.3,,,3,Asia/Shanghai,TRUE,1156140933
Liandong,Liandong,,24.6953,107.1040,China,CN,CHN,Guangxi,Guangxi,CN-GX,,,63.7,,,4,Asia/Shanghai,TRUE,1156908003
Datoudian,Datoudian,Ta-t’ou-tien,31.8833,116.1167,China,CN,CHN,Anhui,Anhui,CN-AH,,,384.3,,,3,Asia/Shanghai,FALSE,1156092736
Puzaicun,Puzaicun,Puzai,23.5271,116.4657,China,CN,CHN,Guangdong,Guangdong,CN-GD,,,3247.1,,,2,Asia/Shanghai,FALSE,1156412960
Puzaicun,Puzaicun,,21.1159,110.0625,China,CN,CHN,Guangdong,Guangdong,CN-GD,,,343.9,,,3,Asia/Shanghai,TRUE,1156999305
Houshanbian,Houshanbian,,24.1378,117.8478,China,CN,CHN,Fujian,Fujian,CN-FJ,,,686.8,,,3,Asia/Shanghai,FALSE,1156111027
Hufancun,Hufancun,,31.2607,116.8389,China,CN,CHN,Anhui,Anhui,CN-AH,,,224.9,,,3,Asia/Shanghai,FALSE,1156099904
Baxisuzhake,Baxisuzhake,Bashisu Zhakecun,39.4881,76.0672,China,CN,CHN,Xinjiang,Xinjiang,CN-XJ,,,237.2,,,3,Asia/Shanghai,FALSE,1156852726
Bajiaogou,Bajiaogou,,41.1583,119.8912,China,CN,CHN,Liaoning,Liaoning,CN-LN,,,135.9,,,4,Asia/Shanghai,FALSE,1156012444
Duanjia Bucun,Duanjia Bucun,,40.5274,115.3923,China,CN,CHN,Hebei,Hebei,CN-HE,,,22.0,,,4,Asia/Shanghai,FALSE,1156565310
Gaoshancun,Gaoshancun,,35.3184,109.4241,China,CN,CHN,Shaanxi,Shaanxi,CN-SN,,,99.9,,,4,Asia/Shanghai,FALSE,1156340771
Gaoshancun,Gaoshancun,,36.7918,109.6982,China,CN,CHN,Shaanxi,Shaanxi,CN-SN,,,87.7,,,4,Asia/Shanghai,TRUE,1156117836
Gaoshancun,Gaoshancun,,32.8782,109.0324,China,CN,CHN,Shaanxi,Shaanxi,CN-SN,,,55.3,,,4,Asia/Shanghai,TRUE,1156087563
Luojia Gangzi,Luojia Gangzi,,46.4443,125.9351,China,CN,CHN,Heilongjiang,Heilongjiang,CN-HL,,,93.2,,,4,Asia/Shanghai,FALSE,1156311489
Buleduo,Buleduo,,31.4113,92.3440,China,CN,CHN,Tibet,Tibet,CN-XZ,,,3.3,,,5,Asia/Shanghai,FALSE,1156163410
Dajingoucun,Dajingoucun,,41.9848,121.3730,China,CN,CHN,Liaoning,Liaoning,CN-LN,,,57.2,,,4,Asia/Shanghai,FALSE,1156342593
Yantang,Yantang,,27.3512,101.1729,China,CN,CHN,Sichuan,Sichuan,CN-SC,,,19.9,,,4,Asia/Shanghai,FALSE,1156253625
Gaoshancun,Gaoshancun,,35.4104,116.2900,China,CN,CHN,Shandong,Shandong,CN-SD,,,1035.0,,,3,Asia/Shanghai,FALSE,1156526437
Gaoshancun,Gaoshancun,,37.0821,119.9703,China,CN,CHN,Shandong,Shandong,CN-SD,,,433.0,,,3,Asia/Shanghai,TRUE,1156661645
Majia’ao,Majia'ao,,27.7583,105.2900,China,CN,CHN,Sichuan,Sichuan,CN-SC,,,208.4,,,3,Asia/Shanghai,FALSE,1156578629
Dufatun,Dufatun,,46.0409,128.1006,China,CN,CHN,Heilongjiang,Heilongjiang,CN-HL,,,48.9,,,4,Asia/Shanghai,FALSE,1156337786
Kangzhutang,Kangzhutang,,26.1191,113.0767,China,CN,CHN,Hunan,Hunan,CN-HN,,,1144.7,,,3,Asia/Shanghai,FALSE,1156874883
Jinjia,Jinjia,,25.3974,110.4340,China,CN,CHN,Guangxi,Guangxi,CN-GX,,,156.7,,,4,Asia/Shanghai,FALSE,1156123770
Jinjia,Jinjia,,28.8215,107.0140,China,CN,CHN,Guizhou,Guizhou,CN-GZ,,,126.3,,,4,Asia/Shanghai,FALSE,1156006149
De’e,De'e,,32.1679,99.3421,China,CN,CHN,Sichuan,Sichuan,CN-SC,,,12.0,,,4,Asia/Shanghai,FALSE,1156273495
De’e,De'e,,31.4551,98.8251,China,CN,CHN,Sichuan,Sichuan,CN-SC,,,8.7,,,5,Asia/Shanghai,TRUE,1156580725
Erdaoyao,Erdaoyao,,35.9962,110.1647,China,CN,CHN,Shaanxi,Shaanxi,CN-SN,,,157.7,,,4,Asia/Shanghai,FALSE,1156699771
Shanghekoucun,Shanghekoucun,,40.4356,124.8460,China,CN,CHN,Liaoning,Liaoning,CN-LN,,,88.3,,,4,Asia/Shanghai,FALSE,1156352559
Shazhoudian,Shazhoudian,,29.4477,114.8318,China,CN,CHN,Hubei,Hubei,CN-HB,,,119.9,,,4,Asia/Shanghai,FALSE,1156509254
Hedianchengcun,Hedianchengcun,,40.7439,124.6313,China,CN,CHN,Liaoning,Liaoning,CN-LN,,,45.1,,,4,Asia/Shanghai,FALSE,1156422579
Nianzigoucun,Nianzigoucun,Nianzigou,33.1547,107.8745,China,CN,CHN,Shaanxi,Shaanxi,CN-SN,,,33.1,,,4,Asia/Shanghai,FALSE,1156540957
Nanwuzhao,Nanwuzhao,,37.4654,115.5350,China,CN,CHN,Hebei,Hebei,CN-HE,,,227.6,,,3,Asia/Shanghai,FALSE,1156514382
Lugouzi,Lugouzi,,37.3508,106.8280,China,CN,CHN,Ningxia,Ningxia,CN-NX,,,27.8,,,4,Asia/Shanghai,FALSE,1156653781
Xiaobeishan,Xiaobeishan,,48.1799,134.6410,China,CN,CHN,Heilongjiang,Heilongjiang,CN-HL,,,28.5,,,4,Asia/Shanghai,FALSE,1156197393
Qianyi,Qianyi,,30.0473,120.8671,China,CN,CHN,Zhejiang,Zhejiang,CN-ZJ,,,4865.1,,,2,Asia/Shanghai,FALSE,1156417076
Nonghong,Nonghong,,23.9355,108.0760,China,CN,CHN,Guangxi,Guangxi,CN-GX,,,749.7,,,3,Asia/Shanghai,FALSE,1156735120
Nonghong,Nonghong,,23.9297,108.1520,China,CN,CHN,Guangxi,Guangxi,CN-GX,,,146.1,,,4,Asia/Shanghai,TRUE,1156144361
Nonghong,Nonghong,,24.5291,106.9590,China,CN,CHN,Guangxi,Guangxi,CN-GX,,,105.0,,,4,Asia/Shanghai,TRUE,1156232907
Nonghong,Nonghong,,23.8958,107.8980,China,CN,CHN,Guangxi,Guangxi,CN-GX,,,89.1,,,4,Asia/Shanghai,TRUE,1156380237
Nonghong,Nonghong,,23.8385,107.9050,China,CN,CHN,Guangxi,Guangxi,CN-GX,,,89.1,,,4,Asia/Shanghai,TRUE,1156892947
Quanfangcun,Quanfangcun,,25.2059,116.4928,China,CN,CHN,Fujian,Fujian,CN-FJ,,,128.7,,,4,Asia/Shanghai,FALSE,1156453319
Langtouchong,Langtouchong,,27.9020,113.0350,China,CN,CHN,Hunan,Hunan,CN-HN,,,434.3,,,3,Asia/Shanghai,FALSE,1156404614
Daorenzhuang,Daorenzhuang,,32.5192,119.3537,China,CN,CHN,Jiangsu,Jiangsu,CN-JS,,,1297.6,,,3,Asia/Shanghai,FALSE,1156037540
Shangjiacun,Shangjiacun,,46.1860,126.7897,China,CN,CHN,Heilongjiang,Heilongjiang,CN-HL,,,685.7,,,3,Asia/Shanghai,FALSE,1156328348
Shangjiacun,Shangjiacun,,46.1235,125.8730,China,CN,CHN,Heilongjiang,Heilongjiang,CN-HL,,,145.9,,,4,Asia/Shanghai,TRUE,1156555393
Huangnikeng,Huangnikeng,,30.6911,119.0761,China,CN,CHN,Anhui,Anhui,CN-AH,,,44.3,,,4,Asia/Shanghai,FALSE,1156925605
Laifangcun,Laifangcun,,26.7840,116.2705,China,CN,CHN,Jiangxi,Jiangxi,CN-JX,,,92.0,,,4,Asia/Shanghai,FALSE,1156206537
Hanzhihuiying,Hanzhihuiying,,39.5417,116.8269,China,CN,CHN,Tianjin,Tianjin,CN-TJ,,,714.8,,,3,Asia/Shanghai,FALSE,1156017540
Xiaojitian,Xiaojitian,,25.5057,102.8650,China,CN,CHN,Yunnan,Yunnan,CN-YN,,,91.7,,,4,Asia/Shanghai,FALSE,1156299326
Sunrentun,Sunrentun,,46.9435,125.9082,China,CN,CHN,Heilongjiang,Heilongjiang,CN-HL,,,127.5,,,4,Asia/Shanghai,FALSE,1156323565
Shangjianfengzi,Shangjianfengzi,,24.4866,115.8656,China,CN,CHN,Guangdong,Guangdong,CN-GD,,,277.1,,,3,Asia/Shanghai,FALSE,1156105241
Houyangjuncun,Houyangjuncun,,36.6716,120.8271,China,CN,CHN,Shandong,Shandong,CN-SD,,,358.6,,,3,Asia/Shanghai,FALSE,1156518351
Kalu,Kalu,,30.9137,100.2480,China,CN,CHN,Sichuan,Sichuan,CN-SC,,,12.2,,,4,Asia/Shanghai,FALSE,1156431129
Kalu,Kalu,,31.8862,101.7980,China,CN,CHN,Sichuan,Sichuan,CN-SC,,,3.6,,,5,Asia/Shanghai,TRUE,1156504288
Dawobu,Dawobu,,45.0495,126.2306,China,CN,CHN,Jilin,Jilin,CN-JL,,,245.3,,,3,Asia/Shanghai,FALSE,1156004638
Dawobu,Dawobu,,44.4765,126.0651,China,CN,CHN,Jilin,Jilin,CN-JL,,,232.5,,,3,Asia/Shanghai,TRUE,1156457842
Dawobu,Dawobu,,44.1977,124.9685,China,CN,CHN,Jilin,Jilin,CN-JL,,,97.0,,,4,Asia/Shanghai,TRUE,1156172345
Henglu Xiacun,Henglu Xiacun,,24.0847,117.1258,China,CN,CHN,Fujian,Fujian,CN-FJ,,,245.4,,,3,Asia/Shanghai,FALSE,1156558691
Quxiading,Quxiading,,31.1280,100.5270,China,CN,CHN,Sichuan,Sichuan,CN-SC,,,5.1,,,5,Asia/Shanghai,FALSE,1156768292
Paimo,Paimo,,23.2661,106.5690,China,CN,CHN,Guangxi,Guangxi,CN-GX,,,28.6,,,4,Asia/Shanghai,FALSE,1156093474
Wangdingwo,Wangdingwo,,24.8157,116.0854,China,CN,CHN,Guangdong,Guangdong,CN-GD,,,74.4,,,4,Asia/Shanghai,FALSE,1156073721
Huangheya Shequcun,Huangheya Shequcun,,37.3471,116.3335,China,CN,CHN,Shandong,Shandong,CN-SD,,,975.7,,,3,Asia/Shanghai,FALSE,1156454900
Wangjiecun,Wangjiecun,,29.4051,120.1401,China,CN,CHN,Zhejiang,Zhejiang,CN-ZJ,,,397.3,,,3,Asia/Shanghai,FALSE,1156399360
Meishanping,Meishanping,,27.4942,112.0759,China,CN,CHN,Hunan,Hunan,CN-HN,,,556.0,,,3,Asia/Shanghai,FALSE,1156476162
Beiyukou,Beiyukou,,29.0740,112.6556,China,CN,CHN,Hunan,Hunan,CN-HN,,,472.9,,,3,Asia/Shanghai,FALSE,1156167974
Santiankan,Santiankan,,28.7329,104.3590,China,CN,CHN,Sichuan,Sichuan,CN-SC,,,219.7,,,3,Asia/Shanghai,FALSE,1156109397
Sanjuli,Sanjuli,,42.4547,129.2753,China,CN,CHN,Jilin,Jilin,CN-JL,,,25.7,,,4,Asia/Shanghai,FALSE,1156243700
Yujia Wopeng,Yujia Wopeng,,43.3989,123.6890,China,CN,CHN,Jilin,Jilin,CN-JL,,,127.7,,,4,Asia/Shanghai,FALSE,1156046887
Niu’aoling,Niu'aoling,,25.8317,112.2398,China,CN,CHN,Hunan,Hunan,CN-HN,,,309.6,,,3,Asia/Shanghai,FALSE,1156194961
Madatuo,Madatuo,,29.1359,104.2790,China,CN,CHN,Sichuan,Sichuan,CN-SC,,,202.0,,,3,Asia/Shanghai,FALSE,1156347672
Madatuo,Madatuo,,29.0210,104.0040,China,CN,CHN,Sichuan,Sichuan,CN-SC,,,126.6,,,4,Asia/Shanghai,TRUE,1156562636
Erdaohezi,Erdaohezi,,43.2372,124.0210,China,CN,CHN,Liaoning,Liaoning,CN-LN,,,385.9,,,3,Asia/Shanghai,FALSE,1156022321
Erdaohezi,Erdaohezi,,41.1801,124.1401,China,CN,CHN,Liaoning,Liaoning,CN-LN,,,236.6,,,3,Asia/Shanghai,TRUE,1156153353
Erdaohezi,Erdaohezi,,41.2462,124.0962,China,CN,CHN,Liaoning,Liaoning,CN-LN,,,236.6,,,3,Asia/Shanghai,TRUE,1156163038
Erdaohezi,Erdaohezi,,40.5651,120.3894,China,CN,CHN,Liaoning,Liaoning,CN-LN,,,207.0,,,3,Asia/Shanghai,TRUE,1156225394
Erdaohezi,Erdaohezi,,39.4179,121.3707,China,CN,CHN,Liaoning,Liaoning,CN-LN,,,122.3,,,4,Asia/Shanghai,TRUE,1156750969
Erdaohezi,Erdaohezi,,41.1999,120.7656,China,CN,CHN,Liaoning,Liaoning,CN-LN,,,119.4,,,4,Asia/Shanghai,TRUE,1156136150
Erdaohezi,Erdaohezi,,42.5077,122.6642,China,CN,CHN,Liaoning,Liaoning,CN-LN,,,103.7,,,4,Asia/Shanghai,TRUE,1156035117
Erdaohezi,Erdaohezi,,40.5230,124.3460,China,CN,CHN,Liaoning,Liaoning,CN-LN,,,69.7,,,4,Asia/Shanghai,TRUE,1156182050
Erdaohezi,Erdaohezi,,40.5114,123.8345,China,CN,CHN,Liaoning,Liaoning,CN-LN,,,65.6,,,4,Asia/Shanghai,TRUE,1156032142
Erdaohezi,Erdaohezi,,40.6001,123.9998,China,CN,CHN,Liaoning,Liaoning,CN-LN,,,64.9,,,4,Asia/Shanghai,TRUE,1156639570
Erdaohezi,Erdaohezi,,41.8456,119.4825,China,CN,CHN,Liaoning,Liaoning,CN-LN,,,64.0,,,4,Asia/Shanghai,TRUE,1156071246
Erdaohezi,Erdaohezi,,41.1944,123.7660,China,CN,CHN,Liaoning,Liaoning,CN-LN,,,50.7,,,4,Asia/Shanghai,TRUE,1156354134
Mianxi,Mianxi,,26.2638,115.2055,China,CN,CHN,Jiangxi,Jiangxi,CN-JX,,,219.9,,,3,Asia/Shanghai,FALSE,1156507317
Mianxi,Mianxi,,26.6493,115.0446,China,CN,CHN,Jiangxi,Jiangxi,CN-JX,,,205.9,,,3,Asia/Shanghai,TRUE,1156168197
Yinmaguacun,Yinmaguacun,,37.1331,108.6313,China,CN,CHN,Shaanxi,Shaanxi,CN-SN,,,29.5,,,4,Asia/Shanghai,FALSE,1156187141
Dabuga,Dabuga,,25.5458,99.1284,China,CN,CHN,Yunnan,Yunnan,CN-YN,,,58.2,,,4,Asia/Shanghai,FALSE,1156228730
Pingpiao,Pingpiao,,25.3544,108.5470,China,CN,CHN,Guangxi,Guangxi,CN-GX,,,33.7,,,4,Asia/Shanghai,FALSE,1156059520
Lundaocun,Lundaocun,,22.0393,110.7219,China,CN,CHN,Guangdong,Guangdong,CN-GD,,,271.1,,,3,Asia/Shanghai,FALSE,1156468534
Dinggezhuang,Dinggezhuang,,39.6332,116.0770,China,CN,CHN,Beijing,Beijing,CN-BJ,,,1229.3,,,3,Asia/Shanghai,FALSE,1156584715
Liangping Shangcun,Liangping Shangcun,,34.0532,104.9960,China,CN,CHN,Gansu,Gansu,CN-GS,,,133.4,,,4,Asia/Shanghai,FALSE,1156611609
Heizhuluo,Heizhuluo,,27.6925,103.2360,China,CN,CHN,Sichuan,Sichuan,CN-SC,,,409.6,,,3,Asia/Shanghai,FALSE,1156007153
Boqiong,Boqiong,,30.5196,91.7747,China,CN,CHN,Tibet,Tibet,CN-XZ,,,8.1,,,5,Asia/Shanghai,FALSE,1156154585
Boqiong,Boqiong,,28.4433,87.1480,China,CN,CHN,Tibet,Tibet,CN-XZ,,,3.9,,,5,Asia/Shanghai,TRUE,1156449590
Qiuping,Qiuping,,24.6750,107.3850,China,CN,CHN,Guangxi,Guangxi,CN-GX,,,22.4,,,4,Asia/Shanghai,FALSE,1156901041
Chenjiacao,Chenjiacao,,33.3754,110.0197,China,CN,CHN,Shaanxi,Shaanxi,CN-SN,,,28.6,,,4,Asia/Shanghai,FALSE,1156965913
Sijiabi,Sijiabi,,31.8134,101.5000,China,CN,CHN,Sichuan,Sichuan,CN-SC,,,6.7,,,5,Asia/Shanghai,FALSE,1156377135
Dongjian,Dongjian,,29.4455,86.6074,China,CN,CHN,Tibet,Tibet,CN-XZ,,,3.0,,,5,Asia/Shanghai,FALSE,1156699118
Shuiyucun,Shuiyucun,,36.4581,117.8362,China,CN,CHN,Shandong,Shandong,CN-SD,,,862.6,,,3,Asia/Shanghai,FALSE,1156518480
Shuiyucun,Shuiyucun,,36.4980,117.9658,China,CN,CHN,Shandong,Shandong,CN-SD,,,414.9,,,3,Asia/Shanghai,TRUE,1156262440
Shuiyucun,Shuiyucun,,36.0399,117.4140,China,CN,CHN,Shandong,Shandong,CN-SD,,,328.7,,,3,Asia/Shanghai,TRUE,1156641310
Shuiyucun,Shuiyucun,,36.6112,117.6003,China,CN,CHN,Shandong,Shandong,CN-SD,,,253.9,,,3,Asia/Shanghai,TRUE,1156518478
Shuiyucun,Shuiyucun,,36.5454,118.2684,China,CN,CHN,Shandong,Shandong,CN-SD,,,121.6,,,4,Asia/Shanghai,TRUE,1156518479
Zhousiqiao,Zhousiqiao,,31.4798,120.2827,China,CN,CHN,Jiangsu,Jiangsu,CN-JS,,,2602.6,,,2,Asia/Shanghai,FALSE,1156030851
Chenjiacao,Chenjiacao,,30.3565,103.9410,China,CN,CHN,Sichuan,Sichuan,CN-SC,,,655.7,,,3,Asia/Shanghai,FALSE,1156980807
Chenjiacao,Chenjiacao,,32.1103,105.1430,China,CN,CHN,Sichuan,Sichuan,CN-SC,,,125.2,,,4,Asia/Shanghai,TRUE,1156126980
Yangheta,Yangheta,,40.2695,113.9665,China,CN,CHN,Shanxi,Shanxi,CN-SX,,,190.3,,,4,Asia/Shanghai,FALSE,1156645109
Chushangfan,Chushangfan,,28.5546,119.6723,China,CN,CHN,Zhejiang,Zhejiang,CN-ZJ,,,26.3,,,4,Asia/Shanghai,FALSE,1156243309
Gangyaogou,Gangyaogou,,40.6346,118.4808,China,CN,CHN,Hebei,Hebei,CN-HE,,,686.6,,,3,Asia/Shanghai,FALSE,1156023064
Laodian,Laodian,,30.1715,105.5728,China,CN,CHN,Chongqing,Chongqing,CN-CQ,,,290.5,,,3,Asia/Shanghai,FALSE,1156205872
Hebaoshan,Hebaoshan,,29.8835,118.9034,China,CN,CHN,Zhejiang,Zhejiang,CN-ZJ,,,43.6,,,4,Asia/Shanghai,FALSE,1156070096
Dacuitun,Dacuitun,,39.4730,121.8754,China,CN,CHN,Liaoning,Liaoning,CN-LN,,,279.2,,,3,Asia/Shanghai,FALSE,1156027097
Xizhuang,Xizhuang,,31.0578,119.9525,China,CN,CHN,Zhejiang,Zhejiang,CN-ZJ,,,3034.7,,,2,Asia/Shanghai,FALSE,1156242948
Xizhuang,Xizhuang,,28.7171,121.3372,China,CN,CHN,Zhejiang,Zhejiang,CN-ZJ,,,894.4,,,3,Asia/Shanghai,TRUE,1156086548
Xizhuang,Xizhuang,,28.7872,118.7992,China,CN,CHN,Zhejiang,Zhejiang,CN-ZJ,,,216.4,,,3,Asia/Shanghai,TRUE,1156674132
Xizhuang,Xizhuang,,30.8621,119.8062,China,CN,CHN,Zhejiang,Zhejiang,CN-ZJ,,,185.8,,,4,Asia/Shanghai,TRUE,1156351911
Xizhuang,Xizhuang,,28.4589,120.0669,China,CN,CHN,Zhejiang,Zhejiang,CN-ZJ,,,98.9,,,4,Asia/Shanghai,TRUE,1156020151
Dongxingcun,Dongxingcun,Dongxing,41.2412,117.8153,China,CN,CHN,Hebei,Hebei,CN-HE,,,110.9,,,4,Asia/Shanghai,FALSE,1156782505
Shangshepo,Shangshepo,,25.1788,104.3040,China,CN,CHN,Yunnan,Yunnan,CN-YN,,,136.4,,,4,Asia/Shanghai,FALSE,1156864727
Lianglu,Lianglu,Lianglukou,26.8511,113.1990,China,CN,CHN,Hunan,Hunan,CN-HN,,,395.0,,,3,Asia/Shanghai,FALSE,1156323218
Lianglu,Lianglu,,28.4986,109.7230,China,CN,CHN,Hunan,Hunan,CN-HN,,,118.1,,,4,Asia/Shanghai,TRUE,1156548337
Dongmetun,Dongmetun,Dongme|Dongyao,25.0694,107.4947,China,CN,CHN,Guangxi,Guangxi,CN-GX,,,191.5,,,4,Asia/Shanghai,FALSE,1156237080
Lingpucun,Lingpucun,,27.5177,120.3697,China,CN,CHN,Zhejiang,Zhejiang,CN-ZJ,,,273.5,,,3,Asia/Shanghai,FALSE,1156380357
Kangningcun,Kangningcun,,45.5071,126.2270,China,CN,CHN,Heilongjiang,Heilongjiang,CN-HL,,,206.9,,,3,Asia/Shanghai,FALSE,1156329416
Kangningcun,Kangningcun,,48.0849,124.9478,China,CN,CHN,Heilongjiang,Heilongjiang,CN-HL,,,105.2,,,4,Asia/Shanghai,TRUE,1156325674
Chenjiagangcun,Chenjiagangcun,,31.9998,117.7902,China,CN,CHN,Anhui,Anhui,CN-AH,,,289.0,,,3,Asia/Shanghai,FALSE,1156104026
Xisibincun,Xisibincun,,35.6311,117.0527,China,CN,CHN,Shandong,Shandong,CN-SD,,,969.5,,,3,Asia/Shanghai,FALSE,1156501782
Yun’erbiao,Yun'erbiao,,22.5039,109.6450,China,CN,CHN,Guangxi,Guangxi,CN-GX,,,249.5,,,3,Asia/Shanghai,FALSE,1156346704
Maolan,Maolan,,25.3311,104.2410,China,CN,CHN,Yunnan,Yunnan,CN-YN,,,257.3,,,3,Asia/Shanghai,FALSE,1156176094
Daorengou,Daorengou,,39.6653,122.2690,China,CN,CHN,Liaoning,Liaoning,CN-LN,,,226.9,,,3,Asia/Shanghai,FALSE,1156347514
Changkai,Changkai,,28.1000,116.2833,China,CN,CHN,Jiangxi,Jiangxi,CN-JX,,,1088.8,,,3,Asia/Shanghai,FALSE,1156001701
Xixiao Hekoucun,Xixiao Hekoucun,,42.1823,123.5618,China,CN,CHN,Liaoning,Liaoning,CN-LN,,,313.8,,,3,Asia/Shanghai,FALSE,1156336832
Qiongkoucun,Qiongkoucun,Qiongkou|Kengkou,25.9737,117.8316,China,CN,CHN,Fujian,Fujian,CN-FJ,,,209.1,,,3,Asia/Shanghai,FALSE,1156322956
Asha Ercun,Asha Ercun,,32.3289,99.7008,China,CN,CHN,Sichuan,Sichuan,CN-SC,,,9.1,,,5,Asia/Shanghai,FALSE,1156783235
Wuqiang,Wuqiang,,23.1704,111.2720,China,CN,CHN,Guangxi,Guangxi,CN-GX,,,205.6,,,3,Asia/Shanghai,FALSE,1156778573
Zhenglan Qian’ercun,Zhenglan Qian'ercun,,46.8961,126.4044,China,CN,CHN,Heilongjiang,Heilongjiang,CN-HL,,,29.2,,,4,Asia/Shanghai,FALSE,1156321115
Xinjiacaocun,Xinjiacaocun,,36.2883,120.4671,China,CN,CHN,Shandong,Shandong,CN-SD,,,1935.4,,,3,Asia/Shanghai,FALSE,1156520074
Bafangwu,Bafangwu,,29.6892,116.7889,China,CN,CHN,Anhui,Anhui,CN-AH,,,212.7,,,3,Asia/Shanghai,FALSE,1156799168
Zhongzuiping,Zhongzuiping,,28.4998,103.7370,China,CN,CHN,Sichuan,Sichuan,CN-SC,,,97.8,,,4,Asia/Shanghai,FALSE,1156297067
Dayatang,Dayatang,,38.6301,113.4851,China,CN,CHN,Shanxi,Shanxi,CN-SX,,,66.0,,,4,Asia/Shanghai,FALSE,1156269704
Juanxiabala,Juanxiabala,,29.5107,98.7073,China,CN,CHN,Tibet,Tibet,CN-XZ,,,8.1,,,5,Asia/Shanghai,FALSE,1156108724
Afu Buzi,Afu Buzi,,29.0126,102.0220,China,CN,CHN,Sichuan,Sichuan,CN-SC,,,17.2,,,4,Asia/Shanghai,FALSE,1156488757
Yuanjiayuan,Yuanjiayuan,,38.9620,116.1437,China,CN,CHN,Hebei,Hebei,CN-HE,,,860.1,,,3,Asia/Shanghai,FALSE,1156112865
Yuanjiayuan,Yuanjiayuan,,32.5056,111.0314,China,CN,CHN,Hubei,Hubei,CN-HB,,,259.3,,,3,Asia/Shanghai,FALSE,1156237233
Lengshuidong,Lengshuidong,,30.5247,119.5842,China,CN,CHN,Zhejiang,Zhejiang,CN-ZJ,,,243.1,,,3,Asia/Shanghai,FALSE,1156898138
Shangjiecun,Shangjiecun,,25.6732,116.4249,China,CN,CHN,Fujian,Fujian,CN-FJ,,,303.0,,,3,Asia/Shanghai,FALSE,1156463985
Shangjiecun,Shangjiecun,,26.3182,117.7305,China,CN,CHN,Fujian,Fujian,CN-FJ,,,79.0,,,4,Asia/Shanghai,TRUE,1156261303
Shangjiecun,Shangjiecun,Shangjie,25.1887,117.2790,China,CN,CHN,Fujian,Fujian,CN-FJ,,,31.0,,,4,Asia/Shanghai,TRUE,1156501422
Guizhouping,Guizhouping,,28.1826,106.1750,China,CN,CHN,Guizhou,Guizhou,CN-GZ,,,272.7,,,3,Asia/Shanghai,FALSE,1156558232
Chaoyangtun,Chaoyangtun,,44.8827,123.0248,China,CN,CHN,Jilin,Jilin,CN-JL,,,879.6,,,3,Asia/Shanghai,FALSE,1156239683
Chaoyangtun,Chaoyangtun,,44.7199,126.7398,China,CN,CHN,Jilin,Jilin,CN-JL,,,203.6,,,3,Asia/Shanghai,TRUE,1156085854
Chaoyangtun,Chaoyangtun,,44.8238,126.6766,China,CN,CHN,Jilin,Jilin,CN-JL,,,176.9,,,4,Asia/Shanghai,TRUE,1156455982
Chaoyangtun,Chaoyangtun,,43.0222,126.9090,China,CN,CHN,Jilin,Jilin,CN-JL,,,129.3,,,4,Asia/Shanghai,TRUE,1156155462
Chaoyangtun,Chaoyangtun,,42.7219,125.4320,China,CN,CHN,Jilin,Jilin,CN-JL,,,124.8,,,4,Asia/Shanghai,TRUE,1156371710
Chaoyangtun,Chaoyangtun,,44.1260,123.4358,China,CN,CHN,Jilin,Jilin,CN-JL,,,116.3,,,4,Asia/Shanghai,TRUE,1156340467
Chaoyangtun,Chaoyangtun,,43.0630,126.6552,China,CN,CHN,Jilin,Jilin,CN-JL,,,110.0,,,4,Asia/Shanghai,TRUE,1156625556
Chaoyangtun,Chaoyangtun,,42.8511,126.1253,China,CN,CHN,Jilin,Jilin,CN-JL,,,70.3,,,4,Asia/Shanghai,TRUE,1156569768
Chaoyangtun,Chaoyangtun,,43.4626,127.3210,China,CN,CHN,Jilin,Jilin,CN-JL,,,37.9,,,4,Asia/Shanghai,TRUE,1156334447
Chaoyangtun,Chaoyangtun,,42.6216,128.2103,China,CN,CHN,Jilin,Jilin,CN-JL,,,36.1,,,4,Asia/Shanghai,TRUE,1156160948
Chaoyangtun,Chaoyangtun,,41.9309,126.8977,China,CN,CHN,Jilin,Jilin,CN-JL,,,21.8,,,4,Asia/Shanghai,TRUE,1156380184
Bode,Bode,,19.7500,109.8739,China,CN,CHN,Hainan,Hainan,CN-HI,,,204.4,,,3,Asia/Shanghai,FALSE,1156255328
Jizijie,Jizijie,,31.2170,113.1329,China,CN,CHN,Hubei,Hubei,CN-HB,,,31.2,,,4,Asia/Shanghai,FALSE,1156503973
Gushui,Gushui,,24.7480,102.0670,China,CN,CHN,Yunnan,Yunnan,CN-YN,,,103.0,,,4,Asia/Shanghai,FALSE,1156728709
Gushui,Gushui,,28.6094,98.7582,China,CN,CHN,Yunnan,Yunnan,CN-YN,,,4.5,,,5,Asia/Shanghai,TRUE,1156067527
Gaobijie,Gaobijie,,28.5781,119.2149,China,CN,CHN,Zhejiang,Zhejiang,CN-ZJ,,,46.9,,,4,Asia/Shanghai,FALSE,1156175200
Xiasima,Xiasima,Hsia-ssu-ma,36.2000,112.4000,China,CN,CHN,Shanxi,Shanxi,CN-SX,,,16.7,,,4,Asia/Shanghai,FALSE,1156400585
Wanxiang,Wanxiang,,26.0356,107.9910,China,CN,CHN,Guizhou,Guizhou,CN-GZ,,,61.5,,,4,Asia/Shanghai,FALSE,1156208036
Shimiao,Shimiao,,39.1343,111.8866,China,CN,CHN,Shanxi,Shanxi,CN-SX,,,57.7,,,4,Asia/Shanghai,FALSE,1156205879
Baimiaozicun,Baimiaozicun,,44.0675,126.2027,China,CN,CHN,Jilin,Jilin,CN-JL,,,161.9,,,4,Asia/Shanghai,FALSE,1156683806
Caozhaocun,Caozhaocun,,34.3141,119.1135,China,CN,CHN,Jiangsu,Jiangsu,CN-JS,,,631.2,,,3,Asia/Shanghai,FALSE,1156296842
Shuicheng,Shuicheng,,28.4525,102.1730,China,CN,CHN,Sichuan,Sichuan,CN-SC,,,314.4,,,3,Asia/Shanghai,FALSE,1156217255
Xiaowenzhuang,Xiaowenzhuang,,32.9551,118.8025,China,CN,CHN,Jiangsu,Jiangsu,CN-JS,,,331.4,,,3,Asia/Shanghai,FALSE,1156506646
Xiaowenzhuang,Xiaowenzhuang,,33.3389,119.0929,China,CN,CHN,Jiangsu,Jiangsu,CN-JS,,,315.2,,,3,Asia/Shanghai,TRUE,1156264512
Xiaowenzhuang,Xiaowenzhuang,,34.1295,119.4530,China,CN,CHN,Jiangsu,Jiangsu,CN-JS,,,243.0,,,3,Asia/Shanghai,TRUE,1156060592
Shuicheng,Shuicheng,,37.8190,120.7542,China,CN,CHN,Shandong,Shandong,CN-SD,,,2023.7,,,2,Asia/Shanghai,FALSE,1156516717
Dingshihe,Dingshihe,,41.5977,112.4035,China,CN,CHN,Inner Mongolia,Inner Mongolia,CN-NM,,,30.4,,,4,Asia/Shanghai,FALSE,1156191581
Muzi Yangjia,Muzi Yangjia,,29.2149,113.5930,China,CN,CHN,Hunan,Hunan,CN-HN,,,380.7,,,3,Asia/Shanghai,FALSE,1156742925
Xiachengzhai,Xiachengzhai,,26.7679,107.9270,China,CN,CHN,Guizhou,Guizhou,CN-GZ,,,346.3,,,3,Asia/Shanghai,FALSE,1156289337
Laofangziwan,Laofangziwan,,33.4184,106.5573,China,CN,CHN,Shaanxi,Shaanxi,CN-SN,,,11.8,,,4,Asia/Shanghai,FALSE,1156494710
Wushangou,Wushangou,,34.5794,106.8077,China,CN,CHN,Shaanxi,Shaanxi,CN-SN,,,67.2,,,4,Asia/Shanghai,FALSE,1156800617
Shimiao,Shimiao,,29.5376,105.0400,China,CN,CHN,Sichuan,Sichuan,CN-SC,,,973.7,,,3,Asia/Shanghai,FALSE,1156006696
Shimiao,Shimiao,,29.2811,105.1310,China,CN,CHN,Sichuan,Sichuan,CN-SC,,,660.0,,,3,Asia/Shanghai,TRUE,1156343802
Shimiao,Shimiao,,29.5574,105.1710,China,CN,CHN,Sichuan,Sichuan,CN-SC,,,517.2,,,3,Asia/Shanghai,TRUE,1156443609
Shimiao,Shimiao,,31.0035,104.8108,China,CN,CHN,Sichuan,Sichuan,CN-SC,,,466.8,,,3,Asia/Shanghai,TRUE,1156654929
Shimiao,Shimiao,,32.0211,105.8480,China,CN,CHN,Sichuan,Sichuan,CN-SC,,,123.1,,,4,Asia/Shanghai,TRUE,1156616106
Shimiao,Shimiao,,31.9905,106.2220,China,CN,CHN,Sichuan,Sichuan,CN-SC,,,78.2,,,4,Asia/Shanghai,TRUE,1156159121
Xiaorenjing,Xiaorenjing,,41.8664,123.7243,China,CN,CHN,Liaoning,Liaoning,CN-LN,,,496.3,,,3,Asia/Shanghai,FALSE,1156287208
Dayutang,Dayutang,,23.0869,102.8230,China,CN,CHN,Yunnan,Yunnan,CN-YN,,,383.3,,,3,Asia/Shanghai,FALSE,1156852025
Dayutang,Dayutang,,24.6716,98.6205,China,CN,CHN,Yunnan,Yunnan,CN-YN,,,300.4,,,3,Asia/Shanghai,TRUE,1156221171
Dayutang,Dayutang,,25.1953,102.5650,China,CN,CHN,Yunnan,Yunnan,CN-YN,,,300.0,,,3,Asia/Shanghai,TRUE,1156366826
Dayutang,Dayutang,,23.1036,102.7410,China,CN,CHN,Yunnan,Yunnan,CN-YN,,,235.8,,,3,Asia/Shanghai,TRUE,1156379607
Dayutang,Dayutang,,23.0264,103.0890,China,CN,CHN,Yunnan,Yunnan,CN-YN,,,190.4,,,4,Asia/Shanghai,TRUE,1156631545
Dayutang,Dayutang,,23.0385,102.9780,China,CN,CHN,Yunnan,Yunnan,CN-YN,,,172.7,,,4,Asia/Shanghai,TRUE,1156275426
Dayutang,Dayutang,,25.2690,98.6367,China,CN,CHN,Yunnan,Yunnan,CN-YN,,,125.8,,,4,Asia/Shanghai,TRUE,1156141977
Dayutang,Dayutang,,23.7238,104.2910,China,CN,CHN,Yunnan,Yunnan,CN-YN,,,114.7,,,4,Asia/Shanghai,TRUE,1156174938
Dayutang,Dayutang,,25.2943,98.8060,China,CN,CHN,Yunnan,Yunnan,CN-YN,,,98.4,,,4,Asia/Shanghai,TRUE,1156157673
Dayutang,Dayutang,,25.1627,99.4622,China,CN,CHN,Yunnan,Yunnan,CN-YN,,,94.4,,,4,Asia/Shanghai,TRUE,1156051977
Dayutang,Dayutang,,24.9727,100.6470,China,CN,CHN,Yunnan,Yunnan,CN-YN,,,90.9,,,4,Asia/Shanghai,TRUE,1156937173
Dayutang,Dayutang,,22.7430,103.5070,China,CN,CHN,Yunnan,Yunnan,CN-YN,,,46.8,,,4,Asia/Shanghai,TRUE,1156450185
Dayutang,Dayutang,,23.7738,101.5660,China,CN,CHN,Yunnan,Yunnan,CN-YN,,,38.7,,,4,Asia/Shanghai,TRUE,1156835994
Dayutang,Dayutang,,23.7439,100.9910,China,CN,CHN,Yunnan,Yunnan,CN-YN,,,29.6,,,4,Asia/Shanghai,TRUE,1156982223
Dayutang,Dayutang,,23.1314,100.2250,China,CN,CHN,Yunnan,Yunnan,CN-YN,,,25.6,,,4,Asia/Shanghai,TRUE,1156483707
Dayutang,Dayutang,,22.7409,100.5430,China,CN,CHN,Yunnan,Yunnan,CN-YN,,,11.8,,,4,Asia/Shanghai,TRUE,1156151215
Lüjia Dongjiaoshan,Lujia Dongjiaoshan,,30.0209,115.0607,China,CN,CHN,Hubei,Hubei,CN-HB,,,1389.3,,,3,Asia/Shanghai,FALSE,1156838611
Qianfengcun,Qianfengcun,,23.4715,112.1596,China,CN,CHN,Guangdong,Guangdong,CN-GD,,,108.9,,,4,Asia/Shanghai,FALSE,1156563165
Erfenchang Sandui,Erfenchang Sandui,,29.0920,112.6154,China,CN,CHN,Hunan,Hunan,CN-HN,,,293.1,,,3,Asia/Shanghai,FALSE,1156163372
Tonglu,Tonglu,,30.0805,121.1561,China,CN,CHN,Zhejiang,Zhejiang,CN-ZJ,,,2614.1,,,2,Asia/Shanghai,FALSE,1156062545
Tonglu,Tonglu,T’ung-lu-chen|T’ung-lu-hsien|T’ung-lu|T’ung-lu-hsien-chih,29.8100,119.6711,China,CN,CHN,Zhejiang,Zhejiang,CN-ZJ,,,1849.5,,,3,Asia/Shanghai,TRUE,1156055019
Lannihu,Lannihu,,31.0253,110.0308,China,CN,CHN,Chongqing,Chongqing,CN-CQ,,,54.5,,,4,Asia/Shanghai,FALSE,1156114649
Honglin Nongchang Sandui,Honglin Nongchang Sandui,Chaoyang,19.2184,109.0825,China,CN,CHN,Hainan,Hainan,CN-HI,,,470.9,,,3,Asia/Shanghai,FALSE,1156555321
Maluliangzi,Maluliangzi,,31.1951,110.2891,China,CN,CHN,Hubei,Hubei,CN-HB,,,70.1,,,4,Asia/Shanghai,FALSE,1156064070
Tanghua,Tanghua,,26.5107,108.7600,China,CN,CHN,Guizhou,Guizhou,CN-GZ,,,118.4,,,4,Asia/Shanghai,FALSE,1156242254
Tanghua,Tanghua,,25.9809,109.1960,China,CN,CHN,Guizhou,Guizhou,CN-GZ,,,103.4,,,4,Asia/Shanghai,TRUE,1156295683
Tanghua,Tanghua,,22.5357,110.6990,China,CN,CHN,Guangxi,Guangxi,CN-GX,,,307.7,,,3,Asia/Shanghai,FALSE,1156334417
Tanghua,Tanghua,,23.2522,110.3110,China,CN,CHN,Guangxi,Guangxi,CN-GX,,,291.7,,,3,Asia/Shanghai,TRUE,1156033498
Tanghua,Tanghua,,24.9913,108.1340,China,CN,CHN,Guangxi,Guangxi,CN-GX,,,120.4,,,4,Asia/Shanghai,TRUE,1156787686
Tanghua,Tanghua,,24.2785,108.0510,China,CN,CHN,Guangxi,Guangxi,CN-GX,,,75.5,,,4,Asia/Shanghai,TRUE,1156258459
Shengjiazhaiji,Shengjiazhaiji,,31.6617,120.7838,China,CN,CHN,Jiangsu,Jiangsu,CN-JS,,,1830.5,,,3,Asia/Shanghai,FALSE,1156096052
Yingtufangcun,Yingtufangcun,,41.9045,114.3292,China,CN,CHN,Hebei,Hebei,CN-HE,,,37.8,,,4,Asia/Shanghai,FALSE,1156471745
Tanghua,Tanghua,,23.0419,112.3561,China,CN,CHN,Guangdong,Guangdong,CN-GD,,,458.1,,,3,Asia/Shanghai,FALSE,1156819493
Tanghua,Tanghua,,24.6272,112.4303,China,CN,CHN,Guangdong,Guangdong,CN-GD,,,196.2,,,4,Asia/Shanghai,TRUE,1156249393
Tanghua,Tanghua,,22.7824,112.5113,China,CN,CHN,Guangdong,Guangdong,CN-GD,,,174.2,,,4,Asia/Shanghai,TRUE,1156196875
Tanghua,Tanghua,,24.9444,113.1670,China,CN,CHN,Guangdong,Guangdong,CN-GD,,,21.4,,,4,Asia/Shanghai,TRUE,1156836051
Beijia,Beijia,,35.9500,111.3376,China,CN,CHN,Shanxi,Shanxi,CN-SX,,,429.6,,,3,Asia/Shanghai,FALSE,1156216595
Beijia,Beijia,,38.7988,112.7491,China,CN,CHN,Shanxi,Shanxi,CN-SX,,,335.9,,,3,Asia/Shanghai,TRUE,1156831197
Yade,Yade,,30.1585,101.0261,China,CN,CHN,Sichuan,Sichuan,CN-SC,,,20.9,,,4,Asia/Shanghai,FALSE,1156154633
Yade,Yade,,31.8029,99.5098,China,CN,CHN,Sichuan,Sichuan,CN-SC,,,6.7,,,5,Asia/Shanghai,TRUE,1156690417
Yangzhuang,Yangzhuang,,34.2869,117.2333,China,CN,CHN,Jiangsu,Jiangsu,CN-JS,,,8098.1,,,2,Asia/Shanghai,FALSE,1156302585
Yangzhuang,Yangzhuang,,32.1973,119.9921,China,CN,CHN,Jiangsu,Jiangsu,CN-JS,,,4859.3,,,2,Asia/Shanghai,TRUE,1156853997
Yangzhuang,Yangzhuang,,31.7390,119.7291,China,CN,CHN,Jiangsu,Jiangsu,CN-JS,,,1346.9,,,3,Asia/Shanghai,TRUE,1156118980
Yangzhuang,Yangzhuang,,33.1806,118.8450,China,CN,CHN,Jiangsu,Jiangsu,CN-JS,,,1261.1,,,3,Asia/Shanghai,TRUE,1156118960
Yangzhuang,Yangzhuang,,33.6956,118.7510,China,CN,CHN,Jiangsu,Jiangsu,CN-JS,,,1208.2,,,3,Asia/Shanghai,TRUE,1156353245
Yangzhuang,Yangzhuang,,33.6395,119.0339,China,CN,CHN,Jiangsu,Jiangsu,CN-JS,,,1103.0,,,3,Asia/Shanghai,TRUE,1156308255
Yangzhuang,Yangzhuang,,32.2777,118.7457,China,CN,CHN,Jiangsu,Jiangsu,CN-JS,,,862.7,,,3,Asia/Shanghai,TRUE,1156190053
Yangzhuang,Yangzhuang,Yang-chuang-chen|Yang-chuang,33.5833,118.9500,China,CN,CHN,Jiangsu,Jiangsu,CN-JS,,,794.2,,,3,Asia/Shanghai,TRUE,1156244206
Yangzhuang,Yangzhuang,,32.5605,120.6957,China,CN,CHN,Jiangsu,Jiangsu,CN-JS,,,772.7,,,3,Asia/Shanghai,TRUE,1156115902
Yangzhuang,Yangzhuang,,31.6162,120.7037,China,CN,CHN,Jiangsu,Jiangsu,CN-JS,,,681.4,,,3,Asia/Shanghai,TRUE,1156687886
Yangzhuang,Yangzhuang,,34.3066,119.1420,China,CN,CHN,Jiangsu,Jiangsu,CN-JS,,,631.2,,,3,Asia/Shanghai,TRUE,1156021002
Yangzhuang,Yangzhuang,,33.8194,118.2890,China,CN,CHN,Jiangsu,Jiangsu,CN-JS,,,623.0,,,3,Asia/Shanghai,TRUE,1156764875
Yangzhuang,Yangzhuang,,33.9459,117.7390,China,CN,CHN,Jiangsu,Jiangsu,CN-JS,,,543.8,,,3,Asia/Shanghai,TRUE,1156911027
Yangzhuang,Yangzhuang,,33.3870,119.2528,China,CN,CHN,Jiangsu,Jiangsu,CN-JS,,,529.5,,,3,Asia/Shanghai,TRUE,1156255162
Yangzhuang,Yangzhuang,,32.5210,119.1547,China,CN,CHN,Jiangsu,Jiangsu,CN-JS,,,493.4,,,3,Asia/Shanghai,TRUE,1156583916
Yangzhuang,Yangzhuang,,32.1820,119.2739,China,CN,CHN,Jiangsu,Jiangsu,CN-JS,,,482.7,,,3,Asia/Shanghai,TRUE,1156782502
Yangzhuang,Yangzhuang,,34.2847,119.3957,China,CN,CHN,Jiangsu,Jiangsu,CN-JS,,,474.4,,,3,Asia/Shanghai,TRUE,1156217472
Yangzhuang,Yangzhuang,,32.4181,120.2123,China,CN,CHN,Jiangsu,Jiangsu,CN-JS,,,467.6,,,3,Asia/Shanghai,TRUE,1156002841
Yangzhuang,Yangzhuang,,33.2558,119.2052,China,CN,CHN,Jiangsu,Jiangsu,CN-JS,,,446.7,,,3,Asia/Shanghai,TRUE,1156864066
Yangzhuang,Yangzhuang,,33.8593,118.9140,China,CN,CHN,Jiangsu,Jiangsu,CN-JS,,,417.8,,,3,Asia/Shanghai,TRUE,1156004560
Yangzhuang,Yangzhuang,,33.6792,118.8292,China,CN,CHN,Jiangsu,Jiangsu,CN-JS,,,417.6,,,3,Asia/Shanghai,TRUE,1156889047
Yangzhuang,Yangzhuang,,33.8004,119.3871,China,CN,CHN,Jiangsu,Jiangsu,CN-JS,,,403.8,,,3,Asia/Shanghai,TRUE,1156188780
Yangzhuang,Yangzhuang,,33.8625,118.2083,China,CN,CHN,Jiangsu,Jiangsu,CN-JS,,,384.5,,,3,Asia/Shanghai,TRUE,1156507300
Yangzhuang,Yangzhuang,,33.5737,118.2780,China,CN,CHN,Jiangsu,Jiangsu,CN-JS,,,357.0,,,3,Asia/Shanghai,TRUE,1156531312
Yangzhuang,Yangzhuang,,32.0448,118.5276,China,CN,CHN,Jiangsu,Jiangsu,CN-JS,,,354.6,,,3,Asia/Shanghai,TRUE,1156474968
Yangzhuang,Yangzhuang,,33.0262,118.8330,China,CN,CHN,Jiangsu,Jiangsu,CN-JS,,,322.0,,,3,Asia/Shanghai,TRUE,1156062185
Yangzhuang,Yangzhuang,,33.7167,119.3667,China,CN,CHN,Jiangsu,Jiangsu,CN-JS,,,311.9,,,3,Asia/Shanghai,TRUE,1156228470
Yangzhuang,Yangzhuang,,34.3766,118.1290,China,CN,CHN,Jiangsu,Jiangsu,CN-JS,,,294.0,,,3,Asia/Shanghai,TRUE,1156963948
Yangzhuang,Yangzhuang,,32.0084,119.2513,China,CN,CHN,Jiangsu,Jiangsu,CN-JS,,,290.9,,,3,Asia/Shanghai,TRUE,1156017186
Yangzhuang,Yangzhuang,,32.9164,120.4179,China,CN,CHN,Jiangsu,Jiangsu,CN-JS,,,288.7,,,3,Asia/Shanghai,TRUE,1156836915
Yangzhuang,Yangzhuang,,32.9612,119.8903,China,CN,CHN,Jiangsu,Jiangsu,CN-JS,,,285.9,,,3,Asia/Shanghai,TRUE,1156151173
Yangzhuang,Yangzhuang,,31.9913,121.7561,China,CN,CHN,Jiangsu,Jiangsu,CN-JS,,,278.5,,,3,Asia/Shanghai,TRUE,1156197537
Yangzhuang,Yangzhuang,,32.9702,118.6872,China,CN,CHN,Jiangsu,Jiangsu,CN-JS,,,208.6,,,3,Asia/Shanghai,TRUE,1156082079
Yangzhuang,Yangzhuang,,33.1404,118.8920,China,CN,CHN,Jiangsu,Jiangsu,CN-JS,,,208.6,,,3,Asia/Shanghai,TRUE,1156703479
Yangzhuang,Yangzhuang,,32.9322,119.2087,China,CN,CHN,Jiangsu,Jiangsu,CN-JS,,,154.9,,,4,Asia/Shanghai,TRUE,1156814706
Yangzhuang,Yangzhuang,,32.7713,118.5730,China,CN,CHN,Jiangsu,Jiangsu,CN-JS,,,135.9,,,4,Asia/Shanghai,TRUE,1156267108
Gaowuqiao Yicun,Gaowuqiao Yicun,,35.6360,116.7100,China,CN,CHN,Shandong,Shandong,CN-SD,,,785.3,,,3,Asia/Shanghai,FALSE,1156227548
Xietangcun,Xietangcun,,25.5652,119.4186,China,CN,CHN,Fujian,Fujian,CN-FJ,,,1940.6,,,3,Asia/Shanghai,FALSE,1156438865
Luochongcun,Luochongcun,,33.9891,119.4635,China,CN,CHN,Jiangsu,Jiangsu,CN-JS,,,213.4,,,3,Asia/Shanghai,FALSE,1156302857
Suiyuanshan,Suiyuanshan,,26.7844,114.1640,China,CN,CHN,Jiangxi,Jiangxi,CN-JX,,,149.8,,,4,Asia/Shanghai,FALSE,1156442336
Jingtan,Jingtan,,29.9178,118.7262,China,CN,CHN,Anhui,Anhui,CN-AH,,,144.7,,,4,Asia/Shanghai,FALSE,1156992001
Guangsheng,Guangsheng,,24.2903,109.6690,China,CN,CHN,Guangxi,Guangxi,CN-GX,,,57.7,,,4,Asia/Shanghai,FALSE,1156267772
Lijiagangzi,Lijiagangzi,,42.0217,123.0106,China,CN,CHN,Liaoning,Liaoning,CN-LN,,,160.1,,,4,Asia/Shanghai,FALSE,1156342243
Yebei,Yebei,,26.7992,114.5410,China,CN,CHN,Jiangxi,Jiangxi,CN-JX,,,61.7,,,4,Asia/Shanghai,FALSE,1156613213
Xinpeiyuan,Xinpeiyuan,,28.5345,117.2240,China,CN,CHN,Jiangxi,Jiangxi,CN-JX,,,26.4,,,4,Asia/Shanghai,FALSE,1156280971
Tuanshi,Tuanshi,,30.8799,107.0670,China,CN,CHN,Sichuan,Sichuan,CN-SC,,,582.4,,,3,Asia/Shanghai,FALSE,1156163866
Xiatunlao,Xiatunlao,,27.2091,108.0520,China,CN,CHN,Guizhou,Guizhou,CN-GZ,,,25.2,,,4,Asia/Shanghai,FALSE,1156304273
Niubeiji,Niubeiji,,23.6157,113.3257,China,CN,CHN,Guangdong,Guangdong,CN-GD,,,558.1,,,3,Asia/Shanghai,FALSE,1156142285
Niubeiji,Niubeiji,,24.0111,115.0633,China,CN,CHN,Guangdong,Guangdong,CN-GD,,,232.9,,,3,Asia/Shanghai,TRUE,1156391642
Laoshandi,Laoshandi,,23.1311,104.2980,China,CN,CHN,Yunnan,Yunnan,CN-YN,,,84.2,,,4,Asia/Shanghai,FALSE,1156101488
Wuyicun,Wuyicun,,25.0058,103.0460,China,CN,CHN,Yunnan,Yunnan,CN-YN,,,327.2,,,3,Asia/Shanghai,FALSE,1156498218
Jinbi,Jinbi,,36.5932,111.7860,China,CN,CHN,Shanxi,Shanxi,CN-SX,,,1109.2,,,3,Asia/Shanghai,FALSE,1156549033
Jiucai,Jiucai,Jiucaicun,34.6329,103.8889,China,CN,CHN,Gansu,Gansu,CN-GS,,,164.7,,,4,Asia/Shanghai,FALSE,1156837467
Nanxian,Nanxian,,43.3533,129.6983,China,CN,CHN,Jilin,Jilin,CN-JL,,,120.6,,,4,Asia/Shanghai,FALSE,1156193294
Niugouyicun,Niugouyicun,,36.0829,119.6441,China,CN,CHN,Shandong,Shandong,CN-SD,,,478.1,,,3,Asia/Shanghai,FALSE,1156712257
Houyang Shuwan,Houyang Shuwan,,31.8014,118.8876,China,CN,CHN,Jiangsu,Jiangsu,CN-JS,,,1186.8,,,3,Asia/Shanghai,FALSE,1156262080
Saihanyao,Saihanyao,,41.0046,110.6412,China,CN,CHN,Inner Mongolia,Inner Mongolia,CN-NM,,,44.6,,,4,Asia/Shanghai,FALSE,1156848861
Huihuangcun,Huihuangcun,,45.5950,124.4857,China,CN,CHN,Heilongjiang,Heilongjiang,CN-HL,,,173.2,,,4,Asia/Shanghai,FALSE,1156559558
Huihuangcun,Huihuangcun,,44.8916,127.5316,China,CN,CHN,Heilongjiang,Heilongjiang,CN-HL,,,102.6,,,4,Asia/Shanghai,TRUE,1156348190
Mu’erqiao,Mu'erqiao,,21.5960,110.4891,China,CN,CHN,Guangdong,Guangdong,CN-GD,,,495.2,,,3,Asia/Shanghai,FALSE,1156130378
Zhenzhugang,Zhenzhugang,,21.9589,111.9306,China,CN,CHN,Guangdong,Guangdong,CN-GD,,,964.4,,,3,Asia/Shanghai,FALSE,1156171187
Wujiaduan,Wujiaduan,,31.7208,120.8117,China,CN,CHN,Jiangsu,Jiangsu,CN-JS,,,993.3,,,3,Asia/Shanghai,FALSE,1156354108
Huajiayuancun,Huajiayuancun,,35.5066,119.4623,China,CN,CHN,Shandong,Shandong,CN-SD,,,381.5,,,3,Asia/Shanghai,FALSE,1156542649
Qiujiagoucun,Qiujiagoucun,,38.7846,110.7531,China,CN,CHN,Shaanxi,Shaanxi,CN-SN,,,7.6,,,5,Asia/Shanghai,FALSE,1156260116
Jinweicun,Jinweicun,,21.4188,109.9335,China,CN,CHN,Guangdong,Guangdong,CN-GD,,,761.4,,,3,Asia/Shanghai,FALSE,1156535036
Bajiaomiao,Bajiaomiao,,30.1354,106.1256,China,CN,CHN,Chongqing,Chongqing,CN-CQ,,,233.6,,,3,Asia/Shanghai,FALSE,1156690712
Bajiaomiao,Bajiaomiao,,28.9200,106.9920,China,CN,CHN,Chongqing,Chongqing,CN-CQ,,,63.4,,,4,Asia/Shanghai,TRUE,1156706484
Baishi Tamucun,Baishi Tamucun,,39.6765,76.8959,China,CN,CHN,Xinjiang,Xinjiang,CN-XJ,,,150.5,,,4,Asia/Shanghai,FALSE,1156177762
Baishi Tamucun,Baishi Tamucun,,39.2346,77.6800,China,CN,CHN,Xinjiang,Xinjiang,CN-XJ,,,108.0,,,4,Asia/Shanghai,TRUE,1156192471
Qiujiagoucun,Qiujiagoucun,,35.8800,118.9863,China,CN,CHN,Shandong,Shandong,CN-SD,,,180.8,,,4,Asia/Shanghai,FALSE,1156412204
Damiaogoucun,Damiaogoucun,,40.3716,122.6346,China,CN,CHN,Liaoning,Liaoning,CN-LN,,,115.8,,,4,Asia/Shanghai,FALSE,1156006583
Damiaogoucun,Damiaogoucun,,40.5017,119.6965,China,CN,CHN,Liaoning,Liaoning,CN-LN,,,52.4,,,4,Asia/Shanghai,TRUE,1156421334
Baimacun,Baimacun,,39.5324,115.2063,China,CN,CHN,Hebei,Hebei,CN-HE,,,77.8,,,4,Asia/Shanghai,FALSE,1156454535
Laowazicun,Laowazicun,,36.3542,119.1017,China,CN,CHN,Shandong,Shandong,CN-SD,,,627.6,,,3,Asia/Shanghai,FALSE,1156500204
Laowazicun,Laowazicun,,35.6598,118.7933,China,CN,CHN,Shandong,Shandong,CN-SD,,,310.0,,,3,Asia/Shanghai,TRUE,1156500205
Lushangcun,Lushangcun,,36.4311,114.1442,China,CN,CHN,Hebei,Hebei,CN-HE,,,2476.6,,,2,Asia/Shanghai,FALSE,1156457114
Zecun,Zecun,,36.8732,121.5537,China,CN,CHN,Shandong,Shandong,CN-SD,,,351.0,,,3,Asia/Shanghai,FALSE,1156439978
Panjiazui,Panjiazui,,29.0786,111.9037,China,CN,CHN,Hunan,Hunan,CN-HN,,,388.7,,,3,Asia/Shanghai,FALSE,1156555575
Panjiazui,Panjiazui,,29.2063,111.2396,China,CN,CHN,Hunan,Hunan,CN-HN,,,205.6,,,3,Asia/Shanghai,TRUE,1156977351
Panjiazui,Panjiazui,,30.6671,114.1254,China,CN,CHN,Hubei,Hubei,CN-HB,,,1968.8,,,3,Asia/Shanghai,FALSE,1156194525
Panjiazui,Panjiazui,,30.6218,114.6189,China,CN,CHN,Hubei,Hubei,CN-HB,,,1276.0,,,3,Asia/Shanghai,TRUE,1156444127
Niqigaisuneng Baoyi,Niqigaisuneng Baoyi,,38.8172,74.9095,China,CN,CHN,Xinjiang,Xinjiang,CN-XJ,,,3.9,,,5,Asia/Shanghai,FALSE,1156556175
Shangmanmao,Shangmanmao,,24.3631,98.0227,China,CN,CHN,Yunnan,Yunnan,CN-YN,,,86.2,,,4,Asia/Shanghai,FALSE,1156226296
Qianfeng Nongchang Yi Dui,Qianfeng Nongchang Yi Dui,,47.8811,133.7850,China,CN,CHN,Heilongjiang,Heilongjiang,CN-HL,,,23.6,,,4,Asia/Shanghai,FALSE,1156550971
Wangguang,Wangguang,,29.3016,120.4080,China,CN,CHN,Zhejiang,Zhejiang,CN-ZJ,,,1054.9,,,3,Asia/Shanghai,FALSE,1156319233
Xideng,Xideng,,26.6901,100.2330,China,CN,CHN,Yunnan,Yunnan,CN-YN,,,403.9,,,3,Asia/Shanghai,FALSE,1156801231
Xideng,Xideng,,26.0935,99.9063,China,CN,CHN,Yunnan,Yunnan,CN-YN,,,193.3,,,4,Asia/Shanghai,TRUE,1156555368
Xideng,Xideng,,26.4488,100.2000,China,CN,CHN,Yunnan,Yunnan,CN-YN,,,135.6,,,4,Asia/Shanghai,TRUE,1156715982
Xideng,Xideng,,25.9869,99.6883,China,CN,CHN,Yunnan,Yunnan,CN-YN,,,29.1,,,4,Asia/Shanghai,TRUE,1156025355
Xideng,Xideng,,25.9985,99.6002,China,CN,CHN,Yunnan,Yunnan,CN-YN,,,29.1,,,4,Asia/Shanghai,TRUE,1156269888
Zhangwa,Zhangwa,,31.7908,118.9905,China,CN,CHN,Jiangsu,Jiangsu,CN-JS,,,725.9,,,3,Asia/Shanghai,FALSE,1156290560
Zhangwa,Zhangwa,,34.1782,118.9480,China,CN,CHN,Jiangsu,Jiangsu,CN-JS,,,184.5,,,4,Asia/Shanghai,TRUE,1156197178
Tonggoucun,Tonggoucun,,44.0892,130.9847,China,CN,CHN,Heilongjiang,Heilongjiang,CN-HL,,,131.1,,,4,Asia/Shanghai,FALSE,1156361843
Shibukengcun,Shibukengcun,Shibukeng,26.4771,118.9380,China,CN,CHN,Fujian,Fujian,CN-FJ,,,45.9,,,4,Asia/Shanghai,FALSE,1156222318
Shangxiaoxicun,Shangxiaoxicun,,28.7563,120.0798,China,CN,CHN,Zhejiang,Zhejiang,CN-ZJ,,,201.7,,,3,Asia/Shanghai,FALSE,1156411137
Chujiatuancun,Chujiatuancun,,36.9907,120.6503,China,CN,CHN,Shandong,Shandong,CN-SD,,,602.7,,,3,Asia/Shanghai,FALSE,1156523639
Madong,Madong,,22.7451,113.1645,China,CN,CHN,Guangdong,Guangdong,CN-GD,,,2497.1,,,2,Asia/Shanghai,FALSE,1156731857
Madong,Madong,,23.3671,113.4485,China,CN,CHN,Guangdong,Guangdong,CN-GD,,,903.0,,,3,Asia/Shanghai,TRUE,1156223575
Madong,Madong,,22.2580,112.6545,China,CN,CHN,Guangdong,Guangdong,CN-GD,,,314.7,,,3,Asia/Shanghai,TRUE,1156986469
Madong,Madong,,24.2594,114.3979,China,CN,CHN,Guangdong,Guangdong,CN-GD,,,96.3,,,4,Asia/Shanghai,TRUE,1156666630
Madong,Madong,,23.7712,112.4759,China,CN,CHN,Guangdong,Guangdong,CN-GD,,,73.7,,,4,Asia/Shanghai,TRUE,1156252433
Madong,Madong,,24.8386,112.5953,China,CN,CHN,Guangdong,Guangdong,CN-GD,,,35.4,,,4,Asia/Shanghai,TRUE,1156262417
Nianjiayakou,Nianjiayakou,,24.9844,105.1140,China,CN,CHN,Guizhou,Guizhou,CN-GZ,,,83.4,,,4,Asia/Shanghai,FALSE,1156043760
Potou Houcun,Potou Houcun,,21.2053,110.0014,China,CN,CHN,Guangdong,Guangdong,CN-GD,,,99.7,,,4,Asia/Shanghai,FALSE,1156509986
Yangmeizi,Yangmeizi,,23.5534,114.4372,China,CN,CHN,Guangdong,Guangdong,CN-GD,,,201.8,,,3,Asia/Shanghai,FALSE,1156058604
Gongping,Gongping,,30.7586,107.5564,China,CN,CHN,Chongqing,Chongqing,CN-CQ,,,124.1,,,4,Asia/Shanghai,FALSE,1156644149
Gongping,Gongping,,30.6181,109.2400,China,CN,CHN,Chongqing,Chongqing,CN-CQ,,,53.9,,,4,Asia/Shanghai,TRUE,1156990474
Wangcongzhuang,Wangcongzhuang,,33.0932,118.6040,China,CN,CHN,Jiangsu,Jiangsu,CN-JS,,,297.4,,,3,Asia/Shanghai,FALSE,1156210065
Baxiangtun,Baxiangtun,Baxiang,22.4085,107.6326,China,CN,CHN,Guangxi,Guangxi,CN-GX,,,110.7,,,4,Asia/Shanghai,FALSE,1156887998
Baxiangtun,Baxiangtun,Baxiang,24.5150,106.7225,China,CN,CHN,Guangxi,Guangxi,CN-GX,,,76.4,,,4,Asia/Shanghai,TRUE,1156223303
Baxiangtun,Baxiangtun,,24.6237,106.6302,China,CN,CHN,Guangxi,Guangxi,CN-GX,,,65.2,,,4,Asia/Shanghai,TRUE,1156466086
Zhaojiapo,Zhaojiapo,,24.7713,98.8097,China,CN,CHN,Yunnan,Yunnan,CN-YN,,,182.1,,,4,Asia/Shanghai,FALSE,1156015184
Zhaojiapo,Zhaojiapo,,25.3568,98.6413,China,CN,CHN,Yunnan,Yunnan,CN-YN,,,152.5,,,4,Asia/Shanghai,TRUE,1156186954
Gangtoucai,Gangtoucai,,29.5973,114.3913,China,CN,CHN,Hubei,Hubei,CN-HB,,,223.1,,,3,Asia/Shanghai,FALSE,1156948182
Hongshi,Hongshi,,32.2252,115.7115,China,CN,CHN,Henan,Henan,CN-HA,,,2807.9,,,2,Asia/Shanghai,FALSE,1156128636
Jiucuokeng,Jiucuokeng,,26.2677,117.1754,China,CN,CHN,Fujian,Fujian,CN-FJ,,,74.1,,,4,Asia/Shanghai,FALSE,1156152246
Baicaopi,Baicaopi,,24.1893,102.3800,China,CN,CHN,Yunnan,Yunnan,CN-YN,,,315.8,,,3,Asia/Shanghai,FALSE,1156456487
Baicaopi,Baicaopi,,25.7461,103.4710,China,CN,CHN,Yunnan,Yunnan,CN-YN,,,100.6,,,4,Asia/Shanghai,TRUE,1156790293
Hexicaocun,Hexicaocun,,37.3564,117.4162,China,CN,CHN,Shandong,Shandong,CN-SD,,,377.3,,,3,Asia/Shanghai,FALSE,1156541041
Taiguocun,Taiguocun,,37.6881,117.9379,China,CN,CHN,Shandong,Shandong,CN-SD,,,203.8,,,3,Asia/Shanghai,FALSE,1156445123
Louzita,Louzita,,37.2595,109.2734,China,CN,CHN,Shaanxi,Shaanxi,CN-SN,,,23.7,,,4,Asia/Shanghai,FALSE,1156265799
Zhibencun,Zhibencun,,47.2498,126.0467,China,CN,CHN,Heilongjiang,Heilongjiang,CN-HL,,,125.1,,,4,Asia/Shanghai,FALSE,1156326327
Datangkou,Datangkou,,27.2596,106.8930,China,CN,CHN,Guizhou,Guizhou,CN-GZ,,,194.3,,,4,Asia/Shanghai,FALSE,1156400425
Datangkou,Datangkou,,27.0519,107.9230,China,CN,CHN,Guizhou,Guizhou,CN-GZ,,,78.8,,,4,Asia/Shanghai,TRUE,1156240108
Akebu Lakecun,Akebu Lakecun,,41.7346,80.6282,China,CN,CHN,Xinjiang,Xinjiang,CN-XJ,,,15.5,,,4,Asia/Shanghai,FALSE,1156423955
Shajiyong,Shajiyong,,31.6443,95.3266,China,CN,CHN,Tibet,Tibet,CN-XZ,,,6.8,,,5,Asia/Shanghai,FALSE,1156880331
Xiawuchang,Xiawuchang,,25.9595,113.8489,China,CN,CHN,Hunan,Hunan,CN-HN,,,361.7,,,3,Asia/Shanghai,FALSE,1156313678
Xiawuchang,Xiawuchang,,25.4962,113.7684,China,CN,CHN,Hunan,Hunan,CN-HN,,,314.8,,,3,Asia/Shanghai,TRUE,1156082807
Hululing,Hululing,,34.6456,110.5958,China,CN,CHN,Shanxi,Shanxi,CN-SX,,,198.5,,,4,Asia/Shanghai,FALSE,1156129378
Shiyanggou,Shiyanggou,,37.0019,103.8930,China,CN,CHN,Gansu,Gansu,CN-GS,,,8.9,,,5,Asia/Shanghai,FALSE,1156223522
Longwangcun,Longwangcun,,37.3543,113.2254,China,CN,CHN,Shanxi,Shanxi,CN-SX,,,9.1,,,5,Asia/Shanghai,FALSE,1156238727
Yikengbake,Yikengbake,,42.1104,100.8029,China,CN,CHN,Inner Mongolia,Inner Mongolia,CN-NM,,,1.2,,,5,Asia/Shanghai,FALSE,1156896499
Huangjiacun,Huangjiacun,,44.7992,126.3140,China,CN,CHN,Jilin,Jilin,CN-JL,,,276.3,,,3,Asia/Shanghai,FALSE,1156558577
Huangjiacun,Huangjiacun,,43.4265,125.6069,China,CN,CHN,Jilin,Jilin,CN-JL,,,218.9,,,3,Asia/Shanghai,TRUE,1156815798
Huangjiacun,Huangjiacun,,44.0671,125.3185,China,CN,CHN,Jilin,Jilin,CN-JL,,,135.9,,,4,Asia/Shanghai,TRUE,1156711719
Huangjiacun,Huangjiacun,,43.3508,125.4293,China,CN,CHN,Jilin,Jilin,CN-JL,,,116.0,,,4,Asia/Shanghai,TRUE,1156666396
Huangjiacun,Huangjiacun,,45.1741,125.2612,China,CN,CHN,Jilin,Jilin,CN-JL,,,99.4,,,4,Asia/Shanghai,TRUE,1156779436
Banjiegou,Banjiegou,,41.0489,120.3130,China,CN,CHN,Liaoning,Liaoning,CN-LN,,,206.8,,,3,Asia/Shanghai,FALSE,1156341012
Banjiegou,Banjiegou,,40.1612,122.4376,China,CN,CHN,Liaoning,Liaoning,CN-LN,,,125.0,,,4,Asia/Shanghai,TRUE,1156197751
Banjiegou,Banjiegou,,40.0991,122.3854,China,CN,CHN,Liaoning,Liaoning,CN-LN,,,98.8,,,4,Asia/Shanghai,TRUE,1156039985
Banjiegou,Banjiegou,,40.0870,122.8184,China,CN,CHN,Liaoning,Liaoning,CN-LN,,,67.3,,,4,Asia/Shanghai,TRUE,1156545274
Banjiegou,Banjiegou,,40.5921,123.7383,China,CN,CHN,Liaoning,Liaoning,CN-LN,,,56.6,,,4,Asia/Shanghai,TRUE,1156575342
Banjiegou,Banjiegou,,41.9749,119.4936,China,CN,CHN,Liaoning,Liaoning,CN-LN,,,51.7,,,4,Asia/Shanghai,TRUE,1156450564
Banjiegou,Banjiegou,,41.3638,120.2350,China,CN,CHN,Liaoning,Liaoning,CN-LN,,,41.1,,,4,Asia/Shanghai,TRUE,1156342366
Yinquan,Yinquan,,25.9534,112.3246,China,CN,CHN,Hunan,Hunan,CN-HN,,,362.4,,,3,Asia/Shanghai,FALSE,1156723010
Jinlian,Jinlian,,31.9345,121.3190,China,CN,CHN,Jiangsu,Jiangsu,CN-JS,,,406.7,,,3,Asia/Shanghai,FALSE,1156885843
Aobaoling,Aobaoling,,47.3867,122.1612,China,CN,CHN,Inner Mongolia,Inner Mongolia,CN-NM,,,52.0,,,4,Asia/Shanghai,FALSE,1156137905
Yinquan,Yinquan,,38.1258,116.6410,China,CN,CHN,Hebei,Hebei,CN-HE,,,325.0,,,3,Asia/Shanghai,FALSE,1156413643
Jinlian,Jinlian,,24.9789,114.9012,China,CN,CHN,Jiangxi,Jiangxi,CN-JX,,,32.4,,,4,Asia/Shanghai,FALSE,1156424058
Datan,Datan,,25.6316,116.3987,China,CN,CHN,Fujian,Fujian,CN-FJ,,,50.5,,,4,Asia/Shanghai,FALSE,1156458087
Wangjiayu,Wangjiayu,,37.8484,113.5558,China,CN,CHN,Shanxi,Shanxi,CN-SX,,,8408.2,,,2,Asia/Shanghai,FALSE,1156995730
Wangjiayu,Wangjiayu,Wang-chia-yü,36.7500,113.1333,China,CN,CHN,Shanxi,Shanxi,CN-SX,,,61.0,,,4,Asia/Shanghai,TRUE,1156681101
Shilingcun,Shilingcun,,35.0017,119.1367,China,CN,CHN,Jiangsu,Jiangsu,CN-JS,,,527.4,,,3,Asia/Shanghai,FALSE,1156287017
Chalengkou,Chalengkou,,38.0333,93.9000,China,CN,CHN,Qinghai,Qinghai,CN-QH,,,0.2,,,5,Asia/Shanghai,FALSE,1156713242
Caojiatun,Caojiatun,,47.1525,126.5960,China,CN,CHN,Heilongjiang,Heilongjiang,CN-HL,,,196.7,,,4,Asia/Shanghai,FALSE,1156318133
Caojiatun,Caojiatun,,47.7765,126.0540,China,CN,CHN,Heilongjiang,Heilongjiang,CN-HL,,,142.1,,,4,Asia/Shanghai,TRUE,1156317211
Caojiatun,Caojiatun,,46.6807,127.3835,China,CN,CHN,Heilongjiang,Heilongjiang,CN-HL,,,131.1,,,4,Asia/Shanghai,TRUE,1156301391
Caojiatun,Caojiatun,,45.8262,128.6022,China,CN,CHN,Heilongjiang,Heilongjiang,CN-HL,,,69.3,,,4,Asia/Shanghai,TRUE,1156351426
Caojiatun,Caojiatun,,46.6637,125.6805,China,CN,CHN,Heilongjiang,Heilongjiang,CN-HL,,,52.6,,,4,Asia/Shanghai,TRUE,1156575973
Caojiatun,Caojiatun,,48.2302,126.7273,China,CN,CHN,Heilongjiang,Heilongjiang,CN-HL,,,24.5,,,4,Asia/Shanghai,TRUE,1156604249
Bianxiyangcun,Bianxiyangcun,,37.6719,116.6498,China,CN,CHN,Shandong,Shandong,CN-SD,,,419.2,,,3,Asia/Shanghai,FALSE,1156457948
Chenjiashanhe,Chenjiashanhe,,34.4163,106.9420,China,CN,CHN,Shaanxi,Shaanxi,CN-SN,,,63.6,,,4,Asia/Shanghai,FALSE,1156526521
Jianghangcun,Jianghangcun,,35.9675,116.9451,China,CN,CHN,Shandong,Shandong,CN-SD,,,1126.1,,,3,Asia/Shanghai,FALSE,1156544711
Jianghangcun,Jianghangcun,,34.9819,117.3184,China,CN,CHN,Shandong,Shandong,CN-SD,,,667.1,,,3,Asia/Shanghai,TRUE,1156544712
Chaotianmencun,Chaotianmencun,,29.1812,121.8836,China,CN,CHN,Zhejiang,Zhejiang,CN-ZJ,,,265.0,,,3,Asia/Shanghai,FALSE,1156403798
Shimencun Xintang,Shimencun Xintang,,24.6822,114.7617,China,CN,CHN,Jiangxi,Jiangxi,CN-JX,,,86.2,,,4,Asia/Shanghai,FALSE,1156563450
Zhangyi,Zhangyi,,35.7111,105.7519,China,CN,CHN,Ningxia,Ningxia,CN-NX,,,119.8,,,4,Asia/Shanghai,FALSE,1156559856
Chenjiadawu,Chenjiadawu,,31.1890,114.1413,China,CN,CHN,Hubei,Hubei,CN-HB,,,397.7,,,3,Asia/Shanghai,FALSE,1156701791
Waijiangqu,Waijiangqu,,31.9867,120.8443,China,CN,CHN,Jiangsu,Jiangsu,CN-JS,,,11451.2,,,2,Asia/Shanghai,FALSE,1156172543
Diangou,Diangou,,33.4176,104.9121,China,CN,CHN,Gansu,Gansu,CN-GS,,,2361.4,,,2,Asia/Shanghai,FALSE,1156890141
Houweizicun,Houweizicun,,41.3526,124.0280,China,CN,CHN,Liaoning,Liaoning,CN-LN,,,58.6,,,4,Asia/Shanghai,FALSE,1156354160
Shijia,Shijia,,25.7092,112.2203,China,CN,CHN,Hunan,Hunan,CN-HN,,,387.3,,,3,Asia/Shanghai,FALSE,1156963995
Shijia,Shijia,,27.5530,111.6130,China,CN,CHN,Hunan,Hunan,CN-HN,,,319.4,,,3,Asia/Shanghai,TRUE,1156150538
Shijia,Shijia,,28.0852,110.0258,China,CN,CHN,Hunan,Hunan,CN-HN,,,248.4,,,3,Asia/Shanghai,TRUE,1156670073
Shijia,Shijia,,25.3190,112.4880,China,CN,CHN,Hunan,Hunan,CN-HN,,,211.7,,,3,Asia/Shanghai,TRUE,1156805899
Shijia,Shijia,,25.5241,111.5093,China,CN,CHN,Hunan,Hunan,CN-HN,,,171.3,,,4,Asia/Shanghai,TRUE,1156076549
Shijia,Shijia,,27.7440,110.2824,China,CN,CHN,Hunan,Hunan,CN-HN,,,108.1,,,4,Asia/Shanghai,TRUE,1156282213
Shijia,Shijia,,27.1595,110.1468,China,CN,CHN,Hunan,Hunan,CN-HN,,,88.0,,,4,Asia/Shanghai,TRUE,1156032014
Shijia,Shijia,,25.8153,112.8034,China,CN,CHN,Hunan,Hunan,CN-HN,,,78.5,,,4,Asia/Shanghai,TRUE,1156585607
Shijia,Shijia,,26.4477,109.7468,China,CN,CHN,Hunan,Hunan,CN-HN,,,47.7,,,4,Asia/Shanghai,TRUE,1156281824
Shijia,Shijia,,25.2656,112.2281,China,CN,CHN,Hunan,Hunan,CN-HN,,,0.7,,,5,Asia/Shanghai,TRUE,1156315252
Shijia,Shijia,,33.7533,111.5309,China,CN,CHN,Henan,Henan,CN-HA,,,213.4,,,3,Asia/Shanghai,FALSE,1156271049
Shijia,Shijia,,34.0018,112.3367,China,CN,CHN,Henan,Henan,CN-HA,,,137.6,,,4,Asia/Shanghai,TRUE,1156469745
Shijia,Shijia,,30.0033,113.8518,China,CN,CHN,Hubei,Hubei,CN-HB,,,310.0,,,3,Asia/Shanghai,FALSE,1156229341
Shijia,Shijia,,29.6898,113.7605,China,CN,CHN,Hubei,Hubei,CN-HB,,,86.5,,,4,Asia/Shanghai,TRUE,1156869093
Shijia,Shijia,,38.4944,116.0350,China,CN,CHN,Hebei,Hebei,CN-HE,,,572.9,,,3,Asia/Shanghai,FALSE,1156049398
Shijia,Shijia,,41.0780,119.0558,China,CN,CHN,Hebei,Hebei,CN-HE,,,120.1,,,4,Asia/Shanghai,TRUE,1156223782
Shijia,Shijia,,41.9937,118.1504,China,CN,CHN,Hebei,Hebei,CN-HE,,,112.5,,,4,Asia/Shanghai,TRUE,1156739014
Shijia,Shijia,Shijiacun,40.5936,115.7475,China,CN,CHN,Hebei,Hebei,CN-HE,,,33.6,,,4,Asia/Shanghai,TRUE,1156854536
Wolaquan,Wolaquan,,45.5666,124.6811,China,CN,CHN,Heilongjiang,Heilongjiang,CN-HL,,,65.8,,,4,Asia/Shanghai,FALSE,1156312922
Huangping,Huangping,,28.6330,104.1880,China,CN,CHN,Yunnan,Yunnan,CN-YN,,,349.2,,,3,Asia/Shanghai,FALSE,1156461671
Huangping,Huangping,,28.2804,104.0683,China,CN,CHN,Yunnan,Yunnan,CN-YN,,,201.0,,,3,Asia/Shanghai,TRUE,1156916161
Zidou,Zidou,,29.2133,103.5740,China,CN,CHN,Sichuan,Sichuan,CN-SC,,,153.2,,,4,Asia/Shanghai,FALSE,1156025716
Gaojiatianzi,Gaojiatianzi,,36.7408,106.5785,China,CN,CHN,Gansu,Gansu,CN-GS,,,13.5,,,4,Asia/Shanghai,FALSE,1156749747
Goukeng,Goukeng,,26.6813,118.4630,China,CN,CHN,Fujian,Fujian,CN-FJ,,,52.9,,,4,Asia/Shanghai,FALSE,1156883074
Guanzhuxi,Guanzhuxi,,27.1428,110.4750,China,CN,CHN,Hunan,Hunan,CN-HN,,,172.0,,,4,Asia/Shanghai,FALSE,1156002867
Kuiwangcun,Kuiwangcun,,22.9061,111.5361,China,CN,CHN,Guangdong,Guangdong,CN-GD,,,174.1,,,4,Asia/Shanghai,FALSE,1156560826
Maogang,Maogang,,28.4792,116.2489,China,CN,CHN,Jiangxi,Jiangxi,CN-JX,,,384.6,,,3,Asia/Shanghai,FALSE,1156661055
Changming,Changming,,27.0665,114.8415,China,CN,CHN,Jiangxi,Jiangxi,CN-JX,,,204.6,,,3,Asia/Shanghai,FALSE,1156966242
Changming,Changming,,29.5764,117.5604,China,CN,CHN,Jiangxi,Jiangxi,CN-JX,,,85.1,,,4,Asia/Shanghai,TRUE,1156665628
Pengjiagou,Pengjiagou,,31.2589,110.0406,China,CN,CHN,Chongqing,Chongqing,CN-CQ,,,28.4,,,4,Asia/Shanghai,FALSE,1156459588
Dinggeng,Dinggeng,,22.2867,109.3750,China,CN,CHN,Guangxi,Guangxi,CN-GX,,,270.9,,,3,Asia/Shanghai,FALSE,1156048998
Wanglaohucun,Wanglaohucun,,37.2673,116.6213,China,CN,CHN,Shandong,Shandong,CN-SD,,,1624.8,,,3,Asia/Shanghai,FALSE,1156455526
Wanglaohucun,Wanglaohucun,,35.4586,115.8693,China,CN,CHN,Shandong,Shandong,CN-SD,,,622.8,,,3,Asia/Shanghai,TRUE,1156246110
Wanglaohucun,Wanglaohucun,,37.1384,117.4109,China,CN,CHN,Shandong,Shandong,CN-SD,,,456.3,,,3,Asia/Shanghai,TRUE,1156455525
Maogang,Maogang,,33.8816,117.8960,China,CN,CHN,Jiangsu,Jiangsu,CN-JS,,,544.6,,,3,Asia/Shanghai,FALSE,1156836212
Maogang,Maogang,,33.7775,119.8633,China,CN,CHN,Jiangsu,Jiangsu,CN-JS,,,494.7,,,3,Asia/Shanghai,TRUE,1156111383
Pangnangcun,Pangnangcun,,31.6718,92.8506,China,CN,CHN,Tibet,Tibet,CN-XZ,,,15.8,,,4,Asia/Shanghai,FALSE,1156519956
Pangnangcun,Pangnangcun,,31.5558,92.7443,China,CN,CHN,Tibet,Tibet,CN-XZ,,,6.3,,,5,Asia/Shanghai,TRUE,1156021163
Shichang,Shichang,,30.5901,105.3090,China,CN,CHN,Sichuan,Sichuan,CN-SC,,,546.3,,,3,Asia/Shanghai,FALSE,1156244542
Shichang,Shichang,,31.6712,107.5950,China,CN,CHN,Sichuan,Sichuan,CN-SC,,,154.3,,,4,Asia/Shanghai,TRUE,1156783388
Shichang,Shichang,,26.5390,101.8990,China,CN,CHN,Sichuan,Sichuan,CN-SC,,,97.7,,,4,Asia/Shanghai,TRUE,1156752282
Xitang’aocun,Xitang'aocun,,28.7857,118.3828,China,CN,CHN,Zhejiang,Zhejiang,CN-ZJ,,,379.3,,,3,Asia/Shanghai,FALSE,1156397427
Xianjindui Nongyedian,Xianjindui Nongyedian,,49.1402,121.0409,China,CN,CHN,Inner Mongolia,Inner Mongolia,CN-NM,,,9.8,,,5,Asia/Shanghai,FALSE,1156992773
Shichang,Shichang,,35.7799,110.3932,China,CN,CHN,Shaanxi,Shaanxi,CN-SN,,,18.2,,,4,Asia/Shanghai,FALSE,1156076552
Shichang,Shichang,,35.8297,110.0511,China,CN,CHN,Shaanxi,Shaanxi,CN-SN,,,6.8,,,5,Asia/Shanghai,TRUE,1156786659
Jiade,Jiade,,31.5654,100.4419,China,CN,CHN,Sichuan,Sichuan,CN-SC,,,9.8,,,5,Asia/Shanghai,FALSE,1156276883
Jiade,Jiade,,30.2258,100.7840,China,CN,CHN,Sichuan,Sichuan,CN-SC,,,5.8,,,5,Asia/Shanghai,TRUE,1156114704
Yaocuowei,Yaocuowei,,23.3947,116.3475,China,CN,CHN,Guangdong,Guangdong,CN-GD,,,2392.3,,,2,Asia/Shanghai,FALSE,1156687552
Ganmuwan,Ganmuwan,,22.3232,111.4839,China,CN,CHN,Guangdong,Guangdong,CN-GD,,,74.7,,,4,Asia/Shanghai,FALSE,1156238776
Hengshujiangcun,Hengshujiangcun,,28.3967,120.0963,China,CN,CHN,Zhejiang,Zhejiang,CN-ZJ,,,58.7,,,4,Asia/Shanghai,FALSE,1156412621
Dafucun,Dafucun,,38.7167,116.5333,China,CN,CHN,Hebei,Hebei,CN-HE,,,622.3,,,3,Asia/Shanghai,FALSE,1156266528
Bushangcun,Bushangcun,,37.4087,110.8390,China,CN,CHN,Shanxi,Shanxi,CN-SX,,,1669.8,,,3,Asia/Shanghai,FALSE,1156152958
Beisu,Beisu,,34.0999,111.1180,China,CN,CHN,Henan,Henan,CN-HA,,,100.2,,,4,Asia/Shanghai,FALSE,1156177596
Baza Beixi,Baza Beixi,,39.0858,75.7457,China,CN,CHN,Xinjiang,Xinjiang,CN-XJ,,,20.4,,,4,Asia/Shanghai,FALSE,1156576603
Beisu,Beisu,,37.7423,114.5640,China,CN,CHN,Hebei,Hebei,CN-HE,,,864.4,,,3,Asia/Shanghai,FALSE,1156533266
Beisu,Beisu,,36.5452,115.1288,China,CN,CHN,Hebei,Hebei,CN-HE,,,550.6,,,3,Asia/Shanghai,TRUE,1156201158
Beisu,Beisu,,37.1430,115.1760,China,CN,CHN,Hebei,Hebei,CN-HE,,,373.2,,,3,Asia/Shanghai,TRUE,1156347648
Chen-an,Chen-an,,42.8614,125.3839,China,CN,CHN,Jilin,Jilin,CN-JL,,,95.8,,,4,Asia/Shanghai,FALSE,1156202583
Bushangcun,Bushangcun,,36.8565,121.6535,China,CN,CHN,Shandong,Shandong,CN-SD,,,677.7,,,3,Asia/Shanghai,FALSE,1156439628
Bushangcun,Bushangcun,,36.1514,117.3612,China,CN,CHN,Shandong,Shandong,CN-SD,,,535.1,,,3,Asia/Shanghai,TRUE,1156076143
Bushangcun,Bushangcun,,37.3237,122.2857,China,CN,CHN,Shandong,Shandong,CN-SD,,,477.5,,,3,Asia/Shanghai,TRUE,1156433393
Bushangcun,Bushangcun,,36.8897,120.3035,China,CN,CHN,Shandong,Shandong,CN-SD,,,411.1,,,3,Asia/Shanghai,TRUE,1156467060
Bushangcun,Bushangcun,,36.5910,119.8274,China,CN,CHN,Shandong,Shandong,CN-SD,,,342.4,,,3,Asia/Shanghai,TRUE,1156467059
Bushangcun,Bushangcun,,37.1737,120.5471,China,CN,CHN,Shandong,Shandong,CN-SD,,,330.8,,,3,Asia/Shanghai,TRUE,1156467054
Bushangcun,Bushangcun,,37.3610,120.0342,China,CN,CHN,Shandong,Shandong,CN-SD,,,303.8,,,3,Asia/Shanghai,TRUE,1156467055
Bushangcun,Bushangcun,,37.5374,120.4464,China,CN,CHN,Shandong,Shandong,CN-SD,,,186.7,,,4,Asia/Shanghai,TRUE,1156467057
Cilayaozha,Cilayaozha,Cilamezha,26.1847,101.1910,China,CN,CHN,Yunnan,Yunnan,CN-YN,,,29.9,,,4,Asia/Shanghai,FALSE,1156272199
Tekui,Tekui,,31.1534,98.0512,China,CN,CHN,Tibet,Tibet,CN-XZ,,,7.9,,,5,Asia/Shanghai,FALSE,1156061014
Xikengba,Xikengba,,26.1429,115.6697,China,CN,CHN,Jiangxi,Jiangxi,CN-JX,,,389.9,,,3,Asia/Shanghai,FALSE,1156845453
Yuanjiang,Yuanjiang,,24.4351,108.4290,China,CN,CHN,Guangxi,Guangxi,CN-GX,,,115.2,,,4,Asia/Shanghai,FALSE,1156065325
Yuanjiang,Yuanjiang,,25.5248,110.5930,China,CN,CHN,Guangxi,Guangxi,CN-GX,,,98.5,,,4,Asia/Shanghai,TRUE,1156881378
Yuanjiang,Yuanjiang,,24.7868,110.0590,China,CN,CHN,Guangxi,Guangxi,CN-GX,,,35.6,,,4,Asia/Shanghai,TRUE,1156391566
Qinhuang,Qinhuang,,23.4246,108.7280,China,CN,CHN,Guangxi,Guangxi,CN-GX,,,250.3,,,3,Asia/Shanghai,FALSE,1156809171
Banlong,Banlong,,23.6820,99.0436,China,CN,CHN,Yunnan,Yunnan,CN-YN,,,79.3,,,4,Asia/Shanghai,FALSE,1156976161
Cuilingcun,Cuilingcun,Cuijialingcun,37.7230,118.1026,China,CN,CHN,Shandong,Shandong,CN-SD,,,261.5,,,3,Asia/Shanghai,FALSE,1156012560
Daheichong,Daheichong,,24.0717,102.8300,China,CN,CHN,Yunnan,Yunnan,CN-YN,,,170.2,,,4,Asia/Shanghai,FALSE,1156821201
Dapanyuankou,Dapanyuankou,,25.2688,111.1558,China,CN,CHN,Hunan,Hunan,CN-HN,,,89.6,,,4,Asia/Shanghai,FALSE,1156203199
Huaping,Huaping,,27.8083,112.4378,China,CN,CHN,Hunan,Hunan,CN-HN,,,313.6,,,3,Asia/Shanghai,FALSE,1156806445
Huaping,Huaping,,47.0689,133.9313,China,CN,CHN,Heilongjiang,Heilongjiang,CN-HL,,,13.8,,,4,Asia/Shanghai,FALSE,1156324562
Jiangbing Ershidui,Jiangbing Ershidui,,47.5719,131.4445,China,CN,CHN,Heilongjiang,Heilongjiang,CN-HL,,,30.8,,,4,Asia/Shanghai,FALSE,1156921145
Liangqingxu,Liangqingxu,,32.7756,119.7774,China,CN,CHN,Jiangsu,Jiangsu,CN-JS,,,633.4,,,3,Asia/Shanghai,FALSE,1156061408
Lijin,Lijin,Litsinghsien|Litsing|Li-ching|Li-chin|Li-ching-hsien,37.4928,118.2567,China,CN,CHN,Shandong,Shandong,CN-SD,,,1229.2,,,3,Asia/Shanghai,FALSE,1156652472
Qinhuang,Qinhuang,,23.7277,112.7574,China,CN,CHN,Guangdong,Guangdong,CN-GD,,,287.1,,,3,Asia/Shanghai,FALSE,1156918241
Huaping,Huaping,,30.2119,109.0640,China,CN,CHN,Hubei,Hubei,CN-HB,,,103.8,,,4,Asia/Shanghai,FALSE,1156886093
Huaping,Huaping,,33.5213,112.4544,China,CN,CHN,Henan,Henan,CN-HA,,,408.2,,,3,Asia/Shanghai,FALSE,1156210082
Huaping,Huaping,,34.0537,111.7603,China,CN,CHN,Henan,Henan,CN-HA,,,104.6,,,4,Asia/Shanghai,TRUE,1156540927
Yingdian,Yingdian,Ying-tien,20.4772,109.9457,China,CN,CHN,Guangdong,Guangdong,CN-GD,,,82.7,,,4,Asia/Shanghai,FALSE,1156768565
Wangjiaxiahe,Wangjiaxiahe,,33.8229,104.9256,China,CN,CHN,Gansu,Gansu,CN-GS,,,63.8,,,4,Asia/Shanghai,FALSE,1156266513
Min’an Shequ,Min'an Shequ,,26.0511,119.5010,China,CN,CHN,Fujian,Fujian,CN-FJ,,,5207.1,,,2,Asia/Shanghai,FALSE,1156523211
Beiweizhuangcun,Beiweizhuangcun,,36.6805,116.1742,China,CN,CHN,Shandong,Shandong,CN-SD,,,387.2,,,3,Asia/Shanghai,FALSE,1156510437
Reri,Reri,,29.4584,101.4660,China,CN,CHN,Sichuan,Sichuan,CN-SC,,,3.1,,,5,Asia/Shanghai,FALSE,1156748176
Dongxiannan Shequ,Dongxiannan Shequ,,37.1144,114.6860,China,CN,CHN,Hebei,Hebei,CN-HE,,,1054.7,,,3,Asia/Shanghai,FALSE,1156581791
Dazhugancun,Dazhugancun,,30.5653,119.4643,China,CN,CHN,Zhejiang,Zhejiang,CN-ZJ,,,90.5,,,4,Asia/Shanghai,FALSE,1156379926
Longdong Shequ,Longdong Shequ,Longdongcun,24.6865,118.1920,China,CN,CHN,Fujian,Fujian,CN-FJ,,,1422.2,,,3,Asia/Shanghai,FALSE,1156236464
Longdong Shequ,Longdong Shequ,,25.5007,118.2509,China,CN,CHN,Fujian,Fujian,CN-FJ,,,1200.9,,,3,Asia/Shanghai,TRUE,1156457639
Caoyuncun,Caoyuncun,,35.1162,110.9389,China,CN,CHN,Shanxi,Shanxi,CN-SX,,,531.4,,,3,Asia/Shanghai,FALSE,1156596956
Huimin,Huimin,,22.6287,113.4113,China,CN,CHN,Guangdong,Guangdong,CN-GD,,,1399.5,,,3,Asia/Shanghai,FALSE,1156553571
Zhanghanjiacun,Zhanghanjiacun,,38.0926,116.6885,China,CN,CHN,Hebei,Hebei,CN-HE,,,580.4,,,3,Asia/Shanghai,FALSE,1156479114
Tonggou Linchang,Tonggou Linchang,,41.5902,124.4601,China,CN,CHN,Liaoning,Liaoning,CN-LN,,,29.9,,,4,Asia/Shanghai,FALSE,1156084468
Yanlin,Yanlin,,41.4322,114.8882,China,CN,CHN,Hebei,Hebei,CN-HE,,,86.5,,,4,Asia/Shanghai,FALSE,1156454577
Baichunping,Baichunping,,30.2753,102.9360,China,CN,CHN,Sichuan,Sichuan,CN-SC,,,127.8,,,4,Asia/Shanghai,FALSE,1156746236
Zhangjia Dayuan,Zhangjia Dayuan,,40.8978,123.8897,China,CN,CHN,Liaoning,Liaoning,CN-LN,,,123.6,,,4,Asia/Shanghai,FALSE,1156460419
Taituncun,Taituncun,Taitun,46.0315,126.4171,China,CN,CHN,Heilongjiang,Heilongjiang,CN-HL,,,131.9,,,4,Asia/Shanghai,FALSE,1156945906
Ludaxi,Ludaxi,,28.2947,103.8150,China,CN,CHN,Sichuan,Sichuan,CN-SC,,,158.2,,,4,Asia/Shanghai,FALSE,1156139127
Baihumiao,Baihumiao,,30.5143,119.4448,China,CN,CHN,Zhejiang,Zhejiang,CN-ZJ,,,90.5,,,4,Asia/Shanghai,FALSE,1156228919
Wangzhi Huanloucun,Wangzhi Huanloucun,,34.7803,115.5507,China,CN,CHN,Shandong,Shandong,CN-SD,,,577.5,,,3,Asia/Shanghai,FALSE,1156436605
Xiawazigou,Xiawazigou,,41.6973,119.4566,China,CN,CHN,Liaoning,Liaoning,CN-LN,,,75.6,,,4,Asia/Shanghai,FALSE,1156024842
Fanyong,Fanyong,,18.6179,109.4989,China,CN,CHN,Hainan,Hainan,CN-HI,,,23.1,,,4,Asia/Shanghai,FALSE,1156625339
Manshan,Manshan,,38.6832,113.8769,China,CN,CHN,Hebei,Hebei,CN-HE,,,56.9,,,4,Asia/Shanghai,FALSE,1156920054
Liaogao,Liaogao,Sung-t’ao-hsien|Sung-t’ao-miao-tsu-tzu-chih-hsien|Songtao|Sung-t’ao|Songtao Miaozu Zizhixian|Liaogao Zhen,28.1700,109.1950,China,CN,CHN,Guizhou,Guizhou,CN-GZ,,minor,668.8,,,3,Asia/Shanghai,FALSE,1156235009
Qingpingcun,Qingpingcun,,30.2447,116.7655,China,CN,CHN,Anhui,Anhui,CN-AH,,,338.1,,,3,Asia/Shanghai,FALSE,1156284215
Qingpingcun,Qingpingcun,,30.5117,116.0368,China,CN,CHN,Anhui,Anhui,CN-AH,,,156.8,,,4,Asia/Shanghai,TRUE,1156007601
Yinhe,Yinhe,,24.9618,98.3782,China,CN,CHN,Yunnan,Yunnan,CN-YN,,,124.4,,,4,Asia/Shanghai,FALSE,1156906241
Yinhe,Yinhe,,24.2978,102.3380,China,CN,CHN,Yunnan,Yunnan,CN-YN,,,52.4,,,4,Asia/Shanghai,TRUE,1156107127
Zhongqincun,Zhongqincun,Zhongqin,25.1100,118.1280,China,CN,CHN,Fujian,Fujian,CN-FJ,,,474.3,,,3,Asia/Shanghai,FALSE,1156683156
Dajinheshui,Dajinheshui,,25.8369,101.8500,China,CN,CHN,Yunnan,Yunnan,CN-YN,,,245.0,,,3,Asia/Shanghai,FALSE,1156194779
Changqi,Changqi,,26.5353,117.0341,China,CN,CHN,Fujian,Fujian,CN-FJ,,,35.2,,,4,Asia/Shanghai,FALSE,1156159183
Changqi,Changqi,,26.0724,118.3927,China,CN,CHN,Fujian,Fujian,CN-FJ,,,32.8,,,4,Asia/Shanghai,TRUE,1156099547
Jiedong,Jiedong,,29.8826,95.1136,China,CN,CHN,Tibet,Tibet,CN-XZ,,,1.3,,,5,Asia/Shanghai,FALSE,1156052772
Linacun,Linacun,,24.4624,106.9658,China,CN,CHN,Guangxi,Guangxi,CN-GX,,,106.7,,,4,Asia/Shanghai,FALSE,1156542897
Qizhuling,Qizhuling,,27.0570,113.8170,China,CN,CHN,Jiangxi,Jiangxi,CN-JX,,,273.7,,,3,Asia/Shanghai,FALSE,1156499714
Housandaoliang,Housandaoliang,,41.8617,116.2711,China,CN,CHN,Hebei,Hebei,CN-HE,,,7.3,,,5,Asia/Shanghai,FALSE,1156485606
Cuijia Aozi,Cuijia Aozi,,25.7266,103.5620,China,CN,CHN,Yunnan,Yunnan,CN-YN,,,105.5,,,4,Asia/Shanghai,FALSE,1156594679
Shengjia,Shengjia,,26.1624,111.3298,China,CN,CHN,Hunan,Hunan,CN-HN,,,331.2,,,3,Asia/Shanghai,FALSE,1156570415
Xiban,Xiban,,25.4093,110.0520,China,CN,CHN,Guangxi,Guangxi,CN-GX,,,159.8,,,4,Asia/Shanghai,FALSE,1156171286
Xinchuncun,Xinchuncun,,46.7033,131.1603,China,CN,CHN,Heilongjiang,Heilongjiang,CN-HL,,,616.5,,,3,Asia/Shanghai,FALSE,1156315464
Xinchuncun,Xinchuncun,,45.6032,126.8048,China,CN,CHN,Heilongjiang,Heilongjiang,CN-HL,,,567.3,,,3,Asia/Shanghai,TRUE,1156309515
Xinchuncun,Xinchuncun,,46.6478,126.7071,China,CN,CHN,Heilongjiang,Heilongjiang,CN-HL,,,216.1,,,3,Asia/Shanghai,TRUE,1156328469
Xinchuncun,Xinchuncun,,46.3817,126.8588,China,CN,CHN,Heilongjiang,Heilongjiang,CN-HL,,,188.4,,,4,Asia/Shanghai,TRUE,1156313130
Xinchuncun,Xinchuncun,,46.3242,127.7117,China,CN,CHN,Heilongjiang,Heilongjiang,CN-HL,,,136.7,,,4,Asia/Shanghai,TRUE,1156346421
Xinchuncun,Xinchuncun,,46.7260,127.6260,China,CN,CHN,Heilongjiang,Heilongjiang,CN-HL,,,109.2,,,4,Asia/Shanghai,TRUE,1156298904
Xinchuncun,Xinchuncun,,46.5257,125.7442,China,CN,CHN,Heilongjiang,Heilongjiang,CN-HL,,,105.7,,,4,Asia/Shanghai,TRUE,1156328061
Xinchuncun,Xinchuncun,,47.6860,125.6585,China,CN,CHN,Heilongjiang,Heilongjiang,CN-HL,,,84.6,,,4,Asia/Shanghai,TRUE,1156325824
Xinchuncun,Xinchuncun,,46.5958,129.7082,China,CN,CHN,Heilongjiang,Heilongjiang,CN-HL,,,48.6,,,4,Asia/Shanghai,TRUE,1156360881
Xinchuncun,Xinchuncun,,49.1959,128.0050,China,CN,CHN,Heilongjiang,Heilongjiang,CN-HL,,,0.6,,,5,Asia/Shanghai,TRUE,1156366053
Hala,Hala,,35.7141,105.5586,China,CN,CHN,Gansu,Gansu,CN-GS,,,164.6,,,4,Asia/Shanghai,FALSE,1156090996
Xingdouwan,Xingdouwan,,31.0085,107.7420,China,CN,CHN,Sichuan,Sichuan,CN-SC,,,185.1,,,4,Asia/Shanghai,FALSE,1156304263
Banshi,Banshi,,27.9669,112.9506,China,CN,CHN,Hunan,Hunan,CN-HN,,,847.2,,,3,Asia/Shanghai,FALSE,1156100629
Banshi,Banshi,,28.2961,113.1690,China,CN,CHN,Hunan,Hunan,CN-HN,,,480.7,,,3,Asia/Shanghai,TRUE,1156236583
Banshi,Banshi,,26.5383,111.2478,China,CN,CHN,Hunan,Hunan,CN-HN,,,43.3,,,4,Asia/Shanghai,TRUE,1156100652
Fengqing,Fengqing,,27.7677,108.1350,China,CN,CHN,Guizhou,Guizhou,CN-GZ,,,201.0,,,3,Asia/Shanghai,FALSE,1156857595
Longxichang,Longxichang,,30.1021,106.4587,China,CN,CHN,Chongqing,Chongqing,CN-CQ,,,307.2,,,3,Asia/Shanghai,FALSE,1156785190
Xianglu,Xianglu,,30.2872,106.5849,China,CN,CHN,Chongqing,Chongqing,CN-CQ,,,551.3,,,3,Asia/Shanghai,FALSE,1156258713
Xianglu,Xianglu,,30.8913,108.3255,China,CN,CHN,Chongqing,Chongqing,CN-CQ,,,402.0,,,3,Asia/Shanghai,TRUE,1156156157
Xianglu,Xianglu,,29.1263,106.5800,China,CN,CHN,Chongqing,Chongqing,CN-CQ,,,202.6,,,3,Asia/Shanghai,TRUE,1156066613
Shang’ao,Shang'ao,,35.0101,111.6811,China,CN,CHN,Shanxi,Shanxi,CN-SX,,,27.1,,,4,Asia/Shanghai,FALSE,1156243849
Baihua Qidui,Baihua Qidui,,50.2610,124.1791,China,CN,CHN,Inner Mongolia,Inner Mongolia,CN-NM,,,4.0,,,5,Asia/Shanghai,FALSE,1156294358
Anquancun,Anquancun,,31.9515,120.3491,China,CN,CHN,Jiangsu,Jiangsu,CN-JS,,,1303.9,,,3,Asia/Shanghai,FALSE,1156230558
Beidi Laozhoujia,Beidi Laozhoujia,,40.3480,120.3200,China,CN,CHN,Liaoning,Liaoning,CN-LN,,,4118.7,,,2,Asia/Shanghai,FALSE,1156423338
Zhangsanchuancun,Zhangsanchuancun,,37.6179,117.6405,China,CN,CHN,Shandong,Shandong,CN-SD,,,730.5,,,3,Asia/Shanghai,FALSE,1156530454
Libazhai,Libazhai,,24.3029,99.8022,China,CN,CHN,Yunnan,Yunnan,CN-YN,,,105.5,,,4,Asia/Shanghai,FALSE,1156713656
Libazhai,Libazhai,,23.1701,99.9538,China,CN,CHN,Yunnan,Yunnan,CN-YN,,,63.8,,,4,Asia/Shanghai,TRUE,1156314281
Jianliang,Jianliang,,23.4714,110.7360,China,CN,CHN,Guangxi,Guangxi,CN-GX,,,273.9,,,3,Asia/Shanghai,FALSE,1156388186
Jianliang,Jianliang,,24.5140,108.0170,China,CN,CHN,Guangxi,Guangxi,CN-GX,,,41.4,,,4,Asia/Shanghai,TRUE,1156849633
Chaping,Chaping,,30.8521,109.2217,China,CN,CHN,Chongqing,Chongqing,CN-CQ,,,215.0,,,3,Asia/Shanghai,FALSE,1156922620
Chaping,Chaping,,29.4320,108.5567,China,CN,CHN,Chongqing,Chongqing,CN-CQ,,,131.4,,,4,Asia/Shanghai,TRUE,1156243818
Chaping,Chaping,,29.6517,108.6011,China,CN,CHN,Chongqing,Chongqing,CN-CQ,,,113.7,,,4,Asia/Shanghai,TRUE,1156714246
Chaping,Chaping,,29.9941,108.2386,China,CN,CHN,Chongqing,Chongqing,CN-CQ,,,56.0,,,4,Asia/Shanghai,TRUE,1156371265
Chaping,Chaping,,32.0091,108.6135,China,CN,CHN,Chongqing,Chongqing,CN-CQ,,,44.1,,,4,Asia/Shanghai,TRUE,1156518550
Yedongcun,Yedongcun,,36.2810,114.9351,China,CN,CHN,Hebei,Hebei,CN-HE,,,727.7,,,3,Asia/Shanghai,FALSE,1156448251
Huangzujiang,Huangzujiang,,25.4276,112.4395,China,CN,CHN,Hunan,Hunan,CN-HN,,,312.1,,,3,Asia/Shanghai,FALSE,1156086087
Yaoqiu,Yaoqiu,,24.7160,114.9187,China,CN,CHN,Jiangxi,Jiangxi,CN-JX,,,128.2,,,4,Asia/Shanghai,FALSE,1156570783
Caitang,Caitang,,22.4241,110.7407,China,CN,CHN,Guangdong,Guangdong,CN-GD,,,155.8,,,4,Asia/Shanghai,FALSE,1156244031
Shuipingyuan,Shuipingyuan,,36.2772,108.0280,China,CN,CHN,Gansu,Gansu,CN-GS,,,20.7,,,4,Asia/Shanghai,FALSE,1156909239
Tian’ancun,Tian'ancun,,21.7429,110.8866,China,CN,CHN,Guangdong,Guangdong,CN-GD,,,800.7,,,3,Asia/Shanghai,FALSE,1156556349
Tian’ancun,Tian'ancun,,21.9463,112.1026,China,CN,CHN,Guangdong,Guangdong,CN-GD,,,511.4,,,3,Asia/Shanghai,TRUE,1156556355
Tanglu,Tanglu,,29.4582,108.2536,China,CN,CHN,Chongqing,Chongqing,CN-CQ,,,58.0,,,4,Asia/Shanghai,FALSE,1156130458
Yemaochong,Yemaochong,,26.8033,106.3780,China,CN,CHN,Guizhou,Guizhou,CN-GZ,,,187.7,,,4,Asia/Shanghai,FALSE,1156013599
Zhuojiacun,Zhuojiacun,,36.6857,119.8146,China,CN,CHN,Shandong,Shandong,CN-SD,,,283.6,,,3,Asia/Shanghai,FALSE,1156524732
Zhuojiacun,Zhuojiacun,,35.6163,117.7407,China,CN,CHN,Shandong,Shandong,CN-SD,,,228.8,,,3,Asia/Shanghai,TRUE,1156482505
Dianzijie,Dianzijie,Tien-tzu-chieh,35.2314,103.8681,China,CN,CHN,Gansu,Gansu,CN-GS,,,132.4,,,4,Asia/Shanghai,FALSE,1156995610
Caitang,Caitang,,25.8393,108.8720,China,CN,CHN,Guizhou,Guizhou,CN-GZ,,,55.1,,,4,Asia/Shanghai,FALSE,1156463940
Caitang,Caitang,,23.5647,110.8240,China,CN,CHN,Guangxi,Guangxi,CN-GX,,,229.5,,,3,Asia/Shanghai,FALSE,1156279488
Jianliang,Jianliang,,22.7304,112.9517,China,CN,CHN,Guangdong,Guangdong,CN-GD,,,276.9,,,3,Asia/Shanghai,FALSE,1156282138
Meifangcun,Meifangcun,,28.2357,116.3148,China,CN,CHN,Jiangxi,Jiangxi,CN-JX,,,476.6,,,3,Asia/Shanghai,FALSE,1156437815
Hongjuncun,Hongjuncun,,33.1127,109.5410,China,CN,CHN,Shaanxi,Shaanxi,CN-SN,,,27.9,,,4,Asia/Shanghai,FALSE,1156188380
Yuwai,Yuwai,,22.9285,107.2590,China,CN,CHN,Guangxi,Guangxi,CN-GX,,,96.1,,,4,Asia/Shanghai,FALSE,1156242866
Zhen’ancun,Zhen'ancun,,23.8685,108.0056,China,CN,CHN,Guangxi,Guangxi,CN-GX,,,305.1,,,3,Asia/Shanghai,FALSE,1156548094
Dengjia Yuanzi,Dengjia Yuanzi,,33.2228,108.0307,China,CN,CHN,Shaanxi,Shaanxi,CN-SN,,,38.9,,,4,Asia/Shanghai,FALSE,1156212511
Chengchicun,Chengchicun,,31.1919,117.1805,China,CN,CHN,Anhui,Anhui,CN-AH,,,339.3,,,3,Asia/Shanghai,FALSE,1156289367
Tangyuan’ao,Tangyuan'ao,,29.3708,104.6995,China,CN,CHN,Sichuan,Sichuan,CN-SC,,,2654.6,,,2,Asia/Shanghai,FALSE,1156421527
Gongjialingcun,Gongjialingcun,,35.4630,119.5095,China,CN,CHN,Shandong,Shandong,CN-SD,,,1768.7,,,3,Asia/Shanghai,FALSE,1156535701
Gongjialingcun,Gongjialingcun,,36.3711,119.1325,China,CN,CHN,Shandong,Shandong,CN-SD,,,593.5,,,3,Asia/Shanghai,TRUE,1156535700
Guzhai,Guzhai,,23.0613,115.9143,China,CN,CHN,Guangdong,Guangdong,CN-GD,,,227.8,,,3,Asia/Shanghai,FALSE,1156167240
Caidongkeng,Caidongkeng,,23.7400,116.6119,China,CN,CHN,Guangdong,Guangdong,CN-GD,,,952.1,,,3,Asia/Shanghai,FALSE,1156196250
Caidongkeng,Caidongkeng,,24.1688,112.3573,China,CN,CHN,Guangdong,Guangdong,CN-GD,,,51.7,,,4,Asia/Shanghai,TRUE,1156137892
Guzhai,Guzhai,,27.0406,106.9210,China,CN,CHN,Guizhou,Guizhou,CN-GZ,,,639.2,,,3,Asia/Shanghai,FALSE,1156412001
Guzhai,Guzhai,,26.7769,107.1260,China,CN,CHN,Guizhou,Guizhou,CN-GZ,,,49.2,,,4,Asia/Shanghai,TRUE,1156003889
Guzhai,Guzhai,,23.0215,110.0500,China,CN,CHN,Guangxi,Guangxi,CN-GX,,,429.2,,,3,Asia/Shanghai,FALSE,1156039094
Guzhai,Guzhai,,23.1308,110.9870,China,CN,CHN,Guangxi,Guangxi,CN-GX,,,245.1,,,3,Asia/Shanghai,TRUE,1156218407
Guzhai,Guzhai,,24.7298,109.0920,China,CN,CHN,Guangxi,Guangxi,CN-GX,,,177.3,,,4,Asia/Shanghai,TRUE,1156050034
Chengxia Liujia,Chengxia Liujia,,29.7273,116.4355,China,CN,CHN,Jiangxi,Jiangxi,CN-JX,,,325.0,,,3,Asia/Shanghai,FALSE,1156700098
Zhangjia Zuizi,Zhangjia Zuizi,,35.6071,107.6190,China,CN,CHN,Gansu,Gansu,CN-GS,,,224.3,,,3,Asia/Shanghai,FALSE,1156001465
Xigangtun,Xigangtun,,39.9958,124.3008,China,CN,CHN,Liaoning,Liaoning,CN-LN,,,427.6,,,3,Asia/Shanghai,FALSE,1156621891
Guzhai,Guzhai,,39.2665,100.0810,China,CN,CHN,Gansu,Gansu,CN-GS,,,78.1,,,4,Asia/Shanghai,FALSE,1156958917
Di’an,Di'an,,28.1071,119.8782,China,CN,CHN,Zhejiang,Zhejiang,CN-ZJ,,,19.0,,,4,Asia/Shanghai,FALSE,1156027326
Sansheng,Sansheng,,23.5639,101.2710,China,CN,CHN,Yunnan,Yunnan,CN-YN,,,54.3,,,4,Asia/Shanghai,FALSE,1156043865
Hongyazi,Hongyazi,,38.3167,94.8500,China,CN,CHN,Qinghai,Qinghai,CN-QH,,,0.0,,,5,Asia/Shanghai,FALSE,1156223159
Yinquancun,Yinquancun,,32.2311,121.1501,China,CN,CHN,Jiangsu,Jiangsu,CN-JS,,,350.2,,,3,Asia/Shanghai,FALSE,1156369941
Xingfu Shi’erzu,Xingfu Shi'erzu,,32.0887,120.8446,China,CN,CHN,Jiangsu,Jiangsu,CN-JS,,,1223.3,,,3,Asia/Shanghai,FALSE,1156068102
Dashengzhuang,Dashengzhuang,,32.3988,114.5861,China,CN,CHN,Henan,Henan,CN-HA,,,287.6,,,3,Asia/Shanghai,FALSE,1156976737
Xangd Sum,Xangd Sum,Shan-tu-miao|Hsiang-t’ien-su-mu,42.9167,115.0250,China,CN,CHN,Inner Mongolia,Inner Mongolia,CN-NM,,,2.7,,,5,Asia/Shanghai,FALSE,1156601273
Wusitang Beishi,Wusitang Beishi,,37.8842,77.3047,China,CN,CHN,Xinjiang,Xinjiang,CN-XJ,,,84.2,,,4,Asia/Shanghai,FALSE,1156430042
Dachuankou,Dachuankou,,49.2330,120.3968,China,CN,CHN,Inner Mongolia,Inner Mongolia,CN-NM,,,30.3,,,4,Asia/Shanghai,FALSE,1156599793
Anqing,Anqing,,32.0531,121.3773,China,CN,CHN,Jiangsu,Jiangsu,CN-JS,,,1176.3,,,3,Asia/Shanghai,FALSE,1156926306
Shuxing,Shuxing,,31.5287,119.3518,China,CN,CHN,Jiangsu,Jiangsu,CN-JS,,,293.4,,,3,Asia/Shanghai,FALSE,1156400918
Zhangjucun,Zhangjucun,,32.9953,120.1985,China,CN,CHN,Jiangsu,Jiangsu,CN-JS,,,525.6,,,3,Asia/Shanghai,FALSE,1156292293
Lageng,Lageng,,24.6917,108.6660,China,CN,CHN,Guangxi,Guangxi,CN-GX,,,73.7,,,4,Asia/Shanghai,FALSE,1156858322
Yutaishan,Yutaishan,,28.7141,108.2150,China,CN,CHN,Guizhou,Guizhou,CN-GZ,,,50.9,,,4,Asia/Shanghai,FALSE,1156301797
Zhongkou Xiacun,Zhongkou Xiacun,,21.1223,109.9913,China,CN,CHN,Guangdong,Guangdong,CN-GD,,,343.9,,,3,Asia/Shanghai,FALSE,1156467967
Baile Qi’er,Baile Qi'er,,37.4398,97.7489,China,CN,CHN,Qinghai,Qinghai,CN-QH,,,1.1,,,5,Asia/Shanghai,FALSE,1156050713
Xintianba,Xintianba,,28.8019,106.5290,China,CN,CHN,Chongqing,Chongqing,CN-CQ,,,257.7,,,3,Asia/Shanghai,FALSE,1156901124
Xintianba,Xintianba,Hsin-t’ien-pa,31.6783,109.0313,China,CN,CHN,Chongqing,Chongqing,CN-CQ,,,1.6,,,5,Asia/Shanghai,TRUE,1156625881
Zhongmagudaocun,Zhongmagudaocun,,36.6296,120.8857,China,CN,CHN,Shandong,Shandong,CN-SD,,,287.6,,,3,Asia/Shanghai,FALSE,1156124055
Guojia Shiqiao,Guojia Shiqiao,,31.0307,104.2210,China,CN,CHN,Sichuan,Sichuan,CN-SC,,,532.6,,,3,Asia/Shanghai,FALSE,1156722120
Lishuchuan,Lishuchuan,,43.5858,126.6912,China,CN,CHN,Jilin,Jilin,CN-JL,,,34.9,,,4,Asia/Shanghai,FALSE,1156741235
Xicuozhuangcun,Xicuozhuangcun,,34.7891,118.5839,China,CN,CHN,Shandong,Shandong,CN-SD,,,409.3,,,3,Asia/Shanghai,FALSE,1156234441
Dainkarmai,Dainkarmai,Dunkamai|Menzhong Gongshe,29.3010,91.8010,China,CN,CHN,Tibet,Tibet,CN-XZ,,,145.1,,,4,Asia/Shanghai,FALSE,1156073639
Fengnongyuancun,Fengnongyuancun,,28.3292,119.6693,China,CN,CHN,Zhejiang,Zhejiang,CN-ZJ,,,30.2,,,4,Asia/Shanghai,FALSE,1156373618
Yuanzicun,Yuanzicun,,27.7561,105.0490,China,CN,CHN,Yunnan,Yunnan,CN-YN,,,381.4,,,3,Asia/Shanghai,FALSE,1156961121
Oupu,Oupu,Ou-p’u-yang,28.0104,120.6127,China,CN,CHN,Zhejiang,Zhejiang,CN-ZJ,,,12496.2,,,2,Asia/Shanghai,FALSE,1156070568
Oupu,Oupu,,29.7981,120.9214,China,CN,CHN,Zhejiang,Zhejiang,CN-ZJ,,,230.2,,,3,Asia/Shanghai,TRUE,1156126206
Yunluzi,Yunluzi,,21.9525,111.1039,China,CN,CHN,Guangdong,Guangdong,CN-GD,,,24.9,,,4,Asia/Shanghai,FALSE,1156615583
Xinhuaicun,Xinhuaicun,,32.6970,116.9285,China,CN,CHN,Anhui,Anhui,CN-AH,,,1139.8,,,3,Asia/Shanghai,FALSE,1156225314
Xinhuaicun,Xinhuaicun,,33.2115,118.1731,China,CN,CHN,Anhui,Anhui,CN-AH,,,383.6,,,3,Asia/Shanghai,TRUE,1156880621
Xinhuaicun,Xinhuaicun,,31.1565,118.3471,China,CN,CHN,Anhui,Anhui,CN-AH,,,365.0,,,3,Asia/Shanghai,TRUE,1156288326
Baijiala,Baijiala,,35.7595,108.1740,China,CN,CHN,Gansu,Gansu,CN-GS,,,53.8,,,4,Asia/Shanghai,FALSE,1156908565
Jinding,Jinding,,31.4709,106.1270,China,CN,CHN,Sichuan,Sichuan,CN-SC,,,271.1,,,3,Asia/Shanghai,FALSE,1156419691
Jinding,Jinding,,32.6096,105.7280,China,CN,CHN,Sichuan,Sichuan,CN-SC,,,152.0,,,4,Asia/Shanghai,TRUE,1156189398
Jinding,Jinding,,31.3889,105.2690,China,CN,CHN,Sichuan,Sichuan,CN-SC,,,121.0,,,4,Asia/Shanghai,TRUE,1156181187
Jinding,Jinding,,31.9681,107.4800,China,CN,CHN,Sichuan,Sichuan,CN-SC,,,112.2,,,4,Asia/Shanghai,TRUE,1156249475
Jinding,Jinding,,29.5284,103.3351,China,CN,CHN,Sichuan,Sichuan,CN-SC,,,94.7,,,4,Asia/Shanghai,TRUE,1156792078
Xiagetengxi,Xiagetengxi,,28.0019,110.3636,China,CN,CHN,Hunan,Hunan,CN-HN,,,34.3,,,4,Asia/Shanghai,FALSE,1156582988
Sidouwan,Sidouwan,,27.3403,112.5119,China,CN,CHN,Hunan,Hunan,CN-HN,,,467.0,,,3,Asia/Shanghai,FALSE,1156954936
Zheshu Qiaocun,Zheshu Qiaocun,,32.7373,115.1829,China,CN,CHN,Anhui,Anhui,CN-AH,,,445.0,,,3,Asia/Shanghai,FALSE,1156552210
Fajiayu,Fajiayu,,41.3418,124.0575,China,CN,CHN,Liaoning,Liaoning,CN-LN,,,202.8,,,3,Asia/Shanghai,FALSE,1156804886
Shangmizu,Shangmizu,,22.9534,103.7270,China,CN,CHN,Yunnan,Yunnan,CN-YN,,,107.9,,,4,Asia/Shanghai,FALSE,1156048999
Touhao,Touhao,,40.9005,113.6746,China,CN,CHN,Inner Mongolia,Inner Mongolia,CN-NM,,,70.3,,,4,Asia/Shanghai,FALSE,1156173807
Touhao,Touhao,,41.1069,113.6916,China,CN,CHN,Inner Mongolia,Inner Mongolia,CN-NM,,,60.6,,,4,Asia/Shanghai,TRUE,1156168361
Touhao,Touhao,,40.7230,113.6149,China,CN,CHN,Inner Mongolia,Inner Mongolia,CN-NM,,,26.6,,,4,Asia/Shanghai,TRUE,1156403870
Touhao,Touhao,,41.1037,110.9541,China,CN,CHN,Inner Mongolia,Inner Mongolia,CN-NM,,,15.2,,,4,Asia/Shanghai,TRUE,1156108271
Gezaili,Gezaili,,24.1742,115.5124,China,CN,CHN,Guangdong,Guangdong,CN-GD,,,558.5,,,3,Asia/Shanghai,FALSE,1156264303
Yangtang Xiacun,Yangtang Xiacun,,29.0229,119.4751,China,CN,CHN,Zhejiang,Zhejiang,CN-ZJ,,,248.0,,,3,Asia/Shanghai,FALSE,1156409201
Nanhonggoucun,Nanhonggoucun,,36.8524,120.9434,China,CN,CHN,Shandong,Shandong,CN-SD,,,215.9,,,3,Asia/Shanghai,FALSE,1156249632
Shidongzigou,Shidongzigou,Shidonggou,41.3127,119.6050,China,CN,CHN,Liaoning,Liaoning,CN-LN,,,51.2,,,4,Asia/Shanghai,FALSE,1156344625
Jinding,Jinding,,36.4003,111.0150,China,CN,CHN,Shanxi,Shanxi,CN-SX,,,13.8,,,4,Asia/Shanghai,FALSE,1156702536
Nongli Fenchang,Nongli Fenchang,Nongli,22.6925,107.6222,China,CN,CHN,Guangxi,Guangxi,CN-GX,,,120.5,,,4,Asia/Shanghai,FALSE,1156097612
Xiaoguihua Tuozi,Xiaoguihua Tuozi,,44.0212,123.6223,China,CN,CHN,Jilin,Jilin,CN-JL,,,29.9,,,4,Asia/Shanghai,FALSE,1156700739
Wangshengcun,Wangshengcun,,46.9080,130.1088,China,CN,CHN,Heilongjiang,Heilongjiang,CN-HL,,,177.5,,,4,Asia/Shanghai,FALSE,1156328108
Wangshengcun,Wangshengcun,,45.9598,125.2240,China,CN,CHN,Heilongjiang,Heilongjiang,CN-HL,,,75.5,,,4,Asia/Shanghai,TRUE,1156314897
Wangshengcun,Wangshengcun,,46.8628,131.8164,China,CN,CHN,Heilongjiang,Heilongjiang,CN-HL,,,38.5,,,4,Asia/Shanghai,TRUE,1156308370
Guosidong,Guosidong,,24.0663,108.5540,China,CN,CHN,Guangxi,Guangxi,CN-GX,,,85.5,,,4,Asia/Shanghai,FALSE,1156247698
Yeling,Yeling,,27.3087,119.8247,China,CN,CHN,Zhejiang,Zhejiang,CN-ZJ,,,111.6,,,4,Asia/Shanghai,FALSE,1156179010
Pinglinzhencun,Pinglinzhencun,P’ing-lin-chen,40.1205,118.7471,China,CN,CHN,Hebei,Hebei,CN-HE,,,492.9,,,3,Asia/Shanghai,FALSE,1156554140
Lingnan,Lingnan,,22.4285,112.8569,China,CN,CHN,Guangdong,Guangdong,CN-GD,,,241.5,,,3,Asia/Shanghai,FALSE,1156136249
Xianepo,Xianepo,,22.7704,103.6760,China,CN,CHN,Yunnan,Yunnan,CN-YN,,,51.4,,,4,Asia/Shanghai,FALSE,1156238124
Hengtou,Hengtou,,22.4302,112.8560,China,CN,CHN,Guangdong,Guangdong,CN-GD,,,241.5,,,3,Asia/Shanghai,FALSE,1156818363
Huangjiazhuang,Huangjiazhuang,,38.9431,112.9063,China,CN,CHN,Shanxi,Shanxi,CN-SX,,,85.5,,,4,Asia/Shanghai,FALSE,1156970223
Huangjiazhuang,Huangjiazhuang,,38.1147,113.6520,China,CN,CHN,Shanxi,Shanxi,CN-SX,,,74.7,,,4,Asia/Shanghai,TRUE,1156831259
Huangjiazhuang,Huangjiazhuang,,36.2707,111.2077,China,CN,CHN,Shanxi,Shanxi,CN-SX,,,60.8,,,4,Asia/Shanghai,TRUE,1156381796
Huangjiazhuang,Huangjiazhuang,,36.9180,113.4427,China,CN,CHN,Shanxi,Shanxi,CN-SX,,,34.5,,,4,Asia/Shanghai,TRUE,1156212343
Huangjiazhuang,Huangjiazhuang,,36.8511,110.8794,China,CN,CHN,Shanxi,Shanxi,CN-SX,,,18.6,,,4,Asia/Shanghai,TRUE,1156172281
Gaowanzi,Gaowanzi,,31.2234,112.1274,China,CN,CHN,Hubei,Hubei,CN-HB,,,106.7,,,4,Asia/Shanghai,FALSE,1156391342
Yayang Xiazhai,Yayang Xiazhai,,27.5001,108.9320,China,CN,CHN,Guizhou,Guizhou,CN-GZ,,,117.4,,,4,Asia/Shanghai,FALSE,1156666563
Songbeikeng,Songbeikeng,,25.0021,115.1441,China,CN,CHN,Jiangxi,Jiangxi,CN-JX,,,45.6,,,4,Asia/Shanghai,FALSE,1156627010
Tongleping,Tongleping,,31.4097,110.8491,China,CN,CHN,Hubei,Hubei,CN-HB,,,103.5,,,4,Asia/Shanghai,FALSE,1156326937
Xiaolinzhuangcun,Xiaolinzhuangcun,,35.2188,118.3034,China,CN,CHN,Shandong,Shandong,CN-SD,,,1395.8,,,3,Asia/Shanghai,FALSE,1156493731
Dazhecun,Dazhecun,,22.1678,110.3499,China,CN,CHN,Guangdong,Guangdong,CN-GD,,,267.1,,,3,Asia/Shanghai,FALSE,1156266175
Tongleping,Tongleping,,28.0744,113.8660,China,CN,CHN,Hunan,Hunan,CN-HN,,,105.7,,,4,Asia/Shanghai,FALSE,1156613084
Hude,Hude,,31.0679,98.8957,China,CN,CHN,Sichuan,Sichuan,CN-SC,,,4.8,,,5,Asia/Shanghai,FALSE,1156665067
Taoshuwacun,Taoshuwacun,,36.0743,118.1803,China,CN,CHN,Shandong,Shandong,CN-SD,,,213.7,,,3,Asia/Shanghai,FALSE,1156484389
Rinai,Rinai,,29.2612,100.8120,China,CN,CHN,Sichuan,Sichuan,CN-SC,,,2.6,,,5,Asia/Shanghai,FALSE,1156077943
Heimuqiao,Heimuqiao,,32.0616,119.8768,China,CN,CHN,Jiangsu,Jiangsu,CN-JS,,,2869.1,,,2,Asia/Shanghai,FALSE,1156333584
Xiaoguozhuang,Xiaoguozhuang,,38.8143,117.2352,China,CN,CHN,Tianjin,Tianjin,CN-TJ,,,509.9,,,3,Asia/Shanghai,FALSE,1156677720
Andian,Andian,,32.6180,113.1447,China,CN,CHN,Henan,Henan,CN-HA,,,399.3,,,3,Asia/Shanghai,FALSE,1156192440
Xiaochengzicun,Xiaochengzicun,,45.4627,125.2898,China,CN,CHN,Heilongjiang,Heilongjiang,CN-HL,,,174.9,,,4,Asia/Shanghai,FALSE,1156327665
Kaimar,Kaimar,Ko-ma,33.1667,95.6833,China,CN,CHN,Qinghai,Qinghai,CN-QH,,,14.2,,,4,Asia/Shanghai,FALSE,1156731066
Zhuhuang,Zhuhuang,,33.8980,118.2810,China,CN,CHN,Jiangsu,Jiangsu,CN-JS,,,384.5,,,3,Asia/Shanghai,FALSE,1156710947
Zhuhuang,Zhuhuang,,34.4833,119.4458,China,CN,CHN,Jiangsu,Jiangsu,CN-JS,,,229.1,,,3,Asia/Shanghai,TRUE,1156659194
Shanglabian,Shanglabian,,35.7530,102.5616,China,CN,CHN,Qinghai,Qinghai,CN-QH,,,73.5,,,4,Asia/Shanghai,FALSE,1156825322
Zuo’ancun,Zuo'ancun,,22.6974,107.0950,China,CN,CHN,Guangxi,Guangxi,CN-GX,,,67.7,,,4,Asia/Shanghai,FALSE,1156477871
Xihoucun,Xihoucun,,29.8078,120.8193,China,CN,CHN,Zhejiang,Zhejiang,CN-ZJ,,,617.3,,,3,Asia/Shanghai,FALSE,1156415631
Xihoucun,Xihoucun,,30.0645,121.8783,China,CN,CHN,Zhejiang,Zhejiang,CN-ZJ,,,503.7,,,3,Asia/Shanghai,TRUE,1156402029
Xihoucun,Xihoucun,,29.4657,120.1411,China,CN,CHN,Zhejiang,Zhejiang,CN-ZJ,,,397.3,,,3,Asia/Shanghai,TRUE,1156399369
Xihoucun,Xihoucun,,29.7158,120.8960,China,CN,CHN,Zhejiang,Zhejiang,CN-ZJ,,,75.6,,,4,Asia/Shanghai,TRUE,1156415044
Yangjiao Gupo,Yangjiao Gupo,,24.0783,112.5169,China,CN,CHN,Guangdong,Guangdong,CN-GD,,,20.4,,,4,Asia/Shanghai,FALSE,1156926299
Poxia,Poxia,,30.6041,114.9462,China,CN,CHN,Hubei,Hubei,CN-HB,,,442.2,,,3,Asia/Shanghai,FALSE,1156247054
Yinpenggou,Yinpenggou,,31.5052,115.4512,China,CN,CHN,Anhui,Anhui,CN-AH,,,42.9,,,4,Asia/Shanghai,FALSE,1156251792
Yuanjia Heba,Yuanjia Heba,,28.3799,104.0170,China,CN,CHN,Yunnan,Yunnan,CN-YN,,,74.0,,,4,Asia/Shanghai,FALSE,1156090039
Songduo Sancun,Songduo Sancun,,29.8759,92.3799,China,CN,CHN,Tibet,Tibet,CN-XZ,,,2.3,,,5,Asia/Shanghai,FALSE,1156050999
Chenxicun,Chenxicun,Chenxi,33.9145,119.1593,China,CN,CHN,Jiangsu,Jiangsu,CN-JS,,,487.4,,,3,Asia/Shanghai,FALSE,1156166356
Chenxicun,Chenxicun,,34.4897,118.5245,China,CN,CHN,Jiangsu,Jiangsu,CN-JS,,,353.1,,,3,Asia/Shanghai,TRUE,1156296938
Yalükucun,Yalukucun,,31.4695,92.5776,China,CN,CHN,Tibet,Tibet,CN-XZ,,,6.3,,,5,Asia/Shanghai,FALSE,1156385918
Lichuishou,Lichuishou,,44.1635,124.2974,China,CN,CHN,Jilin,Jilin,CN-JL,,,148.8,,,4,Asia/Shanghai,FALSE,1156887588
Lingjialong,Lingjialong,,27.5460,113.3962,China,CN,CHN,Hunan,Hunan,CN-HN,,,364.0,,,3,Asia/Shanghai,FALSE,1156762114
Shangyan Sancun,Shangyan Sancun,,34.8582,117.8804,China,CN,CHN,Shandong,Shandong,CN-SD,,,556.8,,,3,Asia/Shanghai,FALSE,1156468813
Zuxiu,Zuxiu,,23.2307,106.4790,China,CN,CHN,Guangxi,Guangxi,CN-GX,,,133.8,,,4,Asia/Shanghai,FALSE,1156161716
Qiansanzhuang,Qiansanzhuang,,33.5208,119.1928,China,CN,CHN,Jiangsu,Jiangsu,CN-JS,,,1046.1,,,3,Asia/Shanghai,FALSE,1156708702
Qiansanzhuang,Qiansanzhuang,,32.9590,118.9670,China,CN,CHN,Jiangsu,Jiangsu,CN-JS,,,232.6,,,3,Asia/Shanghai,TRUE,1156874044
Jishi,Jishi,,19.2276,109.1010,China,CN,CHN,Hainan,Hainan,CN-HI,,,192.1,,,4,Asia/Shanghai,FALSE,1156866320
Tianjialaozhuang,Tianjialaozhuang,,32.9836,109.2136,China,CN,CHN,Shaanxi,Shaanxi,CN-SN,,,125.1,,,4,Asia/Shanghai,FALSE,1156569951
Shagouliang,Shagouliang,,37.7076,109.3969,China,CN,CHN,Shaanxi,Shaanxi,CN-SN,,,16.6,,,4,Asia/Shanghai,FALSE,1156139316
Paitangyuan,Paitangyuan,,18.5294,109.9780,China,CN,CHN,Hainan,Hainan,CN-HI,,,281.5,,,3,Asia/Shanghai,FALSE,1156147447
Huangjiayao,Huangjiayao,,36.4618,112.1514,China,CN,CHN,Shanxi,Shanxi,CN-SX,,,81.8,,,4,Asia/Shanghai,FALSE,1156890433
Huangjiayao,Huangjiayao,,39.1386,112.4317,China,CN,CHN,Shanxi,Shanxi,CN-SX,,,66.3,,,4,Asia/Shanghai,TRUE,1156320185
Huangjiayao,Huangjiayao,,40.2037,112.5223,China,CN,CHN,Shanxi,Shanxi,CN-SX,,,14.9,,,4,Asia/Shanghai,TRUE,1156623755
Kantouwang,Kantouwang,,29.2281,121.5272,China,CN,CHN,Zhejiang,Zhejiang,CN-ZJ,,,260.6,,,3,Asia/Shanghai,FALSE,1156099490
Tanya,Tanya,,22.9206,110.7920,China,CN,CHN,Guangxi,Guangxi,CN-GX,,,258.5,,,3,Asia/Shanghai,FALSE,1156878818
Jinchuankou,Jinchuankou,,42.6745,126.1285,China,CN,CHN,Jilin,Jilin,CN-JL,,,86.8,,,4,Asia/Shanghai,FALSE,1156894401
Xiaweizhuang,Xiaweizhuang,,31.8028,116.9000,China,CN,CHN,Anhui,Anhui,CN-AH,,,361.2,,,3,Asia/Shanghai,FALSE,1156049153
Dongnai,Dongnai,,25.3306,107.9670,China,CN,CHN,Guizhou,Guizhou,CN-GZ,,,44.3,,,4,Asia/Shanghai,FALSE,1156281926
Chubulading,Chubulading,,29.7229,90.5030,China,CN,CHN,Tibet,Tibet,CN-XZ,,,7.2,,,5,Asia/Shanghai,FALSE,1156071860
Guanhuangmiaodai,Guanhuangmiaodai,,32.0777,120.3728,China,CN,CHN,Jiangsu,Jiangsu,CN-JS,,,756.4,,,3,Asia/Shanghai,FALSE,1156922320
Jimingyan,Jimingyan,,29.0201,119.1816,China,CN,CHN,Zhejiang,Zhejiang,CN-ZJ,,,634.5,,,3,Asia/Shanghai,FALSE,1156236166
Akuoketuo,Akuoketuo,Akukedun,40.3246,75.1380,China,CN,CHN,Xinjiang,Xinjiang,CN-XJ,,,0.8,,,5,Asia/Shanghai,FALSE,1156202867
Dongmang,Dongmang,,25.2761,107.8970,China,CN,CHN,Guizhou,Guizhou,CN-GZ,,,18.5,,,4,Asia/Shanghai,FALSE,1156248063
Baimabu,Baimabu,,23.5177,114.3295,China,CN,CHN,Guangdong,Guangdong,CN-GD,,,201.8,,,3,Asia/Shanghai,FALSE,1156499934
Zhihua,Zhihua,,23.1972,111.0340,China,CN,CHN,Guangxi,Guangxi,CN-GX,,,106.2,,,4,Asia/Shanghai,FALSE,1156272109
Shandongyinzi,Shandongyinzi,,41.9746,117.9801,China,CN,CHN,Hebei,Hebei,CN-HE,,,65.4,,,4,Asia/Shanghai,FALSE,1156770016
Maliandao,Maliandao,,42.5173,117.7672,China,CN,CHN,Hebei,Hebei,CN-HE,,,11.4,,,4,Asia/Shanghai,FALSE,1156938481
Pozhang,Pozhang,,29.0070,92.5622,China,CN,CHN,Tibet,Tibet,CN-XZ,,,8.0,,,5,Asia/Shanghai,FALSE,1156235086
Pozhang,Pozhang,,28.5393,93.1687,China,CN,CHN,Tibet,Tibet,CN-XZ,,,0.0,,,5,Asia/Shanghai,TRUE,1156098038
Shanshuwan,Shanshuwan,,27.6131,119.2108,China,CN,CHN,Zhejiang,Zhejiang,CN-ZJ,,,32.2,,,4,Asia/Shanghai,FALSE,1156670471
Waishao,Waishao,,29.6186,120.4815,China,CN,CHN,Zhejiang,Zhejiang,CN-ZJ,,,83.6,,,4,Asia/Shanghai,FALSE,1156380128
Wuzhen,Wuzhen,,22.9191,113.4574,China,CN,CHN,Guangdong,Guangdong,CN-GD,,,1725.2,,,3,Asia/Shanghai,FALSE,1156211288
Dongtai,Dongtai,,40.4326,116.4286,China,CN,CHN,Beijing,Beijing,CN-BJ,,,72.8,,,4,Asia/Shanghai,FALSE,1156173648
Dongtai,Dongtai,,39.7245,115.5709,China,CN,CHN,Beijing,Beijing,CN-BJ,,,19.9,,,4,Asia/Shanghai,TRUE,1156339056
Linnancun,Linnancun,,31.6841,120.1047,China,CN,CHN,Jiangsu,Jiangsu,CN-JS,,,2547.6,,,2,Asia/Shanghai,FALSE,1156364985
Linnancun,Linnancun,,33.3105,119.2351,China,CN,CHN,Jiangsu,Jiangsu,CN-JS,,,561.7,,,3,Asia/Shanghai,TRUE,1156317974
Daquancun,Daquancun,,35.6011,117.1443,China,CN,CHN,Shandong,Shandong,CN-SD,,,575.7,,,3,Asia/Shanghai,FALSE,1156483947
Daquancun,Daquancun,,35.3602,117.8367,China,CN,CHN,Shandong,Shandong,CN-SD,,,468.2,,,3,Asia/Shanghai,TRUE,1156483949
Daquancun,Daquancun,,36.3565,119.3945,China,CN,CHN,Shandong,Shandong,CN-SD,,,441.1,,,3,Asia/Shanghai,TRUE,1156483946
Daquancun,Daquancun,,34.9393,117.8513,China,CN,CHN,Shandong,Shandong,CN-SD,,,353.8,,,3,Asia/Shanghai,TRUE,1156483945
Daquancun,Daquancun,,37.0280,116.9533,China,CN,CHN,Shandong,Shandong,CN-SD,,,305.1,,,3,Asia/Shanghai,TRUE,1156885415
Daquancun,Daquancun,,35.9309,118.5244,China,CN,CHN,Shandong,Shandong,CN-SD,,,203.3,,,3,Asia/Shanghai,TRUE,1156318289
Wang’erzhuang,Wang'erzhuang,,38.6500,116.7833,China,CN,CHN,Tianjin,Tianjin,CN-TJ,,,707.6,,,3,Asia/Shanghai,FALSE,1156053647
Louquangou,Louquangou,,33.1534,107.9818,China,CN,CHN,Shaanxi,Shaanxi,CN-SN,,,33.1,,,4,Asia/Shanghai,FALSE,1156513147
Dayantang,Dayantang,,22.9380,113.7556,China,CN,CHN,Guangdong,Guangdong,CN-GD,,,3017.8,,,2,Asia/Shanghai,FALSE,1156829495
Dayantang,Dayantang,,27.7051,108.2050,China,CN,CHN,Guizhou,Guizhou,CN-GZ,,,365.6,,,3,Asia/Shanghai,FALSE,1156567973
Dayantang,Dayantang,,26.6203,109.1220,China,CN,CHN,Guizhou,Guizhou,CN-GZ,,,74.5,,,4,Asia/Shanghai,TRUE,1156271609
Chuzhai,Chuzhai,,25.5037,105.0300,China,CN,CHN,Guizhou,Guizhou,CN-GZ,,,162.1,,,4,Asia/Shanghai,FALSE,1156036892
Dayantang,Dayantang,,22.7182,110.3050,China,CN,CHN,Guangxi,Guangxi,CN-GX,,,1273.2,,,3,Asia/Shanghai,FALSE,1156845274
Dayantang,Dayantang,,25.7506,110.4820,China,CN,CHN,Guangxi,Guangxi,CN-GX,,,34.7,,,4,Asia/Shanghai,TRUE,1156257410
Zhuangshangcun,Zhuangshangcun,,25.0914,118.8165,China,CN,CHN,Fujian,Fujian,CN-FJ,,,1369.9,,,3,Asia/Shanghai,FALSE,1156543865
Zhuangshangcun,Zhuangshangcun,,23.7130,117.1206,China,CN,CHN,Fujian,Fujian,CN-FJ,,,1239.3,,,3,Asia/Shanghai,TRUE,1156025420
Zhuangshangcun,Zhuangshangcun,,25.4868,119.7377,China,CN,CHN,Fujian,Fujian,CN-FJ,,,657.5,,,3,Asia/Shanghai,TRUE,1156438724
Zhuangshangcun,Zhuangshangcun,,24.1155,117.1054,China,CN,CHN,Fujian,Fujian,CN-FJ,,,245.4,,,3,Asia/Shanghai,TRUE,1156566188
Zhuangshangcun,Zhuangshangcun,Zhuangshang,27.1408,117.6301,China,CN,CHN,Fujian,Fujian,CN-FJ,,,66.1,,,4,Asia/Shanghai,TRUE,1156162328
Yingmailicun,Yingmailicun,,41.5656,82.6276,China,CN,CHN,Xinjiang,Xinjiang,CN-XJ,,,1411.3,,,3,Asia/Shanghai,FALSE,1156322747
Yingmailicun,Yingmailicun,,39.3034,77.7967,China,CN,CHN,Xinjiang,Xinjiang,CN-XJ,,,234.3,,,3,Asia/Shanghai,TRUE,1156119915
Yingmailicun,Yingmailicun,,39.3833,76.7553,China,CN,CHN,Xinjiang,Xinjiang,CN-XJ,,,233.4,,,3,Asia/Shanghai,TRUE,1156207346
Yingmailicun,Yingmailicun,,38.9387,77.5181,China,CN,CHN,Xinjiang,Xinjiang,CN-XJ,,,191.3,,,4,Asia/Shanghai,TRUE,1156118747
Yingmailicun,Yingmailicun,,41.3595,82.6444,China,CN,CHN,Xinjiang,Xinjiang,CN-XJ,,,163.2,,,4,Asia/Shanghai,TRUE,1156420180
Yingmailicun,Yingmailicun,,41.2678,83.2296,China,CN,CHN,Xinjiang,Xinjiang,CN-XJ,,,109.5,,,4,Asia/Shanghai,TRUE,1156431219
Yingmailicun,Yingmailicun,,41.3090,79.6090,China,CN,CHN,Xinjiang,Xinjiang,CN-XJ,,,102.3,,,4,Asia/Shanghai,TRUE,1156170358
Yingmailicun,Yingmailicun,,41.3961,82.7445,China,CN,CHN,Xinjiang,Xinjiang,CN-XJ,,,100.3,,,4,Asia/Shanghai,TRUE,1156423763
Yingmailicun,Yingmailicun,,39.5100,76.8003,China,CN,CHN,Xinjiang,Xinjiang,CN-XJ,,,96.6,,,4,Asia/Shanghai,TRUE,1156207964
Yingmailicun,Yingmailicun,,43.7823,81.6756,China,CN,CHN,Xinjiang,Xinjiang,CN-XJ,,,95.3,,,4,Asia/Shanghai,TRUE,1156425692
Yingmailicun,Yingmailicun,,39.7269,77.3432,China,CN,CHN,Xinjiang,Xinjiang,CN-XJ,,,80.1,,,4,Asia/Shanghai,TRUE,1156208531
Yingmailicun,Yingmailicun,,39.7431,77.2078,China,CN,CHN,Xinjiang,Xinjiang,CN-XJ,,,80.1,,,4,Asia/Shanghai,TRUE,1156216693
Yingmailicun,Yingmailicun,,40.6510,80.4337,China,CN,CHN,Xinjiang,Xinjiang,CN-XJ,,,74.1,,,4,Asia/Shanghai,TRUE,1156424134
Yingmailicun,Yingmailicun,,40.7123,80.6107,China,CN,CHN,Xinjiang,Xinjiang,CN-XJ,,,74.0,,,4,Asia/Shanghai,TRUE,1156423555
Yingmailicun,Yingmailicun,,41.2305,80.5391,China,CN,CHN,Xinjiang,Xinjiang,CN-XJ,,,68.5,,,4,Asia/Shanghai,TRUE,1156463053
Yingmailicun,Yingmailicun,,38.2392,77.0269,China,CN,CHN,Xinjiang,Xinjiang,CN-XJ,,,68.1,,,4,Asia/Shanghai,TRUE,1156107406
Yingmailicun,Yingmailicun,,40.6108,80.2045,China,CN,CHN,Xinjiang,Xinjiang,CN-XJ,,,67.1,,,4,Asia/Shanghai,TRUE,1156396211
Yingmailicun,Yingmailicun,,41.8112,82.1994,China,CN,CHN,Xinjiang,Xinjiang,CN-XJ,,,60.6,,,4,Asia/Shanghai,TRUE,1156423885
Yingmailicun,Yingmailicun,,39.7112,77.8091,China,CN,CHN,Xinjiang,Xinjiang,CN-XJ,,,18.9,,,4,Asia/Shanghai,TRUE,1156201859
Shuiqinggou,Shuiqinggou,,36.1353,120.3697,China,CN,CHN,Shandong,Shandong,CN-SD,,,8727.3,,,2,Asia/Shanghai,FALSE,1156947831
Sanchagou,Sanchagou,,32.7264,110.7426,China,CN,CHN,Hubei,Hubei,CN-HB,,,682.8,,,3,Asia/Shanghai,FALSE,1156518783
Sanchagou,Sanchagou,,30.7264,109.8326,China,CN,CHN,Hubei,Hubei,CN-HB,,,139.9,,,4,Asia/Shanghai,TRUE,1156643871
Tangzili,Tangzili,,24.4656,115.7293,China,CN,CHN,Guangdong,Guangdong,CN-GD,,,490.9,,,3,Asia/Shanghai,FALSE,1156637659
Subo,Subo,,23.7225,108.0460,China,CN,CHN,Guangxi,Guangxi,CN-GX,,,122.2,,,4,Asia/Shanghai,FALSE,1156884650
Renzhongcun,Renzhongcun,,33.3029,120.4720,China,CN,CHN,Jiangsu,Jiangsu,CN-JS,,,715.9,,,3,Asia/Shanghai,FALSE,1156156864
Chibianli,Chibianli,,33.8538,104.8424,China,CN,CHN,Gansu,Gansu,CN-GS,,,93.8,,,4,Asia/Shanghai,FALSE,1156059931
Heduo Guanliqu Shenghuoqu,Heduo Guanliqu Shenghuoqu,,32.9441,120.7547,China,CN,CHN,Jiangsu,Jiangsu,CN-JS,,,34.4,,,4,Asia/Shanghai,FALSE,1156292408
Siluo,Siluo,,22.6380,111.7329,China,CN,CHN,Guangdong,Guangdong,CN-GD,,,265.1,,,3,Asia/Shanghai,FALSE,1156836414
Shimaofeng,Shimaofeng,,32.0812,120.4445,China,CN,CHN,Jiangsu,Jiangsu,CN-JS,,,967.4,,,3,Asia/Shanghai,FALSE,1156106019
Qinlingcun,Qinlingcun,,33.8507,108.3568,China,CN,CHN,Shaanxi,Shaanxi,CN-SN,,,4.3,,,5,Asia/Shanghai,FALSE,1156175708
Dalaowu,Dalaowu,,28.5668,112.9197,China,CN,CHN,Hunan,Hunan,CN-HN,,,281.6,,,3,Asia/Shanghai,FALSE,1156465773
Zhaofengtai,Zhaofengtai,,30.5135,110.3433,China,CN,CHN,Hubei,Hubei,CN-HB,,,165.7,,,4,Asia/Shanghai,FALSE,1156067293
Anjiachuancun,Anjiachuancun,,35.9921,108.9599,China,CN,CHN,Shaanxi,Shaanxi,CN-SN,,,18.6,,,4,Asia/Shanghai,FALSE,1156320767
Shibeishan,Shibeishan,,25.9560,115.4911,China,CN,CHN,Jiangxi,Jiangxi,CN-JX,,,507.8,,,3,Asia/Shanghai,FALSE,1156603584
Shibeishan,Shibeishan,,26.8195,116.0358,China,CN,CHN,Jiangxi,Jiangxi,CN-JX,,,140.6,,,4,Asia/Shanghai,TRUE,1156489369
Qinlingcun,Qinlingcun,,34.9848,118.4533,China,CN,CHN,Shandong,Shandong,CN-SD,,,1158.6,,,3,Asia/Shanghai,FALSE,1156187420
Qinlingcun,Qinlingcun,,35.8744,117.4807,China,CN,CHN,Shandong,Shandong,CN-SD,,,683.8,,,3,Asia/Shanghai,TRUE,1156517364
Dadong,Dadong,,23.3129,101.7750,China,CN,CHN,Yunnan,Yunnan,CN-YN,,,127.8,,,4,Asia/Shanghai,FALSE,1156486293
Dadong,Dadong,,25.3823,102.9400,China,CN,CHN,Yunnan,Yunnan,CN-YN,,,59.2,,,4,Asia/Shanghai,TRUE,1156636363
Dadong,Dadong,,23.9757,98.8247,China,CN,CHN,Yunnan,Yunnan,CN-YN,,,48.8,,,4,Asia/Shanghai,TRUE,1156065948
Dadong,Dadong,,24.0442,103.7820,China,CN,CHN,Yunnan,Yunnan,CN-YN,,,46.6,,,4,Asia/Shanghai,TRUE,1156589262
Manglang,Manglang,,22.2603,99.3809,China,CN,CHN,Yunnan,Yunnan,CN-YN,,,62.1,,,4,Asia/Shanghai,FALSE,1156138285
Dongming Linyedui,Dongming Linyedui,,47.1583,125.0771,China,CN,CHN,Heilongjiang,Heilongjiang,CN-HL,,,44.2,,,4,Asia/Shanghai,FALSE,1156486385
Pinggangling,Pinggangling,,22.2003,106.6924,China,CN,CHN,Guangxi,Guangxi,CN-GX,,,270.8,,,3,Asia/Shanghai,FALSE,1156611840
Guanyinsi,Guanyinsi,,32.9085,106.8663,China,CN,CHN,Shaanxi,Shaanxi,CN-SN,,,503.6,,,3,Asia/Shanghai,FALSE,1156312701
Guanyinsi,Guanyinsi,,33.1044,106.3629,China,CN,CHN,Shaanxi,Shaanxi,CN-SN,,,92.4,,,4,Asia/Shanghai,TRUE,1156509009
Xinzheng,Xinzheng,,31.6257,121.6922,China,CN,CHN,Shanghai,Shanghai,CN-SH,,,657.3,,,3,Asia/Shanghai,FALSE,1156073401
Guanyinsi,Guanyinsi,,30.8581,104.1858,China,CN,CHN,Sichuan,Sichuan,CN-SC,,,4913.4,,,2,Asia/Shanghai,FALSE,1156324373
Guanyinsi,Guanyinsi,,30.9361,103.9393,China,CN,CHN,Sichuan,Sichuan,CN-SC,,,1730.7,,,3,Asia/Shanghai,TRUE,1156817204
Guanyinsi,Guanyinsi,,30.6645,105.1518,China,CN,CHN,Sichuan,Sichuan,CN-SC,,,644.8,,,3,Asia/Shanghai,TRUE,1156265646
Guanyinsi,Guanyinsi,,31.0268,104.2482,China,CN,CHN,Sichuan,Sichuan,CN-SC,,,628.7,,,3,Asia/Shanghai,TRUE,1156761251
Guanyinsi,Guanyinsi,,30.7471,105.0475,China,CN,CHN,Sichuan,Sichuan,CN-SC,,,471.1,,,3,Asia/Shanghai,TRUE,1156091111
Guanyinsi,Guanyinsi,,31.7129,107.1646,China,CN,CHN,Sichuan,Sichuan,CN-SC,,,463.6,,,3,Asia/Shanghai,TRUE,1156179064
Guanyinsi,Guanyinsi,,30.2234,103.1940,China,CN,CHN,Sichuan,Sichuan,CN-SC,,,458.9,,,3,Asia/Shanghai,TRUE,1156179978
Guanyinsi,Guanyinsi,,32.1639,106.9038,China,CN,CHN,Sichuan,Sichuan,CN-SC,,,413.2,,,3,Asia/Shanghai,TRUE,1156190316
Guanyinsi,Guanyinsi,,30.0314,103.7518,China,CN,CHN,Sichuan,Sichuan,CN-SC,,,346.6,,,3,Asia/Shanghai,TRUE,1156387548
Guanyinsi,Guanyinsi,,32.3595,105.7026,China,CN,CHN,Sichuan,Sichuan,CN-SC,,,344.0,,,3,Asia/Shanghai,TRUE,1156452569
Guanyinsi,Guanyinsi,,28.5286,105.0640,China,CN,CHN,Sichuan,Sichuan,CN-SC,,,310.3,,,3,Asia/Shanghai,TRUE,1156563320