city,city_ascii,city_alt,lat,lng,country,iso2,iso3,admin_name,admin_name_ascii,admin_code,admin_type,capital,density,population,population_proper,ranking,timezone,same_name,id
Xixiecun,Xixiecun,,34.9679,116.5342,China,CN,CHN,Shandong,Shandong,CN-SD,,,725.5,,,3,Asia/Shanghai,FALSE,1156519730
Shangguan,Shangguan,,24.5071,116.7479,China,CN,CHN,Guangdong,Guangdong,CN-GD,,,204.8,,,3,Asia/Shanghai,FALSE,1156219236
Kuona Alemaiticun,Kuona Alemaiticun,,38.5748,77.4965,China,CN,CHN,Xinjiang,Xinjiang,CN-XJ,,,231.2,,,3,Asia/Shanghai,FALSE,1156117736
Miao’ergoucun,Miao'ergoucun,,40.8812,114.4073,China,CN,CHN,Hebei,Hebei,CN-HE,,,58.9,,,4,Asia/Shanghai,FALSE,1156561282
Puwu,Puwu,,29.8949,120.5876,China,CN,CHN,Zhejiang,Zhejiang,CN-ZJ,,,292.9,,,3,Asia/Shanghai,FALSE,1156111482
Chijiacun,Chijiacun,,44.3646,125.1066,China,CN,CHN,Jilin,Jilin,CN-JL,,,135.1,,,4,Asia/Shanghai,FALSE,1156666936
Dalingpo,Dalingpo,,28.5837,113.4102,China,CN,CHN,Hunan,Hunan,CN-HN,,,189.8,,,4,Asia/Shanghai,FALSE,1156209513
Changchuancun,Changchuancun,,28.3251,121.5497,China,CN,CHN,Zhejiang,Zhejiang,CN-ZJ,,,1251.7,,,3,Asia/Shanghai,FALSE,1156384480
Changchuancun,Changchuancun,,29.0835,120.1443,China,CN,CHN,Zhejiang,Zhejiang,CN-ZJ,,,1134.2,,,3,Asia/Shanghai,TRUE,1156410880
Changchuancun,Changchuancun,,28.7723,119.9623,China,CN,CHN,Zhejiang,Zhejiang,CN-ZJ,,,201.7,,,3,Asia/Shanghai,TRUE,1156409062
Changchuancun,Changchuancun,,29.8331,118.9083,China,CN,CHN,Zhejiang,Zhejiang,CN-ZJ,,,43.6,,,4,Asia/Shanghai,TRUE,1156404427
Changchuancun,Changchuancun,,29.1882,118.2390,China,CN,CHN,Zhejiang,Zhejiang,CN-ZJ,,,40.2,,,4,Asia/Shanghai,TRUE,1156405587
Lanjing’an,Lanjing'an,,32.0961,110.9905,China,CN,CHN,Hubei,Hubei,CN-HB,,,46.7,,,4,Asia/Shanghai,FALSE,1156230849
Daguantangcun,Daguantangcun,,32.0179,117.1735,China,CN,CHN,Anhui,Anhui,CN-AH,,,360.7,,,3,Asia/Shanghai,FALSE,1156287678
Daguantangcun,Daguantangcun,,31.3810,116.7613,China,CN,CHN,Anhui,Anhui,CN-AH,,,324.9,,,3,Asia/Shanghai,TRUE,1156522796
Xigou,Xigou,,45.2865,127.8413,China,CN,CHN,Heilongjiang,Heilongjiang,CN-HL,,,32.0,,,4,Asia/Shanghai,FALSE,1156852980
Xigou,Xigou,,44.2300,128.8528,China,CN,CHN,Heilongjiang,Heilongjiang,CN-HL,,,22.7,,,4,Asia/Shanghai,TRUE,1156355205
Xigou,Xigou,,49.8581,127.2197,China,CN,CHN,Heilongjiang,Heilongjiang,CN-HL,,,7.9,,,5,Asia/Shanghai,TRUE,1156449387
Xigou,Xigou,,47.4590,128.9629,China,CN,CHN,Heilongjiang,Heilongjiang,CN-HL,,,0.5,,,5,Asia/Shanghai,TRUE,1156800995
Xigou,Xigou,,32.1261,110.5930,China,CN,CHN,Hubei,Hubei,CN-HB,,,555.9,,,3,Asia/Shanghai,FALSE,1156245948
Xigou,Xigou,,32.2777,109.7695,China,CN,CHN,Hubei,Hubei,CN-HB,,,341.4,,,3,Asia/Shanghai,TRUE,1156088412
Xigou,Xigou,,32.3009,109.9180,China,CN,CHN,Hubei,Hubei,CN-HB,,,210.3,,,3,Asia/Shanghai,TRUE,1156724588
Xigou,Xigou,,33.0130,110.1261,China,CN,CHN,Hubei,Hubei,CN-HB,,,161.0,,,4,Asia/Shanghai,TRUE,1156527963
Xigou,Xigou,,33.1847,110.9307,China,CN,CHN,Hubei,Hubei,CN-HB,,,139.7,,,4,Asia/Shanghai,TRUE,1156241058
Xigou,Xigou,,31.3504,111.8937,China,CN,CHN,Hubei,Hubei,CN-HB,,,115.9,,,4,Asia/Shanghai,TRUE,1156147087
Xigou,Xigou,,31.2473,110.4374,China,CN,CHN,Hubei,Hubei,CN-HB,,,106.0,,,4,Asia/Shanghai,TRUE,1156143480
Xigou,Xigou,,32.9758,109.9284,China,CN,CHN,Hubei,Hubei,CN-HB,,,99.0,,,4,Asia/Shanghai,TRUE,1156655088
Xigou,Xigou,,33.1566,109.5210,China,CN,CHN,Hubei,Hubei,CN-HB,,,80.1,,,4,Asia/Shanghai,TRUE,1156546988
Xigou,Xigou,,32.2960,110.4508,China,CN,CHN,Hubei,Hubei,CN-HB,,,60.9,,,4,Asia/Shanghai,TRUE,1156497326
Xigou,Xigou,,33.0615,110.4114,China,CN,CHN,Hubei,Hubei,CN-HB,,,57.0,,,4,Asia/Shanghai,TRUE,1156449249
Xigou,Xigou,,32.0978,111.0889,China,CN,CHN,Hubei,Hubei,CN-HB,,,44.3,,,4,Asia/Shanghai,TRUE,1156961821
Xigou,Xigou,,31.9852,110.8338,China,CN,CHN,Hubei,Hubei,CN-HB,,,39.3,,,4,Asia/Shanghai,TRUE,1156214715
Xigou,Xigou,,32.5719,110.1358,China,CN,CHN,Hubei,Hubei,CN-HB,,,33.4,,,4,Asia/Shanghai,TRUE,1156913738
Xigou,Xigou,,32.5149,110.6749,China,CN,CHN,Hubei,Hubei,CN-HB,,,18.7,,,4,Asia/Shanghai,TRUE,1156591600
Xigou,Xigou,,31.8707,110.4908,China,CN,CHN,Hubei,Hubei,CN-HB,,,13.3,,,4,Asia/Shanghai,TRUE,1156395411
Xigou,Xigou,,31.6861,110.4138,China,CN,CHN,Hubei,Hubei,CN-HB,,,7.6,,,5,Asia/Shanghai,TRUE,1156452662
Fengminglou,Fengminglou,,24.2072,117.1797,China,CN,CHN,Fujian,Fujian,CN-FJ,,,141.1,,,4,Asia/Shanghai,FALSE,1156845737
Xi’ancun,Xi'ancun,Xi’an,24.7207,118.4545,China,CN,CHN,Fujian,Fujian,CN-FJ,,,5226.4,,,2,Asia/Shanghai,FALSE,1156389430
Xi’ancun,Xi'ancun,Xi’an,25.3733,119.6060,China,CN,CHN,Fujian,Fujian,CN-FJ,,,436.2,,,3,Asia/Shanghai,TRUE,1156114220
Xi’ancun,Xi'ancun,Xi’an,27.0162,119.5436,China,CN,CHN,Fujian,Fujian,CN-FJ,,,392.7,,,3,Asia/Shanghai,TRUE,1156147252
Xi’ancun,Xi'ancun,Xi’an,26.6837,119.8846,China,CN,CHN,Fujian,Fujian,CN-FJ,,,243.0,,,3,Asia/Shanghai,TRUE,1156800630
Xi’ancun,Xi'ancun,,24.3876,117.1657,China,CN,CHN,Fujian,Fujian,CN-FJ,,,202.9,,,3,Asia/Shanghai,TRUE,1156320819
Xi’ancun,Xi'ancun,Xi’an,25.7938,118.7208,China,CN,CHN,Fujian,Fujian,CN-FJ,,,132.1,,,4,Asia/Shanghai,TRUE,1156868490
Xi’ancun,Xi'ancun,,23.9624,117.1716,China,CN,CHN,Fujian,Fujian,CN-FJ,,,109.4,,,4,Asia/Shanghai,TRUE,1156429928
Xi’ancun,Xi'ancun,Xi’an,27.4128,118.0766,China,CN,CHN,Fujian,Fujian,CN-FJ,,,83.6,,,4,Asia/Shanghai,TRUE,1156750138
Xi’ancun,Xi'ancun,,25.8176,117.5669,China,CN,CHN,Fujian,Fujian,CN-FJ,,,72.1,,,4,Asia/Shanghai,TRUE,1156369061
Xigou,Xigou,,33.9965,114.4110,China,CN,CHN,Henan,Henan,CN-HA,,,752.4,,,3,Asia/Shanghai,FALSE,1156093921
Xigou,Xigou,,33.7484,111.6554,China,CN,CHN,Henan,Henan,CN-HA,,,497.1,,,3,Asia/Shanghai,TRUE,1156236458
Xigou,Xigou,,34.9602,113.3550,China,CN,CHN,Henan,Henan,CN-HA,,,486.6,,,3,Asia/Shanghai,TRUE,1156277375
Xigou,Xigou,,35.3153,114.5001,China,CN,CHN,Henan,Henan,CN-HA,,,478.0,,,3,Asia/Shanghai,TRUE,1156499088
Xigou,Xigou,,33.0881,112.3382,China,CN,CHN,Henan,Henan,CN-HA,,,468.1,,,3,Asia/Shanghai,TRUE,1156474239
Xigou,Xigou,,33.7375,112.7903,China,CN,CHN,Henan,Henan,CN-HA,,,464.2,,,3,Asia/Shanghai,TRUE,1156740495
Xigou,Xigou,,36.0711,114.2104,China,CN,CHN,Henan,Henan,CN-HA,,,426.3,,,3,Asia/Shanghai,TRUE,1156210252
Xigou,Xigou,,34.5948,113.0768,China,CN,CHN,Henan,Henan,CN-HA,,,386.4,,,3,Asia/Shanghai,TRUE,1156791594
Xigou,Xigou,,35.9763,113.6508,China,CN,CHN,Henan,Henan,CN-HA,,,337.1,,,3,Asia/Shanghai,TRUE,1156268055
Xigou,Xigou,,33.1278,111.3125,China,CN,CHN,Henan,Henan,CN-HA,,,336.5,,,3,Asia/Shanghai,TRUE,1156094533
Xigou,Xigou,,33.2886,112.0672,China,CN,CHN,Henan,Henan,CN-HA,,,253.4,,,3,Asia/Shanghai,TRUE,1156877870
Xigou,Xigou,,34.0427,112.0235,China,CN,CHN,Henan,Henan,CN-HA,,,246.1,,,3,Asia/Shanghai,TRUE,1156200999
Xigou,Xigou,,35.4997,113.4152,China,CN,CHN,Henan,Henan,CN-HA,,,203.8,,,3,Asia/Shanghai,TRUE,1156804975
Xigou,Xigou,,33.9356,111.5401,China,CN,CHN,Henan,Henan,CN-HA,,,185.2,,,4,Asia/Shanghai,TRUE,1156795973
Xigou,Xigou,,32.8579,111.3678,China,CN,CHN,Henan,Henan,CN-HA,,,184.3,,,4,Asia/Shanghai,TRUE,1156636190
Xigou,Xigou,,34.9810,112.2094,China,CN,CHN,Henan,Henan,CN-HA,,,157.8,,,4,Asia/Shanghai,TRUE,1156330188
Xigou,Xigou,,33.6307,112.4233,China,CN,CHN,Henan,Henan,CN-HA,,,154.5,,,4,Asia/Shanghai,TRUE,1156141747
Xigou,Xigou,,34.0131,112.4497,China,CN,CHN,Henan,Henan,CN-HA,,,154.2,,,4,Asia/Shanghai,TRUE,1156065967
Xigou,Xigou,,34.8595,111.6869,China,CN,CHN,Henan,Henan,CN-HA,,,146.8,,,4,Asia/Shanghai,TRUE,1156383856
Xigou,Xigou,,33.7656,112.5144,China,CN,CHN,Henan,Henan,CN-HA,,,118.4,,,4,Asia/Shanghai,TRUE,1156718631
Xigou,Xigou,,33.7784,111.7987,China,CN,CHN,Henan,Henan,CN-HA,,,112.3,,,4,Asia/Shanghai,TRUE,1156478618
Xigou,Xigou,,33.7996,112.2172,China,CN,CHN,Henan,Henan,CN-HA,,,112.3,,,4,Asia/Shanghai,TRUE,1156204844
Xigou,Xigou,,33.3100,111.7069,China,CN,CHN,Henan,Henan,CN-HA,,,111.0,,,4,Asia/Shanghai,TRUE,1156139014
Xigou,Xigou,,34.9259,112.1332,China,CN,CHN,Henan,Henan,CN-HA,,,105.2,,,4,Asia/Shanghai,TRUE,1156448616
Xigou,Xigou,,34.0018,111.3054,China,CN,CHN,Henan,Henan,CN-HA,,,100.7,,,4,Asia/Shanghai,TRUE,1156261739
Xigou,Xigou,,33.9969,111.4918,China,CN,CHN,Henan,Henan,CN-HA,,,95.9,,,4,Asia/Shanghai,TRUE,1156992466
Xigou,Xigou,,33.9744,112.3277,China,CN,CHN,Henan,Henan,CN-HA,,,89.8,,,4,Asia/Shanghai,TRUE,1156452159
Xigou,Xigou,,33.7191,111.2746,China,CN,CHN,Henan,Henan,CN-HA,,,77.5,,,4,Asia/Shanghai,TRUE,1156060667
Xigou,Xigou,,33.5481,111.2952,China,CN,CHN,Henan,Henan,CN-HA,,,73.7,,,4,Asia/Shanghai,TRUE,1156037185
Xigou,Xigou,,33.9038,111.2303,China,CN,CHN,Henan,Henan,CN-HA,,,72.2,,,4,Asia/Shanghai,TRUE,1156743945
Xigou,Xigou,,33.4306,112.1487,China,CN,CHN,Henan,Henan,CN-HA,,,71.9,,,4,Asia/Shanghai,TRUE,1156256639
Xigou,Xigou,,33.4786,112.1415,China,CN,CHN,Henan,Henan,CN-HA,,,71.9,,,4,Asia/Shanghai,TRUE,1156861979
Xigou,Xigou,,33.6163,111.5252,China,CN,CHN,Henan,Henan,CN-HA,,,70.7,,,4,Asia/Shanghai,TRUE,1156276363
Xigou,Xigou,,34.1742,110.9607,China,CN,CHN,Henan,Henan,CN-HA,,,70.6,,,4,Asia/Shanghai,TRUE,1156879497
Xigou,Xigou,,33.9784,110.8307,China,CN,CHN,Henan,Henan,CN-HA,,,68.2,,,4,Asia/Shanghai,TRUE,1156106358
Xigou,Xigou,,33.8713,112.4087,China,CN,CHN,Henan,Henan,CN-HA,,,66.4,,,4,Asia/Shanghai,TRUE,1156294648
Xigou,Xigou,,33.9440,112.4171,China,CN,CHN,Henan,Henan,CN-HA,,,66.4,,,4,Asia/Shanghai,TRUE,1156117811
Xigou,Xigou,,34.3275,111.2608,China,CN,CHN,Henan,Henan,CN-HA,,,62.3,,,4,Asia/Shanghai,TRUE,1156050103
Xigou,Xigou,,33.7160,111.4286,China,CN,CHN,Henan,Henan,CN-HA,,,52.2,,,4,Asia/Shanghai,TRUE,1156122154
Xigou,Xigou,,34.1969,110.7406,China,CN,CHN,Henan,Henan,CN-HA,,,51.8,,,4,Asia/Shanghai,TRUE,1156118285
Xigou,Xigou,,34.2280,110.5278,China,CN,CHN,Henan,Henan,CN-HA,,,51.8,,,4,Asia/Shanghai,TRUE,1156257372
Xigou,Xigou,,33.6036,112.1480,China,CN,CHN,Henan,Henan,CN-HA,,,51.4,,,4,Asia/Shanghai,TRUE,1156085434
Xigou,Xigou,,33.6744,110.9811,China,CN,CHN,Henan,Henan,CN-HA,,,45.3,,,4,Asia/Shanghai,TRUE,1156949753
Xigou,Xigou,,33.5898,111.1224,China,CN,CHN,Henan,Henan,CN-HA,,,42.4,,,4,Asia/Shanghai,TRUE,1156047326
Xigou,Xigou,,33.5190,111.7370,China,CN,CHN,Henan,Henan,CN-HA,,,40.2,,,4,Asia/Shanghai,TRUE,1156266020
Xigou,Xigou,,33.8660,111.1851,China,CN,CHN,Henan,Henan,CN-HA,,,39.3,,,4,Asia/Shanghai,TRUE,1156292888
Xigou,Xigou,,33.9735,111.6706,China,CN,CHN,Henan,Henan,CN-HA,,,36.7,,,4,Asia/Shanghai,TRUE,1156019160
Xigou,Xigou,,33.6789,111.6378,China,CN,CHN,Henan,Henan,CN-HA,,,35.1,,,4,Asia/Shanghai,TRUE,1156258553
Xigou,Xigou,,33.9554,112.0420,China,CN,CHN,Henan,Henan,CN-HA,,,31.0,,,4,Asia/Shanghai,TRUE,1156047187
Xigou,Xigou,,34.4170,111.0645,China,CN,CHN,Henan,Henan,CN-HA,,,25.0,,,4,Asia/Shanghai,TRUE,1156893478
Xigou,Xigou,,41.0078,118.6014,China,CN,CHN,Hebei,Hebei,CN-HE,,,825.0,,,3,Asia/Shanghai,FALSE,1156181119
Xigou,Xigou,,40.1869,117.6336,China,CN,CHN,Hebei,Hebei,CN-HE,,,503.5,,,3,Asia/Shanghai,TRUE,1156931108
Xigou,Xigou,,40.9407,117.2968,China,CN,CHN,Hebei,Hebei,CN-HE,,,370.0,,,3,Asia/Shanghai,TRUE,1156066867
Xigou,Xigou,,41.0745,116.6173,China,CN,CHN,Hebei,Hebei,CN-HE,,,270.8,,,3,Asia/Shanghai,TRUE,1156142035
Xigou,Xigou,,38.3404,113.8543,China,CN,CHN,Hebei,Hebei,CN-HE,,,168.0,,,4,Asia/Shanghai,TRUE,1156566766
Xigou,Xigou,,40.2977,118.6071,China,CN,CHN,Hebei,Hebei,CN-HE,,,160.0,,,4,Asia/Shanghai,TRUE,1156170056
Xigou,Xigou,,36.9351,114.0590,China,CN,CHN,Hebei,Hebei,CN-HE,,,141.8,,,4,Asia/Shanghai,TRUE,1156277265
Xigou,Xigou,,39.2898,115.0464,China,CN,CHN,Hebei,Hebei,CN-HE,,,127.3,,,4,Asia/Shanghai,TRUE,1156247234
Xigou,Xigou,,40.7907,118.8427,China,CN,CHN,Hebei,Hebei,CN-HE,,,108.8,,,4,Asia/Shanghai,TRUE,1156391597
Xigou,Xigou,,41.3809,118.0280,China,CN,CHN,Hebei,Hebei,CN-HE,,,87.4,,,4,Asia/Shanghai,TRUE,1156772825
Xigou,Xigou,,41.2833,116.5682,China,CN,CHN,Hebei,Hebei,CN-HE,,,66.5,,,4,Asia/Shanghai,TRUE,1156633059
Xigou,Xigou,,41.4352,118.2861,China,CN,CHN,Hebei,Hebei,CN-HE,,,59.8,,,4,Asia/Shanghai,TRUE,1156171871
Xigou,Xigou,,38.4541,113.8684,China,CN,CHN,Hebei,Hebei,CN-HE,,,59.0,,,4,Asia/Shanghai,TRUE,1156134338
Xigou,Xigou,,40.6101,118.2808,China,CN,CHN,Hebei,Hebei,CN-HE,,,57.7,,,4,Asia/Shanghai,TRUE,1156478985
Xigou,Xigou,,41.1490,116.8219,China,CN,CHN,Hebei,Hebei,CN-HE,,,50.2,,,4,Asia/Shanghai,TRUE,1156165946
Xigou,Xigou,,40.7861,116.9930,China,CN,CHN,Hebei,Hebei,CN-HE,,,50.0,,,4,Asia/Shanghai,TRUE,1156803216
Xigou,Xigou,,40.8721,117.3126,China,CN,CHN,Hebei,Hebei,CN-HE,,,44.3,,,4,Asia/Shanghai,TRUE,1156990641
Xigou,Xigou,,41.4666,116.9031,China,CN,CHN,Hebei,Hebei,CN-HE,,,36.5,,,4,Asia/Shanghai,TRUE,1156873693
Xigou,Xigou,,41.3014,118.5677,China,CN,CHN,Hebei,Hebei,CN-HE,,,34.7,,,4,Asia/Shanghai,TRUE,1156005343
Xigou,Xigou,,40.4003,117.6878,China,CN,CHN,Hebei,Hebei,CN-HE,,,34.1,,,4,Asia/Shanghai,TRUE,1156009272
Xigou,Xigou,,40.9587,114.2424,China,CN,CHN,Hebei,Hebei,CN-HE,,,33.4,,,4,Asia/Shanghai,TRUE,1156226074
Xigou,Xigou,,40.9144,116.1013,China,CN,CHN,Hebei,Hebei,CN-HE,,,27.1,,,4,Asia/Shanghai,TRUE,1156956663
Xigou,Xigou,,40.9223,116.2533,China,CN,CHN,Hebei,Hebei,CN-HE,,,27.1,,,4,Asia/Shanghai,TRUE,1156874528
Xigou,Xigou,,41.4915,116.5741,China,CN,CHN,Hebei,Hebei,CN-HE,,,25.9,,,4,Asia/Shanghai,TRUE,1156378591
Xigou,Xigou,,41.1052,115.9473,China,CN,CHN,Hebei,Hebei,CN-HE,,,23.4,,,4,Asia/Shanghai,TRUE,1156140075
Xigou,Xigou,,42.4967,117.7566,China,CN,CHN,Hebei,Hebei,CN-HE,,,22.1,,,4,Asia/Shanghai,TRUE,1156133140
Xigou,Xigou,,41.0935,115.5820,China,CN,CHN,Hebei,Hebei,CN-HE,,,14.0,,,4,Asia/Shanghai,TRUE,1156033989
Xigou,Xigou,,41.6090,116.5224,China,CN,CHN,Hebei,Hebei,CN-HE,,,8.6,,,5,Asia/Shanghai,TRUE,1156384814
Boke Tuogelake,Boke Tuogelake,,41.1201,80.4571,China,CN,CHN,Xinjiang,Xinjiang,CN-XJ,,,154.4,,,4,Asia/Shanghai,FALSE,1156456134
Tunsheng,Tunsheng,,22.0142,108.5030,China,CN,CHN,Guangxi,Guangxi,CN-GX,,,370.1,,,3,Asia/Shanghai,FALSE,1156044858
Tunsheng,Tunsheng,,22.3570,108.6380,China,CN,CHN,Guangxi,Guangxi,CN-GX,,,324.7,,,3,Asia/Shanghai,TRUE,1156215667
Panshancun,Panshancun,,33.7219,118.1755,China,CN,CHN,Jiangsu,Jiangsu,CN-JS,,,545.7,,,3,Asia/Shanghai,FALSE,1156309564
Gong’e,Gong'e,,27.5932,108.5240,China,CN,CHN,Guizhou,Guizhou,CN-GZ,,,55.6,,,4,Asia/Shanghai,FALSE,1156835426
Gong’e,Gong'e,,25.8375,106.8625,China,CN,CHN,Guizhou,Guizhou,CN-GZ,,,42.0,,,4,Asia/Shanghai,TRUE,1156030360
Gong’e,Gong'e,,25.2412,106.6450,China,CN,CHN,Guizhou,Guizhou,CN-GZ,,,29.2,,,4,Asia/Shanghai,TRUE,1156310060
Diqiang,Diqiang,,35.0401,102.8201,China,CN,CHN,Gansu,Gansu,CN-GS,,,9.1,,,5,Asia/Shanghai,FALSE,1156627059
Aihucun,Aihucun,,35.1073,117.3868,China,CN,CHN,Shandong,Shandong,CN-SD,,,682.1,,,3,Asia/Shanghai,FALSE,1156204270
Aihucun,Aihucun,,34.7365,117.1452,China,CN,CHN,Shandong,Shandong,CN-SD,,,344.2,,,3,Asia/Shanghai,TRUE,1156751648
Bingnongba,Bingnongba,,23.9574,99.6414,China,CN,CHN,Yunnan,Yunnan,CN-YN,,,87.3,,,4,Asia/Shanghai,FALSE,1156052109
Songtangcun,Songtangcun,,31.5517,118.5433,China,CN,CHN,Anhui,Anhui,CN-AH,,,1413.3,,,3,Asia/Shanghai,FALSE,1156291317
Songtangcun,Songtangcun,,32.8108,116.6052,China,CN,CHN,Anhui,Anhui,CN-AH,,,568.4,,,3,Asia/Shanghai,TRUE,1156408248
Songtangcun,Songtangcun,,30.1825,116.1777,China,CN,CHN,Anhui,Anhui,CN-AH,,,346.7,,,3,Asia/Shanghai,TRUE,1156127950
Neiling,Neiling,,18.8277,110.2197,China,CN,CHN,Hainan,Hainan,CN-HI,,,242.9,,,3,Asia/Shanghai,FALSE,1156821337
Leijiagou,Leijiagou,,35.3608,107.5830,China,CN,CHN,Gansu,Gansu,CN-GS,,,63.0,,,4,Asia/Shanghai,FALSE,1156163279
Niuxiangkou,Niuxiangkou,,28.7892,104.9438,China,CN,CHN,Sichuan,Sichuan,CN-SC,,,258.8,,,3,Asia/Shanghai,FALSE,1156004136
Wangjinzhuang Sanjiecun,Wangjinzhuang Sanjiecun,,36.5900,113.8288,China,CN,CHN,Hebei,Hebei,CN-HE,,,612.6,,,3,Asia/Shanghai,FALSE,1156443518
Xiabali,Xiabali,,32.9953,105.2304,China,CN,CHN,Gansu,Gansu,CN-GS,,,117.0,,,4,Asia/Shanghai,FALSE,1156909634
Panshancun,Panshancun,,43.5270,123.7464,China,CN,CHN,Jilin,Jilin,CN-JL,,,203.1,,,3,Asia/Shanghai,FALSE,1156550325
Wengyaoshang,Wengyaoshang,,36.5409,112.0937,China,CN,CHN,Shanxi,Shanxi,CN-SX,,,84.9,,,4,Asia/Shanghai,FALSE,1156013146
Xiabali,Xiabali,,26.4201,108.9530,China,CN,CHN,Guizhou,Guizhou,CN-GZ,,,55.9,,,4,Asia/Shanghai,FALSE,1156077600
Qijia Heizhongzicun,Qijia Heizhongzicun,,37.0631,118.9157,China,CN,CHN,Shandong,Shandong,CN-SD,,,508.7,,,3,Asia/Shanghai,FALSE,1156490127
Wanshancun,Wanshancun,,36.7636,117.6423,China,CN,CHN,Shandong,Shandong,CN-SD,,,640.8,,,3,Asia/Shanghai,FALSE,1156747480
Yangshuiniuzhai,Yangshuiniuzhai,,22.9815,100.4630,China,CN,CHN,Yunnan,Yunnan,CN-YN,,,25.0,,,4,Asia/Shanghai,FALSE,1156372482
Zhushengou,Zhushengou,,36.7119,111.3743,China,CN,CHN,Shanxi,Shanxi,CN-SX,,,133.7,,,4,Asia/Shanghai,FALSE,1156024115
Pengjiatang,Pengjiatang,,30.9555,121.4242,China,CN,CHN,Shanghai,Shanghai,CN-SH,,,2101.1,,,2,Asia/Shanghai,FALSE,1156179587
Tongdaping,Tongdaping,,27.9509,106.4700,China,CN,CHN,Guizhou,Guizhou,CN-GZ,,,230.1,,,3,Asia/Shanghai,FALSE,1156052188
Miaomencun,Miaomencun,,22.4517,111.7315,China,CN,CHN,Guangdong,Guangdong,CN-GD,,,155.6,,,4,Asia/Shanghai,FALSE,1156559479
Gujiaying,Gujiaying,,26.5310,102.4170,China,CN,CHN,Sichuan,Sichuan,CN-SC,,,156.2,,,4,Asia/Shanghai,FALSE,1156327175
Lizhiyuan,Lizhiyuan,,23.2747,113.7797,China,CN,CHN,Guangdong,Guangdong,CN-GD,,,2312.3,,,2,Asia/Shanghai,FALSE,1156081312
Lizhiyuan,Lizhiyuan,,21.1813,109.8152,China,CN,CHN,Guangdong,Guangdong,CN-GD,,,381.6,,,3,Asia/Shanghai,TRUE,1156824233
Lizhiyuan,Lizhiyuan,,22.6085,111.6865,China,CN,CHN,Guangdong,Guangdong,CN-GD,,,265.1,,,3,Asia/Shanghai,TRUE,1156177063
Longtang,Longtang,,31.2436,107.1670,China,CN,CHN,Sichuan,Sichuan,CN-SC,,,938.2,,,3,Asia/Shanghai,FALSE,1156093314
Longtang,Longtang,,31.5194,106.9840,China,CN,CHN,Sichuan,Sichuan,CN-SC,,,530.8,,,3,Asia/Shanghai,TRUE,1156920323
Longtang,Longtang,,27.0078,102.2000,China,CN,CHN,Sichuan,Sichuan,CN-SC,,,465.0,,,3,Asia/Shanghai,TRUE,1156125835
Longtang,Longtang,,28.6852,105.5050,China,CN,CHN,Sichuan,Sichuan,CN-SC,,,271.2,,,3,Asia/Shanghai,TRUE,1156077592
Longtang,Longtang,,27.8338,105.2578,China,CN,CHN,Sichuan,Sichuan,CN-SC,,,185.8,,,4,Asia/Shanghai,TRUE,1156085371
Longtang,Longtang,,27.4836,101.4095,China,CN,CHN,Sichuan,Sichuan,CN-SC,,,139.0,,,4,Asia/Shanghai,TRUE,1156259250
Longtang,Longtang,,26.7971,101.3900,China,CN,CHN,Sichuan,Sichuan,CN-SC,,,121.4,,,4,Asia/Shanghai,TRUE,1156020491
Longtang,Longtang,,28.1140,105.0860,China,CN,CHN,Sichuan,Sichuan,CN-SC,,,98.2,,,4,Asia/Shanghai,TRUE,1156361162
Longtang,Longtang,,27.9354,105.5904,China,CN,CHN,Sichuan,Sichuan,CN-SC,,,80.5,,,4,Asia/Shanghai,TRUE,1156495723
Longtang,Longtang,,26.7331,101.5624,China,CN,CHN,Sichuan,Sichuan,CN-SC,,,80.4,,,4,Asia/Shanghai,TRUE,1156590564
Longtang,Longtang,,26.9931,101.4070,China,CN,CHN,Sichuan,Sichuan,CN-SC,,,38.7,,,4,Asia/Shanghai,TRUE,1156181030
Longtang,Longtang,,27.5822,101.5100,China,CN,CHN,Sichuan,Sichuan,CN-SC,,,34.9,,,4,Asia/Shanghai,TRUE,1156428405
Longtang,Longtang,,26.9790,101.7870,China,CN,CHN,Sichuan,Sichuan,CN-SC,,,30.4,,,4,Asia/Shanghai,TRUE,1156512234
Tashi Tapancun,Tashi Tapancun,,42.6766,89.7756,China,CN,CHN,Xinjiang,Xinjiang,CN-XJ,,,66.5,,,4,Asia/Shanghai,FALSE,1156425748
Chukaitian,Chukaitian,,23.8480,116.2711,China,CN,CHN,Guangdong,Guangdong,CN-GD,,,807.7,,,3,Asia/Shanghai,FALSE,1156286390
Pingleng,Pingleng,,23.9007,106.3120,China,CN,CHN,Guangxi,Guangxi,CN-GX,,,271.7,,,3,Asia/Shanghai,FALSE,1156526204
Penyong,Penyong,,22.7320,99.5121,China,CN,CHN,Yunnan,Yunnan,CN-YN,,,87.4,,,4,Asia/Shanghai,FALSE,1156442192
Yuandiancun,Yuandiancun,,27.4933,120.4517,China,CN,CHN,Zhejiang,Zhejiang,CN-ZJ,,,382.9,,,3,Asia/Shanghai,FALSE,1156391012
Qiuzongma,Qiuzongma,,31.6392,94.6067,China,CN,CHN,Tibet,Tibet,CN-XZ,,,7.7,,,5,Asia/Shanghai,FALSE,1156172931
Dongshengbei Nongdian,Dongshengbei Nongdian,,49.7010,126.2280,China,CN,CHN,Heilongjiang,Heilongjiang,CN-HL,,,6.4,,,5,Asia/Shanghai,FALSE,1156918212
Fengshanping,Fengshanping,,26.2752,117.7753,China,CN,CHN,Fujian,Fujian,CN-FJ,,,53.5,,,4,Asia/Shanghai,FALSE,1156357915
Tengpai,Tengpai,,26.1993,114.6190,China,CN,CHN,Jiangxi,Jiangxi,CN-JX,,,146.5,,,4,Asia/Shanghai,FALSE,1156008689
Dongjiajing,Dongjiajing,,37.2966,106.6350,China,CN,CHN,Ningxia,Ningxia,CN-NX,,,33.0,,,4,Asia/Shanghai,FALSE,1156857085
Bigang,Bigang,,34.2696,102.8888,China,CN,CHN,Sichuan,Sichuan,CN-SC,,,13.3,,,4,Asia/Shanghai,FALSE,1156434502
Gaowanghua,Gaowanghua,,38.4553,116.3480,China,CN,CHN,Hebei,Hebei,CN-HE,,,650.7,,,3,Asia/Shanghai,FALSE,1156320289
Minike,Minike,,23.7682,104.0460,China,CN,CHN,Yunnan,Yunnan,CN-YN,,,134.5,,,4,Asia/Shanghai,FALSE,1156205806
Houbaliqiaozi,Houbaliqiaozi,,42.5741,124.0660,China,CN,CHN,Liaoning,Liaoning,CN-LN,,,595.2,,,3,Asia/Shanghai,FALSE,1156348871
Jianling Shequ,Jianling Shequ,,24.4229,110.2485,China,CN,CHN,Guangxi,Guangxi,CN-GX,,,335.1,,,3,Asia/Shanghai,FALSE,1156098393
Dahengcun,Dahengcun,,22.2592,112.8193,China,CN,CHN,Guangdong,Guangdong,CN-GD,,,2288.6,,,2,Asia/Shanghai,FALSE,1156566375
Xiaqingping,Xiaqingping,,24.1066,104.2740,China,CN,CHN,Yunnan,Yunnan,CN-YN,,,292.5,,,3,Asia/Shanghai,FALSE,1156017747
Liushujie,Liushujie,,35.3224,112.7895,China,CN,CHN,Shanxi,Shanxi,CN-SX,,,98.6,,,4,Asia/Shanghai,FALSE,1156792218
Heshutang,Heshutang,,23.6639,114.4025,China,CN,CHN,Guangdong,Guangdong,CN-GD,,,201.8,,,3,Asia/Shanghai,FALSE,1156593410
Heshutang,Heshutang,,24.2380,115.9110,China,CN,CHN,Guangdong,Guangdong,CN-GD,,,149.3,,,4,Asia/Shanghai,TRUE,1156514023
Wenzhicun,Wenzhicun,,38.7987,112.4515,China,CN,CHN,Shanxi,Shanxi,CN-SX,,,72.7,,,4,Asia/Shanghai,FALSE,1156147301
Shiwulicun,Shiwulicun,,41.1645,121.1995,China,CN,CHN,Liaoning,Liaoning,CN-LN,,,2676.3,,,2,Asia/Shanghai,FALSE,1156058613
Dongnanzhao,Dongnanzhao,,39.6068,116.1138,China,CN,CHN,Beijing,Beijing,CN-BJ,,,360.5,,,3,Asia/Shanghai,FALSE,1156128399
Suokemancun,Suokemancun,,40.8038,80.2980,China,CN,CHN,Xinjiang,Xinjiang,CN-XJ,,,259.4,,,3,Asia/Shanghai,FALSE,1156408283
Xiangjia’ao,Xiangjia'ao,,29.1079,109.1014,China,CN,CHN,Chongqing,Chongqing,CN-CQ,,,152.4,,,4,Asia/Shanghai,FALSE,1156682862
Gamdolung,Gamdolung,Gangduolong,31.7000,97.2000,China,CN,CHN,Tibet,Tibet,CN-XZ,,,11.5,,,4,Asia/Shanghai,FALSE,1156536382
Fenghuangdong,Fenghuangdong,,22.4108,110.3680,China,CN,CHN,Guangxi,Guangxi,CN-GX,,,335.5,,,3,Asia/Shanghai,FALSE,1156427712
Fenghuangdong,Fenghuangdong,,24.3968,110.6900,China,CN,CHN,Guangxi,Guangxi,CN-GX,,,59.2,,,4,Asia/Shanghai,TRUE,1156363594
Lanzhoujiecun,Lanzhoujiecun,,42.8529,123.3540,China,CN,CHN,Liaoning,Liaoning,CN-LN,,,540.3,,,3,Asia/Shanghai,FALSE,1156348537
Shouhushan Linchang,Shouhushan Linchang,,48.6008,129.8972,China,CN,CHN,Heilongjiang,Heilongjiang,CN-HL,,,2.3,,,4,Asia/Shanghai,FALSE,1156122228
Doushangoucun,Doushangoucun,,41.6569,123.8052,China,CN,CHN,Liaoning,Liaoning,CN-LN,,,109.1,,,4,Asia/Shanghai,FALSE,1156042016
Kongbiaotai,Kongbiaotai,,27.1868,100.3900,China,CN,CHN,Yunnan,Yunnan,CN-YN,,,14.5,,,4,Asia/Shanghai,FALSE,1156141889
Xuemu,Xuemu,,27.7837,88.9931,China,CN,CHN,Tibet,Tibet,CN-XZ,,,2.2,,,5,Asia/Shanghai,FALSE,1156124271
Hou’ershiqicun,Hou'ershiqicun,,44.5630,123.2837,China,CN,CHN,Jilin,Jilin,CN-JL,,,4.6,,,5,Asia/Shanghai,FALSE,1156025407
Mudajing,Mudajing,,21.8259,110.4415,China,CN,CHN,Guangdong,Guangdong,CN-GD,,,878.1,,,3,Asia/Shanghai,FALSE,1156682944
Changzuicun,Changzuicun,,41.2373,124.5062,China,CN,CHN,Liaoning,Liaoning,CN-LN,,,55.2,,,4,Asia/Shanghai,FALSE,1156422995
Xiexucun,Xiexucun,,32.6771,116.8901,China,CN,CHN,Anhui,Anhui,CN-AH,,,1031.5,,,3,Asia/Shanghai,FALSE,1156285689
Xiexucun,Xiexucun,,31.9409,116.4877,China,CN,CHN,Anhui,Anhui,CN-AH,,,460.7,,,3,Asia/Shanghai,TRUE,1156155952
Xiexucun,Xiexucun,,32.9447,116.3421,China,CN,CHN,Anhui,Anhui,CN-AH,,,327.7,,,3,Asia/Shanghai,TRUE,1156841603
Xiexucun,Xiexucun,,32.2402,117.4845,China,CN,CHN,Anhui,Anhui,CN-AH,,,135.6,,,4,Asia/Shanghai,TRUE,1156580957
Datulong,Datulong,,44.3960,124.8682,China,CN,CHN,Jilin,Jilin,CN-JL,,,138.8,,,4,Asia/Shanghai,FALSE,1156522441
Anquancun,Anquancun,,35.8961,117.6983,China,CN,CHN,Shandong,Shandong,CN-SD,,,1591.8,,,3,Asia/Shanghai,FALSE,1156527703
Anquancun,Anquancun,,36.4167,118.9023,China,CN,CHN,Shandong,Shandong,CN-SD,,,582.9,,,3,Asia/Shanghai,TRUE,1156527702
Dachengcun,Dachengcun,,23.4772,110.4577,China,CN,CHN,Guangxi,Guangxi,CN-GX,,,483.0,,,3,Asia/Shanghai,FALSE,1156508198
Dachengcun,Dachengcun,,22.9415,109.4203,China,CN,CHN,Guangxi,Guangxi,CN-GX,,,341.4,,,3,Asia/Shanghai,TRUE,1156508201
Dachengcun,Dachengcun,Dacheng,23.6671,106.9514,China,CN,CHN,Guangxi,Guangxi,CN-GX,,,200.6,,,3,Asia/Shanghai,TRUE,1156508202
Dachengcun,Dachengcun,,23.2177,111.3362,China,CN,CHN,Guangxi,Guangxi,CN-GX,,,197.1,,,4,Asia/Shanghai,TRUE,1156508207
Dachengcun,Dachengcun,,22.0318,109.3345,China,CN,CHN,Guangxi,Guangxi,CN-GX,,,133.1,,,4,Asia/Shanghai,TRUE,1156508204
Puke,Puke,,32.8749,95.1495,China,CN,CHN,Qinghai,Qinghai,CN-QH,,,5.2,,,5,Asia/Shanghai,FALSE,1156169609
Fanxuhecun,Fanxuhecun,,34.0381,120.0495,China,CN,CHN,Jiangsu,Jiangsu,CN-JS,,,370.4,,,3,Asia/Shanghai,FALSE,1156296208
Anquancun,Anquancun,,32.8787,108.5678,China,CN,CHN,Shaanxi,Shaanxi,CN-SN,,,48.3,,,4,Asia/Shanghai,FALSE,1156225445
Famowo,Famowo,,26.2092,102.5000,China,CN,CHN,Yunnan,Yunnan,CN-YN,,,105.8,,,4,Asia/Shanghai,FALSE,1156921139
Dachengcun,Dachengcun,,23.6254,116.5638,China,CN,CHN,Guangdong,Guangdong,CN-GD,,,2642.1,,,2,Asia/Shanghai,FALSE,1156486025
Dachengcun,Dachengcun,,23.9484,112.0556,China,CN,CHN,Guangdong,Guangdong,CN-GD,,,962.5,,,3,Asia/Shanghai,TRUE,1156582570
Dachengcun,Dachengcun,,23.5549,112.3391,China,CN,CHN,Guangdong,Guangdong,CN-GD,,,387.4,,,3,Asia/Shanghai,TRUE,1156592792
Gadacun,Gadacun,,31.5257,94.2527,China,CN,CHN,Tibet,Tibet,CN-XZ,,,30.9,,,4,Asia/Shanghai,FALSE,1156412002
Gadacun,Gadacun,,30.7168,98.8788,China,CN,CHN,Tibet,Tibet,CN-XZ,,,4.4,,,5,Asia/Shanghai,TRUE,1156267574
Gadacun,Gadacun,,31.5104,93.5190,China,CN,CHN,Tibet,Tibet,CN-XZ,,,3.9,,,5,Asia/Shanghai,TRUE,1156104205
Gadacun,Gadacun,,28.6154,97.8272,China,CN,CHN,Tibet,Tibet,CN-XZ,,,2.9,,,5,Asia/Shanghai,TRUE,1156085926
Taiyang,Taiyang,,26.2396,103.6628,China,CN,CHN,Yunnan,Yunnan,CN-YN,,,101.0,,,4,Asia/Shanghai,FALSE,1156330228
Taiyang,Taiyang,,23.0072,101.2320,China,CN,CHN,Yunnan,Yunnan,CN-YN,,,52.7,,,4,Asia/Shanghai,TRUE,1156761470
Renxingcun,Renxingcun,,30.8000,116.8489,China,CN,CHN,Anhui,Anhui,CN-AH,,,439.1,,,3,Asia/Shanghai,FALSE,1156197450
Datanjialou,Datanjialou,,32.2718,113.7414,China,CN,CHN,Hubei,Hubei,CN-HB,,,171.3,,,4,Asia/Shanghai,FALSE,1156958181
Chaxuecun,Chaxuecun,,30.0604,97.4655,China,CN,CHN,Tibet,Tibet,CN-XZ,,,4.1,,,5,Asia/Shanghai,FALSE,1156426037
Shuanggui,Shuanggui,,30.9876,119.8083,China,CN,CHN,Zhejiang,Zhejiang,CN-ZJ,,,198.4,,,4,Asia/Shanghai,FALSE,1156233220
Lizilin,Lizilin,,25.8966,98.9939,China,CN,CHN,Yunnan,Yunnan,CN-YN,,,51.2,,,4,Asia/Shanghai,FALSE,1156222629
Bênnêkong,Bennekong,Bannaigong,32.3000,93.1000,China,CN,CHN,Tibet,Tibet,CN-XZ,,,2.6,,,5,Asia/Shanghai,FALSE,1156753481
Xiaobanqiao,Xiaobanqiao,,24.7864,100.3450,China,CN,CHN,Yunnan,Yunnan,CN-YN,,,93.0,,,4,Asia/Shanghai,FALSE,1156068027
Bali,Bali,,49.6425,124.6697,China,CN,CHN,Inner Mongolia,Inner Mongolia,CN-NM,,,22.5,,,4,Asia/Shanghai,FALSE,1156616365
Nandiping,Nandiping,,22.2902,110.2740,China,CN,CHN,Guangxi,Guangxi,CN-GX,,,1426.7,,,3,Asia/Shanghai,FALSE,1156226428
Changhua,Changhua,,29.9072,118.6177,China,CN,CHN,Anhui,Anhui,CN-AH,,,164.0,,,4,Asia/Shanghai,FALSE,1156953599
Doubeicun,Doubeicun,,27.6936,120.6443,China,CN,CHN,Zhejiang,Zhejiang,CN-ZJ,,,1431.7,,,3,Asia/Shanghai,FALSE,1156386026
Bo’ai,Bo'ai,Po-ai,23.9311,106.0700,China,CN,CHN,Yunnan,Yunnan,CN-YN,,,49.7,,,4,Asia/Shanghai,FALSE,1156845003
Liangjiacun,Liangjiacun,,28.6109,121.3069,China,CN,CHN,Zhejiang,Zhejiang,CN-ZJ,,,2112.1,,,2,Asia/Shanghai,FALSE,1156387315
Liangjiacun,Liangjiacun,,28.4573,121.4743,China,CN,CHN,Zhejiang,Zhejiang,CN-ZJ,,,1041.9,,,3,Asia/Shanghai,TRUE,1156381938
Liangjiacun,Liangjiacun,,29.3115,120.7839,China,CN,CHN,Zhejiang,Zhejiang,CN-ZJ,,,189.5,,,4,Asia/Shanghai,TRUE,1156414259
Zhaishanchuancun,Zhaishanchuancun,,37.3599,121.0231,China,CN,CHN,Shandong,Shandong,CN-SD,,,253.2,,,3,Asia/Shanghai,FALSE,1156479733
Huanglianping,Huanglianping,,28.4542,103.7210,China,CN,CHN,Sichuan,Sichuan,CN-SC,,,25.1,,,4,Asia/Shanghai,FALSE,1156925457
Dongshengsi,Dongshengsi,,31.3116,104.1550,China,CN,CHN,Sichuan,Sichuan,CN-SC,,,247.9,,,3,Asia/Shanghai,FALSE,1156325742
Lalima Jianggale,Lalima Jianggale,,39.1401,77.8342,China,CN,CHN,Xinjiang,Xinjiang,CN-XJ,,,143.5,,,4,Asia/Shanghai,FALSE,1156570521
Bengdong,Bengdong,,25.0876,98.0811,China,CN,CHN,Yunnan,Yunnan,CN-YN,,,111.0,,,4,Asia/Shanghai,FALSE,1156949615
Bengdong,Bengdong,,23.4832,100.3700,China,CN,CHN,Yunnan,Yunnan,CN-YN,,,45.0,,,4,Asia/Shanghai,TRUE,1156019567
Bengdong,Bengdong,,22.3612,100.4780,China,CN,CHN,Yunnan,Yunnan,CN-YN,,,29.4,,,4,Asia/Shanghai,TRUE,1156262973
Sareketashi,Sareketashi,,37.2279,75.5764,China,CN,CHN,Xinjiang,Xinjiang,CN-XJ,,,0.7,,,5,Asia/Shanghai,FALSE,1156161974
Yishi,Yishi,,31.0551,108.1658,China,CN,CHN,Chongqing,Chongqing,CN-CQ,,,389.1,,,3,Asia/Shanghai,FALSE,1156251428
Ximiao Houcun,Ximiao Houcun,,36.9931,120.7831,China,CN,CHN,Shandong,Shandong,CN-SD,,,544.0,,,3,Asia/Shanghai,FALSE,1156509398
Changxu,Changxu,,31.6121,118.3779,China,CN,CHN,Anhui,Anhui,CN-AH,,,379.8,,,3,Asia/Shanghai,FALSE,1156979331
Changxu,Changxu,,29.5923,118.2226,China,CN,CHN,Anhui,Anhui,CN-AH,,,161.1,,,4,Asia/Shanghai,TRUE,1156333099
Anhesi,Anhesi,,33.9737,106.8736,China,CN,CHN,Shaanxi,Shaanxi,CN-SN,,,17.7,,,4,Asia/Shanghai,FALSE,1156302708
Poxiu,Poxiu,,30.9561,101.1020,China,CN,CHN,Sichuan,Sichuan,CN-SC,,,69.2,,,4,Asia/Shanghai,FALSE,1156290475
Bazha,Bazha,,39.1268,76.5652,China,CN,CHN,Xinjiang,Xinjiang,CN-XJ,,,116.5,,,4,Asia/Shanghai,FALSE,1156748961
Qiaoxi,Qiaoxi,Qiaoxixiang,32.0917,106.1974,China,CN,CHN,Sichuan,Sichuan,CN-SC,,,93.3,,,4,Asia/Shanghai,FALSE,1156051681
Qiaoxi,Qiaoxi,,29.7547,102.6300,China,CN,CHN,Sichuan,Sichuan,CN-SC,,,43.2,,,4,Asia/Shanghai,TRUE,1156082416
Wuguoqiaocun,Wuguoqiaocun,,38.0516,117.7425,China,CN,CHN,Shandong,Shandong,CN-SD,,,192.6,,,4,Asia/Shanghai,FALSE,1156450296
Shangyangzi,Shangyangzi,,24.1729,117.0807,China,CN,CHN,Fujian,Fujian,CN-FJ,,,245.4,,,3,Asia/Shanghai,FALSE,1156065609
Xiashuiyu,Xiashuiyu,,37.9357,112.4332,China,CN,CHN,Shanxi,Shanxi,CN-SX,,,27.7,,,4,Asia/Shanghai,FALSE,1156697434
Liujinshan,Liujinshan,,27.9736,107.1620,China,CN,CHN,Guizhou,Guizhou,CN-GZ,,,838.3,,,3,Asia/Shanghai,FALSE,1156909134
Sanqiaocun,Sanqiaocun,,32.2373,119.8391,China,CN,CHN,Jiangsu,Jiangsu,CN-JS,,,2589.4,,,2,Asia/Shanghai,FALSE,1156362727
Sanqiaocun,Sanqiaocun,,32.0215,119.5289,China,CN,CHN,Jiangsu,Jiangsu,CN-JS,,,1483.7,,,3,Asia/Shanghai,TRUE,1156366896
Sanqiaocun,Sanqiaocun,,32.0581,119.9799,China,CN,CHN,Jiangsu,Jiangsu,CN-JS,,,645.7,,,3,Asia/Shanghai,TRUE,1156357643
Sanqiaocun,Sanqiaocun,,32.2861,121.2473,China,CN,CHN,Jiangsu,Jiangsu,CN-JS,,,289.5,,,3,Asia/Shanghai,TRUE,1156368626
Houbalicun,Houbalicun,,42.2690,123.8243,China,CN,CHN,Liaoning,Liaoning,CN-LN,,,11238.9,,,2,Asia/Shanghai,FALSE,1156289148
Bazha,Bazha,,30.1744,91.8267,China,CN,CHN,Tibet,Tibet,CN-XZ,,,13.4,,,4,Asia/Shanghai,FALSE,1156914262
Bazha,Bazha,,29.5413,93.6218,China,CN,CHN,Tibet,Tibet,CN-XZ,,,2.5,,,5,Asia/Shanghai,TRUE,1156280787
Bazha,Bazha,,30.4308,88.6352,China,CN,CHN,Tibet,Tibet,CN-XZ,,,1.1,,,5,Asia/Shanghai,TRUE,1156073585
Zengjiashan,Zengjiashan,,27.2017,110.9167,China,CN,CHN,Hunan,Hunan,CN-HN,,,441.9,,,3,Asia/Shanghai,FALSE,1156441501
Zengjiashan,Zengjiashan,,25.4958,112.0669,China,CN,CHN,Hunan,Hunan,CN-HN,,,315.0,,,3,Asia/Shanghai,TRUE,1156107249
Zengjiashan,Zengjiashan,,27.9779,113.2323,China,CN,CHN,Hunan,Hunan,CN-HN,,,308.3,,,3,Asia/Shanghai,TRUE,1156208809
Zengjiashan,Zengjiashan,,27.4758,111.3873,China,CN,CHN,Hunan,Hunan,CN-HN,,,224.0,,,3,Asia/Shanghai,TRUE,1156265929
Zhanmatun,Zhanmatun,,34.6785,113.6763,China,CN,CHN,Henan,Henan,CN-HA,,,1804.9,,,3,Asia/Shanghai,FALSE,1156845758
Changsheng Shequ,Changsheng Shequ,,46.8124,130.3946,China,CN,CHN,Heilongjiang,Heilongjiang,CN-HL,,,5481.0,,,2,Asia/Shanghai,FALSE,1156509176
Changsheng Shequ,Changsheng Shequ,,45.3740,126.3059,China,CN,CHN,Heilongjiang,Heilongjiang,CN-HL,,,729.1,,,3,Asia/Shanghai,TRUE,1156552506
Zengjiashan,Zengjiashan,,31.0088,115.2106,China,CN,CHN,Hubei,Hubei,CN-HB,,,165.2,,,4,Asia/Shanghai,FALSE,1156017458
Shijiutang,Shijiutang,,26.6687,114.7630,China,CN,CHN,Jiangxi,Jiangxi,CN-JX,,,174.0,,,4,Asia/Shanghai,FALSE,1156363132
Yunshang,Yunshang,,27.1793,108.5830,China,CN,CHN,Guizhou,Guizhou,CN-GZ,,,55.2,,,4,Asia/Shanghai,FALSE,1156218705
Yunshang,Yunshang,,24.9738,105.9660,China,CN,CHN,Guizhou,Guizhou,CN-GZ,,,43.3,,,4,Asia/Shanghai,TRUE,1156151133
Xiandongcun,Xiandongcun,,36.5316,119.7455,China,CN,CHN,Shandong,Shandong,CN-SD,,,432.1,,,3,Asia/Shanghai,FALSE,1156272888
Ludichong,Ludichong,,30.2649,111.1068,China,CN,CHN,Hubei,Hubei,CN-HB,,,110.3,,,4,Asia/Shanghai,FALSE,1156287966
Zhangkeng,Zhangkeng,,24.6956,116.1833,China,CN,CHN,Guangdong,Guangdong,CN-GD,,,1141.4,,,3,Asia/Shanghai,FALSE,1156012884
Zhangkeng,Zhangkeng,,21.8598,110.9793,China,CN,CHN,Guangdong,Guangdong,CN-GD,,,521.3,,,3,Asia/Shanghai,TRUE,1156244505
Zhangkeng,Zhangkeng,,24.4336,115.2344,China,CN,CHN,Guangdong,Guangdong,CN-GD,,,241.2,,,3,Asia/Shanghai,TRUE,1156005930
Zhangkeng,Zhangkeng,,22.1117,111.1778,China,CN,CHN,Guangdong,Guangdong,CN-GD,,,202.5,,,3,Asia/Shanghai,TRUE,1156218544
Zhangkeng,Zhangkeng,,21.9272,112.5843,China,CN,CHN,Guangdong,Guangdong,CN-GD,,,182.7,,,4,Asia/Shanghai,TRUE,1156258530
Zhangkeng,Zhangkeng,,23.8420,115.2217,China,CN,CHN,Guangdong,Guangdong,CN-GD,,,166.7,,,4,Asia/Shanghai,TRUE,1156110490
Zhangkeng,Zhangkeng,,23.2486,114.8009,China,CN,CHN,Guangdong,Guangdong,CN-GD,,,103.8,,,4,Asia/Shanghai,TRUE,1156151020
Zhangkeng,Zhangkeng,,25.2237,114.1630,China,CN,CHN,Guangdong,Guangdong,CN-GD,,,35.4,,,4,Asia/Shanghai,TRUE,1156199538
Shanjiazhai,Shanjiazhai,,28.6256,117.0153,China,CN,CHN,Jiangxi,Jiangxi,CN-JX,,,178.3,,,4,Asia/Shanghai,FALSE,1156910603
Gaojiawan,Gaojiawan,,24.1328,102.6570,China,CN,CHN,Yunnan,Yunnan,CN-YN,,,332.5,,,3,Asia/Shanghai,FALSE,1156193154
Gaojiawan,Gaojiawan,,27.6428,103.3950,China,CN,CHN,Yunnan,Yunnan,CN-YN,,,263.5,,,3,Asia/Shanghai,TRUE,1156029719
Gaojiawan,Gaojiawan,,23.4699,105.5450,China,CN,CHN,Yunnan,Yunnan,CN-YN,,,115.9,,,4,Asia/Shanghai,TRUE,1156267450
Gaojiawan,Gaojiawan,,28.5110,104.0490,China,CN,CHN,Yunnan,Yunnan,CN-YN,,,74.0,,,4,Asia/Shanghai,TRUE,1156827190
Longying,Longying,,26.6749,99.9498,China,CN,CHN,Yunnan,Yunnan,CN-YN,,,77.2,,,4,Asia/Shanghai,FALSE,1156839020
Longying,Longying,,23.6269,106.0020,China,CN,CHN,Yunnan,Yunnan,CN-YN,,,53.6,,,4,Asia/Shanghai,TRUE,1156800828
Anjia,Anjia,,30.4531,97.2229,China,CN,CHN,Tibet,Tibet,CN-XZ,,,1.7,,,5,Asia/Shanghai,FALSE,1156125649
Majiazi,Majiazi,,40.7115,117.0578,China,CN,CHN,Hebei,Hebei,CN-HE,,,50.0,,,4,Asia/Shanghai,FALSE,1156205215
Majiazi,Majiazi,,41.2600,118.5627,China,CN,CHN,Hebei,Hebei,CN-HE,,,34.7,,,4,Asia/Shanghai,TRUE,1156622853
Majiazi,Majiazi,,41.8203,116.1282,China,CN,CHN,Hebei,Hebei,CN-HE,,,33.8,,,4,Asia/Shanghai,TRUE,1156861624
Majiazi,Majiazi,,41.6016,116.2167,China,CN,CHN,Hebei,Hebei,CN-HE,,,26.6,,,4,Asia/Shanghai,TRUE,1156840713
Dalan,Dalan,,26.9004,119.4402,China,CN,CHN,Fujian,Fujian,CN-FJ,,,116.4,,,4,Asia/Shanghai,FALSE,1156014571
Xiangfutun,Xiangfutun,,42.8480,125.1915,China,CN,CHN,Jilin,Jilin,CN-JL,,,410.1,,,3,Asia/Shanghai,FALSE,1156339813
Zezhai,Zezhai,,28.8108,109.9024,China,CN,CHN,Hunan,Hunan,CN-HN,,,44.7,,,4,Asia/Shanghai,FALSE,1156077629
Longwenkeng,Longwenkeng,,24.4338,116.3647,China,CN,CHN,Guangdong,Guangdong,CN-GD,,,107.3,,,4,Asia/Shanghai,FALSE,1156214527
Wangsanzhai,Wangsanzhai,,35.6437,114.8630,China,CN,CHN,Henan,Henan,CN-HA,,,509.3,,,3,Asia/Shanghai,FALSE,1156977202
Chikan,Chikan,,30.0748,119.8747,China,CN,CHN,Zhejiang,Zhejiang,CN-ZJ,,,113.1,,,4,Asia/Shanghai,FALSE,1156615532
Panjiatun,Panjiatun,,44.2813,125.3200,China,CN,CHN,Jilin,Jilin,CN-JL,,,201.3,,,3,Asia/Shanghai,FALSE,1156448784
Panjiatun,Panjiatun,,43.8039,125.9861,China,CN,CHN,Jilin,Jilin,CN-JL,,,153.6,,,4,Asia/Shanghai,TRUE,1156186901
Panjiatun,Panjiatun,,44.1501,124.9836,China,CN,CHN,Jilin,Jilin,CN-JL,,,97.0,,,4,Asia/Shanghai,TRUE,1156086686
Puri,Puri,,28.8099,86.2624,China,CN,CHN,Tibet,Tibet,CN-XZ,,,2.5,,,5,Asia/Shanghai,FALSE,1156550930
Ruanjiadian,Ruanjiadian,,31.4993,114.6870,China,CN,CHN,Hubei,Hubei,CN-HB,,,182.9,,,4,Asia/Shanghai,FALSE,1156675433
Hanjiazhou,Hanjiazhou,,32.7953,110.6518,China,CN,CHN,Hubei,Hubei,CN-HB,,,355.1,,,3,Asia/Shanghai,FALSE,1156097707
Hanjiazhou,Hanjiazhou,,26.3529,111.8660,China,CN,CHN,Hunan,Hunan,CN-HN,,,349.7,,,3,Asia/Shanghai,FALSE,1156703945
Gebai,Gebai,,23.3466,103.6410,China,CN,CHN,Yunnan,Yunnan,CN-YN,,,190.4,,,4,Asia/Shanghai,FALSE,1156147165
Gebai,Gebai,,23.7052,103.9570,China,CN,CHN,Yunnan,Yunnan,CN-YN,,,134.5,,,4,Asia/Shanghai,TRUE,1156908807
Gebai,Gebai,,23.5169,103.1020,China,CN,CHN,Yunnan,Yunnan,CN-YN,,,45.4,,,4,Asia/Shanghai,TRUE,1156067425
Bagetun,Bagetun,Bayan,22.5467,107.1207,China,CN,CHN,Guangxi,Guangxi,CN-GX,,,53.1,,,4,Asia/Shanghai,FALSE,1156997036
Suixincun,Suixincun,,46.5284,126.4785,China,CN,CHN,Heilongjiang,Heilongjiang,CN-HL,,,172.8,,,4,Asia/Shanghai,FALSE,1156312433
Azhaikucun,Azhaikucun,,30.9223,92.6498,China,CN,CHN,Tibet,Tibet,CN-XZ,,,2.7,,,5,Asia/Shanghai,FALSE,1156470736
Aizan Hanacun,Aizan Hanacun,,36.7218,81.4957,China,CN,CHN,Xinjiang,Xinjiang,CN-XJ,,,8.7,,,5,Asia/Shanghai,FALSE,1156423577
Xinkaisicun,Xinkaisicun,,31.8144,108.1614,China,CN,CHN,Sichuan,Sichuan,CN-SC,,,101.7,,,4,Asia/Shanghai,FALSE,1156559893
Beikuangjiayingcun,Beikuangjiayingcun,,36.2015,119.9457,China,CN,CHN,Shandong,Shandong,CN-SD,,,339.5,,,3,Asia/Shanghai,FALSE,1156502161
Fakang,Fakang,,26.0753,102.4920,China,CN,CHN,Yunnan,Yunnan,CN-YN,,,102.5,,,4,Asia/Shanghai,FALSE,1156817694
Sanjiapu,Sanjiapu,,27.8425,120.7936,China,CN,CHN,Zhejiang,Zhejiang,CN-ZJ,,,1826.2,,,3,Asia/Shanghai,FALSE,1156114139
Zongbaozhai,Zongbaozhai,,31.6109,109.7037,China,CN,CHN,Chongqing,Chongqing,CN-CQ,,,146.0,,,4,Asia/Shanghai,FALSE,1156811509
Yaokou,Yaokou,,30.1616,97.9276,China,CN,CHN,Tibet,Tibet,CN-XZ,,,2.0,,,5,Asia/Shanghai,FALSE,1156280429
Xiaxin,Xiaxin,,25.6135,107.7670,China,CN,CHN,Guizhou,Guizhou,CN-GZ,,,135.7,,,4,Asia/Shanghai,FALSE,1156627400
Fuliucun,Fuliucun,Fuliu,31.1717,118.4136,China,CN,CHN,Anhui,Anhui,CN-AH,,,537.0,,,3,Asia/Shanghai,FALSE,1156867109
Choushuigou,Choushuigou,,33.9944,106.6451,China,CN,CHN,Shaanxi,Shaanxi,CN-SN,,,97.5,,,4,Asia/Shanghai,FALSE,1156201120
Xihanyingcun,Xihanyingcun,,33.1312,114.9011,China,CN,CHN,Anhui,Anhui,CN-AH,,,1179.5,,,3,Asia/Shanghai,FALSE,1156066886
Quchitun,Quchitun,Quchi,22.4702,107.6988,China,CN,CHN,Guangxi,Guangxi,CN-GX,,,111.7,,,4,Asia/Shanghai,FALSE,1156808828
Jufeng Sandui,Jufeng Sandui,,49.3222,120.6395,China,CN,CHN,Inner Mongolia,Inner Mongolia,CN-NM,,,135.3,,,4,Asia/Shanghai,FALSE,1156601220
Banshantun,Banshantun,Banshan,24.9235,106.8914,China,CN,CHN,Guangxi,Guangxi,CN-GX,,,21.1,,,4,Asia/Shanghai,FALSE,1156771468
Dengma,Dengma,,22.8801,102.3390,China,CN,CHN,Yunnan,Yunnan,CN-YN,,,102.1,,,4,Asia/Shanghai,FALSE,1156706473
Dongyetun,Dongyetun,Dongye,23.4977,110.1699,China,CN,CHN,Guangxi,Guangxi,CN-GX,,,604.7,,,3,Asia/Shanghai,FALSE,1156823432
Dazhouyuan,Dazhouyuan,,28.8591,113.0509,China,CN,CHN,Hunan,Hunan,CN-HN,,,898.1,,,3,Asia/Shanghai,FALSE,1156936222
Changjingcun,Changjingcun,,21.7714,111.7336,China,CN,CHN,Guangdong,Guangdong,CN-GD,,,344.7,,,3,Asia/Shanghai,FALSE,1156556806
Changjingcun,Changjingcun,,25.1661,113.3826,China,CN,CHN,Guangdong,Guangdong,CN-GD,,,265.6,,,3,Asia/Shanghai,TRUE,1156556807
Changjingcun,Changjingcun,,25.1694,114.3466,China,CN,CHN,Guangdong,Guangdong,CN-GD,,,135.4,,,4,Asia/Shanghai,TRUE,1156055066
Caiquan,Caiquan,,37.4892,107.3991,China,CN,CHN,Shaanxi,Shaanxi,CN-SN,,,33.2,,,4,Asia/Shanghai,FALSE,1156553872
Xiaxiong,Xiaxiong,,23.4198,108.7450,China,CN,CHN,Guangxi,Guangxi,CN-GX,,,250.3,,,3,Asia/Shanghai,FALSE,1156317783
Xiaxiong,Xiaxiong,,23.8631,108.2340,China,CN,CHN,Guangxi,Guangxi,CN-GX,,,58.8,,,4,Asia/Shanghai,TRUE,1156251572
Kalongcun,Kalongcun,,31.2477,95.9439,China,CN,CHN,Tibet,Tibet,CN-XZ,,,10.0,,,5,Asia/Shanghai,FALSE,1156145986
Kalongcun,Kalongcun,,29.9561,97.1263,China,CN,CHN,Tibet,Tibet,CN-XZ,,,4.2,,,5,Asia/Shanghai,TRUE,1156414699
Gulama Yingzicun,Gulama Yingzicun,,42.2043,121.3556,China,CN,CHN,Liaoning,Liaoning,CN-LN,,,77.3,,,4,Asia/Shanghai,FALSE,1156339202
Lujia Dicun,Lujia Dicun,Lujiadi,25.1336,117.0917,China,CN,CHN,Fujian,Fujian,CN-FJ,,,518.6,,,3,Asia/Shanghai,FALSE,1156054083
Ruogan,Ruogan,,31.0771,96.7072,China,CN,CHN,Tibet,Tibet,CN-XZ,,,5.5,,,5,Asia/Shanghai,FALSE,1156336314
Wengu,Wengu,,31.8447,101.8410,China,CN,CHN,Sichuan,Sichuan,CN-SC,,,3.3,,,5,Asia/Shanghai,FALSE,1156919829
Feijiazhuang,Feijiazhuang,,32.9454,119.6377,China,CN,CHN,Jiangsu,Jiangsu,CN-JS,,,144.8,,,4,Asia/Shanghai,FALSE,1156145407
Banhaotun,Banhaotun,Banhao,22.0100,106.9670,China,CN,CHN,Guangxi,Guangxi,CN-GX,,,76.7,,,4,Asia/Shanghai,FALSE,1156991124
Zhanxin,Zhanxin,,26.5499,108.3550,China,CN,CHN,Guizhou,Guizhou,CN-GZ,,,39.4,,,4,Asia/Shanghai,FALSE,1156222204
Songshuyuancun,Songshuyuancun,,35.1547,119.3187,China,CN,CHN,Shandong,Shandong,CN-SD,,,630.3,,,3,Asia/Shanghai,FALSE,1156437092
Xiaoniu Jiaogoutun,Xiaoniu Jiaogoutun,,45.3926,127.2410,China,CN,CHN,Heilongjiang,Heilongjiang,CN-HL,,,200.1,,,3,Asia/Shanghai,FALSE,1156116134
Longliutun,Longliutun,,24.3324,106.8038,China,CN,CHN,Guangxi,Guangxi,CN-GX,,,92.7,,,4,Asia/Shanghai,FALSE,1156462485
Longliutun,Longliutun,,24.4060,106.8446,China,CN,CHN,Guangxi,Guangxi,CN-GX,,,84.8,,,4,Asia/Shanghai,TRUE,1156462486
Longliutun,Longliutun,Nongliu,24.6528,106.7285,China,CN,CHN,Guangxi,Guangxi,CN-GX,,,65.2,,,4,Asia/Shanghai,TRUE,1156355442
Longliutun,Longliutun,Longliucun,22.4673,107.0309,China,CN,CHN,Guangxi,Guangxi,CN-GX,,,52.6,,,4,Asia/Shanghai,TRUE,1156028130
Yangle,Yangle,,28.3306,107.8875,China,CN,CHN,Guizhou,Guizhou,CN-GZ,,,108.2,,,4,Asia/Shanghai,FALSE,1156009763
Kanggou,Kanggou,,35.9626,106.3710,China,CN,CHN,Ningxia,Ningxia,CN-NX,,,49.1,,,4,Asia/Shanghai,FALSE,1156174869
Huchengji,Huchengji,Hu-ch’eng-i|Hucheng,32.0500,117.6000,China,CN,CHN,Anhui,Anhui,CN-AH,,,284.3,,,3,Asia/Shanghai,FALSE,1156120324
Guanglihucun,Guanglihucun,,29.3327,120.4099,China,CN,CHN,Zhejiang,Zhejiang,CN-ZJ,,,612.6,,,3,Asia/Shanghai,FALSE,1156414482
Tingzifang,Tingzifang,,24.4852,98.1548,China,CN,CHN,Yunnan,Yunnan,CN-YN,,,57.7,,,4,Asia/Shanghai,FALSE,1156458898
Xiaojia Wanzi,Xiaojia Wanzi,,26.4722,102.4414,China,CN,CHN,Sichuan,Sichuan,CN-SC,,,100.6,,,4,Asia/Shanghai,FALSE,1156875536
Weitouzhuang,Weitouzhuang,Wei-t’ou-chuang|Yü-t’ou-chuang,34.5500,119.4000,China,CN,CHN,Jiangsu,Jiangsu,CN-JS,,,188.6,,,4,Asia/Shanghai,FALSE,1156211493
Lianwu,Lianwu,,30.6566,121.0676,China,CN,CHN,Zhejiang,Zhejiang,CN-ZJ,,,755.7,,,3,Asia/Shanghai,FALSE,1156407931
Zhi’aotang,Zhi'aotang,,30.1477,122.0221,China,CN,CHN,Zhejiang,Zhejiang,CN-ZJ,,,306.7,,,3,Asia/Shanghai,FALSE,1156861671
Yuzui,Yuzui,,24.2333,113.1439,China,CN,CHN,Guangdong,Guangdong,CN-GD,,,247.1,,,3,Asia/Shanghai,FALSE,1156113551
Duzhu,Duzhu,,30.3122,108.1032,China,CN,CHN,Chongqing,Chongqing,CN-CQ,,,348.2,,,3,Asia/Shanghai,FALSE,1156085164
Zhonglan,Zhonglan,,23.1510,108.0630,China,CN,CHN,Guangxi,Guangxi,CN-GX,,,175.1,,,4,Asia/Shanghai,FALSE,1156184805
Dongxizhucun,Dongxizhucun,,35.9586,117.1642,China,CN,CHN,Shandong,Shandong,CN-SD,,,667.6,,,3,Asia/Shanghai,FALSE,1156476683
Jiucaiping,Jiucaiping,,40.7925,115.3743,China,CN,CHN,Hebei,Hebei,CN-HE,,,32.8,,,4,Asia/Shanghai,FALSE,1156858346
Dongyancun,Dongyancun,,34.1797,117.0525,China,CN,CHN,Jiangsu,Jiangsu,CN-JS,,,505.9,,,3,Asia/Shanghai,FALSE,1156301632
Xiqiaocun,Xiqiaocun,,31.3609,117.9451,China,CN,CHN,Anhui,Anhui,CN-AH,,,1459.7,,,3,Asia/Shanghai,FALSE,1156115345
Xiqiaocun,Xiqiaocun,,31.8553,116.4525,China,CN,CHN,Anhui,Anhui,CN-AH,,,674.8,,,3,Asia/Shanghai,TRUE,1156657280
Xiqiaocun,Xiqiaocun,,31.8570,116.8577,China,CN,CHN,Anhui,Anhui,CN-AH,,,361.2,,,3,Asia/Shanghai,TRUE,1156134928
Xiqiaocun,Xiqiaocun,,33.5156,115.9725,China,CN,CHN,Anhui,Anhui,CN-AH,,,360.8,,,3,Asia/Shanghai,TRUE,1156318198
Mixikou,Mixikou,,27.1035,117.6361,China,CN,CHN,Fujian,Fujian,CN-FJ,,,66.1,,,4,Asia/Shanghai,FALSE,1156946944
Qiantanyuan Yichang,Qiantanyuan Yichang,,30.0667,118.5417,China,CN,CHN,Anhui,Anhui,CN-AH,,,356.4,,,3,Asia/Shanghai,FALSE,1156070256
Jiucaiping,Jiucaiping,,27.0626,111.7214,China,CN,CHN,Hunan,Hunan,CN-HN,,,148.5,,,4,Asia/Shanghai,FALSE,1156804052
Qiaolingcun,Qiaolingcun,,34.9574,109.4673,China,CN,CHN,Shaanxi,Shaanxi,CN-SN,,,592.0,,,3,Asia/Shanghai,FALSE,1156129510
Jinzhuyuan,Jinzhuyuan,,25.6719,118.0490,China,CN,CHN,Fujian,Fujian,CN-FJ,,,18.2,,,4,Asia/Shanghai,FALSE,1156087150
Xiaoyangjia,Xiaoyangjia,,33.2167,117.9500,China,CN,CHN,Anhui,Anhui,CN-AH,,,573.2,,,3,Asia/Shanghai,FALSE,1156344699
Xiaoyangjia,Xiaoyangjia,,31.7703,118.0155,China,CN,CHN,Anhui,Anhui,CN-AH,,,352.9,,,3,Asia/Shanghai,TRUE,1156153435
Xiaoyangjia,Xiaoyangjia,,32.4861,117.5250,China,CN,CHN,Anhui,Anhui,CN-AH,,,121.4,,,4,Asia/Shanghai,TRUE,1156442546
Dasanhaocun,Dasanhaocun,,44.1716,123.7276,China,CN,CHN,Jilin,Jilin,CN-JL,,,2.1,,,5,Asia/Shanghai,FALSE,1156494606
Bainitian,Bainitian,,27.5682,106.9440,China,CN,CHN,Guizhou,Guizhou,CN-GZ,,,289.7,,,3,Asia/Shanghai,FALSE,1156686196
Bainitian,Bainitian,,25.1407,105.3790,China,CN,CHN,Guizhou,Guizhou,CN-GZ,,,251.3,,,3,Asia/Shanghai,TRUE,1156537815
Bainitian,Bainitian,,26.9830,105.9310,China,CN,CHN,Guizhou,Guizhou,CN-GZ,,,201.5,,,3,Asia/Shanghai,TRUE,1156340592
Bainitian,Bainitian,,26.8720,105.6970,China,CN,CHN,Guizhou,Guizhou,CN-GZ,,,196.2,,,4,Asia/Shanghai,TRUE,1156325203
Bainitian,Bainitian,,26.4275,105.2820,China,CN,CHN,Guizhou,Guizhou,CN-GZ,,,181.2,,,4,Asia/Shanghai,TRUE,1156327519
Bainitian,Bainitian,,27.1198,106.0760,China,CN,CHN,Guizhou,Guizhou,CN-GZ,,,155.0,,,4,Asia/Shanghai,TRUE,1156236949
Bainitian,Bainitian,,26.6813,107.0990,China,CN,CHN,Guizhou,Guizhou,CN-GZ,,,127.9,,,4,Asia/Shanghai,TRUE,1156127727
Bainitian,Bainitian,,26.2743,107.5910,China,CN,CHN,Guizhou,Guizhou,CN-GZ,,,112.7,,,4,Asia/Shanghai,TRUE,1156314491
Bainitian,Bainitian,,26.0176,106.2190,China,CN,CHN,Guizhou,Guizhou,CN-GZ,,,108.3,,,4,Asia/Shanghai,TRUE,1156396461
Bainitian,Bainitian,,25.1346,105.8860,China,CN,CHN,Guizhou,Guizhou,CN-GZ,,,87.5,,,4,Asia/Shanghai,TRUE,1156983003
Bainitian,Bainitian,,24.4606,105.2480,China,CN,CHN,Guangxi,Guangxi,CN-GX,,,65.3,,,4,Asia/Shanghai,FALSE,1156661095
Mazitang,Mazitang,,26.8903,112.7423,China,CN,CHN,Hunan,Hunan,CN-HN,,,283.8,,,3,Asia/Shanghai,FALSE,1156277982
Mazitang,Mazitang,,27.5882,113.2866,China,CN,CHN,Hunan,Hunan,CN-HN,,,251.1,,,3,Asia/Shanghai,TRUE,1156041987
Mazitang,Mazitang,,25.5325,111.4003,China,CN,CHN,Hunan,Hunan,CN-HN,,,3.6,,,5,Asia/Shanghai,TRUE,1156246818
Lunasi,Lunasi,,24.5871,102.7100,China,CN,CHN,Yunnan,Yunnan,CN-YN,,,248.8,,,3,Asia/Shanghai,FALSE,1156005234
Wushanba,Wushanba,,26.0594,107.9500,China,CN,CHN,Guizhou,Guizhou,CN-GZ,,,61.5,,,4,Asia/Shanghai,FALSE,1156137604
Xiaozhang Jiakuangcun,Xiaozhang Jiakuangcun,,37.3188,121.5749,China,CN,CHN,Shandong,Shandong,CN-SD,,,446.5,,,3,Asia/Shanghai,FALSE,1156439708
Yuqiaocun,Yuqiaocun,,30.6516,120.5413,China,CN,CHN,Zhejiang,Zhejiang,CN-ZJ,,,3529.6,,,2,Asia/Shanghai,FALSE,1156378726
Yuqiaocun,Yuqiaocun,,30.6845,120.9543,China,CN,CHN,Zhejiang,Zhejiang,CN-ZJ,,,963.1,,,3,Asia/Shanghai,TRUE,1156379223
Yuqiaocun,Yuqiaocun,,27.5381,120.4607,China,CN,CHN,Zhejiang,Zhejiang,CN-ZJ,,,312.9,,,3,Asia/Shanghai,TRUE,1156392656
Sipingshan,Sipingshan,,26.6052,101.8840,China,CN,CHN,Sichuan,Sichuan,CN-SC,,,133.4,,,4,Asia/Shanghai,FALSE,1156079928
Songlingxia,Songlingxia,,29.8682,116.7995,China,CN,CHN,Jiangxi,Jiangxi,CN-JX,,,87.4,,,4,Asia/Shanghai,FALSE,1156281773
Liding,Liding,,29.0150,98.5973,China,CN,CHN,Tibet,Tibet,CN-XZ,,,5.7,,,5,Asia/Shanghai,FALSE,1156716680
Mengrong,Mengrong,,24.0848,108.4070,China,CN,CHN,Guangxi,Guangxi,CN-GX,,,102.7,,,4,Asia/Shanghai,FALSE,1156050336
Tuowanke Baishi Airikecun,Tuowanke Baishi Airikecun,,40.7789,80.3822,China,CN,CHN,Xinjiang,Xinjiang,CN-XJ,,,259.4,,,3,Asia/Shanghai,FALSE,1156352124
Lengtiantun,Lengtiantun,Lengtian,23.5857,109.9169,China,CN,CHN,Guangxi,Guangxi,CN-GX,,,57.7,,,4,Asia/Shanghai,FALSE,1156425719
Dahuizhuang,Dahuizhuang,,25.9672,100.5380,China,CN,CHN,Yunnan,Yunnan,CN-YN,,,140.8,,,4,Asia/Shanghai,FALSE,1156725009
Guihuashuliang,Guihuashuliang,,32.5050,108.5175,China,CN,CHN,Shaanxi,Shaanxi,CN-SN,,,442.2,,,3,Asia/Shanghai,FALSE,1156149095
Ziluzhangcun,Ziluzhangcun,,37.1093,107.4596,China,CN,CHN,Shaanxi,Shaanxi,CN-SN,,,13.5,,,4,Asia/Shanghai,FALSE,1156450099
Zhuliuyangcun,Zhuliuyangcun,,37.4182,121.2623,China,CN,CHN,Shandong,Shandong,CN-SD,,,990.7,,,3,Asia/Shanghai,FALSE,1156516844
Xibei Dazhai,Xibei Dazhai,,26.3464,105.3610,China,CN,CHN,Guizhou,Guizhou,CN-GZ,,,395.3,,,3,Asia/Shanghai,FALSE,1156353603
Wujiaying,Wujiaying,,32.3977,111.8422,China,CN,CHN,Hubei,Hubei,CN-HB,,,300.7,,,3,Asia/Shanghai,FALSE,1156127763
Wujiaying,Wujiaying,,31.7418,112.1733,China,CN,CHN,Hubei,Hubei,CN-HB,,,279.6,,,3,Asia/Shanghai,TRUE,1156902927
Wujiaying,Wujiaying,,32.9661,111.1233,China,CN,CHN,Hubei,Hubei,CN-HB,,,108.6,,,4,Asia/Shanghai,TRUE,1156808177
Wujiaying,Wujiaying,,33.3101,111.6326,China,CN,CHN,Henan,Henan,CN-HA,,,111.0,,,4,Asia/Shanghai,FALSE,1156333683
Damawo,Damawo,,26.8278,106.1890,China,CN,CHN,Guizhou,Guizhou,CN-GZ,,,304.2,,,3,Asia/Shanghai,FALSE,1156013641
Damawo,Damawo,,25.5176,105.4960,China,CN,CHN,Guizhou,Guizhou,CN-GZ,,,289.3,,,3,Asia/Shanghai,TRUE,1156699708
Damawo,Damawo,,26.3253,105.0760,China,CN,CHN,Guizhou,Guizhou,CN-GZ,,,281.9,,,3,Asia/Shanghai,TRUE,1156151653
Damawo,Damawo,,26.7667,104.5730,China,CN,CHN,Guizhou,Guizhou,CN-GZ,,,256.8,,,3,Asia/Shanghai,TRUE,1156131611
Damawo,Damawo,,26.3874,105.1790,China,CN,CHN,Guizhou,Guizhou,CN-GZ,,,228.9,,,3,Asia/Shanghai,TRUE,1156100159
Damawo,Damawo,,27.2957,106.1440,China,CN,CHN,Guizhou,Guizhou,CN-GZ,,,177.9,,,4,Asia/Shanghai,TRUE,1156061478
Damawo,Damawo,,26.5979,105.6420,China,CN,CHN,Guizhou,Guizhou,CN-GZ,,,165.0,,,4,Asia/Shanghai,TRUE,1156479106
Damawo,Damawo,,26.5344,105.1060,China,CN,CHN,Guizhou,Guizhou,CN-GZ,,,150.1,,,4,Asia/Shanghai,TRUE,1156211239
Damawo,Damawo,,27.0406,106.4730,China,CN,CHN,Guizhou,Guizhou,CN-GZ,,,134.1,,,4,Asia/Shanghai,TRUE,1156798591
Damawo,Damawo,,26.9618,105.0300,China,CN,CHN,Guizhou,Guizhou,CN-GZ,,,127.5,,,4,Asia/Shanghai,TRUE,1156563527
Damawo,Damawo,,27.3673,106.8540,China,CN,CHN,Guizhou,Guizhou,CN-GZ,,,113.2,,,4,Asia/Shanghai,TRUE,1156954496
Damawo,Damawo,,26.9575,106.7830,China,CN,CHN,Guizhou,Guizhou,CN-GZ,,,110.3,,,4,Asia/Shanghai,TRUE,1156959913
Damawo,Damawo,,27.4308,106.0260,China,CN,CHN,Guizhou,Guizhou,CN-GZ,,,88.2,,,4,Asia/Shanghai,TRUE,1156350560
Huazhong,Huazhong,,24.3741,107.7750,China,CN,CHN,Guangxi,Guangxi,CN-GX,,,98.6,,,4,Asia/Shanghai,FALSE,1156438429
Wujiaying,Wujiaying,,39.5937,116.5489,China,CN,CHN,Hebei,Hebei,CN-HE,,,897.2,,,3,Asia/Shanghai,FALSE,1156055092
Wujiaying,Wujiaying,,38.6175,115.6850,China,CN,CHN,Hebei,Hebei,CN-HE,,,759.8,,,3,Asia/Shanghai,TRUE,1156916031
Wujiaying,Wujiaying,,41.3902,115.6699,China,CN,CHN,Hebei,Hebei,CN-HE,,,45.1,,,4,Asia/Shanghai,TRUE,1156150391
Wujiaying,Wujiaying,,40.7810,117.0832,China,CN,CHN,Hebei,Hebei,CN-HE,,,39.3,,,4,Asia/Shanghai,TRUE,1156631690
Wujiaying,Wujiaying,,41.7887,116.6475,China,CN,CHN,Hebei,Hebei,CN-HE,,,6.7,,,5,Asia/Shanghai,TRUE,1156184116
Huazi’ao,Huazi'ao,,25.5600,113.4441,China,CN,CHN,Hunan,Hunan,CN-HN,,,81.4,,,4,Asia/Shanghai,FALSE,1156563701
Cuicun,Cuicun,,22.8499,112.0959,China,CN,CHN,Guangdong,Guangdong,CN-GD,,,267.0,,,3,Asia/Shanghai,FALSE,1156555216
Yangxiangtuncun,Yangxiangtuncun,,40.9727,122.7970,China,CN,CHN,Liaoning,Liaoning,CN-LN,,,575.8,,,3,Asia/Shanghai,FALSE,1156046562
Taojia Lucun,Taojia Lucun,,30.1995,121.0397,China,CN,CHN,Zhejiang,Zhejiang,CN-ZJ,,,2458.6,,,2,Asia/Shanghai,FALSE,1156403504
Nanshajiao,Nanshajiao,,29.2466,121.9534,China,CN,CHN,Zhejiang,Zhejiang,CN-ZJ,,,1270.7,,,3,Asia/Shanghai,FALSE,1156050422
Xibeicun,Xibeicun,,24.4127,117.8128,China,CN,CHN,Fujian,Fujian,CN-FJ,,,1028.9,,,3,Asia/Shanghai,FALSE,1156857909
Xibeicun,Xibeicun,,24.3238,117.7480,China,CN,CHN,Fujian,Fujian,CN-FJ,,,299.1,,,3,Asia/Shanghai,TRUE,1156429430
Xibeicun,Xibeicun,Xibei,25.2569,118.7821,China,CN,CHN,Fujian,Fujian,CN-FJ,,,277.4,,,3,Asia/Shanghai,TRUE,1156007296
Xibeicun,Xibeicun,,25.2728,116.4105,China,CN,CHN,Fujian,Fujian,CN-FJ,,,231.4,,,3,Asia/Shanghai,TRUE,1156458587
Xibeicun,Xibeicun,,27.0378,119.6272,China,CN,CHN,Fujian,Fujian,CN-FJ,,,206.0,,,3,Asia/Shanghai,TRUE,1156975301
Xibeicun,Xibeicun,Xibei,25.7018,119.1857,China,CN,CHN,Fujian,Fujian,CN-FJ,,,195.8,,,4,Asia/Shanghai,TRUE,1156794383
Xibeicun,Xibeicun,,25.7493,118.7660,China,CN,CHN,Fujian,Fujian,CN-FJ,,,169.7,,,4,Asia/Shanghai,TRUE,1156458584
Xibeicun,Xibeicun,,25.2320,116.8183,China,CN,CHN,Fujian,Fujian,CN-FJ,,,116.9,,,4,Asia/Shanghai,TRUE,1156458585
Badoucun,Badoucun,,26.9386,120.2028,China,CN,CHN,Fujian,Fujian,CN-FJ,,,790.4,,,3,Asia/Shanghai,FALSE,1156430267
Badoucun,Badoucun,Badou,26.5097,118.6944,China,CN,CHN,Fujian,Fujian,CN-FJ,,,523.9,,,3,Asia/Shanghai,TRUE,1156524735
Badoucun,Badoucun,Badou,26.8277,119.3696,China,CN,CHN,Fujian,Fujian,CN-FJ,,,193.5,,,4,Asia/Shanghai,TRUE,1156239215
Badoucun,Badoucun,Badou,27.3722,119.7271,China,CN,CHN,Fujian,Fujian,CN-FJ,,,65.0,,,4,Asia/Shanghai,TRUE,1156621034
Yogya,Yogya,Yueya,32.1060,93.6060,China,CN,CHN,Tibet,Tibet,CN-XZ,,,22.7,,,4,Asia/Shanghai,FALSE,1156547136
Yaogoumencun,Yaogoumencun,,36.8732,108.1614,China,CN,CHN,Shaanxi,Shaanxi,CN-SN,,,212.4,,,3,Asia/Shanghai,FALSE,1156503542
Wangfengjicun,Wangfengjicun,,36.3164,115.4319,China,CN,CHN,Shandong,Shandong,CN-SD,,,465.6,,,3,Asia/Shanghai,FALSE,1156504873
Yexi Yingfang,Yexi Yingfang,,45.5142,122.5528,China,CN,CHN,Jilin,Jilin,CN-JL,,,540.2,,,3,Asia/Shanghai,FALSE,1156380274
Gaoyicun,Gaoyicun,,29.5452,120.0239,China,CN,CHN,Zhejiang,Zhejiang,CN-ZJ,,,804.6,,,3,Asia/Shanghai,FALSE,1156395016
Gaoyicun,Gaoyicun,,29.0483,119.3445,China,CN,CHN,Zhejiang,Zhejiang,CN-ZJ,,,674.6,,,3,Asia/Shanghai,TRUE,1156413012
Gaoyicun,Gaoyicun,,27.6277,120.2501,China,CN,CHN,Zhejiang,Zhejiang,CN-ZJ,,,643.2,,,3,Asia/Shanghai,TRUE,1156377680
Dingshuangmiaocun,Dingshuangmiaocun,,33.9457,115.9534,China,CN,CHN,Anhui,Anhui,CN-AH,,,407.7,,,3,Asia/Shanghai,FALSE,1156214326
Yingshang,Yingshang,,24.0919,116.4322,China,CN,CHN,Guangdong,Guangdong,CN-GD,,,85.7,,,4,Asia/Shanghai,FALSE,1156362924
Xinjipo,Xinjipo,,32.6156,106.5939,China,CN,CHN,Sichuan,Sichuan,CN-SC,,,11.7,,,4,Asia/Shanghai,FALSE,1156245141
Taochahecun,Taochahecun,,33.9842,109.9779,China,CN,CHN,Shaanxi,Shaanxi,CN-SN,,,163.6,,,4,Asia/Shanghai,FALSE,1156181886
Dabantaitun,Dabantaitun,Dabantai,25.3853,107.0724,China,CN,CHN,Guangxi,Guangxi,CN-GX,,,49.3,,,4,Asia/Shanghai,FALSE,1156657017
Xiagangcun,Xiagangcun,,39.9464,124.0349,China,CN,CHN,Liaoning,Liaoning,CN-LN,,,135.9,,,4,Asia/Shanghai,FALSE,1156423087
Xiaoyun Shequ,Xiaoyun Shequ,,46.8143,130.3911,China,CN,CHN,Heilongjiang,Heilongjiang,CN-HL,,,10160.7,,,2,Asia/Shanghai,FALSE,1156485674
Loucun,Loucun,,28.6880,117.9096,China,CN,CHN,Jiangxi,Jiangxi,CN-JX,,,366.2,,,3,Asia/Shanghai,FALSE,1156923813
Dajinshan,Dajinshan,,26.6108,111.5694,China,CN,CHN,Hunan,Hunan,CN-HN,,,150.7,,,4,Asia/Shanghai,FALSE,1156378787
Zhangmanzigoucun,Zhangmanzigoucun,,41.4390,117.9872,China,CN,CHN,Hebei,Hebei,CN-HE,,,72.4,,,4,Asia/Shanghai,FALSE,1156451457
Loucun,Loucun,,31.5127,119.9905,China,CN,CHN,Jiangsu,Jiangsu,CN-JS,,,932.5,,,3,Asia/Shanghai,FALSE,1156364950
Hua’aodaocun,Hua'aodaocun,,29.0674,121.8159,China,CN,CHN,Zhejiang,Zhejiang,CN-ZJ,,,532.4,,,3,Asia/Shanghai,FALSE,1156379130
Jiangliu,Jiangliu,,29.4325,104.4970,China,CN,CHN,Sichuan,Sichuan,CN-SC,,,461.7,,,3,Asia/Shanghai,FALSE,1156100953
Tashitang,Tashitang,,29.1653,119.5283,China,CN,CHN,Zhejiang,Zhejiang,CN-ZJ,,,458.5,,,3,Asia/Shanghai,FALSE,1156009009
Zaxingyingcun,Zaxingyingcun,,33.9038,115.9345,China,CN,CHN,Anhui,Anhui,CN-AH,,,407.7,,,3,Asia/Shanghai,FALSE,1156597863
Badajia,Badajia,,30.5090,114.3221,China,CN,CHN,Hubei,Hubei,CN-HB,,,36854.1,,,2,Asia/Shanghai,FALSE,1156205721
Badajia,Badajia,,30.2578,114.1378,China,CN,CHN,Hubei,Hubei,CN-HB,,,51.9,,,4,Asia/Shanghai,TRUE,1156835850
Sanggang,Sanggang,,29.3000,99.5667,China,CN,CHN,Sichuan,Sichuan,CN-SC,,,1.3,,,5,Asia/Shanghai,FALSE,1156185262
Rongkeng,Rongkeng,,24.6846,114.3548,China,CN,CHN,Jiangxi,Jiangxi,CN-JX,,,184.2,,,4,Asia/Shanghai,FALSE,1156684000
Rongkeng,Rongkeng,,24.7801,115.2551,China,CN,CHN,Jiangxi,Jiangxi,CN-JX,,,97.2,,,4,Asia/Shanghai,TRUE,1156556884
Qishisantuan Balian,Qishisantuan Balian,,43.5857,82.0611,China,CN,CHN,Xinjiang,Xinjiang,CN-XJ,,,94.9,,,4,Asia/Shanghai,FALSE,1156425510
Guokoucun,Guokoucun,,34.3077,117.9037,China,CN,CHN,Jiangsu,Jiangsu,CN-JS,,,1047.9,,,3,Asia/Shanghai,FALSE,1156304716
Sanhuancun,Sanhuancun,,36.1030,116.8211,China,CN,CHN,Shandong,Shandong,CN-SD,,,341.1,,,3,Asia/Shanghai,FALSE,1156479142
Wanquansicun,Wanquansicun,,39.8609,116.3306,China,CN,CHN,Beijing,Beijing,CN-BJ,,,8345.1,,,2,Asia/Shanghai,FALSE,1156869542
Lijiayandun,Lijiayandun,,30.8791,113.8855,China,CN,CHN,Hubei,Hubei,CN-HB,,,1021.8,,,3,Asia/Shanghai,FALSE,1156942288
Wanshun,Wanshun,,30.4145,108.0854,China,CN,CHN,Chongqing,Chongqing,CN-CQ,,,114.4,,,4,Asia/Shanghai,FALSE,1156168887
Caijiagou,Caijiagou,,33.7917,110.7928,China,CN,CHN,Henan,Henan,CN-HA,,,42.8,,,4,Asia/Shanghai,FALSE,1156799122
Caijiagou,Caijiagou,,32.6696,110.8088,China,CN,CHN,Hubei,Hubei,CN-HB,,,1076.8,,,3,Asia/Shanghai,FALSE,1156592433
Caijiagou,Caijiagou,,32.7765,110.8139,China,CN,CHN,Hubei,Hubei,CN-HB,,,393.3,,,3,Asia/Shanghai,TRUE,1156818040
Caijiagou,Caijiagou,,32.7525,110.9569,China,CN,CHN,Hubei,Hubei,CN-HB,,,95.8,,,4,Asia/Shanghai,TRUE,1156830185
Caijiagou,Caijiagou,,32.3099,110.2475,China,CN,CHN,Hubei,Hubei,CN-HB,,,90.8,,,4,Asia/Shanghai,TRUE,1156051595
Caijiagou,Caijiagou,,32.5414,111.1877,China,CN,CHN,Hubei,Hubei,CN-HB,,,88.6,,,4,Asia/Shanghai,TRUE,1156168810
Caijiagou,Caijiagou,,32.4090,110.4428,China,CN,CHN,Hubei,Hubei,CN-HB,,,61.7,,,4,Asia/Shanghai,TRUE,1156127860
Caijiagou,Caijiagou,,30.2232,108.7631,China,CN,CHN,Hubei,Hubei,CN-HB,,,42.3,,,4,Asia/Shanghai,TRUE,1156121811
Caijiagou,Caijiagou,,32.2847,110.7393,China,CN,CHN,Hubei,Hubei,CN-HB,,,38.5,,,4,Asia/Shanghai,TRUE,1156976585
Xiajiamen,Xiajiamen,,30.0164,120.0865,China,CN,CHN,Zhejiang,Zhejiang,CN-ZJ,,,275.7,,,3,Asia/Shanghai,FALSE,1156706934
Tawan,Tawan,,29.3266,106.1153,China,CN,CHN,Chongqing,Chongqing,CN-CQ,,,315.0,,,3,Asia/Shanghai,FALSE,1156012901
Tawan,Tawan,,29.1881,106.3745,China,CN,CHN,Chongqing,Chongqing,CN-CQ,,,287.0,,,3,Asia/Shanghai,TRUE,1156065625
Dianqian,Dianqian,,27.1437,116.4980,China,CN,CHN,Jiangxi,Jiangxi,CN-JX,,,1569.5,,,3,Asia/Shanghai,FALSE,1156440436
Dianqian,Dianqian,,27.0547,114.9639,China,CN,CHN,Jiangxi,Jiangxi,CN-JX,,,648.3,,,3,Asia/Shanghai,TRUE,1156462974
Dianqian,Dianqian,,28.6458,115.6036,China,CN,CHN,Jiangxi,Jiangxi,CN-JX,,,479.3,,,3,Asia/Shanghai,TRUE,1156036970
Dianqian,Dianqian,,27.1969,115.1958,China,CN,CHN,Jiangxi,Jiangxi,CN-JX,,,449.4,,,3,Asia/Shanghai,TRUE,1156061540
Dianqian,Dianqian,,27.5168,116.2824,China,CN,CHN,Jiangxi,Jiangxi,CN-JX,,,388.6,,,3,Asia/Shanghai,TRUE,1156141361
Dianqian,Dianqian,,29.0860,115.7368,China,CN,CHN,Jiangxi,Jiangxi,CN-JX,,,369.6,,,3,Asia/Shanghai,TRUE,1156094010
Dianqian,Dianqian,,25.8577,114.7230,China,CN,CHN,Jiangxi,Jiangxi,CN-JX,,,342.3,,,3,Asia/Shanghai,TRUE,1156414438
Dianqian,Dianqian,,29.2878,115.7001,China,CN,CHN,Jiangxi,Jiangxi,CN-JX,province,,279.0,,,3,Asia/Shanghai,TRUE,1156981460
Dianqian,Dianqian,,27.2770,116.5989,China,CN,CHN,Jiangxi,Jiangxi,CN-JX,,,243.9,,,3,Asia/Shanghai,TRUE,1156031894
Dianqian,Dianqian,,28.1334,117.2715,China,CN,CHN,Jiangxi,Jiangxi,CN-JX,,,220.3,,,3,Asia/Shanghai,TRUE,1156271258
Dianqian,Dianqian,,27.3254,114.7748,China,CN,CHN,Jiangxi,Jiangxi,CN-JX,,,186.1,,,4,Asia/Shanghai,TRUE,1156295026
Dianqian,Dianqian,,26.2820,116.1902,China,CN,CHN,Jiangxi,Jiangxi,CN-JX,,,155.7,,,4,Asia/Shanghai,TRUE,1156021130
Dianqian,Dianqian,,28.3372,114.9707,China,CN,CHN,Jiangxi,Jiangxi,CN-JX,,,147.9,,,4,Asia/Shanghai,TRUE,1156233664
Dianqian,Dianqian,,28.9942,117.6223,China,CN,CHN,Jiangxi,Jiangxi,CN-JX,,,136.2,,,4,Asia/Shanghai,TRUE,1156377351
Dianqian,Dianqian,,27.6513,114.6598,China,CN,CHN,Jiangxi,Jiangxi,CN-JX,,,133.7,,,4,Asia/Shanghai,TRUE,1156828429
Dianqian,Dianqian,,27.2810,115.2911,China,CN,CHN,Jiangxi,Jiangxi,CN-JX,,,132.9,,,4,Asia/Shanghai,TRUE,1156948505
Dianqian,Dianqian,,28.6579,115.0960,China,CN,CHN,Jiangxi,Jiangxi,CN-JX,,,115.3,,,4,Asia/Shanghai,TRUE,1156068444
Dianqian,Dianqian,,27.0566,116.5517,China,CN,CHN,Jiangxi,Jiangxi,CN-JX,,,114.7,,,4,Asia/Shanghai,TRUE,1156556899
Dianqian,Dianqian,,27.3777,116.2226,China,CN,CHN,Jiangxi,Jiangxi,CN-JX,,,108.9,,,4,Asia/Shanghai,TRUE,1156523811
Dianqian,Dianqian,,26.8672,115.3503,China,CN,CHN,Jiangxi,Jiangxi,CN-JX,,,108.1,,,4,Asia/Shanghai,TRUE,1156865532
Dianqian,Dianqian,,27.5298,115.2207,China,CN,CHN,Jiangxi,Jiangxi,CN-JX,,,101.6,,,4,Asia/Shanghai,TRUE,1156156573
Dianqian,Dianqian,,28.9436,115.2696,China,CN,CHN,Jiangxi,Jiangxi,CN-JX,,,62.8,,,4,Asia/Shanghai,TRUE,1156080172
Dianqian,Dianqian,,26.7727,114.5270,China,CN,CHN,Jiangxi,Jiangxi,CN-JX,,,61.7,,,4,Asia/Shanghai,TRUE,1156242530
Dianqian,Dianqian,,27.6444,116.4925,China,CN,CHN,Jiangxi,Jiangxi,CN-JX,,,60.3,,,4,Asia/Shanghai,TRUE,1156259158
Dianqian,Dianqian,,27.1861,115.0055,China,CN,CHN,Jiangxi,Jiangxi,CN-JX,,,14.1,,,4,Asia/Shanghai,TRUE,1156070912
Yunshi,Yunshi,,27.4417,116.5571,China,CN,CHN,Jiangxi,Jiangxi,CN-JX,,,149.4,,,4,Asia/Shanghai,FALSE,1156296903
Qangcun,Qangcun,Gagong Gongshe|Jiangcun,29.1010,93.2010,China,CN,CHN,Tibet,Tibet,CN-XZ,,,4.2,,,5,Asia/Shanghai,FALSE,1156910026
Dazheng,Dazheng,,23.2669,115.7056,China,CN,CHN,Guangdong,Guangdong,CN-GD,,,195.3,,,4,Asia/Shanghai,FALSE,1156570475
Yiqimu,Yiqimu,,25.7600,99.6007,China,CN,CHN,Yunnan,Yunnan,CN-YN,,,30.8,,,4,Asia/Shanghai,FALSE,1156305728
Sixintun,Sixintun,Sixin,23.6760,109.9892,China,CN,CHN,Guangxi,Guangxi,CN-GX,,,57.7,,,4,Asia/Shanghai,FALSE,1156894191
Youshenggong,Youshenggong,,29.9097,111.3567,China,CN,CHN,Hunan,Hunan,CN-HN,,,186.8,,,4,Asia/Shanghai,FALSE,1156038493
Sichuan,Sichuan,,35.1221,105.4803,China,CN,CHN,Gansu,Gansu,CN-GS,,,120.6,,,4,Asia/Shanghai,FALSE,1156328512
Sichuan,Sichuan,,35.4348,104.6660,China,CN,CHN,Gansu,Gansu,CN-GS,,,69.2,,,4,Asia/Shanghai,TRUE,1156478126
Dalugou,Dalugou,,29.0031,109.0073,China,CN,CHN,Chongqing,Chongqing,CN-CQ,,,87.0,,,4,Asia/Shanghai,FALSE,1156570839
Wujiagang,Wujiagang,,30.2769,111.7681,China,CN,CHN,Hubei,Hubei,CN-HB,,,387.0,,,3,Asia/Shanghai,FALSE,1156212053
Wujiagang,Wujiagang,,30.4727,111.4249,China,CN,CHN,Hubei,Hubei,CN-HB,,,292.7,,,3,Asia/Shanghai,TRUE,1156329997
Wujiagang,Wujiagang,,30.3006,111.6034,China,CN,CHN,Hubei,Hubei,CN-HB,,,263.5,,,3,Asia/Shanghai,TRUE,1156737771
Wujiagang,Wujiagang,,30.6116,111.2785,China,CN,CHN,Hubei,Hubei,CN-HB,,,118.8,,,4,Asia/Shanghai,TRUE,1156708981
Wujiagang,Wujiagang,,31.0993,115.1661,China,CN,CHN,Hubei,Hubei,CN-HB,,,10.8,,,4,Asia/Shanghai,TRUE,1156389968
Qiwan,Qiwan,,35.8349,106.5950,China,CN,CHN,Ningxia,Ningxia,CN-NX,,,194.5,,,4,Asia/Shanghai,FALSE,1156661663
Xubacun,Xubacun,,31.4294,117.2241,China,CN,CHN,Anhui,Anhui,CN-AH,,,599.6,,,3,Asia/Shanghai,FALSE,1156418702
Jinshui,Jinshui,,25.3248,117.3817,China,CN,CHN,Fujian,Fujian,CN-FJ,,,191.4,,,4,Asia/Shanghai,FALSE,1156741536
Jiangxiabang,Jiangxiabang,,30.5025,120.8482,China,CN,CHN,Zhejiang,Zhejiang,CN-ZJ,,,583.0,,,3,Asia/Shanghai,FALSE,1156744502
Woluozicun,Woluozicun,,35.4927,119.5160,China,CN,CHN,Shandong,Shandong,CN-SD,,,1768.7,,,3,Asia/Shanghai,FALSE,1156336587
Woluozicun,Woluozicun,,35.9363,120.1463,China,CN,CHN,Shandong,Shandong,CN-SD,,,880.5,,,3,Asia/Shanghai,TRUE,1156336425
Woluozicun,Woluozicun,,37.1005,119.9983,China,CN,CHN,Shandong,Shandong,CN-SD,,,573.9,,,3,Asia/Shanghai,TRUE,1156336091
Woluozicun,Woluozicun,,36.0322,120.0888,China,CN,CHN,Shandong,Shandong,CN-SD,,,309.5,,,3,Asia/Shanghai,TRUE,1156126821
Wujiagang,Wujiagang,,29.1507,110.4474,China,CN,CHN,Hunan,Hunan,CN-HN,,,236.9,,,3,Asia/Shanghai,FALSE,1156822029
Lihao,Lihao,,39.3305,99.8215,China,CN,CHN,Gansu,Gansu,CN-GS,,,95.0,,,4,Asia/Shanghai,FALSE,1156185900
Maozixi,Maozixi,,28.3783,110.0445,China,CN,CHN,Hunan,Hunan,CN-HN,,,68.5,,,4,Asia/Shanghai,FALSE,1156380874
Shangdatang,Shangdatang,,27.5418,115.6603,China,CN,CHN,Jiangxi,Jiangxi,CN-JX,,,139.1,,,4,Asia/Shanghai,FALSE,1156081331
Lihao,Lihao,,25.2782,105.8670,China,CN,CHN,Guizhou,Guizhou,CN-GZ,,,143.6,,,4,Asia/Shanghai,FALSE,1156733021
Lihao,Lihao,,26.2781,107.1620,China,CN,CHN,Guizhou,Guizhou,CN-GZ,,,73.3,,,4,Asia/Shanghai,TRUE,1156523643
Bashancun,Bashancun,,23.7599,109.1244,China,CN,CHN,Guangxi,Guangxi,CN-GX,,,164.9,,,4,Asia/Shanghai,FALSE,1156547889
Xiashiyao,Xiashiyao,,39.5238,112.1291,China,CN,CHN,Shanxi,Shanxi,CN-SX,,,34.7,,,4,Asia/Shanghai,FALSE,1156130108
Hushancun,Hushancun,Hushan,40.2304,124.5170,China,CN,CHN,Liaoning,Liaoning,CN-LN,,,46.7,,,4,Asia/Shanghai,FALSE,1156349112
Xiyutuancun,Xiyutuancun,,37.1779,121.8022,China,CN,CHN,Shandong,Shandong,CN-SD,,,274.3,,,3,Asia/Shanghai,FALSE,1156098930
Lizhancun,Lizhancun,Lizhan,26.7111,119.4800,China,CN,CHN,Fujian,Fujian,CN-FJ,,,376.8,,,3,Asia/Shanghai,FALSE,1156049759
Palun,Palun,,29.1822,88.8105,China,CN,CHN,Tibet,Tibet,CN-XZ,,,15.5,,,4,Asia/Shanghai,FALSE,1156018485
Wentuncun,Wentuncun,,40.2310,122.2020,China,CN,CHN,Liaoning,Liaoning,CN-LN,,,542.8,,,3,Asia/Shanghai,FALSE,1156352702
Wentuncun,Wentuncun,,39.9507,122.1180,China,CN,CHN,Liaoning,Liaoning,CN-LN,,,142.6,,,4,Asia/Shanghai,TRUE,1156340487
Wentuncun,Wentuncun,Wenjiatun,42.2192,124.7200,China,CN,CHN,Liaoning,Liaoning,CN-LN,,,58.6,,,4,Asia/Shanghai,TRUE,1156349019
Nairen Bulagecun,Nairen Bulagecun,,44.9429,82.0047,China,CN,CHN,Xinjiang,Xinjiang,CN-XJ,,,108.7,,,4,Asia/Shanghai,FALSE,1156424736
Biguanbucun,Biguanbucun,,41.0806,122.9044,China,CN,CHN,Liaoning,Liaoning,CN-LN,,,966.2,,,3,Asia/Shanghai,FALSE,1156047304
Shangbatang,Shangbatang,,24.5509,101.2780,China,CN,CHN,Yunnan,Yunnan,CN-YN,,,32.0,,,4,Asia/Shanghai,FALSE,1156504896
Dadianliao,Dadianliao,,40.4552,123.9599,China,CN,CHN,Liaoning,Liaoning,CN-LN,,,220.8,,,3,Asia/Shanghai,FALSE,1156476674
Angni’a,Angni'a,,34.6273,102.1950,China,CN,CHN,Gansu,Gansu,CN-GS,,,3.3,,,5,Asia/Shanghai,FALSE,1156099044
Dadoupeng,Dadoupeng,,26.1059,106.6980,China,CN,CHN,Guizhou,Guizhou,CN-GZ,,,501.2,,,3,Asia/Shanghai,FALSE,1156942333
Dataicun,Dataicun,,35.8531,119.9511,China,CN,CHN,Shandong,Shandong,CN-SD,,,2511.6,,,2,Asia/Shanghai,FALSE,1156366047
Dataicun,Dataicun,,37.4711,120.9917,China,CN,CHN,Shandong,Shandong,CN-SD,,,355.6,,,3,Asia/Shanghai,TRUE,1156519815
Dataicun,Dataicun,,37.1611,122.1893,China,CN,CHN,Shandong,Shandong,CN-SD,,,269.7,,,3,Asia/Shanghai,TRUE,1156433044
Dageshi Xinzhai,Dageshi Xinzhai,,25.0114,104.2220,China,CN,CHN,Yunnan,Yunnan,CN-YN,,,234.4,,,3,Asia/Shanghai,FALSE,1156335928
Dataicun,Dataicun,,35.1800,111.1983,China,CN,CHN,Shanxi,Shanxi,CN-SX,,,708.5,,,3,Asia/Shanghai,FALSE,1156953568
Gulebage Yuanyichang,Gulebage Yuanyichang,,38.0132,77.5543,China,CN,CHN,Xinjiang,Xinjiang,CN-XJ,,,1.8,,,5,Asia/Shanghai,FALSE,1156163957
Futiancun,Futiancun,,37.1777,118.0899,China,CN,CHN,Shandong,Shandong,CN-SD,,,1035.1,,,3,Asia/Shanghai,FALSE,1156544504
Futiancun,Futiancun,,37.4835,117.5592,China,CN,CHN,Shandong,Shandong,CN-SD,,,220.2,,,3,Asia/Shanghai,TRUE,1156492407
Xinweicun,Xinweicun,,22.0931,109.2856,China,CN,CHN,Guangxi,Guangxi,CN-GX,,,274.2,,,3,Asia/Shanghai,FALSE,1156509169
Xinweicun,Xinweicun,,24.5423,109.2934,China,CN,CHN,Guangxi,Guangxi,CN-GX,,,182.2,,,4,Asia/Shanghai,TRUE,1156509170
Tongjiadiancun,Tongjiadiancun,,40.2328,123.0346,China,CN,CHN,Liaoning,Liaoning,CN-LN,,,51.1,,,4,Asia/Shanghai,FALSE,1156345479
Chenlin,Chenlin,,34.3553,114.8070,China,CN,CHN,Henan,Henan,CN-HA,,,642.6,,,3,Asia/Shanghai,FALSE,1156779028
Huangnihe Guoying Linchang,Huangnihe Guoying Linchang,,43.5578,128.0229,China,CN,CHN,Jilin,Jilin,CN-JL,,,98.6,,,4,Asia/Shanghai,FALSE,1156447440
Chenlin,Chenlin,,36.8680,115.4534,China,CN,CHN,Hebei,Hebei,CN-HE,,,750.0,,,3,Asia/Shanghai,FALSE,1156997690
Zhamari,Zhamari,,36.1880,98.2441,China,CN,CHN,Qinghai,Qinghai,CN-QH,,,2.4,,,5,Asia/Shanghai,FALSE,1156730777
Chonglan,Chonglan,,21.6103,107.9850,China,CN,CHN,Guangxi,Guangxi,CN-GX,,,81.8,,,4,Asia/Shanghai,FALSE,1156790385
Yatakumucun,Yatakumucun,,38.6409,77.7112,China,CN,CHN,Xinjiang,Xinjiang,CN-XJ,,,54.1,,,4,Asia/Shanghai,FALSE,1156135553
Wuyaocun,Wuyaocun,,34.3505,117.5053,China,CN,CHN,Jiangsu,Jiangsu,CN-JS,,,543.2,,,3,Asia/Shanghai,FALSE,1156302630
Bengongka,Bengongka,,31.5827,94.1044,China,CN,CHN,Tibet,Tibet,CN-XZ,,,5.8,,,5,Asia/Shanghai,FALSE,1156932169
Fujinchuan,Fujinchuan,,33.0429,113.2021,China,CN,CHN,Henan,Henan,CN-HA,,,286.9,,,3,Asia/Shanghai,FALSE,1156602547
Shitouba,Shitouba,,26.5584,101.8559,China,CN,CHN,Sichuan,Sichuan,CN-SC,,,133.4,,,4,Asia/Shanghai,FALSE,1156061767
Arishan Gacha,Arishan Gacha,,49.5965,120.1617,China,CN,CHN,Inner Mongolia,Inner Mongolia,CN-NM,,,0.9,,,5,Asia/Shanghai,FALSE,1156115716
Chengjia Tuozi,Chengjia Tuozi,,43.4785,123.9636,China,CN,CHN,Jilin,Jilin,CN-JL,,,102.0,,,4,Asia/Shanghai,FALSE,1156820508
Xianzhaishancun,Xianzhaishancun,,27.9802,120.4042,China,CN,CHN,Zhejiang,Zhejiang,CN-ZJ,,,234.7,,,3,Asia/Shanghai,FALSE,1156390432
Xiaoshi,Xiaoshi,Xiaoshijia,33.3147,105.2020,China,CN,CHN,Gansu,Gansu,CN-GS,,,68.2,,,4,Asia/Shanghai,FALSE,1156122467
Ligeng,Ligeng,,31.3926,118.2015,China,CN,CHN,Anhui,Anhui,CN-AH,,,365.8,,,3,Asia/Shanghai,FALSE,1156299388
Hedongliucun,Hedongliucun,,37.5482,117.8967,China,CN,CHN,Shandong,Shandong,CN-SD,,,464.0,,,3,Asia/Shanghai,FALSE,1156530631
Chishan,Chishan,,37.1086,120.8004,China,CN,CHN,Shandong,Shandong,CN-SD,,,543.5,,,3,Asia/Shanghai,FALSE,1156019216
Houhuangdi,Houhuangdi,,41.9314,122.7413,China,CN,CHN,Liaoning,Liaoning,CN-LN,,,145.1,,,4,Asia/Shanghai,FALSE,1156195962
Yinane,Yinane,,24.8067,101.8800,China,CN,CHN,Yunnan,Yunnan,CN-YN,,,56.2,,,4,Asia/Shanghai,FALSE,1156261273
Fuxingcun,Fuxingcun,,37.5957,118.5452,China,CN,CHN,Shandong,Shandong,CN-SD,,,6884.0,,,2,Asia/Shanghai,FALSE,1156538994
Fuxingcun,Fuxingcun,,36.5728,116.9631,China,CN,CHN,Shandong,Shandong,CN-SD,,,3658.4,,,2,Asia/Shanghai,TRUE,1156538992
Fuxingcun,Fuxingcun,,36.8141,117.1356,China,CN,CHN,Shandong,Shandong,CN-SD,,,576.3,,,3,Asia/Shanghai,TRUE,1156538990
Fuxingcun,Fuxingcun,,35.6677,119.1083,China,CN,CHN,Shandong,Shandong,CN-SD,,,235.0,,,3,Asia/Shanghai,TRUE,1156538995
Fuxingcun,Fuxingcun,,36.1809,118.5374,China,CN,CHN,Shandong,Shandong,CN-SD,,,200.3,,,3,Asia/Shanghai,TRUE,1156096463
Fuxingcun,Fuxingcun,,37.2959,120.9844,China,CN,CHN,Shandong,Shandong,CN-SD,,,150.6,,,4,Asia/Shanghai,TRUE,1156538993
Xingshuliang,Xingshuliang,,32.8105,105.6736,China,CN,CHN,Shaanxi,Shaanxi,CN-SN,,,61.4,,,4,Asia/Shanghai,FALSE,1156233534
Xingshuliang,Xingshuliang,,38.9771,110.5177,China,CN,CHN,Shaanxi,Shaanxi,CN-SN,,,46.8,,,4,Asia/Shanghai,TRUE,1156721815
Xiejiashan,Xiejiashan,,24.3203,100.5710,China,CN,CHN,Yunnan,Yunnan,CN-YN,,,122.0,,,4,Asia/Shanghai,FALSE,1156218542
Xiahongcun,Xiahongcun,,28.7001,120.5366,China,CN,CHN,Zhejiang,Zhejiang,CN-ZJ,,,93.5,,,4,Asia/Shanghai,FALSE,1156385643
Qiantaicun,Qiantaicun,,37.4691,120.9910,China,CN,CHN,Shandong,Shandong,CN-SD,,,355.6,,,3,Asia/Shanghai,FALSE,1156477832
Baiche,Baiche,,27.7046,105.2930,China,CN,CHN,Yunnan,Yunnan,CN-YN,,,362.2,,,3,Asia/Shanghai,FALSE,1156391495
Zhengjuesi,Zhengjuesi,,28.7081,105.9540,China,CN,CHN,Guizhou,Guizhou,CN-GZ,,,207.4,,,3,Asia/Shanghai,FALSE,1156653133
Shanghedongcun,Shanghedongcun,,37.1373,102.9420,China,CN,CHN,Gansu,Gansu,CN-GS,,,22.7,,,4,Asia/Shanghai,FALSE,1156477338
Dongshencun,Dongshencun,,46.1260,126.8614,China,CN,CHN,Heilongjiang,Heilongjiang,CN-HL,,,196.5,,,4,Asia/Shanghai,FALSE,1156328456
Zhuangziwan,Zhuangziwan,,28.5523,112.0438,China,CN,CHN,Hunan,Hunan,CN-HN,,,368.9,,,3,Asia/Shanghai,FALSE,1156174015
Caowang,Caowang,Ts’ao-wang-miao,31.4334,121.2977,China,CN,CHN,Shanghai,Shanghai,CN-SH,,,7535.4,,,2,Asia/Shanghai,FALSE,1156351403
Tielutang,Tielutang,,27.2130,112.1210,China,CN,CHN,Hunan,Hunan,CN-HN,,,286.8,,,3,Asia/Shanghai,FALSE,1156202448
Xibaisicheng,Xibaisicheng,,38.9560,115.0670,China,CN,CHN,Hebei,Hebei,CN-HE,,,148.5,,,4,Asia/Shanghai,FALSE,1156210447
Aodongdi,Aodongdi,,24.5011,108.5230,China,CN,CHN,Guangxi,Guangxi,CN-GX,,,131.5,,,4,Asia/Shanghai,FALSE,1156408079
Miaodazhuangcun,Miaodazhuangcun,,31.8339,116.7593,China,CN,CHN,Anhui,Anhui,CN-AH,,,361.2,,,3,Asia/Shanghai,FALSE,1156094248
Jianyadicun,Jianyadicun,,36.9149,112.3718,China,CN,CHN,Shanxi,Shanxi,CN-SX,,,8.7,,,5,Asia/Shanghai,FALSE,1156034372
Sijiaolou,Sijiaolou,,34.6900,112.6864,China,CN,CHN,Henan,Henan,CN-HA,,,913.3,,,3,Asia/Shanghai,FALSE,1156965342
Shuangzhuang,Shuangzhuang,,38.4859,106.2930,China,CN,CHN,Ningxia,Ningxia,CN-NX,,,45615.2,,,2,Asia/Shanghai,FALSE,1156246725
Zhaiqianhuang,Zhaiqianhuang,,35.9934,114.1391,China,CN,CHN,Henan,Henan,CN-HA,,,2015.5,,,2,Asia/Shanghai,FALSE,1156222887
Xingren,Xingren,,42.6748,129.3189,China,CN,CHN,Jilin,Jilin,CN-JL,,,48.7,,,4,Asia/Shanghai,FALSE,1156999545
Niegoucun,Niegoucun,,33.8455,110.1214,China,CN,CHN,Shaanxi,Shaanxi,CN-SN,,,64.2,,,4,Asia/Shanghai,FALSE,1156364313
Tengziyuan,Tengziyuan,,28.7172,117.3726,China,CN,CHN,Jiangxi,Jiangxi,CN-JX,,,160.2,,,4,Asia/Shanghai,FALSE,1156456808
Emei,Emei,,19.9980,110.4716,China,CN,CHN,Hainan,Hainan,CN-HI,,,810.3,,,3,Asia/Shanghai,FALSE,1156189846
Langqiang,Langqiang,,20.2744,110.3149,China,CN,CHN,Guangdong,Guangdong,CN-GD,,,428.8,,,3,Asia/Shanghai,FALSE,1156619232
Qikou,Qikou,Ch’i-k’ou|Chihshankou|Chi-kau|Chikow,38.6017,117.5667,China,CN,CHN,Hebei,Hebei,CN-HE,,,216.9,,,3,Asia/Shanghai,FALSE,1156267100
Shuangyuancun,Shuangyuancun,,45.7729,127.0368,China,CN,CHN,Heilongjiang,Heilongjiang,CN-HL,,,218.6,,,3,Asia/Shanghai,FALSE,1156328412
Shuangyuancun,Shuangyuancun,,45.0095,127.5641,China,CN,CHN,Heilongjiang,Heilongjiang,CN-HL,,,113.6,,,4,Asia/Shanghai,TRUE,1156342866
Bailuxia,Bailuxia,,26.9485,117.4431,China,CN,CHN,Fujian,Fujian,CN-FJ,,,50.2,,,4,Asia/Shanghai,FALSE,1156157936
Xinyuancun,Xinyuancun,,47.6602,132.5701,China,CN,CHN,Heilongjiang,Heilongjiang,CN-HL,,,259.6,,,3,Asia/Shanghai,FALSE,1156322502
Xinyuancun,Xinyuancun,,46.2879,130.2090,China,CN,CHN,Heilongjiang,Heilongjiang,CN-HL,,,155.5,,,4,Asia/Shanghai,TRUE,1156362338
Xinyuancun,Xinyuancun,,47.4498,132.4385,China,CN,CHN,Heilongjiang,Heilongjiang,CN-HL,,,33.6,,,4,Asia/Shanghai,TRUE,1156319645
Xinyuancun,Xinyuancun,,48.2466,134.0863,China,CN,CHN,Heilongjiang,Heilongjiang,CN-HL,,,27.3,,,4,Asia/Shanghai,TRUE,1156324525
Banbanqiao,Banbanqiao,,23.3876,104.2670,China,CN,CHN,Yunnan,Yunnan,CN-YN,,,996.8,,,3,Asia/Shanghai,FALSE,1156860421
Banbanqiao,Banbanqiao,,22.7881,103.1910,China,CN,CHN,Yunnan,Yunnan,CN-YN,,,272.0,,,3,Asia/Shanghai,TRUE,1156641420
Pujiu,Pujiu,,28.6293,89.1096,China,CN,CHN,Tibet,Tibet,CN-XZ,,,2.6,,,5,Asia/Shanghai,FALSE,1156036542
Pujiu,Pujiu,,29.7951,94.7027,China,CN,CHN,Tibet,Tibet,CN-XZ,,,1.3,,,5,Asia/Shanghai,TRUE,1156144238
Xihuacun,Xihuacun,,41.1657,121.4542,China,CN,CHN,Liaoning,Liaoning,CN-LN,,,365.1,,,3,Asia/Shanghai,FALSE,1156243052
Nanzhengcun,Nanzhengcun,Nanzheng|Nan-cheng-ts’un,28.4950,120.8382,China,CN,CHN,Zhejiang,Zhejiang,CN-ZJ,,,59.1,,,4,Asia/Shanghai,FALSE,1156493730
Houdawangcun,Houdawangcun,,36.9806,118.0176,China,CN,CHN,Shandong,Shandong,CN-SD,,,1004.6,,,3,Asia/Shanghai,FALSE,1156506527
Shengyangcun,Shengyangcun,,44.3836,125.7524,China,CN,CHN,Jilin,Jilin,CN-JL,,,221.5,,,3,Asia/Shanghai,FALSE,1156183584
Xiaodian,Xiaodian,,29.0050,108.5158,China,CN,CHN,Chongqing,Chongqing,CN-CQ,,,67.7,,,4,Asia/Shanghai,FALSE,1156050087
Dongnianqiao,Dongnianqiao,,34.8257,109.8645,China,CN,CHN,Shaanxi,Shaanxi,CN-SN,,,520.9,,,3,Asia/Shanghai,FALSE,1156205201
Xingzixia,Xingzixia,,28.0873,111.2952,China,CN,CHN,Hunan,Hunan,CN-HN,,,256.7,,,3,Asia/Shanghai,FALSE,1156150545
Wukuaitian,Wukuaitian,,28.4718,106.0160,China,CN,CHN,Guizhou,Guizhou,CN-GZ,,,58.8,,,4,Asia/Shanghai,FALSE,1156487782
Wukuaitian,Wukuaitian,,28.3484,105.8010,China,CN,CHN,Guizhou,Guizhou,CN-GZ,,,27.7,,,4,Asia/Shanghai,TRUE,1156710311
Ou’erda Baxilamu,Ou'erda Baxilamu,,41.2556,82.6995,China,CN,CHN,Xinjiang,Xinjiang,CN-XJ,,,82.8,,,4,Asia/Shanghai,FALSE,1156577002
Lüshangyao,Lushangyao,,35.3835,111.2879,China,CN,CHN,Shanxi,Shanxi,CN-SX,,,1179.2,,,3,Asia/Shanghai,FALSE,1156571556
Yaojiazha,Yaojiazha,,31.4579,113.6109,China,CN,CHN,Hubei,Hubei,CN-HB,,,334.1,,,3,Asia/Shanghai,FALSE,1156346721
Xiaomacun,Xiaomacun,,34.2866,108.2022,China,CN,CHN,Shaanxi,Shaanxi,CN-SN,,,1244.4,,,3,Asia/Shanghai,FALSE,1156170786
Xiaomacun,Xiaomacun,,34.4136,108.2944,China,CN,CHN,Shaanxi,Shaanxi,CN-SN,,,821.8,,,3,Asia/Shanghai,TRUE,1156163323
Shangshilong,Shangshilong,,26.4224,105.3880,China,CN,CHN,Guizhou,Guizhou,CN-GZ,,,230.5,,,3,Asia/Shanghai,FALSE,1156417385
Guangmeigoukou,Guangmeigoukou,,33.4288,109.7668,China,CN,CHN,Shaanxi,Shaanxi,CN-SN,,,120.4,,,4,Asia/Shanghai,FALSE,1156417001
Nancun,Nancun,,25.7737,114.5877,China,CN,CHN,Jiangxi,Jiangxi,CN-JX,,,376.9,,,3,Asia/Shanghai,FALSE,1156186300
Nancun,Nancun,,27.2481,114.0680,China,CN,CHN,Jiangxi,Jiangxi,CN-JX,,,291.2,,,3,Asia/Shanghai,TRUE,1156020058
Nancun,Nancun,,26.2693,114.4660,China,CN,CHN,Jiangxi,Jiangxi,CN-JX,,,266.8,,,3,Asia/Shanghai,TRUE,1156482717
Nancun,Nancun,,27.7855,114.9913,China,CN,CHN,Jiangxi,Jiangxi,CN-JX,,,233.3,,,3,Asia/Shanghai,TRUE,1156198303
Nancun,Nancun,,28.3227,114.9831,China,CN,CHN,Jiangxi,Jiangxi,CN-JX,,,227.3,,,3,Asia/Shanghai,TRUE,1156998303
Nancun,Nancun,,26.5531,115.7631,China,CN,CHN,Jiangxi,Jiangxi,CN-JX,,,179.3,,,4,Asia/Shanghai,TRUE,1156649443
Nancun,Nancun,,28.0394,114.8560,China,CN,CHN,Jiangxi,Jiangxi,CN-JX,,,167.6,,,4,Asia/Shanghai,TRUE,1156474387
Nancun,Nancun,,27.8812,114.9435,China,CN,CHN,Jiangxi,Jiangxi,CN-JX,,,157.1,,,4,Asia/Shanghai,TRUE,1156865206
Nancun,Nancun,,28.9450,115.0767,China,CN,CHN,Jiangxi,Jiangxi,CN-JX,,,61.5,,,4,Asia/Shanghai,TRUE,1156902542
Nancun,Nancun,,28.4805,114.2897,China,CN,CHN,Jiangxi,Jiangxi,CN-JX,,,5.9,,,5,Asia/Shanghai,TRUE,1156948555
Xinglongzhuang,Xinglongzhuang,,34.5307,109.1322,China,CN,CHN,Shaanxi,Shaanxi,CN-SN,,,1468.1,,,3,Asia/Shanghai,FALSE,1156110992
Maquyuan,Maquyuan,,36.2227,107.4780,China,CN,CHN,Gansu,Gansu,CN-GS,,,27.0,,,4,Asia/Shanghai,FALSE,1156033244
Sanweiqiao,Sanweiqiao,,31.9758,120.6972,China,CN,CHN,Jiangsu,Jiangsu,CN-JS,,,568.3,,,3,Asia/Shanghai,FALSE,1156647848
Kuoshidun,Kuoshidun,Kuoshiduncun,42.8369,89.1602,China,CN,CHN,Xinjiang,Xinjiang,CN-XJ,,,136.3,,,4,Asia/Shanghai,FALSE,1156289444
Caojiabu,Caojiabu,,33.3549,104.9333,China,CN,CHN,Gansu,Gansu,CN-GS,,,222.1,,,3,Asia/Shanghai,FALSE,1156182044
Xiaomacun,Xiaomacun,,37.8189,117.3295,China,CN,CHN,Shandong,Shandong,CN-SD,,,645.0,,,3,Asia/Shanghai,FALSE,1156505577
Xiaomacun,Xiaomacun,,37.6369,117.4434,China,CN,CHN,Shandong,Shandong,CN-SD,,,629.9,,,3,Asia/Shanghai,TRUE,1156505576
Xiaomacun,Xiaomacun,,36.5013,116.5979,China,CN,CHN,Shandong,Shandong,CN-SD,,,585.1,,,3,Asia/Shanghai,TRUE,1156458416
Xiaomacun,Xiaomacun,,36.9231,117.9119,China,CN,CHN,Shandong,Shandong,CN-SD,,,552.3,,,3,Asia/Shanghai,TRUE,1156505580
Xiaomacun,Xiaomacun,,37.6556,116.9514,China,CN,CHN,Shandong,Shandong,CN-SD,,,457.0,,,3,Asia/Shanghai,TRUE,1156458415
Xiaomacun,Xiaomacun,,37.7237,117.6177,China,CN,CHN,Shandong,Shandong,CN-SD,,,400.7,,,3,Asia/Shanghai,TRUE,1156505572
Xiaomacun,Xiaomacun,,37.4348,118.2261,China,CN,CHN,Shandong,Shandong,CN-SD,,,307.3,,,3,Asia/Shanghai,TRUE,1156505571
Xiaomacun,Xiaomacun,,36.9442,117.0172,China,CN,CHN,Shandong,Shandong,CN-SD,,,305.1,,,3,Asia/Shanghai,TRUE,1156458414
Sankelishu,Sankelishu,,40.8530,122.9924,China,CN,CHN,Liaoning,Liaoning,CN-LN,,,194.3,,,4,Asia/Shanghai,FALSE,1156245992
Paitianlong,Paitianlong,,25.6318,113.8723,China,CN,CHN,Hunan,Hunan,CN-HN,,,48.3,,,4,Asia/Shanghai,FALSE,1156729583
Xipang Jiawacun,Xipang Jiawacun,,36.9567,120.2345,China,CN,CHN,Shandong,Shandong,CN-SD,,,282.2,,,3,Asia/Shanghai,FALSE,1156511124
Gujingtou,Gujingtou,,30.9583,117.0333,China,CN,CHN,Anhui,Anhui,CN-AH,,,613.4,,,3,Asia/Shanghai,FALSE,1156756528
Xinglongzhuang,Xinglongzhuang,,35.7883,111.4961,China,CN,CHN,Shanxi,Shanxi,CN-SX,,,300.7,,,3,Asia/Shanghai,FALSE,1156096681
Dalu Qiancun,Dalu Qiancun,,27.9472,120.3987,China,CN,CHN,Zhejiang,Zhejiang,CN-ZJ,,,163.4,,,4,Asia/Shanghai,FALSE,1156392026
Duiwoshi,Duiwoshi,,35.1488,106.4070,China,CN,CHN,Gansu,Gansu,CN-GS,,,83.0,,,4,Asia/Shanghai,FALSE,1156867902
Xuejialingcun,Xuejialingcun,,34.8633,110.8194,China,CN,CHN,Shanxi,Shanxi,CN-SX,,,320.6,,,3,Asia/Shanghai,FALSE,1156109324
Zhoujia Erping,Zhoujia Erping,,29.7918,109.9307,China,CN,CHN,Hubei,Hubei,CN-HB,,,28.7,,,4,Asia/Shanghai,FALSE,1156255404
Qiuziwan,Qiuziwan,,36.0229,107.0807,China,CN,CHN,Gansu,Gansu,CN-GS,,,69.8,,,4,Asia/Shanghai,FALSE,1156278352
Tuanbucun,Tuanbucun,,36.3771,119.2686,China,CN,CHN,Shandong,Shandong,CN-SD,,,471.9,,,3,Asia/Shanghai,FALSE,1156831678
Bachalu,Bachalu,Pa-ch’a-lu,34.1833,117.9000,China,CN,CHN,Jiangsu,Jiangsu,CN-JS,,,583.3,,,3,Asia/Shanghai,FALSE,1156071020
Dongmingcun,Dongmingcun,,42.7793,124.1655,China,CN,CHN,Liaoning,Liaoning,CN-LN,,,18.8,,,4,Asia/Shanghai,FALSE,1156418842
Chunshui,Chunshui,,31.2425,105.3620,China,CN,CHN,Sichuan,Sichuan,CN-SC,,,466.9,,,3,Asia/Shanghai,FALSE,1156680111
Qianzhulaqin,Qianzhulaqin,,45.0345,124.8175,China,CN,CHN,Jilin,Jilin,CN-JL,,,731.0,,,3,Asia/Shanghai,FALSE,1156801967
Zhongzhouyu,Zhongzhouyu,,34.3433,110.9964,China,CN,CHN,Henan,Henan,CN-HA,,,99.6,,,4,Asia/Shanghai,FALSE,1156424953
Chetian,Chetian,,22.3450,111.0770,China,CN,CHN,Guangdong,Guangdong,CN-GD,,,306.7,,,3,Asia/Shanghai,FALSE,1156634066
Chetian,Chetian,,23.4214,114.3153,China,CN,CHN,Guangdong,Guangdong,CN-GD,,,179.5,,,4,Asia/Shanghai,TRUE,1156250201
Chetian,Chetian,,22.8127,111.3838,China,CN,CHN,Guangdong,Guangdong,CN-GD,,,154.2,,,4,Asia/Shanghai,TRUE,1156309190
Chetian,Chetian,,24.1028,112.3530,China,CN,CHN,Guangdong,Guangdong,CN-GD,,,51.7,,,4,Asia/Shanghai,TRUE,1156149217
Chetian,Chetian,,23.9922,114.4880,China,CN,CHN,Guangdong,Guangdong,CN-GD,,,26.5,,,4,Asia/Shanghai,TRUE,1156196655
Chetian,Chetian,,21.7267,111.5854,China,CN,CHN,Guangdong,Guangdong,CN-GD,,,12.8,,,4,Asia/Shanghai,TRUE,1156728892
Qishiyi,Qishiyi,,44.4711,123.6981,China,CN,CHN,Jilin,Jilin,CN-JL,,,54.5,,,4,Asia/Shanghai,FALSE,1156230357
Gengde,Gengde,,25.7128,103.6869,China,CN,CHN,Yunnan,Yunnan,CN-YN,,,105.5,,,4,Asia/Shanghai,FALSE,1156191380
Xiaogen Caigangzicun,Xiaogen Caigangzicun,,41.8069,122.6933,China,CN,CHN,Liaoning,Liaoning,CN-LN,,,97.1,,,4,Asia/Shanghai,FALSE,1156236629
Baishibei,Baishibei,,24.4549,116.4929,China,CN,CHN,Guangdong,Guangdong,CN-GD,,,129.0,,,4,Asia/Shanghai,FALSE,1156262031
Renqinglincun,Renqinglincun,,29.7363,91.9654,China,CN,CHN,Tibet,Tibet,CN-XZ,,,10.2,,,4,Asia/Shanghai,FALSE,1156063307
Haimakong,Haimakong,,25.5303,105.3260,China,CN,CHN,Guizhou,Guizhou,CN-GZ,,,97.0,,,4,Asia/Shanghai,FALSE,1156660683
Rongdongcun,Rongdongcun,,22.5537,111.1760,China,CN,CHN,Guangdong,Guangdong,CN-GD,,,98.2,,,4,Asia/Shanghai,FALSE,1156568955
Rongdongcun,Rongdongcun,Rongdong,25.2110,108.8098,China,CN,CHN,Guangxi,Guangxi,CN-GX,,,74.9,,,4,Asia/Shanghai,FALSE,1156177759
Ximanzhuangcun,Ximanzhuangcun,,35.7743,116.8299,China,CN,CHN,Shandong,Shandong,CN-SD,,,3213.8,,,2,Asia/Shanghai,FALSE,1156453120
Liutun,Liutun,,35.0329,117.1718,China,CN,CHN,Shandong,Shandong,CN-SD,,,845.0,,,3,Asia/Shanghai,FALSE,1156545961
Liutun,Liutun,,37.2373,116.4280,China,CN,CHN,Shandong,Shandong,CN-SD,,,174.0,,,4,Asia/Shanghai,TRUE,1156204588
Zhongjia Dayan,Zhongjia Dayan,,29.8254,104.1130,China,CN,CHN,Sichuan,Sichuan,CN-SC,,,534.9,,,3,Asia/Shanghai,FALSE,1156068019
Huoshaowopu,Huoshaowopu,,25.8646,98.8065,China,CN,CHN,Yunnan,Yunnan,CN-YN,,,170.8,,,4,Asia/Shanghai,FALSE,1156607750
Guojidao,Guojidao,,36.0286,115.1706,China,CN,CHN,Henan,Henan,CN-HA,,,634.6,,,3,Asia/Shanghai,FALSE,1156669148
Liutun,Liutun,,36.3529,109.4888,China,CN,CHN,Shaanxi,Shaanxi,CN-SN,,,19.7,,,4,Asia/Shanghai,FALSE,1156228305
Chetian,Chetian,Ch’e-t’ien,21.9480,110.2070,China,CN,CHN,Guangxi,Guangxi,CN-GX,,,559.5,,,3,Asia/Shanghai,FALSE,1156831732
Chetian,Chetian,,23.1428,110.4900,China,CN,CHN,Guangxi,Guangxi,CN-GX,,,289.6,,,3,Asia/Shanghai,TRUE,1156201238
Chetian,Chetian,,24.8102,110.5680,China,CN,CHN,Guangxi,Guangxi,CN-GX,,,208.9,,,3,Asia/Shanghai,TRUE,1156888702
Chetian,Chetian,,24.4956,110.9700,China,CN,CHN,Guangxi,Guangxi,CN-GX,,,172.8,,,4,Asia/Shanghai,TRUE,1156806761
Chetian,Chetian,,25.1434,109.9320,China,CN,CHN,Guangxi,Guangxi,CN-GX,,,165.4,,,4,Asia/Shanghai,TRUE,1156260173
Chetian,Chetian,,25.1562,110.8990,China,CN,CHN,Guangxi,Guangxi,CN-GX,,,153.7,,,4,Asia/Shanghai,TRUE,1156733340
Chetian,Chetian,,23.3381,109.6720,China,CN,CHN,Guangxi,Guangxi,CN-GX,,,121.4,,,4,Asia/Shanghai,TRUE,1156842448
Chetian,Chetian,,25.6119,110.5040,China,CN,CHN,Guangxi,Guangxi,CN-GX,,,93.4,,,4,Asia/Shanghai,TRUE,1156016840
Chetian,Chetian,,25.6858,109.5020,China,CN,CHN,Guangxi,Guangxi,CN-GX,,,68.6,,,4,Asia/Shanghai,TRUE,1156717678
Chetian,Chetian,,23.8007,110.2440,China,CN,CHN,Guangxi,Guangxi,CN-GX,,,65.0,,,4,Asia/Shanghai,TRUE,1156892813
Chetian,Chetian,,25.1901,109.7500,China,CN,CHN,Guangxi,Guangxi,CN-GX,,,64.3,,,4,Asia/Shanghai,TRUE,1156002123
Chetian,Chetian,,25.3908,110.8219,China,CN,CHN,Guangxi,Guangxi,CN-GX,,,63.1,,,4,Asia/Shanghai,TRUE,1156820879
Chetian,Chetian,,25.2567,110.9130,China,CN,CHN,Guangxi,Guangxi,CN-GX,,,60.4,,,4,Asia/Shanghai,TRUE,1156510941
Chetian,Chetian,,25.4314,110.7042,China,CN,CHN,Guangxi,Guangxi,CN-GX,,,40.2,,,4,Asia/Shanghai,TRUE,1156905719
Chetian,Chetian,,24.1930,110.3660,China,CN,CHN,Guangxi,Guangxi,CN-GX,,,27.0,,,4,Asia/Shanghai,TRUE,1156931246
Beibocun,Beibocun,,37.2583,121.1306,China,CN,CHN,Shandong,Shandong,CN-SD,,,292.2,,,3,Asia/Shanghai,FALSE,1156486999
Beibocun,Beibocun,,37.0703,120.2959,China,CN,CHN,Shandong,Shandong,CN-SD,,,219.9,,,3,Asia/Shanghai,TRUE,1156890572
Zhongyang’ao,Zhongyang'ao,,30.9585,112.9689,China,CN,CHN,Hubei,Hubei,CN-HB,,,59.4,,,4,Asia/Shanghai,FALSE,1156250858
Paidi,Paidi,,23.5453,106.0930,China,CN,CHN,Yunnan,Yunnan,CN-YN,,,53.6,,,4,Asia/Shanghai,FALSE,1156738848
Paidi,Paidi,,27.0439,99.1026,China,CN,CHN,Yunnan,Yunnan,CN-YN,,,36.8,,,4,Asia/Shanghai,TRUE,1156570617
Paidi,Paidi,,27.1058,99.0852,China,CN,CHN,Yunnan,Yunnan,CN-YN,,,36.8,,,4,Asia/Shanghai,TRUE,1156996773
Jianchangcun,Jianchangcun,,34.9691,115.2317,China,CN,CHN,Shandong,Shandong,CN-SD,,,984.5,,,3,Asia/Shanghai,FALSE,1156335852
Jianchangcun,Jianchangcun,,35.0985,116.1977,China,CN,CHN,Shandong,Shandong,CN-SD,,,763.4,,,3,Asia/Shanghai,TRUE,1156466760
Jianchangcun,Jianchangcun,Chengchang,36.1685,115.6616,China,CN,CHN,Shandong,Shandong,CN-SD,,,665.2,,,3,Asia/Shanghai,TRUE,1156685194
Jianchangcun,Jianchangcun,,35.6789,116.3123,China,CN,CHN,Shandong,Shandong,CN-SD,,,583.4,,,3,Asia/Shanghai,TRUE,1156466758
Jianchangcun,Jianchangcun,,36.1477,115.5169,China,CN,CHN,Shandong,Shandong,CN-SD,,,473.6,,,3,Asia/Shanghai,TRUE,1156466761
Jianchangcun,Jianchangcun,,37.0282,117.0471,China,CN,CHN,Shandong,Shandong,CN-SD,,,458.8,,,3,Asia/Shanghai,TRUE,1156252291
Jianchangcun,Jianchangcun,,37.3645,117.3926,China,CN,CHN,Shandong,Shandong,CN-SD,,,447.2,,,3,Asia/Shanghai,TRUE,1156252359
Jianchangcun,Jianchangcun,,36.8397,116.8285,China,CN,CHN,Shandong,Shandong,CN-SD,,,314.4,,,3,Asia/Shanghai,TRUE,1156329692
Jianchangcun,Jianchangcun,,35.9754,118.0095,China,CN,CHN,Shandong,Shandong,CN-SD,,,218.3,,,3,Asia/Shanghai,TRUE,1156466762
Changbai,Changbai,,30.1249,107.9196,China,CN,CHN,Chongqing,Chongqing,CN-CQ,,,277.7,,,3,Asia/Shanghai,FALSE,1156474450
Changbai,Changbai,,30.7308,108.9121,China,CN,CHN,Chongqing,Chongqing,CN-CQ,,,78.6,,,4,Asia/Shanghai,TRUE,1156616745
Jianchangcun,Jianchangcun,,33.5761,110.7397,China,CN,CHN,Shaanxi,Shaanxi,CN-SN,,,38.7,,,4,Asia/Shanghai,FALSE,1156008806
Caiwucun,Caiwucun,,33.9405,118.1129,China,CN,CHN,Jiangsu,Jiangsu,CN-JS,,,845.6,,,3,Asia/Shanghai,FALSE,1156302529
Wuliyingcun,Wuliyingcun,,43.3888,126.7888,China,CN,CHN,Jilin,Jilin,CN-JL,,,46.8,,,4,Asia/Shanghai,FALSE,1156094948
Maoyetan,Maoyetan,,26.8182,112.6154,China,CN,CHN,Hunan,Hunan,CN-HN,,,1013.7,,,3,Asia/Shanghai,FALSE,1156068542
Qiancheng’ergang,Qiancheng'ergang,,34.4728,114.4065,China,CN,CHN,Henan,Henan,CN-HA,,,1751.8,,,3,Asia/Shanghai,FALSE,1156204697
Fenghuang,Fenghuang,Fenghuanghu Nongchang,28.8001,112.3411,China,CN,CHN,Hunan,Hunan,CN-HN,,,422.9,,,3,Asia/Shanghai,FALSE,1156505804
Fenghuang,Fenghuang,,26.0878,112.5505,China,CN,CHN,Hunan,Hunan,CN-HN,,,196.0,,,4,Asia/Shanghai,TRUE,1156048874
Fenghuang,Fenghuang,,29.2523,109.8602,China,CN,CHN,Hunan,Hunan,CN-HN,,,121.5,,,4,Asia/Shanghai,TRUE,1156031477
Guanzhuang,Guanzhuang,,32.1229,119.4071,China,CN,CHN,Jiangsu,Jiangsu,CN-JS,,,1179.5,,,3,Asia/Shanghai,FALSE,1156869719
Guanzhuang,Guanzhuang,,33.5808,119.0732,China,CN,CHN,Jiangsu,Jiangsu,CN-JS,,,1092.2,,,3,Asia/Shanghai,TRUE,1156297973
Guanzhuang,Guanzhuang,,31.5981,119.0638,China,CN,CHN,Jiangsu,Jiangsu,CN-JS,,,971.2,,,3,Asia/Shanghai,TRUE,1156360623
Guanzhuang,Guanzhuang,,33.9039,118.5020,China,CN,CHN,Jiangsu,Jiangsu,CN-JS,,,732.7,,,3,Asia/Shanghai,TRUE,1156006933
Guanzhuang,Guanzhuang,,34.9332,119.1239,China,CN,CHN,Jiangsu,Jiangsu,CN-JS,,,729.7,,,3,Asia/Shanghai,TRUE,1156108602
Guanzhuang,Guanzhuang,,33.4034,119.1968,China,CN,CHN,Jiangsu,Jiangsu,CN-JS,,,627.4,,,3,Asia/Shanghai,TRUE,1156453054
Guanzhuang,Guanzhuang,,34.1250,119.1833,China,CN,CHN,Jiangsu,Jiangsu,CN-JS,,,492.1,,,3,Asia/Shanghai,TRUE,1156148744
Guanzhuang,Guanzhuang,,34.3499,118.6240,China,CN,CHN,Jiangsu,Jiangsu,CN-JS,,,463.4,,,3,Asia/Shanghai,TRUE,1156203311
Guanzhuang,Guanzhuang,,34.2333,118.4000,China,CN,CHN,Jiangsu,Jiangsu,CN-JS,,,431.0,,,3,Asia/Shanghai,TRUE,1156196031
Guanzhuang,Guanzhuang,,31.3596,119.4643,China,CN,CHN,Jiangsu,Jiangsu,CN-JS,,,418.2,,,3,Asia/Shanghai,TRUE,1156112784
Guanzhuang,Guanzhuang,,34.0231,119.5401,China,CN,CHN,Jiangsu,Jiangsu,CN-JS,,,326.6,,,3,Asia/Shanghai,TRUE,1156090314
Guanzhuang,Guanzhuang,,31.3736,119.2862,China,CN,CHN,Jiangsu,Jiangsu,CN-JS,,,323.0,,,3,Asia/Shanghai,TRUE,1156827255
Guanzhuang,Guanzhuang,,34.5560,118.4376,China,CN,CHN,Jiangsu,Jiangsu,CN-JS,,,316.4,,,3,Asia/Shanghai,TRUE,1156516561
Guanzhuang,Guanzhuang,,34.1679,120.2847,China,CN,CHN,Jiangsu,Jiangsu,CN-JS,,,274.7,,,3,Asia/Shanghai,TRUE,1156075093
Guanzhuang,Guanzhuang,,34.1775,117.5270,China,CN,CHN,Jiangsu,Jiangsu,CN-JS,,,269.2,,,3,Asia/Shanghai,TRUE,1156498937
Guanzhuang,Guanzhuang,,33.3374,119.3712,China,CN,CHN,Jiangsu,Jiangsu,CN-JS,,,207.8,,,3,Asia/Shanghai,TRUE,1156825802
Guanzhuang,Guanzhuang,Kuan-chuang,32.8986,118.4336,China,CN,CHN,Jiangsu,Jiangsu,CN-JS,,,156.7,,,4,Asia/Shanghai,TRUE,1156202974
Guanzhuang,Guanzhuang,,32.9300,119.6953,China,CN,CHN,Jiangsu,Jiangsu,CN-JS,,,144.8,,,4,Asia/Shanghai,TRUE,1156400666
Guanzhuang,Guanzhuang,,34.3778,118.3910,China,CN,CHN,Jiangsu,Jiangsu,CN-JS,,,9.4,,,5,Asia/Shanghai,TRUE,1156195573
Niugang,Niugang,,24.5557,110.2630,China,CN,CHN,Guangxi,Guangxi,CN-GX,,,49.6,,,4,Asia/Shanghai,FALSE,1156214603
Weijiashan,Weijiashan,,30.1867,102.8780,China,CN,CHN,Sichuan,Sichuan,CN-SC,,,247.6,,,3,Asia/Shanghai,FALSE,1156077139
Weijiashan,Weijiashan,,31.3212,104.0420,China,CN,CHN,Sichuan,Sichuan,CN-SC,,,221.6,,,3,Asia/Shanghai,TRUE,1156790868
Weijiashan,Weijiashan,,29.5608,104.2786,China,CN,CHN,Sichuan,Sichuan,CN-SC,,,205.4,,,3,Asia/Shanghai,TRUE,1156119835
Weijiashan,Weijiashan,,31.6898,106.6180,China,CN,CHN,Sichuan,Sichuan,CN-SC,,,180.0,,,4,Asia/Shanghai,TRUE,1156920241
Weijiashan,Weijiashan,,32.3856,104.6980,China,CN,CHN,Sichuan,Sichuan,CN-SC,,,24.1,,,4,Asia/Shanghai,TRUE,1156159122
Dong’an Houcun,Dong'an Houcun,,37.2290,122.1219,China,CN,CHN,Shandong,Shandong,CN-SD,,,310.0,,,3,Asia/Shanghai,FALSE,1156964930
Baitu Yicun,Baitu Yicun,,23.2193,112.3119,China,CN,CHN,Guangdong,Guangdong,CN-GD,,,421.7,,,3,Asia/Shanghai,FALSE,1156572344
Xieyihelacun Sanzu,Xieyihelacun Sanzu,,37.6243,76.7901,China,CN,CHN,Xinjiang,Xinjiang,CN-XJ,,,6.3,,,5,Asia/Shanghai,FALSE,1156554658
Sibu Xincun,Sibu Xincun,,22.5303,112.7646,China,CN,CHN,Guangdong,Guangdong,CN-GD,,,874.0,,,3,Asia/Shanghai,FALSE,1156108112
Songmutang,Songmutang,,26.9675,112.6182,China,CN,CHN,Hunan,Hunan,CN-HN,,,1525.7,,,3,Asia/Shanghai,FALSE,1156268663
Songmutang,Songmutang,,26.8126,111.8939,China,CN,CHN,Hunan,Hunan,CN-HN,,,663.4,,,3,Asia/Shanghai,TRUE,1156092124
Songmutang,Songmutang,,26.7551,112.1571,China,CN,CHN,Hunan,Hunan,CN-HN,,,589.0,,,3,Asia/Shanghai,TRUE,1156684618
Zhumushan,Zhumushan,,26.5402,101.8190,China,CN,CHN,Sichuan,Sichuan,CN-SC,,,1703.3,,,3,Asia/Shanghai,FALSE,1156572192
Xiazhuang,Xiazhuang,,32.2003,120.5040,China,CN,CHN,Jiangsu,Jiangsu,CN-JS,,,1842.3,,,3,Asia/Shanghai,FALSE,1156089452
Xiazhuang,Xiazhuang,,33.9534,119.5329,China,CN,CHN,Jiangsu,Jiangsu,CN-JS,,,1208.9,,,3,Asia/Shanghai,TRUE,1156978112
Xiazhuang,Xiazhuang,,32.0876,119.7680,China,CN,CHN,Jiangsu,Jiangsu,CN-JS,,,935.6,,,3,Asia/Shanghai,TRUE,1156730266
Xiazhuang,Xiazhuang,,33.8674,118.1340,China,CN,CHN,Jiangsu,Jiangsu,CN-JS,,,845.6,,,3,Asia/Shanghai,TRUE,1156298449
Xiazhuang,Xiazhuang,,32.2807,120.5491,China,CN,CHN,Jiangsu,Jiangsu,CN-JS,,,758.4,,,3,Asia/Shanghai,TRUE,1156782562
Xiazhuang,Xiazhuang,,33.8066,118.2620,China,CN,CHN,Jiangsu,Jiangsu,CN-JS,,,690.3,,,3,Asia/Shanghai,TRUE,1156745776
Xiazhuang,Xiazhuang,,32.4777,120.2022,China,CN,CHN,Jiangsu,Jiangsu,CN-JS,,,467.6,,,3,Asia/Shanghai,TRUE,1156286839
Xiazhuang,Xiazhuang,,33.4237,118.9050,China,CN,CHN,Jiangsu,Jiangsu,CN-JS,,,440.8,,,3,Asia/Shanghai,TRUE,1156222164
Xiazhuang,Xiazhuang,,34.1484,118.4250,China,CN,CHN,Jiangsu,Jiangsu,CN-JS,,,419.6,,,3,Asia/Shanghai,TRUE,1156797068
Xiazhuang,Xiazhuang,,31.6051,119.3601,China,CN,CHN,Jiangsu,Jiangsu,CN-JS,,,353.7,,,3,Asia/Shanghai,TRUE,1156529141
Xiazhuang,Xiazhuang,,33.3072,119.4750,China,CN,CHN,Jiangsu,Jiangsu,CN-JS,,,344.7,,,3,Asia/Shanghai,TRUE,1156160838
Xiazhuang,Xiazhuang,,31.2817,119.0913,China,CN,CHN,Jiangsu,Jiangsu,CN-JS,,,318.0,,,3,Asia/Shanghai,TRUE,1156608574
Xiazhuang,Xiazhuang,,33.1182,119.7096,China,CN,CHN,Jiangsu,Jiangsu,CN-JS,,,273.0,,,3,Asia/Shanghai,TRUE,1156467668
Xiazhuang,Xiazhuang,,32.8921,118.7108,China,CN,CHN,Jiangsu,Jiangsu,CN-JS,,,208.6,,,3,Asia/Shanghai,TRUE,1156761270
Xiazhuang,Xiazhuang,,33.1085,118.2480,China,CN,CHN,Jiangsu,Jiangsu,CN-JS,,,54.3,,,4,Asia/Shanghai,TRUE,1156027868
Shiliuchong,Shiliuchong,,25.9131,106.6100,China,CN,CHN,Guizhou,Guizhou,CN-GZ,,,79.9,,,4,Asia/Shanghai,FALSE,1156417665
Shiliuchong,Shiliuchong,,27.1590,107.9530,China,CN,CHN,Guizhou,Guizhou,CN-GZ,,,78.8,,,4,Asia/Shanghai,TRUE,1156162192
Xiaolongxumen,Xiaolongxumen,,40.6398,118.5490,China,CN,CHN,Hebei,Hebei,CN-HE,,,172.4,,,4,Asia/Shanghai,FALSE,1156184879
Shiliuchong,Shiliuchong,,23.0961,110.3080,China,CN,CHN,Guangxi,Guangxi,CN-GX,,,398.6,,,3,Asia/Shanghai,FALSE,1156872668
Dibeitou Wangjiacun,Dibeitou Wangjiacun,,37.4696,120.3083,China,CN,CHN,Shandong,Shandong,CN-SD,,,362.2,,,3,Asia/Shanghai,FALSE,1156483181
Xiaoguizhuang Linchang,Xiaoguizhuang Linchang,,33.5423,117.6735,China,CN,CHN,Anhui,Anhui,CN-AH,,,280.0,,,3,Asia/Shanghai,FALSE,1156836468
Neicunyuan,Neicunyuan,,20.3123,110.1761,China,CN,CHN,Guangdong,Guangdong,CN-GD,,,4306.1,,,2,Asia/Shanghai,FALSE,1156178357
Wucengling,Wucengling,,32.5201,104.4900,China,CN,CHN,Sichuan,Sichuan,CN-SC,,,3.7,,,5,Asia/Shanghai,FALSE,1156159117
Houyanchang,Houyanchang,,39.1466,122.0117,China,CN,CHN,Liaoning,Liaoning,CN-LN,,,345.2,,,3,Asia/Shanghai,FALSE,1156918020
Wenchanggecun,Wenchanggecun,,34.7565,115.6431,China,CN,CHN,Shandong,Shandong,CN-SD,,,803.7,,,3,Asia/Shanghai,FALSE,1156434635
Qianfeng Nongchang Dishisi Guanliqu,Qianfeng Nongchang Dishisi Guanliqu,,47.5975,134.0710,China,CN,CHN,Heilongjiang,Heilongjiang,CN-HL,,,20.2,,,4,Asia/Shanghai,FALSE,1156522612
Qianluozhuangcun,Qianluozhuangcun,,35.0423,118.0113,China,CN,CHN,Shandong,Shandong,CN-SD,,,392.0,,,3,Asia/Shanghai,FALSE,1156488620
Guoba,Guoba,,29.1366,90.5545,China,CN,CHN,Tibet,Tibet,CN-XZ,,,4.4,,,5,Asia/Shanghai,FALSE,1156039095
Guoba,Guoba,,28.3641,85.4548,China,CN,CHN,Tibet,Tibet,CN-XZ,,,4.3,,,5,Asia/Shanghai,TRUE,1156421661
Baijiajie,Baijiajie,,34.6797,108.6922,China,CN,CHN,Shaanxi,Shaanxi,CN-SN,,,420.6,,,3,Asia/Shanghai,FALSE,1156487095
Poka Airikecun,Poka Airikecun,,38.8395,76.0632,China,CN,CHN,Xinjiang,Xinjiang,CN-XJ,,,208.7,,,3,Asia/Shanghai,FALSE,1156205005
Yandan,Yandan,,22.7595,106.7990,China,CN,CHN,Guangxi,Guangxi,CN-GX,,,53.0,,,4,Asia/Shanghai,FALSE,1156224798
Yandan,Yandan,,24.9665,106.3320,China,CN,CHN,Guangxi,Guangxi,CN-GX,,,33.7,,,4,Asia/Shanghai,TRUE,1156346693
Xingwanggoucun,Xingwanggoucun,,40.6455,123.5441,China,CN,CHN,Liaoning,Liaoning,CN-LN,,,59.6,,,4,Asia/Shanghai,FALSE,1156340212
Liuhuacun,Liuhuacun,,24.1362,107.5841,China,CN,CHN,Guangxi,Guangxi,CN-GX,,,66.4,,,4,Asia/Shanghai,FALSE,1156501652
Zhaojia Yuanzi,Zhaojia Yuanzi,,27.0599,103.8740,China,CN,CHN,Guizhou,Guizhou,CN-GZ,,,241.9,,,3,Asia/Shanghai,FALSE,1156540812
Zhaojia Yuanzi,Zhaojia Yuanzi,,27.1630,104.4370,China,CN,CHN,Guizhou,Guizhou,CN-GZ,,,218.3,,,3,Asia/Shanghai,TRUE,1156464109
Zhaojia Yuanzi,Zhaojia Yuanzi,,27.0194,103.9240,China,CN,CHN,Guizhou,Guizhou,CN-GZ,,,201.0,,,3,Asia/Shanghai,TRUE,1156073605
Zhaojia Yuanzi,Zhaojia Yuanzi,,27.1270,104.0750,China,CN,CHN,Guizhou,Guizhou,CN-GZ,,,178.7,,,4,Asia/Shanghai,TRUE,1156045864
Zhaojia Yuanzi,Zhaojia Yuanzi,,26.7337,104.2040,China,CN,CHN,Guizhou,Guizhou,CN-GZ,,,149.6,,,4,Asia/Shanghai,TRUE,1156131523
Zhaojia Yuanzi,Zhaojia Yuanzi,,26.9245,103.8690,China,CN,CHN,Guizhou,Guizhou,CN-GZ,,,141.3,,,4,Asia/Shanghai,TRUE,1156417857
Zhaojia Yuanzi,Zhaojia Yuanzi,,26.9745,104.6820,China,CN,CHN,Guizhou,Guizhou,CN-GZ,,,136.6,,,4,Asia/Shanghai,TRUE,1156220972
Zhaojia Yuanzi,Zhaojia Yuanzi,,28.4186,107.7240,China,CN,CHN,Guizhou,Guizhou,CN-GZ,,,69.1,,,4,Asia/Shanghai,TRUE,1156043358
Huangshuiquan,Huangshuiquan,,34.6351,104.1150,China,CN,CHN,Gansu,Gansu,CN-GS,,,187.8,,,4,Asia/Shanghai,FALSE,1156306950
Huangshuiquan,Huangshuiquan,,39.5581,99.4797,China,CN,CHN,Gansu,Gansu,CN-GS,,,1.0,,,5,Asia/Shanghai,TRUE,1156015027
Longhui,Longhui,,26.0791,114.6928,China,CN,CHN,Jiangxi,Jiangxi,CN-JX,,,167.1,,,4,Asia/Shanghai,FALSE,1156249501
Longhui,Longhui,,26.8675,115.2371,China,CN,CHN,Jiangxi,Jiangxi,CN-JX,,,127.3,,,4,Asia/Shanghai,TRUE,1156021078
Longhui,Longhui,,27.5164,114.3088,China,CN,CHN,Jiangxi,Jiangxi,CN-JX,,,21.9,,,4,Asia/Shanghai,TRUE,1156905678
Hongluotun,Hongluotun,Hongluo,24.8008,106.8869,China,CN,CHN,Guangxi,Guangxi,CN-GX,,,21.1,,,4,Asia/Shanghai,FALSE,1156165467
Zengzituo,Zengzituo,,27.8180,108.2400,China,CN,CHN,Guizhou,Guizhou,CN-GZ,,,276.5,,,3,Asia/Shanghai,FALSE,1156820047
Yuanjiahe,Yuanjiahe,,25.9620,105.0480,China,CN,CHN,Guizhou,Guizhou,CN-GZ,,,145.1,,,4,Asia/Shanghai,FALSE,1156299700
Duchanggang,Duchanggang,,41.8984,122.5499,China,CN,CHN,Liaoning,Liaoning,CN-LN,,,194.6,,,4,Asia/Shanghai,FALSE,1156264638
Qinjiazhuang,Qinjiazhuang,,35.6435,106.9200,China,CN,CHN,Gansu,Gansu,CN-GS,,,164.9,,,4,Asia/Shanghai,FALSE,1156215072
Qinjiazhuang,Qinjiazhuang,,36.1124,108.4300,China,CN,CHN,Gansu,Gansu,CN-GS,,,5.6,,,5,Asia/Shanghai,TRUE,1156254183
Dongcaoyingcun,Dongcaoyingcun,,35.9437,115.6437,China,CN,CHN,Shandong,Shandong,CN-SD,,,880.8,,,3,Asia/Shanghai,FALSE,1156504145
Gejiapan,Gejiapan,,36.9657,110.4767,China,CN,CHN,Shanxi,Shanxi,CN-SX,,,140.7,,,4,Asia/Shanghai,FALSE,1156045416
Qixian,Qixian,,23.5205,108.0880,China,CN,CHN,Guangxi,Guangxi,CN-GX,,,234.2,,,3,Asia/Shanghai,FALSE,1156075813
Gutucun,Gutucun,,32.3317,119.8575,China,CN,CHN,Jiangsu,Jiangsu,CN-JS,,,1281.4,,,3,Asia/Shanghai,FALSE,1156357007
Miaocun,Miaocun,,31.0658,118.6487,China,CN,CHN,Anhui,Anhui,CN-AH,,,478.8,,,3,Asia/Shanghai,FALSE,1156021541
Miaocun,Miaocun,,31.6612,118.4242,China,CN,CHN,Anhui,Anhui,CN-AH,,,319.1,,,3,Asia/Shanghai,TRUE,1156424395
Miaocun,Miaocun,,30.9167,118.0500,China,CN,CHN,Anhui,Anhui,CN-AH,,,287.0,,,3,Asia/Shanghai,TRUE,1156016864
Miaocun,Miaocun,,30.9536,118.5185,China,CN,CHN,Anhui,Anhui,CN-AH,,,164.2,,,4,Asia/Shanghai,TRUE,1156798562
Duobingdong,Duobingdong,,23.7792,104.6300,China,CN,CHN,Yunnan,Yunnan,CN-YN,,,110.6,,,4,Asia/Shanghai,FALSE,1156047956
Jingding,Jingding,,22.9629,109.8970,China,CN,CHN,Guangxi,Guangxi,CN-GX,,,429.8,,,3,Asia/Shanghai,FALSE,1156200062
Xizhuangping,Xizhuangping,,27.9417,110.1044,China,CN,CHN,Hunan,Hunan,CN-HN,,,274.3,,,3,Asia/Shanghai,FALSE,1156229939
Dongsonglou,Dongsonglou,,35.7475,115.5692,China,CN,CHN,Henan,Henan,CN-HA,,,850.1,,,3,Asia/Shanghai,FALSE,1156427184
Jinyinbie,Jinyinbie,,42.8224,127.7164,China,CN,CHN,Jilin,Jilin,CN-JL,,,19.3,,,4,Asia/Shanghai,FALSE,1156088677
Dengjiatai,Dengjiatai,,30.6628,112.8963,China,CN,CHN,Hubei,Hubei,CN-HB,,,393.9,,,3,Asia/Shanghai,FALSE,1156097180
Dengjiatai,Dengjiatai,,30.0272,113.1476,China,CN,CHN,Hubei,Hubei,CN-HB,,,240.6,,,3,Asia/Shanghai,TRUE,1156395410
Dengjiatai,Dengjiatai,,30.3242,112.4615,China,CN,CHN,Hubei,Hubei,CN-HB,,,74.9,,,4,Asia/Shanghai,TRUE,1156016091
Dengjiatai,Dengjiatai,,30.0836,110.5424,China,CN,CHN,Hubei,Hubei,CN-HB,,,45.0,,,4,Asia/Shanghai,TRUE,1156574007
Qinhe,Qinhe,,31.7742,115.5869,China,CN,CHN,Henan,Henan,CN-HA,,,110.6,,,4,Asia/Shanghai,FALSE,1156420475
Xixingcun,Xixingcun,,43.3519,129.8093,China,CN,CHN,Jilin,Jilin,CN-JL,,,456.8,,,3,Asia/Shanghai,FALSE,1156296175
Xixingcun,Xixingcun,,43.9079,124.8834,China,CN,CHN,Jilin,Jilin,CN-JL,,,271.7,,,3,Asia/Shanghai,TRUE,1156673544
Xixingcun,Xixingcun,,42.5303,125.8933,China,CN,CHN,Jilin,Jilin,CN-JL,province,,145.4,,,4,Asia/Shanghai,TRUE,1156444698
Xixingcun,Xixingcun,,43.0427,129.5483,China,CN,CHN,Jilin,Jilin,CN-JL,,,79.5,,,4,Asia/Shanghai,TRUE,1156294753
Xixingcun,Xixingcun,,41.5131,127.2590,China,CN,CHN,Jilin,Jilin,CN-JL,,,77.4,,,4,Asia/Shanghai,TRUE,1156512203
Longyang,Longyang,,22.9113,102.5330,China,CN,CHN,Yunnan,Yunnan,CN-YN,,,94.7,,,4,Asia/Shanghai,FALSE,1156185144
Longyang,Longyang,,23.4284,105.6980,China,CN,CHN,Yunnan,Yunnan,CN-YN,,,72.4,,,4,Asia/Shanghai,TRUE,1156297216
Longyang,Longyang,,24.1017,105.9960,China,CN,CHN,Yunnan,Yunnan,CN-YN,,,49.7,,,4,Asia/Shanghai,TRUE,1156209929
Jiajiagong,Jiajiagong,,30.2522,98.8661,China,CN,CHN,Tibet,Tibet,CN-XZ,,,4.8,,,5,Asia/Shanghai,FALSE,1156108172
Daijia Citang,Daijia Citang,,30.4936,105.2588,China,CN,CHN,Sichuan,Sichuan,CN-SC,,,344.0,,,3,Asia/Shanghai,FALSE,1156083178
Wangjiabian,Wangjiabian,,26.8680,119.7012,China,CN,CHN,Fujian,Fujian,CN-FJ,,,316.9,,,3,Asia/Shanghai,FALSE,1156362934
Oubian,Oubian,,23.5554,117.0029,China,CN,CHN,Guangdong,Guangdong,CN-GD,,,1624.4,,,3,Asia/Shanghai,FALSE,1156130133
Xiejiapeng,Xiejiapeng,,31.5557,119.2725,China,CN,CHN,Jiangsu,Jiangsu,CN-JS,,,773.2,,,3,Asia/Shanghai,FALSE,1156092695
Shangpingling,Shangpingling,,24.6537,110.6460,China,CN,CHN,Guangxi,Guangxi,CN-GX,,,326.9,,,3,Asia/Shanghai,FALSE,1156000013
Laomuchang,Laomuchang,,31.6977,108.7869,China,CN,CHN,Chongqing,Chongqing,CN-CQ,,,39.2,,,4,Asia/Shanghai,FALSE,1156581809
Qiandushan,Qiandushan,,32.0138,119.8027,China,CN,CHN,Jiangsu,Jiangsu,CN-JS,,,757.3,,,3,Asia/Shanghai,FALSE,1156203278
Jinshui,Jinshui,,29.4975,103.8260,China,CN,CHN,Sichuan,Sichuan,CN-SC,,,766.5,,,3,Asia/Shanghai,FALSE,1156207552
Jinshui,Jinshui,,30.7171,106.1846,China,CN,CHN,Sichuan,Sichuan,CN-SC,,,332.7,,,3,Asia/Shanghai,TRUE,1156046522
Jinshui,Jinshui,,30.0768,104.5230,China,CN,CHN,Sichuan,Sichuan,CN-SC,,,269.5,,,3,Asia/Shanghai,TRUE,1156072122
Jinshui,Jinshui,,31.6698,105.3280,China,CN,CHN,Sichuan,Sichuan,CN-SC,,,59.9,,,4,Asia/Shanghai,TRUE,1156167029
Hemucun,Hemucun,,42.2594,122.1737,China,CN,CHN,Liaoning,Liaoning,CN-LN,,,129.7,,,4,Asia/Shanghai,FALSE,1156228774
Hemucun,Hemucun,,40.1681,123.8150,China,CN,CHN,Liaoning,Liaoning,CN-LN,,,96.6,,,4,Asia/Shanghai,TRUE,1156343772
Nanjinzhuangcun,Nanjinzhuangcun,,35.2441,115.6453,China,CN,CHN,Shandong,Shandong,CN-SD,,,523.6,,,3,Asia/Shanghai,FALSE,1156346605
Nanjinzhuangcun,Nanjinzhuangcun,,37.5281,116.6265,China,CN,CHN,Shandong,Shandong,CN-SD,,,408.2,,,3,Asia/Shanghai,TRUE,1156454673
Jinshui,Jinshui,Chin-shui|Chin-shui-ho-chieh,33.2689,107.8583,China,CN,CHN,Shaanxi,Shaanxi,CN-SN,,,103.2,,,4,Asia/Shanghai,FALSE,1156062963
Segezilekecun,Segezilekecun,,41.1310,82.7884,China,CN,CHN,Xinjiang,Xinjiang,CN-XJ,,,53.9,,,4,Asia/Shanghai,FALSE,1156578987
Segezilekecun,Segezilekecun,,36.3068,80.8486,China,CN,CHN,Xinjiang,Xinjiang,CN-XJ,,,2.8,,,5,Asia/Shanghai,TRUE,1156299976
Baxia,Baxia,,29.4030,100.8780,China,CN,CHN,Sichuan,Sichuan,CN-SC,,,7.7,,,5,Asia/Shanghai,FALSE,1156111901
Baxia,Baxia,,30.7853,101.0725,China,CN,CHN,Sichuan,Sichuan,CN-SC,,,3.8,,,5,Asia/Shanghai,TRUE,1156061623
Shenlingcun,Shenlingcun,Shenling,25.9432,117.9363,China,CN,CHN,Fujian,Fujian,CN-FJ,,,85.9,,,4,Asia/Shanghai,FALSE,1156657306
Guloucun,Guloucun,,31.0205,107.4762,China,CN,CHN,Sichuan,Sichuan,CN-SC,,,273.7,,,3,Asia/Shanghai,FALSE,1156566292
Jiaoji,Jiaoji,Chiao-chi|Chung-lu,31.3333,118.3333,China,CN,CHN,Anhui,Anhui,CN-AH,,,365.8,,,3,Asia/Shanghai,FALSE,1156064245
Banyatun,Banyatun,,22.2509,106.8516,China,CN,CHN,Guangxi,Guangxi,CN-GX,,,50.5,,,4,Asia/Shanghai,FALSE,1156453610
Guloucun,Guloucun,,34.9373,116.4409,China,CN,CHN,Shandong,Shandong,CN-SD,,,1041.3,,,3,Asia/Shanghai,FALSE,1156506931
Guloucun,Guloucun,,36.7576,116.7360,China,CN,CHN,Shandong,Shandong,CN-SD,,,677.9,,,3,Asia/Shanghai,TRUE,1156458686
Guloucun,Guloucun,,36.9075,122.3320,China,CN,CHN,Shandong,Shandong,CN-SD,,,570.9,,,3,Asia/Shanghai,TRUE,1156089539
Guloucun,Guloucun,,36.0721,116.4673,China,CN,CHN,Shandong,Shandong,CN-SD,,,444.8,,,3,Asia/Shanghai,TRUE,1156506930
Koumenwangloudongcun,Koumenwangloudongcun,,34.6349,115.9005,China,CN,CHN,Shandong,Shandong,CN-SD,,,533.7,,,3,Asia/Shanghai,FALSE,1156102708
Shihan,Shihan,Shih-han,19.0828,109.6450,China,CN,CHN,Hainan,Hainan,CN-HI,,,61.8,,,4,Asia/Shanghai,FALSE,1156308829
Xiaoganzha,Xiaoganzha,,25.1846,98.6438,China,CN,CHN,Yunnan,Yunnan,CN-YN,,,125.8,,,4,Asia/Shanghai,FALSE,1156090144
Zhaojiawancun,Zhaojiawancun,,37.6450,109.5752,China,CN,CHN,Shaanxi,Shaanxi,CN-SN,,,82.9,,,4,Asia/Shanghai,FALSE,1156511726
Zhaojiawancun,Zhaojiawancun,,33.5746,110.5385,China,CN,CHN,Shaanxi,Shaanxi,CN-SN,,,78.2,,,4,Asia/Shanghai,TRUE,1156388634
Buba,Buba,,23.5250,106.2300,China,CN,CHN,Guangxi,Guangxi,CN-GX,,,91.1,,,4,Asia/Shanghai,FALSE,1156105045
Qingtongxia Zhan,Qingtongxia Zhan,Ch’ing-t’ung-hsia-chan,37.8833,105.9000,China,CN,CHN,Ningxia,Ningxia,CN-NX,,,76.2,,,4,Asia/Shanghai,FALSE,1156030244
Guozhangzi,Guozhangzi,,40.7167,118.7833,China,CN,CHN,Hebei,Hebei,CN-HE,,,131.3,,,4,Asia/Shanghai,FALSE,1156433120
Dongjuxiang,Dongjuxiang,,32.1732,119.3327,China,CN,CHN,Jiangsu,Jiangsu,CN-JS,,,482.7,,,3,Asia/Shanghai,FALSE,1156160288
Shuiyuantou,Shuiyuantou,,25.5516,111.4818,China,CN,CHN,Hunan,Hunan,CN-HN,,,661.0,,,3,Asia/Shanghai,FALSE,1156477198
Shuiyuantou,Shuiyuantou,,25.5117,112.0725,China,CN,CHN,Hunan,Hunan,CN-HN,,,411.3,,,3,Asia/Shanghai,TRUE,1156631335
Shuiyuantou,Shuiyuantou,,25.4869,112.1999,China,CN,CHN,Hunan,Hunan,CN-HN,,,222.1,,,3,Asia/Shanghai,TRUE,1156946383
Shuiyuantou,Shuiyuantou,,25.1683,111.2141,China,CN,CHN,Hunan,Hunan,CN-HN,,,89.6,,,4,Asia/Shanghai,TRUE,1156630159
Juhongtu,Juhongtu,,37.8667,96.3333,China,CN,CHN,Qinghai,Qinghai,CN-QH,,,1.0,,,5,Asia/Shanghai,FALSE,1156566473
Xiaoligou,Xiaoligou,,32.7003,106.3512,China,CN,CHN,Shaanxi,Shaanxi,CN-SN,,,138.4,,,4,Asia/Shanghai,FALSE,1156441187
Xiaoligou,Xiaoligou,,37.0619,109.3562,China,CN,CHN,Shaanxi,Shaanxi,CN-SN,,,40.6,,,4,Asia/Shanghai,TRUE,1156133741
Shuiqingcun,Shuiqingcun,,21.4618,110.7935,China,CN,CHN,Guangdong,Guangdong,CN-GD,,,1790.0,,,3,Asia/Shanghai,FALSE,1156558012
Luomai,Luomai,,24.0887,110.0100,China,CN,CHN,Guangxi,Guangxi,CN-GX,,,191.4,,,4,Asia/Shanghai,FALSE,1156623271
Shibajiazicun,Shibajiazicun,,44.3799,125.2142,China,CN,CHN,Jilin,Jilin,CN-JL,,,376.4,,,3,Asia/Shanghai,FALSE,1156543126
Qingcuncun,Qingcuncun,,36.2793,110.5243,China,CN,CHN,Shanxi,Shanxi,CN-SX,,,35.5,,,4,Asia/Shanghai,FALSE,1156003408
Hejiecun,Hejiecun,,29.3757,120.0398,China,CN,CHN,Zhejiang,Zhejiang,CN-ZJ,,,1280.3,,,3,Asia/Shanghai,FALSE,1156399210
Dutangling,Dutangling,,25.8308,111.9633,China,CN,CHN,Hunan,Hunan,CN-HN,,,443.6,,,3,Asia/Shanghai,FALSE,1156705615
Dafenba,Dafenba,,29.9622,103.8480,China,CN,CHN,Sichuan,Sichuan,CN-SC,,,666.2,,,3,Asia/Shanghai,FALSE,1156279450
Dafenba,Dafenba,,30.5676,107.3640,China,CN,CHN,Sichuan,Sichuan,CN-SC,,,384.9,,,3,Asia/Shanghai,TRUE,1156182219
Dafenba,Dafenba,,29.3483,104.2451,China,CN,CHN,Sichuan,Sichuan,CN-SC,,,330.9,,,3,Asia/Shanghai,TRUE,1156189066
Dafenba,Dafenba,,29.5113,104.1000,China,CN,CHN,Sichuan,Sichuan,CN-SC,,,167.9,,,4,Asia/Shanghai,TRUE,1156304018
Shenjia,Shenjia,,40.0575,116.4554,China,CN,CHN,Beijing,Beijing,CN-BJ,,,1231.0,,,3,Asia/Shanghai,FALSE,1156858222
Jigedai Bagecun,Jigedai Bagecun,,41.0337,80.2000,China,CN,CHN,Xinjiang,Xinjiang,CN-XJ,,,207.7,,,3,Asia/Shanghai,FALSE,1156380298
Jigedai Bagecun,Jigedai Bagecun,,38.2903,77.2351,China,CN,CHN,Xinjiang,Xinjiang,CN-XJ,,,173.0,,,4,Asia/Shanghai,TRUE,1156126324
Jigedai Bagecun,Jigedai Bagecun,,41.2730,86.5753,China,CN,CHN,Xinjiang,Xinjiang,CN-XJ,,,1.2,,,5,Asia/Shanghai,TRUE,1156431327
Nanmeiping,Nanmeiping,,25.2618,117.4343,China,CN,CHN,Fujian,Fujian,CN-FJ,,,268.2,,,3,Asia/Shanghai,FALSE,1156537478
Qingcuncun,Qingcuncun,,35.2184,108.3990,China,CN,CHN,Shaanxi,Shaanxi,CN-SN,,,134.0,,,4,Asia/Shanghai,FALSE,1156647563
Honglian,Honglian,,31.7059,120.1073,China,CN,CHN,Jiangsu,Jiangsu,CN-JS,,,2547.6,,,2,Asia/Shanghai,FALSE,1156744513
Mamiancun,Mamiancun,,28.4996,121.1930,China,CN,CHN,Zhejiang,Zhejiang,CN-ZJ,,,2288.5,,,2,Asia/Shanghai,FALSE,1156386342
Xiaoligou,Xiaoligou,,39.3885,113.3733,China,CN,CHN,Shanxi,Shanxi,CN-SX,,,45.8,,,4,Asia/Shanghai,FALSE,1156093709
Datongcun,Datongcun,,34.3118,107.8764,China,CN,CHN,Shaanxi,Shaanxi,CN-SN,,,672.2,,,3,Asia/Shanghai,FALSE,1156326488
Datongcun,Datongcun,,33.3846,108.8125,China,CN,CHN,Shaanxi,Shaanxi,CN-SN,,,7.8,,,5,Asia/Shanghai,TRUE,1156609461
Datongcun,Datongcun,,35.7919,109.8191,China,CN,CHN,Shaanxi,Shaanxi,CN-SN,,,3.6,,,5,Asia/Shanghai,TRUE,1156686310
Dijiaomao,Dijiaomao,,39.4786,111.8786,China,CN,CHN,Shanxi,Shanxi,CN-SX,,,25.5,,,4,Asia/Shanghai,FALSE,1156269355
Wanchuncun,Wanchuncun,,30.6779,117.9197,China,CN,CHN,Anhui,Anhui,CN-AH,,,150.4,,,4,Asia/Shanghai,FALSE,1156866355
Chidong,Chidong,,21.5900,109.2040,China,CN,CHN,Guangxi,Guangxi,CN-GX,,,946.8,,,3,Asia/Shanghai,FALSE,1156128865
Datongcun,Datongcun,,31.6363,121.4744,China,CN,CHN,Shanghai,Shanghai,CN-SH,,,768.3,,,3,Asia/Shanghai,FALSE,1156483592
Aitai,Aitai,,36.7218,114.9830,China,CN,CHN,Hebei,Hebei,CN-HE,,,1086.6,,,3,Asia/Shanghai,FALSE,1156177569
Zhaojiaduan,Zhaojiaduan,,45.4474,122.8142,China,CN,CHN,Jilin,Jilin,CN-JL,,,61.4,,,4,Asia/Shanghai,FALSE,1156708158
Sihuozhuangcun,Sihuozhuangcun,,31.8797,119.8787,China,CN,CHN,Jiangsu,Jiangsu,CN-JS,,,737.6,,,3,Asia/Shanghai,FALSE,1156326562
Datongcun,Datongcun,,36.3931,120.4476,China,CN,CHN,Shandong,Shandong,CN-SD,,,4717.1,,,2,Asia/Shanghai,FALSE,1156483574
Yujialingcun,Yujialingcun,,40.2489,123.2550,China,CN,CHN,Liaoning,Liaoning,CN-LN,,,557.6,,,3,Asia/Shanghai,FALSE,1156347155
Bunai Xinzhai,Bunai Xinzhai,,25.2297,104.5670,China,CN,CHN,Yunnan,Yunnan,CN-YN,,,172.0,,,4,Asia/Shanghai,FALSE,1156818239
Jinzishan,Jinzishan,,29.0512,104.1340,China,CN,CHN,Sichuan,Sichuan,CN-SC,,,232.0,,,3,Asia/Shanghai,FALSE,1156051381
Jinzishan,Jinzishan,,29.7547,104.0350,China,CN,CHN,Sichuan,Sichuan,CN-SC,,,183.6,,,4,Asia/Shanghai,TRUE,1156644401
Jinzishan,Jinzishan,,32.1812,105.3264,China,CN,CHN,Sichuan,Sichuan,CN-SC,,,29.1,,,4,Asia/Shanghai,TRUE,1156266385
Jinzishan,Jinzishan,,32.2984,106.4338,China,CN,CHN,Sichuan,Sichuan,CN-SC,,,7.6,,,5,Asia/Shanghai,TRUE,1156689714
Chuanyuan,Chuanyuan,,27.7096,118.8667,China,CN,CHN,Fujian,Fujian,CN-FJ,,,109.3,,,4,Asia/Shanghai,FALSE,1156503844
Botun,Botun,,25.6491,105.0120,China,CN,CHN,Guizhou,Guizhou,CN-GZ,,,140.7,,,4,Asia/Shanghai,FALSE,1156659184
Liujialing,Liujialing,,36.5907,110.7622,China,CN,CHN,Shanxi,Shanxi,CN-SX,,,27.0,,,4,Asia/Shanghai,FALSE,1156497863
Liujialing,Liujialing,,38.1418,112.3150,China,CN,CHN,Shanxi,Shanxi,CN-SX,,,23.6,,,4,Asia/Shanghai,TRUE,1156041405
Niuyuanzi,Niuyuanzi,,30.6707,102.3905,China,CN,CHN,Sichuan,Sichuan,CN-SC,,,8.8,,,5,Asia/Shanghai,FALSE,1156216398
Jinka,Jinka,,31.1344,100.9540,China,CN,CHN,Sichuan,Sichuan,CN-SC,,,9.8,,,5,Asia/Shanghai,FALSE,1156179292
Mazucun,Mazucun,Ma-tsu-ao|Mazu,30.4274,122.3770,China,CN,CHN,Zhejiang,Zhejiang,CN-ZJ,,,802.8,,,3,Asia/Shanghai,FALSE,1156255393
Gouxi,Gouxi,,27.2488,109.3050,China,CN,CHN,Hunan,Hunan,CN-HN,,,85.8,,,4,Asia/Shanghai,FALSE,1156160032
Neihuangdou,Neihuangdou,,24.3844,117.4528,China,CN,CHN,Fujian,Fujian,CN-FJ,,,64.3,,,4,Asia/Shanghai,FALSE,1156218245
Weiliushecun,Weiliushecun,,38.1404,117.3295,China,CN,CHN,Hebei,Hebei,CN-HE,,,290.5,,,3,Asia/Shanghai,FALSE,1156525169
Haozidian,Haozidian,,33.0280,104.8872,China,CN,CHN,Gansu,Gansu,CN-GS,,,29.7,,,4,Asia/Shanghai,FALSE,1156170404
Huaguantun,Huaguantun,,24.9166,101.5850,China,CN,CHN,Yunnan,Yunnan,CN-YN,,,79.4,,,4,Asia/Shanghai,FALSE,1156097635
Xiadun,Xiadun,,23.9004,108.7710,China,CN,CHN,Guangxi,Guangxi,CN-GX,,,137.9,,,4,Asia/Shanghai,FALSE,1156999741
Xiadun,Xiadun,,24.0219,108.0070,China,CN,CHN,Guangxi,Guangxi,CN-GX,,,132.0,,,4,Asia/Shanghai,TRUE,1156804695
Xiadun,Xiadun,,36.9502,103.7080,China,CN,CHN,Gansu,Gansu,CN-GS,,,22.1,,,4,Asia/Shanghai,FALSE,1156226301
Zhuyouqing,Zhuyouqing,,26.0070,104.8550,China,CN,CHN,Guizhou,Guizhou,CN-GZ,,,127.1,,,4,Asia/Shanghai,FALSE,1156253495
Huomaluo,Huomaluo,,26.6433,105.1470,China,CN,CHN,Guangxi,Guangxi,CN-GX,,,260.2,,,3,Asia/Shanghai,FALSE,1156905738
Jieshitaicun,Jieshitaicun,,39.1894,114.2913,China,CN,CHN,Shanxi,Shanxi,CN-SX,,,69.2,,,4,Asia/Shanghai,FALSE,1156489797
Gaojiashui,Gaojiashui,,37.3611,105.2430,China,CN,CHN,Ningxia,Ningxia,CN-NX,,,126.1,,,4,Asia/Shanghai,FALSE,1156073443
Luolitang,Luolitang,,24.4294,115.1672,China,CN,CHN,Guangdong,Guangdong,CN-GD,,,177.2,,,4,Asia/Shanghai,FALSE,1156143323
Tanjiadun,Tanjiadun,,30.7058,120.1242,China,CN,CHN,Zhejiang,Zhejiang,CN-ZJ,,,558.6,,,3,Asia/Shanghai,FALSE,1156169915
Xiadun,Xiadun,,23.4388,115.6317,China,CN,CHN,Guangdong,Guangdong,CN-GD,,,252.6,,,3,Asia/Shanghai,FALSE,1156903464
Xiaojinsicun,Xiaojinsicun,,36.3489,115.6417,China,CN,CHN,Shandong,Shandong,CN-SD,,,927.7,,,3,Asia/Shanghai,FALSE,1156481387
Nanxiaoliucun,Nanxiaoliucun,,36.9045,116.4584,China,CN,CHN,Shandong,Shandong,CN-SD,,,921.3,,,3,Asia/Shanghai,FALSE,1156086913
Nanxiaoliucun,Nanxiaoliucun,,37.2154,117.6976,China,CN,CHN,Shandong,Shandong,CN-SD,,,484.6,,,3,Asia/Shanghai,TRUE,1156522963
Nanxiaoliucun,Nanxiaoliucun,,37.4335,117.4053,China,CN,CHN,Shandong,Shandong,CN-SD,,,399.8,,,3,Asia/Shanghai,TRUE,1156522962
Zhiniquan,Zhiniquan,,39.4840,111.9540,China,CN,CHN,Shanxi,Shanxi,CN-SX,,,34.7,,,4,Asia/Shanghai,FALSE,1156196628
Guojia,Guojia,,24.5045,110.0040,China,CN,CHN,Guangxi,Guangxi,CN-GX,,,205.0,,,3,Asia/Shanghai,FALSE,1156043699
Guojia,Guojia,,28.1982,107.1510,China,CN,CHN,Guizhou,Guizhou,CN-GZ,,,92.2,,,4,Asia/Shanghai,FALSE,1156495596
Anfutang,Anfutang,,26.9656,107.7640,China,CN,CHN,Guizhou,Guizhou,CN-GZ,,,166.0,,,4,Asia/Shanghai,FALSE,1156468355
Guangji,Guangji,,31.0048,121.5339,China,CN,CHN,Shanghai,Shanghai,CN-SH,,,2437.1,,,2,Asia/Shanghai,FALSE,1156276303
Tonggongwan,Tonggongwan,,25.6545,109.7580,China,CN,CHN,Guangxi,Guangxi,CN-GX,,,32.7,,,4,Asia/Shanghai,FALSE,1156538964
Bobo,Bobo,,23.4225,103.5530,China,CN,CHN,Yunnan,Yunnan,CN-YN,,,190.4,,,4,Asia/Shanghai,FALSE,1156975239
Guojia,Guojia,,34.2585,105.0990,China,CN,CHN,Gansu,Gansu,CN-GS,,,222.1,,,3,Asia/Shanghai,FALSE,1156827642
Guojia,Guojia,,35.2963,108.0100,China,CN,CHN,Gansu,Gansu,CN-GS,,,199.2,,,4,Asia/Shanghai,TRUE,1156685490
Guojia,Guojia,,35.3439,105.4786,China,CN,CHN,Gansu,Gansu,CN-GS,,,109.6,,,4,Asia/Shanghai,TRUE,1156433875
Guojia,Guojia,,32.9334,105.0058,China,CN,CHN,Gansu,Gansu,CN-GS,,,44.7,,,4,Asia/Shanghai,TRUE,1156523104
Guojia,Guojia,,39.6644,98.8494,China,CN,CHN,Gansu,Gansu,CN-GS,,,1.0,,,5,Asia/Shanghai,TRUE,1156023543
Xiaosanyimei,Xiaosanyimei,,41.2878,114.8375,China,CN,CHN,Hebei,Hebei,CN-HE,,,56.7,,,4,Asia/Shanghai,FALSE,1156871016
Shuangnian,Shuangnian,,35.7328,115.3624,China,CN,CHN,Henan,Henan,CN-HA,,,1229.5,,,3,Asia/Shanghai,FALSE,1156862744
Shenglin Shequ,Shenglin Shequ,,44.5936,129.6084,China,CN,CHN,Heilongjiang,Heilongjiang,CN-HL,,,5154.2,,,2,Asia/Shanghai,FALSE,1156493393