city,city_ascii,city_alt,lat,lng,country,iso2,iso3,admin_name,admin_name_ascii,admin_code,admin_type,capital,density,population,population_proper,ranking,timezone,same_name,id
Wangjiajie,Wangjiajie,,44.3268,127.8274,China,CN,CHN,Heilongjiang,Heilongjiang,CN-HL,,,17.2,,,4,Asia/Shanghai,TRUE,1156334619
Wangjiajie,Wangjiajie,,29.3705,109.8328,China,CN,CHN,Hunan,Hunan,CN-HN,,,84.4,,,4,Asia/Shanghai,FALSE,1156899652
Wangjiajie,Wangjiajie,,29.0056,110.5890,China,CN,CHN,Hunan,Hunan,CN-HN,,,49.4,,,4,Asia/Shanghai,TRUE,1156907482
Gabatuncun,Gabatuncun,,42.6968,123.3772,China,CN,CHN,Liaoning,Liaoning,CN-LN,,,253.0,,,3,Asia/Shanghai,FALSE,1156419259
Bolanggama,Bolanggama,,29.6989,94.6441,China,CN,CHN,Tibet,Tibet,CN-XZ,,,5.0,,,5,Asia/Shanghai,FALSE,1156251358
Xuanhuling,Xuanhuling,,31.6388,111.2541,China,CN,CHN,Hubei,Hubei,CN-HB,,,58.0,,,4,Asia/Shanghai,FALSE,1156046401
Dongnanliu,Dongnanliu,,34.3608,112.1889,China,CN,CHN,Henan,Henan,CN-HA,,,743.4,,,3,Asia/Shanghai,FALSE,1156092320
Chentancun,Chentancun,Chentan,26.7948,118.0456,China,CN,CHN,Fujian,Fujian,CN-FJ,,,91.8,,,4,Asia/Shanghai,FALSE,1156926656
Ganziba,Ganziba,,27.8080,107.9620,China,CN,CHN,Guizhou,Guizhou,CN-GZ,,,158.0,,,4,Asia/Shanghai,FALSE,1156197214
Wangjiajie,Wangjiajie,,30.2339,114.9961,China,CN,CHN,Hubei,Hubei,CN-HB,,,636.6,,,3,Asia/Shanghai,FALSE,1156902804
Xiapingzi,Xiapingzi,,26.3313,102.7150,China,CN,CHN,Sichuan,Sichuan,CN-SC,,,35.6,,,4,Asia/Shanghai,FALSE,1156397377
Laozhaicun,Laozhaicun,Laozhai,24.5337,105.5880,China,CN,CHN,Guangxi,Guangxi,CN-GX,,,89.0,,,4,Asia/Shanghai,FALSE,1156024676
Jinhua,Jinhua,,32.1722,109.0342,China,CN,CHN,Shaanxi,Shaanxi,CN-SN,,,80.9,,,4,Asia/Shanghai,FALSE,1156000087
Jinhua,Jinhua,,33.4445,106.5356,China,CN,CHN,Shaanxi,Shaanxi,CN-SN,,,11.8,,,4,Asia/Shanghai,TRUE,1156268031
Qingmazuo,Qingmazuo,,24.8413,100.0180,China,CN,CHN,Yunnan,Yunnan,CN-YN,,,88.9,,,4,Asia/Shanghai,FALSE,1156329908
Hanhuzigou,Hanhuzigou,,41.5249,119.7705,China,CN,CHN,Liaoning,Liaoning,CN-LN,,,84.7,,,4,Asia/Shanghai,FALSE,1156142971
Xingchuan,Xingchuan,,35.4096,104.5940,China,CN,CHN,Gansu,Gansu,CN-GS,,,87.4,,,4,Asia/Shanghai,FALSE,1156430914
Jinhua,Jinhua,,31.6548,106.7000,China,CN,CHN,Sichuan,Sichuan,CN-SC,,,1279.3,,,3,Asia/Shanghai,FALSE,1156415870
Jinhua,Jinhua,,30.9578,103.7170,China,CN,CHN,Sichuan,Sichuan,CN-SC,,,1215.5,,,3,Asia/Shanghai,TRUE,1156760518
Jinhua,Jinhua,,30.1718,103.5050,China,CN,CHN,Sichuan,Sichuan,CN-SC,,,1130.0,,,3,Asia/Shanghai,TRUE,1156006638
Jinhua,Jinhua,,30.3359,103.3040,China,CN,CHN,Sichuan,Sichuan,CN-SC,,,590.7,,,3,Asia/Shanghai,TRUE,1156512270
Jinhua,Jinhua,,30.4772,106.0350,China,CN,CHN,Sichuan,Sichuan,CN-SC,province,,309.5,,,3,Asia/Shanghai,TRUE,1156439606
Jinhua,Jinhua,,29.8507,103.7430,China,CN,CHN,Sichuan,Sichuan,CN-SC,,,279.5,,,3,Asia/Shanghai,TRUE,1156413646
Jinhua,Jinhua,,27.9486,106.2870,China,CN,CHN,Sichuan,Sichuan,CN-SC,,,261.8,,,3,Asia/Shanghai,TRUE,1156910329
Jinhua,Jinhua,,31.1902,104.8830,China,CN,CHN,Sichuan,Sichuan,CN-SC,,,249.0,,,3,Asia/Shanghai,TRUE,1156142719
Jinhua,Jinhua,,30.6344,107.3860,China,CN,CHN,Sichuan,Sichuan,CN-SC,,,213.4,,,3,Asia/Shanghai,TRUE,1156087389
Jinhua,Jinhua,,28.0429,105.3730,China,CN,CHN,Sichuan,Sichuan,CN-SC,,,185.1,,,4,Asia/Shanghai,TRUE,1156129685
Jinhua,Jinhua,,30.0773,103.2980,China,CN,CHN,Sichuan,Sichuan,CN-SC,,,167.9,,,4,Asia/Shanghai,TRUE,1156436665
Jinhua,Jinhua,,29.9296,102.9030,China,CN,CHN,Sichuan,Sichuan,CN-SC,,,158.8,,,4,Asia/Shanghai,TRUE,1156667195
Jinhua,Jinhua,,30.7601,106.6490,China,CN,CHN,Sichuan,Sichuan,CN-SC,,,128.3,,,4,Asia/Shanghai,TRUE,1156675732
Jinhua,Jinhua,,31.3448,104.0469,China,CN,CHN,Sichuan,Sichuan,CN-SC,,,122.4,,,4,Asia/Shanghai,TRUE,1156960108
Jinhua,Jinhua,,29.2295,104.1510,China,CN,CHN,Sichuan,Sichuan,CN-SC,,,107.9,,,4,Asia/Shanghai,TRUE,1156163809
Jinhua,Jinhua,,32.1073,106.0167,China,CN,CHN,Sichuan,Sichuan,CN-SC,,,79.0,,,4,Asia/Shanghai,TRUE,1156588143
Jinhua,Jinhua,,31.6518,108.2690,China,CN,CHN,Sichuan,Sichuan,CN-SC,,,69.8,,,4,Asia/Shanghai,TRUE,1156956384
Jinhua,Jinhua,,32.2407,105.8960,China,CN,CHN,Sichuan,Sichuan,CN-SC,,,60.5,,,4,Asia/Shanghai,TRUE,1156126631
Jinhua,Jinhua,,29.7966,102.2080,China,CN,CHN,Sichuan,Sichuan,CN-SC,,,43.8,,,4,Asia/Shanghai,TRUE,1156330325
Jinhua,Jinhua,,32.6565,105.6940,China,CN,CHN,Sichuan,Sichuan,CN-SC,,,27.7,,,4,Asia/Shanghai,TRUE,1156032736
Nankaoshancun,Nankaoshancun,,36.9947,122.0773,China,CN,CHN,Shandong,Shandong,CN-SD,,,275.2,,,3,Asia/Shanghai,FALSE,1156433479
Alitangka,Alitangka,Alitangga|Menshi Gongshe,31.1429,80.7103,China,CN,CHN,Tibet,Tibet,CN-XZ,,,0.8,,,5,Asia/Shanghai,FALSE,1156337752
Yundou,Yundou,,22.9754,110.6940,China,CN,CHN,Guangxi,Guangxi,CN-GX,,,118.8,,,4,Asia/Shanghai,FALSE,1156027344
Yundou,Yundou,,24.2846,105.6440,China,CN,CHN,Guangxi,Guangxi,CN-GX,,,45.1,,,4,Asia/Shanghai,TRUE,1156489850
Shuangyacun,Shuangyacun,,32.0018,116.4110,China,CN,CHN,Anhui,Anhui,CN-AH,,,297.5,,,3,Asia/Shanghai,FALSE,1156266283
Zhangnaoshan,Zhangnaoshan,,28.3823,114.9493,China,CN,CHN,Jiangxi,Jiangxi,CN-JX,,,147.8,,,4,Asia/Shanghai,FALSE,1156337396
Zhangnaoshan,Zhangnaoshan,,25.3142,115.9380,China,CN,CHN,Jiangxi,Jiangxi,CN-JX,,,59.7,,,4,Asia/Shanghai,TRUE,1156061314
Yanglangou,Yanglangou,,35.2124,106.6980,China,CN,CHN,Gansu,Gansu,CN-GS,,,74.6,,,4,Asia/Shanghai,FALSE,1156086792
Xieshita,Xieshita,,28.8705,105.8350,China,CN,CHN,Sichuan,Sichuan,CN-SC,,,688.4,,,3,Asia/Shanghai,FALSE,1156165364
Bazhu,Bazhu,,28.4153,101.6000,China,CN,CHN,Sichuan,Sichuan,CN-SC,,,12.5,,,4,Asia/Shanghai,FALSE,1156418364
Bazhu,Bazhu,,31.9336,103.6500,China,CN,CHN,Sichuan,Sichuan,CN-SC,,,9.1,,,5,Asia/Shanghai,TRUE,1156368627
Baizhutangtun,Baizhutangtun,Baizhutang,23.3373,110.2167,China,CN,CHN,Guangxi,Guangxi,CN-GX,,,394.4,,,3,Asia/Shanghai,FALSE,1156712989
Guojiahao,Guojiahao,,41.2874,109.9730,China,CN,CHN,Inner Mongolia,Inner Mongolia,CN-NM,,,22.1,,,4,Asia/Shanghai,FALSE,1156217821
Bawatun,Bawatun,Bawa,25.3254,107.4027,China,CN,CHN,Guangxi,Guangxi,CN-GX,,,47.1,,,4,Asia/Shanghai,FALSE,1156616930
Huanghuakeng,Huanghuakeng,,24.4270,116.2714,China,CN,CHN,Guangdong,Guangdong,CN-GD,,,107.3,,,4,Asia/Shanghai,FALSE,1156192967
Hatangcun,Hatangcun,Hatanggou,41.3113,125.7562,China,CN,CHN,Jilin,Jilin,CN-JL,,,110.8,,,4,Asia/Shanghai,FALSE,1156501198
Gaodasi Yicun,Gaodasi Yicun,,34.6387,118.2290,China,CN,CHN,Shandong,Shandong,CN-SD,,,1466.8,,,3,Asia/Shanghai,FALSE,1156250554
Cihutong,Cihutong,,34.3791,112.1040,China,CN,CHN,Henan,Henan,CN-HA,,,274.8,,,3,Asia/Shanghai,FALSE,1156381214
Shibei,Shibei,,23.4244,113.1665,China,CN,CHN,Guangdong,Guangdong,CN-GD,,,1349.5,,,3,Asia/Shanghai,FALSE,1156925562
Shibei,Shibei,,23.1774,112.9795,China,CN,CHN,Guangdong,Guangdong,CN-GD,,,1311.6,,,3,Asia/Shanghai,TRUE,1156580406
Shibei,Shibei,,23.4556,115.7514,China,CN,CHN,Guangdong,Guangdong,CN-GD,,,469.8,,,3,Asia/Shanghai,TRUE,1156919149
Shibei,Shibei,,22.1796,110.9501,China,CN,CHN,Guangdong,Guangdong,CN-GD,,,296.6,,,3,Asia/Shanghai,TRUE,1156192421
Shibei,Shibei,,24.5258,115.2819,China,CN,CHN,Guangdong,Guangdong,CN-GD,,,241.2,,,3,Asia/Shanghai,TRUE,1156298177
Shibei,Shibei,,24.1521,114.5924,China,CN,CHN,Guangdong,Guangdong,CN-GD,,,182.1,,,4,Asia/Shanghai,TRUE,1156007097
Shibei,Shibei,,23.7812,116.6313,China,CN,CHN,Guangdong,Guangdong,CN-GD,,,83.6,,,4,Asia/Shanghai,TRUE,1156517624
Dongzengcun,Dongzengcun,,41.1228,122.5138,China,CN,CHN,Liaoning,Liaoning,CN-LN,,,276.5,,,3,Asia/Shanghai,FALSE,1156036716
Wuqiu,Wuqiu,,22.9811,107.8930,China,CN,CHN,Guangxi,Guangxi,CN-GX,,,248.2,,,3,Asia/Shanghai,FALSE,1156842639
Dongwagou,Dongwagou,,27.8261,105.5290,China,CN,CHN,Sichuan,Sichuan,CN-SC,,,191.6,,,4,Asia/Shanghai,FALSE,1156158925
Xugou,Xugou,,29.4842,103.5040,China,CN,CHN,Sichuan,Sichuan,CN-SC,,,543.3,,,3,Asia/Shanghai,FALSE,1156124985
Xugou,Xugou,,30.1082,103.0690,China,CN,CHN,Sichuan,Sichuan,CN-SC,,,267.8,,,3,Asia/Shanghai,TRUE,1156833657
Tukengwei,Tukengwei,,25.5893,118.3295,China,CN,CHN,Fujian,Fujian,CN-FJ,,,47.2,,,4,Asia/Shanghai,FALSE,1156420532
Guweizui,Guweizui,,23.2917,111.6032,China,CN,CHN,Guangdong,Guangdong,CN-GD,,,208.4,,,3,Asia/Shanghai,FALSE,1156817397
Meixiongcun,Meixiongcun,,26.3289,118.7508,China,CN,CHN,Fujian,Fujian,CN-FJ,,,113.7,,,4,Asia/Shanghai,FALSE,1156450937
Dahehuachen,Dahehuachen,,32.4500,118.7870,China,CN,CHN,Jiangsu,Jiangsu,CN-JS,,,551.8,,,3,Asia/Shanghai,FALSE,1156567826
Shibei,Shibei,,22.2750,110.5690,China,CN,CHN,Guangxi,Guangxi,CN-GX,,,556.3,,,3,Asia/Shanghai,FALSE,1156273799
Shibei,Shibei,,22.1864,109.8730,China,CN,CHN,Guangxi,Guangxi,CN-GX,,,333.3,,,3,Asia/Shanghai,TRUE,1156352579
Shibei,Shibei,,22.6114,109.4290,China,CN,CHN,Guangxi,Guangxi,CN-GX,,,311.7,,,3,Asia/Shanghai,TRUE,1156473245
Shibei,Shibei,,22.3218,109.0240,China,CN,CHN,Guangxi,Guangxi,CN-GX,,,290.0,,,3,Asia/Shanghai,TRUE,1156094728
Shibei,Shibei,,22.8038,110.5960,China,CN,CHN,Guangxi,Guangxi,CN-GX,,,194.0,,,4,Asia/Shanghai,TRUE,1156058648
Shibei,Shibei,,24.5381,109.3320,China,CN,CHN,Guangxi,Guangxi,CN-GX,,,193.8,,,4,Asia/Shanghai,TRUE,1156248956
Shibei,Shibei,,23.6316,108.8470,China,CN,CHN,Guangxi,Guangxi,CN-GX,,,172.4,,,4,Asia/Shanghai,TRUE,1156178814
Shibei,Shibei,,23.8961,111.5470,China,CN,CHN,Guangxi,Guangxi,CN-GX,,,129.4,,,4,Asia/Shanghai,TRUE,1156850756
Shibei,Shibei,,25.7077,108.9240,China,CN,CHN,Guangxi,Guangxi,CN-GX,,,107.8,,,4,Asia/Shanghai,TRUE,1156343050
Ditamiao,Ditamiao,,41.3901,123.9394,China,CN,CHN,Liaoning,Liaoning,CN-LN,,,58.6,,,4,Asia/Shanghai,FALSE,1156887564
Chenjiagou,Chenjiagou,,47.7835,122.7425,China,CN,CHN,Inner Mongolia,Inner Mongolia,CN-NM,,,37.9,,,4,Asia/Shanghai,FALSE,1156385488
Chenjiagou,Chenjiagou,,47.8379,122.7378,China,CN,CHN,Inner Mongolia,Inner Mongolia,CN-NM,,,37.9,,,4,Asia/Shanghai,TRUE,1156530576
Chenjiagou,Chenjiagou,,41.8372,113.9886,China,CN,CHN,Inner Mongolia,Inner Mongolia,CN-NM,,,18.1,,,4,Asia/Shanghai,TRUE,1156908637
Hanwan,Hanwan,,33.6985,112.7327,China,CN,CHN,Henan,Henan,CN-HA,,,409.6,,,3,Asia/Shanghai,FALSE,1156664599
Hanwan,Hanwan,,32.1938,112.0301,China,CN,CHN,Hubei,Hubei,CN-HB,,,138.5,,,4,Asia/Shanghai,FALSE,1156585494
Shibei,Shibei,,38.0389,102.5900,China,CN,CHN,Gansu,Gansu,CN-GS,,,702.3,,,3,Asia/Shanghai,FALSE,1156759342
Shibei,Shibei,,34.0393,105.7636,China,CN,CHN,Gansu,Gansu,CN-GS,,,24.2,,,4,Asia/Shanghai,TRUE,1156128894
Shibei,Shibei,,33.9853,105.9900,China,CN,CHN,Gansu,Gansu,CN-GS,,,23.4,,,4,Asia/Shanghai,TRUE,1156102923
Lingtai,Lingtai,,33.0903,119.7344,China,CN,CHN,Jiangsu,Jiangsu,CN-JS,,,263.0,,,3,Asia/Shanghai,FALSE,1156861175
Xiacaojia,Xiacaojia,,28.7405,115.7384,China,CN,CHN,Jiangxi,Jiangxi,CN-JX,,,119.8,,,4,Asia/Shanghai,FALSE,1156664851
Liuka,Liuka,,24.1828,107.3540,China,CN,CHN,Guangxi,Guangxi,CN-GX,,,43.9,,,4,Asia/Shanghai,FALSE,1156271880
Chuchen,Chuchen,,32.1062,120.0802,China,CN,CHN,Jiangsu,Jiangsu,CN-JS,,,562.4,,,3,Asia/Shanghai,FALSE,1156553797
Xiaoyangliutun,Xiaoyangliutun,,41.4951,121.2100,China,CN,CHN,Liaoning,Liaoning,CN-LN,,,229.1,,,3,Asia/Shanghai,FALSE,1156346231
Guzaiyi Yangtake,Guzaiyi Yangtake,,37.8337,84.1291,China,CN,CHN,Xinjiang,Xinjiang,CN-XJ,,,0.8,,,5,Asia/Shanghai,FALSE,1156670396
Puchihe,Puchihe,,40.1642,117.9097,China,CN,CHN,Hebei,Hebei,CN-HE,,,553.6,,,3,Asia/Shanghai,FALSE,1156117251
Daximiao,Daximiao,,30.4151,119.4102,China,CN,CHN,Zhejiang,Zhejiang,CN-ZJ,,,87.3,,,4,Asia/Shanghai,FALSE,1156219957
Liushui,Liushui,,29.1927,106.1396,China,CN,CHN,Chongqing,Chongqing,CN-CQ,,,561.2,,,3,Asia/Shanghai,FALSE,1156595355
Liushui,Liushui,,29.8003,106.9255,China,CN,CHN,Chongqing,Chongqing,CN-CQ,,,435.9,,,3,Asia/Shanghai,TRUE,1156768068
Liushui,Liushui,,29.5439,105.8213,China,CN,CHN,Chongqing,Chongqing,CN-CQ,,,393.9,,,3,Asia/Shanghai,TRUE,1156890577
Liushui,Liushui,,30.0709,108.0213,China,CN,CHN,Chongqing,Chongqing,CN-CQ,,,148.7,,,4,Asia/Shanghai,TRUE,1156624651
Houhui,Houhui,,25.8794,108.0430,China,CN,CHN,Guizhou,Guizhou,CN-GZ,,,66.1,,,4,Asia/Shanghai,FALSE,1156311686
Xuexi,Xuexi,,41.0762,121.1335,China,CN,CHN,Liaoning,Liaoning,CN-LN,,,2517.7,,,2,Asia/Shanghai,FALSE,1156276469
Dongcuncun,Dongcuncun,Tung-ts’un|Dongcun,34.8970,110.7115,China,CN,CHN,Shanxi,Shanxi,CN-SX,,,287.4,,,3,Asia/Shanghai,FALSE,1156574696
Yongsheng,Yongsheng,,25.2097,118.6186,China,CN,CHN,Fujian,Fujian,CN-FJ,,,286.3,,,3,Asia/Shanghai,FALSE,1156213048
Chenxincun,Chenxincun,,31.9125,120.5219,China,CN,CHN,Jiangsu,Jiangsu,CN-JS,,,544.5,,,3,Asia/Shanghai,FALSE,1156091431
Dongsungen,Dongsungen,,21.7809,110.4956,China,CN,CHN,Guangdong,Guangdong,CN-GD,,,468.7,,,3,Asia/Shanghai,FALSE,1156196863
Guojinguo,Guojinguo,,29.9361,98.3091,China,CN,CHN,Tibet,Tibet,CN-XZ,,,9.3,,,5,Asia/Shanghai,FALSE,1156950271
Qingxiu,Qingxiu,,36.8312,112.7283,China,CN,CHN,Shanxi,Shanxi,CN-SX,,,156.9,,,4,Asia/Shanghai,FALSE,1156642844
Getai,Getai,,36.5257,112.0391,China,CN,CHN,Shanxi,Shanxi,CN-SX,,,82.4,,,4,Asia/Shanghai,FALSE,1156634813
Getai,Getai,,35.8741,112.7520,China,CN,CHN,Shanxi,Shanxi,CN-SX,,,50.6,,,4,Asia/Shanghai,TRUE,1156513500
Dalong’ao,Dalong'ao,,26.4385,108.1430,China,CN,CHN,Guizhou,Guizhou,CN-GZ,,,121.8,,,4,Asia/Shanghai,FALSE,1156178144
Huajiaoqing,Huajiaoqing,,26.8094,101.6187,China,CN,CHN,Sichuan,Sichuan,CN-SC,,,43.2,,,4,Asia/Shanghai,FALSE,1156236915
Maolipo,Maolipo,,26.2051,105.5860,China,CN,CHN,Guizhou,Guizhou,CN-GZ,,,234.7,,,3,Asia/Shanghai,FALSE,1156063082
Maolipo,Maolipo,,26.4219,106.4280,China,CN,CHN,Guizhou,Guizhou,CN-GZ,,,188.8,,,4,Asia/Shanghai,TRUE,1156346002
Maolipo,Maolipo,,26.0898,106.1670,China,CN,CHN,Guizhou,Guizhou,CN-GZ,,,124.4,,,4,Asia/Shanghai,TRUE,1156794403
Maolipo,Maolipo,,28.6614,108.5680,China,CN,CHN,Guizhou,Guizhou,CN-GZ,,,91.7,,,4,Asia/Shanghai,TRUE,1156231225
Maolipo,Maolipo,,27.0614,107.8650,China,CN,CHN,Guizhou,Guizhou,CN-GZ,,,61.0,,,4,Asia/Shanghai,TRUE,1156034498
Geliang Xicun,Geliang Xicun,,29.3022,99.0029,China,CN,CHN,Tibet,Tibet,CN-XZ,,,18.0,,,4,Asia/Shanghai,FALSE,1156848964
Huisa,Huisa,,23.4292,101.0380,China,CN,CHN,Yunnan,Yunnan,CN-YN,,,21.2,,,4,Asia/Shanghai,FALSE,1156166061
Ta’ertoucun,Ta'ertoucun,,37.1074,120.1958,China,CN,CHN,Shandong,Shandong,CN-SD,,,228.8,,,3,Asia/Shanghai,FALSE,1156873210
Mianhuachang,Mianhuachang,,25.5400,99.5693,China,CN,CHN,Yunnan,Yunnan,CN-YN,,,24.5,,,4,Asia/Shanghai,FALSE,1156712428
Getai,Getai,,35.5512,109.9703,China,CN,CHN,Shaanxi,Shaanxi,CN-SN,,,66.9,,,4,Asia/Shanghai,FALSE,1156244147
Getai,Getai,Ko-t’ai-chieh|Ko-t’ai-chen|Ko-t’ai|Getaijie,35.8150,110.0853,China,CN,CHN,Shaanxi,Shaanxi,CN-SN,,,6.8,,,4,Asia/Shanghai,TRUE,1156812142
Xuegancun,Xuegancun,,36.6015,110.8829,China,CN,CHN,Shanxi,Shanxi,CN-SX,,,52.6,,,4,Asia/Shanghai,FALSE,1156617859
Haixin,Haixin,,38.5412,117.3380,China,CN,CHN,Hebei,Hebei,CN-HE,,,184.6,,,4,Asia/Shanghai,FALSE,1156428029
Waiyanxi,Waiyanxi,,27.3234,116.2807,China,CN,CHN,Jiangxi,Jiangxi,CN-JX,,,68.9,,,4,Asia/Shanghai,FALSE,1156898956
Liuhezhai,Liuhezhai,,35.6186,115.1770,China,CN,CHN,Henan,Henan,CN-HA,,,936.2,,,3,Asia/Shanghai,FALSE,1156176353
Qiaotoucun,Qiaotoucun,,44.7309,85.7176,China,CN,CHN,Xinjiang,Xinjiang,CN-XJ,,,11.1,,,4,Asia/Shanghai,FALSE,1156341906
Getai,Getai,,27.7542,102.6096,China,CN,CHN,Sichuan,Sichuan,CN-SC,,,97.8,,,4,Asia/Shanghai,FALSE,1156534150
Jitoucun,Jitoucun,Jitou,25.7735,119.4371,China,CN,CHN,Fujian,Fujian,CN-FJ,,,788.0,,,3,Asia/Shanghai,FALSE,1156281075
Jitoucun,Jitoucun,Jitou,27.2419,119.8529,China,CN,CHN,Fujian,Fujian,CN-FJ,,,681.5,,,3,Asia/Shanghai,TRUE,1156803689
Jitoucun,Jitoucun,Jitou,26.7818,119.5208,China,CN,CHN,Fujian,Fujian,CN-FJ,,,262.5,,,3,Asia/Shanghai,TRUE,1156844278
Jitoucun,Jitoucun,Jitou,26.4769,119.6053,China,CN,CHN,Fujian,Fujian,CN-FJ,,,230.7,,,3,Asia/Shanghai,TRUE,1156813270
Jitoucun,Jitoucun,Jitou,26.2167,116.7842,China,CN,CHN,Fujian,Fujian,CN-FJ,,,215.6,,,3,Asia/Shanghai,TRUE,1156941600
Jitoucun,Jitoucun,,24.2923,117.0579,China,CN,CHN,Fujian,Fujian,CN-FJ,,,150.8,,,4,Asia/Shanghai,TRUE,1156429555
Jitoucun,Jitoucun,,25.2731,116.5564,China,CN,CHN,Fujian,Fujian,CN-FJ,,,136.3,,,4,Asia/Shanghai,TRUE,1156457097
Jitoucun,Jitoucun,Jitou,26.6748,118.7349,China,CN,CHN,Fujian,Fujian,CN-FJ,,,84.4,,,4,Asia/Shanghai,TRUE,1156560419
Jitoucun,Jitoucun,Jitou,25.8558,118.6042,China,CN,CHN,Fujian,Fujian,CN-FJ,,,77.5,,,4,Asia/Shanghai,TRUE,1156335083
Jitoucun,Jitoucun,Jitou,27.0610,119.2431,China,CN,CHN,Fujian,Fujian,CN-FJ,,,76.0,,,4,Asia/Shanghai,TRUE,1156095184
Jitoucun,Jitoucun,Jitou,27.2757,119.0835,China,CN,CHN,Fujian,Fujian,CN-FJ,,,68.7,,,4,Asia/Shanghai,TRUE,1156093094
Jitoucun,Jitoucun,Jitou,25.9846,118.0483,China,CN,CHN,Fujian,Fujian,CN-FJ,,,53.0,,,4,Asia/Shanghai,TRUE,1156143780
Jitoucun,Jitoucun,,27.4514,119.3799,China,CN,CHN,Fujian,Fujian,CN-FJ,,,50.0,,,4,Asia/Shanghai,TRUE,1156430535
Jitoucun,Jitoucun,Jitou,26.7546,118.0967,China,CN,CHN,Fujian,Fujian,CN-FJ,,,49.1,,,4,Asia/Shanghai,TRUE,1156199017
Jitoucun,Jitoucun,Jitou,25.8214,118.2860,China,CN,CHN,Fujian,Fujian,CN-FJ,,,14.2,,,4,Asia/Shanghai,TRUE,1156190135
Dashiyaocun,Dashiyaocun,,40.8221,116.4554,China,CN,CHN,Beijing,Beijing,CN-BJ,,,24.8,,,4,Asia/Shanghai,FALSE,1156043635
Shuitun,Shuitun,,23.6424,106.1580,China,CN,CHN,Guangxi,Guangxi,CN-GX,,,49.4,,,4,Asia/Shanghai,FALSE,1156190266
Guihuaping,Guihuaping,,32.1736,110.6964,China,CN,CHN,Hubei,Hubei,CN-HB,,,287.5,,,3,Asia/Shanghai,FALSE,1156287658
Guihuaping,Guihuaping,,30.4523,108.7238,China,CN,CHN,Hubei,Hubei,CN-HB,,,155.0,,,4,Asia/Shanghai,TRUE,1156803247
Guihuaping,Guihuaping,,31.2096,110.2311,China,CN,CHN,Hubei,Hubei,CN-HB,,,70.1,,,4,Asia/Shanghai,TRUE,1156280768
Guihuaping,Guihuaping,,30.8214,110.3525,China,CN,CHN,Hubei,Hubei,CN-HB,,,50.6,,,4,Asia/Shanghai,TRUE,1156335177
Shangmuping,Shangmuping,,29.6380,107.9670,China,CN,CHN,Chongqing,Chongqing,CN-CQ,,,28.4,,,4,Asia/Shanghai,FALSE,1156147506
Tangjia,Tangjia,,41.0211,125.7792,China,CN,CHN,Jilin,Jilin,CN-JL,,,24.0,,,4,Asia/Shanghai,FALSE,1156753794
Baoyue’an,Baoyue'an,,29.3780,110.3714,China,CN,CHN,Hunan,Hunan,CN-HN,,,76.5,,,4,Asia/Shanghai,FALSE,1156725244
Liujia Yetuancun,Liujia Yetuancun,,35.1170,118.8438,China,CN,CHN,Shandong,Shandong,CN-SD,,,440.3,,,3,Asia/Shanghai,FALSE,1156478257
Yongkangtun,Yongkangtun,,45.5631,126.0134,China,CN,CHN,Heilongjiang,Heilongjiang,CN-HL,,,144.5,,,4,Asia/Shanghai,FALSE,1156310227
Longwangji,Longwangji,,32.5500,115.5667,China,CN,CHN,Anhui,Anhui,CN-AH,,,349.5,,,3,Asia/Shanghai,FALSE,1156066493
Tangjia,Tangjia,,33.6509,119.0105,China,CN,CHN,Jiangsu,Jiangsu,CN-JS,,,9067.1,,,2,Asia/Shanghai,FALSE,1156574366
Tangjia,Tangjia,,31.3907,120.6159,China,CN,CHN,Jiangsu,Jiangsu,CN-JS,,,5435.8,,,2,Asia/Shanghai,TRUE,1156372096
Tangjia,Tangjia,,31.7821,119.8999,China,CN,CHN,Jiangsu,Jiangsu,CN-JS,,,4115.2,,,2,Asia/Shanghai,TRUE,1156495602
Tangjia,Tangjia,,31.8279,119.8837,China,CN,CHN,Jiangsu,Jiangsu,CN-JS,,,2373.4,,,2,Asia/Shanghai,TRUE,1156399079
Tangjia,Tangjia,,32.0855,119.7935,China,CN,CHN,Jiangsu,Jiangsu,CN-JS,,,1673.7,,,3,Asia/Shanghai,TRUE,1156083415
Tangjia,Tangjia,,32.0971,119.7285,China,CN,CHN,Jiangsu,Jiangsu,CN-JS,,,935.6,,,3,Asia/Shanghai,TRUE,1156042058
Tangjia,Tangjia,,32.0342,119.8235,China,CN,CHN,Jiangsu,Jiangsu,CN-JS,,,757.3,,,3,Asia/Shanghai,TRUE,1156257425
Tangjia,Tangjia,Tang-chia-chen|Tangjiazhen,31.8819,121.3339,China,CN,CHN,Jiangsu,Jiangsu,CN-JS,,,331.2,,,3,Asia/Shanghai,TRUE,1156384969
Tangjia,Tangjia,,34.6448,118.0060,China,CN,CHN,Jiangsu,Jiangsu,CN-JS,,,326.1,,,3,Asia/Shanghai,TRUE,1156813174
Tianxinzhai,Tianxinzhai,,22.3186,111.6958,China,CN,CHN,Guangdong,Guangdong,CN-GD,,,90.4,,,4,Asia/Shanghai,FALSE,1156021289
Cuijiazui,Cuijiazui,,30.7285,111.8062,China,CN,CHN,Hubei,Hubei,CN-HB,,,165.6,,,4,Asia/Shanghai,FALSE,1156693214
Cuijiazui,Cuijiazui,,31.0466,112.8658,China,CN,CHN,Hubei,Hubei,CN-HB,,,77.4,,,4,Asia/Shanghai,TRUE,1156169598
Tangjia,Tangjia,,28.4492,117.9368,China,CN,CHN,Jiangxi,Jiangxi,CN-JX,,,8626.2,,,2,Asia/Shanghai,FALSE,1156024812
Tangjia,Tangjia,,28.7996,116.1377,China,CN,CHN,Jiangxi,Jiangxi,CN-JX,,,290.1,,,3,Asia/Shanghai,TRUE,1156507131
Tangjia,Tangjia,,29.2345,115.6961,China,CN,CHN,Jiangxi,Jiangxi,CN-JX,,,219.0,,,3,Asia/Shanghai,TRUE,1156260492
Tangjia,Tangjia,,27.6417,116.2281,China,CN,CHN,Jiangxi,Jiangxi,CN-JX,,,174.5,,,4,Asia/Shanghai,TRUE,1156899687
Tangjia,Tangjia,,28.0500,116.9176,China,CN,CHN,Jiangxi,Jiangxi,CN-JX,,,160.3,,,4,Asia/Shanghai,TRUE,1156066362
Tangjia,Tangjia,,27.7678,116.3189,China,CN,CHN,Jiangxi,Jiangxi,CN-JX,,,138.1,,,4,Asia/Shanghai,TRUE,1156055182
Tangjia,Tangjia,,28.5396,114.3364,China,CN,CHN,Jiangxi,Jiangxi,CN-JX,,,132.4,,,4,Asia/Shanghai,TRUE,1156320416
Tangjia,Tangjia,,28.5514,115.1308,China,CN,CHN,Jiangxi,Jiangxi,CN-JX,,,92.7,,,4,Asia/Shanghai,TRUE,1156205779
Tangjia,Tangjia,,29.3441,114.9540,China,CN,CHN,Jiangxi,Jiangxi,CN-JX,,,39.5,,,4,Asia/Shanghai,TRUE,1156547841
Tangjia,Tangjia,,27.9425,117.4047,China,CN,CHN,Jiangxi,Jiangxi,CN-JX,,,4.9,,,5,Asia/Shanghai,TRUE,1156281347
Yueqingcun,Yueqingcun,,33.4767,120.1977,China,CN,CHN,Jiangsu,Jiangsu,CN-JS,,,531.9,,,3,Asia/Shanghai,FALSE,1156362992
Sangongcun,Sangongcun,,31.0024,117.5624,China,CN,CHN,Anhui,Anhui,CN-AH,,,294.2,,,3,Asia/Shanghai,FALSE,1156569112
Fengjialaoyuan,Fengjialaoyuan,,30.4873,112.1752,China,CN,CHN,Hubei,Hubei,CN-HB,,,337.9,,,3,Asia/Shanghai,FALSE,1156794142
Qianxi,Qianxi,,26.3089,108.8580,China,CN,CHN,Guizhou,Guizhou,CN-GZ,,,59.2,,,4,Asia/Shanghai,TRUE,1156359193
Yihe Nuo’er,Yihe Nuo'er,,49.4473,117.1767,China,CN,CHN,Inner Mongolia,Inner Mongolia,CN-NM,,,3.7,,,5,Asia/Shanghai,FALSE,1156009116
Yangjiaxicun,Yangjiaxicun,Yangjiaxi,27.0233,120.1192,China,CN,CHN,Fujian,Fujian,CN-FJ,,,68.2,,,4,Asia/Shanghai,FALSE,1156846164
Huakouzhai,Huakouzhai,,26.7387,106.2240,China,CN,CHN,Guizhou,Guizhou,CN-GZ,,,268.8,,,3,Asia/Shanghai,FALSE,1156428094
Huakouzhai,Huakouzhai,,26.9506,105.8780,China,CN,CHN,Guizhou,Guizhou,CN-GZ,,,177.0,,,4,Asia/Shanghai,TRUE,1156565801
Donghujie,Donghujie,,39.4248,112.0847,China,CN,CHN,Shanxi,Shanxi,CN-SX,,,14.6,,,4,Asia/Shanghai,FALSE,1156586235
Xianglushan,Xianglushan,,27.6431,108.2430,China,CN,CHN,Guizhou,Guizhou,CN-GZ,,,118.8,,,4,Asia/Shanghai,FALSE,1156340200
Xianglushan,Xianglushan,,27.2511,108.2280,China,CN,CHN,Guizhou,Guizhou,CN-GZ,,,22.6,,,4,Asia/Shanghai,TRUE,1156079244
Xianglushan,Xianglushan,,24.7410,111.8780,China,CN,CHN,Guangxi,Guangxi,CN-GX,,,194.8,,,4,Asia/Shanghai,FALSE,1156583871
Xianglushan,Xianglushan,,25.6827,110.5740,China,CN,CHN,Guangxi,Guangxi,CN-GX,,,85.8,,,4,Asia/Shanghai,TRUE,1156026534
Taobaigou,Taobaigou,,40.0572,112.9170,China,CN,CHN,Shanxi,Shanxi,CN-SX,,,121.7,,,4,Asia/Shanghai,FALSE,1156172883
Niulanwu,Niulanwu,,23.8567,114.9746,China,CN,CHN,Guangdong,Guangdong,CN-GD,,,152.8,,,4,Asia/Shanghai,FALSE,1156201377
Zhuhuntun,Zhuhuntun,Zhuhun,22.1040,107.1654,China,CN,CHN,Guangxi,Guangxi,CN-GX,,,163.3,,,4,Asia/Shanghai,FALSE,1156247602
Dongbeihecun,Dongbeihecun,,36.8618,122.2030,China,CN,CHN,Shandong,Shandong,CN-SD,,,570.9,,,3,Asia/Shanghai,FALSE,1156432409
Dongbeihecun,Dongbeihecun,,37.0907,118.8465,China,CN,CHN,Shandong,Shandong,CN-SD,,,508.7,,,3,Asia/Shanghai,TRUE,1156421411
Xiangdui,Xiangdui,,29.6778,94.7775,China,CN,CHN,Tibet,Tibet,CN-XZ,,,5.0,,,5,Asia/Shanghai,FALSE,1156263576
Xiangdui,Xiangdui,,30.0022,97.2905,China,CN,CHN,Tibet,Tibet,CN-XZ,,,4.2,,,5,Asia/Shanghai,TRUE,1156245621
Xiangdui,Xiangdui,,31.2920,91.5541,China,CN,CHN,Tibet,Tibet,CN-XZ,,,3.8,,,5,Asia/Shanghai,TRUE,1156976726
Bajiahucun,Bajiahucun,,45.3662,124.6494,China,CN,CHN,Jilin,Jilin,CN-JL,,,147.5,,,4,Asia/Shanghai,FALSE,1156087155
Nanshanzhai,Nanshanzhai,,22.3715,111.6632,China,CN,CHN,Guangdong,Guangdong,CN-GD,,,74.7,,,4,Asia/Shanghai,FALSE,1156392445
Shuikujie,Shuikujie,,41.9012,124.0825,China,CN,CHN,Liaoning,Liaoning,CN-LN,,,859.3,,,3,Asia/Shanghai,FALSE,1156270596
Jianglaozhuang,Jianglaozhuang,,32.9427,113.6058,China,CN,CHN,Henan,Henan,CN-HA,,,362.2,,,3,Asia/Shanghai,FALSE,1156856948
Jianglaozhuang,Jianglaozhuang,,32.8974,112.2291,China,CN,CHN,Henan,Henan,CN-HA,,,238.6,,,3,Asia/Shanghai,TRUE,1156613327
Wobuyingzi,Wobuyingzi,Wobaoyingzi,41.7620,121.3165,China,CN,CHN,Liaoning,Liaoning,CN-LN,,,234.6,,,3,Asia/Shanghai,FALSE,1156055113
Guoqitan,Guoqitan,,27.8284,117.0514,China,CN,CHN,Jiangxi,Jiangxi,CN-JX,,,95.1,,,4,Asia/Shanghai,FALSE,1156232437
Chuandi,Chuandi,,34.2992,105.4490,China,CN,CHN,Gansu,Gansu,CN-GS,,,227.1,,,3,Asia/Shanghai,FALSE,1156081450
Donghuicun,Donghuicun,Donghui,32.7093,119.6701,China,CN,CHN,Jiangsu,Jiangsu,CN-JS,,,441.8,,,3,Asia/Shanghai,FALSE,1156230996
Rongmutangcun,Rongmutangcun,,21.8689,111.1631,China,CN,CHN,Guangdong,Guangdong,CN-GD,,,378.9,,,3,Asia/Shanghai,FALSE,1156577213
Zhuping,Zhuping,,26.8383,116.5584,China,CN,CHN,Fujian,Fujian,CN-FJ,,,51.7,,,4,Asia/Shanghai,FALSE,1156445227
Zhuping,Zhuping,,26.7706,118.1157,China,CN,CHN,Fujian,Fujian,CN-FJ,,,49.1,,,4,Asia/Shanghai,TRUE,1156895098
Daguangli,Daguangli,,39.8760,123.2880,China,CN,CHN,Liaoning,Liaoning,CN-LN,,,196.5,,,4,Asia/Shanghai,FALSE,1156354105
Daku,Daku,,29.9809,120.8724,China,CN,CHN,Zhejiang,Zhejiang,CN-ZJ,,,911.1,,,3,Asia/Shanghai,FALSE,1156077839
Wanglongcun,Wanglongcun,,44.3025,124.9636,China,CN,CHN,Jilin,Jilin,CN-JL,,,138.8,,,4,Asia/Shanghai,FALSE,1156557069
Jiaomuniu,Jiaomuniu,,31.4507,102.0570,China,CN,CHN,Sichuan,Sichuan,CN-SC,,,79.4,,,4,Asia/Shanghai,FALSE,1156125541
Mogou,Mogou,,34.5366,113.1122,China,CN,CHN,Henan,Henan,CN-HA,,,434.5,,,3,Asia/Shanghai,FALSE,1156734511
Mogou,Mogou,,33.4077,112.9386,China,CN,CHN,Henan,Henan,CN-HA,,,153.6,,,4,Asia/Shanghai,TRUE,1156035640
Mogou,Mogou,,34.0902,111.7994,China,CN,CHN,Henan,Henan,CN-HA,,,145.2,,,4,Asia/Shanghai,TRUE,1156226006
Mogou,Mogou,,33.6912,111.2738,China,CN,CHN,Henan,Henan,CN-HA,,,77.5,,,4,Asia/Shanghai,TRUE,1156842745
Mogou,Mogou,,33.3360,112.1027,China,CN,CHN,Henan,Henan,CN-HA,,,40.3,,,4,Asia/Shanghai,TRUE,1156185547
Taqian,Taqian,,32.9031,112.9684,China,CN,CHN,Henan,Henan,CN-HA,,,420.8,,,3,Asia/Shanghai,FALSE,1156416735
Wangping,Wangping,,27.6631,113.4074,China,CN,CHN,Hunan,Hunan,CN-HN,,,247.7,,,3,Asia/Shanghai,FALSE,1156319121
Wangping,Wangping,,28.9155,113.6017,China,CN,CHN,Hunan,Hunan,CN-HN,,,149.0,,,4,Asia/Shanghai,TRUE,1156847467
Baitiancun,Baitiancun,,23.1355,111.5217,China,CN,CHN,Guangdong,Guangdong,CN-GD,,,313.3,,,3,Asia/Shanghai,FALSE,1156559688
Gaoqi,Gaoqi,,24.4809,116.0491,China,CN,CHN,Guangdong,Guangdong,CN-GD,,,289.0,,,3,Asia/Shanghai,FALSE,1156098218
Gaoqi,Gaoqi,Gaoshe,24.0788,116.4071,China,CN,CHN,Guangdong,Guangdong,CN-GD,,,47.7,,,4,Asia/Shanghai,TRUE,1156001215
Wantouwu,Wantouwu,,29.0196,113.4341,China,CN,CHN,Hunan,Hunan,CN-HN,,,242.9,,,3,Asia/Shanghai,FALSE,1156784030
Bahao Qingniandian,Bahao Qingniandian,,49.3109,120.8733,China,CN,CHN,Inner Mongolia,Inner Mongolia,CN-NM,,,11.5,,,4,Asia/Shanghai,FALSE,1156473530
Yuanshui,Yuanshui,,18.8524,110.3450,China,CN,CHN,Hainan,Hainan,CN-HI,,,537.1,,,3,Asia/Shanghai,FALSE,1156225494
Geyangcun,Geyangcun,,33.1275,120.1215,China,CN,CHN,Jiangsu,Jiangsu,CN-JS,,,359.6,,,3,Asia/Shanghai,FALSE,1156365749
Charuo,Charuo,,30.2520,87.3234,China,CN,CHN,Tibet,Tibet,CN-XZ,,,1.4,,,5,Asia/Shanghai,FALSE,1156931914
Charuo,Charuo,,29.6894,87.8092,China,CN,CHN,Tibet,Tibet,CN-XZ,,,1.3,,,5,Asia/Shanghai,TRUE,1156250865
Gaoqi,Gaoqi,,35.4266,105.8748,China,CN,CHN,Gansu,Gansu,CN-GS,,,353.9,,,3,Asia/Shanghai,FALSE,1156308696
Nongmu,Nongmu,,23.8638,107.8510,China,CN,CHN,Guangxi,Guangxi,CN-GX,,,89.1,,,4,Asia/Shanghai,FALSE,1156813185
Nongmu,Nongmu,,23.9634,107.7910,China,CN,CHN,Guangxi,Guangxi,CN-GX,,,83.7,,,4,Asia/Shanghai,TRUE,1156175418
Nongmu,Nongmu,,24.4562,107.1310,China,CN,CHN,Guangxi,Guangxi,CN-GX,,,44.0,,,4,Asia/Shanghai,TRUE,1156773741
Chenghuang Shequ,Chenghuang Shequ,,22.6059,109.7386,China,CN,CHN,Guangxi,Guangxi,CN-GX,,,274.1,,,3,Asia/Shanghai,FALSE,1156516003
Lütaicun,Lutaicun,,34.2363,117.7817,China,CN,CHN,Jiangsu,Jiangsu,CN-JS,,,489.7,,,3,Asia/Shanghai,FALSE,1156299954
Lutaicun,Lutaicun,Lutai,34.0951,117.4115,China,CN,CHN,Jiangsu,Jiangsu,CN-JS,,,235.5,,,3,Asia/Shanghai,TRUE,1156174199
Laozhuang,Laozhuang,,34.9186,109.7204,China,CN,CHN,Shaanxi,Shaanxi,CN-SN,,,309.6,,,3,Asia/Shanghai,FALSE,1156692651
Laozhuang,Laozhuang,,34.7147,108.7886,China,CN,CHN,Shaanxi,Shaanxi,CN-SN,,,309.4,,,3,Asia/Shanghai,TRUE,1156518475
Laozhuang,Laozhuang,,33.2606,106.6893,China,CN,CHN,Shaanxi,Shaanxi,CN-SN,,,276.0,,,3,Asia/Shanghai,TRUE,1156552075
Laozhuang,Laozhuang,,34.4831,107.0296,China,CN,CHN,Shaanxi,Shaanxi,CN-SN,,,222.6,,,3,Asia/Shanghai,TRUE,1156768550
Laozhuang,Laozhuang,,34.2013,107.4382,China,CN,CHN,Shaanxi,Shaanxi,CN-SN,,,210.1,,,3,Asia/Shanghai,TRUE,1156372208
Laozhuang,Laozhuang,,34.7541,107.1510,China,CN,CHN,Shaanxi,Shaanxi,CN-SN,,,132.0,,,4,Asia/Shanghai,TRUE,1156279526
Laozhuang,Laozhuang,,34.9161,107.9575,China,CN,CHN,Shaanxi,Shaanxi,CN-SN,,,116.8,,,4,Asia/Shanghai,TRUE,1156256423
Laozhuang,Laozhuang,,33.9610,109.5965,China,CN,CHN,Shaanxi,Shaanxi,CN-SN,,,88.1,,,4,Asia/Shanghai,TRUE,1156177688
Laozhuang,Laozhuang,,33.0210,107.8432,China,CN,CHN,Shaanxi,Shaanxi,CN-SN,,,85.8,,,4,Asia/Shanghai,TRUE,1156357251
Laozhuang,Laozhuang,,34.8426,107.0050,China,CN,CHN,Shaanxi,Shaanxi,CN-SN,,,81.2,,,4,Asia/Shanghai,TRUE,1156954424
Laozhuang,Laozhuang,,33.9528,106.9760,China,CN,CHN,Shaanxi,Shaanxi,CN-SN,,,60.5,,,4,Asia/Shanghai,TRUE,1156590158
Laozhuang,Laozhuang,,32.4789,108.5706,China,CN,CHN,Shaanxi,Shaanxi,CN-SN,,,59.4,,,4,Asia/Shanghai,TRUE,1156806182
Laozhuang,Laozhuang,,37.4512,109.6943,China,CN,CHN,Shaanxi,Shaanxi,CN-SN,,,58.4,,,4,Asia/Shanghai,TRUE,1156479486
Laozhuang,Laozhuang,,37.3401,109.9829,China,CN,CHN,Shaanxi,Shaanxi,CN-SN,,,56.0,,,4,Asia/Shanghai,TRUE,1156248786
Laozhuang,Laozhuang,,37.1307,109.1301,China,CN,CHN,Shaanxi,Shaanxi,CN-SN,,,55.6,,,4,Asia/Shanghai,TRUE,1156128601
Laozhuang,Laozhuang,,37.1212,109.3574,China,CN,CHN,Shaanxi,Shaanxi,CN-SN,,,46.5,,,4,Asia/Shanghai,TRUE,1156555363
Laozhuang,Laozhuang,,33.9184,106.6655,China,CN,CHN,Shaanxi,Shaanxi,CN-SN,,,35.3,,,4,Asia/Shanghai,TRUE,1156669761
Laozhuang,Laozhuang,,37.0579,107.3372,China,CN,CHN,Shaanxi,Shaanxi,CN-SN,,,28.5,,,4,Asia/Shanghai,TRUE,1156843234
Laozhuang,Laozhuang,,33.8740,106.9927,China,CN,CHN,Shaanxi,Shaanxi,CN-SN,,,22.7,,,4,Asia/Shanghai,TRUE,1156365789
Laozhuang,Laozhuang,,36.4190,109.0988,China,CN,CHN,Shaanxi,Shaanxi,CN-SN,,,22.2,,,4,Asia/Shanghai,TRUE,1156585429
Laozhuang,Laozhuang,,36.3219,109.1970,China,CN,CHN,Shaanxi,Shaanxi,CN-SN,,,19.3,,,4,Asia/Shanghai,TRUE,1156988297
Laozhuang,Laozhuang,,38.3948,110.0754,China,CN,CHN,Shaanxi,Shaanxi,CN-SN,,,14.3,,,4,Asia/Shanghai,TRUE,1156089734
Sanjiaolang,Sanjiaolang,,36.2403,101.4760,China,CN,CHN,Qinghai,Qinghai,CN-QH,,,23.5,,,4,Asia/Shanghai,FALSE,1156418280
Dibu,Dibu,,26.4824,109.1930,China,CN,CHN,Guizhou,Guizhou,CN-GZ,,,56.0,,,4,Asia/Shanghai,FALSE,1156170953
Jianhuacun,Jianhuacun,,36.6009,119.3003,China,CN,CHN,Shandong,Shandong,CN-SD,,,977.6,,,3,Asia/Shanghai,FALSE,1156501540
Jianhuacun,Jianhuacun,,35.6001,116.2931,China,CN,CHN,Shandong,Shandong,CN-SD,,,786.8,,,3,Asia/Shanghai,TRUE,1156501538
Jianhuacun,Jianhuacun,,37.0119,117.0683,China,CN,CHN,Shandong,Shandong,CN-SD,,,458.8,,,3,Asia/Shanghai,TRUE,1156457618
Jianhuacun,Jianhuacun,,35.6421,118.8315,China,CN,CHN,Shandong,Shandong,CN-SD,,,310.0,,,3,Asia/Shanghai,TRUE,1156501544
Jianhuacun,Jianhuacun,,37.7675,118.4444,China,CN,CHN,Shandong,Shandong,CN-SD,,,202.2,,,3,Asia/Shanghai,TRUE,1156188431
Mojiacun,Mojiacun,,24.9464,113.4254,China,CN,CHN,Guangdong,Guangdong,CN-GD,,,266.0,,,3,Asia/Shanghai,FALSE,1156568598
Gaoxiaoying,Gaoxiaoying,,37.4781,116.0912,China,CN,CHN,Hebei,Hebei,CN-HE,,,375.5,,,3,Asia/Shanghai,FALSE,1156239224
Baiyandun,Baiyandun,,40.1694,98.7876,China,CN,CHN,Gansu,Gansu,CN-GS,,,9.9,,,5,Asia/Shanghai,FALSE,1156465187
Laozhuang,Laozhuang,,35.9151,110.9208,China,CN,CHN,Shanxi,Shanxi,CN-SX,,,93.3,,,4,Asia/Shanghai,FALSE,1156789828
Laozhuang,Laozhuang,,35.2883,112.3213,China,CN,CHN,Shanxi,Shanxi,CN-SX,,,46.9,,,4,Asia/Shanghai,TRUE,1156259300
Laozhuang,Laozhuang,,36.0723,112.3527,China,CN,CHN,Shanxi,Shanxi,CN-SX,,,30.2,,,4,Asia/Shanghai,TRUE,1156108013
Laozhuang,Laozhuang,,35.8546,112.1024,China,CN,CHN,Shanxi,Shanxi,CN-SX,,,23.8,,,4,Asia/Shanghai,TRUE,1156019405
Laozhuang,Laozhuang,,36.1882,112.4660,China,CN,CHN,Shanxi,Shanxi,CN-SX,,,16.7,,,4,Asia/Shanghai,TRUE,1156020759
Zhangliba,Zhangliba,,28.4318,107.2700,China,CN,CHN,Guizhou,Guizhou,CN-GZ,,,64.3,,,4,Asia/Shanghai,FALSE,1156947924
Sunhuangcun,Sunhuangcun,,36.6291,116.7127,China,CN,CHN,Shandong,Shandong,CN-SD,,,306.1,,,3,Asia/Shanghai,FALSE,1156466231
Qigexiremu Maili,Qigexiremu Maili,,37.2883,79.5476,China,CN,CHN,Xinjiang,Xinjiang,CN-XJ,,,74.3,,,4,Asia/Shanghai,FALSE,1156537013
Jidacun,Jidacun,,21.5120,111.3483,China,CN,CHN,Guangdong,Guangdong,CN-GD,,,1639.9,,,3,Asia/Shanghai,FALSE,1156173890
Dulongtun,Dulongtun,Dulong,25.2087,107.1098,China,CN,CHN,Guangxi,Guangxi,CN-GX,,,23.8,,,4,Asia/Shanghai,FALSE,1156238555
Tanglitou,Tanglitou,,23.7896,111.0750,China,CN,CHN,Guangxi,Guangxi,CN-GX,,,52.1,,,4,Asia/Shanghai,FALSE,1156001845
Ganzhang,Ganzhang,,26.8612,107.0470,China,CN,CHN,Guizhou,Guizhou,CN-GZ,,,179.3,,,4,Asia/Shanghai,FALSE,1156049782
Ganzhang,Ganzhang,,26.2567,106.8200,China,CN,CHN,Guizhou,Guizhou,CN-GZ,,,127.4,,,4,Asia/Shanghai,TRUE,1156041930
Piwan,Piwan,,31.2365,111.9886,China,CN,CHN,Hubei,Hubei,CN-HB,,,93.2,,,4,Asia/Shanghai,FALSE,1156104407
Xiashuicheng,Xiashuicheng,,25.8263,102.3460,China,CN,CHN,Yunnan,Yunnan,CN-YN,,,50.7,,,4,Asia/Shanghai,FALSE,1156727516
Shangmafu,Shangmafu,,22.9106,101.5580,China,CN,CHN,Yunnan,Yunnan,CN-YN,,,46.8,,,4,Asia/Shanghai,FALSE,1156683069
Walicun,Walicun,,38.0883,112.1750,China,CN,CHN,Shanxi,Shanxi,CN-SX,,,2.9,,,5,Asia/Shanghai,FALSE,1156769126
Qianfanjiafen,Qianfanjiafen,,35.9032,114.2161,China,CN,CHN,Henan,Henan,CN-HA,,,409.7,,,3,Asia/Shanghai,FALSE,1156993519
Wanghuajia,Wanghuajia,,37.3881,118.0717,China,CN,CHN,Shandong,Shandong,CN-SD,,,1640.1,,,3,Asia/Shanghai,FALSE,1156468514
Wanghuajia,Wanghuajia,,37.0563,116.7550,China,CN,CHN,Shandong,Shandong,CN-SD,,,259.0,,,3,Asia/Shanghai,TRUE,1156788456
Shangduantou,Shangduantou,,30.0940,120.6078,China,CN,CHN,Zhejiang,Zhejiang,CN-ZJ,,,2132.1,,,2,Asia/Shanghai,FALSE,1156259323
Xingdian Shequ,Xingdian Shequ,,46.8215,130.3963,China,CN,CHN,Heilongjiang,Heilongjiang,CN-HL,,,6557.4,,,2,Asia/Shanghai,FALSE,1156485283
Xiangzhoucun,Xiangzhoucun,,28.4726,121.1231,China,CN,CHN,Zhejiang,Zhejiang,CN-ZJ,,,226.8,,,3,Asia/Shanghai,FALSE,1156385452
Shuanghua,Shuanghua,,27.1663,105.3270,China,CN,CHN,Guizhou,Guizhou,CN-GZ,,,285.7,,,3,Asia/Shanghai,FALSE,1156571499
Xiakang,Xiakang,,32.5500,117.8306,China,CN,CHN,Anhui,Anhui,CN-AH,,,156.3,,,4,Asia/Shanghai,FALSE,1156194351
Saruduocun,Saruduocun,,30.4907,92.6140,China,CN,CHN,Tibet,Tibet,CN-XZ,,,2.9,,,5,Asia/Shanghai,FALSE,1156650074
Xiejiazhai,Xiejiazhai,,35.7487,106.3830,China,CN,CHN,Ningxia,Ningxia,CN-NX,,,85.1,,,4,Asia/Shanghai,FALSE,1156107674
Xiaogouli,Xiaogouli,,41.2961,120.4340,China,CN,CHN,Liaoning,Liaoning,CN-LN,,,185.4,,,4,Asia/Shanghai,FALSE,1156337661
Houzhangjialu,Houzhangjialu,,43.4770,125.8610,China,CN,CHN,Jilin,Jilin,CN-JL,,,101.9,,,4,Asia/Shanghai,FALSE,1156219949
Pancicun,Pancicun,Panci,25.5712,118.2592,China,CN,CHN,Fujian,Fujian,CN-FJ,,,47.2,,,4,Asia/Shanghai,FALSE,1156948362
Weida,Weida,,24.0188,105.5810,China,CN,CHN,Yunnan,Yunnan,CN-YN,,,47.4,,,4,Asia/Shanghai,FALSE,1156561962
Weida,Weida,,26.9265,99.1792,China,CN,CHN,Yunnan,Yunnan,CN-YN,,,38.2,,,4,Asia/Shanghai,TRUE,1156338712
Weida,Weida,,23.2651,100.1380,China,CN,CHN,Yunnan,Yunnan,CN-YN,,,25.6,,,4,Asia/Shanghai,TRUE,1156156788
Xinzixu,Xinzixu,,32.2768,119.7939,China,CN,CHN,Jiangsu,Jiangsu,CN-JS,,,871.4,,,3,Asia/Shanghai,FALSE,1156121857
Xiaquka,Xiaquka,,30.1020,97.8664,China,CN,CHN,Tibet,Tibet,CN-XZ,,,2.0,,,5,Asia/Shanghai,FALSE,1156909089
Luodouba,Luodouba,,27.6719,107.3760,China,CN,CHN,Guizhou,Guizhou,CN-GZ,,,90.2,,,4,Asia/Shanghai,FALSE,1156188896
Hongxie,Hongxie,,18.4584,109.8980,China,CN,CHN,Hainan,Hainan,CN-HI,,,288.5,,,3,Asia/Shanghai,FALSE,1156270052
Pingyuan Liudui,Pingyuan Liudui,,48.3336,124.9555,China,CN,CHN,Heilongjiang,Heilongjiang,CN-HL,,,66.2,,,4,Asia/Shanghai,FALSE,1156323104
Pengjiatuo,Pengjiatuo,,25.7307,106.7200,China,CN,CHN,Guizhou,Guizhou,CN-GZ,,,94.7,,,4,Asia/Shanghai,FALSE,1156188355
Nanchenjiagang,Nanchenjiagang,,33.5854,120.0350,China,CN,CHN,Jiangsu,Jiangsu,CN-JS,,,433.5,,,3,Asia/Shanghai,FALSE,1156510705
Tongyi,Tongyi,,30.6835,108.4175,China,CN,CHN,Chongqing,Chongqing,CN-CQ,,,825.7,,,3,Asia/Shanghai,FALSE,1156441109
Tongyi,Tongyi,,29.4917,107.1860,China,CN,CHN,Chongqing,Chongqing,CN-CQ,,,129.1,,,4,Asia/Shanghai,TRUE,1156583065
Yinjiayao,Yinjiayao,,40.8003,115.9949,China,CN,CHN,Hebei,Hebei,CN-HE,,,28.8,,,4,Asia/Shanghai,FALSE,1156935511
Ri’acang Laizhong,Ri'acang Laizhong,,32.7199,95.2254,China,CN,CHN,Qinghai,Qinghai,CN-QH,,,10.8,,,4,Asia/Shanghai,FALSE,1156182254
Tunwaicun,Tunwaicun,,29.2338,120.8155,China,CN,CHN,Zhejiang,Zhejiang,CN-ZJ,,,160.0,,,4,Asia/Shanghai,FALSE,1156385940
Fanyingcun,Fanyingcun,,36.4121,116.5281,China,CN,CHN,Shandong,Shandong,CN-SD,,,387.4,,,3,Asia/Shanghai,FALSE,1156535747
Kongjiabang,Kongjiabang,,30.8003,120.5105,China,CN,CHN,Jiangsu,Jiangsu,CN-JS,,,883.0,,,3,Asia/Shanghai,FALSE,1156816280
Waruoji,Waruoji,,32.3398,96.7734,China,CN,CHN,Qinghai,Qinghai,CN-QH,,,9.7,,,5,Asia/Shanghai,FALSE,1156656061
Dongyali,Dongyali,,26.0034,116.6319,China,CN,CHN,Fujian,Fujian,CN-FJ,,,51.7,,,4,Asia/Shanghai,FALSE,1156445341
Nanguan,Nanguan,,35.5155,105.7168,China,CN,CHN,Gansu,Gansu,CN-GS,,,3451.6,,,2,Asia/Shanghai,FALSE,1156128223
Nanguan,Nanguan,,35.4556,107.5760,China,CN,CHN,Gansu,Gansu,CN-GS,,,314.2,,,3,Asia/Shanghai,TRUE,1156082382
Qiashui,Qiashui,,24.0450,111.9050,China,CN,CHN,Guangxi,Guangxi,CN-GX,,,44.1,,,4,Asia/Shanghai,FALSE,1156964764
Badouzicun,Badouzicun,,36.9948,120.1165,China,CN,CHN,Shandong,Shandong,CN-SD,,,217.4,,,3,Asia/Shanghai,FALSE,1156521628
Longba,Longba,,27.4200,106.4250,China,CN,CHN,Guizhou,Guizhou,CN-GZ,,,271.3,,,3,Asia/Shanghai,FALSE,1156845865
Longba,Longba,,25.9666,106.9080,China,CN,CHN,Guizhou,Guizhou,CN-GZ,,,90.4,,,4,Asia/Shanghai,TRUE,1156873618
Longpengtun,Longpengtun,Longpeng,22.4393,107.0601,China,CN,CHN,Guangxi,Guangxi,CN-GX,,,52.6,,,4,Asia/Shanghai,FALSE,1156174361
Pingkengcun,Pingkengcun,Pingkeng,24.6742,118.4799,China,CN,CHN,Fujian,Fujian,CN-FJ,,,4020.5,,,2,Asia/Shanghai,FALSE,1156282789
Pingkengcun,Pingkengcun,Pingkeng,25.2658,117.1084,China,CN,CHN,Fujian,Fujian,CN-FJ,,,118.3,,,4,Asia/Shanghai,TRUE,1156648975
Pingkengcun,Pingkengcun,Pingkeng,26.9327,119.3427,China,CN,CHN,Fujian,Fujian,CN-FJ,,,98.4,,,4,Asia/Shanghai,TRUE,1156423964
Pingkengcun,Pingkengcun,Pingkeng,26.3220,118.5616,China,CN,CHN,Fujian,Fujian,CN-FJ,,,64.1,,,4,Asia/Shanghai,TRUE,1156287318
Pingkengcun,Pingkengcun,Pingkeng,27.1460,119.8736,China,CN,CHN,Fujian,Fujian,CN-FJ,,,50.7,,,4,Asia/Shanghai,TRUE,1156854814
Pingkengcun,Pingkengcun,Pingkeng,27.4446,119.4056,China,CN,CHN,Fujian,Fujian,CN-FJ,,,50.0,,,4,Asia/Shanghai,TRUE,1156681453
Pingkengcun,Pingkengcun,Pingkeng,25.4178,116.0614,China,CN,CHN,Fujian,Fujian,CN-FJ,,,40.8,,,4,Asia/Shanghai,TRUE,1156355385
Pingkengcun,Pingkengcun,Pingkeng,25.4284,116.9230,China,CN,CHN,Fujian,Fujian,CN-FJ,,,32.8,,,4,Asia/Shanghai,TRUE,1156068824
Pingkengcun,Pingkengcun,Pingkeng,25.8464,117.0386,China,CN,CHN,Fujian,Fujian,CN-FJ,,,17.1,,,4,Asia/Shanghai,TRUE,1156203309
Qêpu,Qepu,Zepu,30.2970,95.2753,China,CN,CHN,Tibet,Tibet,CN-XZ,,,6.3,,,5,Asia/Shanghai,FALSE,1156281545
Nanguan,Nanguan,,23.1777,108.6780,China,CN,CHN,Guangxi,Guangxi,CN-GX,,,267.0,,,3,Asia/Shanghai,FALSE,1156141370
Changcheng,Changcheng,,36.0099,106.2086,China,CN,CHN,Ningxia,Ningxia,CN-NX,,,140.3,,,4,Asia/Shanghai,FALSE,1156152851
Changcheng,Changcheng,,37.7997,107.3630,China,CN,CHN,Ningxia,Ningxia,CN-NX,,,103.1,,,4,Asia/Shanghai,TRUE,1156248550
Ruiyancun,Ruiyancun,,27.5053,120.5121,China,CN,CHN,Zhejiang,Zhejiang,CN-ZJ,,,1617.3,,,3,Asia/Shanghai,FALSE,1156391848
Ruiyancun,Ruiyancun,,28.6628,121.0865,China,CN,CHN,Zhejiang,Zhejiang,CN-ZJ,,,479.1,,,3,Asia/Shanghai,TRUE,1156389080
Daguliu,Daguliu,,42.0566,123.2966,China,CN,CHN,Liaoning,Liaoning,CN-LN,,,1.8,,,5,Asia/Shanghai,FALSE,1156228097
Tianjing,Tianjing,,25.5964,100.2540,China,CN,CHN,Yunnan,Yunnan,CN-YN,,,1446.3,,,3,Asia/Shanghai,FALSE,1156381694
Tianjing,Tianjing,,25.8852,99.4148,China,CN,CHN,Yunnan,Yunnan,CN-YN,,,73.5,,,4,Asia/Shanghai,TRUE,1156147484
Tianjing,Tianjing,,24.5135,102.2900,China,CN,CHN,Yunnan,Yunnan,CN-YN,,,43.4,,,4,Asia/Shanghai,TRUE,1156920652
Luanzhuangqu,Luanzhuangqu,Man-chuang-chen|Luanzhuang|Luan-chuang-chen|Luan-chuang|Luanzhuangjie,33.7700,110.5911,China,CN,CHN,Shaanxi,Shaanxi,CN-SN,,,72.3,,,4,Asia/Shanghai,FALSE,1156105880
Houqu Gezhuangcun,Houqu Gezhuangcun,,36.7977,120.1765,China,CN,CHN,Shandong,Shandong,CN-SD,,,590.4,,,3,Asia/Shanghai,FALSE,1156521071
Shangmiaocun,Shangmiaocun,,25.5569,116.2752,China,CN,CHN,Fujian,Fujian,CN-FJ,,,138.2,,,4,Asia/Shanghai,FALSE,1156465541
Niufang,Niufang,,23.2599,101.4750,China,CN,CHN,Yunnan,Yunnan,CN-YN,,,46.2,,,4,Asia/Shanghai,FALSE,1156750853
Xinchaisang,Xinchaisang,,24.7434,113.3883,China,CN,CHN,Guangdong,Guangdong,CN-GD,,,163.5,,,4,Asia/Shanghai,FALSE,1156220780
Shimoshi,Shimoshi,Shimaoshi,24.8912,116.1928,China,CN,CHN,Fujian,Fujian,CN-FJ,,,212.6,,,3,Asia/Shanghai,FALSE,1156233815
Yangluxian,Yangluxian,,37.1735,104.8130,China,CN,CHN,Gansu,Gansu,CN-GS,,,95.2,,,4,Asia/Shanghai,FALSE,1156879447
Zuofang,Zuofang,,29.1329,106.0932,China,CN,CHN,Chongqing,Chongqing,CN-CQ,,,561.2,,,3,Asia/Shanghai,FALSE,1156105925
Zuofang,Zuofang,,29.9890,106.7960,China,CN,CHN,Chongqing,Chongqing,CN-CQ,,,234.1,,,3,Asia/Shanghai,TRUE,1156164197
Zuofang,Zuofang,,29.5253,107.2395,China,CN,CHN,Chongqing,Chongqing,CN-CQ,,,126.2,,,4,Asia/Shanghai,TRUE,1156562625
Zuofang,Zuofang,,30.9191,108.9876,China,CN,CHN,Chongqing,Chongqing,CN-CQ,,,77.8,,,4,Asia/Shanghai,TRUE,1156256515
Manting,Manting,,21.9981,100.8050,China,CN,CHN,Yunnan,Yunnan,CN-YN,,,140.4,,,4,Asia/Shanghai,FALSE,1156707643
Dahanzhai Sicun,Dahanzhai Sicun,,39.3453,116.3655,China,CN,CHN,Hebei,Hebei,CN-HE,,,385.1,,,3,Asia/Shanghai,FALSE,1156446988
Huanglin’ao,Huanglin'ao,,29.7878,104.3226,China,CN,CHN,Sichuan,Sichuan,CN-SC,,,976.4,,,3,Asia/Shanghai,FALSE,1156063810
Huanglin’ao,Huanglin'ao,,28.8705,104.6239,China,CN,CHN,Sichuan,Sichuan,CN-SC,,,443.9,,,3,Asia/Shanghai,TRUE,1156213049
Tuowan Dakuicun,Tuowan Dakuicun,,37.0648,79.7533,China,CN,CHN,Xinjiang,Xinjiang,CN-XJ,,,496.0,,,3,Asia/Shanghai,FALSE,1156386983
Caoying,Caoying,,33.5152,114.5693,China,CN,CHN,Henan,Henan,CN-HA,,,683.5,,,3,Asia/Shanghai,FALSE,1156645090
Caoying,Caoying,,33.2271,115.0098,China,CN,CHN,Henan,Henan,CN-HA,,,668.4,,,3,Asia/Shanghai,TRUE,1156850163
Caoying,Caoying,,33.0597,112.0422,China,CN,CHN,Henan,Henan,CN-HA,,,505.2,,,3,Asia/Shanghai,TRUE,1156709741
Caoying,Caoying,,32.5273,115.2153,China,CN,CHN,Henan,Henan,CN-HA,,,482.3,,,3,Asia/Shanghai,TRUE,1156045232
Caoying,Caoying,,34.2776,112.4615,China,CN,CHN,Henan,Henan,CN-HA,,,453.9,,,3,Asia/Shanghai,TRUE,1156337022
Lixiang,Lixiang,,26.4442,116.0436,China,CN,CHN,Jiangxi,Jiangxi,CN-JX,,,1289.0,,,3,Asia/Shanghai,FALSE,1156224194
Sanyuan Suncun,Sanyuan Suncun,,36.7789,118.6651,China,CN,CHN,Shandong,Shandong,CN-SD,,,709.6,,,3,Asia/Shanghai,FALSE,1156538635
Shuimoping,Shuimoping,,31.8261,103.7997,China,CN,CHN,Sichuan,Sichuan,CN-SC,,,27.1,,,4,Asia/Shanghai,FALSE,1156117382
Qujiatun,Qujiatun,,39.8919,124.0826,China,CN,CHN,Liaoning,Liaoning,CN-LN,,,724.0,,,3,Asia/Shanghai,FALSE,1156709854
Qujiatun,Qujiatun,,40.0021,124.0860,China,CN,CHN,Liaoning,Liaoning,CN-LN,,,636.9,,,3,Asia/Shanghai,TRUE,1156347253
Qujiatun,Qujiatun,,39.1982,122.0110,China,CN,CHN,Liaoning,Liaoning,CN-LN,,,313.4,,,3,Asia/Shanghai,TRUE,1156369843
Shuimoping,Shuimoping,,31.8416,109.5129,China,CN,CHN,Shaanxi,Shaanxi,CN-SN,,,48.8,,,4,Asia/Shanghai,FALSE,1156245714
Shuimoping,Shuimoping,,33.7017,106.5786,China,CN,CHN,Shaanxi,Shaanxi,CN-SN,,,19.1,,,4,Asia/Shanghai,TRUE,1156280066
Shuimoping,Shuimoping,,33.7688,107.9727,China,CN,CHN,Shaanxi,Shaanxi,CN-SN,,,7.6,,,5,Asia/Shanghai,TRUE,1156640473
Shuimoping,Shuimoping,,33.8346,107.4110,China,CN,CHN,Shaanxi,Shaanxi,CN-SN,,,3.7,,,5,Asia/Shanghai,TRUE,1156084259
Hanyu,Hanyu,,34.3287,109.1453,China,CN,CHN,Shaanxi,Shaanxi,CN-SN,,,981.9,,,3,Asia/Shanghai,FALSE,1156007483
Tanmucun,Tanmucun,,30.8566,104.0323,China,CN,CHN,Sichuan,Sichuan,CN-SC,,,1732.7,,,3,Asia/Shanghai,FALSE,1156546863
Jitai Guanzhuangcun,Jitai Guanzhuangcun,,36.2671,119.2723,China,CN,CHN,Shandong,Shandong,CN-SD,,,629.7,,,3,Asia/Shanghai,FALSE,1156517486
Qikuaitian,Qikuaitian,,21.7503,110.2852,China,CN,CHN,Guangdong,Guangdong,CN-GD,,,660.5,,,3,Asia/Shanghai,FALSE,1156867874
Yejinao,Yejinao,,28.3167,114.9167,China,CN,CHN,Jiangxi,Jiangxi,CN-JX,,,99.2,,,4,Asia/Shanghai,FALSE,1156279916
Bao’an,Bao'an,,42.9240,125.9298,China,CN,CHN,Jilin,Jilin,CN-JL,,,102.6,,,4,Asia/Shanghai,FALSE,1156486356
Bao’an,Bao'an,,44.4167,127.3500,China,CN,CHN,Jilin,Jilin,CN-JL,,,84.8,,,4,Asia/Shanghai,TRUE,1156544959
Bao’an,Bao'an,,43.8996,127.3661,China,CN,CHN,Jilin,Jilin,CN-JL,,,69.4,,,4,Asia/Shanghai,TRUE,1156202785
Bao’an,Bao'an,,44.1215,127.0770,China,CN,CHN,Jilin,Jilin,CN-JL,,,41.9,,,4,Asia/Shanghai,TRUE,1156130833
Liuniaocun,Liuniaocun,,21.5397,111.5746,China,CN,CHN,Guangdong,Guangdong,CN-GD,,,332.1,,,3,Asia/Shanghai,FALSE,1156556517
Shuinian,Shuinian,,36.6691,113.0674,China,CN,CHN,Shanxi,Shanxi,CN-SX,,,101.8,,,4,Asia/Shanghai,FALSE,1156441933
Liwangloucun,Liwangloucun,,33.1071,114.9587,China,CN,CHN,Anhui,Anhui,CN-AH,,,657.4,,,3,Asia/Shanghai,FALSE,1156756193
Lanniping,Lanniping,,26.1722,102.9870,China,CN,CHN,Yunnan,Yunnan,CN-YN,,,161.0,,,4,Asia/Shanghai,FALSE,1156065999
Guanghechang,Guanghechang,,41.2313,111.5252,China,CN,CHN,Inner Mongolia,Inner Mongolia,CN-NM,,,22.1,,,4,Asia/Shanghai,FALSE,1156080895
Kejiao,Kejiao,,25.8282,106.5370,China,CN,CHN,Guizhou,Guizhou,CN-GZ,,,105.0,,,4,Asia/Shanghai,FALSE,1156527663
Hewazicun,Hewazicun,,40.6804,119.7050,China,CN,CHN,Liaoning,Liaoning,CN-LN,,,241.6,,,3,Asia/Shanghai,FALSE,1156339008
Taifengcun,Taifengcun,,30.2064,119.9042,China,CN,CHN,Zhejiang,Zhejiang,CN-ZJ,,,356.4,,,3,Asia/Shanghai,FALSE,1156398436
Zhongxing Shequ,Zhongxing Shequ,,26.7737,117.9955,China,CN,CHN,Fujian,Fujian,CN-FJ,,,91.8,,,4,Asia/Shanghai,FALSE,1156036003
Shizuiyi,Shizuiyi,Shih-tsui-i|Shih-tsui,37.3167,110.1500,China,CN,CHN,Shaanxi,Shaanxi,CN-SN,,,55.6,,,4,Asia/Shanghai,FALSE,1156811870
Qikuaitian,Qikuaitian,,26.4617,105.3840,China,CN,CHN,Guizhou,Guizhou,CN-GZ,,,230.5,,,3,Asia/Shanghai,FALSE,1156752357
Qikuaitian,Qikuaitian,,26.7405,107.1510,China,CN,CHN,Guizhou,Guizhou,CN-GZ,,,50.0,,,4,Asia/Shanghai,TRUE,1156334622
Qiaobei,Qiaobei,,33.1483,115.6155,China,CN,CHN,Anhui,Anhui,CN-AH,,,1027.4,,,3,Asia/Shanghai,FALSE,1156206034
Qikuaitian,Qikuaitian,,22.7101,110.8540,China,CN,CHN,Guangxi,Guangxi,CN-GX,,,222.8,,,3,Asia/Shanghai,FALSE,1156405250
Baibi,Baibi,,23.7992,105.9260,China,CN,CHN,Yunnan,Yunnan,CN-YN,,,41.8,,,4,Asia/Shanghai,FALSE,1156485385
Beiyangdian,Beiyangdian,,32.2538,114.5595,China,CN,CHN,Henan,Henan,CN-HA,,,259.6,,,3,Asia/Shanghai,FALSE,1156202192
Zhanglaoyingcun,Zhanglaoyingcun,,32.6140,118.0723,China,CN,CHN,Anhui,Anhui,CN-AH,,,146.4,,,4,Asia/Shanghai,FALSE,1156601683
Shaoshangcun,Shaoshangcun,,37.3409,120.6855,China,CN,CHN,Shandong,Shandong,CN-SD,,,186.4,,,4,Asia/Shanghai,FALSE,1156464366
Qujiang,Qujiang,,26.6837,113.9070,China,CN,CHN,Jiangxi,Jiangxi,CN-JX,,,109.8,,,4,Asia/Shanghai,FALSE,1156757249
Qujiang,Qujiang,,26.8545,114.3775,China,CN,CHN,Jiangxi,Jiangxi,CN-JX,,,52.3,,,4,Asia/Shanghai,TRUE,1156471200
Shibazicun,Shibazicun,,32.7310,106.1937,China,CN,CHN,Shaanxi,Shaanxi,CN-SN,,,71.5,,,4,Asia/Shanghai,FALSE,1156075698
Disha,Disha,,22.7314,113.3010,China,CN,CHN,Guangdong,Guangdong,CN-GD,,,6221.4,,,2,Asia/Shanghai,FALSE,1156556774
Chaxi,Chaxi,,27.0846,117.7157,China,CN,CHN,Fujian,Fujian,CN-FJ,,,32.7,,,4,Asia/Shanghai,FALSE,1156231191
Dahekou,Dahekou,Ta-ho-k’ou,35.4500,113.4833,China,CN,CHN,Henan,Henan,CN-HA,,,203.8,,,3,Asia/Shanghai,FALSE,1156108711
Dahekou,Dahekou,,33.4010,112.9353,China,CN,CHN,Henan,Henan,CN-HA,,,153.6,,,4,Asia/Shanghai,TRUE,1156319292
Suyecun,Suyecun,,34.9524,117.2129,China,CN,CHN,Shandong,Shandong,CN-SD,,,1167.4,,,3,Asia/Shanghai,FALSE,1156487171
Dalinzi,Dalinzi,,32.8846,113.6891,China,CN,CHN,Henan,Henan,CN-HA,,,172.2,,,4,Asia/Shanghai,FALSE,1156541039
Dahekou,Dahekou,,43.9205,128.8219,China,CN,CHN,Heilongjiang,Heilongjiang,CN-HL,,,10.7,,,4,Asia/Shanghai,FALSE,1156333322
Guozhanggucun,Guozhanggucun,,36.5699,115.4897,China,CN,CHN,Shandong,Shandong,CN-SD,,,636.0,,,3,Asia/Shanghai,FALSE,1156482433
Dalinzi,Dalinzi,,47.8151,134.4426,China,CN,CHN,Heilongjiang,Heilongjiang,CN-HL,,,9.0,,,5,Asia/Shanghai,FALSE,1156867757
Zhaipingcun,Zhaipingcun,Zhaiping,24.0727,116.9608,China,CN,CHN,Fujian,Fujian,CN-FJ,,,343.5,,,3,Asia/Shanghai,FALSE,1156562091
Nanxiaotuncun,Nanxiaotuncun,,37.4645,115.2813,China,CN,CHN,Hebei,Hebei,CN-HE,,,280.6,,,3,Asia/Shanghai,FALSE,1156580578
Dongkou,Dongkou,Dongkoucun,37.5987,121.4040,China,CN,CHN,Shandong,Shandong,CN-SD,,,14784.8,,,2,Asia/Shanghai,FALSE,1156228332
Dongkou,Dongkou,,31.2492,107.9260,China,CN,CHN,Sichuan,Sichuan,CN-SC,,,153.6,,,4,Asia/Shanghai,FALSE,1156959486
Yao’ao,Yao'ao,,34.8183,112.3265,China,CN,CHN,Henan,Henan,CN-HA,,,365.1,,,3,Asia/Shanghai,FALSE,1156158673
Yao’ao,Yao'ao,,31.8903,115.2569,China,CN,CHN,Henan,Henan,CN-HA,,,243.0,,,3,Asia/Shanghai,TRUE,1156193316
Huguolingcun,Huguolingcun,,29.6654,120.6366,China,CN,CHN,Zhejiang,Zhejiang,CN-ZJ,,,228.7,,,3,Asia/Shanghai,FALSE,1156414719
Dongkou,Dongkou,Tung-k’ou,34.3774,106.6974,China,CN,CHN,Shaanxi,Shaanxi,CN-SN,,,37.5,,,4,Asia/Shanghai,FALSE,1156578636
Suncaiyuan,Suncaiyuan,,34.3483,115.7210,China,CN,CHN,Henan,Henan,CN-HA,,,515.2,,,3,Asia/Shanghai,FALSE,1156775090
Guiwei,Guiwei,,23.1578,111.7071,China,CN,CHN,Guangdong,Guangdong,CN-GD,,,113.0,,,4,Asia/Shanghai,FALSE,1156829137
Dongningjing,Dongningjing,,36.5842,113.1459,China,CN,CHN,Shanxi,Shanxi,CN-SX,,,82.6,,,4,Asia/Shanghai,FALSE,1156699419
Huangbaicha,Huangbaicha,,36.7554,109.1441,China,CN,CHN,Shaanxi,Shaanxi,CN-SN,,,67.5,,,4,Asia/Shanghai,FALSE,1156972745
Zhangmaoguang,Zhangmaoguang,,35.2531,113.0121,China,CN,CHN,Henan,Henan,CN-HA,,,108.3,,,4,Asia/Shanghai,FALSE,1156368155
Linchangcun,Linchangcun,,47.2483,132.0268,China,CN,CHN,Heilongjiang,Heilongjiang,CN-HL,,,3580.2,,,2,Asia/Shanghai,FALSE,1156517759
Linchangcun,Linchangcun,,46.5452,126.9949,China,CN,CHN,Heilongjiang,Heilongjiang,CN-HL,,,1144.2,,,3,Asia/Shanghai,TRUE,1156313959
Linchangcun,Linchangcun,,47.3964,123.1113,China,CN,CHN,Heilongjiang,Heilongjiang,CN-HL,,,592.3,,,3,Asia/Shanghai,TRUE,1156295730
Linchangcun,Linchangcun,,45.6822,126.3216,China,CN,CHN,Heilongjiang,Heilongjiang,CN-HL,,,289.9,,,3,Asia/Shanghai,TRUE,1156312635
Linchangcun,Linchangcun,,46.7377,130.2440,China,CN,CHN,Heilongjiang,Heilongjiang,CN-HL,,,213.1,,,3,Asia/Shanghai,TRUE,1156364578
Linchangcun,Linchangcun,,45.4940,126.8025,China,CN,CHN,Heilongjiang,Heilongjiang,CN-HL,,,156.3,,,4,Asia/Shanghai,TRUE,1156328938
Linchangcun,Linchangcun,,46.8871,127.3567,China,CN,CHN,Heilongjiang,Heilongjiang,CN-HL,,,130.7,,,4,Asia/Shanghai,TRUE,1156297901
Linchangcun,Linchangcun,,46.9106,125.9317,China,CN,CHN,Heilongjiang,Heilongjiang,CN-HL,,,127.5,,,4,Asia/Shanghai,TRUE,1156317264
Linchangcun,Linchangcun,,44.9515,129.8639,China,CN,CHN,Heilongjiang,Heilongjiang,CN-HL,,,85.2,,,4,Asia/Shanghai,TRUE,1156361602
Linchangcun,Linchangcun,,46.1283,129.9308,China,CN,CHN,Heilongjiang,Heilongjiang,CN-HL,,,54.6,,,4,Asia/Shanghai,TRUE,1156365930
Linchangcun,Linchangcun,,46.0244,130.0860,China,CN,CHN,Heilongjiang,Heilongjiang,CN-HL,,,54.6,,,4,Asia/Shanghai,TRUE,1156362564
Linchangcun,Linchangcun,,46.0796,129.1642,China,CN,CHN,Heilongjiang,Heilongjiang,CN-HL,,,34.3,,,4,Asia/Shanghai,TRUE,1156327244
Linchangcun,Linchangcun,,47.0716,130.1460,China,CN,CHN,Heilongjiang,Heilongjiang,CN-HL,,,22.1,,,4,Asia/Shanghai,TRUE,1156309181
Linchangcun,Linchangcun,,46.2480,129.7346,China,CN,CHN,Heilongjiang,Heilongjiang,CN-HL,,,19.3,,,4,Asia/Shanghai,TRUE,1156361748
Shankou,Shankou,,37.5086,114.4120,China,CN,CHN,Hebei,Hebei,CN-HE,,,199.0,,,4,Asia/Shanghai,FALSE,1156283030
Shankou,Shankou,,41.4937,115.2853,China,CN,CHN,Hebei,Hebei,CN-HE,,,41.3,,,4,Asia/Shanghai,TRUE,1156142218
Niuyabei,Niuyabei,,26.6659,114.0640,China,CN,CHN,Jiangxi,Jiangxi,CN-JX,,,88.3,,,4,Asia/Shanghai,FALSE,1156890413
Gongguancun,Gongguancun,,32.0105,115.9556,China,CN,CHN,Anhui,Anhui,CN-AH,,,223.0,,,3,Asia/Shanghai,FALSE,1156173916
Shankou,Shankou,,35.1901,112.6969,China,CN,CHN,Henan,Henan,CN-HA,,,342.2,,,3,Asia/Shanghai,FALSE,1156825636
Majiagaocun,Majiagaocun,,36.8775,119.5075,China,CN,CHN,Shandong,Shandong,CN-SD,,,533.3,,,3,Asia/Shanghai,FALSE,1156520946
Baijiagou,Baijiagou,,34.8753,109.0766,China,CN,CHN,Shaanxi,Shaanxi,CN-SN,,,604.1,,,3,Asia/Shanghai,FALSE,1156362008
Baijiagou,Baijiagou,,36.8722,109.3746,China,CN,CHN,Shaanxi,Shaanxi,CN-SN,,,294.2,,,3,Asia/Shanghai,TRUE,1156845816
Baijiagou,Baijiagou,,33.7306,109.1919,China,CN,CHN,Shaanxi,Shaanxi,CN-SN,,,140.7,,,4,Asia/Shanghai,TRUE,1156407460
Baijiagou,Baijiagou,,34.4038,106.9941,China,CN,CHN,Shaanxi,Shaanxi,CN-SN,,,78.0,,,4,Asia/Shanghai,TRUE,1156202879
Baijiagou,Baijiagou,,32.8365,109.4902,China,CN,CHN,Shaanxi,Shaanxi,CN-SN,,,62.8,,,4,Asia/Shanghai,TRUE,1156272143
Baijiagou,Baijiagou,,34.3201,110.2558,China,CN,CHN,Shaanxi,Shaanxi,CN-SN,,,54.8,,,4,Asia/Shanghai,TRUE,1156116326
Baijiagou,Baijiagou,,37.1516,109.4002,China,CN,CHN,Shaanxi,Shaanxi,CN-SN,,,43.8,,,4,Asia/Shanghai,TRUE,1156072636
Baijiagou,Baijiagou,,37.8805,109.0278,China,CN,CHN,Shaanxi,Shaanxi,CN-SN,,,20.9,,,4,Asia/Shanghai,TRUE,1156531618
Baijiagou,Baijiagou,,38.7751,110.7707,China,CN,CHN,Shaanxi,Shaanxi,CN-SN,,,7.6,,,5,Asia/Shanghai,TRUE,1156549607
Shankou,Shankou,,26.7400,110.5158,China,CN,CHN,Hunan,Hunan,CN-HN,,,370.5,,,3,Asia/Shanghai,FALSE,1156685629
Shankou,Shankou,,26.6182,113.3523,China,CN,CHN,Hunan,Hunan,CN-HN,,,317.5,,,3,Asia/Shanghai,TRUE,1156864228
Shankou,Shankou,,25.4296,113.7145,China,CN,CHN,Hunan,Hunan,CN-HN,,,245.5,,,3,Asia/Shanghai,TRUE,1156497120
Shankou,Shankou,,28.2982,111.6705,China,CN,CHN,Hunan,Hunan,CN-HN,,,181.5,,,4,Asia/Shanghai,TRUE,1156414286
Shankou,Shankou,,28.2002,114.0804,China,CN,CHN,Hunan,Hunan,CN-HN,,,92.8,,,4,Asia/Shanghai,TRUE,1156341582
Shankou,Shankou,,25.7425,113.5321,China,CN,CHN,Hunan,Hunan,CN-HN,,,21.6,,,4,Asia/Shanghai,TRUE,1156355148
Xiayan,Xiayan,,26.8244,99.1049,China,CN,CHN,Yunnan,Yunnan,CN-YN,,,45.3,,,4,Asia/Shanghai,FALSE,1156019341
Ma’e,Ma'e,,23.2179,104.4360,China,CN,CHN,Yunnan,Yunnan,CN-YN,,,106.8,,,4,Asia/Shanghai,FALSE,1156775476
Ma’e,Ma'e,,25.9695,101.7600,China,CN,CHN,Yunnan,Yunnan,CN-YN,,,73.5,,,4,Asia/Shanghai,TRUE,1156747644
Sangmuqingtou,Sangmuqingtou,,25.4641,100.4850,China,CN,CHN,Yunnan,Yunnan,CN-YN,,,508.5,,,3,Asia/Shanghai,FALSE,1156062687
Zhuangwancun,Zhuangwancun,,30.4732,120.3399,China,CN,CHN,Zhejiang,Zhejiang,CN-ZJ,,,1030.2,,,3,Asia/Shanghai,FALSE,1156373162
Erwan,Erwan,,31.5131,108.1920,China,CN,CHN,Sichuan,Sichuan,CN-SC,,,56.0,,,4,Asia/Shanghai,FALSE,1156717412
Heyangzhuangcun,Heyangzhuangcun,,36.4799,120.5935,China,CN,CHN,Shandong,Shandong,CN-SD,,,501.2,,,3,Asia/Shanghai,FALSE,1156983819
Fengyan,Fengyan,,29.5142,121.0698,China,CN,CHN,Zhejiang,Zhejiang,CN-ZJ,,,104.6,,,4,Asia/Shanghai,FALSE,1156760251
Huaniu,Huaniu,,30.9297,102.4050,China,CN,CHN,Sichuan,Sichuan,CN-SC,,,43.0,,,4,Asia/Shanghai,FALSE,1156998571
Huchangcun,Huchangcun,,33.7771,117.6783,China,CN,CHN,Anhui,Anhui,CN-AH,,,765.4,,,3,Asia/Shanghai,FALSE,1156157852
Huchangcun,Huchangcun,,30.8613,116.0262,China,CN,CHN,Anhui,Anhui,CN-AH,,,51.5,,,4,Asia/Shanghai,TRUE,1156448501
Yangliucun,Yangliucun,,34.3849,107.6188,China,CN,CHN,Shaanxi,Shaanxi,CN-SN,,,682.8,,,3,Asia/Shanghai,FALSE,1156590347
Yangliucun,Yangliucun,,35.6626,109.8047,China,CN,CHN,Shaanxi,Shaanxi,CN-SN,,,66.9,,,4,Asia/Shanghai,TRUE,1156826661
Jilongwei,Jilongwei,,23.6558,112.6480,China,CN,CHN,Guangdong,Guangdong,CN-GD,,,301.4,,,3,Asia/Shanghai,FALSE,1156214720
Guishentan,Guishentan,,30.3329,114.0028,China,CN,CHN,Hubei,Hubei,CN-HB,,,274.3,,,3,Asia/Shanghai,FALSE,1156717681
Shanchengzi,Shanchengzi,,40.6497,122.9384,China,CN,CHN,Liaoning,Liaoning,CN-LN,,,276.8,,,3,Asia/Shanghai,FALSE,1156835466
Shanchengzi,Shanchengzi,,41.3989,124.1586,China,CN,CHN,Liaoning,Liaoning,CN-LN,,,192.7,,,4,Asia/Shanghai,TRUE,1156386078
Shanchengzi,Shanchengzi,,41.6193,123.6956,China,CN,CHN,Liaoning,Liaoning,CN-LN,,,150.3,,,4,Asia/Shanghai,TRUE,1156870145
Shanchengzi,Shanchengzi,,40.8220,124.5630,China,CN,CHN,Liaoning,Liaoning,CN-LN,,,141.0,,,4,Asia/Shanghai,TRUE,1156343784
Shanchengzi,Shanchengzi,,42.0314,123.7802,China,CN,CHN,Liaoning,Liaoning,CN-LN,,,11.0,,,4,Asia/Shanghai,TRUE,1156277977
Xiaosangcun,Xiaosangcun,Xiaosang,25.4005,109.1245,China,CN,CHN,Guangxi,Guangxi,CN-GX,,,54.1,,,4,Asia/Shanghai,FALSE,1156298195
Qiekeqiekecun,Qiekeqiekecun,,39.3581,77.6762,China,CN,CHN,Xinjiang,Xinjiang,CN-XJ,,,108.0,,,4,Asia/Shanghai,FALSE,1156176942
Yiliujiucun,Yiliujiucun,,50.2832,125.7271,China,CN,CHN,Heilongjiang,Heilongjiang,CN-HL,province,,9.8,,,5,Asia/Shanghai,FALSE,1156188095
Yangliucun,Yangliucun,Yangliu,37.6253,118.3752,China,CN,CHN,Shandong,Shandong,CN-SD,,,810.0,,,3,Asia/Shanghai,FALSE,1156039046
Yangliucun,Yangliucun,,35.9970,117.5298,China,CN,CHN,Shandong,Shandong,CN-SD,,,634.2,,,3,Asia/Shanghai,TRUE,1156490440
Yangliucun,Yangliucun,,35.7824,117.1001,China,CN,CHN,Shandong,Shandong,CN-SD,,,610.3,,,3,Asia/Shanghai,TRUE,1156739789
Yangliucun,Yangliucun,,37.5111,117.5977,China,CN,CHN,Shandong,Shandong,CN-SD,,,609.4,,,3,Asia/Shanghai,TRUE,1156490439
Yangliucun,Yangliucun,,36.9309,117.1526,China,CN,CHN,Shandong,Shandong,CN-SD,,,547.1,,,3,Asia/Shanghai,TRUE,1156455576
Yangliucun,Yangliucun,,35.4890,116.2500,China,CN,CHN,Shandong,Shandong,CN-SD,,,418.3,,,3,Asia/Shanghai,TRUE,1156490438
Yangliucun,Yangliucun,,31.0370,107.3637,China,CN,CHN,Sichuan,Sichuan,CN-SC,,,313.2,,,3,Asia/Shanghai,FALSE,1156560558
Zhaojia Linchang,Zhaojia Linchang,,41.6634,124.5756,China,CN,CHN,Liaoning,Liaoning,CN-LN,,,27.5,,,4,Asia/Shanghai,FALSE,1156172981
Shangwutu,Shangwutu,,25.0641,117.8427,China,CN,CHN,Fujian,Fujian,CN-FJ,,,64.7,,,4,Asia/Shanghai,FALSE,1156245854
Daditou,Daditou,,27.7027,104.9780,China,CN,CHN,Yunnan,Yunnan,CN-YN,,,479.0,,,3,Asia/Shanghai,FALSE,1156540656
Daditou,Daditou,,27.4605,104.6760,China,CN,CHN,Yunnan,Yunnan,CN-YN,,,347.0,,,3,Asia/Shanghai,TRUE,1156114800
Daditou,Daditou,,26.4345,104.1040,China,CN,CHN,Yunnan,Yunnan,CN-YN,,,226.1,,,3,Asia/Shanghai,TRUE,1156793462
Daditou,Daditou,,26.4399,103.8467,China,CN,CHN,Yunnan,Yunnan,CN-YN,,,186.3,,,4,Asia/Shanghai,TRUE,1156741455
Daditou,Daditou,,26.3184,104.4100,China,CN,CHN,Yunnan,Yunnan,CN-YN,,,178.5,,,4,Asia/Shanghai,TRUE,1156158984
Daditou,Daditou,,26.4220,103.9010,China,CN,CHN,Yunnan,Yunnan,CN-YN,,,175.1,,,4,Asia/Shanghai,TRUE,1156905590
Daditou,Daditou,,25.8481,104.3830,China,CN,CHN,Yunnan,Yunnan,CN-YN,,,158.5,,,4,Asia/Shanghai,TRUE,1156826040
Daditou,Daditou,,26.6495,103.3500,China,CN,CHN,Yunnan,Yunnan,CN-YN,,,139.6,,,4,Asia/Shanghai,TRUE,1156237028
Daditou,Daditou,,27.9457,104.1110,China,CN,CHN,Yunnan,Yunnan,CN-YN,,,134.5,,,4,Asia/Shanghai,TRUE,1156740314
Daditou,Daditou,,26.2992,103.8420,China,CN,CHN,Yunnan,Yunnan,CN-YN,,,121.9,,,4,Asia/Shanghai,TRUE,1156676135
Daditou,Daditou,,26.0074,103.6470,China,CN,CHN,Yunnan,Yunnan,CN-YN,,,121.5,,,4,Asia/Shanghai,TRUE,1156364204
Daditou,Daditou,,25.3844,103.6930,China,CN,CHN,Yunnan,Yunnan,CN-YN,,,109.6,,,4,Asia/Shanghai,TRUE,1156542197
Daditou,Daditou,,26.2869,103.7200,China,CN,CHN,Yunnan,Yunnan,CN-YN,,,101.0,,,4,Asia/Shanghai,TRUE,1156971811
Daditou,Daditou,,25.6016,99.3783,China,CN,CHN,Yunnan,Yunnan,CN-YN,,,71.2,,,4,Asia/Shanghai,TRUE,1156231700
Qutoushan,Qutoushan,,33.9167,104.5474,China,CN,CHN,Gansu,Gansu,CN-GS,,,42.3,,,4,Asia/Shanghai,FALSE,1156430260
Oujia Quanzi,Oujia Quanzi,,30.5158,111.3080,China,CN,CHN,Hubei,Hubei,CN-HB,,,182.9,,,4,Asia/Shanghai,FALSE,1156850901
Yilingsantuan Yilinglian,Yilingsantuan Yilinglian,,44.5261,87.5254,China,CN,CHN,Xinjiang,Xinjiang,CN-XJ,,,17.8,,,4,Asia/Shanghai,FALSE,1156357738
Xiaobai Shiwo,Xiaobai Shiwo,,35.5768,118.4323,China,CN,CHN,Shandong,Shandong,CN-SD,,,1558.5,,,3,Asia/Shanghai,FALSE,1156504828
Reshui,Reshui,,26.8044,102.9730,China,CN,CHN,Sichuan,Sichuan,CN-SC,,,357.2,,,3,Asia/Shanghai,FALSE,1156053551
Reshui,Reshui,,27.0763,102.1720,China,CN,CHN,Sichuan,Sichuan,CN-SC,,,137.8,,,4,Asia/Shanghai,TRUE,1156227032
Reshui,Reshui,,28.1080,102.2870,China,CN,CHN,Sichuan,Sichuan,CN-SC,,,102.4,,,4,Asia/Shanghai,TRUE,1156341047
Xiaosangcun,Xiaosangcun,,24.0714,116.0736,China,CN,CHN,Guangdong,Guangdong,CN-GD,,,128.7,,,4,Asia/Shanghai,FALSE,1156343408
Hengdaogou,Hengdaogou,,44.2061,125.9873,China,CN,CHN,Jilin,Jilin,CN-JL,,,277.5,,,3,Asia/Shanghai,FALSE,1156457461
Dongdong Gezhuangcun,Dongdong Gezhuangcun,,36.7951,120.9041,China,CN,CHN,Shandong,Shandong,CN-SD,,,215.9,,,3,Asia/Shanghai,FALSE,1156477765
Shuang’anzi,Shuang'anzi,,39.1337,114.9449,China,CN,CHN,Hebei,Hebei,CN-HE,,,15.5,,,4,Asia/Shanghai,FALSE,1156547443
Lugba,Lugba,Diya Qu|Luba,31.7132,79.2513,China,CN,CHN,Tibet,Tibet,CN-XZ,,,0.6,,,5,Asia/Shanghai,FALSE,1156150977
Haifang Shizu,Haifang Shizu,,33.2006,120.5770,China,CN,CHN,Jiangsu,Jiangsu,CN-JS,,,400.5,,,3,Asia/Shanghai,FALSE,1156944620
Haifang Shizu,Haifang Shizu,,31.2778,119.0109,China,CN,CHN,Jiangsu,Jiangsu,CN-JS,,,318.0,,,3,Asia/Shanghai,TRUE,1156068537
Miaobeihou,Miaobeihou,,29.6747,120.9117,China,CN,CHN,Zhejiang,Zhejiang,CN-ZJ,,,75.6,,,4,Asia/Shanghai,FALSE,1156823068
Nalicun Nongchang,Nalicun Nongchang,,19.4444,108.9471,China,CN,CHN,Hainan,Hainan,CN-HI,,,158.4,,,4,Asia/Shanghai,FALSE,1156252767
Quxi,Quxi,,25.9297,117.8655,China,CN,CHN,Fujian,Fujian,CN-FJ,,,85.9,,,4,Asia/Shanghai,FALSE,1156450746
Sangmucun,Sangmucun,,29.6569,90.9698,China,CN,CHN,Tibet,Tibet,CN-XZ,,,16.7,,,4,Asia/Shanghai,FALSE,1156192091
Zhizhongcun,Zhizhongcun,Zhizhongtun,42.7536,124.6886,China,CN,CHN,Liaoning,Liaoning,CN-LN,,,442.3,,,3,Asia/Shanghai,FALSE,1156419295
Fumafen,Fumafen,,31.0178,104.5090,China,CN,CHN,Sichuan,Sichuan,CN-SC,,,331.7,,,3,Asia/Shanghai,FALSE,1156608160
Xiaoyuncun,Xiaoyuncun,,34.9038,116.3809,China,CN,CHN,Shandong,Shandong,CN-SD,,,664.0,,,3,Asia/Shanghai,FALSE,1156472999
Wangjialu,Wangjialu,,45.8056,125.3664,China,CN,CHN,Heilongjiang,Heilongjiang,CN-HL,,,158.4,,,4,Asia/Shanghai,FALSE,1156327339
Huanghe,Huanghe,,27.8785,119.4646,China,CN,CHN,Zhejiang,Zhejiang,CN-ZJ,,,124.3,,,4,Asia/Shanghai,FALSE,1156722626
Honghuayan,Honghuayan,,29.9216,107.7920,China,CN,CHN,Chongqing,Chongqing,CN-CQ,,,161.9,,,4,Asia/Shanghai,FALSE,1156336189
Yetan,Yetan,,32.4880,110.4662,China,CN,CHN,Hubei,Hubei,CN-HB,,,25.9,,,4,Asia/Shanghai,FALSE,1156927297
Manaobucun,Manaobucun,,34.8824,117.8921,China,CN,CHN,Shandong,Shandong,CN-SD,,,556.8,,,3,Asia/Shanghai,FALSE,1156509167
Tangxin,Tangxin,,30.7101,119.1358,China,CN,CHN,Anhui,Anhui,CN-AH,,,169.4,,,4,Asia/Shanghai,FALSE,1156171819
Yilong,Yilong,,31.2400,89.8710,China,CN,CHN,Tibet,Tibet,CN-XZ,,,2.4,,,5,Asia/Shanghai,FALSE,1156009231
Xiaodongguan,Xiaodongguan,,34.6914,119.1394,China,CN,CHN,Jiangsu,Jiangsu,CN-JS,,,503.2,,,3,Asia/Shanghai,FALSE,1156268114
Abikangba,Abikangba,,30.9710,87.3216,China,CN,CHN,Tibet,Tibet,CN-XZ,,,1.3,,,5,Asia/Shanghai,FALSE,1156658617
Xidiyang,Xidiyang,,38.4626,115.1530,China,CN,CHN,Hebei,Hebei,CN-HE,,,603.0,,,3,Asia/Shanghai,FALSE,1156257352
Zhoujia’ancun,Zhoujia'ancun,,37.6080,120.5427,China,CN,CHN,Shandong,Shandong,CN-SD,,,2077.3,,,2,Asia/Shanghai,FALSE,1156511313
Zhoujia’ancun,Zhoujia'ancun,,30.9290,107.4097,China,CN,CHN,Sichuan,Sichuan,CN-SC,,,268.9,,,3,Asia/Shanghai,FALSE,1156567749
Zichala,Zichala,,26.8409,100.9460,China,CN,CHN,Yunnan,Yunnan,CN-YN,,,58.5,,,4,Asia/Shanghai,FALSE,1156620954
Zhaxizhebengcun,Zhaxizhebengcun,,29.8818,93.2378,China,CN,CHN,Tibet,Tibet,CN-XZ,,,7.8,,,5,Asia/Shanghai,FALSE,1156001864
Jinjiazhuang,Jinjiazhuang,,36.0462,111.5559,China,CN,CHN,Shanxi,Shanxi,CN-SX,,,8021.5,,,2,Asia/Shanghai,FALSE,1156136910
Jinjiazhuang,Jinjiazhuang,,39.5951,113.5742,China,CN,CHN,Shanxi,Shanxi,CN-SX,,,266.1,,,3,Asia/Shanghai,TRUE,1156837557
Jinjiazhuang,Jinjiazhuang,,38.6211,112.4197,China,CN,CHN,Shanxi,Shanxi,CN-SX,,,132.0,,,4,Asia/Shanghai,TRUE,1156274394
Jinjiazhuang,Jinjiazhuang,,37.8295,113.3137,China,CN,CHN,Shanxi,Shanxi,CN-SX,,,35.5,,,4,Asia/Shanghai,TRUE,1156060385
Cijingpo,Cijingpo,,38.2579,103.1180,China,CN,CHN,Gansu,Gansu,CN-GS,,,33.1,,,4,Asia/Shanghai,FALSE,1156049976
Xiaobicun,Xiaobicun,,28.1103,118.5134,China,CN,CHN,Fujian,Fujian,CN-FJ,,,67.4,,,4,Asia/Shanghai,FALSE,1156385004
Guanshang,Guanshang,,24.2267,102.5700,China,CN,CHN,Yunnan,Yunnan,CN-YN,,,332.5,,,3,Asia/Shanghai,FALSE,1156683539
Guanshang,Guanshang,,26.1833,103.0940,China,CN,CHN,Yunnan,Yunnan,CN-YN,,,161.0,,,4,Asia/Shanghai,TRUE,1156937152
Guanshang,Guanshang,,24.3916,103.2410,China,CN,CHN,Yunnan,Yunnan,CN-YN,,,120.2,,,4,Asia/Shanghai,TRUE,1156638535
Guanshang,Guanshang,,24.8487,100.8810,China,CN,CHN,Yunnan,Yunnan,CN-YN,,,106.2,,,4,Asia/Shanghai,TRUE,1156251736
Guanshang,Guanshang,,25.8637,100.3320,China,CN,CHN,Yunnan,Yunnan,CN-YN,,,96.1,,,4,Asia/Shanghai,TRUE,1156257514
Guanshang,Guanshang,,25.5188,101.3790,China,CN,CHN,Yunnan,Yunnan,CN-YN,,,65.0,,,4,Asia/Shanghai,TRUE,1156055794
Guanshang,Guanshang,,25.5406,99.4960,China,CN,CHN,Yunnan,Yunnan,CN-YN,,,24.5,,,4,Asia/Shanghai,TRUE,1156183344
Xiwanghe,Xiwanghe,,40.0971,116.2325,China,CN,CHN,Beijing,Beijing,CN-BJ,,,1602.9,,,3,Asia/Shanghai,FALSE,1156274729
Jiushe,Jiushe,,23.1387,110.3260,China,CN,CHN,Guangxi,Guangxi,CN-GX,,,291.7,,,3,Asia/Shanghai,FALSE,1156070770
Jiushe,Jiushe,,24.2012,109.6050,China,CN,CHN,Guangxi,Guangxi,CN-GX,,,87.6,,,4,Asia/Shanghai,TRUE,1156527099
Zitongguancun,Zitongguancun,,31.0910,107.7121,China,CN,CHN,Sichuan,Sichuan,CN-SC,,,565.8,,,3,Asia/Shanghai,FALSE,1156561616
Xizhangxincun,Xizhangxincun,,37.8891,117.2462,China,CN,CHN,Hebei,Hebei,CN-HE,,,352.3,,,3,Asia/Shanghai,FALSE,1156506166
Donghe,Donghe,,38.2350,106.2500,China,CN,CHN,Ningxia,Ningxia,CN-NX,,,1114.8,,,3,Asia/Shanghai,FALSE,1156163712
Donghe,Donghe,,37.4031,105.5710,China,CN,CHN,Ningxia,Ningxia,CN-NX,,,214.1,,,3,Asia/Shanghai,TRUE,1156025594
Gaoqu Erdui,Gaoqu Erdui,,38.6923,106.3670,China,CN,CHN,Ningxia,Ningxia,CN-NX,,,263.1,,,3,Asia/Shanghai,FALSE,1156762280
Xianqun,Xianqun,,35.9200,102.2528,China,CN,CHN,Qinghai,Qinghai,CN-QH,,,52.2,,,4,Asia/Shanghai,FALSE,1156305971
Gemuqiao,Gemuqiao,,22.8859,111.5864,China,CN,CHN,Guangdong,Guangdong,CN-GD,,,174.1,,,4,Asia/Shanghai,FALSE,1156130285
Jinjiazhuang,Jinjiazhuang,,33.8630,106.7439,China,CN,CHN,Shaanxi,Shaanxi,CN-SN,,,27.9,,,4,Asia/Shanghai,FALSE,1156453022
Tongjiaguacun,Tongjiaguacun,,37.5101,110.0788,China,CN,CHN,Shaanxi,Shaanxi,CN-SN,,,146.2,,,4,Asia/Shanghai,FALSE,1156991605
Tanhong,Tanhong,,29.5367,106.0470,China,CN,CHN,Chongqing,Chongqing,CN-CQ,,,159.0,,,4,Asia/Shanghai,FALSE,1156374325
Gongzaitang,Gongzaitang,,21.5400,109.8331,China,CN,CHN,Guangdong,Guangdong,CN-GD,,,325.5,,,3,Asia/Shanghai,FALSE,1156065130
Shuangheqiao,Shuangheqiao,,25.2727,99.6080,China,CN,CHN,Yunnan,Yunnan,CN-YN,,,51.4,,,4,Asia/Shanghai,FALSE,1156253811
Qiaoxicun,Qiaoxicun,,23.2303,116.4299,China,CN,CHN,Guangdong,Guangdong,CN-GD,,,6742.5,,,2,Asia/Shanghai,FALSE,1156808110
Qiaoxicun,Qiaoxicun,,20.8912,110.0390,China,CN,CHN,Guangdong,Guangdong,CN-GD,,,1511.0,,,3,Asia/Shanghai,TRUE,1156477805
Baimicun,Baimicun,,30.2659,116.9796,China,CN,CHN,Anhui,Anhui,CN-AH,,,138.6,,,4,Asia/Shanghai,FALSE,1156456367
Baimicun,Baimicun,,32.3880,118.2554,China,CN,CHN,Anhui,Anhui,CN-AH,,,72.5,,,4,Asia/Shanghai,TRUE,1156948160
Haitoujin,Haitoujin,,27.5240,106.4630,China,CN,CHN,Guizhou,Guizhou,CN-GZ,,,210.8,,,3,Asia/Shanghai,FALSE,1156136825
Zhoudazhuang,Zhoudazhuang,,33.6000,116.7167,China,CN,CHN,Anhui,Anhui,CN-AH,,,433.3,,,3,Asia/Shanghai,FALSE,1156523988
Shangshuimei,Shangshuimei,,23.2149,108.9380,China,CN,CHN,Guangxi,Guangxi,CN-GX,,,625.9,,,3,Asia/Shanghai,FALSE,1156949852
Weizhushan,Weizhushan,,27.5275,111.3364,China,CN,CHN,Hunan,Hunan,CN-HN,,,224.0,,,3,Asia/Shanghai,FALSE,1156424550
Beipanjiacun,Beipanjiacun,,37.5056,120.2399,China,CN,CHN,Shandong,Shandong,CN-SD,,,433.5,,,3,Asia/Shanghai,FALSE,1156506434
Xia’anke,Xia'anke,,27.4451,100.4480,China,CN,CHN,Yunnan,Yunnan,CN-YN,,,20.7,,,4,Asia/Shanghai,FALSE,1156063590
Caijiaya,Caijiaya,,32.3284,108.8863,China,CN,CHN,Shaanxi,Shaanxi,CN-SN,,,581.3,,,3,Asia/Shanghai,FALSE,1156031588
Caijiaya,Caijiaya,,32.5438,107.8710,China,CN,CHN,Shaanxi,Shaanxi,CN-SN,,,445.4,,,3,Asia/Shanghai,TRUE,1156111245
Caijiaya,Caijiaya,,33.3475,109.9935,China,CN,CHN,Shaanxi,Shaanxi,CN-SN,,,71.8,,,4,Asia/Shanghai,TRUE,1156598783
Budongkuangcun,Budongkuangcun,,37.2355,122.3671,China,CN,CHN,Shandong,Shandong,CN-SD,,,207.5,,,3,Asia/Shanghai,FALSE,1156434355
Youzaohe,Youzaohe,,36.3978,111.0399,China,CN,CHN,Shanxi,Shanxi,CN-SX,,,13.8,,,4,Asia/Shanghai,FALSE,1156188186
Hujiazhai,Hujiazhai,,23.7868,105.1640,China,CN,CHN,Yunnan,Yunnan,CN-YN,,,153.5,,,4,Asia/Shanghai,FALSE,1156022249
Hujiazhai,Hujiazhai,,23.8436,99.2355,China,CN,CHN,Yunnan,Yunnan,CN-YN,,,149.6,,,4,Asia/Shanghai,TRUE,1156095925
Hujiazhai,Hujiazhai,,24.3415,103.9120,China,CN,CHN,Yunnan,Yunnan,CN-YN,,,52.3,,,4,Asia/Shanghai,TRUE,1156260739
Yangzhai,Yangzhai,,33.3500,115.3500,China,CN,CHN,Anhui,Anhui,CN-AH,,,988.7,,,3,Asia/Shanghai,FALSE,1156755398
Emutu,Emutu,,27.8103,110.9665,China,CN,CHN,Hunan,Hunan,CN-HN,,,68.6,,,4,Asia/Shanghai,FALSE,1156640354
Dadingjiacun,Dadingjiacun,,37.6908,120.6937,China,CN,CHN,Shandong,Shandong,CN-SD,,,332.1,,,3,Asia/Shanghai,FALSE,1156497044
Dadingjiacun,Dadingjiacun,,37.2167,120.6235,China,CN,CHN,Shandong,Shandong,CN-SD,,,279.0,,,3,Asia/Shanghai,TRUE,1156497047
Dadingjiacun,Dadingjiacun,,37.1413,120.2891,China,CN,CHN,Shandong,Shandong,CN-SD,,,193.0,,,4,Asia/Shanghai,TRUE,1156497045
Yejia,Yejia,,28.8583,106.4167,China,CN,CHN,Chongqing,Chongqing,CN-CQ,,,324.1,,,3,Asia/Shanghai,FALSE,1156227818
Yejia,Yejia,,31.3989,108.6608,China,CN,CHN,Chongqing,Chongqing,CN-CQ,,,102.0,,,4,Asia/Shanghai,TRUE,1156617799
Huirenping,Huirenping,,28.4096,107.0340,China,CN,CHN,Guizhou,Guizhou,CN-GZ,,,71.1,,,4,Asia/Shanghai,FALSE,1156373201
Caijiafancun,Caijiafancun,,29.5433,120.1305,China,CN,CHN,Zhejiang,Zhejiang,CN-ZJ,,,495.0,,,3,Asia/Shanghai,FALSE,1156394813
Wuliyao,Wuliyao,,35.9311,108.9227,China,CN,CHN,Shaanxi,Shaanxi,CN-SN,,,18.6,,,4,Asia/Shanghai,FALSE,1156849984
Baitujie,Baitujie,,26.7250,114.7125,China,CN,CHN,Jiangxi,Jiangxi,CN-JX,,,208.2,,,3,Asia/Shanghai,FALSE,1156179919
Kousongshu,Kousongshu,,24.7802,100.9200,China,CN,CHN,Yunnan,Yunnan,CN-YN,,,63.6,,,4,Asia/Shanghai,FALSE,1156431528
Lukouchang,Lukouchang,,25.6559,101.4930,China,CN,CHN,Yunnan,Yunnan,CN-YN,,,64.8,,,4,Asia/Shanghai,FALSE,1156168578
Baishecun,Baishecun,,34.8053,108.8615,China,CN,CHN,Shaanxi,Shaanxi,CN-SN,,,700.3,,,3,Asia/Shanghai,FALSE,1156150716
Maziqu,Maziqu,,36.0242,110.7330,China,CN,CHN,Shanxi,Shanxi,CN-SX,,,110.1,,,4,Asia/Shanghai,FALSE,1156699575
Wenxiangtun,Wenxiangtun,,42.5484,124.5160,China,CN,CHN,Liaoning,Liaoning,CN-LN,,,92.7,,,4,Asia/Shanghai,FALSE,1156978674
Xiaoduocun,Xiaoduocun,,34.2943,119.3285,China,CN,CHN,Jiangsu,Jiangsu,CN-JS,,,672.0,,,3,Asia/Shanghai,FALSE,1156286571
Xiaoduocun,Xiaoduocun,,34.1033,119.2295,China,CN,CHN,Jiangsu,Jiangsu,CN-JS,,,461.5,,,3,Asia/Shanghai,TRUE,1156300971
Xiaoduocun,Xiaoduocun,,33.0139,119.8779,China,CN,CHN,Jiangsu,Jiangsu,CN-JS,,,333.0,,,3,Asia/Shanghai,TRUE,1156292672
Xiaoduocun,Xiaoduocun,,33.3255,119.3411,China,CN,CHN,Jiangsu,Jiangsu,CN-JS,,,207.8,,,3,Asia/Shanghai,TRUE,1156317642
Liujialiancheng,Liujialiancheng,,38.5124,115.8600,China,CN,CHN,Hebei,Hebei,CN-HE,,,396.5,,,3,Asia/Shanghai,FALSE,1156278013
Lisi,Lisi,,22.7008,109.7570,China,CN,CHN,Guangxi,Guangxi,CN-GX,,,295.8,,,3,Asia/Shanghai,FALSE,1156205115
Shibanyan,Shibanyan,,30.8178,103.9400,China,CN,CHN,Sichuan,Sichuan,CN-SC,,,2818.8,,,2,Asia/Shanghai,FALSE,1156843039
Shibanyan,Shibanyan,,30.4270,104.4860,China,CN,CHN,Sichuan,Sichuan,CN-SC,,,925.6,,,3,Asia/Shanghai,TRUE,1156431373
Shibanyan,Shibanyan,,30.2771,104.2633,China,CN,CHN,Sichuan,Sichuan,CN-SC,,,227.6,,,3,Asia/Shanghai,TRUE,1156178695
Gaopoping,Gaopoping,,28.0866,109.2820,China,CN,CHN,Guizhou,Guizhou,CN-GZ,,,105.8,,,4,Asia/Shanghai,FALSE,1156133808
Xinsheng,Xinsheng,,24.9083,114.7827,China,CN,CHN,Jiangxi,Jiangxi,CN-JX,,,2856.4,,,2,Asia/Shanghai,FALSE,1156423442
Xinsheng,Xinsheng,,28.1340,114.5710,China,CN,CHN,Jiangxi,Jiangxi,CN-JX,,,244.9,,,3,Asia/Shanghai,TRUE,1156133214
Xinsheng,Xinsheng,,27.3899,116.5570,China,CN,CHN,Jiangxi,Jiangxi,CN-JX,,,122.9,,,4,Asia/Shanghai,TRUE,1156822450
Xinsheng,Xinsheng,,28.1664,118.1160,China,CN,CHN,Jiangxi,Jiangxi,CN-JX,,,72.8,,,4,Asia/Shanghai,TRUE,1156169172
Xinsheng,Xinsheng,,27.8043,115.2255,China,CN,CHN,Jiangxi,Jiangxi,CN-JX,,,72.7,,,4,Asia/Shanghai,TRUE,1156040975
Tangmeihucun,Tangmeihucun,,26.5769,116.2433,China,CN,CHN,Jiangxi,Jiangxi,CN-JX,,,101.2,,,4,Asia/Shanghai,FALSE,1156432321
Xiaozhuangzicun,Xiaozhuangzicun,,37.6519,120.4707,China,CN,CHN,Shandong,Shandong,CN-SD,,,1230.8,,,3,Asia/Shanghai,FALSE,1156493371
Xiaozhuangzicun,Xiaozhuangzicun,,36.7938,119.9387,China,CN,CHN,Shandong,Shandong,CN-SD,,,1086.4,,,3,Asia/Shanghai,TRUE,1156493375
Xiaozhuangzicun,Xiaozhuangzicun,,36.5867,119.2653,China,CN,CHN,Shandong,Shandong,CN-SD,,,977.6,,,3,Asia/Shanghai,TRUE,1156493378
Xiaozhuangzicun,Xiaozhuangzicun,,34.9348,118.4867,China,CN,CHN,Shandong,Shandong,CN-SD,,,678.9,,,3,Asia/Shanghai,TRUE,1156187093
Xiaozhuangzicun,Xiaozhuangzicun,,35.4724,118.8492,China,CN,CHN,Shandong,Shandong,CN-SD,,,608.0,,,3,Asia/Shanghai,TRUE,1156493382
Xiaozhuangzicun,Xiaozhuangzicun,,36.4009,119.1974,China,CN,CHN,Shandong,Shandong,CN-SD,,,578.6,,,3,Asia/Shanghai,TRUE,1156493367
Xiaozhuangzicun,Xiaozhuangzicun,,36.2932,118.8250,China,CN,CHN,Shandong,Shandong,CN-SD,,,547.4,,,3,Asia/Shanghai,TRUE,1156133205
Xiaozhuangzicun,Xiaozhuangzicun,,37.2167,117.2276,China,CN,CHN,Shandong,Shandong,CN-SD,,,544.0,,,3,Asia/Shanghai,TRUE,1156456050
Xiaozhuangzicun,Xiaozhuangzicun,,36.8565,119.0879,China,CN,CHN,Shandong,Shandong,CN-SD,,,517.3,,,3,Asia/Shanghai,TRUE,1156493376
Xiaozhuangzicun,Xiaozhuangzicun,,35.7855,118.5662,China,CN,CHN,Shandong,Shandong,CN-SD,,,495.5,,,3,Asia/Shanghai,TRUE,1156493381
Xiaozhuangzicun,Xiaozhuangzicun,,34.7609,117.5075,China,CN,CHN,Shandong,Shandong,CN-SD,,,460.6,,,3,Asia/Shanghai,TRUE,1156493377
Xiaozhuangzicun,Xiaozhuangzicun,,37.1509,122.1411,China,CN,CHN,Shandong,Shandong,CN-SD,,,269.7,,,3,Asia/Shanghai,TRUE,1156432933
Yaotao,Yaotao,,32.3833,116.6167,China,CN,CHN,Anhui,Anhui,CN-AH,,,329.8,,,3,Asia/Shanghai,FALSE,1156762271
Zhangxianyu Xiabu,Zhangxianyu Xiabu,Zhangxianyu Xiapu,40.6882,122.8800,China,CN,CHN,Liaoning,Liaoning,CN-LN,,,378.4,,,3,Asia/Shanghai,FALSE,1156371813
Waipu,Waipu,,25.2290,118.0686,China,CN,CHN,Fujian,Fujian,CN-FJ,,,761.5,,,3,Asia/Shanghai,FALSE,1156400587
Lawuyao,Lawuyao,Lawume,26.1360,101.7710,China,CN,CHN,Yunnan,Yunnan,CN-YN,,,179.7,,,4,Asia/Shanghai,FALSE,1156015200
Baiyicun,Baiyicun,,25.5463,102.4180,China,CN,CHN,Yunnan,Yunnan,CN-YN,,,243.7,,,3,Asia/Shanghai,FALSE,1156282379
Baiyicun,Baiyicun,,26.0180,100.7620,China,CN,CHN,Yunnan,Yunnan,CN-YN,,,193.1,,,4,Asia/Shanghai,TRUE,1156006894
Baiyicun,Baiyicun,,26.3513,103.6170,China,CN,CHN,Yunnan,Yunnan,CN-YN,,,190.6,,,4,Asia/Shanghai,TRUE,1156080553
Baiyicun,Baiyicun,,26.7364,103.6670,China,CN,CHN,Yunnan,Yunnan,CN-YN,,,147.5,,,4,Asia/Shanghai,TRUE,1156203923
Baiyicun,Baiyicun,,26.5065,103.3600,China,CN,CHN,Yunnan,Yunnan,CN-YN,,,135.4,,,4,Asia/Shanghai,TRUE,1156812950
Baiyicun,Baiyicun,,25.4724,102.6610,China,CN,CHN,Yunnan,Yunnan,CN-YN,,,116.3,,,4,Asia/Shanghai,TRUE,1156744294
Baiyicun,Baiyicun,,26.1058,102.6040,China,CN,CHN,Yunnan,Yunnan,CN-YN,,,112.8,,,4,Asia/Shanghai,TRUE,1156949292
Baiyicun,Baiyicun,,24.9114,102.0660,China,CN,CHN,Yunnan,Yunnan,CN-YN,,,100.6,,,4,Asia/Shanghai,TRUE,1156743216
Baiyicun,Baiyicun,,25.3566,101.2160,China,CN,CHN,Yunnan,Yunnan,CN-YN,,,49.6,,,4,Asia/Shanghai,TRUE,1156632828
Mingdui,Mingdui,,19.8853,110.7931,China,CN,CHN,Hainan,Hainan,CN-HI,,,122.3,,,4,Asia/Shanghai,FALSE,1156615312
Changganzhou,Changganzhou,,27.6557,117.8228,China,CN,CHN,Fujian,Fujian,CN-FJ,,,27.9,,,4,Asia/Shanghai,FALSE,1156151534
Helong Linchang,Helong Linchang,,29.8647,115.2599,China,CN,CHN,Hubei,Hubei,CN-HB,,,99.2,,,4,Asia/Shanghai,FALSE,1156180107
Linyuancun,Linyuancun,,44.7660,129.8824,China,CN,CHN,Heilongjiang,Heilongjiang,CN-HL,,,105.5,,,4,Asia/Shanghai,FALSE,1156356650
Zhenzhucun,Zhenzhucun,,32.2241,116.0644,China,CN,CHN,Anhui,Anhui,CN-AH,,,310.3,,,3,Asia/Shanghai,FALSE,1156262453
Lübaichang,Lubaichang,,30.0061,107.3579,China,CN,CHN,Chongqing,Chongqing,CN-CQ,,,301.7,,,3,Asia/Shanghai,FALSE,1156397400
Linyuancun,Linyuancun,,41.5698,115.2786,China,CN,CHN,Hebei,Hebei,CN-HE,,,41.3,,,4,Asia/Shanghai,FALSE,1156541973
Dahuangping,Dahuangping,,27.4825,107.9590,China,CN,CHN,Guizhou,Guizhou,CN-GZ,,,123.0,,,4,Asia/Shanghai,FALSE,1156387945
Lindong,Lindong,,30.0405,120.2548,China,CN,CHN,Zhejiang,Zhejiang,CN-ZJ,,,2304.6,,,2,Asia/Shanghai,FALSE,1156410497
Shangbanqiao,Shangbanqiao,,33.4440,104.9024,China,CN,CHN,Gansu,Gansu,CN-GS,,,127.3,,,4,Asia/Shanghai,FALSE,1156720236
Cizhuping,Cizhuping,,26.9844,102.1980,China,CN,CHN,Sichuan,Sichuan,CN-SC,,,465.0,,,3,Asia/Shanghai,FALSE,1156117137
Cizhuping,Cizhuping,,28.8062,104.2652,China,CN,CHN,Sichuan,Sichuan,CN-SC,,,311.6,,,3,Asia/Shanghai,TRUE,1156127250
Cizhuping,Cizhuping,,27.1477,102.5636,China,CN,CHN,Sichuan,Sichuan,CN-SC,,,77.9,,,4,Asia/Shanghai,TRUE,1156717935
Cizhuping,Cizhuping,,27.0542,102.6170,China,CN,CHN,Sichuan,Sichuan,CN-SC,,,50.1,,,4,Asia/Shanghai,TRUE,1156152380
Cizhuping,Cizhuping,,27.9140,103.4570,China,CN,CHN,Sichuan,Sichuan,CN-SC,,,42.8,,,4,Asia/Shanghai,TRUE,1156223620
Cizhuping,Cizhuping,,31.9049,104.3540,China,CN,CHN,Sichuan,Sichuan,CN-SC,,,36.5,,,4,Asia/Shanghai,TRUE,1156307551
Jiangfang,Jiangfang,,38.8146,113.4065,China,CN,CHN,Shanxi,Shanxi,CN-SX,,,115.6,,,4,Asia/Shanghai,FALSE,1156850741
Xiaochunyaluo,Xiaochunyaluo,,25.9876,111.7668,China,CN,CHN,Hunan,Hunan,CN-HN,,,51.0,,,4,Asia/Shanghai,FALSE,1156858811
Xinqucun,Xinqucun,,29.8200,120.8462,China,CN,CHN,Zhejiang,Zhejiang,CN-ZJ,,,230.2,,,3,Asia/Shanghai,FALSE,1156415651
Xinqucun,Xinqucun,,28.9172,120.6298,China,CN,CHN,Zhejiang,Zhejiang,CN-ZJ,,,22.2,,,4,Asia/Shanghai,TRUE,1156385768
Lejue,Lejue,,28.3783,103.0110,China,CN,CHN,Sichuan,Sichuan,CN-SC,,,155.2,,,4,Asia/Shanghai,FALSE,1156247945
Niangyong,Niangyong,,29.0763,99.8876,China,CN,CHN,Sichuan,Sichuan,CN-SC,,,9.0,,,5,Asia/Shanghai,FALSE,1156062127
Baibuna,Baibuna,,23.5706,104.4620,China,CN,CHN,Yunnan,Yunnan,CN-YN,,,116.5,,,4,Asia/Shanghai,FALSE,1156160423
Guanqiaocun,Guanqiaocun,,29.1084,120.2609,China,CN,CHN,Zhejiang,Zhejiang,CN-ZJ,,,1127.5,,,3,Asia/Shanghai,FALSE,1156413555
Guanqiaocun,Guanqiaocun,,28.4806,119.8463,China,CN,CHN,Zhejiang,Zhejiang,CN-ZJ,,,177.8,,,4,Asia/Shanghai,TRUE,1156410052
Guanqiaocun,Guanqiaocun,,29.7670,120.5620,China,CN,CHN,Zhejiang,Zhejiang,CN-ZJ,,,139.9,,,4,Asia/Shanghai,TRUE,1156415329
Jinqiaocun,Jinqiaocun,Jinqiao,25.0485,116.1445,China,CN,CHN,Fujian,Fujian,CN-FJ,,,239.4,,,3,Asia/Shanghai,FALSE,1156177233
Wenzhicun,Wenzhicun,,46.7717,126.1069,China,CN,CHN,Heilongjiang,Heilongjiang,CN-HL,,,549.5,,,3,Asia/Shanghai,FALSE,1156311187
Wenzhicun,Wenzhicun,,49.1215,125.2114,China,CN,CHN,Heilongjiang,Heilongjiang,CN-HL,,,117.5,,,4,Asia/Shanghai,TRUE,1156363335
Huangbutou,Huangbutou,,22.3123,112.4882,China,CN,CHN,Guangdong,Guangdong,CN-GD,,,453.7,,,3,Asia/Shanghai,FALSE,1156408445
Xulucun,Xulucun,,39.8110,122.9672,China,CN,CHN,Liaoning,Liaoning,CN-LN,,,217.1,,,3,Asia/Shanghai,FALSE,1156418768
Zhongliangcun,Zhongliangcun,,43.5222,87.3452,China,CN,CHN,Xinjiang,Xinjiang,CN-XJ,,,13.7,,,4,Asia/Shanghai,FALSE,1156366145
Gongde,Gongde,,22.0856,107.7070,China,CN,CHN,Guangxi,Guangxi,CN-GX,,,86.1,,,4,Asia/Shanghai,FALSE,1156037677
Gongde,Gongde,,25.5401,105.3670,China,CN,CHN,Guizhou,Guizhou,CN-GZ,,,179.3,,,4,Asia/Shanghai,FALSE,1156006494
Gaogongyuan,Gaogongyuan,,36.4748,107.0654,China,CN,CHN,Gansu,Gansu,CN-GS,,,87.5,,,4,Asia/Shanghai,FALSE,1156510931
Beiyinshan,Beiyinshan,,22.2784,110.3270,China,CN,CHN,Guangxi,Guangxi,CN-GX,,,385.2,,,3,Asia/Shanghai,FALSE,1156520507
Pingwang,Pingwang,,31.9573,118.4094,China,CN,CHN,Jiangsu,Jiangsu,CN-JS,,,381.6,,,3,Asia/Shanghai,FALSE,1156921489
Jiangjiamapingcun,Jiangjiamapingcun,,36.5059,120.6493,China,CN,CHN,Shandong,Shandong,CN-SD,,,555.9,,,3,Asia/Shanghai,FALSE,1156035896
Xialaocun,Xialaocun,,25.1110,106.7247,China,CN,CHN,Guangxi,Guangxi,CN-GX,,,17.3,,,4,Asia/Shanghai,FALSE,1156262522
Pingwang,Pingwang,,29.1964,117.2690,China,CN,CHN,Jiangxi,Jiangxi,CN-JX,,,624.3,,,3,Asia/Shanghai,FALSE,1156311992
Zhunei,Zhunei,,24.5208,117.1628,China,CN,CHN,Fujian,Fujian,CN-FJ,,,73.2,,,4,Asia/Shanghai,FALSE,1156885546
Xizhanggucun,Xizhanggucun,,37.1114,115.7355,China,CN,CHN,Hebei,Hebei,CN-HE,,,642.1,,,3,Asia/Shanghai,FALSE,1156579243
Baizhongcun,Baizhongcun,,29.2591,90.1080,China,CN,CHN,Tibet,Tibet,CN-XZ,,,14.9,,,4,Asia/Shanghai,FALSE,1156218363
Beidayingcun,Beidayingcun,,37.3230,121.9534,China,CN,CHN,Shandong,Shandong,CN-SD,,,168.6,,,4,Asia/Shanghai,FALSE,1156259527
Beiyinshan,Beiyinshan,,23.6905,115.2499,China,CN,CHN,Guangdong,Guangdong,CN-GD,,,972.0,,,3,Asia/Shanghai,FALSE,1156782652
Liugaifang,Liugaifang,,27.5406,106.2340,China,CN,CHN,Guizhou,Guizhou,CN-GZ,,,300.7,,,3,Asia/Shanghai,FALSE,1156010218
Youwen,Youwen,,19.4116,109.6030,China,CN,CHN,Hainan,Hainan,CN-HI,,,78.7,,,4,Asia/Shanghai,FALSE,1156244889
Shiwubu,Shiwubu,,47.3848,127.4220,China,CN,CHN,Heilongjiang,Heilongjiang,CN-HL,,,3.3,,,5,Asia/Shanghai,FALSE,1156301277
Lamadian,Lamadian,,34.4890,112.6364,China,CN,CHN,Henan,Henan,CN-HA,,,462.7,,,3,Asia/Shanghai,FALSE,1156362399
Shangjicun,Shangjicun,,34.9646,111.2715,China,CN,CHN,Shanxi,Shanxi,CN-SX,,,105.0,,,4,Asia/Shanghai,FALSE,1156485324
Chefengyucun,Chefengyucun,,35.8380,118.8659,China,CN,CHN,Shandong,Shandong,CN-SD,,,350.4,,,3,Asia/Shanghai,FALSE,1156109862
Lamadian,Lamadian,,41.5387,116.3864,China,CN,CHN,Hebei,Hebei,CN-HE,,,9.0,,,5,Asia/Shanghai,FALSE,1156926517
Shalinzi,Shalinzi,,33.5919,107.0550,China,CN,CHN,Shaanxi,Shaanxi,CN-SN,,,29.0,,,4,Asia/Shanghai,FALSE,1156273941
Dadijiagoucun,Dadijiagoucun,,35.4397,118.9129,China,CN,CHN,Shandong,Shandong,CN-SD,,,392.8,,,3,Asia/Shanghai,FALSE,1156258799
Jibizu,Jibizu,,24.4111,103.6380,China,CN,CHN,Yunnan,Yunnan,CN-YN,,,99.8,,,4,Asia/Shanghai,FALSE,1156182903
Chang’an Machang,Chang'an Machang,,18.8890,109.8333,China,CN,CHN,Hainan,Hainan,CN-HI,,,23.7,,,4,Asia/Shanghai,FALSE,1156300915
Xinpu,Xinpu,,39.8889,113.1737,China,CN,CHN,Shanxi,Shanxi,CN-SX,,,102.0,,,4,Asia/Shanghai,FALSE,1156509427
Jilangshan,Jilangshan,,28.4754,116.5884,China,CN,CHN,Jiangxi,Jiangxi,CN-JX,province,,272.9,,,3,Asia/Shanghai,FALSE,1156874798
Lanqi Yingzicun,Lanqi Yingzicun,,41.8052,120.8950,China,CN,CHN,Liaoning,Liaoning,CN-LN,,,25.5,,,4,Asia/Shanghai,FALSE,1156334482
Zhanghan,Zhanghan,,25.3859,112.9110,China,CN,CHN,Hunan,Hunan,CN-HN,,,706.5,,,3,Asia/Shanghai,FALSE,1156227698
Huangjiajie,Huangjiajie,,26.8323,110.1387,China,CN,CHN,Hunan,Hunan,CN-HN,,,54.6,,,4,Asia/Shanghai,FALSE,1156135088
Yimencun,Yimencun,,35.6815,113.2631,China,CN,CHN,Shanxi,Shanxi,CN-SX,,,77.7,,,4,Asia/Shanghai,FALSE,1156320444
Xinpu,Xinpu,Hsin-p’u,33.1836,107.8486,China,CN,CHN,Shaanxi,Shaanxi,CN-SN,,,86.3,,,4,Asia/Shanghai,FALSE,1156035382
Henaixi,Henaixi,,27.7787,104.7170,China,CN,CHN,Yunnan,Yunnan,CN-YN,,,362.0,,,3,Asia/Shanghai,FALSE,1156073900
Huangzhuling,Huangzhuling,,26.8309,114.2440,China,CN,CHN,Jiangxi,Jiangxi,CN-JX,,,70.7,,,4,Asia/Shanghai,FALSE,1156046355
Linli,Linli,,32.8504,113.2538,China,CN,CHN,Henan,Henan,CN-HA,,,351.4,,,3,Asia/Shanghai,FALSE,1156539513
Huali,Huali,,30.2986,108.7846,China,CN,CHN,Hubei,Hubei,CN-HB,,,126.0,,,4,Asia/Shanghai,FALSE,1156398781
Baiqiangli,Baiqiangli,,30.5962,120.8052,China,CN,CHN,Zhejiang,Zhejiang,CN-ZJ,,,810.8,,,3,Asia/Shanghai,FALSE,1156204559
Shuangmenbei,Shuangmenbei,,25.7294,116.3555,China,CN,CHN,Fujian,Fujian,CN-FJ,,,86.8,,,4,Asia/Shanghai,FALSE,1156465592
Shezijing,Shezijing,,44.7266,124.3596,China,CN,CHN,Jilin,Jilin,CN-JL,,,65.1,,,4,Asia/Shanghai,FALSE,1156799222
Guan’ewan,Guan'ewan,,34.0057,104.3816,China,CN,CHN,Gansu,Gansu,CN-GS,,,701.4,,,3,Asia/Shanghai,FALSE,1156674973
Heshidong,Heshidong,,28.4149,106.5520,China,CN,CHN,Guizhou,Guizhou,CN-GZ,,,230.9,,,3,Asia/Shanghai,FALSE,1156016294
Jiangqiancun,Jiangqiancun,,27.9895,120.7247,China,CN,CHN,Zhejiang,Zhejiang,CN-ZJ,,,4699.7,,,2,Asia/Shanghai,FALSE,1156391288
Dingyingcun,Dingyingcun,,35.1849,116.7014,China,CN,CHN,Shandong,Shandong,CN-SD,,,416.9,,,3,Asia/Shanghai,FALSE,1156468333
Yanguilin,Yanguilin,,25.4440,112.1643,China,CN,CHN,Hunan,Hunan,CN-HN,,,318.8,,,3,Asia/Shanghai,FALSE,1156501051
Sanjiaotangtun,Sanjiaotangtun,Sanjiaotang,25.0803,106.7496,China,CN,CHN,Guangxi,Guangxi,CN-GX,,,24.5,,,4,Asia/Shanghai,FALSE,1156307614
Mingdengzhai,Mingdengzhai,,24.5963,108.7390,China,CN,CHN,Guangxi,Guangxi,CN-GX,,,107.3,,,4,Asia/Shanghai,FALSE,1156009280
Changfalingcun,Changfalingcun,,42.5778,123.7729,China,CN,CHN,Liaoning,Liaoning,CN-LN,,,186.0,,,4,Asia/Shanghai,FALSE,1156420389
Qinqiao,Qinqiao,,46.8411,133.2072,China,CN,CHN,Heilongjiang,Heilongjiang,CN-HL,,,53.3,,,4,Asia/Shanghai,FALSE,1156323862
Shuanglongzhai,Shuanglongzhai,,33.4802,109.4507,China,CN,CHN,Shaanxi,Shaanxi,CN-SN,,,90.6,,,4,Asia/Shanghai,FALSE,1156226622
Wenle,Wenle,,26.6609,101.3870,China,CN,CHN,Yunnan,Yunnan,CN-YN,,,80.0,,,4,Asia/Shanghai,FALSE,1156094501
Fenwei,Fenwei,,25.4088,119.7552,China,CN,CHN,Fujian,Fujian,CN-FJ,,,558.0,,,3,Asia/Shanghai,FALSE,1156246758
Pulongmai,Pulongmai,,29.2252,93.5818,China,CN,CHN,Tibet,Tibet,CN-XZ,,,5.4,,,5,Asia/Shanghai,FALSE,1156155321
Lanwudi,Lanwudi,,23.1650,109.4500,China,CN,CHN,Guangxi,Guangxi,CN-GX,,,675.2,,,3,Asia/Shanghai,FALSE,1156000946
Xiaowazhe,Xiaowazhe,,25.2002,100.4630,China,CN,CHN,Yunnan,Yunnan,CN-YN,,,96.2,,,4,Asia/Shanghai,FALSE,1156123268
Beihezhuang Ercun,Beihezhuang Ercun,,37.5599,114.8683,China,CN,CHN,Hebei,Hebei,CN-HE,,,993.0,,,3,Asia/Shanghai,FALSE,1156579483
Zhanghualou,Zhanghualou,,34.6363,113.7745,China,CN,CHN,Henan,Henan,CN-HA,,,776.7,,,3,Asia/Shanghai,FALSE,1156130302
Wengmenguan,Wengmenguan,,31.1727,115.7122,China,CN,CHN,Hubei,Hubei,CN-HB,,,24.0,,,4,Asia/Shanghai,FALSE,1156035587
Lizhan,Lizhan,,19.9064,109.9462,China,CN,CHN,Hainan,Hainan,CN-HI,,,275.0,,,3,Asia/Shanghai,FALSE,1156746421
Cangge,Cangge,,30.0072,93.4285,China,CN,CHN,Tibet,Tibet,CN-XZ,,,2.5,,,5,Asia/Shanghai,FALSE,1156528738
Daguangcun,Daguangcun,,31.1235,120.6738,China,CN,CHN,Jiangsu,Jiangsu,CN-JS,,,2608.0,,,2,Asia/Shanghai,FALSE,1156103379
Fenling,Fenling,,36.7700,113.9090,China,CN,CHN,Hebei,Hebei,CN-HE,,,798.9,,,3,Asia/Shanghai,FALSE,1156077186
Dongchan,Dongchan,,30.4406,105.7840,China,CN,CHN,Sichuan,Sichuan,CN-SC,,,274.8,,,3,Asia/Shanghai,FALSE,1156142134
Dongchan,Dongchan,Tung-ch’an,30.3330,105.3419,China,CN,CHN,Sichuan,Sichuan,CN-SC,,,123.0,,,4,Asia/Shanghai,TRUE,1156353891
Xi’erwu Dadui,Xi'erwu Dadui,,30.2978,121.1673,China,CN,CHN,Zhejiang,Zhejiang,CN-ZJ,,,902.0,,,3,Asia/Shanghai,FALSE,1156035451
Madangcun,Madangcun,,31.5488,116.9568,China,CN,CHN,Anhui,Anhui,CN-AH,,,470.8,,,3,Asia/Shanghai,FALSE,1156116187
Bawei,Bawei,,23.2673,104.8250,China,CN,CHN,Yunnan,Yunnan,CN-YN,,,161.6,,,4,Asia/Shanghai,FALSE,1156978725
Bawei,Bawei,,23.8686,99.2055,China,CN,CHN,Yunnan,Yunnan,CN-YN,,,149.6,,,4,Asia/Shanghai,TRUE,1156619647
Bawei,Bawei,,24.5356,99.1513,China,CN,CHN,Yunnan,Yunnan,CN-YN,,,95.0,,,4,Asia/Shanghai,TRUE,1156151188
Bawei,Bawei,,24.4344,105.0460,China,CN,CHN,Yunnan,Yunnan,CN-YN,,,93.5,,,4,Asia/Shanghai,TRUE,1156015816
Bawei,Bawei,,23.2271,99.2790,China,CN,CHN,Yunnan,Yunnan,CN-YN,,,90.7,,,4,Asia/Shanghai,TRUE,1156512529
Bawei,Bawei,,22.8026,100.1990,China,CN,CHN,Yunnan,Yunnan,CN-YN,,,66.9,,,4,Asia/Shanghai,TRUE,1156505088
Baiyunsi,Baiyunsi,,35.4749,113.5122,China,CN,CHN,Henan,Henan,CN-HA,,,203.8,,,3,Asia/Shanghai,FALSE,1156065591
Baiyunsi,Baiyunsi,,32.0249,113.9291,China,CN,CHN,Henan,Henan,CN-HA,,,94.9,,,4,Asia/Shanghai,TRUE,1156000512
Baiyunsi,Baiyunsi,,33.3133,112.2326,China,CN,CHN,Henan,Henan,CN-HA,,,45.7,,,4,Asia/Shanghai,TRUE,1156003200
Nishiling,Nishiling,,27.6558,115.8369,China,CN,CHN,Jiangxi,Jiangxi,CN-JX,,,250.2,,,3,Asia/Shanghai,FALSE,1156124110
Guze Shequ,Guze Shequ,,37.2721,79.7273,China,CN,CHN,Xinjiang,Xinjiang,CN-XJ,,,1485.4,,,3,Asia/Shanghai,FALSE,1156478713
Cunzitou,Cunzitou,,28.6073,103.8530,China,CN,CHN,Yunnan,Yunnan,CN-YN,,,416.1,,,3,Asia/Shanghai,FALSE,1156137603
Shangmeizhai,Shangmeizhai,,24.0442,117.6789,China,CN,CHN,Fujian,Fujian,CN-FJ,,,980.9,,,3,Asia/Shanghai,FALSE,1156103600
Yangcun,Yangcun,,40.0933,115.8714,China,CN,CHN,Beijing,Beijing,CN-BJ,,,33.9,,,4,Asia/Shanghai,FALSE,1156088382
Luolichai,Luolichai,,35.5057,105.8431,China,CN,CHN,Ningxia,Ningxia,CN-NX,,,163.4,,,4,Asia/Shanghai,FALSE,1156762411
Gexinggucun,Gexinggucun,Gexinggu,36.2254,115.3820,China,CN,CHN,Hebei,Hebei,CN-HE,,,547.7,,,3,Asia/Shanghai,FALSE,1156051386
Yashangcun,Yashangcun,,33.6554,104.8190,China,CN,CHN,Gansu,Gansu,CN-GS,,,81.9,,,4,Asia/Shanghai,FALSE,1156211716
Fanjiachong,Fanjiachong,,27.0320,108.7600,China,CN,CHN,Guizhou,Guizhou,CN-GZ,,,99.8,,,4,Asia/Shanghai,FALSE,1156930676
Baishiling Shiliudui,Baishiling Shiliudui,,19.1630,110.4370,China,CN,CHN,Hainan,Hainan,CN-HI,,,566.9,,,3,Asia/Shanghai,FALSE,1156008811
Pianlianzicun,Pianlianzicun,,47.0172,130.7473,China,CN,CHN,Heilongjiang,Heilongjiang,CN-HL,,,596.1,,,3,Asia/Shanghai,FALSE,1156313585
Longcheng,Longcheng,,32.0930,120.3823,China,CN,CHN,Jiangsu,Jiangsu,CN-JS,,,756.4,,,3,Asia/Shanghai,FALSE,1156602056
Longcheng,Longcheng,,31.5394,119.0070,China,CN,CHN,Jiangsu,Jiangsu,CN-JS,,,208.5,,,3,Asia/Shanghai,TRUE,1156106304
Puxian,Puxian,,25.4377,110.3920,China,CN,CHN,Guangxi,Guangxi,CN-GX,,,72.9,,,4,Asia/Shanghai,FALSE,1156090919
Weiya,Weiya,,30.4920,107.7077,China,CN,CHN,Chongqing,Chongqing,CN-CQ,,,92.7,,,4,Asia/Shanghai,FALSE,1156255897
Diaosimao,Diaosimao,,23.2319,115.9189,China,CN,CHN,Guangdong,Guangdong,CN-GD,,,218.3,,,3,Asia/Shanghai,FALSE,1156107799
Zhonglai,Zhonglai,,32.8920,120.7016,China,CN,CHN,Jiangsu,Jiangsu,CN-JS,,,34.4,,,4,Asia/Shanghai,FALSE,1156934419
Landun,Landun,,24.4496,110.4710,China,CN,CHN,Guangxi,Guangxi,CN-GX,,,132.3,,,4,Asia/Shanghai,FALSE,1156652311
Baozhuancun,Baozhuancun,,31.6524,117.2283,China,CN,CHN,Anhui,Anhui,CN-AH,,,269.1,,,3,Asia/Shanghai,FALSE,1156878519
Longcheng,Longcheng,Pengze Xian|Longcheng Zhen|P’eng-tse Hsien,29.8991,116.5511,China,CN,CHN,Jiangxi,Jiangxi,CN-JX,,minor,1137.6,,,3,Asia/Shanghai,FALSE,1156088337
Longcheng,Longcheng,,26.9950,114.2180,China,CN,CHN,Jiangxi,Jiangxi,CN-JX,,,697.6,,,3,Asia/Shanghai,TRUE,1156887290
Longcheng,Longcheng,,28.1021,115.2020,China,CN,CHN,Jiangxi,Jiangxi,CN-JX,,,117.9,,,4,Asia/Shanghai,TRUE,1156210839
Longcheng,Longcheng,,28.3534,114.9658,China,CN,CHN,Jiangxi,Jiangxi,CN-JX,,,110.8,,,4,Asia/Shanghai,TRUE,1156226381
Zhonglai,Zhonglai,,25.7290,115.8960,China,CN,CHN,Jiangxi,Jiangxi,CN-JX,,,234.9,,,3,Asia/Shanghai,FALSE,1156674065
Jiala Maili,Jiala Maili,,37.6457,78.2975,China,CN,CHN,Xinjiang,Xinjiang,CN-XJ,,,100.3,,,4,Asia/Shanghai,FALSE,1156565990
Datuwan,Datuwan,,29.1501,105.1530,China,CN,CHN,Sichuan,Sichuan,CN-SC,,,506.2,,,3,Asia/Shanghai,FALSE,1156865644
Dazhangtun,Dazhangtun,,38.7000,116.8833,China,CN,CHN,Tianjin,Tianjin,CN-TJ,,,569.2,,,3,Asia/Shanghai,FALSE,1156690382
Zhao’ancun,Zhao'ancun,,34.5849,116.1351,China,CN,CHN,Shandong,Shandong,CN-SD,,,369.7,,,3,Asia/Shanghai,FALSE,1156894517
Fushancun,Fushancun,,31.6225,120.1553,China,CN,CHN,Jiangsu,Jiangsu,CN-JS,,,2468.1,,,2,Asia/Shanghai,FALSE,1156362868
Fushancun,Fushancun,,31.8091,120.7561,China,CN,CHN,Jiangsu,Jiangsu,CN-JS,,,993.3,,,3,Asia/Shanghai,TRUE,1156369456
Fushancun,Fushancun,,31.9585,121.4987,China,CN,CHN,Jiangsu,Jiangsu,CN-JS,,,457.6,,,3,Asia/Shanghai,TRUE,1156368424
Fushancun,Fushancun,,34.4303,119.3717,China,CN,CHN,Jiangsu,Jiangsu,CN-JS,,,323.6,,,3,Asia/Shanghai,TRUE,1156286739
Fushancun,Fushancun,,31.7195,119.1891,China,CN,CHN,Jiangsu,Jiangsu,CN-JS,,,250.6,,,3,Asia/Shanghai,TRUE,1156283520
Gyawo,Gyawo,Jiawa,29.0010,92.1010,China,CN,CHN,Tibet,Tibet,CN-XZ,,,14.2,,,4,Asia/Shanghai,FALSE,1156851503
Majia Xiazhuang,Majia Xiazhuang,,38.2377,101.7350,China,CN,CHN,Gansu,Gansu,CN-GS,,,28.1,,,4,Asia/Shanghai,FALSE,1156570200
Dukoucun,Dukoucun,,25.1639,119.0624,China,CN,CHN,Fujian,Fujian,CN-FJ,,,915.0,,,3,Asia/Shanghai,FALSE,1156438921
Dukoucun,Dukoucun,Dukou,26.2019,118.8898,China,CN,CHN,Fujian,Fujian,CN-FJ,,,782.5,,,3,Asia/Shanghai,TRUE,1156236461
Yidadui Liuzhongdui,Yidadui Liuzhongdui,,36.5881,99.4643,China,CN,CHN,Qinghai,Qinghai,CN-QH,,,4.7,,,5,Asia/Shanghai,FALSE,1156021806
Gongqian,Gongqian,,24.7648,118.4988,China,CN,CHN,Fujian,Fujian,CN-FJ,,,2073.8,,,2,Asia/Shanghai,FALSE,1156457615
Gongqian,Gongqian,,25.0917,118.2446,China,CN,CHN,Fujian,Fujian,CN-FJ,,,136.4,,,4,Asia/Shanghai,TRUE,1156025455
Gongqian,Gongqian,,24.8767,117.3861,China,CN,CHN,Fujian,Fujian,CN-FJ,,,84.9,,,4,Asia/Shanghai,TRUE,1156844914
Gongqian,Gongqian,,24.6131,117.3007,China,CN,CHN,Fujian,Fujian,CN-FJ,,,56.1,,,4,Asia/Shanghai,TRUE,1156048986
Gongqian,Gongqian,,27.4872,117.5832,China,CN,CHN,Fujian,Fujian,CN-FJ,,,34.3,,,4,Asia/Shanghai,TRUE,1156593611
Lanshucun,Lanshucun,Lanshu,24.6671,108.3721,China,CN,CHN,Guangxi,Guangxi,CN-GX,,,191.6,,,4,Asia/Shanghai,FALSE,1156476457
Liudao Linchang,Liudao Linchang,,46.1065,131.8887,China,CN,CHN,Heilongjiang,Heilongjiang,CN-HL,,,34.9,,,4,Asia/Shanghai,FALSE,1156539230
Puzicun,Puzicun,,21.5337,111.1884,China,CN,CHN,Guangdong,Guangdong,CN-GD,,,1331.9,,,3,Asia/Shanghai,FALSE,1156556127
Puzicun,Puzicun,,22.3647,113.5471,China,CN,CHN,Guangdong,Guangdong,CN-GD,,,1157.7,,,3,Asia/Shanghai,TRUE,1156556131
Puzicun,Puzicun,,21.6782,111.5914,China,CN,CHN,Guangdong,Guangdong,CN-GD,,,12.8,,,4,Asia/Shanghai,TRUE,1156556129
Puzicun,Puzicun,,23.4375,115.8836,China,CN,CHN,Guangdong,Guangdong,CN-GD,,,6.6,,,5,Asia/Shanghai,TRUE,1156044080
Qiongkan’erzicun,Qiongkan'erzicun,Qiongkan’erzi,42.7718,89.3555,China,CN,CHN,Xinjiang,Xinjiang,CN-XJ,,,143.9,,,4,Asia/Shanghai,FALSE,1156191138
Sumabucun,Sumabucun,,41.4826,123.0297,China,CN,CHN,Liaoning,Liaoning,CN-LN,,,341.8,,,3,Asia/Shanghai,FALSE,1156355611
Daweigou,Daweigou,,40.8296,123.0243,China,CN,CHN,Liaoning,Liaoning,CN-LN,,,194.3,,,4,Asia/Shanghai,FALSE,1156954088
Daweigou,Daweigou,,40.7764,120.2840,China,CN,CHN,Liaoning,Liaoning,CN-LN,,,87.4,,,4,Asia/Shanghai,TRUE,1156344236
Caijiadi,Caijiadi,,34.1933,104.3372,China,CN,CHN,Gansu,Gansu,CN-GS,,,193.2,,,4,Asia/Shanghai,FALSE,1156558733
Xiaodian Yakou,Xiaodian Yakou,,25.3621,102.4370,China,CN,CHN,Yunnan,Yunnan,CN-YN,,,243.1,,,3,Asia/Shanghai,FALSE,1156284556
Sanzhang,Sanzhang,,33.9175,118.0209,China,CN,CHN,Jiangsu,Jiangsu,CN-JS,,,434.1,,,3,Asia/Shanghai,FALSE,1156936874
Touyao,Touyao,,19.9359,109.6915,China,CN,CHN,Hainan,Hainan,CN-HI,,,725.2,,,3,Asia/Shanghai,FALSE,1156083369
Baishuica Linchang,Baishuica Linchang,,24.0939,114.1950,China,CN,CHN,Guangdong,Guangdong,CN-GD,,,484.9,,,3,Asia/Shanghai,FALSE,1156005524
Sancheng Renhao,Sancheng Renhao,,40.9312,110.2288,China,CN,CHN,Inner Mongolia,Inner Mongolia,CN-NM,,,46.4,,,4,Asia/Shanghai,FALSE,1156140295
Daibu,Daibu,,36.3028,106.2316,China,CN,CHN,Ningxia,Ningxia,CN-NX,,,130.7,,,4,Asia/Shanghai,FALSE,1156049393
Longsuozhai,Longsuozhai,,23.3896,104.4220,China,CN,CHN,Yunnan,Yunnan,CN-YN,,,79.7,,,4,Asia/Shanghai,FALSE,1156224133
Qianguocun,Qianguocun,,33.3383,115.3881,China,CN,CHN,Anhui,Anhui,CN-AH,,,493.1,,,3,Asia/Shanghai,FALSE,1156096978
Dongnancun,Dongnancun,,34.2631,111.5294,China,CN,CHN,Henan,Henan,CN-HA,,,74.7,,,4,Asia/Shanghai,FALSE,1156566850
Duoqianda,Duoqianda,,32.2025,97.2979,China,CN,CHN,Tibet,Tibet,CN-XZ,,,5.3,,,5,Asia/Shanghai,FALSE,1156207075
Dasijia,Dasijia,,43.2591,123.7756,China,CN,CHN,Liaoning,Liaoning,CN-LN,,,97.4,,,4,Asia/Shanghai,FALSE,1156023042
Senmucun,Senmucun,,28.8739,92.7877,China,CN,CHN,Tibet,Tibet,CN-XZ,,,5.0,,,5,Asia/Shanghai,FALSE,1156279327
Dizhongling,Dizhongling,,35.5022,115.2330,China,CN,CHN,Henan,Henan,CN-HA,,,621.4,,,3,Asia/Shanghai,FALSE,1156573779
Chahecun,Chahecun,,32.2099,118.5817,China,CN,CHN,Anhui,Anhui,CN-AH,,,394.4,,,3,Asia/Shanghai,FALSE,1156285508
Chahecun,Chahecun,,32.7447,119.1283,China,CN,CHN,Anhui,Anhui,CN-AH,,,142.3,,,4,Asia/Shanghai,TRUE,1156285323
Chahecun,Chahecun,,32.0456,118.3309,China,CN,CHN,Anhui,Anhui,CN-AH,,,134.2,,,4,Asia/Shanghai,TRUE,1156139447
Chahecun,Chahecun,,32.5641,118.2791,China,CN,CHN,Anhui,Anhui,CN-AH,,,104.7,,,4,Asia/Shanghai,TRUE,1156223192
Dongnancun,Dongnancun,,46.1590,129.4153,China,CN,CHN,Heilongjiang,Heilongjiang,CN-HL,,,419.2,,,3,Asia/Shanghai,FALSE,1156366494
Dongnancun,Dongnancun,,45.9480,129.2979,China,CN,CHN,Heilongjiang,Heilongjiang,CN-HL,,,216.1,,,3,Asia/Shanghai,TRUE,1156356835
Dongnancun,Dongnancun,,47.6860,125.1528,China,CN,CHN,Heilongjiang,Heilongjiang,CN-HL,,,76.7,,,4,Asia/Shanghai,TRUE,1156317186
Dongnancun,Dongnancun,,46.3791,127.8749,China,CN,CHN,Heilongjiang,Heilongjiang,CN-HL,,,68.8,,,4,Asia/Shanghai,TRUE,1156566300
Dongnancun,Dongnancun,,47.0603,133.3657,China,CN,CHN,Heilongjiang,Heilongjiang,CN-HL,,,1.1,,,5,Asia/Shanghai,TRUE,1156323890
Aipingli,Aipingli,,24.1369,115.5762,China,CN,CHN,Guangdong,Guangdong,CN-GD,,,558.5,,,3,Asia/Shanghai,FALSE,1156163439
Dongnancun,Dongnancun,,26.8428,113.6238,China,CN,CHN,Hunan,Hunan,CN-HN,,,315.4,,,3,Asia/Shanghai,FALSE,1156957153
Paiyao,Paiyao,,26.0209,108.0560,China,CN,CHN,Guizhou,Guizhou,CN-GZ,,,61.5,,,4,Asia/Shanghai,FALSE,1156268050
Zhangzaoba,Zhangzaoba,,31.8190,108.1915,China,CN,CHN,Sichuan,Sichuan,CN-SC,,,134.6,,,4,Asia/Shanghai,FALSE,1156194586
Dingjialu,Dingjialu,,47.5789,126.6355,China,CN,CHN,Heilongjiang,Heilongjiang,CN-HL,,,151.9,,,4,Asia/Shanghai,FALSE,1156324993
Dingjialu,Dingjialu,,29.4882,111.0223,China,CN,CHN,Hunan,Hunan,CN-HN,,,344.1,,,3,Asia/Shanghai,FALSE,1156742992
Balawan,Balawan,,36.2661,106.1602,China,CN,CHN,Ningxia,Ningxia,CN-NX,,,128.9,,,4,Asia/Shanghai,FALSE,1156736559
Qianjiangjia,Qianjiangjia,,46.2079,126.5412,China,CN,CHN,Heilongjiang,Heilongjiang,CN-HL,,,158.0,,,4,Asia/Shanghai,FALSE,1156330470
Dakuangcun,Dakuangcun,,36.0335,120.0578,China,CN,CHN,Shandong,Shandong,CN-SD,,,473.7,,,3,Asia/Shanghai,FALSE,1156536025
Dakuangcun,Dakuangcun,,37.3304,122.0339,China,CN,CHN,Shandong,Shandong,CN-SD,,,350.3,,,3,Asia/Shanghai,TRUE,1156433416
Longshanxiang,Longshanxiang,,35.2608,105.4127,China,CN,CHN,Gansu,Gansu,CN-GS,,,111.8,,,4,Asia/Shanghai,FALSE,1156944757
Zengzhuangcun,Zengzhuangcun,,34.4068,116.3547,China,CN,CHN,Anhui,Anhui,CN-AH,,,758.7,,,3,Asia/Shanghai,FALSE,1156067760
Yuefang,Yuefang,,27.4136,114.5076,China,CN,CHN,Jiangxi,Jiangxi,CN-JX,,,171.4,,,4,Asia/Shanghai,FALSE,1156955467
Damiaoxitun,Damiaoxitun,,41.3931,120.9968,China,CN,CHN,Liaoning,Liaoning,CN-LN,,,65.3,,,4,Asia/Shanghai,FALSE,1156827733
Yongxicun,Yongxicun,,33.4095,120.0093,China,CN,CHN,Jiangsu,Jiangsu,CN-JS,,,518.1,,,3,Asia/Shanghai,FALSE,1156361541
Yongxicun,Yongxicun,,31.8165,121.4010,China,CN,CHN,Jiangsu,Jiangsu,CN-JS,,,464.6,,,3,Asia/Shanghai,TRUE,1156168170
Luhebucun,Luhebucun,,40.9787,115.7821,China,CN,CHN,Hebei,Hebei,CN-HE,,,38.7,,,4,Asia/Shanghai,FALSE,1156576751
Shulouba,Shulouba,,28.6469,104.2998,China,CN,CHN,Sichuan,Sichuan,CN-SC,,,129.8,,,4,Asia/Shanghai,FALSE,1156821678
Qingqiancun,Qingqiancun,,25.4043,119.0612,China,CN,CHN,Fujian,Fujian,CN-FJ,,,2357.2,,,2,Asia/Shanghai,FALSE,1156438389
Wanbaogou,Wanbaogou,,43.3683,125.7746,China,CN,CHN,Jilin,Jilin,CN-JL,,,101.9,,,4,Asia/Shanghai,FALSE,1156576179
Xikong,Xikong,,32.8593,111.9353,China,CN,CHN,Henan,Henan,CN-HA,,,643.2,,,3,Asia/Shanghai,FALSE,1156168116
Dongdacun,Dongdacun,,29.6621,97.9018,China,CN,CHN,Tibet,Tibet,CN-XZ,,,16.8,,,4,Asia/Shanghai,FALSE,1156141472
Dongdacun,Dongdacun,,30.3824,98.9422,China,CN,CHN,Tibet,Tibet,CN-XZ,,,6.9,,,5,Asia/Shanghai,TRUE,1156065145
Dongdacun,Dongdacun,,32.3564,93.3343,China,CN,CHN,Tibet,Tibet,CN-XZ,,,2.6,,,5,Asia/Shanghai,TRUE,1156042103
Shileicun,Shileicun,,39.2047,121.9240,China,CN,CHN,Liaoning,Liaoning,CN-LN,,,425.7,,,3,Asia/Shanghai,FALSE,1156340582
Shileicun,Shileicun,,39.5846,121.6090,China,CN,CHN,Liaoning,Liaoning,CN-LN,,,248.7,,,3,Asia/Shanghai,TRUE,1156417720
Shangmiaoyuling,Shangmiaoyuling,,40.9070,123.0162,China,CN,CHN,Liaoning,Liaoning,CN-LN,,,194.3,,,4,Asia/Shanghai,FALSE,1156199211
Mudan Shequ,Mudan Shequ,,44.5798,129.6172,China,CN,CHN,Heilongjiang,Heilongjiang,CN-HL,,,11759.6,,,2,Asia/Shanghai,FALSE,1156483925
Damengpai,Damengpai,,23.7020,100.4000,China,CN,CHN,Yunnan,Yunnan,CN-YN,,,39.8,,,4,Asia/Shanghai,FALSE,1156223208
Yangjiajie,Yangjiajie,,43.7064,124.2420,China,CN,CHN,Jilin,Jilin,CN-JL,,,278.7,,,3,Asia/Shanghai,FALSE,1156059301
Yangjiajie,Yangjiajie,,41.8490,125.5774,China,CN,CHN,Jilin,Jilin,CN-JL,,,31.0,,,4,Asia/Shanghai,TRUE,1156109233
Luolasi,Luolasi,,30.5532,101.0950,China,CN,CHN,Sichuan,Sichuan,CN-SC,,,8.2,,,5,Asia/Shanghai,FALSE,1156040237
Luo’ercun,Luo'ercun,,36.5722,116.8812,China,CN,CHN,Shandong,Shandong,CN-SD,,,1574.9,,,3,Asia/Shanghai,FALSE,1156510590
Puzhangcun,Puzhangcun,,36.1782,115.6362,China,CN,CHN,Shandong,Shandong,CN-SD,,,665.2,,,3,Asia/Shanghai,FALSE,1156520788
Huaducun,Huaducun,Huadu,22.5871,106.8603,China,CN,CHN,Guangxi,Guangxi,CN-GX,,,96.4,,,4,Asia/Shanghai,FALSE,1156788499
Dingxingzhai,Dingxingzhai,,38.3458,112.8724,China,CN,CHN,Shanxi,Shanxi,CN-SX,,,293.9,,,3,Asia/Shanghai,FALSE,1156293299
Yingge,Yingge,,19.2988,109.1890,China,CN,CHN,Hainan,Hainan,CN-HI,,,182.5,,,4,Asia/Shanghai,FALSE,1156536708
Pilang Maili,Pilang Maili,,37.3288,79.6918,China,CN,CHN,Xinjiang,Xinjiang,CN-XJ,,,805.3,,,3,Asia/Shanghai,FALSE,1156488749
Zhaduo,Zhaduo,,32.8500,120.1667,China,CN,CHN,Jiangsu,Jiangsu,CN-JS,,,336.6,,,3,Asia/Shanghai,FALSE,1156067242
Kanasi Muyedui,Kanasi Muyedui,,48.6995,87.0344,China,CN,CHN,Xinjiang,Xinjiang,CN-XJ,,,1.5,,,5,Asia/Shanghai,FALSE,1156428621
Tailiuxu,Tailiuxu,,32.0037,120.0952,China,CN,CHN,Jiangsu,Jiangsu,CN-JS,,,1086.0,,,3,Asia/Shanghai,FALSE,1156324914
Miaolijiacun,Miaolijiacun,,37.4327,117.2468,China,CN,CHN,Shandong,Shandong,CN-SD,,,476.7,,,3,Asia/Shanghai,FALSE,1156910040
Houxujiacun,Houxujiacun,,36.7446,120.0274,China,CN,CHN,Shandong,Shandong,CN-SD,,,859.0,,,3,Asia/Shanghai,FALSE,1156060022
Houxujiacun,Houxujiacun,,37.3318,121.0815,China,CN,CHN,Shandong,Shandong,CN-SD,,,260.6,,,3,Asia/Shanghai,TRUE,1156524090
Huali,Huali,,19.6976,109.2412,China,CN,CHN,Hainan,Hainan,CN-HI,,,1043.6,,,3,Asia/Shanghai,FALSE,1156026156
Waizeng,Waizeng,,29.3677,117.6483,China,CN,CHN,Jiangxi,Jiangxi,CN-JX,province,,131.9,,,4,Asia/Shanghai,FALSE,1156745488
Tangwan,Tangwan,,30.5648,104.9090,China,CN,CHN,Sichuan,Sichuan,CN-SC,,,262.7,,,3,Asia/Shanghai,FALSE,1156108303
Tangwan,Tangwan,,29.0920,104.5770,China,CN,CHN,Sichuan,Sichuan,CN-SC,,,214.2,,,3,Asia/Shanghai,TRUE,1156267814
Tangwan,Tangwan,,28.9832,103.6120,China,CN,CHN,Sichuan,Sichuan,CN-SC,,,145.1,,,4,Asia/Shanghai,TRUE,1156981004
Xiqudi,Xiqudi,,38.2502,114.2260,China,CN,CHN,Hebei,Hebei,CN-HE,,,1409.2,,,3,Asia/Shanghai,FALSE,1156537593
Shamugou,Shamugou,,27.2897,102.2420,China,CN,CHN,Sichuan,Sichuan,CN-SC,,,25.8,,,4,Asia/Shanghai,FALSE,1156153010
Shizibao,Shizibao,,30.9863,110.7283,China,CN,CHN,Hubei,Hubei,CN-HB,,,209.6,,,3,Asia/Shanghai,FALSE,1156793666
Shizibao,Shizibao,,30.7037,109.8131,China,CN,CHN,Hubei,Hubei,CN-HB,,,188.1,,,4,Asia/Shanghai,TRUE,1156113414
Shizibao,Shizibao,,33.2236,109.6615,China,CN,CHN,Hubei,Hubei,CN-HB,,,80.1,,,4,Asia/Shanghai,TRUE,1156326002
Shizibao,Shizibao,,30.1774,110.9244,China,CN,CHN,Hubei,Hubei,CN-HB,,,64.2,,,4,Asia/Shanghai,TRUE,1156302194
Wu’aocun,Wu'aocun,,26.9286,120.2209,China,CN,CHN,Fujian,Fujian,CN-FJ,,,790.4,,,3,Asia/Shanghai,FALSE,1156430176
Dajianshan,Dajianshan,,24.6888,99.1408,China,CN,CHN,Yunnan,Yunnan,CN-YN,,,100.0,,,4,Asia/Shanghai,FALSE,1156018555
Dajianshan,Dajianshan,,26.8252,103.0090,China,CN,CHN,Yunnan,Yunnan,CN-YN,,,100.0,,,4,Asia/Shanghai,TRUE,1156220213
Xichaichengcun,Xichaichengcun,,35.8406,117.2776,China,CN,CHN,Shandong,Shandong,CN-SD,,,1059.0,,,3,Asia/Shanghai,FALSE,1156014723
Caolingzicun,Caolingzicun,,40.7648,116.1073,China,CN,CHN,Hebei,Hebei,CN-HE,,,41.9,,,4,Asia/Shanghai,FALSE,1156571593
Gaijiadian,Gaijiadian,,43.1202,123.9950,China,CN,CHN,Liaoning,Liaoning,CN-LN,,,142.9,,,4,Asia/Shanghai,FALSE,1156206276
Xiahutu,Xiahutu,,23.5165,103.5440,China,CN,CHN,Yunnan,Yunnan,CN-YN,,,65.6,,,4,Asia/Shanghai,FALSE,1156238677
Shizibao,Shizibao,,29.2240,110.4896,China,CN,CHN,Hunan,Hunan,CN-HN,,,193.9,,,4,Asia/Shanghai,FALSE,1156067944
Nawancun,Nawancun,,23.2105,107.5822,China,CN,CHN,Guangxi,Guangxi,CN-GX,,,196.3,,,4,Asia/Shanghai,FALSE,1156544385
Nawancun,Nawancun,,24.1108,106.7450,China,CN,CHN,Guangxi,Guangxi,CN-GX,,,80.1,,,4,Asia/Shanghai,TRUE,1156068882
Nawancun,Nawancun,Nawan,24.8090,107.4135,China,CN,CHN,Guangxi,Guangxi,CN-GX,,,68.4,,,4,Asia/Shanghai,TRUE,1156504248
Nawancun,Nawancun,Na-wu-ts’un,23.0618,105.9060,China,CN,CHN,Guangxi,Guangxi,CN-GX,,,43.2,,,4,Asia/Shanghai,TRUE,1156045280
Wanghuoya,Wanghuoya,,33.8585,106.3399,China,CN,CHN,Gansu,Gansu,CN-GS,,,34.8,,,4,Asia/Shanghai,FALSE,1156001782
Nawancun,Nawancun,,20.6505,110.0084,China,CN,CHN,Guangdong,Guangdong,CN-GD,,,515.7,,,3,Asia/Shanghai,FALSE,1156194228
Nawancun,Nawancun,,22.3095,112.3379,China,CN,CHN,Guangdong,Guangdong,CN-GD,,,158.9,,,4,Asia/Shanghai,TRUE,1156552704
Dongquantoucun,Dongquantoucun,,36.4416,114.2379,China,CN,CHN,Hebei,Hebei,CN-HE,,,4712.9,,,2,Asia/Shanghai,FALSE,1156038568
Pingshang,Pingshang,,33.1541,106.0355,China,CN,CHN,Shaanxi,Shaanxi,CN-SN,,,56.5,,,4,Asia/Shanghai,FALSE,1156386073
Pingshang,Pingshang,,33.0154,106.4082,China,CN,CHN,Shaanxi,Shaanxi,CN-SN,,,56.2,,,4,Asia/Shanghai,TRUE,1156723813
Pingshang,Pingshang,,33.2550,108.0145,China,CN,CHN,Shaanxi,Shaanxi,CN-SN,,,38.9,,,4,Asia/Shanghai,TRUE,1156591499
Pingshang,Pingshang,,33.3692,107.7388,China,CN,CHN,Shaanxi,Shaanxi,CN-SN,,,19.2,,,4,Asia/Shanghai,TRUE,1156145889
Ruichang,Ruichang,,24.1146,111.3270,China,CN,CHN,Guangxi,Guangxi,CN-GX,,,30.0,,,4,Asia/Shanghai,FALSE,1156677895
Longtaozi,Longtaozi,,36.4784,106.4134,China,CN,CHN,Ningxia,Ningxia,CN-NX,,,14.9,,,4,Asia/Shanghai,FALSE,1156893774
Xigu Jiazicun,Xigu Jiazicun,,45.3747,125.1109,China,CN,CHN,Jilin,Jilin,CN-JL,,,9.0,,,5,Asia/Shanghai,FALSE,1156029490
Baiyangjie,Baiyangjie,Yang-chieh|Pai-yang-chieh,25.0500,103.1667,China,CN,CHN,Yunnan,Yunnan,CN-YN,,,182.8,,,4,Asia/Shanghai,FALSE,1156282975
Songshugou,Songshugou,,40.8187,117.9669,China,CN,CHN,Hebei,Hebei,CN-HE,,,227.3,,,3,Asia/Shanghai,FALSE,1156696782
Songshugou,Songshugou,,41.9938,117.6631,China,CN,CHN,Hebei,Hebei,CN-HE,,,72.0,,,4,Asia/Shanghai,TRUE,1156930890
Songshugou,Songshugou,,40.6486,115.7638,China,CN,CHN,Hebei,Hebei,CN-HE,,,33.6,,,4,Asia/Shanghai,TRUE,1156696066
Lanqing,Lanqing,,32.9531,100.0810,China,CN,CHN,Qinghai,Qinghai,CN-QH,,,3.0,,,5,Asia/Shanghai,FALSE,1156405576
Songshugou,Songshugou,,33.2441,111.4449,China,CN,CHN,Henan,Henan,CN-HA,,,495.6,,,3,Asia/Shanghai,FALSE,1156914128
Songshugou,Songshugou,,33.9922,111.6352,China,CN,CHN,Henan,Henan,CN-HA,,,36.7,,,4,Asia/Shanghai,TRUE,1156230720
Dongquanshuicun,Dongquanshuicun,,36.0578,118.3832,China,CN,CHN,Shandong,Shandong,CN-SD,,,680.0,,,3,Asia/Shanghai,FALSE,1156470885
Huo-shao-li,Huo-shao-li,,46.7336,126.2881,China,CN,CHN,Heilongjiang,Heilongjiang,CN-HL,,,224.1,,,3,Asia/Shanghai,FALSE,1156227730
Suofuyang,Suofuyang,,25.2072,118.3106,China,CN,CHN,Fujian,Fujian,CN-FJ,,,658.2,,,3,Asia/Shanghai,FALSE,1156129452
Huangjin’ao,Huangjin'ao,,27.4554,106.7550,China,CN,CHN,Guizhou,Guizhou,CN-GZ,,,375.8,,,3,Asia/Shanghai,FALSE,1156120735
Xiaofan,Xiaofan,,32.5722,118.2083,China,CN,CHN,Anhui,Anhui,CN-AH,,,104.7,,,4,Asia/Shanghai,FALSE,1156021213
Huangjin’ao,Huangjin'ao,,24.9818,107.7956,China,CN,CHN,Guangxi,Guangxi,CN-GX,,,53.4,,,4,Asia/Shanghai,FALSE,1156282784
Minjia,Minjia,,25.2606,101.2680,China,CN,CHN,Yunnan,Yunnan,CN-YN,,,218.2,,,3,Asia/Shanghai,FALSE,1156941849
Minjia,Minjia,,23.9501,101.2090,China,CN,CHN,Yunnan,Yunnan,CN-YN,,,30.9,,,4,Asia/Shanghai,TRUE,1156020950
Songgouping,Songgouping,,36.5456,112.1168,China,CN,CHN,Shanxi,Shanxi,CN-SX,,,145.6,,,4,Asia/Shanghai,FALSE,1156747034
Shibeiwan,Shibeiwan,,28.0311,111.5632,China,CN,CHN,Hunan,Hunan,CN-HN,,,233.0,,,3,Asia/Shanghai,FALSE,1156083476
Tuokule,Tuokule,,39.7624,76.7148,China,CN,CHN,Xinjiang,Xinjiang,CN-XJ,,,14.9,,,4,Asia/Shanghai,FALSE,1156454781
Gede Xicun,Gede Xicun,,31.4986,99.2831,China,CN,CHN,Sichuan,Sichuan,CN-SC,,,7.1,,,5,Asia/Shanghai,FALSE,1156375760
Raochang,Raochang,,30.5633,112.9825,China,CN,CHN,Hubei,Hubei,CN-HB,,,249.5,,,3,Asia/Shanghai,FALSE,1156004884
Tuanyuan,Tuanyuan,,32.1261,120.0295,China,CN,CHN,Jiangsu,Jiangsu,CN-JS,,,805.0,,,3,Asia/Shanghai,FALSE,1156060405
Jijiadai,Jijiadai,,30.7205,121.2252,China,CN,CHN,Zhejiang,Zhejiang,CN-ZJ,,,613.3,,,3,Asia/Shanghai,FALSE,1156699042
Shitanwu,Shitanwu,Shih-t’an-wu,36.4500,117.8833,China,CN,CHN,Shandong,Shandong,CN-SD,,,1088.7,,,3,Asia/Shanghai,FALSE,1156410422
Lijiacheng,Lijiacheng,,35.4714,103.1960,China,CN,CHN,Gansu,Gansu,CN-GS,,,413.2,,,3,Asia/Shanghai,FALSE,1156256036
Ruanjiaguacun,Ruanjiaguacun,,38.6481,110.8481,China,CN,CHN,Shaanxi,Shaanxi,CN-SN,,,51.9,,,4,Asia/Shanghai,FALSE,1156381056
Yandangcun,Yandangcun,,33.4167,119.5509,China,CN,CHN,Jiangsu,Jiangsu,CN-JS,,,392.0,,,3,Asia/Shanghai,FALSE,1156320674
Shenzhai,Shenzhai,,29.5301,119.9176,China,CN,CHN,Zhejiang,Zhejiang,CN-ZJ,,,547.8,,,3,Asia/Shanghai,FALSE,1156247988
Xujiahecun,Xujiahecun,,37.4696,114.9265,China,CN,CHN,Hebei,Hebei,CN-HE,,,544.5,,,3,Asia/Shanghai,FALSE,1156580827
Niugundang,Niugundang,,26.0164,112.0608,China,CN,CHN,Hunan,Hunan,CN-HN,,,43.3,,,4,Asia/Shanghai,FALSE,1156463352
Balizhuang,Balizhuang,,39.9189,116.4747,China,CN,CHN,Beijing,Beijing,CN-BJ,,,20345.2,,,2,Asia/Shanghai,FALSE,1156188196
Liuhemucun,Liuhemucun,,37.9847,116.7325,China,CN,CHN,Hebei,Hebei,CN-HE,,,225.5,,,3,Asia/Shanghai,FALSE,1156508304
Wangjiating,Wangjiating,,27.7506,112.4433,China,CN,CHN,Hunan,Hunan,CN-HN,,,818.8,,,3,Asia/Shanghai,FALSE,1156053065
Wangjiating,Wangjiating,,26.8520,112.1832,China,CN,CHN,Hunan,Hunan,CN-HN,,,349.7,,,3,Asia/Shanghai,TRUE,1156105774
Xinglongzaocun,Xinglongzaocun,,32.1641,121.1837,China,CN,CHN,Jiangsu,Jiangsu,CN-JS,,,434.9,,,3,Asia/Shanghai,FALSE,1156367772
Zhuangtuanyuan,Zhuangtuanyuan,,26.1724,110.4277,China,CN,CHN,Hunan,Hunan,CN-HN,,,66.0,,,4,Asia/Shanghai,FALSE,1156190426
Wuxian,Wuxian,,30.6427,105.3360,China,CN,CHN,Sichuan,Sichuan,CN-SC,,,643.4,,,3,Asia/Shanghai,FALSE,1156833110
Wuxian,Wuxian,,31.8642,106.5060,China,CN,CHN,Sichuan,Sichuan,CN-SC,,,505.9,,,3,Asia/Shanghai,TRUE,1156640231
Wuxian,Wuxian,,29.7551,105.1850,China,CN,CHN,Sichuan,Sichuan,CN-SC,,,363.2,,,3,Asia/Shanghai,TRUE,1156213390
Wuxian,Wuxian,,29.7705,102.8388,China,CN,CHN,Sichuan,Sichuan,CN-SC,,,340.0,,,3,Asia/Shanghai,TRUE,1156281855
Wuxian,Wuxian,,29.8482,105.4090,China,CN,CHN,Sichuan,Sichuan,CN-SC,,,293.6,,,3,Asia/Shanghai,TRUE,1156070603
Wuxian,Wuxian,,31.8611,105.9450,China,CN,CHN,Sichuan,Sichuan,CN-SC,,,103.3,,,4,Asia/Shanghai,TRUE,1156763104
Majun,Majun,,31.1112,109.1726,China,CN,CHN,Chongqing,Chongqing,CN-CQ,,,93.5,,,4,Asia/Shanghai,FALSE,1156162480
Dadongcun,Dadongcun,Dadong,25.5095,119.2166,China,CN,CHN,Fujian,Fujian,CN-FJ,,,1379.9,,,3,Asia/Shanghai,FALSE,1156107436
Dadongcun,Dadongcun,Dadong,25.2990,116.4777,China,CN,CHN,Fujian,Fujian,CN-FJ,,,178.0,,,4,Asia/Shanghai,TRUE,1156888865
Dadongcun,Dadongcun,,25.1400,116.8186,China,CN,CHN,Fujian,Fujian,CN-FJ,,,91.6,,,4,Asia/Shanghai,TRUE,1156329926
Dadongcun,Dadongcun,,27.2024,118.4474,China,CN,CHN,Fujian,Fujian,CN-FJ,,,82.3,,,4,Asia/Shanghai,TRUE,1156427377
Bodi,Bodi,,25.7213,104.5710,China,CN,CHN,Guizhou,Guizhou,CN-GZ,,,282.5,,,3,Asia/Shanghai,FALSE,1156069976
Bodi,Bodi,,25.6002,104.6660,China,CN,CHN,Guizhou,Guizhou,CN-GZ,,,237.5,,,3,Asia/Shanghai,TRUE,1156141180
Gedabangou,Gedabangou,Gedabanzi Goumen,41.2191,126.2032,China,CN,CHN,Jilin,Jilin,CN-JL,,,68.6,,,4,Asia/Shanghai,FALSE,1156202142
Tongkou,Tongkou,,29.1357,108.6880,China,CN,CHN,Chongqing,Chongqing,CN-CQ,,,169.4,,,4,Asia/Shanghai,FALSE,1156020501
Dengzijiecun,Dengzijiecun,,43.7514,124.6372,China,CN,CHN,Jilin,Jilin,CN-JL,,,168.8,,,4,Asia/Shanghai,FALSE,1156561992
Lanongmeidi,Lanongmeidi,,27.2025,99.2477,China,CN,CHN,Yunnan,Yunnan,CN-YN,,,80.2,,,4,Asia/Shanghai,FALSE,1156788182
Toudaobucun,Toudaobucun,,41.7261,124.8360,China,CN,CHN,Liaoning,Liaoning,CN-LN,,,117.6,,,4,Asia/Shanghai,FALSE,1156349013
Gaolingkou,Gaolingkou,Kao-ling-k’ou,40.0500,115.2500,China,CN,CHN,Hebei,Hebei,CN-HE,,,35.4,,,4,Asia/Shanghai,FALSE,1156808770
Xinfeng Shequ,Xinfeng Shequ,,24.3708,109.3766,China,CN,CHN,Guangxi,Guangxi,CN-GX,,,633.1,,,3,Asia/Shanghai,FALSE,1156519830
Dongtan,Dongtan,,35.9180,107.6330,China,CN,CHN,Gansu,Gansu,CN-GS,,,226.2,,,3,Asia/Shanghai,FALSE,1156177484
Dongtan,Dongtan,,39.1444,100.2850,China,CN,CHN,Gansu,Gansu,CN-GS,,,163.7,,,4,Asia/Shanghai,TRUE,1156854521
Dongtan,Dongtan,,37.6816,102.9280,China,CN,CHN,Gansu,Gansu,CN-GS,,,143.2,,,4,Asia/Shanghai,TRUE,1156929124
Dongtan,Dongtan,,37.4145,102.6180,China,CN,CHN,Gansu,Gansu,CN-GS,,,38.6,,,4,Asia/Shanghai,TRUE,1156219070
Dongtan,Dongtan,,38.3125,102.8360,China,CN,CHN,Gansu,Gansu,CN-GS,,,33.7,,,4,Asia/Shanghai,TRUE,1156024562
Dongtan,Dongtan,,39.3017,99.2734,China,CN,CHN,Gansu,Gansu,CN-GS,,,27.7,,,4,Asia/Shanghai,TRUE,1156073788
Dongtan,Dongtan,,38.9988,99.4104,China,CN,CHN,Gansu,Gansu,CN-GS,,,1.0,,,5,Asia/Shanghai,TRUE,1156610552
Dashuihe,Dashuihe,,27.0737,108.0410,China,CN,CHN,Guizhou,Guizhou,CN-GZ,,,184.8,,,4,Asia/Shanghai,FALSE,1156341946
Dongtan,Dongtan,,23.9729,109.3740,China,CN,CHN,Guangxi,Guangxi,CN-GX,,,181.5,,,4,Asia/Shanghai,FALSE,1156043020
Dongtan,Dongtan,,24.8935,109.2840,China,CN,CHN,Guangxi,Guangxi,CN-GX,,,123.1,,,4,Asia/Shanghai,TRUE,1156133004
Dongtan,Dongtan,,25.2733,109.5030,China,CN,CHN,Guangxi,Guangxi,CN-GX,,,84.2,,,4,Asia/Shanghai,TRUE,1156042653
Dongtan,Dongtan,,24.9861,108.6450,China,CN,CHN,Guangxi,Guangxi,CN-GX,,,23.2,,,4,Asia/Shanghai,TRUE,1156445390
Shilihoucun,Shilihoucun,,36.3211,114.4295,China,CN,CHN,Hebei,Hebei,CN-HE,,,565.1,,,3,Asia/Shanghai,FALSE,1156444580
Re’aige,Re'aige,,32.2055,97.2449,China,CN,CHN,Qinghai,Qinghai,CN-QH,,,6.8,,,5,Asia/Shanghai,FALSE,1156434831
Baofu’an,Baofu'an,,31.3036,105.8370,China,CN,CHN,Sichuan,Sichuan,CN-SC,,,287.6,,,3,Asia/Shanghai,FALSE,1156770978
Tanbiancun,Tanbiancun,,28.6987,118.4935,China,CN,CHN,Zhejiang,Zhejiang,CN-ZJ,,,219.5,,,3,Asia/Shanghai,FALSE,1156395582
Xinglongzhen,Xinglongzhen,,37.3921,116.8600,China,CN,CHN,Shandong,Shandong,CN-SD,,,552.7,,,3,Asia/Shanghai,FALSE,1156058390
Xiaobaijia,Xiaobaijia,,39.9760,116.5276,China,CN,CHN,Beijing,Beijing,CN-BJ,,,6391.1,,,2,Asia/Shanghai,FALSE,1156256681
Beigouli,Beigouli,,41.6790,117.9379,China,CN,CHN,Hebei,Hebei,CN-HE,,,100.2,,,4,Asia/Shanghai,FALSE,1156748173
Beigouli,Beigouli,,40.8233,116.1576,China,CN,CHN,Hebei,Hebei,CN-HE,,,52.3,,,4,Asia/Shanghai,TRUE,1156542025
Laoyanggou,Laoyanggou,,42.5452,122.2630,China,CN,CHN,Liaoning,Liaoning,CN-LN,,,57.0,,,4,Asia/Shanghai,FALSE,1156360051
Shujiapingcun,Shujiapingcun,,33.2727,110.2811,China,CN,CHN,Shaanxi,Shaanxi,CN-SN,,,30.8,,,4,Asia/Shanghai,FALSE,1156662763
Beigouli,Beigouli,,34.2275,112.8611,China,CN,CHN,Henan,Henan,CN-HA,,,602.4,,,3,Asia/Shanghai,FALSE,1156106339
Hanlu,Hanlu,,33.7350,117.9230,China,CN,CHN,Jiangsu,Jiangsu,CN-JS,,,569.2,,,3,Asia/Shanghai,FALSE,1156130814
Hanlu,Hanlu,,33.9337,119.9898,China,CN,CHN,Jiangsu,Jiangsu,CN-JS,,,470.1,,,3,Asia/Shanghai,TRUE,1156761747
Wuxian Shequ,Wuxian Shequ,,20.0263,110.3702,China,CN,CHN,Hainan,Hainan,CN-HI,,,12583.9,,,2,Asia/Shanghai,FALSE,1156550340
Huxiangcun,Huxiangcun,,46.8999,127.2272,China,CN,CHN,Heilongjiang,Heilongjiang,CN-HL,,,267.8,,,3,Asia/Shanghai,FALSE,1156299583
Zhongjiatuancun,Zhongjiatuancun,,37.1644,119.9677,China,CN,CHN,Shandong,Shandong,CN-SD,,,573.9,,,3,Asia/Shanghai,FALSE,1156474659
Goubeitou,Goubeitou,,34.1844,117.2520,China,CN,CHN,Jiangsu,Jiangsu,CN-JS,,,268.3,,,3,Asia/Shanghai,FALSE,1156170263
Houzhongwacun,Houzhongwacun,,33.6613,118.4055,China,CN,CHN,Jiangsu,Jiangsu,CN-JS,,,343.5,,,3,Asia/Shanghai,FALSE,1156305842
Zhaogou,Zhaogou,,34.4064,113.0473,China,CN,CHN,Henan,Henan,CN-HA,,,1345.9,,,3,Asia/Shanghai,FALSE,1156269884
Zhaogou,Zhaogou,,35.6349,114.1955,China,CN,CHN,Henan,Henan,CN-HA,,,594.6,,,3,Asia/Shanghai,TRUE,1156227369
Zhaogou,Zhaogou,Chao-kou,34.8081,112.8556,China,CN,CHN,Henan,Henan,CN-HA,,,589.9,,,3,Asia/Shanghai,TRUE,1156618308
Zhaogou,Zhaogou,,34.1311,112.6504,China,CN,CHN,Henan,Henan,CN-HA,,,580.2,,,3,Asia/Shanghai,TRUE,1156586785
Zhaogou,Zhaogou,,34.5100,112.5350,China,CN,CHN,Henan,Henan,CN-HA,,,558.5,,,3,Asia/Shanghai,TRUE,1156087250
Zhaogou,Zhaogou,,33.9384,112.8139,China,CN,CHN,Henan,Henan,CN-HA,,,484.7,,,3,Asia/Shanghai,TRUE,1156614602
Zhaogou,Zhaogou,,34.8342,112.2133,China,CN,CHN,Henan,Henan,CN-HA,,,463.3,,,3,Asia/Shanghai,TRUE,1156185183