city,city_ascii,city_alt,lat,lng,country,iso2,iso3,admin_name,admin_name_ascii,admin_code,admin_type,capital,density,population,population_proper,ranking,timezone,same_name,id
Chenjiazhai,Chenjiazhai,,24.2942,99.7986,China,CN,CHN,Yunnan,Yunnan,CN-YN,,,105.5,,,4,Asia/Shanghai,TRUE,1156206260
Chenjiazhai,Chenjiazhai,,24.6931,99.0770,China,CN,CHN,Yunnan,Yunnan,CN-YN,,,100.0,,,4,Asia/Shanghai,TRUE,1156923650
Chenjiazhai,Chenjiazhai,,23.5391,99.7521,China,CN,CHN,Yunnan,Yunnan,CN-YN,,,87.2,,,4,Asia/Shanghai,TRUE,1156462041
Chenjiazhai,Chenjiazhai,,22.8109,99.9876,China,CN,CHN,Yunnan,Yunnan,CN-YN,,,57.5,,,4,Asia/Shanghai,TRUE,1156003097
Chenjiazhai,Chenjiazhai,,23.3505,103.9720,China,CN,CHN,Yunnan,Yunnan,CN-YN,,,34.8,,,4,Asia/Shanghai,TRUE,1156796364
Jiasong,Jiasong,,32.6181,97.7131,China,CN,CHN,Sichuan,Sichuan,CN-SC,,,4.6,,,5,Asia/Shanghai,FALSE,1156200223
Qiongyi,Qiongyi,,28.2307,100.7156,China,CN,CHN,Sichuan,Sichuan,CN-SC,,,6.5,,,5,Asia/Shanghai,FALSE,1156277180
Dimentian,Dimentian,,27.2616,109.3977,China,CN,CHN,Hunan,Hunan,CN-HN,,,116.4,,,4,Asia/Shanghai,FALSE,1156007042
Wulukoucun,Wulukoucun,,36.8977,118.4385,China,CN,CHN,Shandong,Shandong,CN-SD,,,491.6,,,3,Asia/Shanghai,FALSE,1156156432
Liufangcun,Liufangcun,,23.3917,111.1727,China,CN,CHN,Guangxi,Guangxi,CN-GX,,,302.3,,,3,Asia/Shanghai,FALSE,1156543382
Yanmiaocun,Yanmiaocun,,36.3982,115.2852,China,CN,CHN,Hebei,Hebei,CN-HE,,,663.0,,,3,Asia/Shanghai,FALSE,1156447626
Xihua Jiudui,Xihua Jiudui,,19.5450,109.3316,China,CN,CHN,Hainan,Hainan,CN-HI,,,107.4,,,4,Asia/Shanghai,FALSE,1156325463
Jianglanqi,Jianglanqi,,41.8477,120.7160,China,CN,CHN,Liaoning,Liaoning,CN-LN,,,142.6,,,4,Asia/Shanghai,FALSE,1156353078
Xihuling,Xihuling,,33.9920,110.8210,China,CN,CHN,Henan,Henan,CN-HA,,,52.1,,,4,Asia/Shanghai,FALSE,1156813171
Wolong Songjiacun,Wolong Songjiacun,,37.4404,120.4069,China,CN,CHN,Shandong,Shandong,CN-SD,,,364.4,,,3,Asia/Shanghai,FALSE,1156488974
Tuoge Lake Leke Airikecun,Tuoge Lake Leke Airikecun,,41.5371,82.4342,China,CN,CHN,Xinjiang,Xinjiang,CN-XJ,,,84.0,,,4,Asia/Shanghai,FALSE,1156332955
Chanxiancun,Chanxiancun,Chanxian,25.2410,118.0741,China,CN,CHN,Fujian,Fujian,CN-FJ,,,761.5,,,3,Asia/Shanghai,FALSE,1156226586
Dahuangloucun,Dahuangloucun,,34.5940,118.3436,China,CN,CHN,Shandong,Shandong,CN-SD,,,1103.6,,,3,Asia/Shanghai,FALSE,1156754378
Dahuangloucun,Dahuangloucun,,34.9185,115.8959,China,CN,CHN,Shandong,Shandong,CN-SD,,,1063.3,,,3,Asia/Shanghai,TRUE,1156091002
Xianmilaicun,Xianmilaicun,,38.9008,75.9443,China,CN,CHN,Xinjiang,Xinjiang,CN-XJ,,,38.9,,,4,Asia/Shanghai,FALSE,1156091253
Fudacun,Fudacun,Fuda,26.7030,118.8228,China,CN,CHN,Fujian,Fujian,CN-FJ,,,94.9,,,4,Asia/Shanghai,FALSE,1156922052
Xiatianfan,Xiatianfan,,29.4245,120.3139,China,CN,CHN,Zhejiang,Zhejiang,CN-ZJ,,,109.0,,,4,Asia/Shanghai,FALSE,1156209351
Mochong,Mochong,,27.1979,112.3191,China,CN,CHN,Hunan,Hunan,CN-HN,,,755.3,,,3,Asia/Shanghai,FALSE,1156565489
Dapingpu,Dapingpu,,23.6368,116.2925,China,CN,CHN,Guangdong,Guangdong,CN-GD,,,1768.3,,,3,Asia/Shanghai,FALSE,1156176833
Dapingpu,Dapingpu,,23.4687,116.0506,China,CN,CHN,Guangdong,Guangdong,CN-GD,,,1426.3,,,3,Asia/Shanghai,TRUE,1156447373
Dapingpu,Dapingpu,,23.9183,116.2028,China,CN,CHN,Guangdong,Guangdong,CN-GD,,,317.7,,,3,Asia/Shanghai,TRUE,1156371595
Dapingpu,Dapingpu,,24.8839,112.5603,China,CN,CHN,Guangdong,Guangdong,CN-GD,,,35.4,,,4,Asia/Shanghai,TRUE,1156065027
Sungangcun,Sungangcun,,31.7821,117.3344,China,CN,CHN,Anhui,Anhui,CN-AH,,,4809.1,,,2,Asia/Shanghai,FALSE,1156915873
Sungangcun,Sungangcun,,32.7949,116.4261,China,CN,CHN,Anhui,Anhui,CN-AH,,,862.0,,,3,Asia/Shanghai,TRUE,1156282098
Sungangcun,Sungangcun,,30.8548,117.5124,China,CN,CHN,Anhui,Anhui,CN-AH,,,693.6,,,3,Asia/Shanghai,TRUE,1156225890
Sungangcun,Sungangcun,,32.7006,116.9810,China,CN,CHN,Anhui,Anhui,CN-AH,,,597.9,,,3,Asia/Shanghai,TRUE,1156274841
Sungangcun,Sungangcun,Sungang,31.9574,117.2900,China,CN,CHN,Anhui,Anhui,CN-AH,,,519.1,,,3,Asia/Shanghai,TRUE,1156045830
Sungangcun,Sungangcun,,32.8637,115.5754,China,CN,CHN,Anhui,Anhui,CN-AH,,,514.9,,,3,Asia/Shanghai,TRUE,1156526389
Sungangcun,Sungangcun,,32.3050,117.2238,China,CN,CHN,Anhui,Anhui,CN-AH,,,411.3,,,3,Asia/Shanghai,TRUE,1156815908
Sungangcun,Sungangcun,,32.1656,117.3976,China,CN,CHN,Anhui,Anhui,CN-AH,,,365.5,,,3,Asia/Shanghai,TRUE,1156379134
Sungangcun,Sungangcun,,31.4740,116.7511,China,CN,CHN,Anhui,Anhui,CN-AH,,,331.3,,,3,Asia/Shanghai,TRUE,1156629859
Sungangcun,Sungangcun,,31.4319,117.8905,China,CN,CHN,Anhui,Anhui,CN-AH,,,292.9,,,3,Asia/Shanghai,TRUE,1156290445
Sungangcun,Sungangcun,,32.0497,116.2343,China,CN,CHN,Anhui,Anhui,CN-AH,,,288.9,,,3,Asia/Shanghai,TRUE,1156287876
Sungangcun,Sungangcun,,31.6779,116.9932,China,CN,CHN,Anhui,Anhui,CN-AH,,,280.8,,,3,Asia/Shanghai,TRUE,1156162396
Sungangcun,Sungangcun,,32.8028,117.6952,China,CN,CHN,Anhui,Anhui,CN-AH,,,146.4,,,4,Asia/Shanghai,TRUE,1156072677
Sungangcun,Sungangcun,,32.2347,118.1176,China,CN,CHN,Anhui,Anhui,CN-AH,,,80.0,,,4,Asia/Shanghai,TRUE,1156552258
Dalie,Dalie,,25.5624,107.2750,China,CN,CHN,Guizhou,Guizhou,CN-GZ,,,49.0,,,4,Asia/Shanghai,FALSE,1156430246
Hujiashan,Hujiashan,,34.0966,115.4570,China,CN,CHN,Henan,Henan,CN-HA,,,602.2,,,3,Asia/Shanghai,FALSE,1156934985
Zhongxudui,Zhongxudui,,33.4027,102.4569,China,CN,CHN,Sichuan,Sichuan,CN-SC,,,12.2,,,4,Asia/Shanghai,FALSE,1156377963
Zhangchangzhuangcun,Zhangchangzhuangcun,,36.7465,115.4909,China,CN,CHN,Shandong,Shandong,CN-SD,,,1009.8,,,3,Asia/Shanghai,FALSE,1156474263
Lüping,Luping,,29.7969,110.1735,China,CN,CHN,Hubei,Hubei,CN-HB,,,231.9,,,3,Asia/Shanghai,FALSE,1156359360
Luping,Luping,,30.0732,110.1391,China,CN,CHN,Hubei,Hubei,CN-HB,,,33.5,,,4,Asia/Shanghai,TRUE,1156835655
Luping,Luping,,28.9502,113.6732,China,CN,CHN,Hunan,Hunan,CN-HN,,,439.7,,,3,Asia/Shanghai,FALSE,1156004706
Luping,Luping,,26.6708,110.5528,China,CN,CHN,Hunan,Hunan,CN-HN,,,370.5,,,3,Asia/Shanghai,TRUE,1156543575
Luping,Luping,,27.4698,109.6378,China,CN,CHN,Hunan,Hunan,CN-HN,,,211.1,,,3,Asia/Shanghai,TRUE,1156283140
Luping,Luping,,26.2803,110.7944,China,CN,CHN,Hunan,Hunan,CN-HN,,,112.4,,,4,Asia/Shanghai,TRUE,1156891683
Luping,Luping,,18.9754,110.1080,China,CN,CHN,Hainan,Hainan,CN-HI,,,17.5,,,4,Asia/Shanghai,FALSE,1156564517
Bosha,Bosha,,24.8401,110.0520,China,CN,CHN,Guangxi,Guangxi,CN-GX,,,35.6,,,4,Asia/Shanghai,FALSE,1156897047
Xima,Xima,,27.3122,110.4069,China,CN,CHN,Hunan,Hunan,CN-HN,,,157.9,,,4,Asia/Shanghai,FALSE,1156080758
Damolang,Damolang,,23.5152,101.9590,China,CN,CHN,Yunnan,Yunnan,CN-YN,,,206.8,,,3,Asia/Shanghai,FALSE,1156038092
Damolang,Damolang,,25.4716,103.4030,China,CN,CHN,Yunnan,Yunnan,CN-YN,,,139.7,,,4,Asia/Shanghai,TRUE,1156681452
Chelong,Chelong,,30.7048,96.7548,China,CN,CHN,Tibet,Tibet,CN-XZ,,,4.4,,,5,Asia/Shanghai,FALSE,1156698533
Tutoushancun,Tutoushancun,,40.4642,120.1280,China,CN,CHN,Liaoning,Liaoning,CN-LN,,,163.9,,,4,Asia/Shanghai,FALSE,1156415195
Yantouba,Yantouba,,28.5140,107.1090,China,CN,CHN,Guizhou,Guizhou,CN-GZ,,,65.1,,,4,Asia/Shanghai,FALSE,1156867463
Goubeicun,Goubeicun,,32.8499,111.8117,China,CN,CHN,Henan,Henan,CN-HA,,,540.1,,,3,Asia/Shanghai,FALSE,1156193307
Yezhai,Yezhai,Yeh-chai|Yeh-jen-chai,30.6833,116.5167,China,CN,CHN,Anhui,Anhui,CN-AH,,,2293.2,,,2,Asia/Shanghai,FALSE,1156423823
Zhangjiasi,Zhangjiasi,,36.9634,106.2516,China,CN,CHN,Ningxia,Ningxia,CN-NX,,,24.5,,,4,Asia/Shanghai,FALSE,1156693877
Xima,Xima,,34.4067,112.2220,China,CN,CHN,Henan,Henan,CN-HA,,,743.4,,,3,Asia/Shanghai,FALSE,1156627743
Xima,Xima,,35.9579,115.2137,China,CN,CHN,Henan,Henan,CN-HA,,,692.5,,,3,Asia/Shanghai,TRUE,1156313848
Tandong Bazu,Tandong Bazu,,34.0294,120.1548,China,CN,CHN,Jiangsu,Jiangsu,CN-JS,,,380.6,,,3,Asia/Shanghai,FALSE,1156439720
Nanpingwangcun,Nanpingwangcun,,36.7655,119.1936,China,CN,CHN,Shandong,Shandong,CN-SD,,,391.0,,,3,Asia/Shanghai,FALSE,1156478378
Jiangzhu,Jiangzhu,,29.5939,119.3261,China,CN,CHN,Zhejiang,Zhejiang,CN-ZJ,,,59.9,,,4,Asia/Shanghai,FALSE,1156166995
Qibashan,Qibashan,,26.1452,119.0666,China,CN,CHN,Fujian,Fujian,CN-FJ,,,97.6,,,4,Asia/Shanghai,FALSE,1156427390
Bangwai Laozhai,Bangwai Laozhai,,24.3449,97.7760,China,CN,CHN,Yunnan,Yunnan,CN-YN,,,83.8,,,4,Asia/Shanghai,FALSE,1156007934
Qianniujicun,Qianniujicun,,35.0385,116.9848,China,CN,CHN,Shandong,Shandong,CN-SD,,,1175.5,,,3,Asia/Shanghai,FALSE,1156482158
Zeyue,Zeyue,,28.2397,102.3726,China,CN,CHN,Sichuan,Sichuan,CN-SC,,,40.1,,,4,Asia/Shanghai,FALSE,1156251895
Zhaiwan,Zhaiwan,,31.0919,107.2330,China,CN,CHN,Sichuan,Sichuan,CN-SC,,,243.0,,,3,Asia/Shanghai,FALSE,1156484923
Lanxicun,Lanxicun,,26.3067,116.2218,China,CN,CHN,Jiangxi,Jiangxi,CN-JX,,,155.7,,,4,Asia/Shanghai,FALSE,1156467498
Buchu,Buchu,,26.3768,105.4750,China,CN,CHN,Guizhou,Guizhou,CN-GZ,,,246.0,,,3,Asia/Shanghai,FALSE,1156103684
Liujiamaoze,Liujiamaoze,,37.3794,108.8456,China,CN,CHN,Shaanxi,Shaanxi,CN-SN,,,22.2,,,4,Asia/Shanghai,FALSE,1156816729
Zhoujiadun,Zhoujiadun,,29.8901,115.9560,China,CN,CHN,Hubei,Hubei,CN-HB,,,943.2,,,3,Asia/Shanghai,FALSE,1156423083
Zhoujiadun,Zhoujiadun,,30.3483,114.7589,China,CN,CHN,Hubei,Hubei,CN-HB,,,197.3,,,4,Asia/Shanghai,TRUE,1156108034
Wangjia Yangshan,Wangjia Yangshan,,35.3280,104.4650,China,CN,CHN,Gansu,Gansu,CN-GS,,,103.4,,,4,Asia/Shanghai,FALSE,1156218535
Zhoujiadun,Zhoujiadun,,31.9518,113.9284,China,CN,CHN,Henan,Henan,CN-HA,,,70.9,,,4,Asia/Shanghai,FALSE,1156575835
Xiaoyuanxia,Xiaoyuanxia,,24.9616,111.1020,China,CN,CHN,Guangxi,Guangxi,CN-GX,,,117.5,,,4,Asia/Shanghai,FALSE,1156790956
Dongjiagoucun,Dongjiagoucun,,33.3735,109.8546,China,CN,CHN,Shaanxi,Shaanxi,CN-SN,,,120.4,,,4,Asia/Shanghai,FALSE,1156476534
Dongjiagoucun,Dongjiagoucun,,36.9812,110.2342,China,CN,CHN,Shaanxi,Shaanxi,CN-SN,,,39.6,,,4,Asia/Shanghai,TRUE,1156439046
Dongjiagoucun,Dongjiagoucun,,37.2491,110.1049,China,CN,CHN,Shaanxi,Shaanxi,CN-SN,,,33.3,,,4,Asia/Shanghai,TRUE,1156048762
Dongjiagoucun,Dongjiagoucun,,37.1705,109.3741,China,CN,CHN,Shaanxi,Shaanxi,CN-SN,,,23.7,,,4,Asia/Shanghai,TRUE,1156681612
Laotongdian,Laotongdian,,26.8532,103.5844,China,CN,CHN,Yunnan,Yunnan,CN-YN,,,147.5,,,4,Asia/Shanghai,FALSE,1156468099
Dongjiagoucun,Dongjiagoucun,,36.5806,118.5627,China,CN,CHN,Shandong,Shandong,CN-SD,,,542.4,,,3,Asia/Shanghai,FALSE,1156525582
Dongjiagoucun,Dongjiagoucun,,37.4338,121.0622,China,CN,CHN,Shandong,Shandong,CN-SD,,,355.6,,,3,Asia/Shanghai,TRUE,1156955466
Dongjiagoucun,Dongjiagoucun,,35.8061,119.3592,China,CN,CHN,Shandong,Shandong,CN-SD,,,324.3,,,3,Asia/Shanghai,TRUE,1156544305
Changbian,Changbian,,26.2310,107.1820,China,CN,CHN,Guizhou,Guizhou,CN-GZ,,,73.3,,,4,Asia/Shanghai,FALSE,1156628544
Dongjiagoucun,Dongjiagoucun,,40.3411,114.4487,China,CN,CHN,Shanxi,Shanxi,CN-SX,,,36.2,,,4,Asia/Shanghai,FALSE,1156543487
Niudongping,Niudongping,,31.1003,110.4473,China,CN,CHN,Hubei,Hubei,CN-HB,,,106.0,,,4,Asia/Shanghai,FALSE,1156057256
Qiaoshancun,Qiaoshancun,,33.0295,107.7912,China,CN,CHN,Shaanxi,Shaanxi,CN-SN,,,663.1,,,3,Asia/Shanghai,FALSE,1156792300
Qiaoshancun,Qiaoshancun,,37.3467,110.4387,China,CN,CHN,Shaanxi,Shaanxi,CN-SN,,,125.6,,,4,Asia/Shanghai,TRUE,1156171704
Zhongjia,Zhongjia,,32.1656,119.7478,China,CN,CHN,Jiangsu,Jiangsu,CN-JS,,,741.1,,,3,Asia/Shanghai,FALSE,1156298020
Fujiaduan,Fujiaduan,,27.0254,116.7360,China,CN,CHN,Jiangxi,Jiangxi,CN-JX,,,79.8,,,4,Asia/Shanghai,FALSE,1156139519
Qiaoshancun,Qiaoshancun,,35.0614,117.5778,China,CN,CHN,Shandong,Shandong,CN-SD,,,569.6,,,3,Asia/Shanghai,FALSE,1156514177
Dongmaxingzhuangcun,Dongmaxingzhuangcun,,35.2608,118.0150,China,CN,CHN,Shandong,Shandong,CN-SD,,,2287.9,,,2,Asia/Shanghai,FALSE,1156261349
Taohualing,Taohualing,,35.2256,107.2030,China,CN,CHN,Gansu,Gansu,CN-GS,,,126.9,,,4,Asia/Shanghai,FALSE,1156102683
Qiushan,Qiushan,,25.2538,99.2507,China,CN,CHN,Yunnan,Yunnan,CN-YN,,,285.1,,,3,Asia/Shanghai,FALSE,1156446884
Ali,Ali,,30.7135,95.6848,China,CN,CHN,Tibet,Tibet,CN-XZ,,,14.4,,,4,Asia/Shanghai,FALSE,1156181179
Zhongjia,Zhongjia,,26.9375,114.9711,China,CN,CHN,Jiangxi,Jiangxi,CN-JX,,,565.1,,,3,Asia/Shanghai,FALSE,1156421004
Zhongjia,Zhongjia,,29.1108,114.0034,China,CN,CHN,Jiangxi,Jiangxi,CN-JX,,,382.3,,,3,Asia/Shanghai,TRUE,1156104405
Zhongjia,Zhongjia,,29.4527,115.8808,China,CN,CHN,Jiangxi,Jiangxi,CN-JX,,,304.3,,,3,Asia/Shanghai,TRUE,1156116845
Zhongjia,Zhongjia,,28.1678,114.1080,China,CN,CHN,Jiangxi,Jiangxi,CN-JX,,,265.1,,,3,Asia/Shanghai,TRUE,1156801077
Zhongjia,Zhongjia,,28.1610,114.8680,China,CN,CHN,Jiangxi,Jiangxi,CN-JX,,,173.6,,,4,Asia/Shanghai,TRUE,1156435761
Zhongjia,Zhongjia,,28.2643,117.1245,China,CN,CHN,Jiangxi,Jiangxi,CN-JX,,,29.4,,,4,Asia/Shanghai,TRUE,1156215418
Nahu Chalinchang Di’er Fenchang,Nahu Chalinchang Di'er Fenchang,,31.0103,118.9469,China,CN,CHN,Anhui,Anhui,CN-AH,,,145.3,,,4,Asia/Shanghai,FALSE,1156968629
Jiucaiyugou,Jiucaiyugou,,42.1769,124.4050,China,CN,CHN,Liaoning,Liaoning,CN-LN,,,61.5,,,4,Asia/Shanghai,FALSE,1156354075
Laoyazhaocun,Laoyazhaocun,,37.0834,117.7550,China,CN,CHN,Shandong,Shandong,CN-SD,,,715.5,,,3,Asia/Shanghai,FALSE,1156503944
Laoyazhaocun,Laoyazhaocun,,37.1038,117.4799,China,CN,CHN,Shandong,Shandong,CN-SD,,,450.7,,,3,Asia/Shanghai,TRUE,1156503946
Zhang’erzhuangcun,Zhang'erzhuangcun,Zhangerzhuang,36.4596,115.1227,China,CN,CHN,Hebei,Hebei,CN-HE,,,1144.3,,,3,Asia/Shanghai,FALSE,1156429437
Zhang’erzhuangcun,Zhang'erzhuangcun,,36.4209,114.0817,China,CN,CHN,Hebei,Hebei,CN-HE,,,721.1,,,3,Asia/Shanghai,TRUE,1156438210
Zhang’erzhuangcun,Zhang'erzhuangcun,,37.1269,115.6927,China,CN,CHN,Hebei,Hebei,CN-HE,,,642.1,,,3,Asia/Shanghai,TRUE,1156582068
Zhang’erzhuangcun,Zhang'erzhuangcun,Zhang’erzhuang,37.1271,114.3500,China,CN,CHN,Hebei,Hebei,CN-HE,,,246.2,,,3,Asia/Shanghai,TRUE,1156337131
Niantang,Niantang,,23.5778,106.4040,China,CN,CHN,Guangxi,Guangxi,CN-GX,,,66.8,,,4,Asia/Shanghai,FALSE,1156281515
Houwutou,Houwutou,,35.4204,114.4870,China,CN,CHN,Henan,Henan,CN-HA,,,562.4,,,3,Asia/Shanghai,FALSE,1156505777
Zhongtan,Zhongtan,,29.9932,120.1623,China,CN,CHN,Zhejiang,Zhejiang,CN-ZJ,,,691.0,,,3,Asia/Shanghai,FALSE,1156615175
Zhongtan,Zhongtan,,30.6088,119.3937,China,CN,CHN,Zhejiang,Zhejiang,CN-ZJ,,,103.5,,,4,Asia/Shanghai,TRUE,1156124044
Niujiaochong,Niujiaochong,,27.9567,110.6453,China,CN,CHN,Hunan,Hunan,CN-HN,,,671.3,,,3,Asia/Shanghai,FALSE,1156914383
Niujiaochong,Niujiaochong,,27.5050,113.1674,China,CN,CHN,Hunan,Hunan,CN-HN,,,497.8,,,3,Asia/Shanghai,TRUE,1156152868
Niujiaochong,Niujiaochong,,27.9699,109.9454,China,CN,CHN,Hunan,Hunan,CN-HN,,,190.4,,,4,Asia/Shanghai,TRUE,1156126047
Niujiaochong,Niujiaochong,,26.6117,113.2043,China,CN,CHN,Hunan,Hunan,CN-HN,,,183.7,,,4,Asia/Shanghai,TRUE,1156905049
Niujiaochong,Niujiaochong,,26.2288,112.3882,China,CN,CHN,Hunan,Hunan,CN-HN,,,28.2,,,4,Asia/Shanghai,TRUE,1156540297
Dazhangming,Dazhangming,,29.8979,114.8823,China,CN,CHN,Hubei,Hubei,CN-HB,,,393.6,,,3,Asia/Shanghai,FALSE,1156672434
Shangfangcun,Shangfangcun,,30.8995,115.9447,China,CN,CHN,Anhui,Anhui,CN-AH,,,76.9,,,4,Asia/Shanghai,FALSE,1156284125
Aijiawancun,Aijiawancun,,37.1359,108.7382,China,CN,CHN,Shaanxi,Shaanxi,CN-SN,,,17.8,,,4,Asia/Shanghai,FALSE,1156001757
Zhangjia Dicun,Zhangjia Dicun,Zhangjiadi,26.3186,116.4591,China,CN,CHN,Fujian,Fujian,CN-FJ,,,141.9,,,4,Asia/Shanghai,FALSE,1156387461
Laodengwan,Laodengwan,,30.7663,114.2727,China,CN,CHN,Hubei,Hubei,CN-HB,,,1665.2,,,3,Asia/Shanghai,FALSE,1156852292
Weidu Wanjiacun,Weidu Wanjiacun,,37.3558,120.4762,China,CN,CHN,Shandong,Shandong,CN-SD,,,212.3,,,3,Asia/Shanghai,FALSE,1156513635
Xiyicun,Xiyicun,,39.4543,112.3709,China,CN,CHN,Shanxi,Shanxi,CN-SX,,,171.2,,,4,Asia/Shanghai,FALSE,1156728863
Fuzhuangbang,Fuzhuangbang,Fu-chuang-pang,30.7163,121.0691,China,CN,CHN,Zhejiang,Zhejiang,CN-ZJ,,,2027.3,,,2,Asia/Shanghai,FALSE,1156098576
Haiziwangcun,Haiziwangcun,,37.8989,117.4226,China,CN,CHN,Hebei,Hebei,CN-HE,,,446.3,,,3,Asia/Shanghai,FALSE,1156513377
Dongjianshanzicun,Dongjianshanzicun,,41.3839,121.0160,China,CN,CHN,Liaoning,Liaoning,CN-LN,,,65.3,,,4,Asia/Shanghai,FALSE,1156339279
Benggang Xinzhai,Benggang Xinzhai,,22.1759,100.5820,China,CN,CHN,Yunnan,Yunnan,CN-YN,,,49.8,,,4,Asia/Shanghai,FALSE,1156412783
Longchicao,Longchicao,,30.8602,110.2246,China,CN,CHN,Hubei,Hubei,CN-HB,,,85.9,,,4,Asia/Shanghai,FALSE,1156511881
Chenxiaoyoufang,Chenxiaoyoufang,,33.7848,118.9570,China,CN,CHN,Jiangsu,Jiangsu,CN-JS,,,347.8,,,3,Asia/Shanghai,FALSE,1156412866
Beisulu,Beisulu,,38.8727,112.7090,China,CN,CHN,Shanxi,Shanxi,CN-SX,,,254.4,,,3,Asia/Shanghai,FALSE,1156260629
Luogengdi,Luogengdi,,23.1806,115.8603,China,CN,CHN,Guangdong,Guangdong,CN-GD,,,335.7,,,3,Asia/Shanghai,FALSE,1156592039
Yundongwan,Yundongwan,,25.6572,105.6780,China,CN,CHN,Guizhou,Guizhou,CN-GZ,,,223.8,,,3,Asia/Shanghai,FALSE,1156975746
Shitouhuluncun,Shitouhuluncun,,41.0458,114.5958,China,CN,CHN,Hebei,Hebei,CN-HE,,,34.3,,,4,Asia/Shanghai,FALSE,1156565466
Yangmutang,Yangmutang,,27.0703,112.3523,China,CN,CHN,Hunan,Hunan,CN-HN,,,332.1,,,3,Asia/Shanghai,FALSE,1156607126
Yangmutang,Yangmutang,,25.9616,113.3507,China,CN,CHN,Hunan,Hunan,CN-HN,,,121.9,,,4,Asia/Shanghai,TRUE,1156871955
Xiaomujiacun,Xiaomujiacun,,35.6157,118.9807,China,CN,CHN,Shandong,Shandong,CN-SD,,,434.2,,,3,Asia/Shanghai,FALSE,1156507668
Xiaomujiacun,Xiaomujiacun,,37.8857,117.6443,China,CN,CHN,Shandong,Shandong,CN-SD,,,305.3,,,3,Asia/Shanghai,TRUE,1156507666
Dayi,Dayi,,29.7886,120.3723,China,CN,CHN,Zhejiang,Zhejiang,CN-ZJ,,,1467.1,,,3,Asia/Shanghai,FALSE,1156243937
Dayi,Dayi,,30.5832,119.5412,China,CN,CHN,Zhejiang,Zhejiang,CN-ZJ,,,580.7,,,3,Asia/Shanghai,TRUE,1156101284
Jiashanchang,Jiashanchang,,29.5602,111.4789,China,CN,CHN,Hunan,Hunan,CN-HN,,,380.6,,,3,Asia/Shanghai,FALSE,1156638358
Linzhen,Linzhen,,23.4667,111.9000,China,CN,CHN,Guangxi,Guangxi,CN-GX,autonomous region,,68.9,,,4,Asia/Shanghai,FALSE,1156920029
Tonggan Mazhacun,Tonggan Mazhacun,,39.7145,77.9097,China,CN,CHN,Xinjiang,Xinjiang,CN-XJ,,,18.9,,,4,Asia/Shanghai,FALSE,1156202018
Xiaoxingzhuangcun,Xiaoxingzhuangcun,,39.2059,114.2128,China,CN,CHN,Shanxi,Shanxi,CN-SX,,,32.2,,,4,Asia/Shanghai,FALSE,1156996467
Liangfeng,Liangfeng,,19.6332,110.8633,China,CN,CHN,Hainan,Hainan,CN-HI,,,176.8,,,4,Asia/Shanghai,FALSE,1156679274
Waitao,Waitao,,33.9958,119.7487,China,CN,CHN,Jiangsu,Jiangsu,CN-JS,,,383.9,,,3,Asia/Shanghai,FALSE,1156129883
Fengchencun,Fengchencun,,25.9443,119.5858,China,CN,CHN,Fujian,Fujian,CN-FJ,,,1400.1,,,3,Asia/Shanghai,FALSE,1156508438
Shunhecun,Shunhecun,,31.4366,116.9003,China,CN,CHN,Anhui,Anhui,CN-AH,,,763.5,,,3,Asia/Shanghai,FALSE,1156324133
Shunhecun,Shunhecun,,32.8482,115.4585,China,CN,CHN,Anhui,Anhui,CN-AH,,,652.6,,,3,Asia/Shanghai,TRUE,1156249835
Shunhecun,Shunhecun,,32.7117,116.9951,China,CN,CHN,Anhui,Anhui,CN-AH,,,597.9,,,3,Asia/Shanghai,TRUE,1156285700
Shunhecun,Shunhecun,,33.2109,115.5631,China,CN,CHN,Anhui,Anhui,CN-AH,,,597.0,,,3,Asia/Shanghai,TRUE,1156175125
Shunhecun,Shunhecun,,33.8702,116.7020,China,CN,CHN,Anhui,Anhui,CN-AH,,,569.5,,,3,Asia/Shanghai,TRUE,1156503668
Shunhecun,Shunhecun,,33.7203,117.8053,China,CN,CHN,Anhui,Anhui,CN-AH,,,556.4,,,3,Asia/Shanghai,TRUE,1156423079
Shunhecun,Shunhecun,,32.7805,116.1929,China,CN,CHN,Anhui,Anhui,CN-AH,,,520.2,,,3,Asia/Shanghai,TRUE,1156143775
Shunhecun,Shunhecun,,33.5131,116.4093,China,CN,CHN,Anhui,Anhui,CN-AH,,,477.1,,,3,Asia/Shanghai,TRUE,1156591907
Shunhecun,Shunhecun,,33.2805,116.8279,China,CN,CHN,Anhui,Anhui,CN-AH,,,472.9,,,3,Asia/Shanghai,TRUE,1156287319
Shunhecun,Shunhecun,,33.1291,116.1395,China,CN,CHN,Anhui,Anhui,CN-AH,,,470.2,,,3,Asia/Shanghai,TRUE,1156218875
Shunhecun,Shunhecun,,32.6047,115.6177,China,CN,CHN,Anhui,Anhui,CN-AH,,,399.0,,,3,Asia/Shanghai,TRUE,1156535839
Shunhecun,Shunhecun,,33.6959,117.5985,China,CN,CHN,Anhui,Anhui,CN-AH,,,397.4,,,3,Asia/Shanghai,TRUE,1156120903
Shunhecun,Shunhecun,,31.7076,116.3110,China,CN,CHN,Anhui,Anhui,CN-AH,,,364.7,,,3,Asia/Shanghai,TRUE,1156142568
Shunhecun,Shunhecun,,32.1071,116.4869,China,CN,CHN,Anhui,Anhui,CN-AH,,,266.3,,,3,Asia/Shanghai,TRUE,1156174242
Shunhecun,Shunhecun,,33.0099,118.2310,China,CN,CHN,Anhui,Anhui,CN-AH,,,238.1,,,3,Asia/Shanghai,TRUE,1156989152
Yonghecun,Yonghecun,,44.8463,123.1353,China,CN,CHN,Jilin,Jilin,CN-JL,,,879.6,,,3,Asia/Shanghai,FALSE,1156380282
Yonghecun,Yonghecun,,44.4070,126.8499,China,CN,CHN,Jilin,Jilin,CN-JL,,,712.1,,,3,Asia/Shanghai,TRUE,1156562525
Yonghecun,Yonghecun,,43.8370,125.0125,China,CN,CHN,Jilin,Jilin,CN-JL,,,220.4,,,3,Asia/Shanghai,TRUE,1156562528
Yonghecun,Yonghecun,,44.6522,126.6942,China,CN,CHN,Jilin,Jilin,CN-JL,,,203.6,,,3,Asia/Shanghai,TRUE,1156580977
Yonghecun,Yonghecun,,44.9950,126.7643,China,CN,CHN,Jilin,Jilin,CN-JL,,,146.4,,,4,Asia/Shanghai,TRUE,1156388181
Yonghecun,Yonghecun,,45.2032,125.4015,China,CN,CHN,Jilin,Jilin,CN-JL,,,99.4,,,4,Asia/Shanghai,TRUE,1156127257
Yonghecun,Yonghecun,,42.9322,124.5579,China,CN,CHN,Jilin,Jilin,CN-JL,,,97.2,,,4,Asia/Shanghai,TRUE,1156796660
Yonghecun,Yonghecun,,45.6421,123.8056,China,CN,CHN,Jilin,Jilin,CN-JL,,,40.9,,,4,Asia/Shanghai,TRUE,1156046671
Sihutong Shequ,Sihutong Shequ,,36.2744,115.1434,China,CN,CHN,Hebei,Hebei,CN-HE,,,2713.9,,,2,Asia/Shanghai,FALSE,1156450041
Xijiao,Xijiao,,22.9507,113.1737,China,CN,CHN,Guangdong,Guangdong,CN-GD,,,5491.2,,,2,Asia/Shanghai,FALSE,1156539179
Xijiao,Xijiao,,22.7407,113.2610,China,CN,CHN,Guangdong,Guangdong,CN-GD,,,4979.1,,,2,Asia/Shanghai,TRUE,1156790723
Xijiao,Xijiao,,23.4318,115.8216,China,CN,CHN,Guangdong,Guangdong,CN-GD,,,2331.7,,,2,Asia/Shanghai,TRUE,1156836868
Qinlian,Qinlian,,22.6177,107.0560,China,CN,CHN,Guangxi,Guangxi,CN-GX,,,135.9,,,4,Asia/Shanghai,FALSE,1156134296
Ma’anshan,Ma'anshan,,30.0646,121.0921,China,CN,CHN,Zhejiang,Zhejiang,CN-ZJ,,,3169.3,,,2,Asia/Shanghai,FALSE,1156246915
Ma’anshan,Ma'anshan,,30.1416,120.5705,China,CN,CHN,Zhejiang,Zhejiang,CN-ZJ,,,2132.1,,,2,Asia/Shanghai,TRUE,1156129468
Ma’anshan,Ma'anshan,,29.0551,119.6195,China,CN,CHN,Zhejiang,Zhejiang,CN-ZJ,,,293.8,,,3,Asia/Shanghai,TRUE,1156593365
Ma’anshan,Ma'anshan,,30.6695,119.6231,China,CN,CHN,Zhejiang,Zhejiang,CN-ZJ,,,134.0,,,4,Asia/Shanghai,TRUE,1156006468
Nongwantun,Nongwantun,Nongwancun,22.7572,107.7714,China,CN,CHN,Guangxi,Guangxi,CN-GX,,,81.0,,,4,Asia/Shanghai,FALSE,1156806025
Nongwantun,Nongwantun,,24.2794,106.8273,China,CN,CHN,Guangxi,Guangxi,CN-GX,,,65.3,,,4,Asia/Shanghai,TRUE,1156464562
Changshuihe Nongchang Qifenchang,Changshuihe Nongchang Qifenchang,,48.4671,126.9819,China,CN,CHN,Heilongjiang,Heilongjiang,CN-HL,,,10.4,,,4,Asia/Shanghai,FALSE,1156220661
Malaoshan,Malaoshan,,28.6275,104.3600,China,CN,CHN,Yunnan,Yunnan,CN-YN,,,647.3,,,3,Asia/Shanghai,FALSE,1156710763
Jieguling,Jieguling,,26.3496,112.1322,China,CN,CHN,Hunan,Hunan,CN-HN,,,161.8,,,4,Asia/Shanghai,FALSE,1156139697
Ershi Ercun,Ershi Ercun,,37.6122,118.8223,China,CN,CHN,Shandong,Shandong,CN-SD,,,8.2,,,5,Asia/Shanghai,FALSE,1156441778
Puzhuangcun,Puzhuangcun,Puzhuang,36.1616,114.7391,China,CN,CHN,Hebei,Hebei,CN-HE,,,612.1,,,3,Asia/Shanghai,FALSE,1156169228
Xijiao,Xijiao,,22.6057,109.5820,China,CN,CHN,Guangxi,Guangxi,CN-GX,,,289.1,,,3,Asia/Shanghai,FALSE,1156026318
Qinlian,Qinlian,,24.9417,113.7691,China,CN,CHN,Guangdong,Guangdong,CN-GD,,,30.2,,,4,Asia/Shanghai,FALSE,1156243486
Liaolicun,Liaolicun,,24.5859,117.6211,China,CN,CHN,Fujian,Fujian,CN-FJ,,,1725.2,,,3,Asia/Shanghai,FALSE,1156333560
Yonghecun,Yonghecun,,31.8461,121.7305,China,CN,CHN,Jiangsu,Jiangsu,CN-JS,,,1309.9,,,3,Asia/Shanghai,FALSE,1156369034
Yonghecun,Yonghecun,,32.2862,119.7957,China,CN,CHN,Jiangsu,Jiangsu,CN-JS,,,871.4,,,3,Asia/Shanghai,TRUE,1156361412
Yonghecun,Yonghecun,,32.7793,120.4109,China,CN,CHN,Jiangsu,Jiangsu,CN-JS,,,629.3,,,3,Asia/Shanghai,TRUE,1156291128
Yonghecun,Yonghecun,,32.5503,119.3011,China,CN,CHN,Jiangsu,Jiangsu,CN-JS,,,548.3,,,3,Asia/Shanghai,TRUE,1156283269
Yonghecun,Yonghecun,,32.4887,119.7587,China,CN,CHN,Jiangsu,Jiangsu,CN-JS,,,542.4,,,3,Asia/Shanghai,TRUE,1156359802
Gandeng,Gandeng,,23.7986,109.7970,China,CN,CHN,Guangxi,Guangxi,CN-GX,,,73.9,,,4,Asia/Shanghai,FALSE,1156655753
Yudian,Yudian,,32.2200,121.3015,China,CN,CHN,Jiangsu,Jiangsu,CN-JS,,,325.5,,,3,Asia/Shanghai,FALSE,1156055255
Gaohong,Gaohong,,28.7022,118.3463,China,CN,CHN,Jiangxi,Jiangxi,CN-JX,,,504.4,,,3,Asia/Shanghai,FALSE,1156926857
Gongguan,Gongguan,,18.8102,109.9256,China,CN,CHN,Hainan,Hainan,CN-HI,,,25.5,,,4,Asia/Shanghai,FALSE,1156209458
Xijiao,Xijiao,,35.1462,107.4370,China,CN,CHN,Gansu,Gansu,CN-GS,,,173.4,,,4,Asia/Shanghai,FALSE,1156551304
Cunliangcun,Cunliangcun,Cunliangju,31.7238,118.0481,China,CN,CHN,Anhui,Anhui,CN-AH,,,157.0,,,4,Asia/Shanghai,FALSE,1156277816
Lujiazui,Lujiazui,,30.3111,116.6194,China,CN,CHN,Anhui,Anhui,CN-AH,,,471.9,,,3,Asia/Shanghai,FALSE,1156113505
Cigedahai,Cigedahai,,29.3807,102.1960,China,CN,CHN,Sichuan,Sichuan,CN-SC,,,45.1,,,4,Asia/Shanghai,FALSE,1156078553
Dongjilinchuancun,Dongjilinchuancun,,36.7044,120.6042,China,CN,CHN,Shandong,Shandong,CN-SD,,,414.1,,,3,Asia/Shanghai,FALSE,1156519019
Quanziyacun,Quanziyacun,,36.7790,120.0191,China,CN,CHN,Shandong,Shandong,CN-SD,,,859.0,,,3,Asia/Shanghai,FALSE,1156530425
Quanziyacun,Quanziyacun,,36.3301,119.0393,China,CN,CHN,Shandong,Shandong,CN-SD,,,627.6,,,3,Asia/Shanghai,TRUE,1156530423
Quanziyacun,Quanziyacun,,36.3749,119.9106,China,CN,CHN,Shandong,Shandong,CN-SD,,,576.0,,,3,Asia/Shanghai,TRUE,1156530424
Quanziyacun,Quanziyacun,,36.4495,118.6279,China,CN,CHN,Shandong,Shandong,CN-SD,,,414.9,,,3,Asia/Shanghai,TRUE,1156530426
Quanziyacun,Quanziyacun,,36.3999,119.3837,China,CN,CHN,Shandong,Shandong,CN-SD,,,397.5,,,3,Asia/Shanghai,TRUE,1156530421
Quanziyacun,Quanziyacun,,36.0457,118.9241,China,CN,CHN,Shandong,Shandong,CN-SD,,,292.5,,,3,Asia/Shanghai,TRUE,1156530427
Quanziyacun,Quanziyacun,,35.9501,119.1160,China,CN,CHN,Shandong,Shandong,CN-SD,,,255.0,,,3,Asia/Shanghai,TRUE,1156530428
Chenlou,Chenlou,,34.6859,116.9130,China,CN,CHN,Jiangsu,Jiangsu,CN-JS,,,1830.5,,,3,Asia/Shanghai,FALSE,1156230726
Chenlou,Chenlou,,34.4000,116.9560,China,CN,CHN,Jiangsu,Jiangsu,CN-JS,,,776.8,,,3,Asia/Shanghai,TRUE,1156239863
Chenlou,Chenlou,,34.2325,117.9727,China,CN,CHN,Jiangsu,Jiangsu,CN-JS,,,470.7,,,3,Asia/Shanghai,TRUE,1156304383
Chenlou,Chenlou,,33.6792,118.4542,China,CN,CHN,Jiangsu,Jiangsu,CN-JS,,,382.4,,,3,Asia/Shanghai,TRUE,1156014655
Niushuitang,Niushuitang,,26.2034,100.7680,China,CN,CHN,Yunnan,Yunnan,CN-YN,,,42.6,,,4,Asia/Shanghai,FALSE,1156165356
Shirendao,Shirendao,,24.0873,110.7960,China,CN,CHN,Guangxi,Guangxi,CN-GX,,,203.1,,,3,Asia/Shanghai,FALSE,1156646361
Huilong’an,Huilong'an,,30.6878,103.5565,China,CN,CHN,Sichuan,Sichuan,CN-SC,,,852.2,,,3,Asia/Shanghai,FALSE,1156207352
Huilong’an,Huilong'an,,29.7216,104.7905,China,CN,CHN,Sichuan,Sichuan,CN-SC,,,575.1,,,3,Asia/Shanghai,TRUE,1156212310
Huilong’an,Huilong'an,,31.2281,105.8130,China,CN,CHN,Sichuan,Sichuan,CN-SC,,,474.1,,,3,Asia/Shanghai,TRUE,1156129463
Huilong’an,Huilong'an,,30.3044,103.6863,China,CN,CHN,Sichuan,Sichuan,CN-SC,,,321.2,,,3,Asia/Shanghai,TRUE,1156304935
Huilong’an,Huilong'an,,32.7572,105.8970,China,CN,CHN,Sichuan,Sichuan,CN-SC,,,168.4,,,4,Asia/Shanghai,TRUE,1156936029
Huilong’an,Huilong'an,,30.7385,106.4510,China,CN,CHN,Sichuan,Sichuan,CN-SC,,,153.9,,,4,Asia/Shanghai,TRUE,1156165123
Xincangqiao,Xincangqiao,,31.5969,121.1518,China,CN,CHN,Jiangsu,Jiangsu,CN-JS,,,1181.3,,,3,Asia/Shanghai,FALSE,1156159817
Lengcaowan,Lengcaowan,,27.9958,104.4160,China,CN,CHN,Sichuan,Sichuan,CN-SC,,,75.5,,,4,Asia/Shanghai,FALSE,1156378986
Wengbenli,Wengbenli,,24.9341,104.9250,China,CN,CHN,Guizhou,Guizhou,CN-GZ,,,197.2,,,4,Asia/Shanghai,FALSE,1156441730
Matian,Matian,,31.7394,108.0490,China,CN,CHN,Sichuan,Sichuan,CN-SC,,,115.8,,,4,Asia/Shanghai,FALSE,1156791250
Xiaomengtong,Xiaomengtong,,24.4859,99.6522,China,CN,CHN,Yunnan,Yunnan,CN-YN,,,132.9,,,4,Asia/Shanghai,FALSE,1156635003
Chejiachuan,Chejiachuan,,36.1269,105.0030,China,CN,CHN,Gansu,Gansu,CN-GS,,,110.0,,,4,Asia/Shanghai,FALSE,1156152615
Chenzhuang,Chenzhuang,,32.4215,119.9291,China,CN,CHN,Jiangsu,Jiangsu,CN-JS,,,1711.4,,,3,Asia/Shanghai,FALSE,1156375240
Chenzhuang,Chenzhuang,,32.1888,118.7037,China,CN,CHN,Jiangsu,Jiangsu,CN-JS,,,1455.9,,,3,Asia/Shanghai,TRUE,1156651650
Chenzhuang,Chenzhuang,,33.7729,119.2228,China,CN,CHN,Jiangsu,Jiangsu,CN-JS,,,1428.7,,,3,Asia/Shanghai,TRUE,1156198133
Chenzhuang,Chenzhuang,,31.0352,120.7219,China,CN,CHN,Jiangsu,Jiangsu,CN-JS,,,1052.2,,,3,Asia/Shanghai,TRUE,1156695849
Chenzhuang,Chenzhuang,,31.5293,119.9712,China,CN,CHN,Jiangsu,Jiangsu,CN-JS,,,1026.4,,,3,Asia/Shanghai,TRUE,1156142829
Chenzhuang,Chenzhuang,,32.4495,119.4683,China,CN,CHN,Jiangsu,Jiangsu,CN-JS,,,982.7,,,3,Asia/Shanghai,TRUE,1156156684
Chenzhuang,Chenzhuang,,34.0833,118.2917,China,CN,CHN,Jiangsu,Jiangsu,CN-JS,,,965.6,,,3,Asia/Shanghai,TRUE,1156508218
Chenzhuang,Chenzhuang,,32.0465,119.7189,China,CN,CHN,Jiangsu,Jiangsu,CN-JS,,,922.7,,,3,Asia/Shanghai,TRUE,1156939577
Chenzhuang,Chenzhuang,,32.3258,120.0548,China,CN,CHN,Jiangsu,Jiangsu,CN-JS,,,901.3,,,3,Asia/Shanghai,TRUE,1156404279
Chenzhuang,Chenzhuang,,32.2766,118.6717,China,CN,CHN,Jiangsu,Jiangsu,CN-JS,,,862.7,,,3,Asia/Shanghai,TRUE,1156266348
Chenzhuang,Chenzhuang,,33.8738,118.6600,China,CN,CHN,Jiangsu,Jiangsu,CN-JS,,,668.6,,,3,Asia/Shanghai,TRUE,1156274780
Chenzhuang,Chenzhuang,,33.7547,119.7095,China,CN,CHN,Jiangsu,Jiangsu,CN-JS,,,650.8,,,3,Asia/Shanghai,TRUE,1156233136
Chenzhuang,Chenzhuang,,32.3762,118.7673,China,CN,CHN,Jiangsu,Jiangsu,CN-JS,,,620.1,,,3,Asia/Shanghai,TRUE,1156516587
Chenzhuang,Chenzhuang,,33.7352,118.9770,China,CN,CHN,Jiangsu,Jiangsu,CN-JS,,,554.1,,,3,Asia/Shanghai,TRUE,1156607282
Chenzhuang,Chenzhuang,,33.5134,118.7440,China,CN,CHN,Jiangsu,Jiangsu,CN-JS,,,539.6,,,3,Asia/Shanghai,TRUE,1156742401
Chenzhuang,Chenzhuang,,33.5561,118.7820,China,CN,CHN,Jiangsu,Jiangsu,CN-JS,,,533.3,,,3,Asia/Shanghai,TRUE,1156281138
Chenzhuang,Chenzhuang,,34.4459,117.8060,China,CN,CHN,Jiangsu,Jiangsu,CN-JS,,,528.8,,,3,Asia/Shanghai,TRUE,1156766750
Chenzhuang,Chenzhuang,,32.4287,120.9822,China,CN,CHN,Jiangsu,Jiangsu,CN-JS,,,497.7,,,3,Asia/Shanghai,TRUE,1156224867
Chenzhuang,Chenzhuang,,33.9405,119.9738,China,CN,CHN,Jiangsu,Jiangsu,CN-JS,,,470.1,,,3,Asia/Shanghai,TRUE,1156867175
Chenzhuang,Chenzhuang,,33.4455,118.8720,China,CN,CHN,Jiangsu,Jiangsu,CN-JS,,,448.4,,,3,Asia/Shanghai,TRUE,1156073951
Chenzhuang,Chenzhuang,,32.6424,119.2149,China,CN,CHN,Jiangsu,Jiangsu,CN-JS,,,422.9,,,3,Asia/Shanghai,TRUE,1156595818
Chenzhuang,Chenzhuang,,33.9211,119.8009,China,CN,CHN,Jiangsu,Jiangsu,CN-JS,,,416.3,,,3,Asia/Shanghai,TRUE,1156742663
Chenzhuang,Chenzhuang,,33.4559,118.9520,China,CN,CHN,Jiangsu,Jiangsu,CN-JS,,,407.5,,,3,Asia/Shanghai,TRUE,1156625385
Chenzhuang,Chenzhuang,,32.5341,119.2079,China,CN,CHN,Jiangsu,Jiangsu,CN-JS,,,386.8,,,3,Asia/Shanghai,TRUE,1156091569
Chenzhuang,Chenzhuang,,33.8889,118.2680,China,CN,CHN,Jiangsu,Jiangsu,CN-JS,,,384.5,,,3,Asia/Shanghai,TRUE,1156073346
Chenzhuang,Chenzhuang,,33.6945,118.5070,China,CN,CHN,Jiangsu,Jiangsu,CN-JS,,,383.3,,,3,Asia/Shanghai,TRUE,1156105864
Chenzhuang,Chenzhuang,,32.9448,119.0510,China,CN,CHN,Jiangsu,Jiangsu,CN-JS,,,370.1,,,3,Asia/Shanghai,TRUE,1156360011
Chenzhuang,Chenzhuang,Luchen,32.7472,119.9359,China,CN,CHN,Jiangsu,Jiangsu,CN-JS,,,366.2,,,3,Asia/Shanghai,TRUE,1156697833
Chenzhuang,Chenzhuang,,33.7905,118.9870,China,CN,CHN,Jiangsu,Jiangsu,CN-JS,,,359.4,,,3,Asia/Shanghai,TRUE,1156186270
Chenzhuang,Chenzhuang,,33.7824,119.1456,China,CN,CHN,Jiangsu,Jiangsu,CN-JS,,,357.1,,,3,Asia/Shanghai,TRUE,1156044258
Chenzhuang,Chenzhuang,,34.1894,118.4266,China,CN,CHN,Jiangsu,Jiangsu,CN-JS,,,354.7,,,3,Asia/Shanghai,TRUE,1156794062
Chenzhuang,Chenzhuang,,34.5092,118.5120,China,CN,CHN,Jiangsu,Jiangsu,CN-JS,,,353.1,,,3,Asia/Shanghai,TRUE,1156958579
Chenzhuang,Chenzhuang,,32.6878,119.3100,China,CN,CHN,Jiangsu,Jiangsu,CN-JS,,,327.3,,,3,Asia/Shanghai,TRUE,1156276036
Chenzhuang,Chenzhuang,,33.1333,118.3833,China,CN,CHN,Jiangsu,Jiangsu,CN-JS,,,322.9,,,3,Asia/Shanghai,TRUE,1156147760
Chenzhuang,Chenzhuang,Ch’en-chuang,33.7000,119.9833,China,CN,CHN,Jiangsu,Jiangsu,CN-JS,,,317.9,,,3,Asia/Shanghai,TRUE,1156477898
Chenzhuang,Chenzhuang,,34.0565,117.9130,China,CN,CHN,Jiangsu,Jiangsu,CN-JS,,,313.2,,,3,Asia/Shanghai,TRUE,1156110913
Chenzhuang,Chenzhuang,,33.7667,119.4333,China,CN,CHN,Jiangsu,Jiangsu,CN-JS,,,299.8,,,3,Asia/Shanghai,TRUE,1156739424
Chenzhuang,Chenzhuang,,33.6245,118.8850,China,CN,CHN,Jiangsu,Jiangsu,CN-JS,,,290.3,,,3,Asia/Shanghai,TRUE,1156141672
Chenzhuang,Chenzhuang,,33.6796,119.5330,China,CN,CHN,Jiangsu,Jiangsu,CN-JS,,,286.8,,,3,Asia/Shanghai,TRUE,1156533222
Chenzhuang,Chenzhuang,,32.9050,119.0769,China,CN,CHN,Jiangsu,Jiangsu,CN-JS,,,286.0,,,3,Asia/Shanghai,TRUE,1156254700
Chenzhuang,Chenzhuang,,33.7746,118.8070,China,CN,CHN,Jiangsu,Jiangsu,CN-JS,,,261.8,,,3,Asia/Shanghai,TRUE,1156705895
Chenzhuang,Chenzhuang,,32.6555,119.3845,China,CN,CHN,Jiangsu,Jiangsu,CN-JS,,,258.9,,,3,Asia/Shanghai,TRUE,1156985843
Chenzhuang,Chenzhuang,,32.5657,119.3885,China,CN,CHN,Jiangsu,Jiangsu,CN-JS,,,258.9,,,3,Asia/Shanghai,TRUE,1156965441
Chenzhuang,Chenzhuang,,33.9977,119.4640,China,CN,CHN,Jiangsu,Jiangsu,CN-JS,,,249.1,,,3,Asia/Shanghai,TRUE,1156482909
Chenzhuang,Chenzhuang,,33.0202,118.9190,China,CN,CHN,Jiangsu,Jiangsu,CN-JS,,,232.6,,,3,Asia/Shanghai,TRUE,1156875572
Chenzhuang,Chenzhuang,,32.9489,119.5048,China,CN,CHN,Jiangsu,Jiangsu,CN-JS,,,210.1,,,3,Asia/Shanghai,TRUE,1156955042
Chenzhuang,Chenzhuang,,32.9337,118.6904,China,CN,CHN,Jiangsu,Jiangsu,CN-JS,,,208.6,,,3,Asia/Shanghai,TRUE,1156088913
Chenzhuang,Chenzhuang,,32.9166,118.6269,China,CN,CHN,Jiangsu,Jiangsu,CN-JS,,,192.2,,,4,Asia/Shanghai,TRUE,1156185333
Chenzhuang,Chenzhuang,,34.5626,119.4002,China,CN,CHN,Jiangsu,Jiangsu,CN-JS,,,188.6,,,4,Asia/Shanghai,TRUE,1156170821
Chenzhuang,Chenzhuang,,32.9610,119.1741,China,CN,CHN,Jiangsu,Jiangsu,CN-JS,,,176.1,,,4,Asia/Shanghai,TRUE,1156160606
Chenzhuang,Chenzhuang,,32.8588,119.2227,China,CN,CHN,Jiangsu,Jiangsu,CN-JS,,,148.8,,,4,Asia/Shanghai,TRUE,1156632864
Chenzhuang,Chenzhuang,,33.1083,119.0667,China,CN,CHN,Jiangsu,Jiangsu,CN-JS,,,134.7,,,4,Asia/Shanghai,TRUE,1156081477
Fubang,Fubang,,26.0657,106.7570,China,CN,CHN,Guizhou,Guizhou,CN-GZ,,,113.4,,,4,Asia/Shanghai,FALSE,1156145586
Shilitou,Shilitou,,35.3057,107.3180,China,CN,CHN,Gansu,Gansu,CN-GS,,,32.8,,,4,Asia/Shanghai,FALSE,1156066983
Zhongduan,Zhongduan,,25.3686,117.9093,China,CN,CHN,Fujian,Fujian,CN-FJ,,,383.4,,,3,Asia/Shanghai,FALSE,1156838073
Zhongduan,Zhongduan,,26.2130,116.8574,China,CN,CHN,Fujian,Fujian,CN-FJ,,,215.6,,,3,Asia/Shanghai,TRUE,1156073824
Zhongduan,Zhongduan,,24.7110,116.6068,China,CN,CHN,Fujian,Fujian,CN-FJ,,,119.4,,,4,Asia/Shanghai,TRUE,1156827372
Zhongduan,Zhongduan,,26.1554,117.8988,China,CN,CHN,Fujian,Fujian,CN-FJ,,,91.2,,,4,Asia/Shanghai,TRUE,1156202796
Zhongduan,Zhongduan,,24.5939,116.9329,China,CN,CHN,Fujian,Fujian,CN-FJ,,,74.7,,,4,Asia/Shanghai,TRUE,1156034251
Wanglinying,Wanglinying,,31.7611,117.2167,China,CN,CHN,Anhui,Anhui,CN-AH,,,4128.5,,,2,Asia/Shanghai,FALSE,1156025930
Yunhongzhai,Yunhongzhai,,31.8573,103.3910,China,CN,CHN,Sichuan,Sichuan,CN-SC,,,8.2,,,5,Asia/Shanghai,FALSE,1156925561
Chenzhuang,Chenzhuang,,26.8313,116.5248,China,CN,CHN,Jiangxi,Jiangxi,CN-JX,,,108.4,,,4,Asia/Shanghai,FALSE,1156532601
Balitangfang,Balitangfang,,37.6141,107.5642,China,CN,CHN,Shaanxi,Shaanxi,CN-SN,,,576.4,,,3,Asia/Shanghai,FALSE,1156129292
Dongzhuzhuang,Dongzhuzhuang,,37.1693,116.4560,China,CN,CHN,Shandong,Shandong,CN-SD,,,1538.4,,,3,Asia/Shanghai,FALSE,1156271828
Hujiafenkeng,Hujiafenkeng,,47.9730,126.2861,China,CN,CHN,Heilongjiang,Heilongjiang,CN-HL,,,147.1,,,4,Asia/Shanghai,FALSE,1156453192
Dongzhuzhuang,Dongzhuzhuang,,39.5956,113.1486,China,CN,CHN,Shanxi,Shanxi,CN-SX,,,827.7,,,3,Asia/Shanghai,FALSE,1156131527
Wangjia Baobao,Wangjia Baobao,,26.4833,105.2320,China,CN,CHN,Guizhou,Guizhou,CN-GZ,,,210.0,,,3,Asia/Shanghai,FALSE,1156629761
Yifan,Yifan,,29.7389,118.7500,China,CN,CHN,Zhejiang,Zhejiang,CN-ZJ,,,185.0,,,4,Asia/Shanghai,FALSE,1156078485
Zhonghe,Zhonghe,,24.6619,102.5904,China,CN,CHN,Yunnan,Yunnan,CN-YN,,,499.0,,,3,Asia/Shanghai,FALSE,1156546111
Zhonghe,Zhonghe,,26.8369,100.2460,China,CN,CHN,Yunnan,Yunnan,CN-YN,,,399.9,,,3,Asia/Shanghai,TRUE,1156993342
Zhonghe,Zhonghe,,26.8298,103.5297,China,CN,CHN,Yunnan,Yunnan,CN-YN,,,371.3,,,3,Asia/Shanghai,TRUE,1156977747
Zhonghe,Zhonghe,,24.7783,99.1584,China,CN,CHN,Yunnan,Yunnan,CN-YN,,,343.7,,,3,Asia/Shanghai,TRUE,1156498264
Zhonghe,Zhonghe,,26.2052,104.4123,China,CN,CHN,Yunnan,Yunnan,CN-YN,,,248.5,,,3,Asia/Shanghai,TRUE,1156637841
Zhonghe,Zhonghe,,25.2431,98.6109,China,CN,CHN,Yunnan,Yunnan,CN-YN,,,125.8,,,4,Asia/Shanghai,TRUE,1156465110
Zhonghe,Zhonghe,,23.2373,105.4930,China,CN,CHN,Yunnan,Yunnan,CN-YN,,,122.2,,,4,Asia/Shanghai,TRUE,1156059938
Zhonghe,Zhonghe,,24.3892,103.3238,China,CN,CHN,Yunnan,Yunnan,CN-YN,,,111.8,,,4,Asia/Shanghai,TRUE,1156406171
Zhonghe,Zhonghe,,25.5069,99.1949,China,CN,CHN,Yunnan,Yunnan,CN-YN,,,89.0,,,4,Asia/Shanghai,TRUE,1156165330
Zhonghe,Zhonghe,,26.7042,99.9611,China,CN,CHN,Yunnan,Yunnan,CN-YN,,,77.2,,,4,Asia/Shanghai,TRUE,1156129737
Zhonghe,Zhonghe,,26.4426,103.2990,China,CN,CHN,Yunnan,Yunnan,CN-YN,,,50.0,,,4,Asia/Shanghai,TRUE,1156095255
Zhonghe,Zhonghe,,26.1627,101.4090,China,CN,CHN,Yunnan,Yunnan,CN-YN,,,49.5,,,4,Asia/Shanghai,TRUE,1156421643
Zhonghe,Zhonghe,,26.9226,100.0490,China,CN,CHN,Yunnan,Yunnan,CN-YN,,,39.4,,,4,Asia/Shanghai,TRUE,1156239707
Zhonghe,Zhonghe,,24.2217,98.5632,China,CN,CHN,Yunnan,Yunnan,CN-YN,,,39.2,,,4,Asia/Shanghai,TRUE,1156197945
Zhonghe,Zhonghe,,24.9914,98.1910,China,CN,CHN,Yunnan,Yunnan,CN-YN,,,35.9,,,4,Asia/Shanghai,TRUE,1156243804
Zhonghe,Zhonghe,,24.2796,98.7289,China,CN,CHN,Yunnan,Yunnan,CN-YN,,,29.6,,,4,Asia/Shanghai,TRUE,1156730694
Zhonghe,Zhonghe,,26.7250,99.8212,China,CN,CHN,Yunnan,Yunnan,CN-YN,,,14.8,,,4,Asia/Shanghai,TRUE,1156073173
Duojia,Duojia,,29.1900,87.9921,China,CN,CHN,Tibet,Tibet,CN-XZ,,,6.5,,,5,Asia/Shanghai,FALSE,1156512602
Jiutu,Jiutu,,34.3091,105.2400,China,CN,CHN,Gansu,Gansu,CN-GS,,,109.1,,,4,Asia/Shanghai,FALSE,1156314325
Keri Muye,Keri Muye,,35.8937,97.3287,China,CN,CHN,Qinghai,Qinghai,CN-QH,,,2.4,,,5,Asia/Shanghai,FALSE,1156929135
Qianfangcun,Qianfangcun,,26.4738,119.5493,China,CN,CHN,Fujian,Fujian,CN-FJ,,,2719.2,,,2,Asia/Shanghai,FALSE,1156430041
Qianfangcun,Qianfangcun,,24.7980,116.8092,China,CN,CHN,Fujian,Fujian,CN-FJ,,,184.3,,,4,Asia/Shanghai,TRUE,1156497920
Zhongdeng,Zhongdeng,Zhongdengcun|Chung-teng-ts’un|Chung-teng,39.5906,117.3531,China,CN,CHN,Tianjin,Tianjin,CN-TJ,,,341.7,,,3,Asia/Shanghai,FALSE,1156842520
Matan,Matan,,28.0120,112.7323,China,CN,CHN,Hunan,Hunan,CN-HN,,,444.2,,,3,Asia/Shanghai,FALSE,1156101805
Matan,Matan,,26.4389,113.7657,China,CN,CHN,Hunan,Hunan,CN-HN,,,68.1,,,4,Asia/Shanghai,TRUE,1156675118
Huangjingkeng,Huangjingkeng,,30.6219,118.5206,China,CN,CHN,Anhui,Anhui,CN-AH,,,64.2,,,4,Asia/Shanghai,FALSE,1156010408
Nan’ershipucun,Nan'ershipucun,,31.6833,116.5437,China,CN,CHN,Anhui,Anhui,CN-AH,,,223.3,,,3,Asia/Shanghai,FALSE,1156394526
Yang’erzhuang,Yang'erzhuang,,38.2713,111.9782,China,CN,CHN,Shanxi,Shanxi,CN-SX,,,21.8,,,4,Asia/Shanghai,FALSE,1156077324
Kezile Kuola Muyecun,Kezile Kuola Muyecun,,42.9623,81.9110,China,CN,CHN,Xinjiang,Xinjiang,CN-XJ,,,8.2,,,5,Asia/Shanghai,FALSE,1156425464
Sidui,Sidui,,30.6472,114.1946,China,CN,CHN,Hubei,Hubei,CN-HB,,,2668.1,,,2,Asia/Shanghai,FALSE,1156561122
Paomadi,Paomadi,,30.7648,111.9821,China,CN,CHN,Hubei,Hubei,CN-HB,,,198.2,,,4,Asia/Shanghai,FALSE,1156863449
Xiubo,Xiubo,,33.1221,97.7349,China,CN,CHN,Sichuan,Sichuan,CN-SC,,,7.6,,,5,Asia/Shanghai,FALSE,1156126195
Gehuoqie,Gehuoqie,,32.2646,95.6552,China,CN,CHN,Qinghai,Qinghai,CN-QH,,,9.8,,,5,Asia/Shanghai,FALSE,1156480783
Shenjiahe,Shenjiahe,,33.2012,107.6948,China,CN,CHN,Shaanxi,Shaanxi,CN-SN,,,382.4,,,3,Asia/Shanghai,FALSE,1156105360
Shenjiahe,Shenjiahe,,34.6034,107.8880,China,CN,CHN,Shaanxi,Shaanxi,CN-SN,,,120.3,,,4,Asia/Shanghai,TRUE,1156547533
Shenjiahe,Shenjiahe,,36.2676,110.1548,China,CN,CHN,Shaanxi,Shaanxi,CN-SN,,,47.9,,,4,Asia/Shanghai,TRUE,1156138075
Haixi,Haixi,,31.9065,121.1553,China,CN,CHN,Jiangsu,Jiangsu,CN-JS,,,2610.4,,,2,Asia/Shanghai,FALSE,1156368457
Haixi,Haixi,,32.1826,119.6043,China,CN,CHN,Jiangsu,Jiangsu,CN-JS,,,646.3,,,3,Asia/Shanghai,TRUE,1156866893
Fenlukou,Fenlukou,,36.0716,103.2260,China,CN,CHN,Gansu,Gansu,CN-GS,,,143.4,,,4,Asia/Shanghai,FALSE,1156504974
Gongjiayuancun,Gongjiayuancun,,33.4339,107.0512,China,CN,CHN,Shaanxi,Shaanxi,CN-SN,,,24.1,,,4,Asia/Shanghai,FALSE,1156645958
Chaobiao,Chaobiao,,19.2561,110.4503,China,CN,CHN,Hainan,Hainan,CN-HI,,,1207.6,,,3,Asia/Shanghai,FALSE,1156232768
Lexi,Lexi,,22.6593,113.0317,China,CN,CHN,Guangdong,Guangdong,CN-GD,,,732.3,,,3,Asia/Shanghai,FALSE,1156143310
Xiachacun,Xiachacun,,32.4481,120.3899,China,CN,CHN,Jiangsu,Jiangsu,CN-JS,,,322.1,,,3,Asia/Shanghai,FALSE,1156368309
Zuo’ancun,Zuo'ancun,,41.7553,125.9858,China,CN,CHN,Jilin,Jilin,CN-JL,,,1078.7,,,3,Asia/Shanghai,FALSE,1156826643
Dusanzifang Mudui,Dusanzifang Mudui,,44.2520,85.0120,China,CN,CHN,Xinjiang,Xinjiang,CN-XJ,,,5.3,,,5,Asia/Shanghai,FALSE,1156345175
Zhajiadian,Zhajiadian,,32.9652,119.5786,China,CN,CHN,Jiangsu,Jiangsu,CN-JS,,,358.8,,,3,Asia/Shanghai,FALSE,1156979774
Gaoliang,Gaoliang,,35.5322,109.8477,China,CN,CHN,Shaanxi,Shaanxi,CN-SN,,,46.5,,,4,Asia/Shanghai,FALSE,1156274853
Gaoliang,Gaoliang,,37.4404,109.5488,China,CN,CHN,Shaanxi,Shaanxi,CN-SN,,,34.3,,,4,Asia/Shanghai,TRUE,1156797873
Gaoliang,Gaoliang,,37.1490,108.6461,China,CN,CHN,Shaanxi,Shaanxi,CN-SN,,,29.5,,,4,Asia/Shanghai,TRUE,1156284294
Gaoliang,Gaoliang,,37.7967,108.9640,China,CN,CHN,Shaanxi,Shaanxi,CN-SN,,,24.2,,,4,Asia/Shanghai,TRUE,1156261754
Gaoliang,Gaoliang,,37.4170,108.8135,China,CN,CHN,Shaanxi,Shaanxi,CN-SN,,,22.2,,,4,Asia/Shanghai,TRUE,1156230274
Gaoliang,Gaoliang,,36.7890,108.5847,China,CN,CHN,Shaanxi,Shaanxi,CN-SN,,,14.8,,,4,Asia/Shanghai,TRUE,1156582508
Gaoliang,Gaoliang,,37.5757,109.2164,China,CN,CHN,Shaanxi,Shaanxi,CN-SN,,,13.3,,,4,Asia/Shanghai,TRUE,1156150198
Zhongzuimaocun,Zhongzuimaocun,,36.9171,109.3865,China,CN,CHN,Shaanxi,Shaanxi,CN-SN,,,294.2,,,3,Asia/Shanghai,FALSE,1156245694
Zhongzuimaocun,Zhongzuimaocun,,38.1885,110.0815,China,CN,CHN,Shaanxi,Shaanxi,CN-SN,,,32.1,,,4,Asia/Shanghai,TRUE,1156324328
Xishisanxu,Xishisanxu,,32.1215,120.3793,China,CN,CHN,Jiangsu,Jiangsu,CN-JS,,,967.4,,,3,Asia/Shanghai,FALSE,1156788317
Xishisanxu,Xishisanxu,,32.0741,120.1201,China,CN,CHN,Jiangsu,Jiangsu,CN-JS,,,523.1,,,3,Asia/Shanghai,TRUE,1156077842
Gangweitang,Gangweitang,,22.0888,111.9731,China,CN,CHN,Guangdong,Guangdong,CN-GD,,,118.3,,,4,Asia/Shanghai,FALSE,1156627300
Sanglinguacun,Sanglinguacun,,38.0070,110.0042,China,CN,CHN,Shaanxi,Shaanxi,CN-SN,,,15.2,,,4,Asia/Shanghai,FALSE,1156082760
Dinglongcun,Dinglongcun,,30.9249,107.5165,China,CN,CHN,Sichuan,Sichuan,CN-SC,,,284.2,,,3,Asia/Shanghai,FALSE,1156564384
Yinjiazhuang,Yinjiazhuang,,34.0507,106.6886,China,CN,CHN,Shaanxi,Shaanxi,CN-SN,,,97.5,,,4,Asia/Shanghai,FALSE,1156170661
Wopei,Wopei,,23.1839,102.0800,China,CN,CHN,Yunnan,Yunnan,CN-YN,,,72.9,,,4,Asia/Shanghai,FALSE,1156279765
Chatingkou,Chatingkou,,26.1565,119.3350,China,CN,CHN,Fujian,Fujian,CN-FJ,,,76.3,,,4,Asia/Shanghai,FALSE,1156103337
Shiguanzi,Shiguanzi,,32.8834,109.2938,China,CN,CHN,Shaanxi,Shaanxi,CN-SN,,,135.8,,,4,Asia/Shanghai,FALSE,1156646998
Shiguanzi,Shiguanzi,,32.8715,106.4721,China,CN,CHN,Shaanxi,Shaanxi,CN-SN,,,61.9,,,4,Asia/Shanghai,TRUE,1156131307
Shiguanzi,Shiguanzi,,32.9498,106.1361,China,CN,CHN,Shaanxi,Shaanxi,CN-SN,,,39.0,,,4,Asia/Shanghai,TRUE,1156860799
Shiguanzi,Shiguanzi,,33.4524,107.6855,China,CN,CHN,Shaanxi,Shaanxi,CN-SN,,,30.7,,,4,Asia/Shanghai,TRUE,1156204928
Shiguanzi,Shiguanzi,,34.9881,106.6832,China,CN,CHN,Shaanxi,Shaanxi,CN-SN,,,29.1,,,4,Asia/Shanghai,TRUE,1156720438
Gaotianliangcun,Gaotianliangcun,,37.2754,107.8336,China,CN,CHN,Shaanxi,Shaanxi,CN-SN,,,37.6,,,4,Asia/Shanghai,FALSE,1156186819
Nuopei Laozhai,Nuopei Laozhai,,22.0915,100.0900,China,CN,CHN,Yunnan,Yunnan,CN-YN,,,54.4,,,4,Asia/Shanghai,FALSE,1156049289
Wanlaicun,Wanlaicun,,44.1200,125.1428,China,CN,CHN,Jilin,Jilin,CN-JL,,,339.7,,,3,Asia/Shanghai,FALSE,1156377379
Mojiali,Mojiali,,30.3416,120.1059,China,CN,CHN,Zhejiang,Zhejiang,CN-ZJ,,,10069.0,,,2,Asia/Shanghai,FALSE,1156278962
Taole,Taole,,23.8415,108.4530,China,CN,CHN,Guangxi,Guangxi,CN-GX,,,88.5,,,4,Asia/Shanghai,FALSE,1156118165
Yinjiazhuang,Yinjiazhuang,,37.1013,113.3844,China,CN,CHN,Shanxi,Shanxi,CN-SX,,,888.6,,,3,Asia/Shanghai,FALSE,1156811702
Shiguanzi,Shiguanzi,,28.2513,105.2480,China,CN,CHN,Sichuan,Sichuan,CN-SC,,,305.5,,,3,Asia/Shanghai,FALSE,1156960242
Xiangshan Hujia,Xiangshan Hujia,,28.4103,115.2947,China,CN,CHN,Jiangxi,Jiangxi,CN-JX,,,450.9,,,3,Asia/Shanghai,FALSE,1156031562
Liutanggoucun,Liutanggoucun,,41.5344,123.3378,China,CN,CHN,Liaoning,Liaoning,CN-LN,,,501.9,,,3,Asia/Shanghai,FALSE,1156051848
Dajianggangcun,Dajianggangcun,Dajianggang,43.0952,125.6420,China,CN,CHN,Jilin,Jilin,CN-JL,,,79.6,,,4,Asia/Shanghai,FALSE,1156245649
Lhazê,Lhaze,,33.5333,96.5000,China,CN,CHN,Qinghai,Qinghai,CN-QH,,,4.7,,,5,Asia/Shanghai,FALSE,1156015633
Baitudun,Baitudun,,31.3435,118.7835,China,CN,CHN,Jiangsu,Jiangsu,CN-JS,,,884.7,,,3,Asia/Shanghai,FALSE,1156162525
Xingfu,Xingfu,,38.5434,117.2770,China,CN,CHN,Hebei,Hebei,CN-HE,,,184.6,,,4,Asia/Shanghai,FALSE,1156087676
Zhongcao,Zhongcao,,26.0382,102.8828,China,CN,CHN,Yunnan,Yunnan,CN-YN,,,78.2,,,4,Asia/Shanghai,FALSE,1156541303
Zhongcao,Zhongcao,,27.1548,101.0840,China,CN,CHN,Yunnan,Yunnan,CN-YN,,,38.3,,,4,Asia/Shanghai,TRUE,1156546021
Zhaizi,Zhaizi,,35.9341,111.4344,China,CN,CHN,Shanxi,Shanxi,CN-SX,,,224.0,,,3,Asia/Shanghai,FALSE,1156913754
Zhaizi,Zhaizi,,35.4204,111.5439,China,CN,CHN,Shanxi,Shanxi,CN-SX,,,113.0,,,4,Asia/Shanghai,TRUE,1156512161
Zhaizi,Zhaizi,,38.3044,111.7277,China,CN,CHN,Shanxi,Shanxi,CN-SX,,,56.6,,,4,Asia/Shanghai,TRUE,1156203940
Zhaizi,Zhaizi,,38.7616,111.3102,China,CN,CHN,Shanxi,Shanxi,CN-SX,,,19.8,,,4,Asia/Shanghai,TRUE,1156198018
Xingfu,Xingfu,,29.1004,111.8901,China,CN,CHN,Hunan,Hunan,CN-HN,,,368.5,,,3,Asia/Shanghai,FALSE,1156344849
Xingfu,Xingfu,,25.6506,113.0431,China,CN,CHN,Hunan,Hunan,CN-HN,,,251.5,,,3,Asia/Shanghai,TRUE,1156017223
Xingfu,Xingfu,,29.0807,112.3848,China,CN,CHN,Hunan,Hunan,CN-HN,,,240.7,,,3,Asia/Shanghai,TRUE,1156733846
Xingfu,Xingfu,,24.8257,111.7137,China,CN,CHN,Hunan,Hunan,CN-HN,,,207.4,,,3,Asia/Shanghai,TRUE,1156355504
Xingfu,Xingfu,,28.3314,109.5694,China,CN,CHN,Hunan,Hunan,CN-HN,,,116.5,,,4,Asia/Shanghai,TRUE,1156438054
Xingfu,Xingfu,,26.4618,109.4639,China,CN,CHN,Hunan,Hunan,CN-HN,,,68.2,,,4,Asia/Shanghai,TRUE,1156225882
Longqinchong,Longqinchong,,22.9144,110.1460,China,CN,CHN,Guangxi,Guangxi,CN-GX,,,175.5,,,4,Asia/Shanghai,FALSE,1156004643
Xingfu,Xingfu,,45.2319,130.8762,China,CN,CHN,Heilongjiang,Heilongjiang,CN-HL,,,651.4,,,3,Asia/Shanghai,FALSE,1156361041
Xingfu,Xingfu,,48.8682,130.0393,China,CN,CHN,Heilongjiang,Heilongjiang,CN-HL,,,20.7,,,4,Asia/Shanghai,TRUE,1156449217
Xingfu,Xingfu,,47.3424,127.5310,China,CN,CHN,Heilongjiang,Heilongjiang,CN-HL,,,3.3,,,5,Asia/Shanghai,TRUE,1156853614
Hetouyangcun,Hetouyangcun,,27.5577,120.4711,China,CN,CHN,Zhejiang,Zhejiang,CN-ZJ,,,2355.7,,,2,Asia/Shanghai,FALSE,1156388620
Zhaizi,Zhaizi,,30.2914,103.5910,China,CN,CHN,Sichuan,Sichuan,CN-SC,,,575.8,,,3,Asia/Shanghai,FALSE,1156951029
Zhaizi,Zhaizi,,30.2993,104.4300,China,CN,CHN,Sichuan,Sichuan,CN-SC,,,493.2,,,3,Asia/Shanghai,TRUE,1156002510
Zhaizi,Zhaizi,,30.9507,106.8840,China,CN,CHN,Sichuan,Sichuan,CN-SC,,,310.3,,,3,Asia/Shanghai,TRUE,1156728213
Zhaizi,Zhaizi,,31.0238,107.5080,China,CN,CHN,Sichuan,Sichuan,CN-SC,,,248.1,,,3,Asia/Shanghai,TRUE,1156407289
Zhaizi,Zhaizi,,31.8061,106.4050,China,CN,CHN,Sichuan,Sichuan,CN-SC,,,216.3,,,3,Asia/Shanghai,TRUE,1156216656
Zhaizi,Zhaizi,,32.5137,105.0670,China,CN,CHN,Sichuan,Sichuan,CN-SC,,,96.8,,,4,Asia/Shanghai,TRUE,1156448894
Zhaizi,Zhaizi,,27.6419,103.1686,China,CN,CHN,Sichuan,Sichuan,CN-SC,,,84.0,,,4,Asia/Shanghai,TRUE,1156246776
Zhaizi,Zhaizi,,31.8241,105.8830,China,CN,CHN,Sichuan,Sichuan,CN-SC,,,65.7,,,4,Asia/Shanghai,TRUE,1156356822
Zhaizi,Zhaizi,,26.2206,102.0850,China,CN,CHN,Sichuan,Sichuan,CN-SC,,,42.0,,,4,Asia/Shanghai,TRUE,1156595999
Nanjizi Yuancun,Nanjizi Yuancun,,37.0743,121.6953,China,CN,CHN,Shandong,Shandong,CN-SD,,,218.8,,,3,Asia/Shanghai,FALSE,1156440334
Zhaizi,Zhaizi,,37.4992,122.0918,China,CN,CHN,Shandong,Shandong,CN-SD,,,2114.5,,,2,Asia/Shanghai,FALSE,1156434251
Yangdacun,Yangdacun,,31.2618,96.9670,China,CN,CHN,Tibet,Tibet,CN-XZ,,,13.9,,,4,Asia/Shanghai,FALSE,1156621271
Yangdacun,Yangdacun,,31.4153,97.2005,China,CN,CHN,Tibet,Tibet,CN-XZ,,,9.3,,,5,Asia/Shanghai,TRUE,1156001294
Yangdacun,Yangdacun,,31.8068,93.7407,China,CN,CHN,Tibet,Tibet,CN-XZ,,,4.7,,,5,Asia/Shanghai,TRUE,1156509873
Yangdacun,Yangdacun,,30.6994,97.0327,China,CN,CHN,Tibet,Tibet,CN-XZ,,,3.3,,,5,Asia/Shanghai,TRUE,1156012782
Qianniu,Qianniu,,31.0932,106.6860,China,CN,CHN,Sichuan,Sichuan,CN-SC,,,461.5,,,3,Asia/Shanghai,FALSE,1156421210
Qianniu,Qianniu,,26.5943,102.4740,China,CN,CHN,Sichuan,Sichuan,CN-SC,,,177.8,,,4,Asia/Shanghai,TRUE,1156187726
Danmiaocun,Danmiaocun,,36.2771,115.6870,China,CN,CHN,Shandong,Shandong,CN-SD,,,908.1,,,3,Asia/Shanghai,FALSE,1156513695
Danmiaocun,Danmiaocun,,35.3439,116.5556,China,CN,CHN,Shandong,Shandong,CN-SD,,,491.1,,,3,Asia/Shanghai,TRUE,1156513691
Shenjiahe,Shenjiahe,,32.5536,106.1425,China,CN,CHN,Sichuan,Sichuan,CN-SC,,,99.4,,,4,Asia/Shanghai,FALSE,1156245103
Fule,Fule,,26.4786,104.5520,China,CN,CHN,Yunnan,Yunnan,CN-YN,,,217.6,,,3,Asia/Shanghai,FALSE,1156267498
Zhaizi,Zhaizi,,34.8381,109.4907,China,CN,CHN,Shaanxi,Shaanxi,CN-SN,,,527.6,,,3,Asia/Shanghai,FALSE,1156981629
Zhaizi,Zhaizi,,35.9167,110.3246,China,CN,CHN,Shaanxi,Shaanxi,CN-SN,,,16.2,,,4,Asia/Shanghai,TRUE,1156978704
Omsumsumdo,Omsumsumdo,Esangsongduo,32.0000,93.7000,China,CN,CHN,Tibet,Tibet,CN-XZ,,,9.1,,,5,Asia/Shanghai,FALSE,1156374299
Wushijiu,Wushijiu,,44.5196,123.6881,China,CN,CHN,Jilin,Jilin,CN-JL,,,54.5,,,4,Asia/Shanghai,FALSE,1156219835
Maojiazhaicun,Maojiazhaicun,,36.9029,119.5438,China,CN,CHN,Shandong,Shandong,CN-SD,,,388.9,,,3,Asia/Shanghai,FALSE,1156524166
Houxiucaigou,Houxiucaigou,,36.3278,112.4361,China,CN,CHN,Shanxi,Shanxi,CN-SX,,,16.7,,,4,Asia/Shanghai,FALSE,1156729882
Xiaolanzicun,Xiaolanzicun,,36.8391,121.4039,China,CN,CHN,Shandong,Shandong,CN-SD,,,279.3,,,3,Asia/Shanghai,FALSE,1156999457
Ngayü,Ngayu,Aiyu,30.9136,98.2496,China,CN,CHN,Tibet,Tibet,CN-XZ,,,15.5,,,4,Asia/Shanghai,FALSE,1156025343
Fanshang,Fanshang,,27.7004,115.2886,China,CN,CHN,Jiangxi,Jiangxi,CN-JX,,,115.9,,,4,Asia/Shanghai,FALSE,1156132228
Omatêgê,Omatege,Hongqi Gongshe|Womatingge,31.4010,91.9010,China,CN,CHN,Tibet,Tibet,CN-XZ,,,5.2,,,5,Asia/Shanghai,FALSE,1156188477
Panxiancun,Panxiancun,Panxian,24.4724,106.5594,China,CN,CHN,Guangxi,Guangxi,CN-GX,,,60.9,,,4,Asia/Shanghai,FALSE,1156346551
Bajia Lengchong,Bajia Lengchong,,27.7210,109.8772,China,CN,CHN,Hunan,Hunan,CN-HN,,,84.2,,,4,Asia/Shanghai,FALSE,1156653946
Nanjiaocun,Nanjiaocun,,41.2793,122.9044,China,CN,CHN,Liaoning,Liaoning,CN-LN,,,170.7,,,4,Asia/Shanghai,FALSE,1156341662
Shangtanyao,Shangtanyao,,42.4330,123.4300,China,CN,CHN,Liaoning,Liaoning,CN-LN,,,367.9,,,3,Asia/Shanghai,FALSE,1156355725
Danpucun,Danpucun,,23.5632,116.3431,China,CN,CHN,Guangdong,Guangdong,CN-GD,,,7335.8,,,2,Asia/Shanghai,FALSE,1156849857
Chenyan,Chenyan,,32.2074,115.2253,China,CN,CHN,Henan,Henan,CN-HA,,,222.1,,,3,Asia/Shanghai,FALSE,1156279817
Xiaotacun,Xiaotacun,,37.9504,112.3235,China,CN,CHN,Shanxi,Shanxi,CN-SX,,,69.0,,,4,Asia/Shanghai,FALSE,1156624395
Wangyaoshan,Wangyaoshan,,47.7149,124.9815,China,CN,CHN,Heilongjiang,Heilongjiang,CN-HL,,,152.3,,,4,Asia/Shanghai,FALSE,1156320913
Hengshan Linyezhan,Hengshan Linyezhan,,46.2394,128.9486,China,CN,CHN,Heilongjiang,Heilongjiang,CN-HL,,,5.1,,,5,Asia/Shanghai,FALSE,1156568043
Tanjia Buzi,Tanjia Buzi,Tanjiapuzi|Tanjia Puzi,40.0983,122.8401,China,CN,CHN,Liaoning,Liaoning,CN-LN,,,94.0,,,4,Asia/Shanghai,FALSE,1156392680
Wandongqiao,Wandongqiao,,26.7154,112.3158,China,CN,CHN,Hunan,Hunan,CN-HN,,,176.3,,,4,Asia/Shanghai,FALSE,1156236625
Yangjiaweicun,Yangjiaweicun,,28.4487,121.3653,China,CN,CHN,Zhejiang,Zhejiang,CN-ZJ,,,1439.4,,,3,Asia/Shanghai,FALSE,1156384543
Zhuanglicun,Zhuanglicun,,36.5282,114.2178,China,CN,CHN,Hebei,Hebei,CN-HE,,,1445.8,,,3,Asia/Shanghai,FALSE,1156459434
Xiaotacun,Xiaotacun,,35.6053,109.9405,China,CN,CHN,Shaanxi,Shaanxi,CN-SN,,,66.9,,,4,Asia/Shanghai,FALSE,1156268153
Sanjiangkoucun,Sanjiangkoucun,,30.2349,121.1113,China,CN,CHN,Zhejiang,Zhejiang,CN-ZJ,,,791.0,,,3,Asia/Shanghai,FALSE,1156400914
Sanjiangkoucun,Sanjiangkoucun,,29.8909,120.2998,China,CN,CHN,Zhejiang,Zhejiang,CN-ZJ,,,212.2,,,3,Asia/Shanghai,TRUE,1156412221
Dongpokou,Dongpokou,,42.0569,126.4715,China,CN,CHN,Jilin,Jilin,CN-JL,,,340.3,,,3,Asia/Shanghai,FALSE,1156138452
Tiegereke,Tiegereke,,40.5298,77.8343,China,CN,CHN,Xinjiang,Xinjiang,CN-XJ,,,3.2,,,5,Asia/Shanghai,FALSE,1156087414
Hanpingcun,Hanpingcun,,39.4869,114.1592,China,CN,CHN,Shanxi,Shanxi,CN-SX,,,30.3,,,4,Asia/Shanghai,FALSE,1156831981
Wushizu,Wushizu,,26.1386,100.7290,China,CN,CHN,Yunnan,Yunnan,CN-YN,,,40.6,,,4,Asia/Shanghai,FALSE,1156238337
Xinglongjie,Xinglongjie,,41.1319,117.9066,China,CN,CHN,Hebei,Hebei,CN-HE,,,119.3,,,4,Asia/Shanghai,FALSE,1156117254
Jiangjiazhou,Jiangjiazhou,,26.9101,115.0064,China,CN,CHN,Jiangxi,Jiangxi,CN-JX,,,565.1,,,3,Asia/Shanghai,FALSE,1156824929
Jiangjiazhou,Jiangjiazhou,,28.3852,114.9973,China,CN,CHN,Jiangxi,Jiangxi,CN-JX,,,248.6,,,3,Asia/Shanghai,TRUE,1156820830
Jiangjiazhou,Jiangjiazhou,,26.6097,114.4140,China,CN,CHN,Jiangxi,Jiangxi,CN-JX,,,57.5,,,4,Asia/Shanghai,TRUE,1156467314
Jiayancun,Jiayancun,Jiayan,24.9221,107.1063,China,CN,CHN,Guangxi,Guangxi,CN-GX,,,43.7,,,4,Asia/Shanghai,FALSE,1156824219
Oushutang,Oushutang,,26.9666,112.3068,China,CN,CHN,Hunan,Hunan,CN-HN,,,793.2,,,3,Asia/Shanghai,FALSE,1156697583
Weizhai,Weizhai,,26.1036,109.7228,China,CN,CHN,Hunan,Hunan,CN-HN,,,57.7,,,4,Asia/Shanghai,FALSE,1156785154
Qionglongge,Qionglongge,,31.9099,94.3847,China,CN,CHN,Tibet,Tibet,CN-XZ,,,6.7,,,5,Asia/Shanghai,FALSE,1156853471
Guba Niuchang,Guba Niuchang,,28.1068,100.4123,China,CN,CHN,Sichuan,Sichuan,CN-SC,,,4.0,,,5,Asia/Shanghai,FALSE,1156942687
Qiuguanzhuangcun,Qiuguanzhuangcun,,35.1080,117.0898,China,CN,CHN,Shandong,Shandong,CN-SD,,,1390.1,,,3,Asia/Shanghai,FALSE,1156523329
Qiuguanzhuangcun,Qiuguanzhuangcun,,35.6383,116.9581,China,CN,CHN,Shandong,Shandong,CN-SD,,,1038.4,,,3,Asia/Shanghai,TRUE,1156523327
Qiuguanzhuangcun,Qiuguanzhuangcun,,35.1171,119.0045,China,CN,CHN,Shandong,Shandong,CN-SD,,,455.6,,,3,Asia/Shanghai,TRUE,1156052382
Zhouxingzao,Zhouxingzao,Xingzao,32.9131,120.5394,China,CN,CHN,Jiangsu,Jiangsu,CN-JS,,,288.7,,,3,Asia/Shanghai,FALSE,1156000664
Chunbo,Chunbo,,31.4826,92.6671,China,CN,CHN,Tibet,Tibet,CN-XZ,,,6.3,,,5,Asia/Shanghai,FALSE,1156711819
Damiaochang,Damiaochang,,27.7109,107.4840,China,CN,CHN,Guizhou,Guizhou,CN-GZ,,,291.8,,,3,Asia/Shanghai,FALSE,1156684095
Hanpingcun,Hanpingcun,,37.6374,109.7142,China,CN,CHN,Shaanxi,Shaanxi,CN-SN,,,65.0,,,4,Asia/Shanghai,FALSE,1156171900
Hanpingcun,Hanpingcun,,33.4038,108.7346,China,CN,CHN,Shaanxi,Shaanxi,CN-SN,,,7.8,,,5,Asia/Shanghai,TRUE,1156227944
Yaolingcun,Yaolingcun,,44.4194,130.2594,China,CN,CHN,Heilongjiang,Heilongjiang,CN-HL,,,67.2,,,4,Asia/Shanghai,FALSE,1156364493
Yaolingcun,Yaolingcun,,44.0844,129.4414,China,CN,CHN,Heilongjiang,Heilongjiang,CN-HL,,,21.8,,,4,Asia/Shanghai,TRUE,1156356630
Yaolingcun,Yaolingcun,,49.2293,127.0968,China,CN,CHN,Heilongjiang,Heilongjiang,CN-HL,,,7.3,,,5,Asia/Shanghai,TRUE,1156364789
Yandi,Yandi,,25.0025,110.2320,China,CN,CHN,Guangxi,Guangxi,CN-GX,,,618.6,,,3,Asia/Shanghai,FALSE,1156274764
Yandi,Yandi,,25.7194,110.0080,China,CN,CHN,Guangxi,Guangxi,CN-GX,,,60.3,,,4,Asia/Shanghai,TRUE,1156117859
Dongfenglinggou,Dongfenglinggou,,41.4779,119.8568,China,CN,CHN,Liaoning,Liaoning,CN-LN,,,67.1,,,4,Asia/Shanghai,FALSE,1156089050
Xinzuinzhang,Xinzuinzhang,,36.7224,106.9197,China,CN,CHN,Gansu,Gansu,CN-GS,,,12.2,,,4,Asia/Shanghai,FALSE,1156960171
Jiaojia Wopucun,Jiaojia Wopucun,,41.3659,120.6370,China,CN,CHN,Liaoning,Liaoning,CN-LN,,,92.7,,,4,Asia/Shanghai,FALSE,1156337634
Zhonglingcun,Zhonglingcun,,28.5169,104.0140,China,CN,CHN,Yunnan,Yunnan,CN-YN,,,74.0,,,4,Asia/Shanghai,FALSE,1156091146
Sulaga,Sulaga,,29.8940,96.2439,China,CN,CHN,Tibet,Tibet,CN-XZ,,,5.0,,,5,Asia/Shanghai,FALSE,1156616261
Songmimu,Songmimu,,24.4013,101.9070,China,CN,CHN,Yunnan,Yunnan,CN-YN,,,24.7,,,4,Asia/Shanghai,FALSE,1156244694
Galiepo,Galiepo,,26.0047,100.9690,China,CN,CHN,Yunnan,Yunnan,CN-YN,,,29.7,,,4,Asia/Shanghai,FALSE,1156297280
Chudun,Chudun,,34.6047,117.9330,China,CN,CHN,Jiangsu,Jiangsu,CN-JS,,,326.1,,,3,Asia/Shanghai,FALSE,1156148701
Xinshengbao,Xinshengbao,,30.4130,110.6854,China,CN,CHN,Hubei,Hubei,CN-HB,,,126.2,,,4,Asia/Shanghai,FALSE,1156857543
Langdonggou,Langdonggou,,40.2630,114.6904,China,CN,CHN,Hebei,Hebei,CN-HE,,,29.9,,,4,Asia/Shanghai,FALSE,1156563551
Puzigang,Puzigang,,31.3306,117.3306,China,CN,CHN,Anhui,Anhui,CN-AH,,,42.5,,,4,Asia/Shanghai,FALSE,1156162378
Yindongyan,Yindongyan,,32.2137,109.2234,China,CN,CHN,Shaanxi,Shaanxi,CN-SN,,,44.1,,,4,Asia/Shanghai,FALSE,1156255371
Dajiucaigou,Dajiucaigou,,49.7199,125.2108,China,CN,CHN,Inner Mongolia,Inner Mongolia,CN-NM,,,5.0,,,5,Asia/Shanghai,FALSE,1156895005
Huangmacun,Huangmacun,,37.4076,117.3231,China,CN,CHN,Shandong,Shandong,CN-SD,,,447.2,,,3,Asia/Shanghai,FALSE,1156392359
Huangmacun,Huangmacun,,36.6648,116.6337,China,CN,CHN,Shandong,Shandong,CN-SD,,,306.1,,,3,Asia/Shanghai,TRUE,1156392664
Fugangji Beicun,Fugangji Beicun,,34.6463,115.9553,China,CN,CHN,Shandong,Shandong,CN-SD,,,750.0,,,3,Asia/Shanghai,FALSE,1156514367
Shiduiwo,Shiduiwo,,29.8119,104.3550,China,CN,CHN,Sichuan,Sichuan,CN-SC,,,426.9,,,3,Asia/Shanghai,FALSE,1156697421
Shiduiwo,Shiduiwo,,31.5676,107.8567,China,CN,CHN,Sichuan,Sichuan,CN-SC,,,81.8,,,4,Asia/Shanghai,TRUE,1156426760
Huangmacun,Huangmacun,,31.3823,107.6407,China,CN,CHN,Sichuan,Sichuan,CN-SC,,,165.0,,,4,Asia/Shanghai,FALSE,1156551217
Niujiaojiang,Niujiaojiang,,26.3373,110.8845,China,CN,CHN,Hunan,Hunan,CN-HN,,,168.6,,,4,Asia/Shanghai,FALSE,1156161303
Shangshanfengcun,Shangshanfengcun,,28.7310,121.2617,China,CN,CHN,Zhejiang,Zhejiang,CN-ZJ,,,444.8,,,3,Asia/Shanghai,FALSE,1156390719
Dongshaoshucun,Dongshaoshucun,,40.3425,119.7340,China,CN,CHN,Liaoning,Liaoning,CN-LN,,,62.9,,,4,Asia/Shanghai,FALSE,1156347620
Tianchiping,Tianchiping,,34.9411,104.2612,China,CN,CHN,Gansu,Gansu,CN-GS,,,155.3,,,4,Asia/Shanghai,FALSE,1156024636
Xiyu Huangtangcun,Xiyu Huangtangcun,,37.3707,118.1335,China,CN,CHN,Shandong,Shandong,CN-SD,,,381.2,,,3,Asia/Shanghai,FALSE,1156513746
Shanjianshan,Shanjianshan,,27.8686,108.4300,China,CN,CHN,Guizhou,Guizhou,CN-GZ,,,84.2,,,4,Asia/Shanghai,FALSE,1156135826
Litaizi,Litaizi,,36.7322,108.5021,China,CN,CHN,Shaanxi,Shaanxi,CN-SN,,,44.3,,,4,Asia/Shanghai,FALSE,1156861896
Xiaochahe,Xiaochahe,,26.6315,102.6021,China,CN,CHN,Sichuan,Sichuan,CN-SC,,,387.4,,,3,Asia/Shanghai,FALSE,1156255917
Weizhai,Weizhai,,34.5541,114.5454,China,CN,CHN,Henan,Henan,CN-HA,,,734.5,,,3,Asia/Shanghai,FALSE,1156286485
Weizhai,Weizhai,,35.2323,114.8970,China,CN,CHN,Henan,Henan,CN-HA,,,680.0,,,3,Asia/Shanghai,TRUE,1156424032
Weizhai,Weizhai,,35.4581,115.2560,China,CN,CHN,Henan,Henan,CN-HA,,,617.3,,,3,Asia/Shanghai,TRUE,1156791483
Weizhai,Weizhai,,35.5754,114.9030,China,CN,CHN,Henan,Henan,CN-HA,,,513.9,,,3,Asia/Shanghai,TRUE,1156937157
Weizhai,Weizhai,,34.3405,112.4871,China,CN,CHN,Henan,Henan,CN-HA,,,489.7,,,3,Asia/Shanghai,TRUE,1156175081
Weizhai,Weizhai,,32.5725,114.8223,China,CN,CHN,Henan,Henan,CN-HA,,,339.4,,,3,Asia/Shanghai,TRUE,1156655736
Weizhai,Weizhai,,35.1613,114.7525,China,CN,CHN,Henan,Henan,CN-HA,,,299.1,,,3,Asia/Shanghai,TRUE,1156783903
Duida,Duida,,21.5256,109.6730,China,CN,CHN,Guangxi,Guangxi,CN-GX,,,181.4,,,4,Asia/Shanghai,FALSE,1156213009
Beidoukong,Beidoukong,,23.1637,115.4430,China,CN,CHN,Guangdong,Guangdong,CN-GD,,,233.3,,,3,Asia/Shanghai,FALSE,1156232520
Caowazicun,Caowazicun,,37.7007,118.5222,China,CN,CHN,Shandong,Shandong,CN-SD,,,140.2,,,4,Asia/Shanghai,FALSE,1156142284
Hujiecun,Hujiecun,,30.0149,121.2921,China,CN,CHN,Zhejiang,Zhejiang,CN-ZJ,,,930.7,,,3,Asia/Shanghai,FALSE,1156402293
Liming,Liming,,41.8048,123.4977,China,CN,CHN,Liaoning,Liaoning,CN-LN,,,1014.7,,,3,Asia/Shanghai,FALSE,1156220433
Poxun,Poxun,,19.9421,110.3262,China,CN,CHN,Hainan,Hainan,CN-HI,,,303.1,,,3,Asia/Shanghai,FALSE,1156115071
Shuzhuangmi,Shuzhuangmi,,25.9342,99.5530,China,CN,CHN,Yunnan,Yunnan,CN-YN,,,39.9,,,4,Asia/Shanghai,FALSE,1156133057
Xinfangzi,Xinfangzi,,39.1623,116.2778,China,CN,CHN,Hebei,Hebei,CN-HE,,,505.4,,,3,Asia/Shanghai,FALSE,1156093272
Xinfangzi,Xinfangzi,,40.1513,118.8418,China,CN,CHN,Hebei,Hebei,CN-HE,,,476.7,,,3,Asia/Shanghai,TRUE,1156338796
Xinfangzi,Xinfangzi,,40.6453,117.8261,China,CN,CHN,Hebei,Hebei,CN-HE,,,73.8,,,4,Asia/Shanghai,TRUE,1156218711
Longxicun,Longxicun,,31.5912,108.1712,China,CN,CHN,Sichuan,Sichuan,CN-SC,,,445.5,,,3,Asia/Shanghai,FALSE,1156081865
Jiaba,Jiaba,,23.6710,105.3910,China,CN,CHN,Yunnan,Yunnan,CN-YN,,,128.0,,,4,Asia/Shanghai,FALSE,1156211052
Dabeitou,Dabeitou,,23.1149,109.4140,China,CN,CHN,Guangxi,Guangxi,CN-GX,,,675.2,,,3,Asia/Shanghai,FALSE,1156838687
Dabeitou,Dabeitou,,23.2511,110.4240,China,CN,CHN,Guangxi,Guangxi,CN-GX,,,560.0,,,3,Asia/Shanghai,TRUE,1156551055
Longxicun,Longxicun,,32.2830,108.0156,China,CN,CHN,Shaanxi,Shaanxi,CN-SN,,,41.0,,,4,Asia/Shanghai,FALSE,1156582965
Yangfushan,Yangfushan,,28.0200,120.7120,China,CN,CHN,Zhejiang,Zhejiang,CN-ZJ,,,5126.5,,,2,Asia/Shanghai,FALSE,1156385178
Babing,Babing,,25.4067,106.6890,China,CN,CHN,Guizhou,Guizhou,CN-GZ,,,102.5,,,4,Asia/Shanghai,FALSE,1156056860
Nanhai,Nanhai,,31.1060,119.3985,China,CN,CHN,Anhui,Anhui,CN-AH,,,158.1,,,4,Asia/Shanghai,FALSE,1156779002
Ciyaocun,Ciyaocun,,23.7753,117.3879,China,CN,CHN,Fujian,Fujian,CN-FJ,,,1038.5,,,3,Asia/Shanghai,FALSE,1156430226
Beiwopu,Beiwopu,,41.5563,117.6927,China,CN,CHN,Hebei,Hebei,CN-HE,,,224.0,,,3,Asia/Shanghai,FALSE,1156594368
Beiwopu,Beiwopu,,41.2464,117.1034,China,CN,CHN,Hebei,Hebei,CN-HE,,,20.7,,,4,Asia/Shanghai,TRUE,1156203041
Beiwopu,Beiwopu,,41.5513,116.7819,China,CN,CHN,Hebei,Hebei,CN-HE,,,6.7,,,5,Asia/Shanghai,TRUE,1156687783
Liweizhuang,Liweizhuang,,34.3576,115.9400,China,CN,CHN,Henan,Henan,CN-HA,,,404.1,,,3,Asia/Shanghai,FALSE,1156456293
Taicun,Taicun,,31.7279,119.6255,China,CN,CHN,Jiangsu,Jiangsu,CN-JS,,,1577.8,,,3,Asia/Shanghai,FALSE,1156788044
Taicun,Taicun,,31.7805,119.7571,China,CN,CHN,Jiangsu,Jiangsu,CN-JS,,,1180.5,,,3,Asia/Shanghai,TRUE,1156363539
Taicun,Taicun,T’ai-ts’un|Ho-ts’un-chen|T’ai-ts’un-chen,31.4443,119.0425,China,CN,CHN,Jiangsu,Jiangsu,CN-JS,,,424.6,,,3,Asia/Shanghai,TRUE,1156037068
Shinaining,Shinaining,,35.9658,101.9040,China,CN,CHN,Qinghai,Qinghai,CN-QH,,,62.7,,,4,Asia/Shanghai,FALSE,1156129367
Xixinglonggang,Xixinglonggang,,45.7449,126.3645,China,CN,CHN,Heilongjiang,Heilongjiang,CN-HL,,,561.9,,,3,Asia/Shanghai,FALSE,1156309545
Dabeitou,Dabeitou,,23.4876,113.0274,China,CN,CHN,Guangdong,Guangdong,CN-GD,,,353.7,,,3,Asia/Shanghai,FALSE,1156508790
Jiangtangcun,Jiangtangcun,,26.0068,119.6285,China,CN,CHN,Fujian,Fujian,CN-FJ,,,2072.7,,,2,Asia/Shanghai,FALSE,1156539816
Zhouliuzhuang,Zhouliuzhuang,,33.8055,119.0287,China,CN,CHN,Jiangsu,Jiangsu,CN-JS,,,365.4,,,3,Asia/Shanghai,FALSE,1156726470
Helonggou,Helonggou,,33.0356,108.0407,China,CN,CHN,Shaanxi,Shaanxi,CN-SN,,,67.7,,,4,Asia/Shanghai,FALSE,1156038036
Tiandang,Tiandang,,34.1544,119.6131,China,CN,CHN,Jiangsu,Jiangsu,CN-JS,,,393.3,,,3,Asia/Shanghai,FALSE,1156673757
Tiandecun,Tiandecun,,46.1423,127.4365,China,CN,CHN,Heilongjiang,Heilongjiang,CN-HL,,,198.7,,,4,Asia/Shanghai,FALSE,1156562018
Dongziwanggou,Dongziwanggou,,33.9684,111.1114,China,CN,CHN,Henan,Henan,CN-HA,,,100.1,,,4,Asia/Shanghai,FALSE,1156246685
Houqing,Houqing,,42.3295,122.6244,China,CN,CHN,Liaoning,Liaoning,CN-LN,,,101.4,,,4,Asia/Shanghai,FALSE,1156244912
Dakema,Dakema,,25.1797,108.3030,China,CN,CHN,Guangxi,Guangxi,CN-GX,,,62.7,,,4,Asia/Shanghai,FALSE,1156168148
Gu’ao,Gu'ao,,23.9394,108.0550,China,CN,CHN,Guangxi,Guangxi,CN-GX,,,409.5,,,3,Asia/Shanghai,FALSE,1156663814
Gu’ao,Gu'ao,,23.9704,108.8830,China,CN,CHN,Guangxi,Guangxi,CN-GX,,,139.3,,,4,Asia/Shanghai,TRUE,1156175611
Yandi,Yandi,,22.4730,111.2852,China,CN,CHN,Guangdong,Guangdong,CN-GD,,,255.3,,,3,Asia/Shanghai,FALSE,1156890791
Qijiaqincun,Qijiaqincun,,37.5228,122.0939,China,CN,CHN,Shandong,Shandong,CN-SD,,,11366.6,,,2,Asia/Shanghai,FALSE,1156434264
Qiuyancun,Qiuyancun,,32.8733,118.6710,China,CN,CHN,Jiangsu,Jiangsu,CN-JS,,,200.8,,,3,Asia/Shanghai,FALSE,1156521268
Longtuan,Longtuan,,26.4517,114.5370,China,CN,CHN,Jiangxi,Jiangxi,CN-JX,,,54.2,,,4,Asia/Shanghai,FALSE,1156504128
Shaguo,Shaguo,,39.8342,116.1142,China,CN,CHN,Beijing,Beijing,CN-BJ,,,2238.7,,,2,Asia/Shanghai,FALSE,1156674991
Sanshilitun,Sanshilitun,,32.8739,112.5038,China,CN,CHN,Henan,Henan,CN-HA,,,633.8,,,3,Asia/Shanghai,FALSE,1156611607
Houyangxie,Houyangxie,,35.4017,110.2523,China,CN,CHN,Shaanxi,Shaanxi,CN-SN,,,52.3,,,4,Asia/Shanghai,FALSE,1156054464
Shiying,Shiying,,32.5937,106.0696,China,CN,CHN,Sichuan,Sichuan,CN-SC,,,107.0,,,4,Asia/Shanghai,FALSE,1156810444
Changqing,Changqing,,41.7673,123.4711,China,CN,CHN,Liaoning,Liaoning,CN-LN,,,1014.7,,,3,Asia/Shanghai,FALSE,1156220759
Qifenchang Yidui,Qifenchang Yidui,,29.1972,111.9537,China,CN,CHN,Hunan,Hunan,CN-HN,,,214.7,,,3,Asia/Shanghai,FALSE,1156218393
Qiguanying,Qiguanying,,26.1701,104.5480,China,CN,CHN,Guizhou,Guizhou,CN-GZ,,,132.0,,,4,Asia/Shanghai,FALSE,1156926217
Wangbokou,Wangbokou,,30.2879,112.4746,China,CN,CHN,Hubei,Hubei,CN-HB,,,74.9,,,4,Asia/Shanghai,FALSE,1156626619
Tianjiaxiang,Tianjiaxiang,,30.9342,112.6524,China,CN,CHN,Hubei,Hubei,CN-HB,,,259.2,,,3,Asia/Shanghai,FALSE,1156195170
Tianjiaxiang,Tianjiaxiang,,30.8363,113.6037,China,CN,CHN,Hubei,Hubei,CN-HB,,,123.1,,,4,Asia/Shanghai,TRUE,1156868039
Huojian Nongchang,Huojian Nongchang,,42.8783,93.4153,China,CN,CHN,Xinjiang,Xinjiang,CN-XJ,,,76.1,,,4,Asia/Shanghai,FALSE,1156679297
Qiannanpangcun,Qiannanpangcun,,36.8147,119.3719,China,CN,CHN,Shandong,Shandong,CN-SD,,,1306.8,,,3,Asia/Shanghai,FALSE,1156484464
Xianangou,Xianangou,,36.4351,105.3450,China,CN,CHN,Gansu,Gansu,CN-GS,,,27.4,,,4,Asia/Shanghai,FALSE,1156461311
Wangyang,Wangyang,,32.9296,119.8080,China,CN,CHN,Jiangsu,Jiangsu,CN-JS,,,7387.2,,,2,Asia/Shanghai,FALSE,1156555494
Zhangqiangou,Zhangqiangou,,33.9761,111.2781,China,CN,CHN,Henan,Henan,CN-HA,,,100.1,,,4,Asia/Shanghai,FALSE,1156167452
Zhoujiatuan,Zhoujiatuan,,31.1786,118.4518,China,CN,CHN,Anhui,Anhui,CN-AH,,,501.5,,,3,Asia/Shanghai,FALSE,1156071487
Diduo,Diduo,,24.0477,108.3450,China,CN,CHN,Guangxi,Guangxi,CN-GX,,,78.9,,,4,Asia/Shanghai,FALSE,1156483168
Suka’ayidang Nongchang,Suka'ayidang Nongchang,,38.3456,77.0430,China,CN,CHN,Xinjiang,Xinjiang,CN-XJ,,,127.7,,,4,Asia/Shanghai,FALSE,1156154481
Tianjucun,Tianjucun,,45.8610,130.5042,China,CN,CHN,Heilongjiang,Heilongjiang,CN-HL,,,59.5,,,4,Asia/Shanghai,FALSE,1156365365
Caizhuangcun,Caizhuangcun,,32.8799,117.5189,China,CN,CHN,Anhui,Anhui,CN-AH,,,730.5,,,3,Asia/Shanghai,FALSE,1156235050
Caizhuangcun,Caizhuangcun,,32.8689,116.6257,China,CN,CHN,Anhui,Anhui,CN-AH,,,320.7,,,3,Asia/Shanghai,TRUE,1156372966
Zhongshun,Zhongshun,,26.1599,114.3210,China,CN,CHN,Jiangxi,Jiangxi,CN-JX,,,127.1,,,4,Asia/Shanghai,FALSE,1156090177
Baifenqian,Baifenqian,,24.4403,115.1758,China,CN,CHN,Guangdong,Guangdong,CN-GD,,,285.6,,,3,Asia/Shanghai,FALSE,1156292035
Peijiawan,Peijiawan,,35.6306,103.7700,China,CN,CHN,Gansu,Gansu,CN-GS,,,190.2,,,4,Asia/Shanghai,FALSE,1156000920
Peijiawan,Peijiawan,,35.1089,104.5490,China,CN,CHN,Gansu,Gansu,CN-GS,,,128.3,,,4,Asia/Shanghai,TRUE,1156786005
Peijiawan,Peijiawan,,35.4564,104.6150,China,CN,CHN,Gansu,Gansu,CN-GS,,,87.4,,,4,Asia/Shanghai,TRUE,1156146378
Peijiawan,Peijiawan,,36.2763,105.3300,China,CN,CHN,Gansu,Gansu,CN-GS,,,66.3,,,4,Asia/Shanghai,TRUE,1156266041
Xuyangqiao,Xuyangqiao,,38.1804,117.1810,China,CN,CHN,Hebei,Hebei,CN-HE,,,561.9,,,3,Asia/Shanghai,FALSE,1156122716
Hongbang,Hongbang,,24.8105,118.4032,China,CN,CHN,Fujian,Fujian,CN-FJ,,,938.2,,,3,Asia/Shanghai,FALSE,1156256513
Guagou,Guagou,,34.7811,112.5068,China,CN,CHN,Henan,Henan,CN-HA,,,710.5,,,3,Asia/Shanghai,FALSE,1156235570
Guagou,Guagou,,33.9871,112.0896,China,CN,CHN,Henan,Henan,CN-HA,,,31.0,,,4,Asia/Shanghai,TRUE,1156970164
Yangkoushi,Yangkoushi,Yang-K’ou-shih,28.6500,118.9000,China,CN,CHN,Zhejiang,Zhejiang,CN-ZJ,,,16.5,,,4,Asia/Shanghai,FALSE,1156567629
Suotong,Suotong,,35.8326,102.6775,China,CN,CHN,Qinghai,Qinghai,CN-QH,,,84.8,,,4,Asia/Shanghai,FALSE,1156047873
Lianglincun,Lianglincun,,36.0206,116.3071,China,CN,CHN,Shandong,Shandong,CN-SD,,,1031.3,,,3,Asia/Shanghai,FALSE,1156496307
Shirenzhai,Shirenzhai,,37.4574,114.0420,China,CN,CHN,Hebei,Hebei,CN-HE,,,91.9,,,4,Asia/Shanghai,FALSE,1156248171
Shuitangzi,Shuitangzi,,27.1878,103.1080,China,CN,CHN,Yunnan,Yunnan,CN-YN,,,220.9,,,3,Asia/Shanghai,FALSE,1156895033
Shuitangzi,Shuitangzi,,27.7970,103.7120,China,CN,CHN,Yunnan,Yunnan,CN-YN,,,185.0,,,4,Asia/Shanghai,TRUE,1156236160
Shuitangzi,Shuitangzi,,27.0372,103.0410,China,CN,CHN,Yunnan,Yunnan,CN-YN,,,136.2,,,4,Asia/Shanghai,TRUE,1156181986
Shuitangzi,Shuitangzi,,23.6884,102.3980,China,CN,CHN,Yunnan,Yunnan,CN-YN,,,125.0,,,4,Asia/Shanghai,TRUE,1156194491
Shuitangzi,Shuitangzi,,23.3170,105.0200,China,CN,CHN,Yunnan,Yunnan,CN-YN,,,123.2,,,4,Asia/Shanghai,TRUE,1156276672
Shanghuangkeng,Shanghuangkeng,,24.2677,115.5923,China,CN,CHN,Guangdong,Guangdong,CN-GD,,,447.8,,,3,Asia/Shanghai,FALSE,1156821243
Shanghuangkeng,Shanghuangkeng,,23.3593,115.4165,China,CN,CHN,Guangdong,Guangdong,CN-GD,,,123.9,,,4,Asia/Shanghai,TRUE,1156005656
Yiwulingtuan Wulian,Yiwulingtuan Wulian,,44.9698,86.0004,China,CN,CHN,Xinjiang,Xinjiang,CN-XJ,,,28.3,,,4,Asia/Shanghai,FALSE,1156035093
Zhushancun,Zhushancun,Zhushan,22.1289,106.7473,China,CN,CHN,Guangxi,Guangxi,CN-GX,,,368.0,,,3,Asia/Shanghai,FALSE,1156418628
Zhutoubei,Zhutoubei,,21.9689,110.2910,China,CN,CHN,Guangxi,Guangxi,CN-GX,,,402.8,,,3,Asia/Shanghai,FALSE,1156069729
Mazichuan,Mazichuan,,35.4598,104.7650,China,CN,CHN,Gansu,Gansu,CN-GS,,,69.2,,,4,Asia/Shanghai,FALSE,1156888423
Mazichuan,Mazichuan,,34.2833,104.0667,China,CN,CHN,Gansu,Gansu,CN-GS,,,42.1,,,4,Asia/Shanghai,TRUE,1156586480
Chaoyangtai,Chaoyangtai,,31.7181,109.3756,China,CN,CHN,Shaanxi,Shaanxi,CN-SN,,,12.7,,,4,Asia/Shanghai,FALSE,1156089519
Yagaqi Kalekecun,Yagaqi Kalekecun,,39.2985,76.0538,China,CN,CHN,Xinjiang,Xinjiang,CN-XJ,,,98.5,,,4,Asia/Shanghai,FALSE,1156119664
Zhushancun,Zhushancun,,21.6164,110.8511,China,CN,CHN,Guangdong,Guangdong,CN-GD,,,1411.7,,,3,Asia/Shanghai,FALSE,1156567924
Zhushancun,Zhushancun,,21.4193,110.8557,China,CN,CHN,Guangdong,Guangdong,CN-GD,,,1066.4,,,3,Asia/Shanghai,TRUE,1156567925
Zhushancun,Zhushancun,,21.0785,110.2385,China,CN,CHN,Guangdong,Guangdong,CN-GD,,,487.6,,,3,Asia/Shanghai,TRUE,1156502783
Zhushancun,Zhushancun,,21.3683,110.1473,China,CN,CHN,Guangdong,Guangdong,CN-GD,,,405.8,,,3,Asia/Shanghai,TRUE,1156502784
Zhushancun,Zhushancun,,22.1172,112.0650,China,CN,CHN,Guangdong,Guangdong,CN-GD,,,176.3,,,4,Asia/Shanghai,TRUE,1156567926
Shilang,Shilang,,25.9356,112.8144,China,CN,CHN,Hunan,Hunan,CN-HN,,,299.1,,,3,Asia/Shanghai,FALSE,1156277573
Houshijiashan,Houshijiashan,,34.4637,110.8422,China,CN,CHN,Henan,Henan,CN-HA,,,187.9,,,4,Asia/Shanghai,FALSE,1156168022
Jiezitang,Jiezitang,,25.9555,110.8760,China,CN,CHN,Guangxi,Guangxi,CN-GX,,,244.2,,,3,Asia/Shanghai,FALSE,1156679533
Luoyuandong,Luoyuandong,,26.3016,116.9784,China,CN,CHN,Fujian,Fujian,CN-FJ,,,76.8,,,4,Asia/Shanghai,FALSE,1156454281
Luokui,Luokui,,29.3207,89.1696,China,CN,CHN,Tibet,Tibet,CN-XZ,,,20.0,,,4,Asia/Shanghai,FALSE,1156057734
Zhouci,Zhouci,,30.1568,104.6130,China,CN,CHN,Sichuan,Sichuan,CN-SC,,,554.8,,,3,Asia/Shanghai,FALSE,1156580633
Beimaquan,Beimaquan,,40.1700,114.6678,China,CN,CHN,Hebei,Hebei,CN-HE,,,97.1,,,4,Asia/Shanghai,FALSE,1156998808
Liuliuzhuangcun,Liuliuzhuangcun,,34.8451,115.4941,China,CN,CHN,Shandong,Shandong,CN-SD,,,637.8,,,3,Asia/Shanghai,FALSE,1156342720
Daluohanshu,Daluohanshu,,26.4368,104.1860,China,CN,CHN,Yunnan,Yunnan,CN-YN,,,196.2,,,4,Asia/Shanghai,FALSE,1156988972
Taikang,Taikang,Tu-erh-po-t’e-meng-ku-tsu-tzu-chih-hsien|Syaokhaotszy|Tu-erh-po-t’e|T’ai-k’ang-hsien|T’ai-k’ang-chen|Hsiao-hao-tzu|Taykan|Durvet|Duerbotetsi|Tu-erh-po-t’e-ch’i|Dorbod|Taikang Zhen|Du’erbote|Du’erbote Mengguzu Zizhixian,46.8614,124.4420,China,CN,CHN,Heilongjiang,Heilongjiang,CN-HL,,minor,175.8,,,3,Asia/Shanghai,FALSE,1156790837
Hongqiao,Hongqiao,Qidong|Hungkiao|Hung-ch’iao-shih|Hung-ch’iao-chen|Hung-ch’iao|Ch’i-tung,26.7684,112.1081,China,CN,CHN,Hunan,Hunan,CN-HN,,minor,1906.4,,,3,Asia/Shanghai,FALSE,1156175144
Hongqiao,Hongqiao,,27.3263,111.6086,China,CN,CHN,Hunan,Hunan,CN-HN,,,642.1,,,3,Asia/Shanghai,TRUE,1156126202
Hongqiao,Hongqiao,,27.7078,113.5971,China,CN,CHN,Hunan,Hunan,CN-HN,,,420.1,,,3,Asia/Shanghai,TRUE,1156703580
Shangjin,Shangjin,,31.6380,118.4283,China,CN,CHN,Anhui,Anhui,CN-AH,,,319.1,,,3,Asia/Shanghai,FALSE,1156062175
Sanjiaodiancun,Sanjiaodiancun,Sanjiaodian,36.2011,115.2376,China,CN,CHN,Hebei,Hebei,CN-HE,,,824.5,,,3,Asia/Shanghai,FALSE,1156154766
Sunjiachuan,Sunjiachuan,,37.5648,110.4011,China,CN,CHN,Shaanxi,Shaanxi,CN-SN,,,168.1,,,4,Asia/Shanghai,FALSE,1156666758
Gezishan,Gezishan,,24.7379,116.0939,China,CN,CHN,Guangdong,Guangdong,CN-GD,,,42.7,,,4,Asia/Shanghai,FALSE,1156198074
Mengzhang,Mengzhang,,34.2082,105.2990,China,CN,CHN,Gansu,Gansu,CN-GS,,,331.4,,,3,Asia/Shanghai,FALSE,1156079268
Mayigou,Mayigou,,36.4226,109.2179,China,CN,CHN,Shaanxi,Shaanxi,CN-SN,,,19.3,,,4,Asia/Shanghai,FALSE,1156708720
Guoluchuancun,Guoluchuancun,,37.3457,121.1872,China,CN,CHN,Shandong,Shandong,CN-SD,,,292.2,,,3,Asia/Shanghai,FALSE,1156480170
Shulinze,Shulinze,,38.0510,111.3916,China,CN,CHN,Shanxi,Shanxi,CN-SX,,,41.5,,,4,Asia/Shanghai,FALSE,1156533171
Miaodicun,Miaodicun,,33.2400,117.1297,China,CN,CHN,Anhui,Anhui,CN-AH,,,399.6,,,3,Asia/Shanghai,FALSE,1156344622
Lianglangxi,Lianglangxi,,29.6622,121.3180,China,CN,CHN,Zhejiang,Zhejiang,CN-ZJ,,,399.7,,,3,Asia/Shanghai,FALSE,1156170136
Liuwu,Liuwu,,26.1887,108.1880,China,CN,CHN,Guizhou,Guizhou,CN-GZ,,,96.2,,,4,Asia/Shanghai,FALSE,1156085502
Xiabianliao,Xiabianliao,,28.7833,113.1166,China,CN,CHN,Hunan,Hunan,CN-HN,,,1483.8,,,3,Asia/Shanghai,FALSE,1156003957
Houliangtianchi,Houliangtianchi,,37.1754,108.1053,China,CN,CHN,Shaanxi,Shaanxi,CN-SN,,,18.5,,,4,Asia/Shanghai,FALSE,1156689861
Nanduozhuangpucun,Nanduozhuangpucun,,35.8300,118.4683,China,CN,CHN,Shandong,Shandong,CN-SD,,,174.3,,,4,Asia/Shanghai,FALSE,1156059100
Wangliangshe,Wangliangshe,,32.7779,120.2388,China,CN,CHN,Jiangsu,Jiangsu,CN-JS,,,324.2,,,3,Asia/Shanghai,FALSE,1156402722
Madongshu,Madongshu,,24.8444,100.9780,China,CN,CHN,Yunnan,Yunnan,CN-YN,,,75.9,,,4,Asia/Shanghai,FALSE,1156731250
Shi’erxiao,Shi'erxiao,,28.5507,119.2134,China,CN,CHN,Zhejiang,Zhejiang,CN-ZJ,,,46.9,,,4,Asia/Shanghai,FALSE,1156973613
Cangliangcun,Cangliangcun,,45.5660,125.0207,China,CN,CHN,Heilongjiang,Heilongjiang,CN-HL,,,88.6,,,4,Asia/Shanghai,FALSE,1156330245
Yimaoduo,Yimaoduo,,25.9980,102.4064,China,CN,CHN,Yunnan,Yunnan,CN-YN,,,102.5,,,4,Asia/Shanghai,FALSE,1156153222
Xiawadu,Xiawadu,,25.3273,103.4620,China,CN,CHN,Yunnan,Yunnan,CN-YN,,,135.4,,,4,Asia/Shanghai,FALSE,1156272884
Margyagai,Margyagai,Majiagai,32.0050,93.7050,China,CN,CHN,Tibet,Tibet,CN-XZ,,,9.1,,,5,Asia/Shanghai,FALSE,1156273433
Shanggaopo,Shanggaopo,,27.2224,106.3400,China,CN,CHN,Guizhou,Guizhou,CN-GZ,,,126.6,,,4,Asia/Shanghai,FALSE,1156003295
Diaoping,Diaoping,,35.7206,102.9540,China,CN,CHN,Gansu,Gansu,CN-GS,,,348.3,,,3,Asia/Shanghai,FALSE,1156270307
Diaoping,Diaoping,,34.8955,105.7750,China,CN,CHN,Gansu,Gansu,CN-GS,,,303.8,,,3,Asia/Shanghai,TRUE,1156990141
Diaoping,Diaoping,,34.6736,105.9460,China,CN,CHN,Gansu,Gansu,CN-GS,,,106.0,,,4,Asia/Shanghai,TRUE,1156522163
Liuwu,Liuwu,,23.0717,113.9762,China,CN,CHN,Guangdong,Guangdong,CN-GD,,,4150.1,,,2,Asia/Shanghai,FALSE,1156044332
Liuwu,Liuwu,,22.8672,114.3634,China,CN,CHN,Guangdong,Guangdong,CN-GD,,,776.3,,,3,Asia/Shanghai,TRUE,1156060041
Liuwu,Liuwu,,25.1629,114.3624,China,CN,CHN,Guangdong,Guangdong,CN-GD,,,543.2,,,3,Asia/Shanghai,TRUE,1156212060
Liuwu,Liuwu,,23.4148,113.0933,China,CN,CHN,Guangdong,Guangdong,CN-GD,,,373.2,,,3,Asia/Shanghai,TRUE,1156132044
Liuwu,Liuwu,,24.3508,115.6325,China,CN,CHN,Guangdong,Guangdong,CN-GD,,,334.1,,,3,Asia/Shanghai,TRUE,1156175059
Liuwu,Liuwu,,24.8934,113.6020,China,CN,CHN,Guangdong,Guangdong,CN-GD,,,310.4,,,3,Asia/Shanghai,TRUE,1156701686
Liuwu,Liuwu,,23.0267,111.9363,China,CN,CHN,Guangdong,Guangdong,CN-GD,,,305.4,,,3,Asia/Shanghai,TRUE,1156940297
Liuwu,Liuwu,,22.6628,112.8990,China,CN,CHN,Guangdong,Guangdong,CN-GD,,,229.0,,,3,Asia/Shanghai,TRUE,1156127598
Liuwu,Liuwu,,22.9025,114.4225,China,CN,CHN,Guangdong,Guangdong,CN-GD,,,224.9,,,3,Asia/Shanghai,TRUE,1156165080
Liuwu,Liuwu,,24.4300,113.5125,China,CN,CHN,Guangdong,Guangdong,CN-GD,,,149.4,,,4,Asia/Shanghai,TRUE,1156589233
Liuwu,Liuwu,,25.2189,114.3769,China,CN,CHN,Guangdong,Guangdong,CN-GD,,,135.4,,,4,Asia/Shanghai,TRUE,1156415073
Liuwu,Liuwu,,24.0571,116.0682,China,CN,CHN,Guangdong,Guangdong,CN-GD,,,128.7,,,4,Asia/Shanghai,TRUE,1156285902
Liuwu,Liuwu,,25.1183,114.2407,China,CN,CHN,Guangdong,Guangdong,CN-GD,,,115.5,,,4,Asia/Shanghai,TRUE,1156215375
Liuwu,Liuwu,,24.7285,115.9009,China,CN,CHN,Guangdong,Guangdong,CN-GD,,,93.9,,,4,Asia/Shanghai,TRUE,1156047559
Liuwu,Liuwu,,25.0278,114.1210,China,CN,CHN,Guangdong,Guangdong,CN-GD,,,87.5,,,4,Asia/Shanghai,TRUE,1156026004
Liuwu,Liuwu,,24.1978,111.9691,China,CN,CHN,Guangdong,Guangdong,CN-GD,,,80.0,,,4,Asia/Shanghai,TRUE,1156031692
Liuwu,Liuwu,,23.7418,114.1819,China,CN,CHN,Guangdong,Guangdong,CN-GD,,,72.6,,,4,Asia/Shanghai,TRUE,1156161920
Liuwu,Liuwu,,23.3261,114.6336,China,CN,CHN,Guangdong,Guangdong,CN-GD,,,44.1,,,4,Asia/Shanghai,TRUE,1156818329
Liuwu,Liuwu,,24.8722,113.8902,China,CN,CHN,Guangdong,Guangdong,CN-GD,,,39.2,,,4,Asia/Shanghai,TRUE,1156862449
Liuwu,Liuwu,,24.6053,113.0271,China,CN,CHN,Guangdong,Guangdong,CN-GD,,,14.5,,,4,Asia/Shanghai,TRUE,1156397306
Kuxia,Kuxia,,27.2788,115.0405,China,CN,CHN,Jiangxi,Jiangxi,CN-JX,,,387.0,,,3,Asia/Shanghai,FALSE,1156163379
Pangjiawan,Pangjiawan,,32.0080,113.1412,China,CN,CHN,Hubei,Hubei,CN-HB,,,229.6,,,3,Asia/Shanghai,FALSE,1156343952
Ta’er Agezicun Sanzu,Ta'er Agezicun Sanzu,,37.5736,76.7943,China,CN,CHN,Xinjiang,Xinjiang,CN-XJ,,,6.3,,,5,Asia/Shanghai,FALSE,1156553974
Yangjiatang,Yangjiatang,,30.9333,111.5833,China,CN,CHN,Hubei,Hubei,CN-HB,,,65.1,,,4,Asia/Shanghai,FALSE,1156067581
Fanjia,Fanjia,Fanjiaxiang,30.9836,119.4458,China,CN,CHN,Anhui,Anhui,CN-AH,,,217.4,,,3,Asia/Shanghai,FALSE,1156346415
Fanjia,Fanjia,,29.9572,117.2878,China,CN,CHN,Anhui,Anhui,CN-AH,,,41.3,,,4,Asia/Shanghai,TRUE,1156705490
Dongzhaizhuang,Dongzhaizhuang,,38.7775,117.0311,China,CN,CHN,Tianjin,Tianjin,CN-TJ,,,329.4,,,3,Asia/Shanghai,FALSE,1156187963
Yangjiatang,Yangjiatang,,27.2277,110.7916,China,CN,CHN,Hunan,Hunan,CN-HN,,,375.4,,,3,Asia/Shanghai,FALSE,1156222339
Yangjiatang,Yangjiatang,,26.8480,110.9285,China,CN,CHN,Hunan,Hunan,CN-HN,,,218.1,,,3,Asia/Shanghai,TRUE,1156390471
Yangjiatang,Yangjiatang,,26.6665,110.2989,China,CN,CHN,Hunan,Hunan,CN-HN,,,148.5,,,4,Asia/Shanghai,TRUE,1156926162
Shangzhongpo,Shangzhongpo,,39.1910,112.3211,China,CN,CHN,Shanxi,Shanxi,CN-SX,,,119.1,,,4,Asia/Shanghai,FALSE,1156023821
Jinjicun,Jinjicun,,31.2126,117.7957,China,CN,CHN,Anhui,Anhui,CN-AH,,,597.1,,,3,Asia/Shanghai,FALSE,1156979923
Jinjicun,Jinjicun,,30.7531,116.9627,China,CN,CHN,Anhui,Anhui,CN-AH,,,331.0,,,3,Asia/Shanghai,TRUE,1156632447
Jinjicun,Jinjicun,,30.0480,116.8003,China,CN,CHN,Anhui,Anhui,CN-AH,,,299.8,,,3,Asia/Shanghai,TRUE,1156372452
Jinjicun,Jinjicun,,30.4587,116.1703,China,CN,CHN,Anhui,Anhui,CN-AH,,,140.9,,,4,Asia/Shanghai,TRUE,1156284356
Jinjicun,Jinjicun,Jinji,31.9329,117.9109,China,CN,CHN,Anhui,Anhui,CN-AH,,,108.8,,,4,Asia/Shanghai,TRUE,1156790343
Te-sheng-fu-t’un,Te-sheng-fu-t'un,,47.3689,124.6025,China,CN,CHN,Heilongjiang,Heilongjiang,CN-HL,,,55.3,,,4,Asia/Shanghai,FALSE,1156250963
Jorra,Jorra,Juelacun,28.2097,92.3684,China,CN,CHN,Tibet,Tibet,CN-XZ,,,5.7,,,5,Asia/Shanghai,FALSE,1156907509
Gudaqiao,Gudaqiao,,45.7676,127.6575,China,CN,CHN,Heilongjiang,Heilongjiang,CN-HL,,,199.2,,,4,Asia/Shanghai,FALSE,1156379025
Tongqianhekou,Tongqianhekou,Tongqian|T’ung-chien-kuan|Tongqianguan,32.2881,109.2092,China,CN,CHN,Shaanxi,Shaanxi,CN-SN,,,41.5,,,4,Asia/Shanghai,FALSE,1156201456
Leiwukeng,Leiwukeng,,29.9644,119.8132,China,CN,CHN,Zhejiang,Zhejiang,CN-ZJ,,,713.4,,,3,Asia/Shanghai,FALSE,1156540506
Yongzhai,Yongzhai,,25.3492,107.6480,China,CN,CHN,Guizhou,Guizhou,CN-GZ,,,46.5,,,4,Asia/Shanghai,FALSE,1156391706
Jiyidu,Jiyidu,,27.7734,99.2549,China,CN,CHN,Yunnan,Yunnan,CN-YN,,,8.6,,,5,Asia/Shanghai,FALSE,1156780695
Lipingsi,Lipingsi,,33.2123,112.2785,China,CN,CHN,Henan,Henan,CN-HA,,,179.2,,,4,Asia/Shanghai,FALSE,1156377620
Qinguang,Qinguang,,36.1274,113.6215,China,CN,CHN,Shanxi,Shanxi,CN-SX,,,44.6,,,4,Asia/Shanghai,FALSE,1156358488
Lingqiang,Lingqiang,,23.3046,106.1840,China,CN,CHN,Guangxi,Guangxi,CN-GX,,,128.3,,,4,Asia/Shanghai,FALSE,1156461729
Xinghe,Xinghe,,29.2616,109.4254,China,CN,CHN,Hunan,Hunan,CN-HN,,,152.2,,,4,Asia/Shanghai,FALSE,1156272171
Hongqiao,Hongqiao,,30.1124,112.9846,China,CN,CHN,Hubei,Hubei,CN-HB,,,472.3,,,3,Asia/Shanghai,FALSE,1156755441
Hongqiao,Hongqiao,,30.4780,111.4035,China,CN,CHN,Hubei,Hubei,CN-HB,,,182.9,,,4,Asia/Shanghai,TRUE,1156252737
Hongqiao,Hongqiao,,30.2086,112.3249,China,CN,CHN,Hubei,Hubei,CN-HB,,,182.6,,,4,Asia/Shanghai,TRUE,1156851859
Beiyangjiacun,Beiyangjiacun,,40.1678,119.8603,China,CN,CHN,Liaoning,Liaoning,CN-LN,,,111.7,,,4,Asia/Shanghai,FALSE,1156422186
Huzhuang,Huzhuang,,30.7369,120.3386,China,CN,CHN,Zhejiang,Zhejiang,CN-ZJ,,,509.7,,,3,Asia/Shanghai,FALSE,1156036924
Xiuchang,Xiuchang,,33.3863,102.0210,China,CN,CHN,Gansu,Gansu,CN-GS,,,13.3,,,4,Asia/Shanghai,FALSE,1156186689
Zhudazhuangcun,Zhudazhuangcun,,34.7782,116.3181,China,CN,CHN,Shandong,Shandong,CN-SD,,,316.9,,,3,Asia/Shanghai,FALSE,1156916932
Huangzumiaocun,Huangzumiaocun,,33.3553,115.9139,China,CN,CHN,Anhui,Anhui,CN-AH,,,655.7,,,3,Asia/Shanghai,FALSE,1156599366
Bainiwan,Bainiwan,,27.0070,109.7812,China,CN,CHN,Hunan,Hunan,CN-HN,,,304.4,,,3,Asia/Shanghai,FALSE,1156742373
Bainiwan,Bainiwan,,28.0492,110.3366,China,CN,CHN,Hunan,Hunan,CN-HN,,,34.3,,,4,Asia/Shanghai,TRUE,1156769116
Erfang Shequ,Erfang Shequ,,44.6021,129.6530,China,CN,CHN,Heilongjiang,Heilongjiang,CN-HL,,,1289.5,,,3,Asia/Shanghai,FALSE,1156498295
Yunpangoucun,Yunpangoucun,,42.2252,123.9800,China,CN,CHN,Liaoning,Liaoning,CN-LN,,,126.3,,,4,Asia/Shanghai,FALSE,1156350592
Longma,Longma,,30.4838,106.3940,China,CN,CHN,Sichuan,Sichuan,CN-SC,,,229.7,,,3,Asia/Shanghai,FALSE,1156206587
Longma,Longma,,28.2394,105.8540,China,CN,CHN,Sichuan,Sichuan,CN-SC,,,15.3,,,4,Asia/Shanghai,TRUE,1156168652
Laozhujiatun,Laozhujiatun,,47.2357,125.0419,China,CN,CHN,Heilongjiang,Heilongjiang,CN-HL,,,88.5,,,4,Asia/Shanghai,FALSE,1156201298
Yingfengzhuangcun,Yingfengzhuangcun,,35.9403,117.8345,China,CN,CHN,Shandong,Shandong,CN-SD,,,1591.8,,,3,Asia/Shanghai,FALSE,1156483045
Xiaohongdi,Xiaohongdi,,24.9240,104.6620,China,CN,CHN,Guizhou,Guizhou,CN-GZ,,,247.2,,,3,Asia/Shanghai,FALSE,1156811827
Hebeilizhuang,Hebeilizhuang,,33.8002,115.0180,China,CN,CHN,Henan,Henan,CN-HA,,,400.4,,,3,Asia/Shanghai,FALSE,1156556499
Yujiacangcun,Yujiacangcun,,37.0165,116.1091,China,CN,CHN,Shandong,Shandong,CN-SD,,,278.5,,,3,Asia/Shanghai,FALSE,1156458430
Heyuan Shenjia,Heyuan Shenjia,,28.9391,116.9071,China,CN,CHN,Jiangxi,Jiangxi,CN-JX,,,346.6,,,3,Asia/Shanghai,FALSE,1156244919
Majiashankou,Majiashankou,,33.6536,109.6565,China,CN,CHN,Shaanxi,Shaanxi,CN-SN,,,42.5,,,4,Asia/Shanghai,FALSE,1156679107
Shuiliu Caijia,Shuiliu Caijia,,28.1674,116.7843,China,CN,CHN,Jiangxi,Jiangxi,CN-JX,,,230.3,,,3,Asia/Shanghai,FALSE,1156152909
Ershecun,Ershecun,,42.5844,123.9793,China,CN,CHN,Liaoning,Liaoning,CN-LN,,,226.4,,,3,Asia/Shanghai,FALSE,1156419543
Gedabao,Gedabao,,31.9479,105.6921,China,CN,CHN,Sichuan,Sichuan,CN-SC,,,94.5,,,4,Asia/Shanghai,FALSE,1156086778
Liangyanjing,Liangyanjing,,39.8578,111.7232,China,CN,CHN,Inner Mongolia,Inner Mongolia,CN-NM,,,68.4,,,4,Asia/Shanghai,FALSE,1156150512
Gucheng Xiguancun,Gucheng Xiguancun,,37.6837,117.7898,China,CN,CHN,Shandong,Shandong,CN-SD,,,383.4,,,3,Asia/Shanghai,FALSE,1156442783
Gaofang,Gaofang,,26.4330,113.4915,China,CN,CHN,Hunan,Hunan,CN-HN,,,197.4,,,4,Asia/Shanghai,FALSE,1156924588
Nana,Nana,,30.2488,86.0197,China,CN,CHN,Tibet,Tibet,CN-XZ,,,0.4,,,5,Asia/Shanghai,FALSE,1156284312
Xiguan Shequ,Xiguan Shequ,,36.2783,115.1352,China,CN,CHN,Hebei,Hebei,CN-HE,,,2714.3,,,2,Asia/Shanghai,FALSE,1156447694
Zhulagou,Zhulagou,,40.9810,110.5790,China,CN,CHN,Inner Mongolia,Inner Mongolia,CN-NM,,,46.4,,,4,Asia/Shanghai,FALSE,1156372195
Kongshan Xicun,Kongshan Xicun,,35.4368,116.3803,China,CN,CHN,Shandong,Shandong,CN-SD,,,1683.3,,,3,Asia/Shanghai,FALSE,1156469742
San’an,San'an,,21.8123,112.5336,China,CN,CHN,Guangdong,Guangdong,CN-GD,,,416.4,,,3,Asia/Shanghai,FALSE,1156422448
Xiguan Shequ,Xiguan Shequ,,44.3374,129.4557,China,CN,CHN,Heilongjiang,Heilongjiang,CN-HL,,,762.6,,,3,Asia/Shanghai,FALSE,1156546730
Gaofang,Gaofang,,32.2864,115.8154,China,CN,CHN,Henan,Henan,CN-HA,,,235.7,,,3,Asia/Shanghai,FALSE,1156166523
San’an,San'an,,23.0511,109.6130,China,CN,CHN,Guangxi,Guangxi,CN-GX,,,719.1,,,3,Asia/Shanghai,FALSE,1156038759
San’an,San'an,,22.5089,110.3240,China,CN,CHN,Guangxi,Guangxi,CN-GX,,,544.8,,,3,Asia/Shanghai,TRUE,1156883282
San’an,San'an,,23.0577,110.4010,China,CN,CHN,Guangxi,Guangxi,CN-GX,,,245.0,,,3,Asia/Shanghai,TRUE,1156109287
San’an,San'an,,24.5026,109.8410,China,CN,CHN,Guangxi,Guangxi,CN-GX,,,18.3,,,4,Asia/Shanghai,TRUE,1156129277
Nishida,Nishida,,24.8232,104.2480,China,CN,CHN,Yunnan,Yunnan,CN-YN,,,351.9,,,3,Asia/Shanghai,FALSE,1156152940
Mengzhai,Mengzhai,,34.2071,113.9790,China,CN,CHN,Henan,Henan,CN-HA,,,997.8,,,3,Asia/Shanghai,FALSE,1156157860
Mengzhai,Mengzhai,,32.4053,114.3181,China,CN,CHN,Henan,Henan,CN-HA,,,371.5,,,3,Asia/Shanghai,TRUE,1156420018
Mengzhai,Mengzhai,,35.1222,114.7551,China,CN,CHN,Henan,Henan,CN-HA,,,299.1,,,3,Asia/Shanghai,TRUE,1156554006
Xialiujiacun,Xialiujiacun,,37.3649,120.5470,China,CN,CHN,Shandong,Shandong,CN-SD,,,497.8,,,3,Asia/Shanghai,FALSE,1156497384
Xialiujiacun,Xialiujiacun,,37.0135,116.8393,China,CN,CHN,Shandong,Shandong,CN-SD,,,481.3,,,3,Asia/Shanghai,TRUE,1156497388
Xialiujiacun,Xialiujiacun,,37.5250,120.6985,China,CN,CHN,Shandong,Shandong,CN-SD,,,432.3,,,3,Asia/Shanghai,TRUE,1156497382
Nanmenba,Nanmenba,,29.1990,103.9425,China,CN,CHN,Sichuan,Sichuan,CN-SC,,,3493.6,,,2,Asia/Shanghai,FALSE,1156571375
Huapeng,Huapeng,,32.3685,115.8739,China,CN,CHN,Henan,Henan,CN-HA,,,341.1,,,3,Asia/Shanghai,FALSE,1156378920
Houpo,Houpo,,34.8606,106.1290,China,CN,CHN,Gansu,Gansu,CN-GS,,,122.1,,,4,Asia/Shanghai,FALSE,1156982284
Houpo,Houpo,,35.2078,105.0720,China,CN,CHN,Gansu,Gansu,CN-GS,,,82.9,,,4,Asia/Shanghai,TRUE,1156834264
Houpo,Houpo,,35.3036,108.4580,China,CN,CHN,Gansu,Gansu,CN-GS,,,57.3,,,4,Asia/Shanghai,TRUE,1156922810
Xiaogangcun,Xiaogangcun,,39.5767,115.8364,China,CN,CHN,Beijing,Beijing,CN-BJ,,,1144.8,,,3,Asia/Shanghai,FALSE,1156575619
Jiaolongcun,Jiaolongcun,,29.2723,121.9773,China,CN,CHN,Zhejiang,Zhejiang,CN-ZJ,,,1270.7,,,3,Asia/Shanghai,FALSE,1156400240
Jiaolongcun,Jiaolongcun,,28.7620,118.7922,China,CN,CHN,Zhejiang,Zhejiang,CN-ZJ,,,70.5,,,4,Asia/Shanghai,TRUE,1156396627
Banshicun,Banshicun,,43.3949,125.7938,China,CN,CHN,Jilin,Jilin,CN-JL,,,101.9,,,4,Asia/Shanghai,FALSE,1156767942
Banshicun,Banshicun,Banshimiao,43.1249,125.5974,China,CN,CHN,Jilin,Jilin,CN-JL,,,79.6,,,4,Asia/Shanghai,TRUE,1156071504
Banshicun,Banshicun,,42.2941,127.3490,China,CN,CHN,Jilin,Jilin,CN-JL,,,68.5,,,4,Asia/Shanghai,TRUE,1156300453
Banshicun,Banshicun,,42.4625,126.7354,China,CN,CHN,Jilin,Jilin,CN-JL,,,46.9,,,4,Asia/Shanghai,TRUE,1156906185
Banshicun,Banshicun,,42.5719,128.3127,China,CN,CHN,Jilin,Jilin,CN-JL,,,36.1,,,4,Asia/Shanghai,TRUE,1156485075
Banshicun,Banshicun,,43.3838,128.5538,China,CN,CHN,Jilin,Jilin,CN-JL,,,29.1,,,4,Asia/Shanghai,TRUE,1156775967
Zenglaozhuang,Zenglaozhuang,,32.9122,113.4723,China,CN,CHN,Henan,Henan,CN-HA,,,104.2,,,4,Asia/Shanghai,FALSE,1156243033
Houpo,Houpo,,26.8808,107.8710,China,CN,CHN,Guizhou,Guizhou,CN-GZ,,,76.1,,,4,Asia/Shanghai,FALSE,1156517777
Houpo,Houpo,,27.0792,108.5980,China,CN,CHN,Guizhou,Guizhou,CN-GZ,,,72.4,,,4,Asia/Shanghai,TRUE,1156166443
Xizhuozicun,Xizhuozicun,,35.2376,110.2024,China,CN,CHN,Shaanxi,Shaanxi,CN-SN,,,345.9,,,3,Asia/Shanghai,FALSE,1156012487
Zhaojia Shequ Shequ Beicuicun,Zhaojia Shequ Shequ Beicuicun,,37.2402,117.0206,China,CN,CHN,Shandong,Shandong,CN-SD,,,324.1,,,3,Asia/Shanghai,FALSE,1156474330
Sangzhugang,Sangzhugang,,29.2953,88.4023,China,CN,CHN,Tibet,Tibet,CN-XZ,,,30.6,,,4,Asia/Shanghai,FALSE,1156531614
Houpo,Houpo,,21.1638,110.1266,China,CN,CHN,Guangdong,Guangdong,CN-GD,,,530.3,,,3,Asia/Shanghai,FALSE,1156040608
Houpo,Houpo,,21.0186,110.5139,China,CN,CHN,Guangdong,Guangdong,CN-GD,,,491.9,,,3,Asia/Shanghai,TRUE,1156068709
Pusashan,Pusashan,,27.3794,101.1810,China,CN,CHN,Sichuan,Sichuan,CN-SC,,,19.9,,,4,Asia/Shanghai,FALSE,1156238404
Pusashan,Pusashan,,27.9314,101.0680,China,CN,CHN,Sichuan,Sichuan,CN-SC,,,16.8,,,4,Asia/Shanghai,TRUE,1156006645
Dazhuyuan,Dazhuyuan,,30.5837,119.6036,China,CN,CHN,Zhejiang,Zhejiang,CN-ZJ,,,373.3,,,3,Asia/Shanghai,FALSE,1156101669
Xizhuozicun,Xizhuozicun,,35.3852,110.5438,China,CN,CHN,Shanxi,Shanxi,CN-SX,,,406.9,,,3,Asia/Shanghai,FALSE,1156559737
Qagnê,Qagne,Qianie,30.6000,97.4000,China,CN,CHN,Tibet,Tibet,CN-XZ,,,5.7,,,5,Asia/Shanghai,FALSE,1156713580
Yuanbaofangcun,Yuanbaofangcun,,39.9572,123.2246,China,CN,CHN,Liaoning,Liaoning,CN-LN,,,184.5,,,4,Asia/Shanghai,FALSE,1156422014
Xishidagucun,Xishidagucun,,41.6016,114.2697,China,CN,CHN,Hebei,Hebei,CN-HE,,,82.7,,,4,Asia/Shanghai,FALSE,1156485498
Beifudu,Beifudu,,37.0231,105.9340,China,CN,CHN,Ningxia,Ningxia,CN-NX,,,716.6,,,3,Asia/Shanghai,FALSE,1156904995
Guanwudi,Guanwudi,,21.5813,110.9900,China,CN,CHN,Guangdong,Guangdong,CN-GD,,,841.5,,,3,Asia/Shanghai,FALSE,1156731711
Feishajiao,Feishajiao,,22.7907,113.5261,China,CN,CHN,Guangdong,Guangdong,CN-GD,,,659.4,,,3,Asia/Shanghai,FALSE,1156205063
Guoyuanyi Gongqucun,Guoyuanyi Gongqucun,,34.3966,118.0341,China,CN,CHN,Jiangsu,Jiangsu,CN-JS,,,1019.9,,,3,Asia/Shanghai,FALSE,1156299501
Zelongtong,Zelongtong,,30.8840,100.6502,China,CN,CHN,Sichuan,Sichuan,CN-SC,,,6.0,,,5,Asia/Shanghai,FALSE,1156266573
Shiba,Shiba,,25.0190,118.1014,China,CN,CHN,Fujian,Fujian,CN-FJ,,,828.8,,,3,Asia/Shanghai,FALSE,1156451934
Shiba,Shiba,,27.1792,118.6256,China,CN,CHN,Fujian,Fujian,CN-FJ,,,176.6,,,4,Asia/Shanghai,TRUE,1156141651
Shiba,Shiba,,26.2938,116.8553,China,CN,CHN,Fujian,Fujian,CN-FJ,province,,76.8,,,4,Asia/Shanghai,TRUE,1156499279
Haogounaoshang,Haogounaoshang,,33.7734,108.6028,China,CN,CHN,Shaanxi,Shaanxi,CN-SN,,,22.3,,,4,Asia/Shanghai,FALSE,1156795784
Laosicheng,Laosicheng,,28.9973,109.9698,China,CN,CHN,Hunan,Hunan,CN-HN,,,109.5,,,4,Asia/Shanghai,FALSE,1156169613
Beihedongdian,Beihedongdian,,49.6447,125.5635,China,CN,CHN,Heilongjiang,Heilongjiang,CN-HL,,,13.8,,,4,Asia/Shanghai,FALSE,1156739366
Houzhaojialu,Houzhaojialu,,44.1306,124.4344,China,CN,CHN,Jilin,Jilin,CN-JL,,,154.0,,,4,Asia/Shanghai,FALSE,1156116788
Geda,Geda,,35.4140,105.5386,China,CN,CHN,Gansu,Gansu,CN-GS,,,167.4,,,4,Asia/Shanghai,FALSE,1156846068
Nanshanzicun,Nanshanzicun,,36.2330,117.6525,China,CN,CHN,Shandong,Shandong,CN-SD,,,4182.1,,,2,Asia/Shanghai,FALSE,1156791146
Zhengpengzi,Zhengpengzi,,40.8941,116.3667,China,CN,CHN,Beijing,Beijing,CN-BJ,,,24.8,,,4,Asia/Shanghai,FALSE,1156866453
Luosuowan,Luosuowan,,27.5527,105.0380,China,CN,CHN,Yunnan,Yunnan,CN-YN,,,368.0,,,3,Asia/Shanghai,FALSE,1156506353
Niupenyu,Niupenyu,Niupenyucun,40.4664,116.7403,China,CN,CHN,Beijing,Beijing,CN-BJ,,,642.7,,,3,Asia/Shanghai,FALSE,1156941616
Xibojicun,Xibojicun,,40.8337,120.1289,China,CN,CHN,Liaoning,Liaoning,CN-LN,,,230.1,,,3,Asia/Shanghai,FALSE,1156337399
Buni,Buni,,25.5750,104.7500,China,CN,CHN,Guizhou,Guizhou,CN-GZ,,,408.8,,,3,Asia/Shanghai,FALSE,1156565608
Akekalamu,Akekalamu,,37.1098,76.3089,China,CN,CHN,Xinjiang,Xinjiang,CN-XJ,,,0.3,,,5,Asia/Shanghai,FALSE,1156123629
Lama Zhazicun,Lama Zhazicun,,40.7143,116.8028,China,CN,CHN,Beijing,Beijing,CN-BJ,,,27.9,,,4,Asia/Shanghai,FALSE,1156949132
Zhangzhenqiao,Zhangzhenqiao,Zhangzhenqiaozhen|Chang-chen-ch’iao-chen,31.6324,120.1865,China,CN,CHN,Jiangsu,Jiangsu,CN-JS,,,2468.1,,,2,Asia/Shanghai,FALSE,1156167322
Qianwangchaocun,Qianwangchaocun,,35.0200,116.9503,China,CN,CHN,Shandong,Shandong,CN-SD,,,1175.5,,,3,Asia/Shanghai,FALSE,1156584322
Huayuancun,Huayuancun,,44.7667,125.2280,China,CN,CHN,Jilin,Jilin,CN-JL,,,152.6,,,4,Asia/Shanghai,FALSE,1156553223
Huayuancun,Huayuancun,,42.2820,127.0548,China,CN,CHN,Jilin,Jilin,CN-JL,,,69.9,,,4,Asia/Shanghai,TRUE,1156553220
Huayuancun,Huayuancun,,44.9138,123.0120,China,CN,CHN,Jilin,Jilin,CN-JL,,,44.8,,,4,Asia/Shanghai,TRUE,1156450005
Huayuancun,Huayuancun,,43.6304,127.7216,China,CN,CHN,Jilin,Jilin,CN-JL,,,38.9,,,4,Asia/Shanghai,TRUE,1156553219
Yakoutou,Yakoutou,,25.6358,104.5690,China,CN,CHN,Guizhou,Guizhou,CN-GZ,,,199.4,,,4,Asia/Shanghai,FALSE,1156878376
Huangnihecun,Huangnihecun,,44.5236,127.2784,China,CN,CHN,Jilin,Jilin,CN-JL,,,179.1,,,4,Asia/Shanghai,FALSE,1156450572
Huangnihecun,Huangnihecun,,43.5559,128.0211,China,CN,CHN,Jilin,Jilin,CN-JL,,,98.6,,,4,Asia/Shanghai,TRUE,1156447390
Shirensi,Shirensi,,28.9234,107.1850,China,CN,CHN,Chongqing,Chongqing,CN-CQ,,,50.6,,,4,Asia/Shanghai,FALSE,1156042986
Aiyuan,Aiyuan,,26.8441,104.6510,China,CN,CHN,Guizhou,Guizhou,CN-GZ,,,136.6,,,4,Asia/Shanghai,FALSE,1156428286
Xiatangquan,Xiatangquan,,25.6480,117.8105,China,CN,CHN,Fujian,Fujian,CN-FJ,,,165.5,,,4,Asia/Shanghai,FALSE,1156211806
Xiaolantang,Xiaolantang,,27.8279,108.6000,China,CN,CHN,Guizhou,Guizhou,CN-GZ,,,42.3,,,4,Asia/Shanghai,FALSE,1156411300
Huayuancun,Huayuancun,,31.6573,120.1677,China,CN,CHN,Jiangsu,Jiangsu,CN-JS,,,2468.1,,,2,Asia/Shanghai,FALSE,1156363574
Huayuancun,Huayuancun,,31.2807,120.9507,China,CN,CHN,Jiangsu,Jiangsu,CN-JS,,,2388.6,,,2,Asia/Shanghai,TRUE,1156370473
Huayuancun,Huayuancun,,31.9923,120.9583,China,CN,CHN,Jiangsu,Jiangsu,CN-JS,,,2039.9,,,2,Asia/Shanghai,TRUE,1156369240
Huayuancun,Huayuancun,,31.7713,120.4921,China,CN,CHN,Jiangsu,Jiangsu,CN-JS,,,1651.1,,,3,Asia/Shanghai,TRUE,1156369755
Huayuancun,Huayuancun,,31.8465,120.6249,China,CN,CHN,Jiangsu,Jiangsu,CN-JS,,,1303.9,,,3,Asia/Shanghai,TRUE,1156368196
Huayuancun,Huayuancun,,33.8747,118.7289,China,CN,CHN,Jiangsu,Jiangsu,CN-JS,,,995.9,,,3,Asia/Shanghai,TRUE,1156295826
Huayuancun,Huayuancun,,32.5215,119.9117,China,CN,CHN,Jiangsu,Jiangsu,CN-JS,,,887.5,,,3,Asia/Shanghai,TRUE,1156361249
Huayuancun,Huayuancun,,34.0073,118.1115,China,CN,CHN,Jiangsu,Jiangsu,CN-JS,,,773.6,,,3,Asia/Shanghai,TRUE,1156303687
Huayuancun,Huayuancun,,34.8119,116.6461,China,CN,CHN,Jiangsu,Jiangsu,CN-JS,,,711.0,,,3,Asia/Shanghai,TRUE,1156304110
Huayuancun,Huayuancun,Huayuan,32.1927,119.0793,China,CN,CHN,Jiangsu,Jiangsu,CN-JS,,,706.9,,,3,Asia/Shanghai,TRUE,1156012312
Huayuancun,Huayuancun,,32.3449,119.2853,China,CN,CHN,Jiangsu,Jiangsu,CN-JS,,,600.6,,,3,Asia/Shanghai,TRUE,1156283215
Huayuancun,Huayuancun,,31.0898,120.2526,China,CN,CHN,Jiangsu,Jiangsu,CN-JS,,,542.0,,,3,Asia/Shanghai,TRUE,1156224514
Huayuancun,Huayuancun,,31.9161,119.5447,China,CN,CHN,Jiangsu,Jiangsu,CN-JS,,,522.1,,,3,Asia/Shanghai,TRUE,1156364173
Huayuancun,Huayuancun,,33.8483,119.9483,China,CN,CHN,Jiangsu,Jiangsu,CN-JS,,,368.5,,,3,Asia/Shanghai,TRUE,1156298597
Huayuancun,Huayuancun,,33.7939,118.9235,China,CN,CHN,Jiangsu,Jiangsu,CN-JS,,,356.1,,,3,Asia/Shanghai,TRUE,1156293967
Huayuancun,Huayuancun,,32.9897,118.8605,China,CN,CHN,Jiangsu,Jiangsu,CN-JS,,,331.4,,,3,Asia/Shanghai,TRUE,1156308224
Huayuancun,Huayuancun,,34.1865,119.3891,China,CN,CHN,Jiangsu,Jiangsu,CN-JS,,,285.3,,,3,Asia/Shanghai,TRUE,1156297533
Huayuancun,Huayuancun,,33.8845,119.4577,China,CN,CHN,Jiangsu,Jiangsu,CN-JS,,,283.0,,,3,Asia/Shanghai,TRUE,1156304665
Huayuancun,Huayuancun,,33.1741,119.0499,China,CN,CHN,Jiangsu,Jiangsu,CN-JS,,,134.7,,,4,Asia/Shanghai,TRUE,1156305905
Zhujiapo,Zhujiapo,,28.7036,108.4721,China,CN,CHN,Chongqing,Chongqing,CN-CQ,,,85.3,,,4,Asia/Shanghai,FALSE,1156075029
Sanhedi Yingzi,Sanhedi Yingzi,,50.5418,120.3892,China,CN,CHN,Inner Mongolia,Inner Mongolia,CN-NM,,,3.5,,,5,Asia/Shanghai,FALSE,1156058669
You’ai,You'ai,,29.1185,113.0713,China,CN,CHN,Hunan,Hunan,CN-HN,,,170.2,,,4,Asia/Shanghai,FALSE,1156690398
You’ai,You'ai,,27.6872,110.5883,China,CN,CHN,Hunan,Hunan,CN-HN,,,60.9,,,4,Asia/Shanghai,TRUE,1156448675
Huayuancun,Huayuancun,,25.3713,114.9370,China,CN,CHN,Jiangxi,Jiangxi,CN-JX,,,657.3,,,3,Asia/Shanghai,FALSE,1156385186
Huayuancun,Huayuancun,,28.6892,116.7901,China,CN,CHN,Jiangxi,Jiangxi,CN-JX,,,522.2,,,3,Asia/Shanghai,TRUE,1156532873
Leijiamiao,Leijiamiao,,30.6634,103.6430,China,CN,CHN,Sichuan,Sichuan,CN-SC,,,895.8,,,3,Asia/Shanghai,FALSE,1156241279
Leijiamiao,Leijiamiao,,31.9267,106.6553,China,CN,CHN,Sichuan,Sichuan,CN-SC,,,98.7,,,4,Asia/Shanghai,TRUE,1156105694
Liangtun,Liangtun,,37.3807,79.6197,China,CN,CHN,Xinjiang,Xinjiang,CN-XJ,,,74.3,,,4,Asia/Shanghai,FALSE,1156469548
Zhaojiayao,Zhaojiayao,,34.5900,105.4770,China,CN,CHN,Gansu,Gansu,CN-GS,,,87.1,,,4,Asia/Shanghai,FALSE,1156790696
Chilingtou,Chilingtou,,30.0500,116.1333,China,CN,CHN,Anhui,Anhui,CN-AH,,,255.9,,,3,Asia/Shanghai,FALSE,1156832038
Chenjiabucun,Chenjiabucun,,34.3054,107.1643,China,CN,CHN,Shaanxi,Shaanxi,CN-SN,,,377.7,,,3,Asia/Shanghai,FALSE,1156216430
Shuangmiao,Shuangmiao,,42.4075,119.9417,China,CN,CHN,Inner Mongolia,Inner Mongolia,CN-NM,,,39.1,,,4,Asia/Shanghai,FALSE,1156706496
Niurou Pengzi,Niurou Pengzi,,31.3308,102.9546,China,CN,CHN,Sichuan,Sichuan,CN-SC,,,10.1,,,4,Asia/Shanghai,FALSE,1156211907
Zhubancun,Zhubancun,Zhuban,24.6015,117.7283,China,CN,CHN,Fujian,Fujian,CN-FJ,,,1599.6,,,3,Asia/Shanghai,FALSE,1156909562
Zhubancun,Zhubancun,Zhuban,25.9926,117.8465,China,CN,CHN,Fujian,Fujian,CN-FJ,,,209.1,,,3,Asia/Shanghai,TRUE,1156708934
Duogai,Duogai,,31.9310,96.0760,China,CN,CHN,Qinghai,Qinghai,CN-QH,,,11.4,,,4,Asia/Shanghai,FALSE,1156273681
Duogai,Duogai,,32.1675,95.9717,China,CN,CHN,Qinghai,Qinghai,CN-QH,,,4.8,,,5,Asia/Shanghai,TRUE,1156675905
Kengbeitian,Kengbeitian,,25.0037,116.7912,China,CN,CHN,Fujian,Fujian,CN-FJ,,,87.2,,,4,Asia/Shanghai,FALSE,1156087228
Shibandaochang,Shibandaochang,,32.1847,109.7363,China,CN,CHN,Hubei,Hubei,CN-HB,,,33.3,,,4,Asia/Shanghai,FALSE,1156124829
Chemengcun,Chemengcun,,37.2473,117.0883,China,CN,CHN,Shandong,Shandong,CN-SD,,,431.7,,,3,Asia/Shanghai,FALSE,1156462743
Gouyancun,Gouyancun,,40.8224,122.2385,China,CN,CHN,Liaoning,Liaoning,CN-LN,,,284.1,,,3,Asia/Shanghai,FALSE,1156011191
Anwan,Anwan,,34.7304,105.5050,China,CN,CHN,Gansu,Gansu,CN-GS,,,321.5,,,3,Asia/Shanghai,FALSE,1156541621
Huxiaoshe,Huxiaoshe,,30.5841,122.1507,China,CN,CHN,Zhejiang,Zhejiang,CN-ZJ,,,770.8,,,3,Asia/Shanghai,FALSE,1156370529
Xumawangchaoyingcun,Xumawangchaoyingcun,Xuma,36.4964,115.6431,China,CN,CHN,Shandong,Shandong,CN-SD,,,727.5,,,3,Asia/Shanghai,FALSE,1156179892
Shuangmiao,Shuangmiao,,38.9040,106.6170,China,CN,CHN,Ningxia,Ningxia,CN-NX,,,146.7,,,4,Asia/Shanghai,FALSE,1156784390
Shuangmiao,Shuangmiao,,38.5294,105.9190,China,CN,CHN,Ningxia,Ningxia,CN-NX,,,79.9,,,4,Asia/Shanghai,TRUE,1156470095
Shuangmiao,Shuangmiao,,38.2092,106.5940,China,CN,CHN,Ningxia,Ningxia,CN-NX,,,75.3,,,4,Asia/Shanghai,TRUE,1156948289
Caobu Ercun,Caobu Ercun,,36.2022,117.9939,China,CN,CHN,Shandong,Shandong,CN-SD,,,574.9,,,3,Asia/Shanghai,FALSE,1156545596
Liaofengcun,Liaofengcun,,31.4416,117.7367,China,CN,CHN,Anhui,Anhui,CN-AH,,,386.2,,,3,Asia/Shanghai,FALSE,1156022527
Liaofengcun,Liaofengcun,,30.2164,117.1192,China,CN,CHN,Anhui,Anhui,CN-AH,,,138.6,,,4,Asia/Shanghai,TRUE,1156047639
Feijia,Feijia,,23.2213,103.0690,China,CN,CHN,Yunnan,Yunnan,CN-YN,,,35.7,,,4,Asia/Shanghai,FALSE,1156379181
Feijia,Feijia,,25.9718,101.1060,China,CN,CHN,Yunnan,Yunnan,CN-YN,,,29.7,,,4,Asia/Shanghai,TRUE,1156474635
Jiangxiacun,Jiangxiacun,,28.3655,121.2841,China,CN,CHN,Zhejiang,Zhejiang,CN-ZJ,,,1022.0,,,3,Asia/Shanghai,FALSE,1156392239
Jiangxiacun,Jiangxiacun,,29.5411,120.7631,China,CN,CHN,Zhejiang,Zhejiang,CN-ZJ,,,605.4,,,3,Asia/Shanghai,TRUE,1156416661
Jiangxiacun,Jiangxiacun,,28.5927,119.6102,China,CN,CHN,Zhejiang,Zhejiang,CN-ZJ,,,477.8,,,3,Asia/Shanghai,TRUE,1156407272
Linzhuang,Linzhuang,,32.6733,119.1533,China,CN,CHN,Anhui,Anhui,CN-AH,,,374.8,,,3,Asia/Shanghai,FALSE,1156091775
Linzhuang,Linzhuang,,32.4972,118.1139,China,CN,CHN,Anhui,Anhui,CN-AH,,,110.6,,,4,Asia/Shanghai,TRUE,1156876223
Zhangjiacheng,Zhangjiacheng,,28.5968,108.6171,China,CN,CHN,Chongqing,Chongqing,CN-CQ,,,59.6,,,4,Asia/Shanghai,FALSE,1156240287
Xiakengzi,Xiakengzi,,25.9985,114.6400,China,CN,CHN,Jiangxi,Jiangxi,CN-JX,,,139.4,,,4,Asia/Shanghai,FALSE,1156370732
Kangbu,Kangbu,,33.9847,118.2361,China,CN,CHN,Jiangsu,Jiangsu,CN-JS,,,1243.1,,,3,Asia/Shanghai,FALSE,1156284017
Louri’akou,Louri'akou,,31.9690,96.9757,China,CN,CHN,Tibet,Tibet,CN-XZ,,,5.3,,,5,Asia/Shanghai,FALSE,1156724902
Ayake Gulebage,Ayake Gulebage,,37.9988,77.3786,China,CN,CHN,Xinjiang,Xinjiang,CN-XJ,,,345.2,,,3,Asia/Shanghai,FALSE,1156562811
Jinxincun,Jinxincun,,27.5335,105.7670,China,CN,CHN,Guizhou,Guizhou,CN-GZ,,,266.8,,,3,Asia/Shanghai,FALSE,1156307216
Sanshihu,Sanshihu,San-shih-hu,33.0917,120.6519,China,CN,CHN,Jiangsu,Jiangsu,CN-JS,,,31.3,,,4,Asia/Shanghai,FALSE,1156575248
Neisankengcun,Neisankengcun,,28.6898,119.7181,China,CN,CHN,Zhejiang,Zhejiang,CN-ZJ,,,13.0,,,4,Asia/Shanghai,FALSE,1156407397
Wulidui,Wulidui,,28.2017,112.7394,China,CN,CHN,Hunan,Hunan,CN-HN,,,504.8,,,3,Asia/Shanghai,FALSE,1156464147
Wulidui,Wulidui,Wu-li-tui,28.1070,112.0779,China,CN,CHN,Hunan,Hunan,CN-HN,,,236.7,,,3,Asia/Shanghai,TRUE,1156362486
Wulidui,Wulidui,,26.1949,111.5581,China,CN,CHN,Hunan,Hunan,CN-HN,,,231.0,,,3,Asia/Shanghai,TRUE,1156249201
Wulidui,Wulidui,,25.3788,112.5813,China,CN,CHN,Hunan,Hunan,CN-HN,,,179.9,,,4,Asia/Shanghai,TRUE,1156215040
Huaishupingcun,Huaishupingcun,,36.7224,110.1562,China,CN,CHN,Shaanxi,Shaanxi,CN-SN,,,41.3,,,4,Asia/Shanghai,FALSE,1156102417
Niuzhuangcun,Niuzhuangcun,,36.4462,109.4772,China,CN,CHN,Shaanxi,Shaanxi,CN-SN,,,416.9,,,3,Asia/Shanghai,FALSE,1156579749
Zhaojiaquzi,Zhaojiaquzi,,36.7282,106.7704,China,CN,CHN,Gansu,Gansu,CN-GS,,,13.5,,,4,Asia/Shanghai,FALSE,1156980498
Tangmoutun,Tangmoutun,Tangmou,24.7380,107.3673,China,CN,CHN,Guangxi,Guangxi,CN-GX,,,68.4,,,4,Asia/Shanghai,FALSE,1156118299
Dazuigou,Dazuigou,,39.8722,112.0478,China,CN,CHN,Shanxi,Shanxi,CN-SX,,,35.4,,,4,Asia/Shanghai,FALSE,1156767837
Laoyachong,Laoyachong,,25.9090,110.3210,China,CN,CHN,Guangxi,Guangxi,CN-GX,,,30.8,,,4,Asia/Shanghai,FALSE,1156281402
Houchangcun,Houchangcun,,37.5771,107.8691,China,CN,CHN,Shaanxi,Shaanxi,CN-SN,,,45.0,,,4,Asia/Shanghai,FALSE,1156682548
Niuzhuangcun,Niuzhuangcun,,36.5225,115.3081,China,CN,CHN,Shandong,Shandong,CN-SD,,,1395.5,,,3,Asia/Shanghai,FALSE,1156475797
Niuzhuangcun,Niuzhuangcun,,36.2160,115.6513,China,CN,CHN,Shandong,Shandong,CN-SD,,,1314.7,,,3,Asia/Shanghai,TRUE,1156475792
Niuzhuangcun,Niuzhuangcun,,35.1815,115.4347,China,CN,CHN,Shandong,Shandong,CN-SD,,,1121.1,,,3,Asia/Shanghai,TRUE,1156434739
Niuzhuangcun,Niuzhuangcun,,35.3739,115.4739,China,CN,CHN,Shandong,Shandong,CN-SD,,,912.8,,,3,Asia/Shanghai,TRUE,1156435753
Niuzhuangcun,Niuzhuangcun,,36.0201,116.1508,China,CN,CHN,Shandong,Shandong,CN-SD,,,792.8,,,3,Asia/Shanghai,TRUE,1156475779
Niuzhuangcun,Niuzhuangcun,,35.2387,115.0887,China,CN,CHN,Shandong,Shandong,CN-SD,,,663.1,,,3,Asia/Shanghai,TRUE,1156382460
Niuzhuangcun,Niuzhuangcun,,37.7152,116.9461,China,CN,CHN,Shandong,Shandong,CN-SD,,,637.7,,,3,Asia/Shanghai,TRUE,1156452792
Niuzhuangcun,Niuzhuangcun,,35.7671,115.8117,China,CN,CHN,Shandong,Shandong,CN-SD,,,636.9,,,3,Asia/Shanghai,TRUE,1156475802
Niuzhuangcun,Niuzhuangcun,,35.3247,115.8501,China,CN,CHN,Shandong,Shandong,CN-SD,,,621.6,,,3,Asia/Shanghai,TRUE,1156475781
Niuzhuangcun,Niuzhuangcun,,36.4765,115.7639,China,CN,CHN,Shandong,Shandong,CN-SD,,,617.9,,,3,Asia/Shanghai,TRUE,1156475787
Niuzhuangcun,Niuzhuangcun,,34.8805,115.3435,China,CN,CHN,Shandong,Shandong,CN-SD,,,594.8,,,3,Asia/Shanghai,TRUE,1156334070
Niuzhuangcun,Niuzhuangcun,,36.9614,116.6357,China,CN,CHN,Shandong,Shandong,CN-SD,,,582.2,,,3,Asia/Shanghai,TRUE,1156438695
Niuzhuangcun,Niuzhuangcun,,34.9019,116.3359,China,CN,CHN,Shandong,Shandong,CN-SD,,,541.3,,,3,Asia/Shanghai,TRUE,1156475782
Niuzhuangcun,Niuzhuangcun,,34.9363,116.1975,China,CN,CHN,Shandong,Shandong,CN-SD,,,534.4,,,3,Asia/Shanghai,TRUE,1156475783
Niuzhuangcun,Niuzhuangcun,,35.0451,115.4149,China,CN,CHN,Shandong,Shandong,CN-SD,,,534.0,,,3,Asia/Shanghai,TRUE,1156436485
Niuzhuangcun,Niuzhuangcun,,36.7747,115.8454,China,CN,CHN,Shandong,Shandong,CN-SD,,,532.9,,,3,Asia/Shanghai,TRUE,1156750157
Niuzhuangcun,Niuzhuangcun,,36.1156,115.5045,China,CN,CHN,Shandong,Shandong,CN-SD,,,524.5,,,3,Asia/Shanghai,TRUE,1156728734
Niuzhuangcun,Niuzhuangcun,,36.3027,116.0847,China,CN,CHN,Shandong,Shandong,CN-SD,,,517.7,,,3,Asia/Shanghai,TRUE,1156475793
Niuzhuangcun,Niuzhuangcun,,35.5135,117.3866,China,CN,CHN,Shandong,Shandong,CN-SD,,,500.1,,,3,Asia/Shanghai,TRUE,1156475799
Niuzhuangcun,Niuzhuangcun,,36.4190,116.1675,China,CN,CHN,Shandong,Shandong,CN-SD,,,469.7,,,3,Asia/Shanghai,TRUE,1156475788
Niuzhuangcun,Niuzhuangcun,,35.3222,117.3625,China,CN,CHN,Shandong,Shandong,CN-SD,,,406.9,,,3,Asia/Shanghai,TRUE,1156062884
Niuzhuangcun,Niuzhuangcun,,34.8714,116.1014,China,CN,CHN,Shandong,Shandong,CN-SD,,,406.4,,,3,Asia/Shanghai,TRUE,1156211669
Niuzhuangcun,Niuzhuangcun,,36.5893,116.4107,China,CN,CHN,Shandong,Shandong,CN-SD,,,392.0,,,3,Asia/Shanghai,TRUE,1156452795
Niuzhuangcun,Niuzhuangcun,,36.4385,116.4471,China,CN,CHN,Shandong,Shandong,CN-SD,,,389.3,,,3,Asia/Shanghai,TRUE,1156475790
Niuzhuangcun,Niuzhuangcun,,36.5197,116.2151,China,CN,CHN,Shandong,Shandong,CN-SD,,,288.2,,,3,Asia/Shanghai,TRUE,1156475791
Niuzhuangcun,Niuzhuangcun,,37.3425,118.4635,China,CN,CHN,Shandong,Shandong,CN-SD,,,268.1,,,3,Asia/Shanghai,TRUE,1156475801
Niuzhuangcun,Niuzhuangcun,,37.1792,116.2154,China,CN,CHN,Shandong,Shandong,CN-SD,,,221.4,,,3,Asia/Shanghai,TRUE,1156452790
Niuzhuangcun,Niuzhuangcun,,37.5019,121.1998,China,CN,CHN,Shandong,Shandong,CN-SD,,,199.0,,,4,Asia/Shanghai,TRUE,1156475785
Niuzhuangcun,Niuzhuangcun,,37.6432,118.8375,China,CN,CHN,Shandong,Shandong,CN-SD,,,8.2,,,5,Asia/Shanghai,TRUE,1156332905
Xiaohuzhuang,Xiaohuzhuang,,37.6223,116.4000,China,CN,CHN,Hebei,Hebei,CN-HE,,,1210.3,,,3,Asia/Shanghai,FALSE,1156150115
Xiaohuzhuang,Xiaohuzhuang,,38.4681,117.1910,China,CN,CHN,Hebei,Hebei,CN-HE,,,232.7,,,3,Asia/Shanghai,TRUE,1156576449
Laoyachong,Laoyachong,,24.9883,112.4228,China,CN,CHN,Guangdong,Guangdong,CN-GD,,,23.1,,,4,Asia/Shanghai,FALSE,1156857624
Yigou,Yigou,,32.8138,119.5187,China,CN,CHN,Jiangsu,Jiangsu,CN-JS,,,323.8,,,3,Asia/Shanghai,FALSE,1156134942
Xiadaxi,Xiadaxi,,28.8405,109.1984,China,CN,CHN,Chongqing,Chongqing,CN-CQ,,,54.6,,,4,Asia/Shanghai,FALSE,1156049652
Xijiangtou,Xijiangtou,,26.0094,112.7452,China,CN,CHN,Hunan,Hunan,CN-HN,,,214.7,,,3,Asia/Shanghai,FALSE,1156224600
Moluo,Moluo,,22.7476,102.2580,China,CN,CHN,Yunnan,Yunnan,CN-YN,,,29.1,,,4,Asia/Shanghai,FALSE,1156856299
Qingtaipaocun,Qingtaipaocun,,41.5926,122.1578,China,CN,CHN,Liaoning,Liaoning,CN-LN,,,614.7,,,3,Asia/Shanghai,FALSE,1156357907
Shuangchashu,Shuangchashu,,27.7744,103.6010,China,CN,CHN,Yunnan,Yunnan,CN-YN,,,117.5,,,4,Asia/Shanghai,FALSE,1156135015
Songjiancun,Songjiancun,,28.3191,121.5877,China,CN,CHN,Zhejiang,Zhejiang,CN-ZJ,,,1251.7,,,3,Asia/Shanghai,FALSE,1156383643
Songjia Luxicun,Songjia Luxicun,,35.8705,119.0145,China,CN,CHN,Shandong,Shandong,CN-SD,,,180.8,,,4,Asia/Shanghai,FALSE,1156548217
Houchangcun,Houchangcun,,37.5128,117.6126,China,CN,CHN,Shandong,Shandong,CN-SD,,,609.4,,,3,Asia/Shanghai,FALSE,1156544516
Houchangcun,Houchangcun,,35.4787,116.2557,China,CN,CHN,Shandong,Shandong,CN-SD,,,418.3,,,3,Asia/Shanghai,TRUE,1156544506
Houchangcun,Houchangcun,,36.4487,116.2945,China,CN,CHN,Shandong,Shandong,CN-SD,,,383.3,,,3,Asia/Shanghai,TRUE,1156544512
Houchangcun,Houchangcun,,37.3796,117.5476,China,CN,CHN,Shandong,Shandong,CN-SD,,,372.4,,,3,Asia/Shanghai,TRUE,1156544514
Houchangcun,Houchangcun,,36.6377,116.0601,China,CN,CHN,Shandong,Shandong,CN-SD,,,347.3,,,3,Asia/Shanghai,TRUE,1156544509
Wujiapocun,Wujiapocun,,34.6675,117.5929,China,CN,CHN,Shandong,Shandong,CN-SD,,,581.5,,,3,Asia/Shanghai,FALSE,1156504400
Washegou,Washegou,,34.9079,104.3430,China,CN,CHN,Gansu,Gansu,CN-GS,,,229.2,,,3,Asia/Shanghai,FALSE,1156561293
Washegou,Washegou,,33.2629,105.1739,China,CN,CHN,Gansu,Gansu,CN-GS,,,207.6,,,3,Asia/Shanghai,TRUE,1156100225
Anchuancun,Anchuancun,,29.8030,118.7970,China,CN,CHN,Zhejiang,Zhejiang,CN-ZJ,,,185.0,,,4,Asia/Shanghai,FALSE,1156404413
Wujiapocun,Wujiapocun,,34.5637,106.5841,China,CN,CHN,Shaanxi,Shaanxi,CN-SN,,,69.0,,,4,Asia/Shanghai,FALSE,1156021489
Wujiapocun,Wujiapocun,,38.9354,110.7077,China,CN,CHN,Shaanxi,Shaanxi,CN-SN,,,40.3,,,4,Asia/Shanghai,TRUE,1156273714
Yuanzepingcun,Yuanzepingcun,,37.3742,109.9885,China,CN,CHN,Shaanxi,Shaanxi,CN-SN,,,72.9,,,4,Asia/Shanghai,FALSE,1156140291
Yuanzepingcun,Yuanzepingcun,,37.5098,109.9264,China,CN,CHN,Shaanxi,Shaanxi,CN-SN,,,40.7,,,4,Asia/Shanghai,TRUE,1156428475
Qujiaqiao,Qujiaqiao,,31.3370,105.6940,China,CN,CHN,Sichuan,Sichuan,CN-SC,,,358.3,,,3,Asia/Shanghai,FALSE,1156309343
Jiulingcun,Jiulingcun,,24.5539,116.1246,China,CN,CHN,Guangdong,Guangdong,CN-GD,,,91.9,,,4,Asia/Shanghai,FALSE,1156456705
Luanshuiquan,Luanshuiquan,,40.7185,117.0183,China,CN,CHN,Hebei,Hebei,CN-HE,,,50.0,,,4,Asia/Shanghai,FALSE,1156249292
Banguang,Banguang,,25.3493,105.5930,China,CN,CHN,Guizhou,Guizhou,CN-GZ,,,121.9,,,4,Asia/Shanghai,FALSE,1156008558
Huangshawei,Huangshawei,,26.4624,116.5178,China,CN,CHN,Jiangxi,Jiangxi,CN-JX,,,97.3,,,4,Asia/Shanghai,FALSE,1156040298
Banguang,Banguang,,25.3637,108.4430,China,CN,CHN,Guangxi,Guangxi,CN-GX,,,33.7,,,4,Asia/Shanghai,FALSE,1156086557
Houzhaolou,Houzhaolou,,35.6659,115.3000,China,CN,CHN,Henan,Henan,CN-HA,,,901.8,,,3,Asia/Shanghai,FALSE,1156332274
Houzhaolou,Houzhaolou,,34.1552,115.7090,China,CN,CHN,Henan,Henan,CN-HA,,,500.6,,,3,Asia/Shanghai,TRUE,1156125317
Sapu,Sapu,,31.3050,97.1050,China,CN,CHN,Tibet,Tibet,CN-XZ,,,12.5,,,4,Asia/Shanghai,FALSE,1156056930
Yangchacun,Yangchacun,,33.0619,119.6725,China,CN,CHN,Jiangsu,Jiangsu,CN-JS,,,456.4,,,3,Asia/Shanghai,FALSE,1156316984
Dahanxie,Dahanxie,,22.2197,111.5326,China,CN,CHN,Guangdong,Guangdong,CN-GD,,,74.7,,,4,Asia/Shanghai,FALSE,1156947606
Yangchacun,Yangchacun,,41.2148,126.2356,China,CN,CHN,Jilin,Jilin,CN-JL,,,68.6,,,4,Asia/Shanghai,FALSE,1156306491
Yangchacun,Yangchacun,,42.4546,127.1415,China,CN,CHN,Jilin,Jilin,CN-JL,,,60.2,,,4,Asia/Shanghai,TRUE,1156299855
Meishui,Meishui,,25.8467,114.4677,China,CN,CHN,Jiangxi,Jiangxi,CN-JX,,,158.6,,,4,Asia/Shanghai,FALSE,1156051422
Wanjing,Wanjing,,31.2315,121.0683,China,CN,CHN,Shanghai,Shanghai,CN-SH,,,1499.8,,,3,Asia/Shanghai,FALSE,1156393444
Dikayucun,Dikayucun,,31.7567,92.4275,China,CN,CHN,Tibet,Tibet,CN-XZ,,,4.7,,,5,Asia/Shanghai,FALSE,1156273482
Majia Houchuan,Majia Houchuan,,36.4432,105.0210,China,CN,CHN,Gansu,Gansu,CN-GS,,,38.9,,,4,Asia/Shanghai,FALSE,1156220339
Tafancun,Tafancun,,30.9325,116.5557,China,CN,CHN,Anhui,Anhui,CN-AH,,,179.5,,,4,Asia/Shanghai,FALSE,1156284420
Qingjiashan,Qingjiashan,,32.3225,104.4849,China,CN,CHN,Sichuan,Sichuan,CN-SC,,,10.0,,,5,Asia/Shanghai,FALSE,1156535447
Shangwangtun,Shangwangtun,,40.6857,120.3290,China,CN,CHN,Liaoning,Liaoning,CN-LN,,,88.2,,,4,Asia/Shanghai,FALSE,1156342449
Xiahedui,Xiahedui,,36.1300,110.3178,China,CN,CHN,Shaanxi,Shaanxi,CN-SN,,,48.9,,,4,Asia/Shanghai,FALSE,1156561832
Dawu Chenjia,Dawu Chenjia,,26.4170,112.7205,China,CN,CHN,Hunan,Hunan,CN-HN,,,206.9,,,3,Asia/Shanghai,FALSE,1156242187
Juntian,Juntian,,32.2201,120.1417,China,CN,CHN,Jiangsu,Jiangsu,CN-JS,,,741.9,,,3,Asia/Shanghai,FALSE,1156019501
Juntian,Juntian,,33.1494,118.5910,China,CN,CHN,Jiangsu,Jiangsu,CN-JS,,,298.9,,,3,Asia/Shanghai,TRUE,1156002800
Juntian,Juntian,,32.7995,118.5790,China,CN,CHN,Jiangsu,Jiangsu,CN-JS,,,135.9,,,4,Asia/Shanghai,TRUE,1156088991
Linyu,Linyu,,22.3909,108.9440,China,CN,CHN,Guangxi,Guangxi,CN-GX,,,412.2,,,3,Asia/Shanghai,FALSE,1156248304
Linyu,Linyu,,24.7163,107.1140,China,CN,CHN,Guangxi,Guangxi,CN-GX,,,63.7,,,4,Asia/Shanghai,TRUE,1156263744
Longchuang,Longchuang,,26.0577,117.8454,China,CN,CHN,Fujian,Fujian,CN-FJ,,,181.1,,,4,Asia/Shanghai,FALSE,1156071893
Longchuang,Longchuang,,25.7686,117.9970,China,CN,CHN,Fujian,Fujian,CN-FJ,,,64.1,,,4,Asia/Shanghai,TRUE,1156151503
Diaojiling,Diaojiling,,25.1817,114.2443,China,CN,CHN,Guangdong,Guangdong,CN-GD,,,95.5,,,4,Asia/Shanghai,FALSE,1156297001
Qiandijiaozi,Qiandijiaozi,,43.1238,127.0828,China,CN,CHN,Jilin,Jilin,CN-JL,,,29.9,,,4,Asia/Shanghai,FALSE,1156718719
Yangbeigou,Yangbeigou,,33.5286,112.6631,China,CN,CHN,Henan,Henan,CN-HA,,,222.1,,,3,Asia/Shanghai,FALSE,1156945160
Laoshanbei,Laoshanbei,,27.4581,108.8680,China,CN,CHN,Guizhou,Guizhou,CN-GZ,,,117.4,,,4,Asia/Shanghai,FALSE,1156005819
Jiugongtaicun,Jiugongtaicun,,36.6407,118.2699,China,CN,CHN,Shandong,Shandong,CN-SD,,,121.6,,,4,Asia/Shanghai,FALSE,1156501658
Guangmingcun,Guangmingcun,,31.3680,118.4227,China,CN,CHN,Anhui,Anhui,CN-AH,,,5766.0,,,2,Asia/Shanghai,FALSE,1156946172
Guangmingcun,Guangmingcun,,32.5545,117.6372,China,CN,CHN,Anhui,Anhui,CN-AH,,,774.4,,,3,Asia/Shanghai,TRUE,1156737173
Guangmingcun,Guangmingcun,,34.4443,116.5721,China,CN,CHN,Anhui,Anhui,CN-AH,,,749.1,,,3,Asia/Shanghai,TRUE,1156813617
Guangmingcun,Guangmingcun,,32.7022,117.0748,China,CN,CHN,Anhui,Anhui,CN-AH,,,736.4,,,3,Asia/Shanghai,TRUE,1156183666
Guangmingcun,Guangmingcun,,30.9646,117.1952,China,CN,CHN,Anhui,Anhui,CN-AH,,,702.7,,,3,Asia/Shanghai,TRUE,1156487339
Guangmingcun,Guangmingcun,,33.6332,116.6080,China,CN,CHN,Anhui,Anhui,CN-AH,,,681.9,,,3,Asia/Shanghai,TRUE,1156832502
Guangmingcun,Guangmingcun,,30.6009,117.1179,China,CN,CHN,Anhui,Anhui,CN-AH,,,564.0,,,3,Asia/Shanghai,TRUE,1156217146
Guangmingcun,Guangmingcun,,30.4930,116.5836,China,CN,CHN,Anhui,Anhui,CN-AH,,,529.9,,,3,Asia/Shanghai,TRUE,1156332387
Guangmingcun,Guangmingcun,,30.9904,117.0474,China,CN,CHN,Anhui,Anhui,CN-AH,,,516.8,,,3,Asia/Shanghai,TRUE,1156523904
Guangmingcun,Guangmingcun,,33.4855,117.0247,China,CN,CHN,Anhui,Anhui,CN-AH,,,392.3,,,3,Asia/Shanghai,TRUE,1156287405
Guangmingcun,Guangmingcun,,31.4429,117.7506,China,CN,CHN,Anhui,Anhui,CN-AH,,,386.2,,,3,Asia/Shanghai,TRUE,1156036027
Guangmingcun,Guangmingcun,,32.9356,118.9069,China,CN,CHN,Anhui,Anhui,CN-AH,,,347.8,,,3,Asia/Shanghai,TRUE,1156285598
Guangmingcun,Guangmingcun,,31.8975,116.3422,China,CN,CHN,Anhui,Anhui,CN-AH,,,343.5,,,3,Asia/Shanghai,TRUE,1156613191
Guangmingcun,Guangmingcun,,32.7078,117.1851,China,CN,CHN,Anhui,Anhui,CN-AH,,,335.3,,,3,Asia/Shanghai,TRUE,1156013398
Guangmingcun,Guangmingcun,,32.8379,116.9762,China,CN,CHN,Anhui,Anhui,CN-AH,,,333.5,,,3,Asia/Shanghai,TRUE,1156024596
Guangmingcun,Guangmingcun,,31.6742,116.7662,China,CN,CHN,Anhui,Anhui,CN-AH,,,304.7,,,3,Asia/Shanghai,TRUE,1156083203
Guangmingcun,Guangmingcun,,33.5949,117.4803,China,CN,CHN,Anhui,Anhui,CN-AH,,,280.5,,,3,Asia/Shanghai,TRUE,1156058884
Guangmingcun,Guangmingcun,,32.9179,118.1505,China,CN,CHN,Anhui,Anhui,CN-AH,,,238.1,,,3,Asia/Shanghai,TRUE,1156363397
Guangmingcun,Guangmingcun,,32.6948,117.3773,China,CN,CHN,Anhui,Anhui,CN-AH,,,236.6,,,3,Asia/Shanghai,TRUE,1156977553
Guangmingcun,Guangmingcun,,32.1073,116.7712,China,CN,CHN,Anhui,Anhui,CN-AH,,,230.6,,,3,Asia/Shanghai,TRUE,1156105118
Guangmingcun,Guangmingcun,,31.8683,117.8239,China,CN,CHN,Anhui,Anhui,CN-AH,,,201.6,,,3,Asia/Shanghai,TRUE,1156195994
Guangmingcun,Guangmingcun,,31.3510,116.5911,China,CN,CHN,Anhui,Anhui,CN-AH,,,185.1,,,4,Asia/Shanghai,TRUE,1156325501
Guangmingcun,Guangmingcun,,31.3361,115.7731,China,CN,CHN,Anhui,Anhui,CN-AH,,,102.5,,,4,Asia/Shanghai,TRUE,1156287771
Guangmingcun,Guangmingcun,,30.0672,117.1753,China,CN,CHN,Anhui,Anhui,CN-AH,,,84.5,,,4,Asia/Shanghai,TRUE,1156037418
Guangmingcun,Guangmingcun,,31.0059,116.1560,China,CN,CHN,Anhui,Anhui,CN-AH,,,68.5,,,4,Asia/Shanghai,TRUE,1156904779
Guangmingcun,Guangmingcun,,29.7583,117.7401,China,CN,CHN,Anhui,Anhui,CN-AH,,,38.1,,,4,Asia/Shanghai,TRUE,1156541787
Guangmingcun,Guangmingcun,,29.9693,118.2133,China,CN,CHN,Anhui,Anhui,CN-AH,,,28.4,,,4,Asia/Shanghai,TRUE,1156089324
Sanshisangongli Linchang,Sanshisangongli Linchang,,43.8383,130.9878,China,CN,CHN,Heilongjiang,Heilongjiang,CN-HL,,,29.9,,,4,Asia/Shanghai,FALSE,1156529551
Tongxinba,Tongxinba,,21.7254,108.3350,China,CN,CHN,Guangxi,Guangxi,CN-GX,,,967.0,,,3,Asia/Shanghai,FALSE,1156961277
Momen,Momen,,38.5875,116.5380,China,CN,CHN,Hebei,Hebei,CN-HE,,,923.2,,,3,Asia/Shanghai,FALSE,1156054019
Bachenjiawan,Bachenjiawan,,31.6642,113.8815,China,CN,CHN,Hubei,Hubei,CN-HB,,,119.2,,,4,Asia/Shanghai,FALSE,1156033915
Sanhongzhuangcun,Sanhongzhuangcun,,41.5062,123.3793,China,CN,CHN,Liaoning,Liaoning,CN-LN,,,409.3,,,3,Asia/Shanghai,FALSE,1156051942
Chapeichangcun,Chapeichangcun,,31.3392,116.1285,China,CN,CHN,Anhui,Anhui,CN-AH,,,47.4,,,4,Asia/Shanghai,FALSE,1156684973
Fuyao,Fuyao,,19.1118,108.6743,China,CN,CHN,Hainan,Hainan,CN-HI,,,813.8,,,3,Asia/Shanghai,FALSE,1156196835
Qizhuang,Qizhuang,,38.5439,115.7960,China,CN,CHN,Hebei,Hebei,CN-HE,province,,791.8,,,3,Asia/Shanghai,FALSE,1156087678
Qizhuang,Qizhuang,,38.1473,116.0240,China,CN,CHN,Hebei,Hebei,CN-HE,,,686.3,,,3,Asia/Shanghai,TRUE,1156151946
Qizhuang,Qizhuang,,37.6932,116.3299,China,CN,CHN,Hebei,Hebei,CN-HE,,,484.7,,,3,Asia/Shanghai,TRUE,1156194017
Qizhuang,Qizhuang,,38.0566,116.6360,China,CN,CHN,Hebei,Hebei,CN-HE,,,404.1,,,3,Asia/Shanghai,TRUE,1156971580
Qizhuang,Qizhuang,,38.2838,117.5770,China,CN,CHN,Hebei,Hebei,CN-HE,,,180.3,,,4,Asia/Shanghai,TRUE,1156674247
Qianda Haobucun,Qianda Haobucun,,35.2419,118.3305,China,CN,CHN,Shandong,Shandong,CN-SD,,,1424.7,,,3,Asia/Shanghai,FALSE,1156496054