city,city_ascii,city_alt,lat,lng,country,iso2,iso3,admin_name,admin_name_ascii,admin_code,admin_type,capital,density,population,population_proper,ranking,timezone,same_name,id
Copenhagen,Copenhagen,Kjobenhavn|København|Kopenhagen|Köpenhamn,55.6761,12.5683,Denmark,DK,DNK,Hovedstaden,Hovedstaden,DK-84,region,primary,7298.0,1366301,660842,1,Europe/Copenhagen,FALSE,1208763942
Aarhus,Aarhus,Århus,56.1572,10.2107,Denmark,DK,DNK,Midtjylland,Midtjylland,DK-82,region,minor,772.5,290598,290598,2,Europe/Copenhagen,FALSE,1208841031
Odense,Odense,,55.3958,10.3886,Denmark,DK,DNK,Syddanmark,Syddanmark,DK-83,region,minor,2280.74,182387,182387,2,Europe/Copenhagen,FALSE,1208194249
Aalborg,Aalborg,Ålborg,57.0500,9.9167,Denmark,DK,DNK,Nordjylland,Nordjylland,DK-81,region,admin,2364.14,143598,119862,2,Europe/Copenhagen,FALSE,1208789278
Esbjerg,Esbjerg,Esbjærg,55.4833,8.4500,Denmark,DK,DNK,Syddanmark,Syddanmark,DK-83,region,minor,825.0,71921,71921,3,Europe/Copenhagen,FALSE,1208757169
Randers,Randers,,56.4570,10.0390,Denmark,DK,DNK,Midtjylland,Midtjylland,DK-82,region,minor,964.3,64057,64057,3,Europe/Copenhagen,FALSE,1208640875
Horsens,Horsens,,55.8583,9.8500,Denmark,DK,DNK,Midtjylland,Midtjylland,DK-82,region,minor,1071.1,63162,63162,3,Europe/Copenhagen,FALSE,1208409201
Kolding,Kolding,,55.4917,9.5000,Denmark,DK,DNK,Syddanmark,Syddanmark,DK-83,region,minor,804.9,62338,62338,3,Europe/Copenhagen,FALSE,1208123784
Vejle,Vejle,,55.7167,9.5333,Denmark,DK,DNK,Syddanmark,Syddanmark,DK-83,region,admin,114.0,61310,61310,2,Europe/Copenhagen,FALSE,1208585023
Roskilde,Roskilde,,55.6500,12.0833,Denmark,DK,DNK,Sjælland,Sjaelland,DK-85,region,minor,1194.2,52580,52580,3,Europe/Copenhagen,FALSE,1208722269
Herning,Herning,,56.1333,8.9833,Denmark,DK,DNK,Midtjylland,Midtjylland,DK-82,region,minor,67.4,51193,51193,3,Europe/Copenhagen,FALSE,1208998892
Silkeborg,Silkeborg,,56.1833,9.5517,Denmark,DK,DNK,Midtjylland,Midtjylland,DK-82,region,minor,849.8,50866,50866,3,Europe/Copenhagen,FALSE,1208628878
Hørsholm,Horsholm,,55.8803,12.5081,Denmark,DK,DNK,Hovedstaden,Hovedstaden,DK-84,region,minor,1045.0,47836,47836,3,Europe/Copenhagen,FALSE,1208318126
Helsingør,Helsingor,,56.0361,12.6083,Denmark,DK,DNK,Hovedstaden,Hovedstaden,DK-84,region,minor,1274.4,47563,47563,3,Europe/Copenhagen,FALSE,1208042763
Næstved,Naestved,,55.2250,11.7583,Denmark,DK,DNK,Sjælland,Sjaelland,DK-85,region,minor,995.8,44996,44996,3,Europe/Copenhagen,FALSE,1208208658
Viborg,Viborg,,56.4333,9.4000,Denmark,DK,DNK,Midtjylland,Midtjylland,DK-82,region,admin,794.8,42234,42234,2,Europe/Copenhagen,FALSE,1208606810
Fredericia,Fredericia,,55.5667,9.7500,Denmark,DK,DNK,Syddanmark,Syddanmark,DK-83,region,minor,754.8,41243,41243,3,Europe/Copenhagen,FALSE,1208515471
Køge,Koge,Kjoge,55.4561,12.1797,Denmark,DK,DNK,Sjælland,Sjaelland,DK-85,region,minor,1012.4,38588,38588,3,Europe/Copenhagen,FALSE,1208980613
Holstebro,Holstebro,,56.3572,8.6153,Denmark,DK,DNK,Midtjylland,Midtjylland,DK-82,region,minor,763.9,37022,37022,3,Europe/Copenhagen,FALSE,1208971642
Taastrup,Taastrup,Tåstrup,55.6500,12.3000,Denmark,DK,DNK,Hovedstaden,Hovedstaden,DK-84,region,minor,1355.6,36193,36193,3,Europe/Copenhagen,FALSE,1208068405
Hillerød,Hillerod,,55.9333,12.3167,Denmark,DK,DNK,Hovedstaden,Hovedstaden,DK-84,region,admin,978.6,36043,36043,2,Europe/Copenhagen,FALSE,1208278269
Slagelse,Slagelse,,55.4049,11.3531,Denmark,DK,DNK,Sjælland,Sjaelland,DK-85,region,minor,1028.5,34648,34648,3,Europe/Copenhagen,FALSE,1208687791
Holbæk,Holbaek,Hollbæk,55.7156,11.7225,Denmark,DK,DNK,Sjælland,Sjaelland,DK-85,region,minor,1036.4,29960,29960,3,Europe/Copenhagen,FALSE,1208012089
Sønderborg,Sonderborg,,54.9138,9.7922,Denmark,DK,DNK,Syddanmark,Syddanmark,DK-83,region,minor,1038.5,28137,28137,3,Europe/Copenhagen,FALSE,1208870577
Svendborg,Svendborg,Svenborg,55.0594,10.6083,Denmark,DK,DNK,Syddanmark,Syddanmark,DK-83,region,minor,980.9,27594,27594,3,Europe/Copenhagen,FALSE,1208924964
Hjørring,Hjorring,,57.4636,9.9814,Denmark,DK,DNK,Nordjylland,Nordjylland,DK-81,region,minor,716.9,25917,25917,3,Europe/Copenhagen,FALSE,1208371956
Nørresundby,Norresundby,,57.0667,9.9167,Denmark,DK,DNK,Nordjylland,Nordjylland,DK-81,region,,4216.0,23718,23718,2,Europe/Copenhagen,FALSE,1208465908
Ringsted,Ringsted,,55.4425,11.7900,Denmark,DK,DNK,Sjælland,Sjaelland,DK-85,region,minor,846.0,23498,23498,3,Europe/Copenhagen,FALSE,1208027536
Frederikshavn,Frederikshavn,,57.4410,10.5340,Denmark,DK,DNK,Nordjylland,Nordjylland,DK-81,region,minor,35.3,22961,22961,3,Europe/Copenhagen,FALSE,1208910213
Haderslev,Haderslev,,55.2428,9.5250,Denmark,DK,DNK,Syddanmark,Syddanmark,DK-83,region,minor,886.2,22182,22182,3,Europe/Copenhagen,FALSE,1208309317
Birkerød,Birkerod,,55.8333,12.4333,Denmark,DK,DNK,Hovedstaden,Hovedstaden,DK-84,region,,1118.5,20853,20853,3,Europe/Copenhagen,FALSE,1208853307
Farum,Farum,,55.8083,12.3581,Denmark,DK,DNK,Hovedstaden,Hovedstaden,DK-84,region,minor,1259.4,20317,20317,3,Europe/Copenhagen,FALSE,1208077125
Skive,Skive,,56.5667,9.0333,Denmark,DK,DNK,Midtjylland,Midtjylland,DK-82,region,minor,677.0,20176,20176,3,Europe/Copenhagen,FALSE,1208791354
Nykøbing Falster,Nykobing Falster,Nykøbing|Nykjobing|Nykøbing F,54.7654,11.8755,Denmark,DK,DNK,Sjælland,Sjaelland,DK-85,region,minor,22.3,20105,20105,3,Europe/Copenhagen,FALSE,1208336770
Skanderborg,Skanderborg,,56.0381,9.9253,Denmark,DK,DNK,Midtjylland,Midtjylland,DK-82,region,minor,873.4,20079,20079,3,Europe/Copenhagen,FALSE,1208582614
Smørumnedre,Smorumnedre,,55.7333,12.3000,Denmark,DK,DNK,Hovedstaden,Hovedstaden,DK-84,region,,503.3,19780,19780,3,Europe/Copenhagen,FALSE,1208922799
Nyborg,Nyborg,,55.3122,10.7897,Denmark,DK,DNK,Syddanmark,Syddanmark,DK-83,region,minor,761.5,17900,17900,3,Europe/Copenhagen,FALSE,1208199099
Vordingborg,Vordingborg,,55.0000,11.9000,Denmark,DK,DNK,Sjælland,Sjaelland,DK-85,region,minor,339.9,17868,17868,3,Europe/Copenhagen,FALSE,1208237699
Solrød Strand,Solrod Strand,,55.5167,12.2167,Denmark,DK,DNK,Sjælland,Sjaelland,DK-85,region,minor,1294.3,17382,17382,3,Europe/Copenhagen,FALSE,1208504827
Frederikssund,Frederikssund,Frederiksund,55.8333,12.0666,Denmark,DK,DNK,Hovedstaden,Hovedstaden,DK-84,region,minor,1015.2,17135,17135,3,Europe/Copenhagen,FALSE,1208511565
Lillerød,Lillerod,,55.8681,12.3417,Denmark,DK,DNK,Hovedstaden,Hovedstaden,DK-84,region,,1099.2,16836,16836,3,Europe/Copenhagen,FALSE,1208644794
Middelfart,Middelfart,,55.4986,9.7444,Denmark,DK,DNK,Syddanmark,Syddanmark,DK-83,region,minor,743.1,16546,16546,3,Europe/Copenhagen,FALSE,1208896567
Kalundborg,Kalundborg,Kallundborg,55.6814,11.0850,Denmark,DK,DNK,Sjælland,Sjaelland,DK-85,region,minor,475.1,16486,16486,3,Europe/Copenhagen,FALSE,1208716084
Ikast,Ikast,,56.1333,9.1500,Denmark,DK,DNK,Midtjylland,Midtjylland,DK-82,region,minor,235.2,16215,16215,3,Europe/Copenhagen,FALSE,1208187034
Aabenraa,Aabenraa,Åbenrå|Apenrade,55.0444,9.4181,Denmark,DK,DNK,Syddanmark,Syddanmark,DK-83,region,minor,827.1,15685,15685,3,Europe/Copenhagen,FALSE,1208000017
Hedehusene,Hedehusene,,55.6547,12.1953,Denmark,DK,DNK,Hovedstaden,Hovedstaden,DK-84,region,,1110.1,14868,14868,3,Europe/Copenhagen,FALSE,1208482999
Korsør,Korsor,,55.3336,11.1397,Denmark,DK,DNK,Sjælland,Sjaelland,DK-85,region,,1058.5,14418,14418,3,Europe/Copenhagen,FALSE,1208142065
Grenaa,Grenaa,Grenå,56.4161,10.8923,Denmark,DK,DNK,Midtjylland,Midtjylland,DK-82,region,minor,667.4,14179,14179,3,Europe/Copenhagen,FALSE,1208961865
Varde,Varde,,55.6200,8.4806,Denmark,DK,DNK,Syddanmark,Syddanmark,DK-83,region,minor,190.3,14108,14108,3,Europe/Copenhagen,FALSE,1208411481
Rønne,Ronne,,55.0986,14.7014,Denmark,DK,DNK,Hovedstaden,Hovedstaden,DK-84,region,minor,819.7,13798,13798,3,Europe/Copenhagen,FALSE,1208734482
Thisted,Thisted,Thystad|Tisted,56.9569,8.6944,Denmark,DK,DNK,Nordjylland,Nordjylland,DK-81,region,minor,798.4,13534,13534,3,Europe/Copenhagen,FALSE,1208324421
Værløse,Vaerlose,Lille Værløse,55.7819,12.3731,Denmark,DK,DNK,Hovedstaden,Hovedstaden,DK-84,region,,1253.7,13203,13203,3,Europe/Copenhagen,FALSE,1208862489
Odder,Odder,,55.9725,10.1497,Denmark,DK,DNK,Midtjylland,Midtjylland,DK-82,region,minor,880.6,12914,12914,3,Europe/Copenhagen,FALSE,1208566393
Brønderslev,Bronderslev,,57.2694,9.9472,Denmark,DK,DNK,Nordjylland,Nordjylland,DK-81,region,minor,775.2,12884,12884,3,Europe/Copenhagen,FALSE,1208825509
Frederiksværk,Frederiksvaerk,,55.9667,12.0167,Denmark,DK,DNK,Hovedstaden,Hovedstaden,DK-84,region,minor,771.0,12815,12815,3,Europe/Copenhagen,FALSE,1208825906
Hedensted,Hedensted,,55.7725,9.7017,Denmark,DK,DNK,Midtjylland,Midtjylland,DK-82,region,minor,577.0,12680,12680,3,Europe/Copenhagen,FALSE,1208990844
Nakskov,Nakskov,,54.8333,11.1500,Denmark,DK,DNK,Sjælland,Sjaelland,DK-85,region,,693.2,12456,12456,3,Europe/Copenhagen,FALSE,1208341545
Dragør,Dragor,,55.5833,12.6667,Denmark,DK,DNK,Hovedstaden,Hovedstaden,DK-84,region,minor,1264.2,12327,12327,3,Europe/Copenhagen,FALSE,1208259300
Haslev,Haslev,,55.3333,11.9667,Denmark,DK,DNK,Sjælland,Sjaelland,DK-85,region,minor,892.6,12280,12280,3,Europe/Copenhagen,FALSE,1208160409
Hobro,Hobro,,56.6333,9.8000,Denmark,DK,DNK,Nordjylland,Nordjylland,DK-81,region,minor,626.7,12191,12191,3,Europe/Copenhagen,FALSE,1208783800
Jyllinge,Jyllinge,,55.7511,12.1064,Denmark,DK,DNK,Sjælland,Sjaelland,DK-85,region,,920.7,10701,10701,3,Europe/Copenhagen,FALSE,1208809285
Lystrup,Lystrup,,56.2353,10.2375,Denmark,DK,DNK,Midtjylland,Midtjylland,DK-82,region,,935.7,10213,10213,3,Europe/Copenhagen,FALSE,1208253128
Vejen,Vejen,,55.4774,9.1379,Denmark,DK,DNK,Syddanmark,Syddanmark,DK-83,region,minor,565.1,10206,10206,3,Europe/Copenhagen,FALSE,1208664706
Struer,Struer,,56.4856,8.5897,Denmark,DK,DNK,Midtjylland,Midtjylland,DK-82,region,minor,691.7,10112,10112,3,Europe/Copenhagen,FALSE,1208269003
Ringkøbing,Ringkobing,Ringkjöbing,56.0897,8.2383,Denmark,DK,DNK,Midtjylland,Midtjylland,DK-82,region,minor,672.7,9975,9975,3,Europe/Copenhagen,FALSE,1208388471
Humlebæk,Humlebaek,,55.9611,12.5250,Denmark,DK,DNK,Hovedstaden,Hovedstaden,DK-84,region,,1133.3,9855,9855,3,Europe/Copenhagen,FALSE,1208928560
Støvring,Stovring,,56.8867,9.8286,Denmark,DK,DNK,Nordjylland,Nordjylland,DK-81,region,minor,725.2,9190,9190,3,Europe/Copenhagen,FALSE,1208267923
Galten,Galten,Sonder Galten,56.1533,9.9069,Denmark,DK,DNK,Midtjylland,Midtjylland,DK-82,region,,758.7,9177,9177,3,Europe/Copenhagen,FALSE,1208075108
Nykøbing Mors,Nykobing Mors,Nykøbing M|Nykøbing|Nykjöbing,56.7953,8.8592,Denmark,DK,DNK,Nordjylland,Nordjylland,DK-81,region,minor,687.0,9068,9068,3,Europe/Copenhagen,FALSE,1208071660
Fredensborg,Fredensborg,,55.9750,12.4056,Denmark,DK,DNK,Hovedstaden,Hovedstaden,DK-84,region,,241.2,8960,8960,3,Europe/Copenhagen,FALSE,1208706314
Helsinge,Helsinge,,56.0222,12.1972,Denmark,DK,DNK,Hovedstaden,Hovedstaden,DK-84,region,minor,804.5,8906,8906,3,Europe/Copenhagen,FALSE,1208143944
Sæby,Saeby,,57.3294,10.5322,Denmark,DK,DNK,Nordjylland,Nordjylland,DK-81,region,,552.3,8836,8836,3,Europe/Copenhagen,FALSE,1208138927
Måløv,Malov,Maaløv,55.7500,12.3333,Denmark,DK,DNK,Hovedstaden,Hovedstaden,DK-84,region,,1503.3,8693,8693,3,Europe/Copenhagen,FALSE,1208253795
Aars,Aars,Års,56.8032,9.5177,Denmark,DK,DNK,Nordjylland,Nordjylland,DK-81,region,minor,671.5,8657,8657,3,Europe/Copenhagen,FALSE,1208910632
Løgten,Logten,,56.1643,10.1857,Denmark,DK,DNK,Midtjylland,Midtjylland,DK-82,region,,1116.3,8651,8651,3,Europe/Copenhagen,FALSE,1208851373
Hundested,Hundested,,55.9667,11.8500,Denmark,DK,DNK,Hovedstaden,Hovedstaden,DK-84,region,,554.5,8520,8520,3,Europe/Copenhagen,FALSE,1208594151
Hørning,Horning,,56.0850,10.0364,Denmark,DK,DNK,Midtjylland,Midtjylland,DK-82,region,,1006.4,8474,8474,3,Europe/Copenhagen,FALSE,1208706234
Ribe,Ribe,,55.3283,8.7622,Denmark,DK,DNK,Syddanmark,Syddanmark,DK-83,region,,547.1,8365,8365,3,Europe/Copenhagen,FALSE,1208911509
Hinnerup,Hinnerup,Hinnerup-Broby,56.2644,10.0633,Denmark,DK,DNK,Midtjylland,Midtjylland,DK-82,region,minor,254.4,8351,8351,3,Europe/Copenhagen,FALSE,1208405545
Hadsten,Hadsten,Hadsten Stationsby,56.3333,10.0500,Denmark,DK,DNK,Midtjylland,Midtjylland,DK-82,region,,745.8,8345,8345,3,Europe/Copenhagen,FALSE,1208773094
Nivå,Niva,Nivaa,55.9336,12.5064,Denmark,DK,DNK,Hovedstaden,Hovedstaden,DK-84,region,,1421.4,8325,8325,3,Europe/Copenhagen,FALSE,1208411029
Sorø,Soro,,55.4333,11.5667,Denmark,DK,DNK,Sjælland,Sjaelland,DK-85,region,admin,703.0,8271,8271,2,Europe/Copenhagen,FALSE,1208841384
Skjern,Skjern,Skerne|Skern,55.9478,8.4967,Denmark,DK,DNK,Midtjylland,Midtjylland,DK-82,region,,183.3,7840,7840,4,Europe/Copenhagen,FALSE,1208015039
Svenstrup,Svenstrup,,56.9767,9.8419,Denmark,DK,DNK,Nordjylland,Nordjylland,DK-81,region,,753.9,7754,7754,3,Europe/Copenhagen,FALSE,1208008641
Tønder,Tonder,Tondern,54.9428,8.8639,Denmark,DK,DNK,Syddanmark,Syddanmark,DK-83,region,minor,535.3,7574,7574,3,Europe/Copenhagen,FALSE,1208145889
Skagen,Skagen,,57.7167,10.5833,Denmark,DK,DNK,Nordjylland,Nordjylland,DK-81,region,,104.1,7547,7547,4,Europe/Copenhagen,FALSE,1208226103
Bjerringbro,Bjerringbro,,56.3761,9.6565,Denmark,DK,DNK,Midtjylland,Midtjylland,DK-82,region,,580.5,7524,7524,3,Europe/Copenhagen,FALSE,1208475863
Brande,Brande,,55.9500,9.1167,Denmark,DK,DNK,Midtjylland,Midtjylland,DK-82,region,,60.9,7521,7521,4,Europe/Copenhagen,FALSE,1208241755
Vojens,Vojens,,55.2483,9.3047,Denmark,DK,DNK,Syddanmark,Syddanmark,DK-83,region,,580.0,7480,7480,3,Europe/Copenhagen,FALSE,1208414482
Ry,Ry,Rye Stationsby|Rye,56.0922,9.7581,Denmark,DK,DNK,Midtjylland,Midtjylland,DK-82,region,,849.5,7382,7382,3,Europe/Copenhagen,FALSE,1208827248
Ebeltoft,Ebeltoft,Æbeltoft,56.1936,10.6781,Denmark,DK,DNK,Midtjylland,Midtjylland,DK-82,region,,479.5,7289,7289,3,Europe/Copenhagen,FALSE,1208735615
Bramming,Bramming,Bramminge Stationsby|Bramminge,55.4649,8.7068,Denmark,DK,DNK,Syddanmark,Syddanmark,DK-83,region,,256.0,7171,7171,3,Europe/Copenhagen,FALSE,1208913444
Billund,Billund,,55.7308,9.1153,Denmark,DK,DNK,Syddanmark,Syddanmark,DK-83,region,,117.5,7049,7049,4,Europe/Copenhagen,TRUE,1208168621
Hammel,Hammel,,56.2567,9.8617,Denmark,DK,DNK,Midtjylland,Midtjylland,DK-82,region,,330.5,7019,7019,3,Europe/Copenhagen,FALSE,1208787994
Fåborg,Faborg,Fabberg|Faaborg,55.1000,10.2333,Denmark,DK,DNK,Syddanmark,Syddanmark,DK-83,region,,724.1,6898,6898,3,Europe/Copenhagen,FALSE,1208479127
Lemvig,Lemvig,,56.5500,8.3167,Denmark,DK,DNK,Midtjylland,Midtjylland,DK-82,region,minor,81.6,6827,6827,3,Europe/Copenhagen,FALSE,1208353218
Slangerup,Slangerup,,55.8467,12.1761,Denmark,DK,DNK,Hovedstaden,Hovedstaden,DK-84,region,,1024.8,6824,6824,3,Europe/Copenhagen,FALSE,1208629113
Gilleleje,Gilleleje,Gilleje,56.1167,12.3167,Denmark,DK,DNK,Hovedstaden,Hovedstaden,DK-84,region,,595.6,6778,6778,3,Europe/Copenhagen,FALSE,1208273987
Ringe,Ringe,,55.2375,10.4803,Denmark,DK,DNK,Syddanmark,Syddanmark,DK-83,region,minor,210.8,6607,6607,3,Europe/Copenhagen,FALSE,1208953323
Aabybro,Aabybro,Åbybro,57.1500,9.7500,Denmark,DK,DNK,Nordjylland,Nordjylland,DK-81,region,minor,133.6,6559,6559,3,Europe/Copenhagen,FALSE,1208673442
Skælskør,Skaelskor,Skjelskör,55.2539,11.2903,Denmark,DK,DNK,Sjælland,Sjaelland,DK-85,region,,698.1,6394,6394,3,Europe/Copenhagen,FALSE,1208986987
Børkop,Borkop,,55.6419,9.6519,Denmark,DK,DNK,Syddanmark,Syddanmark,DK-83,region,,270.7,6353,6353,3,Europe/Copenhagen,FALSE,1208629228
Hornslet,Hornslet,,56.3158,10.3167,Denmark,DK,DNK,Midtjylland,Midtjylland,DK-82,region,,207.8,6328,6328,3,Europe/Copenhagen,FALSE,1208221638
Assens,Assens,,55.2667,9.9000,Denmark,DK,DNK,Syddanmark,Syddanmark,DK-83,region,minor,624.9,6061,6061,3,Europe/Copenhagen,FALSE,1208788348
Kerteminde,Kerteminde,Kjerteminde|Kierteminde,55.4500,10.6667,Denmark,DK,DNK,Syddanmark,Syddanmark,DK-83,region,minor,824.0,6034,6034,3,Europe/Copenhagen,FALSE,1208344532
Rødekro,Rodekro,,55.0694,9.3328,Denmark,DK,DNK,Syddanmark,Syddanmark,DK-83,region,,170.8,5972,5972,4,Europe/Copenhagen,FALSE,1208356238
Bellinge,Bellinge,,55.3350,10.3133,Denmark,DK,DNK,Syddanmark,Syddanmark,DK-83,region,,916.8,5826,5826,3,Europe/Copenhagen,FALSE,1208126130
Hellebæk,Hellebaek,,56.0694,12.5556,Denmark,DK,DNK,Hovedstaden,Hovedstaden,DK-84,region,,346.6,5816,5816,3,Europe/Copenhagen,FALSE,1208137158
Nordborg,Nordborg,Nordburg,55.0589,9.7481,Denmark,DK,DNK,Syddanmark,Syddanmark,DK-83,region,,125.6,5759,5759,4,Europe/Copenhagen,FALSE,1208161180
Maribo,Maribo,,54.7747,11.5011,Denmark,DK,DNK,Sjælland,Sjaelland,DK-85,region,minor,645.9,5734,5734,3,Europe/Copenhagen,FALSE,1208361200
Nibe,Nibe,,56.9819,9.6397,Denmark,DK,DNK,Nordjylland,Nordjylland,DK-81,region,,847.1,5539,5539,3,Europe/Copenhagen,FALSE,1208831848
Hirtshals,Hirtshals,Lilleheden Hornsnæs,57.5833,9.9500,Denmark,DK,DNK,Nordjylland,Nordjylland,DK-81,region,,1250.1,5538,5538,3,Europe/Copenhagen,FALSE,1208361214
Munkebo,Munkebo,,55.4602,10.5560,Denmark,DK,DNK,Syddanmark,Syddanmark,DK-83,region,,709.9,5535,5535,3,Europe/Copenhagen,FALSE,1208405234
Tune,Tune,,55.5936,12.1700,Denmark,DK,DNK,Sjælland,Sjaelland,DK-85,region,,1056.8,5347,5347,3,Europe/Copenhagen,FALSE,1208892255
Hornbæk,Hornbaek,,56.0917,12.4500,Denmark,DK,DNK,Hovedstaden,Hovedstaden,DK-84,region,,181.3,5334,5334,4,Europe/Copenhagen,FALSE,1208004524
Otterup,Otterup,,55.5153,10.3986,Denmark,DK,DNK,Syddanmark,Syddanmark,DK-83,region,,639.2,5258,5258,3,Europe/Copenhagen,FALSE,1208748544
Kjellerup,Kjellerup,Kellerup,56.2847,9.4333,Denmark,DK,DNK,Midtjylland,Midtjylland,DK-82,region,,657.9,5223,5223,3,Europe/Copenhagen,FALSE,1208843744
Fensmark,Fensmark,,55.2778,11.8050,Denmark,DK,DNK,Sjælland,Sjaelland,DK-85,region,,773.1,5217,5217,3,Europe/Copenhagen,FALSE,1208058371
Mårslet,Marslet,Maarslet,56.0681,10.1611,Denmark,DK,DNK,Midtjylland,Midtjylland,DK-82,region,,346.2,5162,5162,3,Europe/Copenhagen,FALSE,1208337511
Klarup,Klarup,,57.0125,10.0597,Denmark,DK,DNK,Nordjylland,Nordjylland,DK-81,region,,311.6,5158,5158,3,Europe/Copenhagen,FALSE,1208734089
Nykøbing Sjælland,Nykobing Sjaelland,Nykiöbing|Nykjöbing,55.9250,11.6667,Denmark,DK,DNK,Sjælland,Sjaelland,DK-85,region,,790.8,5049,5049,3,Europe/Copenhagen,FALSE,1208023605
Strøby Egede,Stroby Egede,,55.4172,12.2431,Denmark,DK,DNK,Sjælland,Sjaelland,DK-85,region,,739.7,4984,4984,3,Europe/Copenhagen,FALSE,1208928953
Hadsund,Hadsund,,56.7167,10.1167,Denmark,DK,DNK,Nordjylland,Nordjylland,DK-81,region,,1245.8,4983,4983,3,Europe/Copenhagen,FALSE,1208976201
Strib,Strib,,55.5375,9.7725,Denmark,DK,DNK,Syddanmark,Syddanmark,DK-83,region,,776.2,4858,4858,3,Europe/Copenhagen,FALSE,1208861963
Vamdrup,Vamdrup,,55.4300,9.2874,Denmark,DK,DNK,Syddanmark,Syddanmark,DK-83,region,,133.9,4836,4836,4,Europe/Copenhagen,FALSE,1208672934
Borup,Borup,,55.4959,11.9779,Denmark,DK,DNK,Sjælland,Sjaelland,DK-85,region,,127.1,4833,4833,4,Europe/Copenhagen,TRUE,1208155754
Vodskov,Vodskov,,57.1084,10.0272,Denmark,DK,DNK,Nordjylland,Nordjylland,DK-81,region,,229.5,4821,4821,3,Europe/Copenhagen,FALSE,1208805443
Viby,Viby,,55.5511,12.0228,Denmark,DK,DNK,Sjælland,Sjaelland,DK-85,region,,891.6,4814,4814,3,Europe/Copenhagen,FALSE,1208697846
Solbjerg,Solbjerg,Solbjærg,56.0397,10.0867,Denmark,DK,DNK,Midtjylland,Midtjylland,DK-82,region,,125.6,4710,4710,4,Europe/Copenhagen,FALSE,1208284488
Give,Give,,55.8450,9.2389,Denmark,DK,DNK,Syddanmark,Syddanmark,DK-83,region,,69.9,4682,4682,4,Europe/Copenhagen,FALSE,1208124435
Rudkøbing,Rudkobing,Rudkiobing|Rudkjöbing,54.9368,10.7097,Denmark,DK,DNK,Syddanmark,Syddanmark,DK-83,region,minor,697.5,4622,4622,3,Europe/Copenhagen,FALSE,1208356737
Brørup,Brorup,,55.4825,9.0158,Denmark,DK,DNK,Syddanmark,Syddanmark,DK-83,region,,104.4,4593,4593,4,Europe/Copenhagen,FALSE,1208383802
Sakskøbing,Sakskobing,Saxkjöbing|Saxkiöbing,54.8000,11.6333,Denmark,DK,DNK,Sjælland,Sjaelland,DK-85,region,,201.6,4590,4590,3,Europe/Copenhagen,FALSE,1208491102
Havdrup,Havdrup,,55.5451,12.1165,Denmark,DK,DNK,Sjælland,Sjaelland,DK-85,region,,970.9,4392,4392,3,Europe/Copenhagen,FALSE,1208437413
Hjallerup,Hjallerup,,57.1675,10.1450,Denmark,DK,DNK,Nordjylland,Nordjylland,DK-81,region,,122.5,4385,4385,4,Europe/Copenhagen,FALSE,1208936367
Gråsten,Grasten,Graasten,54.9197,9.5919,Denmark,DK,DNK,Syddanmark,Syddanmark,DK-83,region,,619.5,4365,4365,3,Europe/Copenhagen,FALSE,1208850660
Høng,Hong,,55.5044,11.2919,Denmark,DK,DNK,Sjælland,Sjaelland,DK-85,region,,228.0,4359,4359,3,Europe/Copenhagen,FALSE,1208617973
Kirke Hvalsø,Kirke Hvalso,Hvalsø,55.5942,11.8594,Denmark,DK,DNK,Sjælland,Sjaelland,DK-85,region,minor,239.8,4340,4340,3,Europe/Copenhagen,FALSE,1208781006
Padborg,Padborg,,54.8214,9.3575,Denmark,DK,DNK,Syddanmark,Syddanmark,DK-83,region,,87.4,4325,4325,4,Europe/Copenhagen,FALSE,1208664268
Jyderup,Jyderup,,55.6600,11.3986,Denmark,DK,DNK,Sjælland,Sjaelland,DK-85,region,,706.5,4315,4315,3,Europe/Copenhagen,FALSE,1208580597
Svogerslev,Svogerslev,,55.6342,12.0136,Denmark,DK,DNK,Sjælland,Sjaelland,DK-85,region,,1028.0,4313,4313,3,Europe/Copenhagen,FALSE,1208590276
Sunds,Sunds,Sunde,56.2083,9.0119,Denmark,DK,DNK,Midtjylland,Midtjylland,DK-82,region,,85.9,4299,4299,4,Europe/Copenhagen,FALSE,1208848588
Langeskov,Langeskov,,55.3578,10.5856,Denmark,DK,DNK,Syddanmark,Syddanmark,DK-83,region,,659.1,4293,4293,3,Europe/Copenhagen,FALSE,1208053572
Videbæk,Videbaek,,56.0931,8.6325,Denmark,DK,DNK,Midtjylland,Midtjylland,DK-82,region,,576.4,4256,4256,3,Europe/Copenhagen,FALSE,1208466737
Årslev,Arslev,Aarslev,55.3042,10.4708,Denmark,DK,DNK,Syddanmark,Syddanmark,DK-83,region,,185.2,4250,4250,4,Europe/Copenhagen,FALSE,1208980344
Fakse,Fakse,Faxe,55.2553,12.1194,Denmark,DK,DNK,Sjælland,Sjaelland,DK-85,region,,123.7,4189,4189,4,Europe/Copenhagen,FALSE,1208956053
Lynge,Lynge,,55.8397,12.2731,Denmark,DK,DNK,Hovedstaden,Hovedstaden,DK-84,region,,171.4,4162,4162,4,Europe/Copenhagen,FALSE,1208584517
Tarm,Tarm,,55.9067,8.5206,Denmark,DK,DNK,Midtjylland,Midtjylland,DK-82,region,,520.3,4104,4104,3,Europe/Copenhagen,FALSE,1208505228
Jægerspris,Jaegerspris,,55.8522,11.9919,Denmark,DK,DNK,Hovedstaden,Hovedstaden,DK-84,region,,116.8,4083,4083,4,Europe/Copenhagen,FALSE,1208118533
Bogense,Bogense,,55.5667,10.1000,Denmark,DK,DNK,Syddanmark,Syddanmark,DK-83,region,minor,742.6,4074,4074,3,Europe/Copenhagen,FALSE,1208786421
Dianalund,Dianalund,,55.5272,11.4981,Denmark,DK,DNK,Sjælland,Sjaelland,DK-85,region,,248.4,4057,4057,3,Europe/Copenhagen,FALSE,1208411771
Vildbjerg,Vildbjerg,Vilbjerg|Vilbjærg,56.1965,8.7677,Denmark,DK,DNK,Midtjylland,Midtjylland,DK-82,region,,128.8,4033,4033,4,Europe/Copenhagen,FALSE,1208640070
Juelsminde,Juelsminde,,55.7081,10.0008,Denmark,DK,DNK,Midtjylland,Midtjylland,DK-82,region,,480.5,4023,4023,3,Europe/Copenhagen,FALSE,1208776516
Brædstrup,Braedstrup,Bredstrup,55.9715,9.6113,Denmark,DK,DNK,Midtjylland,Midtjylland,DK-82,region,,282.5,4005,4005,3,Europe/Copenhagen,FALSE,1208363268
Harlev,Harlev,Harlev Stationsby,56.1447,9.9969,Denmark,DK,DNK,Midtjylland,Midtjylland,DK-82,region,,132.8,3990,3990,4,Europe/Copenhagen,FALSE,1208388865
Løgstør,Logstor,,56.9667,9.2583,Denmark,DK,DNK,Nordjylland,Nordjylland,DK-81,region,,1112.6,3972,3972,3,Europe/Copenhagen,FALSE,1208980086
Tølløse,Tollose,Töllöse Stationsby,55.6145,11.7645,Denmark,DK,DNK,Sjælland,Sjaelland,DK-85,region,,126.7,3903,3903,4,Europe/Copenhagen,FALSE,1208685474
Præstø,Praesto,,55.1206,12.0436,Denmark,DK,DNK,Sjælland,Sjaelland,DK-85,region,,236.0,3893,3893,3,Europe/Copenhagen,FALSE,1208531180
Assentoft,Assentoft,,56.4407,10.1487,Denmark,DK,DNK,Midtjylland,Midtjylland,DK-82,region,,243.4,3822,3822,3,Europe/Copenhagen,FALSE,1208618745
Ølgod,Olgod,,55.8083,8.6189,Denmark,DK,DNK,Syddanmark,Syddanmark,DK-83,region,,59.4,3777,3777,4,Europe/Copenhagen,FALSE,1208582633
Jelling,Jelling,,55.7536,9.4150,Denmark,DK,DNK,Syddanmark,Syddanmark,DK-83,region,,124.0,3769,3769,4,Europe/Copenhagen,FALSE,1208474084
Stege,Stege,,54.9858,12.2875,Denmark,DK,DNK,Sjælland,Sjaelland,DK-85,region,,101.8,3765,3765,4,Europe/Copenhagen,FALSE,1208896279
Stenløse,Stenlose,,55.3392,10.3617,Denmark,DK,DNK,Syddanmark,Syddanmark,DK-83,region,,155.8,3701,3701,4,Europe/Copenhagen,FALSE,1208490018
Virklund,Virklund,,56.1306,9.5592,Denmark,DK,DNK,Midtjylland,Midtjylland,DK-82,region,,220.5,3683,3683,3,Europe/Copenhagen,FALSE,1208100843
Nexø,Nexo,Neksø,55.0625,15.1319,Denmark,DK,DNK,Hovedstaden,Hovedstaden,DK-84,region,,1662.4,3674,3674,3,Europe/Copenhagen,FALSE,1208662267
Store Heddinge,Store Heddinge,Store Hedinge,55.3089,12.3873,Denmark,DK,DNK,Sjælland,Sjaelland,DK-85,region,minor,14.6,3649,3649,3,Europe/Copenhagen,FALSE,1208773397
Gistrup,Gistrup,,56.9978,9.9933,Denmark,DK,DNK,Nordjylland,Nordjylland,DK-81,region,,899.0,3630,3630,3,Europe/Copenhagen,FALSE,1208111001
Hjortshøj,Hjortshoj,,56.2478,10.2647,Denmark,DK,DNK,Midtjylland,Midtjylland,DK-82,region,,346.2,3619,3619,3,Europe/Copenhagen,FALSE,1208605318
Græsted,Graested,,56.0667,12.2833,Denmark,DK,DNK,Hovedstaden,Hovedstaden,DK-84,region,,185.7,3581,3581,4,Europe/Copenhagen,FALSE,1208546617
Dronninglund,Dronninglund,,57.1583,10.2878,Denmark,DK,DNK,Nordjylland,Nordjylland,DK-81,region,,52.4,3546,3546,4,Europe/Copenhagen,FALSE,1208089397
Taulov,Taulov,Tavlov|Tavlov Nebel,55.5406,9.6111,Denmark,DK,DNK,Syddanmark,Syddanmark,DK-83,region,,575.9,3513,3513,3,Europe/Copenhagen,FALSE,1208762977
Storvorde,Storvorde,Storevorde,57.0000,10.0833,Denmark,DK,DNK,Nordjylland,Nordjylland,DK-81,region,,246.7,3431,3431,3,Europe/Copenhagen,FALSE,1208696291
Løgumkloster,Logumkloster,,55.0594,8.9517,Denmark,DK,DNK,Syddanmark,Syddanmark,DK-83,region,,58.4,3419,3419,4,Europe/Copenhagen,FALSE,1208541457
Farsø,Farso,,56.7722,9.3403,Denmark,DK,DNK,Nordjylland,Nordjylland,DK-81,region,,93.9,3407,3407,4,Europe/Copenhagen,FALSE,1208055334
Glamsbjerg,Glamsbjerg,Glamsbjærg,55.2778,10.1053,Denmark,DK,DNK,Syddanmark,Syddanmark,DK-83,region,,161.2,3350,3350,4,Europe/Copenhagen,FALSE,1208732696
Fjerritslev,Fjerritslev,Fjerreslev,57.0833,9.2667,Denmark,DK,DNK,Nordjylland,Nordjylland,DK-81,region,,50.9,3335,3335,4,Europe/Copenhagen,FALSE,1208672507
Sabro,Sabro,,56.2117,10.0367,Denmark,DK,DNK,Midtjylland,Midtjylland,DK-82,region,,360.6,3308,3308,3,Europe/Copenhagen,FALSE,1208487379
Vissenbjerg,Vissenbjerg,Vissenbjerg Kirke,55.3853,10.1319,Denmark,DK,DNK,Syddanmark,Syddanmark,DK-83,region,,123.0,3297,3297,4,Europe/Copenhagen,FALSE,1208489757
Rønde,Ronde,,56.3000,10.4833,Denmark,DK,DNK,Midtjylland,Midtjylland,DK-82,region,minor,167.4,3295,3295,3,Europe/Copenhagen,FALSE,1208322647
Søndersø,Sonderso,Sönderse,55.4856,10.2503,Denmark,DK,DNK,Syddanmark,Syddanmark,DK-83,region,,170.6,3291,3291,4,Europe/Copenhagen,FALSE,1208986468
Broager,Broager,,54.8889,9.6747,Denmark,DK,DNK,Syddanmark,Syddanmark,DK-83,region,,118.1,3277,3277,4,Europe/Copenhagen,FALSE,1208923147
Toftlund,Toftlund,,55.1878,9.0733,Denmark,DK,DNK,Syddanmark,Syddanmark,DK-83,region,,77.5,3276,3276,4,Europe/Copenhagen,FALSE,1208095028
Avlum,Avlum,Aulum,56.2661,8.7942,Denmark,DK,DNK,Midtjylland,Midtjylland,DK-82,region,,64.4,3247,3247,4,Europe/Copenhagen,FALSE,1208237127
Thurø By,Thuro By,Turö By|Thurø,55.0425,10.6822,Denmark,DK,DNK,Syddanmark,Syddanmark,DK-83,region,,480.8,3232,3232,3,Europe/Copenhagen,FALSE,1208527874
Trige,Trige,,56.2530,10.1480,Denmark,DK,DNK,Midtjylland,Midtjylland,DK-82,region,,198.6,3224,3224,4,Europe/Copenhagen,FALSE,1208611017
Nørre Åby,Norre Aby,Nørre Aaby,55.4578,9.8775,Denmark,DK,DNK,Syddanmark,Syddanmark,DK-83,region,,686.1,3224,3224,3,Europe/Copenhagen,FALSE,1208246421
Skærbæk,Skaerbaek,Sherrebek,55.1586,8.7714,Denmark,DK,DNK,Syddanmark,Syddanmark,DK-83,region,,66.6,3211,3211,4,Europe/Copenhagen,TRUE,1208030409
Årup,Arup,Aarup,55.3758,10.0492,Denmark,DK,DNK,Syddanmark,Syddanmark,DK-83,region,,658.1,3209,3209,3,Europe/Copenhagen,FALSE,1208902195
Frejlev,Frejlev,Freilev,57.0075,9.8189,Denmark,DK,DNK,Nordjylland,Nordjylland,DK-81,region,,284.8,3169,3169,3,Europe/Copenhagen,FALSE,1208055062
Augustenborg,Augustenborg,,54.9472,9.8714,Denmark,DK,DNK,Syddanmark,Syddanmark,DK-83,region,,362.8,3160,3160,3,Europe/Copenhagen,FALSE,1208570962
Auning,Auning,Avning,56.4294,10.3756,Denmark,DK,DNK,Midtjylland,Midtjylland,DK-82,region,,169.2,3134,3134,4,Europe/Copenhagen,FALSE,1208341511
Bjæverskov,Bjaeverskov,Bjeverskov,55.4599,12.0242,Denmark,DK,DNK,Sjælland,Sjaelland,DK-85,region,,818.9,3126,3126,3,Europe/Copenhagen,FALSE,1208119258
Søften,Soften,,56.2383,10.0928,Denmark,DK,DNK,Midtjylland,Midtjylland,DK-82,region,,695.9,3112,3112,3,Europe/Copenhagen,FALSE,1208216449
Asnæs,Asnaes,,55.8142,11.4986,Denmark,DK,DNK,Sjælland,Sjaelland,DK-85,region,,159.3,3109,3109,4,Europe/Copenhagen,FALSE,1208907523
Skibby,Skibby,Skiby,55.7531,11.9636,Denmark,DK,DNK,Hovedstaden,Hovedstaden,DK-84,region,,305.1,3092,3092,3,Europe/Copenhagen,FALSE,1208489792
Ejby,Ejby,,55.4887,12.0795,Denmark,DK,DNK,Sjælland,Sjaelland,DK-85,region,,201.5,3088,3088,3,Europe/Copenhagen,FALSE,1208656904
Vindinge,Vindinge,,55.6231,12.1367,Denmark,DK,DNK,Sjælland,Sjaelland,DK-85,region,,213.2,3087,3087,3,Europe/Copenhagen,FALSE,1208088887
Sindal,Sindal,,57.4744,10.2022,Denmark,DK,DNK,Nordjylland,Nordjylland,DK-81,region,,100.8,3085,3085,4,Europe/Copenhagen,FALSE,1208352765
Vinderup,Vinderup,Vinderup Gårde,56.4819,8.7825,Denmark,DK,DNK,Midtjylland,Midtjylland,DK-82,region,,112.6,3068,3068,4,Europe/Copenhagen,FALSE,1208323901
Holsted,Holsted,,55.5103,8.9178,Denmark,DK,DNK,Syddanmark,Syddanmark,DK-83,region,,76.4,3066,3066,4,Europe/Copenhagen,FALSE,1208309031
Skørping,Skorping,Skörping Stationsby,56.8358,9.8872,Denmark,DK,DNK,Nordjylland,Nordjylland,DK-81,region,,98.4,3043,3043,4,Europe/Copenhagen,FALSE,1208659668
Christiansfeld,Christiansfeld,,55.3567,9.4863,Denmark,DK,DNK,Syddanmark,Syddanmark,DK-83,region,,103.0,2985,2985,4,Europe/Copenhagen,FALSE,1208911700
Lunderskov,Lunderskov,,55.4836,9.3003,Denmark,DK,DNK,Syddanmark,Syddanmark,DK-83,region,,109.7,2976,2976,4,Europe/Copenhagen,FALSE,1208651515
Pandrup,Pandrup,Panderup,57.2181,9.6722,Denmark,DK,DNK,Nordjylland,Nordjylland,DK-81,region,,98.1,2909,2909,4,Europe/Copenhagen,FALSE,1208454482
Tjæreborg,Tjaereborg,,55.4636,8.5836,Denmark,DK,DNK,Syddanmark,Syddanmark,DK-83,region,,161.0,2897,2897,4,Europe/Copenhagen,FALSE,1208725894
Hårlev,Harlev,Haarlev,55.3491,12.2316,Denmark,DK,DNK,Sjælland,Sjaelland,DK-85,region,,198.8,2894,2894,4,Europe/Copenhagen,FALSE,1208142601
Ganløse,Ganlose,,55.7919,12.2647,Denmark,DK,DNK,Hovedstaden,Hovedstaden,DK-84,region,,253.9,2890,2890,3,Europe/Copenhagen,FALSE,1208607942
Vestbjerg,Vestbjerg,Vestbjærg,57.1319,9.9639,Denmark,DK,DNK,Nordjylland,Nordjylland,DK-81,region,,183.9,2888,2888,4,Europe/Copenhagen,FALSE,1208559978
Langå,Langa,Langaa,56.3930,9.8940,Denmark,DK,DNK,Midtjylland,Midtjylland,DK-82,region,,186.4,2879,2879,4,Europe/Copenhagen,FALSE,1208213475
Skævinge,Skaevinge,,55.9083,12.1528,Denmark,DK,DNK,Hovedstaden,Hovedstaden,DK-84,region,,470.9,2859,2859,3,Europe/Copenhagen,FALSE,1208252405
Oksbøl,Oksbol,Oxbøl|Oxsböl,55.6258,8.2792,Denmark,DK,DNK,Syddanmark,Syddanmark,DK-83,region,,38.4,2844,2844,4,Europe/Copenhagen,TRUE,1208191614
Hvide Sande,Hvide Sande,,55.9986,8.1264,Denmark,DK,DNK,Midtjylland,Midtjylland,DK-82,region,,86.8,2843,2843,4,Europe/Copenhagen,FALSE,1208776741
Sundby,Sundby,,54.7656,11.8524,Denmark,DK,DNK,Sjælland,Sjaelland,DK-85,region,,72.8,2843,2843,4,Europe/Copenhagen,FALSE,1208664583
Svinninge,Svinninge,,55.7219,11.4598,Denmark,DK,DNK,Sjælland,Sjaelland,DK-85,region,,222.5,2818,2818,3,Europe/Copenhagen,FALSE,1208146646
Ålestrup,Alestrup,Aalestrup,56.6939,9.4928,Denmark,DK,DNK,Nordjylland,Nordjylland,DK-81,region,,997.9,2794,2794,3,Europe/Copenhagen,FALSE,1208498382
Rødding,Rodding,,55.3675,9.0583,Denmark,DK,DNK,Syddanmark,Syddanmark,DK-83,region,,103.7,2784,2784,4,Europe/Copenhagen,FALSE,1208858922
Nordby,Nordby,Odden,55.4333,8.4000,Denmark,DK,DNK,Syddanmark,Syddanmark,DK-83,region,,87.0,2738,2738,4,Europe/Copenhagen,FALSE,1208625228
Tinglev,Tinglev,,54.9364,9.2583,Denmark,DK,DNK,Syddanmark,Syddanmark,DK-83,region,,48.0,2738,2738,4,Europe/Copenhagen,FALSE,1208707119
Gundsømagle,Gundsomagle,,55.7353,12.1481,Denmark,DK,DNK,Sjælland,Sjaelland,DK-85,region,,178.6,2733,2733,4,Europe/Copenhagen,FALSE,1208169022
Hurup,Hurup,Thy,56.7503,8.4211,Denmark,DK,DNK,Nordjylland,Nordjylland,DK-81,region,,197.6,2707,2707,4,Europe/Copenhagen,FALSE,1208287413
Høruphav,Horuphav,,54.9133,9.8967,Denmark,DK,DNK,Syddanmark,Syddanmark,DK-83,region,,143.2,2706,2706,4,Europe/Copenhagen,FALSE,1208378701
Brovst,Brovst,,57.0975,9.5231,Denmark,DK,DNK,Nordjylland,Nordjylland,DK-81,region,,125.6,2664,2664,4,Europe/Copenhagen,FALSE,1208182126
Kibæk,Kibaek,,56.0333,8.8556,Denmark,DK,DNK,Midtjylland,Midtjylland,DK-82,region,,47.8,2638,2638,4,Europe/Copenhagen,FALSE,1208993001
Ullerslev,Ullerslev,,55.3633,10.6667,Denmark,DK,DNK,Syddanmark,Syddanmark,DK-83,region,,212.9,2622,2622,3,Europe/Copenhagen,FALSE,1208300007
Mariager,Mariager,,56.6500,10.0000,Denmark,DK,DNK,Nordjylland,Nordjylland,DK-81,region,,81.9,2605,2605,4,Europe/Copenhagen,FALSE,1208083962
Stoholm,Stoholm,,56.4842,9.1478,Denmark,DK,DNK,Midtjylland,Midtjylland,DK-82,region,,171.4,2566,2566,4,Europe/Copenhagen,FALSE,1208355874
Vester Hassing,Vester Hassing,Vester Hasing,57.0669,10.1253,Denmark,DK,DNK,Nordjylland,Nordjylland,DK-81,region,,90.4,2560,2560,4,Europe/Copenhagen,FALSE,1208582844
Arden,Arden,Arden Stationsby,56.7686,9.8572,Denmark,DK,DNK,Nordjylland,Nordjylland,DK-81,region,,113.7,2523,2523,4,Europe/Copenhagen,FALSE,1208852566
Liseleje,Liseleje,,56.0056,11.9864,Denmark,DK,DNK,Hovedstaden,Hovedstaden,DK-84,region,,415.5,2493,2493,3,Europe/Copenhagen,FALSE,1208956088
Nyråd,Nyrad,Nyraad,55.0033,11.9694,Denmark,DK,DNK,Sjælland,Sjaelland,DK-85,region,,339.9,2491,2491,3,Europe/Copenhagen,FALSE,1208814709
Fakse Ladeplads,Fakse Ladeplads,Faxe Havn,55.2167,12.1667,Denmark,DK,DNK,Sjælland,Sjaelland,DK-85,region,,205.7,2487,2487,3,Europe/Copenhagen,FALSE,1208989908
Gram,Gram,,55.2892,9.0486,Denmark,DK,DNK,Syddanmark,Syddanmark,DK-83,region,,39.7,2486,2486,4,Europe/Copenhagen,FALSE,1208255172
Guderup,Guderup,,54.9914,9.8647,Denmark,DK,DNK,Syddanmark,Syddanmark,DK-83,region,,97.4,2416,2416,4,Europe/Copenhagen,FALSE,1208994203
Nørre Lyndelse,Norre Lyndelse,,55.3053,10.3925,Denmark,DK,DNK,Syddanmark,Syddanmark,DK-83,region,,123.6,2228,2228,4,Europe/Copenhagen,FALSE,1208016073
Fraugde,Fraugde,Fravde,55.3550,10.4883,Denmark,DK,DNK,Syddanmark,Syddanmark,DK-83,region,,305.5,2067,2067,3,Europe/Copenhagen,FALSE,1208743557
Ulstrup,Ulstrup,,55.4069,10.2639,Denmark,DK,DNK,Syddanmark,Syddanmark,DK-83,region,,93.7,1278,1278,4,Europe/Copenhagen,FALSE,1208057716
Elling,Elling,,57.4781,10.4781,Denmark,DK,DNK,Nordjylland,Nordjylland,DK-81,region,,72.6,1141,1141,4,Europe/Copenhagen,FALSE,1208818467
Slots-Bjergby,Slots-Bjergby,Slots Bjærgby|Slots Biergby Church,55.3731,11.3342,Denmark,DK,DNK,Sjælland,Sjaelland,DK-85,region,,161.3,998,998,4,Europe/Copenhagen,FALSE,1208166802
Nissum Seminarieby,Nissum Seminarieby,Nørre Nissum|Nissum,56.5495,8.4179,Denmark,DK,DNK,Midtjylland,Midtjylland,DK-82,region,,61.9,990,990,4,Europe/Copenhagen,FALSE,1208653787
Dalmose,Dalmose,,55.2936,11.4197,Denmark,DK,DNK,Sjælland,Sjaelland,DK-85,region,,85.7,982,982,4,Europe/Copenhagen,FALSE,1208480254
Gjøl,Gjol,Giöl|Gøl,57.0678,9.7169,Denmark,DK,DNK,Nordjylland,Nordjylland,DK-81,region,,43.2,922,922,4,Europe/Copenhagen,FALSE,1208979965
Herskind,Herskind,,56.1842,9.9625,Denmark,DK,DNK,Midtjylland,Midtjylland,DK-82,region,,89.3,882,882,4,Europe/Copenhagen,FALSE,1208618878
Saksild,Saksild,Saxild,55.9747,10.2319,Denmark,DK,DNK,Midtjylland,Midtjylland,DK-82,region,,104.9,878,878,4,Europe/Copenhagen,FALSE,1208510265
Lumby,Lumby,,55.4561,10.3772,Denmark,DK,DNK,Syddanmark,Syddanmark,DK-83,region,,320.1,808,808,3,Europe/Copenhagen,FALSE,1208629898
Skovsgård,Skovsgard,Skovsgaard,57.0881,9.4853,Denmark,DK,DNK,Nordjylland,Nordjylland,DK-81,region,,48.5,803,803,4,Europe/Copenhagen,TRUE,1208922581
Store Andst,Store Andst,Anst|Store Anst,55.4670,9.2330,Denmark,DK,DNK,Syddanmark,Syddanmark,DK-83,region,,33.6,798,798,4,Europe/Copenhagen,FALSE,1208498193
Boeslunde,Boeslunde,Boslunde,55.3039,11.2678,Denmark,DK,DNK,Sjælland,Sjaelland,DK-85,region,,52.1,765,765,4,Europe/Copenhagen,FALSE,1208085091
Bønnerup Strand,Bonnerup Strand,Strandhuse,56.5292,10.7128,Denmark,DK,DNK,Midtjylland,Midtjylland,DK-82,region,,52.5,742,742,4,Europe/Copenhagen,FALSE,1208975608
Mønsted,Monsted,,56.4461,9.1872,Denmark,DK,DNK,Midtjylland,Midtjylland,DK-82,region,,33.5,727,727,4,Europe/Copenhagen,FALSE,1208360460
Hune,Hune,Kirkehuse,57.2478,9.6231,Denmark,DK,DNK,Nordjylland,Nordjylland,DK-81,region,,34.1,719,719,4,Europe/Copenhagen,FALSE,1208781159
Saltum,Saltum,Norre Saltum,57.2719,9.6997,Denmark,DK,DNK,Nordjylland,Nordjylland,DK-81,region,,33.0,702,702,4,Europe/Copenhagen,FALSE,1208708443
Kirke Stillinge,Kirke Stillinge,Stillinge,55.4364,11.2447,Denmark,DK,DNK,Sjælland,Sjaelland,DK-85,region,,81.9,696,696,4,Europe/Copenhagen,FALSE,1208726075
Ørting,Orting,,55.9278,10.1517,Denmark,DK,DNK,Midtjylland,Midtjylland,DK-82,region,,98.5,648,648,4,Europe/Copenhagen,FALSE,1208309299
Birkelse,Birkelse,Vedsted|Birkelse Stationsby,57.1497,9.6839,Denmark,DK,DNK,Nordjylland,Nordjylland,DK-81,region,,29.3,634,634,4,Europe/Copenhagen,FALSE,1208438654
Gylling,Gylling,,55.8906,10.1664,Denmark,DK,DNK,Midtjylland,Midtjylland,DK-82,region,,39.9,634,634,4,Europe/Copenhagen,FALSE,1208091654
Knebel,Knebel,Knebel Bro,56.2136,10.4872,Denmark,DK,DNK,Midtjylland,Midtjylland,DK-82,region,,109.3,620,620,4,Europe/Copenhagen,FALSE,1208493762
Halvrimmen,Halvrimmen,,57.1097,9.5850,Denmark,DK,DNK,Nordjylland,Nordjylland,DK-81,region,,55.9,601,601,4,Europe/Copenhagen,FALSE,1208153482
Hundslund,Hundslund,,55.9153,10.0517,Denmark,DK,DNK,Midtjylland,Midtjylland,DK-82,region,,46.4,575,575,4,Europe/Copenhagen,FALSE,1208342630
Refsvindinge,Refsvindinge,Revsvindinge,55.2842,10.6831,Denmark,DK,DNK,Syddanmark,Syddanmark,DK-83,region,,88.5,555,555,4,Europe/Copenhagen,FALSE,1208683741
Jerup,Jerup,,57.5333,10.4167,Denmark,DK,DNK,Nordjylland,Nordjylland,DK-81,region,,72.6,544,544,4,Europe/Copenhagen,FALSE,1208528659
Blommenslyst,Blommenslyst,,55.3903,10.2650,Denmark,DK,DNK,Syddanmark,Syddanmark,DK-83,region,,214.6,539,539,3,Europe/Copenhagen,FALSE,1208361437
Måre,Mare,,55.2778,10.6125,Denmark,DK,DNK,Syddanmark,Syddanmark,DK-83,region,,45.5,530,530,4,Europe/Copenhagen,FALSE,1208857936
Astrup,Astrup,,57.4803,10.0936,Denmark,DK,DNK,Nordjylland,Nordjylland,DK-81,region,,46.4,528,528,4,Europe/Copenhagen,FALSE,1208755317
Voerså,Voersa,Vorsaa|Vorså,57.2092,10.4861,Denmark,DK,DNK,Nordjylland,Nordjylland,DK-81,region,,24.8,520,520,4,Europe/Copenhagen,FALSE,1208798780
Bisserup,Bisserup,,55.2064,11.4986,Denmark,DK,DNK,Sjælland,Sjaelland,DK-85,region,,96.3,511,511,4,Europe/Copenhagen,FALSE,1208189027
Åsum,Asum,Aasum,55.4000,10.4631,Denmark,DK,DNK,Syddanmark,Syddanmark,DK-83,region,,86.5,507,507,4,Europe/Copenhagen,FALSE,1208216811
Vester Hornum,Vester Hornum,,56.8339,9.3606,Denmark,DK,DNK,Nordjylland,Nordjylland,DK-81,region,,57.0,506,506,4,Europe/Copenhagen,FALSE,1208079198
Astrup,Astrup,Øster Astrup,56.7669,9.9681,Denmark,DK,DNK,Nordjylland,Nordjylland,DK-81,region,,23.1,487,487,4,Europe/Copenhagen,TRUE,1208574453
Blokhus,Blokhus,,57.2522,9.5842,Denmark,DK,DNK,Nordjylland,Nordjylland,DK-81,region,,34.1,477,477,4,Europe/Copenhagen,FALSE,1208357327
Flakkebjerg,Flakkebjerg,Flakkebjærg,55.3117,11.3964,Denmark,DK,DNK,Sjælland,Sjaelland,DK-85,region,,101.8,463,463,4,Europe/Copenhagen,FALSE,1208088789
Vindinge,Vindinge,,55.3075,10.7300,Denmark,DK,DNK,Syddanmark,Syddanmark,DK-83,region,,125.3,463,463,4,Europe/Copenhagen,FALSE,1208831478
Vallensbæk Strand,Vallensbaek Strand,,55.6361,12.3642,Denmark,DK,DNK,Hovedstaden,Hovedstaden,DK-84,region,minor,1982.3,456,456,3,Europe/Copenhagen,FALSE,1208609835
Tranum,Tranum,,57.1325,9.4669,Denmark,DK,DNK,Nordjylland,Nordjylland,DK-81,region,,16.3,436,436,4,Europe/Copenhagen,FALSE,1208617855
Overlade,Overlade,,56.8500,9.2667,Denmark,DK,DNK,Nordjylland,Nordjylland,DK-81,region,,29.0,427,427,4,Europe/Copenhagen,FALSE,1208738238
Rårup,Rarup,Raarup|Rorup,55.7747,9.9297,Denmark,DK,DNK,Midtjylland,Midtjylland,DK-82,region,,39.6,420,420,4,Europe/Copenhagen,FALSE,1208573457
Klim,Klim,,57.0961,9.1661,Denmark,DK,DNK,Nordjylland,Nordjylland,DK-81,region,,15.9,416,416,4,Europe/Copenhagen,FALSE,1208106471
Avnslev,Avnslev,,55.3567,10.7325,Denmark,DK,DNK,Syddanmark,Syddanmark,DK-83,region,,48.3,407,407,4,Europe/Copenhagen,FALSE,1208518936
Arentsminde,Arentsminde,,57.1225,9.6256,Denmark,DK,DNK,Nordjylland,Nordjylland,DK-81,region,,55.9,405,405,4,Europe/Copenhagen,FALSE,1208435020
Frørup,Frorup,,55.2425,10.7158,Denmark,DK,DNK,Syddanmark,Syddanmark,DK-83,region,,54.2,393,393,4,Europe/Copenhagen,FALSE,1208910249
Gurre,Gurre,,56.0206,12.5189,Denmark,DK,DNK,Hovedstaden,Hovedstaden,DK-84,region,,85.9,393,393,4,Europe/Copenhagen,FALSE,1208388391
Hjulby,Hjulby,,55.3424,10.7388,Denmark,DK,DNK,Syddanmark,Syddanmark,DK-83,region,,735.6,392,392,3,Europe/Copenhagen,FALSE,1208811990
Havrebjerg,Havrebjerg,Havrebjærg|Havrebierg,55.4475,11.3139,Denmark,DK,DNK,Sjælland,Sjaelland,DK-85,region,,185.5,374,374,4,Europe/Copenhagen,FALSE,1208264145
Ingstrup,Ingstrup,,57.3142,9.7092,Denmark,DK,DNK,Nordjylland,Nordjylland,DK-81,region,,26.3,363,363,4,Europe/Copenhagen,FALSE,1208288089
Skellerup,Skellerup,,55.3364,10.6583,Denmark,DK,DNK,Syddanmark,Syddanmark,DK-83,region,,60.0,351,351,4,Europe/Copenhagen,FALSE,1208902166
Stillinge Strand,Stillinge Strand,Kirke-Stillinge Strand,55.4422,11.2097,Denmark,DK,DNK,Sjælland,Sjaelland,DK-85,region,,81.9,349,349,4,Europe/Copenhagen,FALSE,1208546589
Stavning,Stavning,Kirkeby,55.9653,8.3706,Denmark,DK,DNK,Midtjylland,Midtjylland,DK-82,region,,16.6,346,346,4,Europe/Copenhagen,FALSE,1208181335
Østerby,Osterby,,57.0583,9.6058,Denmark,DK,DNK,Nordjylland,Nordjylland,DK-81,region,,15.8,345,345,4,Europe/Copenhagen,FALSE,1208074030
Vester Hjermitslev,Vester Hjermitslev,Hjemitslev|West Hjermerslev|Vester Hjermitslev,57.2850,9.7592,Denmark,DK,DNK,Nordjylland,Nordjylland,DK-81,region,,64.0,340,340,4,Europe/Copenhagen,FALSE,1208535142
Lindelse,Lindelse,,54.8628,10.7289,Denmark,DK,DNK,Syddanmark,Syddanmark,DK-83,region,,29.3,306,306,4,Europe/Copenhagen,FALSE,1208453536
Bovlstrup,Bovlstrup,,55.9417,10.2161,Denmark,DK,DNK,Midtjylland,Midtjylland,DK-82,region,,59.3,298,298,4,Europe/Copenhagen,FALSE,1208031611
Aggersund,Aggersund,Nørre Aggersund|Agersund,57.0000,9.3000,Denmark,DK,DNK,Nordjylland,Nordjylland,DK-81,region,,26.1,293,293,4,Europe/Copenhagen,FALSE,1208607265
Tårup,Tarup,Taarup|Torup,55.2353,10.7728,Denmark,DK,DNK,Syddanmark,Syddanmark,DK-83,region,,54.2,290,290,4,Europe/Copenhagen,TRUE,1208668079
Frølunde,Frolunde,,55.3806,11.2058,Denmark,DK,DNK,Sjælland,Sjaelland,DK-85,region,,117.9,290,290,4,Europe/Copenhagen,FALSE,1208773214
Svindinge,Svindinge,Svinninge,55.2172,10.6878,Denmark,DK,DNK,Syddanmark,Syddanmark,DK-83,region,,24.0,282,282,4,Europe/Copenhagen,FALSE,1208921591
Rude,Rude,,55.2333,11.4675,Denmark,DK,DNK,Sjælland,Sjaelland,DK-85,region,,96.3,278,278,4,Europe/Copenhagen,FALSE,1208924140
Mammen,Mammen,,56.4108,9.6131,Denmark,DK,DNK,Midtjylland,Midtjylland,DK-82,region,,41.4,273,273,4,Europe/Copenhagen,FALSE,1208631331
Allese,Allese,Allesø,55.4536,10.3133,Denmark,DK,DNK,Syddanmark,Syddanmark,DK-83,region,,64.6,272,272,4,Europe/Copenhagen,FALSE,1208732130
Ommel,Ommel,,54.8725,10.4872,Denmark,DK,DNK,Syddanmark,Syddanmark,DK-83,region,,169.2,268,268,4,Europe/Copenhagen,FALSE,1208663352
Astrup,Astrup,,56.0100,8.6033,Denmark,DK,DNK,Midtjylland,Midtjylland,DK-82,region,,35.1,268,268,4,Europe/Copenhagen,TRUE,1208608777
Snøde,Snode,Store Snøde,55.0856,10.9072,Denmark,DK,DNK,Syddanmark,Syddanmark,DK-83,region,,19.8,264,264,4,Europe/Copenhagen,FALSE,1208881370
Lihme,Lihme,Lime,56.6006,8.7314,Denmark,DK,DNK,Midtjylland,Midtjylland,DK-82,region,,24.7,260,260,4,Europe/Copenhagen,FALSE,1208206064
Vester Torup,Vester Torup,Torup,57.1033,9.1247,Denmark,DK,DNK,Nordjylland,Nordjylland,DK-81,region,,23.6,258,258,4,Europe/Copenhagen,FALSE,1208590382
Følle,Folle,,56.3086,10.4447,Denmark,DK,DNK,Midtjylland,Midtjylland,DK-82,region,,167.4,257,257,4,Europe/Copenhagen,FALSE,1208030174
Onsbjerg,Onsbjerg,Onsbjærg|Onsbierg,55.8500,10.5783,Denmark,DK,DNK,Midtjylland,Midtjylland,DK-82,region,,29.8,249,249,4,Europe/Copenhagen,FALSE,1208625347
Ellinge,Ellinge,,55.3142,10.6219,Denmark,DK,DNK,Syddanmark,Syddanmark,DK-83,region,,59.0,242,242,4,Europe/Copenhagen,FALSE,1208481601
Alken,Alken,,56.0519,9.8469,Denmark,DK,DNK,Midtjylland,Midtjylland,DK-82,region,,31.2,238,238,4,Europe/Copenhagen,FALSE,1208203746
Torrild,Torrild,,55.9803,10.0503,Denmark,DK,DNK,Midtjylland,Midtjylland,DK-82,region,,26.3,228,228,4,Europe/Copenhagen,FALSE,1208119483
Sønderup,Sonderup,,56.8120,9.6510,Denmark,DK,DNK,Nordjylland,Nordjylland,DK-81,region,,30.9,219,219,4,Europe/Copenhagen,FALSE,1208842838
Holmstrup,Holmstrup,,55.3614,10.2719,Denmark,DK,DNK,Syddanmark,Syddanmark,DK-83,region,,500.4,219,219,3,Europe/Copenhagen,FALSE,1208164413
Neder Randlev,Neder Randlev,,55.9569,10.1889,Denmark,DK,DNK,Midtjylland,Midtjylland,DK-82,region,,81.7,215,215,4,Europe/Copenhagen,FALSE,1208762993
Spodsbjerg,Spodsbjerg,Spodsbjærg|Spodsbierg,54.9264,10.8256,Denmark,DK,DNK,Syddanmark,Syddanmark,DK-83,region,,41.5,214,214,4,Europe/Copenhagen,FALSE,1208373966
Nordby,Nordby,,55.9642,10.5525,Denmark,DK,DNK,Midtjylland,Midtjylland,DK-82,region,,19.8,209,209,4,Europe/Copenhagen,FALSE,1208873520
Bonderup,Bonderup,,57.0631,9.3714,Denmark,DK,DNK,Nordjylland,Nordjylland,DK-81,region,,30.8,203,203,4,Europe/Copenhagen,FALSE,1208111065
Gøttrup,Gottrup,Giöttrup,57.0572,9.2108,Denmark,DK,DNK,Nordjylland,Nordjylland,DK-81,region,,16.4,203,203,4,Europe/Copenhagen,FALSE,1208764566
Brændstrup,Braendstrup,,55.3305,9.0569,Denmark,DK,DNK,Syddanmark,Syddanmark,DK-83,region,,103.7,203,203,4,Europe/Copenhagen,FALSE,1208430161
Klintholm Havn,Klintholm Havn,,54.9500,12.4667,Denmark,DK,DNK,Sjælland,Sjaelland,DK-85,region,,14.0,201,201,4,Europe/Copenhagen,FALSE,1208116265
Brundby,Brundby,Brunby,55.8150,10.6033,Denmark,DK,DNK,Midtjylland,Midtjylland,DK-82,region,,51.2,200,200,4,Europe/Copenhagen,FALSE,1208838763
Rø,Ro,Røkirke,55.2106,14.8961,Denmark,DK,DNK,Hovedstaden,Hovedstaden,DK-84,region,,16.0,181,181,4,Europe/Copenhagen,FALSE,1208925326
Havredal,Havredal,Frederikshede,56.3240,9.2666,Denmark,DK,DNK,Midtjylland,Midtjylland,DK-82,region,,44.9,134,134,4,Europe/Copenhagen,FALSE,1208185212
Lysgård,Lysgard,Lysgaard,56.3507,9.3404,Denmark,DK,DNK,Midtjylland,Midtjylland,DK-82,region,,43.3,101,101,4,Europe/Copenhagen,FALSE,1208791248
Smerup,Smerup,,55.2832,12.2338,Denmark,DK,DNK,Sjælland,Sjaelland,DK-85,region,,37.9,80,80,4,Europe/Copenhagen,FALSE,1208499836
Højelse,Hojelse,Höielse,55.4958,12.1235,Denmark,DK,DNK,Sjælland,Sjaelland,DK-85,region,,335.8,,,3,Europe/Copenhagen,FALSE,1208259173
Bredho,Bredho,Bredhoved,55.7363,8.6582,Denmark,DK,DNK,Syddanmark,Syddanmark,DK-83,region,,52.8,,,4,Europe/Copenhagen,FALSE,1208392794
Ungstrup,Ungstrup,,56.2936,9.3611,Denmark,DK,DNK,Midtjylland,Midtjylland,DK-82,region,,29.8,,,4,Europe/Copenhagen,FALSE,1208133486
Brøndbjerg,Brondbjerg,Bröndbjærg,56.7439,9.9602,Denmark,DK,DNK,Nordjylland,Nordjylland,DK-81,region,,18.2,,,4,Europe/Copenhagen,FALSE,1208819135
Bangsebro,Bangsebro,Smalby,54.7965,11.8838,Denmark,DK,DNK,Sjælland,Sjaelland,DK-85,region,,132.4,,,4,Europe/Copenhagen,FALSE,1208659145
Gassum,Gassum,,56.5750,9.9973,Denmark,DK,DNK,Midtjylland,Midtjylland,DK-82,region,,36.0,,,4,Europe/Copenhagen,FALSE,1208932973
Bering,Bering,,56.0966,10.0507,Denmark,DK,DNK,Midtjylland,Midtjylland,DK-82,region,,442.7,,,3,Europe/Copenhagen,FALSE,1208580079
Hornborg,Hornborg,,55.8523,9.6686,Denmark,DK,DNK,Midtjylland,Midtjylland,DK-82,region,,41.0,,,4,Europe/Copenhagen,FALSE,1208407380
Såby,Saby,Saaby,55.9872,9.7886,Denmark,DK,DNK,Midtjylland,Midtjylland,DK-82,region,,35.3,,,4,Europe/Copenhagen,FALSE,1208033588
Vejlø,Vejlo,Veilö,55.1779,11.7542,Denmark,DK,DNK,Sjælland,Sjaelland,DK-85,region,,90.7,,,4,Europe/Copenhagen,FALSE,1208560808
Beersted,Beersted,Bersted,56.8996,8.5638,Denmark,DK,DNK,Nordjylland,Nordjylland,DK-81,region,,92.8,,,4,Europe/Copenhagen,FALSE,1208263819
Rask Mølle,Rask Molle,,55.8721,9.6135,Denmark,DK,DNK,Midtjylland,Midtjylland,DK-82,region,,65.4,,,4,Europe/Copenhagen,FALSE,1208990956
Vedbynørre,Vedbynorre,,55.4357,11.4429,Denmark,DK,DNK,Sjælland,Sjaelland,DK-85,region,,14.4,,,4,Europe/Copenhagen,FALSE,1208679187
Gammel Rye,Gammel Rye,Rye|Gamle Rye,56.0749,9.6979,Denmark,DK,DNK,Midtjylland,Midtjylland,DK-82,region,,40.6,,,4,Europe/Copenhagen,FALSE,1208241654
Andrup,Andrup,,55.5000,8.5368,Denmark,DK,DNK,Syddanmark,Syddanmark,DK-83,region,,56.5,,,4,Europe/Copenhagen,FALSE,1208847766
Andrup,Andrup,,56.2402,10.4949,Denmark,DK,DNK,Midtjylland,Midtjylland,DK-82,region,,53.6,,,4,Europe/Copenhagen,FALSE,1208262015
Andrup,Andrup,,57.1206,9.3175,Denmark,DK,DNK,Nordjylland,Nordjylland,DK-81,region,,66.3,,,4,Europe/Copenhagen,FALSE,1208832314
Andrup,Andrup,,56.8037,8.7483,Denmark,DK,DNK,Nordjylland,Nordjylland,DK-81,region,,35.6,,,4,Europe/Copenhagen,TRUE,1208439947
Andrup,Andrup,Anderup,56.6044,9.8442,Denmark,DK,DNK,Nordjylland,Nordjylland,DK-81,region,,25.7,,,4,Europe/Copenhagen,TRUE,1208371541
Ertebjerg Skov,Ertebjerg Skov,,54.9497,10.0239,Denmark,DK,DNK,Syddanmark,Syddanmark,DK-83,region,,54.9,,,4,Europe/Copenhagen,FALSE,1208142457
Klintholm,Klintholm,,55.1862,10.8053,Denmark,DK,DNK,Syddanmark,Syddanmark,DK-83,region,,63.5,,,4,Europe/Copenhagen,FALSE,1208919615
Lille Esbønderup,Lille Esbonderup,,56.0112,12.4451,Denmark,DK,DNK,Hovedstaden,Hovedstaden,DK-84,region,,85.9,,,4,Europe/Copenhagen,FALSE,1208092855
Nørre Ørum,Norre Orum,Örum,56.5679,9.2362,Denmark,DK,DNK,Midtjylland,Midtjylland,DK-82,region,,11.2,,,4,Europe/Copenhagen,FALSE,1208158189
Rimmehuse,Rimmehuse,Rimmenhuse,57.2190,9.5896,Denmark,DK,DNK,Nordjylland,Nordjylland,DK-81,region,,34.1,,,4,Europe/Copenhagen,FALSE,1208596864
Rodemark,Rodemark,,54.8583,12.0544,Denmark,DK,DNK,Sjælland,Sjaelland,DK-85,region,,29.4,,,4,Europe/Copenhagen,FALSE,1208076869
Rugsted,Rugsted,,55.6410,9.3905,Denmark,DK,DNK,Syddanmark,Syddanmark,DK-83,region,,71.5,,,4,Europe/Copenhagen,FALSE,1208345360
Rudme,Rudme,,55.1984,10.4851,Denmark,DK,DNK,Syddanmark,Syddanmark,DK-83,region,,135.1,,,4,Europe/Copenhagen,FALSE,1208291067
Rebæk,Rebaek,,55.4832,9.5186,Denmark,DK,DNK,Syddanmark,Syddanmark,DK-83,region,,284.7,,,3,Europe/Copenhagen,FALSE,1208055279
Grønhøj,Gronhoj,,57.3214,9.6705,Denmark,DK,DNK,Nordjylland,Nordjylland,DK-81,region,,26.3,,,4,Europe/Copenhagen,FALSE,1208594437
Grønhøj,Gronhoj,Frederikshöj,56.3665,9.2106,Denmark,DK,DNK,Midtjylland,Midtjylland,DK-82,region,,44.9,,,4,Europe/Copenhagen,FALSE,1208025652
Store Gullestrup,Store Gullestrup,Gullestrup,56.1673,8.9751,Denmark,DK,DNK,Midtjylland,Midtjylland,DK-82,region,,253.1,,,3,Europe/Copenhagen,FALSE,1208326158
Gudskov,Gudskov,,55.4820,10.4399,Denmark,DK,DNK,Syddanmark,Syddanmark,DK-83,region,,39.2,,,4,Europe/Copenhagen,FALSE,1208627431
Kulhuse,Kulhuse,Kulhus,55.9263,11.9158,Denmark,DK,DNK,Hovedstaden,Hovedstaden,DK-84,region,,116.8,,,4,Europe/Copenhagen,FALSE,1208215839
Hjarnø By,Hjarno By,,55.8272,10.0771,Denmark,DK,DNK,Midtjylland,Midtjylland,DK-82,region,,24.0,,,4,Europe/Copenhagen,FALSE,1208553254
Grynderup,Grynderup,Grynnerup,56.7816,8.9365,Denmark,DK,DNK,Midtjylland,Midtjylland,DK-82,region,,22.5,,,4,Europe/Copenhagen,FALSE,1208018238
Grynderup,Grynderup,,56.7126,9.6717,Denmark,DK,DNK,Nordjylland,Nordjylland,DK-81,region,,20.5,,,4,Europe/Copenhagen,FALSE,1208662011
Løth,Loth,Löt,57.3851,10.2757,Denmark,DK,DNK,Nordjylland,Nordjylland,DK-81,region,,44.8,,,4,Europe/Copenhagen,FALSE,1208938134
Nørskovlund,Norskovlund,,56.2750,9.5145,Denmark,DK,DNK,Midtjylland,Midtjylland,DK-82,region,,26.1,,,4,Europe/Copenhagen,FALSE,1208607856
Stubberup,Stubberup,,55.5167,11.9167,Denmark,DK,DNK,Sjælland,Sjaelland,DK-85,region,,127.1,,,4,Europe/Copenhagen,FALSE,1208081394
Stubberup,Stubberup,,55.2496,12.1424,Denmark,DK,DNK,Sjælland,Sjaelland,DK-85,region,,123.7,,,4,Europe/Copenhagen,TRUE,1208224341
Stubberup,Stubberup,,54.8123,11.8720,Denmark,DK,DNK,Sjælland,Sjaelland,DK-85,region,,120.2,,,4,Europe/Copenhagen,TRUE,1208732996
Stubberup,Stubberup,,55.7955,11.4223,Denmark,DK,DNK,Sjælland,Sjaelland,DK-85,region,,81.0,,,4,Europe/Copenhagen,TRUE,1208639527
Stubberup,Stubberup,,55.2846,11.6417,Denmark,DK,DNK,Sjælland,Sjaelland,DK-85,region,,42.8,,,4,Europe/Copenhagen,TRUE,1208757787
Stubberup,Stubberup,,54.6704,11.6924,Denmark,DK,DNK,Sjælland,Sjaelland,DK-85,region,,23.4,,,4,Europe/Copenhagen,TRUE,1208353157
Stubberup,Stubberup,,55.2174,11.4068,Denmark,DK,DNK,Sjælland,Sjaelland,DK-85,region,,14.7,,,4,Europe/Copenhagen,TRUE,1208122671
Stubberup,Stubberup,,54.9945,12.4804,Denmark,DK,DNK,Sjælland,Sjaelland,DK-85,region,,14.0,,,4,Europe/Copenhagen,TRUE,1208082159
Stubberup,Stubberup,,55.8043,9.7061,Denmark,DK,DNK,Midtjylland,Midtjylland,DK-82,region,,329.5,,,3,Europe/Copenhagen,FALSE,1208155184
Stubberup,Stubberup,Stubdrup,55.6472,9.4677,Denmark,DK,DNK,Syddanmark,Syddanmark,DK-83,region,,55.5,,,4,Europe/Copenhagen,FALSE,1208396237
Stubberup,Stubberup,,55.3482,9.9379,Denmark,DK,DNK,Syddanmark,Syddanmark,DK-83,region,,21.1,,,4,Europe/Copenhagen,TRUE,1208989442
Stubberup,Stubberup,,55.5335,10.6716,Denmark,DK,DNK,Syddanmark,Syddanmark,DK-83,region,,15.3,,,4,Europe/Copenhagen,TRUE,1208485898
Stubberup,Stubberup,,56.7104,9.9346,Denmark,DK,DNK,Nordjylland,Nordjylland,DK-81,region,,26.0,,,4,Europe/Copenhagen,FALSE,1208416877
Stilling,Stilling,,56.0622,9.9882,Denmark,DK,DNK,Midtjylland,Midtjylland,DK-82,region,,408.8,,,3,Europe/Copenhagen,FALSE,1208093248
Mosbjerg,Mosbjerg,Mosbjærg,57.5024,10.2787,Denmark,DK,DNK,Nordjylland,Nordjylland,DK-81,region,,20.8,,,4,Europe/Copenhagen,FALSE,1208749263
Lille Vrøj,Lille Vroj,,55.7511,11.1448,Denmark,DK,DNK,Sjælland,Sjaelland,DK-85,region,,677.9,,,3,Europe/Copenhagen,FALSE,1208896637
Norup,Norup,,56.6754,10.1169,Denmark,DK,DNK,Nordjylland,Nordjylland,DK-81,region,,46.8,,,4,Europe/Copenhagen,FALSE,1208624035
Norup,Norup,Norup Gaarde,56.5374,9.5516,Denmark,DK,DNK,Midtjylland,Midtjylland,DK-82,region,,39.5,,,4,Europe/Copenhagen,FALSE,1208608787
Søvang,Sovang,,55.5689,12.6161,Denmark,DK,DNK,Hovedstaden,Hovedstaden,DK-84,region,,688.4,,,3,Europe/Copenhagen,FALSE,1208914445
Søvang,Sovang,,54.9784,9.0406,Denmark,DK,DNK,Syddanmark,Syddanmark,DK-83,region,,19.6,,,4,Europe/Copenhagen,FALSE,1208471110
Lundtang,Lundtang,,55.7456,8.3701,Denmark,DK,DNK,Syddanmark,Syddanmark,DK-83,region,,28.4,,,4,Europe/Copenhagen,FALSE,1208096389
Boes,Boes,,56.0520,9.7988,Denmark,DK,DNK,Midtjylland,Midtjylland,DK-82,region,,31.2,,,4,Europe/Copenhagen,FALSE,1208621035
Hanerup,Hanerup,,55.6658,11.6000,Denmark,DK,DNK,Sjælland,Sjaelland,DK-85,region,,181.8,,,4,Europe/Copenhagen,FALSE,1208653000
Tøving,Toving,,56.8563,8.7583,Denmark,DK,DNK,Nordjylland,Nordjylland,DK-81,region,,32.4,,,4,Europe/Copenhagen,FALSE,1208384256
Tandsryde,Tandsryde,Tandsryd,54.9319,10.0121,Denmark,DK,DNK,Syddanmark,Syddanmark,DK-83,region,,52.8,,,4,Europe/Copenhagen,FALSE,1208873690
Karby,Karby,Kareby,56.7536,8.5613,Denmark,DK,DNK,Nordjylland,Nordjylland,DK-81,region,,15.7,,,4,Europe/Copenhagen,FALSE,1208205544
Store Dalby,Store Dalby,,55.7661,9.7444,Denmark,DK,DNK,Midtjylland,Midtjylland,DK-82,region,,38.6,,,4,Europe/Copenhagen,FALSE,1208876129
Kimmerslev,Kimmerslev,,55.4842,11.9823,Denmark,DK,DNK,Sjælland,Sjaelland,DK-85,region,,52.8,,,4,Europe/Copenhagen,FALSE,1208960040
Mjang,Mjang,,54.9375,9.9113,Denmark,DK,DNK,Syddanmark,Syddanmark,DK-83,region,,143.2,,,4,Europe/Copenhagen,FALSE,1208937651
Eldrup,Eldrup,,55.9438,9.8675,Denmark,DK,DNK,Midtjylland,Midtjylland,DK-82,region,,184.1,,,4,Europe/Copenhagen,FALSE,1208806735
Lille Emmerske,Lille Emmerske,,54.9592,8.9008,Denmark,DK,DNK,Syddanmark,Syddanmark,DK-83,region,,271.8,,,3,Europe/Copenhagen,FALSE,1208689801
Bjert Strand,Bjert Strand,,55.4320,9.6027,Denmark,DK,DNK,Syddanmark,Syddanmark,DK-83,region,,79.1,,,4,Europe/Copenhagen,FALSE,1208534199
Birkende,Birkende,Birkinge|Birkinde,55.3807,10.5632,Denmark,DK,DNK,Syddanmark,Syddanmark,DK-83,region,,142.9,,,4,Europe/Copenhagen,FALSE,1208866167
Rinkenæs,Rinkenaes,,54.8943,9.5606,Denmark,DK,DNK,Syddanmark,Syddanmark,DK-83,region,,179.9,,,4,Europe/Copenhagen,FALSE,1208282326
Stubkær,Stubkaer,,56.1954,9.2140,Denmark,DK,DNK,Midtjylland,Midtjylland,DK-82,region,,37.8,,,4,Europe/Copenhagen,FALSE,1208331854
Sandet,Sandet,,55.9158,8.8464,Denmark,DK,DNK,Midtjylland,Midtjylland,DK-82,region,,26.4,,,4,Europe/Copenhagen,FALSE,1208286670
Kæpsmark,Kaepsmark,Kjepsmark,56.5199,9.7380,Denmark,DK,DNK,Midtjylland,Midtjylland,DK-82,region,,17.5,,,4,Europe/Copenhagen,FALSE,1208646400
Næsbyhoved-Broby,Naesbyhoved-Broby,,55.4387,10.3120,Denmark,DK,DNK,Syddanmark,Syddanmark,DK-83,region,,432.1,,,3,Europe/Copenhagen,FALSE,1208304983
Sløsserup,Slosserup,,54.7240,11.7576,Denmark,DK,DNK,Sjælland,Sjaelland,DK-85,region,,69.5,,,4,Europe/Copenhagen,FALSE,1208815631
Hestehave,Hestehave,,54.7948,11.2182,Denmark,DK,DNK,Sjælland,Sjaelland,DK-85,region,,12.1,,,4,Europe/Copenhagen,FALSE,1208117679
Rønge,Ronge,,56.3928,9.7521,Denmark,DK,DNK,Midtjylland,Midtjylland,DK-82,region,,34.9,,,4,Europe/Copenhagen,FALSE,1208802117
Knopper,Knopper,,56.6667,8.1833,Denmark,DK,DNK,Midtjylland,Midtjylland,DK-82,region,,54.1,,,4,Europe/Copenhagen,FALSE,1208794776
Glud,Glud,,55.8078,10.0060,Denmark,DK,DNK,Midtjylland,Midtjylland,DK-82,region,,77.5,,,4,Europe/Copenhagen,FALSE,1208082814
Trevad,Trevad,,56.4613,9.0118,Denmark,DK,DNK,Midtjylland,Midtjylland,DK-82,region,,56.1,,,4,Europe/Copenhagen,FALSE,1208662397
Ny Lifstrup,Ny Lifstrup,,55.5775,8.5332,Denmark,DK,DNK,Syddanmark,Syddanmark,DK-83,region,,38.0,,,4,Europe/Copenhagen,FALSE,1208515226
Frejstrup,Frejstrup,,56.9426,9.4344,Denmark,DK,DNK,Nordjylland,Nordjylland,DK-81,region,,9.5,,,5,Europe/Copenhagen,FALSE,1208799555
Maglebyleje,Maglebyleje,,55.6333,12.6500,Denmark,DK,DNK,Hovedstaden,Hovedstaden,DK-84,region,,454.6,,,3,Europe/Copenhagen,FALSE,1208028180
Venø By,Veno By,Venø,56.5523,8.6270,Denmark,DK,DNK,Midtjylland,Midtjylland,DK-82,region,,29.9,,,4,Europe/Copenhagen,FALSE,1208585873
Flårup,Flarup,Flaarup|Flaarupmelle,54.6904,11.5499,Denmark,DK,DNK,Sjælland,Sjaelland,DK-85,region,,19.8,,,4,Europe/Copenhagen,FALSE,1208221085
Hyllede,Hyllede,,55.2225,12.0531,Denmark,DK,DNK,Sjælland,Sjaelland,DK-85,region,,74.9,,,4,Europe/Copenhagen,FALSE,1208598624
Flarup,Flarup,,56.7221,8.3869,Denmark,DK,DNK,Nordjylland,Nordjylland,DK-81,region,,24.0,,,4,Europe/Copenhagen,FALSE,1208003091
Jordrup,Jordrup,,55.5580,9.3122,Denmark,DK,DNK,Syddanmark,Syddanmark,DK-83,region,,51.6,,,4,Europe/Copenhagen,FALSE,1208646676
Povlstrup,Povlstrup,,55.3703,12.1736,Denmark,DK,DNK,Sjælland,Sjaelland,DK-85,region,,45.6,,,4,Europe/Copenhagen,FALSE,1208202804
Andi,Andi,,56.3699,10.2954,Denmark,DK,DNK,Midtjylland,Midtjylland,DK-82,region,,39.4,,,4,Europe/Copenhagen,FALSE,1208637230
Vinstrup,Vinstrup,,56.6119,10.1817,Denmark,DK,DNK,Midtjylland,Midtjylland,DK-82,region,,45.6,,,4,Europe/Copenhagen,FALSE,1208531948
Vinstrup,Vinstrup,,55.6478,11.6940,Denmark,DK,DNK,Sjælland,Sjaelland,DK-85,region,,64.3,,,4,Europe/Copenhagen,FALSE,1208639698
Vinstrup,Vinstrup,,55.3524,11.5778,Denmark,DK,DNK,Sjælland,Sjaelland,DK-85,region,,18.3,,,4,Europe/Copenhagen,TRUE,1208585619
Knøsgård,Knosgard,Knösgaarde|Knøsgaard,57.1562,9.7622,Denmark,DK,DNK,Nordjylland,Nordjylland,DK-81,region,,133.6,,,4,Europe/Copenhagen,FALSE,1208117291
Vindebyskov,Vindebyskov,,54.9402,11.1246,Denmark,DK,DNK,Sjælland,Sjaelland,DK-85,region,,17.8,,,4,Europe/Copenhagen,FALSE,1208921499
Øster Svenstrup,Oster Svenstrup,Svenstrup,57.0998,9.4729,Denmark,DK,DNK,Nordjylland,Nordjylland,DK-81,region,,60.2,,,4,Europe/Copenhagen,FALSE,1208544255
Skibsby Hede,Skibsby Hede,,57.4756,10.0385,Denmark,DK,DNK,Nordjylland,Nordjylland,DK-81,region,,200.4,,,3,Europe/Copenhagen,FALSE,1208951846
Stenmaglebjerg,Stenmaglebjerg,Stenmaglebjærg,55.2734,11.3545,Denmark,DK,DNK,Sjælland,Sjaelland,DK-85,region,,150.7,,,4,Europe/Copenhagen,FALSE,1208844057
Frederikshåb,Frederikshab,Frederikshaab,55.6681,9.1964,Denmark,DK,DNK,Syddanmark,Syddanmark,DK-83,region,,25.4,,,4,Europe/Copenhagen,FALSE,1208338281
Ørby,Orby,,55.3047,9.6281,Denmark,DK,DNK,Syddanmark,Syddanmark,DK-83,region,,23.7,,,4,Europe/Copenhagen,FALSE,1208485653
Rimsø,Rimso,,56.4792,10.7973,Denmark,DK,DNK,Midtjylland,Midtjylland,DK-82,region,,23.6,,,4,Europe/Copenhagen,FALSE,1208920416
Fladstrup,Fladstrup,,56.3763,10.7841,Denmark,DK,DNK,Midtjylland,Midtjylland,DK-82,region,,52.1,,,4,Europe/Copenhagen,FALSE,1208533798
Vedslet,Vedslet,,55.9661,10.0090,Denmark,DK,DNK,Midtjylland,Midtjylland,DK-82,region,,31.5,,,4,Europe/Copenhagen,FALSE,1208735198
Løvlund,Lovlund,,55.7410,9.0181,Denmark,DK,DNK,Syddanmark,Syddanmark,DK-83,region,,117.5,,,4,Europe/Copenhagen,FALSE,1208226290
Moseby,Moseby,,57.1883,9.6364,Denmark,DK,DNK,Nordjylland,Nordjylland,DK-81,region,,98.1,,,4,Europe/Copenhagen,FALSE,1208312397
Moseby,Moseby,,54.8393,12.1009,Denmark,DK,DNK,Sjælland,Sjaelland,DK-85,region,,21.5,,,4,Europe/Copenhagen,FALSE,1208211219
Foldbjerg,Foldbjerg,Foldbjærg,57.3538,9.9674,Denmark,DK,DNK,Nordjylland,Nordjylland,DK-81,region,,129.8,,,4,Europe/Copenhagen,FALSE,1208902053
Vester Kippinge,Vester Kippinge,Kippinge,54.9084,11.7725,Denmark,DK,DNK,Sjælland,Sjaelland,DK-85,region,,45.6,,,4,Europe/Copenhagen,FALSE,1208939112
Sennels,Sennels,,56.9642,8.7939,Denmark,DK,DNK,Nordjylland,Nordjylland,DK-81,region,,60.1,,,4,Europe/Copenhagen,FALSE,1208558459
Nørager,Norager,Nörager Stationsby,56.7064,9.6300,Denmark,DK,DNK,Nordjylland,Nordjylland,DK-81,region,,73.3,,,4,Europe/Copenhagen,FALSE,1208931538
Nørager,Norager,,56.4767,10.5042,Denmark,DK,DNK,Midtjylland,Midtjylland,DK-82,region,,20.3,,,4,Europe/Copenhagen,FALSE,1208502863
Troelstrup,Troelstrup,,56.4913,9.1337,Denmark,DK,DNK,Midtjylland,Midtjylland,DK-82,region,,171.4,,,4,Europe/Copenhagen,FALSE,1208281323
Troelstrup,Troelstrup,,56.6439,9.4811,Denmark,DK,DNK,Midtjylland,Midtjylland,DK-82,region,,65.9,,,4,Europe/Copenhagen,TRUE,1208725310
Troelstrup,Troelstrup,,55.9923,9.6221,Denmark,DK,DNK,Midtjylland,Midtjylland,DK-82,region,,59.9,,,4,Europe/Copenhagen,TRUE,1208052179
Troelstrup,Troelstrup,,56.8458,9.5346,Denmark,DK,DNK,Nordjylland,Nordjylland,DK-81,region,,14.6,,,4,Europe/Copenhagen,FALSE,1208520837
Troelstrup,Troelstrup,,55.3182,11.9377,Denmark,DK,DNK,Sjælland,Sjaelland,DK-85,region,,522.9,,,3,Europe/Copenhagen,FALSE,1208736590
Råde,Rade,Raade|Røj,55.2472,9.6834,Denmark,DK,DNK,Syddanmark,Syddanmark,DK-83,region,,36.6,,,4,Europe/Copenhagen,FALSE,1208088686
Hardeshøj,Hardeshoj,,55.0088,9.6986,Denmark,DK,DNK,Syddanmark,Syddanmark,DK-83,region,,42.7,,,4,Europe/Copenhagen,FALSE,1208103249
Overbroen,Overbroen,,56.4421,10.6753,Denmark,DK,DNK,Midtjylland,Midtjylland,DK-82,region,,51.2,,,4,Europe/Copenhagen,FALSE,1208223456
Floes,Floes,Flose,56.4551,10.2481,Denmark,DK,DNK,Midtjylland,Midtjylland,DK-82,region,,50.8,,,4,Europe/Copenhagen,FALSE,1208933765
Anholt,Anholt,,55.4021,9.3764,Denmark,DK,DNK,Syddanmark,Syddanmark,DK-83,region,,36.8,,,4,Europe/Copenhagen,FALSE,1208266496
Gjellerup Kirkeby,Gjellerup Kirkeby,Kirkeby|Gjellerup,56.1434,9.0499,Denmark,DK,DNK,Midtjylland,Midtjylland,DK-82,region,,183.5,,,4,Europe/Copenhagen,FALSE,1208109956
Nørre Uttrup,Norre Uttrup,,57.0758,9.9537,Denmark,DK,DNK,Nordjylland,Nordjylland,DK-81,region,,273.6,,,3,Europe/Copenhagen,FALSE,1208273848
Brønden,Bronden,,57.2833,10.2383,Denmark,DK,DNK,Nordjylland,Nordjylland,DK-81,region,,31.7,,,4,Europe/Copenhagen,FALSE,1208799812
Nørre Andrup,Norre Andrup,,56.6737,8.8783,Denmark,DK,DNK,Midtjylland,Midtjylland,DK-82,region,,16.4,,,4,Europe/Copenhagen,FALSE,1208285647
Frederiksdal,Frederiksdal,,56.2195,9.3949,Denmark,DK,DNK,Midtjylland,Midtjylland,DK-82,region,,38.9,,,4,Europe/Copenhagen,FALSE,1208907099
Hindevad,Hindevad,,55.4570,10.1059,Denmark,DK,DNK,Syddanmark,Syddanmark,DK-83,region,,46.0,,,4,Europe/Copenhagen,FALSE,1208935010
Gyngstrup,Gyngstrup,Gyndstrup,55.5722,10.3493,Denmark,DK,DNK,Syddanmark,Syddanmark,DK-83,region,,25.2,,,4,Europe/Copenhagen,FALSE,1208426211
Revsø Mark,Revso Mark,,55.3484,9.2993,Denmark,DK,DNK,Syddanmark,Syddanmark,DK-83,region,,48.3,,,4,Europe/Copenhagen,FALSE,1208898184
Utterslevmader,Utterslevmader,,54.9528,11.1719,Denmark,DK,DNK,Sjælland,Sjaelland,DK-85,region,,17.3,,,4,Europe/Copenhagen,FALSE,1208719439
Østerby,Osterby,,57.3167,11.1333,Denmark,DK,DNK,Nordjylland,Nordjylland,DK-81,region,,15.2,,,4,Europe/Copenhagen,TRUE,1208885202
Krogsgård,Krogsgard,Krogsgaard|Krogsgaarde,56.4388,9.2180,Denmark,DK,DNK,Midtjylland,Midtjylland,DK-82,region,,33.5,,,4,Europe/Copenhagen,FALSE,1208142165
Østerby,Osterby,,55.1311,10.2153,Denmark,DK,DNK,Syddanmark,Syddanmark,DK-83,region,,56.4,,,4,Europe/Copenhagen,FALSE,1208571156
Østerby,Osterby,,54.8605,9.9231,Denmark,DK,DNK,Syddanmark,Syddanmark,DK-83,region,,39.1,,,4,Europe/Copenhagen,TRUE,1208951836
Østerby,Osterby,,54.9667,8.7693,Denmark,DK,DNK,Syddanmark,Syddanmark,DK-83,region,,17.5,,,4,Europe/Copenhagen,TRUE,1208780630
Østerby,Osterby,,55.1000,8.5450,Denmark,DK,DNK,Syddanmark,Syddanmark,DK-83,region,,7.6,,,5,Europe/Copenhagen,TRUE,1208072846
Østerby,Osterby,,54.9530,11.4405,Denmark,DK,DNK,Sjælland,Sjaelland,DK-85,region,,26.1,,,4,Europe/Copenhagen,FALSE,1208297078
Strø,Stro,,55.8936,12.1503,Denmark,DK,DNK,Hovedstaden,Hovedstaden,DK-84,region,,140.9,,,4,Europe/Copenhagen,FALSE,1208732757
Søndernæs,Sondernaes,,55.1849,8.7043,Denmark,DK,DNK,Syddanmark,Syddanmark,DK-83,region,,19.2,,,4,Europe/Copenhagen,FALSE,1208395408
Bolsmose,Bolsmose,,55.1309,10.7506,Denmark,DK,DNK,Syddanmark,Syddanmark,DK-83,region,,106.0,,,4,Europe/Copenhagen,FALSE,1208818782
Gårdeby,Gardeby,Gaardeby,54.9052,9.2529,Denmark,DK,DNK,Syddanmark,Syddanmark,DK-83,region,,48.0,,,4,Europe/Copenhagen,FALSE,1208287788
Humledal,Humledal,,55.2286,14.8473,Denmark,DK,DNK,Hovedstaden,Hovedstaden,DK-84,region,,36.4,,,4,Europe/Copenhagen,FALSE,1208095682
Skjellerup,Skjellerup,Skiellerup|Skellerup,56.6288,9.8647,Denmark,DK,DNK,Nordjylland,Nordjylland,DK-81,region,,25.7,,,4,Europe/Copenhagen,FALSE,1208125370
Bredstruplund,Bredstruplund,,55.5820,9.6589,Denmark,DK,DNK,Syddanmark,Syddanmark,DK-83,region,,45.2,,,4,Europe/Copenhagen,FALSE,1208497357
Åsebro Huse,Asebro Huse,Aasebro|Aasebro Huse|Åsebro,55.9833,12.0167,Denmark,DK,DNK,Hovedstaden,Hovedstaden,DK-84,region,,1250.6,,,3,Europe/Copenhagen,FALSE,1208956906
Skarresø,Skarreso,,56.3588,10.5256,Denmark,DK,DNK,Midtjylland,Midtjylland,DK-82,region,,24.3,,,4,Europe/Copenhagen,FALSE,1208851388
Listed,Listed,,55.1429,15.1131,Denmark,DK,DNK,Hovedstaden,Hovedstaden,DK-84,region,,36.7,,,4,Europe/Copenhagen,FALSE,1208461604
Sprattenborg Huse,Sprattenborg Huse,Sprattenborg,55.4249,10.1147,Denmark,DK,DNK,Syddanmark,Syddanmark,DK-83,region,,123.0,,,4,Europe/Copenhagen,FALSE,1208337294
Breum,Breum,,56.6883,9.0701,Denmark,DK,DNK,Midtjylland,Midtjylland,DK-82,region,,42.9,,,4,Europe/Copenhagen,FALSE,1208276199
Lydinge,Lydinge,,55.1788,10.4065,Denmark,DK,DNK,Syddanmark,Syddanmark,DK-83,region,,44.6,,,4,Europe/Copenhagen,FALSE,1208205619
Beldringe,Beldringe,,55.4726,10.3306,Denmark,DK,DNK,Syddanmark,Syddanmark,DK-83,region,,35.3,,,4,Europe/Copenhagen,FALSE,1208253581
Krungerup,Krungerup,,54.7852,11.7277,Denmark,DK,DNK,Sjælland,Sjaelland,DK-85,region,,20.6,,,4,Europe/Copenhagen,FALSE,1208464145
Sønder Langelund,Sonder Langelund,,55.7838,9.0830,Denmark,DK,DNK,Syddanmark,Syddanmark,DK-83,region,,15.0,,,4,Europe/Copenhagen,FALSE,1208869923
Lågmade,Lagmade,Lågemade,54.9010,9.6162,Denmark,DK,DNK,Syddanmark,Syddanmark,DK-83,region,,507.8,,,3,Europe/Copenhagen,FALSE,1208091364
Fakkegrav,Fakkegrav,,55.6819,9.7736,Denmark,DK,DNK,Midtjylland,Midtjylland,DK-82,region,,39.6,,,4,Europe/Copenhagen,FALSE,1208795681
Alsted-Flinterup,Alsted-Flinterup,,55.4228,11.6812,Denmark,DK,DNK,Sjælland,Sjaelland,DK-85,region,,35.5,,,4,Europe/Copenhagen,FALSE,1208136041
Notmarkskov,Notmarkskov,,54.9833,9.9833,Denmark,DK,DNK,Syddanmark,Syddanmark,DK-83,region,,87.9,,,4,Europe/Copenhagen,FALSE,1208094117
Kjelstrup,Kjelstrup,Kjeldstrup|Kelstrup,56.9939,8.7531,Denmark,DK,DNK,Nordjylland,Nordjylland,DK-81,region,,29.3,,,4,Europe/Copenhagen,FALSE,1208915216
Kjelstrup,Kjelstrup,Kelstrup,55.9657,8.5794,Denmark,DK,DNK,Midtjylland,Midtjylland,DK-82,region,,137.8,,,4,Europe/Copenhagen,FALSE,1208305140
Lee,Lee,Le,56.4224,9.6742,Denmark,DK,DNK,Midtjylland,Midtjylland,DK-82,region,,61.3,,,4,Europe/Copenhagen,FALSE,1208718679
Drøsselbjerg,Drosselbjerg,Drösselbjærg|Drosselbierg,55.4724,11.2097,Denmark,DK,DNK,Sjælland,Sjaelland,DK-85,region,,31.0,,,4,Europe/Copenhagen,FALSE,1208444175
Handermelle,Handermelle,,54.6667,11.5687,Denmark,DK,DNK,Sjælland,Sjaelland,DK-85,region,,20.4,,,4,Europe/Copenhagen,FALSE,1208628426
Dokkedal,Dokkedal,,56.9040,10.2531,Denmark,DK,DNK,Nordjylland,Nordjylland,DK-81,region,,22.1,,,4,Europe/Copenhagen,FALSE,1208190822
Eggeslevmagle,Eggeslevmagle,,55.2861,11.3489,Denmark,DK,DNK,Sjælland,Sjaelland,DK-85,region,,150.7,,,4,Europe/Copenhagen,FALSE,1208371651
Resenbro,Resenbro,,56.1775,9.6314,Denmark,DK,DNK,Midtjylland,Midtjylland,DK-82,region,,268.5,,,3,Europe/Copenhagen,FALSE,1208320463
Avedøre,Avedore,,55.6388,12.4465,Denmark,DK,DNK,Hovedstaden,Hovedstaden,DK-84,region,,1090.8,,,3,Europe/Copenhagen,FALSE,1208736675
Illebølle,Illebolle,,54.8716,10.7864,Denmark,DK,DNK,Syddanmark,Syddanmark,DK-83,region,,29.3,,,4,Europe/Copenhagen,FALSE,1208009332
Iglsø,Iglso,Ildsø,56.4857,9.0872,Denmark,DK,DNK,Midtjylland,Midtjylland,DK-82,region,,88.5,,,4,Europe/Copenhagen,FALSE,1208519553
Gandrup,Gandrup,Ganderup,57.0574,10.1814,Denmark,DK,DNK,Nordjylland,Nordjylland,DK-81,region,,51.7,,,4,Europe/Copenhagen,FALSE,1208608011
Gandrup,Gandrup,,56.7425,9.8230,Denmark,DK,DNK,Nordjylland,Nordjylland,DK-81,region,,39.1,,,4,Europe/Copenhagen,TRUE,1208221758
Ovtrup,Ovtrup,,56.7803,8.6645,Denmark,DK,DNK,Nordjylland,Nordjylland,DK-81,region,,20.3,,,4,Europe/Copenhagen,FALSE,1208150933
Ovtrup,Ovtrup,,55.7192,8.3447,Denmark,DK,DNK,Syddanmark,Syddanmark,DK-83,region,,38.3,,,4,Europe/Copenhagen,FALSE,1208286050
Gesten,Gesten,,55.5253,9.2076,Denmark,DK,DNK,Syddanmark,Syddanmark,DK-83,region,,41.2,,,4,Europe/Copenhagen,FALSE,1208824769
Rønnede,Ronnede,,55.2571,12.0212,Denmark,DK,DNK,Sjælland,Sjaelland,DK-85,region,,59.5,,,4,Europe/Copenhagen,FALSE,1208406721
Stensby,Stensby,,54.9798,12.0405,Denmark,DK,DNK,Sjælland,Sjaelland,DK-85,region,,98.8,,,4,Europe/Copenhagen,FALSE,1208031281
Nørre Vestud,Norre Vestud,,55.0000,12.4500,Denmark,DK,DNK,Sjælland,Sjaelland,DK-85,region,,20.0,,,4,Europe/Copenhagen,FALSE,1208524869
Stensby,Stensby,,55.4977,10.2885,Denmark,DK,DNK,Syddanmark,Syddanmark,DK-83,region,,59.7,,,4,Europe/Copenhagen,FALSE,1208837030
Moltrup,Moltrup,,55.2841,9.4565,Denmark,DK,DNK,Syddanmark,Syddanmark,DK-83,region,,25.7,,,4,Europe/Copenhagen,FALSE,1208697903
Lårup,Larup,Ny Lårup|Ny Laarup|Laarup,55.5667,11.5167,Denmark,DK,DNK,Sjælland,Sjaelland,DK-85,region,,70.4,,,4,Europe/Copenhagen,FALSE,1208480399
Orebygård,Orebygard,,54.8291,11.5970,Denmark,DK,DNK,Sjælland,Sjaelland,DK-85,region,,199.7,,,4,Europe/Copenhagen,FALSE,1208790373
Sønderhå,Sonderha,Sönderhaa,56.8688,8.4515,Denmark,DK,DNK,Nordjylland,Nordjylland,DK-81,region,,20.7,,,4,Europe/Copenhagen,FALSE,1208007918
Kragelund,Kragelund,,54.8594,9.3050,Denmark,DK,DNK,Syddanmark,Syddanmark,DK-83,region,,87.4,,,4,Europe/Copenhagen,FALSE,1208906751
Kragelund,Kragelund,,55.2963,10.6172,Denmark,DK,DNK,Syddanmark,Syddanmark,DK-83,region,,45.5,,,4,Europe/Copenhagen,TRUE,1208221640
Kragelund,Kragelund,,55.4426,8.7006,Denmark,DK,DNK,Syddanmark,Syddanmark,DK-83,region,,45.0,,,4,Europe/Copenhagen,TRUE,1208249664
Kragelund,Kragelund,,55.5778,9.1724,Denmark,DK,DNK,Syddanmark,Syddanmark,DK-83,region,,39.4,,,4,Europe/Copenhagen,TRUE,1208510745
Kragelund,Kragelund,,55.8049,8.2254,Denmark,DK,DNK,Syddanmark,Syddanmark,DK-83,region,,22.1,,,4,Europe/Copenhagen,TRUE,1208529263
Kragelund,Kragelund,,55.8072,9.6478,Denmark,DK,DNK,Midtjylland,Midtjylland,DK-82,region,,69.9,,,4,Europe/Copenhagen,FALSE,1208361378
Kragelund,Kragelund,,56.1943,9.4093,Denmark,DK,DNK,Midtjylland,Midtjylland,DK-82,region,,38.9,,,4,Europe/Copenhagen,TRUE,1208765613
Listrup,Listrup,,54.8039,11.9548,Denmark,DK,DNK,Sjælland,Sjaelland,DK-85,region,,41.5,,,4,Europe/Copenhagen,FALSE,1208643762
Hømgård,Homgard,,55.3995,11.7821,Denmark,DK,DNK,Sjælland,Sjaelland,DK-85,region,,71.4,,,4,Europe/Copenhagen,FALSE,1208994813
Landting,Landting,Landtind,56.0335,8.4887,Denmark,DK,DNK,Midtjylland,Midtjylland,DK-82,region,,23.2,,,4,Europe/Copenhagen,FALSE,1208251548
Alderslyst,Alderslyst,,56.1847,9.5565,Denmark,DK,DNK,Midtjylland,Midtjylland,DK-82,region,,1846.2,,,3,Europe/Copenhagen,FALSE,1208535089
Rendeløb,Rendelob,,54.8869,9.7068,Denmark,DK,DNK,Syddanmark,Syddanmark,DK-83,region,,118.1,,,4,Europe/Copenhagen,FALSE,1208122374
Stenebjerg,Stenebjerg,,55.0500,15.0000,Denmark,DK,DNK,Hovedstaden,Hovedstaden,DK-84,region,,46.1,,,4,Europe/Copenhagen,FALSE,1208390780
Herluflille,Herluflille,Hellevlille,55.3402,11.7322,Denmark,DK,DNK,Sjælland,Sjaelland,DK-85,region,,103.0,,,4,Europe/Copenhagen,FALSE,1208745172
Kronborgdige,Kronborgdige,,56.4333,8.6000,Denmark,DK,DNK,Midtjylland,Midtjylland,DK-82,region,,25.2,,,4,Europe/Copenhagen,FALSE,1208943777
Skjedsbøl,Skjedsbol,Skedsbølle|Skedsböl,55.7564,8.3897,Denmark,DK,DNK,Syddanmark,Syddanmark,DK-83,region,,28.4,,,4,Europe/Copenhagen,FALSE,1208395826
Øster Vamdrup,Oster Vamdrup,,55.4191,9.3093,Denmark,DK,DNK,Syddanmark,Syddanmark,DK-83,region,,133.9,,,4,Europe/Copenhagen,FALSE,1208685267
Langkær,Langkaer,Langkjær,55.9481,8.4105,Denmark,DK,DNK,Midtjylland,Midtjylland,DK-82,region,,16.6,,,4,Europe/Copenhagen,FALSE,1208233819
Vejby Strand,Vejby Strand,,56.0780,12.1182,Denmark,DK,DNK,Hovedstaden,Hovedstaden,DK-84,region,,130.0,,,4,Europe/Copenhagen,FALSE,1208726452
Vestermarie,Vestermarie,Vester-Mariekirke|West Marie|Vester Marie,55.1082,14.8245,Denmark,DK,DNK,Hovedstaden,Hovedstaden,DK-84,region,,20.8,,,4,Europe/Copenhagen,FALSE,1208316975
Hjelmsted,Hjelmsted,,57.3013,10.0245,Denmark,DK,DNK,Nordjylland,Nordjylland,DK-81,region,,39.7,,,4,Europe/Copenhagen,FALSE,1208309704
Vejrø,Vejro,,55.0333,11.3667,Denmark,DK,DNK,Sjælland,Sjaelland,DK-85,region,,26.1,,,4,Europe/Copenhagen,FALSE,1208579466
Vilsund Vest,Vilsund Vest,Vilsund|Vildsund Vest|Vildsund Vestside,56.8810,8.6255,Denmark,DK,DNK,Nordjylland,Nordjylland,DK-81,region,,65.0,,,4,Europe/Copenhagen,FALSE,1208097047
Ornebjerg,Ornebjerg,Ornebjærg,55.0325,11.9254,Denmark,DK,DNK,Sjælland,Sjaelland,DK-85,region,,109.9,,,4,Europe/Copenhagen,FALSE,1208007944
Errindlev,Errindlev,Erentley|Erentlev,54.6690,11.4951,Denmark,DK,DNK,Sjælland,Sjaelland,DK-85,region,,14.2,,,4,Europe/Copenhagen,FALSE,1208547628
Ramsømagle,Ramsomagle,,55.5701,12.0686,Denmark,DK,DNK,Sjælland,Sjaelland,DK-85,region,,158.1,,,4,Europe/Copenhagen,FALSE,1208452129
Sundsmark,Sundsmark,,54.9205,9.8315,Denmark,DK,DNK,Syddanmark,Syddanmark,DK-83,region,,174.5,,,4,Europe/Copenhagen,FALSE,1208635797
Harndrup,Harndrup,Harendrup,55.4666,10.0216,Denmark,DK,DNK,Syddanmark,Syddanmark,DK-83,region,,53.7,,,4,Europe/Copenhagen,FALSE,1208793268
Okslund,Okslund,Oxlund,55.8481,8.7233,Denmark,DK,DNK,Midtjylland,Midtjylland,DK-82,region,,8.8,,,5,Europe/Copenhagen,FALSE,1208973705
Okslund,Okslund,Oxlund,55.5923,9.0148,Denmark,DK,DNK,Syddanmark,Syddanmark,DK-83,region,,20.4,,,4,Europe/Copenhagen,FALSE,1208961180
Lundby Torp,Lundby Torp,Lille Torp,55.1205,11.8659,Denmark,DK,DNK,Sjælland,Sjaelland,DK-85,region,,87.8,,,4,Europe/Copenhagen,FALSE,1208180271
Nørre Farup,Norre Farup,Farup,55.3534,8.7316,Denmark,DK,DNK,Syddanmark,Syddanmark,DK-83,region,,24.0,,,4,Europe/Copenhagen,FALSE,1208617360
Lundsbjerg,Lundsbjerg,Lundsbjærg,55.2637,10.0781,Denmark,DK,DNK,Syddanmark,Syddanmark,DK-83,region,,40.5,,,4,Europe/Copenhagen,FALSE,1208330912
Ny Højen,Ny Hojen,,55.6576,9.4993,Denmark,DK,DNK,Syddanmark,Syddanmark,DK-83,region,,55.5,,,4,Europe/Copenhagen,FALSE,1208849206
Store Valby,Store Valby,,55.6957,12.1374,Denmark,DK,DNK,Sjælland,Sjaelland,DK-85,region,,161.3,,,4,Europe/Copenhagen,FALSE,1208501377
Nebbelunde,Nebbelunde,,54.7100,11.3853,Denmark,DK,DNK,Sjælland,Sjaelland,DK-85,region,,10.8,,,4,Europe/Copenhagen,FALSE,1208980675
Havbyrd,Havbyrd,,55.4062,11.8176,Denmark,DK,DNK,Sjælland,Sjaelland,DK-85,region,,539.3,,,3,Europe/Copenhagen,FALSE,1208431564
Bjolderup,Bjolderup,,54.9949,9.2543,Denmark,DK,DNK,Syddanmark,Syddanmark,DK-83,region,,32.5,,,4,Europe/Copenhagen,FALSE,1208245014
Rurup,Rurup,,55.1527,9.0297,Denmark,DK,DNK,Syddanmark,Syddanmark,DK-83,region,,18.1,,,4,Europe/Copenhagen,FALSE,1208578486
Nyråd-Stensved,Nyrad-Stensved,Stensved|Nyraad Stensved,55.0167,12.0000,Denmark,DK,DNK,Sjælland,Sjaelland,DK-85,region,,19.9,,,4,Europe/Copenhagen,FALSE,1208896840
Måbjerg,Mabjerg,Maabjærg|Maabjerg,56.3890,8.6170,Denmark,DK,DNK,Midtjylland,Midtjylland,DK-82,region,,494.1,,,3,Europe/Copenhagen,FALSE,1208236496
Slettingen,Slettingen,,57.5000,9.9167,Denmark,DK,DNK,Nordjylland,Nordjylland,DK-81,region,,42.9,,,4,Europe/Copenhagen,FALSE,1208812735
Gyrup,Gyrup,,55.5309,10.3360,Denmark,DK,DNK,Syddanmark,Syddanmark,DK-83,region,,57.2,,,4,Europe/Copenhagen,FALSE,1208950352
Stensig,Stensig,,56.0100,8.5279,Denmark,DK,DNK,Midtjylland,Midtjylland,DK-82,region,,29.2,,,4,Europe/Copenhagen,FALSE,1208577502
Kelseby,Kelseby,Keldseby,55.1679,14.9922,Denmark,DK,DNK,Hovedstaden,Hovedstaden,DK-84,region,,22.3,,,4,Europe/Copenhagen,FALSE,1208969209
Koldmose,Koldmose,,57.1555,9.5688,Denmark,DK,DNK,Nordjylland,Nordjylland,DK-81,region,,16.3,,,4,Europe/Copenhagen,FALSE,1208711036
Handbjerg,Handbjerg,Handbjærg|Hanbjerg,56.4629,8.7112,Denmark,DK,DNK,Midtjylland,Midtjylland,DK-82,region,,41.3,,,4,Europe/Copenhagen,FALSE,1208662728
Nordkær,Nordkaer,Nörkær,57.1673,10.0533,Denmark,DK,DNK,Nordjylland,Nordjylland,DK-81,region,,59.5,,,4,Europe/Copenhagen,FALSE,1208788175
Handest,Handest,,56.5696,9.8204,Denmark,DK,DNK,Nordjylland,Nordjylland,DK-81,region,,21.0,,,4,Europe/Copenhagen,FALSE,1208197810
Frøbjerg,Frobjerg,Frøbjærg,55.3348,10.1008,Denmark,DK,DNK,Syddanmark,Syddanmark,DK-83,region,,35.5,,,4,Europe/Copenhagen,FALSE,1208731051
Øby,Oby,Ø,56.4546,9.6347,Denmark,DK,DNK,Midtjylland,Midtjylland,DK-82,region,,9.8,,,5,Europe/Copenhagen,FALSE,1208832397
Øby,Oby,,56.2612,8.1562,Denmark,DK,DNK,Midtjylland,Midtjylland,DK-82,region,,9.7,,,5,Europe/Copenhagen,TRUE,1208030851
Kongerslev,Kongerslev,Kongeslev|Sönder Kongerslev,56.8869,10.1131,Denmark,DK,DNK,Nordjylland,Nordjylland,DK-81,region,,167.4,,,4,Europe/Copenhagen,FALSE,1208809644
Ebberup,Ebberup,,55.5648,11.8213,Denmark,DK,DNK,Sjælland,Sjaelland,DK-85,region,,55.4,,,4,Europe/Copenhagen,FALSE,1208940982
Lydersholm,Lydersholm,,54.9031,9.0053,Denmark,DK,DNK,Syddanmark,Syddanmark,DK-83,region,,31.7,,,4,Europe/Copenhagen,FALSE,1208792125
Ebberup,Ebberup,,55.2433,9.9821,Denmark,DK,DNK,Syddanmark,Syddanmark,DK-83,region,,57.9,,,4,Europe/Copenhagen,FALSE,1208464479
Blanke,Blanke,,55.4943,9.8758,Denmark,DK,DNK,Syddanmark,Syddanmark,DK-83,region,,60.2,,,4,Europe/Copenhagen,FALSE,1208113717
Ebstrup,Ebstrup,,56.2122,9.5383,Denmark,DK,DNK,Midtjylland,Midtjylland,DK-82,region,,82.0,,,4,Europe/Copenhagen,FALSE,1208811862
Virum,Virum,,55.7949,12.4510,Denmark,DK,DNK,Hovedstaden,Hovedstaden,DK-84,region,,2801.5,,,2,Europe/Copenhagen,FALSE,1208936365
Dalstrup,Dalstrup,,56.7228,8.9233,Denmark,DK,DNK,Midtjylland,Midtjylland,DK-82,region,,36.6,,,4,Europe/Copenhagen,FALSE,1208205885
Seden Strand,Seden Strand,,55.4388,10.4496,Denmark,DK,DNK,Syddanmark,Syddanmark,DK-83,region,,1307.3,,,3,Europe/Copenhagen,FALSE,1208275805
Hem,Hem,,56.5964,8.9596,Denmark,DK,DNK,Midtjylland,Midtjylland,DK-82,region,,73.3,,,4,Europe/Copenhagen,FALSE,1208438399
Hem,Hem,,56.0229,9.7840,Denmark,DK,DNK,Midtjylland,Midtjylland,DK-82,region,,30.4,,,4,Europe/Copenhagen,TRUE,1208518454
Lindholm,Lindholm,,55.8449,12.2170,Denmark,DK,DNK,Hovedstaden,Hovedstaden,DK-84,region,,104.2,,,4,Europe/Copenhagen,FALSE,1208096598
Lyngby Skov,Lyngby Skov,,56.7985,10.0414,Denmark,DK,DNK,Nordjylland,Nordjylland,DK-81,region,,68.6,,,4,Europe/Copenhagen,FALSE,1208261347
Øster Snogbæk,Oster Snogbaek,Ostre Snogbæk,54.9748,9.7165,Denmark,DK,DNK,Syddanmark,Syddanmark,DK-83,region,,97.9,,,4,Europe/Copenhagen,FALSE,1208494618
Hem,Hem,,56.6128,10.0351,Denmark,DK,DNK,Nordjylland,Nordjylland,DK-81,region,,16.2,,,4,Europe/Copenhagen,FALSE,1208154353
Øverste Torp,Overste Torp,,55.9637,12.5125,Denmark,DK,DNK,Hovedstaden,Hovedstaden,DK-84,region,,655.3,,,3,Europe/Copenhagen,FALSE,1208154246
Strandby Gårde,Strandby Garde,Strandby Gaarde,55.0096,15.0871,Denmark,DK,DNK,Hovedstaden,Hovedstaden,DK-84,region,,30.9,,,4,Europe/Copenhagen,FALSE,1208095024
Åbøl,Abol,Aabøl,55.2333,9.1333,Denmark,DK,DNK,Syddanmark,Syddanmark,DK-83,region,,13.4,,,4,Europe/Copenhagen,FALSE,1208435597
Lydom,Lydom,Lydum,55.7965,8.3591,Denmark,DK,DNK,Syddanmark,Syddanmark,DK-83,region,,23.1,,,4,Europe/Copenhagen,FALSE,1208091640
Skærup,Skaerup,Skjærup,55.6395,9.5993,Denmark,DK,DNK,Syddanmark,Syddanmark,DK-83,region,,58.3,,,4,Europe/Copenhagen,FALSE,1208834804
Tommestrup,Tommestrup,,55.2976,12.4372,Denmark,DK,DNK,Sjælland,Sjaelland,DK-85,region,,107.6,,,4,Europe/Copenhagen,FALSE,1208153903
Kirkelte,Kirkelte,,55.9040,12.3848,Denmark,DK,DNK,Hovedstaden,Hovedstaden,DK-84,region,,467.3,,,3,Europe/Copenhagen,FALSE,1208977432
Landeby,Landeby,,55.0751,8.9712,Denmark,DK,DNK,Syddanmark,Syddanmark,DK-83,region,,25.0,,,4,Europe/Copenhagen,FALSE,1208353303
Snesere Torp,Snesere Torp,,55.1853,11.9486,Denmark,DK,DNK,Sjælland,Sjaelland,DK-85,region,,80.9,,,4,Europe/Copenhagen,FALSE,1208835821
Lystager Torp,Lystager Torp,,55.3092,11.4874,Denmark,DK,DNK,Sjælland,Sjaelland,DK-85,region,,18.6,,,4,Europe/Copenhagen,FALSE,1208137972
Hornstrup Mølleby,Hornstrup Molleby,,55.7524,9.5720,Denmark,DK,DNK,Syddanmark,Syddanmark,DK-83,region,,84.7,,,4,Europe/Copenhagen,FALSE,1208455992
Ho,Ho,,55.5497,8.2301,Denmark,DK,DNK,Syddanmark,Syddanmark,DK-83,region,,5.4,,,5,Europe/Copenhagen,FALSE,1208531018
Hundelev,Hundelev,,57.4273,9.8419,Denmark,DK,DNK,Nordjylland,Nordjylland,DK-81,region,,43.7,,,4,Europe/Copenhagen,FALSE,1208684725
Stadil,Stadil,Stadel,56.1973,8.2125,Denmark,DK,DNK,Midtjylland,Midtjylland,DK-82,region,,11.8,,,4,Europe/Copenhagen,FALSE,1208532238
Magtenbølle,Magtenbolle,,55.3784,10.1750,Denmark,DK,DNK,Syddanmark,Syddanmark,DK-83,region,,123.0,,,4,Europe/Copenhagen,FALSE,1208217110
Bromme,Bromme,,55.4890,11.5125,Denmark,DK,DNK,Sjælland,Sjaelland,DK-85,region,,29.8,,,4,Europe/Copenhagen,FALSE,1208153740
Skovdallund,Skovdallund,,55.7401,9.4175,Denmark,DK,DNK,Syddanmark,Syddanmark,DK-83,region,,124.0,,,4,Europe/Copenhagen,FALSE,1208314678
Gunderød,Gunderod,,55.9017,12.4221,Denmark,DK,DNK,Hovedstaden,Hovedstaden,DK-84,region,,487.9,,,3,Europe/Copenhagen,FALSE,1208174813
Væth,Vaeth,Væt,56.4010,9.9413,Denmark,DK,DNK,Midtjylland,Midtjylland,DK-82,region,,25.5,,,4,Europe/Copenhagen,FALSE,1208177989
Lodshuse,Lodshuse,,55.5176,10.5733,Denmark,DK,DNK,Syddanmark,Syddanmark,DK-83,region,,43.6,,,4,Europe/Copenhagen,FALSE,1208205178
Lakolk,Lakolk,,55.1390,8.4938,Denmark,DK,DNK,Syddanmark,Syddanmark,DK-83,region,,7.6,,,5,Europe/Copenhagen,FALSE,1208451229
Nielstrup,Nielstrup,,55.2831,12.0034,Denmark,DK,DNK,Sjælland,Sjaelland,DK-85,region,,35.9,,,4,Europe/Copenhagen,FALSE,1208046732
Klintrup,Klintrup,,56.2088,9.7887,Denmark,DK,DNK,Midtjylland,Midtjylland,DK-82,region,,20.5,,,4,Europe/Copenhagen,FALSE,1208267131
Nielstrup,Nielstrup,,57.4984,10.4489,Denmark,DK,DNK,Nordjylland,Nordjylland,DK-81,region,,72.6,,,4,Europe/Copenhagen,FALSE,1208411378
Nielstrup,Nielstrup,,56.4660,10.4619,Denmark,DK,DNK,Midtjylland,Midtjylland,DK-82,region,,44.0,,,4,Europe/Copenhagen,FALSE,1208204192
Nielstrup,Nielstrup,,56.3632,10.1458,Denmark,DK,DNK,Midtjylland,Midtjylland,DK-82,region,,14.5,,,4,Europe/Copenhagen,TRUE,1208380131
Ulkebøl,Ulkebol,,54.9289,9.8209,Denmark,DK,DNK,Syddanmark,Syddanmark,DK-83,region,,174.5,,,4,Europe/Copenhagen,FALSE,1208969215
Øster Linderup,Oster Linderup,,57.2557,10.0595,Denmark,DK,DNK,Nordjylland,Nordjylland,DK-81,region,,40.1,,,4,Europe/Copenhagen,FALSE,1208564655
Harken,Harken,,57.3925,9.9866,Denmark,DK,DNK,Nordjylland,Nordjylland,DK-81,region,,32.6,,,4,Europe/Copenhagen,FALSE,1208703853
Abildholt,Abildholt,,56.3667,8.9000,Denmark,DK,DNK,Midtjylland,Midtjylland,DK-82,region,,28.6,,,4,Europe/Copenhagen,FALSE,1208454408
Holmsø,Holmso,,57.0421,9.4081,Denmark,DK,DNK,Nordjylland,Nordjylland,DK-81,region,,30.8,,,4,Europe/Copenhagen,FALSE,1208367036
Bjerregårde,Bjerregarde,Bjerre|Bjerggaarde|Bjærggårde,56.0758,8.8410,Denmark,DK,DNK,Midtjylland,Midtjylland,DK-82,region,,37.3,,,4,Europe/Copenhagen,FALSE,1208567473
Bjerregårde,Bjerregarde,,56.2183,8.2107,Denmark,DK,DNK,Midtjylland,Midtjylland,DK-82,region,,12.6,,,4,Europe/Copenhagen,TRUE,1208324299
Abildå,Abilda,Abildaa,56.1667,8.6167,Denmark,DK,DNK,Midtjylland,Midtjylland,DK-82,region,,29.7,,,4,Europe/Copenhagen,FALSE,1208938219
Navr,Navr,Navr By|Naur,56.3763,8.5199,Denmark,DK,DNK,Midtjylland,Midtjylland,DK-82,region,,25.4,,,4,Europe/Copenhagen,FALSE,1208365134
Blidstrup,Blidstrup,Blistrup,56.7161,8.6932,Denmark,DK,DNK,Nordjylland,Nordjylland,DK-81,region,,12.8,,,4,Europe/Copenhagen,FALSE,1208637488
Villingerød,Villingerod,,56.0705,12.3873,Denmark,DK,DNK,Hovedstaden,Hovedstaden,DK-84,region,,59.4,,,4,Europe/Copenhagen,FALSE,1208094060
Sønder Asmindrup,Sonder Asmindrup,Asminderup|Sønder Asminderup|Asmindrup,55.6619,11.6954,Denmark,DK,DNK,Sjælland,Sjaelland,DK-85,region,,64.3,,,4,Europe/Copenhagen,FALSE,1208683238
Øster Gejl,Oster Gejl,,54.8842,9.3978,Denmark,DK,DNK,Syddanmark,Syddanmark,DK-83,region,,27.4,,,4,Europe/Copenhagen,FALSE,1208947441
Kådekilde,Kadekilde,Kaadekilde,55.3677,10.1210,Denmark,DK,DNK,Syddanmark,Syddanmark,DK-83,region,,123.0,,,4,Europe/Copenhagen,FALSE,1208401867
Stenrøgel,Stenrogel,,56.2397,9.3374,Denmark,DK,DNK,Midtjylland,Midtjylland,DK-82,region,,29.8,,,4,Europe/Copenhagen,FALSE,1208852670
Saltbæk,Saltbaek,,55.7354,11.1118,Denmark,DK,DNK,Sjælland,Sjaelland,DK-85,region,,169.8,,,4,Europe/Copenhagen,FALSE,1208705657
Sjellerup,Sjellerup,,55.0007,9.8624,Denmark,DK,DNK,Syddanmark,Syddanmark,DK-83,region,,95.9,,,4,Europe/Copenhagen,FALSE,1208930322
Klank,Klank,,56.1503,9.9086,Denmark,DK,DNK,Midtjylland,Midtjylland,DK-82,region,,586.3,,,3,Europe/Copenhagen,FALSE,1208018538
Renge,Renge,,55.2871,12.4026,Denmark,DK,DNK,Sjælland,Sjaelland,DK-85,region,,107.6,,,4,Europe/Copenhagen,FALSE,1208655994
Kristiansdal,Kristiansdal,,55.2333,9.3883,Denmark,DK,DNK,Syddanmark,Syddanmark,DK-83,region,,52.5,,,4,Europe/Copenhagen,FALSE,1208312688
Søst,Sost,,55.0431,9.3457,Denmark,DK,DNK,Syddanmark,Syddanmark,DK-83,region,,170.8,,,4,Europe/Copenhagen,FALSE,1208131564
Kirkerup,Kirkerup,,55.7212,12.1601,Denmark,DK,DNK,Sjælland,Sjaelland,DK-85,region,,43.5,,,4,Europe/Copenhagen,FALSE,1208760834
Kirkerup,Kirkerup,,55.3603,11.4914,Denmark,DK,DNK,Sjælland,Sjaelland,DK-85,region,,20.0,,,4,Europe/Copenhagen,TRUE,1208343432
Tradsbjerg,Tradsbjerg,Trasbjerg|Tradsbjærg,56.3986,8.6179,Denmark,DK,DNK,Midtjylland,Midtjylland,DK-82,region,,480.4,,,3,Europe/Copenhagen,FALSE,1208415456
Underbjerg,Underbjerg,Underbjærg,56.5867,8.2794,Denmark,DK,DNK,Midtjylland,Midtjylland,DK-82,region,,22.0,,,4,Europe/Copenhagen,FALSE,1208348383
Døllefjelde,Dollefjelde,Döllefjælde,54.7327,11.6909,Denmark,DK,DNK,Sjælland,Sjaelland,DK-85,region,,18.3,,,4,Europe/Copenhagen,FALSE,1208689949
Bryndum,Bryndum,Brøndum,55.5359,8.4788,Denmark,DK,DNK,Syddanmark,Syddanmark,DK-83,region,,114.3,,,4,Europe/Copenhagen,FALSE,1208785003
Kæderup,Kaederup,,56.0167,12.2500,Denmark,DK,DNK,Hovedstaden,Hovedstaden,DK-84,region,,76.0,,,4,Europe/Copenhagen,FALSE,1208558693
Kannikegærdet,Kannikegaerdet,Kannikegærde,55.0388,15.0779,Denmark,DK,DNK,Hovedstaden,Hovedstaden,DK-84,region,,26.4,,,4,Europe/Copenhagen,FALSE,1208356302
Skejby,Skejby,,56.2007,10.1751,Denmark,DK,DNK,Midtjylland,Midtjylland,DK-82,region,,214.4,,,3,Europe/Copenhagen,FALSE,1208556678
Raklev,Raklev,,55.6968,11.0665,Denmark,DK,DNK,Sjælland,Sjaelland,DK-85,region,,169.8,,,4,Europe/Copenhagen,FALSE,1208019131
Foldsted,Foldsted,,55.6089,9.6144,Denmark,DK,DNK,Syddanmark,Syddanmark,DK-83,region,,49.6,,,4,Europe/Copenhagen,FALSE,1208380145
Lundtofte,Lundtofte,,55.4671,8.8775,Denmark,DK,DNK,Syddanmark,Syddanmark,DK-83,region,,27.4,,,4,Europe/Copenhagen,FALSE,1208544519
Lundtofte,Lundtofte,,55.7982,12.5184,Denmark,DK,DNK,Hovedstaden,Hovedstaden,DK-84,region,,1957.9,,,3,Europe/Copenhagen,FALSE,1208617571
Høsten,Hosten,Højsten,55.3340,12.0500,Denmark,DK,DNK,Sjælland,Sjaelland,DK-85,region,,95.5,,,4,Europe/Copenhagen,FALSE,1208948984
Reerslev,Reerslev,,55.5576,11.3867,Denmark,DK,DNK,Sjælland,Sjaelland,DK-85,region,,52.7,,,4,Europe/Copenhagen,FALSE,1208234252
Vinderød,Vinderod,,55.9879,12.0283,Denmark,DK,DNK,Hovedstaden,Hovedstaden,DK-84,region,,435.9,,,3,Europe/Copenhagen,FALSE,1208818915
Udby,Udby,,55.4364,9.8565,Denmark,DK,DNK,Syddanmark,Syddanmark,DK-83,region,,33.5,,,4,Europe/Copenhagen,FALSE,1208558802
Barde,Barde,,56.1025,8.7022,Denmark,DK,DNK,Midtjylland,Midtjylland,DK-82,region,,30.7,,,4,Europe/Copenhagen,FALSE,1208224992
Øster Torsted,Oster Torsted,,55.6129,9.2406,Denmark,DK,DNK,Syddanmark,Syddanmark,DK-83,region,,43.0,,,4,Europe/Copenhagen,FALSE,1208321540
Ulstrup,Ulstrup,,55.5403,11.2561,Denmark,DK,DNK,Sjælland,Sjaelland,DK-85,region,,119.5,,,4,Europe/Copenhagen,FALSE,1208102024
Ulstrup,Ulstrup,,55.7338,10.9678,Denmark,DK,DNK,Sjælland,Sjaelland,DK-85,region,,51.2,,,4,Europe/Copenhagen,TRUE,1208686388
Ulstrup,Ulstrup,,55.3250,11.6785,Denmark,DK,DNK,Sjælland,Sjaelland,DK-85,region,,43.9,,,4,Europe/Copenhagen,TRUE,1208465286
Skjellund,Skjellund,,56.1092,9.0895,Denmark,DK,DNK,Midtjylland,Midtjylland,DK-82,region,,183.5,,,4,Europe/Copenhagen,FALSE,1208215805
Ulstrup,Ulstrup,,55.0880,8.9426,Denmark,DK,DNK,Syddanmark,Syddanmark,DK-83,region,,25.0,,,4,Europe/Copenhagen,TRUE,1208208007
Ulstrup,Ulstrup,Ulstrupbro,56.3899,9.7935,Denmark,DK,DNK,Midtjylland,Midtjylland,DK-82,region,,364.9,,,3,Europe/Copenhagen,FALSE,1208905698
Ulstrup,Ulstrup,,56.4582,10.6297,Denmark,DK,DNK,Midtjylland,Midtjylland,DK-82,region,,22.6,,,4,Europe/Copenhagen,TRUE,1208662462
Tørresø,Torreso,,55.5850,10.3897,Denmark,DK,DNK,Syddanmark,Syddanmark,DK-83,region,,24.9,,,4,Europe/Copenhagen,FALSE,1208590503
Dønnevælde,Donnevaelde,,56.0489,12.2609,Denmark,DK,DNK,Hovedstaden,Hovedstaden,DK-84,region,,131.1,,,4,Europe/Copenhagen,FALSE,1208691600
Tastum,Tastum,,56.5031,9.0574,Denmark,DK,DNK,Midtjylland,Midtjylland,DK-82,region,,89.6,,,4,Europe/Copenhagen,FALSE,1208894798
Hetofte,Hetofte,,55.7355,8.6113,Denmark,DK,DNK,Syddanmark,Syddanmark,DK-83,region,,52.8,,,4,Europe/Copenhagen,FALSE,1208314714
Sandkås,Sandkas,Sandkaas,55.2551,14.8197,Denmark,DK,DNK,Hovedstaden,Hovedstaden,DK-84,region,,48.7,,,4,Europe/Copenhagen,FALSE,1208205439
Østenåen,Ostenaen,Östenaa|Östenaaen,57.5732,10.1189,Denmark,DK,DNK,Nordjylland,Nordjylland,DK-81,region,,26.0,,,4,Europe/Copenhagen,FALSE,1208659924
Levring,Levring,,56.3068,9.4674,Denmark,DK,DNK,Midtjylland,Midtjylland,DK-82,region,,31.7,,,4,Europe/Copenhagen,FALSE,1208101556
Plovslund,Plovslund,,55.7115,9.1215,Denmark,DK,DNK,Syddanmark,Syddanmark,DK-83,region,,117.5,,,4,Europe/Copenhagen,FALSE,1208833591
Sorgenfri,Sorgenfri,,55.7832,12.4698,Denmark,DK,DNK,Hovedstaden,Hovedstaden,DK-84,region,,1256.9,,,3,Europe/Copenhagen,FALSE,1208654732
Uggerhalne,Uggerhalne,Ugerhalne,57.1316,10.0669,Denmark,DK,DNK,Nordjylland,Nordjylland,DK-81,region,,35.8,,,4,Europe/Copenhagen,FALSE,1208354223
Skaverup,Skaverup,,55.0649,11.8257,Denmark,DK,DNK,Sjælland,Sjaelland,DK-85,region,,51.3,,,4,Europe/Copenhagen,FALSE,1208722980
Hjelm,Hjelm,Hjælm,54.8158,11.7600,Denmark,DK,DNK,Sjælland,Sjaelland,DK-85,region,,47.8,,,4,Europe/Copenhagen,FALSE,1208270075
Hjelm,Hjelm,Hjælm|Hielm,54.9260,12.2530,Denmark,DK,DNK,Sjælland,Sjaelland,DK-85,region,,23.9,,,4,Europe/Copenhagen,TRUE,1208138699
Busholm,Busholm,,54.8567,9.6600,Denmark,DK,DNK,Syddanmark,Syddanmark,DK-83,region,,118.1,,,4,Europe/Copenhagen,FALSE,1208324302
Bred,Bred,,55.3750,10.1023,Denmark,DK,DNK,Syddanmark,Syddanmark,DK-83,region,,123.0,,,4,Europe/Copenhagen,FALSE,1208026544
Vebbestrup,Vebbestrup,,56.7256,9.8242,Denmark,DK,DNK,Nordjylland,Nordjylland,DK-81,region,,39.1,,,4,Europe/Copenhagen,FALSE,1208695401
Årbjerg,Arbjerg,Aarbjerg|Aarbjærg,56.7492,8.5360,Denmark,DK,DNK,Nordjylland,Nordjylland,DK-81,region,,15.7,,,4,Europe/Copenhagen,FALSE,1208223289
Skuderløse,Skuderlose,,55.2997,11.8771,Denmark,DK,DNK,Sjælland,Sjaelland,DK-85,region,,41.0,,,4,Europe/Copenhagen,FALSE,1208715074
Ettehave,Ettehave,,54.7372,11.6289,Denmark,DK,DNK,Sjælland,Sjaelland,DK-85,region,,20.6,,,4,Europe/Copenhagen,FALSE,1208136291
Strærup,Straerup,,55.2169,10.0724,Denmark,DK,DNK,Syddanmark,Syddanmark,DK-83,region,,38.1,,,4,Europe/Copenhagen,FALSE,1208923566
Siim,Siim,Sim,56.0839,9.7800,Denmark,DK,DNK,Midtjylland,Midtjylland,DK-82,region,,1006.0,,,3,Europe/Copenhagen,FALSE,1208548388
Kloster,Kloster,,56.1252,8.1767,Denmark,DK,DNK,Midtjylland,Midtjylland,DK-82,region,,34.5,,,4,Europe/Copenhagen,FALSE,1208720952
Oddense,Oddense,Odens,56.6537,8.9333,Denmark,DK,DNK,Midtjylland,Midtjylland,DK-82,region,,53.1,,,4,Europe/Copenhagen,FALSE,1208362780
Brede,Brede,,55.0613,8.8211,Denmark,DK,DNK,Syddanmark,Syddanmark,DK-83,region,,34.2,,,4,Europe/Copenhagen,FALSE,1208428105
Brede,Brede,,55.7920,12.4908,Denmark,DK,DNK,Hovedstaden,Hovedstaden,DK-84,region,,1965.6,,,3,Europe/Copenhagen,FALSE,1208000018
Graum,Graum,Gravum,57.3656,10.1529,Denmark,DK,DNK,Nordjylland,Nordjylland,DK-81,region,,50.4,,,4,Europe/Copenhagen,FALSE,1208534386
Ørslev Kohave,Orslev Kohave,Kohave,55.0251,11.9747,Denmark,DK,DNK,Sjælland,Sjaelland,DK-85,region,,157.0,,,4,Europe/Copenhagen,FALSE,1208000003
Flemming,Flemming,,55.8687,9.6675,Denmark,DK,DNK,Midtjylland,Midtjylland,DK-82,region,,41.0,,,4,Europe/Copenhagen,FALSE,1208973922
Ny Fårevejle,Ny Farevejle,Ny Faarevejle,55.7979,11.4320,Denmark,DK,DNK,Sjælland,Sjaelland,DK-85,region,,81.0,,,4,Europe/Copenhagen,FALSE,1208232522
Almsted,Almsted,,54.9740,9.9409,Denmark,DK,DNK,Syddanmark,Syddanmark,DK-83,region,,77.9,,,4,Europe/Copenhagen,FALSE,1208777681
Bredsten,Bredsten,,55.7013,9.3850,Denmark,DK,DNK,Syddanmark,Syddanmark,DK-83,region,,82.9,,,4,Europe/Copenhagen,FALSE,1208357207
Bredsten,Bredsten,,54.8586,9.9469,Denmark,DK,DNK,Syddanmark,Syddanmark,DK-83,region,,39.1,,,4,Europe/Copenhagen,TRUE,1208430959
Ås,As,Aas,55.2989,12.1015,Denmark,DK,DNK,Sjælland,Sjaelland,DK-85,region,,29.2,,,4,Europe/Copenhagen,FALSE,1208810929
Skalkendrup,Skalkendrup,,55.3697,10.7333,Denmark,DK,DNK,Syddanmark,Syddanmark,DK-83,region,,48.3,,,4,Europe/Copenhagen,FALSE,1208560842
Ås,As,Aas,55.9182,9.9707,Denmark,DK,DNK,Midtjylland,Midtjylland,DK-82,region,,74.9,,,4,Europe/Copenhagen,FALSE,1208059747
Ås,As,Aas,56.8993,8.6278,Denmark,DK,DNK,Nordjylland,Nordjylland,DK-81,region,,35.4,,,4,Europe/Copenhagen,FALSE,1208985429
Bregnør Fiskerleje,Bregnor Fiskerleje,Bregnør,55.4833,10.6000,Denmark,DK,DNK,Syddanmark,Syddanmark,DK-83,region,,174.6,,,4,Europe/Copenhagen,FALSE,1208992724
Gummerup,Gummerup,,55.2500,10.1333,Denmark,DK,DNK,Syddanmark,Syddanmark,DK-83,region,,161.2,,,4,Europe/Copenhagen,FALSE,1208010729
Tohuse,Tohuse,,56.3867,9.2142,Denmark,DK,DNK,Midtjylland,Midtjylland,DK-82,region,,43.3,,,4,Europe/Copenhagen,FALSE,1208223985
Rovsthøje,Rovsthoje,Rousthøje,55.5752,8.5920,Denmark,DK,DNK,Syddanmark,Syddanmark,DK-83,region,,22.5,,,4,Europe/Copenhagen,FALSE,1208457665
Mou,Mou,Mov,56.9695,10.2216,Denmark,DK,DNK,Nordjylland,Nordjylland,DK-81,region,,22.1,,,4,Europe/Copenhagen,FALSE,1208465718
Nordby,Nordby,,55.2576,9.9663,Denmark,DK,DNK,Syddanmark,Syddanmark,DK-83,region,,57.4,,,4,Europe/Copenhagen,TRUE,1208689302
Villersø,Villerso,Villerslö,56.4466,10.8142,Denmark,DK,DNK,Midtjylland,Midtjylland,DK-82,region,,37.2,,,4,Europe/Copenhagen,FALSE,1208144753
Nordby,Nordby,,55.8938,11.1366,Denmark,DK,DNK,Sjælland,Sjaelland,DK-85,region,,20.7,,,4,Europe/Copenhagen,FALSE,1208240739
Mogenstrup,Mogenstrup,,55.1822,11.8643,Denmark,DK,DNK,Sjælland,Sjaelland,DK-85,region,,298.9,,,3,Europe/Copenhagen,FALSE,1208552568
Mogenstrup,Mogenstrup,,55.6298,11.6429,Denmark,DK,DNK,Sjælland,Sjaelland,DK-85,region,,41.6,,,4,Europe/Copenhagen,TRUE,1208534285
Mogenstrup,Mogenstrup,,56.6826,9.1077,Denmark,DK,DNK,Midtjylland,Midtjylland,DK-82,region,,42.9,,,4,Europe/Copenhagen,FALSE,1208135012
Mogenstrup,Mogenstrup,,56.5126,10.4841,Denmark,DK,DNK,Midtjylland,Midtjylland,DK-82,region,,20.3,,,4,Europe/Copenhagen,TRUE,1208836789
Mogenstrup,Mogenstrup,,56.4723,8.9707,Denmark,DK,DNK,Midtjylland,Midtjylland,DK-82,region,,17.4,,,4,Europe/Copenhagen,TRUE,1208708654
Gjellerup,Gjellerup,Gellerup,56.1523,10.1326,Denmark,DK,DNK,Midtjylland,Midtjylland,DK-82,region,,2811.8,,,2,Europe/Copenhagen,FALSE,1208092449
Gjellerup,Gjellerup,Gellerup,56.1500,9.0667,Denmark,DK,DNK,Midtjylland,Midtjylland,DK-82,region,,183.5,,,4,Europe/Copenhagen,TRUE,1208128288
Ræhr,Raehr,Rær|Ræer,57.0940,8.6648,Denmark,DK,DNK,Nordjylland,Nordjylland,DK-81,region,,26.2,,,4,Europe/Copenhagen,FALSE,1208265073
Bramdrupdam,Bramdrupdam,,55.5244,9.4679,Denmark,DK,DNK,Syddanmark,Syddanmark,DK-83,region,,596.9,,,3,Europe/Copenhagen,FALSE,1208678745
Lunghøj,Lunghoj,,55.3826,9.9655,Denmark,DK,DNK,Syddanmark,Syddanmark,DK-83,region,,61.6,,,4,Europe/Copenhagen,FALSE,1208177023
Nissumby,Nissumby,Nørre Nissum,56.5562,8.3971,Denmark,DK,DNK,Midtjylland,Midtjylland,DK-82,region,,61.9,,,4,Europe/Copenhagen,FALSE,1208445281
Frisvad,Frisvad,,55.6677,8.5166,Denmark,DK,DNK,Syddanmark,Syddanmark,DK-83,region,,190.3,,,4,Europe/Copenhagen,FALSE,1208984129
Gremmeløkke,Gremmelokke,Grimmeløkke,55.4515,9.9713,Denmark,DK,DNK,Syddanmark,Syddanmark,DK-83,region,,39.1,,,4,Europe/Copenhagen,FALSE,1208691697
Kajerød,Kajerod,,55.8452,12.4237,Denmark,DK,DNK,Hovedstaden,Hovedstaden,DK-84,region,,583.9,,,3,Europe/Copenhagen,FALSE,1208625840
Istrup,Istrup,,56.8841,8.3794,Denmark,DK,DNK,Nordjylland,Nordjylland,DK-81,region,,7.3,,,5,Europe/Copenhagen,FALSE,1208869911
Mørkøv,Morkov,Mørkøv Stationsby,55.6517,11.5015,Denmark,DK,DNK,Sjælland,Sjaelland,DK-85,region,,121.2,,,4,Europe/Copenhagen,FALSE,1208363549
Tjørneby,Tjorneby,,55.0139,15.0645,Denmark,DK,DNK,Hovedstaden,Hovedstaden,DK-84,region,,30.9,,,4,Europe/Copenhagen,FALSE,1208183478
Tjørneby,Tjorneby,,54.9334,11.1617,Denmark,DK,DNK,Sjælland,Sjaelland,DK-85,region,,17.3,,,4,Europe/Copenhagen,FALSE,1208991508
Brorsbøl,Brorsbol,Brodersbøl,55.2391,9.5209,Denmark,DK,DNK,Syddanmark,Syddanmark,DK-83,region,,185.8,,,4,Europe/Copenhagen,FALSE,1208754262
Havrum,Havrum,,55.8399,9.6570,Denmark,DK,DNK,Midtjylland,Midtjylland,DK-82,region,,41.0,,,4,Europe/Copenhagen,FALSE,1208217120
Sepstrup,Sepstrup,Sebstrup,56.0920,9.4467,Denmark,DK,DNK,Midtjylland,Midtjylland,DK-82,region,,55.3,,,4,Europe/Copenhagen,FALSE,1208545481
Rørdal,Rordal,Rördal By,57.0618,9.9790,Denmark,DK,DNK,Nordjylland,Nordjylland,DK-81,region,,484.3,,,3,Europe/Copenhagen,FALSE,1208105205
Bygum,Bygum,,56.6923,9.4468,Denmark,DK,DNK,Nordjylland,Nordjylland,DK-81,region,,22.3,,,4,Europe/Copenhagen,FALSE,1208929905
Kragemade,Kragemade,,54.9025,9.6464,Denmark,DK,DNK,Syddanmark,Syddanmark,DK-83,region,,157.0,,,4,Europe/Copenhagen,FALSE,1208354132
Flintinge,Flintinge,,54.7489,11.7733,Denmark,DK,DNK,Sjælland,Sjaelland,DK-85,region,,72.8,,,4,Europe/Copenhagen,FALSE,1208136755
Hovstrup,Hovstrup,,57.3926,10.1012,Denmark,DK,DNK,Nordjylland,Nordjylland,DK-81,region,,50.4,,,4,Europe/Copenhagen,FALSE,1208397585
Banggårde,Banggarde,,55.1985,10.0611,Denmark,DK,DNK,Syddanmark,Syddanmark,DK-83,region,,49.9,,,4,Europe/Copenhagen,FALSE,1208719326
Hovstrup,Hovstrup,,55.7608,8.2537,Denmark,DK,DNK,Syddanmark,Syddanmark,DK-83,region,,11.8,,,4,Europe/Copenhagen,FALSE,1208867529
Lindved,Lindved,,55.7926,9.5790,Denmark,DK,DNK,Midtjylland,Midtjylland,DK-82,region,,72.2,,,4,Europe/Copenhagen,FALSE,1208756028
Lindved,Lindved,,55.7666,9.8841,Denmark,DK,DNK,Midtjylland,Midtjylland,DK-82,region,,47.5,,,4,Europe/Copenhagen,TRUE,1208076166
Lindved,Lindved,,55.3447,10.4231,Denmark,DK,DNK,Syddanmark,Syddanmark,DK-83,region,,766.4,,,3,Europe/Copenhagen,FALSE,1208942751
Torum,Torum,,56.7446,9.0568,Denmark,DK,DNK,Midtjylland,Midtjylland,DK-82,region,,21.8,,,4,Europe/Copenhagen,FALSE,1208604779
Haderup,Haderup,,56.3896,8.9943,Denmark,DK,DNK,Midtjylland,Midtjylland,DK-82,region,,19.1,,,4,Europe/Copenhagen,FALSE,1208251916
Haderup,Haderup,,56.6979,10.1141,Denmark,DK,DNK,Nordjylland,Nordjylland,DK-81,region,,46.8,,,4,Europe/Copenhagen,FALSE,1208289987
Hjortkær,Hjortkaer,Hjordkær|Hjordkjær,55.5424,8.7184,Denmark,DK,DNK,Syddanmark,Syddanmark,DK-83,region,,22.5,,,4,Europe/Copenhagen,FALSE,1208618790
Rue,Rue,Ru,55.6895,9.4195,Denmark,DK,DNK,Syddanmark,Syddanmark,DK-83,region,,149.4,,,4,Europe/Copenhagen,FALSE,1208601107
Rue,Rue,Rude,55.4527,10.2097,Denmark,DK,DNK,Syddanmark,Syddanmark,DK-83,region,,89.7,,,4,Europe/Copenhagen,TRUE,1208171618
Bonderup,Bonderup,,56.7479,9.5904,Denmark,DK,DNK,Nordjylland,Nordjylland,DK-81,region,,11.2,,,4,Europe/Copenhagen,TRUE,1208067494
Bonderup,Bonderup,,55.8312,12.0976,Denmark,DK,DNK,Hovedstaden,Hovedstaden,DK-84,region,,962.8,,,3,Europe/Copenhagen,FALSE,1208847056
Bonderup,Bonderup,,55.2243,11.8551,Denmark,DK,DNK,Sjælland,Sjaelland,DK-85,region,,31.7,,,4,Europe/Copenhagen,FALSE,1208328020
Ryomgård,Ryomgard,Ryomgaard|Ryumgård|Ryumgaard,56.3843,10.5030,Denmark,DK,DNK,Midtjylland,Midtjylland,DK-82,region,,101.7,,,4,Europe/Copenhagen,FALSE,1208333271
Kogsbølle,Kogsbolle,,55.2808,10.7419,Denmark,DK,DNK,Syddanmark,Syddanmark,DK-83,region,,125.3,,,4,Europe/Copenhagen,FALSE,1208444594
Vester Vidstrup,Vester Vidstrup,,57.4609,9.7949,Denmark,DK,DNK,Nordjylland,Nordjylland,DK-81,region,,75.1,,,4,Europe/Copenhagen,FALSE,1208090619
Vinding,Vinding,,55.6729,9.5754,Denmark,DK,DNK,Syddanmark,Syddanmark,DK-83,region,,343.4,,,3,Europe/Copenhagen,FALSE,1208789845
Vinding,Vinding,,56.2833,8.6667,Denmark,DK,DNK,Midtjylland,Midtjylland,DK-82,region,,33.7,,,4,Europe/Copenhagen,FALSE,1208951120
Vinding,Vinding,,56.0229,9.5670,Denmark,DK,DNK,Midtjylland,Midtjylland,DK-82,region,,16.5,,,4,Europe/Copenhagen,TRUE,1208810472
Klitmøller,Klitmoller,,57.0407,8.4914,Denmark,DK,DNK,Nordjylland,Nordjylland,DK-81,region,,46.5,,,4,Europe/Copenhagen,FALSE,1208127474
Bederslev,Bederslev,Bedeslev,55.5493,10.3458,Denmark,DK,DNK,Syddanmark,Syddanmark,DK-83,region,,22.4,,,4,Europe/Copenhagen,FALSE,1208222489
Bøvl,Bovl,,55.8500,8.9167,Denmark,DK,DNK,Syddanmark,Syddanmark,DK-83,region,,26.6,,,4,Europe/Copenhagen,FALSE,1208824325
Vingsted,Vingsted,,55.6667,9.3667,Denmark,DK,DNK,Syddanmark,Syddanmark,DK-83,region,,71.8,,,4,Europe/Copenhagen,FALSE,1208300016
Krik,Krik,,56.7727,8.2769,Denmark,DK,DNK,Nordjylland,Nordjylland,DK-81,region,,28.8,,,4,Europe/Copenhagen,FALSE,1208606784
Rådvad,Radvad,Raadvad,55.5224,9.4354,Denmark,DK,DNK,Syddanmark,Syddanmark,DK-83,region,,185.1,,,4,Europe/Copenhagen,FALSE,1208391897
Store Restrup,Store Restrup,,57.0085,9.7733,Denmark,DK,DNK,Nordjylland,Nordjylland,DK-81,region,,43.8,,,4,Europe/Copenhagen,FALSE,1208574455
Braup,Braup,,54.8833,11.8000,Denmark,DK,DNK,Sjælland,Sjaelland,DK-85,region,,44.6,,,4,Europe/Copenhagen,FALSE,1208609229
Store Avnede,Store Avnede,Avnede,54.8273,11.1976,Denmark,DK,DNK,Sjælland,Sjaelland,DK-85,region,,27.7,,,4,Europe/Copenhagen,FALSE,1208802466
Arnum,Arnum,,55.2475,8.9687,Denmark,DK,DNK,Syddanmark,Syddanmark,DK-83,region,,20.8,,,4,Europe/Copenhagen,FALSE,1208412256
Harre,Harre,,56.7131,8.9259,Denmark,DK,DNK,Midtjylland,Midtjylland,DK-82,region,,36.6,,,4,Europe/Copenhagen,FALSE,1208247730
Gamløse,Gamlose,,55.7627,11.8231,Denmark,DK,DNK,Sjælland,Sjaelland,DK-85,region,,53.2,,,4,Europe/Copenhagen,FALSE,1208894436
Kirkholt,Kirkholt,Kirkeholt,57.3044,10.1579,Denmark,DK,DNK,Nordjylland,Nordjylland,DK-81,region,,35.1,,,4,Europe/Copenhagen,FALSE,1208775591
Fandrup,Fandrup,,56.7641,9.3010,Denmark,DK,DNK,Nordjylland,Nordjylland,DK-81,region,,93.9,,,4,Europe/Copenhagen,FALSE,1208802273
Stevnstrup,Stevnstrup,Stevnstrup Stationsby,56.4342,9.9462,Denmark,DK,DNK,Midtjylland,Midtjylland,DK-82,region,,263.7,,,3,Europe/Copenhagen,FALSE,1208732886
Kirkeby,Kirkeby,,55.4675,9.3169,Denmark,DK,DNK,Syddanmark,Syddanmark,DK-83,region,,111.3,,,4,Europe/Copenhagen,FALSE,1208563234
Kirkeby,Kirkeby,,55.1130,10.5308,Denmark,DK,DNK,Syddanmark,Syddanmark,DK-83,region,,86.5,,,4,Europe/Copenhagen,TRUE,1208878142
Kirkeby,Kirkeby,,55.2458,8.8285,Denmark,DK,DNK,Syddanmark,Syddanmark,DK-83,region,,20.1,,,4,Europe/Copenhagen,TRUE,1208477259
Kirkeby,Kirkeby,,55.7261,8.2425,Denmark,DK,DNK,Syddanmark,Syddanmark,DK-83,region,,11.8,,,4,Europe/Copenhagen,TRUE,1208532750
Kirkeby,Kirkeby,Rybjerg Kirkeby,56.7191,9.0222,Denmark,DK,DNK,Midtjylland,Midtjylland,DK-82,region,,15.7,,,4,Europe/Copenhagen,FALSE,1208090908
Mellerup,Mellerup,,55.0087,9.3020,Denmark,DK,DNK,Syddanmark,Syddanmark,DK-83,region,,45.5,,,4,Europe/Copenhagen,FALSE,1208736471
Mellerup,Mellerup,,56.5213,10.2070,Denmark,DK,DNK,Midtjylland,Midtjylland,DK-82,region,,101.2,,,4,Europe/Copenhagen,FALSE,1208952734
Kirkeby,Kirkeby,,55.2082,14.7430,Denmark,DK,DNK,Hovedstaden,Hovedstaden,DK-84,region,,19.6,,,4,Europe/Copenhagen,FALSE,1208346057
Kallø Skovby,Kallo Skovby,,54.8631,11.6678,Denmark,DK,DNK,Sjælland,Sjaelland,DK-85,region,,21.5,,,4,Europe/Copenhagen,FALSE,1208728176
Møgelkær,Mogelkaer,Mögelkjær,56.9174,8.4768,Denmark,DK,DNK,Nordjylland,Nordjylland,DK-81,region,,36.0,,,4,Europe/Copenhagen,FALSE,1208416678
Galsted,Galsted,,55.1604,9.2146,Denmark,DK,DNK,Syddanmark,Syddanmark,DK-83,region,,24.3,,,4,Europe/Copenhagen,FALSE,1208958761
Munkeby,Munkeby,,54.7636,11.1052,Denmark,DK,DNK,Sjælland,Sjaelland,DK-85,region,,15.1,,,4,Europe/Copenhagen,FALSE,1208803736
Perbøl,Perbol,,54.9193,9.3414,Denmark,DK,DNK,Syddanmark,Syddanmark,DK-83,region,,36.7,,,4,Europe/Copenhagen,FALSE,1208325703
Slæbæk,Slaebaek,,55.1133,10.5570,Denmark,DK,DNK,Syddanmark,Syddanmark,DK-83,region,,86.5,,,4,Europe/Copenhagen,FALSE,1208541808
Torning,Torning,Taarning,55.3612,9.5078,Denmark,DK,DNK,Syddanmark,Syddanmark,DK-83,region,,103.0,,,4,Europe/Copenhagen,FALSE,1208117263
Langesminde,Langesminde,,56.9894,10.2561,Denmark,DK,DNK,Nordjylland,Nordjylland,DK-81,region,,70.0,,,4,Europe/Copenhagen,FALSE,1208584816
Tårnby,Tarnby,Taarnby,55.6361,12.6019,Denmark,DK,DNK,Hovedstaden,Hovedstaden,DK-84,region,,3070.9,,,2,Europe/Copenhagen,FALSE,1208652794
Barsmark,Barsmark,,55.0819,9.5311,Denmark,DK,DNK,Syddanmark,Syddanmark,DK-83,region,,73.4,,,4,Europe/Copenhagen,FALSE,1208581233
Sønder Bindslev,Sonder Bindslev,,57.5270,10.1962,Denmark,DK,DNK,Nordjylland,Nordjylland,DK-81,region,,53.5,,,4,Europe/Copenhagen,FALSE,1208587462
Tim,Tim,Øster Tim|Tiim Stationsby,56.1956,8.3079,Denmark,DK,DNK,Midtjylland,Midtjylland,DK-82,region,,33.7,,,4,Europe/Copenhagen,FALSE,1208752014
Rise Hjarup,Rise Hjarup,,55.0807,9.3862,Denmark,DK,DNK,Syddanmark,Syddanmark,DK-83,region,,170.8,,,4,Europe/Copenhagen,FALSE,1208090338
Mejrup,Mejrup,,56.3637,8.6950,Denmark,DK,DNK,Midtjylland,Midtjylland,DK-82,region,,156.1,,,4,Europe/Copenhagen,FALSE,1208029080
Fjand Gårde,Fjand Garde,Fjande|Fjand,56.3207,8.1521,Denmark,DK,DNK,Midtjylland,Midtjylland,DK-82,region,,23.3,,,4,Europe/Copenhagen,FALSE,1208647819
Randerup,Randerup,Randrup,55.0861,8.7250,Denmark,DK,DNK,Syddanmark,Syddanmark,DK-83,region,,16.4,,,4,Europe/Copenhagen,FALSE,1208378258
Undløse,Undlose,Ondløse,55.6045,11.5883,Denmark,DK,DNK,Sjælland,Sjaelland,DK-85,region,,44.7,,,4,Europe/Copenhagen,FALSE,1208661675
Ammendrup,Ammendrup,,55.0901,12.0283,Denmark,DK,DNK,Sjælland,Sjaelland,DK-85,region,,29.4,,,4,Europe/Copenhagen,FALSE,1208000581
Ammendrup,Ammendrup,,56.0099,12.1994,Denmark,DK,DNK,Hovedstaden,Hovedstaden,DK-84,region,,355.1,,,3,Europe/Copenhagen,FALSE,1208783698
Flovlev,Flovlev,Frovlev|Flavlev,56.6362,8.5140,Denmark,DK,DNK,Midtjylland,Midtjylland,DK-82,region,,45.7,,,4,Europe/Copenhagen,FALSE,1208483936
Dannemare Høje,Dannemare Hoje,,54.7332,11.1523,Denmark,DK,DNK,Sjælland,Sjaelland,DK-85,region,,34.8,,,4,Europe/Copenhagen,FALSE,1208537991
Pedholt,Pedholt,,56.0260,10.2097,Denmark,DK,DNK,Midtjylland,Midtjylland,DK-82,region,,197.9,,,4,Europe/Copenhagen,FALSE,1208768236
Rårud,Rarud,Raarud,55.1182,10.5801,Denmark,DK,DNK,Syddanmark,Syddanmark,DK-83,region,,86.5,,,4,Europe/Copenhagen,FALSE,1208181328
Sigerslevvester,Sigerslevvester,,55.8779,12.0942,Denmark,DK,DNK,Hovedstaden,Hovedstaden,DK-84,region,,69.8,,,4,Europe/Copenhagen,FALSE,1208568695
Lyngsbæk,Lyngsbaek,,56.2414,10.6162,Denmark,DK,DNK,Midtjylland,Midtjylland,DK-82,region,,74.4,,,4,Europe/Copenhagen,FALSE,1208840378
Skalstrup,Skalstrup,,56.3618,8.2707,Denmark,DK,DNK,Midtjylland,Midtjylland,DK-82,region,,13.6,,,4,Europe/Copenhagen,FALSE,1208929103
Skalstrup,Skalstrup,,55.5852,12.1007,Denmark,DK,DNK,Sjælland,Sjaelland,DK-85,region,,85.1,,,4,Europe/Copenhagen,FALSE,1208571109
Lindholm Høje,Lindholm Hoje,,57.0833,9.9000,Denmark,DK,DNK,Nordjylland,Nordjylland,DK-81,region,,848.3,,,3,Europe/Copenhagen,FALSE,1208802068
Værslev,Vaerslev,,55.6562,11.2105,Denmark,DK,DNK,Sjælland,Sjaelland,DK-85,region,,26.1,,,4,Europe/Copenhagen,FALSE,1208937937
Kildekrog,Kildekrog,,56.0880,12.4217,Denmark,DK,DNK,Hovedstaden,Hovedstaden,DK-84,region,,181.3,,,4,Europe/Copenhagen,FALSE,1208933901
Løgstrup,Logstrup,,56.5103,9.3354,Denmark,DK,DNK,Midtjylland,Midtjylland,DK-82,region,,91.9,,,4,Europe/Copenhagen,FALSE,1208910584
Ammerup,Ammerup,,55.3528,12.2532,Denmark,DK,DNK,Sjælland,Sjaelland,DK-85,region,,198.8,,,4,Europe/Copenhagen,FALSE,1208942843
Gærup,Gaerup,Gjærup|Gjerup|Gerup,56.8546,8.6109,Denmark,DK,DNK,Nordjylland,Nordjylland,DK-81,region,,65.0,,,4,Europe/Copenhagen,FALSE,1208454722
Gærup,Gaerup,,54.9874,8.7619,Denmark,DK,DNK,Syddanmark,Syddanmark,DK-83,region,,17.9,,,4,Europe/Copenhagen,FALSE,1208636051
Travsted,Travsted,,54.9837,8.9438,Denmark,DK,DNK,Syddanmark,Syddanmark,DK-83,region,,19.9,,,4,Europe/Copenhagen,FALSE,1208746364
Ullemarke,Ullemarke,,55.0027,12.3314,Denmark,DK,DNK,Sjælland,Sjaelland,DK-85,region,,22.1,,,4,Europe/Copenhagen,FALSE,1208876968
Lynghuse,Lynghuse,,55.5000,12.2000,Denmark,DK,DNK,Sjælland,Sjaelland,DK-85,region,,442.0,,,3,Europe/Copenhagen,FALSE,1208826802
Kirke-Hyllinge,Kirke-Hyllinge,Hyllinge,55.7062,11.8998,Denmark,DK,DNK,Sjælland,Sjaelland,DK-85,region,,186.9,,,4,Europe/Copenhagen,FALSE,1208422762
Gravsholt,Gravsholt,,57.1232,10.0866,Denmark,DK,DNK,Nordjylland,Nordjylland,DK-81,region,,35.8,,,4,Europe/Copenhagen,FALSE,1208690437
Sønder Hostrup,Sonder Hostrup,Søndre Hostrup,54.9887,9.4518,Denmark,DK,DNK,Syddanmark,Syddanmark,DK-83,region,,63.8,,,4,Europe/Copenhagen,FALSE,1208063420
Grove,Grove,,56.3126,9.0412,Denmark,DK,DNK,Midtjylland,Midtjylland,DK-82,region,,3.6,,,5,Europe/Copenhagen,FALSE,1208491656
Gurede,Gurede,,55.7559,11.6447,Denmark,DK,DNK,Sjælland,Sjaelland,DK-85,region,,65.3,,,4,Europe/Copenhagen,FALSE,1208775903
Haverup,Haverup,,55.4448,11.5347,Denmark,DK,DNK,Sjælland,Sjaelland,DK-85,region,,575.9,,,3,Europe/Copenhagen,FALSE,1208525449
Serridslev,Serridslev,Serreslev,55.8995,9.8947,Denmark,DK,DNK,Midtjylland,Midtjylland,DK-82,region,,26.2,,,4,Europe/Copenhagen,FALSE,1208743059
Todbjerg,Todbjerg,Todbjærg,56.2681,10.2086,Denmark,DK,DNK,Midtjylland,Midtjylland,DK-82,region,,55.5,,,4,Europe/Copenhagen,FALSE,1208235605
Grumstrup,Grumstrup,,55.9646,9.9807,Denmark,DK,DNK,Midtjylland,Midtjylland,DK-82,region,,31.5,,,4,Europe/Copenhagen,FALSE,1208717070
Sortenshave,Sortenshave,,54.8507,12.1138,Denmark,DK,DNK,Sjælland,Sjaelland,DK-85,region,,21.5,,,4,Europe/Copenhagen,FALSE,1208085363
Riserup,Riserup,,54.8958,11.8285,Denmark,DK,DNK,Sjælland,Sjaelland,DK-85,region,,50.3,,,4,Europe/Copenhagen,FALSE,1208349716
Avbæk,Avbaek,Åbæk,55.0513,9.4677,Denmark,DK,DNK,Syddanmark,Syddanmark,DK-83,region,,73.4,,,4,Europe/Copenhagen,FALSE,1208839140
Tofte,Tofte,,55.5394,10.0986,Denmark,DK,DNK,Syddanmark,Syddanmark,DK-83,region,,41.9,,,4,Europe/Copenhagen,FALSE,1208968276
Tofte,Tofte,,55.1654,14.7187,Denmark,DK,DNK,Hovedstaden,Hovedstaden,DK-84,region,,233.4,,,3,Europe/Copenhagen,FALSE,1208044843
Gryderup,Gryderup,,55.3227,11.2358,Denmark,DK,DNK,Sjælland,Sjaelland,DK-85,region,,52.1,,,4,Europe/Copenhagen,FALSE,1208180691
Gunnestrup,Gunnestrup,,56.0887,10.1585,Denmark,DK,DNK,Midtjylland,Midtjylland,DK-82,region,,594.4,,,3,Europe/Copenhagen,FALSE,1208988248
Vester Alling,Vester Alling,,56.4115,10.2762,Denmark,DK,DNK,Midtjylland,Midtjylland,DK-82,region,,18.1,,,4,Europe/Copenhagen,FALSE,1208865488
Agedrup,Agedrup,,55.4322,10.4883,Denmark,DK,DNK,Syddanmark,Syddanmark,DK-83,region,,304.7,,,3,Europe/Copenhagen,FALSE,1208566631
Tindingebanke,Tindingebanke,,55.5219,11.3650,Denmark,DK,DNK,Sjælland,Sjaelland,DK-85,region,,228.0,,,3,Europe/Copenhagen,FALSE,1208959632
Kirke Såby,Kirke Saby,Kirke Saaby,55.6292,11.8717,Denmark,DK,DNK,Sjælland,Sjaelland,DK-85,region,,106.6,,,4,Europe/Copenhagen,FALSE,1208323524
Bækken,Baekken,,54.8846,9.5257,Denmark,DK,DNK,Syddanmark,Syddanmark,DK-83,region,,179.9,,,4,Europe/Copenhagen,FALSE,1208696032
Stovstrup,Stovstrup,,55.9188,8.5958,Denmark,DK,DNK,Midtjylland,Midtjylland,DK-82,region,,13.2,,,4,Europe/Copenhagen,FALSE,1208044393
Blåvand,Blavand,Blaavand,55.5529,8.1198,Denmark,DK,DNK,Syddanmark,Syddanmark,DK-83,region,,6.1,,,5,Europe/Copenhagen,FALSE,1208927971
Rekkende,Rekkende,Rekkinge,55.0818,12.0812,Denmark,DK,DNK,Sjælland,Sjaelland,DK-85,region,,29.4,,,4,Europe/Copenhagen,FALSE,1208000006
Herringe,Herringe,,55.1996,10.4615,Denmark,DK,DNK,Syddanmark,Syddanmark,DK-83,region,,37.2,,,4,Europe/Copenhagen,FALSE,1208894787
Skrydstrup,Skrydstrup,,55.2452,9.2542,Denmark,DK,DNK,Syddanmark,Syddanmark,DK-83,region,,49.8,,,4,Europe/Copenhagen,FALSE,1208540176
Fortunen,Fortunen,,55.7786,12.5409,Denmark,DK,DNK,Hovedstaden,Hovedstaden,DK-84,region,,1947.4,,,3,Europe/Copenhagen,FALSE,1208174209
Stæreby,Staereby,,55.0922,10.4286,Denmark,DK,DNK,Syddanmark,Syddanmark,DK-83,region,,48.7,,,4,Europe/Copenhagen,FALSE,1208587062
Bilstrup,Bilstrup,,56.5445,9.0120,Denmark,DK,DNK,Midtjylland,Midtjylland,DK-82,region,,550.7,,,3,Europe/Copenhagen,FALSE,1208963414
Brobyværk,Brobyvaerk,,55.2325,10.2648,Denmark,DK,DNK,Syddanmark,Syddanmark,DK-83,region,,61.7,,,4,Europe/Copenhagen,FALSE,1208759904
Træden,Traeden,,55.9704,9.6686,Denmark,DK,DNK,Midtjylland,Midtjylland,DK-82,region,,40.0,,,4,Europe/Copenhagen,FALSE,1208893554
Roved,Roved,,55.4671,9.2120,Denmark,DK,DNK,Syddanmark,Syddanmark,DK-83,region,,33.6,,,4,Europe/Copenhagen,FALSE,1208389641
Bjerremose,Bjerremose,Bjærgemose|Bjærgmose|Bjergmose,55.7355,8.5410,Denmark,DK,DNK,Syddanmark,Syddanmark,DK-83,region,,23.7,,,4,Europe/Copenhagen,FALSE,1208254342
Krårup,Krarup,Kraarup,54.8022,11.5503,Denmark,DK,DNK,Sjælland,Sjaelland,DK-85,region,,28.9,,,4,Europe/Copenhagen,FALSE,1208408009
Gjurup,Gjurup,,57.4564,9.9281,Denmark,DK,DNK,Nordjylland,Nordjylland,DK-81,region,,219.4,,,3,Europe/Copenhagen,FALSE,1208938365
Vented,Vented,,55.6660,11.5678,Denmark,DK,DNK,Sjælland,Sjaelland,DK-85,region,,151.6,,,4,Europe/Copenhagen,FALSE,1208036070
Barløse Tårup,Barlose Tarup,Barlöse Taarup|Barlöse Torp,55.3247,9.9589,Denmark,DK,DNK,Syddanmark,Syddanmark,DK-83,region,,30.1,,,4,Europe/Copenhagen,FALSE,1208368506
Vellinge,Vellinge,,55.5574,10.3782,Denmark,DK,DNK,Syddanmark,Syddanmark,DK-83,region,,22.4,,,4,Europe/Copenhagen,FALSE,1208124295
Vesterbjerge,Vesterbjerge,Vesterbjærge,55.9273,8.7528,Denmark,DK,DNK,Midtjylland,Midtjylland,DK-82,region,,40.5,,,4,Europe/Copenhagen,FALSE,1208829589
Ravsted,Ravsted,Rabsted,55.0092,9.1259,Denmark,DK,DNK,Syddanmark,Syddanmark,DK-83,region,,19.5,,,4,Europe/Copenhagen,FALSE,1208421323
Tunderup,Tunderup,,54.7859,12.0353,Denmark,DK,DNK,Sjælland,Sjaelland,DK-85,region,,29.5,,,4,Europe/Copenhagen,FALSE,1208988720
Sønder Saltum,Sonder Saltum,,57.2599,9.7296,Denmark,DK,DNK,Nordjylland,Nordjylland,DK-81,region,,33.0,,,4,Europe/Copenhagen,FALSE,1208680889
Lille Lihme,Lille Lihme,Lille Lime,55.6960,9.2718,Denmark,DK,DNK,Syddanmark,Syddanmark,DK-83,region,,31.6,,,4,Europe/Copenhagen,FALSE,1208251256
Skorup,Skorup,,56.2806,9.7435,Denmark,DK,DNK,Midtjylland,Midtjylland,DK-82,region,,6.7,,,5,Europe/Copenhagen,FALSE,1208267155
Regstrup,Regstrup,,55.6756,11.6157,Denmark,DK,DNK,Sjælland,Sjaelland,DK-85,region,,181.8,,,4,Europe/Copenhagen,FALSE,1208148679
Regstrup,Regstrup,Rejstrup,55.3517,10.7623,Denmark,DK,DNK,Syddanmark,Syddanmark,DK-83,region,,48.3,,,4,Europe/Copenhagen,FALSE,1208302552
Stenderup,Stenderup,Stendrup,55.7921,9.8097,Denmark,DK,DNK,Midtjylland,Midtjylland,DK-82,region,,102.3,,,4,Europe/Copenhagen,FALSE,1208020038
Stenderup,Stenderup,,54.9297,9.6983,Denmark,DK,DNK,Syddanmark,Syddanmark,DK-83,region,,107.7,,,4,Europe/Copenhagen,FALSE,1208857283
Stenderup,Stenderup,,55.2152,9.0511,Denmark,DK,DNK,Syddanmark,Syddanmark,DK-83,region,,77.5,,,4,Europe/Copenhagen,TRUE,1208730491
Stenderup,Stenderup,,55.6949,8.8407,Denmark,DK,DNK,Syddanmark,Syddanmark,DK-83,region,,36.8,,,4,Europe/Copenhagen,TRUE,1208373150
Stenderup,Stenderup,,55.4460,8.8843,Denmark,DK,DNK,Syddanmark,Syddanmark,DK-83,region,,30.1,,,4,Europe/Copenhagen,TRUE,1208304324
Stenderup,Stenderup,,55.2460,9.6134,Denmark,DK,DNK,Syddanmark,Syddanmark,DK-83,region,,27.5,,,4,Europe/Copenhagen,TRUE,1208568983
Stenderup,Stenderup,,55.3467,9.1304,Denmark,DK,DNK,Syddanmark,Syddanmark,DK-83,region,,23.5,,,4,Europe/Copenhagen,TRUE,1208081002
Store Ladager,Store Ladager,,55.5161,12.0745,Denmark,DK,DNK,Sjælland,Sjaelland,DK-85,region,,201.5,,,3,Europe/Copenhagen,FALSE,1208912111
Gannebro,Gannebro,,55.2799,12.1624,Denmark,DK,DNK,Sjælland,Sjaelland,DK-85,region,,48.4,,,4,Europe/Copenhagen,FALSE,1208175819
Voldby,Voldby,Volby,55.4947,9.8360,Denmark,DK,DNK,Syddanmark,Syddanmark,DK-83,region,,125.5,,,4,Europe/Copenhagen,FALSE,1208981515
Fåborg,Faborg,Faaborg,55.5860,8.7399,Denmark,DK,DNK,Syddanmark,Syddanmark,DK-83,region,,20.9,,,4,Europe/Copenhagen,TRUE,1208469890
Nørre Vium,Norre Vium,,56.0356,8.7165,Denmark,DK,DNK,Midtjylland,Midtjylland,DK-82,region,,17.1,,,4,Europe/Copenhagen,FALSE,1208682862
Maglemer,Maglemer,,54.7969,11.5033,Denmark,DK,DNK,Sjælland,Sjaelland,DK-85,region,,79.0,,,4,Europe/Copenhagen,FALSE,1208275871
Oreby,Oreby,,54.8205,11.6122,Denmark,DK,DNK,Sjælland,Sjaelland,DK-85,region,,201.6,,,3,Europe/Copenhagen,FALSE,1208196412
Oreby,Oreby,,55.0404,11.8310,Denmark,DK,DNK,Sjælland,Sjaelland,DK-85,region,,123.2,,,4,Europe/Copenhagen,TRUE,1208491723
Oreby,Oreby,,55.2675,11.3932,Denmark,DK,DNK,Sjælland,Sjaelland,DK-85,region,,25.5,,,4,Europe/Copenhagen,TRUE,1208485776
Udbyover,Udbyover,Udbyovre,56.6488,10.2141,Denmark,DK,DNK,Midtjylland,Midtjylland,DK-82,region,,26.9,,,4,Europe/Copenhagen,FALSE,1208858028
Robbedale,Robbedale,,55.0839,14.7520,Denmark,DK,DNK,Hovedstaden,Hovedstaden,DK-84,region,,429.7,,,3,Europe/Copenhagen,FALSE,1208000030
Sandby,Sandby,,56.2971,10.0621,Denmark,DK,DNK,Midtjylland,Midtjylland,DK-82,region,,242.6,,,3,Europe/Copenhagen,FALSE,1208697620
Sandby,Sandby,,55.3797,11.7453,Denmark,DK,DNK,Sjælland,Sjaelland,DK-85,region,,41.3,,,4,Europe/Copenhagen,FALSE,1208688650
Sandby,Sandby,,55.7357,11.5098,Denmark,DK,DNK,Sjælland,Sjaelland,DK-85,region,,40.8,,,4,Europe/Copenhagen,TRUE,1208358376
Sandby,Sandby,,54.8754,11.0878,Denmark,DK,DNK,Sjælland,Sjaelland,DK-85,region,,22.8,,,4,Europe/Copenhagen,TRUE,1208321365
Småkær,Smakaer,Smaakjær|Smaakær,55.6826,9.3237,Denmark,DK,DNK,Syddanmark,Syddanmark,DK-83,region,,31.6,,,4,Europe/Copenhagen,FALSE,1208399001
Grønnemose,Gronnemose,,55.4175,10.0516,Denmark,DK,DNK,Syddanmark,Syddanmark,DK-83,region,,37.3,,,4,Europe/Copenhagen,FALSE,1208305815
Oksvang,Oksvang,Oxvang,55.5130,8.5281,Denmark,DK,DNK,Syddanmark,Syddanmark,DK-83,region,,56.5,,,4,Europe/Copenhagen,FALSE,1208721311
Sønder Rubjerg,Sonder Rubjerg,Sønder Rubjærg,57.4167,9.7667,Denmark,DK,DNK,Nordjylland,Nordjylland,DK-81,region,,29.3,,,4,Europe/Copenhagen,FALSE,1208971547
Fangel,Fangel,,55.3122,10.3190,Denmark,DK,DNK,Syddanmark,Syddanmark,DK-83,region,,69.5,,,4,Europe/Copenhagen,FALSE,1208368483
Arresødal,Arresodal,,55.9760,12.0329,Denmark,DK,DNK,Hovedstaden,Hovedstaden,DK-84,region,,633.0,,,3,Europe/Copenhagen,FALSE,1208213798
Krænkerup,Kraenkerup,,55.4667,11.3000,Denmark,DK,DNK,Sjælland,Sjaelland,DK-85,region,,37.5,,,4,Europe/Copenhagen,FALSE,1208026644
Låge,Lage,Laage,57.4467,9.8557,Denmark,DK,DNK,Nordjylland,Nordjylland,DK-81,region,,34.8,,,4,Europe/Copenhagen,FALSE,1208314237
Tanderupkær,Tanderupkaer,,56.0987,8.8600,Denmark,DK,DNK,Midtjylland,Midtjylland,DK-82,region,,37.3,,,4,Europe/Copenhagen,FALSE,1208871130
Robstrup,Robstrup,,56.4450,10.8842,Denmark,DK,DNK,Midtjylland,Midtjylland,DK-82,region,,194.7,,,4,Europe/Copenhagen,FALSE,1208613018
Lobbæk,Lobbaek,,55.0745,14.8350,Denmark,DK,DNK,Hovedstaden,Hovedstaden,DK-84,region,,25.5,,,4,Europe/Copenhagen,FALSE,1208698184
Torstrup,Torstrup,Thorstrup,55.6774,8.5699,Denmark,DK,DNK,Syddanmark,Syddanmark,DK-83,region,,35.9,,,4,Europe/Copenhagen,FALSE,1208276021
Lendemark,Lendemark,Lændemark,54.9476,9.0970,Denmark,DK,DNK,Syddanmark,Syddanmark,DK-83,region,,21.5,,,4,Europe/Copenhagen,FALSE,1208812404
Skibsby,Skibsby,Skisby,57.4826,10.0275,Denmark,DK,DNK,Nordjylland,Nordjylland,DK-81,region,,200.4,,,3,Europe/Copenhagen,FALSE,1208801966
Bønstrup,Bonstrup,,55.4404,9.2900,Denmark,DK,DNK,Syddanmark,Syddanmark,DK-83,region,,133.9,,,4,Europe/Copenhagen,FALSE,1208222558
Helligpeder,Helligpeder,,55.2096,14.7106,Denmark,DK,DNK,Hovedstaden,Hovedstaden,DK-84,region,,19.6,,,4,Europe/Copenhagen,FALSE,1208245344
Nørum,Norum,,57.4670,9.8861,Denmark,DK,DNK,Nordjylland,Nordjylland,DK-81,region,,17.5,,,4,Europe/Copenhagen,FALSE,1208061651
Lille Velling,Lille Velling,,55.6222,9.6074,Denmark,DK,DNK,Syddanmark,Syddanmark,DK-83,region,,49.6,,,4,Europe/Copenhagen,FALSE,1208962713
Glatved,Glatved,,56.3160,10.8271,Denmark,DK,DNK,Midtjylland,Midtjylland,DK-82,region,,20.6,,,4,Europe/Copenhagen,FALSE,1208779065
Hjordkær,Hjordkaer,,55.0266,9.3051,Denmark,DK,DNK,Syddanmark,Syddanmark,DK-83,region,,63.6,,,4,Europe/Copenhagen,FALSE,1208583096
Kejlstrup,Kejlstrup,,56.0000,9.3333,Denmark,DK,DNK,Midtjylland,Midtjylland,DK-82,region,,39.2,,,4,Europe/Copenhagen,FALSE,1208062419
Kejlstrup,Kejlstrup,,56.2675,10.5565,Denmark,DK,DNK,Midtjylland,Midtjylland,DK-82,region,,34.0,,,4,Europe/Copenhagen,TRUE,1208705399
Læsø,Laeso,,54.7826,11.0936,Denmark,DK,DNK,Sjælland,Sjaelland,DK-85,region,,27.0,,,4,Europe/Copenhagen,FALSE,1208661056
Vigsnæs,Vigsnaes,Vigs Ness,54.8889,11.6566,Denmark,DK,DNK,Sjælland,Sjaelland,DK-85,region,,10.0,,,5,Europe/Copenhagen,FALSE,1208860544
Klastrup,Klastrup,,57.4771,10.0618,Denmark,DK,DNK,Nordjylland,Nordjylland,DK-81,region,,46.4,,,4,Europe/Copenhagen,FALSE,1208770689
Klastrup,Klastrup,,57.0445,8.8299,Denmark,DK,DNK,Nordjylland,Nordjylland,DK-81,region,,17.7,,,4,Europe/Copenhagen,TRUE,1208396051
Gjessø,Gjesso,Gjedsö|Gedsö,56.1163,9.4949,Denmark,DK,DNK,Midtjylland,Midtjylland,DK-82,region,,55.3,,,4,Europe/Copenhagen,FALSE,1208330741
Farstrup,Farstrup,,56.9854,9.4599,Denmark,DK,DNK,Nordjylland,Nordjylland,DK-81,region,,21.8,,,4,Europe/Copenhagen,FALSE,1208598716
Farstrup,Farstrup,,55.4693,10.1944,Denmark,DK,DNK,Syddanmark,Syddanmark,DK-83,region,,88.1,,,4,Europe/Copenhagen,FALSE,1208995852
Brårup,Brarup,Braarup,56.9366,9.3935,Denmark,DK,DNK,Nordjylland,Nordjylland,DK-81,region,,11.4,,,4,Europe/Copenhagen,FALSE,1208232663
Brårup,Brarup,Braarup,56.3109,9.6585,Denmark,DK,DNK,Midtjylland,Midtjylland,DK-82,region,,75.9,,,4,Europe/Copenhagen,FALSE,1208380129
Brarup,Brarup,,54.8795,11.8080,Denmark,DK,DNK,Sjælland,Sjaelland,DK-85,region,,44.6,,,4,Europe/Copenhagen,FALSE,1208709107
Bovlund,Bovlund,,55.1009,9.0902,Denmark,DK,DNK,Syddanmark,Syddanmark,DK-83,region,,24.3,,,4,Europe/Copenhagen,FALSE,1208165388
Vemb,Vemb,Vem,56.3423,8.3375,Denmark,DK,DNK,Midtjylland,Midtjylland,DK-82,region,,64.9,,,4,Europe/Copenhagen,FALSE,1208236515
Egerup,Egerup,,55.2644,9.9717,Denmark,DK,DNK,Syddanmark,Syddanmark,DK-83,region,,31.2,,,4,Europe/Copenhagen,FALSE,1208748395
Egerup,Egerup,,55.2761,11.2564,Denmark,DK,DNK,Sjælland,Sjaelland,DK-85,region,,52.1,,,4,Europe/Copenhagen,FALSE,1208772682
Egerup,Egerup,,55.4545,11.7026,Denmark,DK,DNK,Sjælland,Sjaelland,DK-85,region,,28.5,,,4,Europe/Copenhagen,TRUE,1208939325
Aggersborg,Aggersborg,Agersborg,57.0000,9.2667,Denmark,DK,DNK,Nordjylland,Nordjylland,DK-81,region,,26.1,,,4,Europe/Copenhagen,FALSE,1208677170
Thorsø,Thorso,Torsø,56.2995,9.7892,Denmark,DK,DNK,Midtjylland,Midtjylland,DK-82,region,,212.4,,,3,Europe/Copenhagen,FALSE,1208313271
Thorsø,Thorso,Torsö,56.4544,10.8435,Denmark,DK,DNK,Midtjylland,Midtjylland,DK-82,region,,59.0,,,4,Europe/Copenhagen,TRUE,1208977300
Overbjerg,Overbjerg,Overbjærg,55.7281,11.0236,Denmark,DK,DNK,Sjælland,Sjaelland,DK-85,region,,104.6,,,4,Europe/Copenhagen,FALSE,1208646203
Haldagerlille,Haldagerlille,Haldagerville|Halagerlille,55.3308,11.5075,Denmark,DK,DNK,Sjælland,Sjaelland,DK-85,region,,33.8,,,4,Europe/Copenhagen,FALSE,1208240188
Norre,Norre,,54.7324,11.4031,Denmark,DK,DNK,Sjælland,Sjaelland,DK-85,region,,11.9,,,4,Europe/Copenhagen,FALSE,1208165109
Favrby,Favrby,Faverby|Favrbøge,55.2333,12.1667,Denmark,DK,DNK,Sjælland,Sjaelland,DK-85,region,,205.7,,,3,Europe/Copenhagen,FALSE,1208752570
Stånum,Stanum,Staanum,56.4158,10.0940,Denmark,DK,DNK,Midtjylland,Midtjylland,DK-82,region,,399.6,,,3,Europe/Copenhagen,FALSE,1208912205
Dalbyneder,Dalbyneder,Dalbynedre,56.6340,10.2213,Denmark,DK,DNK,Midtjylland,Midtjylland,DK-82,region,,20.4,,,4,Europe/Copenhagen,FALSE,1208005853
Strande,Strande,,56.5686,8.1617,Denmark,DK,DNK,Midtjylland,Midtjylland,DK-82,region,,15.1,,,4,Europe/Copenhagen,FALSE,1208524575
Sædingeskov,Saedingeskov,Sædingskov,54.7293,11.4297,Denmark,DK,DNK,Sjælland,Sjaelland,DK-85,region,,37.5,,,4,Europe/Copenhagen,FALSE,1208948531
Flade,Flade,,56.8894,8.7931,Denmark,DK,DNK,Nordjylland,Nordjylland,DK-81,region,,31.6,,,4,Europe/Copenhagen,FALSE,1208557081
Lavindsgårde,Lavindsgarde,Lavindsgaarde,55.3500,10.5833,Denmark,DK,DNK,Syddanmark,Syddanmark,DK-83,region,,297.0,,,3,Europe/Copenhagen,FALSE,1208648507
Tranekær,Tranekaer,Tranekiar|Tranekjær,54.9976,10.8438,Denmark,DK,DNK,Syddanmark,Syddanmark,DK-83,region,,7.0,,,5,Europe/Copenhagen,FALSE,1208882043
Ølholm,Olholm,,55.8369,9.5288,Denmark,DK,DNK,Midtjylland,Midtjylland,DK-82,region,,61.6,,,4,Europe/Copenhagen,FALSE,1208160878
Skrave By,Skrave By,Skrave Kirke,55.4106,9.1061,Denmark,DK,DNK,Syddanmark,Syddanmark,DK-83,region,,17.9,,,4,Europe/Copenhagen,FALSE,1208347826
Tørringe,Torringe,Törring,55.2208,10.2596,Denmark,DK,DNK,Syddanmark,Syddanmark,DK-83,region,,61.7,,,4,Europe/Copenhagen,FALSE,1208587165
Lisbjerg,Lisbjerg,Lisbjærg,56.2208,10.1686,Denmark,DK,DNK,Midtjylland,Midtjylland,DK-82,region,,85.8,,,4,Europe/Copenhagen,FALSE,1208279999
Spangsbro,Spangsbro,,55.6907,11.1493,Denmark,DK,DNK,Sjælland,Sjaelland,DK-85,region,,74.5,,,4,Europe/Copenhagen,FALSE,1208028148
Ravnebjerg,Ravnebjerg,Ravnebjærg,55.3787,10.2648,Denmark,DK,DNK,Syddanmark,Syddanmark,DK-83,region,,214.6,,,3,Europe/Copenhagen,FALSE,1208850847
Kvium,Kvium,,56.4368,8.6850,Denmark,DK,DNK,Midtjylland,Midtjylland,DK-82,region,,60.0,,,4,Europe/Copenhagen,FALSE,1208749436
Bjerge,Bjerge,Bjærge|Bierre,55.5883,11.1912,Denmark,DK,DNK,Sjælland,Sjaelland,DK-85,region,,52.2,,,4,Europe/Copenhagen,FALSE,1208720391
Ravnebjerg,Ravnebjerg,Ravnebjærg,55.3381,11.4975,Denmark,DK,DNK,Sjælland,Sjaelland,DK-85,region,,33.5,,,4,Europe/Copenhagen,FALSE,1208196783
Nøkkentved,Nokkentved,,55.6747,11.5351,Denmark,DK,DNK,Sjælland,Sjaelland,DK-85,region,,140.3,,,4,Europe/Copenhagen,FALSE,1208815609
Vrå,Vra,Vraa,55.5273,9.3453,Denmark,DK,DNK,Syddanmark,Syddanmark,DK-83,region,,30.3,,,4,Europe/Copenhagen,FALSE,1208129917
Vrå,Vra,Vraa,56.1727,9.0107,Denmark,DK,DNK,Midtjylland,Midtjylland,DK-82,region,,183.5,,,4,Europe/Copenhagen,FALSE,1208940183
Vrå,Vra,Vraa,56.5333,9.6000,Denmark,DK,DNK,Midtjylland,Midtjylland,DK-82,region,,39.5,,,4,Europe/Copenhagen,TRUE,1208924544
Vrå,Vra,Vraa,57.3476,9.9515,Denmark,DK,DNK,Nordjylland,Nordjylland,DK-81,region,,129.8,,,4,Europe/Copenhagen,FALSE,1208612089
Vrå,Vra,Vraa,56.7276,9.9794,Denmark,DK,DNK,Nordjylland,Nordjylland,DK-81,region,,18.2,,,4,Europe/Copenhagen,TRUE,1208264295
Østerskov,Osterskov,Pjedsted Stationsby,55.6000,9.6667,Denmark,DK,DNK,Syddanmark,Syddanmark,DK-83,region,,195.4,,,4,Europe/Copenhagen,FALSE,1208065114
Østerskov,Osterskov,,54.7833,10.7333,Denmark,DK,DNK,Syddanmark,Syddanmark,DK-83,region,,26.1,,,4,Europe/Copenhagen,TRUE,1208785654
Klejsmølle,Klejsmolle,,55.7333,9.9333,Denmark,DK,DNK,Midtjylland,Midtjylland,DK-82,region,,39.9,,,4,Europe/Copenhagen,FALSE,1208412774
Sønderøkse,Sonderokse,,57.0961,9.5808,Denmark,DK,DNK,Nordjylland,Nordjylland,DK-81,region,,118.7,,,4,Europe/Copenhagen,FALSE,1208336864
Knudsbøl,Knudsbol,,55.5762,9.3030,Denmark,DK,DNK,Syddanmark,Syddanmark,DK-83,region,,48.2,,,4,Europe/Copenhagen,FALSE,1208949790
Kjeldbjerg,Kjeldbjerg,Keldbjærg,56.4736,9.0523,Denmark,DK,DNK,Midtjylland,Midtjylland,DK-82,region,,6.1,,,5,Europe/Copenhagen,FALSE,1208836325
Nørre Nebel,Norre Nebel,,55.7798,8.2952,Denmark,DK,DNK,Syddanmark,Syddanmark,DK-83,region,,75.8,,,4,Europe/Copenhagen,FALSE,1208919196
Sønder Åby,Sonder Aby,Sønder Aaby,55.3620,9.8739,Denmark,DK,DNK,Syddanmark,Syddanmark,DK-83,region,,16.3,,,4,Europe/Copenhagen,FALSE,1208378203
Todderup,Todderup,,56.1836,10.0999,Denmark,DK,DNK,Midtjylland,Midtjylland,DK-82,region,,785.4,,,3,Europe/Copenhagen,FALSE,1208790977
Høvelte,Hovelte,,55.8532,12.3910,Denmark,DK,DNK,Hovedstaden,Hovedstaden,DK-84,region,,234.4,,,3,Europe/Copenhagen,FALSE,1208586983
Øster Doense,Oster Doense,Öster Doens,56.7091,9.8403,Denmark,DK,DNK,Nordjylland,Nordjylland,DK-81,region,,39.1,,,4,Europe/Copenhagen,FALSE,1208795428
Kallehave,Kallehave,,54.6754,11.6742,Denmark,DK,DNK,Sjælland,Sjaelland,DK-85,region,,23.4,,,4,Europe/Copenhagen,FALSE,1208531530
Bajlum,Bajlum,,56.6922,8.9481,Denmark,DK,DNK,Midtjylland,Midtjylland,DK-82,region,,22.9,,,4,Europe/Copenhagen,FALSE,1208324661
Sem,Sem,Seem,56.6263,10.0932,Denmark,DK,DNK,Midtjylland,Midtjylland,DK-82,region,,8.7,,,5,Europe/Copenhagen,FALSE,1208486046
Vejleby,Vejleby,,55.7478,11.4582,Denmark,DK,DNK,Sjælland,Sjaelland,DK-85,region,,109.1,,,4,Europe/Copenhagen,FALSE,1208632387
Vejleby,Vejleby,Veilby,54.7471,11.3257,Denmark,DK,DNK,Sjælland,Sjaelland,DK-85,region,,28.4,,,4,Europe/Copenhagen,TRUE,1208137660
Vejleby,Vejleby,,55.7648,11.8915,Denmark,DK,DNK,Hovedstaden,Hovedstaden,DK-84,region,,42.0,,,4,Europe/Copenhagen,FALSE,1208251241
Langstrup,Langstrup,,55.9524,12.4660,Denmark,DK,DNK,Hovedstaden,Hovedstaden,DK-84,region,,241.2,,,3,Europe/Copenhagen,FALSE,1208117276
Skovsborg,Skovsborg,,56.3056,9.5423,Denmark,DK,DNK,Midtjylland,Midtjylland,DK-82,region,,38.8,,,4,Europe/Copenhagen,FALSE,1208612386
Glappe,Glappe,Glappehuse,55.1530,15.0101,Denmark,DK,DNK,Hovedstaden,Hovedstaden,DK-84,region,,24.2,,,4,Europe/Copenhagen,FALSE,1208713266
Vester Doense,Vester Doense,Doense|Vester Doens,56.7107,9.8082,Denmark,DK,DNK,Nordjylland,Nordjylland,DK-81,region,,39.1,,,4,Europe/Copenhagen,FALSE,1208309400
Smidie,Smidie,,56.8603,10.1396,Denmark,DK,DNK,Nordjylland,Nordjylland,DK-81,region,,39.1,,,4,Europe/Copenhagen,FALSE,1208066862
Vorre,Vorre,,56.2787,10.2945,Denmark,DK,DNK,Midtjylland,Midtjylland,DK-82,region,,406.1,,,3,Europe/Copenhagen,FALSE,1208178919
Mostrup,Mostrup,,57.5165,10.2746,Denmark,DK,DNK,Nordjylland,Nordjylland,DK-81,region,,20.8,,,4,Europe/Copenhagen,FALSE,1208909660
Vesterlund,Vesterlund,Vesterlund Stationsby,55.9138,9.3259,Denmark,DK,DNK,Syddanmark,Syddanmark,DK-83,region,,24.0,,,4,Europe/Copenhagen,FALSE,1208386448
Åstofte,Astofte,Aastofte,55.8219,11.5203,Denmark,DK,DNK,Sjælland,Sjaelland,DK-85,region,,159.3,,,4,Europe/Copenhagen,FALSE,1208664174
Hanehoved,Hanehoved,,55.9683,11.9888,Denmark,DK,DNK,Hovedstaden,Hovedstaden,DK-84,region,,181.3,,,4,Europe/Copenhagen,FALSE,1208274529
Gershøj,Gershoj,Gjershöj,55.7126,11.9695,Denmark,DK,DNK,Sjælland,Sjaelland,DK-85,region,,82.4,,,4,Europe/Copenhagen,FALSE,1208888141
Ejdrup,Ejdrup,,56.8908,9.5392,Denmark,DK,DNK,Nordjylland,Nordjylland,DK-81,region,,12.4,,,4,Europe/Copenhagen,FALSE,1208332683
Nagbøl,Nagbol,,55.4609,9.2890,Denmark,DK,DNK,Syddanmark,Syddanmark,DK-83,region,,111.3,,,4,Europe/Copenhagen,FALSE,1208365505
Ørsløkke,Orslokke,,54.8997,11.2454,Denmark,DK,DNK,Sjælland,Sjaelland,DK-85,region,,23.1,,,4,Europe/Copenhagen,FALSE,1208449239
Bjærup,Bjaerup,Bjerup,55.3355,11.4143,Denmark,DK,DNK,Sjælland,Sjaelland,DK-85,region,,85.7,,,4,Europe/Copenhagen,FALSE,1208295791
Vester Børsting,Vester Borsting,,56.4610,9.0666,Denmark,DK,DNK,Midtjylland,Midtjylland,DK-82,region,,6.1,,,5,Europe/Copenhagen,FALSE,1208435603
Svorbæk,Svorbaek,,56.0107,10.1664,Denmark,DK,DNK,Midtjylland,Midtjylland,DK-82,region,,243.6,,,3,Europe/Copenhagen,FALSE,1208575921
Skivholme,Skivholme,,56.2010,9.9703,Denmark,DK,DNK,Midtjylland,Midtjylland,DK-82,region,,89.0,,,4,Europe/Copenhagen,FALSE,1208615923
Hellum,Hellum,,57.2694,10.1663,Denmark,DK,DNK,Nordjylland,Nordjylland,DK-81,region,,18.8,,,4,Europe/Copenhagen,FALSE,1208642958
Hellum,Hellum,,56.8196,9.9565,Denmark,DK,DNK,Nordjylland,Nordjylland,DK-81,region,,12.2,,,4,Europe/Copenhagen,TRUE,1208908735
Tuesbøl,Tuesbol,,55.4966,9.0060,Denmark,DK,DNK,Syddanmark,Syddanmark,DK-83,region,,110.3,,,4,Europe/Copenhagen,FALSE,1208885241
Lønne Hede,Lonne Hede,,55.7754,8.2576,Denmark,DK,DNK,Syddanmark,Syddanmark,DK-83,region,,22.1,,,4,Europe/Copenhagen,FALSE,1208988622
Guldager,Guldager,,55.5316,8.4007,Denmark,DK,DNK,Syddanmark,Syddanmark,DK-83,region,,382.9,,,3,Europe/Copenhagen,FALSE,1208502096
Guldager,Guldager,,57.3893,10.0011,Denmark,DK,DNK,Nordjylland,Nordjylland,DK-81,region,,25.2,,,4,Europe/Copenhagen,FALSE,1208976585
Guldager,Guldager,,56.7167,9.5000,Denmark,DK,DNK,Nordjylland,Nordjylland,DK-81,region,,15.5,,,4,Europe/Copenhagen,TRUE,1208737304
Karlslunde,Karlslunde,Kalvslunde|Kalfslunde,55.5726,12.2258,Denmark,DK,DNK,Sjælland,Sjaelland,DK-85,region,,452.9,,,3,Europe/Copenhagen,FALSE,1208566257
Kinderballe,Kinderballe,,54.8017,10.6876,Denmark,DK,DNK,Syddanmark,Syddanmark,DK-83,region,,23.7,,,4,Europe/Copenhagen,FALSE,1208488787
Klegod,Klegod,,56.0792,8.1183,Denmark,DK,DNK,Midtjylland,Midtjylland,DK-82,region,,86.8,,,4,Europe/Copenhagen,FALSE,1208879636
Ornum,Ornum,,55.0333,9.5833,Denmark,DK,DNK,Syddanmark,Syddanmark,DK-83,region,,50.2,,,4,Europe/Copenhagen,FALSE,1208817016
Ornum,Ornum,,55.5500,11.1833,Denmark,DK,DNK,Sjælland,Sjaelland,DK-85,region,,134.9,,,4,Europe/Copenhagen,FALSE,1208125093
Bredmose,Bredmose,,55.5677,8.2284,Denmark,DK,DNK,Syddanmark,Syddanmark,DK-83,region,,5.4,,,5,Europe/Copenhagen,FALSE,1208234792
Sønder Nissum,Sonder Nissum,,56.3062,8.1896,Denmark,DK,DNK,Midtjylland,Midtjylland,DK-82,region,,23.3,,,4,Europe/Copenhagen,FALSE,1208460673
Brænore,Braenore,,55.3912,9.4205,Denmark,DK,DNK,Syddanmark,Syddanmark,DK-83,region,,33.4,,,4,Europe/Copenhagen,FALSE,1208277240
Gesager,Gesager,Gjesager,55.7894,9.6799,Denmark,DK,DNK,Midtjylland,Midtjylland,DK-82,region,,419.8,,,3,Europe/Copenhagen,FALSE,1208519540
Bjerndrup,Bjerndrup,,55.4980,8.7918,Denmark,DK,DNK,Syddanmark,Syddanmark,DK-83,region,,56.7,,,4,Europe/Copenhagen,FALSE,1208931006
Bjerndrup,Bjerndrup,,54.9330,9.3290,Denmark,DK,DNK,Syddanmark,Syddanmark,DK-83,region,,36.7,,,4,Europe/Copenhagen,TRUE,1208339542
Bjerndrup,Bjerndrup,,55.3269,9.3889,Denmark,DK,DNK,Syddanmark,Syddanmark,DK-83,region,,27.6,,,4,Europe/Copenhagen,TRUE,1208756722
Bjerndrup,Bjerndrup,,55.0925,9.0165,Denmark,DK,DNK,Syddanmark,Syddanmark,DK-83,region,,25.0,,,4,Europe/Copenhagen,TRUE,1208686967
Boring,Boring,,55.8695,9.5965,Denmark,DK,DNK,Midtjylland,Midtjylland,DK-82,region,,65.4,,,4,Europe/Copenhagen,FALSE,1208491213
Skåstrup,Skastrup,Skaastrup,55.5300,10.0099,Denmark,DK,DNK,Syddanmark,Syddanmark,DK-83,region,,46.8,,,4,Europe/Copenhagen,FALSE,1208888218
Nørrevang,Norrevang,,55.9645,11.7718,Denmark,DK,DNK,Sjælland,Sjaelland,DK-85,region,,63.5,,,4,Europe/Copenhagen,FALSE,1208323793
Vidstrup,Vidstrup,,56.3357,9.7675,Denmark,DK,DNK,Midtjylland,Midtjylland,DK-82,region,,30.0,,,4,Europe/Copenhagen,FALSE,1208170601
Tingskovhede,Tingskovhede,,55.3869,9.4765,Denmark,DK,DNK,Syddanmark,Syddanmark,DK-83,region,,40.9,,,4,Europe/Copenhagen,FALSE,1208862881
Stenild,Stenild,,56.6833,9.6667,Denmark,DK,DNK,Nordjylland,Nordjylland,DK-81,region,,25.4,,,4,Europe/Copenhagen,FALSE,1208748710
Ørsø,Orso,,57.1763,10.3345,Denmark,DK,DNK,Nordjylland,Nordjylland,DK-81,region,,52.4,,,4,Europe/Copenhagen,FALSE,1208991662
Klampenborg,Klampenborg,,55.7763,12.5901,Denmark,DK,DNK,Hovedstaden,Hovedstaden,DK-84,region,,979.2,,,3,Europe/Copenhagen,FALSE,1208777578
Hajstrup,Hajstrup,,55.2548,9.6707,Denmark,DK,DNK,Syddanmark,Syddanmark,DK-83,region,,36.6,,,4,Europe/Copenhagen,FALSE,1208988864
Hajstrup,Hajstrup,,54.9311,9.1133,Denmark,DK,DNK,Syddanmark,Syddanmark,DK-83,region,,21.4,,,4,Europe/Copenhagen,TRUE,1208048511
Ejby,Ejby,,55.6999,12.4096,Denmark,DK,DNK,Hovedstaden,Hovedstaden,DK-84,region,,1774.3,,,3,Europe/Copenhagen,FALSE,1208939234
Bangsbo,Bangsbo,,57.2668,11.0572,Denmark,DK,DNK,Nordjylland,Nordjylland,DK-81,region,,15.0,,,4,Europe/Copenhagen,FALSE,1208014073
Bakkebølle Fredskov,Bakkebolle Fredskov,,54.9667,12.0167,Denmark,DK,DNK,Sjælland,Sjaelland,DK-85,region,,98.8,,,4,Europe/Copenhagen,FALSE,1208162030
Skårup,Skarup,Skaarup,55.0911,10.6904,Denmark,DK,DNK,Syddanmark,Syddanmark,DK-83,region,,124.1,,,4,Europe/Copenhagen,FALSE,1208876327
Skårup,Skarup,Skaarup,55.2175,10.0549,Denmark,DK,DNK,Syddanmark,Syddanmark,DK-83,region,,38.2,,,4,Europe/Copenhagen,TRUE,1208524540
Skårup,Skarup,Skaarup,56.0167,9.9833,Denmark,DK,DNK,Midtjylland,Midtjylland,DK-82,region,,74.2,,,4,Europe/Copenhagen,FALSE,1208044778
Skårup,Skarup,Skaarup,56.2591,10.5581,Denmark,DK,DNK,Midtjylland,Midtjylland,DK-82,region,,33.9,,,4,Europe/Copenhagen,TRUE,1208253416