city,city_ascii,city_alt,lat,lng,country,iso2,iso3,admin_name,admin_name_ascii,admin_code,admin_type,capital,density,population,population_proper,ranking,timezone,same_name,id
Liefenroth,Liefenroth,,50.9996,7.5434,Germany,DE,DEU,North Rhine-Westphalia,North Rhine-Westphalia,DE-NW,state,,496.7,,,3,Europe/Berlin,FALSE,1276897167
Unterlintach,Unterlintach,,49.1705,12.5169,Germany,DE,DEU,Bavaria,Bavaria,DE-BY,state,,94.7,,,4,Europe/Berlin,FALSE,1276878414
Breitenweiher,Breitenweiher,,48.3343,12.1171,Germany,DE,DEU,Bavaria,Bavaria,DE-BY,state,,139.0,,,4,Europe/Berlin,FALSE,1276703737
Wolfsberg,Wolfsberg,,54.0562,12.2747,Germany,DE,DEU,Mecklenburg-Western Pomerania,Mecklenburg-Western Pomerania,DE-MV,state,,56.9,,,4,Europe/Berlin,FALSE,1276798317
Carlsruhe,Carlsruhe,,54.1477,12.4659,Germany,DE,DEU,Mecklenburg-Western Pomerania,Mecklenburg-Western Pomerania,DE-MV,state,,29.9,,,4,Europe/Berlin,FALSE,1276590476
Trauschendorf,Trauschendorf,,49.6396,12.2518,Germany,DE,DEU,Bavaria,Bavaria,DE-BY,state,,396.1,,,3,Europe/Berlin,FALSE,1276732825
Altselingsbach,Altselingsbach,,49.4749,10.6213,Germany,DE,DEU,Bavaria,Bavaria,DE-BY,state,,78.7,,,4,Europe/Berlin,FALSE,1276303213
Plötzin,Plotzin,,52.3633,12.8294,Germany,DE,DEU,Brandenburg,Brandenburg,DE-BB,state,,211.2,,,3,Europe/Berlin,FALSE,1276825001
Ravensbusch,Ravensbusch,,53.8913,10.6315,Germany,DE,DEU,Schleswig-Holstein,Schleswig-Holstein,DE-SH,state,,885.6,,,3,Europe/Berlin,FALSE,1276921769
Oberveischede,Oberveischede,,51.0766,7.9514,Germany,DE,DEU,North Rhine-Westphalia,North Rhine-Westphalia,DE-NW,state,,286.6,,,3,Europe/Berlin,FALSE,1276380910
Schlichtenberg,Schlichtenberg,,48.8456,13.6527,Germany,DE,DEU,Bavaria,Bavaria,DE-BY,state,,55.5,,,4,Europe/Berlin,FALSE,1276316631
Kirchtrudering,Kirchtrudering,,48.1265,11.6777,Germany,DE,DEU,Bavaria,Bavaria,DE-BY,state,,4862.1,,,2,Europe/Berlin,FALSE,1276940304
Obersachswerfen,Obersachswerfen,,51.5572,10.6321,Germany,DE,DEU,Thuringia,Thuringia,DE-TH,state,,35.2,,,4,Europe/Berlin,FALSE,1276490053
Barstede,Barstede,,53.4307,7.3682,Germany,DE,DEU,Lower Saxony,Lower Saxony,DE-NI,state,,97.4,,,4,Europe/Berlin,FALSE,1276653787
Unteraurach,Unteraurach,,49.8555,10.8647,Germany,DE,DEU,Bavaria,Bavaria,DE-BY,state,,281.3,,,3,Europe/Berlin,FALSE,1276637702
Müllersommer,Mullersommer,,51.0227,7.3157,Germany,DE,DEU,North Rhine-Westphalia,North Rhine-Westphalia,DE-NW,state,,232.7,,,3,Europe/Berlin,FALSE,1276508304
Stadumfeld,Stadumfeld,,54.7501,9.0272,Germany,DE,DEU,Schleswig-Holstein,Schleswig-Holstein,DE-SH,state,,48.4,,,4,Europe/Berlin,FALSE,1276419309
Raidwangen,Raidwangen,,48.6050,9.3049,Germany,DE,DEU,Baden-Württemberg,Baden-Wurttemberg,DE-BW,state,,836.6,,,3,Europe/Berlin,FALSE,1276164330
Omersbach,Omersbach,,50.1090,9.1909,Germany,DE,DEU,Bavaria,Bavaria,DE-BY,state,,213.5,,,3,Europe/Berlin,FALSE,1276563901
Rangen,Rangen,,49.6682,11.2034,Germany,DE,DEU,Bavaria,Bavaria,DE-BY,state,,101.4,,,4,Europe/Berlin,FALSE,1276046425
Unterboschbach,Unterboschbach,,51.0130,7.1315,Germany,DE,DEU,North Rhine-Westphalia,North Rhine-Westphalia,DE-NW,state,,948.0,,,3,Europe/Berlin,FALSE,1276368321
Laubau,Laubau,,47.7261,12.6580,Germany,DE,DEU,Bavaria,Bavaria,DE-BY,state,,43.9,,,4,Europe/Berlin,FALSE,1276001480
Steinriesl,Steinriesl,,48.8225,12.9684,Germany,DE,DEU,Bavaria,Bavaria,DE-BY,state,,409.4,,,3,Europe/Berlin,FALSE,1276342041
Buchow-Karpzow,Buchow-Karpzow,,52.5157,12.9391,Germany,DE,DEU,Brandenburg,Brandenburg,DE-BB,state,,150.8,,,4,Europe/Berlin,FALSE,1276864480
Düßnitz,Dussnitz,,51.7307,12.8772,Germany,DE,DEU,Saxony-Anhalt,Saxony-Anhalt,DE-ST,state,,34.3,,,4,Europe/Berlin,FALSE,1276790766
Harbergen,Harbergen,,52.7070,9.0017,Germany,DE,DEU,Lower Saxony,Lower Saxony,DE-NI,state,,35.8,,,4,Europe/Berlin,FALSE,1276773262
Wulfenau,Wulfenau,,52.6941,8.0471,Germany,DE,DEU,Lower Saxony,Lower Saxony,DE-NI,state,,178.1,,,4,Europe/Berlin,FALSE,1276600346
Leuzendorf in Unterfranken,Leuzendorf in Unterfranken,Leuzendorf,50.1381,10.6824,Germany,DE,DEU,Bavaria,Bavaria,DE-BY,state,,34.6,,,4,Europe/Berlin,FALSE,1276232910
Poldering,Poldering,,48.6862,12.7723,Germany,DE,DEU,Bavaria,Bavaria,DE-BY,state,,146.7,,,4,Europe/Berlin,FALSE,1276312674
Wessenhorst,Wessenhorst,,51.8499,7.8958,Germany,DE,DEU,North Rhine-Westphalia,North Rhine-Westphalia,DE-NW,state,,150.4,,,4,Europe/Berlin,FALSE,1276797485
Geroldshausen in der Hallertau,Geroldshausen in der Hallertau,Geroldshausen,48.5646,11.6229,Germany,DE,DEU,Bavaria,Bavaria,DE-BY,state,,121.8,,,4,Europe/Berlin,FALSE,1276995011
Fichtengrund,Fichtengrund,,52.7901,13.2639,Germany,DE,DEU,Brandenburg,Brandenburg,DE-BB,state,,260.9,,,3,Europe/Berlin,FALSE,1276629277
Ober Schulenberg,Ober Schulenberg,,51.8333,10.3833,Germany,DE,DEU,Lower Saxony,Lower Saxony,DE-NI,state,,145.7,,,4,Europe/Berlin,FALSE,1276259708
Mühlhofen,Muhlhofen,,49.1320,8.0941,Germany,DE,DEU,Rhineland-Palatinate,Rhineland-Palatinate,DE-RP,state,,167.9,,,4,Europe/Berlin,FALSE,1276263429
Zarnewenz,Zarnewenz,Zarnewenz-Hof,53.8921,10.9145,Germany,DE,DEU,Mecklenburg-Western Pomerania,Mecklenburg-Western Pomerania,DE-MV,state,,81.0,,,4,Europe/Berlin,FALSE,1276920980
Giggenreid,Giggenreid,,48.9898,13.0018,Germany,DE,DEU,Bavaria,Bavaria,DE-BY,state,,71.1,,,4,Europe/Berlin,FALSE,1276479219
Zöthain,Zothain,,51.1850,13.3344,Germany,DE,DEU,Saxony,Saxony,DE-SN,state,,73.6,,,4,Europe/Berlin,FALSE,1276729266
Merazhofen,Merazhofen,,47.7534,9.9578,Germany,DE,DEU,Baden-Württemberg,Baden-Wurttemberg,DE-BW,state,,123.3,,,4,Europe/Berlin,FALSE,1276001806
Hiltershof,Hiltershof,,49.8955,12.4548,Germany,DE,DEU,Bavaria,Bavaria,DE-BY,state,,23.3,,,4,Europe/Berlin,FALSE,1276827391
Windheim,Windheim,,52.4138,9.0136,Germany,DE,DEU,North Rhine-Westphalia,North Rhine-Westphalia,DE-NW,state,,119.7,,,4,Europe/Berlin,FALSE,1276535035
Dono,Dono,,52.2439,8.5473,Germany,DE,DEU,North Rhine-Westphalia,North Rhine-Westphalia,DE-NW,state,,265.3,,,3,Europe/Berlin,FALSE,1276141972
Stahmeln,Stahmeln,,51.3781,12.3014,Germany,DE,DEU,Saxony,Saxony,DE-SN,state,,1710.5,,,3,Europe/Berlin,FALSE,1276513646
Ulrikenhof,Ulrikenhof,,53.9115,11.8065,Germany,DE,DEU,Mecklenburg-Western Pomerania,Mecklenburg-Western Pomerania,DE-MV,state,,25.0,,,4,Europe/Berlin,FALSE,1276835960
Hetzenholz,Hetzenholz,,50.9000,7.3585,Germany,DE,DEU,North Rhine-Westphalia,North Rhine-Westphalia,DE-NW,state,,178.2,,,4,Europe/Berlin,FALSE,1276821055
Lautenhausen,Lautenhausen,,50.8700,9.8840,Germany,DE,DEU,Hesse,Hesse,DE-HE,state,,58.0,,,4,Europe/Berlin,FALSE,1276936258
Allersdorf,Allersdorf,,50.6180,11.0711,Germany,DE,DEU,Thuringia,Thuringia,DE-TH,state,,86.9,,,4,Europe/Berlin,FALSE,1276400123
Roggenstede,Roggenstede,,53.6333,7.4833,Germany,DE,DEU,Lower Saxony,Lower Saxony,DE-NI,state,,58.0,,,4,Europe/Berlin,FALSE,1276690631
Croya,Croya,Kroya,52.5466,10.9052,Germany,DE,DEU,Lower Saxony,Lower Saxony,DE-NI,state,,61.0,,,4,Europe/Berlin,FALSE,1276935339
Kalthof,Kalthof,,51.4220,7.6693,Germany,DE,DEU,North Rhine-Westphalia,North Rhine-Westphalia,DE-NW,state,,698.5,,,3,Europe/Berlin,FALSE,1276934397
Kerstenhausen,Kerstenhausen,,51.0633,9.2292,Germany,DE,DEU,Hesse,Hesse,DE-HE,state,,150.0,,,4,Europe/Berlin,FALSE,1276006548
Pausitz,Pausitz,,51.2900,13.2891,Germany,DE,DEU,Saxony,Saxony,DE-SN,state,,506.3,,,3,Europe/Berlin,FALSE,1276899959
Pausitz,Pausitz,,51.3245,12.7390,Germany,DE,DEU,Saxony,Saxony,DE-SN,state,,105.9,,,4,Europe/Berlin,TRUE,1276328991
Ziethnitz,Ziethnitz,,52.8249,11.1273,Germany,DE,DEU,Saxony-Anhalt,Saxony-Anhalt,DE-ST,state,,70.8,,,4,Europe/Berlin,FALSE,1276519815
Göffingen,Goffingen,,48.1544,9.5330,Germany,DE,DEU,Baden-Württemberg,Baden-Wurttemberg,DE-BW,state,,90.4,,,4,Europe/Berlin,FALSE,1276000772
Reilsheim,Reilsheim,,49.3505,8.7726,Germany,DE,DEU,Baden-Württemberg,Baden-Wurttemberg,DE-BW,state,,549.2,,,3,Europe/Berlin,FALSE,1276873040
Niederkaina,Niederkaina,,51.1961,14.4749,Germany,DE,DEU,Saxony,Saxony,DE-SN,state,,555.3,,,3,Europe/Berlin,FALSE,1276363921
Krimmel,Krimmel,,48.0177,10.0637,Germany,DE,DEU,Baden-Württemberg,Baden-Wurttemberg,DE-BW,state,,79.2,,,4,Europe/Berlin,FALSE,1276872150
Settin,Settin,,53.5388,11.6088,Germany,DE,DEU,Mecklenburg-Western Pomerania,Mecklenburg-Western Pomerania,DE-MV,state,,20.3,,,4,Europe/Berlin,FALSE,1276282943
Welplage,Welplage,,52.4335,8.2678,Germany,DE,DEU,Lower Saxony,Lower Saxony,DE-NI,state,,112.8,,,4,Europe/Berlin,FALSE,1276585942
Aalderink,Aalderink,Aaldering,52.4833,7.0333,Germany,DE,DEU,Lower Saxony,Lower Saxony,DE-NI,state,,370.2,,,3,Europe/Berlin,FALSE,1276332746
Altendeich,Altendeich,,53.6609,9.5727,Germany,DE,DEU,Schleswig-Holstein,Schleswig-Holstein,DE-SH,state,,78.2,,,4,Europe/Berlin,FALSE,1276734507
Altendeich,Altendeich,,54.2833,8.7833,Germany,DE,DEU,Schleswig-Holstein,Schleswig-Holstein,DE-SH,state,,42.1,,,4,Europe/Berlin,TRUE,1276363273
Altendeich,Altendeich,,54.5566,8.9530,Germany,DE,DEU,Schleswig-Holstein,Schleswig-Holstein,DE-SH,state,,10.1,,,4,Europe/Berlin,TRUE,1276490348
Zerkall,Zerkall,,50.6923,6.4514,Germany,DE,DEU,North Rhine-Westphalia,North Rhine-Westphalia,DE-NW,state,,132.0,,,4,Europe/Berlin,FALSE,1276091811
Rausching,Rausching,,48.2079,12.4466,Germany,DE,DEU,Bavaria,Bavaria,DE-BY,state,,939.7,,,3,Europe/Berlin,FALSE,1276168757
Schmogrow,Schmogrow,,51.8509,14.2135,Germany,DE,DEU,Brandenburg,Brandenburg,DE-BB,state,,22.9,,,4,Europe/Berlin,FALSE,1276897550
Tranbüll,Tranbull,,54.7333,9.8667,Germany,DE,DEU,Schleswig-Holstein,Schleswig-Holstein,DE-SH,state,,40.1,,,4,Europe/Berlin,FALSE,1276123286
Firkenhof,Firkenhof,,49.8432,11.8156,Germany,DE,DEU,Bavaria,Bavaria,DE-BY,state,,72.6,,,4,Europe/Berlin,FALSE,1276064529
Buro,Buro,,51.8826,12.4044,Germany,DE,DEU,Saxony-Anhalt,Saxony-Anhalt,DE-ST,state,,35.6,,,4,Europe/Berlin,FALSE,1276029518
Rachelshausen,Rachelshausen,,50.7880,8.5289,Germany,DE,DEU,Hesse,Hesse,DE-HE,state,,160.5,,,4,Europe/Berlin,FALSE,1276050064
Olsdorf,Olsdorf,,54.3000,8.6333,Germany,DE,DEU,Schleswig-Holstein,Schleswig-Holstein,DE-SH,state,,86.0,,,4,Europe/Berlin,FALSE,1276239467
Melzow,Melzow,,53.1681,13.8906,Germany,DE,DEU,Brandenburg,Brandenburg,DE-BB,state,,18.5,,,4,Europe/Berlin,FALSE,1276135079
Reutenen,Reutenen,,47.5605,9.6503,Germany,DE,DEU,Bavaria,Bavaria,DE-BY,state,,669.1,,,3,Europe/Berlin,FALSE,1276354278
Creunitz,Creunitz,,50.5120,11.2775,Germany,DE,DEU,Thuringia,Thuringia,DE-TH,state,,52.9,,,4,Europe/Berlin,FALSE,1276490316
Kolonie Ludwigsdorf,Kolonie Ludwigsdorf,,52.1500,7.3167,Germany,DE,DEU,North Rhine-Westphalia,North Rhine-Westphalia,DE-NW,state,,296.8,,,3,Europe/Berlin,FALSE,1276448202
Niederelvenich,Niederelvenich,,50.7055,6.7152,Germany,DE,DEU,North Rhine-Westphalia,North Rhine-Westphalia,DE-NW,state,,194.9,,,4,Europe/Berlin,FALSE,1276638458
Oberschmitte,Oberschmitte,,51.1212,7.0348,Germany,DE,DEU,North Rhine-Westphalia,North Rhine-Westphalia,DE-NW,state,,740.7,,,3,Europe/Berlin,FALSE,1276539525
Thulbach,Thulbach,,48.5116,11.9674,Germany,DE,DEU,Bavaria,Bavaria,DE-BY,state,,87.0,,,4,Europe/Berlin,FALSE,1276001662
Kellershof,Kellershof,,47.7544,10.8924,Germany,DE,DEU,Bavaria,Bavaria,DE-BY,state,,99.5,,,4,Europe/Berlin,FALSE,1276014862
Kellershof,Kellershof,,47.7833,11.5000,Germany,DE,DEU,Bavaria,Bavaria,DE-BY,state,,52.7,,,4,Europe/Berlin,TRUE,1276748081
Hillmersdorf,Hillmersdorf,,51.7091,13.4873,Germany,DE,DEU,Brandenburg,Brandenburg,DE-BB,state,,17.9,,,4,Europe/Berlin,FALSE,1276276972
Reifersberg,Reifersberg,,48.4506,12.1822,Germany,DE,DEU,Bavaria,Bavaria,DE-BY,state,,88.5,,,4,Europe/Berlin,FALSE,1276591083
Heinzenthal,Heinzenthal,Hainzenthal,49.5248,7.9077,Germany,DE,DEU,Rhineland-Palatinate,Rhineland-Palatinate,DE-RP,state,,120.6,,,4,Europe/Berlin,FALSE,1276752578
Klaustorf,Klaustorf,,54.3503,11.0137,Germany,DE,DEU,Schleswig-Holstein,Schleswig-Holstein,DE-SH,state,,96.1,,,4,Europe/Berlin,FALSE,1276465909
Altlandsberg-Süd,Altlandsberg-Sud,,52.5500,13.7500,Germany,DE,DEU,Brandenburg,Brandenburg,DE-BB,state,,80.2,,,4,Europe/Berlin,FALSE,1276564301
Pidingerau,Pidingerau,,47.7601,12.9067,Germany,DE,DEU,Bavaria,Bavaria,DE-BY,state,,283.5,,,3,Europe/Berlin,FALSE,1276736898
Schweinebach,Schweinebach,,47.6859,10.0200,Germany,DE,DEU,Baden-Württemberg,Baden-Wurttemberg,DE-BW,state,,143.3,,,4,Europe/Berlin,FALSE,1276131468
Triebendorf,Triebendorf,,49.3081,10.8460,Germany,DE,DEU,Bavaria,Bavaria,DE-BY,state,,180.3,,,4,Europe/Berlin,FALSE,1276013868
Triebendorf,Triebendorf,,49.9271,12.1732,Germany,DE,DEU,Bavaria,Bavaria,DE-BY,state,,91.1,,,4,Europe/Berlin,TRUE,1276936102
Hirschberg,Hirschberg,,51.4311,8.2758,Germany,DE,DEU,North Rhine-Westphalia,North Rhine-Westphalia,DE-NW,state,,156.2,,,4,Europe/Berlin,FALSE,1276355355
Lennach,Lennach,,49.1882,9.3093,Germany,DE,DEU,Baden-Württemberg,Baden-Wurttemberg,DE-BW,state,,244.2,,,3,Europe/Berlin,FALSE,1276446948
Gunzach,Gunzach,,49.0699,10.1854,Germany,DE,DEU,Baden-Württemberg,Baden-Wurttemberg,DE-BW,state,,142.0,,,4,Europe/Berlin,FALSE,1276594655
Oberscheuern,Oberscheuern,,48.3606,12.3946,Germany,DE,DEU,Bavaria,Bavaria,DE-BY,state,,76.8,,,4,Europe/Berlin,FALSE,1276154410
Kotten,Kotten,,51.1660,7.0587,Germany,DE,DEU,North Rhine-Westphalia,North Rhine-Westphalia,DE-NW,state,,1644.1,,,3,Europe/Berlin,FALSE,1276492126
Kotten,Kotten,,51.6289,7.0826,Germany,DE,DEU,North Rhine-Westphalia,North Rhine-Westphalia,DE-NW,state,,912.2,,,3,Europe/Berlin,TRUE,1276373892
Kotten,Kotten,,51.0964,7.1444,Germany,DE,DEU,North Rhine-Westphalia,North Rhine-Westphalia,DE-NW,state,,662.0,,,3,Europe/Berlin,TRUE,1276301632
Kotten,Kotten,,50.9477,7.2713,Germany,DE,DEU,North Rhine-Westphalia,North Rhine-Westphalia,DE-NW,state,,389.1,,,3,Europe/Berlin,TRUE,1276995169
Seysdorf,Seysdorf,,48.5452,11.7196,Germany,DE,DEU,Bavaria,Bavaria,DE-BY,state,,106.1,,,4,Europe/Berlin,FALSE,1276900745
Kleinopitz,Kleinopitz,,51.0064,13.5939,Germany,DE,DEU,Saxony,Saxony,DE-SN,state,,142.7,,,4,Europe/Berlin,FALSE,1276571907
Vilshofen,Vilshofen,,48.6269,13.1922,Germany,DE,DEU,Bavaria,Bavaria,DE-BY,state,,184.5,,,4,Europe/Berlin,FALSE,1276491765
Vilshofen,Vilshofen,,49.2993,11.9525,Germany,DE,DEU,Bavaria,Bavaria,DE-BY,state,,79.8,,,4,Europe/Berlin,TRUE,1276697186
Munderloh,Munderloh,,53.0481,8.3569,Germany,DE,DEU,Lower Saxony,Lower Saxony,DE-NI,state,,133.9,,,4,Europe/Berlin,FALSE,1276486022
Baltersberg,Baltersberg,,47.7083,9.7112,Germany,DE,DEU,Baden-Württemberg,Baden-Wurttemberg,DE-BW,state,,124.5,,,4,Europe/Berlin,FALSE,1276252287
Lüthorst,Luthorst,,51.8470,9.7203,Germany,DE,DEU,Lower Saxony,Lower Saxony,DE-NI,state,,82.0,,,4,Europe/Berlin,FALSE,1276681846
Körbitz,Korbitz,,53.1000,11.4833,Germany,DE,DEU,Brandenburg,Brandenburg,DE-BB,state,,21.4,,,4,Europe/Berlin,FALSE,1276417689
Körbitz,Korbitz,,51.8938,13.1129,Germany,DE,DEU,Brandenburg,Brandenburg,DE-BB,state,,17.2,,,4,Europe/Berlin,TRUE,1276335104
Diemersdorf,Diemersdorf,,54.3500,11.0167,Germany,DE,DEU,Schleswig-Holstein,Schleswig-Holstein,DE-SH,state,,96.1,,,4,Europe/Berlin,FALSE,1276639312
Schreiern,Schreiern,,47.7619,11.9159,Germany,DE,DEU,Bavaria,Bavaria,DE-BY,state,,73.4,,,4,Europe/Berlin,FALSE,1276248294
Hohenmühl,Hohenmuhl,,54.0649,13.3581,Germany,DE,DEU,Mecklenburg-Western Pomerania,Mecklenburg-Western Pomerania,DE-MV,state,,78.9,,,4,Europe/Berlin,FALSE,1276029199
Klein Woltersdorf,Klein Woltersdorf,,53.8848,11.4025,Germany,DE,DEU,Mecklenburg-Western Pomerania,Mecklenburg-Western Pomerania,DE-MV,state,,188.0,,,4,Europe/Berlin,FALSE,1276207603
Bruckrath,Bruckrath,,51.2805,6.2322,Germany,DE,DEU,North Rhine-Westphalia,North Rhine-Westphalia,DE-NW,state,,333.8,,,3,Europe/Berlin,FALSE,1276557647
Freihardt,Freihardt,,48.9550,10.8303,Germany,DE,DEU,Bavaria,Bavaria,DE-BY,state,,117.3,,,4,Europe/Berlin,FALSE,1276684059
Obermembach,Obermembach,,49.6055,10.8835,Germany,DE,DEU,Bavaria,Bavaria,DE-BY,state,,237.2,,,3,Europe/Berlin,FALSE,1276759891
Wehlage,Wehlage,,52.6833,7.5333,Germany,DE,DEU,Lower Saxony,Lower Saxony,DE-NI,state,,79.0,,,4,Europe/Berlin,FALSE,1276406815
Lütjendorf,Lutjendorf,,54.2667,10.9500,Germany,DE,DEU,Schleswig-Holstein,Schleswig-Holstein,DE-SH,state,,52.9,,,4,Europe/Berlin,FALSE,1276787260
Blexerdeich,Blexerdeich,,53.5333,8.5333,Germany,DE,DEU,Lower Saxony,Lower Saxony,DE-NI,state,,294.5,,,3,Europe/Berlin,FALSE,1276173789
Mensinghausen,Mensinghausen,,52.5351,8.9337,Germany,DE,DEU,Lower Saxony,Lower Saxony,DE-NI,state,,56.7,,,4,Europe/Berlin,FALSE,1276425791
Motzersreuth,Motzersreuth,,49.9679,12.3905,Germany,DE,DEU,Bavaria,Bavaria,DE-BY,state,,25.2,,,4,Europe/Berlin,FALSE,1276722968
Grebenau,Grebenau,,51.1939,9.4934,Germany,DE,DEU,Hesse,Hesse,DE-HE,state,,189.5,,,4,Europe/Berlin,TRUE,1276676235
Unteraham,Unteraham,,48.2414,12.5503,Germany,DE,DEU,Bavaria,Bavaria,DE-BY,state,,334.8,,,3,Europe/Berlin,FALSE,1276926539
Annelsbach,Annelsbach,,49.7814,8.9597,Germany,DE,DEU,Hesse,Hesse,DE-HE,state,,313.3,,,3,Europe/Berlin,FALSE,1276728942
Semmenstedt,Semmenstedt,,52.1000,10.7000,Germany,DE,DEU,Lower Saxony,Lower Saxony,DE-NI,state,,53.9,,,4,Europe/Berlin,FALSE,1276454291
Blankenried,Blankenried,,47.7167,9.4833,Germany,DE,DEU,Baden-Württemberg,Baden-Wurttemberg,DE-BW,state,,224.0,,,3,Europe/Berlin,FALSE,1276698587
Tringenstein,Tringenstein,,50.7614,8.4091,Germany,DE,DEU,Hesse,Hesse,DE-HE,state,,92.0,,,4,Europe/Berlin,FALSE,1276944133
Ramering,Ramering,,48.2210,12.3182,Germany,DE,DEU,Bavaria,Bavaria,DE-BY,state,,46.5,,,4,Europe/Berlin,FALSE,1276157424
Döttenweiler,Dottenweiler,,49.2333,9.5833,Germany,DE,DEU,Baden-Württemberg,Baden-Wurttemberg,DE-BW,state,,126.3,,,4,Europe/Berlin,FALSE,1276449081
Dottenweiler,Dottenweiler,,48.3977,8.4658,Germany,DE,DEU,Baden-Württemberg,Baden-Wurttemberg,DE-BW,state,,88.6,,,4,Europe/Berlin,TRUE,1276384436
Sonnenried,Sonnenried,,49.3583,12.2372,Germany,DE,DEU,Bavaria,Bavaria,DE-BY,state,,134.7,,,4,Europe/Berlin,FALSE,1276736343
Peißen,Peissen,,51.2048,12.2403,Germany,DE,DEU,Saxony,Saxony,DE-SN,state,,69.3,,,4,Europe/Berlin,FALSE,1276373037
Gaumnitz,Gaumnitz,,51.0833,12.0667,Germany,DE,DEU,Saxony-Anhalt,Saxony-Anhalt,DE-ST,state,,285.0,,,3,Europe/Berlin,FALSE,1276887285
Blauberg,Blauberg,,49.2351,12.7462,Germany,DE,DEU,Bavaria,Bavaria,DE-BY,state,,118.1,,,4,Europe/Berlin,FALSE,1276524257
Ebersberg,Ebersberg,,50.4863,11.8906,Germany,DE,DEU,Thuringia,Thuringia,DE-TH,state,,38.3,,,4,Europe/Berlin,FALSE,1276832109
Gieseritz,Gieseritz,,52.7742,11.0081,Germany,DE,DEU,Saxony-Anhalt,Saxony-Anhalt,DE-ST,state,,18.1,,,4,Europe/Berlin,FALSE,1276045945
Neu Wulmstorf,Neu Wulmstorf,,53.4628,9.7956,Germany,DE,DEU,Lower Saxony,Lower Saxony,DE-NI,state,,358.3,,,3,Europe/Berlin,FALSE,1276059362
Neu Wulmstorf,Neu Wulmstorf,,52.9221,9.0695,Germany,DE,DEU,Lower Saxony,Lower Saxony,DE-NI,state,,113.7,,,4,Europe/Berlin,TRUE,1276927753
Bornmühl,Bornmuhl,,53.7000,13.5833,Germany,DE,DEU,Mecklenburg-Western Pomerania,Mecklenburg-Western Pomerania,DE-MV,state,,15.8,,,4,Europe/Berlin,FALSE,1276709891
Kalzendorf,Kalzendorf,Katzendorf Über Querfurt|Calzendorf,51.3032,11.6763,Germany,DE,DEU,Saxony-Anhalt,Saxony-Anhalt,DE-ST,state,,37.2,,,4,Europe/Berlin,FALSE,1276035598
Kohlenberg,Kohlenberg,,47.6493,10.3595,Germany,DE,DEU,Bavaria,Bavaria,DE-BY,state,,117.8,,,4,Europe/Berlin,FALSE,1276238224
Ortwiger Graben,Ortwiger Graben,,52.7207,14.3765,Germany,DE,DEU,Brandenburg,Brandenburg,DE-BB,state,,29.4,,,4,Europe/Berlin,FALSE,1276885837
Bernhards,Bernhards,,50.6005,9.7216,Germany,DE,DEU,Hesse,Hesse,DE-HE,state,,586.6,,,3,Europe/Berlin,FALSE,1276393300
Untertiefendorf,Untertiefendorf,,50.4000,11.8927,Germany,DE,DEU,Bavaria,Bavaria,DE-BY,state,,47.5,,,4,Europe/Berlin,FALSE,1276115809
Dorfitter,Dorfitter,,51.2375,8.8912,Germany,DE,DEU,Hesse,Hesse,DE-HE,state,,56.6,,,4,Europe/Berlin,FALSE,1276212191
Hintersudberg,Hintersudberg,,51.1667,7.1333,Germany,DE,DEU,North Rhine-Westphalia,North Rhine-Westphalia,DE-NW,state,,1732.3,,,3,Europe/Berlin,FALSE,1276181253
Wisselsrod,Wisselsrod,,50.5338,9.7788,Germany,DE,DEU,Hesse,Hesse,DE-HE,state,,108.0,,,4,Europe/Berlin,FALSE,1276655220
Gottmannsberg,Gottmannsberg,,50.0840,11.7528,Germany,DE,DEU,Bavaria,Bavaria,DE-BY,state,,86.2,,,4,Europe/Berlin,FALSE,1276262229
Hüttensteinach,Huttensteinach,,50.3667,11.2167,Germany,DE,DEU,Thuringia,Thuringia,DE-TH,state,,424.9,,,3,Europe/Berlin,FALSE,1276597327
Mahlzow,Mahlzow,,54.0610,13.8009,Germany,DE,DEU,Mecklenburg-Western Pomerania,Mecklenburg-Western Pomerania,DE-MV,state,,305.0,,,3,Europe/Berlin,FALSE,1276808442
Löffelsberg,Loffelsberg,,49.4950,12.2303,Germany,DE,DEU,Bavaria,Bavaria,DE-BY,state,,104.3,,,4,Europe/Berlin,FALSE,1276951807
Schmitterhof,Schmitterhof,,49.5371,7.8388,Germany,DE,DEU,Rhineland-Palatinate,Rhineland-Palatinate,DE-RP,state,,143.3,,,4,Europe/Berlin,FALSE,1276662976
Rohrbeck,Rohrbeck,,52.7705,11.8772,Germany,DE,DEU,Saxony-Anhalt,Saxony-Anhalt,DE-ST,state,,21.8,,,4,Europe/Berlin,FALSE,1276318316
Severin,Severin,,53.5023,11.7710,Germany,DE,DEU,Mecklenburg-Western Pomerania,Mecklenburg-Western Pomerania,DE-MV,state,,23.9,,,4,Europe/Berlin,FALSE,1276670825
Kirchstockach,Kirchstockach,,48.0294,11.6767,Germany,DE,DEU,Bavaria,Bavaria,DE-BY,state,,132.1,,,4,Europe/Berlin,FALSE,1276067841
Panholling,Panholling,,48.8503,13.1436,Germany,DE,DEU,Bavaria,Bavaria,DE-BY,state,,73.0,,,4,Europe/Berlin,FALSE,1276725979
Plattenberg,Plattenberg,,48.1112,12.7391,Germany,DE,DEU,Bavaria,Bavaria,DE-BY,state,,183.5,,,4,Europe/Berlin,FALSE,1276474202
Heilbronn,Heilbronn,,49.1675,10.3625,Germany,DE,DEU,Bavaria,Bavaria,DE-BY,state,,84.4,,,4,Europe/Berlin,FALSE,1276195268
Rufenried,Rufenried,,49.0860,11.7822,Germany,DE,DEU,Bavaria,Bavaria,DE-BY,state,,76.4,,,4,Europe/Berlin,FALSE,1276837687
Steinmühle,Steinmuhle,,52.0393,10.7034,Germany,DE,DEU,Saxony-Anhalt,Saxony-Anhalt,DE-ST,state,,49.0,,,4,Europe/Berlin,FALSE,1276231829
Gummeroth,Gummeroth,,51.0358,7.5281,Germany,DE,DEU,North Rhine-Westphalia,North Rhine-Westphalia,DE-NW,state,,496.7,,,3,Europe/Berlin,FALSE,1276746948
Wöpse,Wopse,,52.8140,9.0249,Germany,DE,DEU,Lower Saxony,Lower Saxony,DE-NI,state,,96.9,,,4,Europe/Berlin,FALSE,1276447131
Södelbronn,Sodelbronn,,49.3553,10.2426,Germany,DE,DEU,Bavaria,Bavaria,DE-BY,state,,117.0,,,4,Europe/Berlin,FALSE,1276160050
Unewatt,Unewatt,,54.7958,9.6542,Germany,DE,DEU,Schleswig-Holstein,Schleswig-Holstein,DE-SH,state,,132.0,,,4,Europe/Berlin,FALSE,1276132023
Oersdorf,Oersdorf,,53.4039,9.4096,Germany,DE,DEU,Lower Saxony,Lower Saxony,DE-NI,state,,81.7,,,4,Europe/Berlin,FALSE,1276696939
Meusdorf,Meusdorf,,51.2901,12.4351,Germany,DE,DEU,Saxony,Saxony,DE-SN,state,,1644.7,,,3,Europe/Berlin,FALSE,1276603525
Meusdorf,Meusdorf,Jahnshain-Meusdorf,50.9886,12.6282,Germany,DE,DEU,Saxony,Saxony,DE-SN,state,,76.0,,,4,Europe/Berlin,TRUE,1276487865
Kleinweis,Kleinweis,,50.0437,6.2671,Germany,DE,DEU,Rhineland-Palatinate,Rhineland-Palatinate,DE-RP,state,,60.5,,,4,Europe/Berlin,FALSE,1276052619
Melchendorf,Melchendorf,,50.9520,11.0733,Germany,DE,DEU,Thuringia,Thuringia,DE-TH,state,,762.1,,,3,Europe/Berlin,FALSE,1276313595
Brenig,Brenig,,50.7549,6.9721,Germany,DE,DEU,North Rhine-Westphalia,North Rhine-Westphalia,DE-NW,state,,563.2,,,3,Europe/Berlin,FALSE,1276416063
Ülzen,Ulzen,,51.5424,7.7239,Germany,DE,DEU,North Rhine-Westphalia,North Rhine-Westphalia,DE-NW,state,,614.2,,,3,Europe/Berlin,FALSE,1276048828
Brandmühl,Brandmuhl,,48.2739,12.7121,Germany,DE,DEU,Bavaria,Bavaria,DE-BY,state,,91.3,,,4,Europe/Berlin,FALSE,1276101812
Bremberg,Bremberg,,47.7708,10.2494,Germany,DE,DEU,Bavaria,Bavaria,DE-BY,state,,704.0,,,3,Europe/Berlin,FALSE,1276471956
Bremberg,Bremberg,,47.8832,10.3673,Germany,DE,DEU,Bavaria,Bavaria,DE-BY,state,,59.2,,,4,Europe/Berlin,TRUE,1276950034
Oberrödern,Oberrodern,,51.2289,13.7017,Germany,DE,DEU,Saxony,Saxony,DE-SN,state,,49.8,,,4,Europe/Berlin,FALSE,1276194708
Schaumburg,Schaumburg,,52.2011,9.1877,Germany,DE,DEU,Lower Saxony,Lower Saxony,DE-NI,state,,225.6,,,3,Europe/Berlin,FALSE,1276399445
Geilenbach,Geilenbach,,51.0799,7.1163,Germany,DE,DEU,North Rhine-Westphalia,North Rhine-Westphalia,DE-NW,state,,662.0,,,3,Europe/Berlin,FALSE,1276600987
Aßberg,Assberg,,48.7176,13.6883,Germany,DE,DEU,Bavaria,Bavaria,DE-BY,state,,73.6,,,4,Europe/Berlin,FALSE,1276774735
Mehringen,Mehringen,,52.3814,7.3252,Germany,DE,DEU,Lower Saxony,Lower Saxony,DE-NI,state,,71.3,,,4,Europe/Berlin,FALSE,1276291912
Mehringen,Mehringen,,52.8268,9.1478,Germany,DE,DEU,Lower Saxony,Lower Saxony,DE-NI,state,,37.6,,,4,Europe/Berlin,TRUE,1276359812
Riedrode,Riedrode,,49.6492,8.4950,Germany,DE,DEU,Hesse,Hesse,DE-HE,state,,435.5,,,3,Europe/Berlin,FALSE,1276617476
Leitelshain,Leitelshain,,50.8266,12.3955,Germany,DE,DEU,Saxony,Saxony,DE-SN,state,,292.8,,,3,Europe/Berlin,FALSE,1276317593
Laurich,Laurich,Laurisch,50.8956,13.8786,Germany,DE,DEU,Saxony,Saxony,DE-SN,state,,56.2,,,4,Europe/Berlin,FALSE,1276501977
Lengfeld,Lengfeld,,49.8343,8.9027,Germany,DE,DEU,Hesse,Hesse,DE-HE,state,,148.0,,,4,Europe/Berlin,FALSE,1276021954
Greggenhof,Greggenhof,,48.6092,10.7774,Germany,DE,DEU,Bavaria,Bavaria,DE-BY,state,,88.9,,,4,Europe/Berlin,FALSE,1276113146
Wehrenberg,Wehrenberg,,52.7858,8.6979,Germany,DE,DEU,Lower Saxony,Lower Saxony,DE-NI,state,,90.0,,,4,Europe/Berlin,FALSE,1276376262
Wehrenberg,Wehrenberg,,52.6067,8.9333,Germany,DE,DEU,Lower Saxony,Lower Saxony,DE-NI,state,,50.0,,,4,Europe/Berlin,TRUE,1276150710
Sumte,Sumte,,53.2833,10.8833,Germany,DE,DEU,Mecklenburg-Western Pomerania,Mecklenburg-Western Pomerania,DE-MV,state,,21.2,,,4,Europe/Berlin,FALSE,1276942767
Langeln,Langeln,,51.9119,10.7944,Germany,DE,DEU,Saxony-Anhalt,Saxony-Anhalt,DE-ST,state,,66.3,,,4,Europe/Berlin,FALSE,1276788281
Bassow,Bassow,,53.6125,13.4448,Germany,DE,DEU,Mecklenburg-Western Pomerania,Mecklenburg-Western Pomerania,DE-MV,state,,18.1,,,4,Europe/Berlin,FALSE,1276653460
Erbenweiler,Erbenweiler,,47.7667,9.5000,Germany,DE,DEU,Baden-Württemberg,Baden-Wurttemberg,DE-BW,state,,131.7,,,4,Europe/Berlin,FALSE,1276104603
Gruorn,Gruorn,,48.4494,9.5038,Germany,DE,DEU,Baden-Württemberg,Baden-Wurttemberg,DE-BW,state,,133.2,,,4,Europe/Berlin,FALSE,1276898647
Hüttenstraße,Huttenstrasse,,50.9500,7.1000,Germany,DE,DEU,North Rhine-Westphalia,North Rhine-Westphalia,DE-NW,state,,1322.9,,,3,Europe/Berlin,FALSE,1276928394
Krummengraben,Krummengraben,,47.7513,10.9476,Germany,DE,DEU,Bavaria,Bavaria,DE-BY,state,,53.4,,,4,Europe/Berlin,FALSE,1276412680
Wester Bordelum,Wester Bordelum,,54.6333,8.9333,Germany,DE,DEU,Schleswig-Holstein,Schleswig-Holstein,DE-SH,state,,57.2,,,4,Europe/Berlin,FALSE,1276317862
Grünemoor,Grunemoor,,52.7125,8.3151,Germany,DE,DEU,Lower Saxony,Lower Saxony,DE-NI,state,,355.1,,,3,Europe/Berlin,FALSE,1276945649
Schatz,Schatz,,48.5403,11.8255,Germany,DE,DEU,Bavaria,Bavaria,DE-BY,state,,149.2,,,4,Europe/Berlin,FALSE,1276954009
Schidlambach,Schidlambach,,48.4712,11.6706,Germany,DE,DEU,Bavaria,Bavaria,DE-BY,state,,88.8,,,4,Europe/Berlin,FALSE,1276639212
Drehenthalerhof,Drehenthalerhof,,49.5196,7.8092,Germany,DE,DEU,Rhineland-Palatinate,Rhineland-Palatinate,DE-RP,state,,152.7,,,4,Europe/Berlin,FALSE,1276386392
Schelkau,Schelkau,,51.1007,12.0015,Germany,DE,DEU,Saxony-Anhalt,Saxony-Anhalt,DE-ST,state,,93.0,,,4,Europe/Berlin,FALSE,1276908585
Rossendorf,Rossendorf,,50.9998,12.0017,Germany,DE,DEU,Saxony-Anhalt,Saxony-Anhalt,DE-ST,state,,38.4,,,4,Europe/Berlin,FALSE,1276700726
Oberwietsche,Oberwietsche,,51.1026,7.1010,Germany,DE,DEU,North Rhine-Westphalia,North Rhine-Westphalia,DE-NW,state,,702.5,,,3,Europe/Berlin,FALSE,1276097355
Kleppisch,Kleppisch,,50.8269,13.9799,Germany,DE,DEU,Saxony,Saxony,DE-SN,state,,54.4,,,4,Europe/Berlin,FALSE,1276901880
Steinenstadt,Steinenstadt,,47.7685,7.5541,Germany,DE,DEU,Baden-Württemberg,Baden-Wurttemberg,DE-BW,state,,271.6,,,3,Europe/Berlin,FALSE,1276002651
Wildpoltsweiler,Wildpoltsweiler,,47.6531,9.6758,Germany,DE,DEU,Baden-Württemberg,Baden-Wurttemberg,DE-BW,state,,98.7,,,4,Europe/Berlin,FALSE,1276579825
Chameregg,Chameregg,,49.2110,12.7109,Germany,DE,DEU,Bavaria,Bavaria,DE-BY,state,,178.9,,,4,Europe/Berlin,FALSE,1276319745
Emmeroth,Emmeroth,,49.8934,7.1608,Germany,DE,DEU,Rhineland-Palatinate,Rhineland-Palatinate,DE-RP,state,,33.8,,,4,Europe/Berlin,FALSE,1276706232
Arkona,Arkona,,54.6803,13.4321,Germany,DE,DEU,Mecklenburg-Western Pomerania,Mecklenburg-Western Pomerania,DE-MV,state,,15.5,,,4,Europe/Berlin,FALSE,1276788582
Weikenhausen,Weikenhausen,,48.5391,11.6513,Germany,DE,DEU,Bavaria,Bavaria,DE-BY,state,,94.1,,,4,Europe/Berlin,FALSE,1276775997
Pfuhlsborn,Pfuhlsborn,,51.0441,11.5977,Germany,DE,DEU,Thuringia,Thuringia,DE-TH,state,,60.4,,,4,Europe/Berlin,FALSE,1276741393
Halmesricht,Halmesricht,,49.6673,12.1113,Germany,DE,DEU,Bavaria,Bavaria,DE-BY,state,,576.4,,,3,Europe/Berlin,FALSE,1276097746
Weddingen,Weddingen,,51.9731,10.4910,Germany,DE,DEU,Lower Saxony,Lower Saxony,DE-NI,state,,137.4,,,4,Europe/Berlin,FALSE,1276009919
Wintersberg,Wintersberg,,50.0454,12.0490,Germany,DE,DEU,Bavaria,Bavaria,DE-BY,state,,154.2,,,4,Europe/Berlin,FALSE,1276442716
Wintersberg,Wintersberg,,48.5281,12.7157,Germany,DE,DEU,Bavaria,Bavaria,DE-BY,state,,72.9,,,4,Europe/Berlin,TRUE,1276088340
Einach,Einach,,48.4008,8.0286,Germany,DE,DEU,Baden-Württemberg,Baden-Wurttemberg,DE-BW,state,,169.5,,,4,Europe/Berlin,FALSE,1276959968
Giglberg,Giglberg,,47.7682,11.7871,Germany,DE,DEU,Bavaria,Bavaria,DE-BY,state,,262.1,,,3,Europe/Berlin,FALSE,1276756078
Giglberg,Giglberg,,48.0888,12.0738,Germany,DE,DEU,Bavaria,Bavaria,DE-BY,state,,112.0,,,4,Europe/Berlin,TRUE,1276293945
Waldscheibe,Waldscheibe,,51.1683,14.1230,Germany,DE,DEU,Saxony,Saxony,DE-SN,state,,117.8,,,4,Europe/Berlin,FALSE,1276667895
Sankt Hülfer Bruch,Sankt Hulfer Bruch,,52.5638,8.4112,Germany,DE,DEU,Lower Saxony,Lower Saxony,DE-NI,state,,149.3,,,4,Europe/Berlin,FALSE,1276487522
Baumburg,Baumburg,,47.9976,12.5302,Germany,DE,DEU,Bavaria,Bavaria,DE-BY,state,,158.2,,,4,Europe/Berlin,FALSE,1276110216
Klebitz,Klebitz,,51.9478,12.8385,Germany,DE,DEU,Brandenburg,Brandenburg,DE-BB,state,,54.6,,,4,Europe/Berlin,FALSE,1276079817
Mutzschen,Mutzschen,,51.2605,12.8885,Germany,DE,DEU,Saxony,Saxony,DE-SN,state,,72.4,,,4,Europe/Berlin,FALSE,1276512750
Niederpesterwitz,Niederpesterwitz,,51.0166,13.6601,Germany,DE,DEU,Saxony,Saxony,DE-SN,state,,869.0,,,3,Europe/Berlin,FALSE,1276490208
Lienen,Lienen,,53.2553,8.4679,Germany,DE,DEU,Lower Saxony,Lower Saxony,DE-NI,state,,76.8,,,4,Europe/Berlin,FALSE,1276934497
Hecklingen,Hecklingen,,48.1706,7.7714,Germany,DE,DEU,Baden-Württemberg,Baden-Wurttemberg,DE-BW,state,,258.6,,,3,Europe/Berlin,FALSE,1276934462
Neestahl,Neestahl,,53.1779,10.8643,Germany,DE,DEU,Lower Saxony,Lower Saxony,DE-NI,state,,28.5,,,4,Europe/Berlin,FALSE,1276472053
Altenhof,Altenhof,,51.1695,12.9812,Germany,DE,DEU,Saxony,Saxony,DE-SN,state,,45.7,,,4,Europe/Berlin,FALSE,1276357495
Wolfgelts,Wolfgelts,,47.7546,9.8941,Germany,DE,DEU,Baden-Württemberg,Baden-Wurttemberg,DE-BW,state,,92.7,,,4,Europe/Berlin,FALSE,1276007528
Dingden,Dingden,,51.7701,6.6131,Germany,DE,DEU,North Rhine-Westphalia,North Rhine-Westphalia,DE-NW,state,,154.8,,,4,Europe/Berlin,FALSE,1276925701
Unterwestrich,Unterwestrich,,51.0800,6.3962,Germany,DE,DEU,North Rhine-Westphalia,North Rhine-Westphalia,DE-NW,state,,357.4,,,3,Europe/Berlin,FALSE,1276282839
Siebenecken,Siebenecken,,48.5249,11.5694,Germany,DE,DEU,Bavaria,Bavaria,DE-BY,state,,251.9,,,3,Europe/Berlin,FALSE,1276858112
Kamschlacken,Kamschlacken,Kammschlacken,51.7597,10.3901,Germany,DE,DEU,Lower Saxony,Lower Saxony,DE-NI,state,,100.8,,,4,Europe/Berlin,FALSE,1276444499
Stephanskirchen,Stephanskirchen,,47.9194,12.3408,Germany,DE,DEU,Bavaria,Bavaria,DE-BY,state,,225.2,,,3,Europe/Berlin,TRUE,1276998884
Stephanskirchen,Stephanskirchen,,48.2790,12.3525,Germany,DE,DEU,Bavaria,Bavaria,DE-BY,state,,191.5,,,4,Europe/Berlin,TRUE,1276670824
Stephanskirchen,Stephanskirchen,,48.0362,12.3111,Germany,DE,DEU,Bavaria,Bavaria,DE-BY,state,,91.2,,,4,Europe/Berlin,TRUE,1276496344
Auf dem Floth,Auf dem Floth,,52.8683,9.1231,Germany,DE,DEU,Lower Saxony,Lower Saxony,DE-NI,state,,37.6,,,4,Europe/Berlin,FALSE,1276033811
Levin-Werder,Levin-Werder,Leviner Werder,53.8817,12.8860,Germany,DE,DEU,Mecklenburg-Western Pomerania,Mecklenburg-Western Pomerania,DE-MV,state,,32.3,,,4,Europe/Berlin,FALSE,1276482249
Berend,Berend,,54.5550,9.5641,Germany,DE,DEU,Schleswig-Holstein,Schleswig-Holstein,DE-SH,state,,73.5,,,4,Europe/Berlin,FALSE,1276842663
Eckersbach,Eckersbach,,49.7672,10.6556,Germany,DE,DEU,Bavaria,Bavaria,DE-BY,state,,80.4,,,4,Europe/Berlin,FALSE,1276738989
Prittitz,Prittitz,,51.1500,11.9302,Germany,DE,DEU,Saxony-Anhalt,Saxony-Anhalt,DE-ST,state,,93.0,,,4,Europe/Berlin,FALSE,1276407872
Middels-Westerloog,Middels-Westerloog,,53.5348,7.6042,Germany,DE,DEU,Lower Saxony,Lower Saxony,DE-NI,state,,204.6,,,3,Europe/Berlin,FALSE,1276799594
Welbeck,Welbeck,,51.9167,7.7333,Germany,DE,DEU,North Rhine-Westphalia,North Rhine-Westphalia,DE-NW,state,,1060.2,,,3,Europe/Berlin,FALSE,1276110173
Gnevezow,Gnevezow,Gnevzow,53.7913,12.9644,Germany,DE,DEU,Mecklenburg-Western Pomerania,Mecklenburg-Western Pomerania,DE-MV,state,,15.0,,,4,Europe/Berlin,FALSE,1276389857
Furthammer,Furthammer,,50.0206,11.9657,Germany,DE,DEU,Bavaria,Bavaria,DE-BY,state,,132.3,,,4,Europe/Berlin,FALSE,1276539633
Klein Bramstedt,Klein Bramstedt,,52.8813,8.7771,Germany,DE,DEU,Lower Saxony,Lower Saxony,DE-NI,state,,90.3,,,4,Europe/Berlin,FALSE,1276007965
Zoltingen,Zoltingen,,48.7240,10.5187,Germany,DE,DEU,Bavaria,Bavaria,DE-BY,state,,54.6,,,4,Europe/Berlin,FALSE,1276233131
Riesweiler,Riesweiler,,49.1396,7.3082,Germany,DE,DEU,Saarland,Saarland,DE-SL,state,,167.6,,,4,Europe/Berlin,FALSE,1276711741
Schönfeld,Schonfeld,,51.3629,11.2668,Germany,DE,DEU,Thuringia,Thuringia,DE-TH,state,,206.7,,,3,Europe/Berlin,FALSE,1276707461
Friedrichsthal,Friedrichsthal,,50.4548,11.2151,Germany,DE,DEU,Thuringia,Thuringia,DE-TH,state,,49.3,,,4,Europe/Berlin,TRUE,1276047609
Nordlinnau,Nordlinnau,,54.7000,9.1667,Germany,DE,DEU,Schleswig-Holstein,Schleswig-Holstein,DE-SH,state,,37.1,,,4,Europe/Berlin,FALSE,1276620145
Hove,Hove,,53.5249,9.7355,Germany,DE,DEU,Lower Saxony,Lower Saxony,DE-NI,state,,222.0,,,3,Europe/Berlin,FALSE,1276189579
Lüerdisserbruch,Luerdisserbruch,,52.0586,8.9226,Germany,DE,DEU,North Rhine-Westphalia,North Rhine-Westphalia,DE-NW,state,,387.1,,,3,Europe/Berlin,FALSE,1276349129
Pößmoos,Possmoos,,48.0322,12.4895,Germany,DE,DEU,Bavaria,Bavaria,DE-BY,state,,59.9,,,4,Europe/Berlin,FALSE,1276737127
Oberkaging,Oberkaging,,48.1534,12.0080,Germany,DE,DEU,Bavaria,Bavaria,DE-BY,state,,176.6,,,4,Europe/Berlin,FALSE,1276332578
Bockhop,Bockhop,,52.6710,9.0070,Germany,DE,DEU,Lower Saxony,Lower Saxony,DE-NI,state,,40.9,,,4,Europe/Berlin,FALSE,1276888143
Oehna,Oehna,,51.1993,14.4439,Germany,DE,DEU,Saxony,Saxony,DE-SN,state,,555.3,,,3,Europe/Berlin,FALSE,1276733487
Alt Bauer,Alt Bauer,,53.9841,13.8092,Germany,DE,DEU,Mecklenburg-Western Pomerania,Mecklenburg-Western Pomerania,DE-MV,state,,22.9,,,4,Europe/Berlin,FALSE,1276229738
Jungenhofen,Jungenhofen,,49.7751,10.9130,Germany,DE,DEU,Bavaria,Bavaria,DE-BY,state,,167.2,,,4,Europe/Berlin,FALSE,1276602836
Dautenstein,Dautenstein,,48.3049,7.9419,Germany,DE,DEU,Baden-Württemberg,Baden-Wurttemberg,DE-BW,state,,164.6,,,4,Europe/Berlin,FALSE,1276543329
Engelsbroich,Engelsbroich,,50.9167,7.1667,Germany,DE,DEU,North Rhine-Westphalia,North Rhine-Westphalia,DE-NW,state,,701.6,,,3,Europe/Berlin,FALSE,1276848212
Oberhandenzhofen,Oberhandenzhofen,,48.3171,11.2501,Germany,DE,DEU,Bavaria,Bavaria,DE-BY,state,,163.8,,,4,Europe/Berlin,FALSE,1276774635
Forst,Forst,,49.4257,8.1897,Germany,DE,DEU,Rhineland-Palatinate,Rhineland-Palatinate,DE-RP,state,,213.9,,,3,Europe/Berlin,FALSE,1276851414
Kannemoor,Kannemoor,,53.9892,9.0517,Germany,DE,DEU,Schleswig-Holstein,Schleswig-Holstein,DE-SH,state,,20.3,,,4,Europe/Berlin,FALSE,1276370415
Oberbrumberg,Oberbrumberg,,50.2518,11.6158,Germany,DE,DEU,Bavaria,Bavaria,DE-BY,state,,123.3,,,4,Europe/Berlin,FALSE,1276872117
Eschach,Eschach,,47.7333,9.6000,Germany,DE,DEU,Baden-Württemberg,Baden-Wurttemberg,DE-BW,state,,522.1,,,3,Europe/Berlin,FALSE,1276349316
Eschach,Eschach,,47.8601,8.5044,Germany,DE,DEU,Baden-Württemberg,Baden-Wurttemberg,DE-BW,state,,103.3,,,4,Europe/Berlin,TRUE,1276067048
Eschach,Eschach,,47.9005,10.0555,Germany,DE,DEU,Baden-Württemberg,Baden-Wurttemberg,DE-BW,state,,78.4,,,4,Europe/Berlin,TRUE,1276563863
Eschach,Eschach,,47.5911,10.6995,Germany,DE,DEU,Bavaria,Bavaria,DE-BY,state,,379.2,,,3,Europe/Berlin,FALSE,1276858839
Eschach,Eschach,,47.7053,10.2018,Germany,DE,DEU,Bavaria,Bavaria,DE-BY,state,,67.2,,,4,Europe/Berlin,TRUE,1276275598
Eschach,Eschach,,47.7253,10.7434,Germany,DE,DEU,Bavaria,Bavaria,DE-BY,state,,56.5,,,4,Europe/Berlin,TRUE,1276855339
Schmiedeberg,Schmiedeberg,,53.1441,13.9523,Germany,DE,DEU,Brandenburg,Brandenburg,DE-BB,state,,34.4,,,4,Europe/Berlin,FALSE,1276845489
Schweibach,Schweibach,,48.4167,12.2667,Germany,DE,DEU,Bavaria,Bavaria,DE-BY,state,,110.4,,,4,Europe/Berlin,FALSE,1276140156
Oberohe,Oberohe,,52.8756,10.2277,Germany,DE,DEU,Lower Saxony,Lower Saxony,DE-NI,state,,59.1,,,4,Europe/Berlin,FALSE,1276205960
Ursbach,Ursbach,,48.7821,11.9347,Germany,DE,DEU,Bavaria,Bavaria,DE-BY,state,,58.2,,,4,Europe/Berlin,FALSE,1276182648
Elmischwang,Elmischwang,,48.2829,10.6232,Germany,DE,DEU,Bavaria,Bavaria,DE-BY,state,,149.5,,,4,Europe/Berlin,FALSE,1276540639
Hammerau,Hammerau,,47.7953,12.9471,Germany,DE,DEU,Bavaria,Bavaria,DE-BY,state,,293.3,,,3,Europe/Berlin,FALSE,1276645552
Klein Remels,Klein Remels,,53.2850,7.7308,Germany,DE,DEU,Lower Saxony,Lower Saxony,DE-NI,state,,77.0,,,4,Europe/Berlin,FALSE,1276523218
Hafendorf,Hafendorf,,47.9066,12.2492,Germany,DE,DEU,Bavaria,Bavaria,DE-BY,state,,101.6,,,4,Europe/Berlin,FALSE,1276434293
Kölzin,Kolzin,,53.5214,10.9461,Germany,DE,DEU,Mecklenburg-Western Pomerania,Mecklenburg-Western Pomerania,DE-MV,state,,21.1,,,4,Europe/Berlin,FALSE,1276460339
Kölzin,Kolzin,,53.9626,13.4497,Germany,DE,DEU,Mecklenburg-Western Pomerania,Mecklenburg-Western Pomerania,DE-MV,state,,20.3,,,4,Europe/Berlin,TRUE,1276169495
Essellbrunn,Essellbrunn,Esselbrunn,49.5722,9.5898,Germany,DE,DEU,Baden-Württemberg,Baden-Wurttemberg,DE-BW,state,,58.0,,,4,Europe/Berlin,FALSE,1276201170
Baumhof,Baumhof,,49.3634,12.3511,Germany,DE,DEU,Bavaria,Bavaria,DE-BY,state,,66.7,,,4,Europe/Berlin,FALSE,1276123443
Benneckenrode,Benneckenrode,Beneckenrode,51.7544,11.0145,Germany,DE,DEU,Saxony-Anhalt,Saxony-Anhalt,DE-ST,state,,124.1,,,4,Europe/Berlin,FALSE,1276398597
Kalfertshaus,Kalfertshaus,,49.5889,6.6516,Germany,DE,DEU,Rhineland-Palatinate,Rhineland-Palatinate,DE-RP,state,,50.0,,,4,Europe/Berlin,FALSE,1276624652
Freischweibach,Freischweibach,,49.3184,11.6987,Germany,DE,DEU,Bavaria,Bavaria,DE-BY,state,,34.7,,,4,Europe/Berlin,FALSE,1276544365
Welchenhausen,Welchenhausen,,50.1579,6.1471,Germany,DE,DEU,Rhineland-Palatinate,Rhineland-Palatinate,DE-RP,state,,36.5,,,4,Europe/Berlin,FALSE,1276726560
Lümbach,Lumbach,,51.0833,6.0500,Germany,DE,DEU,North Rhine-Westphalia,North Rhine-Westphalia,DE-NW,state,,440.3,,,3,Europe/Berlin,FALSE,1276000793
Limbach,Limbach,,50.6850,7.4453,Germany,DE,DEU,Rhineland-Palatinate,Rhineland-Palatinate,DE-RP,state,,181.5,,,4,Europe/Berlin,FALSE,1276287878
Limbach,Limbach,,50.7009,7.7997,Germany,DE,DEU,Rhineland-Palatinate,Rhineland-Palatinate,DE-RP,state,,118.3,,,4,Europe/Berlin,TRUE,1276279178
Limbach,Limbach,,49.7413,7.5428,Germany,DE,DEU,Rhineland-Palatinate,Rhineland-Palatinate,DE-RP,state,,34.4,,,4,Europe/Berlin,TRUE,1276371436
Selkentrop,Selkentrop,,51.1675,8.2146,Germany,DE,DEU,North Rhine-Westphalia,North Rhine-Westphalia,DE-NW,state,,78.8,,,4,Europe/Berlin,FALSE,1276616017
Westerbuchberg,Westerbuchberg,,47.8100,12.4637,Germany,DE,DEU,Bavaria,Bavaria,DE-BY,state,,157.7,,,4,Europe/Berlin,FALSE,1276585467
Kothingdorfen,Kothingdorfen,,48.2800,12.2962,Germany,DE,DEU,Bavaria,Bavaria,DE-BY,state,,159.0,,,4,Europe/Berlin,FALSE,1276539573
Vorderschloß,Vorderschloss,,48.5508,13.2303,Germany,DE,DEU,Bavaria,Bavaria,DE-BY,state,,112.2,,,4,Europe/Berlin,FALSE,1276000263
Bodstedt,Bodstedt,,54.3705,12.6229,Germany,DE,DEU,Mecklenburg-Western Pomerania,Mecklenburg-Western Pomerania,DE-MV,state,,40.5,,,4,Europe/Berlin,FALSE,1276644532
Schafhausen,Schafhausen,,50.5726,10.1698,Germany,DE,DEU,Thuringia,Thuringia,DE-TH,state,,24.3,,,4,Europe/Berlin,FALSE,1276321792
Hubers,Hubers,,47.5736,9.7529,Germany,DE,DEU,Bavaria,Bavaria,DE-BY,state,,674.4,,,3,Europe/Berlin,FALSE,1276034857
Hermannsroda,Hermannsroda,,50.8149,10.1778,Germany,DE,DEU,Thuringia,Thuringia,DE-TH,state,,134.7,,,4,Europe/Berlin,FALSE,1276583484
Hammerstein,Hammerstein,,47.6901,7.6441,Germany,DE,DEU,Baden-Württemberg,Baden-Wurttemberg,DE-BW,state,,128.8,,,4,Europe/Berlin,FALSE,1276927834
Sommerberg,Sommerberg,,50.0660,8.1472,Germany,DE,DEU,Hesse,Hesse,DE-HE,state,,1231.9,,,3,Europe/Berlin,FALSE,1276434959
Sommerberg,Sommerberg,,50.4763,9.9127,Germany,DE,DEU,Hesse,Hesse,DE-HE,state,,61.2,,,4,Europe/Berlin,TRUE,1276002751
Stader Sand,Stader Sand,,53.6256,9.5192,Germany,DE,DEU,Lower Saxony,Lower Saxony,DE-NI,state,,461.1,,,3,Europe/Berlin,FALSE,1276443937
Döbler,Dobler,,48.5000,13.2667,Germany,DE,DEU,Bavaria,Bavaria,DE-BY,state,,119.5,,,4,Europe/Berlin,FALSE,1276596126
Bresch,Bresch,,53.2077,11.8792,Germany,DE,DEU,Brandenburg,Brandenburg,DE-BB,state,,10.9,,,4,Europe/Berlin,FALSE,1276425086
Ristle,Ristle,,47.7251,10.9249,Germany,DE,DEU,Bavaria,Bavaria,DE-BY,state,,53.4,,,4,Europe/Berlin,FALSE,1276433956
Papenhöhe,Papenhohe,,53.7667,9.6500,Germany,DE,DEU,Schleswig-Holstein,Schleswig-Holstein,DE-SH,state,,2194.0,,,2,Europe/Berlin,FALSE,1276262302
Oberroßla,Oberrossla,,51.0224,11.4792,Germany,DE,DEU,Thuringia,Thuringia,DE-TH,state,,435.2,,,3,Europe/Berlin,FALSE,1276634526
Odersbach,Odersbach,,50.4797,8.2452,Germany,DE,DEU,Hesse,Hesse,DE-HE,state,,213.8,,,3,Europe/Berlin,FALSE,1276604248
Kuglstadt,Kuglstadt,Kuglstatt,48.2247,12.0619,Germany,DE,DEU,Bavaria,Bavaria,DE-BY,state,,131.2,,,4,Europe/Berlin,FALSE,1276157455
Kuglstadt,Kuglstadt,,48.7695,12.9936,Germany,DE,DEU,Bavaria,Bavaria,DE-BY,state,,117.0,,,4,Europe/Berlin,TRUE,1276015594
Mondorf,Mondorf,,49.4175,6.5977,Germany,DE,DEU,Saarland,Saarland,DE-SL,state,,266.3,,,3,Europe/Berlin,FALSE,1276945760
Bergbronn,Bergbronn,,49.1115,10.1794,Germany,DE,DEU,Baden-Württemberg,Baden-Wurttemberg,DE-BW,state,,76.8,,,4,Europe/Berlin,FALSE,1276333901
Seligenstadt,Seligenstadt,,49.8541,10.1020,Germany,DE,DEU,Bavaria,Bavaria,DE-BY,state,,57.9,,,4,Europe/Berlin,FALSE,1276054389
Schmitzlöderich,Schmitzloderich,,50.9333,7.2167,Germany,DE,DEU,North Rhine-Westphalia,North Rhine-Westphalia,DE-NW,state,,553.9,,,3,Europe/Berlin,FALSE,1276638396
Varrelbusch,Varrelbusch,,52.8952,8.0082,Germany,DE,DEU,Lower Saxony,Lower Saxony,DE-NI,state,,130.3,,,4,Europe/Berlin,FALSE,1276448663
Gustedt,Gustedt,,52.0936,10.3028,Germany,DE,DEU,Lower Saxony,Lower Saxony,DE-NI,state,,92.3,,,4,Europe/Berlin,FALSE,1276765991
Großkundorf,Grosskundorf,,50.7447,12.2000,Germany,DE,DEU,Thuringia,Thuringia,DE-TH,state,,78.8,,,4,Europe/Berlin,FALSE,1276975186
Haselsteig,Haselsteig,,47.7983,11.8013,Germany,DE,DEU,Bavaria,Bavaria,DE-BY,state,,339.6,,,3,Europe/Berlin,FALSE,1276000043
Oberpilghausen,Oberpilghausen,,51.0984,7.2511,Germany,DE,DEU,North Rhine-Westphalia,North Rhine-Westphalia,DE-NW,state,,476.3,,,3,Europe/Berlin,FALSE,1276986455
Haibach,Haibach,,48.5685,13.4916,Germany,DE,DEU,Bavaria,Bavaria,DE-BY,state,,440.1,,,3,Europe/Berlin,TRUE,1276075328
Haibach,Haibach,,48.8139,13.3430,Germany,DE,DEU,Bavaria,Bavaria,DE-BY,state,,112.9,,,4,Europe/Berlin,TRUE,1276634135
Haibach,Haibach,,48.5365,12.9868,Germany,DE,DEU,Bavaria,Bavaria,DE-BY,state,,58.0,,,4,Europe/Berlin,TRUE,1276595901
Sankt Christoph,Sankt Christoph,,48.1155,12.0545,Germany,DE,DEU,Bavaria,Bavaria,DE-BY,state,,112.4,,,4,Europe/Berlin,FALSE,1276863226
Hinterdeich,Hinterdeich,,53.5333,9.6513,Germany,DE,DEU,Lower Saxony,Lower Saxony,DE-NI,state,,208.8,,,3,Europe/Berlin,FALSE,1276040068
Käsacker,Kasacker,,47.7547,7.6932,Germany,DE,DEU,Baden-Württemberg,Baden-Wurttemberg,DE-BW,state,,69.4,,,4,Europe/Berlin,FALSE,1276086071
Beesedau,Beesedau,,51.7229,11.7048,Germany,DE,DEU,Saxony-Anhalt,Saxony-Anhalt,DE-ST,state,,60.2,,,4,Europe/Berlin,FALSE,1276719988
Auenstein,Auenstein,,49.0588,9.2815,Germany,DE,DEU,Baden-Württemberg,Baden-Wurttemberg,DE-BW,state,,404.3,,,3,Europe/Berlin,FALSE,1276761128
Kriegsdorf,Kriegsdorf,,50.8063,7.1022,Germany,DE,DEU,North Rhine-Westphalia,North Rhine-Westphalia,DE-NW,state,,1172.0,,,3,Europe/Berlin,FALSE,1276817763
Parin,Parin,,53.9125,11.1901,Germany,DE,DEU,Mecklenburg-Western Pomerania,Mecklenburg-Western Pomerania,DE-MV,state,,30.4,,,4,Europe/Berlin,FALSE,1276002829
Kobitzschwalde,Kobitzschwalde,,50.4892,12.0604,Germany,DE,DEU,Saxony,Saxony,DE-SN,state,,95.7,,,4,Europe/Berlin,FALSE,1276911202
Mildstedtfeld,Mildstedtfeld,Mildstedterfeld,54.4667,9.1333,Germany,DE,DEU,Schleswig-Holstein,Schleswig-Holstein,DE-SH,state,,261.2,,,3,Europe/Berlin,FALSE,1276146628
Düneck,Duneck,,53.6667,9.6667,Germany,DE,DEU,Schleswig-Holstein,Schleswig-Holstein,DE-SH,state,,374.6,,,3,Europe/Berlin,FALSE,1276999823
Sauerbach,Sauerbach,,49.2122,10.5124,Germany,DE,DEU,Bavaria,Bavaria,DE-BY,state,,88.9,,,4,Europe/Berlin,FALSE,1276053924
Friedrichsaue,Friedrichsaue,Amt Friedrichsaue,52.5980,14.4679,Germany,DE,DEU,Brandenburg,Brandenburg,DE-BB,state,,24.0,,,4,Europe/Berlin,FALSE,1276548177
Hülsort,Hulsort,,52.4904,8.0126,Germany,DE,DEU,Lower Saxony,Lower Saxony,DE-NI,state,,102.7,,,4,Europe/Berlin,FALSE,1276854245
Königshütte,Konigshutte,,49.9670,12.2867,Germany,DE,DEU,Bavaria,Bavaria,DE-BY,state,,19.7,,,4,Europe/Berlin,FALSE,1276045500
Pittersberg,Pittersberg,,48.7964,13.5632,Germany,DE,DEU,Bavaria,Bavaria,DE-BY,state,,135.4,,,4,Europe/Berlin,FALSE,1276866626
Oldenstorf,Oldenstorf,,53.6640,12.1067,Germany,DE,DEU,Mecklenburg-Western Pomerania,Mecklenburg-Western Pomerania,DE-MV,state,,21.7,,,4,Europe/Berlin,FALSE,1276963559
Haunritz,Haunritz,,49.4897,11.5819,Germany,DE,DEU,Bavaria,Bavaria,DE-BY,state,,95.0,,,4,Europe/Berlin,FALSE,1276103540
Haunritz,Haunritz,,49.8774,11.8530,Germany,DE,DEU,Bavaria,Bavaria,DE-BY,state,,87.2,,,4,Europe/Berlin,TRUE,1276855849
Tannroda,Tannroda,,50.8590,11.2470,Germany,DE,DEU,Thuringia,Thuringia,DE-TH,state,,127.8,,,4,Europe/Berlin,FALSE,1276392084
Buxlohe,Buxlohe,,49.1194,11.8485,Germany,DE,DEU,Bavaria,Bavaria,DE-BY,state,,77.0,,,4,Europe/Berlin,FALSE,1276566142
Klockries,Klockries,,54.7798,8.8659,Germany,DE,DEU,Schleswig-Holstein,Schleswig-Holstein,DE-SH,state,,98.2,,,4,Europe/Berlin,FALSE,1276175352
Wattersdorf,Wattersdorf,,47.8566,11.8142,Germany,DE,DEU,Bavaria,Bavaria,DE-BY,state,,73.1,,,4,Europe/Berlin,FALSE,1276663647
Zillendorf,Zillendorf,,49.3509,12.6678,Germany,DE,DEU,Bavaria,Bavaria,DE-BY,state,,61.5,,,4,Europe/Berlin,FALSE,1276352597
Neuschmitzhöhe,Neuschmitzhohe,,50.9833,7.2833,Germany,DE,DEU,North Rhine-Westphalia,North Rhine-Westphalia,DE-NW,state,,235.9,,,3,Europe/Berlin,FALSE,1276271809
Obernfelde,Obernfelde,,52.2938,8.6027,Germany,DE,DEU,North Rhine-Westphalia,North Rhine-Westphalia,DE-NW,state,,375.9,,,3,Europe/Berlin,FALSE,1276217617
Dahlhausen,Dahlhausen,,53.0635,12.3325,Germany,DE,DEU,Brandenburg,Brandenburg,DE-BB,state,,20.0,,,4,Europe/Berlin,FALSE,1276629526
Nordenholzermoor,Nordenholzermoor,,53.1118,8.4982,Germany,DE,DEU,Lower Saxony,Lower Saxony,DE-NI,state,,128.6,,,4,Europe/Berlin,FALSE,1276863369
Starkenacker,Starkenacker,,49.8053,11.7175,Germany,DE,DEU,Bavaria,Bavaria,DE-BY,state,,41.4,,,4,Europe/Berlin,FALSE,1276182640
Diestelbruch,Diestelbruch,Distelbruch,51.9348,8.9497,Germany,DE,DEU,North Rhine-Westphalia,North Rhine-Westphalia,DE-NW,state,,545.1,,,3,Europe/Berlin,FALSE,1276653322
Ehingen,Ehingen,,48.4643,8.9469,Germany,DE,DEU,Baden-Württemberg,Baden-Wurttemberg,DE-BW,state,,288.0,,,3,Europe/Berlin,FALSE,1276607739
Oberelben,Oberelben,,50.8912,7.5156,Germany,DE,DEU,North Rhine-Westphalia,North Rhine-Westphalia,DE-NW,state,,218.0,,,3,Europe/Berlin,FALSE,1276400165
Finkenweiler,Finkenweiler,,48.8986,10.2697,Germany,DE,DEU,Baden-Württemberg,Baden-Wurttemberg,DE-BW,state,,144.5,,,4,Europe/Berlin,FALSE,1276830672
Leuben,Leuben,,51.0167,13.8167,Germany,DE,DEU,Saxony,Saxony,DE-SN,state,,1636.9,,,3,Europe/Berlin,FALSE,1276284358
Leuben,Leuben,,51.2640,13.0835,Germany,DE,DEU,Saxony,Saxony,DE-SN,state,,206.6,,,3,Europe/Berlin,TRUE,1276246150
Leuben,Leuben,,51.1619,13.2962,Germany,DE,DEU,Saxony,Saxony,DE-SN,state,,45.1,,,4,Europe/Berlin,TRUE,1276615043
Untersimtshausen,Untersimtshausen,,50.9326,8.6994,Germany,DE,DEU,Hesse,Hesse,DE-HE,state,,79.9,,,4,Europe/Berlin,FALSE,1276316889
Christiansfelde,Christiansfelde,,53.9333,10.3333,Germany,DE,DEU,Schleswig-Holstein,Schleswig-Holstein,DE-SH,state,,995.2,,,3,Europe/Berlin,FALSE,1276311372
Streitholz,Streitholz,,51.4142,10.0908,Germany,DE,DEU,Thuringia,Thuringia,DE-TH,state,,67.8,,,4,Europe/Berlin,FALSE,1276616313
Höningen,Honingen,,51.0921,6.6912,Germany,DE,DEU,North Rhine-Westphalia,North Rhine-Westphalia,DE-NW,state,,203.2,,,3,Europe/Berlin,FALSE,1276562837
Obdrup,Obdrup,,54.6955,9.5772,Germany,DE,DEU,Schleswig-Holstein,Schleswig-Holstein,DE-SH,state,,150.6,,,4,Europe/Berlin,FALSE,1276934678
Langenseifen,Langenseifen,,50.1212,8.0079,Germany,DE,DEU,Hesse,Hesse,DE-HE,state,,250.0,,,3,Europe/Berlin,FALSE,1276029730
Schönfeld,Schonfeld,,51.8164,13.9000,Germany,DE,DEU,Brandenburg,Brandenburg,DE-BB,state,,101.1,,,4,Europe/Berlin,TRUE,1276000459
Schönfeld,Schonfeld,,53.1239,11.8169,Germany,DE,DEU,Brandenburg,Brandenburg,DE-BB,state,,75.5,,,4,Europe/Berlin,TRUE,1276049395
Schönfeld,Schonfeld,,52.6823,13.7384,Germany,DE,DEU,Brandenburg,Brandenburg,DE-BB,state,,67.9,,,4,Europe/Berlin,TRUE,1276770289
Schönfeld,Schonfeld,,53.2728,14.2907,Germany,DE,DEU,Brandenburg,Brandenburg,DE-BB,state,,18.1,,,4,Europe/Berlin,TRUE,1276051176
Grobba,Grobba,,51.8848,14.1671,Germany,DE,DEU,Brandenburg,Brandenburg,DE-BB,state,,22.3,,,4,Europe/Berlin,FALSE,1276086454
Rohrlack,Rohrlack,,52.8521,12.6037,Germany,DE,DEU,Brandenburg,Brandenburg,DE-BB,state,,25.0,,,4,Europe/Berlin,FALSE,1276787019
Adelsberg,Adelsberg,,50.0351,9.7367,Germany,DE,DEU,Bavaria,Bavaria,DE-BY,state,,133.8,,,4,Europe/Berlin,FALSE,1276268760
Adelsberg,Adelsberg,,48.8385,13.4702,Germany,DE,DEU,Bavaria,Bavaria,DE-BY,state,,79.1,,,4,Europe/Berlin,TRUE,1276468585
Schönfeld,Schonfeld,,49.9234,12.1931,Germany,DE,DEU,Bavaria,Bavaria,DE-BY,state,,91.1,,,4,Europe/Berlin,FALSE,1276545108
Schönfeld,Schonfeld,,49.7981,11.5921,Germany,DE,DEU,Bavaria,Bavaria,DE-BY,state,,81.4,,,4,Europe/Berlin,TRUE,1276047974
Schönfeld,Schonfeld,,49.0924,12.3291,Germany,DE,DEU,Bavaria,Bavaria,DE-BY,state,,70.9,,,4,Europe/Berlin,TRUE,1276007980
Schönfeld,Schonfeld,,49.9351,11.3538,Germany,DE,DEU,Bavaria,Bavaria,DE-BY,state,,62.4,,,4,Europe/Berlin,TRUE,1276797079
Schönfeld,Schonfeld,,48.8973,11.0487,Germany,DE,DEU,Bavaria,Bavaria,DE-BY,state,,60.1,,,4,Europe/Berlin,TRUE,1276911852
Goldern,Goldern,,48.5965,12.3464,Germany,DE,DEU,Bavaria,Bavaria,DE-BY,state,,108.3,,,4,Europe/Berlin,FALSE,1276742025
Schergenham,Schergenham,,48.1454,12.4397,Germany,DE,DEU,Bavaria,Bavaria,DE-BY,state,,52.0,,,4,Europe/Berlin,FALSE,1276817016
Scheurenbühl,Scheurenbuhl,,48.3271,8.4068,Germany,DE,DEU,Baden-Württemberg,Baden-Wurttemberg,DE-BW,state,,93.9,,,4,Europe/Berlin,FALSE,1276234590
Nordborchen,Nordborchen,,51.6704,8.7261,Germany,DE,DEU,North Rhine-Westphalia,North Rhine-Westphalia,DE-NW,state,,170.6,,,4,Europe/Berlin,FALSE,1276754351
Rothschwaige,Rothschwaige,,48.2384,11.4562,Germany,DE,DEU,Bavaria,Bavaria,DE-BY,state,,1330.2,,,3,Europe/Berlin,FALSE,1276446292
Schaddingsdorf,Schaddingsdorf,,53.7460,10.9693,Germany,DE,DEU,Mecklenburg-Western Pomerania,Mecklenburg-Western Pomerania,DE-MV,state,,27.0,,,4,Europe/Berlin,FALSE,1276177944
Schönfeld,Schonfeld,,49.6763,9.8020,Germany,DE,DEU,Baden-Württemberg,Baden-Wurttemberg,DE-BW,state,,67.8,,,4,Europe/Berlin,FALSE,1276409752
Strand,Strand,,52.4713,9.3839,Germany,DE,DEU,Lower Saxony,Lower Saxony,DE-NI,state,,403.9,,,3,Europe/Berlin,FALSE,1276025398
Grubenhagen,Grubenhagen,,54.0346,13.3690,Germany,DE,DEU,Mecklenburg-Western Pomerania,Mecklenburg-Western Pomerania,DE-MV,state,,70.6,,,4,Europe/Berlin,FALSE,1276946546
Großenhof,Grossenhof,,53.9267,11.2016,Germany,DE,DEU,Mecklenburg-Western Pomerania,Mecklenburg-Western Pomerania,DE-MV,state,,38.1,,,4,Europe/Berlin,FALSE,1276367145
Zeititz,Zeititz,Altenbach-Zeititz,51.3459,12.6625,Germany,DE,DEU,Saxony,Saxony,DE-SN,state,,105.9,,,4,Europe/Berlin,FALSE,1276940098
Elm,Elm,,49.2998,6.8425,Germany,DE,DEU,Saarland,Saarland,DE-SL,state,,587.1,,,3,Europe/Berlin,FALSE,1276791411
Bernrieth,Bernrieth,,49.5719,12.2758,Germany,DE,DEU,Bavaria,Bavaria,DE-BY,state,,36.3,,,4,Europe/Berlin,FALSE,1276627722
Mehlsdorf,Mehlsdorf,,52.0833,13.0167,Germany,DE,DEU,Brandenburg,Brandenburg,DE-BB,state,,68.8,,,4,Europe/Berlin,FALSE,1276970254
Mehlsdorf,Mehlsdorf,,51.8328,13.3474,Germany,DE,DEU,Brandenburg,Brandenburg,DE-BB,state,,16.6,,,4,Europe/Berlin,TRUE,1276514052
Hundsruck,Hundsruck,,48.5947,13.5972,Germany,DE,DEU,Bavaria,Bavaria,DE-BY,state,,97.7,,,4,Europe/Berlin,FALSE,1276459347
Hundsruck,Hundsruck,,48.7772,13.3404,Germany,DE,DEU,Bavaria,Bavaria,DE-BY,state,,65.4,,,4,Europe/Berlin,TRUE,1276631763
Osthausen,Osthausen,,49.5898,10.0534,Germany,DE,DEU,Bavaria,Bavaria,DE-BY,state,,51.5,,,4,Europe/Berlin,FALSE,1276003036
Roisenberg,Roisenberg,,48.5889,12.9766,Germany,DE,DEU,Bavaria,Bavaria,DE-BY,state,,58.2,,,4,Europe/Berlin,FALSE,1276001960
Rallenbüschen,Rallenbuschen,,53.4138,8.1113,Germany,DE,DEU,Lower Saxony,Lower Saxony,DE-NI,state,,199.6,,,4,Europe/Berlin,FALSE,1276867859
Hohnstädt,Hohnstadt,,51.2517,12.7301,Germany,DE,DEU,Saxony,Saxony,DE-SN,state,,141.8,,,4,Europe/Berlin,FALSE,1276312393
Schwartenpohl,Schwartenpohl,,52.5522,7.1620,Germany,DE,DEU,Lower Saxony,Lower Saxony,DE-NI,state,,95.2,,,4,Europe/Berlin,FALSE,1276028293
Lüdershof,Ludershof,,53.5772,13.0244,Germany,DE,DEU,Mecklenburg-Western Pomerania,Mecklenburg-Western Pomerania,DE-MV,state,,15.3,,,4,Europe/Berlin,FALSE,1276286951
Großstädteln,Grossstadteln,Markkleeberg-Großstädteln|Großtaedtein,51.2611,12.3786,Germany,DE,DEU,Saxony,Saxony,DE-SN,state,,825.3,,,3,Europe/Berlin,FALSE,1276361657
Tönnhausen,Tonnhausen,,53.3747,10.2619,Germany,DE,DEU,Lower Saxony,Lower Saxony,DE-NI,state,,304.9,,,3,Europe/Berlin,FALSE,1276025070
Momberg,Momberg,,50.8789,9.1097,Germany,DE,DEU,Hesse,Hesse,DE-HE,state,,142.8,,,4,Europe/Berlin,FALSE,1276471586
Lehmerhöfe,Lehmerhofe,,50.2792,7.4424,Germany,DE,DEU,Rhineland-Palatinate,Rhineland-Palatinate,DE-RP,state,,133.9,,,4,Europe/Berlin,FALSE,1276000381
Thalacker,Thalacker,,47.8920,12.0204,Germany,DE,DEU,Bavaria,Bavaria,DE-BY,state,,420.5,,,3,Europe/Berlin,FALSE,1276239849
Schefferei,Schefferei,,50.8798,7.1755,Germany,DE,DEU,North Rhine-Westphalia,North Rhine-Westphalia,DE-NW,state,,701.6,,,3,Europe/Berlin,FALSE,1276691048
Ortwick,Ortwick,,52.0533,7.0223,Germany,DE,DEU,North Rhine-Westphalia,North Rhine-Westphalia,DE-NW,state,,257.9,,,3,Europe/Berlin,FALSE,1276106168
Klein Bremerhagen,Klein Bremerhagen,,54.1458,13.1705,Germany,DE,DEU,Mecklenburg-Western Pomerania,Mecklenburg-Western Pomerania,DE-MV,state,,29.2,,,4,Europe/Berlin,FALSE,1276519747
Prausitz,Prausitz,,51.2584,13.3126,Germany,DE,DEU,Saxony,Saxony,DE-SN,state,,111.5,,,4,Europe/Berlin,FALSE,1276145833
Prausitz,Prausitz,,51.5424,13.0889,Germany,DE,DEU,Saxony,Saxony,DE-SN,state,,107.7,,,4,Europe/Berlin,TRUE,1276634651
Linda,Linda,,51.8568,13.1032,Germany,DE,DEU,Brandenburg,Brandenburg,DE-BB,state,,34.3,,,4,Europe/Berlin,FALSE,1276459401
Langeseite,Langeseite,,52.1535,7.0393,Germany,DE,DEU,North Rhine-Westphalia,North Rhine-Westphalia,DE-NW,state,,582.0,,,3,Europe/Berlin,FALSE,1276167984
Goppeln,Goppeln,,50.9890,13.7599,Germany,DE,DEU,Saxony,Saxony,DE-SN,state,,369.1,,,3,Europe/Berlin,FALSE,1276252679
Zarenthien,Zarenthien,,53.0018,10.8763,Germany,DE,DEU,Lower Saxony,Lower Saxony,DE-NI,state,,27.5,,,4,Europe/Berlin,FALSE,1276493224
Klein Vogelsang,Klein Vogelsang,,54.7000,9.9000,Germany,DE,DEU,Schleswig-Holstein,Schleswig-Holstein,DE-SH,state,,48.5,,,4,Europe/Berlin,FALSE,1276613156
Ziegelstadel,Ziegelstadel,,48.1487,11.8515,Germany,DE,DEU,Bavaria,Bavaria,DE-BY,state,,239.9,,,3,Europe/Berlin,FALSE,1276975553
Ziegelstadel,Ziegelstadel,,48.3167,12.2833,Germany,DE,DEU,Bavaria,Bavaria,DE-BY,state,,116.9,,,4,Europe/Berlin,TRUE,1276735169
Kohlnberg,Kohlnberg,,49.0048,13.1791,Germany,DE,DEU,Bavaria,Bavaria,DE-BY,state,,50.9,,,4,Europe/Berlin,FALSE,1276515216
Oberpfraundorf,Oberpfraundorf,,49.1464,11.8517,Germany,DE,DEU,Bavaria,Bavaria,DE-BY,state,,77.0,,,4,Europe/Berlin,FALSE,1276962459
Sittardheide,Sittardheide,,51.1358,6.3496,Germany,DE,DEU,North Rhine-Westphalia,North Rhine-Westphalia,DE-NW,state,,1447.1,,,3,Europe/Berlin,FALSE,1276306160
Gunerfing,Gunerfing,,48.0605,12.5901,Germany,DE,DEU,Bavaria,Bavaria,DE-BY,state,,211.1,,,3,Europe/Berlin,FALSE,1276217721
Clausnitz,Clausnitz,,50.7467,13.4848,Germany,DE,DEU,Saxony,Saxony,DE-SN,state,,34.2,,,4,Europe/Berlin,FALSE,1276002737
Ziegelstadel,Ziegelstadel,,48.0667,9.9333,Germany,DE,DEU,Baden-Württemberg,Baden-Wurttemberg,DE-BW,state,,145.2,,,4,Europe/Berlin,FALSE,1276499649
Veert,Veert,,51.5265,6.2962,Germany,DE,DEU,North Rhine-Westphalia,North Rhine-Westphalia,DE-NW,state,,342.9,,,3,Europe/Berlin,FALSE,1276760950
Lechtingen,Lechtingen,,52.3307,8.0211,Germany,DE,DEU,Lower Saxony,Lower Saxony,DE-NI,state,,577.6,,,3,Europe/Berlin,FALSE,1276091679
Gescheid,Gescheid,,48.1385,7.9568,Germany,DE,DEU,Baden-Württemberg,Baden-Wurttemberg,DE-BW,state,,122.2,,,4,Europe/Berlin,FALSE,1276748450
Staffort,Staffort,,49.0919,8.5114,Germany,DE,DEU,Baden-Württemberg,Baden-Wurttemberg,DE-BW,state,,504.1,,,3,Europe/Berlin,FALSE,1276000756
Ammerstetten,Ammerstetten,,48.2797,9.9714,Germany,DE,DEU,Baden-Württemberg,Baden-Wurttemberg,DE-BW,state,,121.7,,,4,Europe/Berlin,FALSE,1276485497
Oberheinsdorf,Oberheinsdorf,,50.6203,12.3657,Germany,DE,DEU,Saxony,Saxony,DE-SN,state,,88.8,,,4,Europe/Berlin,FALSE,1276968103
Harmuthsachsen,Harmuthsachsen,,51.1608,9.8599,Germany,DE,DEU,Hesse,Hesse,DE-HE,state,,43.6,,,4,Europe/Berlin,FALSE,1276453502
Gammelsbach,Gammelsbach,,49.5261,8.9630,Germany,DE,DEU,Hesse,Hesse,DE-HE,state,,87.5,,,4,Europe/Berlin,FALSE,1276259359
Kötzlin,Kotzlin,,52.9060,12.2327,Germany,DE,DEU,Brandenburg,Brandenburg,DE-BB,state,,54.8,,,4,Europe/Berlin,FALSE,1276241548
Doosthof,Doosthof,,53.4408,9.4188,Germany,DE,DEU,Lower Saxony,Lower Saxony,DE-NI,state,,81.7,,,4,Europe/Berlin,FALSE,1276372223
Bergkrug,Bergkrug,,52.3167,9.1167,Germany,DE,DEU,Lower Saxony,Lower Saxony,DE-NI,state,,312.9,,,3,Europe/Berlin,FALSE,1276278918
Kolborn,Kolborn,,52.9672,11.1932,Germany,DE,DEU,Lower Saxony,Lower Saxony,DE-NI,state,,99.8,,,4,Europe/Berlin,FALSE,1276143501
Kahren,Kahren,,51.7208,14.4167,Germany,DE,DEU,Brandenburg,Brandenburg,DE-BB,state,,585.1,,,3,Europe/Berlin,FALSE,1276918994
Oster Ladekop,Oster Ladekop,,53.5144,9.6882,Germany,DE,DEU,Lower Saxony,Lower Saxony,DE-NI,state,,222.0,,,3,Europe/Berlin,FALSE,1276223047
Schelingen,Schelingen,,48.1043,7.6833,Germany,DE,DEU,Baden-Württemberg,Baden-Wurttemberg,DE-BW,state,,156.7,,,4,Europe/Berlin,FALSE,1276470323
Dietlishof,Dietlishof,Dietlishofen,47.7559,8.7785,Germany,DE,DEU,Baden-Württemberg,Baden-Wurttemberg,DE-BW,state,,208.9,,,3,Europe/Berlin,FALSE,1276002433
Thonenburg,Thonenburg,,51.8165,9.4009,Germany,DE,DEU,North Rhine-Westphalia,North Rhine-Westphalia,DE-NW,state,,178.9,,,4,Europe/Berlin,FALSE,1276575968
Hilbertshausen,Hilbertshausen,,48.3167,10.3167,Germany,DE,DEU,Bavaria,Bavaria,DE-BY,state,,80.4,,,4,Europe/Berlin,FALSE,1276643971
Hankenberge,Hankenberge,Hankenberg,52.1743,8.1343,Germany,DE,DEU,Lower Saxony,Lower Saxony,DE-NI,state,,191.0,,,4,Europe/Berlin,FALSE,1276029833
Winning,Winning,,48.0490,11.6245,Germany,DE,DEU,Bavaria,Bavaria,DE-BY,state,,850.4,,,3,Europe/Berlin,FALSE,1276851384
Hartenrod,Hartenrod,,50.7575,8.4638,Germany,DE,DEU,Hesse,Hesse,DE-HE,state,,197.0,,,4,Europe/Berlin,FALSE,1276731929
Hartenrod,Hartenrod,,49.5853,8.8340,Germany,DE,DEU,Hesse,Hesse,DE-HE,state,,140.5,,,4,Europe/Berlin,TRUE,1276295634
Rerik West,Rerik West,Klein Wustrow,54.0939,11.5844,Germany,DE,DEU,Mecklenburg-Western Pomerania,Mecklenburg-Western Pomerania,DE-MV,state,,63.6,,,4,Europe/Berlin,FALSE,1276002484
Gaurettersheim,Gaurettersheim,,49.5951,9.9183,Germany,DE,DEU,Bavaria,Bavaria,DE-BY,state,,35.1,,,4,Europe/Berlin,FALSE,1276002126
Satzbach,Satzbach,,48.5976,13.5291,Germany,DE,DEU,Bavaria,Bavaria,DE-BY,state,,125.2,,,4,Europe/Berlin,FALSE,1276958367
Linswege,Linswege,,53.2793,7.9637,Germany,DE,DEU,Lower Saxony,Lower Saxony,DE-NI,state,,127.1,,,4,Europe/Berlin,FALSE,1276504354
Krauschütz,Krauschutz,,51.3432,13.5985,Germany,DE,DEU,Saxony,Saxony,DE-SN,state,,131.1,,,4,Europe/Berlin,FALSE,1276405969
Drennhausen,Drennhausen,,53.4167,10.2833,Germany,DE,DEU,Lower Saxony,Lower Saxony,DE-NI,state,,312.5,,,3,Europe/Berlin,FALSE,1276780176
Krebshagen,Krebshagen,,52.3014,9.2065,Germany,DE,DEU,Lower Saxony,Lower Saxony,DE-NI,state,,338.3,,,3,Europe/Berlin,FALSE,1276022280
Stollsdorf,Stollsdorf,Köttwitzsch-Stollsdorf,51.0456,12.7420,Germany,DE,DEU,Saxony,Saxony,DE-SN,state,,49.6,,,4,Europe/Berlin,FALSE,1276506545
Behlingen,Behlingen,,48.3420,10.3575,Germany,DE,DEU,Bavaria,Bavaria,DE-BY,state,,77.7,,,4,Europe/Berlin,FALSE,1276592147
Obstfelderschmiede,Obstfelderschmiede,,50.6058,11.1284,Germany,DE,DEU,Thuringia,Thuringia,DE-TH,state,,85.7,,,4,Europe/Berlin,FALSE,1276445954
Winterbach,Winterbach,,49.4736,7.1016,Germany,DE,DEU,Saarland,Saarland,DE-SL,state,,217.8,,,3,Europe/Berlin,FALSE,1276510774
Hirschbach,Hirschbach,,50.7333,12.0667,Germany,DE,DEU,Thuringia,Thuringia,DE-TH,state,,79.5,,,4,Europe/Berlin,FALSE,1276737848
Hirschbach,Hirschbach,,50.5621,10.7374,Germany,DE,DEU,Thuringia,Thuringia,DE-TH,state,,47.4,,,4,Europe/Berlin,TRUE,1276882798
Buhn,Buhn,Der Buhn,52.1822,8.8892,Germany,DE,DEU,North Rhine-Westphalia,North Rhine-Westphalia,DE-NW,state,,243.8,,,3,Europe/Berlin,FALSE,1276892161
Ebschied,Ebschied,Ebshied,50.0799,7.5171,Germany,DE,DEU,Rhineland-Palatinate,Rhineland-Palatinate,DE-RP,state,,80.7,,,4,Europe/Berlin,FALSE,1276169568
Kräpelin,Krapelin,,54.1148,13.5903,Germany,DE,DEU,Mecklenburg-Western Pomerania,Mecklenburg-Western Pomerania,DE-MV,state,,37.7,,,4,Europe/Berlin,FALSE,1276508143
Detershagen,Detershagen,,54.0547,11.7713,Germany,DE,DEU,Mecklenburg-Western Pomerania,Mecklenburg-Western Pomerania,DE-MV,state,,68.8,,,4,Europe/Berlin,FALSE,1276465413
Grabsdorf,Grabsdorf,,51.0286,11.7883,Germany,DE,DEU,Saxony-Anhalt,Saxony-Anhalt,DE-ST,state,,45.2,,,4,Europe/Berlin,FALSE,1276405204
Pfaffenweiler,Pfaffenweiler,,48.0349,8.4156,Germany,DE,DEU,Baden-Württemberg,Baden-Wurttemberg,DE-BW,state,,468.6,,,3,Europe/Berlin,TRUE,1276791599
Pfaffenweiler,Pfaffenweiler,,49.2000,9.6333,Germany,DE,DEU,Baden-Württemberg,Baden-Wurttemberg,DE-BW,state,,126.3,,,4,Europe/Berlin,TRUE,1276418429
Pfaffenweiler,Pfaffenweiler,,47.7833,9.8667,Germany,DE,DEU,Baden-Württemberg,Baden-Wurttemberg,DE-BW,state,,92.7,,,4,Europe/Berlin,TRUE,1276085575
Isernhagen Kircher Bauerschaft,Isernhagen Kircher Bauerschaft,Kircher Bauerschaft|Isernhagen-Kircher Bauernschaft,52.4621,9.8222,Germany,DE,DEU,Lower Saxony,Lower Saxony,DE-NI,state,,377.0,,,3,Europe/Berlin,FALSE,1276420166
Sarrod,Sarrod,,50.3521,9.3977,Germany,DE,DEU,Hesse,Hesse,DE-HE,state,,98.8,,,4,Europe/Berlin,FALSE,1276733406
Matzing,Matzing,,47.9373,12.5916,Germany,DE,DEU,Bavaria,Bavaria,DE-BY,state,,389.1,,,3,Europe/Berlin,FALSE,1276976906
Matzing,Matzing,,48.4914,13.0086,Germany,DE,DEU,Bavaria,Bavaria,DE-BY,state,,55.6,,,4,Europe/Berlin,TRUE,1276263119
Rade,Rade,,53.2636,8.5158,Germany,DE,DEU,Lower Saxony,Lower Saxony,DE-NI,state,,150.9,,,4,Europe/Berlin,TRUE,1276690726
Rade,Rade,,52.7332,10.7802,Germany,DE,DEU,Lower Saxony,Lower Saxony,DE-NI,state,,50.6,,,4,Europe/Berlin,TRUE,1276865584
Bosengröba,Bosengroba,,51.0608,12.3639,Germany,DE,DEU,Thuringia,Thuringia,DE-TH,state,,178.6,,,4,Europe/Berlin,FALSE,1276949987
Hülshof,Hulshof,,50.7787,8.4847,Germany,DE,DEU,Hesse,Hesse,DE-HE,state,,197.0,,,4,Europe/Berlin,FALSE,1276210747
Hauerz,Hauerz,Hauer,47.9502,9.9863,Germany,DE,DEU,Baden-Württemberg,Baden-Wurttemberg,DE-BW,state,,77.4,,,4,Europe/Berlin,FALSE,1276329697
Kocherstein,Kocherstein,,49.3000,9.6667,Germany,DE,DEU,Baden-Württemberg,Baden-Wurttemberg,DE-BW,state,,186.3,,,4,Europe/Berlin,FALSE,1276863236
Frettholt,Frettholt,,52.0599,7.1446,Germany,DE,DEU,North Rhine-Westphalia,North Rhine-Westphalia,DE-NW,state,,123.1,,,4,Europe/Berlin,FALSE,1276805020
Welbrechts,Welbrechts,,47.6659,9.8082,Germany,DE,DEU,Baden-Württemberg,Baden-Wurttemberg,DE-BW,state,,255.9,,,3,Europe/Berlin,FALSE,1276189181
Blume,Blume,,51.2024,7.2497,Germany,DE,DEU,North Rhine-Westphalia,North Rhine-Westphalia,DE-NW,state,,1396.5,,,3,Europe/Berlin,FALSE,1276505873
Völkerhausen,Volkerhausen,,52.0601,9.4548,Germany,DE,DEU,Lower Saxony,Lower Saxony,DE-NI,state,,81.2,,,4,Europe/Berlin,FALSE,1276552834
Augustenhof,Augustenhof,,53.6220,11.5807,Germany,DE,DEU,Mecklenburg-Western Pomerania,Mecklenburg-Western Pomerania,DE-MV,state,,79.9,,,4,Europe/Berlin,FALSE,1276051358
Augustenhof,Augustenhof,,54.4739,13.4680,Germany,DE,DEU,Mecklenburg-Western Pomerania,Mecklenburg-Western Pomerania,DE-MV,state,,12.4,,,4,Europe/Berlin,TRUE,1276587953
Hafthagen,Hafthagen,,54.0167,11.1500,Germany,DE,DEU,Mecklenburg-Western Pomerania,Mecklenburg-Western Pomerania,DE-MV,state,,122.0,,,4,Europe/Berlin,FALSE,1276339433
Glaserhütte,Glaserhutte,,49.0333,13.2333,Germany,DE,DEU,Bavaria,Bavaria,DE-BY,state,,209.9,,,3,Europe/Berlin,FALSE,1276042293
Heinrichsruh,Heinrichsruh,,50.5500,11.8167,Germany,DE,DEU,Thuringia,Thuringia,DE-TH,state,,90.7,,,4,Europe/Berlin,FALSE,1276257038
Großweiher,Grossweiher,,48.6937,12.5192,Germany,DE,DEU,Bavaria,Bavaria,DE-BY,state,,67.0,,,4,Europe/Berlin,FALSE,1276474662
Dorchheim,Dorchheim,,50.5062,8.0632,Germany,DE,DEU,Hesse,Hesse,DE-HE,state,,206.5,,,3,Europe/Berlin,FALSE,1276157569
Altenufer,Altenufer,,48.7615,13.0460,Germany,DE,DEU,Bavaria,Bavaria,DE-BY,state,,155.8,,,4,Europe/Berlin,FALSE,1276675521
Massiefen,Massiefen,,51.0866,7.0974,Germany,DE,DEU,North Rhine-Westphalia,North Rhine-Westphalia,DE-NW,state,,662.0,,,3,Europe/Berlin,FALSE,1276654711
Eldena,Eldena,Greifswald-Eldena,54.0882,13.4471,Germany,DE,DEU,Mecklenburg-Western Pomerania,Mecklenburg-Western Pomerania,DE-MV,state,,1063.8,,,3,Europe/Berlin,FALSE,1276570980
Wickrath,Wickrath,,51.1313,6.4083,Germany,DE,DEU,North Rhine-Westphalia,North Rhine-Westphalia,DE-NW,state,,1447.1,,,3,Europe/Berlin,FALSE,1276288598
Wickrath,Wickrath,,51.4830,6.4890,Germany,DE,DEU,North Rhine-Westphalia,North Rhine-Westphalia,DE-NW,state,,409.9,,,3,Europe/Berlin,TRUE,1276446395
Kummerfeld,Kummerfeld,Kakerberg,54.3000,9.1667,Germany,DE,DEU,Schleswig-Holstein,Schleswig-Holstein,DE-SH,state,,89.2,,,4,Europe/Berlin,TRUE,1276343568
Bloch,Bloch,,50.8776,7.2818,Germany,DE,DEU,North Rhine-Westphalia,North Rhine-Westphalia,DE-NW,state,,443.0,,,3,Europe/Berlin,FALSE,1276895942
Götz,Gotz,,52.4197,12.7193,Germany,DE,DEU,Brandenburg,Brandenburg,DE-BB,state,,78.9,,,4,Europe/Berlin,FALSE,1276966941
Kolksbruch,Kolksbruch,,51.1833,6.9333,Germany,DE,DEU,North Rhine-Westphalia,North Rhine-Westphalia,DE-NW,state,,1971.6,,,3,Europe/Berlin,FALSE,1276885946
Käferhain,Kaferhain,Methewitz-Käferhain,51.1167,12.3000,Germany,DE,DEU,Saxony,Saxony,DE-SN,state,,111.3,,,4,Europe/Berlin,FALSE,1276002374
Haupeltshofen,Haupeltshofen,,48.1797,10.3839,Germany,DE,DEU,Bavaria,Bavaria,DE-BY,state,,60.9,,,4,Europe/Berlin,FALSE,1276001643
Tannhausen,Tannhausen,,47.9502,9.6624,Germany,DE,DEU,Baden-Württemberg,Baden-Wurttemberg,DE-BW,state,,182.0,,,4,Europe/Berlin,TRUE,1276553341
Reinerzau,Reinerzau,,48.3594,8.3708,Germany,DE,DEU,Baden-Württemberg,Baden-Wurttemberg,DE-BW,state,,93.9,,,4,Europe/Berlin,FALSE,1276030225
Edesbüttel,Edesbuttel,,52.4045,10.6252,Germany,DE,DEU,Lower Saxony,Lower Saxony,DE-NI,state,,178.0,,,4,Europe/Berlin,FALSE,1276326096
Neue Turmwarte,Neue Turmwarte,,51.8833,10.7500,Germany,DE,DEU,Saxony-Anhalt,Saxony-Anhalt,DE-ST,state,,66.3,,,4,Europe/Berlin,FALSE,1276271988
Schmelzenholzham,Schmelzenholzham,,48.4878,13.1317,Germany,DE,DEU,Bavaria,Bavaria,DE-BY,state,,52.0,,,4,Europe/Berlin,FALSE,1276130770
Nindorf,Nindorf,,52.9709,9.2372,Germany,DE,DEU,Lower Saxony,Lower Saxony,DE-NI,state,,211.3,,,3,Europe/Berlin,FALSE,1276991488
Nindorf,Nindorf,,53.4170,9.6546,Germany,DE,DEU,Lower Saxony,Lower Saxony,DE-NI,state,,120.2,,,4,Europe/Berlin,TRUE,1276783649
Nindorf,Nindorf,Niendorf,53.6833,9.3500,Germany,DE,DEU,Lower Saxony,Lower Saxony,DE-NI,state,,107.5,,,4,Europe/Berlin,TRUE,1276706279
Nindorf,Nindorf,,53.2358,10.0247,Germany,DE,DEU,Lower Saxony,Lower Saxony,DE-NI,state,,90.5,,,4,Europe/Berlin,TRUE,1276804870
Nindorf,Nindorf,,53.2620,10.7432,Germany,DE,DEU,Lower Saxony,Lower Saxony,DE-NI,state,,71.3,,,4,Europe/Berlin,TRUE,1276903655
Nindorf,Nindorf,,52.9854,9.5449,Germany,DE,DEU,Lower Saxony,Lower Saxony,DE-NI,state,,63.4,,,4,Europe/Berlin,TRUE,1276404999
Nindorf,Nindorf,,53.6219,9.1039,Germany,DE,DEU,Lower Saxony,Lower Saxony,DE-NI,state,,60.3,,,4,Europe/Berlin,TRUE,1276841213
Nindorf,Nindorf,,53.2694,9.4087,Germany,DE,DEU,Lower Saxony,Lower Saxony,DE-NI,state,,40.8,,,4,Europe/Berlin,TRUE,1276461643
Rärin,Rarin,,51.2134,7.7586,Germany,DE,DEU,North Rhine-Westphalia,North Rhine-Westphalia,DE-NW,state,,114.2,,,4,Europe/Berlin,FALSE,1276883216
Meerdorf,Meerdorf,,52.3462,10.3168,Germany,DE,DEU,Lower Saxony,Lower Saxony,DE-NI,state,,162.4,,,4,Europe/Berlin,FALSE,1276485474
Meerdorf,Meerdorf,,52.7446,7.7689,Germany,DE,DEU,Lower Saxony,Lower Saxony,DE-NI,state,,94.1,,,4,Europe/Berlin,TRUE,1276335836
Priort,Priort,,52.5191,12.9780,Germany,DE,DEU,Brandenburg,Brandenburg,DE-BB,state,,150.8,,,4,Europe/Berlin,FALSE,1276839663
Ranzow,Ranzow,,51.6935,14.0418,Germany,DE,DEU,Brandenburg,Brandenburg,DE-BB,state,,50.7,,,4,Europe/Berlin,FALSE,1276249620
Wartenburg,Wartenburg,,51.8096,12.7793,Germany,DE,DEU,Saxony-Anhalt,Saxony-Anhalt,DE-ST,state,,37.5,,,4,Europe/Berlin,FALSE,1276303286
Herdringen,Herdringen,,51.4239,7.9628,Germany,DE,DEU,North Rhine-Westphalia,North Rhine-Westphalia,DE-NW,state,,363.2,,,3,Europe/Berlin,FALSE,1276594876
Oberroth,Oberroth,,48.3078,11.3310,Germany,DE,DEU,Bavaria,Bavaria,DE-BY,state,,212.0,,,3,Europe/Berlin,FALSE,1276639153
Thansau,Thansau,,47.8197,12.1613,Germany,DE,DEU,Bavaria,Bavaria,DE-BY,state,,190.2,,,4,Europe/Berlin,FALSE,1276925126
Weddersehl,Weddersehl,,52.7308,10.5447,Germany,DE,DEU,Lower Saxony,Lower Saxony,DE-NI,state,,16.7,,,4,Europe/Berlin,FALSE,1276729681
Großvichtach,Grossvichtach,,50.2433,11.4029,Germany,DE,DEU,Bavaria,Bavaria,DE-BY,state,,106.5,,,4,Europe/Berlin,FALSE,1276503371
Gill,Gill,,51.0270,6.6903,Germany,DE,DEU,North Rhine-Westphalia,North Rhine-Westphalia,DE-NW,state,,203.2,,,3,Europe/Berlin,FALSE,1276308007
Hohenhagen,Hohenhagen,,51.1830,7.2136,Germany,DE,DEU,North Rhine-Westphalia,North Rhine-Westphalia,DE-NW,state,,1396.5,,,3,Europe/Berlin,FALSE,1276093281
Plaue,Plaue,,50.8483,13.0704,Germany,DE,DEU,Saxony,Saxony,DE-SN,state,,364.3,,,3,Europe/Berlin,FALSE,1276103694
Sankt Jakob,Sankt Jakob,,50.5863,11.4773,Germany,DE,DEU,Thuringia,Thuringia,DE-TH,state,,34.7,,,4,Europe/Berlin,FALSE,1276876735
Haseldorfer Kamperrege,Haseldorfer Kamperrege,,53.6500,9.6167,Germany,DE,DEU,Schleswig-Holstein,Schleswig-Holstein,DE-SH,state,,85.0,,,4,Europe/Berlin,FALSE,1276438593
Frenzerburg,Frenzerburg,,50.8297,6.3431,Germany,DE,DEU,North Rhine-Westphalia,North Rhine-Westphalia,DE-NW,state,,304.4,,,3,Europe/Berlin,FALSE,1276967407
Kohlenbek,Kohlenbek,,54.0426,9.4288,Germany,DE,DEU,Schleswig-Holstein,Schleswig-Holstein,DE-SH,state,,42.4,,,4,Europe/Berlin,FALSE,1276099495
Kreuzkrug,Kreuzkrug,,52.4423,8.9334,Germany,DE,DEU,Lower Saxony,Lower Saxony,DE-NI,state,,46.0,,,4,Europe/Berlin,FALSE,1276180582
Gutershofen,Gutershofen,,48.1167,9.7000,Germany,DE,DEU,Baden-Württemberg,Baden-Wurttemberg,DE-BW,state,,229.4,,,3,Europe/Berlin,FALSE,1276213329
Werdumeraltengrode,Werdumeraltengrode,,53.6728,7.7737,Germany,DE,DEU,Lower Saxony,Lower Saxony,DE-NI,state,,95.7,,,4,Europe/Berlin,FALSE,1276887443
Schörzingen,Schorzingen,,48.1814,8.7461,Germany,DE,DEU,Baden-Württemberg,Baden-Wurttemberg,DE-BW,state,,190.4,,,4,Europe/Berlin,FALSE,1276133454
Hardthof,Hardthof,,48.8904,9.0031,Germany,DE,DEU,Baden-Württemberg,Baden-Wurttemberg,DE-BW,state,,252.4,,,3,Europe/Berlin,FALSE,1276282489
Pegenau,Pegenau,,51.1163,13.5317,Germany,DE,DEU,Saxony,Saxony,DE-SN,state,,90.5,,,4,Europe/Berlin,FALSE,1276747569
Grammelkam,Grammelkam,,48.4830,12.1563,Germany,DE,DEU,Bavaria,Bavaria,DE-BY,state,,139.9,,,4,Europe/Berlin,FALSE,1276597647
Buffenhofen,Buffenhofen,,47.9847,9.1625,Germany,DE,DEU,Baden-Württemberg,Baden-Wurttemberg,DE-BW,state,,101.7,,,4,Europe/Berlin,FALSE,1276646865
Hartmannsreuth,Hartmannsreuth,,49.9247,11.6760,Germany,DE,DEU,Bavaria,Bavaria,DE-BY,state,,86.1,,,4,Europe/Berlin,FALSE,1276670349
Eckwarder Ahndeich,Eckwarder Ahndeich,,53.5226,8.2414,Germany,DE,DEU,Lower Saxony,Lower Saxony,DE-NI,state,,44.2,,,4,Europe/Berlin,FALSE,1276975461
Sannerz,Sannerz,,50.3226,9.5911,Germany,DE,DEU,Hesse,Hesse,DE-HE,state,,79.1,,,4,Europe/Berlin,FALSE,1276860555
Pfleg,Pfleg,,47.9549,11.9253,Germany,DE,DEU,Bavaria,Bavaria,DE-BY,state,,74.5,,,4,Europe/Berlin,FALSE,1276001724
Niederlungwitz,Niederlungwitz,,50.8144,12.5750,Germany,DE,DEU,Saxony,Saxony,DE-SN,state,,407.3,,,3,Europe/Berlin,FALSE,1276415674
Mühlleiten,Muhlleiten,Mühleiten,50.3658,11.5844,Germany,DE,DEU,Bavaria,Bavaria,DE-BY,state,,166.2,,,4,Europe/Berlin,FALSE,1276528513
Drusweiler,Drusweiler,,49.1054,8.0353,Germany,DE,DEU,Rhineland-Palatinate,Rhineland-Palatinate,DE-RP,state,,151.7,,,4,Europe/Berlin,FALSE,1276741040
Bonzel,Bonzel,,51.1194,8.0239,Germany,DE,DEU,North Rhine-Westphalia,North Rhine-Westphalia,DE-NW,state,,186.9,,,4,Europe/Berlin,FALSE,1276163357
Wasenberg,Wasenberg,,50.8743,9.1893,Germany,DE,DEU,Hesse,Hesse,DE-HE,state,,79.1,,,4,Europe/Berlin,FALSE,1276432471
Hagenschieß,Hagenschiess,,48.8844,8.7569,Germany,DE,DEU,Baden-Württemberg,Baden-Wurttemberg,DE-BW,state,,1135.8,,,3,Europe/Berlin,FALSE,1276081514
Wendlinghausen,Wendlinghausen,,52.0134,9.0196,Germany,DE,DEU,North Rhine-Westphalia,North Rhine-Westphalia,DE-NW,state,,157.3,,,4,Europe/Berlin,FALSE,1276002562
Oberingelbach,Oberingelbach,,50.6808,7.7103,Germany,DE,DEU,Rhineland-Palatinate,Rhineland-Palatinate,DE-RP,state,,106.4,,,4,Europe/Berlin,FALSE,1276397499
Rollesbroich,Rollesbroich,,50.6305,6.3162,Germany,DE,DEU,North Rhine-Westphalia,North Rhine-Westphalia,DE-NW,state,,134.2,,,4,Europe/Berlin,FALSE,1276553348
Ehra,Ehra,,52.5691,10.7888,Germany,DE,DEU,Lower Saxony,Lower Saxony,DE-NI,state,,28.9,,,4,Europe/Berlin,FALSE,1276714063
Unterwiesenthal,Unterwiesenthal,,50.4192,12.9708,Germany,DE,DEU,Saxony,Saxony,DE-SN,state,,49.7,,,4,Europe/Berlin,FALSE,1276922437
Gersrod,Gersrod,,50.5261,9.4888,Germany,DE,DEU,Hesse,Hesse,DE-HE,state,,91.7,,,4,Europe/Berlin,FALSE,1276127497
Erbuch,Erbuch,,49.6398,9.0452,Germany,DE,DEU,Hesse,Hesse,DE-HE,state,,207.1,,,3,Europe/Berlin,FALSE,1276424324
Vordersexau,Vordersexau,,48.0911,7.8941,Germany,DE,DEU,Baden-Württemberg,Baden-Wurttemberg,DE-BW,state,,264.7,,,3,Europe/Berlin,FALSE,1276676113
Diele,Diele,,53.1214,7.3161,Germany,DE,DEU,Lower Saxony,Lower Saxony,DE-NI,state,,190.2,,,4,Europe/Berlin,FALSE,1276894241
Wollbach,Wollbach,,47.6714,7.6545,Germany,DE,DEU,Baden-Württemberg,Baden-Wurttemberg,DE-BW,state,,128.8,,,4,Europe/Berlin,FALSE,1276034586
Kriegsreuth,Kriegsreuth,,50.2170,11.6606,Germany,DE,DEU,Bavaria,Bavaria,DE-BY,state,,133.4,,,4,Europe/Berlin,FALSE,1276469365
Löbelstein,Lobelstein,,50.2564,10.9891,Germany,DE,DEU,Bavaria,Bavaria,DE-BY,state,,819.6,,,3,Europe/Berlin,FALSE,1276324894
Schwefe,Schwefe,,51.5796,8.0353,Germany,DE,DEU,North Rhine-Westphalia,North Rhine-Westphalia,DE-NW,state,,136.7,,,4,Europe/Berlin,FALSE,1276018870
Göbitz,Gobitz,,51.0855,12.1836,Germany,DE,DEU,Saxony-Anhalt,Saxony-Anhalt,DE-ST,state,,96.1,,,4,Europe/Berlin,FALSE,1276271159
Kroptewitz,Kroptewitz,,51.2125,12.9575,Germany,DE,DEU,Saxony,Saxony,DE-SN,state,,45.7,,,4,Europe/Berlin,FALSE,1276592320
Hohholz,Hohholz,Hoholz,49.5922,10.7169,Germany,DE,DEU,Bavaria,Bavaria,DE-BY,state,,87.2,,,4,Europe/Berlin,FALSE,1276000410
Deuchelried,Deuchelried,,47.6944,9.8509,Germany,DE,DEU,Baden-Württemberg,Baden-Wurttemberg,DE-BW,state,,255.9,,,3,Europe/Berlin,FALSE,1276378532
Neumerl,Neumerl,,50.0508,7.1372,Germany,DE,DEU,Rhineland-Palatinate,Rhineland-Palatinate,DE-RP,state,,358.8,,,3,Europe/Berlin,FALSE,1276441360
Obspringen,Obspringen,,51.0716,6.0285,Germany,DE,DEU,North Rhine-Westphalia,North Rhine-Westphalia,DE-NW,state,,311.8,,,3,Europe/Berlin,FALSE,1276069874
Auerschütz,Auerschutz,,51.2087,13.1246,Germany,DE,DEU,Saxony,Saxony,DE-SN,state,,65.1,,,4,Europe/Berlin,FALSE,1276372862
Wildenhof,Wildenhof,,48.9333,9.9667,Germany,DE,DEU,Baden-Württemberg,Baden-Wurttemberg,DE-BW,state,,98.4,,,4,Europe/Berlin,FALSE,1276732687
Sallingberg,Sallingberg,,48.7908,11.9255,Germany,DE,DEU,Bavaria,Bavaria,DE-BY,state,,60.0,,,4,Europe/Berlin,FALSE,1276626735
Greifenhain,Greifenhain,,51.0589,12.5892,Germany,DE,DEU,Saxony,Saxony,DE-SN,state,,97.5,,,4,Europe/Berlin,FALSE,1276158068
Ringenwalde,Ringenwalde,,52.6167,14.1333,Germany,DE,DEU,Brandenburg,Brandenburg,DE-BB,state,,17.1,,,4,Europe/Berlin,FALSE,1276000092
Ringenwalde,Ringenwalde,,53.0572,13.7147,Germany,DE,DEU,Brandenburg,Brandenburg,DE-BB,state,,8.1,,,4,Europe/Berlin,TRUE,1276638629
Treuholz,Treuholz,,53.7737,10.4397,Germany,DE,DEU,Schleswig-Holstein,Schleswig-Holstein,DE-SH,state,,84.7,,,4,Europe/Berlin,FALSE,1276219686
Rautzenberg,Rautzenberg,,51.1087,7.3262,Germany,DE,DEU,North Rhine-Westphalia,North Rhine-Westphalia,DE-NW,state,,295.9,,,3,Europe/Berlin,FALSE,1276000284
Eigenrieden,Eigenrieden,,51.2097,10.3262,Germany,DE,DEU,Thuringia,Thuringia,DE-TH,state,,69.7,,,4,Europe/Berlin,FALSE,1276174913
Philippsthal,Philippsthal,,52.3336,13.1413,Germany,DE,DEU,Brandenburg,Brandenburg,DE-BB,state,,169.4,,,4,Europe/Berlin,FALSE,1276440969
Neureuth,Neureuth,,49.2962,10.3288,Germany,DE,DEU,Bavaria,Bavaria,DE-BY,state,,90.5,,,4,Europe/Berlin,FALSE,1276747683
Bickenriede,Bickenriede,,51.2518,10.3467,Germany,DE,DEU,Thuringia,Thuringia,DE-TH,state,,56.8,,,4,Europe/Berlin,FALSE,1276282064
Unterzell,Unterzell,,47.7000,9.0500,Germany,DE,DEU,Baden-Württemberg,Baden-Wurttemberg,DE-BW,state,,287.9,,,3,Europe/Berlin,FALSE,1276794499
Wildenhof,Wildenhof,,49.3474,10.2495,Germany,DE,DEU,Bavaria,Bavaria,DE-BY,state,,90.2,,,4,Europe/Berlin,FALSE,1276883285
Wildenhof,Wildenhof,,49.5896,11.6397,Germany,DE,DEU,Bavaria,Bavaria,DE-BY,state,,40.6,,,4,Europe/Berlin,TRUE,1276697029
Fichtenwalde,Fichtenwalde,Kolonie Fichtenwalde,52.2833,12.8833,Germany,DE,DEU,Brandenburg,Brandenburg,DE-BB,state,,61.4,,,4,Europe/Berlin,FALSE,1276837863
Hohenfelde,Hohenfelde,,53.5530,9.6090,Germany,DE,DEU,Lower Saxony,Lower Saxony,DE-NI,state,,144.5,,,4,Europe/Berlin,FALSE,1276886859
Hohenfelde,Hohenfelde,,52.7518,8.6696,Germany,DE,DEU,Lower Saxony,Lower Saxony,DE-NI,state,,31.0,,,4,Europe/Berlin,TRUE,1276954235
Mönchhosbach,Monchhosbach,,51.0384,9.8993,Germany,DE,DEU,Hesse,Hesse,DE-HE,state,,48.0,,,4,Europe/Berlin,FALSE,1276701589
Ungedanken,Ungedanken,,51.1219,9.2197,Germany,DE,DEU,Hesse,Hesse,DE-HE,state,,151.9,,,4,Europe/Berlin,FALSE,1276409134
Diepensee,Diepensee,,52.3689,13.5207,Germany,DE,DEU,Brandenburg,Brandenburg,DE-BB,state,,163.1,,,4,Europe/Berlin,FALSE,1276229279
Ensbach,Ensbach,,48.8510,13.0861,Germany,DE,DEU,Bavaria,Bavaria,DE-BY,state,,56.4,,,4,Europe/Berlin,FALSE,1276045503
Münchshofen,Munchshofen,,49.2390,12.0817,Germany,DE,DEU,Bavaria,Bavaria,DE-BY,state,,191.7,,,4,Europe/Berlin,FALSE,1276470442
Münchshöfen,Munchshofen,Münchhöfen,49.0453,12.8255,Germany,DE,DEU,Bavaria,Bavaria,DE-BY,state,,44.7,,,4,Europe/Berlin,TRUE,1276904104
Münchshofen,Munchshofen,,48.7845,12.6820,Germany,DE,DEU,Bavaria,Bavaria,DE-BY,state,,44.5,,,4,Europe/Berlin,TRUE,1276873532
Papenburg-Obenede,Papenburg-Obenede,,53.0667,7.4500,Germany,DE,DEU,Lower Saxony,Lower Saxony,DE-NI,state,,307.2,,,3,Europe/Berlin,FALSE,1276684933
Schmalnau,Schmalnau,,50.4523,9.7924,Germany,DE,DEU,Hesse,Hesse,DE-HE,state,,120.9,,,4,Europe/Berlin,FALSE,1276867127
Kemmlitz,Kemmlitz,,51.2293,12.9929,Germany,DE,DEU,Saxony,Saxony,DE-SN,state,,103.7,,,4,Europe/Berlin,FALSE,1276341953
Grouven,Grouven,,50.9366,6.6054,Germany,DE,DEU,North Rhine-Westphalia,North Rhine-Westphalia,DE-NW,state,,312.7,,,3,Europe/Berlin,FALSE,1276378728
Ceesewitz,Ceesewitz,,51.0691,12.8201,Germany,DE,DEU,Saxony,Saxony,DE-SN,state,,45.0,,,4,Europe/Berlin,FALSE,1276439336
Köstorf,Kostorf,,53.2291,10.7541,Germany,DE,DEU,Lower Saxony,Lower Saxony,DE-NI,state,,36.5,,,4,Europe/Berlin,FALSE,1276868369
Göttenbach,Gottenbach,,48.2368,12.0516,Germany,DE,DEU,Bavaria,Bavaria,DE-BY,state,,87.9,,,4,Europe/Berlin,FALSE,1276274694
Rauenhahn,Rauenhahn,,50.6680,7.3819,Germany,DE,DEU,North Rhine-Westphalia,North Rhine-Westphalia,DE-NW,state,,202.3,,,3,Europe/Berlin,FALSE,1276000396
Altstadt,Altstadt,,49.3234,7.2875,Germany,DE,DEU,Saarland,Saarland,DE-SL,state,,286.2,,,3,Europe/Berlin,FALSE,1276081723
Altstadt,Altstadt,,51.0074,14.9280,Germany,DE,DEU,Saxony,Saxony,DE-SN,state,,124.4,,,4,Europe/Berlin,FALSE,1276769296
Altstadt,Altstadt,,51.0448,14.0671,Germany,DE,DEU,Saxony,Saxony,DE-SN,state,,86.8,,,4,Europe/Berlin,TRUE,1276322313
Ötjendorf,Otjendorf,,53.6797,10.3382,Germany,DE,DEU,Schleswig-Holstein,Schleswig-Holstein,DE-SH,state,,227.5,,,3,Europe/Berlin,FALSE,1276776478
Basta,Basta,,52.6060,14.4028,Germany,DE,DEU,Brandenburg,Brandenburg,DE-BB,state,,29.4,,,4,Europe/Berlin,FALSE,1276134312
Stachersdorf,Stachersdorf,,48.4740,12.1335,Germany,DE,DEU,Bavaria,Bavaria,DE-BY,state,,134.4,,,4,Europe/Berlin,FALSE,1276800656
Hirmerhaus,Hirmerhaus,,49.2851,12.1927,Germany,DE,DEU,Bavaria,Bavaria,DE-BY,state,,144.4,,,4,Europe/Berlin,FALSE,1276875234
Jägerfleck,Jagerfleck,,48.9258,13.3701,Germany,DE,DEU,Bavaria,Bavaria,DE-BY,state,,91.2,,,4,Europe/Berlin,FALSE,1276375208
Heiligendorf,Heiligendorf,,52.3503,10.7761,Germany,DE,DEU,Lower Saxony,Lower Saxony,DE-NI,state,,587.0,,,3,Europe/Berlin,FALSE,1276202790
Steinkirchen,Steinkirchen,,51.1139,6.0980,Germany,DE,DEU,North Rhine-Westphalia,North Rhine-Westphalia,DE-NW,state,,387.4,,,3,Europe/Berlin,FALSE,1276128426
Gräfenbacherhütte,Grafenbacherhutte,,49.9154,7.6685,Germany,DE,DEU,Rhineland-Palatinate,Rhineland-Palatinate,DE-RP,state,,68.1,,,4,Europe/Berlin,FALSE,1276767486
Embken,Embken,Embden,50.6847,6.5766,Germany,DE,DEU,North Rhine-Westphalia,North Rhine-Westphalia,DE-NW,state,,146.2,,,4,Europe/Berlin,FALSE,1276588189
Reinstorf,Reinstorf,,53.8459,11.6436,Germany,DE,DEU,Mecklenburg-Western Pomerania,Mecklenburg-Western Pomerania,DE-MV,state,,30.6,,,4,Europe/Berlin,FALSE,1276164751
Reinstorf,Reinstorf,,53.9367,11.9421,Germany,DE,DEU,Mecklenburg-Western Pomerania,Mecklenburg-Western Pomerania,DE-MV,state,,20.1,,,4,Europe/Berlin,TRUE,1276838137
Auf der Lieth,Auf der Lieth,,51.7167,8.8333,Germany,DE,DEU,North Rhine-Westphalia,North Rhine-Westphalia,DE-NW,state,,811.0,,,3,Europe/Berlin,FALSE,1276441737
Schaftnach,Schaftnach,,49.3237,11.0787,Germany,DE,DEU,Bavaria,Bavaria,DE-BY,state,,904.4,,,3,Europe/Berlin,FALSE,1276433149
Riedbach,Riedbach,,48.2110,12.2756,Germany,DE,DEU,Bavaria,Bavaria,DE-BY,state,,50.3,,,4,Europe/Berlin,FALSE,1276944368
Riedbach,Riedbach,,49.3527,9.9138,Germany,DE,DEU,Baden-Württemberg,Baden-Wurttemberg,DE-BW,state,,54.0,,,4,Europe/Berlin,FALSE,1276371604
Schmachthagen,Schmachthagen,,53.7458,10.4208,Germany,DE,DEU,Schleswig-Holstein,Schleswig-Holstein,DE-SH,state,,95.4,,,4,Europe/Berlin,FALSE,1276201090
Hartmannsreit,Hartmannsreit,,48.8665,13.3467,Germany,DE,DEU,Bavaria,Bavaria,DE-BY,state,,112.9,,,4,Europe/Berlin,FALSE,1276645590
Wechtern,Wechtern,,53.8206,9.1825,Germany,DE,DEU,Lower Saxony,Lower Saxony,DE-NI,state,,17.3,,,4,Europe/Berlin,FALSE,1276326142
Schuhöd,Schuhod,,48.5426,12.9458,Germany,DE,DEU,Bavaria,Bavaria,DE-BY,state,,58.0,,,4,Europe/Berlin,FALSE,1276514330
Steingebronn,Steingebronn,,48.4035,9.4119,Germany,DE,DEU,Baden-Württemberg,Baden-Wurttemberg,DE-BW,state,,47.6,,,4,Europe/Berlin,FALSE,1276014047
Meiserich,Meiserich,,50.2000,6.9595,Germany,DE,DEU,Rhineland-Palatinate,Rhineland-Palatinate,DE-RP,state,,113.8,,,4,Europe/Berlin,FALSE,1276006225
Laave,Laave,,53.2167,11.0708,Germany,DE,DEU,Mecklenburg-Western Pomerania,Mecklenburg-Western Pomerania,DE-MV,state,,21.2,,,4,Europe/Berlin,FALSE,1276964029
Metten,Metten,,48.9759,13.0943,Germany,DE,DEU,Bavaria,Bavaria,DE-BY,state,,153.4,,,4,Europe/Berlin,TRUE,1276596121
Lauenberg,Lauenberg,,51.7678,9.7576,Germany,DE,DEU,Lower Saxony,Lower Saxony,DE-NI,state,,82.0,,,4,Europe/Berlin,FALSE,1276807750
Michelbacherhütte,Michelbacherhutte,Michelsbacher Hütte,50.2439,8.0659,Germany,DE,DEU,Hesse,Hesse,DE-HE,state,,170.9,,,4,Europe/Berlin,FALSE,1276858359
Geroldsau,Geroldsau,,48.7259,8.2466,Germany,DE,DEU,Baden-Württemberg,Baden-Wurttemberg,DE-BW,state,,366.8,,,3,Europe/Berlin,FALSE,1276649650
Brökeln,Brokeln,,51.9566,9.4716,Germany,DE,DEU,Lower Saxony,Lower Saxony,DE-NI,state,,80.7,,,4,Europe/Berlin,FALSE,1276096752
Kleistau,Kleistau,,52.8183,10.8859,Germany,DE,DEU,Saxony-Anhalt,Saxony-Anhalt,DE-ST,state,,16.9,,,4,Europe/Berlin,FALSE,1276811278
Hohenraden,Hohenraden,,53.6957,9.8213,Germany,DE,DEU,Schleswig-Holstein,Schleswig-Holstein,DE-SH,state,,154.6,,,4,Europe/Berlin,FALSE,1276842291
Katzwalchen,Katzwalchen,,47.9741,12.6157,Germany,DE,DEU,Bavaria,Bavaria,DE-BY,state,,246.7,,,3,Europe/Berlin,FALSE,1276078329
Reutenhof,Reutenhof,,48.5767,10.6653,Germany,DE,DEU,Bavaria,Bavaria,DE-BY,state,,167.1,,,4,Europe/Berlin,FALSE,1276413615
Förste,Forste,,51.7419,10.1788,Germany,DE,DEU,Lower Saxony,Lower Saxony,DE-NI,state,,204.5,,,3,Europe/Berlin,FALSE,1276370007
Lindhorst,Lindhorst,,52.3031,11.5939,Germany,DE,DEU,Saxony-Anhalt,Saxony-Anhalt,DE-ST,state,,40.2,,,4,Europe/Berlin,FALSE,1276875820
Lindhorst,Lindhorst,,52.7333,10.8500,Germany,DE,DEU,Saxony-Anhalt,Saxony-Anhalt,DE-ST,state,,21.4,,,4,Europe/Berlin,TRUE,1276754557
Branders,Branders,,50.7871,9.7838,Germany,DE,DEU,Hesse,Hesse,DE-HE,state,,79.9,,,4,Europe/Berlin,FALSE,1276322401
Wedelwitz,Wedelwitz,,51.4427,12.6187,Germany,DE,DEU,Saxony,Saxony,DE-SN,state,,298.8,,,3,Europe/Berlin,FALSE,1276910550
Herrenwalde,Herrenwalde,Herrenwald,50.8798,14.6335,Germany,DE,DEU,Saxony,Saxony,DE-SN,state,,174.0,,,4,Europe/Berlin,FALSE,1276832349
Frohlinde,Frohlinde,,51.5316,7.3496,Germany,DE,DEU,North Rhine-Westphalia,North Rhine-Westphalia,DE-NW,state,,1355.6,,,3,Europe/Berlin,FALSE,1276370430
Garscham,Garscham,,47.9582,12.6827,Germany,DE,DEU,Bavaria,Bavaria,DE-BY,state,,131.2,,,4,Europe/Berlin,FALSE,1276392916
Müddersheim,Muddersheim,,50.7516,6.6640,Germany,DE,DEU,North Rhine-Westphalia,North Rhine-Westphalia,DE-NW,state,,103.1,,,4,Europe/Berlin,FALSE,1276118693
Bischofrode,Bischofrode,,51.4866,11.5316,Germany,DE,DEU,Saxony-Anhalt,Saxony-Anhalt,DE-ST,state,,145.6,,,4,Europe/Berlin,FALSE,1276483863
Breideneichen,Breideneichen,,50.9237,7.3579,Germany,DE,DEU,North Rhine-Westphalia,North Rhine-Westphalia,DE-NW,state,,443.6,,,3,Europe/Berlin,FALSE,1276068457
Antersdorf,Antersdorf,,48.2742,13.0061,Germany,DE,DEU,Bavaria,Bavaria,DE-BY,state,,207.5,,,3,Europe/Berlin,FALSE,1276701145
Antersdorf,Antersdorf,,49.1363,12.4381,Germany,DE,DEU,Bavaria,Bavaria,DE-BY,state,,65.7,,,4,Europe/Berlin,TRUE,1276262274
Asterode,Asterode,,50.8500,9.3833,Germany,DE,DEU,Hesse,Hesse,DE-HE,state,,101.9,,,4,Europe/Berlin,FALSE,1276683517
Haderlsdorf,Haderlsdorf,,49.1023,11.7825,Germany,DE,DEU,Bavaria,Bavaria,DE-BY,state,,77.0,,,4,Europe/Berlin,FALSE,1276753347
Menow,Menow,,53.2000,13.0833,Germany,DE,DEU,Brandenburg,Brandenburg,DE-BB,state,,29.2,,,4,Europe/Berlin,FALSE,1276200576
Wolfartsweiler,Wolfartsweiler,,48.0014,9.4370,Germany,DE,DEU,Baden-Württemberg,Baden-Wurttemberg,DE-BW,state,,166.6,,,4,Europe/Berlin,FALSE,1276001148
Wolfartsweiler,Wolfartsweiler,,47.9627,9.8698,Germany,DE,DEU,Baden-Württemberg,Baden-Wurttemberg,DE-BW,state,,77.4,,,4,Europe/Berlin,TRUE,1276963959
Lenzfried,Lenzfried,,47.7289,10.3390,Germany,DE,DEU,Bavaria,Bavaria,DE-BY,state,,1062.9,,,3,Europe/Berlin,FALSE,1276209071
Riesigk,Riesigk,,51.8246,12.4660,Germany,DE,DEU,Saxony-Anhalt,Saxony-Anhalt,DE-ST,state,,63.5,,,4,Europe/Berlin,FALSE,1276653114
Rackertshofen,Rackertshofen,,48.8279,11.3855,Germany,DE,DEU,Bavaria,Bavaria,DE-BY,state,,403.3,,,3,Europe/Berlin,FALSE,1276594499
Michelwitz,Michelwitz,,51.1081,12.2832,Germany,DE,DEU,Saxony,Saxony,DE-SN,state,,111.3,,,4,Europe/Berlin,FALSE,1276497203
Wallhöfen,Wallhofen,,53.3228,8.8858,Germany,DE,DEU,Lower Saxony,Lower Saxony,DE-NI,state,,62.3,,,4,Europe/Berlin,FALSE,1276671879
Heißesheim,Heissesheim,,48.6719,10.7699,Germany,DE,DEU,Bavaria,Bavaria,DE-BY,state,,95.9,,,4,Europe/Berlin,FALSE,1276173810
Burkersdorf,Burkersdorf,,50.8884,12.3069,Germany,DE,DEU,Thuringia,Thuringia,DE-TH,state,,81.5,,,4,Europe/Berlin,FALSE,1276277248
Burkersdorf,Burkersdorf,,50.9492,12.4013,Germany,DE,DEU,Thuringia,Thuringia,DE-TH,state,,57.5,,,4,Europe/Berlin,TRUE,1276989866
Burkersdorf,Burkersdorf,,50.6524,11.8808,Germany,DE,DEU,Thuringia,Thuringia,DE-TH,state,,49.0,,,4,Europe/Berlin,TRUE,1276803549
Burkersdorf,Burkersdorf,,50.7856,12.0136,Germany,DE,DEU,Thuringia,Thuringia,DE-TH,state,,46.7,,,4,Europe/Berlin,TRUE,1276915831
Burkersdorf,Burkersdorf,,50.6345,11.2290,Germany,DE,DEU,Thuringia,Thuringia,DE-TH,state,,44.3,,,4,Europe/Berlin,TRUE,1276074296
Burkersdorf,Burkersdorf,,50.7844,11.8165,Germany,DE,DEU,Thuringia,Thuringia,DE-TH,state,,19.2,,,4,Europe/Berlin,TRUE,1276057379
Mannholz,Mannholz,,48.8700,9.6777,Germany,DE,DEU,Baden-Württemberg,Baden-Wurttemberg,DE-BW,state,,101.0,,,4,Europe/Berlin,FALSE,1276590696
Heiderfeld,Heiderfeld,,53.8672,10.2220,Germany,DE,DEU,Schleswig-Holstein,Schleswig-Holstein,DE-SH,state,,120.0,,,4,Europe/Berlin,FALSE,1276981859
Flischberg,Flischberg,,49.3344,12.6027,Germany,DE,DEU,Bavaria,Bavaria,DE-BY,state,,43.1,,,4,Europe/Berlin,FALSE,1276255803
Oberhaus,Oberhaus,,50.9000,7.2333,Germany,DE,DEU,North Rhine-Westphalia,North Rhine-Westphalia,DE-NW,state,,595.9,,,3,Europe/Berlin,FALSE,1276064739
Krauthausen,Krauthausen,,50.7416,6.1881,Germany,DE,DEU,North Rhine-Westphalia,North Rhine-Westphalia,DE-NW,state,,1295.9,,,3,Europe/Berlin,FALSE,1276065811
Krauthausen,Krauthausen,,50.7719,6.4945,Germany,DE,DEU,North Rhine-Westphalia,North Rhine-Westphalia,DE-NW,state,,998.4,,,3,Europe/Berlin,TRUE,1276781706
Dreveskirchen,Dreveskirchen,,53.9947,11.5344,Germany,DE,DEU,Mecklenburg-Western Pomerania,Mecklenburg-Western Pomerania,DE-MV,state,,35.3,,,4,Europe/Berlin,FALSE,1276161652
Schellschwang,Schellschwang,,47.8975,11.0195,Germany,DE,DEU,Bavaria,Bavaria,DE-BY,state,,41.7,,,4,Europe/Berlin,FALSE,1276216906
Hohenstein,Hohenstein,,53.6268,13.5893,Germany,DE,DEU,Mecklenburg-Western Pomerania,Mecklenburg-Western Pomerania,DE-MV,state,,53.7,,,4,Europe/Berlin,FALSE,1276654894
Ellerüh,Elleruh,,54.6333,9.9667,Germany,DE,DEU,Schleswig-Holstein,Schleswig-Holstein,DE-SH,state,,118.0,,,4,Europe/Berlin,FALSE,1276895363
Schwetzendorf,Schwetzendorf,,49.0640,12.0280,Germany,DE,DEU,Bavaria,Bavaria,DE-BY,state,,141.6,,,4,Europe/Berlin,FALSE,1276526962
Winterhof,Winterhof,,51.3517,7.7928,Germany,DE,DEU,North Rhine-Westphalia,North Rhine-Westphalia,DE-NW,state,,492.8,,,3,Europe/Berlin,FALSE,1276851167
Burstah,Burstah,,53.6530,9.8732,Germany,DE,DEU,Schleswig-Holstein,Schleswig-Holstein,DE-SH,state,,607.8,,,3,Europe/Berlin,FALSE,1276159849
Wahlendow,Wahlendow,,53.9596,13.6984,Germany,DE,DEU,Mecklenburg-Western Pomerania,Mecklenburg-Western Pomerania,DE-MV,state,,18.8,,,4,Europe/Berlin,FALSE,1276400359
Pillingsdorf,Pillingsdorf,,50.7803,11.7941,Germany,DE,DEU,Thuringia,Thuringia,DE-TH,state,,18.6,,,4,Europe/Berlin,FALSE,1276637576
Schmalenfletherwurp,Schmalenfletherwurp,,53.3682,8.4431,Germany,DE,DEU,Lower Saxony,Lower Saxony,DE-NI,state,,285.6,,,3,Europe/Berlin,FALSE,1276200760
Steinförde,Steinforde,,53.1873,13.0896,Germany,DE,DEU,Brandenburg,Brandenburg,DE-BB,state,,30.7,,,4,Europe/Berlin,FALSE,1276343129
Püsselbüren,Pusselburen,,52.3065,7.6471,Germany,DE,DEU,North Rhine-Westphalia,North Rhine-Westphalia,DE-NW,state,,461.5,,,3,Europe/Berlin,FALSE,1276439168
Labbus,Labbus,,52.6906,8.8495,Germany,DE,DEU,Lower Saxony,Lower Saxony,DE-NI,state,,110.8,,,4,Europe/Berlin,FALSE,1276000360
Prinzbach,Prinzbach,,48.3222,8.0049,Germany,DE,DEU,Baden-Württemberg,Baden-Wurttemberg,DE-BW,state,,156.3,,,4,Europe/Berlin,FALSE,1276229688
Wiehl,Wiehl,,50.9603,7.7742,Germany,DE,DEU,North Rhine-Westphalia,North Rhine-Westphalia,DE-NW,state,,156.8,,,4,Europe/Berlin,TRUE,1276716569
Kuglthal,Kuglthal,,48.0297,12.7205,Germany,DE,DEU,Bavaria,Bavaria,DE-BY,state,,75.0,,,4,Europe/Berlin,FALSE,1276218512
Reblin,Reblin,,51.1596,7.7484,Germany,DE,DEU,North Rhine-Westphalia,North Rhine-Westphalia,DE-NW,state,,114.2,,,4,Europe/Berlin,FALSE,1276761638
Busch,Busch,,51.1833,7.0833,Germany,DE,DEU,North Rhine-Westphalia,North Rhine-Westphalia,DE-NW,state,,1644.1,,,3,Europe/Berlin,FALSE,1276528371
Busch,Busch,Buschhof,50.8800,6.1358,Germany,DE,DEU,North Rhine-Westphalia,North Rhine-Westphalia,DE-NW,state,,1435.3,,,3,Europe/Berlin,TRUE,1276385235
Busch,Busch,,51.2902,7.2594,Germany,DE,DEU,North Rhine-Westphalia,North Rhine-Westphalia,DE-NW,state,,1410.0,,,3,Europe/Berlin,TRUE,1276243026
Busch,Busch,,51.2383,6.3333,Germany,DE,DEU,North Rhine-Westphalia,North Rhine-Westphalia,DE-NW,state,,797.3,,,3,Europe/Berlin,TRUE,1276570094
Busch,Busch,,52.1767,8.8135,Germany,DE,DEU,North Rhine-Westphalia,North Rhine-Westphalia,DE-NW,state,,716.9,,,3,Europe/Berlin,TRUE,1276095687
Busch,Busch,,51.0697,6.1961,Germany,DE,DEU,North Rhine-Westphalia,North Rhine-Westphalia,DE-NW,state,,626.1,,,3,Europe/Berlin,TRUE,1276601202
Busch,Busch,,51.1456,6.5955,Germany,DE,DEU,North Rhine-Westphalia,North Rhine-Westphalia,DE-NW,state,,562.6,,,3,Europe/Berlin,TRUE,1276755533
Busch,Busch,,51.3251,6.2284,Germany,DE,DEU,North Rhine-Westphalia,North Rhine-Westphalia,DE-NW,state,,501.5,,,3,Europe/Berlin,TRUE,1276162897
Busch,Busch,,50.8620,7.2993,Germany,DE,DEU,North Rhine-Westphalia,North Rhine-Westphalia,DE-NW,state,,392.9,,,3,Europe/Berlin,TRUE,1276887175
Busch,Busch,,51.0440,7.1796,Germany,DE,DEU,North Rhine-Westphalia,North Rhine-Westphalia,DE-NW,state,,382.4,,,3,Europe/Berlin,TRUE,1276398410
Busch,Busch,,51.1535,6.2901,Germany,DE,DEU,North Rhine-Westphalia,North Rhine-Westphalia,DE-NW,state,,328.1,,,3,Europe/Berlin,TRUE,1276205381
Busch,Busch,,51.0576,7.2514,Germany,DE,DEU,North Rhine-Westphalia,North Rhine-Westphalia,DE-NW,state,,291.9,,,3,Europe/Berlin,TRUE,1276001365
Büsch,Busch,,50.7413,7.4361,Germany,DE,DEU,North Rhine-Westphalia,North Rhine-Westphalia,DE-NW,state,,263.6,,,3,Europe/Berlin,TRUE,1276720183
Busch,Busch,,51.6540,8.8391,Germany,DE,DEU,North Rhine-Westphalia,North Rhine-Westphalia,DE-NW,state,,170.6,,,4,Europe/Berlin,TRUE,1276238732
Schobüllhuus,Schobullhuus,,54.6877,9.2404,Germany,DE,DEU,Schleswig-Holstein,Schleswig-Holstein,DE-SH,state,,41.0,,,4,Europe/Berlin,FALSE,1276314299
Ostenthann,Ostenthann,,48.3521,12.3622,Germany,DE,DEU,Bavaria,Bavaria,DE-BY,state,,49.7,,,4,Europe/Berlin,FALSE,1276217337
Kemphausen,Kemphausen,,52.5184,8.2582,Germany,DE,DEU,Lower Saxony,Lower Saxony,DE-NI,state,,160.6,,,4,Europe/Berlin,FALSE,1276891199
Busch,Busch,,52.9260,8.4317,Germany,DE,DEU,Lower Saxony,Lower Saxony,DE-NI,state,,60.1,,,4,Europe/Berlin,FALSE,1276126260
Babke,Babke,,53.3607,12.8889,Germany,DE,DEU,Mecklenburg-Western Pomerania,Mecklenburg-Western Pomerania,DE-MV,state,,7.5,,,5,Europe/Berlin,FALSE,1276300636
Bubendorf,Bubendorf,Benndorf-Bubendorf,51.0780,12.5394,Germany,DE,DEU,Saxony,Saxony,DE-SN,state,,113.4,,,4,Europe/Berlin,FALSE,1276378260
Holthusen Zwei,Holthusen Zwei,,52.9567,10.4298,Germany,DE,DEU,Lower Saxony,Lower Saxony,DE-NI,state,,37.2,,,4,Europe/Berlin,FALSE,1276090948
Teveren,Teveren,,50.9536,6.0803,Germany,DE,DEU,North Rhine-Westphalia,North Rhine-Westphalia,DE-NW,state,,309.0,,,3,Europe/Berlin,FALSE,1276313173
Försterhof,Forsterhof,Förstershof,52.9667,12.2167,Germany,DE,DEU,Brandenburg,Brandenburg,DE-BB,state,,14.4,,,4,Europe/Berlin,FALSE,1276674175
Zeckerin,Zeckerin,,51.7112,13.6321,Germany,DE,DEU,Brandenburg,Brandenburg,DE-BB,state,,24.9,,,4,Europe/Berlin,FALSE,1276165220
Mangelhausen,Mangelhausen,,49.3592,6.9790,Germany,DE,DEU,Saarland,Saarland,DE-SL,state,,347.0,,,3,Europe/Berlin,FALSE,1276468618
Altensalz,Altensalz,,50.5182,12.2208,Germany,DE,DEU,Saxony,Saxony,DE-SN,state,,61.4,,,4,Europe/Berlin,FALSE,1276471272
Suddenburg,Suddenburg,,52.9167,7.3333,Germany,DE,DEU,Lower Saxony,Lower Saxony,DE-NI,state,,63.2,,,4,Europe/Berlin,FALSE,1276719915
Mergenthal,Mergenthal,,51.0672,13.3694,Germany,DE,DEU,Saxony,Saxony,DE-SN,state,,120.6,,,4,Europe/Berlin,FALSE,1276743002
Hofleiten,Hofleiten,,47.8547,12.1533,Germany,DE,DEU,Bavaria,Bavaria,DE-BY,state,,426.7,,,3,Europe/Berlin,FALSE,1276934039
Wipperhof,Wipperhof,,51.1191,7.3819,Germany,DE,DEU,North Rhine-Westphalia,North Rhine-Westphalia,DE-NW,state,,172.9,,,4,Europe/Berlin,FALSE,1276366088
Kressenbach,Kressenbach,,50.3701,9.4663,Germany,DE,DEU,Hesse,Hesse,DE-HE,state,,135.3,,,4,Europe/Berlin,FALSE,1276259464
Bornheim,Bornheim,,51.4920,6.6329,Germany,DE,DEU,North Rhine-Westphalia,North Rhine-Westphalia,DE-NW,state,,1479.3,,,3,Europe/Berlin,FALSE,1276229069
Bornheim,Bornheim,,51.0814,7.0879,Germany,DE,DEU,North Rhine-Westphalia,North Rhine-Westphalia,DE-NW,state,,662.0,,,3,Europe/Berlin,TRUE,1276522608
Kemauthen,Kemauthen,,48.5010,13.1066,Germany,DE,DEU,Bavaria,Bavaria,DE-BY,state,,52.0,,,4,Europe/Berlin,FALSE,1276516626
Bornreihe,Bornreihe,,53.3035,8.9028,Germany,DE,DEU,Lower Saxony,Lower Saxony,DE-NI,state,,62.3,,,4,Europe/Berlin,FALSE,1276905320
Ballingshausen,Ballingshausen,,50.1621,10.3328,Germany,DE,DEU,Bavaria,Bavaria,DE-BY,state,,63.3,,,4,Europe/Berlin,FALSE,1276476680
Arnshöchstädt,Arnshochstadt,,49.6399,10.7733,Germany,DE,DEU,Bavaria,Bavaria,DE-BY,state,,80.4,,,4,Europe/Berlin,FALSE,1276764758
Silwingen,Silwingen,,49.4233,6.5721,Germany,DE,DEU,Saarland,Saarland,DE-SL,state,,263.9,,,3,Europe/Berlin,FALSE,1276579435
Leoprechting,Leoprechting,,48.9821,12.0897,Germany,DE,DEU,Bavaria,Bavaria,DE-BY,state,,1848.4,,,3,Europe/Berlin,FALSE,1276815712
Leoprechting,Leoprechting,,48.6621,13.4826,Germany,DE,DEU,Bavaria,Bavaria,DE-BY,state,,153.9,,,4,Europe/Berlin,TRUE,1276739980
Leoprechting,Leoprechting,,48.3698,12.5949,Germany,DE,DEU,Bavaria,Bavaria,DE-BY,state,,57.3,,,4,Europe/Berlin,TRUE,1276930632
Büchel,Buchel,,47.7833,9.6000,Germany,DE,DEU,Baden-Württemberg,Baden-Wurttemberg,DE-BW,state,,522.1,,,3,Europe/Berlin,FALSE,1276940260
Büchel,Buchel,,47.6833,9.6167,Germany,DE,DEU,Baden-Württemberg,Baden-Wurttemberg,DE-BW,state,,257.2,,,3,Europe/Berlin,TRUE,1276822017
Büchel,Buchel,,47.7000,9.7667,Germany,DE,DEU,Baden-Württemberg,Baden-Wurttemberg,DE-BW,state,,129.0,,,4,Europe/Berlin,TRUE,1276632747
Bockum-Hövel,Bockum-Hovel,,51.6972,7.7483,Germany,DE,DEU,North Rhine-Westphalia,North Rhine-Westphalia,DE-NW,state,,742.3,,,3,Europe/Berlin,FALSE,1276680159
Gerbertshofen,Gerbertshofen,,49.0844,10.1557,Germany,DE,DEU,Baden-Württemberg,Baden-Wurttemberg,DE-BW,state,,86.2,,,4,Europe/Berlin,FALSE,1276488576
Drögeheide,Drogeheide,,53.6175,14.0364,Germany,DE,DEU,Mecklenburg-Western Pomerania,Mecklenburg-Western Pomerania,DE-MV,state,,164.5,,,4,Europe/Berlin,FALSE,1276439535
Pilberskofen,Pilberskofen,,48.6367,12.5656,Germany,DE,DEU,Bavaria,Bavaria,DE-BY,state,,71.2,,,4,Europe/Berlin,FALSE,1276058078
Butzheim,Butzheim,,51.0490,6.7115,Germany,DE,DEU,North Rhine-Westphalia,North Rhine-Westphalia,DE-NW,state,,203.2,,,3,Europe/Berlin,FALSE,1276872476
Büchel,Buchel,,47.7925,10.4790,Germany,DE,DEU,Bavaria,Bavaria,DE-BY,state,,59.6,,,4,Europe/Berlin,FALSE,1276517884
Equord,Equord,,52.2926,10.1173,Germany,DE,DEU,Lower Saxony,Lower Saxony,DE-NI,state,,178.1,,,4,Europe/Berlin,FALSE,1276695294
Trametsried,Trametsried,,48.9076,13.2307,Germany,DE,DEU,Bavaria,Bavaria,DE-BY,state,,65.2,,,4,Europe/Berlin,FALSE,1276671795
Kaiserstuhl,Kaiserstuhl,,49.3753,10.1676,Germany,DE,DEU,Bavaria,Bavaria,DE-BY,state,,251.4,,,3,Europe/Berlin,FALSE,1276581014
Erzhütten,Erzhutten,,49.4583,7.7324,Germany,DE,DEU,Rhineland-Palatinate,Rhineland-Palatinate,DE-RP,state,,675.2,,,3,Europe/Berlin,FALSE,1276582557
Ober Ochtenhausen,Ober Ochtenhausen,,53.3892,9.1444,Germany,DE,DEU,Lower Saxony,Lower Saxony,DE-NI,state,,25.2,,,4,Europe/Berlin,FALSE,1276572560
Grottenhof,Grottenhof,,49.5267,11.7483,Germany,DE,DEU,Bavaria,Bavaria,DE-BY,state,,323.9,,,3,Europe/Berlin,FALSE,1276080280
Deindrup,Deindrup,,52.7748,8.2136,Germany,DE,DEU,Lower Saxony,Lower Saxony,DE-NI,state,,355.1,,,3,Europe/Berlin,FALSE,1276495467
Oyterdamm,Oyterdamm,,53.0595,8.9845,Germany,DE,DEU,Lower Saxony,Lower Saxony,DE-NI,state,,239.1,,,3,Europe/Berlin,FALSE,1276179600
Ollesheim,Ollesheim,,50.8129,6.6103,Germany,DE,DEU,North Rhine-Westphalia,North Rhine-Westphalia,DE-NW,state,,150.4,,,4,Europe/Berlin,FALSE,1276391300
Niederlistingen,Niederlistingen,,51.4475,9.2508,Germany,DE,DEU,Hesse,Hesse,DE-HE,state,,87.8,,,4,Europe/Berlin,FALSE,1276229457
Oberwahrberg,Oberwahrberg,,49.1628,11.8666,Germany,DE,DEU,Bavaria,Bavaria,DE-BY,state,,52.1,,,4,Europe/Berlin,FALSE,1276947868
Klosterneuland,Klosterneuland,,53.5500,7.9333,Germany,DE,DEU,Lower Saxony,Lower Saxony,DE-NI,state,,318.5,,,3,Europe/Berlin,FALSE,1276001992
Wolfersbach,Wolfersbach,,48.2838,7.9359,Germany,DE,DEU,Baden-Württemberg,Baden-Wurttemberg,DE-BW,state,,164.6,,,4,Europe/Berlin,FALSE,1276560047
Wolfersbach,Wolfersbach,,48.5477,8.1439,Germany,DE,DEU,Baden-Württemberg,Baden-Wurttemberg,DE-BW,state,,124.2,,,4,Europe/Berlin,TRUE,1276584576
Serwest,Serwest,,52.9350,13.9278,Germany,DE,DEU,Brandenburg,Brandenburg,DE-BB,state,,21.3,,,4,Europe/Berlin,FALSE,1276512298
Ringingen,Ringingen,,48.3438,9.8164,Germany,DE,DEU,Baden-Württemberg,Baden-Wurttemberg,DE-BW,state,,206.4,,,3,Europe/Berlin,FALSE,1276058213
Ringingen,Ringingen,,48.3238,9.1026,Germany,DE,DEU,Baden-Württemberg,Baden-Wurttemberg,DE-BW,state,,94.5,,,4,Europe/Berlin,TRUE,1276632819
Eigen,Eigen,,51.1834,7.0611,Germany,DE,DEU,North Rhine-Westphalia,North Rhine-Westphalia,DE-NW,state,,1644.1,,,3,Europe/Berlin,FALSE,1276339711
Abenden,Abenden,,50.6707,6.4778,Germany,DE,DEU,North Rhine-Westphalia,North Rhine-Westphalia,DE-NW,state,,146.2,,,4,Europe/Berlin,FALSE,1276535655
Sehl,Sehl,,50.1378,7.1790,Germany,DE,DEU,Rhineland-Palatinate,Rhineland-Palatinate,DE-RP,state,,238.5,,,3,Europe/Berlin,FALSE,1276024036
Oberammerthal,Oberammerthal,,49.4415,11.7618,Germany,DE,DEU,Bavaria,Bavaria,DE-BY,state,,246.1,,,3,Europe/Berlin,FALSE,1276898167
Wildprechtroda,Wildprechtroda,,50.8002,10.2455,Germany,DE,DEU,Thuringia,Thuringia,DE-TH,state,,274.5,,,3,Europe/Berlin,FALSE,1276803231
Henkhausen,Henkhausen,,51.3686,7.5603,Germany,DE,DEU,North Rhine-Westphalia,North Rhine-Westphalia,DE-NW,state,,1097.2,,,3,Europe/Berlin,FALSE,1276982609
Randeck,Randeck,,48.9389,11.7913,Germany,DE,DEU,Bavaria,Bavaria,DE-BY,state,,57.8,,,4,Europe/Berlin,FALSE,1276671954
Laubenzedel,Laubenzedel,,49.1422,10.7489,Germany,DE,DEU,Bavaria,Bavaria,DE-BY,state,,197.8,,,4,Europe/Berlin,FALSE,1276000681
Isterbies,Isterbies,,52.0868,12.1277,Germany,DE,DEU,Saxony-Anhalt,Saxony-Anhalt,DE-ST,state,,21.2,,,4,Europe/Berlin,FALSE,1276240442
Obersynderstedt,Obersynderstedt,,50.8655,11.4178,Germany,DE,DEU,Thuringia,Thuringia,DE-TH,state,,52.2,,,4,Europe/Berlin,FALSE,1276303661
Platteheide,Platteheide,,51.4350,7.7624,Germany,DE,DEU,North Rhine-Westphalia,North Rhine-Westphalia,DE-NW,state,,585.2,,,3,Europe/Berlin,FALSE,1276362280
Wassensdorf,Wassensdorf,,52.4489,10.9975,Germany,DE,DEU,Saxony-Anhalt,Saxony-Anhalt,DE-ST,state,,49.6,,,4,Europe/Berlin,FALSE,1276313822
Horno,Horno,,51.8333,14.5667,Germany,DE,DEU,Brandenburg,Brandenburg,DE-BB,state,,16.5,,,4,Europe/Berlin,FALSE,1276782605
Vordersteinwald,Vordersteinwald,,48.4273,8.4011,Germany,DE,DEU,Baden-Württemberg,Baden-Wurttemberg,DE-BW,state,,88.6,,,4,Europe/Berlin,FALSE,1276194269
Randeck,Randeck,,48.5705,9.5292,Germany,DE,DEU,Baden-Württemberg,Baden-Wurttemberg,DE-BW,state,,197.1,,,4,Europe/Berlin,FALSE,1276749820
Klein Wangelin,Klein Wangelin,,53.5364,12.1989,Germany,DE,DEU,Mecklenburg-Western Pomerania,Mecklenburg-Western Pomerania,DE-MV,state,,11.1,,,4,Europe/Berlin,FALSE,1276575297
Lengmoos,Lengmoos,,48.1403,12.2214,Germany,DE,DEU,Bavaria,Bavaria,DE-BY,state,,93.3,,,4,Europe/Berlin,FALSE,1276212673
Udenbreth,Udenbreth,,50.4179,6.3898,Germany,DE,DEU,North Rhine-Westphalia,North Rhine-Westphalia,DE-NW,state,,56.0,,,4,Europe/Berlin,FALSE,1276058911
Balzhofen,Balzhofen,,47.5868,9.9678,Germany,DE,DEU,Bavaria,Bavaria,DE-BY,state,,61.7,,,4,Europe/Berlin,FALSE,1276807247
Sylda,Sylda,,51.6785,11.4259,Germany,DE,DEU,Saxony-Anhalt,Saxony-Anhalt,DE-ST,state,,51.1,,,4,Europe/Berlin,FALSE,1276992652
Niendorf,Niendorf,,53.8265,10.6022,Germany,DE,DEU,Schleswig-Holstein,Schleswig-Holstein,DE-SH,state,,1101.9,,,3,Europe/Berlin,FALSE,1276784103
Niendorf,Niendorf,,53.9916,10.8202,Germany,DE,DEU,Schleswig-Holstein,Schleswig-Holstein,DE-SH,state,,484.1,,,3,Europe/Berlin,TRUE,1276835972
Niendorf,Niendorf,,54.4561,11.2131,Germany,DE,DEU,Schleswig-Holstein,Schleswig-Holstein,DE-SH,state,,66.3,,,4,Europe/Berlin,TRUE,1276198008
Niendorf,Niendorf,,53.9167,10.5333,Germany,DE,DEU,Schleswig-Holstein,Schleswig-Holstein,DE-SH,state,,61.6,,,4,Europe/Berlin,TRUE,1276222823
Niendorf,Niendorf,,53.7026,10.6256,Germany,DE,DEU,Schleswig-Holstein,Schleswig-Holstein,DE-SH,state,,49.2,,,4,Europe/Berlin,TRUE,1276524002
Niendorf,Niendorf,,53.6526,10.9312,Germany,DE,DEU,Schleswig-Holstein,Schleswig-Holstein,DE-SH,state,,15.2,,,4,Europe/Berlin,TRUE,1276357554
Neustädtlein,Neustadtlein,,49.0942,10.2197,Germany,DE,DEU,Baden-Württemberg,Baden-Wurttemberg,DE-BW,state,,143.1,,,4,Europe/Berlin,FALSE,1276002197
Proseken,Proseken,,53.9065,11.3674,Germany,DE,DEU,Mecklenburg-Western Pomerania,Mecklenburg-Western Pomerania,DE-MV,state,,99.7,,,4,Europe/Berlin,FALSE,1276874663
Schemm,Schemm,,51.2237,7.7039,Germany,DE,DEU,North Rhine-Westphalia,North Rhine-Westphalia,DE-NW,state,,790.7,,,3,Europe/Berlin,FALSE,1276553324
Bluno,Bluno,Bluń|Blunau,51.5250,14.2260,Germany,DE,DEU,Saxony,Saxony,DE-SN,state,,31.0,,,4,Europe/Berlin,FALSE,1276682840
Rinderbügen,Rinderbugen,,50.3172,9.1880,Germany,DE,DEU,Hesse,Hesse,DE-HE,state,,167.3,,,4,Europe/Berlin,FALSE,1276803196
Pfeiffhausen,Pfeiffhausen,,51.6312,11.7040,Germany,DE,DEU,Saxony-Anhalt,Saxony-Anhalt,DE-ST,state,,66.3,,,4,Europe/Berlin,FALSE,1276717584
Walda,Walda,,48.6097,11.0906,Germany,DE,DEU,Bavaria,Bavaria,DE-BY,state,,58.2,,,4,Europe/Berlin,FALSE,1276901895
Grabenitz,Grabenitz,,53.4732,12.5797,Germany,DE,DEU,Mecklenburg-Western Pomerania,Mecklenburg-Western Pomerania,DE-MV,state,,54.7,,,4,Europe/Berlin,FALSE,1276176521
Bergerdamm,Bergerdamm,,52.6560,12.8071,Germany,DE,DEU,Brandenburg,Brandenburg,DE-BB,state,,62.2,,,4,Europe/Berlin,FALSE,1276923993
Balzhofen,Balzhofen,,48.7131,8.0930,Germany,DE,DEU,Baden-Württemberg,Baden-Wurttemberg,DE-BW,state,,381.2,,,3,Europe/Berlin,FALSE,1276637439
Hofstadt,Hofstadt,Merkstein Hofstadt,50.8998,6.0906,Germany,DE,DEU,North Rhine-Westphalia,North Rhine-Westphalia,DE-NW,state,,1349.6,,,3,Europe/Berlin,FALSE,1276508176
Schaalhof,Schaalhof,,53.4833,10.9167,Germany,DE,DEU,Mecklenburg-Western Pomerania,Mecklenburg-Western Pomerania,DE-MV,state,,20.0,,,4,Europe/Berlin,FALSE,1276519813
Nieder-Mumbach,Nieder-Mumbach,,49.5817,8.7397,Germany,DE,DEU,Hesse,Hesse,DE-HE,state,,383.1,,,3,Europe/Berlin,FALSE,1276478539
Breitenborn,Breitenborn,,51.0292,12.7335,Germany,DE,DEU,Saxony,Saxony,DE-SN,state,,233.9,,,3,Europe/Berlin,FALSE,1276286860
Braunsroda,Braunsroda,,51.1638,11.5259,Germany,DE,DEU,Saxony-Anhalt,Saxony-Anhalt,DE-ST,state,,34.0,,,4,Europe/Berlin,FALSE,1276143170
Eichhornseck,Eichhornseck,,48.3117,12.9008,Germany,DE,DEU,Bavaria,Bavaria,DE-BY,state,,94.3,,,4,Europe/Berlin,FALSE,1276773607
Klosterzimmern,Klosterzimmern,,48.8767,10.5574,Germany,DE,DEU,Bavaria,Bavaria,DE-BY,state,,219.8,,,3,Europe/Berlin,FALSE,1276317819
Neudörflein,Neudorflein,,50.2733,11.8490,Germany,DE,DEU,Bavaria,Bavaria,DE-BY,state,,71.0,,,4,Europe/Berlin,FALSE,1276740230
Klein Schwarme,Klein Schwarme,,52.9228,9.0427,Germany,DE,DEU,Lower Saxony,Lower Saxony,DE-NI,state,,100.4,,,4,Europe/Berlin,FALSE,1276888184
Eichenberg,Eichenberg,,51.3720,9.8988,Germany,DE,DEU,Hesse,Hesse,DE-HE,state,,60.6,,,4,Europe/Berlin,FALSE,1276857435
Heinzhof,Heinzhof,,49.3630,11.7823,Germany,DE,DEU,Bavaria,Bavaria,DE-BY,state,,47.4,,,4,Europe/Berlin,FALSE,1276309203
Gößlow,Gosslow,,53.3384,11.1430,Germany,DE,DEU,Mecklenburg-Western Pomerania,Mecklenburg-Western Pomerania,DE-MV,state,,34.5,,,4,Europe/Berlin,FALSE,1276755369
Bentwisch,Bentwisch,,53.0393,11.7281,Germany,DE,DEU,Brandenburg,Brandenburg,DE-BB,state,,314.3,,,3,Europe/Berlin,FALSE,1276904561
Stormbruch,Stormbruch,,51.3484,8.6980,Germany,DE,DEU,Hesse,Hesse,DE-HE,state,,37.9,,,4,Europe/Berlin,FALSE,1276529775
Diepertsham,Diepertsham,,48.0411,12.3891,Germany,DE,DEU,Bavaria,Bavaria,DE-BY,state,,90.3,,,4,Europe/Berlin,FALSE,1276975610
Im Alten Holz,Im Alten Holz,,51.3667,7.5000,Germany,DE,DEU,North Rhine-Westphalia,North Rhine-Westphalia,DE-NW,state,,1097.2,,,3,Europe/Berlin,FALSE,1276659200
Ulbargen,Ulbargen,,53.3754,7.5829,Germany,DE,DEU,Lower Saxony,Lower Saxony,DE-NI,state,,105.6,,,4,Europe/Berlin,FALSE,1276883951
Oberdaxenthal,Oberdaxenthal,,48.2333,12.8667,Germany,DE,DEU,Bavaria,Bavaria,DE-BY,state,,93.5,,,4,Europe/Berlin,FALSE,1276194446
Glashütte,Glashutte,,51.5258,9.6190,Germany,DE,DEU,Lower Saxony,Lower Saxony,DE-NI,state,,210.1,,,3,Europe/Berlin,FALSE,1276449781
Glashütte,Glashutte,,51.9574,10.0701,Germany,DE,DEU,Lower Saxony,Lower Saxony,DE-NI,state,,123.9,,,4,Europe/Berlin,TRUE,1276335786
Damme,Damme,,53.2954,14.0113,Germany,DE,DEU,Brandenburg,Brandenburg,DE-BB,state,,22.7,,,4,Europe/Berlin,FALSE,1276132043
Damme,Damme,,52.6156,12.5689,Germany,DE,DEU,Brandenburg,Brandenburg,DE-BB,state,,21.7,,,4,Europe/Berlin,TRUE,1276586521
Sunstedt,Sunstedt,,52.2389,10.8372,Germany,DE,DEU,Lower Saxony,Lower Saxony,DE-NI,state,,109.5,,,4,Europe/Berlin,FALSE,1276873838
Bärnstein,Barnstein,Bernstein,48.8518,13.3745,Germany,DE,DEU,Bavaria,Bavaria,DE-BY,state,,124.4,,,4,Europe/Berlin,FALSE,1276054224
Barnstein,Barnstein,,47.7058,10.5353,Germany,DE,DEU,Bavaria,Bavaria,DE-BY,state,,60.4,,,4,Europe/Berlin,TRUE,1276654665
Stressenhausen,Stressenhausen,,50.3847,10.6994,Germany,DE,DEU,Thuringia,Thuringia,DE-TH,state,,44.2,,,4,Europe/Berlin,FALSE,1276548078
Winkelstedt,Winkelstedt,,52.8136,10.8603,Germany,DE,DEU,Saxony-Anhalt,Saxony-Anhalt,DE-ST,state,,16.9,,,4,Europe/Berlin,TRUE,1276679801
Glashütte,Glashutte,,51.2167,6.8667,Germany,DE,DEU,North Rhine-Westphalia,North Rhine-Westphalia,DE-NW,state,,2645.5,,,2,Europe/Berlin,FALSE,1276749006
Glashütte,Glashutte,,51.9363,9.1806,Germany,DE,DEU,North Rhine-Westphalia,North Rhine-Westphalia,DE-NW,state,,143.5,,,4,Europe/Berlin,TRUE,1276034844
Taubenheim,Taubenheim,,51.0952,13.4659,Germany,DE,DEU,Saxony,Saxony,DE-SN,state,,75.6,,,4,Europe/Berlin,TRUE,1276473772
Gaggstatt,Gaggstatt,,49.2192,10.0055,Germany,DE,DEU,Baden-Württemberg,Baden-Wurttemberg,DE-BW,state,,99.1,,,4,Europe/Berlin,FALSE,1276005473
Wortelstetten,Wortelstetten,,48.5887,10.7507,Germany,DE,DEU,Bavaria,Bavaria,DE-BY,state,,93.7,,,4,Europe/Berlin,FALSE,1276001843
Volkartshain,Volkartshain,,50.4467,9.2803,Germany,DE,DEU,Hesse,Hesse,DE-HE,state,,48.0,,,4,Europe/Berlin,FALSE,1276321821
Dahlen,Dahlen,,53.6847,13.4299,Germany,DE,DEU,Mecklenburg-Western Pomerania,Mecklenburg-Western Pomerania,DE-MV,state,,18.9,,,4,Europe/Berlin,FALSE,1276847879
Groß Leppin,Gross Leppin,,52.9469,12.0637,Germany,DE,DEU,Brandenburg,Brandenburg,DE-BB,state,,15.1,,,4,Europe/Berlin,FALSE,1276071718
Maximiliansau,Maximiliansau,,49.0337,8.2891,Germany,DE,DEU,Rhineland-Palatinate,Rhineland-Palatinate,DE-RP,state,,135.2,,,4,Europe/Berlin,FALSE,1276028174
Bellevue,Bellevue,,50.4772,11.6580,Germany,DE,DEU,Thuringia,Thuringia,DE-TH,state,,48.4,,,4,Europe/Berlin,FALSE,1276828567
Obermainbach,Obermainbach,,49.3028,11.0242,Germany,DE,DEU,Bavaria,Bavaria,DE-BY,state,,948.7,,,3,Europe/Berlin,FALSE,1276121524
Unterholsbach,Unterholsbach,,48.6899,12.4715,Germany,DE,DEU,Bavaria,Bavaria,DE-BY,state,,67.0,,,4,Europe/Berlin,FALSE,1276406466
Reichelshofen,Reichelshofen,,49.4398,10.2090,Germany,DE,DEU,Bavaria,Bavaria,DE-BY,state,,36.3,,,4,Europe/Berlin,FALSE,1276421982
Wittorf,Wittorf,,53.0121,9.5167,Germany,DE,DEU,Lower Saxony,Lower Saxony,DE-NI,state,,63.4,,,4,Europe/Berlin,TRUE,1276590602
Hermannsgrün,Hermannsgrun,,50.6755,12.2587,Germany,DE,DEU,Thuringia,Thuringia,DE-TH,state,,97.4,,,4,Europe/Berlin,FALSE,1276171280
Untereisenheim,Untereisenheim,,49.8828,10.1589,Germany,DE,DEU,Bavaria,Bavaria,DE-BY,state,,118.8,,,4,Europe/Berlin,FALSE,1276521402
Ostin,Ostin,,47.7446,11.7620,Germany,DE,DEU,Bavaria,Bavaria,DE-BY,state,,168.9,,,4,Europe/Berlin,FALSE,1276496176
Gitzensteig,Gitzensteig,,47.6267,9.6228,Germany,DE,DEU,Baden-Württemberg,Baden-Wurttemberg,DE-BW,state,,257.2,,,3,Europe/Berlin,FALSE,1276014105
Karolinenhain,Karolinenhain,Linnenhain,50.1031,12.0383,Germany,DE,DEU,Bavaria,Bavaria,DE-BY,state,,82.0,,,4,Europe/Berlin,FALSE,1276718827
Schollenried,Schollenried,,48.9905,13.1264,Germany,DE,DEU,Bavaria,Bavaria,DE-BY,state,,153.4,,,4,Europe/Berlin,FALSE,1276625259
Liebenried,Liebenried,,47.7667,9.9000,Germany,DE,DEU,Baden-Württemberg,Baden-Wurttemberg,DE-BW,state,,92.7,,,4,Europe/Berlin,FALSE,1276858974
Bixterhausen,Bixterhausen,,51.4194,7.7254,Germany,DE,DEU,North Rhine-Westphalia,North Rhine-Westphalia,DE-NW,state,,681.7,,,3,Europe/Berlin,FALSE,1276700181
Regniet,Regniet,,51.8552,6.4423,Germany,DE,DEU,North Rhine-Westphalia,North Rhine-Westphalia,DE-NW,state,,253.1,,,3,Europe/Berlin,FALSE,1276142789
Küingdorf,Kuingdorf,,52.1297,8.3220,Germany,DE,DEU,Lower Saxony,Lower Saxony,DE-NI,state,,177.7,,,4,Europe/Berlin,FALSE,1276538051
Kisker,Kisker,,52.1105,8.4619,Germany,DE,DEU,North Rhine-Westphalia,North Rhine-Westphalia,DE-NW,state,,360.4,,,3,Europe/Berlin,FALSE,1276907115
Märsche,Marsche,,52.8833,11.9667,Germany,DE,DEU,Saxony-Anhalt,Saxony-Anhalt,DE-ST,state,,16.6,,,4,Europe/Berlin,FALSE,1276799522
Merbitz,Merbitz,,51.0678,13.6403,Germany,DE,DEU,Saxony,Saxony,DE-SN,state,,1636.9,,,3,Europe/Berlin,FALSE,1276912704
Siegersdorf,Siegersdorf,,49.5530,11.3756,Germany,DE,DEU,Bavaria,Bavaria,DE-BY,state,,156.3,,,4,Europe/Berlin,FALSE,1276340572
Siegersdorf,Siegersdorf,,49.0757,12.7658,Germany,DE,DEU,Bavaria,Bavaria,DE-BY,state,,58.6,,,4,Europe/Berlin,TRUE,1276171735
Siegersdorf,Siegersdorf,,48.8027,12.0661,Germany,DE,DEU,Bavaria,Bavaria,DE-BY,state,,47.9,,,4,Europe/Berlin,TRUE,1276697885
Oberpiesing,Oberpiesing,,48.2639,12.8129,Germany,DE,DEU,Bavaria,Bavaria,DE-BY,state,,93.2,,,4,Europe/Berlin,FALSE,1276227530
Irlerhof,Irlerhof,,51.0897,7.0993,Germany,DE,DEU,North Rhine-Westphalia,North Rhine-Westphalia,DE-NW,state,,662.0,,,3,Europe/Berlin,FALSE,1276158946
Recklingen,Recklingen,,52.7343,11.2258,Germany,DE,DEU,Saxony-Anhalt,Saxony-Anhalt,DE-ST,state,,26.3,,,4,Europe/Berlin,FALSE,1276784524
Sputendorf,Sputendorf,,52.3384,13.2202,Germany,DE,DEU,Brandenburg,Brandenburg,DE-BB,state,,270.4,,,3,Europe/Berlin,FALSE,1276740635
Mocherwitz,Mocherwitz,,51.4843,12.4148,Germany,DE,DEU,Saxony,Saxony,DE-SN,state,,45.3,,,4,Europe/Berlin,FALSE,1276581629
Gaulsheim,Gaulsheim,,49.9650,7.9601,Germany,DE,DEU,Rhineland-Palatinate,Rhineland-Palatinate,DE-RP,state,,689.4,,,3,Europe/Berlin,FALSE,1276809790
Merbitz,Merbitz,,51.6149,11.8858,Germany,DE,DEU,Saxony-Anhalt,Saxony-Anhalt,DE-ST,state,,73.4,,,4,Europe/Berlin,FALSE,1276412758
Hiddensee,Hiddensee,,54.5669,13.1041,Germany,DE,DEU,Mecklenburg-Western Pomerania,Mecklenburg-Western Pomerania,DE-MV,state,,45.9,,,4,Europe/Berlin,FALSE,1276711177
Kager,Kager,,49.0333,12.0378,Germany,DE,DEU,Bavaria,Bavaria,DE-BY,state,,1057.1,,,3,Europe/Berlin,FALSE,1276685966
Kager,Kager,,49.1408,12.3767,Germany,DE,DEU,Bavaria,Bavaria,DE-BY,state,,59.3,,,4,Europe/Berlin,TRUE,1276270582
Kager,Kager,,49.2333,12.9775,Germany,DE,DEU,Bavaria,Bavaria,DE-BY,state,,55.7,,,4,Europe/Berlin,TRUE,1276512470
Kager,Kager,,49.0843,12.6601,Germany,DE,DEU,Bavaria,Bavaria,DE-BY,state,,51.3,,,4,Europe/Berlin,TRUE,1276002163
Kager,Kager,,48.3678,12.5825,Germany,DE,DEU,Bavaria,Bavaria,DE-BY,state,,50.4,,,4,Europe/Berlin,TRUE,1276500529
Kager,Kager,,49.2758,12.5998,Germany,DE,DEU,Bavaria,Bavaria,DE-BY,state,,47.6,,,4,Europe/Berlin,TRUE,1276270403
Kager,Kager,,48.9868,12.9320,Germany,DE,DEU,Bavaria,Bavaria,DE-BY,state,,28.8,,,4,Europe/Berlin,TRUE,1276571652
Albers,Albers,,47.9239,9.9252,Germany,DE,DEU,Baden-Württemberg,Baden-Wurttemberg,DE-BW,state,,77.4,,,4,Europe/Berlin,FALSE,1276318115
Heppstädt,Heppstadt,,49.6911,10.9088,Germany,DE,DEU,Bavaria,Bavaria,DE-BY,state,,293.0,,,3,Europe/Berlin,FALSE,1276146071
Gränitz,Granitz,,50.8051,13.2888,Germany,DE,DEU,Saxony,Saxony,DE-SN,state,,194.6,,,4,Europe/Berlin,FALSE,1276645061
Ursprung,Ursprung,,47.9944,11.8547,Germany,DE,DEU,Bavaria,Bavaria,DE-BY,state,,164.5,,,4,Europe/Berlin,FALSE,1276505537
Bergfelden,Bergfelden,,48.3461,8.6866,Germany,DE,DEU,Baden-Württemberg,Baden-Wurttemberg,DE-BW,state,,129.0,,,4,Europe/Berlin,FALSE,1276675290
Dünzelbach,Dunzelbach,,48.1648,11.0217,Germany,DE,DEU,Bavaria,Bavaria,DE-BY,state,,86.9,,,4,Europe/Berlin,FALSE,1276607247
Kleinhelmsdorf,Kleinhelmsdorf,,51.0352,11.9314,Germany,DE,DEU,Saxony-Anhalt,Saxony-Anhalt,DE-ST,state,,82.9,,,4,Europe/Berlin,FALSE,1276233823
Beckendorf,Beckendorf,,53.4675,11.9797,Germany,DE,DEU,Mecklenburg-Western Pomerania,Mecklenburg-Western Pomerania,DE-MV,state,,19.3,,,4,Europe/Berlin,FALSE,1276556561
Beckendorf,Beckendorf,,53.4348,10.8071,Germany,DE,DEU,Mecklenburg-Western Pomerania,Mecklenburg-Western Pomerania,DE-MV,state,,15.5,,,4,Europe/Berlin,TRUE,1276129186
Weißensee,Weissensee,Weißenseehaus,52.9174,13.9470,Germany,DE,DEU,Brandenburg,Brandenburg,DE-BB,state,,21.3,,,4,Europe/Berlin,FALSE,1276603288
Dederles,Dederles,,47.6378,10.5640,Germany,DE,DEU,Bavaria,Bavaria,DE-BY,state,,56.6,,,4,Europe/Berlin,FALSE,1276497925
Spiegelhaus,Spiegelhaus,,47.7500,9.7833,Germany,DE,DEU,Baden-Württemberg,Baden-Wurttemberg,DE-BW,state,,253.8,,,3,Europe/Berlin,FALSE,1276813526
Gutmannseichen,Gutmannseichen,,50.8216,7.5046,Germany,DE,DEU,North Rhine-Westphalia,North Rhine-Westphalia,DE-NW,state,,172.6,,,4,Europe/Berlin,FALSE,1276592828
Oberhöcking,Oberhocking,,48.6477,12.6610,Germany,DE,DEU,Bavaria,Bavaria,DE-BY,state,,146.7,,,4,Europe/Berlin,FALSE,1276665629
Pirket,Pirket,,48.4355,11.3567,Germany,DE,DEU,Bavaria,Bavaria,DE-BY,state,,116.0,,,4,Europe/Berlin,FALSE,1276399142
Pirket,Pirket,,48.3794,12.5919,Germany,DE,DEU,Bavaria,Bavaria,DE-BY,state,,88.7,,,4,Europe/Berlin,TRUE,1276001444
Klein Mimmelage,Klein Mimmelage,,52.6505,7.8466,Germany,DE,DEU,Lower Saxony,Lower Saxony,DE-NI,state,,37.4,,,4,Europe/Berlin,FALSE,1276781921
Altenhammer,Altenhammer,,49.7307,12.3255,Germany,DE,DEU,Bavaria,Bavaria,DE-BY,state,,65.4,,,4,Europe/Berlin,FALSE,1276597151
Altenhammer,Altenhammer,,49.3910,12.3068,Germany,DE,DEU,Bavaria,Bavaria,DE-BY,state,,40.7,,,4,Europe/Berlin,TRUE,1276914720
Altenhammer,Altenhammer,,49.9743,12.2947,Germany,DE,DEU,Bavaria,Bavaria,DE-BY,state,,19.7,,,4,Europe/Berlin,TRUE,1276001613
Raden,Raden,,51.6573,14.6895,Germany,DE,DEU,Brandenburg,Brandenburg,DE-BB,state,,19.7,,,4,Europe/Berlin,FALSE,1276493420
Metzlos,Metzlos,,50.4831,9.4006,Germany,DE,DEU,Hesse,Hesse,DE-HE,state,,48.0,,,4,Europe/Berlin,FALSE,1276478643
Queckhain,Queckhain,Minkwitz-Queckhain,51.1333,13.9667,Germany,DE,DEU,Saxony,Saxony,DE-SN,state,,220.6,,,3,Europe/Berlin,FALSE,1276660485
Brandhorst,Brandhorst,,51.8093,12.4100,Germany,DE,DEU,Saxony-Anhalt,Saxony-Anhalt,DE-ST,state,,63.5,,,4,Europe/Berlin,FALSE,1276613689
Niederaltstadt,Niederaltstadt,,51.0420,14.0679,Germany,DE,DEU,Saxony,Saxony,DE-SN,state,,86.8,,,4,Europe/Berlin,FALSE,1276007430
Horheim,Horheim,,47.6497,8.3477,Germany,DE,DEU,Baden-Württemberg,Baden-Wurttemberg,DE-BW,state,,239.8,,,3,Europe/Berlin,FALSE,1276089017
Lerchenhausen,Lerchenhausen,,52.7893,8.5485,Germany,DE,DEU,Lower Saxony,Lower Saxony,DE-NI,state,,104.7,,,4,Europe/Berlin,FALSE,1276955942
Seeba,Seeba,,50.5708,10.2992,Germany,DE,DEU,Thuringia,Thuringia,DE-TH,state,,32.7,,,4,Europe/Berlin,FALSE,1276667817
Mossendorf,Mossendorf,,49.1946,12.0046,Germany,DE,DEU,Bavaria,Bavaria,DE-BY,state,,128.5,,,4,Europe/Berlin,FALSE,1276122458
Bonekamp,Bonekamp,,50.9167,7.5500,Germany,DE,DEU,North Rhine-Westphalia,North Rhine-Westphalia,DE-NW,state,,218.0,,,3,Europe/Berlin,FALSE,1276135573
Eilmsen,Eilmsen,,51.6643,7.9690,Germany,DE,DEU,North Rhine-Westphalia,North Rhine-Westphalia,DE-NW,state,,136.7,,,4,Europe/Berlin,FALSE,1276830965
Sandelsbronn,Sandelsbronn,,49.1963,9.8753,Germany,DE,DEU,Baden-Württemberg,Baden-Wurttemberg,DE-BW,state,,107.8,,,4,Europe/Berlin,FALSE,1276904201
Forstel,Forstel,,49.7730,8.9583,Germany,DE,DEU,Hesse,Hesse,DE-HE,state,,310.2,,,3,Europe/Berlin,FALSE,1276445193
Schmede,Schmede,,53.0321,8.3721,Germany,DE,DEU,Lower Saxony,Lower Saxony,DE-NI,state,,133.9,,,4,Europe/Berlin,FALSE,1276845767
Klein Ringmar,Klein Ringmar,,52.8386,8.6607,Germany,DE,DEU,Lower Saxony,Lower Saxony,DE-NI,state,,90.3,,,4,Europe/Berlin,FALSE,1276790631
Dosdorf,Dosdorf,,50.7972,10.9133,Germany,DE,DEU,Thuringia,Thuringia,DE-TH,state,,393.8,,,3,Europe/Berlin,FALSE,1276631039
Lewing,Lewing,,53.6734,8.5569,Germany,DE,DEU,Lower Saxony,Lower Saxony,DE-NI,state,,77.5,,,4,Europe/Berlin,FALSE,1276600724
Gensungen,Gensungen,,51.1297,9.4407,Germany,DE,DEU,Hesse,Hesse,DE-HE,state,,121.1,,,4,Europe/Berlin,FALSE,1276411985
Weißensand,Weissensand,,50.5754,12.3093,Germany,DE,DEU,Saxony,Saxony,DE-SN,state,,142.0,,,4,Europe/Berlin,FALSE,1276505380
Weha,Weha,,49.8281,11.8747,Germany,DE,DEU,Bavaria,Bavaria,DE-BY,state,,53.9,,,4,Europe/Berlin,FALSE,1276913796
Hagenhofen,Hagenhofen,,49.4893,10.6264,Germany,DE,DEU,Bavaria,Bavaria,DE-BY,state,,88.1,,,4,Europe/Berlin,FALSE,1276962760
Schirpendhünn,Schirpendhunn,,51.0667,7.2167,Germany,DE,DEU,North Rhine-Westphalia,North Rhine-Westphalia,DE-NW,state,,346.6,,,3,Europe/Berlin,FALSE,1276792780
Hof und Lembach,Hof und Lembach,Hof|Lembach,49.0094,9.3124,Germany,DE,DEU,Baden-Württemberg,Baden-Wurttemberg,DE-BW,state,,338.0,,,3,Europe/Berlin,FALSE,1276903991
Lipperreihe,Lipperreihe,,51.9391,8.6435,Germany,DE,DEU,North Rhine-Westphalia,North Rhine-Westphalia,DE-NW,state,,485.2,,,3,Europe/Berlin,FALSE,1276091893
Leipoldsweiler,Leipoldsweiler,,49.1833,9.7500,Germany,DE,DEU,Baden-Württemberg,Baden-Wurttemberg,DE-BW,state,,84.0,,,4,Europe/Berlin,FALSE,1276839170
Thomsdorf,Thomsdorf,,54.2246,11.0100,Germany,DE,DEU,Schleswig-Holstein,Schleswig-Holstein,DE-SH,state,,37.1,,,4,Europe/Berlin,FALSE,1276805164
Nussdorf,Nussdorf,,48.5196,12.7171,Germany,DE,DEU,Bavaria,Bavaria,DE-BY,state,,77.4,,,4,Europe/Berlin,TRUE,1276381820
Nußdorf,Nussdorf,,47.7517,9.1933,Germany,DE,DEU,Baden-Württemberg,Baden-Wurttemberg,DE-BW,state,,408.4,,,3,Europe/Berlin,FALSE,1276411771
Nussdorf,Nussdorf,,48.8955,8.9390,Germany,DE,DEU,Baden-Württemberg,Baden-Wurttemberg,DE-BW,state,,252.4,,,3,Europe/Berlin,TRUE,1276508259
Belkenscheid,Belkenscheid,,51.1577,7.6234,Germany,DE,DEU,North Rhine-Westphalia,North Rhine-Westphalia,DE-NW,state,,212.2,,,3,Europe/Berlin,FALSE,1276519369
Leistadt,Leistadt,,49.4925,8.1571,Germany,DE,DEU,Rhineland-Palatinate,Rhineland-Palatinate,DE-RP,state,,173.5,,,4,Europe/Berlin,FALSE,1276000318
Ellwangen,Ellwangen,,47.9760,9.9410,Germany,DE,DEU,Baden-Württemberg,Baden-Wurttemberg,DE-BW,state,,69.8,,,4,Europe/Berlin,TRUE,1276516921
Roloffshagen,Roloffshagen,,54.1377,12.9632,Germany,DE,DEU,Mecklenburg-Western Pomerania,Mecklenburg-Western Pomerania,DE-MV,state,,23.6,,,4,Europe/Berlin,FALSE,1276675209
Lichtentanne,Lichtentanne,,50.5159,11.4535,Germany,DE,DEU,Thuringia,Thuringia,DE-TH,state,,38.1,,,4,Europe/Berlin,FALSE,1276561802
Eue,Eue,,52.2144,8.3146,Germany,DE,DEU,Lower Saxony,Lower Saxony,DE-NI,state,,178.1,,,4,Europe/Berlin,FALSE,1276849286
Neuendorf am Damm,Neuendorf am Damm,Neuendorf,52.6434,11.4436,Germany,DE,DEU,Saxony-Anhalt,Saxony-Anhalt,DE-ST,state,,26.0,,,4,Europe/Berlin,FALSE,1276071552
Neubarnim,Neubarnim,,52.7054,14.3053,Germany,DE,DEU,Brandenburg,Brandenburg,DE-BB,state,,29.4,,,4,Europe/Berlin,FALSE,1276504262
Magassing,Magassing,,48.4790,12.5814,Germany,DE,DEU,Bavaria,Bavaria,DE-BY,state,,57.2,,,4,Europe/Berlin,FALSE,1276296742
Boxbergerhof,Boxbergerhof,,50.1597,7.6608,Germany,DE,DEU,Rhineland-Palatinate,Rhineland-Palatinate,DE-RP,state,,117.8,,,4,Europe/Berlin,FALSE,1276273818
Straß,Strass,,50.8564,6.0803,Germany,DE,DEU,North Rhine-Westphalia,North Rhine-Westphalia,DE-NW,state,,1421.8,,,3,Europe/Berlin,FALSE,1276402554
Straß,Strass,,50.7415,6.4303,Germany,DE,DEU,North Rhine-Westphalia,North Rhine-Westphalia,DE-NW,state,,104.3,,,4,Europe/Berlin,TRUE,1276713763
Zenzing,Zenzing,,49.1837,12.4363,Germany,DE,DEU,Bavaria,Bavaria,DE-BY,state,,94.7,,,4,Europe/Berlin,FALSE,1276493045
Ritzenbergen,Ritzenbergen,,52.9391,9.1776,Germany,DE,DEU,Lower Saxony,Lower Saxony,DE-NI,state,,130.8,,,4,Europe/Berlin,FALSE,1276619628
Pliensbach,Pliensbach,,48.6520,9.5859,Germany,DE,DEU,Baden-Württemberg,Baden-Wurttemberg,DE-BW,state,,453.2,,,3,Europe/Berlin,FALSE,1276554344
Ransbach an der Holzecke,Ransbach an der Holzecke,,49.1806,10.1961,Germany,DE,DEU,Bavaria,Bavaria,DE-BY,state,,66.8,,,4,Europe/Berlin,FALSE,1276792796
Elisabethfehn,Elisabethfehn,Elizabethfehn,53.1401,7.7241,Germany,DE,DEU,Lower Saxony,Lower Saxony,DE-NI,state,,146.6,,,4,Europe/Berlin,FALSE,1276230211
Unterdorf,Unterdorf,,50.6772,11.3617,Germany,DE,DEU,Thuringia,Thuringia,DE-TH,state,,101.0,,,4,Europe/Berlin,FALSE,1276002934
Reichartshausen,Reichartshausen,,49.6594,9.2819,Germany,DE,DEU,Bavaria,Bavaria,DE-BY,state,,76.8,,,4,Europe/Berlin,FALSE,1276268175
Einhart,Einhart,,47.9895,9.3481,Germany,DE,DEU,Baden-Württemberg,Baden-Wurttemberg,DE-BW,state,,59.3,,,4,Europe/Berlin,FALSE,1276066023
Kirschbaumwasen,Kirschbaumwasen,,48.6263,8.3544,Germany,DE,DEU,Baden-Württemberg,Baden-Wurttemberg,DE-BW,state,,36.8,,,4,Europe/Berlin,FALSE,1276013491
Hilferdingsen,Hilferdingsen,Hilverdingsen,52.3036,8.7620,Germany,DE,DEU,North Rhine-Westphalia,North Rhine-Westphalia,DE-NW,state,,149.2,,,4,Europe/Berlin,FALSE,1276609744
Hilwartshausen,Hilwartshausen,,51.7735,9.7196,Germany,DE,DEU,Lower Saxony,Lower Saxony,DE-NI,state,,82.0,,,4,Europe/Berlin,FALSE,1276475315
Burgfelden,Burgfelden,,48.2413,8.9333,Germany,DE,DEU,Baden-Württemberg,Baden-Wurttemberg,DE-BW,state,,326.1,,,3,Europe/Berlin,FALSE,1276818487
Kaiserwinkel,Kaiserwinkel,,52.5237,10.9602,Germany,DE,DEU,Lower Saxony,Lower Saxony,DE-NI,state,,61.0,,,4,Europe/Berlin,FALSE,1276188107
Röddelin,Roddelin,,53.1017,13.4434,Germany,DE,DEU,Brandenburg,Brandenburg,DE-BB,state,,37.6,,,4,Europe/Berlin,FALSE,1276369020
Lindegg,Lindegg,,47.6707,10.8785,Germany,DE,DEU,Bavaria,Bavaria,DE-BY,state,,43.0,,,4,Europe/Berlin,FALSE,1276001607
Biebermühle,Biebermuhle,,49.2619,7.6059,Germany,DE,DEU,Rhineland-Palatinate,Rhineland-Palatinate,DE-RP,state,,306.6,,,3,Europe/Berlin,FALSE,1276428621
Veerse,Veerse,,53.1429,9.4996,Germany,DE,DEU,Lower Saxony,Lower Saxony,DE-NI,state,,86.2,,,4,Europe/Berlin,FALSE,1276308968
Werdeck,Werdeck,,51.4801,14.9084,Germany,DE,DEU,Saxony,Saxony,DE-SN,state,,28.1,,,4,Europe/Berlin,FALSE,1276046107
Dürnsricht,Durnsricht,,49.4004,12.0692,Germany,DE,DEU,Bavaria,Bavaria,DE-BY,state,,87.5,,,4,Europe/Berlin,FALSE,1276015693
Dürnsricht,Durnsricht,,49.5299,11.7585,Germany,DE,DEU,Bavaria,Bavaria,DE-BY,state,,69.8,,,4,Europe/Berlin,TRUE,1276416929
Süderfrieschenmoor,Suderfrieschenmoor,,53.3564,8.3870,Germany,DE,DEU,Lower Saxony,Lower Saxony,DE-NI,state,,42.2,,,4,Europe/Berlin,FALSE,1276777402
Feldscheid,Feldscheid,,48.7941,13.4948,Germany,DE,DEU,Bavaria,Bavaria,DE-BY,state,,135.4,,,4,Europe/Berlin,FALSE,1276439479
Aiching,Aiching,,48.2530,12.8308,Germany,DE,DEU,Bavaria,Bavaria,DE-BY,state,,91.2,,,4,Europe/Berlin,FALSE,1276326424
Edendorf,Edendorf,,53.1395,10.5533,Germany,DE,DEU,Lower Saxony,Lower Saxony,DE-NI,state,,63.8,,,4,Europe/Berlin,FALSE,1276393881
Weißenberg,Weissenberg,,51.2145,6.6734,Germany,DE,DEU,North Rhine-Westphalia,North Rhine-Westphalia,DE-NW,state,,1548.6,,,3,Europe/Berlin,FALSE,1276524938
Grossduggendorf,Grossduggendorf,,49.1167,11.9333,Germany,DE,DEU,Bavaria,Bavaria,DE-BY,state,,71.5,,,4,Europe/Berlin,FALSE,1276889969
Padering,Padering,,48.7882,12.6228,Germany,DE,DEU,Bavaria,Bavaria,DE-BY,state,,44.5,,,4,Europe/Berlin,FALSE,1276626777
Posewald,Posewald,,54.3669,13.5275,Germany,DE,DEU,Mecklenburg-Western Pomerania,Mecklenburg-Western Pomerania,DE-MV,state,,53.2,,,4,Europe/Berlin,FALSE,1276810713
Elend,Elend,,47.8682,7.8468,Germany,DE,DEU,Baden-Württemberg,Baden-Wurttemberg,DE-BW,state,,74.9,,,4,Europe/Berlin,FALSE,1276055869
Gensenweiler,Gensenweiler,,47.9976,9.7041,Germany,DE,DEU,Baden-Württemberg,Baden-Wurttemberg,DE-BW,state,,62.7,,,4,Europe/Berlin,FALSE,1276491431
Liebenau,Liebenau,,49.1226,12.7194,Germany,DE,DEU,Bavaria,Bavaria,DE-BY,state,,80.9,,,4,Europe/Berlin,FALSE,1276963127
Unternbibert,Unternbibert,,49.4222,10.5875,Germany,DE,DEU,Bavaria,Bavaria,DE-BY,state,,55.9,,,4,Europe/Berlin,FALSE,1276505443
Reibertenrod,Reibertenrod,,50.7685,9.2531,Germany,DE,DEU,Hesse,Hesse,DE-HE,state,,115.2,,,4,Europe/Berlin,FALSE,1276748131
Liebenau,Liebenau,,47.7082,9.6017,Germany,DE,DEU,Baden-Württemberg,Baden-Wurttemberg,DE-BW,state,,375.3,,,3,Europe/Berlin,FALSE,1276808312
Jochsberg,Jochsberg,,49.3118,10.3890,Germany,DE,DEU,Bavaria,Bavaria,DE-BY,state,,63.5,,,4,Europe/Berlin,FALSE,1276029736
Unterbrändl,Unterbrandl,,48.3921,8.5149,Germany,DE,DEU,Baden-Württemberg,Baden-Wurttemberg,DE-BW,state,,89.8,,,4,Europe/Berlin,FALSE,1276374546
Mariahilf,Mariahilf,,48.4468,12.3634,Germany,DE,DEU,Bavaria,Bavaria,DE-BY,state,,163.9,,,4,Europe/Berlin,FALSE,1276091682
Hammerbrücke,Hammerbrucke,Hammerburg,50.4350,12.4150,Germany,DE,DEU,Saxony,Saxony,DE-SN,state,,56.0,,,4,Europe/Berlin,FALSE,1276100154
Buhlbach,Buhlbach,,48.5256,8.2649,Germany,DE,DEU,Baden-Württemberg,Baden-Wurttemberg,DE-BW,state,,71.9,,,4,Europe/Berlin,FALSE,1276796952
Nendingen,Nendingen,,48.0055,8.8627,Germany,DE,DEU,Baden-Württemberg,Baden-Wurttemberg,DE-BW,state,,362.0,,,3,Europe/Berlin,FALSE,1276508905
Buschdorf,Buschdorf,,52.6026,14.4250,Germany,DE,DEU,Brandenburg,Brandenburg,DE-BB,state,,24.5,,,4,Europe/Berlin,FALSE,1276001010
Kühloh,Kuhloh,,48.5259,13.3490,Germany,DE,DEU,Bavaria,Bavaria,DE-BY,state,,97.2,,,4,Europe/Berlin,FALSE,1276641642
Neuenpleen,Neuenpleen,,54.3506,12.9209,Germany,DE,DEU,Mecklenburg-Western Pomerania,Mecklenburg-Western Pomerania,DE-MV,state,,43.5,,,4,Europe/Berlin,FALSE,1276056072
Wolferode,Wolferode,,50.8933,8.9875,Germany,DE,DEU,Hesse,Hesse,DE-HE,state,,253.0,,,3,Europe/Berlin,FALSE,1276396321
Demnitz,Demnitz,,53.6993,13.8061,Germany,DE,DEU,Mecklenburg-Western Pomerania,Mecklenburg-Western Pomerania,DE-MV,state,,16.1,,,4,Europe/Berlin,FALSE,1276694727
Nöstlbach,Nostlbach,,47.9727,12.3503,Germany,DE,DEU,Bavaria,Bavaria,DE-BY,state,,59.7,,,4,Europe/Berlin,FALSE,1276581873
Schwednitz,Schwednitz,,51.2172,13.0939,Germany,DE,DEU,Saxony,Saxony,DE-SN,state,,103.7,,,4,Europe/Berlin,FALSE,1276002246
Niederkyll,Niederkyll,,50.3541,6.5464,Germany,DE,DEU,Rhineland-Palatinate,Rhineland-Palatinate,DE-RP,state,,67.5,,,4,Europe/Berlin,FALSE,1276922520
Eltmannsee,Eltmannsee,,51.0954,9.8295,Germany,DE,DEU,Hesse,Hesse,DE-HE,state,,43.6,,,4,Europe/Berlin,FALSE,1276826840
Untermettenwald,Untermettenwald,,48.8481,12.9149,Germany,DE,DEU,Bavaria,Bavaria,DE-BY,state,,374.1,,,3,Europe/Berlin,FALSE,1276933143
Garlitz,Garlitz,,52.5658,12.5578,Germany,DE,DEU,Brandenburg,Brandenburg,DE-BB,state,,18.2,,,4,Europe/Berlin,FALSE,1276278701
Brunsbüllund,Brunsbullund,,54.7167,9.7500,Germany,DE,DEU,Schleswig-Holstein,Schleswig-Holstein,DE-SH,state,,79.6,,,4,Europe/Berlin,FALSE,1276109187
Wald an der Alz,Wald an der Alz,Wald,48.1293,12.5971,Germany,DE,DEU,Bavaria,Bavaria,DE-BY,state,,316.5,,,3,Europe/Berlin,FALSE,1276650928
Damsdorf,Damsdorf,,52.3000,13.2667,Germany,DE,DEU,Brandenburg,Brandenburg,DE-BB,state,,216.1,,,3,Europe/Berlin,FALSE,1276721653
Damsdorf,Damsdorf,,52.3615,12.7614,Germany,DE,DEU,Brandenburg,Brandenburg,DE-BB,state,,52.4,,,4,Europe/Berlin,TRUE,1276734797
Damsdorf,Damsdorf,,51.9649,13.4364,Germany,DE,DEU,Brandenburg,Brandenburg,DE-BB,state,,13.0,,,4,Europe/Berlin,TRUE,1276175293
Timmerhorn,Timmerhorn,,53.7088,10.2208,Germany,DE,DEU,Schleswig-Holstein,Schleswig-Holstein,DE-SH,state,,270.2,,,3,Europe/Berlin,FALSE,1276161828
Herdweg,Herdweg,,48.2012,11.8896,Germany,DE,DEU,Bavaria,Bavaria,DE-BY,state,,195.5,,,4,Europe/Berlin,FALSE,1276852071
Weißenbrunn vorm Wald,Weissenbrunn vorm Wald,,50.3560,11.0110,Germany,DE,DEU,Bavaria,Bavaria,DE-BY,state,,252.4,,,3,Europe/Berlin,FALSE,1276422062
Weitenbühl,Weitenbuhl,,48.1501,9.9997,Germany,DE,DEU,Baden-Württemberg,Baden-Wurttemberg,DE-BW,state,,99.1,,,4,Europe/Berlin,FALSE,1276223369
Rhein-Dürkheimer Fahrt,Rhein-Durkheimer Fahrt,,49.6849,8.3510,Germany,DE,DEU,Rhineland-Palatinate,Rhineland-Palatinate,DE-RP,state,,694.9,,,3,Europe/Berlin,FALSE,1276003027
Lützel,Lutzel,,50.3697,7.6006,Germany,DE,DEU,Rhineland-Palatinate,Rhineland-Palatinate,DE-RP,state,,1072.1,,,3,Europe/Berlin,FALSE,1276576310
Felgentreu,Felgentreu,,52.0940,13.0208,Germany,DE,DEU,Brandenburg,Brandenburg,DE-BB,state,,18.8,,,4,Europe/Berlin,FALSE,1276515439
Hemmendorf,Hemmendorf,,48.4177,8.9189,Germany,DE,DEU,Baden-Württemberg,Baden-Wurttemberg,DE-BW,state,,288.0,,,3,Europe/Berlin,FALSE,1276569119
Hemmendorf,Hemmendorf,,49.3810,10.1348,Germany,DE,DEU,Baden-Württemberg,Baden-Wurttemberg,DE-BW,state,,251.4,,,3,Europe/Berlin,TRUE,1276537363
Midlum,Midlum,,53.2844,7.3727,Germany,DE,DEU,Lower Saxony,Lower Saxony,DE-NI,state,,50.2,,,4,Europe/Berlin,TRUE,1276636561
Hölzlebruck,Holzlebruck,Bei der Hölzlebruck,47.9223,8.1955,Germany,DE,DEU,Baden-Württemberg,Baden-Wurttemberg,DE-BW,state,,130.9,,,4,Europe/Berlin,FALSE,1276038856
Hemmendorf,Hemmendorf,,50.1005,10.8557,Germany,DE,DEU,Bavaria,Bavaria,DE-BY,state,,59.5,,,4,Europe/Berlin,FALSE,1276436608
Klein Schönwalde,Klein Schonwalde,,54.0588,13.4188,Germany,DE,DEU,Mecklenburg-Western Pomerania,Mecklenburg-Western Pomerania,DE-MV,state,,193.2,,,4,Europe/Berlin,FALSE,1276468379
Marköbel,Markobel,,50.2222,8.9847,Germany,DE,DEU,Hesse,Hesse,DE-HE,state,,229.7,,,3,Europe/Berlin,FALSE,1276476089
Haag bei Treuchtlingen,Haag bei Treuchtlingen,,48.9311,10.8875,Germany,DE,DEU,Bavaria,Bavaria,DE-BY,state,,117.1,,,4,Europe/Berlin,FALSE,1276535296
Hummelbeck,Hummelbeck,,52.2740,8.8527,Germany,DE,DEU,North Rhine-Westphalia,North Rhine-Westphalia,DE-NW,state,,762.9,,,3,Europe/Berlin,FALSE,1276369853
Baumen,Baumen,,51.0147,6.1370,Germany,DE,DEU,North Rhine-Westphalia,North Rhine-Westphalia,DE-NW,state,,432.9,,,3,Europe/Berlin,FALSE,1276603018
Baumen,Baumen,,50.8593,7.6231,Germany,DE,DEU,North Rhine-Westphalia,North Rhine-Westphalia,DE-NW,state,,281.0,,,3,Europe/Berlin,TRUE,1276190672
Oberwörthaus,Oberworthaus,,48.4667,8.9167,Germany,DE,DEU,Baden-Württemberg,Baden-Wurttemberg,DE-BW,state,,288.0,,,3,Europe/Berlin,FALSE,1276688301
Kühlmorgen,Kuhlmorgen,,48.4010,8.0867,Germany,DE,DEU,Baden-Württemberg,Baden-Wurttemberg,DE-BW,state,,50.7,,,4,Europe/Berlin,FALSE,1276613537
Schönnewitz,Schonnewitz,,51.1246,13.3888,Germany,DE,DEU,Saxony,Saxony,DE-SN,state,,50.2,,,4,Europe/Berlin,FALSE,1276987958
Schönnewitz,Schonnewitz,,51.3130,13.1715,Germany,DE,DEU,Saxony,Saxony,DE-SN,state,,41.6,,,4,Europe/Berlin,TRUE,1276948778
Drei Rosen,Drei Rosen,,50.6678,13.0991,Germany,DE,DEU,Saxony,Saxony,DE-SN,state,,118.2,,,4,Europe/Berlin,FALSE,1276598554
Papendorf,Papendorf,,53.6071,10.2886,Germany,DE,DEU,Schleswig-Holstein,Schleswig-Holstein,DE-SH,state,,124.3,,,4,Europe/Berlin,FALSE,1276401012
Zarchlin,Zarchlin,,53.5189,12.2231,Germany,DE,DEU,Mecklenburg-Western Pomerania,Mecklenburg-Western Pomerania,DE-MV,state,,18.7,,,4,Europe/Berlin,FALSE,1276514712
Steinebach,Steinebach,,48.0489,11.0471,Germany,DE,DEU,Bavaria,Bavaria,DE-BY,state,,158.3,,,4,Europe/Berlin,FALSE,1276145921