city,city_ascii,city_alt,lat,lng,country,iso2,iso3,admin_name,admin_name_ascii,admin_code,admin_type,capital,density,population,population_proper,ranking,timezone,same_name,id
Kaliānpur,Kalianpur,,31.8331,75.6440,India,IN,IND,Punjab,Punjab,IN-PB,state,,515.8,343,343,3,Asia/Kolkata,TRUE,1356500598
Kāmdebpur,Kamdebpur,Kamdebpoor,25.4867,88.7392,India,IN,IND,West Bengal,West Bengal,IN-WB,state,,577.6,343,343,3,Asia/Kolkata,TRUE,1356549215
Bagalwāra,Bagalwara,,23.7509,79.7812,India,IN,IND,Madhya Pradesh,Madhya Pradesh,IN-MP,state,,172.1,343,343,4,Asia/Kolkata,FALSE,1356002788
Jarea,Jarea,,23.9621,85.6795,India,IN,IND,Jhārkhand,Jharkhand,IN-JH,state,,519.1,343,343,3,Asia/Kolkata,FALSE,1356176752
Ballowāli,Ballowali,,31.6947,75.1552,India,IN,IND,Punjab,Punjab,IN-PB,state,,2658.6,343,343,2,Asia/Kolkata,FALSE,1356336476
Lokendrapur,Lokendrapur,,26.1659,78.6595,India,IN,IND,Madhya Pradesh,Madhya Pradesh,IN-MP,state,,323.3,343,343,3,Asia/Kolkata,FALSE,1356334028
Pippālahāndi,Pippalahandi,,19.0907,82.2360,India,IN,IND,Odisha,Odisha,IN-OR,state,,361.6,343,343,3,Asia/Kolkata,FALSE,1356835117
Karma,Karma,,24.5709,83.5581,India,IN,IND,Bihār,Bihar,IN-BR,state,,79.2,343,343,4,Asia/Kolkata,TRUE,1356046404
Sonnenhalli,Sonnenhalli,,13.3099,77.6827,India,IN,IND,Karnātaka,Karnataka,IN-KA,state,,515.5,343,343,3,Asia/Kolkata,FALSE,1356684961
Deori Kalān,Deori Kalan,,23.4107,78.8060,India,IN,IND,Madhya Pradesh,Madhya Pradesh,IN-MP,state,,195.3,343,343,4,Asia/Kolkata,TRUE,1356343171
Tikaiti,Tikaiti,,24.5573,84.9490,India,IN,IND,Bihār,Bihar,IN-BR,state,,731.6,343,343,3,Asia/Kolkata,FALSE,1356847079
Gurrālabayalu,Gurralabayalu,,17.7795,80.9906,India,IN,IND,Telangāna,Telangana,IN-TG,state,,154.0,343,343,4,Asia/Kolkata,FALSE,1356268404
Annadānapura,Annadanapura,,14.2247,77.4505,India,IN,IND,Karnātaka,Karnataka,IN-KA,state,,193.5,343,343,4,Asia/Kolkata,FALSE,1356643077
Bandi Chhapra,Bandi Chhapra,,25.9063,85.0848,India,IN,IND,Bihār,Bihar,IN-BR,state,,1363.3,343,343,3,Asia/Kolkata,FALSE,1356921746
Kongalale,Kongalale,,12.7692,75.9982,India,IN,IND,Karnātaka,Karnataka,IN-KA,state,,310.5,343,343,3,Asia/Kolkata,FALSE,1356486471
Talanāli,Talanali,,21.1039,84.6608,India,IN,IND,Odisha,Odisha,IN-OR,state,,72.1,343,343,4,Asia/Kolkata,FALSE,1356250697
Bijāsni,Bijasni,,21.6845,77.9009,India,IN,IND,Madhya Pradesh,Madhya Pradesh,IN-MP,state,,180.1,343,343,4,Asia/Kolkata,TRUE,1356691317
Jāsāpura,Jasapura,,23.6236,76.9612,India,IN,IND,Madhya Pradesh,Madhya Pradesh,IN-MP,state,,335.9,343,343,3,Asia/Kolkata,FALSE,1356119170
Hallikere,Hallikere,,12.2861,76.4237,India,IN,IND,Karnātaka,Karnataka,IN-KA,state,,347.2,343,343,3,Asia/Kolkata,TRUE,1356072906
Gūjarkhera,Gujarkhera,,23.2877,76.1216,India,IN,IND,Madhya Pradesh,Madhya Pradesh,IN-MP,state,,270.2,343,343,3,Asia/Kolkata,TRUE,1356648699
Kodāli,Kodali,,12.7287,79.4312,India,IN,IND,Tamil Nādu,Tamil Nadu,IN-TN,state,,423.0,343,343,3,Asia/Kolkata,FALSE,1356194109
Mutsalagunta,Mutsalagunta,,13.8450,79.9615,India,IN,IND,Andhra Pradesh,Andhra Pradesh,IN-AP,state,,159.8,343,343,4,Asia/Kolkata,FALSE,1356983747
Sarwāni,Sarwani,,25.4655,77.2588,India,IN,IND,Madhya Pradesh,Madhya Pradesh,IN-MP,state,,152.9,343,343,4,Asia/Kolkata,FALSE,1356435650
Kodase,Kodase,,13.8458,75.0517,India,IN,IND,Karnātaka,Karnataka,IN-KA,state,,86.2,343,343,4,Asia/Kolkata,FALSE,1356216030
Babara,Babara,,20.6569,84.1440,India,IN,IND,Odisha,Odisha,IN-OR,state,,202.1,343,343,3,Asia/Kolkata,FALSE,1356229759
Gadaganahalli,Gadaganahalli,,13.6889,76.0968,India,IN,IND,Karnātaka,Karnataka,IN-KA,state,,205.0,343,343,3,Asia/Kolkata,FALSE,1356704390
Marangā,Maranga,,24.1219,84.9959,India,IN,IND,Jhārkhand,Jharkhand,IN-JH,state,,345.5,343,343,3,Asia/Kolkata,TRUE,1356200884
Pinding,Pinding,,22.7301,85.1986,India,IN,IND,Jhārkhand,Jharkhand,IN-JH,state,,108.2,343,343,4,Asia/Kolkata,FALSE,1356180802
Jāringi,Jaringi,,20.0196,84.9876,India,IN,IND,Odisha,Odisha,IN-OR,state,,238.3,343,343,3,Asia/Kolkata,FALSE,1356198897
Nunpāra,Nunpara,,24.6122,87.5777,India,IN,IND,Jhārkhand,Jharkhand,IN-JH,state,,247.6,343,343,3,Asia/Kolkata,FALSE,1356016227
Jhirmila,Jhirmila,,24.0515,80.1098,India,IN,IND,Madhya Pradesh,Madhya Pradesh,IN-MP,state,,100.9,343,343,4,Asia/Kolkata,FALSE,1356641838
Bhaski,Bhaski,,24.0233,86.3737,India,IN,IND,Jhārkhand,Jharkhand,IN-JH,state,,494.8,343,343,3,Asia/Kolkata,FALSE,1356251044
Pāth,Path,,24.5524,81.9360,India,IN,IND,Madhya Pradesh,Madhya Pradesh,IN-MP,state,,360.9,343,343,3,Asia/Kolkata,FALSE,1356055173
Gundrai,Gundrai,,22.4928,79.4816,India,IN,IND,Madhya Pradesh,Madhya Pradesh,IN-MP,state,,239.4,343,343,3,Asia/Kolkata,TRUE,1356878232
Barki Lerhiā,Barki Lerhia,,24.3807,85.7000,India,IN,IND,Jhārkhand,Jharkhand,IN-JH,state,,559.1,343,343,3,Asia/Kolkata,FALSE,1356040202
Māsāpadar,Masapadar,,20.3663,84.2282,India,IN,IND,Odisha,Odisha,IN-OR,state,,77.3,343,343,4,Asia/Kolkata,FALSE,1356263055
Mamauli,Mamauli,,30.5365,76.7446,India,IN,IND,Punjab,Punjab,IN-PB,state,,640.6,343,343,3,Asia/Kolkata,FALSE,1356861920
Gora,Gora,,24.6198,77.7239,India,IN,IND,Madhya Pradesh,Madhya Pradesh,IN-MP,state,,139.5,343,343,4,Asia/Kolkata,TRUE,1356027739
Maniganhalli,Maniganhalli,,12.9004,75.9791,India,IN,IND,Karnātaka,Karnataka,IN-KA,state,,198.7,343,343,4,Asia/Kolkata,TRUE,1356341119
Pankhābāri,Pankhabari,Pankabari,26.8355,88.2657,India,IN,IND,West Bengal,West Bengal,IN-WB,state,,367.5,342,342,3,Asia/Kolkata,FALSE,1356128706
Rāyasandra,Rayasandra,,13.2167,77.7333,India,IN,IND,Karnātaka,Karnataka,IN-KA,state,,515.5,342,342,3,Asia/Kolkata,TRUE,1356790694
Dadgo,Dadgo,,23.2027,85.0479,India,IN,IND,Jhārkhand,Jharkhand,IN-JH,state,,247.0,341,341,3,Asia/Kolkata,FALSE,1356186543
Khāsi,Khasi,,31.6230,75.3631,India,IN,IND,Punjab,Punjab,IN-PB,state,,777.8,341,341,3,Asia/Kolkata,TRUE,1356389976
Bartua,Bartua,,23.8530,85.8099,India,IN,IND,Jhārkhand,Jharkhand,IN-JH,state,,461.2,341,341,3,Asia/Kolkata,TRUE,1356201232
Bedarahalli,Bedarahalli,,13.8004,77.3090,India,IN,IND,Karnātaka,Karnataka,IN-KA,state,,248.8,341,341,3,Asia/Kolkata,TRUE,1356669177
Ghausgarh,Ghausgarh,,30.9543,76.2350,India,IN,IND,Punjab,Punjab,IN-PB,state,,542.1,341,341,3,Asia/Kolkata,FALSE,1356763437
Pindrai,Pindrai,,22.5831,78.7627,India,IN,IND,Madhya Pradesh,Madhya Pradesh,IN-MP,state,,100.5,341,341,4,Asia/Kolkata,TRUE,1356494811
Bejāpur,Bejapur,,31.0060,75.2714,India,IN,IND,Punjab,Punjab,IN-PB,state,,485.5,341,341,3,Asia/Kolkata,FALSE,1356641303
Dahiyar,Dahiyar,,22.5260,78.7532,India,IN,IND,Madhya Pradesh,Madhya Pradesh,IN-MP,state,,88.1,341,341,4,Asia/Kolkata,FALSE,1356160974
Ojenhalli,Ojenhalli,,13.3423,77.2751,India,IN,IND,Karnātaka,Karnataka,IN-KA,state,,270.1,341,341,3,Asia/Kolkata,TRUE,1356635860
Lonhri,Lonhri,,24.0896,85.4703,India,IN,IND,Jhārkhand,Jharkhand,IN-JH,state,,546.9,341,341,3,Asia/Kolkata,FALSE,1356640874
Pānchbāhini,Panchbahini,,24.2943,87.5043,India,IN,IND,Jhārkhand,Jharkhand,IN-JH,state,,358.5,341,341,3,Asia/Kolkata,FALSE,1356371129
Ashābpur,Ashabpur,,30.3352,76.2904,India,IN,IND,Punjab,Punjab,IN-PB,state,,827.2,341,341,3,Asia/Kolkata,FALSE,1356996286
Bathal,Bathal,,32.6018,75.2506,India,IN,IND,Jammu and Kashmīr,Jammu and Kashmir,IN-JK,state,,598.1,341,341,3,Asia/Kolkata,FALSE,1356118232
Dumagere,Dumagere,,13.2703,75.7435,India,IN,IND,Karnātaka,Karnataka,IN-KA,state,,192.6,341,341,4,Asia/Kolkata,FALSE,1356148713
Sohānd,Sohand,,33.1368,75.5727,India,IN,IND,Jammu and Kashmīr,Jammu and Kashmir,IN-JK,state,,321.0,341,341,3,Asia/Kolkata,FALSE,1356534382
Palasingi,Palasingi,,19.0153,83.7959,India,IN,IND,Odisha,Odisha,IN-OR,state,,203.2,341,341,3,Asia/Kolkata,FALSE,1356226893
Sawaiya,Sawaiya,,25.2131,87.4490,India,IN,IND,Jhārkhand,Jharkhand,IN-JH,state,,1155.8,341,341,3,Asia/Kolkata,FALSE,1356018474
Lubbarti,Lubbarti,,17.6491,82.2801,India,IN,IND,Andhra Pradesh,Andhra Pradesh,IN-AP,state,,55.1,341,341,4,Asia/Kolkata,FALSE,1356022349
Ambādohar,Ambadohar,,23.7256,84.7618,India,IN,IND,Jhārkhand,Jharkhand,IN-JH,state,,226.5,341,341,3,Asia/Kolkata,FALSE,1356189010
Nangal,Nangal,,32.6311,75.1100,India,IN,IND,Jammu and Kashmīr,Jammu and Kashmir,IN-JK,state,,598.1,341,341,3,Asia/Kolkata,FALSE,1356140905
Runju,Runju,,23.0781,85.0794,India,IN,IND,Jhārkhand,Jharkhand,IN-JH,state,,249.5,341,341,3,Asia/Kolkata,FALSE,1356178532
Ankhali,Ankhali,,23.4790,76.1900,India,IN,IND,Madhya Pradesh,Madhya Pradesh,IN-MP,state,,270.2,341,341,3,Asia/Kolkata,TRUE,1356661310
Joro Sarjam,Joro Sarjam,,22.8279,85.7768,India,IN,IND,Jhārkhand,Jharkhand,IN-JH,state,,186.6,341,341,4,Asia/Kolkata,FALSE,1356236843
Pahāridih,Paharidih,,24.1717,86.8836,India,IN,IND,Jhārkhand,Jharkhand,IN-JH,state,,702.2,341,341,3,Asia/Kolkata,TRUE,1356188534
Kampamanupākalu,Kampamanupakalu,,17.8493,82.1677,India,IN,IND,Andhra Pradesh,Andhra Pradesh,IN-AP,state,,71.1,341,341,4,Asia/Kolkata,FALSE,1356945652
Kānkra,Kankra,,25.6865,77.0716,India,IN,IND,Madhya Pradesh,Madhya Pradesh,IN-MP,state,,71.5,341,341,4,Asia/Kolkata,TRUE,1356082494
Iswaripur,Iswaripur,,22.2098,88.4131,India,IN,IND,West Bengal,West Bengal,IN-WB,state,,3410.6,341,341,2,Asia/Kolkata,FALSE,1356409680
Hatibindhā,Hatibindha,,21.3238,85.1653,India,IN,IND,Odisha,Odisha,IN-OR,state,,214.6,341,341,3,Asia/Kolkata,FALSE,1356255189
Baghaia,Baghaia,,23.7698,80.9464,India,IN,IND,Madhya Pradesh,Madhya Pradesh,IN-MP,state,,146.9,341,341,4,Asia/Kolkata,TRUE,1356003933
Nichanakunte,Nichanakunte,,13.2469,78.3360,India,IN,IND,Karnātaka,Karnataka,IN-KA,state,,323.1,341,341,3,Asia/Kolkata,FALSE,1356568457
Bāramāsia,Baramasia,,24.6741,87.6206,India,IN,IND,Jhārkhand,Jharkhand,IN-JH,state,,360.4,341,341,3,Asia/Kolkata,TRUE,1356098470
Boria,Boria,,21.7025,79.0149,India,IN,IND,Madhya Pradesh,Madhya Pradesh,IN-MP,state,,217.9,341,341,3,Asia/Kolkata,TRUE,1356378037
Dhabrai,Dhabrai,,24.1451,80.7306,India,IN,IND,Madhya Pradesh,Madhya Pradesh,IN-MP,state,,387.6,341,341,3,Asia/Kolkata,FALSE,1356939260
Pogadadoruvukhandrika,Pogadadoruvukhandrika,,14.4731,80.1463,India,IN,IND,Andhra Pradesh,Andhra Pradesh,IN-AP,state,,541.1,341,341,3,Asia/Kolkata,FALSE,1356064795
Khera,Khera,,23.3463,79.8168,India,IN,IND,Madhya Pradesh,Madhya Pradesh,IN-MP,state,,378.5,341,341,3,Asia/Kolkata,TRUE,1356137565
Katangi,Katangi,,23.1358,79.0406,India,IN,IND,Madhya Pradesh,Madhya Pradesh,IN-MP,state,,156.0,341,341,4,Asia/Kolkata,TRUE,1356930820
Bembalūr,Bembalur,,12.8353,75.8700,India,IN,IND,Karnātaka,Karnataka,IN-KA,state,,198.7,341,341,4,Asia/Kolkata,FALSE,1356553448
Mundri,Mundri,,22.6337,85.3887,India,IN,IND,Jhārkhand,Jharkhand,IN-JH,state,,108.2,341,341,4,Asia/Kolkata,FALSE,1356172800
Barahapatiya,Barahapatiya,,24.2853,82.3184,India,IN,IND,Madhya Pradesh,Madhya Pradesh,IN-MP,state,,258.1,341,341,3,Asia/Kolkata,FALSE,1356960178
Munni Chak,Munni Chak,,25.8673,85.6338,India,IN,IND,Bihār,Bihar,IN-BR,state,,2172.8,341,341,2,Asia/Kolkata,FALSE,1356000561
Dharmanagari,Dharmanagari,,24.8745,81.7297,India,IN,IND,Madhya Pradesh,Madhya Pradesh,IN-MP,state,,405.9,341,341,3,Asia/Kolkata,FALSE,1356368067
Murja,Murja,,18.6942,82.5496,India,IN,IND,Odisha,Odisha,IN-OR,state,,113.5,341,341,4,Asia/Kolkata,FALSE,1356994619
Murchikona,Murchikona,,19.1035,83.6006,India,IN,IND,Andhra Pradesh,Andhra Pradesh,IN-AP,state,,339.6,341,341,3,Asia/Kolkata,FALSE,1356092127
Bommanahalli,Bommanahalli,,13.0597,76.0575,India,IN,IND,Karnātaka,Karnataka,IN-KA,state,,423.4,341,341,3,Asia/Kolkata,TRUE,1356065111
Jalgoda,Jalgoda,,24.7152,86.0437,India,IN,IND,Bihār,Bihar,IN-BR,state,,285.2,341,341,3,Asia/Kolkata,FALSE,1356242029
Imiliā,Imilia,,27.1080,84.4640,India,IN,IND,Bihār,Bihar,IN-BR,state,,1548.8,341,341,3,Asia/Kolkata,TRUE,1356902892
Khāparkheda,Khaparkheda,,21.5077,78.4749,India,IN,IND,Mahārāshtra,Maharashtra,IN-MH,state,,163.2,341,341,4,Asia/Kolkata,TRUE,1356632729
Chak Jawāhir,Chak Jawahir,,32.4966,74.9032,India,IN,IND,Jammu and Kashmīr,Jammu and Kashmir,IN-JK,state,,564.3,341,341,3,Asia/Kolkata,FALSE,1356000902
Basavāpura,Basavapura,,13.1101,75.9999,India,IN,IND,Karnātaka,Karnataka,IN-KA,state,,229.7,341,341,3,Asia/Kolkata,TRUE,1356552333
Dhurīpāra,Dhuripara,,25.5225,87.9895,India,IN,IND,Bihār,Bihar,IN-BR,state,,1260.2,341,341,3,Asia/Kolkata,FALSE,1356618563
Vaddanahalli,Vaddanahalli,,13.8810,76.6764,India,IN,IND,Karnātaka,Karnataka,IN-KA,state,,177.4,341,341,4,Asia/Kolkata,FALSE,1356282363
Kumaranjeri,Kumaranjeri,,13.4170,80.1993,India,IN,IND,Tamil Nādu,Tamil Nadu,IN-TN,state,,648.6,341,341,3,Asia/Kolkata,FALSE,1356186604
Jāmunpāni,Jamunpani,,22.6683,80.4220,India,IN,IND,Madhya Pradesh,Madhya Pradesh,IN-MP,state,,310.6,341,341,3,Asia/Kolkata,FALSE,1356117273
Srīrāmanhalli,Sriramanhalli,,13.4069,77.3705,India,IN,IND,Karnātaka,Karnataka,IN-KA,state,,446.9,341,341,3,Asia/Kolkata,TRUE,1356007839
Zaharpur,Zaharpur,,25.6347,87.9408,India,IN,IND,Bihār,Bihar,IN-BR,state,,1260.2,341,341,3,Asia/Kolkata,FALSE,1356344630
Gummarojoran,Gummarojoran,,18.6031,82.3896,India,IN,IND,Odisha,Odisha,IN-OR,state,,112.6,341,341,4,Asia/Kolkata,FALSE,1356383489
Chak Roshan,Chak Roshan,,25.8080,85.2678,India,IN,IND,Bihār,Bihar,IN-BR,state,,5163.4,341,341,2,Asia/Kolkata,FALSE,1356140486
Khūntia,Khuntia,,22.6604,78.0742,India,IN,IND,Madhya Pradesh,Madhya Pradesh,IN-MP,state,,277.5,341,341,3,Asia/Kolkata,FALSE,1356065077
Bichanapati,Bichanapati,,21.7739,84.9977,India,IN,IND,Odisha,Odisha,IN-OR,state,,172.0,341,341,4,Asia/Kolkata,FALSE,1356232719
Ordīha,Ordiha,,24.3177,83.9317,India,IN,IND,Jhārkhand,Jharkhand,IN-JH,state,,423.8,341,341,3,Asia/Kolkata,FALSE,1356663031
Belarpur,Belarpur,,24.6176,85.0265,India,IN,IND,Bihār,Bihar,IN-BR,state,,1043.3,341,341,3,Asia/Kolkata,FALSE,1356580995
Mirudih,Mirudih,,22.9790,85.9566,India,IN,IND,Jhārkhand,Jharkhand,IN-JH,state,,519.5,341,341,3,Asia/Kolkata,FALSE,1356241577
Khajuria,Khajuria,,23.4918,78.7235,India,IN,IND,Madhya Pradesh,Madhya Pradesh,IN-MP,state,,195.3,341,341,4,Asia/Kolkata,TRUE,1356097951
Bagharra,Bagharra,,23.2172,80.9430,India,IN,IND,Madhya Pradesh,Madhya Pradesh,IN-MP,state,,63.3,341,341,4,Asia/Kolkata,FALSE,1356047801
Harāli,Harali,,23.8937,76.5672,India,IN,IND,Madhya Pradesh,Madhya Pradesh,IN-MP,state,,193.4,341,341,4,Asia/Kolkata,FALSE,1356792227
Boropalli,Boropalli,,20.2847,84.4502,India,IN,IND,Odisha,Odisha,IN-OR,state,,121.9,341,341,4,Asia/Kolkata,TRUE,1356261097
Alayāpur,Alayapur,,24.5326,87.7395,India,IN,IND,Jhārkhand,Jharkhand,IN-JH,state,,702.3,341,341,3,Asia/Kolkata,FALSE,1356031149
Patrapalli,Patrapalli,,13.9896,79.6356,India,IN,IND,Andhra Pradesh,Andhra Pradesh,IN-AP,state,,231.9,341,341,3,Asia/Kolkata,FALSE,1356127699
Katsimlā,Katsimla,,23.0307,85.1003,India,IN,IND,Jhārkhand,Jharkhand,IN-JH,state,,249.5,341,341,3,Asia/Kolkata,FALSE,1356184251
Ghāna,Ghana,,23.4992,78.7156,India,IN,IND,Madhya Pradesh,Madhya Pradesh,IN-MP,state,,195.3,341,341,4,Asia/Kolkata,TRUE,1356680063
Bommanamane,Bommanamane,,13.0425,75.9139,India,IN,IND,Karnātaka,Karnataka,IN-KA,state,,227.4,341,341,3,Asia/Kolkata,FALSE,1356009456
Phaguwāl,Phaguwal,,30.9710,75.7937,India,IN,IND,Punjab,Punjab,IN-PB,state,,736.9,341,341,3,Asia/Kolkata,FALSE,1356076096
Pokhrāha,Pokhraha,,24.8670,84.2531,India,IN,IND,Bihār,Bihar,IN-BR,state,,624.9,341,341,3,Asia/Kolkata,TRUE,1356142689
Bhutlod,Bhutlod,,21.1548,83.8630,India,IN,IND,Odisha,Odisha,IN-OR,state,,373.5,341,341,3,Asia/Kolkata,FALSE,1356048276
Nāgjhiri,Nagjhiri,,21.7931,77.9908,India,IN,IND,Madhya Pradesh,Madhya Pradesh,IN-MP,state,,249.8,341,341,3,Asia/Kolkata,TRUE,1356896520
Singāpura,Singapura,,22.9229,76.9068,India,IN,IND,Madhya Pradesh,Madhya Pradesh,IN-MP,state,,330.1,341,341,3,Asia/Kolkata,FALSE,1356289812
Gulgunjimane,Gulgunjimane,,13.3303,75.1560,India,IN,IND,Karnātaka,Karnataka,IN-KA,state,,84.6,341,341,4,Asia/Kolkata,FALSE,1356758719
Maranga,Maranga,,24.2013,86.9595,India,IN,IND,Jhārkhand,Jharkhand,IN-JH,state,,665.2,341,341,3,Asia/Kolkata,FALSE,1356187099
Mohanpura,Mohanpura,,24.5705,80.2393,India,IN,IND,Madhya Pradesh,Madhya Pradesh,IN-MP,state,,130.3,341,341,4,Asia/Kolkata,TRUE,1356091091
Agaiya,Agaiya,,25.1070,86.1470,India,IN,IND,Bihār,Bihar,IN-BR,state,,1242.0,341,341,3,Asia/Kolkata,TRUE,1356125929
Dalia,Dalia,,32.1131,75.4361,India,IN,IND,Punjab,Punjab,IN-PB,state,,599.6,341,341,3,Asia/Kolkata,FALSE,1356065270
Dalpatpur,Dalpatpur,,23.1115,79.8553,India,IN,IND,Madhya Pradesh,Madhya Pradesh,IN-MP,state,,1317.7,341,341,3,Asia/Kolkata,FALSE,1356104454
Atigoba,Atigoba,,20.3998,84.2195,India,IN,IND,Odisha,Odisha,IN-OR,state,,77.3,341,341,4,Asia/Kolkata,FALSE,1356262666
Hanumanhalli,Hanumanhalli,,13.1335,75.6017,India,IN,IND,Karnātaka,Karnataka,IN-KA,state,,109.6,340,340,4,Asia/Kolkata,TRUE,1356138310
Pānjra,Panjra,,22.9546,79.2545,India,IN,IND,Madhya Pradesh,Madhya Pradesh,IN-MP,state,,214.6,340,340,3,Asia/Kolkata,TRUE,1356417293
Rāsimata,Rasimata,,21.7386,80.5945,India,IN,IND,Madhya Pradesh,Madhya Pradesh,IN-MP,state,,141.0,340,340,4,Asia/Kolkata,FALSE,1356525844
Mughalewāl,Mughalewal,,30.9555,76.2008,India,IN,IND,Punjab,Punjab,IN-PB,state,,542.1,340,340,3,Asia/Kolkata,FALSE,1356489463
Chaurā,Chaura,,24.1048,84.3090,India,IN,IND,Jhārkhand,Jharkhand,IN-JH,state,,1159.9,340,340,3,Asia/Kolkata,TRUE,1356088383
Bodra,Bodra,,23.3842,78.1681,India,IN,IND,Madhya Pradesh,Madhya Pradesh,IN-MP,state,,178.6,340,340,4,Asia/Kolkata,TRUE,1356111944
Pamāriya,Pamariya,,23.6865,78.2515,India,IN,IND,Madhya Pradesh,Madhya Pradesh,IN-MP,state,,173.8,340,340,4,Asia/Kolkata,TRUE,1356867905
Chandarpura,Chandarpura,,23.9426,76.8668,India,IN,IND,Madhya Pradesh,Madhya Pradesh,IN-MP,state,,280.9,340,340,3,Asia/Kolkata,FALSE,1356130624
Kalāidih,Kalaidih,,22.7427,85.7229,India,IN,IND,Jhārkhand,Jharkhand,IN-JH,state,,490.5,340,340,3,Asia/Kolkata,FALSE,1356206937
Keolari,Keolari,,23.7109,79.5830,India,IN,IND,Madhya Pradesh,Madhya Pradesh,IN-MP,state,,153.2,340,340,4,Asia/Kolkata,TRUE,1356901857
Balātu,Balatu,,23.4215,84.3030,India,IN,IND,Jhārkhand,Jharkhand,IN-JH,state,,118.3,340,340,4,Asia/Kolkata,FALSE,1356190637
Upāspur,Upaspur,,13.4338,77.3593,India,IN,IND,Karnātaka,Karnataka,IN-KA,state,,446.9,340,340,3,Asia/Kolkata,TRUE,1356007835
Fatehpur Jhuggian,Fatehpur Jhuggian,,31.0014,75.1427,India,IN,IND,Punjab,Punjab,IN-PB,state,,485.5,340,340,3,Asia/Kolkata,FALSE,1356724862
Chinna Agraharam,Chinna Agraharam,,12.6659,77.7756,India,IN,IND,Tamil Nādu,Tamil Nadu,IN-TN,state,,633.7,340,340,3,Asia/Kolkata,FALSE,1356324085
Jaitpura,Jaitpura,,25.8305,78.5173,India,IN,IND,Madhya Pradesh,Madhya Pradesh,IN-MP,state,,369.8,340,340,3,Asia/Kolkata,FALSE,1356184787
Muria,Muria,,24.3401,85.1090,India,IN,IND,Jhārkhand,Jharkhand,IN-JH,state,,398.4,340,340,3,Asia/Kolkata,FALSE,1356426053
Mājra Nadhawāla,Majra Nadhawala,,30.5991,76.3145,India,IN,IND,Punjab,Punjab,IN-PB,state,,388.3,340,340,3,Asia/Kolkata,FALSE,1356090754
Bulura,Bulura,,20.6685,84.5579,India,IN,IND,Odisha,Odisha,IN-OR,state,,76.0,340,340,4,Asia/Kolkata,FALSE,1356232563
Pehru Chak,Pehru Chak,,32.4738,75.2767,India,IN,IND,Jammu and Kashmīr,Jammu and Kashmir,IN-JK,state,,323.6,340,340,3,Asia/Kolkata,FALSE,1356749340
Barkumhāri,Barkumhari,,21.9836,79.5067,India,IN,IND,Madhya Pradesh,Madhya Pradesh,IN-MP,state,,238.7,340,340,3,Asia/Kolkata,FALSE,1356100340
Puri,Puri,,23.4774,76.1915,India,IN,IND,Madhya Pradesh,Madhya Pradesh,IN-MP,state,,270.2,340,340,3,Asia/Kolkata,TRUE,1356060074
Belābeltaul,Belabeltaul,,23.8320,85.2684,India,IN,IND,Jhārkhand,Jharkhand,IN-JH,state,,364.9,340,340,3,Asia/Kolkata,FALSE,1356258477
Piskātoli,Piskatoli,,23.0298,85.5935,India,IN,IND,Jhārkhand,Jharkhand,IN-JH,state,,189.1,340,340,4,Asia/Kolkata,FALSE,1356177171
Jalpura,Jalpura,,26.7160,78.7160,India,IN,IND,Madhya Pradesh,Madhya Pradesh,IN-MP,state,,265.0,340,340,3,Asia/Kolkata,FALSE,1356151355
Kemwāri,Kemwari,Kemwārī,25.9562,77.8600,India,IN,IND,Madhya Pradesh,Madhya Pradesh,IN-MP,state,,718.4,340,340,3,Asia/Kolkata,FALSE,1356525101
Dhārhar,Dharhar,,24.8056,81.6180,India,IN,IND,Madhya Pradesh,Madhya Pradesh,IN-MP,state,,463.7,340,340,3,Asia/Kolkata,FALSE,1356111266
Kolhuā,Kolhua,,24.3570,85.1961,India,IN,IND,Jhārkhand,Jharkhand,IN-JH,state,,591.4,340,340,3,Asia/Kolkata,TRUE,1356309828
Kālājor,Kalajor,,22.8659,85.9616,India,IN,IND,Jhārkhand,Jharkhand,IN-JH,state,,792.8,340,340,3,Asia/Kolkata,TRUE,1356236878
Khapchāberā,Khapchabera,,23.3681,85.8284,India,IN,IND,Jhārkhand,Jharkhand,IN-JH,state,,443.4,340,340,3,Asia/Kolkata,FALSE,1356178996
Nagalapai,Nagalapai,,19.2754,83.5560,India,IN,IND,Odisha,Odisha,IN-OR,state,,339.6,340,340,3,Asia/Kolkata,FALSE,1356574220
Hushiyārkheri,Hushiyarkheri,,23.6591,76.9180,India,IN,IND,Madhya Pradesh,Madhya Pradesh,IN-MP,state,,335.9,340,340,3,Asia/Kolkata,FALSE,1356862438
Rāmpuriya,Rampuriya,,24.8159,76.8236,India,IN,IND,Madhya Pradesh,Madhya Pradesh,IN-MP,state,,133.5,340,340,4,Asia/Kolkata,TRUE,1356096718
Chakkodagi,Chakkodagi,,13.0447,75.7134,India,IN,IND,Karnātaka,Karnataka,IN-KA,state,,109.6,340,340,4,Asia/Kolkata,FALSE,1356408162
Tippampatti,Tippampatti,,12.2465,78.5446,India,IN,IND,Tamil Nādu,Tamil Nadu,IN-TN,state,,487.2,340,340,3,Asia/Kolkata,TRUE,1356679063
Brāhmanapalle,Brahmanapalle,,14.2658,77.8333,India,IN,IND,Andhra Pradesh,Andhra Pradesh,IN-AP,state,,139.6,340,340,4,Asia/Kolkata,TRUE,1356112897
Sirsodem,Sirsodem,Sirçodem,15.5000,74.1667,India,IN,IND,Goa,Goa,IN-GA,state,,127.0,340,340,4,Asia/Kolkata,FALSE,1356645257
Kāverirājapuram,Kaverirajapuram,,13.1901,79.2943,India,IN,IND,Andhra Pradesh,Andhra Pradesh,IN-AP,state,,107.6,340,340,4,Asia/Kolkata,FALSE,1356738789
Singhanpuri,Singhanpuri,,22.7520,80.2458,India,IN,IND,Madhya Pradesh,Madhya Pradesh,IN-MP,state,,141.2,340,340,4,Asia/Kolkata,TRUE,1356142914
Suknera,Suknera,,22.8299,74.9534,India,IN,IND,Madhya Pradesh,Madhya Pradesh,IN-MP,state,,261.3,340,340,3,Asia/Kolkata,FALSE,1356192453
Dilwār,Dilwar,,23.4666,78.2234,India,IN,IND,Madhya Pradesh,Madhya Pradesh,IN-MP,state,,178.6,340,340,4,Asia/Kolkata,FALSE,1356101972
Kālkuhi,Kalkuhi,,22.8478,79.8933,India,IN,IND,Madhya Pradesh,Madhya Pradesh,IN-MP,state,,1317.7,340,340,3,Asia/Kolkata,FALSE,1356714294
Nimmāmaheswarāpuram,Nimmamaheswarapuram,,15.3440,79.5211,India,IN,IND,Andhra Pradesh,Andhra Pradesh,IN-AP,state,,196.5,340,340,4,Asia/Kolkata,FALSE,1356177062
Roddakampalle,Roddakampalle,,14.1079,77.4212,India,IN,IND,Andhra Pradesh,Andhra Pradesh,IN-AP,state,,169.0,340,340,4,Asia/Kolkata,FALSE,1356333274
Sirirāmpur,Sirirampur,,32.1508,75.3397,India,IN,IND,Punjab,Punjab,IN-PB,state,,599.6,340,340,3,Asia/Kolkata,FALSE,1356184296
Phaloura,Phaloura,,32.3054,75.5595,India,IN,IND,Punjab,Punjab,IN-PB,state,,794.2,340,340,3,Asia/Kolkata,FALSE,1356530307
Ghotāri,Ghotari,,24.1655,80.8865,India,IN,IND,Madhya Pradesh,Madhya Pradesh,IN-MP,state,,387.6,340,340,3,Asia/Kolkata,FALSE,1356103019
Doulowāl,Doulowal,,31.6192,75.4942,India,IN,IND,Punjab,Punjab,IN-PB,state,,466.3,340,340,3,Asia/Kolkata,FALSE,1356054785
Jhagurugaria,Jhagurugaria,,20.7131,84.0053,India,IN,IND,Odisha,Odisha,IN-OR,state,,216.1,340,340,3,Asia/Kolkata,FALSE,1356233350
Cholamballi,Cholamballi,,12.9017,76.5863,India,IN,IND,Karnātaka,Karnataka,IN-KA,state,,282.3,340,340,3,Asia/Kolkata,FALSE,1356876571
Sembhuā,Sembhua,,23.6694,84.5065,India,IN,IND,Jhārkhand,Jharkhand,IN-JH,state,,371.6,340,340,3,Asia/Kolkata,FALSE,1356193425
Dulha,Dulha,,24.2581,85.0185,India,IN,IND,Jhārkhand,Jharkhand,IN-JH,state,,335.7,340,340,3,Asia/Kolkata,FALSE,1356724341
Pānjgaraiān,Panjgaraian,,30.9590,76.1765,India,IN,IND,Punjab,Punjab,IN-PB,state,,542.1,340,340,3,Asia/Kolkata,FALSE,1356303836
Bumru,Bumru,,24.6984,84.2932,India,IN,IND,Bihār,Bihar,IN-BR,state,,489.2,340,340,3,Asia/Kolkata,FALSE,1356697512
Daya Chhāpra,Daya Chhapra,,26.5850,84.3175,India,IN,IND,Bihār,Bihar,IN-BR,state,,1175.1,340,340,3,Asia/Kolkata,FALSE,1356824624
Kambalahalli,Kambalahalli,,13.6997,77.8084,India,IN,IND,Karnātaka,Karnataka,IN-KA,state,,188.4,340,340,4,Asia/Kolkata,TRUE,1356541659
Bandarkol,Bandarkol,,23.3572,80.2077,India,IN,IND,Madhya Pradesh,Madhya Pradesh,IN-MP,state,,547.5,340,340,3,Asia/Kolkata,FALSE,1356011387
Kaggarvalli,Kaggarvalli,,12.9128,75.9652,India,IN,IND,Karnātaka,Karnataka,IN-KA,state,,198.7,340,340,4,Asia/Kolkata,FALSE,1356622636
Agasanahalli,Agasanahalli,,14.6991,76.1462,India,IN,IND,Karnātaka,Karnataka,IN-KA,state,,173.9,340,340,3,Asia/Kolkata,TRUE,1356100544
Kumbargod,Kumbargod,,13.4930,75.1873,India,IN,IND,Karnātaka,Karnataka,IN-KA,state,,109.9,340,340,4,Asia/Kolkata,FALSE,1356586447
Sarkhandi,Sarkhandi,,24.1472,77.9828,India,IN,IND,Madhya Pradesh,Madhya Pradesh,IN-MP,state,,214.2,340,340,3,Asia/Kolkata,TRUE,1356916850
Munda,Munda,,22.7264,79.8946,India,IN,IND,Madhya Pradesh,Madhya Pradesh,IN-MP,state,,180.9,340,340,4,Asia/Kolkata,TRUE,1356383283
Dudhāla Khurd,Dudhala Khurd,,21.5004,78.8868,India,IN,IND,Mahārāshtra,Maharashtra,IN-MH,state,,222.6,340,340,3,Asia/Kolkata,FALSE,1356398265
Garaga,Garaga,,13.8179,75.4028,India,IN,IND,Karnātaka,Karnataka,IN-KA,state,,109.9,340,340,4,Asia/Kolkata,TRUE,1356075579
Hittūr,Hittur,,14.0828,75.4837,India,IN,IND,Karnātaka,Karnataka,IN-KA,state,,486.2,340,340,3,Asia/Kolkata,FALSE,1356157192
Tangartoli,Tangartoli,,22.7656,84.7586,India,IN,IND,Jhārkhand,Jharkhand,IN-JH,state,,187.7,340,340,4,Asia/Kolkata,TRUE,1356199234
Gularbed,Gularbed,,24.4491,85.0242,India,IN,IND,Bihār,Bihar,IN-BR,state,,511.9,340,340,3,Asia/Kolkata,FALSE,1356129292
Semarhāt,Semarhat,,24.6160,84.6520,India,IN,IND,Bihār,Bihar,IN-BR,state,,1018.2,340,340,3,Asia/Kolkata,FALSE,1356397194
Dīnabandhupur,Dinabandhupur,,20.8201,84.6292,India,IN,IND,Odisha,Odisha,IN-OR,state,,95.3,340,340,4,Asia/Kolkata,FALSE,1356238128
Kānrebera,Kanrebera,,23.0348,85.8960,India,IN,IND,Jhārkhand,Jharkhand,IN-JH,state,,377.9,340,340,3,Asia/Kolkata,FALSE,1356182544
Kottūrupādu,Kotturupadu,,17.3613,82.1296,India,IN,IND,Andhra Pradesh,Andhra Pradesh,IN-AP,state,,74.8,340,340,4,Asia/Kolkata,FALSE,1356055342
Bishunpura,Bishunpura,,25.2743,83.5676,India,IN,IND,Bihār,Bihar,IN-BR,state,,805.1,340,340,3,Asia/Kolkata,TRUE,1356517535
Dodbyadarhalli,Dodbyadarhalli,,13.3600,77.4332,India,IN,IND,Karnātaka,Karnataka,IN-KA,state,,446.9,340,340,3,Asia/Kolkata,FALSE,1356927430
Jhalbād,Jhalbad,,24.3350,85.8918,India,IN,IND,Jhārkhand,Jharkhand,IN-JH,state,,931.8,340,340,3,Asia/Kolkata,FALSE,1356258808
Belahalli,Belahalli,,13.2697,77.9658,India,IN,IND,Karnātaka,Karnataka,IN-KA,state,,498.0,340,340,3,Asia/Kolkata,FALSE,1356683607
Kusaha,Kusaha,,25.0124,81.3503,India,IN,IND,Madhya Pradesh,Madhya Pradesh,IN-MP,state,,511.4,340,340,3,Asia/Kolkata,FALSE,1356834684
Berodih,Berodih,,24.2496,86.3844,India,IN,IND,Jhārkhand,Jharkhand,IN-JH,state,,471.4,340,340,3,Asia/Kolkata,FALSE,1356250849
Hiregaudanahalli,Hiregaudanahalli,,12.8461,76.0907,India,IN,IND,Karnātaka,Karnataka,IN-KA,state,,423.4,340,340,3,Asia/Kolkata,FALSE,1356718025
Barodi,Barodi,,30.8362,76.6348,India,IN,IND,Punjab,Punjab,IN-PB,state,,1045.5,340,340,3,Asia/Kolkata,FALSE,1356966847
Chhapar,Chhapar,,32.8861,74.9708,India,IN,IND,Jammu and Kashmīr,Jammu and Kashmir,IN-JK,state,,1248.6,340,340,3,Asia/Kolkata,FALSE,1356598374
Malladevihalli,Malladevihalli,,13.3815,76.4134,India,IN,IND,Karnātaka,Karnataka,IN-KA,state,,290.0,340,340,3,Asia/Kolkata,FALSE,1356892927
Jojodih,Jojodih,,22.9710,85.5585,India,IN,IND,Jhārkhand,Jharkhand,IN-JH,state,,189.1,340,340,4,Asia/Kolkata,TRUE,1356257928
Pāli Khurd,Pali Khurd,,26.4377,86.1470,India,IN,IND,Bihār,Bihar,IN-BR,state,,2436.1,340,340,2,Asia/Kolkata,FALSE,1356345892
Kishanpur,Kishanpur,,30.9987,75.1651,India,IN,IND,Punjab,Punjab,IN-PB,state,,485.5,340,340,3,Asia/Kolkata,TRUE,1356619939
Rosna,Rosna,,24.3210,84.9849,India,IN,IND,Jhārkhand,Jharkhand,IN-JH,state,,335.7,340,340,3,Asia/Kolkata,FALSE,1356195105
Hosakadarenhalli,Hosakadarenhalli,,13.4698,77.8357,India,IN,IND,Karnātaka,Karnataka,IN-KA,state,,331.9,340,340,3,Asia/Kolkata,FALSE,1356225478
Thyāvagodu,Thyavagodu,,14.4242,75.0549,India,IN,IND,Karnātaka,Karnataka,IN-KA,state,,197.8,340,340,4,Asia/Kolkata,FALSE,1356690003
Mendka,Mendka,,22.1141,78.3071,India,IN,IND,Madhya Pradesh,Madhya Pradesh,IN-MP,state,,233.8,340,340,3,Asia/Kolkata,TRUE,1356899195
Birājpur,Birajpur,,25.2053,86.6006,India,IN,IND,Bihār,Bihar,IN-BR,state,,898.4,339,339,3,Asia/Kolkata,TRUE,1356831402
Karla,Karla,,22.7837,85.3100,India,IN,IND,Jhārkhand,Jharkhand,IN-JH,state,,108.2,339,339,4,Asia/Kolkata,TRUE,1356180103
Belopāti,Belopati,,24.4217,83.7824,India,IN,IND,Jhārkhand,Jharkhand,IN-JH,state,,560.1,339,339,3,Asia/Kolkata,FALSE,1356801395
Murahi,Murahi,,25.9218,85.0870,India,IN,IND,Bihār,Bihar,IN-BR,state,,1363.3,339,339,3,Asia/Kolkata,FALSE,1356656878
Kukra,Kukra,,22.5534,78.2682,India,IN,IND,Madhya Pradesh,Madhya Pradesh,IN-MP,state,,99.4,339,339,4,Asia/Kolkata,TRUE,1356925212
Pathāria,Patharia,,23.8577,76.3601,India,IN,IND,Madhya Pradesh,Madhya Pradesh,IN-MP,state,,239.4,339,339,3,Asia/Kolkata,TRUE,1356151923
Karechh,Karechh,,24.8719,83.7695,India,IN,IND,Bihār,Bihar,IN-BR,state,,501.6,339,339,3,Asia/Kolkata,FALSE,1356041650
Bhatdewa,Bhatdewa,,24.2639,79.7061,India,IN,IND,Madhya Pradesh,Madhya Pradesh,IN-MP,state,,140.4,339,339,4,Asia/Kolkata,FALSE,1356676149
Khalwāra,Khalwara,,22.7527,80.3607,India,IN,IND,Madhya Pradesh,Madhya Pradesh,IN-MP,state,,108.0,339,339,4,Asia/Kolkata,TRUE,1356791787
Surang,Surang,,26.1471,87.7094,India,IN,IND,Bihār,Bihar,IN-BR,state,,1224.5,339,339,3,Asia/Kolkata,FALSE,1356111928
Edorem,Edorem,,15.5638,74.1451,India,IN,IND,Goa,Goa,IN-GA,state,,127.0,339,339,4,Asia/Kolkata,FALSE,1356269546
Bimbegali,Bimbegali,,15.5288,74.4883,India,IN,IND,Karnātaka,Karnataka,IN-KA,state,,159.8,339,339,4,Asia/Kolkata,FALSE,1356613393
Turi,Turi,,24.1621,85.4335,India,IN,IND,Jhārkhand,Jharkhand,IN-JH,state,,525.7,339,339,3,Asia/Kolkata,FALSE,1356253960
Burhighara,Burhighara,,21.4665,85.5145,India,IN,IND,Odisha,Odisha,IN-OR,state,,76.0,339,339,4,Asia/Kolkata,FALSE,1356209791
Tirla,Tirla,,22.8365,85.3397,India,IN,IND,Jhārkhand,Jharkhand,IN-JH,state,,244.2,339,339,3,Asia/Kolkata,TRUE,1356177441
Pathānsāhi,Pathansahi,,20.4635,85.0700,India,IN,IND,Odisha,Odisha,IN-OR,state,,252.4,339,339,3,Asia/Kolkata,FALSE,1356243577
Bilaighāti,Bilaighati,,21.5620,84.5900,India,IN,IND,Odisha,Odisha,IN-OR,state,,113.2,339,339,4,Asia/Kolkata,FALSE,1356261673
Simara,Simara,,24.7051,80.9386,India,IN,IND,Madhya Pradesh,Madhya Pradesh,IN-MP,state,,281.0,339,339,3,Asia/Kolkata,FALSE,1356892261
Mandalkurve,Mandalkurve,,14.2751,74.4837,India,IN,IND,Karnātaka,Karnataka,IN-KA,state,,255.9,339,339,3,Asia/Kolkata,FALSE,1356647216
Deopura,Deopura,,24.7344,78.9247,India,IN,IND,Madhya Pradesh,Madhya Pradesh,IN-MP,state,,323.2,339,339,3,Asia/Kolkata,FALSE,1356844976
Rusalli,Rusalli,,24.3592,77.9429,India,IN,IND,Madhya Pradesh,Madhya Pradesh,IN-MP,state,,329.3,339,339,3,Asia/Kolkata,FALSE,1356824922
Mamārpati,Mamarpati,,23.8933,80.1366,India,IN,IND,Madhya Pradesh,Madhya Pradesh,IN-MP,state,,177.8,339,339,4,Asia/Kolkata,FALSE,1356422371
Berāsāi,Berasai,,22.5700,85.5337,India,IN,IND,Jhārkhand,Jharkhand,IN-JH,state,,108.2,339,339,4,Asia/Kolkata,FALSE,1356206886
Bhat Bigha,Bhat Bigha,,24.3981,84.5142,India,IN,IND,Bihār,Bihar,IN-BR,state,,383.0,339,339,3,Asia/Kolkata,TRUE,1356933952
Chandraghatgi,Chandraghatgi,,14.2916,74.8047,India,IN,IND,Karnātaka,Karnataka,IN-KA,state,,116.3,339,339,4,Asia/Kolkata,FALSE,1356415313
Ghaghāri,Ghaghari,,22.9344,85.2524,India,IN,IND,Jhārkhand,Jharkhand,IN-JH,state,,254.7,339,339,3,Asia/Kolkata,TRUE,1356182665
Bendanakuppam,Bendanakuppam,,12.8983,78.3547,India,IN,IND,Andhra Pradesh,Andhra Pradesh,IN-AP,state,,375.0,339,339,3,Asia/Kolkata,FALSE,1356526609
Māligūda,Maliguda,,18.5310,82.3914,India,IN,IND,Odisha,Odisha,IN-OR,state,,103.5,339,339,4,Asia/Kolkata,TRUE,1356127297
Nibhora,Nibhora,,22.7706,78.9821,India,IN,IND,Madhya Pradesh,Madhya Pradesh,IN-MP,state,,341.1,339,339,3,Asia/Kolkata,TRUE,1356049651
Kāchpāju,Kachpaju,,20.4830,84.5350,India,IN,IND,Odisha,Odisha,IN-OR,state,,133.5,339,339,4,Asia/Kolkata,FALSE,1356230647
Chhirgaon,Chhirgaon,,22.3428,76.9772,India,IN,IND,Madhya Pradesh,Madhya Pradesh,IN-MP,state,,188.5,339,339,4,Asia/Kolkata,FALSE,1356054565
Khajuribāhāl,Khajuribahal,,21.6895,84.9130,India,IN,IND,Odisha,Odisha,IN-OR,state,,221.2,339,339,3,Asia/Kolkata,FALSE,1356232310
Phutera,Phutera,,24.3382,77.8157,India,IN,IND,Madhya Pradesh,Madhya Pradesh,IN-MP,state,,369.9,339,339,3,Asia/Kolkata,TRUE,1356032369
Kachhār Dhangaur,Kachhar Dhangaur,,23.3802,79.5029,India,IN,IND,Madhya Pradesh,Madhya Pradesh,IN-MP,state,,126.8,339,339,4,Asia/Kolkata,FALSE,1356516773
Bāndipur Barheta,Bandipur Barheta,,25.2054,84.8384,India,IN,IND,Bihār,Bihar,IN-BR,state,,1234.2,339,339,3,Asia/Kolkata,FALSE,1356026174
Berkheri,Berkheri,,24.4111,77.5089,India,IN,IND,Madhya Pradesh,Madhya Pradesh,IN-MP,state,,247.9,339,339,3,Asia/Kolkata,TRUE,1356727677
Hidava,Hidava,,12.8718,76.8487,India,IN,IND,Karnātaka,Karnataka,IN-KA,state,,190.5,339,339,4,Asia/Kolkata,FALSE,1356137858
Bhīmasandra,Bhimasandra,,12.6841,77.4601,India,IN,IND,Karnātaka,Karnataka,IN-KA,state,,249.8,339,339,3,Asia/Kolkata,TRUE,1356106443
Mahgawān,Mahgawan,,23.2636,78.5306,India,IN,IND,Madhya Pradesh,Madhya Pradesh,IN-MP,state,,148.6,339,339,4,Asia/Kolkata,TRUE,1356674739
Barnāla Khurd,Barnala Khurd,,31.0475,76.0780,India,IN,IND,Punjab,Punjab,IN-PB,state,,531.3,339,339,3,Asia/Kolkata,FALSE,1356874389
Tāllapalli,Tallapalli,,13.9873,79.6374,India,IN,IND,Andhra Pradesh,Andhra Pradesh,IN-AP,state,,231.9,339,339,3,Asia/Kolkata,TRUE,1356127697
Budnur,Budnur,,12.7428,75.9431,India,IN,IND,Karnātaka,Karnataka,IN-KA,state,,209.2,339,339,3,Asia/Kolkata,TRUE,1356022492
Kudāhatu,Kudahatu,,23.0835,85.3906,India,IN,IND,Jhārkhand,Jharkhand,IN-JH,state,,318.5,339,339,3,Asia/Kolkata,TRUE,1356178844
Kurukachenahalli,Kurukachenahalli,,13.5896,77.9849,India,IN,IND,Karnātaka,Karnataka,IN-KA,state,,348.1,339,339,3,Asia/Kolkata,FALSE,1356699309
Barjo,Barjo,,22.7081,85.0810,India,IN,IND,Jhārkhand,Jharkhand,IN-JH,state,,194.6,339,339,4,Asia/Kolkata,TRUE,1356180007
Borehalli,Borehalli,,12.8438,77.3581,India,IN,IND,Karnātaka,Karnataka,IN-KA,state,,467.8,339,339,3,Asia/Kolkata,FALSE,1356452809
Tantichira,Tantichira,,20.6412,85.2404,India,IN,IND,Odisha,Odisha,IN-OR,state,,246.4,339,339,3,Asia/Kolkata,FALSE,1356246531
Tummigūda,Tummiguda,,18.4166,83.0324,India,IN,IND,Odisha,Odisha,IN-OR,state,,151.0,339,339,4,Asia/Kolkata,TRUE,1356153124
Shāhidpur,Shahidpur,,32.1710,75.5323,India,IN,IND,Punjab,Punjab,IN-PB,state,,964.4,339,339,3,Asia/Kolkata,FALSE,1356051517
Sāwajpāni,Sawajpani,,21.6356,79.1264,India,IN,IND,Madhya Pradesh,Madhya Pradesh,IN-MP,state,,159.8,339,339,4,Asia/Kolkata,FALSE,1356686420
Anantpur,Anantpur,,24.4003,84.6335,India,IN,IND,Bihār,Bihar,IN-BR,state,,1133.8,339,339,3,Asia/Kolkata,TRUE,1356024706
Salaguda,Salaguda,,19.7558,83.7294,India,IN,IND,Odisha,Odisha,IN-OR,state,,60.0,339,339,4,Asia/Kolkata,TRUE,1356020689
Pipra,Pipra,,24.4754,87.5539,India,IN,IND,Jhārkhand,Jharkhand,IN-JH,state,,171.0,339,339,4,Asia/Kolkata,TRUE,1356103561
Basaimalak,Basaimalak,,26.0898,78.6513,India,IN,IND,Madhya Pradesh,Madhya Pradesh,IN-MP,state,,320.3,339,339,3,Asia/Kolkata,FALSE,1356844445
Putari,Putari,,24.6038,81.3332,India,IN,IND,Madhya Pradesh,Madhya Pradesh,IN-MP,state,,691.6,339,339,3,Asia/Kolkata,FALSE,1356421082
Kadyāla,Kadyala,,32.3856,75.2760,India,IN,IND,Jammu and Kashmīr,Jammu and Kashmir,IN-JK,state,,323.6,339,339,3,Asia/Kolkata,FALSE,1356610080
Narwār,Narwar,,26.2535,84.8307,India,IN,IND,Bihār,Bihar,IN-BR,state,,1025.8,339,339,3,Asia/Kolkata,TRUE,1356360423
Artī,Arti,,24.6465,84.2621,India,IN,IND,Bihār,Bihar,IN-BR,state,,864.5,339,339,3,Asia/Kolkata,FALSE,1356439044
Anandpur,Anandpur,,24.5737,77.3638,India,IN,IND,Madhya Pradesh,Madhya Pradesh,IN-MP,state,,285.6,339,339,3,Asia/Kolkata,TRUE,1356400353
Gājanpur,Gajanpur,,22.7234,78.0007,India,IN,IND,Madhya Pradesh,Madhya Pradesh,IN-MP,state,,277.5,339,339,3,Asia/Kolkata,FALSE,1356681775
Kālāsimili,Kalasimili,,20.3931,85.0076,India,IN,IND,Odisha,Odisha,IN-OR,state,,81.8,339,339,4,Asia/Kolkata,FALSE,1356247603
Mirzādpur,Mirzadpur,,25.7006,87.9221,India,IN,IND,Bihār,Bihar,IN-BR,state,,1260.2,339,339,3,Asia/Kolkata,TRUE,1356137711
Malgo,Malgo,,24.0507,84.5787,India,IN,IND,Jhārkhand,Jharkhand,IN-JH,state,,421.4,339,339,3,Asia/Kolkata,FALSE,1356085319
Shafīpura,Shafipura,,30.9368,75.4677,India,IN,IND,Punjab,Punjab,IN-PB,state,,486.3,339,339,3,Asia/Kolkata,FALSE,1356287137
Katepalli,Katepalli,,19.0635,79.8040,India,IN,IND,Telangāna,Telangana,IN-TG,state,,68.5,339,339,4,Asia/Kolkata,TRUE,1356748500
Banpurā,Banpura,,24.2745,85.6318,India,IN,IND,Jhārkhand,Jharkhand,IN-JH,state,,567.9,339,339,3,Asia/Kolkata,TRUE,1356157739
Rangenahalli,Rangenahalli,,13.5447,78.0145,India,IN,IND,Karnātaka,Karnataka,IN-KA,state,,348.1,339,339,3,Asia/Kolkata,FALSE,1356113299
Harshankri,Harshankri,,26.1475,86.4435,India,IN,IND,Bihār,Bihar,IN-BR,state,,1471.5,339,339,3,Asia/Kolkata,FALSE,1356954312
Dāsaguda,Dasaguda,,20.2635,84.2859,India,IN,IND,Odisha,Odisha,IN-OR,state,,161.1,339,339,4,Asia/Kolkata,FALSE,1356261405
Bhāne Khāp,Bhane Khap,,24.5481,85.4979,India,IN,IND,Bihār,Bihar,IN-BR,state,,508.7,339,339,3,Asia/Kolkata,FALSE,1356919813
Tengagōm,Tengagom,,33.6552,74.9102,India,IN,IND,Jammu and Kashmīr,Jammu and Kashmir,IN-JK,state,,896.4,339,339,3,Asia/Kolkata,FALSE,1356793016
Khamkhua,Khamkhua,,23.2985,78.5758,India,IN,IND,Madhya Pradesh,Madhya Pradesh,IN-MP,state,,148.6,339,339,4,Asia/Kolkata,FALSE,1356709469
Sonbād,Sonbad,,24.3934,85.9048,India,IN,IND,Jhārkhand,Jharkhand,IN-JH,state,,931.8,339,339,3,Asia/Kolkata,FALSE,1356253456
Onharkocha,Onharkocha,,22.6075,85.2176,India,IN,IND,Jhārkhand,Jharkhand,IN-JH,state,,190.8,339,339,4,Asia/Kolkata,FALSE,1356178322
Reddihalli,Reddihalli,,13.5515,77.8160,India,IN,IND,Karnātaka,Karnataka,IN-KA,state,,335.6,339,339,3,Asia/Kolkata,FALSE,1356737557
Ulgarā,Ulgara,,23.0719,84.9779,India,IN,IND,Jhārkhand,Jharkhand,IN-JH,state,,247.0,339,339,3,Asia/Kolkata,TRUE,1356208399
Hirāloi,Hiraloi,,21.3198,84.3093,India,IN,IND,Odisha,Odisha,IN-OR,state,,75.2,339,339,4,Asia/Kolkata,FALSE,1356256814
Barri,Barri,,24.1985,77.9678,India,IN,IND,Madhya Pradesh,Madhya Pradesh,IN-MP,state,,331.1,339,339,3,Asia/Kolkata,TRUE,1356534473
Karar,Karar,,31.7638,76.9882,India,IN,IND,Himāchal Pradesh,Himachal Pradesh,IN-HP,state,,243.9,339,339,3,Asia/Kolkata,FALSE,1356073726
Chāndpur,Chandpur,,25.2049,86.5655,India,IN,IND,Bihār,Bihar,IN-BR,state,,797.2,339,339,3,Asia/Kolkata,TRUE,1356521400
Bandha,Bandha,,24.8620,76.9460,India,IN,IND,Madhya Pradesh,Madhya Pradesh,IN-MP,state,,133.5,339,339,4,Asia/Kolkata,TRUE,1356024703
Topkocha,Topkocha,,22.6769,85.7214,India,IN,IND,Jhārkhand,Jharkhand,IN-JH,state,,490.5,339,339,3,Asia/Kolkata,FALSE,1356207956
Kadbūr,Kadbur,,11.7102,76.8198,India,IN,IND,Karnātaka,Karnataka,IN-KA,state,,170.6,339,339,4,Asia/Kolkata,FALSE,1356168410
Jairāgi,Jairagi,,23.2038,84.4130,India,IN,IND,Jhārkhand,Jharkhand,IN-JH,state,,433.0,339,339,3,Asia/Kolkata,FALSE,1356192060
Malāpanhalli,Malapanhalli,,13.4618,76.1333,India,IN,IND,Karnātaka,Karnataka,IN-KA,state,,205.0,339,339,3,Asia/Kolkata,FALSE,1356113928
Jagannathapuram,Jagannathapuram,,17.2372,80.7899,India,IN,IND,Telangāna,Telangana,IN-TG,state,,325.4,339,339,3,Asia/Kolkata,FALSE,1356623692
Dularja,Dularja,,34.1086,73.9290,India,IN,IND,Jammu and Kashmīr,Jammu and Kashmir,IN-JK,state,,166.7,339,339,4,Asia/Kolkata,FALSE,1356154161
Devabālu,Devabalu,,14.0480,75.5068,India,IN,IND,Karnātaka,Karnataka,IN-KA,state,,486.2,339,339,3,Asia/Kolkata,FALSE,1356812981
Telodih,Telodih,,24.4562,85.9364,India,IN,IND,Jhārkhand,Jharkhand,IN-JH,state,,931.8,339,339,3,Asia/Kolkata,TRUE,1356254158
Dobhī,Dobhi,,22.9295,80.6073,India,IN,IND,Madhya Pradesh,Madhya Pradesh,IN-MP,state,,108.0,339,339,4,Asia/Kolkata,TRUE,1356398003
Roppa,Roppa,,19.1244,83.3471,India,IN,IND,Odisha,Odisha,IN-OR,state,,332.2,337,337,3,Asia/Kolkata,FALSE,1356061870
Arjunpur Suklān,Arjunpur Suklan,,24.7772,82.0405,India,IN,IND,Madhya Pradesh,Madhya Pradesh,IN-MP,state,,289.0,337,337,3,Asia/Kolkata,FALSE,1356819705
Tikaria,Tikaria,,23.3542,79.0100,India,IN,IND,Madhya Pradesh,Madhya Pradesh,IN-MP,state,,218.4,337,337,3,Asia/Kolkata,TRUE,1356701898
Konda Lingamparti,Konda Lingamparti,,17.4113,82.2049,India,IN,IND,Andhra Pradesh,Andhra Pradesh,IN-AP,state,,68.5,337,337,4,Asia/Kolkata,FALSE,1356550882
Bāligaon,Baligaon,,27.6516,94.6752,India,IN,IND,Assam,Assam,IN-AS,state,,19.7,337,337,4,Asia/Kolkata,FALSE,1356942342
Ajnai,Ajnai,,22.4961,77.0799,India,IN,IND,Madhya Pradesh,Madhya Pradesh,IN-MP,state,,138.3,337,337,4,Asia/Kolkata,TRUE,1356701483
Piprādih,Pipradih,,24.5809,86.1497,India,IN,IND,Bihār,Bihar,IN-BR,state,,436.1,337,337,3,Asia/Kolkata,TRUE,1356247072
Badhaigarh,Badhaigarh,,23.2497,80.5555,India,IN,IND,Madhya Pradesh,Madhya Pradesh,IN-MP,state,,867.0,337,337,3,Asia/Kolkata,FALSE,1356422716
Kukurūnjā,Kukurunja,,23.0628,84.4458,India,IN,IND,Jhārkhand,Jharkhand,IN-JH,state,,200.3,337,337,3,Asia/Kolkata,FALSE,1356191393
Āmjhari,Amjhari,,20.9274,84.2446,India,IN,IND,Odisha,Odisha,IN-OR,state,,71.2,337,337,4,Asia/Kolkata,TRUE,1356234200
Katai,Katai,,24.1627,80.2802,India,IN,IND,Madhya Pradesh,Madhya Pradesh,IN-MP,state,,121.0,337,337,4,Asia/Kolkata,TRUE,1356089926
Mādhopura,Madhopura,,24.0171,77.1724,India,IN,IND,Madhya Pradesh,Madhya Pradesh,IN-MP,state,,366.8,337,337,3,Asia/Kolkata,TRUE,1356088529
Kurumpuram,Kurumpuram,,12.2108,79.8878,India,IN,IND,Tamil Nādu,Tamil Nadu,IN-TN,state,,533.0,337,337,3,Asia/Kolkata,FALSE,1356010352
Rāmpur Gopāl,Rampur Gopal,,26.3727,84.9966,India,IN,IND,Bihār,Bihar,IN-BR,state,,1445.7,337,337,3,Asia/Kolkata,FALSE,1356075662
Heruru,Heruru,,14.8110,76.7711,India,IN,IND,Karnātaka,Karnataka,IN-KA,state,,206.1,337,337,3,Asia/Kolkata,FALSE,1356658804
Gajna,Gajna,,22.9828,79.8468,India,IN,IND,Madhya Pradesh,Madhya Pradesh,IN-MP,state,,1317.7,337,337,3,Asia/Kolkata,FALSE,1356171802
Balnāi,Balnai,,24.6232,77.6350,India,IN,IND,Madhya Pradesh,Madhya Pradesh,IN-MP,state,,276.3,337,337,3,Asia/Kolkata,FALSE,1356071486
Khairdihi,Khairdihi,,21.5866,84.3033,India,IN,IND,Odisha,Odisha,IN-OR,state,,140.4,337,337,4,Asia/Kolkata,TRUE,1356251720
Balarāmpur,Balarampur,,20.6953,84.4095,India,IN,IND,Odisha,Odisha,IN-OR,state,,202.1,337,337,3,Asia/Kolkata,TRUE,1356262003
Tangar,Tangar,,33.2044,75.1290,India,IN,IND,Jammu and Kashmīr,Jammu and Kashmir,IN-JK,state,,227.7,337,337,3,Asia/Kolkata,FALSE,1356414901
Khudādih,Khudadih,,22.9723,85.9550,India,IN,IND,Jhārkhand,Jharkhand,IN-JH,state,,519.5,337,337,3,Asia/Kolkata,FALSE,1356231813
Chagi,Chagi,,13.4371,77.8667,India,IN,IND,Karnātaka,Karnataka,IN-KA,state,,331.9,337,337,3,Asia/Kolkata,FALSE,1356447020
Pānājhiri,Panajhiri,,21.5708,78.2374,India,IN,IND,Madhya Pradesh,Madhya Pradesh,IN-MP,state,,170.1,337,337,4,Asia/Kolkata,FALSE,1356203330
Simaria,Simaria,,24.3899,85.9274,India,IN,IND,Jhārkhand,Jharkhand,IN-JH,state,,931.8,337,337,3,Asia/Kolkata,FALSE,1356258794
Khurchanya Khurd,Khurchanya Khurd,,23.9884,76.6330,India,IN,IND,Madhya Pradesh,Madhya Pradesh,IN-MP,state,,193.4,337,337,4,Asia/Kolkata,FALSE,1356557867
Kandiyamadai,Kandiyamadai,,11.8993,79.4354,India,IN,IND,Tamil Nādu,Tamil Nadu,IN-TN,state,,918.7,337,337,3,Asia/Kolkata,FALSE,1356206644
Thākurpāra,Thakurpara,,20.9098,84.2605,India,IN,IND,Odisha,Odisha,IN-OR,state,,71.2,337,337,4,Asia/Kolkata,TRUE,1356262478
Gādarwara,Gadarwara,,23.2935,78.3455,India,IN,IND,Madhya Pradesh,Madhya Pradesh,IN-MP,state,,148.6,337,337,4,Asia/Kolkata,TRUE,1356715957
Bargana,Bargana,,22.4238,76.0632,India,IN,IND,Madhya Pradesh,Madhya Pradesh,IN-MP,state,,218.4,337,337,3,Asia/Kolkata,FALSE,1356903915
Musanga,Musanga,,23.0504,85.5564,India,IN,IND,Jhārkhand,Jharkhand,IN-JH,state,,295.9,337,337,3,Asia/Kolkata,FALSE,1356189951
Tilaia,Tilaia,,24.2462,86.1555,India,IN,IND,Jhārkhand,Jharkhand,IN-JH,state,,1006.7,337,337,3,Asia/Kolkata,FALSE,1356248880
Bhitrigarh,Bhitrigarh,,23.6170,80.4151,India,IN,IND,Madhya Pradesh,Madhya Pradesh,IN-MP,state,,493.1,337,337,3,Asia/Kolkata,FALSE,1356667220
Myādarahalli,Myadarahalli,,12.9556,76.0499,India,IN,IND,Karnātaka,Karnataka,IN-KA,state,,423.4,337,337,3,Asia/Kolkata,FALSE,1356789688
Derigunda,Derigunda,,20.3861,84.2134,India,IN,IND,Odisha,Odisha,IN-OR,state,,77.3,337,337,4,Asia/Kolkata,FALSE,1356262659
Noādihi,Noadihi,,22.7185,85.8641,India,IN,IND,Jhārkhand,Jharkhand,IN-JH,state,,447.4,337,337,3,Asia/Kolkata,FALSE,1356259833
Champatpur,Champatpur,,24.9686,80.3990,India,IN,IND,Madhya Pradesh,Madhya Pradesh,IN-MP,state,,279.4,337,337,3,Asia/Kolkata,FALSE,1356695372
Gatti Ajāib Singhwāli,Gatti Ajaib Singhwali,,30.6891,74.2332,India,IN,IND,Punjab,Punjab,IN-PB,state,,399.0,337,337,3,Asia/Kolkata,FALSE,1356215248
Semarka,Semarka,,24.8321,86.4946,India,IN,IND,Bihār,Bihar,IN-BR,state,,753.7,337,337,3,Asia/Kolkata,FALSE,1356256860
Patanpur,Patanpur,,24.2115,86.9826,India,IN,IND,Jhārkhand,Jharkhand,IN-JH,state,,665.2,337,337,3,Asia/Kolkata,FALSE,1356189280
Sikandarpur,Sikandarpur,,30.7377,76.4786,India,IN,IND,Punjab,Punjab,IN-PB,state,,540.0,337,337,3,Asia/Kolkata,FALSE,1356934267
Belpadar,Belpadar,,20.5025,84.1326,India,IN,IND,Odisha,Odisha,IN-OR,state,,77.3,337,337,4,Asia/Kolkata,TRUE,1356238056
Kundanālapādu,Kundanalapadu,,14.0138,79.6326,India,IN,IND,Andhra Pradesh,Andhra Pradesh,IN-AP,state,,306.0,337,337,3,Asia/Kolkata,FALSE,1356067229
Dabra,Dabra,,25.0647,87.4572,India,IN,IND,Jhārkhand,Jharkhand,IN-JH,state,,410.9,337,337,3,Asia/Kolkata,TRUE,1356575656
Togralli,Togralli,,14.7686,74.9516,India,IN,IND,Karnātaka,Karnataka,IN-KA,state,,196.9,337,337,4,Asia/Kolkata,FALSE,1356443695
Ledimahul,Ledimahul,,21.5485,84.2922,India,IN,IND,Odisha,Odisha,IN-OR,state,,101.4,337,337,4,Asia/Kolkata,FALSE,1356251730
Joledihi,Joledihi,,21.7203,84.5174,India,IN,IND,Odisha,Odisha,IN-OR,state,,169.2,337,337,4,Asia/Kolkata,FALSE,1356261079
Dundidīh,Dundidih,,23.1732,85.3296,India,IN,IND,Jhārkhand,Jharkhand,IN-JH,state,,339.0,337,337,3,Asia/Kolkata,FALSE,1356183222
Īshwarkheri,Ishwarkheri,,24.4901,77.5824,India,IN,IND,Madhya Pradesh,Madhya Pradesh,IN-MP,state,,369.9,337,337,3,Asia/Kolkata,TRUE,1356060365
Naiziān,Naizian,,31.6014,75.8613,India,IN,IND,Punjab,Punjab,IN-PB,state,,557.9,337,337,3,Asia/Kolkata,FALSE,1356098796
Krushnāpāli,Krushnapali,,20.7717,84.2015,India,IN,IND,Odisha,Odisha,IN-OR,state,,225.5,337,337,3,Asia/Kolkata,TRUE,1356231367
Pāthapalli,Pathapalli,,13.3565,78.1626,India,IN,IND,Karnātaka,Karnataka,IN-KA,state,,244.7,337,337,3,Asia/Kolkata,FALSE,1356315461
Ketrusingha,Ketrusingha,,24.3582,85.8011,India,IN,IND,Jhārkhand,Jharkhand,IN-JH,state,,361.1,337,337,3,Asia/Kolkata,FALSE,1356257099
Jāmanjhiri,Jamanjhiri,,22.3808,75.6067,India,IN,IND,Madhya Pradesh,Madhya Pradesh,IN-MP,state,,401.1,337,337,3,Asia/Kolkata,FALSE,1356544922
Kāmdebpur,Kamdebpur,,24.1092,87.7916,India,IN,IND,West Bengal,West Bengal,IN-WB,state,,757.8,337,337,3,Asia/Kolkata,TRUE,1356875100
Jamunia,Jamunia,,23.2759,80.2147,India,IN,IND,Madhya Pradesh,Madhya Pradesh,IN-MP,state,,419.5,337,337,3,Asia/Kolkata,TRUE,1356783478
Ghāzipur,Ghazipur,,25.2971,85.6631,India,IN,IND,Bihār,Bihar,IN-BR,state,,980.7,337,337,3,Asia/Kolkata,TRUE,1356980834
Silwāra Khurd,Silwara Khurd,,24.5575,78.0370,India,IN,IND,Madhya Pradesh,Madhya Pradesh,IN-MP,state,,167.6,337,337,4,Asia/Kolkata,FALSE,1356171539
Kūpgarh,Kupgarh,,24.8303,78.0093,India,IN,IND,Madhya Pradesh,Madhya Pradesh,IN-MP,state,,139.5,337,337,4,Asia/Kolkata,FALSE,1356023863
Kārehalli,Karehalli,,13.7713,77.1901,India,IN,IND,Karnātaka,Karnataka,IN-KA,state,,248.8,337,337,3,Asia/Kolkata,TRUE,1356651921
Natta,Natta,,13.0464,78.3149,India,IN,IND,Karnātaka,Karnataka,IN-KA,state,,570.8,337,337,3,Asia/Kolkata,FALSE,1356970532
Gobindīpur,Gobindipur,,25.0256,83.5075,India,IN,IND,Bihār,Bihar,IN-BR,state,,460.0,337,337,3,Asia/Kolkata,FALSE,1356051056
Nimrā,Nimra,,23.1750,84.7973,India,IN,IND,Jhārkhand,Jharkhand,IN-JH,state,,357.0,337,337,3,Asia/Kolkata,FALSE,1356210160
Nihālewāla,Nihalewala,,30.9378,74.5069,India,IN,IND,Punjab,Punjab,IN-PB,state,,477.4,337,337,3,Asia/Kolkata,FALSE,1356138919
Gujar,Gujar,,24.8623,80.3466,India,IN,IND,Madhya Pradesh,Madhya Pradesh,IN-MP,state,,279.4,337,337,3,Asia/Kolkata,FALSE,1356333331
Singanagūdem,Singanagudem,,17.7716,81.3506,India,IN,IND,Telangāna,Telangana,IN-TG,state,,39.7,337,337,4,Asia/Kolkata,TRUE,1356548578
Chitrattihalli,Chitrattihalli,,14.4150,75.0830,India,IN,IND,Karnātaka,Karnataka,IN-KA,state,,197.8,337,337,4,Asia/Kolkata,FALSE,1356061847
Langriān,Langrian,,31.0921,75.7393,India,IN,IND,Punjab,Punjab,IN-PB,state,,596.0,337,337,3,Asia/Kolkata,FALSE,1356252705
Khāpa,Khapa,,23.5392,79.2547,India,IN,IND,Madhya Pradesh,Madhya Pradesh,IN-MP,state,,232.9,337,337,3,Asia/Kolkata,TRUE,1356594872
Imaliya,Imaliya,,23.9824,78.0072,India,IN,IND,Madhya Pradesh,Madhya Pradesh,IN-MP,state,,335.5,337,337,3,Asia/Kolkata,TRUE,1356997973
Pipritānr,Pipritanr,,24.4167,86.3240,India,IN,IND,Bihār,Bihar,IN-BR,state,,471.4,337,337,3,Asia/Kolkata,FALSE,1356178348
Dumra,Dumra,,25.0756,87.3571,India,IN,IND,Jhārkhand,Jharkhand,IN-JH,state,,410.9,337,337,3,Asia/Kolkata,TRUE,1356121807
Burudīh,Burudih,,23.1576,85.6384,India,IN,IND,Jhārkhand,Jharkhand,IN-JH,state,,398.5,337,337,3,Asia/Kolkata,TRUE,1356184560
Pudakalahalli,Pudakalahalli,,14.3154,76.1133,India,IN,IND,Karnātaka,Karnataka,IN-KA,state,,721.9,337,337,3,Asia/Kolkata,FALSE,1356387610
Pali,Pali,,26.7025,78.2922,India,IN,IND,Madhya Pradesh,Madhya Pradesh,IN-MP,state,,547.4,337,337,3,Asia/Kolkata,TRUE,1356013341
Koenjāli,Koenjali,,22.8529,84.6773,India,IN,IND,Jhārkhand,Jharkhand,IN-JH,state,,157.6,337,337,4,Asia/Kolkata,FALSE,1356198574
Chandalāpura,Chandalapura,,13.3168,76.3122,India,IN,IND,Karnātaka,Karnataka,IN-KA,state,,272.6,337,337,3,Asia/Kolkata,FALSE,1356330615
Rabluto,Rabluto,Ramlata|Rabluta,33.5008,74.2150,India,IN,IND,Jammu and Kashmīr,Jammu and Kashmir,IN-JK,state,,797.4,337,337,3,Asia/Kolkata,FALSE,1356018690
Bhatri,Bhatri,,33.0825,75.5581,India,IN,IND,Jammu and Kashmīr,Jammu and Kashmir,IN-JK,state,,321.0,337,337,3,Asia/Kolkata,FALSE,1356122260
Kālkālgutu,Kalkalgutu,,22.0702,85.9025,India,IN,IND,Jhārkhand,Jharkhand,IN-JH,state,,273.8,337,337,3,Asia/Kolkata,FALSE,1356227938
Putariha,Putariha,,24.8504,81.1523,India,IN,IND,Madhya Pradesh,Madhya Pradesh,IN-MP,state,,531.8,337,337,3,Asia/Kolkata,FALSE,1356998322
Hīrāpur,Hirapur,,25.2900,77.6816,India,IN,IND,Madhya Pradesh,Madhya Pradesh,IN-MP,state,,160.8,336,336,4,Asia/Kolkata,TRUE,1356574552
Tiyāli,Tiyali,,18.7865,83.7396,India,IN,IND,Andhra Pradesh,Andhra Pradesh,IN-AP,state,,101.4,336,336,4,Asia/Kolkata,FALSE,1356484606
Sonhatti,Sonhatti,,15.9469,74.5487,India,IN,IND,Karnātaka,Karnataka,IN-KA,state,,990.3,336,336,3,Asia/Kolkata,FALSE,1356094740
Ramainpur,Ramainpur,,11.7314,76.8448,India,IN,IND,Karnātaka,Karnataka,IN-KA,state,,305.2,336,336,3,Asia/Kolkata,FALSE,1356595690
Bhewānri,Bhewanri,,24.7536,84.6143,India,IN,IND,Bihār,Bihar,IN-BR,state,,960.1,336,336,3,Asia/Kolkata,FALSE,1356291026
Deheripāli,Deheripali,,21.1285,83.4060,India,IN,IND,Odisha,Odisha,IN-OR,state,,367.2,336,336,3,Asia/Kolkata,TRUE,1356196232
Dānti,Danti,,24.7811,85.7497,India,IN,IND,Bihār,Bihar,IN-BR,state,,287.4,336,336,3,Asia/Kolkata,TRUE,1356229577
Kittalamba,Kittalamba,,19.0427,83.5031,India,IN,IND,Andhra Pradesh,Andhra Pradesh,IN-AP,state,,171.8,336,336,4,Asia/Kolkata,FALSE,1356120442
Lasiān,Lasian,,32.2077,75.3493,India,IN,IND,Punjab,Punjab,IN-PB,state,,599.6,336,336,3,Asia/Kolkata,FALSE,1356287175
Purenābaksi,Purenabaksi,,24.1142,79.6103,India,IN,IND,Madhya Pradesh,Madhya Pradesh,IN-MP,state,,140.4,336,336,4,Asia/Kolkata,FALSE,1356420462
Hikkallu,Hikkallu,,13.3303,77.2456,India,IN,IND,Karnātaka,Karnataka,IN-KA,state,,597.9,336,336,3,Asia/Kolkata,FALSE,1356309253
Nārgod,Nargod,,14.1795,75.1221,India,IN,IND,Karnātaka,Karnataka,IN-KA,state,,115.4,336,336,4,Asia/Kolkata,FALSE,1356992828
Nonaura,Nonaura,,25.3937,84.2545,India,IN,IND,Bihār,Bihar,IN-BR,state,,1535.5,336,336,3,Asia/Kolkata,FALSE,1356963012
Kāramaradi,Karamaradi,,13.6714,77.2119,India,IN,IND,Karnātaka,Karnataka,IN-KA,state,,248.8,336,336,3,Asia/Kolkata,FALSE,1356590645
Sāranga,Saranga,,22.4473,85.1497,India,IN,IND,Jhārkhand,Jharkhand,IN-JH,state,,219.1,336,336,3,Asia/Kolkata,FALSE,1356200513
Muddenhalli,Muddenhalli,,13.3296,77.7780,India,IN,IND,Karnātaka,Karnataka,IN-KA,state,,483.0,336,336,3,Asia/Kolkata,TRUE,1356928349
Silāpāt,Silapat,,23.2495,85.1877,India,IN,IND,Jhārkhand,Jharkhand,IN-JH,state,,255.9,336,336,3,Asia/Kolkata,FALSE,1356176340
Taranda,Taranda,,20.6998,84.7058,India,IN,IND,Odisha,Odisha,IN-OR,state,,95.3,336,336,4,Asia/Kolkata,TRUE,1356235912
Sankalakot,Sankalakot,,19.0247,83.9961,India,IN,IND,Odisha,Odisha,IN-OR,state,,147.2,336,336,4,Asia/Kolkata,FALSE,1356127904
Nabīpur,Nabipur,,25.9319,87.9580,India,IN,IND,West Bengal,West Bengal,IN-WB,state,,967.8,336,336,3,Asia/Kolkata,FALSE,1356032260
Bhontiya,Bhontiya,,23.0545,79.6849,India,IN,IND,Madhya Pradesh,Madhya Pradesh,IN-MP,state,,300.2,336,336,3,Asia/Kolkata,FALSE,1356149144
Masnabahāl,Masnabahal,,21.2197,83.4280,India,IN,IND,Odisha,Odisha,IN-OR,state,,259.2,336,336,3,Asia/Kolkata,FALSE,1356087850
Periyakottagam,Periyakottagam,,11.2433,79.5393,India,IN,IND,Tamil Nādu,Tamil Nadu,IN-TN,state,,696.6,336,336,3,Asia/Kolkata,FALSE,1356242072
Jindānwāla,Jindanwala,,31.2082,74.9049,India,IN,IND,Punjab,Punjab,IN-PB,state,,421.3,336,336,3,Asia/Kolkata,FALSE,1356762091
Kundilwa,Kundilwa,,24.5961,84.9127,India,IN,IND,Bihār,Bihar,IN-BR,state,,1519.9,336,336,3,Asia/Kolkata,FALSE,1356806565
Pūdedu,Pudedu,,17.5218,82.3100,India,IN,IND,Andhra Pradesh,Andhra Pradesh,IN-AP,state,,77.3,336,336,4,Asia/Kolkata,FALSE,1356171028
Hering,Hering,,23.6444,85.2036,India,IN,IND,Jhārkhand,Jharkhand,IN-JH,state,,358.9,336,336,3,Asia/Kolkata,FALSE,1356194798
Jhakhrī,Jhakhri,,24.5842,84.3185,India,IN,IND,Bihār,Bihar,IN-BR,state,,864.5,336,336,3,Asia/Kolkata,FALSE,1356078124
Hasaulī Az Raqbe,Hasauli Az Raqbe,,24.7293,84.4121,India,IN,IND,Bihār,Bihar,IN-BR,state,,619.4,336,336,3,Asia/Kolkata,FALSE,1356147074
Hāthipahul,Hathipahul,,21.0712,83.9128,India,IN,IND,Odisha,Odisha,IN-OR,state,,136.0,336,336,4,Asia/Kolkata,FALSE,1356346644
Tuttiyendal,Tuttiyendal,,9.6023,78.8950,India,IN,IND,Tamil Nādu,Tamil Nadu,IN-TN,state,,309.5,336,336,3,Asia/Kolkata,FALSE,1356239044
Siddāpura,Siddapura,,14.1406,75.4674,India,IN,IND,Karnātaka,Karnataka,IN-KA,state,,319.2,336,336,3,Asia/Kolkata,TRUE,1356864141
Niri,Niri,,23.8129,85.1339,India,IN,IND,Jhārkhand,Jharkhand,IN-JH,state,,272.8,336,336,3,Asia/Kolkata,FALSE,1356201294
Isrāwar,Israwar,,23.6305,78.1011,India,IN,IND,Madhya Pradesh,Madhya Pradesh,IN-MP,state,,148.3,336,336,4,Asia/Kolkata,FALSE,1356119068
Pagadekallahalli,Pagadekallahalli,,12.7011,76.6379,India,IN,IND,Karnātaka,Karnataka,IN-KA,state,,371.2,336,336,3,Asia/Kolkata,FALSE,1356991886
Ainsiākhol,Ainsiakhol,,20.2279,85.2355,India,IN,IND,Odisha,Odisha,IN-OR,state,,528.3,336,336,3,Asia/Kolkata,FALSE,1356249178
Bhattia,Bhattia,,31.9820,75.5161,India,IN,IND,Punjab,Punjab,IN-PB,state,,599.6,336,336,3,Asia/Kolkata,FALSE,1356048582
Basaha,Basaha,,24.2703,80.6235,India,IN,IND,Madhya Pradesh,Madhya Pradesh,IN-MP,state,,281.9,336,336,3,Asia/Kolkata,TRUE,1356435322
Peddapalli,Peddapalli,,13.3207,78.3145,India,IN,IND,Karnātaka,Karnataka,IN-KA,state,,244.7,336,336,3,Asia/Kolkata,TRUE,1356231975
Goraleva,Goraleva,,17.9777,82.0569,India,IN,IND,Andhra Pradesh,Andhra Pradesh,IN-AP,state,,71.1,336,336,4,Asia/Kolkata,FALSE,1356134385
Humpum,Humpum,Hungphun|Humhpum,25.0703,94.3514,India,IN,IND,Manipur,Manipur,IN-MN,state,,111.3,336,336,3,Asia/Kolkata,FALSE,1356222784
Kodlaiya,Kodlaiya,,24.3739,84.7563,India,IN,IND,Jhārkhand,Jharkhand,IN-JH,state,,478.6,336,336,3,Asia/Kolkata,FALSE,1356198107
Domalāpalle,Domalapalle,,18.5959,83.9767,India,IN,IND,Andhra Pradesh,Andhra Pradesh,IN-AP,state,,265.4,336,336,3,Asia/Kolkata,FALSE,1356618176
Manwa,Manwa,,33.0418,75.6838,India,IN,IND,Jammu and Kashmīr,Jammu and Kashmir,IN-JK,state,,318.3,336,336,3,Asia/Kolkata,FALSE,1356043265
Singankuppe,Singankuppe,,12.7129,75.9906,India,IN,IND,Karnātaka,Karnataka,IN-KA,state,,310.5,336,336,3,Asia/Kolkata,FALSE,1356707135
Baddiha,Baddiha,,24.1590,86.2619,India,IN,IND,Jhārkhand,Jharkhand,IN-JH,state,,1236.7,336,336,3,Asia/Kolkata,FALSE,1356250974
Belā,Bela,,24.1360,84.8743,India,IN,IND,Jhārkhand,Jharkhand,IN-JH,state,,409.0,336,336,3,Asia/Kolkata,TRUE,1356197777
Udaipur,Udaipur,,20.6385,84.4283,India,IN,IND,Odisha,Odisha,IN-OR,state,,136.7,336,336,4,Asia/Kolkata,TRUE,1356262153
Nawāpāra,Nawapara,,24.5117,87.7444,India,IN,IND,Jhārkhand,Jharkhand,IN-JH,state,,702.3,336,336,3,Asia/Kolkata,FALSE,1356780136
Kakra,Kakra,,24.5282,79.8357,India,IN,IND,Madhya Pradesh,Madhya Pradesh,IN-MP,state,,125.9,336,336,4,Asia/Kolkata,TRUE,1356134805
Putubāri,Putubari,,20.3086,84.7630,India,IN,IND,Odisha,Odisha,IN-OR,state,,179.6,336,336,4,Asia/Kolkata,FALSE,1356194545
Khambhoa,Khambhoa,,22.7872,84.8620,India,IN,IND,Jhārkhand,Jharkhand,IN-JH,state,,201.6,336,336,3,Asia/Kolkata,FALSE,1356200199
Kadlipāli,Kadlipali,,21.0627,84.0713,India,IN,IND,Odisha,Odisha,IN-OR,state,,82.7,336,336,4,Asia/Kolkata,TRUE,1356246101
Bupāpuram,Bupapuram,,18.5473,80.2840,India,IN,IND,Telangāna,Telangana,IN-TG,state,,65.1,336,336,4,Asia/Kolkata,FALSE,1356702380
Hoshalli,Hoshalli,,12.8048,75.7312,India,IN,IND,Karnātaka,Karnataka,IN-KA,state,,125.4,336,336,4,Asia/Kolkata,TRUE,1356848886
Resam,Resam,,23.4463,85.5641,India,IN,IND,Jhārkhand,Jharkhand,IN-JH,state,,346.1,336,336,3,Asia/Kolkata,FALSE,1356179739
Nawādih,Nawadih,,24.5024,86.2287,India,IN,IND,Jhārkhand,Jharkhand,IN-JH,state,,502.9,336,336,3,Asia/Kolkata,TRUE,1356245272
Chhani,Chhani,,32.2228,75.4932,India,IN,IND,Punjab,Punjab,IN-PB,state,,964.4,336,336,3,Asia/Kolkata,FALSE,1356597466
Negathur,Negathur,,12.2078,76.1633,India,IN,IND,Karnātaka,Karnataka,IN-KA,state,,347.2,336,336,3,Asia/Kolkata,FALSE,1356495231
Kānhalli,Kanhalli,,14.5855,74.7343,India,IN,IND,Karnātaka,Karnataka,IN-KA,state,,155.2,336,336,4,Asia/Kolkata,TRUE,1356156714
Maldha,Maldha,,22.8628,80.3605,India,IN,IND,Madhya Pradesh,Madhya Pradesh,IN-MP,state,,119.1,336,336,4,Asia/Kolkata,TRUE,1356018087
Dhongaha,Dhongaha,,25.8098,85.0572,India,IN,IND,Bihār,Bihar,IN-BR,state,,2012.3,336,336,2,Asia/Kolkata,FALSE,1356139869
Podaguda,Podaguda,,18.6793,82.7589,India,IN,IND,Odisha,Odisha,IN-OR,state,,125.6,336,336,4,Asia/Kolkata,TRUE,1356157207
Chitaūwa,Chitauwa,,23.9947,78.7613,India,IN,IND,Madhya Pradesh,Madhya Pradesh,IN-MP,state,,438.7,336,336,3,Asia/Kolkata,FALSE,1356045913
Barera,Barera,,23.6181,79.8853,India,IN,IND,Madhya Pradesh,Madhya Pradesh,IN-MP,state,,153.2,336,336,4,Asia/Kolkata,TRUE,1356286650
Kishanpura,Kishanpura,,25.1396,78.1694,India,IN,IND,Madhya Pradesh,Madhya Pradesh,IN-MP,state,,212.3,336,336,3,Asia/Kolkata,TRUE,1356541100
Tājpur Deur,Tajpur Deur,,26.3369,84.8510,India,IN,IND,Bihār,Bihar,IN-BR,state,,1724.4,336,336,3,Asia/Kolkata,FALSE,1356942734
Kallūr,Kallur,,13.9092,75.5413,India,IN,IND,Karnātaka,Karnataka,IN-KA,state,,486.2,336,336,3,Asia/Kolkata,TRUE,1356213798
Dhātkimāl,Dhatkimal,,21.1140,84.5385,India,IN,IND,Odisha,Odisha,IN-OR,state,,71.2,336,336,4,Asia/Kolkata,FALSE,1356250668
Mundi Kālu,Mundi Kalu,,31.1393,75.0972,India,IN,IND,Punjab,Punjab,IN-PB,state,,455.6,336,336,3,Asia/Kolkata,FALSE,1356961060
Bhattl Pind,Bhattl Pind,,31.8329,75.6639,India,IN,IND,Punjab,Punjab,IN-PB,state,,516.0,336,336,3,Asia/Kolkata,FALSE,1356055330
Majhaili,Majhaili,,25.8900,87.6644,India,IN,IND,Bihār,Bihar,IN-BR,state,,1414.0,336,336,3,Asia/Kolkata,TRUE,1356137363
Udayapur,Udayapur,,20.2808,85.2104,India,IN,IND,Odisha,Odisha,IN-OR,state,,269.4,336,336,3,Asia/Kolkata,FALSE,1356242989
Nikhura,Nikhura,,25.5169,84.1565,India,IN,IND,Bihār,Bihar,IN-BR,state,,896.1,336,336,3,Asia/Kolkata,FALSE,1356794971
Atodih,Atodih,,22.5654,85.9557,India,IN,IND,Jhārkhand,Jharkhand,IN-JH,state,,408.9,336,336,3,Asia/Kolkata,FALSE,1356254115
Haibatpur,Haibatpur,,25.0004,85.5330,India,IN,IND,Bihār,Bihar,IN-BR,state,,1175.3,336,336,3,Asia/Kolkata,TRUE,1356063289
Amgawān,Amgawan,,23.6637,80.4803,India,IN,IND,Madhya Pradesh,Madhya Pradesh,IN-MP,state,,173.6,336,336,4,Asia/Kolkata,TRUE,1356873170
Telimunda,Telimunda,,21.4095,84.9664,India,IN,IND,Odisha,Odisha,IN-OR,state,,172.8,336,336,4,Asia/Kolkata,TRUE,1356235013
Nuniatānr,Nuniatanr,,24.1455,86.7958,India,IN,IND,Jhārkhand,Jharkhand,IN-JH,state,,702.2,336,336,3,Asia/Kolkata,FALSE,1356187909
Hardua,Hardua,,24.0180,79.7716,India,IN,IND,Madhya Pradesh,Madhya Pradesh,IN-MP,state,,172.1,336,336,4,Asia/Kolkata,TRUE,1356573947
Telopāra,Telopara,,24.6602,87.5092,India,IN,IND,Jhārkhand,Jharkhand,IN-JH,state,,247.8,336,336,3,Asia/Kolkata,FALSE,1356378517
Muchhavīranahalli,Muchhaviranahalli,,13.6387,77.0037,India,IN,IND,Karnātaka,Karnataka,IN-KA,state,,210.4,336,336,3,Asia/Kolkata,FALSE,1356457679
Umariya,Umariya,,22.7017,78.3482,India,IN,IND,Madhya Pradesh,Madhya Pradesh,IN-MP,state,,327.2,336,336,3,Asia/Kolkata,TRUE,1356779018
Kāre ka Pura,Kare ka Pura,,26.6944,78.7236,India,IN,IND,Madhya Pradesh,Madhya Pradesh,IN-MP,state,,265.0,336,336,3,Asia/Kolkata,FALSE,1356080251
Jharādhāb,Jharadhab,,24.6386,85.8525,India,IN,IND,Jhārkhand,Jharkhand,IN-JH,state,,396.4,336,336,3,Asia/Kolkata,FALSE,1356229618
Birghāt,Birghat,,21.2856,84.0158,India,IN,IND,Odisha,Odisha,IN-OR,state,,183.5,336,336,4,Asia/Kolkata,FALSE,1356252566
Mongra,Mongra,,22.5893,78.3797,India,IN,IND,Madhya Pradesh,Madhya Pradesh,IN-MP,state,,99.4,335,335,4,Asia/Kolkata,FALSE,1356125629
Shivpur,Shivpur,,24.6830,84.3389,India,IN,IND,Bihār,Bihar,IN-BR,state,,864.5,335,335,3,Asia/Kolkata,TRUE,1356979472
Kolinjivādi,Kolinjivadi,Arasapallipālaiyam|Kolinivadi,10.7421,77.5395,India,IN,IND,Tamil Nādu,Tamil Nadu,IN-TN,state,,266.0,335,335,3,Asia/Kolkata,TRUE,1356574462
Harīpur,Haripur,,24.1701,77.3523,India,IN,IND,Madhya Pradesh,Madhya Pradesh,IN-MP,state,,189.8,335,335,4,Asia/Kolkata,TRUE,1356611780
Akbarpur Khurd,Akbarpur Khurd,,31.0509,75.3920,India,IN,IND,Punjab,Punjab,IN-PB,state,,447.3,335,335,3,Asia/Kolkata,FALSE,1356937175
Matada Dyāmavvanahalli,Matada Dyamavvanahalli,,14.4156,76.2835,India,IN,IND,Karnātaka,Karnataka,IN-KA,state,,186.5,335,335,4,Asia/Kolkata,FALSE,1356149072
Murup,Murup,,23.0985,85.0270,India,IN,IND,Jhārkhand,Jharkhand,IN-JH,state,,247.0,335,335,3,Asia/Kolkata,TRUE,1356178517
Lohārānwāla,Loharanwala,,31.5616,75.1996,India,IN,IND,Punjab,Punjab,IN-PB,state,,777.8,335,335,3,Asia/Kolkata,FALSE,1356125493
Rādhānagar,Radhanagar,,25.5456,87.8632,India,IN,IND,Bihār,Bihar,IN-BR,state,,1557.5,335,335,3,Asia/Kolkata,FALSE,1356574667
Cherukupalle,Cherukupalle,,18.4166,83.3649,India,IN,IND,Andhra Pradesh,Andhra Pradesh,IN-AP,state,,418.4,335,335,3,Asia/Kolkata,FALSE,1356232375
Chhatan Tola,Chhatan Tola,,23.5126,80.9903,India,IN,IND,Madhya Pradesh,Madhya Pradesh,IN-MP,state,,146.9,335,335,4,Asia/Kolkata,FALSE,1356943761
Pīparkheri,Piparkheri,,23.8966,78.4177,India,IN,IND,Madhya Pradesh,Madhya Pradesh,IN-MP,state,,231.8,335,335,3,Asia/Kolkata,TRUE,1356196143
Gambuli,Gambuli,,20.1248,84.3918,India,IN,IND,Odisha,Odisha,IN-OR,state,,152.8,335,335,4,Asia/Kolkata,FALSE,1356237360
Uskabhatta,Uskabhatta,,18.9739,83.0682,India,IN,IND,Odisha,Odisha,IN-OR,state,,121.7,335,335,4,Asia/Kolkata,FALSE,1356719359
Kitumula,Kitumula,,17.8412,82.5252,India,IN,IND,Andhra Pradesh,Andhra Pradesh,IN-AP,state,,135.9,335,335,4,Asia/Kolkata,FALSE,1356665975
Chauki,Chauki,,22.9906,80.0989,India,IN,IND,Madhya Pradesh,Madhya Pradesh,IN-MP,state,,119.1,335,335,4,Asia/Kolkata,TRUE,1356192666
Malwās,Malwas,,33.1519,75.5144,India,IN,IND,Jammu and Kashmīr,Jammu and Kashmir,IN-JK,state,,321.0,335,335,3,Asia/Kolkata,FALSE,1356681100
Kempāpura,Kempapura,,13.0300,77.1380,India,IN,IND,Karnātaka,Karnataka,IN-KA,state,,292.1,335,335,3,Asia/Kolkata,TRUE,1356071618
Rampura,Rampura,,23.2444,79.2045,India,IN,IND,Madhya Pradesh,Madhya Pradesh,IN-MP,state,,126.8,335,335,4,Asia/Kolkata,TRUE,1356639780
Suwan Bāndh,Suwan Bandh,,25.5219,83.9471,India,IN,IND,Bihār,Bihar,IN-BR,state,,896.1,335,335,3,Asia/Kolkata,FALSE,1356005242
Kalaniyāpatti,Kalaniyapatti,,10.4146,78.6129,India,IN,IND,Tamil Nādu,Tamil Nadu,IN-TN,state,,332.3,335,335,3,Asia/Kolkata,FALSE,1356176287
Garbhe,Garbhe,,25.0889,83.8674,India,IN,IND,Bihār,Bihar,IN-BR,state,,697.8,335,335,3,Asia/Kolkata,FALSE,1356252747
Kodgihalli,Kodgihalli,,12.9925,75.9668,India,IN,IND,Karnātaka,Karnataka,IN-KA,state,,198.7,335,335,4,Asia/Kolkata,FALSE,1356772982
Pullukona,Pullukona,,19.1527,83.2709,India,IN,IND,Odisha,Odisha,IN-OR,state,,127.0,335,335,4,Asia/Kolkata,TRUE,1356864781
Lakkenhalli,Lakkenhalli,,13.0129,77.9059,India,IN,IND,Karnātaka,Karnataka,IN-KA,state,,392.1,335,335,3,Asia/Kolkata,TRUE,1356378436
Umarda,Umarda,,21.7284,77.6244,India,IN,IND,Madhya Pradesh,Madhya Pradesh,IN-MP,state,,129.5,335,335,4,Asia/Kolkata,TRUE,1356460801
Karian,Karian,,33.0318,75.6424,India,IN,IND,Jammu and Kashmīr,Jammu and Kashmir,IN-JK,state,,317.9,335,335,3,Asia/Kolkata,FALSE,1356197564
Nanhu Bigha,Nanhu Bigha,,24.5123,84.9374,India,IN,IND,Bihār,Bihar,IN-BR,state,,731.6,335,335,3,Asia/Kolkata,TRUE,1356355150
Pakaria,Pakaria,,24.8613,83.8533,India,IN,IND,Bihār,Bihar,IN-BR,state,,501.1,335,335,3,Asia/Kolkata,TRUE,1356025278
Kunghattanahalli,Kunghattanahalli,,13.2633,76.2832,India,IN,IND,Karnātaka,Karnataka,IN-KA,state,,272.6,335,335,3,Asia/Kolkata,FALSE,1356223817
Chak Dohri,Chak Dohri,,25.9009,85.6113,India,IN,IND,Bihār,Bihar,IN-BR,state,,2173.0,335,335,2,Asia/Kolkata,FALSE,1356438740
Barāti,Barati,,25.0992,81.5558,India,IN,IND,Madhya Pradesh,Madhya Pradesh,IN-MP,state,,401.7,335,335,3,Asia/Kolkata,TRUE,1356132603
Sadlavārahalli,Sadlavarahalli,,13.6078,77.9996,India,IN,IND,Karnātaka,Karnataka,IN-KA,state,,331.9,335,335,3,Asia/Kolkata,FALSE,1356091857
Burravānipālem,Burravanipalem,,18.1034,83.5169,India,IN,IND,Andhra Pradesh,Andhra Pradesh,IN-AP,state,,493.2,335,335,3,Asia/Kolkata,FALSE,1356720106
Barkhera,Barkhera,,22.7853,78.9497,India,IN,IND,Madhya Pradesh,Madhya Pradesh,IN-MP,state,,341.1,335,335,3,Asia/Kolkata,TRUE,1356704590
Medini,Medini,,14.3868,74.6278,India,IN,IND,Karnātaka,Karnataka,IN-KA,state,,325.1,335,335,3,Asia/Kolkata,FALSE,1356448431
Jogyānahalli,Jogyanahalli,,13.4239,78.1656,India,IN,IND,Karnātaka,Karnataka,IN-KA,state,,348.1,335,335,3,Asia/Kolkata,FALSE,1356189003
Jugsaipatna,Jugsaipatna,,19.7568,83.1935,India,IN,IND,Odisha,Odisha,IN-OR,state,,287.0,335,335,3,Asia/Kolkata,FALSE,1356638069
Dholpur,Dholpur,,22.5997,78.6863,India,IN,IND,Madhya Pradesh,Madhya Pradesh,IN-MP,state,,111.0,335,335,4,Asia/Kolkata,TRUE,1356358802
Rangpatti,Rangpatti,,26.0168,87.0576,India,IN,IND,Bihār,Bihar,IN-BR,state,,1026.6,335,335,3,Asia/Kolkata,FALSE,1356692387
Murar,Murar,,24.3820,84.8247,India,IN,IND,Jhārkhand,Jharkhand,IN-JH,state,,478.6,335,335,3,Asia/Kolkata,FALSE,1356201168
Jagannādhapuram,Jagannadhapuram,,18.6466,83.9384,India,IN,IND,Andhra Pradesh,Andhra Pradesh,IN-AP,state,,308.4,335,335,3,Asia/Kolkata,TRUE,1356896909
Chaukna,Chaukna,,24.7238,84.3387,India,IN,IND,Bihār,Bihar,IN-BR,state,,864.5,335,335,3,Asia/Kolkata,FALSE,1356206512
Akharkata,Akharkata,,20.8402,84.5800,India,IN,IND,Odisha,Odisha,IN-OR,state,,95.3,335,335,4,Asia/Kolkata,FALSE,1356232518
Tāla,Tala,,22.9069,81.5265,India,IN,IND,Madhya Pradesh,Madhya Pradesh,IN-MP,state,,122.0,335,335,4,Asia/Kolkata,TRUE,1356363930
Bāzidpur,Bazidpur,,30.8281,76.6736,India,IN,IND,Punjab,Punjab,IN-PB,state,,1045.5,335,335,3,Asia/Kolkata,FALSE,1356064205
Guttahalli,Guttahalli,,12.8646,78.1129,India,IN,IND,Karnātaka,Karnataka,IN-KA,state,,563.2,335,335,3,Asia/Kolkata,TRUE,1356886605
Garbyāng,Garbyang,,30.1795,80.8575,India,IN,IND,Uttarākhand,Uttarakhand,IN-UT,state,,1.8,335,335,4,Asia/Kolkata,FALSE,1356314908
Madhudih,Madhudih,,22.9940,85.7619,India,IN,IND,Jhārkhand,Jharkhand,IN-JH,state,,306.7,335,335,3,Asia/Kolkata,TRUE,1356232755
Somanahalli,Somanahalli,,13.1881,75.8500,India,IN,IND,Karnātaka,Karnataka,IN-KA,state,,229.7,335,335,3,Asia/Kolkata,TRUE,1356666005
Siulidānga,Siulidanga,,24.7422,87.8197,India,IN,IND,Jhārkhand,Jharkhand,IN-JH,state,,1658.1,335,335,3,Asia/Kolkata,FALSE,1356455175
Gosāinpur,Gosainpur,,24.6351,87.8213,India,IN,IND,Jhārkhand,Jharkhand,IN-JH,state,,1658.1,335,335,3,Asia/Kolkata,FALSE,1356289418
Niāzpur,Niazpur,,25.2396,83.4135,India,IN,IND,Bihār,Bihar,IN-BR,state,,979.5,335,335,3,Asia/Kolkata,FALSE,1356313292
Badaraha,Badaraha,,24.3314,81.9138,India,IN,IND,Madhya Pradesh,Madhya Pradesh,IN-MP,state,,287.1,335,335,3,Asia/Kolkata,FALSE,1356105535
Tora,Tora,,25.2532,84.0294,India,IN,IND,Bihār,Bihar,IN-BR,state,,914.2,335,335,3,Asia/Kolkata,TRUE,1356416558
Thākurvādi,Thakurvadi,,18.6536,73.4823,India,IN,IND,Mahārāshtra,Maharashtra,IN-MH,state,,475.1,335,335,3,Asia/Kolkata,FALSE,1356952470
Mahugaon,Mahugaon,,23.5136,84.9232,India,IN,IND,Jhārkhand,Jharkhand,IN-JH,state,,548.7,335,335,3,Asia/Kolkata,FALSE,1356195674
Bindaulia,Bindaulia,,25.2026,83.9367,India,IN,IND,Bihār,Bihar,IN-BR,state,,697.8,335,335,3,Asia/Kolkata,FALSE,1356121883
Mastali,Mastali,,24.9359,84.3807,India,IN,IND,Bihār,Bihar,IN-BR,state,,625.7,335,335,3,Asia/Kolkata,FALSE,1356074231
Bammanhalli,Bammanhalli,,13.4003,77.9113,India,IN,IND,Karnātaka,Karnataka,IN-KA,state,,331.9,335,335,3,Asia/Kolkata,TRUE,1356579744
Maheshkhunt Jāgīr,Maheshkhunt Jagir,,26.3006,87.4098,India,IN,IND,Bihār,Bihar,IN-BR,state,,1101.9,335,335,3,Asia/Kolkata,FALSE,1356076267
Kotli Māmiān,Kotli Mamian,,32.0423,75.3141,India,IN,IND,Punjab,Punjab,IN-PB,state,,599.6,335,335,3,Asia/Kolkata,FALSE,1356144294
Dumri,Dumri,,23.0698,84.4121,India,IN,IND,Jhārkhand,Jharkhand,IN-JH,state,,145.1,335,335,4,Asia/Kolkata,TRUE,1356192035
Jamtiril,Jamtiril,,22.5833,85.2189,India,IN,IND,Jhārkhand,Jharkhand,IN-JH,state,,190.8,335,335,4,Asia/Kolkata,FALSE,1356179263
Khaurā Khurd,Khaura Khurd,,24.3142,85.2038,India,IN,IND,Jhārkhand,Jharkhand,IN-JH,state,,547.3,335,335,3,Asia/Kolkata,FALSE,1356071238
Sikaua,Sikaua,,25.6467,78.6741,India,IN,IND,Madhya Pradesh,Madhya Pradesh,IN-MP,state,,336.8,335,335,3,Asia/Kolkata,FALSE,1356068101
Mohar,Mohar,,23.4366,78.2639,India,IN,IND,Madhya Pradesh,Madhya Pradesh,IN-MP,state,,178.6,335,335,4,Asia/Kolkata,TRUE,1356643294
Yālagondanahalli,Yalagondanahalli,,13.0754,76.0689,India,IN,IND,Karnātaka,Karnataka,IN-KA,state,,423.4,335,335,3,Asia/Kolkata,FALSE,1356685582
Kotiganhalli,Kotiganhalli,,12.8331,77.7665,India,IN,IND,Karnātaka,Karnataka,IN-KA,state,,1294.3,335,335,3,Asia/Kolkata,FALSE,1356802423
Khumāri,Khumari,,23.3760,78.3349,India,IN,IND,Madhya Pradesh,Madhya Pradesh,IN-MP,state,,178.6,335,335,4,Asia/Kolkata,TRUE,1356766038
Memdakheri,Memdakheri,,22.9472,76.6766,India,IN,IND,Madhya Pradesh,Madhya Pradesh,IN-MP,state,,166.0,335,335,4,Asia/Kolkata,FALSE,1356210375
Harīniwās,Hariniwas,,25.4373,77.4555,India,IN,IND,Madhya Pradesh,Madhya Pradesh,IN-MP,state,,152.9,335,335,4,Asia/Kolkata,FALSE,1356182214
Dāsarikunnattūr,Dasarikunnattur,,12.7948,79.9649,India,IN,IND,Tamil Nādu,Tamil Nadu,IN-TN,state,,1138.0,335,335,3,Asia/Kolkata,FALSE,1356597151
Khasupāli,Khasupali,,21.4401,84.1665,India,IN,IND,Odisha,Odisha,IN-OR,state,,488.6,335,335,3,Asia/Kolkata,FALSE,1356251692
Kādmane,Kadmane,,12.9069,75.6902,India,IN,IND,Karnātaka,Karnataka,IN-KA,state,,125.4,335,335,4,Asia/Kolkata,FALSE,1356223184
Gorbhanga,Gorbhanga,,21.5227,85.0194,India,IN,IND,Odisha,Odisha,IN-OR,state,,172.8,335,335,4,Asia/Kolkata,FALSE,1356190565
Chuneha,Chuneha,,24.8987,80.3580,India,IN,IND,Madhya Pradesh,Madhya Pradesh,IN-MP,state,,279.4,335,335,3,Asia/Kolkata,FALSE,1356211159
Kherkhāri,Kherkhari,,24.3529,77.9471,India,IN,IND,Madhya Pradesh,Madhya Pradesh,IN-MP,state,,329.3,335,335,3,Asia/Kolkata,FALSE,1356448857
Dāntu,Dantu,,23.5519,85.5885,India,IN,IND,Jhārkhand,Jharkhand,IN-JH,state,,1378.7,335,335,3,Asia/Kolkata,FALSE,1356183305
Dūndkhera,Dundkhera,,23.6854,79.2223,India,IN,IND,Madhya Pradesh,Madhya Pradesh,IN-MP,state,,179.5,335,335,4,Asia/Kolkata,FALSE,1356096144
Silārpur,Silarpur,,23.5081,78.9463,India,IN,IND,Madhya Pradesh,Madhya Pradesh,IN-MP,state,,218.4,335,335,3,Asia/Kolkata,TRUE,1356964729
Dania,Dania,,24.3577,80.6894,India,IN,IND,Madhya Pradesh,Madhya Pradesh,IN-MP,state,,281.9,335,335,3,Asia/Kolkata,FALSE,1356000743
Chhota Murda,Chhota Murda,,22.4750,85.9570,India,IN,IND,Odisha,Odisha,IN-OR,state,,408.9,335,335,3,Asia/Kolkata,FALSE,1356220580
Diānatpur,Dianatpur,,31.4512,75.7807,India,IN,IND,Punjab,Punjab,IN-PB,state,,781.3,334,334,3,Asia/Kolkata,FALSE,1356391282
Mahādebpur,Mahadebpur,,23.3914,85.9649,India,IN,IND,West Bengal,West Bengal,IN-WB,state,,431.7,334,334,3,Asia/Kolkata,TRUE,1356177036
Jognia,Jognia,Dakaiti,26.0731,87.7275,India,IN,IND,Bihār,Bihar,IN-BR,state,,1014.2,334,334,3,Asia/Kolkata,FALSE,1356122503
Kāsipatnam,Kasipatnam,,18.2167,83.1167,India,IN,IND,Andhra Pradesh,Andhra Pradesh,IN-AP,state,,58.0,334,334,3,Asia/Kolkata,FALSE,1356210962
Abukātu,Abukatu,,24.2808,84.9319,India,IN,IND,Jhārkhand,Jharkhand,IN-JH,state,,409.0,333,333,3,Asia/Kolkata,FALSE,1356195119
Gobindpur,Gobindpur,,25.1884,80.4000,India,IN,IND,Madhya Pradesh,Madhya Pradesh,IN-MP,state,,228.1,333,333,3,Asia/Kolkata,FALSE,1356215074
Gurtur,Gurtur,,23.7864,84.6713,India,IN,IND,Jhārkhand,Jharkhand,IN-JH,state,,123.3,333,333,4,Asia/Kolkata,FALSE,1356180319
Kewāl,Kewal,,24.3282,84.7979,India,IN,IND,Jhārkhand,Jharkhand,IN-JH,state,,478.6,333,333,3,Asia/Kolkata,FALSE,1356198770
Malkanhalli,Malkanhalli,,14.5103,75.6869,India,IN,IND,Karnātaka,Karnataka,IN-KA,state,,355.2,333,333,3,Asia/Kolkata,TRUE,1356416787
Bāro Khurd,Baro Khurd,,25.2180,78.8587,India,IN,IND,Madhya Pradesh,Madhya Pradesh,IN-MP,state,,320.7,333,333,3,Asia/Kolkata,FALSE,1356895076
Singonahalli,Singonahalli,,12.9810,76.9144,India,IN,IND,Karnātaka,Karnataka,IN-KA,state,,235.0,333,333,3,Asia/Kolkata,FALSE,1356370322
Nidagarvalli,Nidagarvalli,,12.8807,75.9360,India,IN,IND,Karnātaka,Karnataka,IN-KA,state,,198.7,333,333,4,Asia/Kolkata,FALSE,1356808892
Nāgenahalli,Nagenahalli,,13.8581,76.0253,India,IN,IND,Karnātaka,Karnataka,IN-KA,state,,190.7,333,333,4,Asia/Kolkata,TRUE,1356190816
Berhampura,Berhampura,,21.1480,84.2480,India,IN,IND,Odisha,Odisha,IN-OR,state,,82.7,333,333,4,Asia/Kolkata,FALSE,1356245464
Chamuākol,Chamuakol,,25.1146,87.4686,India,IN,IND,Jhārkhand,Jharkhand,IN-JH,state,,817.0,333,333,3,Asia/Kolkata,FALSE,1356059113
Kongun,Kongun,,33.7841,74.9206,India,IN,IND,Jammu and Kashmīr,Jammu and Kashmir,IN-JK,state,,1002.9,333,333,3,Asia/Kolkata,FALSE,1356398589
Emri,Emri,,21.5164,85.3308,India,IN,IND,Odisha,Odisha,IN-OR,state,,76.0,333,333,4,Asia/Kolkata,FALSE,1356221355
Bhitāri,Bhitari,,24.4934,80.4857,India,IN,IND,Madhya Pradesh,Madhya Pradesh,IN-MP,state,,278.1,333,333,3,Asia/Kolkata,TRUE,1356089339
Chintagudem,Chintagudem,,19.0474,79.3877,India,IN,IND,Telangāna,Telangana,IN-TG,state,,113.4,333,333,4,Asia/Kolkata,TRUE,1356911535
Tilaimāl,Tilaimal,,21.6170,84.2747,India,IN,IND,Odisha,Odisha,IN-OR,state,,181.4,333,333,4,Asia/Kolkata,TRUE,1356250772
Nibi Kalān,Nibi Kalan,,25.1417,83.6039,India,IN,IND,Bihār,Bihar,IN-BR,state,,1486.7,333,333,3,Asia/Kolkata,FALSE,1356146417
Mādīkhola,Madikhola,,20.5782,84.2778,India,IN,IND,Odisha,Odisha,IN-OR,state,,77.3,333,333,4,Asia/Kolkata,TRUE,1356262405
Kandosu,Kandosu,,33.0872,75.6260,India,IN,IND,Jammu and Kashmīr,Jammu and Kashmir,IN-JK,state,,321.0,333,333,3,Asia/Kolkata,FALSE,1356163546
Banduā,Bandua,,23.5723,84.7450,India,IN,IND,Jhārkhand,Jharkhand,IN-JH,state,,444.5,333,333,3,Asia/Kolkata,TRUE,1356195006
Sagoria,Sagoria,,24.3427,79.2754,India,IN,IND,Madhya Pradesh,Madhya Pradesh,IN-MP,state,,144.1,333,333,4,Asia/Kolkata,TRUE,1356035029
Gambhir Hāta,Gambhir Hata,,26.3234,84.5283,India,IN,IND,Bihār,Bihar,IN-BR,state,,1768.0,333,333,3,Asia/Kolkata,FALSE,1356820873
Chakrarharpur,Chakrarharpur,,20.3168,84.8708,India,IN,IND,Odisha,Odisha,IN-OR,state,,179.6,333,333,4,Asia/Kolkata,FALSE,1356195928
Kariāhi,Kariahi,,25.9465,84.6390,India,IN,IND,Bihār,Bihar,IN-BR,state,,1675.6,333,333,3,Asia/Kolkata,FALSE,1356936970
Dānrhitola,Danrhitola,,24.8575,81.2354,India,IN,IND,Madhya Pradesh,Madhya Pradesh,IN-MP,state,,531.8,333,333,3,Asia/Kolkata,FALSE,1356573214
Jalālpur,Jalalpur,,25.1656,83.9007,India,IN,IND,Bihār,Bihar,IN-BR,state,,697.8,333,333,3,Asia/Kolkata,TRUE,1356438150
Sudreju,Sudreju,,20.5088,84.2927,India,IN,IND,Odisha,Odisha,IN-OR,state,,77.3,333,333,4,Asia/Kolkata,FALSE,1356262625
Srīrangarājapuram,Srirangarajapuram,,18.5386,83.5920,India,IN,IND,Andhra Pradesh,Andhra Pradesh,IN-AP,state,,383.3,333,333,3,Asia/Kolkata,FALSE,1356624594
Chhapra,Chhapra,,24.6699,85.4983,India,IN,IND,Bihār,Bihar,IN-BR,state,,508.7,333,333,3,Asia/Kolkata,TRUE,1356044747
Lakarmarwa,Lakarmarwa,,24.5798,86.1662,India,IN,IND,Bihār,Bihar,IN-BR,state,,357.6,333,333,3,Asia/Kolkata,FALSE,1356243714
Tartara,Tartara,,23.9672,76.6047,India,IN,IND,Madhya Pradesh,Madhya Pradesh,IN-MP,state,,193.4,333,333,4,Asia/Kolkata,FALSE,1356089737
Darga Heri,Darga Heri,,31.7210,75.6639,India,IN,IND,Punjab,Punjab,IN-PB,state,,516.0,333,333,3,Asia/Kolkata,FALSE,1356101481
Chak Jājīpur,Chak Jajipur,,23.3796,76.3385,India,IN,IND,Madhya Pradesh,Madhya Pradesh,IN-MP,state,,271.4,333,333,3,Asia/Kolkata,FALSE,1356245023
Khaira Bara,Khaira Bara,,24.6815,85.0916,India,IN,IND,Bihār,Bihar,IN-BR,state,,1043.3,333,333,3,Asia/Kolkata,FALSE,1356647545
Parasrāmpur,Parasrampur,,24.9973,83.7822,India,IN,IND,Bihār,Bihar,IN-BR,state,,511.4,333,333,3,Asia/Kolkata,TRUE,1356207556
Karri,Karri,,24.1593,79.2748,India,IN,IND,Madhya Pradesh,Madhya Pradesh,IN-MP,state,,144.1,333,333,4,Asia/Kolkata,TRUE,1356403064
Māndiapadā,Mandiapada,,21.1155,85.6192,India,IN,IND,Odisha,Odisha,IN-OR,state,,147.5,333,333,4,Asia/Kolkata,FALSE,1356260986
Jogipāli,Jogipali,,21.6414,83.9944,India,IN,IND,Odisha,Odisha,IN-OR,state,,265.2,333,333,3,Asia/Kolkata,TRUE,1356808720
Saksari,Saksari,,23.1437,84.4048,India,IN,IND,Jhārkhand,Jharkhand,IN-JH,state,,145.1,333,333,4,Asia/Kolkata,FALSE,1356191362
Sirkona,Sirkona,,22.9324,79.4345,India,IN,IND,Madhya Pradesh,Madhya Pradesh,IN-MP,state,,221.6,333,333,3,Asia/Kolkata,FALSE,1356129875
Karamanimedu,Karamanimedu,,13.4578,80.1411,India,IN,IND,Tamil Nādu,Tamil Nadu,IN-TN,state,,577.1,333,333,3,Asia/Kolkata,FALSE,1356029135
Sūndi,Sundi,,25.7267,76.5050,India,IN,IND,Madhya Pradesh,Madhya Pradesh,IN-MP,state,,181.7,333,333,4,Asia/Kolkata,TRUE,1356989162
Kodabil,Kodabil,,21.1885,85.4442,India,IN,IND,Odisha,Odisha,IN-OR,state,,122.5,333,333,4,Asia/Kolkata,FALSE,1356258734
Lingāpur,Lingapur,,12.5500,76.6008,India,IN,IND,Karnātaka,Karnataka,IN-KA,state,,371.2,333,333,3,Asia/Kolkata,TRUE,1356535139
Chanabanda,Chanabanda,,18.7928,79.2639,India,IN,IND,Telangāna,Telangana,IN-TG,state,,336.7,333,333,3,Asia/Kolkata,FALSE,1356500274
Kheroli,Kheroli,,26.4648,78.7756,India,IN,IND,Madhya Pradesh,Madhya Pradesh,IN-MP,state,,443.8,333,333,3,Asia/Kolkata,FALSE,1356045038
Tetāri,Tetari,,22.7097,85.0614,India,IN,IND,Jhārkhand,Jharkhand,IN-JH,state,,194.6,333,333,4,Asia/Kolkata,FALSE,1356180010
Mandar,Mandar,,23.3280,84.4052,India,IN,IND,Jhārkhand,Jharkhand,IN-JH,state,,118.3,333,333,4,Asia/Kolkata,TRUE,1356194681
Saraballi,Saraballi,,19.6915,83.4632,India,IN,IND,Odisha,Odisha,IN-OR,state,,116.5,333,333,4,Asia/Kolkata,FALSE,1356030409
Palāsi,Palasi,,22.2966,77.4349,India,IN,IND,Madhya Pradesh,Madhya Pradesh,IN-MP,state,,149.2,333,333,4,Asia/Kolkata,TRUE,1356336305
Kiria,Kiria,,22.6671,74.8432,India,IN,IND,Madhya Pradesh,Madhya Pradesh,IN-MP,state,,261.3,333,333,3,Asia/Kolkata,FALSE,1356262402
Pariāberna,Pariaberna,,20.4209,84.2095,India,IN,IND,Odisha,Odisha,IN-OR,state,,77.3,333,333,4,Asia/Kolkata,TRUE,1356262539
Chopan Khurd,Chopan Khurd,,24.2321,77.0925,India,IN,IND,Madhya Pradesh,Madhya Pradesh,IN-MP,state,,173.5,333,333,4,Asia/Kolkata,FALSE,1356277261
Mittahalli,Mittahalli,,13.1428,78.4926,India,IN,IND,Karnātaka,Karnataka,IN-KA,state,,323.1,333,333,3,Asia/Kolkata,TRUE,1356959481
Jashratkheri,Jashratkheri,,24.1681,77.5577,India,IN,IND,Madhya Pradesh,Madhya Pradesh,IN-MP,state,,148.0,333,333,4,Asia/Kolkata,FALSE,1356083310
Chhandrupadar,Chhandrupadar,,20.4092,84.3446,India,IN,IND,Odisha,Odisha,IN-OR,state,,138.3,333,333,4,Asia/Kolkata,FALSE,1356261559
Zawngling,Zawngling,,22.1325,92.7733,India,IN,IND,Mizoram,Mizoram,IN-MZ,union territory,,41.6,333,333,4,Asia/Kolkata,FALSE,1356742970
Telheta,Telheta,,24.7106,85.1451,India,IN,IND,Bihār,Bihar,IN-BR,state,,1008.3,333,333,3,Asia/Kolkata,FALSE,1356808465
Rāmgarh,Ramgarh,,23.9761,78.2269,India,IN,IND,Madhya Pradesh,Madhya Pradesh,IN-MP,state,,331.1,333,333,3,Asia/Kolkata,TRUE,1356487948
Dumbi,Dumbi,,23.8366,84.3189,India,IN,IND,Jhārkhand,Jharkhand,IN-JH,state,,274.9,333,333,3,Asia/Kolkata,FALSE,1356186259
Kāmashettihalli,Kamashettihalli,,13.4605,77.7625,India,IN,IND,Karnātaka,Karnataka,IN-KA,state,,364.2,333,333,3,Asia/Kolkata,FALSE,1356921431
Kathaura Kumhāri,Kathaura Kumhari,,24.9578,83.6291,India,IN,IND,Bihār,Bihar,IN-BR,state,,505.6,333,333,3,Asia/Kolkata,FALSE,1356001025
Bāgahi,Bagahi,,24.5491,84.9959,India,IN,IND,Bihār,Bihar,IN-BR,state,,701.9,333,333,3,Asia/Kolkata,TRUE,1356429647
Rāipur,Raipur,,25.8654,78.4039,India,IN,IND,Madhya Pradesh,Madhya Pradesh,IN-MP,state,,369.8,333,333,3,Asia/Kolkata,TRUE,1356030086
Kurri,Kurri,,24.3827,86.3723,India,IN,IND,Jhārkhand,Jharkhand,IN-JH,state,,471.4,333,333,3,Asia/Kolkata,FALSE,1356258115
Chatrakurve,Chatrakurve,,14.4850,74.4158,India,IN,IND,Karnātaka,Karnataka,IN-KA,state,,325.5,333,333,3,Asia/Kolkata,FALSE,1356554604
Sirsoda,Sirsoda,,24.4674,77.5953,India,IN,IND,Madhya Pradesh,Madhya Pradesh,IN-MP,state,,369.9,333,333,3,Asia/Kolkata,TRUE,1356567104
Kolthāmālia,Kolthamalia,,20.9969,84.3875,India,IN,IND,Odisha,Odisha,IN-OR,state,,71.2,333,333,4,Asia/Kolkata,FALSE,1356262122
Mirchai,Mirchai,,25.5526,87.5554,India,IN,IND,Bihār,Bihar,IN-BR,state,,2688.4,333,333,2,Asia/Kolkata,FALSE,1356406537
Mohamai,Mohamai,,26.2526,89.7750,India,IN,IND,Assam,Assam,IN-AS,state,,860.6,333,333,3,Asia/Kolkata,FALSE,1356637358
Behta Alīnagar,Behta Alinagar,,23.7378,78.3448,India,IN,IND,Madhya Pradesh,Madhya Pradesh,IN-MP,state,,227.4,333,333,3,Asia/Kolkata,FALSE,1356468623
Jagarnāthpur,Jagarnathpur,,25.1789,87.0507,India,IN,IND,Bihār,Bihar,IN-BR,state,,1895.6,333,333,3,Asia/Kolkata,TRUE,1356020493
Bairapura,Bairapura,,13.4319,76.3268,India,IN,IND,Karnātaka,Karnataka,IN-KA,state,,272.6,333,333,3,Asia/Kolkata,TRUE,1356146167
Boddini,Boddini,,19.0617,83.6438,India,IN,IND,Andhra Pradesh,Andhra Pradesh,IN-AP,state,,152.1,333,333,4,Asia/Kolkata,FALSE,1356040399
Gimhiān,Gimhian,,25.2650,83.5503,India,IN,IND,Bihār,Bihar,IN-BR,state,,805.1,333,333,3,Asia/Kolkata,FALSE,1356979940
Kakoriāthamāi,Kakoriathamai,,24.4404,85.6201,India,IN,IND,Jhārkhand,Jharkhand,IN-JH,state,,408.9,333,333,3,Asia/Kolkata,FALSE,1356135695
Jāmnagari,Jamnagari,,22.2294,77.7936,India,IN,IND,Madhya Pradesh,Madhya Pradesh,IN-MP,state,,205.5,333,333,3,Asia/Kolkata,FALSE,1356437910
Bairiha,Bairiha,,24.7261,81.9678,India,IN,IND,Madhya Pradesh,Madhya Pradesh,IN-MP,state,,289.0,333,333,3,Asia/Kolkata,TRUE,1356446949
Chichkhera,Chichkhera,,21.6138,78.1579,India,IN,IND,Madhya Pradesh,Madhya Pradesh,IN-MP,state,,170.1,332,332,4,Asia/Kolkata,TRUE,1356224843
Kumirkāta,Kumirkata,,24.2950,87.5675,India,IN,IND,Jhārkhand,Jharkhand,IN-JH,state,,225.0,332,332,3,Asia/Kolkata,FALSE,1356808770
Hazārpura,Hazarpura,,23.4909,76.1369,India,IN,IND,Madhya Pradesh,Madhya Pradesh,IN-MP,state,,270.2,332,332,3,Asia/Kolkata,FALSE,1356578923
Kudwāri,Kudwari,,22.1664,79.4673,India,IN,IND,Madhya Pradesh,Madhya Pradesh,IN-MP,state,,238.7,332,332,3,Asia/Kolkata,TRUE,1356588646
Tikariā,Tikaria,,22.5573,80.1094,India,IN,IND,Madhya Pradesh,Madhya Pradesh,IN-MP,state,,139.6,332,332,4,Asia/Kolkata,TRUE,1356091498
Batugudaba,Batugudaba,,19.0396,83.6640,India,IN,IND,Andhra Pradesh,Andhra Pradesh,IN-AP,state,,152.1,332,332,4,Asia/Kolkata,FALSE,1356833713
Bamhni,Bamhni,,22.9690,79.3001,India,IN,IND,Madhya Pradesh,Madhya Pradesh,IN-MP,state,,221.6,332,332,3,Asia/Kolkata,TRUE,1356007114
Gudasivārapalli,Gudasivarapalli,,13.5447,78.3160,India,IN,IND,Karnātaka,Karnataka,IN-KA,state,,244.7,332,332,3,Asia/Kolkata,FALSE,1356241947
Bhāwalpur,Bhawalpur,,30.3608,76.5761,India,IN,IND,Punjab,Punjab,IN-PB,state,,640.6,332,332,3,Asia/Kolkata,FALSE,1356104794
Sankalapur,Sankalapur,,13.1338,77.0499,India,IN,IND,Karnātaka,Karnataka,IN-KA,state,,597.9,332,332,3,Asia/Kolkata,FALSE,1356963797
Sāhpokhar,Sahpokhar,,24.6012,85.2287,India,IN,IND,Bihār,Bihar,IN-BR,state,,1093.7,332,332,3,Asia/Kolkata,FALSE,1356110407
Parsa,Parsa,,24.7941,84.1923,India,IN,IND,Bihār,Bihar,IN-BR,state,,471.4,332,332,3,Asia/Kolkata,TRUE,1356149956
Malur,Malur,,13.1546,75.7437,India,IN,IND,Karnātaka,Karnataka,IN-KA,state,,229.7,332,332,3,Asia/Kolkata,TRUE,1356498407
Balligūda,Balliguda,,18.5517,82.2447,India,IN,IND,Odisha,Odisha,IN-OR,state,,112.6,332,332,4,Asia/Kolkata,TRUE,1356665291
Bhagwatpura,Bhagwatpura,,23.5272,76.0863,India,IN,IND,Madhya Pradesh,Madhya Pradesh,IN-MP,state,,270.2,332,332,3,Asia/Kolkata,FALSE,1356653825
Ichātu,Ichatu,,24.2311,84.6756,India,IN,IND,Jhārkhand,Jharkhand,IN-JH,state,,335.2,332,332,3,Asia/Kolkata,TRUE,1356732165
Kulāhi Arāzi,Kulahi Arazi,,24.6192,85.0455,India,IN,IND,Bihār,Bihar,IN-BR,state,,935.2,332,332,3,Asia/Kolkata,FALSE,1356718757
Sironji,Sironji,,23.8661,76.7252,India,IN,IND,Madhya Pradesh,Madhya Pradesh,IN-MP,state,,280.6,332,332,3,Asia/Kolkata,FALSE,1356070019
Badāran,Badaran,,33.8461,75.2679,India,IN,IND,Jammu and Kashmīr,Jammu and Kashmir,IN-JK,state,,640.5,332,332,3,Asia/Kolkata,FALSE,1356484369
Lapariār,Lapariar,,24.7024,85.9720,India,IN,IND,Jhārkhand,Jharkhand,IN-JH,state,,285.2,332,332,3,Asia/Kolkata,FALSE,1356240007
Yamanūr,Yamanur,,13.3134,78.3436,India,IN,IND,Karnātaka,Karnataka,IN-KA,state,,244.7,332,332,3,Asia/Kolkata,FALSE,1356777385
Bhourdahār,Bhourdahar,,23.7967,79.1404,India,IN,IND,Madhya Pradesh,Madhya Pradesh,IN-MP,state,,179.5,332,332,4,Asia/Kolkata,FALSE,1356463922
Saila,Saila,,22.2001,80.5506,India,IN,IND,Madhya Pradesh,Madhya Pradesh,IN-MP,state,,122.6,332,332,4,Asia/Kolkata,TRUE,1356632927
Kāshibār,Kashibar,,24.3991,84.5680,India,IN,IND,Bihār,Bihar,IN-BR,state,,1121.7,332,332,3,Asia/Kolkata,FALSE,1356841878
Doma,Doma,,24.4759,81.2504,India,IN,IND,Madhya Pradesh,Madhya Pradesh,IN-MP,state,,689.7,332,332,3,Asia/Kolkata,FALSE,1356648506
Yarajenahalli,Yarajenahalli,,13.5415,77.1746,India,IN,IND,Karnātaka,Karnataka,IN-KA,state,,270.1,332,332,3,Asia/Kolkata,FALSE,1356057371
Odarnā,Odarna,,23.9102,85.2781,India,IN,IND,Jhārkhand,Jharkhand,IN-JH,state,,560.2,332,332,3,Asia/Kolkata,FALSE,1356257371
Makhua Bindwāra Makho,Makhua Bindwara Makho,,25.9717,85.1906,India,IN,IND,Bihār,Bihar,IN-BR,state,,1389.9,332,332,3,Asia/Kolkata,FALSE,1356596227
Kilichpur,Kilichpur,,32.5324,74.8466,India,IN,IND,Jammu and Kashmīr,Jammu and Kashmir,IN-JK,state,,510.9,332,332,3,Asia/Kolkata,FALSE,1356612769
Tiyakonta,Tiyakonta,,18.6506,82.6641,India,IN,IND,Odisha,Odisha,IN-OR,state,,136.6,332,332,4,Asia/Kolkata,FALSE,1356543387
Simrākudar,Simrakudar,,24.0789,86.4602,India,IN,IND,Jhārkhand,Jharkhand,IN-JH,state,,603.8,332,332,3,Asia/Kolkata,FALSE,1356251875
Tettāmpatti,Tettampatti,,10.3671,78.8661,India,IN,IND,Tamil Nādu,Tamil Nadu,IN-TN,state,,591.4,332,332,3,Asia/Kolkata,TRUE,1356229331
Naneli,Naneli,,15.5821,74.1486,India,IN,IND,Goa,Goa,IN-GA,state,,127.0,332,332,4,Asia/Kolkata,FALSE,1356156786
Ghursār,Ghursar,,22.4007,79.9031,India,IN,IND,Madhya Pradesh,Madhya Pradesh,IN-MP,state,,169.0,332,332,4,Asia/Kolkata,FALSE,1356725902
Kurothār,Kurothar,,22.7176,80.0516,India,IN,IND,Madhya Pradesh,Madhya Pradesh,IN-MP,state,,180.9,332,332,4,Asia/Kolkata,FALSE,1356073335
Radhākrishnāpur,Radhakrishnapur,,24.4081,87.6651,India,IN,IND,Jhārkhand,Jharkhand,IN-JH,state,,490.1,332,332,3,Asia/Kolkata,TRUE,1356302350
Dombekoppa,Dombekoppa,,14.0108,75.1591,India,IN,IND,Karnātaka,Karnataka,IN-KA,state,,86.2,332,332,4,Asia/Kolkata,FALSE,1356886431
Kājibāru,Kajibaru,,23.2382,85.5917,India,IN,IND,Jhārkhand,Jharkhand,IN-JH,state,,632.8,332,332,3,Asia/Kolkata,FALSE,1356178119
Muttagondi,Muttagondi,,13.7544,76.3333,India,IN,IND,Karnātaka,Karnataka,IN-KA,state,,171.3,332,332,4,Asia/Kolkata,FALSE,1356265239
Tekkanāmpatti,Tekkanampatti,,11.9349,78.6869,India,IN,IND,Tamil Nādu,Tamil Nadu,IN-TN,state,,282.2,332,332,3,Asia/Kolkata,FALSE,1356222197
Dhalwa,Dhalwa,,33.0042,75.6729,India,IN,IND,Jammu and Kashmīr,Jammu and Kashmir,IN-JK,state,,315.4,332,332,3,Asia/Kolkata,FALSE,1356119967
Konambanduvalasa,Konambanduvalasa,,18.4993,83.1441,India,IN,IND,Andhra Pradesh,Andhra Pradesh,IN-AP,state,,231.8,332,332,3,Asia/Kolkata,FALSE,1356762914
Simarkurhā,Simarkurha,,24.2339,85.3369,India,IN,IND,Jhārkhand,Jharkhand,IN-JH,state,,517.5,332,332,3,Asia/Kolkata,FALSE,1356147377
Nārāyanpur,Narayanpur,,25.1604,83.9329,India,IN,IND,Bihār,Bihar,IN-BR,state,,697.8,332,332,3,Asia/Kolkata,TRUE,1356638842
Tola Gosāin,Tola Gosain,,26.9987,84.2939,India,IN,IND,Bihār,Bihar,IN-BR,state,,1316.7,332,332,3,Asia/Kolkata,FALSE,1356545602
Sharbāpuram,Sharbapuram,,16.7857,78.9275,India,IN,IND,Telangāna,Telangana,IN-TG,state,,141.4,332,332,4,Asia/Kolkata,FALSE,1356968729
Āntri,Antri,,26.1043,77.8661,India,IN,IND,Madhya Pradesh,Madhya Pradesh,IN-MP,state,,718.4,332,332,3,Asia/Kolkata,FALSE,1356048279
Nerlakuppe,Nerlakuppe,,12.3960,76.0533,India,IN,IND,Karnātaka,Karnataka,IN-KA,state,,311.6,332,332,3,Asia/Kolkata,TRUE,1356103385
Bāsuputtu,Basuputtu,,18.8475,82.7630,India,IN,IND,Odisha,Odisha,IN-OR,state,,589.3,332,332,3,Asia/Kolkata,FALSE,1356830954
Rusallihāt,Rusallihat,,24.2337,77.8944,India,IN,IND,Madhya Pradesh,Madhya Pradesh,IN-MP,state,,213.5,332,332,3,Asia/Kolkata,FALSE,1356399417
Giruti,Giruti,,20.2312,84.2445,India,IN,IND,Odisha,Odisha,IN-OR,state,,161.1,332,332,4,Asia/Kolkata,FALSE,1356259866
Kachupada,Kachupada,,21.9156,84.9302,India,IN,IND,Odisha,Odisha,IN-OR,state,,108.8,332,332,4,Asia/Kolkata,FALSE,1356240818
Bariārtola,Bariartola,,24.9977,87.2468,India,IN,IND,Jhārkhand,Jharkhand,IN-JH,state,,722.8,332,332,3,Asia/Kolkata,FALSE,1356196428
Kishangarh,Kishangarh,,22.7806,76.1471,India,IN,IND,Madhya Pradesh,Madhya Pradesh,IN-MP,state,,564.6,332,332,3,Asia/Kolkata,FALSE,1356940906
Sursi,Sursi,,22.6355,85.9823,India,IN,IND,Jhārkhand,Jharkhand,IN-JH,state,,396.1,332,332,3,Asia/Kolkata,FALSE,1356253756
Deorīdādar,Deoridadar,,22.5968,80.4473,India,IN,IND,Madhya Pradesh,Madhya Pradesh,IN-MP,state,,310.6,332,332,3,Asia/Kolkata,FALSE,1356677305
Marha,Marha,,24.5275,79.9334,India,IN,IND,Madhya Pradesh,Madhya Pradesh,IN-MP,state,,123.7,332,332,4,Asia/Kolkata,TRUE,1356019535
Partu,Partu,,23.6430,84.5052,India,IN,IND,Jhārkhand,Jharkhand,IN-JH,state,,100.4,332,332,4,Asia/Kolkata,FALSE,1356194931
Burigutu,Burigutu,,22.7723,85.8699,India,IN,IND,Jhārkhand,Jharkhand,IN-JH,state,,447.4,332,332,3,Asia/Kolkata,FALSE,1356238890
Tormunda,Tormunda,,22.3075,85.1502,India,IN,IND,Jhārkhand,Jharkhand,IN-JH,state,,97.0,332,332,4,Asia/Kolkata,FALSE,1356192788
Raksāni,Raksani,,24.8158,84.3001,India,IN,IND,Bihār,Bihar,IN-BR,state,,624.9,332,332,3,Asia/Kolkata,FALSE,1356961765
Mudiya,Mudiya,,24.0464,78.9890,India,IN,IND,Madhya Pradesh,Madhya Pradesh,IN-MP,state,,170.1,332,332,4,Asia/Kolkata,TRUE,1356995632
Silori,Silori,Silorī,25.6156,77.2146,India,IN,IND,Madhya Pradesh,Madhya Pradesh,IN-MP,state,,71.5,332,332,4,Asia/Kolkata,TRUE,1356125875
Baragāon,Baragaon,,24.0095,87.7299,India,IN,IND,West Bengal,West Bengal,IN-WB,state,,797.7,332,332,3,Asia/Kolkata,FALSE,1356691473
Bhenpur,Bhenpur,,24.0392,85.2269,India,IN,IND,Jhārkhand,Jharkhand,IN-JH,state,,265.8,332,332,3,Asia/Kolkata,FALSE,1356501897
Jagadispur,Jagadispur,,24.2775,85.1940,India,IN,IND,Jhārkhand,Jharkhand,IN-JH,state,,547.3,332,332,3,Asia/Kolkata,FALSE,1356082081
Bilāripāri,Bilaripari,,25.5468,87.6354,India,IN,IND,Bihār,Bihar,IN-BR,state,,2163.5,332,332,2,Asia/Kolkata,FALSE,1356031145
Vaddikoppa,Vaddikoppa,,14.0070,75.2503,India,IN,IND,Karnātaka,Karnataka,IN-KA,state,,86.2,332,332,4,Asia/Kolkata,FALSE,1356097944
Dabgunte,Dabgunte,,13.0963,77.8914,India,IN,IND,Karnātaka,Karnataka,IN-KA,state,,530.3,332,332,3,Asia/Kolkata,FALSE,1356956051
Gundlapalli,Gundlapalli,,13.7268,78.0539,India,IN,IND,Karnātaka,Karnataka,IN-KA,state,,188.4,332,332,4,Asia/Kolkata,TRUE,1356565432
Madurāpuri,Madurapuri,,9.2047,77.6223,India,IN,IND,Tamil Nādu,Tamil Nadu,IN-TN,state,,368.6,332,332,3,Asia/Kolkata,FALSE,1356206305
Khirwa,Khirwa,,24.4457,80.0636,India,IN,IND,Madhya Pradesh,Madhya Pradesh,IN-MP,state,,230.0,332,332,3,Asia/Kolkata,TRUE,1356121162
Bishunpur,Bishunpur,,25.7693,85.0671,India,IN,IND,Bihār,Bihar,IN-BR,state,,2013.5,332,332,2,Asia/Kolkata,TRUE,1356010287
Pānabandh,Panabandh,,19.1978,83.1007,India,IN,IND,Odisha,Odisha,IN-OR,state,,320.1,332,332,3,Asia/Kolkata,FALSE,1356745572
Barhaiya Kol,Barhaiya Kol,,25.4965,85.0820,India,IN,IND,Bihār,Bihar,IN-BR,state,,3386.0,332,332,2,Asia/Kolkata,FALSE,1356617834
Bāijoro,Baijoro,,22.6369,85.5365,India,IN,IND,Jhārkhand,Jharkhand,IN-JH,state,,108.2,332,332,4,Asia/Kolkata,FALSE,1356202202
Ahmadpur,Ahmadpur,,31.0068,76.5717,India,IN,IND,Punjab,Punjab,IN-PB,state,,430.6,332,332,3,Asia/Kolkata,TRUE,1356119316
Bara Āmni,Bara Amni,,21.7938,85.6253,India,IN,IND,Odisha,Odisha,IN-OR,state,,310.6,332,332,3,Asia/Kolkata,FALSE,1356237944
Jamra,Jamra,,25.6284,87.9614,India,IN,IND,Bihār,Bihar,IN-BR,state,,1260.2,332,332,3,Asia/Kolkata,TRUE,1356401132
Tikra Maheshpuri,Tikra Maheshpuri,,23.0598,80.7454,India,IN,IND,Madhya Pradesh,Madhya Pradesh,IN-MP,state,,63.3,332,332,4,Asia/Kolkata,FALSE,1356935750
Malang Shāhwāla,Malang Shahwala,,31.0629,75.0757,India,IN,IND,Punjab,Punjab,IN-PB,state,,441.9,331,331,3,Asia/Kolkata,FALSE,1356015460
Mahādeodih,Mahadeodih,,24.0847,86.2118,India,IN,IND,Jhārkhand,Jharkhand,IN-JH,state,,342.9,331,331,3,Asia/Kolkata,TRUE,1356251606
Tippanahalli,Tippanahalli,,13.4119,76.1209,India,IN,IND,Karnātaka,Karnataka,IN-KA,state,,205.0,331,331,3,Asia/Kolkata,TRUE,1356401252
Madhusudanpur,Madhusudanpur,,20.6803,84.4121,India,IN,IND,Odisha,Odisha,IN-OR,state,,202.1,331,331,3,Asia/Kolkata,FALSE,1356262009
Ghongdikop,Ghongdikop,,15.4753,75.0889,India,IN,IND,Karnātaka,Karnataka,IN-KA,state,,1198.9,331,331,3,Asia/Kolkata,FALSE,1356511326
Budarālla,Budaralla,,17.7288,82.2531,India,IN,IND,Andhra Pradesh,Andhra Pradesh,IN-AP,state,,55.1,331,331,4,Asia/Kolkata,FALSE,1356008988
Pipalkheri,Pipalkheri,,24.3596,77.1916,India,IN,IND,Madhya Pradesh,Madhya Pradesh,IN-MP,state,,249.0,331,331,3,Asia/Kolkata,TRUE,1356237137
Chhandana,Chhandana,,24.1921,82.3346,India,IN,IND,Madhya Pradesh,Madhya Pradesh,IN-MP,state,,258.1,331,331,3,Asia/Kolkata,FALSE,1356137231
Korkasba,Korkasba,,32.4956,75.3376,India,IN,IND,Jammu and Kashmīr,Jammu and Kashmir,IN-JK,state,,323.6,331,331,3,Asia/Kolkata,FALSE,1356791977
Churgi,Churgi,,22.9554,85.1239,India,IN,IND,Jhārkhand,Jharkhand,IN-JH,state,,250.7,331,331,3,Asia/Kolkata,TRUE,1356189914
Gaudanakatte,Gaudanakatte,,13.3142,76.4028,India,IN,IND,Karnātaka,Karnataka,IN-KA,state,,290.0,331,331,3,Asia/Kolkata,FALSE,1356937825
Kamarhat,Kamarhat,,24.8172,81.3803,India,IN,IND,Madhya Pradesh,Madhya Pradesh,IN-MP,state,,341.9,331,331,3,Asia/Kolkata,FALSE,1356031038
Ganesh Chak,Ganesh Chak,,24.5406,84.9393,India,IN,IND,Bihār,Bihar,IN-BR,state,,731.6,331,331,3,Asia/Kolkata,TRUE,1356607604
Asānbāni,Asanbani,,24.7137,87.6587,India,IN,IND,Jhārkhand,Jharkhand,IN-JH,state,,360.4,331,331,3,Asia/Kolkata,TRUE,1356028658
Chak Fātima,Chak Fatima,,25.8336,85.6401,India,IN,IND,Bihār,Bihar,IN-BR,state,,2375.7,331,331,2,Asia/Kolkata,FALSE,1356117642
Pandiam,Pandiam,,17.7447,80.2120,India,IN,IND,Telangāna,Telangana,IN-TG,state,,48.2,331,331,4,Asia/Kolkata,FALSE,1356596368
Borapura,Borapura,,12.6296,76.6999,India,IN,IND,Karnātaka,Karnataka,IN-KA,state,,371.2,331,331,3,Asia/Kolkata,TRUE,1356538395
Kallaravāllapalli,Kallaravallapalli,,13.8233,78.0621,India,IN,IND,Karnātaka,Karnataka,IN-KA,state,,188.4,331,331,4,Asia/Kolkata,FALSE,1356832370
Kotiya,Kotiya,,18.6576,83.0581,India,IN,IND,Andhra Pradesh,Andhra Pradesh,IN-AP,state,,288.3,331,331,3,Asia/Kolkata,FALSE,1356830951
Sindhiguda,Sindhiguda,,19.8069,83.8343,India,IN,IND,Odisha,Odisha,IN-OR,state,,60.0,331,331,4,Asia/Kolkata,TRUE,1356134538
Gamharia,Gamharia,,24.7486,83.5378,India,IN,IND,Bihār,Bihar,IN-BR,state,,79.2,331,331,4,Asia/Kolkata,TRUE,1356723150
Damgarh,Damgarh,,22.7349,81.7058,India,IN,IND,Madhya Pradesh,Madhya Pradesh,IN-MP,state,,122.0,331,331,4,Asia/Kolkata,FALSE,1356595243
Pohiāri,Pohiari,,25.6925,85.4896,India,IN,IND,Bihār,Bihar,IN-BR,state,,2492.0,331,331,2,Asia/Kolkata,FALSE,1356833012
Huralihalli,Huralihalli,,13.7410,75.7685,India,IN,IND,Karnātaka,Karnataka,IN-KA,state,,190.7,331,331,4,Asia/Kolkata,TRUE,1356848879
Ujrāha,Ujraha,,26.1008,84.3490,India,IN,IND,Bihār,Bihar,IN-BR,state,,2505.1,331,331,2,Asia/Kolkata,FALSE,1356089209
Pattana,Pattana,,12.9410,76.0119,India,IN,IND,Karnātaka,Karnataka,IN-KA,state,,198.7,331,331,4,Asia/Kolkata,FALSE,1356887902
Kumhāri,Kumhari,,24.3271,85.2482,India,IN,IND,Jhārkhand,Jharkhand,IN-JH,state,,558.1,331,331,3,Asia/Kolkata,FALSE,1356013513
Dongarborī,Dongarbori,,21.9696,80.1525,India,IN,IND,Madhya Pradesh,Madhya Pradesh,IN-MP,state,,152.8,331,331,4,Asia/Kolkata,FALSE,1356448925
Kaliānpur,Kalianpur,,23.2665,80.3197,India,IN,IND,Madhya Pradesh,Madhya Pradesh,IN-MP,state,,156.1,331,331,4,Asia/Kolkata,TRUE,1356131965
Sūrajpura,Surajpura,,22.5206,80.1333,India,IN,IND,Madhya Pradesh,Madhya Pradesh,IN-MP,state,,139.6,331,331,4,Asia/Kolkata,TRUE,1356230209
Budaha,Budaha,,24.7246,82.0073,India,IN,IND,Madhya Pradesh,Madhya Pradesh,IN-MP,state,,289.0,331,331,3,Asia/Kolkata,FALSE,1356021386
Sekhpur,Sekhpur,,23.1740,84.0880,India,IN,IND,Jhārkhand,Jharkhand,IN-JH,state,,210.8,331,331,3,Asia/Kolkata,TRUE,1356195973
Yarehalli,Yarehalli,,13.4259,76.2011,India,IN,IND,Karnātaka,Karnataka,IN-KA,state,,272.6,331,331,3,Asia/Kolkata,TRUE,1356026405
Dadhkitānr,Dadhkitanr,,23.6901,85.9590,India,IN,IND,Jhārkhand,Jharkhand,IN-JH,state,,524.7,331,331,3,Asia/Kolkata,FALSE,1356184408
Shirāz Mazra,Shiraz Mazra,,30.7060,76.3315,India,IN,IND,Punjab,Punjab,IN-PB,state,,887.0,331,331,3,Asia/Kolkata,FALSE,1356804166
Amatiganhalli,Amatiganhalli,,13.4028,77.9963,India,IN,IND,Karnātaka,Karnataka,IN-KA,state,,348.1,331,331,3,Asia/Kolkata,FALSE,1356818532
Chainpura,Chainpura,,23.9207,76.8475,India,IN,IND,Madhya Pradesh,Madhya Pradesh,IN-MP,state,,280.9,331,331,3,Asia/Kolkata,TRUE,1356775229
Gajanda,Gajanda,,23.2746,78.2744,India,IN,IND,Madhya Pradesh,Madhya Pradesh,IN-MP,state,,148.6,331,331,4,Asia/Kolkata,FALSE,1356272897
Sultānpur,Sultanpur,,30.9652,76.3553,India,IN,IND,Punjab,Punjab,IN-PB,state,,553.0,331,331,3,Asia/Kolkata,TRUE,1356048184
Māemsor,Maemsor,,22.6089,84.9751,India,IN,IND,Jhārkhand,Jharkhand,IN-JH,state,,161.8,331,331,4,Asia/Kolkata,FALSE,1356197128
Kuchilāpāli,Kuchilapali,,21.8523,84.4040,India,IN,IND,Odisha,Odisha,IN-OR,state,,169.2,331,331,4,Asia/Kolkata,FALSE,1356247191
Amāntpāli,Amantpali,,21.8117,84.9727,India,IN,IND,Odisha,Odisha,IN-OR,state,,172.0,331,331,4,Asia/Kolkata,FALSE,1356241538
Gandepūdi,Gandepudi,,16.5175,81.0598,India,IN,IND,Andhra Pradesh,Andhra Pradesh,IN-AP,state,,261.7,331,331,3,Asia/Kolkata,FALSE,1356095125
Rajāmunda,Rajamunda,,21.6903,84.2800,India,IN,IND,Odisha,Odisha,IN-OR,state,,181.4,331,331,4,Asia/Kolkata,TRUE,1356249885
Māhu,Mahu,,23.4794,76.2154,India,IN,IND,Madhya Pradesh,Madhya Pradesh,IN-MP,state,,270.2,331,331,3,Asia/Kolkata,TRUE,1356091615
Bhuri Ghāti,Bhuri Ghati,,22.4769,75.5501,India,IN,IND,Madhya Pradesh,Madhya Pradesh,IN-MP,state,,401.1,331,331,3,Asia/Kolkata,FALSE,1356332417
Shirlu,Shirlu,,13.2937,75.1605,India,IN,IND,Karnātaka,Karnataka,IN-KA,state,,84.6,331,331,4,Asia/Kolkata,FALSE,1356823648
Nayāpur,Nayapur,,22.4574,76.7879,India,IN,IND,Madhya Pradesh,Madhya Pradesh,IN-MP,state,,179.3,331,331,4,Asia/Kolkata,FALSE,1356989388
Devarahalli,Devarahalli,,13.2638,78.0587,India,IN,IND,Karnātaka,Karnataka,IN-KA,state,,498.0,331,331,3,Asia/Kolkata,FALSE,1356088474
Bhaliāpadar,Bhaliapadar,,20.8444,84.2886,India,IN,IND,Odisha,Odisha,IN-OR,state,,202.1,331,331,3,Asia/Kolkata,TRUE,1356262791
Tālbera,Talbera,,21.6535,84.4197,India,IN,IND,Odisha,Odisha,IN-OR,state,,181.4,331,331,4,Asia/Kolkata,TRUE,1356250799
Raharādīh,Raharadih,,23.1434,85.8744,India,IN,IND,Jhārkhand,Jharkhand,IN-JH,state,,461.1,331,331,3,Asia/Kolkata,FALSE,1356177085
Bethiasāhi,Bethiasahi,,20.4878,84.8794,India,IN,IND,Odisha,Odisha,IN-OR,state,,81.8,331,331,4,Asia/Kolkata,FALSE,1356198865
Gadiaun,Gadiaun,,24.9098,87.0829,India,IN,IND,Bihār,Bihar,IN-BR,state,,1458.8,331,331,3,Asia/Kolkata,FALSE,1356037237
Dubā,Duba,,23.9571,84.2085,India,IN,IND,Jhārkhand,Jharkhand,IN-JH,state,,1090.7,331,331,3,Asia/Kolkata,FALSE,1356188834
Bānskāta,Banskata,,22.0928,85.6579,India,IN,IND,Jhārkhand,Jharkhand,IN-JH,state,,317.7,331,331,3,Asia/Kolkata,FALSE,1356183744
Mādhopur,Madhopur,,24.4250,85.8361,India,IN,IND,Jhārkhand,Jharkhand,IN-JH,state,,361.1,331,331,3,Asia/Kolkata,TRUE,1356254863
Kotāgāra,Kotagara,,22.7339,85.3897,India,IN,IND,Jhārkhand,Jharkhand,IN-JH,state,,316.2,331,331,3,Asia/Kolkata,FALSE,1356172806
Mahugaon,Mahugaon,,23.3194,84.5702,India,IN,IND,Jhārkhand,Jharkhand,IN-JH,state,,272.4,331,331,3,Asia/Kolkata,TRUE,1356196838
Bijhuwa,Bijhuwa,,23.3509,79.9152,India,IN,IND,Madhya Pradesh,Madhya Pradesh,IN-MP,state,,419.5,331,331,3,Asia/Kolkata,FALSE,1356756419
Pachambā,Pachamba,,24.0672,84.5220,India,IN,IND,Jhārkhand,Jharkhand,IN-JH,state,,422.9,331,331,3,Asia/Kolkata,TRUE,1356717654
Palāspāni,Palaspani,,22.8240,77.2934,India,IN,IND,Madhya Pradesh,Madhya Pradesh,IN-MP,state,,180.1,331,331,4,Asia/Kolkata,TRUE,1356025471
Alekhpur,Alekhpur,,20.8008,84.6364,India,IN,IND,Odisha,Odisha,IN-OR,state,,95.3,331,331,4,Asia/Kolkata,FALSE,1356233422
Lagura,Lagura,,22.8228,85.3795,India,IN,IND,Jhārkhand,Jharkhand,IN-JH,state,,316.2,331,331,3,Asia/Kolkata,FALSE,1356181746
Bāijhāri,Baijhari,,20.3543,84.6467,India,IN,IND,Odisha,Odisha,IN-OR,state,,74.4,331,331,4,Asia/Kolkata,FALSE,1356235870
Rekuti,Rekuti,,21.1696,85.6115,India,IN,IND,Odisha,Odisha,IN-OR,state,,122.5,331,331,4,Asia/Kolkata,FALSE,1356261002
Bakwāra,Bakwara,,22.2707,80.1735,India,IN,IND,Madhya Pradesh,Madhya Pradesh,IN-MP,state,,152.8,331,331,4,Asia/Kolkata,TRUE,1356723808
Gamhāritānr,Gamharitanr,,24.5702,86.0721,India,IN,IND,Jhārkhand,Jharkhand,IN-JH,state,,285.2,331,331,3,Asia/Kolkata,FALSE,1356244474
Lutfullah Chak,Lutfullah Chak,,25.2903,84.9789,India,IN,IND,Bihār,Bihar,IN-BR,state,,1507.2,331,331,3,Asia/Kolkata,FALSE,1356943836
Horabail,Horabail,,14.0667,75.3181,India,IN,IND,Karnātaka,Karnataka,IN-KA,state,,486.2,331,331,3,Asia/Kolkata,FALSE,1356546579
Ghatera,Ghatera,,23.3947,79.7728,India,IN,IND,Madhya Pradesh,Madhya Pradesh,IN-MP,state,,378.5,331,331,3,Asia/Kolkata,FALSE,1356057512
Iravaseri,Iravaseri,,9.9504,78.8395,India,IN,IND,Tamil Nādu,Tamil Nadu,IN-TN,state,,274.2,331,331,3,Asia/Kolkata,FALSE,1356218004
Lugura Sugura,Lugura Sugura,Karela,25.3761,83.8988,India,IN,IND,Bihār,Bihar,IN-BR,state,,617.4,331,331,3,Asia/Kolkata,FALSE,1356589143
Dundupiri,Dundupiri,,22.9488,85.4071,India,IN,IND,Jhārkhand,Jharkhand,IN-JH,state,,274.7,331,331,3,Asia/Kolkata,FALSE,1356185477
Chukru,Chukru,,22.9370,85.0149,India,IN,IND,Jhārkhand,Jharkhand,IN-JH,state,,250.7,331,331,3,Asia/Kolkata,TRUE,1356177110
Jamuniātānr,Jamuniatanr,,24.2155,85.9660,India,IN,IND,Jhārkhand,Jharkhand,IN-JH,state,,714.2,331,331,3,Asia/Kolkata,FALSE,1356257687
Bīrsinghpura,Birsinghpura,,25.4242,78.8738,India,IN,IND,Madhya Pradesh,Madhya Pradesh,IN-MP,state,,314.3,331,331,3,Asia/Kolkata,FALSE,1356105374
Garha,Garha,,30.9441,75.6956,India,IN,IND,Punjab,Punjab,IN-PB,state,,736.9,331,331,3,Asia/Kolkata,FALSE,1356817135
Maharkhua,Maharkhua,,24.4551,79.8080,India,IN,IND,Madhya Pradesh,Madhya Pradesh,IN-MP,state,,125.9,331,331,4,Asia/Kolkata,FALSE,1356091172
Jhāgri,Jhagri,,23.9094,79.4814,India,IN,IND,Madhya Pradesh,Madhya Pradesh,IN-MP,state,,486.8,331,331,3,Asia/Kolkata,FALSE,1356959006
Sān Hindol,San Hindol,,21.0795,84.2554,India,IN,IND,Odisha,Odisha,IN-OR,state,,79.7,331,331,4,Asia/Kolkata,FALSE,1356237479
Andia,Andia,,23.0589,79.7622,India,IN,IND,Madhya Pradesh,Madhya Pradesh,IN-MP,state,,1317.7,331,331,3,Asia/Kolkata,FALSE,1356463998
Mundla Kalma,Mundla Kalma,,22.8918,75.5618,India,IN,IND,Madhya Pradesh,Madhya Pradesh,IN-MP,state,,324.5,330,330,3,Asia/Kolkata,FALSE,1356601665
Bakharda,Bakharda,,24.9370,87.2121,India,IN,IND,Jhārkhand,Jharkhand,IN-JH,state,,722.8,330,330,3,Asia/Kolkata,FALSE,1356125349
Urjhaniāl,Urjhanial,,24.3442,77.4379,India,IN,IND,Madhya Pradesh,Madhya Pradesh,IN-MP,state,,247.9,330,330,3,Asia/Kolkata,FALSE,1356053005
Kurundāh,Kurundah,,24.1817,87.6716,India,IN,IND,West Bengal,West Bengal,IN-WB,state,,657.4,330,330,3,Asia/Kolkata,FALSE,1356553957
Simariā,Simaria,,23.3229,80.3716,India,IN,IND,Madhya Pradesh,Madhya Pradesh,IN-MP,state,,250.9,330,330,3,Asia/Kolkata,TRUE,1356580509
Korāmbe,Korambe,,24.0838,85.1075,India,IN,IND,Jhārkhand,Jharkhand,IN-JH,state,,305.8,330,330,3,Asia/Kolkata,TRUE,1356476142
Sutlamane,Sutlamane,,14.2983,74.7304,India,IN,IND,Karnātaka,Karnataka,IN-KA,state,,116.3,330,330,4,Asia/Kolkata,FALSE,1356340785
Metiāchua,Metiachua,,24.2881,87.6641,India,IN,IND,Jhārkhand,Jharkhand,IN-JH,state,,490.1,330,330,3,Asia/Kolkata,FALSE,1356051353
Kilimesu,Kilimesu,,18.8030,83.2066,India,IN,IND,Odisha,Odisha,IN-OR,state,,90.7,330,330,4,Asia/Kolkata,FALSE,1356902218
Lagamenhalli,Lagamenhalli,,13.0755,77.7561,India,IN,IND,Karnātaka,Karnataka,IN-KA,state,,530.0,330,330,3,Asia/Kolkata,FALSE,1356472552
Sākli,Sakli,,21.4236,77.7222,India,IN,IND,Madhya Pradesh,Madhya Pradesh,IN-MP,state,,129.5,330,330,4,Asia/Kolkata,FALSE,1356949812
Karaundi,Karaundi,,24.4910,81.8774,India,IN,IND,Madhya Pradesh,Madhya Pradesh,IN-MP,state,,256.7,330,330,3,Asia/Kolkata,TRUE,1356126653
Barod Pīplya,Barod Piplya,,22.9519,75.9550,India,IN,IND,Madhya Pradesh,Madhya Pradesh,IN-MP,state,,460.6,330,330,3,Asia/Kolkata,FALSE,1356879319
Dhode Mājra,Dhode Majra,,30.8111,76.7169,India,IN,IND,Punjab,Punjab,IN-PB,state,,1045.5,330,330,3,Asia/Kolkata,FALSE,1356069077
Bilāgi,Bilagi,,14.4086,75.1167,India,IN,IND,Karnātaka,Karnataka,IN-KA,state,,197.8,330,330,4,Asia/Kolkata,FALSE,1356926087
Nandora,Nandora,,22.3352,79.4464,India,IN,IND,Madhya Pradesh,Madhya Pradesh,IN-MP,state,,238.7,330,330,3,Asia/Kolkata,TRUE,1356933690
Koilkota,Koilkota,,19.2616,83.8183,India,IN,IND,Odisha,Odisha,IN-OR,state,,125.5,330,330,4,Asia/Kolkata,FALSE,1356239752
Kankrajori,Kankrajori,,21.0314,83.5088,India,IN,IND,Odisha,Odisha,IN-OR,state,,448.7,330,330,3,Asia/Kolkata,FALSE,1356263481
Gobardāha,Gobardaha,,24.6896,85.8910,India,IN,IND,Jhārkhand,Jharkhand,IN-JH,state,,397.8,330,330,3,Asia/Kolkata,TRUE,1356239373
Siddāpur,Siddapur,,13.2262,77.1673,India,IN,IND,Karnātaka,Karnataka,IN-KA,state,,597.9,330,330,3,Asia/Kolkata,FALSE,1356687576
Semrajerghāti,Semrajerghati,,23.4658,78.0422,India,IN,IND,Madhya Pradesh,Madhya Pradesh,IN-MP,state,,218.2,330,330,3,Asia/Kolkata,FALSE,1356036113
Bamhani Kalān,Bamhani Kalan,,22.7563,79.1960,India,IN,IND,Madhya Pradesh,Madhya Pradesh,IN-MP,state,,88.1,330,330,4,Asia/Kolkata,FALSE,1356594691
Hadlagi,Hadlagi,,14.5706,75.0043,India,IN,IND,Karnātaka,Karnataka,IN-KA,state,,155.2,330,330,4,Asia/Kolkata,FALSE,1356004639
Palma,Palma,,25.2335,87.6029,India,IN,IND,Jhārkhand,Jharkhand,IN-JH,state,,661.5,330,330,3,Asia/Kolkata,TRUE,1356267679
Sasna Khurd,Sasna Khurd,,23.4159,79.3596,India,IN,IND,Madhya Pradesh,Madhya Pradesh,IN-MP,state,,126.8,330,330,4,Asia/Kolkata,FALSE,1356844739
Khurasingi,Khurasingi,,19.0149,83.6124,India,IN,IND,Andhra Pradesh,Andhra Pradesh,IN-AP,state,,152.1,330,330,4,Asia/Kolkata,FALSE,1356739276
Melpulam,Melpulam,,12.7300,79.4078,India,IN,IND,Tamil Nādu,Tamil Nadu,IN-TN,state,,423.0,330,330,3,Asia/Kolkata,TRUE,1356803205
Chottakyāthanahalli,Chottakyathanahalli,,12.7666,76.7181,India,IN,IND,Karnātaka,Karnataka,IN-KA,state,,190.5,330,330,4,Asia/Kolkata,FALSE,1356006234
Barāmasia,Baramasia,,24.3376,86.2642,India,IN,IND,Jhārkhand,Jharkhand,IN-JH,state,,691.5,330,330,3,Asia/Kolkata,TRUE,1356183137
Teda,Teda,,19.1115,83.5938,India,IN,IND,Andhra Pradesh,Andhra Pradesh,IN-AP,state,,339.6,330,330,3,Asia/Kolkata,FALSE,1356092128
Dummur,Dummur,,18.6969,80.2876,India,IN,IND,Telangāna,Telangana,IN-TG,state,,33.9,330,330,4,Asia/Kolkata,FALSE,1356979266
Nāganpur,Naganpur,,24.3811,77.2306,India,IN,IND,Madhya Pradesh,Madhya Pradesh,IN-MP,state,,249.0,330,330,3,Asia/Kolkata,FALSE,1356944670
Sonedih,Sonedih,,24.3797,85.7759,India,IN,IND,Jhārkhand,Jharkhand,IN-JH,state,,361.1,330,330,3,Asia/Kolkata,FALSE,1356257596
Sūrajpura,Surajpura,,26.2926,78.3445,India,IN,IND,Madhya Pradesh,Madhya Pradesh,IN-MP,state,,718.4,330,330,3,Asia/Kolkata,FALSE,1356600477
Jogeswar,Jogeswar,,24.7207,87.6054,India,IN,IND,Jhārkhand,Jharkhand,IN-JH,state,,360.4,330,330,3,Asia/Kolkata,FALSE,1356033011
Rajaha,Rajaha,,24.7555,81.5449,India,IN,IND,Madhya Pradesh,Madhya Pradesh,IN-MP,state,,463.7,330,330,3,Asia/Kolkata,FALSE,1356410246
Kharwādih,Kharwadih,,22.9646,84.5869,India,IN,IND,Jhārkhand,Jharkhand,IN-JH,state,,157.6,330,330,4,Asia/Kolkata,TRUE,1356198541
Hinotiya Khurd,Hinotiya Khurd,,23.7700,78.3508,India,IN,IND,Madhya Pradesh,Madhya Pradesh,IN-MP,state,,227.4,330,330,3,Asia/Kolkata,FALSE,1356513472
Salkhania,Salkhania,,23.7577,80.8984,India,IN,IND,Madhya Pradesh,Madhya Pradesh,IN-MP,state,,273.4,330,330,3,Asia/Kolkata,FALSE,1356772217
Makhnahapar,Makhnahapar,,25.7262,87.3364,India,IN,IND,Bihār,Bihar,IN-BR,state,,994.6,330,330,3,Asia/Kolkata,FALSE,1356646909
Dudhauri,Dudhauri,,24.2639,84.7893,India,IN,IND,Jhārkhand,Jharkhand,IN-JH,state,,463.9,330,330,3,Asia/Kolkata,FALSE,1356199180
Gobindpāli,Gobindpali,,21.3592,83.8844,India,IN,IND,Odisha,Odisha,IN-OR,state,,298.2,330,330,3,Asia/Kolkata,TRUE,1356114363
Pahārī Khurd,Pahari Khurd,,24.0142,84.2522,India,IN,IND,Jhārkhand,Jharkhand,IN-JH,state,,560.4,330,330,3,Asia/Kolkata,FALSE,1356858434
Tarava,Tarava,,20.7007,84.8398,India,IN,IND,Odisha,Odisha,IN-OR,state,,64.1,330,330,4,Asia/Kolkata,FALSE,1356176395
Tentuliapalli,Tentuliapalli,,20.3604,84.9269,India,IN,IND,Odisha,Odisha,IN-OR,state,,179.6,330,330,4,Asia/Kolkata,TRUE,1356199347
Dongargaon,Dongargaon,,20.0619,82.5134,India,IN,IND,Odisha,Odisha,IN-OR,state,,174.0,330,330,4,Asia/Kolkata,FALSE,1356148652
Mastewāla,Mastewala,,30.9919,75.1436,India,IN,IND,Punjab,Punjab,IN-PB,state,,485.5,330,330,3,Asia/Kolkata,FALSE,1356698379
Bhopatpur,Bhopatpur,,26.5106,84.1360,India,IN,IND,Bihār,Bihar,IN-BR,state,,1191.1,330,330,3,Asia/Kolkata,TRUE,1356934938
Tapriān,Taprian,,30.8585,76.2193,India,IN,IND,Punjab,Punjab,IN-PB,state,,542.1,330,330,3,Asia/Kolkata,TRUE,1356237847
Chandanpura,Chandanpura,,24.4580,79.5015,India,IN,IND,Madhya Pradesh,Madhya Pradesh,IN-MP,state,,125.9,330,330,4,Asia/Kolkata,TRUE,1356046596
Kāzi Dehri,Kazi Dehri,,25.3856,84.1831,India,IN,IND,Bihār,Bihar,IN-BR,state,,2610.0,330,330,2,Asia/Kolkata,FALSE,1356902145
Ingara,Ingara,,24.2295,82.5949,India,IN,IND,Madhya Pradesh,Madhya Pradesh,IN-MP,state,,187.6,330,330,4,Asia/Kolkata,FALSE,1356012713
Pālinga,Palinga,,21.8045,77.3703,India,IN,IND,Madhya Pradesh,Madhya Pradesh,IN-MP,state,,129.5,330,330,4,Asia/Kolkata,FALSE,1356370972
Semri Buzurg,Semri Buzurg,,24.9855,77.5101,India,IN,IND,Madhya Pradesh,Madhya Pradesh,IN-MP,state,,210.2,330,330,3,Asia/Kolkata,FALSE,1356008201
Joganahalli,Joganahalli,,13.1679,76.2459,India,IN,IND,Karnātaka,Karnataka,IN-KA,state,,272.6,330,330,3,Asia/Kolkata,FALSE,1356385396
Tilopāda,Tilopada,,22.6770,85.5563,India,IN,IND,Jhārkhand,Jharkhand,IN-JH,state,,490.5,330,330,3,Asia/Kolkata,FALSE,1356208824
Panwāsa,Panwasa,,22.7390,76.1510,India,IN,IND,Madhya Pradesh,Madhya Pradesh,IN-MP,state,,564.6,330,330,3,Asia/Kolkata,FALSE,1356249286
Shilbāji,Shilbaji,,26.4796,89.9915,India,IN,IND,Assam,Assam,IN-AS,state,,308.2,330,330,3,Asia/Kolkata,FALSE,1356214365
Bugna,Bugna,,32.1194,75.3391,India,IN,IND,Punjab,Punjab,IN-PB,state,,599.6,330,330,3,Asia/Kolkata,FALSE,1356081680
Bhavasvalli,Bhavasvalli,,12.9848,75.9422,India,IN,IND,Karnātaka,Karnataka,IN-KA,state,,198.7,330,330,4,Asia/Kolkata,FALSE,1356163765
Shiw Diāri,Shiw Diari,,26.0280,84.7703,India,IN,IND,Bihār,Bihar,IN-BR,state,,2219.1,330,330,2,Asia/Kolkata,FALSE,1356919121
Gogātolā,Gogatola,,21.9866,80.5476,India,IN,IND,Madhya Pradesh,Madhya Pradesh,IN-MP,state,,121.7,330,330,4,Asia/Kolkata,TRUE,1356249094
Palātan,Palatan,Palātun,32.8432,74.4481,India,IN,IND,Jammu and Kashmīr,Jammu and Kashmir,IN-JK,state,,344.3,330,330,3,Asia/Kolkata,FALSE,1356767208
Bellalacheruvu,Bellalacheruvu,,13.9773,77.6840,India,IN,IND,Andhra Pradesh,Andhra Pradesh,IN-AP,state,,255.1,330,330,3,Asia/Kolkata,FALSE,1356223314
Mahālingkudar,Mahalingkudar,,21.5891,84.3189,India,IN,IND,Odisha,Odisha,IN-OR,state,,112.2,330,330,4,Asia/Kolkata,FALSE,1356250778
Guru Sālwe,Guru Salwe,,23.8676,84.8229,India,IN,IND,Jhārkhand,Jharkhand,IN-JH,state,,226.9,330,330,3,Asia/Kolkata,FALSE,1356183852
Paramat Gārlapādu,Paramat Garlapadu,,15.8824,77.7843,India,IN,IND,Telangāna,Telangana,IN-TG,state,,218.7,330,330,3,Asia/Kolkata,FALSE,1356047265
Gaumatpur,Gaumatpur,,24.2263,79.0399,India,IN,IND,Madhya Pradesh,Madhya Pradesh,IN-MP,state,,170.1,330,330,4,Asia/Kolkata,FALSE,1356604857
Bara,Bara,,24.6803,80.6611,India,IN,IND,Madhya Pradesh,Madhya Pradesh,IN-MP,state,,1308.5,330,330,3,Asia/Kolkata,FALSE,1356053586
Larauli,Larauli,,22.8407,85.3063,India,IN,IND,Jhārkhand,Jharkhand,IN-JH,state,,108.2,330,330,4,Asia/Kolkata,FALSE,1356177450
Tarlābai,Tarlabai,,19.1925,83.4489,India,IN,IND,Odisha,Odisha,IN-OR,state,,339.6,330,330,3,Asia/Kolkata,FALSE,1356071335
Sandali,Sandali,,14.4882,74.9270,India,IN,IND,Karnātaka,Karnataka,IN-KA,state,,197.8,330,330,4,Asia/Kolkata,FALSE,1356952548
Siregaon,Siregaon,,22.1721,79.9717,India,IN,IND,Madhya Pradesh,Madhya Pradesh,IN-MP,state,,214.0,330,330,3,Asia/Kolkata,TRUE,1356441678
Dhobātāma,Dhobatama,,22.8852,85.9902,India,IN,IND,Jhārkhand,Jharkhand,IN-JH,state,,519.5,330,330,3,Asia/Kolkata,FALSE,1356236871
Dasandhipāra,Dasandhipara,,20.3669,84.5550,India,IN,IND,Odisha,Odisha,IN-OR,state,,74.4,330,330,4,Asia/Kolkata,FALSE,1356231591
Marla,Marla,,23.4203,79.9543,India,IN,IND,Madhya Pradesh,Madhya Pradesh,IN-MP,state,,301.8,330,330,3,Asia/Kolkata,FALSE,1356106434
Buru Kendūda,Buru Kenduda,,22.5373,85.0727,India,IN,IND,Jhārkhand,Jharkhand,IN-JH,state,,161.8,330,330,4,Asia/Kolkata,FALSE,1356181680
Boipāju,Boipaju,,20.3232,84.7610,India,IN,IND,Odisha,Odisha,IN-OR,state,,179.6,330,330,4,Asia/Kolkata,FALSE,1356194537
Dudhaposi,Dudhaposi,,21.6619,84.5594,India,IN,IND,Odisha,Odisha,IN-OR,state,,113.2,330,330,4,Asia/Kolkata,FALSE,1356261257
Chhāpar,Chhapar,,23.9679,84.4893,India,IN,IND,Jhārkhand,Jharkhand,IN-JH,state,,422.9,330,330,3,Asia/Kolkata,FALSE,1356178359
Khutahari,Khutahari,,25.9173,87.1547,India,IN,IND,Bihār,Bihar,IN-BR,state,,1284.5,330,330,3,Asia/Kolkata,TRUE,1356039886
Bāghlāta,Baghlata,,22.6441,84.4635,India,IN,IND,Jhārkhand,Jharkhand,IN-JH,state,,280.8,330,330,3,Asia/Kolkata,FALSE,1356227480
Darji Torār,Darji Torar,,23.2296,85.2776,India,IN,IND,Jhārkhand,Jharkhand,IN-JH,state,,339.1,330,330,3,Asia/Kolkata,FALSE,1356177825
Manāsa,Manasa,,23.5565,76.1565,India,IN,IND,Madhya Pradesh,Madhya Pradesh,IN-MP,state,,285.1,330,330,3,Asia/Kolkata,TRUE,1356644356
Silmaposi,Silmaposi,,21.9222,85.8091,India,IN,IND,Odisha,Odisha,IN-OR,state,,332.8,330,330,3,Asia/Kolkata,FALSE,1356254888
Badegoda,Badegoda,,20.3234,84.2937,India,IN,IND,Odisha,Odisha,IN-OR,state,,161.1,330,330,4,Asia/Kolkata,TRUE,1356261875
Belāspur,Belaspur,,24.8750,83.8581,India,IN,IND,Bihār,Bihar,IN-BR,state,,501.1,330,330,3,Asia/Kolkata,TRUE,1356026623
Milki,Milki,,25.1368,85.2193,India,IN,IND,Bihār,Bihar,IN-BR,state,,1044.7,330,330,3,Asia/Kolkata,TRUE,1356550349
Manjhlādih,Manjhladih,,24.5391,85.9062,India,IN,IND,Jhārkhand,Jharkhand,IN-JH,state,,397.8,330,330,3,Asia/Kolkata,FALSE,1356233197
Sukri,Sukri,,23.2067,84.2202,India,IN,IND,Jhārkhand,Jharkhand,IN-JH,state,,145.1,330,330,4,Asia/Kolkata,TRUE,1356193112
Annāram,Annaram,,19.1877,79.5308,India,IN,IND,Telangāna,Telangana,IN-TG,state,,172.5,330,330,4,Asia/Kolkata,TRUE,1356247712
Hiriyogi,Hiriyogi,,13.8936,75.1459,India,IN,IND,Karnātaka,Karnataka,IN-KA,state,,86.2,330,330,4,Asia/Kolkata,FALSE,1356221270
Bāghdogra,Baghdogra,Bagdogra,26.6993,88.3118,India,IN,IND,West Bengal,West Bengal,IN-WB,state,,937.8,329,329,3,Asia/Kolkata,FALSE,1356914998
Ballabhpur,Ballabhpur,,22.1453,88.3406,India,IN,IND,West Bengal,West Bengal,IN-WB,state,,1877.3,329,329,3,Asia/Kolkata,FALSE,1356106075
Tasangki,Tasangki,,25.3470,93.6580,India,IN,IND,Nāgāland,Nagaland,IN-NL,state,,34.7,329,329,4,Asia/Kolkata,FALSE,1356085604
Serenghātu,Serenghatu,,23.3264,85.8863,India,IN,IND,West Bengal,West Bengal,IN-WB,state,,685.1,329,329,3,Asia/Kolkata,FALSE,1356184496
Kademadakal,Kademadakal,,13.1622,75.6752,India,IN,IND,Karnātaka,Karnataka,IN-KA,state,,138.5,328,328,4,Asia/Kolkata,FALSE,1356726278
Kumāragiri,Kumaragiri,,9.1075,78.0997,India,IN,IND,Tamil Nādu,Tamil Nadu,IN-TN,state,,164.6,328,328,4,Asia/Kolkata,FALSE,1356205721
Chānho,Chanho,,23.0093,85.0746,India,IN,IND,Jhārkhand,Jharkhand,IN-JH,state,,249.5,328,328,3,Asia/Kolkata,TRUE,1356183175
Randiān,Randian,,31.6649,75.6640,India,IN,IND,Punjab,Punjab,IN-PB,state,,516.0,328,328,3,Asia/Kolkata,FALSE,1356864822
Padilikia,Padilikia,,20.1235,84.1517,India,IN,IND,Odisha,Odisha,IN-OR,state,,143.1,328,328,4,Asia/Kolkata,FALSE,1356256714
Totlubande,Totlubande,,13.4024,77.3858,India,IN,IND,Karnātaka,Karnataka,IN-KA,state,,446.9,328,328,3,Asia/Kolkata,FALSE,1356930231
Bhikhanpur,Bhikhanpur,,24.5251,84.7600,India,IN,IND,Bihār,Bihar,IN-BR,state,,724.4,328,328,3,Asia/Kolkata,TRUE,1356890489
Majra,Majra,,24.5999,79.0250,India,IN,IND,Madhya Pradesh,Madhya Pradesh,IN-MP,state,,323.2,328,328,3,Asia/Kolkata,TRUE,1356083090
Ganesh Chak,Ganesh Chak,,24.6238,85.0327,India,IN,IND,Bihār,Bihar,IN-BR,state,,1043.3,328,328,3,Asia/Kolkata,FALSE,1356123801
Gurbera,Gurbera,,23.1113,85.5871,India,IN,IND,Jhārkhand,Jharkhand,IN-JH,state,,240.5,328,328,3,Asia/Kolkata,FALSE,1356186774
Karmā Khurd,Karma Khurd,,24.3039,85.2234,India,IN,IND,Jhārkhand,Jharkhand,IN-JH,state,,549.8,328,328,3,Asia/Kolkata,FALSE,1356444350
Dyavasandra,Dyavasandra,,13.2014,77.8409,India,IN,IND,Karnātaka,Karnataka,IN-KA,state,,530.3,328,328,3,Asia/Kolkata,FALSE,1356929121
Chunchenahalli,Chunchenahalli,,13.7360,77.0795,India,IN,IND,Karnātaka,Karnataka,IN-KA,state,,248.8,328,328,3,Asia/Kolkata,FALSE,1356002097
Balpada,Balpada,,18.5754,82.4078,India,IN,IND,Odisha,Odisha,IN-OR,state,,112.6,328,328,4,Asia/Kolkata,FALSE,1356229973
Beripalli,Beripalli,,13.1936,79.0110,India,IN,IND,Andhra Pradesh,Andhra Pradesh,IN-AP,state,,201.5,328,328,3,Asia/Kolkata,TRUE,1356341707
Bidukhol,Bidukhol,,20.3996,84.3314,India,IN,IND,Odisha,Odisha,IN-OR,state,,138.3,328,328,4,Asia/Kolkata,FALSE,1356261556
Goria,Goria,,24.7817,83.9612,India,IN,IND,Bihār,Bihar,IN-BR,state,,723.3,328,328,3,Asia/Kolkata,FALSE,1356999162
Mahogaon,Mahogaon,,22.3409,78.3224,India,IN,IND,Madhya Pradesh,Madhya Pradesh,IN-MP,state,,191.5,328,328,4,Asia/Kolkata,FALSE,1356516465
Nausa,Nausa,,24.3593,81.6310,India,IN,IND,Madhya Pradesh,Madhya Pradesh,IN-MP,state,,553.7,328,328,3,Asia/Kolkata,FALSE,1356637580
Kesidih,Kesidih,,22.8421,84.6166,India,IN,IND,Jhārkhand,Jharkhand,IN-JH,state,,157.6,328,328,4,Asia/Kolkata,FALSE,1356195882
Langriyāl,Langriyal,,32.4761,75.3070,India,IN,IND,Jammu and Kashmīr,Jammu and Kashmir,IN-JK,state,,323.6,328,328,3,Asia/Kolkata,FALSE,1356121067
Bommulūru Khandrika,Bommuluru Khandrika,,16.6382,81.0024,India,IN,IND,Andhra Pradesh,Andhra Pradesh,IN-AP,state,,411.3,328,328,3,Asia/Kolkata,FALSE,1356029917
Bhāgīrathpur,Bhagirathpur,,25.9952,85.7671,India,IN,IND,Bihār,Bihar,IN-BR,state,,2024.2,328,328,2,Asia/Kolkata,TRUE,1356493206
Garhwa,Garhwa,,24.3018,81.4095,India,IN,IND,Madhya Pradesh,Madhya Pradesh,IN-MP,state,,553.7,328,328,3,Asia/Kolkata,TRUE,1356135685
Naodīha,Naodiha,,24.1835,83.9890,India,IN,IND,Jhārkhand,Jharkhand,IN-JH,state,,296.2,328,328,3,Asia/Kolkata,FALSE,1356680104
Parsiya,Parsiya,,23.1658,79.7354,India,IN,IND,Madhya Pradesh,Madhya Pradesh,IN-MP,state,,300.2,328,328,3,Asia/Kolkata,TRUE,1356522527
Rasilpur,Rasilpur,,24.0364,78.1473,India,IN,IND,Madhya Pradesh,Madhya Pradesh,IN-MP,state,,289.9,328,328,3,Asia/Kolkata,TRUE,1356149250
Sītarāmpuram,Sitarampuram,,18.0199,80.7277,India,IN,IND,Telangāna,Telangana,IN-TG,state,,106.0,328,328,4,Asia/Kolkata,TRUE,1356334888
Badli,Badli,,24.7558,84.4860,India,IN,IND,Bihār,Bihar,IN-BR,state,,1549.2,328,328,3,Asia/Kolkata,FALSE,1356330466
Chandpura Khurd,Chandpura Khurd,,23.2135,78.4372,India,IN,IND,Madhya Pradesh,Madhya Pradesh,IN-MP,state,,148.6,328,328,4,Asia/Kolkata,FALSE,1356150234
Khokhar,Khokhar,,31.8186,75.1311,India,IN,IND,Punjab,Punjab,IN-PB,state,,821.5,328,328,3,Asia/Kolkata,TRUE,1356095970
Bhindwār,Bhindwar,,22.8490,79.0215,India,IN,IND,Madhya Pradesh,Madhya Pradesh,IN-MP,state,,341.1,328,328,3,Asia/Kolkata,FALSE,1356600271
Alvagadde,Alvagadde,,14.9646,74.7060,India,IN,IND,Karnātaka,Karnataka,IN-KA,state,,64.0,328,328,4,Asia/Kolkata,FALSE,1356845293
Bommanahalli,Bommanahalli,,13.3982,76.4401,India,IN,IND,Karnātaka,Karnataka,IN-KA,state,,261.3,328,328,3,Asia/Kolkata,TRUE,1356042584
Tīla Kalān,Tila Kalan,,23.4521,78.0471,India,IN,IND,Madhya Pradesh,Madhya Pradesh,IN-MP,state,,411.0,328,328,3,Asia/Kolkata,FALSE,1356046036
Badberna,Badberna,,21.0590,84.1595,India,IN,IND,Odisha,Odisha,IN-OR,state,,82.7,328,328,4,Asia/Kolkata,FALSE,1356251049
Hannekaranhalli,Hannekaranhalli,,12.8698,77.2707,India,IN,IND,Karnātaka,Karnataka,IN-KA,state,,292.1,328,328,3,Asia/Kolkata,FALSE,1356250481
Jāmchua,Jamchua,,24.2845,87.5686,India,IN,IND,Jhārkhand,Jharkhand,IN-JH,state,,225.0,328,328,3,Asia/Kolkata,TRUE,1356006374
Rattan Nauābād,Rattan Nauabad,,31.3372,75.3150,India,IN,IND,Punjab,Punjab,IN-PB,state,,572.5,328,328,3,Asia/Kolkata,FALSE,1356089091
Baitaranī,Baitarani,,21.5352,85.4621,India,IN,IND,Odisha,Odisha,IN-OR,state,,76.0,328,328,4,Asia/Kolkata,FALSE,1356222260
Girdhabāsia,Girdhabasia,,20.7367,85.1626,India,IN,IND,Odisha,Odisha,IN-OR,state,,487.2,328,328,3,Asia/Kolkata,FALSE,1356245120
Pachgharā,Pachghara,,24.2565,85.2878,India,IN,IND,Jhārkhand,Jharkhand,IN-JH,state,,553.4,328,328,3,Asia/Kolkata,FALSE,1356397711
Mallāpur,Mallapur,,19.0350,78.2721,India,IN,IND,Telangāna,Telangana,IN-TG,state,,219.0,328,328,3,Asia/Kolkata,TRUE,1356031852
Gārādehi,Garadehi,,21.5177,77.8884,India,IN,IND,Madhya Pradesh,Madhya Pradesh,IN-MP,state,,180.1,328,328,4,Asia/Kolkata,FALSE,1356925898
Tulukkappatti,Tulukkappatti,,8.8090,77.6390,India,IN,IND,Tamil Nādu,Tamil Nadu,IN-TN,state,,1436.7,328,328,3,Asia/Kolkata,FALSE,1356211154
Tiko,Tiko,,24.2217,86.1123,India,IN,IND,Jhārkhand,Jharkhand,IN-JH,state,,714.2,328,328,3,Asia/Kolkata,FALSE,1356248862
Pakari,Pakari,,25.6261,84.1362,India,IN,IND,Bihār,Bihar,IN-BR,state,,1191.1,328,328,3,Asia/Kolkata,TRUE,1356111352
Burhi,Burhi,,24.5791,80.4730,India,IN,IND,Madhya Pradesh,Madhya Pradesh,IN-MP,state,,278.1,328,328,3,Asia/Kolkata,TRUE,1356026081
Baksi,Baksi,,22.5014,80.0170,India,IN,IND,Madhya Pradesh,Madhya Pradesh,IN-MP,state,,139.6,328,328,4,Asia/Kolkata,TRUE,1356927598
Bommenahalli,Bommenahalli,,13.0673,75.9636,India,IN,IND,Karnātaka,Karnataka,IN-KA,state,,229.7,328,328,3,Asia/Kolkata,TRUE,1356040587
Jagdispur,Jagdispur,,24.4862,87.7515,India,IN,IND,Jhārkhand,Jharkhand,IN-JH,state,,702.3,328,328,3,Asia/Kolkata,TRUE,1356023234
Chil,Chil,,32.9895,74.5665,India,IN,IND,Jammu and Kashmīr,Jammu and Kashmir,IN-JK,state,,187.8,328,328,4,Asia/Kolkata,FALSE,1356373003
Meruvapalli,Meruvapalli,,13.7781,77.8692,India,IN,IND,Karnātaka,Karnataka,IN-KA,state,,188.4,328,328,4,Asia/Kolkata,FALSE,1356272027
Saraiyā,Saraiya,,23.7337,84.9936,India,IN,IND,Jhārkhand,Jharkhand,IN-JH,state,,380.8,328,328,3,Asia/Kolkata,TRUE,1356184074
Kongla,Kongla,,15.5997,74.3803,India,IN,IND,Karnātaka,Karnataka,IN-KA,state,,159.8,328,328,4,Asia/Kolkata,FALSE,1356350304
Majhauli Khurd,Majhauli Khurd,,24.3188,85.2344,India,IN,IND,Jhārkhand,Jharkhand,IN-JH,state,,553.4,328,328,3,Asia/Kolkata,FALSE,1356153183
Golladoddi,Golladoddi,,13.5268,77.7283,India,IN,IND,Karnātaka,Karnataka,IN-KA,state,,364.2,328,328,3,Asia/Kolkata,FALSE,1356061258
Siltara,Siltara,,23.6234,78.3135,India,IN,IND,Madhya Pradesh,Madhya Pradesh,IN-MP,state,,201.3,328,328,3,Asia/Kolkata,FALSE,1356296638
Bains Khurd,Bains Khurd,,31.5692,75.8558,India,IN,IND,Punjab,Punjab,IN-PB,state,,557.9,328,328,3,Asia/Kolkata,FALSE,1356163724
Hariharpur,Hariharpur,,25.3296,85.5924,India,IN,IND,Bihār,Bihar,IN-BR,state,,1296.2,328,328,3,Asia/Kolkata,TRUE,1356029321
Kaulpur Kalān,Kaulpur Kalan,,32.0310,75.6516,India,IN,IND,Punjab,Punjab,IN-PB,state,,508.3,328,328,3,Asia/Kolkata,FALSE,1356931480
Semarkuhi,Semarkuhi,,22.1794,78.4640,India,IN,IND,Madhya Pradesh,Madhya Pradesh,IN-MP,state,,191.5,328,328,4,Asia/Kolkata,FALSE,1356048440
Khureri,Khureri,,25.2822,80.0107,India,IN,IND,Madhya Pradesh,Madhya Pradesh,IN-MP,state,,366.7,328,328,3,Asia/Kolkata,FALSE,1356607169
Jāmanpāni,Jamanpani,,23.3172,78.6821,India,IN,IND,Madhya Pradesh,Madhya Pradesh,IN-MP,state,,148.6,328,328,4,Asia/Kolkata,TRUE,1356106442
Kerāng,Kerang,,21.1955,85.6539,India,IN,IND,Odisha,Odisha,IN-OR,state,,147.2,328,328,4,Asia/Kolkata,FALSE,1356261023
Balya,Balya,,24.6206,79.3732,India,IN,IND,Madhya Pradesh,Madhya Pradesh,IN-MP,state,,125.9,328,328,4,Asia/Kolkata,TRUE,1356139364
Kutāl,Kutal,,33.2293,75.7563,India,IN,IND,Jammu and Kashmīr,Jammu and Kashmir,IN-JK,state,,107.1,328,328,4,Asia/Kolkata,FALSE,1356010918
Chak Khurdi,Chak Khurdi,,25.7124,85.4928,India,IN,IND,Bihār,Bihar,IN-BR,state,,2492.0,328,328,2,Asia/Kolkata,FALSE,1356487195
Piproda Khurd,Piproda Khurd,,25.2500,77.5943,India,IN,IND,Madhya Pradesh,Madhya Pradesh,IN-MP,state,,160.8,328,328,4,Asia/Kolkata,TRUE,1356924653
Chauriā,Chauria,,24.5766,84.4088,India,IN,IND,Bihār,Bihar,IN-BR,state,,864.5,328,328,3,Asia/Kolkata,TRUE,1356195008
Nawadihwa,Nawadihwa,,24.4154,83.7973,India,IN,IND,Jhārkhand,Jharkhand,IN-JH,state,,560.1,328,328,3,Asia/Kolkata,FALSE,1356111875
Padam,Padam,,23.0596,78.9645,India,IN,IND,Madhya Pradesh,Madhya Pradesh,IN-MP,state,,156.0,328,328,4,Asia/Kolkata,FALSE,1356014061
Kirājolla,Kirajolla,,18.5704,82.8980,India,IN,IND,Odisha,Odisha,IN-OR,state,,151.0,328,328,4,Asia/Kolkata,FALSE,1356760173
Jorko,Jorko,,23.0802,85.0851,India,IN,IND,Jhārkhand,Jharkhand,IN-JH,state,,249.5,328,328,3,Asia/Kolkata,FALSE,1356178535
Babhni,Babhni,,27.1357,84.3913,India,IN,IND,Bihār,Bihar,IN-BR,state,,377.2,328,328,3,Asia/Kolkata,TRUE,1356201889
Rawalpalli,Rawalpalli,,19.1757,79.9413,India,IN,IND,Telangāna,Telangana,IN-TG,state,,97.8,328,328,4,Asia/Kolkata,TRUE,1356007537
Amjhar,Amjhar,,24.2078,85.1846,India,IN,IND,Jhārkhand,Jharkhand,IN-JH,state,,508.1,328,328,3,Asia/Kolkata,TRUE,1356152467
Māuhgāin,Mauhgain,,24.2075,85.2395,India,IN,IND,Jhārkhand,Jharkhand,IN-JH,state,,508.1,328,328,3,Asia/Kolkata,FALSE,1356373359
Tilpura,Tilpura,,25.1385,78.7409,India,IN,IND,Madhya Pradesh,Madhya Pradesh,IN-MP,state,,487.6,328,328,3,Asia/Kolkata,FALSE,1356806033
Bahera,Bahera,,24.4148,83.8116,India,IN,IND,Jhārkhand,Jharkhand,IN-JH,state,,560.1,328,328,3,Asia/Kolkata,TRUE,1356111874
Nārigapuram,Narigapuram,,12.8083,77.9403,India,IN,IND,Tamil Nādu,Tamil Nadu,IN-TN,state,,633.7,328,328,3,Asia/Kolkata,FALSE,1356543318
Daulatpur,Daulatpur,,24.8858,84.7365,India,IN,IND,Bihār,Bihar,IN-BR,state,,540.8,328,328,3,Asia/Kolkata,TRUE,1356071320
Putshettihalli,Putshettihalli,,12.9875,78.0471,India,IN,IND,Karnātaka,Karnataka,IN-KA,state,,392.1,327,327,3,Asia/Kolkata,FALSE,1356122843
Karla,Karla,,22.7854,85.6111,India,IN,IND,Jhārkhand,Jharkhand,IN-JH,state,,490.5,327,327,3,Asia/Kolkata,FALSE,1356257946
Kalrauni,Kalrauni,,24.2221,78.2025,India,IN,IND,Madhya Pradesh,Madhya Pradesh,IN-MP,state,,289.9,327,327,3,Asia/Kolkata,FALSE,1356079401
Mitarsenpur,Mitarsenpur,,24.8381,84.0643,India,IN,IND,Bihār,Bihar,IN-BR,state,,1072.1,327,327,3,Asia/Kolkata,FALSE,1356519322
Srīrangarāzupuram,Srirangarazupuram,,14.1902,79.0890,India,IN,IND,Andhra Pradesh,Andhra Pradesh,IN-AP,state,,390.5,327,327,3,Asia/Kolkata,FALSE,1356473729
Tetrārh,Tetrarh,,25.1639,84.0407,India,IN,IND,Bihār,Bihar,IN-BR,state,,697.8,327,327,3,Asia/Kolkata,TRUE,1356707287
Gāngi Khurd,Gangi Khurd,,24.1736,83.9128,India,IN,IND,Jhārkhand,Jharkhand,IN-JH,state,,870.9,327,327,3,Asia/Kolkata,FALSE,1356357513
Khuntābandh,Khuntabandh,,21.3017,84.5977,India,IN,IND,Odisha,Odisha,IN-OR,state,,114.1,327,327,4,Asia/Kolkata,FALSE,1356233511
Kākriya,Kakriya,,22.0065,76.4687,India,IN,IND,Madhya Pradesh,Madhya Pradesh,IN-MP,state,,240.5,327,327,3,Asia/Kolkata,TRUE,1356822099
Tengaini,Tengaini,,24.5045,85.2712,India,IN,IND,Bihār,Bihar,IN-BR,state,,937.4,327,327,3,Asia/Kolkata,FALSE,1356714665
Fatehpur,Fatehpur,,24.4293,84.6450,India,IN,IND,Bihār,Bihar,IN-BR,state,,1133.8,327,327,3,Asia/Kolkata,TRUE,1356965786
Gadisirsia,Gadisirsia,,24.2219,86.4660,India,IN,IND,Jhārkhand,Jharkhand,IN-JH,state,,603.8,327,327,3,Asia/Kolkata,FALSE,1356250000
Partāppur,Partappur,Pratāppur,21.7957,86.7254,India,IN,IND,Odisha,Odisha,IN-OR,state,,462.7,327,327,3,Asia/Kolkata,FALSE,1356210905
Henhe,Henhe,,23.4235,84.4712,India,IN,IND,Jhārkhand,Jharkhand,IN-JH,state,,100.4,327,327,4,Asia/Kolkata,TRUE,1356190686
Kothi,Kothi,,33.1085,75.5602,India,IN,IND,Jammu and Kashmīr,Jammu and Kashmir,IN-JK,state,,321.0,327,327,3,Asia/Kolkata,TRUE,1356071728
Newti,Newti,,24.7612,85.7872,India,IN,IND,Jhārkhand,Jharkhand,IN-JH,state,,287.4,327,327,3,Asia/Kolkata,FALSE,1356230275
Appiahnapālya,Appiahnapalya,,13.4458,77.1520,India,IN,IND,Karnātaka,Karnataka,IN-KA,state,,597.9,327,327,3,Asia/Kolkata,FALSE,1356090357
Kilukupa,Kilukupa,,19.9780,83.9309,India,IN,IND,Odisha,Odisha,IN-OR,state,,103.6,327,327,4,Asia/Kolkata,FALSE,1356105778
Nānu Mazāra,Nanu Mazara,,31.1719,75.8583,India,IN,IND,Punjab,Punjab,IN-PB,state,,531.3,327,327,3,Asia/Kolkata,FALSE,1356037510
Hurdāg,Hurdag,,23.6432,84.2863,India,IN,IND,Jhārkhand,Jharkhand,IN-JH,state,,72.1,327,327,4,Asia/Kolkata,TRUE,1356190090
Sarsari,Sarsari,,31.0037,75.2783,India,IN,IND,Punjab,Punjab,IN-PB,state,,485.5,327,327,3,Asia/Kolkata,FALSE,1356010445
Bhareri,Bhareri,,23.5138,79.8505,India,IN,IND,Madhya Pradesh,Madhya Pradesh,IN-MP,state,,259.9,327,327,3,Asia/Kolkata,TRUE,1356739094
Aralimaradahalli,Aralimaradahalli,,13.6764,77.3415,India,IN,IND,Karnātaka,Karnataka,IN-KA,state,,248.8,327,327,3,Asia/Kolkata,FALSE,1356725186
Dadaur,Dadaur,,25.7144,87.5817,India,IN,IND,Bihār,Bihar,IN-BR,state,,2499.5,327,327,2,Asia/Kolkata,FALSE,1356105200
Kahbar Kurd,Kahbar Kurd,,24.8246,86.3761,India,IN,IND,Bihār,Bihar,IN-BR,state,,1159.2,327,327,3,Asia/Kolkata,FALSE,1356257419
Kurāmubarātpur,Kuramubaratpur,,23.7672,84.7526,India,IN,IND,Jhārkhand,Jharkhand,IN-JH,state,,443.2,327,327,3,Asia/Kolkata,FALSE,1356181990
Hundrahi,Hundrahi,,24.9574,85.6931,India,IN,IND,Bihār,Bihar,IN-BR,state,,1357.6,327,327,3,Asia/Kolkata,FALSE,1356685440
Rojhan,Rojhan,,23.5253,80.4299,India,IN,IND,Madhya Pradesh,Madhya Pradesh,IN-MP,state,,250.9,327,327,3,Asia/Kolkata,FALSE,1356570075