city,city_ascii,city_alt,lat,lng,country,iso2,iso3,admin_name,admin_name_ascii,admin_code,admin_type,capital,density,population,population_proper,ranking,timezone,same_name,id
Usmānpur,Usmanpur,,29.9637,76.5931,India,IN,IND,Haryāna,Haryana,IN-HR,state,,536.2,,,3,Asia/Kolkata,FALSE,1356018194
Usmānpur,Usmanpur,,28.4182,76.5980,India,IN,IND,Haryāna,Haryana,IN-HR,state,,502.7,,,3,Asia/Kolkata,TRUE,1356064636
Tainatoli,Tainatoli,,22.6273,84.3187,India,IN,IND,Jhārkhand,Jharkhand,IN-JH,state,,280.8,,,3,Asia/Kolkata,FALSE,1356172410
Kurumugai,Kurumugai,,12.5663,80.0279,India,IN,IND,Tamil Nādu,Tamil Nadu,IN-TN,state,,673.9,,,3,Asia/Kolkata,FALSE,1356963256
Kuskal,Kuskal,,24.2197,72.3465,India,IN,IND,Gujarāt,Gujarat,IN-GJ,state,,655.2,,,3,Asia/Kolkata,FALSE,1356366447
Lakshmi Vihar,Lakshmi Vihar,,28.6286,76.9958,India,IN,IND,Delhi,Delhi,IN-DL,national capital territory,,6763.4,,,2,Asia/Kolkata,FALSE,1356031982
Simgaon,Simgaon,,20.9861,82.5658,India,IN,IND,Chhattīsgarh,Chhattisgarh,IN-CT,state,,207.3,,,3,Asia/Kolkata,FALSE,1356081068
Chākung,Chakung,,27.1506,88.2440,India,IN,IND,Sikkim,Sikkim,IN-SK,state,,163.7,,0,4,Asia/Kolkata,FALSE,1356939256
Amlīdhodī,Amlidhodi,,22.1277,82.5098,India,IN,IND,Chhattīsgarh,Chhattisgarh,IN-CT,state,,274.3,,,3,Asia/Kolkata,FALSE,1356210832
Udrung,Udrung,,19.7813,83.0849,India,IN,IND,Odisha,Odisha,IN-OR,state,,287.0,,,3,Asia/Kolkata,FALSE,1356420314
Upar Rāmbu,Upar Rambu,,19.2923,83.2920,India,IN,IND,Odisha,Odisha,IN-OR,state,,140.3,,,4,Asia/Kolkata,FALSE,1356510532
Kithaura,Kithaura,,27.3471,82.3354,India,IN,IND,Uttar Pradesh,Uttar Pradesh,IN-UP,state,,1125.1,,,3,Asia/Kolkata,FALSE,1356158011
Kithaura,Kithaura,,29.2878,77.9594,India,IN,IND,Uttar Pradesh,Uttar Pradesh,IN-UP,state,,714.1,,,3,Asia/Kolkata,TRUE,1356486356
Titti,Titti,,32.9020,76.0984,India,IN,IND,Himāchal Pradesh,Himachal Pradesh,IN-HP,state,,86.2,,,4,Asia/Kolkata,FALSE,1356804170
Keladipur,Keladipur,,14.2331,75.0305,India,IN,IND,Karnātaka,Karnataka,IN-KA,state,,115.4,,,4,Asia/Kolkata,FALSE,1356599257
Magarpāti,Magarpati,,21.9121,74.9278,India,IN,IND,Madhya Pradesh,Madhya Pradesh,IN-MP,state,,309.2,,,3,Asia/Kolkata,TRUE,1356947958
Elichipalli,Elichipalli,,12.7007,77.9946,India,IN,IND,Tamil Nādu,Tamil Nadu,IN-TN,state,,633.7,,,3,Asia/Kolkata,FALSE,1356448103
Mattia Jādipodoro,Mattia Jadipodoro,,18.7451,83.0152,India,IN,IND,Odisha,Odisha,IN-OR,state,,126.9,,,4,Asia/Kolkata,FALSE,1356863791
Bhoilan,Bhoilan,,30.7535,77.2013,India,IN,IND,Himāchal Pradesh,Himachal Pradesh,IN-HP,state,,197.3,,,4,Asia/Kolkata,FALSE,1356485570
Parsia Hirāmān,Parsia Hiraman,,26.4001,83.6740,India,IN,IND,Uttar Pradesh,Uttar Pradesh,IN-UP,state,,1013.5,,,3,Asia/Kolkata,FALSE,1356491814
Chanānpur,Chananpur,,26.0280,82.0228,India,IN,IND,Uttar Pradesh,Uttar Pradesh,IN-UP,state,,1129.4,,,3,Asia/Kolkata,FALSE,1356126850
Dindora,Dindora,,20.2925,78.8110,India,IN,IND,Mahārāshtra,Maharashtra,IN-MH,state,,247.3,,,3,Asia/Kolkata,FALSE,1356607336
Mullūr,Mullur,,10.5077,79.3395,India,IN,IND,Tamil Nādu,Tamil Nadu,IN-TN,state,,397.4,,,3,Asia/Kolkata,TRUE,1356251322
Kāviyam,Kaviyam,,11.7319,78.7237,India,IN,IND,Tamil Nādu,Tamil Nadu,IN-TN,state,,348.6,,,3,Asia/Kolkata,FALSE,1356245836
Pottināyakankandigai,Pottinayakankandigai,,13.3088,80.2407,India,IN,IND,Tamil Nādu,Tamil Nadu,IN-TN,state,,754.8,,,3,Asia/Kolkata,FALSE,1356191589
Dillīpura,Dillipura,,24.9393,76.3304,India,IN,IND,Rājasthān,Rajasthan,IN-RJ,state,,228.1,,,3,Asia/Kolkata,FALSE,1356668796
Sanoh,Sanoh,,30.6054,77.7458,India,IN,IND,Uttarākhand,Uttarakhand,IN-UT,state,,210.2,,,3,Asia/Kolkata,FALSE,1356946511
Beddih,Beddih,,23.7880,85.8491,India,IN,IND,Jhārkhand,Jharkhand,IN-JH,state,,461.2,,,3,Asia/Kolkata,FALSE,1356191738
Jamsar Adwār,Jamsar Adwar,,32.9109,76.1255,India,IN,IND,Himāchal Pradesh,Himachal Pradesh,IN-HP,state,,86.2,,,4,Asia/Kolkata,FALSE,1356162906
Nagla Mohiuddīnpur,Nagla Mohiuddinpur,,28.2888,77.8268,India,IN,IND,Uttar Pradesh,Uttar Pradesh,IN-UP,state,,1203.5,,,3,Asia/Kolkata,FALSE,1356050345
Palnikavundanpudūr,Palnikavundanpudur,,10.7039,77.0525,India,IN,IND,Tamil Nādu,Tamil Nadu,IN-TN,state,,618.3,,,3,Asia/Kolkata,FALSE,1356170272
Palnikavundanpudūr,Palnikavundanpudur,,10.5848,77.7176,India,IN,IND,Tamil Nādu,Tamil Nadu,IN-TN,state,,274.4,,,3,Asia/Kolkata,TRUE,1356228670
Palnikavundanpudūr,Palnikavundanpudur,,10.4993,77.7379,India,IN,IND,Tamil Nādu,Tamil Nadu,IN-TN,state,,274.4,,,3,Asia/Kolkata,TRUE,1356204062
Kherār,Kherar,,23.7759,79.7395,India,IN,IND,Madhya Pradesh,Madhya Pradesh,IN-MP,state,,156.2,,,4,Asia/Kolkata,FALSE,1356052798
Maidānpur,Maidanpur,,34.5364,74.3987,India,IN,IND,Jammu and Kashmīr,Jammu and Kashmir,IN-JK,state,,584.1,,,3,Asia/Kolkata,FALSE,1356024318
Pālāmpālalyam,Palampalalyam,,11.3584,77.4542,India,IN,IND,Tamil Nādu,Tamil Nadu,IN-TN,state,,621.5,,,3,Asia/Kolkata,FALSE,1356164902
Sovar,Sovar,,30.8386,77.1052,India,IN,IND,Himāchal Pradesh,Himachal Pradesh,IN-HP,state,,492.8,,0,3,Asia/Kolkata,FALSE,1356050732
Darena,Darena,,30.8934,77.3510,India,IN,IND,Himāchal Pradesh,Himachal Pradesh,IN-HP,state,,160.4,,,4,Asia/Kolkata,FALSE,1356401781
Mehndīpur,Mehndipur,,27.8174,77.7356,India,IN,IND,Uttar Pradesh,Uttar Pradesh,IN-UP,state,,889.3,,,3,Asia/Kolkata,FALSE,1356205391
Mehndīpur,Mehndipur,,28.2421,77.5531,India,IN,IND,Uttar Pradesh,Uttar Pradesh,IN-UP,state,,787.0,,,3,Asia/Kolkata,TRUE,1356737561
Kaura,Kaura,,26.1937,77.5896,India,IN,IND,Madhya Pradesh,Madhya Pradesh,IN-MP,state,,372.8,,,3,Asia/Kolkata,FALSE,1356023440
Bhānkheda,Bhankheda,,21.0897,75.7098,India,IN,IND,Mahārāshtra,Maharashtra,IN-MH,state,,981.6,,,3,Asia/Kolkata,FALSE,1356794695
Bhānkheda,Bhankheda,,19.7801,76.8470,India,IN,IND,Mahārāshtra,Maharashtra,IN-MH,state,,265.1,,,3,Asia/Kolkata,TRUE,1356021767
Bhānkheda,Bhankheda,,20.9379,75.9164,India,IN,IND,Mahārāshtra,Maharashtra,IN-MH,state,,230.1,,,3,Asia/Kolkata,TRUE,1356210502
Hanumānpur,Hanumanpur,,25.3545,83.1022,India,IN,IND,Uttar Pradesh,Uttar Pradesh,IN-UP,state,,4464.8,,,2,Asia/Kolkata,FALSE,1356448096
Hanumānpur,Hanumanpur,,25.1439,82.3112,India,IN,IND,Uttar Pradesh,Uttar Pradesh,IN-UP,state,,1269.1,,,3,Asia/Kolkata,TRUE,1356102753
Hanumānpur,Hanumanpur,,25.1946,81.9780,India,IN,IND,Uttar Pradesh,Uttar Pradesh,IN-UP,state,,1205.4,,,3,Asia/Kolkata,TRUE,1356079656
Hanumānpur,Hanumanpur,,27.3344,80.8713,India,IN,IND,Uttar Pradesh,Uttar Pradesh,IN-UP,state,,992.5,,,3,Asia/Kolkata,TRUE,1356942822
Hanumānpur,Hanumanpur,,25.8531,81.5988,India,IN,IND,Uttar Pradesh,Uttar Pradesh,IN-UP,state,,921.6,,,3,Asia/Kolkata,TRUE,1356149958
Hanūmānpur,Hanumanpur,,27.5214,80.9432,India,IN,IND,Uttar Pradesh,Uttar Pradesh,IN-UP,state,,859.0,,,3,Asia/Kolkata,TRUE,1356059760
Hanumānpur,Hanumanpur,Amaulipur,26.8163,82.3081,India,IN,IND,Uttar Pradesh,Uttar Pradesh,IN-UP,state,,854.7,,,3,Asia/Kolkata,TRUE,1356031690
Hanumānpur,Hanumanpur,,25.1685,83.0991,India,IN,IND,Uttar Pradesh,Uttar Pradesh,IN-UP,state,,823.2,,,3,Asia/Kolkata,TRUE,1356115100
Hanūmānpur,Hanumanpur,,25.0574,83.0630,India,IN,IND,Uttar Pradesh,Uttar Pradesh,IN-UP,state,,789.4,,,3,Asia/Kolkata,TRUE,1356989081
Hanumānpur,Hanumanpur,,24.7947,83.1980,India,IN,IND,Uttar Pradesh,Uttar Pradesh,IN-UP,state,,405.7,,,3,Asia/Kolkata,TRUE,1356974402
Lachhan Bigha,Lachhan Bigha,,24.9575,84.9720,India,IN,IND,Bihār,Bihar,IN-BR,state,,1576.4,,,3,Asia/Kolkata,FALSE,1356696351
Sagar,Sagar,Sāgar,22.0677,81.9935,India,IN,IND,Chhattīsgarh,Chhattisgarh,IN-CT,state,,451.3,,,3,Asia/Kolkata,FALSE,1356554143
Sāgar,Sagar,,20.8954,80.7621,India,IN,IND,Chhattīsgarh,Chhattisgarh,IN-CT,state,,212.4,,,3,Asia/Kolkata,TRUE,1356681121
Gurlia,Gurlia,,25.2995,73.7731,India,IN,IND,Rājasthān,Rajasthan,IN-RJ,state,,126.7,,,4,Asia/Kolkata,FALSE,1356956095
Chonrhi,Chonrhi,,27.2735,82.1419,India,IN,IND,Uttar Pradesh,Uttar Pradesh,IN-UP,state,,1220.3,,,3,Asia/Kolkata,FALSE,1356646173
Obangi,Obangi,,18.7683,83.7934,India,IN,IND,Andhra Pradesh,Andhra Pradesh,IN-AP,state,,284.1,,,3,Asia/Kolkata,FALSE,1356137654
Dhondari,Dhondari,,26.2792,81.1767,India,IN,IND,Uttar Pradesh,Uttar Pradesh,IN-UP,state,,1008.1,,,3,Asia/Kolkata,FALSE,1356139884
Imalāi,Imalai,,23.8528,79.4278,India,IN,IND,Madhya Pradesh,Madhya Pradesh,IN-MP,state,,486.8,,,3,Asia/Kolkata,FALSE,1356024401
Silraha Pūrab,Silraha Purab,,25.5777,81.3624,India,IN,IND,Uttar Pradesh,Uttar Pradesh,IN-UP,state,,1036.2,,,3,Asia/Kolkata,FALSE,1356495232
Karanpur Saidpur,Karanpur Saidpur,,27.8470,80.7963,India,IN,IND,Uttar Pradesh,Uttar Pradesh,IN-UP,state,,1016.1,,,3,Asia/Kolkata,FALSE,1356008317
Pura Bhairon,Pura Bhairon,,27.3008,81.5845,India,IN,IND,Uttar Pradesh,Uttar Pradesh,IN-UP,state,,946.1,,,3,Asia/Kolkata,FALSE,1356122749
Pura Bhairon,Pura Bhairon,,26.0920,81.5594,India,IN,IND,Uttar Pradesh,Uttar Pradesh,IN-UP,state,,921.6,,,3,Asia/Kolkata,TRUE,1356516543
Pura Bhairon,Pura Bhairon,,26.0064,81.5173,India,IN,IND,Uttar Pradesh,Uttar Pradesh,IN-UP,state,,876.5,,,3,Asia/Kolkata,TRUE,1356036820
Pura Bhairon,Pura Bhairon,,26.1650,81.5067,India,IN,IND,Uttar Pradesh,Uttar Pradesh,IN-UP,state,,876.5,,,3,Asia/Kolkata,TRUE,1356081393
Pura Bhairon,Pura Bhairon,,26.7685,82.5331,India,IN,IND,Uttar Pradesh,Uttar Pradesh,IN-UP,state,,854.7,,,3,Asia/Kolkata,TRUE,1356585254
Silaura,Silaura,,30.8716,77.8271,India,IN,IND,Uttarākhand,Uttarakhand,IN-UT,state,,91.7,,,4,Asia/Kolkata,FALSE,1356036067
Banlag,Banlag,,31.0323,77.0025,India,IN,IND,Himāchal Pradesh,Himachal Pradesh,IN-HP,state,,226.7,,0,3,Asia/Kolkata,FALSE,1356019777
Damrarhtoli,Damrarhtoli,,22.6264,84.8738,India,IN,IND,Jhārkhand,Jharkhand,IN-JH,state,,187.7,,,4,Asia/Kolkata,FALSE,1356196397
Mandwahwa,Mandwahwa,,24.5879,83.2650,India,IN,IND,Uttar Pradesh,Uttar Pradesh,IN-UP,state,,355.5,,,3,Asia/Kolkata,FALSE,1356118884
Purwa Basahia,Purwa Basahia,,26.8665,82.6622,India,IN,IND,Uttar Pradesh,Uttar Pradesh,IN-UP,state,,854.7,,,3,Asia/Kolkata,FALSE,1356347558
Kharsāna,Kharsana,,23.1333,74.2127,India,IN,IND,Gujarāt,Gujarat,IN-GJ,state,,761.4,,,3,Asia/Kolkata,FALSE,1356853418
Khairār,Khairar,,29.7882,79.1038,India,IN,IND,Uttarākhand,Uttarakhand,IN-UT,state,,98.4,,,4,Asia/Kolkata,FALSE,1356510754
Khairār,Khairar,,25.4654,80.2101,India,IN,IND,Uttar Pradesh,Uttar Pradesh,IN-UP,state,,289.1,,,3,Asia/Kolkata,FALSE,1356252411
Khatri Chak,Khatri Chak,,25.6344,86.8913,India,IN,IND,Bihār,Bihar,IN-BR,state,,1782.8,,,3,Asia/Kolkata,FALSE,1356136500
Khatri Chak,Khatri Chak,,25.8022,85.3567,India,IN,IND,Bihār,Bihar,IN-BR,state,,1552.2,,,3,Asia/Kolkata,TRUE,1356116757
Marka,Marka,Markā,25.6769,80.8551,India,IN,IND,Uttar Pradesh,Uttar Pradesh,IN-UP,state,,645.2,,,3,Asia/Kolkata,FALSE,1356314859
Marka,Marka,,25.6045,80.5970,India,IN,IND,Uttar Pradesh,Uttar Pradesh,IN-UP,state,,482.3,,,3,Asia/Kolkata,TRUE,1356121075
Lābhāpur,Labhapur,,26.3469,82.7722,India,IN,IND,Uttar Pradesh,Uttar Pradesh,IN-UP,state,,1293.7,,,3,Asia/Kolkata,FALSE,1356813877
Sartarpura,Sartarpura,,24.9300,73.8744,India,IN,IND,Rājasthān,Rajasthan,IN-RJ,state,,343.7,,,3,Asia/Kolkata,FALSE,1356476554
Wār,War,,25.4033,82.9077,India,IN,IND,Uttar Pradesh,Uttar Pradesh,IN-UP,state,,1022.1,,,3,Asia/Kolkata,FALSE,1356938931
Wār,War,,24.6265,83.1342,India,IN,IND,Uttar Pradesh,Uttar Pradesh,IN-UP,state,,355.5,,,3,Asia/Kolkata,TRUE,1356348469
Wār,War,,29.9125,78.8473,India,IN,IND,Uttarākhand,Uttarakhand,IN-UT,state,,187.5,,,4,Asia/Kolkata,FALSE,1356114357
Bhutia,Bhutia,,21.6934,83.8356,India,IN,IND,Odisha,Odisha,IN-OR,state,,185.0,,0,4,Asia/Kolkata,FALSE,1356674319
Pandripāni,Pandripani,,21.1028,83.2849,India,IN,IND,Odisha,Odisha,IN-OR,state,,244.3,,0,3,Asia/Kolkata,FALSE,1356926372
Pandripāni,Pandripani,,21.0806,83.1935,India,IN,IND,Odisha,Odisha,IN-OR,state,,240.9,,0,3,Asia/Kolkata,TRUE,1356957150
Karīmpura,Karimpura,,26.9793,78.1509,India,IN,IND,Uttar Pradesh,Uttar Pradesh,IN-UP,state,,867.5,,,3,Asia/Kolkata,FALSE,1356857946
Ghangrok,Ghangrok,,32.9050,76.1526,India,IN,IND,Himāchal Pradesh,Himachal Pradesh,IN-HP,state,,86.2,,,4,Asia/Kolkata,FALSE,1356891899
Chatan Purwa,Chatan Purwa,,27.1854,81.6606,India,IN,IND,Uttar Pradesh,Uttar Pradesh,IN-UP,state,,958.6,,,3,Asia/Kolkata,FALSE,1356795256
Limbria,Limbria,,23.2350,73.5801,India,IN,IND,Gujarāt,Gujarat,IN-GJ,state,,265.9,,,3,Asia/Kolkata,FALSE,1356118754
Chandra Purwa,Chandra Purwa,,24.6654,83.2915,India,IN,IND,Uttar Pradesh,Uttar Pradesh,IN-UP,state,,355.5,,,3,Asia/Kolkata,FALSE,1356289479
Manka Chauk,Manka Chauk,,27.7325,81.8622,India,IN,IND,Uttar Pradesh,Uttar Pradesh,IN-UP,state,,624.3,,,3,Asia/Kolkata,FALSE,1356733354
Devargondi,Devargondi,,17.2819,81.6301,India,IN,IND,Andhra Pradesh,Andhra Pradesh,IN-AP,state,,109.0,,,4,Asia/Kolkata,FALSE,1356226679
Amruāpur,Amruapur,,27.1304,80.8885,India,IN,IND,Uttar Pradesh,Uttar Pradesh,IN-UP,state,,992.5,,,3,Asia/Kolkata,FALSE,1356383693
Bakhtāwarnagar,Bakhtawarnagar,,27.0539,81.0834,India,IN,IND,Uttar Pradesh,Uttar Pradesh,IN-UP,state,,1300.3,,,3,Asia/Kolkata,FALSE,1356464176
Bakhtawarnagar,Bakhtawarnagar,,26.5598,81.6685,India,IN,IND,Uttar Pradesh,Uttar Pradesh,IN-UP,state,,1034.1,,,3,Asia/Kolkata,TRUE,1356118633
Bakhtāwarnagar,Bakhtawarnagar,,26.5478,81.2030,India,IN,IND,Uttar Pradesh,Uttar Pradesh,IN-UP,state,,766.0,,,3,Asia/Kolkata,TRUE,1356914958
Bhagdewa,Bhagdewa,,25.1094,81.6919,India,IN,IND,Uttar Pradesh,Uttar Pradesh,IN-UP,state,,580.2,,,3,Asia/Kolkata,FALSE,1356077832
Shrīrāmpura,Shrirampura,,26.8517,75.7043,India,IN,IND,Rājasthān,Rajasthan,IN-RJ,state,,1331.0,,,3,Asia/Kolkata,FALSE,1356677636
Garhia Hardopatti,Garhia Hardopatti,,27.8023,79.2024,India,IN,IND,Uttar Pradesh,Uttar Pradesh,IN-UP,state,,733.5,,,3,Asia/Kolkata,FALSE,1356334183
Madre,Madre,,31.0068,74.6466,India,IN,IND,Punjab,Punjab,IN-PB,state,,477.4,,,3,Asia/Kolkata,FALSE,1356559954
Uraichchi,Uraichchi,,10.6349,79.2529,India,IN,IND,Tamil Nādu,Tamil Nadu,IN-TN,state,,397.4,,,3,Asia/Kolkata,FALSE,1356247935
Monchemput,Monchemput,,18.1253,82.5257,India,IN,IND,Andhra Pradesh,Andhra Pradesh,IN-AP,state,,113.7,,,4,Asia/Kolkata,FALSE,1356634863
Bikkalhalli,Bikkalhalli,,13.4402,77.6099,India,IN,IND,Karnātaka,Karnataka,IN-KA,state,,364.2,,,3,Asia/Kolkata,FALSE,1356617730
Cheriyattikkōt,Cheriyattikkot,,11.2506,76.2662,India,IN,IND,Kerala,Kerala,IN-KL,state,,448.2,,,3,Asia/Kolkata,FALSE,1356136255
Tharia Kālan,Tharia Kalan,,26.4648,82.3477,India,IN,IND,Uttar Pradesh,Uttar Pradesh,IN-UP,state,,1417.3,,,3,Asia/Kolkata,FALSE,1356425671
Kauna,Kauna,,31.9467,76.4959,India,IN,IND,Himāchal Pradesh,Himachal Pradesh,IN-HP,state,,388.5,,,3,Asia/Kolkata,FALSE,1356382704
Kauna,Kauna,,32.3866,76.0527,India,IN,IND,Himāchal Pradesh,Himachal Pradesh,IN-HP,state,,125.6,,,4,Asia/Kolkata,TRUE,1356625197
Sālai Pevath,Salai Pevath,,20.9391,78.6849,India,IN,IND,Mahārāshtra,Maharashtra,IN-MH,state,,186.8,,,4,Asia/Kolkata,FALSE,1356844088
Pīplu,Piplu,,27.4731,76.9531,India,IN,IND,Rājasthān,Rajasthan,IN-RJ,state,,625.8,,,3,Asia/Kolkata,FALSE,1356029253
Pūsam,Pusam,,18.9933,81.5455,India,IN,IND,Chhattīsgarh,Chhattisgarh,IN-CT,state,,135.7,,,4,Asia/Kolkata,FALSE,1356173823
Makhrāndi,Makhrandi,,30.8876,77.6716,India,IN,IND,Himāchal Pradesh,Himachal Pradesh,IN-HP,state,,84.1,,,4,Asia/Kolkata,FALSE,1356521417
Bāhardāha,Bahardaha,,27.6786,81.0957,India,IN,IND,Uttar Pradesh,Uttar Pradesh,IN-UP,state,,916.5,,,3,Asia/Kolkata,FALSE,1356156284
Nauha Jāya,Nauha Jaya,,26.0811,81.7385,India,IN,IND,Uttar Pradesh,Uttar Pradesh,IN-UP,state,,874.9,,,3,Asia/Kolkata,FALSE,1356000110
Royātoli,Royatoli,,22.4544,84.4074,India,IN,IND,Jhārkhand,Jharkhand,IN-JH,state,,173.3,,,4,Asia/Kolkata,FALSE,1356221601
Hatwāpur,Hatwapur,,27.0303,82.1417,India,IN,IND,Uttar Pradesh,Uttar Pradesh,IN-UP,state,,949.7,,,3,Asia/Kolkata,FALSE,1356057383
Kachhiyānpurwa,Kachhiyanpurwa,,24.8671,79.7934,India,IN,IND,Madhya Pradesh,Madhya Pradesh,IN-MP,state,,182.9,,,4,Asia/Kolkata,FALSE,1356729743
Jala,Jala,,30.7358,76.9635,India,IN,IND,Haryāna,Haryana,IN-HR,state,,719.0,,,3,Asia/Kolkata,FALSE,1356099570
Agdih,Agdih,,22.9219,84.2389,India,IN,IND,Chhattīsgarh,Chhattisgarh,IN-CT,state,,171.5,,,4,Asia/Kolkata,FALSE,1356222554
Banjāron Ka Nagla,Banjaron Ka Nagla,,27.3165,77.6694,India,IN,IND,Uttar Pradesh,Uttar Pradesh,IN-UP,state,,1600.5,,,3,Asia/Kolkata,FALSE,1356733495
Banjāron ka Nagla,Banjaron ka Nagla,,27.1313,77.7033,India,IN,IND,Uttar Pradesh,Uttar Pradesh,IN-UP,state,,839.1,,,3,Asia/Kolkata,TRUE,1356158799
Banjāron ka Nagla,Banjaron ka Nagla,,28.0557,77.8322,India,IN,IND,Uttar Pradesh,Uttar Pradesh,IN-UP,state,,702.6,,,3,Asia/Kolkata,TRUE,1356854182
Banjāron ka Nagla,Banjaron ka Nagla,,28.1111,77.8302,India,IN,IND,Uttar Pradesh,Uttar Pradesh,IN-UP,state,,702.6,,,3,Asia/Kolkata,TRUE,1356463698
Maulāgarh Sunrāsi,Maulagarh Sunrasi,,28.4612,78.7637,India,IN,IND,Uttar Pradesh,Uttar Pradesh,IN-UP,state,,1465.7,,,3,Asia/Kolkata,FALSE,1356301079
Thetwār Lānjhia,Thetwar Lanjhia,,20.7927,80.7913,India,IN,IND,Chhattīsgarh,Chhattisgarh,IN-CT,state,,248.9,,,3,Asia/Kolkata,FALSE,1356747672
Mundakkara,Mundakkara,,11.4539,75.8512,India,IN,IND,Kerala,Kerala,IN-KL,state,,1028.9,,,3,Asia/Kolkata,FALSE,1356049505
Byāskheria,Byaskheria,,27.3824,78.7546,India,IN,IND,Uttar Pradesh,Uttar Pradesh,IN-UP,state,,940.3,,,3,Asia/Kolkata,FALSE,1356611931
Nahran Jhil,Nahran Jhil,,31.7392,75.5998,India,IN,IND,Punjab,Punjab,IN-PB,state,,516.0,,,3,Asia/Kolkata,FALSE,1356089157
Mittamudipalle,Mittamudipalle,,15.2288,79.3979,India,IN,IND,Andhra Pradesh,Andhra Pradesh,IN-AP,state,,196.5,,,4,Asia/Kolkata,FALSE,1356545301
Pola,Pola,,31.1013,77.6618,India,IN,IND,Himāchal Pradesh,Himachal Pradesh,IN-HP,state,,176.8,,,4,Asia/Kolkata,FALSE,1356115748
Purwa Nanuh,Purwa Nanuh,,27.9101,80.9780,India,IN,IND,Uttar Pradesh,Uttar Pradesh,IN-UP,state,,976.6,,,3,Asia/Kolkata,FALSE,1356328156
Hirtha,Hirtha,,13.2058,75.0339,India,IN,IND,Karnātaka,Karnataka,IN-KA,state,,178.9,,,4,Asia/Kolkata,FALSE,1356264189
Mundra Bandar,Mundra Bandar,,22.8018,69.7261,India,IN,IND,Gujarāt,Gujarat,IN-GJ,state,,235.0,,,3,Asia/Kolkata,FALSE,1356506325
Chhāparka,Chhaparka,,26.0018,76.5990,India,IN,IND,Rājasthān,Rajasthan,IN-RJ,state,,149.9,,,4,Asia/Kolkata,FALSE,1356051643
Bhatgaontola,Bhatgaontola,,21.2939,81.0745,India,IN,IND,Chhattīsgarh,Chhattisgarh,IN-CT,state,,590.0,,,3,Asia/Kolkata,FALSE,1356097081
Līmdihi,Limdihi,,21.8121,83.5871,India,IN,IND,Odisha,Odisha,IN-OR,state,,226.2,,,3,Asia/Kolkata,FALSE,1356330511
Kojerguda,Kojerguda,,19.7432,83.2502,India,IN,IND,Odisha,Odisha,IN-OR,state,,277.1,,,3,Asia/Kolkata,FALSE,1356328131
Saniānheri,Sanianheri,,30.2800,76.4160,India,IN,IND,Punjab,Punjab,IN-PB,state,,827.2,,,3,Asia/Kolkata,FALSE,1356231375
Piratānri,Piratanri,,24.8953,86.3690,India,IN,IND,Bihār,Bihar,IN-BR,state,,1417.4,,,3,Asia/Kolkata,FALSE,1356254342
Ūttuppālaiyam,Uttuppalaiyam,,11.0855,77.1348,India,IN,IND,Tamil Nādu,Tamil Nadu,IN-TN,state,,632.7,,,3,Asia/Kolkata,TRUE,1356159502
Ūttuppālaiyam,Uttuppalaiyam,,11.3403,77.3615,India,IN,IND,Tamil Nādu,Tamil Nadu,IN-TN,state,,621.5,,,3,Asia/Kolkata,TRUE,1356164891
Ūttuppālaiyam,Uttuppalaiyam,,11.2249,77.1299,India,IN,IND,Tamil Nādu,Tamil Nadu,IN-TN,state,,608.7,,,3,Asia/Kolkata,TRUE,1356159810
Ūttuppālaiyam,Uttuppalaiyam,,10.6789,77.4587,India,IN,IND,Tamil Nādu,Tamil Nadu,IN-TN,state,,266.0,,,3,Asia/Kolkata,TRUE,1356171078
Para Pāntar,Para Pantar,,25.3528,79.4752,India,IN,IND,Uttar Pradesh,Uttar Pradesh,IN-UP,state,,318.7,,,3,Asia/Kolkata,FALSE,1356040841
Purasalūr,Purasalur,,9.3408,78.3357,India,IN,IND,Tamil Nādu,Tamil Nadu,IN-TN,state,,383.3,,,3,Asia/Kolkata,FALSE,1356218916
Kundattivārapalli,Kundattivarapalli,,13.5174,78.2835,India,IN,IND,Karnātaka,Karnataka,IN-KA,state,,244.7,,,3,Asia/Kolkata,FALSE,1356225996
Kurgawān,Kurgawan,,27.3280,78.2525,India,IN,IND,Uttar Pradesh,Uttar Pradesh,IN-UP,state,,950.2,,,3,Asia/Kolkata,FALSE,1356123917
Kurgawān,Kurgawan,,27.5350,80.1844,India,IN,IND,Uttar Pradesh,Uttar Pradesh,IN-UP,state,,917.2,,,3,Asia/Kolkata,TRUE,1356529304
Kurgāwān,Kurgawan,,27.7212,80.1560,India,IN,IND,Uttar Pradesh,Uttar Pradesh,IN-UP,state,,899.3,,,3,Asia/Kolkata,TRUE,1356112822
Dūngāpura,Dungapura,,26.7859,76.8022,India,IN,IND,Rājasthān,Rajasthan,IN-RJ,state,,462.1,,,3,Asia/Kolkata,FALSE,1356517603
Kadallat,Kadallat,,11.5556,76.1979,India,IN,IND,Kerala,Kerala,IN-KL,state,,433.8,,,3,Asia/Kolkata,FALSE,1356431203
Dandhat,Dandhat,,26.4885,83.2071,India,IN,IND,Uttar Pradesh,Uttar Pradesh,IN-UP,state,,1235.8,,,3,Asia/Kolkata,FALSE,1356049436
Chhandpāli,Chhandpali,,21.3407,83.8470,India,IN,IND,Odisha,Odisha,IN-OR,state,,298.2,,,3,Asia/Kolkata,FALSE,1356001598
Pāndhrabori,Pandhrabori,,21.2072,79.6411,India,IN,IND,Mahārāshtra,Maharashtra,IN-MH,state,,379.7,,,3,Asia/Kolkata,FALSE,1356620726
Kaliābās,Kaliabas,,27.8461,76.9761,India,IN,IND,Haryāna,Haryana,IN-HR,state,,740.7,,,3,Asia/Kolkata,FALSE,1356779649
Kinyong Dogri,Kinyong Dogri,,31.6141,78.3243,India,IN,IND,Himāchal Pradesh,Himachal Pradesh,IN-HP,state,,47.3,,,4,Asia/Kolkata,FALSE,1356973121
Nagla Naurangābād,Nagla Naurangabad,,27.4448,78.7861,India,IN,IND,Uttar Pradesh,Uttar Pradesh,IN-UP,state,,940.3,,,3,Asia/Kolkata,FALSE,1356038510
Garhi Rāmbal,Garhi Rambal,,27.3031,77.6459,India,IN,IND,Uttar Pradesh,Uttar Pradesh,IN-UP,state,,1600.5,,,3,Asia/Kolkata,FALSE,1356715622
Rāpewāratolā,Rapewaratola,,21.4230,80.1405,India,IN,IND,Mahārāshtra,Maharashtra,IN-MH,state,,704.7,,,3,Asia/Kolkata,FALSE,1356321347
Pūlāngalam,Pulangalam,,10.5355,78.5045,India,IN,IND,Tamil Nādu,Tamil Nadu,IN-TN,state,,362.7,,,3,Asia/Kolkata,FALSE,1356203159
Akelwa Chak,Akelwa Chak,,27.1486,82.0131,India,IN,IND,Uttar Pradesh,Uttar Pradesh,IN-UP,state,,1220.3,,,3,Asia/Kolkata,FALSE,1356953993
Kuswānītola,Kuswanitola,,24.4988,83.5044,India,IN,IND,Jhārkhand,Jharkhand,IN-JH,state,,352.4,,,3,Asia/Kolkata,FALSE,1356216071
Pakhanpura,Pakhanpura,,25.1579,83.2886,India,IN,IND,Uttar Pradesh,Uttar Pradesh,IN-UP,state,,1457.0,,,3,Asia/Kolkata,FALSE,1356114273
Pākhanpura,Pakhanpura,,25.7437,83.8869,India,IN,IND,Uttar Pradesh,Uttar Pradesh,IN-UP,state,,1198.5,,,3,Asia/Kolkata,TRUE,1356203909
Pakhanpura,Pakhanpura,,25.8958,83.9929,India,IN,IND,Uttar Pradesh,Uttar Pradesh,IN-UP,state,,1121.2,,,3,Asia/Kolkata,TRUE,1356554925
Ganjaīdih,Ganjaidih,,20.8426,81.0199,India,IN,IND,Chhattīsgarh,Chhattisgarh,IN-CT,state,,239.4,,,3,Asia/Kolkata,FALSE,1356059304
Ganjaidīh,Ganjaidih,Nawādīh,20.8332,82.3258,India,IN,IND,Chhattīsgarh,Chhattisgarh,IN-CT,state,,156.9,,,4,Asia/Kolkata,TRUE,1356455827
Sheikhpur Khurd,Sheikhpur Khurd,,27.3371,81.8198,India,IN,IND,Uttar Pradesh,Uttar Pradesh,IN-UP,state,,1223.7,,,3,Asia/Kolkata,FALSE,1356413478
Salempur Jāt,Salempur Jat,,28.3164,77.6873,India,IN,IND,Uttar Pradesh,Uttar Pradesh,IN-UP,state,,787.0,,,3,Asia/Kolkata,FALSE,1356263862
Tapriyān,Tapriyan,,24.5327,79.3058,India,IN,IND,Madhya Pradesh,Madhya Pradesh,IN-MP,state,,331.2,,,3,Asia/Kolkata,TRUE,1356698822
Tapriyān,Tapriyan,,25.1757,77.5804,India,IN,IND,Madhya Pradesh,Madhya Pradesh,IN-MP,state,,160.8,,,4,Asia/Kolkata,TRUE,1356025616
Tapriyān,Tapriyan,,24.5090,79.3567,India,IN,IND,Madhya Pradesh,Madhya Pradesh,IN-MP,state,,125.9,,,4,Asia/Kolkata,TRUE,1356775877
Tapriyān,Tapriyan,,25.5660,77.1891,India,IN,IND,Madhya Pradesh,Madhya Pradesh,IN-MP,state,,71.5,,,4,Asia/Kolkata,TRUE,1356554772
Bariāhār,Bariahar,,27.0335,79.7229,India,IN,IND,Uttar Pradesh,Uttar Pradesh,IN-UP,state,,1034.0,,,3,Asia/Kolkata,FALSE,1356805868
Bari Mundaliaya,Bari Mundaliaya,,27.9134,77.6882,India,IN,IND,Uttar Pradesh,Uttar Pradesh,IN-UP,state,,889.3,,,3,Asia/Kolkata,FALSE,1356211447
Sangamtola,Sangamtola,,22.8745,81.3079,India,IN,IND,Madhya Pradesh,Madhya Pradesh,IN-MP,state,,122.0,,,4,Asia/Kolkata,FALSE,1356714641
Siri Belwa,Siri Belwa,,27.2114,82.8412,India,IN,IND,Uttar Pradesh,Uttar Pradesh,IN-UP,state,,1196.8,,,3,Asia/Kolkata,FALSE,1356932476
Khāl,Khal,,26.7033,76.4781,India,IN,IND,Rājasthān,Rajasthan,IN-RJ,state,,562.9,,,3,Asia/Kolkata,FALSE,1356224098
Khāl,Khal,,23.4594,73.7328,India,IN,IND,Rājasthān,Rajasthan,IN-RJ,state,,498.2,,,3,Asia/Kolkata,TRUE,1356163370
Khāl,Khal,Khāi,29.0882,73.3652,India,IN,IND,Rājasthān,Rajasthan,IN-RJ,state,,132.3,,,4,Asia/Kolkata,TRUE,1356028025
Muqām Sharifdār,Muqam Sharifdar,,34.4752,74.4433,India,IN,IND,Jammu and Kashmīr,Jammu and Kashmir,IN-JK,state,,425.0,,,3,Asia/Kolkata,FALSE,1356070226
Karipānitoli,Karipanitoli,,23.8015,85.6748,India,IN,IND,Jhārkhand,Jharkhand,IN-JH,state,,463.7,,,3,Asia/Kolkata,FALSE,1356181229
Kinhi Rāja,Kinhi Raja,,20.0333,77.1667,India,IN,IND,Mahārāshtra,Maharashtra,IN-MH,state,,309.6,,,3,Asia/Kolkata,FALSE,1356667903
Kinhi Rāja,Kinhi Raja,,20.3314,77.1671,India,IN,IND,Mahārāshtra,Maharashtra,IN-MH,state,,217.8,,,3,Asia/Kolkata,TRUE,1356355960
Dadhela Mota,Dadhela Mota,,23.2008,74.0950,India,IN,IND,Gujarāt,Gujarat,IN-GJ,state,,995.7,,,3,Asia/Kolkata,FALSE,1356494552
Deoparpur,Deoparpur,,27.7734,81.1376,India,IN,IND,Uttar Pradesh,Uttar Pradesh,IN-UP,state,,916.5,,,3,Asia/Kolkata,FALSE,1356871410
Bhilwāri,Bhilwari,,20.8673,76.3803,India,IN,IND,Mahārāshtra,Maharashtra,IN-MH,state,,366.1,,,3,Asia/Kolkata,FALSE,1356170038
Lāipur,Laipur,,27.1488,78.4260,India,IN,IND,Uttar Pradesh,Uttar Pradesh,IN-UP,state,,2087.1,,,2,Asia/Kolkata,FALSE,1356377163
Laipur,Laipur,,26.4553,81.5088,India,IN,IND,Uttar Pradesh,Uttar Pradesh,IN-UP,state,,1028.0,,,3,Asia/Kolkata,TRUE,1356405252
Lāipur,Laipur,,25.9243,80.6856,India,IN,IND,Uttar Pradesh,Uttar Pradesh,IN-UP,state,,789.1,,,3,Asia/Kolkata,TRUE,1356151084
Jagiapet,Jagiapet,,19.2092,79.5861,India,IN,IND,Telangāna,Telangana,IN-TG,state,,123.0,,,4,Asia/Kolkata,FALSE,1356048256
Indal Purwa,Indal Purwa,,27.3959,80.6711,India,IN,IND,Uttar Pradesh,Uttar Pradesh,IN-UP,state,,815.7,,,3,Asia/Kolkata,FALSE,1356089199
Pak Sarāi,Pak Sarai,,25.4724,81.5257,India,IN,IND,Uttar Pradesh,Uttar Pradesh,IN-UP,state,,1332.7,,,3,Asia/Kolkata,FALSE,1356289116
Udepur,Udepur,,17.9189,78.6025,India,IN,IND,Telangāna,Telangana,IN-TG,state,,274.8,,,3,Asia/Kolkata,FALSE,1356063887
Sālnākheri,Salnakheri,,23.5586,76.1596,India,IN,IND,Madhya Pradesh,Madhya Pradesh,IN-MP,state,,301.0,,,3,Asia/Kolkata,FALSE,1356131857
Timmakpalli,Timmakpalli,,18.0126,78.2849,India,IN,IND,Telangāna,Telangana,IN-TG,state,,354.4,,,3,Asia/Kolkata,FALSE,1356096893
Dyora,Dyora,,25.3803,83.0618,India,IN,IND,Uttar Pradesh,Uttar Pradesh,IN-UP,state,,4464.8,,,2,Asia/Kolkata,FALSE,1356319654
Nagla Daljit,Nagla Daljit,,27.2714,79.4789,India,IN,IND,Uttar Pradesh,Uttar Pradesh,IN-UP,state,,1354.9,,,3,Asia/Kolkata,FALSE,1356740968
Nagla Daljīt,Nagla Daljit,,27.3229,78.5753,India,IN,IND,Uttar Pradesh,Uttar Pradesh,IN-UP,state,,712.6,,,3,Asia/Kolkata,TRUE,1356955894
Nishānghāt,Nishanghat,,20.8123,79.0934,India,IN,IND,Mahārāshtra,Maharashtra,IN-MH,state,,185.1,,,4,Asia/Kolkata,FALSE,1356544336
Pujarivāndlapalli,Pujarivandlapalli,,13.6179,79.1264,India,IN,IND,Andhra Pradesh,Andhra Pradesh,IN-AP,state,,98.6,,,4,Asia/Kolkata,FALSE,1356244826
Mudakkupatti,Mudakkupatti,,10.4997,78.1867,India,IN,IND,Tamil Nādu,Tamil Nadu,IN-TN,state,,352.7,,,3,Asia/Kolkata,FALSE,1356224467
Surapavaramgūdem,Surapavaramgudem,,17.2169,81.2862,India,IN,IND,Andhra Pradesh,Andhra Pradesh,IN-AP,state,,99.0,,,4,Asia/Kolkata,FALSE,1356070341
Harfar,Harfar,,20.5442,81.5604,India,IN,IND,Chhattīsgarh,Chhattisgarh,IN-CT,state,,344.8,,,3,Asia/Kolkata,FALSE,1356850961
Kadam ka Bād,Kadam ka Bad,,26.3528,76.3786,India,IN,IND,Rājasthān,Rajasthan,IN-RJ,state,,234.2,,,3,Asia/Kolkata,FALSE,1356087878
Thlanship,Thlanship,Hanship,24.1440,93.2084,India,IN,IND,Manipur,Manipur,IN-MN,state,,19.8,,,4,Asia/Kolkata,FALSE,1356190071
Ghalenchunāl,Ghalenchunal,,31.4460,77.5676,India,IN,IND,Himāchal Pradesh,Himachal Pradesh,IN-HP,state,,99.6,,,4,Asia/Kolkata,FALSE,1356389267
Parāli Chalāoni,Parali Chalaoni,,31.2742,77.2590,India,IN,IND,Himāchal Pradesh,Himachal Pradesh,IN-HP,state,,192.3,,,4,Asia/Kolkata,FALSE,1356165742
Melapattāi,Melapattai,,12.7688,79.4142,India,IN,IND,Tamil Nādu,Tamil Nadu,IN-TN,state,,423.0,,,3,Asia/Kolkata,FALSE,1356606849
Kuttikkālipālaiyam,Kuttikkalipalaiyam,,11.3404,77.9581,India,IN,IND,Tamil Nādu,Tamil Nadu,IN-TN,state,,911.2,,,3,Asia/Kolkata,FALSE,1356166887
Appanchettipatti,Appanchettipatti,,9.9195,77.3302,India,IN,IND,Tamil Nādu,Tamil Nadu,IN-TN,state,,572.5,,,3,Asia/Kolkata,FALSE,1356251395
Kapāl Dīh,Kapal Dih,,25.3507,82.6496,India,IN,IND,Uttar Pradesh,Uttar Pradesh,IN-UP,state,,1486.6,,,3,Asia/Kolkata,FALSE,1356060611
Garhkundan,Garhkundan,,33.2878,75.7687,India,IN,IND,Jammu and Kashmīr,Jammu and Kashmir,IN-JK,state,,107.1,,,4,Asia/Kolkata,FALSE,1356909561
Sagamtola,Sagamtola,,22.9150,81.2210,India,IN,IND,Madhya Pradesh,Madhya Pradesh,IN-MP,state,,122.0,,,4,Asia/Kolkata,FALSE,1356297692
Jūra ka Purwa,Jura ka Purwa,,25.8698,81.7404,India,IN,IND,Uttar Pradesh,Uttar Pradesh,IN-UP,state,,921.6,,,3,Asia/Kolkata,FALSE,1356158365
Jogippatti,Jogippatti,,12.3217,78.4776,India,IN,IND,Tamil Nādu,Tamil Nadu,IN-TN,state,,579.0,,,3,Asia/Kolkata,FALSE,1356155655
Labhan Dhārnī,Labhan Dharni,,21.2856,80.5402,India,IN,IND,Mahārāshtra,Maharashtra,IN-MH,state,,248.6,,,3,Asia/Kolkata,FALSE,1356498420
Andhiārīban,Andhiariban,,21.7699,80.5543,India,IN,IND,Madhya Pradesh,Madhya Pradesh,IN-MP,state,,121.7,,,4,Asia/Kolkata,FALSE,1356458320
Machāndur,Machandur,,21.0511,81.3572,India,IN,IND,Chhattīsgarh,Chhattisgarh,IN-CT,state,,2064.3,,,2,Asia/Kolkata,FALSE,1356481587
Machāndur,Machandur,,20.5279,81.3738,India,IN,IND,Chhattīsgarh,Chhattisgarh,IN-CT,state,,249.9,,,3,Asia/Kolkata,TRUE,1356043520
Machāndur,Machandur,,20.7733,80.8122,India,IN,IND,Chhattīsgarh,Chhattisgarh,IN-CT,state,,235.9,,,3,Asia/Kolkata,TRUE,1356878900
Machāndur,Machandur,,20.6334,80.8742,India,IN,IND,Chhattīsgarh,Chhattisgarh,IN-CT,state,,103.3,,,4,Asia/Kolkata,TRUE,1356044737
Dangdahri,Dangdahri,,30.4291,76.7688,India,IN,IND,Haryāna,Haryana,IN-HR,state,,1373.6,,,3,Asia/Kolkata,FALSE,1356467179
Garginbailu,Garginbailu,,13.6425,76.4093,India,IN,IND,Karnātaka,Karnataka,IN-KA,state,,171.3,,,4,Asia/Kolkata,FALSE,1356882279
Badareddipalle,Badareddipalle,,13.9187,77.7211,India,IN,IND,Andhra Pradesh,Andhra Pradesh,IN-AP,state,,274.3,,,3,Asia/Kolkata,FALSE,1356060634
Karingutti,Karingutti,,11.5644,76.3365,India,IN,IND,Tamil Nādu,Tamil Nadu,IN-TN,state,,293.9,,,3,Asia/Kolkata,FALSE,1356222317
Aunrāri,Aunrari,,25.1552,83.2411,India,IN,IND,Uttar Pradesh,Uttar Pradesh,IN-UP,state,,405.7,,,3,Asia/Kolkata,FALSE,1356039187
Shankar Jot,Shankar Jot,,27.1906,82.3694,India,IN,IND,Uttar Pradesh,Uttar Pradesh,IN-UP,state,,1125.1,,,3,Asia/Kolkata,FALSE,1356112647
Shankar Jot,Shankar Jot,,27.2295,82.7432,India,IN,IND,Uttar Pradesh,Uttar Pradesh,IN-UP,state,,1041.3,,,3,Asia/Kolkata,TRUE,1356866409
Kudri,Kudri,,26.8080,83.2255,India,IN,IND,Uttar Pradesh,Uttar Pradesh,IN-UP,state,,1236.5,,,3,Asia/Kolkata,FALSE,1356680944
Kudri,Kudri,,27.6717,81.0266,India,IN,IND,Uttar Pradesh,Uttar Pradesh,IN-UP,state,,916.5,,,3,Asia/Kolkata,TRUE,1356692259
Kudri,Kudri,,24.1210,83.3041,India,IN,IND,Uttar Pradesh,Uttar Pradesh,IN-UP,state,,311.6,,,3,Asia/Kolkata,TRUE,1356563012
Kudri,Kudri,,24.0561,83.1520,India,IN,IND,Uttar Pradesh,Uttar Pradesh,IN-UP,state,,311.6,,,3,Asia/Kolkata,TRUE,1356118981
Bajadka,Bajadka,,12.6130,75.5153,India,IN,IND,Karnātaka,Karnataka,IN-KA,state,,198.1,,,4,Asia/Kolkata,FALSE,1356941356
Pausra,Pausra,,26.6369,82.4049,India,IN,IND,Uttar Pradesh,Uttar Pradesh,IN-UP,state,,1458.9,,,3,Asia/Kolkata,FALSE,1356623576
Āsapatti,Asapatti,,26.3810,82.3115,India,IN,IND,Uttar Pradesh,Uttar Pradesh,IN-UP,state,,1417.3,,,3,Asia/Kolkata,FALSE,1356580240
Pura Julāhwa,Pura Julahwa,,27.2847,82.3234,India,IN,IND,Uttar Pradesh,Uttar Pradesh,IN-UP,state,,1125.1,,,3,Asia/Kolkata,FALSE,1356105617
Ghosī,Ghosi,Ghosi,26.1059,83.5393,India,IN,IND,Uttar Pradesh,Uttar Pradesh,IN-UP,state,,1431.0,,,3,Asia/Kolkata,FALSE,1356095739
Ghosi,Ghosi,,26.3554,83.5478,India,IN,IND,Uttar Pradesh,Uttar Pradesh,IN-UP,state,,1162.8,,,3,Asia/Kolkata,TRUE,1356687924
Ghosi,Ghosi,,25.5576,81.1907,India,IN,IND,Uttar Pradesh,Uttar Pradesh,IN-UP,state,,751.3,,,3,Asia/Kolkata,TRUE,1356749972
Rāmri Chhoti,Ramri Chhoti,,29.2343,79.4576,India,IN,IND,Uttarākhand,Uttarakhand,IN-UT,state,,491.5,,,3,Asia/Kolkata,FALSE,1356167306
Kodsepalli,Kodsepalli,,19.2901,80.2969,India,IN,IND,Mahārāshtra,Maharashtra,IN-MH,state,,60.6,,,4,Asia/Kolkata,FALSE,1356351302
Gagor,Gagor,,26.2650,83.0548,India,IN,IND,Uttar Pradesh,Uttar Pradesh,IN-UP,state,,1116.5,,,3,Asia/Kolkata,FALSE,1356743220
Gāgor,Gagor,,29.6213,77.2642,India,IN,IND,Uttar Pradesh,Uttar Pradesh,IN-UP,state,,1091.8,,,3,Asia/Kolkata,TRUE,1356123963
Mundiyākhera,Mundiyakhera,,23.3443,78.1000,India,IN,IND,Madhya Pradesh,Madhya Pradesh,IN-MP,state,,178.6,,,4,Asia/Kolkata,FALSE,1356409068
Mārad,Marad,,19.9018,79.2474,India,IN,IND,Mahārāshtra,Maharashtra,IN-MH,state,,409.9,,,3,Asia/Kolkata,FALSE,1356527093
Modrān,Modran,,25.1833,72.4333,India,IN,IND,Rājasthān,Rajasthan,IN-RJ,state,,215.7,,,3,Asia/Kolkata,FALSE,1356265286
Gejalavāripalli,Gejalavaripalli,,14.3009,79.2444,India,IN,IND,Andhra Pradesh,Andhra Pradesh,IN-AP,state,,118.6,,,4,Asia/Kolkata,FALSE,1356334621
Besrāguda,Besraguda,,19.0042,82.0127,India,IN,IND,Chhattīsgarh,Chhattisgarh,IN-CT,state,,443.4,,,3,Asia/Kolkata,FALSE,1356464735
Padiyagūda,Padiyaguda,,18.7188,82.4456,India,IN,IND,Odisha,Odisha,IN-OR,state,,112.6,,,4,Asia/Kolkata,FALSE,1356136040
Purwa Ramai,Purwa Ramai,,26.6784,82.0521,India,IN,IND,Uttar Pradesh,Uttar Pradesh,IN-UP,state,,1100.1,,,3,Asia/Kolkata,FALSE,1356507055
Purwa Ramai,Purwa Ramai,,26.0714,81.9520,India,IN,IND,Uttar Pradesh,Uttar Pradesh,IN-UP,state,,874.9,,,3,Asia/Kolkata,TRUE,1356312884
Baitār,Baitar,,29.7262,79.8555,India,IN,IND,Uttarākhand,Uttarakhand,IN-UT,state,,183.4,,,4,Asia/Kolkata,FALSE,1356041306
Titira,Titira,,24.3758,81.4873,India,IN,IND,Madhya Pradesh,Madhya Pradesh,IN-MP,state,,553.7,,,3,Asia/Kolkata,FALSE,1356148572
Bharat,Bharat,,25.8804,86.2280,India,IN,IND,Bihār,Bihar,IN-BR,state,,1725.3,,,3,Asia/Kolkata,FALSE,1356138437
Bharat,Bharat,,25.6344,86.4746,India,IN,IND,Bihār,Bihar,IN-BR,state,,1395.2,,,3,Asia/Kolkata,TRUE,1356563961
Nagla Kachnau,Nagla Kachnau,,27.3600,77.8911,India,IN,IND,Uttar Pradesh,Uttar Pradesh,IN-UP,state,,540.9,,,3,Asia/Kolkata,FALSE,1356274835
Changeria,Changeria,,27.1119,81.6098,India,IN,IND,Uttar Pradesh,Uttar Pradesh,IN-UP,state,,1004.6,,,3,Asia/Kolkata,FALSE,1356190055
Rangegowdandoddi,Rangegowdandoddi,,12.6895,77.4639,India,IN,IND,Karnātaka,Karnataka,IN-KA,state,,249.8,,,3,Asia/Kolkata,FALSE,1356982212
Pura Bagra,Pura Bagra,,27.5178,82.0999,India,IN,IND,Uttar Pradesh,Uttar Pradesh,IN-UP,state,,753.4,,,3,Asia/Kolkata,FALSE,1356804561
Yākatpur,Yakatpur,,18.2347,76.5549,India,IN,IND,Mahārāshtra,Maharashtra,IN-MH,state,,262.4,,,3,Asia/Kolkata,FALSE,1356395602
Pāpakkagāripalli,Papakkagaripalli,,14.0817,79.1515,India,IN,IND,Andhra Pradesh,Andhra Pradesh,IN-AP,state,,115.3,,,4,Asia/Kolkata,FALSE,1356984005
Mīmārpur,Mimarpur,,29.0834,77.1317,India,IN,IND,Haryāna,Haryana,IN-HR,state,,812.1,,,3,Asia/Kolkata,FALSE,1356418630
Leptua,Leptua,Chak Kesho,25.4442,81.9238,India,IN,IND,Uttar Pradesh,Uttar Pradesh,IN-UP,state,,1429.2,,,3,Asia/Kolkata,FALSE,1356699662
Raghubīr Singh Purwa,Raghubir Singh Purwa,,27.1923,81.9377,India,IN,IND,Uttar Pradesh,Uttar Pradesh,IN-UP,state,,1220.3,,,3,Asia/Kolkata,FALSE,1356387979
Raghubīr Singh Purwa,Raghubir Singh Purwa,,27.2044,81.6683,India,IN,IND,Uttar Pradesh,Uttar Pradesh,IN-UP,state,,975.1,,,3,Asia/Kolkata,TRUE,1356289404
Raghubir Singh Purwa,Raghubir Singh Purwa,,26.0976,81.4326,India,IN,IND,Uttar Pradesh,Uttar Pradesh,IN-UP,state,,876.5,,,3,Asia/Kolkata,TRUE,1356383868
Shrīnagar,Shrinagar,,25.2358,83.7517,India,IN,IND,Bihār,Bihar,IN-BR,state,,1025.9,,,3,Asia/Kolkata,FALSE,1356912075
Koil,Koil,,25.1634,84.5273,India,IN,IND,Bihār,Bihar,IN-BR,state,,535.5,,,3,Asia/Kolkata,FALSE,1356814781
Magardīh,Magardih,,26.4727,82.6406,India,IN,IND,Uttar Pradesh,Uttar Pradesh,IN-UP,state,,1253.8,,,3,Asia/Kolkata,FALSE,1356079529
Aliyāppathi,Aliyappathi,,9.9430,78.8779,India,IN,IND,Tamil Nādu,Tamil Nadu,IN-TN,state,,274.2,,,3,Asia/Kolkata,FALSE,1356215951
Mīnmanekoppa,Minmanekoppa,,13.8368,75.2394,India,IN,IND,Karnātaka,Karnataka,IN-KA,state,,109.9,,,4,Asia/Kolkata,FALSE,1356485554
Manjwārpāra,Manjwarpara,,22.2259,82.6550,India,IN,IND,Chhattīsgarh,Chhattisgarh,IN-CT,state,,333.6,,,3,Asia/Kolkata,FALSE,1356062226
Bhāloria,Bhaloria,,25.4023,86.4112,India,IN,IND,Bihār,Bihar,IN-BR,state,,2848.6,,,2,Asia/Kolkata,FALSE,1356384042
Kharkutoli,Kharkutoli,,23.5391,85.2144,India,IN,IND,Jhārkhand,Jharkhand,IN-JH,state,,342.8,,,3,Asia/Kolkata,FALSE,1356194016
Gangā Tolā,Ganga Tola,,22.4050,79.9990,India,IN,IND,Madhya Pradesh,Madhya Pradesh,IN-MP,state,,214.0,,,3,Asia/Kolkata,FALSE,1356898914
Mahkepī,Mahkepi,,23.5470,83.7404,India,IN,IND,Chhattīsgarh,Chhattisgarh,IN-CT,state,,116.0,,,4,Asia/Kolkata,FALSE,1356141938
Pura Mahābīr Pānde,Pura Mahabir Pande,,26.1850,81.4228,India,IN,IND,Uttar Pradesh,Uttar Pradesh,IN-UP,state,,876.5,,,3,Asia/Kolkata,FALSE,1356827829
Purwa Bishandās,Purwa Bishandas,,27.2469,81.0075,India,IN,IND,Uttar Pradesh,Uttar Pradesh,IN-UP,state,,886.6,,,3,Asia/Kolkata,FALSE,1356923465
Chholaiya,Chholaiya,,27.2994,81.8551,India,IN,IND,Uttar Pradesh,Uttar Pradesh,IN-UP,state,,1223.7,,,3,Asia/Kolkata,FALSE,1356139770
Deoi,Deoi,,25.2453,83.1778,India,IN,IND,Uttar Pradesh,Uttar Pradesh,IN-UP,state,,1457.0,,,3,Asia/Kolkata,FALSE,1356136783
Kut,Kut,,29.7262,77.4094,India,IN,IND,Uttar Pradesh,Uttar Pradesh,IN-UP,state,,819.4,,,3,Asia/Kolkata,FALSE,1356974853
Ghorawar,Ghorawar,,20.2378,81.7912,India,IN,IND,Chhattīsgarh,Chhattisgarh,IN-CT,state,,100.4,,,4,Asia/Kolkata,FALSE,1356060370
Lowemast,Lowemast,,34.4155,73.9216,India,IN,IND,Jammu and Kashmīr,Jammu and Kashmir,IN-JK,state,,166.7,,,4,Asia/Kolkata,FALSE,1356150961
Jamanamarathūr,Jamanamarathur,,12.5964,78.8891,India,IN,IND,Tamil Nādu,Tamil Nadu,IN-TN,state,,368.7,,,3,Asia/Kolkata,FALSE,1356329084
Kulvadi,Kulvadi,,16.8106,73.4945,India,IN,IND,Mahārāshtra,Maharashtra,IN-MH,state,,119.4,,,4,Asia/Kolkata,FALSE,1356414120
Amred,Amred,,31.8256,76.3823,India,IN,IND,Himāchal Pradesh,Himachal Pradesh,IN-HP,state,,376.7,,,3,Asia/Kolkata,FALSE,1356088699
Pārvatigrāmam,Parvatigramam,,8.1897,77.4073,India,IN,IND,Tamil Nādu,Tamil Nadu,IN-TN,state,,2212.1,,,2,Asia/Kolkata,FALSE,1356221884
Gurhāna,Gurhana,,27.8745,79.2362,India,IN,IND,Uttar Pradesh,Uttar Pradesh,IN-UP,state,,733.5,,,3,Asia/Kolkata,FALSE,1356843380
Paohiūr,Paohiur,,31.2515,76.9272,India,IN,IND,Himāchal Pradesh,Himachal Pradesh,IN-HP,state,,282.2,,0,3,Asia/Kolkata,FALSE,1356093611
Jachos,Jachos,,33.3925,75.2260,India,IN,IND,Jammu and Kashmīr,Jammu and Kashmir,IN-JK,state,,276.8,,,3,Asia/Kolkata,FALSE,1356004223
Pura Wazirganj,Pura Wazirganj,,26.1204,81.0635,India,IN,IND,Uttar Pradesh,Uttar Pradesh,IN-UP,state,,756.3,,,3,Asia/Kolkata,FALSE,1356089129
Jhuāpāli,Jhuapali,,21.2704,83.7913,India,IN,IND,Odisha,Odisha,IN-OR,state,,373.0,,,3,Asia/Kolkata,FALSE,1356234719
Dhāngarwās,Dhangarwas,,26.0481,73.5144,India,IN,IND,Rājasthān,Rajasthan,IN-RJ,state,,112.0,,,4,Asia/Kolkata,FALSE,1356102854
Mirdapallitola,Mirdapallitola,,19.2996,80.6955,India,IN,IND,Chhattīsgarh,Chhattisgarh,IN-CT,state,,33.4,,,4,Asia/Kolkata,FALSE,1356107531
Bhausiganj,Bhausiganj,,26.5067,81.2092,India,IN,IND,Uttar Pradesh,Uttar Pradesh,IN-UP,state,,766.0,,,3,Asia/Kolkata,FALSE,1356967860
Tinohna,Tinohna,,27.1465,82.1746,India,IN,IND,Uttar Pradesh,Uttar Pradesh,IN-UP,state,,1220.3,,,3,Asia/Kolkata,FALSE,1356769842
Gunhān,Gunhan,,27.1120,79.8756,India,IN,IND,Uttar Pradesh,Uttar Pradesh,IN-UP,state,,993.9,,,3,Asia/Kolkata,FALSE,1356712803
Puraniā,Purania,,23.4864,80.0318,India,IN,IND,Madhya Pradesh,Madhya Pradesh,IN-MP,state,,301.8,,0,3,Asia/Kolkata,FALSE,1356361689
Kūska,Kuska,,27.0566,79.5124,India,IN,IND,Uttar Pradesh,Uttar Pradesh,IN-UP,state,,1065.1,,,3,Asia/Kolkata,FALSE,1356329682
Tekpur,Tekpur,,24.8107,85.3741,India,IN,IND,Bihār,Bihar,IN-BR,state,,1205.2,,,3,Asia/Kolkata,FALSE,1356110444
Jaintha,Jaintha,,30.2132,78.9625,India,IN,IND,Uttarākhand,Uttarakhand,IN-UT,state,,221.8,,,3,Asia/Kolkata,FALSE,1356348658
Meghani,Meghani,,24.4968,86.4794,India,IN,IND,Bihār,Bihar,IN-BR,state,,357.6,,,3,Asia/Kolkata,FALSE,1356188997
Bedaha,Bedaha,,25.1725,83.3322,India,IN,IND,Uttar Pradesh,Uttar Pradesh,IN-UP,state,,1411.6,,,3,Asia/Kolkata,FALSE,1356029166
Rothau,Rothau,,24.2959,73.1135,India,IN,IND,Rājasthān,Rajasthan,IN-RJ,state,,303.0,,,3,Asia/Kolkata,FALSE,1356858314
Loha Bigha,Loha Bigha,,25.1957,85.0738,India,IN,IND,Bihār,Bihar,IN-BR,state,,1512.7,,,3,Asia/Kolkata,FALSE,1356820657
Dyālgarh,Dyalgarh,,30.4125,77.3742,India,IN,IND,Haryāna,Haryana,IN-HR,state,,471.5,,,3,Asia/Kolkata,FALSE,1356376270
Bari Basi,Bari Basi,,30.4717,77.0726,India,IN,IND,Haryāna,Haryana,IN-HR,state,,515.3,,,3,Asia/Kolkata,FALSE,1356235786
Bhela Kharag Khurd,Bhela Kharag Khurd,,26.9721,82.9242,India,IN,IND,Uttar Pradesh,Uttar Pradesh,IN-UP,state,,1285.3,,,3,Asia/Kolkata,FALSE,1356233853
Mazra Lachhupur,Mazra Lachhupur,,28.9707,78.8829,India,IN,IND,Uttar Pradesh,Uttar Pradesh,IN-UP,state,,2372.5,,,2,Asia/Kolkata,FALSE,1356238232
Rānīganj,Raniganj,,25.6305,87.7279,India,IN,IND,Bihār,Bihar,IN-BR,state,,1331.5,,,3,Asia/Kolkata,FALSE,1356282080
Rānīganj,Raniganj,,25.5271,87.6748,India,IN,IND,Bihār,Bihar,IN-BR,state,,1311.1,,,3,Asia/Kolkata,TRUE,1356175530
Rāniganj,Raniganj,,25.3777,84.8524,India,IN,IND,Bihār,Bihar,IN-BR,state,,1261.9,,,3,Asia/Kolkata,TRUE,1356105184
Rānīganj,Raniganj,,24.6837,84.5162,India,IN,IND,Bihār,Bihar,IN-BR,state,,626.2,,,3,Asia/Kolkata,TRUE,1356026665
Binda ka Purwa,Binda ka Purwa,,25.8211,81.6855,India,IN,IND,Uttar Pradesh,Uttar Pradesh,IN-UP,state,,921.6,,,3,Asia/Kolkata,FALSE,1356015013
Komatkunta,Komatkunta,,17.4582,78.9769,India,IN,IND,Telangāna,Telangana,IN-TG,state,,399.9,,,3,Asia/Kolkata,FALSE,1356017657
Veliyambākkam,Veliyambakkam,,12.3383,79.7672,India,IN,IND,Tamil Nādu,Tamil Nadu,IN-TN,state,,577.1,,,3,Asia/Kolkata,TRUE,1356079150
Dhanāwān,Dhanawan,,24.6464,84.9019,India,IN,IND,Bihār,Bihar,IN-BR,state,,1519.9,,,3,Asia/Kolkata,TRUE,1356366617
Dhanāwān,Dhanawan,,24.7263,84.9740,India,IN,IND,Bihār,Bihar,IN-BR,state,,1043.3,,,3,Asia/Kolkata,TRUE,1356229439
Dhanāwān,Dhanawan,,24.8680,84.3208,India,IN,IND,Bihār,Bihar,IN-BR,state,,624.9,,,3,Asia/Kolkata,TRUE,1356965479
Kenduātilha,Kenduatilha,,24.4792,84.6502,India,IN,IND,Bihār,Bihar,IN-BR,state,,1133.8,,,3,Asia/Kolkata,FALSE,1356129007
Rohāt,Rohat,,28.9341,76.9747,India,IN,IND,Haryāna,Haryana,IN-HR,state,,1209.7,,,3,Asia/Kolkata,FALSE,1356075240
Bokkapatna,Bokkapatna,,13.4302,74.7092,India,IN,IND,Karnātaka,Karnataka,IN-KA,state,,623.4,,,3,Asia/Kolkata,FALSE,1356467188
Bagnuwāli,Bagnuwali,,34.6893,74.4189,India,IN,IND,Jammu and Kashmīr,Jammu and Kashmir,IN-JK,state,,584.1,,,3,Asia/Kolkata,FALSE,1356144975
Bagnuwāli,Bagnuwali,,33.6020,74.4464,India,IN,IND,Jammu and Kashmīr,Jammu and Kashmir,IN-JK,state,,198.4,,,4,Asia/Kolkata,TRUE,1356378384
Kharauda Khurd,Kharauda Khurd,,22.0766,81.3238,India,IN,IND,Chhattīsgarh,Chhattisgarh,IN-CT,state,,448.4,,,3,Asia/Kolkata,FALSE,1356408401
Mandwai,Mandwai,,26.3581,79.9245,India,IN,IND,Uttar Pradesh,Uttar Pradesh,IN-UP,state,,739.9,,,3,Asia/Kolkata,FALSE,1356072046
Theh Pachrāli,Theh Pachrali,,31.2977,75.8827,India,IN,IND,Punjab,Punjab,IN-PB,state,,821.2,,,3,Asia/Kolkata,FALSE,1356168901
Kotkhāwda,Kotkhawda,Kolkhādoa,26.6465,76.0854,India,IN,IND,Rājasthān,Rajasthan,IN-RJ,state,,335.5,,,3,Asia/Kolkata,FALSE,1356152902
Sakhui,Sakhui,,26.9773,83.2742,India,IN,IND,Uttar Pradesh,Uttar Pradesh,IN-UP,state,,1669.0,,,3,Asia/Kolkata,FALSE,1356527646
Sakhui,Sakhui,,27.1215,83.3066,India,IN,IND,Uttar Pradesh,Uttar Pradesh,IN-UP,state,,1168.3,,,3,Asia/Kolkata,TRUE,1356142595
Bankatwa Kalān,Bankatwa Kalan,,27.7333,82.2500,India,IN,IND,Uttar Pradesh,Uttar Pradesh,IN-UP,state,,753.4,,,3,Asia/Kolkata,FALSE,1356542805
Bankatwa Kalān,Bankatwa Kalan,,27.7798,82.0135,India,IN,IND,Uttar Pradesh,Uttar Pradesh,IN-UP,state,,624.3,,,3,Asia/Kolkata,TRUE,1356667409
Gorlavāndlapalle,Gorlavandlapalle,,14.0101,78.8417,India,IN,IND,Andhra Pradesh,Andhra Pradesh,IN-AP,state,,604.2,,,3,Asia/Kolkata,FALSE,1356895895
Komanāndivalavu,Komanandivalavu,,11.6943,77.9370,India,IN,IND,Tamil Nādu,Tamil Nadu,IN-TN,state,,864.2,,,3,Asia/Kolkata,FALSE,1356168058
Pugalūr,Pugalur,Punjai,11.0858,78.0171,India,IN,IND,Tamil Nādu,Tamil Nadu,IN-TN,state,,484.0,,,3,Asia/Kolkata,FALSE,1356957509
Patreki,Patreki,,27.7732,78.5866,India,IN,IND,Uttar Pradesh,Uttar Pradesh,IN-UP,state,,1113.3,,,3,Asia/Kolkata,FALSE,1356741901
Dhamog,Dhamog,,30.7130,77.1000,India,IN,IND,Haryāna,Haryana,IN-HR,state,,691.8,,,3,Asia/Kolkata,FALSE,1356520998
Idaiyankudi,Idaiyankudi,,9.7910,78.2406,India,IN,IND,Tamil Nādu,Tamil Nadu,IN-TN,state,,380.2,,,3,Asia/Kolkata,FALSE,1356239585
Bāsireddipalle,Basireddipalle,,15.1942,79.4704,India,IN,IND,Andhra Pradesh,Andhra Pradesh,IN-AP,state,,212.6,,,3,Asia/Kolkata,TRUE,1356290761
Basireddipalle,Basireddipalle,,15.8479,79.3464,India,IN,IND,Andhra Pradesh,Andhra Pradesh,IN-AP,state,,159.9,,,4,Asia/Kolkata,TRUE,1356534476
Basireddipalle,Basireddipalle,,13.7663,78.4089,India,IN,IND,Andhra Pradesh,Andhra Pradesh,IN-AP,state,,133.2,,,4,Asia/Kolkata,TRUE,1356237494
Basireddipalle,Basireddipalle,,14.9986,79.6021,India,IN,IND,Andhra Pradesh,Andhra Pradesh,IN-AP,state,,115.2,,,4,Asia/Kolkata,TRUE,1356379582
Basireddipalle,Basireddipalle,,14.3762,78.1038,India,IN,IND,Andhra Pradesh,Andhra Pradesh,IN-AP,state,,114.2,,,4,Asia/Kolkata,TRUE,1356015505
Behār,Behar,,26.8744,83.0651,India,IN,IND,Uttar Pradesh,Uttar Pradesh,IN-UP,state,,1445.2,,,3,Asia/Kolkata,FALSE,1356674819
Behār,Behar,,28.4705,78.1436,India,IN,IND,Uttar Pradesh,Uttar Pradesh,IN-UP,state,,984.9,,,3,Asia/Kolkata,TRUE,1356007140
Behar,Behar,,27.2190,81.0293,India,IN,IND,Uttar Pradesh,Uttar Pradesh,IN-UP,state,,886.6,,,3,Asia/Kolkata,TRUE,1356105831
Behār,Behar,,26.7336,82.5707,India,IN,IND,Uttar Pradesh,Uttar Pradesh,IN-UP,state,,854.7,,,3,Asia/Kolkata,TRUE,1356002444
Karigrām,Karigram,,24.2341,87.6696,India,IN,IND,West Bengal,West Bengal,IN-WB,state,,757.9,,,3,Asia/Kolkata,FALSE,1356123225
Nahtuwa,Nahtuwa,,27.2217,82.5544,India,IN,IND,Uttar Pradesh,Uttar Pradesh,IN-UP,state,,1315.8,,,3,Asia/Kolkata,FALSE,1356932982
Kāloghāto,Kaloghato,,27.7469,76.8313,India,IN,IND,Rājasthān,Rajasthan,IN-RJ,state,,621.5,,,3,Asia/Kolkata,FALSE,1356849496
Aurai,Aurai,,22.4588,80.5819,India,IN,IND,Madhya Pradesh,Madhya Pradesh,IN-MP,state,,124.9,,,4,Asia/Kolkata,FALSE,1356597590
Auraī,Aurai,,22.5484,80.7978,India,IN,IND,Madhya Pradesh,Madhya Pradesh,IN-MP,state,,124.9,,,4,Asia/Kolkata,TRUE,1356573962
Aurai,Aurai,,22.9536,81.0371,India,IN,IND,Madhya Pradesh,Madhya Pradesh,IN-MP,state,,63.3,,,4,Asia/Kolkata,TRUE,1356307723
Najiāpur,Najiapur,,25.8757,82.0916,India,IN,IND,Uttar Pradesh,Uttar Pradesh,IN-UP,state,,979.9,,,3,Asia/Kolkata,FALSE,1356299506
Turantīpur,Turantipur,,27.3297,82.1314,India,IN,IND,Uttar Pradesh,Uttar Pradesh,IN-UP,state,,1220.3,,,3,Asia/Kolkata,FALSE,1356943411
Dighawat,Dighawat,,25.3042,83.3286,India,IN,IND,Uttar Pradesh,Uttar Pradesh,IN-UP,state,,1240.5,,,3,Asia/Kolkata,FALSE,1356624299
Thānāpura,Thanapura,,26.9909,78.0553,India,IN,IND,Uttar Pradesh,Uttar Pradesh,IN-UP,state,,867.5,,,3,Asia/Kolkata,FALSE,1356380615
Māhuldīh,Mahuldih,,23.3424,85.9022,India,IN,IND,West Bengal,West Bengal,IN-WB,state,,431.7,,,3,Asia/Kolkata,FALSE,1356179831
Kakerlanka,Kakerlanka,,18.2228,81.3546,India,IN,IND,Chhattīsgarh,Chhattisgarh,IN-CT,state,,31.4,,,4,Asia/Kolkata,FALSE,1356040024
Tabāsura,Tabasura,,21.6669,85.9254,India,IN,IND,Odisha,Odisha,IN-OR,state,,303.6,,,3,Asia/Kolkata,FALSE,1356241839
Phonk,Phonk,,22.4210,80.7910,India,IN,IND,Madhya Pradesh,Madhya Pradesh,IN-MP,state,,124.9,,,4,Asia/Kolkata,FALSE,1356392845
Basān Purwa,Basan Purwa,,26.9006,79.8687,India,IN,IND,Uttar Pradesh,Uttar Pradesh,IN-UP,state,,681.0,,,3,Asia/Kolkata,FALSE,1356040617
Kareriya,Kareriya,,22.8270,75.8963,India,IN,IND,Madhya Pradesh,Madhya Pradesh,IN-MP,state,,354.1,,,3,Asia/Kolkata,FALSE,1356550723
Latāon,Lataon,,25.1356,83.2810,India,IN,IND,Uttar Pradesh,Uttar Pradesh,IN-UP,state,,405.7,,,3,Asia/Kolkata,FALSE,1356257258
Sālūkhera,Salukhera,,24.4456,73.4734,India,IN,IND,Rājasthān,Rajasthan,IN-RJ,state,,216.3,,,3,Asia/Kolkata,FALSE,1356796545
Māla,Mala,,24.0538,78.2007,India,IN,IND,Madhya Pradesh,Madhya Pradesh,IN-MP,state,,331.1,,,3,Asia/Kolkata,TRUE,1356142490
Māla,Mala,,23.2429,79.5611,India,IN,IND,Madhya Pradesh,Madhya Pradesh,IN-MP,state,,300.2,,,3,Asia/Kolkata,TRUE,1356647099
Māla,Mala,,24.2190,78.3299,India,IN,IND,Madhya Pradesh,Madhya Pradesh,IN-MP,state,,256.1,,,3,Asia/Kolkata,TRUE,1356098851
Māla,Mala,,24.0702,77.9216,India,IN,IND,Madhya Pradesh,Madhya Pradesh,IN-MP,state,,213.5,,,3,Asia/Kolkata,TRUE,1356219902
Rasūlpur Bākarganj,Rasulpur Bakarganj,,26.3462,82.6426,India,IN,IND,Uttar Pradesh,Uttar Pradesh,IN-UP,state,,1293.7,,,3,Asia/Kolkata,FALSE,1356067612
Dharmgarh,Dharmgarh,,30.1407,76.8664,India,IN,IND,Haryāna,Haryana,IN-HR,state,,582.3,,,3,Asia/Kolkata,FALSE,1356385514
Dharmgarh,Dharmgarh,,30.0495,76.6797,India,IN,IND,Haryāna,Haryana,IN-HR,state,,536.2,,,3,Asia/Kolkata,TRUE,1356669260
Dharmgarh,Dharmgarh,,30.0459,76.5812,India,IN,IND,Haryāna,Haryana,IN-HR,state,,536.2,,,3,Asia/Kolkata,TRUE,1356750184
Dharmgarh,Dharmgarh,,29.4466,76.6695,India,IN,IND,Haryāna,Haryana,IN-HR,state,,509.7,,,3,Asia/Kolkata,TRUE,1356726987
Pongāposi,Pongaposi,,21.2505,85.7441,India,IN,IND,Odisha,Odisha,IN-OR,state,,147.6,,,4,Asia/Kolkata,FALSE,1356214359
Dhanauta,Dhanauta,,28.8589,77.7348,India,IN,IND,Uttar Pradesh,Uttar Pradesh,IN-UP,state,,2434.6,,,2,Asia/Kolkata,FALSE,1356562521
Dhanauta,Dhanauta,,25.4220,83.5987,India,IN,IND,Uttar Pradesh,Uttar Pradesh,IN-UP,state,,1167.6,,,3,Asia/Kolkata,TRUE,1356961528
Dhanauta,Dhanauta,,27.8799,77.5171,India,IN,IND,Uttar Pradesh,Uttar Pradesh,IN-UP,state,,647.2,,,3,Asia/Kolkata,TRUE,1356917454
Chhatai Purwa,Chhatai Purwa,,27.1646,81.8364,India,IN,IND,Uttar Pradesh,Uttar Pradesh,IN-UP,state,,1011.3,,,3,Asia/Kolkata,FALSE,1356196766
Panrdungri,Panrdungri,,23.7118,85.9461,India,IN,IND,Jhārkhand,Jharkhand,IN-JH,state,,524.7,,,3,Asia/Kolkata,FALSE,1356184414
Purwa Audān Singh,Purwa Audan Singh,,26.5783,82.2626,India,IN,IND,Uttar Pradesh,Uttar Pradesh,IN-UP,state,,1774.9,,,3,Asia/Kolkata,FALSE,1356192293
Tāthar,Tathar,,31.5351,77.5436,India,IN,IND,Himāchal Pradesh,Himachal Pradesh,IN-HP,state,,99.6,,,4,Asia/Kolkata,FALSE,1356119089
Sabar,Sabar,,31.4104,77.5690,India,IN,IND,Himāchal Pradesh,Himachal Pradesh,IN-HP,state,,99.6,,,4,Asia/Kolkata,FALSE,1356092496
Chintapatla,Chintapatla,,17.0167,78.7167,India,IN,IND,Telangāna,Telangana,IN-TG,state,,231.0,,,3,Asia/Kolkata,FALSE,1356012264
Pimpalgaon Valan,Pimpalgaon Valan,,20.1233,75.3959,India,IN,IND,Mahārāshtra,Maharashtra,IN-MH,state,,277.0,,,3,Asia/Kolkata,FALSE,1356145797
Dhaulpur,Dhaulpur,Dholpur,26.7004,77.8992,India,IN,IND,Rājasthān,Rajasthan,IN-RJ,state,,940.1,,,3,Asia/Kolkata,FALSE,1356742507
Nokādi,Nokadi,,24.2286,86.3592,India,IN,IND,Jhārkhand,Jharkhand,IN-JH,state,,471.4,,,3,Asia/Kolkata,FALSE,1356251797
Haripur Parampur,Haripur Parampur,,29.2911,79.2712,India,IN,IND,Uttarākhand,Uttarakhand,IN-UT,state,,149.9,,,4,Asia/Kolkata,FALSE,1356543540
Mahmūdpur Sapāha,Mahmudpur Sapaha,,27.5622,79.2558,India,IN,IND,Uttar Pradesh,Uttar Pradesh,IN-UP,state,,849.2,,,3,Asia/Kolkata,FALSE,1356324838
Jīta ka Bās,Jita ka Bas,Jītāwās,28.1343,75.6890,India,IN,IND,Rājasthān,Rajasthan,IN-RJ,state,,387.2,,,3,Asia/Kolkata,FALSE,1356731418
Rājusingi,Rajusingi,,19.0394,83.9709,India,IN,IND,Odisha,Odisha,IN-OR,state,,103.9,,,4,Asia/Kolkata,FALSE,1356400546
Kuslātola,Kuslatola,,24.4324,84.4355,India,IN,IND,Bihār,Bihar,IN-BR,state,,383.0,,,3,Asia/Kolkata,FALSE,1356158462
Adamwāla Kera,Adamwala Kera,,29.0401,72.9905,India,IN,IND,Rājasthān,Rajasthan,IN-RJ,state,,132.3,,,4,Asia/Kolkata,FALSE,1356149773
Tehār,Tehar,,29.0389,76.8298,India,IN,IND,Haryāna,Haryana,IN-HR,state,,693.3,,,3,Asia/Kolkata,FALSE,1356991029
Nagla Son,Nagla Son,,27.4033,77.5832,India,IN,IND,Uttar Pradesh,Uttar Pradesh,IN-UP,state,,1600.5,,,3,Asia/Kolkata,FALSE,1356474825
Ghadela,Ghadela,,21.7282,78.9115,India,IN,IND,Madhya Pradesh,Madhya Pradesh,IN-MP,state,,222.4,,,3,Asia/Kolkata,FALSE,1356011256
Arāzi Khalanga,Arazi Khalanga,,26.3464,83.1812,India,IN,IND,Uttar Pradesh,Uttar Pradesh,IN-UP,state,,1070.8,,,3,Asia/Kolkata,FALSE,1356839817
Makodī,Makodi,,21.5758,80.1678,India,IN,IND,Mahārāshtra,Maharashtra,IN-MH,state,,704.7,,,3,Asia/Kolkata,FALSE,1356064818
Mākodi,Makodi,,20.7710,76.1299,India,IN,IND,Mahārāshtra,Maharashtra,IN-MH,state,,272.9,,,3,Asia/Kolkata,TRUE,1356991427
Makodi,Makodi,,19.7649,76.8690,India,IN,IND,Mahārāshtra,Maharashtra,IN-MH,state,,265.1,,,3,Asia/Kolkata,TRUE,1356021765
Bhopjikaka,Bhopjikaka,,24.5095,74.1721,India,IN,IND,Rājasthān,Rajasthan,IN-RJ,state,,318.5,,,3,Asia/Kolkata,FALSE,1356411347
Purwa Tīka,Purwa Tika,,26.3918,82.0383,India,IN,IND,Uttar Pradesh,Uttar Pradesh,IN-UP,state,,1256.2,,,3,Asia/Kolkata,FALSE,1356068662
Purwa Tīka,Purwa Tika,,26.4454,82.1018,India,IN,IND,Uttar Pradesh,Uttar Pradesh,IN-UP,state,,1037.6,,,3,Asia/Kolkata,TRUE,1356081584
Purwa Tīka,Purwa Tika,,27.1144,82.2112,India,IN,IND,Uttar Pradesh,Uttar Pradesh,IN-UP,state,,1019.1,,,3,Asia/Kolkata,TRUE,1356607429
Purwa Tika,Purwa Tika,,26.6916,82.4608,India,IN,IND,Uttar Pradesh,Uttar Pradesh,IN-UP,state,,854.7,,,3,Asia/Kolkata,TRUE,1356642393
Hettoli,Hettoli,,23.6570,85.3105,India,IN,IND,Jhārkhand,Jharkhand,IN-JH,state,,796.5,,,3,Asia/Kolkata,FALSE,1356188290
Hettoli,Hettoli,,23.0037,85.8105,India,IN,IND,Jhārkhand,Jharkhand,IN-JH,state,,306.7,,,3,Asia/Kolkata,TRUE,1356184505
Gusaīn Garhi,Gusain Garhi,,27.0248,78.2767,India,IN,IND,Uttar Pradesh,Uttar Pradesh,IN-UP,state,,867.5,,,3,Asia/Kolkata,FALSE,1356305279
Jorwat,Jorwat,,25.0394,81.8043,India,IN,IND,Uttar Pradesh,Uttar Pradesh,IN-UP,state,,518.5,,,3,Asia/Kolkata,FALSE,1356976844
Jagnīpur,Jagnipur,,25.8786,82.1561,India,IN,IND,Uttar Pradesh,Uttar Pradesh,IN-UP,state,,1130.0,,,3,Asia/Kolkata,FALSE,1356756434
Rautiāpur,Rautiapur,,26.4809,79.4797,India,IN,IND,Uttar Pradesh,Uttar Pradesh,IN-UP,state,,916.4,,,3,Asia/Kolkata,FALSE,1356884785
Harpāl,Harpal,,29.7059,78.9520,India,IN,IND,Uttarākhand,Uttarakhand,IN-UT,state,,78.7,,,4,Asia/Kolkata,FALSE,1356384220
Bānsi Khāp,Bansi Khap,,24.7941,84.3990,India,IN,IND,Bihār,Bihar,IN-BR,state,,1549.2,,,3,Asia/Kolkata,FALSE,1356243781
Harpāl,Harpal,,29.8815,77.4180,India,IN,IND,Uttar Pradesh,Uttar Pradesh,IN-UP,state,,722.8,,,3,Asia/Kolkata,FALSE,1356837962
Harpāl,Harpal,,27.3684,78.6887,India,IN,IND,Uttar Pradesh,Uttar Pradesh,IN-UP,state,,712.6,,,3,Asia/Kolkata,TRUE,1356724922
Āina,Aina,,31.3578,76.8811,India,IN,IND,Himāchal Pradesh,Himachal Pradesh,IN-HP,state,,89.4,,,4,Asia/Kolkata,FALSE,1356608748
Chain Dih,Chain Dih,,27.1430,81.7007,India,IN,IND,Uttar Pradesh,Uttar Pradesh,IN-UP,state,,1011.3,,,3,Asia/Kolkata,FALSE,1356029684
Sitaldauni,Sitaldauni,,25.8030,84.2375,India,IN,IND,Uttar Pradesh,Uttar Pradesh,IN-UP,state,,1360.4,,,3,Asia/Kolkata,FALSE,1356724992
Dhundhail Purwa,Dhundhail Purwa,,27.5002,81.5099,India,IN,IND,Uttar Pradesh,Uttar Pradesh,IN-UP,state,,824.4,,,3,Asia/Kolkata,FALSE,1356006340
Gūjrākheri,Gujrakheri,,24.7403,76.0081,India,IN,IND,Rājasthān,Rajasthan,IN-RJ,state,,367.0,,,3,Asia/Kolkata,FALSE,1356096571
Pura Amīr Alī,Pura Amir Ali,,27.3205,82.4030,India,IN,IND,Uttar Pradesh,Uttar Pradesh,IN-UP,state,,1125.1,,,3,Asia/Kolkata,FALSE,1356759445
Sadholi,Sadholi,,20.6373,82.0385,India,IN,IND,Chhattīsgarh,Chhattisgarh,IN-CT,state,,90.8,,,4,Asia/Kolkata,FALSE,1356165223
Khuinyān,Khuinyan,,24.8802,81.0234,India,IN,IND,Madhya Pradesh,Madhya Pradesh,IN-MP,state,,281.0,,,3,Asia/Kolkata,FALSE,1356416364
Mahīpatti,Mahipatti,,26.2349,86.7090,India,IN,IND,Bihār,Bihar,IN-BR,state,,1103.8,,,3,Asia/Kolkata,FALSE,1356254966
Chavutapalli,Chavutapalli,,14.5725,79.0641,India,IN,IND,Andhra Pradesh,Andhra Pradesh,IN-AP,state,,65.8,,,4,Asia/Kolkata,FALSE,1356718902
Senduwārdih,Senduwardih,,22.9984,85.7910,India,IN,IND,Jhārkhand,Jharkhand,IN-JH,state,,306.7,,,3,Asia/Kolkata,FALSE,1356232760
Barbata,Barbata,,27.6409,81.0873,India,IN,IND,Uttar Pradesh,Uttar Pradesh,IN-UP,state,,916.5,,,3,Asia/Kolkata,FALSE,1356770302
Barbata,Barbata,,25.8738,79.1093,India,IN,IND,Uttar Pradesh,Uttar Pradesh,IN-UP,state,,357.6,,,3,Asia/Kolkata,TRUE,1356106570
Har,Har,,24.1616,74.0636,India,IN,IND,Rājasthān,Rajasthan,IN-RJ,state,,398.0,,,3,Asia/Kolkata,FALSE,1356004944
Dual,Dual,,23.7685,73.6106,India,IN,IND,Rājasthān,Rajasthan,IN-RJ,state,,309.5,,,3,Asia/Kolkata,FALSE,1356769274
Lunjaguda,Lunjaguda,,18.8157,82.9015,India,IN,IND,Odisha,Odisha,IN-OR,state,,396.2,,,3,Asia/Kolkata,FALSE,1356103686
Desūrkhandrika,Desurkhandrika,,13.6092,79.7790,India,IN,IND,Andhra Pradesh,Andhra Pradesh,IN-AP,state,,94.4,,,4,Asia/Kolkata,FALSE,1356231644
Asauri,Asauri,,26.6885,81.3290,India,IN,IND,Uttar Pradesh,Uttar Pradesh,IN-UP,state,,1002.0,,,3,Asia/Kolkata,FALSE,1356626807
Malauna Bazar,Malauna Bazar,,27.1808,81.6585,India,IN,IND,Uttar Pradesh,Uttar Pradesh,IN-UP,state,,1011.3,,,3,Asia/Kolkata,FALSE,1356008359
Jib,Jib,,32.7406,75.5146,India,IN,IND,Jammu and Kashmīr,Jammu and Kashmir,IN-JK,state,,348.1,,,3,Asia/Kolkata,FALSE,1356767438
Belgi,Belgi,,30.7024,77.1762,India,IN,IND,Himāchal Pradesh,Himachal Pradesh,IN-HP,state,,197.3,,,4,Asia/Kolkata,FALSE,1356016818
Pura Malha,Pura Malha,,27.0120,81.7622,India,IN,IND,Uttar Pradesh,Uttar Pradesh,IN-UP,state,,1011.3,,,3,Asia/Kolkata,FALSE,1356113823
Golākot,Golakot,,29.7099,79.6266,India,IN,IND,Uttarākhand,Uttarakhand,IN-UT,state,,238.3,,,3,Asia/Kolkata,FALSE,1356495680
Pura Basāwan,Pura Basawan,,26.5497,82.7404,India,IN,IND,Uttar Pradesh,Uttar Pradesh,IN-UP,state,,1450.2,,,3,Asia/Kolkata,FALSE,1356577006
Pura Basāwan,Pura Basawan,,26.6818,82.8220,India,IN,IND,Uttar Pradesh,Uttar Pradesh,IN-UP,state,,1230.5,,,3,Asia/Kolkata,TRUE,1356353689
Pura Basāwān,Pura Basawan,,27.0968,81.8529,India,IN,IND,Uttar Pradesh,Uttar Pradesh,IN-UP,state,,1220.3,,,3,Asia/Kolkata,TRUE,1356975159
Pura Basāwan,Pura Basawan,,26.5101,81.6381,India,IN,IND,Uttar Pradesh,Uttar Pradesh,IN-UP,state,,1047.1,,,3,Asia/Kolkata,TRUE,1356446815
Pura Basāwan,Pura Basawan,,26.4342,81.7115,India,IN,IND,Uttar Pradesh,Uttar Pradesh,IN-UP,state,,1047.1,,,3,Asia/Kolkata,TRUE,1356936506
Pura Basāwan,Pura Basawan,,27.3311,81.6870,India,IN,IND,Uttar Pradesh,Uttar Pradesh,IN-UP,state,,946.1,,,3,Asia/Kolkata,TRUE,1356959244
Pura Basāwan,Pura Basawan,,26.0276,81.6852,India,IN,IND,Uttar Pradesh,Uttar Pradesh,IN-UP,state,,921.6,,,3,Asia/Kolkata,TRUE,1356081882
Pura Basāwan,Pura Basawan,,26.0660,81.5405,India,IN,IND,Uttar Pradesh,Uttar Pradesh,IN-UP,state,,876.5,,,3,Asia/Kolkata,TRUE,1356222923
Pura Basāwan,Pura Basawan,,26.1642,81.7375,India,IN,IND,Uttar Pradesh,Uttar Pradesh,IN-UP,state,,871.9,,,3,Asia/Kolkata,TRUE,1356236563
Pura Basāwan,Pura Basawan,,26.1242,81.6831,India,IN,IND,Uttar Pradesh,Uttar Pradesh,IN-UP,state,,811.9,,,3,Asia/Kolkata,TRUE,1356050162
Bihārīsar,Biharisar,,27.4190,76.2981,India,IN,IND,Rājasthān,Rajasthan,IN-RJ,state,,326.3,,,3,Asia/Kolkata,FALSE,1356079519
Shāh Dīwān,Shah Diwan,,31.1284,75.3486,India,IN,IND,Punjab,Punjab,IN-PB,state,,503.8,,,3,Asia/Kolkata,FALSE,1356061057
Kūttāmpuli,Kuttampuli,,8.7231,78.0684,India,IN,IND,Tamil Nādu,Tamil Nadu,IN-TN,state,,1454.8,,,3,Asia/Kolkata,FALSE,1356212920
Mīra Chak,Mira Chak,,25.3172,85.6073,India,IN,IND,Bihār,Bihar,IN-BR,state,,1296.2,,,3,Asia/Kolkata,TRUE,1356547098
Mīra Chak,Mira Chak,,25.3057,85.6957,India,IN,IND,Bihār,Bihar,IN-BR,state,,980.7,,,3,Asia/Kolkata,TRUE,1356451688
Mīra Chak,Mira Chak,,25.0424,85.4560,India,IN,IND,Bihār,Bihar,IN-BR,state,,825.6,,,3,Asia/Kolkata,TRUE,1356892562
Mira Chak,Mira Chak,,25.2604,87.0353,India,IN,IND,Bihār,Bihar,IN-BR,state,,341.5,,,3,Asia/Kolkata,TRUE,1356262399
Purwa Bishan Dat,Purwa Bishan Dat,,26.3766,81.9322,India,IN,IND,Uttar Pradesh,Uttar Pradesh,IN-UP,state,,1256.2,,,3,Asia/Kolkata,FALSE,1356035432
Nawādīh,Nawadih,,23.2045,85.9058,India,IN,IND,West Bengal,West Bengal,IN-WB,state,,371.1,,,3,Asia/Kolkata,FALSE,1356187552
Bhādarlau,Bhadarlau,,25.5179,73.4613,India,IN,IND,Rājasthān,Rajasthan,IN-RJ,state,,237.2,,,3,Asia/Kolkata,FALSE,1356502798
Choki,Choki,,32.4833,76.1267,India,IN,IND,Himāchal Pradesh,Himachal Pradesh,IN-HP,state,,200.2,,,3,Asia/Kolkata,FALSE,1356243284
Choki,Choki,,30.7062,77.1548,India,IN,IND,Himāchal Pradesh,Himachal Pradesh,IN-HP,state,,197.4,,,4,Asia/Kolkata,TRUE,1356882046
Kanduvārpatti,Kanduvarpatti,,10.3397,78.3182,India,IN,IND,Tamil Nādu,Tamil Nadu,IN-TN,state,,325.6,,,3,Asia/Kolkata,FALSE,1356228335
Būdāpāra,Budapara,Sonpur,22.9203,82.4574,India,IN,IND,Chhattīsgarh,Chhattisgarh,IN-CT,state,,100.3,,,4,Asia/Kolkata,FALSE,1356884695
Beldār Bigha,Beldar Bigha,,25.1422,84.8334,India,IN,IND,Bihār,Bihar,IN-BR,state,,1348.5,,,3,Asia/Kolkata,FALSE,1356508152
Beldār Bigha,Beldar Bigha,,25.0382,85.2747,India,IN,IND,Bihār,Bihar,IN-BR,state,,1044.7,,,3,Asia/Kolkata,TRUE,1356116744
Beldār Bigha,Beldar Bigha,,25.0898,85.2543,India,IN,IND,Bihār,Bihar,IN-BR,state,,1044.7,,,3,Asia/Kolkata,TRUE,1356006807
Beldār Bigha,Beldar Bigha,,24.5818,84.7626,India,IN,IND,Bihār,Bihar,IN-BR,state,,934.4,,,3,Asia/Kolkata,TRUE,1356457035
Chak Ganesha,Chak Ganesha,,25.3900,82.4638,India,IN,IND,Uttar Pradesh,Uttar Pradesh,IN-UP,state,,1486.6,,,3,Asia/Kolkata,FALSE,1356106527
Bailjuri,Bailjuri,,21.4043,83.8623,India,IN,IND,Odisha,Odisha,IN-OR,state,,317.4,,,3,Asia/Kolkata,FALSE,1356356595
Devākachhār,Devakachhar,,23.0045,79.1266,India,IN,IND,Madhya Pradesh,Madhya Pradesh,IN-MP,state,,276.7,,,3,Asia/Kolkata,FALSE,1356942575
Kallaraimodu,Kallaraimodu,,12.5022,78.5920,India,IN,IND,Tamil Nādu,Tamil Nadu,IN-TN,state,,588.2,,,3,Asia/Kolkata,FALSE,1356663309
Binau,Binau,,30.6403,77.8943,India,IN,IND,Uttarākhand,Uttarakhand,IN-UT,state,,203.2,,,3,Asia/Kolkata,FALSE,1356212010
Piach Dogri,Piach Dogri,,30.9722,77.5060,India,IN,IND,Himāchal Pradesh,Himachal Pradesh,IN-HP,state,,83.1,,,4,Asia/Kolkata,FALSE,1356375188
Gunsāgar,Gunsagar,,25.0610,86.1332,India,IN,IND,Bihār,Bihar,IN-BR,state,,758.5,,,3,Asia/Kolkata,FALSE,1356184653
Machaguda,Machaguda,,18.3972,82.2106,India,IN,IND,Odisha,Odisha,IN-OR,state,,189.6,,,4,Asia/Kolkata,FALSE,1356306199
Sejanpur,Sejanpur,,24.4732,76.8323,India,IN,IND,Madhya Pradesh,Madhya Pradesh,IN-MP,state,,228.5,,,3,Asia/Kolkata,FALSE,1356670210
Panditankurichi,Panditankurichi,,8.5364,77.5500,India,IN,IND,Tamil Nādu,Tamil Nadu,IN-TN,state,,282.8,,,3,Asia/Kolkata,FALSE,1356205149
Yākūbganj,Yakubganj,,26.3370,81.2721,India,IN,IND,Uttar Pradesh,Uttar Pradesh,IN-UP,state,,1008.1,,,3,Asia/Kolkata,FALSE,1356677438
Yākūbganj,Yakubganj,,28.7342,79.6401,India,IN,IND,Uttar Pradesh,Uttar Pradesh,IN-UP,state,,986.9,,,3,Asia/Kolkata,TRUE,1356476549
Pura Gulariha,Pura Gulariha,,26.0490,81.5143,India,IN,IND,Uttar Pradesh,Uttar Pradesh,IN-UP,state,,876.5,,,3,Asia/Kolkata,FALSE,1356061110
Mundandai,Mundandai,,9.5063,78.8881,India,IN,IND,Tamil Nādu,Tamil Nadu,IN-TN,state,,614.8,,,3,Asia/Kolkata,FALSE,1356240991
Chinnalasupuram,Chinnalasupuram,,10.7720,78.1494,India,IN,IND,Tamil Nādu,Tamil Nadu,IN-TN,state,,350.9,,,3,Asia/Kolkata,FALSE,1356221981
Boria Kalān,Boria Kalan,,21.1833,81.6833,India,IN,IND,Chhattīsgarh,Chhattisgarh,IN-CT,state,,1485.6,,,3,Asia/Kolkata,FALSE,1356507594
Barsanda Khurd,Barsanda Khurd,,25.3988,80.4393,India,IN,IND,Uttar Pradesh,Uttar Pradesh,IN-UP,state,,497.0,,,3,Asia/Kolkata,FALSE,1356274748
Ilangachakkai,Ilangachakkai,,11.4305,76.9777,India,IN,IND,Tamil Nādu,Tamil Nadu,IN-TN,state,,260.7,,,3,Asia/Kolkata,FALSE,1356537716
Simtipur,Simtipur,,26.4006,81.9175,India,IN,IND,Uttar Pradesh,Uttar Pradesh,IN-UP,state,,1157.4,,,3,Asia/Kolkata,FALSE,1356818688
Jhajjewāri,Jhajjewari,,26.4944,77.6107,India,IN,IND,Rājasthān,Rajasthan,IN-RJ,state,,386.9,,,3,Asia/Kolkata,FALSE,1356142667
Bankatwa,Bankatwa,,26.9309,83.3416,India,IN,IND,Uttar Pradesh,Uttar Pradesh,IN-UP,state,,2197.3,,,2,Asia/Kolkata,FALSE,1356026711
Bankatwa,Bankatwa,,26.8604,83.3623,India,IN,IND,Uttar Pradesh,Uttar Pradesh,IN-UP,state,,2197.3,,,2,Asia/Kolkata,TRUE,1356593782
Bankatwa,Bankatwa,,26.6401,82.1740,India,IN,IND,Uttar Pradesh,Uttar Pradesh,IN-UP,state,,1774.9,,,3,Asia/Kolkata,TRUE,1356053424
Bankatwa,Bankatwa,,26.5860,82.3466,India,IN,IND,Uttar Pradesh,Uttar Pradesh,IN-UP,state,,1774.9,,,3,Asia/Kolkata,TRUE,1356563779
Bankatwa,Bankatwa,,26.9400,83.2866,India,IN,IND,Uttar Pradesh,Uttar Pradesh,IN-UP,state,,1669.0,,,3,Asia/Kolkata,TRUE,1356246578
Bankatwa,Bankatwa,,25.6064,81.8895,India,IN,IND,Uttar Pradesh,Uttar Pradesh,IN-UP,state,,1425.5,,,3,Asia/Kolkata,TRUE,1356074834
Bankatwa,Bankatwa,,26.4651,82.2870,India,IN,IND,Uttar Pradesh,Uttar Pradesh,IN-UP,state,,1417.3,,,3,Asia/Kolkata,TRUE,1356462745
Bankatwa,Bankatwa,,26.6321,82.3638,India,IN,IND,Uttar Pradesh,Uttar Pradesh,IN-UP,state,,1404.6,,,3,Asia/Kolkata,TRUE,1356806940
Bankatwa,Bankatwa,,26.2810,82.5586,India,IN,IND,Uttar Pradesh,Uttar Pradesh,IN-UP,state,,1293.7,,,3,Asia/Kolkata,TRUE,1356118105
Bankatwa,Bankatwa,,26.4286,81.9628,India,IN,IND,Uttar Pradesh,Uttar Pradesh,IN-UP,state,,1256.2,,,3,Asia/Kolkata,TRUE,1356153514
Bankatwa,Bankatwa,,26.2777,81.9074,India,IN,IND,Uttar Pradesh,Uttar Pradesh,IN-UP,state,,1256.2,,,3,Asia/Kolkata,TRUE,1356250880
Bankatwa,Bankatwa,,26.5019,82.8826,India,IN,IND,Uttar Pradesh,Uttar Pradesh,IN-UP,state,,1234.0,,,3,Asia/Kolkata,TRUE,1356977123
Bankatwa,Bankatwa,,26.6853,82.8010,India,IN,IND,Uttar Pradesh,Uttar Pradesh,IN-UP,state,,1230.5,,,3,Asia/Kolkata,TRUE,1356014149
Bankatwa,Bankatwa,,27.1700,82.4727,India,IN,IND,Uttar Pradesh,Uttar Pradesh,IN-UP,state,,1224.0,,,3,Asia/Kolkata,TRUE,1356337720
Bankatwa,Bankatwa,,27.2904,82.1220,India,IN,IND,Uttar Pradesh,Uttar Pradesh,IN-UP,state,,1220.3,,,3,Asia/Kolkata,TRUE,1356091844
Bankatwa,Bankatwa,,27.1806,82.1440,India,IN,IND,Uttar Pradesh,Uttar Pradesh,IN-UP,state,,1220.3,,,3,Asia/Kolkata,TRUE,1356026799
Bankatwa,Bankatwa,,27.1996,81.9148,India,IN,IND,Uttar Pradesh,Uttar Pradesh,IN-UP,state,,1155.9,,,3,Asia/Kolkata,TRUE,1356577163
Bankatwa,Bankatwa,,27.2862,82.3750,India,IN,IND,Uttar Pradesh,Uttar Pradesh,IN-UP,state,,1125.1,,,3,Asia/Kolkata,TRUE,1356578539
Bankatwa,Bankatwa,,27.1335,82.3106,India,IN,IND,Uttar Pradesh,Uttar Pradesh,IN-UP,state,,1125.1,,,3,Asia/Kolkata,TRUE,1356786877
Bankatwa,Bankatwa,,27.1520,82.3818,India,IN,IND,Uttar Pradesh,Uttar Pradesh,IN-UP,state,,1125.1,,,3,Asia/Kolkata,TRUE,1356418110
Bankatwa,Bankatwa,,27.2678,82.2920,India,IN,IND,Uttar Pradesh,Uttar Pradesh,IN-UP,state,,1125.1,,,3,Asia/Kolkata,TRUE,1356331310
Bankatwa,Bankatwa,,27.0775,82.3316,India,IN,IND,Uttar Pradesh,Uttar Pradesh,IN-UP,state,,1125.1,,,3,Asia/Kolkata,TRUE,1356599666
Bankatwa,Bankatwa,,27.2236,83.2663,India,IN,IND,Uttar Pradesh,Uttar Pradesh,IN-UP,state,,1104.5,,,3,Asia/Kolkata,TRUE,1356788578
Bankatwa,Bankatwa,,27.2231,83.2091,India,IN,IND,Uttar Pradesh,Uttar Pradesh,IN-UP,state,,1104.5,,,3,Asia/Kolkata,TRUE,1356987807
Bankatwa,Bankatwa,,26.3228,82.4409,India,IN,IND,Uttar Pradesh,Uttar Pradesh,IN-UP,state,,1046.5,,,3,Asia/Kolkata,TRUE,1356634383
Bankatwa,Bankatwa,,26.4770,82.4483,India,IN,IND,Uttar Pradesh,Uttar Pradesh,IN-UP,state,,1046.5,,,3,Asia/Kolkata,TRUE,1356552000
Bankatwa,Bankatwa,,26.3381,82.5244,India,IN,IND,Uttar Pradesh,Uttar Pradesh,IN-UP,state,,1046.5,,,3,Asia/Kolkata,TRUE,1356206351
Bankatwa,Bankatwa,,27.3934,82.0638,India,IN,IND,Uttar Pradesh,Uttar Pradesh,IN-UP,state,,1032.0,,,3,Asia/Kolkata,TRUE,1356680164
Bankatwa,Bankatwa,,26.3427,83.7138,India,IN,IND,Uttar Pradesh,Uttar Pradesh,IN-UP,state,,1013.5,,,3,Asia/Kolkata,TRUE,1356418101
Bankatwa,Bankatwa,,27.0853,82.2426,India,IN,IND,Uttar Pradesh,Uttar Pradesh,IN-UP,state,,1011.3,,,3,Asia/Kolkata,TRUE,1356758908
Bankatwa,Bankatwa,,26.9773,82.3737,India,IN,IND,Uttar Pradesh,Uttar Pradesh,IN-UP,state,,1011.3,,,3,Asia/Kolkata,TRUE,1356628140
Bankatwa,Bankatwa,,26.9858,82.4996,India,IN,IND,Uttar Pradesh,Uttar Pradesh,IN-UP,state,,1011.3,,,3,Asia/Kolkata,TRUE,1356782911
Bankatwa,Bankatwa,,26.9297,82.3381,India,IN,IND,Uttar Pradesh,Uttar Pradesh,IN-UP,state,,1010.0,,,3,Asia/Kolkata,TRUE,1356254326
Bankatwa,Bankatwa,,27.2204,83.4069,India,IN,IND,Uttar Pradesh,Uttar Pradesh,IN-UP,state,,1010.0,,,3,Asia/Kolkata,TRUE,1356710351
Bankatwa,Bankatwa,,27.0594,82.5716,India,IN,IND,Uttar Pradesh,Uttar Pradesh,IN-UP,state,,993.9,,,3,Asia/Kolkata,TRUE,1356806107
Bankatwa,Bankatwa,,26.9671,82.6564,India,IN,IND,Uttar Pradesh,Uttar Pradesh,IN-UP,state,,992.2,,,3,Asia/Kolkata,TRUE,1356814257
Bankatwa,Bankatwa,,26.6316,82.8442,India,IN,IND,Uttar Pradesh,Uttar Pradesh,IN-UP,state,,979.8,,,3,Asia/Kolkata,TRUE,1356020978
Bankatwa,Bankatwa,,26.6215,83.0731,India,IN,IND,Uttar Pradesh,Uttar Pradesh,IN-UP,state,,979.8,,,3,Asia/Kolkata,TRUE,1356314854
Bankatwa,Bankatwa,,26.0823,82.1437,India,IN,IND,Uttar Pradesh,Uttar Pradesh,IN-UP,state,,962.4,,,3,Asia/Kolkata,TRUE,1356528501
Bankatwa,Bankatwa,,27.0035,82.2411,India,IN,IND,Uttar Pradesh,Uttar Pradesh,IN-UP,state,,952.7,,,3,Asia/Kolkata,TRUE,1356694006
Bankatwa,Bankatwa,,26.9236,82.4996,India,IN,IND,Uttar Pradesh,Uttar Pradesh,IN-UP,state,,945.8,,,3,Asia/Kolkata,TRUE,1356900133
Bankatwa,Bankatwa,,27.6626,81.6458,India,IN,IND,Uttar Pradesh,Uttar Pradesh,IN-UP,state,,916.2,,,3,Asia/Kolkata,TRUE,1356711415
Bankatwa,Bankatwa,,26.0684,81.9108,India,IN,IND,Uttar Pradesh,Uttar Pradesh,IN-UP,state,,874.9,,,3,Asia/Kolkata,TRUE,1356548087
Bankatwa,Bankatwa,,26.7589,82.3987,India,IN,IND,Uttar Pradesh,Uttar Pradesh,IN-UP,state,,854.7,,,3,Asia/Kolkata,TRUE,1356328519
Bankatwa,Bankatwa,,26.7029,82.5494,India,IN,IND,Uttar Pradesh,Uttar Pradesh,IN-UP,state,,854.7,,,3,Asia/Kolkata,TRUE,1356871156
Bankatwa,Bankatwa,,27.5509,82.1122,India,IN,IND,Uttar Pradesh,Uttar Pradesh,IN-UP,state,,753.4,,,3,Asia/Kolkata,TRUE,1356116666
Bankatwa,Bankatwa,,27.5656,82.2111,India,IN,IND,Uttar Pradesh,Uttar Pradesh,IN-UP,state,,751.7,,,3,Asia/Kolkata,TRUE,1356069381
Bankatwa,Bankatwa,,27.8962,81.4949,India,IN,IND,Uttar Pradesh,Uttar Pradesh,IN-UP,state,,683.0,,,3,Asia/Kolkata,TRUE,1356355233
Bankatwa,Bankatwa,,27.7090,81.8519,India,IN,IND,Uttar Pradesh,Uttar Pradesh,IN-UP,state,,624.3,,,3,Asia/Kolkata,TRUE,1356754059
Bankatwa,Bankatwa,,27.7195,81.9388,India,IN,IND,Uttar Pradesh,Uttar Pradesh,IN-UP,state,,624.3,,,3,Asia/Kolkata,TRUE,1356548995
Bankatwa,Bankatwa,,27.7333,82.7500,India,IN,IND,Uttar Pradesh,Uttar Pradesh,IN-UP,state,,64.5,,,4,Asia/Kathmandu,TRUE,1356867472
Tulsirāmavalasa,Tulsiramavalasa,,18.7458,83.4879,India,IN,IND,Andhra Pradesh,Andhra Pradesh,IN-AP,state,,387.7,,,3,Asia/Kolkata,FALSE,1356148239
Baretha,Baretha,,26.9748,83.7736,India,IN,IND,Uttar Pradesh,Uttar Pradesh,IN-UP,state,,1443.5,,,3,Asia/Kolkata,FALSE,1356811309
Baretha,Baretha,,26.9248,83.7779,India,IN,IND,Uttar Pradesh,Uttar Pradesh,IN-UP,state,,1443.5,,,3,Asia/Kolkata,TRUE,1356186146
Baretha,Baretha,,25.6624,83.1571,India,IN,IND,Uttar Pradesh,Uttar Pradesh,IN-UP,state,,1127.1,,,3,Asia/Kolkata,TRUE,1356080852
Baretha,Baretha,,26.4922,80.8766,India,IN,IND,Uttar Pradesh,Uttar Pradesh,IN-UP,state,,704.6,,,3,Asia/Kolkata,TRUE,1356676391
Koppanāyakkanpatti,Koppanayakkanpatti,,10.6197,78.0812,India,IN,IND,Tamil Nādu,Tamil Nadu,IN-TN,state,,350.9,,,3,Asia/Kolkata,TRUE,1356219198
Vendākurisshēri,Vendakurissheri,,10.9634,76.4376,India,IN,IND,Kerala,Kerala,IN-KL,state,,335.2,,,3,Asia/Kolkata,FALSE,1356480033
Gunkhri,Gunkhri,,31.8369,76.9767,India,IN,IND,Himāchal Pradesh,Himachal Pradesh,IN-HP,state,,181.3,,,4,Asia/Kolkata,FALSE,1356112997
Badhauna,Badhauna,,26.3480,81.4333,India,IN,IND,Uttar Pradesh,Uttar Pradesh,IN-UP,state,,1028.0,,,3,Asia/Kolkata,FALSE,1356126878
Gauril,Gauril,,29.8079,79.9154,India,IN,IND,Uttarākhand,Uttarakhand,IN-UT,state,,87.9,,,4,Asia/Kolkata,FALSE,1356771114
Devsipur,Devsipur,,25.9980,81.9588,India,IN,IND,Uttar Pradesh,Uttar Pradesh,IN-UP,state,,1130.0,,,3,Asia/Kolkata,FALSE,1356638234
Mandhāpur,Mandhapur,,27.6565,76.8560,India,IN,IND,Rājasthān,Rajasthan,IN-RJ,state,,533.9,,,3,Asia/Kolkata,FALSE,1356079560
Bhali,Bhali,,27.0822,81.7305,India,IN,IND,Uttar Pradesh,Uttar Pradesh,IN-UP,state,,1011.3,,,3,Asia/Kolkata,FALSE,1356928140
Bhāli,Bhali,,26.9755,78.9279,India,IN,IND,Uttar Pradesh,Uttar Pradesh,IN-UP,state,,708.2,,,3,Asia/Kolkata,TRUE,1356983797
Purwa Dasaundi,Purwa Dasaundi,,26.2535,83.2184,India,IN,IND,Uttar Pradesh,Uttar Pradesh,IN-UP,state,,1070.8,,,3,Asia/Kolkata,FALSE,1356062929
Purwa Dasaundi,Purwa Dasaundi,,26.0192,82.3042,India,IN,IND,Uttar Pradesh,Uttar Pradesh,IN-UP,state,,962.4,,,3,Asia/Kolkata,TRUE,1356152970
Purwa Dasaundi,Purwa Dasaundi,,26.4363,82.1611,India,IN,IND,Uttar Pradesh,Uttar Pradesh,IN-UP,state,,955.7,,,3,Asia/Kolkata,TRUE,1356180764
Bhalī,Bhali,,30.6799,78.3628,India,IN,IND,Uttarākhand,Uttarakhand,IN-UT,state,,166.2,,,4,Asia/Kolkata,FALSE,1356424938
Manigatta Gollahalli,Manigatta Gollahalli,,13.2707,78.5717,India,IN,IND,Andhra Pradesh,Andhra Pradesh,IN-AP,state,,341.4,,,3,Asia/Kolkata,FALSE,1356041814
Khātāvad Pāda,Khatavad Pada,,21.3957,74.0807,India,IN,IND,Mahārāshtra,Maharashtra,IN-MH,state,,478.1,,,3,Asia/Kolkata,FALSE,1356005365
Thepatoli,Thepatoli,,22.8639,84.8872,India,IN,IND,Jhārkhand,Jharkhand,IN-JH,state,,201.6,,,3,Asia/Kolkata,FALSE,1356199703
Pāpasanapalle,Papasanapalle,,13.9351,77.2180,India,IN,IND,Andhra Pradesh,Andhra Pradesh,IN-AP,state,,255.7,,,3,Asia/Kolkata,FALSE,1356290591
Manjulia,Manjulia,,26.2455,86.4319,India,IN,IND,Bihār,Bihar,IN-BR,state,,1768.6,,,3,Asia/Kolkata,FALSE,1356113554
Jhungia,Jhungia,,26.8181,83.4025,India,IN,IND,Uttar Pradesh,Uttar Pradesh,IN-UP,state,,2197.3,,,2,Asia/Kolkata,FALSE,1356674905
Jhungia,Jhungia,,26.8235,83.6318,India,IN,IND,Uttar Pradesh,Uttar Pradesh,IN-UP,state,,1443.5,,,3,Asia/Kolkata,TRUE,1356037435
Jhungia,Jhungia,,26.7405,83.2637,India,IN,IND,Uttar Pradesh,Uttar Pradesh,IN-UP,state,,1236.5,,,3,Asia/Kolkata,TRUE,1356864673
Jhungia,Jhungia,,26.7151,82.5393,India,IN,IND,Uttar Pradesh,Uttar Pradesh,IN-UP,state,,854.7,,,3,Asia/Kolkata,TRUE,1356123260
Lālāganj,Lalaganj,,25.7431,82.5739,India,IN,IND,Uttar Pradesh,Uttar Pradesh,IN-UP,state,,1614.9,,,3,Asia/Kolkata,FALSE,1356582952
Vīrāni,Virani,,10.9968,78.6802,India,IN,IND,Tamil Nādu,Tamil Nadu,IN-TN,state,,582.2,,,3,Asia/Kolkata,FALSE,1356219510
Virani,Virani,,9.8474,78.5416,India,IN,IND,Tamil Nādu,Tamil Nadu,IN-TN,state,,323.0,,,3,Asia/Kolkata,TRUE,1356217294
Scheli,Scheli,,29.6158,77.9293,India,IN,IND,Uttar Pradesh,Uttar Pradesh,IN-UP,state,,1491.0,,,3,Asia/Kolkata,FALSE,1356167934
Fatehpur Khādar,Fatehpur Khadar,,28.7726,78.2107,India,IN,IND,Uttar Pradesh,Uttar Pradesh,IN-UP,state,,828.1,,,3,Asia/Kolkata,FALSE,1356768070
Potlapalli Agrahāram,Potlapalli Agraharam,,16.8973,78.2023,India,IN,IND,Telangāna,Telangana,IN-TG,state,,244.1,,,3,Asia/Kolkata,FALSE,1356015434
Rānkatta,Rankatta,,20.4977,80.5984,India,IN,IND,Mahārāshtra,Maharashtra,IN-MH,state,,78.2,,,4,Asia/Kolkata,FALSE,1356374225
Hātgaon,Hatgaon,,26.1765,87.6257,India,IN,IND,Bihār,Bihar,IN-BR,state,,1062.6,,,3,Asia/Kolkata,TRUE,1356732026
Kawalpur,Kawalpur,,21.9529,81.7641,India,IN,IND,Chhattīsgarh,Chhattisgarh,IN-CT,state,,349.6,,,3,Asia/Kolkata,FALSE,1356925166
Kawalpur,Kawalpur,,22.0557,81.4938,India,IN,IND,Chhattīsgarh,Chhattisgarh,IN-CT,state,,315.8,,,3,Asia/Kolkata,TRUE,1356960612
Bhatti,Bhatti,,32.2783,76.2565,India,IN,IND,Himāchal Pradesh,Himachal Pradesh,IN-HP,state,,318.1,,,3,Asia/Kolkata,FALSE,1356055775
Kannandangudi Kīlaiyūr,Kannandangudi Kilaiyur,,10.6509,79.2773,India,IN,IND,Tamil Nādu,Tamil Nadu,IN-TN,state,,397.4,,,3,Asia/Kolkata,FALSE,1356247928
Mujahra Kalān,Mujahra Kalan,,25.2138,82.5498,India,IN,IND,Uttar Pradesh,Uttar Pradesh,IN-UP,state,,1269.1,,,3,Asia/Kolkata,FALSE,1356141676
Makundpur Kāshipur,Makundpur Kashipur,,26.0645,83.0628,India,IN,IND,Uttar Pradesh,Uttar Pradesh,IN-UP,state,,1365.2,,,3,Asia/Kolkata,FALSE,1356025748
Pītākheri,Pitakheri,,24.5973,77.3997,India,IN,IND,Madhya Pradesh,Madhya Pradesh,IN-MP,state,,285.6,,,3,Asia/Kolkata,FALSE,1356125968
Kyadgepur,Kyadgepur,,13.9513,74.9695,India,IN,IND,Karnātaka,Karnataka,IN-KA,state,,86.2,,,4,Asia/Kolkata,FALSE,1356690316
Bhandārāpāra,Bhandarapara,,22.9314,82.4440,India,IN,IND,Chhattīsgarh,Chhattisgarh,IN-CT,state,,100.3,,,4,Asia/Kolkata,FALSE,1356698255
Jogiāpur,Jogiapur,,25.2939,82.7244,India,IN,IND,Uttar Pradesh,Uttar Pradesh,IN-UP,state,,4464.8,,,2,Asia/Kolkata,FALSE,1356446631
Jogiāpur,Jogiapur,,25.7443,82.6869,India,IN,IND,Uttar Pradesh,Uttar Pradesh,IN-UP,state,,1614.9,,,3,Asia/Kolkata,TRUE,1356870518
Jogiāpur,Jogiapur,,27.5487,82.0641,India,IN,IND,Uttar Pradesh,Uttar Pradesh,IN-UP,state,,753.4,,,3,Asia/Kolkata,TRUE,1356047593
Jogiāpur,Jogiapur,,26.2769,79.4087,India,IN,IND,Uttar Pradesh,Uttar Pradesh,IN-UP,state,,459.9,,,3,Asia/Kolkata,TRUE,1356532482
Jalota,Jalota,,27.7464,76.6697,India,IN,IND,Rājasthān,Rajasthan,IN-RJ,state,,621.5,,,3,Asia/Kolkata,FALSE,1356451434
Manchinīlabhāvigūdem,Manchinilabhavigudem,,17.0027,79.2349,India,IN,IND,Telangāna,Telangana,IN-TG,state,,733.4,,,3,Asia/Kolkata,FALSE,1356949377
Agasarahalli,Agasarahalli,,12.1283,77.9349,India,IN,IND,Tamil Nādu,Tamil Nadu,IN-TN,state,,244.3,,,3,Asia/Kolkata,FALSE,1356855256
Nānappampālaiyam,Nanappampalaiyam,,11.2132,77.6872,India,IN,IND,Tamil Nādu,Tamil Nadu,IN-TN,state,,381.4,,,3,Asia/Kolkata,FALSE,1356166055
Bhuda Khān,Bhuda Khan,,27.8896,80.1494,India,IN,IND,Uttar Pradesh,Uttar Pradesh,IN-UP,state,,789.0,,,3,Asia/Kolkata,FALSE,1356730376
Aungāpur,Aungapur,,26.0096,82.2734,India,IN,IND,Uttar Pradesh,Uttar Pradesh,IN-UP,state,,1038.0,,,3,Asia/Kolkata,FALSE,1356007493
Safidon Mandi,Safidon Mandi,,29.3995,76.6593,India,IN,IND,Haryāna,Haryana,IN-HR,state,,509.7,,,3,Asia/Kolkata,FALSE,1356593647
Uttulūr,Uttulur,,18.0611,77.9426,India,IN,IND,Telangāna,Telangana,IN-TG,state,,189.0,,,4,Asia/Kolkata,FALSE,1356038135
Nagla Tundāmishar,Nagla Tundamishar,,27.0201,77.6140,India,IN,IND,Rājasthān,Rajasthan,IN-RJ,state,,579.2,,,3,Asia/Kolkata,FALSE,1356537358
Badaduva,Badaduva,,19.5074,83.3174,India,IN,IND,Odisha,Odisha,IN-OR,state,,140.3,,,4,Asia/Kolkata,FALSE,1356312783
Kandola,Kandola,,23.4666,74.3649,India,IN,IND,Rājasthān,Rajasthan,IN-RJ,state,,718.0,,,3,Asia/Kolkata,FALSE,1356364219
Sarhara,Sarhara,,27.2977,81.9890,India,IN,IND,Uttar Pradesh,Uttar Pradesh,IN-UP,state,,1220.3,,,3,Asia/Kolkata,FALSE,1356799256
Kussān,Kussan,,32.7761,76.2297,India,IN,IND,Himāchal Pradesh,Himachal Pradesh,IN-HP,state,,86.2,,,4,Asia/Kolkata,FALSE,1356368547
Selaiyanāyakkanpatti,Selaiyanayakkanpatti,,9.6254,77.7245,India,IN,IND,Tamil Nādu,Tamil Nadu,IN-TN,state,,472.9,,,3,Asia/Kolkata,FALSE,1356215494
Bhakrakot,Bhakrakot,,29.5687,79.1099,India,IN,IND,Uttarākhand,Uttarakhand,IN-UT,state,,137.7,,,4,Asia/Kolkata,FALSE,1356198173
Nirpeta,Nirpeta,,17.4459,78.5658,India,IN,IND,Telangāna,Telangana,IN-TG,state,,8070.3,,,2,Asia/Kolkata,FALSE,1356389850
Kutail,Kutail,,29.5991,77.0175,India,IN,IND,Haryāna,Haryana,IN-HR,state,,959.0,,,3,Asia/Kolkata,FALSE,1356148405
Kandia,Kandia,,23.3348,74.3030,India,IN,IND,Rājasthān,Rajasthan,IN-RJ,state,,469.9,,,3,Asia/Kolkata,FALSE,1356179530
Khaini,Khaini,,29.7661,78.7626,India,IN,IND,Uttarākhand,Uttarakhand,IN-UT,state,,86.9,,,4,Asia/Kolkata,FALSE,1356523848
Amāpur Kulkulia,Amapur Kulkulia,,25.2392,87.2173,India,IN,IND,Bihār,Bihar,IN-BR,state,,1651.2,,,3,Asia/Kolkata,FALSE,1356014670
Dākupura,Dakupura,,26.4638,87.7902,India,IN,IND,Bihār,Bihar,IN-BR,state,,539.0,,,3,Asia/Kolkata,FALSE,1356988697
Bijbrari,Bijbrari,,33.7352,74.6982,India,IN,IND,Jammu and Kashmīr,Jammu and Kashmir,IN-JK,state,,896.5,,,3,Asia/Kolkata,FALSE,1356877661
Boyampālaiyam,Boyampalaiyam,,11.1488,77.3537,India,IN,IND,Tamil Nādu,Tamil Nadu,IN-TN,state,,2019.3,,,2,Asia/Kolkata,FALSE,1356163847
Navānagar,Navanagar,,24.1525,72.8268,India,IN,IND,Gujarāt,Gujarat,IN-GJ,state,,331.9,,,3,Asia/Kolkata,FALSE,1356027132
Rigābera,Rigabera,,22.8743,85.5524,India,IN,IND,Jhārkhand,Jharkhand,IN-JH,state,,189.1,,,4,Asia/Kolkata,FALSE,1356259707
Maheshwās Khurd,Maheshwas Khurd,,27.0244,75.6119,India,IN,IND,Rājasthān,Rajasthan,IN-RJ,state,,1489.8,,,3,Asia/Kolkata,FALSE,1356029127
Khalgan,Khalgan,,31.2547,77.0795,India,IN,IND,Himāchal Pradesh,Himachal Pradesh,IN-HP,state,,192.3,,,4,Asia/Kolkata,FALSE,1356074221
Lohārdhāna,Lohardhana,,22.0759,78.9309,India,IN,IND,Madhya Pradesh,Madhya Pradesh,IN-MP,state,,847.5,,,3,Asia/Kolkata,FALSE,1356453351
Bisai Dīha,Bisai Diha,,27.3334,81.8367,India,IN,IND,Uttar Pradesh,Uttar Pradesh,IN-UP,state,,1223.7,,,3,Asia/Kolkata,FALSE,1356071088
Nagla Noindh,Nagla Noindh,,27.6285,78.6274,India,IN,IND,Uttar Pradesh,Uttar Pradesh,IN-UP,state,,940.3,,,3,Asia/Kolkata,FALSE,1356025202
Bāhābal,Bahabal,,20.6076,82.4629,India,IN,IND,Odisha,Odisha,IN-OR,state,,144.2,,,4,Asia/Kolkata,FALSE,1356778876
Alagusenai,Alagusenai,,12.7296,79.1519,India,IN,IND,Tamil Nādu,Tamil Nadu,IN-TN,state,,906.0,,,3,Asia/Kolkata,FALSE,1356039623
Yāpalgūdem,Yapalgudem,,17.0629,79.4708,India,IN,IND,Telangāna,Telangana,IN-TG,state,,202.4,,,3,Asia/Kolkata,FALSE,1356428569
Purwa Kharbhare,Purwa Kharbhare,,26.5830,82.0262,India,IN,IND,Uttar Pradesh,Uttar Pradesh,IN-UP,state,,955.7,,,3,Asia/Kolkata,FALSE,1356165068
Bungādāg,Bungadag,,23.8986,84.6692,India,IN,IND,Jhārkhand,Jharkhand,IN-JH,state,,123.3,,,4,Asia/Kolkata,FALSE,1356190324
Lāwāgārā,Lawagara,,23.5948,85.1833,India,IN,IND,Jhārkhand,Jharkhand,IN-JH,state,,342.8,,,3,Asia/Kolkata,TRUE,1356192495
Bakentoli,Bakentoli,,22.5468,84.4202,India,IN,IND,Jhārkhand,Jharkhand,IN-JH,state,,173.3,,,4,Asia/Kolkata,FALSE,1356216151
Adaikalapuram Sānārkudi,Adaikalapuram Sanarkudi,,8.4577,77.9846,India,IN,IND,Tamil Nādu,Tamil Nadu,IN-TN,state,,704.9,,,3,Asia/Kolkata,FALSE,1356228504
Simrāpur,Simrapur,,25.1791,80.2918,India,IN,IND,Madhya Pradesh,Madhya Pradesh,IN-MP,state,,228.1,,,3,Asia/Kolkata,FALSE,1356856170
Bakshi Bigha,Bakshi Bigha,,24.7131,84.7001,India,IN,IND,Bihār,Bihar,IN-BR,state,,960.1,,,3,Asia/Kolkata,FALSE,1356500907
Kinwāri,Kinwari,,26.6509,82.5895,India,IN,IND,Uttar Pradesh,Uttar Pradesh,IN-UP,state,,987.9,,,3,Asia/Kolkata,FALSE,1356668324
Chinnauni ka Pura,Chinnauni ka Pura,,26.3890,77.5605,India,IN,IND,Madhya Pradesh,Madhya Pradesh,IN-MP,state,,327.7,,,3,Asia/Kolkata,FALSE,1356769101
Kondapalli Koyagūdem,Kondapalli Koyagudem,,17.5809,81.1144,India,IN,IND,Telangāna,Telangana,IN-TG,state,,108.4,,,4,Asia/Kolkata,FALSE,1356966192
Pimpalgaon Rohi,Pimpalgaon Rohi,,19.0911,77.4527,India,IN,IND,Mahārāshtra,Maharashtra,IN-MH,state,,884.3,,,3,Asia/Kolkata,FALSE,1356467204
Bardarha,Bardarha,,21.5660,83.1017,India,IN,IND,Chhattīsgarh,Chhattisgarh,IN-CT,state,,286.4,,,3,Asia/Kolkata,FALSE,1356157233
Bajheli,Bajheli,,26.0732,81.3774,India,IN,IND,Uttar Pradesh,Uttar Pradesh,IN-UP,state,,876.5,,,3,Asia/Kolkata,FALSE,1356307511
Ukhliyūn,Ukhliyun,,29.9314,79.1314,India,IN,IND,Uttarākhand,Uttarakhand,IN-UT,state,,98.4,,,4,Asia/Kolkata,FALSE,1356334000
Āmātāra,Amatara,,24.0474,80.8138,India,IN,IND,Madhya Pradesh,Madhya Pradesh,IN-MP,state,,387.6,,,3,Asia/Kolkata,FALSE,1356871733
Nagla Dharma,Nagla Dharma,,27.5685,77.9456,India,IN,IND,Uttar Pradesh,Uttar Pradesh,IN-UP,state,,1340.5,,,3,Asia/Kolkata,FALSE,1356370090
Nagla Dharma,Nagla Dharma,,27.0865,78.6609,India,IN,IND,Uttar Pradesh,Uttar Pradesh,IN-UP,state,,1015.6,,,3,Asia/Kolkata,TRUE,1356610289
Brāhrhani,Brahrhani,,32.4584,76.4842,India,IN,IND,Himāchal Pradesh,Himachal Pradesh,IN-HP,state,,26.9,,,4,Asia/Kolkata,FALSE,1356185972
Jejgi,Jejgi,,22.9294,82.9736,India,IN,IND,Chhattīsgarh,Chhattisgarh,IN-CT,state,,112.8,,,4,Asia/Kolkata,FALSE,1356981090
Fatehpuria,Fatehpuria,,26.0990,74.3001,India,IN,IND,Rājasthān,Rajasthan,IN-RJ,state,,567.7,,,3,Asia/Kolkata,FALSE,1356095194
Sirasgaon Band,Sirasgaon Band,,21.2302,77.7283,India,IN,IND,Mahārāshtra,Maharashtra,IN-MH,state,,349.1,,,3,Asia/Kolkata,FALSE,1356590780
Nagla Hanspur,Nagla Hanspur,,27.6937,78.4928,India,IN,IND,Uttar Pradesh,Uttar Pradesh,IN-UP,state,,788.9,,,3,Asia/Kolkata,FALSE,1356663983
Kurlagunda,Kurlagunda,,14.6382,77.0442,India,IN,IND,Andhra Pradesh,Andhra Pradesh,IN-AP,state,,167.6,,,4,Asia/Kolkata,FALSE,1356123341
Madhurāpur,Madhurapur,,25.4410,85.9323,India,IN,IND,Bihār,Bihar,IN-BR,state,,2829.7,,0,2,Asia/Kolkata,FALSE,1356078253
Madhurāpur,Madhurapur,,25.7477,85.7532,India,IN,IND,Bihār,Bihar,IN-BR,state,,1945.8,,,3,Asia/Kolkata,TRUE,1356042295
Madhurāpur,Madhurapur,,24.8443,85.8103,India,IN,IND,Bihār,Bihar,IN-BR,state,,646.8,,,3,Asia/Kolkata,TRUE,1356241316
Rankian Purwa,Rankian Purwa,,27.4461,81.8175,India,IN,IND,Uttar Pradesh,Uttar Pradesh,IN-UP,state,,1223.7,,,3,Asia/Kolkata,FALSE,1356127044
Paintia,Paintia,,28.5324,78.5418,India,IN,IND,Uttar Pradesh,Uttar Pradesh,IN-UP,state,,1411.7,,,3,Asia/Kolkata,FALSE,1356934156
Sarga Kufar,Sarga Kufar,,30.5675,77.7413,India,IN,IND,Himāchal Pradesh,Himachal Pradesh,IN-HP,state,,284.3,,,3,Asia/Kolkata,FALSE,1356664457
Kānda ki Sār,Kanda ki Sar,,29.6412,78.9275,India,IN,IND,Uttarākhand,Uttarakhand,IN-UT,state,,61.7,,,4,Asia/Kolkata,FALSE,1356063631
Singarājupālem,Singarajupalem,,16.4741,81.5168,India,IN,IND,Andhra Pradesh,Andhra Pradesh,IN-AP,state,,1217.4,,,3,Asia/Kolkata,FALSE,1356918647
Singarājupālem,Singarajupalem,,16.8804,81.4091,India,IN,IND,Andhra Pradesh,Andhra Pradesh,IN-AP,state,,394.2,,,3,Asia/Kolkata,TRUE,1356998384
Surkurā,Surkura,,21.3360,80.2916,India,IN,IND,Mahārāshtra,Maharashtra,IN-MH,state,,404.0,,,3,Asia/Kolkata,FALSE,1356749474
Pāliam,Paliam,,18.6601,81.7725,India,IN,IND,Chhattīsgarh,Chhattisgarh,IN-CT,state,,81.0,,,4,Asia/Kolkata,FALSE,1356239411
Alhia,Alhia,,28.4279,79.6031,India,IN,IND,Uttar Pradesh,Uttar Pradesh,IN-UP,state,,998.7,,,3,Asia/Kolkata,FALSE,1356539523
Sīkumpur,Sikumpur,,27.6689,79.7002,India,IN,IND,Uttar Pradesh,Uttar Pradesh,IN-UP,state,,801.5,,,3,Asia/Kolkata,FALSE,1356884678
Tārātola,Taratola,,26.5799,86.0788,India,IN,IND,Bihār,Bihar,IN-BR,state,,846.5,,,3,Asia/Kolkata,FALSE,1356155264
Kodobhāta,Kodobhata,,21.2757,82.4728,India,IN,IND,Chhattīsgarh,Chhattisgarh,IN-CT,state,,258.6,,,3,Asia/Kolkata,FALSE,1356198411
Pura Bargadwa,Pura Bargadwa,,27.1672,82.3012,India,IN,IND,Uttar Pradesh,Uttar Pradesh,IN-UP,state,,1125.1,,,3,Asia/Kolkata,FALSE,1356890989
Koshtawādi,Koshtawadi,,18.9088,77.0224,India,IN,IND,Mahārāshtra,Maharashtra,IN-MH,state,,307.0,,,3,Asia/Kolkata,FALSE,1356090278
Ildarwādi,Ildarwadi,,17.7812,76.7762,India,IN,IND,Karnātaka,Karnataka,IN-KA,state,,333.3,,,3,Asia/Kolkata,FALSE,1356082692
Tāron,Taron,,26.5481,82.2455,India,IN,IND,Uttar Pradesh,Uttar Pradesh,IN-UP,state,,955.7,,,3,Asia/Kolkata,FALSE,1356193546
Māhni Khera,Mahni Khera,,30.0667,74.5000,India,IN,IND,Punjab,Punjab,IN-PB,state,,410.3,,,3,Asia/Kolkata,FALSE,1356946896
Jarābharan,Jarabharan,,21.2135,82.6902,India,IN,IND,Chhattīsgarh,Chhattisgarh,IN-CT,state,,259.9,,,3,Asia/Kolkata,FALSE,1356090356
Malhia,Malhia,,31.0501,77.1769,India,IN,IND,Himāchal Pradesh,Himachal Pradesh,IN-HP,state,,211.7,,,3,Asia/Kolkata,FALSE,1356894930
Danot,Danot,,31.6544,77.2306,India,IN,IND,Himāchal Pradesh,Himachal Pradesh,IN-HP,state,,198.8,,,4,Asia/Kolkata,FALSE,1356473551
Thauna,Thauna,,31.7161,76.8085,India,IN,IND,Himāchal Pradesh,Himachal Pradesh,IN-HP,state,,286.1,,,3,Asia/Kolkata,FALSE,1356663686
Doidagūda,Doidaguda,,18.6989,82.4327,India,IN,IND,Odisha,Odisha,IN-OR,state,,112.6,,,4,Asia/Kolkata,FALSE,1356945412
Madhnagra,Madhnagra,,27.4268,81.9679,India,IN,IND,Uttar Pradesh,Uttar Pradesh,IN-UP,state,,1223.7,,,3,Asia/Kolkata,FALSE,1356029750
Madhnagra,Madhnagra,,27.3290,81.7662,India,IN,IND,Uttar Pradesh,Uttar Pradesh,IN-UP,state,,1223.7,,,3,Asia/Kolkata,TRUE,1356728881
Patiya,Patiya,,30.3701,78.0587,India,IN,IND,Uttarākhand,Uttarakhand,IN-UT,state,,1516.7,,,3,Asia/Kolkata,FALSE,1356518326
Pātiya,Patiya,,29.6789,79.6843,India,IN,IND,Uttarākhand,Uttarakhand,IN-UT,state,,278.1,,,3,Asia/Kolkata,TRUE,1356679227
Chamru Nawāda,Chamru Nawada,,29.5625,78.4326,India,IN,IND,Uttar Pradesh,Uttar Pradesh,IN-UP,state,,497.9,,,3,Asia/Kolkata,FALSE,1356150996
Jānvi,Janvi,,24.8015,71.5476,India,IN,IND,Rājasthān,Rajasthan,IN-RJ,state,,230.1,,,3,Asia/Kolkata,FALSE,1356620416
Sorāchur,Sorachur,,20.4817,84.3998,India,IN,IND,Odisha,Odisha,IN-OR,state,,138.3,,,4,Asia/Kolkata,FALSE,1356261476
Mulavalasa,Mulavalasa,,18.6875,82.9080,India,IN,IND,Odisha,Odisha,IN-OR,state,,125.6,,,4,Asia/Kolkata,FALSE,1356787836
Mujabtā,Mujabta,,22.5481,80.5271,India,IN,IND,Madhya Pradesh,Madhya Pradesh,IN-MP,state,,310.6,,,3,Asia/Kolkata,FALSE,1356971491
Pura Parāg Singh,Pura Parag Singh,,27.0597,82.1078,India,IN,IND,Uttar Pradesh,Uttar Pradesh,IN-UP,state,,1011.3,,,3,Asia/Kolkata,FALSE,1356811436
Pura Parāg Singh,Pura Parag Singh,,26.1767,81.5518,India,IN,IND,Uttar Pradesh,Uttar Pradesh,IN-UP,state,,876.5,,,3,Asia/Kolkata,TRUE,1356159453
Mangli,Mangli,,22.3932,81.4865,India,IN,IND,Chhattīsgarh,Chhattisgarh,IN-CT,state,,315.8,,,3,Asia/Kolkata,FALSE,1356383452
Aprünyi,Aprunyi,,28.5885,95.8405,India,IN,IND,Arunāchal Pradesh,Arunachal Pradesh,IN-AR,state,,0.6,,,5,Asia/Kolkata,FALSE,1356015775
Lova Gummi,Lova Gummi,,19.4369,83.7982,India,IN,IND,Odisha,Odisha,IN-OR,state,,123.5,,,4,Asia/Kolkata,FALSE,1356382900
Jabkasa,Jabkasa,,20.4279,81.1771,India,IN,IND,Chhattīsgarh,Chhattisgarh,IN-CT,state,,214.8,,,3,Asia/Kolkata,FALSE,1356556703
Jabkasa,Jabkasa,,20.3971,80.7643,India,IN,IND,Chhattīsgarh,Chhattisgarh,IN-CT,state,,117.1,,,4,Asia/Kolkata,TRUE,1356194653
Jabkasa,Jabkasa,Margama,20.0986,81.4042,India,IN,IND,Chhattīsgarh,Chhattisgarh,IN-CT,state,,109.2,,,4,Asia/Kolkata,TRUE,1356057846
Jabkasa,Jabkasa,,20.5230,80.7492,India,IN,IND,Chhattīsgarh,Chhattisgarh,IN-CT,state,,103.3,,,4,Asia/Kolkata,TRUE,1356904525
Anaiadiambalam,Anaiadiambalam,,11.0160,76.4553,India,IN,IND,Kerala,Kerala,IN-KL,state,,335.2,,,3,Asia/Kolkata,FALSE,1356045597
Maharbān Khera,Maharban Khera,,26.4708,81.0600,India,IN,IND,Uttar Pradesh,Uttar Pradesh,IN-UP,state,,766.0,,,3,Asia/Kolkata,FALSE,1356628977
Sālāpur,Salapur,,11.8012,78.2304,India,IN,IND,Tamil Nādu,Tamil Nadu,IN-TN,state,,123.0,,,4,Asia/Kolkata,FALSE,1356252442
Thākarwāri,Thakarwari,,21.9739,78.3971,India,IN,IND,Madhya Pradesh,Madhya Pradesh,IN-MP,state,,191.5,,,4,Asia/Kolkata,FALSE,1356153644
Hosūru,Hosuru,,12.6987,77.6494,India,IN,IND,Karnātaka,Karnataka,IN-KA,state,,1294.3,,,3,Asia/Kolkata,FALSE,1356969810
Hosūru,Hosuru,,13.5843,77.4370,India,IN,IND,Karnātaka,Karnataka,IN-KA,state,,355.2,,,3,Asia/Kolkata,TRUE,1356482483
Hosūru,Hosuru,,13.7569,76.0034,India,IN,IND,Karnātaka,Karnataka,IN-KA,state,,190.7,,,4,Asia/Kolkata,TRUE,1356195256
Hosuru,Hosuru,,12.2195,75.9150,India,IN,IND,Karnātaka,Karnataka,IN-KA,state,,127.9,,,4,Asia/Kolkata,TRUE,1356112197
Hosūru,Hosuru,,13.7234,75.1546,India,IN,IND,Karnātaka,Karnataka,IN-KA,state,,109.9,,,4,Asia/Kolkata,TRUE,1356665203
Hosūru,Hosuru,,13.4987,75.5018,India,IN,IND,Karnātaka,Karnataka,IN-KA,state,,96.9,,,4,Asia/Kolkata,TRUE,1356090529
Sonmoh,Sonmoh,,21.2293,78.6834,India,IN,IND,Mahārāshtra,Maharashtra,IN-MH,state,,283.4,,,3,Asia/Kolkata,FALSE,1356805184
Sindhaur,Sindhaur,,25.9047,81.8061,India,IN,IND,Uttar Pradesh,Uttar Pradesh,IN-UP,state,,921.6,,,3,Asia/Kolkata,FALSE,1356672936
Lidhātola,Lidhatola,,24.6736,84.4098,India,IN,IND,Bihār,Bihar,IN-BR,state,,864.5,,,3,Asia/Kolkata,FALSE,1356289849
Pura Bhondu,Pura Bhondu,,27.2182,82.2506,India,IN,IND,Uttar Pradesh,Uttar Pradesh,IN-UP,state,,1220.3,,,3,Asia/Kolkata,FALSE,1356792841
Pura Bhondu,Pura Bhondu,,26.2565,81.6666,India,IN,IND,Uttar Pradesh,Uttar Pradesh,IN-UP,state,,811.9,,,3,Asia/Kolkata,TRUE,1356947129
Bhaim,Bhaim,,30.4677,78.2236,India,IN,IND,Uttarākhand,Uttarakhand,IN-UT,state,,133.7,,,4,Asia/Kolkata,FALSE,1356771132
Tulsi Chak,Tulsi Chak,,25.3868,84.9660,India,IN,IND,Bihār,Bihar,IN-BR,state,,1456.0,,,3,Asia/Kolkata,TRUE,1356098408
Khalwa,Khalwa,,26.6951,82.5053,India,IN,IND,Uttar Pradesh,Uttar Pradesh,IN-UP,state,,854.7,,,3,Asia/Kolkata,FALSE,1356006468
Khalwa,Khalwa,,25.5398,81.0469,India,IN,IND,Uttar Pradesh,Uttar Pradesh,IN-UP,state,,751.3,,,3,Asia/Kolkata,TRUE,1356114659
Giliyal,Giliyal,,12.6247,75.1692,India,IN,IND,Karnātaka,Karnataka,IN-KA,state,,669.6,,,3,Asia/Kolkata,FALSE,1356738584
Shivāpur,Shivapur,,25.1123,83.0400,India,IN,IND,Uttar Pradesh,Uttar Pradesh,IN-UP,state,,823.2,,,3,Asia/Kolkata,FALSE,1356095409
Kongiyūr,Kongiyur,,12.6267,78.7473,India,IN,IND,Tamil Nādu,Tamil Nadu,IN-TN,state,,607.2,,,3,Asia/Kolkata,FALSE,1356119172
Chālgaon,Chalgaon,,30.3935,78.1027,India,IN,IND,Uttarākhand,Uttarakhand,IN-UT,state,,1516.7,,,3,Asia/Kolkata,FALSE,1356177291
Yādir,Yadir,,33.8315,74.9927,India,IN,IND,Jammu and Kashmīr,Jammu and Kashmir,IN-JK,state,,1002.9,,,3,Asia/Kolkata,FALSE,1356144631
Basdeia,Basdeia,,25.7183,81.9473,India,IN,IND,Uttar Pradesh,Uttar Pradesh,IN-UP,state,,1051.9,,,3,Asia/Kolkata,FALSE,1356915651
Pullagurki,Pullagurki,,13.3811,78.3559,India,IN,IND,Karnātaka,Karnataka,IN-KA,state,,244.7,,,3,Asia/Kolkata,FALSE,1356619545
Kusgawān,Kusgawan,,23.5172,79.8863,India,IN,IND,Madhya Pradesh,Madhya Pradesh,IN-MP,state,,301.8,,,3,Asia/Kolkata,FALSE,1356477128
Nagla Sītārām,Nagla Sitaram,,27.1300,78.1508,India,IN,IND,Uttar Pradesh,Uttar Pradesh,IN-UP,state,,4970.0,,,2,Asia/Kolkata,FALSE,1356791906
Nagla Sītārām,Nagla Sitaram,,27.2530,77.9379,India,IN,IND,Uttar Pradesh,Uttar Pradesh,IN-UP,state,,2879.9,,,2,Asia/Kolkata,TRUE,1356566790
Nagla Sītārām,Nagla Sitaram,,27.1917,78.1464,India,IN,IND,Uttar Pradesh,Uttar Pradesh,IN-UP,state,,2047.3,,,2,Asia/Kolkata,TRUE,1356361915
Nagla Sītārām,Nagla Sitaram,,27.6559,77.7688,India,IN,IND,Uttar Pradesh,Uttar Pradesh,IN-UP,state,,889.3,,,3,Asia/Kolkata,TRUE,1356726948
Nagla Sītārām,Nagla Sitaram,,26.7563,79.1666,India,IN,IND,Uttar Pradesh,Uttar Pradesh,IN-UP,state,,819.8,,,3,Asia/Kolkata,TRUE,1356384913
Nagla Sītārām,Nagla Sitaram,,27.7198,78.8321,India,IN,IND,Uttar Pradesh,Uttar Pradesh,IN-UP,state,,674.6,,,3,Asia/Kolkata,TRUE,1356654242
Marumen,Marumen,,33.7722,74.0708,India,IN,IND,Jammu and Kashmīr,Jammu and Kashmir,IN-JK,state,,868.2,,,3,Asia/Kolkata,FALSE,1356859271
Afzalgarh,Afzalgarh,,29.3937,78.6739,India,IN,IND,Uttar Pradesh,Uttar Pradesh,IN-UP,state,,492.3,,,3,Asia/Kolkata,FALSE,1356726314
Milk Pipiāwāli,Milk Pipiawali,,28.8857,78.8885,India,IN,IND,Uttar Pradesh,Uttar Pradesh,IN-UP,state,,2372.5,,,2,Asia/Kolkata,FALSE,1356065441
Asaura,Asaura,,28.7541,77.7707,India,IN,IND,Uttar Pradesh,Uttar Pradesh,IN-UP,state,,1997.7,,,3,Asia/Kolkata,FALSE,1356607323
Pure Tulārām,Pure Tularam,,25.9007,81.9103,India,IN,IND,Uttar Pradesh,Uttar Pradesh,IN-UP,state,,1210.3,,,3,Asia/Kolkata,FALSE,1356135987
Habībpur,Habibpur,,25.4837,85.0927,India,IN,IND,Bihār,Bihar,IN-BR,state,,3386.0,,,2,Asia/Kolkata,TRUE,1356863744
Habībpur,Habibpur,,25.8834,85.5470,India,IN,IND,Bihār,Bihar,IN-BR,state,,2173.0,,,2,Asia/Kolkata,TRUE,1356357179
Bheniyan ka Pura,Bheniyan ka Pura,Jandail Ganj,26.3259,77.8399,India,IN,IND,Madhya Pradesh,Madhya Pradesh,IN-MP,state,,327.7,,,3,Asia/Kolkata,FALSE,1356800690
Rānīmohgaonghāt,Ranimohgaonghat,,21.6212,79.8351,India,IN,IND,Madhya Pradesh,Madhya Pradesh,IN-MP,state,,147.8,,,4,Asia/Kolkata,FALSE,1356475012
Mureri,Mureri,,25.4312,80.1969,India,IN,IND,Uttar Pradesh,Uttar Pradesh,IN-UP,state,,471.6,,,3,Asia/Kolkata,FALSE,1356599302
Sukhmangalganj,Sukhmangalganj,,26.3187,81.5186,India,IN,IND,Uttar Pradesh,Uttar Pradesh,IN-UP,state,,1028.0,,,3,Asia/Kolkata,FALSE,1356090831
Janglānūn,Janglanun,,33.3665,74.5259,India,IN,IND,Jammu and Kashmīr,Jammu and Kashmir,IN-JK,state,,314.6,,,3,Asia/Kolkata,FALSE,1356172992
Billpatrapura,Billpatrapura,,12.5105,77.3007,India,IN,IND,Karnātaka,Karnataka,IN-KA,state,,249.8,,,3,Asia/Kolkata,FALSE,1356181107
Lakhuridih,Lakhuridih,,21.6811,82.9092,India,IN,IND,Chhattīsgarh,Chhattisgarh,IN-CT,state,,410.7,,,3,Asia/Kolkata,FALSE,1356263729
Datiāl,Datial,,32.2359,75.4436,India,IN,IND,Punjab,Punjab,IN-PB,state,,964.4,,,3,Asia/Kolkata,FALSE,1356525675
Sakraura,Sakraura,,25.3568,85.3278,India,IN,IND,Bihār,Bihar,IN-BR,state,,1505.2,,,3,Asia/Kolkata,FALSE,1356138941
Maloltola,Maloltola,,21.5767,79.8025,India,IN,IND,Mahārāshtra,Maharashtra,IN-MH,state,,147.8,,,4,Asia/Kolkata,FALSE,1356715558
Pīpaliāmochi,Pipaliamochi,,23.8438,76.4001,India,IN,IND,Madhya Pradesh,Madhya Pradesh,IN-MP,state,,239.4,,,3,Asia/Kolkata,FALSE,1356093605
Kakrauta,Kakrauta,,32.6691,76.0213,India,IN,IND,Himāchal Pradesh,Himachal Pradesh,IN-HP,state,,200.2,,,3,Asia/Kolkata,FALSE,1356116574
Tilanga Sāni,Tilanga Sani,,25.1733,82.8029,India,IN,IND,Uttar Pradesh,Uttar Pradesh,IN-UP,state,,3261.7,,,2,Asia/Kolkata,FALSE,1356794747
Momantolā,Momantola,,21.7997,80.8276,India,IN,IND,Chhattīsgarh,Chhattisgarh,IN-CT,state,,144.4,,,4,Asia/Kolkata,FALSE,1356789325
Surjārām ki Dhāni,Surjaram ki Dhani,,28.4549,75.8142,India,IN,IND,Haryāna,Haryana,IN-HR,state,,261.7,,,3,Asia/Kolkata,FALSE,1356089169
Gaddemane,Gaddemane,,14.3036,74.5424,India,IN,IND,Karnātaka,Karnataka,IN-KA,state,,255.9,,,3,Asia/Kolkata,FALSE,1356078677
Gaddemane,Gaddemane,,13.5498,75.4832,India,IN,IND,Karnātaka,Karnataka,IN-KA,state,,96.9,,,4,Asia/Kolkata,TRUE,1356072913
Gaddemane,Gaddemane,,14.7731,74.7533,India,IN,IND,Karnātaka,Karnataka,IN-KA,state,,77.8,,,4,Asia/Kolkata,TRUE,1356099421
Arāzī Orā Sand,Arazi Ora Sand,,25.7011,83.5392,India,IN,IND,Uttar Pradesh,Uttar Pradesh,IN-UP,state,,1533.2,,,3,Asia/Kolkata,FALSE,1356135071
Susru,Susru,Aurangābād Dālchand,26.5458,79.6583,India,IN,IND,Uttar Pradesh,Uttar Pradesh,IN-UP,state,,709.5,,,3,Asia/Kolkata,FALSE,1356484633
Changiāpahāri,Changiapahari,,24.0426,86.1081,India,IN,IND,Jhārkhand,Jharkhand,IN-JH,state,,600.4,,,3,Asia/Kolkata,FALSE,1356248995
Baripāl,Baripal,,15.0009,74.0821,India,IN,IND,Goa,Goa,IN-GA,state,,167.0,,,4,Asia/Kolkata,FALSE,1356082863
Palāsuni,Palasuni,,21.1293,85.4037,India,IN,IND,Odisha,Odisha,IN-OR,state,,235.6,,,3,Asia/Kolkata,FALSE,1356258041
Bhatwarī,Bhatwari,,28.9905,78.1662,India,IN,IND,Uttar Pradesh,Uttar Pradesh,IN-UP,state,,868.3,,,3,Asia/Kolkata,FALSE,1356115199
Bhatwāri,Bhatwari,,24.8971,82.1164,India,IN,IND,Uttar Pradesh,Uttar Pradesh,IN-UP,state,,518.5,,,3,Asia/Kolkata,TRUE,1356016099
Bhātwāri,Bhatwari,,24.8211,82.3366,India,IN,IND,Uttar Pradesh,Uttar Pradesh,IN-UP,state,,349.9,,,3,Asia/Kolkata,TRUE,1356000681
Bhatwāri,Bhatwari,,30.4883,78.2446,India,IN,IND,Uttarākhand,Uttarakhand,IN-UT,state,,133.7,,,4,Asia/Kolkata,FALSE,1356157110
Bhatwāri,Bhatwari,,30.5149,79.1796,India,IN,IND,Uttarākhand,Uttarakhand,IN-UT,state,,85.1,,,4,Asia/Kolkata,TRUE,1356132909
Bhatwāri,Bhatwari,Batwari,30.8078,78.6236,India,IN,IND,Uttarākhand,Uttarakhand,IN-UT,state,,24.2,,,4,Asia/Kolkata,TRUE,1356346955
Kesho Chak,Kesho Chak,,25.3425,85.2097,India,IN,IND,Bihār,Bihar,IN-BR,state,,1553.3,,,3,Asia/Kolkata,FALSE,1356017249
Kesho Chak,Kesho Chak,,25.3523,85.0112,India,IN,IND,Bihār,Bihar,IN-BR,state,,1454.5,,,3,Asia/Kolkata,TRUE,1356093482
Kesho Chak,Kesho Chak,,24.9408,85.7574,India,IN,IND,Bihār,Bihar,IN-BR,state,,1417.6,,,3,Asia/Kolkata,TRUE,1356239994
Thappattakilavanūr,Thappattakilavanur,,10.6680,76.8997,India,IN,IND,Tamil Nādu,Tamil Nadu,IN-TN,state,,618.3,,,3,Asia/Kolkata,FALSE,1356162435
Chamba,Chamba,,33.4223,74.2212,India,IN,IND,Jammu and Kashmīr,Jammu and Kashmir,IN-JK,state,,434.5,,,3,Asia/Kolkata,FALSE,1356518880
Chamba,Chamba,,32.9838,74.9537,India,IN,IND,Jammu and Kashmīr,Jammu and Kashmir,IN-JK,state,,214.4,,,3,Asia/Kolkata,TRUE,1356080849
Chāmba,Chamba,,33.2771,74.9438,India,IN,IND,Jammu and Kashmīr,Jammu and Kashmir,IN-JK,state,,176.2,,,4,Asia/Kolkata,TRUE,1356964600
Kandwāri,Kandwari,,26.2146,82.3227,India,IN,IND,Uttar Pradesh,Uttar Pradesh,IN-UP,state,,673.7,,,3,Asia/Kolkata,FALSE,1356281483
Goglahr,Goglahr,,32.0765,76.3676,India,IN,IND,Himāchal Pradesh,Himachal Pradesh,IN-HP,state,,824.0,,,3,Asia/Kolkata,FALSE,1356438571
Naithāna,Naithana,,29.8080,79.3147,India,IN,IND,Uttarākhand,Uttarakhand,IN-UT,state,,176.8,,,4,Asia/Kolkata,FALSE,1356168866
Naithāna,Naithana,,30.2352,78.7790,India,IN,IND,Uttarākhand,Uttarakhand,IN-UT,state,,173.3,,,4,Asia/Kolkata,TRUE,1356515288
Naithāna,Naithana,,29.2137,79.7157,India,IN,IND,Uttarākhand,Uttarakhand,IN-UT,state,,141.7,,,4,Asia/Kolkata,TRUE,1356246058
Khudināl,Khudinal,,31.3545,77.2672,India,IN,IND,Himāchal Pradesh,Himachal Pradesh,IN-HP,state,,192.3,,,4,Asia/Kolkata,FALSE,1356645112
Andauli,Andauli,,25.8376,86.6439,India,IN,IND,Bihār,Bihar,IN-BR,state,,1117.1,,,3,Asia/Kolkata,TRUE,1356947689
Muriazābād,Muriazabad,,27.9783,77.5126,India,IN,IND,Haryāna,Haryana,IN-HR,state,,1107.4,,,3,Asia/Kolkata,FALSE,1356319195
Manakottu,Manakottu,,8.8813,76.9569,India,IN,IND,Kerala,Kerala,IN-KL,state,,338.6,,,3,Asia/Kolkata,FALSE,1356161946
Bāzārchauk,Bazarchauk,,21.7405,79.7088,India,IN,IND,Madhya Pradesh,Madhya Pradesh,IN-MP,state,,278.5,,,3,Asia/Kolkata,FALSE,1356075856
Kuchna,Kuchna,,20.1525,79.0146,India,IN,IND,Mahārāshtra,Maharashtra,IN-MH,state,,142.0,,,4,Asia/Kolkata,FALSE,1356250459
Palsada,Palsada,,21.7355,83.2503,India,IN,IND,Chhattīsgarh,Chhattisgarh,IN-CT,state,,393.9,,,3,Asia/Kolkata,FALSE,1356537325
Palsada,Palsada,,21.3114,82.9561,India,IN,IND,Chhattīsgarh,Chhattisgarh,IN-CT,state,,258.1,,,3,Asia/Kolkata,TRUE,1356032447
Komaliūr,Komaliur,,9.1847,76.5941,India,IN,IND,Kerala,Kerala,IN-KL,state,,1289.1,,,3,Asia/Kolkata,FALSE,1356161277
Khandehijar,Khandehijar,,25.8171,79.9988,India,IN,IND,Uttar Pradesh,Uttar Pradesh,IN-UP,state,,376.8,,,3,Asia/Kolkata,FALSE,1356401729
Maladepalli,Maladepalli,,13.3689,78.3209,India,IN,IND,Karnātaka,Karnataka,IN-KA,state,,244.7,,0,3,Asia/Kolkata,FALSE,1356783975
Kalvagettu,Kalvagettu,,13.9695,79.9558,India,IN,IND,Andhra Pradesh,Andhra Pradesh,IN-AP,state,,430.2,,,3,Asia/Kolkata,FALSE,1356376064
Chandpur,Chandpur,,23.1281,73.5578,India,IN,IND,Gujarāt,Gujarat,IN-GJ,state,,509.2,,,3,Asia/Kolkata,FALSE,1356806032
Nagla Dukhnia,Nagla Dukhnia,,27.1117,78.9304,India,IN,IND,Uttar Pradesh,Uttar Pradesh,IN-UP,state,,776.4,,,3,Asia/Kolkata,FALSE,1356132390
Rāmdongri,Ramdongri,,21.3989,79.0071,India,IN,IND,Mahārāshtra,Maharashtra,IN-MH,state,,330.3,,,3,Asia/Kolkata,FALSE,1356610265
Banadaravāndlapalle,Banadaravandlapalle,,13.9188,78.3821,India,IN,IND,Andhra Pradesh,Andhra Pradesh,IN-AP,state,,133.2,,,4,Asia/Kolkata,FALSE,1356265497
Sutkar,Sutkar,,32.3298,76.5371,India,IN,IND,Himāchal Pradesh,Himachal Pradesh,IN-HP,state,,22.3,,,4,Asia/Kolkata,FALSE,1356001229
Budadamitta,Budadamitta,,12.9861,78.3874,India,IN,IND,Karnātaka,Karnataka,IN-KA,state,,570.8,,,3,Asia/Kolkata,FALSE,1356215455
Gagrōt,Gagrot,,33.4246,74.4689,India,IN,IND,Jammu and Kashmīr,Jammu and Kashmir,IN-JK,state,,434.5,,,3,Asia/Kolkata,FALSE,1356763649
Brāhmanwara,Brahmanwara,,21.2555,79.0090,India,IN,IND,Mahārāshtra,Maharashtra,IN-MH,state,,2359.6,,,2,Asia/Kolkata,FALSE,1356139468
Brāhmanwāra,Brahmanwara,,21.2923,77.7637,India,IN,IND,Mahārāshtra,Maharashtra,IN-MH,state,,349.1,,,3,Asia/Kolkata,TRUE,1356196317
Brāhmanwāra,Brahmanwara,,21.0326,77.3671,India,IN,IND,Mahārāshtra,Maharashtra,IN-MH,state,,337.1,,,3,Asia/Kolkata,TRUE,1356413390
Brāhmanwāra,Brahmanwara,,21.2353,77.8441,India,IN,IND,Mahārāshtra,Maharashtra,IN-MH,state,,258.9,,,3,Asia/Kolkata,TRUE,1356116704
Tusrār,Tusrar,,29.3307,79.7669,India,IN,IND,Uttarākhand,Uttarakhand,IN-UT,state,,141.7,,,4,Asia/Kolkata,FALSE,1356960888
Talwāna,Talwana,,31.4158,76.8582,India,IN,IND,Himāchal Pradesh,Himachal Pradesh,IN-HP,state,,63.4,,,4,Asia/Kolkata,FALSE,1356331060
Khakaria Tolā,Khakaria Tola,,22.5470,79.3907,India,IN,IND,Madhya Pradesh,Madhya Pradesh,IN-MP,state,,133.4,,,4,Asia/Kolkata,FALSE,1356104982
Pura Sombansi,Pura Sombansi,,26.0430,81.1584,India,IN,IND,Uttar Pradesh,Uttar Pradesh,IN-UP,state,,756.3,,,3,Asia/Kolkata,FALSE,1356667811
Sinnattiyūr,Sinnattiyur,,11.2082,76.8913,India,IN,IND,Tamil Nādu,Tamil Nadu,IN-TN,state,,448.2,,,3,Asia/Kolkata,FALSE,1356316292
Purwa Pattān,Purwa Pattan,,26.6583,79.8774,India,IN,IND,Uttar Pradesh,Uttar Pradesh,IN-UP,state,,520.5,,,3,Asia/Kolkata,FALSE,1356547245
Khātāpāni,Khatapani,,25.0636,87.7269,India,IN,IND,Jhārkhand,Jharkhand,IN-JH,state,,847.1,,,3,Asia/Kolkata,FALSE,1356340489
Mayilappapuram,Mayilappapuram,,8.8522,77.3944,India,IN,IND,Tamil Nādu,Tamil Nadu,IN-TN,state,,391.8,,,3,Asia/Kolkata,FALSE,1356201453
Pura Bhairon Bakhsh,Pura Bhairon Bakhsh,,26.2397,81.0446,India,IN,IND,Uttar Pradesh,Uttar Pradesh,IN-UP,state,,1008.1,,,3,Asia/Kolkata,FALSE,1356302177
Madila,Madila,,27.1536,80.1648,India,IN,IND,Uttar Pradesh,Uttar Pradesh,IN-UP,state,,834.9,,,3,Asia/Kolkata,FALSE,1356430311
Kabīshar,Kabishar,,27.3550,79.1346,India,IN,IND,Uttar Pradesh,Uttar Pradesh,IN-UP,state,,825.1,,,3,Asia/Kolkata,FALSE,1356118905
Masrundā,Masrunda,,33.1356,75.8427,India,IN,IND,Jammu and Kashmīr,Jammu and Kashmir,IN-JK,state,,107.1,,,4,Asia/Kolkata,FALSE,1356822744
Markhel,Markhel,,18.4320,77.4721,India,IN,IND,Mahārāshtra,Maharashtra,IN-MH,state,,329.0,,,3,Asia/Kolkata,FALSE,1356031311
Baksuati,Baksuati,,29.3156,79.7936,India,IN,IND,Uttarākhand,Uttarakhand,IN-UT,state,,141.7,,,4,Asia/Kolkata,FALSE,1356948191
Kohpāra,Kohpara,,20.2660,78.8192,India,IN,IND,Mahārāshtra,Maharashtra,IN-MH,state,,169.3,,,4,Asia/Kolkata,FALSE,1356788803
Silwant,Silwant,,27.2277,79.2904,India,IN,IND,Uttar Pradesh,Uttar Pradesh,IN-UP,state,,825.1,,,3,Asia/Kolkata,FALSE,1356659156
Ottanāgampattipudūr,Ottanagampattipudur,,10.5306,77.8982,India,IN,IND,Tamil Nādu,Tamil Nadu,IN-TN,state,,334.6,,,3,Asia/Kolkata,FALSE,1356212553
Hāns Kheri,Hans Kheri,,25.9098,78.2984,India,IN,IND,Madhya Pradesh,Madhya Pradesh,IN-MP,state,,409.3,,,3,Asia/Kolkata,FALSE,1356116734
Daulatpur Chirra,Daulatpur Chirra,,27.2286,79.4635,India,IN,IND,Uttar Pradesh,Uttar Pradesh,IN-UP,state,,1354.9,,,3,Asia/Kolkata,FALSE,1356626162
Bisāra Pūrab,Bisara Purab,,26.3393,81.7867,India,IN,IND,Uttar Pradesh,Uttar Pradesh,IN-UP,state,,1047.1,,,3,Asia/Kolkata,FALSE,1356431685
Bhontoliya,Bhontoliya,,24.8803,84.9426,India,IN,IND,Bihār,Bihar,IN-BR,state,,1550.0,,,3,Asia/Kolkata,FALSE,1356831576
Fatehnagar,Fatehnagar,,26.4572,83.6650,India,IN,IND,Uttar Pradesh,Uttar Pradesh,IN-UP,state,,1178.3,,,3,Asia/Kolkata,FALSE,1356532196
Fatehnagar,Fatehnagar,,27.7451,78.6406,India,IN,IND,Uttar Pradesh,Uttar Pradesh,IN-UP,state,,855.3,,,3,Asia/Kolkata,TRUE,1356045575
Fatehnagar,Fatehnagar,,27.4014,80.6835,India,IN,IND,Uttar Pradesh,Uttar Pradesh,IN-UP,state,,815.7,,,3,Asia/Kolkata,TRUE,1356616414
Fatehnagar,Fatehnagar,,27.1809,80.5920,India,IN,IND,Uttar Pradesh,Uttar Pradesh,IN-UP,state,,783.7,,,3,Asia/Kolkata,TRUE,1356145069
Kundlākhera,Kundlakhera,,23.6957,76.0754,India,IN,IND,Madhya Pradesh,Madhya Pradesh,IN-MP,state,,301.0,,,3,Asia/Kolkata,FALSE,1356067955
Narregūdem,Narregudem,,17.5347,78.3057,India,IN,IND,Telangāna,Telangana,IN-TG,state,,817.9,,,3,Asia/Kolkata,FALSE,1356042654
Banāns,Banans,,30.5870,77.6827,India,IN,IND,Himāchal Pradesh,Himachal Pradesh,IN-HP,state,,210.2,,,3,Asia/Kolkata,FALSE,1356146492
Nagla Mauji,Nagla Mauji,,27.4721,78.1394,India,IN,IND,Uttar Pradesh,Uttar Pradesh,IN-UP,state,,920.9,,,3,Asia/Kolkata,FALSE,1356014933
Nagla Mauji,Nagla Mauji,,27.6533,77.6286,India,IN,IND,Uttar Pradesh,Uttar Pradesh,IN-UP,state,,647.2,,,3,Asia/Kolkata,TRUE,1356128946
Dubhāwān,Dubhawan,,25.3876,81.8375,India,IN,IND,Uttar Pradesh,Uttar Pradesh,IN-UP,state,,1205.4,,,3,Asia/Kolkata,FALSE,1356601181
Kanairā,Kanaira,,25.4551,79.7660,India,IN,IND,Uttar Pradesh,Uttar Pradesh,IN-UP,state,,238.0,,,3,Asia/Kolkata,FALSE,1356121833
Kālvād,Kalvad,,15.4912,75.3204,India,IN,IND,Karnātaka,Karnataka,IN-KA,state,,205.6,,,3,Asia/Kolkata,FALSE,1356808482
Girijānagar,Girijanagar,,16.6942,78.8685,India,IN,IND,Telangāna,Telangana,IN-TG,state,,305.5,,,3,Asia/Kolkata,FALSE,1356968232
Sīngaon,Singaon,,24.8893,81.8651,India,IN,IND,Madhya Pradesh,Madhya Pradesh,IN-MP,state,,401.7,,,3,Asia/Kolkata,FALSE,1356105933
Terkupudūr,Terkupudur,,11.2211,78.0467,India,IN,IND,Tamil Nādu,Tamil Nadu,IN-TN,state,,481.4,,,3,Asia/Kolkata,FALSE,1356247958
Panjia,Panjia,,30.5792,77.8527,India,IN,IND,Uttarākhand,Uttarakhand,IN-UT,state,,203.2,,,3,Asia/Kolkata,FALSE,1356109185
Achān Chak,Achan Chak,,31.5733,75.5182,India,IN,IND,Punjab,Punjab,IN-PB,state,,466.3,,,3,Asia/Kolkata,TRUE,1356419927
Ghuraiyākhera,Ghuraiyakhera,,26.6987,78.0251,India,IN,IND,Rājasthān,Rajasthan,IN-RJ,state,,582.2,,,3,Asia/Kolkata,FALSE,1356744564
Bādapāli,Badapali,,21.2301,83.6500,India,IN,IND,Odisha,Odisha,IN-OR,state,,484.9,,,3,Asia/Kolkata,FALSE,1356139825
Sundli,Sundli,,31.1039,77.6700,India,IN,IND,Himāchal Pradesh,Himachal Pradesh,IN-HP,state,,188.2,,,4,Asia/Kolkata,FALSE,1356023217
Karanpur,Karanpur,,26.9919,76.8165,India,IN,IND,Rājasthān,Rajasthan,IN-RJ,state,,478.0,,,3,Asia/Kolkata,FALSE,1356183041
Karanpur,Karanpur,Karanpura,26.1821,76.9702,India,IN,IND,Rājasthān,Rajasthan,IN-RJ,state,,176.9,,,4,Asia/Kolkata,TRUE,1356101172
Banās,Banas,,30.9374,77.2753,India,IN,IND,Himāchal Pradesh,Himachal Pradesh,IN-HP,state,,99.8,,,4,Asia/Kolkata,FALSE,1356341350
Sabrāi,Sabrai,,25.9028,77.9346,India,IN,IND,Madhya Pradesh,Madhya Pradesh,IN-MP,state,,718.4,,,3,Asia/Kolkata,FALSE,1356412540
Chichesra,Chichesra,,22.1074,81.6523,India,IN,IND,Chhattīsgarh,Chhattisgarh,IN-CT,state,,420.7,,,3,Asia/Kolkata,FALSE,1356056693
Jilluba,Jilluba,,19.8193,84.6526,India,IN,IND,Odisha,Odisha,IN-OR,state,,267.9,,,3,Asia/Kolkata,FALSE,1356479636
Purwa Jān,Purwa Jan,,26.9160,81.8246,India,IN,IND,Uttar Pradesh,Uttar Pradesh,IN-UP,state,,845.8,,,3,Asia/Kolkata,FALSE,1356326816
Jarāwan Barāi,Jarawan Barai,,26.9053,81.8084,India,IN,IND,Uttar Pradesh,Uttar Pradesh,IN-UP,state,,845.8,,,3,Asia/Kolkata,FALSE,1356107227
Chaulipalli,Chaulipalli,,12.2788,78.2515,India,IN,IND,Tamil Nādu,Tamil Nadu,IN-TN,state,,579.0,,,3,Asia/Kolkata,FALSE,1356234426
Ratāwa,Ratawa,,20.2537,81.9407,India,IN,IND,Chhattīsgarh,Chhattisgarh,IN-CT,state,,100.4,,,4,Asia/Kolkata,FALSE,1356498952
Sahsāpur,Sahsapur,,27.4536,80.5824,India,IN,IND,Uttar Pradesh,Uttar Pradesh,IN-UP,state,,815.7,,,3,Asia/Kolkata,FALSE,1356295956
Iduvāy,Iduvay,,11.0789,77.2853,India,IN,IND,Tamil Nādu,Tamil Nadu,IN-TN,state,,1799.3,,,3,Asia/Kolkata,FALSE,1356165559
Sanglīāla,Sangliala,,33.1931,75.0212,India,IN,IND,Jammu and Kashmīr,Jammu and Kashmir,IN-JK,state,,176.2,,,4,Asia/Kolkata,FALSE,1356608737
Hagange,Hagange,,13.6553,75.4012,India,IN,IND,Karnātaka,Karnataka,IN-KA,state,,96.9,,,4,Asia/Kolkata,FALSE,1356782161
Arulachipatti,Arulachipatti,,9.2768,77.4281,India,IN,IND,Tamil Nādu,Tamil Nadu,IN-TN,state,,417.7,,,3,Asia/Kolkata,FALSE,1356206998
Kaniās,Kanias,,27.0642,75.7010,India,IN,IND,Rājasthān,Rajasthan,IN-RJ,state,,910.6,,,3,Asia/Kolkata,FALSE,1356852406
Kondhāval,Kondhaval,,21.4833,74.6333,India,IN,IND,Mahārāshtra,Maharashtra,IN-MH,state,,441.3,,,3,Asia/Kolkata,FALSE,1356555059
Palāhata,Palahata,,31.2125,77.0056,India,IN,IND,Himāchal Pradesh,Himachal Pradesh,IN-HP,state,,258.1,,0,3,Asia/Kolkata,FALSE,1356054719
Pithāwās,Pithawas,Pīthāwās,26.9623,75.6802,India,IN,IND,Rājasthān,Rajasthan,IN-RJ,state,,5482.7,,,2,Asia/Kolkata,FALSE,1356151840
Pithāwās,Pithawas,,26.2259,73.2390,India,IN,IND,Rājasthān,Rajasthan,IN-RJ,state,,667.3,,,3,Asia/Kolkata,TRUE,1356704583
Chaitar Kas,Chaitar Kas,,33.0043,74.4076,India,IN,IND,Jammu and Kashmīr,Jammu and Kashmir,IN-JK,state,,153.5,,,4,Asia/Kolkata,FALSE,1356810961
Khalor,Khalor,,30.6736,77.4177,India,IN,IND,Himāchal Pradesh,Himachal Pradesh,IN-HP,state,,129.7,,,4,Asia/Kolkata,FALSE,1356093738
Pahārpura,Paharpura,,26.2884,76.6979,India,IN,IND,Rājasthān,Rajasthan,IN-RJ,state,,176.9,,,4,Asia/Kolkata,FALSE,1356229765
Pahārpura,Paharpura,,26.1640,76.7723,India,IN,IND,Rājasthān,Rajasthan,IN-RJ,state,,176.9,,,4,Asia/Kolkata,TRUE,1356267600
Kataibana,Kataibana,,25.3685,82.5121,India,IN,IND,Uttar Pradesh,Uttar Pradesh,IN-UP,state,,1486.6,,,3,Asia/Kolkata,FALSE,1356547938
Kokalwāra,Kokalwara,,27.6009,81.7465,India,IN,IND,Uttar Pradesh,Uttar Pradesh,IN-UP,state,,884.6,,,3,Asia/Kolkata,FALSE,1356094392
Sewak Jot,Sewak Jot,,27.2319,82.3639,India,IN,IND,Uttar Pradesh,Uttar Pradesh,IN-UP,state,,1125.1,,,3,Asia/Kolkata,FALSE,1356170822
Hala Mājra,Hala Majra,,30.6898,76.8015,India,IN,IND,Chandīgarh,Chandigarh,IN-CH,union territory,,7332.8,,,2,Asia/Kolkata,FALSE,1356415931
Sakli Umbar,Sakli Umbar,,21.7442,74.0154,India,IN,IND,Mahārāshtra,Maharashtra,IN-MH,state,,361.0,,,3,Asia/Kolkata,FALSE,1356554528
Dīngur,Dingur,,27.3764,81.9443,India,IN,IND,Uttar Pradesh,Uttar Pradesh,IN-UP,state,,1223.7,,,3,Asia/Kolkata,FALSE,1356686587
Pandan Kuian,Pandan Kuian,,27.0552,82.5962,India,IN,IND,Uttar Pradesh,Uttar Pradesh,IN-UP,state,,992.2,,,3,Asia/Kolkata,FALSE,1356086315
Būdimalle,Budimalle,,17.1788,80.5377,India,IN,IND,Telangāna,Telangana,IN-TG,state,,329.4,,,3,Asia/Kolkata,FALSE,1356437560
Gujariākhera,Gujariakhera,,25.0179,74.3968,India,IN,IND,Rājasthān,Rajasthan,IN-RJ,state,,208.7,,,3,Asia/Kolkata,FALSE,1356072233
Kundum,Kundum,,19.7582,80.4538,India,IN,IND,Mahārāshtra,Maharashtra,IN-MH,state,,50.9,,,4,Asia/Kolkata,FALSE,1356455031
Shivri,Shivri,,25.8950,80.5792,India,IN,IND,Uttar Pradesh,Uttar Pradesh,IN-UP,state,,629.9,,,3,Asia/Kolkata,FALSE,1356046225
Pānoli Mendha,Panoli Mendha,,20.6138,79.7671,India,IN,IND,Mahārāshtra,Maharashtra,IN-MH,state,,186.3,,,4,Asia/Kolkata,FALSE,1356877591
Khuntaora,Khuntaora,,21.1924,71.6511,India,IN,IND,Gujarāt,Gujarat,IN-GJ,state,,371.2,,,3,Asia/Kolkata,FALSE,1356734190
Mahuāban,Mahuaban,,25.9251,81.8747,India,IN,IND,Uttar Pradesh,Uttar Pradesh,IN-UP,state,,1210.3,,,3,Asia/Kolkata,FALSE,1356949378
Būrhīmāl,Burhimal,,22.1877,77.5647,India,IN,IND,Madhya Pradesh,Madhya Pradesh,IN-MP,state,,73.1,,,4,Asia/Kolkata,FALSE,1356057269
Ujneh,Ujneh,,25.6935,79.4601,India,IN,IND,Uttar Pradesh,Uttar Pradesh,IN-UP,state,,190.1,,,4,Asia/Kolkata,FALSE,1356777489
Khārgad,Khargad,,21.3349,78.2622,India,IN,IND,Mahārāshtra,Maharashtra,IN-MH,state,,309.8,,,3,Asia/Kolkata,FALSE,1356021749
Bithāin,Bithain,,27.0776,80.1537,India,IN,IND,Uttar Pradesh,Uttar Pradesh,IN-UP,state,,834.9,,,3,Asia/Kolkata,FALSE,1356107920
Parwan Khera,Parwan Khera,,27.1325,80.7325,India,IN,IND,Uttar Pradesh,Uttar Pradesh,IN-UP,state,,783.7,,,3,Asia/Kolkata,FALSE,1356025259
Siāl,Sial,,23.2049,73.8069,India,IN,IND,Gujarāt,Gujarat,IN-GJ,state,,408.9,,,3,Asia/Kolkata,FALSE,1356017692
Nimpur,Nimpur,,26.2846,82.2123,India,IN,IND,Uttar Pradesh,Uttar Pradesh,IN-UP,state,,1426.4,,,3,Asia/Kolkata,FALSE,1356439118
Nīmpur,Nimpur,,26.5640,81.5829,India,IN,IND,Uttar Pradesh,Uttar Pradesh,IN-UP,state,,1047.1,,,3,Asia/Kolkata,TRUE,1356617324
Gundulīmāl,Gundulimal,,21.7183,83.7769,India,IN,IND,Odisha,Odisha,IN-OR,state,,185.0,,,4,Asia/Kolkata,FALSE,1356968382
Dalīppura,Dalippura,,29.5518,77.6235,India,IN,IND,Uttar Pradesh,Uttar Pradesh,IN-UP,state,,1491.0,,,3,Asia/Kolkata,FALSE,1356139464
Jāmgaon,Jamgaon,,21.0549,81.8103,India,IN,IND,Chhattīsgarh,Chhattisgarh,IN-CT,state,,632.5,,,3,Asia/Kolkata,FALSE,1356046445
Jāmgaon,Jamgaon,,21.8253,81.1674,India,IN,IND,Chhattīsgarh,Chhattisgarh,IN-CT,state,,483.8,,,3,Asia/Kolkata,TRUE,1356981336
Jāmgaon,Jamgaon,,21.1393,81.5256,India,IN,IND,Chhattīsgarh,Chhattisgarh,IN-CT,state,,479.6,,,3,Asia/Kolkata,TRUE,1356732293
Jāmgaon,Jamgaon,,20.9534,81.4349,India,IN,IND,Chhattīsgarh,Chhattisgarh,IN-CT,state,,479.6,,,3,Asia/Kolkata,TRUE,1356104555
Jāmgaon,Jamgaon,,20.7038,81.2869,India,IN,IND,Chhattīsgarh,Chhattisgarh,IN-CT,state,,478.7,,,3,Asia/Kolkata,TRUE,1356021552
Jāmgaon,Jamgaon,,20.9771,81.6824,India,IN,IND,Chhattīsgarh,Chhattisgarh,IN-CT,state,,463.2,,,3,Asia/Kolkata,TRUE,1356365128
Jāmgaon,Jamgaon,,21.8620,83.5429,India,IN,IND,Chhattīsgarh,Chhattisgarh,IN-CT,state,,393.9,,,3,Asia/Kolkata,TRUE,1356007089
Jāmgaon,Jamgaon,,21.0206,82.0639,India,IN,IND,Chhattīsgarh,Chhattisgarh,IN-CT,state,,374.1,,,3,Asia/Kolkata,TRUE,1356712415
Jāmgaon,Jamgaon,,21.5739,81.2900,India,IN,IND,Chhattīsgarh,Chhattisgarh,IN-CT,state,,307.5,,,3,Asia/Kolkata,TRUE,1356107214
Jāmgaon,Jamgaon,,21.5811,81.5832,India,IN,IND,Chhattīsgarh,Chhattisgarh,IN-CT,state,,274.1,,,3,Asia/Kolkata,TRUE,1356041364
Jāmgaon,Jamgaon,,20.3846,81.7408,India,IN,IND,Chhattīsgarh,Chhattisgarh,IN-CT,state,,151.3,,,4,Asia/Kolkata,TRUE,1356112698
Jāmgaon,Jamgaon,,21.7470,80.8297,India,IN,IND,Chhattīsgarh,Chhattisgarh,IN-CT,state,,147.0,,,4,Asia/Kolkata,TRUE,1356284897
Jāmgaon,Jamgaon,,18.9872,81.5678,India,IN,IND,Chhattīsgarh,Chhattisgarh,IN-CT,state,,135.7,,,4,Asia/Kolkata,TRUE,1356240051
Jāmgaon,Jamgaon,,20.0710,81.6058,India,IN,IND,Chhattīsgarh,Chhattisgarh,IN-CT,state,,109.2,,,4,Asia/Kolkata,TRUE,1356562055
Nareda,Nareda,,31.3402,77.4095,India,IN,IND,Himāchal Pradesh,Himachal Pradesh,IN-HP,state,,195.0,,,4,Asia/Kolkata,FALSE,1356677901
Chik Kebri,Chik Kebri,,12.5105,77.5248,India,IN,IND,Karnātaka,Karnataka,IN-KA,state,,249.8,,,3,Asia/Kolkata,FALSE,1356075596
Sultān Chak,Sultan Chak,,25.4987,85.0504,India,IN,IND,Bihār,Bihar,IN-BR,state,,1155.3,,,3,Asia/Kolkata,FALSE,1356106334
Kusumbha,Kusumbha,,24.0339,86.4323,India,IN,IND,Jhārkhand,Jharkhand,IN-JH,state,,603.8,,,3,Asia/Kolkata,TRUE,1356245342
Alāwās,Alawas,,25.8674,73.7180,India,IN,IND,Rājasthān,Rajasthan,IN-RJ,state,,112.0,,,4,Asia/Kolkata,FALSE,1356225261
Narasanpālya,Narasanpalya,,13.1174,77.0616,India,IN,IND,Karnātaka,Karnataka,IN-KA,state,,235.0,,,3,Asia/Kolkata,FALSE,1356387891
Bandlapalle,Bandlapalle,,14.0205,77.5070,India,IN,IND,Andhra Pradesh,Andhra Pradesh,IN-AP,state,,193.1,,,4,Asia/Kolkata,TRUE,1356843145
Bandlapalle,Bandlapalle,,14.8512,77.7476,India,IN,IND,Andhra Pradesh,Andhra Pradesh,IN-AP,state,,143.2,,,4,Asia/Kolkata,TRUE,1356792617
Niwāri,Niwari,,24.5252,80.3256,India,IN,IND,Madhya Pradesh,Madhya Pradesh,IN-MP,state,,263.3,,,3,Asia/Kolkata,TRUE,1356141064
Niwāri,Niwari,,24.1014,77.2467,India,IN,IND,Madhya Pradesh,Madhya Pradesh,IN-MP,state,,250.1,,,3,Asia/Kolkata,TRUE,1356541029
Niwāri,Niwari,,22.3214,79.2980,India,IN,IND,Madhya Pradesh,Madhya Pradesh,IN-MP,state,,238.7,,,3,Asia/Kolkata,TRUE,1356410074
Niwāri,Niwari,,23.0726,78.4563,India,IN,IND,Madhya Pradesh,Madhya Pradesh,IN-MP,state,,237.4,,,3,Asia/Kolkata,TRUE,1356007241
Niwāri,Niwari,,23.7025,79.0651,India,IN,IND,Madhya Pradesh,Madhya Pradesh,IN-MP,state,,179.5,,,4,Asia/Kolkata,TRUE,1356926726
Niwāri,Niwari,,23.2371,78.1409,India,IN,IND,Madhya Pradesh,Madhya Pradesh,IN-MP,state,,144.7,,,4,Asia/Kolkata,TRUE,1356371102
Bhainiwāla,Bhainiwala,,29.9290,75.1950,India,IN,IND,Punjab,Punjab,IN-PB,state,,302.3,,,3,Asia/Kolkata,FALSE,1356043408
Ettepāl,Ettepal,,18.7073,81.5273,India,IN,IND,Chhattīsgarh,Chhattisgarh,IN-CT,state,,81.0,,,4,Asia/Kolkata,FALSE,1356101412
Birmapur,Birmapur,,27.1882,82.2914,India,IN,IND,Uttar Pradesh,Uttar Pradesh,IN-UP,state,,1125.1,,,3,Asia/Kolkata,FALSE,1356054782
Gudivārgūdem,Gudivargudem,,16.7970,80.8286,India,IN,IND,Andhra Pradesh,Andhra Pradesh,IN-AP,state,,540.1,,,3,Asia/Kolkata,FALSE,1356758892
Nāgargaon,Nagargaon,,20.5600,78.0814,India,IN,IND,Mahārāshtra,Maharashtra,IN-MH,state,,191.8,,,4,Asia/Kolkata,FALSE,1356999739
Sanwalhiri,Sanwalhiri,,19.6952,78.9718,India,IN,IND,Mahārāshtra,Maharashtra,IN-MH,state,,231.7,,,3,Asia/Kolkata,FALSE,1356734161
Saini Mājra,Saini Majra,,30.2880,76.6614,India,IN,IND,Haryāna,Haryana,IN-HR,state,,697.1,,,3,Asia/Kolkata,FALSE,1356108193
Venkateshwarpalli,Venkateshwarpalli,,18.2200,79.5159,India,IN,IND,Telangāna,Telangana,IN-TG,state,,453.3,,,3,Asia/Kolkata,FALSE,1356086536
Venkateshwarpalli,Venkateshwarpalli,,18.1924,79.2947,India,IN,IND,Telangāna,Telangana,IN-TG,state,,319.1,,,3,Asia/Kolkata,TRUE,1356541248
Venkateshwarpalli,Venkateshwarpalli,,18.2501,79.5919,India,IN,IND,Telangāna,Telangana,IN-TG,state,,299.0,,,3,Asia/Kolkata,TRUE,1356467871
Venkateshwarpalli,Venkateshwarpalli,,18.4892,79.6352,India,IN,IND,Telangāna,Telangana,IN-TG,state,,234.0,,,3,Asia/Kolkata,TRUE,1356952271
Rohni,Rohni,,20.3927,78.6644,India,IN,IND,Mahārāshtra,Maharashtra,IN-MH,state,,304.2,,,3,Asia/Kolkata,FALSE,1356150743
Rohni,Rohni,,20.7358,79.8165,India,IN,IND,Mahārāshtra,Maharashtra,IN-MH,state,,225.7,,,3,Asia/Kolkata,TRUE,1356095848
Pura Subhal,Pura Subhal,,26.4580,82.7213,India,IN,IND,Uttar Pradesh,Uttar Pradesh,IN-UP,state,,1450.2,,,3,Asia/Kolkata,FALSE,1356395257
Nandore Kalān,Nandore Kalan,,22.0406,82.8986,India,IN,IND,Chhattīsgarh,Chhattisgarh,IN-CT,state,,553.4,,,3,Asia/Kolkata,FALSE,1356804730
Garoth,Garoth,Gerthi|Gharot,31.2422,77.1006,India,IN,IND,Himāchal Pradesh,Himachal Pradesh,IN-HP,state,,192.3,,,4,Asia/Kolkata,FALSE,1356254222
Talain,Talain,,31.2746,77.1536,India,IN,IND,Himāchal Pradesh,Himachal Pradesh,IN-HP,state,,192.3,,,4,Asia/Kolkata,FALSE,1356466893
Mochīpur,Mochipur,,26.9666,79.9632,India,IN,IND,Uttar Pradesh,Uttar Pradesh,IN-UP,state,,989.4,,,3,Asia/Kolkata,FALSE,1356860218
Mochipur,Mochipur,,26.7731,82.5253,India,IN,IND,Uttar Pradesh,Uttar Pradesh,IN-UP,state,,854.7,,,3,Asia/Kolkata,TRUE,1356972451
Diba,Diba,,32.2914,76.1898,India,IN,IND,Himāchal Pradesh,Himachal Pradesh,IN-HP,state,,318.1,,,3,Asia/Kolkata,FALSE,1356157862
Sultānpura,Sultanpura,,23.6684,76.0901,India,IN,IND,Madhya Pradesh,Madhya Pradesh,IN-MP,state,,301.0,,,3,Asia/Kolkata,TRUE,1356010637
Bartoli,Bartoli,,22.4471,84.0195,India,IN,IND,Odisha,Odisha,IN-OR,state,,196.8,,,4,Asia/Kolkata,FALSE,1356203961
Pura Sabha,Pura Sabha,,26.0897,81.5667,India,IN,IND,Uttar Pradesh,Uttar Pradesh,IN-UP,state,,921.6,,,3,Asia/Kolkata,FALSE,1356901566
Nagla Dhāra Singh,Nagla Dhara Singh,,27.2631,79.3936,India,IN,IND,Uttar Pradesh,Uttar Pradesh,IN-UP,state,,1354.9,,,3,Asia/Kolkata,FALSE,1356028994
Sāme,Same,,32.6445,75.5188,India,IN,IND,Jammu and Kashmīr,Jammu and Kashmir,IN-JK,state,,348.1,,,3,Asia/Kolkata,FALSE,1356955067
Mostgaon,Mostgaon,,29.8706,79.7371,India,IN,IND,Uttarākhand,Uttarakhand,IN-UT,state,,183.4,,,4,Asia/Kolkata,FALSE,1356019518
Jairāmpiri,Jairampiri,,22.9527,85.4164,India,IN,IND,Jhārkhand,Jharkhand,IN-JH,state,,275.5,,,3,Asia/Kolkata,FALSE,1356185481
Mahdia,Mahdia,,27.1267,83.7423,India,IN,IND,Uttar Pradesh,Uttar Pradesh,IN-UP,state,,1087.7,,,3,Asia/Kolkata,FALSE,1356084578
Lehdri,Lehdri,,25.7640,81.3770,India,IN,IND,Uttar Pradesh,Uttar Pradesh,IN-UP,state,,1032.7,,,3,Asia/Kolkata,FALSE,1356535096
Jilwaria,Jilwaria,,24.9591,85.7601,India,IN,IND,Bihār,Bihar,IN-BR,state,,1417.6,,,3,Asia/Kolkata,FALSE,1356239356
Telangraiguda,Telangraiguda,,19.3280,83.8212,India,IN,IND,Odisha,Odisha,IN-OR,state,,123.5,,,4,Asia/Kolkata,FALSE,1356367525
Loharra,Loharra,,24.5537,78.9233,India,IN,IND,Madhya Pradesh,Madhya Pradesh,IN-MP,state,,235.9,,,3,Asia/Kolkata,TRUE,1356656689
Chokkāmpatti,Chokkampatti,,10.6597,78.4599,India,IN,IND,Tamil Nādu,Tamil Nadu,IN-TN,state,,388.5,,,3,Asia/Kolkata,TRUE,1356202580
Chokkampatti,Chokkampatti,,9.8625,78.3040,India,IN,IND,Tamil Nādu,Tamil Nadu,IN-TN,state,,380.2,,,3,Asia/Kolkata,TRUE,1356221205
Chokkāmpatti,Chokkampatti,,10.4188,78.4870,India,IN,IND,Tamil Nādu,Tamil Nadu,IN-TN,state,,369.1,,,3,Asia/Kolkata,TRUE,1356215912
Chokkampatti,Chokkampatti,,10.5246,79.0808,India,IN,IND,Tamil Nādu,Tamil Nadu,IN-TN,state,,321.3,,,3,Asia/Kolkata,TRUE,1356173291
Musri,Musri,,26.2706,82.1827,India,IN,IND,Uttar Pradesh,Uttar Pradesh,IN-UP,state,,1426.4,,,3,Asia/Kolkata,FALSE,1356049563
Bhuriakho,Bhuriakho,,22.4548,74.7194,India,IN,IND,Madhya Pradesh,Madhya Pradesh,IN-MP,state,,282.0,,,3,Asia/Kolkata,FALSE,1356302056
Dabarun,Dabarun,,33.7150,75.1611,India,IN,IND,Jammu and Kashmīr,Jammu and Kashmir,IN-JK,state,,898.7,,,3,Asia/Kolkata,FALSE,1356923954
Bharsāre,Bharsare,,26.3099,82.3393,India,IN,IND,Uttar Pradesh,Uttar Pradesh,IN-UP,state,,673.7,,,3,Asia/Kolkata,FALSE,1356031291
Vīrāngādu,Virangadu,,10.5047,78.5980,India,IN,IND,Tamil Nādu,Tamil Nadu,IN-TN,state,,362.7,,,3,Asia/Kolkata,FALSE,1356204105
Matiāri,Matiari,,22.1252,82.2575,India,IN,IND,Chhattīsgarh,Chhattisgarh,IN-CT,state,,381.8,,,3,Asia/Kolkata,FALSE,1356927003
Timri,Timri,,20.0338,81.4175,India,IN,IND,Chhattīsgarh,Chhattisgarh,IN-CT,state,,109.2,,,4,Asia/Kolkata,FALSE,1356997644
Bhagohar,Bhagohar,,24.1933,81.5943,India,IN,IND,Madhya Pradesh,Madhya Pradesh,IN-MP,state,,292.0,,,3,Asia/Kolkata,FALSE,1356275922
Bījoli,Bijoli,,28.3788,75.7488,India,IN,IND,Rājasthān,Rajasthan,IN-RJ,state,,531.1,,,3,Asia/Kolkata,FALSE,1356571943
Dhalot,Dhalot,,31.1919,77.0222,India,IN,IND,Himāchal Pradesh,Himachal Pradesh,IN-HP,state,,211.7,,,3,Asia/Kolkata,FALSE,1356145964
Kālepur Mahwal,Kalepur Mahwal,,26.3212,82.6380,India,IN,IND,Uttar Pradesh,Uttar Pradesh,IN-UP,state,,1293.7,,,3,Asia/Kolkata,FALSE,1356044919
Borandā,Boranda,,21.3151,80.1008,India,IN,IND,Mahārāshtra,Maharashtra,IN-MH,state,,316.4,,,3,Asia/Kolkata,FALSE,1356114807
Chāvarodu,Chavarodu,,8.7914,76.7688,India,IN,IND,Kerala,Kerala,IN-KL,state,,1647.2,,,3,Asia/Kolkata,FALSE,1356162351
Mānsingh ka Pura,Mansingh ka Pura,,26.7197,78.3707,India,IN,IND,Madhya Pradesh,Madhya Pradesh,IN-MP,state,,770.3,,,3,Asia/Kolkata,FALSE,1356959824
Kahrauli,Kahrauli,,27.0791,83.1931,India,IN,IND,Uttar Pradesh,Uttar Pradesh,IN-UP,state,,1104.5,,,3,Asia/Kolkata,FALSE,1356807408
Pathria,Pathria,,27.2700,78.4928,India,IN,IND,Uttar Pradesh,Uttar Pradesh,IN-UP,state,,712.6,,,3,Asia/Kolkata,FALSE,1356147726
Sivnia,Sivnia,,23.3286,74.2645,India,IN,IND,Rājasthān,Rajasthan,IN-RJ,state,,469.9,,,3,Asia/Kolkata,FALSE,1356008653
Taflakpur,Taflakpur,,26.5484,83.1889,India,IN,IND,Uttar Pradesh,Uttar Pradesh,IN-UP,state,,1240.4,,,3,Asia/Kolkata,FALSE,1356055892
Jhuppa,Jhuppa,,28.1002,77.5176,India,IN,IND,Uttar Pradesh,Uttar Pradesh,IN-UP,state,,996.3,,,3,Asia/Kolkata,FALSE,1356901926
Loharākot,Loharakot,,21.9476,82.8872,India,IN,IND,Chhattīsgarh,Chhattisgarh,IN-CT,state,,596.8,,,3,Asia/Kolkata,FALSE,1356470342
Nārāyanasettipālaiyam,Narayanasettipalaiyam,,10.7492,76.9742,India,IN,IND,Tamil Nādu,Tamil Nadu,IN-TN,state,,618.3,,,3,Asia/Kolkata,FALSE,1356162576
Aunra Dīha,Aunra Diha,,27.2463,82.0261,India,IN,IND,Uttar Pradesh,Uttar Pradesh,IN-UP,state,,1220.3,,,3,Asia/Kolkata,FALSE,1356898578
Muler,Muler,,18.4106,81.4096,India,IN,IND,Chhattīsgarh,Chhattisgarh,IN-CT,state,,95.0,,,4,Asia/Kolkata,FALSE,1356560356
Uppedavīdi,Uppedavidi,,18.2443,82.4717,India,IN,IND,Andhra Pradesh,Andhra Pradesh,IN-AP,state,,113.7,,,4,Asia/Kolkata,FALSE,1356871158
Ambalakkāranpatti,Ambalakkaranpatti,,10.4222,78.2888,India,IN,IND,Tamil Nādu,Tamil Nadu,IN-TN,state,,325.6,,,3,Asia/Kolkata,TRUE,1356227402
Purwa Barharfan,Purwa Barharfan,,27.1564,80.0539,India,IN,IND,Uttar Pradesh,Uttar Pradesh,IN-UP,state,,834.9,,,3,Asia/Kolkata,FALSE,1356334293
Rāmanpudūr,Ramanpudur,,8.1069,77.5313,India,IN,IND,Tamil Nādu,Tamil Nadu,IN-TN,state,,2212.1,,,2,Asia/Kolkata,FALSE,1356205745
Pura Maniar,Pura Maniar,,27.2194,82.1570,India,IN,IND,Uttar Pradesh,Uttar Pradesh,IN-UP,state,,1220.3,,,3,Asia/Kolkata,FALSE,1356763828
Tukuwa,Tukuwa,,24.5331,81.2690,India,IN,IND,Madhya Pradesh,Madhya Pradesh,IN-MP,state,,691.6,,,3,Asia/Kolkata,FALSE,1356874692
Nerinjippatti,Nerinjippatti,,9.2991,78.4289,India,IN,IND,Tamil Nādu,Tamil Nadu,IN-TN,state,,267.6,,,3,Asia/Kolkata,FALSE,1356221315
Chuchaīn,Chuchain,,32.4835,76.2634,India,IN,IND,Himāchal Pradesh,Himachal Pradesh,IN-HP,state,,200.2,,,3,Asia/Kolkata,FALSE,1356320995
Jetkapāra,Jetkapara,,24.3671,87.5447,India,IN,IND,Jhārkhand,Jharkhand,IN-JH,state,,171.0,,,4,Asia/Kolkata,FALSE,1356496510
Paneli,Paneli,,21.8996,74.5097,India,IN,IND,Madhya Pradesh,Madhya Pradesh,IN-MP,state,,193.9,,,4,Asia/Kolkata,FALSE,1356056504
Antora,Antora,,21.2175,78.0855,India,IN,IND,Mahārāshtra,Maharashtra,IN-MH,state,,162.4,,,4,Asia/Kolkata,FALSE,1356156364
Isāpur Sharki,Isapur Sharki,,28.6885,78.3478,India,IN,IND,Uttar Pradesh,Uttar Pradesh,IN-UP,state,,828.1,,,3,Asia/Kolkata,FALSE,1356163443
Pura Nazarpur,Pura Nazarpur,,26.5297,81.5877,India,IN,IND,Uttar Pradesh,Uttar Pradesh,IN-UP,state,,1047.1,,,3,Asia/Kolkata,FALSE,1356033407
Akla,Akla,,27.0203,73.4161,India,IN,IND,Rājasthān,Rajasthan,IN-RJ,state,,143.4,,,4,Asia/Kolkata,FALSE,1356132501
Majlispur,Majlispur,,25.6232,85.3532,India,IN,IND,Bihār,Bihar,IN-BR,state,,1859.9,,,3,Asia/Kolkata,TRUE,1356830428
Mamauli,Mamauli,,25.1576,82.0019,India,IN,IND,Uttar Pradesh,Uttar Pradesh,IN-UP,state,,1205.4,,,3,Asia/Kolkata,FALSE,1356460541
Mamauli,Mamauli,,25.7331,81.4259,India,IN,IND,Uttar Pradesh,Uttar Pradesh,IN-UP,state,,1032.7,,,3,Asia/Kolkata,TRUE,1356146797
Damāna,Damana,,32.7915,74.7866,India,IN,IND,Jammu and Kashmīr,Jammu and Kashmir,IN-JK,state,,1248.6,,,3,Asia/Kolkata,FALSE,1356063707
Bilhaiyān,Bilhaiyan,,27.6456,79.7384,India,IN,IND,Uttar Pradesh,Uttar Pradesh,IN-UP,state,,577.4,,,3,Asia/Kolkata,FALSE,1356011042
Baidauli Muāfi,Baidauli Muafi,,25.8105,83.4823,India,IN,IND,Uttar Pradesh,Uttar Pradesh,IN-UP,state,,1533.2,,,3,Asia/Kolkata,FALSE,1356414641
Kotgārpālya,Kotgarpalya,,13.1137,77.1468,India,IN,IND,Karnātaka,Karnataka,IN-KA,state,,292.1,,,3,Asia/Kolkata,FALSE,1356603281
Udhianpur,Udhianpur,,27.8758,80.2374,India,IN,IND,Uttar Pradesh,Uttar Pradesh,IN-UP,state,,789.0,,,3,Asia/Kolkata,FALSE,1356639022
Kīlkanavayūr,Kilkanavayur,,12.6448,79.0009,India,IN,IND,Tamil Nādu,Tamil Nadu,IN-TN,state,,368.7,,,3,Asia/Kolkata,FALSE,1356652958
Pīpal Parāo,Pipal Parao,,29.0145,79.5489,India,IN,IND,Uttarākhand,Uttarakhand,IN-UT,state,,1297.3,,,3,Asia/Kolkata,FALSE,1356839602
Pīpal Parāo,Pipal Parao,,29.3100,78.9890,India,IN,IND,Uttarākhand,Uttarakhand,IN-UT,state,,228.7,,,3,Asia/Kolkata,TRUE,1356268951
Pīpal Parao,Pipal Parao,,29.1510,79.3742,India,IN,IND,Uttarākhand,Uttarakhand,IN-UT,state,,149.9,,,4,Asia/Kolkata,TRUE,1356633660
Patti Matehna,Patti Matehna,,27.1432,79.7670,India,IN,IND,Uttar Pradesh,Uttar Pradesh,IN-UP,state,,993.9,,,3,Asia/Kolkata,FALSE,1356985962
Jiyāpota,Jiyapota,,29.8793,78.1299,India,IN,IND,Uttarākhand,Uttarakhand,IN-UT,state,,762.1,,,3,Asia/Kolkata,FALSE,1356279561
Gogmau,Gogmau,,26.3230,81.6549,India,IN,IND,Uttar Pradesh,Uttar Pradesh,IN-UP,state,,811.9,,,3,Asia/Kolkata,FALSE,1356263129
Dūngra,Dungra,,29.5555,79.5038,India,IN,IND,Uttarākhand,Uttarakhand,IN-UT,state,,226.5,,,3,Asia/Kolkata,FALSE,1356008763
Dungra,Dungra,,30.5067,79.5291,India,IN,IND,Uttarākhand,Uttarakhand,IN-UT,state,,13.5,,,4,Asia/Kolkata,TRUE,1356044331
Chikka Upparagānapalli,Chikka Upparaganapalli,,12.5648,77.9627,India,IN,IND,Tamil Nādu,Tamil Nadu,IN-TN,state,,545.1,,,3,Asia/Kolkata,FALSE,1356630773