city,city_ascii,city_alt,lat,lng,country,iso2,iso3,admin_name,admin_name_ascii,admin_code,admin_type,capital,density,population,population_proper,ranking,timezone,same_name,id
Macherla,Macherla,,18.8596,78.2043,India,IN,IND,Telangāna,Telangana,IN-TG,state,,763.8,4953,4953,3,Asia/Kolkata,FALSE,1356902033
Pedda Bellāla,Pedda Bellala,Bellāla,19.0784,78.8100,India,IN,IND,Telangāna,Telangana,IN-TG,state,,76.8,4953,4953,4,Asia/Kolkata,FALSE,1356448632
Karāra,Karara,,25.3719,85.8582,India,IN,IND,Bihār,Bihar,IN-BR,state,,867.6,4953,4953,3,Asia/Kolkata,FALSE,1356367038
Bommanahālu,Bommanahalu,,14.9938,76.9784,India,IN,IND,Andhra Pradesh,Andhra Pradesh,IN-AP,state,,404.9,4952,4952,3,Asia/Kolkata,TRUE,1356537378
Bāra,Bara,,25.7035,86.0314,India,IN,IND,Bihār,Bihar,IN-BR,state,,2256.7,4952,4952,2,Asia/Kolkata,TRUE,1356281108
Mādhopur,Madhopur,,25.5810,85.5691,India,IN,IND,Bihār,Bihar,IN-BR,state,,2027.4,4952,4952,2,Asia/Kolkata,TRUE,1356503215
Sangūr,Sangur,,14.7763,75.2993,India,IN,IND,Karnātaka,Karnataka,IN-KA,state,,357.2,4952,4952,3,Asia/Kolkata,FALSE,1356941441
Mutapalli,Mutapalli,,18.9460,78.8048,India,IN,IND,Telangāna,Telangana,IN-TG,state,,293.6,4952,4952,3,Asia/Kolkata,FALSE,1356125526
Baldiābhāsa,Baldiabhasa,,26.0575,87.9939,India,IN,IND,West Bengal,West Bengal,IN-WB,state,,903.4,4952,4952,3,Asia/Kolkata,FALSE,1356904250
Mohamadpur,Mohamadpur,Muhammadpur,21.8788,75.7471,India,IN,IND,Madhya Pradesh,Madhya Pradesh,IN-MP,state,,371.7,4952,4952,3,Asia/Kolkata,FALSE,1356769984
Sengalakkurichi,Sengalakkurichi,,8.4558,77.5726,India,IN,IND,Tamil Nādu,Tamil Nadu,IN-TN,state,,282.8,4952,4952,3,Asia/Kolkata,FALSE,1356210256
Khui Khera,Khui Khera,,30.3016,74.0969,India,IN,IND,Punjab,Punjab,IN-PB,state,,442.1,4951,4951,3,Asia/Kolkata,FALSE,1356913816
Jatwa,Jatwa,,26.7361,84.8702,India,IN,IND,Bihār,Bihar,IN-BR,state,,1258.9,4951,4951,3,Asia/Kolkata,FALSE,1356095991
Vasantāpuram,Vasantapuram,,11.1784,78.1861,India,IN,IND,Tamil Nādu,Tamil Nadu,IN-TN,state,,480.2,4951,4951,3,Asia/Kolkata,TRUE,1356244123
Ichag,Ichag,,23.3336,85.9351,India,IN,IND,West Bengal,West Bengal,IN-WB,state,,592.1,4951,4951,3,Asia/Kolkata,FALSE,1356180662
Patkapāra,Patkapara,,26.5684,89.4295,India,IN,IND,West Bengal,West Bengal,IN-WB,state,,413.7,4951,4951,3,Asia/Kolkata,FALSE,1356220954
Basti,Basti,,25.3800,85.5460,India,IN,IND,Bihār,Bihar,IN-BR,state,,1296.2,4951,4951,3,Asia/Kolkata,TRUE,1356388257
Kākreji,Kakreji,,23.0825,70.9175,India,IN,IND,Gujarāt,Gujarat,IN-GJ,state,,96.2,4950,4950,4,Asia/Kolkata,FALSE,1356084303
Gangaili,Gangaili,,25.6955,87.4224,India,IN,IND,Bihār,Bihar,IN-BR,state,,994.6,4950,4950,3,Asia/Kolkata,TRUE,1356061962
Bring Khera,Bring Khera,,29.9274,74.6454,India,IN,IND,Punjab,Punjab,IN-PB,state,,410.3,4950,4950,3,Asia/Kolkata,FALSE,1356067624
Pushpagiri,Pushpagiri,,12.6470,79.1626,India,IN,IND,Tamil Nādu,Tamil Nadu,IN-TN,state,,368.7,4950,4950,3,Asia/Kolkata,FALSE,1356001041
Kotwa,Kotwa,,26.5754,84.5999,India,IN,IND,Bihār,Bihar,IN-BR,state,,1082.8,4948,4948,3,Asia/Kolkata,TRUE,1356118636
Kūni Belakere,Kuni Belakere,,14.3995,75.8073,India,IN,IND,Karnātaka,Karnataka,IN-KA,state,,575.9,4948,4948,3,Asia/Kolkata,FALSE,1356045647
Urimāri,Urimari,,23.6983,85.3131,India,IN,IND,Jhārkhand,Jharkhand,IN-JH,state,,364.9,4948,4948,3,Asia/Kolkata,FALSE,1356188270
Alagiyamanavālam,Alagiyamanavalam,,10.9106,78.6635,India,IN,IND,Tamil Nādu,Tamil Nadu,IN-TN,state,,582.2,4948,4948,3,Asia/Kolkata,FALSE,1356216818
Chargāha,Chargaha,,26.5695,84.8064,India,IN,IND,Bihār,Bihar,IN-BR,state,,2831.7,4948,4948,2,Asia/Kolkata,TRUE,1356678526
Kadambakkurichchi,Kadambakkurichchi,,11.0676,78.0707,India,IN,IND,Tamil Nādu,Tamil Nadu,IN-TN,state,,484.0,4948,4948,3,Asia/Kolkata,FALSE,1356251353
Kandwa,Kandwa,,24.0119,79.1276,India,IN,IND,Madhya Pradesh,Madhya Pradesh,IN-MP,state,,297.2,4947,4947,3,Asia/Kolkata,TRUE,1356744956
Heggunje,Heggunje,,13.4929,74.8186,India,IN,IND,Karnātaka,Karnataka,IN-KA,state,,623.4,4947,4947,3,Asia/Kolkata,FALSE,1356064522
Badora,Badora,,21.8818,77.8975,India,IN,IND,Madhya Pradesh,Madhya Pradesh,IN-MP,state,,261.5,4947,4947,3,Asia/Kolkata,TRUE,1356183105
Chhatiar,Chhatiar,,24.8656,85.4737,India,IN,IND,Bihār,Bihar,IN-BR,state,,1205.2,4947,4947,3,Asia/Kolkata,FALSE,1356125564
Kochedega,Kochedega,Kochidega,22.6466,84.3992,India,IN,IND,Jhārkhand,Jharkhand,IN-JH,state,,203.7,4947,4947,3,Asia/Kolkata,TRUE,1356196290
Bela Muchhpakauni,Bela Muchhpakauni,Bela,26.7754,85.7282,India,IN,IND,Bihār,Bihar,IN-BR,state,,2358.6,4947,4947,2,Asia/Kolkata,FALSE,1356344643
Kogalūr,Kogalur,,14.1975,75.9538,India,IN,IND,Karnātaka,Karnataka,IN-KA,state,,268.4,4947,4947,3,Asia/Kolkata,FALSE,1356786036
Kottārakkurichchi,Kottarakkurichchi,,8.6421,78.0408,India,IN,IND,Tamil Nādu,Tamil Nadu,IN-TN,state,,345.4,4947,4947,3,Asia/Kolkata,FALSE,1356212210
Chhagrāha,Chhagraha,,26.7300,84.7752,India,IN,IND,Bihār,Bihar,IN-BR,state,,1834.6,4947,4947,3,Asia/Kolkata,FALSE,1356950026
Vīrampālem,Virampalem,,16.9430,81.5118,India,IN,IND,Andhra Pradesh,Andhra Pradesh,IN-AP,state,,350.0,4947,4947,3,Asia/Kolkata,FALSE,1356049329
Uttarāvilli,Uttaravilli,,18.4667,83.4833,India,IN,IND,Andhra Pradesh,Andhra Pradesh,IN-AP,state,,317.5,4947,4947,3,Asia/Kolkata,TRUE,1356799838
Malliān,Mallian,,31.5632,75.0764,India,IN,IND,Punjab,Punjab,IN-PB,state,,2658.6,4946,4946,2,Asia/Kolkata,FALSE,1356136289
Bhaunrasa,Bhaunrasa,,23.1397,77.5331,India,IN,IND,Madhya Pradesh,Madhya Pradesh,IN-MP,state,,175.1,4946,4946,4,Asia/Kolkata,TRUE,1356412414
Nagwān,Nagwan,,24.6223,85.8965,India,IN,IND,Jhārkhand,Jharkhand,IN-JH,state,,397.8,4944,4944,3,Asia/Kolkata,TRUE,1356241365
Chiluveru,Chiluveru,,16.7274,78.2603,India,IN,IND,Telangāna,Telangana,IN-TG,state,,173.7,4944,4944,4,Asia/Kolkata,FALSE,1356419155
Doddakodli,Doddakodli,,12.8155,75.8821,India,IN,IND,Karnātaka,Karnataka,IN-KA,state,,198.9,4944,4944,4,Asia/Kolkata,FALSE,1356174740
Kāla Afghānān,Kala Afghanan,,31.8860,75.0440,India,IN,IND,Punjab,Punjab,IN-PB,state,,821.5,4944,4944,3,Asia/Kolkata,FALSE,1356059632
Dīna,Dina,,30.5206,75.2377,India,IN,IND,Punjab,Punjab,IN-PB,state,,459.8,4943,4943,3,Asia/Kolkata,FALSE,1356388749
Hāth Mandal,Hath Mandal,,25.6594,86.6607,India,IN,IND,Bihār,Bihar,IN-BR,state,,1967.9,4943,4943,3,Asia/Kolkata,FALSE,1356611958
Mahthi Dharamchand,Mahthi Dharamchand,,25.7856,85.5089,India,IN,IND,Bihār,Bihar,IN-BR,state,,2173.0,4943,4943,2,Asia/Kolkata,FALSE,1356083562
Vāvilāla,Vavilala,,17.6156,79.5165,India,IN,IND,Telangāna,Telangana,IN-TG,state,,247.5,4943,4943,3,Asia/Kolkata,TRUE,1356900910
Khawasa,Khawasa,,23.1101,74.7140,India,IN,IND,Madhya Pradesh,Madhya Pradesh,IN-MP,state,,359.2,4943,4943,3,Asia/Kolkata,FALSE,1356156721
Navalpattu,Navalpattu,,10.7557,78.6064,India,IN,IND,Tamil Nādu,Tamil Nadu,IN-TN,state,,1110.3,4943,4943,3,Asia/Kolkata,FALSE,1356213472
Gurnāwda,Gurnawda,,25.7716,76.6877,India,IN,IND,Madhya Pradesh,Madhya Pradesh,IN-MP,state,,258.0,4942,4942,3,Asia/Kolkata,FALSE,1356053079
Nasratpur,Nasratpur,,25.4507,84.7468,India,IN,IND,Bihār,Bihar,IN-BR,state,,2712.5,4942,4942,2,Asia/Kolkata,TRUE,1356013468
Deorām,Deoram,,26.1242,86.0980,India,IN,IND,Bihār,Bihar,IN-BR,state,,1715.5,4942,4942,3,Asia/Kolkata,FALSE,1356097622
Nandikandi,Nandikandi,,17.6119,77.9919,India,IN,IND,Telangāna,Telangana,IN-TG,state,,431.8,4942,4942,3,Asia/Kolkata,FALSE,1356181465
Pandavamatti,Pandavamatti,,13.9663,75.9750,India,IN,IND,Karnātaka,Karnataka,IN-KA,state,,268.4,4942,4942,3,Asia/Kolkata,FALSE,1356971844
Hanumantapuram,Hanumantapuram,,12.3350,78.1263,India,IN,IND,Tamil Nādu,Tamil Nadu,IN-TN,state,,509.5,4940,4940,3,Asia/Kolkata,TRUE,1356157179
Kolukula,Kolukula,,16.0099,79.2242,India,IN,IND,Andhra Pradesh,Andhra Pradesh,IN-AP,state,,64.1,4940,4940,4,Asia/Kolkata,FALSE,1356513477
Polkāpahād,Polkapahad,,16.4162,78.1659,India,IN,IND,Telangāna,Telangana,IN-TG,state,,269.6,4940,4940,3,Asia/Kolkata,FALSE,1356916851
Tillaiyādi,Tillaiyadi,,11.0391,79.8114,India,IN,IND,Tamil Nādu,Tamil Nadu,IN-TN,state,,808.2,4939,4939,3,Asia/Kolkata,FALSE,1356231056
Lāri Kalān,Lari Kalan,,23.5815,85.6165,India,IN,IND,Jhārkhand,Jharkhand,IN-JH,state,,1301.1,4939,4939,3,Asia/Kolkata,FALSE,1356180589
Majhgain,Majhgain,,25.0766,86.5309,India,IN,IND,Bihār,Bihar,IN-BR,state,,797.2,4939,4939,3,Asia/Kolkata,TRUE,1356969083
Keutia,Keutia,,22.8244,88.4314,India,IN,IND,West Bengal,West Bengal,IN-WB,state,,1276.9,4939,4939,3,Asia/Kolkata,FALSE,1356697664
Dabhāri,Dabhari,,26.2819,86.1600,India,IN,IND,Bihār,Bihar,IN-BR,state,,1603.1,4938,4938,3,Asia/Kolkata,FALSE,1356292644
Kārippatti,Karippatti,,11.6600,78.2800,India,IN,IND,Tamil Nādu,Tamil Nadu,IN-TN,state,,552.9,4937,4937,3,Asia/Kolkata,FALSE,1356225080
Padmajala,Padmajala,,22.3174,88.4710,India,IN,IND,West Bengal,West Bengal,IN-WB,state,,2171.9,4937,4937,2,Asia/Kolkata,FALSE,1356687093
Harsola,Harsola,,29.7338,76.4383,India,IN,IND,Haryāna,Haryana,IN-HR,state,,355.2,4937,4937,3,Asia/Kolkata,FALSE,1356154278
Telbāni,Telbani,,22.5689,88.1158,India,IN,IND,West Bengal,West Bengal,IN-WB,state,,2264.0,4937,4937,2,Asia/Kolkata,FALSE,1356571617
Mahindwār,Mahindwar,,26.3294,86.3674,India,IN,IND,Bihār,Bihar,IN-BR,state,,1263.7,4936,4936,3,Asia/Kolkata,FALSE,1356323226
Jampannanāikanakote,Jampannanaikanakote,,14.1773,76.5392,India,IN,IND,Karnātaka,Karnataka,IN-KA,state,,330.0,4936,4936,3,Asia/Kolkata,FALSE,1356985335
Karhāri,Karhari,,26.0584,86.1552,India,IN,IND,Bihār,Bihar,IN-BR,state,,1340.6,4936,4936,3,Asia/Kolkata,TRUE,1356012244
Bannitālpūr,Bannitalpur,,11.8515,76.7077,India,IN,IND,Karnātaka,Karnataka,IN-KA,state,,170.6,4936,4936,4,Asia/Kolkata,FALSE,1356217670
Tandalai,Tandalai,,11.7642,79.0027,India,IN,IND,Tamil Nādu,Tamil Nadu,IN-TN,state,,350.7,4936,4936,3,Asia/Kolkata,TRUE,1356201560
Chandurti,Chandurti,,18.5433,78.7772,India,IN,IND,Telangāna,Telangana,IN-TG,state,,176.2,4936,4936,3,Asia/Kolkata,FALSE,1356126480
Cholachagud,Cholachagud,,15.8722,75.7200,India,IN,IND,Karnātaka,Karnataka,IN-KA,state,,258.2,4936,4936,3,Asia/Kolkata,FALSE,1356055969
Hāsalpur,Hasalpur,,22.4879,75.6333,India,IN,IND,Madhya Pradesh,Madhya Pradesh,IN-MP,state,,401.1,4935,4935,3,Asia/Kolkata,FALSE,1356485438
Bedkundu,Bedkundu,,22.1754,88.0527,India,IN,IND,West Bengal,West Bengal,IN-WB,state,,1824.0,4935,4935,3,Asia/Kolkata,FALSE,1356207593
Mādirimangalam,Madirimangalam,,11.0629,79.5425,India,IN,IND,Tamil Nādu,Tamil Nadu,IN-TN,state,,837.9,4934,4934,3,Asia/Kolkata,TRUE,1356244045
Ibrahimpur,Ibrahimpur,,16.7913,76.9533,India,IN,IND,Karnātaka,Karnataka,IN-KA,state,,247.2,4934,4934,3,Asia/Kolkata,FALSE,1356661176
Hathbandha,Hathbandha,,20.0982,82.7436,India,IN,IND,Odisha,Odisha,IN-OR,state,,174.0,4934,4934,4,Asia/Kolkata,FALSE,1356800408
Thonda,Thonda,,17.4893,79.4731,India,IN,IND,Telangāna,Telangana,IN-TG,state,,311.3,4934,4934,3,Asia/Kolkata,FALSE,1356517267
Narhela,Narhela,,26.3105,77.8269,India,IN,IND,Madhya Pradesh,Madhya Pradesh,IN-MP,state,,327.7,4932,4932,3,Asia/Kolkata,FALSE,1356486262
Tsadumu,Tsadumu,,13.6639,78.0998,India,IN,IND,Andhra Pradesh,Andhra Pradesh,IN-AP,state,,191.6,4932,4932,4,Asia/Kolkata,FALSE,1356908413
Balra Kishun,Balra Kishun,,25.9636,85.4063,India,IN,IND,Bihār,Bihar,IN-BR,state,,1975.8,4932,4932,3,Asia/Kolkata,FALSE,1356720935
Kāruwanga,Karuwanga,,16.4881,78.4268,India,IN,IND,Telangāna,Telangana,IN-TG,state,,241.1,4932,4932,3,Asia/Kolkata,FALSE,1356904813
Dhenuvakonda,Dhenuvakonda,,15.7115,79.9376,India,IN,IND,Andhra Pradesh,Andhra Pradesh,IN-AP,state,,293.2,4931,4931,3,Asia/Kolkata,FALSE,1356320176
Sabalpur,Sabalpur,,24.2037,85.9126,India,IN,IND,Jhārkhand,Jharkhand,IN-JH,state,,643.8,4931,4931,3,Asia/Kolkata,FALSE,1356257201
Mukmelpur,Mukmelpur,Mukhmerpur,28.7890,77.1610,India,IN,IND,Delhi,Delhi,IN-DL,national capital territory,,4376.0,4931,4931,2,Asia/Kolkata,FALSE,1356010923
Diron Kirān,Diron Kiran,,33.3631,75.7691,India,IN,IND,Jammu and Kashmīr,Jammu and Kashmir,IN-JK,state,,189.7,4931,4931,4,Asia/Kolkata,FALSE,1356404202
Tikri,Tikri,,24.7956,79.9095,India,IN,IND,Madhya Pradesh,Madhya Pradesh,IN-MP,state,,182.9,4931,4931,4,Asia/Kolkata,TRUE,1356008521
Chūslewar,Chuslewar,,31.2724,74.7917,India,IN,IND,Punjab,Punjab,IN-PB,state,,421.3,4931,4931,3,Asia/Kolkata,FALSE,1356893096
Āladkatti,Aladkatti,,14.7822,75.3635,India,IN,IND,Karnātaka,Karnataka,IN-KA,state,,357.2,4931,4931,3,Asia/Kolkata,FALSE,1356522361
Nellipūdi,Nellipudi,,17.2673,82.3469,India,IN,IND,Andhra Pradesh,Andhra Pradesh,IN-AP,state,,296.6,4931,4931,3,Asia/Kolkata,TRUE,1356085440
Arasikere,Arasikere,,14.0848,77.0415,India,IN,IND,Karnātaka,Karnataka,IN-KA,state,,193.5,4930,4930,4,Asia/Kolkata,FALSE,1356238577
Mutiempet,Mutiempet,,18.2865,78.4089,India,IN,IND,Telangāna,Telangana,IN-TG,state,,1043.8,4930,4930,3,Asia/Kolkata,FALSE,1356046996
Mahārājganj,Maharajganj,,24.5472,84.2771,India,IN,IND,Bihār,Bihar,IN-BR,state,,344.4,4930,4930,3,Asia/Kolkata,TRUE,1356825119
Gospur,Gospur,,26.6408,78.0414,India,IN,IND,Madhya Pradesh,Madhya Pradesh,IN-MP,state,,582.2,4930,4930,3,Asia/Kolkata,FALSE,1356735442
Barna,Barna,,25.4723,85.3250,India,IN,IND,Bihār,Bihar,IN-BR,state,,742.5,4930,4930,3,Asia/Kolkata,TRUE,1356950613
Konagāripālem,Konagaripalem,,15.5479,79.8951,India,IN,IND,Andhra Pradesh,Andhra Pradesh,IN-AP,state,,352.7,4928,4928,3,Asia/Kolkata,FALSE,1356520353
Bakhorāpur,Bakhorapur,,25.6688,84.6883,India,IN,IND,Bihār,Bihar,IN-BR,state,,916.0,4928,4928,3,Asia/Kolkata,FALSE,1356915018
Chuggha Kalān,Chuggha Kalan,,30.1900,74.7785,India,IN,IND,Punjab,Punjab,IN-PB,state,,637.0,4928,4928,3,Asia/Kolkata,FALSE,1356515903
Chaturvedamangalam,Chaturvedamangalam,,10.1749,78.4730,India,IN,IND,Tamil Nādu,Tamil Nadu,IN-TN,state,,366.7,4927,4927,3,Asia/Kolkata,FALSE,1356210761
Udegolām,Udegolam,,14.6857,76.8827,India,IN,IND,Andhra Pradesh,Andhra Pradesh,IN-AP,state,,349.3,4927,4927,3,Asia/Kolkata,FALSE,1356861791
Amarpura,Amarpura,,30.0382,74.2022,India,IN,IND,Punjab,Punjab,IN-PB,state,,337.7,4927,4927,3,Asia/Kolkata,TRUE,1356756791
Nāgpura,Nagpura,,25.6415,84.0908,India,IN,IND,Bihār,Bihar,IN-BR,state,,1191.1,4927,4927,3,Asia/Kolkata,FALSE,1356619740
Lakkūru,Lakkuru,,12.9292,77.8869,India,IN,IND,Karnātaka,Karnataka,IN-KA,state,,392.1,4927,4927,3,Asia/Kolkata,FALSE,1356126643
Pumandahalli,Pumandahalli,,12.2201,78.1796,India,IN,IND,Tamil Nādu,Tamil Nadu,IN-TN,state,,509.5,4927,4927,3,Asia/Kolkata,FALSE,1356651995
Kammāpuram,Kammapuram,,11.4766,79.4327,India,IN,IND,Tamil Nādu,Tamil Nadu,IN-TN,state,,546.1,4927,4927,3,Asia/Kolkata,FALSE,1356171343
Piplod,Piplod,,21.6585,76.5316,India,IN,IND,Madhya Pradesh,Madhya Pradesh,IN-MP,state,,423.6,4927,4927,3,Asia/Kolkata,TRUE,1356160495
Barhampura,Barhampura,,26.2073,86.1685,India,IN,IND,Bihār,Bihar,IN-BR,state,,2485.9,4926,4926,2,Asia/Kolkata,FALSE,1356387988
Nidimāmidi,Nidimamidi,,14.0607,77.7166,India,IN,IND,Andhra Pradesh,Andhra Pradesh,IN-AP,state,,235.2,4926,4926,3,Asia/Kolkata,FALSE,1356588459
Dharmāpur,Dharmapur,,16.7002,77.9556,India,IN,IND,Telangāna,Telangana,IN-TG,state,,1265.6,4926,4926,3,Asia/Kolkata,FALSE,1356529545
Sikri,Sikri,,23.8555,85.1888,India,IN,IND,Jhārkhand,Jharkhand,IN-JH,state,,291.9,4926,4926,3,Asia/Kolkata,FALSE,1356192472
Īdupalle,Idupalle,,15.9825,80.7228,India,IN,IND,Andhra Pradesh,Andhra Pradesh,IN-AP,state,,363.6,4926,4926,3,Asia/Kolkata,FALSE,1356021011
Khapriāon,Khapriaon,,23.9512,85.3473,India,IN,IND,Jhārkhand,Jharkhand,IN-JH,state,,560.2,4926,4926,3,Asia/Kolkata,FALSE,1356257348
Mahādeo Dighi,Mahadeo Dighi,,26.2098,87.7784,India,IN,IND,Bihār,Bihar,IN-BR,state,,1224.5,4924,4924,3,Asia/Kolkata,FALSE,1356659143
Mādinapādu,Madinapadu,,16.6410,79.7550,India,IN,IND,Andhra Pradesh,Andhra Pradesh,IN-AP,state,,270.1,4924,4924,3,Asia/Kolkata,FALSE,1356842411
Bisiāit,Bisiait,,24.7481,85.3119,India,IN,IND,Bihār,Bihar,IN-BR,state,,1148.9,4924,4924,3,Asia/Kolkata,FALSE,1356102652
Rewāri,Rewari,,28.8460,76.2520,India,IN,IND,Haryāna,Haryana,IN-HR,state,,642.2,4924,4924,3,Asia/Kolkata,TRUE,1356606374
Jandīāl,Jandial,,32.8912,74.8022,India,IN,IND,Jammu and Kashmīr,Jammu and Kashmir,IN-JK,state,,1248.6,4924,4924,3,Asia/Kolkata,FALSE,1356687107
Biru,Biru,,22.6862,84.5502,India,IN,IND,Jhārkhand,Jharkhand,IN-JH,state,,280.8,4924,4924,3,Asia/Kolkata,TRUE,1356718238
Khajuri,Khajuri,,25.8041,86.5170,India,IN,IND,Bihār,Bihar,IN-BR,state,,2577.7,4924,4924,2,Asia/Kolkata,FALSE,1356605923
Chanārthal Kalān,Chanarthal Kalan,Chānarthal|Chānarthal Kalān,30.5182,76.3474,India,IN,IND,Punjab,Punjab,IN-PB,state,,388.3,4924,4924,3,Asia/Kolkata,FALSE,1356861517
Sillattūr,Sillattur,,10.5511,79.2113,India,IN,IND,Tamil Nādu,Tamil Nadu,IN-TN,state,,397.4,4923,4923,3,Asia/Kolkata,FALSE,1356175262
Sakri,Sakri,,25.1730,84.5625,India,IN,IND,Bihār,Bihar,IN-BR,state,,535.5,4923,4923,3,Asia/Kolkata,TRUE,1356278555
Malkāpur,Malkapur,,17.2411,78.8475,India,IN,IND,Telangāna,Telangana,IN-TG,state,,278.8,4923,4923,3,Asia/Kolkata,TRUE,1356206986
Mau,Mau,,24.0797,81.3692,India,IN,IND,Madhya Pradesh,Madhya Pradesh,IN-MP,state,,153.0,4923,4923,4,Asia/Kolkata,TRUE,1356033092
Pulicherla,Pulicherla,,16.6603,79.1608,India,IN,IND,Telangāna,Telangana,IN-TG,state,,182.3,4923,4923,4,Asia/Kolkata,FALSE,1356188309
Bāpirājugūdem,Bapirajugudem,,16.8634,81.0099,India,IN,IND,Andhra Pradesh,Andhra Pradesh,IN-AP,state,,278.8,4922,4922,3,Asia/Kolkata,FALSE,1356154587
Bājra,Bajra,,30.9542,75.8771,India,IN,IND,Punjab,Punjab,IN-PB,state,,2604.6,4922,4922,2,Asia/Kolkata,FALSE,1356588261
Mylāram,Mylaram,,17.6792,79.6062,India,IN,IND,Telangāna,Telangana,IN-TG,state,,317.1,4922,4922,3,Asia/Kolkata,FALSE,1356941900
Marliga,Marliga,,12.6739,76.9991,India,IN,IND,Karnātaka,Karnataka,IN-KA,state,,477.2,4922,4922,3,Asia/Kolkata,FALSE,1356381077
Saraswatipur,Saraswatipur,,24.2656,87.9227,India,IN,IND,West Bengal,West Bengal,IN-WB,state,,834.8,4921,4921,3,Asia/Kolkata,FALSE,1356088473
Rahīmpur,Rahimpur,,25.3079,86.7159,India,IN,IND,Bihār,Bihar,IN-BR,state,,1209.9,4920,4920,3,Asia/Kolkata,TRUE,1356258372
Partāppur,Partappur,,26.1971,84.3233,India,IN,IND,Bihār,Bihar,IN-BR,state,,2501.8,4920,4920,2,Asia/Kolkata,TRUE,1356953804
Chand Nawān,Chand Nawan,,30.7567,75.0864,India,IN,IND,Punjab,Punjab,IN-PB,state,,485.5,4920,4920,3,Asia/Kolkata,FALSE,1356793149
Kottayam,Kottayam,,10.5576,77.6219,India,IN,IND,Tamil Nādu,Tamil Nadu,IN-TN,state,,274.4,4920,4920,3,Asia/Kolkata,FALSE,1356220234
Sarfāra,Sarfara,,26.4278,84.6172,India,IN,IND,Bihār,Bihar,IN-BR,state,,1749.2,4920,4920,3,Asia/Kolkata,FALSE,1356587711
Singpur,Singpur,,24.8891,80.2887,India,IN,IND,Madhya Pradesh,Madhya Pradesh,IN-MP,state,,279.4,4920,4920,3,Asia/Kolkata,TRUE,1356022354
Pokrahā Khurd,Pokraha Khurd,,24.0572,84.1187,India,IN,IND,Jhārkhand,Jharkhand,IN-JH,state,,1090.7,4920,4920,3,Asia/Kolkata,FALSE,1356598026
Hasanpur Osti,Hasanpur Osti,,25.7859,85.3924,India,IN,IND,Bihār,Bihar,IN-BR,state,,2745.8,4919,4919,2,Asia/Kolkata,FALSE,1356748356
Nandawādgi,Nandawadgi,Nandvādgi,16.0164,76.2818,India,IN,IND,Karnātaka,Karnataka,IN-KA,state,,267.6,4919,4919,3,Asia/Kolkata,FALSE,1356427146
Chichri Kanungo,Chichri Kanungo,,26.4064,86.1812,India,IN,IND,Bihār,Bihar,IN-BR,state,,1116.4,4919,4919,3,Asia/Kolkata,FALSE,1356649275
Dhanhar,Dhanhar,,25.9441,85.8624,India,IN,IND,Bihār,Bihar,IN-BR,state,,1955.5,4919,4919,3,Asia/Kolkata,FALSE,1356416431
Korāwān,Korawan,,25.3133,85.1887,India,IN,IND,Bihār,Bihar,IN-BR,state,,1489.0,4919,4919,3,Asia/Kolkata,TRUE,1356569339
Munugodu,Munugodu,,16.5682,80.2372,India,IN,IND,Andhra Pradesh,Andhra Pradesh,IN-AP,state,,431.5,4918,4918,3,Asia/Kolkata,FALSE,1356041425
Deo,Deo,,25.1209,84.3549,India,IN,IND,Bihār,Bihar,IN-BR,state,,1307.3,4918,4918,3,Asia/Kolkata,TRUE,1356487692
Arigilavādi,Arigilavadi,,13.0283,79.6871,India,IN,IND,Tamil Nādu,Tamil Nadu,IN-TN,state,,553.9,4918,4918,3,Asia/Kolkata,FALSE,1356673862
Harti,Harti,,15.1269,75.4645,India,IN,IND,Karnātaka,Karnataka,IN-KA,state,,448.5,4918,4918,3,Asia/Kolkata,FALSE,1356700910
Ippatūr,Ippatur,,16.8822,78.0877,India,IN,IND,Telangāna,Telangana,IN-TG,state,,244.7,4917,4917,3,Asia/Kolkata,FALSE,1356094116
Ingalhalli,Ingalhalli,,15.4167,75.3000,India,IN,IND,Karnātaka,Karnataka,IN-KA,state,,223.1,4917,4917,3,Asia/Kolkata,FALSE,1356449161
Palugurāllapalle,Palugurallapalle,Palugurallapalli,14.8700,78.9318,India,IN,IND,Andhra Pradesh,Andhra Pradesh,IN-AP,state,,143.1,4917,4917,4,Asia/Kolkata,FALSE,1356567864
Bharia Bishunpur,Bharia Bishunpur,,26.3749,86.1351,India,IN,IND,Bihār,Bihar,IN-BR,state,,1599.2,4917,4917,3,Asia/Kolkata,FALSE,1356045752
Pāradsinga,Paradsinga,,21.5312,78.8444,India,IN,IND,Madhya Pradesh,Madhya Pradesh,IN-MP,state,,222.4,4915,4915,3,Asia/Kolkata,FALSE,1356099772
Mukkulam,Mukkulam,,12.3285,78.1815,India,IN,IND,Tamil Nādu,Tamil Nadu,IN-TN,state,,493.5,4915,4915,3,Asia/Kolkata,TRUE,1356790435
Rāghopur,Raghopur,,25.2559,86.8982,India,IN,IND,Bihār,Bihar,IN-BR,state,,1280.9,4914,4914,3,Asia/Kolkata,TRUE,1356131686
Tippampatti,Tippampatti,,10.6500,77.0764,India,IN,IND,Tamil Nādu,Tamil Nadu,IN-TN,state,,618.3,4914,4914,3,Asia/Kolkata,TRUE,1356170414
Bhandivād,Bhandivad,,15.3520,75.2650,India,IN,IND,Karnātaka,Karnataka,IN-KA,state,,224.7,4914,4914,3,Asia/Kolkata,FALSE,1356381544
Peddāpuram,Peddapuram,,16.7938,80.4556,India,IN,IND,Andhra Pradesh,Andhra Pradesh,IN-AP,state,,278.3,4914,4914,3,Asia/Kolkata,TRUE,1356093509
Nallāpur,Nallapur,,18.0745,78.5402,India,IN,IND,Telangāna,Telangana,IN-TG,state,,287.6,4913,4913,3,Asia/Kolkata,FALSE,1356683307
Woraina,Woraina,,24.9465,85.5409,India,IN,IND,Bihār,Bihar,IN-BR,state,,1989.7,4913,4913,3,Asia/Kolkata,FALSE,1356187208
Bhang Chari,Bhang Chari,,30.3840,74.4690,India,IN,IND,Punjab,Punjab,IN-PB,state,,616.1,4913,4913,3,Asia/Kolkata,FALSE,1356038683
Nallaguttapalle,Nallaguttapalle,,14.1962,78.7510,India,IN,IND,Andhra Pradesh,Andhra Pradesh,IN-AP,state,,91.5,4913,4913,4,Asia/Kolkata,TRUE,1356416393
Mathaur,Mathaur,,25.8257,87.6193,India,IN,IND,Bihār,Bihar,IN-BR,state,,1254.8,4913,4913,3,Asia/Kolkata,FALSE,1356937373
Sonpūr,Sonpur,,25.9235,86.2813,India,IN,IND,Bihār,Bihar,IN-BR,state,,1824.0,4913,4913,3,Asia/Kolkata,TRUE,1356260355
Barwa,Barwa,,26.7584,84.9954,India,IN,IND,Bihār,Bihar,IN-BR,state,,1918.8,4911,4911,3,Asia/Kolkata,TRUE,1356553007
Sohāwal,Sohawal,,24.5726,80.7636,India,IN,IND,Madhya Pradesh,Madhya Pradesh,IN-MP,state,,851.6,4911,4911,3,Asia/Kolkata,FALSE,1356688460
Sāntipālaiyam,Santipalaiyam,,11.3588,77.4362,India,IN,IND,Tamil Nādu,Tamil Nadu,IN-TN,state,,621.5,4911,4911,3,Asia/Kolkata,FALSE,1356165353
Lāta,Lata,,24.8896,84.5683,India,IN,IND,Bihār,Bihar,IN-BR,state,,1696.5,4911,4911,3,Asia/Kolkata,FALSE,1356131637
Surjāpur,Surjapur,,25.9363,87.8506,India,IN,IND,West Bengal,West Bengal,IN-WB,state,,967.8,4911,4911,3,Asia/Kolkata,FALSE,1356445816
Hāgatti,Hagatti,,15.9539,75.3270,India,IN,IND,Karnātaka,Karnataka,IN-KA,state,,224.8,4911,4911,3,Asia/Kolkata,FALSE,1356636502
Siwa,Siwa,,26.3797,86.2764,India,IN,IND,Bihār,Bihar,IN-BR,state,,1116.4,4910,4910,3,Asia/Kolkata,TRUE,1356946729
Chakri,Chakri,,26.1591,84.0881,India,IN,IND,Bihār,Bihar,IN-BR,state,,967.4,4910,4910,3,Asia/Kolkata,TRUE,1356144634
Bhamīpura,Bhamipura,,30.7080,75.4680,India,IN,IND,Punjab,Punjab,IN-PB,state,,486.3,4910,4910,3,Asia/Kolkata,FALSE,1356672432
Indūr,Indur,,15.0242,75.0191,India,IN,IND,Karnātaka,Karnataka,IN-KA,state,,196.9,4910,4910,4,Asia/Kolkata,FALSE,1356760845
Santoshpur,Santoshpur,,24.5514,87.8359,India,IN,IND,West Bengal,West Bengal,IN-WB,state,,1570.5,4910,4910,3,Asia/Kolkata,TRUE,1356687900
Ghogkaria,Ghogkaria,,26.2040,86.5319,India,IN,IND,Bihār,Bihar,IN-BR,state,,1797.0,4909,4909,3,Asia/Kolkata,FALSE,1356259950
Gangauli,Gangauli,,25.6545,85.9736,India,IN,IND,Bihār,Bihar,IN-BR,state,,2168.6,4909,4909,2,Asia/Kolkata,TRUE,1356849561
Colva,Colva,,15.2761,73.9172,India,IN,IND,Goa,Goa,IN-GA,state,,1140.9,4909,4909,3,Asia/Kolkata,FALSE,1356055051
Ūtkūr,Utkur,Ūtkur,18.8989,79.2066,India,IN,IND,Telangāna,Telangana,IN-TG,state,,321.5,4909,4909,3,Asia/Kolkata,FALSE,1356373061
Dharmuna,Dharmuna,,34.0789,74.6935,India,IN,IND,Jammu and Kashmīr,Jammu and Kashmir,IN-JK,state,,910.0,4909,4909,3,Asia/Kolkata,FALSE,1356508269
Bhakurāhar Sital,Bhakurahar Sital,,25.8008,85.2343,India,IN,IND,Bihār,Bihar,IN-BR,state,,2593.7,4909,4909,2,Asia/Kolkata,FALSE,1356610954
KanchiNeglūr,KanchiNeglur,,14.7975,75.2101,India,IN,IND,Karnātaka,Karnataka,IN-KA,state,,319.4,4907,4907,3,Asia/Kolkata,FALSE,1356701093
Nayāgaon,Nayagaon,,25.1535,86.7135,India,IN,IND,Bihār,Bihar,IN-BR,state,,1227.1,4907,4907,3,Asia/Kolkata,TRUE,1356532163
Soso Kalān,Soso Kalan,,23.5466,85.7629,India,IN,IND,Jhārkhand,Jharkhand,IN-JH,state,,425.2,4907,4907,3,Asia/Kolkata,FALSE,1356182464
Goitha,Goitha,,24.5154,84.6468,India,IN,IND,Bihār,Bihar,IN-BR,state,,1087.9,4907,4907,3,Asia/Kolkata,FALSE,1356531051
Govindapuram,Govindapuram,,11.1836,79.0794,India,IN,IND,Tamil Nādu,Tamil Nadu,IN-TN,state,,313.8,4907,4907,3,Asia/Kolkata,TRUE,1356246822
Gaddamvāripalle,Gaddamvaripalle,,13.4629,78.7104,India,IN,IND,Andhra Pradesh,Andhra Pradesh,IN-AP,state,,219.6,4907,4907,3,Asia/Kolkata,TRUE,1356463325
Banwār,Banwar,,23.7834,79.6911,India,IN,IND,Madhya Pradesh,Madhya Pradesh,IN-MP,state,,172.1,4907,4907,4,Asia/Kolkata,TRUE,1356052802
Vediyangādu,Vediyangadu,,13.1109,79.3188,India,IN,IND,Tamil Nādu,Tamil Nadu,IN-TN,state,,895.3,4907,4907,3,Asia/Kolkata,FALSE,1356760350
Mandaur,Mandaur,,30.3913,76.2482,India,IN,IND,Punjab,Punjab,IN-PB,state,,598.3,4906,4906,3,Asia/Kolkata,FALSE,1356128543
Sānamāvu,Sanamavu,,12.6534,77.8897,India,IN,IND,Tamil Nādu,Tamil Nadu,IN-TN,state,,633.7,4906,4906,3,Asia/Kolkata,FALSE,1356403257
Khosa Pāndu,Khosa Pandu,,30.8661,75.1150,India,IN,IND,Punjab,Punjab,IN-PB,state,,485.5,4906,4906,3,Asia/Kolkata,FALSE,1356520368
Budatanapalle,Budatanapalle,,18.2030,83.2997,India,IN,IND,Andhra Pradesh,Andhra Pradesh,IN-AP,state,,445.1,4906,4906,3,Asia/Kolkata,FALSE,1356616255
Dewrhi,Dewrhi,,25.9925,84.8711,India,IN,IND,Bihār,Bihar,IN-BR,state,,1849.8,4905,4905,3,Asia/Kolkata,FALSE,1356514163
Madanapullalacheruvu,Madanapullalacheruvu,,15.4442,79.1333,India,IN,IND,Andhra Pradesh,Andhra Pradesh,IN-AP,state,,139.8,4905,4905,4,Asia/Kolkata,FALSE,1356611669
Mohabbatpur,Mohabbatpur,,26.1699,84.9826,India,IN,IND,Bihār,Bihar,IN-BR,state,,1660.1,4905,4905,3,Asia/Kolkata,FALSE,1356380586
Nalkudre,Nalkudre,,14.2383,75.9081,India,IN,IND,Karnātaka,Karnataka,IN-KA,state,,268.4,4905,4905,3,Asia/Kolkata,FALSE,1356579134
Chīdikāda,Chidikada,,17.9286,82.8923,India,IN,IND,Andhra Pradesh,Andhra Pradesh,IN-AP,state,,416.6,4903,4903,3,Asia/Kolkata,FALSE,1356926627
Kachchanāvilai,Kachchanavilai,,8.5764,78.0042,India,IN,IND,Tamil Nādu,Tamil Nadu,IN-TN,state,,704.9,4903,4903,3,Asia/Kolkata,FALSE,1356159006
Gorīr,Gorir,,28.0230,75.9481,India,IN,IND,Rājasthān,Rajasthan,IN-RJ,state,,421.8,4903,4903,3,Asia/Kolkata,FALSE,1356160340
Kaduvanūr,Kaduvanur,,11.9441,78.9527,India,IN,IND,Tamil Nādu,Tamil Nadu,IN-TN,state,,348.6,4902,4902,3,Asia/Kolkata,TRUE,1356246687
Mallavaram,Mallavaram,,17.3935,82.3959,India,IN,IND,Andhra Pradesh,Andhra Pradesh,IN-AP,state,,284.4,4902,4902,3,Asia/Kolkata,TRUE,1356312231
Pūlavādi,Pulavadi,,10.7407,77.3084,India,IN,IND,Tamil Nādu,Tamil Nadu,IN-TN,state,,420.4,4902,4902,3,Asia/Kolkata,FALSE,1356913180
Jalālpur,Jalalpur,,26.2462,84.6567,India,IN,IND,Bihār,Bihar,IN-BR,state,,1209.0,4902,4902,3,Asia/Kolkata,TRUE,1356653409
Rājāpet,Rajapet,,17.7333,78.9167,India,IN,IND,Telangāna,Telangana,IN-TG,state,,614.3,4902,4902,3,Asia/Kolkata,FALSE,1356002851
Balakundi,Balakundi,,15.5317,76.9528,India,IN,IND,Karnātaka,Karnataka,IN-KA,state,,339.8,4902,4902,3,Asia/Kolkata,FALSE,1356757114
Khajurār,Khajurar,,25.3884,85.7447,India,IN,IND,Bihār,Bihar,IN-BR,state,,1774.6,4902,4902,3,Asia/Kolkata,FALSE,1356106843
Tehti,Tehti,,25.9350,84.8536,India,IN,IND,Bihār,Bihar,IN-BR,state,,2405.8,4901,4901,2,Asia/Kolkata,FALSE,1356108839
Sikhwāla,Sikhwala,Gobindgarh,30.0234,74.5334,India,IN,IND,Punjab,Punjab,IN-PB,state,,410.3,4901,4901,3,Asia/Kolkata,FALSE,1356798716
Chainpur,Chainpur,,26.3339,84.2387,India,IN,IND,Bihār,Bihar,IN-BR,state,,949.1,4901,4901,3,Asia/Kolkata,TRUE,1356150693
Daria Ābād,Daria Abad,,22.3038,88.5777,India,IN,IND,West Bengal,West Bengal,IN-WB,state,,2150.0,4900,4900,2,Asia/Kolkata,FALSE,1356330915
Lohra,Lohra,,24.9360,86.1770,India,IN,IND,Bihār,Bihar,IN-BR,state,,1311.9,4900,4900,3,Asia/Kolkata,TRUE,1356726001
Paltām,Paltam,,18.6802,79.3199,India,IN,IND,Telangāna,Telangana,IN-TG,state,,290.2,4899,4899,3,Asia/Kolkata,FALSE,1356036605
Sosa,Sosa,,25.7611,87.3906,India,IN,IND,Bihār,Bihar,IN-BR,state,,994.6,4899,4899,3,Asia/Kolkata,FALSE,1356410752
Sirunamalli,Sirunamalli,,13.0162,79.6201,India,IN,IND,Tamil Nādu,Tamil Nadu,IN-TN,state,,553.9,4899,4899,3,Asia/Kolkata,FALSE,1356369134
Recherla,Recherla,,17.1090,81.0114,India,IN,IND,Andhra Pradesh,Andhra Pradesh,IN-AP,state,,238.3,4899,4899,3,Asia/Kolkata,FALSE,1356030998
Dhanaut,Dhanaut,,25.5925,85.0684,India,IN,IND,Bihār,Bihar,IN-BR,state,,2935.6,4899,4899,2,Asia/Kolkata,FALSE,1356448630
Tumaul,Tumaul,,26.0928,86.3145,India,IN,IND,Bihār,Bihar,IN-BR,state,,1309.9,4899,4899,3,Asia/Kolkata,TRUE,1356279545
Kariyāmpatti,Kariyampatti,,10.6376,77.6896,India,IN,IND,Tamil Nādu,Tamil Nadu,IN-TN,state,,274.4,4899,4899,3,Asia/Kolkata,TRUE,1356224938
Tangimarg,Tangimarg,,33.6476,74.8031,India,IN,IND,Jammu and Kashmīr,Jammu and Kashmir,IN-JK,state,,124.1,4899,4899,4,Asia/Kolkata,FALSE,1356891505
Kuladīpamangalam,Kuladipamangalam,,11.9783,79.1656,India,IN,IND,Tamil Nādu,Tamil Nadu,IN-TN,state,,704.2,4899,4899,3,Asia/Kolkata,FALSE,1356214879
Rohinwa,Rohinwa,,25.5718,86.7562,India,IN,IND,Bihār,Bihar,IN-BR,state,,1193.9,4899,4899,3,Asia/Kolkata,FALSE,1356130461
Binginipalle,Binginipalle,,15.2216,80.0641,India,IN,IND,Andhra Pradesh,Andhra Pradesh,IN-AP,state,,619.8,4899,4899,3,Asia/Kolkata,FALSE,1356780296
Annasamudram,Annasamudram,,16.0405,79.5085,India,IN,IND,Andhra Pradesh,Andhra Pradesh,IN-AP,state,,214.3,4898,4898,3,Asia/Kolkata,FALSE,1356411385
Indukūrupeta,Indukurupeta,,17.2627,81.7830,India,IN,IND,Andhra Pradesh,Andhra Pradesh,IN-AP,state,,87.6,4898,4898,4,Asia/Kolkata,TRUE,1356113196
Churki,Churki,,24.2488,82.7071,India,IN,IND,Madhya Pradesh,Madhya Pradesh,IN-MP,state,,187.6,4898,4898,4,Asia/Kolkata,FALSE,1356203085
Ahmadipur,Ahmadipur,,17.9255,78.7204,India,IN,IND,Telangāna,Telangana,IN-TG,state,,375.1,4898,4898,3,Asia/Kolkata,FALSE,1356081186
Balua,Balua,,26.1484,84.0399,India,IN,IND,Uttar Pradesh,Uttar Pradesh,IN-UP,state,,1283.0,4898,4898,3,Asia/Kolkata,TRUE,1356024666
Pharātia,Pharatia,,24.1740,83.8576,India,IN,IND,Jhārkhand,Jharkhand,IN-JH,state,,976.5,4898,4898,3,Asia/Kolkata,FALSE,1356980203
Tagaram,Tagaram,,17.9574,82.7989,India,IN,IND,Andhra Pradesh,Andhra Pradesh,IN-AP,state,,180.4,4897,4897,4,Asia/Kolkata,FALSE,1356116640
Rāghavapuram,Raghavapuram,,17.0359,81.3265,India,IN,IND,Andhra Pradesh,Andhra Pradesh,IN-AP,state,,521.2,4897,4897,3,Asia/Kolkata,TRUE,1356073491
Pālakkarai,Palakkarai,,11.3240,77.5480,India,IN,IND,Tamil Nādu,Tamil Nadu,IN-TN,state,,376.7,4897,4897,3,Asia/Kolkata,FALSE,1356169089
Sarea,Sarea,,26.1618,84.3196,India,IN,IND,Bihār,Bihar,IN-BR,state,,2585.9,4897,4897,2,Asia/Kolkata,FALSE,1356226315
Golabari,Golabari,,22.2059,88.6287,India,IN,IND,West Bengal,West Bengal,IN-WB,state,,1018.0,4896,4896,3,Asia/Kolkata,FALSE,1356530503
Arsīkera,Arsikera,,15.3409,76.3292,India,IN,IND,Karnātaka,Karnataka,IN-KA,state,,777.7,4895,4895,3,Asia/Kolkata,FALSE,1356031720
Panjappatti,Panjappatti,,10.8295,78.3059,India,IN,IND,Tamil Nādu,Tamil Nadu,IN-TN,state,,330.0,4895,4895,3,Asia/Kolkata,FALSE,1356081533
Manhalli,Manhalli,,17.5820,76.6592,India,IN,IND,Karnātaka,Karnataka,IN-KA,state,,205.3,4895,4895,3,Asia/Kolkata,TRUE,1356803377
Cheruvugattu,Cheruvugattu,,17.1764,79.2145,India,IN,IND,Telangāna,Telangana,IN-TG,state,,280.2,4894,4894,3,Asia/Kolkata,FALSE,1356071972
Bathua,Bathua,,26.3416,84.5011,India,IN,IND,Bihār,Bihar,IN-BR,state,,1768.0,4894,4894,3,Asia/Kolkata,TRUE,1356243859
Sānampūdi,Sanampudi,,15.2158,79.9907,India,IN,IND,Andhra Pradesh,Andhra Pradesh,IN-AP,state,,467.4,4894,4894,3,Asia/Kolkata,FALSE,1356219137
Venkatāpur,Venkatapur,,18.3664,78.7376,India,IN,IND,Telangāna,Telangana,IN-TG,state,,217.0,4894,4894,3,Asia/Kolkata,TRUE,1356373714
Pāikpārapatna,Paikparapatna,,20.4514,85.0866,India,IN,IND,Odisha,Odisha,IN-OR,state,,252.4,4894,4894,3,Asia/Kolkata,FALSE,1356242956
Palākkurichchi,Palakkurichchi,,11.2202,79.2529,India,IN,IND,Tamil Nādu,Tamil Nadu,IN-TN,state,,343.1,4894,4894,3,Asia/Kolkata,TRUE,1356172169
Kottapālem,Kottapalem,,16.0947,80.8942,India,IN,IND,Andhra Pradesh,Andhra Pradesh,IN-AP,state,,382.9,4893,4893,3,Asia/Kolkata,TRUE,1356513740
Belūr,Belur,,12.5274,76.9487,India,IN,IND,Karnātaka,Karnataka,IN-KA,state,,606.7,4893,4893,3,Asia/Kolkata,TRUE,1356979861
Mainalli,Mainalli,,14.9811,74.8883,India,IN,IND,Karnātaka,Karnataka,IN-KA,state,,196.9,4893,4893,4,Asia/Kolkata,FALSE,1356548640
Gurunāthanāyakkanūr,Gurunathanayakkanur,,10.4834,77.8863,India,IN,IND,Tamil Nādu,Tamil Nadu,IN-TN,state,,642.5,4893,4893,3,Asia/Kolkata,FALSE,1356243856
Sāsalmari,Sasalmari,,15.7000,76.7667,India,IN,IND,Karnātaka,Karnataka,IN-KA,state,,270.0,4893,4893,3,Asia/Kolkata,FALSE,1356429050
Barheta,Barheta,,25.9950,85.8106,India,IN,IND,Bihār,Bihar,IN-BR,state,,1730.5,4893,4893,3,Asia/Kolkata,FALSE,1356362218
Sohār,Sohar,,25.8393,87.9089,India,IN,IND,West Bengal,West Bengal,IN-WB,state,,1137.5,4893,4893,3,Asia/Kolkata,FALSE,1356240874
Uriapara,Uriapara,,22.3894,88.8022,India,IN,IND,West Bengal,West Bengal,IN-WB,state,,1661.1,4893,4893,3,Asia/Kolkata,FALSE,1356103891
Sūrampālem,Surampalem,,17.1070,82.0664,India,IN,IND,Andhra Pradesh,Andhra Pradesh,IN-AP,state,,427.8,4893,4893,3,Asia/Kolkata,FALSE,1356248933
Sohagra,Sohagra,,26.2302,84.0245,India,IN,IND,Bihār,Bihar,IN-BR,state,,1283.0,4893,4893,3,Asia/Kolkata,FALSE,1356480448
Mohīuddīnpur,Mohiuddinpur,,29.9850,77.6435,India,IN,IND,Uttar Pradesh,Uttar Pradesh,IN-UP,state,,722.8,4892,4892,3,Asia/Kolkata,TRUE,1356078899
Basnāl,Basnal,,15.1015,75.2875,India,IN,IND,Karnātaka,Karnataka,IN-KA,state,,350.7,4891,4891,3,Asia/Kolkata,FALSE,1356660972
Vellākkulam,Vellakkulam,,9.2425,77.6724,India,IN,IND,Tamil Nādu,Tamil Nadu,IN-TN,state,,368.6,4891,4891,3,Asia/Kolkata,TRUE,1356210349
Chephul,Chephul,,25.9156,84.5011,India,IN,IND,Bihār,Bihar,IN-BR,state,,1405.5,4891,4891,3,Asia/Kolkata,FALSE,1356890967
Bijaybāti,Bijaybati,Bijavbati,21.5873,88.2715,India,IN,IND,West Bengal,West Bengal,IN-WB,state,,1060.7,4891,4891,3,Asia/Kolkata,FALSE,1356442410
Seluvampatti,Seluvampatti,,11.2605,78.1214,India,IN,IND,Tamil Nādu,Tamil Nadu,IN-TN,state,,592.4,4891,4891,3,Asia/Kolkata,FALSE,1356239884
Dotihāl,Dotihal,,15.8644,76.2075,India,IN,IND,Karnātaka,Karnataka,IN-KA,state,,233.5,4891,4891,3,Asia/Kolkata,FALSE,1356943879
Chamiāri,Chamiari,,31.8540,74.8223,India,IN,IND,Punjab,Punjab,IN-PB,state,,426.9,4891,4891,3,Asia/Kolkata,TRUE,1356610463
Polasānipalle,Polasanipalle,,16.7311,81.8810,India,IN,IND,Andhra Pradesh,Andhra Pradesh,IN-AP,state,,554.4,4890,4890,3,Asia/Kolkata,FALSE,1356612487
Burhara,Burhara,,25.4604,85.5789,India,IN,IND,Bihār,Bihar,IN-BR,state,,1393.0,4890,4890,3,Asia/Kolkata,FALSE,1356016540
Nawādih Damol,Nawadih Damol,,24.1069,85.0105,India,IN,IND,Jhārkhand,Jharkhand,IN-JH,state,,305.8,4890,4890,3,Asia/Kolkata,FALSE,1356279358
Bhīmavaram,Bhimavaram,,16.4208,80.1698,India,IN,IND,Andhra Pradesh,Andhra Pradesh,IN-AP,state,,622.4,4890,4890,3,Asia/Kolkata,TRUE,1356108082
Jayantipur,Jayantipur,,19.0881,84.6124,India,IN,IND,Odisha,Odisha,IN-OR,state,,801.0,4890,4890,3,Asia/Kolkata,FALSE,1356077286
Gopindapur,Gopindapur,,22.2023,88.5711,India,IN,IND,West Bengal,West Bengal,IN-WB,state,,1126.7,4890,4890,3,Asia/Kolkata,FALSE,1356970476
Agāsode,Agasode,Agasod,24.2730,78.1607,India,IN,IND,Madhya Pradesh,Madhya Pradesh,IN-MP,state,,289.9,4889,4889,3,Asia/Kolkata,FALSE,1356842553
Bīrpur,Birpur,,25.7435,87.5523,India,IN,IND,Bihār,Bihar,IN-BR,state,,2499.5,4889,4889,2,Asia/Kolkata,TRUE,1356417457
Pakāria,Pakaria,,24.9855,85.5139,India,IN,IND,Bihār,Bihar,IN-BR,state,,1989.7,4889,4889,3,Asia/Kolkata,FALSE,1356215292
Erragudi,Erragudi,,15.2655,77.0589,India,IN,IND,Karnātaka,Karnataka,IN-KA,state,,600.0,4889,4889,3,Asia/Kolkata,FALSE,1356286382
Thatthi Bhai,Thatthi Bhai,,30.5626,75.0289,India,IN,IND,Punjab,Punjab,IN-PB,state,,372.9,4889,4889,3,Asia/Kolkata,FALSE,1356614012
Marudēri,Maruderi,,12.3404,78.2799,India,IN,IND,Tamil Nādu,Tamil Nadu,IN-TN,state,,558.5,4889,4889,3,Asia/Kolkata,TRUE,1356805970
Billekallu,Billekallu,,15.4943,77.4583,India,IN,IND,Andhra Pradesh,Andhra Pradesh,IN-AP,state,,181.3,4887,4887,4,Asia/Kolkata,FALSE,1356316329
Machāpuram,Machapuram,,17.9564,79.7285,India,IN,IND,Telangāna,Telangana,IN-TG,state,,522.1,4887,4887,3,Asia/Kolkata,TRUE,1356037996
Telaunch,Telaunch,,25.4989,86.6293,India,IN,IND,Bihār,Bihar,IN-BR,state,,1124.9,4887,4887,3,Asia/Kolkata,FALSE,1356257307
Koviladi,Koviladi,,10.8406,78.8853,India,IN,IND,Tamil Nādu,Tamil Nadu,IN-TN,state,,894.7,4887,4887,3,Asia/Kolkata,FALSE,1356209629
Gannai,Gannai,,24.1459,82.2366,India,IN,IND,Madhya Pradesh,Madhya Pradesh,IN-MP,state,,258.1,4887,4887,3,Asia/Kolkata,FALSE,1356053029
Adangārkulam,Adangarkulam,,8.2345,77.5730,India,IN,IND,Tamil Nādu,Tamil Nadu,IN-TN,state,,399.9,4887,4887,3,Asia/Kolkata,FALSE,1356209770
Gaddopur,Gaddopur,,25.8462,85.6488,India,IN,IND,Bihār,Bihar,IN-BR,state,,2375.7,4886,4886,2,Asia/Kolkata,TRUE,1356490635
Bhitiwāla,Bhitiwala,Sema Khera,29.9781,74.5000,India,IN,IND,Punjab,Punjab,IN-PB,state,,410.3,4886,4886,3,Asia/Kolkata,FALSE,1356699708
Bela,Bela,,24.4938,81.1791,India,IN,IND,Madhya Pradesh,Madhya Pradesh,IN-MP,state,,333.4,4886,4886,3,Asia/Kolkata,TRUE,1356100740
Chorgari,Chorgari,,24.3163,81.3908,India,IN,IND,Madhya Pradesh,Madhya Pradesh,IN-MP,state,,553.7,4886,4886,3,Asia/Kolkata,FALSE,1356157938
Mehdīpur,Mehdipur,,31.1125,74.5845,India,IN,IND,Punjab,Punjab,IN-PB,state,,421.3,4885,4885,3,Asia/Kolkata,TRUE,1356908570
Daniāwān,Daniawan,,25.4373,85.2955,India,IN,IND,Bihār,Bihar,IN-BR,state,,742.5,4885,4885,3,Asia/Kolkata,TRUE,1356989204
Nāoli,Naoli,,15.6512,76.5419,India,IN,IND,Karnātaka,Karnataka,IN-KA,state,,382.9,4885,4885,3,Asia/Kolkata,FALSE,1356427457
Nāgatibasāpuram,Nagatibasapuram,,14.9454,75.9353,India,IN,IND,Karnātaka,Karnataka,IN-KA,state,,220.0,4885,4885,3,Asia/Kolkata,FALSE,1356776027
Phori,Phori,,23.1089,84.5997,India,IN,IND,Jhārkhand,Jharkhand,IN-JH,state,,454.6,4885,4885,3,Asia/Kolkata,FALSE,1356196211
Daulatpur,Daulatpur,,25.5952,84.6847,India,IN,IND,Bihār,Bihar,IN-BR,state,,916.0,4885,4885,3,Asia/Kolkata,TRUE,1356957053
Tapkara,Tapkara,,22.8782,85.1197,India,IN,IND,Jhārkhand,Jharkhand,IN-JH,state,,250.7,4884,4884,3,Asia/Kolkata,FALSE,1356178206
Nakīpur,Nakipur,,25.5610,87.4770,India,IN,IND,Bihār,Bihar,IN-BR,state,,1116.3,4884,4884,3,Asia/Kolkata,FALSE,1356805362
Kuppanattam,Kuppanattam,,11.5413,79.3594,India,IN,IND,Tamil Nādu,Tamil Nadu,IN-TN,state,,546.1,4884,4884,3,Asia/Kolkata,FALSE,1356162844
Masaurha,Masaurha,,24.9645,85.4573,India,IN,IND,Bihār,Bihar,IN-BR,state,,1389.9,4884,4884,3,Asia/Kolkata,FALSE,1356497405
Arangi,Arangi,,24.4547,83.4864,India,IN,IND,Jhārkhand,Jharkhand,IN-JH,state,,341.9,4884,4884,3,Asia/Kolkata,TRUE,1356008336
Adhātal,Adhatal,,22.8676,88.5232,India,IN,IND,West Bengal,West Bengal,IN-WB,state,,1567.1,4883,4883,3,Asia/Kolkata,FALSE,1356220995
Gujrāni,Gujrani,,28.8440,76.1590,India,IN,IND,Haryāna,Haryana,IN-HR,state,,642.2,4883,4883,3,Asia/Kolkata,FALSE,1356535094
Nārāyanapur,Narayanapur,Nārāyanāpur,17.3878,81.1565,India,IN,IND,Telangāna,Telangana,IN-TG,state,,102.8,4882,4882,4,Asia/Kolkata,FALSE,1356550470
Pallagutta,Pallagutta,,17.8828,79.3256,India,IN,IND,Telangāna,Telangana,IN-TG,state,,334.2,4882,4882,3,Asia/Kolkata,FALSE,1356959689
Ghubaya,Ghubaya,,30.5626,74.1402,India,IN,IND,Punjab,Punjab,IN-PB,state,,399.0,4882,4882,3,Asia/Kolkata,FALSE,1356945246
Kenchamallanahalli,Kenchamallanahalli,,14.5833,76.4833,India,IN,IND,Karnātaka,Karnataka,IN-KA,state,,230.5,4882,4882,3,Asia/Kolkata,FALSE,1356074480
Tirumarugal,Tirumarugal,,10.8692,79.7458,India,IN,IND,Tamil Nādu,Tamil Nadu,IN-TN,state,,979.5,4882,4882,3,Asia/Kolkata,FALSE,1356175806
Kāmton,Kamton,,23.0192,78.2371,India,IN,IND,Madhya Pradesh,Madhya Pradesh,IN-MP,state,,237.1,4881,4881,3,Asia/Kolkata,FALSE,1356276283
Peruntoluvu,Peruntoluvu,,11.0443,77.4330,India,IN,IND,Tamil Nādu,Tamil Nadu,IN-TN,state,,2019.3,4881,4881,2,Asia/Kolkata,FALSE,1356165999
Pokharni,Pokharni,,19.1192,76.7321,India,IN,IND,Mahārāshtra,Maharashtra,IN-MH,state,,539.1,4881,4881,3,Asia/Kolkata,TRUE,1356073439
Dabolim,Dabolim,,15.3795,73.8445,India,IN,IND,Goa,Goa,IN-GA,state,,2186.5,4881,4881,2,Asia/Kolkata,FALSE,1356388265
Makhanwindi,Makhanwindi,,31.6716,75.0074,India,IN,IND,Punjab,Punjab,IN-PB,state,,2625.0,4881,4881,2,Asia/Kolkata,FALSE,1356554683
Vammavaram,Vammavaram,,17.4569,82.7817,India,IN,IND,Andhra Pradesh,Andhra Pradesh,IN-AP,state,,644.4,4881,4881,3,Asia/Kolkata,FALSE,1356491591
Rātnamangalam,Ratnamangalam,,12.6926,79.2785,India,IN,IND,Tamil Nādu,Tamil Nadu,IN-TN,state,,906.0,4880,4880,3,Asia/Kolkata,FALSE,1356631894
Ratnarh,Ratnarh,,25.3806,84.5787,India,IN,IND,Bihār,Bihar,IN-BR,state,,943.4,4880,4880,3,Asia/Kolkata,FALSE,1356066505
Autia,Autia,,25.1469,87.7445,India,IN,IND,Jhārkhand,Jharkhand,IN-JH,state,,847.1,4880,4880,3,Asia/Kolkata,FALSE,1356870544
Dhūmnagar,Dhumnagar,,27.1080,84.4640,India,IN,IND,Bihār,Bihar,IN-BR,state,,1548.8,4880,4880,3,Asia/Kolkata,TRUE,1356859566
Devadānampettai,Devadanampettai,,12.1804,79.3368,India,IN,IND,Tamil Nādu,Tamil Nadu,IN-TN,state,,475.1,4878,4878,3,Asia/Kolkata,FALSE,1356403985
Oblāpura,Oblapura,Obalapura,14.4729,76.9258,India,IN,IND,Karnātaka,Karnataka,IN-KA,state,,201.9,4878,4878,3,Asia/Kolkata,FALSE,1356114368
Chūkar,Chukar,,34.1251,74.5071,India,IN,IND,Jammu and Kashmīr,Jammu and Kashmir,IN-JK,state,,1831.9,4878,4878,3,Asia/Kolkata,FALSE,1356404913
Durbate,Durbate,,15.3783,73.9775,India,IN,IND,Goa,Goa,IN-GA,state,,656.2,4878,4878,3,Asia/Kolkata,FALSE,1356053121
Kuravappulam,Kuravappulam,,10.4322,79.7892,India,IN,IND,Tamil Nādu,Tamil Nadu,IN-TN,state,,378.9,4878,4878,3,Asia/Kolkata,FALSE,1356190461
Pachchudaiyānpatti,Pachchudaiyanpatti,,11.2894,78.2196,India,IN,IND,Tamil Nādu,Tamil Nadu,IN-TN,state,,480.2,4878,4878,3,Asia/Kolkata,FALSE,1356233965
Awāri,Awari,,25.9643,84.8299,India,IN,IND,Bihār,Bihar,IN-BR,state,,2405.8,4878,4878,2,Asia/Kolkata,FALSE,1356219648
Dontāpur,Dontapur,,19.0404,79.0368,India,IN,IND,Telangāna,Telangana,IN-TG,state,,173.4,4878,4878,4,Asia/Kolkata,FALSE,1356552803
Ānigol,Anigol,,15.7833,74.8833,India,IN,IND,Karnātaka,Karnataka,IN-KA,state,,385.1,4877,4877,3,Asia/Kolkata,FALSE,1356911725
Gonaura,Gonaura,,26.1705,86.4633,India,IN,IND,Bihār,Bihar,IN-BR,state,,1797.0,4876,4876,3,Asia/Kolkata,FALSE,1356089021
Thākurdwāra,Thakurdwara,,29.1900,78.8600,India,IN,IND,Uttar Pradesh,Uttar Pradesh,IN-UP,state,,1051.0,4875,4875,3,Asia/Kolkata,TRUE,1356568851
Pakkhi Kalān,Pakkhi Kalan,,30.7541,74.7582,India,IN,IND,Punjab,Punjab,IN-PB,state,,439.8,4874,4874,3,Asia/Kolkata,FALSE,1356860015
Sirkonda,Sirkonda,,18.5806,78.4513,India,IN,IND,Telangāna,Telangana,IN-TG,state,,155.4,4874,4874,4,Asia/Kolkata,TRUE,1356121958
Chhaurahi,Chhaurahi,,25.8922,85.4390,India,IN,IND,Bihār,Bihar,IN-BR,state,,2583.4,4874,4874,2,Asia/Kolkata,FALSE,1356098011
Belchhi,Belchhi,,25.3621,85.4798,India,IN,IND,Bihār,Bihar,IN-BR,state,,1296.2,4874,4874,3,Asia/Kolkata,TRUE,1356144958
Bhagwānpur,Bhagwanpur,,26.1324,87.5211,India,IN,IND,Bihār,Bihar,IN-BR,state,,2069.6,4874,4874,2,Asia/Kolkata,TRUE,1356764416
Pararia,Pararia,,25.7957,86.1021,India,IN,IND,Bihār,Bihar,IN-BR,state,,1897.1,4874,4874,3,Asia/Kolkata,TRUE,1356335771
Tinkbīr,Tinkbir,,21.3787,84.7046,India,IN,IND,Odisha,Odisha,IN-OR,state,,114.1,4873,4873,4,Asia/Kolkata,FALSE,1356235972
Rāis,Rais,,24.9854,85.7574,India,IN,IND,Bihār,Bihar,IN-BR,state,,1194.5,4873,4873,3,Asia/Kolkata,TRUE,1356239340
Hātibāri,Hatibari,,20.8883,85.9511,India,IN,IND,Odisha,Odisha,IN-OR,state,,387.3,4873,4873,3,Asia/Kolkata,FALSE,1356397822
Phullo Mithi,Phullo Mithi,,30.0990,74.8502,India,IN,IND,Punjab,Punjab,IN-PB,state,,637.0,4873,4873,3,Asia/Kolkata,FALSE,1356676455
Khaira,Khaira,,23.1387,81.4559,India,IN,IND,Madhya Pradesh,Madhya Pradesh,IN-MP,state,,221.3,4873,4873,3,Asia/Kolkata,TRUE,1356533649
Tunguru,Tunguru,,19.0180,78.9938,India,IN,IND,Telangāna,Telangana,IN-TG,state,,182.7,4872,4872,4,Asia/Kolkata,FALSE,1356038200
Dherka,Dherka,,30.6998,75.4484,India,IN,IND,Punjab,Punjab,IN-PB,state,,486.3,4872,4872,3,Asia/Kolkata,FALSE,1356262311
Kolkūr,Kolkur,,17.0858,76.7616,India,IN,IND,Karnātaka,Karnataka,IN-KA,state,,247.1,4872,4872,3,Asia/Kolkata,FALSE,1356526342
Kumbalūru,Kumbaluru,,14.2536,75.7967,India,IN,IND,Karnātaka,Karnataka,IN-KA,state,,319.2,4870,4870,3,Asia/Kolkata,FALSE,1356042884
Ganjihalli,Ganjihalli,,15.6780,77.5336,India,IN,IND,Andhra Pradesh,Andhra Pradesh,IN-AP,state,,297.7,4870,4870,3,Asia/Kolkata,FALSE,1356072603
Pain,Pain,,25.1497,85.7795,India,IN,IND,Bihār,Bihar,IN-BR,state,,670.7,4870,4870,3,Asia/Kolkata,FALSE,1356078818
Deo,Deo,,25.2495,84.4591,India,IN,IND,Bihār,Bihar,IN-BR,state,,1490.5,4870,4870,3,Asia/Kolkata,TRUE,1356637075
Tarihāl,Tarihal,,15.8165,74.6062,India,IN,IND,Karnātaka,Karnataka,IN-KA,state,,990.3,4870,4870,3,Asia/Kolkata,FALSE,1356054772
Mahidharpur,Mahidharpur,Maidharapur,20.6963,85.1810,India,IN,IND,Odisha,Odisha,IN-OR,state,,246.4,4870,4870,3,Asia/Kolkata,FALSE,1356142418
Sahuka,Sahuka,,25.2844,83.6132,India,IN,IND,Bihār,Bihar,IN-BR,state,,744.1,4870,4870,3,Asia/Kolkata,FALSE,1356382834
Chirāwad,Chirawad,,23.1387,76.1343,India,IN,IND,Madhya Pradesh,Madhya Pradesh,IN-MP,state,,236.2,4869,4869,3,Asia/Kolkata,FALSE,1356117041
Tangedukunta,Tangedukunta,,13.9433,77.9349,India,IN,IND,Karnātaka,Karnataka,IN-KA,state,,188.4,4869,4869,4,Asia/Kolkata,FALSE,1356031034
Yerrabaliguda,Yerrabaliguda,,17.6430,79.7245,India,IN,IND,Telangāna,Telangana,IN-TG,state,,323.0,4869,4869,3,Asia/Kolkata,FALSE,1356142430
Gōliholē,Golihole,,13.8113,74.7446,India,IN,IND,Karnātaka,Karnataka,IN-KA,state,,291.0,4869,4869,3,Asia/Kolkata,FALSE,1356645099
Dharmaili,Dharmaili,,25.6266,87.4919,India,IN,IND,Bihār,Bihar,IN-BR,state,,1116.3,4868,4868,3,Asia/Kolkata,FALSE,1356176880
Laira,Laira,,21.7129,84.1934,India,IN,IND,Odisha,Odisha,IN-OR,state,,285.5,4868,4868,3,Asia/Kolkata,FALSE,1356900233
Halīmpur,Halimpur,,25.3344,86.4747,India,IN,IND,Bihār,Bihar,IN-BR,state,,2323.0,4868,4868,2,Asia/Kolkata,FALSE,1356050753
Betapūdi,Betapudi,,16.3151,80.1772,India,IN,IND,Andhra Pradesh,Andhra Pradesh,IN-AP,state,,513.7,4868,4868,3,Asia/Kolkata,TRUE,1356596191
Chānchiāra,Chanchiara,Chancahara,22.3793,87.8781,India,IN,IND,West Bengal,West Bengal,IN-WB,state,,3124.9,4868,4868,2,Asia/Kolkata,FALSE,1356109580
Indaut,Indaut,,25.3130,85.3064,India,IN,IND,Bihār,Bihar,IN-BR,state,,1288.9,4868,4868,3,Asia/Kolkata,FALSE,1356837117
Donti,Donti,,17.8149,78.4165,India,IN,IND,Telangāna,Telangana,IN-TG,state,,251.8,4868,4868,3,Asia/Kolkata,FALSE,1356343022
Nerada,Nerada,,17.1862,79.1269,India,IN,IND,Telangāna,Telangana,IN-TG,state,,254.2,4868,4868,3,Asia/Kolkata,FALSE,1356722176
Chintakāyamanda,Chintakayamanda,,14.6261,78.0190,India,IN,IND,Andhra Pradesh,Andhra Pradesh,IN-AP,state,,122.1,4868,4868,4,Asia/Kolkata,FALSE,1356021565
Katia,Katia,,24.3140,85.7464,India,IN,IND,Jhārkhand,Jharkhand,IN-JH,state,,559.1,4866,4866,3,Asia/Kolkata,TRUE,1356245546
Aski,Aski,,16.6108,76.3686,India,IN,IND,Karnātaka,Karnataka,IN-KA,state,,228.8,4866,4866,3,Asia/Kolkata,FALSE,1356047113
Burhibhir,Burhibhir,,24.0458,83.9625,India,IN,IND,Jhārkhand,Jharkhand,IN-JH,state,,429.1,4866,4866,3,Asia/Kolkata,FALSE,1356403458
Neāzipur,Neazipur,,25.6763,84.1532,India,IN,IND,Bihār,Bihar,IN-BR,state,,1191.1,4866,4866,3,Asia/Kolkata,FALSE,1356125806
Ratansar,Ratansar,,26.1603,87.1020,India,IN,IND,Bihār,Bihar,IN-BR,state,,1628.5,4866,4866,3,Asia/Kolkata,FALSE,1356916450
Sondekoppa,Sondekoppa,,13.0000,77.3667,India,IN,IND,Karnātaka,Karnataka,IN-KA,state,,15537.8,4866,4866,2,Asia/Kolkata,FALSE,1356019795
Mukteswaram,Mukteswaram,,15.9949,79.9841,India,IN,IND,Andhra Pradesh,Andhra Pradesh,IN-AP,state,,282.1,4866,4866,3,Asia/Kolkata,FALSE,1356998715
Dhand,Dhand,,31.5444,74.7597,India,IN,IND,Punjab,Punjab,IN-PB,state,,660.8,4866,4866,3,Asia/Kolkata,FALSE,1356524269
Palaiyūr,Palaiyur,,12.6006,79.9375,India,IN,IND,Tamil Nādu,Tamil Nadu,IN-TN,state,,673.9,4866,4866,3,Asia/Kolkata,TRUE,1356229911
Adliwāla,Adliwala,,31.7290,74.8298,India,IN,IND,Punjab,Punjab,IN-PB,state,,426.9,4865,4865,3,Asia/Kolkata,FALSE,1356415838
Podumu,Podumu,,9.9854,78.0851,India,IN,IND,Tamil Nādu,Tamil Nadu,IN-TN,state,,1363.1,4865,4865,3,Asia/Kolkata,FALSE,1356231817
Mādhopur,Madhopur,,26.0928,86.0776,India,IN,IND,Bihār,Bihar,IN-BR,state,,1340.6,4864,4864,3,Asia/Kolkata,TRUE,1356894976
Dammūru,Dammuru,,15.3064,76.9248,India,IN,IND,Karnātaka,Karnataka,IN-KA,state,,600.0,4864,4864,3,Asia/Kolkata,FALSE,1356223680
Kondūru,Konduru,,16.5740,80.0677,India,IN,IND,Andhra Pradesh,Andhra Pradesh,IN-AP,state,,261.3,4862,4862,3,Asia/Kolkata,TRUE,1356507854
Hebbalaguppe,Hebbalaguppe,,12.0588,76.3917,India,IN,IND,Karnātaka,Karnataka,IN-KA,state,,178.7,4862,4862,4,Asia/Kolkata,FALSE,1356079609
Bankerwa,Bankerwa,,25.8810,85.0813,India,IN,IND,Bihār,Bihar,IN-BR,state,,1363.3,4861,4861,3,Asia/Kolkata,FALSE,1356572934
Dhapāra,Dhapara,,21.9140,79.7507,India,IN,IND,Madhya Pradesh,Madhya Pradesh,IN-MP,state,,184.4,4861,4861,4,Asia/Kolkata,TRUE,1356117853
Kaludūr,Kaludur,,11.5079,79.0919,India,IN,IND,Tamil Nādu,Tamil Nadu,IN-TN,state,,471.5,4861,4861,3,Asia/Kolkata,FALSE,1356239106
Bibipur,Bibipur,,25.2313,85.0552,India,IN,IND,Bihār,Bihar,IN-BR,state,,1515.9,4860,4860,3,Asia/Kolkata,TRUE,1356456572
Gangavaram,Gangavaram,,14.6420,77.1997,India,IN,IND,Andhra Pradesh,Andhra Pradesh,IN-AP,state,,166.7,4860,4860,4,Asia/Kolkata,TRUE,1356637653
Odappalli,Odappalli,,11.3405,77.7600,India,IN,IND,Tamil Nādu,Tamil Nadu,IN-TN,state,,1084.6,4860,4860,3,Asia/Kolkata,FALSE,1356166827
Kodaganūr,Kodaganur,Kodaganur,14.3353,76.0416,India,IN,IND,Karnātaka,Karnataka,IN-KA,state,,721.9,4860,4860,3,Asia/Kolkata,FALSE,1356834764
Shamaspur,Shamaspur,,25.8229,85.4584,India,IN,IND,Bihār,Bihar,IN-BR,state,,2745.8,4860,4860,2,Asia/Kolkata,FALSE,1356489827
Polayampatti,Polayampatti,,12.1489,78.3526,India,IN,IND,Tamil Nādu,Tamil Nadu,IN-TN,state,,282.2,4860,4860,3,Asia/Kolkata,FALSE,1356713082
Bhumbli,Bhumbli,,31.9405,75.3806,India,IN,IND,Punjab,Punjab,IN-PB,state,,599.6,4860,4860,3,Asia/Kolkata,FALSE,1356630171
Kodūru,Koduru,,16.7257,80.6801,India,IN,IND,Andhra Pradesh,Andhra Pradesh,IN-AP,state,,285.8,4860,4860,3,Asia/Kolkata,TRUE,1356149960
Sālavākkam,Salavakkam,,12.6701,79.8913,India,IN,IND,Tamil Nādu,Tamil Nadu,IN-TN,state,,506.9,4858,4858,3,Asia/Kolkata,FALSE,1356579865
Chinnadoranāla,Chinnadoranala,,15.8870,79.1316,India,IN,IND,Andhra Pradesh,Andhra Pradesh,IN-AP,state,,55.4,4858,4858,4,Asia/Kolkata,FALSE,1356107328
Sonakhali,Sonakhali,,22.8008,88.6725,India,IN,IND,West Bengal,West Bengal,IN-WB,state,,1584.4,4858,4858,3,Asia/Kolkata,FALSE,1356133824
Mittamānipalle,Mittamanipalle,,14.7818,78.7970,India,IN,IND,Andhra Pradesh,Andhra Pradesh,IN-AP,state,,190.1,4858,4858,4,Asia/Kolkata,FALSE,1356889924
Mohanpur,Mohanpur,,25.5926,86.2135,India,IN,IND,Bihār,Bihar,IN-BR,state,,2012.0,4858,4858,2,Asia/Kolkata,TRUE,1356222983
Pātapālya,Patapalya,,13.7548,77.9477,India,IN,IND,Karnātaka,Karnataka,IN-KA,state,,188.4,4858,4858,4,Asia/Kolkata,FALSE,1356095226
Goranta,Goranta,,17.3926,79.6641,India,IN,IND,Telangāna,Telangana,IN-TG,state,,280.9,4858,4858,3,Asia/Kolkata,FALSE,1356836992
Rājipur,Rajipur,,25.3714,84.7823,India,IN,IND,Bihār,Bihar,IN-BR,state,,1152.2,4858,4858,3,Asia/Kolkata,FALSE,1356073854
Kannali,Kannali,,12.5274,76.9963,India,IN,IND,Karnātaka,Karnataka,IN-KA,state,,606.7,4858,4858,3,Asia/Kolkata,FALSE,1356061966
Mai,Mai,,25.0000,85.3193,India,IN,IND,Bihār,Bihar,IN-BR,state,,1425.1,4858,4858,3,Asia/Kolkata,TRUE,1356111358
Kīl Kāvattānkurichchi,Kil Kavattankurichchi,,10.9577,79.0638,India,IN,IND,Tamil Nādu,Tamil Nadu,IN-TN,state,,397.3,4857,4857,3,Asia/Kolkata,FALSE,1356174416
Lupi,Lupi,,24.3663,86.4221,India,IN,IND,Bihār,Bihar,IN-BR,state,,471.0,4857,4857,3,Asia/Kolkata,FALSE,1356258092
Ghaghwā,Ghaghwa,,26.8889,84.0867,India,IN,IND,Uttar Pradesh,Uttar Pradesh,IN-UP,state,,1387.7,4857,4857,3,Asia/Kolkata,FALSE,1356147969
Amoi Pathā,Amoi Patha,,25.5124,77.9601,India,IN,IND,Madhya Pradesh,Madhya Pradesh,IN-MP,state,,198.3,4857,4857,4,Asia/Kolkata,FALSE,1356501917
Mangalawāda,Mangalawada,,14.0717,77.0781,India,IN,IND,Karnātaka,Karnataka,IN-KA,state,,193.5,4856,4856,4,Asia/Kolkata,FALSE,1356509415
Muppaduvetti,Muppaduvetti,,12.8954,79.3444,India,IN,IND,Tamil Nādu,Tamil Nadu,IN-TN,state,,932.7,4856,4856,3,Asia/Kolkata,FALSE,1356591727
Tādiparru,Tadiparru,,16.7833,81.7167,India,IN,IND,Andhra Pradesh,Andhra Pradesh,IN-AP,state,,840.0,4855,4855,3,Asia/Kolkata,FALSE,1356015454
Dabwāla Kalān,Dabwala Kalan,,30.3309,74.2507,India,IN,IND,Punjab,Punjab,IN-PB,state,,442.1,4854,4854,3,Asia/Kolkata,FALSE,1356030032
Millampalle,Millampalle,,16.0499,79.3011,India,IN,IND,Andhra Pradesh,Andhra Pradesh,IN-AP,state,,64.1,4854,4854,4,Asia/Kolkata,FALSE,1356333222
Miryāl,Miryal,,17.3408,79.7330,India,IN,IND,Telangāna,Telangana,IN-TG,state,,280.9,4854,4854,3,Asia/Kolkata,FALSE,1356119642
Olāpur,Olapur,,25.2930,87.4446,India,IN,IND,Bihār,Bihar,IN-BR,state,,1155.8,4854,4854,3,Asia/Kolkata,TRUE,1356684882
Daudpur,Daudpur,,25.9059,84.5940,India,IN,IND,Bihār,Bihar,IN-BR,state,,1671.3,4854,4854,3,Asia/Kolkata,TRUE,1356340094
Indarwāra,Indarwara,,25.6925,85.6558,India,IN,IND,Bihār,Bihar,IN-BR,state,,1602.1,4854,4854,3,Asia/Kolkata,FALSE,1356012246
Madrāni,Madrani,,22.9985,74.4507,India,IN,IND,Madhya Pradesh,Madhya Pradesh,IN-MP,state,,462.7,4854,4854,3,Asia/Kolkata,FALSE,1356626757
Mādimangalam,Madimangalam,,12.4278,79.0140,India,IN,IND,Tamil Nādu,Tamil Nadu,IN-TN,state,,368.7,4853,4853,3,Asia/Kolkata,FALSE,1356623332
Dharmāgatpur Bathua,Dharmagatpur Bathua,,25.9366,85.6608,India,IN,IND,Bihār,Bihar,IN-BR,state,,2057.4,4853,4853,2,Asia/Kolkata,FALSE,1356596900
Mānpur,Manpur,,23.9726,83.8145,India,IN,IND,Jhārkhand,Jharkhand,IN-JH,state,,201.6,4853,4853,3,Asia/Kolkata,TRUE,1356353467
Betauna,Betauna,,25.8474,87.4853,India,IN,IND,Bihār,Bihar,IN-BR,state,,999.2,4852,4852,3,Asia/Kolkata,TRUE,1356332472
Rāmpur Nagwān,Rampur Nagwan,,25.3116,84.7845,India,IN,IND,Bihār,Bihar,IN-BR,state,,1580.3,4852,4852,3,Asia/Kolkata,FALSE,1356130851
Kodihāl,Kodihal,,16.0951,76.3037,India,IN,IND,Karnātaka,Karnataka,IN-KA,state,,267.6,4852,4852,3,Asia/Kolkata,FALSE,1356082990
Dhengurā,Dhengura,,23.9522,85.3383,India,IN,IND,Jhārkhand,Jharkhand,IN-JH,state,,565.7,4852,4852,3,Asia/Kolkata,FALSE,1356257350
Malk,Malk,,30.8272,75.4916,India,IN,IND,Punjab,Punjab,IN-PB,state,,486.3,4852,4852,3,Asia/Kolkata,FALSE,1356412022
Phampini,Phampini,Phāmpuni,18.8825,82.4740,India,IN,IND,Odisha,Odisha,IN-OR,state,,529.5,4852,4852,3,Asia/Kolkata,FALSE,1356500555
Sunwāra,Sunwara,,22.4394,79.7393,India,IN,IND,Madhya Pradesh,Madhya Pradesh,IN-MP,state,,169.0,4852,4852,4,Asia/Kolkata,TRUE,1356214133
Dehri,Dehri,,22.2918,74.9163,India,IN,IND,Madhya Pradesh,Madhya Pradesh,IN-MP,state,,282.0,4852,4852,3,Asia/Kolkata,TRUE,1356030385
Kallīgudi,Kalligudi,,9.7000,77.9833,India,IN,IND,Tamil Nādu,Tamil Nadu,IN-TN,state,,468.4,4852,4852,3,Asia/Kolkata,TRUE,1356121387
Dhanwar,Dhanwar,,24.2510,85.4778,India,IN,IND,Jhārkhand,Jharkhand,IN-JH,state,,451.4,4852,4852,3,Asia/Kolkata,TRUE,1356126728
Kalmane,Kalmane,,14.1557,75.3543,India,IN,IND,Karnātaka,Karnataka,IN-KA,state,,299.0,4851,4851,3,Asia/Kolkata,FALSE,1356306514
Ittanahalli,Ittanahalli,,12.4062,76.9716,India,IN,IND,Karnātaka,Karnataka,IN-KA,state,,236.6,4851,4851,3,Asia/Kolkata,FALSE,1356507791
Āmuha,Amuha,,24.5929,87.9807,India,IN,IND,West Bengal,West Bengal,IN-WB,state,,1524.2,4851,4851,3,Asia/Kolkata,FALSE,1356376750
Mallepalle,Mallepalle,,14.8877,78.8859,India,IN,IND,Andhra Pradesh,Andhra Pradesh,IN-AP,state,,143.1,4851,4851,4,Asia/Kolkata,TRUE,1356002663
Morwe,Morwe,,24.4031,83.8364,India,IN,IND,Jhārkhand,Jharkhand,IN-JH,state,,660.0,4851,4851,3,Asia/Kolkata,FALSE,1356111872
Gīsgonda,Gisgonda,,17.9648,79.6972,India,IN,IND,Telangāna,Telangana,IN-TG,state,,303.3,4850,4850,3,Asia/Kolkata,FALSE,1356259837
Rāmpur Tengrāhi,Rampur Tengrahi,,26.5919,84.4481,India,IN,IND,Bihār,Bihar,IN-BR,state,,814.1,4849,4849,3,Asia/Kolkata,FALSE,1356804982
Wanadurg,Wanadurg,,16.6342,76.6983,India,IN,IND,Karnātaka,Karnataka,IN-KA,state,,247.2,4849,4849,3,Asia/Kolkata,FALSE,1356001603
Arwa,Arwa,,25.9022,84.7405,India,IN,IND,Bihār,Bihar,IN-BR,state,,2079.4,4849,4849,2,Asia/Kolkata,FALSE,1356718248
Pahra,Pahra,,32.0272,75.4311,India,IN,IND,Punjab,Punjab,IN-PB,state,,599.6,4849,4849,3,Asia/Kolkata,FALSE,1356370576
Nāyakkanēri,Nayakkaneri,,12.7701,78.7895,India,IN,IND,Tamil Nādu,Tamil Nadu,IN-TN,state,,872.6,4849,4849,3,Asia/Kolkata,FALSE,1356599385
Edirkottai,Edirkottai,,9.3833,77.7333,India,IN,IND,Tamil Nādu,Tamil Nadu,IN-TN,state,,768.8,4849,4849,3,Asia/Kolkata,FALSE,1356835962
Mailār,Mailar,Mailar,14.8082,75.6904,India,IN,IND,Karnātaka,Karnataka,IN-KA,state,,350.3,4849,4849,3,Asia/Kolkata,FALSE,1356767387
Analgār,Analgar,,15.1243,74.6590,India,IN,IND,Karnātaka,Karnataka,IN-KA,state,,64.0,4848,4848,4,Asia/Kolkata,FALSE,1356097678
Venganūr,Venganur,,11.3961,78.7796,India,IN,IND,Tamil Nādu,Tamil Nadu,IN-TN,state,,298.8,4848,4848,3,Asia/Kolkata,TRUE,1356250423
Dumra,Dumra,,26.2394,84.5220,India,IN,IND,Bihār,Bihar,IN-BR,state,,1768.0,4848,4848,3,Asia/Kolkata,TRUE,1356773283
Saraiyā Badurahā,Saraiya Baduraha,,26.3939,84.7567,India,IN,IND,Bihār,Bihar,IN-BR,state,,1457.6,4848,4848,3,Asia/Kolkata,FALSE,1356686672
Mattūr,Mattur,,11.6051,79.3329,India,IN,IND,Tamil Nādu,Tamil Nadu,IN-TN,state,,546.1,4848,4848,3,Asia/Kolkata,TRUE,1356159153
Muzaffarpur,Muzaffarpur,,25.2776,85.4783,India,IN,IND,Bihār,Bihar,IN-BR,state,,1118.2,4848,4848,3,Asia/Kolkata,TRUE,1356090666
Chintalāyapalle,Chintalayapalle,,15.0200,78.1056,India,IN,IND,Andhra Pradesh,Andhra Pradesh,IN-AP,state,,182.0,4847,4847,4,Asia/Kolkata,FALSE,1356028900
Pattan,Pattan,,17.4083,76.7213,India,IN,IND,Karnātaka,Karnataka,IN-KA,state,,529.9,4847,4847,3,Asia/Kolkata,FALSE,1356166549
Churāmanpur,Churamanpur,,25.5883,84.0245,India,IN,IND,Bihār,Bihar,IN-BR,state,,896.1,4847,4847,3,Asia/Kolkata,FALSE,1356945304
Kāsidharmam,Kasidharmam,,9.0586,77.3140,India,IN,IND,Tamil Nādu,Tamil Nadu,IN-TN,state,,853.8,4847,4847,3,Asia/Kolkata,FALSE,1356212980
Jangalagūdem,Jangalagudem,,15.9798,80.2058,India,IN,IND,Andhra Pradesh,Andhra Pradesh,IN-AP,state,,291.2,4847,4847,3,Asia/Kolkata,FALSE,1356023764
Bishungarh,Bishungarh,,24.0243,85.7404,India,IN,IND,Jhārkhand,Jharkhand,IN-JH,state,,477.1,4847,4847,3,Asia/Kolkata,FALSE,1356304338
Husnar,Husnar,,30.2250,74.6380,India,IN,IND,Punjab,Punjab,IN-PB,state,,322.3,4845,4845,3,Asia/Kolkata,FALSE,1356722402
Chāhal,Chahal,,30.6714,74.7973,India,IN,IND,Punjab,Punjab,IN-PB,state,,439.8,4845,4845,3,Asia/Kolkata,TRUE,1356031517
Ellavattula,Ellavattula,,15.5434,78.5703,India,IN,IND,Andhra Pradesh,Andhra Pradesh,IN-AP,state,,96.5,4845,4845,4,Asia/Kolkata,FALSE,1356263603
Paranam,Paranam,,11.1833,79.2500,India,IN,IND,Tamil Nādu,Tamil Nadu,IN-TN,state,,343.1,4844,4844,3,Asia/Kolkata,FALSE,1356172179
Sarotia,Sarotia,,27.6368,74.3327,India,IN,IND,Rājasthān,Rajasthan,IN-RJ,state,,196.9,4844,4844,4,Asia/Kolkata,FALSE,1356138014
Bagro,Bagro,,24.4303,85.6816,India,IN,IND,Jhārkhand,Jharkhand,IN-JH,state,,408.9,4844,4844,3,Asia/Kolkata,TRUE,1356727477
Bhānegaon,Bhanegaon,,21.5547,80.4078,India,IN,IND,Madhya Pradesh,Madhya Pradesh,IN-MP,state,,254.3,4844,4844,3,Asia/Kolkata,FALSE,1356047447
Kolimigundla,Kolimigundla,,15.0833,78.1167,India,IN,IND,Andhra Pradesh,Andhra Pradesh,IN-AP,state,,182.0,4844,4844,4,Asia/Kolkata,FALSE,1356298805
Bachiwind,Bachiwind,,31.6659,74.5734,India,IN,IND,Punjab,Punjab,IN-PB,state,,426.9,4843,4843,3,Asia/Kolkata,FALSE,1356938940
Kodaria,Kodaria,,25.7315,85.9534,India,IN,IND,Bihār,Bihar,IN-BR,state,,2168.6,4843,4843,2,Asia/Kolkata,FALSE,1356451214
Manauli,Manauli,,30.6444,76.7217,India,IN,IND,Punjab,Punjab,IN-PB,state,,2670.2,4843,4843,2,Asia/Kolkata,FALSE,1356122600
Kākarpalli,Kakarpalli,,17.2306,80.8457,India,IN,IND,Telangāna,Telangana,IN-TG,state,,325.4,4843,4843,3,Asia/Kolkata,FALSE,1356728758
Sejgaon,Sejgaon,,22.2058,74.5159,India,IN,IND,Madhya Pradesh,Madhya Pradesh,IN-MP,state,,292.0,4843,4843,3,Asia/Kolkata,TRUE,1356754051
Chinchli,Chinchli,,15.2903,75.4884,India,IN,IND,Karnātaka,Karnataka,IN-KA,state,,448.5,4841,4841,3,Asia/Kolkata,FALSE,1356091705
Kauria,Kauria,,23.6742,80.1830,India,IN,IND,Madhya Pradesh,Madhya Pradesh,IN-MP,state,,266.1,4841,4841,3,Asia/Kolkata,TRUE,1356070389
Muzaffara,Muzaffara,,25.5431,86.0958,India,IN,IND,Bihār,Bihar,IN-BR,state,,1295.2,4840,4840,3,Asia/Kolkata,FALSE,1356005548
Makānpur,Makanpur,,25.2044,85.4642,India,IN,IND,Bihār,Bihar,IN-BR,state,,1118.2,4840,4840,3,Asia/Kolkata,TRUE,1356170848
Kehuniā,Kehunia,,27.0361,84.4558,India,IN,IND,Bihār,Bihar,IN-BR,state,,1548.8,4840,4840,3,Asia/Kolkata,FALSE,1356489841
Kaniyūr,Kaniyur,,12.9005,75.2818,India,IN,IND,Karnātaka,Karnataka,IN-KA,state,,221.8,4840,4840,3,Asia/Kolkata,FALSE,1356010908
Sikni,Sikni,,23.5472,85.6709,India,IN,IND,Jhārkhand,Jharkhand,IN-JH,state,,1301.1,4840,4840,3,Asia/Kolkata,FALSE,1356182358
Vallapur,Vallapur,,17.1255,79.9252,India,IN,IND,Telangāna,Telangana,IN-TG,state,,220.9,4839,4839,3,Asia/Kolkata,FALSE,1356749345
Kanaoudi,Kanaoudi,Kanaudi,23.6127,81.3913,India,IN,IND,Madhya Pradesh,Madhya Pradesh,IN-MP,state,,221.3,4839,4839,3,Asia/Kolkata,FALSE,1356113476
Mummuni,Mummuni,,12.5162,79.5869,India,IN,IND,Tamil Nādu,Tamil Nadu,IN-TN,state,,459.2,4837,4837,3,Asia/Kolkata,FALSE,1356667168
Nedunkunam,Nedunkunam,,12.4718,79.3850,India,IN,IND,Tamil Nādu,Tamil Nadu,IN-TN,state,,459.2,4837,4837,3,Asia/Kolkata,FALSE,1356075827
Dondapādu,Dondapadu,,16.0659,79.6556,India,IN,IND,Andhra Pradesh,Andhra Pradesh,IN-AP,state,,388.2,4837,4837,3,Asia/Kolkata,TRUE,1356003635
Sandoha,Sandoha,,30.0133,75.1996,India,IN,IND,Punjab,Punjab,IN-PB,state,,302.3,4837,4837,3,Asia/Kolkata,FALSE,1356222267
Parappatti,Parappatti,,11.5853,78.1281,India,IN,IND,Tamil Nādu,Tamil Nadu,IN-TN,state,,2788.0,4837,4837,2,Asia/Kolkata,FALSE,1356219712
Mānuppatti,Manuppatti,,10.4944,77.2401,India,IN,IND,Tamil Nādu,Tamil Nadu,IN-TN,state,,337.9,4837,4837,3,Asia/Kolkata,FALSE,1356803585
Kakarāhat,Kakarahat,,25.8311,84.9961,India,IN,IND,Bihār,Bihar,IN-BR,state,,2012.3,4836,4836,2,Asia/Kolkata,FALSE,1356276121
Laun,Laun,,24.7074,85.4129,India,IN,IND,Bihār,Bihar,IN-BR,state,,572.9,4836,4836,3,Asia/Kolkata,FALSE,1356176122
Bangalapādu,Bangalapadu,,16.8628,80.4775,India,IN,IND,Telangāna,Telangana,IN-TG,state,,203.3,4836,4836,3,Asia/Kolkata,FALSE,1356108230
Vepanappalle,Vepanappalle,Veppanapalli|Vepanapalli,12.7024,78.1952,India,IN,IND,Tamil Nādu,Tamil Nadu,IN-TN,state,,493.5,4836,4836,3,Asia/Kolkata,FALSE,1356886976
Attiyūrtirukkai,Attiyurtirukkai,,12.0458,79.3710,India,IN,IND,Tamil Nādu,Tamil Nadu,IN-TN,state,,932.5,4836,4836,3,Asia/Kolkata,FALSE,1356953041
Belhwār,Belhwar,,26.4033,86.0908,India,IN,IND,Bihār,Bihar,IN-BR,state,,2178.0,4836,4836,2,Asia/Kolkata,FALSE,1356060769
Mahuri,Mahuri,,25.1006,85.4546,India,IN,IND,Bihār,Bihar,IN-BR,state,,1626.6,4836,4836,3,Asia/Kolkata,FALSE,1356902111
Jangli Tāl English,Jangli Tal English,,25.3748,87.7214,India,IN,IND,Bihār,Bihar,IN-BR,state,,1025.9,4836,4836,3,Asia/Kolkata,FALSE,1356444341
Kanale,Kanale,,14.2225,74.9583,India,IN,IND,Karnātaka,Karnataka,IN-KA,state,,115.4,4836,4836,4,Asia/Kolkata,TRUE,1356567095
Bagaiya,Bagaiya,,24.3379,82.6339,India,IN,IND,Madhya Pradesh,Madhya Pradesh,IN-MP,state,,187.6,4835,4835,4,Asia/Kolkata,FALSE,1356532217
Godavarru,Godavarru,,16.4194,80.7573,India,IN,IND,Andhra Pradesh,Andhra Pradesh,IN-AP,state,,634.7,4835,4835,3,Asia/Kolkata,FALSE,1356016544
Jahri,Jahri,,19.2743,76.6819,India,IN,IND,Mahārāshtra,Maharashtra,IN-MH,state,,539.1,4835,4835,3,Asia/Kolkata,FALSE,1356970367
Kalavapāmula,Kalavapamula,,16.4413,80.8788,India,IN,IND,Andhra Pradesh,Andhra Pradesh,IN-AP,state,,1085.3,4835,4835,3,Asia/Kolkata,FALSE,1356066008
Maragaudanahalli,Maragaudanahalli,,12.6513,76.9439,India,IN,IND,Karnātaka,Karnataka,IN-KA,state,,594.5,4835,4835,3,Asia/Kolkata,FALSE,1356755902
Sāhja,Sahja,,25.4722,87.6780,India,IN,IND,Bihār,Bihar,IN-BR,state,,1311.1,4835,4835,3,Asia/Kolkata,FALSE,1356458057
Garmunda,Garmunda,,21.5246,83.9507,India,IN,IND,Odisha,Odisha,IN-OR,state,,468.9,4835,4835,3,Asia/Kolkata,FALSE,1356569569
Bhadath,Bhadath,Bharat,24.3551,72.1681,India,IN,IND,Gujarāt,Gujarat,IN-GJ,state,,544.9,4835,4835,3,Asia/Kolkata,FALSE,1356119156
Dabhra,Dabhra,,26.1024,87.6596,India,IN,IND,Bihār,Bihar,IN-BR,state,,1138.6,4833,4833,3,Asia/Kolkata,FALSE,1356046781
Rāibarwa,Raibarwa,,27.0025,84.5135,India,IN,IND,Bihār,Bihar,IN-BR,state,,1548.8,4833,4833,3,Asia/Kolkata,FALSE,1356152611
Sonbarsa,Sonbarsa,,25.8598,84.5840,India,IN,IND,Bihār,Bihar,IN-BR,state,,1671.3,4833,4833,3,Asia/Kolkata,TRUE,1356655832
Jagadispur,Jagadispur,,22.1426,88.7095,India,IN,IND,West Bengal,West Bengal,IN-WB,state,,911.8,4833,4833,3,Asia/Kolkata,TRUE,1356039418
Kosali,Kosali,,18.8219,83.8784,India,IN,IND,Odisha,Odisha,IN-OR,state,,213.8,4833,4833,3,Asia/Kolkata,FALSE,1356490632
Ūrālippatti,Uralippatti,,10.1996,78.2589,India,IN,IND,Tamil Nādu,Tamil Nadu,IN-TN,state,,325.6,4833,4833,3,Asia/Kolkata,FALSE,1356214489
Bannikallu,Bannikallu,,15.0771,76.0605,India,IN,IND,Karnātaka,Karnataka,IN-KA,state,,236.3,4833,4833,3,Asia/Kolkata,FALSE,1356122032
Cholavāndipuram,Cholavandipuram,,11.8684,79.1228,India,IN,IND,Tamil Nādu,Tamil Nadu,IN-TN,state,,704.2,4832,4832,3,Asia/Kolkata,FALSE,1356211971
Sonna,Sonna,,15.0193,76.1081,India,IN,IND,Karnātaka,Karnataka,IN-KA,state,,236.3,4832,4832,3,Asia/Kolkata,FALSE,1356073574
Kharsāri,Kharsari,,24.9774,86.1327,India,IN,IND,Bihār,Bihar,IN-BR,state,,956.5,4832,4832,3,Asia/Kolkata,FALSE,1356297867
Korhaili,Korhaili,,26.2615,87.5466,India,IN,IND,Bihār,Bihar,IN-BR,state,,1062.6,4832,4832,3,Asia/Kolkata,TRUE,1356893320
Rewāri,Rewari,,25.8360,84.6814,India,IN,IND,Bihār,Bihar,IN-BR,state,,1505.7,4832,4832,3,Asia/Kolkata,FALSE,1356421572
Qutbpur,Qutbpur,,25.5070,86.4488,India,IN,IND,Bihār,Bihar,IN-BR,state,,1695.8,4832,4832,3,Asia/Kolkata,FALSE,1356831224
Hivra,Hivra,,16.9803,74.8599,India,IN,IND,Mahārāshtra,Maharashtra,IN-MH,state,,203.2,4832,4832,3,Asia/Kolkata,TRUE,1356141091
Basantpur,Basantpur,,25.6408,84.5919,India,IN,IND,Bihār,Bihar,IN-BR,state,,916.0,4831,4831,3,Asia/Kolkata,TRUE,1356272323
Nādigūdem,Nadigudem,,17.2478,79.4712,India,IN,IND,Telangāna,Telangana,IN-TG,state,,488.1,4831,4831,3,Asia/Kolkata,FALSE,1356025353
Mēlmuttukūr,Melmuttukur,,12.9232,78.8623,India,IN,IND,Tamil Nādu,Tamil Nadu,IN-TN,state,,714.5,4831,4831,3,Asia/Kolkata,FALSE,1356085119
Karge,Karge,,23.5043,85.1114,India,IN,IND,Jhārkhand,Jharkhand,IN-JH,state,,433.0,4831,4831,3,Asia/Kolkata,TRUE,1356200778
Ariyakkudi,Ariyakkudi,,10.0425,78.7867,India,IN,IND,Tamil Nādu,Tamil Nadu,IN-TN,state,,559.7,4831,4831,3,Asia/Kolkata,FALSE,1356214112
Būned,Buned,Būnaid,16.8098,77.6695,India,IN,IND,Telangāna,Telangana,IN-TG,state,,377.0,4831,4831,3,Asia/Kolkata,FALSE,1356001292
Talamala,Talamala,,11.6170,77.0158,India,IN,IND,Tamil Nādu,Tamil Nadu,IN-TN,state,,166.3,4829,4829,4,Asia/Kolkata,FALSE,1356251897
Pair,Pair,,24.9014,87.1431,India,IN,IND,Jhārkhand,Jharkhand,IN-JH,state,,1443.3,4829,4829,3,Asia/Kolkata,FALSE,1356270563
Lingampalli,Lingampalli,,17.9395,79.2514,India,IN,IND,Telangāna,Telangana,IN-TG,state,,334.2,4829,4829,3,Asia/Kolkata,TRUE,1356923729
Beltu,Beltu,,23.9008,85.1480,India,IN,IND,Jhārkhand,Jharkhand,IN-JH,state,,272.8,4829,4829,3,Asia/Kolkata,FALSE,1356191090
Karhānsi,Karhansi,,25.5054,83.9715,India,IN,IND,Bihār,Bihar,IN-BR,state,,896.1,4829,4829,3,Asia/Kolkata,FALSE,1356345277
Sorhunshi,Sorhunshi,,12.9473,77.7542,India,IN,IND,Karnātaka,Karnataka,IN-KA,state,,458.5,4829,4829,3,Asia/Kolkata,FALSE,1356670717
Peori,Peori,,30.1773,74.7253,India,IN,IND,Punjab,Punjab,IN-PB,state,,322.5,4829,4829,3,Asia/Kolkata,FALSE,1356650852
Sembagampettai,Sembagampettai,,10.1743,78.6244,India,IN,IND,Tamil Nādu,Tamil Nadu,IN-TN,state,,366.7,4829,4829,3,Asia/Kolkata,FALSE,1356175677
Talamalai,Talamalai,,11.6176,77.0060,India,IN,IND,Tamil Nādu,Tamil Nadu,IN-TN,state,,166.3,4829,4829,4,Asia/Kolkata,FALSE,1356883276
Hongadde,Hongadde,,14.4530,74.3820,India,IN,IND,Karnātaka,Karnataka,IN-KA,state,,325.5,4829,4829,3,Asia/Kolkata,FALSE,1356254404
Narasāmbudhi,Narasambudhi,,13.8070,77.0463,India,IN,IND,Andhra Pradesh,Andhra Pradesh,IN-AP,state,,361.5,4828,4828,3,Asia/Kolkata,FALSE,1356708755
Annamrājupeta,Annamrajupeta,,18.0171,83.3102,India,IN,IND,Andhra Pradesh,Andhra Pradesh,IN-AP,state,,2045.3,4828,4828,2,Asia/Kolkata,FALSE,1356424655
Khewa Kalān,Khewa Kalan,,30.1065,75.5716,India,IN,IND,Punjab,Punjab,IN-PB,state,,302.3,4828,4828,3,Asia/Kolkata,FALSE,1356646635
Nanjai Idaiyār,Nanjai Idaiyar,,11.0984,78.0351,India,IN,IND,Tamil Nādu,Tamil Nadu,IN-TN,state,,484.0,4828,4828,3,Asia/Kolkata,FALSE,1356250265
Wāsilpur,Wasilpur,,25.2545,84.6696,India,IN,IND,Bihār,Bihar,IN-BR,state,,1125.7,4828,4828,3,Asia/Kolkata,TRUE,1356731313
Budhrāopet,Budhraopet,,17.8850,79.9581,India,IN,IND,Telangāna,Telangana,IN-TG,state,,228.2,4827,4827,3,Asia/Kolkata,FALSE,1356856239
Khorāsān,Khorasan,,25.6975,86.6793,India,IN,IND,Bihār,Bihar,IN-BR,state,,1420.3,4827,4827,3,Asia/Kolkata,FALSE,1356978374
Hire Bidare,Hire Bidare,,14.6382,75.8078,India,IN,IND,Karnātaka,Karnataka,IN-KA,state,,355.2,4827,4827,3,Asia/Kolkata,FALSE,1356077984
Nehālpur,Nehalpur,Mathiātola,25.1759,84.8419,India,IN,IND,Bihār,Bihar,IN-BR,state,,1234.2,4825,4825,3,Asia/Kolkata,FALSE,1356725772
Vellānūr,Vellanur,,13.1500,80.1000,India,IN,IND,Tamil Nādu,Tamil Nadu,IN-TN,state,,5236.4,4825,4825,2,Asia/Kolkata,FALSE,1356036166
Mankā,Manka,,24.6552,84.4988,India,IN,IND,Bihār,Bihar,IN-BR,state,,619.4,4825,4825,3,Asia/Kolkata,TRUE,1356246050
Jaitīpur,Jaitipur,,26.0407,86.1811,India,IN,IND,Bihār,Bihar,IN-BR,state,,1340.6,4825,4825,3,Asia/Kolkata,TRUE,1356550195
Sengal,Sengal,,10.8687,78.2495,India,IN,IND,Tamil Nādu,Tamil Nadu,IN-TN,state,,330.0,4825,4825,3,Asia/Kolkata,FALSE,1356216445
Bodakonda,Bodakonda,,17.0667,78.7833,India,IN,IND,Telangāna,Telangana,IN-TG,state,,220.1,4825,4825,3,Asia/Kolkata,FALSE,1356381212
Nallampatti,Nallampatti,,11.3429,77.5372,India,IN,IND,Tamil Nādu,Tamil Nadu,IN-TN,state,,376.7,4825,4825,3,Asia/Kolkata,TRUE,1356169079
Billagunta,Billagunta,,16.9167,81.8333,India,IN,IND,Andhra Pradesh,Andhra Pradesh,IN-AP,state,,881.6,4824,4824,3,Asia/Kolkata,FALSE,1356057580
Pategna,Pategna,,26.2526,87.4603,India,IN,IND,Bihār,Bihar,IN-BR,state,,1681.6,4824,4824,3,Asia/Kolkata,FALSE,1356174272
Singrahalli,Singrahalli,,14.5812,75.9265,India,IN,IND,Karnātaka,Karnataka,IN-KA,state,,228.1,4824,4824,3,Asia/Kolkata,FALSE,1356038006
Kumbra,Kumbra,,30.6891,76.7251,India,IN,IND,Punjab,Punjab,IN-PB,state,,7332.8,4824,4824,2,Asia/Kolkata,FALSE,1356044461
Yeliminedu,Yeliminedu,,17.1446,78.5939,India,IN,IND,Telangāna,Telangana,IN-TG,state,,390.8,4824,4824,3,Asia/Kolkata,FALSE,1356070532
Marukia,Marukia,,26.5099,86.2298,India,IN,IND,Bihār,Bihar,IN-BR,state,,1116.4,4824,4824,3,Asia/Kolkata,FALSE,1356391555
Chegal,Chegal,Shakanti,18.7077,78.3815,India,IN,IND,Telangāna,Telangana,IN-TG,state,,311.3,4824,4824,3,Asia/Kolkata,FALSE,1356759987
Nandarājatheta,Nandarajatheta,,16.0044,80.7244,India,IN,IND,Andhra Pradesh,Andhra Pradesh,IN-AP,state,,503.0,4824,4824,3,Asia/Kolkata,FALSE,1356161567
Maināhi,Mainahi,,26.2452,86.5074,India,IN,IND,Bihār,Bihar,IN-BR,state,,1768.6,4823,4823,3,Asia/Kolkata,FALSE,1356259914
Gagriān,Gagrian,,33.8893,74.2915,India,IN,IND,Jammu and Kashmīr,Jammu and Kashmir,IN-JK,state,,444.4,4823,4823,3,Asia/Kolkata,FALSE,1356912188
Rāvulapenta,Ravulapenta,,17.0186,79.5794,India,IN,IND,Telangāna,Telangana,IN-TG,state,,237.0,4823,4823,3,Asia/Kolkata,FALSE,1356913966
Asāti Khās,Asati Khas,,25.3873,78.8497,India,IN,IND,Madhya Pradesh,Madhya Pradesh,IN-MP,state,,314.3,4823,4823,3,Asia/Kolkata,FALSE,1356489220
Gorakhpur,Gorakhpur,,25.6103,87.8865,India,IN,IND,Bihār,Bihar,IN-BR,state,,1557.5,4823,4823,3,Asia/Kolkata,FALSE,1356008651
Rāmratanpur,Ramratanpur,,21.9176,88.2189,India,IN,IND,West Bengal,West Bengal,IN-WB,state,,844.9,4821,4821,3,Asia/Kolkata,FALSE,1356890458
Kosla,Kosla,,24.9011,85.4419,India,IN,IND,Bihār,Bihar,IN-BR,state,,1389.9,4821,4821,3,Asia/Kolkata,FALSE,1356368180
Kora,Kora,,25.6202,87.4064,India,IN,IND,Bihār,Bihar,IN-BR,state,,1116.3,4821,4821,3,Asia/Kolkata,TRUE,1356129946
Sondiha,Sondiha,,25.5955,87.0845,India,IN,IND,Bihār,Bihar,IN-BR,state,,1210.9,4820,4820,3,Asia/Kolkata,TRUE,1356847904
Revalli,Revalli,,16.3726,78.2652,India,IN,IND,Telangāna,Telangana,IN-TG,state,,269.6,4820,4820,3,Asia/Kolkata,FALSE,1356006414
Navalehālu,Navalehalu,,14.2174,75.9062,India,IN,IND,Karnātaka,Karnataka,IN-KA,state,,268.4,4820,4820,3,Asia/Kolkata,FALSE,1356318298
Pasunūr,Pasunur,,16.8292,78.9324,India,IN,IND,Telangāna,Telangana,IN-TG,state,,164.1,4820,4820,4,Asia/Kolkata,FALSE,1356132868
Gummanampādu,Gummanampadu,,16.3093,79.6700,India,IN,IND,Andhra Pradesh,Andhra Pradesh,IN-AP,state,,110.4,4820,4820,4,Asia/Kolkata,FALSE,1356095374
Kanamanūr,Kanamanur,Kunamanūr,16.4822,77.8997,India,IN,IND,Telangāna,Telangana,IN-TG,state,,207.8,4820,4820,3,Asia/Kolkata,FALSE,1356157402
Lāwan,Lawan,Sitārām,26.5216,78.4504,India,IN,IND,Madhya Pradesh,Madhya Pradesh,IN-MP,state,,410.6,4819,4819,3,Asia/Kolkata,TRUE,1356952783
Simra,Simra,,25.5343,85.1058,India,IN,IND,Bihār,Bihar,IN-BR,state,,3386.0,4819,4819,2,Asia/Kolkata,TRUE,1356572247
Talārlapalle,Talarlapalle,,15.9719,79.7767,India,IN,IND,Andhra Pradesh,Andhra Pradesh,IN-AP,state,,165.9,4819,4819,4,Asia/Kolkata,FALSE,1356043096
Belāhi,Belahi,,26.2732,86.1292,India,IN,IND,Bihār,Bihar,IN-BR,state,,3131.9,4819,4819,2,Asia/Kolkata,FALSE,1356512853
Guirdolim,Guirdolim,,15.2833,74.0500,India,IN,IND,Goa,Goa,IN-GA,state,,1014.6,4819,4819,3,Asia/Kolkata,FALSE,1356016130
Kīlnagar,Kilnagar,,12.6994,79.2049,India,IN,IND,Tamil Nādu,Tamil Nadu,IN-TN,state,,906.0,4818,4818,3,Asia/Kolkata,FALSE,1356286408
Sailāda,Sailada,,18.3333,84.0500,India,IN,IND,Andhra Pradesh,Andhra Pradesh,IN-AP,state,,428.0,4816,4816,3,Asia/Kolkata,FALSE,1356586966
Sudin,Sudin,,25.1826,87.3478,India,IN,IND,Jhārkhand,Jharkhand,IN-JH,state,,1686.2,4816,4816,3,Asia/Kolkata,FALSE,1356074125
Dumri,Dumri,,25.2720,83.5446,India,IN,IND,Bihār,Bihar,IN-BR,state,,805.1,4816,4816,3,Asia/Kolkata,TRUE,1356117243
Nīrmullikkuttai,Nirmullikkuttai,,11.7115,78.3538,India,IN,IND,Tamil Nādu,Tamil Nadu,IN-TN,state,,552.9,4816,4816,3,Asia/Kolkata,FALSE,1356225090
Srīrāmpuram,Srirampuram,,17.3160,82.5754,India,IN,IND,Andhra Pradesh,Andhra Pradesh,IN-AP,state,,1214.8,4816,4816,3,Asia/Kolkata,FALSE,1356947475
Pānchādumar,Panchadumar,,24.5072,83.5575,India,IN,IND,Jhārkhand,Jharkhand,IN-JH,state,,352.4,4816,4816,3,Asia/Kolkata,FALSE,1356758991
Kochcherlakota,Kochcherlakota,,15.8396,79.3401,India,IN,IND,Andhra Pradesh,Andhra Pradesh,IN-AP,state,,160.0,4816,4816,4,Asia/Kolkata,FALSE,1356847181
Lachhmīpur,Lachhmipur,,26.6259,84.8737,India,IN,IND,Bihār,Bihar,IN-BR,state,,1150.4,4816,4816,3,Asia/Kolkata,TRUE,1356310960
Avalūr,Avalur,,12.7834,79.8001,India,IN,IND,Tamil Nādu,Tamil Nadu,IN-TN,state,,1102.6,4816,4816,3,Asia/Kolkata,TRUE,1356576932
Sahuria,Sahuria,,25.8436,86.7037,India,IN,IND,Bihār,Bihar,IN-BR,state,,1117.1,4815,4815,3,Asia/Kolkata,TRUE,1356142187
Khaira Āzam,Khaira Azam,,26.3043,84.7201,India,IN,IND,Bihār,Bihar,IN-BR,state,,1103.5,4815,4815,3,Asia/Kolkata,FALSE,1356861702
Pūdiparti,Pudiparti,,14.2253,79.9908,India,IN,IND,Andhra Pradesh,Andhra Pradesh,IN-AP,state,,193.8,4815,4815,4,Asia/Kolkata,FALSE,1356281395
Tandalam,Tandalam,,12.7084,80.1917,India,IN,IND,Tamil Nādu,Tamil Nadu,IN-TN,state,,986.8,4815,4815,3,Asia/Kolkata,TRUE,1356886059
Danka,Danka,,25.9797,86.3805,India,IN,IND,Bihār,Bihar,IN-BR,state,,1189.0,4815,4815,3,Asia/Kolkata,FALSE,1356258351
Shafiābād,Shafiabad,,26.2504,84.7132,India,IN,IND,Bihār,Bihar,IN-BR,state,,1048.4,4815,4815,3,Asia/Kolkata,FALSE,1356538448
Jaitpur,Jaitpur,,25.3234,85.3441,India,IN,IND,Bihār,Bihar,IN-BR,state,,1518.4,4815,4815,3,Asia/Kolkata,TRUE,1356049456
Dompalpalli,Dompalpalli,,18.1627,78.6935,India,IN,IND,Telangāna,Telangana,IN-TG,state,,316.1,4815,4815,3,Asia/Kolkata,FALSE,1356428904
Sātkodaria,Satkodaria,,25.7196,87.4138,India,IN,IND,Bihār,Bihar,IN-BR,state,,994.6,4814,4814,3,Asia/Kolkata,TRUE,1356112745
Tūtipāla,Tutipala,,17.6920,82.7304,India,IN,IND,Andhra Pradesh,Andhra Pradesh,IN-AP,state,,379.1,4814,4814,3,Asia/Kolkata,FALSE,1356181819
Muttampatti,Muttampatti,,11.6571,78.3740,India,IN,IND,Tamil Nādu,Tamil Nadu,IN-TN,state,,552.9,4814,4814,3,Asia/Kolkata,TRUE,1356224171
Paraswāra,Paraswara,,22.1786,80.3040,India,IN,IND,Madhya Pradesh,Madhya Pradesh,IN-MP,state,,152.8,4814,4814,4,Asia/Kolkata,TRUE,1356971391
Karāi,Karai,,25.4306,85.0107,India,IN,IND,Bihār,Bihar,IN-BR,state,,1454.5,4814,4814,3,Asia/Kolkata,FALSE,1356904262
Bellāre Kasbā,Bellare Kasba,Bellāre,12.6667,75.3667,India,IN,IND,Karnātaka,Karnataka,IN-KA,state,,198.1,4814,4814,3,Asia/Kolkata,FALSE,1356353841
Tottākudi,Tottakudi,,8.5984,77.7039,India,IN,IND,Tamil Nādu,Tamil Nadu,IN-TN,state,,282.8,4814,4814,3,Asia/Kolkata,FALSE,1356201496
Kāpsi,Kapsi,,22.2295,74.7860,India,IN,IND,Madhya Pradesh,Madhya Pradesh,IN-MP,state,,282.0,4814,4814,3,Asia/Kolkata,FALSE,1356058919
Pararia,Pararia,,23.8712,78.9636,India,IN,IND,Madhya Pradesh,Madhya Pradesh,IN-MP,state,,438.7,4814,4814,3,Asia/Kolkata,TRUE,1356127545
Madāna,Madana,,23.4845,76.4816,India,IN,IND,Madhya Pradesh,Madhya Pradesh,IN-MP,state,,197.5,4814,4814,4,Asia/Kolkata,TRUE,1356147219
Harisandra,Harisandra,,12.7866,77.3046,India,IN,IND,Karnātaka,Karnataka,IN-KA,state,,467.8,4814,4814,3,Asia/Kolkata,TRUE,1356187943
Singhīmāri,Singhimari,,26.4345,87.8032,India,IN,IND,Bihār,Bihar,IN-BR,state,,1144.3,4812,4812,3,Asia/Kolkata,FALSE,1356434866
Nandibevūru,Nandibevuru,,14.9072,76.0511,India,IN,IND,Karnātaka,Karnataka,IN-KA,state,,228.1,4812,4812,3,Asia/Kolkata,FALSE,1356067580
Kūgaiyūr,Kugaiyur,,11.5267,78.8566,India,IN,IND,Tamil Nādu,Tamil Nadu,IN-TN,state,,480.3,4812,4812,3,Asia/Kolkata,FALSE,1356248118
Bandimoha,Bandimoha,,24.5160,80.8066,India,IN,IND,Madhya Pradesh,Madhya Pradesh,IN-MP,state,,281.9,4811,4811,3,Asia/Kolkata,FALSE,1356752157
Kolattūru,Kolatturu,,13.3303,78.6971,India,IN,IND,Andhra Pradesh,Andhra Pradesh,IN-AP,state,,324.7,4811,4811,3,Asia/Kolkata,FALSE,1356040563
Darlipāli,Darlipali,,21.9673,83.9137,India,IN,IND,Odisha,Odisha,IN-OR,state,,205.6,4811,4811,3,Asia/Kolkata,TRUE,1356449207
Nawādīh,Nawadih,,23.4733,85.7812,India,IN,IND,Jhārkhand,Jharkhand,IN-JH,state,,425.2,4811,4811,3,Asia/Kolkata,TRUE,1356184468
Sunnampalle,Sunnampalle,,13.9893,77.9760,India,IN,IND,Andhra Pradesh,Andhra Pradesh,IN-AP,state,,216.4,4811,4811,3,Asia/Kolkata,FALSE,1356616404
Bānskota,Banskota,,25.6122,87.9604,India,IN,IND,Bihār,Bihar,IN-BR,state,,1260.2,4811,4811,3,Asia/Kolkata,FALSE,1356920176
Nanauri,Nanauri,,25.4064,85.2117,India,IN,IND,Bihār,Bihar,IN-BR,state,,1572.8,4811,4811,3,Asia/Kolkata,TRUE,1356137009
Kaulāpur,Kaulapur,,26.8940,84.3140,India,IN,IND,Bihār,Bihar,IN-BR,state,,1676.1,4811,4811,3,Asia/Kolkata,FALSE,1356328220
Valaiyapettai,Valaiyapettai,,10.9667,79.3500,India,IN,IND,Tamil Nādu,Tamil Nadu,IN-TN,state,,1722.9,4810,4810,3,Asia/Kolkata,FALSE,1356172296
Sūrewāla,Surewala,,30.4499,74.7035,India,IN,IND,Punjab,Punjab,IN-PB,state,,616.1,4810,4810,3,Asia/Kolkata,FALSE,1356941334
Anbi,Anbi,,16.8534,76.8999,India,IN,IND,Karnātaka,Karnataka,IN-KA,state,,247.2,4810,4810,3,Asia/Kolkata,FALSE,1356250213
Mullukurichchi,Mullukurichchi,,11.4470,78.4015,India,IN,IND,Tamil Nādu,Tamil Nadu,IN-TN,state,,454.7,4810,4810,3,Asia/Kolkata,FALSE,1356257468
Kachantola,Kachantola,,26.1256,87.8211,India,IN,IND,Bihār,Bihar,IN-BR,state,,1224.5,4809,4809,3,Asia/Kolkata,FALSE,1356014847
Saripalle,Saripalle,,17.8406,83.2019,India,IN,IND,Andhra Pradesh,Andhra Pradesh,IN-AP,state,,364.8,4808,4808,3,Asia/Kolkata,TRUE,1356047197
Tuvār,Tuvar,,10.4534,79.0555,India,IN,IND,Tamil Nādu,Tamil Nadu,IN-TN,state,,321.7,4808,4808,3,Asia/Kolkata,TRUE,1356230340
Mimsa,Mimsa,,30.3962,75.9595,India,IN,IND,Punjab,Punjab,IN-PB,state,,536.1,4808,4808,3,Asia/Kolkata,FALSE,1356097038
Masān Thāna,Masan Thana,,26.5154,84.4519,India,IN,IND,Bihār,Bihar,IN-BR,state,,814.1,4807,4807,3,Asia/Kolkata,FALSE,1356964372
Lorha,Lorha,,23.5716,80.7742,India,IN,IND,Madhya Pradesh,Madhya Pradesh,IN-MP,state,,177.7,4807,4807,4,Asia/Kolkata,FALSE,1356038744
Kadpal,Kadpal,Karpal,18.1292,77.7628,India,IN,IND,Telangāna,Telangana,IN-TG,state,,273.9,4807,4807,3,Asia/Kolkata,FALSE,1356135972
Vakkaleri,Vakkaleri,,13.0709,78.0373,India,IN,IND,Karnātaka,Karnataka,IN-KA,state,,498.0,4807,4807,3,Asia/Kolkata,FALSE,1356457605
Pipat,Pipat,,24.6959,79.4666,India,IN,IND,Madhya Pradesh,Madhya Pradesh,IN-MP,state,,379.8,4807,4807,3,Asia/Kolkata,FALSE,1356817865
Kodavatkallu,Kodavatkallu,,16.6433,80.1945,India,IN,IND,Andhra Pradesh,Andhra Pradesh,IN-AP,state,,205.8,4806,4806,3,Asia/Kolkata,FALSE,1356143179
Chippigiri,Chippigiri,,15.2333,77.3167,India,IN,IND,Andhra Pradesh,Andhra Pradesh,IN-AP,state,,86.5,4805,4805,3,Asia/Kolkata,FALSE,1356592519
Ghasiāra,Ghasiara,,22.4026,88.4707,India,IN,IND,West Bengal,West Bengal,IN-WB,state,,2464.1,4805,4805,2,Asia/Kolkata,FALSE,1356090590
Sahārwa,Saharwa,Shahārwa,28.9243,75.7397,India,IN,IND,Haryāna,Haryana,IN-HR,state,,529.9,4804,4804,3,Asia/Kolkata,FALSE,1356696377
Ajjanahalli,Ajjanahalli,,12.0297,77.9901,India,IN,IND,Tamil Nādu,Tamil Nadu,IN-TN,state,,244.3,4804,4804,3,Asia/Kolkata,FALSE,1356102591
Padmaul,Padmaul,,25.9496,85.3667,India,IN,IND,Bihār,Bihar,IN-BR,state,,1975.8,4804,4804,3,Asia/Kolkata,TRUE,1356926268
Manchināyakkanhalli,Manchinayakkanhalli,,12.0957,77.9518,India,IN,IND,Tamil Nādu,Tamil Nadu,IN-TN,state,,244.3,4804,4804,3,Asia/Kolkata,FALSE,1356109797
Bālurgi,Balurgi,,17.2985,76.3745,India,IN,IND,Karnātaka,Karnataka,IN-KA,state,,184.7,4804,4804,4,Asia/Kolkata,FALSE,1356446024
Pothihi,Pothihi,,25.4404,85.0839,India,IN,IND,Bihār,Bihar,IN-BR,state,,1082.6,4804,4804,3,Asia/Kolkata,FALSE,1356012519
Āyalpatti,Ayalpatti,,11.5424,78.3482,India,IN,IND,Tamil Nādu,Tamil Nadu,IN-TN,state,,548.1,4804,4804,3,Asia/Kolkata,FALSE,1356227849
Rāllapādi,Rallapadi,,13.3280,80.0695,India,IN,IND,Tamil Nādu,Tamil Nadu,IN-TN,state,,577.1,4803,4803,3,Asia/Kolkata,FALSE,1356464489
Pidikiryāl,Pidikiryal,Kisannagar,17.0517,78.1644,India,IN,IND,Telangāna,Telangana,IN-TG,state,,437.0,4803,4803,3,Asia/Kolkata,FALSE,1356316065
Bhāosinghpur,Bhaosinghpur,,25.5585,85.7406,India,IN,IND,Bihār,Bihar,IN-BR,state,,1905.5,4803,4803,3,Asia/Kolkata,FALSE,1356640215
Ariyaperumānūr,Ariyaperumanur,,11.7819,78.9490,India,IN,IND,Tamil Nādu,Tamil Nadu,IN-TN,state,,348.6,4803,4803,3,Asia/Kolkata,FALSE,1356247315
Arār,Arar,,25.1213,87.2573,India,IN,IND,Bihār,Bihar,IN-BR,state,,1403.4,4803,4803,3,Asia/Kolkata,FALSE,1356303907
Erraguntapalle,Erraguntapalle,,17.1434,81.0097,India,IN,IND,Andhra Pradesh,Andhra Pradesh,IN-AP,state,,238.3,4803,4803,3,Asia/Kolkata,TRUE,1356439365
Mannūr,Mannur,,19.4844,78.4985,India,IN,IND,Telangāna,Telangana,IN-TG,state,,200.1,4803,4803,3,Asia/Kolkata,FALSE,1356128484
Rasūlpur Dharāha,Rasulpur Dharaha,,25.7713,86.0448,India,IN,IND,Bihār,Bihar,IN-BR,state,,1897.1,4802,4802,3,Asia/Kolkata,FALSE,1356001957
Meghpur,Meghpur,,26.5954,85.7604,India,IN,IND,Bihār,Bihar,IN-BR,state,,1577.2,4802,4802,3,Asia/Kolkata,TRUE,1356583831
Champawat,Champawat,,29.3300,80.1000,India,IN,IND,Uttarākhand,Uttarakhand,IN-UT,state,,99.4,4801,4801,4,Asia/Kolkata,FALSE,1356028932
Gāngda,Gangda,,24.3959,87.7959,India,IN,IND,West Bengal,West Bengal,IN-WB,state,,1237.1,4801,4801,3,Asia/Kolkata,FALSE,1356719943
Merhkuri,Merhkuri,,24.7414,85.3871,India,IN,IND,Bihār,Bihar,IN-BR,state,,572.9,4800,4800,3,Asia/Kolkata,FALSE,1356007554
Keorākhāli,Keorakhali,,22.2522,88.7619,India,IN,IND,West Bengal,West Bengal,IN-WB,state,,911.8,4800,4800,3,Asia/Kolkata,FALSE,1356022398
Chinna Tekūru,Chinna Tekuru,,15.7148,77.9947,India,IN,IND,Andhra Pradesh,Andhra Pradesh,IN-AP,state,,679.2,4800,4800,3,Asia/Kolkata,FALSE,1356315195
Babhangānwa,Babhanganwa,,25.7983,86.9019,India,IN,IND,Bihār,Bihar,IN-BR,state,,793.9,4800,4800,3,Asia/Kolkata,TRUE,1356075010
Bhawānīpur,Bhawanipur,,26.4027,87.0863,India,IN,IND,Bihār,Bihar,IN-BR,state,,1067.2,4799,4799,3,Asia/Kolkata,TRUE,1356988562
Rāmtoriya,Ramtoriya,,24.4050,79.0202,India,IN,IND,Madhya Pradesh,Madhya Pradesh,IN-MP,state,,283.6,4799,4799,3,Asia/Kolkata,FALSE,1356235991
Nadukūru,Nadukuru,,18.6912,83.5974,India,IN,IND,Andhra Pradesh,Andhra Pradesh,IN-AP,state,,574.8,4799,4799,3,Asia/Kolkata,FALSE,1356838598
Pannaippatti,Pannaippatti,,10.7870,78.2360,India,IN,IND,Tamil Nādu,Tamil Nadu,IN-TN,state,,292.8,4799,4799,3,Asia/Kolkata,TRUE,1356217151
Gillān Kalān,Gillan Kalan,,30.2725,75.2768,India,IN,IND,Punjab,Punjab,IN-PB,state,,376.2,4799,4799,3,Asia/Kolkata,FALSE,1356690245
Biri Ranpāl,Biri Ranpal,,25.6862,86.9868,India,IN,IND,Bihār,Bihar,IN-BR,state,,1084.9,4799,4799,3,Asia/Kolkata,FALSE,1356278653
Nagwān,Nagwan,,24.7185,85.3160,India,IN,IND,Bihār,Bihar,IN-BR,state,,572.9,4799,4799,3,Asia/Kolkata,TRUE,1356344673
Bāzārdhāna,Bazardhana,Bhīmpur,21.9241,77.5531,India,IN,IND,Madhya Pradesh,Madhya Pradesh,IN-MP,state,,129.5,4799,4799,4,Asia/Kolkata,FALSE,1356072349
Shirvād,Shirvad,,14.8196,74.1715,India,IN,IND,Karnātaka,Karnataka,IN-KA,state,,349.6,4799,4799,3,Asia/Kolkata,FALSE,1356011364
Kesarra,Kesarra,,26.1625,87.6856,India,IN,IND,Bihār,Bihar,IN-BR,state,,1224.5,4798,4798,3,Asia/Kolkata,FALSE,1356517845
Bhāghor,Bhaghor,,24.5559,82.3067,India,IN,IND,Madhya Pradesh,Madhya Pradesh,IN-MP,state,,516.7,4798,4798,3,Asia/Kolkata,FALSE,1356058786
Adukkampatti,Adukkampatti,,11.2199,78.3396,India,IN,IND,Tamil Nādu,Tamil Nadu,IN-TN,state,,480.2,4798,4798,3,Asia/Kolkata,FALSE,1356231705
Khandāle,Khandale,,19.7239,74.4203,India,IN,IND,Mahārāshtra,Maharashtra,IN-MH,state,,543.1,4798,4798,3,Asia/Kolkata,FALSE,1356012550
Kūnavaram,Kunavaram,Kunavaram,17.5833,81.2667,India,IN,IND,Telangāna,Telangana,IN-TG,state,,139.1,4798,4798,3,Asia/Kolkata,TRUE,1356254422
Sīwal,Siwal,,21.4765,76.4458,India,IN,IND,Madhya Pradesh,Madhya Pradesh,IN-MP,state,,191.4,4798,4798,4,Asia/Kolkata,FALSE,1356355280
Dumduma,Dumduma,,25.9023,84.5922,India,IN,IND,Bihār,Bihar,IN-BR,state,,1671.3,4798,4798,3,Asia/Kolkata,TRUE,1356353515
Sūdepalle,Sudepalle,,15.4893,77.9276,India,IN,IND,Andhra Pradesh,Andhra Pradesh,IN-AP,state,,205.4,4796,4796,3,Asia/Kolkata,FALSE,1356423187
Heggūr,Heggur,,12.3702,76.9277,India,IN,IND,Karnātaka,Karnataka,IN-KA,state,,236.6,4796,4796,3,Asia/Kolkata,FALSE,1356152115
Chepūr,Chepur,,16.8399,79.1442,India,IN,IND,Telangāna,Telangana,IN-TG,state,,155.1,4795,4795,4,Asia/Kolkata,TRUE,1356122842
Pippallakottapalle,Pippallakottapalle,,17.5107,82.5838,India,IN,IND,Andhra Pradesh,Andhra Pradesh,IN-AP,state,,290.6,4795,4795,3,Asia/Kolkata,FALSE,1356374482
Rasūlpur,Rasulpur,,25.9258,84.8774,India,IN,IND,Bihār,Bihar,IN-BR,state,,2405.8,4795,4795,2,Asia/Kolkata,TRUE,1356184873
Vangudi,Vangudi,,11.2833,79.4667,India,IN,IND,Tamil Nādu,Tamil Nadu,IN-TN,state,,403.0,4795,4795,3,Asia/Kolkata,FALSE,1356171661
Pakauli,Pakauli,,25.9530,85.2885,India,IN,IND,Bihār,Bihar,IN-BR,state,,1900.6,4795,4795,3,Asia/Kolkata,TRUE,1356900015
Sevindippatti,Sevindippatti,Sevindipatti,11.0319,78.3344,India,IN,IND,Tamil Nādu,Tamil Nadu,IN-TN,state,,480.2,4795,4795,3,Asia/Kolkata,FALSE,1356125421
Tinnakkonam,Tinnakkonam,,10.9645,78.5259,India,IN,IND,Tamil Nādu,Tamil Nadu,IN-TN,state,,405.6,4795,4795,3,Asia/Kolkata,FALSE,1356217961
Pallārguda,Pallarguda,,17.9212,79.7392,India,IN,IND,Telangāna,Telangana,IN-TG,state,,370.8,4794,4794,3,Asia/Kolkata,FALSE,1356324289
Hiresobati,Hiresobati,,15.0987,76.1670,India,IN,IND,Karnātaka,Karnataka,IN-KA,state,,236.3,4794,4794,3,Asia/Kolkata,FALSE,1356047025
Gopālpur,Gopalpur,Gopapur,24.8333,87.8000,India,IN,IND,Jhārkhand,Jharkhand,IN-JH,state,,1267.1,4794,4794,3,Asia/Kolkata,TRUE,1356041172
Saron,Saron,,30.3178,75.8934,India,IN,IND,Punjab,Punjab,IN-PB,state,,444.1,4794,4794,3,Asia/Kolkata,FALSE,1356653058
Uppalapādu,Uppalapadu,,16.1937,80.0323,India,IN,IND,Andhra Pradesh,Andhra Pradesh,IN-AP,state,,1025.0,4794,4794,3,Asia/Kolkata,FALSE,1356400362
Gotūr,Gotur,,16.6803,77.7626,India,IN,IND,Telangāna,Telangana,IN-TG,state,,340.2,4794,4794,3,Asia/Kolkata,FALSE,1356697713
Kodikkurichi,Kodikkurichi,,9.0112,77.3060,India,IN,IND,Tamil Nādu,Tamil Nadu,IN-TN,state,,798.3,4794,4794,3,Asia/Kolkata,FALSE,1356212253
Malghān,Malghan,,17.0145,76.2906,India,IN,IND,Karnātaka,Karnataka,IN-KA,state,,228.8,4792,4792,3,Asia/Kolkata,FALSE,1356815563
Darsi Agrahāram,Darsi Agraharam,,15.9428,80.0765,India,IN,IND,Andhra Pradesh,Andhra Pradesh,IN-AP,state,,490.4,4792,4792,3,Asia/Kolkata,FALSE,1356967050
Injikkollāi,Injikkollai,,10.8714,79.4567,India,IN,IND,Tamil Nādu,Tamil Nadu,IN-TN,state,,373.4,4792,4792,3,Asia/Kolkata,TRUE,1356173789
Kalkeri,Kalkeri,,15.1618,75.8350,India,IN,IND,Karnātaka,Karnataka,IN-KA,state,,153.9,4792,4792,4,Asia/Kolkata,TRUE,1356115747
Arlihalli,Arlihalli,,14.0657,75.7939,India,IN,IND,Karnātaka,Karnataka,IN-KA,state,,471.2,4792,4792,3,Asia/Kolkata,FALSE,1356636792
Kandhil,Kandhil,,24.9380,84.9752,India,IN,IND,Bihār,Bihar,IN-BR,state,,1576.4,4792,4792,3,Asia/Kolkata,FALSE,1356181800
Dummi,Dummi,,14.0279,76.0663,India,IN,IND,Karnātaka,Karnataka,IN-KA,state,,193.9,4791,4791,4,Asia/Kolkata,FALSE,1356735520
Jauriān,Jaurian,,32.8325,74.5761,India,IN,IND,Jammu and Kashmīr,Jammu and Kashmir,IN-JK,state,,344.3,4791,4791,3,Asia/Kolkata,FALSE,1356199289
Sanagapādu,Sanagapadu,,16.8183,80.2880,India,IN,IND,Andhra Pradesh,Andhra Pradesh,IN-AP,state,,361.6,4791,4791,3,Asia/Kolkata,FALSE,1356080125
Padangadi,Padangadi,,12.9893,75.2179,India,IN,IND,Karnātaka,Karnataka,IN-KA,state,,221.8,4791,4791,3,Asia/Kolkata,FALSE,1356398221
Dindal,Dindal,,12.2886,78.2385,India,IN,IND,Tamil Nādu,Tamil Nadu,IN-TN,state,,579.0,4790,4790,3,Asia/Kolkata,FALSE,1356986166
Narasāpuram,Narasapuram,,14.9672,77.8896,India,IN,IND,Andhra Pradesh,Andhra Pradesh,IN-AP,state,,155.2,4790,4790,4,Asia/Kolkata,TRUE,1356758841
Makhdūmpur,Makhdumpur,,25.5520,87.3553,India,IN,IND,Bihār,Bihar,IN-BR,state,,921.9,4790,4790,3,Asia/Kolkata,TRUE,1356512343
Valatti,Valatti,,12.3463,79.3756,India,IN,IND,Tamil Nādu,Tamil Nadu,IN-TN,state,,475.1,4790,4790,3,Asia/Kolkata,FALSE,1356081304
Chilekāmpalle,Chilekampalle,,14.2508,78.5292,India,IN,IND,Andhra Pradesh,Andhra Pradesh,IN-AP,state,,75.7,4790,4790,4,Asia/Kolkata,FALSE,1356561650
Kallije,Kallije,,12.8894,74.9934,India,IN,IND,Karnātaka,Karnataka,IN-KA,state,,616.8,4790,4790,3,Asia/Kolkata,FALSE,1356920103
Pottiramangalam,Pottiramangalam,,11.3961,79.1612,India,IN,IND,Tamil Nādu,Tamil Nadu,IN-TN,state,,413.5,4790,4790,3,Asia/Kolkata,FALSE,1356203612
Marātibpur,Maratibpur,,26.3734,87.4350,India,IN,IND,Bihār,Bihar,IN-BR,state,,797.8,4790,4790,3,Asia/Kolkata,FALSE,1356655284
Tankara,Tankara,,16.8198,77.9496,India,IN,IND,Telangāna,Telangana,IN-TG,state,,333.6,4790,4790,3,Asia/Kolkata,FALSE,1356028067
Arigām,Arigam,,33.9303,74.6873,India,IN,IND,Jammu and Kashmīr,Jammu and Kashmir,IN-JK,state,,910.0,4788,4788,3,Asia/Kolkata,FALSE,1356007830
Kanera,Kanera,,26.7349,78.5681,India,IN,IND,Madhya Pradesh,Madhya Pradesh,IN-MP,state,,265.0,4788,4788,3,Asia/Kolkata,TRUE,1356417364
Lasāna,Lasana,,33.7023,74.2188,India,IN,IND,Jammu and Kashmīr,Jammu and Kashmir,IN-JK,state,,198.4,4788,4788,4,Asia/Kolkata,FALSE,1356624754
Kuruvatti,Kuruvatti,,14.7849,75.7017,India,IN,IND,Karnātaka,Karnataka,IN-KA,state,,355.2,4788,4788,3,Asia/Kolkata,FALSE,1356391481
Netra,Netra,,23.4125,69.0542,India,IN,IND,Gujarāt,Gujarat,IN-GJ,state,,89.3,4787,4787,4,Asia/Kolkata,FALSE,1356288743
Karaikelā,Karaikela,,22.7167,85.5500,India,IN,IND,Jhārkhand,Jharkhand,IN-JH,state,,490.5,4787,4787,3,Asia/Kolkata,FALSE,1356033073
Ambua,Ambua,,22.4334,74.4356,India,IN,IND,Madhya Pradesh,Madhya Pradesh,IN-MP,state,,274.8,4787,4787,3,Asia/Kolkata,FALSE,1356416720
Jāfarābād,Jafarabad,,24.6616,87.9601,India,IN,IND,West Bengal,West Bengal,IN-WB,state,,4659.0,4787,4787,2,Asia/Kolkata,FALSE,1356736183
Rānīganj,Raniganj,,24.4367,84.5899,India,IN,IND,Bihār,Bihar,IN-BR,state,,1133.8,4787,4787,3,Asia/Kolkata,TRUE,1356633459
Siddhavattam,Siddhavattam,,14.4667,78.9698,India,IN,IND,Andhra Pradesh,Andhra Pradesh,IN-AP,state,,184.9,4787,4787,3,Asia/Kolkata,FALSE,1356717911
Tungaturti,Tungaturti,,16.7159,79.2420,India,IN,IND,Telangāna,Telangana,IN-TG,state,,190.4,4786,4786,4,Asia/Kolkata,TRUE,1356134145
Palaiyasiruvangūr,Palaiyasiruvangur,,11.8245,78.9946,India,IN,IND,Tamil Nādu,Tamil Nadu,IN-TN,state,,348.6,4786,4786,3,Asia/Kolkata,FALSE,1356246718
Hungund,Hungund,,15.0587,75.0191,India,IN,IND,Karnātaka,Karnataka,IN-KA,state,,211.5,4786,4786,3,Asia/Kolkata,TRUE,1356599921
Mugdārra,Mugdarra,,25.2744,87.9644,India,IN,IND,West Bengal,West Bengal,IN-WB,state,,1237.0,4786,4786,3,Asia/Kolkata,FALSE,1356175362
Rāvipādu,Ravipadu,,15.5746,79.1520,India,IN,IND,Andhra Pradesh,Andhra Pradesh,IN-AP,state,,342.1,4786,4786,3,Asia/Kolkata,TRUE,1356505736
Ādagal,Adagal,,15.9535,75.6723,India,IN,IND,Karnātaka,Karnataka,IN-KA,state,,258.2,4786,4786,3,Asia/Kolkata,FALSE,1356859483
Benakanahalli,Benakanahalli,,12.2276,76.9237,India,IN,IND,Karnātaka,Karnataka,IN-KA,state,,236.6,4786,4786,3,Asia/Kolkata,TRUE,1356762575
Tirukkalappur,Tirukkalappur,,11.3148,79.4372,India,IN,IND,Tamil Nādu,Tamil Nadu,IN-TN,state,,403.0,4785,4785,3,Asia/Kolkata,FALSE,1356171492
Malchalma,Malchalma,,17.5806,77.6099,India,IN,IND,Telangāna,Telangana,IN-TG,state,,458.2,4785,4785,3,Asia/Kolkata,FALSE,1356065673
Mahesua,Mahesua,,26.1267,86.8409,India,IN,IND,Bihār,Bihar,IN-BR,state,,1387.8,4785,4785,3,Asia/Kolkata,FALSE,1356541280
Kunjandiyūr,Kunjandiyur,,11.8165,77.8555,India,IN,IND,Tamil Nādu,Tamil Nadu,IN-TN,state,,660.3,4785,4785,3,Asia/Kolkata,FALSE,1356167995
Godicherla,Godicherla,,17.3912,82.6211,India,IN,IND,Andhra Pradesh,Andhra Pradesh,IN-AP,state,,470.8,4785,4785,3,Asia/Kolkata,FALSE,1356129261
Jotha,Jotha,,24.9840,87.0646,India,IN,IND,Bihār,Bihar,IN-BR,state,,1458.8,4785,4785,3,Asia/Kolkata,FALSE,1356413732
Sandaiyūr Āttayyāmpatti,Sandaiyur Attayyampatti,,11.5605,78.1515,India,IN,IND,Tamil Nādu,Tamil Nadu,IN-TN,state,,2788.0,4785,4785,2,Asia/Kolkata,FALSE,1356226427
Tirtol,Tirtol,Tirtal|Tirtole,20.3052,86.3294,India,IN,IND,Odisha,Odisha,IN-OR,state,,818.6,4785,4785,3,Asia/Kolkata,FALSE,1356406412
Devapura,Devapura,,13.8680,76.3085,India,IN,IND,Karnātaka,Karnataka,IN-KA,state,,171.3,4785,4785,4,Asia/Kolkata,FALSE,1356487817
Sithpura,Sithpura,,24.5678,80.7287,India,IN,IND,Madhya Pradesh,Madhya Pradesh,IN-MP,state,,278.1,4785,4785,3,Asia/Kolkata,FALSE,1356687265
Ainavolu,Ainavolu,,16.4875,80.5019,India,IN,IND,Andhra Pradesh,Andhra Pradesh,IN-AP,state,,836.3,4783,4783,3,Asia/Kolkata,FALSE,1356440875
Sābarang,Sabarang,Sābrang,21.0590,86.6140,India,IN,IND,Odisha,Odisha,IN-OR,state,,1154.5,4783,4783,3,Asia/Kolkata,FALSE,1356120313
Timmireddipalli,Timmireddipalli,,13.9700,78.8200,India,IN,IND,Andhra Pradesh,Andhra Pradesh,IN-AP,state,,135.9,4783,4783,4,Asia/Kolkata,FALSE,1356614356
Harikesavanallūr,Harikesavanallur,,8.7125,77.5149,India,IN,IND,Tamil Nādu,Tamil Nadu,IN-TN,state,,391.8,4783,4783,3,Asia/Kolkata,FALSE,1356204231
Biral Chauka,Biral Chauka,,24.2766,87.9763,India,IN,IND,West Bengal,West Bengal,IN-WB,state,,1622.2,4783,4783,3,Asia/Kolkata,FALSE,1356125306
Pagrāwad Kalān,Pagrawad Kalan,,23.1590,76.5514,India,IN,IND,Madhya Pradesh,Madhya Pradesh,IN-MP,state,,442.2,4783,4783,3,Asia/Kolkata,FALSE,1356522783
Guna,Guna,,24.8947,79.1382,India,IN,IND,Madhya Pradesh,Madhya Pradesh,IN-MP,state,,270.2,4782,4782,3,Asia/Kolkata,TRUE,1356041668
Bilāri,Bilari,,25.0599,85.6201,India,IN,IND,Bihār,Bihar,IN-BR,state,,2740.2,4782,4782,2,Asia/Kolkata,FALSE,1356766823
Bishunpurwā,Bishunpurwa,,26.8941,84.8846,India,IN,IND,Bihār,Bihar,IN-BR,state,,1465.9,4782,4782,3,Asia/Kolkata,TRUE,1356843352
Chhabail,Chhabail,,24.9079,85.8502,India,IN,IND,Bihār,Bihar,IN-BR,state,,1417.6,4782,4782,3,Asia/Kolkata,FALSE,1356232229
Pāppākovil,Pappakovil,,10.7423,79.8213,India,IN,IND,Tamil Nādu,Tamil Nadu,IN-TN,state,,979.5,4782,4782,3,Asia/Kolkata,FALSE,1356182051
Thathauli,Thathauli,,25.7980,87.7050,India,IN,IND,Bihār,Bihar,IN-BR,state,,1414.0,4782,4782,3,Asia/Kolkata,FALSE,1356375682
Nela Bekkam,Nela Bekkam,,16.0494,78.1059,India,IN,IND,Telangāna,Telangana,IN-TG,state,,219.9,4781,4781,3,Asia/Kolkata,FALSE,1356025808
Jagatpur,Jagatpur,,25.3323,87.0474,India,IN,IND,Bihār,Bihar,IN-BR,state,,841.0,4781,4781,3,Asia/Kolkata,TRUE,1356147852
Madhurāpur,Madhurapur,,25.6225,85.3402,India,IN,IND,Bihār,Bihar,IN-BR,state,,1170.5,4781,4781,3,Asia/Kolkata,TRUE,1356302795
Gangā,Ganga,,25.3400,72.6000,India,IN,IND,Rājasthān,Rajasthan,IN-RJ,state,,146.8,4781,4781,4,Asia/Kolkata,FALSE,1356256171
Kandili,Kandili,,12.4798,78.4526,India,IN,IND,Tamil Nādu,Tamil Nadu,IN-TN,state,,588.2,4779,4779,3,Asia/Kolkata,FALSE,1356036406
Edumalai,Edumalai,,11.0505,78.7237,India,IN,IND,Tamil Nādu,Tamil Nadu,IN-TN,state,,545.5,4779,4779,3,Asia/Kolkata,FALSE,1356260151
Bathua Bazar,Bathua Bazar,,26.4771,84.2345,India,IN,IND,Bihār,Bihar,IN-BR,state,,1175.1,4779,4779,3,Asia/Kolkata,FALSE,1356113116
Kartika,Kartika,,26.6430,89.7173,India,IN,IND,West Bengal,West Bengal,IN-WB,state,,353.0,4779,4779,3,Asia/Kolkata,FALSE,1356714319
Basuhār,Basuhar,,25.4541,87.2701,India,IN,IND,Bihār,Bihar,IN-BR,state,,921.9,4779,4779,3,Asia/Kolkata,TRUE,1356388992
Vellūr,Vellur,,12.6600,79.1800,India,IN,IND,Tamil Nādu,Tamil Nadu,IN-TN,state,,652.4,4778,4778,3,Asia/Kolkata,TRUE,1356269455
Anantavaram,Anantavaram,,16.0281,80.1621,India,IN,IND,Andhra Pradesh,Andhra Pradesh,IN-AP,state,,291.2,4778,4778,3,Asia/Kolkata,TRUE,1356992962
Mangalūr,Mangalur,,11.5156,79.0098,India,IN,IND,Tamil Nādu,Tamil Nadu,IN-TN,state,,471.5,4778,4778,3,Asia/Kolkata,FALSE,1356237771
Yeragandlapalli,Yeragandlapalli,,16.9614,78.8215,India,IN,IND,Telangāna,Telangana,IN-TG,state,,163.0,4777,4777,4,Asia/Kolkata,FALSE,1356133981
Gūdalūr,Gudalur,,9.2745,77.4592,India,IN,IND,Tamil Nādu,Tamil Nadu,IN-TN,state,,417.7,4777,4777,3,Asia/Kolkata,TRUE,1356208075
Isrāin Khurd,Israin Khurd,,25.9594,87.0156,India,IN,IND,Bihār,Bihar,IN-BR,state,,1026.6,4777,4777,3,Asia/Kolkata,FALSE,1356553613
Akkupalle Gokavaram,Akkupalle Gokavaram,,16.6316,81.6055,India,IN,IND,Andhra Pradesh,Andhra Pradesh,IN-AP,state,,262.3,4777,4777,3,Asia/Kolkata,FALSE,1356767925
Vepalaparti,Vepalaparti,,14.5685,76.8850,India,IN,IND,Andhra Pradesh,Andhra Pradesh,IN-AP,state,,239.3,4777,4777,3,Asia/Kolkata,FALSE,1356674453
Badarka Turkia,Badarka Turkia,,26.4600,80.4900,India,IN,IND,Uttar Pradesh,Uttar Pradesh,IN-UP,state,,955.4,4776,4776,3,Asia/Kolkata,FALSE,1356567240
Tallūru,Talluru,,13.6558,74.7100,India,IN,IND,Karnātaka,Karnataka,IN-KA,state,,291.0,4775,4775,3,Asia/Kolkata,TRUE,1356690571
Kesru Dharampur,Kesru Dharampur,,24.8535,84.9398,India,IN,IND,Bihār,Bihar,IN-BR,state,,2876.3,4775,4775,2,Asia/Kolkata,FALSE,1356624158
Hakkal,Hakkal,,32.6782,74.8157,India,IN,IND,Jammu and Kashmīr,Jammu and Kashmir,IN-JK,state,,510.9,4775,4775,3,Asia/Kolkata,FALSE,1356144003
Adanur,Adanur,,13.1017,80.1283,India,IN,IND,Tamil Nādu,Tamil Nadu,IN-TN,state,,1092.0,4775,4775,3,Asia/Kolkata,FALSE,1356891975
Mūngilpādi,Mungilpadi,,11.7413,78.1130,India,IN,IND,Tamil Nādu,Tamil Nadu,IN-TN,state,,864.2,4774,4774,3,Asia/Kolkata,FALSE,1356228874
Sirukalattūr,Sirukalattur,,11.2755,79.2329,India,IN,IND,Tamil Nādu,Tamil Nadu,IN-TN,state,,343.1,4774,4774,3,Asia/Kolkata,TRUE,1356211438
Denkāda,Denkada,,18.1764,83.3647,India,IN,IND,Andhra Pradesh,Andhra Pradesh,IN-AP,state,,383.8,4774,4774,3,Asia/Kolkata,FALSE,1356239475
Panautha,Panautha,,24.8791,79.4738,India,IN,IND,Madhya Pradesh,Madhya Pradesh,IN-MP,state,,379.8,4774,4774,3,Asia/Kolkata,FALSE,1356655842
Naurhiya,Naurhiya,,24.6730,81.7451,India,IN,IND,Madhya Pradesh,Madhya Pradesh,IN-MP,state,,410.9,4774,4774,3,Asia/Kolkata,TRUE,1356364715
Hura,Hura,,12.0025,76.5424,India,IN,IND,Karnātaka,Karnataka,IN-KA,state,,468.0,4774,4774,3,Asia/Kolkata,FALSE,1356617959
Kurkuri,Kurkuri,,25.3204,84.7760,India,IN,IND,Bihār,Bihar,IN-BR,state,,1580.3,4774,4774,3,Asia/Kolkata,TRUE,1356058655
Jalkheda,Jalkheda,,21.8187,74.9088,India,IN,IND,Madhya Pradesh,Madhya Pradesh,IN-MP,state,,309.2,4773,4773,3,Asia/Kolkata,FALSE,1356096518
Sankurātripādu,Sankuratripadu,,16.2519,80.2106,India,IN,IND,Andhra Pradesh,Andhra Pradesh,IN-AP,state,,367.8,4773,4773,3,Asia/Kolkata,FALSE,1356615717
Karambiyam,Karambiyam,,10.4959,79.3071,India,IN,IND,Tamil Nādu,Tamil Nadu,IN-TN,state,,576.0,4773,4773,3,Asia/Kolkata,FALSE,1356169860
Orangūr,Orangur,,11.4960,78.9587,India,IN,IND,Tamil Nādu,Tamil Nadu,IN-TN,state,,471.5,4773,4773,3,Asia/Kolkata,FALSE,1356241782
Mākavarapālem,Makavarapalem,,17.6167,82.7167,India,IN,IND,Andhra Pradesh,Andhra Pradesh,IN-AP,state,,365.4,4773,4773,3,Asia/Kolkata,FALSE,1356979684
Kurkuri,Kurkuri,,25.5518,85.0730,India,IN,IND,Bihār,Bihar,IN-BR,state,,3335.4,4773,4773,2,Asia/Kolkata,FALSE,1356916563
Muhammadpur Pojha,Muhammadpur Pojha,,25.8816,85.3391,India,IN,IND,Bihār,Bihar,IN-BR,state,,1552.2,4771,4771,3,Asia/Kolkata,FALSE,1356764475
Peddāpur,Peddapur,Peddapur,17.6138,78.0273,India,IN,IND,Telangāna,Telangana,IN-TG,state,,431.8,4771,4771,3,Asia/Kolkata,FALSE,1356416059
Rehiya,Rehiya,,25.5494,84.2259,India,IN,IND,Bihār,Bihar,IN-BR,state,,896.1,4771,4771,3,Asia/Kolkata,FALSE,1356062011
Tāllūru,Talluru,,17.1625,82.0271,India,IN,IND,Andhra Pradesh,Andhra Pradesh,IN-AP,state,,484.1,4771,4771,3,Asia/Kolkata,TRUE,1356756326
Patnāji,Patnaji,,33.1397,75.9528,India,IN,IND,Jammu and Kashmīr,Jammu and Kashmir,IN-JK,state,,107.1,4771,4771,4,Asia/Kolkata,FALSE,1356499220
Araila,Araila,,25.5007,84.3711,India,IN,IND,Bihār,Bihar,IN-BR,state,,1156.6,4771,4771,3,Asia/Kolkata,FALSE,1356908128
Khānpur Pakri,Khanpur Pakri,,25.6485,85.3763,India,IN,IND,Bihār,Bihar,IN-BR,state,,3609.1,4771,4771,2,Asia/Kolkata,FALSE,1356013115
Sursi,Sursi,,22.3888,72.8130,India,IN,IND,Gujarāt,Gujarat,IN-GJ,state,,3479.6,4771,4771,2,Asia/Kolkata,FALSE,1356110212
Salimāpur,Salimapur,,25.9805,84.8098,India,IN,IND,Bihār,Bihar,IN-BR,state,,2429.0,4771,4771,2,Asia/Kolkata,FALSE,1356034549
Jonnalakottapalle,Jonnalakottapalle,,14.4026,77.9393,India,IN,IND,Andhra Pradesh,Andhra Pradesh,IN-AP,state,,114.2,4770,4770,4,Asia/Kolkata,FALSE,1356867687
Bhyāna,Bhyana,Biāna,23.7868,76.5080,India,IN,IND,Madhya Pradesh,Madhya Pradesh,IN-MP,state,,344.1,4770,4770,3,Asia/Kolkata,FALSE,1356559017
Tirumakkottai,Tirumakkottai,,10.5200,79.4300,India,IN,IND,Tamil Nādu,Tamil Nadu,IN-TN,state,,581.4,4770,4770,3,Asia/Kolkata,FALSE,1356252326
Hirdai Chak,Hirdai Chak,,25.1104,84.5290,India,IN,IND,Bihār,Bihar,IN-BR,state,,535.5,4769,4769,3,Asia/Kolkata,FALSE,1356563001
Huāng,Huang,,23.7565,85.4440,India,IN,IND,Jhārkhand,Jharkhand,IN-JH,state,,578.8,4769,4769,3,Asia/Kolkata,FALSE,1356260036
Kurhaili,Kurhaili,,26.3248,87.7633,India,IN,IND,Bihār,Bihar,IN-BR,state,,1157.6,4769,4769,3,Asia/Kolkata,FALSE,1356173938
Mahāras,Maharas,,25.7003,86.6494,India,IN,IND,Bihār,Bihar,IN-BR,state,,1420.3,4769,4769,3,Asia/Kolkata,FALSE,1356832517
Kujang,Kujang,,20.3000,86.5333,India,IN,IND,Odisha,Odisha,IN-OR,state,,671.6,4769,4769,3,Asia/Kolkata,FALSE,1356737812
Māted,Mated,,17.5445,79.7040,India,IN,IND,Telangāna,Telangana,IN-TG,state,,354.7,4769,4769,3,Asia/Kolkata,FALSE,1356046649
Sekandarpur,Sekandarpur,,25.5755,84.8463,India,IN,IND,Bihār,Bihar,IN-BR,state,,1201.6,4767,4767,3,Asia/Kolkata,TRUE,1356057022
Daruli Kalān,Daruli Kalan,,31.4200,75.7800,India,IN,IND,Punjab,Punjab,IN-PB,state,,781.3,4767,4767,3,Asia/Kolkata,FALSE,1356054449
Kīlmurungi,Kilmurungi,,12.8447,78.7829,India,IN,IND,Tamil Nādu,Tamil Nadu,IN-TN,state,,735.8,4767,4767,3,Asia/Kolkata,FALSE,1356347195
Madārpur,Madarpur,,26.2270,84.6746,India,IN,IND,Bihār,Bihar,IN-BR,state,,1224.5,4767,4767,3,Asia/Kolkata,TRUE,1356503810
Agara,Agara,,12.8442,77.4877,India,IN,IND,Karnātaka,Karnataka,IN-KA,state,,526.0,4767,4767,3,Asia/Kolkata,FALSE,1356134071
Karadihalli,Karadihalli,,12.3503,78.1678,India,IN,IND,Tamil Nādu,Tamil Nadu,IN-TN,state,,493.5,4766,4766,3,Asia/Kolkata,FALSE,1356413018
Amruhān,Amruhan,,25.2802,84.5497,India,IN,IND,Bihār,Bihar,IN-BR,state,,1490.5,4766,4766,3,Asia/Kolkata,FALSE,1356075905
Ganjigatti,Ganjigatti,,15.1933,75.0666,India,IN,IND,Karnātaka,Karnataka,IN-KA,state,,252.9,4766,4766,3,Asia/Kolkata,TRUE,1356110507
Vellanti,Vellanti,,14.4807,79.8223,India,IN,IND,Andhra Pradesh,Andhra Pradesh,IN-AP,state,,2126.3,4765,4765,2,Asia/Kolkata,FALSE,1356818893
Jabbowāl,Jabbowal,,31.5982,75.1283,India,IN,IND,Punjab,Punjab,IN-PB,state,,777.8,4765,4765,3,Asia/Kolkata,FALSE,1356187216
Pishinikāda,Pishinikada,,17.6782,82.9791,India,IN,IND,Andhra Pradesh,Andhra Pradesh,IN-AP,state,,1224.0,4765,4765,3,Asia/Kolkata,FALSE,1356101127
Sembatti,Sembatti,,9.5109,78.1315,India,IN,IND,Tamil Nādu,Tamil Nadu,IN-TN,state,,399.3,4763,4763,3,Asia/Kolkata,TRUE,1356201962
Chirrāvūru,Chirravuru,,16.4284,80.6571,India,IN,IND,Andhra Pradesh,Andhra Pradesh,IN-AP,state,,515.5,4763,4763,3,Asia/Kolkata,FALSE,1356663089
Darhua,Darhua,,25.8897,85.4975,India,IN,IND,Bihār,Bihar,IN-BR,state,,2173.0,4763,4763,2,Asia/Kolkata,FALSE,1356094448
Kotlapalle,Kotlapalle,,14.0719,77.7213,India,IN,IND,Andhra Pradesh,Andhra Pradesh,IN-AP,state,,277.7,4763,4763,3,Asia/Kolkata,FALSE,1356819629
Bamlāl,Bamlal,Bamal|Bamial,32.2860,75.3752,India,IN,IND,Punjab,Punjab,IN-PB,state,,964.4,4763,4763,3,Asia/Kolkata,FALSE,1356832331
Khinda,Khinda,,22.5949,84.1411,India,IN,IND,Jhārkhand,Jharkhand,IN-JH,state,,247.3,4763,4763,3,Asia/Kolkata,FALSE,1356214801
Uttirangudi,Uttirangudi,,11.0223,79.7644,India,IN,IND,Tamil Nādu,Tamil Nadu,IN-TN,state,,808.2,4763,4763,3,Asia/Kolkata,FALSE,1356231066
Pasuvemula,Pasuvemula,,16.5290,79.3860,India,IN,IND,Andhra Pradesh,Andhra Pradesh,IN-AP,state,,134.3,4763,4763,4,Asia/Kolkata,FALSE,1356199229
Kalamāvūr,Kalamavur,,10.6012,78.7576,India,IN,IND,Tamil Nādu,Tamil Nadu,IN-TN,state,,284.7,4762,4762,3,Asia/Kolkata,FALSE,1356235537
Lālāpettai,Lalapettai,Mukundarāyapuram,12.9919,79.3032,India,IN,IND,Tamil Nādu,Tamil Nadu,IN-TN,state,,936.3,4762,4762,3,Asia/Kolkata,FALSE,1356105168
Massīgan,Massigan,Massīgah,30.2089,76.5600,India,IN,IND,Punjab,Punjab,IN-PB,state,,1071.4,4762,4762,3,Asia/Kolkata,FALSE,1356835264
Upli,Upli,,30.2116,75.8216,India,IN,IND,Punjab,Punjab,IN-PB,state,,444.1,4762,4762,3,Asia/Kolkata,TRUE,1356011095
Bandhaura Ghāt,Bandhaura Ghat,,26.4591,84.0055,India,IN,IND,Uttar Pradesh,Uttar Pradesh,IN-UP,state,,1029.2,4762,4762,3,Asia/Kolkata,FALSE,1356590057
Hūvinahālu,Huvinahalu,,15.3386,76.2944,India,IN,IND,Karnātaka,Karnataka,IN-KA,state,,329.6,4762,4762,3,Asia/Kolkata,FALSE,1356089530
Bhūpatipalle,Bhupatipalle,,15.6767,79.2978,India,IN,IND,Andhra Pradesh,Andhra Pradesh,IN-AP,state,,202.7,4762,4762,3,Asia/Kolkata,FALSE,1356824042
Jāmunkira,Jamunkira,,21.5387,84.3882,India,IN,IND,Odisha,Odisha,IN-OR,state,,101.4,4761,4761,4,Asia/Kolkata,FALSE,1356381785
Barorah,Barorah,,24.7843,84.7436,India,IN,IND,Bihār,Bihar,IN-BR,state,,838.9,4761,4761,3,Asia/Kolkata,FALSE,1356575423
Bariarwa,Bariarwa,,27.0536,84.2957,India,IN,IND,Bihār,Bihar,IN-BR,state,,1316.7,4761,4761,3,Asia/Kolkata,TRUE,1356941049
Shirshad,Shirshad,,17.0772,76.1059,India,IN,IND,Karnātaka,Karnataka,IN-KA,state,,221.6,4761,4761,3,Asia/Kolkata,FALSE,1356845016
Rājupālem,Rajupalem,,15.3245,78.9725,India,IN,IND,Andhra Pradesh,Andhra Pradesh,IN-AP,state,,127.6,4761,4761,4,Asia/Kolkata,TRUE,1356160397
Rewāi,Rewai,,24.9297,85.9870,India,IN,IND,Bihār,Bihar,IN-BR,state,,994.4,4761,4761,3,Asia/Kolkata,FALSE,1356235738
Saidpur,Saidpur,,25.4820,85.4342,India,IN,IND,Bihār,Bihar,IN-BR,state,,2046.9,4761,4761,2,Asia/Kolkata,TRUE,1356343490
Jālāpur,Jalapur,,16.1471,77.0400,India,IN,IND,Karnātaka,Karnataka,IN-KA,state,,219.0,4761,4761,3,Asia/Kolkata,TRUE,1356337303
Kondākal,Kondakal,Kundakal|Kondakal,17.4613,78.1993,India,IN,IND,Telangāna,Telangana,IN-TG,state,,508.1,4761,4761,3,Asia/Kolkata,FALSE,1356150741
Doddavaram,Doddavaram,,15.6667,79.9394,India,IN,IND,Andhra Pradesh,Andhra Pradesh,IN-AP,state,,315.2,4760,4760,3,Asia/Kolkata,FALSE,1356037069
Bālitha,Balitha,,22.9912,87.5720,India,IN,IND,West Bengal,West Bengal,IN-WB,state,,771.9,4760,4760,3,Asia/Kolkata,FALSE,1356044282
Nitberia,Nitberia,,22.4046,88.8922,India,IN,IND,West Bengal,West Bengal,IN-WB,state,,784.2,4759,4759,3,Asia/Kolkata,FALSE,1356543553
Pālerla,Palerla,,16.9111,77.6158,India,IN,IND,Telangāna,Telangana,IN-TG,state,,268.8,4759,4759,3,Asia/Kolkata,FALSE,1356526632
Balbalia,Balbalia,,22.2924,88.4587,India,IN,IND,West Bengal,West Bengal,IN-WB,state,,2171.9,4759,4759,2,Asia/Kolkata,FALSE,1356055503
Ratkal,Ratkal,,17.4517,77.1068,India,IN,IND,Karnātaka,Karnataka,IN-KA,state,,195.8,4759,4759,3,Asia/Kolkata,FALSE,1356114283
Lakkavarapukota,Lakkavarapukota,,18.0333,83.1500,India,IN,IND,Andhra Pradesh,Andhra Pradesh,IN-AP,state,,443.9,4759,4759,3,Asia/Kolkata,FALSE,1356678479
Mahakālguri,Mahakalguri,,26.5402,89.6841,India,IN,IND,West Bengal,West Bengal,IN-WB,state,,370.0,4759,4759,3,Asia/Kolkata,FALSE,1356160474
Rāmpur,Rampur,,25.5918,87.9145,India,IN,IND,Bihār,Bihar,IN-BR,state,,1325.0,4759,4759,3,Asia/Kolkata,TRUE,1356094964
Rāyannapālem,Rayannapalem,,16.8333,81.0500,India,IN,IND,Andhra Pradesh,Andhra Pradesh,IN-AP,state,,383.1,4758,4758,3,Asia/Kolkata,FALSE,1356707744
Nūrpur,Nurpur,,31.3851,75.4222,India,IN,IND,Punjab,Punjab,IN-PB,state,,572.5,4758,4758,3,Asia/Kolkata,TRUE,1356697381
Sabdalpur,Sabdalpur,,25.4252,86.4342,India,IN,IND,Bihār,Bihar,IN-BR,state,,2629.1,4758,4758,2,Asia/Kolkata,FALSE,1356035647
Perkasingāwaram,Perkasingawaram,,17.1593,79.9516,India,IN,IND,Telangāna,Telangana,IN-TG,state,,220.9,4758,4758,3,Asia/Kolkata,FALSE,1356036715
Teona,Teona,,30.1729,74.8288,India,IN,IND,Punjab,Punjab,IN-PB,state,,637.0,4758,4758,3,Asia/Kolkata,FALSE,1356895485
Malampatti,Malampatti,,9.9531,78.4089,India,IN,IND,Tamil Nādu,Tamil Nadu,IN-TN,state,,323.0,4758,4758,3,Asia/Kolkata,TRUE,1356218079
Bham,Bham,Bhān,31.3678,75.9406,India,IN,IND,Punjab,Punjab,IN-PB,state,,557.9,4758,4758,3,Asia/Kolkata,TRUE,1356270129
Vazīr Bhullar,Vazir Bhullar,,31.5090,75.2861,India,IN,IND,Punjab,Punjab,IN-PB,state,,777.8,4758,4758,3,Asia/Kolkata,FALSE,1356049011
Barka Mānjha,Barka Manjha,,26.2685,84.2247,India,IN,IND,Bihār,Bihar,IN-BR,state,,949.1,4758,4758,3,Asia/Kolkata,FALSE,1356070068
Elleri,Elleri,,11.3043,79.5690,India,IN,IND,Tamil Nādu,Tamil Nadu,IN-TN,state,,696.6,4757,4757,3,Asia/Kolkata,FALSE,1356233885
Dallāh,Dallah,,31.8008,75.3402,India,IN,IND,Punjab,Punjab,IN-PB,state,,821.5,4757,4757,3,Asia/Kolkata,FALSE,1356559816
Āmancharla,Amancharla,Āmancherla,14.4156,79.8567,India,IN,IND,Andhra Pradesh,Andhra Pradesh,IN-AP,state,,2126.3,4757,4757,2,Asia/Kolkata,FALSE,1356362598
Narbirpur,Narbirpur,,25.5426,84.7468,India,IN,IND,Bihār,Bihar,IN-BR,state,,2712.5,4757,4757,2,Asia/Kolkata,FALSE,1356911001
Gobindpur Kalān,Gobindpur Kalan,,23.9559,85.7053,India,IN,IND,Jhārkhand,Jharkhand,IN-JH,state,,473.9,4757,4757,3,Asia/Kolkata,FALSE,1356182222
Babura,Babura,,25.0851,87.1092,India,IN,IND,Bihār,Bihar,IN-BR,state,,8492.2,4755,4755,2,Asia/Kolkata,FALSE,1356244434
Bhuwālpur,Bhuwalpur,,25.8687,84.8412,India,IN,IND,Bihār,Bihar,IN-BR,state,,2405.8,4755,4755,2,Asia/Kolkata,FALSE,1356981093
Chilhāri,Chilhari,,23.9147,80.9683,India,IN,IND,Madhya Pradesh,Madhya Pradesh,IN-MP,state,,146.9,4755,4755,4,Asia/Kolkata,FALSE,1356761937
Bhawānipur,Bhawanipur,,24.6256,87.8919,India,IN,IND,West Bengal,West Bengal,IN-WB,state,,1658.1,4755,4755,3,Asia/Kolkata,FALSE,1356961954
Chāndpur,Chandpur,,25.5877,85.5402,India,IN,IND,Bihār,Bihar,IN-BR,state,,2027.4,4755,4755,2,Asia/Kolkata,TRUE,1356532125
Puduppattanam,Puduppattanam,,9.6792,78.9744,India,IN,IND,Tamil Nādu,Tamil Nadu,IN-TN,state,,309.5,4755,4755,3,Asia/Kolkata,TRUE,1356237710
Krishnāpuram,Krishnapuram,,11.4704,78.6170,India,IN,IND,Tamil Nādu,Tamil Nadu,IN-TN,state,,339.2,4754,4754,3,Asia/Kolkata,TRUE,1356255260
Toravi,Toravi,,12.0059,79.5551,India,IN,IND,Tamil Nādu,Tamil Nadu,IN-TN,state,,932.5,4754,4754,3,Asia/Kolkata,FALSE,1356362362
Budumūru,Budumuru,,18.2464,83.7663,India,IN,IND,Andhra Pradesh,Andhra Pradesh,IN-AP,state,,459.1,4754,4754,3,Asia/Kolkata,FALSE,1356208480
Madavapperumālkovil,Madavapperumalkovil,,10.8867,78.6792,India,IN,IND,Tamil Nādu,Tamil Nadu,IN-TN,state,,582.2,4754,4754,3,Asia/Kolkata,FALSE,1356219494
Pativāda,Pativada,,18.0693,83.6156,India,IN,IND,Andhra Pradesh,Andhra Pradesh,IN-AP,state,,368.5,4754,4754,3,Asia/Kolkata,FALSE,1356763196
Gutuwā,Gutuwa,,23.3580,85.2401,India,IN,IND,Jhārkhand,Jharkhand,IN-JH,state,,1312.9,4754,4754,3,Asia/Kolkata,FALSE,1356200142
Ponparappi,Ponparappi,,11.2710,79.2410,India,IN,IND,Tamil Nādu,Tamil Nadu,IN-TN,state,,433.2,4754,4754,3,Asia/Kolkata,FALSE,1356211435
Shanamangalam,Shanamangalam,,11.0597,78.7892,India,IN,IND,Tamil Nādu,Tamil Nadu,IN-TN,state,,582.2,4753,4753,3,Asia/Kolkata,FALSE,1356242824
Murām Kalān,Muram Kalan,,23.6041,85.5342,India,IN,IND,Jhārkhand,Jharkhand,IN-JH,state,,1378.7,4753,4753,3,Asia/Kolkata,FALSE,1356179716
Chinnakāvanam,Chinnakavanam,,13.3462,80.1957,India,IN,IND,Tamil Nādu,Tamil Nadu,IN-TN,state,,754.8,4753,4753,3,Asia/Kolkata,FALSE,1356228308
Anājpur,Anajpur,,17.2709,78.6933,India,IN,IND,Telangāna,Telangana,IN-TG,state,,390.2,4753,4753,3,Asia/Kolkata,TRUE,1356031092
Lakhanwān,Lakhanwan,,24.7056,79.5446,India,IN,IND,Madhya Pradesh,Madhya Pradesh,IN-MP,state,,310.9,4753,4753,3,Asia/Kolkata,TRUE,1356507123
Baradparwa,Baradparwa,,25.4756,84.4438,India,IN,IND,Bihār,Bihar,IN-BR,state,,1247.3,4752,4752,3,Asia/Kolkata,FALSE,1356654217
Baraura,Baraura,,25.3514,83.6538,India,IN,IND,Bihār,Bihar,IN-BR,state,,754.3,4752,4752,3,Asia/Kolkata,TRUE,1356074107
Sharfuddinpur,Sharfuddinpur,,26.1167,85.5333,India,IN,IND,Bihār,Bihar,IN-BR,state,,1577.3,4752,4752,3,Asia/Kolkata,FALSE,1356042922
Bāpirājutāllavalasa,Bapirajutallavalasa,,18.0297,83.3869,India,IN,IND,Andhra Pradesh,Andhra Pradesh,IN-AP,state,,476.0,4752,4752,3,Asia/Kolkata,FALSE,1356237857
Settūru,Setturu,,14.4500,76.9833,India,IN,IND,Andhra Pradesh,Andhra Pradesh,IN-AP,state,,208.7,4751,4751,3,Asia/Kolkata,FALSE,1356254243
Pur,Pur,,26.5583,78.7213,India,IN,IND,Madhya Pradesh,Madhya Pradesh,IN-MP,state,,910.5,4750,4750,3,Asia/Kolkata,FALSE,1356397586
Chhitri,Chhitri,,25.5867,78.0830,India,IN,IND,Madhya Pradesh,Madhya Pradesh,IN-MP,state,,198.3,4750,4750,4,Asia/Kolkata,TRUE,1356146625
Kumārapuram,Kumarapuram,,8.3440,77.8366,India,IN,IND,Tamil Nādu,Tamil Nadu,IN-TN,state,,399.9,4750,4750,3,Asia/Kolkata,TRUE,1356219296
Bāsdewa,Basdewa,,25.9594,86.6960,India,IN,IND,Bihār,Bihar,IN-BR,state,,1162.5,4750,4750,3,Asia/Kolkata,TRUE,1356606495
Chittavaram,Chittavaram,,16.4701,81.7243,India,IN,IND,Andhra Pradesh,Andhra Pradesh,IN-AP,state,,1174.5,4750,4750,3,Asia/Kolkata,FALSE,1356542868
Yerrāvaram,Yerravaram,,16.8956,79.9406,India,IN,IND,Telangāna,Telangana,IN-TG,state,,487.8,4750,4750,3,Asia/Kolkata,FALSE,1356130800
Sarih,Sarih,,31.1408,75.5550,India,IN,IND,Punjab,Punjab,IN-PB,state,,447.3,4750,4750,3,Asia/Kolkata,TRUE,1356129205
Bāru,Baru,,23.6662,85.9495,India,IN,IND,Jhārkhand,Jharkhand,IN-JH,state,,372.6,4749,4749,3,Asia/Kolkata,FALSE,1356187478
Changoi,Changoi,Changai|Chāngoi,28.6800,75.2800,India,IN,IND,Rājasthān,Rajasthan,IN-RJ,state,,120.8,4749,4749,3,Asia/Kolkata,FALSE,1356101426
Bālāmau,Balamau,Balamau Junction,27.1333,80.3000,India,IN,IND,Uttar Pradesh,Uttar Pradesh,IN-UP,state,,677.1,4749,4749,3,Asia/Kolkata,TRUE,1356682906
Lilān,Lilan,,30.8774,75.4742,India,IN,IND,Punjab,Punjab,IN-PB,state,,486.3,4749,4749,3,Asia/Kolkata,FALSE,1356015832
Dāmannapet,Damannapet,,18.2346,79.7381,India,IN,IND,Telangāna,Telangana,IN-TG,state,,322.2,4749,4749,3,Asia/Kolkata,TRUE,1356601932
Tīparru,Tiparru,,16.7924,81.7397,India,IN,IND,Andhra Pradesh,Andhra Pradesh,IN-AP,state,,989.7,4748,4748,3,Asia/Kolkata,FALSE,1356616620
Kandādu,Kandadu,,13.6424,79.6271,India,IN,IND,Andhra Pradesh,Andhra Pradesh,IN-AP,state,,278.9,4748,4748,3,Asia/Kolkata,FALSE,1356836782
Bhāgu,Bhagu,Bhāngu,30.0316,74.2310,India,IN,IND,Punjab,Punjab,IN-PB,state,,337.7,4748,4748,3,Asia/Kolkata,TRUE,1356905102
Uppūr,Uppur,,9.6139,78.9193,India,IN,IND,Tamil Nādu,Tamil Nadu,IN-TN,state,,309.5,4748,4748,3,Asia/Kolkata,TRUE,1356239680
Anamasamudrampeta,Anamasamudrampeta,,14.7000,79.6833,India,IN,IND,Andhra Pradesh,Andhra Pradesh,IN-AP,state,,116.5,4746,4746,3,Asia/Kolkata,FALSE,1356096246
Barāgaon,Baragaon,,24.9728,81.7647,India,IN,IND,Madhya Pradesh,Madhya Pradesh,IN-MP,state,,401.7,4746,4746,3,Asia/Kolkata,TRUE,1356788481
Gonda,Gonda,,24.1875,83.6919,India,IN,IND,Jhārkhand,Jharkhand,IN-JH,state,,661.7,4746,4746,3,Asia/Kolkata,FALSE,1356209438
Kiresūr,Kiresur,,15.4435,75.3001,India,IN,IND,Karnātaka,Karnataka,IN-KA,state,,224.7,4745,4745,3,Asia/Kolkata,FALSE,1356908836
Yenkatapālem,Yenkatapalem,,16.5132,80.5515,India,IN,IND,Andhra Pradesh,Andhra Pradesh,IN-AP,state,,836.3,4744,4744,3,Asia/Kolkata,FALSE,1356090968
Bulākipur,Bulakipur,,25.7055,85.8568,India,IN,IND,Bihār,Bihar,IN-BR,state,,3077.4,4744,4744,2,Asia/Kolkata,FALSE,1356353443
Baghwa,Baghwa,,25.7929,86.4800,India,IN,IND,Bihār,Bihar,IN-BR,state,,2577.7,4744,4744,2,Asia/Kolkata,FALSE,1356260373
Kongatta,Kongatta,,13.3120,77.6032,India,IN,IND,Karnātaka,Karnataka,IN-KA,state,,515.5,4744,4744,3,Asia/Kolkata,FALSE,1356971796
Vettamangalam,Vettamangalam,,11.0406,77.9511,India,IN,IND,Tamil Nādu,Tamil Nadu,IN-TN,state,,806.2,4742,4742,3,Asia/Kolkata,FALSE,1356167727
Mahuwa,Mahuwa,,26.1469,86.6033,India,IN,IND,Bihār,Bihar,IN-BR,state,,987.7,4742,4742,3,Asia/Kolkata,TRUE,1356257224
Nallamangalam,Nallamangalam,,9.3703,77.4980,India,IN,IND,Tamil Nādu,Tamil Nadu,IN-TN,state,,742.8,4741,4741,3,Asia/Kolkata,FALSE,1356209852
Agonda,Agonda,,15.0509,73.9876,India,IN,IND,Goa,Goa,IN-GA,state,,167.0,4741,4741,3,Asia/Kolkata,FALSE,1356393541
Machedi,Machedi,,32.7055,75.6043,India,IN,IND,Jammu and Kashmīr,Jammu and Kashmir,IN-JK,state,,348.1,4741,4741,3,Asia/Kolkata,FALSE,1356063663
Chilhār,Chilhar,,25.3366,84.6897,India,IN,IND,Bihār,Bihar,IN-BR,state,,1908.3,4741,4741,3,Asia/Kolkata,FALSE,1356459504
Barsām,Barsam,,26.3534,86.3071,India,IN,IND,Bihār,Bihar,IN-BR,state,,1699.8,4741,4741,3,Asia/Kolkata,TRUE,1356353350
Marrār,Marrar,,31.8007,75.1108,India,IN,IND,Punjab,Punjab,IN-PB,state,,821.5,4741,4741,3,Asia/Kolkata,FALSE,1356202882
Doripalli,Doripalli,,12.7172,77.9673,India,IN,IND,Tamil Nādu,Tamil Nadu,IN-TN,state,,633.7,4741,4741,3,Asia/Kolkata,FALSE,1356791703
Uber,Uber,,25.0936,85.0743,India,IN,IND,Bihār,Bihar,IN-BR,state,,1294.8,4741,4741,3,Asia/Kolkata,FALSE,1356160235
Kanlanāyakkanpatti,Kanlanayakkanpatti,,10.4139,78.3243,India,IN,IND,Tamil Nādu,Tamil Nadu,IN-TN,state,,388.5,4741,4741,3,Asia/Kolkata,FALSE,1356228291
Garani,Garani,,13.7862,77.2620,India,IN,IND,Karnātaka,Karnataka,IN-KA,state,,248.8,4741,4741,3,Asia/Kolkata,FALSE,1356161366
Tāllaburidi,Tallaburidi,,18.7413,83.3280,India,IN,IND,Andhra Pradesh,Andhra Pradesh,IN-AP,state,,595.9,4741,4741,3,Asia/Kolkata,FALSE,1356541238
Vasantavāda,Vasantavada,,16.6202,81.0000,India,IN,IND,Andhra Pradesh,Andhra Pradesh,IN-AP,state,,379.4,4740,4740,3,Asia/Kolkata,FALSE,1356188792
Puraini Bansgopāl,Puraini Bansgopal,,25.6170,87.0286,India,IN,IND,Bihār,Bihar,IN-BR,state,,1782.8,4740,4740,3,Asia/Kolkata,FALSE,1356585342
Bahādurpur Amauli,Bahadurpur Amauli,,25.6861,85.7396,India,IN,IND,Bihār,Bihar,IN-BR,state,,1945.8,4740,4740,3,Asia/Kolkata,FALSE,1356351326
Betsūr,Betsur,,15.7282,75.1410,India,IN,IND,Karnātaka,Karnataka,IN-KA,state,,253.6,4740,4740,3,Asia/Kolkata,FALSE,1356325678
Bhorha,Bhorha,,26.3955,87.6625,India,IN,IND,Bihār,Bihar,IN-BR,state,,1079.9,4740,4740,3,Asia/Kolkata,TRUE,1356300556
Tūrkapalli,Turkapalli,,17.6728,78.5942,India,IN,IND,Telangāna,Telangana,IN-TG,state,,826.1,4740,4740,3,Asia/Kolkata,TRUE,1356530394
Sewada,Sewada,,23.1162,76.6665,India,IN,IND,Madhya Pradesh,Madhya Pradesh,IN-MP,state,,330.1,4740,4740,3,Asia/Kolkata,FALSE,1356742956
Narindpur,Narindpur,,26.1543,84.2645,India,IN,IND,Bihār,Bihar,IN-BR,state,,1571.7,4740,4740,3,Asia/Kolkata,FALSE,1356068081
Barāhi,Barahi,,25.6392,86.7974,India,IN,IND,Bihār,Bihar,IN-BR,state,,1719.4,4740,4740,3,Asia/Kolkata,TRUE,1356544648
Dokoha,Dokoha,,31.6575,75.3807,India,IN,IND,Punjab,Punjab,IN-PB,state,,821.5,4740,4740,3,Asia/Kolkata,FALSE,1356313837
Sālānpur,Salanpur,,23.7767,86.8765,India,IN,IND,West Bengal,West Bengal,IN-WB,state,,1032.7,4739,4739,3,Asia/Kolkata,FALSE,1356573660
Nilogal,Nilogal,,15.9054,75.8612,India,IN,IND,Karnātaka,Karnataka,IN-KA,state,,233.5,4738,4738,3,Asia/Kolkata,FALSE,1356044492
Barhaguda,Barhaguda,,21.3543,83.6769,India,IN,IND,Odisha,Odisha,IN-OR,state,,1080.8,4738,4738,3,Asia/Kolkata,FALSE,1356186127
Pīrāpur Methura,Pirapur Methura,,25.8934,85.3175,India,IN,IND,Bihār,Bihar,IN-BR,state,,1552.2,4737,4737,3,Asia/Kolkata,FALSE,1356595709
Mādarpākkam,Madarpakkam,,13.4439,80.0018,India,IN,IND,Tamil Nādu,Tamil Nadu,IN-TN,state,,577.1,4737,4737,3,Asia/Kolkata,FALSE,1356304896
Peddapodilla,Peddapodilla,,15.2882,77.7216,India,IN,IND,Andhra Pradesh,Andhra Pradesh,IN-AP,state,,178.9,4737,4737,4,Asia/Kolkata,FALSE,1356561076
Basarālu,Basaralu,,12.7085,76.8176,India,IN,IND,Karnātaka,Karnataka,IN-KA,state,,606.7,4737,4737,3,Asia/Kolkata,FALSE,1356705131
Manappalli,Manappalli,,11.0853,78.1014,India,IN,IND,Tamil Nādu,Tamil Nadu,IN-TN,state,,484.0,4737,4737,3,Asia/Kolkata,FALSE,1356247383
Sikariya,Sikariya,,24.9161,84.0009,India,IN,IND,Bihār,Bihar,IN-BR,state,,1072.1,4737,4737,3,Asia/Kolkata,TRUE,1356396900
Tādlapalli,Tadlapalli,,17.2355,78.1244,India,IN,IND,Telangāna,Telangana,IN-TG,state,,286.1,4737,4737,3,Asia/Kolkata,TRUE,1356241142
Sundāri,Sundari,,22.9748,85.1832,India,IN,IND,Jhārkhand,Jharkhand,IN-JH,state,,251.2,4737,4737,3,Asia/Kolkata,FALSE,1356188375
Vallam,Vallam,,12.7537,79.1520,India,IN,IND,Tamil Nādu,Tamil Nadu,IN-TN,state,,834.4,4737,4737,3,Asia/Kolkata,TRUE,1356334300
Surankōt,Surankot,,33.6271,74.2747,India,IN,IND,Jammu and Kashmīr,Jammu and Kashmir,IN-JK,state,,198.4,4736,4736,4,Asia/Kolkata,FALSE,1356162375
Moriāwān,Moriawan,,25.3493,85.1111,India,IN,IND,Bihār,Bihar,IN-BR,state,,1662.6,4736,4736,3,Asia/Kolkata,FALSE,1356109883
Katariya,Katariya,,25.3069,84.3392,India,IN,IND,Bihār,Bihar,IN-BR,state,,1052.4,4736,4736,3,Asia/Kolkata,FALSE,1356097812
Dāmodarpur,Damodarpur,,25.6500,85.9588,India,IN,IND,Bihār,Bihar,IN-BR,state,,2168.6,4736,4736,2,Asia/Kolkata,TRUE,1356871400
Galagi,Galagi,,15.3000,74.9167,India,IN,IND,Karnātaka,Karnataka,IN-KA,state,,252.9,4736,4736,3,Asia/Kolkata,FALSE,1356177956
Makkinavārigūdem,Makkinavarigudem,,17.1036,81.0781,India,IN,IND,Andhra Pradesh,Andhra Pradesh,IN-AP,state,,148.3,4735,4735,3,Asia/Kolkata,FALSE,1356021595
Barwāl,Barwal,,32.4460,75.4822,India,IN,IND,Jammu and Kashmīr,Jammu and Kashmir,IN-JK,state,,473.8,4734,4734,3,Asia/Kolkata,FALSE,1356943731
Dekulba,Dekulba,,21.2604,83.7303,India,IN,IND,Odisha,Odisha,IN-OR,state,,374.8,4734,4734,3,Asia/Kolkata,FALSE,1356906769
Yelechākanahalli,Yelechakanahalli,,12.5042,76.7928,India,IN,IND,Karnātaka,Karnataka,IN-KA,state,,602.8,4734,4734,3,Asia/Kolkata,FALSE,1356272688
Edavalli,Edavalli,,15.3983,78.9942,India,IN,IND,Andhra Pradesh,Andhra Pradesh,IN-AP,state,,143.2,4733,4733,4,Asia/Kolkata,TRUE,1356377697
Loluga,Loluga,,18.3073,83.7818,India,IN,IND,Andhra Pradesh,Andhra Pradesh,IN-AP,state,,547.7,4733,4733,3,Asia/Kolkata,FALSE,1356028533
Byādarhalli,Byadarhalli,,12.4475,76.3487,India,IN,IND,Karnātaka,Karnataka,IN-KA,state,,516.1,4733,4733,3,Asia/Kolkata,FALSE,1356854889
Alaganvidudi,Alaganvidudi,,10.4920,79.3480,India,IN,IND,Tamil Nādu,Tamil Nadu,IN-TN,state,,577.2,4733,4733,3,Asia/Kolkata,FALSE,1356175268
Qasba,Qasba,,25.1793,87.3938,India,IN,IND,Jhārkhand,Jharkhand,IN-JH,state,,817.0,4733,4733,3,Asia/Kolkata,TRUE,1356005196
Karuppilākkattalai,Karuppilakkattalai,,11.0317,79.1441,India,IN,IND,Tamil Nādu,Tamil Nadu,IN-TN,state,,397.3,4732,4732,3,Asia/Kolkata,FALSE,1356248710
Harintor,Harintor,,25.8780,87.7206,India,IN,IND,Bihār,Bihar,IN-BR,state,,1414.0,4732,4732,3,Asia/Kolkata,FALSE,1356399508
Jhinna,Jhinna,,24.4403,81.2193,India,IN,IND,Madhya Pradesh,Madhya Pradesh,IN-MP,state,,333.4,4732,4732,3,Asia/Kolkata,TRUE,1356066628
Sevvampatti,Sevvampatti,,12.3967,78.4273,India,IN,IND,Tamil Nādu,Tamil Nadu,IN-TN,state,,579.0,4732,4732,3,Asia/Kolkata,FALSE,1356716147
Barāgaon,Baragaon,,24.4926,81.4497,India,IN,IND,Madhya Pradesh,Madhya Pradesh,IN-MP,state,,697.3,4732,4732,3,Asia/Kolkata,TRUE,1356324450
Kolhāpur,Kolhapur,,16.1831,78.3406,India,IN,IND,Telangāna,Telangana,IN-TG,state,,133.7,4732,4732,3,Asia/Kolkata,FALSE,1356206658
Birnia,Birnia,,26.3212,87.8248,India,IN,IND,Bihār,Bihar,IN-BR,state,,1157.8,4732,4732,3,Asia/Kolkata,TRUE,1356585767
Mellavāgu,Mellavagu,,16.3450,79.7380,India,IN,IND,Andhra Pradesh,Andhra Pradesh,IN-AP,state,,110.4,4731,4731,4,Asia/Kolkata,FALSE,1356517104
Pātacudapah,Patacudapah,,14.4986,78.8335,India,IN,IND,Andhra Pradesh,Andhra Pradesh,IN-AP,state,,3798.7,4730,4730,2,Asia/Kolkata,FALSE,1356073355
Kalamarudūr,Kalamarudur,,11.7717,79.3041,India,IN,IND,Tamil Nādu,Tamil Nadu,IN-TN,state,,557.8,4730,4730,3,Asia/Kolkata,FALSE,1356202837
Khetla,Khetla,,30.0296,76.0092,India,IN,IND,Punjab,Punjab,IN-PB,state,,537.5,4730,4730,3,Asia/Kolkata,FALSE,1356176689
Varadampatti,Varadampatti,,11.4801,77.8357,India,IN,IND,Tamil Nādu,Tamil Nadu,IN-TN,state,,659.5,4730,4730,3,Asia/Kolkata,FALSE,1356166474
Murli,Murli,,25.7091,86.6864,India,IN,IND,Bihār,Bihar,IN-BR,state,,1420.3,4730,4730,3,Asia/Kolkata,TRUE,1356011365
Sādpur Rājwāra,Sadpur Rajwara,,25.6561,87.5504,India,IN,IND,Bihār,Bihar,IN-BR,state,,1090.9,4730,4730,3,Asia/Kolkata,FALSE,1356509170
Karnauti,Karnauti,,25.6928,85.5597,India,IN,IND,Bihār,Bihar,IN-BR,state,,2492.0,4729,4729,2,Asia/Kolkata,FALSE,1356472690
Karamgarh,Karamgarh,,30.4145,75.6077,India,IN,IND,Punjab,Punjab,IN-PB,state,,512.5,4729,4729,3,Asia/Kolkata,FALSE,1356109410
Sīnapuram,Sinapuram,,11.2927,77.5304,India,IN,IND,Tamil Nādu,Tamil Nadu,IN-TN,state,,376.7,4729,4729,3,Asia/Kolkata,FALSE,1356167099
Manakkarai,Manakkarai,,8.6701,77.8569,India,IN,IND,Tamil Nādu,Tamil Nadu,IN-TN,state,,345.4,4729,4729,3,Asia/Kolkata,TRUE,1356221810
Richhāi,Richhai,,23.2206,79.9779,India,IN,IND,Madhya Pradesh,Madhya Pradesh,IN-MP,state,,419.5,4729,4729,3,Asia/Kolkata,TRUE,1356060630
Gejjihalli,Gejjihalli,,15.5771,77.0544,India,IN,IND,Andhra Pradesh,Andhra Pradesh,IN-AP,state,,227.5,4729,4729,3,Asia/Kolkata,FALSE,1356626700
Satner,Satner,,21.5943,77.8064,India,IN,IND,Madhya Pradesh,Madhya Pradesh,IN-MP,state,,180.1,4728,4728,4,Asia/Kolkata,FALSE,1356061917
Gorhan,Gorhan,,24.3496,85.8546,India,IN,IND,Jhārkhand,Jharkhand,IN-JH,state,,931.8,4728,4728,3,Asia/Kolkata,FALSE,1356255925
Appalrāopet,Appalraopet,,17.7610,79.8093,India,IN,IND,Telangāna,Telangana,IN-TG,state,,397.7,4728,4728,3,Asia/Kolkata,FALSE,1356064330
Bamhanāri,Bamhanari,,24.2132,81.1107,India,IN,IND,Madhya Pradesh,Madhya Pradesh,IN-MP,state,,414.3,4728,4728,3,Asia/Kolkata,FALSE,1356007334
Bollāpalle,Bollapalle,,16.1944,79.6878,India,IN,IND,Andhra Pradesh,Andhra Pradesh,IN-AP,state,,110.4,4727,4727,3,Asia/Kolkata,TRUE,1356906854
Būrugala,Burugala,,15.1363,77.9482,India,IN,IND,Andhra Pradesh,Andhra Pradesh,IN-AP,state,,115.4,4726,4726,4,Asia/Kolkata,FALSE,1356594618
Jakkidona,Jakkidona,,13.4089,79.2352,India,IN,IND,Andhra Pradesh,Andhra Pradesh,IN-AP,state,,296.3,4726,4726,3,Asia/Kolkata,FALSE,1356352959
Netāpur,Netapur,,16.7244,79.4227,India,IN,IND,Telangāna,Telangana,IN-TG,state,,241.7,4726,4726,3,Asia/Kolkata,FALSE,1356083666
Potreddipeta,Potreddipeta,,18.2698,79.4075,India,IN,IND,Telangāna,Telangana,IN-TG,state,,586.8,4726,4726,3,Asia/Kolkata,FALSE,1356553036
Pansāhi,Pansahi,,26.1917,86.9491,India,IN,IND,Bihār,Bihar,IN-BR,state,,1035.2,4726,4726,3,Asia/Kolkata,FALSE,1356450549
Muswa,Muswa,,26.7591,84.8068,India,IN,IND,Bihār,Bihar,IN-BR,state,,1834.6,4725,4725,3,Asia/Kolkata,FALSE,1356355202
Bisrāmpur,Bisrampur,,24.4716,84.5740,India,IN,IND,Bihār,Bihar,IN-BR,state,,417.0,4725,4725,3,Asia/Kolkata,TRUE,1356037214
Ballūr,Ballur,,12.7546,77.7874,India,IN,IND,Tamil Nādu,Tamil Nadu,IN-TN,state,,1294.0,4725,4725,3,Asia/Kolkata,FALSE,1356223982
Hasni,Hasni,,25.3650,85.4084,India,IN,IND,Bihār,Bihar,IN-BR,state,,1502.9,4725,4725,3,Asia/Kolkata,TRUE,1356192125
Matki,Matki,,17.6274,76.5114,India,IN,IND,Karnātaka,Karnataka,IN-KA,state,,205.3,4725,4725,3,Asia/Kolkata,FALSE,1356114507
Madhabpur,Madhabpur,,22.0474,88.5627,India,IN,IND,West Bengal,West Bengal,IN-WB,state,,509.2,4725,4725,3,Asia/Kolkata,TRUE,1356795886
Dahībhāt,Dahibhat,,26.3845,87.6865,India,IN,IND,Bihār,Bihar,IN-BR,state,,1079.9,4725,4725,3,Asia/Kolkata,TRUE,1356836756
Neduvākkottai,Neduvakkottai,,10.6581,79.4265,India,IN,IND,Tamil Nādu,Tamil Nadu,IN-TN,state,,652.6,4724,4724,3,Asia/Kolkata,FALSE,1356241629
Jahāzgarh,Jahazgarh,,28.6400,76.5600,India,IN,IND,Haryāna,Haryana,IN-HR,state,,484.3,4724,4724,3,Asia/Kolkata,FALSE,1356592988
Reddipalli,Reddipalli,Reddipalle,14.0897,79.2290,India,IN,IND,Andhra Pradesh,Andhra Pradesh,IN-AP,state,,115.3,4724,4724,4,Asia/Kolkata,TRUE,1356071594
Rāna Bigha,Rana Bigha,,25.4589,85.7257,India,IN,IND,Bihār,Bihar,IN-BR,state,,1774.6,4724,4724,3,Asia/Kolkata,FALSE,1356117166
Jatāna Kalān,Jatana Kalan,,29.7628,75.2456,India,IN,IND,Punjab,Punjab,IN-PB,state,,359.0,4722,4722,3,Asia/Kolkata,FALSE,1356979025
Nekpur,Nekpur,,25.0088,85.3531,India,IN,IND,Bihār,Bihar,IN-BR,state,,825.6,4722,4722,3,Asia/Kolkata,FALSE,1356708668
Panruri,Panruri,,25.0088,84.2758,India,IN,IND,Bihār,Bihar,IN-BR,state,,1107.1,4722,4722,3,Asia/Kolkata,FALSE,1356277133
Katāro,Kataro,,26.0738,84.9895,India,IN,IND,Bihār,Bihar,IN-BR,state,,1809.4,4722,4722,3,Asia/Kolkata,FALSE,1356534965
Khajuri,Khajuri,,25.9153,85.8046,India,IN,IND,Bihār,Bihar,IN-BR,state,,1903.4,4721,4721,3,Asia/Kolkata,TRUE,1356130194
Manegudem,Manegudem,,18.7376,78.7453,India,IN,IND,Telangāna,Telangana,IN-TG,state,,246.0,4721,4721,3,Asia/Kolkata,FALSE,1356657453
Bela,Bela,,24.8418,86.2211,India,IN,IND,Bihār,Bihar,IN-BR,state,,665.0,4721,4721,3,Asia/Kolkata,TRUE,1356093906
Bāghakol,Baghakol,,25.9914,85.0007,India,IN,IND,Bihār,Bihar,IN-BR,state,,1343.2,4721,4721,3,Asia/Kolkata,TRUE,1356034105
Panakalapālem,Panakalapalem,,15.5012,80.0479,India,IN,IND,Andhra Pradesh,Andhra Pradesh,IN-AP,state,,1184.5,4721,4721,3,Asia/Kolkata,FALSE,1356922325
Gollapādu,Gollapadu,,16.3053,80.0827,India,IN,IND,Andhra Pradesh,Andhra Pradesh,IN-AP,state,,344.6,4720,4720,3,Asia/Kolkata,FALSE,1356071750
Kusi,Kusi,,24.7778,84.3791,India,IN,IND,Bihār,Bihar,IN-BR,state,,619.4,4720,4720,3,Asia/Kolkata,FALSE,1356649738
Inna,Inna,,13.1396,74.8420,India,IN,IND,Karnātaka,Karnataka,IN-KA,state,,178.9,4720,4720,4,Asia/Kolkata,FALSE,1356124700
Selda,Selda,,21.7960,75.8542,India,IN,IND,Madhya Pradesh,Madhya Pradesh,IN-MP,state,,358.6,4720,4720,3,Asia/Kolkata,FALSE,1356088416
Haral Jhikli,Haral Jhikli,,32.3583,75.8500,India,IN,IND,Himāchal Pradesh,Himachal Pradesh,IN-HP,state,,269.4,4720,4720,3,Asia/Kolkata,FALSE,1356990279
Pawai,Pawai,,25.5581,87.3547,India,IN,IND,Bihār,Bihar,IN-BR,state,,921.9,4720,4720,3,Asia/Kolkata,TRUE,1356033332
Rabda,Rabda,,24.0523,83.9258,India,IN,IND,Jhārkhand,Jharkhand,IN-JH,state,,429.1,4719,4719,3,Asia/Kolkata,TRUE,1356367311
Kunkalamirru,Kunkalamirru,,15.8823,80.3170,India,IN,IND,Andhra Pradesh,Andhra Pradesh,IN-AP,state,,213.3,4719,4719,3,Asia/Kolkata,FALSE,1356542625
Hāri Budha,Hari Budha,,33.7428,74.2651,India,IN,IND,Jammu and Kashmīr,Jammu and Kashmir,IN-JK,state,,198.4,4719,4719,4,Asia/Kolkata,FALSE,1356797837
Sovinahalli,Sovinahalli,,15.1294,75.9402,India,IN,IND,Karnātaka,Karnataka,IN-KA,state,,220.0,4719,4719,3,Asia/Kolkata,FALSE,1356019183
Saleha,Saleha,,24.4168,80.4010,India,IN,IND,Madhya Pradesh,Madhya Pradesh,IN-MP,state,,263.3,4719,4719,3,Asia/Kolkata,FALSE,1356070150
Gāngra,Gangra,,21.9120,87.9769,India,IN,IND,West Bengal,West Bengal,IN-WB,state,,2668.5,4719,4719,2,Asia/Kolkata,FALSE,1356041446
Afzalpur,Afzalpur,,25.6721,86.6277,India,IN,IND,Bihār,Bihar,IN-BR,state,,1967.9,4719,4719,3,Asia/Kolkata,TRUE,1356847810
Chincholi,Chincholi,,21.2100,77.7200,India,IN,IND,Mahārāshtra,Maharashtra,IN-MH,state,,258.9,4718,4718,3,Asia/Kolkata,TRUE,1356655083