city,city_ascii,city_alt,lat,lng,country,iso2,iso3,admin_name,admin_name_ascii,admin_code,admin_type,capital,density,population,population_proper,ranking,timezone,same_name,id
Gopināthpur,Gopinathpur,,22.8014,85.9851,India,IN,IND,Jhārkhand,Jharkhand,IN-JH,state,,657.5,640,640,3,Asia/Kolkata,FALSE,1356237586
Paravagondanahalli,Paravagondanahalli,,13.3250,76.4397,India,IN,IND,Karnātaka,Karnataka,IN-KA,state,,290.0,640,640,3,Asia/Kolkata,FALSE,1356368630
Bachi,Bachi,,34.1024,74.1906,India,IN,IND,Jammu and Kashmīr,Jammu and Kashmir,IN-JK,state,,287.9,640,640,3,Asia/Kolkata,FALSE,1356144826
Junāwāni,Junawani,,22.8912,78.4478,India,IN,IND,Madhya Pradesh,Madhya Pradesh,IN-MP,state,,188.5,640,640,4,Asia/Kolkata,TRUE,1356193200
Hāhe,Hahe,,23.4030,85.4964,India,IN,IND,Jhārkhand,Jharkhand,IN-JH,state,,294.0,640,640,3,Asia/Kolkata,FALSE,1356180403
Khajuriā,Khajuria,,21.1388,85.0262,India,IN,IND,Odisha,Odisha,IN-OR,state,,156.9,640,640,4,Asia/Kolkata,TRUE,1356258698
Garda,Garda,,24.4689,79.7699,India,IN,IND,Madhya Pradesh,Madhya Pradesh,IN-MP,state,,125.9,640,640,4,Asia/Kolkata,TRUE,1356247193
Kumārsingha,Kumarsingha,,20.8427,84.0813,India,IN,IND,Odisha,Odisha,IN-OR,state,,297.2,640,640,3,Asia/Kolkata,FALSE,1356230487
Mithua,Mithua,,26.5253,84.3821,India,IN,IND,Bihār,Bihar,IN-BR,state,,1175.1,640,640,3,Asia/Kolkata,FALSE,1356553406
Māyagondanahalli,Mayagondanahalli,,13.2414,76.0035,India,IN,IND,Karnātaka,Karnataka,IN-KA,state,,229.7,640,640,3,Asia/Kolkata,TRUE,1356472027
Motakapalli,Motakapalli,,13.8090,77.8465,India,IN,IND,Karnātaka,Karnataka,IN-KA,state,,188.4,640,640,4,Asia/Kolkata,TRUE,1356038624
Uisia,Uisia,,22.2008,85.5704,India,IN,IND,Jhārkhand,Jharkhand,IN-JH,state,,314.8,640,640,3,Asia/Kolkata,FALSE,1356181822
Korbahāl,Korbahal,,21.9617,83.6334,India,IN,IND,Odisha,Odisha,IN-OR,state,,114.3,640,640,4,Asia/Kolkata,FALSE,1356062643
Jagowāl,Jagowal,,31.9992,75.1948,India,IN,IND,Punjab,Punjab,IN-PB,state,,599.6,640,640,3,Asia/Kolkata,TRUE,1356038481
Pahārīpur,Paharipur,,30.1978,76.3764,India,IN,IND,Punjab,Punjab,IN-PB,state,,827.2,640,640,3,Asia/Kolkata,FALSE,1356842432
Mukru,Mukru,,23.8192,85.4220,India,IN,IND,Jhārkhand,Jharkhand,IN-JH,state,,304.8,640,640,3,Asia/Kolkata,FALSE,1356259164
Bhāludongri,Bhaludongri,,20.2411,82.7339,India,IN,IND,Odisha,Odisha,IN-OR,state,,392.8,640,640,3,Asia/Kolkata,FALSE,1356408621
Bhakra,Bhakra,,24.7759,85.7280,India,IN,IND,Bihār,Bihar,IN-BR,state,,419.2,640,640,3,Asia/Kolkata,FALSE,1356216583
Heth Balalong,Heth Balalong,,23.0983,85.6084,India,IN,IND,Jhārkhand,Jharkhand,IN-JH,state,,194.7,640,640,4,Asia/Kolkata,FALSE,1356187664
Myāliganūru,Myaliganuru,,15.8411,77.0309,India,IN,IND,Andhra Pradesh,Andhra Pradesh,IN-AP,state,,260.1,640,640,3,Asia/Kolkata,FALSE,1356768933
Timlapur,Timlapur,,13.3998,77.0143,India,IN,IND,Karnātaka,Karnataka,IN-KA,state,,597.9,640,640,3,Asia/Kolkata,TRUE,1356394268
Bidrā,Bidra,,24.0823,84.5320,India,IN,IND,Jhārkhand,Jharkhand,IN-JH,state,,422.9,640,640,3,Asia/Kolkata,FALSE,1356456051
Taratāva,Taratava,,16.6163,81.4090,India,IN,IND,Andhra Pradesh,Andhra Pradesh,IN-AP,state,,653.9,640,640,3,Asia/Kolkata,FALSE,1356599239
Siāria,Siaria,,21.3919,84.6211,India,IN,IND,Odisha,Odisha,IN-OR,state,,114.1,640,640,4,Asia/Kolkata,TRUE,1356235953
Dhimrāi,Dhimrai,,24.3679,77.4761,India,IN,IND,Madhya Pradesh,Madhya Pradesh,IN-MP,state,,247.9,640,640,3,Asia/Kolkata,FALSE,1356300033
Sangāpur,Sangapur,,13.2682,77.1844,India,IN,IND,Karnātaka,Karnataka,IN-KA,state,,596.8,640,640,3,Asia/Kolkata,FALSE,1356589488
Badibahāl,Badibahal,,20.0502,82.6025,India,IN,IND,Odisha,Odisha,IN-OR,state,,174.0,640,640,4,Asia/Kolkata,FALSE,1356098952
Lālpura Jhāla,Lalpura Jhala,,23.7611,76.7183,India,IN,IND,Madhya Pradesh,Madhya Pradesh,IN-MP,state,,280.9,640,640,3,Asia/Kolkata,FALSE,1356408792
Pandhār,Pandhar,,25.1100,85.8517,India,IN,IND,Bihār,Bihar,IN-BR,state,,1311.3,640,640,3,Asia/Kolkata,FALSE,1356027983
Giriyāpura,Giriyapura,,14.4599,76.0640,India,IN,IND,Karnātaka,Karnataka,IN-KA,state,,721.9,640,640,3,Asia/Kolkata,FALSE,1356572664
Hardua,Hardua,,23.4004,79.8776,India,IN,IND,Madhya Pradesh,Madhya Pradesh,IN-MP,state,,301.8,640,640,3,Asia/Kolkata,TRUE,1356223482
Hāmidpur,Hamidpur,,24.3886,87.8053,India,IN,IND,West Bengal,West Bengal,IN-WB,state,,1237.1,640,640,3,Asia/Kolkata,TRUE,1356465782
Nāni Makrai,Nani Makrai,,22.0834,77.0819,India,IN,IND,Madhya Pradesh,Madhya Pradesh,IN-MP,state,,227.2,640,640,3,Asia/Kolkata,FALSE,1356274503
Bālanda,Balanda,,20.1856,84.9607,India,IN,IND,Odisha,Odisha,IN-OR,state,,149.3,640,640,4,Asia/Kolkata,TRUE,1356195961
Gochar,Gochar,,30.8919,76.7015,India,IN,IND,Punjab,Punjab,IN-PB,state,,430.6,640,640,3,Asia/Kolkata,TRUE,1356314230
Paitkurha,Paitkurha,,25.7616,87.9860,India,IN,IND,West Bengal,West Bengal,IN-WB,state,,1137.5,639,639,3,Asia/Kolkata,FALSE,1356793268
Khela,Khela,,31.0381,75.6843,India,IN,IND,Punjab,Punjab,IN-PB,state,,596.0,639,639,3,Asia/Kolkata,TRUE,1356207565
Hanumanhalli,Hanumanhalli,,15.1093,75.1988,India,IN,IND,Karnātaka,Karnataka,IN-KA,state,,293.7,638,638,3,Asia/Kolkata,TRUE,1356386807
Hilgawān,Hilgawan,,26.4215,79.0884,India,IN,IND,Uttar Pradesh,Uttar Pradesh,IN-UP,state,,270.1,638,638,3,Asia/Kolkata,FALSE,1356569092
Pulivāy,Pulivay,,12.6896,79.7721,India,IN,IND,Tamil Nādu,Tamil Nadu,IN-TN,state,,506.9,638,638,3,Asia/Kolkata,FALSE,1356392704
Salaia Pāndpur,Salaia Pandpur,,22.6818,81.1270,India,IN,IND,Madhya Pradesh,Madhya Pradesh,IN-MP,state,,63.3,638,638,4,Asia/Kolkata,FALSE,1356990006
Barguwān,Barguwan,,24.3769,79.0261,India,IN,IND,Madhya Pradesh,Madhya Pradesh,IN-MP,state,,274.9,638,638,3,Asia/Kolkata,FALSE,1356188699
Musvalli,Musvalli,,14.2273,74.8485,India,IN,IND,Karnātaka,Karnataka,IN-KA,state,,116.3,638,638,4,Asia/Kolkata,FALSE,1356113067
Rāmpuri,Rampuri,,22.8187,80.4445,India,IN,IND,Madhya Pradesh,Madhya Pradesh,IN-MP,state,,108.0,638,638,4,Asia/Kolkata,TRUE,1356551601
Bhandārpalli,Bhandarpalli,,18.7112,77.8777,India,IN,IND,Telangāna,Telangana,IN-TG,state,,485.2,638,638,3,Asia/Kolkata,FALSE,1356781386
Yārlapūdi,Yarlapudi,,13.8546,79.5292,India,IN,IND,Andhra Pradesh,Andhra Pradesh,IN-AP,state,,321.6,638,638,3,Asia/Kolkata,FALSE,1356148364
Nāharwāra,Naharwara,,22.7233,78.3342,India,IN,IND,Madhya Pradesh,Madhya Pradesh,IN-MP,state,,327.1,638,638,3,Asia/Kolkata,FALSE,1356068732
Chintagūdem,Chintagudem,,18.4797,80.3617,India,IN,IND,Telangāna,Telangana,IN-TG,state,,35.5,638,638,4,Asia/Kolkata,TRUE,1356638115
Gattiguda,Gattiguda,,19.7556,83.5720,India,IN,IND,Odisha,Odisha,IN-OR,state,,116.5,638,638,4,Asia/Kolkata,FALSE,1356271683
Bhargawān,Bhargawan,,24.8417,80.7979,India,IN,IND,Madhya Pradesh,Madhya Pradesh,IN-MP,state,,128.0,638,638,4,Asia/Kolkata,TRUE,1356743401
Chapwā,Chapwa,,23.9388,85.3902,India,IN,IND,Jhārkhand,Jharkhand,IN-JH,state,,1149.3,638,638,3,Asia/Kolkata,FALSE,1356256775
Jakhoda,Jakhoda,,25.8332,77.1543,India,IN,IND,Madhya Pradesh,Madhya Pradesh,IN-MP,state,,100.2,638,638,4,Asia/Kolkata,TRUE,1356096997
Chotnahalli,Chotnahalli,,12.4751,76.8268,India,IN,IND,Karnātaka,Karnataka,IN-KA,state,,505.9,638,638,3,Asia/Kolkata,FALSE,1356039362
Shharot,Shharot,,33.1471,75.7335,India,IN,IND,Jammu and Kashmīr,Jammu and Kashmir,IN-JK,state,,107.1,638,638,4,Asia/Kolkata,FALSE,1356652723
Bommahalli,Bommahalli,,13.5728,77.8484,India,IN,IND,Karnātaka,Karnataka,IN-KA,state,,346.7,638,638,3,Asia/Kolkata,FALSE,1356112006
Sunnakallu,Sunnakallu,,13.5035,78.3498,India,IN,IND,Karnātaka,Karnataka,IN-KA,state,,244.7,638,638,3,Asia/Kolkata,FALSE,1356128774
Kundāri,Kundari,,22.6263,79.3536,India,IN,IND,Madhya Pradesh,Madhya Pradesh,IN-MP,state,,133.4,638,638,4,Asia/Kolkata,TRUE,1356504480
Pakrār,Pakrar,,23.8022,84.6145,India,IN,IND,Jhārkhand,Jharkhand,IN-JH,state,,371.6,638,638,3,Asia/Kolkata,TRUE,1356187345
Madan Dehra,Madan Dehra,,25.3906,84.0487,India,IN,IND,Bihār,Bihar,IN-BR,state,,1245.4,638,638,3,Asia/Kolkata,FALSE,1356897144
Phesra,Phesra,,24.8959,84.2966,India,IN,IND,Bihār,Bihar,IN-BR,state,,624.9,638,638,3,Asia/Kolkata,TRUE,1356749275
Venkatareddipalle,Venkatareddipalle,,14.0943,79.7179,India,IN,IND,Andhra Pradesh,Andhra Pradesh,IN-AP,state,,174.1,638,638,4,Asia/Kolkata,TRUE,1356893706
Narsingh Patti,Narsingh Patti,,25.9418,84.9229,India,IN,IND,Bihār,Bihar,IN-BR,state,,1340.8,638,638,3,Asia/Kolkata,FALSE,1356051060
Kartikdānga,Kartikdanga,,24.2628,87.7312,India,IN,IND,West Bengal,West Bengal,IN-WB,state,,823.2,638,638,3,Asia/Kolkata,FALSE,1356108145
Narsipur,Narsipur,,13.1100,77.4630,India,IN,IND,Karnātaka,Karnataka,IN-KA,state,,15537.8,638,638,2,Asia/Kolkata,FALSE,1356086227
Sahara Bahara,Sahara Bahara,,25.4268,87.7781,India,IN,IND,West Bengal,West Bengal,IN-WB,state,,1231.8,638,638,3,Asia/Kolkata,FALSE,1356016372
Sudhalli,Sudhalli,,13.4128,77.6939,India,IN,IND,Karnātaka,Karnataka,IN-KA,state,,364.2,638,638,3,Asia/Kolkata,TRUE,1356132185
Amjo,Amjo,,24.2701,86.3672,India,IN,IND,Jhārkhand,Jharkhand,IN-JH,state,,471.4,638,638,3,Asia/Kolkata,TRUE,1356255616
Dhodrobāru,Dhodrobaru,,22.4759,85.0912,India,IN,IND,Jhārkhand,Jharkhand,IN-JH,state,,219.1,638,638,3,Asia/Kolkata,FALSE,1356199820
Lakshmanapuram,Lakshmanapuram,,17.9020,80.9447,India,IN,IND,Telangāna,Telangana,IN-TG,state,,154.0,638,638,4,Asia/Kolkata,FALSE,1356018759
Darbo,Darbo,,22.5217,85.3557,India,IN,IND,Jhārkhand,Jharkhand,IN-JH,state,,162.8,638,638,4,Asia/Kolkata,FALSE,1356172632
Rājannapeta,Rajannapeta,,17.7509,82.6219,India,IN,IND,Andhra Pradesh,Andhra Pradesh,IN-AP,state,,379.1,638,638,3,Asia/Kolkata,FALSE,1356430673
Bijaipur,Bijaipur,,24.3891,87.5794,India,IN,IND,Jhārkhand,Jharkhand,IN-JH,state,,171.0,638,638,4,Asia/Kolkata,TRUE,1356391159
Krishnampalli,Krishnampalli,,13.7388,79.5902,India,IN,IND,Andhra Pradesh,Andhra Pradesh,IN-AP,state,,278.9,638,638,3,Asia/Kolkata,TRUE,1356953682
Pandrā,Pandra,,23.0429,85.1576,India,IN,IND,Jhārkhand,Jharkhand,IN-JH,state,,249.5,638,638,3,Asia/Kolkata,TRUE,1356181114
Kheri,Kheri,,25.6472,78.5092,India,IN,IND,Madhya Pradesh,Madhya Pradesh,IN-MP,state,,416.7,638,638,3,Asia/Kolkata,TRUE,1356099486
Haddigūda,Haddiguda,,18.5818,82.8418,India,IN,IND,Odisha,Odisha,IN-OR,state,,136.6,638,638,4,Asia/Kolkata,FALSE,1356212130
Goāli,Goali,,23.2425,85.6761,India,IN,IND,Jhārkhand,Jharkhand,IN-JH,state,,632.8,638,638,3,Asia/Kolkata,FALSE,1356179089
Ilangiyendal,Ilangiyendal,,9.9517,78.2324,India,IN,IND,Tamil Nādu,Tamil Nadu,IN-TN,state,,1363.1,638,638,3,Asia/Kolkata,FALSE,1356233681
Aujhān,Aujhan,,30.1478,76.5918,India,IN,IND,Punjab,Punjab,IN-PB,state,,831.6,638,638,3,Asia/Kolkata,FALSE,1356668028
Dhārni,Dharni,,21.7829,78.1659,India,IN,IND,Madhya Pradesh,Madhya Pradesh,IN-MP,state,,170.1,638,638,4,Asia/Kolkata,FALSE,1356054029
Prodhaniputtu,Prodhaniputtu,,18.9207,82.4241,India,IN,IND,Odisha,Odisha,IN-OR,state,,188.3,638,638,4,Asia/Kolkata,FALSE,1356757181
Rusalla,Rusalla,,23.5190,77.8866,India,IN,IND,Madhya Pradesh,Madhya Pradesh,IN-MP,state,,194.6,638,638,4,Asia/Kolkata,TRUE,1356827896
Larha,Larha,,25.3995,85.0946,India,IN,IND,Bihār,Bihar,IN-BR,state,,1662.6,638,638,3,Asia/Kolkata,FALSE,1356068459
Nārāyanpur,Narayanpur,,26.2888,84.2493,India,IN,IND,Bihār,Bihar,IN-BR,state,,949.1,638,638,3,Asia/Kolkata,TRUE,1356049743
Khairā,Khaira,,24.2983,85.2815,India,IN,IND,Jhārkhand,Jharkhand,IN-JH,state,,553.4,638,638,3,Asia/Kolkata,TRUE,1356428915
Temni Kalān,Temni Kalan,,21.9637,78.7505,India,IN,IND,Madhya Pradesh,Madhya Pradesh,IN-MP,state,,146.8,638,638,4,Asia/Kolkata,FALSE,1356097304
Hosūr,Hosur,,12.9433,76.2519,India,IN,IND,Karnātaka,Karnataka,IN-KA,state,,423.4,638,638,3,Asia/Kolkata,TRUE,1356386921
Thayagattūr,Thayagattur,,12.8218,76.0873,India,IN,IND,Karnātaka,Karnataka,IN-KA,state,,423.4,638,638,3,Asia/Kolkata,FALSE,1356306995
Ruia,Ruia,,25.2047,83.4683,India,IN,IND,Bihār,Bihar,IN-BR,state,,805.1,638,638,3,Asia/Kolkata,TRUE,1356031053
Gangamadagu,Gangamadagu,,12.7543,78.1783,India,IN,IND,Tamil Nādu,Tamil Nadu,IN-TN,state,,493.5,638,638,3,Asia/Kolkata,FALSE,1356505255
Sinnavippedu,Sinnavippedu,,12.6608,80.0749,India,IN,IND,Tamil Nādu,Tamil Nadu,IN-TN,state,,986.8,638,638,3,Asia/Kolkata,FALSE,1356023621
Halkusa,Halkusa,,24.7269,85.7979,India,IN,IND,Jhārkhand,Jharkhand,IN-JH,state,,287.4,638,638,3,Asia/Kolkata,FALSE,1356237988
Tolādih,Toladih,,22.9521,85.5968,India,IN,IND,Jhārkhand,Jharkhand,IN-JH,state,,189.1,638,638,4,Asia/Kolkata,FALSE,1356259189
Amjhar,Amjhar,,22.7151,80.6325,India,IN,IND,Madhya Pradesh,Madhya Pradesh,IN-MP,state,,125.5,638,638,4,Asia/Kolkata,TRUE,1356846784
Kalyānpur,Kalyanpur,,23.6887,78.4165,India,IN,IND,Madhya Pradesh,Madhya Pradesh,IN-MP,state,,218.0,638,638,3,Asia/Kolkata,TRUE,1356528161
Hematpur,Hematpur,,24.5797,85.2292,India,IN,IND,Bihār,Bihar,IN-BR,state,,1093.7,638,638,3,Asia/Kolkata,FALSE,1356933968
Roshan Shāhwāla,Roshan Shahwala,Būtar,31.0403,74.9969,India,IN,IND,Punjab,Punjab,IN-PB,state,,441.9,638,638,3,Asia/Kolkata,FALSE,1356623487
Dubri,Dubri,,26.3627,87.7798,India,IN,IND,Bihār,Bihar,IN-BR,state,,1144.3,638,638,3,Asia/Kolkata,FALSE,1356940911
Ujain Dehra,Ujain Dehra,,25.3183,84.3881,India,IN,IND,Bihār,Bihar,IN-BR,state,,1052.4,638,638,3,Asia/Kolkata,FALSE,1356150090
Kot Khamaria,Kot Khamaria,,23.5905,79.5758,India,IN,IND,Madhya Pradesh,Madhya Pradesh,IN-MP,state,,153.2,638,638,4,Asia/Kolkata,FALSE,1356150911
Siddenahalli,Siddenahalli,,13.6029,77.5751,India,IN,IND,Karnātaka,Karnataka,IN-KA,state,,355.2,638,638,3,Asia/Kolkata,FALSE,1356994721
Belsar,Belsar,,22.2141,76.0073,India,IN,IND,Madhya Pradesh,Madhya Pradesh,IN-MP,state,,218.4,638,638,3,Asia/Kolkata,FALSE,1356076960
Chinnāyapalli,Chinnayapalli,,14.9561,79.0233,India,IN,IND,Andhra Pradesh,Andhra Pradesh,IN-AP,state,,180.0,638,638,4,Asia/Kolkata,FALSE,1356615304
Palethni,Palethni,,24.2344,78.5684,India,IN,IND,Madhya Pradesh,Madhya Pradesh,IN-MP,state,,209.3,638,638,3,Asia/Kolkata,FALSE,1356643151
Pokharia,Pokharia,,24.7194,87.8090,India,IN,IND,Jhārkhand,Jharkhand,IN-JH,state,,1658.1,638,638,3,Asia/Kolkata,FALSE,1356054216
Phulwariā,Phulwaria,,24.5465,84.1352,India,IN,IND,Bihār,Bihar,IN-BR,state,,471.4,638,638,3,Asia/Kolkata,TRUE,1356280556
Purwa,Purwa,,24.4237,79.8127,India,IN,IND,Madhya Pradesh,Madhya Pradesh,IN-MP,state,,125.9,638,638,4,Asia/Kolkata,TRUE,1356379575
Durgapura,Durgapura,,23.7680,77.2215,India,IN,IND,Madhya Pradesh,Madhya Pradesh,IN-MP,state,,366.8,638,638,3,Asia/Kolkata,TRUE,1356448057
Muvār Kalān,Muvar Kalan,,22.7160,79.1216,India,IN,IND,Madhya Pradesh,Madhya Pradesh,IN-MP,state,,88.1,638,638,4,Asia/Kolkata,FALSE,1356419084
Masnia,Masnia,,25.1710,87.5399,India,IN,IND,Jhārkhand,Jharkhand,IN-JH,state,,624.3,638,638,3,Asia/Kolkata,FALSE,1356943336
Vallāpuram,Vallapuram,,18.5681,83.2336,India,IN,IND,Andhra Pradesh,Andhra Pradesh,IN-AP,state,,479.5,638,638,3,Asia/Kolkata,FALSE,1356287162
Mungwāni,Mungwani,,22.4591,79.8251,India,IN,IND,Madhya Pradesh,Madhya Pradesh,IN-MP,state,,169.0,638,638,4,Asia/Kolkata,TRUE,1356054996
Goruguntapādu,Goruguntapadu,,15.7067,79.2196,India,IN,IND,Andhra Pradesh,Andhra Pradesh,IN-AP,state,,410.2,638,638,3,Asia/Kolkata,FALSE,1356137508
Shuidat Chhapra,Shuidat Chhapra,,26.4931,84.0094,India,IN,IND,Bihār,Bihar,IN-BR,state,,1013.7,638,638,3,Asia/Kolkata,FALSE,1356061054
Porloyāng,Porloyang,,22.6745,85.7986,India,IN,IND,Jhārkhand,Jharkhand,IN-JH,state,,188.7,638,638,4,Asia/Kolkata,FALSE,1356254448
Bardhana,Bardhana,,21.8843,85.7585,India,IN,IND,Odisha,Odisha,IN-OR,state,,333.5,638,638,3,Asia/Kolkata,FALSE,1356254900
Bāpanapalle,Bapanapalle,,18.1182,81.8536,India,IN,IND,Odisha,Odisha,IN-OR,state,,114.0,638,638,4,Asia/Kolkata,TRUE,1356001616
Pichhuliā,Pichhulia,,24.3812,84.3535,India,IN,IND,Jhārkhand,Jharkhand,IN-JH,state,,264.0,638,638,3,Asia/Kolkata,FALSE,1356658312
Sumuibera,Sumuibera,,22.7247,84.9852,India,IN,IND,Jhārkhand,Jharkhand,IN-JH,state,,161.8,638,638,4,Asia/Kolkata,FALSE,1356197004
Tahaddiri,Tahaddiri,,23.4399,85.9632,India,IN,IND,West Bengal,West Bengal,IN-WB,state,,431.7,638,638,3,Asia/Kolkata,FALSE,1356185986
Matyāvulahalli,Matyavulahalli,,13.7687,77.6471,India,IN,IND,Karnātaka,Karnataka,IN-KA,state,,326.0,637,637,3,Asia/Kolkata,FALSE,1356138812
Singhāri,Singhari,,20.8007,84.1278,India,IN,IND,Odisha,Odisha,IN-OR,state,,225.5,637,637,3,Asia/Kolkata,FALSE,1356229718
Chinna Ankalam,Chinna Ankalam,,18.6620,83.4536,India,IN,IND,Andhra Pradesh,Andhra Pradesh,IN-AP,state,,384.4,637,637,3,Asia/Kolkata,FALSE,1356128110
Sultānpur,Sultanpur,,32.3699,75.3410,India,IN,IND,Jammu and Kashmīr,Jammu and Kashmir,IN-JK,state,,394.6,637,637,3,Asia/Kolkata,TRUE,1356104302
Debipur,Debipur,,24.1844,87.7437,India,IN,IND,West Bengal,West Bengal,IN-WB,state,,757.8,637,637,3,Asia/Kolkata,TRUE,1356772208
Tel Bigha,Tel Bigha,,24.7283,85.1240,India,IN,IND,Bihār,Bihar,IN-BR,state,,1008.3,637,637,3,Asia/Kolkata,FALSE,1356671777
Anuwān,Anuwan,,25.3247,84.3200,India,IN,IND,Bihār,Bihar,IN-BR,state,,1052.4,637,637,3,Asia/Kolkata,FALSE,1356336015
Khojewāl,Khojewal,,31.7833,75.2333,India,IN,IND,Punjab,Punjab,IN-PB,state,,821.5,637,637,3,Asia/Kolkata,FALSE,1356096325
Dakhla,Dakhla,,32.0539,75.3016,India,IN,IND,Punjab,Punjab,IN-PB,state,,599.6,637,637,3,Asia/Kolkata,FALSE,1356575701
Jamgoda,Jamgoda,,22.9646,75.5961,India,IN,IND,Madhya Pradesh,Madhya Pradesh,IN-MP,state,,324.5,637,637,3,Asia/Kolkata,FALSE,1356119801
Sokha,Sokha,,24.3966,84.8197,India,IN,IND,Jhārkhand,Jharkhand,IN-JH,state,,478.6,637,637,3,Asia/Kolkata,FALSE,1356201175
Tirupatihalli,Tirupatihalli,,13.2796,76.2654,India,IN,IND,Karnātaka,Karnataka,IN-KA,state,,272.6,637,637,3,Asia/Kolkata,TRUE,1356088464
Amdāha Kalān,Amdaha Kalan,,25.0759,86.5384,India,IN,IND,Bihār,Bihar,IN-BR,state,,797.2,637,637,3,Asia/Kolkata,FALSE,1356398368
Chaunsra,Chaunsra,,22.1491,79.1296,India,IN,IND,Madhya Pradesh,Madhya Pradesh,IN-MP,state,,154.4,637,637,4,Asia/Kolkata,FALSE,1356542207
Bairankoppa,Bairankoppa,,14.0647,75.4786,India,IN,IND,Karnātaka,Karnataka,IN-KA,state,,486.2,637,637,3,Asia/Kolkata,FALSE,1356692034
Avalmarakalgatta,Avalmarakalgatta,,13.0749,78.3169,India,IN,IND,Karnātaka,Karnataka,IN-KA,state,,323.1,637,637,3,Asia/Kolkata,FALSE,1356165979
Viliyanendal,Viliyanendal,,9.8032,78.2801,India,IN,IND,Tamil Nādu,Tamil Nadu,IN-TN,state,,380.2,637,637,3,Asia/Kolkata,FALSE,1356217375
Sarbāhāna,Sarbahana,,24.7662,85.7695,India,IN,IND,Jhārkhand,Jharkhand,IN-JH,state,,287.4,637,637,3,Asia/Kolkata,FALSE,1356229594
Charvi,Charvi,,21.9462,74.5028,India,IN,IND,Madhya Pradesh,Madhya Pradesh,IN-MP,state,,242.9,637,637,3,Asia/Kolkata,FALSE,1356889375
Tithi,Tithi,,23.4451,84.3531,India,IN,IND,Jhārkhand,Jharkhand,IN-JH,state,,118.3,637,637,4,Asia/Kolkata,TRUE,1356193896
Chhārwi,Chharwi,,22.5039,74.5084,India,IN,IND,Madhya Pradesh,Madhya Pradesh,IN-MP,state,,286.6,637,637,3,Asia/Kolkata,FALSE,1356106574
Muddalapalli,Muddalapalli,,13.7122,78.0190,India,IN,IND,Karnātaka,Karnataka,IN-KA,state,,188.4,637,637,4,Asia/Kolkata,TRUE,1356151574
Hasanpur,Hasanpur,,24.8553,84.7463,India,IN,IND,Bihār,Bihar,IN-BR,state,,540.8,637,637,3,Asia/Kolkata,TRUE,1356432592
Bijori,Bijori,,22.0176,78.3181,India,IN,IND,Madhya Pradesh,Madhya Pradesh,IN-MP,state,,228.7,637,637,3,Asia/Kolkata,TRUE,1356077362
Agasarahalli,Agasarahalli,,13.8060,76.4568,India,IN,IND,Karnātaka,Karnataka,IN-KA,state,,171.3,637,637,3,Asia/Kolkata,TRUE,1356163140
Salīmpur,Salimpur,,30.4637,76.0766,India,IN,IND,Punjab,Punjab,IN-PB,state,,598.3,637,637,3,Asia/Kolkata,FALSE,1356756612
Muddankop,Muddankop,,14.9256,75.1187,India,IN,IND,Karnātaka,Karnataka,IN-KA,state,,350.7,637,637,3,Asia/Kolkata,FALSE,1356488987
Babura,Babura,,24.8993,83.9634,India,IN,IND,Bihār,Bihar,IN-BR,state,,836.5,637,637,3,Asia/Kolkata,TRUE,1356884870
Guraria,Guraria,,22.6722,74.8082,India,IN,IND,Madhya Pradesh,Madhya Pradesh,IN-MP,state,,261.3,637,637,3,Asia/Kolkata,TRUE,1356457541
Singānahalli,Singanahalli,,13.5489,77.4757,India,IN,IND,Karnātaka,Karnataka,IN-KA,state,,355.2,637,637,3,Asia/Kolkata,TRUE,1356157560
Gharamabera,Gharamabera,,21.8938,85.8495,India,IN,IND,Odisha,Odisha,IN-OR,state,,332.8,637,637,3,Asia/Kolkata,FALSE,1356257660
Bisda,Bisda,,23.7604,78.2037,India,IN,IND,Madhya Pradesh,Madhya Pradesh,IN-MP,state,,262.0,637,637,3,Asia/Kolkata,FALSE,1356684938
Gopālpur,Gopalpur,,26.2213,84.2969,India,IN,IND,Bihār,Bihar,IN-BR,state,,2501.8,637,637,2,Asia/Kolkata,TRUE,1356192839
Manjhupur,Manjhupur,,25.2044,84.6897,India,IN,IND,Bihār,Bihar,IN-BR,state,,1125.7,637,637,3,Asia/Kolkata,TRUE,1356146005
Dodh,Dodh,,30.8438,74.5194,India,IN,IND,Punjab,Punjab,IN-PB,state,,477.4,637,637,3,Asia/Kolkata,FALSE,1356032614
Gundēnhalli,Gundenhalli,,13.2091,77.3196,India,IN,IND,Karnātaka,Karnataka,IN-KA,state,,505.0,637,637,3,Asia/Kolkata,FALSE,1356095780
Kammavāripalle,Kammavaripalle,,14.6267,78.7602,India,IN,IND,Andhra Pradesh,Andhra Pradesh,IN-AP,state,,234.7,637,637,3,Asia/Kolkata,TRUE,1356648477
Andaur,Andaur,,25.2084,83.8836,India,IN,IND,Bihār,Bihar,IN-BR,state,,1277.8,637,637,3,Asia/Kolkata,TRUE,1356529563
Kanauja,Kanauja,,23.6286,80.3842,India,IN,IND,Madhya Pradesh,Madhya Pradesh,IN-MP,state,,610.3,637,637,3,Asia/Kolkata,TRUE,1356963808
Dongargaon,Dongargaon,,22.2154,74.7352,India,IN,IND,Madhya Pradesh,Madhya Pradesh,IN-MP,state,,282.0,637,637,3,Asia/Kolkata,TRUE,1356041914
Pansari,Pansari,,25.3439,84.8615,India,IN,IND,Bihār,Bihar,IN-BR,state,,1152.2,637,637,3,Asia/Kolkata,FALSE,1356334831
Katmalli,Katmalli,,15.7948,75.1568,India,IN,IND,Karnātaka,Karnataka,IN-KA,state,,253.6,637,637,3,Asia/Kolkata,FALSE,1356812310
Rāmulāvedu,Ramulavedu,,15.6589,79.6805,India,IN,IND,Andhra Pradesh,Andhra Pradesh,IN-AP,state,,235.7,637,637,3,Asia/Kolkata,FALSE,1356511731
Bāndri,Bandri,,22.4918,77.6425,India,IN,IND,Madhya Pradesh,Madhya Pradesh,IN-MP,state,,121.1,637,637,4,Asia/Kolkata,TRUE,1356050450
Khairi,Khairi,,19.5072,79.0789,India,IN,IND,Telangāna,Telangana,IN-TG,state,,102.7,637,637,4,Asia/Kolkata,FALSE,1356498761
Kalkote,Kalkote,,13.4182,77.5953,India,IN,IND,Karnātaka,Karnataka,IN-KA,state,,364.2,637,637,3,Asia/Kolkata,FALSE,1356131034
Urwāhi,Urwahi,,22.7845,80.8301,India,IN,IND,Madhya Pradesh,Madhya Pradesh,IN-MP,state,,125.5,637,637,4,Asia/Kolkata,FALSE,1356864912
Chelkada,Chelkada,,21.9594,74.1798,India,IN,IND,Madhya Pradesh,Madhya Pradesh,IN-MP,state,,263.8,637,637,3,Asia/Kolkata,FALSE,1356251711
Bakhargaon,Bakhargaon,,22.1360,76.2236,India,IN,IND,Madhya Pradesh,Madhya Pradesh,IN-MP,state,,240.5,637,637,3,Asia/Kolkata,FALSE,1356097748
Parsotampur,Parsotampur,,24.4109,84.6277,India,IN,IND,Bihār,Bihar,IN-BR,state,,1133.8,637,637,3,Asia/Kolkata,FALSE,1356595935
Richha,Richha,,24.4550,78.1483,India,IN,IND,Madhya Pradesh,Madhya Pradesh,IN-MP,state,,325.4,637,637,3,Asia/Kolkata,FALSE,1356247095
Korgi,Korgi,,23.5451,84.2045,India,IN,IND,Jhārkhand,Jharkhand,IN-JH,state,,161.1,637,637,4,Asia/Kolkata,FALSE,1356181000
Guddada Hosahalli,Guddada Hosahalli,,14.3984,75.1819,India,IN,IND,Karnātaka,Karnataka,IN-KA,state,,276.8,637,637,3,Asia/Kolkata,FALSE,1356746770
Sukarra,Sukarra,,23.4648,78.0230,India,IN,IND,Madhya Pradesh,Madhya Pradesh,IN-MP,state,,444.4,637,637,3,Asia/Kolkata,FALSE,1356871625
Shimpādipur,Shimpadipur,,13.2271,77.4130,India,IN,IND,Karnātaka,Karnataka,IN-KA,state,,446.9,637,637,3,Asia/Kolkata,FALSE,1356840795
Parsāin,Parsain,,24.0871,84.3390,India,IN,IND,Jhārkhand,Jharkhand,IN-JH,state,,1159.9,637,637,3,Asia/Kolkata,FALSE,1356046639
Buradagunte,Buradagunte,,12.7547,76.7663,India,IN,IND,Karnātaka,Karnataka,IN-KA,state,,190.5,637,637,4,Asia/Kolkata,TRUE,1356879116
Auliyavithal,Auliyavithal,,21.8647,76.2127,India,IN,IND,Madhya Pradesh,Madhya Pradesh,IN-MP,state,,423.6,637,637,3,Asia/Kolkata,FALSE,1356241567
Kulpahār,Kulpahar,,25.7368,78.0139,India,IN,IND,Madhya Pradesh,Madhya Pradesh,IN-MP,state,,325.7,637,637,3,Asia/Kolkata,FALSE,1356891940
Samrāidih,Samraidih,,22.6917,85.6223,India,IN,IND,Jhārkhand,Jharkhand,IN-JH,state,,490.5,637,637,3,Asia/Kolkata,FALSE,1356209696
Kīlkarai,Kilkarai,,10.0654,78.0557,India,IN,IND,Tamil Nādu,Tamil Nadu,IN-TN,state,,522.9,637,637,3,Asia/Kolkata,FALSE,1356215685
Harnāhi,Harnahi,,24.8828,84.3181,India,IN,IND,Bihār,Bihar,IN-BR,state,,624.9,637,637,3,Asia/Kolkata,TRUE,1356884331
Jetpur,Jetpur,,23.0329,77.9166,India,IN,IND,Madhya Pradesh,Madhya Pradesh,IN-MP,state,,175.1,637,637,4,Asia/Kolkata,TRUE,1356028380
Belwa Tiwāri,Belwa Tiwari,,26.5338,84.3196,India,IN,IND,Bihār,Bihar,IN-BR,state,,1175.1,637,637,3,Asia/Kolkata,TRUE,1356477205
Chakeri,Chakeri,,24.6189,78.0980,India,IN,IND,Madhya Pradesh,Madhya Pradesh,IN-MP,state,,167.6,637,637,4,Asia/Kolkata,TRUE,1356118564
Baktha,Baktha,,23.9531,80.5562,India,IN,IND,Madhya Pradesh,Madhya Pradesh,IN-MP,state,,297.9,637,637,3,Asia/Kolkata,FALSE,1356872924
Bommenahalli,Bommenahalli,,12.8997,76.4755,India,IN,IND,Karnātaka,Karnataka,IN-KA,state,,282.3,637,637,3,Asia/Kolkata,TRUE,1356097853
Pura,Pura,,12.8213,76.9864,India,IN,IND,Karnātaka,Karnataka,IN-KA,state,,235.0,637,637,3,Asia/Kolkata,TRUE,1356306033
Samāskheri,Samaskheri,,23.1883,76.4325,India,IN,IND,Madhya Pradesh,Madhya Pradesh,IN-MP,state,,418.9,637,637,3,Asia/Kolkata,FALSE,1356167107
Nandapur,Nandapur,,20.1021,85.1700,India,IN,IND,Odisha,Odisha,IN-OR,state,,890.6,637,637,3,Asia/Kolkata,FALSE,1356252973
Kevlājhir,Kevlajhir,,22.1121,77.8606,India,IN,IND,Madhya Pradesh,Madhya Pradesh,IN-MP,state,,95.8,637,637,4,Asia/Kolkata,TRUE,1356042530
Samnāpur Khurd,Samnapur Khurd,,23.5213,79.0533,India,IN,IND,Madhya Pradesh,Madhya Pradesh,IN-MP,state,,232.9,637,637,3,Asia/Kolkata,FALSE,1356055677
Gaddadnāgenhalli,Gaddadnagenhalli,,13.2629,77.7806,India,IN,IND,Karnātaka,Karnataka,IN-KA,state,,515.5,637,637,3,Asia/Kolkata,FALSE,1356146300
Maloti,Maloti,,33.0491,75.6081,India,IN,IND,Jammu and Kashmīr,Jammu and Kashmir,IN-JK,state,,321.0,637,637,3,Asia/Kolkata,FALSE,1356224876
Dumri,Dumri,,23.2068,84.9385,India,IN,IND,Jhārkhand,Jharkhand,IN-JH,state,,474.1,637,637,3,Asia/Kolkata,TRUE,1356208362
Daldaliā,Daldalia,,23.6629,84.2602,India,IN,IND,Jhārkhand,Jharkhand,IN-JH,state,,72.1,637,637,4,Asia/Kolkata,TRUE,1356188879
Jogni,Jogni,,24.6266,85.4282,India,IN,IND,Bihār,Bihar,IN-BR,state,,572.9,637,637,3,Asia/Kolkata,FALSE,1356140227
Khejra Tās,Khejra Tas,,24.5927,77.5366,India,IN,IND,Madhya Pradesh,Madhya Pradesh,IN-MP,state,,276.3,637,637,3,Asia/Kolkata,FALSE,1356503747
Rāipura,Raipura,,22.4258,79.7548,India,IN,IND,Madhya Pradesh,Madhya Pradesh,IN-MP,state,,169.0,637,637,4,Asia/Kolkata,TRUE,1356361880
Kammantāngal,Kammantangal,,12.4371,79.3705,India,IN,IND,Tamil Nādu,Tamil Nadu,IN-TN,state,,459.2,637,637,3,Asia/Kolkata,FALSE,1356590997
Barhara,Barhara,,25.1137,86.7442,India,IN,IND,Bihār,Bihar,IN-BR,state,,1188.4,637,637,3,Asia/Kolkata,TRUE,1356406071
Haralahalli,Haralahalli,,12.9311,76.6519,India,IN,IND,Karnātaka,Karnataka,IN-KA,state,,190.5,637,637,4,Asia/Kolkata,TRUE,1356110949
San Sangāpur,San Sangapur,,14.4565,75.6236,India,IN,IND,Karnātaka,Karnataka,IN-KA,state,,355.2,637,637,3,Asia/Kolkata,FALSE,1356007364
Kasba Patāspur,Kasba Pataspur,Pataspur,22.0216,87.5423,India,IN,IND,West Bengal,West Bengal,IN-WB,state,,1073.9,637,637,3,Asia/Kolkata,FALSE,1356817977
Madhera,Madhera,,32.5020,75.1689,India,IN,IND,Jammu and Kashmīr,Jammu and Kashmir,IN-JK,state,,323.6,637,637,3,Asia/Kolkata,FALSE,1356566324
Joggāria,Joggaria,,24.3288,87.6436,India,IN,IND,Jhārkhand,Jharkhand,IN-JH,state,,490.1,637,637,3,Asia/Kolkata,FALSE,1356130493
Panchānanpur,Panchananpur,,22.0892,85.5447,India,IN,IND,Odisha,Odisha,IN-OR,state,,546.5,637,637,3,Asia/Kolkata,FALSE,1356180159
Kuniganchalli,Kuniganchalli,,12.9095,75.8542,India,IN,IND,Karnātaka,Karnataka,IN-KA,state,,125.4,637,637,4,Asia/Kolkata,FALSE,1356048775
Taka Khurd,Taka Khurd,,25.6427,78.2876,India,IN,IND,Madhya Pradesh,Madhya Pradesh,IN-MP,state,,198.3,637,637,4,Asia/Kolkata,FALSE,1356406716
Jhambowāl,Jhambowal,,31.6989,75.7467,India,IN,IND,Punjab,Punjab,IN-PB,state,,516.0,637,637,3,Asia/Kolkata,FALSE,1356831063
Chippalapalli,Chippalapalli,,17.2748,79.2451,India,IN,IND,Telangāna,Telangana,IN-TG,state,,280.2,637,637,3,Asia/Kolkata,FALSE,1356314570
Hosir,Hosir,,23.6785,84.5834,India,IN,IND,Jhārkhand,Jharkhand,IN-JH,state,,257.9,637,637,3,Asia/Kolkata,TRUE,1356194234
Ghāghrā,Ghaghra,,23.1127,84.7024,India,IN,IND,Jhārkhand,Jharkhand,IN-JH,state,,357.0,637,637,3,Asia/Kolkata,TRUE,1356196962
Basarihalli,Basarihalli,,14.4699,75.4147,India,IN,IND,Karnātaka,Karnataka,IN-KA,state,,272.6,637,637,3,Asia/Kolkata,FALSE,1356212777
Arnoli,Arnoli,,30.2363,76.5502,India,IN,IND,Haryāna,Haryana,IN-HR,state,,827.2,637,637,3,Asia/Kolkata,FALSE,1356006442
Jhakhaura,Jhakhaura,,24.7794,81.0960,India,IN,IND,Madhya Pradesh,Madhya Pradesh,IN-MP,state,,531.8,637,637,3,Asia/Kolkata,FALSE,1356136616
Kondraprolu,Kondraprolu,,15.9882,79.8164,India,IN,IND,Andhra Pradesh,Andhra Pradesh,IN-AP,state,,383.6,637,637,3,Asia/Kolkata,FALSE,1356376490
Sridharpur,Sridharpur,,22.0443,85.6060,India,IN,IND,Odisha,Odisha,IN-OR,state,,386.6,637,637,3,Asia/Kolkata,FALSE,1356183725
Panja,Panja,,13.0294,74.8234,India,IN,IND,Karnātaka,Karnataka,IN-KA,state,,1895.8,637,637,3,Asia/Kolkata,FALSE,1356776217
Sherpur,Sherpur,,32.0658,75.4149,India,IN,IND,Punjab,Punjab,IN-PB,state,,599.6,637,637,3,Asia/Kolkata,TRUE,1356060175
Renkākhāpa,Renkakhapa,,21.5846,77.7639,India,IN,IND,Madhya Pradesh,Madhya Pradesh,IN-MP,state,,129.5,637,637,4,Asia/Kolkata,FALSE,1356644192
Kantalsuān,Kantalsuan,,21.2284,85.4558,India,IN,IND,Odisha,Odisha,IN-OR,state,,122.5,636,636,4,Asia/Kolkata,FALSE,1356259339
Kanāh,Kanah,,32.5327,75.2554,India,IN,IND,Jammu and Kashmīr,Jammu and Kashmir,IN-JK,state,,323.6,636,636,3,Asia/Kolkata,TRUE,1356033845
Kuntanahalli,Kuntanahalli,,13.0330,78.0656,India,IN,IND,Karnātaka,Karnataka,IN-KA,state,,392.1,636,636,3,Asia/Kolkata,FALSE,1356268498
Laptī,Lapti,,22.1688,80.7689,India,IN,IND,Madhya Pradesh,Madhya Pradesh,IN-MP,state,,141.0,636,636,4,Asia/Kolkata,FALSE,1356531842
Banthu,Banthu,,24.3353,85.1613,India,IN,IND,Jhārkhand,Jharkhand,IN-JH,state,,582.1,636,636,3,Asia/Kolkata,FALSE,1356264200
Nimān,Niman,,24.7931,84.6398,India,IN,IND,Bihār,Bihar,IN-BR,state,,1696.5,636,636,3,Asia/Kolkata,TRUE,1356207860
Sathiāra,Sathiara,,26.0012,87.9193,India,IN,IND,West Bengal,West Bengal,IN-WB,state,,967.8,636,636,3,Asia/Kolkata,FALSE,1356083751
Mallāpura,Mallapura,,13.8641,76.4002,India,IN,IND,Karnātaka,Karnataka,IN-KA,state,,171.3,636,636,4,Asia/Kolkata,TRUE,1356143415
Negawān,Negawan,,22.8699,79.5511,India,IN,IND,Madhya Pradesh,Madhya Pradesh,IN-MP,state,,221.6,636,636,3,Asia/Kolkata,TRUE,1356530184
Mukhra Khurd,Mukhra Khurd,,19.3647,78.4578,India,IN,IND,Telangāna,Telangana,IN-TG,state,,101.3,636,636,4,Asia/Kolkata,FALSE,1356981496
Krishnāpuram,Krishnapuram,,13.2282,79.8743,India,IN,IND,Tamil Nādu,Tamil Nadu,IN-TN,state,,499.3,636,636,3,Asia/Kolkata,TRUE,1356759482
Sengottai,Sengottai,,9.8741,78.2672,India,IN,IND,Tamil Nādu,Tamil Nadu,IN-TN,state,,1363.1,636,636,3,Asia/Kolkata,FALSE,1356221220
Tendua,Tendua,,25.1197,84.1098,India,IN,IND,Bihār,Bihar,IN-BR,state,,1187.2,636,636,3,Asia/Kolkata,TRUE,1356557212
Faizullāhpur,Faizullahpur,,25.3767,85.3071,India,IN,IND,Bihār,Bihar,IN-BR,state,,901.5,636,636,3,Asia/Kolkata,TRUE,1356692413
Lākhādeh,Lakhadeh,,22.0391,77.2119,India,IN,IND,Madhya Pradesh,Madhya Pradesh,IN-MP,state,,131.2,636,636,4,Asia/Kolkata,FALSE,1356161889
Vangyārlapalli,Vangyarlapalli,,13.8426,77.9949,India,IN,IND,Karnātaka,Karnataka,IN-KA,state,,188.4,636,636,4,Asia/Kolkata,FALSE,1356112764
Pipariya,Pipariya,Nagar,24.0693,79.4663,India,IN,IND,Madhya Pradesh,Madhya Pradesh,IN-MP,state,,172.3,636,636,4,Asia/Kolkata,TRUE,1356510648
Dandavolu,Dandavolu,,14.0578,79.6210,India,IN,IND,Andhra Pradesh,Andhra Pradesh,IN-AP,state,,123.1,636,636,4,Asia/Kolkata,FALSE,1356748950
Sonkheri,Sonkheri,,21.7663,78.0393,India,IN,IND,Madhya Pradesh,Madhya Pradesh,IN-MP,state,,170.1,636,636,4,Asia/Kolkata,TRUE,1356373640
Malhdeori,Malhdeori,,22.6732,79.6012,India,IN,IND,Madhya Pradesh,Madhya Pradesh,IN-MP,state,,133.4,636,636,4,Asia/Kolkata,FALSE,1356425307
Singhpamar,Singhpamar,,23.4409,80.8905,India,IN,IND,Madhya Pradesh,Madhya Pradesh,IN-MP,state,,277.9,636,636,3,Asia/Kolkata,FALSE,1356053781
Sitāpuri,Sitapuri,,21.7606,75.2796,India,IN,IND,Madhya Pradesh,Madhya Pradesh,IN-MP,state,,268.3,636,636,3,Asia/Kolkata,FALSE,1356128829
Bhaluhi,Bhaluhi,,24.5497,81.4287,India,IN,IND,Madhya Pradesh,Madhya Pradesh,IN-MP,state,,349.6,636,636,3,Asia/Kolkata,FALSE,1356548307
Lakhowāl Khurd,Lakhowal Khurd,,30.9420,76.1852,India,IN,IND,Punjab,Punjab,IN-PB,state,,542.1,636,636,3,Asia/Kolkata,FALSE,1356048867
Noniya,Noniya,,22.4546,79.6871,India,IN,IND,Madhya Pradesh,Madhya Pradesh,IN-MP,state,,236.9,636,636,3,Asia/Kolkata,TRUE,1356837689
Parikalapattu,Parikalapattu,,12.7789,79.4329,India,IN,IND,Tamil Nādu,Tamil Nadu,IN-TN,state,,423.0,636,636,3,Asia/Kolkata,FALSE,1356381060
Hālabhāvi,Halabhavi,,16.7496,76.8257,India,IN,IND,Karnātaka,Karnataka,IN-KA,state,,247.2,636,636,3,Asia/Kolkata,TRUE,1356094572
Sāttambedu,Sattambedu,,13.6849,79.9534,India,IN,IND,Andhra Pradesh,Andhra Pradesh,IN-AP,state,,161.3,636,636,4,Asia/Kolkata,FALSE,1356682399
Jāmgaon,Jamgaon,,21.7301,78.2399,India,IN,IND,Madhya Pradesh,Madhya Pradesh,IN-MP,state,,170.1,636,636,4,Asia/Kolkata,TRUE,1356261150
Kusumūrti,Kusumurti,,16.4447,77.2745,India,IN,IND,Telangāna,Telangana,IN-TG,state,,246.9,636,636,3,Asia/Kolkata,FALSE,1356608252
Deua,Deua,,25.1247,83.5041,India,IN,IND,Bihār,Bihar,IN-BR,state,,524.3,636,636,3,Asia/Kolkata,FALSE,1356798023
Shambupuram,Shambupuram,,17.5646,78.3729,India,IN,IND,Telangāna,Telangana,IN-TG,state,,530.7,636,636,3,Asia/Kolkata,FALSE,1356194800
Lacher,Lacher,,18.5115,82.2638,India,IN,IND,Odisha,Odisha,IN-OR,state,,103.5,636,636,4,Asia/Kolkata,FALSE,1356833814
Dewa,Dewa,,22.6638,85.3353,India,IN,IND,Jhārkhand,Jharkhand,IN-JH,state,,108.2,636,636,4,Asia/Kolkata,FALSE,1356172584
Talisara,Talisara,,20.6681,84.9730,India,IN,IND,Odisha,Odisha,IN-OR,state,,130.3,636,636,4,Asia/Kolkata,FALSE,1356184211
Marada,Marada,,18.5088,82.5710,India,IN,IND,Odisha,Odisha,IN-OR,state,,113.5,636,636,4,Asia/Kolkata,TRUE,1356380820
Chankiāri,Chankiari,,24.2840,86.3217,India,IN,IND,Jhārkhand,Jharkhand,IN-JH,state,,471.4,636,636,3,Asia/Kolkata,FALSE,1356253567
Jol Bigha,Jol Bigha,,25.4575,85.0837,India,IN,IND,Bihār,Bihar,IN-BR,state,,1082.6,636,636,3,Asia/Kolkata,TRUE,1356126696
Basantpur,Basantpur,,32.3972,75.6833,India,IN,IND,Punjab,Punjab,IN-PB,state,,97.8,636,636,4,Asia/Kolkata,TRUE,1356360470
Kunwarpura,Kunwarpura,,24.2804,78.4775,India,IN,IND,Madhya Pradesh,Madhya Pradesh,IN-MP,state,,209.3,636,636,3,Asia/Kolkata,TRUE,1356196172
Keshopur,Keshopur,,32.0806,75.4025,India,IN,IND,Punjab,Punjab,IN-PB,state,,599.6,636,636,3,Asia/Kolkata,FALSE,1356299332
Rāmnagar,Ramnagar,,25.2796,77.6089,India,IN,IND,Madhya Pradesh,Madhya Pradesh,IN-MP,state,,160.8,636,636,4,Asia/Kolkata,TRUE,1356397262
Gaj,Gaj,,31.7099,75.8161,India,IN,IND,Punjab,Punjab,IN-PB,state,,516.0,636,636,3,Asia/Kolkata,FALSE,1356100263
Barotānr,Barotanr,,24.3947,86.2618,India,IN,IND,Jhārkhand,Jharkhand,IN-JH,state,,691.5,636,636,3,Asia/Kolkata,TRUE,1356179380
Garnāyudupeta,Garnayudupeta,,18.4160,83.8222,India,IN,IND,Andhra Pradesh,Andhra Pradesh,IN-AP,state,,794.5,636,636,3,Asia/Kolkata,FALSE,1356832499
Kalāpatti,Kalapatti,,26.0644,86.5220,India,IN,IND,Bihār,Bihar,IN-BR,state,,1791.5,636,636,3,Asia/Kolkata,FALSE,1356258309
Tinnakallu,Tinnakallu,,13.4004,77.9689,India,IN,IND,Karnātaka,Karnataka,IN-KA,state,,348.1,636,636,3,Asia/Kolkata,FALSE,1356143220
Paliya,Paliya,,25.4151,84.4623,India,IN,IND,Bihār,Bihar,IN-BR,state,,1247.3,636,636,3,Asia/Kolkata,FALSE,1356773153
Lailongā,Lailonga,,22.8157,84.4960,India,IN,IND,Jhārkhand,Jharkhand,IN-JH,state,,136.7,636,636,4,Asia/Kolkata,FALSE,1356207093
Bāghmāra,Baghmara,,24.4484,85.9103,India,IN,IND,Jhārkhand,Jharkhand,IN-JH,state,,931.8,636,636,3,Asia/Kolkata,TRUE,1356255866
Lakhbahāl,Lakhbahal,,19.6793,83.2621,India,IN,IND,Odisha,Odisha,IN-OR,state,,132.9,636,636,4,Asia/Kolkata,FALSE,1356288391
Manmohan,Manmohan,,26.2200,86.3869,India,IN,IND,Bihār,Bihar,IN-BR,state,,1472.5,636,636,3,Asia/Kolkata,FALSE,1356551197
Bisinele,Bisinele,,12.9122,76.8801,India,IN,IND,Karnātaka,Karnataka,IN-KA,state,,228.0,636,636,3,Asia/Kolkata,FALSE,1356044521
Dābiya,Dabiya,,22.0121,77.0366,India,IN,IND,Madhya Pradesh,Madhya Pradesh,IN-MP,state,,227.2,636,636,3,Asia/Kolkata,FALSE,1356706608
Dendi,Dendi,,23.6481,76.4924,India,IN,IND,Madhya Pradesh,Madhya Pradesh,IN-MP,state,,344.1,636,636,3,Asia/Kolkata,TRUE,1356312286
Harāla,Harala,,23.8913,76.5627,India,IN,IND,Madhya Pradesh,Madhya Pradesh,IN-MP,state,,193.4,636,636,4,Asia/Kolkata,FALSE,1356676344
Nawādih,Nawadih,,24.3694,85.6988,India,IN,IND,Jhārkhand,Jharkhand,IN-JH,state,,559.1,636,636,3,Asia/Kolkata,TRUE,1356727470
Hinauta,Hinauta,,24.2338,81.0776,India,IN,IND,Madhya Pradesh,Madhya Pradesh,IN-MP,state,,333.4,636,636,3,Asia/Kolkata,TRUE,1356680282
Jurunga,Jurunga,,23.1896,85.7589,India,IN,IND,Jhārkhand,Jharkhand,IN-JH,state,,395.6,636,636,3,Asia/Kolkata,FALSE,1356188343
Mahua,Mahua,,26.0123,86.4303,India,IN,IND,Bihār,Bihar,IN-BR,state,,1145.2,636,636,3,Asia/Kolkata,TRUE,1356750948
Nīchi,Nichi,,23.1877,79.8087,India,IN,IND,Madhya Pradesh,Madhya Pradesh,IN-MP,state,,782.2,636,636,3,Asia/Kolkata,TRUE,1356456874
Tekkūru,Tekkuru,,14.4697,75.0458,India,IN,IND,Karnātaka,Karnataka,IN-KA,state,,197.8,636,636,4,Asia/Kolkata,FALSE,1356169311
Appanahalli,Appanahalli,,12.7972,76.5625,India,IN,IND,Karnātaka,Karnataka,IN-KA,state,,305.3,636,636,3,Asia/Kolkata,FALSE,1356400574
Ānsuli,Ansuli,,25.9692,78.6876,India,IN,IND,Madhya Pradesh,Madhya Pradesh,IN-MP,state,,369.8,636,636,3,Asia/Kolkata,FALSE,1356758146
Nimna,Nimna,,21.3911,76.3126,India,IN,IND,Madhya Pradesh,Madhya Pradesh,IN-MP,state,,191.4,636,636,4,Asia/Kolkata,FALSE,1356701611
Pati,Pati,,22.7980,79.7081,India,IN,IND,Madhya Pradesh,Madhya Pradesh,IN-MP,state,,133.4,636,636,4,Asia/Kolkata,TRUE,1356067043
Sahnaura,Sahnaura,,25.1087,85.8037,India,IN,IND,Bihār,Bihar,IN-BR,state,,549.1,636,636,3,Asia/Kolkata,TRUE,1356571459
Rānipur,Ranipur,,24.8789,85.4567,India,IN,IND,Bihār,Bihar,IN-BR,state,,1205.2,636,636,3,Asia/Kolkata,TRUE,1356942644
Gardih,Gardih,,23.8634,85.9749,India,IN,IND,Jhārkhand,Jharkhand,IN-JH,state,,461.6,636,636,3,Asia/Kolkata,TRUE,1356199921
Basta,Basta,,24.4407,87.7469,India,IN,IND,Jhārkhand,Jharkhand,IN-JH,state,,702.3,636,636,3,Asia/Kolkata,TRUE,1356847871
Chhindvi,Chhindvi,,21.8259,78.7499,India,IN,IND,Madhya Pradesh,Madhya Pradesh,IN-MP,state,,159.1,636,636,4,Asia/Kolkata,FALSE,1356046380
Pachghara,Pachghara,,24.8357,85.7248,India,IN,IND,Bihār,Bihar,IN-BR,state,,1442.5,636,636,3,Asia/Kolkata,FALSE,1356087479
Jhaj,Jhaj,,31.6084,75.7219,India,IN,IND,Punjab,Punjab,IN-PB,state,,516.0,636,636,3,Asia/Kolkata,FALSE,1356187534
Baksāna,Baksana,,22.6317,75.5118,India,IN,IND,Madhya Pradesh,Madhya Pradesh,IN-MP,state,,380.7,636,636,3,Asia/Kolkata,FALSE,1356557857
Piyewāli,Piyewali,,30.9249,74.8988,India,IN,IND,Punjab,Punjab,IN-PB,state,,441.9,636,636,3,Asia/Kolkata,FALSE,1356150528
Bādhi,Badhi,,22.1816,79.4248,India,IN,IND,Madhya Pradesh,Madhya Pradesh,IN-MP,state,,238.7,636,636,3,Asia/Kolkata,FALSE,1356216968
Rāyamangalam,Rayamangalam,,12.6763,80.1022,India,IN,IND,Tamil Nādu,Tamil Nadu,IN-TN,state,,986.8,636,636,3,Asia/Kolkata,FALSE,1356214079
Dādanpur,Dadanpur,,25.9859,85.0387,India,IN,IND,Bihār,Bihar,IN-BR,state,,1366.8,636,636,3,Asia/Kolkata,TRUE,1356367175
Mahali Murup,Mahali Murup,,22.7558,85.8806,India,IN,IND,Jhārkhand,Jharkhand,IN-JH,state,,447.4,636,636,3,Asia/Kolkata,FALSE,1356238270
Chakki Dhāb,Chakki Dhab,,25.7284,86.0345,India,IN,IND,Bihār,Bihar,IN-BR,state,,1897.1,636,636,3,Asia/Kolkata,FALSE,1356630491
Murwāla,Murwala,,25.8717,86.7401,India,IN,IND,Bihār,Bihar,IN-BR,state,,2415.3,636,636,2,Asia/Kolkata,FALSE,1356900245
Kendaijuri,Kendaijuri,,21.5039,84.5110,India,IN,IND,Odisha,Odisha,IN-OR,state,,113.4,636,636,4,Asia/Kolkata,FALSE,1356261676
Chinnavadlapūdi,Chinnavadlapudi,,16.3979,80.6070,India,IN,IND,Andhra Pradesh,Andhra Pradesh,IN-AP,state,,1036.8,636,636,3,Asia/Kolkata,FALSE,1356386694
Turmi,Turmi,,24.3664,85.7209,India,IN,IND,Jhārkhand,Jharkhand,IN-JH,state,,559.1,636,636,3,Asia/Kolkata,FALSE,1356057993
Tetebāndu,Tetebandu,,23.0496,85.6169,India,IN,IND,Jhārkhand,Jharkhand,IN-JH,state,,231.4,636,636,3,Asia/Kolkata,FALSE,1356189945
Bhīlkheri,Bhilkheri,,23.8529,76.3333,India,IN,IND,Madhya Pradesh,Madhya Pradesh,IN-MP,state,,239.4,636,636,3,Asia/Kolkata,TRUE,1356117908
Lohāngi,Lohangi,,22.1946,78.9037,India,IN,IND,Madhya Pradesh,Madhya Pradesh,IN-MP,state,,505.6,636,636,3,Asia/Kolkata,FALSE,1356549993
Tumrāwada,Tumrawada,,23.0207,76.0118,India,IN,IND,Madhya Pradesh,Madhya Pradesh,IN-MP,state,,564.6,636,636,3,Asia/Kolkata,FALSE,1356240667
Meda,Meda,,31.1198,75.2666,India,IN,IND,Punjab,Punjab,IN-PB,state,,503.8,635,635,3,Asia/Kolkata,FALSE,1356699560
Mawlashin,Mawlashin,Molsāng,24.9781,94.4911,India,IN,IND,Manipur,Manipur,IN-MN,state,,9.5,635,635,4,Asia/Kolkata,FALSE,1356273073
Malkhānpur,Malkhanpur,,25.7342,78.6847,India,IN,IND,Madhya Pradesh,Madhya Pradesh,IN-MP,state,,275.3,634,634,3,Asia/Kolkata,FALSE,1356070449
Jarhī,Jarhi,,24.0966,84.9065,India,IN,IND,Jhārkhand,Jharkhand,IN-JH,state,,339.1,634,634,3,Asia/Kolkata,TRUE,1356196924
Miāni Bola,Miani Bola,,31.3973,75.2366,India,IN,IND,Punjab,Punjab,IN-PB,state,,572.5,634,634,3,Asia/Kolkata,FALSE,1356299064
Mūgatihalli,Mugatihalli,,13.2847,75.7461,India,IN,IND,Karnātaka,Karnataka,IN-KA,state,,192.6,634,634,4,Asia/Kolkata,FALSE,1356155774
Khuntubandh,Khuntubandh,,21.4624,85.5960,India,IN,IND,Odisha,Odisha,IN-OR,state,,138.4,634,634,4,Asia/Kolkata,TRUE,1356214917
Semri Kalān,Semri Kalan,,24.1742,83.9945,India,IN,IND,Jhārkhand,Jharkhand,IN-JH,state,,296.2,634,634,3,Asia/Kolkata,FALSE,1356770438
Lakhīmīpur,Lakhimipur,,25.2379,83.6491,India,IN,IND,Bihār,Bihar,IN-BR,state,,1025.9,634,634,3,Asia/Kolkata,FALSE,1356249105
Gobardha,Gobardha,,24.0163,86.2547,India,IN,IND,Jhārkhand,Jharkhand,IN-JH,state,,342.9,634,634,3,Asia/Kolkata,FALSE,1356252791
Manguwān,Manguwan,,24.8273,79.3009,India,IN,IND,Madhya Pradesh,Madhya Pradesh,IN-MP,state,,262.4,634,634,3,Asia/Kolkata,FALSE,1356516497
Jhagarjhāl,Jhagarjhal,,21.2144,83.2889,India,IN,IND,Odisha,Odisha,IN-OR,state,,259.2,634,634,3,Asia/Kolkata,FALSE,1356452001
Pitsūra,Pitsura,,25.7022,78.3597,India,IN,IND,Madhya Pradesh,Madhya Pradesh,IN-MP,state,,416.7,634,634,3,Asia/Kolkata,FALSE,1356761471
Mahāndeo Khurd,Mahandeo Khurd,,31.9864,75.3673,India,IN,IND,Punjab,Punjab,IN-PB,state,,599.6,634,634,3,Asia/Kolkata,FALSE,1356532549
Bālkachhār,Balkachhar,,22.2579,79.0135,India,IN,IND,Madhya Pradesh,Madhya Pradesh,IN-MP,state,,199.5,634,634,4,Asia/Kolkata,FALSE,1356784598
Barbata,Barbata,,23.6526,79.4701,India,IN,IND,Madhya Pradesh,Madhya Pradesh,IN-MP,state,,486.8,634,634,3,Asia/Kolkata,FALSE,1356894695
Deulbera,Deulbera,,20.7537,84.4978,India,IN,IND,Odisha,Odisha,IN-OR,state,,186.7,634,634,4,Asia/Kolkata,FALSE,1356263260
Chhāta,Chhata,,22.5101,79.0778,India,IN,IND,Madhya Pradesh,Madhya Pradesh,IN-MP,state,,88.1,634,634,4,Asia/Kolkata,TRUE,1356125273
Srīpathihalli,Sripathihalli,,13.2030,77.2044,India,IN,IND,Karnātaka,Karnataka,IN-KA,state,,505.0,634,634,3,Asia/Kolkata,FALSE,1356069171
Baniādih,Baniadih,,25.0190,87.1932,India,IN,IND,Jhārkhand,Jharkhand,IN-JH,state,,1434.6,634,634,3,Asia/Kolkata,FALSE,1356101749
Barasiliga,Barasiliga,,20.4453,84.7987,India,IN,IND,Odisha,Odisha,IN-OR,state,,81.8,634,634,4,Asia/Kolkata,TRUE,1356193047
Dod-Karenhalli,Dod-Karenhalli,,13.0679,77.3448,India,IN,IND,Karnātaka,Karnataka,IN-KA,state,,505.0,634,634,3,Asia/Kolkata,FALSE,1356887855
Harpur Nizāmat,Harpur Nizamat,,25.8983,85.7631,India,IN,IND,Bihār,Bihar,IN-BR,state,,1543.0,634,634,3,Asia/Kolkata,FALSE,1356863493
Karwa,Karwa,,23.6322,76.7997,India,IN,IND,Madhya Pradesh,Madhya Pradesh,IN-MP,state,,352.4,634,634,3,Asia/Kolkata,FALSE,1356691512
Daulatābād,Daulatabad,,25.5396,87.8469,India,IN,IND,Bihār,Bihar,IN-BR,state,,1557.5,634,634,3,Asia/Kolkata,FALSE,1356743798
Jhirniya,Jhirniya,,22.4451,76.7289,India,IN,IND,Madhya Pradesh,Madhya Pradesh,IN-MP,state,,180.2,634,634,4,Asia/Kolkata,TRUE,1356733469
Gopālapur,Gopalapur,,16.4639,76.6875,India,IN,IND,Karnātaka,Karnataka,IN-KA,state,,201.1,634,634,3,Asia/Kolkata,TRUE,1356199435
Punjaimagattuvālkkai,Punjaimagattuvalkkai,,11.4504,79.7338,India,IN,IND,Tamil Nādu,Tamil Nadu,IN-TN,state,,973.7,634,634,3,Asia/Kolkata,FALSE,1356239849
Gobra,Gobra,,20.7190,82.5434,India,IN,IND,Odisha,Odisha,IN-OR,state,,165.4,634,634,4,Asia/Kolkata,TRUE,1356905697
Gottigere,Gottigere,,13.1820,77.2430,India,IN,IND,Karnātaka,Karnataka,IN-KA,state,,505.0,634,634,3,Asia/Kolkata,FALSE,1356128602
Mathāphar,Mathaphar,Muzaffarpur,32.5422,74.8957,India,IN,IND,Jammu and Kashmīr,Jammu and Kashmir,IN-JK,state,,510.9,634,634,3,Asia/Kolkata,FALSE,1356365489
Yelehundi,Yelehundi,,12.1181,76.2319,India,IN,IND,Karnātaka,Karnataka,IN-KA,state,,178.7,634,634,4,Asia/Kolkata,FALSE,1356496374
Dhauramunda,Dhauramunda,,21.0523,83.1980,India,IN,IND,Odisha,Odisha,IN-OR,state,,240.9,634,634,3,Asia/Kolkata,TRUE,1356035572
Vadataram,Vadataram,,12.1890,79.4852,India,IN,IND,Tamil Nādu,Tamil Nadu,IN-TN,state,,475.1,634,634,3,Asia/Kolkata,FALSE,1356123006
Paramājhor,Paramajhor,,25.0094,80.0755,India,IN,IND,Madhya Pradesh,Madhya Pradesh,IN-MP,state,,284.1,634,634,3,Asia/Kolkata,FALSE,1356121250
Bisrāmpur,Bisrampur,,22.5539,85.9589,India,IN,IND,Jhārkhand,Jharkhand,IN-JH,state,,408.9,634,634,3,Asia/Kolkata,TRUE,1356254116
Jindāpur,Jindapur,,24.6638,84.9572,India,IN,IND,Bihār,Bihar,IN-BR,state,,1043.3,634,634,3,Asia/Kolkata,FALSE,1356964819
Bojjināyanipalli,Bojjinayanipalli,,13.1645,79.2462,India,IN,IND,Andhra Pradesh,Andhra Pradesh,IN-AP,state,,355.3,634,634,3,Asia/Kolkata,FALSE,1356086406
Bholia,Bholia,,30.6011,76.2644,India,IN,IND,Punjab,Punjab,IN-PB,state,,944.8,634,634,3,Asia/Kolkata,FALSE,1356350907
Sarandai,Sarandai,,21.7806,77.9368,India,IN,IND,Madhya Pradesh,Madhya Pradesh,IN-MP,state,,261.5,634,634,3,Asia/Kolkata,FALSE,1356834171
Rijhauri,Rijhauri,,24.1683,81.0815,India,IN,IND,Madhya Pradesh,Madhya Pradesh,IN-MP,state,,414.3,634,634,3,Asia/Kolkata,FALSE,1356688866
Bilkhirwa,Bilkhirwa,,23.2442,79.8944,India,IN,IND,Madhya Pradesh,Madhya Pradesh,IN-MP,state,,419.5,634,634,3,Asia/Kolkata,FALSE,1356109111
Bānāpuram,Banapuram,,15.2837,77.0483,India,IN,IND,Karnātaka,Karnataka,IN-KA,state,,600.0,634,634,3,Asia/Kolkata,FALSE,1356082543
Gangāpur,Gangapur,,19.4774,78.8356,India,IN,IND,Telangāna,Telangana,IN-TG,state,,122.9,634,634,4,Asia/Kolkata,TRUE,1356910595
Rāmnagar,Ramnagar,,22.7919,77.7735,India,IN,IND,Madhya Pradesh,Madhya Pradesh,IN-MP,state,,215.7,634,634,3,Asia/Kolkata,TRUE,1356561513
Arahalli,Arahalli,,13.2248,78.3523,India,IN,IND,Karnātaka,Karnataka,IN-KA,state,,323.1,634,634,3,Asia/Kolkata,FALSE,1356691370
Seniyanallūr,Seniyanallur,,12.7546,79.7138,India,IN,IND,Tamil Nādu,Tamil Nadu,IN-TN,state,,1102.6,634,634,3,Asia/Kolkata,FALSE,1356485170
Belā,Bela,,23.0118,84.7217,India,IN,IND,Jhārkhand,Jharkhand,IN-JH,state,,454.6,634,634,3,Asia/Kolkata,TRUE,1356191005
Pinnanūr,Pinnanur,,11.4313,78.8056,India,IN,IND,Tamil Nādu,Tamil Nadu,IN-TN,state,,339.2,634,634,3,Asia/Kolkata,TRUE,1356250416
Misir Bigha,Misir Bigha,,25.2287,85.0123,India,IN,IND,Bihār,Bihar,IN-BR,state,,1515.9,634,634,3,Asia/Kolkata,TRUE,1356087988
Tittimiri,Tittimiri,,19.2010,83.9205,India,IN,IND,Odisha,Odisha,IN-OR,state,,103.9,634,634,4,Asia/Kolkata,FALSE,1356930255
Mehtākheri,Mehtakheri,,22.2305,76.0304,India,IN,IND,Madhya Pradesh,Madhya Pradesh,IN-MP,state,,218.4,634,634,3,Asia/Kolkata,FALSE,1356076958
Gothahalli,Gothahalli,,13.4765,77.7640,India,IN,IND,Karnātaka,Karnataka,IN-KA,state,,364.2,634,634,3,Asia/Kolkata,FALSE,1356354411
Jhanakpur,Jhanakpur,,24.6068,85.0290,India,IN,IND,Bihār,Bihar,IN-BR,state,,926.1,634,634,3,Asia/Kolkata,FALSE,1356415377
Parāgposi,Paragposi,,21.8667,84.9586,India,IN,IND,Odisha,Odisha,IN-OR,state,,172.0,634,634,4,Asia/Kolkata,FALSE,1356241501
Dokār,Dokar,,23.1366,85.3154,India,IN,IND,Jhārkhand,Jharkhand,IN-JH,state,,318.5,634,634,3,Asia/Kolkata,TRUE,1356176877
Lohar Māzra,Lohar Mazra,,30.4241,75.9477,India,IN,IND,Punjab,Punjab,IN-PB,state,,536.1,634,634,3,Asia/Kolkata,TRUE,1356073000
Chamariāwān,Chamariawan,,24.9748,83.7137,India,IN,IND,Bihār,Bihar,IN-BR,state,,507.1,634,634,3,Asia/Kolkata,FALSE,1356078840
Jalāibar,Jalaibar,,24.9716,83.6244,India,IN,IND,Bihār,Bihar,IN-BR,state,,505.6,634,634,3,Asia/Kolkata,FALSE,1356000673
Saneyā,Saneya,,23.6801,84.0286,India,IN,IND,Jhārkhand,Jharkhand,IN-JH,state,,130.2,634,634,4,Asia/Kolkata,FALSE,1356185620
Bādamgatti,Badamgatti,,14.8772,75.1725,India,IN,IND,Karnātaka,Karnataka,IN-KA,state,,350.7,634,634,3,Asia/Kolkata,FALSE,1356586521
Pemmanhalli,Pemmanhalli,,13.2336,77.2676,India,IN,IND,Karnātaka,Karnataka,IN-KA,state,,505.0,634,634,3,Asia/Kolkata,FALSE,1356932274
Kolagunasi,Kolagunasi,,14.3698,75.2254,India,IN,IND,Karnātaka,Karnataka,IN-KA,state,,197.8,634,634,4,Asia/Kolkata,FALSE,1356105045
Vadera Basāpura,Vadera Basapura,,14.3646,75.7308,India,IN,IND,Karnātaka,Karnataka,IN-KA,state,,575.9,634,634,3,Asia/Kolkata,FALSE,1356562518
Kathambā,Kathamba,,24.4206,85.3204,India,IN,IND,Jhārkhand,Jharkhand,IN-JH,state,,522.6,634,634,3,Asia/Kolkata,FALSE,1356080884
Auraiya Dei,Auraiya Dei,,25.1238,83.5552,India,IN,IND,Bihār,Bihar,IN-BR,state,,477.5,634,634,3,Asia/Kolkata,FALSE,1356535901
Bhungawān,Bhungawan,,24.2101,79.7663,India,IN,IND,Madhya Pradesh,Madhya Pradesh,IN-MP,state,,140.4,634,634,4,Asia/Kolkata,FALSE,1356397513
Markan,Markan,,24.9322,83.8969,India,IN,IND,Bihār,Bihar,IN-BR,state,,664.2,634,634,3,Asia/Kolkata,TRUE,1356711880
Juldiha,Juldiha,,22.1622,85.7312,India,IN,IND,Jhārkhand,Jharkhand,IN-JH,state,,265.9,634,634,3,Asia/Kolkata,FALSE,1356180993
Villānendal,Villanendal,,9.2473,78.4235,India,IN,IND,Tamil Nādu,Tamil Nadu,IN-TN,state,,267.6,634,634,3,Asia/Kolkata,FALSE,1356232185
Bahādurpur,Bahadurpur,,26.0719,84.6100,India,IN,IND,Bihār,Bihar,IN-BR,state,,1446.9,634,634,3,Asia/Kolkata,TRUE,1356612332
Pukimaska,Pukimaska,,19.4102,83.0684,India,IN,IND,Odisha,Odisha,IN-OR,state,,100.5,634,634,4,Asia/Kolkata,FALSE,1356094301
Manpura,Manpura,,25.1831,83.8874,India,IN,IND,Bihār,Bihar,IN-BR,state,,697.8,634,634,3,Asia/Kolkata,TRUE,1356108943
Mitiganhalli,Mitiganhalli,,12.9882,78.0991,India,IN,IND,Karnātaka,Karnataka,IN-KA,state,,392.1,634,634,3,Asia/Kolkata,FALSE,1356391435
Mādaguda,Madaguda,,19.9021,83.7442,India,IN,IND,Odisha,Odisha,IN-OR,state,,90.8,634,634,4,Asia/Kolkata,TRUE,1356504128
Rikābganj,Rikabganj,,25.9533,87.1106,India,IN,IND,Bihār,Bihar,IN-BR,state,,1484.8,634,634,3,Asia/Kolkata,TRUE,1356827618
Baidmāra,Baidmara,,22.6040,85.5330,India,IN,IND,Jhārkhand,Jharkhand,IN-JH,state,,108.2,634,634,4,Asia/Kolkata,FALSE,1356206874
Jarde,Jarde,,24.1485,83.6191,India,IN,IND,Jhārkhand,Jharkhand,IN-JH,state,,668.9,634,634,3,Asia/Kolkata,FALSE,1356347418
Sarra,Sarra,,22.7142,79.3932,India,IN,IND,Madhya Pradesh,Madhya Pradesh,IN-MP,state,,133.4,634,634,4,Asia/Kolkata,TRUE,1356552105
Alagere,Alagere,,13.6534,75.2080,India,IN,IND,Karnātaka,Karnataka,IN-KA,state,,109.9,634,634,4,Asia/Kolkata,FALSE,1356105394
Khurnai,Khurnai,,24.8665,83.8308,India,IN,IND,Bihār,Bihar,IN-BR,state,,501.1,634,634,3,Asia/Kolkata,FALSE,1356416057
Pipariā,Piparia,,22.6057,79.9461,India,IN,IND,Madhya Pradesh,Madhya Pradesh,IN-MP,state,,180.9,634,634,4,Asia/Kolkata,TRUE,1356825164
Kisni,Kisni,,22.8544,84.9846,India,IN,IND,Jhārkhand,Jharkhand,IN-JH,state,,250.7,634,634,3,Asia/Kolkata,FALSE,1356193674
Jabojitpur,Jabojitpur,,24.5776,87.5932,India,IN,IND,Jhārkhand,Jharkhand,IN-JH,state,,247.6,634,634,3,Asia/Kolkata,FALSE,1356981926
Kātināyakkandoddi,Katinayakkandoddi,,12.8196,77.9654,India,IN,IND,Karnātaka,Karnataka,IN-KA,state,,633.7,634,634,3,Asia/Kolkata,FALSE,1356037947
Baghrādih,Baghradih,,24.4178,86.4787,India,IN,IND,Bihār,Bihar,IN-BR,state,,547.4,634,634,3,Asia/Kolkata,FALSE,1356179437
Panaiyūr,Panaiyur,,9.8536,78.4299,India,IN,IND,Tamil Nādu,Tamil Nadu,IN-TN,state,,323.0,634,634,3,Asia/Kolkata,TRUE,1356222083
Kishanpur,Kishanpur,,24.6377,85.8409,India,IN,IND,Jhārkhand,Jharkhand,IN-JH,state,,358.7,634,634,3,Asia/Kolkata,TRUE,1356239402
Bishambar Chhapra,Bishambar Chhapra,,25.9693,84.9487,India,IN,IND,Bihār,Bihar,IN-BR,state,,1340.8,634,634,3,Asia/Kolkata,FALSE,1356763506
Bashla,Bashla,,31.2265,77.6994,India,IN,IND,Himāchal Pradesh,Himachal Pradesh,IN-HP,state,,283.0,634,634,3,Asia/Kolkata,FALSE,1356227538
Sitalpur,Sitalpur,,24.0653,86.7534,India,IN,IND,Jhārkhand,Jharkhand,IN-JH,state,,528.5,634,634,3,Asia/Kolkata,FALSE,1356188738
Aralakeppe,Aralakeppe,,12.5645,76.4954,India,IN,IND,Karnātaka,Karnataka,IN-KA,state,,305.3,634,634,3,Asia/Kolkata,FALSE,1356121152
Dabri,Dabri,,22.5206,79.1638,India,IN,IND,Madhya Pradesh,Madhya Pradesh,IN-MP,state,,88.1,634,634,4,Asia/Kolkata,TRUE,1356415746
Rāmdebkuri,Ramdebkuri,,24.3311,87.6787,India,IN,IND,Jhārkhand,Jharkhand,IN-JH,state,,490.1,634,634,3,Asia/Kolkata,FALSE,1356063531
Daggumilli,Daggumilli,,16.2970,80.9714,India,IN,IND,Andhra Pradesh,Andhra Pradesh,IN-AP,state,,523.3,634,634,3,Asia/Kolkata,FALSE,1356766173
Badanpur,Badanpur,,25.1006,78.1688,India,IN,IND,Madhya Pradesh,Madhya Pradesh,IN-MP,state,,212.3,634,634,3,Asia/Kolkata,TRUE,1356013066
Bhuālpur,Bhualpur,,25.0455,83.5007,India,IN,IND,Bihār,Bihar,IN-BR,state,,460.0,634,634,3,Asia/Kolkata,FALSE,1356125379
Polēnhalli,Polenhalli,,12.8075,78.2173,India,IN,IND,Karnātaka,Karnataka,IN-KA,state,,570.8,634,634,3,Asia/Kolkata,FALSE,1356084757
Errakondāpuram,Errakondapuram,,14.5464,76.9792,India,IN,IND,Andhra Pradesh,Andhra Pradesh,IN-AP,state,,167.6,633,633,4,Asia/Kolkata,FALSE,1356155345
Sūravaram,Suravaram,,17.8027,80.8903,India,IN,IND,Telangāna,Telangana,IN-TG,state,,154.0,633,633,4,Asia/Kolkata,FALSE,1356278253
Chargaon,Chargaon,,22.5599,80.1594,India,IN,IND,Madhya Pradesh,Madhya Pradesh,IN-MP,state,,139.6,633,633,4,Asia/Kolkata,TRUE,1356199179
Kubri,Kubri,,24.3783,85.2819,India,IN,IND,Jhārkhand,Jharkhand,IN-JH,state,,591.4,633,633,3,Asia/Kolkata,TRUE,1356166346
Kaliāpada,Kaliapada,,19.1754,83.1314,India,IN,IND,Odisha,Odisha,IN-OR,state,,320.1,633,633,3,Asia/Kolkata,FALSE,1356045328
Gharatkheri,Gharatkheri,,23.2255,76.3822,India,IN,IND,Madhya Pradesh,Madhya Pradesh,IN-MP,state,,271.4,633,633,3,Asia/Kolkata,FALSE,1356006425
Chaukhara,Chaukhara,,24.4003,84.7449,India,IN,IND,Jhārkhand,Jharkhand,IN-JH,state,,478.6,633,633,3,Asia/Kolkata,FALSE,1356390663
Athinattam,Athinattam,,12.8364,78.2613,India,IN,IND,Andhra Pradesh,Andhra Pradesh,IN-AP,state,,302.3,633,633,3,Asia/Kolkata,FALSE,1356746135
Sabdha,Sabdha,,23.9542,78.3358,India,IN,IND,Madhya Pradesh,Madhya Pradesh,IN-MP,state,,256.1,633,633,3,Asia/Kolkata,TRUE,1356267413
Bandapalli,Bandapalli,,16.4366,78.4173,India,IN,IND,Telangāna,Telangana,IN-TG,state,,241.1,633,633,3,Asia/Kolkata,TRUE,1356344556
Mādihalli,Madihalli,,12.8600,76.6187,India,IN,IND,Karnātaka,Karnataka,IN-KA,state,,190.5,633,633,4,Asia/Kolkata,TRUE,1356003495
Majhladih,Majhladih,,24.2014,87.5760,India,IN,IND,Jhārkhand,Jharkhand,IN-JH,state,,358.5,633,633,3,Asia/Kolkata,TRUE,1356833886
Vijalāpura,Vijalapura,,13.1242,78.3533,India,IN,IND,Karnātaka,Karnataka,IN-KA,state,,323.1,633,633,3,Asia/Kolkata,FALSE,1356131412
Jagāl,Jagal,,33.6302,74.1253,India,IN,IND,Jammu and Kashmīr,Jammu and Kashmir,IN-JK,state,,395.0,633,633,3,Asia/Kolkata,TRUE,1356014107
Ranpātli,Ranpatli,,20.4163,84.3711,India,IN,IND,Odisha,Odisha,IN-OR,state,,138.3,633,633,4,Asia/Kolkata,FALSE,1356261185
Sikwār,Sikwar,,23.2302,84.6651,India,IN,IND,Jhārkhand,Jharkhand,IN-JH,state,,275.8,633,633,3,Asia/Kolkata,FALSE,1356193510
Narga,Narga,,25.9529,86.4191,India,IN,IND,Bihār,Bihar,IN-BR,state,,1145.2,633,633,3,Asia/Kolkata,TRUE,1356258991
Singhpur,Singhpur,,31.2117,75.4738,India,IN,IND,Punjab,Punjab,IN-PB,state,,447.3,633,633,3,Asia/Kolkata,TRUE,1356177398
Palsāni,Palsani,,21.0304,82.9460,India,IN,IND,Odisha,Odisha,IN-OR,state,,240.9,633,633,3,Asia/Kolkata,FALSE,1356301515
Siddapur,Siddapur,,12.1244,76.2277,India,IN,IND,Karnātaka,Karnataka,IN-KA,state,,178.7,633,633,4,Asia/Kolkata,TRUE,1356047163
Nāyidavalli,Nayidavalli,,13.7424,75.3444,India,IN,IND,Karnātaka,Karnataka,IN-KA,state,,109.9,633,633,4,Asia/Kolkata,FALSE,1356073065
Asrubāhāl,Asrubahal,,20.9647,84.8027,India,IN,IND,Odisha,Odisha,IN-OR,state,,127.2,633,633,4,Asia/Kolkata,FALSE,1356243088
Bhairapura,Bhairapura,,13.0811,77.1726,India,IN,IND,Karnātaka,Karnataka,IN-KA,state,,292.1,633,633,3,Asia/Kolkata,FALSE,1356125687
Uyigonahalli,Uyigonahalli,,12.6753,76.5358,India,IN,IND,Karnātaka,Karnataka,IN-KA,state,,305.3,633,633,3,Asia/Kolkata,FALSE,1356762607
Bilgaon,Bilgaon,,22.6040,80.6088,India,IN,IND,Madhya Pradesh,Madhya Pradesh,IN-MP,state,,125.5,633,633,4,Asia/Kolkata,TRUE,1356887605
Beluāmāl,Beluamal,,21.6399,84.2509,India,IN,IND,Odisha,Odisha,IN-OR,state,,181.4,633,633,4,Asia/Kolkata,FALSE,1356250770
Salempur,Salempur,,25.6907,85.4933,India,IN,IND,Bihār,Bihar,IN-BR,state,,3002.6,633,633,2,Asia/Kolkata,TRUE,1356988537
Atarhara,Atarhara,,24.2802,80.8051,India,IN,IND,Madhya Pradesh,Madhya Pradesh,IN-MP,state,,387.6,633,633,3,Asia/Kolkata,FALSE,1356383347
Gollapalli,Gollapalli,,12.6128,78.1368,India,IN,IND,Tamil Nādu,Tamil Nadu,IN-TN,state,,493.5,633,633,3,Asia/Kolkata,TRUE,1356050449
Manāwar,Manawar,,22.2836,75.5365,India,IN,IND,Madhya Pradesh,Madhya Pradesh,IN-MP,state,,403.0,633,633,3,Asia/Kolkata,TRUE,1356386994
Sobhanādripuram,Sobhanadripuram,,16.5266,81.1731,India,IN,IND,Andhra Pradesh,Andhra Pradesh,IN-AP,state,,367.9,633,633,3,Asia/Kolkata,FALSE,1356822845
Ghantbahāli,Ghantbahali,,19.9026,83.0311,India,IN,IND,Odisha,Odisha,IN-OR,state,,333.3,633,633,3,Asia/Kolkata,FALSE,1356136910
Iswarpur,Iswarpur,,20.4684,84.9543,India,IN,IND,Odisha,Odisha,IN-OR,state,,81.8,633,633,4,Asia/Kolkata,TRUE,1356198870
Fāzilpur Deuriya,Fazilpur Deuriya,,26.0926,84.2172,India,IN,IND,Bihār,Bihar,IN-BR,state,,1178.7,633,633,3,Asia/Kolkata,FALSE,1356841249
Makhdumpur,Makhdumpur,,24.9882,84.7644,India,IN,IND,Bihār,Bihar,IN-BR,state,,540.8,633,633,3,Asia/Kolkata,TRUE,1356185321
Shivsāgar,Shivsagar,,22.1685,77.9859,India,IN,IND,Madhya Pradesh,Madhya Pradesh,IN-MP,state,,205.5,633,633,3,Asia/Kolkata,FALSE,1356595658
Vaddal,Vaddal,,14.6640,75.0255,India,IN,IND,Karnātaka,Karnataka,IN-KA,state,,319.4,633,633,3,Asia/Kolkata,FALSE,1356121570
Chilari Khurd,Chilari Khurd,,24.4640,81.8062,India,IN,IND,Madhya Pradesh,Madhya Pradesh,IN-MP,state,,256.7,633,633,3,Asia/Kolkata,FALSE,1356117631
Manchenahalli,Manchenahalli,,12.8555,76.6512,India,IN,IND,Karnātaka,Karnataka,IN-KA,state,,190.5,633,633,4,Asia/Kolkata,TRUE,1356760646
Devubuchchammapeta,Devubuchchammapeta,,18.5600,83.2372,India,IN,IND,Andhra Pradesh,Andhra Pradesh,IN-AP,state,,282.4,633,633,3,Asia/Kolkata,FALSE,1356348104
Surakkulam,Surakkulam,,9.8364,78.0584,India,IN,IND,Tamil Nādu,Tamil Nadu,IN-TN,state,,5160.7,633,633,2,Asia/Kolkata,FALSE,1356238319
Sundar Kumhāri,Sundar Kumhari,,24.4947,84.9455,India,IN,IND,Bihār,Bihar,IN-BR,state,,731.6,633,633,3,Asia/Kolkata,FALSE,1356192817
Rāmtek,Ramtek,,23.5888,78.8319,India,IN,IND,Madhya Pradesh,Madhya Pradesh,IN-MP,state,,431.5,633,633,3,Asia/Kolkata,FALSE,1356660227
Kottamangalam,Kottamangalam,,10.2474,78.9335,India,IN,IND,Tamil Nādu,Tamil Nadu,IN-TN,state,,509.7,633,633,3,Asia/Kolkata,TRUE,1356201748
Sahajpur,Sahajpur,,23.5418,78.8101,India,IN,IND,Madhya Pradesh,Madhya Pradesh,IN-MP,state,,203.8,633,633,3,Asia/Kolkata,TRUE,1356765591
Mohiuddinpur,Mohiuddinpur,,25.3645,85.1803,India,IN,IND,Bihār,Bihar,IN-BR,state,,1662.6,633,633,3,Asia/Kolkata,TRUE,1356358459
Chik Āvalli,Chik Avalli,,14.4261,75.1476,India,IN,IND,Karnātaka,Karnataka,IN-KA,state,,197.8,633,633,4,Asia/Kolkata,FALSE,1356134822
Bhūtpipariya,Bhutpipariya,,22.8686,79.2272,India,IN,IND,Madhya Pradesh,Madhya Pradesh,IN-MP,state,,214.6,633,633,3,Asia/Kolkata,FALSE,1356441628
Badabāhāl,Badabahal,,20.9112,84.6482,India,IN,IND,Odisha,Odisha,IN-OR,state,,127.2,633,633,4,Asia/Kolkata,FALSE,1356235155
Bilasagodu,Bilasagodu,,14.1476,75.0713,India,IN,IND,Karnātaka,Karnataka,IN-KA,state,,115.4,633,633,4,Asia/Kolkata,FALSE,1356668429
Narāingarh,Naraingarh,,30.6275,76.7800,India,IN,IND,Punjab,Punjab,IN-PB,state,,1948.5,633,633,3,Asia/Kolkata,TRUE,1356758336
Seddigunta,Seddigunta,,17.9747,82.0786,India,IN,IND,Andhra Pradesh,Andhra Pradesh,IN-AP,state,,71.1,633,633,4,Asia/Kolkata,FALSE,1356040629
Rojri,Rojri,,23.8542,76.2781,India,IN,IND,Madhya Pradesh,Madhya Pradesh,IN-MP,state,,229.4,633,633,3,Asia/Kolkata,TRUE,1356115037
Chopra,Chopra,,24.6278,79.0095,India,IN,IND,Madhya Pradesh,Madhya Pradesh,IN-MP,state,,323.2,633,633,3,Asia/Kolkata,TRUE,1356097334
Ajāyabnagar,Ajayabnagar,Sūnd,23.3826,77.8045,India,IN,IND,Madhya Pradesh,Madhya Pradesh,IN-MP,state,,171.1,633,633,4,Asia/Kolkata,FALSE,1356769587
Sarāi,Sarai,,25.2244,83.6080,India,IN,IND,Bihār,Bihar,IN-BR,state,,959.1,633,633,3,Asia/Kolkata,TRUE,1356955450
Sindrāni,Sindrani,,22.4642,76.6098,India,IN,IND,Madhya Pradesh,Madhya Pradesh,IN-MP,state,,180.2,633,633,4,Asia/Kolkata,FALSE,1356782458
Jhānkersirgira,Jhankersirgira,,21.1608,83.3806,India,IN,IND,Odisha,Odisha,IN-OR,state,,367.2,633,633,3,Asia/Kolkata,FALSE,1356129048
Khāmkhera,Khamkhera,,23.4114,78.3264,India,IN,IND,Madhya Pradesh,Madhya Pradesh,IN-MP,state,,178.6,633,633,4,Asia/Kolkata,TRUE,1356169873
Kenkerehalli,Kenkerehalli,,13.3868,76.1349,India,IN,IND,Karnātaka,Karnataka,IN-KA,state,,236.1,633,633,3,Asia/Kolkata,FALSE,1356128417
Lasānri,Lasanri,,25.1513,83.4223,India,IN,IND,Bihār,Bihar,IN-BR,state,,580.0,633,633,3,Asia/Kolkata,FALSE,1356150409
Suchchāpura,Suchchapura,,26.6237,78.5813,India,IN,IND,Madhya Pradesh,Madhya Pradesh,IN-MP,state,,265.0,633,633,3,Asia/Kolkata,FALSE,1356784000
Gararma,Gararma,,24.2057,86.1992,India,IN,IND,Jhārkhand,Jharkhand,IN-JH,state,,1236.7,633,633,3,Asia/Kolkata,FALSE,1356249628
Bhatauria,Bhatauria,,25.6085,87.6109,India,IN,IND,Bihār,Bihar,IN-BR,state,,1571.3,633,633,3,Asia/Kolkata,FALSE,1356151077
Tamcharu,Tamcharu,,22.7842,77.9164,India,IN,IND,Madhya Pradesh,Madhya Pradesh,IN-MP,state,,277.5,633,633,3,Asia/Kolkata,FALSE,1356912583
Gendalpoda,Gendalpoda,,21.9642,85.2854,India,IN,IND,Odisha,Odisha,IN-OR,state,,238.5,633,633,3,Asia/Kolkata,FALSE,1356243826
Tulsi Chak,Tulsi Chak,,25.5779,86.2085,India,IN,IND,Bihār,Bihar,IN-BR,state,,2028.8,633,633,2,Asia/Kolkata,FALSE,1356057631
Roghādih,Roghadih,,23.1166,84.3807,India,IN,IND,Jhārkhand,Jharkhand,IN-JH,state,,145.1,633,633,4,Asia/Kolkata,TRUE,1356191352
Shrīnagar,Shrinagar,Srinagar,24.4978,83.7301,India,IN,IND,Jhārkhand,Jharkhand,IN-JH,state,,552.0,633,633,3,Asia/Kolkata,FALSE,1356952291
Fatehpur,Fatehpur,,25.5807,76.7355,India,IN,IND,Madhya Pradesh,Madhya Pradesh,IN-MP,state,,258.0,633,633,3,Asia/Kolkata,TRUE,1356305909
Udayanāthapuram,Udayanathapuram,,9.8652,78.4042,India,IN,IND,Tamil Nādu,Tamil Nadu,IN-TN,state,,323.0,633,633,3,Asia/Kolkata,FALSE,1356221191
Pokharia,Pokharia,,23.9231,86.6259,India,IN,IND,Jhārkhand,Jharkhand,IN-JH,state,,303.2,633,633,3,Asia/Kolkata,TRUE,1356391434
Rāmpur,Rampur,,16.7697,77.8411,India,IN,IND,Telangāna,Telangana,IN-TG,state,,339.6,633,633,3,Asia/Kolkata,TRUE,1356667603
Pāladi,Paladi,,22.8280,75.6634,India,IN,IND,Madhya Pradesh,Madhya Pradesh,IN-MP,state,,267.6,633,633,3,Asia/Kolkata,FALSE,1356009706
Tuyapār,Tuyapar,,21.6543,80.1453,India,IN,IND,Madhya Pradesh,Madhya Pradesh,IN-MP,state,,436.3,633,633,3,Asia/Kolkata,FALSE,1356053897
Pirāri,Pirari,,27.3044,84.4605,India,IN,IND,Bihār,Bihar,IN-BR,state,,484.6,633,633,3,Asia/Kolkata,TRUE,1356629200
Tochām,Tocham,,14.2461,79.6589,India,IN,IND,Andhra Pradesh,Andhra Pradesh,IN-AP,state,,118.9,633,633,4,Asia/Kolkata,FALSE,1356594516
Bārigām,Barigam,,19.1298,83.1701,India,IN,IND,Odisha,Odisha,IN-OR,state,,121.7,633,633,4,Asia/Kolkata,TRUE,1356763576
Dhabatia,Dhabatia,,24.8974,86.4972,India,IN,IND,Bihār,Bihar,IN-BR,state,,656.6,633,633,3,Asia/Kolkata,FALSE,1356210233
Pokhar Khurd,Pokhar Khurd,,21.9183,75.5838,India,IN,IND,Madhya Pradesh,Madhya Pradesh,IN-MP,state,,224.7,633,633,3,Asia/Kolkata,TRUE,1356753925
Rahipura,Rahipura,,21.3532,76.2465,India,IN,IND,Madhya Pradesh,Madhya Pradesh,IN-MP,state,,502.2,633,633,3,Asia/Kolkata,FALSE,1356036308
Chitirpur,Chitirpur,,21.8971,85.6704,India,IN,IND,Odisha,Odisha,IN-OR,state,,333.5,633,633,3,Asia/Kolkata,FALSE,1356239958
Nakta,Nakta,,24.8724,81.7229,India,IN,IND,Madhya Pradesh,Madhya Pradesh,IN-MP,state,,405.9,633,633,3,Asia/Kolkata,TRUE,1356430271
Saidabād,Saidabad,,21.8197,76.6738,India,IN,IND,Madhya Pradesh,Madhya Pradesh,IN-MP,state,,133.1,633,633,4,Asia/Kolkata,FALSE,1356908925
Muwār Khurd,Muwar Khurd,Muwārsāni,22.5909,79.1553,India,IN,IND,Madhya Pradesh,Madhya Pradesh,IN-MP,state,,88.1,633,633,4,Asia/Kolkata,FALSE,1356110810
Tetaria,Tetaria,,24.4316,85.1678,India,IN,IND,Bihār,Bihar,IN-BR,state,,591.4,633,633,3,Asia/Kolkata,TRUE,1356570645
Raghunāthpur,Raghunathpur,,21.0105,85.2761,India,IN,IND,Odisha,Odisha,IN-OR,state,,235.6,633,633,3,Asia/Kolkata,TRUE,1356259340
Salhan,Salhan,,23.5937,85.2059,India,IN,IND,Jhārkhand,Jharkhand,IN-JH,state,,342.8,633,633,3,Asia/Kolkata,FALSE,1356194782
Chārgaon,Chargaon,,22.0624,79.4240,India,IN,IND,Madhya Pradesh,Madhya Pradesh,IN-MP,state,,238.7,632,632,3,Asia/Kolkata,TRUE,1356150171
Doliambo,Doliambo,,18.9892,83.0976,India,IN,IND,Odisha,Odisha,IN-OR,state,,121.7,632,632,4,Asia/Kolkata,TRUE,1356793087
Ratnapuram,Ratnapuram,,17.7674,81.4217,India,IN,IND,Telangāna,Telangana,IN-TG,state,,39.7,632,632,4,Asia/Kolkata,TRUE,1356402777
Khejrauda,Khejrauda,,24.1723,77.5260,India,IN,IND,Madhya Pradesh,Madhya Pradesh,IN-MP,state,,144.8,632,632,4,Asia/Kolkata,FALSE,1356419745
Sijhati,Sijhati,,24.1804,80.2574,India,IN,IND,Madhya Pradesh,Madhya Pradesh,IN-MP,state,,121.0,632,632,4,Asia/Kolkata,FALSE,1356119701
Bahātu,Bahatu,,23.5812,85.5820,India,IN,IND,Jhārkhand,Jharkhand,IN-JH,state,,1378.7,632,632,3,Asia/Kolkata,FALSE,1356180579
Khalera,Khalera,,31.6165,75.0608,India,IN,IND,Punjab,Punjab,IN-PB,state,,2658.6,632,632,2,Asia/Kolkata,FALSE,1356114751
Teriamār,Teriamar,,24.2784,79.2769,India,IN,IND,Madhya Pradesh,Madhya Pradesh,IN-MP,state,,144.1,632,632,4,Asia/Kolkata,FALSE,1356587125
Rehma,Rehma,,23.1934,78.5450,India,IN,IND,Madhya Pradesh,Madhya Pradesh,IN-MP,state,,148.6,632,632,4,Asia/Kolkata,FALSE,1356044935
Lahārpura,Laharpura,,26.5846,78.6878,India,IN,IND,Madhya Pradesh,Madhya Pradesh,IN-MP,state,,265.0,632,632,3,Asia/Kolkata,FALSE,1356036982
Kandhrāpur,Kandhrapur,,22.8790,79.1462,India,IN,IND,Madhya Pradesh,Madhya Pradesh,IN-MP,state,,276.7,632,632,3,Asia/Kolkata,FALSE,1356225257
Āndhārela,Andharela,,24.2500,77.5958,India,IN,IND,Madhya Pradesh,Madhya Pradesh,IN-MP,state,,213.5,632,632,3,Asia/Kolkata,FALSE,1356371795
Lipdā,Lipda,,24.1997,84.8807,India,IN,IND,Jhārkhand,Jharkhand,IN-JH,state,,409.0,632,632,3,Asia/Kolkata,FALSE,1356198454
Rasūlpur,Rasulpur,,24.4135,77.5565,India,IN,IND,Madhya Pradesh,Madhya Pradesh,IN-MP,state,,247.9,632,632,3,Asia/Kolkata,TRUE,1356578180
Dodgatta,Dodgatta,,13.6341,75.9363,India,IN,IND,Karnātaka,Karnataka,IN-KA,state,,190.7,632,632,4,Asia/Kolkata,FALSE,1356625397
Chithrodih,Chithrodih,,24.0064,86.2163,India,IN,IND,Jhārkhand,Jharkhand,IN-JH,state,,342.9,632,632,3,Asia/Kolkata,FALSE,1356247788
Barha,Barha,,24.9120,80.6514,India,IN,IND,Madhya Pradesh,Madhya Pradesh,IN-MP,state,,128.0,632,632,4,Asia/Kolkata,TRUE,1356956859
Kammarolapalli,Kammarolapalli,,13.4434,78.2182,India,IN,IND,Karnātaka,Karnataka,IN-KA,state,,244.7,632,632,3,Asia/Kolkata,FALSE,1356131122
Buchchampalle,Buchchampalle,,15.0381,79.0372,India,IN,IND,Andhra Pradesh,Andhra Pradesh,IN-AP,state,,199.0,632,632,4,Asia/Kolkata,FALSE,1356100035
Barhampur,Barhampur,,23.0986,84.3568,India,IN,IND,Jhārkhand,Jharkhand,IN-JH,state,,145.1,632,632,4,Asia/Kolkata,FALSE,1356191340
Barutara,Barutara,,23.5009,81.6074,India,IN,IND,Madhya Pradesh,Madhya Pradesh,IN-MP,state,,221.3,632,632,3,Asia/Kolkata,FALSE,1356129961
Tinsai,Tinsai,,22.4843,79.0859,India,IN,IND,Madhya Pradesh,Madhya Pradesh,IN-MP,state,,88.1,632,632,4,Asia/Kolkata,TRUE,1356693653
Mannavaram,Mannavaram,,13.8945,79.5294,India,IN,IND,Andhra Pradesh,Andhra Pradesh,IN-AP,state,,321.6,632,632,3,Asia/Kolkata,FALSE,1356221083
Kasia,Kasia,,22.4240,85.9900,India,IN,IND,Odisha,Odisha,IN-OR,state,,694.7,632,632,3,Asia/Kolkata,FALSE,1356226274
Patoi,Patoi,,24.8640,84.4997,India,IN,IND,Bihār,Bihar,IN-BR,state,,1549.2,632,632,3,Asia/Kolkata,TRUE,1356751804
Sijuwa,Sijuwa,,24.2416,86.4420,India,IN,IND,Jhārkhand,Jharkhand,IN-JH,state,,471.4,632,632,3,Asia/Kolkata,TRUE,1356250862
Haldibata,Haldibata,,21.7117,85.9472,India,IN,IND,Odisha,Odisha,IN-OR,state,,303.6,632,632,3,Asia/Kolkata,FALSE,1356242851
Madan Chauki,Madan Chauki,,25.1776,87.4424,India,IN,IND,Jhārkhand,Jharkhand,IN-JH,state,,817.0,632,632,3,Asia/Kolkata,FALSE,1356298263
Kottakarra,Kottakarra,,18.3789,83.4776,India,IN,IND,Andhra Pradesh,Andhra Pradesh,IN-AP,state,,369.9,632,632,3,Asia/Kolkata,FALSE,1356066902
Nāgajharan,Nagajharan,,20.9433,84.7966,India,IN,IND,Odisha,Odisha,IN-OR,state,,127.2,632,632,4,Asia/Kolkata,FALSE,1356243089
Piri,Piri,,23.6873,84.3334,India,IN,IND,Jhārkhand,Jharkhand,IN-JH,state,,72.1,632,632,4,Asia/Kolkata,TRUE,1356189646
Kuākhera,Kuakhera,,25.6779,78.6772,India,IN,IND,Madhya Pradesh,Madhya Pradesh,IN-MP,state,,416.7,632,632,3,Asia/Kolkata,FALSE,1356808925
Jagatpur,Jagatpur,,26.7577,78.3484,India,IN,IND,Madhya Pradesh,Madhya Pradesh,IN-MP,state,,770.3,632,632,3,Asia/Kolkata,FALSE,1356237230
Mokalwāri,Mokalwari,,22.7489,78.2916,India,IN,IND,Madhya Pradesh,Madhya Pradesh,IN-MP,state,,99.4,632,632,4,Asia/Kolkata,FALSE,1356133589
Avas,Avas,Howas,18.9559,73.1595,India,IN,IND,Mahārāshtra,Maharashtra,IN-MH,state,,534.7,632,632,3,Asia/Kolkata,FALSE,1356118473
Sanyāsihalli,Sanyasihalli,,13.1464,75.8688,India,IN,IND,Karnātaka,Karnataka,IN-KA,state,,229.7,632,632,3,Asia/Kolkata,TRUE,1356890418
Sewāhi,Sewahi,,24.9912,84.4125,India,IN,IND,Bihār,Bihar,IN-BR,state,,1895.4,632,632,3,Asia/Kolkata,FALSE,1356064719
Dublābera,Dublabera,,22.1688,86.0400,India,IN,IND,Odisha,Odisha,IN-OR,state,,331.2,632,632,3,Asia/Kolkata,FALSE,1356889146
Imodpur,Imodpur,,25.1586,84.9194,India,IN,IND,Bihār,Bihar,IN-BR,state,,1379.2,632,632,3,Asia/Kolkata,FALSE,1356948576
Chhātibargaon,Chhatibargaon,,26.5442,90.5177,India,IN,IND,Assam,Assam,IN-AS,state,,329.0,632,632,3,Asia/Kolkata,FALSE,1356723507
Chandanpura,Chandanpura,,22.3339,75.9447,India,IN,IND,Madhya Pradesh,Madhya Pradesh,IN-MP,state,,218.4,632,632,3,Asia/Kolkata,TRUE,1356073135
Timsandra,Timsandra,,13.1308,77.3001,India,IN,IND,Karnātaka,Karnataka,IN-KA,state,,505.0,632,632,3,Asia/Kolkata,TRUE,1356007935
Bardih,Bardih,,23.0299,84.2843,India,IN,IND,Jhārkhand,Jharkhand,IN-JH,state,,233.7,632,632,3,Asia/Kolkata,TRUE,1356191289
Kandiyanallūr,Kandiyanallur,,12.3830,79.5970,India,IN,IND,Tamil Nādu,Tamil Nadu,IN-TN,state,,459.2,632,632,3,Asia/Kolkata,FALSE,1356913356
Dhamuku,Dhamuku,,18.2223,83.0355,India,IN,IND,Andhra Pradesh,Andhra Pradesh,IN-AP,state,,58.0,632,632,4,Asia/Kolkata,FALSE,1356947429
Salaiya,Salaiya,,22.5750,81.0931,India,IN,IND,Madhya Pradesh,Madhya Pradesh,IN-MP,state,,124.9,632,632,4,Asia/Kolkata,TRUE,1356805497
Mahua,Mahua,,25.9857,86.0139,India,IN,IND,Bihār,Bihar,IN-BR,state,,1518.2,632,632,3,Asia/Kolkata,TRUE,1356554752
Torani,Torani,,25.0183,83.9284,India,IN,IND,Bihār,Bihar,IN-BR,state,,724.8,632,632,3,Asia/Kolkata,FALSE,1356109376
Jhikarhāti,Jhikarhati,,24.4740,87.8462,India,IN,IND,West Bengal,West Bengal,IN-WB,state,,1516.3,632,632,3,Asia/Kolkata,FALSE,1356789800
Mulānpur Kalān,Mulanpur Kalan,,30.6150,76.3142,India,IN,IND,Punjab,Punjab,IN-PB,state,,388.3,632,632,3,Asia/Kolkata,FALSE,1356621356
Tākli,Takli,,18.6511,77.7892,India,IN,IND,Telangāna,Telangana,IN-TG,state,,485.2,632,632,3,Asia/Kolkata,FALSE,1356492146
Doddatammanahalli,Doddatammanahalli,,13.5072,77.8077,India,IN,IND,Karnātaka,Karnataka,IN-KA,state,,360.0,632,632,3,Asia/Kolkata,FALSE,1356755118
Gadenhalli,Gadenhalli,,13.1886,77.6175,India,IN,IND,Karnātaka,Karnataka,IN-KA,state,,15537.8,632,632,2,Asia/Kolkata,FALSE,1356116950
Audalpur,Audalpur,,30.7202,76.3583,India,IN,IND,Punjab,Punjab,IN-PB,state,,467.5,632,632,3,Asia/Kolkata,FALSE,1356004347
Mahārājganj,Maharajganj,,25.4890,84.9512,India,IN,IND,Bihār,Bihar,IN-BR,state,,1690.8,632,632,3,Asia/Kolkata,TRUE,1356871436
Kanjivākkam,Kanjivakkam,,12.8432,79.9883,India,IN,IND,Tamil Nādu,Tamil Nadu,IN-TN,state,,1138.0,632,632,3,Asia/Kolkata,FALSE,1356597396
Tellapādu,Tellapadu,,16.8214,80.4869,India,IN,IND,Telangāna,Telangana,IN-TG,state,,203.3,632,632,3,Asia/Kolkata,FALSE,1356037537
Barhana,Barhana,,24.7702,80.8928,India,IN,IND,Madhya Pradesh,Madhya Pradesh,IN-MP,state,,281.0,632,632,3,Asia/Kolkata,FALSE,1356377294
Bantaria Sansar,Bantaria Sansar,,26.4586,84.1378,India,IN,IND,Bihār,Bihar,IN-BR,state,,2474.1,632,632,2,Asia/Kolkata,FALSE,1356564183
Antarbedia Khurd,Antarbedia Khurd,,24.4613,80.7554,India,IN,IND,Madhya Pradesh,Madhya Pradesh,IN-MP,state,,281.9,632,632,3,Asia/Kolkata,FALSE,1356032181
Dhanahari,Dhanahari,,24.6017,85.0987,India,IN,IND,Bihār,Bihar,IN-BR,state,,920.1,632,632,3,Asia/Kolkata,FALSE,1356809351
Bhadokhar,Bhadokhar,,24.6096,84.3994,India,IN,IND,Bihār,Bihar,IN-BR,state,,864.5,632,632,3,Asia/Kolkata,FALSE,1356843160
Mirzāpur,Mirzapur,,30.8994,76.7097,India,IN,IND,Punjab,Punjab,IN-PB,state,,430.6,632,632,3,Asia/Kolkata,TRUE,1356186081
Gānigarahosahalli,Ganigarahosahalli,,12.9385,76.1225,India,IN,IND,Karnātaka,Karnataka,IN-KA,state,,423.4,632,632,3,Asia/Kolkata,FALSE,1356427276
Koppavaram,Koppavaram,,17.0219,82.2257,India,IN,IND,Andhra Pradesh,Andhra Pradesh,IN-AP,state,,2075.6,632,632,2,Asia/Kolkata,FALSE,1356657268
Varahasandra,Varahasandra,,12.8769,77.4905,India,IN,IND,Karnātaka,Karnataka,IN-KA,state,,526.0,632,632,3,Asia/Kolkata,FALSE,1356059157
Sankarapuram,Sankarapuram,,13.7680,79.7712,India,IN,IND,Andhra Pradesh,Andhra Pradesh,IN-AP,state,,282.3,632,632,3,Asia/Kolkata,TRUE,1356708459
Belwa,Belwa,,24.9967,84.0876,India,IN,IND,Bihār,Bihar,IN-BR,state,,1072.1,632,632,3,Asia/Kolkata,TRUE,1356598249
Sūdai Gorail,Sudai Gorail,,24.5988,85.0883,India,IN,IND,Bihār,Bihar,IN-BR,state,,920.1,632,632,3,Asia/Kolkata,FALSE,1356544310
Sirabahāl,Sirabahal,,21.4851,83.4729,India,IN,IND,Odisha,Odisha,IN-OR,state,,217.7,632,632,3,Asia/Kolkata,FALSE,1356072986
Mochro,Mochro,,23.8758,85.9545,India,IN,IND,Jhārkhand,Jharkhand,IN-JH,state,,579.8,632,632,3,Asia/Kolkata,FALSE,1356200655
Parariya,Parariya,,25.2871,84.2513,India,IN,IND,Bihār,Bihar,IN-BR,state,,1377.1,632,632,3,Asia/Kolkata,TRUE,1356480657
Koriapara,Koriapara,,23.1080,74.6146,India,IN,IND,Madhya Pradesh,Madhya Pradesh,IN-MP,state,,359.2,632,632,3,Asia/Kolkata,FALSE,1356266659
Amardand,Amardand,,24.0588,80.6158,India,IN,IND,Madhya Pradesh,Madhya Pradesh,IN-MP,state,,297.9,632,632,3,Asia/Kolkata,FALSE,1356021085
Chingi,Chingi,,24.2546,82.5284,India,IN,IND,Madhya Pradesh,Madhya Pradesh,IN-MP,state,,187.6,632,632,4,Asia/Kolkata,FALSE,1356396144
Errugudipādu,Errugudipadu,,13.7852,79.6317,India,IN,IND,Andhra Pradesh,Andhra Pradesh,IN-AP,state,,321.6,632,632,3,Asia/Kolkata,FALSE,1356747599
Kosmī,Kosmi,,22.2075,80.2746,India,IN,IND,Madhya Pradesh,Madhya Pradesh,IN-MP,state,,152.8,632,632,4,Asia/Kolkata,TRUE,1356503496
Modidih,Modidih,,24.1677,85.7959,India,IN,IND,Jhārkhand,Jharkhand,IN-JH,state,,643.8,632,632,3,Asia/Kolkata,TRUE,1356254596
Bori,Bori,,22.7850,77.4701,India,IN,IND,Madhya Pradesh,Madhya Pradesh,IN-MP,state,,232.8,632,632,3,Asia/Kolkata,TRUE,1356063528
Āmta,Amta,,22.0600,79.1582,India,IN,IND,Madhya Pradesh,Madhya Pradesh,IN-MP,state,,154.4,632,632,4,Asia/Kolkata,FALSE,1356085252
Makhmelpur,Makhmelpur,,30.2457,76.5903,India,IN,IND,Punjab,Punjab,IN-PB,state,,1114.5,632,632,3,Asia/Kolkata,FALSE,1356975723
Mangarājpur,Mangarajpur,,20.3519,85.1032,India,IN,IND,Odisha,Odisha,IN-OR,state,,269.4,632,632,3,Asia/Kolkata,FALSE,1356248233
Balanda,Balanda,,21.5004,84.7461,India,IN,IND,Odisha,Odisha,IN-OR,state,,113.2,632,632,4,Asia/Kolkata,TRUE,1356261682
Kusamh,Kusamh,,24.4377,84.5473,India,IN,IND,Bihār,Bihar,IN-BR,state,,383.0,632,632,3,Asia/Kolkata,FALSE,1356097357
Dakhinipāli,Dakhinipali,,21.0690,83.8647,India,IN,IND,Odisha,Odisha,IN-OR,state,,136.0,632,632,4,Asia/Kolkata,FALSE,1356953696
Barjhar,Barjhar,,21.9178,79.5403,India,IN,IND,Madhya Pradesh,Madhya Pradesh,IN-MP,state,,161.0,632,632,4,Asia/Kolkata,FALSE,1356036908
Dhoribahār,Dhoribahar,,22.4456,84.4418,India,IN,IND,Jhārkhand,Jharkhand,IN-JH,state,,173.3,632,632,4,Asia/Kolkata,FALSE,1356223561
Nand Bigha,Nand Bigha,,25.0162,84.9194,India,IN,IND,Bihār,Bihar,IN-BR,state,,1534.5,632,632,3,Asia/Kolkata,FALSE,1356940155
Fazalwāla,Fazalwala,,31.0367,75.3237,India,IN,IND,Punjab,Punjab,IN-PB,state,,503.8,631,631,3,Asia/Kolkata,FALSE,1356018472
Tekhura,Tekhura,,24.1061,87.7842,India,IN,IND,West Bengal,West Bengal,IN-WB,state,,757.8,631,631,3,Asia/Kolkata,FALSE,1356578092
Dhanne,Dhanne,,31.8167,75.3333,India,IN,IND,Punjab,Punjab,IN-PB,state,,821.5,631,631,3,Asia/Kolkata,FALSE,1356023959
Dalelpur,Dalelpur,,31.9817,75.1442,India,IN,IND,Punjab,Punjab,IN-PB,state,,599.6,630,630,3,Asia/Kolkata,TRUE,1356240896
Surli,Surli,,22.4298,79.1564,India,IN,IND,Madhya Pradesh,Madhya Pradesh,IN-MP,state,,88.1,630,630,4,Asia/Kolkata,FALSE,1356141714
Dyāmhunshi,Dyamhunshi,,15.7527,75.8642,India,IN,IND,Karnātaka,Karnataka,IN-KA,state,,227.6,630,630,3,Asia/Kolkata,FALSE,1356909080
Mahārājnagar,Maharajnagar,,25.0824,80.6260,India,IN,IND,Madhya Pradesh,Madhya Pradesh,IN-MP,state,,496.9,630,630,3,Asia/Kolkata,FALSE,1356497610
Surangi,Surangi,,22.5588,77.4949,India,IN,IND,Madhya Pradesh,Madhya Pradesh,IN-MP,state,,149.2,630,630,4,Asia/Kolkata,TRUE,1356392326
Bonddih Dakhli,Bonddih Dakhli,,25.6797,85.6015,India,IN,IND,Bihār,Bihar,IN-BR,state,,1602.1,630,630,3,Asia/Kolkata,FALSE,1356012248
Pitabaligarh,Pitabaligarh,,20.9264,84.5959,India,IN,IND,Odisha,Odisha,IN-OR,state,,127.2,630,630,4,Asia/Kolkata,FALSE,1356235158
Golhalli,Golhalli,,12.8547,78.1394,India,IN,IND,Karnātaka,Karnataka,IN-KA,state,,570.8,630,630,3,Asia/Kolkata,TRUE,1356157913
Māchenhalli,Machenhalli,,13.4075,77.3491,India,IN,IND,Karnātaka,Karnataka,IN-KA,state,,446.9,630,630,3,Asia/Kolkata,FALSE,1356621059
Merāwal,Merawal,,24.0277,85.3748,India,IN,IND,Jhārkhand,Jharkhand,IN-JH,state,,1149.3,630,630,3,Asia/Kolkata,FALSE,1356176661
Chhāta,Chhata,,21.7704,77.9590,India,IN,IND,Madhya Pradesh,Madhya Pradesh,IN-MP,state,,261.5,630,630,3,Asia/Kolkata,TRUE,1356899178
Kadarenhalli,Kadarenhalli,,13.6110,77.4036,India,IN,IND,Karnātaka,Karnataka,IN-KA,state,,355.2,630,630,3,Asia/Kolkata,TRUE,1356343262
Karamdih,Karamdih,,24.6773,84.5450,India,IN,IND,Bihār,Bihar,IN-BR,state,,960.1,630,630,3,Asia/Kolkata,TRUE,1356380988
Takhān Mazāra,Takhan Mazara,,31.0847,75.8150,India,IN,IND,Punjab,Punjab,IN-PB,state,,596.0,630,630,3,Asia/Kolkata,FALSE,1356217732
Sangāriwāla,Sangariwala,,30.7937,76.7616,India,IN,IND,Chandīgarh,Chandigarh,IN-CH,union territory,,1045.5,630,630,3,Asia/Kolkata,FALSE,1356768721
Kurumbalūr,Kurumbalur,,11.9938,78.8057,India,IN,IND,Tamil Nādu,Tamil Nadu,IN-TN,state,,348.6,630,630,3,Asia/Kolkata,TRUE,1356242568
Dharampur,Dharampur,,25.8633,84.7838,India,IN,IND,Bihār,Bihar,IN-BR,state,,2079.4,630,630,2,Asia/Kolkata,TRUE,1356909433
Āvugānapalli,Avuganapalli,,13.4890,78.2154,India,IN,IND,Karnātaka,Karnataka,IN-KA,state,,244.7,630,630,3,Asia/Kolkata,FALSE,1356672259
Segaon,Segaon,,22.0282,74.9193,India,IN,IND,Madhya Pradesh,Madhya Pradesh,IN-MP,state,,309.2,630,630,3,Asia/Kolkata,FALSE,1356117153
Sahelara,Sahelara,,24.2463,80.7270,India,IN,IND,Madhya Pradesh,Madhya Pradesh,IN-MP,state,,387.6,630,630,3,Asia/Kolkata,FALSE,1356321609
Basdīhā,Basdiha,,24.5432,84.2648,India,IN,IND,Bihār,Bihar,IN-BR,state,,467.4,630,630,3,Asia/Kolkata,TRUE,1356081504
Sigodi,Sigodi,,22.6682,79.2031,India,IN,IND,Madhya Pradesh,Madhya Pradesh,IN-MP,state,,88.1,630,630,4,Asia/Kolkata,FALSE,1356394118
Omeserā,Omesera,,23.0611,84.8399,India,IN,IND,Jhārkhand,Jharkhand,IN-JH,state,,297.2,630,630,3,Asia/Kolkata,FALSE,1356203215
Kekarha,Kekarha,,25.0073,83.9219,India,IN,IND,Bihār,Bihar,IN-BR,state,,724.8,630,630,3,Asia/Kolkata,FALSE,1356095078
Chandauri Khurd,Chandauri Khurd,,22.2553,79.4314,India,IN,IND,Madhya Pradesh,Madhya Pradesh,IN-MP,state,,238.7,630,630,3,Asia/Kolkata,FALSE,1356359174
Daini Math,Daini Math,,26.4215,84.9166,India,IN,IND,Bihār,Bihar,IN-BR,state,,1445.7,630,630,3,Asia/Kolkata,FALSE,1356721172
Niranjnāpur,Niranjnapur,,26.6447,79.5817,India,IN,IND,Uttar Pradesh,Uttar Pradesh,IN-UP,state,,529.4,630,630,3,Asia/Kolkata,FALSE,1356636771
Lakshmīpur,Lakshmipur,,12.8691,76.9969,India,IN,IND,Karnātaka,Karnataka,IN-KA,state,,235.0,630,630,3,Asia/Kolkata,TRUE,1356224252
Maniyārpur,Maniyarpur,,19.7597,78.7906,India,IN,IND,Telangāna,Telangana,IN-TG,state,,105.9,630,630,4,Asia/Kolkata,FALSE,1356086826
Datma,Datma,,24.1441,83.9278,India,IN,IND,Jhārkhand,Jharkhand,IN-JH,state,,559.9,630,630,3,Asia/Kolkata,FALSE,1356063733
Jāmujhari,Jamujhari,,20.9067,84.6235,India,IN,IND,Odisha,Odisha,IN-OR,state,,127.2,630,630,4,Asia/Kolkata,FALSE,1356235152
Sarna,Sarna,,23.6338,81.2790,India,IN,IND,Madhya Pradesh,Madhya Pradesh,IN-MP,state,,221.3,630,630,3,Asia/Kolkata,TRUE,1356006878
Etwān,Etwan,,24.4037,84.9505,India,IN,IND,Bihār,Bihar,IN-BR,state,,660.1,630,630,3,Asia/Kolkata,FALSE,1356194479
Baherwādānd,Baherwadand,,24.3252,82.3559,India,IN,IND,Madhya Pradesh,Madhya Pradesh,IN-MP,state,,187.6,630,630,4,Asia/Kolkata,FALSE,1356624838
Rāmpur Nakatia,Rampur Nakatia,,23.0766,79.8529,India,IN,IND,Madhya Pradesh,Madhya Pradesh,IN-MP,state,,1317.7,630,630,3,Asia/Kolkata,FALSE,1356063556
Sāji,Saji,,23.7539,78.5723,India,IN,IND,Madhya Pradesh,Madhya Pradesh,IN-MP,state,,227.4,630,630,3,Asia/Kolkata,TRUE,1356678009
Padigapādu,Padigapadu,,15.1244,78.3837,India,IN,IND,Andhra Pradesh,Andhra Pradesh,IN-AP,state,,163.6,630,630,4,Asia/Kolkata,FALSE,1356780104
Joraiam,Joraiam,,24.1967,86.4391,India,IN,IND,Jhārkhand,Jharkhand,IN-JH,state,,603.8,630,630,3,Asia/Kolkata,FALSE,1356249984
Perka,Perka,,23.0106,85.2697,India,IN,IND,Jhārkhand,Jharkhand,IN-JH,state,,275.5,630,630,3,Asia/Kolkata,FALSE,1356182313
Sukurhutu,Sukurhutu,,23.1170,84.9004,India,IN,IND,Jhārkhand,Jharkhand,IN-JH,state,,247.0,630,630,3,Asia/Kolkata,TRUE,1356201344
Barpoda,Barpoda,,21.9720,85.3066,India,IN,IND,Odisha,Odisha,IN-OR,state,,256.2,630,630,3,Asia/Kolkata,TRUE,1356952384
Birhuli Tola,Birhuli Tola,,23.4172,80.7926,India,IN,IND,Madhya Pradesh,Madhya Pradesh,IN-MP,state,,277.9,630,630,3,Asia/Kolkata,FALSE,1356695310
Akbarpur Jhūjha,Akbarpur Jhujha,,29.0980,78.2552,India,IN,IND,Uttar Pradesh,Uttar Pradesh,IN-UP,state,,1033.3,630,630,3,Asia/Kolkata,FALSE,1356332099
Haraia Kalān,Haraia Kalan,,24.2098,84.2597,India,IN,IND,Jhārkhand,Jharkhand,IN-JH,state,,541.2,630,630,3,Asia/Kolkata,FALSE,1356181613
Kakra,Kakra,Umri Kakra,25.5428,77.3062,India,IN,IND,Madhya Pradesh,Madhya Pradesh,IN-MP,state,,71.5,630,630,4,Asia/Kolkata,TRUE,1356339168
Rāmchandrāpuram,Ramchandrapuram,,17.4217,79.6629,India,IN,IND,Telangāna,Telangana,IN-TG,state,,286.1,630,630,3,Asia/Kolkata,TRUE,1356799879
Māilam,Mailam,,23.9601,84.7215,India,IN,IND,Jhārkhand,Jharkhand,IN-JH,state,,226.9,630,630,3,Asia/Kolkata,FALSE,1356182897
Bethat,Bethat,,23.4705,84.3839,India,IN,IND,Jhārkhand,Jharkhand,IN-JH,state,,118.3,630,630,4,Asia/Kolkata,TRUE,1356190662
Tiranhalli,Tiranhalli,,13.4029,77.7097,India,IN,IND,Karnātaka,Karnataka,IN-KA,state,,364.2,630,630,3,Asia/Kolkata,FALSE,1356126877
Bāsha,Basha,,22.9765,79.9084,India,IN,IND,Madhya Pradesh,Madhya Pradesh,IN-MP,state,,1317.7,630,630,3,Asia/Kolkata,FALSE,1356233394
Simlāpāra,Simlapara,,25.3976,87.7173,India,IN,IND,Bihār,Bihar,IN-BR,state,,1548.7,630,630,3,Asia/Kolkata,FALSE,1356139757
Balūni,Baluni,,32.5386,75.1873,India,IN,IND,Jammu and Kashmīr,Jammu and Kashmir,IN-JK,state,,323.6,630,630,3,Asia/Kolkata,FALSE,1356989975
Kengal Kadpatti,Kengal Kadpatti,,16.1816,76.0413,India,IN,IND,Karnātaka,Karnataka,IN-KA,state,,267.6,630,630,3,Asia/Kolkata,FALSE,1356523059
Mahuria Khālsa,Mahuria Khalsa,,22.7911,76.4632,India,IN,IND,Madhya Pradesh,Madhya Pradesh,IN-MP,state,,156.5,630,630,4,Asia/Kolkata,FALSE,1356091236
Lodhiyākheri,Lodhiyakheri,,22.2104,76.8467,India,IN,IND,Madhya Pradesh,Madhya Pradesh,IN-MP,state,,199.0,630,630,4,Asia/Kolkata,FALSE,1356198079
Ichāhatu,Ichahatu,,23.2797,85.7468,India,IN,IND,Jhārkhand,Jharkhand,IN-JH,state,,632.4,630,630,3,Asia/Kolkata,FALSE,1356179754
Daunāpur,Daunapur,,24.3966,84.6248,India,IN,IND,Bihār,Bihar,IN-BR,state,,802.4,630,630,3,Asia/Kolkata,FALSE,1356899346
Chānpi Kalān,Chanpi Kalan,,23.9863,84.4058,India,IN,IND,Jhārkhand,Jharkhand,IN-JH,state,,422.9,630,630,3,Asia/Kolkata,FALSE,1356187687
Birmuka,Birmuka,,24.2393,86.1723,India,IN,IND,Jhārkhand,Jharkhand,IN-JH,state,,1236.7,630,630,3,Asia/Kolkata,FALSE,1356251555
Chhoti Jhaliān,Chhoti Jhalian,,30.9304,76.4768,India,IN,IND,Punjab,Punjab,IN-PB,state,,430.6,630,630,3,Asia/Kolkata,FALSE,1356825090
Ghatauri,Ghatauri,Ghātpipariya,22.2634,79.0991,India,IN,IND,Madhya Pradesh,Madhya Pradesh,IN-MP,state,,199.5,630,630,4,Asia/Kolkata,FALSE,1356158690
Rajāo,Rajao,Rajūa,33.2599,74.1175,India,IN,IND,Jammu and Kashmīr,Jammu and Kashmir,IN-JK,state,,143.2,630,630,4,Asia/Kolkata,FALSE,1356098561
Dranga,Dranga,,33.0167,75.6710,India,IN,IND,Jammu and Kashmīr,Jammu and Kashmir,IN-JK,state,,315.4,630,630,3,Asia/Kolkata,FALSE,1356074795
Girsingia,Girsingia,,20.1377,84.3445,India,IN,IND,Odisha,Odisha,IN-OR,state,,152.8,630,630,4,Asia/Kolkata,FALSE,1356238103
Kalmalpet,Kalmalpet,,19.0637,79.8618,India,IN,IND,Telangāna,Telangana,IN-TG,state,,68.5,630,630,4,Asia/Kolkata,TRUE,1356115635
Challapalle,Challapalle,,16.7556,81.1058,India,IN,IND,Andhra Pradesh,Andhra Pradesh,IN-AP,state,,301.5,630,630,3,Asia/Kolkata,TRUE,1356620928
Shāhbājpura,Shahbajpura,,23.9654,76.3648,India,IN,IND,Madhya Pradesh,Madhya Pradesh,IN-MP,state,,239.4,630,630,3,Asia/Kolkata,TRUE,1356750642
Kāritānr,Karitanr,,24.0021,86.4070,India,IN,IND,Jhārkhand,Jharkhand,IN-JH,state,,494.8,630,630,3,Asia/Kolkata,TRUE,1356250934
Kantāpāli,Kantapali,,21.6020,84.7724,India,IN,IND,Odisha,Odisha,IN-OR,state,,113.2,630,630,4,Asia/Kolkata,TRUE,1356229644
Shafīpur,Shafipur,,30.6551,76.7714,India,IN,IND,Punjab,Punjab,IN-PB,state,,5075.7,630,630,2,Asia/Kolkata,FALSE,1356043627
Talwandi Pāīn,Talwandi Pain,,31.2828,75.2800,India,IN,IND,Punjab,Punjab,IN-PB,state,,498.8,630,630,3,Asia/Kolkata,FALSE,1356345562
Malwāri,Malwari,,24.2043,81.7225,India,IN,IND,Madhya Pradesh,Madhya Pradesh,IN-MP,state,,287.1,630,630,3,Asia/Kolkata,FALSE,1356638232
Gurāria Khurd,Guraria Khurd,,22.9274,76.6285,India,IN,IND,Madhya Pradesh,Madhya Pradesh,IN-MP,state,,166.0,630,630,4,Asia/Kolkata,TRUE,1356861798
Belārhi,Belarhi,,24.8964,84.4204,India,IN,IND,Bihār,Bihar,IN-BR,state,,953.0,630,630,3,Asia/Kolkata,TRUE,1356122876
Medhatti,Medhatti,,12.9693,77.9867,India,IN,IND,Karnātaka,Karnataka,IN-KA,state,,392.1,630,630,3,Asia/Kolkata,FALSE,1356749004
Meromloya,Meromloya,,22.5981,84.3227,India,IN,IND,Jhārkhand,Jharkhand,IN-JH,state,,280.8,630,630,3,Asia/Kolkata,FALSE,1356227432
Gaigai,Gaigai,,22.9040,85.3530,India,IN,IND,Jhārkhand,Jharkhand,IN-JH,state,,275.5,630,630,3,Asia/Kolkata,FALSE,1356184631
Garāi,Garai,,23.0884,84.9760,India,IN,IND,Jhārkhand,Jharkhand,IN-JH,state,,247.0,630,630,3,Asia/Kolkata,TRUE,1356207280
Chandranāpur,Chandranapur,,18.8361,79.3437,India,IN,IND,Telangāna,Telangana,IN-TG,state,,562.2,630,630,3,Asia/Kolkata,FALSE,1356992959
Kasarpura,Kasarpura,,23.2397,74.7862,India,IN,IND,Madhya Pradesh,Madhya Pradesh,IN-MP,state,,177.1,629,629,4,Asia/Kolkata,TRUE,1356150615
Pattahrasāna,Pattahrasana,,32.5041,75.2521,India,IN,IND,Jammu and Kashmīr,Jammu and Kashmir,IN-JK,state,,323.6,629,629,3,Asia/Kolkata,FALSE,1356043091
Gyaragatta,Gyaragatta,,13.3294,76.3692,India,IN,IND,Karnātaka,Karnataka,IN-KA,state,,290.0,629,629,3,Asia/Kolkata,FALSE,1356483844
Kishungath,Kishungath,,24.6878,79.4581,India,IN,IND,Madhya Pradesh,Madhya Pradesh,IN-MP,state,,379.8,629,629,3,Asia/Kolkata,FALSE,1356764957
Ghugharla Kalān,Ghugharla Kalan,,22.3590,79.3317,India,IN,IND,Madhya Pradesh,Madhya Pradesh,IN-MP,state,,239.4,629,629,3,Asia/Kolkata,FALSE,1356100418
Balimāri,Balimari,,26.4882,89.9847,India,IN,IND,Assam,Assam,IN-AS,state,,308.2,629,629,3,Asia/Kolkata,FALSE,1356115726
Jharaha,Jharaha,,24.6859,84.8592,India,IN,IND,Bihār,Bihar,IN-BR,state,,1312.0,629,629,3,Asia/Kolkata,FALSE,1356111447
Pāramtikar,Paramtikar,,23.2458,85.9441,India,IN,IND,West Bengal,West Bengal,IN-WB,state,,371.1,629,629,3,Asia/Kolkata,FALSE,1356186006
Chak Mahān Bhadar,Chak Mahan Bhadar,Chak Mahān Bhādar,30.4084,74.4340,India,IN,IND,Punjab,Punjab,IN-PB,state,,616.1,629,629,3,Asia/Kolkata,FALSE,1356082012
Jujhārpur,Jujharpur,,25.3539,83.7097,India,IN,IND,Bihār,Bihar,IN-BR,state,,744.1,629,629,3,Asia/Kolkata,TRUE,1356116371
Nimribedā,Nimribeda,,21.2842,85.1954,India,IN,IND,Odisha,Odisha,IN-OR,state,,214.6,629,629,3,Asia/Kolkata,FALSE,1356255184
Nandivāda,Nandivada,,18.3170,81.6661,India,IN,IND,Odisha,Odisha,IN-OR,state,,71.3,629,629,4,Asia/Kolkata,FALSE,1356383071
Kudigere,Kudigere,,14.1852,75.1968,India,IN,IND,Karnātaka,Karnataka,IN-KA,state,,115.4,629,629,4,Asia/Kolkata,FALSE,1356155661
Ambār,Ambar,,22.5066,74.1157,India,IN,IND,Gujarāt,Gujarat,IN-GJ,state,,263.8,629,629,3,Asia/Kolkata,FALSE,1356248224
Basantpur,Basantpur,,24.8981,83.8765,India,IN,IND,Bihār,Bihar,IN-BR,state,,501.1,629,629,3,Asia/Kolkata,TRUE,1356090887
Buzurg,Buzurg,,26.3695,78.7835,India,IN,IND,Madhya Pradesh,Madhya Pradesh,IN-MP,state,,443.8,629,629,3,Asia/Kolkata,FALSE,1356575649
Bandal,Bandal,,14.5315,74.6587,India,IN,IND,Karnātaka,Karnataka,IN-KA,state,,155.2,629,629,4,Asia/Kolkata,TRUE,1356085373
Serbinja,Serbinja,,22.2266,85.8933,India,IN,IND,Jhārkhand,Jharkhand,IN-JH,state,,185.4,629,629,4,Asia/Kolkata,FALSE,1356226357
Alagandanahalli,Alagandanahalli,,13.0644,76.3601,India,IN,IND,Karnātaka,Karnataka,IN-KA,state,,282.3,629,629,3,Asia/Kolkata,FALSE,1356358939
Jhameri,Jhameri,,22.4258,74.6498,India,IN,IND,Madhya Pradesh,Madhya Pradesh,IN-MP,state,,286.6,629,629,3,Asia/Kolkata,FALSE,1356582980
Gundlahalli,Gundlahalli,,13.6215,78.0980,India,IN,IND,Karnātaka,Karnataka,IN-KA,state,,348.1,629,629,3,Asia/Kolkata,TRUE,1356535067
Nahar Khāp,Nahar Khap,,24.7924,84.5262,India,IN,IND,Bihār,Bihar,IN-BR,state,,1549.2,629,629,3,Asia/Kolkata,FALSE,1356802479
Vīrladinne,Virladinne,,15.7935,77.0931,India,IN,IND,Andhra Pradesh,Andhra Pradesh,IN-AP,state,,343.7,629,629,3,Asia/Kolkata,FALSE,1356491639
Kurubegere,Kurubegere,,13.3567,77.5946,India,IN,IND,Karnātaka,Karnataka,IN-KA,state,,446.9,629,629,3,Asia/Kolkata,FALSE,1356051079
Bajja,Bajja,,33.0845,75.7466,India,IN,IND,Jammu and Kashmīr,Jammu and Kashmir,IN-JK,state,,321.0,629,629,3,Asia/Kolkata,FALSE,1356099195
Kanagānhalli,Kanaganhalli,,12.5586,76.5862,India,IN,IND,Karnātaka,Karnataka,IN-KA,state,,360.6,629,629,3,Asia/Kolkata,TRUE,1356558780
Gangira,Gangira,,22.9769,85.2226,India,IN,IND,Jhārkhand,Jharkhand,IN-JH,state,,275.5,629,629,3,Asia/Kolkata,FALSE,1356188391
Dhamanda,Dhamanda,,22.5651,74.5310,India,IN,IND,Madhya Pradesh,Madhya Pradesh,IN-MP,state,,298.5,629,629,3,Asia/Kolkata,TRUE,1356814182
Kadadarakeri,Kadadarakeri,,16.2826,76.4991,India,IN,IND,Karnātaka,Karnataka,IN-KA,state,,230.0,629,629,3,Asia/Kolkata,FALSE,1356984363
Deori,Deori,,23.2165,80.2556,India,IN,IND,Madhya Pradesh,Madhya Pradesh,IN-MP,state,,156.1,629,629,4,Asia/Kolkata,TRUE,1356073575
Bhundupani,Bhundupani,,22.5205,84.7523,India,IN,IND,Jhārkhand,Jharkhand,IN-JH,state,,180.9,629,629,4,Asia/Kolkata,FALSE,1356191769
Sāpti,Sapti,,23.5157,76.2613,India,IN,IND,Madhya Pradesh,Madhya Pradesh,IN-MP,state,,271.4,629,629,3,Asia/Kolkata,TRUE,1356869825
Makhdūmpur,Makhdumpur,,25.2583,85.2263,India,IN,IND,Bihār,Bihar,IN-BR,state,,1288.9,629,629,3,Asia/Kolkata,TRUE,1356255253
Sāgar,Sagar,,22.6380,79.4224,India,IN,IND,Madhya Pradesh,Madhya Pradesh,IN-MP,state,,133.4,629,629,4,Asia/Kolkata,TRUE,1356017752
Kotaballapalli,Kotaballapalli,,13.4150,78.3254,India,IN,IND,Karnātaka,Karnataka,IN-KA,state,,244.7,629,629,3,Asia/Kolkata,FALSE,1356337798
Barri Kalān,Barri Kalan,,23.5507,78.2949,India,IN,IND,Madhya Pradesh,Madhya Pradesh,IN-MP,state,,201.3,629,629,3,Asia/Kolkata,FALSE,1356155268
Chhemanda,Chhemanda,,21.5095,84.3660,India,IN,IND,Odisha,Odisha,IN-OR,state,,101.4,629,629,4,Asia/Kolkata,FALSE,1356252605
Bālabhet,Balabhet,,22.7746,77.7946,India,IN,IND,Madhya Pradesh,Madhya Pradesh,IN-MP,state,,521.4,629,629,3,Asia/Kolkata,FALSE,1356979095
Uchavade,Uchavade,,15.7334,74.4125,India,IN,IND,Karnātaka,Karnataka,IN-KA,state,,882.2,629,629,3,Asia/Kolkata,FALSE,1356471395
Hāruvanapuram,Haruvanapuram,,12.1553,77.1471,India,IN,IND,Karnātaka,Karnataka,IN-KA,state,,133.3,629,629,4,Asia/Kolkata,FALSE,1356110907
Kunwarpura,Kunwarpura,,25.1344,78.8655,India,IN,IND,Madhya Pradesh,Madhya Pradesh,IN-MP,state,,487.6,629,629,3,Asia/Kolkata,TRUE,1356008352
Vysyagondanahalli,Vysyagondanahalli,,14.4951,76.2725,India,IN,IND,Karnātaka,Karnataka,IN-KA,state,,173.9,629,629,4,Asia/Kolkata,FALSE,1356957662
Dayālpur,Dayalpur,,25.7150,85.3150,India,IN,IND,Bihār,Bihar,IN-BR,state,,2745.8,629,629,2,Asia/Kolkata,FALSE,1356591862
Akauna,Akauna,,25.1008,85.9263,India,IN,IND,Bihār,Bihar,IN-BR,state,,1311.3,629,629,3,Asia/Kolkata,TRUE,1356967946
Chhotka Khatangā,Chhotka Khatanga,,23.1296,84.5116,India,IN,IND,Jhārkhand,Jharkhand,IN-JH,state,,454.6,629,629,3,Asia/Kolkata,FALSE,1356198980
Kadekodi,Kadekodi,,14.3833,74.4167,India,IN,IND,Karnātaka,Karnataka,IN-KA,state,,325.5,629,629,3,Asia/Kolkata,FALSE,1356590715
Agra,Agra,,25.1234,87.1096,India,IN,IND,Bihār,Bihar,IN-BR,state,,8492.2,629,629,2,Asia/Kolkata,FALSE,1356321026
Khursapāli,Khursapali,,21.0048,82.9034,India,IN,IND,Odisha,Odisha,IN-OR,state,,164.8,629,629,4,Asia/Kolkata,FALSE,1356117683
Piprīhār,Piprihar,,24.9833,78.6519,India,IN,IND,Madhya Pradesh,Madhya Pradesh,IN-MP,state,,239.7,629,629,3,Asia/Kolkata,FALSE,1356306362
Parariya,Parariya,,24.2381,78.0262,India,IN,IND,Madhya Pradesh,Madhya Pradesh,IN-MP,state,,329.4,629,629,3,Asia/Kolkata,TRUE,1356218534
Hattikamba,Hattikamba,,19.2373,83.5671,India,IN,IND,Odisha,Odisha,IN-OR,state,,339.6,629,629,3,Asia/Kolkata,FALSE,1356739164
Pulāh,Pulah,,25.6465,78.1114,India,IN,IND,Madhya Pradesh,Madhya Pradesh,IN-MP,state,,198.3,629,629,4,Asia/Kolkata,FALSE,1356801004
Majhilādih,Majhiladih,,24.2232,86.1331,India,IN,IND,Jhārkhand,Jharkhand,IN-JH,state,,891.7,629,629,3,Asia/Kolkata,TRUE,1356248869
Ibbadi,Ibbadi,,12.9007,75.8063,India,IN,IND,Karnātaka,Karnataka,IN-KA,state,,125.4,629,629,4,Asia/Kolkata,FALSE,1356047451
Nawādih,Nawadih,,24.3247,85.9705,India,IN,IND,Jhārkhand,Jharkhand,IN-JH,state,,931.8,629,629,3,Asia/Kolkata,TRUE,1356253485
Sagāsoti,Sagasoti,,24.4467,84.7139,India,IN,IND,Jhārkhand,Jharkhand,IN-JH,state,,478.6,629,629,3,Asia/Kolkata,FALSE,1356467803
Kundāda,Kundada,,17.5690,81.6604,India,IN,IND,Andhra Pradesh,Andhra Pradesh,IN-AP,state,,19.9,629,629,4,Asia/Kolkata,FALSE,1356758030
Mannupāli,Mannupali,,20.7881,84.0361,India,IN,IND,Odisha,Odisha,IN-OR,state,,216.1,629,629,3,Asia/Kolkata,FALSE,1356230437
Bisloni,Bisloni,,23.9649,78.2310,India,IN,IND,Madhya Pradesh,Madhya Pradesh,IN-MP,state,,331.1,629,629,3,Asia/Kolkata,FALSE,1356675519
Karma,Karma,,25.0844,84.3231,India,IN,IND,Bihār,Bihar,IN-BR,state,,2984.1,629,629,2,Asia/Kolkata,FALSE,1356629061
Balodar,Balodar,,23.8632,85.3349,India,IN,IND,Jhārkhand,Jharkhand,IN-JH,state,,427.0,629,629,3,Asia/Kolkata,FALSE,1356257909
Hardharpur,Hardharpur,,21.6280,85.7450,India,IN,IND,Odisha,Odisha,IN-OR,state,,309.3,629,629,3,Asia/Kolkata,FALSE,1356214458
Buggapalle,Buggapalle,,14.0477,77.7221,India,IN,IND,Andhra Pradesh,Andhra Pradesh,IN-AP,state,,277.7,629,629,3,Asia/Kolkata,FALSE,1356719999
Vantāmada,Vantamada,,19.2936,83.3836,India,IN,IND,Odisha,Odisha,IN-OR,state,,339.6,629,629,3,Asia/Kolkata,FALSE,1356238338
Dhawādāngal,Dhawadangal,,24.5803,87.7148,India,IN,IND,Jhārkhand,Jharkhand,IN-JH,state,,702.3,629,629,3,Asia/Kolkata,FALSE,1356176181
Sankupālem,Sankupalem,,18.2825,83.6313,India,IN,IND,Andhra Pradesh,Andhra Pradesh,IN-AP,state,,562.3,629,629,3,Asia/Kolkata,FALSE,1356096077
Beldih,Beldih,,24.5317,84.7559,India,IN,IND,Bihār,Bihar,IN-BR,state,,724.4,629,629,3,Asia/Kolkata,TRUE,1356387815
Mālin,Malin,,24.8000,87.7833,India,IN,IND,Jhārkhand,Jharkhand,IN-JH,state,,1267.1,629,629,3,Asia/Kolkata,FALSE,1356394655
Abhepur,Abhepur,,22.9067,76.3358,India,IN,IND,Madhya Pradesh,Madhya Pradesh,IN-MP,state,,316.5,629,629,3,Asia/Kolkata,FALSE,1356817044
Baruwa,Baruwa,,24.9034,80.9347,India,IN,IND,Madhya Pradesh,Madhya Pradesh,IN-MP,state,,128.0,629,629,4,Asia/Kolkata,TRUE,1356579378
Pilukūru,Pilukuru,,18.8959,83.1219,India,IN,IND,Odisha,Odisha,IN-OR,state,,90.7,629,629,4,Asia/Kolkata,FALSE,1356370402
Kurubarhalli,Kurubarhalli,,12.5422,77.3338,India,IN,IND,Karnātaka,Karnataka,IN-KA,state,,249.8,629,629,3,Asia/Kolkata,TRUE,1356232637
Abādkheri,Abadkheri,,23.3584,76.0147,India,IN,IND,Madhya Pradesh,Madhya Pradesh,IN-MP,state,,270.2,629,629,3,Asia/Kolkata,FALSE,1356528013
Bhansiābhita,Bhansiabhita,,24.9230,87.0299,India,IN,IND,Bihār,Bihar,IN-BR,state,,1264.8,629,629,3,Asia/Kolkata,FALSE,1356927408
Dharmpura,Dharmpura,,25.3736,83.7929,India,IN,IND,Bihār,Bihar,IN-BR,state,,851.3,629,629,3,Asia/Kolkata,TRUE,1356993149
Roshanhār,Roshanhar,,21.7361,76.2358,India,IN,IND,Madhya Pradesh,Madhya Pradesh,IN-MP,state,,216.0,629,629,3,Asia/Kolkata,FALSE,1356358468
Mattikāni,Mattikani,,19.2287,83.3632,India,IN,IND,Odisha,Odisha,IN-OR,state,,339.6,629,629,3,Asia/Kolkata,FALSE,1356909000
Kakot,Kakot,,30.9486,76.6549,India,IN,IND,Punjab,Punjab,IN-PB,state,,430.6,629,629,3,Asia/Kolkata,FALSE,1356693619
Gandhara,Gandhara,,24.7778,84.5538,India,IN,IND,Bihār,Bihar,IN-BR,state,,1549.2,629,629,3,Asia/Kolkata,FALSE,1356908723
Amāhi Kachnār,Amahi Kachnar,,24.4487,77.5930,India,IN,IND,Madhya Pradesh,Madhya Pradesh,IN-MP,state,,369.9,629,629,3,Asia/Kolkata,FALSE,1356022704
Baghelewāla,Baghelewala,,31.0271,75.0697,India,IN,IND,Punjab,Punjab,IN-PB,state,,474.1,629,629,3,Asia/Kolkata,TRUE,1356879434
Tinalu,Tinalu,,12.9905,77.8654,India,IN,IND,Karnātaka,Karnataka,IN-KA,state,,518.9,629,629,3,Asia/Kolkata,FALSE,1356092164
Dengraha,Dengraha,,24.2931,81.2830,India,IN,IND,Madhya Pradesh,Madhya Pradesh,IN-MP,state,,333.4,628,628,3,Asia/Kolkata,FALSE,1356026616
Atāri,Atari,,31.2478,75.9913,India,IN,IND,Punjab,Punjab,IN-PB,state,,503.4,628,628,3,Asia/Kolkata,TRUE,1356741617
Kals,Kals,,31.5347,74.6585,India,IN,IND,Punjab,Punjab,IN-PB,state,,622.3,628,628,3,Asia/Kolkata,FALSE,1356109265
Āmla Nānkār,Amla Nankar,,23.9244,76.1153,India,IN,IND,Madhya Pradesh,Madhya Pradesh,IN-MP,state,,225.6,628,628,3,Asia/Kolkata,FALSE,1356418983
Kokodu,Kokodu,,13.6886,75.1700,India,IN,IND,Karnātaka,Karnataka,IN-KA,state,,109.9,628,628,4,Asia/Kolkata,FALSE,1356935333
Kewatiya,Kewatiya,,25.3755,84.1167,India,IN,IND,Bihār,Bihar,IN-BR,state,,2610.0,628,628,2,Asia/Kolkata,FALSE,1356822187
Majhigawān,Majhigawan,,24.3418,81.4225,India,IN,IND,Madhya Pradesh,Madhya Pradesh,IN-MP,state,,553.7,628,628,3,Asia/Kolkata,FALSE,1356011246
Damudarsāi,Damudarsai,,22.0387,85.8540,India,IN,IND,Jhārkhand,Jharkhand,IN-JH,state,,273.8,628,628,3,Asia/Kolkata,FALSE,1356226313
Kumri,Kumri,,23.5341,76.2573,India,IN,IND,Madhya Pradesh,Madhya Pradesh,IN-MP,state,,271.4,628,628,3,Asia/Kolkata,FALSE,1356216715
Maheshpur,Maheshpur,,25.7129,87.6720,India,IN,IND,Bihār,Bihar,IN-BR,state,,1331.5,628,628,3,Asia/Kolkata,TRUE,1356100019
Tarauli,Tarauli,,30.7639,76.6955,India,IN,IND,Chandīgarh,Chandigarh,IN-CH,union territory,,6448.7,628,628,2,Asia/Kolkata,FALSE,1356287407
Khinha,Khinha,,23.2289,80.2768,India,IN,IND,Madhya Pradesh,Madhya Pradesh,IN-MP,state,,156.1,628,628,4,Asia/Kolkata,FALSE,1356489173
Dungi Maniālān,Dungi Manialan,,33.3547,74.2234,India,IN,IND,Jammu and Kashmīr,Jammu and Kashmir,IN-JK,state,,434.5,628,628,3,Asia/Kolkata,FALSE,1356233611
Nangal Kalān,Nangal Kalan,,31.6028,75.7563,India,IN,IND,Punjab,Punjab,IN-PB,state,,517.2,628,628,3,Asia/Kolkata,FALSE,1356589445
Chāharpur,Chaharpur,,31.2648,75.1385,India,IN,IND,Punjab,Punjab,IN-PB,state,,321.2,628,628,3,Asia/Kolkata,FALSE,1356589386
Nilkanthapur,Nilkanthapur,,24.0151,86.9648,India,IN,IND,Jhārkhand,Jharkhand,IN-JH,state,,1267.8,628,628,3,Asia/Kolkata,FALSE,1356187215
Tunga,Tunga,,22.2744,85.9879,India,IN,IND,Odisha,Odisha,IN-OR,state,,204.0,628,628,3,Asia/Kolkata,FALSE,1356222374
Duārparam,Duarparam,,22.7583,85.5667,India,IN,IND,Jhārkhand,Jharkhand,IN-JH,state,,490.5,628,628,3,Asia/Kolkata,FALSE,1356258629
Bedwalia,Bedwalia,,25.1817,83.8530,India,IN,IND,Bihār,Bihar,IN-BR,state,,697.8,628,628,3,Asia/Kolkata,FALSE,1356849251
Malliwāla,Malliwala,,31.1478,75.3138,India,IN,IND,Punjab,Punjab,IN-PB,state,,461.5,628,628,3,Asia/Kolkata,FALSE,1356036090
Bommavvanagātihalli,Bommavvanagatihalli,,14.2378,76.2224,India,IN,IND,Karnātaka,Karnataka,IN-KA,state,,330.0,628,628,3,Asia/Kolkata,FALSE,1356581640
Chhuchhiā,Chhuchhia,,24.5093,84.3293,India,IN,IND,Bihār,Bihar,IN-BR,state,,864.5,628,628,3,Asia/Kolkata,FALSE,1356190767
Mallayanāyakkanpatti,Mallayanayakkanpatti,,9.4051,78.0198,India,IN,IND,Tamil Nādu,Tamil Nadu,IN-TN,state,,602.5,628,628,3,Asia/Kolkata,FALSE,1356225571
Vambhattankunte,Vambhattankunte,,13.0849,77.2263,India,IN,IND,Karnātaka,Karnataka,IN-KA,state,,292.1,628,628,3,Asia/Kolkata,FALSE,1356796901
Māri Samrāi,Mari Samrai,,31.3204,74.6824,India,IN,IND,Punjab,Punjab,IN-PB,state,,421.3,628,628,3,Asia/Kolkata,FALSE,1356065759
Fategarh,Fategarh,,22.4273,76.7871,India,IN,IND,Madhya Pradesh,Madhya Pradesh,IN-MP,state,,180.2,628,628,4,Asia/Kolkata,FALSE,1356006929
Kalase,Kalase,,13.9296,75.3292,India,IN,IND,Karnātaka,Karnataka,IN-KA,state,,86.2,628,628,4,Asia/Kolkata,FALSE,1356118647
Gundakanahalli,Gundakanahalli,,13.2990,76.2590,India,IN,IND,Karnātaka,Karnataka,IN-KA,state,,272.6,628,628,3,Asia/Kolkata,FALSE,1356122387
Bhūpnagar,Bhupnagar,,30.8748,76.6009,India,IN,IND,Punjab,Punjab,IN-PB,state,,430.6,628,628,3,Asia/Kolkata,FALSE,1356827048
Malkpur Bodal,Malkpur Bodal,,31.7071,75.6746,India,IN,IND,Punjab,Punjab,IN-PB,state,,516.0,628,628,3,Asia/Kolkata,FALSE,1356990718
Adināyakanahalli,Adinayakanahalli,,13.3167,76.5000,India,IN,IND,Karnātaka,Karnataka,IN-KA,state,,290.0,628,628,3,Asia/Kolkata,FALSE,1356292382
Rugutdi,Rugutdi,,21.9979,85.3217,India,IN,IND,Odisha,Odisha,IN-OR,state,,256.2,628,628,3,Asia/Kolkata,FALSE,1356243810
Tompei,Tompei,,21.0660,85.3999,India,IN,IND,Odisha,Odisha,IN-OR,state,,235.6,628,628,3,Asia/Kolkata,FALSE,1356258044
Jamunā,Jamuna,,24.3242,84.3690,India,IN,IND,Jhārkhand,Jharkhand,IN-JH,state,,264.0,628,628,3,Asia/Kolkata,TRUE,1356033991
Bhitaunha,Bhitaunha,,24.9800,81.3874,India,IN,IND,Madhya Pradesh,Madhya Pradesh,IN-MP,state,,511.4,628,628,3,Asia/Kolkata,FALSE,1356079400
Sitāl Narahwa,Sital Narahwa,,26.5908,84.2523,India,IN,IND,Bihār,Bihar,IN-BR,state,,1175.1,628,628,3,Asia/Kolkata,FALSE,1356182136
Sālegarh,Salegarh,,22.4359,79.4987,India,IN,IND,Madhya Pradesh,Madhya Pradesh,IN-MP,state,,239.4,628,628,3,Asia/Kolkata,FALSE,1356470423
Butiādihi,Butiadihi,,21.5521,84.8584,India,IN,IND,Odisha,Odisha,IN-OR,state,,113.2,628,628,4,Asia/Kolkata,FALSE,1356231290
Turāon,Turaon,,23.9168,85.4245,India,IN,IND,Jhārkhand,Jharkhand,IN-JH,state,,1149.3,628,628,3,Asia/Kolkata,FALSE,1356257886
Māth Khudar Khala,Math Khudar Khala,,26.4296,86.2657,India,IN,IND,Bihār,Bihar,IN-BR,state,,1116.4,628,628,3,Asia/Kolkata,FALSE,1356026781
Beherāmunda,Beheramunda,,20.9139,83.3747,India,IN,IND,Odisha,Odisha,IN-OR,state,,280.7,628,628,3,Asia/Kolkata,TRUE,1356074706
Budhākata,Budhakata,,21.2873,84.6782,India,IN,IND,Odisha,Odisha,IN-OR,state,,106.5,628,628,4,Asia/Kolkata,FALSE,1356235261
Dimba,Dimba,,13.0856,78.1544,India,IN,IND,Karnātaka,Karnataka,IN-KA,state,,498.0,628,628,3,Asia/Kolkata,FALSE,1356151800
Kamlāng,Kamlang,,21.3719,85.4287,India,IN,IND,Odisha,Odisha,IN-OR,state,,122.5,628,628,4,Asia/Kolkata,FALSE,1356245000
Majhiār,Majhiar,,24.6489,81.0562,India,IN,IND,Madhya Pradesh,Madhya Pradesh,IN-MP,state,,271.5,628,628,3,Asia/Kolkata,TRUE,1356958688
Malājpur,Malajpur,,22.6967,77.3690,India,IN,IND,Madhya Pradesh,Madhya Pradesh,IN-MP,state,,180.1,628,628,4,Asia/Kolkata,FALSE,1356761378
Kargom,Kargom,,33.7507,74.9196,India,IN,IND,Jammu and Kashmīr,Jammu and Kashmir,IN-JK,state,,896.4,628,628,3,Asia/Kolkata,TRUE,1356094138
Mundia,Mundia,,22.4270,76.0822,India,IN,IND,Madhya Pradesh,Madhya Pradesh,IN-MP,state,,218.4,628,628,3,Asia/Kolkata,FALSE,1356189645
Pedāda,Pedada,,18.0437,83.4664,India,IN,IND,Andhra Pradesh,Andhra Pradesh,IN-AP,state,,476.0,628,628,3,Asia/Kolkata,FALSE,1356096963
Hinotiya Baghela,Hinotiya Baghela,,24.5309,77.5505,India,IN,IND,Madhya Pradesh,Madhya Pradesh,IN-MP,state,,369.9,628,628,3,Asia/Kolkata,FALSE,1356148889
Kādirpur,Kadirpur,,24.3130,87.8682,India,IN,IND,West Bengal,West Bengal,IN-WB,state,,823.2,628,628,3,Asia/Kolkata,FALSE,1356076465
Dumduma,Dumduma,,25.9344,85.1174,India,IN,IND,Bihār,Bihar,IN-BR,state,,1776.8,628,628,3,Asia/Kolkata,TRUE,1356441711
Bilaipāli,Bilaipali,,21.2214,83.4629,India,IN,IND,Odisha,Odisha,IN-OR,state,,259.2,628,628,3,Asia/Kolkata,FALSE,1356259503
Chak Gujrān,Chak Gujran,,31.1737,76.2001,India,IN,IND,Punjab,Punjab,IN-PB,state,,490.1,628,628,3,Asia/Kolkata,TRUE,1356949441
Khutpāli,Khutpali,,21.0462,83.0506,India,IN,IND,Odisha,Odisha,IN-OR,state,,240.9,628,628,3,Asia/Kolkata,TRUE,1356496418
Harla,Harla,,25.3216,84.4331,India,IN,IND,Bihār,Bihar,IN-BR,state,,1052.4,628,628,3,Asia/Kolkata,TRUE,1356048877
Sīlāwati,Silawati,,23.1169,76.0173,India,IN,IND,Madhya Pradesh,Madhya Pradesh,IN-MP,state,,564.6,628,628,3,Asia/Kolkata,FALSE,1356666904
Morkap,Morkap,,24.8923,83.9455,India,IN,IND,Bihār,Bihar,IN-BR,state,,724.8,628,628,3,Asia/Kolkata,FALSE,1356421969
Kewalājhir,Kewalajhir,,22.9626,77.9863,India,IN,IND,Madhya Pradesh,Madhya Pradesh,IN-MP,state,,205.1,628,628,3,Asia/Kolkata,FALSE,1356797676
Duwāri,Duwari,,24.8549,81.1466,India,IN,IND,Madhya Pradesh,Madhya Pradesh,IN-MP,state,,531.8,628,628,3,Asia/Kolkata,FALSE,1356120651
Kewla,Kewla,,25.0592,85.0996,India,IN,IND,Bihār,Bihar,IN-BR,state,,1294.8,628,628,3,Asia/Kolkata,FALSE,1356484526
Māyāpur Kalān,Mayapur Kalan,,24.1613,84.1216,India,IN,IND,Jhārkhand,Jharkhand,IN-JH,state,,703.6,628,628,3,Asia/Kolkata,FALSE,1356026323
Chaukhari,Chaukhari,,24.4854,83.7771,India,IN,IND,Jhārkhand,Jharkhand,IN-JH,state,,560.1,628,628,3,Asia/Kolkata,FALSE,1356788646
Lāla ka Pura,Lala ka Pura,Bamūrpura,26.3903,78.4964,India,IN,IND,Madhya Pradesh,Madhya Pradesh,IN-MP,state,,352.1,628,628,3,Asia/Kolkata,TRUE,1356231158
Tālikere,Talikere,,13.1557,77.3082,India,IN,IND,Karnātaka,Karnataka,IN-KA,state,,505.0,628,628,3,Asia/Kolkata,FALSE,1356997385
Angpur,Angpur,,25.0624,85.9120,India,IN,IND,Bihār,Bihar,IN-BR,state,,2671.2,628,628,2,Asia/Kolkata,FALSE,1356743266
Battladinne,Battladinne,,16.0409,77.8824,India,IN,IND,Telangāna,Telangana,IN-TG,state,,219.6,628,628,3,Asia/Kolkata,FALSE,1356483901
Kurumudithāngal,Kurumudithangal,,12.8220,79.4375,India,IN,IND,Tamil Nādu,Tamil Nadu,IN-TN,state,,423.5,628,628,3,Asia/Kolkata,FALSE,1356021501
Mittamālapalli,Mittamalapalli,,13.0609,78.2387,India,IN,IND,Karnātaka,Karnataka,IN-KA,state,,540.0,628,628,3,Asia/Kolkata,FALSE,1356845463
Kamtaul Ghāzi,Kamtaul Ghazi,,25.9895,85.3012,India,IN,IND,Bihār,Bihar,IN-BR,state,,1975.8,628,628,3,Asia/Kolkata,FALSE,1356139172
Sui Simbli,Sui Simbli,,32.8007,74.7139,India,IN,IND,Jammu and Kashmīr,Jammu and Kashmir,IN-JK,state,,1248.6,628,628,3,Asia/Kolkata,FALSE,1356141817
Shāh Shamas,Shah Shamas,,31.9167,75.0833,India,IN,IND,Punjab,Punjab,IN-PB,state,,499.9,628,628,3,Asia/Kolkata,FALSE,1356222226
Shāhpur,Shahpur,,31.2341,76.1888,India,IN,IND,Punjab,Punjab,IN-PB,state,,493.8,628,628,3,Asia/Kolkata,TRUE,1356165112
Charmā,Charma,,23.2692,84.9611,India,IN,IND,Jhārkhand,Jharkhand,IN-JH,state,,474.1,628,628,3,Asia/Kolkata,TRUE,1356210085
Mūndla,Mundla,,23.9944,76.8273,India,IN,IND,Madhya Pradesh,Madhya Pradesh,IN-MP,state,,280.9,628,628,3,Asia/Kolkata,TRUE,1356074884
Hārohalli,Harohalli,,13.1168,75.9199,India,IN,IND,Karnātaka,Karnataka,IN-KA,state,,229.7,628,628,3,Asia/Kolkata,TRUE,1356799676
Fatehpur Thheri,Fatehpur Thheri,,30.7531,76.5375,India,IN,IND,Punjab,Punjab,IN-PB,state,,563.9,628,628,3,Asia/Kolkata,FALSE,1356786500
Jand,Jand,,31.1061,75.7624,India,IN,IND,Punjab,Punjab,IN-PB,state,,596.0,628,628,3,Asia/Kolkata,TRUE,1356150758
Milikpur Milik,Milikpur Milik,,25.8576,87.8529,India,IN,IND,West Bengal,West Bengal,IN-WB,state,,1050.2,628,628,3,Asia/Kolkata,FALSE,1356697680
Kalagām,Kalagam,,19.4413,83.1550,India,IN,IND,Odisha,Odisha,IN-OR,state,,95.8,628,628,4,Asia/Kolkata,FALSE,1356868046
Nīlapalli,Nilapalli,,13.4991,78.1863,India,IN,IND,Karnātaka,Karnataka,IN-KA,state,,348.1,628,628,3,Asia/Kolkata,FALSE,1356114024
Tetardih,Tetardih,,23.6989,83.6465,India,IN,IND,Chhattīsgarh,Chhattisgarh,IN-CT,state,,116.3,628,628,4,Asia/Kolkata,FALSE,1356113350
Rāypur,Raypur,,24.1868,87.9272,India,IN,IND,West Bengal,West Bengal,IN-WB,state,,1614.5,628,628,3,Asia/Kolkata,TRUE,1356582277
Kasavanahalli,Kasavanahalli,,12.8340,76.7807,India,IN,IND,Karnātaka,Karnataka,IN-KA,state,,190.5,627,627,4,Asia/Kolkata,TRUE,1356527650
Anwariya,Anwariya,,22.1024,78.5473,India,IN,IND,Madhya Pradesh,Madhya Pradesh,IN-MP,state,,146.8,627,627,4,Asia/Kolkata,TRUE,1356120797
Gangori,Gangori,,22.2521,79.1656,India,IN,IND,Madhya Pradesh,Madhya Pradesh,IN-MP,state,,199.5,627,627,4,Asia/Kolkata,FALSE,1356115206
Potāram,Potaram,,18.2244,79.0181,India,IN,IND,Telangāna,Telangana,IN-TG,state,,244.5,627,627,3,Asia/Kolkata,TRUE,1356172139
Vadakkuchandanūr,Vadakkuchandanur,,9.6584,78.5123,India,IN,IND,Tamil Nādu,Tamil Nadu,IN-TN,state,,380.2,627,627,3,Asia/Kolkata,FALSE,1356236175
Sāhāsna,Sahasna,,22.6018,79.7404,India,IN,IND,Madhya Pradesh,Madhya Pradesh,IN-MP,state,,133.4,627,627,4,Asia/Kolkata,TRUE,1356426080
Heturi,Heturi,,24.0828,87.7649,India,IN,IND,West Bengal,West Bengal,IN-WB,state,,835.1,627,627,3,Asia/Kolkata,FALSE,1356730765
Dorpāngia,Dorpangia,,20.0736,84.4528,India,IN,IND,Odisha,Odisha,IN-OR,state,,267.9,627,627,3,Asia/Kolkata,FALSE,1356229804
Itwa,Itwa,,24.4755,83.9246,India,IN,IND,Jhārkhand,Jharkhand,IN-JH,state,,664.7,627,627,3,Asia/Kolkata,TRUE,1356399001
Pūngudi,Pungudi,,11.3795,79.6259,India,IN,IND,Tamil Nādu,Tamil Nadu,IN-TN,state,,973.7,627,627,3,Asia/Kolkata,FALSE,1356234808
Lilodih,Lilodih,,24.5420,86.4065,India,IN,IND,Bihār,Bihar,IN-BR,state,,357.6,627,627,3,Asia/Kolkata,FALSE,1356260763
Goriarwa,Goriarwa,,24.8870,86.4964,India,IN,IND,Bihār,Bihar,IN-BR,state,,627.8,627,627,3,Asia/Kolkata,FALSE,1356201433
Mavinahalli,Mavinahalli,,12.8077,75.9224,India,IN,IND,Karnātaka,Karnataka,IN-KA,state,,198.7,627,627,4,Asia/Kolkata,TRUE,1356158518
Urumunda,Urumunda,,20.4326,84.4125,India,IN,IND,Odisha,Odisha,IN-OR,state,,138.3,627,627,4,Asia/Kolkata,TRUE,1356261195
Putarra,Putarra,,22.3787,79.3082,India,IN,IND,Madhya Pradesh,Madhya Pradesh,IN-MP,state,,233.6,627,627,3,Asia/Kolkata,FALSE,1356465913
Parsa,Parsa,,26.5994,85.8195,India,IN,IND,Bihār,Bihar,IN-BR,state,,1294.1,627,627,3,Asia/Kolkata,TRUE,1356689300
Bānskheri,Banskheri,,23.7723,76.3029,India,IN,IND,Madhya Pradesh,Madhya Pradesh,IN-MP,state,,229.4,627,627,3,Asia/Kolkata,TRUE,1356390401
Peradikuppam,Peradikuppam,,12.1601,79.6495,India,IN,IND,Tamil Nādu,Tamil Nadu,IN-TN,state,,533.0,627,627,3,Asia/Kolkata,TRUE,1356381171
Gurra,Gurra,,22.9126,79.5687,India,IN,IND,Madhya Pradesh,Madhya Pradesh,IN-MP,state,,216.1,627,627,3,Asia/Kolkata,TRUE,1356710867
Sādhuwāla,Sadhuwala,,30.7170,74.5998,India,IN,IND,Punjab,Punjab,IN-PB,state,,439.8,627,627,3,Asia/Kolkata,TRUE,1356388535
Jaipur,Jaipur,,23.1663,84.2723,India,IN,IND,Jhārkhand,Jharkhand,IN-JH,state,,145.1,627,627,4,Asia/Kolkata,TRUE,1356194709
Hujra,Hujra,,30.9648,75.4873,India,IN,IND,Punjab,Punjab,IN-PB,state,,474.1,627,627,3,Asia/Kolkata,FALSE,1356752005
Lapāibera,Lapaibera,,22.8746,85.9432,India,IN,IND,Jhārkhand,Jharkhand,IN-JH,state,,519.5,627,627,3,Asia/Kolkata,FALSE,1356240196
Gamharia,Gamharia,,24.5020,86.3216,India,IN,IND,Bihār,Bihar,IN-BR,state,,463.0,627,627,3,Asia/Kolkata,TRUE,1356258563
Babuāwan,Babuawan,,26.4384,84.9125,India,IN,IND,Bihār,Bihar,IN-BR,state,,1445.7,627,627,3,Asia/Kolkata,FALSE,1356045514
Devpur,Devpur,,22.2841,76.8851,India,IN,IND,Madhya Pradesh,Madhya Pradesh,IN-MP,state,,75.6,627,627,4,Asia/Kolkata,TRUE,1356049243
Bāngriposi,Bangriposi,,22.1529,86.5416,India,IN,IND,Odisha,Odisha,IN-OR,state,,155.1,627,627,4,Asia/Kolkata,TRUE,1356903491
Kāttukkottaipatti,Kattukkottaipatti,,10.6736,78.8943,India,IN,IND,Tamil Nādu,Tamil Nadu,IN-TN,state,,284.7,627,627,3,Asia/Kolkata,FALSE,1356231952
Rāmpur,Rampur,,16.1370,76.3065,India,IN,IND,Karnātaka,Karnataka,IN-KA,state,,230.0,627,627,3,Asia/Kolkata,TRUE,1356090241
Kanādīh,Kanadih,,23.6063,85.0981,India,IN,IND,Jhārkhand,Jharkhand,IN-JH,state,,342.8,627,627,3,Asia/Kolkata,TRUE,1356190510
Katangī,Katangi,,22.4463,80.5744,India,IN,IND,Madhya Pradesh,Madhya Pradesh,IN-MP,state,,124.9,627,627,4,Asia/Kolkata,TRUE,1356784998
Tandige,Tandige,,14.3800,75.0267,India,IN,IND,Karnātaka,Karnataka,IN-KA,state,,197.8,627,627,4,Asia/Kolkata,FALSE,1356631486
Govindpur,Govindpur,,21.7563,78.6104,India,IN,IND,Madhya Pradesh,Madhya Pradesh,IN-MP,state,,159.1,627,627,4,Asia/Kolkata,TRUE,1356494239
Diwānjot,Diwanjot,,24.6000,86.0782,India,IN,IND,Jhārkhand,Jharkhand,IN-JH,state,,285.2,627,627,3,Asia/Kolkata,FALSE,1356244453
Mohanpur,Mohanpur,,25.1430,86.1544,India,IN,IND,Bihār,Bihar,IN-BR,state,,964.0,627,627,3,Asia/Kolkata,TRUE,1356125931
Beldih,Beldih,,24.1720,86.4318,India,IN,IND,Jhārkhand,Jharkhand,IN-JH,state,,603.8,627,627,3,Asia/Kolkata,FALSE,1356252717
Ahera,Ahera,,25.6594,77.2706,India,IN,IND,Madhya Pradesh,Madhya Pradesh,IN-MP,state,,100.3,627,627,4,Asia/Kolkata,FALSE,1356727956
Durkilima,Durkilima,,19.7436,83.4938,India,IN,IND,Odisha,Odisha,IN-OR,state,,116.5,627,627,4,Asia/Kolkata,FALSE,1356033302
Supāli,Supali,,20.7502,82.4040,India,IN,IND,Odisha,Odisha,IN-OR,state,,165.4,627,627,4,Asia/Kolkata,FALSE,1356122339
Belthua,Belthua,,24.9528,83.9852,India,IN,IND,Bihār,Bihar,IN-BR,state,,1072.1,627,627,3,Asia/Kolkata,FALSE,1356943167
Atthaisa,Atthaisa,,24.9069,81.4043,India,IN,IND,Madhya Pradesh,Madhya Pradesh,IN-MP,state,,341.9,627,627,3,Asia/Kolkata,FALSE,1356734887
Jalpot,Jalpot,,31.3881,75.7554,India,IN,IND,Punjab,Punjab,IN-PB,state,,781.3,627,627,3,Asia/Kolkata,FALSE,1356136013
Bemmatti,Bemmatti,,12.3592,76.0053,India,IN,IND,Karnātaka,Karnataka,IN-KA,state,,311.6,627,627,3,Asia/Kolkata,FALSE,1356304073
Dharampur,Dharampur,,24.0475,78.4665,India,IN,IND,Madhya Pradesh,Madhya Pradesh,IN-MP,state,,256.1,627,627,3,Asia/Kolkata,TRUE,1356040172
Bālesar,Balesar,,14.4700,74.7981,India,IN,IND,Karnātaka,Karnataka,IN-KA,state,,116.3,627,627,4,Asia/Kolkata,FALSE,1356012865
Nawāda,Nawada,,26.2048,84.9492,India,IN,IND,Bihār,Bihar,IN-BR,state,,1645.7,627,627,3,Asia/Kolkata,TRUE,1356058123
Manjalinagara,Manjalinagara,,13.2223,78.2695,India,IN,IND,Karnātaka,Karnataka,IN-KA,state,,244.7,627,627,3,Asia/Kolkata,FALSE,1356156086
Mālni,Malni,,21.4295,77.5794,India,IN,IND,Madhya Pradesh,Madhya Pradesh,IN-MP,state,,129.5,627,627,4,Asia/Kolkata,TRUE,1356154864
Janwāda,Janwada,,17.6457,76.9307,India,IN,IND,Karnātaka,Karnataka,IN-KA,state,,333.1,627,627,3,Asia/Kolkata,FALSE,1356062445
Sikoketta,Sikoketta,Sikaketta,20.0091,84.1726,India,IN,IND,Odisha,Odisha,IN-OR,state,,99.5,627,627,4,Asia/Kolkata,FALSE,1356050570
Rāmpur,Rampur,,31.1157,75.5634,India,IN,IND,Punjab,Punjab,IN-PB,state,,589.8,627,627,3,Asia/Kolkata,TRUE,1356621184
Hire Bannihatti,Hire Bannihatti,,14.6106,76.2866,India,IN,IND,Karnātaka,Karnataka,IN-KA,state,,173.9,627,627,4,Asia/Kolkata,FALSE,1356133892
Nagra,Nagra,,24.1637,86.8216,India,IN,IND,Jhārkhand,Jharkhand,IN-JH,state,,702.2,627,627,3,Asia/Kolkata,FALSE,1356187815
Pathāri,Pathari,,23.5978,80.9591,India,IN,IND,Madhya Pradesh,Madhya Pradesh,IN-MP,state,,146.9,627,627,4,Asia/Kolkata,TRUE,1356218762
Nāran,Naran,,32.5065,75.1576,India,IN,IND,Jammu and Kashmīr,Jammu and Kashmir,IN-JK,state,,323.6,627,627,3,Asia/Kolkata,FALSE,1356008280
Kammanāyakanahalli,Kammanayakanahalli,,12.4955,76.9343,India,IN,IND,Karnātaka,Karnataka,IN-KA,state,,606.7,627,627,3,Asia/Kolkata,FALSE,1356537825
Banio,Banio,,23.8446,84.7646,India,IN,IND,Jhārkhand,Jharkhand,IN-JH,state,,226.9,627,627,3,Asia/Kolkata,FALSE,1356184742
Chitodīh,Chitodih,,23.1851,85.6221,India,IN,IND,Jhārkhand,Jharkhand,IN-JH,state,,398.5,627,627,3,Asia/Kolkata,FALSE,1356181587
Gudapathera,Gudapathera,,21.0032,82.6405,India,IN,IND,Odisha,Odisha,IN-OR,state,,247.6,627,627,3,Asia/Kolkata,FALSE,1356832621
Lakhni,Lakhni,,25.6911,85.3220,India,IN,IND,Bihār,Bihar,IN-BR,state,,3633.1,627,627,2,Asia/Kolkata,FALSE,1356146283
Kumbagudi,Kumbagudi,,10.7013,78.7601,India,IN,IND,Tamil Nādu,Tamil Nadu,IN-TN,state,,1110.3,627,627,3,Asia/Kolkata,FALSE,1356231931
Sultānpura,Sultanpura,,23.7471,78.7889,India,IN,IND,Madhya Pradesh,Madhya Pradesh,IN-MP,state,,438.7,627,627,3,Asia/Kolkata,FALSE,1356666430
Sapārom,Saparom,,23.2398,85.4086,India,IN,IND,Jhārkhand,Jharkhand,IN-JH,state,,339.1,627,627,3,Asia/Kolkata,FALSE,1356178802
Pokharia,Pokharia,,24.2040,87.5638,India,IN,IND,Jhārkhand,Jharkhand,IN-JH,state,,358.5,627,627,3,Asia/Kolkata,TRUE,1356387436
Barapalli,Barapalli,,20.1496,85.1156,India,IN,IND,Odisha,Odisha,IN-OR,state,,963.7,627,627,3,Asia/Kolkata,FALSE,1356250053
Bhangābāri,Bhangabari,,24.2912,87.7261,India,IN,IND,West Bengal,West Bengal,IN-WB,state,,556.6,627,627,3,Asia/Kolkata,FALSE,1356715152
Pākkam,Pakkam,,12.7495,78.8338,India,IN,IND,Tamil Nādu,Tamil Nadu,IN-TN,state,,834.4,627,627,3,Asia/Kolkata,TRUE,1356161541
Rugri,Rugri,,23.0758,85.9222,India,IN,IND,Jhārkhand,Jharkhand,IN-JH,state,,377.9,627,627,3,Asia/Kolkata,TRUE,1356180702
Pāniharā,Panihara,,21.2495,85.1547,India,IN,IND,Odisha,Odisha,IN-OR,state,,214.6,627,627,3,Asia/Kolkata,FALSE,1356260191
Sunehra,Sunehra,,22.4625,81.0944,India,IN,IND,Madhya Pradesh,Madhya Pradesh,IN-MP,state,,124.9,627,627,4,Asia/Kolkata,TRUE,1356425398
Rājulatammāpuram,Rajulatammapuram,,18.0395,83.4543,India,IN,IND,Andhra Pradesh,Andhra Pradesh,IN-AP,state,,476.0,627,627,3,Asia/Kolkata,FALSE,1356274943
Dhanwāra,Dhanwara,,23.7227,80.6236,India,IN,IND,Madhya Pradesh,Madhya Pradesh,IN-MP,state,,173.6,627,627,4,Asia/Kolkata,TRUE,1356114261
Kirangīpār,Kirangipar,,22.0891,79.3095,India,IN,IND,Madhya Pradesh,Madhya Pradesh,IN-MP,state,,154.4,627,627,4,Asia/Kolkata,FALSE,1356119985
Doburji,Doburji,,31.8832,75.2419,India,IN,IND,Punjab,Punjab,IN-PB,state,,611.0,627,627,3,Asia/Kolkata,TRUE,1356719606
Sakarwāra,Sakarwara,,23.7697,79.9116,India,IN,IND,Madhya Pradesh,Madhya Pradesh,IN-MP,state,,274.8,627,627,3,Asia/Kolkata,FALSE,1356087726
Rāmpur,Rampur,,25.4582,85.0816,India,IN,IND,Bihār,Bihar,IN-BR,state,,1082.6,627,627,3,Asia/Kolkata,TRUE,1356173012
Bāchhuribānk,Bachhuribank,,20.7501,85.4076,India,IN,IND,Odisha,Odisha,IN-OR,state,,456.5,627,627,3,Asia/Kolkata,FALSE,1356246922
Majūs Kalān,Majus Kalan,,23.1131,77.9716,India,IN,IND,Madhya Pradesh,Madhya Pradesh,IN-MP,state,,175.1,627,627,4,Asia/Kolkata,FALSE,1356440089
Malandih,Malandih,,24.0664,86.9528,India,IN,IND,Jhārkhand,Jharkhand,IN-JH,state,,878.9,626,626,3,Asia/Kolkata,FALSE,1356189371
Sahanagar,Sahanagar,,25.2610,87.8575,India,IN,IND,West Bengal,West Bengal,IN-WB,state,,1231.8,626,626,3,Asia/Kolkata,FALSE,1356155117
Rāhān,Rahan,,23.4129,85.9473,India,IN,IND,West Bengal,West Bengal,IN-WB,state,,431.7,626,626,3,Asia/Kolkata,FALSE,1356188335
Khairbani,Khairbani,,25.2137,87.4999,India,IN,IND,Jhārkhand,Jharkhand,IN-JH,state,,624.3,625,625,3,Asia/Kolkata,TRUE,1356025504
Ottivākkam,Ottivakkam,,12.6233,79.9744,India,IN,IND,Tamil Nādu,Tamil Nadu,IN-TN,state,,673.9,625,625,3,Asia/Kolkata,FALSE,1356138396
Rengālmundā,Rengalmunda,,21.2161,85.3191,India,IN,IND,Odisha,Odisha,IN-OR,state,,214.6,625,625,3,Asia/Kolkata,TRUE,1356255764
Kannahatti,Kannahatti,,12.5956,76.7933,India,IN,IND,Karnātaka,Karnataka,IN-KA,state,,606.7,625,625,3,Asia/Kolkata,FALSE,1356061120
Arlāpura,Arlapura,,12.9173,76.4262,India,IN,IND,Karnātaka,Karnataka,IN-KA,state,,282.3,625,625,3,Asia/Kolkata,FALSE,1356444197
Durungi Khurd,Durungi Khurd,,23.7660,84.4672,India,IN,IND,Jhārkhand,Jharkhand,IN-JH,state,,371.6,625,625,3,Asia/Kolkata,FALSE,1356187955
Māthni,Mathni,,22.2726,76.5570,India,IN,IND,Madhya Pradesh,Madhya Pradesh,IN-MP,state,,74.9,625,625,4,Asia/Kolkata,TRUE,1356258006
Orekel,Orekel,,23.0630,84.9373,India,IN,IND,Jhārkhand,Jharkhand,IN-JH,state,,247.0,625,625,3,Asia/Kolkata,FALSE,1356208392
Sheragarh,Sheragarh,Sharagada,19.5130,84.6038,India,IN,IND,Odisha,Odisha,IN-OR,state,,503.6,625,625,3,Asia/Kolkata,FALSE,1356407660
Jhagra,Jhagra,,24.3929,79.9922,India,IN,IND,Madhya Pradesh,Madhya Pradesh,IN-MP,state,,230.0,625,625,3,Asia/Kolkata,FALSE,1356067536
Tājpura,Tajpura,,24.0609,77.2877,India,IN,IND,Madhya Pradesh,Madhya Pradesh,IN-MP,state,,164.6,625,625,4,Asia/Kolkata,TRUE,1356572941
Tīla Khurd,Tila Khurd,,23.4269,77.9975,India,IN,IND,Madhya Pradesh,Madhya Pradesh,IN-MP,state,,404.9,625,625,3,Asia/Kolkata,FALSE,1356150619
Rāghunāthpur,Raghunathpur,,23.0208,84.4453,India,IN,IND,Jhārkhand,Jharkhand,IN-JH,state,,193.2,625,625,4,Asia/Kolkata,TRUE,1356192085
Nārāyanpur,Narayanpur,,20.8120,84.3008,India,IN,IND,Odisha,Odisha,IN-OR,state,,202.1,625,625,3,Asia/Kolkata,TRUE,1356262956
Nagayandoddi,Nagayandoddi,,12.7222,77.6409,India,IN,IND,Karnātaka,Karnataka,IN-KA,state,,1294.3,625,625,3,Asia/Kolkata,FALSE,1356147793
Tiruvīdhipādu,Tiruvidhipadu,,14.6279,79.8668,India,IN,IND,Andhra Pradesh,Andhra Pradesh,IN-AP,state,,163.4,625,625,4,Asia/Kolkata,FALSE,1356620238
Bāniga,Baniga,,14.0099,75.1224,India,IN,IND,Karnātaka,Karnataka,IN-KA,state,,86.2,625,625,4,Asia/Kolkata,FALSE,1356970946
Lelehar,Lelehar,,21.6664,83.6095,India,IN,IND,Odisha,Odisha,IN-OR,state,,122.1,625,625,4,Asia/Kolkata,FALSE,1356818814
Dhoda Pokharni,Dhoda Pokharni,,21.7303,77.6043,India,IN,IND,Madhya Pradesh,Madhya Pradesh,IN-MP,state,,129.5,625,625,4,Asia/Kolkata,FALSE,1356045357
Salaiya,Salaiya,,24.4022,84.6083,India,IN,IND,Bihār,Bihar,IN-BR,state,,1133.8,625,625,3,Asia/Kolkata,TRUE,1356637398
Ghānghri,Ghanghri,,24.1731,85.6948,India,IN,IND,Jhārkhand,Jharkhand,IN-JH,state,,567.9,625,625,3,Asia/Kolkata,TRUE,1356247059
Kharahuwān,Kharahuwan,,24.3684,85.2348,India,IN,IND,Jhārkhand,Jharkhand,IN-JH,state,,591.4,625,625,3,Asia/Kolkata,FALSE,1356794587
Piparjori,Piparjori,,24.5644,87.7041,India,IN,IND,Jhārkhand,Jharkhand,IN-JH,state,,702.3,625,625,3,Asia/Kolkata,FALSE,1356012512
Katihama,Katihama,,34.0991,74.6168,India,IN,IND,Jammu and Kashmīr,Jammu and Kashmir,IN-JK,state,,233.1,625,625,3,Asia/Kolkata,FALSE,1356147011
Kodi Yellāpur,Kodi Yellapur,,14.7847,75.2583,India,IN,IND,Karnātaka,Karnataka,IN-KA,state,,319.4,625,625,3,Asia/Kolkata,FALSE,1356022340
Hullemāl,Hullemal,,11.9335,76.4003,India,IN,IND,Karnātaka,Karnataka,IN-KA,state,,178.7,625,625,4,Asia/Kolkata,FALSE,1356013642
Chhaja,Chhaja,,31.1138,76.5564,India,IN,IND,Punjab,Punjab,IN-PB,state,,521.3,625,625,3,Asia/Kolkata,FALSE,1356713491
Jhirniyān,Jhirniyan,,23.5786,77.4903,India,IN,IND,Madhya Pradesh,Madhya Pradesh,IN-MP,state,,171.1,625,625,4,Asia/Kolkata,TRUE,1356092972
Manchahalpur,Manchahalpur,,25.0288,83.6809,India,IN,IND,Bihār,Bihar,IN-BR,state,,1486.7,625,625,3,Asia/Kolkata,FALSE,1356734521
Halladāsanhalli,Halladasanhalli,,12.2585,77.0958,India,IN,IND,Karnātaka,Karnataka,IN-KA,state,,236.6,625,625,3,Asia/Kolkata,FALSE,1356581020
Tithidānga,Tithidanga,,24.4351,87.6426,India,IN,IND,Jhārkhand,Jharkhand,IN-JH,state,,490.1,625,625,3,Asia/Kolkata,FALSE,1356874419
Jario,Jario,,23.5577,84.7286,India,IN,IND,Jhārkhand,Jharkhand,IN-JH,state,,444.5,625,625,3,Asia/Kolkata,TRUE,1356195009
Chetar,Chetar,,23.4839,85.3368,India,IN,IND,Jhārkhand,Jharkhand,IN-JH,state,,3560.0,625,625,2,Asia/Kolkata,FALSE,1356178587
Gochhābāri,Gochhabari,,20.4340,84.9953,India,IN,IND,Odisha,Odisha,IN-OR,state,,81.8,625,625,4,Asia/Kolkata,TRUE,1356199322
Tharrka,Tharrka,,23.9713,78.0161,India,IN,IND,Madhya Pradesh,Madhya Pradesh,IN-MP,state,,335.5,625,625,3,Asia/Kolkata,FALSE,1356942012
Gangāpur,Gangapur,,24.9589,83.7454,India,IN,IND,Bihār,Bihar,IN-BR,state,,511.4,625,625,3,Asia/Kolkata,TRUE,1356602113
Sundarwāhi,Sundarwahi,,21.7902,80.5986,India,IN,IND,Madhya Pradesh,Madhya Pradesh,IN-MP,state,,141.0,625,625,4,Asia/Kolkata,FALSE,1356831356
Jāmārposi,Jamarposi,,22.0186,85.7829,India,IN,IND,Jhārkhand,Jharkhand,IN-JH,state,,269.0,625,625,3,Asia/Kolkata,FALSE,1356227065
Simariya,Simariya,,23.5088,79.9462,India,IN,IND,Madhya Pradesh,Madhya Pradesh,IN-MP,state,,301.8,625,625,3,Asia/Kolkata,TRUE,1356332597
Arjundeh,Arjundeh,,23.2765,79.1728,India,IN,IND,Madhya Pradesh,Madhya Pradesh,IN-MP,state,,218.4,625,625,3,Asia/Kolkata,FALSE,1356006778
Vānhalli,Vanhalli,,14.7320,74.6814,India,IN,IND,Karnātaka,Karnataka,IN-KA,state,,155.2,625,625,4,Asia/Kolkata,TRUE,1356649264
Ālimod,Alimod,,22.3947,78.3745,India,IN,IND,Madhya Pradesh,Madhya Pradesh,IN-MP,state,,191.5,625,625,4,Asia/Kolkata,FALSE,1356827899
Regadipalle,Regadipalle,Regadepalle,14.8122,78.1467,India,IN,IND,Andhra Pradesh,Andhra Pradesh,IN-AP,state,,129.2,625,625,4,Asia/Kolkata,FALSE,1356590883
Girda,Girda,,25.9312,87.5921,India,IN,IND,Bihār,Bihar,IN-BR,state,,1156.6,625,625,3,Asia/Kolkata,TRUE,1356095961
Dolki,Dolki,,22.5083,85.2332,India,IN,IND,Jhārkhand,Jharkhand,IN-JH,state,,183.1,625,625,4,Asia/Kolkata,FALSE,1356180084
Pathrā,Pathra,,24.5982,84.2611,India,IN,IND,Bihār,Bihar,IN-BR,state,,491.3,625,625,3,Asia/Kolkata,TRUE,1356155722
Hingotyāi,Hingotyai,,26.7838,78.3168,India,IN,IND,Madhya Pradesh,Madhya Pradesh,IN-MP,state,,770.3,625,625,3,Asia/Kolkata,FALSE,1356111604
Velleripattu,Velleripattu,,12.0514,79.4004,India,IN,IND,Tamil Nādu,Tamil Nadu,IN-TN,state,,932.5,625,625,3,Asia/Kolkata,FALSE,1356766239
Dilha,Dilha,,24.7670,81.6823,India,IN,IND,Madhya Pradesh,Madhya Pradesh,IN-MP,state,,405.9,625,625,3,Asia/Kolkata,FALSE,1356217421
Māgod,Magod,,14.8742,74.7243,India,IN,IND,Karnātaka,Karnataka,IN-KA,state,,64.0,625,625,4,Asia/Kolkata,TRUE,1356099470
Nekkunram,Nekkunram,,13.2682,80.1863,India,IN,IND,Tamil Nādu,Tamil Nadu,IN-TN,state,,754.8,625,625,3,Asia/Kolkata,FALSE,1356889829
Tippasandra,Tippasandra,,13.0938,78.2290,India,IN,IND,Karnātaka,Karnataka,IN-KA,state,,498.0,625,625,3,Asia/Kolkata,FALSE,1356004325
Dongarpura,Dongarpura,,24.6837,79.3201,India,IN,IND,Madhya Pradesh,Madhya Pradesh,IN-MP,state,,240.4,625,625,3,Asia/Kolkata,TRUE,1356376340
Nambigānahalli,Nambiganahalli,,13.0384,78.0126,India,IN,IND,Karnātaka,Karnataka,IN-KA,state,,395.3,625,625,3,Asia/Kolkata,FALSE,1356515384
Sarandiāpos,Sarandiapos,,22.5974,85.4292,India,IN,IND,Jhārkhand,Jharkhand,IN-JH,state,,108.2,625,625,4,Asia/Kolkata,FALSE,1356172647
Sihora,Sihora,,23.0193,79.8301,India,IN,IND,Madhya Pradesh,Madhya Pradesh,IN-MP,state,,1317.7,625,625,3,Asia/Kolkata,FALSE,1356904374
Dhamniān,Dhamnian,,24.5411,84.7364,India,IN,IND,Bihār,Bihar,IN-BR,state,,724.4,625,625,3,Asia/Kolkata,FALSE,1356043526
Pirandākulam,Pirandakulam,,8.4857,77.8428,India,IN,IND,Tamil Nādu,Tamil Nadu,IN-TN,state,,269.3,625,625,3,Asia/Kolkata,TRUE,1356216958
Siddāgunta,Siddagunta,,13.9722,79.6369,India,IN,IND,Andhra Pradesh,Andhra Pradesh,IN-AP,state,,236.7,625,625,3,Asia/Kolkata,TRUE,1356134742
Mājri,Majri,,30.8253,76.4313,India,IN,IND,Punjab,Punjab,IN-PB,state,,563.9,625,625,3,Asia/Kolkata,TRUE,1356882436
Pulkuntlapalli,Pulkuntlapalli,,13.6522,77.9835,India,IN,IND,Karnātaka,Karnataka,IN-KA,state,,193.0,625,625,4,Asia/Kolkata,FALSE,1356768131
Dudhaila,Dudhaila,,24.8634,84.3156,India,IN,IND,Bihār,Bihar,IN-BR,state,,624.9,625,625,3,Asia/Kolkata,TRUE,1356125883
Bandidīh,Bandidih,,23.0632,85.4698,India,IN,IND,Jhārkhand,Jharkhand,IN-JH,state,,318.5,625,625,3,Asia/Kolkata,FALSE,1356180534
Dahuā,Dahua,,23.3831,85.6166,India,IN,IND,Jhārkhand,Jharkhand,IN-JH,state,,294.0,625,625,3,Asia/Kolkata,FALSE,1356183388
Balauri,Balauri,,32.5142,75.0998,India,IN,IND,Jammu and Kashmīr,Jammu and Kashmir,IN-JK,state,,598.1,625,625,3,Asia/Kolkata,FALSE,1356470887
Bhuska,Bhuska,,24.6046,87.8173,India,IN,IND,Jhārkhand,Jharkhand,IN-JH,state,,1658.1,625,625,3,Asia/Kolkata,FALSE,1356461645
Kumbhi,Kumbhi,,24.5445,84.6711,India,IN,IND,Bihār,Bihar,IN-BR,state,,724.4,625,625,3,Asia/Kolkata,TRUE,1356149742
Reotha,Reotha,,22.4983,80.4616,India,IN,IND,Madhya Pradesh,Madhya Pradesh,IN-MP,state,,139.6,625,625,4,Asia/Kolkata,FALSE,1356541612
Madhukama,Madhukama,,23.1102,85.1155,India,IN,IND,Jhārkhand,Jharkhand,IN-JH,state,,249.5,625,625,3,Asia/Kolkata,TRUE,1356176501
Noru,Noru,,23.8717,79.2826,India,IN,IND,Madhya Pradesh,Madhya Pradesh,IN-MP,state,,199.5,625,625,4,Asia/Kolkata,FALSE,1356498282
Muddegowdanahalli,Muddegowdanahalli,,12.9746,78.3176,India,IN,IND,Karnātaka,Karnataka,IN-KA,state,,570.8,625,625,3,Asia/Kolkata,FALSE,1356064355
Gadarpurwa,Gadarpurwa,,24.9104,81.8856,India,IN,IND,Madhya Pradesh,Madhya Pradesh,IN-MP,state,,401.7,625,625,3,Asia/Kolkata,FALSE,1356098794
Kalipathar,Kalipathar,,24.3087,87.6462,India,IN,IND,Jhārkhand,Jharkhand,IN-JH,state,,490.1,625,625,3,Asia/Kolkata,FALSE,1356560285
Kāinsua,Kainsua,,22.4317,85.4618,India,IN,IND,Jhārkhand,Jharkhand,IN-JH,state,,162.8,625,625,4,Asia/Kolkata,FALSE,1356248195
Suākheri,Suakheri,,23.4922,77.7926,India,IN,IND,Madhya Pradesh,Madhya Pradesh,IN-MP,state,,444.4,625,625,3,Asia/Kolkata,TRUE,1356098030
Koneswarabhatlapalli,Koneswarabhatlapalli,,14.0815,79.6193,India,IN,IND,Andhra Pradesh,Andhra Pradesh,IN-AP,state,,123.1,625,625,4,Asia/Kolkata,FALSE,1356093961
Gālimpur,Galimpur,,25.2431,86.5769,India,IN,IND,Bihār,Bihar,IN-BR,state,,887.8,625,625,3,Asia/Kolkata,FALSE,1356772162
Kadiāhi,Kadiahi,,24.8701,84.3811,India,IN,IND,Bihār,Bihar,IN-BR,state,,820.7,625,625,3,Asia/Kolkata,FALSE,1356358975
Ghoghrā,Ghoghra,,24.6938,84.2735,India,IN,IND,Bihār,Bihar,IN-BR,state,,471.4,625,625,3,Asia/Kolkata,TRUE,1356267440
Kendupalli,Kendupalli,,20.0186,85.0413,India,IN,IND,Odisha,Odisha,IN-OR,state,,238.3,625,625,3,Asia/Kolkata,TRUE,1356252174
Gajrārhi,Gajrarhi,,25.0664,83.7773,India,IN,IND,Bihār,Bihar,IN-BR,state,,1342.3,625,625,3,Asia/Kolkata,FALSE,1356973309
Bazīdpur,Bazidpur,,25.9153,84.9907,India,IN,IND,Bihār,Bihar,IN-BR,state,,1365.8,625,625,3,Asia/Kolkata,TRUE,1356485464
Chāmpādangal,Champadangal,,24.6542,87.8457,India,IN,IND,Jhārkhand,Jharkhand,IN-JH,state,,1658.1,625,625,3,Asia/Kolkata,FALSE,1356277862
Kudupakunte,Kudupakunte,,13.5459,77.9097,India,IN,IND,Karnātaka,Karnataka,IN-KA,state,,331.9,625,625,3,Asia/Kolkata,FALSE,1356977410
Nārāyanaghattanahalli,Narayanaghattanahalli,,13.2818,76.2732,India,IN,IND,Karnātaka,Karnataka,IN-KA,state,,272.6,625,625,3,Asia/Kolkata,FALSE,1356748854
Nelapādu,Nelapadu,,18.5430,82.9503,India,IN,IND,Odisha,Odisha,IN-OR,state,,151.0,625,625,4,Asia/Kolkata,FALSE,1356507584
Khor Jamli,Khor Jamli,,22.1743,74.2690,India,IN,IND,Madhya Pradesh,Madhya Pradesh,IN-MP,state,,263.8,625,625,3,Asia/Kolkata,FALSE,1356134037
Kundi,Kundi,,24.1528,83.9232,India,IN,IND,Jhārkhand,Jharkhand,IN-JH,state,,559.9,625,625,3,Asia/Kolkata,TRUE,1356715757
Jolāh Bigha,Jolah Bigha,,24.6205,84.7292,India,IN,IND,Bihār,Bihar,IN-BR,state,,1018.2,625,625,3,Asia/Kolkata,TRUE,1356546431