city,city_ascii,city_alt,lat,lng,country,iso2,iso3,admin_name,admin_name_ascii,admin_code,admin_type,capital,density,population,population_proper,ranking,timezone,same_name,id
Talwandi,Talwandi,,30.5192,75.3181,India,IN,IND,Punjab,Punjab,IN-PB,state,,430.5,6560,6560,3,Asia/Kolkata,TRUE,1356874095
Cholamāligar,Cholamaligar,,10.9332,79.3434,India,IN,IND,Tamil Nādu,Tamil Nadu,IN-TN,state,,1722.9,6560,6560,3,Asia/Kolkata,FALSE,1356176197
Alangulam,Alangulam,,9.3630,77.6828,India,IN,IND,Tamil Nādu,Tamil Nadu,IN-TN,state,,768.8,6559,6559,3,Asia/Kolkata,TRUE,1356211371
Ahmadpur,Ahmadpur,,25.7056,85.6951,India,IN,IND,Bihār,Bihar,IN-BR,state,,1945.8,6559,6559,3,Asia/Kolkata,TRUE,1356077701
Guttipet,Guttipet,,16.7353,76.7442,India,IN,IND,Karnātaka,Karnataka,IN-KA,state,,247.2,6557,6557,3,Asia/Kolkata,FALSE,1356204958
Tottigiripatti,Tottigiripatti,,11.8722,77.9655,India,IN,IND,Tamil Nādu,Tamil Nadu,IN-TN,state,,660.3,6556,6556,3,Asia/Kolkata,FALSE,1356169315
Kodumbālūr,Kodumbalur,,10.5333,78.5167,India,IN,IND,Tamil Nādu,Tamil Nadu,IN-TN,state,,362.7,6556,6556,3,Asia/Kolkata,FALSE,1356203158
Ranāyal,Ranayal,,23.1282,76.8517,India,IN,IND,Madhya Pradesh,Madhya Pradesh,IN-MP,state,,285.3,6556,6556,3,Asia/Kolkata,FALSE,1356470382
Chapram,Chapram,,23.4980,86.5620,India,IN,IND,Jhārkhand,Jharkhand,IN-JH,state,,1098.5,6556,6556,3,Asia/Kolkata,FALSE,1356946496
Chāndo,Chando,,23.9463,84.1021,India,IN,IND,Jhārkhand,Jharkhand,IN-JH,state,,429.1,6556,6556,3,Asia/Kolkata,TRUE,1356188801
Bāhādājhola,Bahadajhola,,20.0811,84.9231,India,IN,IND,Odisha,Odisha,IN-OR,state,,238.3,6555,6555,3,Asia/Kolkata,FALSE,1356193789
Airāvadanallūr,Airavadanallur,,9.9057,78.1552,India,IN,IND,Tamil Nādu,Tamil Nadu,IN-TN,state,,5160.7,6555,6555,2,Asia/Kolkata,FALSE,1356234553
Lukwāsa,Lukwasa,Lukwasa,25.1048,77.5996,India,IN,IND,Madhya Pradesh,Madhya Pradesh,IN-MP,state,,160.8,6553,6553,4,Asia/Kolkata,FALSE,1356040370
Peykkulam,Peykkulam,,9.2676,78.6347,India,IN,IND,Tamil Nādu,Tamil Nadu,IN-TN,state,,264.9,6552,6552,3,Asia/Kolkata,TRUE,1356237524
Kukurha,Kukurha,,25.4482,83.9688,India,IN,IND,Bihār,Bihar,IN-BR,state,,1196.3,6552,6552,3,Asia/Kolkata,FALSE,1356355148
Lingamgunta,Lingamgunta,,16.2257,80.2640,India,IN,IND,Andhra Pradesh,Andhra Pradesh,IN-AP,state,,665.7,6552,6552,3,Asia/Kolkata,TRUE,1356520393
Sohraiya,Sohraiya,,25.1922,84.8481,India,IN,IND,Bihār,Bihar,IN-BR,state,,1234.2,6552,6552,3,Asia/Kolkata,TRUE,1356259517
Sahār,Sahar,,25.2488,84.6253,India,IN,IND,Bihār,Bihar,IN-BR,state,,1263.8,6551,6551,3,Asia/Kolkata,FALSE,1356899649
Bhalaiana,Bhalaiana,,30.3290,74.7120,India,IN,IND,Punjab,Punjab,IN-PB,state,,322.3,6550,6550,3,Asia/Kolkata,FALSE,1356612923
Sherpur,Sherpur,,26.4827,78.3011,India,IN,IND,Madhya Pradesh,Madhya Pradesh,IN-MP,state,,352.1,6549,6549,3,Asia/Kolkata,TRUE,1356120326
Puraina,Puraina,,26.8830,84.6448,India,IN,IND,Bihār,Bihar,IN-BR,state,,1277.6,6549,6549,3,Asia/Kolkata,TRUE,1356251639
Ganigera,Ganigera,,14.8526,76.9831,India,IN,IND,Andhra Pradesh,Andhra Pradesh,IN-AP,state,,207.7,6549,6549,3,Asia/Kolkata,FALSE,1356296782
Sohāgi,Sohagi,Sohāgī,24.9818,81.6956,India,IN,IND,Madhya Pradesh,Madhya Pradesh,IN-MP,state,,401.7,6549,6549,3,Asia/Kolkata,FALSE,1356384807
Hīramani,Hiramani,,26.7915,84.9458,India,IN,IND,Bihār,Bihar,IN-BR,state,,1918.8,6547,6547,3,Asia/Kolkata,FALSE,1356082839
Pratāp Singhwāla,Pratap Singhwala,,30.9282,75.7786,India,IN,IND,Punjab,Punjab,IN-PB,state,,736.9,6547,6547,3,Asia/Kolkata,FALSE,1356434650
Pallapatla,Pallapatla,,16.0999,80.9890,India,IN,IND,Andhra Pradesh,Andhra Pradesh,IN-AP,state,,290.1,6547,6547,3,Asia/Kolkata,FALSE,1356699258
Wadyāl,Wadyal,,19.0637,78.4342,India,IN,IND,Telangāna,Telangana,IN-TG,state,,276.5,6545,6545,3,Asia/Kolkata,FALSE,1356552186
Venkatasamudram,Venkatasamudram,,11.9277,78.3488,India,IN,IND,Tamil Nādu,Tamil Nadu,IN-TN,state,,362.0,6545,6545,3,Asia/Kolkata,TRUE,1356248757
Mādhavaram,Madhavaram,,15.9364,77.3570,India,IN,IND,Andhra Pradesh,Andhra Pradesh,IN-AP,state,,376.3,6545,6545,3,Asia/Kolkata,TRUE,1356851073
Sirsia,Sirsia,,26.5148,84.3654,India,IN,IND,Bihār,Bihar,IN-BR,state,,1175.1,6544,6544,3,Asia/Kolkata,TRUE,1356090324
Vellālapālaiyam,Vellalapalaiyam,,11.4617,77.4676,India,IN,IND,Tamil Nādu,Tamil Nadu,IN-TN,state,,621.5,6544,6544,3,Asia/Kolkata,TRUE,1356163970
Bakhraur,Bakhraur,,26.3334,84.6341,India,IN,IND,Bihār,Bihar,IN-BR,state,,1328.5,6544,6544,3,Asia/Kolkata,FALSE,1356047409
Kātamkuli,Katamkuli,,23.4976,85.2209,India,IN,IND,Jhārkhand,Jharkhand,IN-JH,state,,3560.0,6544,6544,2,Asia/Kolkata,FALSE,1356197742
Nāda,Nada,,13.7327,74.6729,India,IN,IND,Karnātaka,Karnataka,IN-KA,state,,291.0,6543,6543,3,Asia/Kolkata,FALSE,1356224343
Kodgal,Kodgal,,16.8270,78.2264,India,IN,IND,Telangāna,Telangana,IN-TG,state,,443.0,6543,6543,3,Asia/Kolkata,FALSE,1356268918
Kīlkottai,Kilkottai,,9.7863,78.0013,India,IN,IND,Tamil Nādu,Tamil Nadu,IN-TN,state,,468.4,6543,6543,3,Asia/Kolkata,TRUE,1356240253
Kishunpur,Kishunpur,,25.9509,85.9573,India,IN,IND,Bihār,Bihar,IN-BR,state,,1518.2,6543,6543,3,Asia/Kolkata,TRUE,1356778427
Agaram,Agaram,,11.7743,79.6202,India,IN,IND,Tamil Nādu,Tamil Nadu,IN-TN,state,,764.6,6541,6541,3,Asia/Kolkata,TRUE,1356203825
Kalagara,Kalagara,,17.0094,80.7712,India,IN,IND,Andhra Pradesh,Andhra Pradesh,IN-AP,state,,301.8,6541,6541,3,Asia/Kolkata,FALSE,1356314275
Chetwayi,Chetwayi,Chowghat|Chitwye|Chetwagi|Chāvakkād|Chaughat,10.4452,76.1370,India,IN,IND,Kerala,Kerala,IN-KL,state,,2479.9,6541,6541,2,Asia/Kolkata,FALSE,1356071844
Delāng,Delang,,20.0619,85.7479,India,IN,IND,Odisha,Odisha,IN-OR,state,,698.7,6541,6541,3,Asia/Kolkata,FALSE,1356074903
Sāropatti,Saropatti,,26.0119,86.8196,India,IN,IND,Bihār,Bihar,IN-BR,state,,867.5,6540,6540,3,Asia/Kolkata,FALSE,1356004957
Sarean Narind,Sarean Narind,,26.3386,84.5665,India,IN,IND,Bihār,Bihar,IN-BR,state,,1749.2,6540,6540,3,Asia/Kolkata,FALSE,1356976435
Ahirauli,Ahirauli,,25.5935,84.0037,India,IN,IND,Bihār,Bihar,IN-BR,state,,1257.2,6540,6540,3,Asia/Kolkata,TRUE,1356051229
Derhgaon,Derhgaon,,25.0849,85.7555,India,IN,IND,Bihār,Bihar,IN-BR,state,,892.8,6539,6539,3,Asia/Kolkata,TRUE,1356289255
Anumandai,Anumandai,,12.2194,79.9978,India,IN,IND,Tamil Nādu,Tamil Nadu,IN-TN,state,,533.0,6539,6539,3,Asia/Kolkata,FALSE,1356083774
Tineri,Tineri,,25.3113,85.0170,India,IN,IND,Bihār,Bihar,IN-BR,state,,1454.5,6539,6539,3,Asia/Kolkata,FALSE,1356183331
Chandram,Chandram,,25.9458,86.4600,India,IN,IND,Bihār,Bihar,IN-BR,state,,1145.2,6539,6539,3,Asia/Kolkata,FALSE,1356259526
Rāmpur,Rampur,,26.1115,86.7862,India,IN,IND,Bihār,Bihar,IN-BR,state,,1387.8,6539,6539,3,Asia/Kolkata,TRUE,1356039053
Hatnūra,Hatnura,Hatnūr,17.7383,78.1683,India,IN,IND,Telangāna,Telangana,IN-TG,state,,294.9,6537,6537,3,Asia/Kolkata,FALSE,1356461241
Jillella,Jillella,,15.3508,78.4700,India,IN,IND,Andhra Pradesh,Andhra Pradesh,IN-AP,state,,314.7,6537,6537,3,Asia/Kolkata,FALSE,1356088401
Siruvallūr,Siruvallur,,12.4632,79.0202,India,IN,IND,Tamil Nādu,Tamil Nadu,IN-TN,state,,368.7,6537,6537,3,Asia/Kolkata,TRUE,1356085005
Mohi,Mohi,,30.8041,75.6805,India,IN,IND,Punjab,Punjab,IN-PB,state,,736.9,6537,6537,3,Asia/Kolkata,FALSE,1356276196
Kaulo Dehri,Kaulo Dehri,,25.2460,84.5232,India,IN,IND,Bihār,Bihar,IN-BR,state,,1490.5,6537,6537,3,Asia/Kolkata,FALSE,1356510415
Mohīuddinpur,Mohiuddinpur,,25.8864,85.8291,India,IN,IND,Bihār,Bihar,IN-BR,state,,1903.4,6537,6537,3,Asia/Kolkata,TRUE,1356878272
Kumārpur,Kumarpur,,24.6813,87.8411,India,IN,IND,Jhārkhand,Jharkhand,IN-JH,state,,1658.1,6537,6537,3,Asia/Kolkata,FALSE,1356116684
Kichol,Kichol,,26.7065,78.4970,India,IN,IND,Madhya Pradesh,Madhya Pradesh,IN-MP,state,,265.0,6537,6537,3,Asia/Kolkata,FALSE,1356014050
Elamanchili,Elamanchili,Yellamanchilli|Yellamanchili,17.5517,82.8542,India,IN,IND,Andhra Pradesh,Andhra Pradesh,IN-AP,state,,630.9,6536,6536,3,Asia/Kolkata,FALSE,1356862357
Bhatiāhi,Bhatiahi,,26.3465,87.2392,India,IN,IND,Bihār,Bihar,IN-BR,state,,1393.4,6536,6536,3,Asia/Kolkata,FALSE,1356359384
Kurāl,Kural,,20.0159,84.9201,India,IN,IND,Odisha,Odisha,IN-OR,state,,238.3,6534,6534,3,Asia/Kolkata,FALSE,1356193056
Chinna Tāndrapādu,Chinna Tandrapadu,,15.9441,77.6558,India,IN,IND,Telangāna,Telangana,IN-TG,state,,260.5,6534,6534,3,Asia/Kolkata,FALSE,1356172189
Kadivella,Kadivella,,15.6874,77.4866,India,IN,IND,Andhra Pradesh,Andhra Pradesh,IN-AP,state,,616.4,6534,6534,3,Asia/Kolkata,FALSE,1356026361
Wāndar Jatāna,Wandar Jatana,,30.5699,74.7368,India,IN,IND,Punjab,Punjab,IN-PB,state,,439.8,6532,6532,3,Asia/Kolkata,FALSE,1356456280
Maipādu,Maipadu,,14.5049,80.1694,India,IN,IND,Andhra Pradesh,Andhra Pradesh,IN-AP,state,,729.8,6532,6532,3,Asia/Kolkata,FALSE,1356909320
Kheriya,Kheriya,,26.5033,78.5979,India,IN,IND,Madhya Pradesh,Madhya Pradesh,IN-MP,state,,443.8,6531,6531,3,Asia/Kolkata,TRUE,1356111049
Pattemvāndlapalle,Pattemvandlapalle,,13.7600,78.1369,India,IN,IND,Andhra Pradesh,Andhra Pradesh,IN-AP,state,,191.1,6531,6531,4,Asia/Kolkata,FALSE,1356284030
Carambolim,Carambolim,,15.4875,73.9319,India,IN,IND,Goa,Goa,IN-GA,state,,1435.2,6531,6531,3,Asia/Kolkata,FALSE,1356031184
Jākhar,Jakhar,,25.8538,86.0679,India,IN,IND,Bihār,Bihar,IN-BR,state,,2448.7,6531,6531,2,Asia/Kolkata,FALSE,1356086374
Kandibanda,Kandibanda,,16.8674,79.9455,India,IN,IND,Telangāna,Telangana,IN-TG,state,,195.0,6531,6531,4,Asia/Kolkata,FALSE,1356477529
Raoti,Raoti,,23.2274,74.8418,India,IN,IND,Madhya Pradesh,Madhya Pradesh,IN-MP,state,,177.1,6531,6531,4,Asia/Kolkata,FALSE,1356119016
Raghunāthpur,Raghunathpur,,25.6695,86.8236,India,IN,IND,Bihār,Bihar,IN-BR,state,,793.9,6528,6528,3,Asia/Kolkata,TRUE,1356940467
Rajmelān,Rajmelan,,24.0017,82.5055,India,IN,IND,Madhya Pradesh,Madhya Pradesh,IN-MP,state,,385.3,6528,6528,3,Asia/Kolkata,FALSE,1356155483
Prattipādu,Prattipadu,,16.8116,81.5732,India,IN,IND,Andhra Pradesh,Andhra Pradesh,IN-AP,state,,881.6,6527,6527,3,Asia/Kolkata,FALSE,1356062615
Mullūr,Mullur,,10.4205,78.8588,India,IN,IND,Tamil Nādu,Tamil Nadu,IN-TN,state,,806.7,6527,6527,3,Asia/Kolkata,FALSE,1356239736
Enugupālem,Enugupalem,,16.0242,79.8251,India,IN,IND,Andhra Pradesh,Andhra Pradesh,IN-AP,state,,388.2,6527,6527,3,Asia/Kolkata,FALSE,1356083317
Sāsavehalli,Sasavehalli,,14.1526,75.7140,India,IN,IND,Karnātaka,Karnataka,IN-KA,state,,319.2,6526,6526,3,Asia/Kolkata,FALSE,1356918620
Dāudnagar,Daudnagar,,25.9593,85.1163,India,IN,IND,Bihār,Bihar,IN-BR,state,,1798.5,6526,6526,3,Asia/Kolkata,TRUE,1356026059
Kamta,Kamta,,26.0138,84.7168,India,IN,IND,Bihār,Bihar,IN-BR,state,,2271.4,6526,6526,2,Asia/Kolkata,FALSE,1356113514
Penagalūru,Penagaluru,Penagahīru,14.2833,79.2667,India,IN,IND,Andhra Pradesh,Andhra Pradesh,IN-AP,state,,118.6,6526,6526,3,Asia/Kolkata,FALSE,1356250422
Sonath,Sonath,,17.6119,77.1107,India,IN,IND,Karnātaka,Karnataka,IN-KA,state,,529.9,6524,6524,3,Asia/Kolkata,FALSE,1356149015
Kunnūr,Kunnur,,10.0063,77.5185,India,IN,IND,Tamil Nādu,Tamil Nadu,IN-TN,state,,250.5,6524,6524,3,Asia/Kolkata,TRUE,1356227841
Anumūrupālem,Anumurupalem,,16.1177,80.6599,India,IN,IND,Andhra Pradesh,Andhra Pradesh,IN-AP,state,,438.6,6524,6524,3,Asia/Kolkata,FALSE,1356831163
Talkondapalli,Talkondapalli,,16.8875,78.4184,India,IN,IND,Telangāna,Telangana,IN-TG,state,,194.8,6524,6524,4,Asia/Kolkata,FALSE,1356992839
Anakkāvūr,Anakkavur,,12.6360,79.5452,India,IN,IND,Tamil Nādu,Tamil Nadu,IN-TN,state,,441.3,6522,6522,3,Asia/Kolkata,FALSE,1356971291
Chharra Patti,Chharra Patti,,25.6425,86.4159,India,IN,IND,Bihār,Bihar,IN-BR,state,,1353.4,6522,6522,3,Asia/Kolkata,FALSE,1356763994
Nagrā,Nagra,,23.4126,85.1099,India,IN,IND,Jhārkhand,Jharkhand,IN-JH,state,,494.8,6522,6522,3,Asia/Kolkata,TRUE,1356199497
Bara,Bara,,22.7715,88.2524,India,IN,IND,West Bengal,West Bengal,IN-WB,state,,1445.7,6522,6522,3,Asia/Kolkata,FALSE,1356816787
Sohansra,Sohansra,,28.4100,75.8600,India,IN,IND,Haryāna,Haryana,IN-HR,state,,261.7,6521,6521,3,Asia/Kolkata,FALSE,1356754686
Bāmbhāi,Bambhai,,25.1257,84.5868,India,IN,IND,Bihār,Bihar,IN-BR,state,,535.5,6519,6519,3,Asia/Kolkata,FALSE,1356445855
Mel Pāttam Karisalkulam,Mel Pattam Karisalkulam,,9.4750,77.5706,India,IN,IND,Tamil Nādu,Tamil Nadu,IN-TN,state,,624.9,6519,6519,3,Asia/Kolkata,FALSE,1356205349
Rācherla,Racherla,,15.4667,78.9667,India,IN,IND,Andhra Pradesh,Andhra Pradesh,IN-AP,state,,281.2,6518,6518,3,Asia/Kolkata,TRUE,1356274656
Banpura,Banpura,,25.9857,84.4542,India,IN,IND,Bihār,Bihar,IN-BR,state,,1095.5,6518,6518,3,Asia/Kolkata,TRUE,1356144097
Vijayapuri,Vijayapuri,,11.2300,77.5000,India,IN,IND,Tamil Nādu,Tamil Nadu,IN-TN,state,,376.7,6517,6517,3,Asia/Kolkata,FALSE,1356695115
Annavaram,Annavaram,,16.2233,79.9718,India,IN,IND,Andhra Pradesh,Andhra Pradesh,IN-AP,state,,370.2,6516,6516,3,Asia/Kolkata,TRUE,1356895071
Mothaha,Mothaha,,25.9395,84.7320,India,IN,IND,Bihār,Bihar,IN-BR,state,,2271.4,6515,6515,2,Asia/Kolkata,FALSE,1356304043
Barka Gaon,Barka Gaon,,26.4104,84.2629,India,IN,IND,Bihār,Bihar,IN-BR,state,,1658.1,6515,6515,3,Asia/Kolkata,FALSE,1356467810
Baijnāthpur,Baijnathpur,,25.7701,86.9909,India,IN,IND,Bihār,Bihar,IN-BR,state,,1084.9,6515,6515,3,Asia/Kolkata,TRUE,1356059417
Kasba Nul,Kasba Nul,Nul,16.4200,74.5800,India,IN,IND,Mahārāshtra,Maharashtra,IN-MH,state,,475.8,6514,6514,3,Asia/Kolkata,FALSE,1356089344
Doiphoria,Doiphoria,,21.3202,76.4566,India,IN,IND,Madhya Pradesh,Madhya Pradesh,IN-MP,state,,174.8,6512,6512,4,Asia/Kolkata,FALSE,1356834098
Idapnur,Idapnur,,16.0056,77.4638,India,IN,IND,Karnātaka,Karnataka,IN-KA,state,,372.9,6512,6512,3,Asia/Kolkata,FALSE,1356345733
Khizrābād,Khizrabad,,30.8797,76.6577,India,IN,IND,Punjab,Punjab,IN-PB,state,,430.6,6511,6511,3,Asia/Kolkata,FALSE,1356068586
Bhargāwān,Bhargawan,,26.0765,86.4176,India,IN,IND,Bihār,Bihar,IN-BR,state,,1145.2,6511,6511,3,Asia/Kolkata,TRUE,1356013990
Duttalūru,Duttaluru,Duthalur,14.8500,79.4167,India,IN,IND,Andhra Pradesh,Andhra Pradesh,IN-AP,state,,85.8,6509,6509,3,Asia/Kolkata,FALSE,1356035596
Rekunda,Rekunda,,18.2485,79.2414,India,IN,IND,Telangāna,Telangana,IN-TG,state,,330.1,6508,6508,3,Asia/Kolkata,FALSE,1356186446
Balia,Balia,,26.2826,86.0076,India,IN,IND,Bihār,Bihar,IN-BR,state,,2565.5,6508,6508,2,Asia/Kolkata,TRUE,1356664361
Perunagar,Perunagar,,12.6498,79.6585,India,IN,IND,Tamil Nādu,Tamil Nadu,IN-TN,state,,474.1,6508,6508,3,Asia/Kolkata,FALSE,1356162770
Dudhahi,Dudhahi,,26.6678,84.6909,India,IN,IND,Bihār,Bihar,IN-BR,state,,1082.8,6506,6506,3,Asia/Kolkata,FALSE,1356228281
Vegavaram,Vegavaram,,17.1256,81.2414,India,IN,IND,Andhra Pradesh,Andhra Pradesh,IN-AP,state,,521.2,6506,6506,3,Asia/Kolkata,TRUE,1356368677
Kadambūr,Kadambur,,8.9974,77.8619,India,IN,IND,Tamil Nādu,Tamil Nadu,IN-TN,state,,452.7,6504,6504,3,Asia/Kolkata,TRUE,1356936647
Naganūr,Naganur,,16.6848,76.5991,India,IN,IND,Karnātaka,Karnataka,IN-KA,state,,260.0,6504,6504,3,Asia/Kolkata,TRUE,1356129567
Rudauli,Rudauli,,25.5960,85.9550,India,IN,IND,Bihār,Bihar,IN-BR,state,,1513.7,6503,6503,3,Asia/Kolkata,FALSE,1356036191
Karagadahalli,Karagadahalli,,12.2702,78.0968,India,IN,IND,Tamil Nādu,Tamil Nadu,IN-TN,state,,509.5,6503,6503,3,Asia/Kolkata,TRUE,1356924590
Samudram,Samudram,,11.6533,77.9079,India,IN,IND,Tamil Nādu,Tamil Nadu,IN-TN,state,,742.9,6503,6503,3,Asia/Kolkata,FALSE,1356168570
Vemavaram,Vemavaram,,16.6303,79.8631,India,IN,IND,Andhra Pradesh,Andhra Pradesh,IN-AP,state,,272.1,6502,6502,3,Asia/Kolkata,TRUE,1356804360
Indra Basti,Indra Basti,,12.8570,74.9857,India,IN,IND,Karnātaka,Karnataka,IN-KA,state,,178.9,6502,6502,4,Asia/Kolkata,FALSE,1356596393
Saundalga,Saundalga,Saondalga,16.2900,74.6000,India,IN,IND,Karnātaka,Karnataka,IN-KA,state,,619.1,6502,6502,3,Asia/Kolkata,FALSE,1356436582
Abhāna,Abhana,,23.7024,79.5334,India,IN,IND,Madhya Pradesh,Madhya Pradesh,IN-MP,state,,486.8,6502,6502,3,Asia/Kolkata,FALSE,1356066915
Harli,Harli,,23.8315,85.2753,India,IN,IND,Jhārkhand,Jharkhand,IN-JH,state,,364.9,6502,6502,3,Asia/Kolkata,TRUE,1356258479
Adyār,Adyar,,12.8700,74.9100,India,IN,IND,Karnātaka,Karnataka,IN-KA,state,,1895.8,6501,6501,3,Asia/Kolkata,FALSE,1356001747
Gangauli,Gangauli,,26.2029,86.2308,India,IN,IND,Bihār,Bihar,IN-BR,state,,1715.5,6501,6501,3,Asia/Kolkata,TRUE,1356985245
Nandmarg,Nandmarg,,33.5622,74.9444,India,IN,IND,Jammu and Kashmīr,Jammu and Kashmir,IN-JK,state,,1612.3,6501,6501,3,Asia/Kolkata,FALSE,1356200859
Dharhara,Dharhara,,25.1100,85.4939,India,IN,IND,Bihār,Bihar,IN-BR,state,,1642.1,6501,6501,3,Asia/Kolkata,TRUE,1356763530
Detroj,Detroj,,23.3333,72.1833,India,IN,IND,Gujarāt,Gujarat,IN-GJ,state,,233.4,6500,6500,3,Asia/Kolkata,FALSE,1356885073
Kāmantoddi,Kamantoddi,,12.6844,77.9385,India,IN,IND,Tamil Nādu,Tamil Nadu,IN-TN,state,,633.7,6500,6500,3,Asia/Kolkata,FALSE,1356514539
Podūr,Podur,,18.6241,78.9552,India,IN,IND,Telangāna,Telangana,IN-TG,state,,533.7,6500,6500,3,Asia/Kolkata,FALSE,1356140047
Jalāl,Jalal,,30.4790,75.1640,India,IN,IND,Punjab,Punjab,IN-PB,state,,376.2,6500,6500,3,Asia/Kolkata,FALSE,1356834606
Dhānsu,Dhansu,,29.1908,75.7589,India,IN,IND,Haryāna,Haryana,IN-HR,state,,529.9,6500,6500,3,Asia/Kolkata,FALSE,1356016812
Narharpur,Narharpur,,25.5709,86.0299,India,IN,IND,Bihār,Bihar,IN-BR,state,,1120.0,6500,6500,3,Asia/Kolkata,TRUE,1356695160
Ventrapragada,Ventrapragada,,16.4425,80.9086,India,IN,IND,Andhra Pradesh,Andhra Pradesh,IN-AP,state,,426.8,6500,6500,3,Asia/Kolkata,FALSE,1356847577
Manipura,Manipura,,13.2962,74.7926,India,IN,IND,Karnātaka,Karnataka,IN-KA,state,,623.4,6499,6499,3,Asia/Kolkata,FALSE,1356962099
Jogta,Jogta,,25.4884,84.7055,India,IN,IND,Bihār,Bihar,IN-BR,state,,2997.4,6498,6498,2,Asia/Kolkata,FALSE,1356033575
Akbarjapet,Akbarjapet,Akhārjapet,17.6256,78.5953,India,IN,IND,Telangāna,Telangana,IN-TG,state,,699.6,6498,6498,3,Asia/Kolkata,FALSE,1356721993
Taripadi,Taripadi,,12.8700,74.8400,India,IN,IND,Karnātaka,Karnataka,IN-KA,state,,1895.8,6498,6498,3,Asia/Kolkata,FALSE,1356782791
Chāpora,Chapora,,21.1976,76.1864,India,IN,IND,Madhya Pradesh,Madhya Pradesh,IN-MP,state,,300.0,6498,6498,3,Asia/Kolkata,FALSE,1356122636
Rasūlpur Habīb,Rasulpur Habib,,25.6219,85.3990,India,IN,IND,Bihār,Bihar,IN-BR,state,,3609.1,6497,6497,2,Asia/Kolkata,FALSE,1356742589
Mangampeta,Mangampeta,,14.0158,79.3137,India,IN,IND,Andhra Pradesh,Andhra Pradesh,IN-AP,state,,136.3,6497,6497,4,Asia/Kolkata,TRUE,1356427631
Sirumailūr,Sirumailur,,12.7297,79.2287,India,IN,IND,Tamil Nādu,Tamil Nadu,IN-TN,state,,906.0,6497,6497,3,Asia/Kolkata,FALSE,1356595588
Aungāri,Aungari,,25.1943,85.2512,India,IN,IND,Bihār,Bihar,IN-BR,state,,1881.4,6497,6497,3,Asia/Kolkata,FALSE,1356054874
Kyādgeri,Kyadgeri,,16.2319,76.9553,India,IN,IND,Karnātaka,Karnataka,IN-KA,state,,201.1,6496,6496,3,Asia/Kolkata,FALSE,1356217734
Hossur,Hossur,,13.5500,75.2500,India,IN,IND,Karnātaka,Karnataka,IN-KA,state,,154.6,6496,6496,3,Asia/Kolkata,FALSE,1356475861
Irchita,Irchita,,24.1384,86.4251,India,IN,IND,Jhārkhand,Jharkhand,IN-JH,state,,603.8,6496,6496,3,Asia/Kolkata,FALSE,1356244532
Galāvilli,Galavilli,,18.5357,83.6185,India,IN,IND,Andhra Pradesh,Andhra Pradesh,IN-AP,state,,419.8,6495,6495,3,Asia/Kolkata,FALSE,1356148077
Dyāmavvanahalli,Dyamavvanahalli,,14.2200,76.4000,India,IN,IND,Karnātaka,Karnataka,IN-KA,state,,330.0,6495,6495,3,Asia/Kolkata,TRUE,1356816017
Dewara,Dewara,,24.6983,81.9782,India,IN,IND,Madhya Pradesh,Madhya Pradesh,IN-MP,state,,289.0,6495,6495,3,Asia/Kolkata,FALSE,1356328811
Sogi,Sogi,,14.9668,75.9968,India,IN,IND,Karnātaka,Karnataka,IN-KA,state,,220.0,6494,6494,3,Asia/Kolkata,FALSE,1356246952
Bīrpur,Birpur,,26.1322,77.1371,India,IN,IND,Madhya Pradesh,Madhya Pradesh,IN-MP,state,,93.8,6494,6494,4,Asia/Kolkata,TRUE,1356156424
Sakarbāsa,Sakarbasa,,25.6397,86.0717,India,IN,IND,Bihār,Bihar,IN-BR,state,,1555.6,6494,6494,3,Asia/Kolkata,FALSE,1356592503
Gullakota,Gullakota,,18.7718,79.1480,India,IN,IND,Telangāna,Telangana,IN-TG,state,,330.3,6493,6493,3,Asia/Kolkata,FALSE,1356016866
Kot Fatah,Kot Fatah,Kot Fateh,30.1122,75.1120,India,IN,IND,Punjab,Punjab,IN-PB,state,,545.0,6493,6493,3,Asia/Kolkata,FALSE,1356752477
Panhāns,Panhans,,25.4350,86.1377,India,IN,IND,Bihār,Bihar,IN-BR,state,,3488.9,6493,6493,2,Asia/Kolkata,FALSE,1356595749
Mūngilturaippattu,Mungilturaippattu,,12.0618,78.9683,India,IN,IND,Tamil Nādu,Tamil Nadu,IN-TN,state,,334.7,6491,6491,3,Asia/Kolkata,FALSE,1356574099
Dappar,Dappar,,30.5207,76.8161,India,IN,IND,Punjab,Punjab,IN-PB,state,,1219.1,6491,6491,3,Asia/Kolkata,FALSE,1356100982
Sodalpur,Sodalpur,,22.3189,77.2196,India,IN,IND,Madhya Pradesh,Madhya Pradesh,IN-MP,state,,221.6,6491,6491,3,Asia/Kolkata,FALSE,1356036481
Karke,Karke,,24.1656,83.6222,India,IN,IND,Jhārkhand,Jharkhand,IN-JH,state,,668.9,6491,6491,3,Asia/Kolkata,TRUE,1356051833
Kankortala,Kankortala,,25.4989,87.9927,India,IN,IND,West Bengal,West Bengal,IN-WB,state,,1534.2,6491,6491,3,Asia/Kolkata,FALSE,1356667052
Kāvūru,Kavuru,Kavur,16.1333,80.1167,India,IN,IND,Andhra Pradesh,Andhra Pradesh,IN-AP,state,,376.7,6491,6491,3,Asia/Kolkata,FALSE,1356950869
Gācha,Gacha,,22.7063,88.9198,India,IN,IND,West Bengal,West Bengal,IN-WB,state,,2164.3,6489,6489,2,Asia/Kolkata,FALSE,1356074954
Kosut,Kosut,,25.3786,85.0804,India,IN,IND,Bihār,Bihar,IN-BR,state,,1454.5,6489,6489,3,Asia/Kolkata,FALSE,1356515984
Chittiyāl,Chittiyal,,18.3307,79.6715,India,IN,IND,Telangāna,Telangana,IN-TG,state,,208.7,6487,6487,3,Asia/Kolkata,FALSE,1356127922
Pulikarai,Pulikarai,,12.2126,78.1173,India,IN,IND,Tamil Nādu,Tamil Nadu,IN-TN,state,,509.5,6487,6487,3,Asia/Kolkata,FALSE,1356826378
Kandgal,Kandgal,,15.9568,76.2734,India,IN,IND,Karnātaka,Karnataka,IN-KA,state,,267.6,6486,6486,3,Asia/Kolkata,TRUE,1356113365
Loyapalli,Loyapalli,,17.0407,78.8321,India,IN,IND,Telangāna,Telangana,IN-TG,state,,220.1,6485,6485,3,Asia/Kolkata,TRUE,1356842762
Rāmpuram,Rampuram,,18.5799,78.2687,India,IN,IND,Telangāna,Telangana,IN-TG,state,,181.9,6485,6485,4,Asia/Kolkata,TRUE,1356794831
Dargalim,Dargalim,,15.6735,73.8372,India,IN,IND,Goa,Goa,IN-GA,state,,355.9,6485,6485,3,Asia/Kolkata,FALSE,1356096397
Srāvana Belgola,Sravana Belgola,Shravan Belgola|Shravanabelagola,12.8590,76.4890,India,IN,IND,Karnātaka,Karnataka,IN-KA,state,,282.3,6485,6485,3,Asia/Kolkata,FALSE,1356155836
Repāka,Repaka,,18.2453,79.7694,India,IN,IND,Telangāna,Telangana,IN-TG,state,,213.8,6485,6485,3,Asia/Kolkata,FALSE,1356682347
Alagumalai,Alagumalai,,11.0076,77.4417,India,IN,IND,Tamil Nādu,Tamil Nadu,IN-TN,state,,2019.3,6485,6485,2,Asia/Kolkata,FALSE,1356163896
Kisoripur,Kisoripur,,22.0833,88.5667,India,IN,IND,West Bengal,West Bengal,IN-WB,state,,509.2,6483,6483,3,Asia/Kolkata,FALSE,1356050492
Sihor,Sihor,,25.6725,78.1045,India,IN,IND,Madhya Pradesh,Madhya Pradesh,IN-MP,state,,198.3,6483,6483,4,Asia/Kolkata,FALSE,1356460623
Kannāmuchchi,Kannamuchchi,,11.7200,77.7131,India,IN,IND,Tamil Nādu,Tamil Nadu,IN-TN,state,,466.8,6482,6482,3,Asia/Kolkata,FALSE,1356163378
Bilauri,Bilauri,,25.1360,86.0574,India,IN,IND,Bihār,Bihar,IN-BR,state,,1644.5,6482,6482,3,Asia/Kolkata,TRUE,1356077514
Arak,Arak,,25.6116,84.2216,India,IN,IND,Bihār,Bihar,IN-BR,state,,667.7,6482,6482,3,Asia/Kolkata,FALSE,1356617823
Basantpur Raman,Basantpur Raman,,25.9514,85.9461,India,IN,IND,Bihār,Bihar,IN-BR,state,,1518.2,6482,6482,3,Asia/Kolkata,FALSE,1356316462
Padampur,Padampur,,25.9791,86.6068,India,IN,IND,Bihār,Bihar,IN-BR,state,,941.9,6482,6482,3,Asia/Kolkata,TRUE,1356372833
Mahpatia,Mahpatia,,26.1155,86.4488,India,IN,IND,Bihār,Bihar,IN-BR,state,,1714.2,6481,6481,3,Asia/Kolkata,FALSE,1356601573
Loliem,Loliem,Loltem,14.9000,74.0900,India,IN,IND,Goa,Goa,IN-GA,state,,167.0,6481,6481,4,Asia/Kolkata,FALSE,1356093860
Gopālpur,Gopalpur,,26.1979,84.7617,India,IN,IND,Bihār,Bihar,IN-BR,state,,1221.8,6481,6481,3,Asia/Kolkata,TRUE,1356637617
Srīrāmapuram,Sriramapuram,,10.5272,77.9818,India,IN,IND,Tamil Nādu,Tamil Nadu,IN-TN,state,,350.9,6481,6481,3,Asia/Kolkata,TRUE,1356215285
Gurgaon,Gurgaon,,26.1630,87.7918,India,IN,IND,Bihār,Bihar,IN-BR,state,,1224.5,6481,6481,3,Asia/Kolkata,FALSE,1356891794
Wāngat,Wangat,,34.3263,74.9466,India,IN,IND,Jammu and Kashmīr,Jammu and Kashmir,IN-JK,state,,153.5,6481,6481,4,Asia/Kolkata,FALSE,1356213296
Perhāp,Perhap,,25.2568,84.5811,India,IN,IND,Bihār,Bihar,IN-BR,state,,3572.8,6481,6481,2,Asia/Kolkata,FALSE,1356022099
Maddipādu,Maddipadu,,15.6222,80.0230,India,IN,IND,Andhra Pradesh,Andhra Pradesh,IN-AP,state,,543.2,6480,6480,3,Asia/Kolkata,FALSE,1356215067
Hūdem,Hudem,,14.9100,76.4000,India,IN,IND,Karnātaka,Karnataka,IN-KA,state,,230.8,6480,6480,3,Asia/Kolkata,FALSE,1356079069
Rulahi,Rulahi,,26.5982,84.9514,India,IN,IND,Bihār,Bihar,IN-BR,state,,1468.1,6479,6479,3,Asia/Kolkata,FALSE,1356078850
Rāmbhadarpur,Rambhadarpur,Chhakantoli,25.9876,85.8755,India,IN,IND,Bihār,Bihar,IN-BR,state,,1822.9,6479,6479,3,Asia/Kolkata,FALSE,1356474912
Chapra,Chapra,,25.2517,87.9319,India,IN,IND,West Bengal,West Bengal,IN-WB,state,,1228.7,6479,6479,3,Asia/Kolkata,TRUE,1356689288
Kondapalle,Kondapalle,,16.9235,82.0040,India,IN,IND,Andhra Pradesh,Andhra Pradesh,IN-AP,state,,920.0,6479,6479,3,Asia/Kolkata,FALSE,1356024620
Chiyyedu,Chiyyedu,,14.6039,77.7069,India,IN,IND,Andhra Pradesh,Andhra Pradesh,IN-AP,state,,1297.6,6479,6479,3,Asia/Kolkata,FALSE,1356019543
Bavānipet,Bavanipet,Bavanipet,18.3399,78.4148,India,IN,IND,Telangāna,Telangana,IN-TG,state,,227.9,6478,6478,3,Asia/Kolkata,FALSE,1356501397
Tondamāndurai,Tondamandurai,,11.3607,78.7553,India,IN,IND,Tamil Nādu,Tamil Nadu,IN-TN,state,,298.8,6475,6475,3,Asia/Kolkata,FALSE,1356250433
Māllam,Mallam,,17.1105,82.1851,India,IN,IND,Andhra Pradesh,Andhra Pradesh,IN-AP,state,,1167.9,6475,6475,3,Asia/Kolkata,FALSE,1356476006
Arauli,Arauli,Atauli,33.8175,74.2471,India,IN,IND,Jammu and Kashmīr,Jammu and Kashmir,IN-JK,state,,868.2,6474,6474,3,Asia/Kolkata,FALSE,1356651503
Viracholan,Viracholan,,9.5490,78.3620,India,IN,IND,Tamil Nādu,Tamil Nadu,IN-TN,state,,197.2,6474,6474,3,Asia/Kolkata,FALSE,1356228255
Semrām,Semram,,25.9996,86.0600,India,IN,IND,Bihār,Bihar,IN-BR,state,,1518.2,6474,6474,3,Asia/Kolkata,FALSE,1356733811
Bombrāna,Bombrana,,12.6287,74.9494,India,IN,IND,Kerala,Kerala,IN-KL,state,,691.4,6473,6473,3,Asia/Kolkata,FALSE,1356012431
Tola Mansārāut,Tola Mansaraut,,26.8013,84.5391,India,IN,IND,Bihār,Bihar,IN-BR,state,,3248.1,6473,6473,2,Asia/Kolkata,FALSE,1356318575
Chhendipada,Chhendipada,Chhihdipada|Chhindipada,21.0852,84.8720,India,IN,IND,Odisha,Odisha,IN-OR,state,,254.2,6473,6473,3,Asia/Kolkata,FALSE,1356718675
Halligattu,Halligattu,,12.1367,75.9207,India,IN,IND,Karnātaka,Karnataka,IN-KA,state,,127.9,6473,6473,3,Asia/Kolkata,FALSE,1356045468
Ammanūr,Ammanur,,13.0651,79.6530,India,IN,IND,Tamil Nādu,Tamil Nadu,IN-TN,state,,553.9,6471,6471,3,Asia/Kolkata,TRUE,1356056381
Mallārpur,Mallarpur,,24.0838,87.7099,India,IN,IND,West Bengal,West Bengal,IN-WB,state,,1220.9,6471,6471,3,Asia/Kolkata,FALSE,1356159746
Silattūr,Silattur,,10.2276,78.9924,India,IN,IND,Tamil Nādu,Tamil Nadu,IN-TN,state,,513.1,6471,6471,3,Asia/Kolkata,FALSE,1356201762
Konnaiyār,Konnaiyar,,11.3991,78.0267,India,IN,IND,Tamil Nādu,Tamil Nadu,IN-TN,state,,911.2,6470,6470,3,Asia/Kolkata,FALSE,1356237172
Talutālaimedu,Talutalaimedu,,11.1746,79.4569,India,IN,IND,Tamil Nādu,Tamil Nadu,IN-TN,state,,403.0,6470,6470,3,Asia/Kolkata,FALSE,1356171623
Patehara,Patehara,,24.6866,81.9442,India,IN,IND,Madhya Pradesh,Madhya Pradesh,IN-MP,state,,289.0,6470,6470,3,Asia/Kolkata,TRUE,1356092237
Jhitkia,Jhitkia,,25.9467,86.6709,India,IN,IND,Bihār,Bihar,IN-BR,state,,2078.9,6470,6470,2,Asia/Kolkata,FALSE,1356609754
Bardahia,Bardahia,,25.9151,84.8415,India,IN,IND,Bihār,Bihar,IN-BR,state,,2405.8,6469,6469,2,Asia/Kolkata,FALSE,1356006079
Pachamma,Pachamma,,25.4458,86.1195,India,IN,IND,Bihār,Bihar,IN-BR,state,,3424.9,6469,6469,2,Asia/Kolkata,FALSE,1356631910
Kumsi,Kumsi,,14.0667,75.4000,India,IN,IND,Karnātaka,Karnataka,IN-KA,state,,486.2,6468,6468,3,Asia/Kolkata,FALSE,1356005984
Gangāni,Gangani,,26.5008,73.2117,India,IN,IND,Rājasthān,Rajasthan,IN-RJ,state,,482.2,6467,6467,3,Asia/Kolkata,FALSE,1356105148
Chaumhon,Chaumhon,,26.7132,78.6205,India,IN,IND,Madhya Pradesh,Madhya Pradesh,IN-MP,state,,265.0,6466,6466,3,Asia/Kolkata,FALSE,1356052415
Chikkannahalli,Chikkannahalli,,14.3788,76.3680,India,IN,IND,Karnātaka,Karnataka,IN-KA,state,,330.0,6466,6466,3,Asia/Kolkata,FALSE,1356204549
Dungripāli,Dungripali,Dunguripāli,21.0464,83.5468,India,IN,IND,Odisha,Odisha,IN-OR,state,,467.8,6466,6466,3,Asia/Kolkata,TRUE,1356635607
Gogri,Gogri,,25.4189,86.6300,India,IN,IND,Bihār,Bihar,IN-BR,state,,1745.5,6465,6465,3,Asia/Kolkata,FALSE,1356256702
Matia,Matia,,24.9809,86.3409,India,IN,IND,Bihār,Bihar,IN-BR,state,,483.3,6465,6465,3,Asia/Kolkata,TRUE,1356213442
Ghaghri,Ghaghri,,26.0672,87.4060,India,IN,IND,Bihār,Bihar,IN-BR,state,,1681.6,6464,6464,3,Asia/Kolkata,FALSE,1356051653
Sennakunam,Sennakunam,,11.9713,79.3481,India,IN,IND,Tamil Nādu,Tamil Nadu,IN-TN,state,,704.2,6464,6464,3,Asia/Kolkata,FALSE,1356201971
Mudinepalle,Mudinepalle,,16.4000,81.1167,India,IN,IND,Andhra Pradesh,Andhra Pradesh,IN-AP,state,,1095.4,6463,6463,3,Asia/Kolkata,FALSE,1356455576
Beliātor,Beliator,Beliatore,23.3300,87.2200,India,IN,IND,West Bengal,West Bengal,IN-WB,state,,615.1,6463,6463,3,Asia/Kolkata,FALSE,1356235641
Atukūru,Atukuru,,16.9570,80.3792,India,IN,IND,Telangāna,Telangana,IN-TG,state,,470.5,6462,6462,3,Asia/Kolkata,FALSE,1356736049
Choutpalli,Choutpalli,,18.7797,78.5223,India,IN,IND,Telangāna,Telangana,IN-TG,state,,154.5,6462,6462,4,Asia/Kolkata,FALSE,1356002289
Rāmpura,Rampura,,12.1124,76.5572,India,IN,IND,Karnātaka,Karnataka,IN-KA,state,,184.5,6462,6462,4,Asia/Kolkata,TRUE,1356135419
Vāvilitota,Vavilitota,,13.2849,79.0941,India,IN,IND,Andhra Pradesh,Andhra Pradesh,IN-AP,state,,432.5,6462,6462,3,Asia/Kolkata,FALSE,1356126767
Bafliāz,Bafliaz,,33.6147,74.3517,India,IN,IND,Jammu and Kashmīr,Jammu and Kashmir,IN-JK,state,,198.4,6461,6461,4,Asia/Kolkata,FALSE,1356055624
Kalingapatnam,Kalingapatnam,Callingapatam|Calingapatam|Kalingapatam,18.3389,84.1205,India,IN,IND,Andhra Pradesh,Andhra Pradesh,IN-AP,state,,992.2,6459,6459,3,Asia/Kolkata,FALSE,1356158246
Bāngra Nizāmat,Bangra Nizamat,,26.2469,84.9132,India,IN,IND,Bihār,Bihar,IN-BR,state,,1645.7,6458,6458,3,Asia/Kolkata,FALSE,1356146801
Halebīd,Halebid,Halebidu,13.2157,75.9914,India,IN,IND,Karnātaka,Karnataka,IN-KA,state,,229.7,6458,6458,3,Asia/Kolkata,TRUE,1356561616
Belauthi,Belauthi,,25.5935,84.4329,India,IN,IND,Bihār,Bihar,IN-BR,state,,1006.0,6458,6458,3,Asia/Kolkata,FALSE,1356085027
Ijri,Ijri,,25.6477,84.5333,India,IN,IND,Bihār,Bihar,IN-BR,state,,2283.2,6458,6458,2,Asia/Kolkata,FALSE,1356499670
Amakatādu,Amakatadu,,15.4970,77.8782,India,IN,IND,Andhra Pradesh,Andhra Pradesh,IN-AP,state,,126.0,6458,6458,4,Asia/Kolkata,FALSE,1356033877
Jasauli Kharag,Jasauli Kharag,,26.1725,84.3968,India,IN,IND,Bihār,Bihar,IN-BR,state,,2914.7,6458,6458,2,Asia/Kolkata,FALSE,1356075524
Khanta,Khanta,Kuhta,25.8468,88.0525,India,IN,IND,West Bengal,West Bengal,IN-WB,state,,1137.5,6457,6457,3,Asia/Kolkata,TRUE,1356269589
Zeyādah Kot,Zeyadah Kot,,22.4445,88.3345,India,IN,IND,West Bengal,West Bengal,IN-WB,state,,20006.6,6457,6457,2,Asia/Kolkata,FALSE,1356124370
Agnur,Agnur,,25.0999,84.4710,India,IN,IND,Bihār,Bihar,IN-BR,state,,535.5,6457,6457,3,Asia/Kolkata,FALSE,1356186299
Nandikeshwar,Nandikeshwar,,15.9446,75.7598,India,IN,IND,Karnātaka,Karnataka,IN-KA,state,,258.2,6457,6457,3,Asia/Kolkata,FALSE,1356088105
Kakulūr,Kakulur,,17.1063,78.1615,India,IN,IND,Telangāna,Telangana,IN-TG,state,,286.1,6457,6457,3,Asia/Kolkata,FALSE,1356140168
Chora Tabhka,Chora Tabhka,,25.6945,85.9373,India,IN,IND,Bihār,Bihar,IN-BR,state,,2168.6,6456,6456,2,Asia/Kolkata,FALSE,1356005003
Kanchikeri,Kanchikeri,,14.6152,75.9764,India,IN,IND,Karnātaka,Karnataka,IN-KA,state,,228.1,6456,6456,3,Asia/Kolkata,FALSE,1356158501
Gurma,Gurma,,22.9711,85.8632,India,IN,IND,Jhārkhand,Jharkhand,IN-JH,state,,365.6,6454,6454,3,Asia/Kolkata,FALSE,1356234509
Vadlapūdi,Vadlapudi,,14.3112,79.8043,India,IN,IND,Andhra Pradesh,Andhra Pradesh,IN-AP,state,,198.9,6453,6453,4,Asia/Kolkata,FALSE,1356616975
Pulimāmidi,Pulimamidi,,16.5854,77.5921,India,IN,IND,Telangāna,Telangana,IN-TG,state,,235.5,6450,6450,3,Asia/Kolkata,FALSE,1356296649
Halge,Halge,,15.8800,74.5600,India,IN,IND,Karnātaka,Karnataka,IN-KA,state,,990.3,6450,6450,3,Asia/Kolkata,FALSE,1356531325
Devlāpur,Devlapur,,15.7817,74.8235,India,IN,IND,Karnātaka,Karnataka,IN-KA,state,,385.1,6450,6450,3,Asia/Kolkata,FALSE,1356490593
Bhikampur,Bhikampur,,24.8492,85.7609,India,IN,IND,Bihār,Bihar,IN-BR,state,,1425.1,6449,6449,3,Asia/Kolkata,FALSE,1356229565
Varadayyapālaiyam,Varadayyapalaiyam,Varadiapalem,13.6000,79.9333,India,IN,IND,Andhra Pradesh,Andhra Pradesh,IN-AP,state,,159.5,6449,6449,3,Asia/Kolkata,FALSE,1356414040
Jutpalle,Jutpalle,,17.1708,77.5577,India,IN,IND,Telangāna,Telangana,IN-TG,state,,209.4,6449,6449,3,Asia/Kolkata,FALSE,1356952973
Chengerla,Chengerla,,18.3629,79.2387,India,IN,IND,Telangāna,Telangana,IN-TG,state,,373.0,6449,6449,3,Asia/Kolkata,FALSE,1356551109
Bhagar,Bhagar,,25.9508,84.3723,India,IN,IND,Bihār,Bihar,IN-BR,state,,1095.5,6448,6448,3,Asia/Kolkata,FALSE,1356937052
Pirhi,Pirhi,,26.5027,86.2769,India,IN,IND,Bihār,Bihar,IN-BR,state,,693.4,6448,6448,3,Asia/Kolkata,TRUE,1356607158
Gammanahalli,Gammanahalli,,12.4339,76.8930,India,IN,IND,Karnātaka,Karnataka,IN-KA,state,,472.9,6446,6446,3,Asia/Kolkata,FALSE,1356001898
Puduppalaiyam,Puduppalaiyam,,11.6409,77.9007,India,IN,IND,Tamil Nādu,Tamil Nadu,IN-TN,state,,907.6,6445,6445,3,Asia/Kolkata,TRUE,1356168572
Ātapāka,Atapaka,,16.5629,81.2327,India,IN,IND,Andhra Pradesh,Andhra Pradesh,IN-AP,state,,439.3,6445,6445,3,Asia/Kolkata,FALSE,1356577129
Satghara,Satghara,,26.4231,86.2639,India,IN,IND,Bihār,Bihar,IN-BR,state,,1116.4,6445,6445,3,Asia/Kolkata,TRUE,1356459653
Sāyamalai,Sayamalai,,9.0814,77.6721,India,IN,IND,Tamil Nādu,Tamil Nadu,IN-TN,state,,368.6,6445,6445,3,Asia/Kolkata,FALSE,1356211201
Nāgulavaram,Nagulavaram,,16.5105,79.3063,India,IN,IND,Andhra Pradesh,Andhra Pradesh,IN-AP,state,,451.8,6444,6444,3,Asia/Kolkata,TRUE,1356874238
Bhorha,Bhorha,,26.0752,87.2918,India,IN,IND,Bihār,Bihar,IN-BR,state,,1063.8,6444,6444,3,Asia/Kolkata,TRUE,1356291713
Daulatpur Simri,Daulatpur Simri,,25.6008,84.8998,India,IN,IND,Bihār,Bihar,IN-BR,state,,1504.0,6444,6444,3,Asia/Kolkata,FALSE,1356365804
Chhakarbandhā,Chhakarbandha,,24.4999,84.4626,India,IN,IND,Bihār,Bihar,IN-BR,state,,383.0,6444,6444,3,Asia/Kolkata,FALSE,1356150865
Tiruppatisāram,Tiruppatisaram,,8.2075,77.4472,India,IN,IND,Tamil Nādu,Tamil Nadu,IN-TN,state,,964.5,6442,6442,3,Asia/Kolkata,FALSE,1356224833
Rāmpur Adi,Rampur Adi,,26.0644,87.1492,India,IN,IND,Bihār,Bihar,IN-BR,state,,1628.5,6442,6442,3,Asia/Kolkata,FALSE,1356037125
Dodda Bāti,Dodda Bati,,14.4860,75.8568,India,IN,IND,Karnātaka,Karnataka,IN-KA,state,,721.9,6442,6442,3,Asia/Kolkata,FALSE,1356152609
Chelūr,Chelur,,13.4421,76.9069,India,IN,IND,Karnātaka,Karnataka,IN-KA,state,,225.4,6441,6441,3,Asia/Kolkata,FALSE,1356111038
Biroda,Biroda,,21.3039,76.1415,India,IN,IND,Madhya Pradesh,Madhya Pradesh,IN-MP,state,,401.3,6441,6441,3,Asia/Kolkata,FALSE,1356865559
Kāzipālem,Kazipalem,,15.9686,80.6054,India,IN,IND,Andhra Pradesh,Andhra Pradesh,IN-AP,state,,363.6,6440,6440,3,Asia/Kolkata,FALSE,1356228198
Kodingiyam,Kodingiyam,,10.5495,77.1321,India,IN,IND,Tamil Nādu,Tamil Nadu,IN-TN,state,,337.9,6440,6440,3,Asia/Kolkata,FALSE,1356170944
Sīrpi,Sirpi,,14.6659,77.1565,India,IN,IND,Andhra Pradesh,Andhra Pradesh,IN-AP,state,,166.7,6438,6438,4,Asia/Kolkata,FALSE,1356301127
Motīpur,Motipur,,26.0826,86.1768,India,IN,IND,Bihār,Bihar,IN-BR,state,,1340.6,6438,6438,3,Asia/Kolkata,TRUE,1356510126
Jarod,Jarod,,22.4330,73.3330,India,IN,IND,Gujarāt,Gujarat,IN-GJ,state,,294.1,6438,6438,3,Asia/Kolkata,FALSE,1356476159
Tulihal,Tulihal,,24.7538,93.8855,India,IN,IND,Manipur,Manipur,IN-MN,state,,990.1,6436,6436,3,Asia/Kolkata,FALSE,1356007347
Silaimān,Silaiman,,9.8731,78.1978,India,IN,IND,Tamil Nādu,Tamil Nadu,IN-TN,state,,380.2,6436,6436,3,Asia/Kolkata,FALSE,1356237610
Miragwās,Miragwas,,24.3234,76.9152,India,IN,IND,Madhya Pradesh,Madhya Pradesh,IN-MP,state,,173.5,6436,6436,4,Asia/Kolkata,FALSE,1356446490
Ūrappuli,Urappuli,,9.5233,78.6332,India,IN,IND,Tamil Nādu,Tamil Nadu,IN-TN,state,,383.2,6436,6436,3,Asia/Kolkata,FALSE,1356240975
Bhatanahiyā,Bhatanahiya,,26.8173,84.9237,India,IN,IND,Bihār,Bihar,IN-BR,state,,1918.8,6435,6435,3,Asia/Kolkata,FALSE,1356029559
Arwin,Arwin,,33.7797,75.0687,India,IN,IND,Jammu and Kashmīr,Jammu and Kashmir,IN-JK,state,,988.5,6435,6435,3,Asia/Kolkata,FALSE,1356019130
Habibnagar,Habibnagar,,26.1810,84.3239,India,IN,IND,Bihār,Bihar,IN-BR,state,,2551.6,6435,6435,2,Asia/Kolkata,FALSE,1356055948
Sheakhala,Sheakhala,,22.7677,88.1743,India,IN,IND,West Bengal,West Bengal,IN-WB,state,,1448.3,6434,6434,3,Asia/Kolkata,FALSE,1356480279
Rānīpur,Ranipur,,32.3477,75.6409,India,IN,IND,Punjab,Punjab,IN-PB,state,,917.9,6433,6433,3,Asia/Kolkata,FALSE,1356186119
Khumbrial,Khumbrial,,34.5408,74.3056,India,IN,IND,Jammu and Kashmīr,Jammu and Kashmir,IN-JK,state,,584.1,6433,6433,3,Asia/Kolkata,FALSE,1356984214
Mulakanūru,Mulakanuru,,14.4365,77.1820,India,IN,IND,Andhra Pradesh,Andhra Pradesh,IN-AP,state,,139.3,6433,6433,4,Asia/Kolkata,FALSE,1356089765
Tarigonda,Tarigonda,,13.6932,78.6283,India,IN,IND,Andhra Pradesh,Andhra Pradesh,IN-AP,state,,178.0,6433,6433,4,Asia/Kolkata,FALSE,1356035249
Chatānpalli,Chatanpalli,Chantapalli,17.0781,78.2259,India,IN,IND,Telangāna,Telangana,IN-TG,state,,371.3,6433,6433,3,Asia/Kolkata,FALSE,1356493243
Chirodoni,Chirodoni,,14.2145,75.8404,India,IN,IND,Karnātaka,Karnataka,IN-KA,state,,268.4,6432,6432,3,Asia/Kolkata,FALSE,1356434458
Shivni,Shivni,,22.6710,76.1391,India,IN,IND,Madhya Pradesh,Madhya Pradesh,IN-MP,state,,4387.6,6432,6432,2,Asia/Kolkata,FALSE,1356323520
Tumbā,Tumba,Tumba,24.7381,84.0297,India,IN,IND,Bihār,Bihar,IN-BR,state,,639.3,6431,6431,3,Asia/Kolkata,FALSE,1356503341
Daburuvāripalle,Daburuvaripalle,,14.0531,77.9642,India,IN,IND,Andhra Pradesh,Andhra Pradesh,IN-AP,state,,216.4,6431,6431,3,Asia/Kolkata,FALSE,1356409132
Tājpur Mānjha,Tajpur Manjha,,25.4594,83.5602,India,IN,IND,Uttar Pradesh,Uttar Pradesh,IN-UP,state,,1167.6,6431,6431,3,Asia/Kolkata,FALSE,1356030597
Bommavaram,Bommavaram,,14.0536,79.3387,India,IN,IND,Andhra Pradesh,Andhra Pradesh,IN-AP,state,,125.9,6429,6429,4,Asia/Kolkata,FALSE,1356322308
Metri,Metri,,15.3102,76.6206,India,IN,IND,Karnātaka,Karnataka,IN-KA,state,,596.5,6429,6429,3,Asia/Kolkata,FALSE,1356021888
Lakmanchānda,Lakmanchanda,,19.0182,78.4669,India,IN,IND,Telangāna,Telangana,IN-TG,state,,138.2,6429,6429,4,Asia/Kolkata,FALSE,1356713929
Pahārpur,Paharpur,,24.8478,85.9052,India,IN,IND,Bihār,Bihar,IN-BR,state,,780.5,6429,6429,3,Asia/Kolkata,TRUE,1356232212
Hasanpur,Hasanpur,,24.8457,92.5086,India,IN,IND,Assam,Assam,IN-AS,state,,1089.4,6428,6428,3,Asia/Kolkata,FALSE,1356381649
Erukopādu,Erukopadu,,17.3106,80.4342,India,IN,IND,Andhra Pradesh,Andhra Pradesh,IN-AP,state,,406.6,6428,6428,3,Asia/Kolkata,FALSE,1356207587
Kottūr,Kottur,,10.6139,79.5611,India,IN,IND,Tamil Nādu,Tamil Nadu,IN-TN,state,,493.2,6428,6428,3,Asia/Kolkata,TRUE,1356378737
Tālanattam,Talanattam,,12.0428,78.3194,India,IN,IND,Tamil Nādu,Tamil Nadu,IN-TN,state,,362.0,6427,6427,3,Asia/Kolkata,FALSE,1356285201
Chapahari,Chapahari,,25.5768,87.2073,India,IN,IND,Bihār,Bihar,IN-BR,state,,1225.5,6427,6427,3,Asia/Kolkata,FALSE,1356149321
Rājakkāpatti,Rajakkapatti,,10.3478,78.0585,India,IN,IND,Tamil Nādu,Tamil Nadu,IN-TN,state,,642.5,6427,6427,3,Asia/Kolkata,FALSE,1356226380
Kodūr,Kodur,Koder,16.2667,78.3000,India,IN,IND,Telangāna,Telangana,IN-TG,state,,299.7,6426,6426,3,Asia/Kolkata,TRUE,1356708195
Ratanpura,Ratanpura,,25.9598,86.7213,India,IN,IND,Bihār,Bihar,IN-BR,state,,1162.5,6425,6425,3,Asia/Kolkata,TRUE,1356312112
Hudugūru,Huduguru,Hudugur,13.6495,77.5701,India,IN,IND,Karnātaka,Karnataka,IN-KA,state,,355.2,6425,6425,3,Asia/Kolkata,FALSE,1356937042
Bāgdaha,Bagdaha,,23.2178,88.8857,India,IN,IND,West Bengal,West Bengal,IN-WB,state,,1072.7,6424,6424,3,Asia/Kolkata,FALSE,1356314166
Periyatacchūr,Periyatacchur,,12.1082,79.5266,India,IN,IND,Tamil Nādu,Tamil Nadu,IN-TN,state,,533.0,6424,6424,3,Asia/Kolkata,FALSE,1356833858
Kalattūr,Kalattur,,10.3300,79.2000,India,IN,IND,Tamil Nādu,Tamil Nadu,IN-TN,state,,484.0,6424,6424,3,Asia/Kolkata,TRUE,1356237309
Payong,Payong,,27.1060,88.5750,India,IN,IND,West Bengal,West Bengal,IN-WB,state,,182.4,6423,6423,4,Asia/Kolkata,TRUE,1356202514
Sikandarpur,Sikandarpur,,25.4632,86.1484,India,IN,IND,Bihār,Bihar,IN-BR,state,,3488.9,6423,6423,2,Asia/Kolkata,FALSE,1356611613
Siswā Kharār,Siswa Kharar,,26.4003,84.8494,India,IN,IND,Bihār,Bihar,IN-BR,state,,1724.4,6423,6423,3,Asia/Kolkata,FALSE,1356764143
Tikhānwad,Tikhanwad,,30.7629,75.2917,India,IN,IND,Punjab,Punjab,IN-PB,state,,485.5,6423,6423,3,Asia/Kolkata,FALSE,1356472436
Rāmnagar,Ramnagar,,25.4155,87.8604,India,IN,IND,West Bengal,West Bengal,IN-WB,state,,1231.8,6422,6422,3,Asia/Kolkata,TRUE,1356798439
Bāja Khāna,Baja Khana,,30.4559,74.9832,India,IN,IND,Punjab,Punjab,IN-PB,state,,475.0,6422,6422,3,Asia/Kolkata,FALSE,1356230295
Mirkal,Mirkal,,17.8600,76.9500,India,IN,IND,Karnātaka,Karnataka,IN-KA,state,,200.7,6422,6422,3,Asia/Kolkata,FALSE,1356470987
Varca,Varca,,15.2349,73.9438,India,IN,IND,Goa,Goa,IN-GA,state,,1140.9,6421,6421,3,Asia/Kolkata,FALSE,1356804635
Bahaldā,Bahalda,,22.3834,86.0815,India,IN,IND,Odisha,Odisha,IN-OR,state,,414.9,6421,6421,3,Asia/Kolkata,FALSE,1356707612
Bāmanpukur,Bamanpukur,,22.5135,88.6986,India,IN,IND,West Bengal,West Bengal,IN-WB,state,,2015.6,6421,6421,2,Asia/Kolkata,FALSE,1356088599
Upāl Jāgīr,Upal Jagir,,31.0793,75.5848,India,IN,IND,Punjab,Punjab,IN-PB,state,,596.0,6421,6421,3,Asia/Kolkata,FALSE,1356180715
Gokhula Fatehpur,Gokhula Fatehpur,,24.9419,86.0034,India,IN,IND,Bihār,Bihar,IN-BR,state,,1312.5,6421,6421,3,Asia/Kolkata,FALSE,1356056644
Kalla Ālangudi,Kalla Alangudi,,10.3537,78.9915,India,IN,IND,Tamil Nādu,Tamil Nadu,IN-TN,state,,509.7,6420,6420,3,Asia/Kolkata,FALSE,1356231971
Ugōke,Ugoke,,30.3803,75.4228,India,IN,IND,Punjab,Punjab,IN-PB,state,,430.5,6420,6420,3,Asia/Kolkata,TRUE,1356960630
Johān,Johan,,26.6895,78.1395,India,IN,IND,Madhya Pradesh,Madhya Pradesh,IN-MP,state,,547.4,6419,6419,3,Asia/Kolkata,FALSE,1356229056
Prisal,Prisal,,33.7558,75.0421,India,IN,IND,Jammu and Kashmīr,Jammu and Kashmir,IN-JK,state,,988.5,6419,6419,3,Asia/Kolkata,FALSE,1356921976
Gulma,Gulma,,26.0403,86.2867,India,IN,IND,Bihār,Bihar,IN-BR,state,,1303.4,6419,6419,3,Asia/Kolkata,FALSE,1356024216
Burrakāyalakota,Burrakayalakota,,13.7294,78.3531,India,IN,IND,Andhra Pradesh,Andhra Pradesh,IN-AP,state,,172.3,6419,6419,4,Asia/Kolkata,FALSE,1356035366
Gavunipalli,Gavunipalli,,13.5140,78.2270,India,IN,IND,Karnātaka,Karnataka,IN-KA,state,,244.7,6418,6418,3,Asia/Kolkata,FALSE,1356780781
Jitwārpur,Jitwarpur,,26.2795,87.4441,India,IN,IND,Bihār,Bihar,IN-BR,state,,1379.4,6417,6417,3,Asia/Kolkata,TRUE,1356125236
Deokali,Deokali,,26.1055,86.0448,India,IN,IND,Bihār,Bihar,IN-BR,state,,1683.2,6417,6417,3,Asia/Kolkata,TRUE,1356477109
Chak Mangu,Chak Mangu,,32.6562,74.7838,India,IN,IND,Jammu and Kashmīr,Jammu and Kashmir,IN-JK,state,,510.9,6416,6416,3,Asia/Kolkata,FALSE,1356192761
Vadamāmbākkam,Vadamambakkam,,13.1183,79.6584,India,IN,IND,Tamil Nādu,Tamil Nadu,IN-TN,state,,553.9,6416,6416,3,Asia/Kolkata,FALSE,1356534756
Bishunpur,Bishunpur,,25.8528,86.7737,India,IN,IND,Bihār,Bihar,IN-BR,state,,1093.7,6416,6416,3,Asia/Kolkata,TRUE,1356098858
Ajawān,Ajawan,,25.5310,84.9500,India,IN,IND,Bihār,Bihar,IN-BR,state,,1201.6,6415,6415,3,Asia/Kolkata,FALSE,1356113767
Kārattoluvu,Karattoluvu,Karatholuvu,10.6245,77.3784,India,IN,IND,Tamil Nādu,Tamil Nadu,IN-TN,state,,420.4,6415,6415,3,Asia/Kolkata,FALSE,1356289701
Mādgulmallepalli,Madgulmallepalli,,16.9066,78.8119,India,IN,IND,Telangāna,Telangana,IN-TG,state,,141.4,6414,6414,4,Asia/Kolkata,FALSE,1356341735
Hunshikatti,Hunshikatti,,15.7000,74.7500,India,IN,IND,Karnātaka,Karnataka,IN-KA,state,,385.1,6413,6413,3,Asia/Kolkata,FALSE,1356088747
Bharatgarh,Bharatgarh,,22.1474,88.6802,India,IN,IND,West Bengal,West Bengal,IN-WB,state,,911.8,6413,6413,3,Asia/Kolkata,FALSE,1356570553
Dalia,Dalia,,24.8008,87.0225,India,IN,IND,Bihār,Bihar,IN-BR,state,,665.8,6413,6413,3,Asia/Kolkata,TRUE,1356074996
Dinmo,Dinmo,,25.7927,86.3105,India,IN,IND,Bihār,Bihar,IN-BR,state,,1050.6,6413,6413,3,Asia/Kolkata,FALSE,1356255470
Ānaimalaiyanpatti,Anaimalaiyanpatti,Mallingapuram,9.7830,77.3459,India,IN,IND,Tamil Nādu,Tamil Nadu,IN-TN,state,,578.9,6412,6412,3,Asia/Kolkata,FALSE,1356252407
Govindinne,Govindinne,Uppunīlla,15.2606,78.4039,India,IN,IND,Andhra Pradesh,Andhra Pradesh,IN-AP,state,,297.3,6412,6412,3,Asia/Kolkata,FALSE,1356139647
Kommugūdem,Kommugudem,,16.9153,81.5297,India,IN,IND,Andhra Pradesh,Andhra Pradesh,IN-AP,state,,881.6,6412,6412,3,Asia/Kolkata,FALSE,1356120285
Perusomula,Perusomula,,15.0585,78.2075,India,IN,IND,Andhra Pradesh,Andhra Pradesh,IN-AP,state,,144.2,6412,6412,4,Asia/Kolkata,FALSE,1356258137
Gudipādu,Gudipadu,,15.1834,77.7745,India,IN,IND,Andhra Pradesh,Andhra Pradesh,IN-AP,state,,166.0,6411,6411,4,Asia/Kolkata,TRUE,1356562507
Rāgampeta,Ragampeta,,17.0764,82.1679,India,IN,IND,Andhra Pradesh,Andhra Pradesh,IN-AP,state,,1011.9,6411,6411,3,Asia/Kolkata,FALSE,1356908185
Sembagrāyanallūr,Sembagrayanallur,,10.4478,79.7492,India,IN,IND,Tamil Nādu,Tamil Nadu,IN-TN,state,,378.9,6411,6411,3,Asia/Kolkata,FALSE,1356172624
Timmāpuram,Timmapuram,,18.3597,79.0875,India,IN,IND,Telangāna,Telangana,IN-TG,state,,557.0,6411,6411,3,Asia/Kolkata,TRUE,1356245632
Gosānimāri Bandar,Gosanimari Bandar,Gosanimari,26.0320,89.4840,India,IN,IND,West Bengal,West Bengal,IN-WB,state,,1289.5,6410,6410,3,Asia/Kolkata,FALSE,1356190111
Medūru,Meduru,,16.9961,80.4954,India,IN,IND,Andhra Pradesh,Andhra Pradesh,IN-AP,state,,350.2,6409,6409,3,Asia/Kolkata,FALSE,1356299173
Māmbalappattu,Mambalappattu,,11.9569,79.3722,India,IN,IND,Tamil Nādu,Tamil Nadu,IN-TN,state,,932.5,6409,6409,3,Asia/Kolkata,FALSE,1356201990
Dasturābād,Dasturabad,,19.0932,78.8645,India,IN,IND,Telangāna,Telangana,IN-TG,state,,76.8,6409,6409,4,Asia/Kolkata,FALSE,1356038524
Madārpur,Madarpur,,25.4537,86.6334,India,IN,IND,Bihār,Bihar,IN-BR,state,,1745.5,6409,6409,3,Asia/Kolkata,TRUE,1356256696
Top,Top,,21.4078,83.7846,India,IN,IND,Odisha,Odisha,IN-OR,state,,298.2,6409,6409,3,Asia/Kolkata,FALSE,1356065724
Jangaon,Jangaon,,17.1121,78.8987,India,IN,IND,Telangāna,Telangana,IN-TG,state,,168.0,6409,6409,4,Asia/Kolkata,TRUE,1356099873
Naughāta,Naughata,,25.1118,87.7320,India,IN,IND,Jhārkhand,Jharkhand,IN-JH,state,,847.1,6408,6408,3,Asia/Kolkata,FALSE,1356597624
Palta,Palta,Pulta,22.8083,88.3943,India,IN,IND,West Bengal,West Bengal,IN-WB,state,,3727.5,6408,6408,2,Asia/Kolkata,FALSE,1356128487
Pīplu,Piplu,,26.3015,75.7110,India,IN,IND,Rājasthān,Rajasthan,IN-RJ,state,,181.1,6407,6407,3,Asia/Kolkata,TRUE,1356105645
Sīsmor,Sismor,,29.7106,76.4851,India,IN,IND,Haryāna,Haryana,IN-HR,state,,490.5,6406,6406,3,Asia/Kolkata,FALSE,1356060775
Nadāon,Nadaon,,25.5645,84.0158,India,IN,IND,Bihār,Bihar,IN-BR,state,,896.1,6405,6405,3,Asia/Kolkata,FALSE,1356146216
Dari,Dari,,23.7100,85.3800,India,IN,IND,Jhārkhand,Jharkhand,IN-JH,state,,578.8,6405,6405,3,Asia/Kolkata,FALSE,1356185846
Pusugūdem,Pusugudem,,17.5488,80.7597,India,IN,IND,Telangāna,Telangana,IN-TG,state,,85.2,6405,6405,4,Asia/Kolkata,FALSE,1356001766
Bahurīband,Bahuriband,,23.6663,80.0624,India,IN,IND,Madhya Pradesh,Madhya Pradesh,IN-MP,state,,274.8,6404,6404,3,Asia/Kolkata,FALSE,1356810427
Kolivād,Kolivad,,15.3413,75.4235,India,IN,IND,Karnātaka,Karnataka,IN-KA,state,,224.7,6404,6404,3,Asia/Kolkata,FALSE,1356803444
Toppampatti,Toppampatti,,10.6654,78.3980,India,IN,IND,Tamil Nādu,Tamil Nadu,IN-TN,state,,388.5,6404,6404,3,Asia/Kolkata,TRUE,1356212766
Yālagi,Yalagi,,16.6865,76.5029,India,IN,IND,Karnātaka,Karnataka,IN-KA,state,,260.0,6404,6404,3,Asia/Kolkata,FALSE,1356367612
Bhīmavaram,Bhimavaram,,15.1368,79.9603,India,IN,IND,Andhra Pradesh,Andhra Pradesh,IN-AP,state,,349.6,6404,6404,3,Asia/Kolkata,TRUE,1356550010
Barki Pona,Barki Pona,,23.5702,85.6414,India,IN,IND,Jhārkhand,Jharkhand,IN-JH,state,,1301.1,6403,6403,3,Asia/Kolkata,FALSE,1356182359
Kenchanguddam,Kenchanguddam,,15.5500,76.9000,India,IN,IND,Karnātaka,Karnataka,IN-KA,state,,270.0,6403,6403,3,Asia/Kolkata,FALSE,1356937896
Kukur Ghāti,Kukur Ghati,,26.3946,84.0397,India,IN,IND,Uttar Pradesh,Uttar Pradesh,IN-UP,state,,263.5,6402,6402,3,Asia/Kolkata,FALSE,1356662286
Nāiktola Jangal Mahāl,Naiktola Jangal Mahal,,25.3444,84.3814,India,IN,IND,Bihār,Bihar,IN-BR,state,,1052.4,6402,6402,3,Asia/Kolkata,FALSE,1356200523
Rulhi Nizāmat,Rulhi Nizamat,,26.7192,84.6881,India,IN,IND,Bihār,Bihar,IN-BR,state,,1337.3,6402,6402,3,Asia/Kolkata,FALSE,1356650712
Rohna Kalān,Rohna Kalan,Rohna,22.0191,78.8646,India,IN,IND,Madhya Pradesh,Madhya Pradesh,IN-MP,state,,689.8,6400,6400,3,Asia/Kolkata,FALSE,1356019826
Devanallūr,Devanallur,,8.5486,77.5951,India,IN,IND,Tamil Nādu,Tamil Nadu,IN-TN,state,,282.8,6400,6400,3,Asia/Kolkata,TRUE,1356206251
Irumbai,Irumbai,,12.0068,79.7873,India,IN,IND,Tamil Nādu,Tamil Nadu,IN-TN,state,,510.4,6400,6400,3,Asia/Kolkata,FALSE,1356071110
Ichchippatti,Ichchippatti,,11.0499,77.2062,India,IN,IND,Tamil Nādu,Tamil Nadu,IN-TN,state,,1058.0,6399,6399,3,Asia/Kolkata,FALSE,1356159627
Pālimohan,Palimohan,,26.4723,86.1222,India,IN,IND,Bihār,Bihar,IN-BR,state,,2436.1,6399,6399,2,Asia/Kolkata,FALSE,1356186360
Mantena,Mantena,,16.3286,80.7214,India,IN,IND,Andhra Pradesh,Andhra Pradesh,IN-AP,state,,696.7,6399,6399,3,Asia/Kolkata,FALSE,1356990467
Nammampatti,Nammampatti,,10.4092,78.7911,India,IN,IND,Tamil Nādu,Tamil Nadu,IN-TN,state,,451.2,6398,6398,3,Asia/Kolkata,FALSE,1356240385
Tūmucherla,Tumucherla,,14.5338,77.4508,India,IN,IND,Andhra Pradesh,Andhra Pradesh,IN-AP,state,,106.3,6398,6398,4,Asia/Kolkata,FALSE,1356941089
Sirsalgarh,Sirsalgarh,,29.0639,77.4026,India,IN,IND,Uttar Pradesh,Uttar Pradesh,IN-UP,state,,2022.8,6397,6397,2,Asia/Kolkata,FALSE,1356461830
Sijori,Sijori,,24.9545,86.0811,India,IN,IND,Bihār,Bihar,IN-BR,state,,1312.5,6396,6396,3,Asia/Kolkata,FALSE,1356272846
Poremalla,Poremalla,,18.8566,78.8270,India,IN,IND,Telangāna,Telangana,IN-TG,state,,288.5,6396,6396,3,Asia/Kolkata,FALSE,1356772562
Katea,Katea,,25.5603,84.4876,India,IN,IND,Bihār,Bihar,IN-BR,state,,1156.6,6396,6396,3,Asia/Kolkata,TRUE,1356962417
Hāns,Hans,,30.7596,75.5580,India,IN,IND,Punjab,Punjab,IN-PB,state,,486.3,6395,6395,3,Asia/Kolkata,FALSE,1356382285
Khemda,Khemda,,24.8739,84.2173,India,IN,IND,Bihār,Bihar,IN-BR,state,,624.9,6395,6395,3,Asia/Kolkata,FALSE,1356058747
Chīmalapalle,Chimalapalle,,17.7775,83.2024,India,IN,IND,Andhra Pradesh,Andhra Pradesh,IN-AP,state,,1478.4,6395,6395,3,Asia/Kolkata,FALSE,1356532404
Pochannapet,Pochannapet,,17.7524,79.0363,India,IN,IND,Telangāna,Telangana,IN-TG,state,,221.0,6394,6394,3,Asia/Kolkata,FALSE,1356459785
Sagra,Sagra,,24.5989,81.3540,India,IN,IND,Madhya Pradesh,Madhya Pradesh,IN-MP,state,,691.6,6394,6394,3,Asia/Kolkata,TRUE,1356011754
Veldanda,Veldanda,,16.9710,79.7823,India,IN,IND,Telangāna,Telangana,IN-TG,state,,382.4,6394,6394,3,Asia/Kolkata,FALSE,1356040006
Sarābe,Sarabe,,26.4698,86.1470,India,IN,IND,Bihār,Bihar,IN-BR,state,,2436.1,6394,6394,2,Asia/Kolkata,FALSE,1356018979
Somavarapupādu,Somavarapupadu,,16.4217,81.0424,India,IN,IND,Andhra Pradesh,Andhra Pradesh,IN-AP,state,,4566.4,6393,6393,2,Asia/Kolkata,FALSE,1356086991
Matsavaram,Matsavaram,,16.2818,79.9645,India,IN,IND,Andhra Pradesh,Andhra Pradesh,IN-AP,state,,706.7,6392,6392,3,Asia/Kolkata,FALSE,1356190457
Kalla,Kalla,,31.4376,75.0411,India,IN,IND,Punjab,Punjab,IN-PB,state,,660.8,6392,6392,3,Asia/Kolkata,FALSE,1356139296
Tummalpenpahād,Tummalpenpahad,,17.2201,79.7357,India,IN,IND,Telangāna,Telangana,IN-TG,state,,262.9,6392,6392,3,Asia/Kolkata,FALSE,1356761120
Issipet,Issipet,,18.2842,79.6511,India,IN,IND,Telangāna,Telangana,IN-TG,state,,299.0,6392,6392,3,Asia/Kolkata,FALSE,1356493314
Kāsht Hābar,Kasht Habar,,25.4606,87.6683,India,IN,IND,Bihār,Bihar,IN-BR,state,,1311.1,6392,6392,3,Asia/Kolkata,FALSE,1356792932
Puliyūrkurichi,Puliyurkurichi,,8.4553,77.5869,India,IN,IND,Tamil Nādu,Tamil Nadu,IN-TN,state,,282.8,6392,6392,3,Asia/Kolkata,FALSE,1356210258
Paterha,Paterha,,26.1115,84.5662,India,IN,IND,Bihār,Bihar,IN-BR,state,,1865.1,6392,6392,3,Asia/Kolkata,TRUE,1356554452
Indapalle,Indapalle,,17.1243,80.8896,India,IN,IND,Andhra Pradesh,Andhra Pradesh,IN-AP,state,,238.3,6392,6392,3,Asia/Kolkata,FALSE,1356556998
Dobhi,Dobhi,,23.1148,78.9240,India,IN,IND,Madhya Pradesh,Madhya Pradesh,IN-MP,state,,156.0,6392,6392,4,Asia/Kolkata,TRUE,1356147016
Sukhna Ablu,Sukhna Ablu,,30.3390,74.6409,India,IN,IND,Punjab,Punjab,IN-PB,state,,322.3,6391,6391,3,Asia/Kolkata,FALSE,1356085330
Phulwaria,Phulwaria,,25.5841,87.4053,India,IN,IND,Bihār,Bihar,IN-BR,state,,1116.3,6391,6391,3,Asia/Kolkata,TRUE,1356495443
Gorāri,Gorari,,25.1152,84.3122,India,IN,IND,Bihār,Bihar,IN-BR,state,,1307.3,6391,6391,3,Asia/Kolkata,TRUE,1356096613
Kanjhla,Kanjhla,,30.3083,75.7730,India,IN,IND,Punjab,Punjab,IN-PB,state,,444.1,6390,6390,3,Asia/Kolkata,FALSE,1356696689
Balua,Balua,,25.8791,87.4071,India,IN,IND,Bihār,Bihar,IN-BR,state,,1097.6,6390,6390,3,Asia/Kolkata,TRUE,1356469178
Bāsudebpur,Basudebpur,,24.6335,87.9847,India,IN,IND,West Bengal,West Bengal,IN-WB,state,,4659.0,6390,6390,2,Asia/Kolkata,FALSE,1356058038
Chachdi,Chachdi,Chachai,15.9228,74.8604,India,IN,IND,Karnātaka,Karnataka,IN-KA,state,,253.6,6390,6390,3,Asia/Kolkata,FALSE,1356134613
Tirumalkunta,Tirumalkunta,,17.3825,81.0670,India,IN,IND,Telangāna,Telangana,IN-TG,state,,102.8,6388,6388,4,Asia/Kolkata,FALSE,1356007056
Kāgalvādi,Kagalvadi,,11.9580,77.0165,India,IN,IND,Karnātaka,Karnataka,IN-KA,state,,315.6,6388,6388,3,Asia/Kolkata,FALSE,1356161327
Gaundongrem,Gaundongrem,,15.0333,74.1167,India,IN,IND,Goa,Goa,IN-GA,state,,167.0,6387,6387,4,Asia/Kolkata,FALSE,1356486552
Bodevāndlapalli,Bodevandlapalli,,13.7890,79.1035,India,IN,IND,Andhra Pradesh,Andhra Pradesh,IN-AP,state,,84.3,6387,6387,4,Asia/Kolkata,FALSE,1356103088
Jillela,Jillela,,18.2756,78.8094,India,IN,IND,Telangāna,Telangana,IN-TG,state,,651.3,6387,6387,3,Asia/Kolkata,FALSE,1356300990
Koparia,Koparia,,25.6479,86.6098,India,IN,IND,Bihār,Bihar,IN-BR,state,,1967.9,6387,6387,3,Asia/Kolkata,TRUE,1356089729
Chāndpāli,Chandpali,,26.2019,84.2254,India,IN,IND,Bihār,Bihar,IN-BR,state,,1571.7,6387,6387,3,Asia/Kolkata,FALSE,1356642377
Pārākaram,Parakaram,,25.2703,87.9846,India,IN,IND,West Bengal,West Bengal,IN-WB,state,,1237.0,6386,6386,3,Asia/Kolkata,FALSE,1356419144
Polepalle,Polepalle,,16.4264,79.4842,India,IN,IND,Andhra Pradesh,Andhra Pradesh,IN-AP,state,,219.1,6386,6386,3,Asia/Kolkata,TRUE,1356017792
Partāpur,Partapur,,17.8823,76.9232,India,IN,IND,Karnātaka,Karnataka,IN-KA,state,,333.3,6386,6386,3,Asia/Kolkata,FALSE,1356346718
Simaliā,Simalia,,23.3883,85.2297,India,IN,IND,Jhārkhand,Jharkhand,IN-JH,state,,749.4,6384,6384,3,Asia/Kolkata,FALSE,1356200138
Chembarasanapalli,Chembarasanapalli,,12.7167,78.0333,India,IN,IND,Tamil Nādu,Tamil Nadu,IN-TN,state,,633.7,6384,6384,3,Asia/Kolkata,FALSE,1356959526
Kannanderi,Kannanderi,,11.5697,77.9278,India,IN,IND,Tamil Nādu,Tamil Nadu,IN-TN,state,,850.3,6383,6383,3,Asia/Kolkata,FALSE,1356169200
Amchavādi,Amchavadi,,11.9400,76.9500,India,IN,IND,Karnātaka,Karnataka,IN-KA,state,,315.6,6383,6383,3,Asia/Kolkata,FALSE,1356067367
Perumapatti,Perumapatti,,9.3475,77.5456,India,IN,IND,Tamil Nādu,Tamil Nadu,IN-TN,state,,368.6,6383,6383,3,Asia/Kolkata,TRUE,1356204344
Baneria,Baneria,,22.8756,75.5671,India,IN,IND,Madhya Pradesh,Madhya Pradesh,IN-MP,state,,269.4,6383,6383,3,Asia/Kolkata,FALSE,1356571837
Dealpur Daulat,Dealpur Daulat,Rājpur,25.5488,84.8439,India,IN,IND,Bihār,Bihar,IN-BR,state,,1201.6,6382,6382,3,Asia/Kolkata,FALSE,1356673428
Seota,Seota,,23.6680,85.5205,India,IN,IND,Jhārkhand,Jharkhand,IN-JH,state,,519.1,6382,6382,3,Asia/Kolkata,FALSE,1356176918
Sivane,Sivane,,13.8162,76.0333,India,IN,IND,Karnātaka,Karnataka,IN-KA,state,,190.7,6382,6382,4,Asia/Kolkata,FALSE,1356752450
Nannivālu,Nannivalu,,14.3200,76.6400,India,IN,IND,Karnātaka,Karnataka,IN-KA,state,,201.9,6380,6380,3,Asia/Kolkata,FALSE,1356241083
Mātiāli,Matiali,,26.9298,88.8245,India,IN,IND,West Bengal,West Bengal,IN-WB,state,,644.1,6380,6380,3,Asia/Kolkata,FALSE,1356658589
Kumbalūr,Kumbalur,,14.3755,75.7535,India,IN,IND,Karnātaka,Karnataka,IN-KA,state,,575.9,6380,6380,3,Asia/Kolkata,FALSE,1356599163
Kukunūru,Kukunuru,,17.5667,81.1833,India,IN,IND,Telangāna,Telangana,IN-TG,state,,160.9,6380,6380,3,Asia/Kolkata,FALSE,1356676756
Mannekote,Mannekote,,14.4602,76.6952,India,IN,IND,Karnātaka,Karnataka,IN-KA,state,,201.9,6379,6379,3,Asia/Kolkata,FALSE,1356053918
Sanvordem,Sanvordem,Sanvarden,15.2627,74.1196,India,IN,IND,Goa,Goa,IN-GA,state,,82.6,6379,6379,4,Asia/Kolkata,TRUE,1356568650
Dulchīke,Dulchike,,30.9925,74.6285,India,IN,IND,Punjab,Punjab,IN-PB,state,,477.4,6378,6378,3,Asia/Kolkata,FALSE,1356189295
Mahla Kalān,Mahla Kalan,,30.7483,74.9271,India,IN,IND,Punjab,Punjab,IN-PB,state,,381.0,6378,6378,3,Asia/Kolkata,FALSE,1356582689
Bansabāti,Bansabati,,24.4950,87.9950,India,IN,IND,West Bengal,West Bengal,IN-WB,state,,2886.1,6378,6378,2,Asia/Kolkata,FALSE,1356688318
Kuchhila,Kuchhila,,25.2637,83.8676,India,IN,IND,Bihār,Bihar,IN-BR,state,,851.3,6376,6376,3,Asia/Kolkata,FALSE,1356582295
Chak Sāho,Chak Saho,,25.5898,85.6222,India,IN,IND,Bihār,Bihar,IN-BR,state,,2027.4,6376,6376,2,Asia/Kolkata,FALSE,1356239921
Kurnūtala,Kurnutala,,14.1321,78.6556,India,IN,IND,Andhra Pradesh,Andhra Pradesh,IN-AP,state,,162.6,6375,6375,4,Asia/Kolkata,TRUE,1356090659
Basanwāra,Basanwara,,25.5984,86.8551,India,IN,IND,Bihār,Bihar,IN-BR,state,,1460.6,6375,6375,3,Asia/Kolkata,FALSE,1356461510
Chechariya,Chechariya,,24.2880,83.4945,India,IN,IND,Jhārkhand,Jharkhand,IN-JH,state,,583.9,6375,6375,3,Asia/Kolkata,FALSE,1356101179
Maniārpur,Maniarpur,,25.9369,85.8712,India,IN,IND,Bihār,Bihar,IN-BR,state,,1903.4,6375,6375,3,Asia/Kolkata,TRUE,1356650248
Komna,Komna,Komana,20.5035,82.6732,India,IN,IND,Odisha,Odisha,IN-OR,state,,144.2,6375,6375,4,Asia/Kolkata,FALSE,1356109288
Badhni Kalān,Badhni Kalan,,30.6833,75.2833,India,IN,IND,Punjab,Punjab,IN-PB,state,,459.8,6373,6373,3,Asia/Kolkata,FALSE,1356914184
Muglispur,Muglispur,,24.4443,87.8936,India,IN,IND,West Bengal,West Bengal,IN-WB,state,,1516.3,6373,6373,3,Asia/Kolkata,FALSE,1356885204
Kolapallūr,Kolapallur,,12.5547,79.3484,India,IN,IND,Tamil Nādu,Tamil Nadu,IN-TN,state,,459.2,6372,6372,3,Asia/Kolkata,FALSE,1356622109
Sorakulattūr,Sorakulattur,,12.3680,79.1134,India,IN,IND,Tamil Nādu,Tamil Nadu,IN-TN,state,,692.7,6371,6371,3,Asia/Kolkata,FALSE,1356166535
Handrikhairuvādi,Handrikhairuvadi,,15.7084,77.6446,India,IN,IND,Andhra Pradesh,Andhra Pradesh,IN-AP,state,,297.7,6371,6371,3,Asia/Kolkata,FALSE,1356871643
Muttarasanallūr,Muttarasanallur,,10.8619,78.6504,India,IN,IND,Tamil Nādu,Tamil Nadu,IN-TN,state,,649.3,6371,6371,3,Asia/Kolkata,FALSE,1356221119
Guirim,Guirim,,15.5800,73.8000,India,IN,IND,Goa,Goa,IN-GA,state,,1105.5,6371,6371,3,Asia/Kolkata,FALSE,1356045759
Viluppanūr,Viluppanur,,9.5326,77.7046,India,IN,IND,Tamil Nādu,Tamil Nadu,IN-TN,state,,472.9,6370,6370,3,Asia/Kolkata,FALSE,1356219171
Tippireddigāripalli,Tippireddigaripalli,,13.6404,79.0907,India,IN,IND,Andhra Pradesh,Andhra Pradesh,IN-AP,state,,98.6,6370,6370,4,Asia/Kolkata,FALSE,1356083765
Dardepalli,Dardepalli,,17.6551,79.4616,India,IN,IND,Telangāna,Telangana,IN-TG,state,,247.5,6369,6369,3,Asia/Kolkata,FALSE,1356521494
Vellanūr,Vellanur,,10.4548,78.7971,India,IN,IND,Tamil Nādu,Tamil Nadu,IN-TN,state,,284.7,6369,6369,3,Asia/Kolkata,TRUE,1356239086
Bānsa,Bansa,,24.3824,81.3137,India,IN,IND,Madhya Pradesh,Madhya Pradesh,IN-MP,state,,691.6,6369,6369,3,Asia/Kolkata,TRUE,1356094103
Nayapāra,Nayapara,,26.4511,89.8997,India,IN,IND,Assam,Assam,IN-AS,state,,308.2,6369,6369,3,Asia/Kolkata,FALSE,1356919671
Kantāpāl,Kantapal,,21.0647,85.5221,India,IN,IND,Odisha,Odisha,IN-OR,state,,147.5,6369,6369,4,Asia/Kolkata,TRUE,1356260952
Pahārpur Bishunpur,Paharpur Bishunpur,,25.6435,85.4993,India,IN,IND,Bihār,Bihar,IN-BR,state,,3285.6,6367,6367,2,Asia/Kolkata,FALSE,1356303344
Somapalle,Somapalle,,13.8500,78.2667,India,IN,IND,Andhra Pradesh,Andhra Pradesh,IN-AP,state,,150.4,6366,6366,4,Asia/Kolkata,FALSE,1356425159
Karsar,Karsar,,25.3837,84.2683,India,IN,IND,Bihār,Bihar,IN-BR,state,,1603.6,6365,6365,3,Asia/Kolkata,FALSE,1356204292
Vīriyankottai,Viriyankottai,,10.2638,79.2452,India,IN,IND,Tamil Nādu,Tamil Nadu,IN-TN,state,,429.5,6365,6365,3,Asia/Kolkata,FALSE,1356238030
Kunkanūru,Kunkanuru,,15.5706,77.5206,India,IN,IND,Andhra Pradesh,Andhra Pradesh,IN-AP,state,,166.3,6363,6363,4,Asia/Kolkata,FALSE,1356214242
Hathauri,Hathauri,,26.1668,84.3517,India,IN,IND,Bihār,Bihar,IN-BR,state,,2578.0,6363,6363,2,Asia/Kolkata,FALSE,1356083213
Gangdwār,Gangdwar,,26.3713,86.2385,India,IN,IND,Bihār,Bihar,IN-BR,state,,1116.4,6362,6362,3,Asia/Kolkata,FALSE,1356105637
Harnāhi,Harnahi,,26.9486,84.8159,India,IN,IND,Bihār,Bihar,IN-BR,state,,1535.7,6361,6361,3,Asia/Kolkata,TRUE,1356171387
Balia,Balia,,25.9328,86.2283,India,IN,IND,Bihār,Bihar,IN-BR,state,,1775.9,6359,6359,3,Asia/Kolkata,TRUE,1356104081
Nangli,Nangli,Nangali,13.1833,78.5167,India,IN,IND,Karnātaka,Karnataka,IN-KA,state,,323.1,6359,6359,3,Asia/Kolkata,FALSE,1356315799
Gundumunugu,Gundumunugu,,14.7186,76.5173,India,IN,IND,Karnātaka,Karnataka,IN-KA,state,,230.8,6359,6359,3,Asia/Kolkata,FALSE,1356465276
Bhatgāwān,Bhatgawan,,25.4957,87.0724,India,IN,IND,Bihār,Bihar,IN-BR,state,,1901.8,6358,6358,3,Asia/Kolkata,TRUE,1356403325
Raghunādapalli,Raghunadapalli,Raghunāthpalli,17.7625,79.2569,India,IN,IND,Telangāna,Telangana,IN-TG,state,,217.9,6358,6358,3,Asia/Kolkata,FALSE,1356623860
Balachakra,Balachakra,,16.6766,77.2630,India,IN,IND,Karnātaka,Karnataka,IN-KA,state,,267.8,6358,6358,3,Asia/Kolkata,FALSE,1356131504
Garnimitta,Garnimitta,,13.8200,78.8959,India,IN,IND,Andhra Pradesh,Andhra Pradesh,IN-AP,state,,171.6,6358,6358,4,Asia/Kolkata,FALSE,1356006998
Lawāni,Lawani,,26.2881,86.3417,India,IN,IND,Bihār,Bihar,IN-BR,state,,1699.8,6358,6358,3,Asia/Kolkata,FALSE,1356857636
Etikoppāka,Etikoppaka,,17.5000,82.7300,India,IN,IND,Andhra Pradesh,Andhra Pradesh,IN-AP,state,,701.8,6358,6358,3,Asia/Kolkata,FALSE,1356894364
Korlakunta,Korlakunta,,14.0324,79.2889,India,IN,IND,Andhra Pradesh,Andhra Pradesh,IN-AP,state,,120.6,6358,6358,4,Asia/Kolkata,TRUE,1356709949
Kodli,Kodli,,17.4000,77.2000,India,IN,IND,Karnātaka,Karnataka,IN-KA,state,,195.8,6357,6357,3,Asia/Kolkata,FALSE,1356750195
Paroria,Paroria,,25.7205,85.7565,India,IN,IND,Bihār,Bihar,IN-BR,state,,1945.8,6357,6357,3,Asia/Kolkata,FALSE,1356270460
Karhara,Karhara,,26.1394,86.4198,India,IN,IND,Bihār,Bihar,IN-BR,state,,1471.5,6357,6357,3,Asia/Kolkata,TRUE,1356839353
Rāmapur,Ramapur,,22.3102,88.9599,India,IN,IND,West Bengal,West Bengal,IN-WB,state,,1016.0,6357,6357,3,Asia/Kolkata,FALSE,1356483632
Māchanapalle,Machanapalle,,14.7804,78.6271,India,IN,IND,Andhra Pradesh,Andhra Pradesh,IN-AP,state,,1471.8,6357,6357,3,Asia/Kolkata,FALSE,1356795135
Dhaudānr,Dhaudanr,,24.9064,84.0759,India,IN,IND,Bihār,Bihar,IN-BR,state,,1072.1,6357,6357,3,Asia/Kolkata,FALSE,1356791904
Madhogarh,Madhogarh,Mādhogarh|Madhagarh,24.5640,80.9113,India,IN,IND,Madhya Pradesh,Madhya Pradesh,IN-MP,state,,1308.5,6357,6357,3,Asia/Kolkata,FALSE,1356749515
Rājāpeta,Rajapeta,,16.0889,80.1144,India,IN,IND,Andhra Pradesh,Andhra Pradesh,IN-AP,state,,839.0,6357,6357,3,Asia/Kolkata,FALSE,1356120097
Serakulam,Serakulam,,8.5775,77.8217,India,IN,IND,Tamil Nādu,Tamil Nadu,IN-TN,state,,345.4,6355,6355,3,Asia/Kolkata,FALSE,1356218517
Dodharye,Dodharye,,12.3939,75.9549,India,IN,IND,Karnātaka,Karnataka,IN-KA,state,,311.6,6354,6354,3,Asia/Kolkata,FALSE,1356215874
Mohīuddinpur Rajwa,Mohiuddinpur Rajwa,,25.8773,85.6613,India,IN,IND,Bihār,Bihar,IN-BR,state,,2057.4,6354,6354,2,Asia/Kolkata,FALSE,1356047909
Nallanahalli,Nallanahalli,,12.1944,78.1834,India,IN,IND,Tamil Nādu,Tamil Nadu,IN-TN,state,,509.5,6354,6354,3,Asia/Kolkata,FALSE,1356482051
Kaswān,Kaswan,,25.2035,84.9187,India,IN,IND,Bihār,Bihar,IN-BR,state,,1379.2,6354,6354,3,Asia/Kolkata,FALSE,1356209632
Gauria Karmā,Gauria Karma,,24.2911,85.3365,India,IN,IND,Jhārkhand,Jharkhand,IN-JH,state,,451.4,6353,6353,3,Asia/Kolkata,FALSE,1356675205
Srīdharaghatta,Sridharaghatta,,14.9058,77.0117,India,IN,IND,Andhra Pradesh,Andhra Pradesh,IN-AP,state,,207.1,6353,6353,3,Asia/Kolkata,FALSE,1356589950
Rewāra Jagdīspur,Rewara Jagdispur,,25.0907,85.7028,India,IN,IND,Bihār,Bihar,IN-BR,state,,549.1,6353,6353,3,Asia/Kolkata,FALSE,1356180614
Rāmayyanpatti,Ramayyanpatti,,8.7541,77.6934,India,IN,IND,Tamil Nādu,Tamil Nadu,IN-TN,state,,332.5,6351,6351,3,Asia/Kolkata,TRUE,1356211966
Dīvattipatti,Divattipatti,,11.8653,78.0863,India,IN,IND,Tamil Nādu,Tamil Nadu,IN-TN,state,,864.2,6351,6351,3,Asia/Kolkata,FALSE,1356245766
Khuddi Kalān,Khuddi Kalan,,30.3472,75.4917,India,IN,IND,Punjab,Punjab,IN-PB,state,,512.5,6351,6351,3,Asia/Kolkata,FALSE,1356850360
Malli,Malli,,16.7774,76.4902,India,IN,IND,Karnātaka,Karnataka,IN-KA,state,,177.6,6351,6351,4,Asia/Kolkata,TRUE,1356255314
Kanchisamudram,Kanchisamudram,,13.7751,77.6119,India,IN,IND,Karnātaka,Karnataka,IN-KA,state,,356.2,6350,6350,3,Asia/Kolkata,FALSE,1356979149
Sihora,Sihora,,23.7964,78.5760,India,IN,IND,Madhya Pradesh,Madhya Pradesh,IN-MP,state,,227.4,6350,6350,3,Asia/Kolkata,TRUE,1356175863
Hebbūr,Hebbur,,13.1500,77.0333,India,IN,IND,Karnātaka,Karnataka,IN-KA,state,,597.9,6349,6349,3,Asia/Kolkata,FALSE,1356300228
Amarappūndi,Amarappundi,,10.5199,77.5737,India,IN,IND,Tamil Nādu,Tamil Nadu,IN-TN,state,,451.0,6347,6347,3,Asia/Kolkata,FALSE,1356220271
Bicholi Hapsi,Bicholi Hapsi,,22.7167,75.9333,India,IN,IND,Madhya Pradesh,Madhya Pradesh,IN-MP,state,,4387.6,6347,6347,2,Asia/Kolkata,FALSE,1356756669
Neidavoyal,Neidavoyal,,13.3022,80.2733,India,IN,IND,Tamil Nādu,Tamil Nadu,IN-TN,state,,754.8,6347,6347,3,Asia/Kolkata,FALSE,1356586871
Belaunri,Belaunri,,25.1465,83.6419,India,IN,IND,Bihār,Bihar,IN-BR,state,,1287.2,6347,6347,3,Asia/Kolkata,FALSE,1356984614
Begunkudar,Begunkudar,Begunkodar,23.3528,86.0566,India,IN,IND,West Bengal,West Bengal,IN-WB,state,,431.7,6347,6347,3,Asia/Kolkata,FALSE,1356114980
Rāmpalli,Rampalli,,18.5762,79.4330,India,IN,IND,Telangāna,Telangana,IN-TG,state,,463.1,6347,6347,3,Asia/Kolkata,TRUE,1356923135
Bhīmagānipalle,Bhimaganipalle,,13.4052,78.5455,India,IN,IND,Andhra Pradesh,Andhra Pradesh,IN-AP,state,,460.5,6347,6347,3,Asia/Kolkata,FALSE,1356984763
Masrātu,Masratu,,23.9825,85.3238,India,IN,IND,Jhārkhand,Jharkhand,IN-JH,state,,1147.2,6347,6347,3,Asia/Kolkata,FALSE,1356255565
Vellālappatti,Vellalappatti,,10.6724,78.3177,India,IN,IND,Tamil Nādu,Tamil Nadu,IN-TN,state,,388.5,6347,6347,3,Asia/Kolkata,TRUE,1356212014
Ghāsia,Ghasia,,24.9712,87.1215,India,IN,IND,Jhārkhand,Jharkhand,IN-JH,state,,1458.8,6346,6346,3,Asia/Kolkata,FALSE,1356216121
Yadakola,Yadakola,,12.2007,76.8180,India,IN,IND,Karnātaka,Karnataka,IN-KA,state,,1791.2,6346,6346,3,Asia/Kolkata,FALSE,1356660122
Singha,Singha,,29.5758,75.2668,India,IN,IND,Punjab,Punjab,IN-PB,state,,359.0,6346,6346,3,Asia/Kolkata,FALSE,1356544629
Anwāri,Anwari,,25.1532,83.6229,India,IN,IND,Bihār,Bihar,IN-BR,state,,1354.7,6346,6346,3,Asia/Kolkata,FALSE,1356118098
Nimbarga,Nimbarga,Nimberga,17.4000,76.5833,India,IN,IND,Karnātaka,Karnataka,IN-KA,state,,205.3,6345,6345,3,Asia/Kolkata,FALSE,1356067468
Vadugasāttu,Vadugasattu,,12.6405,79.2723,India,IN,IND,Tamil Nādu,Tamil Nadu,IN-TN,state,,906.0,6345,6345,3,Asia/Kolkata,FALSE,1356727145
Manjamalli,Manjamalli,,11.0109,79.5011,India,IN,IND,Tamil Nādu,Tamil Nadu,IN-TN,state,,837.9,6345,6345,3,Asia/Kolkata,FALSE,1356244065
Mahulān Bara,Mahulan Bara,,24.5899,87.7913,India,IN,IND,West Bengal,West Bengal,IN-WB,state,,1658.1,6343,6343,3,Asia/Kolkata,FALSE,1356800994
Wandar,Wandar,,30.5120,75.0082,India,IN,IND,Punjab,Punjab,IN-PB,state,,372.9,6343,6343,3,Asia/Kolkata,FALSE,1356369285
Āmlāgora,Amlagora,,22.8462,87.3356,India,IN,IND,West Bengal,West Bengal,IN-WB,state,,764.0,6343,6343,3,Asia/Kolkata,FALSE,1356183898
Manjanūr,Manjanur,,11.4442,78.1019,India,IN,IND,Tamil Nādu,Tamil Nadu,IN-TN,state,,815.0,6342,6342,3,Asia/Kolkata,FALSE,1356230175
Olalakkovil,Olalakkovil,,11.2877,77.3342,India,IN,IND,Tamil Nādu,Tamil Nadu,IN-TN,state,,621.5,6342,6342,3,Asia/Kolkata,FALSE,1356165406
Bhitaha Nizāmat,Bhitaha Nizamat,,26.7802,84.4808,India,IN,IND,Bihār,Bihar,IN-BR,state,,1568.8,6342,6342,3,Asia/Kolkata,FALSE,1356458225
Honnihalli,Honnihalli,,15.2333,75.0000,India,IN,IND,Karnātaka,Karnataka,IN-KA,state,,252.9,6342,6342,3,Asia/Kolkata,FALSE,1356583222
Jagdeo Kalān,Jagdeo Kalan,,31.7654,74.8608,India,IN,IND,Punjab,Punjab,IN-PB,state,,426.9,6342,6342,3,Asia/Kolkata,FALSE,1356014315
Bāndakpur,Bandakpur,Bāndukpur|Bandakpur,23.8272,79.5744,India,IN,IND,Madhya Pradesh,Madhya Pradesh,IN-MP,state,,486.8,6341,6341,3,Asia/Kolkata,FALSE,1356327333
Mangarpāl Naran,Mangarpal Naran,,25.7947,85.1561,India,IN,IND,Bihār,Bihar,IN-BR,state,,2012.3,6341,6341,2,Asia/Kolkata,FALSE,1356356494
Sandhwāl,Sandhwal,,31.9767,75.7390,India,IN,IND,Punjab,Punjab,IN-PB,state,,508.3,6341,6341,3,Asia/Kolkata,FALSE,1356145789
Chak Sālim,Chak Salim,,25.6411,85.5818,India,IN,IND,Bihār,Bihar,IN-BR,state,,1602.1,6339,6339,3,Asia/Kolkata,FALSE,1356690576
Manjura,Manjura,,23.5811,85.9379,India,IN,IND,Jhārkhand,Jharkhand,IN-JH,state,,555.5,6339,6339,3,Asia/Kolkata,TRUE,1356179782
Ekamba,Ekamba,,25.6561,86.1563,India,IN,IND,Bihār,Bihar,IN-BR,state,,1392.3,6339,6339,3,Asia/Kolkata,FALSE,1356592583
Bairia,Bairia,,25.3348,87.7820,India,IN,IND,Bihār,Bihar,IN-BR,state,,1548.7,6339,6339,3,Asia/Kolkata,TRUE,1356328787
Kochcherla,Kochcherla,,16.1167,79.7500,India,IN,IND,Andhra Pradesh,Andhra Pradesh,IN-AP,state,,298.3,6338,6338,3,Asia/Kolkata,TRUE,1356112908
Shekhpura,Shekhpura,,29.9962,75.1594,India,IN,IND,Punjab,Punjab,IN-PB,state,,302.3,6338,6338,3,Asia/Kolkata,TRUE,1356126672
Sauntar,Sauntar,,24.9079,85.3478,India,IN,IND,Bihār,Bihar,IN-BR,state,,761.7,6337,6337,3,Asia/Kolkata,FALSE,1356792075
Nārathali,Narathali,,26.5204,89.7669,India,IN,IND,West Bengal,West Bengal,IN-WB,state,,353.0,6337,6337,3,Asia/Kolkata,FALSE,1356970353
Tilkhan,Tilkhan,,24.7336,81.3833,India,IN,IND,Madhya Pradesh,Madhya Pradesh,IN-MP,state,,341.9,6337,6337,3,Asia/Kolkata,FALSE,1356411934
Nizāmpet,Nizampet,,18.1288,78.5311,India,IN,IND,Telangāna,Telangana,IN-TG,state,,287.6,6337,6337,3,Asia/Kolkata,TRUE,1356014210
Nāgadevampālaiyam,Nagadevampalaiyam,,11.4104,77.4466,India,IN,IND,Tamil Nādu,Tamil Nadu,IN-TN,state,,621.5,6337,6337,3,Asia/Kolkata,FALSE,1356164073
Baghra,Baghra,,25.5900,87.0115,India,IN,IND,Bihār,Bihar,IN-BR,state,,1519.5,6336,6336,3,Asia/Kolkata,TRUE,1356812570
Mūkkudi,Mukkudi,,10.1983,78.9842,India,IN,IND,Tamil Nādu,Tamil Nadu,IN-TN,state,,513.1,6336,6336,3,Asia/Kolkata,FALSE,1356202610
Āgarru,Agarru,,16.4952,81.6998,India,IN,IND,Andhra Pradesh,Andhra Pradesh,IN-AP,state,,1806.6,6336,6336,3,Asia/Kolkata,FALSE,1356271318
Kure,Kure,,25.0978,85.0973,India,IN,IND,Bihār,Bihar,IN-BR,state,,1294.8,6336,6336,3,Asia/Kolkata,FALSE,1356069161
Tiruvail,Tiruvail,,12.8700,74.8400,India,IN,IND,Karnātaka,Karnataka,IN-KA,state,,1895.8,6336,6336,3,Asia/Kolkata,FALSE,1356016263
Nāchna,Nachna,,27.5083,71.7194,India,IN,IND,Rājasthān,Rajasthan,IN-RJ,state,,42.1,6335,6335,3,Asia/Kolkata,FALSE,1356078688
Tirumālpūr,Tirumalpur,,12.9566,79.6737,India,IN,IND,Tamil Nādu,Tamil Nadu,IN-TN,state,,553.9,6334,6334,3,Asia/Kolkata,FALSE,1356715076
Badrai,Badrai,,28.5090,75.9370,India,IN,IND,Haryāna,Haryana,IN-HR,state,,353.1,6333,6333,3,Asia/Kolkata,FALSE,1356690539
Sahasrām,Sahasram,Sesrām,25.9040,77.5924,India,IN,IND,Madhya Pradesh,Madhya Pradesh,IN-MP,state,,152.9,6333,6333,4,Asia/Kolkata,FALSE,1356201741
Chhota,Chhota,,22.2583,88.9256,India,IN,IND,West Bengal,West Bengal,IN-WB,state,,753.6,6332,6332,3,Asia/Kolkata,FALSE,1356143480
Kuchrod,Kuchrod,,23.8962,75.2653,India,IN,IND,Madhya Pradesh,Madhya Pradesh,IN-MP,state,,352.2,6332,6332,3,Asia/Kolkata,FALSE,1356139831
Supaul,Supaul,,25.8253,85.8514,India,IN,IND,Bihār,Bihar,IN-BR,state,,1371.3,6332,6332,3,Asia/Kolkata,TRUE,1356016668
Vichumbe,Vichumbe,,18.9873,73.1364,India,IN,IND,Mahārāshtra,Maharashtra,IN-MH,state,,1510.7,6332,6332,3,Asia/Kolkata,FALSE,1356091758
Kānādukāttān,Kanadukattan,Kānātukāttān|Kānātu|Kanadukathan,10.1736,78.7798,India,IN,IND,Tamil Nādu,Tamil Nadu,IN-TN,state,,496.0,6330,6330,3,Asia/Kolkata,FALSE,1356291632
Aspaka,Aspaka,,17.3886,81.1111,India,IN,IND,Telangāna,Telangana,IN-TG,state,,102.8,6330,6330,4,Asia/Kolkata,FALSE,1356758587
Chigicherla,Chigicherla,,14.5191,77.6804,India,IN,IND,Andhra Pradesh,Andhra Pradesh,IN-AP,state,,474.9,6330,6330,3,Asia/Kolkata,FALSE,1356422288
Ashrafpur Supaul,Ashrafpur Supaul,,25.6529,85.5582,India,IN,IND,Bihār,Bihar,IN-BR,state,,3397.3,6330,6330,2,Asia/Kolkata,FALSE,1356017108
Bhawānīpur,Bhawanipur,,25.2643,87.8233,India,IN,IND,Bihār,Bihar,IN-BR,state,,1548.7,6329,6329,3,Asia/Kolkata,TRUE,1356489052
Pāpināyakanahalli,Papinayakanahalli,,15.2406,76.4885,India,IN,IND,Karnātaka,Karnataka,IN-KA,state,,596.5,6329,6329,3,Asia/Kolkata,FALSE,1356708932
Udgawān,Udgawan,Ugwān,25.5475,78.3517,India,IN,IND,Madhya Pradesh,Madhya Pradesh,IN-MP,state,,256.3,6329,6329,3,Asia/Kolkata,FALSE,1356467028
Sanjīvarāopeta,Sanjivaraopeta,,15.2815,78.8932,India,IN,IND,Andhra Pradesh,Andhra Pradesh,IN-AP,state,,126.3,6329,6329,4,Asia/Kolkata,FALSE,1356845158
Patnam,Patnam,,14.2345,78.0952,India,IN,IND,Andhra Pradesh,Andhra Pradesh,IN-AP,state,,598.4,6329,6329,3,Asia/Kolkata,FALSE,1356781768
Kusarlapudi,Kusarlapudi,,17.6697,82.6922,India,IN,IND,Andhra Pradesh,Andhra Pradesh,IN-AP,state,,365.4,6329,6329,3,Asia/Kolkata,FALSE,1356191708
Dudhra,Dudhra,,26.2443,84.6280,India,IN,IND,Bihār,Bihar,IN-BR,state,,1224.5,6328,6328,3,Asia/Kolkata,FALSE,1356383045
Paruvadanahalli,Paruvadanahalli,,12.1324,77.9146,India,IN,IND,Tamil Nādu,Tamil Nadu,IN-TN,state,,244.3,6328,6328,3,Asia/Kolkata,FALSE,1356443634
Dhigsar,Dhigsar,,28.8213,75.9529,India,IN,IND,Haryāna,Haryana,IN-HR,state,,642.2,6328,6328,3,Asia/Kolkata,FALSE,1356076658
Dhawahi,Dhawahi,,26.6557,84.7578,India,IN,IND,Bihār,Bihar,IN-BR,state,,1434.2,6328,6328,3,Asia/Kolkata,TRUE,1356381148
Sarea,Sarea,,26.0029,84.6671,India,IN,IND,Bihār,Bihar,IN-BR,state,,2367.4,6328,6328,2,Asia/Kolkata,TRUE,1356101937
Sānūru,Sanuru,,13.1747,74.9917,India,IN,IND,Karnātaka,Karnataka,IN-KA,state,,178.9,6328,6328,4,Asia/Kolkata,FALSE,1356048777
Karavadi,Karavadi,Karavādi,15.5490,80.1136,India,IN,IND,Andhra Pradesh,Andhra Pradesh,IN-AP,state,,239.4,6327,6327,3,Asia/Kolkata,FALSE,1356772600
Nawādih,Nawadih,,24.8476,85.7850,India,IN,IND,Bihār,Bihar,IN-BR,state,,1033.7,6326,6326,3,Asia/Kolkata,TRUE,1356229573
Dādāpuram,Dadapuram,,11.6216,77.8793,India,IN,IND,Tamil Nādu,Tamil Nadu,IN-TN,state,,907.6,6326,6326,3,Asia/Kolkata,FALSE,1356168829
Ajjaram,Ajjaram,,16.7663,81.7359,India,IN,IND,Andhra Pradesh,Andhra Pradesh,IN-AP,state,,1066.8,6326,6326,3,Asia/Kolkata,FALSE,1356002530
Āwan,Awan,,24.4073,77.1364,India,IN,IND,Madhya Pradesh,Madhya Pradesh,IN-MP,state,,249.0,6326,6326,3,Asia/Kolkata,FALSE,1356125529
Peddamallela,Peddamallela,,13.7013,79.0328,India,IN,IND,Andhra Pradesh,Andhra Pradesh,IN-AP,state,,213.4,6325,6325,3,Asia/Kolkata,FALSE,1356047573
Jalālpur,Jalalpur,,25.7611,84.8038,India,IN,IND,Bihār,Bihar,IN-BR,state,,3784.6,6325,6325,2,Asia/Kolkata,TRUE,1356933358
Balaitha,Balaitha,,25.5262,86.7437,India,IN,IND,Bihār,Bihar,IN-BR,state,,1193.9,6325,6325,3,Asia/Kolkata,FALSE,1356229068
Torangallu,Torangallu,Toranagallu,15.0700,76.5500,India,IN,IND,Karnātaka,Karnataka,IN-KA,state,,245.5,6324,6324,3,Asia/Kolkata,FALSE,1356387163
Sirisādu,Sirisadu,,18.2919,79.5416,India,IN,IND,Telangāna,Telangana,IN-TG,state,,505.4,6324,6324,3,Asia/Kolkata,FALSE,1356248311
Jānakal,Janakal,,13.9128,76.3154,India,IN,IND,Karnātaka,Karnataka,IN-KA,state,,171.3,6324,6324,4,Asia/Kolkata,FALSE,1356199791
Gāmbhira,Gambhira,,24.5177,87.9750,India,IN,IND,West Bengal,West Bengal,IN-WB,state,,2329.4,6324,6324,2,Asia/Kolkata,FALSE,1356127940
Somala,Somala,,13.4667,78.8167,India,IN,IND,Andhra Pradesh,Andhra Pradesh,IN-AP,state,,232.3,6323,6323,3,Asia/Kolkata,FALSE,1356933727
Hardia,Hardia,,25.4531,86.1410,India,IN,IND,Bihār,Bihar,IN-BR,state,,3488.9,6321,6321,2,Asia/Kolkata,FALSE,1356271179
Seykalattūr,Seykalattur,,9.7296,78.4391,India,IN,IND,Tamil Nādu,Tamil Nadu,IN-TN,state,,380.2,6321,6321,3,Asia/Kolkata,FALSE,1356227251
Kilenjar,Kilenjar,,12.9630,74.8623,India,IN,IND,Karnātaka,Karnataka,IN-KA,state,,1895.8,6321,6321,3,Asia/Kolkata,FALSE,1356168049
Masuria,Masuria,,26.1341,87.5602,India,IN,IND,Bihār,Bihar,IN-BR,state,,1113.7,6321,6321,3,Asia/Kolkata,TRUE,1356098839
Dākha,Dakha,,30.8567,75.6827,India,IN,IND,Punjab,Punjab,IN-PB,state,,736.9,6321,6321,3,Asia/Kolkata,FALSE,1356132290
Aldona,Aldona,,15.5897,73.8733,India,IN,IND,Goa,Goa,IN-GA,state,,1105.5,6320,6320,3,Asia/Kolkata,FALSE,1356974060
Kallimodu,Kallimodu,,10.4899,79.8217,India,IN,IND,Tamil Nādu,Tamil Nadu,IN-TN,state,,378.9,6320,6320,3,Asia/Kolkata,FALSE,1356121390
Kandādu,Kandadu,,12.2076,79.9132,India,IN,IND,Tamil Nādu,Tamil Nadu,IN-TN,state,,533.0,6320,6320,3,Asia/Kolkata,FALSE,1356094351
Baghhrāji,Baghhraji,,23.3218,80.2574,India,IN,IND,Madhya Pradesh,Madhya Pradesh,IN-MP,state,,547.5,6320,6320,3,Asia/Kolkata,FALSE,1356817564
Poreya,Poreya,,24.6781,87.1719,India,IN,IND,Jhārkhand,Jharkhand,IN-JH,state,,443.5,6319,6319,3,Asia/Kolkata,FALSE,1356366702
Sirsa Biran,Sirsa Biran,,25.8483,85.2268,India,IN,IND,Bihār,Bihar,IN-BR,state,,2593.7,6318,6318,2,Asia/Kolkata,FALSE,1356333970
Bārihāpur,Barihapur,,20.9255,85.3484,India,IN,IND,Odisha,Odisha,IN-OR,state,,235.6,6318,6318,3,Asia/Kolkata,FALSE,1356244293
Kākarla,Kakarla,,15.6481,79.1117,India,IN,IND,Andhra Pradesh,Andhra Pradesh,IN-AP,state,,57.5,6317,6317,4,Asia/Kolkata,TRUE,1356575847
Ainavolu,Ainavolu,,15.9929,79.6701,India,IN,IND,Andhra Pradesh,Andhra Pradesh,IN-AP,state,,165.9,6317,6317,4,Asia/Kolkata,TRUE,1356083869
Sanbarisa,Sanbarisa,,25.4108,84.2960,India,IN,IND,Bihār,Bihar,IN-BR,state,,1297.7,6317,6317,3,Asia/Kolkata,FALSE,1356537454
Chhatnesar,Chhatnesar,,25.9116,85.8556,India,IN,IND,Bihār,Bihar,IN-BR,state,,1903.4,6317,6317,3,Asia/Kolkata,FALSE,1356911625
Abhangāpur,Abhangapur,,16.7717,77.6343,India,IN,IND,Telangāna,Telangana,IN-TG,state,,429.6,6316,6316,3,Asia/Kolkata,FALSE,1356841753
Haripur,Haripur,,22.5912,88.6342,India,IN,IND,West Bengal,West Bengal,IN-WB,state,,1707.0,6315,6315,3,Asia/Kolkata,TRUE,1356094583
Kūderu,Kuderu,,14.7333,77.4333,India,IN,IND,Andhra Pradesh,Andhra Pradesh,IN-AP,state,,146.0,6315,6315,3,Asia/Kolkata,TRUE,1356759090
Haradanhalli,Haradanhalli,Haradanahalli,11.8759,76.9527,India,IN,IND,Karnātaka,Karnataka,IN-KA,state,,315.6,6314,6314,3,Asia/Kolkata,FALSE,1356191329
Pahārgarh,Pahargarh,,26.1971,77.6412,India,IN,IND,Madhya Pradesh,Madhya Pradesh,IN-MP,state,,370.8,6313,6313,3,Asia/Kolkata,FALSE,1356079703
Periya Krishnāpuram,Periya Krishnapuram,,11.6547,78.4311,India,IN,IND,Tamil Nādu,Tamil Nadu,IN-TN,state,,391.8,6313,6313,3,Asia/Kolkata,FALSE,1356226971
Reddipalle Agrahāram,Reddipalle Agraharam,,18.0129,83.3400,India,IN,IND,Andhra Pradesh,Andhra Pradesh,IN-AP,state,,1925.5,6312,6312,3,Asia/Kolkata,FALSE,1356147760
Siddhāpuram,Siddhapuram,,16.6143,81.3498,India,IN,IND,Andhra Pradesh,Andhra Pradesh,IN-AP,state,,562.9,6312,6312,3,Asia/Kolkata,FALSE,1356067798
Masaurha,Masaurha,,25.3032,83.5580,India,IN,IND,Bihār,Bihar,IN-BR,state,,805.1,6310,6310,3,Asia/Kolkata,TRUE,1356807676
Bhagora,Bhagora,,22.5245,75.8183,India,IN,IND,Madhya Pradesh,Madhya Pradesh,IN-MP,state,,401.1,6310,6310,3,Asia/Kolkata,FALSE,1356213560
Baggan,Baggan,,32.6813,75.5685,India,IN,IND,Jammu and Kashmīr,Jammu and Kashmir,IN-JK,state,,348.1,6309,6309,3,Asia/Kolkata,FALSE,1356479560
Katkanapalli,Katkanapalli,,18.6815,79.2098,India,IN,IND,Telangāna,Telangana,IN-TG,state,,290.2,6308,6308,3,Asia/Kolkata,FALSE,1356484711
Jamuniā,Jamunia,,26.7049,84.5745,India,IN,IND,Bihār,Bihar,IN-BR,state,,1801.8,6308,6308,3,Asia/Kolkata,FALSE,1356044007
Pūlānkinar,Pulankinar,,10.5915,77.1972,India,IN,IND,Tamil Nādu,Tamil Nadu,IN-TN,state,,337.9,6308,6308,3,Asia/Kolkata,FALSE,1356170863
Malicherla,Malicherla,,18.0710,83.4002,India,IN,IND,Andhra Pradesh,Andhra Pradesh,IN-AP,state,,1087.4,6308,6308,3,Asia/Kolkata,FALSE,1356072610
Bariārpur,Bariarpur,,25.1978,86.3068,India,IN,IND,Bihār,Bihar,IN-BR,state,,964.0,6308,6308,3,Asia/Kolkata,TRUE,1356036320
Varakūru,Varakuru,,15.6906,77.7419,India,IN,IND,Andhra Pradesh,Andhra Pradesh,IN-AP,state,,319.4,6308,6308,3,Asia/Kolkata,FALSE,1356442489
Purikh,Purikh,,26.0075,86.5794,India,IN,IND,Bihār,Bihar,IN-BR,state,,941.9,6306,6306,3,Asia/Kolkata,FALSE,1356258960
Raichiāhi,Raichiahi,,25.4079,86.0697,India,IN,IND,Bihār,Bihar,IN-BR,state,,3031.7,6305,6305,2,Asia/Kolkata,FALSE,1356830795
Khirārāhi,Khirarahi,,25.2874,86.7370,India,IN,IND,Bihār,Bihar,IN-BR,state,,1209.9,6305,6305,3,Asia/Kolkata,FALSE,1356258377
Khirāla,Khirala,,21.6196,76.3042,India,IN,IND,Madhya Pradesh,Madhya Pradesh,IN-MP,state,,216.0,6305,6305,3,Asia/Kolkata,FALSE,1356131557
Nettanige,Nettanige,,12.6101,75.1720,India,IN,IND,Karnātaka,Karnataka,IN-KA,state,,122.0,6305,6305,3,Asia/Kolkata,FALSE,1356102882
Kūknūrpalli,Kuknurpalli,,17.8915,78.7958,India,IN,IND,Telangāna,Telangana,IN-TG,state,,226.8,6305,6305,3,Asia/Kolkata,FALSE,1356370082
Pallūr,Pallur,,10.7666,76.2285,India,IN,IND,Kerala,Kerala,IN-KL,state,,954.7,6305,6305,3,Asia/Kolkata,FALSE,1356709719
Pachpaika,Pachpaika,,25.6968,85.7853,India,IN,IND,Bihār,Bihar,IN-BR,state,,1371.3,6305,6305,3,Asia/Kolkata,TRUE,1356754585
Teligi,Teligi,,14.6667,75.9000,India,IN,IND,Karnātaka,Karnataka,IN-KA,state,,266.9,6304,6304,3,Asia/Kolkata,FALSE,1356523251
Dhali,Dhali,,10.5000,77.1700,India,IN,IND,Tamil Nādu,Tamil Nadu,IN-TN,state,,337.9,6303,6303,3,Asia/Kolkata,FALSE,1356445183
Bhisiyāna,Bhisiyana,,30.2809,74.7721,India,IN,IND,Punjab,Punjab,IN-PB,state,,637.0,6303,6303,3,Asia/Kolkata,FALSE,1356070249
Jalkot,Jalkot,Jalkote,18.6596,77.1866,India,IN,IND,Mahārāshtra,Maharashtra,IN-MH,state,,392.1,6303,6303,3,Asia/Kolkata,FALSE,1356475244
Rājapur,Rajapur,Rajapuram,19.0432,84.6685,India,IN,IND,Andhra Pradesh,Andhra Pradesh,IN-AP,state,,801.0,6301,6301,3,Asia/Kolkata,FALSE,1356998688
Ullikkottai,Ullikkottai,,10.6000,79.4167,India,IN,IND,Tamil Nādu,Tamil Nadu,IN-TN,state,,652.6,6301,6301,3,Asia/Kolkata,FALSE,1356252348
Jakkali,Jakkali,,15.6209,75.7850,India,IN,IND,Karnātaka,Karnataka,IN-KA,state,,227.6,6301,6301,3,Asia/Kolkata,TRUE,1356114301
Kadeshvālya,Kadeshvalya,,12.8365,75.1648,India,IN,IND,Karnātaka,Karnataka,IN-KA,state,,616.8,6301,6301,3,Asia/Kolkata,FALSE,1356393730
Bhanigawān,Bhanigawan,,24.9248,81.4586,India,IN,IND,Madhya Pradesh,Madhya Pradesh,IN-MP,state,,341.9,6301,6301,3,Asia/Kolkata,FALSE,1356266953
Tūgundram,Tugundram,,13.1911,79.2669,India,IN,IND,Andhra Pradesh,Andhra Pradesh,IN-AP,state,,355.4,6300,6300,3,Asia/Kolkata,FALSE,1356382457
Marigampalli,Marigampalli,,12.5242,78.1378,India,IN,IND,Tamil Nādu,Tamil Nadu,IN-TN,state,,493.5,6300,6300,3,Asia/Kolkata,FALSE,1356159998
Chhatanwār,Chhatanwar,,25.5572,84.2029,India,IN,IND,Bihār,Bihar,IN-BR,state,,896.1,6300,6300,3,Asia/Kolkata,FALSE,1356308646
Manappattūr,Manappattur,,11.3109,79.1850,India,IN,IND,Tamil Nādu,Tamil Nadu,IN-TN,state,,343.1,6300,6300,3,Asia/Kolkata,FALSE,1356211420
Pārumanchāla,Parumanchala,,15.7983,78.3909,India,IN,IND,Andhra Pradesh,Andhra Pradesh,IN-AP,state,,180.1,6300,6300,4,Asia/Kolkata,FALSE,1356711056
Siripuram,Siripuram,,18.3922,83.7883,India,IN,IND,Andhra Pradesh,Andhra Pradesh,IN-AP,state,,445.4,6299,6299,3,Asia/Kolkata,TRUE,1356706033
Anikepalli,Anikepalli,,14.3324,79.9969,India,IN,IND,Andhra Pradesh,Andhra Pradesh,IN-AP,state,,193.8,6299,6299,4,Asia/Kolkata,FALSE,1356595220
Nawāda,Nawada,,25.9270,84.6678,India,IN,IND,Bihār,Bihar,IN-BR,state,,1505.7,6299,6299,3,Asia/Kolkata,TRUE,1356709247
Kollankuttai,Kollankuttai,,12.5302,78.4598,India,IN,IND,Tamil Nādu,Tamil Nadu,IN-TN,state,,588.2,6299,6299,3,Asia/Kolkata,FALSE,1356189470
Palāmu,Palamu,,23.8294,85.9609,India,IN,IND,Jhārkhand,Jharkhand,IN-JH,state,,461.6,6299,6299,3,Asia/Kolkata,FALSE,1356191047
Nagla Sharki,Nagla Sharki,,28.1167,78.3833,India,IN,IND,Uttar Pradesh,Uttar Pradesh,IN-UP,state,,1023.4,6298,6298,3,Asia/Kolkata,FALSE,1356013899
Perakalapūdi,Perakalapudi,,16.3612,80.6497,India,IN,IND,Andhra Pradesh,Andhra Pradesh,IN-AP,state,,511.0,6297,6297,3,Asia/Kolkata,FALSE,1356169844
Gorhar,Gorhar,,24.1087,85.7343,India,IN,IND,Jhārkhand,Jharkhand,IN-JH,state,,644.2,6297,6297,3,Asia/Kolkata,FALSE,1356497799
Nālumāvadi,Nalumavadi,,8.5785,78.0317,India,IN,IND,Tamil Nādu,Tamil Nadu,IN-TN,state,,704.9,6296,6296,3,Asia/Kolkata,FALSE,1356212062
Kerwa,Kerwa,,26.0542,84.8448,India,IN,IND,Bihār,Bihar,IN-BR,state,,2038.8,6296,6296,2,Asia/Kolkata,FALSE,1356035980
Sonnarhallī,Sonnarhalli,,12.3622,78.4258,India,IN,IND,Tamil Nādu,Tamil Nadu,IN-TN,state,,579.0,6296,6296,3,Asia/Kolkata,FALSE,1356793539
Nuggihalli,Nuggihalli,Nuggthalli,13.0109,76.4754,India,IN,IND,Karnātaka,Karnataka,IN-KA,state,,282.3,6296,6296,3,Asia/Kolkata,FALSE,1356746311
Dhāndra,Dhandra,,30.8526,75.8358,India,IN,IND,Punjab,Punjab,IN-PB,state,,736.9,6296,6296,3,Asia/Kolkata,FALSE,1356426339
Lemūr,Lemur,,17.1415,78.5168,India,IN,IND,Telangāna,Telangana,IN-TG,state,,256.3,6295,6295,3,Asia/Kolkata,FALSE,1356621979
Hoskote,Hoskote,,12.1810,76.7884,India,IN,IND,Karnātaka,Karnataka,IN-KA,state,,468.0,6295,6295,3,Asia/Kolkata,TRUE,1356505766
Majhua,Majhua,,26.2812,87.3085,India,IN,IND,Bihār,Bihar,IN-BR,state,,1393.4,6295,6295,3,Asia/Kolkata,TRUE,1356511507
Tenkaraikottai,Tenkaraikottai,,12.0116,78.3989,India,IN,IND,Tamil Nādu,Tamil Nadu,IN-TN,state,,362.0,6295,6295,3,Asia/Kolkata,FALSE,1356497831
Kanādya,Kanadya,Kanāria,22.7355,75.9683,India,IN,IND,Madhya Pradesh,Madhya Pradesh,IN-MP,state,,354.1,6295,6295,3,Asia/Kolkata,FALSE,1356117285
Diāri,Diari,,26.0663,87.5102,India,IN,IND,Bihār,Bihar,IN-BR,state,,2069.6,6295,6295,2,Asia/Kolkata,FALSE,1356956797
Shāhbāzār,Shahbazar,,22.9490,88.0335,India,IN,IND,West Bengal,West Bengal,IN-WB,state,,1414.7,6293,6293,3,Asia/Kolkata,FALSE,1356142510
Jalālpur,Jalalpur,Bishunpur Gamhir,25.8695,85.1519,India,IN,IND,Bihār,Bihar,IN-BR,state,,2593.7,6293,6293,2,Asia/Kolkata,TRUE,1356157407
Jukehi,Jukehi,,24.0025,80.4242,India,IN,IND,Madhya Pradesh,Madhya Pradesh,IN-MP,state,,387.6,6293,6293,3,Asia/Kolkata,FALSE,1356341047
Harshankarpur,Harshankarpur,,25.6521,85.8120,India,IN,IND,Bihār,Bihar,IN-BR,state,,3077.4,6293,6293,2,Asia/Kolkata,FALSE,1356722544
Kerea,Kerea,,22.4616,84.5806,India,IN,IND,Jhārkhand,Jharkhand,IN-JH,state,,173.3,6293,6293,4,Asia/Kolkata,FALSE,1356197452
Konchi,Konchi,,24.7855,84.7825,India,IN,IND,Bihār,Bihar,IN-BR,state,,838.9,6291,6291,3,Asia/Kolkata,FALSE,1356594390
Māyanūr,Mayanur,,10.9056,78.1664,India,IN,IND,Tamil Nādu,Tamil Nadu,IN-TN,state,,330.0,6291,6291,3,Asia/Kolkata,TRUE,1356153465
Asagodu,Asagodu,,14.5606,76.1503,India,IN,IND,Karnātaka,Karnataka,IN-KA,state,,173.9,6291,6291,4,Asia/Kolkata,FALSE,1356840836
Mungimadugu,Mungimadugu,,17.5069,79.8436,India,IN,IND,Telangāna,Telangana,IN-TG,state,,302.7,6291,6291,3,Asia/Kolkata,FALSE,1356043610
Rāmakuppam,Ramakuppam,,12.9003,78.4867,India,IN,IND,Andhra Pradesh,Andhra Pradesh,IN-AP,state,,199.9,6291,6291,3,Asia/Kolkata,FALSE,1356087499
Hanriya,Hanriya,,24.9505,85.4060,India,IN,IND,Bihār,Bihar,IN-BR,state,,877.6,6291,6291,3,Asia/Kolkata,FALSE,1356092367
Bansāni,Bansani,,24.3844,83.5086,India,IN,IND,Jhārkhand,Jharkhand,IN-JH,state,,341.9,6291,6291,3,Asia/Kolkata,FALSE,1356071740
Sarara,Sarara,,26.4067,86.3855,India,IN,IND,Bihār,Bihar,IN-BR,state,,1118.8,6289,6289,3,Asia/Kolkata,FALSE,1356198966
Siruvāchchūr,Siruvachchur,Siruvachur,11.1833,78.8667,India,IN,IND,Tamil Nādu,Tamil Nadu,IN-TN,state,,499.8,6289,6289,3,Asia/Kolkata,FALSE,1356518726
Barayān,Barayan,,24.6764,81.9538,India,IN,IND,Madhya Pradesh,Madhya Pradesh,IN-MP,state,,289.0,6289,6289,3,Asia/Kolkata,FALSE,1356532898
Kopalle,Kopalle,,16.5308,81.4718,India,IN,IND,Andhra Pradesh,Andhra Pradesh,IN-AP,state,,531.9,6289,6289,3,Asia/Kolkata,TRUE,1356379040
Sigdi,Sigdi,,33.4268,75.6670,India,IN,IND,Jammu and Kashmīr,Jammu and Kashmir,IN-JK,state,,40.1,6289,6289,4,Asia/Kolkata,FALSE,1356813756
Velākatte,Velakatte,,17.6027,79.6269,India,IN,IND,Telangāna,Telangana,IN-TG,state,,354.7,6288,6288,3,Asia/Kolkata,FALSE,1356547004
Nelagonda,Nelagonda,,15.0991,77.4493,India,IN,IND,Andhra Pradesh,Andhra Pradesh,IN-AP,state,,476.8,6288,6288,3,Asia/Kolkata,FALSE,1356457314
Boria,Boria,,25.7137,85.9953,India,IN,IND,Bihār,Bihar,IN-BR,state,,2168.6,6288,6288,2,Asia/Kolkata,FALSE,1356156528
Machchina,Machchina,,12.9318,75.2248,India,IN,IND,Karnātaka,Karnataka,IN-KA,state,,221.8,6288,6288,3,Asia/Kolkata,FALSE,1356415065
Sindhekela,Sindhekela,Sindhikela,20.2285,82.9392,India,IN,IND,Odisha,Odisha,IN-OR,state,,467.6,6288,6288,3,Asia/Kolkata,FALSE,1356661067
Sirkābād,Sirkabad,,23.2694,86.1929,India,IN,IND,West Bengal,West Bengal,IN-WB,state,,470.6,6288,6288,3,Asia/Kolkata,FALSE,1356177981
Thōnnūrkara,Thonnurkara,,10.6833,76.3167,India,IN,IND,Kerala,Kerala,IN-KL,state,,954.7,6287,6287,3,Asia/Kolkata,FALSE,1356387520
Idagūru,Idaguru,,13.6429,77.4532,India,IN,IND,Karnātaka,Karnataka,IN-KA,state,,355.2,6287,6287,3,Asia/Kolkata,FALSE,1356931363
Tadkal,Tadkal,,18.2333,77.7000,India,IN,IND,Telangāna,Telangana,IN-TG,state,,209.7,6286,6286,3,Asia/Kolkata,FALSE,1356726359
Sahiar,Sahiar,,25.6601,84.1552,India,IN,IND,Bihār,Bihar,IN-BR,state,,1191.1,6285,6285,3,Asia/Kolkata,TRUE,1356096910
Saidpur Dumra,Saidpur Dumra,,25.8569,85.5189,India,IN,IND,Bihār,Bihar,IN-BR,state,,2173.0,6285,6285,2,Asia/Kolkata,FALSE,1356031930
Bagwāra,Bagwara,,25.4609,86.1125,India,IN,IND,Bihār,Bihar,IN-BR,state,,3005.2,6285,6285,2,Asia/Kolkata,FALSE,1356060991
Bhaunti,Bhaunti,,25.3220,78.0984,India,IN,IND,Madhya Pradesh,Madhya Pradesh,IN-MP,state,,212.3,6285,6285,3,Asia/Kolkata,TRUE,1356819770
Dharampur,Dharampur,,25.7118,85.7325,India,IN,IND,Bihār,Bihar,IN-BR,state,,1945.8,6284,6284,3,Asia/Kolkata,TRUE,1356002494
Khaddi,Khaddi,,25.3193,80.2093,India,IN,IND,Madhya Pradesh,Madhya Pradesh,IN-MP,state,,228.1,6284,6284,3,Asia/Kolkata,TRUE,1356842337
Kumbhāsi,Kumbhasi,,13.5655,74.6994,India,IN,IND,Karnātaka,Karnataka,IN-KA,state,,291.0,6284,6284,3,Asia/Kolkata,FALSE,1356479897
Digalgrām,Digalgram,,24.0474,87.6432,India,IN,IND,West Bengal,West Bengal,IN-WB,state,,590.3,6284,6284,3,Asia/Kolkata,FALSE,1356029720
Kanj Kiro,Kanj Kiro,,23.8306,85.8886,India,IN,IND,Jhārkhand,Jharkhand,IN-JH,state,,461.6,6284,6284,3,Asia/Kolkata,FALSE,1356191027
Sosāri,Sosari,,26.0296,86.0835,India,IN,IND,Bihār,Bihar,IN-BR,state,,1340.6,6284,6284,3,Asia/Kolkata,FALSE,1356666546
Raghunāthpur,Raghunathpur,Raghūnāthpur,26.0545,76.9554,India,IN,IND,Madhya Pradesh,Madhya Pradesh,IN-MP,state,,93.8,6283,6283,4,Asia/Kolkata,TRUE,1356948389
Sasāmusa,Sasamusa,,26.5321,84.3607,India,IN,IND,Bihār,Bihar,IN-BR,state,,1175.1,6283,6283,3,Asia/Kolkata,FALSE,1356138890
Banbira,Banbira,,25.7211,85.6178,India,IN,IND,Bihār,Bihar,IN-BR,state,,1602.1,6281,6281,3,Asia/Kolkata,FALSE,1356991317
Mohana,Mohana,,19.4427,84.2613,India,IN,IND,Odisha,Odisha,IN-OR,state,,120.7,6281,6281,4,Asia/Kolkata,FALSE,1356951176
Reddiyapatti,Reddiyapatti,,10.5374,78.3253,India,IN,IND,Tamil Nādu,Tamil Nadu,IN-TN,state,,388.5,6280,6280,3,Asia/Kolkata,TRUE,1356204389
Bhatauni,Bhatauni,,25.7228,86.6732,India,IN,IND,Bihār,Bihar,IN-BR,state,,1420.3,6280,6280,3,Asia/Kolkata,TRUE,1356808797
Gonāwān,Gonawan,Gonawam,25.3648,85.6122,India,IN,IND,Bihār,Bihar,IN-BR,state,,906.9,6280,6280,3,Asia/Kolkata,TRUE,1356684642
Raipur,Raipur,,22.8000,86.9500,India,IN,IND,West Bengal,West Bengal,IN-WB,state,,446.2,6280,6280,3,Asia/Kolkata,TRUE,1356269159
Padkal,Padkal,,16.9351,78.4008,India,IN,IND,Telangāna,Telangana,IN-TG,state,,194.8,6280,6280,3,Asia/Kolkata,TRUE,1356571878
Saligao,Saligao,,15.5500,73.7700,India,IN,IND,Goa,Goa,IN-GA,state,,1105.5,6280,6280,3,Asia/Kolkata,FALSE,1356511452
Kamarganj,Kamarganj,,25.2398,86.6860,India,IN,IND,Bihār,Bihar,IN-BR,state,,903.5,6280,6280,3,Asia/Kolkata,FALSE,1356447027
Kādipur,Kadipur,,25.8936,84.7583,India,IN,IND,Bihār,Bihar,IN-BR,state,,2079.4,6279,6279,2,Asia/Kolkata,FALSE,1356898629
Kurichikara,Kurichikara,,10.5667,76.2500,India,IN,IND,Kerala,Kerala,IN-KL,state,,1341.6,6279,6279,3,Asia/Kolkata,FALSE,1356078612
Rasīdpur,Rasidpur,,26.4333,86.1210,India,IN,IND,Bihār,Bihar,IN-BR,state,,2436.1,6279,6279,2,Asia/Kolkata,FALSE,1356551594
Pāta Sivaram,Pata Sivaram,,14.0179,77.0292,India,IN,IND,Andhra Pradesh,Andhra Pradesh,IN-AP,state,,332.3,6279,6279,3,Asia/Kolkata,FALSE,1356238592
Ampar,Ampar,,13.6415,74.8610,India,IN,IND,Karnātaka,Karnataka,IN-KA,state,,291.0,6277,6277,3,Asia/Kolkata,FALSE,1356404414
Mahsaurhi,Mahsaurhi,,25.5228,86.5122,India,IN,IND,Bihār,Bihar,IN-BR,state,,1695.8,6277,6277,3,Asia/Kolkata,FALSE,1356782283
Kadati,Kadati,,14.6616,75.8087,India,IN,IND,Karnātaka,Karnataka,IN-KA,state,,355.2,6276,6276,3,Asia/Kolkata,FALSE,1356068808
Kāginelli,Kaginelli,,14.6886,75.3597,India,IN,IND,Karnātaka,Karnataka,IN-KA,state,,308.6,6276,6276,3,Asia/Kolkata,FALSE,1356377326
Tārāchua,Tarachua,,24.1472,87.6107,India,IN,IND,West Bengal,West Bengal,IN-WB,state,,756.1,6276,6276,3,Asia/Kolkata,FALSE,1356260182
Sohrai,Sohrai,,25.7583,84.1489,India,IN,IND,Uttar Pradesh,Uttar Pradesh,IN-UP,state,,1971.6,6276,6276,3,Asia/Kolkata,FALSE,1356732078
Tilodih,Tilodih,,24.2118,86.2474,India,IN,IND,Jhārkhand,Jharkhand,IN-JH,state,,1236.7,6275,6275,3,Asia/Kolkata,FALSE,1356243678
Bharwār,Bharwar,,25.3962,86.2293,India,IN,IND,Bihār,Bihar,IN-BR,state,,3488.9,6275,6275,2,Asia/Kolkata,FALSE,1356457197
Tipamia,Tipamia,,26.9031,95.0825,India,IN,IND,Assam,Assam,IN-AS,state,,500.4,6274,6274,3,Asia/Kolkata,FALSE,1356642204
Chhāta,Chhata,,26.1748,84.3657,India,IN,IND,Bihār,Bihar,IN-BR,state,,2585.0,6273,6273,2,Asia/Kolkata,FALSE,1356083217
Dihpur,Dihpur,,25.5533,86.0792,India,IN,IND,Bihār,Bihar,IN-BR,state,,1295.2,6273,6273,3,Asia/Kolkata,FALSE,1356065541
Dharāhara Kalān,Dharahara Kalan,,24.5831,85.2022,India,IN,IND,Bihār,Bihar,IN-BR,state,,1093.7,6272,6272,3,Asia/Kolkata,FALSE,1356793479
Mutukūru,Mutukuru,,13.9428,77.0693,India,IN,IND,Andhra Pradesh,Andhra Pradesh,IN-AP,state,,246.5,6271,6271,3,Asia/Kolkata,TRUE,1356113843
Nāgulapalle,Nagulapalle,,16.8543,81.2693,India,IN,IND,Andhra Pradesh,Andhra Pradesh,IN-AP,state,,262.3,6271,6271,3,Asia/Kolkata,TRUE,1356651000
Harpur,Harpur,,25.9811,84.7150,India,IN,IND,Bihār,Bihar,IN-BR,state,,2271.4,6271,6271,2,Asia/Kolkata,TRUE,1356987024
Rāmthenga,Ramthenga,,26.4724,89.2121,India,IN,IND,West Bengal,West Bengal,IN-WB,state,,1095.2,6269,6269,3,Asia/Kolkata,FALSE,1356398552
Chittampalli,Chittampalli,,17.4734,77.8116,India,IN,IND,Telangāna,Telangana,IN-TG,state,,411.6,6269,6269,3,Asia/Kolkata,FALSE,1356603886
Chhitrauli,Chhitrauli,,25.9973,85.4406,India,IN,IND,Bihār,Bihar,IN-BR,state,,1975.8,6267,6267,3,Asia/Kolkata,TRUE,1356315917
Ghauspur Ljra,Ghauspur Ljra,,25.7355,85.2179,India,IN,IND,Bihār,Bihar,IN-BR,state,,3672.9,6267,6267,2,Asia/Kolkata,FALSE,1356537293
Chhoran,Chhoran,,22.4819,88.8431,India,IN,IND,West Bengal,West Bengal,IN-WB,state,,1661.1,6267,6267,3,Asia/Kolkata,FALSE,1356128895
Talambra,Talambra,,11.9014,75.6731,India,IN,IND,Kerala,Kerala,IN-KL,state,,389.3,6267,6267,3,Asia/Kolkata,FALSE,1356060558
Annāl Agrahāram,Annal Agraharam,,10.9431,79.3803,India,IN,IND,Tamil Nādu,Tamil Nadu,IN-TN,state,,1722.9,6266,6266,3,Asia/Kolkata,FALSE,1356175589
Vadamadurai,Vadamadurai,,13.2867,80.0456,India,IN,IND,Tamil Nādu,Tamil Nadu,IN-TN,state,,499.3,6266,6266,3,Asia/Kolkata,FALSE,1356937935
Vagurampatti,Vagurampatti,,11.1824,78.1787,India,IN,IND,Tamil Nādu,Tamil Nadu,IN-TN,state,,480.2,6266,6266,3,Asia/Kolkata,FALSE,1356241753
Adapāka,Adapaka,,18.2668,83.7351,India,IN,IND,Andhra Pradesh,Andhra Pradesh,IN-AP,state,,371.3,6266,6266,3,Asia/Kolkata,FALSE,1356809007
Navara,Navara,,16.9164,82.2016,India,IN,IND,Andhra Pradesh,Andhra Pradesh,IN-AP,state,,1554.8,6266,6266,3,Asia/Kolkata,FALSE,1356234364
Dharmapuri,Dharmapuri,,18.0876,83.4124,India,IN,IND,Andhra Pradesh,Andhra Pradesh,IN-AP,state,,2045.3,6266,6266,2,Asia/Kolkata,FALSE,1356931708
Gūri Hatnūr,Guri Hatnur,,19.5340,78.4866,India,IN,IND,Telangāna,Telangana,IN-TG,state,,200.1,6265,6265,3,Asia/Kolkata,FALSE,1356793909
Ahrāna,Ahrana,,31.4225,75.8368,India,IN,IND,Punjab,Punjab,IN-PB,state,,557.9,6264,6264,3,Asia/Kolkata,FALSE,1356863033
Darhia Asādhar,Darhia Asadhar,,25.8230,85.8914,India,IN,IND,Bihār,Bihar,IN-BR,state,,1371.3,6264,6264,3,Asia/Kolkata,FALSE,1356926477
Pahra,Pahra,,24.7251,84.8163,India,IN,IND,Bihār,Bihar,IN-BR,state,,838.9,6264,6264,3,Asia/Kolkata,TRUE,1356627233
Kurkāl,Kurkal,,13.2727,74.7783,India,IN,IND,Karnātaka,Karnataka,IN-KA,state,,623.4,6262,6262,3,Asia/Kolkata,FALSE,1356098350
Arshakunti,Arshakunti,,13.0785,77.4225,India,IN,IND,Karnātaka,Karnataka,IN-KA,state,,15021.0,6262,6262,2,Asia/Kolkata,FALSE,1356712387
Marwa,Marwa,,24.4006,81.3372,India,IN,IND,Madhya Pradesh,Madhya Pradesh,IN-MP,state,,691.6,6260,6260,3,Asia/Kolkata,FALSE,1356982504
Mujauna,Mujauna,,25.7697,85.0096,India,IN,IND,Bihār,Bihar,IN-BR,state,,2012.3,6259,6259,2,Asia/Kolkata,TRUE,1356593012
Elagiri,Elagiri,,12.0371,78.0722,India,IN,IND,Tamil Nādu,Tamil Nadu,IN-TN,state,,623.7,6259,6259,3,Asia/Kolkata,FALSE,1356107345
Chaumukha,Chaumukha,,26.8541,84.3425,India,IN,IND,Bihār,Bihar,IN-BR,state,,1676.1,6258,6258,3,Asia/Kolkata,TRUE,1356729401
Pallapālaiyam,Pallapalaiyam,,10.5298,77.2150,India,IN,IND,Tamil Nādu,Tamil Nadu,IN-TN,state,,337.9,6258,6258,3,Asia/Kolkata,TRUE,1356170914
Uppunda,Uppunda,,13.8333,74.6167,India,IN,IND,Karnātaka,Karnataka,IN-KA,state,,291.0,6258,6258,3,Asia/Kolkata,FALSE,1356058339
Pāndri,Pandri,,26.5135,79.0263,India,IN,IND,Uttar Pradesh,Uttar Pradesh,IN-UP,state,,751.7,6258,6258,3,Asia/Kolkata,TRUE,1356001309
Apra,Apra,,31.0861,75.8754,India,IN,IND,Punjab,Punjab,IN-PB,state,,596.0,6258,6258,3,Asia/Kolkata,FALSE,1356519263
Janauri,Janauri,,31.7137,75.8928,India,IN,IND,Punjab,Punjab,IN-PB,state,,557.9,6256,6256,3,Asia/Kolkata,FALSE,1356129822
Supauli,Supauli,,26.3829,84.6722,India,IN,IND,Bihār,Bihar,IN-BR,state,,1107.7,6256,6256,3,Asia/Kolkata,TRUE,1356825576
Sakhara,Sakhara,,24.9091,84.1584,India,IN,IND,Bihār,Bihar,IN-BR,state,,4969.8,6256,6256,2,Asia/Kolkata,FALSE,1356133853
Sīsali,Sisali,,16.5424,81.4333,India,IN,IND,Andhra Pradesh,Andhra Pradesh,IN-AP,state,,537.1,6256,6256,3,Asia/Kolkata,FALSE,1356104727
Peālāpur,Pealapur,,25.2458,87.3987,India,IN,IND,Bihār,Bihar,IN-BR,state,,1155.8,6256,6256,3,Asia/Kolkata,TRUE,1356093319
Rāchapalle,Rachapalle,,17.6107,82.7408,India,IN,IND,Andhra Pradesh,Andhra Pradesh,IN-AP,state,,365.4,6256,6256,3,Asia/Kolkata,TRUE,1356439722
Kusahar,Kusahar,,26.3574,84.7005,India,IN,IND,Bihār,Bihar,IN-BR,state,,1107.7,6256,6256,3,Asia/Kolkata,TRUE,1356346515
Musāpur,Musapur,,25.8636,85.7609,India,IN,IND,Bihār,Bihar,IN-BR,state,,1371.3,6255,6255,3,Asia/Kolkata,TRUE,1356802282
Sarwād,Sarwad,,16.8300,75.7300,India,IN,IND,Karnātaka,Karnataka,IN-KA,state,,324.9,6255,6255,3,Asia/Kolkata,FALSE,1356750618
Kunavelampatti,Kunavelampatti,,11.4488,78.1413,India,IN,IND,Tamil Nādu,Tamil Nadu,IN-TN,state,,454.7,6255,6255,3,Asia/Kolkata,FALSE,1356230184
Jagmohra,Jagmohra,,25.7234,86.3587,India,IN,IND,Bihār,Bihar,IN-BR,state,,1050.6,6255,6255,3,Asia/Kolkata,FALSE,1356149000
Chuhari,Chuhari,,26.8941,84.4858,India,IN,IND,Bihār,Bihar,IN-BR,state,,1464.4,6255,6255,3,Asia/Kolkata,FALSE,1356021325
Kannepalle,Kannepalle,,14.6239,76.9782,India,IN,IND,Andhra Pradesh,Andhra Pradesh,IN-AP,state,,214.2,6255,6255,3,Asia/Kolkata,FALSE,1356438439
Gobindpur,Gobindpur,,25.6115,87.2830,India,IN,IND,Bihār,Bihar,IN-BR,state,,1073.3,6255,6255,3,Asia/Kolkata,TRUE,1356021051
Annallūr,Annallur,,10.2955,76.3038,India,IN,IND,Kerala,Kerala,IN-KL,state,,673.0,6254,6254,3,Asia/Kolkata,FALSE,1356508944
Razīganj,Raziganj,,25.7183,87.5021,India,IN,IND,Bihār,Bihar,IN-BR,state,,2499.5,6254,6254,2,Asia/Kolkata,FALSE,1356583338
Mūdabettu,Mudabettu,,13.2678,74.7481,India,IN,IND,Karnātaka,Karnataka,IN-KA,state,,623.4,6254,6254,3,Asia/Kolkata,FALSE,1356724777
Karunākaranallūr,Karunakaranallur,,11.2936,79.5111,India,IN,IND,Tamil Nādu,Tamil Nadu,IN-TN,state,,585.3,6254,6254,3,Asia/Kolkata,FALSE,1356234765
Jandanwāla,Jandanwala,,30.3428,75.0015,India,IN,IND,Punjab,Punjab,IN-PB,state,,637.0,6252,6252,3,Asia/Kolkata,FALSE,1356140403
Dhūma,Dhuma,,22.7536,79.7212,India,IN,IND,Madhya Pradesh,Madhya Pradesh,IN-MP,state,,133.4,6252,6252,4,Asia/Kolkata,TRUE,1356680138
Bairamangalam,Bairamangalam,,12.6449,77.8597,India,IN,IND,Tamil Nādu,Tamil Nadu,IN-TN,state,,289.4,6252,6252,3,Asia/Kolkata,FALSE,1356979020
Harvi,Harvi,,16.0628,77.0642,India,IN,IND,Karnātaka,Karnataka,IN-KA,state,,219.0,6252,6252,3,Asia/Kolkata,TRUE,1356818458
Gadekallu,Gadekallu,,15.1168,77.2446,India,IN,IND,Andhra Pradesh,Andhra Pradesh,IN-AP,state,,163.7,6252,6252,4,Asia/Kolkata,FALSE,1356920716
Kottāmpatti,Kottampatti,Kottampatty,10.2203,78.3766,India,IN,IND,Tamil Nādu,Tamil Nadu,IN-TN,state,,427.4,6251,6251,3,Asia/Kolkata,TRUE,1356248976
Nelikal,Nelikal,,16.6406,79.3339,India,IN,IND,Telangāna,Telangana,IN-TG,state,,190.4,6251,6251,4,Asia/Kolkata,FALSE,1356364345
Sāter,Sater,,22.5705,75.7791,India,IN,IND,Madhya Pradesh,Madhya Pradesh,IN-MP,state,,401.1,6251,6251,3,Asia/Kolkata,FALSE,1356782177
Barajāngaon,Barajangaon,,26.3294,89.8867,India,IN,IND,Assam,Assam,IN-AS,state,,347.1,6251,6251,3,Asia/Kolkata,FALSE,1356191052
Pilakhwār,Pilakhwar,,26.3627,86.1099,India,IN,IND,Bihār,Bihar,IN-BR,state,,1599.2,6251,6251,3,Asia/Kolkata,FALSE,1356498535
Māmballi,Mamballi,,12.0600,77.0400,India,IN,IND,Karnātaka,Karnataka,IN-KA,state,,135.8,6250,6250,3,Asia/Kolkata,FALSE,1356145206
Ātmakur,Atmakur,Atmakur,17.2338,79.6954,India,IN,IND,Telangāna,Telangana,IN-TG,state,,264.0,6250,6250,3,Asia/Kolkata,TRUE,1356370556
Purainiyā,Purainiya,,26.8550,84.9413,India,IN,IND,Bihār,Bihar,IN-BR,state,,1414.8,6250,6250,3,Asia/Kolkata,FALSE,1356012453
Ghorahāt,Ghorahat,,25.8797,84.5393,India,IN,IND,Bihār,Bihar,IN-BR,state,,1671.3,6250,6250,3,Asia/Kolkata,FALSE,1356757598
Ālagrāmam,Alagramam,,12.1778,79.5701,India,IN,IND,Tamil Nādu,Tamil Nadu,IN-TN,state,,533.0,6250,6250,3,Asia/Kolkata,FALSE,1356041756
Potgāmpur,Potgampur,,33.9080,74.9990,India,IN,IND,Jammu and Kashmīr,Jammu and Kashmir,IN-JK,state,,629.5,6250,6250,3,Asia/Kolkata,FALSE,1356137930
Cheria Bariārpur,Cheria Bariarpur,,25.5828,86.0899,India,IN,IND,Bihār,Bihar,IN-BR,state,,1555.6,6248,6248,3,Asia/Kolkata,FALSE,1356043050
Pūgu,Pugu,,23.0451,84.5737,India,IN,IND,Jhārkhand,Jharkhand,IN-JH,state,,454.6,6248,6248,3,Asia/Kolkata,FALSE,1356193500
Khetko,Khetko,,24.0017,85.9103,India,IN,IND,Jhārkhand,Jharkhand,IN-JH,state,,693.7,6248,6248,3,Asia/Kolkata,FALSE,1356255977
Panāniān,Pananian,,24.4949,84.6428,India,IN,IND,Bihār,Bihar,IN-BR,state,,1133.8,6248,6248,3,Asia/Kolkata,FALSE,1356121673
Chevūru,Chevuru,,15.0046,80.0090,India,IN,IND,Andhra Pradesh,Andhra Pradesh,IN-AP,state,,206.4,6247,6247,3,Asia/Kolkata,FALSE,1356888759
Sekkodi,Sekkodi,,12.1804,78.0822,India,IN,IND,Tamil Nādu,Tamil Nadu,IN-TN,state,,523.1,6247,6247,3,Asia/Kolkata,FALSE,1356273433
Hebbāl,Hebbal,,12.4639,76.3507,India,IN,IND,Karnātaka,Karnataka,IN-KA,state,,516.1,6247,6247,3,Asia/Kolkata,TRUE,1356019746
Arkula,Arkula,,12.8743,74.9435,India,IN,IND,Karnātaka,Karnataka,IN-KA,state,,1895.8,6247,6247,3,Asia/Kolkata,FALSE,1356775010
Dasrathpur,Dasrathpur,,20.8319,86.4516,India,IN,IND,Odisha,Odisha,IN-OR,state,,858.0,6247,6247,3,Asia/Kolkata,FALSE,1356616029
Alevūr,Alevur,,13.3101,74.7886,India,IN,IND,Karnātaka,Karnataka,IN-KA,state,,623.4,6247,6247,3,Asia/Kolkata,FALSE,1356054613
Sijaulia,Sijaulia,,26.3442,86.4338,India,IN,IND,Bihār,Bihar,IN-BR,state,,1249.7,6246,6246,3,Asia/Kolkata,FALSE,1356590140
Karippādattupādam,Karippadattupadam,,9.8410,76.4476,India,IN,IND,Kerala,Kerala,IN-KL,state,,1035.1,6246,6246,3,Asia/Kolkata,FALSE,1356162175
Tenka Yedapadavu,Tenka Yedapadavu,,12.9953,74.9642,India,IN,IND,Karnātaka,Karnataka,IN-KA,state,,1895.8,6246,6246,3,Asia/Kolkata,FALSE,1356189497
Bāishāta,Baishata,,22.1329,88.4670,India,IN,IND,West Bengal,West Bengal,IN-WB,state,,1687.8,6245,6245,3,Asia/Kolkata,FALSE,1356128144
Hebsūr,Hebsur,,15.4486,75.3037,India,IN,IND,Karnātaka,Karnataka,IN-KA,state,,224.7,6245,6245,3,Asia/Kolkata,TRUE,1356740949
Sihmān,Sihman,,25.7401,86.0930,India,IN,IND,Bihār,Bihar,IN-BR,state,,1897.1,6244,6244,3,Asia/Kolkata,FALSE,1356554392
Bharmasāgara,Bharmasagara,,14.2200,76.4000,India,IN,IND,Karnātaka,Karnataka,IN-KA,state,,330.0,6244,6244,3,Asia/Kolkata,FALSE,1356075234
Murdewa,Murdewa,,25.8571,85.8529,India,IN,IND,Bihār,Bihar,IN-BR,state,,1903.4,6244,6244,3,Asia/Kolkata,FALSE,1356262202
Gunnampalle,Gunnampalle,,16.8740,81.3184,India,IN,IND,Andhra Pradesh,Andhra Pradesh,IN-AP,state,,262.3,6243,6243,3,Asia/Kolkata,FALSE,1356447861
Mādgiri,Madgiri,,16.0936,77.0754,India,IN,IND,Karnātaka,Karnataka,IN-KA,state,,219.0,6243,6243,3,Asia/Kolkata,FALSE,1356215521
Perumālpālaiyam,Perumalpalaiyam,,11.6745,78.3078,India,IN,IND,Tamil Nādu,Tamil Nadu,IN-TN,state,,552.9,6243,6243,3,Asia/Kolkata,TRUE,1356225077
Lasoi,Lasoi,Lasoī,30.5857,76.0118,India,IN,IND,Punjab,Punjab,IN-PB,state,,821.0,6243,6243,3,Asia/Kolkata,FALSE,1356864398
Malliāl,Mallial,,18.5766,78.7595,India,IN,IND,Telangāna,Telangana,IN-TG,state,,242.2,6243,6243,3,Asia/Kolkata,TRUE,1356119227
Utra,Utra,,26.5165,85.8465,India,IN,IND,Bihār,Bihar,IN-BR,state,,1131.2,6243,6243,3,Asia/Kolkata,TRUE,1356028564
Nāgavaram,Nagavaram,,14.0407,79.3560,India,IN,IND,Andhra Pradesh,Andhra Pradesh,IN-AP,state,,133.3,6242,6242,4,Asia/Kolkata,TRUE,1356310909
Mādhopur,Madhopur,,27.2224,84.4845,India,IN,IND,Bihār,Bihar,IN-BR,state,,484.6,6242,6242,3,Asia/Kolkata,TRUE,1356840902
Banivikallu,Banivikallu,,14.7650,76.4382,India,IN,IND,Karnātaka,Karnataka,IN-KA,state,,230.8,6242,6242,3,Asia/Kolkata,FALSE,1356092356
Korlagondi,Korlagondi,,15.2900,77.0400,India,IN,IND,Karnātaka,Karnataka,IN-KA,state,,600.0,6240,6240,3,Asia/Kolkata,FALSE,1356607479
Narasāpura,Narasapura,Narasapur,13.1382,78.0047,India,IN,IND,Karnātaka,Karnataka,IN-KA,state,,498.0,6240,6240,3,Asia/Kolkata,TRUE,1356123400
Sonai,Sonai,,26.5340,85.8945,India,IN,IND,Bihār,Bihar,IN-BR,state,,1260.0,6239,6239,3,Asia/Kolkata,TRUE,1356576860
Indarwa,Indarwa,,27.1458,84.6758,India,IN,IND,Bihār,Bihar,IN-BR,state,,910.5,6239,6239,3,Asia/Kolkata,TRUE,1356651954
Nallattipālaiyam,Nallattipalaiyam,,10.7870,77.0318,India,IN,IND,Tamil Nādu,Tamil Nadu,IN-TN,state,,618.3,6239,6239,3,Asia/Kolkata,FALSE,1356170802
Belekeri,Belekeri,Belikeri,14.7000,74.2670,India,IN,IND,Karnātaka,Karnataka,IN-KA,state,,129.4,6238,6238,3,Asia/Kolkata,FALSE,1356729579
Munanjippatti,Munanjippatti,,8.5177,77.7997,India,IN,IND,Tamil Nādu,Tamil Nadu,IN-TN,state,,282.3,6238,6238,3,Asia/Kolkata,FALSE,1356219243
Nonauti,Nonauti,,25.7137,86.7897,India,IN,IND,Bihār,Bihar,IN-BR,state,,1420.3,6238,6238,3,Asia/Kolkata,FALSE,1356032863
Chhatalam,Chhatalam,,34.0130,74.9425,India,IN,IND,Jammu and Kashmīr,Jammu and Kashmir,IN-JK,state,,3287.2,6238,6238,2,Asia/Kolkata,FALSE,1356810148
Dakāchya,Dakachya,,22.8573,75.9669,India,IN,IND,Madhya Pradesh,Madhya Pradesh,IN-MP,state,,354.1,6238,6238,3,Asia/Kolkata,FALSE,1356902852
Murhadi,Murhadi,,26.4492,86.2615,India,IN,IND,Bihār,Bihar,IN-BR,state,,1116.4,6238,6238,3,Asia/Kolkata,FALSE,1356500740
Gopīnagar,Gopinagar,,25.7006,87.7555,India,IN,IND,Bihār,Bihar,IN-BR,state,,1331.5,6238,6238,3,Asia/Kolkata,TRUE,1356620182
Jagatpur,Jagatpur,,25.6850,87.9603,India,IN,IND,Bihār,Bihar,IN-BR,state,,1260.2,6237,6237,3,Asia/Kolkata,TRUE,1356080622
Jaso,Jaso,,24.4988,80.5013,India,IN,IND,Madhya Pradesh,Madhya Pradesh,IN-MP,state,,278.1,6235,6235,3,Asia/Kolkata,FALSE,1356126114
Bahera,Bahera,,24.9827,86.3323,India,IN,IND,Bihār,Bihar,IN-BR,state,,483.3,6235,6235,3,Asia/Kolkata,TRUE,1356214121
Kudaigippatti,Kudaigippatti,,10.3620,78.1979,India,IN,IND,Tamil Nādu,Tamil Nadu,IN-TN,state,,325.6,6235,6235,3,Asia/Kolkata,FALSE,1356223346
Diwān,Diwan,,24.6152,85.0045,India,IN,IND,Bihār,Bihar,IN-BR,state,,1043.3,6235,6235,3,Asia/Kolkata,FALSE,1356231187
Kālānaur,Kalanaur,,25.0953,85.0124,India,IN,IND,Bihār,Bihar,IN-BR,state,,1294.8,6235,6235,3,Asia/Kolkata,FALSE,1356143052
Manjanāyakkanpatti,Manjanayakkanpatti,,10.4879,77.6204,India,IN,IND,Tamil Nādu,Tamil Nadu,IN-TN,state,,274.4,6234,6234,3,Asia/Kolkata,TRUE,1356213207
Petādampatti,Petadampatti,,11.9865,78.4666,India,IN,IND,Tamil Nādu,Tamil Nadu,IN-TN,state,,362.0,6234,6234,3,Asia/Kolkata,FALSE,1356246366
Kauria,Kauria,,22.9442,78.8161,India,IN,IND,Madhya Pradesh,Madhya Pradesh,IN-MP,state,,341.1,6234,6234,3,Asia/Kolkata,FALSE,1356080827
Patrātu,Patratu,,23.5363,84.9421,India,IN,IND,Jhārkhand,Jharkhand,IN-JH,state,,630.3,6234,6234,3,Asia/Kolkata,TRUE,1356196272
Lauhka,Lauhka,,31.3480,74.8783,India,IN,IND,Punjab,Punjab,IN-PB,state,,465.6,6234,6234,3,Asia/Kolkata,FALSE,1356086487
Kona Sāgara,Kona Sagara,,14.7200,76.7600,India,IN,IND,Karnātaka,Karnataka,IN-KA,state,,206.1,6234,6234,3,Asia/Kolkata,FALSE,1356741548
Kempanapura,Kempanapura,,12.0123,76.9899,India,IN,IND,Karnātaka,Karnataka,IN-KA,state,,315.6,6233,6233,3,Asia/Kolkata,FALSE,1356975307
Hanchināl,Hanchinal,,15.6811,75.2412,India,IN,IND,Karnātaka,Karnataka,IN-KA,state,,253.6,6232,6232,3,Asia/Kolkata,TRUE,1356456816
Pāiuvāyi,Paiuvayi,,16.5426,79.4970,India,IN,IND,Andhra Pradesh,Andhra Pradesh,IN-AP,state,,368.0,6231,6231,3,Asia/Kolkata,FALSE,1356676097
Selattānpatti,Selattanpatti,,11.6628,78.0946,India,IN,IND,Tamil Nādu,Tamil Nadu,IN-TN,state,,2788.0,6231,6231,2,Asia/Kolkata,FALSE,1356228033
Melvalaivu,Melvalaivu,,10.1006,78.3191,India,IN,IND,Tamil Nādu,Tamil Nadu,IN-TN,state,,427.4,6230,6230,3,Asia/Kolkata,FALSE,1356202217
Mansur Chak,Mansur Chak,,25.6231,85.9208,India,IN,IND,Bihār,Bihar,IN-BR,state,,1573.0,6230,6230,3,Asia/Kolkata,FALSE,1356028487
Kottappulli,Kottappulli,,10.4351,77.8769,India,IN,IND,Tamil Nādu,Tamil Nadu,IN-TN,state,,642.5,6229,6229,3,Asia/Kolkata,FALSE,1356246157
Jakrānpalli,Jakranpalli,,18.7175,78.2772,India,IN,IND,Telangāna,Telangana,IN-TG,state,,457.3,6228,6228,3,Asia/Kolkata,FALSE,1356483374
Chanduār,Chanduar,,26.0939,87.8354,India,IN,IND,Bihār,Bihar,IN-BR,state,,1393.6,6227,6227,3,Asia/Kolkata,FALSE,1356969271
Sanagalagūdūru,Sanagalaguduru,,14.8138,78.0403,India,IN,IND,Andhra Pradesh,Andhra Pradesh,IN-AP,state,,121.3,6227,6227,4,Asia/Kolkata,FALSE,1356038290
Taping,Taping,,23.8369,85.4945,India,IN,IND,Jhārkhand,Jharkhand,IN-JH,state,,304.8,6226,6226,3,Asia/Kolkata,FALSE,1356259144
Basuāra,Basuara,,26.3256,86.0491,India,IN,IND,Bihār,Bihar,IN-BR,state,,2565.5,6226,6226,2,Asia/Kolkata,FALSE,1356736698
Kottapalle,Kottapalle,,16.3150,79.9120,India,IN,IND,Andhra Pradesh,Andhra Pradesh,IN-AP,state,,533.0,6226,6226,3,Asia/Kolkata,TRUE,1356347545
Nasurullābād,Nasurullabad,,16.7276,78.1990,India,IN,IND,Telangāna,Telangana,IN-TG,state,,444.2,6226,6226,3,Asia/Kolkata,FALSE,1356049207
Chennampalli,Chennampalli,,14.7260,79.0380,India,IN,IND,Andhra Pradesh,Andhra Pradesh,IN-AP,state,,228.8,6226,6226,3,Asia/Kolkata,TRUE,1356143368
Vembakkottai,Vembakkottai,Vembakottai,9.3333,77.7667,India,IN,IND,Tamil Nādu,Tamil Nadu,IN-TN,state,,768.8,6225,6225,3,Asia/Kolkata,FALSE,1356111964
Jorpura,Jorpura,,25.6607,85.6059,India,IN,IND,Bihār,Bihar,IN-BR,state,,1602.1,6225,6225,3,Asia/Kolkata,FALSE,1356411316
Gullapalli,Gullapalli,,18.7909,79.0585,India,IN,IND,Telangāna,Telangana,IN-TG,state,,312.5,6225,6225,3,Asia/Kolkata,TRUE,1356922010
Padu,Padu,,13.2285,74.7410,India,IN,IND,Karnātaka,Karnataka,IN-KA,state,,623.4,6225,6225,3,Asia/Kolkata,TRUE,1356214620
Thuvanūr,Thuvanur,,10.5728,76.1273,India,IN,IND,Kerala,Kerala,IN-KL,state,,954.7,6225,6225,3,Asia/Kolkata,FALSE,1356561177
Rāmegaudanapura,Ramegaudanapura,,12.1500,77.1000,India,IN,IND,Karnātaka,Karnataka,IN-KA,state,,236.6,6223,6223,3,Asia/Kolkata,FALSE,1356743043
Goneboinpalli,Goneboinpalli,,16.5435,78.8173,India,IN,IND,Telangāna,Telangana,IN-TG,state,,158.1,6223,6223,4,Asia/Kolkata,FALSE,1356631427
Khudwān,Khudwan,,24.9556,84.4871,India,IN,IND,Bihār,Bihar,IN-BR,state,,953.0,6223,6223,3,Asia/Kolkata,FALSE,1356318519
Mohani,Mohani,,25.8499,87.5034,India,IN,IND,Bihār,Bihar,IN-BR,state,,999.2,6223,6223,3,Asia/Kolkata,TRUE,1356732645
Kanamarlapūdi,Kanamarlapudi,,16.1000,79.8000,India,IN,IND,Andhra Pradesh,Andhra Pradesh,IN-AP,state,,435.4,6222,6222,3,Asia/Kolkata,FALSE,1356116115
Chimre,Chimre,,33.9700,77.8000,India,IN,IND,Jammu and Kashmīr,Jammu and Kashmir,IN-JK,state,,3.7,6222,6222,3,Asia/Kolkata,FALSE,1356294721
Amla,Amla,,23.0129,75.3284,India,IN,IND,Madhya Pradesh,Madhya Pradesh,IN-MP,state,,249.3,6221,6221,3,Asia/Kolkata,TRUE,1356031682
Vittal Mūdnūru,Vittal Mudnuru,,12.9000,75.0300,India,IN,IND,Karnātaka,Karnataka,IN-KA,state,,616.8,6221,6221,3,Asia/Kolkata,FALSE,1356060079
Gurrapusāla,Gurrapusala,,15.9573,79.2302,India,IN,IND,Andhra Pradesh,Andhra Pradesh,IN-AP,state,,64.1,6219,6219,4,Asia/Kolkata,FALSE,1356108945
Dehria Sāh,Dehria Sah,,22.7735,76.2328,India,IN,IND,Madhya Pradesh,Madhya Pradesh,IN-MP,state,,323.1,6219,6219,3,Asia/Kolkata,FALSE,1356004402
Parmānandpur,Parmanandpur,,25.7358,85.1216,India,IN,IND,Bihār,Bihar,IN-BR,state,,1648.8,6219,6219,3,Asia/Kolkata,TRUE,1356539461
Mukkela,Mukkela,,15.4037,77.6340,India,IN,IND,Andhra Pradesh,Andhra Pradesh,IN-AP,state,,173.4,6219,6219,4,Asia/Kolkata,FALSE,1356510940
Mānikpur,Manikpur,,25.6912,85.7314,India,IN,IND,Bihār,Bihar,IN-BR,state,,1945.8,6217,6217,3,Asia/Kolkata,TRUE,1356105587
Koppa,Koppa,,12.7103,76.9577,India,IN,IND,Karnātaka,Karnataka,IN-KA,state,,477.2,6217,6217,3,Asia/Kolkata,TRUE,1356089726
Karmatānr,Karmatanr,,24.0833,86.7000,India,IN,IND,Jhārkhand,Jharkhand,IN-JH,state,,528.5,6217,6217,3,Asia/Kolkata,TRUE,1356600575
Podia,Podia,Parhia|Poreh,18.1743,81.5399,India,IN,IND,Odisha,Odisha,IN-OR,state,,106.7,6217,6217,4,Asia/Kolkata,FALSE,1356419178
Sakri,Sakri,,25.0372,83.8032,India,IN,IND,Bihār,Bihar,IN-BR,state,,1177.9,6217,6217,3,Asia/Kolkata,TRUE,1356775239
Mutlūr,Mutlur,,11.4438,79.7124,India,IN,IND,Tamil Nādu,Tamil Nadu,IN-TN,state,,973.7,6217,6217,3,Asia/Kolkata,FALSE,1356240477
Damriguri,Damriguri,,26.4243,89.9064,India,IN,IND,Assam,Assam,IN-AS,state,,328.7,6216,6216,3,Asia/Kolkata,FALSE,1356342497
Kondramutla,Kondramutla,,16.1167,79.7500,India,IN,IND,Andhra Pradesh,Andhra Pradesh,IN-AP,state,,219.1,6215,6215,3,Asia/Kolkata,FALSE,1356984109
Mādanūr,Madanur,,12.8755,78.8481,India,IN,IND,Tamil Nādu,Tamil Nadu,IN-TN,state,,870.6,6215,6215,3,Asia/Kolkata,FALSE,1356087225
Mohangarh,Mohangarh,,24.9952,78.6821,India,IN,IND,Madhya Pradesh,Madhya Pradesh,IN-MP,state,,239.7,6215,6215,3,Asia/Kolkata,TRUE,1356507559
Madkai,Madkai,Marcaim,15.4230,73.9511,India,IN,IND,Goa,Goa,IN-GA,state,,656.2,6215,6215,3,Asia/Kolkata,FALSE,1356525330
Naiagaon,Naiagaon,,24.9609,80.3817,India,IN,IND,Madhya Pradesh,Madhya Pradesh,IN-MP,state,,279.4,6214,6214,3,Asia/Kolkata,TRUE,1356417638
Kewatna,Kewatna,,26.2794,86.4058,India,IN,IND,Bihār,Bihar,IN-BR,state,,1768.6,6214,6214,3,Asia/Kolkata,FALSE,1356840417
Pithora Kalān,Pithora Kalan,Rithorā Kalān|Rithora,26.3992,78.2466,India,IN,IND,Madhya Pradesh,Madhya Pradesh,IN-MP,state,,582.2,6214,6214,3,Asia/Kolkata,FALSE,1356778009
Sakarpur,Sakarpur,,25.3847,86.5023,India,IN,IND,Bihār,Bihar,IN-BR,state,,2323.0,6214,6214,2,Asia/Kolkata,FALSE,1356260744
Edlā,Edla,,24.0397,84.9754,India,IN,IND,Jhārkhand,Jharkhand,IN-JH,state,,265.8,6214,6214,3,Asia/Kolkata,TRUE,1356190619
Bero,Bero,,23.2999,85.0182,India,IN,IND,Jhārkhand,Jharkhand,IN-JH,state,,474.1,6213,6213,3,Asia/Kolkata,FALSE,1356352360
Nimān,Niman,,25.5036,86.2250,India,IN,IND,Bihār,Bihar,IN-BR,state,,2988.4,6213,6213,2,Asia/Kolkata,FALSE,1356024462
Tāllacheruvu,Tallacheruvu,,16.6500,80.0970,India,IN,IND,Andhra Pradesh,Andhra Pradesh,IN-AP,state,,531.9,6213,6213,3,Asia/Kolkata,FALSE,1356250593
Pakki,Pakki,,18.5971,83.4799,India,IN,IND,Andhra Pradesh,Andhra Pradesh,IN-AP,state,,384.4,6213,6213,3,Asia/Kolkata,FALSE,1356088396
Kotāla,Kotala,Yelmokanni,17.9153,78.2339,India,IN,IND,Telangāna,Telangana,IN-TG,state,,259.5,6211,6211,3,Asia/Kolkata,TRUE,1356955781
Ariyalūrtirukkai,Ariyalurtirukkai,,12.0129,79.3834,India,IN,IND,Tamil Nādu,Tamil Nadu,IN-TN,state,,932.5,6211,6211,3,Asia/Kolkata,FALSE,1356741311
Kāmta,Kamta,,25.1858,84.5307,India,IN,IND,Bihār,Bihar,IN-BR,state,,535.5,6211,6211,3,Asia/Kolkata,TRUE,1356146393
Murārpur,Murarpur,,26.5981,84.7939,India,IN,IND,Bihār,Bihar,IN-BR,state,,2830.3,6210,6210,2,Asia/Kolkata,FALSE,1356101870
Harpur,Harpur,,25.7942,86.0528,India,IN,IND,Bihār,Bihar,IN-BR,state,,1897.1,6210,6210,3,Asia/Kolkata,TRUE,1356573446
Repūdi,Repudi,,16.9539,80.6836,India,IN,IND,Andhra Pradesh,Andhra Pradesh,IN-AP,state,,244.3,6209,6209,3,Asia/Kolkata,FALSE,1356179714
Barkona,Barkona,,25.7628,87.3229,India,IN,IND,Bihār,Bihar,IN-BR,state,,994.6,6209,6209,3,Asia/Kolkata,FALSE,1356268963
Tiruppakkuli,Tiruppakkuli,,12.8698,79.6214,India,IN,IND,Tamil Nādu,Tamil Nadu,IN-TN,state,,1102.6,6209,6209,3,Asia/Kolkata,FALSE,1356343886
Gandharvapuri,Gandharvapuri,,23.0473,76.3745,India,IN,IND,Madhya Pradesh,Madhya Pradesh,IN-MP,state,,419.5,6207,6207,3,Asia/Kolkata,FALSE,1356869033
Itwa,Itwa,,25.2620,86.4618,India,IN,IND,Bihār,Bihar,IN-BR,state,,505.4,6207,6207,3,Asia/Kolkata,TRUE,1356602333
Motigām,Motigam,,19.3806,82.1862,India,IN,IND,Odisha,Odisha,IN-OR,state,,205.6,6207,6207,3,Asia/Kolkata,FALSE,1356763753
Harēkala,Harekala,,12.8700,74.8400,India,IN,IND,Karnātaka,Karnataka,IN-KA,state,,1895.8,6207,6207,3,Asia/Kolkata,FALSE,1356279197
Lupung,Lupung,,24.0620,85.3028,India,IN,IND,Jhārkhand,Jharkhand,IN-JH,state,,508.1,6207,6207,3,Asia/Kolkata,FALSE,1356029728
Numar,Numar,,24.9600,86.2936,India,IN,IND,Bihār,Bihar,IN-BR,state,,483.3,6206,6206,3,Asia/Kolkata,FALSE,1356211341
Karuppanpulam,Karuppanpulam,,10.3952,79.7957,India,IN,IND,Tamil Nādu,Tamil Nadu,IN-TN,state,,378.9,6206,6206,3,Asia/Kolkata,FALSE,1356190463
Kīlaiyūr,Kilaiyur,,11.0420,79.0408,India,IN,IND,Tamil Nādu,Tamil Nadu,IN-TN,state,,397.3,6205,6205,3,Asia/Kolkata,TRUE,1356246329
Gollahalli,Gollahalli,,12.7460,77.9701,India,IN,IND,Tamil Nādu,Tamil Nadu,IN-TN,state,,633.7,6205,6205,3,Asia/Kolkata,FALSE,1356909514
Kottakota,Kottakota,,14.2397,77.9402,India,IN,IND,Andhra Pradesh,Andhra Pradesh,IN-AP,state,,136.9,6205,6205,4,Asia/Kolkata,TRUE,1356359903
Krishnarānpur,Krishnaranpur,,22.0561,88.3326,India,IN,IND,West Bengal,West Bengal,IN-WB,state,,1529.0,6204,6204,3,Asia/Kolkata,FALSE,1356861497
Usmānpur,Usmanpur,,25.4620,85.5902,India,IN,IND,Bihār,Bihar,IN-BR,state,,1393.0,6204,6204,3,Asia/Kolkata,FALSE,1356261837
Gopālpur,Gopalpur,Golpāpur,25.7557,85.1118,India,IN,IND,Bihār,Bihar,IN-BR,state,,1648.8,6204,6204,3,Asia/Kolkata,TRUE,1356421585
Rāmnagar,Ramnagar,,22.0036,88.2053,India,IN,IND,West Bengal,West Bengal,IN-WB,state,,1529.0,6203,6203,3,Asia/Kolkata,TRUE,1356987934
Rāmpur Dhobhāhār,Rampur Dhobhahar,,27.8800,81.3500,India,IN,IND,Uttar Pradesh,Uttar Pradesh,IN-UP,state,,683.0,6202,6202,3,Asia/Kolkata,FALSE,1356294386
Maihma Sawāi,Maihma Sawai,,30.3201,74.8349,India,IN,IND,Punjab,Punjab,IN-PB,state,,637.0,6202,6202,3,Asia/Kolkata,FALSE,1356007842
Nathusara,Nathusara,Rāmsara,30.0641,74.2121,India,IN,IND,Punjab,Punjab,IN-PB,state,,337.7,6202,6202,3,Asia/Kolkata,FALSE,1356952846
Nerul,Nerul,,15.5103,73.7809,India,IN,IND,Goa,Goa,IN-GA,state,,1105.5,6201,6201,3,Asia/Kolkata,FALSE,1356084078
Rāmgarh,Ramgarh,,25.8906,78.3293,India,IN,IND,Madhya Pradesh,Madhya Pradesh,IN-MP,state,,409.3,6201,6201,3,Asia/Kolkata,TRUE,1356963066
Amodra,Amodra,,24.4056,72.6421,India,IN,IND,Gujarāt,Gujarat,IN-GJ,state,,223.8,6201,6201,3,Asia/Kolkata,TRUE,1356154357
Govindāram,Govindaram,,18.6702,78.7776,India,IN,IND,Telangāna,Telangana,IN-TG,state,,284.8,6201,6201,3,Asia/Kolkata,FALSE,1356729972
Sarsi Istamrār,Sarsi Istamrar,Sarsi Istamrar,25.8508,87.2902,India,IN,IND,Bihār,Bihar,IN-BR,state,,994.6,6201,6201,3,Asia/Kolkata,FALSE,1356574286
Velūr,Velur,,11.1866,78.7880,India,IN,IND,Tamil Nādu,Tamil Nadu,IN-TN,state,,499.8,6200,6200,3,Asia/Kolkata,TRUE,1356242199
Dhudike,Dhudike,Dhūdike,30.7739,75.3447,India,IN,IND,Punjab,Punjab,IN-PB,state,,485.5,6200,6200,3,Asia/Kolkata,FALSE,1356600538
Dhanora,Dhanora,,21.6292,75.2330,India,IN,IND,Madhya Pradesh,Madhya Pradesh,IN-MP,state,,378.3,6200,6200,3,Asia/Kolkata,TRUE,1356134860
Chhohār,Chhohar,,25.5570,87.3154,India,IN,IND,Bihār,Bihar,IN-BR,state,,1007.6,6200,6200,3,Asia/Kolkata,FALSE,1356527649
Barrāwān,Barrawan,,25.0181,85.5499,India,IN,IND,Bihār,Bihar,IN-BR,state,,1175.3,6198,6198,3,Asia/Kolkata,FALSE,1356099244
Bhardua,Bhardua,,24.9200,83.7948,India,IN,IND,Bihār,Bihar,IN-BR,state,,501.1,6198,6198,3,Asia/Kolkata,FALSE,1356005804
Kathdumar,Kathdumar,,25.7554,86.4448,India,IN,IND,Bihār,Bihar,IN-BR,state,,1620.9,6198,6198,3,Asia/Kolkata,FALSE,1356260386
Madire,Madire,,15.6473,77.2112,India,IN,IND,Andhra Pradesh,Andhra Pradesh,IN-AP,state,,580.7,6198,6198,3,Asia/Kolkata,FALSE,1356750751
Suārmārwa,Suarmarwa,,25.6468,84.8411,India,IN,IND,Bihār,Bihar,IN-BR,state,,1504.0,6198,6198,3,Asia/Kolkata,FALSE,1356050810
Siripuram,Siripuram,,17.1260,79.9041,India,IN,IND,Telangāna,Telangana,IN-TG,state,,233.0,6198,6198,3,Asia/Kolkata,FALSE,1356855122
Amhāra,Amhara,,26.2829,87.3258,India,IN,IND,Bihār,Bihar,IN-BR,state,,1360.9,6197,6197,3,Asia/Kolkata,TRUE,1356658556
Būrandoddi,Burandoddi,,15.7873,77.6869,India,IN,IND,Andhra Pradesh,Andhra Pradesh,IN-AP,state,,284.5,6197,6197,3,Asia/Kolkata,FALSE,1356016760
Argaon,Argaon,,21.3063,83.6977,India,IN,IND,Odisha,Odisha,IN-OR,state,,1080.8,6197,6197,3,Asia/Kolkata,FALSE,1356087054
Harlāpur,Harlapur,,15.4219,75.7742,India,IN,IND,Karnātaka,Karnataka,IN-KA,state,,153.9,6196,6196,3,Asia/Kolkata,TRUE,1356843284
Basai,Basai,Basia,25.1503,78.4088,India,IN,IND,Uttar Pradesh,Uttar Pradesh,IN-UP,state,,427.8,6196,6196,3,Asia/Kolkata,TRUE,1356256262
Deohāra,Deohara,,25.0048,84.5797,India,IN,IND,Bihār,Bihar,IN-BR,state,,1772.0,6196,6196,3,Asia/Kolkata,FALSE,1356787054
Pirāri,Pirari,,27.1504,84.6086,India,IN,IND,Bihār,Bihar,IN-BR,state,,910.5,6196,6196,3,Asia/Kolkata,TRUE,1356127777
Jhamta,Jhamta,,26.2196,87.4463,India,IN,IND,Bihār,Bihar,IN-BR,state,,1681.6,6194,6194,3,Asia/Kolkata,TRUE,1356202755
Chhatargul,Chhatargul,Chhattargul,33.7574,75.3418,India,IN,IND,Jammu and Kashmīr,Jammu and Kashmir,IN-JK,state,,898.7,6194,6194,3,Asia/Kolkata,FALSE,1356851111
Hirgāna,Hirgana,,13.2764,74.9776,India,IN,IND,Karnātaka,Karnataka,IN-KA,state,,178.9,6194,6194,4,Asia/Kolkata,FALSE,1356108180
Sataur,Sataur,,25.9392,86.4215,India,IN,IND,Bihār,Bihar,IN-BR,state,,1145.2,6193,6193,3,Asia/Kolkata,FALSE,1356258996
Madhudi,Madhudi,,13.8166,76.9656,India,IN,IND,Andhra Pradesh,Andhra Pradesh,IN-AP,state,,361.5,6193,6193,3,Asia/Kolkata,FALSE,1356291857
Dhabaili,Dhabaili,,26.3572,87.6488,India,IN,IND,Bihār,Bihar,IN-BR,state,,1079.9,6192,6192,3,Asia/Kolkata,FALSE,1356506677
Palaiyakāyal,Palaiyakayal,,8.6697,78.0933,India,IN,IND,Tamil Nādu,Tamil Nadu,IN-TN,state,,345.4,6192,6192,3,Asia/Kolkata,FALSE,1356214132
Lamber,Lamber,,33.1141,74.3556,India,IN,IND,Jammu and Kashmīr,Jammu and Kashmir,IN-JK,state,,143.2,6192,6192,4,Asia/Kolkata,FALSE,1356041338
Govindapuram,Govindapuram,,13.8878,77.2215,India,IN,IND,Andhra Pradesh,Andhra Pradesh,IN-AP,state,,248.8,6192,6192,3,Asia/Kolkata,TRUE,1356614014
Neranki,Neranki,,12.9900,75.2700,India,IN,IND,Karnātaka,Karnataka,IN-KA,state,,109.6,6191,6191,4,Asia/Kolkata,FALSE,1356454210
Kelagina Irabageri,Kelagina Irabageri,,16.3628,76.9314,India,IN,IND,Karnātaka,Karnataka,IN-KA,state,,201.1,6190,6190,3,Asia/Kolkata,FALSE,1356440629
Nārlāi,Narlai,,25.3167,73.5333,India,IN,IND,Rājasthān,Rajasthan,IN-RJ,state,,286.2,6190,6190,3,Asia/Kolkata,FALSE,1356779575
Mandai Khurd,Mandai Khurd,,24.0301,85.3585,India,IN,IND,Jhārkhand,Jharkhand,IN-JH,state,,1149.3,6189,6189,3,Asia/Kolkata,FALSE,1356066793
Pandaria,Pandaria,,25.7729,86.9656,India,IN,IND,Bihār,Bihar,IN-BR,state,,1084.9,6189,6189,3,Asia/Kolkata,TRUE,1356919791
Devasamudram,Devasamudram,,15.2800,76.3700,India,IN,IND,Karnātaka,Karnataka,IN-KA,state,,596.5,6189,6189,3,Asia/Kolkata,FALSE,1356275533
Elavuttūr,Elavuttur,,10.4833,76.1333,India,IN,IND,Kerala,Kerala,IN-KL,state,,2435.0,6188,6188,2,Asia/Kolkata,FALSE,1356535533
Parambūr,Parambur,,10.4342,78.6390,India,IN,IND,Tamil Nādu,Tamil Nadu,IN-TN,state,,362.7,6188,6188,3,Asia/Kolkata,FALSE,1356174170
Bungal,Bungal,,32.3139,75.7491,India,IN,IND,Punjab,Punjab,IN-PB,state,,964.4,6188,6188,3,Asia/Kolkata,FALSE,1356693111
Morātalāo,Moratalao,,25.2513,85.5199,India,IN,IND,Bihār,Bihar,IN-BR,state,,1118.2,6188,6188,3,Asia/Kolkata,FALSE,1356472190
Bamna,Bamna,Bāmnia,23.0945,74.7616,India,IN,IND,Madhya Pradesh,Madhya Pradesh,IN-MP,state,,359.2,6186,6186,3,Asia/Kolkata,FALSE,1356847342
Mūlagundam,Mulagundam,,15.6280,77.4360,India,IN,IND,Andhra Pradesh,Andhra Pradesh,IN-AP,state,,181.3,6186,6186,4,Asia/Kolkata,FALSE,1356085744
Ālamwāla,Alamwala,,30.2682,74.4216,India,IN,IND,Punjab,Punjab,IN-PB,state,,410.3,6185,6185,3,Asia/Kolkata,FALSE,1356800215
Shankarpur Madhaili,Shankarpur Madhaili,,25.6164,86.9387,India,IN,IND,Bihār,Bihar,IN-BR,state,,1782.8,6184,6184,3,Asia/Kolkata,FALSE,1356079698
Kānhur,Kanhur,,19.0972,74.3856,India,IN,IND,Mahārāshtra,Maharashtra,IN-MH,state,,160.5,6184,6184,4,Asia/Kolkata,FALSE,1356632641
Obulesunipalle,Obulesunipalle,,16.4217,79.5578,India,IN,IND,Andhra Pradesh,Andhra Pradesh,IN-AP,state,,219.1,6182,6182,3,Asia/Kolkata,FALSE,1356625736
Kāmākshipuram,Kamakshipuram,,10.4471,77.8277,India,IN,IND,Tamil Nādu,Tamil Nadu,IN-TN,state,,642.5,6182,6182,3,Asia/Kolkata,TRUE,1356246665
Sahwa,Sahwa,,26.0043,84.8259,India,IN,IND,Bihār,Bihar,IN-BR,state,,2433.2,6182,6182,2,Asia/Kolkata,FALSE,1356807385
Tongattipālaiyam,Tongattipalaiyam,,11.0241,77.4144,India,IN,IND,Tamil Nādu,Tamil Nadu,IN-TN,state,,2019.3,6182,6182,2,Asia/Kolkata,FALSE,1356165974
Bishunpur Diha,Bishunpur Diha,,25.8294,86.1793,India,IN,IND,Bihār,Bihar,IN-BR,state,,2464.7,6182,6182,2,Asia/Kolkata,FALSE,1356091827
Garhi,Garhi,,23.3980,78.1413,India,IN,IND,Madhya Pradesh,Madhya Pradesh,IN-MP,state,,178.6,6181,6181,4,Asia/Kolkata,TRUE,1356261196
Bhitari,Bhitari,,24.3718,81.5658,India,IN,IND,Madhya Pradesh,Madhya Pradesh,IN-MP,state,,553.7,6181,6181,3,Asia/Kolkata,FALSE,1356006982
Kesānupalle,Kesanupalle,Kesanapalli,16.5835,79.7402,India,IN,IND,Andhra Pradesh,Andhra Pradesh,IN-AP,state,,322.5,6181,6181,3,Asia/Kolkata,FALSE,1356231844
Indamangalam,Indamangalam,,12.2208,78.2354,India,IN,IND,Tamil Nādu,Tamil Nadu,IN-TN,state,,509.5,6181,6181,3,Asia/Kolkata,FALSE,1356819962
Panaiyūr,Panaiyur,,9.2602,77.4943,India,IN,IND,Tamil Nādu,Tamil Nadu,IN-TN,state,,368.6,6181,6181,3,Asia/Kolkata,TRUE,1356209022
Konasamudram,Konasamudram,,13.2721,79.4592,India,IN,IND,Tamil Nādu,Tamil Nadu,IN-TN,state,,895.3,6180,6180,3,Asia/Kolkata,FALSE,1356274123
Rungnia,Rungnia,,21.3135,83.6289,India,IN,IND,Odisha,Odisha,IN-OR,state,,698.4,6180,6180,3,Asia/Kolkata,FALSE,1356027153
Nauvanandi,Nauvanandi,,18.6071,78.4711,India,IN,IND,Telangāna,Telangana,IN-TG,state,,155.4,6180,6180,4,Asia/Kolkata,FALSE,1356069092
Battamdoddi,Battamdoddi,,13.3119,78.6063,India,IN,IND,Andhra Pradesh,Andhra Pradesh,IN-AP,state,,324.7,6180,6180,3,Asia/Kolkata,FALSE,1356775485
Taruvaikkulam,Taruvaikkulam,,8.8950,78.1660,India,IN,IND,Tamil Nādu,Tamil Nadu,IN-TN,state,,16.75,6178,6178,3,Asia/Kolkata,FALSE,1356347726
Silet,Silet,,25.8342,86.7027,India,IN,IND,Bihār,Bihar,IN-BR,state,,1117.1,6178,6178,3,Asia/Kolkata,FALSE,1356200116
Hasanpur,Hasanpur,,25.7079,86.1920,India,IN,IND,Bihār,Bihar,IN-BR,state,,3659.1,6177,6177,2,Asia/Kolkata,TRUE,1356837656
Guddadarangappanahalli,Guddadarangappanahalli,,14.2909,76.3943,India,IN,IND,Karnātaka,Karnataka,IN-KA,state,,330.0,6177,6177,3,Asia/Kolkata,FALSE,1356870479
Hātinda,Hatinda,,25.4157,87.9879,India,IN,IND,West Bengal,West Bengal,IN-WB,state,,1843.3,6177,6177,3,Asia/Kolkata,FALSE,1356128827
Annaram,Annaram,,18.4094,79.2357,India,IN,IND,Telangāna,Telangana,IN-TG,state,,373.0,6177,6177,3,Asia/Kolkata,TRUE,1356810843
Desanūru,Desanuru,,15.6300,76.9000,India,IN,IND,Karnātaka,Karnataka,IN-KA,state,,270.0,6176,6176,3,Asia/Kolkata,FALSE,1356592288
Ukkirankottai,Ukkirankottai,,8.9109,77.5997,India,IN,IND,Tamil Nādu,Tamil Nadu,IN-TN,state,,1435.1,6176,6176,3,Asia/Kolkata,FALSE,1356208624
Adwitnagar,Adwitnagar,,24.6296,87.8986,India,IN,IND,West Bengal,West Bengal,IN-WB,state,,1658.1,6176,6176,3,Asia/Kolkata,FALSE,1356745721
Uppalapādu,Uppalapadu,,16.3061,80.5163,India,IN,IND,Andhra Pradesh,Andhra Pradesh,IN-AP,state,,372.0,6175,6175,3,Asia/Kolkata,TRUE,1356011784
Jhirwa Pachhiāri,Jhirwa Pachhiari,,26.1821,87.2610,India,IN,IND,Bihār,Bihar,IN-BR,state,,1393.4,6174,6174,3,Asia/Kolkata,FALSE,1356132431
Jātkauli,Jatkauli,,25.9890,85.1830,India,IN,IND,Bihār,Bihar,IN-BR,state,,1389.9,6174,6174,3,Asia/Kolkata,FALSE,1356127253
Makhepār,Makhepar,,21.5986,79.6547,India,IN,IND,Madhya Pradesh,Madhya Pradesh,IN-MP,state,,147.8,6174,6174,4,Asia/Kolkata,FALSE,1356869111
Āusgrām,Ausgram,,23.5176,87.6661,India,IN,IND,West Bengal,West Bengal,IN-WB,state,,247.6,6174,6174,3,Asia/Kolkata,FALSE,1356456394
Dhandāri,Dhandari,,25.4844,86.2989,India,IN,IND,Bihār,Bihar,IN-BR,state,,2019.8,6173,6173,2,Asia/Kolkata,FALSE,1356858875
Mallikuttai,Mallikuttai,,12.1895,78.1679,India,IN,IND,Tamil Nādu,Tamil Nadu,IN-TN,state,,509.5,6173,6173,3,Asia/Kolkata,FALSE,1356020157
Kallambella,Kallambella,,13.6315,76.9245,India,IN,IND,Karnātaka,Karnataka,IN-KA,state,,210.4,6173,6173,3,Asia/Kolkata,FALSE,1356128670
Chejerla,Chejerla,,14.5167,79.5667,India,IN,IND,Andhra Pradesh,Andhra Pradesh,IN-AP,state,,195.3,6172,6172,3,Asia/Kolkata,TRUE,1356353769
Rāmasāgaram,Ramasagaram,,15.2800,76.3700,India,IN,IND,Karnātaka,Karnataka,IN-KA,state,,596.5,6172,6172,3,Asia/Kolkata,FALSE,1356966884
Yedutla,Yedutla,,16.3574,78.1734,India,IN,IND,Telangāna,Telangana,IN-TG,state,,269.6,6172,6172,3,Asia/Kolkata,FALSE,1356975077
Bannikuppe,Bannikuppe,,12.3180,76.3566,India,IN,IND,Karnātaka,Karnataka,IN-KA,state,,347.2,6172,6172,3,Asia/Kolkata,TRUE,1356522103
Tamparsara,Tamparsara,,21.3336,83.8598,India,IN,IND,Odisha,Odisha,IN-OR,state,,298.2,6171,6171,3,Asia/Kolkata,FALSE,1356336595
Mādhopur,Madhopur,,26.2912,87.0481,India,IN,IND,Bihār,Bihar,IN-BR,state,,1049.5,6171,6171,3,Asia/Kolkata,TRUE,1356937217
Simuāra,Simuara,,24.9665,84.8251,India,IN,IND,Bihār,Bihar,IN-BR,state,,540.8,6171,6171,3,Asia/Kolkata,FALSE,1356636448
Dhanmaata,Dhanmaata,,33.3433,75.2408,India,IN,IND,Jammu and Kashmīr,Jammu and Kashmir,IN-JK,state,,276.8,6171,6171,3,Asia/Kolkata,FALSE,1356651573
Siryewāla,Siryewala,,30.4907,75.0471,India,IN,IND,Punjab,Punjab,IN-PB,state,,376.1,6171,6171,3,Asia/Kolkata,FALSE,1356315782
Alagāpuri,Alagapuri,,9.8112,77.4123,India,IN,IND,Tamil Nādu,Tamil Nadu,IN-TN,state,,578.9,6171,6171,3,Asia/Kolkata,TRUE,1356242681
Bokantari,Bokantari,,26.3783,87.5205,India,IN,IND,Bihār,Bihar,IN-BR,state,,797.8,6171,6171,3,Asia/Kolkata,FALSE,1356030488
Varavanai,Varavanai,,10.6614,78.2700,India,IN,IND,Tamil Nādu,Tamil Nadu,IN-TN,state,,292.8,6169,6169,3,Asia/Kolkata,FALSE,1356220040
Genganellūr,Genganellur,,12.8745,78.9909,India,IN,IND,Tamil Nādu,Tamil Nadu,IN-TN,state,,834.4,6168,6168,3,Asia/Kolkata,FALSE,1356670697
Unāso Pachgāchhi,Unaso Pachgachhi,,25.6057,87.8160,India,IN,IND,Bihār,Bihar,IN-BR,state,,1557.5,6168,6168,3,Asia/Kolkata,FALSE,1356994369
Kokkanūr,Kokkanur,,14.3883,75.6813,India,IN,IND,Karnātaka,Karnataka,IN-KA,state,,575.9,6168,6168,3,Asia/Kolkata,FALSE,1356039431
Ghiwāhi,Ghiwahi,,25.8803,86.0674,India,IN,IND,Bihār,Bihar,IN-BR,state,,1858.3,6167,6167,3,Asia/Kolkata,FALSE,1356026902
Sighia,Sighia,,25.6479,87.9598,India,IN,IND,Bihār,Bihar,IN-BR,state,,1260.2,6167,6167,3,Asia/Kolkata,FALSE,1356556757
Ujān,Ujan,,25.6652,86.3166,India,IN,IND,Bihār,Bihar,IN-BR,state,,2000.7,6167,6167,2,Asia/Kolkata,FALSE,1356811496
Āndimatam,Andimatam,Andimadam,11.3353,79.3758,India,IN,IND,Tamil Nādu,Tamil Nadu,IN-TN,state,,614.7,6165,6165,3,Asia/Kolkata,FALSE,1356876971
Madan Chak,Madan Chak,,26.3602,84.1616,India,IN,IND,Uttar Pradesh,Uttar Pradesh,IN-UP,state,,1384.1,6165,6165,3,Asia/Kolkata,FALSE,1356044650
Mulagapūdi,Mulagapudi,,17.4211,82.3873,India,IN,IND,Andhra Pradesh,Andhra Pradesh,IN-AP,state,,284.4,6165,6165,3,Asia/Kolkata,TRUE,1356181393
Mandhāna,Mandhana,,28.9128,76.1147,India,IN,IND,Haryāna,Haryana,IN-HR,state,,639.4,6164,6164,3,Asia/Kolkata,FALSE,1356047134
Mainātānr,Mainatanr,Mamātānr,27.0930,84.6439,India,IN,IND,Bihār,Bihar,IN-BR,state,,910.5,6163,6163,3,Asia/Kolkata,FALSE,1356156339
Chilakapālem,Chilakapalem,,18.2710,83.8040,India,IN,IND,Andhra Pradesh,Andhra Pradesh,IN-AP,state,,1517.7,6162,6162,3,Asia/Kolkata,FALSE,1356621172
Morkhi,Morkhi,,29.2764,76.5347,India,IN,IND,Haryāna,Haryana,IN-HR,state,,509.7,6162,6162,3,Asia/Kolkata,FALSE,1356882822