city,city_ascii,city_alt,lat,lng,country,iso2,iso3,admin_name,admin_name_ascii,admin_code,admin_type,capital,density,population,population_proper,ranking,timezone,same_name,id
Ulak Kembahang,Ulak Kembahang,,-3.1620,104.7480,Indonesia,ID,IDN,Sumatera Selatan,Sumatera Selatan,ID-SS,province,,198.5,,,4,Asia/Jakarta,FALSE,1360505854
Ulak Kembahang,Ulak Kembahang,Juwikungkup|Jawi Kungkup,-3.5440,104.6050,Indonesia,ID,IDN,Sumatera Selatan,Sumatera Selatan,ID-SS,province,,198.5,,,4,Asia/Jakarta,TRUE,1360807248
Terban,Terban,,-6.7945,110.9447,Indonesia,ID,IDN,Jawa Tengah,Jawa Tengah,ID-JT,province,,2001.2,,,2,Asia/Jakarta,FALSE,1360700209
Terban,Terban,,-7.6753,110.7450,Indonesia,ID,IDN,Jawa Tengah,Jawa Tengah,ID-JT,province,,1721.4,,,3,Asia/Jakarta,TRUE,1360674127
Terban,Terban,,-6.9508,110.6810,Indonesia,ID,IDN,Jawa Tengah,Jawa Tengah,ID-JT,province,,1221.7,,,3,Asia/Jakarta,TRUE,1360250779
Terban,Terban,,-7.3156,110.5681,Indonesia,ID,IDN,Jawa Tengah,Jawa Tengah,ID-JT,province,,1028.0,,,3,Asia/Jakarta,TRUE,1360011729
Terban,Terban,,-7.5042,111.0261,Indonesia,ID,IDN,Jawa Tengah,Jawa Tengah,ID-JT,province,,911.2,,,3,Asia/Jakarta,TRUE,1360021917
Panaekan,Panaekan,Panagan,-7.1429,108.0173,Indonesia,ID,IDN,Jawa Barat,Jawa Barat,ID-JB,province,,909.3,,,3,Asia/Jakarta,FALSE,1360940890
Panaekan,Panaekan,,-7.6242,108.0162,Indonesia,ID,IDN,Jawa Barat,Jawa Barat,ID-JB,province,,678.9,,,3,Asia/Jakarta,TRUE,1360011716
Panaekan,Panaekan,,-7.3675,108.4025,Indonesia,ID,IDN,Jawa Barat,Jawa Barat,ID-JB,province,,678.9,,,3,Asia/Jakarta,TRUE,1360028482
Panaekan,Panaekan,,-7.1134,108.2957,Indonesia,ID,IDN,Jawa Barat,Jawa Barat,ID-JB,province,,590.8,,,3,Asia/Jakarta,TRUE,1360846181
Blendung Dua,Blendung Dua,,-6.4703,107.6719,Indonesia,ID,IDN,Jawa Barat,Jawa Barat,ID-JB,province,,751.4,,,3,Asia/Jakarta,FALSE,1360169326
Baruangketang,Baruangketang,,3.4280,98.6014,Indonesia,ID,IDN,Sumatera Utara,Sumatera Utara,ID-SU,province,,902.6,,,3,Asia/Jakarta,FALSE,1360236987
Teguhan,Teguhan,,-6.7747,110.8019,Indonesia,ID,IDN,Jawa Tengah,Jawa Tengah,ID-JT,province,,2001.2,,,2,Asia/Jakarta,FALSE,1360280524
Teguhan,Teguhan,,-6.9867,110.5080,Indonesia,ID,IDN,Jawa Tengah,Jawa Tengah,ID-JT,province,,1376.9,,,3,Asia/Jakarta,TRUE,1360561993
Teguhan,Teguhan,,-7.4778,110.6467,Indonesia,ID,IDN,Jawa Tengah,Jawa Tengah,ID-JT,province,,1028.0,,,3,Asia/Jakarta,TRUE,1360052231
Teguhan,Teguhan,,-6.9325,110.1280,Indonesia,ID,IDN,Jawa Tengah,Jawa Tengah,ID-JT,province,,968.8,,,3,Asia/Jakarta,TRUE,1360371872
Teguhan,Teguhan,,-7.4300,111.0322,Indonesia,ID,IDN,Jawa Tengah,Jawa Tengah,ID-JT,province,,911.2,,,3,Asia/Jakarta,TRUE,1360408034
Teguhan,Teguhan,,-7.3381,110.9206,Indonesia,ID,IDN,Jawa Tengah,Jawa Tengah,ID-JT,province,,911.2,,,3,Asia/Jakarta,TRUE,1360859310
Teguhan,Teguhan,,-7.4147,110.0147,Indonesia,ID,IDN,Jawa Tengah,Jawa Tengah,ID-JT,province,,782.0,,,3,Asia/Jakarta,TRUE,1360222156
Teguhan,Teguhan,,-7.1625,111.0025,Indonesia,ID,IDN,Jawa Tengah,Jawa Tengah,ID-JT,province,,676.8,,,3,Asia/Jakarta,TRUE,1360072837
Teguhan,Teguhan,,-7.1500,110.9042,Indonesia,ID,IDN,Jawa Tengah,Jawa Tengah,ID-JT,province,,676.8,,,3,Asia/Jakarta,TRUE,1360130725
Teguhan,Teguhan,,-7.0389,110.9390,Indonesia,ID,IDN,Jawa Tengah,Jawa Tengah,ID-JT,province,,676.8,,,3,Asia/Jakarta,TRUE,1360294377
Pondokbaru,Pondokbaru,,-6.0639,106.6442,Indonesia,ID,IDN,Jawa Barat,Jawa Barat,ID-JB,province,,4371.4,,,2,Asia/Jakarta,FALSE,1360500801
Puloiboh,Puloiboh,,5.2370,96.7620,Indonesia,ID,IDN,Aceh,Aceh,ID-AC,special region,,258.6,,,3,Asia/Jakarta,FALSE,1360016132
Nagajaya,Nagajaya,,-6.8284,106.3181,Indonesia,ID,IDN,Banten,Banten,ID-BT,province,,432.7,,,3,Asia/Jakarta,FALSE,1360013619
Gabus,Gabus,,-6.9177,110.7905,Indonesia,ID,IDN,Jawa Tengah,Jawa Tengah,ID-JT,province,,2001.2,,,2,Asia/Jakarta,FALSE,1360336516
Gabus,Gabus,,-7.7594,110.7161,Indonesia,ID,IDN,Jawa Tengah,Jawa Tengah,ID-JT,province,,1721.4,,,3,Asia/Jakarta,TRUE,1360273310
Gabus,Gabus,,-7.0050,110.5700,Indonesia,ID,IDN,Jawa Tengah,Jawa Tengah,ID-JT,province,,1221.7,,,3,Asia/Jakarta,TRUE,1360957655
Gabus,Gabus,,-6.9684,110.6141,Indonesia,ID,IDN,Jawa Tengah,Jawa Tengah,ID-JT,province,,1221.7,,,3,Asia/Jakarta,TRUE,1360826701
Gabus,Gabus,,-7.0646,108.8668,Indonesia,ID,IDN,Jawa Tengah,Jawa Tengah,ID-JT,province,,1031.6,,,3,Asia/Jakarta,TRUE,1360732927
Gabus,Gabus,Gaboes,-6.8335,111.0549,Indonesia,ID,IDN,Jawa Tengah,Jawa Tengah,ID-JT,province,,818.0,,,3,Asia/Jakarta,TRUE,1360399624
Gabus,Gabus,Gaboes,-7.1642,111.1886,Indonesia,ID,IDN,Jawa Tengah,Jawa Tengah,ID-JT,province,,676.8,,,3,Asia/Jakarta,TRUE,1360015544
Gabus,Gabus,,-7.1839,111.1333,Indonesia,ID,IDN,Jawa Tengah,Jawa Tengah,ID-JT,province,,676.8,,,3,Asia/Jakarta,TRUE,1360343620
Kampung Samosir,Kampung Samosir,,3.1151,99.2800,Indonesia,ID,IDN,Sumatera Utara,Sumatera Utara,ID-SU,province,,174.8,,,4,Asia/Jakarta,FALSE,1360025859
Ketujur,Ketujur,,-8.7464,116.3354,Indonesia,ID,IDN,Nusa Tenggara Barat,Nusa Tenggara Barat,ID-NB,province,,782.4,,,3,Asia/Makassar,FALSE,1360457864
Lumban Nabona,Lumban Nabona,,2.6508,98.6908,Indonesia,ID,IDN,Sumatera Utara,Sumatera Utara,ID-SU,province,,72.0,,,4,Asia/Jakarta,FALSE,1360246221
Babakan Tetelar,Babakan Tetelar,,-6.9606,107.7525,Indonesia,ID,IDN,Jawa Barat,Jawa Barat,ID-JB,province,,1899.0,,,3,Asia/Jakarta,FALSE,1360414852
Banjar Batulumbang,Banjar Batulumbang,,-8.5186,114.9906,Indonesia,ID,IDN,Bali,Bali,ID-BA,province,,543.3,,,3,Asia/Makassar,FALSE,1360272791
Nordin,Nordin,,-6.3692,106.6150,Indonesia,ID,IDN,Jawa Barat,Jawa Barat,ID-JB,province,,2169.9,,,2,Asia/Jakarta,FALSE,1360993834
Balewarti,Balewarti,,-8.2676,112.5900,Indonesia,ID,IDN,Jawa Timur,Jawa Timur,ID-JI,province,,761.0,,,3,Asia/Jakarta,FALSE,1360167283
Pondokbaru,Pondokbaru,,-7.3614,111.1175,Indonesia,ID,IDN,Jawa Tengah,Jawa Tengah,ID-JT,province,,911.2,,,3,Asia/Jakarta,FALSE,1360345631
Bedeq,Bedeq,,-7.3283,110.7994,Indonesia,ID,IDN,Jawa Tengah,Jawa Tengah,ID-JT,province,,890.8,,,3,Asia/Jakarta,FALSE,1360645055
Tamoktaba,Tamoktaba,,-8.3039,124.5605,Indonesia,ID,IDN,Nusa Tenggara Timur,Nusa Tenggara Timur,ID-NT,province,,74.2,,,4,Asia/Makassar,FALSE,1360937992
Surowono,Surowono,,-7.6097,110.5083,Indonesia,ID,IDN,Jawa Tengah,Jawa Tengah,ID-JT,province,,1721.4,,,3,Asia/Jakarta,FALSE,1360972087
Padanglawas Dua,Padanglawas Dua,Padanglawas 2,-0.1021,100.4762,Indonesia,ID,IDN,Sumatera Barat,Sumatera Barat,ID-SB,province,,134.8,,,4,Asia/Jakarta,FALSE,1360211745
Junut Lor,Junut Lor,,-7.6811,110.5142,Indonesia,ID,IDN,Jawa Tengah,Jawa Tengah,ID-JT,province,,1721.4,,,3,Asia/Jakarta,FALSE,1360029755
Belender Wetan,Belender Wetan,,-6.7200,107.1989,Indonesia,ID,IDN,Jawa Barat,Jawa Barat,ID-JB,province,,666.6,,,3,Asia/Jakarta,FALSE,1360528178
Kuwu,Kuwu,Koewoe|Koeowe,-8.5188,120.4904,Indonesia,ID,IDN,Nusa Tenggara Timur,Nusa Tenggara Timur,ID-NT,province,,270.4,,,3,Asia/Makassar,FALSE,1360423847
Kuwu,Kuwu,,-8.6523,120.2351,Indonesia,ID,IDN,Nusa Tenggara Timur,Nusa Tenggara Timur,ID-NT,province,,88.6,,,4,Asia/Makassar,TRUE,1360563377
Teguhan,Teguhan,,-7.6389,111.2897,Indonesia,ID,IDN,Jawa Timur,Jawa Timur,ID-JI,province,,865.1,,,3,Asia/Jakarta,FALSE,1360815590
Teguhan,Teguhan,,-7.3444,112.1886,Indonesia,ID,IDN,Jawa Timur,Jawa Timur,ID-JI,province,,670.4,,,3,Asia/Jakarta,TRUE,1360106414
Teguhan,Teguhan,,-7.4361,111.6428,Indonesia,ID,IDN,Jawa Timur,Jawa Timur,ID-JI,province,,586.7,,,3,Asia/Jakarta,TRUE,1360117165
Teguhan,Teguhan,,-7.4536,111.3514,Indonesia,ID,IDN,Jawa Timur,Jawa Timur,ID-JI,province,,586.3,,,3,Asia/Jakarta,TRUE,1360768162
Teguhan,Teguhan,,-8.0684,111.5522,Indonesia,ID,IDN,Jawa Timur,Jawa Timur,ID-JI,province,,559.8,,,3,Asia/Jakarta,TRUE,1360045230
Keurisi,Keurisi,,5.2214,96.3260,Indonesia,ID,IDN,Aceh,Aceh,ID-AC,special region,,199.4,,,4,Asia/Jakarta,FALSE,1360473857
Rehak,Rehak,,-8.6324,120.2849,Indonesia,ID,IDN,Nusa Tenggara Timur,Nusa Tenggara Timur,ID-NT,province,,222.9,,,3,Asia/Makassar,FALSE,1360220558
Wuabu,Wuabu,,0.6369,123.0112,Indonesia,ID,IDN,Gorontalo,Gorontalo,ID-GO,province,,104.8,,,4,Asia/Makassar,FALSE,1360413802
Pasirodeng Kulon,Pasirodeng Kulon,,-6.8969,107.1886,Indonesia,ID,IDN,Jawa Barat,Jawa Barat,ID-JB,province,,666.6,,,3,Asia/Jakarta,FALSE,1360333551
Moyo Luar,Moyo Luar,,-8.5620,117.5310,Indonesia,ID,IDN,Nusa Tenggara Barat,Nusa Tenggara Barat,ID-NB,province,,74.3,,,4,Asia/Makassar,FALSE,1360486266
Titirantai,Titirantai,,3.5541,98.6552,Indonesia,ID,IDN,Sumatera Utara,Sumatera Utara,ID-SU,province,,7836.8,,,2,Asia/Jakarta,FALSE,1360273358
Karieta,Karieta,,-8.2321,124.6699,Indonesia,ID,IDN,Nusa Tenggara Timur,Nusa Tenggara Timur,ID-NT,province,,74.2,,,4,Asia/Makassar,FALSE,1360536314
Lemahwungkuk,Lemahwungkuk,,-6.7227,108.5701,Indonesia,ID,IDN,Jawa Barat,Jawa Barat,ID-JB,province,,12844.0,,,2,Asia/Jakarta,FALSE,1360492024
Laukmone,Laukmone,,-10.0753,124.2265,Indonesia,ID,IDN,Nusa Tenggara Timur,Nusa Tenggara Timur,ID-NT,province,,125.8,,,4,Asia/Makassar,FALSE,1360200818
Batupalang,Batupalang,,2.4511,98.8534,Indonesia,ID,IDN,Sumatera Utara,Sumatera Utara,ID-SU,province,,72.0,,,4,Asia/Jakarta,FALSE,1360838744
Rawaputat,Rawaputat,,-6.4092,106.9581,Indonesia,ID,IDN,Jawa Barat,Jawa Barat,ID-JB,province,,2169.9,,,2,Asia/Jakarta,FALSE,1360835121
Rawaputat,Rawaputat,,-6.9042,107.1461,Indonesia,ID,IDN,Jawa Barat,Jawa Barat,ID-JB,province,,666.6,,,3,Asia/Jakarta,TRUE,1360204869
Babatborin,Babatborin,Babad,-7.2348,112.6316,Indonesia,ID,IDN,Jawa Timur,Jawa Timur,ID-JI,province,,8898.3,,,2,Asia/Jakarta,FALSE,1360440788
Babakanjampang,Babakanjampang,,-6.9111,106.9133,Indonesia,ID,IDN,Jawa Barat,Jawa Barat,ID-JB,province,,5470.2,,,2,Asia/Jakarta,FALSE,1360456956
Babakanjampang,Babakanjampang,,-6.7572,107.1858,Indonesia,ID,IDN,Jawa Barat,Jawa Barat,ID-JB,province,,666.6,,,3,Asia/Jakarta,TRUE,1360271037
Babakanjampang,Babakanjampang,,-6.9303,107.1619,Indonesia,ID,IDN,Jawa Barat,Jawa Barat,ID-JB,province,,666.6,,,3,Asia/Jakarta,TRUE,1360403411
Babakanjampang,Babakanjampang,,-6.8933,107.2225,Indonesia,ID,IDN,Jawa Barat,Jawa Barat,ID-JB,province,,666.6,,,3,Asia/Jakarta,TRUE,1360202205
Babakanjampang,Babakanjampang,,-6.8547,107.0606,Indonesia,ID,IDN,Jawa Barat,Jawa Barat,ID-JB,province,,666.6,,,3,Asia/Jakarta,TRUE,1360467991
Babakanjampang,Babakanjampang,,-6.7839,106.7453,Indonesia,ID,IDN,Jawa Barat,Jawa Barat,ID-JB,province,,633.7,,,3,Asia/Jakarta,TRUE,1360594454
Cisabrang,Cisabrang,,-7.3623,107.2271,Indonesia,ID,IDN,Jawa Barat,Jawa Barat,ID-JB,province,,666.6,,,3,Asia/Jakarta,FALSE,1360807054
Cisabrang,Cisabrang,,-7.1068,106.8451,Indonesia,ID,IDN,Jawa Barat,Jawa Barat,ID-JB,province,,633.7,,,3,Asia/Jakarta,TRUE,1360805091
Siki,Siki,,-9.8580,124.4142,Indonesia,ID,IDN,Nusa Tenggara Timur,Nusa Tenggara Timur,ID-NT,province,,125.8,,,4,Asia/Makassar,FALSE,1360466284
Serah,Serah,,-6.9490,112.4439,Indonesia,ID,IDN,Jawa Timur,Jawa Timur,ID-JI,province,minor,1182.2,,,3,Asia/Jakarta,FALSE,1360748560
Duldebeh,Duldebeh,,-7.9657,113.7636,Indonesia,ID,IDN,Jawa Timur,Jawa Timur,ID-JI,province,,504.6,,,3,Asia/Jakarta,FALSE,1360043388
Batujereng,Batujereng,,-8.6399,116.2237,Indonesia,ID,IDN,Nusa Tenggara Barat,Nusa Tenggara Barat,ID-NB,province,,782.4,,,3,Asia/Makassar,FALSE,1360972060
Sukadanu,Sukadanu,Soekadanoe,-7.2059,107.9835,Indonesia,ID,IDN,Jawa Barat,Jawa Barat,ID-JB,province,,909.3,,,3,Asia/Jakarta,FALSE,1360635569
Sumage,Sumage,,-0.7182,100.6080,Indonesia,ID,IDN,Sumatera Barat,Sumatera Barat,ID-SB,province,,121.5,,,4,Asia/Jakarta,FALSE,1360591575
Bangen,Bangen,,-7.8475,110.3100,Indonesia,ID,IDN,Yogyakarta,Yogyakarta,ID-YO,special region,,2161.9,,,2,Asia/Jakarta,FALSE,1360751928
Gaikiu,Gaikiu,,-8.7229,121.9628,Indonesia,ID,IDN,Nusa Tenggara Timur,Nusa Tenggara Timur,ID-NT,province,,202.1,,,3,Asia/Makassar,FALSE,1360019484
Lanjangka,Lanjangka,Landjangka,-7.0728,112.7369,Indonesia,ID,IDN,Jawa Timur,Jawa Timur,ID-JI,province,,781.3,,,3,Asia/Jakarta,FALSE,1360575834
Raimea 1,Raimea 1,,-9.5517,124.7625,Indonesia,ID,IDN,Nusa Tenggara Timur,Nusa Tenggara Timur,ID-NT,province,,199.6,,,4,Asia/Makassar,FALSE,1360608855
Cidarayana,Cidarayana,,-7.4154,107.8958,Indonesia,ID,IDN,Jawa Barat,Jawa Barat,ID-JB,province,,909.3,,,3,Asia/Jakarta,FALSE,1360494675
Sencalang,Sencalang,Sentjalang,-0.6591,102.7043,Indonesia,ID,IDN,Riau,Riau,ID-RI,province,,67.6,,,4,Asia/Jakarta,FALSE,1360583018
Jatimulyo,Jatimulyo,Djatimuljo,-7.9522,112.6222,Indonesia,ID,IDN,Jawa Timur,Jawa Timur,ID-JI,province,,11975.9,,,2,Asia/Jakarta,FALSE,1360921361
Jatimulyo,Jatimulyo,,-7.7989,112.2529,Indonesia,ID,IDN,Jawa Timur,Jawa Timur,ID-JI,province,,1030.6,,,3,Asia/Jakarta,TRUE,1360114225
Jatimulyo,Jatimulyo,,-8.1739,112.4798,Indonesia,ID,IDN,Jawa Timur,Jawa Timur,ID-JI,province,,761.0,,,3,Asia/Jakarta,TRUE,1360809886
Jatimulyo,Jatimulyo,,-8.0574,112.6428,Indonesia,ID,IDN,Jawa Timur,Jawa Timur,ID-JI,province,,761.0,,,3,Asia/Jakarta,TRUE,1360900551
Jatimulyo,Jatimulyo,,-8.1361,112.2992,Indonesia,ID,IDN,Jawa Timur,Jawa Timur,ID-JI,province,,671.1,,,3,Asia/Jakarta,TRUE,1360529282
Jatimulyo,Jatimulyo,,-7.4953,111.1672,Indonesia,ID,IDN,Jawa Timur,Jawa Timur,ID-JI,province,,586.3,,,3,Asia/Jakarta,TRUE,1360944431
Jatimulyo,Jatimulyo,,-8.5136,114.2571,Indonesia,ID,IDN,Jawa Timur,Jawa Timur,ID-JI,province,minor,452.5,,,3,Asia/Jakarta,TRUE,1360016602
Kabal,Kabal,,-8.4083,122.5942,Indonesia,ID,IDN,Nusa Tenggara Timur,Nusa Tenggara Timur,ID-NT,province,,202.1,,,3,Asia/Makassar,FALSE,1360388282
Kayuembun,Kayuembun,,3.4849,98.6617,Indonesia,ID,IDN,Sumatera Utara,Sumatera Utara,ID-SU,province,,902.6,,,3,Asia/Jakarta,FALSE,1360718032
Ciseke Kaler,Ciseke Kaler,Tjiseke|Ciseke,-6.3547,106.2661,Indonesia,ID,IDN,Banten,Banten,ID-BT,province,,432.7,,,3,Asia/Jakarta,FALSE,1360050782
Robo,Robo,,-7.0586,112.9374,Indonesia,ID,IDN,Jawa Timur,Jawa Timur,ID-JI,province,,781.3,,,3,Asia/Jakarta,FALSE,1360247286
Seleket,Seleket,,-8.0333,113.4333,Indonesia,ID,IDN,Jawa Timur,Jawa Timur,ID-JI,province,,738.0,,,3,Asia/Jakarta,FALSE,1360012950
Keper,Keper,,-7.5368,112.6680,Indonesia,ID,IDN,Jawa Timur,Jawa Timur,ID-JI,province,,4310.3,,,2,Asia/Jakarta,FALSE,1360377877
Keper,Keper,Palinggian,-7.0575,112.7021,Indonesia,ID,IDN,Jawa Timur,Jawa Timur,ID-JI,province,,781.3,,,3,Asia/Jakarta,TRUE,1360010156
Sobuk,Sobuk,,-7.0061,113.6811,Indonesia,ID,IDN,Jawa Timur,Jawa Timur,ID-JI,province,,522.1,,,3,Asia/Jakarta,FALSE,1360887347
Plalar Satu,Plalar Satu,,-7.1264,110.3083,Indonesia,ID,IDN,Jawa Tengah,Jawa Tengah,ID-JT,province,,968.8,,,3,Asia/Jakarta,FALSE,1360090112
Alasbaing,Alasbaing,,-6.0686,107.3847,Indonesia,ID,IDN,Jawa Barat,Jawa Barat,ID-JB,province,,1386.3,,,3,Asia/Jakarta,FALSE,1360754673
Kaligimber,Kaligimber,,-7.0758,109.0868,Indonesia,ID,IDN,Jawa Tengah,Jawa Tengah,ID-JT,province,,1406.9,,,3,Asia/Jakarta,FALSE,1360040705
Jatimulyo,Jatimulyo,,-7.0274,110.4222,Indonesia,ID,IDN,Jawa Tengah,Jawa Tengah,ID-JT,province,,4947.2,,,2,Asia/Jakarta,FALSE,1360730245
Jatimulyo,Jatimulyo,,-6.8340,110.8241,Indonesia,ID,IDN,Jawa Tengah,Jawa Tengah,ID-JT,province,,2001.2,,,2,Asia/Jakarta,TRUE,1360480799
Jatimulyo,Jatimulyo,,-7.6203,110.5531,Indonesia,ID,IDN,Jawa Tengah,Jawa Tengah,ID-JT,province,,1721.4,,,3,Asia/Jakarta,TRUE,1360885127
Jatimulyo,Jatimulyo,,-7.5089,110.9614,Indonesia,ID,IDN,Jawa Tengah,Jawa Tengah,ID-JT,province,,1064.4,,,3,Asia/Jakarta,TRUE,1360330385
Jatimulyo,Jatimulyo,,-7.5500,111.0022,Indonesia,ID,IDN,Jawa Tengah,Jawa Tengah,ID-JT,province,,1064.4,,,3,Asia/Jakarta,TRUE,1360036908
Jatimulyo,Jatimulyo,,-7.3639,111.1514,Indonesia,ID,IDN,Jawa Tengah,Jawa Tengah,ID-JT,province,,911.2,,,3,Asia/Jakarta,TRUE,1360418119
Jatimulyo,Jatimulyo,,-7.2892,110.7833,Indonesia,ID,IDN,Jawa Tengah,Jawa Tengah,ID-JT,province,,890.8,,,3,Asia/Jakarta,TRUE,1360718173
Jatimulyo,Jatimulyo,,-7.5103,110.6128,Indonesia,ID,IDN,Jawa Tengah,Jawa Tengah,ID-JT,province,,890.8,,,3,Asia/Jakarta,TRUE,1360273978
Jatimulyo,Jatimulyo,,-7.5722,110.6967,Indonesia,ID,IDN,Jawa Tengah,Jawa Tengah,ID-JT,province,,890.8,,,3,Asia/Jakarta,TRUE,1360026638
Jatimulyo,Jatimulyo,,-7.5803,109.7264,Indonesia,ID,IDN,Jawa Tengah,Jawa Tengah,ID-JT,province,,854.4,,,3,Asia/Jakarta,TRUE,1360059143
Jatimulyo,Jatimulyo,,-7.0974,110.8266,Indonesia,ID,IDN,Jawa Tengah,Jawa Tengah,ID-JT,province,,676.8,,,3,Asia/Jakarta,TRUE,1360245612
Dukuhkuning,Dukuhkuning,,-8.4175,115.1615,Indonesia,ID,IDN,Bali,Bali,ID-BA,province,,543.3,,,3,Asia/Makassar,FALSE,1360436473
Tabalu,Tabalu,,-1.4346,120.6487,Indonesia,ID,IDN,Sulawesi Tengah,Sulawesi Tengah,ID-ST,province,,45.2,,,4,Asia/Makassar,FALSE,1360466308
Dongdong,Dongdong,,-6.9262,112.0732,Indonesia,ID,IDN,Jawa Timur,Jawa Timur,ID-JI,province,,602.9,,,3,Asia/Jakarta,FALSE,1360543899
Dongdong,Dongdong,,-7.5542,111.2600,Indonesia,ID,IDN,Jawa Timur,Jawa Timur,ID-JI,province,,586.3,,,3,Asia/Jakarta,TRUE,1360398184
Pagaran Tiga,Pagaran Tiga,Pagaran 3,2.1982,98.9265,Indonesia,ID,IDN,Sumatera Utara,Sumatera Utara,ID-SU,province,,83.1,,,4,Asia/Jakarta,FALSE,1360346716
Bojongpring,Bojongpring,Bodjongsalam,-6.1392,106.3347,Indonesia,ID,IDN,Jawa Barat,Jawa Barat,ID-JB,province,,1080.6,,,3,Asia/Jakarta,FALSE,1360030138
Pospasar,Pospasar,,-6.8467,107.9261,Indonesia,ID,IDN,Jawa Barat,Jawa Barat,ID-JB,province,,779.3,,,3,Asia/Jakarta,FALSE,1360714281
Waigama,Waigama,Waigam|Walgama,-1.8364,129.8316,Indonesia,ID,IDN,Papua Barat,Papua Barat,ID-PB,province,minor,7.7,,,3,Asia/Jayapura,FALSE,1360467272
Montongireng,Montongireng,,-8.6535,116.3820,Indonesia,ID,IDN,Nusa Tenggara Barat,Nusa Tenggara Barat,ID-NB,province,,782.4,,,3,Asia/Makassar,FALSE,1360947992
Baibota,Baibota,,-9.7960,124.6582,Indonesia,ID,IDN,Nusa Tenggara Timur,Nusa Tenggara Timur,ID-NT,province,,125.8,,,4,Asia/Makassar,FALSE,1360694587
Kampung Kukusan,Kampung Kukusan,,-8.5507,119.8002,Indonesia,ID,IDN,Nusa Tenggara Timur,Nusa Tenggara Timur,ID-NT,province,,88.6,,,4,Asia/Makassar,FALSE,1360002996
Betung,Betung,,-3.6222,115.8543,Indonesia,ID,IDN,Kalimantan Selatan,Kalimantan Selatan,ID-KS,province,,76.6,,,4,Asia/Makassar,FALSE,1360300552
Betung,Betung,,-2.3560,116.2288,Indonesia,ID,IDN,Kalimantan Selatan,Kalimantan Selatan,ID-KS,province,,41.3,,,4,Asia/Makassar,TRUE,1360777046
Manggarau,Manggarau,,-2.2507,105.8814,Indonesia,ID,IDN,Kepulauan Bangka Belitung,Kepulauan Bangka Belitung,ID-BB,province,,122.2,,,4,Asia/Jakarta,FALSE,1360902833
Cikungkurak Kaler,Cikungkurak Kaler,Tjikungkuran|Cikungkuran,-6.9417,107.5769,Indonesia,ID,IDN,Jawa Barat,Jawa Barat,ID-JB,province,,23655.5,,,2,Asia/Jakarta,FALSE,1360016459
Padangenyang,Padangenyang,,-6.7006,106.7983,Indonesia,ID,IDN,Jawa Barat,Jawa Barat,ID-JB,province,,2169.9,,,2,Asia/Jakarta,FALSE,1360494567
Padangenyang,Padangenyang,,-6.8742,106.7647,Indonesia,ID,IDN,Jawa Barat,Jawa Barat,ID-JB,province,,633.7,,,3,Asia/Jakarta,TRUE,1360013756
Betung,Betung,Betoeng,-2.0167,114.8667,Indonesia,ID,IDN,Kalimantan Tengah,Kalimantan Tengah,ID-KT,province,,34.2,,,4,Asia/Pontianak,FALSE,1360847592
Blajud,Blajud,,-7.1094,113.7031,Indonesia,ID,IDN,Jawa Timur,Jawa Timur,ID-JI,province,,522.1,,,3,Asia/Jakarta,FALSE,1360316035
Riunggunung,Riunggunung,,-6.7025,106.9811,Indonesia,ID,IDN,Jawa Barat,Jawa Barat,ID-JB,province,,2169.9,,,2,Asia/Jakarta,FALSE,1360114758
Riunggunung,Riunggunung,,-7.1742,107.5256,Indonesia,ID,IDN,Jawa Barat,Jawa Barat,ID-JB,province,,1899.0,,,3,Asia/Jakarta,TRUE,1360785134
Riunggunung,Riunggunung,,-7.3623,108.3408,Indonesia,ID,IDN,Jawa Barat,Jawa Barat,ID-JB,province,,678.9,,,3,Asia/Jakarta,TRUE,1360019189
Riunggunung,Riunggunung,,-7.1683,106.9375,Indonesia,ID,IDN,Jawa Barat,Jawa Barat,ID-JB,province,,633.7,,,3,Asia/Jakarta,TRUE,1360582597
Tegalsapi,Tegalsapi,,-6.4172,107.1403,Indonesia,ID,IDN,Jawa Barat,Jawa Barat,ID-JB,province,,3403.8,,,2,Asia/Jakarta,FALSE,1360286649
Tegalsapi,Tegalsapi,,-6.7067,107.4839,Indonesia,ID,IDN,Jawa Barat,Jawa Barat,ID-JB,province,,1185.0,,,3,Asia/Jakarta,TRUE,1360811314
Tegalsapi,Tegalsapi,,-6.7400,107.0272,Indonesia,ID,IDN,Jawa Barat,Jawa Barat,ID-JB,province,,666.6,,,3,Asia/Jakarta,TRUE,1360891461
Tede,Tede,,-3.0833,120.0667,Indonesia,ID,IDN,Sulawesi Selatan,Sulawesi Selatan,ID-SN,province,,127.0,,,4,Asia/Makassar,FALSE,1360512205
Munjuk,Munjuk,Tlogomoejoek,-6.9269,112.1984,Indonesia,ID,IDN,Jawa Timur,Jawa Timur,ID-JI,province,,602.9,,,3,Asia/Jakarta,FALSE,1360165031
Wolowona,Wolowona,,-8.7570,122.0320,Indonesia,ID,IDN,Nusa Tenggara Timur,Nusa Tenggara Timur,ID-NT,province,,202.1,,,3,Asia/Makassar,FALSE,1360826441
Wolowona,Wolowona,,-8.8322,121.6765,Indonesia,ID,IDN,Nusa Tenggara Timur,Nusa Tenggara Timur,ID-NT,province,minor,132.1,,,3,Asia/Makassar,TRUE,1360632930
Wolowona,Wolowona,,-8.7592,121.9794,Indonesia,ID,IDN,Nusa Tenggara Timur,Nusa Tenggara Timur,ID-NT,province,,132.1,,,4,Asia/Makassar,TRUE,1360190309
Lhok Rambiding,Lhok Rambiding,Lhokrambiding 1,5.1970,97.4510,Indonesia,ID,IDN,Aceh,Aceh,ID-AC,special region,,234.2,,,3,Asia/Jakarta,FALSE,1360768254
Betung,Betung,,0.7022,109.3628,Indonesia,ID,IDN,Kalimantan Barat,Kalimantan Barat,ID-KB,province,,45.0,,,4,Asia/Pontianak,FALSE,1360071713
Betung,Betung,Betoeng,0.6167,109.5833,Indonesia,ID,IDN,Kalimantan Barat,Kalimantan Barat,ID-KB,province,,45.0,,,4,Asia/Pontianak,TRUE,1360543237
Betung,Betung,Betoeng,-0.1833,111.6000,Indonesia,ID,IDN,Kalimantan Barat,Kalimantan Barat,ID-KB,province,,12.0,,,4,Asia/Pontianak,TRUE,1360855237
Betung,Betung,Batung|Betoeng,-0.3500,111.1667,Indonesia,ID,IDN,Kalimantan Barat,Kalimantan Barat,ID-KB,province,,12.0,,,4,Asia/Pontianak,TRUE,1360505566
Merden Wetan,Merden Wetan,,-7.4644,109.5475,Indonesia,ID,IDN,Jawa Tengah,Jawa Tengah,ID-JT,province,,784.3,,,3,Asia/Jakarta,FALSE,1360229614
Talunlima,Talunlima,Tahunlima,-7.1472,107.6811,Indonesia,ID,IDN,Jawa Barat,Jawa Barat,ID-JB,province,,1899.0,,,3,Asia/Jakarta,FALSE,1360006335
Situliang,Situliang,,-6.8628,106.6219,Indonesia,ID,IDN,Jawa Barat,Jawa Barat,ID-JB,province,,633.7,,,3,Asia/Jakarta,FALSE,1360851384
Tanahgabus,Tanahgabus,,-6.2128,107.1172,Indonesia,ID,IDN,Jawa Barat,Jawa Barat,ID-JB,province,,3403.8,,,2,Asia/Jakarta,FALSE,1360532885
Sarire,Sarire,,-8.6047,140.5025,Indonesia,ID,IDN,Papua Selatan,Papua Selatan,ID-PS,,,9.2,,,5,Asia/Jayapura,FALSE,1360860704
Kadipolo Wetan,Kadipolo Wetan,,-7.6453,110.3147,Indonesia,ID,IDN,Jawa Tengah,Jawa Tengah,ID-JT,province,,1114.2,,,3,Asia/Jakarta,FALSE,1360406588
Gamblok,Gamblok,,-6.3153,107.1506,Indonesia,ID,IDN,Jawa Barat,Jawa Barat,ID-JB,province,,3403.8,,,2,Asia/Jakarta,FALSE,1360976413
Gamblok,Gamblok,Gamblok Dua|Gamblok 2,-7.1006,107.5819,Indonesia,ID,IDN,Jawa Barat,Jawa Barat,ID-JB,province,,1899.0,,,3,Asia/Jakarta,TRUE,1360980104
Gamblok,Gamblok,,-7.2022,107.5844,Indonesia,ID,IDN,Jawa Barat,Jawa Barat,ID-JB,province,,1899.0,,,3,Asia/Jakarta,TRUE,1360181425
Kedungwangun,Kedungwangun,Kedungwangan,-7.2428,110.3617,Indonesia,ID,IDN,Jawa Tengah,Jawa Tengah,ID-JT,province,,1028.0,,,3,Asia/Jakarta,FALSE,1360920312
Puncakwaru,Puncakwaru,,-7.2038,106.9473,Indonesia,ID,IDN,Jawa Barat,Jawa Barat,ID-JB,province,,633.7,,,3,Asia/Jakarta,FALSE,1360017534
Sugi,Sugi,Soeki,-8.2876,111.7015,Indonesia,ID,IDN,Jawa Timur,Jawa Timur,ID-JI,province,,559.8,,,3,Asia/Jakarta,FALSE,1360847121
Prantigeneng,Prantigeneng,,-6.7655,111.3524,Indonesia,ID,IDN,Jawa Tengah,Jawa Tengah,ID-JT,province,,600.6,,,3,Asia/Jakarta,FALSE,1360450544
Bahbirong,Bahbirong,,3.3283,98.9873,Indonesia,ID,IDN,Sumatera Utara,Sumatera Utara,ID-SU,province,,332.4,,,3,Asia/Jakarta,FALSE,1360206655
Hilijalotano,Hilijalotano,,0.7000,97.8480,Indonesia,ID,IDN,Sumatera Utara,Sumatera Utara,ID-SU,province,,131.6,,,4,Asia/Jakarta,FALSE,1360051519
Gabalian,Gabalian,,-7.7114,110.8456,Indonesia,ID,IDN,Jawa Tengah,Jawa Tengah,ID-JT,province,,1694.6,,,3,Asia/Jakarta,FALSE,1360637250
Pangawaren,Pangawaren,,-7.6435,107.6946,Indonesia,ID,IDN,Jawa Barat,Jawa Barat,ID-JB,province,,909.3,,,3,Asia/Jakarta,FALSE,1360298909
Pangawaren,Pangawaren,,-7.4929,107.5648,Indonesia,ID,IDN,Jawa Barat,Jawa Barat,ID-JB,province,,909.3,,,3,Asia/Jakarta,TRUE,1360874061
Kamumu,Kamumu,Kemoemoe|Kemumu,-0.8596,122.8775,Indonesia,ID,IDN,Sulawesi Tengah,Sulawesi Tengah,ID-ST,province,,41.9,,,4,Asia/Makassar,FALSE,1360841398
Gunung Intan,Gunung Intan,,1.0673,100.1156,Indonesia,ID,IDN,Riau,Riau,ID-RI,province,,95.1,,,4,Asia/Jakarta,FALSE,1360000815
Bungbungan,Bungbungan,Boengboengan|Bloetoe,-7.0986,113.8101,Indonesia,ID,IDN,Jawa Timur,Jawa Timur,ID-JI,province,,522.1,,,3,Asia/Jakarta,FALSE,1360935072
Bungbungan,Bungbungan,,-6.9396,113.8561,Indonesia,ID,IDN,Jawa Timur,Jawa Timur,ID-JI,province,,522.1,,,3,Asia/Jakarta,TRUE,1360284004
Kemputan,Kemputan,,-7.4772,109.6431,Indonesia,ID,IDN,Jawa Tengah,Jawa Tengah,ID-JT,province,,801.3,,,3,Asia/Jakarta,FALSE,1360267623
Gamblok,Gamblok,,-6.9218,109.6592,Indonesia,ID,IDN,Jawa Tengah,Jawa Tengah,ID-JT,province,,3493.7,,,2,Asia/Jakarta,FALSE,1360805473
Gamblok,Gamblok,,-7.6331,110.3436,Indonesia,ID,IDN,Jawa Tengah,Jawa Tengah,ID-JT,province,,1562.2,,,3,Asia/Jakarta,TRUE,1360183566
Gamblok,Gamblok,,-7.6033,109.4181,Indonesia,ID,IDN,Jawa Tengah,Jawa Tengah,ID-JT,province,,1174.8,,,3,Asia/Jakarta,TRUE,1360447084
Gamblok,Gamblok,,-7.4331,110.1267,Indonesia,ID,IDN,Jawa Tengah,Jawa Tengah,ID-JT,province,,1113.4,,,3,Asia/Jakarta,TRUE,1360036229
Gamblok,Gamblok,,-6.9921,109.7852,Indonesia,ID,IDN,Jawa Tengah,Jawa Tengah,ID-JT,province,,1002.7,,,3,Asia/Jakarta,TRUE,1360248559
Gamblok,Gamblok,,-7.1140,109.9900,Indonesia,ID,IDN,Jawa Tengah,Jawa Tengah,ID-JT,province,,968.8,,,3,Asia/Jakarta,TRUE,1360034286
Gamblok,Gamblok,,-7.2586,110.0831,Indonesia,ID,IDN,Jawa Tengah,Jawa Tengah,ID-JT,province,,851.9,,,3,Asia/Jakarta,TRUE,1360086461
Gamblok,Gamblok,,-7.2100,109.6303,Indonesia,ID,IDN,Jawa Tengah,Jawa Tengah,ID-JT,province,,784.3,,,3,Asia/Jakarta,TRUE,1360575123
Gamblok,Gamblok,,-7.5361,110.0208,Indonesia,ID,IDN,Jawa Tengah,Jawa Tengah,ID-JT,province,,782.0,,,3,Asia/Jakarta,TRUE,1360261282
Gamblok,Gamblok,,-7.3697,110.0092,Indonesia,ID,IDN,Jawa Tengah,Jawa Tengah,ID-JT,province,,782.0,,,3,Asia/Jakarta,TRUE,1360219199
Gamblok,Gamblok,,-7.6808,110.0914,Indonesia,ID,IDN,Jawa Tengah,Jawa Tengah,ID-JT,province,,629.0,,,3,Asia/Jakarta,TRUE,1360066112
Jembatankarung,Jembatankarung,,-3.3013,120.3554,Indonesia,ID,IDN,Sulawesi Selatan,Sulawesi Selatan,ID-SN,province,,127.0,,,4,Asia/Makassar,FALSE,1360037814
Bokko,Bokko,,-3.0512,119.9095,Indonesia,ID,IDN,Sulawesi Selatan,Sulawesi Selatan,ID-SN,province,,123.7,,,4,Asia/Makassar,FALSE,1360180182
Glagasan Lor,Glagasan Lor,,-8.2132,113.5848,Indonesia,ID,IDN,Jawa Timur,Jawa Timur,ID-JI,province,,738.0,,,3,Asia/Jakarta,FALSE,1360964703
Pangawaren,Pangawaren,,-7.4286,108.9519,Indonesia,ID,IDN,Jawa Tengah,Jawa Tengah,ID-JT,province,,1174.8,,,3,Asia/Jakarta,FALSE,1360631802
Lekona Timur,Lekona Timur,,-10.6447,123.2393,Indonesia,ID,IDN,Nusa Tenggara Timur,Nusa Tenggara Timur,ID-NT,province,,115.0,,,4,Asia/Makassar,FALSE,1360685889
Keduru,Keduru,,-10.4943,121.9645,Indonesia,ID,IDN,Nusa Tenggara Timur,Nusa Tenggara Timur,ID-NT,province,,195.4,,,4,Asia/Makassar,FALSE,1360977474
Pintu Bosi,Pintu Bosi,,2.0675,98.9331,Indonesia,ID,IDN,Sumatera Utara,Sumatera Utara,ID-SU,province,,83.1,,,4,Asia/Jakarta,FALSE,1360093132
Pintu Bosi,Pintu Bosi,,2.4842,98.9765,Indonesia,ID,IDN,Sumatera Utara,Sumatera Utara,ID-SU,province,,72.0,,,4,Asia/Jakarta,TRUE,1360935556
Talang-batu,Talang-batu,,-5.3532,105.7504,Indonesia,ID,IDN,Lampung,Lampung,ID-LA,province,,262.3,,,3,Asia/Jakarta,FALSE,1360577253
Tawakale,Tawakale,,2.3487,128.6445,Indonesia,ID,IDN,Maluku Utara,Maluku Utara,ID-MU,province,,38.5,,,4,Asia/Jayapura,FALSE,1360390979
Pedarungan,Pedarungan,,-8.2403,114.3214,Indonesia,ID,IDN,Jawa Timur,Jawa Timur,ID-JI,province,,452.5,,,3,Asia/Jakarta,FALSE,1360023173
Laitoutuk,Laitoutuk,,-9.5965,119.5420,Indonesia,ID,IDN,Nusa Tenggara Timur,Nusa Tenggara Timur,ID-NT,province,,44.0,,,4,Asia/Makassar,FALSE,1360926354
Cibalukbuk,Cibalukbuk,,-6.9753,106.9881,Indonesia,ID,IDN,Jawa Barat,Jawa Barat,ID-JB,province,,633.7,,,3,Asia/Jakarta,FALSE,1360030860
Mangunegaran,Mangunegaran,,-7.8056,110.3678,Indonesia,ID,IDN,Yogyakarta,Yogyakarta,ID-YO,special region,,11963.7,,,2,Asia/Jakarta,FALSE,1360850949
Galaya,Galaya,,-6.3357,105.8467,Indonesia,ID,IDN,Banten,Banten,ID-BT,province,,460.1,,,3,Asia/Jakarta,FALSE,1360476015
Beciro,Beciro,Betjirongeng|Becirongeng,-7.4151,112.6369,Indonesia,ID,IDN,Jawa Timur,Jawa Timur,ID-JI,province,,4310.3,,,2,Asia/Jakarta,FALSE,1360906641
Liumang,Liumang,,-8.2344,124.9012,Indonesia,ID,IDN,Nusa Tenggara Timur,Nusa Tenggara Timur,ID-NT,province,,74.2,,,4,Asia/Makassar,FALSE,1360736743
Bliwit,Bliwit,,0.5500,116.7833,Indonesia,ID,IDN,Kalimantan Timur,Kalimantan Timur,ID-KI,province,,15.6,,,4,Asia/Makassar,FALSE,1360214139
Sukarami,Sukarami,,-3.4180,102.1430,Indonesia,ID,IDN,Bengkulu,Bengkulu,ID-BE,province,,62.3,,,4,Asia/Jakarta,FALSE,1360371009
Sukarami,Sukarami,Soekarami,-4.4874,103.2632,Indonesia,ID,IDN,Bengkulu,Bengkulu,ID-BE,province,,47.2,,,4,Asia/Jakarta,TRUE,1360456908
Sukarewa,Sukarewa,,-5.0261,104.6592,Indonesia,ID,IDN,Lampung,Lampung,ID-LA,province,,275.3,,,3,Asia/Jakarta,FALSE,1360478926
Beang,Beang,,-2.9727,119.4161,Indonesia,ID,IDN,Sulawesi Barat,Sulawesi Barat,ID-SR,province,,69.1,,,4,Asia/Makassar,FALSE,1360869711
Jagongjeget,Jagongjeget,,4.3873,96.7930,Indonesia,ID,IDN,Aceh,Aceh,ID-AC,special region,minor,46.3,,,3,Asia/Jakarta,FALSE,1360654802
Ngluwang,Ngluwang,,-7.6931,110.7969,Indonesia,ID,IDN,Jawa Tengah,Jawa Tengah,ID-JT,province,,1694.6,,,3,Asia/Jakarta,FALSE,1360955248
Pombulan,Pombulan,,-7.1104,113.0832,Indonesia,ID,IDN,Jawa Timur,Jawa Timur,ID-JI,province,,781.3,,,3,Asia/Jakarta,FALSE,1360171114
Recoputul,Recoputul,,-7.7923,112.1255,Indonesia,ID,IDN,Jawa Timur,Jawa Timur,ID-JI,province,,1030.6,,,3,Asia/Jakarta,FALSE,1360023483
Gumuk,Gumuk,,-8.6095,116.4281,Indonesia,ID,IDN,Nusa Tenggara Barat,Nusa Tenggara Barat,ID-NB,province,,826.7,,,3,Asia/Makassar,FALSE,1360147718
Keuneukai,Keuneukai,,5.7808,95.3164,Indonesia,ID,IDN,Aceh,Aceh,ID-AC,special region,,315.6,,,3,Asia/Jakarta,FALSE,1360901937
Kuncung,Kuncung,,-7.6528,112.2291,Indonesia,ID,IDN,Jawa Timur,Jawa Timur,ID-JI,province,,1174.4,,,3,Asia/Jakarta,FALSE,1360142706
Ketabang,Ketabang,,-7.2564,112.7471,Indonesia,ID,IDN,Jawa Timur,Jawa Timur,ID-JI,province,,8898.3,,,2,Asia/Jakarta,FALSE,1360072329
Ketabang,Ketabang,,-7.7219,112.8894,Indonesia,ID,IDN,Jawa Timur,Jawa Timur,ID-JI,province,,1127.0,,,3,Asia/Jakarta,TRUE,1360200016
Banturi,Banturi,,-7.1276,112.0180,Indonesia,ID,IDN,Jawa Timur,Jawa Timur,ID-JI,province,,536.4,,,3,Asia/Jakarta,FALSE,1360201194
Cibadak Kidul,Cibadak Kidul,,-6.2895,106.3515,Indonesia,ID,IDN,Banten,Banten,ID-BT,province,,1080.6,,,3,Asia/Jakarta,FALSE,1360379041
Kuncung,Kuncung,,-7.6422,111.0464,Indonesia,ID,IDN,Jawa Tengah,Jawa Tengah,ID-JT,province,,1064.4,,,3,Asia/Jakarta,FALSE,1360502274
Pakuhaji Landeuh,Pakuhaji Landeuh,,-6.3089,106.0701,Indonesia,ID,IDN,Banten,Banten,ID-BT,province,,460.1,,,3,Asia/Jakarta,FALSE,1360966790
Benteng,Benteng,,3.4210,99.3027,Indonesia,ID,IDN,Sumatera Utara,Sumatera Utara,ID-SU,province,,410.9,,,3,Asia/Jakarta,FALSE,1360001574
Benteng,Benteng,,3.2891,99.1070,Indonesia,ID,IDN,Sumatera Utara,Sumatera Utara,ID-SU,province,,332.4,,,3,Asia/Jakarta,TRUE,1360164767
Benteng,Benteng,,3.0896,99.7828,Indonesia,ID,IDN,Sumatera Utara,Sumatera Utara,ID-SU,province,,199.4,,,4,Asia/Jakarta,TRUE,1360027322
Grogol Wetan,Grogol Wetan,Grogol,-7.7591,111.9443,Indonesia,ID,IDN,Jawa Timur,Jawa Timur,ID-JI,province,,1030.6,,,3,Asia/Jakarta,FALSE,1360993478
Kebunsayur,Kebunsayur,,-3.4157,119.2139,Indonesia,ID,IDN,Sulawesi Barat,Sulawesi Barat,ID-SR,province,,257.6,,,3,Asia/Makassar,FALSE,1360550230
Kebunsayur,Kebunsayur,,3.4419,99.1595,Indonesia,ID,IDN,Sumatera Utara,Sumatera Utara,ID-SU,province,,332.4,,,3,Asia/Jakarta,FALSE,1360931038
Kebunsayur,Kebunsayur,,3.2669,99.0541,Indonesia,ID,IDN,Sumatera Utara,Sumatera Utara,ID-SU,province,,332.4,,,3,Asia/Jakarta,TRUE,1360497190
Kebunsayur,Kebunsayur,,3.3775,99.1010,Indonesia,ID,IDN,Sumatera Utara,Sumatera Utara,ID-SU,province,,332.4,,,3,Asia/Jakarta,TRUE,1360300049
Tsegere,Tsegere,,-6.2821,139.1063,Indonesia,ID,IDN,Papua Selatan,Papua Selatan,ID-PS,,,8.8,,,5,Asia/Jayapura,FALSE,1360022553
Cambor,Cambor,,-7.0248,112.1550,Indonesia,ID,IDN,Jawa Timur,Jawa Timur,ID-JI,province,,602.9,,,3,Asia/Jakarta,FALSE,1360620479
Mahasari,Mahasari,,-6.9051,110.6122,Indonesia,ID,IDN,Jawa Tengah,Jawa Tengah,ID-JT,province,,1221.7,,,3,Asia/Jakarta,FALSE,1360929537
Rampasan,Rampasan,,-7.0442,113.1098,Indonesia,ID,IDN,Jawa Timur,Jawa Timur,ID-JI,province,,834.9,,,3,Asia/Jakarta,FALSE,1360155262
Warungloa,Warungloa,,-6.6594,106.7364,Indonesia,ID,IDN,Jawa Barat,Jawa Barat,ID-JB,province,,2169.9,,,2,Asia/Jakarta,FALSE,1360007461
Warungloa,Warungloa,Waroengloa,-7.5504,107.9193,Indonesia,ID,IDN,Jawa Barat,Jawa Barat,ID-JB,province,,909.3,,,3,Asia/Jakarta,TRUE,1360612334
Cipadakati,Cipadakati,Tjipadakati,-6.7731,107.4828,Indonesia,ID,IDN,Jawa Barat,Jawa Barat,ID-JB,province,,1300.1,,,3,Asia/Jakarta,FALSE,1360865381
Ngacir,Ngacir,,-6.9508,110.7381,Indonesia,ID,IDN,Jawa Tengah,Jawa Tengah,ID-JT,province,,1221.7,,,3,Asia/Jakarta,FALSE,1360293046
Ngacir,Ngacir,,-6.6465,110.7360,Indonesia,ID,IDN,Jawa Tengah,Jawa Tengah,ID-JT,province,,1152.9,,,3,Asia/Jakarta,TRUE,1360996924
Ngacir,Ngacir,,-7.1592,110.9703,Indonesia,ID,IDN,Jawa Tengah,Jawa Tengah,ID-JT,province,,676.8,,,3,Asia/Jakarta,TRUE,1360272795
Banjar Sudihati,Banjar Sudihati,,-8.2431,115.3255,Indonesia,ID,IDN,Bali,Bali,ID-BA,province,,466.3,,,3,Asia/Makassar,FALSE,1360113084
Bojongpangpang,Bojongpangpang,Bodjongpangpang,-7.0750,107.7408,Indonesia,ID,IDN,Jawa Barat,Jawa Barat,ID-JB,province,,1899.0,,,3,Asia/Jakarta,FALSE,1360668530
Kedai Nangka,Kedai Nangka,,2.9582,99.4895,Indonesia,ID,IDN,Sumatera Utara,Sumatera Utara,ID-SU,province,,199.4,,,4,Asia/Jakarta,FALSE,1360793061
Boyolangu,Boyolangu,Bojolangoe|Bojolangu,-8.1181,111.8935,Indonesia,ID,IDN,Jawa Timur,Jawa Timur,ID-JI,province,minor,912.2,,,3,Asia/Jakarta,FALSE,1360859894
Bandar Padang,Bandar Padang,,-0.5913,102.3337,Indonesia,ID,IDN,Riau,Riau,ID-RI,province,,67.9,,,4,Asia/Jakarta,FALSE,1360744648
Penisihan,Penisihan,,-7.3242,109.2214,Indonesia,ID,IDN,Jawa Tengah,Jawa Tengah,ID-JT,province,,1174.8,,,3,Asia/Jakarta,FALSE,1360614756
Penisihan,Penisihan,,-7.2747,109.3597,Indonesia,ID,IDN,Jawa Tengah,Jawa Tengah,ID-JT,province,,1116.9,,,3,Asia/Jakarta,TRUE,1360027731
Penisihan,Penisihan,,-7.2894,109.0353,Indonesia,ID,IDN,Jawa Tengah,Jawa Tengah,ID-JT,province,,1031.6,,,3,Asia/Jakarta,TRUE,1360718107
Penisihan,Penisihan,,-7.5869,109.1589,Indonesia,ID,IDN,Jawa Tengah,Jawa Tengah,ID-JT,province,minor,708.0,,,3,Asia/Jakarta,TRUE,1360011492
Tebalmejan,Tebalmejan,,-7.6381,110.7250,Indonesia,ID,IDN,Jawa Tengah,Jawa Tengah,ID-JT,province,,1721.4,,,3,Asia/Jakarta,FALSE,1360325111
Madurejeki,Madurejeki,,-7.7991,110.5314,Indonesia,ID,IDN,Yogyakarta,Yogyakarta,ID-YO,special region,,2319.5,,,2,Asia/Jakarta,FALSE,1360637625
Namobelang,Namobelang,,3.4483,98.3202,Indonesia,ID,IDN,Sumatera Utara,Sumatera Utara,ID-SU,province,,166.6,,,4,Asia/Jakarta,FALSE,1360979911
Namo Linting,Namo Linting,,3.2747,98.6811,Indonesia,ID,IDN,Sumatera Utara,Sumatera Utara,ID-SU,province,,902.6,,,3,Asia/Jakarta,FALSE,1360021976
Nangabayan,Nangabayan,,1.0091,111.2823,Indonesia,ID,IDN,Kalimantan Barat,Kalimantan Barat,ID-KB,province,,12.0,,,4,Asia/Pontianak,FALSE,1360003525
Maudil,Maudil,,2.4920,96.2270,Indonesia,ID,IDN,Aceh,Aceh,ID-AC,special region,,59.9,,,4,Asia/Jakarta,FALSE,1360910950
Pilangdoyong,Pilangdoyong,Pilangdojong,-7.2914,110.7253,Indonesia,ID,IDN,Jawa Tengah,Jawa Tengah,ID-JT,province,,890.8,,,3,Asia/Jakarta,FALSE,1360327053
Matang Santot,Matang Santot,,5.0990,97.4590,Indonesia,ID,IDN,Aceh,Aceh,ID-AC,special region,,234.2,,,3,Asia/Jakarta,FALSE,1360961416
Kadipaten,Kadipaten,,-7.8078,110.3589,Indonesia,ID,IDN,Yogyakarta,Yogyakarta,ID-YO,special region,,11963.7,,,2,Asia/Jakarta,FALSE,1360572364
Kadipaten,Kadipaten,,-7.8753,110.1356,Indonesia,ID,IDN,Yogyakarta,Yogyakarta,ID-YO,special region,,664.1,,,3,Asia/Jakarta,TRUE,1360032896
Tuakena,Tuakena,,-9.6913,124.5557,Indonesia,ID,IDN,Nusa Tenggara Timur,Nusa Tenggara Timur,ID-NT,province,,125.8,,,4,Asia/Makassar,FALSE,1360484834
Panyindangan Landeuh,Panyindangan Landeuh,,-6.9558,108.3156,Indonesia,ID,IDN,Jawa Barat,Jawa Barat,ID-JB,province,,918.7,,,3,Asia/Jakarta,FALSE,1360013033
Krangasem,Krangasem,,-7.7186,110.6883,Indonesia,ID,IDN,Jawa Tengah,Jawa Tengah,ID-JT,province,,1721.4,,,3,Asia/Jakarta,FALSE,1360319583
Jaruju,Jaruju,,-6.5125,105.8231,Indonesia,ID,IDN,Banten,Banten,ID-BT,province,,460.1,,,3,Asia/Jakarta,FALSE,1360957032
Rancabugel,Rancabugel,,-6.4018,106.0322,Indonesia,ID,IDN,Banten,Banten,ID-BT,province,minor,460.1,,,3,Asia/Jakarta,FALSE,1360034115
Sebetan,Sebetan,,-8.1600,112.7811,Indonesia,ID,IDN,Jawa Timur,Jawa Timur,ID-JI,province,,761.0,,,3,Asia/Jakarta,FALSE,1360008708
Sosor Naba,Sosor Naba,,2.2624,98.7569,Indonesia,ID,IDN,Sumatera Utara,Sumatera Utara,ID-SU,province,,89.1,,,4,Asia/Jakarta,FALSE,1360228696
Lumban Nialahan,Lumban Nialahan,,2.7481,98.7359,Indonesia,ID,IDN,Sumatera Utara,Sumatera Utara,ID-SU,province,,72.0,,,4,Asia/Jakarta,FALSE,1360276404
Sungai Litur Tasik,Sungai Litur Tasik,,3.7630,98.2110,Indonesia,ID,IDN,Sumatera Utara,Sumatera Utara,ID-SU,province,,166.6,,,4,Asia/Jakarta,FALSE,1360010868
Balus,Balus,,-8.7005,120.5823,Indonesia,ID,IDN,Nusa Tenggara Timur,Nusa Tenggara Timur,ID-NT,province,,132.9,,,4,Asia/Makassar,FALSE,1360501325
Mijensari,Mijensari,,-7.0795,109.8026,Indonesia,ID,IDN,Jawa Tengah,Jawa Tengah,ID-JT,province,,1002.7,,,3,Asia/Jakarta,FALSE,1360425236
Cintalangu,Cintalangu,Tjintalangu,-6.9983,107.4861,Indonesia,ID,IDN,Jawa Barat,Jawa Barat,ID-JB,province,,1300.1,,,3,Asia/Jakarta,FALSE,1360767911
Ngebra Lor,Ngebra Lor,,-8.0269,110.9392,Indonesia,ID,IDN,Jawa Tengah,Jawa Tengah,ID-JT,province,,481.5,,,3,Asia/Jakarta,FALSE,1360938810
Kedep Utara,Kedep Utara,Kedep 2|Kedep Dua,-6.4436,106.9253,Indonesia,ID,IDN,Jawa Barat,Jawa Barat,ID-JB,province,,2169.9,,,2,Asia/Jakarta,FALSE,1360792503
Nangkasari Dua,Nangkasari Dua,,-6.6542,106.6514,Indonesia,ID,IDN,Jawa Barat,Jawa Barat,ID-JB,province,,2169.9,,,2,Asia/Jakarta,FALSE,1360674375
Narimbang,Narimbang,,-6.7511,107.9889,Indonesia,ID,IDN,Jawa Barat,Jawa Barat,ID-JB,province,,779.3,,,3,Asia/Jakarta,FALSE,1360689731
Cilenjang,Cilenjang,Tjilendjang,-7.5933,107.9295,Indonesia,ID,IDN,Jawa Barat,Jawa Barat,ID-JB,province,,678.9,,,3,Asia/Jakarta,FALSE,1360789322
Kurulele,Kurulele,,-8.8242,121.8140,Indonesia,ID,IDN,Nusa Tenggara Timur,Nusa Tenggara Timur,ID-NT,province,,132.1,,,4,Asia/Makassar,FALSE,1360999553
Dungusmaung,Dungusmaung,,-6.9889,107.8350,Indonesia,ID,IDN,Jawa Barat,Jawa Barat,ID-JB,province,,1899.0,,,3,Asia/Jakarta,FALSE,1360620122
Dungusmaung,Dungusmaung,Doengoesmaoeng,-7.2835,107.7912,Indonesia,ID,IDN,Jawa Barat,Jawa Barat,ID-JB,province,,909.3,,,3,Asia/Jakarta,TRUE,1360480084
Hili,Hili,,-10.5259,121.9470,Indonesia,ID,IDN,Nusa Tenggara Timur,Nusa Tenggara Timur,ID-NT,province,,195.4,,,4,Asia/Makassar,FALSE,1360734161
Padangan,Padangan,,-7.5939,110.8192,Indonesia,ID,IDN,Jawa Tengah,Jawa Tengah,ID-JT,province,,5994.4,,,2,Asia/Jakarta,FALSE,1360419376
Padangan,Padangan,,-7.6339,110.7211,Indonesia,ID,IDN,Jawa Tengah,Jawa Tengah,ID-JT,province,,1721.4,,,3,Asia/Jakarta,TRUE,1360634321
Padangan,Padangan,,-7.7231,110.5889,Indonesia,ID,IDN,Jawa Tengah,Jawa Tengah,ID-JT,province,,1721.4,,,3,Asia/Jakarta,TRUE,1360901333
Padangan,Padangan,,-7.7039,110.6342,Indonesia,ID,IDN,Jawa Tengah,Jawa Tengah,ID-JT,province,,1721.4,,,3,Asia/Jakarta,TRUE,1360556122
Padangan,Padangan,,-7.7206,110.7122,Indonesia,ID,IDN,Jawa Tengah,Jawa Tengah,ID-JT,province,,1721.4,,,3,Asia/Jakarta,TRUE,1360093854
Padangan,Padangan,,-7.8008,110.6975,Indonesia,ID,IDN,Jawa Tengah,Jawa Tengah,ID-JT,province,,1485.0,,,3,Asia/Jakarta,TRUE,1360191260
Padangan,Padangan,,-7.2408,110.2006,Indonesia,ID,IDN,Jawa Tengah,Jawa Tengah,ID-JT,province,,851.9,,,3,Asia/Jakarta,TRUE,1360736003
Padangan,Padangan,,-7.3117,110.1822,Indonesia,ID,IDN,Jawa Tengah,Jawa Tengah,ID-JT,province,,851.9,,,3,Asia/Jakarta,TRUE,1360074666
Padangan,Padangan,,-7.3158,110.1269,Indonesia,ID,IDN,Jawa Tengah,Jawa Tengah,ID-JT,province,,851.9,,,3,Asia/Jakarta,TRUE,1360002263
Padangan,Padangan,,-6.8350,111.0797,Indonesia,ID,IDN,Jawa Tengah,Jawa Tengah,ID-JT,province,,818.0,,,3,Asia/Jakarta,TRUE,1360874926
Padangan,Padangan,,-7.1267,111.0689,Indonesia,ID,IDN,Jawa Tengah,Jawa Tengah,ID-JT,province,,676.8,,,3,Asia/Jakarta,TRUE,1360006715
Padangan,Padangan,,-7.9822,110.9117,Indonesia,ID,IDN,Jawa Tengah,Jawa Tengah,ID-JT,province,,481.5,,,3,Asia/Jakarta,TRUE,1360697952
Panggelangan,Panggelangan,,-6.6437,106.1380,Indonesia,ID,IDN,Banten,Banten,ID-BT,province,,432.7,,,3,Asia/Jakarta,FALSE,1360012897
Beluntas,Beluntas,Luntas,-6.1322,107.1517,Indonesia,ID,IDN,Jawa Barat,Jawa Barat,ID-JB,province,,3403.8,,,2,Asia/Jakarta,FALSE,1360006669
Jambeasem,Jambeasem,,-7.9245,113.8783,Indonesia,ID,IDN,Jawa Timur,Jawa Timur,ID-JI,province,,504.6,,,3,Asia/Jakarta,FALSE,1360441462
Mahendra,Mahendra,,-6.6810,105.7103,Indonesia,ID,IDN,Banten,Banten,ID-BT,province,,460.1,,,3,Asia/Jakarta,FALSE,1360418081
Marihatbandar Dua,Marihatbandar Dua,Marihatbandar 2,3.1120,99.2800,Indonesia,ID,IDN,Sumatera Utara,Sumatera Utara,ID-SU,province,,174.8,,,4,Asia/Jakarta,FALSE,1360917122
Krembangan,Krembangan,,-7.3562,112.6579,Indonesia,ID,IDN,Jawa Timur,Jawa Timur,ID-JI,province,,4414.3,,,2,Asia/Jakarta,FALSE,1360384836
Krembangan,Krembangan,,-7.8017,112.2645,Indonesia,ID,IDN,Jawa Timur,Jawa Timur,ID-JI,province,,1030.6,,,3,Asia/Jakarta,TRUE,1360690166
Jambeasem,Jambeasem,Djambeasem,-7.4064,108.8461,Indonesia,ID,IDN,Jawa Tengah,Jawa Tengah,ID-JT,province,,708.0,,,3,Asia/Jakarta,FALSE,1360267635
Silambiak,Silambiak,,2.3212,98.9326,Indonesia,ID,IDN,Sumatera Utara,Sumatera Utara,ID-SU,province,,83.1,,,4,Asia/Jakarta,FALSE,1360498734
Sokon,Sokon,,-10.2516,123.6106,Indonesia,ID,IDN,Nusa Tenggara Timur,Nusa Tenggara Timur,ID-NT,province,,2859.6,,,2,Asia/Makassar,FALSE,1360779376
Kaducaragak,Kaducaragak,,-6.4261,106.1006,Indonesia,ID,IDN,Banten,Banten,ID-BT,province,,460.1,,,3,Asia/Jakarta,FALSE,1360916669
Kencong,Kencong,Kentjong|Ketjong,-8.2726,113.3651,Indonesia,ID,IDN,Jawa Timur,Jawa Timur,ID-JI,province,minor,738.0,,,3,Asia/Jakarta,FALSE,1360965074
Gadingan Tengah,Gadingan Tengah,,-7.7307,114.1961,Indonesia,ID,IDN,Jawa Timur,Jawa Timur,ID-JI,province,,419.6,,,3,Asia/Jakarta,FALSE,1360040489
Polasari,Polasari,,-7.1584,112.7795,Indonesia,ID,IDN,Jawa Timur,Jawa Timur,ID-JI,province,,781.3,,,3,Asia/Jakarta,FALSE,1360720211
Mandungan II,Mandungan II,,-7.7597,110.3117,Indonesia,ID,IDN,Yogyakarta,Yogyakarta,ID-YO,special region,,2319.5,,,2,Asia/Jakarta,FALSE,1360503443
Watugeni,Watugeni,,-7.6414,109.7114,Indonesia,ID,IDN,Jawa Tengah,Jawa Tengah,ID-JT,province,,854.4,,,3,Asia/Jakarta,FALSE,1360472918
Ceremetegal,Ceremetegal,,-6.2114,106.2639,Indonesia,ID,IDN,Jawa Barat,Jawa Barat,ID-JB,province,,1080.6,,,3,Asia/Jakarta,FALSE,1360882746
Simanosor Gareja,Simanosor Gareja,,1.7919,99.3410,Indonesia,ID,IDN,Sumatera Utara,Sumatera Utara,ID-SU,province,,83.0,,,4,Asia/Jakarta,FALSE,1360003886
Kopakoe,Kopakoe,,-8.6778,120.9962,Indonesia,ID,IDN,Nusa Tenggara Timur,Nusa Tenggara Timur,ID-NT,province,,99.8,,,4,Asia/Makassar,FALSE,1360407773
Pancee,Pancee,,-4.4107,119.9169,Indonesia,ID,IDN,Sulawesi Selatan,Sulawesi Selatan,ID-SN,province,,166.6,,,4,Asia/Makassar,FALSE,1360105342
Siraitholbung,Siraitholbung,,2.5059,99.1409,Indonesia,ID,IDN,Sumatera Utara,Sumatera Utara,ID-SU,province,,79.3,,,4,Asia/Jakarta,FALSE,1360964122
Kalikopeng,Kalikopeng,,-7.6646,108.5230,Indonesia,ID,IDN,Jawa Barat,Jawa Barat,ID-JB,province,,590.8,,,3,Asia/Jakarta,FALSE,1360015398
Kemurang Kulon,Kemurang Kulon,,-6.8802,108.8849,Indonesia,ID,IDN,Jawa Tengah,Jawa Tengah,ID-JT,province,,1031.6,,,3,Asia/Jakarta,FALSE,1360757935
Pumpuk,Pumpuk,,-8.7158,120.5592,Indonesia,ID,IDN,Nusa Tenggara Timur,Nusa Tenggara Timur,ID-NT,province,,132.9,,,4,Asia/Makassar,FALSE,1360251642
Siwalan Lor,Siwalan Lor,,-7.3239,110.9878,Indonesia,ID,IDN,Jawa Tengah,Jawa Tengah,ID-JT,province,,911.2,,,3,Asia/Jakarta,FALSE,1360579411
Cibuni,Cibuni,,-6.6347,106.1806,Indonesia,ID,IDN,Banten,Banten,ID-BT,province,,432.7,,,3,Asia/Jakarta,FALSE,1360654026
Warange,Warange,,-3.9310,120.1535,Indonesia,ID,IDN,Sulawesi Selatan,Sulawesi Selatan,ID-SN,province,,175.3,,,4,Asia/Makassar,FALSE,1360879874
Lemi,Lemi,,-7.5257,111.4820,Indonesia,ID,IDN,Jawa Timur,Jawa Timur,ID-JI,province,,865.1,,,3,Asia/Jakarta,FALSE,1360139731
Siwalan Lor,Siwalan Lor,,-7.3090,111.9547,Indonesia,ID,IDN,Jawa Timur,Jawa Timur,ID-JI,province,,536.4,,,3,Asia/Jakarta,FALSE,1360695729
Talang Balak,Talang Balak,Talangbalak,-4.8422,104.7861,Indonesia,ID,IDN,Lampung,Lampung,ID-LA,province,,275.3,,,3,Asia/Jakarta,FALSE,1360023084
Sumedangkamulyan,Sumedangkamulyan,,-8.1786,112.5420,Indonesia,ID,IDN,Jawa Timur,Jawa Timur,ID-JI,province,,761.0,,,3,Asia/Jakarta,FALSE,1360090769
Dusun Wetan,Dusun Wetan,,-7.8701,111.4362,Indonesia,ID,IDN,Jawa Timur,Jawa Timur,ID-JI,province,,601.1,,,3,Asia/Jakarta,FALSE,1360777546
Menunggul,Menunggul,,-8.4726,115.0351,Indonesia,ID,IDN,Bali,Bali,ID-BA,province,,543.3,,,3,Asia/Makassar,FALSE,1360785626
Karangkates Utara,Karangkates Utara,,-7.9845,112.6600,Indonesia,ID,IDN,Jawa Timur,Jawa Timur,ID-JI,province,,11975.9,,,2,Asia/Jakarta,FALSE,1360841184
Ceger Kidul,Ceger Kidul,,-6.2342,107.1486,Indonesia,ID,IDN,Jawa Barat,Jawa Barat,ID-JB,province,,3403.8,,,2,Asia/Jakarta,FALSE,1360036455
Rodamude,Rodamude,,-8.2045,123.8190,Indonesia,ID,IDN,Nusa Tenggara Timur,Nusa Tenggara Timur,ID-NT,province,,120.1,,,4,Asia/Makassar,FALSE,1360439238
Gumulung Lebak,Gumulung Lebak,,-6.8123,108.5731,Indonesia,ID,IDN,Jawa Barat,Jawa Barat,ID-JB,province,,2095.8,,,2,Asia/Jakarta,FALSE,1360025265
Labongke,Labongke,,-4.7217,119.9003,Indonesia,ID,IDN,Sulawesi Selatan,Sulawesi Selatan,ID-SN,province,,228.7,,,3,Asia/Makassar,FALSE,1360011871
Sukomulyo Lor,Sukomulyo Lor,,-8.2533,112.8161,Indonesia,ID,IDN,Jawa Timur,Jawa Timur,ID-JI,province,,761.0,,,3,Asia/Jakarta,FALSE,1360690207
Saapan,Saapan,,-6.9369,107.5069,Indonesia,ID,IDN,Jawa Barat,Jawa Barat,ID-JB,province,,1300.1,,,3,Asia/Jakarta,FALSE,1360626010
Saapan,Saapan,Sa‘apan,-7.0420,108.0037,Indonesia,ID,IDN,Jawa Barat,Jawa Barat,ID-JB,province,,909.3,,,3,Asia/Jakarta,TRUE,1360613059
Buminagara Satu,Buminagara Satu,Boeninagara 1,-7.3124,108.2183,Indonesia,ID,IDN,Jawa Barat,Jawa Barat,ID-JB,province,,3852.8,,,2,Asia/Jakarta,FALSE,1360939204
Parakrage,Parakrage,,-8.8406,116.4067,Indonesia,ID,IDN,Nusa Tenggara Barat,Nusa Tenggara Barat,ID-NB,province,,819.8,,,3,Asia/Makassar,FALSE,1360019285
Pedasong,Pedasong,,-7.6722,109.1917,Indonesia,ID,IDN,Jawa Tengah,Jawa Tengah,ID-JT,province,,708.0,,,3,Asia/Jakarta,FALSE,1360135858
Cikere,Cikere,,-4.6996,119.6327,Indonesia,ID,IDN,Sulawesi Selatan,Sulawesi Selatan,ID-SN,province,,438.7,,,3,Asia/Makassar,FALSE,1360173237
Banyuurip Lor,Banyuurip Lor,Banjuoerip 2|Banyuoerip Dua,-7.3569,110.7200,Indonesia,ID,IDN,Jawa Tengah,Jawa Tengah,ID-JT,province,,890.8,,,3,Asia/Jakarta,FALSE,1360066296
Atawolo,Atawolo,,-8.5128,123.5229,Indonesia,ID,IDN,Nusa Tenggara Timur,Nusa Tenggara Timur,ID-NT,province,minor,120.1,,,3,Asia/Makassar,FALSE,1360449067
Dailara,Dailara,,-10.5585,121.8619,Indonesia,ID,IDN,Nusa Tenggara Timur,Nusa Tenggara Timur,ID-NT,province,,195.4,,,4,Asia/Makassar,FALSE,1360087753
Taupin Mane,Taupin Mane,,5.1100,96.6930,Indonesia,ID,IDN,Aceh,Aceh,ID-AC,special region,,258.6,,,3,Asia/Jakarta,FALSE,1360471088
Trembel,Trembel,,-7.4011,110.3444,Indonesia,ID,IDN,Jawa Tengah,Jawa Tengah,ID-JT,province,,1113.4,,,3,Asia/Jakarta,FALSE,1360653840
Siyono,Siyono,,-7.3808,109.9511,Indonesia,ID,IDN,Jawa Tengah,Jawa Tengah,ID-JT,province,,782.0,,,3,Asia/Jakarta,FALSE,1360071697
Siyono,Siyono,,-7.9578,110.8600,Indonesia,ID,IDN,Jawa Tengah,Jawa Tengah,ID-JT,province,,481.5,,,3,Asia/Jakarta,TRUE,1360400536
Dalemkesumasari,Dalemkesumasari,,-8.6980,115.1973,Indonesia,ID,IDN,Bali,Bali,ID-BA,province,,8761.2,,,2,Asia/Makassar,FALSE,1360018271
Lokokmumbul,Lokokmumbul,,-8.2242,116.3294,Indonesia,ID,IDN,Nusa Tenggara Barat,Nusa Tenggara Barat,ID-NB,province,,286.8,,,3,Asia/Makassar,FALSE,1360481142
Marore,Marore,,4.7333,125.4833,Indonesia,ID,IDN,Sulawesi Utara,Sulawesi Utara,ID-SA,province,,141.2,,,4,Asia/Makassar,FALSE,1360116009
Pagedangan Satu,Pagedangan Satu,Pagedangan 1,-8.1689,112.6964,Indonesia,ID,IDN,Jawa Timur,Jawa Timur,ID-JI,province,,761.0,,,3,Asia/Jakarta,FALSE,1360003232
Salukemba,Salukemba,,-3.2097,119.3184,Indonesia,ID,IDN,Sulawesi Barat,Sulawesi Barat,ID-SR,province,,69.1,,,4,Asia/Makassar,FALSE,1360342953
Kerkap,Kerkap,,-3.7000,102.2500,Indonesia,ID,IDN,Bengkulu,Bengkulu,ID-BE,province,,92.3,,,4,Asia/Jakarta,FALSE,1360360547
Lewohedo,Lewohedo,,-8.4550,123.0310,Indonesia,ID,IDN,Nusa Tenggara Timur,Nusa Tenggara Timur,ID-NT,province,,153.4,,,4,Asia/Makassar,FALSE,1360694309
Ceme,Ceme,,-9.5130,119.2768,Indonesia,ID,IDN,Nusa Tenggara Timur,Nusa Tenggara Timur,ID-NT,province,,260.9,,,3,Asia/Makassar,FALSE,1360093946
Sentolokawat,Sentolokawat,,-7.7383,109.0133,Indonesia,ID,IDN,Jawa Tengah,Jawa Tengah,ID-JT,province,,708.0,,,3,Asia/Jakarta,FALSE,1360446246
Jlamprang Kulon,Jlamprang Kulon,Dilamprang-kulon,-7.3214,110.3381,Indonesia,ID,IDN,Jawa Tengah,Jawa Tengah,ID-JT,province,,978.1,,,3,Asia/Jakarta,FALSE,1360972142
Cinagasari,Cinagasari,,-6.4343,106.1064,Indonesia,ID,IDN,Banten,Banten,ID-BT,province,,457.0,,,3,Asia/Jakarta,FALSE,1360291685
Orongluk,Orongluk,,-8.3634,116.1828,Indonesia,ID,IDN,Nusa Tenggara Barat,Nusa Tenggara Barat,ID-NB,province,,286.8,,,3,Asia/Makassar,FALSE,1360015845
Timbaurip,Timbaurip,,-8.6682,116.5629,Indonesia,ID,IDN,Nusa Tenggara Barat,Nusa Tenggara Barat,ID-NB,province,,826.7,,,3,Asia/Makassar,FALSE,1360595286
Semayum,Semayum,,-7.4281,109.6608,Indonesia,ID,IDN,Jawa Tengah,Jawa Tengah,ID-JT,province,,784.3,,,3,Asia/Jakarta,FALSE,1360803157
Lakuku,Lakuku,,-9.7289,120.1778,Indonesia,ID,IDN,Nusa Tenggara Timur,Nusa Tenggara Timur,ID-NT,province,,40.2,,,4,Asia/Makassar,FALSE,1360189571
Telokgerat,Telokgerat,,3.7667,98.4264,Indonesia,ID,IDN,Sumatera Utara,Sumatera Utara,ID-SU,province,,166.6,,,4,Asia/Jakarta,FALSE,1360941951
Watutumpuk,Watutumpuk,,-7.7164,111.0500,Indonesia,ID,IDN,Jawa Tengah,Jawa Tengah,ID-JT,province,,1064.4,,,3,Asia/Jakarta,FALSE,1360929535
Kebantengan,Kebantengan,,-6.9294,109.1620,Indonesia,ID,IDN,Jawa Tengah,Jawa Tengah,ID-JT,province,,1406.9,,,3,Asia/Jakarta,FALSE,1360193635
Jatianom,Jatianom,,-6.6042,108.3725,Indonesia,ID,IDN,Jawa Barat,Jawa Barat,ID-JB,province,,2095.8,,,2,Asia/Jakarta,FALSE,1360005716
Watulanceng,Watulanceng,,-8.1644,111.2614,Indonesia,ID,IDN,Jawa Timur,Jawa Timur,ID-JI,province,,392.8,,,3,Asia/Jakarta,FALSE,1360020423
Tabenrung,Tabenrung,,-4.9812,120.1364,Indonesia,ID,IDN,Sulawesi Selatan,Sulawesi Selatan,ID-SN,province,,175.7,,,4,Asia/Makassar,FALSE,1360419708
Sebrangtunggal,Sebrangtunggal,,-3.3941,102.0363,Indonesia,ID,IDN,Bengkulu,Bengkulu,ID-BE,province,,62.3,,,4,Asia/Jakarta,FALSE,1360773428
Cokrut,Cokrut,,5.1847,96.8763,Indonesia,ID,IDN,Aceh,Aceh,ID-AC,special region,,234.2,,,3,Asia/Jakarta,FALSE,1360227434
Cisitu Gede,Cisitu Gede,,-6.3922,106.3706,Indonesia,ID,IDN,Jawa Barat,Jawa Barat,ID-JB,province,,432.7,,,3,Asia/Jakarta,FALSE,1360758254
Tugumulyo,Tugumulyo,,-7.3650,110.8939,Indonesia,ID,IDN,Jawa Tengah,Jawa Tengah,ID-JT,province,,911.2,,,3,Asia/Jakarta,FALSE,1360650190
Tunjang,Tunjang,,-8.6351,116.2629,Indonesia,ID,IDN,Nusa Tenggara Barat,Nusa Tenggara Barat,ID-NB,province,,782.4,,,3,Asia/Makassar,FALSE,1360692984
Pulau,Pulau,,-2.2654,102.4983,Indonesia,ID,IDN,Jambi,Jambi,ID-JA,province,,50.7,,,4,Asia/Jakarta,FALSE,1360828458
Oemanas,Oemanas,,-9.6033,124.7647,Indonesia,ID,IDN,Nusa Tenggara Timur,Nusa Tenggara Timur,ID-NT,province,,200.3,,,3,Asia/Makassar,FALSE,1360068452
Oemanas,Oemanas,,-9.6617,124.5954,Indonesia,ID,IDN,Nusa Tenggara Timur,Nusa Tenggara Timur,ID-NT,province,,125.8,,,4,Asia/Makassar,TRUE,1360194316
Kasian Jauh Darat,Kasian Jauh Darat,Kasiandjaudarat,2.8744,99.4401,Indonesia,ID,IDN,Sumatera Utara,Sumatera Utara,ID-SU,province,,199.4,,,4,Asia/Jakarta,FALSE,1360174660
Kebantengan,Kebantengan,,-6.6851,108.5461,Indonesia,ID,IDN,Jawa Barat,Jawa Barat,ID-JB,province,,2095.8,,,2,Asia/Jakarta,FALSE,1360020179
Baumauk,Baumauk,,-9.3550,124.9478,Indonesia,ID,IDN,Nusa Tenggara Timur,Nusa Tenggara Timur,ID-NT,province,,200.3,,,3,Asia/Makassar,FALSE,1360462074
Gang Sama,Gang Sama,,3.5986,98.5910,Indonesia,ID,IDN,Sumatera Utara,Sumatera Utara,ID-SU,province,,902.6,,,3,Asia/Jakarta,FALSE,1360082265
Karanggaahu,Karanggaahu,,-9.4140,119.8895,Indonesia,ID,IDN,Nusa Tenggara Timur,Nusa Tenggara Timur,ID-NT,province,,44.0,,,4,Asia/Makassar,FALSE,1360393964
Golokondeng,Golokondeng,,-8.5786,120.4402,Indonesia,ID,IDN,Nusa Tenggara Timur,Nusa Tenggara Timur,ID-NT,province,,270.4,,,3,Asia/Makassar,FALSE,1360858254
Babakanpanacaran,Babakanpanacaran,,-6.6593,105.9207,Indonesia,ID,IDN,Banten,Banten,ID-BT,province,,460.1,,,3,Asia/Jakarta,FALSE,1360847120
Limu,Limu,,0.6109,122.6535,Indonesia,ID,IDN,Gorontalo,Gorontalo,ID-GO,province,,104.8,,,4,Asia/Makassar,FALSE,1360135949
Mertaina,Mertaina,,-7.3711,109.5656,Indonesia,ID,IDN,Jawa Tengah,Jawa Tengah,ID-JT,province,,784.3,,,3,Asia/Jakarta,FALSE,1360133413
Tonusu,Tonusu,,-1.7847,120.5565,Indonesia,ID,IDN,Sulawesi Tengah,Sulawesi Tengah,ID-ST,province,,45.2,,,4,Asia/Makassar,FALSE,1360959318
Tompokmok,Tompokmok,,-8.4968,121.1484,Indonesia,ID,IDN,Nusa Tenggara Timur,Nusa Tenggara Timur,ID-NT,province,,99.8,,,4,Asia/Makassar,FALSE,1360808959
Sungai Wansaid,Sungai Wansaid,Soengai Wansaid,0.6667,108.8333,Indonesia,ID,IDN,Kalimantan Barat,Kalimantan Barat,ID-KB,province,,0,,,5,Asia/Pontianak,FALSE,1360644284
Cinyalindung,Cinyalindung,Tjiogong,-7.4248,107.0751,Indonesia,ID,IDN,Jawa Barat,Jawa Barat,ID-JB,province,,666.6,,,3,Asia/Jakarta,FALSE,1360233145
Gendangan Tiga,Gendangan Tiga,,-7.9444,110.6781,Indonesia,ID,IDN,Yogyakarta,Yogyakarta,ID-YO,special region,,457.6,,,3,Asia/Jakarta,FALSE,1360692437
Lubukuban,Lubukuban,Loeboekoeban,-1.7500,112.6167,Indonesia,ID,IDN,Kalimantan Tengah,Kalimantan Tengah,ID-KT,province,,27.9,,,4,Asia/Pontianak,FALSE,1360001149
Sigemplong,Sigemplong,,-7.1761,109.8972,Indonesia,ID,IDN,Jawa Tengah,Jawa Tengah,ID-JT,province,,1002.7,,,3,Asia/Jakarta,FALSE,1360370103
Jatimengkol,Jatimengkol,,-6.5653,107.4686,Indonesia,ID,IDN,Jawa Barat,Jawa Barat,ID-JB,province,,1185.0,,,3,Asia/Jakarta,FALSE,1360014486
Jenggawah,Jenggawah,Djenggawak|Djenggawah|Djanggawah,-8.2661,113.6479,Indonesia,ID,IDN,Jawa Timur,Jawa Timur,ID-JI,province,minor,738.0,,,3,Asia/Jakarta,FALSE,1360624526
Pawarengan,Pawarengan,,-6.3947,107.4439,Indonesia,ID,IDN,Jawa Barat,Jawa Barat,ID-JB,province,,1386.3,,,3,Asia/Jakarta,FALSE,1360684818
Seri,Seri,,-6.9307,109.4792,Indonesia,ID,IDN,Jawa Tengah,Jawa Tengah,ID-JT,province,,1115.9,,,3,Asia/Jakarta,FALSE,1360040866
Karangrejokrajan,Karangrejokrajan,,-8.1919,111.6587,Indonesia,ID,IDN,Jawa Timur,Jawa Timur,ID-JI,province,minor,559.8,,,3,Asia/Jakarta,FALSE,1360152565
Sima,Sima,,-3.3266,119.4911,Indonesia,ID,IDN,Sulawesi Selatan,Sulawesi Selatan,ID-SN,province,,212.3,,,3,Asia/Makassar,FALSE,1360543734
Rengkilih,Rengkilih,,5.0918,97.2025,Indonesia,ID,IDN,Aceh,Aceh,ID-AC,special region,,234.2,,,3,Asia/Jakarta,FALSE,1360300250
Lenggo,Lenggo,,-3.2111,119.0872,Indonesia,ID,IDN,Sulawesi Barat,Sulawesi Barat,ID-SR,province,,257.6,,,3,Asia/Makassar,FALSE,1360238946
Mutiara,Mutiara,,2.9839,99.6387,Indonesia,ID,IDN,Aceh,Aceh,ID-AC,special region,,199.4,,,4,Asia/Jakarta,FALSE,1360146716
Mutiara,Mutiara,,3.4420,97.1890,Indonesia,ID,IDN,Aceh,Aceh,ID-AC,special region,,56.9,,,4,Asia/Jakarta,TRUE,1360383843
Obyek,Obyek,,-6.7316,105.7125,Indonesia,ID,IDN,Banten,Banten,ID-BT,province,,460.1,,,3,Asia/Jakarta,FALSE,1360033537
Blobor,Blobor,,-8.1798,111.6362,Indonesia,ID,IDN,Jawa Timur,Jawa Timur,ID-JI,province,,559.8,,,3,Asia/Jakarta,FALSE,1360110832
Bangketpunik,Bangketpunik,,-8.5855,116.2316,Indonesia,ID,IDN,Nusa Tenggara Barat,Nusa Tenggara Barat,ID-NB,province,,799.9,,,3,Asia/Makassar,FALSE,1360255826
Kedutan,Kedutan,Kadoetan,-6.9928,112.1895,Indonesia,ID,IDN,Jawa Timur,Jawa Timur,ID-JI,province,,602.9,,,3,Asia/Jakarta,FALSE,1360711334
Ranji,Ranji,,-6.6864,106.8461,Indonesia,ID,IDN,Jawa Barat,Jawa Barat,ID-JB,province,,2169.9,,,2,Asia/Jakarta,FALSE,1360170918
Ranji,Ranji,,-6.9244,106.9714,Indonesia,ID,IDN,Jawa Barat,Jawa Barat,ID-JB,province,,633.7,,,3,Asia/Jakarta,TRUE,1360181066
Ranji,Ranji,Randjirata,-7.3021,108.2874,Indonesia,ID,IDN,Jawa Barat,Jawa Barat,ID-JB,province,,590.8,,,3,Asia/Jakarta,TRUE,1360770743
Kampunglandeuh,Kampunglandeuh,,-6.5347,107.1750,Indonesia,ID,IDN,Jawa Barat,Jawa Barat,ID-JB,province,,1566.1,,,3,Asia/Jakarta,FALSE,1360059220
Airbalut,Airbalut,,-2.8120,103.3570,Indonesia,ID,IDN,Sumatera Selatan,Sumatera Selatan,ID-SS,province,,39.4,,,4,Asia/Jakarta,FALSE,1360942698
Warungcina,Warungcina,,-6.9656,107.7978,Indonesia,ID,IDN,Jawa Barat,Jawa Barat,ID-JB,province,,1769.9,,,3,Asia/Jakarta,FALSE,1360956148
Ciangkog,Ciangkog,,-6.4925,107.6942,Indonesia,ID,IDN,Jawa Barat,Jawa Barat,ID-JB,province,,751.4,,,3,Asia/Jakarta,FALSE,1360747719
Lumbungnangka,Lumbungnangka,,-8.2255,113.7348,Indonesia,ID,IDN,Jawa Timur,Jawa Timur,ID-JI,province,,738.0,,,3,Asia/Jakarta,FALSE,1360190729
Sawahlega Kaler,Sawahlega Kaler,,-7.2340,107.9071,Indonesia,ID,IDN,Jawa Barat,Jawa Barat,ID-JB,province,,909.3,,,3,Asia/Jakarta,FALSE,1360269826
Umbulan Tabak,Umbulan Tabak,Umbulantabak|Oemboelan Tabak,-5.3248,104.0296,Indonesia,ID,IDN,Lampung,Lampung,ID-LA,province,,97.7,,,4,Asia/Jakarta,FALSE,1360306093
Puron,Puron,,-7.7494,110.8092,Indonesia,ID,IDN,Jawa Tengah,Jawa Tengah,ID-JT,province,,1694.6,,,3,Asia/Jakarta,FALSE,1360803834
Anteg Hilir,Anteg Hilir,Anteg-hilir,-7.4543,108.2985,Indonesia,ID,IDN,Jawa Barat,Jawa Barat,ID-JB,province,,678.9,,,3,Asia/Jakarta,FALSE,1360395313
Benel,Benel,,-7.9106,112.6846,Indonesia,ID,IDN,Jawa Timur,Jawa Timur,ID-JI,province,,761.0,,,3,Asia/Jakarta,FALSE,1360811181
Benel,Benel,,-8.0847,113.1685,Indonesia,ID,IDN,Jawa Timur,Jawa Timur,ID-JI,province,,577.0,,,3,Asia/Jakarta,TRUE,1360268621
Benel,Benel,,-8.1586,114.3138,Indonesia,ID,IDN,Jawa Timur,Jawa Timur,ID-JI,province,,452.5,,,3,Asia/Jakarta,TRUE,1360721571
Benel,Benel,,-8.1992,114.2682,Indonesia,ID,IDN,Jawa Timur,Jawa Timur,ID-JI,province,,452.5,,,3,Asia/Jakarta,TRUE,1360780688
Banyubiru Lor,Banyubiru Lor,,-7.7445,112.9688,Indonesia,ID,IDN,Jawa Timur,Jawa Timur,ID-JI,province,,1127.0,,,3,Asia/Jakarta,FALSE,1360887842
Jaha,Jaha,,-6.0831,106.0685,Indonesia,ID,IDN,Banten,Banten,ID-BT,province,,1080.6,,,3,Asia/Jakarta,FALSE,1360935113
Jaha,Jaha,,-6.2901,106.3320,Indonesia,ID,IDN,Banten,Banten,ID-BT,province,,1080.6,,,3,Asia/Jakarta,TRUE,1360856644
Jaha,Jaha,,-6.2378,105.8964,Indonesia,ID,IDN,Banten,Banten,ID-BT,province,,669.1,,,3,Asia/Jakarta,TRUE,1360371844
Jaha,Jaha,,-6.3960,106.0063,Indonesia,ID,IDN,Banten,Banten,ID-BT,province,,460.1,,,3,Asia/Jakarta,TRUE,1360417502
Jaha,Jaha,,-6.5869,106.4108,Indonesia,ID,IDN,Banten,Banten,ID-BT,province,minor,432.7,,,3,Asia/Jakarta,TRUE,1360388585
Lembangteko,Lembangteko,,-5.2161,119.9891,Indonesia,ID,IDN,Sulawesi Selatan,Sulawesi Selatan,ID-SN,province,,472.0,,,3,Asia/Makassar,FALSE,1360915954
Gambringan,Gambringan,Gombringan|Gambrengan,-7.1500,110.9167,Indonesia,ID,IDN,Jawa Tengah,Jawa Tengah,ID-JT,province,,676.8,,,3,Asia/Jakarta,FALSE,1360098655
Lumban Pinggul,Lumban Pinggul,,2.6210,98.7140,Indonesia,ID,IDN,Sumatera Utara,Sumatera Utara,ID-SU,province,,72.0,,,4,Asia/Jakarta,FALSE,1360431720
Babakanreuma,Babakanreuma,,-6.9630,108.5294,Indonesia,ID,IDN,Jawa Barat,Jawa Barat,ID-JB,province,,889.0,,,3,Asia/Jakarta,FALSE,1360635093
Samarkaton,Samarkaton,,-8.6234,116.2098,Indonesia,ID,IDN,Nusa Tenggara Barat,Nusa Tenggara Barat,ID-NB,province,,782.5,,,3,Asia/Makassar,FALSE,1360367154
Cokrowangsan,Cokrowangsan,,-7.7664,110.7411,Indonesia,ID,IDN,Jawa Tengah,Jawa Tengah,ID-JT,province,,1694.6,,,3,Asia/Jakarta,FALSE,1360508190
Tulung Piyes,Tulung Piyes,,-4.8656,104.8650,Indonesia,ID,IDN,Lampung,Lampung,ID-LA,province,,275.3,,,3,Asia/Jakarta,FALSE,1360792699
Putunganam,Putunganam,,-0.5282,100.2524,Indonesia,ID,IDN,Sumatera Barat,Sumatera Barat,ID-SB,province,,263.7,,,3,Asia/Jakarta,FALSE,1360936225
Cikeupeul,Cikeupeul,Tjikeupeul,-7.3258,108.0537,Indonesia,ID,IDN,Jawa Barat,Jawa Barat,ID-JB,province,,678.9,,,3,Asia/Jakarta,FALSE,1360973502
Peturen,Peturen,,-6.8951,109.6498,Indonesia,ID,IDN,Jawa Tengah,Jawa Tengah,ID-JT,province,,2282.3,,,2,Asia/Jakarta,FALSE,1360275375
Selangkah,Selangkah,,-7.6964,111.1097,Indonesia,ID,IDN,Jawa Tengah,Jawa Tengah,ID-JT,province,,1064.4,,,3,Asia/Jakarta,FALSE,1360863681
Puteran Kidul,Puteran Kidul,,-7.1189,108.1996,Indonesia,ID,IDN,Jawa Barat,Jawa Barat,ID-JB,province,minor,678.9,,,3,Asia/Jakarta,FALSE,1360021866
Helikir,Helikir,,-9.7205,119.8876,Indonesia,ID,IDN,Nusa Tenggara Timur,Nusa Tenggara Timur,ID-NT,province,,40.2,,,4,Asia/Makassar,FALSE,1360610204
Erot Lauk,Erot Lauk,,-8.5790,116.5558,Indonesia,ID,IDN,Nusa Tenggara Barat,Nusa Tenggara Barat,ID-NB,province,,826.7,,,3,Asia/Makassar,FALSE,1360028135
Mantigola,Mantigola,,-5.5417,123.7477,Indonesia,ID,IDN,Sulawesi Tenggara,Sulawesi Tenggara,ID-SG,province,,185.7,,,4,Asia/Makassar,FALSE,1360941178
Labilibili,Labilibili,,-3.9711,119.6364,Indonesia,ID,IDN,Sulawesi Selatan,Sulawesi Selatan,ID-SN,province,,288.8,,,3,Asia/Makassar,FALSE,1360558874
Pegadaian,Pegadaian,,-7.9104,113.8237,Indonesia,ID,IDN,Jawa Timur,Jawa Timur,ID-JI,province,,504.6,,,3,Asia/Jakarta,FALSE,1360648774
Bulakkenjeran,Bulakkenjeran,Kendjiran|Kendjeran|Kenjeran|Kenjiran,-7.2331,112.7843,Indonesia,ID,IDN,Jawa Timur,Jawa Timur,ID-JI,province,,8898.3,,,2,Asia/Jakarta,FALSE,1360164875
Wong Cung,Wong Cung,Wong Tjoeng|Simpadang|Wong Tjung,1.0333,109.1333,Indonesia,ID,IDN,Kalimantan Barat,Kalimantan Barat,ID-KB,province,,127.2,,,4,Asia/Pontianak,FALSE,1360693871
Gondopolo,Gondopolo,,-7.7233,111.0156,Indonesia,ID,IDN,Jawa Tengah,Jawa Tengah,ID-JT,province,,1064.4,,,3,Asia/Jakarta,FALSE,1360157085
Gondopolo,Gondopolo,,-7.8097,111.2003,Indonesia,ID,IDN,Jawa Tengah,Jawa Tengah,ID-JT,province,,481.5,,,3,Asia/Jakarta,TRUE,1360292308
Lekok,Lekok,,-8.7582,116.0700,Indonesia,ID,IDN,Nusa Tenggara Barat,Nusa Tenggara Barat,ID-NB,province,,799.9,,,3,Asia/Makassar,FALSE,1360051648
Paya Kangkung,Paya Kangkung,,3.7961,98.5123,Indonesia,ID,IDN,Sumatera Utara,Sumatera Utara,ID-SU,province,,166.6,,,4,Asia/Jakarta,FALSE,1360006482
Sundi Kidul,Sundi Kidul,,-7.8258,110.2522,Indonesia,ID,IDN,Yogyakarta,Yogyakarta,ID-YO,special region,,2161.9,,,2,Asia/Jakarta,FALSE,1360746399
Cabeareuy,Cabeareuy,,-6.8094,107.4483,Indonesia,ID,IDN,Jawa Barat,Jawa Barat,ID-JB,province,,1300.1,,,3,Asia/Jakarta,FALSE,1360310930
Waimatena,Waimatena,,-9.6114,119.6274,Indonesia,ID,IDN,Nusa Tenggara Timur,Nusa Tenggara Timur,ID-NT,province,,44.0,,,4,Asia/Makassar,FALSE,1360715150
Nawas,Nawas,,-6.8236,108.6488,Indonesia,ID,IDN,Jawa Barat,Jawa Barat,ID-JB,province,,2095.8,,,2,Asia/Jakarta,FALSE,1360027814
Babarina,Babarina,,-3.9032,121.3087,Indonesia,ID,IDN,Sulawesi Tenggara,Sulawesi Tenggara,ID-SG,province,,66.0,,,4,Asia/Makassar,FALSE,1360057661
Pondok Satu C,Pondok Satu C,Pondok 1C,3.1369,99.0694,Indonesia,ID,IDN,Sumatera Utara,Sumatera Utara,ID-SU,province,,312.7,,,3,Asia/Jakarta,FALSE,1360358326
Ngreco,Ngreco,,-7.8763,111.9986,Indonesia,ID,IDN,Jawa Timur,Jawa Timur,ID-JI,province,,1030.6,,,3,Asia/Jakarta,FALSE,1360712532
Ngreco,Ngreco,,-7.8760,112.0463,Indonesia,ID,IDN,Jawa Timur,Jawa Timur,ID-JI,province,,1030.6,,,3,Asia/Jakarta,TRUE,1360319214
Ngreco,Ngreco,,-7.8425,112.1630,Indonesia,ID,IDN,Jawa Timur,Jawa Timur,ID-JI,province,,1030.6,,,3,Asia/Jakarta,TRUE,1360106699
Ngreco,Ngreco,,-8.0849,111.8973,Indonesia,ID,IDN,Jawa Timur,Jawa Timur,ID-JI,province,,912.2,,,3,Asia/Jakarta,TRUE,1360670752
Ngreco,Ngreco,,-8.1408,112.4491,Indonesia,ID,IDN,Jawa Timur,Jawa Timur,ID-JI,province,minor,671.1,,,3,Asia/Jakarta,TRUE,1360796032
Ngreco,Ngreco,,-7.5955,111.4975,Indonesia,ID,IDN,Jawa Timur,Jawa Timur,ID-JI,province,,617.8,,,3,Asia/Jakarta,TRUE,1360233445
Ngreco,Ngreco,,-7.9578,111.3536,Indonesia,ID,IDN,Jawa Timur,Jawa Timur,ID-JI,province,,601.1,,,3,Asia/Jakarta,TRUE,1360657130
Ngreco,Ngreco,,-7.8681,111.7045,Indonesia,ID,IDN,Jawa Timur,Jawa Timur,ID-JI,province,,601.1,,,3,Asia/Jakarta,TRUE,1360932908
Ngreco,Ngreco,,-7.4850,111.3419,Indonesia,ID,IDN,Jawa Timur,Jawa Timur,ID-JI,province,,586.3,,,3,Asia/Jakarta,TRUE,1360060230
Ngreco,Ngreco,,-8.1668,111.4992,Indonesia,ID,IDN,Jawa Timur,Jawa Timur,ID-JI,province,,559.8,,,3,Asia/Jakarta,TRUE,1360171776
Ngreco,Ngreco,,-8.0347,111.7323,Indonesia,ID,IDN,Jawa Timur,Jawa Timur,ID-JI,province,,559.8,,,3,Asia/Jakarta,TRUE,1360482577
Ngreco,Ngreco,,-8.0883,111.2433,Indonesia,ID,IDN,Jawa Timur,Jawa Timur,ID-JI,province,,392.8,,,3,Asia/Jakarta,TRUE,1360698246
Montongsugia Bawah,Montongsugia Bawah,,-8.5588,116.5095,Indonesia,ID,IDN,Nusa Tenggara Barat,Nusa Tenggara Barat,ID-NB,province,,826.7,,,3,Asia/Makassar,FALSE,1360203769
Kaayuran Bawah,Kaayuran Bawah,,1.1389,124.8337,Indonesia,ID,IDN,Sulawesi Utara,Sulawesi Utara,ID-SA,province,,499.9,,,3,Asia/Makassar,FALSE,1360267518
Ngelak,Ngelak,,-7.7678,110.5106,Indonesia,ID,IDN,Jawa Tengah,Jawa Tengah,ID-JT,province,,1875.8,,,3,Asia/Jakarta,FALSE,1360590361
Ngelak,Ngelak,,-6.8313,110.5547,Indonesia,ID,IDN,Jawa Tengah,Jawa Tengah,ID-JT,province,,1221.7,,,3,Asia/Jakarta,TRUE,1360945003
Ngelak,Ngelak,,-6.4770,110.7139,Indonesia,ID,IDN,Jawa Tengah,Jawa Tengah,ID-JT,province,,1152.9,,,3,Asia/Jakarta,TRUE,1360427805
Ngelak,Ngelak,,-6.5270,110.6820,Indonesia,ID,IDN,Jawa Tengah,Jawa Tengah,ID-JT,province,,1152.9,,,3,Asia/Jakarta,TRUE,1360564310
Ngelak,Ngelak,,-6.6923,111.2677,Indonesia,ID,IDN,Jawa Tengah,Jawa Tengah,ID-JT,province,minor,600.6,,,3,Asia/Jakarta,TRUE,1360622922
Gembolan,Gembolan,,-7.2847,110.2125,Indonesia,ID,IDN,Jawa Tengah,Jawa Tengah,ID-JT,province,,851.9,,,3,Asia/Jakarta,FALSE,1360893300
Gembolan,Gembolan,,-7.4906,109.9119,Indonesia,ID,IDN,Jawa Tengah,Jawa Tengah,ID-JT,province,,782.0,,,3,Asia/Jakarta,TRUE,1360283247
Ngreco,Ngreco,,-7.7647,110.7667,Indonesia,ID,IDN,Jawa Tengah,Jawa Tengah,ID-JT,province,,1694.6,,,3,Asia/Jakarta,FALSE,1360246866
Ngreco,Ngreco,Ngretjo 1|Ngreco Satu,-7.2881,110.4647,Indonesia,ID,IDN,Jawa Tengah,Jawa Tengah,ID-JT,province,,1028.0,,,3,Asia/Jakarta,TRUE,1360970645
Ngreco,Ngreco,,-7.3211,111.0233,Indonesia,ID,IDN,Jawa Tengah,Jawa Tengah,ID-JT,province,,911.2,,,3,Asia/Jakarta,TRUE,1360536840
Ngreco,Ngreco,,-6.8340,111.0930,Indonesia,ID,IDN,Jawa Tengah,Jawa Tengah,ID-JT,province,,818.0,,,3,Asia/Jakarta,TRUE,1360626233
Ngreco,Ngreco,,-7.1248,111.2455,Indonesia,ID,IDN,Jawa Tengah,Jawa Tengah,ID-JT,province,,432.6,,,3,Asia/Jakarta,TRUE,1360636309
Burunbuni,Burunbuni,,-6.3629,105.8857,Indonesia,ID,IDN,Banten,Banten,ID-BT,province,,460.1,,,3,Asia/Jakarta,FALSE,1360144614
Kesemi,Kesemi,,-7.6468,112.7296,Indonesia,ID,IDN,Jawa Timur,Jawa Timur,ID-JI,province,,1127.0,,,3,Asia/Jakarta,FALSE,1360667862
Titing,Titing,,-7.2702,112.2182,Indonesia,ID,IDN,Jawa Timur,Jawa Timur,ID-JI,province,,670.4,,,3,Asia/Jakarta,FALSE,1360120655
Dramagabeleng,Dramagabeleng,,-6.2233,106.9122,Indonesia,ID,IDN,Jakarta,Jakarta,ID-JK,special district,,16225.4,,,2,Asia/Jakarta,FALSE,1360127841
Mantengan,Mantengan,,-7.7100,110.6806,Indonesia,ID,IDN,Jawa Tengah,Jawa Tengah,ID-JT,province,,1721.4,,,3,Asia/Jakarta,FALSE,1360621072
Blandit Timur,Blandit Timur,,-7.9026,112.7467,Indonesia,ID,IDN,Jawa Timur,Jawa Timur,ID-JI,province,,761.0,,,3,Asia/Jakarta,FALSE,1360058609
Kalimati,Kalimati,,-6.1500,106.7333,Indonesia,ID,IDN,Jakarta,Jakarta,ID-JK,special district,,21981.2,,,2,Asia/Jakarta,FALSE,1360055496
Masigi,Masigi,,-0.8164,120.1675,Indonesia,ID,IDN,Sulawesi Tengah,Sulawesi Tengah,ID-ST,province,,81.9,,,4,Asia/Makassar,FALSE,1360922723
Jawa,Jawa,,-8.5620,120.6371,Indonesia,ID,IDN,Nusa Tenggara Timur,Nusa Tenggara Timur,ID-NT,province,minor,132.9,,,3,Asia/Makassar,FALSE,1360801847
Jawa,Jawa,,-8.7069,120.6663,Indonesia,ID,IDN,Nusa Tenggara Timur,Nusa Tenggara Timur,ID-NT,province,,132.9,,,4,Asia/Makassar,TRUE,1360023286
Wanekelalih,Wanekelalih,Wa Nékélalih,-3.3854,126.7059,Indonesia,ID,IDN,Maluku,Maluku,ID-MA,province,,32.7,,,4,Asia/Jayapura,FALSE,1360504962
Masigi,Masigi,,-3.4810,119.1438,Indonesia,ID,IDN,Sulawesi Barat,Sulawesi Barat,ID-SR,province,,257.6,,,3,Asia/Makassar,FALSE,1360540656
Masigi,Masigi,,-3.4325,119.3412,Indonesia,ID,IDN,Sulawesi Barat,Sulawesi Barat,ID-SR,province,,257.6,,,3,Asia/Makassar,TRUE,1360707465
Masigi,Masigi,,-3.4786,119.3640,Indonesia,ID,IDN,Sulawesi Barat,Sulawesi Barat,ID-SR,province,,257.6,,,3,Asia/Makassar,TRUE,1360409437
Baleromo,Baleromo,,-6.9578,110.7272,Indonesia,ID,IDN,Jawa Tengah,Jawa Tengah,ID-JT,province,,1221.7,,,3,Asia/Jakarta,FALSE,1360001821
Baleromo,Baleromo,,-6.7454,110.7028,Indonesia,ID,IDN,Jawa Tengah,Jawa Tengah,ID-JT,province,,1152.9,,,3,Asia/Jakarta,TRUE,1360516987
Tanjung Bedukang,Tanjung Bedukang,,4.0603,98.3888,Indonesia,ID,IDN,Sumatera Utara,Sumatera Utara,ID-SU,province,,166.6,,,4,Asia/Jakarta,FALSE,1360980240
Jatimunggul Dua,Jatimunggul Dua,,-6.5106,108.1311,Indonesia,ID,IDN,Jawa Barat,Jawa Barat,ID-JB,province,,850.8,,,3,Asia/Jakarta,FALSE,1360691932
Rangkaswaru,Rangkaswaru,,-6.2242,106.2836,Indonesia,ID,IDN,Jawa Barat,Jawa Barat,ID-JB,province,,1080.6,,,3,Asia/Jakarta,FALSE,1360628139
Mukaterusan,Mukaterusan,,4.3990,98.2268,Indonesia,ID,IDN,Aceh,Aceh,ID-AC,special region,,106.4,,,4,Asia/Jakarta,FALSE,1360330527
Kuanunu,Kuanunu,,-10.1821,123.9906,Indonesia,ID,IDN,Nusa Tenggara Timur,Nusa Tenggara Timur,ID-NT,province,,74.4,,,4,Asia/Makassar,FALSE,1360448755
Lupakaur,Lupakaur,,-1.5619,103.4369,Indonesia,ID,IDN,Jambi,Jambi,ID-JA,province,,53.1,,,4,Asia/Jakarta,FALSE,1360326646
Bakongdasan Utara,Bakongdasan Utara,,-8.6777,116.0834,Indonesia,ID,IDN,Nusa Tenggara Barat,Nusa Tenggara Barat,ID-NB,province,,799.9,,,3,Asia/Makassar,FALSE,1360939642
Tukblubuk,Tukblubuk,,-7.6431,109.4211,Indonesia,ID,IDN,Jawa Tengah,Jawa Tengah,ID-JT,province,,871.9,,,3,Asia/Jakarta,FALSE,1360852078
Masigi,Masigi,,-4.7750,119.6026,Indonesia,ID,IDN,Sulawesi Selatan,Sulawesi Selatan,ID-SN,province,,438.7,,,3,Asia/Makassar,FALSE,1360448785
Masigi,Masigi,,-3.3585,119.4659,Indonesia,ID,IDN,Sulawesi Selatan,Sulawesi Selatan,ID-SN,province,,212.3,,,3,Asia/Makassar,TRUE,1360074980
Masigi,Masigi,Masagi,-4.2446,120.0797,Indonesia,ID,IDN,Sulawesi Selatan,Sulawesi Selatan,ID-SN,province,,175.3,,,4,Asia/Makassar,TRUE,1360538373
Masigi,Masigi,,-3.9518,120.0245,Indonesia,ID,IDN,Sulawesi Selatan,Sulawesi Selatan,ID-SN,province,,175.3,,,4,Asia/Makassar,TRUE,1360062871
Bukit Bener Baru,Bukit Bener Baru,,4.7837,96.9197,Indonesia,ID,IDN,Aceh,Aceh,ID-AC,special region,,65.1,,,4,Asia/Jakarta,FALSE,1360469742
Lengser,Lengser,,-7.2134,113.3515,Indonesia,ID,IDN,Jawa Timur,Jawa Timur,ID-JI,province,,857.7,,,3,Asia/Jakarta,FALSE,1360917714
Mijen Timur,Mijen Timur,,-7.0273,110.7202,Indonesia,ID,IDN,Jawa Tengah,Jawa Tengah,ID-JT,province,,1120.3,,,3,Asia/Jakarta,FALSE,1360991976
Kalipager,Kalipager,,-7.3553,109.7403,Indonesia,ID,IDN,Jawa Tengah,Jawa Tengah,ID-JT,province,,784.3,,,3,Asia/Jakarta,FALSE,1360120345
Batara,Batara,,-7.3407,108.0257,Indonesia,ID,IDN,Jawa Barat,Jawa Barat,ID-JB,province,,678.9,,,3,Asia/Jakarta,FALSE,1360056952
Sentongrekesan,Sentongrekesan,,-8.2129,112.7159,Indonesia,ID,IDN,Jawa Timur,Jawa Timur,ID-JI,province,,761.0,,,3,Asia/Jakarta,FALSE,1360002299
Malakani,Malakani,,-1.7833,121.7667,Indonesia,ID,IDN,Sulawesi Tengah,Sulawesi Tengah,ID-ST,province,,20.0,,,4,Asia/Makassar,FALSE,1360191061
Juwiring Kidul,Juwiring Kidul,,-6.9058,110.1571,Indonesia,ID,IDN,Jawa Tengah,Jawa Tengah,ID-JT,province,,968.8,,,3,Asia/Jakarta,FALSE,1360004138
Susuhbango Utara,Susuhbango Utara,,-7.9716,112.0251,Indonesia,ID,IDN,Jawa Timur,Jawa Timur,ID-JI,province,,1030.6,,,3,Asia/Jakarta,FALSE,1360026110
Warungkaweni,Warungkaweni,,-6.8494,107.5483,Indonesia,ID,IDN,Jawa Barat,Jawa Barat,ID-JB,province,,14517.1,,,2,Asia/Jakarta,FALSE,1360760733
Meleng,Meleng,,-8.3328,120.3791,Indonesia,ID,IDN,Nusa Tenggara Timur,Nusa Tenggara Timur,ID-NT,province,,270.4,,,3,Asia/Makassar,FALSE,1360071047
Meleng,Meleng,,-8.7102,120.6028,Indonesia,ID,IDN,Nusa Tenggara Timur,Nusa Tenggara Timur,ID-NT,province,,132.9,,,4,Asia/Makassar,TRUE,1360244809
Meleng,Meleng,,-8.5678,120.0196,Indonesia,ID,IDN,Nusa Tenggara Timur,Nusa Tenggara Timur,ID-NT,province,,88.6,,,4,Asia/Makassar,TRUE,1360122614
Gamba,Gamba,,2.6185,98.7054,Indonesia,ID,IDN,Sumatera Utara,Sumatera Utara,ID-SU,province,,72.0,,,4,Asia/Jakarta,FALSE,1360026919
Kalanganagung,Kalanganagung,,-7.5533,110.2789,Indonesia,ID,IDN,Jawa Tengah,Jawa Tengah,ID-JT,province,,1113.4,,,3,Asia/Jakarta,FALSE,1360111001
Suroloyo,Suroloyo,,-7.6511,110.1792,Indonesia,ID,IDN,Yogyakarta,Yogyakarta,ID-YO,special region,,664.1,,,3,Asia/Jakarta,FALSE,1360564769
Sudah,Sudah,,-7.1198,111.7225,Indonesia,ID,IDN,Jawa Timur,Jawa Timur,ID-JI,province,minor,536.4,,,3,Asia/Jakarta,FALSE,1360456365
Marugak,Marugak,Maroegak,-6.3158,106.7067,Indonesia,ID,IDN,Banten,Banten,ID-BT,province,,9038.3,,,2,Asia/Jakarta,FALSE,1360133126
Manggur,Manggur,,-7.1703,111.0703,Indonesia,ID,IDN,Jawa Tengah,Jawa Tengah,ID-JT,province,,676.8,,,3,Asia/Jakarta,FALSE,1360020241
Torsobih,Torsobih,,-7.0004,113.0553,Indonesia,ID,IDN,Jawa Timur,Jawa Timur,ID-JI,province,minor,781.3,,,3,Asia/Jakarta,FALSE,1360591427
Mulakoli Dua,Mulakoli Dua,,-8.8065,121.2166,Indonesia,ID,IDN,Nusa Tenggara Timur,Nusa Tenggara Timur,ID-NT,province,,122.9,,,4,Asia/Makassar,FALSE,1360951952
Tapambundu,Tapambundu,,0.3139,123.3875,Indonesia,ID,IDN,Gorontalo,Gorontalo,ID-GO,province,,100.8,,,4,Asia/Makassar,FALSE,1360068483
Sudah,Sudah,,-6.2017,107.4656,Indonesia,ID,IDN,Jawa Barat,Jawa Barat,ID-JB,province,,1386.3,,,3,Asia/Jakarta,FALSE,1360157358
Cikedung Dua,Cikedung Dua,,-6.9536,108.4817,Indonesia,ID,IDN,Jawa Barat,Jawa Barat,ID-JB,province,,889.0,,,3,Asia/Jakarta,FALSE,1360031948
Lamreueng,Lamreueng,,5.5160,95.3380,Indonesia,ID,IDN,Aceh,Aceh,ID-AC,special region,,1713.4,,,3,Asia/Jakarta,FALSE,1360732094
Lewololon,Lewololon,,-8.5768,123.4139,Indonesia,ID,IDN,Nusa Tenggara Timur,Nusa Tenggara Timur,ID-NT,province,,120.1,,,4,Asia/Makassar,FALSE,1360192064
Giyombong Lor,Giyombong Lor,,-7.5444,109.8892,Indonesia,ID,IDN,Jawa Tengah,Jawa Tengah,ID-JT,province,,629.0,,,3,Asia/Jakarta,FALSE,1360227929
Hokok,Hokok,,-8.7355,122.2718,Indonesia,ID,IDN,Nusa Tenggara Timur,Nusa Tenggara Timur,ID-NT,province,,202.1,,,3,Asia/Makassar,FALSE,1360386236
Uaseno,Uaseno,,-9.6996,124.6235,Indonesia,ID,IDN,Nusa Tenggara Timur,Nusa Tenggara Timur,ID-NT,province,,125.8,,,4,Asia/Makassar,FALSE,1360874774
Karanggantung,Karanggantung,,-6.9528,106.8908,Indonesia,ID,IDN,Jawa Barat,Jawa Barat,ID-JB,province,,2435.4,,,2,Asia/Jakarta,FALSE,1360229800
Karanggantung,Karanggantung,,-6.6256,107.0111,Indonesia,ID,IDN,Jawa Barat,Jawa Barat,ID-JB,province,,2169.9,,,2,Asia/Jakarta,TRUE,1360023067
Barilaka,Barilaka,,-10.6101,123.3462,Indonesia,ID,IDN,Nusa Tenggara Timur,Nusa Tenggara Timur,ID-NT,province,,115.0,,,4,Asia/Makassar,FALSE,1360860138
Pelebe,Pelebe,Palebah,-8.7943,116.5040,Indonesia,ID,IDN,Nusa Tenggara Barat,Nusa Tenggara Barat,ID-NB,province,,826.7,,,3,Asia/Makassar,FALSE,1360635104
Baitiri,Baitiri,,-10.3091,123.7147,Indonesia,ID,IDN,Nusa Tenggara Timur,Nusa Tenggara Timur,ID-NT,province,,74.4,,,4,Asia/Makassar,FALSE,1360057232
Duwol,Duwol,,-7.7328,110.2747,Indonesia,ID,IDN,Yogyakarta,Yogyakarta,ID-YO,special region,,2319.5,,,2,Asia/Jakarta,FALSE,1360987013
Dengngo,Dengngo,,-3.2899,119.6864,Indonesia,ID,IDN,Sulawesi Selatan,Sulawesi Selatan,ID-SN,province,,123.7,,,4,Asia/Makassar,FALSE,1360036957
Pesuruhan,Pesuruhan,,-8.0475,110.4219,Indonesia,ID,IDN,Yogyakarta,Yogyakarta,ID-YO,special region,,457.6,,,3,Asia/Jakarta,FALSE,1360052202
Joton,Joton,,-7.7842,110.2356,Indonesia,ID,IDN,Yogyakarta,Yogyakarta,ID-YO,special region,,850.1,,,3,Asia/Jakarta,FALSE,1360060103
Bontobilabila,Bontobilabila,,-4.7799,119.5586,Indonesia,ID,IDN,Sulawesi Selatan,Sulawesi Selatan,ID-SN,province,,438.7,,,3,Asia/Makassar,FALSE,1360237827
Kalukuluku,Kalukuluku,,-3.3871,120.8994,Indonesia,ID,IDN,Sulawesi Tenggara,Sulawesi Tenggara,ID-SG,province,,78.6,,,4,Asia/Makassar,FALSE,1360082889
Kamangi,Kamangi,,-10.1285,120.7365,Indonesia,ID,IDN,Nusa Tenggara Timur,Nusa Tenggara Timur,ID-NT,province,,40.2,,,4,Asia/Makassar,FALSE,1360494337
Simpang Semadam,Simpang Semadam,,3.4030,97.8990,Indonesia,ID,IDN,Aceh,Aceh,ID-AC,special region,,51.4,,,4,Asia/Jakarta,FALSE,1360802237
Karanggantung,Karanggantung,,-7.0391,110.1059,Indonesia,ID,IDN,Jawa Tengah,Jawa Tengah,ID-JT,province,,968.8,,,3,Asia/Jakarta,FALSE,1360515608
Kampungmasjid,Kampungmasjid,Majeuw|Madjeuw,-6.4267,105.9708,Indonesia,ID,IDN,Banten,Banten,ID-BT,province,minor,460.1,,,3,Asia/Jakarta,FALSE,1360017219
Kampungmasjid,Kampungmasjid,,-6.6303,105.6507,Indonesia,ID,IDN,Banten,Banten,ID-BT,province,,460.1,,,3,Asia/Jakarta,TRUE,1360473825
Kampungmasjid,Kampungmasjid,,-6.5240,105.8444,Indonesia,ID,IDN,Banten,Banten,ID-BT,province,,460.1,,,3,Asia/Jakarta,TRUE,1360246387
Kampungmasjid,Kampungmasjid,,-6.5661,105.8914,Indonesia,ID,IDN,Banten,Banten,ID-BT,province,minor,460.1,,,3,Asia/Jakarta,TRUE,1360770507
Sadnyasari,Sadnyasari,,-8.2523,114.5347,Indonesia,ID,IDN,Bali,Bali,ID-BA,province,,343.9,,,3,Asia/Makassar,FALSE,1360037007
Sumbersari,Sumbersari,,-7.2303,112.6044,Indonesia,ID,IDN,Jawa Timur,Jawa Timur,ID-JI,province,,8898.3,,,2,Asia/Jakarta,FALSE,1360224321
Sumbersari,Sumbersari,,-7.0342,112.6422,Indonesia,ID,IDN,Jawa Timur,Jawa Timur,ID-JI,province,,1182.2,,,3,Asia/Jakarta,TRUE,1360031309
Sumbersari,Sumbersari,,-7.7091,112.2434,Indonesia,ID,IDN,Jawa Timur,Jawa Timur,ID-JI,province,,1174.4,,,3,Asia/Jakarta,TRUE,1360845351
Sumbersari,Sumbersari,,-7.6890,112.3483,Indonesia,ID,IDN,Jawa Timur,Jawa Timur,ID-JI,province,,1174.4,,,3,Asia/Jakarta,TRUE,1360801060
Sumbersari,Sumbersari,,-7.5727,112.2969,Indonesia,ID,IDN,Jawa Timur,Jawa Timur,ID-JI,province,,1174.4,,,3,Asia/Jakarta,TRUE,1360367248
Sumbersari,Sumbersari,,-7.5421,112.4807,Indonesia,ID,IDN,Jawa Timur,Jawa Timur,ID-JI,province,,1161.1,,,3,Asia/Jakarta,TRUE,1360262719
Sumbersari,Sumbersari,,-7.6212,112.4636,Indonesia,ID,IDN,Jawa Timur,Jawa Timur,ID-JI,province,,1161.1,,,3,Asia/Jakarta,TRUE,1360968716
Sumbersari,Sumbersari,,-7.3473,112.3948,Indonesia,ID,IDN,Jawa Timur,Jawa Timur,ID-JI,province,,1161.1,,,3,Asia/Jakarta,TRUE,1360867830
Sumbersari,Sumbersari,,-7.6564,112.6073,Indonesia,ID,IDN,Jawa Timur,Jawa Timur,ID-JI,province,,1161.1,,,3,Asia/Jakarta,TRUE,1360838188
Sumbersari,Sumbersari,,-7.5176,112.5284,Indonesia,ID,IDN,Jawa Timur,Jawa Timur,ID-JI,province,,1161.1,,,3,Asia/Jakarta,TRUE,1360050979
Sumbersari,Sumbersari,,-7.4305,112.3555,Indonesia,ID,IDN,Jawa Timur,Jawa Timur,ID-JI,province,,1161.1,,,3,Asia/Jakarta,TRUE,1360712695
Sumbersari,Sumbersari,,-7.8126,113.0222,Indonesia,ID,IDN,Jawa Timur,Jawa Timur,ID-JI,province,,1127.0,,,3,Asia/Jakarta,TRUE,1360294815
Sumbersari,Sumbersari,,-7.8146,112.7591,Indonesia,ID,IDN,Jawa Timur,Jawa Timur,ID-JI,province,,1127.0,,,3,Asia/Jakarta,TRUE,1360572427
Sumbersari,Sumbersari,,-7.6071,112.7193,Indonesia,ID,IDN,Jawa Timur,Jawa Timur,ID-JI,province,,1127.0,,,3,Asia/Jakarta,TRUE,1360196700
Sumbersari,Sumbersari,,-7.8552,112.5144,Indonesia,ID,IDN,Jawa Timur,Jawa Timur,ID-JI,province,,1082.1,,,3,Asia/Jakarta,TRUE,1360395129
Sumbersari,Sumbersari,,-7.9769,111.9834,Indonesia,ID,IDN,Jawa Timur,Jawa Timur,ID-JI,province,,1030.6,,,3,Asia/Jakarta,TRUE,1360968299
Sumbersari,Sumbersari,,-7.7197,111.9530,Indonesia,ID,IDN,Jawa Timur,Jawa Timur,ID-JI,province,,1030.6,,,3,Asia/Jakarta,TRUE,1360491822
Sumbersari,Sumbersari,,-7.7689,112.2391,Indonesia,ID,IDN,Jawa Timur,Jawa Timur,ID-JI,province,,1030.6,,,3,Asia/Jakarta,TRUE,1360669118
Sumbersari,Sumbersari,,-8.0687,111.9219,Indonesia,ID,IDN,Jawa Timur,Jawa Timur,ID-JI,province,,912.2,,,3,Asia/Jakarta,TRUE,1360055835
Sumbersari,Sumbersari,,-7.5744,111.4015,Indonesia,ID,IDN,Jawa Timur,Jawa Timur,ID-JI,province,,865.1,,,3,Asia/Jakarta,TRUE,1360563974
Sumbersari,Sumbersari,,-7.6704,112.0327,Indonesia,ID,IDN,Jawa Timur,Jawa Timur,ID-JI,province,,826.0,,,3,Asia/Jakarta,TRUE,1360854818
Sumbersari,Sumbersari,,-7.5541,111.9704,Indonesia,ID,IDN,Jawa Timur,Jawa Timur,ID-JI,province,,826.0,,,3,Asia/Jakarta,TRUE,1360012899
Sumbersari,Sumbersari,,-7.6825,111.8802,Indonesia,ID,IDN,Jawa Timur,Jawa Timur,ID-JI,province,,826.0,,,3,Asia/Jakarta,TRUE,1360816554
Sumbersari,Sumbersari,Djambesari|Jambesari,-8.0603,112.7344,Indonesia,ID,IDN,Jawa Timur,Jawa Timur,ID-JI,province,,761.0,,,3,Asia/Jakarta,TRUE,1360143728
Sumbersari,Sumbersari,,-7.8966,112.7225,Indonesia,ID,IDN,Jawa Timur,Jawa Timur,ID-JI,province,,761.0,,,3,Asia/Jakarta,TRUE,1360268384
Sumbersari,Sumbersari,,-8.0206,112.4883,Indonesia,ID,IDN,Jawa Timur,Jawa Timur,ID-JI,province,,761.0,,,3,Asia/Jakarta,TRUE,1360253798
Sumbersari,Sumbersari,,-8.1092,112.4638,Indonesia,ID,IDN,Jawa Timur,Jawa Timur,ID-JI,province,,761.0,,,3,Asia/Jakarta,TRUE,1360583948
Sumbersari,Sumbersari,,-8.2337,112.4239,Indonesia,ID,IDN,Jawa Timur,Jawa Timur,ID-JI,province,,761.0,,,3,Asia/Jakarta,TRUE,1360490920
Sumbersari,Sumbersari,,-8.0980,112.6760,Indonesia,ID,IDN,Jawa Timur,Jawa Timur,ID-JI,province,,761.0,,,3,Asia/Jakarta,TRUE,1360548222
Sumbersari,Sumbersari,,-8.1714,112.7667,Indonesia,ID,IDN,Jawa Timur,Jawa Timur,ID-JI,province,,761.0,,,3,Asia/Jakarta,TRUE,1360021796
Sumbersari,Sumbersari,,-8.2104,112.8592,Indonesia,ID,IDN,Jawa Timur,Jawa Timur,ID-JI,province,,761.0,,,3,Asia/Jakarta,TRUE,1360557970
Sumbersari,Sumbersari,,-8.1149,112.7926,Indonesia,ID,IDN,Jawa Timur,Jawa Timur,ID-JI,province,,761.0,,,3,Asia/Jakarta,TRUE,1360403612
Sumbersari,Sumbersari,,-8.0223,112.7612,Indonesia,ID,IDN,Jawa Timur,Jawa Timur,ID-JI,province,,761.0,,,3,Asia/Jakarta,TRUE,1360070194
Sumbersari,Sumbersari,,-8.1990,112.6277,Indonesia,ID,IDN,Jawa Timur,Jawa Timur,ID-JI,province,,761.0,,,3,Asia/Jakarta,TRUE,1360155557
Sumbersari,Sumbersari,,-8.2733,112.6154,Indonesia,ID,IDN,Jawa Timur,Jawa Timur,ID-JI,province,,761.0,,,3,Asia/Jakarta,TRUE,1360308389
Sumbersari,Sumbersari,,-8.2842,113.9151,Indonesia,ID,IDN,Jawa Timur,Jawa Timur,ID-JI,province,,738.0,,,3,Asia/Jakarta,TRUE,1360045708
Sumbersari,Sumbersari,Soembersari,-8.3818,113.3989,Indonesia,ID,IDN,Jawa Timur,Jawa Timur,ID-JI,province,,738.0,,,3,Asia/Jakarta,TRUE,1360643036
Sumbersari,Sumbersari,Soembersari,-8.1657,113.5949,Indonesia,ID,IDN,Jawa Timur,Jawa Timur,ID-JI,province,,738.0,,,3,Asia/Jakarta,TRUE,1360407752
Sumbersari,Sumbersari,,-7.9536,112.3725,Indonesia,ID,IDN,Jawa Timur,Jawa Timur,ID-JI,province,,734.9,,,3,Asia/Jakarta,TRUE,1360034335
Sumbersari,Sumbersari,,-7.9745,112.2068,Indonesia,ID,IDN,Jawa Timur,Jawa Timur,ID-JI,province,,708.3,,,3,Asia/Jakarta,TRUE,1360391840
Sumbersari,Sumbersari,,-7.8848,113.1468,Indonesia,ID,IDN,Jawa Timur,Jawa Timur,ID-JI,province,,683.3,,,3,Asia/Jakarta,TRUE,1360928482
Sumbersari,Sumbersari,,-7.8286,113.2571,Indonesia,ID,IDN,Jawa Timur,Jawa Timur,ID-JI,province,,683.3,,,3,Asia/Jakarta,TRUE,1360725991
Sumbersari,Sumbersari,,-7.9628,113.0435,Indonesia,ID,IDN,Jawa Timur,Jawa Timur,ID-JI,province,,683.3,,,3,Asia/Jakarta,TRUE,1360038857
Sumbersari,Sumbersari,,-8.0579,112.4134,Indonesia,ID,IDN,Jawa Timur,Jawa Timur,ID-JI,province,,671.1,,,3,Asia/Jakarta,TRUE,1360335657
Sumbersari,Sumbersari,,-8.2767,112.0482,Indonesia,ID,IDN,Jawa Timur,Jawa Timur,ID-JI,province,,671.1,,,3,Asia/Jakarta,TRUE,1360152085
Sumbersari,Sumbersari,,-7.5208,111.6928,Indonesia,ID,IDN,Jawa Timur,Jawa Timur,ID-JI,province,,617.8,,,3,Asia/Jakarta,TRUE,1360142464
Sumbersari,Sumbersari,,-7.4403,111.3503,Indonesia,ID,IDN,Jawa Timur,Jawa Timur,ID-JI,province,,586.3,,,3,Asia/Jakarta,TRUE,1360430694
Sumbersari,Sumbersari,,-8.1328,113.0439,Indonesia,ID,IDN,Jawa Timur,Jawa Timur,ID-JI,province,,577.0,,,3,Asia/Jakarta,TRUE,1360192474
Sumbersari,Sumbersari,,-8.0533,113.1143,Indonesia,ID,IDN,Jawa Timur,Jawa Timur,ID-JI,province,,577.0,,,3,Asia/Jakarta,TRUE,1360214701
Sumbersari,Sumbersari,,-8.1240,113.1513,Indonesia,ID,IDN,Jawa Timur,Jawa Timur,ID-JI,province,,577.0,,,3,Asia/Jakarta,TRUE,1360642704
Sumbersari,Sumbersari,,-8.1907,113.1898,Indonesia,ID,IDN,Jawa Timur,Jawa Timur,ID-JI,province,,577.0,,,3,Asia/Jakarta,TRUE,1360185800
Sumbersari,Sumbersari,,-7.9246,113.9274,Indonesia,ID,IDN,Jawa Timur,Jawa Timur,ID-JI,province,,504.6,,,3,Asia/Jakarta,TRUE,1360684017
Sumbersari,Sumbersari,,-8.2526,114.1802,Indonesia,ID,IDN,Jawa Timur,Jawa Timur,ID-JI,province,,452.5,,,3,Asia/Jakarta,TRUE,1360875577
Sumbersari,Sumbersari,,-8.3661,114.2122,Indonesia,ID,IDN,Jawa Timur,Jawa Timur,ID-JI,province,,452.5,,,3,Asia/Jakarta,TRUE,1360603125
Sumbersari,Sumbersari,,-8.2936,114.3356,Indonesia,ID,IDN,Jawa Timur,Jawa Timur,ID-JI,province,,452.5,,,3,Asia/Jakarta,TRUE,1360954914
Ponding,Ponding,,-2.8773,119.1528,Indonesia,ID,IDN,Sulawesi Barat,Sulawesi Barat,ID-SR,province,,69.1,,,4,Asia/Makassar,FALSE,1360018565
Sangkerang,Sangkerang,,-8.5521,116.9406,Indonesia,ID,IDN,Nusa Tenggara Barat,Nusa Tenggara Barat,ID-NB,province,,74.3,,,4,Asia/Makassar,FALSE,1360002564
Rembang Dua,Rembang Dua,,-7.6429,112.8012,Indonesia,ID,IDN,Jawa Timur,Jawa Timur,ID-JI,province,,1127.0,,,3,Asia/Jakarta,FALSE,1360638928
Raru,Raru,,-3.0959,119.9447,Indonesia,ID,IDN,Sulawesi Selatan,Sulawesi Selatan,ID-SN,province,,123.7,,,4,Asia/Makassar,FALSE,1360918090
Tegaltalam,Tegaltalam,,-6.3983,108.3625,Indonesia,ID,IDN,Jawa Barat,Jawa Barat,ID-JB,province,,850.8,,,3,Asia/Jakarta,FALSE,1360727089
Ceubek,Ceubek,,-7.0314,107.5178,Indonesia,ID,IDN,Jawa Barat,Jawa Barat,ID-JB,province,,1899.0,,,3,Asia/Jakarta,FALSE,1360203932
Gendelan,Gendelan,,-7.5264,110.3950,Indonesia,ID,IDN,Jawa Tengah,Jawa Tengah,ID-JT,province,,1113.4,,,3,Asia/Jakarta,FALSE,1360957229
Gendelan,Gendelan,,-7.4653,110.1606,Indonesia,ID,IDN,Jawa Tengah,Jawa Tengah,ID-JT,province,,1113.4,,,3,Asia/Jakarta,TRUE,1360136522
Jambua,Jambua,,-5.3320,119.5739,Indonesia,ID,IDN,Sulawesi Selatan,Sulawesi Selatan,ID-SN,province,,493.6,,,3,Asia/Makassar,FALSE,1360216910
Jambua,Jambua,,-5.4771,119.9761,Indonesia,ID,IDN,Sulawesi Selatan,Sulawesi Selatan,ID-SN,province,,491.5,,,3,Asia/Makassar,TRUE,1360833544
Jambua,Jambua,,-5.5423,119.9859,Indonesia,ID,IDN,Sulawesi Selatan,Sulawesi Selatan,ID-SN,province,,491.5,,,3,Asia/Makassar,TRUE,1360950863
Jambua,Jambua,,-5.1203,119.5583,Indonesia,ID,IDN,Sulawesi Selatan,Sulawesi Selatan,ID-SN,province,,229.5,,,3,Asia/Makassar,TRUE,1360247723
Mentaras,Mentaras,,-6.9816,112.4469,Indonesia,ID,IDN,Jawa Timur,Jawa Timur,ID-JI,province,minor,1182.2,,,3,Asia/Jakarta,FALSE,1360085270
Ohitel,Ohitel,,-5.6071,132.7984,Indonesia,ID,IDN,Maluku,Maluku,ID-MA,province,,387.6,,,3,Asia/Jayapura,FALSE,1360977213
Otakpancor,Otakpancor,,-8.5888,116.4368,Indonesia,ID,IDN,Nusa Tenggara Barat,Nusa Tenggara Barat,ID-NB,province,,826.7,,,3,Asia/Makassar,FALSE,1360214207
Mojopuro-gede,Mojopuro-gede,Modjopuro-gede,-7.0344,112.5231,Indonesia,ID,IDN,Jawa Timur,Jawa Timur,ID-JI,province,,1174.7,,,3,Asia/Jakarta,FALSE,1360025156
Potlot,Potlot,,-6.9746,111.4071,Indonesia,ID,IDN,Jawa Tengah,Jawa Tengah,ID-JT,province,minor,432.6,,,3,Asia/Jakarta,FALSE,1360901117
Cirebon,Cirebon,,-5.5209,105.5728,Indonesia,ID,IDN,Lampung,Lampung,ID-LA,province,,520.3,,,3,Asia/Jakarta,FALSE,1360795162
Ranukurung Tonggoh,Ranukurung Tonggoh,Randukawung,-6.8458,107.5272,Indonesia,ID,IDN,Jawa Barat,Jawa Barat,ID-JB,province,,1300.1,,,3,Asia/Jakarta,FALSE,1360973792
Pejalin,Pejalin,Penjalin|Pajalin,2.8232,117.3248,Indonesia,ID,IDN,Kalimantan Utara,Kalimantan Utara,ID-KU,province,,13.4,,,4,Asia/Makassar,FALSE,1360693774
Tamalumu,Tamalumu,,-3.4660,120.3536,Indonesia,ID,IDN,Sulawesi Selatan,Sulawesi Selatan,ID-SN,province,,127.0,,,4,Asia/Makassar,FALSE,1360430555
Lubumatutung,Lubumatutung,,2.0126,98.4546,Indonesia,ID,IDN,Sumatera Utara,Sumatera Utara,ID-SU,province,,164.8,,,4,Asia/Jakarta,FALSE,1360425378
Nggai,Nggai,,-10.2065,120.3529,Indonesia,ID,IDN,Nusa Tenggara Timur,Nusa Tenggara Timur,ID-NT,province,minor,40.2,,,3,Asia/Makassar,FALSE,1360083262
Tagogmariuk,Tagogmariuk,,-6.8622,107.4136,Indonesia,ID,IDN,Jawa Barat,Jawa Barat,ID-JB,province,,1300.1,,,3,Asia/Jakarta,FALSE,1360001518
Ndanonae,Ndanonae,,-8.4400,118.8460,Indonesia,ID,IDN,Nusa Tenggara Barat,Nusa Tenggara Barat,ID-NB,province,,476.8,,,3,Asia/Makassar,FALSE,1360318136
Sringin,Sringin,,-7.6494,111.0108,Indonesia,ID,IDN,Jawa Tengah,Jawa Tengah,ID-JT,province,,1064.4,,,3,Asia/Jakarta,FALSE,1360650701
Sringin,Sringin,,-7.1564,110.2772,Indonesia,ID,IDN,Jawa Tengah,Jawa Tengah,ID-JT,province,,968.8,,,3,Asia/Jakarta,TRUE,1360002131
Sringin,Sringin,,-7.3594,109.9578,Indonesia,ID,IDN,Jawa Tengah,Jawa Tengah,ID-JT,province,,782.0,,,3,Asia/Jakarta,TRUE,1360644508
Buro,Buro,,3.5010,125.6609,Indonesia,ID,IDN,Sulawesi Utara,Sulawesi Utara,ID-SA,province,,141.2,,,4,Asia/Makassar,FALSE,1360620711
Sipanjang,Sipanjang,,-7.0228,109.3588,Indonesia,ID,IDN,Jawa Tengah,Jawa Tengah,ID-JT,province,,1115.9,,,3,Asia/Jakarta,FALSE,1360698538
Panyisihan,Panyisihan,,-7.4723,107.4431,Indonesia,ID,IDN,Jawa Barat,Jawa Barat,ID-JB,province,,909.3,,,3,Asia/Jakarta,FALSE,1360913727
Rawangpasar Empat,Rawangpasar Empat,Rawang Pasar IV,3.0450,99.6490,Indonesia,ID,IDN,Sumatera Utara,Sumatera Utara,ID-SU,province,,199.4,,,4,Asia/Jakarta,FALSE,1360176346
Cidahu,Cidahu,,-7.2127,108.7647,Indonesia,ID,IDN,Jawa Tengah,Jawa Tengah,ID-JT,province,,708.0,,,3,Asia/Jakarta,FALSE,1360233315
Karangsiluman Utara,Karangsiluman Utara,,-8.5900,116.1388,Indonesia,ID,IDN,Nusa Tenggara Barat,Nusa Tenggara Barat,ID-NB,province,,8265.3,,,2,Asia/Makassar,FALSE,1360774231
Keneg,Keneg,,0.1544,100.7802,Indonesia,ID,IDN,Sumatera Barat,Sumatera Barat,ID-SB,province,,134.8,,,4,Asia/Jakarta,FALSE,1360019668
Ratteapalla,Ratteapalla,,-3.1362,119.3075,Indonesia,ID,IDN,Sulawesi Barat,Sulawesi Barat,ID-SR,province,,69.1,,,4,Asia/Makassar,FALSE,1360749727
Pasipanang,Pasipanang,Pasi Pawang,4.4540,95.8590,Indonesia,ID,IDN,Aceh,Aceh,ID-AC,special region,,18.8,,,4,Asia/Jakarta,FALSE,1360941423
Pajoreja,Pajoreja,,-8.8449,121.1956,Indonesia,ID,IDN,Nusa Tenggara Timur,Nusa Tenggara Timur,ID-NT,province,minor,122.9,,,3,Asia/Makassar,FALSE,1360025902
Wadungkamidin,Wadungkamidin,,-8.3243,114.0811,Indonesia,ID,IDN,Jawa Timur,Jawa Timur,ID-JI,province,,452.5,,,3,Asia/Jakarta,FALSE,1360009557
Gelewer,Gelewer,,-6.7450,106.0099,Indonesia,ID,IDN,Banten,Banten,ID-BT,province,,432.7,,,3,Asia/Jakarta,FALSE,1360769809
Sayati Hilir,Sayati Hilir,Sajati-hilir,-6.9744,107.5708,Indonesia,ID,IDN,Jawa Barat,Jawa Barat,ID-JB,province,,1899.0,,,3,Asia/Jakarta,FALSE,1360259449
Gubug,Gubug,,-7.7983,110.2600,Indonesia,ID,IDN,Yogyakarta,Yogyakarta,ID-YO,special region,,2286.9,,,2,Asia/Jakarta,FALSE,1360016715
Lairuku,Lairuku,,-10.0034,120.4217,Indonesia,ID,IDN,Nusa Tenggara Timur,Nusa Tenggara Timur,ID-NT,province,,40.2,,,4,Asia/Makassar,FALSE,1360104146
Slerong,Slerong,,-7.7924,111.5303,Indonesia,ID,IDN,Jawa Timur,Jawa Timur,ID-JI,province,,617.8,,,3,Asia/Jakarta,FALSE,1360011202
Aek Sosorseam,Aek Sosorseam,,2.5773,98.7806,Indonesia,ID,IDN,Sumatera Utara,Sumatera Utara,ID-SU,province,,72.0,,,4,Asia/Jakarta,FALSE,1360837980
Selek,Selek,,-8.7134,116.4154,Indonesia,ID,IDN,Nusa Tenggara Barat,Nusa Tenggara Barat,ID-NB,province,,782.4,,,3,Asia/Makassar,FALSE,1360077350
Dore Dua,Dore Dua,,-8.5567,118.7177,Indonesia,ID,IDN,Nusa Tenggara Barat,Nusa Tenggara Barat,ID-NB,province,,115.6,,,4,Asia/Makassar,FALSE,1360450825
Oeluban,Oeluban,,-9.7770,124.1380,Indonesia,ID,IDN,Nusa Tenggara Timur,Nusa Tenggara Timur,ID-NT,province,,125.8,,,4,Asia/Makassar,FALSE,1360907921
Karangpakis Lor,Karangpakis Lor,,-7.6906,109.3353,Indonesia,ID,IDN,Jawa Tengah,Jawa Tengah,ID-JT,province,,708.0,,,3,Asia/Jakarta,FALSE,1360549606
Cirebon,Cirebon,,-1.1832,116.8844,Indonesia,ID,IDN,Kalimantan Timur,Kalimantan Timur,ID-KI,province,,1669.8,,,3,Asia/Makassar,FALSE,1360037705
Panembongan,Panembongan,,-6.5178,107.5306,Indonesia,ID,IDN,Jawa Barat,Jawa Barat,ID-JB,province,,1185.0,,,3,Asia/Jakarta,FALSE,1360525306
Gunungmerlawan Satu,Gunungmerlawan Satu,Gunungmerlawan 1,2.9583,99.1179,Indonesia,ID,IDN,Sumatera Utara,Sumatera Utara,ID-SU,province,,174.8,,,4,Asia/Jakarta,FALSE,1360052058
Parit Mumpa Kecil,Parit Mumpa Kecil,,-0.5071,102.8999,Indonesia,ID,IDN,Riau,Riau,ID-RI,province,,62.6,,,4,Asia/Jakarta,FALSE,1360025128
Kraksa’an,Kraksa'an,,-7.0536,113.0710,Indonesia,ID,IDN,Jawa Timur,Jawa Timur,ID-JI,province,,781.3,,,3,Asia/Jakarta,FALSE,1360979093
Bontoparang,Bontoparang,,-5.5832,119.8130,Indonesia,ID,IDN,Sulawesi Selatan,Sulawesi Selatan,ID-SN,province,,543.5,,,3,Asia/Makassar,FALSE,1360035325
Bontoparang,Bontoparang,,-5.4620,119.5252,Indonesia,ID,IDN,Sulawesi Selatan,Sulawesi Selatan,ID-SN,province,,493.6,,,3,Asia/Makassar,TRUE,1360088766
Bontoparang,Bontoparang,,-5.5301,119.4850,Indonesia,ID,IDN,Sulawesi Selatan,Sulawesi Selatan,ID-SN,province,,493.6,,,3,Asia/Makassar,TRUE,1360617814
Bontoparang,Bontoparang,,-5.2523,119.6180,Indonesia,ID,IDN,Sulawesi Selatan,Sulawesi Selatan,ID-SN,province,,472.0,,,3,Asia/Makassar,TRUE,1360125670
Pelah Timur,Pelah Timur,,-8.7752,116.1274,Indonesia,ID,IDN,Nusa Tenggara Barat,Nusa Tenggara Barat,ID-NB,province,,799.9,,,3,Asia/Makassar,FALSE,1360489850
Bulakwangon,Bulakwangon,,-7.3603,112.4275,Indonesia,ID,IDN,Jawa Timur,Jawa Timur,ID-JI,province,,1161.1,,,3,Asia/Jakarta,FALSE,1360385962
Toweleng,Toweleng,,-4.2194,119.8659,Indonesia,ID,IDN,Sulawesi Selatan,Sulawesi Selatan,ID-SN,province,,166.6,,,4,Asia/Makassar,FALSE,1360073649
Dima,Dima,,1.3333,97.3333,Indonesia,ID,IDN,Sumatera Utara,Sumatera Utara,ID-SU,province,,98.7,,,4,Asia/Jakarta,FALSE,1360326357
Kapian,Kapian,,-6.2833,139.9167,Indonesia,ID,IDN,Papua,Papua,ID-PA,geographical unit,,4.7,,,5,Asia/Jayapura,FALSE,1360772088
Babakankemang,Babakankemang,,-6.5653,106.7117,Indonesia,ID,IDN,Jawa Barat,Jawa Barat,ID-JB,province,,2169.9,,,2,Asia/Jakarta,FALSE,1360852470
Babakankemang,Babakankemang,,-6.8950,107.2253,Indonesia,ID,IDN,Jawa Barat,Jawa Barat,ID-JB,province,,666.6,,,3,Asia/Jakarta,TRUE,1360597527
Babakankemang,Babakankemang,,-6.7050,107.0758,Indonesia,ID,IDN,Jawa Barat,Jawa Barat,ID-JB,province,,666.6,,,3,Asia/Jakarta,TRUE,1360004598
Nyarinying,Nyarinying,,-8.7598,117.9573,Indonesia,ID,IDN,Nusa Tenggara Barat,Nusa Tenggara Barat,ID-NB,province,,74.3,,,4,Asia/Makassar,FALSE,1360127701
Pakuweru,Pakuweru,,1.1650,124.4330,Indonesia,ID,IDN,Sulawesi Utara,Sulawesi Utara,ID-SA,province,,183.7,,,4,Asia/Makassar,FALSE,1360148295
Si Opat-opat,Si Opat-opat,,1.3516,99.1724,Indonesia,ID,IDN,Sumatera Utara,Sumatera Utara,ID-SU,province,,144.0,,,4,Asia/Jakarta,FALSE,1360546541
Keudesuie,Keudesuie,,5.2833,90.9333,Indonesia,ID,IDN,Aceh,Aceh,ID-AC,special region,,0,,,5,Asia/Kolkata,FALSE,1360819613
Segantenguluh,Segantenguluh,,-8.5817,116.3476,Indonesia,ID,IDN,Nusa Tenggara Barat,Nusa Tenggara Barat,ID-NB,province,,782.4,,,3,Asia/Makassar,FALSE,1360378261
Babakanhurip,Babakanhurip,,-6.8431,107.9325,Indonesia,ID,IDN,Jawa Barat,Jawa Barat,ID-JB,province,,779.3,,,3,Asia/Jakarta,FALSE,1360258702
Umbulan Kiti,Umbulan Kiti,,-4.4033,104.1092,Indonesia,ID,IDN,Sumatera Selatan,Sumatera Selatan,ID-SS,province,,78.4,,,4,Asia/Jakarta,FALSE,1360375060
Randulencer,Randulencer,,-6.6590,110.6901,Indonesia,ID,IDN,Jawa Tengah,Jawa Tengah,ID-JT,province,,1152.9,,,3,Asia/Jakarta,FALSE,1360600661
Bayangbang,Bayangbang,Bajongbong,-7.2559,108.7755,Indonesia,ID,IDN,Jawa Tengah,Jawa Tengah,ID-JT,province,,708.0,,,3,Asia/Jakarta,FALSE,1360390414
Muarapahu,Muarapahu,Moearapahoe|Muaropahu,-0.3333,116.0667,Indonesia,ID,IDN,Kalimantan Timur,Kalimantan Timur,ID-KI,province,,5.9,,,5,Asia/Makassar,FALSE,1360390814
Fatuaeb,Fatuaeb,,-9.4008,124.4558,Indonesia,ID,IDN,Nusa Tenggara Timur,Nusa Tenggara Timur,ID-NT,province,,100.9,,,4,Asia/Makassar,FALSE,1360260011
Puhti Satu,Puhti Satu,,-7.4839,111.6012,Indonesia,ID,IDN,Jawa Timur,Jawa Timur,ID-JI,province,,611.0,,,3,Asia/Jakarta,FALSE,1360070362
Biang,Biang,,1.2409,127.9399,Indonesia,ID,IDN,Maluku Utara,Maluku Utara,ID-MU,province,,71.3,,,4,Asia/Jayapura,FALSE,1360557573
Mutil,Mutil,,-7.5792,110.6656,Indonesia,ID,IDN,Jawa Tengah,Jawa Tengah,ID-JT,province,,890.8,,,3,Asia/Jakarta,FALSE,1360011490
Karangaji,Karangaji,,-6.7136,110.6527,Indonesia,ID,IDN,Jawa Tengah,Jawa Tengah,ID-JT,province,,1152.9,,,3,Asia/Jakarta,FALSE,1360559460
Negerilama,Negerilama,,2.2950,100.1250,Indonesia,ID,IDN,Sumatera Utara,Sumatera Utara,ID-SU,province,,147.9,,,4,Asia/Jakarta,FALSE,1360120546
Negerilama,Negerilama,Naurilama|Lipoelagidoeno|Lipoelagidoen,1.1217,121.4703,Indonesia,ID,IDN,Sulawesi Tengah,Sulawesi Tengah,ID-ST,province,,46.3,,,4,Asia/Makassar,FALSE,1360915278
Woerahi,Woerahi,Moerahi,-3.8486,122.2036,Indonesia,ID,IDN,Sulawesi Tenggara,Sulawesi Tenggara,ID-SG,province,,58.1,,,4,Asia/Makassar,FALSE,1360277430
Cerbon,Cerbon,,-8.2075,111.3264,Indonesia,ID,IDN,Jawa Timur,Jawa Timur,ID-JI,province,,392.8,,,3,Asia/Jakarta,FALSE,1360130245
Sumbersari,Sumbersari,,-7.0475,110.3115,Indonesia,ID,IDN,Jawa Tengah,Jawa Tengah,ID-JT,province,,4947.2,,,2,Asia/Jakarta,FALSE,1360714429
Sumbersari,Sumbersari,,-7.7286,110.5467,Indonesia,ID,IDN,Jawa Tengah,Jawa Tengah,ID-JT,province,,1721.4,,,3,Asia/Jakarta,TRUE,1360036548
Sumbersari,Sumbersari,,-7.5839,110.3411,Indonesia,ID,IDN,Jawa Tengah,Jawa Tengah,ID-JT,province,,1113.4,,,3,Asia/Jakarta,TRUE,1360512484
Sumbersari,Sumbersari,,-7.5108,110.0858,Indonesia,ID,IDN,Jawa Tengah,Jawa Tengah,ID-JT,province,,1113.4,,,3,Asia/Jakarta,TRUE,1360880414
Sumbersari,Sumbersari,,-7.6347,110.1497,Indonesia,ID,IDN,Jawa Tengah,Jawa Tengah,ID-JT,province,,1113.4,,,3,Asia/Jakarta,TRUE,1360712006
Sumbersari,Sumbersari,,-7.4761,110.1433,Indonesia,ID,IDN,Jawa Tengah,Jawa Tengah,ID-JT,province,,1113.4,,,3,Asia/Jakarta,TRUE,1360350299
Sumbersari,Sumbersari,,-7.4328,111.1056,Indonesia,ID,IDN,Jawa Tengah,Jawa Tengah,ID-JT,province,,911.2,,,3,Asia/Jakarta,TRUE,1360588933
Sumbersari,Sumbersari,,-7.5594,109.6867,Indonesia,ID,IDN,Jawa Tengah,Jawa Tengah,ID-JT,province,,854.4,,,3,Asia/Jakarta,TRUE,1360782312
Sumbersari,Sumbersari,,-6.9113,110.9933,Indonesia,ID,IDN,Jawa Tengah,Jawa Tengah,ID-JT,province,,818.0,,,3,Asia/Jakarta,TRUE,1360332809
Sumbersari,Sumbersari,,-7.3008,109.6683,Indonesia,ID,IDN,Jawa Tengah,Jawa Tengah,ID-JT,province,,784.3,,,3,Asia/Jakarta,TRUE,1360737532
Sumbersari,Sumbersari,,-7.4167,109.8897,Indonesia,ID,IDN,Jawa Tengah,Jawa Tengah,ID-JT,province,,782.0,,,3,Asia/Jakarta,TRUE,1360668139
Sumbersari,Sumbersari,,-7.3448,108.7704,Indonesia,ID,IDN,Jawa Tengah,Jawa Tengah,ID-JT,province,,708.0,,,3,Asia/Jakarta,TRUE,1360644501
Sumbersari,Sumbersari,,-7.1151,110.7846,Indonesia,ID,IDN,Jawa Tengah,Jawa Tengah,ID-JT,province,,676.8,,,3,Asia/Jakarta,TRUE,1360019815
Sumbersari,Sumbersari,,-7.7383,110.0944,Indonesia,ID,IDN,Jawa Tengah,Jawa Tengah,ID-JT,province,,629.0,,,3,Asia/Jakarta,TRUE,1360000175
Sumbersari,Sumbersari,,-7.8242,109.9886,Indonesia,ID,IDN,Jawa Tengah,Jawa Tengah,ID-JT,province,,629.0,,,3,Asia/Jakarta,TRUE,1360247946
Sumbersari,Sumbersari,,-6.6462,111.5665,Indonesia,ID,IDN,Jawa Tengah,Jawa Tengah,ID-JT,province,minor,600.6,,,3,Asia/Jakarta,TRUE,1360695281
Sumbersari,Sumbersari,,-7.9361,111.0333,Indonesia,ID,IDN,Jawa Tengah,Jawa Tengah,ID-JT,province,,481.5,,,3,Asia/Jakarta,TRUE,1360551733
Bloktengki,Bloktengki,,-6.3674,106.7778,Indonesia,ID,IDN,Jawa Barat,Jawa Barat,ID-JB,province,,13377.1,,,2,Asia/Jakarta,FALSE,1360017108
Kancoan,Kancoan,,-7.7654,113.3855,Indonesia,ID,IDN,Jawa Timur,Jawa Timur,ID-JI,province,,683.3,,,3,Asia/Jakarta,FALSE,1360388342
Albion,Albion,,1.5788,98.8970,Indonesia,ID,IDN,Sumatera Utara,Sumatera Utara,ID-SU,province,,164.8,,,4,Asia/Jakarta,FALSE,1360610124
Saebus Timur,Saebus Timur,,-7.0657,115.7051,Indonesia,ID,IDN,Jawa Timur,Jawa Timur,ID-JI,province,,522.1,,,3,Asia/Jakarta,FALSE,1360556811
Kuwud,Kuwud,,-8.0289,112.1942,Indonesia,ID,IDN,Jawa Timur,Jawa Timur,ID-JI,province,,671.1,,,3,Asia/Jakarta,FALSE,1360420041
Negerilama,Negerilama,,0.3333,123.7167,Indonesia,ID,IDN,Sulawesi Utara,Sulawesi Utara,ID-SA,province,,40.6,,,4,Asia/Makassar,FALSE,1360300137
Tondokbakaro,Tondokbakaro,,-3.0160,119.2739,Indonesia,ID,IDN,Sulawesi Barat,Sulawesi Barat,ID-SR,province,,69.1,,,4,Asia/Makassar,FALSE,1360946069
Ciklenteng Kidul,Ciklenteng Kidul,,-7.2469,109.0519,Indonesia,ID,IDN,Jawa Tengah,Jawa Tengah,ID-JT,province,,1031.6,,,3,Asia/Jakarta,FALSE,1360897370
Jengking,Jengking,,-6.7109,110.9254,Indonesia,ID,IDN,Jawa Tengah,Jawa Tengah,ID-JT,province,,1757.2,,,3,Asia/Jakarta,FALSE,1360078466
Jengking,Jengking,,-7.2058,110.3911,Indonesia,ID,IDN,Jawa Tengah,Jawa Tengah,ID-JT,province,,1028.0,,,3,Asia/Jakarta,TRUE,1360352957
Jengking,Jengking,,-7.5433,109.6389,Indonesia,ID,IDN,Jawa Tengah,Jawa Tengah,ID-JT,province,,854.4,,,3,Asia/Jakarta,TRUE,1360428062
Karangaji,Karangaji,,-7.2116,112.4463,Indonesia,ID,IDN,Jawa Timur,Jawa Timur,ID-JI,province,,766.4,,,3,Asia/Jakarta,FALSE,1360037466
Karangaji,Karangaji,,-7.2341,112.2705,Indonesia,ID,IDN,Jawa Timur,Jawa Timur,ID-JI,province,,670.4,,,3,Asia/Jakarta,TRUE,1360382543
Sintokan,Sintokan,,-7.6633,110.4397,Indonesia,ID,IDN,Yogyakarta,Yogyakarta,ID-YO,special region,,2319.5,,,2,Asia/Jakarta,FALSE,1360858121
Cikoncet,Cikoncet,,-6.5550,106.2603,Indonesia,ID,IDN,Banten,Banten,ID-BT,province,,432.7,,,3,Asia/Jakarta,FALSE,1360016835
Cikalancing,Cikalancing,,-6.5947,106.7050,Indonesia,ID,IDN,Jawa Barat,Jawa Barat,ID-JB,province,,2169.9,,,2,Asia/Jakarta,FALSE,1360929126
Malanggu,Malanggu,,-10.0781,120.0353,Indonesia,ID,IDN,Nusa Tenggara Timur,Nusa Tenggara Timur,ID-NT,province,,40.2,,,4,Asia/Makassar,FALSE,1360500931
Ulakbatangan,Ulakbatangan,,-4.7473,104.7124,Indonesia,ID,IDN,Lampung,Lampung,ID-LA,province,,275.3,,,3,Asia/Jakarta,FALSE,1360817129
Bukitcimumput,Bukitcimumput,,-6.5222,107.3967,Indonesia,ID,IDN,Jawa Barat,Jawa Barat,ID-JB,province,,1185.0,,,3,Asia/Jakarta,FALSE,1360217455
Ciparasi,Ciparasi,Tjiparasi,-6.3936,105.8995,Indonesia,ID,IDN,Banten,Banten,ID-BT,province,,460.1,,,3,Asia/Jakarta,FALSE,1360263453
Ciparasi,Ciparasi,,-6.6606,106.3441,Indonesia,ID,IDN,Banten,Banten,ID-BT,province,minor,432.7,,,3,Asia/Jakarta,TRUE,1360138786
Umbulan Tanjungratu,Umbulan Tanjungratu,Oemboelan Tandjoengratoe|Umbulantanjungratu,-4.6035,105.1144,Indonesia,ID,IDN,Lampung,Lampung,ID-LA,province,,180.0,,,4,Asia/Jakarta,FALSE,1360427892
Kedungdowo Lor,Kedungdowo Lor,,-7.2084,112.1653,Indonesia,ID,IDN,Jawa Timur,Jawa Timur,ID-JI,province,,670.4,,,3,Asia/Jakarta,FALSE,1360428272
Wih Porak,Wih Porak,,4.6140,96.7650,Indonesia,ID,IDN,Aceh,Aceh,ID-AC,special region,,46.3,,,4,Asia/Jakarta,FALSE,1360499084
Umbulanpauh,Umbulanpauh,Oemboelan Paoeh,-5.3294,104.8569,Indonesia,ID,IDN,Lampung,Lampung,ID-LA,province,,611.9,,,3,Asia/Jakarta,FALSE,1360018560
Kangkuro,Kangkuro,,-1.3815,120.0977,Indonesia,ID,IDN,Sulawesi Tengah,Sulawesi Tengah,ID-ST,province,,63.4,,,4,Asia/Makassar,FALSE,1360569685
Saringan,Saringan,,-8.1218,113.0813,Indonesia,ID,IDN,Jawa Timur,Jawa Timur,ID-JI,province,,577.0,,,3,Asia/Jakarta,FALSE,1360028335
Kepuharjo,Kepuharjo,Kepuhardjo,-7.9050,112.6136,Indonesia,ID,IDN,Jawa Timur,Jawa Timur,ID-JI,province,,761.0,,,3,Asia/Jakarta,FALSE,1360124438
Pagerbarang,Pagerbarang,,-7.0014,109.0488,Indonesia,ID,IDN,Jawa Tengah,Jawa Tengah,ID-JT,province,,1406.9,,,3,Asia/Jakarta,FALSE,1360288324
Slebat,Slebat,,-6.9546,113.1380,Indonesia,ID,IDN,Jawa Timur,Jawa Timur,ID-JI,province,,857.7,,,3,Asia/Jakarta,FALSE,1360021038
Umbulan Raman,Umbulan Raman,,-4.0011,104.6994,Indonesia,ID,IDN,Sumatera Selatan,Sumatera Selatan,ID-SS,province,,253.3,,,3,Asia/Jakarta,FALSE,1360252195
Straten,Straten,,-7.7717,110.7436,Indonesia,ID,IDN,Jawa Tengah,Jawa Tengah,ID-JT,province,,1694.6,,,3,Asia/Jakarta,FALSE,1360836467
Gladah Kidul,Gladah Kidul,,-7.2674,111.7036,Indonesia,ID,IDN,Jawa Timur,Jawa Timur,ID-JI,province,,536.4,,,3,Asia/Jakarta,FALSE,1360790746
Pulai Hulu,Pulai Hulu,,0.0792,103.4730,Indonesia,ID,IDN,Riau,Riau,ID-RI,province,,62.6,,,4,Asia/Jakarta,FALSE,1360950167
Grojong,Grojong,,-7.6936,111.2461,Indonesia,ID,IDN,Jawa Timur,Jawa Timur,ID-JI,province,,865.1,,,3,Asia/Jakarta,FALSE,1360998201
Sangalina,Sangalina,,-5.0895,119.4837,Indonesia,ID,IDN,Sulawesi Selatan,Sulawesi Selatan,ID-SN,province,,10683.2,,,2,Asia/Makassar,FALSE,1360441987
Kuta Tengah,Kuta Tengah,,2.8519,97.8860,Indonesia,ID,IDN,Aceh,Aceh,ID-AC,special region,,62.5,,,4,Asia/Jakarta,FALSE,1360930736
Kuta Tengah,Kuta Tengah,,2.6320,98.0550,Indonesia,ID,IDN,Aceh,Aceh,ID-AC,special region,,62.5,,,4,Asia/Jakarta,TRUE,1360030253
Sekekondang Wetan,Sekekondang Wetan,,-6.8950,107.6794,Indonesia,ID,IDN,Jawa Barat,Jawa Barat,ID-JB,province,,1899.0,,,3,Asia/Jakarta,FALSE,1360976948
Berembeng Timur,Berembeng Timur,,-8.5617,116.1763,Indonesia,ID,IDN,Nusa Tenggara Barat,Nusa Tenggara Barat,ID-NB,province,,800.0,,,3,Asia/Makassar,FALSE,1360798695
Tawangsari Kulon,Tawangsari Kulon,,-7.3858,110.8481,Indonesia,ID,IDN,Jawa Tengah,Jawa Tengah,ID-JT,province,,911.2,,,3,Asia/Jakarta,FALSE,1360059128
Lameta,Lameta,,-6.9228,108.0933,Indonesia,ID,IDN,Jawa Barat,Jawa Barat,ID-JB,province,,779.3,,,3,Asia/Jakarta,FALSE,1360031390
Jagatanbeji,Jagatanbeji,,-7.8008,110.3731,Indonesia,ID,IDN,Yogyakarta,Yogyakarta,ID-YO,special region,,11963.7,,,2,Asia/Jakarta,FALSE,1360439949
Kalipah,Kalipah,,-7.1003,110.0422,Indonesia,ID,IDN,Jawa Tengah,Jawa Tengah,ID-JT,province,,851.9,,,3,Asia/Jakarta,FALSE,1360011495
Lamno,Lamno,Lamo,5.0902,95.3727,Indonesia,ID,IDN,Aceh,Aceh,ID-AC,special region,minor,18.8,,,3,Asia/Jakarta,FALSE,1360727473
Barupanyamberan,Barupanyamberan,Baroepanjamberan|Barupanjamberan|Barupaniamberan,-2.2500,115.6000,Indonesia,ID,IDN,Kalimantan Selatan,Kalimantan Selatan,ID-KS,province,,67.8,,,4,Asia/Makassar,FALSE,1360507428
Gentingan,Gentingan,,-7.9985,113.8217,Indonesia,ID,IDN,Jawa Timur,Jawa Timur,ID-JI,province,,504.6,,,3,Asia/Jakarta,FALSE,1360458449
Labuhankertasari,Labuhankertasari,,-8.7060,116.7880,Indonesia,ID,IDN,Nusa Tenggara Barat,Nusa Tenggara Barat,ID-NB,province,,77.0,,,4,Asia/Makassar,FALSE,1360849021
Lumbanginjang,Lumbanginjang,Lumbangindjang,2.5427,99.0794,Indonesia,ID,IDN,Sumatera Utara,Sumatera Utara,ID-SU,province,,79.3,,,4,Asia/Jakarta,FALSE,1360616877
Cibereng,Cibereng,,-7.2972,107.4768,Indonesia,ID,IDN,Jawa Barat,Jawa Barat,ID-JB,province,,909.3,,,3,Asia/Jakarta,FALSE,1360918749
Karangdeha,Karangdeha,,-8.5933,116.1322,Indonesia,ID,IDN,Nusa Tenggara Barat,Nusa Tenggara Barat,ID-NB,province,,8265.3,,,2,Asia/Makassar,FALSE,1360423737
Kuwayuan,Kuwayuan,,-6.9320,109.1871,Indonesia,ID,IDN,Jawa Tengah,Jawa Tengah,ID-JT,province,,1406.9,,,3,Asia/Jakarta,FALSE,1360673584
Buntukatarrung,Buntukatarrung,,-3.4308,119.9230,Indonesia,ID,IDN,Sulawesi Selatan,Sulawesi Selatan,ID-SN,province,,119.6,,,4,Asia/Makassar,FALSE,1360929704
Kepanjen Kidul,Kepanjen Kidul,,-8.1013,112.1687,Indonesia,ID,IDN,Jawa Timur,Jawa Timur,ID-JI,province,,4349.4,,,2,Asia/Jakarta,FALSE,1360959396
Pacogreg,Pacogreg,,-6.2722,107.4361,Indonesia,ID,IDN,Jawa Barat,Jawa Barat,ID-JB,province,,1386.3,,,3,Asia/Jakarta,FALSE,1360000893
Jagiran,Jagiran,,-7.2528,112.7599,Indonesia,ID,IDN,Jawa Timur,Jawa Timur,ID-JI,province,,8898.3,,,2,Asia/Jakarta,FALSE,1360882375
Jagiran,Jagiran,,-7.3212,111.6955,Indonesia,ID,IDN,Jawa Timur,Jawa Timur,ID-JI,province,,536.4,,,3,Asia/Jakarta,TRUE,1360927323
Tomea,Tomea,,-3.2447,119.8700,Indonesia,ID,IDN,Sulawesi Selatan,Sulawesi Selatan,ID-SN,province,,123.7,,,4,Asia/Makassar,FALSE,1360596205
Orobua,Orobua,Oraboea|Orabua,-2.9905,119.4049,Indonesia,ID,IDN,Sulawesi Barat,Sulawesi Barat,ID-SR,province,,69.1,,,4,Asia/Makassar,FALSE,1360480888
Reudep Melayu,Reudep Melayu,,5.1780,96.3160,Indonesia,ID,IDN,Aceh,Aceh,ID-AC,special region,,138.2,,,4,Asia/Jakarta,FALSE,1360987187
Lungge Dua,Lungge Dua,,-7.3464,110.2028,Indonesia,ID,IDN,Jawa Tengah,Jawa Tengah,ID-JT,province,,851.9,,,3,Asia/Jakarta,FALSE,1360449762
Simpang Balek,Simpang Balek,,4.7380,96.8050,Indonesia,ID,IDN,Aceh,Aceh,ID-AC,special region,,65.1,,,4,Asia/Jakarta,FALSE,1360063106
Didoh,Didoh,,5.2300,95.9920,Indonesia,ID,IDN,Aceh,Aceh,ID-AC,special region,,125.5,,,4,Asia/Jakarta,FALSE,1360249562
Codot,Codot,,-7.6305,111.9482,Indonesia,ID,IDN,Jawa Timur,Jawa Timur,ID-JI,province,,826.0,,,3,Asia/Jakarta,FALSE,1360484149
Teplek,Teplek,,-7.4981,111.5883,Indonesia,ID,IDN,Jawa Timur,Jawa Timur,ID-JI,province,,586.3,,,3,Asia/Jakarta,FALSE,1360846283
Paurundang,Paurundang,,-8.3981,120.2621,Indonesia,ID,IDN,Nusa Tenggara Timur,Nusa Tenggara Timur,ID-NT,province,,88.6,,,4,Asia/Makassar,FALSE,1360413949
Marobatong,Marobatong,,-8.5056,120.8978,Indonesia,ID,IDN,Nusa Tenggara Timur,Nusa Tenggara Timur,ID-NT,province,,132.9,,,4,Asia/Makassar,FALSE,1360310852
Paroto,Paroto,,-9.7148,119.1422,Indonesia,ID,IDN,Nusa Tenggara Timur,Nusa Tenggara Timur,ID-NT,province,,192.9,,,4,Asia/Makassar,FALSE,1360914637
Sanre,Sanre,,-8.3121,116.2847,Indonesia,ID,IDN,Nusa Tenggara Barat,Nusa Tenggara Barat,ID-NB,province,,286.8,,,3,Asia/Makassar,FALSE,1360008466
Korasa,Korasa,,-5.2225,120.2686,Indonesia,ID,IDN,Sulawesi Selatan,Sulawesi Selatan,ID-SN,province,,298.4,,,3,Asia/Makassar,FALSE,1360829519
Mandayana,Mandayana,,-7.7042,109.3972,Indonesia,ID,IDN,Jawa Tengah,Jawa Tengah,ID-JT,province,,854.4,,,3,Asia/Jakarta,FALSE,1360662328
Padaia,Padaia,,-4.7274,120.0242,Indonesia,ID,IDN,Sulawesi Selatan,Sulawesi Selatan,ID-SN,province,,175.7,,,4,Asia/Makassar,FALSE,1360025444
Nohunohu Dua,Nohunohu Dua,Nohunohu 2,-3.8942,122.1279,Indonesia,ID,IDN,Sulawesi Tenggara,Sulawesi Tenggara,ID-SG,province,,58.1,,,4,Asia/Makassar,FALSE,1360202153
Talang Leban,Talang Leban,,-2.6117,103.8012,Indonesia,ID,IDN,Sumatera Selatan,Sumatera Selatan,ID-SS,province,,39.4,,,4,Asia/Jakarta,FALSE,1360649790
Wodokaha,Wodokaha,,-9.7389,119.3844,Indonesia,ID,IDN,Nusa Tenggara Timur,Nusa Tenggara Timur,ID-NT,province,,192.9,,,4,Asia/Makassar,FALSE,1360346520
Siluwok Lor,Siluwok Lor,,-7.8883,110.1083,Indonesia,ID,IDN,Yogyakarta,Yogyakarta,ID-YO,special region,,664.1,,,3,Asia/Jakarta,FALSE,1360371012
Pancawangi,Pancawangi,,-7.7081,108.3034,Indonesia,ID,IDN,Jawa Barat,Jawa Barat,ID-JB,province,,678.9,,,3,Asia/Jakarta,FALSE,1360353752
Utansemut,Utansemut,,-6.1986,107.1000,Indonesia,ID,IDN,Jawa Barat,Jawa Barat,ID-JB,province,,3403.8,,,2,Asia/Jakarta,FALSE,1360004742
Kukupu,Kukupu,,-6.1809,105.8885,Indonesia,ID,IDN,Banten,Banten,ID-BT,province,,1080.6,,,3,Asia/Jakarta,FALSE,1360928055
Kukupu,Kukupu,,-6.3679,106.1009,Indonesia,ID,IDN,Banten,Banten,ID-BT,province,,460.1,,,3,Asia/Jakarta,TRUE,1360467972
Sindanghayu Dua,Sindanghayu Dua,,-7.2891,106.5865,Indonesia,ID,IDN,Jawa Barat,Jawa Barat,ID-JB,province,,633.7,,,3,Asia/Jakarta,FALSE,1360019716
Cipamuruyan,Cipamuruyan,,-6.3421,105.9496,Indonesia,ID,IDN,Banten,Banten,ID-BT,province,,460.1,,,3,Asia/Jakarta,FALSE,1360740989
Totokulo,Totokulo,,-1.5723,122.8654,Indonesia,ID,IDN,Sulawesi Tengah,Sulawesi Tengah,ID-ST,province,,66.8,,,4,Asia/Makassar,FALSE,1360260241
Tiruran,Tiruran,,-3.0527,119.8116,Indonesia,ID,IDN,Sulawesi Selatan,Sulawesi Selatan,ID-SN,province,,154.6,,,4,Asia/Makassar,FALSE,1360033881
Babakangebang,Babakangebang,,-6.8763,108.7192,Indonesia,ID,IDN,Jawa Barat,Jawa Barat,ID-JB,province,,2095.8,,,2,Asia/Jakarta,FALSE,1360224546
Babakangebang,Babakangebang,,-6.6078,107.7622,Indonesia,ID,IDN,Jawa Barat,Jawa Barat,ID-JB,province,,751.4,,,3,Asia/Jakarta,TRUE,1360032185
Penjalinan Wetan,Penjalinan Wetan,Djatisari 1|Jatisari Satu,-7.8098,112.6968,Indonesia,ID,IDN,Jawa Timur,Jawa Timur,ID-JI,province,,1127.0,,,3,Asia/Jakarta,FALSE,1360286966
Wetaku,Wetaku,,-9.7171,119.3653,Indonesia,ID,IDN,Nusa Tenggara Timur,Nusa Tenggara Timur,ID-NT,province,,192.9,,,4,Asia/Makassar,FALSE,1360350488
Gadungsari Dua,Gadungsari Dua,,-8.2208,112.7992,Indonesia,ID,IDN,Jawa Timur,Jawa Timur,ID-JI,province,,761.0,,,3,Asia/Jakarta,FALSE,1360104217
Tileba,Tileba,,-8.2234,124.8213,Indonesia,ID,IDN,Nusa Tenggara Timur,Nusa Tenggara Timur,ID-NT,province,,74.2,,,4,Asia/Makassar,FALSE,1360480188
Leuwibatu,Leuwibatu,,-6.5236,106.6322,Indonesia,ID,IDN,Jawa Barat,Jawa Barat,ID-JB,province,,2169.9,,,2,Asia/Jakarta,FALSE,1360092296
Kebunbaru,Kebunbaru,,-8.6435,116.5443,Indonesia,ID,IDN,Nusa Tenggara Barat,Nusa Tenggara Barat,ID-NB,province,,826.7,,,3,Asia/Makassar,FALSE,1360162032
Kalapao,Kalapao,,-10.6432,123.2198,Indonesia,ID,IDN,Nusa Tenggara Timur,Nusa Tenggara Timur,ID-NT,province,,115.0,,,4,Asia/Makassar,FALSE,1360491247
Juranglempung,Juranglempung,,-7.3069,110.9769,Indonesia,ID,IDN,Jawa Tengah,Jawa Tengah,ID-JT,province,,911.2,,,3,Asia/Jakarta,FALSE,1360829832
Nanganio,Nanganio,,-8.5076,121.8129,Indonesia,ID,IDN,Nusa Tenggara Timur,Nusa Tenggara Timur,ID-NT,province,,132.1,,,4,Asia/Makassar,FALSE,1360347715
Nanggolan,Nanggolan,,0.5133,120.6622,Indonesia,ID,IDN,Sulawesi Tengah,Sulawesi Tengah,ID-ST,province,,81.9,,,4,Asia/Makassar,FALSE,1360062329
Pareang,Pareang,,-7.0278,107.4002,Indonesia,ID,IDN,Jawa Barat,Jawa Barat,ID-JB,province,,1300.1,,,3,Asia/Jakarta,FALSE,1360104326
Pareang,Pareang,,-6.6425,107.5744,Indonesia,ID,IDN,Jawa Barat,Jawa Barat,ID-JB,province,,1185.0,,,3,Asia/Jakarta,TRUE,1360000097
Pareang,Pareang,,-7.5332,108.0770,Indonesia,ID,IDN,Jawa Barat,Jawa Barat,ID-JB,province,,678.9,,,3,Asia/Jakarta,TRUE,1360416363
Pareang,Pareang,,-7.7407,108.1847,Indonesia,ID,IDN,Jawa Barat,Jawa Barat,ID-JB,province,,678.9,,,3,Asia/Jakarta,TRUE,1360008354
Pareang,Pareang,Pareang 3|Pareang Tiga,-6.8264,107.3097,Indonesia,ID,IDN,Jawa Barat,Jawa Barat,ID-JB,province,,666.6,,,3,Asia/Jakarta,TRUE,1360874344
Pareang,Pareang,,-7.0428,106.7874,Indonesia,ID,IDN,Jawa Barat,Jawa Barat,ID-JB,province,,633.7,,,3,Asia/Jakarta,TRUE,1360162371
Bandar Silau,Bandar Silau,,3.1558,98.8461,Indonesia,ID,IDN,Sumatera Utara,Sumatera Utara,ID-SU,province,,174.8,,,4,Asia/Jakarta,FALSE,1360235719
Cibeledug,Cibeledug,,-6.7107,106.2878,Indonesia,ID,IDN,Banten,Banten,ID-BT,province,,432.7,,,3,Asia/Jakarta,FALSE,1360141327
Rampong,Rampong,Rampung,4.0774,96.9866,Indonesia,ID,IDN,Aceh,Aceh,ID-AC,special region,,17.9,,,4,Asia/Jakarta,FALSE,1360626165
Lerahinga,Lerahinga,,-8.4081,123.5850,Indonesia,ID,IDN,Nusa Tenggara Timur,Nusa Tenggara Timur,ID-NT,province,minor,120.1,,,3,Asia/Makassar,FALSE,1360311501
Lamepayung,Lamepayung,,-6.9786,108.4858,Indonesia,ID,IDN,Jawa Barat,Jawa Barat,ID-JB,province,,889.0,,,3,Asia/Jakarta,FALSE,1360837895
Muaralembak,Muaralembak,,0.7341,117.5875,Indonesia,ID,IDN,Kalimantan Timur,Kalimantan Timur,ID-KI,province,,15.6,,,4,Asia/Makassar,FALSE,1360935021
Batulah,Batulah,,-10.6824,123.3500,Indonesia,ID,IDN,Nusa Tenggara Timur,Nusa Tenggara Timur,ID-NT,province,,115.0,,,4,Asia/Makassar,FALSE,1360186275
Komplek Koperasi Pegawai Negeri,Komplek Koperasi Pegawai Negeri,Komplek KPN,-6.5403,107.4372,Indonesia,ID,IDN,Jawa Barat,Jawa Barat,ID-JB,province,,1185.0,,,3,Asia/Jakarta,FALSE,1360761186
Kaniyapa,Kaniyapa,,-3.9921,136.3727,Indonesia,ID,IDN,Papua Tengah,Papua Tengah,ID-PT,,,147.2,,,4,Asia/Jayapura,FALSE,1360613756
Kilibuluk,Kilibuluk,,-8.6697,122.2151,Indonesia,ID,IDN,Nusa Tenggara Timur,Nusa Tenggara Timur,ID-NT,province,,202.1,,,3,Asia/Makassar,FALSE,1360647166
Lancok Ulim,Lancok Ulim,,5.1970,96.4890,Indonesia,ID,IDN,Aceh,Aceh,ID-AC,special region,,258.6,,,3,Asia/Jakarta,FALSE,1360503529
Tubulasuan,Tubulasuan,,-10.2553,123.3273,Indonesia,ID,IDN,Nusa Tenggara Timur,Nusa Tenggara Timur,ID-NT,province,,74.4,,,4,Asia/Makassar,FALSE,1360095337
Ratebac,Ratebac,,-8.5843,121.7878,Indonesia,ID,IDN,Nusa Tenggara Timur,Nusa Tenggara Timur,ID-NT,province,,132.1,,,4,Asia/Makassar,FALSE,1360997580
Cucukul,Cucukul,,-6.8074,108.5773,Indonesia,ID,IDN,Jawa Barat,Jawa Barat,ID-JB,province,,2095.8,,,2,Asia/Jakarta,FALSE,1360629477
Citaringgul,Citaringgul,Citaringgul 1|Babakanmadang|Tjitaringgul,-6.5622,106.8567,Indonesia,ID,IDN,Jawa Barat,Jawa Barat,ID-JB,province,,2169.9,,,2,Asia/Jakarta,FALSE,1360493860
Citaringgul,Citaringgul,,-7.6127,107.9232,Indonesia,ID,IDN,Jawa Barat,Jawa Barat,ID-JB,province,,679.7,,,3,Asia/Jakarta,TRUE,1360019837
Citaringgul,Citaringgul,Taringgoel,-7.5179,107.9674,Indonesia,ID,IDN,Jawa Barat,Jawa Barat,ID-JB,province,,678.9,,,3,Asia/Jakarta,TRUE,1360977987
Citaringgul,Citaringgul,,-7.1382,106.9883,Indonesia,ID,IDN,Jawa Barat,Jawa Barat,ID-JB,province,,666.6,,,3,Asia/Jakarta,TRUE,1360749291
Sungai Muka,Sungai Muka,,3.1560,99.5480,Indonesia,ID,IDN,Sumatera Utara,Sumatera Utara,ID-SU,province,,445.1,,,3,Asia/Jakarta,FALSE,1360708887
Kumndesa,Kumndesa,,-8.1945,115.4022,Indonesia,ID,IDN,Bali,Bali,ID-BA,province,,466.3,,,3,Asia/Makassar,FALSE,1360023367
Pollo,Pollo,,-2.9544,119.5876,Indonesia,ID,IDN,Sulawesi Selatan,Sulawesi Selatan,ID-SN,province,,123.7,,,4,Asia/Makassar,FALSE,1360452686
Cipadangpasir,Cipadangpasir,,-6.9389,107.0822,Indonesia,ID,IDN,Jawa Barat,Jawa Barat,ID-JB,province,,666.6,,,3,Asia/Jakarta,FALSE,1360366091
Janjimaria,Janjimaria,,2.1713,99.2123,Indonesia,ID,IDN,Sumatera Utara,Sumatera Utara,ID-SU,province,,83.1,,,4,Asia/Jakarta,FALSE,1360676229
Janjimaria,Janjimaria,Djandjimaria 1,2.4357,99.1567,Indonesia,ID,IDN,Sumatera Utara,Sumatera Utara,ID-SU,province,,79.3,,,4,Asia/Jakarta,TRUE,1360764925
Janjimaria,Janjimaria,,2.4873,98.8976,Indonesia,ID,IDN,Sumatera Utara,Sumatera Utara,ID-SU,province,,72.0,,,4,Asia/Jakarta,TRUE,1360211077
Worojita,Worojita,,-8.6738,121.5847,Indonesia,ID,IDN,Nusa Tenggara Timur,Nusa Tenggara Timur,ID-NT,province,,132.1,,,4,Asia/Makassar,FALSE,1360713316
Umbulan Batupetangkup,Umbulan Batupetangkup,Oemboelan Batoepĕtangkoep,-5.0237,104.8667,Indonesia,ID,IDN,Lampung,Lampung,ID-LA,province,,327.2,,,3,Asia/Jakarta,FALSE,1360088879
Rening,Rening,,-8.3562,114.5701,Indonesia,ID,IDN,Bali,Bali,ID-BA,province,,343.9,,,3,Asia/Makassar,FALSE,1360221224
Parungpung,Parungpung,,-6.3828,106.4324,Indonesia,ID,IDN,Banten,Banten,ID-BT,province,,432.7,,,3,Asia/Jakarta,FALSE,1360598327
Warupade,Warupade,,-8.8742,120.8794,Indonesia,ID,IDN,Nusa Tenggara Timur,Nusa Tenggara Timur,ID-NT,province,,99.8,,,4,Asia/Makassar,FALSE,1360898161
Eumbet,Eumbet,,-6.4803,108.4550,Indonesia,ID,IDN,Jawa Barat,Jawa Barat,ID-JB,province,,850.8,,,3,Asia/Jakarta,FALSE,1360546876
Karsana,Karsana,,-7.3239,111.4502,Indonesia,ID,IDN,Jawa Tengah,Jawa Tengah,ID-JT,province,,510.0,,,3,Asia/Jakarta,FALSE,1360019670
Datarrawa,Datarrawa,,-7.3359,107.0151,Indonesia,ID,IDN,Jawa Barat,Jawa Barat,ID-JB,province,,666.6,,,3,Asia/Jakarta,FALSE,1360275779
Sarikan,Sarikan,,0.7013,109.3251,Indonesia,ID,IDN,Kalimantan Barat,Kalimantan Barat,ID-KB,province,,45.0,,,4,Asia/Pontianak,FALSE,1360073943
Sengayan,Sengayan,Moeara Sengajan|Sengaja|Sengaya|Muarasengajan,3.2078,116.4805,Indonesia,ID,IDN,Kalimantan Utara,Kalimantan Utara,ID-KU,province,,2.8,,,4,Asia/Makassar,FALSE,1360882428
Tumbal,Tumbal,,-8.2449,111.6921,Indonesia,ID,IDN,Jawa Timur,Jawa Timur,ID-JI,province,,559.8,,,3,Asia/Jakarta,FALSE,1360656528
Kirukiru,Kirukiru,,-4.2563,119.6369,Indonesia,ID,IDN,Sulawesi Selatan,Sulawesi Selatan,ID-SN,province,,156.2,,,4,Asia/Makassar,FALSE,1360521183
Wangisagara,Wangisagara,Wangisagara 1|Wangisagara Satu,-7.0736,107.7422,Indonesia,ID,IDN,Jawa Barat,Jawa Barat,ID-JB,province,,1899.0,,,3,Asia/Jakarta,FALSE,1360630051
Puupolo,Puupolo,,-9.5468,119.1686,Indonesia,ID,IDN,Nusa Tenggara Timur,Nusa Tenggara Timur,ID-NT,province,,260.9,,,3,Asia/Makassar,FALSE,1360268742
Tanjungkulon,Tanjungkulon,,-6.2203,106.0506,Indonesia,ID,IDN,Banten,Banten,ID-BT,province,,1080.6,,,3,Asia/Jakarta,FALSE,1360036475
Pakah Dua,Pakah Dua,,-7.4011,111.1517,Indonesia,ID,IDN,Jawa Timur,Jawa Timur,ID-JI,province,,586.3,,,3,Asia/Jakarta,FALSE,1360519599
Cilangkap,Cilangkap,Tjilangkap,-6.7321,105.9492,Indonesia,ID,IDN,Banten,Banten,ID-BT,province,,432.7,,,3,Asia/Jakarta,FALSE,1360740466
Cilangkap,Cilangkap,,-6.3653,106.2133,Indonesia,ID,IDN,Banten,Banten,ID-BT,province,,432.7,,,3,Asia/Jakarta,TRUE,1360154017
Jambudolok,Jambudolok,Djambudolok,2.5175,99.3589,Indonesia,ID,IDN,Sumatera Utara,Sumatera Utara,ID-SU,province,,79.3,,,4,Asia/Jakarta,FALSE,1360080854
Kadutiis,Kadutiis,Kadoeti’is,-6.3821,105.9576,Indonesia,ID,IDN,Banten,Banten,ID-BT,province,,460.1,,,3,Asia/Jakarta,FALSE,1360030327
Karangge,Karangge,,-6.1140,105.9015,Indonesia,ID,IDN,Banten,Banten,ID-BT,province,,1080.6,,,3,Asia/Jakarta,FALSE,1360032101
Labuan Rasoki,Labuan Rasoki,,1.3290,99.3390,Indonesia,ID,IDN,Sumatera Utara,Sumatera Utara,ID-SU,province,,372.4,,,3,Asia/Jakarta,FALSE,1360029297
Musi,Musi,,-8.1781,114.7490,Indonesia,ID,IDN,Bali,Bali,ID-BA,province,,531.2,,,3,Asia/Makassar,FALSE,1360190796
Blok H,Blok H,,-6.0308,106.0553,Indonesia,ID,IDN,Banten,Banten,ID-BT,province,,2402.7,,,2,Asia/Jakarta,FALSE,1360567225
Buket Ceunara,Buket Ceunara,,5.0791,96.3567,Indonesia,ID,IDN,Aceh,Aceh,ID-AC,special region,,230.0,,,3,Asia/Jakarta,FALSE,1360402267
Nakake,Nakake,Nakoke,-7.0833,140.1000,Indonesia,ID,IDN,Papua,Papua,ID-PA,geographical unit,,4.7,,,5,Asia/Jayapura,FALSE,1360008019
Gutehan,Gutehan,,-7.7447,112.6991,Indonesia,ID,IDN,Jawa Timur,Jawa Timur,ID-JI,province,,1127.0,,,3,Asia/Jakarta,FALSE,1360835915
Sondang,Sondang,,-1.6150,123.1900,Indonesia,ID,IDN,Sulawesi Tengah,Sulawesi Tengah,ID-ST,province,,66.8,,,4,Asia/Makassar,FALSE,1360439915
Ngrobiong,Ngrobiong,,-7.8489,111.1867,Indonesia,ID,IDN,Jawa Tengah,Jawa Tengah,ID-JT,province,,481.5,,,3,Asia/Jakarta,FALSE,1360545461
Prantaan,Prantaan,,-6.9463,111.4981,Indonesia,ID,IDN,Jawa Tengah,Jawa Tengah,ID-JT,province,minor,432.6,,,3,Asia/Jakarta,FALSE,1360038282
Pasilulah,Pasilulah,Pasiluah,4.0590,96.3750,Indonesia,ID,IDN,Aceh,Aceh,ID-AC,special region,,37.8,,,4,Asia/Jakarta,FALSE,1360572674
Tumbal,Tumbal,,-6.9237,109.5584,Indonesia,ID,IDN,Jawa Tengah,Jawa Tengah,ID-JT,province,,959.1,,,3,Asia/Jakarta,FALSE,1360669995
Tumbal,Tumbal,,-7.0888,110.8530,Indonesia,ID,IDN,Jawa Tengah,Jawa Tengah,ID-JT,province,,676.8,,,3,Asia/Jakarta,TRUE,1360913229
Sebaluh,Sebaluh,,-7.8586,112.4827,Indonesia,ID,IDN,Jawa Timur,Jawa Timur,ID-JI,province,,761.0,,,3,Asia/Jakarta,FALSE,1360025134
Molobu,Molobu,,-7.1265,112.8588,Indonesia,ID,IDN,Jawa Timur,Jawa Timur,ID-JI,province,,781.3,,,3,Asia/Jakarta,FALSE,1360039539
Talang Tangkasulak,Talang Tangkasulak,Talangtangkas,-4.7173,104.4212,Indonesia,ID,IDN,Lampung,Lampung,ID-LA,province,,119.6,,,4,Asia/Jakarta,FALSE,1360411079
Mengamat,Mengamat,,3.2073,97.3746,Indonesia,ID,IDN,Aceh,Aceh,ID-AC,special region,,56.9,,,4,Asia/Jakarta,FALSE,1360433346
Kresnomulyo,Kresnomulyo,,-5.4230,104.9230,Indonesia,ID,IDN,Lampung,Lampung,ID-LA,province,,611.9,,,3,Asia/Jakarta,FALSE,1360429291
Umadimu,Umadimu,,-9.5432,118.9612,Indonesia,ID,IDN,Nusa Tenggara Timur,Nusa Tenggara Timur,ID-NT,province,,260.9,,,3,Asia/Makassar,FALSE,1360655983
Kebonjeruk,Kebonjeruk,,-6.9633,107.6772,Indonesia,ID,IDN,Jawa Barat,Jawa Barat,ID-JB,province,,23655.5,,,2,Asia/Jakarta,FALSE,1360644977
Kebonjeruk,Kebonjeruk,,-6.5936,106.6900,Indonesia,ID,IDN,Jawa Barat,Jawa Barat,ID-JB,province,,2169.9,,,2,Asia/Jakarta,TRUE,1360278456
Kebonjeruk,Kebonjeruk,,-6.2053,106.3750,Indonesia,ID,IDN,Jawa Barat,Jawa Barat,ID-JB,province,,1900.2,,,3,Asia/Jakarta,TRUE,1360017011
Kebonjeruk,Kebonjeruk,,-6.0231,106.3314,Indonesia,ID,IDN,Jawa Barat,Jawa Barat,ID-JB,province,,1080.6,,,3,Asia/Jakarta,TRUE,1360730807
Kebonjeruk,Kebonjeruk,,-7.0567,108.0756,Indonesia,ID,IDN,Jawa Barat,Jawa Barat,ID-JB,province,,909.3,,,3,Asia/Jakarta,TRUE,1360933423
Kebonjeruk,Kebonjeruk,,-7.0177,108.0109,Indonesia,ID,IDN,Jawa Barat,Jawa Barat,ID-JB,province,,909.3,,,3,Asia/Jakarta,TRUE,1360007228
Kebonjeruk,Kebonjeruk,,-6.8633,107.1328,Indonesia,ID,IDN,Jawa Barat,Jawa Barat,ID-JB,province,,666.6,,,3,Asia/Jakarta,TRUE,1360682899
Kebonjeruk,Kebonjeruk,,-6.8100,107.2672,Indonesia,ID,IDN,Jawa Barat,Jawa Barat,ID-JB,province,,666.6,,,3,Asia/Jakarta,TRUE,1360387048
Kebonjeruk,Kebonjeruk,,-6.9467,106.7717,Indonesia,ID,IDN,Jawa Barat,Jawa Barat,ID-JB,province,,633.7,,,3,Asia/Jakarta,TRUE,1360273691
Babakampamuruyan,Babakampamuruyan,,-6.5253,107.1042,Indonesia,ID,IDN,Jawa Barat,Jawa Barat,ID-JB,province,,2169.9,,,2,Asia/Jakarta,FALSE,1360973548
Kiarapayung Kulon,Kiarapayung Kulon,,-7.2677,107.8579,Indonesia,ID,IDN,Jawa Barat,Jawa Barat,ID-JB,province,,909.3,,,3,Asia/Jakarta,FALSE,1360203362
Telogoarum Timur,Telogoarum Timur,,-8.0435,112.4075,Indonesia,ID,IDN,Jawa Timur,Jawa Timur,ID-JI,province,,671.1,,,3,Asia/Jakarta,FALSE,1360061920
Sentosa,Sentosa,,4.6410,95.5780,Indonesia,ID,IDN,Aceh,Aceh,ID-AC,special region,,18.8,,,4,Asia/Jakarta,FALSE,1360741266
Kebonjeruk,Kebonjeruk,,-8.0236,114.1829,Indonesia,ID,IDN,Jawa Timur,Jawa Timur,ID-JI,province,,504.6,,,3,Asia/Jakarta,FALSE,1360351674
Kebonjeruk,Kebonjeruk,,-8.4095,114.0088,Indonesia,ID,IDN,Jawa Timur,Jawa Timur,ID-JI,province,,452.5,,,3,Asia/Jakarta,TRUE,1360784954
Aiketapang,Aiketapang,,-8.9930,117.2149,Indonesia,ID,IDN,Nusa Tenggara Barat,Nusa Tenggara Barat,ID-NB,province,,74.3,,,4,Asia/Makassar,FALSE,1360471480
Kibang,Kibang,,-5.1980,105.3090,Indonesia,ID,IDN,Lampung,Lampung,ID-LA,province,,327.2,,,3,Asia/Jakarta,FALSE,1360461443
Cikiruh,Cikiruh,,-6.7737,105.7226,Indonesia,ID,IDN,Banten,Banten,ID-BT,province,minor,460.1,,,3,Asia/Jakarta,FALSE,1360936865
Gabelan Lor,Gabelan Lor,,-7.9744,110.8792,Indonesia,ID,IDN,Jawa Tengah,Jawa Tengah,ID-JT,province,,481.5,,,3,Asia/Jakarta,FALSE,1360873964
Ciiring,Ciiring,,-7.6635,108.1302,Indonesia,ID,IDN,Jawa Barat,Jawa Barat,ID-JB,province,,678.9,,,3,Asia/Jakarta,FALSE,1360933744
Jegrig,Jegrig,,-7.4986,111.1258,Indonesia,ID,IDN,Jawa Tengah,Jawa Tengah,ID-JT,province,,911.2,,,3,Asia/Jakarta,FALSE,1360009138
Kalibulor,Kalibulor,,-3.3718,120.2759,Indonesia,ID,IDN,Sulawesi Selatan,Sulawesi Selatan,ID-SN,province,,127.0,,,4,Asia/Makassar,FALSE,1360736046
Mojoberuh,Mojoberuh,,-6.5737,110.6999,Indonesia,ID,IDN,Jawa Tengah,Jawa Tengah,ID-JT,province,,1152.9,,,3,Asia/Jakarta,FALSE,1360859534
Tekaleano,Tekaleano,,-3.9953,122.5094,Indonesia,ID,IDN,Sulawesi Tenggara,Sulawesi Tenggara,ID-SG,province,,1892.5,,,3,Asia/Makassar,FALSE,1360647304
Jinabun,Jinabun,Djinabun,3.1693,98.2912,Indonesia,ID,IDN,Sumatera Utara,Sumatera Utara,ID-SU,province,,200.0,,,4,Asia/Jakarta,FALSE,1360086675
Lembangcina,Lembangcina,,-5.5460,119.9513,Indonesia,ID,IDN,Sulawesi Selatan,Sulawesi Selatan,ID-SN,province,,491.5,,,3,Asia/Makassar,FALSE,1360777876
Tanahbarak,Tanahbarak,,-8.4021,115.7065,Indonesia,ID,IDN,Bali,Bali,ID-BA,province,,518.1,,,3,Asia/Makassar,FALSE,1360882437
Seuneotop,Seuneotop,,3.6213,96.9434,Indonesia,ID,IDN,Aceh,Aceh,ID-AC,special region,,55.6,,,4,Asia/Jakarta,FALSE,1360324411
Parit Pasangan Hilir,Parit Pasangan Hilir,,-0.0143,103.3673,Indonesia,ID,IDN,Riau,Riau,ID-RI,province,,62.6,,,4,Asia/Jakarta,FALSE,1360422438
Nolorejo,Nolorejo,,-7.7028,110.5167,Indonesia,ID,IDN,Jawa Tengah,Jawa Tengah,ID-JT,province,,1721.4,,,3,Asia/Jakarta,FALSE,1360069489
Sunbaki,Sunbaki,,-9.3258,124.4800,Indonesia,ID,IDN,Nusa Tenggara Timur,Nusa Tenggara Timur,ID-NT,province,,100.9,,,4,Asia/Makassar,FALSE,1360618891
Cikelak,Cikelak,,-6.5025,107.2342,Indonesia,ID,IDN,Jawa Barat,Jawa Barat,ID-JB,province,,1386.3,,,3,Asia/Jakarta,FALSE,1360288441
Watoapelolong,Watoapelolong,,-8.2357,124.3154,Indonesia,ID,IDN,Nusa Tenggara Timur,Nusa Tenggara Timur,ID-NT,province,,74.2,,,4,Asia/Makassar,FALSE,1360527598
Sindangnangoh,Sindangnangoh,,-6.9428,107.8239,Indonesia,ID,IDN,Jawa Barat,Jawa Barat,ID-JB,province,,779.3,,,3,Asia/Jakarta,FALSE,1360199698
Pantonjaneng,Pantonjaneng,Pantondjaneng,4.8703,97.8265,Indonesia,ID,IDN,Aceh,Aceh,ID-AC,special region,,63.2,,,4,Asia/Jakarta,FALSE,1360039871
Selebung,Selebung,Seleboeng,-8.7651,116.4820,Indonesia,ID,IDN,Nusa Tenggara Barat,Nusa Tenggara Barat,ID-NB,province,minor,826.7,,,3,Asia/Makassar,FALSE,1360664963
Selebung,Selebung,,-8.7422,116.2919,Indonesia,ID,IDN,Nusa Tenggara Barat,Nusa Tenggara Barat,ID-NB,province,,782.4,,,3,Asia/Makassar,TRUE,1360910051
Selebung,Selebung,,-8.3892,116.1774,Indonesia,ID,IDN,Nusa Tenggara Barat,Nusa Tenggara Barat,ID-NB,province,,286.8,,,3,Asia/Makassar,TRUE,1360808924
Batah,Batah,,-7.1784,112.9092,Indonesia,ID,IDN,Jawa Timur,Jawa Timur,ID-JI,province,,781.3,,,3,Asia/Jakarta,FALSE,1360762733
Penggung Lor,Penggung Lor,,-8.2014,113.3342,Indonesia,ID,IDN,Jawa Timur,Jawa Timur,ID-JI,province,,577.0,,,3,Asia/Jakarta,FALSE,1360466226
Umbulan Rajaupuh,Umbulan Rajaupuh,,-4.8229,104.9387,Indonesia,ID,IDN,Lampung,Lampung,ID-LA,province,,275.3,,,3,Asia/Jakarta,FALSE,1360709413
Aluw Bateu,Aluw Bateu,Aluebatee,4.8730,97.8410,Indonesia,ID,IDN,Aceh,Aceh,ID-AC,special region,,63.2,,,4,Asia/Jakarta,FALSE,1360769378
Kalibanteng-kidul,Kalibanteng-kidul,Kalibanteng-kidoel,-6.9833,110.3667,Indonesia,ID,IDN,Jawa Tengah,Jawa Tengah,ID-JT,province,,4947.2,,,2,Asia/Jakarta,FALSE,1360862185
Citepo,Citepo,,-7.4719,107.5438,Indonesia,ID,IDN,Jawa Barat,Jawa Barat,ID-JB,province,,909.3,,,3,Asia/Jakarta,FALSE,1360551336
Hutabayubiding Dua,Hutabayubiding Dua,Hutabajubiding 2,2.9300,99.2112,Indonesia,ID,IDN,Sumatera Utara,Sumatera Utara,ID-SU,province,,174.8,,,4,Asia/Jakarta,FALSE,1360506398
Kutip,Kutip,Desabaru,0.4130,101.5130,Indonesia,ID,IDN,Riau,Riau,ID-RI,province,,1346.4,,,3,Asia/Jakarta,FALSE,1360012342
Rarangjati,Rarangjati,,-0.1922,110.8330,Indonesia,ID,IDN,Kalimantan Barat,Kalimantan Barat,ID-KB,province,,39.4,,,4,Asia/Pontianak,FALSE,1360824285
Lhok Guei,Lhok Guei,,4.3710,96.2200,Indonesia,ID,IDN,Aceh,Aceh,ID-AC,special region,,51.7,,,4,Asia/Jakarta,FALSE,1360689992
Godong,Godong,,-7.5794,110.7269,Indonesia,ID,IDN,Jawa Tengah,Jawa Tengah,ID-JT,province,,1694.6,,,3,Asia/Jakarta,FALSE,1360835019
Godong,Godong,,-7.0230,110.7721,Indonesia,ID,IDN,Jawa Tengah,Jawa Tengah,ID-JT,province,,676.8,,,3,Asia/Jakarta,TRUE,1360288517
Perumahan Umum Bumisiliwangipermai,Perumahan Umum Bumisiliwangipermai,,-6.9124,108.7322,Indonesia,ID,IDN,Jawa Barat,Jawa Barat,ID-JB,province,,2095.8,,,2,Asia/Jakarta,FALSE,1360513586
Cikokuro,Cikokuro,,-6.7803,108.2386,Indonesia,ID,IDN,Jawa Barat,Jawa Barat,ID-JB,province,,918.7,,,3,Asia/Jakarta,FALSE,1360004660
Pepir,Pepir,,3.9864,97.3760,Indonesia,ID,IDN,Aceh,Aceh,ID-AC,special region,,17.9,,,4,Asia/Jakarta,FALSE,1360161982
Mele,Mele,,-1.5902,123.2386,Indonesia,ID,IDN,Sulawesi Tengah,Sulawesi Tengah,ID-ST,province,,66.8,,,4,Asia/Makassar,FALSE,1360165130
Pabrik,Pabrik,,-6.2831,106.1185,Indonesia,ID,IDN,Banten,Banten,ID-BT,province,,460.1,,,3,Asia/Jakarta,FALSE,1360725057
Saliyan,Saliyan,,-6.7505,111.0371,Indonesia,ID,IDN,Jawa Tengah,Jawa Tengah,ID-JT,province,,818.0,,,3,Asia/Jakarta,FALSE,1360722704
Buaranjambu,Buaranjambu,,-6.0314,106.5453,Indonesia,ID,IDN,Jawa Barat,Jawa Barat,ID-JB,province,,4371.4,,,2,Asia/Jakarta,FALSE,1360004823
Gembing,Gembing,,-7.8906,110.3814,Indonesia,ID,IDN,Yogyakarta,Yogyakarta,ID-YO,special region,,2161.9,,,2,Asia/Jakarta,FALSE,1360500870
Paparapa,Paparapa,Poparapa,-4.9008,120.0920,Indonesia,ID,IDN,Sulawesi Selatan,Sulawesi Selatan,ID-SN,province,,175.7,,,4,Asia/Makassar,FALSE,1360829699
Ketapang,Ketapang,,-8.7638,115.1731,Indonesia,ID,IDN,Bali,Bali,ID-BA,province,,2160.4,,,2,Asia/Makassar,FALSE,1360810122
Ketapang,Ketapang,,-8.3624,114.6168,Indonesia,ID,IDN,Bali,Bali,ID-BA,province,,343.9,,,3,Asia/Makassar,TRUE,1360304080
Karanggan,Karanggan,,-8.0765,112.1954,Indonesia,ID,IDN,Jawa Timur,Jawa Timur,ID-JI,province,,1688.6,,,3,Asia/Jakarta,FALSE,1360899556
Karanggan,Karanggan,,-7.1848,113.2443,Indonesia,ID,IDN,Jawa Timur,Jawa Timur,ID-JI,province,,857.7,,,3,Asia/Jakarta,TRUE,1360082059
Betro Barat,Betro Barat,,-7.4537,112.3391,Indonesia,ID,IDN,Jawa Timur,Jawa Timur,ID-JI,province,,1161.1,,,3,Asia/Jakarta,FALSE,1360646207
Jatianom Lor,Jatianom Lor,,-7.6682,112.7007,Indonesia,ID,IDN,Jawa Timur,Jawa Timur,ID-JI,province,,1127.0,,,3,Asia/Jakarta,FALSE,1360132368
Bukitkembang,Bukitkembang,,-8.4344,117.1653,Indonesia,ID,IDN,Nusa Tenggara Barat,Nusa Tenggara Barat,ID-NB,province,,74.3,,,4,Asia/Makassar,FALSE,1360041130
Bruno,Bruno,,-3.4341,119.2176,Indonesia,ID,IDN,Sulawesi Barat,Sulawesi Barat,ID-SR,province,,257.6,,,3,Asia/Makassar,FALSE,1360555889
Pulungasih,Pulungasih,Polongase,-5.8408,112.6661,Indonesia,ID,IDN,Jawa Timur,Jawa Timur,ID-JI,province,,1182.2,,,3,Asia/Jakarta,FALSE,1360039901
Tanjungwari,Tanjungwari,,-6.5378,107.4894,Indonesia,ID,IDN,Jawa Barat,Jawa Barat,ID-JB,province,,1185.0,,,3,Asia/Jakarta,FALSE,1360017670
Sindangwangi Lama,Sindangwangi Lama,,-7.1647,108.9003,Indonesia,ID,IDN,Jawa Tengah,Jawa Tengah,ID-JT,province,,1031.6,,,3,Asia/Jakarta,FALSE,1360556031
Ardai Lor,Ardai Lor,Ardai,-6.0561,107.2575,Indonesia,ID,IDN,Jawa Barat,Jawa Barat,ID-JB,province,,1386.3,,,3,Asia/Jakarta,FALSE,1360033031
Mandeksinarmulya,Mandeksinarmulya,,-6.2361,106.0925,Indonesia,ID,IDN,Banten,Banten,ID-BT,province,,667.7,,,3,Asia/Jakarta,FALSE,1360898605
Dasan,Dasan,,2.9131,97.9464,Indonesia,ID,IDN,Aceh,Aceh,ID-AC,special region,,62.5,,,4,Asia/Jakarta,FALSE,1360927086
Ampang Selumu,Ampang Selumu,Ampangseloemoe|Ampangselumu,-2.1799,102.9095,Indonesia,ID,IDN,Jambi,Jambi,ID-JA,province,,50.7,,,4,Asia/Jakarta,FALSE,1360022505
Gunungkendeng,Gunungkendeng,,-6.6794,105.7043,Indonesia,ID,IDN,Banten,Banten,ID-BT,province,minor,460.1,,,3,Asia/Jakarta,FALSE,1360758524
Gunungkendeng,Gunungkendeng,Goenoengkendeng,-6.6706,106.0547,Indonesia,ID,IDN,Banten,Banten,ID-BT,province,minor,432.7,,,3,Asia/Jakarta,TRUE,1360213917
Wonoresik,Wonoresik,,-7.6875,109.6942,Indonesia,ID,IDN,Jawa Tengah,Jawa Tengah,ID-JT,province,,854.4,,,3,Asia/Jakarta,FALSE,1360377368
Metanggu,Metanggu,,-8.5770,116.2073,Indonesia,ID,IDN,Nusa Tenggara Barat,Nusa Tenggara Barat,ID-NB,province,,799.9,,,3,Asia/Makassar,FALSE,1360987887
Gampong Jeumpa,Gampong Jeumpa,Djeumpa,5.2601,95.9360,Indonesia,ID,IDN,Aceh,Aceh,ID-AC,special region,,125.5,,,4,Asia/Jakarta,FALSE,1360072581
Jarambingan,Jarambingan,Djarambingan,3.2107,99.4654,Indonesia,ID,IDN,Sumatera Utara,Sumatera Utara,ID-SU,province,,445.1,,,3,Asia/Jakarta,FALSE,1360149255
Cibodas,Cibodas,,-6.3166,106.3385,Indonesia,ID,IDN,Banten,Banten,ID-BT,province,,1080.6,,,3,Asia/Jakarta,FALSE,1360284651
Cibodas,Cibodas,,-6.2303,105.9345,Indonesia,ID,IDN,Banten,Banten,ID-BT,province,,1080.6,,,3,Asia/Jakarta,TRUE,1360037936
Cibodas,Cibodas,Tjibodas,-6.6360,105.7293,Indonesia,ID,IDN,Banten,Banten,ID-BT,province,,460.1,,,3,Asia/Jakarta,TRUE,1360197292
Cibodas,Cibodas,,-6.5935,105.8584,Indonesia,ID,IDN,Banten,Banten,ID-BT,province,minor,460.1,,,3,Asia/Jakarta,TRUE,1360024159
Cibodas,Cibodas,,-6.4080,106.1214,Indonesia,ID,IDN,Banten,Banten,ID-BT,province,,460.1,,,3,Asia/Jakarta,TRUE,1360002666
Cibodas,Cibodas,,-6.4146,106.1781,Indonesia,ID,IDN,Banten,Banten,ID-BT,province,,432.7,,,3,Asia/Jakarta,TRUE,1360528747
Cibodas,Cibodas,,-6.4885,106.0907,Indonesia,ID,IDN,Banten,Banten,ID-BT,province,,432.7,,,3,Asia/Jakarta,TRUE,1360715356
Ndeo,Ndeo,,-8.3048,121.7085,Indonesia,ID,IDN,Nusa Tenggara Timur,Nusa Tenggara Timur,ID-NT,province,,202.1,,,3,Asia/Makassar,FALSE,1360737116
Ndeo,Ndeo,,-10.8001,122.8606,Indonesia,ID,IDN,Nusa Tenggara Timur,Nusa Tenggara Timur,ID-NT,province,,115.0,,,4,Asia/Makassar,TRUE,1360231219
Terongtawah Barat,Terongtawah Barat,,-8.6288,116.1066,Indonesia,ID,IDN,Nusa Tenggara Barat,Nusa Tenggara Barat,ID-NB,province,,799.9,,,3,Asia/Makassar,FALSE,1360285010
Plaosan Lor,Plaosan Lor,,-6.7810,108.5100,Indonesia,ID,IDN,Jawa Barat,Jawa Barat,ID-JB,province,,2095.8,,,2,Asia/Jakarta,FALSE,1360815760
Tilumareda,Tilumareda,,-9.5209,119.2626,Indonesia,ID,IDN,Nusa Tenggara Timur,Nusa Tenggara Timur,ID-NT,province,,260.9,,,3,Asia/Makassar,FALSE,1360672731
Tilumareda,Tilumareda,,-9.6099,119.4158,Indonesia,ID,IDN,Nusa Tenggara Timur,Nusa Tenggara Timur,ID-NT,province,,192.9,,,4,Asia/Makassar,TRUE,1360507569
Weetame,Weetame,,-9.4696,119.4283,Indonesia,ID,IDN,Nusa Tenggara Timur,Nusa Tenggara Timur,ID-NT,province,,192.9,,,4,Asia/Makassar,FALSE,1360580273
Kapsali,Kapsali,,-9.6848,123.6937,Indonesia,ID,IDN,Nusa Tenggara Timur,Nusa Tenggara Timur,ID-NT,province,,74.4,,,4,Asia/Makassar,FALSE,1360809584
Sidowayah Kidul,Sidowayah Kidul,,-6.7202,111.3470,Indonesia,ID,IDN,Jawa Tengah,Jawa Tengah,ID-JT,province,minor,600.6,,,3,Asia/Jakarta,FALSE,1360590746
Ling,Ling,,-8.6881,120.3659,Indonesia,ID,IDN,Nusa Tenggara Timur,Nusa Tenggara Timur,ID-NT,province,,270.4,,,3,Asia/Makassar,FALSE,1360963586
Ling,Ling,,-8.5596,120.5086,Indonesia,ID,IDN,Nusa Tenggara Timur,Nusa Tenggara Timur,ID-NT,province,,247.3,,,3,Asia/Makassar,TRUE,1360721471
Raejula,Raejula,,-10.5624,121.7719,Indonesia,ID,IDN,Nusa Tenggara Timur,Nusa Tenggara Timur,ID-NT,province,,195.4,,,4,Asia/Makassar,FALSE,1360187621
Airderas,Airderas,,-3.8786,102.3674,Indonesia,ID,IDN,Bengkulu,Bengkulu,ID-BE,province,,78.3,,,4,Asia/Jakarta,FALSE,1360167903
Munjul Kaler,Munjul Kaler,,-6.8150,107.1025,Indonesia,ID,IDN,Jawa Barat,Jawa Barat,ID-JB,province,,666.6,,,3,Asia/Jakarta,FALSE,1360326137
Babang,Babang,,-8.5249,122.9718,Indonesia,ID,IDN,Nusa Tenggara Timur,Nusa Tenggara Timur,ID-NT,province,,153.4,,,4,Asia/Makassar,FALSE,1360463006
Matat,Matat,,-5.5649,114.4515,Indonesia,ID,IDN,Jawa Timur,Jawa Timur,ID-JI,province,,522.1,,,3,Asia/Jakarta,FALSE,1360037336
Janturan,Janturan,,-7.8050,110.3886,Indonesia,ID,IDN,Yogyakarta,Yogyakarta,ID-YO,special region,,11963.7,,,2,Asia/Jakarta,FALSE,1360689416
Janturan,Janturan,,-7.7392,110.3211,Indonesia,ID,IDN,Yogyakarta,Yogyakarta,ID-YO,special region,,2319.5,,,2,Asia/Jakarta,TRUE,1360956262
Janturan,Janturan,Gandjoeran|Djanturan|Djantoeran,-7.8808,110.1258,Indonesia,ID,IDN,Yogyakarta,Yogyakarta,ID-YO,special region,,664.1,,,3,Asia/Jakarta,TRUE,1360001803
Gunungheulang,Gunungheulang,,-7.3506,108.1536,Indonesia,ID,IDN,Jawa Barat,Jawa Barat,ID-JB,province,,678.9,,,3,Asia/Jakarta,FALSE,1360972410
Danaucalo,Danaucalo,,-2.9640,103.9680,Indonesia,ID,IDN,Sumatera Selatan,Sumatera Selatan,ID-SS,province,,39.4,,,4,Asia/Jakarta,FALSE,1360207674
Motodawu,Motodawu,,-9.7420,119.3162,Indonesia,ID,IDN,Nusa Tenggara Timur,Nusa Tenggara Timur,ID-NT,province,,192.9,,,4,Asia/Makassar,FALSE,1360953514
Ranjeng,Ranjeng,,-6.1240,106.2281,Indonesia,ID,IDN,Banten,Banten,ID-BT,province,,3308.6,,,2,Asia/Jakarta,FALSE,1360502507
Ranjeng,Ranjeng,Ranjang|Randjang,-6.2699,106.2749,Indonesia,ID,IDN,Banten,Banten,ID-BT,province,,1080.6,,,3,Asia/Jakarta,TRUE,1360005817
Ranjeng,Ranjeng,,-6.2378,105.8604,Indonesia,ID,IDN,Banten,Banten,ID-BT,province,,1080.6,,,3,Asia/Jakarta,TRUE,1360286536
Buketrusa,Buketrusa,,5.0411,97.3783,Indonesia,ID,IDN,Aceh,Aceh,ID-AC,special region,,234.2,,,3,Asia/Jakarta,FALSE,1360866175
Bringkil,Bringkil,,-7.6255,111.8628,Indonesia,ID,IDN,Jawa Timur,Jawa Timur,ID-JI,province,,826.0,,,3,Asia/Jakarta,FALSE,1360015992
Bringkil,Bringkil,,-7.5995,111.5824,Indonesia,ID,IDN,Jawa Timur,Jawa Timur,ID-JI,province,,617.8,,,3,Asia/Jakarta,TRUE,1360149170
Umbulan Hilianbungur,Umbulan Hilianbungur,,-4.7052,104.7645,Indonesia,ID,IDN,Lampung,Lampung,ID-LA,province,,275.3,,,3,Asia/Jakarta,FALSE,1360470323
Kali Ketindan,Kali Ketindan,,-7.8284,112.6832,Indonesia,ID,IDN,Jawa Timur,Jawa Timur,ID-JI,province,,761.0,,,3,Asia/Jakarta,FALSE,1360843128
Kuta-tengah Dua,Kuta-tengah Dua,Kuta-tengah 2,3.5286,98.1296,Indonesia,ID,IDN,Sumatera Utara,Sumatera Utara,ID-SU,province,,166.6,,,4,Asia/Jakarta,FALSE,1360022258
Klayu Kulon,Klayu Kulon,,-8.1853,113.7973,Indonesia,ID,IDN,Jawa Timur,Jawa Timur,ID-JI,province,,738.0,,,3,Asia/Jakarta,FALSE,1360287093
Damtopi,Damtopi,,-7.8715,113.4011,Indonesia,ID,IDN,Jawa Timur,Jawa Timur,ID-JI,province,,683.3,,,3,Asia/Jakarta,FALSE,1360734561
Nunhini,Nunhini,,-9.6970,124.4245,Indonesia,ID,IDN,Nusa Tenggara Timur,Nusa Tenggara Timur,ID-NT,province,,125.8,,,4,Asia/Makassar,FALSE,1360100965