city,city_ascii,city_alt,lat,lng,country,iso2,iso3,admin_name,admin_name_ascii,admin_code,admin_type,capital,density,population,population_proper,ranking,timezone,same_name,id
Kahnūj-e Genow,Kahnuj-e Genow,Kahrū|Kahruj|Kahnūj,27.4693,56.2113,Iran,IR,IRN,Hormozgān,Hormozgan,IR-22,province,,73.9,,,4,Asia/Tehran,FALSE,1364477744
Seqāy,Seqay,Saghay|Sirgai|Saqāy|Sygay,38.5475,46.3601,Iran,IR,IRN,Āz̄arbāyjān-e Sharqī,Azarbayjan-e Sharqi,IR-03,province,,17.8,,,4,Asia/Tehran,FALSE,1364488917
Vanāb,Vanab,,34.1202,47.8017,Iran,IR,IRN,Lorestān,Lorestan,IR-15,province,,57.0,,,4,Asia/Tehran,FALSE,1364551823
Vanāb,Vanab,‘Alīābād-e Varnāb|‘Alīābād-e Van Āb,33.8528,47.9747,Iran,IR,IRN,Lorestān,Lorestan,IR-15,province,,52.5,,,4,Asia/Tehran,TRUE,1364760137
Joghrāvārū,Joghravaru,,25.7833,61.2333,Iran,IR,IRN,Sīstān va Balūchestān,Sistan va Baluchestan,IR-11,province,,39.9,,,4,Asia/Tehran,FALSE,1364483572
Majdābād-e Soflá,Majdabad-e Sofla,Moḩammadābād-e Soflá|Moḩammadābād,36.9721,54.5651,Iran,IR,IRN,Golestān,Golestan,IR-27,province,,85.0,,,4,Asia/Tehran,FALSE,1364164597
Dastjerd,Dastjerd,Dasteh Jerd|Dastjerd Chahār Bolook|Dast-ī-Jīrd,35.0095,48.5268,Iran,IR,IRN,Hamadān,Hamadan,IR-13,province,,96.4,,,4,Asia/Tehran,FALSE,1364130293
Dastjerd,Dastjerd,Dast-ī-Jīrd|Dasteh Jerd,35.2492,48.7195,Iran,IR,IRN,Hamadān,Hamadan,IR-13,province,,37.4,,,4,Asia/Tehran,TRUE,1364451716
Dastjerd,Dastjerd,Dastjerdé Jarghooyeh|Dastgird|Dashtgerd|Dashtgird|Dastgerd,32.1684,52.6305,Iran,IR,IRN,Eşfahān,Esfahan,IR-10,province,,162.4,,,4,Asia/Tehran,FALSE,1364409498
Dastjerd,Dastjerd,Dastjerd-e Khīār|Dastgerd,32.7278,51.7719,Iran,IR,IRN,Eşfahān,Esfahan,IR-10,province,,162.4,,,4,Asia/Tehran,TRUE,1364517222
Dastjerd,Dastjerd,,33.1034,52.4892,Iran,IR,IRN,Eşfahān,Esfahan,IR-10,province,,2.9,,,5,Asia/Tehran,TRUE,1364266470
Elyāsān-e ‘Olyā,Elyasan-e `Olya,,34.8481,47.3271,Iran,IR,IRN,Kermānshāh,Kermanshah,IR-05,province,,35.8,,,4,Asia/Tehran,FALSE,1364122047
Chāh Dozdū,Chah Dozdu,,28.4233,55.2736,Iran,IR,IRN,Chahār Maḩāl va Bakhtīārī,Chahar Mahal va Bakhtiari,IR-14,province,,32.1,,,4,Asia/Tehran,FALSE,1364449942
Qal‘eh ‘Alī Panāh,Qal`eh `Ali Panah,,30.0118,51.2554,Iran,IR,IRN,Fārs,Fars,IR-07,province,,10.9,,,4,Asia/Tehran,FALSE,1364103641
Tolombeh-ye Sāzegār,Tolombeh-ye Sazegar,,29.2845,54.3008,Iran,IR,IRN,Fārs,Fars,IR-07,province,,12.4,,,4,Asia/Tehran,FALSE,1364608299
Khowrābī,Khowrabi,Kharāvī,27.6479,57.3139,Iran,IR,IRN,Kermān,Kerman,IR-08,province,,14.7,,,4,Asia/Tehran,FALSE,1364460391
Chāh-e Bīst-o Do-ye Bahman,Chah-e Bist-o Do-ye Bahman,,27.4021,61.8650,Iran,IR,IRN,Sīstān va Balūchestān,Sistan va Baluchestan,IR-11,province,,11.1,,,4,Asia/Tehran,FALSE,1364135781
Şowma‘eh Badūstān,Sowma`eh Badustan,Şowma‘eh,38.3080,47.0448,Iran,IR,IRN,Āz̄arbāyjān-e Sharqī,Azarbayjan-e Sharqi,IR-03,province,,28.7,,,4,Asia/Tehran,FALSE,1364860965
Sang Shekan,Sang Shekan,,27.5136,57.5555,Iran,IR,IRN,Lorestān,Lorestan,IR-15,province,,14.7,,,4,Asia/Tehran,FALSE,1364673531
Āq Bāgh,Aq Bagh,,37.3394,58.2816,Iran,IR,IRN,Khorāsān-e Shomālī,Khorasan-e Shomali,IR-28,province,,35.8,,,4,Asia/Tehran,FALSE,1364740795
Sāchlū,Sachlu,,38.3471,47.5836,Iran,IR,IRN,Ardabīl,Ardabil,IR-24,province,,36.0,,,4,Asia/Tehran,FALSE,1364467357
Seyyedābād,Seyyedabad,,30.1321,53.5691,Iran,IR,IRN,Fārs,Fars,IR-07,province,,11.1,,,4,Asia/Tehran,FALSE,1364782286
Şādeqābād-e Rajabīhā,Sadeqabad-e Rajabiha,Şādeqābād-e Sagbū,32.3500,49.4144,Iran,IR,IRN,Khūzestān,Khuzestan,IR-06,province,,24.2,,,4,Asia/Tehran,FALSE,1364382543
Ghīās̄ābād,Ghiasabad,Ghīāsābād|Qīāsābād|Gheys̄ābād,36.7679,59.0440,Iran,IR,IRN,Khorāsān-e Raẕavī,Khorasan-e Razavi,IR-09,,,47.7,,,4,Asia/Tehran,FALSE,1364050850
Māhūn,Mahun,,32.4480,53.0267,Iran,IR,IRN,Eşfahān,Esfahan,IR-10,province,,162.4,,,4,Asia/Tehran,FALSE,1364099861
Kalāteh-ye Arbāb,Kalateh-ye Arbab,,37.5000,58.8833,Iran,IR,IRN,Khorāsān-e Raẕavī,Khorasan-e Razavi,IR-09,,,18.7,,,4,Asia/Tehran,FALSE,1364246399
Ghīās̄ābād,Ghiasabad,Gheyāsābād,34.4162,49.6073,Iran,IR,IRN,Markazī,Markazi,IR-00,,,31.2,,,4,Asia/Tehran,FALSE,1364897946
Shīr Mard,Shir Mard,,30.0911,51.4966,Iran,IR,IRN,Fārs,Fars,IR-07,province,,10.9,,,4,Asia/Tehran,FALSE,1364449259
Khāk Sīāh,Khak Siah,,33.1168,47.9354,Iran,IR,IRN,Lorestān,Lorestan,IR-15,province,,18.9,,,4,Asia/Tehran,FALSE,1364891579
Meydān Namak-e Soflá,Meydan Namak-e Sofla,Meydān Namak-e ‘Olyā,34.8655,46.0008,Iran,IR,IRN,Kermānshāh,Kermanshah,IR-05,province,,23.6,,,4,Asia/Tehran,FALSE,1364858937
‘Asal Maḩalleh,`Asal Mahalleh,,36.6040,50.7309,Iran,IR,IRN,Māzandarān,Mazandaran,IR-02,province,,59.2,,,4,Asia/Tehran,FALSE,1364096717
Kānī Sūr,Kani Sur,,35.8573,45.9488,Iran,IR,IRN,Kordestān,Kordestan,IR-12,province,,104.5,,,4,Asia/Tehran,FALSE,1364633496
Kānī Sūr,Kani Sur,Kānīsūr,36.0583,45.7481,Iran,IR,IRN,Kordestān,Kordestan,IR-12,province,,104.5,,,4,Asia/Tehran,TRUE,1364430049
Eḩshām-e Now,Ehsham-e Now,,27.9833,51.8000,Iran,IR,IRN,Būshehr,Bushehr,IR-18,province,,26.6,,,4,Asia/Tehran,FALSE,1364985538
Barfīān,Barfian,Bartiān|Barfīyān,34.4246,48.2641,Iran,IR,IRN,Hamadān,Hamadan,IR-13,province,,63.4,,,4,Asia/Tehran,FALSE,1364096617
Kūsh Qeshlāq,Kush Qeshlaq,,39.1581,47.9169,Iran,IR,IRN,Ardabīl,Ardabil,IR-24,province,,29.6,,,4,Asia/Tehran,FALSE,1364241732
Kalehsar,Kalehsar,Karesar,35.8833,52.5833,Iran,IR,IRN,Tehrān,Tehran,IR-23,province,,15.8,,,4,Asia/Tehran,FALSE,1364001896
Robāţ-e Soflá,Robat-e Sofla,Robāt Soflá|Robāţ,33.7362,49.7945,Iran,IR,IRN,Markazī,Markazi,IR-00,,,42.7,,,4,Asia/Tehran,FALSE,1364617161
Qarāghīl,Qaraghil,,37.8146,45.9144,Iran,IR,IRN,Āz̄arbāyjān-e Sharqī,Azarbayjan-e Sharqi,IR-03,province,,41.1,,,4,Asia/Tehran,FALSE,1364364949
Lamjerd,Lamjerd,Lamgird|Rāmjerd,30.1286,55.1242,Iran,IR,IRN,Kermān,Kerman,IR-08,province,,5.3,,,5,Asia/Tehran,FALSE,1364001074
Robāţ-e Soflá,Robat-e Sofla,,31.5712,50.0053,Iran,IR,IRN,Khūzestān,Khuzestan,IR-06,province,,50.4,,,4,Asia/Tehran,FALSE,1364613582
Nalmābād,Nalmabad,,30.6431,53.2222,Iran,IR,IRN,Fārs,Fars,IR-07,province,,22.5,,,4,Asia/Tehran,FALSE,1364932654
Ardūd,Ardud,Sar Chāt|Kal Chavīl,31.9366,49.9934,Iran,IR,IRN,Khūzestān,Khuzestan,IR-06,province,,58.1,,,4,Asia/Tehran,FALSE,1364181848
Deh-e Ebrāhīm,Deh-e Ebrahim,Ebrāhīm-e Maḩbat,31.0823,61.8216,Iran,IR,IRN,Sīstān va Balūchestān,Sistan va Baluchestan,IR-11,province,,72.0,,,4,Asia/Tehran,FALSE,1364687530
Deh-e Ebrāhīm,Deh-e Ebrahim,,31.0664,61.7023,Iran,IR,IRN,Sīstān va Balūchestān,Sistan va Baluchestan,IR-11,province,,72.0,,,4,Asia/Tehran,TRUE,1364606521
Deh-e Ebrāhīm,Deh-e Ebrahim,Deh-e Ebrāhīmī,30.8319,61.3703,Iran,IR,IRN,Sīstān va Balūchestān,Sistan va Baluchestan,IR-11,province,,11.6,,,4,Asia/Tehran,TRUE,1364896681
Deh-e Ebrāhīm,Deh-e Ebrahim,Ebrāhīm Mīrzākhān,30.7371,61.3834,Iran,IR,IRN,Sīstān va Balūchestān,Sistan va Baluchestan,IR-11,province,,11.6,,,4,Asia/Tehran,TRUE,1364066267
Shād Kūh,Shad Kuh,Shāh Kūh|Shā Kūh,37.5881,49.1412,Iran,IR,IRN,Gīlān,Gilan,IR-01,province,,94.3,,,4,Asia/Tehran,FALSE,1364326079
Gowreh,Gowreh,Khowreh,31.5277,49.7471,Iran,IR,IRN,Khūzestān,Khuzestan,IR-06,province,,50.4,,,4,Asia/Tehran,FALSE,1364103105
Gol Sa‘īd,Gol Sa`id,,39.2158,44.3330,Iran,IR,IRN,Āz̄arbāyjān-e Gharbī,Azarbayjan-e Gharbi,IR-04,province,,24.7,,,4,Asia/Tehran,FALSE,1364947576
Kalāteh-ye ‘Alī ‘Abbās,Kalateh-ye `Ali `Abbas,Kalāteh ‘Ali Abbās,32.7167,59.1667,Iran,IR,IRN,Khorāsān-e Jonūbī,Khorasan-e Jonubi,IR-29,province,,15.1,,,4,Asia/Tehran,FALSE,1364889741
Kalāteh-ye ‘Ali ‘Abbās,Kalateh-ye `Ali `Abbas,‘Alī ‘Abbās,32.4714,58.9897,Iran,IR,IRN,Khorāsān-e Jonūbī,Khorasan-e Jonubi,IR-29,province,,15.1,,,4,Asia/Tehran,TRUE,1364276842
Jowzak,Jowzak,,30.2267,60.6556,Iran,IR,IRN,Sīstān va Balūchestān,Sistan va Baluchestan,IR-11,province,,17.5,,,4,Asia/Tehran,FALSE,1364179395
Jowzak,Jowzak,,30.3383,60.0928,Iran,IR,IRN,Sīstān va Balūchestān,Sistan va Baluchestan,IR-11,province,,17.5,,,4,Asia/Tehran,TRUE,1364224839
Kalāvashk,Kalavashk,Kalāyeshk|Kalāveshk-e Kūchek|Kalāveshk-e Kūchak|Kalāveshk|Jaghatāi,36.0426,57.7775,Iran,IR,IRN,Khorāsān-e Raẕavī,Khorasan-e Razavi,IR-09,,,13.2,,,4,Asia/Tehran,FALSE,1364013952
Shahrak-e Pīrūz,Shahrak-e Piruz,Fārī|Parī|Pīrūz,34.1350,49.0457,Iran,IR,IRN,Hamadān,Hamadan,IR-13,province,,85.5,,,4,Asia/Tehran,FALSE,1364280118
Seyyed Rāzī,Seyyed Razi,Saiyid Rāz|Saiyid Rāzi,31.4167,48.7833,Iran,IR,IRN,Khūzestān,Khuzestan,IR-06,province,,70.8,,,4,Asia/Tehran,FALSE,1364855581
Seyyed Rāẕī,Seyyed Razi,Ghazzī,31.5577,48.8743,Iran,IR,IRN,Khūzestān,Khuzestan,IR-06,province,,70.8,,,4,Asia/Tehran,TRUE,1364326082
Ājīdgeh,Ajidgeh,,38.7868,44.7712,Iran,IR,IRN,Āz̄arbāyjān-e Gharbī,Azarbayjan-e Gharbi,IR-04,province,,74.6,,,4,Asia/Tehran,FALSE,1364714667
Āl Bū Nāyel,Al Bu Nayel,Bonā’ī|Āl Bū Nā’el|Alboona’i,30.4253,48.1847,Iran,IR,IRN,Khūzestān,Khuzestan,IR-06,province,,93.4,,,4,Asia/Tehran,FALSE,1364236706
Gahrak,Gahrak,,27.9673,57.7826,Iran,IR,IRN,Kermān,Kerman,IR-08,province,,38.9,,,4,Asia/Tehran,FALSE,1364529562
Pāval,Paval,,28.5746,61.2952,Iran,IR,IRN,Sīstān va Balūchestān,Sistan va Baluchestan,IR-11,province,,6.9,,,5,Asia/Tehran,FALSE,1364172193
Bīneh,Bineh,,38.8094,47.0569,Iran,IR,IRN,Āz̄arbāyjān-e Sharqī,Azarbayjan-e Sharqi,IR-03,province,,7.7,,,5,Asia/Tehran,FALSE,1364647292
‘Alīābād-e Dowtū,`Aliabad-e Dowtu,Alīābād-e Dotū|‘Alīābād|‘Alīābād-e Now|‘Alīābād-e Dūtū,29.5108,51.6949,Iran,IR,IRN,Fārs,Fars,IR-07,province,,57.9,,,4,Asia/Tehran,FALSE,1364156757
Jīān,Jian,Jeyḩūm,29.6338,53.1366,Iran,IR,IRN,Fārs,Fars,IR-07,province,,49.8,,,4,Asia/Tehran,FALSE,1364062538
Ḩāvī,Havi,,32.1328,48.0750,Iran,IR,IRN,Khūzestān,Khuzestan,IR-06,province,,61.4,,,4,Asia/Tehran,FALSE,1364264642
Tūlān,Tulan,,39.1803,47.5134,Iran,IR,IRN,Āz̄arbāyjān-e Sharqī,Azarbayjan-e Sharqi,IR-03,province,,13.8,,,4,Asia/Tehran,FALSE,1364423745
Esţalkh Zīr,Estalkh Zir,,37.4693,49.0991,Iran,IR,IRN,Gīlān,Gilan,IR-01,province,,139.2,,,4,Asia/Tehran,FALSE,1364643451
Serejī Kolā,Sereji Kola,,36.2176,52.6430,Iran,IR,IRN,Māzandarān,Mazandaran,IR-02,province,,364.4,,,3,Asia/Tehran,FALSE,1364496799
Berm Sīāh,Berm Siah,Gadak,31.1845,50.0417,Iran,IR,IRN,Kohgīlūyeh va Bowyer Aḩmad,Kohgiluyeh va Bowyer Ahmad,IR-17,province,,29.3,,,4,Asia/Tehran,FALSE,1364630999
Ḩamzeh Qāsem,Hamzeh Qasem,,36.5376,46.7678,Iran,IR,IRN,Āz̄arbāyjān-e Gharbī,Azarbayjan-e Gharbi,IR-04,province,,40.9,,,4,Asia/Tehran,FALSE,1364753510
Ḩowẕ Gel,Howz Gel,,31.5794,50.3017,Iran,IR,IRN,Khūzestān,Khuzestan,IR-06,province,,58.1,,,4,Asia/Tehran,FALSE,1364929756
Kechī Qeshlāqī,Kechi Qeshlaqi,Gechī Qeshlāqī,39.3126,47.4601,Iran,IR,IRN,Āz̄arbāyjān-e Sharqī,Azarbayjan-e Sharqi,IR-03,province,,24.0,,,4,Asia/Tehran,FALSE,1364433265
Khersānak,Khersanak,Khersānak Mūgū’ī|Khowsh Bahār,32.8808,49.9673,Iran,IR,IRN,Eşfahān,Esfahan,IR-10,province,,16.8,,,4,Asia/Tehran,FALSE,1364821464
‘Alī ‘Avaẕ,`Ali `Avaz,Kalāteh-ye ‘Alī Avaẕ|Kalāteh ‘Alī Avaz|‘Ali Āwaz|‘Alī ‘Avaz|Kalāt-e ‘Alī ‘Avaẕ|Kalāteh-ye ‘Alī ‘Avaẕ,32.2083,59.6774,Iran,IR,IRN,Khorāsān-e Jonūbī,Khorasan-e Jonubi,IR-29,province,,2.1,,,4,Asia/Tehran,FALSE,1364186995
Qarah Khān-e ‘Olyā,Qarah Khan-e `Olya,Qareh Khān-e ‘Olyā|Qareh Khān,30.7692,48.8397,Iran,IR,IRN,Khūzestān,Khuzestan,IR-06,province,,51.9,,,4,Asia/Tehran,FALSE,1364454404
Ḩūmreh,Humreh,,36.0766,45.4978,Iran,IR,IRN,Āz̄arbāyjān-e Gharbī,Azarbayjan-e Gharbi,IR-04,province,,92.4,,,4,Asia/Tehran,FALSE,1364615887
Ḩabībehī,Habibehi,’alīben|’abībeh’ī,26.5475,61.6927,Iran,IR,IRN,Sīstān va Balūchestān,Sistan va Baluchestan,IR-11,province,,13.4,,,4,Asia/Tehran,FALSE,1364456063
Jownīk,Jownik,Jebīnak|Jevīnak,36.5203,50.3202,Iran,IR,IRN,Qazvīn,Qazvin,IR-26,province,,113.7,,,4,Asia/Tehran,FALSE,1364587854
Angūleh Lavār,Anguleh Lavar,,37.8492,48.7951,Iran,IR,IRN,Gīlān,Gilan,IR-01,province,,98.4,,,4,Asia/Tehran,FALSE,1364250198
Ahvān,Ahvan,Āhovān,36.0903,58.9724,Iran,IR,IRN,Khorāsān-e Raẕavī,Khorasan-e Razavi,IR-09,,,56.4,,,4,Asia/Tehran,FALSE,1364618323
Band-e Sīāh Ţāq,Band-e Siah Taq,,34.0667,54.8500,Iran,IR,IRN,Eşfahān,Esfahan,IR-10,province,,1.8,,,5,Asia/Tehran,FALSE,1364334757
Gīrgān,Girgan,,27.6856,57.4301,Iran,IR,IRN,Kermān,Kerman,IR-08,province,,14.7,,,4,Asia/Tehran,FALSE,1364001480
Chāh Shīrīn,Chah Shirin,,35.6614,57.8714,Iran,IR,IRN,Khorāsān-e Raẕavī,Khorasan-e Razavi,IR-09,,,13.2,,,4,Asia/Tehran,FALSE,1364746386
Neyaq,Neyaq,Nīq|Nīāk,38.8175,47.3120,Iran,IR,IRN,Āz̄arbāyjān-e Sharqī,Azarbayjan-e Sharqi,IR-03,province,,49.0,,,4,Asia/Tehran,FALSE,1364120386
Maḩalleh-ye Lārūsar,Mahalleh-ye Larusar,,36.6809,51.2577,Iran,IR,IRN,Māzandarān,Mazandaran,IR-02,province,,127.9,,,4,Asia/Tehran,FALSE,1364002678
Kangarlū,Kangarlu,,37.8281,46.9386,Iran,IR,IRN,Āz̄arbāyjān-e Sharqī,Azarbayjan-e Sharqi,IR-03,province,,33.3,,,4,Asia/Tehran,FALSE,1364487505
Boyūk Qīyeh,Boyuk Qiyeh,,36.3167,48.3167,Iran,IR,IRN,Zanjān,Zanjan,IR-19,province,,22.1,,,4,Asia/Tehran,FALSE,1364072994
Mūchān,Muchan,,32.2868,49.9890,Iran,IR,IRN,Chahār Maḩāl va Bakhtīārī,Chahar Mahal va Bakhtiari,IR-14,province,,9.8,,,5,Asia/Tehran,FALSE,1364003469
Pīchīdeh,Pichideh,Pīchdeh|Pījīdeh,36.6710,51.3711,Iran,IR,IRN,Māzandarān,Mazandaran,IR-02,province,,76.6,,,4,Asia/Tehran,FALSE,1364926827
Ārnāveh,Arnaveh,Aznāveh|Arnāveh,37.7833,57.2000,Iran,IR,IRN,Khorāsān-e Shomālī,Khorasan-e Shomali,IR-28,province,,20.1,,,4,Asia/Tehran,FALSE,1364469402
Qālī Bāf,Qali Baf,Qālībāf,35.3960,52.7315,Iran,IR,IRN,Semnān,Semnan,IR-20,province,,9.0,,,5,Asia/Tehran,FALSE,1364421711
Zīāratgāh,Ziaratgah,Ziyāratgāh,32.3500,57.5500,Iran,IR,IRN,Khorāsān-e Jonūbī,Khorasan-e Jonubi,IR-29,province,,1.4,,,5,Asia/Tehran,FALSE,1364910100
Sartol,Sartol,,28.8907,50.8454,Iran,IR,IRN,Būshehr,Bushehr,IR-18,province,,244.2,,,3,Asia/Tehran,FALSE,1364854160
Sartol,Sartol,Aḩshām-e Sartol,28.9145,51.0348,Iran,IR,IRN,Būshehr,Bushehr,IR-18,province,,43.1,,,4,Asia/Tehran,TRUE,1364373592
Ābkhīzeh,Abkhizeh,,35.0563,60.1926,Iran,IR,IRN,Khorāsān-e Raẕavī,Khorasan-e Razavi,IR-09,,,53.7,,,4,Asia/Tehran,FALSE,1364128731
Dashtak-e Bālā,Dashtak-e Bala,Dashtak-e ‘Olyā,31.1596,51.2702,Iran,IR,IRN,Kohgīlūyeh va Bowyer Aḩmad,Kohgiluyeh va Bowyer Ahmad,IR-17,province,,31.5,,,4,Asia/Tehran,FALSE,1364861418
Gīshān,Gishan,,27.4986,57.2267,Iran,IR,IRN,Hormozgān,Hormozgan,IR-22,province,,45.9,,,4,Asia/Tehran,FALSE,1364721514
Fatḩ ol Mobīn,Fath ol Mobin,,30.3825,57.7494,Iran,IR,IRN,Kermān,Kerman,IR-08,province,,18.0,,,4,Asia/Tehran,FALSE,1364481018
Aḩmad Maḩmūdī,Ahmad Mahmudi,,28.2500,53.6118,Iran,IR,IRN,Fārs,Fars,IR-07,province,,15.5,,,4,Asia/Tehran,FALSE,1364000092
Kalāteh-ye Mollā Moḩammad,Kalateh-ye Molla Mohammad,Kalāteh-ye Ḩājjī Rostamī,37.5456,57.3197,Iran,IR,IRN,Khorāsān-e Shomālī,Khorasan-e Shomali,IR-28,province,,75.6,,,4,Asia/Tehran,FALSE,1364231962
Bīd Lang,Bid Lang,Bīd Lang-e Bālā,28.8560,60.8240,Iran,IR,IRN,Sīstān va Balūchestān,Sistan va Baluchestan,IR-11,province,,16.8,,,4,Asia/Tehran,FALSE,1364545801
Shendak-e Sharīfābād,Shendak-e Sharifabad,,31.2280,61.5375,Iran,IR,IRN,Sīstān va Balūchestān,Sistan va Baluchestan,IR-11,province,,72.0,,,4,Asia/Tehran,FALSE,1364810629
Kālān,Kalan,,30.6706,50.2039,Iran,IR,IRN,Eşfahān,Esfahan,IR-10,province,,63.7,,,4,Asia/Tehran,FALSE,1364692897
Kālān,Kalan,,26.1591,60.7328,Iran,IR,IRN,Sīstān va Balūchestān,Sistan va Baluchestan,IR-11,province,,13.2,,,4,Asia/Tehran,FALSE,1364577641
Kālān,Kalan,Kalagī,27.3502,61.6523,Iran,IR,IRN,Sīstān va Balūchestān,Sistan va Baluchestan,IR-11,province,,11.2,,,4,Asia/Tehran,TRUE,1364977260
Kalān,Kalan,Emūv,33.8887,46.2069,Iran,IR,IRN,Īlām,Ilam,IR-16,province,,55.9,,,4,Asia/Tehran,FALSE,1364976509
Kalān,Kalan,,33.4000,46.2833,Iran,IR,IRN,Īlām,Ilam,IR-16,province,,3.0,,,5,Asia/Tehran,TRUE,1364149823
Mey Kolā,Mey Kola,,36.4167,52.6000,Iran,IR,IRN,Māzandarān,Mazandaran,IR-02,province,,364.4,,,3,Asia/Tehran,FALSE,1364279454
Gūkān,Gukan,Gorkān|Gowkān|Golūgāh|Galkan|Gūkan|Gūkūn,29.8508,57.7491,Iran,IR,IRN,Kermān,Kerman,IR-08,province,,18.0,,,4,Asia/Tehran,FALSE,1364259609
Chāh-e Ḩājj ‘Abbās-e Qaşşāb,Chah-e Hajj `Abbas-e Qassab,,35.3626,60.5982,Iran,IR,IRN,Khorāsān-e Raẕavī,Khorasan-e Razavi,IR-09,,,36.7,,,4,Asia/Tehran,FALSE,1364827215
Shahīd Serāj od Dīn,Shahid Seraj od Din,Gorgakī|Bard Neshāndeh|Bardneshāndeh|Barneshāndeh,32.2394,49.0376,Iran,IR,IRN,Khūzestān,Khuzestan,IR-06,province,,24.4,,,4,Asia/Tehran,FALSE,1364915389
Āstānajīn,Astanajin,Astānjīn|Asnānjīn|Astaniya|Āstatjīn|Āstanjīn,37.2516,48.2431,Iran,IR,IRN,Āz̄arbāyjān-e Sharqī,Azarbayjan-e Sharqi,IR-03,province,,31.5,,,4,Asia/Tehran,FALSE,1364002500
Bam Bīr,Bam Bir,Bon Bīr|Bon Pīr,26.9307,58.0948,Iran,IR,IRN,Kermān,Kerman,IR-08,province,,8.8,,,5,Asia/Tehran,FALSE,1364184143
Sakūkolaseh,Sakukolaseh,Kūlasah-ye Soflá|Kūleh Seh|Kūlasah-ye ‘Olyā,33.8989,46.6507,Iran,IR,IRN,Kermānshāh,Kermanshah,IR-05,province,,72.4,,,4,Asia/Tehran,FALSE,1364789436
Tajrīsh,Tajrish,,35.8044,51.4256,Iran,IR,IRN,Tehrān,Tehran,IR-23,province,minor,46.5,,,3,Asia/Tehran,FALSE,1364307632
Ḩojjatābād-e Robāţ,Hojjatabad-e Robat,,30.2692,56.5211,Iran,IR,IRN,Kermān,Kerman,IR-08,province,,18.0,,,4,Asia/Tehran,FALSE,1364289741
Afẕalābād,Afzalabad,,33.1335,59.1736,Iran,IR,IRN,Khorāsān-e Jonūbī,Khorasan-e Jonubi,IR-29,province,,15.1,,,4,Asia/Tehran,FALSE,1364410274
Afzalābād,Afzalabad,,32.2500,59.4833,Iran,IR,IRN,Khorāsān-e Jonūbī,Khorasan-e Jonubi,IR-29,province,,2.1,,,5,Asia/Tehran,TRUE,1364752503
Gāv Kan,Gav Kan,,32.1651,49.8456,Iran,IR,IRN,Khūzestān,Khuzestan,IR-06,province,,58.1,,,4,Asia/Tehran,FALSE,1364416576
Sākhtemān-e Jamāl Ḩeydarlū,Sakhteman-e Jamal Heydarlu,,28.6997,54.4047,Iran,IR,IRN,Fārs,Fars,IR-07,province,,32.1,,,4,Asia/Tehran,FALSE,1364876346
Āvardgān,Avardgan,Āverd Kān|Organ|Auragūn|Owregān|Āvargān,31.9090,50.9563,Iran,IR,IRN,Chahār Maḩāl va Bakhtīārī,Chahar Mahal va Bakhtiari,IR-14,province,,49.4,,,4,Asia/Tehran,FALSE,1364882878
Meḩrāblī,Mehrabli,Qeshlāq-e Mehrāblū,34.8646,50.4459,Iran,IR,IRN,Markazī,Markazi,IR-00,,,65.3,,,4,Asia/Tehran,FALSE,1364444377
Bajgān,Bajgan,Gach Gū|Bachgān,27.5645,57.2100,Iran,IR,IRN,Hormozgān,Hormozgan,IR-22,province,,45.9,,,4,Asia/Tehran,FALSE,1364525633
Posht Khīābān-e Rakāvand,Posht Khiaban-e Rakavand,,36.7066,53.6367,Iran,IR,IRN,Māzandarān,Mazandaran,IR-02,province,,112.7,,,4,Asia/Tehran,FALSE,1364587465
Āhūān-e Pā’īn,Ahuan-e Pa'in,,27.6836,57.9304,Iran,IR,IRN,Kermān,Kerman,IR-08,province,,8.8,,,5,Asia/Tehran,FALSE,1364949748
Aḩmadābād Bāghak,Ahmadabad Baghak,Aḩmadābād|Aḩmadābād-e Bālā,28.9482,51.1402,Iran,IR,IRN,Būshehr,Bushehr,IR-18,province,,43.1,,,4,Asia/Tehran,FALSE,1364001239
Poshteh Mo‘ezzābād,Poshteh Mo`ezzabad,Moez Ābād|Poshtch Mo’ezābād|Mazābād|Mo‘ezzābād,27.4501,57.1830,Iran,IR,IRN,Hormozgān,Hormozgan,IR-22,province,,45.9,,,4,Asia/Tehran,FALSE,1364784371
Bardehzī,Bardehzi,Bardazī|Bardīzī,37.7834,44.6073,Iran,IR,IRN,Āz̄arbāyjān-e Gharbī,Azarbayjan-e Gharbi,IR-04,province,,226.0,,,3,Asia/Tehran,FALSE,1364499256
Sūj-e Soflá,Suj-e Sofla,Sūch-e Pā’īn|Sūj-e Pā’īn|Sūch|Sūj|Sūch-e Soflá,29.3123,56.2537,Iran,IR,IRN,Kermān,Kerman,IR-08,province,,24.6,,,4,Asia/Tehran,FALSE,1364337142
Aljān,Aljan,Alchān|Algon|Algān,34.1107,50.3447,Iran,IR,IRN,Markazī,Markazi,IR-00,,,31.1,,,4,Asia/Tehran,FALSE,1364553904
Jūr Sar-e Bālān,Jur Sar-e Balan,Pā’īn Bālān|Jūr Bālān,36.5021,50.8478,Iran,IR,IRN,Māzandarān,Mazandaran,IR-02,province,,59.2,,,4,Asia/Tehran,FALSE,1364400967
Ḩasanābād-e Tarmān,Hasanabad-e Tarman,,27.3678,53.0871,Iran,IR,IRN,Fārs,Fars,IR-07,province,,24.0,,,4,Asia/Tehran,FALSE,1364849658
Bīsh Āghāj,Bish Aghaj,Besh Āghāch|Bīsheh Āghāj,34.4611,48.7861,Iran,IR,IRN,Hamadān,Hamadan,IR-13,province,,85.5,,,4,Asia/Tehran,FALSE,1364651451
Jīq Jīq,Jiq Jiq,Qeshlāq-e Jīgh Jīgh,39.1647,47.2924,Iran,IR,IRN,Āz̄arbāyjān-e Sharqī,Azarbayjan-e Sharqi,IR-03,province,,7.7,,,5,Asia/Tehran,FALSE,1364328766
Maḩalleh-ye Dastgāh,Mahalleh-ye Dastgah,,35.9067,51.5091,Iran,IR,IRN,Tehrān,Tehran,IR-23,province,,46.5,,,4,Asia/Tehran,FALSE,1364600470
Ābshīneh,Abshineh,,34.7802,48.6132,Iran,IR,IRN,Hamadān,Hamadan,IR-13,province,,266.3,,,3,Asia/Tehran,FALSE,1364376202
Qūyūjūn Qeshlāqī,Quyujun Qeshlaqi,,38.7241,47.8677,Iran,IR,IRN,Ardabīl,Ardabil,IR-24,province,,36.0,,,4,Asia/Tehran,FALSE,1364501348
Sarī Gūalm,Sari Gualm,,26.4672,61.1381,Iran,IR,IRN,Sīstān va Balūchestān,Sistan va Baluchestan,IR-11,province,,15.5,,,4,Asia/Tehran,FALSE,1364573683
Qūzhdābād,Quzhdabad,,35.1408,58.0351,Iran,IR,IRN,Khorāsān-e Raẕavī,Khorasan-e Razavi,IR-09,,,10.3,,,4,Asia/Tehran,FALSE,1364617997
Tarkaleh,Tarkaleh,Dīv Saffān-e ‘Olyā|Deh Yūsefān-e Bālā,33.8631,47.9650,Iran,IR,IRN,Lorestān,Lorestan,IR-15,province,,57.0,,,4,Asia/Tehran,FALSE,1364672151
Seyyed,Seyyed,Sarankūh|Sarānkū|Mehr-e Seyyed|Seyyed Dāmaneh,28.8513,58.2069,Iran,IR,IRN,Kermān,Kerman,IR-08,province,,12.9,,,4,Asia/Tehran,FALSE,1364037082
Nūrābād-e Dūderā’,Nurabad-e Dudera',,31.3611,50.7753,Iran,IR,IRN,Chahār Maḩāl va Bakhtīārī,Chahar Mahal va Bakhtiari,IR-14,province,,70.5,,,4,Asia/Tehran,FALSE,1364721748
Sīrūn,Sirun,,31.1183,51.0107,Iran,IR,IRN,Kohgīlūyeh va Bowyer Aḩmad,Kohgiluyeh va Bowyer Ahmad,IR-17,province,,31.5,,,4,Asia/Tehran,FALSE,1364873425
Sīrūn,Sirun,,32.5569,49.6697,Iran,IR,IRN,Chahār Maḩāl va Bakhtīārī,Chahar Mahal va Bakhtiari,IR-14,province,,9.8,,,5,Asia/Tehran,FALSE,1364616733
Gazchār,Gazchar,,26.9126,62.1771,Iran,IR,IRN,Sīstān va Balūchestān,Sistan va Baluchestan,IR-11,province,,11.1,,,4,Asia/Tehran,FALSE,1364813877
Mazra‘eh-ye Nahīz,Mazra`eh-ye Nahiz,,26.9190,54.9477,Iran,IR,IRN,Hormozgān,Hormozgan,IR-22,province,,22.8,,,4,Asia/Tehran,FALSE,1364038032
Būrashk,Burashk,,26.6532,59.5527,Iran,IR,IRN,Sīstān va Balūchestān,Sistan va Baluchestan,IR-11,province,,13.2,,,4,Asia/Tehran,FALSE,1364419596
Sangān-e Bālā,Sangan-e Bala,,35.8733,51.2358,Iran,IR,IRN,Tehrān,Tehran,IR-23,province,,5396.5,,,2,Asia/Tehran,FALSE,1364338538
Shahrak-e ‘Arab,Shahrak-e `Arab,,37.5127,57.1079,Iran,IR,IRN,Khorāsān-e Shomālī,Khorasan-e Shomali,IR-28,province,,75.6,,,4,Asia/Tehran,FALSE,1364884506
Kallūk,Kalluk,Kallag,27.2227,61.5658,Iran,IR,IRN,Sīstān va Balūchestān,Sistan va Baluchestan,IR-11,province,,11.2,,,4,Asia/Tehran,FALSE,1364192035
Vazeh Zardī,Vazeh Zardi,Shahīd Qoddūsī|Vareh Zardī,33.2319,48.0280,Iran,IR,IRN,Lorestān,Lorestan,IR-15,province,,18.9,,,4,Asia/Tehran,FALSE,1364336598
Shīrābād,Shirabad,Shīrābād-e Baţī,34.0375,46.1340,Iran,IR,IRN,Kermānshāh,Kermanshah,IR-05,province,,28.1,,,4,Asia/Tehran,FALSE,1364331318
Shīrābād,Shirabad,,37.7525,45.1501,Iran,IR,IRN,Āz̄arbāyjān-e Gharbī,Azarbayjan-e Gharbi,IR-04,province,,226.0,,,3,Asia/Tehran,FALSE,1364062600
Shūrūyeh,Shuruyeh,Shūrūyeh-ye Ḩoseynīyeh,28.9514,54.9180,Iran,IR,IRN,Fārs,Fars,IR-07,province,,12.4,,,4,Asia/Tehran,FALSE,1364092145
Shūrūyeh,Shuruyeh,Shūrū,29.0798,54.6070,Iran,IR,IRN,Fārs,Fars,IR-07,province,,12.4,,,4,Asia/Tehran,TRUE,1364591126
Shīrābād,Shirabad,,38.1013,48.9053,Iran,IR,IRN,Gīlān,Gilan,IR-01,province,,98.4,,,4,Asia/Tehran,FALSE,1364784570
Sar-e Dīdār,Sar-e Didar,Sar-i-Dīdār,31.6833,54.1833,Iran,IR,IRN,Yazd,Yazd,IR-21,province,,7.1,,,5,Asia/Tehran,FALSE,1364531170
Shīrābād,Shirabad,,35.6179,59.1946,Iran,IR,IRN,Khorāsān-e Raẕavī,Khorasan-e Razavi,IR-09,,,42.4,,,4,Asia/Tehran,FALSE,1364971096
Shīrābād,Shirabad,,28.7265,59.1684,Iran,IR,IRN,Kermān,Kerman,IR-08,province,,11.2,,,4,Asia/Tehran,FALSE,1364937473
Bar Āftāb,Bar Aftab,,32.3499,49.8484,Iran,IR,IRN,Chahār Maḩāl va Bakhtīārī,Chahar Mahal va Bakhtiari,IR-14,province,,24.2,,,4,Asia/Tehran,FALSE,1364003462
Bar Āftāb,Bar Aftab,Bar Āftāb-e ‘Olyā|Bar Āftāb-e Bālā,30.9835,50.5991,Iran,IR,IRN,Kohgīlūyeh va Bowyer Aḩmad,Kohgiluyeh va Bowyer Ahmad,IR-17,province,,30.8,,,4,Asia/Tehran,TRUE,1364200589
Bar Āftāb,Bar Aftab,Nargargī|Lī Lūn,31.2171,50.4049,Iran,IR,IRN,Kohgīlūyeh va Bowyer Aḩmad,Kohgiluyeh va Bowyer Ahmad,IR-17,province,,30.8,,,4,Asia/Tehran,TRUE,1364805171
Bar Āftāb,Bar Aftab,,30.8270,50.7722,Iran,IR,IRN,Kohgīlūyeh va Bowyer Aḩmad,Kohgiluyeh va Bowyer Ahmad,IR-17,province,,26.4,,,4,Asia/Tehran,TRUE,1364724916
Rūstā-ye Qal‘eh Fūlādī,Rusta-ye Qal`eh Fuladi,Qal‘eh Pūlādī,30.6611,50.1992,Iran,IR,IRN,Khūzestān,Khuzestan,IR-06,province,,63.7,,,4,Asia/Tehran,FALSE,1364004040
Kamūkī,Kamuki,,27.3928,57.5034,Iran,IR,IRN,Lorestān,Lorestan,IR-15,province,,14.7,,,4,Asia/Tehran,FALSE,1364947187
Ḩeşār-e Qāpūchī,Hesar-e Qapuchi,,37.4958,45.2037,Iran,IR,IRN,Āz̄arbāyjān-e Gharbī,Azarbayjan-e Gharbi,IR-04,province,,226.0,,,3,Asia/Tehran,FALSE,1364120320
Tallhā-ye Koshtārgāh,Tallha-ye Koshtargah,,30.9128,54.1450,Iran,IR,IRN,Yazd,Yazd,IR-21,province,,5.0,,,5,Asia/Tehran,FALSE,1364246439
Amīrī,Amiri,,36.9933,50.5328,Iran,IR,IRN,Gīlān,Gilan,IR-01,province,,104.4,,,4,Asia/Tehran,FALSE,1364266155
Shāpūrī,Shapuri,,31.5833,50.2972,Iran,IR,IRN,Khūzestān,Khuzestan,IR-06,province,,58.1,,,4,Asia/Tehran,FALSE,1364273984
Shāpūrī,Shapuri,,32.0306,49.8616,Iran,IR,IRN,Khūzestān,Khuzestan,IR-06,province,,58.1,,,4,Asia/Tehran,TRUE,1364003452
Tak Qū’ī Qeshlāqī,Tak Qu'i Qeshlaqi,,39.2833,47.6500,Iran,IR,IRN,Ardabīl,Ardabil,IR-24,province,,143.3,,,4,Asia/Tehran,FALSE,1364324353
Qeshlāq-e Khowdūnūn,Qeshlaq-e Khowdunun,,39.5036,47.8968,Iran,IR,IRN,Ardabīl,Ardabil,IR-24,province,,29.6,,,4,Asia/Tehran,FALSE,1364366823
Maqāţe‘,Maqate`,Maqāţī‘,30.3515,48.2080,Iran,IR,IRN,Khūzestān,Khuzestan,IR-06,province,,93.4,,,4,Asia/Tehran,FALSE,1364646852
Chāl Khvājeh,Chal Khvajeh,,31.5978,51.7284,Iran,IR,IRN,Eşfahān,Esfahan,IR-10,province,,10.0,,,5,Asia/Tehran,FALSE,1364849986
Shah Darānī,Shah Darani,Shāhderānī|Shahdorānī|Shāh Darānī|Chāh Devānī|Eslāmābād,32.2053,59.4161,Iran,IR,IRN,Khorāsān-e Jonūbī,Khorasan-e Jonubi,IR-29,province,,2.1,,,4,Asia/Tehran,FALSE,1364439059
Akhījān,Akhijan,Ākhī Jān,36.7961,46.5823,Iran,IR,IRN,Āz̄arbāyjān-e Gharbī,Azarbayjan-e Gharbi,IR-04,province,,40.9,,,4,Asia/Tehran,FALSE,1364959471
Panj Sotūn,Panj Sotun,Dārvand,34.4529,45.9378,Iran,IR,IRN,Kermānshāh,Kermanshah,IR-05,province,,97.5,,,4,Asia/Tehran,FALSE,1364410920
Malakī,Malaki,Malekī,26.7593,55.6928,Iran,IR,IRN,Hormozgān,Hormozgan,IR-22,province,,83.3,,,4,Asia/Tehran,FALSE,1364571534
Shahr-e Rūkh,Shahr-e Rukh,Shahverūkh,26.6901,57.7902,Iran,IR,IRN,Hormozgān,Hormozgan,IR-22,province,,5.6,,,5,Asia/Tehran,FALSE,1364183485
Bāyevand,Bayevand,Barā Belūjestān,33.8637,47.1693,Iran,IR,IRN,Kermānshāh,Kermanshah,IR-05,province,,201.1,,,3,Asia/Tehran,FALSE,1364633022
Chamārmān,Chamarman,Chārmān|Chahārmān,36.9807,49.5481,Iran,IR,IRN,Gīlān,Gilan,IR-01,province,,37.3,,,4,Asia/Tehran,FALSE,1364534795
Sar Rā’s,Sar Ra's,Sārās,27.4877,57.5377,Iran,IR,IRN,Kermān,Kerman,IR-08,province,,14.7,,,4,Asia/Tehran,FALSE,1364927520
Alvakhneh Zhīyeh,Alvakhneh Zhiyeh,,37.7160,48.7279,Iran,IR,IRN,Gīlān,Gilan,IR-01,province,,98.4,,,4,Asia/Tehran,FALSE,1364003004
Kūrt Kandī,Kurt Kandi,,39.2777,44.9291,Iran,IR,IRN,Āz̄arbāyjān-e Gharbī,Azarbayjan-e Gharbi,IR-04,province,,31.7,,,4,Asia/Tehran,FALSE,1364663607
Cham-e Veysīān,Cham-e Veysian,,33.4833,48.0500,Iran,IR,IRN,Lorestān,Lorestan,IR-15,province,,31.5,,,4,Asia/Tehran,FALSE,1364374786
Kalāt-e Masjed,Kalat-e Masjed,Kalāt Masjed,28.2120,62.5930,Iran,IR,IRN,Sīstān va Balūchestān,Sistan va Baluchestan,IR-11,province,,6.9,,,5,Asia/Tehran,FALSE,1364343590
Chenār,Chenar,Chenār Aghājī,38.7181,47.6594,Iran,IR,IRN,Ardabīl,Ardabil,IR-24,province,,36.0,,,4,Asia/Tehran,FALSE,1364371594
Chenār,Chenar,Chenār Soflá|Chenār-e Soflá|Chenār-e Pā’īn,35.6677,49.7350,Iran,IR,IRN,Qazvīn,Qazvin,IR-26,province,,31.9,,,4,Asia/Tehran,FALSE,1364673205
Dogān,Dogan,,28.9034,54.1331,Iran,IR,IRN,Fārs,Fars,IR-07,province,,52.8,,,4,Asia/Tehran,FALSE,1364383923
Aşgharābād,Asgharabad,,36.7059,51.2070,Iran,IR,IRN,Māzandarān,Mazandaran,IR-02,province,,127.9,,,4,Asia/Tehran,FALSE,1364593425
Aşgharābād,Asgharabad,,33.7833,49.4667,Iran,IR,IRN,Markazī,Markazi,IR-00,,,43.5,,,4,Asia/Tehran,FALSE,1364262125
Qeshlāq-e Ayāz-e Sarvī,Qeshlaq-e Ayaz-e Sarvi,,39.4333,47.6667,Iran,IR,IRN,Ardabīl,Ardabil,IR-24,province,,143.3,,,4,Asia/Tehran,FALSE,1364952896
Aşgharābād,Asgharabad,,36.9186,46.1367,Iran,IR,IRN,Āz̄arbāyjān-e Gharbī,Azarbayjan-e Gharbi,IR-04,province,,142.8,,,4,Asia/Tehran,FALSE,1364096200
Fīrūzābād,Firuzabad,,37.0820,45.9600,Iran,IR,IRN,Āz̄arbāyjān-e Gharbī,Azarbayjan-e Gharbi,IR-04,province,,142.8,,,4,Asia/Tehran,FALSE,1364821378
Dār-e Zanganeh,Dar-e Zanganeh,,34.7107,46.0087,Iran,IR,IRN,Kermānshāh,Kermanshah,IR-05,province,,23.6,,,4,Asia/Tehran,FALSE,1364243823
Pākūh,Pakuh,Pātkun|Pātgūn,26.6480,60.1287,Iran,IR,IRN,Sīstān va Balūchestān,Sistan va Baluchestan,IR-11,province,,13.2,,,4,Asia/Tehran,FALSE,1364779688
Tīkū,Tiku,,31.0167,56.3000,Iran,IR,IRN,Kermān,Kerman,IR-08,province,,4.7,,,5,Asia/Tehran,FALSE,1364195010
Darīlī Yūrdī,Darili Yurdi,,38.2905,48.8049,Iran,IR,IRN,Gīlān,Gilan,IR-01,province,,243.1,,,3,Asia/Tehran,FALSE,1364944683
Dīljeh Kan,Diljeh Kan,,38.0397,48.8768,Iran,IR,IRN,Gīlān,Gilan,IR-01,province,,98.4,,,4,Asia/Tehran,FALSE,1364744642
Nūq,Nuq,Nūk|Nūgh,35.0828,59.6012,Iran,IR,IRN,Khorāsān-e Raẕavī,Khorasan-e Razavi,IR-09,,,15.4,,,4,Asia/Tehran,FALSE,1364130578
Nūq,Nuq,Nūk|Nūgh|Deh-e Nūq,34.2933,58.1592,Iran,IR,IRN,Khorāsān-e Raẕavī,Khorasan-e Razavi,IR-09,,,7.2,,,4,Asia/Tehran,TRUE,1364469348
Chāh Doktor,Chah Doktor,,28.8037,55.0491,Iran,IR,IRN,Fārs,Fars,IR-07,province,,12.4,,,4,Asia/Tehran,FALSE,1364001752
Fīrūzābād,Firuzabad,Firooz Abad|Boneh-ye Gholāmreẕa,32.2839,48.6025,Iran,IR,IRN,Khūzestān,Khuzestan,IR-06,province,,100.4,,,4,Asia/Tehran,FALSE,1364778910
Fīrūzābād,Firuzabad,Pīrūzābād,30.7720,49.3366,Iran,IR,IRN,Khūzestān,Khuzestan,IR-06,province,,28.4,,,4,Asia/Tehran,TRUE,1364274512
Fīrūzābād,Firuzabad,,30.4382,49.6843,Iran,IR,IRN,Khūzestān,Khuzestan,IR-06,province,,9.6,,,5,Asia/Tehran,TRUE,1364645737
Mobārakeh,Mobarakeh,Mobarakeh Pishkooh,31.8418,52.5134,Iran,IR,IRN,Eşfahān,Esfahan,IR-10,province,,162.4,,,4,Asia/Tehran,TRUE,1364001807
Mobārakeh,Mobarakeh,Mobārak|Mubārak,32.8226,50.9785,Iran,IR,IRN,Eşfahān,Esfahan,IR-10,province,,46.0,,,4,Asia/Tehran,TRUE,1364828530
Mobārakeh,Mobarakeh,Mobārekeh,33.0522,52.4169,Iran,IR,IRN,Eşfahān,Esfahan,IR-10,province,,2.9,,,5,Asia/Tehran,TRUE,1364181560
Mobārakeh,Mobarakeh,,33.0960,53.0385,Iran,IR,IRN,Eşfahān,Esfahan,IR-10,province,,0.9,,,5,Asia/Tehran,TRUE,1364371544
Pol Yāvar,Pol Yavar,,33.3073,47.8898,Iran,IR,IRN,Lorestān,Lorestan,IR-15,province,,18.9,,,4,Asia/Tehran,FALSE,1364028214
Senjed Khoshk,Senjed Khoshk,Sheshtā Khoshk,29.0747,57.8846,Iran,IR,IRN,Kermān,Kerman,IR-08,province,,12.9,,,4,Asia/Tehran,FALSE,1364002044
Kowtīābād,Kowtiabad,Al Sharīf|Mazra‘eh-ye Tang-e Barzgoleh|Kotīābād|Kalīābād,32.6452,51.0804,Iran,IR,IRN,Eşfahān,Esfahan,IR-10,province,,46.0,,,4,Asia/Tehran,FALSE,1364140261
Kalgā Darreh,Kalga Darreh,,34.4000,47.8167,Iran,IR,IRN,Kermānshāh,Kermanshah,IR-05,province,,92.4,,,4,Asia/Tehran,FALSE,1364139108
Māzhīn-e ‘Olyā,Mazhin-e `Olya,Māzhīn|Mājin|Māzhīn-e Soflá,33.8150,46.2637,Iran,IR,IRN,Īlām,Ilam,IR-16,province,,55.9,,,4,Asia/Tehran,FALSE,1364288915
Ūshan,Ushan,,32.6142,52.9308,Iran,IR,IRN,Eşfahān,Esfahan,IR-10,province,,0.9,,,5,Asia/Tehran,FALSE,1364041092
Bangowd-e Pā’īn,Bangowd-e Pa'in,Būngerd|Būngared,27.9569,56.6675,Iran,IR,IRN,Hormozgān,Hormozgan,IR-22,province,,7.1,,,5,Asia/Tehran,FALSE,1364797619
Dahaneh-ye Anjīrī,Dahaneh-ye Anjiri,Chāh-e Boz,31.5295,59.4690,Iran,IR,IRN,Khorāsān-e Jonūbī,Khorasan-e Jonubi,IR-29,province,,2.1,,,5,Asia/Tehran,FALSE,1364383933
Shahrak-e Qods,Shahrak-e Qods,,34.6019,50.8338,Iran,IR,IRN,Qom,Qom,IR-25,province,,121.5,,,4,Asia/Tehran,FALSE,1364564496
Kolūch,Koluch,Kalvīch|Kolūj,37.0783,48.6348,Iran,IR,IRN,Zanjān,Zanjan,IR-19,province,,24.4,,,4,Asia/Tehran,FALSE,1364145292
Dāsh Ārāy,Dash Aray,,38.9790,46.7816,Iran,IR,IRN,Āz̄arbāyjān-e Sharqī,Azarbayjan-e Sharqi,IR-03,province,,24.0,,,4,Asia/Tehran,FALSE,1364754853
Darreh Ney,Darreh Ney,,30.4336,50.5472,Iran,IR,IRN,Kohgīlūyeh va Bowyer Aḩmad,Kohgiluyeh va Bowyer Ahmad,IR-17,province,,30.1,,,4,Asia/Tehran,FALSE,1364042977
Pālcheqlī-ye Yomūd,Palcheqli-ye Yomud,Yomūt|Pālcheqlī-ye Yomūt,37.9284,56.1983,Iran,IR,IRN,Golestān,Golestan,IR-27,province,,21.8,,,4,Asia/Tehran,FALSE,1364777845
Pāshā Beyglū,Pasha Beyglu,Pāshālū|Esmā‘īlābād,38.3296,47.3720,Iran,IR,IRN,Ardabīl,Ardabil,IR-24,province,,36.0,,,4,Asia/Tehran,FALSE,1364960895
Vashnām-e Rameẕān,Vashnam-e Ramezan,Vashnām-e Ḩājjī Rameẕān|Vashnām,25.4277,60.8217,Iran,IR,IRN,Sīstān va Balūchestān,Sistan va Baluchestan,IR-11,province,,39.9,,,4,Asia/Tehran,FALSE,1364618151
Shahrak-e Sarţāf,Shahrak-e Sartaf,,33.5888,46.3791,Iran,IR,IRN,Īlām,Ilam,IR-16,province,,120.6,,,4,Asia/Tehran,FALSE,1364023555
Deh-e Seyyed Khān,Deh-e Seyyed Khan,,31.0299,61.7846,Iran,IR,IRN,Sīstān va Balūchestān,Sistan va Baluchestan,IR-11,province,,72.0,,,4,Asia/Tehran,FALSE,1364605169
Deh-e Seyyed Khān,Deh-e Seyyed Khan,Sa‘īdkhān,30.7643,61.3618,Iran,IR,IRN,Sīstān va Balūchestān,Sistan va Baluchestan,IR-11,province,,11.6,,,4,Asia/Tehran,TRUE,1364173185
Gonāgīn,Gonagin,Gevān Ākīn|Gavān Ākīn,26.9908,61.3575,Iran,IR,IRN,Sīstān va Balūchestān,Sistan va Baluchestan,IR-11,province,,11.2,,,4,Asia/Tehran,FALSE,1364160737
Tang-e Salmānī,Tang-e Salmani,,27.8602,52.2151,Iran,IR,IRN,Būshehr,Bushehr,IR-18,province,,63.2,,,4,Asia/Tehran,FALSE,1364988950
Shahrak-e Dūdemānī,Shahrak-e Dudemani,,28.3427,57.8896,Iran,IR,IRN,Kermān,Kerman,IR-08,province,,11.0,,,4,Asia/Tehran,FALSE,1364078644
Pol-e Zangīrī,Pol-e Zangiri,Pol Khodā|Pol-e Khodā,30.3000,50.7333,Iran,IR,IRN,Kohgīlūyeh va Bowyer Aḩmad,Kohgiluyeh va Bowyer Ahmad,IR-17,province,,30.1,,,4,Asia/Tehran,FALSE,1364221667
Gal-e Kūchak,Gal-e Kuchak,,27.4644,57.8863,Iran,IR,IRN,Kermān,Kerman,IR-08,province,,8.8,,,5,Asia/Tehran,FALSE,1364183359
Sīsangān,Sisangan,,37.1939,49.0419,Iran,IR,IRN,Gīlān,Gilan,IR-01,province,,86.3,,,4,Asia/Tehran,FALSE,1364860265
Āseyyed Moḩammad,Aseyyed Mohammad,Āsīd Moḩammad,37.3715,49.2602,Iran,IR,IRN,Gīlān,Gilan,IR-01,province,,215.9,,,3,Asia/Tehran,FALSE,1364277383
Khūr-e Dowraq,Khur-e Dowraq,Khowr-e Dūraq|Khūrdūraq,30.5614,48.7372,Iran,IR,IRN,Khūzestān,Khuzestan,IR-06,province,,51.9,,,4,Asia/Tehran,FALSE,1364716600
Ardeh Rūd Kenār,Ardeh Rud Kenar,Bāzār-e Ardehjān|Ardrud Kinār,37.5540,49.1291,Iran,IR,IRN,Gīlān,Gilan,IR-01,province,,94.3,,,4,Asia/Tehran,FALSE,1364930963
Dārān,Daran,Dārānā,38.8306,45.8220,Iran,IR,IRN,Āz̄arbāyjān-e Sharqī,Azarbayjan-e Sharqi,IR-03,province,,36.2,,,4,Asia/Tehran,FALSE,1364052264
Dūleh,Duleh,Dowleh,36.7047,59.4043,Iran,IR,IRN,Khorāsān-e Raẕavī,Khorasan-e Razavi,IR-09,,,372.5,,,3,Asia/Tehran,FALSE,1364405609
Dūleh,Duleh,,36.0091,45.4933,Iran,IR,IRN,Āz̄arbāyjān-e Gharbī,Azarbayjan-e Gharbi,IR-04,province,,92.4,,,4,Asia/Tehran,FALSE,1364989457
Shūrāmīneh,Shuramineh,Shūramīneh Shūrkhāneh,37.4519,48.2132,Iran,IR,IRN,Āz̄arbāyjān-e Sharqī,Azarbayjan-e Sharqi,IR-03,province,,31.2,,,4,Asia/Tehran,FALSE,1364001768
Sīzān,Sizan,Sīzār|Sabzān,33.4923,49.1514,Iran,IR,IRN,Lorestān,Lorestan,IR-15,province,,119.8,,,4,Asia/Tehran,FALSE,1364817445
‘Alamābād,`Alamabad,‘Ālamābād,32.2972,59.1583,Iran,IR,IRN,Khorāsān-e Jonūbī,Khorasan-e Jonubi,IR-29,province,,15.1,,,4,Asia/Tehran,FALSE,1364681631
Qal‘eh Band,Qal`eh Band,Rāfdūl,37.6175,48.7294,Iran,IR,IRN,Gīlān,Gilan,IR-01,province,,98.4,,,4,Asia/Tehran,FALSE,1364800704
Qarah Qeshlāqī,Qarah Qeshlaqi,Qayah Qeshlāqī,37.2624,47.1010,Iran,IR,IRN,Āz̄arbāyjān-e Sharqī,Azarbayjan-e Sharqi,IR-03,province,,10.0,,,5,Asia/Tehran,FALSE,1364120903
Salārjān Loţf ‘Alī Gavār,Salarjan Lotf `Ali Gavar,Loţf ‘Alī Gavār,37.0795,50.0147,Iran,IR,IRN,Gīlān,Gilan,IR-01,province,,311.0,,,3,Asia/Tehran,FALSE,1364482511
Qahhār Kandī,Qahhar Kandi,,36.9167,46.0667,Iran,IR,IRN,Āz̄arbāyjān-e Gharbī,Azarbayjan-e Gharbi,IR-04,province,,142.8,,,4,Asia/Tehran,FALSE,1364026118
Boneh-ye Āsīāb,Boneh-ye Asiab,Bon-e Āsīāb|Boneh Āsīāb|Boneh Āseyāb,31.5701,49.5216,Iran,IR,IRN,Khūzestān,Khuzestan,IR-06,province,,17.2,,,4,Asia/Tehran,FALSE,1364958972
Qal‘eh Sefīd,Qal`eh Sefid,Qal‘eh Safīd|Qal‘eh-ye Safīd,32.2295,51.4826,Iran,IR,IRN,Eşfahān,Esfahan,IR-10,province,,144.9,,,4,Asia/Tehran,FALSE,1364091766
Būr Şafā-ye ‘Olyā,Bur Safa-ye `Olya,,30.5499,51.5237,Iran,IR,IRN,Kohgīlūyeh va Bowyer Aḩmad,Kohgiluyeh va Bowyer Ahmad,IR-17,province,,79.1,,,4,Asia/Tehran,FALSE,1364480254
Ravārak Khān,Ravarak Khan,Rū Ark Khān,27.5142,57.3836,Iran,IR,IRN,Kermān,Kerman,IR-08,province,,14.7,,,4,Asia/Tehran,FALSE,1364244611
Qal’eh-ye Gūlīā Sefīd,Qal'eh-ye Gulia Sefid,,29.5514,52.7486,Iran,IR,IRN,Chahār Maḩāl va Bakhtīārī,Chahar Mahal va Bakhtiari,IR-14,province,,278.8,,,3,Asia/Tehran,FALSE,1364021152
Qanbarābād,Qanbarabad,,36.3568,49.9226,Iran,IR,IRN,Qazvīn,Qazvin,IR-26,province,,113.7,,,4,Asia/Tehran,FALSE,1364627202
Rūstā-ye Nakhjīr,Rusta-ye Nakhjir,,31.0537,50.9730,Iran,IR,IRN,Kohgīlūyeh va Bowyer Aḩmad,Kohgiluyeh va Bowyer Ahmad,IR-17,province,,79.1,,,4,Asia/Tehran,FALSE,1364881336
Bāmkotī,Bamkoti,,36.5167,52.3333,Iran,IR,IRN,Māzandarān,Mazandaran,IR-02,province,,130.3,,,4,Asia/Tehran,FALSE,1364054779
Şeghād,Seghad,,31.1877,52.4998,Iran,IR,IRN,Fārs,Fars,IR-07,province,,19.1,,,4,Asia/Tehran,FALSE,1364937369
Gavār-e Sefīd,Gavar-e Sefid,,26.7691,58.0889,Iran,IR,IRN,Hormozgān,Hormozgan,IR-22,province,,5.6,,,5,Asia/Tehran,FALSE,1364732316
Sīāh Band,Siah Band,Sīyāh Band|Seyāh Band,35.7147,51.8743,Iran,IR,IRN,Tehrān,Tehran,IR-23,province,,5396.5,,,2,Asia/Tehran,FALSE,1364747849
Deh-e Qobād,Deh-e Qobad,Talkhāb|Boneh-ye Qobād,31.9154,49.9695,Iran,IR,IRN,Khūzestān,Khuzestan,IR-06,province,,58.1,,,4,Asia/Tehran,FALSE,1364163855
Kalām Īrākī,Kalam Iraki,,36.7771,50.1344,Iran,IR,IRN,Gīlān,Gilan,IR-01,province,,104.4,,,4,Asia/Tehran,FALSE,1364387794
Ḩoseynābād-e Shahrdār,Hoseynabad-e Shahrdar,Tolombeh-ye Shahrdār,28.9438,56.5812,Iran,IR,IRN,Kermān,Kerman,IR-08,province,,2.9,,,5,Asia/Tehran,FALSE,1364817503
Mollā Gavār,Molla Gavar,Mollā Gavābar,37.1394,50.0028,Iran,IR,IRN,Gīlān,Gilan,IR-01,province,,447.7,,,3,Asia/Tehran,FALSE,1364003884
Ţarīzābād,Tarizabad,Ţīrazābād|Terīzābād|Tīrīzābād|Tirjābād,34.8746,49.7106,Iran,IR,IRN,Markazī,Markazi,IR-00,,,4.8,,,4,Asia/Tehran,FALSE,1364687338
Now Deh-e Ḩājjī Lor,Now Deh-e Hajji Lor,Now Deh Khān Dūz|Maḩalleh-ye Shahīd Jafā’ī,37.0753,55.2698,Iran,IR,IRN,Golestān,Golestan,IR-27,province,,112.0,,,4,Asia/Tehran,FALSE,1364581030
Dālūn,Dalun,Dālān,32.4619,60.5469,Iran,IR,IRN,Khorāsān-e Jonūbī,Khorasan-e Jonubi,IR-29,province,,4.8,,,5,Asia/Tehran,FALSE,1364030941
Kohneh Deh,Kohneh Deh,Lazīrak,36.4742,51.6211,Iran,IR,IRN,Māzandarān,Mazandaran,IR-02,province,,91.0,,,3,Asia/Tehran,TRUE,1364901795
Lāţarān,Lataran,,38.1779,48.0119,Iran,IR,IRN,Ardabīl,Ardabil,IR-24,province,,47.2,,,4,Asia/Tehran,FALSE,1364864051
Kolah Jūb,Kolah Jub,,34.0819,47.1811,Iran,IR,IRN,Kermānshāh,Kermanshah,IR-05,province,,201.1,,,3,Asia/Tehran,FALSE,1364764832
Kolah Jūb,Kolah Jub,Kolahjūb,34.5762,47.4487,Iran,IR,IRN,Kermānshāh,Kermanshah,IR-05,province,,51.7,,,4,Asia/Tehran,TRUE,1364028360
Deh Now,Deh Now,,29.2599,52.3173,Iran,IR,IRN,Fārs,Fars,IR-07,province,,278.8,,,3,Asia/Tehran,FALSE,1364256418
Deh Now,Deh Now,Deh-i-Nau,29.4458,52.6342,Iran,IR,IRN,Fārs,Fars,IR-07,province,,278.8,,,3,Asia/Tehran,TRUE,1364873001
Deh Now,Deh Now,,29.5661,51.8836,Iran,IR,IRN,Fārs,Fars,IR-07,province,,57.9,,,4,Asia/Tehran,TRUE,1364592401
Deh Now,Deh Now,,29.2540,51.9732,Iran,IR,IRN,Fārs,Fars,IR-07,province,,57.9,,,4,Asia/Tehran,TRUE,1364985952
Deh Now,Deh Now,,28.8407,52.4620,Iran,IR,IRN,Fārs,Fars,IR-07,province,,35.2,,,4,Asia/Tehran,TRUE,1364442277
Deh Now,Deh Now,Dehnow Allam Roodasht|Dehnow ‘Alām Rūdasht,27.5958,53.0508,Iran,IR,IRN,Fārs,Fars,IR-07,province,,24.0,,,4,Asia/Tehran,TRUE,1364371719
Deh Now,Deh Now,,30.3432,50.1755,Iran,IR,IRN,Khūzestān,Khuzestan,IR-06,province,,63.7,,,4,Asia/Tehran,FALSE,1364002199
Deh Now,Deh Now,Dehnow,34.2285,47.4111,Iran,IR,IRN,Kermānshāh,Kermanshah,IR-05,province,,77.1,,,4,Asia/Tehran,FALSE,1364398569
Malīmdūl,Malimdul,,33.2833,48.0167,Iran,IR,IRN,Lorestān,Lorestan,IR-15,province,,18.9,,,4,Asia/Tehran,FALSE,1364433060
Deh Now,Deh Now,Deh-i-Nau,36.5521,58.2147,Iran,IR,IRN,Khorāsān-e Raẕavī,Khorasan-e Razavi,IR-09,,,67.8,,,4,Asia/Tehran,TRUE,1364802395
Deh Now,Deh Now,Dehnow-e Mahdavī,36.0835,58.9937,Iran,IR,IRN,Khorāsān-e Raẕavī,Khorasan-e Razavi,IR-09,,,56.4,,,4,Asia/Tehran,TRUE,1364037833
Deh Now,Deh Now,,35.8645,59.6367,Iran,IR,IRN,Khorāsān-e Raẕavī,Khorasan-e Razavi,IR-09,,,32.6,,,4,Asia/Tehran,TRUE,1364306437
Deh Now,Deh Now,,35.2543,59.4559,Iran,IR,IRN,Khorāsān-e Raẕavī,Khorasan-e Razavi,IR-09,,,26.7,,,4,Asia/Tehran,TRUE,1364374814
Deh Now,Deh Now,,36.4128,56.9105,Iran,IR,IRN,Khorāsān-e Raẕavī,Khorasan-e Razavi,IR-09,,,13.2,,,4,Asia/Tehran,TRUE,1364202809
Deh Now,Deh Now,Deh-e Now,35.5494,58.1441,Iran,IR,IRN,Khorāsān-e Raẕavī,Khorasan-e Razavi,IR-09,,,13.2,,,4,Asia/Tehran,TRUE,1364081296
Deh Now,Deh Now,,28.8189,57.9669,Iran,IR,IRN,Kermān,Kerman,IR-08,province,,67.0,,,4,Asia/Tehran,TRUE,1364433797
Deh Now,Deh Now,Deh Now-e Feyẕābād,30.4994,56.0172,Iran,IR,IRN,Kermān,Kerman,IR-08,province,,36.0,,,4,Asia/Tehran,TRUE,1364688770
Deh Now,Deh Now,,29.2297,57.0467,Iran,IR,IRN,Kermān,Kerman,IR-08,province,,25.3,,,4,Asia/Tehran,TRUE,1364563316
Deh Now,Deh Now,Deh Now-e Taz̄raj|Kafrī,29.2665,56.0741,Iran,IR,IRN,Kermān,Kerman,IR-08,province,,24.6,,,4,Asia/Tehran,TRUE,1364109424
Deh Now,Deh Now,,29.3047,55.1686,Iran,IR,IRN,Kermān,Kerman,IR-08,province,,24.6,,,4,Asia/Tehran,TRUE,1364575199
Deh Now,Deh Now,,30.4560,57.7959,Iran,IR,IRN,Kermān,Kerman,IR-08,province,,18.0,,,4,Asia/Tehran,TRUE,1364000465
Deh Now,Deh Now,,27.9931,57.2215,Iran,IR,IRN,Kermān,Kerman,IR-08,province,,17.2,,,4,Asia/Tehran,TRUE,1364543227
Deh Now,Deh Now,,27.4158,57.5374,Iran,IR,IRN,Kermān,Kerman,IR-08,province,,14.7,,,4,Asia/Tehran,TRUE,1364002247
Deh Now,Deh Now,,29.0511,57.9074,Iran,IR,IRN,Kermān,Kerman,IR-08,province,,12.9,,,4,Asia/Tehran,TRUE,1364510144
Deh Now,Deh Now,‘Arab Oghlū|Dehnow-e Farrokhzād|Farrūkhzād|Farrokhzād,30.0744,55.1740,Iran,IR,IRN,Kermān,Kerman,IR-08,province,,5.3,,,4,Asia/Tehran,TRUE,1364674043
Deh Now,Deh Now,Dehnow Ben-e Tūt,30.4444,55.2287,Iran,IR,IRN,Kermān,Kerman,IR-08,province,,5.3,,,5,Asia/Tehran,TRUE,1364838841
Deh Now,Deh Now,Deh-e Now,30.0451,55.3595,Iran,IR,IRN,Kermān,Kerman,IR-08,province,,5.3,,,5,Asia/Tehran,TRUE,1364226539
Deh Now,Deh Now,Deh Nau|Deh-i-Nau,29.1188,56.7412,Iran,IR,IRN,Kermān,Kerman,IR-08,province,,2.9,,,5,Asia/Tehran,TRUE,1364832393
Deh Now,Deh Now,Deh-e Now,29.2572,56.4377,Iran,IR,IRN,Kermān,Kerman,IR-08,province,,2.9,,,5,Asia/Tehran,TRUE,1364599291
Vīsh Maḩalleh,Vish Mahalleh,,36.5471,52.3568,Iran,IR,IRN,Māzandarān,Mazandaran,IR-02,province,,130.3,,,4,Asia/Tehran,FALSE,1364305238
Pīrzīn,Pirzin,,29.7167,56.2833,Iran,IR,IRN,Kermān,Kerman,IR-08,province,,24.6,,,4,Asia/Tehran,FALSE,1364676958
Seh Qūch,Seh Quch,Soqorch|Sugūrch,33.0710,58.5714,Iran,IR,IRN,Khorāsān-e Jonūbī,Khorasan-e Jonubi,IR-29,province,,15.1,,,4,Asia/Tehran,FALSE,1364211115
Nardeh,Nardeh,Nareh Deh,29.7169,56.3060,Iran,IR,IRN,Kermān,Kerman,IR-08,province,,24.6,,,4,Asia/Tehran,FALSE,1364267741
Palang Chāl,Palang Chal,,35.8538,51.3816,Iran,IR,IRN,Tehrān,Tehran,IR-23,province,,46.5,,,4,Asia/Tehran,FALSE,1364672551
Borāvīyeh-ye Kūchak,Boraviyeh-ye Kuchak,Al Būravāyeh|Al Barwāya|Barvāyeh|Borvāyeh-e Kūchek,31.6267,48.6152,Iran,IR,IRN,Khūzestān,Khuzestan,IR-06,province,,220.2,,,3,Asia/Tehran,FALSE,1364126349
Ḩājjī Yār,Hajji Yar,,35.2580,59.2409,Iran,IR,IRN,Khorāsān-e Raẕavī,Khorasan-e Razavi,IR-09,,,26.7,,,4,Asia/Tehran,FALSE,1364650065
Shāh Qolīābād,Shah Qoliabad,Shāh Qolī,33.9118,47.9021,Iran,IR,IRN,Lorestān,Lorestan,IR-15,province,,57.0,,,4,Asia/Tehran,FALSE,1364089347
Shesh Kolāyeh,Shesh Kolayeh,Kūrā Rūdkhāneh|Koreh Rūdkhāneh,37.1175,50.1095,Iran,IR,IRN,Gīlān,Gilan,IR-01,province,,311.0,,,3,Asia/Tehran,FALSE,1364930155
Qarātlū,Qaratlu,Gharatloo|Kanatlu,35.4923,48.1627,Iran,IR,IRN,Hamadān,Hamadan,IR-13,province,,37.4,,,4,Asia/Tehran,FALSE,1364877801
Āgh Dūghmūsh,Agh Dughmush,Āydūghmūsh,36.8345,47.1975,Iran,IR,IRN,Zanjān,Zanjan,IR-19,province,,10.0,,,5,Asia/Tehran,FALSE,1364001533
Zeyn od Dīn,Zeyn od Din,Zeyn Ad Dīn,34.6953,47.1083,Iran,IR,IRN,Kermānshāh,Kermanshah,IR-05,province,,201.1,,,3,Asia/Tehran,FALSE,1364678994
Korjā,Korja,,37.1230,47.1627,Iran,IR,IRN,Āz̄arbāyjān-e Sharqī,Azarbayjan-e Sharqi,IR-03,province,,10.0,,,5,Asia/Tehran,FALSE,1364959754
Zeyn od Dīn,Zeyn od Din,,30.5881,52.3504,Iran,IR,IRN,Fārs,Fars,IR-07,province,,10.5,,,4,Asia/Tehran,FALSE,1364994212
Tās Kand-e Pā’īn,Tas Kand-e Pa'in,,36.4188,46.9419,Iran,IR,IRN,Āz̄arbāyjān-e Gharbī,Azarbayjan-e Gharbi,IR-04,province,,32.8,,,4,Asia/Tehran,FALSE,1364430282
Qeshlāq-e Ḩājjī Aḩmad,Qeshlaq-e Hajji Ahmad,,39.4002,47.7566,Iran,IR,IRN,Ardabīl,Ardabil,IR-24,province,,29.6,,,4,Asia/Tehran,FALSE,1364930602
Deh-e Şāmerā,Deh-e Samera,,30.3358,48.3181,Iran,IR,IRN,Khūzestān,Khuzestan,IR-06,province,,112.6,,,4,Asia/Tehran,FALSE,1364672913
Jegarlū ‘Abbāsī,Jegarlu `Abbasi,,34.4667,45.7833,Iran,IR,IRN,Kermānshāh,Kermanshah,IR-05,province,,14.5,,,4,Asia/Tehran,FALSE,1364918953
Mīlak-e Pā’īn,Milak-e Pa'in,Lilak|Mīlak,29.5767,51.1237,Iran,IR,IRN,Būshehr,Bushehr,IR-18,province,,37.1,,,4,Asia/Tehran,FALSE,1364903974
Sheybān,Sheyban,Shībān|Sheiban,27.3924,60.8149,Iran,IR,IRN,Sīstān va Balūchestān,Sistan va Baluchestan,IR-11,province,,7.8,,,5,Asia/Tehran,FALSE,1364401637
Deh ‘Ashūr,Deh `Ashur,,28.3667,58.5167,Iran,IR,IRN,Kermān,Kerman,IR-08,province,,11.2,,,4,Asia/Tehran,FALSE,1364337565
Bāgh-e Kalā Bāghāt,Bagh-e Kala Baghat,Kalāghābād|Kalāteh-ye Kalāghābād,36.2993,57.8501,Iran,IR,IRN,Khorāsān-e Raẕavī,Khorasan-e Razavi,IR-09,,,13.2,,,4,Asia/Tehran,FALSE,1364568138
Charnī,Charni,,36.1833,52.6333,Iran,IR,IRN,Māzandarān,Mazandaran,IR-02,province,,364.4,,,3,Asia/Tehran,FALSE,1364496743
Zīvah,Zivah,,37.2486,44.9056,Iran,IR,IRN,Āz̄arbāyjān-e Gharbī,Azarbayjan-e Gharbi,IR-04,province,,226.0,,,3,Asia/Tehran,FALSE,1364470926
Galīrd,Galird,Galīrūd,36.1511,50.8467,Iran,IR,IRN,Alborz,Alborz,IR-30,province,,33.1,,,4,Asia/Tehran,FALSE,1364589754
Bargoshād,Bargoshad,,32.8128,52.7837,Iran,IR,IRN,Eşfahān,Esfahan,IR-10,province,,0.9,,,5,Asia/Tehran,FALSE,1364126929
Bāgerdān,Bagerdan,,36.6086,45.5504,Iran,IR,IRN,Āz̄arbāyjān-e Gharbī,Azarbayjan-e Gharbi,IR-04,province,,93.3,,,4,Asia/Tehran,FALSE,1364953737
Pārādīs,Paradis,,30.3371,50.2935,Iran,IR,IRN,Khūzestān,Khuzestan,IR-06,province,,63.7,,,4,Asia/Tehran,FALSE,1364003796
‘Alīābād-e Kohandal,`Aliabad-e Kohandal,,29.9578,53.4252,Iran,IR,IRN,Fārs,Fars,IR-07,province,,19.4,,,4,Asia/Tehran,FALSE,1364061306
Kūhsār,Kuhsar,Koohsar|Gūsār|Kūhsar,32.2805,59.3046,Iran,IR,IRN,Khorāsān-e Jonūbī,Khorasan-e Jonubi,IR-29,province,,2.1,,,4,Asia/Tehran,FALSE,1364547504
Gazmeh,Gazmeh,,30.5844,48.5558,Iran,IR,IRN,Khūzestān,Khuzestan,IR-06,province,,51.9,,,4,Asia/Tehran,FALSE,1364664156
Yazdū,Yazdu,,36.0141,56.0321,Iran,IR,IRN,Semnān,Semnan,IR-20,province,,4.8,,,5,Asia/Tehran,FALSE,1364035777
Nārestān,Narestan,Anārestān,29.1338,51.4352,Iran,IR,IRN,Būshehr,Bushehr,IR-18,province,,37.1,,,4,Asia/Tehran,TRUE,1364503629
Nārestān,Narestan,Tīrdārī,30.9983,50.0266,Iran,IR,IRN,Būshehr,Bushehr,IR-18,province,,29.3,,,4,Asia/Tehran,TRUE,1364400905
Kūh Cher,Kuh Cher,Kachhor,27.9206,52.1719,Iran,IR,IRN,Būshehr,Bushehr,IR-18,province,,63.2,,,4,Asia/Tehran,FALSE,1364690170
Naşīrkhān Tappehsī,Nasirkhan Tappehsi,,38.4333,46.9667,Iran,IR,IRN,Āz̄arbāyjān-e Sharqī,Azarbayjan-e Sharqi,IR-03,province,,49.0,,,4,Asia/Tehran,FALSE,1364390387
Shojā‘ābād,Shoja`abad,,33.5993,48.3455,Iran,IR,IRN,Lorestān,Lorestan,IR-15,province,,87.0,,,4,Asia/Tehran,FALSE,1364974269
Mehdīābād-e Mostowfī,Mehdiabad-e Mostowfi,Mazra‘eh-ye Mastowfī|Mazra‘eh-ye Mehdīābād-e Mostowfī|Mehdīābād,31.6368,54.1672,Iran,IR,IRN,Yazd,Yazd,IR-21,province,,7.1,,,4,Asia/Tehran,FALSE,1364391390
Shojā‘ābād,Shoja`abad,Sajādābād|Sijjādābād,35.2731,47.5707,Iran,IR,IRN,Kordestān,Kordestan,IR-12,province,,24.1,,,4,Asia/Tehran,FALSE,1364351663
Shojā‘ābād,Shoja`abad,,36.2500,46.8167,Iran,IR,IRN,Kordestān,Kordestan,IR-12,province,,20.4,,,4,Asia/Tehran,TRUE,1364815706
Shojā‘ābād,Shoja`abad,Shuja‘ābād,33.7686,51.7117,Iran,IR,IRN,Eşfahān,Esfahan,IR-10,province,,82.3,,,4,Asia/Tehran,FALSE,1364459475
Sām Sālū,Sam Salu,Sāmsālū,37.6319,45.0915,Iran,IR,IRN,Āz̄arbāyjān-e Gharbī,Azarbayjan-e Gharbi,IR-04,province,,226.0,,,3,Asia/Tehran,FALSE,1364649015
Deh Bāl,Deh Bal,Deh Bān,29.4228,52.4047,Iran,IR,IRN,Fārs,Fars,IR-07,province,,278.8,,,3,Asia/Tehran,FALSE,1364743010
Āsemān Dūl,Aseman Dul,,34.8013,47.4151,Iran,IR,IRN,Kermānshāh,Kermanshah,IR-05,province,,35.8,,,4,Asia/Tehran,FALSE,1364298592
Şokhar,Sokhar,,27.0167,54.6667,Iran,IR,IRN,Hormozgān,Hormozgan,IR-22,province,,19.4,,,4,Asia/Tehran,FALSE,1364325643
Qolī Beyglū-ye Bālā,Qoli Beyglu-ye Bala,Qolī Beyglū-ye ‘Olyā,39.3913,47.3417,Iran,IR,IRN,Āz̄arbāyjān-e Sharqī,Azarbayjan-e Sharqi,IR-03,province,,24.0,,,4,Asia/Tehran,FALSE,1364913453
Qolī Beyglū,Qoli Beyglu,,39.3844,47.3917,Iran,IR,IRN,Āz̄arbāyjān-e Sharqī,Azarbayjan-e Sharqi,IR-03,province,,135.1,,,4,Asia/Tehran,TRUE,1364330504
Gharīb,Gharib,,32.0055,48.5496,Iran,IR,IRN,Khūzestān,Khuzestan,IR-06,province,,61.4,,,4,Asia/Tehran,FALSE,1364206473
Kalāteh-ye Dīsk,Kalateh-ye Disk,Dīsk|Desk,32.2500,58.8500,Iran,IR,IRN,Khorāsān-e Jonūbī,Khorasan-e Jonubi,IR-29,province,,15.1,,,4,Asia/Tehran,FALSE,1364663348
Tokaldān,Tokaldan,,37.9056,47.6032,Iran,IR,IRN,Āz̄arbāyjān-e Sharqī,Azarbayjan-e Sharqi,IR-03,province,,36.8,,,4,Asia/Tehran,FALSE,1364820839
Pūsār,Pusar,Posa,27.5811,61.0000,Iran,IR,IRN,Sīstān va Balūchestān,Sistan va Baluchestan,IR-11,province,,6.9,,,5,Asia/Tehran,FALSE,1364293120
Malīk Mashhadī Kolā,Malik Mashhadi Kola,Maleyed-e Mashhadī Kolā,36.5582,53.0244,Iran,IR,IRN,Māzandarān,Mazandaran,IR-02,province,,249.0,,,3,Asia/Tehran,FALSE,1364739191
Āshūb-e Soflá,Ashub-e Sofla,Āshū’īyeh,30.3979,55.0603,Iran,IR,IRN,Kermān,Kerman,IR-08,province,,5.3,,,5,Asia/Tehran,FALSE,1364925472
Sangar,Sangar,,36.5730,52.5065,Iran,IR,IRN,Māzandarān,Mazandaran,IR-02,province,,130.3,,,4,Asia/Tehran,FALSE,1364520536
Sangar,Sangar,,36.4006,53.6077,Iran,IR,IRN,Māzandarān,Mazandaran,IR-02,province,,93.0,,,4,Asia/Tehran,TRUE,1364387380
Kohnāb-e Bālā,Kohnab-e Bala,Kohnāb-e Sar,26.6004,58.0509,Iran,IR,IRN,Hormozgān,Hormozgan,IR-22,province,,5.6,,,5,Asia/Tehran,FALSE,1364474575
Khowshāb Sūrgazī,Khowshab Surgazi,,26.9104,59.6654,Iran,IR,IRN,Sīstān va Balūchestān,Sistan va Baluchestan,IR-11,province,,6.0,,,5,Asia/Tehran,FALSE,1364291716
Ābgarmak-e ‘Olyā,Abgarmak-e `Olya,Āb Garmak-e Bālā|Āb Garmak-e ‘Olyā,32.0611,48.7718,Iran,IR,IRN,Khūzestān,Khuzestan,IR-06,province,,95.0,,,4,Asia/Tehran,FALSE,1364330007
Jehīzdān,Jehizdan,Jehezdān,37.8295,47.4124,Iran,IR,IRN,Āz̄arbāyjān-e Sharqī,Azarbayjan-e Sharqi,IR-03,province,,36.8,,,4,Asia/Tehran,FALSE,1364999320
Fārsīāt-e Seh,Farsiat-e Seh,Abū Mosheyleysh,31.0701,48.3791,Iran,IR,IRN,Khūzestān,Khuzestan,IR-06,province,,220.2,,,3,Asia/Tehran,FALSE,1364366385
Qanāt ol Nūj,Qanat ol Nuj,,30.1400,55.0872,Iran,IR,IRN,Kermān,Kerman,IR-08,province,,5.3,,,5,Asia/Tehran,FALSE,1364543700
Dowjkān,Dowjkan,Tūjkān|Tūchkān,26.4665,59.4501,Iran,IR,IRN,Sīstān va Balūchestān,Sistan va Baluchestan,IR-11,province,,13.2,,,4,Asia/Tehran,FALSE,1364759835
Deh Rūd-e Chalū,Deh Rud-e Chalu,Shahrak-e Mīr Aḩmad,31.6113,50.2432,Iran,IR,IRN,Khūzestān,Khuzestan,IR-06,province,,58.1,,,4,Asia/Tehran,FALSE,1364723037
Hūshī,Hushi,,39.1135,47.0334,Iran,IR,IRN,Āz̄arbāyjān-e Sharqī,Azarbayjan-e Sharqi,IR-03,province,,24.0,,,4,Asia/Tehran,FALSE,1364345432
Ḩallāj Maḩalleh-ye Mowleskām,Hallaj Mahalleh-ye Mowleskam,Ḩallāj Maḩalleh,37.1416,49.3035,Iran,IR,IRN,Gīlān,Gilan,IR-01,province,,86.3,,,4,Asia/Tehran,FALSE,1364406791
Ḩasanābād-e ‘Āmelzādah,Hasanabad-e `Amelzadah,Ḩasanābād,36.6590,59.1821,Iran,IR,IRN,Khorāsān-e Raẕavī,Khorasan-e Razavi,IR-09,,,47.7,,,4,Asia/Tehran,FALSE,1364130421
Chamanī,Chamani,,30.0620,52.6579,Iran,IR,IRN,Fārs,Fars,IR-07,province,,90.5,,,4,Asia/Tehran,FALSE,1364509442
Bargapī,Bargapi,Bardgapī,32.0367,49.7495,Iran,IR,IRN,Khūzestān,Khuzestan,IR-06,province,,58.1,,,4,Asia/Tehran,FALSE,1364546347
Dārāb,Darab,,36.8091,58.1444,Iran,IR,IRN,Khorāsān-e Raẕavī,Khorasan-e Razavi,IR-09,,,67.8,,,4,Asia/Tehran,FALSE,1364883524
Moḩammad Ḩasan,Mohammad Hasan,Deh Now-e Moḩsen|Deh Now-e Moḩammad Ḩoseyn,31.3695,51.0606,Iran,IR,IRN,Chahār Maḩāl va Bakhtīārī,Chahar Mahal va Bakhtiari,IR-14,province,,70.5,,,4,Asia/Tehran,FALSE,1364511270
Dārāb,Darab,,38.0238,44.5620,Iran,IR,IRN,Āz̄arbāyjān-e Gharbī,Azarbayjan-e Gharbi,IR-04,province,,85.5,,,4,Asia/Tehran,FALSE,1364701634
Dārāb,Darab,,34.5035,45.9558,Iran,IR,IRN,Kermānshāh,Kermanshah,IR-05,province,,18.6,,,4,Asia/Tehran,TRUE,1364971713
Dārāb,Darab,Yek|Dārāb-e 2,28.7519,54.5444,Iran,IR,IRN,Fārs,Fars,IR-07,province,minor,32.1,,,3,Asia/Tehran,FALSE,1364346461
Dārāb,Darab,,37.8702,47.2542,Iran,IR,IRN,Āz̄arbāyjān-e Sharqī,Azarbayjan-e Sharqi,IR-03,province,,36.8,,,4,Asia/Tehran,FALSE,1364615045
Kam Gerdū’īyeh,Kam Gerdu'iyeh,,28.9833,57.8667,Iran,IR,IRN,Kermān,Kerman,IR-08,province,,67.0,,,4,Asia/Tehran,FALSE,1364265376
Pā’īn Maḩalleh-ye Nowdeh,Pa'in Mahalleh-ye Nowdeh,Nowdeh|Ḩājjīābād,36.5120,52.8795,Iran,IR,IRN,Māzandarān,Mazandaran,IR-02,province,,777.2,,,3,Asia/Tehran,FALSE,1364997619
‘Add-e Sovādī,`Add-e Sovadi,‘Ad-e Savāri|‘Edd-e Sovādī|‘Ad-e Savādī|‘Add-e Savādī,30.8068,49.4324,Iran,IR,IRN,Khūzestān,Khuzestan,IR-06,province,,28.4,,,4,Asia/Tehran,FALSE,1364002254
Bīdān-e Bālā,Bidan-e Bala,Bīdān Bālā|Bīdūn Dar-e Bālā|Bīdān|Bīdūndar,29.6033,56.8618,Iran,IR,IRN,Kermān,Kerman,IR-08,province,,8.5,,,4,Asia/Tehran,FALSE,1364135322
Mazra‘eh-ye Gazegī,Mazra`eh-ye Gazegi,,27.3756,56.8634,Iran,IR,IRN,Hormozgān,Hormozgan,IR-22,province,,73.9,,,4,Asia/Tehran,FALSE,1364000701
Marūshīn,Marushin,,37.5431,47.9220,Iran,IR,IRN,Āz̄arbāyjān-e Sharqī,Azarbayjan-e Sharqi,IR-03,province,,31.5,,,4,Asia/Tehran,FALSE,1364886747
Moşaddeq,Mosaddeq,,35.9833,50.5333,Iran,IR,IRN,Alborz,Alborz,IR-30,province,,271.6,,,3,Asia/Tehran,FALSE,1364092656
Kalāteh-ye Qar,Kalateh-ye Qar,,32.7500,58.8667,Iran,IR,IRN,Khorāsān-e Jonūbī,Khorasan-e Jonubi,IR-29,province,,15.1,,,4,Asia/Tehran,FALSE,1364037699
Ābgarmlā-ye Bīsheh,Abgarmla-ye Bisheh,Ābgarm,28.2920,55.7338,Iran,IR,IRN,Hormozgān,Hormozgan,IR-22,province,,7.1,,,5,Asia/Tehran,FALSE,1364586396
Mīān Tangān,Mian Tangan,,30.5067,51.1025,Iran,IR,IRN,Būshehr,Bushehr,IR-18,province,,20.2,,,4,Asia/Tehran,FALSE,1364546651
Kūleh Vī,Kuleh Vi,Kolvī,33.2258,48.7988,Iran,IR,IRN,Lorestān,Lorestan,IR-15,province,,87.0,,,4,Asia/Tehran,FALSE,1364117669
Seh Cheshmeh,Seh Cheshmeh,,34.4682,47.0893,Iran,IR,IRN,Kermānshāh,Kermanshah,IR-05,province,,201.1,,,3,Asia/Tehran,FALSE,1364503331
Yāmpī,Yampi,Şaḩneh-ye ‘Olyā|Sahneh|Şaḩneh-ye Bālā|Yāmchī,36.9373,54.3839,Iran,IR,IRN,Golestān,Golestan,IR-27,province,,85.0,,,4,Asia/Tehran,FALSE,1364656341
Būrbūr-e Kord,Burbur-e Kord,Burbūr|Būrbūr Kord,37.6000,57.1667,Iran,IR,IRN,Khorāsān-e Shomālī,Khorasan-e Shomali,IR-28,province,,75.6,,,4,Asia/Tehran,FALSE,1364955853
Sāvāmer,Savamer,S̄avāmer,30.3199,48.3421,Iran,IR,IRN,Khūzestān,Khuzestan,IR-06,province,,112.6,,,4,Asia/Tehran,FALSE,1364370503
Mīrţāher,Mirtaher,Ţāherābād,34.5917,47.5364,Iran,IR,IRN,Kermānshāh,Kermanshah,IR-05,province,,51.7,,,4,Asia/Tehran,FALSE,1364063289
‘Arīyeẕ-e Marīḩ,`Ariyez-e Marih,Ḩājj-e Marīḩ|‘Arīyeẕ|‘Areyeẕ,31.3173,49.5329,Iran,IR,IRN,Khūzestān,Khuzestan,IR-06,province,,40.7,,,4,Asia/Tehran,FALSE,1364507757
Sorkh-e Gol,Sorkh-e Gol,,31.8917,48.1722,Iran,IR,IRN,Khūzestān,Khuzestan,IR-06,province,,61.4,,,4,Asia/Tehran,FALSE,1364381766
Mazra‘eh-ye S̄ānīābād,Mazra`eh-ye Saniabad,S̄ānīābād,28.9077,58.8889,Iran,IR,IRN,Kermān,Kerman,IR-08,province,,20.6,,,4,Asia/Tehran,FALSE,1364413189
Sīāh Khūnī,Siah Khuni,,37.2810,48.8742,Iran,IR,IRN,Ardabīl,Ardabil,IR-24,province,,31.2,,,4,Asia/Tehran,FALSE,1364899951
Shahrak-e Fāz-e Do,Shahrak-e Faz-e Do,,36.6825,51.1906,Iran,IR,IRN,Māzandarān,Mazandaran,IR-02,province,,127.9,,,4,Asia/Tehran,FALSE,1364002731
Ādeshteh,Adeshteh,Hashdeh,34.2365,49.4570,Iran,IR,IRN,Markazī,Markazi,IR-00,,,46.1,,,4,Asia/Tehran,FALSE,1364058484
Reyḩān,Reyhan,Rikhan|Rihān,36.5412,48.3938,Iran,IR,IRN,Zanjān,Zanjan,IR-19,province,,84.6,,,4,Asia/Tehran,FALSE,1364206651
Ḩeydarābād-e ‘Olyā,Heydarabad-e `Olya,,28.2682,57.6127,Iran,IR,IRN,Kermān,Kerman,IR-08,province,,11.0,,,4,Asia/Tehran,FALSE,1364270986
Dowrūzanābād,Dowruzanabad,Dorūzūnābād|Dorūzanābād,32.3278,50.2208,Iran,IR,IRN,Chahār Maḩāl va Bakhtīārī,Chahar Mahal va Bakhtiari,IR-14,province,,9.8,,,5,Asia/Tehran,FALSE,1364679151
Deh Shahdūst,Deh Shahdust,,28.7253,60.6022,Iran,IR,IRN,Sīstān va Balūchestān,Sistan va Baluchestan,IR-11,province,,6.9,,,5,Asia/Tehran,FALSE,1364819505
Shāh Rūd,Shah Rud,Shārūd,37.1239,49.1654,Iran,IR,IRN,Gīlān,Gilan,IR-01,province,,86.3,,,4,Asia/Tehran,FALSE,1364545191
Farhangābād,Farhangabad,,30.9503,55.2645,Iran,IR,IRN,Kermān,Kerman,IR-08,province,,16.3,,,4,Asia/Tehran,FALSE,1364473401
Mazra‘eh-ye Ādīgān,Mazra`eh-ye Adigan,Ādīkān|Adnīān|Edīnān|Ādinān|Ādīgān,33.0329,59.4185,Iran,IR,IRN,Khorāsān-e Jonūbī,Khorasan-e Jonubi,IR-29,province,,15.1,,,4,Asia/Tehran,FALSE,1364743862
Vārbīd,Varbid,Vāreh Bīd|Vārbīdeh,32.8805,49.9957,Iran,IR,IRN,Eşfahān,Esfahan,IR-10,province,,16.8,,,4,Asia/Tehran,FALSE,1364003509
Sar Chīd-e Pā’īn,Sar Chid-e Pa'in,Sar Chīl-e Pā’īn|Sarchīl Pā’īn,30.5175,57.2142,Iran,IR,IRN,Kermān,Kerman,IR-08,province,,18.0,,,4,Asia/Tehran,FALSE,1364687418
Nūreh,Nureh,Nurrāh|Nura,30.8000,51.4500,Iran,IR,IRN,Būshehr,Bushehr,IR-18,province,,31.5,,,4,Asia/Tehran,FALSE,1364503529
Ḩoseynābād-e Kūshkeh Zar,Hoseynabad-e Kushkeh Zar,Ḩoseynābād-e Kūshk Zar|Ḩoseynābād-e Kūshkez̄ar,35.9462,50.7292,Iran,IR,IRN,Alborz,Alborz,IR-30,province,,185.5,,,4,Asia/Tehran,FALSE,1364741881
Māzū Bāgher,Mazu Bagher,Māzū Bāghsar,36.8384,50.7202,Iran,IR,IRN,Māzandarān,Mazandaran,IR-02,province,,95.3,,,4,Asia/Tehran,FALSE,1364376717
Tarask,Tarask,Ţarask,36.6961,57.2232,Iran,IR,IRN,Khorāsān-e Raẕavī,Khorasan-e Razavi,IR-09,,,34.3,,,4,Asia/Tehran,FALSE,1364530765
Qarā’ī,Qara'i,Qarah’ī,36.5346,47.9470,Iran,IR,IRN,Zanjān,Zanjan,IR-19,province,,59.3,,,4,Asia/Tehran,FALSE,1364563404
Āb Sard,Ab Sard,Ābsardeh,35.5326,59.3284,Iran,IR,IRN,Khorāsān-e Raẕavī,Khorasan-e Razavi,IR-09,,,42.4,,,4,Asia/Tehran,FALSE,1364805668
‘Alī Reẕā Pāchād,`Ali Reza Pachad,,31.0796,50.7557,Iran,IR,IRN,Kohgīlūyeh va Bowyer Aḩmad,Kohgiluyeh va Bowyer Ahmad,IR-17,province,,79.1,,,4,Asia/Tehran,FALSE,1364106553
Sheykhlū,Sheykhlu,Shekhlū|Shekhlow,35.2705,60.4129,Iran,IR,IRN,Khorāsān-e Raẕavī,Khorasan-e Razavi,IR-09,,,36.7,,,4,Asia/Tehran,FALSE,1364287833
Gūchī,Guchi,,36.6396,50.5877,Iran,IR,IRN,Māzandarān,Mazandaran,IR-02,province,,59.2,,,4,Asia/Tehran,FALSE,1364607065
‘Alī Darzī,`Ali Darzi,,35.1240,49.8733,Iran,IR,IRN,Markazī,Markazi,IR-00,,,65.3,,,4,Asia/Tehran,FALSE,1364618093
Sheykhlū,Sheykhlu,,39.1179,47.1953,Iran,IR,IRN,Āz̄arbāyjān-e Sharqī,Azarbayjan-e Sharqi,IR-03,province,,7.7,,,5,Asia/Tehran,FALSE,1364433017
Kaleh Ney-ye Soflá,Kaleh Ney-ye Sofla,Kalyeh Ney-ye Soflá,33.1525,48.7575,Iran,IR,IRN,Lorestān,Lorestan,IR-15,province,,87.0,,,4,Asia/Tehran,FALSE,1364783202
Ḩabībollāh,Habibollah,Habībullah,32.8015,52.6523,Iran,IR,IRN,Eşfahān,Esfahan,IR-10,province,,162.4,,,4,Asia/Tehran,FALSE,1364629320
Boneh-ye Qeyţās,Boneh-ye Qeytas,,31.0605,49.6989,Iran,IR,IRN,Khūzestān,Khuzestan,IR-06,province,,40.7,,,4,Asia/Tehran,FALSE,1364957900
Kūkhān,Kukhan,,36.9411,46.0718,Iran,IR,IRN,Āz̄arbāyjān-e Gharbī,Azarbayjan-e Gharbi,IR-04,province,,142.8,,,4,Asia/Tehran,FALSE,1364089173
Amestejān,Amestejan,Anestavān|Amastjan|Amestajān|Anistavan,38.3581,45.3217,Iran,IR,IRN,Āz̄arbāyjān-e Sharqī,Azarbayjan-e Sharqi,IR-03,province,,48.4,,,4,Asia/Tehran,FALSE,1364286713
‘Antar Kandī,`Antar Kandi,,39.0284,44.4711,Iran,IR,IRN,Āz̄arbāyjān-e Gharbī,Azarbayjan-e Gharbi,IR-04,province,,24.7,,,4,Asia/Tehran,FALSE,1364006676
Mosqān,Mosqan,Mowseqān|Mūsqān|Musghān,29.2546,52.1551,Iran,IR,IRN,Fārs,Fars,IR-07,province,,278.8,,,3,Asia/Tehran,FALSE,1364544926
Darreh-ye Bozrū,Darreh-ye Bozru,,33.4333,48.7500,Iran,IR,IRN,Lorestān,Lorestan,IR-15,province,,87.0,,,4,Asia/Tehran,FALSE,1364719999
Gazān Ḩarī,Gazan Hari,,28.3326,58.9021,Iran,IR,IRN,Kermān,Kerman,IR-08,province,,11.2,,,4,Asia/Tehran,FALSE,1364000461
Şāleḩ-e Nabāt,Saleh-e Nabat,,31.5333,47.9000,Iran,IR,IRN,Khūzestān,Khuzestan,IR-06,province,,14.4,,,4,Asia/Tehran,FALSE,1364539856
Betū,Betu,Batū|Batau,36.4003,58.3441,Iran,IR,IRN,Khorāsān-e Raẕavī,Khorasan-e Razavi,IR-09,,,30.5,,,4,Asia/Tehran,FALSE,1364832945
‘Alīābād-e Bongāh,`Aliabad-e Bongah,,30.0865,57.2768,Iran,IR,IRN,Kermān,Kerman,IR-08,province,,18.0,,,4,Asia/Tehran,FALSE,1364284221
Gardaneh-ye Moḩammad Mīrzā,Gardaneh-ye Mohammad Mirza,Moḩammad Mīrzā|Muhammad Mīrza|Mehdī Mīrzā,35.6906,59.3436,Iran,IR,IRN,Khorāsān-e Raẕavī,Khorasan-e Razavi,IR-09,,,42.4,,,4,Asia/Tehran,FALSE,1364693686
Ālāmū,Alamu,,36.9298,49.8076,Iran,IR,IRN,Gīlān,Gilan,IR-01,province,,47.8,,,4,Asia/Tehran,FALSE,1364280216
Kashdūz,Kashduz,,26.2667,58.5500,Iran,IR,IRN,Hormozgān,Hormozgan,IR-22,province,,5.6,,,5,Asia/Tehran,FALSE,1364844861
Tondvazeh,Tondvazeh,,37.3392,48.9494,Iran,IR,IRN,Gīlān,Gilan,IR-01,province,,139.2,,,4,Asia/Tehran,FALSE,1364057742
Langān,Langan,Lankan|Langian,38.9417,47.9668,Iran,IR,IRN,Ardabīl,Ardabil,IR-24,province,,35.6,,,4,Asia/Tehran,FALSE,1364002696
Ḩasnārūd,Hasnarud,Ḩosnārūd|Hasanrūd|Ḩasanā Rūd|Ḩasnā Rūd,34.0432,51.1008,Iran,IR,IRN,Eşfahān,Esfahan,IR-10,province,,82.3,,,4,Asia/Tehran,FALSE,1364080217
Gīshīgān-e Soflá,Gishigan-e Sofla,Gīshīgān-e Pā’īn|Gīshgān,29.3781,57.3960,Iran,IR,IRN,Kermān,Kerman,IR-08,province,,18.0,,,4,Asia/Tehran,FALSE,1364102823
Rostāq,Rostaq,Rustākh|Rusāq|Rastagh|Rūstāq,28.4486,55.0726,Iran,IR,IRN,Fārs,Fars,IR-07,province,,32.1,,,4,Asia/Tehran,FALSE,1364510004
Dagalābād,Dagalabad,Dakalābād,31.6333,55.3333,Iran,IR,IRN,Yazd,Yazd,IR-21,province,,3.2,,,5,Asia/Tehran,FALSE,1364044430
Rūbarī,Rubari,Rey Varī|Rūdbareh|Rūdbār,35.2659,46.2369,Iran,IR,IRN,Kordestān,Kordestan,IR-12,province,,40.3,,,4,Asia/Tehran,FALSE,1364478085
Sarḩānīyeh-ye ‘Olyā,Sarhaniyeh-ye `Olya,Sarḩānīyeh|Kūy-e Sarḩānīyeh-ye ‘Olyā,30.4584,48.1555,Iran,IR,IRN,Khūzestān,Khuzestan,IR-06,province,,93.4,,,4,Asia/Tehran,FALSE,1364985342
Char Shandī,Char Shandi,,27.8378,59.5937,Iran,IR,IRN,Sīstān va Balūchestān,Sistan va Baluchestan,IR-11,province,,6.0,,,5,Asia/Tehran,FALSE,1364073191
Cheshmeh Seh Bardūn,Cheshmeh Seh Bardun,Por Sūrākh|Seh Bardān,31.9776,49.4666,Iran,IR,IRN,Khūzestān,Khuzestan,IR-06,province,,24.4,,,4,Asia/Tehran,FALSE,1364193508
Qarā Jelū,Qara Jelu,Qareh Jelū|Shūr Sū,36.0837,47.8989,Iran,IR,IRN,Kordestān,Kordestan,IR-12,province,,14.7,,,4,Asia/Tehran,FALSE,1364543229
Bāgh-e Hanti,Bagh-e Hanti,Bāgh-i-Hanti,29.2167,57.2333,Iran,IR,IRN,Kermān,Kerman,IR-08,province,,67.0,,,4,Asia/Tehran,FALSE,1364648055
Bozīābād,Boziabad,,36.9853,54.5447,Iran,IR,IRN,Golestān,Golestan,IR-27,province,,85.0,,,4,Asia/Tehran,FALSE,1364149649
Cherāghābād,Cheraghabad,,27.1988,57.4447,Iran,IR,IRN,Hormozgān,Hormozgan,IR-22,province,,38.7,,,4,Asia/Tehran,FALSE,1364389771
Farahānī,Farahani,Faraḩānī-ye Şāḩeb,30.7608,48.8692,Iran,IR,IRN,Khūzestān,Khuzestan,IR-06,province,,51.9,,,4,Asia/Tehran,FALSE,1364054244
Dar Sarī,Dar Sari,Dehsarī|Dahserī,32.8480,59.8261,Iran,IR,IRN,Khorāsān-e Jonūbī,Khorasan-e Jonubi,IR-29,province,,10.1,,,4,Asia/Tehran,FALSE,1364267593
Bībī Yānlū,Bibi Yanlu,,38.4473,48.7928,Iran,IR,IRN,Gīlān,Gilan,IR-01,province,,242.7,,,3,Asia/Tehran,FALSE,1364997902
Kangdarreh,Kangdarreh,Tang Darreh,36.9243,50.6290,Iran,IR,IRN,Māzandarān,Mazandaran,IR-02,province,,95.3,,,4,Asia/Tehran,FALSE,1364333369
Mollā Ḩasan,Molla Hasan,Mollā Ḩoseyn,37.5483,56.8964,Iran,IR,IRN,Khorāsān-e Shomālī,Khorasan-e Shomali,IR-28,province,,20.1,,,4,Asia/Tehran,FALSE,1364556959
Nevīs,Nevis,Navīs|Nauvīsh,34.7279,50.1979,Iran,IR,IRN,Qom,Qom,IR-25,province,,121.5,,,4,Asia/Tehran,FALSE,1364277288
Shekār Āb,Shekar Ab,Mazra‘eh-ye Shekarāb|Lab-i-Qanāt|Shekar Āb-e Pā’īn|Shakarāb|Lab-e Qanāt,28.5296,56.0251,Iran,IR,IRN,Kermān,Kerman,IR-08,province,,7.1,,,4,Asia/Tehran,FALSE,1364594829
Taran-e Nāderī,Taran-e Naderi,Kāni Tarn|Taran|Teran-e Nāderī|Kānī-ye Tarn,33.9487,46.1393,Iran,IR,IRN,Īlām,Ilam,IR-16,province,,55.9,,,4,Asia/Tehran,FALSE,1364343330
Shekar Āb,Shekar Ab,,34.5332,47.9142,Iran,IR,IRN,Kermānshāh,Kermanshah,IR-05,province,,92.4,,,4,Asia/Tehran,FALSE,1364264319
Ḩājji Sīāb Kandī,Hajji Siab Kandi,,39.2186,47.7306,Iran,IR,IRN,Ardabīl,Ardabil,IR-24,province,,29.6,,,4,Asia/Tehran,FALSE,1364768271
Dārsān,Darsan,,27.5570,61.0260,Iran,IR,IRN,Sīstān va Balūchestān,Sistan va Baluchestan,IR-11,province,,6.9,,,5,Asia/Tehran,FALSE,1364618873
Mehrābād-e Bahman Pūr,Mehrabad-e Bahman Pur,Mehrābād-e Bālā|Mehrābād,29.4244,53.2340,Iran,IR,IRN,Fārs,Fars,IR-07,province,,49.8,,,4,Asia/Tehran,FALSE,1364002009
Sūrbīn-e Shomālī,Surbin-e Shomali,,36.4711,52.2332,Iran,IR,IRN,Māzandarān,Mazandaran,IR-02,province,,119.6,,,4,Asia/Tehran,FALSE,1364042479
Sāzemān-e Shomāreh Do-e Khandān,Sazeman-e Shomareh Do-e Khandan,,37.1833,54.6833,Iran,IR,IRN,Golestān,Golestan,IR-27,province,,85.0,,,4,Asia/Tehran,FALSE,1364023002
Ḩomeyrī,Homeyri,Homirī|Homeyrī Tūjān|Ḩomēyrī|Hamīrī,26.1686,60.5671,Iran,IR,IRN,Sīstān va Balūchestān,Sistan va Baluchestan,IR-11,province,,13.2,,,4,Asia/Tehran,FALSE,1364137199
Khorāsānī,Khorasani,,27.9708,57.0281,Iran,IR,IRN,Kermān,Kerman,IR-08,province,,17.2,,,4,Asia/Tehran,FALSE,1364506191
Āb Nīm,Ab Nim,,29.6578,51.7899,Iran,IR,IRN,Fārs,Fars,IR-07,province,,57.9,,,4,Asia/Tehran,FALSE,1364004192
Khorāsānī,Khorasani,Tolombeh-ye Khorāsānī,29.2816,54.3277,Iran,IR,IRN,Fārs,Fars,IR-07,province,,12.4,,,4,Asia/Tehran,FALSE,1364597876
Ḩājjī Kheder,Hajji Kheder,Ḩājī Kheder,34.1274,48.7480,Iran,IR,IRN,Hamadān,Hamadan,IR-13,province,,85.5,,,4,Asia/Tehran,FALSE,1364829857
Manşūrīyeh,Mansuriyeh,,32.7884,50.5842,Iran,IR,IRN,Eşfahān,Esfahan,IR-10,province,,27.7,,,4,Asia/Tehran,FALSE,1364729764
Manşūrīyeh,Mansuriyeh,,33.1538,52.8939,Iran,IR,IRN,Eşfahān,Esfahan,IR-10,province,,2.9,,,5,Asia/Tehran,TRUE,1364235932
Pīr Bādāmī,Pir Badami,Pīr Bādām,30.6709,50.4543,Iran,IR,IRN,Kohgīlūyeh va Bowyer Aḩmad,Kohgiluyeh va Bowyer Ahmad,IR-17,province,,30.8,,,4,Asia/Tehran,FALSE,1364167973
Chāh-e Gatī,Chah-e Gati,Gatī,28.4371,59.1196,Iran,IR,IRN,Kermān,Kerman,IR-08,province,,7.8,,,5,Asia/Tehran,FALSE,1364000295
Dangāsī,Dangasi,,36.3719,51.5345,Iran,IR,IRN,Māzandarān,Mazandaran,IR-02,province,,91.0,,,4,Asia/Tehran,FALSE,1364002668
Tall-e Pīr,Tall-e Pir,,30.2702,51.4989,Iran,IR,IRN,Fārs,Fars,IR-07,province,,49.6,,,4,Asia/Tehran,FALSE,1364189229
Washāp,Washap,,27.5833,62.6667,Iran,IR,IRN,Sīstān va Balūchestān,Sistan va Baluchestan,IR-11,province,,7.4,,,5,Asia/Tehran,FALSE,1364845293
Ḩoseynīyeh-ye Mashkūr,Hoseyniyeh-ye Mashkur,,30.9468,49.4233,Iran,IR,IRN,Khūzestān,Khuzestan,IR-06,province,,28.4,,,4,Asia/Tehran,FALSE,1364921288
Kānī Dānīāl,Kani Danial,Kānī Dānīār,34.7129,46.1464,Iran,IR,IRN,Kermānshāh,Kermanshah,IR-05,province,,23.6,,,4,Asia/Tehran,FALSE,1364349678
Ḩeydarābād-e Kasrā’ī,Heydarabad-e Kasra'i,,37.3234,55.4349,Iran,IR,IRN,Golestān,Golestan,IR-27,province,,89.0,,,4,Asia/Tehran,FALSE,1364766843
Chārmar Asar,Charmar Asar,,36.8226,49.8795,Iran,IR,IRN,Gīlān,Gilan,IR-01,province,,47.8,,,4,Asia/Tehran,FALSE,1364497640
Mazra‘eh-ye Shablīz,Mazra`eh-ye Shabliz,Delī Gerdū,31.1224,50.9838,Iran,IR,IRN,Kohgīlūyeh va Bowyer Aḩmad,Kohgiluyeh va Bowyer Ahmad,IR-17,province,,72.3,,,4,Asia/Tehran,FALSE,1364547207
Mūrū,Muru,,29.2369,57.1940,Iran,IR,IRN,Kermān,Kerman,IR-08,province,,67.0,,,4,Asia/Tehran,FALSE,1364471437
Benvār-e ‘Olyā,Benvar-e `Olya,Benvār,30.7611,48.6963,Iran,IR,IRN,Khūzestān,Khuzestan,IR-06,province,,51.9,,,4,Asia/Tehran,FALSE,1364622389
Gūrowm Daraq,Gurowm Daraq,Gorom Darreh|Gūrom Daraq,38.9684,47.3697,Iran,IR,IRN,Āz̄arbāyjān-e Sharqī,Azarbayjan-e Sharqi,IR-03,province,,49.0,,,4,Asia/Tehran,FALSE,1364810188
Shahrak-e Nāmjū,Shahrak-e Namju,Shahrak-e Shahīd Nāmjū,27.3392,56.3335,Iran,IR,IRN,Hormozgān,Hormozgan,IR-22,province,,73.9,,,4,Asia/Tehran,FALSE,1364772703
Deh-e ‘Abdollāh,Deh-e `Abdollah,‘Abdollāh,31.1898,61.7679,Iran,IR,IRN,Sīstān va Balūchestān,Sistan va Baluchestan,IR-11,province,,72.0,,,4,Asia/Tehran,FALSE,1364483300
Ḩoseyn Esmā‘īl,Hoseyn Esma`il,,30.8726,61.5582,Iran,IR,IRN,Sīstān va Balūchestān,Sistan va Baluchestan,IR-11,province,,112.1,,,4,Asia/Tehran,FALSE,1364001123
Kūh-e Jārchī Kandī,Kuh-e Jarchi Kandi,Jārchī Kandī Kūh,37.2054,46.8655,Iran,IR,IRN,Āz̄arbāyjān-e Sharqī,Azarbayjan-e Sharqi,IR-03,province,,11.7,,,4,Asia/Tehran,FALSE,1364465802
Kāshak,Kashak,,26.3967,61.2024,Iran,IR,IRN,Sīstān va Balūchestān,Sistan va Baluchestan,IR-11,province,,15.5,,,4,Asia/Tehran,FALSE,1364723498
Kāshak,Kashak,,26.8154,62.2914,Iran,IR,IRN,Sīstān va Balūchestān,Sistan va Baluchestan,IR-11,province,,11.1,,,4,Asia/Tehran,TRUE,1364336109
Markak,Markak,Marlak,35.9732,53.4513,Iran,IR,IRN,Semnān,Semnan,IR-20,province,,24.7,,,4,Asia/Tehran,FALSE,1364960763
Takht-e Shāh Neshīn,Takht-e Shah Neshin,,31.2007,53.3157,Iran,IR,IRN,Yazd,Yazd,IR-21,province,,9.8,,,5,Asia/Tehran,FALSE,1364503038
Galleh Āmīrī,Galleh Amiri,,32.4400,49.0230,Iran,IR,IRN,Khūzestān,Khuzestan,IR-06,province,,28.2,,,4,Asia/Tehran,FALSE,1364708862
Jalālīyeh,Jalaliyeh,,37.2731,48.8536,Iran,IR,IRN,Ardabīl,Ardabil,IR-24,province,,31.2,,,4,Asia/Tehran,FALSE,1364450439
Sānjūd,Sanjud,Sāyenjūd,36.5132,46.6979,Iran,IR,IRN,Āz̄arbāyjān-e Gharbī,Azarbayjan-e Gharbi,IR-04,province,,40.9,,,4,Asia/Tehran,FALSE,1364564350
Ḩeşārak,Hesarak,’eşārak,26.3633,60.0673,Iran,IR,IRN,Sīstān va Balūchestān,Sistan va Baluchestan,IR-11,province,,13.2,,,4,Asia/Tehran,FALSE,1364704128
Sar Kūl,Sar Kul,Sar Kūl Khānī,33.1480,48.6414,Iran,IR,IRN,Lorestān,Lorestan,IR-15,province,,87.0,,,4,Asia/Tehran,FALSE,1364356046
Sar Kūl,Sar Kul,,33.0274,49.5971,Iran,IR,IRN,Lorestān,Lorestan,IR-15,province,,27.1,,,4,Asia/Tehran,TRUE,1364675572
Sar Kūl,Sar Kul,Sar-i-Kūl,32.9542,49.0449,Iran,IR,IRN,Lorestān,Lorestan,IR-15,province,,27.1,,,4,Asia/Tehran,TRUE,1364964303
Genāveh,Genaveh,Ganāveh,31.2226,50.6652,Iran,IR,IRN,Kohgīlūyeh va Bowyer Aḩmad,Kohgiluyeh va Bowyer Ahmad,IR-17,province,,30.8,,,4,Asia/Tehran,FALSE,1364422659
Sheykh Ya‘qūb,Sheykh Ya`qub,Şafar|Şafar Ya‘qūb|Ya‘qūb,32.0650,48.5225,Iran,IR,IRN,Khūzestān,Khuzestan,IR-06,province,,98.2,,,4,Asia/Tehran,FALSE,1364000627
Ḩoseynābād-e Ābshūr,Hoseynabad-e Abshur,Ḩassanābād-e Āb Shūr|Hosein Abad Abshoor,28.6862,58.9610,Iran,IR,IRN,Kermān,Kerman,IR-08,province,,11.2,,,4,Asia/Tehran,FALSE,1364963042
Ţūrāghāy,Turaghay,Ţowrāghā’ī,37.0872,46.3123,Iran,IR,IRN,Āz̄arbāyjān-e Sharqī,Azarbayjan-e Sharqi,IR-03,province,,128.9,,,4,Asia/Tehran,FALSE,1364681187
Seh Ganūk,Seh Ganuk,,28.8686,60.7465,Iran,IR,IRN,Sīstān va Balūchestān,Sistan va Baluchestan,IR-11,province,,17.5,,,4,Asia/Tehran,FALSE,1364595500
Esteqlāl,Esteqlal,,32.3907,47.8955,Iran,IR,IRN,Īlām,Ilam,IR-16,province,,11.0,,,4,Asia/Tehran,FALSE,1364732419
Meşrābād,Mesrabad,Misrābād,35.8692,48.1642,Iran,IR,IRN,Zanjān,Zanjan,IR-19,province,,34.8,,,4,Asia/Tehran,FALSE,1364565025
Harūz,Haruz,,30.7456,57.0472,Iran,IR,IRN,Kermān,Kerman,IR-08,province,,3.1,,,5,Asia/Tehran,FALSE,1364354827
Ḩarnūb,Harnub,,30.3500,48.2242,Iran,IR,IRN,Khūzestān,Khuzestan,IR-06,province,,101.4,,,4,Asia/Tehran,FALSE,1364401515
Shāh Chehel Tan,Shah Chehel Tan,,31.0604,56.5614,Iran,IR,IRN,Kermān,Kerman,IR-08,province,,31.9,,,4,Asia/Tehran,FALSE,1364802251
Homand,Homand,Hāmūn|Hamund|Hamond|Hamand,32.4707,58.8678,Iran,IR,IRN,Khorāsān-e Jonūbī,Khorasan-e Jonubi,IR-29,province,,15.1,,,4,Asia/Tehran,FALSE,1364961627
Mīān Tang,Mian Tang,,30.4994,51.0809,Iran,IR,IRN,Kohgīlūyeh va Bowyer Aḩmad,Kohgiluyeh va Bowyer Ahmad,IR-17,province,,20.2,,,4,Asia/Tehran,FALSE,1364001714
Asbestān,Asbestan,Asbetsān|Asfastān|Aspastan|Asfatān|Asbastār,36.3578,49.5390,Iran,IR,IRN,Qazvīn,Qazvin,IR-26,province,,89.2,,,4,Asia/Tehran,FALSE,1364217124
Chūnzaq,Chunzaq,Chūndaraq,39.0017,48.0258,Iran,IR,IRN,Ardabīl,Ardabil,IR-24,province,,35.6,,,4,Asia/Tehran,FALSE,1364765301
Chelī Chāy,Cheli Chay,,37.7896,56.5243,Iran,IR,IRN,Khorāsān-e Shomālī,Khorasan-e Shomali,IR-28,province,,20.1,,,4,Asia/Tehran,FALSE,1364191371
Kūrrān-e Sanjābī,Kurran-e Sanjabi,,34.5006,46.5984,Iran,IR,IRN,Kermānshāh,Kermanshah,IR-05,province,,201.1,,,3,Asia/Tehran,FALSE,1364001893
Khūnīkī,Khuniki,,32.8217,59.8469,Iran,IR,IRN,Khorāsān-e Jonūbī,Khorasan-e Jonubi,IR-29,province,,10.1,,,4,Asia/Tehran,FALSE,1364074241
‘Orfī,`Orfi,‘Alafī|Arfī,36.1289,59.5228,Iran,IR,IRN,Khorāsān-e Raẕavī,Khorasan-e Razavi,IR-09,,,372.5,,,3,Asia/Tehran,FALSE,1364771691
Maḩalleh-ye Rūbārādīm,Mahalleh-ye Rubaradim,,37.1111,49.2889,Iran,IR,IRN,Gīlān,Gilan,IR-01,province,,86.3,,,4,Asia/Tehran,FALSE,1364537973
Sangāb,Sangab,,35.7302,61.1354,Iran,IR,IRN,Khorāsān-e Raẕavī,Khorasan-e Razavi,IR-09,,,36.7,,,4,Asia/Tehran,FALSE,1364589884
Kūy-e Lāy-e ‘Abdollāhābād,Kuy-e Lay-e `Abdollahabad,,30.4033,55.2536,Iran,IR,IRN,Kermān,Kerman,IR-08,province,,5.3,,,5,Asia/Tehran,FALSE,1364754578
Gol Gangag,Gol Gangag,,35.6975,52.1208,Iran,IR,IRN,Tehrān,Tehran,IR-23,province,,57.0,,,4,Asia/Tehran,FALSE,1364233203
Seyyed Dāvūd,Seyyed Davud,,31.9267,48.4842,Iran,IR,IRN,Khūzestān,Khuzestan,IR-06,province,,61.4,,,4,Asia/Tehran,FALSE,1364916400
Seyyed Dāvūd,Seyyed Davud,,28.9043,52.3766,Iran,IR,IRN,Fārs,Fars,IR-07,province,,35.2,,,4,Asia/Tehran,FALSE,1364420020
Torūjen-e Bālā Maḩalleh,Torujen-e Bala Mahalleh,Torūjen|Borūjen,36.6767,53.4974,Iran,IR,IRN,Māzandarān,Mazandaran,IR-02,province,,112.7,,,4,Asia/Tehran,FALSE,1364000506
Seyyed Dāvūd,Seyyed Davud,,34.4451,45.5879,Iran,IR,IRN,Kermānshāh,Kermanshah,IR-05,province,,14.5,,,4,Asia/Tehran,FALSE,1364966704
Khāl,Khal,,37.4879,48.9496,Iran,IR,IRN,Gīlān,Gilan,IR-01,province,,94.3,,,4,Asia/Tehran,FALSE,1364808134
Bālā Shīr Nesā,Bala Shir Nesa,,37.1421,50.0665,Iran,IR,IRN,Gīlān,Gilan,IR-01,province,,447.7,,,3,Asia/Tehran,FALSE,1364003881
Zand,Zand,,37.5929,48.1549,Iran,IR,IRN,Ardabīl,Ardabil,IR-24,province,,17.4,,,4,Asia/Tehran,FALSE,1364618582
Mastaleh,Mastaleh,,38.4478,47.2717,Iran,IR,IRN,Āz̄arbāyjān-e Sharqī,Azarbayjan-e Sharqi,IR-03,province,,49.0,,,4,Asia/Tehran,FALSE,1364382584
‘Eshqābād-e Kohneh,`Eshqabad-e Kohneh,‘Eshqābād,36.0774,58.8952,Iran,IR,IRN,Khorāsān-e Raẕavī,Khorasan-e Razavi,IR-09,,,56.4,,,4,Asia/Tehran,FALSE,1364960500
Sūrū,Suru,Surūn|S̄ūrū,33.7973,58.7476,Iran,IR,IRN,Khorāsān-e Jonūbī,Khorasan-e Jonubi,IR-29,province,,10.8,,,4,Asia/Tehran,FALSE,1364533970
Ḩoseynābād-e Sar Garīch,Hoseynabad-e Sar Garich,Deh-e Balūch|Ḩoseynābād,28.0950,57.4805,Iran,IR,IRN,Kermān,Kerman,IR-08,province,,17.2,,,4,Asia/Tehran,FALSE,1364682536
Samī‘ābād-e Pā’īn,Sami`abad-e Pa'in,,35.1319,60.9103,Iran,IR,IRN,Khorāsān-e Raẕavī,Khorasan-e Razavi,IR-09,,,36.7,,,4,Asia/Tehran,FALSE,1364729062
Zanhār Kandī,Zanhar Kandi,Zīnhār,36.5441,47.0799,Iran,IR,IRN,Āz̄arbāyjān-e Gharbī,Azarbayjan-e Gharbi,IR-04,province,,32.8,,,4,Asia/Tehran,FALSE,1364564224
Mozrownkolā,Mozrownkola,Mūrān Kolā,36.4161,52.3379,Iran,IR,IRN,Māzandarān,Mazandaran,IR-02,province,,130.3,,,4,Asia/Tehran,FALSE,1364329856
Sūrū,Suru,Sorū|Siru|Soro|Sūrak,27.1623,56.2366,Iran,IR,IRN,Hormozgān,Hormozgan,IR-22,province,,73.9,,,4,Asia/Tehran,FALSE,1364302546
Sūrū,Suru,Shūru|Soroo,26.7711,54.5173,Iran,IR,IRN,Hormozgān,Hormozgan,IR-22,province,,22.8,,,4,Asia/Tehran,TRUE,1364585655
Sar Tall Gah,Sar Tall Gah,,32.7117,48.6143,Iran,IR,IRN,Khūzestān,Khuzestan,IR-06,province,,100.4,,,4,Asia/Tehran,FALSE,1364708818
Şāleḩābād,Salehabad,,36.0955,58.8794,Iran,IR,IRN,Khorāsān-e Raẕavī,Khorasan-e Razavi,IR-09,,,56.4,,,4,Asia/Tehran,FALSE,1364964617
Şāleḩābād,Salehabad,,36.1734,58.7525,Iran,IR,IRN,Khorāsān-e Raẕavī,Khorasan-e Razavi,IR-09,,,56.4,,,4,Asia/Tehran,TRUE,1364118241
Şāleḩābād,Salehabad,,35.3976,59.0388,Iran,IR,IRN,Khorāsān-e Raẕavī,Khorasan-e Razavi,IR-09,,,42.4,,,4,Asia/Tehran,TRUE,1364688584
Şāleḩābād,Salehabad,,35.6881,61.0955,Iran,IR,IRN,Khorāsān-e Raẕavī,Khorasan-e Razavi,IR-09,,,36.7,,,4,Asia/Tehran,TRUE,1364441180
Şāleḩābād,Salehabad,Şālehābād-e Kūchak,36.1896,57.6978,Iran,IR,IRN,Khorāsān-e Raẕavī,Khorasan-e Razavi,IR-09,,,13.2,,,4,Asia/Tehran,TRUE,1364017081
Şāleḩābād,Salehabad,Sālābād,28.7350,58.9848,Iran,IR,IRN,Kermān,Kerman,IR-08,province,,11.2,,,4,Asia/Tehran,FALSE,1364982941
Şāleḩābād,Salehabad,,29.3114,56.4863,Iran,IR,IRN,Kermān,Kerman,IR-08,province,,2.9,,,5,Asia/Tehran,TRUE,1364029226
Īlānlū,Ilanlu,Mārān,35.4829,47.9215,Iran,IR,IRN,Hamadān,Hamadan,IR-13,province,,37.4,,,4,Asia/Tehran,FALSE,1364590305
Qal‘eh-ye Ḩoseynābād,Qal`eh-ye Hoseynabad,,28.9067,54.9447,Iran,IR,IRN,Fārs,Fars,IR-07,province,,12.4,,,4,Asia/Tehran,FALSE,1364768037
Şāleḩābād,Salehabad,,30.8450,49.6482,Iran,IR,IRN,Khūzestān,Khuzestan,IR-06,province,,43.4,,,4,Asia/Tehran,FALSE,1364373055
Tāsīān,Tasian,,27.2496,61.7137,Iran,IR,IRN,Sīstān va Balūchestān,Sistan va Baluchestan,IR-11,province,,11.2,,,4,Asia/Tehran,FALSE,1364674911
Jūnbū,Junbu,Gheybī-ye Bālā|Jūnū,33.5657,48.7035,Iran,IR,IRN,Lorestān,Lorestan,IR-15,province,,87.0,,,4,Asia/Tehran,FALSE,1364854070
Cham Faraj-e Yek,Cham Faraj-e Yek,,31.7869,49.0218,Iran,IR,IRN,Khūzestān,Khuzestan,IR-06,province,,95.0,,,4,Asia/Tehran,FALSE,1364698907
Zeynābād,Zeynabad,Zin Abad,30.4535,56.0948,Iran,IR,IRN,Kermān,Kerman,IR-08,province,,36.0,,,4,Asia/Tehran,FALSE,1364018914
Shahrak-e Shahīd-e Barjāī-ye Tazraj,Shahrak-e Shahid-e Barjai-ye Tazraj,,28.2809,55.7625,Iran,IR,IRN,Hormozgān,Hormozgan,IR-22,province,,7.1,,,5,Asia/Tehran,FALSE,1364437143
Yengejeh-ye Sādāt,Yengejeh-ye Sadat,Yengjeh Sādāt|Yengejeh-ye Şādāt,38.6991,45.5219,Iran,IR,IRN,Āz̄arbāyjān-e Sharqī,Azarbayjan-e Sharqi,IR-03,province,,77.1,,,4,Asia/Tehran,FALSE,1364207189
‘Alī Tappeh,`Ali Tappeh,Tappeh,36.6858,53.5878,Iran,IR,IRN,Māzandarān,Mazandaran,IR-02,province,,112.7,,,4,Asia/Tehran,FALSE,1364103480
Ilāq,Ilaq,,35.4597,47.3161,Iran,IR,IRN,Kordestān,Kordestan,IR-12,province,,36.2,,,4,Asia/Tehran,FALSE,1364939132
Chāh Zangī,Chah Zangi,,27.4028,57.9703,Iran,IR,IRN,Kermān,Kerman,IR-08,province,,8.8,,,5,Asia/Tehran,FALSE,1364670025
Deh Sang,Deh Sang,,27.6051,57.2413,Iran,IR,IRN,Hormozgān,Hormozgan,IR-22,province,,38.5,,,4,Asia/Tehran,FALSE,1364105069
Chahār Qārch,Chahar Qarch,,33.5672,56.6233,Iran,IR,IRN,Khorāsān-e Jonūbī,Khorasan-e Jonubi,IR-29,province,,1.4,,,5,Asia/Tehran,FALSE,1364933196
Īlābād,Ilabad,,36.8329,58.8908,Iran,IR,IRN,Khorāsān-e Raẕavī,Khorasan-e Razavi,IR-09,,,47.6,,,4,Asia/Tehran,FALSE,1364542007
Pā-ye Āb,Pa-ye Ab,Pa yi Āb|Paiāb,30.1833,57.2333,Iran,IR,IRN,Kermān,Kerman,IR-08,province,,18.0,,,4,Asia/Tehran,FALSE,1364887470
Dar-e Ādamī,Dar-e Adami,Darreh Ādamī,30.7803,56.8347,Iran,IR,IRN,Kermān,Kerman,IR-08,province,,3.1,,,5,Asia/Tehran,FALSE,1364210742
Bon Rīz,Bon Riz,,26.5344,58.0903,Iran,IR,IRN,Hormozgān,Hormozgan,IR-22,province,,5.6,,,5,Asia/Tehran,FALSE,1364960950
Qezeljeh-ye Arshad,Qezeljeh-ye Arshad,,37.0247,47.0764,Iran,IR,IRN,Āz̄arbāyjān-e Sharqī,Azarbayjan-e Sharqi,IR-03,province,,10.0,,,5,Asia/Tehran,FALSE,1364470239
Qal‘eh-ye Māshkīd,Qal`eh-ye Mashkid,,27.0118,62.4749,Iran,IR,IRN,Sīstān va Balūchestān,Sistan va Baluchestan,IR-11,province,,7.4,,,5,Asia/Tehran,FALSE,1364582113
Maḩmū’ī,Mahmu'i,Mahmoodi|Maḩmūdī,27.8242,57.2708,Iran,IR,IRN,Hormozgān,Hormozgan,IR-22,province,,45.9,,,4,Asia/Tehran,FALSE,1364641080
Ākerd,Akerd,,36.4321,53.6918,Iran,IR,IRN,Māzandarān,Mazandaran,IR-02,province,,93.0,,,4,Asia/Tehran,FALSE,1364251255
Mahmū’ī,Mahmu'i,Maḩmūd,33.3284,59.3493,Iran,IR,IRN,Khorāsān-e Jonūbī,Khorasan-e Jonubi,IR-29,province,,14.0,,,4,Asia/Tehran,FALSE,1364808671
Mahmū’ī,Mahmu'i,,33.7366,59.2378,Iran,IR,IRN,Khorāsān-e Jonūbī,Khorasan-e Jonubi,IR-29,province,,10.8,,,4,Asia/Tehran,TRUE,1364462159
Kalāteh-ye Jal Galān,Kalateh-ye Jal Galan,,36.8781,58.5145,Iran,IR,IRN,Khorāsān-e Raẕavī,Khorasan-e Razavi,IR-09,,,45.5,,,4,Asia/Tehran,FALSE,1364808983
Shahabābād,Shahababad,,28.0300,58.5056,Iran,IR,IRN,Kermān,Kerman,IR-08,province,,23.1,,,4,Asia/Tehran,FALSE,1364898344
Shahābābād,Shahababad,Shāhābād|Shahbābād,28.7475,59.0302,Iran,IR,IRN,Kermān,Kerman,IR-08,province,,11.2,,,4,Asia/Tehran,TRUE,1364246863
Bālā Lāsak,Bala Lasak,,37.0200,49.4134,Iran,IR,IRN,Gīlān,Gilan,IR-01,province,,81.7,,,4,Asia/Tehran,FALSE,1364674024
Aḩshām-e Asad,Ahsham-e Asad,,28.2862,56.6320,Iran,IR,IRN,Kermān,Kerman,IR-08,province,,14.9,,,4,Asia/Tehran,FALSE,1364279384
Khūrīān,Khurian,Khowryān|Kharīān,36.3255,54.8903,Iran,IR,IRN,Semnān,Semnan,IR-20,province,,4.8,,,5,Asia/Tehran,FALSE,1364002309
Shahābābād,Shahababad,Khorramābād|Shāmābād,29.6087,53.1938,Iran,IR,IRN,Fārs,Fars,IR-07,province,,49.8,,,4,Asia/Tehran,FALSE,1364223583
Abū Ḩanā,Abu Hana,Abū ’anā,27.6827,53.0384,Iran,IR,IRN,Fārs,Fars,IR-07,province,,24.0,,,4,Asia/Tehran,FALSE,1364508435
Gūzheh-ye Soflá,Guzheh-ye Sofla,Gūzheh|Gūyzheh-ye Pā’īn,34.1628,47.6083,Iran,IR,IRN,Lorestān,Lorestan,IR-15,province,,57.0,,,4,Asia/Tehran,FALSE,1364650843
Deh Gerdū,Deh Gerdu,Deh Gardu|Deh-e Gerdū,31.2122,52.2706,Iran,IR,IRN,Fārs,Fars,IR-07,province,,19.1,,,4,Asia/Tehran,FALSE,1364285546
Deh Gerdū,Deh Gerdu,,30.3514,51.6640,Iran,IR,IRN,Fārs,Fars,IR-07,province,,10.9,,,4,Asia/Tehran,TRUE,1364217659
Ţāle‘ Rūdbār,Tale` Rudbar,,36.0551,53.0523,Iran,IR,IRN,Māzandarān,Mazandaran,IR-02,province,,27.7,,,4,Asia/Tehran,FALSE,1364167279
Cheshmeh Khān,Cheshmeh Khan,,27.0612,61.5885,Iran,IR,IRN,Sīstān va Balūchestān,Sistan va Baluchestan,IR-11,province,,11.2,,,4,Asia/Tehran,FALSE,1364718806
Bāqer Kandī,Baqer Kandi,,39.1116,45.2245,Iran,IR,IRN,Āz̄arbāyjān-e Gharbī,Azarbayjan-e Gharbi,IR-04,province,,31.7,,,4,Asia/Tehran,FALSE,1364478939
Chāpārkhāneh-ye Gūrābjī,Chaparkhaneh-ye Gurabji,Chāpār Khāneh|Chefar-Khane|Jāpar Khāneh,37.4286,49.6441,Iran,IR,IRN,Gīlān,Gilan,IR-01,province,,862.0,,,3,Asia/Tehran,FALSE,1364811212
Ahābād,Ahabad,,28.8864,58.8706,Iran,IR,IRN,Kermān,Kerman,IR-08,province,,20.6,,,4,Asia/Tehran,FALSE,1364449301
Ḩājjīābād-e Yūjān,Hajjiabad-e Yujan,Qal‘eh Now|Ḩājjīābād|Ḩājīābād-e Yūjān,33.7336,50.1450,Iran,IR,IRN,Markazī,Markazi,IR-00,,,42.7,,,4,Asia/Tehran,FALSE,1364569269
Deh-e Ghafūr,Deh-e Ghafur,,30.8833,61.7667,Iran,IR,IRN,Sīstān va Balūchestān,Sistan va Baluchestan,IR-11,province,,112.1,,,4,Asia/Tehran,FALSE,1364892044
Rābarī,Rabari,,36.9913,46.0940,Iran,IR,IRN,Āz̄arbāyjān-e Gharbī,Azarbayjan-e Gharbi,IR-04,province,,142.8,,,4,Asia/Tehran,FALSE,1364526486
Zīārat-e Seyyed Moḩammad,Ziarat-e Seyyed Mohammad,Ziyārat Saiyid Muhammad,29.8667,59.9667,Iran,IR,IRN,Sīstān va Balūchestān,Sistan va Baluchestan,IR-11,province,,17.5,,,4,Asia/Tehran,FALSE,1364097207
Chād Gār,Chad Gar,Chāh Dakār,28.3010,61.3314,Iran,IR,IRN,Sīstān va Balūchestān,Sistan va Baluchestan,IR-11,province,,6.9,,,5,Asia/Tehran,FALSE,1364766304
Ūzneh,Uzneh,,35.6500,52.4667,Iran,IR,IRN,Tehrān,Tehran,IR-23,province,,57.0,,,4,Asia/Tehran,FALSE,1364558200
Cherī,Cheri,,36.4258,51.2711,Iran,IR,IRN,Māzandarān,Mazandaran,IR-02,province,,76.6,,,4,Asia/Tehran,FALSE,1364856608
Chāh-e Fatḩ ‘Alī,Chah-e Fath `Ali,,27.5500,59.2667,Iran,IR,IRN,Sīstān va Balūchestān,Sistan va Baluchestan,IR-11,province,,6.0,,,5,Asia/Tehran,FALSE,1364431404
Cheshmeh Vazān,Cheshmeh Vazan,,38.4120,47.0028,Iran,IR,IRN,Āz̄arbāyjān-e Sharqī,Azarbayjan-e Sharqi,IR-03,province,,49.0,,,4,Asia/Tehran,FALSE,1364871594
Saqqāchāl,Saqqachal,Sīgh Chāl,37.9256,48.7362,Iran,IR,IRN,Gīlān,Gilan,IR-01,province,,98.4,,,4,Asia/Tehran,FALSE,1364003125
Kharājī,Kharaji,Kherāji|Khāriji,32.0935,50.8310,Iran,IR,IRN,Chahār Maḩāl va Bakhtīārī,Chahar Mahal va Bakhtiari,IR-14,province,,41.5,,,4,Asia/Tehran,FALSE,1364700741
Sheykh Ḩoseynlū,Sheykh Hoseynlu,Sheykh Ḩasanlū|Shaikh Husain|Shikhuseyn|Sheykh Ḩoseyn,38.9489,46.8291,Iran,IR,IRN,Āz̄arbāyjān-e Sharqī,Azarbayjan-e Sharqi,IR-03,province,,24.0,,,4,Asia/Tehran,FALSE,1364069715
Shīlāt-e Pol-e Rūd,Shilat-e Pol-e Rud,,37.1133,50.3353,Iran,IR,IRN,Gīlān,Gilan,IR-01,province,,104.4,,,4,Asia/Tehran,FALSE,1364293999
Gardūk,Garduk,,26.0653,59.7955,Iran,IR,IRN,Sīstān va Balūchestān,Sistan va Baluchestan,IR-11,province,,13.2,,,4,Asia/Tehran,FALSE,1364931480
Deh-e Eskel,Deh-e Eskel,Deh-e Eskīl|Eskel,31.0346,61.6089,Iran,IR,IRN,Sīstān va Balūchestān,Sistan va Baluchestan,IR-11,province,,11.6,,,4,Asia/Tehran,FALSE,1364626895
Zerar,Zerar,,37.1000,48.3333,Iran,IR,IRN,Sīstān va Balūchestān,Sistan va Baluchestan,IR-11,province,,84.6,,,4,Asia/Tehran,FALSE,1364677537
Delītangū,Delitangu,Nāgasīseh|Tākasīseh-e ‘Olyā,31.1003,50.9696,Iran,IR,IRN,Kohgīlūyeh va Bowyer Aḩmad,Kohgiluyeh va Bowyer Ahmad,IR-17,province,,79.1,,,4,Asia/Tehran,FALSE,1364439363
Ḩamzehābād,Hamzehabad,Ḩamzehābād-e Āqā Jān,30.8170,61.4584,Iran,IR,IRN,Sīstān va Balūchestān,Sistan va Baluchestan,IR-11,province,,11.6,,,4,Asia/Tehran,FALSE,1364157771
Ḩamzehābād,Hamzehabad,,34.7667,47.8500,Iran,IR,IRN,Hamadān,Hamadan,IR-13,province,,93.7,,,4,Asia/Tehran,FALSE,1364943772
Ḩamzehābād,Hamzehabad,,32.4039,50.3394,Iran,IR,IRN,Chahār Maḩāl va Bakhtīārī,Chahar Mahal va Bakhtiari,IR-14,province,,9.8,,,5,Asia/Tehran,FALSE,1364174748
Deh-e Ḩājjī,Deh-e Hajji,Ḩājjī,31.1280,61.7794,Iran,IR,IRN,Sīstān va Balūchestān,Sistan va Baluchestan,IR-11,province,,72.0,,,4,Asia/Tehran,FALSE,1364941636
Deh-e Ḩājjī,Deh-e Hajji,Karīm,31.1776,61.5015,Iran,IR,IRN,Sīstān va Balūchestān,Sistan va Baluchestan,IR-11,province,,11.6,,,4,Asia/Tehran,TRUE,1364001592
Deh-e Ḩājjī,Deh-e Hajji,Deh Ḩājjī|Deh Ḩājī,33.5892,49.3574,Iran,IR,IRN,Lorestān,Lorestan,IR-15,province,,51.1,,,4,Asia/Tehran,TRUE,1364792999
Beyẕābād,Beyzabad,,36.8721,45.3387,Iran,IR,IRN,Āz̄arbāyjān-e Gharbī,Azarbayjan-e Gharbi,IR-04,province,,116.5,,,4,Asia/Tehran,FALSE,1364680991
Mazra‘eh-ye Nūrābād-e Yek,Mazra`eh-ye Nurabad-e Yek,,34.0730,51.4190,Iran,IR,IRN,Eşfahān,Esfahan,IR-10,province,,18.1,,,4,Asia/Tehran,FALSE,1364574667
Āghūzbon,Aghuzbon,,37.0203,49.6872,Iran,IR,IRN,Gīlān,Gilan,IR-01,province,,37.3,,,4,Asia/Tehran,FALSE,1364144536
Bābā Kūhī,Baba Kuhi,,27.9484,56.1464,Iran,IR,IRN,Hormozgān,Hormozgan,IR-22,province,,7.1,,,5,Asia/Tehran,FALSE,1364871171
Vardeh,Vardeh,Deh Bāl,30.5814,51.0431,Iran,IR,IRN,Kohgīlūyeh va Bowyer Aḩmad,Kohgiluyeh va Bowyer Ahmad,IR-17,province,,20.2,,,4,Asia/Tehran,FALSE,1364394630
Kahn Marvān,Kahn Marvan,Kohan Marvān,29.3456,56.7158,Iran,IR,IRN,Kermān,Kerman,IR-08,province,,2.9,,,5,Asia/Tehran,FALSE,1364272926
‘Omrān,`Omran,,36.7902,50.6969,Iran,IR,IRN,Māzandarān,Mazandaran,IR-02,province,,59.2,,,4,Asia/Tehran,FALSE,1364602719
Qezel Qeshlāq,Qezel Qeshlaq,Qizil Qishlāq|Kizil Qishlāq|Qeshlāg|Ghezel Gheshlagh,39.0881,45.3772,Iran,IR,IRN,Āz̄arbāyjān-e Gharbī,Azarbayjan-e Gharbi,IR-04,province,,31.7,,,4,Asia/Tehran,TRUE,1364575428
Bokrān,Bokran,Bakrān,36.5813,55.8574,Iran,IR,IRN,Semnān,Semnan,IR-20,province,,4.8,,,5,Asia/Tehran,FALSE,1364073005
Bāyrām Solţān,Bayram Soltan,,34.6358,45.9161,Iran,IR,IRN,Kermānshāh,Kermanshah,IR-05,province,,97.5,,,4,Asia/Tehran,FALSE,1364642814
Mowlpatān,Mowlpatan,,26.6088,59.7085,Iran,IR,IRN,Sīstān va Balūchestān,Sistan va Baluchestan,IR-11,province,,13.2,,,4,Asia/Tehran,FALSE,1364343028
Mīrī Şabūrī,Miri Saburi,Man Dūst Koshteh,27.7063,58.1224,Iran,IR,IRN,Kermān,Kerman,IR-08,province,,8.8,,,5,Asia/Tehran,FALSE,1364467631
Sāţī-ye Vostá,Sati-ye Vosta,,38.3735,47.4064,Iran,IR,IRN,Ardabīl,Ardabil,IR-24,province,,36.0,,,4,Asia/Tehran,FALSE,1364306416
Qūlar,Qular,Qūyler,36.7079,46.2862,Iran,IR,IRN,Āz̄arbāyjān-e Gharbī,Azarbayjan-e Gharbi,IR-04,province,,106.6,,,4,Asia/Tehran,TRUE,1364266443
Maḩalleh-ye Kāvol Kash,Mahalleh-ye Kavol Kash,,37.1202,49.2867,Iran,IR,IRN,Gīlān,Gilan,IR-01,province,,86.3,,,4,Asia/Tehran,FALSE,1364149809
Qarah Āqāj-e Bālā,Qarah Aqaj-e Bala,Qarah Āghāj-e Bālā,37.6606,56.8267,Iran,IR,IRN,Khorāsān-e Shomālī,Khorasan-e Shomali,IR-28,province,,20.1,,,4,Asia/Tehran,FALSE,1364724381
Amīrnān,Amirnan,Amīrnāl,36.2259,50.5413,Iran,IR,IRN,Alborz,Alborz,IR-30,province,,33.1,,,4,Asia/Tehran,FALSE,1364914769
Gharībābād-e Shandak,Gharibabad-e Shandak,,28.4329,60.4891,Iran,IR,IRN,Sīstān va Balūchestān,Sistan va Baluchestan,IR-11,province,,6.9,,,5,Asia/Tehran,FALSE,1364349872
Āghdāsh,Aghdash,Āqdāsh,37.1508,45.9215,Iran,IR,IRN,Āz̄arbāyjān-e Gharbī,Azarbayjan-e Gharbi,IR-04,province,,142.8,,,4,Asia/Tehran,FALSE,1364085086
Āghdāsh,Aghdash,,39.0994,44.6288,Iran,IR,IRN,Āz̄arbāyjān-e Gharbī,Azarbayjan-e Gharbi,IR-04,province,,24.7,,,4,Asia/Tehran,TRUE,1364936582
Sīchū,Sichu,Sī Jūb,35.3987,59.1992,Iran,IR,IRN,Khorāsān-e Raẕavī,Khorasan-e Razavi,IR-09,,,26.7,,,4,Asia/Tehran,FALSE,1364282304
Darreh Bādām-e Mīāneh,Darreh Badam-e Mianeh,,33.0167,49.6833,Iran,IR,IRN,Eşfahān,Esfahan,IR-10,province,,16.8,,,4,Asia/Tehran,FALSE,1364335638
Valīābād,Valiabad,,35.9041,45.9259,Iran,IR,IRN,Kordestān,Kordestan,IR-12,province,,104.5,,,4,Asia/Tehran,FALSE,1364316046
Valīābād,Valiabad,Walīābād,35.0462,47.8453,Iran,IR,IRN,Kordestān,Kordestan,IR-12,province,,24.1,,,4,Asia/Tehran,TRUE,1364475582
Sīsābād,Sisabad,Ḩoseynābād,36.3390,59.6542,Iran,IR,IRN,Khorāsān-e Raẕavī,Khorasan-e Razavi,IR-09,,,372.5,,,3,Asia/Tehran,FALSE,1364572642
Bon Tūmān-e Do,Bon Tuman-e Do,Bontūmān-e Do,33.4068,47.9557,Iran,IR,IRN,Lorestān,Lorestan,IR-15,province,,18.9,,,4,Asia/Tehran,FALSE,1364868457
Mateh Kolā,Mateh Kola,Mad Kolū|Mad Kūlā,36.1958,53.0320,Iran,IR,IRN,Māzandarān,Mazandaran,IR-02,province,,27.7,,,4,Asia/Tehran,FALSE,1364326007
Hadeh,Hadeh,,37.7768,48.6992,Iran,IR,IRN,Gīlān,Gilan,IR-01,province,,98.4,,,4,Asia/Tehran,FALSE,1364003113
Dār Bādām-e Soflá,Dar Badam-e Sofla,Aḩmad Koshteh-ye Dārbādām,34.0189,46.4203,Iran,IR,IRN,Kermānshāh,Kermanshah,IR-05,province,,28.1,,,4,Asia/Tehran,FALSE,1364027552
‘Abbāsābād-e Qūsheh,`Abbasabad-e Qusheh,Abbāsābād-i-Qūsheh,32.8667,59.2167,Iran,IR,IRN,Khorāsān-e Jonūbī,Khorasan-e Jonubi,IR-29,province,,15.1,,,4,Asia/Tehran,FALSE,1364309491
Şandūqābād,Sanduqabad,Saufīlābād|Şandoqābād,35.0281,47.9736,Iran,IR,IRN,Kordestān,Kordestan,IR-12,province,,24.1,,,4,Asia/Tehran,FALSE,1364891633
Aḩmadābād-e Mashīr,Ahmadabad-e Mashir,Aḩmadābād-e Moshīr|Mollā Bāshī,31.7933,54.4614,Iran,IR,IRN,Yazd,Yazd,IR-21,province,,279.4,,,3,Asia/Tehran,FALSE,1364223271
Kānī Chāy,Kani Chay,Kānī Chā’ī,35.2771,47.6024,Iran,IR,IRN,Kordestān,Kordestan,IR-12,province,,24.1,,,4,Asia/Tehran,FALSE,1364423233
Kānī Chāy,Kani Chay,Kānī Chā‘ī,36.1092,47.0000,Iran,IR,IRN,Kordestān,Kordestan,IR-12,province,,20.4,,,4,Asia/Tehran,TRUE,1364495532
Moḩammad ‘Abbāsī,Mohammad `Abbasi,Mazra‘eh-ye Moḩammad ‘Abbāsī,27.5753,53.3717,Iran,IR,IRN,Fārs,Fars,IR-07,province,,32.0,,,4,Asia/Tehran,FALSE,1364346247
‘Abbāsābād Manzelak,`Abbasabad Manzelak,Kord Khalaj,35.1933,50.3145,Iran,IR,IRN,Markazī,Markazi,IR-00,,,51.8,,,4,Asia/Tehran,FALSE,1364252583
‘Alamdār,`Alamdar,Alamdār,36.5155,52.7099,Iran,IR,IRN,Māzandarān,Mazandaran,IR-02,province,,364.4,,,3,Asia/Tehran,FALSE,1364172195
Qal‘eh-ye Tūmājlar,Qal`eh-ye Tumajlar,Tūmāj Ar|Now Mājlar|Now Māchlar,36.9804,54.2888,Iran,IR,IRN,Golestān,Golestan,IR-27,province,,24.5,,,4,Asia/Tehran,FALSE,1364473932
Mazra‘eh-ye Qanāt Bīd,Mazra`eh-ye Qanat Bid,Ḩājāt,29.2388,57.1882,Iran,IR,IRN,Kermān,Kerman,IR-08,province,,67.0,,,4,Asia/Tehran,FALSE,1364502161
Keydūn,Keydun,,28.7308,61.1631,Iran,IR,IRN,Sīstān va Balūchestān,Sistan va Baluchestan,IR-11,province,,17.5,,,4,Asia/Tehran,FALSE,1364249120
Rūbanī,Rubani,Qalātak,29.9728,51.7846,Iran,IR,IRN,Fārs,Fars,IR-07,province,,10.9,,,4,Asia/Tehran,FALSE,1364271611
Īncheh Qeshlāq,Incheh Qeshlaq,Āqcheh Qeshlāq,38.4884,45.0081,Iran,IR,IRN,Āz̄arbāyjān-e Gharbī,Azarbayjan-e Gharbi,IR-04,province,,74.6,,,4,Asia/Tehran,FALSE,1364122512
Qanbar Shāh,Qanbar Shah,Qanbarābād,35.9010,49.6370,Iran,IR,IRN,Qazvīn,Qazvin,IR-26,province,,66.1,,,4,Asia/Tehran,FALSE,1364165319
Kalāteh-ye Ardeshīr Shādlū,Kalateh-ye Ardeshir Shadlu,,37.5021,57.4518,Iran,IR,IRN,Khorāsān-e Shomālī,Khorasan-e Shomali,IR-28,province,,75.6,,,4,Asia/Tehran,FALSE,1364242432
Chegīreh,Chegireh,,32.9252,48.5282,Iran,IR,IRN,Khūzestān,Khuzestan,IR-06,province,,56.7,,,4,Asia/Tehran,FALSE,1364221593
Kolā Gar Sarā,Kola Gar Sara,,36.6088,52.5296,Iran,IR,IRN,Māzandarān,Mazandaran,IR-02,province,,637.3,,,3,Asia/Tehran,FALSE,1364210162
Sardāb,Sardab,,36.7603,48.9287,Iran,IR,IRN,Zanjān,Zanjan,IR-19,province,,24.4,,,4,Asia/Tehran,FALSE,1364374208
Ravank,Ravank,Ravang,36.5213,59.0886,Iran,IR,IRN,Khorāsān-e Raẕavī,Khorasan-e Razavi,IR-09,,,47.7,,,4,Asia/Tehran,FALSE,1364626112
Kīān Sarlāt,Kian Sarlat,Kīāsarlāt,36.0291,51.2356,Iran,IR,IRN,Alborz,Alborz,IR-30,province,,1202.6,,,3,Asia/Tehran,FALSE,1364450589
Bādāmestān-e Bālā,Badamestan-e Bala,,30.9833,50.3500,Iran,IR,IRN,Kohgīlūyeh va Bowyer Aḩmad,Kohgiluyeh va Bowyer Ahmad,IR-17,province,,30.8,,,4,Asia/Tehran,FALSE,1364180772
Sardāb,Sardab,,35.8365,45.8175,Iran,IR,IRN,Kordestān,Kordestan,IR-12,province,,104.5,,,4,Asia/Tehran,FALSE,1364272682
Sardāb,Sardab,Sārdēp|Sārdāp|Sardan|Sādīp,26.6731,61.4596,Iran,IR,IRN,Sīstān va Balūchestān,Sistan va Baluchestan,IR-11,province,,15.5,,,4,Asia/Tehran,FALSE,1364905153
Bīār,Biar,,34.8170,46.9447,Iran,IR,IRN,Kordestān,Kordestan,IR-12,province,,51.6,,,4,Asia/Tehran,FALSE,1364546351
Chāl Davah Owlan,Chal Davah Owlan,,39.2333,47.4333,Iran,IR,IRN,Āz̄arbāyjān-e Sharqī,Azarbayjan-e Sharqi,IR-03,province,,7.7,,,5,Asia/Tehran,FALSE,1364110990
Deh Som,Deh Som,Deh-e Sam|Deh Sam,30.9512,50.8735,Iran,IR,IRN,Kohgīlūyeh va Bowyer Aḩmad,Kohgiluyeh va Bowyer Ahmad,IR-17,province,,79.1,,,4,Asia/Tehran,FALSE,1364233745
Pīsh Rūdkhāneh,Pish Rudkhaneh,Hodkūnū,30.2121,55.3753,Iran,IR,IRN,Kermān,Kerman,IR-08,province,,5.3,,,5,Asia/Tehran,FALSE,1364342669
Dam-e Eshgaft,Dam-e Eshgaft,,31.1210,50.6760,Iran,IR,IRN,Kohgīlūyeh va Bowyer Aḩmad,Kohgiluyeh va Bowyer Ahmad,IR-17,province,,79.1,,,4,Asia/Tehran,FALSE,1364476885
Tūyeh Rūdbār,Tuyeh Rudbar,Tūyeh Darvār|Turndbār|Ţorūdbār|Tooyeh|Turudbār|Tūyeh,36.4477,54.1646,Iran,IR,IRN,Semnān,Semnan,IR-20,province,,6.7,,,4,Asia/Tehran,FALSE,1364689862
Bowz,Bowz,,31.8394,53.9231,Iran,IR,IRN,Yazd,Yazd,IR-21,province,,7.0,,,5,Asia/Tehran,FALSE,1364799074
Kalāt,Kalat,Kalāt ol ‘Abīd|Kalat al Abeid|Qala-āt al ‘Abaid,26.7268,53.8929,Iran,IR,IRN,Hormozgān,Hormozgan,IR-22,province,,22.8,,,4,Asia/Tehran,FALSE,1364950297
Āhangar Kolā-ye Soflá,Ahangar Kola-ye Sofla,,36.6000,52.4833,Iran,IR,IRN,Māzandarān,Mazandaran,IR-02,province,,434.1,,,3,Asia/Tehran,FALSE,1364827036
Kahūr ‘Abbās,Kahur `Abbas,Chāhūk,26.9806,58.5276,Iran,IR,IRN,Kermān,Kerman,IR-08,province,,8.8,,,5,Asia/Tehran,FALSE,1364066744
Jongī,Jongi,,31.6868,50.1490,Iran,IR,IRN,Khūzestān,Khuzestan,IR-06,province,,58.1,,,4,Asia/Tehran,FALSE,1364060425
Kalāt,Kalat,,37.2192,57.4099,Iran,IR,IRN,Khorāsān-e Shomālī,Khorasan-e Shomali,IR-28,province,,27.0,,,4,Asia/Tehran,FALSE,1364700786
Afdil,Afdil,,32.3500,59.3500,Iran,IR,IRN,Khorāsān-e Jonūbī,Khorasan-e Jonubi,IR-29,province,,4.8,,,5,Asia/Tehran,FALSE,1364979199
Bīlī,Bili,,37.3336,48.9425,Iran,IR,IRN,Gīlān,Gilan,IR-01,province,,139.2,,,4,Asia/Tehran,FALSE,1364421646
Pol-e Sūltālī,Pol-e Sultali,,34.5333,60.1500,Iran,IR,IRN,Khorāsān-e Raẕavī,Khorasan-e Razavi,IR-09,,,14.9,,,4,Asia/Tehran,FALSE,1364749494
Ḩoseynīyeh-ye Soflá,Hoseyniyeh-ye Sofla,Ḩoseynīyeh-ye Pā’īn|Ḩoseynīyeh-ye Chāseb|Ḩoseynīyeh,30.9193,49.4296,Iran,IR,IRN,Khūzestān,Khuzestan,IR-06,province,,28.4,,,4,Asia/Tehran,FALSE,1364647909
Alamābād,Alamabad,,28.5815,60.4029,Iran,IR,IRN,Sīstān va Balūchestān,Sistan va Baluchestan,IR-11,province,,6.9,,,5,Asia/Tehran,FALSE,1364072266
Mobārakābād,Mobarakabad,‘Abbāsābād,33.6805,52.0523,Iran,IR,IRN,Eşfahān,Esfahan,IR-10,province,,11.2,,,4,Asia/Tehran,FALSE,1364558461
Bahādor Bayk,Bahador Bayk,Bahādūr Beg|Mālek-e Ashtar|Bahādor Beyg,34.9523,48.3149,Iran,IR,IRN,Hamadān,Hamadan,IR-13,province,,96.4,,,4,Asia/Tehran,FALSE,1364556518
Dehaleh,Dehaleh,Deh Vāleh,33.7772,48.6395,Iran,IR,IRN,Lorestān,Lorestan,IR-15,province,,223.8,,,3,Asia/Tehran,FALSE,1364626470
Artak,Artak,,32.1750,50.0394,Iran,IR,IRN,Chahār Maḩāl va Bakhtīārī,Chahar Mahal va Bakhtiari,IR-14,province,,9.8,,,5,Asia/Tehran,FALSE,1364179664
Kolang,Kolang,Band-i-Katang|Band-e Kolang,26.4000,57.9667,Iran,IR,IRN,Hormozgān,Hormozgan,IR-22,province,,5.6,,,5,Asia/Tehran,FALSE,1364884491
Talkhān,Talkhan,Talkhāb,33.4406,46.8545,Iran,IR,IRN,Īlām,Ilam,IR-16,province,,44.1,,,4,Asia/Tehran,FALSE,1364556033
Gavīgān,Gavigan,Gūy Kan,29.0725,57.7714,Iran,IR,IRN,Kermān,Kerman,IR-08,province,,67.0,,,4,Asia/Tehran,FALSE,1364102792
Chāh Zard-e Qāder,Chah Zard-e Qader,,29.2184,60.3996,Iran,IR,IRN,Sīstān va Balūchestān,Sistan va Baluchestan,IR-11,province,,17.5,,,4,Asia/Tehran,FALSE,1364001545
Qāqolābād,Qaqolabad,,36.3806,46.0035,Iran,IR,IRN,Āz̄arbāyjān-e Gharbī,Azarbayjan-e Gharbi,IR-04,province,,48.2,,,4,Asia/Tehran,FALSE,1364962930
Lārab,Larab,Vakīlābād|Lārak,28.9148,61.4286,Iran,IR,IRN,Sīstān va Balūchestān,Sistan va Baluchestan,IR-11,province,,17.5,,,4,Asia/Tehran,FALSE,1364311669
Yangābād,Yangabad,Jangābād|Yengābād|Yankābād,32.3031,52.2081,Iran,IR,IRN,Eşfahān,Esfahan,IR-10,province,,162.4,,,4,Asia/Tehran,FALSE,1364723780
Sīāh Rashkak,Siah Rashkak,,28.3837,60.5934,Iran,IR,IRN,Sīstān va Balūchestān,Sistan va Baluchestan,IR-11,province,,6.9,,,5,Asia/Tehran,FALSE,1364414299
Vaqfī,Vaqfi,,37.1601,49.1129,Iran,IR,IRN,Gīlān,Gilan,IR-01,province,,86.3,,,4,Asia/Tehran,FALSE,1364114714
Dowmūkī,Dowmuki,,27.0449,62.5145,Iran,IR,IRN,Sīstān va Balūchestān,Sistan va Baluchestan,IR-11,province,,7.4,,,5,Asia/Tehran,FALSE,1364516478
‘Alī Ḩasan-e Soflá,`Ali Hasan-e Sofla,,34.4636,46.5600,Iran,IR,IRN,Kermānshāh,Kermanshah,IR-05,province,,201.1,,,3,Asia/Tehran,FALSE,1364067917
Khā’īn,Kha'in,Khū’īn,27.7583,55.6030,Iran,IR,IRN,Hormozgān,Hormozgan,IR-22,province,,73.9,,,4,Asia/Tehran,FALSE,1364951839
Mīrzā Nez̧ām,Mirza Nezam,,36.8937,46.2570,Iran,IR,IRN,Āz̄arbāyjān-e Gharbī,Azarbayjan-e Gharbi,IR-04,province,,40.9,,,4,Asia/Tehran,FALSE,1364770225
Mazra‘eh-ye Dāneh Gerd,Mazra`eh-ye Daneh Gerd,Dāneh Jerd|Dāneh Gerd,34.2081,51.4100,Iran,IR,IRN,Eşfahān,Esfahan,IR-10,province,,18.1,,,4,Asia/Tehran,FALSE,1364317910
Māmūdān,Mamudan,,37.3185,49.8256,Iran,IR,IRN,Gīlān,Gilan,IR-01,province,,862.0,,,3,Asia/Tehran,FALSE,1364287280
Sa’ad,Sa'ad,,31.7500,48.6167,Iran,IR,IRN,Khūzestān,Khuzestan,IR-06,province,,61.4,,,4,Asia/Tehran,FALSE,1364839645
Mūdī,Mudi,,36.0467,46.8135,Iran,IR,IRN,Kordestān,Kordestan,IR-12,province,,20.4,,,4,Asia/Tehran,FALSE,1364731870
Āteshkūh,Ateshkuh,Ātish Kūh|Ateshkooh|Ātash Kūh,33.8744,50.6346,Iran,IR,IRN,Markazī,Markazi,IR-00,,,31.1,,,4,Asia/Tehran,FALSE,1364491509
Kalāt-e Barāt,Kalat-e Barat,,33.1525,59.5947,Iran,IR,IRN,Khorāsān-e Jonūbī,Khorasan-e Jonubi,IR-29,province,,10.1,,,4,Asia/Tehran,FALSE,1364635099
Shahr-e Beyk,Shahr-e Beyk,,32.4025,49.8447,Iran,IR,IRN,Chahār Maḩāl va Bakhtīārī,Chahar Mahal va Bakhtiari,IR-14,province,,9.8,,,5,Asia/Tehran,FALSE,1364133099
Galleh Khāneh,Galleh Khaneh,Galah Khāneh|Qaleh Khāneh,37.8190,46.6441,Iran,IR,IRN,Āz̄arbāyjān-e Sharqī,Azarbayjan-e Sharqi,IR-03,province,,33.3,,,4,Asia/Tehran,FALSE,1364958988
Moḩammad Sheykh ol Eslāmī,Mohammad Sheykh ol Eslami,,36.6333,51.4167,Iran,IR,IRN,Māzandarān,Mazandaran,IR-02,province,,76.6,,,4,Asia/Tehran,FALSE,1364402867
Malīā,Malia,,32.8943,49.6137,Iran,IR,IRN,Lorestān,Lorestan,IR-15,province,,27.1,,,4,Asia/Tehran,FALSE,1364003700
Shūrī,Shuri,Sar Gorīch-e Bālā|Sargerīch ‘Oleyā|Sar Gorīch|Sar Gerīch|Sargarīch-e Bālā,28.1530,57.4855,Iran,IR,IRN,Kermān,Kerman,IR-08,province,,17.2,,,4,Asia/Tehran,FALSE,1364477709
Shūrī,Shuri,,29.0478,57.9069,Iran,IR,IRN,Kermān,Kerman,IR-08,province,,12.9,,,4,Asia/Tehran,TRUE,1364110840
Sar Dak,Sar Dak,,28.1432,57.5978,Iran,IR,IRN,Kermān,Kerman,IR-08,province,,17.2,,,4,Asia/Tehran,FALSE,1364925637
Līvījān,Livijan,,36.2615,52.2278,Iran,IR,IRN,Māzandarān,Mazandaran,IR-02,province,,130.3,,,4,Asia/Tehran,FALSE,1364463522
Deh-e Taqī,Deh-e Taqi,,30.5196,57.2486,Iran,IR,IRN,Kermān,Kerman,IR-08,province,,18.0,,,4,Asia/Tehran,FALSE,1364687693
Deh-e Taqī,Deh-e Taqi,,30.6737,56.9847,Iran,IR,IRN,Kermān,Kerman,IR-08,province,,3.1,,,5,Asia/Tehran,TRUE,1364386374
Anbāj,Anbaj,,35.8498,51.6762,Iran,IR,IRN,Tehrān,Tehran,IR-23,province,,46.5,,,4,Asia/Tehran,FALSE,1364586087
Gorgān,Gorgan,,34.1138,50.6654,Iran,IR,IRN,Markazī,Markazi,IR-00,,,26.4,,,4,Asia/Tehran,FALSE,1364003304
Gorgān,Gorgan,,34.7430,46.8593,Iran,IR,IRN,Kermānshāh,Kermanshah,IR-05,province,,201.1,,,3,Asia/Tehran,FALSE,1364656160
Qanāt Chamrān,Qanat Chamran,,29.3093,56.7627,Iran,IR,IRN,Kermān,Kerman,IR-08,province,,2.9,,,5,Asia/Tehran,FALSE,1364119598
Damdarreh,Damdarreh,Dom Darreh,30.7463,50.7138,Iran,IR,IRN,Kohgīlūyeh va Bowyer Aḩmad,Kohgiluyeh va Bowyer Ahmad,IR-17,province,,26.4,,,4,Asia/Tehran,FALSE,1364926496
Gorgān,Gorgan,,37.0387,58.8353,Iran,IR,IRN,Khorāsān-e Raẕavī,Khorasan-e Razavi,IR-09,,,45.5,,,4,Asia/Tehran,FALSE,1364573175
Gorgān,Gorgan,Kargān,27.6475,57.3011,Iran,IR,IRN,Kermān,Kerman,IR-08,province,,14.7,,,4,Asia/Tehran,FALSE,1364768518
Mūsá,Musa,,36.2419,45.7492,Iran,IR,IRN,Āz̄arbāyjān-e Gharbī,Azarbayjan-e Gharbi,IR-04,province,,106.6,,,4,Asia/Tehran,FALSE,1364975085
Mūsá,Musa,Mūs,39.5689,44.5248,Iran,IR,IRN,Āz̄arbāyjān-e Gharbī,Azarbayjan-e Gharbi,IR-04,province,,13.4,,,4,Asia/Tehran,TRUE,1364382945
Sar Band-e Maskūn,Sar Band-e Maskun,Sar Band,28.9525,57.8811,Iran,IR,IRN,Kermān,Kerman,IR-08,province,,67.0,,,4,Asia/Tehran,FALSE,1364667417
Anjīr-e Sīāh,Anjir-e Siah,,31.1192,50.4592,Iran,IR,IRN,Kohgīlūyeh va Bowyer Aḩmad,Kohgiluyeh va Bowyer Ahmad,IR-17,province,,30.8,,,4,Asia/Tehran,FALSE,1364780190
Anjīr-e Sīāh,Anjir-e Siah,,30.5171,50.7475,Iran,IR,IRN,Kohgīlūyeh va Bowyer Aḩmad,Kohgiluyeh va Bowyer Ahmad,IR-17,province,,30.1,,,4,Asia/Tehran,TRUE,1364118271
Sol Ḩasan,Sol Hasan,,37.9000,44.5167,Iran,IR,IRN,Āz̄arbāyjān-e Gharbī,Azarbayjan-e Gharbi,IR-04,province,,97.6,,,4,Asia/Tehran,FALSE,1364532440
Chāh-e Gholām ‘Alī,Chah-e Gholam `Ali,Chāq ol Maḩallī|Tolombeh-ye Chāqol Maḩallī|Chāqot Maḩallī,30.8269,56.2267,Iran,IR,IRN,Kermān,Kerman,IR-08,province,,31.9,,,4,Asia/Tehran,FALSE,1364233491
Līr Sūkhteh,Lir Sukhteh,,30.9967,50.8497,Iran,IR,IRN,Kohgīlūyeh va Bowyer Aḩmad,Kohgiluyeh va Bowyer Ahmad,IR-17,province,,79.1,,,4,Asia/Tehran,FALSE,1364979123
Bakhsh,Bakhsh,Bakhash,26.0953,60.7100,Iran,IR,IRN,Sīstān va Balūchestān,Sistan va Baluchestan,IR-11,province,,13.2,,,4,Asia/Tehran,FALSE,1364472850
Khosravī,Khosravi,Khusravi,33.5925,59.1584,Iran,IR,IRN,Khorāsān-e Jonūbī,Khorasan-e Jonubi,IR-29,province,,10.8,,,4,Asia/Tehran,FALSE,1364928059
Khosravī,Khosravi,Khusrawi,32.1997,59.5579,Iran,IR,IRN,Khorāsān-e Jonūbī,Khorasan-e Jonubi,IR-29,province,,2.1,,,5,Asia/Tehran,TRUE,1364931500
Vāleshābād,Valeshabad,,36.8628,54.6263,Iran,IR,IRN,Golestān,Golestan,IR-27,province,,378.4,,,3,Asia/Tehran,FALSE,1364835319
Ḩasan Mollā,Hasan Molla,Kalāteh Hasan Mulla,32.2667,58.8667,Iran,IR,IRN,Khorāsān-e Jonūbī,Khorasan-e Jonubi,IR-29,province,,15.1,,,4,Asia/Tehran,FALSE,1364662299
Bakhsh,Bakhsh,,28.0669,51.4683,Iran,IR,IRN,Būshehr,Bushehr,IR-18,province,,26.6,,,4,Asia/Tehran,FALSE,1364517599
Chah Kūshk,Chah Kushk,,28.8833,52.8833,Iran,IR,IRN,Fārs,Fars,IR-07,province,,35.2,,,4,Asia/Tehran,FALSE,1364633995
Bahmanābād,Bahmanabad,,37.4893,58.9301,Iran,IR,IRN,Khorāsān-e Raẕavī,Khorasan-e Razavi,IR-09,,,18.7,,,4,Asia/Tehran,TRUE,1364918218
Pīshī Darreh,Pishi Darreh,Peshī Dar|Pīsh Darreh,37.3072,56.8007,Iran,IR,IRN,Khorāsān-e Shomālī,Khorasan-e Shomali,IR-28,province,,4.6,,,5,Asia/Tehran,FALSE,1364671233
Ardīrashk,Ardirashk,Andirushk,31.4400,54.3075,Iran,IR,IRN,Yazd,Yazd,IR-21,province,,6.5,,,4,Asia/Tehran,FALSE,1364207251
Kūr Cheshmeh,Kur Cheshmeh,,37.4733,59.1183,Iran,IR,IRN,Khorāsān-e Raẕavī,Khorasan-e Razavi,IR-09,,,18.7,,,4,Asia/Tehran,FALSE,1364110888
Bādlūn,Badlun,Bādelān|Badalan|Badlān,31.5933,50.3378,Iran,IR,IRN,Khūzestān,Khuzestan,IR-06,province,,58.1,,,4,Asia/Tehran,FALSE,1364332008
Qal‘eh-ye Shojā’ī,Qal`eh-ye Shoja'i,,30.7971,50.2125,Iran,IR,IRN,Khūzestān,Khuzestan,IR-06,province,,63.7,,,4,Asia/Tehran,FALSE,1364004038
Deh-e Pā’īn,Deh-e Pa'in,Pā’īn,27.1345,53.8236,Iran,IR,IRN,Fārs,Fars,IR-07,province,,24.0,,,4,Asia/Tehran,FALSE,1364462039
Deh-e Pā’īn,Deh-e Pa'in,Deh Pā’īn|Qal‘eh-ye ‘Ajam,29.7861,53.7035,Iran,IR,IRN,Fārs,Fars,IR-07,province,,12.4,,,4,Asia/Tehran,TRUE,1364993147
Boneh-ye Vāregeh Jān,Boneh-ye Varegeh Jan,,32.5427,48.8341,Iran,IR,IRN,Khūzestān,Khuzestan,IR-06,province,,100.4,,,4,Asia/Tehran,FALSE,1364880092
Tuvaik,Tuvaik,,31.3000,49.2833,Iran,IR,IRN,Khūzestān,Khuzestan,IR-06,province,,202.8,,,3,Asia/Tehran,FALSE,1364938127
Nūk-e Jū,Nuk-e Ju,,27.2167,60.5000,Iran,IR,IRN,Sīstān va Balūchestān,Sistan va Baluchestan,IR-11,province,,7.8,,,5,Asia/Tehran,FALSE,1364520297
Āhī Maḩalleh,Ahi Mahalleh,,36.6113,52.3280,Iran,IR,IRN,Māzandarān,Mazandaran,IR-02,province,,407.2,,,3,Asia/Tehran,FALSE,1364895104
Zīrgar,Zirgar,,27.9615,59.2808,Iran,IR,IRN,Sīstān va Balūchestān,Sistan va Baluchestan,IR-11,province,,6.0,,,5,Asia/Tehran,FALSE,1364885987
Ābād,Abad,,26.6604,60.1012,Iran,IR,IRN,Sīstān va Balūchestān,Sistan va Baluchestan,IR-11,province,,13.2,,,4,Asia/Tehran,FALSE,1364409540
Bahmanābād,Bahmanabad,Şamşām-e Bakhtīārī,33.4881,49.8942,Iran,IR,IRN,Markazī,Markazi,IR-00,,,42.7,,,4,Asia/Tehran,FALSE,1364440556
Rashīdābād,Rashidabad,,33.2187,49.1673,Iran,IR,IRN,Lorestān,Lorestan,IR-15,province,,27.1,,,4,Asia/Tehran,FALSE,1364088802
Belāshābād,Belashabad,Malāshābād|Bāleshābād,36.3688,57.5373,Iran,IR,IRN,Khorāsān-e Raẕavī,Khorasan-e Razavi,IR-09,,,13.2,,,4,Asia/Tehran,FALSE,1364361291
Rashīdābād,Rashidabad,,35.9560,47.0400,Iran,IR,IRN,Kordestān,Kordestan,IR-12,province,,20.4,,,4,Asia/Tehran,FALSE,1364443877
Bālā Maḩalleh-ye Tamūshel,Bala Mahalleh-ye Tamushel,Bālā Tamūshel|Tokhm-e Shāl|Tokhmishal|Tokhm Shol|Tokhm-e Shal,37.1573,49.9390,Iran,IR,IRN,Gīlān,Gilan,IR-01,province,,387.7,,,3,Asia/Tehran,FALSE,1364152216
Boz Bīsheh,Boz Bisheh,Bar Bīsheh|Buz Bishah,33.8072,58.9083,Iran,IR,IRN,Khorāsān-e Jonūbī,Khorasan-e Jonubi,IR-29,province,,10.8,,,4,Asia/Tehran,FALSE,1364805252
Kardar Konār-e Torsh,Kardar Konar-e Torsh,,27.0876,57.0447,Iran,IR,IRN,Hormozgān,Hormozgan,IR-22,province,,38.7,,,4,Asia/Tehran,FALSE,1364009481
Salkh,Salkh,Salk,36.6705,50.1205,Iran,IR,IRN,Qazvīn,Qazvin,IR-26,province,,37.3,,,4,Asia/Tehran,FALSE,1364239393
Chavīlān,Chavilan,,32.0166,50.3141,Iran,IR,IRN,Chahār Maḩāl va Bakhtīārī,Chahar Mahal va Bakhtiari,IR-14,province,,17.6,,,4,Asia/Tehran,FALSE,1364004217
Şamadīyeh,Samadiyeh,,36.0207,58.7860,Iran,IR,IRN,Khorāsān-e Raẕavī,Khorasan-e Razavi,IR-09,,,56.4,,,4,Asia/Tehran,FALSE,1364494160
Badīl,Badil,Khān Moḩammad|Deh Khān Moḩammad,30.9045,61.5378,Iran,IR,IRN,Sīstān va Balūchestān,Sistan va Baluchestan,IR-11,province,,112.1,,,4,Asia/Tehran,FALSE,1364446163
Kārgāh,Kargah,,28.3501,56.8360,Iran,IR,IRN,Kermān,Kerman,IR-08,province,,14.9,,,4,Asia/Tehran,FALSE,1364331861
Kārgāh,Kargah,,28.4181,56.9947,Iran,IR,IRN,Kermān,Kerman,IR-08,province,,14.9,,,4,Asia/Tehran,TRUE,1364253279
Qal‘eh Kohneh,Qal`eh Kohneh,Qal‘eh-ye Kohneh|Qalāt-e Kohneh|Ghal‘eh Kohneh,27.9879,57.7062,Iran,IR,IRN,Kermān,Kerman,IR-08,province,,38.9,,,4,Asia/Tehran,FALSE,1364540828
Tājābād,Tajabad,Tājīābād,33.7096,56.8227,Iran,IR,IRN,Khorāsān-e Jonūbī,Khorasan-e Jonubi,IR-29,province,,1.4,,,5,Asia/Tehran,FALSE,1364089307
Qolī Tappeh,Qoli Tappeh,Kālī Tappeh|Kālitepe,37.2480,55.4201,Iran,IR,IRN,Golestān,Golestan,IR-27,province,,40.0,,,4,Asia/Tehran,FALSE,1364974775
Reyḩāl,Reyhal,Īmān,38.4618,47.2757,Iran,IR,IRN,Āz̄arbāyjān-e Sharqī,Azarbayjan-e Sharqi,IR-03,province,,49.0,,,4,Asia/Tehran,FALSE,1364687552
Kūrī Jān,Kuri Jan,,37.3574,49.7824,Iran,IR,IRN,Gīlān,Gilan,IR-01,province,,862.0,,,3,Asia/Tehran,FALSE,1364410409
Qal‘eh Kohneh,Qal`eh Kohneh,,34.4402,46.9052,Iran,IR,IRN,Kermānshāh,Kermanshah,IR-05,province,,201.1,,,3,Asia/Tehran,FALSE,1364462001
Bīstūyeh,Bistuyeh,Bīsta’ū,27.4207,55.3971,Iran,IR,IRN,Hormozgān,Hormozgan,IR-22,province,,15.9,,,4,Asia/Tehran,FALSE,1364091054
Qal‘eh Kohneh,Qal`eh Kohneh,,28.9226,53.2512,Iran,IR,IRN,Fārs,Fars,IR-07,province,,38.6,,,4,Asia/Tehran,FALSE,1364638488
Rabīyān,Rabiyan,Rabī‘ān|Rabeyān|Rabīān,32.9749,59.4430,Iran,IR,IRN,Khorāsān-e Jonūbī,Khorasan-e Jonubi,IR-29,province,,15.1,,,4,Asia/Tehran,FALSE,1364771541
Tang-e Sorḩed,Tang-e Sorhed,Sarha|Sarkheh|Tang Sarḩeh|Sarḩeh|Tang Sorkheh|Tang Sarkheh|Tang-e Sorḩeh|Tang-e Sarkheh,26.5500,59.9331,Iran,IR,IRN,Sīstān va Balūchestān,Sistan va Baluchestan,IR-11,province,,13.2,,,4,Asia/Tehran,FALSE,1364302962
Qarūkī,Qaruki,,31.1256,61.7592,Iran,IR,IRN,Sīstān va Balūchestān,Sistan va Baluchestan,IR-11,province,,72.0,,,4,Asia/Tehran,FALSE,1364611020
Sāvāt,Savat,,29.0472,57.9856,Iran,IR,IRN,Kermān,Kerman,IR-08,province,,12.9,,,4,Asia/Tehran,FALSE,1364551829
Khān Bāz,Khan Baz,Gandūz,38.4029,47.4454,Iran,IR,IRN,Ardabīl,Ardabil,IR-24,province,,36.0,,,4,Asia/Tehran,FALSE,1364521107
Sīr Separānlū-ye Pā’īn,Sir Separanlu-ye Pa'in,Sīs Pārānlū-ye Pā’īn|Sīspārānlū-ye Soflá|Sīr Sīrānlū-ye Pā’īn,37.6907,58.0208,Iran,IR,IRN,Khorāsān-e Shomālī,Khorasan-e Shomali,IR-28,province,,40.7,,,4,Asia/Tehran,FALSE,1364114589
Pācheh Gāh,Pacheh Gah,Pah Chigha|Chaqā|Pāchgāh,32.3167,49.0500,Iran,IR,IRN,Khūzestān,Khuzestan,IR-06,province,,28.2,,,4,Asia/Tehran,FALSE,1364746103
Maḩalleh-ye Tappeh Koshtārgāh,Mahalleh-ye Tappeh Koshtargah,Tappeh-ye Koshtārgāh,34.7760,47.6076,Iran,IR,IRN,Kermānshāh,Kermanshah,IR-05,province,,35.8,,,4,Asia/Tehran,FALSE,1364922001
Nānpā,Nanpa,Nānpa|Nanpa,37.0269,49.8264,Iran,IR,IRN,Gīlān,Gilan,IR-01,province,,47.8,,,4,Asia/Tehran,FALSE,1364852607
Māndījān,Mandijan,,31.0961,51.4425,Iran,IR,IRN,Eşfahān,Esfahan,IR-10,province,,10.0,,,5,Asia/Tehran,FALSE,1364434882
Mazra‘eh-ye Palangūn,Mazra`eh-ye Palangun,Palangān,29.1092,54.3564,Iran,IR,IRN,Fārs,Fars,IR-07,province,,12.4,,,4,Asia/Tehran,FALSE,1364001900
Kāshk,Kashk,,36.3782,57.8989,Iran,IR,IRN,Khorāsān-e Raẕavī,Khorasan-e Razavi,IR-09,,,13.2,,,4,Asia/Tehran,FALSE,1364552502
Kāshk,Kashk,,36.0244,57.7509,Iran,IR,IRN,Khorāsān-e Raẕavī,Khorasan-e Razavi,IR-09,,,13.2,,,4,Asia/Tehran,TRUE,1364982437
Khālīār Maḩalleh,Khaliar Mahalleh,,37.6223,49.0387,Iran,IR,IRN,Gīlān,Gilan,IR-01,province,,94.3,,,4,Asia/Tehran,FALSE,1364556308
Ḩeşārlū,Hesarlu,,37.0038,46.6562,Iran,IR,IRN,Āz̄arbāyjān-e Gharbī,Azarbayjan-e Gharbi,IR-04,province,,142.8,,,4,Asia/Tehran,FALSE,1364155820
‘Alī Faraj,`Ali Faraj,,39.6299,44.5163,Iran,IR,IRN,Āz̄arbāyjān-e Gharbī,Azarbayjan-e Gharbi,IR-04,province,,13.4,,,4,Asia/Tehran,FALSE,1364235192
Āsīāb-e Mūsá,Asiab-e Musa,,34.4586,46.1677,Iran,IR,IRN,Kermānshāh,Kermanshah,IR-05,province,,18.6,,,4,Asia/Tehran,FALSE,1364544085
Yādegār,Yadegar,Yadgah|Kozma,37.2604,58.5823,Iran,IR,IRN,Khorāsān-e Raẕavī,Khorasan-e Razavi,IR-09,,,45.5,,,4,Asia/Tehran,FALSE,1364321374
Qeyşarābād,Qeysarabad,,35.5176,51.3134,Iran,IR,IRN,Tehrān,Tehran,IR-23,province,,1488.0,,,3,Asia/Tehran,FALSE,1364437061
Malīār-e Bālā,Maliar-e Bala,,36.7667,54.8167,Iran,IR,IRN,Golestān,Golestan,IR-27,province,,132.3,,,4,Asia/Tehran,FALSE,1364758139
Garkaz-e Tāzeh Yal,Garkaz-e Tazeh Yal,Garkaz,37.8155,56.4953,Iran,IR,IRN,Khorāsān-e Shomālī,Khorasan-e Shomali,IR-28,province,,20.1,,,4,Asia/Tehran,FALSE,1364366762
Kalkash,Kalkash,,36.5727,48.9015,Iran,IR,IRN,Zanjān,Zanjan,IR-19,province,,64.0,,,4,Asia/Tehran,TRUE,1364002948
Nez̧āmī,Nezami,Nez̧āmīn,35.4269,53.1853,Iran,IR,IRN,Semnān,Semnan,IR-20,province,,8.2,,,5,Asia/Tehran,FALSE,1364796558
Valah Lā,Valah La,,37.9473,48.7593,Iran,IR,IRN,Gīlān,Gilan,IR-01,province,,98.4,,,4,Asia/Tehran,FALSE,1364816172
Mazra‘eh-ye Golestān,Mazra`eh-ye Golestan,Golestān,33.7932,56.4353,Iran,IR,IRN,Khorāsān-e Jonūbī,Khorasan-e Jonubi,IR-29,province,,1.4,,,5,Asia/Tehran,FALSE,1364477863
Ādarān,Adaran,Adrān,35.9366,51.0691,Iran,IR,IRN,Alborz,Alborz,IR-30,province,,1202.6,,,3,Asia/Tehran,FALSE,1364294401
Gachūt,Gachut,Gajūt,39.3525,44.3713,Iran,IR,IRN,Āz̄arbāyjān-e Gharbī,Azarbayjan-e Gharbi,IR-04,province,,13.4,,,4,Asia/Tehran,FALSE,1364073122
Shūrāb,Shurab,,33.4124,59.4696,Iran,IR,IRN,Khorāsān-e Jonūbī,Khorasan-e Jonubi,IR-29,province,,15.1,,,4,Asia/Tehran,FALSE,1364467884
Shūrāb,Shurab,,33.2833,59.0667,Iran,IR,IRN,Khorāsān-e Jonūbī,Khorasan-e Jonubi,IR-29,province,,10.8,,,4,Asia/Tehran,TRUE,1364452913
Shūrāb,Shurab,,33.0554,60.1094,Iran,IR,IRN,Khorāsān-e Jonūbī,Khorasan-e Jonubi,IR-29,province,,10.1,,,4,Asia/Tehran,TRUE,1364788604
Shūrāb,Shurab,Shūr Āb,34.5450,50.6136,Iran,IR,IRN,Qom,Qom,IR-25,province,,121.5,,,4,Asia/Tehran,FALSE,1364437952
Shūrāb,Shurab,Chashmeh-ye Shūrāb|Chashmeh Shūrāb,33.1167,55.3000,Iran,IR,IRN,Qom,Qom,IR-25,province,,3.7,,,5,Asia/Tehran,TRUE,1364051186
Shūrāb,Shurab,,27.9494,56.7414,Iran,IR,IRN,Hormozgān,Hormozgan,IR-22,province,,7.1,,,5,Asia/Tehran,FALSE,1364801060
Shūrāb,Shurab,,26.3263,57.8269,Iran,IR,IRN,Hormozgān,Hormozgan,IR-22,province,,5.6,,,5,Asia/Tehran,TRUE,1364469945
Āsīāb,Asiab,,30.5000,51.7333,Iran,IR,IRN,Kohgīlūyeh va Bowyer Aḩmad,Kohgiluyeh va Bowyer Ahmad,IR-17,province,,79.1,,,4,Asia/Tehran,FALSE,1364883420
Deh Qodrat,Deh Qodrat,,31.2728,50.6522,Iran,IR,IRN,Kohgīlūyeh va Bowyer Aḩmad,Kohgiluyeh va Bowyer Ahmad,IR-17,province,,30.8,,,4,Asia/Tehran,FALSE,1364017851
Kūshāl,Kushal,,37.2326,50.0548,Iran,IR,IRN,Gīlān,Gilan,IR-01,province,,447.7,,,3,Asia/Tehran,FALSE,1364769492
Maḩalleh Hāshemābād,Mahalleh Hashemabad,,33.3362,49.8088,Iran,IR,IRN,Lorestān,Lorestan,IR-15,province,,27.1,,,4,Asia/Tehran,FALSE,1364003765
Āsīāb,Asiab,,35.5167,46.6500,Iran,IR,IRN,Kordestān,Kordestan,IR-12,province,,86.8,,,4,Asia/Tehran,FALSE,1364228388
Āsīāb,Asiab,Naspūrān,26.3862,59.8784,Iran,IR,IRN,Sīstān va Balūchestān,Sistan va Baluchestan,IR-11,province,,13.2,,,4,Asia/Tehran,FALSE,1364762049
‘Adlābād,`Adlabad,,35.6833,51.1000,Iran,IR,IRN,Tehrān,Tehran,IR-23,province,,1232.8,,,3,Asia/Tehran,FALSE,1364852893
Chāhkandak,Chahkandak,Chahkandūk|Chāh Kand|Chahkandak,32.7334,59.1100,Iran,IR,IRN,Khorāsān-e Jonūbī,Khorasan-e Jonubi,IR-29,province,,15.1,,,4,Asia/Tehran,FALSE,1364479333
Pā’īn Kūlā,Pa'in Kula,Pā’īn Kolā,36.4900,53.1272,Iran,IR,IRN,Māzandarān,Mazandaran,IR-02,province,,249.0,,,3,Asia/Tehran,FALSE,1364703765
Sarlūmān,Sarluman,,35.6016,52.1837,Iran,IR,IRN,Tehrān,Tehran,IR-23,province,,57.0,,,4,Asia/Tehran,FALSE,1364876579
Chāh-e Ayyed,Chah-e Ayyed,,27.7914,58.6622,Iran,IR,IRN,Kermān,Kerman,IR-08,province,,23.1,,,4,Asia/Tehran,FALSE,1364980680
Chāh-e Shīr Moḩammad Khān,Chah-e Shir Mohammad Khan,,34.5333,60.7000,Iran,IR,IRN,Khorāsān-e Raẕavī,Khorasan-e Razavi,IR-09,,,17.7,,,4,Asia/Tehran,FALSE,1364092508
Chāh Khārī,Chah Khari,Chāh-e Khārī,31.7518,60.3809,Iran,IR,IRN,Khorāsān-e Jonūbī,Khorasan-e Jonubi,IR-29,province,,2.1,,,5,Asia/Tehran,FALSE,1364053275
Mazra‘eh-ye Tavakkol Bāgh,Mazra`eh-ye Tavakkol Bagh,Tavakkolābād|Tavakkol Bāgh,36.9450,58.4124,Iran,IR,IRN,Khorāsān-e Raẕavī,Khorasan-e Razavi,IR-09,,,45.7,,,4,Asia/Tehran,FALSE,1364564960
Sūlūklū,Suluklu,Solūklū,38.9585,44.9434,Iran,IR,IRN,Āz̄arbāyjān-e Gharbī,Azarbayjan-e Gharbi,IR-04,province,,47.7,,,4,Asia/Tehran,FALSE,1364231902
Moḩammadīyeh,Mohammadiyeh,,36.5301,59.7487,Iran,IR,IRN,Khorāsān-e Raẕavī,Khorasan-e Razavi,IR-09,,,372.5,,,3,Asia/Tehran,FALSE,1364602317
Kalūk Sarī,Kaluk Sari,,27.6667,60.0000,Iran,IR,IRN,Sīstān va Balūchestān,Sistan va Baluchestan,IR-11,province,,7.8,,,5,Asia/Tehran,FALSE,1364882699
Gīlvandeh Rūd,Gilvandeh Rud,Dārām Dārām Bārān,37.1596,49.0658,Iran,IR,IRN,Gīlān,Gilan,IR-01,province,,86.3,,,4,Asia/Tehran,FALSE,1364548797
Tūy-e Bālā,Tuy-e Bala,,37.1605,57.0979,Iran,IR,IRN,Khorāsān-e Shomālī,Khorasan-e Shomali,IR-28,province,,27.0,,,4,Asia/Tehran,FALSE,1364544092
Golābād-e Soflá,Golabad-e Sofla,Golābād|Golābād-e Avval,31.0137,61.5278,Iran,IR,IRN,Sīstān va Balūchestān,Sistan va Baluchestan,IR-11,province,,11.6,,,4,Asia/Tehran,FALSE,1364792284
Jamāv,Jamav,Jamād,37.2313,49.0262,Iran,IR,IRN,Gīlān,Gilan,IR-01,province,,86.3,,,4,Asia/Tehran,FALSE,1364029123
Qovīn Ārūq-e ‘Olyā,Qovin Aruq-e `Olya,Qānyārūq-e ‘Olyā|Guniarūkh Bāla|Qānyārūq-e Bālā|Qanīāroq-e Bālā|Qānyāroq-e ‘Olyā|Qonyārūq-e ‘Olya,34.0538,49.5745,Iran,IR,IRN,Markazī,Markazi,IR-00,,,137.4,,,4,Asia/Tehran,FALSE,1364234714
Dashtak-e ‘Olyā,Dashtak-e `Olya,,31.3525,50.3972,Iran,IR,IRN,Kohgīlūyeh va Bowyer Aḩmad,Kohgiluyeh va Bowyer Ahmad,IR-17,province,,30.8,,,4,Asia/Tehran,FALSE,1364175903
Qābākh,Qabakh,,37.0941,59.5757,Iran,IR,IRN,Khorāsān-e Raẕavī,Khorasan-e Razavi,IR-09,,,10.7,,,4,Asia/Tehran,FALSE,1364965910
Barābar,Barabar,,30.5158,50.9567,Iran,IR,IRN,Kohgīlūyeh va Bowyer Aḩmad,Kohgiluyeh va Bowyer Ahmad,IR-17,province,,20.2,,,4,Asia/Tehran,FALSE,1364514703
Amānīyeh-e Kūchek,Amaniyeh-e Kuchek,Amānīyeh-ye Kūchak,31.3025,48.6300,Iran,IR,IRN,Eşfahān,Esfahan,IR-10,province,,220.2,,,3,Asia/Tehran,FALSE,1364081388
Gūrān Cham,Guran Cham,Gorūhān Cham,33.7322,47.7786,Iran,IR,IRN,Lorestān,Lorestan,IR-15,province,,31.5,,,4,Asia/Tehran,FALSE,1364899985
Zarmān,Zarman,Zarmun,35.7990,52.3078,Iran,IR,IRN,Tehrān,Tehran,IR-23,province,,15.8,,,4,Asia/Tehran,FALSE,1364999852
Cheshmeh Qāynāz,Cheshmeh Qaynaz,Oeynar,37.7833,56.1000,Iran,IR,IRN,Golestān,Golestan,IR-27,province,,21.8,,,4,Asia/Tehran,FALSE,1364974982
‘Alārūd,`Alarud,Alārwah|A‘lārūd|Alarva,36.9399,48.7466,Iran,IR,IRN,Zanjān,Zanjan,IR-19,province,,24.4,,,4,Asia/Tehran,FALSE,1364343674
Lāgaz,Lagaz,,33.4801,50.5574,Iran,IR,IRN,Eşfahān,Esfahan,IR-10,province,,57.1,,,4,Asia/Tehran,FALSE,1364632023
Nārak,Narak,Tārak,28.9634,53.0903,Iran,IR,IRN,Fārs,Fars,IR-07,province,,38.6,,,4,Asia/Tehran,FALSE,1364100716
Nārak,Narak,,28.5421,54.8110,Iran,IR,IRN,Fārs,Fars,IR-07,province,,32.1,,,4,Asia/Tehran,TRUE,1364128499
Nārak,Narak,,30.1839,51.6347,Iran,IR,IRN,Fārs,Fars,IR-07,province,,10.9,,,4,Asia/Tehran,TRUE,1364215455
Nārak,Narak,,28.8864,52.2606,Iran,IR,IRN,Fārs,Fars,IR-07,province,,7.8,,,5,Asia/Tehran,TRUE,1364962376
Dasht-e Ālān Dūzī,Dasht-e Alan Duzi,,37.9042,55.1869,Iran,IR,IRN,Golestān,Golestan,IR-27,province,,81.5,,,4,Asia/Tehran,FALSE,1364002328
Golūjeh-ye Eslām,Golujeh-ye Eslam,,37.4663,47.5510,Iran,IR,IRN,Āz̄arbāyjān-e Sharqī,Azarbayjan-e Sharqi,IR-03,province,,31.5,,,4,Asia/Tehran,FALSE,1364244704
Khārzār-e Bālā,Kharzar-e Bala,,33.3065,48.3928,Iran,IR,IRN,Lorestān,Lorestan,IR-15,province,,87.0,,,4,Asia/Tehran,FALSE,1364153715
Mīānrūdān,Mianrudan,Mīāndūrān|Meyānrūdān,33.4389,49.2508,Iran,IR,IRN,Lorestān,Lorestan,IR-15,province,,51.1,,,4,Asia/Tehran,FALSE,1364163694
Malekzādeh,Malekzadeh,Malakzāden,38.1801,45.8485,Iran,IR,IRN,Āz̄arbāyjān-e Sharqī,Azarbayjan-e Sharqi,IR-03,province,,48.4,,,4,Asia/Tehran,FALSE,1364016787
Kūsheh,Kusheh,Qeyşābād|Qaisābād|Gheis Abad|Feyẕābād|Qeysābād|Gūsheh,32.5477,59.0354,Iran,IR,IRN,Khorāsān-e Jonūbī,Khorasan-e Jonubi,IR-29,province,,15.1,,,4,Asia/Tehran,FALSE,1364785142
Rājūneh Kārī,Rajuneh Kari,Rājū Nekārī|Rejūneh Kārī|Rejūneh Dān,30.4986,51.4064,Iran,IR,IRN,Kohgīlūyeh va Bowyer Aḩmad,Kohgiluyeh va Bowyer Ahmad,IR-17,province,,79.1,,,4,Asia/Tehran,FALSE,1364554697
Kamar Āb,Kamar Ab,,31.9142,49.7567,Iran,IR,IRN,Khūzestān,Khuzestan,IR-06,province,,58.1,,,4,Asia/Tehran,FALSE,1364639849
Qal‘eh-ye Jalālābād,Qal`eh-ye Jalalabad,Jalālābād,36.2445,58.6218,Iran,IR,IRN,Khorāsān-e Raẕavī,Khorasan-e Razavi,IR-09,,,30.5,,,4,Asia/Tehran,FALSE,1364159269
Dasht Jīroft,Dasht Jiroft,,28.1088,57.7158,Iran,IR,IRN,Kermān,Kerman,IR-08,province,,11.0,,,4,Asia/Tehran,FALSE,1364971312
Sārtāp,Sartap,Sartāb,25.9962,60.5317,Iran,IR,IRN,Sīstān va Balūchestān,Sistan va Baluchestan,IR-11,province,,13.2,,,4,Asia/Tehran,FALSE,1364969652
Bozghān,Bozghan,,30.2356,52.0300,Iran,IR,IRN,Fārs,Fars,IR-07,province,,30.9,,,4,Asia/Tehran,FALSE,1364743574
Dowselāq,Dowselaq,Shahrak-e Dowselaq,32.2014,47.9356,Iran,IR,IRN,Khūzestān,Khuzestan,IR-06,province,,61.4,,,4,Asia/Tehran,FALSE,1364623940
Estakhr Sar,Estakhr Sar,,36.7633,50.8630,Iran,IR,IRN,Māzandarān,Mazandaran,IR-02,province,,59.2,,,4,Asia/Tehran,TRUE,1364470355
Estakhr Sar,Estakhr Sar,,36.1377,53.0353,Iran,IR,IRN,Māzandarān,Mazandaran,IR-02,province,,27.7,,,4,Asia/Tehran,TRUE,1364773490
Kīmālū,Kimalu,,29.6391,53.6636,Iran,IR,IRN,Fārs,Fars,IR-07,province,,12.4,,,4,Asia/Tehran,FALSE,1364062176
Yūzbāshī,Yuzbashi,,38.5637,48.3643,Iran,IR,IRN,Ardabīl,Ardabil,IR-24,province,,68.7,,,4,Asia/Tehran,FALSE,1364897329
Katemjān,Katemjan,Nowdeh,37.4208,49.2703,Iran,IR,IRN,Gīlān,Gilan,IR-01,province,,215.9,,,3,Asia/Tehran,FALSE,1364991780
Bāfarajī,Bafaraji,,36.8723,59.8468,Iran,IR,IRN,Khorāsān-e Raẕavī,Khorasan-e Razavi,IR-09,,,10.7,,,4,Asia/Tehran,FALSE,1364970110
Gandālzī-ye Jadīd,Gandalzi-ye Jadid,Gandālzār,31.5822,49.5319,Iran,IR,IRN,Khūzestān,Khuzestan,IR-06,province,,17.2,,,4,Asia/Tehran,FALSE,1364392017
Kahūr Boland,Kahur Boland,,27.6405,56.8161,Iran,IR,IRN,Hormozgān,Hormozgan,IR-22,province,,73.9,,,4,Asia/Tehran,FALSE,1364540426
Kalāt-e Mashāyekh,Kalat-e Mashayekh,,38.0167,48.8500,Iran,IR,IRN,Gīlān,Gilan,IR-01,province,,98.4,,,4,Asia/Tehran,FALSE,1364897778
Deh-e Ḩoseyn,Deh-e Hoseyn,Ḩoseynābad-e Kord,30.8896,61.5530,Iran,IR,IRN,Sīstān va Balūchestān,Sistan va Baluchestan,IR-11,province,,112.1,,,4,Asia/Tehran,FALSE,1364985834
Deh-e Ḩoseyn,Deh-e Hoseyn,Ḩoseyn Moḩammad,30.7436,61.3846,Iran,IR,IRN,Sīstān va Balūchestān,Sistan va Baluchestan,IR-11,province,,11.6,,,4,Asia/Tehran,TRUE,1364816870
Qareh Gālāsī Dāgh,Qareh Galasi Dagh,,39.0167,45.1833,Iran,IR,IRN,Āz̄arbāyjān-e Gharbī,Azarbayjan-e Gharbi,IR-04,province,,31.7,,,4,Asia/Tehran,FALSE,1364288826
Qareh Tappeh,Qareh Tappeh,,38.4747,47.6522,Iran,IR,IRN,Ardabīl,Ardabil,IR-24,province,,36.0,,,4,Asia/Tehran,FALSE,1364459033
Kījeh,Kijeh,Asadābād,36.4131,51.9130,Iran,IR,IRN,Māzandarān,Mazandaran,IR-02,province,,43.3,,,4,Asia/Tehran,FALSE,1364000611
Nīknām Deh,Niknam Deh,Vanāmeh|Vālāmeh,36.2047,51.6420,Iran,IR,IRN,Māzandarān,Mazandaran,IR-02,province,,43.3,,,4,Asia/Tehran,FALSE,1364516821
Seh Rāh-e Kolāb,Seh Rah-e Kolab,Kolāb-e Pā’īn,37.6328,49.0355,Iran,IR,IRN,Gīlān,Gilan,IR-01,province,,94.3,,,4,Asia/Tehran,FALSE,1364832632
Bīābānak,Biabanak,,35.4122,53.2676,Iran,IR,IRN,Semnān,Semnan,IR-20,province,,8.2,,,5,Asia/Tehran,FALSE,1364498900
Sangāb,Sangab,,35.4631,51.9917,Iran,IR,IRN,Semnān,Semnan,IR-20,province,,9.0,,,5,Asia/Tehran,FALSE,1364103718
Shahrak-e Valī ‘Aşr,Shahrak-e Vali `Asr,Bābūlāt,36.7471,50.9590,Iran,IR,IRN,Māzandarān,Mazandaran,IR-02,province,,59.2,,,4,Asia/Tehran,FALSE,1364155437
Bermāl,Bermal,,28.3813,53.7153,Iran,IR,IRN,Fārs,Fars,IR-07,province,,38.6,,,4,Asia/Tehran,FALSE,1364857112
Boneh-ye Naşīr,Boneh-ye Nasir,Nasīr|Naşīr|Boneh-ye Naşr,31.9104,48.9696,Iran,IR,IRN,Khūzestān,Khuzestan,IR-06,province,,95.0,,,4,Asia/Tehran,FALSE,1364382680
Chāh-e Ḩowrā,Chah-e Howra,,34.9597,58.7099,Iran,IR,IRN,Khorāsān-e Raẕavī,Khorasan-e Razavi,IR-09,,,17.0,,,4,Asia/Tehran,FALSE,1364595283
Shahrak-e Ney Sīyāq,Shahrak-e Ney Siyaq,Nīsayāq|Fīsayāq,32.1531,50.4728,Iran,IR,IRN,Chahār Maḩāl va Bakhtīārī,Chahar Mahal va Bakhtiari,IR-14,province,,17.6,,,4,Asia/Tehran,FALSE,1364502420
Kollī,Kolli,Kalī,28.5219,60.6714,Iran,IR,IRN,Sīstān va Balūchestān,Sistan va Baluchestan,IR-11,province,,6.9,,,5,Asia/Tehran,FALSE,1364925315
Azrag-e Yek,Azrag-e Yek,Azraq|Azrak|Azrak-e Yek|Azraq Hashish,31.3073,48.4171,Iran,IR,IRN,Khūzestān,Khuzestan,IR-06,province,,220.2,,,3,Asia/Tehran,FALSE,1364389635
Qarahlar,Qarahlar,Qarahtar|Qarehlar,37.5784,57.4830,Iran,IR,IRN,Khorāsān-e Shomālī,Khorasan-e Shomali,IR-28,province,,75.6,,,4,Asia/Tehran,FALSE,1364696770
Mazra‘eh-ye Ḩasanak,Mazra`eh-ye Hasanak,Mazra‘eh Hasan|Mazra‘eh-ye Ḩasan,31.6694,54.1392,Iran,IR,IRN,Yazd,Yazd,IR-21,province,,7.1,,,4,Asia/Tehran,FALSE,1364070078
Tekyeh-ye Sādāt,Tekyeh-ye Sadat,Tekyeh,33.5361,51.7305,Iran,IR,IRN,Eşfahān,Esfahan,IR-10,province,,11.2,,,4,Asia/Tehran,FALSE,1364482722
Dahaneh-ye Nāsfandeh-ye Bālā,Dahaneh-ye Nasfandeh-ye Bala,,31.6211,60.1664,Iran,IR,IRN,Khorāsān-e Jonūbī,Khorasan-e Jonubi,IR-29,province,,2.1,,,5,Asia/Tehran,FALSE,1364119015
Chāh Shand,Chah Shand,,31.5235,60.7412,Iran,IR,IRN,Khorāsān-e Jonūbī,Khorasan-e Jonubi,IR-29,province,,2.1,,,5,Asia/Tehran,FALSE,1364769749
Kalūkan,Kalukan,Kah Kūn|Qale‘h-i-Kūh|Kalakun,27.9333,56.0500,Iran,IR,IRN,Hormozgān,Hormozgan,IR-22,province,,7.1,,,4,Asia/Tehran,FALSE,1364117940
Cheshmeh ‘Alī Akbar-e Pā’īn,Cheshmeh `Ali Akbar-e Pa'in,,33.8173,48.1247,Iran,IR,IRN,Lorestān,Lorestan,IR-15,province,,46.2,,,4,Asia/Tehran,FALSE,1364435025
Dehkadeh-ye ‘Ashāyerī-ye Chāh Kāz̧emī,Dehkadeh-ye `Ashayeri-ye Chah Kazemi,Chāh-e Kāz̧em,28.1471,53.1292,Iran,IR,IRN,Fārs,Fars,IR-07,province,,9.7,,,5,Asia/Tehran,FALSE,1364063703
Ābrīzak,Abrizak,Āb Razak|Āb Zard,31.4326,50.0136,Iran,IR,IRN,Khūzestān,Khuzestan,IR-06,province,,50.4,,,4,Asia/Tehran,FALSE,1364731003
Sarāb-e Garm,Sarab-e Garm,,34.0500,47.8333,Iran,IR,IRN,Lorestān,Lorestan,IR-15,province,,57.0,,,4,Asia/Tehran,FALSE,1364034129
Sabzdasht-e Sīrūs,Sabzdasht-e Sirus,,29.1364,55.9308,Iran,IR,IRN,Kermān,Kerman,IR-08,province,,24.6,,,4,Asia/Tehran,FALSE,1364701736
Yūqān Borj,Yuqan Borj,Yoghūnborj,38.0598,57.2151,Iran,IR,IRN,Khorāsān-e Shomālī,Khorasan-e Shomali,IR-28,province,,75.6,,,4,Asia/Tehran,FALSE,1364963194
Rūgūshū’īyeh-ye ‘Olyā,Rugushu'iyeh-ye `Olya,Rūgūshū’īyeh-ye Bālā,30.4792,55.1747,Iran,IR,IRN,Kermān,Kerman,IR-08,province,,5.3,,,5,Asia/Tehran,FALSE,1364877955
Bāgh Mādī,Bagh Madi,Bāgh-e ‘Emādī,33.1600,49.9356,Iran,IR,IRN,Eşfahān,Esfahan,IR-10,province,,36.3,,,4,Asia/Tehran,FALSE,1364568028
Tom Shūlī-ye Sevvom,Tom Shuli-ye Sevvom,Tom Shūlī,29.5915,54.0485,Iran,IR,IRN,Fārs,Fars,IR-07,province,,12.4,,,4,Asia/Tehran,FALSE,1364092120
Tīmaj,Timaj,,31.1526,50.0943,Iran,IR,IRN,Kohgīlūyeh va Bowyer Aḩmad,Kohgiluyeh va Bowyer Ahmad,IR-17,province,,29.3,,,4,Asia/Tehran,FALSE,1364096651
Shahrak-e Majīdābād,Shahrak-e Majidabad,,35.7557,51.5618,Iran,IR,IRN,Tehrān,Tehran,IR-23,province,,5396.5,,,2,Asia/Tehran,FALSE,1364645702
Qorbānlū,Qorbanlu,,38.9992,47.7932,Iran,IR,IRN,Ardabīl,Ardabil,IR-24,province,,35.6,,,4,Asia/Tehran,FALSE,1364548295
Sākhtemānhā-ye Dowlatī-ye Robāţ,Sakhtemanha-ye Dowlati-ye Robat,,30.2517,56.5767,Iran,IR,IRN,Kermān,Kerman,IR-08,province,,18.0,,,4,Asia/Tehran,FALSE,1364099181
Gūmazrān,Gumazran,Gatūrī,26.5418,60.7382,Iran,IR,IRN,Sīstān va Balūchestān,Sistan va Baluchestan,IR-11,province,,15.5,,,4,Asia/Tehran,FALSE,1364778323
Gāvkān,Gavkan,Gāvagān|Gāvakān,29.6092,53.1498,Iran,IR,IRN,Fārs,Fars,IR-07,province,,49.8,,,4,Asia/Tehran,FALSE,1364924827
Rīsanī,Risani,,34.3711,46.2126,Iran,IR,IRN,Kermānshāh,Kermanshah,IR-05,province,,18.6,,,4,Asia/Tehran,FALSE,1364274274
Qūshalān,Qushalan,,37.1091,47.4394,Iran,IR,IRN,Āz̄arbāyjān-e Sharqī,Azarbayjan-e Sharqi,IR-03,province,,10.0,,,5,Asia/Tehran,FALSE,1364495313
Chāh Shīrīn,Chah Shirin,,29.5267,52.8322,Iran,IR,IRN,Fārs,Fars,IR-07,province,,278.8,,,3,Asia/Tehran,FALSE,1364001059
Chāh Shīrīn,Chah Shirin,,29.4536,51.8354,Iran,IR,IRN,Fārs,Fars,IR-07,province,,57.9,,,4,Asia/Tehran,TRUE,1364004132
Chāh Shīrīn,Chah Shirin,Chah-i-Shirin,30.3947,49.9684,Iran,IR,IRN,Khūzestān,Khuzestan,IR-06,province,,63.7,,,4,Asia/Tehran,FALSE,1364726039
Tolombeh-ye Gholāmḩoseyn-e Solţānī va Shāhī,Tolombeh-ye Gholamhoseyn-e Soltani va Shahi,,29.6331,55.5189,Iran,IR,IRN,Kermān,Kerman,IR-08,province,,24.6,,,4,Asia/Tehran,FALSE,1364742295
Chāh-e Şamad-e Pā’īn,Chah-e Samad-e Pa'in,Chāh-e ‘Amīq Şamad-e Pā’īn,34.9831,58.6941,Iran,IR,IRN,Khorāsān-e Raẕavī,Khorasan-e Razavi,IR-09,,,17.0,,,4,Asia/Tehran,FALSE,1364532548
Gaverrak,Gaverrak,Gūrak|Gaverak,30.0464,51.7833,Iran,IR,IRN,Fārs,Fars,IR-07,province,,10.9,,,4,Asia/Tehran,FALSE,1364467287
Manţaqeh-ye Chekāb,Mantaqeh-ye Chekab,,28.8972,55.9497,Iran,IR,IRN,Kermān,Kerman,IR-08,province,,24.6,,,4,Asia/Tehran,FALSE,1364187363
Pāchel Almūn,Pachel Almun,,32.8664,48.8739,Iran,IR,IRN,Khūzestān,Khuzestan,IR-06,province,,100.4,,,4,Asia/Tehran,FALSE,1364736456
Pīrāsmalū,Pirasmalu,Pīrāsmellū|Perūs Mūl|Pīrāsmīlū,38.9988,47.3355,Iran,IR,IRN,Āz̄arbāyjān-e Sharqī,Azarbayjan-e Sharqi,IR-03,province,,49.0,,,4,Asia/Tehran,FALSE,1364440846
Dasht Rāgh,Dasht Ragh,,30.7863,51.1447,Iran,IR,IRN,Kohgīlūyeh va Bowyer Aḩmad,Kohgiluyeh va Bowyer Ahmad,IR-17,province,,79.1,,,4,Asia/Tehran,FALSE,1364001532
Deh-e Kārkhār,Deh-e Karkhar,,31.2906,61.5590,Iran,IR,IRN,Sīstān va Balūchestān,Sistan va Baluchestan,IR-11,province,,72.0,,,4,Asia/Tehran,FALSE,1364131634
Sī Mūteh Gīn,Si Muteh Gin,Mat Kun|Mat Kon|Sīng Mūtī Gīn|Sang Mūtagam,26.3807,59.8345,Iran,IR,IRN,Sīstān va Balūchestān,Sistan va Baluchestan,IR-11,province,,13.2,,,4,Asia/Tehran,FALSE,1364689192
Mīānābād,Mianabad,Mīānābād-e Nowbahār,36.1416,58.8445,Iran,IR,IRN,Khorāsān-e Raẕavī,Khorasan-e Razavi,IR-09,,,56.4,,,4,Asia/Tehran,FALSE,1364176788
Mīānābād,Mianabad,,36.5043,57.5968,Iran,IR,IRN,Khorāsān-e Raẕavī,Khorasan-e Razavi,IR-09,,,36.4,,,4,Asia/Tehran,TRUE,1364826993
Mīānābād,Mianabad,Karīmābād,35.1109,57.8658,Iran,IR,IRN,Khorāsān-e Raẕavī,Khorasan-e Razavi,IR-09,,,10.3,,,4,Asia/Tehran,TRUE,1364857820
Eyvaq,Eyvaq,Īvaq|Iva|Ayyoogh|Ivāh,37.8667,47.1333,Iran,IR,IRN,Āz̄arbāyjān-e Sharqī,Azarbayjan-e Sharqi,IR-03,province,,36.8,,,4,Asia/Tehran,FALSE,1364449414
Badalān,Badalan,,38.5879,44.7057,Iran,IR,IRN,Āz̄arbāyjān-e Gharbī,Azarbayjan-e Gharbi,IR-04,province,,74.6,,,4,Asia/Tehran,FALSE,1364131393
Ḩājjī Noşrat,Hajji Nosrat,,39.3518,47.5009,Iran,IR,IRN,Ardabīl,Ardabil,IR-24,province,,143.3,,,4,Asia/Tehran,FALSE,1364846785
Ḩamzak,Hamzak,,37.9103,56.6289,Iran,IR,IRN,Khorāsān-e Shomālī,Khorasan-e Shomali,IR-28,province,,20.1,,,4,Asia/Tehran,FALSE,1364925545
Loţar,Lotar,Lotar,36.5920,50.2822,Iran,IR,IRN,Qazvīn,Qazvin,IR-26,province,,113.7,,,4,Asia/Tehran,FALSE,1364453536
‘Alīābād,`Aliabad,,31.1779,51.1500,Iran,IR,IRN,Chahār Maḩāl va Bakhtīārī,Chahar Mahal va Bakhtiari,IR-14,province,,70.5,,,4,Asia/Tehran,FALSE,1364222390
‘Alīābād,`Aliabad,,31.4177,50.8038,Iran,IR,IRN,Chahār Maḩāl va Bakhtīārī,Chahar Mahal va Bakhtiari,IR-14,province,,70.5,,,4,Asia/Tehran,TRUE,1364725371
‘Alīābād,`Aliabad,,31.9458,50.8258,Iran,IR,IRN,Chahār Maḩāl va Bakhtīārī,Chahar Mahal va Bakhtiari,IR-14,province,,49.4,,,4,Asia/Tehran,TRUE,1364978046
‘Alīābād,`Aliabad,‘Alīābād-e Dasht Zarī|Qal‘eh ‘Alīābād,32.3933,50.2955,Iran,IR,IRN,Chahār Maḩāl va Bakhtīārī,Chahar Mahal va Bakhtiari,IR-14,province,,9.8,,,5,Asia/Tehran,TRUE,1364179107
‘Alīābād,`Aliabad,,32.1722,50.3040,Iran,IR,IRN,Chahār Maḩāl va Bakhtīārī,Chahar Mahal va Bakhtiari,IR-14,province,,9.8,,,5,Asia/Tehran,TRUE,1364404671
Sīāhkal Maḩalleh,Siahkal Mahalleh,Sīāhkat|Sīāh Kal|Sīāhgol,37.9024,48.8934,Iran,IR,IRN,Gīlān,Gilan,IR-01,province,,98.4,,,4,Asia/Tehran,FALSE,1364251982
Sīāhkal Maḩalleh,Siahkal Mahalleh,,37.1722,49.8878,Iran,IR,IRN,Gīlān,Gilan,IR-01,province,,47.8,,,4,Asia/Tehran,TRUE,1364501341
Seyyed Shāh Morād,Seyyed Shah Morad,‘Alīābād-e Soflá,28.5023,54.7855,Iran,IR,IRN,Fārs,Fars,IR-07,province,,32.1,,,4,Asia/Tehran,FALSE,1364665095
Maḩalleh-ye Bāgh Borj,Mahalleh-ye Bagh Borj,,32.6469,51.5809,Iran,IR,IRN,Eşfahān,Esfahan,IR-10,province,,1272.6,,,3,Asia/Tehran,FALSE,1364779910
Kahn,Kahn,Khān,30.4461,56.6209,Iran,IR,IRN,Kermān,Kerman,IR-08,province,,36.0,,,4,Asia/Tehran,FALSE,1364972681
Kahn,Kahn,Kahnok,26.8490,58.7491,Iran,IR,IRN,Kermān,Kerman,IR-08,province,,8.8,,,5,Asia/Tehran,TRUE,1364929289
Kahn,Kahn,,31.0983,56.7090,Iran,IR,IRN,Kermān,Kerman,IR-08,province,,3.1,,,5,Asia/Tehran,TRUE,1364758836
Marj,Marj,Marj Pāqal‘eh,30.2674,55.4493,Iran,IR,IRN,Kermān,Kerman,IR-08,province,,5.3,,,5,Asia/Tehran,FALSE,1364533972
Shāhrūd,Shahrud,Shāhru,33.0844,49.1886,Iran,IR,IRN,Lorestān,Lorestan,IR-15,province,,27.1,,,4,Asia/Tehran,FALSE,1364003285
Kohneh Deh,Kohneh Deh,,36.9985,45.6968,Iran,IR,IRN,Āz̄arbāyjān-e Gharbī,Azarbayjan-e Gharbi,IR-04,province,,93.4,,,4,Asia/Tehran,TRUE,1364531433
Asadābād-e Pa’īn,Asadabad-e Pa'in,Asadābād,30.3787,55.9884,Iran,IR,IRN,Kermān,Kerman,IR-08,province,,36.0,,,4,Asia/Tehran,FALSE,1364269230
‘Alīābād,`Aliabad,Alīābād,32.4773,51.5954,Iran,IR,IRN,Eşfahān,Esfahan,IR-10,province,,820.6,,,3,Asia/Tehran,FALSE,1364997576
‘Alīābād,`Aliabad,,32.7434,52.7052,Iran,IR,IRN,Eşfahān,Esfahan,IR-10,province,,162.4,,,4,Asia/Tehran,TRUE,1364385345
‘Alīābād,`Aliabad,,32.2550,51.3192,Iran,IR,IRN,Eşfahān,Esfahan,IR-10,province,,160.0,,,4,Asia/Tehran,TRUE,1364120745
‘Alīābād,`Aliabad,,33.1122,50.8536,Iran,IR,IRN,Eşfahān,Esfahan,IR-10,province,,139.9,,,4,Asia/Tehran,TRUE,1364970241
‘Alīābād,`Aliabad,,34.0368,51.0861,Iran,IR,IRN,Eşfahān,Esfahan,IR-10,province,,82.3,,,4,Asia/Tehran,TRUE,1364021241
‘Alīābād,`Aliabad,,33.5191,50.3300,Iran,IR,IRN,Eşfahān,Esfahan,IR-10,province,,57.1,,,4,Asia/Tehran,TRUE,1364915893
‘Alīābād,`Aliabad,,33.4647,50.3348,Iran,IR,IRN,Eşfahān,Esfahan,IR-10,province,,57.1,,,4,Asia/Tehran,TRUE,1364004055
‘Alīābād,`Aliabad,Qal‘eh Shāhrokh,32.6729,50.4463,Iran,IR,IRN,Eşfahān,Esfahan,IR-10,province,,27.7,,,4,Asia/Tehran,TRUE,1364838931
‘Alīābād,`Aliabad,‘Alīābād-e Gachī|‘Alīābād-e Gachchī,31.9343,51.7819,Iran,IR,IRN,Eşfahān,Esfahan,IR-10,province,,23.7,,,4,Asia/Tehran,TRUE,1364247072
‘Alīābād,`Aliabad,,32.1823,51.6278,Iran,IR,IRN,Eşfahān,Esfahan,IR-10,province,,23.7,,,4,Asia/Tehran,TRUE,1364167906
‘Alīābād,`Aliabad,‘Alīābād-e Kavīr,34.0991,51.3853,Iran,IR,IRN,Eşfahān,Esfahan,IR-10,province,,18.1,,,4,Asia/Tehran,TRUE,1364413655
‘Alīābād,`Aliabad,Mazra‘eh-ye ‘Alīābād|‘Alīābād-e Hendavāneh,33.9207,51.6862,Iran,IR,IRN,Eşfahān,Esfahan,IR-10,province,,18.1,,,4,Asia/Tehran,TRUE,1364799627
‘Alīābād,`Aliabad,,31.6853,51.3919,Iran,IR,IRN,Eşfahān,Esfahan,IR-10,province,,10.0,,,5,Asia/Tehran,TRUE,1364377015
‘Alīābād,`Aliabad,,31.1072,51.4253,Iran,IR,IRN,Eşfahān,Esfahan,IR-10,province,,10.0,,,5,Asia/Tehran,TRUE,1364307960
‘Alīābād,`Aliabad,,33.2007,52.2889,Iran,IR,IRN,Eşfahān,Esfahan,IR-10,province,,2.9,,,5,Asia/Tehran,TRUE,1364888048
‘Alīābād,`Aliabad,‘Alīābād-e ‘Abd ol Karīm,33.5689,52.4535,Iran,IR,IRN,Eşfahān,Esfahan,IR-10,province,,2.9,,,5,Asia/Tehran,TRUE,1364595260
‘Alīābād,`Aliabad,,33.5667,52.9500,Iran,IR,IRN,Eşfahān,Esfahan,IR-10,province,,2.9,,,5,Asia/Tehran,TRUE,1364822997
‘Alīābād,`Aliabad,‘Alīābād-e Gol Shekanān,33.1811,52.9323,Iran,IR,IRN,Eşfahān,Esfahan,IR-10,province,,2.9,,,5,Asia/Tehran,TRUE,1364068407
‘Alīābād,`Aliabad,Alīābād|‘Alīābād-e Qohsār,33.0332,52.4076,Iran,IR,IRN,Eşfahān,Esfahan,IR-10,province,,2.9,,,5,Asia/Tehran,TRUE,1364547645
‘Alīābād,`Aliabad,,33.3750,52.3263,Iran,IR,IRN,Eşfahān,Esfahan,IR-10,province,,2.9,,,5,Asia/Tehran,TRUE,1364398294
‘Alīābād,`Aliabad,,33.2023,52.5626,Iran,IR,IRN,Eşfahān,Esfahan,IR-10,province,,2.9,,,5,Asia/Tehran,TRUE,1364876822
‘Alīābād,`Aliabad,,32.8893,52.7972,Iran,IR,IRN,Eşfahān,Esfahan,IR-10,province,,0.9,,,5,Asia/Tehran,TRUE,1364930060
‘Alīābād,`Aliabad,,32.7128,53.1562,Iran,IR,IRN,Eşfahān,Esfahan,IR-10,province,,0.9,,,5,Asia/Tehran,TRUE,1364784188
‘Alīābād,`Aliabad,‘Ali Abad Shahraki Naroo‘i,30.8020,61.5524,Iran,IR,IRN,Sīstān va Balūchestān,Sistan va Baluchestan,IR-11,province,,112.1,,,4,Asia/Tehran,FALSE,1364692207
‘Alīābād,`Aliabad,,29.4333,60.5333,Iran,IR,IRN,Sīstān va Balūchestān,Sistan va Baluchestan,IR-11,province,,17.5,,,4,Asia/Tehran,TRUE,1364198565
‘Alīābād,`Aliabad,,28.8014,61.2287,Iran,IR,IRN,Sīstān va Balūchestān,Sistan va Baluchestan,IR-11,province,,17.5,,,4,Asia/Tehran,TRUE,1364681097
‘Alīābād,`Aliabad,,29.7164,60.6532,Iran,IR,IRN,Sīstān va Balūchestān,Sistan va Baluchestan,IR-11,province,,17.5,,,4,Asia/Tehran,TRUE,1364143361
‘Alīābād,`Aliabad,,29.4651,59.7417,Iran,IR,IRN,Sīstān va Balūchestān,Sistan va Baluchestan,IR-11,province,,17.5,,,4,Asia/Tehran,TRUE,1364627911
‘Alīābād,`Aliabad,,26.7512,61.0832,Iran,IR,IRN,Sīstān va Balūchestān,Sistan va Baluchestan,IR-11,province,,15.5,,,4,Asia/Tehran,TRUE,1364718894
‘Alīābād,`Aliabad,,26.4873,61.2257,Iran,IR,IRN,Sīstān va Balūchestān,Sistan va Baluchestan,IR-11,province,,15.5,,,4,Asia/Tehran,TRUE,1364427474
‘Alīābād,`Aliabad,,26.4561,61.0787,Iran,IR,IRN,Sīstān va Balūchestān,Sistan va Baluchestan,IR-11,province,,15.5,,,4,Asia/Tehran,TRUE,1364365924
‘Alīābād,`Aliabad,,26.5098,60.3938,Iran,IR,IRN,Sīstān va Balūchestān,Sistan va Baluchestan,IR-11,province,,13.2,,,4,Asia/Tehran,TRUE,1364833133
‘Alīābād,`Aliabad,Ḩasanābād,26.6121,59.6435,Iran,IR,IRN,Sīstān va Balūchestān,Sistan va Baluchestan,IR-11,province,,13.2,,,4,Asia/Tehran,TRUE,1364466227
‘Alīābād,`Aliabad,Tazgūkān|Yashtebān,26.3094,59.8045,Iran,IR,IRN,Sīstān va Balūchestān,Sistan va Baluchestan,IR-11,province,,13.2,,,4,Asia/Tehran,TRUE,1364333290
‘Alīābād,`Aliabad,,26.7790,60.1813,Iran,IR,IRN,Sīstān va Balūchestān,Sistan va Baluchestan,IR-11,province,,13.2,,,4,Asia/Tehran,TRUE,1364169000
‘Alīābād,`Aliabad,,26.5451,60.4366,Iran,IR,IRN,Sīstān va Balūchestān,Sistan va Baluchestan,IR-11,province,,13.2,,,4,Asia/Tehran,TRUE,1364190215
‘Alīābād,`Aliabad,,26.6480,59.5253,Iran,IR,IRN,Sīstān va Balūchestān,Sistan va Baluchestan,IR-11,province,,13.2,,,4,Asia/Tehran,TRUE,1364181240
‘Alīābād,`Aliabad,,31.1017,61.4736,Iran,IR,IRN,Sīstān va Balūchestān,Sistan va Baluchestan,IR-11,province,,11.6,,,4,Asia/Tehran,TRUE,1364071690
‘Alīābād,`Aliabad,Ali Abad Shahraki Naroo‘i|Narū’ī-va-Shahrakī,30.9912,61.6564,Iran,IR,IRN,Sīstān va Balūchestān,Sistan va Baluchestan,IR-11,province,,11.6,,,4,Asia/Tehran,TRUE,1364021246
‘Alīābād,`Aliabad,‘Alīābād-e ‘Alīkhān,27.1364,61.5638,Iran,IR,IRN,Sīstān va Balūchestān,Sistan va Baluchestan,IR-11,province,,11.2,,,4,Asia/Tehran,TRUE,1364651098
‘Alīābād,`Aliabad,,28.6205,60.4019,Iran,IR,IRN,Sīstān va Balūchestān,Sistan va Baluchestan,IR-11,province,,10.9,,,4,Asia/Tehran,TRUE,1364320151
‘Alīābād,`Aliabad,,27.1576,60.6659,Iran,IR,IRN,Sīstān va Balūchestān,Sistan va Baluchestan,IR-11,province,,7.8,,,5,Asia/Tehran,TRUE,1364001205
‘Alīābād,`Aliabad,,27.8403,60.1607,Iran,IR,IRN,Sīstān va Balūchestān,Sistan va Baluchestan,IR-11,province,,7.8,,,5,Asia/Tehran,TRUE,1364001945
‘Alīābād,`Aliabad,,27.1995,60.7223,Iran,IR,IRN,Sīstān va Balūchestān,Sistan va Baluchestan,IR-11,province,,7.8,,,5,Asia/Tehran,TRUE,1364246029
‘Alīābād,`Aliabad,Būlānī,28.5257,61.4001,Iran,IR,IRN,Sīstān va Balūchestān,Sistan va Baluchestan,IR-11,province,,6.9,,,5,Asia/Tehran,TRUE,1364469345
‘Alīābād,`Aliabad,,28.4167,60.4500,Iran,IR,IRN,Sīstān va Balūchestān,Sistan va Baluchestan,IR-11,province,,6.9,,,5,Asia/Tehran,TRUE,1364001687
‘Alīābād,`Aliabad,,28.0942,61.5014,Iran,IR,IRN,Sīstān va Balūchestān,Sistan va Baluchestan,IR-11,province,,6.9,,,5,Asia/Tehran,TRUE,1364793300
‘Alīābād,`Aliabad,,28.5737,60.3783,Iran,IR,IRN,Sīstān va Balūchestān,Sistan va Baluchestan,IR-11,province,,6.9,,,5,Asia/Tehran,TRUE,1364888559
‘Alīābād,`Aliabad,Valīābād,28.3441,61.1362,Iran,IR,IRN,Sīstān va Balūchestān,Sistan va Baluchestan,IR-11,province,,6.9,,,5,Asia/Tehran,TRUE,1364002412
‘Alīābād,`Aliabad,,28.2915,61.2801,Iran,IR,IRN,Sīstān va Balūchestān,Sistan va Baluchestan,IR-11,province,,6.9,,,5,Asia/Tehran,TRUE,1364606531
‘Alīābād,`Aliabad,,28.2182,61.1941,Iran,IR,IRN,Sīstān va Balūchestān,Sistan va Baluchestan,IR-11,province,,6.9,,,5,Asia/Tehran,TRUE,1364190036
Darr-e Sīb,Darr-e Sib,,26.8910,61.6656,Iran,IR,IRN,Sīstān va Balūchestān,Sistan va Baluchestan,IR-11,province,,11.2,,,4,Asia/Tehran,FALSE,1364123153
Vangajī,Vangaji,Sū Ādbar,37.3460,49.0077,Iran,IR,IRN,Gīlān,Gilan,IR-01,province,,139.2,,,4,Asia/Tehran,FALSE,1364243252
Deh-e Āqā’ī,Deh-e Aqa'i,Du Āghāi|Deh Aqā’ī|Deh Agha’i,30.8382,56.6566,Iran,IR,IRN,Kermān,Kerman,IR-08,province,,31.9,,,4,Asia/Tehran,FALSE,1364467720
Gurdiānu,Gurdianu,,27.9167,57.7667,Iran,IR,IRN,Kermān,Kerman,IR-08,province,,38.9,,,4,Asia/Tehran,FALSE,1364001300
Shūhdar,Shuhdar,,26.4622,59.5702,Iran,IR,IRN,Sīstān va Balūchestān,Sistan va Baluchestan,IR-11,province,,13.2,,,4,Asia/Tehran,FALSE,1364127366
Qanbarī,Qanbari,Golakī,28.7888,51.2368,Iran,IR,IRN,Būshehr,Bushehr,IR-18,province,,43.1,,,4,Asia/Tehran,FALSE,1364383428
Kahnag,Kahnag,Kahnak,28.5982,57.7930,Iran,IR,IRN,Kermān,Kerman,IR-08,province,,67.0,,,4,Asia/Tehran,FALSE,1364699917
Dūzāb-e Soflá,Duzab-e Sofla,,31.0963,50.1475,Iran,IR,IRN,Kohgīlūyeh va Bowyer Aḩmad,Kohgiluyeh va Bowyer Ahmad,IR-17,province,,29.3,,,4,Asia/Tehran,FALSE,1364116709
Bors,Bors,Burs,35.5882,58.9507,Iran,IR,IRN,Khorāsān-e Raẕavī,Khorasan-e Razavi,IR-09,,,42.4,,,4,Asia/Tehran,FALSE,1364423739
Bāgh-e Ābzā,Bagh-e Abza,,31.9275,49.5496,Iran,IR,IRN,Khūzestān,Khuzestan,IR-06,province,,24.4,,,4,Asia/Tehran,FALSE,1364009177
Mīān Zū,Mian Zu,Miyan Zoo|Meyānsū|Mīānzow|Mīyān Zow,37.9075,57.3240,Iran,IR,IRN,Khorāsān-e Shomālī,Khorasan-e Shomali,IR-28,province,,75.6,,,4,Asia/Tehran,FALSE,1364118769
Rīqān,Riqan,Berīqān|Barīqān|Rīqān Dowrah|Rīkhān|Rīghān,33.5627,48.0051,Iran,IR,IRN,Lorestān,Lorestan,IR-15,province,,31.5,,,4,Asia/Tehran,FALSE,1364558384
Ḩājjīābād-e Zīāratgāh,Hajjiabad-e Ziaratgah,Ḩājjīābād Zīāratgāh,29.3833,60.5500,Iran,IR,IRN,Sīstān va Balūchestān,Sistan va Baluchestan,IR-11,province,,17.5,,,4,Asia/Tehran,FALSE,1364147991
Vazneh Sar,Vazneh Sar,Rajal Sar,37.7502,48.7227,Iran,IR,IRN,Gīlān,Gilan,IR-01,province,,98.4,,,4,Asia/Tehran,FALSE,1364488835
Vazneh Sar,Vazneh Sar,Asbīm,36.9258,49.7895,Iran,IR,IRN,Gīlān,Gilan,IR-01,province,,47.8,,,4,Asia/Tehran,TRUE,1364371600
Vazneh Sar,Vazneh Sar,,36.9610,49.6630,Iran,IR,IRN,Gīlān,Gilan,IR-01,province,,37.3,,,4,Asia/Tehran,TRUE,1364530410
Sa‘dī Kūk,Sa`di Kuk,,29.2249,60.3849,Iran,IR,IRN,Sīstān va Balūchestān,Sistan va Baluchestan,IR-11,province,,17.5,,,4,Asia/Tehran,FALSE,1364156231
Bālū Qīyeh,Balu Qiyeh,Bāllūqīyeh|Gagīvard|Antarballī,38.3284,47.5454,Iran,IR,IRN,Ardabīl,Ardabil,IR-24,province,,36.0,,,4,Asia/Tehran,FALSE,1364303277
Bardarshān,Bardarshan,,36.7888,46.0458,Iran,IR,IRN,Āz̄arbāyjān-e Gharbī,Azarbayjan-e Gharbi,IR-04,province,,106.6,,,4,Asia/Tehran,FALSE,1364085250
Mazra‘eh-ye Sheykh Fāẕel,Mazra`eh-ye Sheykh Fazel,Sheykh Fāẕel|Mazra‘eh Sheykh Fāzel,32.9202,49.9575,Iran,IR,IRN,Eşfahān,Esfahan,IR-10,province,,16.8,,,4,Asia/Tehran,FALSE,1364003498
Āshpar,Ashpar,Āshīr,36.3840,51.3134,Iran,IR,IRN,Māzandarān,Mazandaran,IR-02,province,,76.6,,,4,Asia/Tehran,FALSE,1364237254
Shahrak-e Refen,Shahrak-e Refen,Refen,31.6731,50.6200,Iran,IR,IRN,Chahār Maḩāl va Bakhtīārī,Chahar Mahal va Bakhtiari,IR-14,province,,17.6,,,3,Asia/Tehran,FALSE,1364714244
Ja‘farī,Ja`fari,,30.8636,61.3712,Iran,IR,IRN,Sīstān va Balūchestān,Sistan va Baluchestan,IR-11,province,,11.6,,,4,Asia/Tehran,FALSE,1364758366