city,city_ascii,city_alt,lat,lng,country,iso2,iso3,admin_name,admin_name_ascii,admin_code,admin_type,capital,density,population,population_proper,ranking,timezone,same_name,id
Dublin,Dublin,Baile Átha Cliath,53.3500,-6.2603,Ireland,IE,IRL,Dublin,Dublin,IE-DU,city,primary,5154.5,1263219,592713,1,Europe/Dublin,FALSE,1372595407
Finglas,Finglas,Tinglas|Fionnghlas,53.4597,-6.2181,Ireland,IE,IRL,Dublin,Dublin,IE-DU,city,,724.8,330506,330506,2,Europe/Dublin,FALSE,1372023005
Cork,Cork,Corcaigh,51.8972,-8.4700,Ireland,IE,IRL,Cork,Cork,IE-CO,county,admin,1463.7,222333,222333,2,Europe/Dublin,FALSE,1372221853
Galway,Galway,Gaillimh,53.2719,-9.0489,Ireland,IE,IRL,Galway,Galway,IE-G,county,admin,1562.0,83456,83456,2,Europe/Dublin,FALSE,1372499968
Tallaght,Tallaght,Tamhlacht,53.2886,-6.3572,Ireland,IE,IRL,South Dublin,South Dublin,IE-SD,county,admin,3029.2,81022,81022,2,Europe/Dublin,FALSE,1372547040
Limerick,Limerick,Luimneach,52.6653,-8.6238,Ireland,IE,IRL,Limerick,Limerick,IE-LC,city and county,admin,2805.1,58319,58319,2,Europe/Dublin,FALSE,1372126011
Lucan,Lucan,Leamhcán,53.3544,-6.4486,Ireland,IE,IRL,South Dublin,South Dublin,IE-SD,county,,458.5,57550,57550,3,Europe/Dublin,FALSE,1372345130
Waterford,Waterford,Port Láirge,52.2567,-7.1292,Ireland,IE,IRL,Waterford,Waterford,IE-WF,city and county,admin,1163.3,48369,48369,2,Europe/Dublin,FALSE,1372267114
Clondalkin,Clondalkin,Cluain Dolcáin,53.3203,-6.3947,Ireland,IE,IRL,South Dublin,South Dublin,IE-SD,county,,2792.8,47938,47938,2,Europe/Dublin,FALSE,1372645698
Dún Dealgan,Dun Dealgan,Dundalk,54.0044,-6.4003,Ireland,IE,IRL,Louth,Louth,IE-LH,county,admin,1580.4,43112,39004,2,Europe/Dublin,FALSE,1372735852
Drogheda,Drogheda,Droichead Átha,53.7150,-6.3525,Ireland,IE,IRL,Louth,Louth,IE-LH,county,,2767.3,40956,40956,2,Europe/Dublin,FALSE,1372750233
Swords,Swords,Sord,53.4597,-6.2181,Ireland,IE,IRL,Fingal,Fingal,IE-FI,county,admin,3253.2,40776,36924,2,Europe/Dublin,FALSE,1372755688
Navan,Navan,An Uaimh,53.6528,-6.6814,Ireland,IE,IRL,Meath,Meath,IE-MH,county,,2206.7,33886,33886,2,Europe/Dublin,FALSE,1372720842
Blackrock,Blackrock,An Charraig Dhubh,53.3015,-6.1778,Ireland,IE,IRL,Dún Laoghaire-Rathdown,Dun Laoghaire-Rathdown,IE-DR,county,,2814.9,28557,28557,2,Europe/Dublin,FALSE,1372203613
Ennis,Ennis,Inis,52.8463,-8.9807,Ireland,IE,IRL,Clare,Clare,IE-CE,county,admin,1785.6,27923,24253,2,Europe/Dublin,FALSE,1372255646
Douglas,Douglas,,51.8764,-8.4358,Ireland,IE,IRL,Cork,Cork,IE-CO,county,,2910.5,26883,26883,2,Europe/Dublin,FALSE,1372287368
Tralee,Tralee,Trá Lí,52.2675,-9.6962,Ireland,IE,IRL,Kerry,Kerry,IE-KY,county,admin,739.2,26079,26079,2,Europe/Dublin,FALSE,1372403494
Carlow,Carlow,Ceatharlach,52.8306,-6.9317,Ireland,IE,IRL,Carlow,Carlow,IE-CW,county,admin,194.6,24272,24272,2,Europe/Dublin,FALSE,1372096982
Dunleary,Dunleary,Dún Laoghaire|Kingstown,53.3000,-6.1400,Ireland,IE,IRL,Dún Laoghaire-Rathdown,Dun Laoghaire-Rathdown,IE-DR,county,admin,4676.5,23857,23857,2,Europe/Dublin,FALSE,1372038958
Port Laoise,Port Laoise,Maryborough|Maryboro’|Port Laoigse|Port Laoighise|Port Leix,53.0308,-7.3008,Ireland,IE,IRL,Laois,Laois,IE-LS,county,admin,1941.7,23494,23494,2,Europe/Dublin,FALSE,1372726111
Rathfarnham,Rathfarnham,,53.2988,-6.2854,Ireland,IE,IRL,South Dublin,South Dublin,IE-SD,county,,3395.6,23276,23276,2,Europe/Dublin,FALSE,1372740372
Baile Átha Luain,Baile Atha Luain,Athlone,53.4236,-7.9425,Ireland,IE,IRL,Westmeath,Westmeath,IE-WH,county,,2094.2,22869,22869,2,Europe/Dublin,FALSE,1372885521
Ashtown,Ashtown,Baile an Ásaigh,53.3754,-6.3326,Ireland,IE,IRL,Dublin,Dublin,IE-DU,city,,4816.7,22740,22740,2,Europe/Dublin,FALSE,1372691515
Mullingar,Mullingar,An Muileann gCearr,53.5224,-7.3378,Ireland,IE,IRL,Westmeath,Westmeath,IE-WH,county,admin,1268.3,22667,22667,2,Europe/Dublin,FALSE,1372969205
Letterkenny,Letterkenny,Leitir Ceanainn,54.9566,-7.7203,Ireland,IE,IRL,Donegal,Donegal,IE-DL,county,,1454.0,22549,22549,3,Europe/Dublin,FALSE,1372452484
Kilkenny,Kilkenny,Cill Chainnigh,52.6477,-7.2561,Ireland,IE,IRL,Kilkenny,Kilkenny,IE-KK,county,admin,828.8,22179,22179,2,Europe/Dublin,FALSE,1372926521
Greystones,Greystones,Na Clocha Liatha,53.1440,-6.0720,Ireland,IE,IRL,Wicklow,Wicklow,IE-WW,county,,783.4,22009,22009,3,Europe/Dublin,FALSE,1372569009
Wexford,Wexford,Loch Garman,52.3342,-6.4575,Ireland,IE,IRL,Wexford,Wexford,IE-WX,county,admin,2046.9,21524,20188,2,Europe/Dublin,FALSE,1372349451
Naas,Naas,An Nás,53.2170,-6.6630,Ireland,IE,IRL,Kildare,Kildare,IE-KE,county,admin,1999.9,21393,21393,2,Europe/Dublin,FALSE,1372985945
Celbridge,Celbridge,Cill Droichid,53.3380,-6.5388,Ireland,IE,IRL,Kildare,Kildare,IE-KE,county,,3661.9,20601,20601,2,Europe/Dublin,FALSE,1372142356
Ballyfermot,Ballyfermot,Baile Formaid,53.3423,-6.3487,Ireland,IE,IRL,Dublin,Dublin,IE-DU,city,,3686.8,19557,19557,2,Europe/Dublin,FALSE,1372250707
Sligo,Sligo,Sligeach,54.2667,-8.4833,Ireland,IE,IRL,Sligo,Sligo,IE-SO,county,admin,622.1,19199,19199,2,Europe/Dublin,FALSE,1372185807
Ballincollig,Ballincollig,Baile an Chollaigh,51.8879,-8.5893,Ireland,IE,IRL,Cork,Cork,IE-CO,county,,473.6,18621,18621,3,Europe/Dublin,FALSE,1372262951
Mullach Íde,Mullach Ide,Malahide,53.4508,-6.1544,Ireland,IE,IRL,Fingal,Fingal,IE-FI,county,,4960.6,18608,18608,2,Europe/Dublin,FALSE,1372249762
Clonmel,Clonmel,Cluain Meala,52.3539,-7.7116,Ireland,IE,IRL,Tipperary,Tipperary,IE-TA,county,admin,1749.4,18369,18369,2,Europe/Dublin,FALSE,1372974181
Carrigaline,Carrigaline,Carraig Uí Leighin,51.8166,-8.3905,Ireland,IE,IRL,Cork,Cork,IE-CO,county,,3965.0,18239,18239,2,Europe/Dublin,FALSE,1372623421
Stillorgan,Stillorgan,,53.2888,-6.1958,Ireland,IE,IRL,Dún Laoghaire-Rathdown,Dun Laoghaire-Rathdown,IE-DR,county,,3518.5,18212,18212,2,Europe/Dublin,FALSE,1372796974
Terenure,Terenure,Roundtown|Tír an Iúir,53.3098,-6.2835,Ireland,IE,IRL,South Dublin,South Dublin,IE-SD,county,,6250.5,17972,17972,2,Europe/Dublin,FALSE,1372407607
Maigh Nuad,Maigh Nuad,Maynooth,53.3816,-6.5910,Ireland,IE,IRL,Kildare,Kildare,IE-KE,county,,1459.7,17259,17259,3,Europe/Dublin,FALSE,1372438535
Leixlip,Leixlip,Léim an Bhradáin,53.3643,-6.4881,Ireland,IE,IRL,Kildare,Kildare,IE-KE,county,,773.7,16733,15504,3,Europe/Dublin,FALSE,1372553411
Baile an Bhiataigh,Baile an Bhiataigh,Bettystown|Betaghstown,53.7014,-6.2461,Ireland,IE,IRL,Meath,Meath,IE-MH,county,,905.7,15642,15642,3,Europe/Dublin,FALSE,1372707268
Donacarney,Donacarney,,53.7094,-6.2783,Ireland,IE,IRL,Meath,Meath,IE-MH,county,,687.7,15642,15642,3,Europe/Dublin,FALSE,1372898071
Tullamore,Tullamore,Tulach Mhór,53.2667,-7.5000,Ireland,IE,IRL,Offaly,Offaly,IE-OY,county,admin,1547.9,14607,14607,2,Europe/Dublin,FALSE,1372035774
Killarney,Killarney,Cill Airne,52.0588,-9.5072,Ireland,IE,IRL,Kerry,Kerry,IE-KY,county,,79.0,14412,14412,3,Europe/Dublin,FALSE,1372916792
Midleton,Midleton,Middleton|Mainister na Corann,51.9160,-8.1750,Ireland,IE,IRL,Cork,Cork,IE-CO,county,,1500.6,13906,13906,3,Europe/Dublin,FALSE,1372938716
Arklow,Arklow,An tInbhear Mór,52.7941,-6.1649,Ireland,IE,IRL,Wicklow,Wicklow,IE-WW,county,,1096.4,13399,13399,3,Europe/Dublin,FALSE,1372998803
Castlebar,Castlebar,Caisleán an Bharraigh,53.8608,-9.2988,Ireland,IE,IRL,Mayo,Mayo,IE-MO,county,admin,1429.4,13054,13054,2,Europe/Dublin,FALSE,1372066739
Wicklow,Wicklow,Cill Mantan|Cill Maintáinn|Cill Maintain|Cill Mhantáin|Cill Manntéin|Cill Mhanntain,52.9779,-6.0330,Ireland,IE,IRL,Wicklow,Wicklow,IE-WW,county,admin,2963.8,12957,12957,2,Europe/Dublin,FALSE,1372662642
Cobh,Cobh,Queenstown|An Cóbh,51.8510,-8.2967,Ireland,IE,IRL,Cork,Cork,IE-CO,county,,1379.6,12347,12347,3,Europe/Dublin,FALSE,1372119751
Enniscorthy,Enniscorthy,Inis Córthaidh,52.5021,-6.5659,Ireland,IE,IRL,Wexford,Wexford,IE-WX,county,,656.2,12310,12310,3,Europe/Dublin,FALSE,1372938537
An Cabhán,An Cabhan,Cavan,53.9910,-7.3601,Ireland,IE,IRL,Cavan,Cavan,IE-CN,county,admin,870.9,11741,11741,2,Europe/Dublin,FALSE,1372007853
Gorey,Gorey,Guaire,52.6770,-6.2920,Ireland,IE,IRL,Wexford,Wexford,IE-WX,county,,2709.7,11517,11517,2,Europe/Dublin,FALSE,1372751399
Tramore,Tramore,Trá Mhór,52.1588,-7.1463,Ireland,IE,IRL,Waterford,Waterford,IE-WF,city and county,,2273.6,11277,11277,2,Europe/Dublin,FALSE,1372317796
Palmerston,Palmerston,,53.3500,-6.3790,Ireland,IE,IRL,Fingal,Fingal,IE-FI,county,,219.9,11130,11130,3,Europe/Dublin,FALSE,1372809336
Athy,Athy,Baile Átha Í,52.9920,-6.9870,Ireland,IE,IRL,Kildare,Kildare,IE-KE,county,,1713.8,11035,11035,3,Europe/Dublin,FALSE,1372942058
Longford,Longford,An Longfort,53.7270,-7.8000,Ireland,IE,IRL,Longford,Longford,IE-LD,county,admin,1208.7,10952,10952,2,Europe/Dublin,FALSE,1372905339
Rush,Rush,An Ros,53.5220,-6.0890,Ireland,IE,IRL,Fingal,Fingal,IE-FI,county,,1862.2,10875,10875,3,Europe/Dublin,FALSE,1372361445
Na Sceirí,Na Sceiri,Skerries,53.5828,-6.1083,Ireland,IE,IRL,Fingal,Fingal,IE-FI,county,,2948.2,10743,10743,2,Europe/Dublin,FALSE,1372992347
Killiney,Killiney,Cill Iníon Léinín,53.2651,-6.1137,Ireland,IE,IRL,Dún Laoghaire-Rathdown,Dun Laoghaire-Rathdown,IE-DR,county,,1140.4,10600,10600,3,Europe/Dublin,FALSE,1372843848
Ráth Tó,Rath To,Ratoath,53.5060,-6.4630,Ireland,IE,IRL,Meath,Meath,IE-MH,county,,4571.9,10077,10077,2,Europe/Dublin,FALSE,1372907755
Glanmire,Glanmire,Gleann Maghair,51.9167,-8.4000,Ireland,IE,IRL,Cork,Cork,IE-CO,county,,274.4,9903,9903,3,Europe/Dublin,FALSE,1372070147
Nenagh,Nenagh,The Meeting|An tAonach,52.8632,-8.1995,Ireland,IE,IRL,Tipperary,Tipperary,IE-TA,county,admin,1132.6,9895,9895,2,Europe/Dublin,FALSE,1372867922
Donabate,Donabate,Domhnach Bat,53.4870,-6.1520,Ireland,IE,IRL,Fingal,Fingal,IE-FI,county,,3512.5,9669,9669,2,Europe/Dublin,FALSE,1372605200
Tuam,Tuam,Tuaim,53.5150,-8.8510,Ireland,IE,IRL,Galway,Galway,IE-G,county,,1484.2,9647,9647,3,Europe/Dublin,FALSE,1372153412
Shannon,Shannon,Sionainn,52.7137,-8.8686,Ireland,IE,IRL,Clare,Clare,IE-CE,county,,1581.8,9222,9222,3,Europe/Dublin,FALSE,1372328164
Lusca,Lusca,Lusk,53.5260,-6.1670,Ireland,IE,IRL,Fingal,Fingal,IE-FI,county,,2151.5,8806,8806,2,Europe/Dublin,FALSE,1372313792
Kilcock,Kilcock,Cill Choca,53.4004,-6.6681,Ireland,IE,IRL,Kildare,Kildare,IE-KE,county,,3007.8,8674,8674,2,Europe/Dublin,FALSE,1372153030
New Ross,New Ross,Ross|Ros Mhic Thriúin,52.3960,-6.9450,Ireland,IE,IRL,Wexford,Wexford,IE-WX,county,,2934.9,8610,8610,2,Europe/Dublin,FALSE,1372019603
Youghal,Youghal,Eochaill,51.9517,-7.8456,Ireland,IE,IRL,Cork,Cork,IE-CO,county,,3722.2,8564,8564,2,Europe/Dublin,FALSE,1372068050
Thurles,Thurles,Durlas,52.6790,-7.8140,Ireland,IE,IRL,Tipperary,Tipperary,IE-TA,county,,1293.0,8185,8185,3,Europe/Dublin,FALSE,1372072321
Clane,Clane,Claonadh,53.2918,-6.6861,Ireland,IE,IRL,Kildare,Kildare,IE-KE,county,,2391.2,8152,8152,2,Europe/Dublin,FALSE,1372071200
Dungarvan,Dungarvan,Dún Garbhán,52.0845,-7.6397,Ireland,IE,IRL,Waterford,Waterford,IE-WF,city and county,,1725.9,7991,7991,3,Europe/Dublin,FALSE,1372697938
Monaghan,Monaghan,Muineachán,54.2478,-6.9708,Ireland,IE,IRL,Monaghan,Monaghan,IE-MN,county,admin,1134.7,7894,7894,2,Europe/Dublin,FALSE,1372399438
Edenderry,Edenderry,Éaden Doire,53.3450,-7.0512,Ireland,IE,IRL,Offaly,Offaly,IE-OY,county,,2573.0,7888,7888,2,Europe/Dublin,FALSE,1372806413
Kildare,Kildare,Cill Dara,53.1577,-6.9113,Ireland,IE,IRL,Kildare,Kildare,IE-KE,county,,1076.2,7538,7538,3,Europe/Dublin,FALSE,1372940357
Newcastle West,Newcastle West,Newcastle|An Caisleán Nua,52.4510,-9.0550,Ireland,IE,IRL,Limerick,Limerick,IE-LC,city and county,,1657.8,7209,7209,3,Europe/Dublin,FALSE,1372250633
Buncrana,Buncrana,Bun Cranncha,55.1364,-7.4560,Ireland,IE,IRL,Donegal,Donegal,IE-DL,county,,1099.1,6971,6971,3,Europe/Dublin,FALSE,1372831490
Fermoy,Fermoy,Mainistir Fhear Maí,52.1410,-8.2760,Ireland,IE,IRL,Cork,Cork,IE-CO,county,,1460.9,6720,6720,3,Europe/Dublin,FALSE,1372770740
Carrigtohill,Carrigtohill,Carrigtwohill|Carraig Thuathail,51.9094,-8.2573,Ireland,IE,IRL,Cork,Cork,IE-CO,county,,343.1,6665,6665,3,Europe/Dublin,FALSE,1372316117
Ballinasloe,Ballinasloe,Béal Átha na Sluaighe,53.3275,-8.2194,Ireland,IE,IRL,Galway,Galway,IE-G,county,,774.7,6662,6662,3,Europe/Dublin,FALSE,1372535933
Dunshaughlin,Dunshaughlin,Dún Seachlainn,53.5118,-6.5395,Ireland,IE,IRL,Meath,Meath,IE-MH,county,,1824.1,6644,6644,3,Europe/Dublin,FALSE,1372051945
Ros Comáin,Ros Comain,Rosecommon|Roscommon,53.6333,-8.1833,Ireland,IE,IRL,Roscommon,Roscommon,IE-RN,county,admin,734.5,6555,6555,2,Europe/Dublin,FALSE,1372870384
Loughrea,Loughrea,Baile Locha Riach,53.1970,-8.5670,Ireland,IE,IRL,Galway,Galway,IE-G,county,,1306.3,6322,6322,3,Europe/Dublin,FALSE,1372502752
Sallins,Sallins,Na Solláin,53.2492,-6.6650,Ireland,IE,IRL,Kildare,Kildare,IE-KE,county,,2092.0,6269,6269,2,Europe/Dublin,FALSE,1372093633
Westport,Westport,Cathair na Mart,53.8000,-9.5333,Ireland,IE,IRL,Mayo,Mayo,IE-MO,county,,1794.6,6198,6198,3,Europe/Dublin,FALSE,1372187686
Carrickmines,Carrickmines,Carraig Mhaighin,53.2480,-6.1810,Ireland,IE,IRL,Dún Laoghaire-Rathdown,Dun Laoghaire-Rathdown,IE-DR,county,,720.9,6088,6088,3,Europe/Dublin,FALSE,1372693868
Passage West,Passage West,Passage|An Pasáiste,51.8713,-8.3352,Ireland,IE,IRL,Cork,Cork,IE-CO,county,,1053.6,5843,5843,3,Europe/Dublin,FALSE,1372870539
Oranmore,Oranmore,Órán Mór,53.2683,-8.9200,Ireland,IE,IRL,Galway,Galway,IE-G,county,,1629.7,5819,5819,3,Europe/Dublin,FALSE,1372153661
Rathcoole,Rathcoole,Ráth Cúil,53.2828,-6.4728,Ireland,IE,IRL,South Dublin,South Dublin,IE-SD,county,,5265.5,5792,5792,2,Europe/Dublin,FALSE,1372135309
Carrick-on-Suir,Carrick-on-Suir,Carraig na Siúire,52.3465,-7.4120,Ireland,IE,IRL,Tipperary,Tipperary,IE-TA,county,,1803.4,5771,5771,3,Europe/Dublin,FALSE,1372543422
Dunboyne,Dunboyne,,53.4200,-6.4750,Ireland,IE,IRL,Meath,Meath,IE-MH,county,,24.8,5713,5713,3,Europe/Dublin,FALSE,1372446066
Blessington,Blessington,Baile Coimín,53.1700,-6.5330,Ireland,IE,IRL,Wicklow,Wicklow,IE-WW,county,,885.8,5611,5611,3,Europe/Dublin,FALSE,1372365915
Roscrea,Roscrea,Ros Cré,52.9550,-7.7970,Ireland,IE,IRL,Tipperary,Tipperary,IE-TA,county,,1423.0,5446,4910,3,Europe/Dublin,FALSE,1372954944
Monasterevin,Monasterevin,Monasterevan|Mainistir Eimhín,53.1387,-7.0608,Ireland,IE,IRL,Kildare,Kildare,IE-KE,county,,1560.9,5307,5307,3,Europe/Dublin,FALSE,1372240117
Tullow,Tullow,An Tulach,52.8003,-6.7369,Ireland,IE,IRL,Carlow,Carlow,IE-CW,county,,1121.4,5138,5138,3,Europe/Dublin,FALSE,1372726804
Carraig Mhachaire Rois,Carraig Mhachaire Rois,Magheross|Carrickmacross,53.9760,-6.7190,Ireland,IE,IRL,Monaghan,Monaghan,IE-MN,county,,1467.5,5032,5032,3,Europe/Dublin,FALSE,1372596170
Tipperary,Tipperary,Tiobraid Árann,52.4740,-8.1620,Ireland,IE,IRL,Tipperary,Tipperary,IE-TA,county,,1111.1,4979,4979,3,Europe/Dublin,FALSE,1372458643
Clonakilty,Clonakilty,Cloich na Coillte,51.6219,-8.8864,Ireland,IE,IRL,Cork,Cork,IE-CO,county,,131.9,4946,4946,4,Europe/Dublin,FALSE,1372197461
Baile Átha Fhirdhia,Baile Atha Fhirdhia,Ardee,53.8554,-6.5379,Ireland,IE,IRL,Louth,Louth,IE-LH,county,,617.9,4928,4928,3,Europe/Dublin,FALSE,1372716097
Mountmellick,Mountmellick,Móinteach Mílic,53.1163,-7.3241,Ireland,IE,IRL,Laois,Laois,IE-LS,county,,1565.8,4905,4905,3,Europe/Dublin,FALSE,1372923032
Damhliag,Damhliag,Duleek,53.6551,-6.4166,Ireland,IE,IRL,Meath,Meath,IE-MH,county,,811.8,4899,4899,3,Europe/Dublin,FALSE,1372801967
Kinsale,Kinsale,Cionn tSáile,51.7056,-8.5222,Ireland,IE,IRL,Cork,Cork,IE-CO,county,,735.8,4893,4893,3,Europe/Dublin,FALSE,1372972334
Ballybofey,Ballybofey,Bealach Féich,54.8000,-7.7900,Ireland,IE,IRL,Donegal,Donegal,IE-DL,county,,440.6,4852,4852,3,Europe/Dublin,FALSE,1372743907
Listowel,Listowel,Lios Tuathail,52.4470,-9.4860,Ireland,IE,IRL,Kerry,Kerry,IE-KY,county,,146.1,4820,4820,3,Europe/Dublin,FALSE,1372652905
Carrick on Shannon,Carrick on Shannon,Cora Droma Rúisc,53.9440,-8.0950,Ireland,IE,IRL,Leitrim,Leitrim,IE-LM,county,admin,1755.9,4743,4743,2,Europe/Dublin,FALSE,1372960774
Athenry,Athenry,Baile Átha an Rí,53.3000,-8.7460,Ireland,IE,IRL,Galway,Galway,IE-G,county,,843.2,4603,4603,3,Europe/Dublin,FALSE,1372077161
Saggart,Saggart,Teach Sagard,53.2800,-6.4440,Ireland,IE,IRL,South Dublin,South Dublin,IE-SD,county,,2387.6,4573,4573,2,Europe/Dublin,FALSE,1372168425
Courtown,Courtown,Courtown Harbour|Cuan Bhaile na Cúirte|Baile na Cúirte,52.6450,-6.2290,Ireland,IE,IRL,Wexford,Wexford,IE-WX,county,,667.8,4365,4365,3,Europe/Dublin,FALSE,1372892054
Kilcoole,Kilcoole,Cill Chomhghaill,53.1063,-6.0645,Ireland,IE,IRL,Wicklow,Wicklow,IE-WW,county,,5441.5,4239,4239,2,Europe/Dublin,FALSE,1372107657
Gweedore,Gweedore,Gaoth Dobhair,55.0517,-8.2327,Ireland,IE,IRL,Donegal,Donegal,IE-DL,county,,7.6,4065,4065,3,Europe/Dublin,FALSE,1372966767
Bandon,Bandon,Droichead na Bandon,51.7469,-8.7425,Ireland,IE,IRL,Cork,Cork,IE-CO,county,,411.2,3997,3997,3,Europe/Dublin,FALSE,1372605163
Mulhurddart,Mulhurddart,,53.4028,-6.3982,Ireland,IE,IRL,Fingal,Fingal,IE-FI,county,,4586.2,3866,3866,2,Europe/Dublin,FALSE,1372184558
Kilcullen,Kilcullen,Cill Chuillinn,53.1304,-6.7456,Ireland,IE,IRL,Kildare,Kildare,IE-KE,county,,891.2,3815,3815,3,Europe/Dublin,FALSE,1372000040
Macroom,Macroom,Maigh Chromtha,51.9047,-8.9597,Ireland,IE,IRL,Cork,Cork,IE-CO,county,,751.9,3765,3765,3,Europe/Dublin,FALSE,1372766683
Mitchelstown,Mitchelstown,Baile Mhistéala,52.2656,-8.2699,Ireland,IE,IRL,Cork,Cork,IE-CO,county,,1668.5,3740,3740,3,Europe/Dublin,FALSE,1372773447
Stamullin,Stamullin,,53.6300,-6.2700,Ireland,IE,IRL,Meath,Meath,IE-MH,county,,4498.3,3720,3720,2,Europe/Dublin,FALSE,1372212516
Claremorris,Claremorris,Clár Chlainne Mhuiris,53.7169,-8.9983,Ireland,IE,IRL,Mayo,Mayo,IE-MO,county,,1243.1,3687,3687,3,Europe/Dublin,FALSE,1372342019
Riverchapel,Riverchapel,,52.6366,-6.2339,Ireland,IE,IRL,Wexford,Wexford,IE-WX,county,,2979.7,3665,3665,2,Europe/Dublin,FALSE,1372587400
Castleblayney,Castleblayney,Baile na Lorgan,54.1200,-6.7389,Ireland,IE,IRL,Monaghan,Monaghan,IE-MN,county,,404.0,3607,3607,3,Europe/Dublin,FALSE,1372996502
Caher,Caher,Án Chathair|Cahir,52.3750,-7.9250,Ireland,IE,IRL,Tipperary,Tipperary,IE-TA,county,,1117.9,3593,3593,3,Europe/Dublin,FALSE,1372854887
Rathnew,Rathnew,Ráth Naoi,52.9906,-6.0853,Ireland,IE,IRL,Wicklow,Wicklow,IE-WW,county,,1198.0,3482,3482,3,Europe/Dublin,FALSE,1372434897
Delgany,Delgany,Deilgne,53.1310,-6.0910,Ireland,IE,IRL,Wicklow,Wicklow,IE-WW,county,,760.2,3068,3068,3,Europe/Dublin,FALSE,1372093474
Kinnegad,Kinnegad,Cionn Átha Gad,53.4550,-7.1010,Ireland,IE,IRL,Westmeath,Westmeath,IE-WH,county,,1771.1,3064,3064,3,Europe/Dublin,FALSE,1372550005
An Móta,An Mota,Moate,53.3954,-7.7206,Ireland,IE,IRL,Westmeath,Westmeath,IE-WH,county,,1550.7,3013,3013,3,Europe/Dublin,FALSE,1372978802
Cashel,Cashel,Caiseal,52.5167,-7.8894,Ireland,IE,IRL,Tipperary,Tipperary,IE-TA,county,,2191.0,2936,2936,2,Europe/Dublin,FALSE,1372469636
Annaboty,Annaboty,,52.6689,-8.5306,Ireland,IE,IRL,Tipperary,Tipperary,IE-TA,county,,32.4,2930,2930,4,Europe/Dublin,FALSE,1372696887
Skibbereen,Skibbereen,An Sciobairin,51.5486,-9.2636,Ireland,IE,IRL,Cork,Cork,IE-CO,county,,521.2,2903,2903,3,Europe/Dublin,FALSE,1372987873
Gort,Gort,An Gort,53.0660,-8.8180,Ireland,IE,IRL,Galway,Galway,IE-G,county,,810.0,2870,2870,3,Europe/Dublin,FALSE,1372233488
Muine Bheag,Muine Bheag,Bagenalstown,52.7010,-6.9570,Ireland,IE,IRL,Carlow,Carlow,IE-CW,county,,32.7,2837,2837,4,Europe/Dublin,FALSE,1372133532
Kanturk,Kanturk,Ceann Toirc,52.1750,-8.9000,Ireland,IE,IRL,Cork,Cork,IE-CO,county,,54.5,2803,2803,4,Europe/Dublin,FALSE,1372105677
Ballinrobe,Ballinrobe,Baile an Róba,53.6333,-9.2333,Ireland,IE,IRL,Mayo,Mayo,IE-MO,county,,472.0,2786,2786,3,Europe/Dublin,FALSE,1372325716
Togher,Togher,,51.8792,-8.4919,Ireland,IE,IRL,Cork,Cork,IE-CR,city,,3377.3,2765,2765,2,Europe/Dublin,FALSE,1372295946
Bantry,Bantry,Beanntraí,51.6797,-9.4533,Ireland,IE,IRL,Cork,Cork,IE-CO,county,,712.7,2722,2722,3,Europe/Dublin,FALSE,1372501593
Kilrush,Kilrush,Cill Rois,52.6400,-9.4860,Ireland,IE,IRL,Clare,Clare,IE-CE,county,,889.3,2719,2719,3,Europe/Dublin,FALSE,1372505564
Coill an Chollaigh,Coill an Chollaigh,Baileborough|Bailieborough,53.9169,-6.9709,Ireland,IE,IRL,Cavan,Cavan,IE-CN,county,,640.4,2683,2683,3,Europe/Dublin,FALSE,1372934196
Ballyjamesduff,Ballyjamesduff,Baile Shéamais Dhuibh,53.8642,-7.2056,Ireland,IE,IRL,Cavan,Cavan,IE-CN,county,,1920.9,2661,2661,3,Europe/Dublin,FALSE,1372691222
Sixmilebridge,Sixmilebridge,Droíchead Abhann Ó gCearnaigh,52.7430,-8.7730,Ireland,IE,IRL,Clare,Clare,IE-CE,county,,693.6,2625,2625,3,Europe/Dublin,FALSE,1372872595
Donegal,Donegal,Dún na nGall,54.6540,-8.1100,Ireland,IE,IRL,Donegal,Donegal,IE-DL,county,,208.6,2618,2618,3,Europe/Dublin,FALSE,1372576120
Bundoran,Bundoran,Bun Dobhráin,54.4754,-8.2838,Ireland,IE,IRL,Donegal,Donegal,IE-DL,county,,504.4,2599,2599,3,Europe/Dublin,FALSE,1372401686
Athboy,Athboy,Baile Átha Buí,53.6167,-6.9167,Ireland,IE,IRL,Meath,Meath,IE-MH,county,,716.4,2596,2596,3,Europe/Dublin,FALSE,1372277374
Crosshaven,Crosshaven,Bun an Tábhairne,51.8019,-8.2953,Ireland,IE,IRL,Cork,Cork,IE-CO,county,,225.6,2577,2577,3,Europe/Dublin,FALSE,1372536497
Newtown Mount Kennedy,Newtown Mount Kennedy,Newton Mount Kennedy|Baile an Chinnéidigh,53.0901,-6.1103,Ireland,IE,IRL,Wicklow,Wicklow,IE-WW,county,,1968.5,2548,2548,3,Europe/Dublin,FALSE,1372071390
Blarney,Blarney,An Bhlarna,51.9331,-8.5681,Ireland,IE,IRL,Cork,Cork,IE-CO,county,,161.0,2539,2539,3,Europe/Dublin,FALSE,1372463029
Dún An Ri,Dun An Ri,Kingscourt,53.9046,-6.8049,Ireland,IE,IRL,Cavan,Cavan,IE-CN,county,,1413.9,2499,2499,3,Europe/Dublin,FALSE,1372034695
Castleisland,Castleisland,Oileán Ciarraí,52.2307,-9.4647,Ireland,IE,IRL,Kerry,Kerry,IE-KY,county,,363.7,2486,2486,3,Europe/Dublin,FALSE,1372865231
Carndonagh,Carndonagh,Cardonagh|Carn Domhnach,55.2500,-7.2700,Ireland,IE,IRL,Donegal,Donegal,IE-DL,county,,578.7,2471,2471,3,Europe/Dublin,FALSE,1372320507
Thomastown,Thomastown,Baile Mhic Andáin,52.5267,-7.1372,Ireland,IE,IRL,Kilkenny,Kilkenny,IE-KK,county,,1881.2,2445,2445,3,Europe/Dublin,FALSE,1372295011
Ballyhaunis,Ballyhaunis,Béal Átha hAmhnais,53.7667,-8.7667,Ireland,IE,IRL,Mayo,Mayo,IE-MO,county,,344.0,2366,2366,3,Europe/Dublin,FALSE,1372009388
Barna,Barna,Bearna,53.2500,-9.1500,Ireland,IE,IRL,Galway,Galway,IE-G,county,,263.2,2336,2336,3,Europe/Dublin,FALSE,1372790971
Tobercurry,Tobercurry,Tubbercurry|Tobar an Choire,54.0500,-8.7333,Ireland,IE,IRL,Sligo,Sligo,IE-SO,county,,493.5,2307,2307,3,Europe/Dublin,FALSE,1372146390
Ballyshannon,Ballyshannon,Béal Átha Seanaidh,54.5015,-8.1901,Ireland,IE,IRL,Donegal,Donegal,IE-DL,county,,556.3,2299,2299,3,Europe/Dublin,FALSE,1372369788
Balrothery,Balrothery,,53.5871,-6.1885,Ireland,IE,IRL,Fingal,Fingal,IE-FI,county,,122.5,2282,2282,4,Europe/Dublin,FALSE,1372018928
Moycullen,Moycullen,Maigh Cuilinn,53.3391,-9.1804,Ireland,IE,IRL,Galway,Galway,IE-G,county,,63.2,2279,2279,3,Europe/Dublin,FALSE,1372310492
Kenmare,Kenmare,Kevmare|Neidin,51.8801,-9.5835,Ireland,IE,IRL,Kerry,Kerry,IE-KY,county,,521.8,2175,2175,3,Europe/Dublin,FALSE,1372787264
Killorglin,Killorglin,Cill Orglan,52.1065,-9.7850,Ireland,IE,IRL,Kerry,Kerry,IE-KY,county,,325.5,2163,2163,3,Europe/Dublin,FALSE,1372000044
Clogherhead,Clogherhead,Ceann Chlochair|Clogher,53.7920,-6.2380,Ireland,IE,IRL,Louth,Louth,IE-LH,county,,443.5,2145,2145,3,Europe/Dublin,FALSE,1372279121
Dunleer,Dunleer,Dún Léire,53.8300,-6.3950,Ireland,IE,IRL,Louth,Louth,IE-LH,county,,133.1,2143,2143,4,Europe/Dublin,FALSE,1372142232
Baltinglass,Baltinglass,Bealach Conglais,52.9410,-6.7110,Ireland,IE,IRL,Wicklow,Wicklow,IE-WW,county,,742.4,2137,2137,3,Europe/Dublin,FALSE,1372898963
Castleconnell,Castleconnell,Caisleáñ Ui Chonaill,52.7143,-8.5016,Ireland,IE,IRL,Limerick,Limerick,IE-LC,city and county,,842.2,2107,2107,3,Europe/Dublin,FALSE,1372975087
Meathas Troim,Meathas Troim,Meathus Truim|Meathas Truim|Edgeworthstown|Mostrim,53.6966,-7.6097,Ireland,IE,IRL,Longford,Longford,IE-LD,county,,282.9,2072,2072,3,Europe/Dublin,FALSE,1372760732
Mountrath,Mountrath,Maighean Rátha,53.0000,-7.4667,Ireland,IE,IRL,Laois,Laois,IE-LS,county,,948.1,2070,2070,3,Europe/Dublin,FALSE,1372565792
Leopardstown,Leopardstown,,53.2700,-6.2050,Ireland,IE,IRL,Dún Laoghaire-Rathdown,Dun Laoghaire-Rathdown,IE-DR,county,,1239.0,2067,2067,3,Europe/Dublin,FALSE,1372103189
Bunclody,Bunclody,Newtonbarry|Newtownbarry|Bun Clóidi,52.6550,-6.6510,Ireland,IE,IRL,Wexford,Wexford,IE-WX,county,,788.0,2053,2053,3,Europe/Dublin,FALSE,1372550780
Abbeyfeale,Abbeyfeale,Mainistir na Féile,52.3860,-9.2940,Ireland,IE,IRL,Limerick,Limerick,IE-LC,city and county,,882.9,2023,2023,3,Europe/Dublin,FALSE,1372593535
Enniskerry,Enniskerry,Áth na Sceire,53.1928,-6.1705,Ireland,IE,IRL,Wicklow,Wicklow,IE-WW,county,,367.8,2008,2008,3,Europe/Dublin,FALSE,1372414789
Templemore,Templemore,An Teampall Mór,52.8000,-7.8300,Ireland,IE,IRL,Tipperary,Tipperary,IE-TA,county,,584.3,2005,2005,3,Europe/Dublin,FALSE,1372440623
Castlerea,Castlerea,Castlereagh|An Caisleán Riabhach,53.7667,-8.5000,Ireland,IE,IRL,Roscommon,Roscommon,IE-RN,county,,389.9,1992,1992,3,Europe/Dublin,FALSE,1372208796
Tearmann Feichín,Tearmann Feichin,Termonfeckin,53.7667,-6.2667,Ireland,IE,IRL,Louth,Louth,IE-LH,county,,867.8,1983,1983,3,Europe/Dublin,FALSE,1372545426
Ballyboghil,Ballyboghil,Ballyboughal|Ballyboghill,53.5208,-6.2667,Ireland,IE,IRL,Fingal,Fingal,IE-FI,county,,60.5,1946,1946,4,Europe/Dublin,FALSE,1372870682
Banagher,Banagher,Beannchar,53.1833,-7.9833,Ireland,IE,IRL,Offaly,Offaly,IE-OY,county,,309.0,1907,1907,3,Europe/Dublin,FALSE,1372085716
Abbeyleix,Abbeyleix,Mainistir Laoise,52.9140,-7.3490,Ireland,IE,IRL,Laois,Laois,IE-LS,county,,15.0,1897,1897,3,Europe/Dublin,FALSE,1372059184
Portlaw,Portlaw,Port Lách,52.2833,-7.3167,Ireland,IE,IRL,Waterford,Waterford,IE-WF,city and county,,1137.6,1881,1881,3,Europe/Dublin,FALSE,1372451751
Cootehill,Cootehill,Muinchille,54.0740,-7.0808,Ireland,IE,IRL,Cavan,Cavan,IE-CN,county,,1523.7,1853,1853,3,Europe/Dublin,FALSE,1372595938
Oughterard,Oughterard,Uachtar Ard,53.4167,-9.3333,Ireland,IE,IRL,Galway,Galway,IE-G,county,,154.7,1846,1846,4,Europe/Dublin,FALSE,1372006338
Castlebridge,Castlebridge,Droichead an Chaisleáin,52.3833,-6.4500,Ireland,IE,IRL,Wexford,Wexford,IE-WX,county,,1227.7,1840,1840,3,Europe/Dublin,FALSE,1372305511
Watergrasshill,Watergrasshill,Cnocán na Biolraí,52.0400,-8.2430,Ireland,IE,IRL,Cork,Cork,IE-CO,county,,787.1,1840,1840,3,Europe/Dublin,FALSE,1372752369
Derrinturn,Derrinturn,,53.3396,-6.9401,Ireland,IE,IRL,Kildare,Kildare,IE-KE,county,,918.5,1837,1837,3,Europe/Dublin,FALSE,1372032993
Ballivor,Ballivor,Baile Íomhair,53.5328,-6.9648,Ireland,IE,IRL,Meath,Meath,IE-MH,county,,1845.9,1809,1809,3,Europe/Dublin,FALSE,1372049784
Ballaghaderreen,Ballaghaderreen,Bealach an Doirín,53.9001,-8.5814,Ireland,IE,IRL,Roscommon,Roscommon,IE-RN,county,,628.3,1808,1808,3,Europe/Dublin,FALSE,1372155253
Cloyne,Cloyne,Cluain,51.8631,-8.1208,Ireland,IE,IRL,Cork,Cork,IE-CO,county,,1980.6,1803,1803,3,Europe/Dublin,FALSE,1372792396
Collooney,Collooney,Cúil Mhuine,54.1830,-8.4920,Ireland,IE,IRL,Sligo,Sligo,IE-SO,county,,749.6,1797,1797,3,Europe/Dublin,FALSE,1372091177
Newmarket on Fergus,Newmarket on Fergus,Cora Chaitlín,52.7597,-8.8935,Ireland,IE,IRL,Clare,Clare,IE-CE,county,,1092.7,1784,1784,3,Europe/Dublin,FALSE,1372850752
Rathcormack,Rathcormack,Ráth Chormaic|Rathcormac,52.0769,-8.2819,Ireland,IE,IRL,Cork,Cork,IE-CO,county,,1394.8,1762,1762,3,Europe/Dublin,FALSE,1372110862
Kilmallock,Kilmallock,Cill Mocheallóg|Kilmailock,52.3990,-8.5750,Ireland,IE,IRL,Limerick,Limerick,IE-LC,city and county,,1019.5,1761,1761,3,Europe/Dublin,FALSE,1372861251
Strandhill,Strandhill,Larass|An Leathros,54.2719,-8.5933,Ireland,IE,IRL,Sligo,Sligo,IE-SO,county,,867.3,1753,1753,3,Europe/Dublin,FALSE,1372164684
Ballysadare,Ballysadare,Baile Easa Dara,54.2117,-8.5094,Ireland,IE,IRL,Sligo,Sligo,IE-SO,county,,1916.2,1747,1747,3,Europe/Dublin,FALSE,1372894121
Dunmore East,Dunmore East,Dunmore|Dún Mór,52.1550,-6.9960,Ireland,IE,IRL,Waterford,Waterford,IE-WF,city and county,,108.6,1731,1731,3,Europe/Dublin,FALSE,1372781556
Millstreet,Millstreet,Sráid an Mhuilinn,52.0604,-9.0641,Ireland,IE,IRL,Cork,Cork,IE-CO,county,,74.7,1722,1722,4,Europe/Dublin,FALSE,1372516183
Baile Uí Mhatháin,Baile Ui Mhathain,Ballymahon,53.5667,-7.7667,Ireland,IE,IRL,Longford,Longford,IE-LD,county,,364.1,1714,1714,3,Europe/Dublin,FALSE,1372023989
Ballymote,Ballymote,Baile an Mhóta,54.0896,-8.5167,Ireland,IE,IRL,Sligo,Sligo,IE-SO,county,,27.7,1711,1711,3,Europe/Dublin,FALSE,1372324288
Portumna,Portumna,Port Omna,53.0892,-8.2189,Ireland,IE,IRL,Galway,Galway,IE-G,county,,292.8,1690,1690,3,Europe/Dublin,FALSE,1372031158
Dingle,Dingle,An Daingean,52.1399,-10.2715,Ireland,IE,IRL,Kerry,Kerry,IE-KY,county,,802.0,1671,1671,3,Europe/Dublin,FALSE,1372208142
Dunmanway,Dunmanway,Dún Mánmhaí,51.7208,-9.1128,Ireland,IE,IRL,Cork,Cork,IE-CO,county,,489.5,1655,1655,3,Europe/Dublin,FALSE,1372465513
Claregalway,Claregalway,Baile Chláir,53.3386,-8.9454,Ireland,IE,IRL,Galway,Galway,IE-G,county,,1069.6,1632,1632,3,Europe/Dublin,FALSE,1372001952
Ballybunnion,Ballybunnion,Baile an Bhuinneánaigh,52.5100,-9.6720,Ireland,IE,IRL,Kerry,Kerry,IE-KY,county,,550.8,1618,1618,3,Europe/Dublin,FALSE,1372049735
Lifford,Lifford,Leifear,54.8340,-7.4860,Ireland,IE,IRL,Donegal,Donegal,IE-DL,county,admin,362.2,1613,1613,2,Europe/Dublin,FALSE,1372149317
Castlemartyr,Castlemartyr,Baile na Martra,51.9167,-8.0500,Ireland,IE,IRL,Cork,Cork,IE-CO,county,,1034.9,1600,1600,3,Europe/Dublin,FALSE,1372350685
Cill Bheagáin,Cill Bheagain,Kilbeggan,53.3636,-7.4985,Ireland,IE,IRL,Westmeath,Westmeath,IE-WH,county,,626.0,1575,1575,3,Europe/Dublin,FALSE,1372212300
Portraine,Portraine,,53.4934,-6.1146,Ireland,IE,IRL,Fingal,Fingal,IE-FI,county,,1048.2,1532,1532,3,Europe/Dublin,FALSE,1372315433
Castlecomer,Castlecomer,Caisleán an Chomair,52.8060,-7.2100,Ireland,IE,IRL,Kilkenny,Kilkenny,IE-KK,county,,49.2,1502,1502,4,Europe/Dublin,FALSE,1372200502
Clifden,Clifden,An Clochán,53.4890,-10.0210,Ireland,IE,IRL,Galway,Galway,IE-G,county,,104.8,1497,1497,3,Europe/Dublin,FALSE,1372000010
Caherconlish,Caherconlish,Cathair Chinn Lis,52.5936,-8.4703,Ireland,IE,IRL,Limerick,Limerick,IE-LC,city and county,,683.0,1476,1476,3,Europe/Dublin,FALSE,1372909304
Castledermot,Castledermot,Díseart Diarmada,52.9120,-6.8376,Ireland,IE,IRL,Kildare,Kildare,IE-KE,county,,648.6,1475,1475,3,Europe/Dublin,FALSE,1372014346
Graiguenamanagh,Graiguenamanagh,Graigue|Gráig na Manach,52.5400,-6.9550,Ireland,IE,IRL,Kilkenny,Kilkenny,IE-KK,county,,568.0,1475,1475,3,Europe/Dublin,FALSE,1372361615
Droichead Chaisleán Loiste,Droichead Chaislean Loiste,Rochfortbridge,53.4160,-7.2960,Ireland,IE,IRL,Westmeath,Westmeath,IE-WH,county,,660.5,1473,1473,3,Europe/Dublin,FALSE,1372687365
Manorhamilton,Manorhamilton,Cluainín,54.3064,-8.1761,Ireland,IE,IRL,Leitrim,Leitrim,IE-LM,county,,281.1,1466,1466,3,Europe/Dublin,FALSE,1372195430
Slane,Slane,Baile Shláine,53.7086,-6.5434,Ireland,IE,IRL,Meath,Meath,IE-MH,county,,955.9,1445,1445,3,Europe/Dublin,FALSE,1372220560
Rathkeale,Rathkeale,Ráth Caola,52.5167,-8.9333,Ireland,IE,IRL,Limerick,Limerick,IE-LC,city and county,,610.2,1441,1441,3,Europe/Dublin,FALSE,1372164516
Ardnacrusha,Ardnacrusha,,52.7083,-8.6122,Ireland,IE,IRL,Clare,Clare,IE-CE,county,,983.2,1414,1414,3,Europe/Dublin,FALSE,1372724855
Stradbally,Stradbally,An Sráidbhaile,53.0170,-7.1530,Ireland,IE,IRL,Laois,Laois,IE-LS,county,,227.6,1404,1404,3,Europe/Dublin,FALSE,1372415786
Belturbet,Belturbet,Béal Tairbirt,54.1000,-7.4500,Ireland,IE,IRL,Cavan,Cavan,IE-CN,county,,355.0,1395,1395,3,Europe/Dublin,FALSE,1372442972
Swinford,Swinford,Béal Átha na Muice|Swineford,53.9417,-8.9500,Ireland,IE,IRL,Mayo,Mayo,IE-MO,county,,302.5,1394,1394,3,Europe/Dublin,FALSE,1372895996
Moville,Moville,Bun an Phobail,55.1889,-7.0406,Ireland,IE,IRL,Donegal,Donegal,IE-DL,county,,1437.5,1390,1390,3,Europe/Dublin,FALSE,1372508029
Moroe,Moroe,,52.6500,-8.4000,Ireland,IE,IRL,Limerick,Limerick,IE-LC,city and county,,306.8,1377,1377,3,Europe/Dublin,FALSE,1372183627
Ferbane,Ferbane,An Féar Bán,53.2707,-7.8284,Ireland,IE,IRL,Offaly,Offaly,IE-OY,county,,367.1,1324,1324,3,Europe/Dublin,FALSE,1372058135
Foxford,Foxford,Béal Easa,53.9810,-9.1140,Ireland,IE,IRL,Mayo,Mayo,IE-MO,county,,438.0,1315,1315,3,Europe/Dublin,FALSE,1372611768
Cahersiveen,Cahersiveen,Cahersween|Cathair Saidhbhín,51.9480,-10.2240,Ireland,IE,IRL,Kerry,Kerry,IE-KY,county,,436.4,1297,1297,3,Europe/Dublin,FALSE,1372498861
Inishcrone,Inishcrone,Inis Crabhann,54.2130,-9.0933,Ireland,IE,IRL,Sligo,Sligo,IE-SO,county,,614.4,1291,1291,3,Europe/Dublin,FALSE,1372118349
Killybegs,Killybegs,Na Ceala Beaga|Na Cealla Beaga,54.6361,-8.4444,Ireland,IE,IRL,Donegal,Donegal,IE-DL,county,,102.5,1280,1280,3,Europe/Dublin,FALSE,1372326146
Rathdowney,Rathdowney,Ráth Domhnaigh,52.8554,-7.5848,Ireland,IE,IRL,Laois,Laois,IE-LS,county,,164.7,1271,1271,4,Europe/Dublin,FALSE,1372376454
Rathmelton,Rathmelton,Ramelton|Ráth Mealtain,55.0356,-7.6456,Ireland,IE,IRL,Donegal,Donegal,IE-DL,county,,38.7,1266,1266,4,Europe/Dublin,FALSE,1372367272
Kilpedder,Kilpedder,,53.1136,-6.1049,Ireland,IE,IRL,Wicklow,Wicklow,IE-WW,county,,643.6,1255,1255,3,Europe/Dublin,FALSE,1372099695
Faulkland,Faulkland,,54.3799,-7.3126,Ireland,IE,IRL,Monaghan,Monaghan,IE-MN,county,,56.0,1243,1243,4,Europe/Dublin,FALSE,1372504307
Ballybay,Ballybay,Béal Átha na Beithe|Béal Átha Beithe,54.1293,-6.9029,Ireland,IE,IRL,Monaghan,Monaghan,IE-MN,county,,541.1,1241,1241,3,Europe/Dublin,FALSE,1372436658
Kilmacanoge,Kilmacanoge,,53.1680,-6.1380,Ireland,IE,IRL,Wicklow,Wicklow,IE-WW,county,,786.4,1240,1240,3,Europe/Dublin,FALSE,1372035624
Headford,Headford,Áth Cinn,53.4691,-9.1068,Ireland,IE,IRL,Galway,Galway,IE-G,county,,214.5,1235,1235,3,Europe/Dublin,FALSE,1372573745
Daingean,Daingean,Philipstown|An Daingean,53.2950,-7.2920,Ireland,IE,IRL,Offaly,Offaly,IE-OY,county,,702.2,1223,1223,3,Europe/Dublin,FALSE,1372860446
Piltown,Piltown,Pilltown|Baile an Phoill,52.3500,-7.3333,Ireland,IE,IRL,Kilkenny,Kilkenny,IE-KK,county,,327.9,1220,1220,3,Europe/Dublin,FALSE,1372593893
Clonee,Clonee,Cluain Aodha,53.4117,-6.4442,Ireland,IE,IRL,Meath,Meath,IE-MH,county,,499.4,1205,1205,3,Europe/Dublin,FALSE,1372042098
Dromiskin,Dromiskin,,53.9223,-6.3988,Ireland,IE,IRL,Louth,Louth,IE-LH,county,,267.3,1195,1195,3,Europe/Dublin,FALSE,1372812978
Athgarvan,Athgarvan,,53.1530,-6.7782,Ireland,IE,IRL,Kildare,Kildare,IE-KE,county,,280.2,1176,1176,3,Europe/Dublin,FALSE,1372904174
Mooncoin,Mooncoin,Móin Choinn,52.2956,-7.2594,Ireland,IE,IRL,Kilkenny,Kilkenny,IE-KK,county,,294.7,1175,1175,3,Europe/Dublin,FALSE,1372906096
Ballylynan,Ballylynan,Baile Uí Laigheanáin,52.9436,-7.0422,Ireland,IE,IRL,Laois,Laois,IE-LS,county,,1757.9,1167,1167,3,Europe/Dublin,FALSE,1372527523
Dunglow,Dunglow,Dungloe|An Clochán Liath,54.9520,-8.3580,Ireland,IE,IRL,Donegal,Donegal,IE-DL,county,,209.8,1164,1164,3,Europe/Dublin,FALSE,1372479094
Baile na gCros,Baile na gCros,Castelpollard|Castlepollard,53.6798,-7.2988,Ireland,IE,IRL,Westmeath,Westmeath,IE-WH,county,,38.2,1163,1163,4,Europe/Dublin,FALSE,1372523739
Dunlavin,Dunlavin,Dún Luáin,53.0556,-6.7039,Ireland,IE,IRL,Wicklow,Wicklow,IE-WW,county,,527.0,1150,1150,3,Europe/Dublin,FALSE,1372276452
Askeaton,Askeaton,Eas Géitine,52.6001,-8.9772,Ireland,IE,IRL,Limerick,Limerick,IE-LC,city and county,,231.0,1137,1137,3,Europe/Dublin,FALSE,1372595415
Adare,Adare,Áth Dara,52.5640,-8.7900,Ireland,IE,IRL,Limerick,Limerick,IE-LC,city and county,,555.8,1129,1129,3,Europe/Dublin,FALSE,1372000016
Baile an Ghearlánaigh,Baile an Ghearlanaigh,Castlebellingham,53.9000,-6.3833,Ireland,IE,IRL,Louth,Louth,IE-LH,county,,174.1,1126,1126,4,Europe/Dublin,FALSE,1372158614
Raphoe,Raphoe,Ráth Bhoth,54.8739,-7.6005,Ireland,IE,IRL,Donegal,Donegal,IE-DL,county,,443.6,1089,1089,3,Europe/Dublin,FALSE,1372927225
Ballyragget,Ballyragget,Béal Átha Ragad,52.7833,-7.3333,Ireland,IE,IRL,Kilkenny,Kilkenny,IE-KK,county,,612.3,1082,1082,3,Europe/Dublin,FALSE,1372705538
Newtown Cunningham,Newtown Cunningham,An Baile Nua,54.9980,-7.5140,Ireland,IE,IRL,Donegal,Donegal,IE-DL,county,,145.7,1080,1080,3,Europe/Dublin,FALSE,1372879311
Kiltamagh,Kiltamagh,Kiltimagh|Coillte Mach,53.8494,-9.0000,Ireland,IE,IRL,Mayo,Mayo,IE-MO,county,,485.1,1069,1069,3,Europe/Dublin,FALSE,1372019959
Kilworth,Kilworth,Cill Uird,52.1764,-8.2442,Ireland,IE,IRL,Cork,Cork,IE-CO,county,,822.5,1055,1055,3,Europe/Dublin,FALSE,1372938567
Carnew,Carnew,Carn an Bhua,52.7090,-6.4950,Ireland,IE,IRL,Wicklow,Wicklow,IE-WW,county,,126.9,1052,1052,4,Europe/Dublin,FALSE,1372882165
Ennistimon,Ennistimon,Inis Díomáin|Ennistymon,52.9400,-9.2900,Ireland,IE,IRL,Clare,Clare,IE-CE,county,,91.8,1045,1045,4,Europe/Dublin,FALSE,1372394789
Crossmolina,Crossmolina,Crois Mhaoilíona,54.1000,-9.3167,Ireland,IE,IRL,Mayo,Mayo,IE-MO,county,,359.0,1044,1044,3,Europe/Dublin,FALSE,1372620481
Urlingford,Urlingford,Áth na nUrlainn,52.7203,-7.5826,Ireland,IE,IRL,Kilkenny,Kilkenny,IE-KK,county,,1175.9,1038,1038,3,Europe/Dublin,FALSE,1372139112
Craughwell,Craughwell,Cranghwell|Creachmhaoil,53.2261,-8.7331,Ireland,IE,IRL,Galway,Galway,IE-G,county,,279.3,1034,1034,3,Europe/Dublin,FALSE,1372099899
Kinlough,Kinlough,Cionn Locha,54.4500,-8.2833,Ireland,IE,IRL,Leitrim,Leitrim,IE-LM,county,,258.3,1032,1032,3,Europe/Dublin,FALSE,1372439996
Aghada,Aghada,,51.8333,-8.2167,Ireland,IE,IRL,Cork,Cork,IE-CO,county,,742.3,1030,1030,3,Europe/Dublin,FALSE,1372181645
Mohill,Mohill,Maothail,53.9220,-7.8660,Ireland,IE,IRL,Leitrim,Leitrim,IE-LM,county,,361.4,1027,1027,3,Europe/Dublin,FALSE,1372915618
Belmullet,Belmullet,Belmuliet|Béal an Mhuirthead,54.2250,-9.9910,Ireland,IE,IRL,Mayo,Mayo,IE-MO,county,,142.3,1019,1019,4,Europe/Dublin,FALSE,1372937531
Toormakeady,Toormakeady,Tuar Mhic Éadaigh,53.6563,-9.3657,Ireland,IE,IRL,Mayo,Mayo,IE-MO,county,,5.8,1007,1007,4,Europe/Dublin,FALSE,1372177978
Kilmeage,Kilmeage,Cill Maodhóg,53.2509,-6.8396,Ireland,IE,IRL,Kildare,Kildare,IE-KE,county,,820.9,997,997,3,Europe/Dublin,FALSE,1372235321
Fort Cross Roads,Fort Cross Roads,,51.7758,-8.3114,Ireland,IE,IRL,Cork,Cork,IE-CO,county,,73.0,993,993,4,Europe/Dublin,FALSE,1372933827
Coolaney,Coolaney,Cúil Áine,54.1781,-8.5997,Ireland,IE,IRL,Sligo,Sligo,IE-SO,county,,1949.1,990,990,3,Europe/Dublin,FALSE,1372131149
Kilkee,Kilkee,Cill Chaoi,52.6790,-9.6470,Ireland,IE,IRL,Clare,Clare,IE-CE,county,,185.5,972,972,4,Europe/Dublin,FALSE,1372270886
Buttevant,Buttevant,Cill na Mallach,52.2331,-8.6669,Ireland,IE,IRL,Cork,Cork,IE-CO,county,,625.9,970,970,3,Europe/Dublin,FALSE,1372911488
Carragh,Carragh,,53.2372,-6.7290,Ireland,IE,IRL,Kildare,Kildare,IE-KE,county,,149.1,966,966,4,Europe/Dublin,FALSE,1372549253
Drommahane,Drommahane,,52.1053,-8.6908,Ireland,IE,IRL,Cork,Cork,IE-CO,county,,563.0,959,959,3,Europe/Dublin,FALSE,1372137399
Roundwood,Roundwood,Togher|An Tóchar,53.0667,-6.2333,Ireland,IE,IRL,Wicklow,Wicklow,IE-WW,county,,222.2,948,948,3,Europe/Dublin,FALSE,1372285941
Rathvilly,Rathvilly,Ráth Bhile,52.8810,-6.6950,Ireland,IE,IRL,Carlow,Carlow,IE-CW,county,,754.7,944,944,3,Europe/Dublin,FALSE,1372592523
Borrisokane,Borrisokane,Buiríos Uí Chéin,52.9960,-8.1277,Ireland,IE,IRL,Tipperary,Tipperary,IE-TA,county,,726.3,942,942,3,Europe/Dublin,FALSE,1372517855
Tinahely,Tinahely,Tigh na hÉille,52.8000,-6.4667,Ireland,IE,IRL,Wicklow,Wicklow,IE-WW,county,,286.7,937,937,3,Europe/Dublin,FALSE,1372192294
Béal Átha na nEach,Beal Atha na nEach,Bellananagh|Ballinagh,53.9333,-7.4167,Ireland,IE,IRL,Cavan,Cavan,IE-CN,county,,85.3,936,936,4,Europe/Dublin,FALSE,1372542312
Kilcormac,Kilcormac,Cill Chormaic,53.1742,-7.7256,Ireland,IE,IRL,Offaly,Offaly,IE-OY,county,,419.0,935,935,3,Europe/Dublin,FALSE,1372056289
Droim Lis,Droim Lis,Drumlish,53.8205,-7.7685,Ireland,IE,IRL,Longford,Longford,IE-LD,county,,935.8,931,931,3,Europe/Dublin,FALSE,1372084962
Kilfinnane,Kilfinnane,Kilfinane|Cill Fhíonáin,52.3603,-8.4931,Ireland,IE,IRL,Limerick,Limerick,IE-LC,city and county,,21.0,921,921,4,Europe/Dublin,FALSE,1372646710
Leighlinbridge,Leighlinbridge,Leithghlinn an Droichid,52.7364,-6.9725,Ireland,IE,IRL,Carlow,Carlow,IE-CW,county,,131.7,914,914,4,Europe/Dublin,FALSE,1372535658
Béal an Átha Móir,Beal an Atha Moir,Ballinamore,54.0520,-7.8020,Ireland,IE,IRL,Leitrim,Leitrim,IE-LM,county,,454.9,914,914,3,Europe/Dublin,FALSE,1372487884
Inishannon,Inishannon,Innishannon|Inis Eonáin,51.7653,-8.6569,Ireland,IE,IRL,Cork,Cork,IE-CO,county,,324.8,907,907,3,Europe/Dublin,FALSE,1372258529
Clarinbridge,Clarinbridge,Droichead an Chláirín,53.2295,-8.8782,Ireland,IE,IRL,Galway,Galway,IE-G,county,,114.1,905,905,4,Europe/Dublin,FALSE,1372372095
Droim Seanbhó,Droim Seanbho,Drumshanbo|Drumshambo,54.0500,-8.0333,Ireland,IE,IRL,Leitrim,Leitrim,IE-LM,county,,107.1,902,902,4,Europe/Dublin,FALSE,1372369292
Ardfinnan,Ardfinnan,Ard Fhíonáin,52.3097,-7.8852,Ireland,IE,IRL,Tipperary,Tipperary,IE-TA,county,,149.9,899,899,4,Europe/Dublin,FALSE,1372817884
Killeagh,Killeagh,Cill Ia,51.9420,-7.9920,Ireland,IE,IRL,Cork,Cork,IE-CO,county,,485.7,899,899,3,Europe/Dublin,FALSE,1372782992
Collann,Collann,Collon,53.7787,-6.4812,Ireland,IE,IRL,Louth,Louth,IE-LH,county,,50.7,896,896,3,Europe/Dublin,FALSE,1372351970
Rosses Point,Rosses Point,Rosses Upper|An Ros,54.3092,-8.5661,Ireland,IE,IRL,Sligo,Sligo,IE-SO,county,,153.9,883,883,4,Europe/Dublin,FALSE,1372750162
Ballyclerahan,Ballyclerahan,,52.4120,-7.7900,Ireland,IE,IRL,Tipperary,Tipperary,IE-TA,county,,80.0,862,862,4,Europe/Dublin,FALSE,1372003095
Castletown Bearhaven,Castletown Bearhaven,Castletown Berehaven|Castletown|Baile Chaisleáin Bhéarra,51.6520,-9.9090,Ireland,IE,IRL,Cork,Cork,IE-CO,county,,156.9,860,860,4,Europe/Dublin,FALSE,1372011892
Straffan,Straffan,,53.3125,-6.6079,Ireland,IE,IRL,Kildare,Kildare,IE-KE,county,,94.4,853,853,4,Europe/Dublin,FALSE,1372717643
An Lios Breac,An Lios Breac,Newtown Forbes,53.7679,-7.8336,Ireland,IE,IRL,Longford,Longford,IE-LD,county,,244.9,851,851,3,Europe/Dublin,FALSE,1372911681
Patrickswell,Patrickswell,Saint Patrickswell|Tobar Phádraig,52.5952,-8.7122,Ireland,IE,IRL,Limerick,Limerick,IE-LC,city and county,,251.0,848,848,3,Europe/Dublin,FALSE,1372825947
Kilmacthomas,Kilmacthomas,Coill Mhic Thomáisín,52.2068,-7.4225,Ireland,IE,IRL,Waterford,Waterford,IE-WF,city and county,,108.1,834,834,4,Europe/Dublin,FALSE,1372440397
Lisdoonvarna,Lisdoonvarna,Lios Dúin Bhearna,53.0303,-9.2894,Ireland,IE,IRL,Clare,Clare,IE-CE,county,,385.6,829,829,3,Europe/Dublin,FALSE,1372710131
Milltown Malbay,Milltown Malbay,Miltown Malbay|Sráid na Cathrach,52.8500,-9.4000,Ireland,IE,IRL,Clare,Clare,IE-CE,county,,446.3,829,829,3,Europe/Dublin,FALSE,1372499365
Belgooly,Belgooly,,51.7392,-8.4856,Ireland,IE,IRL,Cork,Cork,IE-CO,county,,1340.4,826,826,3,Europe/Dublin,FALSE,1372523228
Béal na mBuillí,Beal na mBuilli,Strokestown,53.7770,-8.1040,Ireland,IE,IRL,Roscommon,Roscommon,IE-RN,county,,74.6,825,825,4,Europe/Dublin,FALSE,1372134301
Gránard,Granard,Granard,53.7800,-7.5000,Ireland,IE,IRL,Longford,Longford,IE-LD,county,,135.5,816,816,4,Europe/Dublin,FALSE,1372732174
Kilsheelan,Kilsheelan,,52.3615,-7.5803,Ireland,IE,IRL,Waterford,Waterford,IE-WF,city and county,,51.3,812,812,4,Europe/Dublin,FALSE,1372545280
Glenties,Glenties,Na Gleannta,54.7975,-8.2825,Ireland,IE,IRL,Donegal,Donegal,IE-DL,county,,170.6,805,805,4,Europe/Dublin,FALSE,1372441942
Gowran,Gowran,Gabhrán,52.6292,-7.0667,Ireland,IE,IRL,Kilkenny,Kilkenny,IE-KK,county,,857.6,804,804,3,Europe/Dublin,FALSE,1372032137
Bruff,Bruff,An Brú,52.4770,-8.5500,Ireland,IE,IRL,Limerick,Limerick,IE-LC,city and county,,215.0,803,803,3,Europe/Dublin,FALSE,1372821609
Ballitore,Ballitore,Béal Atha an Tuair,53.0086,-6.8181,Ireland,IE,IRL,Kildare,Kildare,IE-KE,county,,135.7,793,793,4,Europe/Dublin,FALSE,1372030203
Rúscaigh,Ruscaigh,Ruskey|Roosky,53.8333,-7.9167,Ireland,IE,IRL,Roscommon,Roscommon,IE-RN,county,,65.8,787,787,4,Europe/Dublin,FALSE,1372091020
Carraroe,Carraroe,Carrowroe|An Cheathrú Rua,53.2656,-9.5836,Ireland,IE,IRL,Galway,Galway,IE-G,county,,110.3,781,781,4,Europe/Dublin,FALSE,1372586091
Mount Bellew Bridge,Mount Bellew Bridge,Mount Bellew|An Creagán,53.4700,-8.5000,Ireland,IE,IRL,Galway,Galway,IE-G,county,,296.6,774,774,3,Europe/Dublin,FALSE,1372450867
Scarriff,Scarriff,Scariff|An Scairbh,52.9082,-8.5332,Ireland,IE,IRL,Clare,Clare,IE-CE,county,,38.2,770,770,4,Europe/Dublin,FALSE,1372004164
Lispole,Lispole,Lios Póil,52.1415,-10.1630,Ireland,IE,IRL,Kerry,Kerry,IE-KY,county,,8.7,768,768,4,Europe/Dublin,FALSE,1372895785
Falcarragh,Falcarragh,Crossroads|Falcaragh|An Fál Carrach,55.1364,-8.1049,Ireland,IE,IRL,Donegal,Donegal,IE-DL,county,,122.9,764,764,4,Europe/Dublin,FALSE,1372403525
Killenaule,Killenaule,Cill Náile,52.5684,-7.6734,Ireland,IE,IRL,Tipperary,Tipperary,IE-TA,county,,191.0,755,755,4,Europe/Dublin,FALSE,1372604069
Kilmacrenan,Kilmacrenan,Kilmacrennan|Cill Mhic Réanáin,55.0297,-7.7787,Ireland,IE,IRL,Donegal,Donegal,IE-DL,county,,788.7,753,753,3,Europe/Dublin,FALSE,1372288976
Dromod,Dromod,Dromad|Drumod,53.8576,-7.9201,Ireland,IE,IRL,Leitrim,Leitrim,IE-LM,county,,158.6,753,753,4,Europe/Dublin,FALSE,1372318125
Ardfert,Ardfert,Ard Fhearta,52.3500,-9.6833,Ireland,IE,IRL,Kerry,Kerry,IE-KY,county,,238.0,749,749,3,Europe/Dublin,FALSE,1372296895
Ballyconnell,Ballyconnell,Béal Átha Conaill,54.1167,-7.5833,Ireland,IE,IRL,Cavan,Cavan,IE-CN,county,,510.2,747,747,3,Europe/Dublin,FALSE,1372314609
Suncroft,Suncroft,,53.1078,-6.8612,Ireland,IE,IRL,Kildare,Kildare,IE-KE,county,,75.9,746,746,4,Europe/Dublin,FALSE,1372718612
Bennettsbridge,Bennettsbridge,Droichead Binéid,52.6000,-7.1833,Ireland,IE,IRL,Kilkenny,Kilkenny,IE-KK,county,,486.3,745,745,3,Europe/Dublin,FALSE,1372600902
Loughshinny,Loughshinny,,53.5469,-6.0861,Ireland,IE,IRL,Fingal,Fingal,IE-FI,county,,96.5,741,741,4,Europe/Dublin,FALSE,1372762450
Delvin,Delvin,Dealbhna,53.6106,-7.0925,Ireland,IE,IRL,Westmeath,Westmeath,IE-WH,county,,164.6,740,740,4,Europe/Dublin,FALSE,1372927616
Avoca,Avoca,Adoca|Ovoca|Odoca|Newbridge|Abhóca,52.8500,-6.2167,Ireland,IE,IRL,Wicklow,Wicklow,IE-WW,county,,29.5,734,734,3,Europe/Dublin,FALSE,1372791199
Ballyheige,Ballyheige,Ballyheigue|Baile Uí Thaidhg,52.3892,-9.8333,Ireland,IE,IRL,Kerry,Kerry,IE-KY,county,,16.1,724,724,4,Europe/Dublin,FALSE,1372591592
Kilmuckridge,Kilmuckridge,Cill Mhucraise,52.5133,-6.2837,Ireland,IE,IRL,Wexford,Wexford,IE-WX,county,,57.8,722,722,4,Europe/Dublin,FALSE,1372123424
Kinvarra,Kinvarra,Kinvara|Cinn Mhara,53.1390,-8.9380,Ireland,IE,IRL,Galway,Galway,IE-G,county,,762.0,721,721,3,Europe/Dublin,FALSE,1372844630
Holycross,Holycross,,52.6396,-7.8666,Ireland,IE,IRL,Tipperary,Tipperary,IE-TA,county,,593.3,715,715,3,Europe/Dublin,FALSE,1372912392
Cloonlara,Cloonlara,Cluain Lára,52.7200,-8.5500,Ireland,IE,IRL,Clare,Clare,IE-CE,county,,643.8,713,713,3,Europe/Dublin,FALSE,1372207139
Béal Átha hÉis,Beal Atha hEis,Ballyhaise,54.0500,-7.3167,Ireland,IE,IRL,Cavan,Cavan,IE-CN,county,,37.3,711,711,4,Europe/Dublin,FALSE,1372831320
Kildalkey,Kildalkey,Cill Dealga,53.5703,-6.9031,Ireland,IE,IRL,Meath,Meath,IE-MH,county,,905.7,708,708,3,Europe/Dublin,FALSE,1372128019
Castlefinn,Castlefinn,Caisleán na Finne,54.8030,-7.5966,Ireland,IE,IRL,Donegal,Donegal,IE-DL,county,,95.6,705,705,4,Europe/Dublin,FALSE,1372162618
Emyvale,Emyvale,Scairbh na gCaorach,54.3419,-6.9585,Ireland,IE,IRL,Monaghan,Monaghan,IE-MN,county,,506.1,701,701,3,Europe/Dublin,FALSE,1372888991
Skull,Skull,An Scoil,51.5266,-9.5481,Ireland,IE,IRL,Cork,Cork,IE-CO,county,,37.0,700,700,3,Europe/Dublin,FALSE,1372751053
Calverstown,Calverstown,,53.0825,-6.7980,Ireland,IE,IRL,Kildare,Kildare,IE-KE,county,,355.6,699,699,3,Europe/Dublin,FALSE,1372161670
Cappoquin,Cappoquin,Ceapach Choinn,52.1500,-7.8500,Ireland,IE,IRL,Waterford,Waterford,IE-WF,city and county,,280.2,699,699,3,Europe/Dublin,FALSE,1372409690
Rosbercon,Rosbercon,,52.3956,-6.9451,Ireland,IE,IRL,Wexford,Wexford,IE-WX,county,,1833.3,699,699,3,Europe/Dublin,FALSE,1372547485
Lisnagoneeny,Lisnagoneeny,,52.4020,-9.6160,Ireland,IE,IRL,Kerry,Kerry,IE-KY,county,,28.5,696,696,4,Europe/Dublin,FALSE,1372000503
Cratloe,Cratloe,,52.6986,-8.7630,Ireland,IE,IRL,Clare,Clare,IE-CE,county,,33.0,692,692,4,Europe/Dublin,FALSE,1372445326
Killinaboy,Killinaboy,Kilnaboy|Cill Iníne Baoith,52.9697,-9.0854,Ireland,IE,IRL,Clare,Clare,IE-CE,county,,12.6,689,689,4,Europe/Dublin,FALSE,1372013908
Ballymore Eustace,Ballymore Eustace,An Baile Mór,53.1337,-6.6144,Ireland,IE,IRL,Kildare,Kildare,IE-KE,county,,344.9,689,689,3,Europe/Dublin,FALSE,1372078760
Johnstown Bridge,Johnstown Bridge,,53.4020,-6.8554,Ireland,IE,IRL,Kildare,Kildare,IE-KE,county,,198.0,683,683,4,Europe/Dublin,FALSE,1372812997
Crinkill,Crinkill,Crinkle,53.0800,-7.8985,Ireland,IE,IRL,Offaly,Offaly,IE-OY,county,,695.6,682,682,3,Europe/Dublin,FALSE,1372845114
Julianstown,Julianstown,,53.6702,-6.2802,Ireland,IE,IRL,Meath,Meath,IE-MH,county,,48.8,681,681,4,Europe/Dublin,FALSE,1372099652
Borrisoleigh,Borrisoleigh,,52.7521,-7.9563,Ireland,IE,IRL,Tipperary,Tipperary,IE-TA,county,,292.5,679,679,3,Europe/Dublin,FALSE,1372766201
Manorcunningham,Manorcunningham,Mainéar Uí Chuinneagáin,54.9533,-7.6212,Ireland,IE,IRL,Donegal,Donegal,IE-DL,county,,360.4,675,675,3,Europe/Dublin,FALSE,1372994410
Tallanstown,Tallanstown,,53.9196,-6.5479,Ireland,IE,IRL,Louth,Louth,IE-LH,county,,721.1,674,674,3,Europe/Dublin,FALSE,1372371383
Killenard,Killenard,,53.1328,-7.1486,Ireland,IE,IRL,Laois,Laois,IE-LS,county,,138.3,671,671,4,Europe/Dublin,FALSE,1372833489
Knockbridge,Knockbridge,,53.9700,-6.4900,Ireland,IE,IRL,Louth,Louth,IE-LH,county,,179.5,667,667,4,Europe/Dublin,FALSE,1372414268
Carlanstown,Carlanstown,Droichead Chearbhallain,53.7594,-6.8408,Ireland,IE,IRL,Meath,Meath,IE-MH,county,,624.1,664,664,3,Europe/Dublin,FALSE,1372282100
Clonmellon,Clonmellon,Ráistín,53.6643,-7.0194,Ireland,IE,IRL,Westmeath,Westmeath,IE-WH,county,,508.6,664,664,3,Europe/Dublin,FALSE,1372723699
Tulla,Tulla,An Tulach,52.8690,-8.7600,Ireland,IE,IRL,Clare,Clare,IE-CE,county,,300.7,661,661,3,Europe/Dublin,FALSE,1372682347
Béal Átha Ghártha,Beal Atha Ghartha,Ballygar,53.5167,-8.3167,Ireland,IE,IRL,Galway,Galway,IE-G,county,,202.2,660,660,3,Europe/Dublin,FALSE,1372450783
Ladysbridge,Ladysbridge,Droichead na Scuab,51.8960,-8.0360,Ireland,IE,IRL,Cork,Cork,IE-CO,county,,296.0,658,658,3,Europe/Dublin,FALSE,1372083604
Kilmessan,Kilmessan,Cill Mheasáin,53.5592,-6.6601,Ireland,IE,IRL,Meath,Meath,IE-MH,county,,745.2,654,654,3,Europe/Dublin,FALSE,1372587559
Hacketstown,Hacketstown,Baile Haicéid,52.8639,-6.5569,Ireland,IE,IRL,Carlow,Carlow,IE-CW,county,,295.0,653,653,3,Europe/Dublin,FALSE,1372144180
Kilmacow,Kilmacow,Cill Mhic Bhúith,52.3142,-7.1767,Ireland,IE,IRL,Kilkenny,Kilkenny,IE-KK,county,,70.2,647,647,4,Europe/Dublin,FALSE,1372557026
Kilrane,Kilrane,,52.2419,-6.3561,Ireland,IE,IRL,Wexford,Wexford,IE-WX,county,,390.6,647,647,3,Europe/Dublin,FALSE,1372711106
Shinrone,Shinrone,Suí an Róin,52.9842,-7.9247,Ireland,IE,IRL,Offaly,Offaly,IE-OY,county,,181.5,645,645,4,Europe/Dublin,FALSE,1372865011
Lehinch,Lehinch,Lahinch|An Leacht,52.9370,-9.3450,Ireland,IE,IRL,Clare,Clare,IE-CE,county,,78.6,638,638,4,Europe/Dublin,FALSE,1372354002
Passage East,Passage East,Passage|An Pasáiste,52.2391,-6.9727,Ireland,IE,IRL,Waterford,Waterford,IE-WF,city and county,,547.4,634,634,3,Europe/Dublin,FALSE,1372529789
Borris in Ossory,Borris in Ossory,Buiríos Mór Osraí,52.9390,-7.6310,Ireland,IE,IRL,Laois,Laois,IE-LS,county,,115.1,629,629,4,Europe/Dublin,FALSE,1372402676
Glanworth,Glanworth,Gleannúir,52.1870,-8.3560,Ireland,IE,IRL,Cork,Cork,IE-CO,county,,383.8,628,628,3,Europe/Dublin,FALSE,1372066915
Cappamore,Cappamore,An Cheapach Mhór,52.6145,-8.3395,Ireland,IE,IRL,Limerick,Limerick,IE-LC,city and county,,812.7,620,620,3,Europe/Dublin,FALSE,1372870473
Aghamore,Aghamore,,53.9010,-7.9530,Ireland,IE,IRL,Leitrim,Leitrim,IE-LM,county,,49.8,620,620,4,Europe/Dublin,FALSE,1372701214
Killygordon,Killygordon,Cúil na gCuirridín,54.8030,-7.5966,Ireland,IE,IRL,Donegal,Donegal,IE-DL,county,,93.7,614,614,4,Europe/Dublin,FALSE,1372180892
Kilmovee,Kilmovee,Cill Mobhí,53.8870,-8.6878,Ireland,IE,IRL,Mayo,Mayo,IE-MO,county,,28.3,613,613,4,Europe/Dublin,FALSE,1372496753
Cloghjordan,Cloghjordan,Cloughjordan|Cloch Shiurdáin,52.9403,-8.0356,Ireland,IE,IRL,Tipperary,Tipperary,IE-TA,county,,250.5,612,612,3,Europe/Dublin,FALSE,1372423619
Pallaskenry,Pallaskenry,Pailís Chaonraí,52.6444,-8.8675,Ireland,IE,IRL,Limerick,Limerick,IE-LC,city and county,,459.6,610,610,3,Europe/Dublin,FALSE,1372046645
Omeath,Omeath,Ó Méith,54.0900,-6.2583,Ireland,IE,IRL,Louth,Louth,IE-LH,county,,360.6,603,603,3,Europe/Dublin,FALSE,1372622235
An Chluaine,An Chluaine,Cloone,53.9459,-7.7854,Ireland,IE,IRL,Leitrim,Leitrim,IE-LM,county,,29.0,600,600,4,Europe/Dublin,FALSE,1372631986
Courtmacsherry,Courtmacsherry,Cúirt Mhic Shéafraidh,51.6347,-8.7092,Ireland,IE,IRL,Cork,Cork,IE-CO,county,,143.1,590,590,4,Europe/Dublin,FALSE,1372667414
Fahan,Fahan,Fathain,55.0890,-7.4785,Ireland,IE,IRL,Donegal,Donegal,IE-DL,county,,335.5,588,588,3,Europe/Dublin,FALSE,1372514817
Shercock,Shercock,Searcóg,53.9945,-6.8968,Ireland,IE,IRL,Cavan,Cavan,IE-CN,county,,69.1,588,588,4,Europe/Dublin,FALSE,1372171213
Taghmon,Taghmon,Teach Munna,52.3200,-6.6600,Ireland,IE,IRL,Wexford,Wexford,IE-WX,county,,47.2,585,585,4,Europe/Dublin,FALSE,1372490357
Keenagh,Keenagh,Caonach,53.6235,-7.8161,Ireland,IE,IRL,Longford,Longford,IE-LD,county,,42.7,581,581,4,Europe/Dublin,FALSE,1372736908
Ringaskiddy,Ringaskiddy,Rinn an Scidígh,51.8302,-8.3191,Ireland,IE,IRL,Cork,Cork,IE-CO,county,,84.4,580,580,4,Europe/Dublin,FALSE,1372088881
Bruree,Bruree,Brú Rí,52.4243,-8.6620,Ireland,IE,IRL,Limerick,Limerick,IE-LC,city and county,,264.7,580,580,3,Europe/Dublin,FALSE,1372790000
Grenagh,Grenagh,,52.0103,-8.6103,Ireland,IE,IRL,Cork,Cork,IE-CO,county,,31.3,579,579,4,Europe/Dublin,FALSE,1372375010
Twomileborris,Twomileborris,,52.6729,-7.7126,Ireland,IE,IRL,Tipperary,Tipperary,IE-TA,county,,27.5,572,572,4,Europe/Dublin,FALSE,1372125841
Aherla,Aherla,,51.8572,-8.7389,Ireland,IE,IRL,Cork,Cork,IE-CO,county,,578.6,571,571,3,Europe/Dublin,FALSE,1372830273
Strade,Strade,An tSráid,53.9210,-9.1310,Ireland,IE,IRL,Mayo,Mayo,IE-MO,county,,17.3,570,570,4,Europe/Dublin,FALSE,1372047505
Pallas Grean,Pallas Grean,New Pallas Grean,52.5508,-8.3385,Ireland,IE,IRL,Limerick,Limerick,IE-LC,city and county,,75.1,568,568,4,Europe/Dublin,FALSE,1372030140
Naul,Naul,,53.5860,-6.2900,Ireland,IE,IRL,Fingal,Fingal,IE-FI,county,,222.3,568,568,3,Europe/Dublin,FALSE,1372323399
Clonaslee,Clonaslee,Cluain na Slí,53.1488,-7.5253,Ireland,IE,IRL,Laois,Laois,IE-LS,county,,183.8,566,566,4,Europe/Dublin,FALSE,1372721805
Killala,Killala,Cill Ala,54.2125,-9.2214,Ireland,IE,IRL,Mayo,Mayo,IE-MO,county,,55.4,562,562,4,Europe/Dublin,FALSE,1372874321
Coolkenna Street,Coolkenna Street,Coolkenno,52.7820,-6.5960,Ireland,IE,IRL,Wicklow,Wicklow,IE-WW,county,,10.7,562,562,4,Europe/Dublin,FALSE,1372013961
Kilkishen,Kilkishen,Cill Chisín,52.8069,-8.7445,Ireland,IE,IRL,Clare,Clare,IE-CE,county,,190.5,561,561,4,Europe/Dublin,FALSE,1372851189
Fieries,Fieries,,52.1706,-9.5978,Ireland,IE,IRL,Kerry,Kerry,IE-KY,county,,260.5,558,558,3,Europe/Dublin,FALSE,1372671111
Glennamaddy,Glennamaddy,Gleann na Madadh|Glenamaddy,53.6060,-8.5600,Ireland,IE,IRL,Galway,Galway,IE-G,county,,25.0,557,557,4,Europe/Dublin,FALSE,1372031810
Pettigoe,Pettigoe,Pettigo|Paiteagó,54.5490,-7.8310,Ireland,IE,IRL,Donegal,Donegal,IE-DL,county,,21.9,557,557,3,Europe/Dublin,FALSE,1372710500
Crusheen,Crusheen,Croisín,52.9397,-8.8972,Ireland,IE,IRL,Clare,Clare,IE-CE,county,,553.0,543,543,3,Europe/Dublin,FALSE,1372555237
Rathdangan,Rathdangan,Ráth Daingìn,52.9167,-6.5500,Ireland,IE,IRL,Wicklow,Wicklow,IE-WW,county,,10.4,543,543,4,Europe/Dublin,FALSE,1372000019
Lettermore,Lettermore,Leitir Móir,53.2890,-9.6550,Ireland,IE,IRL,Galway,Galway,IE-G,county,,4.7,542,542,4,Europe/Dublin,FALSE,1372894306
Ardrahan,Ardrahan,Ard Raithin,53.1575,-8.8058,Ireland,IE,IRL,Galway,Galway,IE-G,county,,55.1,540,540,4,Europe/Dublin,FALSE,1372105177
Fenit,Fenit,An Fhianait,52.2768,-9.8580,Ireland,IE,IRL,Kerry,Kerry,IE-KY,county,,107.0,538,538,4,Europe/Dublin,FALSE,1372933345
Conna,Conna,,52.0928,-8.1100,Ireland,IE,IRL,Cork,Cork,IE-CO,county,,150.2,526,526,4,Europe/Dublin,FALSE,1372177043
Ballymurn,Ballymurn,,52.4411,-6.4747,Ireland,IE,IRL,Wexford,Wexford,IE-WX,county,,363.8,524,524,3,Europe/Dublin,FALSE,1372678473
Beenalaght,Beenalaght,,52.0431,-8.7175,Ireland,IE,IRL,Cork,Cork,IE-CO,county,,85.5,524,524,4,Europe/Dublin,FALSE,1372739145
Saint Johnstown,Saint Johnstown,Saint Johnston|Baile Suingean,54.9333,-7.4500,Ireland,IE,IRL,Donegal,Donegal,IE-DL,county,,62.3,523,523,4,Europe/Dublin,FALSE,1372419354
Oldtown,Oldtown,,53.5241,-6.3160,Ireland,IE,IRL,Fingal,Fingal,IE-FI,county,,176.8,523,523,4,Europe/Dublin,FALSE,1372517666
Foynes,Foynes,Faing,52.6110,-9.1070,Ireland,IE,IRL,Limerick,Limerick,IE-LC,city and county,,44.1,520,520,4,Europe/Dublin,FALSE,1372166560
Carrignavar,Carrignavar,,51.9890,-8.4770,Ireland,IE,IRL,Cork,Cork,IE-CO,county,,125.6,519,519,4,Europe/Dublin,FALSE,1372067049
Moylough,Moylough,Newtown Bellew,53.4880,-8.5680,Ireland,IE,IRL,Galway,Galway,IE-G,county,,93.0,518,518,4,Europe/Dublin,FALSE,1372231835
Dromcolliher,Dromcolliher,Drumcollogher|Drom Collachair|Drumcolliher,52.3400,-8.9100,Ireland,IE,IRL,Limerick,Limerick,IE-LC,city and county,,54.6,518,518,4,Europe/Dublin,FALSE,1372701627
Ballycanew,Ballycanew,Baile Uí Chonnmhaí,52.6090,-6.3100,Ireland,IE,IRL,Wexford,Wexford,IE-WX,county,,454.8,516,516,3,Europe/Dublin,FALSE,1372831300
Knockaderry,Knockaderry,,52.4647,-8.9624,Ireland,IE,IRL,Limerick,Limerick,IE-LC,city and county,,36.5,513,513,4,Europe/Dublin,FALSE,1372885505
Dromahair,Dromahair,Drumahayre|Drumahaire,54.2333,-8.3000,Ireland,IE,IRL,Leitrim,Leitrim,IE-LM,county,,1006.2,503,503,3,Europe/Dublin,FALSE,1372261748
Mullinahone,Mullinahone,Muileann na hUamhan,52.5120,-7.5060,Ireland,IE,IRL,Tipperary,Tipperary,IE-TA,county,,216.0,499,499,3,Europe/Dublin,FALSE,1372129618
Ballysheeda,Ballysheeda,,52.5572,-7.8606,Ireland,IE,IRL,Tipperary,Tipperary,IE-TA,county,,15.1,499,499,4,Europe/Dublin,FALSE,1372519709
Killimer,Killimer,,52.6169,-9.3902,Ireland,IE,IRL,Clare,Clare,IE-CE,county,,20.0,498,498,4,Europe/Dublin,FALSE,1372139079
Ballycotton,Ballycotton,Ballycottin|Baile Choitín,51.8269,-8.0031,Ireland,IE,IRL,Cork,Cork,IE-CO,county,,386.4,497,497,3,Europe/Dublin,FALSE,1372364783
Rathmullan,Rathmullan,Rathmullen|Ráth Maoláin,55.0942,-7.5375,Ireland,IE,IRL,Donegal,Donegal,IE-DL,county,,451.3,493,493,3,Europe/Dublin,FALSE,1372640704
Cliffony,Cliffony,Cliafuine,54.4300,-8.4550,Ireland,IE,IRL,Sligo,Sligo,IE-SO,county,,48.3,492,492,4,Europe/Dublin,FALSE,1372909360
Moone,Moone,Maoin,52.9833,-6.8167,Ireland,IE,IRL,Kildare,Kildare,IE-KE,county,,39.7,487,487,4,Europe/Dublin,FALSE,1372463204
Mountcharles,Mountcharles,Moin Séarlas,54.6500,-8.2000,Ireland,IE,IRL,Donegal,Donegal,IE-DL,county,,193.8,484,484,4,Europe/Dublin,FALSE,1372543458
Bealach an Tirialaigh,Bealach an Tirialaigh,Tyrrellspass|Tyrrelspass,53.3889,-7.3773,Ireland,IE,IRL,Westmeath,Westmeath,IE-WH,county,,111.4,483,483,4,Europe/Dublin,FALSE,1372530937
Ballinderreen,Ballinderreen,Baile an Doirín,53.1860,-8.9080,Ireland,IE,IRL,Galway,Galway,IE-G,county,,203.0,483,483,3,Europe/Dublin,FALSE,1372898646
Slieveroe,Slieveroe,,52.2833,-7.0681,Ireland,IE,IRL,Kilkenny,Kilkenny,IE-KK,county,,271.0,476,476,3,Europe/Dublin,FALSE,1372974799
Ballyhooly,Ballyhooly,An Baile Átha hÚlla,52.1500,-8.4000,Ireland,IE,IRL,Cork,Cork,IE-CO,county,,86.6,475,475,4,Europe/Dublin,FALSE,1372743259
Ballysheen,Ballysheen,,52.2540,-9.6570,Ireland,IE,IRL,Kerry,Kerry,IE-KY,county,,33.9,474,474,4,Europe/Dublin,FALSE,1372728954
Bellanode,Bellanode,,54.2691,-7.0338,Ireland,IE,IRL,Monaghan,Monaghan,IE-MN,county,,286.3,470,470,3,Europe/Dublin,FALSE,1372013677
Portroe,Portroe,An Port Rua,52.8833,-8.3500,Ireland,IE,IRL,Tipperary,Tipperary,IE-TA,county,,133.1,461,461,4,Europe/Dublin,FALSE,1372455674
Killawullaun,Killawullaun,,53.7583,-9.3664,Ireland,IE,IRL,Mayo,Mayo,IE-MO,county,,16.2,460,460,4,Europe/Dublin,FALSE,1372598124
Monivea,Monivea,Muine Mheá,53.3744,-8.7043,Ireland,IE,IRL,Galway,Galway,IE-G,county,,22.9,456,456,4,Europe/Dublin,FALSE,1372519593
Frenchpark,Frenchpark,Dún Gar,53.8667,-8.4000,Ireland,IE,IRL,Roscommon,Roscommon,IE-RN,county,,25.0,454,454,4,Europe/Dublin,FALSE,1372304507
Castletownroche,Castletownroche,Baile Chaisleáin an Róistigh,52.1769,-8.4589,Ireland,IE,IRL,Cork,Cork,IE-CO,county,,159.1,454,454,4,Europe/Dublin,FALSE,1372092057
Glaslough,Glaslough,Glasslough|Glasloch,54.3167,-6.9000,Ireland,IE,IRL,Monaghan,Monaghan,IE-MN,county,,118.6,453,453,4,Europe/Dublin,FALSE,1372577803
Ballinagar,Ballinagar,,53.2666,-7.3380,Ireland,IE,IRL,Offaly,Offaly,IE-OY,county,,160.4,453,453,4,Europe/Dublin,FALSE,1372862006
Adrigole,Adrigole,Eadargóil,51.6928,-9.7258,Ireland,IE,IRL,Cork,Cork,IE-CO,county,,9.7,452,452,4,Europe/Dublin,FALSE,1372209828
Drimoleague,Drimoleague,Drom dhá Liag,51.6597,-9.2608,Ireland,IE,IRL,Cork,Cork,IE-CO,county,,25.2,451,451,4,Europe/Dublin,FALSE,1372565901
Campile,Campile,Ceann Poill,52.2833,-6.9333,Ireland,IE,IRL,Wexford,Wexford,IE-WX,county,,167.5,448,448,4,Europe/Dublin,FALSE,1372238240
Rathcarran,Rathcarran,Ráth Chairn,53.6108,-6.8632,Ireland,IE,IRL,Meath,Meath,IE-MH,county,,101.4,447,447,4,Europe/Dublin,FALSE,1372877982
Ballinakill,Ballinakill,Baile na Coille,52.8742,-7.3100,Ireland,IE,IRL,Laois,Laois,IE-LS,county,,218.0,445,445,3,Europe/Dublin,FALSE,1372403830
Walshisland,Walshisland,,53.2307,-7.2228,Ireland,IE,IRL,Offaly,Offaly,IE-OY,county,,12.2,443,443,4,Europe/Dublin,FALSE,1372131761
Termonbarry,Termonbarry,,53.7500,-7.9167,Ireland,IE,IRL,Longford,Longford,IE-LD,county,,57.9,443,443,4,Europe/Dublin,FALSE,1372353553
Clonbulloge,Clonbulloge,Cluain Bolg,53.2600,-7.0863,Ireland,IE,IRL,Offaly,Offaly,IE-OY,county,,14.1,439,439,4,Europe/Dublin,FALSE,1372645274
Kilmihil,Kilmihil,Cill Mhicíl|Cill Mhichíl,52.7214,-9.3206,Ireland,IE,IRL,Clare,Clare,IE-CE,county,,169.7,434,434,4,Europe/Dublin,FALSE,1372082743
Garristown,Garristown,,53.5667,-6.3833,Ireland,IE,IRL,Fingal,Fingal,IE-FI,county,,264.0,433,433,3,Europe/Dublin,FALSE,1372727258
Shrule,Shrule,Sruthair|Shruthair,53.5205,-9.0887,Ireland,IE,IRL,Mayo,Mayo,IE-MO,county,,162.7,432,432,4,Europe/Dublin,FALSE,1372218429
Clonmany,Clonmany,Cluain Maine,55.2625,-7.4125,Ireland,IE,IRL,Donegal,Donegal,IE-DL,county,,4.5,428,428,4,Europe/Dublin,FALSE,1372832925
Ballyliffin,Ballyliffin,Baile Lifín|Ballyliffen,55.2500,-7.2700,Ireland,IE,IRL,Donegal,Donegal,IE-DL,county,,134.3,426,426,4,Europe/Dublin,FALSE,1372293434
Ballincar,Ballincar,,54.2980,-8.5000,Ireland,IE,IRL,Sligo,Sligo,IE-SO,county,,180.4,424,424,4,Europe/Dublin,FALSE,1372002317
Ventry,Ventry,Fionntrá|Ceann Trá,52.1334,-10.3665,Ireland,IE,IRL,Kerry,Kerry,IE-KY,county,,35.0,423,423,3,Europe/Dublin,FALSE,1372757307
Meenlaragh,Meenlaragh,Mín Lárach,55.1447,-8.1867,Ireland,IE,IRL,Donegal,Donegal,IE-DL,county,,114.6,420,420,4,Europe/Dublin,FALSE,1372047477
Muilte Farannáin,Muilte Farannain,Multyfarnham,53.6251,-7.3897,Ireland,IE,IRL,Westmeath,Westmeath,IE-WH,county,,36.1,420,420,4,Europe/Dublin,FALSE,1372929855
Abbeydorney,Abbeydorney,Montnagee|Mainistir Ó d’Torna,52.3500,-9.6833,Ireland,IE,IRL,Kerry,Kerry,IE-KY,county,,35.5,418,418,4,Europe/Dublin,FALSE,1372921422
Clondulane,Clondulane,,52.1425,-8.2233,Ireland,IE,IRL,Cork,Cork,IE-CO,county,,551.8,417,417,3,Europe/Dublin,FALSE,1372638703
Old Kildimo,Old Kildimo,,52.6175,-8.8094,Ireland,IE,IRL,Limerick,Limerick,IE-LC,city and county,,65.4,417,417,4,Europe/Dublin,FALSE,1372167303
Rockcorry,Rockcorry,Buíochar,54.1167,-7.0167,Ireland,IE,IRL,Monaghan,Monaghan,IE-MN,county,,181.0,416,416,4,Europe/Dublin,FALSE,1372024837
Ármhach,Armhach,Arvagh|Arva,53.9167,-7.5833,Ireland,IE,IRL,Cavan,Cavan,IE-CN,county,,226.7,411,411,3,Europe/Dublin,FALSE,1372168394
Coachford,Coachford,Áth an Chóiste,51.9094,-8.7883,Ireland,IE,IRL,Cork,Cork,IE-CO,county,,100.1,408,408,4,Europe/Dublin,FALSE,1372967816
Smithborough,Smithborough,,54.2217,-7.0972,Ireland,IE,IRL,Monaghan,Monaghan,IE-MN,county,,75.6,395,395,4,Europe/Dublin,FALSE,1372512381
Geashill,Geashill,Géisill,53.2370,-7.3220,Ireland,IE,IRL,Offaly,Offaly,IE-OY,county,,65.6,395,395,4,Europe/Dublin,FALSE,1372825129
Bouladuff,Bouladuff,,52.7171,-7.9112,Ireland,IE,IRL,Tipperary,Tipperary,IE-TA,county,,23.7,395,395,4,Europe/Dublin,FALSE,1372879551
Newtownshandrum,Newtownshandrum,Newtown|Baile Nua Sheandroma,52.3470,-8.7680,Ireland,IE,IRL,Cork,Cork,IE-CO,county,,43.7,394,394,4,Europe/Dublin,FALSE,1372876842
Cill na Leice,Cill na Leice,Kilnaleck,53.8667,-7.3167,Ireland,IE,IRL,Cavan,Cavan,IE-CN,county,,82.2,393,393,4,Europe/Dublin,FALSE,1372092097
Gorteen,Gorteen,Goirtín,53.9928,-8.5108,Ireland,IE,IRL,Sligo,Sligo,IE-SO,county,,121.3,393,393,4,Europe/Dublin,FALSE,1372028536
Creeslough,Creeslough,An Craoslach,55.1220,-7.9070,Ireland,IE,IRL,Donegal,Donegal,IE-DL,county,,58.5,393,393,4,Europe/Dublin,FALSE,1372176361
Ballylongford,Ballylongford,Béal Átha Longfoirt|Baile an Longfoirt,52.5460,-9.4780,Ireland,IE,IRL,Kerry,Kerry,IE-KY,county,,40.1,391,391,4,Europe/Dublin,FALSE,1372419295
Mogeely,Mogeely,,51.9308,-8.0594,Ireland,IE,IRL,Cork,Cork,IE-CO,county,,90.6,389,389,4,Europe/Dublin,FALSE,1372853830
Ballybrittas,Ballybrittas,,53.1097,-7.1355,Ireland,IE,IRL,Laois,Laois,IE-LS,county,,600.3,388,388,3,Europe/Dublin,FALSE,1372313134
Killashandra,Killashandra,Cill na Seanrátha|Killeshandra,54.0152,-7.5289,Ireland,IE,IRL,Cavan,Cavan,IE-CN,county,,26.6,388,388,4,Europe/Dublin,FALSE,1372049803
Carraig Álainn,Carraig Alainn,Carrigallen,53.9772,-7.6458,Ireland,IE,IRL,Leitrim,Leitrim,IE-LM,county,,129.7,387,387,4,Europe/Dublin,FALSE,1372370831
Killadysert,Killadysert,Cill an Dísirt|Kildysart,52.6739,-9.1078,Ireland,IE,IRL,Clare,Clare,IE-CE,county,,6.1,386,386,4,Europe/Dublin,FALSE,1372379950
Timoleague,Timoleague,Tigh Molaige,51.6425,-8.7669,Ireland,IE,IRL,Cork,Cork,IE-CO,county,,126.1,381,381,4,Europe/Dublin,FALSE,1372588776
Kinnitty,Kinnitty,Kinitty|Cionn Eitigh,53.1000,-7.7167,Ireland,IE,IRL,Offaly,Offaly,IE-OY,county,,16.6,381,381,4,Europe/Dublin,FALSE,1372235230
Dripsey,Dripsey,,51.9147,-8.7422,Ireland,IE,IRL,Cork,Cork,IE-CO,county,,118.3,380,380,4,Europe/Dublin,FALSE,1372987336
Narraghmore,Narraghmore,,53.0500,-6.8333,Ireland,IE,IRL,Kildare,Kildare,IE-KE,county,,108.5,378,378,4,Europe/Dublin,FALSE,1372299558
Coolgreany,Coolgreany,Cúil Ghréine,52.7650,-6.2340,Ireland,IE,IRL,Wexford,Wexford,IE-WX,county,,278.0,376,376,3,Europe/Dublin,FALSE,1372035709
Glencullen,Glencullen,,53.2230,-6.2160,Ireland,IE,IRL,Dún Laoghaire-Rathdown,Dun Laoghaire-Rathdown,IE-DR,county,,79.5,376,376,4,Europe/Dublin,FALSE,1372794759
Ballinskelligs,Ballinskelligs,Baile an Sceilg,51.8259,-10.2722,Ireland,IE,IRL,Kerry,Kerry,IE-KY,county,,28.3,375,375,4,Europe/Dublin,FALSE,1372821648
Castlelyons,Castlelyons,Caisleán Ó Liatháin,52.0890,-8.2340,Ireland,IE,IRL,Cork,Cork,IE-CO,county,,131.2,374,374,4,Europe/Dublin,FALSE,1372007389
Kilkelly,Kilkelly,Cill Cheallaigh,53.8712,-8.8503,Ireland,IE,IRL,Mayo,Mayo,IE-MO,county,,24.1,373,373,4,Europe/Dublin,FALSE,1372637735
Kilmore Quay,Kilmore Quay,Cé na Cille Móire|Crossfarnogue|Kilmore,52.1757,-6.5864,Ireland,IE,IRL,Wexford,Wexford,IE-WX,county,,61.1,372,372,4,Europe/Dublin,FALSE,1372250739
Knockraha,Knockraha,,51.9590,-8.3400,Ireland,IE,IRL,Cork,Cork,IE-CO,county,,57.0,371,371,4,Europe/Dublin,FALSE,1372618503
Fiddown,Fiddown,Fiodh Dúin,52.3304,-7.3141,Ireland,IE,IRL,Kilkenny,Kilkenny,IE-KK,county,,295.2,369,369,3,Europe/Dublin,FALSE,1372305373
Athea,Athea,Áth an tSléibhe,52.4609,-9.2893,Ireland,IE,IRL,Limerick,Limerick,IE-LC,city and county,,44.2,369,369,4,Europe/Dublin,FALSE,1372432737
Murntown,Murntown,,52.2811,-6.5200,Ireland,IE,IRL,Wexford,Wexford,IE-WX,county,,66.9,365,365,4,Europe/Dublin,FALSE,1372638395
Scotstown,Scotstown,Baile an Scotaigh,54.2777,-7.0674,Ireland,IE,IRL,Monaghan,Monaghan,IE-MN,county,,75.9,361,361,4,Europe/Dublin,FALSE,1372905718
Goresbridge,Goresbridge,An Droichead Nua,52.6297,-6.9942,Ireland,IE,IRL,Kilkenny,Kilkenny,IE-KK,county,,270.8,361,361,3,Europe/Dublin,FALSE,1372994462
Dunkineely,Dunkineely,Dún Cionnaola,54.6320,-8.3607,Ireland,IE,IRL,Donegal,Donegal,IE-DL,county,,141.8,361,361,4,Europe/Dublin,FALSE,1372704442
Oilgate,Oilgate,Maolán na nGabhar,52.4217,-6.4668,Ireland,IE,IRL,Wexford,Wexford,IE-WX,county,,47.8,358,358,4,Europe/Dublin,FALSE,1372419934
Kildorrery,Kildorrery,Cill Dairbhre,52.2461,-8.4269,Ireland,IE,IRL,Cork,Cork,IE-CO,county,,419.5,357,357,3,Europe/Dublin,FALSE,1372027355
Collinstown,Collinstown,,53.6472,-7.2109,Ireland,IE,IRL,Westmeath,Westmeath,IE-WH,county,,86.2,356,356,4,Europe/Dublin,FALSE,1372882568
Carrowkeel,Carrowkeel,Kerrykeel|An Cheathrú Chaol,55.1387,-7.6628,Ireland,IE,IRL,Donegal,Donegal,IE-DL,county,,22.1,355,355,4,Europe/Dublin,TRUE,1372704262
Banteer,Banteer,Bántir,52.1167,-8.8833,Ireland,IE,IRL,Cork,Cork,IE-CO,county,,69.6,355,355,4,Europe/Dublin,FALSE,1372760694
Cnoc an Chrochaire,Cnoc an Chrochaire,Knockcroghery,53.5756,-8.0947,Ireland,IE,IRL,Roscommon,Roscommon,IE-RN,county,,68.2,351,351,4,Europe/Dublin,FALSE,1372981371
Cloonboo,Cloonboo,Cluain Bú,53.3761,-9.0128,Ireland,IE,IRL,Galway,Galway,IE-G,county,,68.8,350,350,4,Europe/Dublin,FALSE,1372515904
Bunratty,Bunratty,,52.7080,-8.8265,Ireland,IE,IRL,Clare,Clare,IE-CE,county,,75.4,349,349,4,Europe/Dublin,FALSE,1372978986
Ballindine,Ballindine,Ballindangan|Baile an Daighin,53.6667,-8.9550,Ireland,IE,IRL,Mayo,Mayo,IE-MO,county,,35.6,349,349,4,Europe/Dublin,FALSE,1372262407
Ballinalee,Ballinalee,Béal Átha na Lao,53.7667,-7.6333,Ireland,IE,IRL,Longford,Longford,IE-LD,county,,39.3,347,347,4,Europe/Dublin,FALSE,1372040240
Drumcondra,Drumcondra,Drumconrath,53.8500,-6.6500,Ireland,IE,IRL,Meath,Meath,IE-MH,county,,157.5,345,345,4,Europe/Dublin,FALSE,1372721632
Nobber,Nobber,,53.8211,-6.7467,Ireland,IE,IRL,Meath,Meath,IE-MH,county,,141.8,344,344,3,Europe/Dublin,FALSE,1372002173
Cappagh White,Cappagh White,An Cheapach,52.5822,-8.1632,Ireland,IE,IRL,Tipperary,Tipperary,IE-TA,county,,173.9,343,343,3,Europe/Dublin,FALSE,1372702169
Farran,Farran,,51.8739,-8.7200,Ireland,IE,IRL,Cork,Cork,IE-CO,county,,62.2,338,338,3,Europe/Dublin,FALSE,1372764284
Rathmolyon,Rathmolyon,Rathmolyan,53.4890,-6.7445,Ireland,IE,IRL,Meath,Meath,IE-MH,county,,76.0,334,334,4,Europe/Dublin,FALSE,1372524542
Boherboy,Boherboy,Boherbue,52.1500,-9.0667,Ireland,IE,IRL,Cork,Cork,IE-CO,county,,89.1,334,334,4,Europe/Dublin,FALSE,1372508132
Riverstown,Riverstown,Baile Idir dhá Abhainn,54.1317,-8.3944,Ireland,IE,IRL,Sligo,Sligo,IE-SO,county,,180.4,334,334,4,Europe/Dublin,FALSE,1372340707
Aglish,Aglish,,52.0700,-7.8250,Ireland,IE,IRL,Waterford,Waterford,IE-WF,city and county,,409.3,333,333,3,Europe/Dublin,FALSE,1372026561
Bansha,Bansha,An Bháinseach,52.4500,-8.0667,Ireland,IE,IRL,Tipperary,Tipperary,IE-TA,county,,51.6,333,333,4,Europe/Dublin,FALSE,1372456478
Ballintogher,Ballintogher,Baile an Tóchair,54.2010,-8.3650,Ireland,IE,IRL,Sligo,Sligo,IE-SO,county,,84.5,331,331,3,Europe/Dublin,FALSE,1372566660
Fedamore,Fedamore,Feadamair,52.5456,-8.6050,Ireland,IE,IRL,Limerick,Limerick,IE-LC,city and county,,124.4,329,329,3,Europe/Dublin,FALSE,1372420108
Newbliss,Newbliss,Cúil Darach,54.1580,-7.1370,Ireland,IE,IRL,Monaghan,Monaghan,IE-MN,county,,241.1,327,327,3,Europe/Dublin,FALSE,1372505122
Clonroche,Clonroche,Cluain an Róistigh,52.4506,-6.7140,Ireland,IE,IRL,Wexford,Wexford,IE-WX,county,,141.5,326,326,4,Europe/Dublin,FALSE,1372989035
Liscasey,Liscasey,,52.7436,-9.1597,Ireland,IE,IRL,Clare,Clare,IE-CE,county,,33.7,325,325,4,Europe/Dublin,FALSE,1372850939
Oola,Oola,Úlla,52.5297,-8.2594,Ireland,IE,IRL,Limerick,Limerick,IE-LC,city and county,,120.5,324,324,4,Europe/Dublin,FALSE,1372366478
Anascaul,Anascaul,Abhainn an Scáil,52.1530,-10.0513,Ireland,IE,IRL,Kerry,Kerry,IE-KY,county,,29.5,318,318,4,Europe/Dublin,FALSE,1372865414
Ballycullane,Ballycullane,,52.2740,-6.8300,Ireland,IE,IRL,Wexford,Wexford,IE-WX,county,,78.8,318,318,4,Europe/Dublin,FALSE,1372768112
Ballyporeen,Ballyporeen,Béal Átha Póirin,52.2699,-8.1000,Ireland,IE,IRL,Tipperary,Tipperary,IE-TA,county,,220.5,318,318,3,Europe/Dublin,FALSE,1372296934
Kildangan,Kildangan,,53.1056,-7.0107,Ireland,IE,IRL,Kildare,Kildare,IE-KE,county,,21.1,317,317,4,Europe/Dublin,FALSE,1372317648
Kilmainham Wood,Kilmainham Wood,,53.8496,-6.8063,Ireland,IE,IRL,Meath,Meath,IE-MH,county,,34.9,316,316,4,Europe/Dublin,FALSE,1372401648
Upperchurch,Upperchurch,,52.7027,-8.0194,Ireland,IE,IRL,Tipperary,Tipperary,IE-TA,county,,14.2,314,314,4,Europe/Dublin,FALSE,1372210757
Loughanure,Loughanure,Loch an Iúir,55.0010,-8.2700,Ireland,IE,IRL,Donegal,Donegal,IE-DL,county,,106.1,313,313,4,Europe/Dublin,FALSE,1372124131
Moneygall,Moneygall,Muine Gall,52.8800,-7.9563,Ireland,IE,IRL,Offaly,Offaly,IE-OY,county,,118.2,313,313,4,Europe/Dublin,FALSE,1372250491
Ballinaclash,Ballinaclash,,52.9000,-6.2667,Ireland,IE,IRL,Wicklow,Wicklow,IE-WW,county,,151.3,311,311,4,Europe/Dublin,FALSE,1372017194
Silvermines,Silvermines,Béal Átha Gabhann,52.7930,-8.2370,Ireland,IE,IRL,Tipperary,Tipperary,IE-TA,county,,13.8,310,310,4,Europe/Dublin,FALSE,1372586347
Cloonfad,Cloonfad,,53.6920,-8.7425,Ireland,IE,IRL,Roscommon,Roscommon,IE-RN,county,,44.6,308,308,4,Europe/Dublin,FALSE,1372738048
Glenbeigh,Glenbeigh,Gleann Beithe,52.0581,-9.9378,Ireland,IE,IRL,Kerry,Kerry,IE-KY,county,,56.2,308,308,4,Europe/Dublin,FALSE,1372101487
Ballylanders,Ballylanders,Baile an Londraigh,52.3729,-8.3494,Ireland,IE,IRL,Limerick,Limerick,IE-LC,city and county,,392.0,308,308,3,Europe/Dublin,FALSE,1372042252
Bangor,Bangor,Bangor Erris|Beannchar Iorrais|Baingear,54.1431,-9.7403,Ireland,IE,IRL,Mayo,Mayo,IE-MO,county,,12.3,306,306,4,Europe/Dublin,FALSE,1372546020
Duncannon,Duncannon,Dún Canann,52.2210,-6.9320,Ireland,IE,IRL,Wexford,Wexford,IE-WX,county,,90.3,305,305,4,Europe/Dublin,FALSE,1372878035
Durrus,Durrus,Dúras,51.6200,-9.5260,Ireland,IE,IRL,Cork,Cork,IE-CO,county,,260.6,305,305,3,Europe/Dublin,FALSE,1372668918
Burtonport,Burtonport,Barton Port|Burtan Port|Ailt an Chorráin|Burton,54.9823,-8.4343,Ireland,IE,IRL,Donegal,Donegal,IE-DL,county,,139.9,304,304,4,Europe/Dublin,FALSE,1372000023
Rathtoole,Rathtoole,,52.7870,-6.7990,Ireland,IE,IRL,Wicklow,Wicklow,IE-WW,county,,25.6,304,304,4,Europe/Dublin,FALSE,1372951304
Emly,Emly,Imleach,52.4636,-8.3506,Ireland,IE,IRL,Tipperary,Tipperary,IE-TA,county,,199.4,302,302,4,Europe/Dublin,FALSE,1372465863
Teelin,Teelin,Teileann,54.6320,-8.6456,Ireland,IE,IRL,Donegal,Donegal,IE-DL,county,,23.6,300,300,4,Europe/Dublin,FALSE,1372390264
Dunfanaghy,Dunfanaghy,Dún Fionnachaidh,55.1830,-7.9710,Ireland,IE,IRL,Donegal,Donegal,IE-DL,county,,173.5,298,298,4,Europe/Dublin,FALSE,1372463537
Kilronan,Kilronan,Cill Rónáin,53.1247,-9.6683,Ireland,IE,IRL,Galway,Galway,IE-G,county,,129.7,297,297,3,Europe/Dublin,FALSE,1372433693
Cloghane,Cloghane,An Clochán,52.2304,-10.1957,Ireland,IE,IRL,Kerry,Kerry,IE-KY,county,,6.7,297,297,4,Europe/Dublin,FALSE,1372947475
Knockvicar Bridge,Knockvicar Bridge,Knockvicar,54.0011,-8.1931,Ireland,IE,IRL,Roscommon,Roscommon,IE-RN,county,,12.2,294,294,3,Europe/Dublin,FALSE,1372976314
Dromore West,Dromore West,Dromore,54.2517,-8.8931,Ireland,IE,IRL,Sligo,Sligo,IE-SO,county,,20.7,292,292,4,Europe/Dublin,FALSE,1372297976
Mallaranny,Mallaranny,Mulrany,53.9066,-9.7815,Ireland,IE,IRL,Mayo,Mayo,IE-MO,county,,19.0,289,289,4,Europe/Dublin,FALSE,1372004095
Sneem,Sneem,An tSnaidhm|An Snaidhm,51.8384,-9.8998,Ireland,IE,IRL,Kerry,Kerry,IE-KY,county,,65.8,288,288,4,Europe/Dublin,FALSE,1372218127
Myshall,Myshall,Míseal,52.6862,-6.7802,Ireland,IE,IRL,Carlow,Carlow,IE-CW,county,,165.9,286,286,4,Europe/Dublin,FALSE,1372430349
Gortnahoo,Gortnahoo,,52.6667,-7.6000,Ireland,IE,IRL,Tipperary,Tipperary,IE-TA,county,,79.3,286,286,4,Europe/Dublin,FALSE,1372842451
Inistioge,Inistioge,Inis Tíog,52.4833,-7.0667,Ireland,IE,IRL,Kilkenny,Kilkenny,IE-KK,county,,126.9,285,285,4,Europe/Dublin,FALSE,1372645907
Templetouhy,Templetouhy,Templetuohy|Teampall Tuaithe,52.7885,-7.7218,Ireland,IE,IRL,Tipperary,Tipperary,IE-TA,county,,80.2,282,282,4,Europe/Dublin,FALSE,1372916173
Castlemagner,Castlemagner,,52.1664,-8.8269,Ireland,IE,IRL,Cork,Cork,IE-CO,county,,34.0,281,281,3,Europe/Dublin,FALSE,1372055922
Killadoon,Killadoon,,53.4237,-6.5746,Ireland,IE,IRL,Kildare,Kildare,IE-KE,county,,68.9,280,280,4,Europe/Dublin,FALSE,1372557475
Toomyvara,Toomyvara,Tuaim Uí Mheára,52.8500,-8.0361,Ireland,IE,IRL,Tipperary,Tipperary,IE-TA,county,,41.3,280,280,4,Europe/Dublin,FALSE,1372776185
Redcross,Redcross,An Chrois Dhearg,52.8830,-6.1500,Ireland,IE,IRL,Wicklow,Wicklow,IE-WW,county,,30.0,278,278,4,Europe/Dublin,FALSE,1372469319
Mungret,Mungret,Mungairit,52.6356,-8.6928,Ireland,IE,IRL,Limerick,Limerick,IE-LC,city and county,,107.2,277,277,4,Europe/Dublin,FALSE,1372400812
Ballynacarrigy,Ballynacarrigy,Baile na Carraige|Ballynacargy,53.5827,-7.5372,Ireland,IE,IRL,Westmeath,Westmeath,IE-WH,county,,35.0,277,277,4,Europe/Dublin,FALSE,1372607631
Droichead an Bhuitléaraigh,Droichead an Bhuitlearaigh,Butlers Bridge,54.0436,-7.3769,Ireland,IE,IRL,Cavan,Cavan,IE-CN,county,,99.9,276,276,4,Europe/Dublin,FALSE,1372743670
Villierstown,Villierstown,An Baile Nua,52.0882,-7.8521,Ireland,IE,IRL,Waterford,Waterford,IE-WF,city and county,,144.4,276,276,4,Europe/Dublin,FALSE,1372999592
Dromina,Dromina,Drom Aidhne,52.3140,-8.8020,Ireland,IE,IRL,Cork,Cork,IE-CO,county,,45.3,275,275,4,Europe/Dublin,FALSE,1372968146
Ballydehob,Ballydehob,Béal an dá Chab,51.5630,-9.4600,Ireland,IE,IRL,Cork,Cork,IE-CO,county,,68.5,274,274,4,Europe/Dublin,FALSE,1372240350
Oulart,Oulart,An tAbhallort,52.5050,-6.3900,Ireland,IE,IRL,Wexford,Wexford,IE-WX,county,,130.1,274,274,4,Europe/Dublin,FALSE,1372070026
Inis Caoin,Inis Caoin,Iniskeen|Inniskeen|Inishkeen,54.0000,-6.5930,Ireland,IE,IRL,Monaghan,Monaghan,IE-MN,county,,189.0,273,273,4,Europe/Dublin,FALSE,1372372041
Rathcoffey,Rathcoffey,,53.3300,-6.6900,Ireland,IE,IRL,Kildare,Kildare,IE-KE,county,,105.7,271,271,4,Europe/Dublin,FALSE,1372583855
Ballingarry,Ballingarry,Baile an Gharraí,52.5900,-7.5400,Ireland,IE,IRL,Tipperary,Tipperary,IE-TA,county,,130.0,269,269,4,Europe/Dublin,FALSE,1372152332
Drumsna,Drumsna,Droim ar Snámh,53.9258,-8.0095,Ireland,IE,IRL,Leitrim,Leitrim,IE-LM,county,,111.5,268,268,4,Europe/Dublin,FALSE,1372358600
Coolboy,Coolboy,,52.7610,-6.4640,Ireland,IE,IRL,Wicklow,Wicklow,IE-WW,county,,43.3,267,267,4,Europe/Dublin,TRUE,1372258316
Killavullen,Killavullen,Killawillin|Cill an Mhuilinn,52.1472,-8.5150,Ireland,IE,IRL,Cork,Cork,IE-CO,county,,299.5,267,267,3,Europe/Dublin,FALSE,1372777330
Clongeen,Clongeen,,52.2969,-6.7697,Ireland,IE,IRL,Wexford,Wexford,IE-WX,county,,113.7,267,267,4,Europe/Dublin,FALSE,1372260985
Murrisk,Murrisk,,53.7783,-9.6315,Ireland,IE,IRL,Mayo,Mayo,IE-MO,county,,25.3,266,266,4,Europe/Dublin,FALSE,1372287863
Doonbeg,Doonbeg,An Dún Beag,52.7333,-9.5167,Ireland,IE,IRL,Clare,Clare,IE-CE,county,,66.7,262,262,4,Europe/Dublin,FALSE,1372629491
Kilcar,Kilcar,Cill Charthaigh,54.6325,-8.5928,Ireland,IE,IRL,Donegal,Donegal,IE-DL,county,,66.8,258,258,4,Europe/Dublin,FALSE,1372972412
Kilmeadan,Kilmeadan,,52.2342,-7.2436,Ireland,IE,IRL,Waterford,Waterford,IE-WF,city and county,,42.8,258,258,4,Europe/Dublin,FALSE,1372831092
Ballyvaghan,Ballyvaghan,Ballyvaughan|Baile Uí Bheacháin,53.1156,-9.1494,Ireland,IE,IRL,Clare,Clare,IE-CE,county,,29.9,258,258,4,Europe/Dublin,FALSE,1372800373
Gneevgullia,Gneevgullia,Gneeveguilla,52.1170,-9.2720,Ireland,IE,IRL,Kerry,Kerry,IE-KY,county,,81.4,256,256,4,Europe/Dublin,FALSE,1372798992
Knocklong,Knocklong,,52.4333,-8.4000,Ireland,IE,IRL,Limerick,Limerick,IE-LC,city and county,,68.9,256,256,4,Europe/Dublin,FALSE,1372532969
Spiddal,Spiddal,Spiddle|An Spidéal,53.2442,-9.3059,Ireland,IE,IRL,Galway,Galway,IE-G,county,,623.3,254,254,3,Europe/Dublin,FALSE,1372874959
Tullaghan,Tullaghan,,54.4683,-8.3311,Ireland,IE,IRL,Leitrim,Leitrim,IE-LM,county,,477.4,253,253,3,Europe/Dublin,FALSE,1372588305
Clashmore,Clashmore,Clais Mhór,52.0094,-7.8193,Ireland,IE,IRL,Waterford,Waterford,IE-WF,city and county,,75.9,252,252,4,Europe/Dublin,FALSE,1372526217
Eyrecourt,Eyrecourt,Dún an Uchta,53.2000,-8.1320,Ireland,IE,IRL,Galway,Galway,IE-G,county,,117.6,252,252,4,Europe/Dublin,FALSE,1372596144
Ballynahown,Ballynahown,,53.3505,-7.8490,Ireland,IE,IRL,Westmeath,Westmeath,IE-WH,county,,17.6,250,250,4,Europe/Dublin,FALSE,1372033941
Castlegregory,Castlegregory,Caisleán Ghriaire,52.2555,-10.0210,Ireland,IE,IRL,Kerry,Kerry,IE-KY,county,,111.2,250,250,4,Europe/Dublin,FALSE,1372758405
Puckaun,Puckaun,,52.9303,-8.2383,Ireland,IE,IRL,Tipperary,Tipperary,IE-TA,county,,43.9,250,250,4,Europe/Dublin,FALSE,1372859842
Áth Liag,Ath Liag,Athleague,53.5670,-8.2530,Ireland,IE,IRL,Roscommon,Roscommon,IE-RN,county,,63.7,248,248,4,Europe/Dublin,FALSE,1372211130
Kilmaganny,Kilmaganny,Cill Mogeanna,52.4631,-7.3286,Ireland,IE,IRL,Kilkenny,Kilkenny,IE-KK,county,,29.0,245,245,4,Europe/Dublin,FALSE,1372617438
Turloughmore,Turloughmore,,53.3747,-8.8647,Ireland,IE,IRL,Galway,Galway,IE-G,county,,75.0,243,243,4,Europe/Dublin,FALSE,1372796540
Tuilsce,Tuilsce,Tulsk,53.7833,-8.2500,Ireland,IE,IRL,Roscommon,Roscommon,IE-RN,county,,52.6,241,241,4,Europe/Dublin,FALSE,1372643737
Corrandulla,Corrandulla,Cor an Dola,53.3988,-8.9951,Ireland,IE,IRL,Galway,Galway,IE-G,county,,122.7,241,241,3,Europe/Dublin,FALSE,1372183644
Bealin,Bealin,,53.4337,-7.8419,Ireland,IE,IRL,Westmeath,Westmeath,IE-WH,county,,46.9,240,240,4,Europe/Dublin,FALSE,1372593564
Easky,Easky,Iascaigh,54.2886,-8.9617,Ireland,IE,IRL,Sligo,Sligo,IE-SO,county,,47.2,239,239,4,Europe/Dublin,FALSE,1372671473
Gob an Choire,Gob an Choire,Achill Sound,53.9278,-9.9392,Ireland,IE,IRL,Mayo,Mayo,IE-MO,county,,17.2,238,238,4,Europe/Dublin,FALSE,1372924431
Culdaff,Culdaff,Cúil Dabhcha,55.2500,-7.2700,Ireland,IE,IRL,Donegal,Donegal,IE-DL,county,,50.8,237,237,4,Europe/Dublin,FALSE,1372560799
Annagary,Annagary,Anagaire,55.0192,-8.3121,Ireland,IE,IRL,Donegal,Donegal,IE-DL,county,,173.2,236,236,4,Europe/Dublin,FALSE,1372164543
Ballingeary,Ballingeary,Béal Átha an Ghaorthaidh,51.8500,-9.2300,Ireland,IE,IRL,Cork,Cork,IE-CO,county,,40.4,235,235,4,Europe/Dublin,FALSE,1372025106
Mullinavat,Mullinavat,Muileann an Bhata,52.3667,-7.1667,Ireland,IE,IRL,Kilkenny,Kilkenny,IE-KK,county,,156.5,233,233,4,Europe/Dublin,FALSE,1372656745
Clonegall,Clonegall,Clonegal|Cluain na nGall,52.6906,-6.6453,Ireland,IE,IRL,Carlow,Carlow,IE-CW,county,,46.4,231,231,3,Europe/Dublin,FALSE,1372259578
Annavalla,Annavalla,,54.1610,-6.7910,Ireland,IE,IRL,Monaghan,Monaghan,IE-MN,county,,42.4,228,228,4,Europe/Dublin,FALSE,1372292545
Wilkinstown,Wilkinstown,Baile Uilcín,53.7350,-6.7117,Ireland,IE,IRL,Meath,Meath,IE-MH,county,,46.0,228,228,4,Europe/Dublin,FALSE,1372740021
Ballybaun,Ballybaun,,53.4703,-8.2692,Ireland,IE,IRL,Galway,Galway,IE-G,county,,28.4,227,227,4,Europe/Dublin,FALSE,1372765345
Ballyknockan,Ballyknockan,,53.1058,-6.4978,Ireland,IE,IRL,Wicklow,Wicklow,IE-WW,county,,7.2,227,227,3,Europe/Dublin,FALSE,1372015085
Pollagh,Pollagh,,53.2767,-7.7081,Ireland,IE,IRL,Offaly,Offaly,IE-OY,county,,48.6,227,227,4,Europe/Dublin,FALSE,1372837387
Kilteel,Kilteel,,53.2350,-6.5240,Ireland,IE,IRL,Kildare,Kildare,IE-KE,county,,41.8,225,225,4,Europe/Dublin,FALSE,1372228542
Ballinspittle,Ballinspittle,Béal Átha an Spidéil,51.6667,-8.6000,Ireland,IE,IRL,Cork,Cork,IE-CO,county,,81.2,224,224,4,Europe/Dublin,FALSE,1372912069
Carrickart,Carrickart,Carrigart|Carraig Airt,55.1770,-7.7940,Ireland,IE,IRL,Donegal,Donegal,IE-DL,county,,47.1,222,222,4,Europe/Dublin,FALSE,1372800059
Duagh,Duagh,Dubháth,52.4160,-9.3900,Ireland,IE,IRL,Kerry,Kerry,IE-KY,county,,103.1,222,222,4,Europe/Dublin,FALSE,1372679482
Raharney,Raharney,Ráth Fhearna,53.5240,-7.0950,Ireland,IE,IRL,Westmeath,Westmeath,IE-WH,county,,97.7,221,221,4,Europe/Dublin,FALSE,1372906539
Scotshouse,Scotshouse,,54.1220,-7.2490,Ireland,IE,IRL,Monaghan,Monaghan,IE-MN,county,,37.5,220,220,4,Europe/Dublin,FALSE,1372712587
Drumkeeran,Drumkeeran,Drumkeern|Drumkeerin|Droim Caorthainn,54.1704,-8.1426,Ireland,IE,IRL,Leitrim,Leitrim,IE-LM,county,,74.0,220,220,4,Europe/Dublin,FALSE,1372263567
Kilfenora,Kilfenora,Cill Fhionnúrach,52.9903,-9.2167,Ireland,IE,IRL,Clare,Clare,IE-CE,county,,37.5,220,220,4,Europe/Dublin,FALSE,1372623294
Glencolumbkille,Glencolumbkille,Gleann Cholm Cille,54.7090,-8.7260,Ireland,IE,IRL,Donegal,Donegal,IE-DL,county,,21.0,217,217,4,Europe/Dublin,FALSE,1372256682
Croagh,Croagh,,52.5342,-8.8706,Ireland,IE,IRL,Limerick,Limerick,IE-LC,city and county,,36.2,216,216,4,Europe/Dublin,FALSE,1372247849
Kilbrittain,Kilbrittain,Cill Briotáin,51.6734,-8.6882,Ireland,IE,IRL,Cork,Cork,IE-CO,county,,34.7,216,216,4,Europe/Dublin,FALSE,1372169147
O’Briensbridge,O'Briensbridge,Droichead Uí Bhriain,52.7527,-8.4991,Ireland,IE,IRL,Clare,Clare,IE-CE,county,,91.0,213,213,4,Europe/Dublin,FALSE,1372169206
Killeigh,Killeigh,Cill Aichidh,53.2140,-7.4500,Ireland,IE,IRL,Offaly,Offaly,IE-OY,county,,36.6,212,212,4,Europe/Dublin,FALSE,1372040588
Bracknagh,Bracknagh,Brackagh,53.2097,-7.0969,Ireland,IE,IRL,Offaly,Offaly,IE-OY,county,,44.4,212,212,4,Europe/Dublin,FALSE,1372171761
Ballydesmond,Ballydesmond,Kingwilliamstown|Baile Deasumhan,52.1833,-9.2333,Ireland,IE,IRL,Cork,Cork,IE-CO,county,,27.6,210,210,4,Europe/Dublin,FALSE,1372965096
Dunderrow,Dunderrow,,51.7278,-8.5936,Ireland,IE,IRL,Cork,Cork,IE-CO,county,,55.5,208,208,4,Europe/Dublin,FALSE,1372843559
Ballycumber,Ballycumber,Béal Átha Chomair,53.3265,-7.6855,Ireland,IE,IRL,Offaly,Offaly,IE-OY,county,,24.6,208,208,4,Europe/Dublin,FALSE,1372159831
Swanlinbar,Swanlinbar,An Muileann Iarainn,54.1927,-7.7062,Ireland,IE,IRL,Cavan,Cavan,IE-CN,county,,79.6,207,207,4,Europe/Dublin,FALSE,1372274377
Glasán,Glasan,Glasson|Glassan,53.4707,-7.8638,Ireland,IE,IRL,Westmeath,Westmeath,IE-WH,county,,135.0,207,207,4,Europe/Dublin,FALSE,1372112830
Inagh,Inagh,Dysert,52.8750,-9.1750,Ireland,IE,IRL,Clare,Clare,IE-CE,county,,71.6,204,204,4,Europe/Dublin,FALSE,1372791144
Bohola,Bohola,Both Chomhla,53.9026,-9.0558,Ireland,IE,IRL,Mayo,Mayo,IE-MO,county,,46.0,203,203,4,Europe/Dublin,FALSE,1372208967
Ballynacarrow,Ballynacarrow,Baile na Cora,54.1338,-8.5612,Ireland,IE,IRL,Sligo,Sligo,IE-SO,county,,33.7,202,202,3,Europe/Dublin,FALSE,1372684121
Mountshannon,Mountshannon,Baile Uí Bheoláin,52.9333,-8.4333,Ireland,IE,IRL,Clare,Clare,IE-CE,county,,189.6,200,200,4,Europe/Dublin,FALSE,1372126185
Clonygowan,Clonygowan,Cluain na nGamhan,53.1880,-7.2807,Ireland,IE,IRL,Offaly,Offaly,IE-OY,county,,107.2,198,198,4,Europe/Dublin,FALSE,1372429579
Donard,Donard,Dún Ard,53.0167,-6.6167,Ireland,IE,IRL,Wicklow,Wicklow,IE-WW,county,,37.6,196,196,4,Europe/Dublin,FALSE,1372397091
Castletownshend,Castletownshend,Castletownsend|Baile an Chaisleáin,51.5333,-9.1833,Ireland,IE,IRL,Cork,Cork,IE-CO,county,,72.5,196,196,4,Europe/Dublin,FALSE,1372186602
Blacklion,Blacklion,An Blaic,54.2912,-7.8759,Ireland,IE,IRL,Cavan,Cavan,IE-CN,county,,180.7,194,194,3,Europe/Dublin,FALSE,1372451166
Lemybrien,Lemybrien,,52.1683,-7.5212,Ireland,IE,IRL,Waterford,Waterford,IE-WF,city and county,,57.1,192,192,4,Europe/Dublin,FALSE,1372997235
Ballintra,Ballintra,Baile an tSratha,54.5749,-8.1234,Ireland,IE,IRL,Donegal,Donegal,IE-DL,county,,36.9,191,191,4,Europe/Dublin,TRUE,1372991945
Ballinameen,Ballinameen,,53.8970,-8.3020,Ireland,IE,IRL,Roscommon,Roscommon,IE-RN,county,,8.6,191,191,4,Europe/Dublin,FALSE,1372438034
Annagassan,Annagassan,,53.8833,-6.3500,Ireland,IE,IRL,Louth,Louth,IE-LH,county,,769.1,189,189,3,Europe/Dublin,FALSE,1372749901
Ráth Eoghain,Rath Eoghain,Rathowen,53.6600,-7.5200,Ireland,IE,IRL,Westmeath,Westmeath,IE-WH,county,,12.6,187,187,4,Europe/Dublin,FALSE,1372485199
Bridebridge,Bridebridge,,52.0797,-8.2281,Ireland,IE,IRL,Cork,Cork,IE-CO,county,,77.4,187,187,4,Europe/Dublin,FALSE,1372482910
Ballyfarnan,Ballyfarnan,Ballyfarnon|Béal Átha Fearnáin,54.0725,-8.2047,Ireland,IE,IRL,Roscommon,Roscommon,IE-RN,county,,40.3,187,187,4,Europe/Dublin,FALSE,1372831008
Ahascragh,Ahascragh,Áth Eascrach,53.3970,-8.3350,Ireland,IE,IRL,Galway,Galway,IE-G,county,,131.2,186,186,3,Europe/Dublin,FALSE,1372024211
Ballymacoda,Ballymacoda,,51.8922,-7.9460,Ireland,IE,IRL,Cork,Cork,IE-CO,county,,60.1,185,185,3,Europe/Dublin,FALSE,1372642208
Loughglinn,Loughglinn,Loch Glinne,53.8167,-8.5500,Ireland,IE,IRL,Roscommon,Roscommon,IE-RN,county,,79.3,184,184,4,Europe/Dublin,FALSE,1372684204
Carrigkerry,Carrigkerry,,52.4945,-9.1487,Ireland,IE,IRL,Limerick,Limerick,IE-LC,city and county,,41.2,184,184,3,Europe/Dublin,FALSE,1372366608
Cootehall,Cootehall,,53.9845,-8.1583,Ireland,IE,IRL,Roscommon,Roscommon,IE-RN,county,,90.5,184,184,4,Europe/Dublin,FALSE,1372959017
Laghy,Laghy,An Lathaigh,54.6167,-8.0875,Ireland,IE,IRL,Donegal,Donegal,IE-DL,county,,87.4,183,183,4,Europe/Dublin,FALSE,1372453989
Errill,Errill,,52.8600,-7.6900,Ireland,IE,IRL,Laois,Laois,IE-LS,county,,43.3,182,182,4,Europe/Dublin,FALSE,1372787052
Ballyagran,Ballyagran,,52.4046,-8.7844,Ireland,IE,IRL,Limerick,Limerick,IE-LC,city and county,,39.1,179,179,4,Europe/Dublin,FALSE,1372000027
Lahardaun,Lahardaun,Leathardan,54.0333,-9.3222,Ireland,IE,IRL,Mayo,Mayo,IE-MO,county,,82.3,178,178,4,Europe/Dublin,FALSE,1372867170
Newbawn,Newbawn,,52.3400,-6.7800,Ireland,IE,IRL,Wexford,Wexford,IE-WX,county,,29.1,177,177,4,Europe/Dublin,FALSE,1372387052
Shannonbridge,Shannonbridge,Droichead na Sionainne,53.2790,-8.0470,Ireland,IE,IRL,Offaly,Offaly,IE-OY,county,,10.4,175,175,4,Europe/Dublin,FALSE,1372382080
Ballyhale,Ballyhale,Baile Héil,52.4673,-7.2005,Ireland,IE,IRL,Kilkenny,Kilkenny,IE-KK,county,,42.5,174,174,4,Europe/Dublin,FALSE,1372702749
Kilgarvan,Kilgarvan,Cill Garbháin,51.9040,-9.4366,Ireland,IE,IRL,Kerry,Kerry,IE-KY,county,,26.6,172,172,4,Europe/Dublin,FALSE,1372420625
Clontibret,Clontibret,,54.2154,-6.8533,Ireland,IE,IRL,Monaghan,Monaghan,IE-MN,county,,44.7,172,172,4,Europe/Dublin,FALSE,1372653866
Cloontuskert,Cloontuskert,,53.7000,-8.0122,Ireland,IE,IRL,Roscommon,Roscommon,IE-RN,county,,45.5,171,171,4,Europe/Dublin,FALSE,1372927527
Dunderry,Dunderry,,53.6078,-6.7733,Ireland,IE,IRL,Meath,Meath,IE-MH,county,,40.8,170,170,4,Europe/Dublin,FALSE,1372481939
Ballindrait,Ballindrait,Baile an Droichid,54.8445,-7.5263,Ireland,IE,IRL,Donegal,Donegal,IE-DL,county,,79.7,170,170,4,Europe/Dublin,FALSE,1372214645
Knocktopher,Knocktopher,Knockstopher|Cnoc an Tóchair,52.4833,-7.2167,Ireland,IE,IRL,Kilkenny,Kilkenny,IE-KK,county,,56.4,166,166,4,Europe/Dublin,FALSE,1372327680
Shanballymore,Shanballymore,An Seanbhaile Mór,52.2200,-8.4764,Ireland,IE,IRL,Cork,Cork,IE-CO,county,,27.8,165,165,4,Europe/Dublin,FALSE,1372401802
Scartaglin,Scartaglin,Scartaglen|Seartaglin,52.1791,-9.4060,Ireland,IE,IRL,Kerry,Kerry,IE-KY,county,,36.1,163,163,4,Europe/Dublin,FALSE,1372929877
Dunquin,Dunquin,Dún Chaoin,52.1335,-10.4545,Ireland,IE,IRL,Kerry,Kerry,IE-KY,county,,7.8,160,160,4,Europe/Dublin,FALSE,1372194921
Bellavary,Bellavary,Béal Átha Bhearaigh,53.8936,-9.1492,Ireland,IE,IRL,Mayo,Mayo,IE-MO,county,,73.7,159,159,4,Europe/Dublin,FALSE,1372617010
Keshcarrigan,Keshcarrigan,,54.0178,-7.9433,Ireland,IE,IRL,Leitrim,Leitrim,IE-LM,county,,67.7,155,155,4,Europe/Dublin,FALSE,1372230409
Céideadh,Ceideadh,Keadew,54.0681,-8.1994,Ireland,IE,IRL,Roscommon,Roscommon,IE-RN,county,,25.7,154,154,4,Europe/Dublin,FALSE,1372801828
Bellanagare,Bellanagare,Béal Átha na gCarr,53.8374,-8.3881,Ireland,IE,IRL,Roscommon,Roscommon,IE-RN,county,,21.0,153,153,4,Europe/Dublin,FALSE,1372938106
Inchigeelagh,Inchigeelagh,Inse Geimhleach,51.8420,-9.1270,Ireland,IE,IRL,Cork,Cork,IE-CO,county,,9.9,153,153,4,Europe/Dublin,FALSE,1372284435
Kilflynn,Kilflynn,Kilflyn,52.3505,-9.6253,Ireland,IE,IRL,Kerry,Kerry,IE-KY,county,,78.7,151,151,4,Europe/Dublin,FALSE,1372451352
Dowra,Dowra,,54.1896,-8.0150,Ireland,IE,IRL,Cavan,Cavan,IE-CN,county,,12.8,147,147,4,Europe/Dublin,FALSE,1372263038
Kilmaine,Kilmaine,,53.5833,-9.1167,Ireland,IE,IRL,Mayo,Mayo,IE-MO,county,,59.5,147,147,4,Europe/Dublin,FALSE,1372020754
Ballyhahill,Ballyhahill,,52.5598,-9.1938,Ireland,IE,IRL,Limerick,Limerick,IE-LC,city and county,,75.0,146,146,4,Europe/Dublin,FALSE,1372798001
Drangan,Drangan,Drongán,52.5169,-7.5841,Ireland,IE,IRL,Tipperary,Tipperary,IE-TA,county,,59.5,145,145,4,Europe/Dublin,FALSE,1372827657
Knockananna,Knockananna,,52.8740,-6.4930,Ireland,IE,IRL,Wicklow,Wicklow,IE-WW,county,,123.1,143,143,4,Europe/Dublin,FALSE,1372213887
Gibstown,Gibstown,Baile Ghib,53.7100,-6.7500,Ireland,IE,IRL,Meath,Meath,IE-MH,county,,27.8,142,142,4,Europe/Dublin,FALSE,1372277898
Kilcolgan,Kilcolgan,Cill Cholgáin,53.2125,-8.8724,Ireland,IE,IRL,Galway,Galway,IE-G,county,,80.7,141,141,4,Europe/Dublin,FALSE,1372660740
Ballynoe,Ballynoe,An Baile Nua,52.0592,-8.0975,Ireland,IE,IRL,Cork,Cork,IE-CO,county,,51.5,141,141,3,Europe/Dublin,FALSE,1372724777
Blennerville,Blennerville,,52.2560,-9.7360,Ireland,IE,IRL,Kerry,Kerry,IE-KY,county,,69.4,141,141,4,Europe/Dublin,FALSE,1372602207
Castletown Gheoghegan,Castletown Gheoghegan,Castletown,53.4470,-7.4890,Ireland,IE,IRL,Westmeath,Westmeath,IE-WH,county,,79.5,141,141,4,Europe/Dublin,FALSE,1372137123
Ballymacarbry,Ballymacarbry,Ballymacarbery,52.2700,-7.7300,Ireland,IE,IRL,Waterford,Waterford,IE-WF,city and county,,15.7,138,138,4,Europe/Dublin,FALSE,1372040149
Glengarriff,Glengarriff,Glengariff|An Gleann Garbh,51.7500,-9.5520,Ireland,IE,IRL,Cork,Cork,IE-CO,county,,141.6,138,138,3,Europe/Dublin,FALSE,1372966195
Ballycolla,Ballycolla,,52.8825,-7.4468,Ireland,IE,IRL,Laois,Laois,IE-LS,county,,18.5,136,136,4,Europe/Dublin,FALSE,1372566223
Maddenstown South,Maddenstown South,,53.1425,-6.8604,Ireland,IE,IRL,Kildare,Kildare,IE-KE,county,,34.1,133,133,4,Europe/Dublin,FALSE,1372195758
Baile Trá,Baile Tra,Baltray,53.7333,-6.2667,Ireland,IE,IRL,Louth,Louth,IE-LH,county,,80.2,132,132,4,Europe/Dublin,FALSE,1372559360
Arthurstown,Arthurstown,,52.2422,-6.9517,Ireland,IE,IRL,Wexford,Wexford,IE-WX,county,,71.9,127,127,4,Europe/Dublin,FALSE,1372507608
Kilcrohane,Kilcrohane,,51.5811,-9.7033,Ireland,IE,IRL,Cork,Cork,IE-CO,county,,21.2,127,127,4,Europe/Dublin,FALSE,1372602833
Portmagee,Portmagee,An Caladh,51.8856,-10.3661,Ireland,IE,IRL,Kerry,Kerry,IE-KY,county,,63.0,123,123,4,Europe/Dublin,FALSE,1372101370
New Twopothouse Village,New Twopothouse Village,Twopothouse|New Two pot House,52.1860,-8.6710,Ireland,IE,IRL,Cork,Cork,IE-CO,county,,43.6,120,120,3,Europe/Dublin,FALSE,1372213478
Dromineer,Dromineer,,52.9000,-8.2600,Ireland,IE,IRL,Tipperary,Tipperary,IE-TA,county,,123.6,118,118,4,Europe/Dublin,FALSE,1372613522
Cromane,Cromane,An Cromán,52.1061,-9.8969,Ireland,IE,IRL,Kerry,Kerry,IE-KY,county,,107.5,116,116,4,Europe/Dublin,FALSE,1372874211
Duncormick,Duncormick,,52.2247,-6.6544,Ireland,IE,IRL,Wexford,Wexford,IE-WX,county,,154.6,116,116,4,Europe/Dublin,FALSE,1372138720
Liscannor,Liscannor,Liscanor|Lios Ceannúir,52.9385,-9.3940,Ireland,IE,IRL,Clare,Clare,IE-CE,county,,64.7,113,113,4,Europe/Dublin,FALSE,1372816413
Doohooma,Doohooma,Dumha Thuama,54.0700,-9.9600,Ireland,IE,IRL,Mayo,Mayo,IE-MO,county,,38.5,112,112,4,Europe/Dublin,FALSE,1372696594
Carran,Carran,,53.0350,-9.0763,Ireland,IE,IRL,Clare,Clare,IE-CE,county,,3.1,106,106,4,Europe/Dublin,FALSE,1372378275
An Geata Mór,An Geata Mor,Binghamstown,54.2000,-10.0333,Ireland,IE,IRL,Mayo,Mayo,IE-MO,county,,44.2,106,106,4,Europe/Dublin,FALSE,1372824429
Clashreagh,Clashreagh,,51.6567,-8.6372,Ireland,IE,IRL,Cork,Cork,IE-CO,county,,22.3,,,4,Europe/Dublin,FALSE,1372609536
Knockaneden,Knockaneden,,53.7938,-9.3755,Ireland,IE,IRL,Mayo,Mayo,IE-MO,county,,21.8,,,4,Europe/Dublin,FALSE,1372997358
Pallas,Pallas,,53.0431,-7.3403,Ireland,IE,IRL,Laois,Laois,IE-LS,county,,851.6,,,3,Europe/Dublin,FALSE,1372186572
Drumcattan,Drumcattan,,54.0108,-6.6331,Ireland,IE,IRL,Monaghan,Monaghan,IE-MN,county,,57.5,,,4,Europe/Dublin,FALSE,1372988808
Quitchery Cross Roads,Quitchery Cross Roads,,52.2569,-6.6914,Ireland,IE,IRL,Wexford,Wexford,IE-WX,county,,32.8,,,4,Europe/Dublin,FALSE,1372291547
Carrownloughan,Carrownloughan,,54.1367,-8.6601,Ireland,IE,IRL,Sligo,Sligo,IE-SO,county,,12.6,,,4,Europe/Dublin,FALSE,1372002159
Knocknahila Bridge,Knocknahila Bridge,,52.7836,-9.3975,Ireland,IE,IRL,Clare,Clare,IE-CE,county,,11.6,,,4,Europe/Dublin,FALSE,1372465887
Cloonaghduff,Cloonaghduff,,53.7994,-9.2545,Ireland,IE,IRL,Mayo,Mayo,IE-MO,county,,37.9,,,4,Europe/Dublin,FALSE,1372541939
Lisheenfurroor,Lisheenfurroor,,52.6286,-9.6688,Ireland,IE,IRL,Clare,Clare,IE-CE,county,,10.9,,,4,Europe/Dublin,FALSE,1372000859
Graigue Little,Graigue Little,,52.1736,-6.8889,Ireland,IE,IRL,Wexford,Wexford,IE-WX,county,,26.6,,,4,Europe/Dublin,FALSE,1372782923
Pottlerath,Pottlerath,,52.6167,-7.4389,Ireland,IE,IRL,Kilkenny,Kilkenny,IE-KK,county,,21.5,,,4,Europe/Dublin,FALSE,1372067777
Pallas,Pallas,,53.5667,-7.7000,Ireland,IE,IRL,Longford,Longford,IE-LD,county,,17.9,,,4,Europe/Dublin,FALSE,1372874772
Coolboy,Coolboy,,52.8212,-6.1562,Ireland,IE,IRL,Wicklow,Wicklow,IE-WW,county,,44.2,,,4,Europe/Dublin,FALSE,1372001794
Newbridge,Newbridge,,52.2806,-6.5561,Ireland,IE,IRL,Wexford,Wexford,IE-WX,county,,73.0,,,4,Europe/Dublin,FALSE,1372791352
Fethard,Fethard,Fiodh Ard,52.1917,-6.8517,Ireland,IE,IRL,Wexford,Wexford,IE-WX,county,,39.1,,,4,Europe/Dublin,FALSE,1372905318
Kilrush,Kilrush,,53.0592,-6.8678,Ireland,IE,IRL,Kildare,Kildare,IE-KE,county,,28.2,,,4,Europe/Dublin,FALSE,1372977758
Ballynamona,Ballynamona,,52.4986,-8.4486,Ireland,IE,IRL,Limerick,Limerick,IE-LC,city and county,,26.7,,,4,Europe/Dublin,FALSE,1372669540
Ballyfoyle,Ballyfoyle,,52.7236,-7.2303,Ireland,IE,IRL,Kilkenny,Kilkenny,IE-KK,county,,43.5,,,4,Europe/Dublin,FALSE,1372169212
Bohogerawer,Bohogerawer,,53.7698,-8.8035,Ireland,IE,IRL,Mayo,Mayo,IE-MO,county,,29.3,,,4,Europe/Dublin,FALSE,1372000963
Clonbern,Clonbern,,53.5667,-8.6333,Ireland,IE,IRL,Galway,Galway,IE-G,county,,24.1,,,4,Europe/Dublin,FALSE,1372778159
Belan,Belan,,53.1003,-7.0742,Ireland,IE,IRL,Laois,Laois,IE-LS,county,,40.1,,,4,Europe/Dublin,FALSE,1372491155
Tarmon,Tarmon,,54.1256,-8.0847,Ireland,IE,IRL,Leitrim,Leitrim,IE-LM,county,,6.8,,,5,Europe/Dublin,FALSE,1372167688
Tievelough,Tievelough,Taobh an Locha,54.8097,-8.1508,Ireland,IE,IRL,Donegal,Donegal,IE-DL,county,,1.7,,,5,Europe/Dublin,FALSE,1372154160
Bealaclugga,Bealaclugga,Bell Harbour,53.1217,-9.0683,Ireland,IE,IRL,Clare,Clare,IE-CE,county,,13.8,,,4,Europe/Dublin,FALSE,1372905916
Cookstown Little,Cookstown Little,,53.6862,-6.8481,Ireland,IE,IRL,Meath,Meath,IE-MH,county,,48.4,,,4,Europe/Dublin,FALSE,1372663993
Toomaghera,Toomaghera,,53.0472,-9.2419,Ireland,IE,IRL,Clare,Clare,IE-CE,county,,3.2,,,5,Europe/Dublin,FALSE,1372472934
Ballinafad,Ballinafad,,53.7824,-9.1799,Ireland,IE,IRL,Mayo,Mayo,IE-MO,county,,27.9,,,4,Europe/Dublin,FALSE,1372529785
Ballyhook,Ballyhook,,52.9981,-6.7142,Ireland,IE,IRL,Wicklow,Wicklow,IE-WW,county,,38.6,,,4,Europe/Dublin,FALSE,1372028554
Ballinvoher,Ballinvoher,,54.0833,-8.4593,Ireland,IE,IRL,Sligo,Sligo,IE-SO,county,,16.4,,,4,Europe/Dublin,FALSE,1372002272
Dooballa,Dooballa,,53.9668,-8.4368,Ireland,IE,IRL,Sligo,Sligo,IE-SO,county,,16.8,,,4,Europe/Dublin,FALSE,1372001572
Quin,Quin,Quinn|Cuinche,52.8186,-8.8669,Ireland,IE,IRL,Clare,Clare,IE-CE,county,,534.8,,,3,Europe/Dublin,FALSE,1372935742
Kilmurry Middle,Kilmurry Middle,,52.7447,-6.1599,Ireland,IE,IRL,Wicklow,Wicklow,IE-WW,county,,27.4,,,4,Europe/Dublin,FALSE,1372001347
Tullycahan,Tullycahan,,53.9528,-6.5775,Ireland,IE,IRL,Louth,Louth,IE-LH,county,,55.5,,,4,Europe/Dublin,FALSE,1372867269
Carntullagh,Carntullagh,,54.6244,-8.4303,Ireland,IE,IRL,Donegal,Donegal,IE-DL,county,,33.5,,,4,Europe/Dublin,FALSE,1372762000
Boyle,Boyle,Mainistir na Búille,53.9667,-8.3000,Ireland,IE,IRL,Roscommon,Roscommon,IE-RN,county,,666.6,,,3,Europe/Dublin,FALSE,1372301453
Finavarra,Finavarra,,53.1514,-9.1006,Ireland,IE,IRL,Clare,Clare,IE-CE,county,,31.2,,,4,Europe/Dublin,FALSE,1372780832
Thornton,Thornton,,53.0756,-6.7350,Ireland,IE,IRL,Kildare,Kildare,IE-KE,county,,27.9,,,4,Europe/Dublin,FALSE,1372307020
Garrane,Garrane,,52.5378,-7.9914,Ireland,IE,IRL,Tipperary,Tipperary,IE-TA,county,,17.8,,,4,Europe/Dublin,FALSE,1372329272
Tullydush,Tullydush,,55.1175,-7.3978,Ireland,IE,IRL,Donegal,Donegal,IE-DL,county,,36.4,,,4,Europe/Dublin,FALSE,1372943645
Brickeens,Brickeens,,53.7220,-8.8763,Ireland,IE,IRL,Mayo,Mayo,IE-MO,county,,25.8,,,4,Europe/Dublin,FALSE,1372608970
Bloomfield Cross Roads,Bloomfield Cross Roads,,52.1383,-8.3967,Ireland,IE,IRL,Cork,Cork,IE-CO,county,,26.2,,,4,Europe/Dublin,FALSE,1372970116
Kilmurry,Kilmurry,,53.3214,-6.7322,Ireland,IE,IRL,Kildare,Kildare,IE-KE,county,,54.3,,,4,Europe/Dublin,FALSE,1372621508
Morristown Upper,Morristown Upper,,53.2039,-6.7786,Ireland,IE,IRL,Kildare,Kildare,IE-KE,county,,36.9,,,4,Europe/Dublin,FALSE,1372634575
Ballyoughter,Ballyoughter,,53.9154,-8.5781,Ireland,IE,IRL,Roscommon,Roscommon,IE-RN,county,,202.5,,,3,Europe/Dublin,FALSE,1372001368
Portnakilly,Portnakilly,,53.7933,-9.9881,Ireland,IE,IRL,Mayo,Mayo,IE-MO,county,,12.3,,,4,Europe/Dublin,FALSE,1372361832
Ballyfraley Bridge,Ballyfraley Bridge,,52.4633,-9.0303,Ireland,IE,IRL,Limerick,Limerick,IE-LC,city and county,,52.0,,,4,Europe/Dublin,FALSE,1372262613
Attymon,Attymon,Áth Tíomáin,53.3186,-8.6064,Ireland,IE,IRL,Galway,Galway,IE-G,county,,30.3,,,4,Europe/Dublin,FALSE,1372088968
Kilcor,Kilcor,,52.0628,-8.2083,Ireland,IE,IRL,Cork,Cork,IE-CO,county,,19.0,,,4,Europe/Dublin,FALSE,1372959998
Magheramore,Magheramore,,55.2583,-7.3589,Ireland,IE,IRL,Donegal,Donegal,IE-DL,county,,59.6,,,4,Europe/Dublin,FALSE,1372117932
Pullagh,Pullagh,,54.0980,-8.7252,Ireland,IE,IRL,Sligo,Sligo,IE-SO,county,,20.4,,,4,Europe/Dublin,FALSE,1372002079
Cloghereen,Cloghereen,,52.0333,-9.4833,Ireland,IE,IRL,Kerry,Kerry,IE-KY,county,,46.5,,,4,Europe/Dublin,FALSE,1372144696
Kilmurry,Kilmurry,Cill Mhuire,52.1250,-10.1150,Ireland,IE,IRL,Kerry,Kerry,IE-KY,county,,21.2,,,4,Europe/Dublin,FALSE,1372347796
Ross Bridge,Ross Bridge,,52.2867,-7.4892,Ireland,IE,IRL,Waterford,Waterford,IE-WF,city and county,,17.0,,,4,Europe/Dublin,FALSE,1372035448
Corrafaireen,Corrafaireen,,53.3975,-8.7450,Ireland,IE,IRL,Galway,Galway,IE-G,county,,50.0,,,4,Europe/Dublin,FALSE,1372630996
Gibbonstown,Gibbonstown,,53.6936,-7.0486,Ireland,IE,IRL,Meath,Meath,IE-MH,county,,19.2,,,4,Europe/Dublin,FALSE,1372196260
Kilmallin,Kilmallin,,53.1967,-6.1786,Ireland,IE,IRL,Wicklow,Wicklow,IE-WW,county,,403.1,,,3,Europe/Dublin,FALSE,1372803316
Glenoughty,Glenoughty,,54.9214,-7.7419,Ireland,IE,IRL,Donegal,Donegal,IE-DL,county,,67.4,,,4,Europe/Dublin,FALSE,1372644959
Lislary,Lislary,,54.3833,-8.6167,Ireland,IE,IRL,Sligo,Sligo,IE-SO,county,,69.1,,,4,Europe/Dublin,FALSE,1372224518
Clogherstown,Clogherstown,,53.5925,-6.3633,Ireland,IE,IRL,Meath,Meath,IE-MH,county,,75.5,,,4,Europe/Dublin,FALSE,1372784856
Stuck Cross Roads,Stuck Cross Roads,,53.9547,-7.9197,Ireland,IE,IRL,Leitrim,Leitrim,IE-LM,county,,16.0,,,4,Europe/Dublin,FALSE,1372777819
Raherolus,Raherolus,,53.8954,-8.6421,Ireland,IE,IRL,Mayo,Mayo,IE-MO,county,,30.3,,,4,Europe/Dublin,FALSE,1372000829
Ballynakill,Ballynakill,,52.6803,-6.8533,Ireland,IE,IRL,Carlow,Carlow,IE-CW,county,,29.8,,,4,Europe/Dublin,FALSE,1372882053
Killadangan,Killadangan,,53.7810,-9.5935,Ireland,IE,IRL,Mayo,Mayo,IE-MO,county,,11.8,,,4,Europe/Dublin,FALSE,1372133011
Inan,Inan,,53.4968,-7.0401,Ireland,IE,IRL,Meath,Meath,IE-MH,county,,17.5,,,4,Europe/Dublin,FALSE,1372533506
Ballylevin,Ballylevin,,53.2150,-7.3886,Ireland,IE,IRL,Offaly,Offaly,IE-OY,county,,26.2,,,4,Europe/Dublin,FALSE,1372666384
Aghow,Aghow,,52.7592,-6.6147,Ireland,IE,IRL,Wicklow,Wicklow,IE-WW,county,,10.7,,,4,Europe/Dublin,FALSE,1372766826
Glack,Glack,,53.5121,-6.9766,Ireland,IE,IRL,Meath,Meath,IE-MH,county,,25.2,,,4,Europe/Dublin,FALSE,1372941971
Cashel,Cashel,,53.6167,-8.6167,Ireland,IE,IRL,Galway,Galway,IE-G,county,,16.1,,,4,Europe/Dublin,FALSE,1372328980
Gortnalughoge,Gortnalughoge,Gort na Luchóg,55.2342,-7.7953,Ireland,IE,IRL,Donegal,Donegal,IE-DL,county,,26.3,,,4,Europe/Dublin,FALSE,1372256890
Shanvally,Shanvally,,53.7833,-7.9167,Ireland,IE,IRL,Roscommon,Roscommon,IE-RN,county,,34.2,,,4,Europe/Dublin,FALSE,1372737037
Killavally,Killavally,,53.3844,-7.4119,Ireland,IE,IRL,Westmeath,Westmeath,IE-WH,county,,9.9,,,5,Europe/Dublin,FALSE,1372463486
Durhamstown,Durhamstown,,53.6575,-6.7767,Ireland,IE,IRL,Meath,Meath,IE-MH,county,,93.4,,,4,Europe/Dublin,FALSE,1372581400
Ballywalter,Ballywalter,,52.4847,-7.5564,Ireland,IE,IRL,Tipperary,Tipperary,IE-TA,county,,21.8,,,4,Europe/Dublin,FALSE,1372133018
Breedoge,Breedoge,,53.9000,-8.3833,Ireland,IE,IRL,Roscommon,Roscommon,IE-RN,county,,8.4,,,5,Europe/Dublin,FALSE,1372529539
Pollboy,Pollboy,,53.3142,-8.2022,Ireland,IE,IRL,Galway,Galway,IE-G,county,,90.3,,,4,Europe/Dublin,FALSE,1372976549
Rossestown,Rossestown,,52.7097,-7.7886,Ireland,IE,IRL,Tipperary,Tipperary,IE-TA,county,,28.1,,,4,Europe/Dublin,FALSE,1372588703
Kidlawn,Kidlawn,,53.3094,-8.1142,Ireland,IE,IRL,Roscommon,Roscommon,IE-RN,county,,24.2,,,4,Europe/Dublin,FALSE,1372426002
Carowcanon,Carowcanon,,55.1400,-8.0778,Ireland,IE,IRL,Donegal,Donegal,IE-DL,county,,71.2,,,4,Europe/Dublin,FALSE,1372205643
Moylagh,Moylagh,,53.7215,-7.1873,Ireland,IE,IRL,Meath,Meath,IE-MH,county,,17.9,,,4,Europe/Dublin,FALSE,1372490634
Gullaun,Gullaun,,52.1047,-9.2936,Ireland,IE,IRL,Kerry,Kerry,IE-KY,county,,26.9,,,4,Europe/Dublin,FALSE,1372880556
Donohill,Donohill,,52.5333,-8.1500,Ireland,IE,IRL,Tipperary,Tipperary,IE-TA,county,,22.6,,,4,Europe/Dublin,FALSE,1372612265
Lismolin,Lismolin,,53.8075,-9.3965,Ireland,IE,IRL,Mayo,Mayo,IE-MO,county,,32.5,,,4,Europe/Dublin,FALSE,1372720283
Lisboduff,Lisboduff,,54.0717,-7.2219,Ireland,IE,IRL,Cavan,Cavan,IE-CN,county,,24.8,,,4,Europe/Dublin,FALSE,1372036860
Ballyfore,Ballyfore,,53.3214,-7.1178,Ireland,IE,IRL,Offaly,Offaly,IE-OY,county,,33.5,,,4,Europe/Dublin,FALSE,1372020982
Carrigshane,Carrigshane,,51.9078,-8.1472,Ireland,IE,IRL,Cork,Cork,IE-CO,county,,150.4,,,4,Europe/Dublin,FALSE,1372946715
Trawnanaskil,Trawnanaskil,,54.0864,-9.8982,Ireland,IE,IRL,Mayo,Mayo,IE-MO,county,,15.9,,,4,Europe/Dublin,FALSE,1372953237
Gowelboy,Gowelboy,,53.8451,-8.9864,Ireland,IE,IRL,Mayo,Mayo,IE-MO,county,,26.4,,,4,Europe/Dublin,FALSE,1372001249
Macoyle Upper,Macoyle Upper,,52.7261,-6.2170,Ireland,IE,IRL,Wexford,Wexford,IE-WX,county,,41.7,,,4,Europe/Dublin,FALSE,1372001524
Timolin,Timolin,,52.9833,-6.8167,Ireland,IE,IRL,Kildare,Kildare,IE-KE,county,,39.7,,,4,Europe/Dublin,FALSE,1372906709
Bonvoge Bridge,Bonvoge Bridge,,53.2736,-6.7831,Ireland,IE,IRL,Kildare,Kildare,IE-KE,county,,103.2,,,4,Europe/Dublin,FALSE,1372885222
Knockbrack,Knockbrack,,54.0359,-8.4588,Ireland,IE,IRL,Sligo,Sligo,IE-SO,county,,19.4,,,4,Europe/Dublin,FALSE,1372001476
Knockbrack,Knockbrack,,54.0144,-8.9355,Ireland,IE,IRL,Sligo,Sligo,IE-SO,county,,8.0,,,5,Europe/Dublin,TRUE,1372000471
Rusheens East,Rusheens East,,53.8982,-8.6644,Ireland,IE,IRL,Mayo,Mayo,IE-MO,county,,29.7,,,4,Europe/Dublin,FALSE,1372000822
Redgate,Redgate,,52.1039,-8.9058,Ireland,IE,IRL,Cork,Cork,IE-CO,county,,19.2,,,4,Europe/Dublin,FALSE,1372998138
Blackboy Bridge,Blackboy Bridge,,52.6156,-8.2931,Ireland,IE,IRL,Limerick,Limerick,IE-LC,city and county,,34.5,,,4,Europe/Dublin,FALSE,1372466161
Cranemore,Cranemore,,52.6719,-6.7339,Ireland,IE,IRL,Carlow,Carlow,IE-CW,county,,32.4,,,4,Europe/Dublin,FALSE,1372027484
Clashnabrock,Clashnabrock,,52.1667,-8.5833,Ireland,IE,IRL,Cork,Cork,IE-CO,county,,16.3,,,4,Europe/Dublin,FALSE,1372628553
Kilcreen,Kilcreen,,52.4433,-9.5126,Ireland,IE,IRL,Kerry,Kerry,IE-KY,county,,242.4,,,3,Europe/Dublin,FALSE,1372001788
Tara,Tara,,53.3267,-7.5542,Ireland,IE,IRL,Offaly,Offaly,IE-OY,county,,28.8,,,4,Europe/Dublin,FALSE,1372057880
Brosna,Brosna,,52.3167,-9.2667,Ireland,IE,IRL,Kerry,Kerry,IE-KY,county,,52.4,,,4,Europe/Dublin,FALSE,1372713769
Cloongullaun,Cloongullaun,,53.9586,-8.9908,Ireland,IE,IRL,Mayo,Mayo,IE-MO,county,,16.4,,,4,Europe/Dublin,FALSE,1372488585
Tourin,Tourin,,52.1167,-7.8667,Ireland,IE,IRL,Waterford,Waterford,IE-WF,city and county,,15.5,,,4,Europe/Dublin,FALSE,1372959811
Ballyhenebery,Ballyhenebery,,52.3761,-7.3608,Ireland,IE,IRL,Kilkenny,Kilkenny,IE-KK,county,,33.3,,,4,Europe/Dublin,FALSE,1372249040
Kean Cross Roads,Kean Cross Roads,,52.0172,-8.2511,Ireland,IE,IRL,Cork,Cork,IE-CO,county,,27.0,,,4,Europe/Dublin,FALSE,1372191024
Slieveanulty,Slieveanulty,,53.4142,-8.4431,Ireland,IE,IRL,Galway,Galway,IE-G,county,,23.2,,,4,Europe/Dublin,FALSE,1372377204
Claragh Irish,Claragh Irish,,54.1144,-8.6362,Ireland,IE,IRL,Sligo,Sligo,IE-SO,county,,11.8,,,4,Europe/Dublin,FALSE,1372002164
Addergoole,Addergoole,,53.8279,-8.9140,Ireland,IE,IRL,Mayo,Mayo,IE-MO,county,,19.7,,,4,Europe/Dublin,FALSE,1372000984
Figart,Figart,,54.8572,-7.6325,Ireland,IE,IRL,Donegal,Donegal,IE-DL,county,,33.3,,,4,Europe/Dublin,FALSE,1372683607
Toor Cross Roads,Toor Cross Roads,,52.0494,-7.7533,Ireland,IE,IRL,Waterford,Waterford,IE-WF,city and county,,7.3,,,5,Europe/Dublin,FALSE,1372698079
Shancroagh,Shancroagh,,53.2839,-9.0467,Ireland,IE,IRL,Galway,Galway,IE-G,county,,2975.4,,,2,Europe/Dublin,FALSE,1372947913
Ballymeen,Ballymeen,,53.0928,-8.8019,Ireland,IE,IRL,Galway,Galway,IE-G,county,,35.9,,,4,Europe/Dublin,FALSE,1372251860
Knocknaveagh,Knocknaveagh,,53.7853,-9.2140,Ireland,IE,IRL,Mayo,Mayo,IE-MO,county,,53.1,,,4,Europe/Dublin,FALSE,1372837492
Corhoor,Corhoor,,54.2861,-9.3750,Ireland,IE,IRL,Mayo,Mayo,IE-MO,county,,32.8,,,4,Europe/Dublin,FALSE,1372145969
Bohehs,Bohehs,,53.8567,-9.4016,Ireland,IE,IRL,Mayo,Mayo,IE-MO,county,,18.1,,,4,Europe/Dublin,FALSE,1372190968
Raheens,Raheens,,52.2075,-7.2575,Ireland,IE,IRL,Waterford,Waterford,IE-WF,city and county,,52.6,,,4,Europe/Dublin,FALSE,1372034135
Carrowclare,Carrowclare,,54.0958,-8.6548,Ireland,IE,IRL,Sligo,Sligo,IE-SO,county,,11.1,,,4,Europe/Dublin,FALSE,1372002174
Cloon,Cloon,,53.1900,-6.2458,Ireland,IE,IRL,Wicklow,Wicklow,IE-WW,county,,19.9,,,4,Europe/Dublin,FALSE,1372533276
Kylemore,Kylemore,,53.0997,-8.3819,Ireland,IE,IRL,Galway,Galway,IE-G,county,,20.6,,,4,Europe/Dublin,FALSE,1372223924
Cloonalison,Cloonalison,,53.9246,-8.8035,Ireland,IE,IRL,Mayo,Mayo,IE-MO,county,,17.8,,,4,Europe/Dublin,FALSE,1372000695
Cartronduff,Cartronduff,,53.8570,-9.4120,Ireland,IE,IRL,Mayo,Mayo,IE-MO,county,,10.8,,,4,Europe/Dublin,FALSE,1372197707
Knockroe,Knockroe,,54.1566,-8.4419,Ireland,IE,IRL,Sligo,Sligo,IE-SO,county,,32.2,,,4,Europe/Dublin,FALSE,1372000756
Legan,Legan,Lenamore,53.6167,-7.6167,Ireland,IE,IRL,Longford,Longford,IE-LD,county,,20.6,,,4,Europe/Dublin,FALSE,1372233435
Carhoonaknock,Carhoonaknock,,52.4807,-9.5201,Ireland,IE,IRL,Kerry,Kerry,IE-KY,county,,26.5,,,4,Europe/Dublin,FALSE,1372000913
Castleroe Cross Roads,Castleroe Cross Roads,,52.9058,-6.9114,Ireland,IE,IRL,Kildare,Kildare,IE-KE,county,,32.6,,,4,Europe/Dublin,FALSE,1372999670
Leana,Leana,,52.9889,-9.0822,Ireland,IE,IRL,Clare,Clare,IE-CE,county,,11.7,,,4,Europe/Dublin,FALSE,1372229916
Lerrig,Lerrig,,52.3500,-9.7500,Ireland,IE,IRL,Kerry,Kerry,IE-KY,county,,29.1,,,4,Europe/Dublin,FALSE,1372144414
Mullaghgar,Mullaghgar,,54.2653,-8.3870,Ireland,IE,IRL,Sligo,Sligo,IE-SO,county,,56.0,,,4,Europe/Dublin,FALSE,1372000686
Rathosey,Rathosey,Rathose,54.1869,-8.6090,Ireland,IE,IRL,Sligo,Sligo,IE-SO,county,,65.7,,,4,Europe/Dublin,FALSE,1372425657
Pollranny Sweeny,Pollranny Sweeny,Poll Raithní Sweeney,53.9342,-9.8858,Ireland,IE,IRL,Mayo,Mayo,IE-MO,county,,18.8,,,4,Europe/Dublin,FALSE,1372150632
Ballinastraw,Ballinastraw,,52.8553,-6.1826,Ireland,IE,IRL,Wicklow,Wicklow,IE-WW,county,,47.7,,,4,Europe/Dublin,FALSE,1372001127
Gortlassabrien,Gortlassabrien,,52.8204,-8.3838,Ireland,IE,IRL,Tipperary,Tipperary,IE-TA,county,,31.5,,,4,Europe/Dublin,FALSE,1372000115
Turlaghmamaddy,Turlaghmamaddy,,53.8714,-8.4346,Ireland,IE,IRL,Roscommon,Roscommon,IE-RN,county,,17.3,,,4,Europe/Dublin,FALSE,1372001823
Toberscanavan,Toberscanavan,,54.1669,-8.4856,Ireland,IE,IRL,Sligo,Sligo,IE-SO,county,,71.1,,,4,Europe/Dublin,FALSE,1372404127
Ferrybank,Ferrybank,,52.8016,-6.1428,Ireland,IE,IRL,Wicklow,Wicklow,IE-WW,county,,2412.0,,,2,Europe/Dublin,FALSE,1372989379
Chanonrock,Chanonrock,,53.9700,-6.5511,Ireland,IE,IRL,Louth,Louth,IE-LH,county,,44.1,,,4,Europe/Dublin,FALSE,1372621307
Ballynalty,Ballynalty,,53.5000,-9.2000,Ireland,IE,IRL,Mayo,Mayo,IE-MO,county,,29.3,,,4,Europe/Dublin,FALSE,1372470760
Cloncat,Cloncat,,53.6803,-6.9553,Ireland,IE,IRL,Meath,Meath,IE-MH,county,,23.0,,,4,Europe/Dublin,FALSE,1372683291
Harristown,Harristown,,53.1436,-6.6731,Ireland,IE,IRL,Kildare,Kildare,IE-KE,county,,33.4,,,4,Europe/Dublin,FALSE,1372879451
Harristown,Harristown,,52.4061,-7.2444,Ireland,IE,IRL,Kilkenny,Kilkenny,IE-KK,county,,18.8,,,4,Europe/Dublin,FALSE,1372693443
Aughinish,Aughinish,,53.1650,-9.0794,Ireland,IE,IRL,Clare,Clare,IE-CE,county,,18.4,,,4,Europe/Dublin,FALSE,1372073283
Carran,Carran,,55.1847,-7.6236,Ireland,IE,IRL,Donegal,Donegal,IE-DL,county,,12.7,,,4,Europe/Dublin,FALSE,1372641277
Leggah,Leggah,Legga,53.9000,-7.6667,Ireland,IE,IRL,Longford,Longford,IE-LD,county,,17.7,,,4,Europe/Dublin,FALSE,1372376354
Maghereagh Cross,Maghereagh Cross,,54.0131,-6.5189,Ireland,IE,IRL,Louth,Louth,IE-LH,county,,47.1,,,4,Europe/Dublin,FALSE,1372144872
Glencree,Glencree,Gleann Críthigh,53.2750,-6.1292,Ireland,IE,IRL,Wicklow,Wicklow,IE-WW,county,,6.0,,,5,Europe/Dublin,FALSE,1372499992
Doonteeny,Doonteeny,Dún Fhíne,54.2978,-9.4122,Ireland,IE,IRL,Mayo,Mayo,IE-MO,county,,6.8,,,5,Europe/Dublin,FALSE,1372435901
Cuildoo,Cuildoo,,53.9727,-9.0088,Ireland,IE,IRL,Mayo,Mayo,IE-MO,county,,13.4,,,4,Europe/Dublin,FALSE,1372001182
Rahaghy,Rahaghy,,53.7369,-7.1481,Ireland,IE,IRL,Meath,Meath,IE-MH,county,,17.9,,,4,Europe/Dublin,FALSE,1372070204
Cully Cross Roads,Cully Cross Roads,,53.9883,-8.8350,Ireland,IE,IRL,Sligo,Sligo,IE-SO,county,,15.8,,,4,Europe/Dublin,FALSE,1372632303
Roscahill,Roscahill,,53.8333,-9.6080,Ireland,IE,IRL,Mayo,Mayo,IE-MO,county,,69.9,,,4,Europe/Dublin,FALSE,1372555646
Ballyluoge,Ballyluoge,,53.2556,-8.3461,Ireland,IE,IRL,Galway,Galway,IE-G,county,,15.6,,,4,Europe/Dublin,FALSE,1372089621
Arbatt,Arbatt,Ard Bata,54.8783,-7.9797,Ireland,IE,IRL,Donegal,Donegal,IE-DL,county,,6.8,,,5,Europe/Dublin,FALSE,1372135783
Bauteogue,Bauteogue,,52.9911,-7.2022,Ireland,IE,IRL,Laois,Laois,IE-LS,county,,20.0,,,4,Europe/Dublin,FALSE,1372481921
Corrofin,Corrofin,Cora Finne|Corofin,52.9478,-9.0631,Ireland,IE,IRL,Clare,Clare,IE-CE,county,,267.9,,,3,Europe/Dublin,FALSE,1372133967
Lisdowney,Lisdowney,,52.7894,-7.3886,Ireland,IE,IRL,Kilkenny,Kilkenny,IE-KK,county,,11.8,,,4,Europe/Dublin,FALSE,1372090440
Cloomagro,Cloomagro,,52.9558,-8.6856,Ireland,IE,IRL,Clare,Clare,IE-CE,county,,9.3,,,5,Europe/Dublin,FALSE,1372793173
Rabaun,Rabaun,,53.9187,-8.9427,Ireland,IE,IRL,Mayo,Mayo,IE-MO,county,,33.6,,,4,Europe/Dublin,FALSE,1372001087
Knocknagapple,Knocknagapple,,52.7399,-6.4001,Ireland,IE,IRL,Wexford,Wexford,IE-WX,county,,32.9,,,4,Europe/Dublin,FALSE,1372001802
Killua,Killua,,53.6644,-6.9981,Ireland,IE,IRL,Westmeath,Westmeath,IE-WH,county,,23.8,,,4,Europe/Dublin,FALSE,1372897794
Springfield,Springfield,,53.1983,-7.0033,Ireland,IE,IRL,Kildare,Kildare,IE-KE,county,,50.0,,,4,Europe/Dublin,FALSE,1372454112
Geara Bridge,Geara Bridge,,51.7931,-9.0239,Ireland,IE,IRL,Cork,Cork,IE-CO,county,,19.6,,,4,Europe/Dublin,FALSE,1372293670
Finisklin,Finisklin,,54.2772,-8.4986,Ireland,IE,IRL,Sligo,Sligo,IE-SO,county,,184.4,,,4,Europe/Dublin,FALSE,1372002346
Halls,Halls,,53.9867,-7.8081,Ireland,IE,IRL,Leitrim,Leitrim,IE-LM,county,,10.4,,,4,Europe/Dublin,FALSE,1372583327
Ballynabola,Ballynabola,,52.3667,-6.8333,Ireland,IE,IRL,Wexford,Wexford,IE-WX,county,,39.3,,,4,Europe/Dublin,FALSE,1372641721
Barnakyle Bridge,Barnakyle Bridge,,52.6083,-8.6969,Ireland,IE,IRL,Limerick,Limerick,IE-LC,city and county,,61.8,,,4,Europe/Dublin,FALSE,1372226762
Loughanboy,Loughanboy,,53.7739,-8.8599,Ireland,IE,IRL,Mayo,Mayo,IE-MO,county,,23.6,,,4,Europe/Dublin,FALSE,1372001152
Ballinabrackey,Ballinabrackey,Buaile na Breachmhai,53.4162,-7.1332,Ireland,IE,IRL,Meath,Meath,IE-MH,county,,29.3,,,3,Europe/Dublin,FALSE,1372235620
Macoyle Lower,Macoyle Lower,,52.7346,-6.2166,Ireland,IE,IRL,Wexford,Wexford,IE-WX,county,,40.7,,,4,Europe/Dublin,FALSE,1372001535
Nohaval Bridge,Nohaval Bridge,,52.0936,-9.2069,Ireland,IE,IRL,Cork,Cork,IE-CO,county,,17.2,,,4,Europe/Dublin,FALSE,1372068100
Limestone Brook Bridge,Limestone Brook Bridge,,54.6853,-8.0708,Ireland,IE,IRL,Donegal,Donegal,IE-DL,county,,17.2,,,4,Europe/Dublin,FALSE,1372612999
Massbrook Upper,Massbrook Upper,,53.9799,-9.2941,Ireland,IE,IRL,Mayo,Mayo,IE-MO,county,,23.3,,,4,Europe/Dublin,FALSE,1372929700
Garryfine,Garryfine,,52.4114,-8.7347,Ireland,IE,IRL,Limerick,Limerick,IE-LC,city and county,,14.0,,,4,Europe/Dublin,FALSE,1372368249
The Green Door,The Green Door,,53.1236,-8.2417,Ireland,IE,IRL,Galway,Galway,IE-G,county,,28.1,,,4,Europe/Dublin,FALSE,1372000064
Black Bull,Black Bull,,53.4508,-6.4789,Ireland,IE,IRL,Meath,Meath,IE-MH,county,,43.4,,,4,Europe/Dublin,FALSE,1372468882
Flemby,Flemby,,52.2294,-9.5994,Ireland,IE,IRL,Kerry,Kerry,IE-KY,county,,38.7,,,4,Europe/Dublin,FALSE,1372002562
Cuilmore,Cuilmore,An Choill Mhór,53.9558,-8.8789,Ireland,IE,IRL,Mayo,Mayo,IE-MO,county,,30.8,,,4,Europe/Dublin,FALSE,1372150123
Cuilmore,Cuilmore,An Choill Mhór,53.8772,-9.4965,Ireland,IE,IRL,Mayo,Mayo,IE-MO,county,,18.2,,,4,Europe/Dublin,TRUE,1372833631
Barry’s Cross Roads,Barry's Cross Roads,,52.8083,-7.1336,Ireland,IE,IRL,Kilkenny,Kilkenny,IE-KK,county,,19.6,,,4,Europe/Dublin,FALSE,1372314832
Stranahely,Stranahely,,53.0014,-6.5503,Ireland,IE,IRL,Wicklow,Wicklow,IE-WW,county,,5.8,,,5,Europe/Dublin,FALSE,1372401159
Newhaggard,Newhaggard,,53.5522,-6.8239,Ireland,IE,IRL,Meath,Meath,IE-MH,county,,65.0,,,4,Europe/Dublin,FALSE,1372211046
Mauricesmills,Mauricesmills,Mauricemills,52.8972,-9.1444,Ireland,IE,IRL,Clare,Clare,IE-CE,county,,21.5,,,4,Europe/Dublin,FALSE,1372320398
Nacrimina,Nacrimina,,53.3144,-9.5850,Ireland,IE,IRL,Galway,Galway,IE-G,county,,41.5,,,4,Europe/Dublin,FALSE,1372562496
Ballyconry,Ballyconry,,53.1217,-9.1819,Ireland,IE,IRL,Clare,Clare,IE-CE,county,,29.9,,,4,Europe/Dublin,FALSE,1372725688
Lissymulgee,Lissymulgee,,53.9570,-8.6937,Ireland,IE,IRL,Mayo,Mayo,IE-MO,county,,22.3,,,4,Europe/Dublin,FALSE,1372000815
Templenoe,Templenoe,,51.8667,-9.6833,Ireland,IE,IRL,Kerry,Kerry,IE-KY,county,,27.2,,,4,Europe/Dublin,FALSE,1372380998
Barrack,Barrack,An Bheairic,54.1634,-10.0910,Ireland,IE,IRL,Mayo,Mayo,IE-MO,county,,29.1,,,4,Europe/Dublin,FALSE,1372839450
Tubber,Tubber,,52.9989,-8.8853,Ireland,IE,IRL,Galway,Galway,IE-G,county,,21.6,,,4,Europe/Dublin,FALSE,1372770871
Drumnagranshy,Drumnagranshy,,54.0694,-8.4518,Ireland,IE,IRL,Sligo,Sligo,IE-SO,county,,16.8,,,4,Europe/Dublin,FALSE,1372002027
Magherabane,Magherabane,,55.2056,-7.5172,Ireland,IE,IRL,Donegal,Donegal,IE-DL,county,,18.8,,,4,Europe/Dublin,FALSE,1372162032
Ballinteer,Ballinteer,Baile an tSaoir,53.2826,-6.2555,Ireland,IE,IRL,Dún Laoghaire-Rathdown,Dun Laoghaire-Rathdown,IE-DR,county,,4015.6,,,2,Europe/Dublin,FALSE,1372964854
Rathbride Cross Roads,Rathbride Cross Roads,,53.1811,-6.8872,Ireland,IE,IRL,Kildare,Kildare,IE-KE,county,,57.1,,,4,Europe/Dublin,FALSE,1372463339
Killafeen,Killafeen,,53.0267,-8.7631,Ireland,IE,IRL,Galway,Galway,IE-G,county,,19.1,,,4,Europe/Dublin,FALSE,1372829582
Firmount,Firmount,,51.9833,-8.7000,Ireland,IE,IRL,Cork,Cork,IE-CO,county,,68.3,,,4,Europe/Dublin,FALSE,1372086337
Reanagowan Cross Roads,Reanagowan Cross Roads,,52.3147,-9.5072,Ireland,IE,IRL,Kerry,Kerry,IE-KY,county,,14.0,,,4,Europe/Dublin,FALSE,1372397393
Neale,Neale,,53.5667,-9.2333,Ireland,IE,IRL,Mayo,Mayo,IE-MO,county,,29.3,,,4,Europe/Dublin,FALSE,1372219978
Killina,Killina,,54.2067,-7.0839,Ireland,IE,IRL,Monaghan,Monaghan,IE-MN,county,,32.8,,,4,Europe/Dublin,FALSE,1372083143
Carrick Lower Bridge,Carrick Lower Bridge,,54.6503,-8.6458,Ireland,IE,IRL,Donegal,Donegal,IE-DL,county,,38.6,,,4,Europe/Dublin,FALSE,1372357930
Maudlin,Maudlin,,53.7373,-6.8646,Ireland,IE,IRL,Meath,Meath,IE-MH,county,,63.5,,,4,Europe/Dublin,FALSE,1372617360
Rathscanlan,Rathscanlan,,54.0421,-8.7346,Ireland,IE,IRL,Sligo,Sligo,IE-SO,county,,203.7,,,3,Europe/Dublin,FALSE,1372002066
Broughal,Broughal,,53.1906,-7.7753,Ireland,IE,IRL,Offaly,Offaly,IE-OY,county,,6.0,,,5,Europe/Dublin,FALSE,1372758317
Derrylahan,Derrylahan,,53.3528,-8.0458,Ireland,IE,IRL,Roscommon,Roscommon,IE-RN,county,,18.6,,,4,Europe/Dublin,FALSE,1372217924
Derrylahan,Derrylahan,,53.8090,-8.6516,Ireland,IE,IRL,Roscommon,Roscommon,IE-RN,county,,13.3,,,4,Europe/Dublin,TRUE,1372001728
Mackans,Mackans,,53.4500,-7.6333,Ireland,IE,IRL,Westmeath,Westmeath,IE-WH,county,,13.5,,,4,Europe/Dublin,FALSE,1372900445
Leahgarrow,Leahgarrow,An Leadhb Gharbh,54.9878,-8.5028,Ireland,IE,IRL,Donegal,Donegal,IE-DL,county,,64.3,,,4,Europe/Dublin,FALSE,1372367001
North Bridge,North Bridge,,52.4056,-8.5808,Ireland,IE,IRL,Limerick,Limerick,IE-LC,city and county,,1019.5,,,3,Europe/Dublin,FALSE,1372507028
Newrath Little,Newrath Little,,53.7196,-6.8921,Ireland,IE,IRL,Meath,Meath,IE-MH,county,,146.1,,,4,Europe/Dublin,FALSE,1372906001
Dry Mills,Dry Mills,,53.6667,-8.8833,Ireland,IE,IRL,Mayo,Mayo,IE-MO,county,,18.2,,,4,Europe/Dublin,FALSE,1372042894
Ederglen,Ederglen,Idirghleann,54.1852,-9.8312,Ireland,IE,IRL,Mayo,Mayo,IE-MO,county,,9.3,,,5,Europe/Dublin,FALSE,1372120227
Clykeel Leary’s Cross,Clykeel Leary's Cross,,52.0700,-8.2181,Ireland,IE,IRL,Cork,Cork,IE-CO,county,,19.9,,,4,Europe/Dublin,FALSE,1372811975
Kilmacowen,Kilmacowen,,54.2286,-8.5161,Ireland,IE,IRL,Sligo,Sligo,IE-SO,county,,115.4,,,4,Europe/Dublin,FALSE,1372507543
Rootagh,Rootagh,,52.7362,-8.3721,Ireland,IE,IRL,Tipperary,Tipperary,IE-TA,county,,18.7,,,4,Europe/Dublin,FALSE,1372000158
Bolabradda,Bolabradda,,52.7478,-6.2332,Ireland,IE,IRL,Wexford,Wexford,IE-WX,county,,42.0,,,4,Europe/Dublin,FALSE,1372001543
Clonpet,Clonpet,,52.4594,-8.1878,Ireland,IE,IRL,Tipperary,Tipperary,IE-TA,county,,59.3,,,4,Europe/Dublin,FALSE,1372233621
Gortacullin,Gortacullin,,52.2747,-7.9158,Ireland,IE,IRL,Tipperary,Tipperary,IE-TA,county,,14.8,,,4,Europe/Dublin,FALSE,1372109407
Skool,Skool,,52.5483,-8.5719,Ireland,IE,IRL,Limerick,Limerick,IE-LC,city and county,,87.0,,,4,Europe/Dublin,FALSE,1372786834
Hagansgate Cross Roads,Hagansgate Cross Roads,,52.2528,-6.9006,Ireland,IE,IRL,Wexford,Wexford,IE-WX,county,,40.8,,,4,Europe/Dublin,FALSE,1372185905
Glashagal Bridge,Glashagal Bridge,,52.8172,-7.3347,Ireland,IE,IRL,Kilkenny,Kilkenny,IE-KK,county,,14.6,,,4,Europe/Dublin,FALSE,1372415495
Collierstown,Collierstown,,53.6500,-6.3500,Ireland,IE,IRL,Meath,Meath,IE-MH,county,,39.6,,,4,Europe/Dublin,FALSE,1372029438
Carrigans,Carrigans,,54.1075,-8.4897,Ireland,IE,IRL,Sligo,Sligo,IE-SO,county,,65.0,,,4,Europe/Dublin,FALSE,1372659419
Derreens,Derreens,Na Doiríní,54.2034,-9.8199,Ireland,IE,IRL,Mayo,Mayo,IE-MO,county,,9.3,,,5,Europe/Dublin,FALSE,1372512462
Aughnacrow Bridge,Aughnacrow Bridge,,52.4881,-6.6394,Ireland,IE,IRL,Wexford,Wexford,IE-WX,county,,46.1,,,4,Europe/Dublin,FALSE,1372632939
Ballynahown,Ballynahown,,53.0658,-9.3283,Ireland,IE,IRL,Clare,Clare,IE-CE,county,,11.7,,,4,Europe/Dublin,FALSE,1372209957
Glasnarget North,Glasnarget North,,52.9428,-6.2152,Ireland,IE,IRL,Wicklow,Wicklow,IE-WW,county,,21.3,,,4,Europe/Dublin,FALSE,1372000916
Corcoran’s Cross Roads,Corcoran's Cross Roads,,52.4208,-6.8606,Ireland,IE,IRL,Wexford,Wexford,IE-WX,county,,32.2,,,4,Europe/Dublin,FALSE,1372009716
Saulsford Bridge,Saulsford Bridge,,52.8636,-6.5961,Ireland,IE,IRL,Carlow,Carlow,IE-CW,county,,24.0,,,4,Europe/Dublin,FALSE,1372713336
Tullycreevy,Tullycreevy,,54.2488,-8.2011,Ireland,IE,IRL,Leitrim,Leitrim,IE-LM,county,,7.4,,,5,Europe/Dublin,FALSE,1372001959
Derrymullen,Derrymullen,,53.2786,-6.8906,Ireland,IE,IRL,Kildare,Kildare,IE-KE,county,,262.0,,,3,Europe/Dublin,FALSE,1372226575
Cabraghkeel,Cabraghkeel,,54.2658,-9.0306,Ireland,IE,IRL,Sligo,Sligo,IE-SO,county,,17.3,,,4,Europe/Dublin,FALSE,1372270582
Gortaroe,Gortaroe,,53.8107,-9.5044,Ireland,IE,IRL,Mayo,Mayo,IE-MO,county,,94.7,,,4,Europe/Dublin,FALSE,1372132483
Rathbaun,Rathbaun,,54.1872,-8.3125,Ireland,IE,IRL,Leitrim,Leitrim,IE-LM,county,,24.6,,,4,Europe/Dublin,FALSE,1372001860
Lissian,Lissian,,53.8791,-8.5359,Ireland,IE,IRL,Roscommon,Roscommon,IE-RN,county,,23.9,,,4,Europe/Dublin,FALSE,1372001416
Boharboy,Boharboy,,54.0117,-6.1386,Ireland,IE,IRL,Louth,Louth,IE-LH,county,,115.7,,,4,Europe/Dublin,FALSE,1372450581
Lisdurraun,Lisdurraun,,53.9470,-9.0093,Ireland,IE,IRL,Mayo,Mayo,IE-MO,county,,28.5,,,4,Europe/Dublin,FALSE,1372001177
Tinkerslane,Tinkerslane,,53.5082,-6.9824,Ireland,IE,IRL,Meath,Meath,IE-MH,county,,13.9,,,4,Europe/Dublin,FALSE,1372904966
Ballybraher,Ballybraher,,51.8353,-8.0361,Ireland,IE,IRL,Cork,Cork,IE-CO,county,,47.9,,,4,Europe/Dublin,FALSE,1372965553
Clerhaun,Clerhaun,,53.7850,-9.5438,Ireland,IE,IRL,Mayo,Mayo,IE-MO,county,,121.3,,,4,Europe/Dublin,FALSE,1372890200
Quigginroe,Quigginroe,,52.7838,-6.5854,Ireland,IE,IRL,Wicklow,Wicklow,IE-WW,county,,15.3,,,4,Europe/Dublin,FALSE,1372000360
Glenmore,Glenmore,,53.3994,-8.1961,Ireland,IE,IRL,Roscommon,Roscommon,IE-RN,county,,25.2,,,4,Europe/Dublin,FALSE,1372275409
Nadanuller Beg,Nadanuller Beg,,52.0544,-8.8536,Ireland,IE,IRL,Cork,Cork,IE-CO,county,,5.2,,,5,Europe/Dublin,FALSE,1372886240
Aghade Bridge,Aghade Bridge,,52.7575,-6.7256,Ireland,IE,IRL,Carlow,Carlow,IE-CW,county,,45.3,,,4,Europe/Dublin,FALSE,1372072201
Shanahoe,Shanahoe,,52.9333,-7.4167,Ireland,IE,IRL,Laois,Laois,IE-LS,county,,33.1,,,4,Europe/Dublin,FALSE,1372724622
Faughil,Faughil,,53.8234,-8.9545,Ireland,IE,IRL,Mayo,Mayo,IE-MO,county,,19.7,,,4,Europe/Dublin,FALSE,1372001254
Killeennashask,Killeennashask,,54.1675,-9.3489,Ireland,IE,IRL,Mayo,Mayo,IE-MO,county,,3.8,,,5,Europe/Dublin,FALSE,1372400496
Curraheen,Curraheen,,52.7895,-8.3278,Ireland,IE,IRL,Tipperary,Tipperary,IE-TA,county,,14.9,,,4,Europe/Dublin,FALSE,1372000198
Lisheenabrone,Lisheenabrone,,53.9424,-8.9882,Ireland,IE,IRL,Mayo,Mayo,IE-MO,county,,34.4,,,4,Europe/Dublin,FALSE,1372001205
Morley’s Bridge,Morley's Bridge,,51.9211,-9.3861,Ireland,IE,IRL,Kerry,Kerry,IE-KY,county,,3.3,,,5,Europe/Dublin,FALSE,1372294349
Carrigagulla Bridge,Carrigagulla Bridge,,51.9953,-8.8906,Ireland,IE,IRL,Cork,Cork,IE-CO,county,,15.5,,,4,Europe/Dublin,FALSE,1372870475
Ardnaglass,Ardnaglass,,54.1300,-8.5205,Ireland,IE,IRL,Sligo,Sligo,IE-SO,county,,42.8,,,4,Europe/Dublin,FALSE,1372002237
Ardnaglass,Ardnaglass,,54.2548,-8.7115,Ireland,IE,IRL,Sligo,Sligo,IE-SO,county,,19.1,,,4,Europe/Dublin,TRUE,1372002112
Kiltullagh,Kiltullagh,Kiltulla|Killtullagh,53.3089,-8.9556,Ireland,IE,IRL,Galway,Galway,IE-G,county,,77.1,,,4,Europe/Dublin,FALSE,1372930153
Kiltullagh,Kiltullagh,Cill Tulach,53.2717,-8.6342,Ireland,IE,IRL,Galway,Galway,IE-G,county,,46.9,,,4,Europe/Dublin,TRUE,1372347268
Maulin,Maulin,,52.4172,-9.8851,Ireland,IE,IRL,Kerry,Kerry,IE-KY,county,,22.5,,,4,Europe/Dublin,FALSE,1372000952
Maulin,Maulin,Málainn,51.9058,-10.1325,Ireland,IE,IRL,Kerry,Kerry,IE-KY,county,,3.3,,,5,Europe/Dublin,TRUE,1372211943
Clohamon,Clohamon,Cloch Ámainn,52.6333,-6.6167,Ireland,IE,IRL,Wexford,Wexford,IE-WX,county,,48.9,,,4,Europe/Dublin,FALSE,1372242170
Cooladangan,Cooladangan,,52.7786,-6.1910,Ireland,IE,IRL,Wicklow,Wicklow,IE-WW,county,,49.3,,,4,Europe/Dublin,FALSE,1372001553
Tonroe,Tonroe,,53.2403,-8.8886,Ireland,IE,IRL,Galway,Galway,IE-G,county,,92.9,,,4,Europe/Dublin,FALSE,1372701697
Bonabrocka,Bonabrocka,,52.9390,-6.0612,Ireland,IE,IRL,Wicklow,Wicklow,IE-WW,county,,30.4,,,4,Europe/Dublin,FALSE,1372000882
Reananerree,Reananerree,Ré na nDoirí,51.9000,-9.1667,Ireland,IE,IRL,Cork,Cork,IE-CO,county,,13.9,,,4,Europe/Dublin,FALSE,1372616181
Cappagh,Cappagh,,52.5856,-7.4733,Ireland,IE,IRL,Tipperary,Tipperary,IE-TA,county,,17.9,,,4,Europe/Dublin,FALSE,1372131503
Kilclare,Kilclare,,54.0078,-8.0156,Ireland,IE,IRL,Leitrim,Leitrim,IE-LM,county,,70.4,,,4,Europe/Dublin,FALSE,1372929174
Kilcorney,Kilcorney,,52.0625,-8.9619,Ireland,IE,IRL,Cork,Cork,IE-CO,county,,13.1,,,4,Europe/Dublin,FALSE,1372591538
Bananstown,Bananstown,,53.6514,-7.1725,Ireland,IE,IRL,Westmeath,Westmeath,IE-WH,county,,19.5,,,4,Europe/Dublin,FALSE,1372079086
Fyanstown,Fyanstown,,53.7235,-6.8057,Ireland,IE,IRL,Meath,Meath,IE-MH,county,,26.2,,,4,Europe/Dublin,FALSE,1372932255
Monasteraden,Monasteraden,,54.9500,-8.5000,Ireland,IE,IRL,Donegal,Donegal,IE-DL,county,,35.3,,,4,Europe/Dublin,FALSE,1372469491
Bailis,Bailis,,53.6469,-6.6555,Ireland,IE,IRL,Meath,Meath,IE-MH,county,,3705.5,,,2,Europe/Dublin,FALSE,1372507575
Boherhole Cross Roads,Boherhole Cross Roads,,53.3244,-6.6983,Ireland,IE,IRL,Kildare,Kildare,IE-KE,county,,186.2,,,4,Europe/Dublin,FALSE,1372455304
Baltinoran,Baltinoran,,53.4219,-7.1675,Ireland,IE,IRL,Meath,Meath,IE-MH,county,,29.3,,,4,Europe/Dublin,FALSE,1372775239
Ballingate Lower,Ballingate Lower,,52.7096,-6.5498,Ireland,IE,IRL,Wicklow,Wicklow,IE-WW,county,,23.7,,,4,Europe/Dublin,FALSE,1372000332
Ballinacor,Ballinacor,,52.8347,-6.1855,Ireland,IE,IRL,Wicklow,Wicklow,IE-WW,county,,67.5,,,4,Europe/Dublin,FALSE,1372001587
Rathea,Rathea,,52.3878,-9.4792,Ireland,IE,IRL,Kerry,Kerry,IE-KY,county,,14.3,,,4,Europe/Dublin,FALSE,1372214228
Cross of the Tree,Cross of the Tree,,52.4242,-8.3844,Ireland,IE,IRL,Limerick,Limerick,IE-LC,city and county,,39.3,,,4,Europe/Dublin,FALSE,1372563841
Killanly,Killanly,,54.1683,-9.1253,Ireland,IE,IRL,Sligo,Sligo,IE-SO,county,,46.0,,,4,Europe/Dublin,FALSE,1372942673
Cloonlee,Cloonlee,,53.1419,-8.4156,Ireland,IE,IRL,Galway,Galway,IE-G,county,,28.0,,,4,Europe/Dublin,FALSE,1372092872
Altnagapple,Altnagapple,,54.7283,-8.3761,Ireland,IE,IRL,Donegal,Donegal,IE-DL,county,,8.1,,,5,Europe/Dublin,FALSE,1372432073
Lisheen Bridge,Lisheen Bridge,,52.1239,-9.2258,Ireland,IE,IRL,Cork,Cork,IE-CO,county,,32.9,,,4,Europe/Dublin,FALSE,1372249147
Mullagh,Mullagh,Mullach,52.8008,-9.4119,Ireland,IE,IRL,Clare,Clare,IE-CE,county,,22.4,,,4,Europe/Dublin,FALSE,1372483471
Calary Lower,Calary Lower,,53.1386,-6.1447,Ireland,IE,IRL,Wicklow,Wicklow,IE-WW,county,,37.1,,,4,Europe/Dublin,FALSE,1372270902
Toorgarve,Toorgarve,,53.8551,-9.4890,Ireland,IE,IRL,Mayo,Mayo,IE-MO,county,,29.6,,,4,Europe/Dublin,FALSE,1372893506
Renaghmore,Renaghmore,,52.6500,-7.5367,Ireland,IE,IRL,Tipperary,Tipperary,IE-TA,county,,14.1,,,4,Europe/Dublin,FALSE,1372178131
Drumkeaghta,Drumkeaghta,,53.8201,-9.2930,Ireland,IE,IRL,Mayo,Mayo,IE-MO,county,,42.2,,,4,Europe/Dublin,FALSE,1372264919
Aillemore,Aillemore,,53.7083,-9.8708,Ireland,IE,IRL,Mayo,Mayo,IE-MO,county,,6.9,,,5,Europe/Dublin,FALSE,1372252772
Friarstown,Friarstown,,54.2333,-8.3167,Ireland,IE,IRL,Leitrim,Leitrim,IE-LM,county,,36.3,,,4,Europe/Dublin,FALSE,1372701564
Gibstown,Gibstown,,53.9700,-6.4311,Ireland,IE,IRL,Louth,Louth,IE-LH,county,,91.7,,,4,Europe/Dublin,FALSE,1372446393
Garryspillane,Garryspillane,Garryspellane,52.4117,-8.3792,Ireland,IE,IRL,Limerick,Limerick,IE-LC,city and county,,35.0,,,4,Europe/Dublin,FALSE,1372258639
Killinure Bridge,Killinure Bridge,,52.7758,-6.6275,Ireland,IE,IRL,Wicklow,Wicklow,IE-WW,county,,15.7,,,4,Europe/Dublin,FALSE,1372406347
Drumadowan,Drumadowan,,54.9147,-7.6567,Ireland,IE,IRL,Donegal,Donegal,IE-DL,county,,31.3,,,4,Europe/Dublin,FALSE,1372047874
Doonasleen,Doonasleen,,52.1511,-9.1636,Ireland,IE,IRL,Cork,Cork,IE-CO,county,,26.8,,,4,Europe/Dublin,FALSE,1372495881
Cloonlumney,Cloonlumney,,53.9633,-8.9457,Ireland,IE,IRL,Mayo,Mayo,IE-MO,county,,23.7,,,4,Europe/Dublin,FALSE,1372001104
Cuillare,Cuillare,,53.8057,-9.2090,Ireland,IE,IRL,Mayo,Mayo,IE-MO,county,,124.1,,,4,Europe/Dublin,FALSE,1372251685
Clashabreeda,Clashabreeda,,52.8571,-8.3060,Ireland,IE,IRL,Tipperary,Tipperary,IE-TA,county,,23.8,,,4,Europe/Dublin,FALSE,1372000054
Tawnymoyle,Tawnymoyle,,54.3057,-8.2518,Ireland,IE,IRL,Leitrim,Leitrim,IE-LM,county,,9.9,,,5,Europe/Dublin,FALSE,1372000621
Kilmacroy,Kilmacroy,,54.0703,-8.2113,Ireland,IE,IRL,Roscommon,Roscommon,IE-RN,county,,42.2,,,4,Europe/Dublin,FALSE,1372001896
Coolderry,Coolderry,,53.4953,-6.7811,Ireland,IE,IRL,Meath,Meath,IE-MH,county,,52.8,,,4,Europe/Dublin,FALSE,1372072478
Grogagh,Grogagh,,54.3872,-8.5031,Ireland,IE,IRL,Sligo,Sligo,IE-SO,county,,27.0,,,4,Europe/Dublin,FALSE,1372024481
Windgap,Windgap,Bearra na Gaoithe|Bearna na Gaoithe,52.4656,-7.3997,Ireland,IE,IRL,Kilkenny,Kilkenny,IE-KK,county,,13.8,,,4,Europe/Dublin,FALSE,1372858836
Stackallan,Stackallan,Sligh Colláin,53.6991,-6.6146,Ireland,IE,IRL,Meath,Meath,IE-MH,county,,35.3,,,4,Europe/Dublin,FALSE,1372782956
Lecarrow,Lecarrow,An Leithcheathrú,53.2133,-8.4936,Ireland,IE,IRL,Galway,Galway,IE-G,county,,24.2,,,4,Europe/Dublin,FALSE,1372336898
Gortawarla,Gortawarla,Gorlawarla,53.8571,-9.5373,Ireland,IE,IRL,Mayo,Mayo,IE-MO,county,,39.8,,,4,Europe/Dublin,FALSE,1372561031
Moyrus,Moyrus,Maíros,53.3400,-9.8697,Ireland,IE,IRL,Galway,Galway,IE-G,county,,17.9,,,4,Europe/Dublin,FALSE,1372153604
Milltown,Milltown,Baile an Mhuilinn,52.1419,-10.2897,Ireland,IE,IRL,Kerry,Kerry,IE-KY,county,,210.7,,,3,Europe/Dublin,FALSE,1372526680
Milltown,Milltown,Baile an Mhuilinn,52.1500,-9.7167,Ireland,IE,IRL,Kerry,Kerry,IE-KY,county,,84.2,,,4,Europe/Dublin,TRUE,1372629211
Wilson’s Bridge,Wilson's Bridge,,53.2031,-7.0256,Ireland,IE,IRL,Kildare,Kildare,IE-KE,county,,50.6,,,4,Europe/Dublin,FALSE,1372415510
Magheranagay,Magheranagay,,53.8066,-9.2975,Ireland,IE,IRL,Mayo,Mayo,IE-MO,county,,45.3,,,4,Europe/Dublin,FALSE,1372475599
Ballynahown,Ballynahown,Baile na hAbhann,53.2439,-9.5017,Ireland,IE,IRL,Galway,Galway,IE-G,county,,30.9,,,4,Europe/Dublin,FALSE,1372983056
Carnmalin,Carnmalin,,55.3500,-7.3333,Ireland,IE,IRL,Donegal,Donegal,IE-DL,county,,69.5,,,4,Europe/Dublin,FALSE,1372918639
Caherlane,Caherlane,,52.3447,-9.3075,Ireland,IE,IRL,Limerick,Limerick,IE-LC,city and county,,34.5,,,4,Europe/Dublin,FALSE,1372620099
Grange Hill,Grange Hill,,51.8639,-8.6431,Ireland,IE,IRL,Cork,Cork,IE-CO,county,,109.8,,,4,Europe/Dublin,FALSE,1372921979
Ballywilliam,Ballywilliam,,53.1083,-7.8767,Ireland,IE,IRL,Offaly,Offaly,IE-OY,county,,18.0,,,4,Europe/Dublin,FALSE,1372748354
Glengesh,Glengesh,Gleann Gheis,54.7408,-8.4469,Ireland,IE,IRL,Donegal,Donegal,IE-DL,county,,6.1,,,5,Europe/Dublin,FALSE,1372350174
Farranatreney,Farranatreney,,52.7269,-6.9831,Ireland,IE,IRL,Carlow,Carlow,IE-CW,county,,231.3,,,3,Europe/Dublin,FALSE,1372219686
Tinny Park,Tinny Park,,53.6833,-8.3833,Ireland,IE,IRL,Roscommon,Roscommon,IE-RN,county,,18.6,,,4,Europe/Dublin,FALSE,1372439805
The Harrow,The Harrow,,52.5644,-6.4397,Ireland,IE,IRL,Wexford,Wexford,IE-WX,county,,40.9,,,4,Europe/Dublin,FALSE,1372177985
Kilvanlon,Kilvanlon,,53.9168,-8.6262,Ireland,IE,IRL,Roscommon,Roscommon,IE-RN,county,,28.4,,,4,Europe/Dublin,FALSE,1372001776
Drumcormick,Drumcormick,,54.0789,-8.4139,Ireland,IE,IRL,Sligo,Sligo,IE-SO,county,,16.4,,,4,Europe/Dublin,FALSE,1372844258
Jack White’s Cross Roads,Jack White's Cross Roads,,52.8828,-6.0997,Ireland,IE,IRL,Wicklow,Wicklow,IE-WW,county,,29.5,,,4,Europe/Dublin,FALSE,1372129303
Bergins Bridge,Bergins Bridge,,53.1503,-7.1300,Ireland,IE,IRL,Laois,Laois,IE-LS,county,,68.1,,,4,Europe/Dublin,FALSE,1372368412
Finlaghtown Great,Finlaghtown Great,,53.5536,-6.7098,Ireland,IE,IRL,Meath,Meath,IE-MH,county,,35.9,,,4,Europe/Dublin,FALSE,1372967775
Pollboy,Pollboy,,54.3021,-8.2175,Ireland,IE,IRL,Leitrim,Leitrim,IE-LM,county,,20.7,,,4,Europe/Dublin,FALSE,1372000630
Rathmore,Rathmore,,51.5058,-9.3508,Ireland,IE,IRL,Cork,Cork,IE-CO,county,,22.2,,,4,Europe/Dublin,FALSE,1372396749
Aspealy Bridge,Aspealy Bridge,,52.2594,-6.4553,Ireland,IE,IRL,Wexford,Wexford,IE-WX,county,,60.2,,,4,Europe/Dublin,FALSE,1372584261
Ringroe,Ringroe,,52.9313,-8.3585,Ireland,IE,IRL,Clare,Clare,IE-CE,county,,32.9,,,4,Europe/Dublin,FALSE,1372000099
Coolnacon,Coolnacon,,52.4253,-6.7472,Ireland,IE,IRL,Wexford,Wexford,IE-WX,county,,30.9,,,4,Europe/Dublin,FALSE,1372028875
Mylane Cross Roads,Mylane Cross Roads,,51.8497,-8.6450,Ireland,IE,IRL,Cork,Cork,IE-CO,county,,47.9,,,4,Europe/Dublin,FALSE,1372365981
Maigh Mhuilinn,Maigh Mhuilinn,Mweewillin,53.8939,-9.9200,Ireland,IE,IRL,Mayo,Mayo,IE-MO,county,,4.6,,,5,Europe/Dublin,FALSE,1372437791
Ardnaree,Ardnaree,,55.0592,-7.6286,Ireland,IE,IRL,Donegal,Donegal,IE-DL,county,,24.0,,,4,Europe/Dublin,FALSE,1372059418
Shancurry,Shancurry,,54.0378,-8.0772,Ireland,IE,IRL,Leitrim,Leitrim,IE-LM,county,,41.9,,,4,Europe/Dublin,FALSE,1372819512
Killoveenoge,Killoveenoge,,51.6547,-9.5675,Ireland,IE,IRL,Cork,Cork,IE-CO,county,,16.8,,,4,Europe/Dublin,FALSE,1372124208
Aghtaboy,Aghtaboy,,53.8148,-8.8727,Ireland,IE,IRL,Mayo,Mayo,IE-MO,county,,26.6,,,4,Europe/Dublin,FALSE,1372001145
Breanabeg,Breanabeg,,53.8007,-8.5821,Ireland,IE,IRL,Roscommon,Roscommon,IE-RN,county,,12.0,,,4,Europe/Dublin,FALSE,1372001831
Knockaquirk,Knockaquirk,,52.9327,-6.0433,Ireland,IE,IRL,Wicklow,Wicklow,IE-WW,county,,50.4,,,4,Europe/Dublin,FALSE,1372001375
Killinick,Killinick,,52.2528,-6.4506,Ireland,IE,IRL,Wexford,Wexford,IE-WX,county,,55.5,,,4,Europe/Dublin,FALSE,1372094957
Rossanure,Rossanure,,52.9111,-8.6183,Ireland,IE,IRL,Clare,Clare,IE-CE,county,,26.8,,,4,Europe/Dublin,FALSE,1372923184
Galbertstown,Galbertstown,,52.6258,-7.8519,Ireland,IE,IRL,Tipperary,Tipperary,IE-TA,county,,36.6,,,4,Europe/Dublin,FALSE,1372513529
Donaskeagh,Donaskeagh,,52.5219,-8.0814,Ireland,IE,IRL,Tipperary,Tipperary,IE-TA,county,,35.9,,,4,Europe/Dublin,FALSE,1372346698
Knocknamucky,Knocknamucky,,52.9056,-8.9097,Ireland,IE,IRL,Clare,Clare,IE-CE,county,,29.7,,,4,Europe/Dublin,FALSE,1372423445
Bundorragha,Bundorragha,,53.6000,-9.7500,Ireland,IE,IRL,Mayo,Mayo,IE-MO,county,,2.6,,,5,Europe/Dublin,FALSE,1372212718
Grange Cross,Grange Cross,,54.0133,-6.1875,Ireland,IE,IRL,Louth,Louth,IE-LH,county,,103.8,,,4,Europe/Dublin,FALSE,1372062944
Casheltourly,Casheltourly,,53.8391,-8.8354,Ireland,IE,IRL,Mayo,Mayo,IE-MO,county,,32.2,,,4,Europe/Dublin,FALSE,1372000258
Kiltumper,Kiltumper,,52.7333,-9.3000,Ireland,IE,IRL,Clare,Clare,IE-CE,county,,15.7,,,4,Europe/Dublin,FALSE,1372397089
Dunmanoge,Dunmanoge,,52.8908,-6.9197,Ireland,IE,IRL,Kildare,Kildare,IE-KE,county,,29.8,,,4,Europe/Dublin,FALSE,1372647638