city,city_ascii,city_alt,lat,lng,country,iso2,iso3,admin_name,admin_name_ascii,admin_code,admin_type,capital,density,population,population_proper,ranking,timezone,same_name,id
Rimiškiai,Rimiskiai,Rimiškių|Rimishkyay,55.8220,24.0530,Lithuania,LT,LTU,Panevėžys,Panevezys,LT-33,district municipality,,16.9,72,72,4,Europe/Vilnius,FALSE,1440652268
Juostininkai,Juostininkai,Juostininkų|Yustiniki|Ioustininkay,55.6140,24.7470,Lithuania,LT,LTU,Anykščiai,Anyksciai,LT-04,district municipality,,13.6,71,71,4,Europe/Vilnius,FALSE,1440532081
Syderiai,Syderiai,Siderių|Sideriai|Sideray,55.8920,22.3140,Lithuania,LT,LTU,Telšiai,Telsiai,LT-51,district municipality,,27.4,71,71,4,Europe/Vilnius,FALSE,1440283111
Paršeliai,Parseliai,,54.6560,23.3240,Lithuania,LT,LTU,Marijampolė,Marijampole,LT-25,district municipality,,73.3,71,71,4,Europe/Vilnius,FALSE,1440828091
Mileikiškiai,Mileikiskiai,,55.6080,24.8060,Lithuania,LT,LTU,Anykščiai,Anyksciai,LT-04,district municipality,,13.6,71,71,4,Europe/Vilnius,FALSE,1440264542
Kalniniai Mijaugonys,Kalniniai Mijaugonys,Miyaugonis|Mijaugonys|Mijaugonių|Mijaugonio|Lapėnai|Kalniny,54.8000,24.6220,Lithuania,LT,LTU,Elektrénai,Elektrenai,LT-08,municipality,,26.8,71,71,4,Europe/Vilnius,FALSE,1440330706
Ringaliai,Ringaliai,Ringalyay|Ringalių,55.4230,22.3630,Lithuania,LT,LTU,Tauragė,Taurage,LT-50,district municipality,,31.6,71,71,4,Europe/Vilnius,FALSE,1440312436
Katinai,Katinai,,54.8150,23.3990,Lithuania,LT,LTU,Kazlų Rūdos,Kazlu Rudos,LT-17,municipality,,22.7,71,71,4,Europe/Vilnius,FALSE,1440850476
Kudonys,Kudonys,,54.7810,24.5640,Lithuania,LT,LTU,Kaišiadorys,Kaisiadorys,LT-13,district municipality,,26.8,71,71,4,Europe/Vilnius,FALSE,1440955227
Bartkūniškiai,Bartkuniskiai,Bartkūniškis,55.3056,23.9267,Lithuania,LT,LTU,Kėdainiai,Kedainiai,LT-18,district municipality,,27.3,71,71,3,Europe/Vilnius,FALSE,1440416942
Egėliškės,Egeliskes,,56.0870,23.0460,Lithuania,LT,LTU,Šiauliai,Siauliai,LT-44,district municipality,,50.3,71,71,4,Europe/Vilnius,FALSE,1440247255
Dauderiai,Dauderiai,Diauderiai,55.6200,23.6890,Lithuania,LT,LTU,Radviliškis,Radviliskis,LT-37,district municipality,,22.1,71,71,4,Europe/Vilnius,FALSE,1440224259
Iciūnai,Iciunai,,56.1610,24.2310,Lithuania,LT,LTU,Pasvalys,Pasvalys,LT-34,district municipality,,18.4,71,71,4,Europe/Vilnius,FALSE,1440574775
Kaniūkai,Kaniukai,,54.3670,24.1220,Lithuania,LT,LTU,Alytus,Alytus,LT-03,district municipality,,17.7,71,71,4,Europe/Vilnius,TRUE,1440556192
Ramoškiai,Ramoskiai,Ramoshkyay,56.3270,23.3990,Lithuania,LT,LTU,Joniškis,Joniskis,LT-11,district municipality,,19.1,71,71,4,Europe/Vilnius,FALSE,1440735623
Moliūnai,Moliunai,,55.9270,24.4750,Lithuania,LT,LTU,Pasvalys,Pasvalys,LT-34,district municipality,,18.4,70,70,4,Europe/Vilnius,FALSE,1440135725
Kreiviai,Kreiviai,Kreivių|Kreyvyay,55.2390,24.6220,Lithuania,LT,LTU,Ukmergė,Ukmerge,LT-53,district municipality,,24.2,70,70,4,Europe/Vilnius,FALSE,1440564807
Stragnai I,Stragnai I,,55.5610,21.3360,Lithuania,LT,LTU,Klaipėda,Klaipeda,LT-21,district municipality,,46.6,70,70,4,Europe/Vilnius,FALSE,1440372626
Didžiakaimis,Didziakaimis,,55.3890,25.0860,Lithuania,LT,LTU,Anykščiai,Anyksciai,LT-04,district municipality,,13.6,70,70,4,Europe/Vilnius,FALSE,1440833508
Pašventys,Pasventys,Pasventy,55.0830,22.6080,Lithuania,LT,LTU,Jurbarkas,Jurbarkas,LT-12,district municipality,,16.5,70,70,4,Europe/Vilnius,FALSE,1440224133
Sviloniai,Sviloniai,Svilonyay|Svilainyay|Svilainiai,55.0140,24.1310,Lithuania,LT,LTU,Jonava,Jonava,LT-10,district municipality,,44.9,70,70,4,Europe/Vilnius,FALSE,1440555182
Žižmai,Zizmai,Žižma,54.1700,25.6100,Lithuania,LT,LTU,Šalčininkai,Salcininkai,LT-42,district municipality,,20.3,70,70,4,Europe/Vilnius,FALSE,1440180028
Lazdiniai,Lazdiniai,,55.1920,26.6330,Lithuania,LT,LTU,Švenčionys,Svencionys,LT-49,district municipality,,14.2,70,70,4,Europe/Vilnius,FALSE,1440568402
Sodeliškiai,Sodeliskiai,Sodyalishkyay,56.2810,24.6440,Lithuania,LT,LTU,Biržai,Birzai,LT-06,district municipality,,15.7,70,70,4,Europe/Vilnius,FALSE,1440863191
Pasvaigė,Pasvaige,,56.0250,22.3070,Lithuania,LT,LTU,Telšiai,Telsiai,LT-51,district municipality,,27.4,70,70,4,Europe/Vilnius,FALSE,1440374948
Kunigiškiai,Kunigiskiai,Kunigishki,55.4580,22.0110,Lithuania,LT,LTU,Šilalė,Silale,LT-45,district municipality,,20.0,70,70,4,Europe/Vilnius,FALSE,1440681206
Pagojai,Pagojai,,55.9880,25.3620,Lithuania,LT,LTU,Rokiškis,Rokiskis,LT-40,district municipality,,16.6,70,70,4,Europe/Vilnius,FALSE,1440874747
Dekaniškės,Dekaniskes,,54.7760,25.6870,Lithuania,LT,LTU,Vilnius,Vilnius,LT-58,district municipality,,49.0,70,70,4,Europe/Vilnius,FALSE,1440700621
Sriauptai,Sriauptai,Strawpty|Sriauptų|Striuptai|Sikupyay,56.2220,21.3690,Lithuania,LT,LTU,Skuodas,Skuodas,LT-48,district municipality,,17.9,70,70,4,Europe/Vilnius,FALSE,1440217856
Mozūriškiai,Mozuriskiai,,54.9550,23.6592,Lithuania,LT,LTU,Kaunas,Kaunas,LT-16,district municipality,,61.6,70,70,4,Europe/Vilnius,FALSE,1440279866
Burniai,Burniai,,55.5960,22.6320,Lithuania,LT,LTU,Kelmė,Kelme,LT-19,district municipality,,16.0,70,70,4,Europe/Vilnius,FALSE,1440651348
Kuodžiai,Kuodziai,,55.9720,22.1190,Lithuania,LT,LTU,Telšiai,Telsiai,LT-51,district municipality,,27.4,70,70,4,Europe/Vilnius,FALSE,1440089231
Šafarka,Safarka,Shafarka,55.0060,24.2060,Lithuania,LT,LTU,Jonava,Jonava,LT-10,district municipality,,44.9,70,70,4,Europe/Vilnius,FALSE,1440262160
Meškėnai,Meskenai,,54.5440,23.4670,Lithuania,LT,LTU,Marijampolė,Marijampole,LT-25,district municipality,,73.3,70,70,4,Europe/Vilnius,FALSE,1440967988
Domantonys,Domantonys,Demontantsy|Domantonis|Domentonių,54.3830,24.1640,Lithuania,LT,LTU,Alytus,Alytus,LT-03,district municipality,,17.7,70,70,4,Europe/Vilnius,FALSE,1440668637
Buteliūnai,Buteliunai,,54.1920,23.6860,Lithuania,LT,LTU,Lazdijai,Lazdijai,LT-24,district municipality,,14.7,70,70,4,Europe/Vilnius,FALSE,1440846424
Miliūnai,Miliunai,Miliūnų|Milyuntsi,56.0280,25.6080,Lithuania,LT,LTU,Rokiškis,Rokiskis,LT-40,district municipality,,16.6,70,70,4,Europe/Vilnius,FALSE,1440772156
Ciūniškiai,Ciuniskiai,,55.0670,25.4490,Lithuania,LT,LTU,Molėtai,Moletai,LT-27,district municipality,,13.2,70,70,4,Europe/Vilnius,FALSE,1440012616
Mosteikiai,Mosteikiai,,55.3780,22.7350,Lithuania,LT,LTU,Jurbarkas,Jurbarkas,LT-12,district municipality,,16.5,70,70,4,Europe/Vilnius,FALSE,1440470116
Jaučiūnai,Jauciunai,Yauchyunay,56.1320,23.5700,Lithuania,LT,LTU,Joniškis,Joniskis,LT-11,district municipality,,19.1,70,70,4,Europe/Vilnius,FALSE,1440413441
Klišiai,Klisiai,,55.9160,25.3950,Lithuania,LT,LTU,Rokiškis,Rokiskis,LT-40,district municipality,,16.6,70,70,4,Europe/Vilnius,FALSE,1440960668
Noreikoniai,Noreikoniai,Nereykonyay|Nereikonys|Nereikoniai|Nereikonių|Nyareykonyay,56.0000,23.8920,Lithuania,LT,LTU,Pakruojis,Pakruojis,LT-30,district municipality,,15.0,70,70,4,Europe/Vilnius,FALSE,1440948341
Gudeliai,Gudeliai,Gudelyay|Gudelių|Gudele,54.1560,23.6110,Lithuania,LT,LTU,Lazdijai,Lazdijai,LT-24,district municipality,,14.7,70,70,4,Europe/Vilnius,FALSE,1440609812
Aleksandrava,Aleksandrava,Kėpšgiris|Kėbšgiris|Aleksandrovka,55.0230,22.8700,Lithuania,LT,LTU,Šakiai,Sakiai,LT-41,district municipality,,20.0,70,70,4,Europe/Vilnius,FALSE,1440144350
Valiuliai,Valiuliai,Valyule|Valuliai,54.9630,23.1120,Lithuania,LT,LTU,Šakiai,Sakiai,LT-41,district municipality,,20.0,70,70,4,Europe/Vilnius,FALSE,1440222634
Vosiškiai,Vosiskiai,Vošiškiai|Ivashyay|Ivashishki,55.0560,23.7780,Lithuania,LT,LTU,Kaunas,Kaunas,LT-16,district municipality,,61.6,70,70,4,Europe/Vilnius,FALSE,1440353151
Berniūnai,Berniunai,,55.2720,25.9600,Lithuania,LT,LTU,Švenčionys,Svencionys,LT-49,district municipality,,14.2,69,69,4,Europe/Vilnius,FALSE,1440770402
Mikėnai,Mikenai,,55.3310,24.6190,Lithuania,LT,LTU,Ukmergė,Ukmerge,LT-53,district municipality,,24.2,69,69,4,Europe/Vilnius,FALSE,1440153551
Papiškiai,Papiskiai,Papishkya,55.0770,22.8690,Lithuania,LT,LTU,Šakiai,Sakiai,LT-41,district municipality,,20.0,69,69,4,Europe/Vilnius,FALSE,1440700774
Ginučiai,Ginuciai,Ginučių|Ginuchya,55.3853,25.9947,Lithuania,LT,LTU,Ignalina,Ignalina,LT-09,district municipality,,11.1,69,69,3,Europe/Vilnius,FALSE,1440140248
Beištrakiai,Beistrakiai,Beištrakio|Beištrakai|Beyshtroki|Beištrakių,54.9140,24.3170,Lithuania,LT,LTU,Kaišiadorys,Kaisiadorys,LT-13,district municipality,,26.8,69,69,4,Europe/Vilnius,FALSE,1440974084
Būdviečiai,Budvieciai,Būdviečių|Budvetse-Vel’,54.9870,23.1470,Lithuania,LT,LTU,Šakiai,Sakiai,LT-41,district municipality,,20.0,69,69,4,Europe/Vilnius,FALSE,1440593746
Vingytė,Vingyte,,54.8250,23.9470,Lithuania,LT,LTU,Kaunas,Kaunas,LT-16,district municipality,,1767.9,69,69,3,Europe/Vilnius,FALSE,1440593423
Ašmenėlė,Asmenele,Ašmenelė,54.6290,25.5290,Lithuania,LT,LTU,Vilnius,Vilnius,LT-58,district municipality,,49.0,69,69,4,Europe/Vilnius,FALSE,1440198077
Spanėnai,Spanenai,Sponenay|Sponėnai,55.0560,24.2640,Lithuania,LT,LTU,Jonava,Jonava,LT-10,district municipality,,44.9,69,69,4,Europe/Vilnius,FALSE,1440633677
Nausodė,Nausode,,55.7320,24.2710,Lithuania,LT,LTU,Panevėžys,Panevezys,LT-33,district municipality,,1322.4,69,69,3,Europe/Vilnius,FALSE,1440602934
Sarosčiai,Sarosciai,Soraystse,55.2640,24.5940,Lithuania,LT,LTU,Ukmergė,Ukmerge,LT-53,district municipality,,24.2,69,69,4,Europe/Vilnius,FALSE,1440857042
Einoriai,Einoriai,Eynolyay|Einorių,56.0530,25.0690,Lithuania,LT,LTU,Biržai,Birzai,LT-06,district municipality,,15.7,69,69,4,Europe/Vilnius,FALSE,1440168827
Pašiliai II,Pasiliai II,Pašilių|Pašiliai|Poshilyay,55.4890,24.2350,Lithuania,LT,LTU,Panevėžys,Panevezys,LT-33,district municipality,,16.9,69,69,4,Europe/Vilnius,FALSE,1440055441
Gratiškės,Gratiskes,,54.7060,24.8920,Lithuania,LT,LTU,Trakai,Trakai,LT-52,district municipality,,44.9,69,69,4,Europe/Vilnius,FALSE,1440629613
Lapaliai,Lapaliai,Lapalės|Lapalių|Lapalyay,55.3940,21.4640,Lithuania,LT,LTU,Šilutė,Silute,LT-46,district municipality,,32.9,69,69,4,Europe/Vilnius,FALSE,1440320584
Degsnės,Degsnes,,54.3667,24.8000,Lithuania,LT,LTU,Varėna,Varena,LT-55,district municipality,,9.4,68,68,3,Europe/Vilnius,FALSE,1440855465
Naujienėlė,Naujienele,,54.3720,23.1970,Lithuania,LT,LTU,Kalvarija,Kalvarija,LT-14,municipality,,24.6,68,68,4,Europe/Vilnius,FALSE,1440178306
Pelkelė,Pelkele,,56.1610,22.8000,Lithuania,LT,LTU,Akmenė,Akmene,LT-01,district municipality,,23.3,68,68,4,Europe/Vilnius,FALSE,1440285164
Šeimyniškiai,Seimyniskiai,Semenishki|Šeimyniškeliai|Sheyminishkyay|Šeiminiškiai,55.5080,25.0500,Lithuania,LT,LTU,Anykščiai,Anyksciai,LT-04,district municipality,,13.6,68,68,4,Europe/Vilnius,FALSE,1440718045
Tvarkai,Tvarkai,,55.2640,24.7640,Lithuania,LT,LTU,Ukmergė,Ukmerge,LT-53,district municipality,,24.2,68,68,4,Europe/Vilnius,FALSE,1440404689
Geležiai,Geleziai,,54.7300,25.1530,Lithuania,LT,LTU,Vilnius,Vilnius,LT-58,district municipality,,49.0,68,68,4,Europe/Vilnius,TRUE,1440668528
Šilsodis,Silsodis,,54.4830,22.8800,Lithuania,LT,LTU,Vilkaviškis,Vilkaviskis,LT-56,district municipality,,29.1,68,68,4,Europe/Vilnius,FALSE,1440360977
Juodiškės,Juodiskes,,54.5510,25.4510,Lithuania,LT,LTU,Vilnius,Vilnius,LT-58,district municipality,,49.0,68,68,4,Europe/Vilnius,FALSE,1440175818
Tarpučiai I,Tarpuciai I,,54.7890,22.9300,Lithuania,LT,LTU,Šakiai,Sakiai,LT-41,district municipality,,28.0,68,68,4,Europe/Vilnius,FALSE,1440162224
Pilkapiai,Pilkapiai,,54.5330,25.6660,Lithuania,LT,LTU,Vilnius,Vilnius,LT-58,district municipality,,49.0,68,68,4,Europe/Vilnius,FALSE,1440287217
Kreivėnai,Kreivenai,,54.8370,25.5400,Lithuania,LT,LTU,Vilnius,Vilnius,LT-58,district municipality,,49.0,68,68,4,Europe/Vilnius,FALSE,1440508089
Tilžė,Tilze,,55.6603,26.5686,Lithuania,LT,LTU,Zarasai,Zarasai,LT-60,district municipality,,13.4,68,68,4,Europe/Vilnius,FALSE,1440616988
Sodeliai,Sodeliai,Sodelyay|Sodelių,56.0670,25.6210,Lithuania,LT,LTU,Rokiškis,Rokiskis,LT-40,district municipality,,16.6,68,68,4,Europe/Vilnius,FALSE,1440319354
Meišlaukiai,Meislaukiai,Mayshlyauken|Meyshlaukyay,55.2810,21.7080,Lithuania,LT,LTU,Šilutė,Silute,LT-46,district municipality,,32.9,68,68,4,Europe/Vilnius,FALSE,1440208783
Mikniškės,Mikniskes,,54.6160,24.8770,Lithuania,LT,LTU,Trakai,Trakai,LT-52,district municipality,,44.9,68,68,4,Europe/Vilnius,FALSE,1440865899
Akmeniškės,Akmeniskes,,54.5190,25.4710,Lithuania,LT,LTU,Vilnius,Vilnius,LT-58,district municipality,,49.0,68,68,4,Europe/Vilnius,FALSE,1440627429
Bastūnai I,Bastunai I,Bastūnai|Bastuny|Bastūnai Pirmieji,55.1780,25.1830,Lithuania,LT,LTU,Ukmergė,Ukmerge,LT-53,district municipality,,24.2,68,68,4,Europe/Vilnius,FALSE,1440546069
Daunoriai,Daunoriai,,56.0440,24.8170,Lithuania,LT,LTU,Biržai,Birzai,LT-06,district municipality,,15.7,68,68,4,Europe/Vilnius,FALSE,1440978223
Totorviečiai,Totorvieciai,Totorvechyay,54.8940,22.9140,Lithuania,LT,LTU,Šakiai,Sakiai,LT-41,district municipality,,20.0,68,68,4,Europe/Vilnius,FALSE,1440986298
Beinoriškis,Beinoriskis,,55.5170,23.5510,Lithuania,LT,LTU,Radviliškis,Radviliskis,LT-37,district municipality,,21.9,68,68,4,Europe/Vilnius,FALSE,1440982070
Aisėnai,Aisenai,Aysenay,55.5330,21.4310,Lithuania,LT,LTU,Šilutė,Silute,LT-46,district municipality,,32.9,68,68,4,Europe/Vilnius,FALSE,1440803613
Panarvė,Panarve,,54.2440,23.5500,Lithuania,LT,LTU,Lazdijai,Lazdijai,LT-24,district municipality,,14.7,67,67,4,Europe/Vilnius,FALSE,1440923527
Kreivukė,Kreivuke,Kreivoji,54.4060,23.1890,Lithuania,LT,LTU,Kalvarija,Kalvarija,LT-14,municipality,,24.6,67,67,4,Europe/Vilnius,FALSE,1440445675
Batkūnai,Batkunai,Patkunay|Batkūnų|Tautgailiai,55.7490,23.4420,Lithuania,LT,LTU,Radviliškis,Radviliskis,LT-37,district municipality,,22.1,67,67,4,Europe/Vilnius,FALSE,1440017235
Jaugeliškiai,Jaugeliskiai,Yaugelishkyay,55.1222,24.3097,Lithuania,LT,LTU,Jonava,Jonava,LT-10,district municipality,,44.9,67,67,3,Europe/Vilnius,FALSE,1440998369
Lačionys,Lacionys,Lesyantsy|Lačionių,54.4610,24.3330,Lithuania,LT,LTU,Alytus,Alytus,LT-03,district municipality,,17.7,67,67,4,Europe/Vilnius,FALSE,1440718758
Mockiai,Mockiai,,55.4610,21.3440,Lithuania,LT,LTU,Šilutė,Silute,LT-46,district municipality,,32.9,67,67,4,Europe/Vilnius,FALSE,1440514468
Čepurniškės,Cepurniskes,,54.5970,25.5820,Lithuania,LT,LTU,Vilnius,Vilnius,LT-58,district municipality,,49.0,67,67,4,Europe/Vilnius,FALSE,1440340480
Alantės,Alantes,Golonety|Alunčio|Alunčiai|Alautės,55.5200,24.5500,Lithuania,LT,LTU,Panevėžys,Panevezys,LT-33,district municipality,,16.9,67,67,4,Europe/Vilnius,FALSE,1440879774
Peteša,Petesa,,54.5640,25.3460,Lithuania,LT,LTU,Vilnius,Vilnius,LT-58,district municipality,,49.0,67,67,4,Europe/Vilnius,FALSE,1440787903
Sausininkai,Sausininkai,Sausininkay|Sauseniki|Sausininkų,54.5160,22.9620,Lithuania,LT,LTU,Vilkaviškis,Vilkaviskis,LT-56,district municipality,,29.1,67,67,4,Europe/Vilnius,FALSE,1440726512
Galintėnai,Galintenai,Galintėnų|Galintenay|Galentany,54.2750,24.0670,Lithuania,LT,LTU,Alytus,Alytus,LT-03,district municipality,,17.7,67,67,4,Europe/Vilnius,FALSE,1440746261
Medsėdžiai,Medsedziai,Medsėdžių|Medsedzhyay|Medsedy,56.0680,21.8170,Lithuania,LT,LTU,Plungė,Plunge,LT-35,district municipality,,35.6,67,67,4,Europe/Vilnius,FALSE,1440682652
Varnioniai,Varnioniai,Varnionyay|Varnionių,55.7320,23.5270,Lithuania,LT,LTU,Radviliškis,Radviliskis,LT-37,district municipality,,22.1,67,67,4,Europe/Vilnius,FALSE,1440520028
Ponkiškiai,Ponkiskiai,Ponkiškių|Pokiskis|Pankovitse,54.3500,23.6970,Lithuania,LT,LTU,Alytus,Alytus,LT-03,district municipality,,17.7,67,67,4,Europe/Vilnius,FALSE,1440631334
Pašiliai,Pasiliai,,55.4530,25.2190,Lithuania,LT,LTU,Anykščiai,Anyksciai,LT-04,district municipality,,13.6,67,67,4,Europe/Vilnius,FALSE,1440255608
Gaižėnėliai,Gaizeneliai,,54.9190,23.7000,Lithuania,LT,LTU,Kaunas,Kaunas,LT-16,district municipality,,61.6,67,67,4,Europe/Vilnius,FALSE,1440014533
Cigoniškiai,Cigoniskiai,,54.3310,23.8390,Lithuania,LT,LTU,Alytus,Alytus,LT-03,district municipality,,17.7,67,67,4,Europe/Vilnius,FALSE,1440374875
Antalkiai,Antalkiai,Shudze|Shudchyay,55.0280,23.6440,Lithuania,LT,LTU,Kaunas,Kaunas,LT-16,district municipality,,61.6,67,67,4,Europe/Vilnius,FALSE,1440092318
Nemajūnai,Nemajunai,Nemanyuny|Nemaniūnai|Nemanyunay|Nemaniūnų|Niemoniuny,54.5580,24.0780,Lithuania,LT,LTU,Birštonas,Birstonas,LT-05,municipality,,23.5,67,67,4,Europe/Vilnius,FALSE,1440758254
Smilgiai,Smilgiai,,54.8740,23.2420,Lithuania,LT,LTU,Šakiai,Sakiai,LT-41,district municipality,,20.0,67,67,4,Europe/Vilnius,FALSE,1440694712
Kūjainiai,Kujainiai,Kraynyay,55.7600,22.3840,Lithuania,LT,LTU,Telšiai,Telsiai,LT-51,district municipality,,27.4,67,67,4,Europe/Vilnius,FALSE,1440252257
Peleniai,Peleniai,,54.9780,24.0360,Lithuania,LT,LTU,Kaunas,Kaunas,LT-16,district municipality,,61.6,67,67,4,Europe/Vilnius,FALSE,1440642241
Lėbartai,Lebartai,Löbardten|Dėckiai|Lyubartay,55.6670,21.3000,Lithuania,LT,LTU,Klaipėda,Klaipeda,LT-21,district municipality,,46.6,66,66,4,Europe/Vilnius,FALSE,1440895721
Stašėnai,Stasenai,Stashenyay,55.0560,24.2110,Lithuania,LT,LTU,Jonava,Jonava,LT-10,district municipality,,44.9,66,66,4,Europe/Vilnius,FALSE,1440673533
Mantvydai,Mantvydai,Mantviley|Mantviday,55.4780,21.4610,Lithuania,LT,LTU,Šilutė,Silute,LT-46,district municipality,,32.9,66,66,4,Europe/Vilnius,FALSE,1440069241
Petkaičiai,Petkaiciai,Petkaychyay,55.3590,22.6490,Lithuania,LT,LTU,Jurbarkas,Jurbarkas,LT-12,district municipality,,22.1,66,66,4,Europe/Vilnius,FALSE,1440171819
Puoriai,Puoriai,Puorai|Porai|Pory,54.9870,24.9720,Lithuania,LT,LTU,Širvintos,Sirvintos,LT-47,district municipality,,17.9,66,66,4,Europe/Vilnius,FALSE,1440044643
Kušlėnai,Kuslenai,,56.3590,22.2570,Lithuania,LT,LTU,Mažeikiai,Mazeikiai,LT-26,district municipality,,40.2,66,66,4,Europe/Vilnius,FALSE,1440287142
Payslykis,Payslykis,Paislikio|Paisiklis,56.1750,24.2670,Lithuania,LT,LTU,Pasvalys,Pasvalys,LT-34,district municipality,,18.4,66,66,4,Europe/Vilnius,FALSE,1440657987
Rimšoniai,Rimsoniai,,56.0280,23.9700,Lithuania,LT,LTU,Pakruojis,Pakruojis,LT-30,district municipality,,15.0,66,66,4,Europe/Vilnius,TRUE,1440000080
Karklupėnai,Karklupenai,Karklupienų|Karklupyany|Karklupėnų|Karklupenay,54.5760,22.7880,Lithuania,LT,LTU,Vilkaviškis,Vilkaviskis,LT-56,district municipality,,29.1,66,66,4,Europe/Vilnius,FALSE,1440830135
Talkotiškės,Talkotiskes,,54.6200,25.3640,Lithuania,LT,LTU,Vilnius,Vilnius,LT-58,district municipality,,49.0,66,66,4,Europe/Vilnius,FALSE,1440378064
Juodžiai,Juodziai,,55.3390,21.7670,Lithuania,LT,LTU,Šilutė,Silute,LT-46,district municipality,,32.9,66,66,4,Europe/Vilnius,FALSE,1440338012
Aleksandruvka,Aleksandruvka,,54.9140,24.1670,Lithuania,LT,LTU,Kaišiadorys,Kaisiadorys,LT-13,district municipality,,26.8,66,66,4,Europe/Vilnius,FALSE,1440116773
Peluodžiai,Peluodziai,Pyaluodzhyay,56.1550,23.7570,Lithuania,LT,LTU,Pakruojis,Pakruojis,LT-30,district municipality,,15.0,66,66,4,Europe/Vilnius,FALSE,1440960960
Ignacava,Ignacava,,54.6500,23.9470,Lithuania,LT,LTU,Prienai,Prienai,LT-36,district municipality,,24.8,66,66,4,Europe/Vilnius,FALSE,1440042216
Tabarai,Tabarai,,54.4520,23.1450,Lithuania,LT,LTU,Kalvarija,Kalvarija,LT-14,municipality,,24.6,66,66,4,Europe/Vilnius,FALSE,1440656774
Papiškiai,Papiskiai,Papishki|Papiškių,54.9330,23.6220,Lithuania,LT,LTU,Kaunas,Kaunas,LT-16,district municipality,,61.6,66,66,4,Europe/Vilnius,FALSE,1440986901
Staneliai,Staneliai,Stanyalyay,56.1630,23.4110,Lithuania,LT,LTU,Joniškis,Joniskis,LT-11,district municipality,,19.1,66,66,4,Europe/Vilnius,FALSE,1440791961
Vygreliai,Vygreliai,Vygris|Vigrele,54.4056,22.9194,Lithuania,LT,LTU,Vilkaviškis,Vilkaviskis,LT-56,district municipality,,29.1,66,66,4,Europe/Vilnius,FALSE,1440578525
Burniškiai,Burniskiai,Burnishki,54.9710,24.6820,Lithuania,LT,LTU,Širvintos,Sirvintos,LT-47,district municipality,,19.0,66,66,4,Europe/Vilnius,FALSE,1440234475
Jasauskai,Jasauskai,,54.1031,24.7531,Lithuania,LT,LTU,Varėna,Varena,LT-55,district municipality,,9.4,66,66,3,Europe/Vilnius,FALSE,1440640730
Dvarčėnai,Dvarcenai,,54.3440,24.3330,Lithuania,LT,LTU,Alytus,Alytus,LT-03,district municipality,,17.7,66,66,4,Europe/Vilnius,FALSE,1440492261
Palūšniai,Palusniai,,55.9320,25.5930,Lithuania,LT,LTU,Rokiškis,Rokiskis,LT-40,district municipality,,16.6,66,66,4,Europe/Vilnius,FALSE,1440808028
Šilavotas,Silavotas,,54.4900,23.3110,Lithuania,LT,LTU,Marijampolė,Marijampole,LT-25,district municipality,,73.3,66,66,4,Europe/Vilnius,FALSE,1440981997
Brazavas,Brazavas,Braziai|Brazavo|Brzhozovaya,54.3780,23.1720,Lithuania,LT,LTU,Kalvarija,Kalvarija,LT-14,municipality,,24.6,66,66,4,Europe/Vilnius,FALSE,1440539047
Kaliekiai,Kaliekiai,Kaliekių|Kalekiai|Kalekyay|Kaleikiai|Kaliyekyay,55.5370,25.5290,Lithuania,LT,LTU,Utena,Utena,LT-54,district municipality,,32.5,66,66,4,Europe/Vilnius,FALSE,1440605169
Paežerys I,Paezerys I,Paežerys II,55.7590,24.4210,Lithuania,LT,LTU,Panevėžys,Panevezys,LT-33,district municipality,,16.9,66,66,4,Europe/Vilnius,FALSE,1440155666
Mackiai,Mackiai,Matskyay|Mats’ki,54.4920,23.8330,Lithuania,LT,LTU,Prienai,Prienai,LT-36,district municipality,,24.8,66,66,4,Europe/Vilnius,FALSE,1440407023
Daumantiškiai,Daumantiskiai,,55.1440,24.7330,Lithuania,LT,LTU,Ukmergė,Ukmerge,LT-53,district municipality,,24.2,65,65,4,Europe/Vilnius,FALSE,1440900980
Mateikiškiai,Mateikiskiai,Mareykishkyay|Mateikiškių|Mateykishki,55.2030,25.0500,Lithuania,LT,LTU,Ukmergė,Ukmerge,LT-53,district municipality,,24.2,65,65,4,Europe/Vilnius,FALSE,1440561102
Rimšėnai,Rimsenai,Rymshan’tse,55.3850,26.2170,Lithuania,LT,LTU,Ignalina,Ignalina,LT-09,district municipality,,11.1,65,65,4,Europe/Vilnius,FALSE,1440945323
Biliūnai,Biliunai,,54.6820,22.9340,Lithuania,LT,LTU,Vilkaviškis,Vilkaviskis,LT-56,district municipality,,29.1,65,65,4,Europe/Vilnius,FALSE,1440926554
Suginčiai,Suginciai,Suginčių|Suginchyay,56.3610,22.8940,Lithuania,LT,LTU,Akmenė,Akmene,LT-01,district municipality,,23.3,65,65,4,Europe/Vilnius,FALSE,1440970661
Pozingiai,Pozingiai,Pozerunay,55.5890,21.4690,Lithuania,LT,LTU,Klaipėda,Klaipeda,LT-21,district municipality,,46.6,65,65,4,Europe/Vilnius,FALSE,1440389771
Paviešečiai,Pavieseciai,,55.7153,24.2722,Lithuania,LT,LTU,Panevėžys,Panevezys,LT-33,district municipality,,1062.1,65,65,3,Europe/Vilnius,FALSE,1440402394
Gilaičiai,Gilaiciai,Gilaičių|Gilaychyay|Gielajcie,56.0740,21.7570,Lithuania,LT,LTU,Plungė,Plunge,LT-35,district municipality,,35.6,65,65,4,Europe/Vilnius,FALSE,1440842406
Naršėnai,Narsenai,,55.6880,25.8640,Lithuania,LT,LTU,Zarasai,Zarasai,LT-60,district municipality,,13.4,65,65,4,Europe/Vilnius,FALSE,1440178645
Užuožeriai,Uzuozeriai,Uzhuozheryay|Užuožerių|Ūžuožeriai,55.8110,23.6780,Lithuania,LT,LTU,Radviliškis,Radviliskis,LT-37,district municipality,,22.1,65,65,4,Europe/Vilnius,FALSE,1440684258
Letūkai,Letukai,,55.8580,21.1250,Lithuania,LT,LTU,Klaipėda,Klaipeda,LT-21,district municipality,,46.6,65,65,4,Europe/Vilnius,FALSE,1440822337
Bildeniai,Bildeniai,Bel’deny,55.3310,22.5890,Lithuania,LT,LTU,Tauragė,Taurage,LT-50,district municipality,,31.6,65,65,4,Europe/Vilnius,FALSE,1440332274
Geležiniai,Geleziniai,,54.4800,23.4810,Lithuania,LT,LTU,Marijampolė,Marijampole,LT-25,district municipality,,73.3,65,65,4,Europe/Vilnius,FALSE,1440478662
Kantališkiai,Kantaliskiai,,54.6360,23.4330,Lithuania,LT,LTU,Marijampolė,Marijampole,LT-25,district municipality,,73.3,65,65,4,Europe/Vilnius,FALSE,1440310941
Janionys,Janionys,,55.4070,26.3650,Lithuania,LT,LTU,Ignalina,Ignalina,LT-09,district municipality,,11.1,65,65,4,Europe/Vilnius,FALSE,1440635407
Ruskiai,Ruskiai,Ruškiai,55.6300,22.2060,Lithuania,LT,LTU,Šilalė,Silale,LT-45,district municipality,,20.0,65,65,4,Europe/Vilnius,FALSE,1440136808
Okslindžiai,Okslindziai,,55.2920,21.6190,Lithuania,LT,LTU,Šilutė,Silute,LT-46,district municipality,,32.9,65,65,4,Europe/Vilnius,FALSE,1440384330
Inkilai,Inkilai,Inkilay,55.2360,24.8750,Lithuania,LT,LTU,Ukmergė,Ukmerge,LT-53,district municipality,,24.2,65,65,4,Europe/Vilnius,FALSE,1440671172
Širvydai,Sirvydai,,54.5070,23.1880,Lithuania,LT,LTU,Marijampolė,Marijampole,LT-25,district municipality,,73.3,65,65,4,Europe/Vilnius,FALSE,1440789212
Akuočiai,Akuociai,,54.2530,23.7920,Lithuania,LT,LTU,Lazdijai,Lazdijai,LT-24,district municipality,,14.7,65,65,4,Europe/Vilnius,FALSE,1440851401
Bajoraičiai,Bajoraiciai,,54.8330,22.8800,Lithuania,LT,LTU,Šakiai,Sakiai,LT-41,district municipality,,9.7,65,65,4,Europe/Vilnius,FALSE,1440105721
Mielaičiai,Mielaiciai,Melaičiai|Melaychyay,56.1870,23.6850,Lithuania,LT,LTU,Joniškis,Joniskis,LT-11,district municipality,,19.1,65,65,4,Europe/Vilnius,FALSE,1440483531
Kirsnelė,Kirsnele,,54.3310,23.4280,Lithuania,LT,LTU,Lazdijai,Lazdijai,LT-24,district municipality,,14.7,65,65,4,Europe/Vilnius,FALSE,1440683957
Kampiškiai,Kampiskiai,,54.5970,24.0410,Lithuania,LT,LTU,Birštonas,Birstonas,LT-05,municipality,,33.4,65,65,4,Europe/Vilnius,FALSE,1440003384
Tartupis,Tartupis,,54.5940,23.8250,Lithuania,LT,LTU,Prienai,Prienai,LT-36,district municipality,,24.8,65,65,4,Europe/Vilnius,FALSE,1440081882
Butvydonys,Butvydonys,,54.2667,24.8167,Lithuania,LT,LTU,Varėna,Varena,LT-55,district municipality,,9.4,65,65,3,Europe/Vilnius,FALSE,1440362488
Klipščiai,Klipsciai,,55.7530,21.1780,Lithuania,LT,LTU,Klaipėda,Klaipeda,LT-21,district municipality,,1204.0,65,65,3,Europe/Vilnius,FALSE,1440887101
Martinava,Martinava,Martynov,54.9310,24.0640,Lithuania,LT,LTU,Kaunas,Kaunas,LT-16,district municipality,,61.6,65,65,4,Europe/Vilnius,FALSE,1440377493
Vareikoniai,Vareikoniai,Varekoniai|Verekany|Verekanay,55.0970,23.7780,Lithuania,LT,LTU,Kaunas,Kaunas,LT-16,district municipality,,61.6,65,65,4,Europe/Vilnius,FALSE,1440492046
Klepočiai,Klepociai,,54.1190,23.5810,Lithuania,LT,LTU,Lazdijai,Lazdijai,LT-24,district municipality,,14.7,64,64,4,Europe/Vilnius,FALSE,1440348239
Barklainiai,Barklainiai,Berklainiai|Byarklaynyay,56.0880,24.5730,Lithuania,LT,LTU,Pasvalys,Pasvalys,LT-34,district municipality,,18.4,64,64,4,Europe/Vilnius,FALSE,1440746651
Šakiniai,Sakiniai,Shakinay,55.7390,21.3360,Lithuania,LT,LTU,Klaipėda,Klaipeda,LT-21,district municipality,,46.6,64,64,4,Europe/Vilnius,FALSE,1440550839
Antandraja,Antandraja,,55.6130,25.7670,Lithuania,LT,LTU,Utena,Utena,LT-54,district municipality,,32.5,64,64,4,Europe/Vilnius,FALSE,1440031989
Gudulinė,Guduline,,54.9120,25.0380,Lithuania,LT,LTU,Širvintos,Sirvintos,LT-47,district municipality,,17.9,64,64,4,Europe/Vilnius,FALSE,1440088635
Akmenytė,Akmenyte,,54.6430,25.4320,Lithuania,LT,LTU,Vilnius,Vilnius,LT-58,district municipality,,49.0,64,64,4,Europe/Vilnius,FALSE,1440815692
Užlaukė,Uzlauke,Uzhlaukey|Uzhlauke,55.3970,21.6560,Lithuania,LT,LTU,Šilutė,Silute,LT-46,district municipality,,32.9,64,64,4,Europe/Vilnius,FALSE,1440879979
Pašuliai,Pasuliai,Poshule,54.9170,24.3080,Lithuania,LT,LTU,Kaišiadorys,Kaisiadorys,LT-13,district municipality,,26.8,64,64,4,Europe/Vilnius,FALSE,1440709752
Žeruoliai,Zeruoliai,,55.2860,24.7110,Lithuania,LT,LTU,Ukmergė,Ukmerge,LT-53,district municipality,,24.2,64,64,4,Europe/Vilnius,FALSE,1440902521
Roliai,Roliai,Ralle,54.3190,23.5360,Lithuania,LT,LTU,Lazdijai,Lazdijai,LT-24,district municipality,,14.7,64,64,4,Europe/Vilnius,FALSE,1440055661
Akmenskinė,Akmenskine,,55.8320,22.1280,Lithuania,LT,LTU,Rietavas,Rietavas,LT-39,municipality,,35.6,64,64,4,Europe/Vilnius,FALSE,1440131559
Dainava,Dainava,Daynovo|Dajnava|Daynava,54.2500,24.9639,Lithuania,LT,LTU,Šalčininkai,Salcininkai,LT-42,district municipality,,20.3,64,64,4,Europe/Vilnius,FALSE,1440563858
Šilvėnai,Silvenai,Šilvėnų|Shilveny,55.0540,23.2610,Lithuania,LT,LTU,Šakiai,Sakiai,LT-41,district municipality,,20.0,64,64,4,Europe/Vilnius,FALSE,1440001999
Paliepiai,Paliepiai,Polepe|Palipių|Paliepių,54.4890,24.1580,Lithuania,LT,LTU,Alytus,Alytus,LT-03,district municipality,,17.7,64,64,4,Europe/Vilnius,FALSE,1440110019
Agurkiškė,Agurkiske,Ogurkishki,54.8480,23.5450,Lithuania,LT,LTU,Kazlų Rūdos,Kazlu Rudos,LT-17,municipality,,22.7,64,64,4,Europe/Vilnius,FALSE,1440873927
Buitūnai,Buitunai,,55.3830,25.7210,Lithuania,LT,LTU,Utena,Utena,LT-54,district municipality,,32.4,64,64,4,Europe/Vilnius,FALSE,1440459449
Katkūnai,Katkunai,Katkuchi,55.9870,24.1330,Lithuania,LT,LTU,Pasvalys,Pasvalys,LT-34,district municipality,,18.4,64,64,4,Europe/Vilnius,FALSE,1440600482
Meldiniai,Meldiniai,Mel’dinyay|Meldynių,55.8600,23.8820,Lithuania,LT,LTU,Pakruojis,Pakruojis,LT-30,district municipality,,15.0,64,64,4,Europe/Vilnius,FALSE,1440093783
Alionys II,Alionys II,,55.0390,25.1180,Lithuania,LT,LTU,Širvintos,Sirvintos,LT-47,district municipality,,17.9,64,64,4,Europe/Vilnius,FALSE,1440240681
Leilėnai,Leilenai,Leylenay|Leilienų|Lejlany,56.0600,22.6250,Lithuania,LT,LTU,Telšiai,Telsiai,LT-51,district municipality,,27.4,64,64,4,Europe/Vilnius,FALSE,1440077382
Vaiškūnai,Vaiskunai,Voyshkuny,55.1260,26.0970,Lithuania,LT,LTU,Švenčionys,Svencionys,LT-49,district municipality,,14.2,64,64,4,Europe/Vilnius,FALSE,1440601817
Pulstakai,Pulstakai,,54.2669,25.0150,Lithuania,LT,LTU,Šalčininkai,Salcininkai,LT-42,district municipality,,20.3,64,64,4,Europe/Vilnius,FALSE,1440627747
Natiškiai,Natiskiai,Natiškių|Natishkyay,55.9500,24.7110,Lithuania,LT,LTU,Biržai,Birzai,LT-06,district municipality,,15.7,64,64,4,Europe/Vilnius,FALSE,1440221999
Ivangėnai,Ivangenai,Ivongenay,55.4139,22.6111,Lithuania,LT,LTU,Tauragė,Taurage,LT-50,district municipality,,31.6,64,64,4,Europe/Vilnius,FALSE,1440890404
Šeduikiai,Seduikiai,,55.4580,25.7300,Lithuania,LT,LTU,Utena,Utena,LT-54,district municipality,,32.5,64,64,4,Europe/Vilnius,FALSE,1440875109
Mičiūnai,Miciunai,,54.6970,24.3690,Lithuania,LT,LTU,Kaišiadorys,Kaisiadorys,LT-13,district municipality,,26.8,64,64,4,Europe/Vilnius,FALSE,1440939278
Javydoniai,Javydoniai,Yavidonyay,56.1910,24.0910,Lithuania,LT,LTU,Pakruojis,Pakruojis,LT-30,district municipality,,15.0,64,64,4,Europe/Vilnius,FALSE,1440419419
Stanikūnai,Stanikunai,,56.0340,25.2120,Lithuania,LT,LTU,Rokiškis,Rokiskis,LT-40,district municipality,,16.6,63,63,4,Europe/Vilnius,FALSE,1440597784
Vičiūnai,Viciunai,,54.9840,25.1040,Lithuania,LT,LTU,Širvintos,Sirvintos,LT-47,district municipality,,17.9,63,63,4,Europe/Vilnius,FALSE,1440758929
Juškonys,Juskonys,,54.0239,23.7393,Lithuania,LT,LTU,Lazdijai,Lazdijai,LT-24,district municipality,,14.7,63,63,4,Europe/Vilnius,FALSE,1440569462
Nuomininkai,Nuomininkai,Nudmininkai|Numenikay,55.5430,22.5400,Lithuania,LT,LTU,Šilalė,Silale,LT-45,district municipality,,20.0,63,63,4,Europe/Vilnius,FALSE,1440896015
Mažieji Mostaičiai,Mazieji Mostaiciai,Mostaičiai Mažieji|Mazheyi-Mostaychey,55.8110,21.7070,Lithuania,LT,LTU,Plungė,Plunge,LT-35,district municipality,,35.6,63,63,4,Europe/Vilnius,FALSE,1440097268
Čižiūnai,Ciziunai,Čižiūnų|Chizhuny,54.4250,24.2810,Lithuania,LT,LTU,Alytus,Alytus,LT-03,district municipality,,17.7,63,63,4,Europe/Vilnius,FALSE,1440614379
Ramanava,Ramanava,,54.5060,24.5710,Lithuania,LT,LTU,Trakai,Trakai,LT-52,district municipality,,44.9,63,63,4,Europe/Vilnius,FALSE,1440570144
Kalikstiškės,Kalikstiskes,,54.8510,25.1590,Lithuania,LT,LTU,Vilnius,Vilnius,LT-58,district municipality,,49.0,63,63,4,Europe/Vilnius,FALSE,1440511235
Didieji Ibėnai,Didieji Ibenai,Nikol’skaya|Nikolskaja Sloboda,55.0610,23.9280,Lithuania,LT,LTU,Kaunas,Kaunas,LT-16,district municipality,,61.6,63,63,4,Europe/Vilnius,FALSE,1440207008
Levaniškės,Levaniskes,,54.9120,25.1020,Lithuania,LT,LTU,Širvintos,Sirvintos,LT-47,district municipality,,17.9,63,63,4,Europe/Vilnius,FALSE,1440355199
Zabaka,Zabaka,,54.7500,24.8530,Lithuania,LT,LTU,Elektrénai,Elektrenai,LT-08,municipality,,70.0,63,63,4,Europe/Vilnius,FALSE,1440339314
Eiskudžiai,Eiskudziai,Yeyskudzhyay|Eiskudžių,56.1190,25.1170,Lithuania,LT,LTU,Biržai,Birzai,LT-06,district municipality,,15.7,63,63,4,Europe/Vilnius,FALSE,1440196523
Belvederis,Belvederis,Belvėderis,55.0830,23.3900,Lithuania,LT,LTU,Jurbarkas,Jurbarkas,LT-12,district municipality,,17.5,63,63,4,Europe/Vilnius,FALSE,1440004167
Akmenėliai,Akmeneliai,Akmyanyalyay,56.2560,23.9980,Lithuania,LT,LTU,Pakruojis,Pakruojis,LT-30,district municipality,,15.0,63,63,4,Europe/Vilnius,FALSE,1440182540
Darželiai,Darzeliai,Drezheli|Darzhelyay,54.0167,24.3333,Lithuania,LT,LTU,Varėna,Varena,LT-55,district municipality,,9.4,63,63,3,Europe/Vilnius,FALSE,1440368681
Dangvietai,Dangvietai,Dongvetay,55.7990,22.6440,Lithuania,LT,LTU,Kelmė,Kelme,LT-19,district municipality,,16.0,63,63,4,Europe/Vilnius,FALSE,1440328845
Akmeniai,Akmeniai,Akmenyay,55.0570,24.9100,Lithuania,LT,LTU,Širvintos,Sirvintos,LT-47,district municipality,,17.9,63,63,4,Europe/Vilnius,FALSE,1440639357
Ežeikiai,Ezeikiai,Ezheykyay,56.2120,23.5460,Lithuania,LT,LTU,Joniškis,Joniskis,LT-11,district municipality,,19.1,63,63,4,Europe/Vilnius,FALSE,1440416507
Repšėnai,Repsenai,,55.4919,24.8419,Lithuania,LT,LTU,Anykščiai,Anyksciai,LT-04,district municipality,,13.6,63,63,4,Europe/Vilnius,FALSE,1440087074
Ritiniai,Ritiniai,,55.0030,22.9960,Lithuania,LT,LTU,Šakiai,Sakiai,LT-41,district municipality,,20.0,63,63,4,Europe/Vilnius,FALSE,1440915948
Urnėžiai,Urneziai,Urnyazhyay|Urnyazhe,55.1360,23.8440,Lithuania,LT,LTU,Kaunas,Kaunas,LT-16,district municipality,,61.6,63,63,4,Europe/Vilnius,FALSE,1440634335
Putriškiai,Putriskiai,Petrishki|Putriškių,54.5200,23.4630,Lithuania,LT,LTU,Marijampolė,Marijampole,LT-25,district municipality,,73.3,63,63,4,Europe/Vilnius,FALSE,1440530492
Skliaustė,Skliauste,,56.3580,21.9530,Lithuania,LT,LTU,Skuodas,Skuodas,LT-48,district municipality,,17.9,63,63,4,Europe/Vilnius,FALSE,1440477992
Barvai,Barvai,Gross Barvey|Barvay,55.4220,21.5250,Lithuania,LT,LTU,Šilutė,Silute,LT-46,district municipality,,32.9,63,63,4,Europe/Vilnius,FALSE,1440808437
Grineidžiai,Grineidziai,Grineydy,55.2236,22.3028,Lithuania,LT,LTU,Tauragė,Taurage,LT-50,district municipality,,31.6,63,63,4,Europe/Vilnius,FALSE,1440414698
Linkos,Linkos,,54.7270,25.5740,Lithuania,LT,LTU,Vilnius,Vilnius,LT-58,district municipality,,49.0,63,63,4,Europe/Vilnius,FALSE,1440155118
Balandiškės,Balandiskes,,54.4380,25.5010,Lithuania,LT,LTU,Šalčininkai,Salcininkai,LT-42,district municipality,,20.3,63,63,4,Europe/Vilnius,TRUE,1440556681
Gerviečiai,Gervieciai,Gerviečių|Gervichyay,55.3320,22.5080,Lithuania,LT,LTU,Tauragė,Taurage,LT-50,district municipality,,31.6,63,63,4,Europe/Vilnius,FALSE,1440528600
Sidariai,Sidariai,Sidorai|Sideryay|Sideriai|Siderių|Sidarai,55.7320,23.3090,Lithuania,LT,LTU,Radviliškis,Radviliskis,LT-37,district municipality,,22.1,62,62,4,Europe/Vilnius,FALSE,1440137563
Jasvilonys,Jasvilonys,Yasvilantsy|Jasvylonys,55.7170,24.7070,Lithuania,LT,LTU,Panevėžys,Panevezys,LT-33,district municipality,,16.9,62,62,4,Europe/Vilnius,FALSE,1440054328
Vinkšniniai,Vinksniniai,Vinkšninių|Vinkshninyay|Vinkšnynų,56.2250,24.8890,Lithuania,LT,LTU,Biržai,Birzai,LT-06,district municipality,,15.7,62,62,4,Europe/Vilnius,FALSE,1440794446
Medomiškiai,Medomiskiai,Medomiškių|Miesto Medomiszki,56.0470,21.2190,Lithuania,LT,LTU,Kretinga,Kretinga,LT-22,district municipality,,38.5,62,62,4,Europe/Vilnius,FALSE,1440689874
Kuršiai,Kursiai,Kurshi|Kurshyay,55.6110,23.2100,Lithuania,LT,LTU,Kelmė,Kelme,LT-19,district municipality,,16.0,62,62,4,Europe/Vilnius,FALSE,1440599045
Slabada,Slabada,,54.5167,25.5667,Lithuania,LT,LTU,Vilnius,Vilnius,LT-58,district municipality,,49.0,62,62,4,Europe/Vilnius,TRUE,1440930436
Čekėnai,Cekenai,,54.5810,25.3720,Lithuania,LT,LTU,Vilnius,Vilnius,LT-58,district municipality,,49.0,62,62,4,Europe/Vilnius,FALSE,1440601010
Perkaliai,Perkaliai,,55.3280,25.1720,Lithuania,LT,LTU,Molėtai,Moletai,LT-27,district municipality,,13.2,62,62,4,Europe/Vilnius,FALSE,1440362791
Apušotas,Apusotas,,54.6810,23.9780,Lithuania,LT,LTU,Prienai,Prienai,LT-36,district municipality,,24.8,62,62,4,Europe/Vilnius,FALSE,1440109511
Užkirčiai,Uzkirciai,,54.5540,23.2410,Lithuania,LT,LTU,Marijampolė,Marijampole,LT-25,district municipality,,73.3,62,62,4,Europe/Vilnius,FALSE,1440794549
Navininkai,Navininkai,Noviniki|Navinykių|Navininkų,54.3250,23.2690,Lithuania,LT,LTU,Kalvarija,Kalvarija,LT-14,municipality,,24.6,62,62,4,Europe/Vilnius,FALSE,1440456304
Žalvarniai,Zalvarniai,,54.7860,24.4500,Lithuania,LT,LTU,Kaišiadorys,Kaisiadorys,LT-13,district municipality,,26.8,62,62,4,Europe/Vilnius,FALSE,1440983523
Rudžionys,Rudzionys,Rudzyany,55.1940,26.0590,Lithuania,LT,LTU,Švenčionys,Svencionys,LT-49,district municipality,,14.2,62,62,4,Europe/Vilnius,FALSE,1440636562
Kalniškės,Kalniskes,Kal’nishki,54.8830,24.4890,Lithuania,LT,LTU,Kaišiadorys,Kaisiadorys,LT-13,district municipality,,26.8,62,62,4,Europe/Vilnius,FALSE,1440968254
Liepalotas,Liepalotas,,54.6750,23.9530,Lithuania,LT,LTU,Prienai,Prienai,LT-36,district municipality,,24.8,62,62,4,Europe/Vilnius,TRUE,1440618020
Guobiniai,Guobiniai,Gabintse,54.1030,23.9610,Lithuania,LT,LTU,Druskininkai,Druskininkai,LT-07,municipality,,40.1,62,62,4,Europe/Vilnius,FALSE,1440474870
Bareikiškės,Bareikiskes,,54.6131,25.4669,Lithuania,LT,LTU,Vilnius,Vilnius,LT-58,district municipality,,49.0,62,62,3,Europe/Vilnius,FALSE,1440386999
Žemguliai,Zemguliai,Zhemguley,55.7140,21.6390,Lithuania,LT,LTU,Klaipėda,Klaipeda,LT-21,district municipality,,46.6,62,62,4,Europe/Vilnius,FALSE,1440858015
Kilova,Kilova,Kilova Pirmoji|Baliai|Kilova I|Kuylava,55.1560,23.4970,Lithuania,LT,LTU,Kaunas,Kaunas,LT-16,district municipality,,61.6,62,62,4,Europe/Vilnius,FALSE,1440277512
Martyniškiai,Martyniskiai,Martinishkyay,56.3040,23.1180,Lithuania,LT,LTU,Joniškis,Joniskis,LT-11,district municipality,,19.1,62,62,4,Europe/Vilnius,FALSE,1440867279
Kazokiškės,Kazokiskes,,54.4830,24.7120,Lithuania,LT,LTU,Trakai,Trakai,LT-52,district municipality,,44.9,62,62,4,Europe/Vilnius,FALSE,1440000087
Sargėnai,Sargenai,,55.6820,24.1410,Lithuania,LT,LTU,Panevėžys,Panevezys,LT-33,district municipality,,16.9,62,62,4,Europe/Vilnius,FALSE,1440433712
Meškerinė,Meskerine,,55.0310,25.8280,Lithuania,LT,LTU,Švenčionys,Svencionys,LT-49,district municipality,,14.2,62,62,4,Europe/Vilnius,FALSE,1440908718
Navininkai,Navininkai,,54.4500,23.7310,Lithuania,LT,LTU,Alytus,Alytus,LT-03,district municipality,,17.7,62,62,4,Europe/Vilnius,FALSE,1440827209
Pūstalaukiai,Pustalaukiai,,55.4190,25.2310,Lithuania,LT,LTU,Anykščiai,Anyksciai,LT-04,district municipality,,13.6,62,62,4,Europe/Vilnius,FALSE,1440697376
Buniškiai,Buniskiai,Buynishki|Buniškių,54.2330,23.4420,Lithuania,LT,LTU,Lazdijai,Lazdijai,LT-24,district municipality,,14.7,62,62,4,Europe/Vilnius,FALSE,1440801423
Juodžiai,Juodziai,Naujasėdžiai|Juodžiai II|Juodžiai Antrieji|Juodžiai Pirmieji|Iodze|Yuodzhyay|Iodzhyay|Juodžiai I,55.2889,23.6331,Lithuania,LT,LTU,Kėdainiai,Kedainiai,LT-18,district municipality,,27.3,62,62,3,Europe/Vilnius,FALSE,1440031322
Margumiškis,Margumiskis,,55.1340,26.1280,Lithuania,LT,LTU,Švenčionys,Svencionys,LT-49,district municipality,,14.2,62,62,4,Europe/Vilnius,FALSE,1440297751
Babrauninkai,Babrauninkai,Babrininkai|Babrauninkų|Babrauninkay|Babraunykų,54.3360,23.6530,Lithuania,LT,LTU,Lazdijai,Lazdijai,LT-24,district municipality,,14.7,62,62,4,Europe/Vilnius,FALSE,1440551494
Dagilynė,Dagilyne,,56.1390,24.5030,Lithuania,LT,LTU,Pasvalys,Pasvalys,LT-34,district municipality,,18.4,62,62,4,Europe/Vilnius,FALSE,1440923886
Laukinčiai,Laukinciai,Lovkintany|Laukinchyay|Laukinčių,54.3560,23.8580,Lithuania,LT,LTU,Alytus,Alytus,LT-03,district municipality,,17.7,61,61,4,Europe/Vilnius,FALSE,1440719365
Noškūnai,Noskunai,Nashkuntsy,54.1250,24.6469,Lithuania,LT,LTU,Varėna,Varena,LT-55,district municipality,,9.4,61,61,3,Europe/Vilnius,FALSE,1440238642
Vištyčio Laukas I,Vistycio Laukas I,,54.4700,22.7780,Lithuania,LT,LTU,Vilkaviškis,Vilkaviskis,LT-56,district municipality,,29.1,61,61,4,Europe/Vilnius,FALSE,1440502003
Nosėnai,Nosenai,,55.2460,25.2540,Lithuania,LT,LTU,Molėtai,Moletai,LT-27,district municipality,,13.2,61,61,4,Europe/Vilnius,FALSE,1440868266
Savanoriai,Savanoriai,,54.0970,23.9060,Lithuania,LT,LTU,Druskininkai,Druskininkai,LT-07,municipality,,40.1,61,61,4,Europe/Vilnius,FALSE,1440055733
Rudžiai,Rudziai,Rvdžiai|Rūdžių|Rudzhyay,55.3581,24.1111,Lithuania,LT,LTU,Kėdainiai,Kedainiai,LT-18,district municipality,,27.3,61,61,3,Europe/Vilnius,FALSE,1440289803
Salupiai,Salupiai,,55.0420,24.1280,Lithuania,LT,LTU,Jonava,Jonava,LT-10,district municipality,,44.9,61,61,4,Europe/Vilnius,FALSE,1440895503
Lakštingalos,Lakstingalos,,55.7210,24.2080,Lithuania,LT,LTU,Panevėžys,Panevezys,LT-33,district municipality,,16.9,61,61,4,Europe/Vilnius,FALSE,1440150381
Pakrempė,Pakrempe,,54.4940,25.1070,Lithuania,LT,LTU,Trakai,Trakai,LT-52,district municipality,,21.8,61,61,4,Europe/Vilnius,FALSE,1440171641
Turgalaukis,Turgalaukis,,54.5000,23.2740,Lithuania,LT,LTU,Marijampolė,Marijampole,LT-25,district municipality,,73.3,61,61,4,Europe/Vilnius,FALSE,1440593387
Kapstatai,Kapstatai,Kapstatay|Kapstotų,55.7000,21.7470,Lithuania,LT,LTU,Klaipėda,Klaipeda,LT-21,district municipality,,39.5,61,61,4,Europe/Vilnius,FALSE,1440843753
Mircaičiai,Mircaiciai,,56.0470,22.3130,Lithuania,LT,LTU,Telšiai,Telsiai,LT-51,district municipality,,27.4,61,61,4,Europe/Vilnius,FALSE,1440429487
Rimženčiai,Rimzenciai,Raumuchay|Rimženčių|Rimzhyanchyay,55.3830,21.6440,Lithuania,LT,LTU,Šilutė,Silute,LT-46,district municipality,,32.9,61,61,4,Europe/Vilnius,FALSE,1440247773
Mikailiškiai,Mikailiskiai,,55.2690,24.7060,Lithuania,LT,LTU,Ukmergė,Ukmerge,LT-53,district municipality,,24.2,61,61,4,Europe/Vilnius,FALSE,1440110097
Plieniškiai,Plieniskiai,,54.9960,23.0590,Lithuania,LT,LTU,Šakiai,Sakiai,LT-41,district municipality,,20.0,61,61,4,Europe/Vilnius,FALSE,1440613414
Einorai,Einorai,Eynarovichi|Einoriai|Einoronys|Einoronių,54.3190,24.1140,Lithuania,LT,LTU,Alytus,Alytus,LT-03,district municipality,,17.7,61,61,4,Europe/Vilnius,FALSE,1440371608
Bandoriai,Bandoriai,Bandoryay,56.3510,23.4010,Lithuania,LT,LTU,Joniškis,Joniskis,LT-11,district municipality,,19.1,61,61,4,Europe/Vilnius,FALSE,1440419285
Nartelis,Nartelis,,54.5140,23.3660,Lithuania,LT,LTU,Marijampolė,Marijampole,LT-25,district municipality,,73.3,61,61,4,Europe/Vilnius,FALSE,1440557505
Radyščius,Radyscius,Radysčius|Radyšcių|Gorodishche,54.1333,24.0667,Lithuania,LT,LTU,Varėna,Varena,LT-55,district municipality,,9.4,61,61,3,Europe/Vilnius,FALSE,1440057604
Giniūnai,Giniunai,Ginyuny|Giniūnų,54.6890,23.9330,Lithuania,LT,LTU,Prienai,Prienai,LT-36,district municipality,,24.8,61,61,4,Europe/Vilnius,FALSE,1440459647
Sobuva,Sobuva,Sabuva|Sabovo Pervoye|Sobuvos|Sobuva Pirmoji,54.6378,24.2279,Lithuania,LT,LTU,Prienai,Prienai,LT-36,district municipality,,24.8,61,61,4,Europe/Vilnius,FALSE,1440969430
Pakalniškiai,Pakalniskiai,Pakalnishkyay|Pakalniškių,56.2920,21.6390,Lithuania,LT,LTU,Skuodas,Skuodas,LT-48,district municipality,,17.9,61,61,4,Europe/Vilnius,FALSE,1440371076
Visvainiai,Visvainiai,,56.0940,21.8710,Lithuania,LT,LTU,Plungė,Plunge,LT-35,district municipality,,35.6,61,61,4,Europe/Vilnius,FALSE,1440324167
Senasalis,Senasalis,,54.5090,25.5300,Lithuania,LT,LTU,Vilnius,Vilnius,LT-58,district municipality,,49.0,61,61,4,Europe/Vilnius,FALSE,1440837384
Murališkiai,Muraliskiai,Murališkių|Muralishkyay|Moralishki,55.0960,25.4680,Lithuania,LT,LTU,Molėtai,Moletai,LT-27,district municipality,,13.2,61,61,4,Europe/Vilnius,FALSE,1440383167
Vydautiškės,Vydautiskes,,54.7680,25.1030,Lithuania,LT,LTU,Vilnius,Vilnius,LT-58,district municipality,,49.0,61,61,4,Europe/Vilnius,FALSE,1440157678
Dambriškės,Dambriskes,,54.7840,25.0440,Lithuania,LT,LTU,Vilnius,Vilnius,LT-58,district municipality,,49.0,61,61,4,Europe/Vilnius,FALSE,1440071928
Veliakiemiai,Veliakiemiai,Velikiyemis,55.7570,23.8630,Lithuania,LT,LTU,Radviliškis,Radviliskis,LT-37,district municipality,,22.1,61,61,4,Europe/Vilnius,FALSE,1440156895
Gudžiūnai,Gudziunai,Gudzyuny|Gudžiūnų|Godžiūnai|Gudzhyunay,55.4939,23.7831,Lithuania,LT,LTU,Kėdainiai,Kedainiai,LT-18,district municipality,,27.3,61,61,3,Europe/Vilnius,FALSE,1440755352
Vosyliškis,Vosyliskis,,55.7550,26.2230,Lithuania,LT,LTU,Zarasai,Zarasai,LT-60,district municipality,,13.4,61,61,4,Europe/Vilnius,FALSE,1440222556
Jautmalkiai,Jautmalkiai,Yautmalkyay|Jautmalkių|Iautmaykyay,56.2920,23.0690,Lithuania,LT,LTU,Akmenė,Akmene,LT-01,district municipality,,23.3,61,61,4,Europe/Vilnius,FALSE,1440695172
Akmeniai,Akmeniai,Akmenyay|Akmenių|Akmyane,55.7880,24.7300,Lithuania,LT,LTU,Panevėžys,Panevezys,LT-33,district municipality,,16.1,60,60,4,Europe/Vilnius,FALSE,1440486223
Derveliai,Derveliai,Dervelyay|Develiai,55.8800,23.7470,Lithuania,LT,LTU,Pakruojis,Pakruojis,LT-30,district municipality,,15.0,60,60,4,Europe/Vilnius,FALSE,1440377789
Činčikos,Cincikos,,55.1720,26.1680,Lithuania,LT,LTU,Švenčionys,Svencionys,LT-49,district municipality,,14.2,60,60,4,Europe/Vilnius,FALSE,1440775632
Sutkiai,Sutkiai,Sutkyay,55.0260,22.8190,Lithuania,LT,LTU,Šakiai,Sakiai,LT-41,district municipality,,20.0,60,60,4,Europe/Vilnius,FALSE,1440852677
Rūdelė,Rudele,,54.3510,23.3110,Lithuania,LT,LTU,Kalvarija,Kalvarija,LT-14,municipality,,24.6,60,60,4,Europe/Vilnius,FALSE,1440753485
Dreižiai,Dreiziai,Drizhey,55.5420,21.3690,Lithuania,LT,LTU,Klaipėda,Klaipeda,LT-21,district municipality,,46.6,60,60,4,Europe/Vilnius,FALSE,1440357755
Pakirsniai,Pakirsniai,,54.3190,23.4970,Lithuania,LT,LTU,Lazdijai,Lazdijai,LT-24,district municipality,,14.7,60,60,4,Europe/Vilnius,FALSE,1440211463
Mišučiai,Misuciai,Mushuchyay,55.4370,22.2250,Lithuania,LT,LTU,Šilalė,Silale,LT-45,district municipality,,20.0,60,60,4,Europe/Vilnius,FALSE,1440359300
Neravai,Neravai,,54.9190,24.7360,Lithuania,LT,LTU,Kaišiadorys,Kaisiadorys,LT-13,district municipality,,26.8,60,60,4,Europe/Vilnius,FALSE,1440858028
Šutai,Sutai,,55.0280,26.0490,Lithuania,LT,LTU,Švenčionys,Svencionys,LT-49,district municipality,,14.2,60,60,4,Europe/Vilnius,FALSE,1440581934
Menklaukiai,Menklaukiai,Manklaukiai|Myanklaukyay|Mankuslyauken,55.2810,21.6500,Lithuania,LT,LTU,Šilutė,Silute,LT-46,district municipality,,32.9,60,60,4,Europe/Vilnius,FALSE,1440783006
Šlepečiai,Slepeciai,,55.5840,25.9180,Lithuania,LT,LTU,Utena,Utena,LT-54,district municipality,,32.5,60,60,4,Europe/Vilnius,FALSE,1440277528
Akėčiai,Akeciai,Aketse,54.9750,23.2410,Lithuania,LT,LTU,Šakiai,Sakiai,LT-41,district municipality,,20.0,60,60,4,Europe/Vilnius,FALSE,1440282397
Krosnėnai,Krosnenai,Krasnyany|Krosnėnų,54.3560,23.5250,Lithuania,LT,LTU,Lazdijai,Lazdijai,LT-24,district municipality,,14.7,60,60,4,Europe/Vilnius,FALSE,1440735873
Antagynė,Antagyne,Antagynes|Antaginės|Antogini|Antaginė,55.1080,23.8420,Lithuania,LT,LTU,Kaunas,Kaunas,LT-16,district municipality,,61.6,60,60,4,Europe/Vilnius,FALSE,1440057542
Gauryliai,Gauryliai,Gaurylių|Gawryiy|Gaurilių|Gaurilyay,56.1800,22.3590,Lithuania,LT,LTU,Mažeikiai,Mazeikiai,LT-26,district municipality,,40.2,60,60,4,Europe/Vilnius,FALSE,1440326951
Molupiai,Molupiai,Malupe|Malupyay,55.2110,23.5640,Lithuania,LT,LTU,Raseiniai,Raseiniai,LT-38,district municipality,,21.2,60,60,4,Europe/Vilnius,FALSE,1440497516
Krūvandai,Kruvandai,Kruvondy|Kruvonday,55.1170,23.5190,Lithuania,LT,LTU,Kaunas,Kaunas,LT-16,district municipality,,61.6,60,60,4,Europe/Vilnius,FALSE,1440156664
Kuturiai,Kuturiai,Kuturių|Kutury,55.1100,22.8030,Lithuania,LT,LTU,Jurbarkas,Jurbarkas,LT-12,district municipality,,16.5,59,59,4,Europe/Vilnius,FALSE,1440506305
Milžavėnai,Milzavenai,Milzhavenay|Milzhovenay,55.4780,22.7560,Lithuania,LT,LTU,Raseiniai,Raseiniai,LT-38,district municipality,,21.2,59,59,4,Europe/Vilnius,FALSE,1440751784
Eitekonys,Eitekonys,Eitkonys|Aitekonys|Aitekonių|Aitekonyay|Eytekany,54.9170,24.4220,Lithuania,LT,LTU,Kaišiadorys,Kaisiadorys,LT-13,district municipality,,26.8,59,59,4,Europe/Vilnius,FALSE,1440691501
Kairiškės,Kairiskes,Bol’shiye Kairishki|Didžiosios Kairiškės|Bol’shoy Karishkis|Kairiškiai,54.7640,24.3640,Lithuania,LT,LTU,Kaišiadorys,Kaisiadorys,LT-13,district municipality,,26.8,59,59,4,Europe/Vilnius,FALSE,1440745304
Gribžiniai,Gribziniai,Gribzinai|Gribzhinyay|Gribzhiney|Pribžiniai,55.7750,21.3830,Lithuania,LT,LTU,Klaipėda,Klaipeda,LT-21,district municipality,,46.6,59,59,4,Europe/Vilnius,FALSE,1440323788
Voveriškiai,Voveriskiai,Voverishken,55.5810,21.3190,Lithuania,LT,LTU,Klaipėda,Klaipeda,LT-21,district municipality,,46.6,59,59,4,Europe/Vilnius,FALSE,1440225953
Kukliai,Kukliai,,55.2500,25.9680,Lithuania,LT,LTU,Švenčionys,Svencionys,LT-49,district municipality,,14.2,59,59,4,Europe/Vilnius,FALSE,1440506717
Kamščiai,Kamsciai,Kampspovil’ken|Kamshchyay|Kampspowilken,55.1903,22.0736,Lithuania,LT,LTU,Tauragė,Taurage,LT-50,district municipality,,31.6,59,59,4,Europe/Vilnius,FALSE,1440822089
Kalesninkai,Kalesninkai,Kolesniki,54.4030,24.2140,Lithuania,LT,LTU,Alytus,Alytus,LT-03,district municipality,,17.7,59,59,4,Europe/Vilnius,FALSE,1440615524
Mardosai,Mardosai,,54.5000,23.9250,Lithuania,LT,LTU,Prienai,Prienai,LT-36,district municipality,,24.4,59,59,4,Europe/Vilnius,FALSE,1440609842
Maslaučiškės,Maslauciskes,,54.3310,23.9580,Lithuania,LT,LTU,Alytus,Alytus,LT-03,district municipality,,17.7,59,59,4,Europe/Vilnius,FALSE,1440153060
Mažoji Senažiškė,Mazoji Senaziske,,54.7190,23.5070,Lithuania,LT,LTU,Kazlų Rūdos,Kazlu Rudos,LT-17,municipality,,22.7,59,59,4,Europe/Vilnius,FALSE,1440581453
Ožaičiai,Ozaiciai,Ozhaytse|Ozhaychyay,55.6390,23.9170,Lithuania,LT,LTU,Radviliškis,Radviliskis,LT-37,district municipality,,22.1,59,59,4,Europe/Vilnius,FALSE,1440996296
Taurija,Taurija,,54.7380,25.5720,Lithuania,LT,LTU,Vilnius,Vilnius,LT-58,district municipality,,49.0,59,59,4,Europe/Vilnius,FALSE,1440544280
Mėželiai,Mezeliai,Meesel’n,55.5250,21.3080,Lithuania,LT,LTU,Klaipėda,Klaipeda,LT-21,district municipality,,46.6,59,59,4,Europe/Vilnius,FALSE,1440457271
Basonys,Basonys,,54.7280,24.2890,Lithuania,LT,LTU,Kaišiadorys,Kaisiadorys,LT-13,district municipality,,26.8,59,59,4,Europe/Vilnius,FALSE,1440682635
Važatkiemis,Vazatkiemis,Vozhatkeme|Vazhatkemis,54.6420,24.0390,Lithuania,LT,LTU,Prienai,Prienai,LT-36,district municipality,,24.8,59,59,4,Europe/Vilnius,FALSE,1440124659
Dauburaičiai,Dauburaiciai,Dauburaičių|Dovboraytse,55.6500,23.9700,Lithuania,LT,LTU,Radviliškis,Radviliskis,LT-37,district municipality,,22.1,59,59,4,Europe/Vilnius,FALSE,1440399080
Duobužiai,Duobuziai,,55.2140,25.2440,Lithuania,LT,LTU,Molėtai,Moletai,LT-27,district municipality,,21.7,59,59,4,Europe/Vilnius,FALSE,1440291900
Žaduvėnai,Zaduvenai,,55.8410,22.5530,Lithuania,LT,LTU,Telšiai,Telsiai,LT-51,district municipality,,27.4,59,59,4,Europe/Vilnius,FALSE,1440523903
Eimančiai,Eimanciai,Aymonchyay|Eymontse,55.6310,23.0900,Lithuania,LT,LTU,Kelmė,Kelme,LT-19,district municipality,,16.0,59,59,4,Europe/Vilnius,FALSE,1440928629
Prycmai,Prycmai,Priecimai|Pretsimay|Prėcimai|Pritsmay,55.4470,21.2810,Lithuania,LT,LTU,Šilutė,Silute,LT-46,district municipality,,32.9,59,59,4,Europe/Vilnius,FALSE,1440574386
Vyčiai,Vyciai,,55.7130,24.4210,Lithuania,LT,LTU,Panevėžys,Panevezys,LT-33,district municipality,,16.9,59,59,4,Europe/Vilnius,FALSE,1440582722
Antkalniškiai,Antkalniskiai,Antkalniškiai Pirmieji|Antkalniškiai I|Antkal’nishki|Antkal’nishyay,55.0990,22.8470,Lithuania,LT,LTU,Jurbarkas,Jurbarkas,LT-12,district municipality,,16.5,59,59,4,Europe/Vilnius,FALSE,1440336041
Šukiškiai,Sukiskiai,Ramoniškis|Romanishkyay,55.6540,23.2440,Lithuania,LT,LTU,Kelmė,Kelme,LT-19,district municipality,,16.0,59,59,4,Europe/Vilnius,TRUE,1440736478
Morkiškiai,Morkiskiai,,56.0900,22.2670,Lithuania,LT,LTU,Telšiai,Telsiai,LT-51,district municipality,,27.4,59,59,4,Europe/Vilnius,FALSE,1440827857
Byliškės,Byliskes,,54.8000,23.6720,Lithuania,LT,LTU,Prienai,Prienai,LT-36,district municipality,,24.8,59,59,4,Europe/Vilnius,FALSE,1440251819
Vilkai,Vilkai,,55.5670,23.9110,Lithuania,LT,LTU,Panevėžys,Panevezys,LT-33,district municipality,,16.9,59,59,4,Europe/Vilnius,FALSE,1440757600
Pociūnai,Pociunai,Potsuni,54.6439,24.0669,Lithuania,LT,LTU,Prienai,Prienai,LT-36,district municipality,,24.8,59,59,3,Europe/Vilnius,FALSE,1440861599
Spaudžiai,Spaudziai,Spavdzyay,55.8280,22.9130,Lithuania,LT,LTU,Kelmė,Kelme,LT-19,district municipality,,16.0,59,59,4,Europe/Vilnius,FALSE,1440171918
Moškėnai,Moskenai,Mashkenay|Moškėnų|Moshkenay,55.9690,25.4480,Lithuania,LT,LTU,Rokiškis,Rokiskis,LT-40,district municipality,,16.6,58,58,4,Europe/Vilnius,FALSE,1440689585
Stulgeliai,Stulgeliai,,54.7180,22.7760,Lithuania,LT,LTU,Vilkaviškis,Vilkaviskis,LT-56,district municipality,,29.1,58,58,4,Europe/Vilnius,FALSE,1440392646
Margionys,Margionys,Margevesly|Margavėsiai|Morgeviche|Mardasava,54.0000,24.2833,Lithuania,LT,LTU,Varėna,Varena,LT-55,district municipality,,9.4,58,58,3,Europe/Vilnius,FALSE,1440330663
Antaliežiai,Antalieziai,,55.3270,25.2990,Lithuania,LT,LTU,Molėtai,Moletai,LT-27,district municipality,,13.2,58,58,4,Europe/Vilnius,FALSE,1440661708
Eigelonys,Eigelonys,Eigelionys|Eygelantsy,54.4670,24.3000,Lithuania,LT,LTU,Alytus,Alytus,LT-03,district municipality,,17.7,58,58,4,Europe/Vilnius,FALSE,1440598294
Mažiūnai,Maziunai,Mažiūnų|Mazhuntsy,54.5220,24.2560,Lithuania,LT,LTU,Alytus,Alytus,LT-03,district municipality,,17.7,58,58,4,Europe/Vilnius,FALSE,1440946507
Baraviškiai,Baraviskiai,Borovishki,55.0700,23.3880,Lithuania,LT,LTU,Šakiai,Sakiai,LT-41,district municipality,,20.0,58,58,4,Europe/Vilnius,FALSE,1440477585
Raščiūnai,Rasciunai,,55.2420,26.5740,Lithuania,LT,LTU,Ignalina,Ignalina,LT-09,district municipality,,11.1,58,58,4,Europe/Vilnius,FALSE,1440330197
Žeimis,Zeimis,,55.0120,23.3070,Lithuania,LT,LTU,Šakiai,Sakiai,LT-41,district municipality,,20.0,58,58,4,Europe/Vilnius,FALSE,1440995117
Grygališkė,Grygaliske,,55.3560,21.7860,Lithuania,LT,LTU,Šilutė,Silute,LT-46,district municipality,,32.9,58,58,4,Europe/Vilnius,FALSE,1440885169
Jogvilai,Jogvilai,,55.2500,24.8440,Lithuania,LT,LTU,Ukmergė,Ukmerge,LT-53,district municipality,,24.2,58,58,4,Europe/Vilnius,FALSE,1440960893
Užbradumė,Uzbradume,,56.1420,22.0130,Lithuania,LT,LTU,Plungė,Plunge,LT-35,district municipality,,35.6,58,58,4,Europe/Vilnius,FALSE,1440618141
Kasmiškės,Kasmiskes,,54.7720,25.0100,Lithuania,LT,LTU,Vilnius,Vilnius,LT-58,district municipality,,49.0,58,58,4,Europe/Vilnius,FALSE,1440518540
Sirvydai,Sirvydai,,54.5650,25.6090,Lithuania,LT,LTU,Vilnius,Vilnius,LT-58,district municipality,,49.0,58,58,4,Europe/Vilnius,FALSE,1440645093
Gustoniai,Gustoniai,Gustonyay,56.0540,24.2340,Lithuania,LT,LTU,Pasvalys,Pasvalys,LT-34,district municipality,,18.4,58,58,4,Europe/Vilnius,FALSE,1440000131
Seimeniškiai,Seimeniskiai,,54.3140,23.8690,Lithuania,LT,LTU,Alytus,Alytus,LT-03,district municipality,,17.7,58,58,4,Europe/Vilnius,FALSE,1440332500
Kazliškiai,Kazliskiai,,54.8780,23.8640,Lithuania,LT,LTU,Kaunas,Kaunas,LT-16,district municipality,,1683.5,58,58,3,Europe/Vilnius,FALSE,1440995133
Kurėnai,Kurenai,Kurenay|Kurany,55.3110,24.7920,Lithuania,LT,LTU,Ukmergė,Ukmerge,LT-53,district municipality,,24.2,58,58,4,Europe/Vilnius,FALSE,1440796331
Varteliai,Varteliai,Vartelių|Vartele|Vertelyay,54.3910,22.7940,Lithuania,LT,LTU,Vilkaviškis,Vilkaviskis,LT-56,district municipality,,28.8,58,58,4,Europe/Vilnius,TRUE,1440745058
Kapčiūnai,Kapciunai,Kapchyunay,55.9880,24.0380,Lithuania,LT,LTU,Pasvalys,Pasvalys,LT-34,district municipality,,18.4,58,58,4,Europe/Vilnius,FALSE,1440052585
Jakutiškė,Jakutiske,Yakutyshki,55.3880,22.5070,Lithuania,LT,LTU,Tauragė,Taurage,LT-50,district municipality,,31.6,58,58,4,Europe/Vilnius,FALSE,1440228663
Naujiena,Naujiena,,55.0000,23.6280,Lithuania,LT,LTU,Kaunas,Kaunas,LT-16,district municipality,,61.6,57,57,4,Europe/Vilnius,FALSE,1440505992
Trapeliai,Trapeliai,,55.0840,25.1550,Lithuania,LT,LTU,Širvintos,Sirvintos,LT-47,district municipality,,17.9,57,57,4,Europe/Vilnius,FALSE,1440153989
Pazapsiai,Pazapsiai,Pozopse|Pazapsys|Pazapsių,54.1000,23.5500,Lithuania,LT,LTU,Lazdijai,Lazdijai,LT-24,district municipality,,14.7,57,57,4,Europe/Vilnius,FALSE,1440837441
Papečiai,Papeciai,Popeche,54.2640,23.5440,Lithuania,LT,LTU,Lazdijai,Lazdijai,LT-24,district municipality,,14.7,57,57,4,Europe/Vilnius,FALSE,1440608862
Akmenalės,Akmenales,Okminiele|Akmenėlių,56.0310,21.3780,Lithuania,LT,LTU,Kretinga,Kretinga,LT-22,district municipality,,38.5,57,57,4,Europe/Vilnius,FALSE,1440902456
Naujasodis,Naujasodis,Alksnupyay-Novyy,55.8170,23.8070,Lithuania,LT,LTU,Radviliškis,Radviliskis,LT-37,district municipality,,22.1,57,57,4,Europe/Vilnius,FALSE,1440726156
Pagojys,Pagojys,,55.3060,23.4530,Lithuania,LT,LTU,Raseiniai,Raseiniai,LT-38,district municipality,,21.2,57,57,4,Europe/Vilnius,FALSE,1440286890
Pailgė,Pailge,,54.9060,25.5750,Lithuania,LT,LTU,Vilnius,Vilnius,LT-58,district municipality,,49.0,57,57,4,Europe/Vilnius,FALSE,1440869130
Mieliūnai,Mieliunai,,55.7830,25.2970,Lithuania,LT,LTU,Kupiškis,Kupiskis,LT-23,district municipality,,16.0,57,57,4,Europe/Vilnius,FALSE,1440702788
Bičionys,Bicionys,Bičionių|Bichonis|Bichany,55.5170,25.2110,Lithuania,LT,LTU,Anykščiai,Anyksciai,LT-04,district municipality,,13.6,57,57,4,Europe/Vilnius,FALSE,1440569017
Kaubariškis,Kaubariskis,,55.7790,24.5040,Lithuania,LT,LTU,Panevėžys,Panevezys,LT-33,district municipality,,16.9,57,57,4,Europe/Vilnius,FALSE,1440632920
Kalviai,Kalviai,Kovali|Kavoliai,54.1750,25.6528,Lithuania,LT,LTU,Šalčininkai,Salcininkai,LT-42,district municipality,,20.3,57,57,4,Europe/Vilnius,FALSE,1440173366
Liepiškiai,Liepiskiai,Lepishkyay,55.7060,23.3510,Lithuania,LT,LTU,Radviliškis,Radviliskis,LT-37,district municipality,,22.1,57,57,4,Europe/Vilnius,FALSE,1440186953
Tautrimai,Tautrimai,,54.3560,23.4940,Lithuania,LT,LTU,Lazdijai,Lazdijai,LT-24,district municipality,,14.7,57,57,4,Europe/Vilnius,FALSE,1440189310
Rukuižiai,Rukuiziai,Rukuižių|Rukuyzhyay,56.3530,23.3560,Lithuania,LT,LTU,Joniškis,Joniskis,LT-11,district municipality,,19.1,57,57,4,Europe/Vilnius,FALSE,1440339540
Pilakainys,Pilakainys,Pikainys|Pelokantsy|Pelekonys,54.4930,25.3850,Lithuania,LT,LTU,Šalčininkai,Salcininkai,LT-42,district municipality,,20.3,57,57,4,Europe/Vilnius,FALSE,1440404290
Spitrėnai,Spitrenai,Spitrenay|Spitrėnų|Spytrėnų,55.5140,25.7700,Lithuania,LT,LTU,Utena,Utena,LT-54,district municipality,,32.5,57,57,4,Europe/Vilnius,FALSE,1440002434
Janališkiai,Janaliskiai,,55.8260,24.2890,Lithuania,LT,LTU,Panevėžys,Panevezys,LT-33,district municipality,,16.9,57,57,4,Europe/Vilnius,FALSE,1440107123
Domeikiemis,Domeikiemis,Domeikiemio|Damelkiyemis,54.6780,24.2360,Lithuania,LT,LTU,Kaišiadorys,Kaisiadorys,LT-13,district municipality,,26.8,57,57,4,Europe/Vilnius,FALSE,1440620173
Pagėgiai,Pagegiai,Pagojaus|Pojegi|Pagegyay|Pogegen,55.1333,21.9167,Lithuania,LT,LTU,Pagégiai,Pagegiai,LT-29,municipality,admin,15.2,57,57,2,Europe/Vilnius,FALSE,1440724133
Kalveliai,Kalveliai,,55.5694,25.2732,Lithuania,LT,LTU,Anykščiai,Anyksciai,LT-04,district municipality,,13.6,57,57,4,Europe/Vilnius,FALSE,1440535832
Pakutuvėnai,Pakutuvenai,Pakutavenay|Pakutavėnų|Pakutuvenų,55.9050,21.6750,Lithuania,LT,LTU,Plungė,Plunge,LT-35,district municipality,,35.6,57,57,4,Europe/Vilnius,FALSE,1440137514
Svilonėliai,Sviloneliai,Svilainėliai|Svilaynelyay,55.0060,24.1330,Lithuania,LT,LTU,Jonava,Jonava,LT-10,district municipality,,44.9,57,57,4,Europe/Vilnius,FALSE,1440875987
Linkaučiai,Linkauciai,Linkaučius|Linkaičiai|Linkava,55.6320,22.6590,Lithuania,LT,LTU,Kelmė,Kelme,LT-19,district municipality,,16.0,57,57,4,Europe/Vilnius,FALSE,1440848964
Juodonys,Juodonys,Jodance|Iodagantsy,54.9930,24.7730,Lithuania,LT,LTU,Širvintos,Sirvintos,LT-47,district municipality,,17.9,57,57,4,Europe/Vilnius,FALSE,1440216930
Trečionys,Trecionys,Tretyany|Trečionio|Tregionis,54.6030,24.2720,Lithuania,LT,LTU,Prienai,Prienai,LT-36,district municipality,,24.8,57,57,4,Europe/Vilnius,FALSE,1440650496
Ožkiniai,Ozkiniai,,55.8670,24.8640,Lithuania,LT,LTU,Kupiškis,Kupiskis,LT-23,district municipality,,16.0,57,57,4,Europe/Vilnius,FALSE,1440393291
Zizai,Zizai,,54.9860,23.5420,Lithuania,LT,LTU,Kaunas,Kaunas,LT-16,district municipality,,61.6,57,57,4,Europe/Vilnius,FALSE,1440095683
Dasiūnai,Dasiunai,Dasiuna|Dasyunay,55.1640,23.8440,Lithuania,LT,LTU,Kaunas,Kaunas,LT-16,district municipality,,61.6,56,56,4,Europe/Vilnius,FALSE,1440446909
Rudėnai,Rudenai,Rudzyany|Rudienai,54.5340,23.7350,Lithuania,LT,LTU,Marijampolė,Marijampole,LT-25,district municipality,,73.3,56,56,4,Europe/Vilnius,FALSE,1440836270
Ežerėliai,Ezereliai,,54.2280,23.6470,Lithuania,LT,LTU,Lazdijai,Lazdijai,LT-24,district municipality,,14.7,56,56,4,Europe/Vilnius,FALSE,1440652250
Gediminas,Gediminas,,55.4840,25.6210,Lithuania,LT,LTU,Utena,Utena,LT-54,district municipality,,32.5,56,56,4,Europe/Vilnius,FALSE,1440696972
Akstinai,Akstinai,Akstynyay,55.3500,22.4840,Lithuania,LT,LTU,Tauragė,Taurage,LT-50,district municipality,,31.6,56,56,4,Europe/Vilnius,FALSE,1440862395
Griežiai,Grieziai,Grėžiai|Grashey,55.5620,21.3680,Lithuania,LT,LTU,Klaipėda,Klaipeda,LT-21,district municipality,,46.6,56,56,4,Europe/Vilnius,FALSE,1440814702
Vyžpiniai,Vyzpiniai,Vishpin|Vyšpinių|Vyšpiniai,54.8020,23.0930,Lithuania,LT,LTU,Šakiai,Sakiai,LT-41,district municipality,,20.0,56,56,4,Europe/Vilnius,FALSE,1440820925
Dišliai,Disliai,Dišlių|Dishlyay,56.0190,21.9970,Lithuania,LT,LTU,Plungė,Plunge,LT-35,district municipality,,35.6,56,56,4,Europe/Vilnius,FALSE,1440312156
Marciai,Marciai,,55.9040,22.0790,Lithuania,LT,LTU,Plungė,Plunge,LT-35,district municipality,,35.6,56,56,4,Europe/Vilnius,FALSE,1440501657
Girbutkiai,Girbutkiai,Girbutkia|Girbutkyay|Girbutkių|Girluykyay,56.0420,23.9600,Lithuania,LT,LTU,Pakruojis,Pakruojis,LT-30,district municipality,,15.0,56,56,4,Europe/Vilnius,FALSE,1440524931
Aluotos,Aluotos,,55.7190,25.2860,Lithuania,LT,LTU,,,,,,15.6,56,56,4,Europe/Vilnius,FALSE,1440628025
Galnė,Galne,Golne|Galnės,55.3360,21.8420,Lithuania,LT,LTU,Šilutė,Silute,LT-46,district municipality,,32.9,56,56,4,Europe/Vilnius,FALSE,1440059511
Kalniškės,Kalniskes,,54.6370,25.4860,Lithuania,LT,LTU,Vilnius,Vilnius,LT-58,district municipality,,49.0,56,56,4,Europe/Vilnius,TRUE,1440318176
Onciškiai,Onciskiai,,54.2440,23.9080,Lithuania,LT,LTU,Lazdijai,Lazdijai,LT-24,district municipality,,14.7,56,56,4,Europe/Vilnius,FALSE,1440624372
Tūriškiai,Turiskiai,,54.3830,23.5140,Lithuania,LT,LTU,Lazdijai,Lazdijai,LT-24,district municipality,,14.7,56,56,4,Europe/Vilnius,FALSE,1440595702
Vosbūčiai,Vosbuciai,,54.2580,23.9560,Lithuania,LT,LTU,Lazdijai,Lazdijai,LT-24,district municipality,,14.7,56,56,4,Europe/Vilnius,FALSE,1440428952
Margava,Margava,,54.5670,23.5750,Lithuania,LT,LTU,Marijampolė,Marijampole,LT-25,district municipality,,73.3,56,56,4,Europe/Vilnius,FALSE,1440245642
Kretkampis,Kretkampis,Kretkompe,55.0050,23.5050,Lithuania,LT,LTU,Šakiai,Sakiai,LT-41,district municipality,,20.0,56,56,3,Europe/Vilnius,FALSE,1440573691
Zygmantai,Zygmantai,,54.8870,23.2850,Lithuania,LT,LTU,Šakiai,Sakiai,LT-41,district municipality,,20.0,56,56,4,Europe/Vilnius,FALSE,1440250879
Čigonai,Cigonai,,56.0400,23.0010,Lithuania,LT,LTU,Šiauliai,Siauliai,LT-44,district municipality,,50.3,56,56,4,Europe/Vilnius,FALSE,1440324880
Šlapakiai,Slapakiai,Shlapakyay,56.2020,23.6140,Lithuania,LT,LTU,Joniškis,Joniskis,LT-11,district municipality,,19.1,56,56,4,Europe/Vilnius,FALSE,1440085527
Gilbonys,Gilbonys,Gilbonių|Gilbonis,55.8140,24.1050,Lithuania,LT,LTU,Panevėžys,Panevezys,LT-33,district municipality,,16.9,56,56,4,Europe/Vilnius,FALSE,1440543198
Petkeliškės,Petkeliskes,,54.7530,23.7500,Lithuania,LT,LTU,Prienai,Prienai,LT-36,district municipality,,24.8,56,56,4,Europe/Vilnius,FALSE,1440973459
Žydeliai,Zydeliai,,55.2670,26.1860,Lithuania,LT,LTU,Ignalina,Ignalina,LT-09,district municipality,,11.1,56,56,4,Europe/Vilnius,FALSE,1440773840
Stačkūnai,Stackunai,Stochkunai|Stachkunay|Stochkunay,56.2250,24.8220,Lithuania,LT,LTU,Biržai,Birzai,LT-06,district municipality,,15.7,56,56,4,Europe/Vilnius,FALSE,1440811570
Čivonys,Civonys,,54.1310,23.6330,Lithuania,LT,LTU,Lazdijai,Lazdijai,LT-24,district municipality,,14.7,56,56,4,Europe/Vilnius,FALSE,1440018789
Dūmiškės,Dumiskes,Dūmiškiai|Dumishki,54.6190,23.8530,Lithuania,LT,LTU,Prienai,Prienai,LT-36,district municipality,,24.8,56,56,4,Europe/Vilnius,FALSE,1440821740
Jurkonys,Jurkonys,Jurkonių|Yurkonis|Yurkantsy,54.4940,24.3670,Lithuania,LT,LTU,Alytus,Alytus,LT-03,district municipality,,17.7,56,56,4,Europe/Vilnius,FALSE,1440889382
Kriaušiškiai,Kriausiskiai,Kryaushishkyay,56.1180,24.2160,Lithuania,LT,LTU,Pasvalys,Pasvalys,LT-34,district municipality,,18.4,56,56,4,Europe/Vilnius,FALSE,1440218889
Kesai,Kesai,,55.6960,22.4580,Lithuania,LT,LTU,Telšiai,Telsiai,LT-51,district municipality,,27.4,56,56,4,Europe/Vilnius,FALSE,1440109692
Taruškos,Taruskos,,55.7330,24.5520,Lithuania,LT,LTU,Panevėžys,Panevezys,LT-33,district municipality,,16.9,56,56,4,Europe/Vilnius,FALSE,1440849676
Naujasodė,Naujasode,Naujasodis,53.9920,24.0500,Lithuania,LT,LTU,Druskininkai,Druskininkai,LT-07,municipality,,40.1,55,55,4,Europe/Vilnius,FALSE,1440232613
Giedraitiškės,Giedraitiskes,,54.8640,25.1700,Lithuania,LT,LTU,Vilnius,Vilnius,LT-58,district municipality,,49.0,55,55,4,Europe/Vilnius,FALSE,1440723134
Sokaičiai,Sokaiciai,Sokaychyay|Zokayten|Sokaičių,55.0660,22.2290,Lithuania,LT,LTU,Pagégiai,Pagegiai,LT-29,municipality,,12.7,55,55,4,Europe/Vilnius,FALSE,1440940422
Sutkai,Sutkai,Sutkų|Sutkay|Sutki|Sutkiai,54.9880,23.3000,Lithuania,LT,LTU,Šakiai,Sakiai,LT-41,district municipality,,20.0,55,55,4,Europe/Vilnius,FALSE,1440135679
Rudžiai,Rudziai,Ridzhyay|Ridze,55.5690,23.6600,Lithuania,LT,LTU,Radviliškis,Radviliskis,LT-37,district municipality,,22.1,55,55,4,Europe/Vilnius,FALSE,1440118802
Čerėnai,Cerenai,,54.8780,25.7260,Lithuania,LT,LTU,Švenčionys,Svencionys,LT-49,district municipality,,18.9,55,55,4,Europe/Vilnius,FALSE,1440223757
Lenkviečiai,Lenkvieciai,Lenkvichyay,55.5870,22.6440,Lithuania,LT,LTU,Kelmė,Kelme,LT-19,district municipality,,16.0,55,55,4,Europe/Vilnius,FALSE,1440312987
Krėpštai,Krepstai,Kreyshtay,55.8990,22.2220,Lithuania,LT,LTU,Telšiai,Telsiai,LT-51,district municipality,,27.4,55,55,4,Europe/Vilnius,FALSE,1440277281
Derviniai,Derviniai,,54.3140,23.4310,Lithuania,LT,LTU,Lazdijai,Lazdijai,LT-24,district municipality,,14.7,55,55,4,Europe/Vilnius,FALSE,1440821754
Mančiūnai,Manciunai,,54.3390,24.1360,Lithuania,LT,LTU,Alytus,Alytus,LT-03,district municipality,,17.7,55,55,4,Europe/Vilnius,TRUE,1440858544
Gaižiūnai,Gaiziunai,,55.5970,25.5710,Lithuania,LT,LTU,Utena,Utena,LT-54,district municipality,,32.5,55,55,4,Europe/Vilnius,FALSE,1440688303
Lašmenpamūšis,Lasmenpamusis,,56.0210,23.9840,Lithuania,LT,LTU,Pakruojis,Pakruojis,LT-30,district municipality,,15.0,55,55,4,Europe/Vilnius,FALSE,1440792789
Pavainiškė,Pavainiske,Pavainiškis|Povaynishkis|Pavainiškės,55.7970,22.8550,Lithuania,LT,LTU,Kelmė,Kelme,LT-19,district municipality,,16.0,55,55,4,Europe/Vilnius,FALSE,1440000069
Pryga,Pryga,,54.3140,23.6280,Lithuania,LT,LTU,Lazdijai,Lazdijai,LT-24,district municipality,,14.7,55,55,4,Europe/Vilnius,FALSE,1440386625
Gražaičiai,Grazaiciai,Gražaičių|Grazhaychyay,56.3110,23.3080,Lithuania,LT,LTU,Joniškis,Joniskis,LT-11,district municipality,,19.1,55,55,4,Europe/Vilnius,FALSE,1440139110
Griaužai,Griauzai,Grauzhyay|Graužai,55.4050,22.3280,Lithuania,LT,LTU,Tauragė,Taurage,LT-50,district municipality,,31.6,55,55,4,Europe/Vilnius,FALSE,1440947447
Binėnai,Binenai,Binenay|Binyanay|Binėnų,56.1340,23.7590,Lithuania,LT,LTU,Pakruojis,Pakruojis,LT-30,district municipality,,15.0,55,55,4,Europe/Vilnius,FALSE,1440733207
Pakuodžiupiai,Pakuodziupiai,Pakodžiupiai|Pakodzhyupyay,55.8110,24.3010,Lithuania,LT,LTU,Panevėžys,Panevezys,LT-33,district municipality,,16.9,55,55,4,Europe/Vilnius,FALSE,1440000666
Šinkūnai,Sinkunai,Šinkūnų|Shinkunay|Shinkuny,55.3000,24.5750,Lithuania,LT,LTU,Ukmergė,Ukmerge,LT-53,district municipality,,24.2,55,55,4,Europe/Vilnius,FALSE,1440608028
Vytuliai,Vytuliai,Vytūliai|Veyteley|Vitulyay,55.4220,21.4390,Lithuania,LT,LTU,Šilutė,Silute,LT-46,district municipality,,32.9,55,55,4,Europe/Vilnius,FALSE,1440923901
Milvydžiai,Milvydziai,Mil’vidzhyay,56.3450,23.6230,Lithuania,LT,LTU,Joniškis,Joniskis,LT-11,district municipality,,19.1,55,55,4,Europe/Vilnius,FALSE,1440664476
Kaimalė,Kaimale,,55.6110,23.1450,Lithuania,LT,LTU,Kelmė,Kelme,LT-19,district municipality,,16.0,55,55,4,Europe/Vilnius,TRUE,1440635571
Škilinpamūšis,Skilinpamusis,Škilnpamusis|Shkilinpamushis|Škilinpamušis,56.2730,24.3860,Lithuania,LT,LTU,Pasvalys,Pasvalys,LT-34,district municipality,,18.4,55,55,4,Europe/Vilnius,FALSE,1440977315
Slabadėlė,Slabadele,,54.3580,24.1970,Lithuania,LT,LTU,Alytus,Alytus,LT-03,district municipality,,17.7,55,55,4,Europe/Vilnius,FALSE,1440343671
Geniai,Geniai,Gullmen-Yennen|Gyanyai|Iyenyai,55.1770,22.0150,Lithuania,LT,LTU,Pagégiai,Pagegiai,LT-29,municipality,,15.2,55,55,4,Europe/Vilnius,FALSE,1440781777
Kugiai,Kugiai,,56.3580,22.1190,Lithuania,LT,LTU,Mažeikiai,Mazeikiai,LT-26,district municipality,,40.2,55,55,4,Europe/Vilnius,FALSE,1440035832
Lepelionys,Lepelionys,,54.5810,24.3810,Lithuania,LT,LTU,Prienai,Prienai,LT-36,district municipality,,24.8,55,55,4,Europe/Vilnius,FALSE,1440187709
Liesiškis,Liesiskis,,56.2250,24.8030,Lithuania,LT,LTU,Biržai,Birzai,LT-06,district municipality,,15.7,55,55,4,Europe/Vilnius,FALSE,1440030714
Menkupiai,Menkupiai,Menkupyay|Menkupių|Mankupe,54.4290,23.1380,Lithuania,LT,LTU,Kalvarija,Kalvarija,LT-14,municipality,,24.6,55,55,4,Europe/Vilnius,FALSE,1440896621
Gudeliai,Gudeliai,,55.6250,24.8580,Lithuania,LT,LTU,Anykščiai,Anyksciai,LT-04,district municipality,,13.6,55,55,4,Europe/Vilnius,FALSE,1440008849
Karsakai,Karsakai,Karsakai Pirmieji|Korsaki Pervoye|Karsakai I,54.8750,24.6500,Lithuania,LT,LTU,Kaišiadorys,Kaisiadorys,LT-13,district municipality,,26.8,54,54,4,Europe/Vilnius,FALSE,1440651366
Lakštučiai,Lakstuciai,Galkaičiai,55.4000,22.9420,Lithuania,LT,LTU,Raseiniai,Raseiniai,LT-38,district municipality,,21.2,54,54,4,Europe/Vilnius,FALSE,1440219417
Bernotiškė,Bernotiske,Bernotishkyay,55.2710,22.3730,Lithuania,LT,LTU,Tauragė,Taurage,LT-50,district municipality,,31.6,54,54,4,Europe/Vilnius,FALSE,1440098461
Katiliškės,Katiliskes,,54.6060,25.3290,Lithuania,LT,LTU,Vilnius,Vilnius,LT-58,district municipality,,1183.2,54,54,3,Europe/Vilnius,FALSE,1440171327
Tomakaimis,Tomakaimis,,55.7490,25.7050,Lithuania,LT,LTU,Rokiškis,Rokiskis,LT-40,district municipality,,16.6,54,54,4,Europe/Vilnius,FALSE,1440900342
Spraudis,Spraudis,Spraudis I|Spraudis Pirmasis,55.6580,21.8350,Lithuania,LT,LTU,Rietavas,Rietavas,LT-39,municipality,,13.0,54,54,4,Europe/Vilnius,FALSE,1440500235
Dvareliškiai,Dvareliskiai,,55.3000,23.1860,Lithuania,LT,LTU,Raseiniai,Raseiniai,LT-38,district municipality,,21.2,54,54,4,Europe/Vilnius,FALSE,1440118834
Miškiniai,Miskiniai,,54.5970,24.9420,Lithuania,LT,LTU,Trakai,Trakai,LT-52,district municipality,,44.9,54,54,4,Europe/Vilnius,FALSE,1440372723
Gegliškės,Gegliskes,,54.8500,25.2800,Lithuania,LT,LTU,Vilnius,Vilnius,LT-58,district municipality,,49.0,54,54,4,Europe/Vilnius,FALSE,1440000094
Vytaučiai,Vytauciai,Vytauchay,55.8060,21.2830,Lithuania,LT,LTU,Klaipėda,Klaipeda,LT-21,district municipality,,46.6,54,54,4,Europe/Vilnius,FALSE,1440420695
Lyksūdė,Lyksude,,56.1940,21.7280,Lithuania,LT,LTU,Skuodas,Skuodas,LT-48,district municipality,,17.9,54,54,4,Europe/Vilnius,FALSE,1440105612
Padubingė,Padubinge,Poddubinka|Padubinka|Padubine,55.0110,25.6490,Lithuania,LT,LTU,Švenčionys,Svencionys,LT-49,district municipality,,14.2,54,54,4,Europe/Vilnius,FALSE,1440898185
Kalniškiai,Kalniskiai,,55.8747,21.8296,Lithuania,LT,LTU,Plungė,Plunge,LT-35,district municipality,,35.6,54,54,4,Europe/Vilnius,FALSE,1440601464
Klėriškės,Kleriskes,Klariškis|Klyarishki|Kleriškės|Kleriškių,54.6970,24.4360,Lithuania,LT,LTU,Kaišiadorys,Kaisiadorys,LT-13,district municipality,,26.8,54,54,4,Europe/Vilnius,FALSE,1440674356
Ožkiniai,Ozkiniai,,55.2630,26.0090,Lithuania,LT,LTU,Švenčionys,Svencionys,LT-49,district municipality,,14.2,54,54,4,Europe/Vilnius,FALSE,1440419728
Stumbrai,Stumbrai,,56.3660,22.4450,Lithuania,LT,LTU,Mažeikiai,Mazeikiai,LT-26,district municipality,,40.2,54,54,4,Europe/Vilnius,FALSE,1440544984
Pamieris,Pamieris,Pomerzhe,54.8830,24.2690,Lithuania,LT,LTU,Kaišiadorys,Kaisiadorys,LT-13,district municipality,,26.8,54,54,4,Europe/Vilnius,FALSE,1440299881
Šilėnai,Silenai,,54.7890,23.7610,Lithuania,LT,LTU,Prienai,Prienai,LT-36,district municipality,,24.8,54,54,4,Europe/Vilnius,FALSE,1440706755
Gelčiai,Gelciai,Gel’tse|Gelčių,54.4830,23.7540,Lithuania,LT,LTU,Marijampolė,Marijampole,LT-25,district municipality,,34.8,54,54,4,Europe/Vilnius,FALSE,1440916805
Pikeliai,Pikeliai,,55.7130,22.7840,Lithuania,LT,LTU,Kelmė,Kelme,LT-19,district municipality,,16.0,54,54,4,Europe/Vilnius,FALSE,1440813169
Mažaičiai,Mazaiciai,Mozhaychyay,55.8810,23.6290,Lithuania,LT,LTU,Radviliškis,Radviliskis,LT-37,district municipality,,22.1,54,54,4,Europe/Vilnius,FALSE,1440393685
Baukai,Baukai,Bovkyay,55.7940,23.8080,Lithuania,LT,LTU,Radviliškis,Radviliskis,LT-37,district municipality,,22.1,54,54,4,Europe/Vilnius,FALSE,1440609695
Rokų Miško Kelmynas,Roku Misko Kelmynas,,54.8310,23.9970,Lithuania,LT,LTU,Kaunas,Kaunas,LT-16,district municipality,,1785.6,54,54,3,Europe/Vilnius,FALSE,1440411439
Gudžiūnai,Gudziunai,Godzyuny|Godzhyunay,55.1930,23.1670,Lithuania,LT,LTU,Jurbarkas,Jurbarkas,LT-12,district municipality,,16.5,54,54,4,Europe/Vilnius,FALSE,1440827793
Asmalai,Asmalai,,55.4170,25.6380,Lithuania,LT,LTU,Utena,Utena,LT-54,district municipality,,32.5,54,54,4,Europe/Vilnius,FALSE,1440456812
Lolytis,Lolytis,,55.3830,21.9940,Lithuania,LT,LTU,Šilutė,Silute,LT-46,district municipality,,32.9,54,54,4,Europe/Vilnius,FALSE,1440700134
Petraičiai,Petraiciai,Pyatraychyay,56.3420,23.3610,Lithuania,LT,LTU,Joniškis,Joniskis,LT-11,district municipality,,19.1,53,53,4,Europe/Vilnius,FALSE,1440242007
Senamiestis,Senamiestis,,55.7660,24.3630,Lithuania,LT,LTU,Panevėžys,Panevezys,LT-33,district municipality,,142.7,53,53,4,Europe/Vilnius,FALSE,1440528325
Rukiškis,Rukiskis,Rukishki|Rukiškio,55.6333,24.7500,Lithuania,LT,LTU,Anykščiai,Anyksciai,LT-04,district municipality,,13.6,53,53,4,Europe/Vilnius,FALSE,1440285758
Kidoliškiai,Kidoliskiai,,54.5920,23.3470,Lithuania,LT,LTU,Marijampolė,Marijampole,LT-25,district municipality,,73.3,53,53,4,Europe/Vilnius,FALSE,1440381687
Karveliškis,Karveliskis,,55.5270,25.6100,Lithuania,LT,LTU,Utena,Utena,LT-54,district municipality,,32.5,53,53,4,Europe/Vilnius,FALSE,1440962569
Žvynėnai,Zvynenai,Žvyrėnai|Zhvinenay|Žvynėnų,55.2030,25.2110,Lithuania,LT,LTU,Ukmergė,Ukmerge,LT-53,district municipality,,24.2,53,53,4,Europe/Vilnius,FALSE,1440985727
Karliškės,Karliskes,,54.3420,24.3080,Lithuania,LT,LTU,Alytus,Alytus,LT-03,district municipality,,17.7,53,53,4,Europe/Vilnius,FALSE,1440402719
Prūseliai,Pruseliai,,55.8680,24.6880,Lithuania,LT,LTU,Panevėžys,Panevezys,LT-33,district municipality,,16.9,53,53,4,Europe/Vilnius,FALSE,1440806295
Našiūnai,Nasiunai,,55.0200,25.5210,Lithuania,LT,LTU,Vilnius,Vilnius,LT-58,district municipality,,49.0,53,53,4,Europe/Vilnius,FALSE,1440752429
Olendernė,Olenderne,,54.5060,24.2830,Lithuania,LT,LTU,Alytus,Alytus,LT-03,district municipality,,17.7,53,53,4,Europe/Vilnius,FALSE,1440162504
Gricaičiai,Gricaiciai,Gritsaychay|Gricaičių,56.2690,21.9420,Lithuania,LT,LTU,Skuodas,Skuodas,LT-48,district municipality,,17.9,53,53,4,Europe/Vilnius,FALSE,1440957166
Dielinė,Dieline,Dieline,54.6160,23.3280,Lithuania,LT,LTU,Marijampolė,Marijampole,LT-25,district municipality,,73.3,53,53,4,Europe/Vilnius,FALSE,1440163932
Anglininkai,Anglininkai,,54.6080,24.2310,Lithuania,LT,LTU,Prienai,Prienai,LT-36,district municipality,,24.8,53,53,4,Europe/Vilnius,FALSE,1440890394
Strielčiai,Strielciai,,54.4530,24.0780,Lithuania,LT,LTU,Alytus,Alytus,LT-03,district municipality,,17.7,53,53,4,Europe/Vilnius,FALSE,1440366558
Pėpės,Pepes,,54.3365,25.4940,Lithuania,LT,LTU,Šalčininkai,Salcininkai,LT-42,district municipality,,20.3,53,53,4,Europe/Vilnius,FALSE,1440753516
Juozapava,Juozapava,,55.9880,25.6270,Lithuania,LT,LTU,Rokiškis,Rokiskis,LT-40,district municipality,,16.6,53,53,4,Europe/Vilnius,FALSE,1440915301
Rūda,Ruda,,54.1140,23.6920,Lithuania,LT,LTU,Lazdijai,Lazdijai,LT-24,district municipality,,14.7,53,53,4,Europe/Vilnius,FALSE,1440643468
Judrarūdė,Judrarude,,54.8120,23.4420,Lithuania,LT,LTU,Kazlų Rūdos,Kazlu Rudos,LT-17,municipality,,22.7,53,53,4,Europe/Vilnius,FALSE,1440511041
Mažučiai,Mazuciai,Mazhuchyay,56.2340,23.9180,Lithuania,LT,LTU,Pakruojis,Pakruojis,LT-30,district municipality,,15.0,53,53,4,Europe/Vilnius,FALSE,1440315750
Toleikiai,Toleikiai,Talaikiai|Toleyki|Talaikių,55.5980,25.6370,Lithuania,LT,LTU,Utena,Utena,LT-54,district municipality,,32.5,53,53,4,Europe/Vilnius,FALSE,1440699519
Šlaveitai,Slaveitai,,56.0390,21.3360,Lithuania,LT,LTU,Kretinga,Kretinga,LT-22,district municipality,,38.5,53,53,4,Europe/Vilnius,FALSE,1440125987
Vepai,Vepai,Vepi,55.8010,24.6110,Lithuania,LT,LTU,Panevėžys,Panevezys,LT-33,district municipality,,16.9,53,53,4,Europe/Vilnius,FALSE,1440759758
Obeliai,Obeliai,Obelyay|Obelių,55.9670,25.1560,Lithuania,LT,LTU,Rokiškis,Rokiskis,LT-40,district municipality,,16.6,53,53,4,Europe/Vilnius,TRUE,1440759881
Kurkliškės,Kurkliskes,Karkliškiai|Kurklishkyay,54.7280,24.8440,Lithuania,LT,LTU,Elektrénai,Elektrenai,LT-08,municipality,,70.0,53,53,4,Europe/Vilnius,FALSE,1440280231
Nakrosiškiai,Nakrosiskiai,,55.9240,22.3520,Lithuania,LT,LTU,Telšiai,Telsiai,LT-51,district municipality,,27.4,53,53,4,Europe/Vilnius,FALSE,1440489560
Dubiniai,Dubiniai,Dubinyay|Dubenay,55.9580,22.6390,Lithuania,LT,LTU,Šiauliai,Siauliai,LT-44,district municipality,,50.3,53,53,4,Europe/Vilnius,FALSE,1440227297
Nereikoniai,Nereikoniai,,56.0620,24.1920,Lithuania,LT,LTU,Pasvalys,Pasvalys,LT-34,district municipality,,18.4,53,53,4,Europe/Vilnius,FALSE,1440393267
Kuksinė,Kuksine,,56.1780,21.2890,Lithuania,LT,LTU,Skuodas,Skuodas,LT-48,district municipality,,17.9,53,53,4,Europe/Vilnius,FALSE,1440990271
Šukiskiai,Sukiskiai,Šukiškiai,55.8260,22.8960,Lithuania,LT,LTU,Kelmė,Kelme,LT-19,district municipality,,16.0,53,53,4,Europe/Vilnius,FALSE,1440380769
Būklės,Bukles,,54.6390,24.9100,Lithuania,LT,LTU,Trakai,Trakai,LT-52,district municipality,,44.9,53,53,4,Europe/Vilnius,FALSE,1440357889
Slavinčiškis,Slavinciskis,,55.8310,25.0310,Lithuania,LT,LTU,Kupiškis,Kupiskis,LT-23,district municipality,,16.0,53,53,4,Europe/Vilnius,FALSE,1440206237
Juknaičiai,Juknaiciai,Yuknaychyay,56.0150,23.7000,Lithuania,LT,LTU,Pakruojis,Pakruojis,LT-30,district municipality,,15.0,53,53,4,Europe/Vilnius,FALSE,1440337625
Pasraučiai,Pasrauciai,,55.2360,24.3500,Lithuania,LT,LTU,Jonava,Jonava,LT-10,district municipality,,44.9,53,53,4,Europe/Vilnius,FALSE,1440264725
Virbalai,Virbalai,Wirbaly|Virbalay|Virbalų,56.2310,21.5610,Lithuania,LT,LTU,Skuodas,Skuodas,LT-48,district municipality,,17.9,53,53,4,Europe/Vilnius,FALSE,1440721511
Kantrimiškis,Kantrimiskis,,54.9870,24.9820,Lithuania,LT,LTU,Širvintos,Sirvintos,LT-47,district municipality,,17.9,53,53,4,Europe/Vilnius,FALSE,1440948015
Kinderiai,Kinderiai,Kinderių|Kinderyay,55.7780,25.0970,Lithuania,LT,LTU,Kupiškis,Kupiskis,LT-23,district municipality,,16.0,53,53,4,Europe/Vilnius,FALSE,1440923861
Tolkiškės,Tolkiskes,,54.5390,24.6410,Lithuania,LT,LTU,Trakai,Trakai,LT-52,district municipality,,44.9,52,52,4,Europe/Vilnius,FALSE,1440166823
Noreikiai,Noreikiai,Noreykyay,56.0820,23.4400,Lithuania,LT,LTU,Šiauliai,Siauliai,LT-44,district municipality,,50.3,52,52,4,Europe/Vilnius,FALSE,1440497453
Didysis Raistas,Didysis Raistas,,54.9610,24.1610,Lithuania,LT,LTU,Jonava,Jonava,LT-10,district municipality,,40.5,52,52,4,Europe/Vilnius,FALSE,1440229681
Vazniškiai,Vazniskiai,,54.4530,23.3030,Lithuania,LT,LTU,Kalvarija,Kalvarija,LT-14,municipality,,24.6,52,52,4,Europe/Vilnius,FALSE,1440472187
Papartėliai,Paparteliai,Poporteli,54.9060,24.5920,Lithuania,LT,LTU,Kaišiadorys,Kaisiadorys,LT-13,district municipality,,26.8,52,52,4,Europe/Vilnius,FALSE,1440542598
Opšrūtai I,Opsrutai I,,54.5910,23.6840,Lithuania,LT,LTU,Marijampolė,Marijampole,LT-25,district municipality,,24.8,52,52,4,Europe/Vilnius,FALSE,1440006553
Butėnai,Butenai,Butėnų|Butenay|Būtėnai,55.7610,25.1810,Lithuania,LT,LTU,Kupiškis,Kupiskis,LT-23,district municipality,,16.0,52,52,4,Europe/Vilnius,FALSE,1440197397
Slabada,Slabada,,55.2640,24.9500,Lithuania,LT,LTU,Ukmergė,Ukmerge,LT-53,district municipality,,24.2,52,52,4,Europe/Vilnius,TRUE,1440395554
Kaukliai,Kaukliai,,55.9310,24.2110,Lithuania,LT,LTU,Pasvalys,Pasvalys,LT-34,district municipality,,18.4,52,52,4,Europe/Vilnius,FALSE,1440765369
Pūstakiemis,Pustakiemis,,54.8220,24.6500,Lithuania,LT,LTU,Elektrénai,Elektrenai,LT-08,municipality,,70.0,52,52,4,Europe/Vilnius,FALSE,1440655757
Ruteliai,Ruteliai,Grimailynė|Rūteliai,55.5850,23.2060,Lithuania,LT,LTU,Kelmė,Kelme,LT-19,district municipality,,16.0,52,52,4,Europe/Vilnius,FALSE,1440490531
Lingės,Linges,Lingyay,55.4700,22.4860,Lithuania,LT,LTU,Šilalė,Silale,LT-45,district municipality,,20.0,52,52,4,Europe/Vilnius,FALSE,1440918433
Pranciškonys,Pranciskonys,,54.8760,25.3000,Lithuania,LT,LTU,Vilnius,Vilnius,LT-58,district municipality,,49.0,52,52,4,Europe/Vilnius,FALSE,1440755262
Guobai,Guobai,,54.7090,23.5880,Lithuania,LT,LTU,Kazlų Rūdos,Kazlu Rudos,LT-17,municipality,,22.7,52,52,4,Europe/Vilnius,FALSE,1440711740
Miežoniai,Miezoniai,,55.0630,25.3880,Lithuania,LT,LTU,Molėtai,Moletai,LT-27,district municipality,,13.2,52,52,4,Europe/Vilnius,FALSE,1440694018
Baliuliai,Baliuliai,Balyuli|Balyulay,54.9780,25.9070,Lithuania,LT,LTU,Švenčionys,Svencionys,LT-49,district municipality,,14.2,52,52,4,Europe/Vilnius,FALSE,1440181788
Kumečiai,Kumeciai,,55.0620,23.4310,Lithuania,LT,LTU,Šakiai,Sakiai,LT-41,district municipality,,20.0,52,52,4,Europe/Vilnius,FALSE,1440473571
Pakovarniškės,Pakovarniskes,,54.5380,25.4260,Lithuania,LT,LTU,Vilnius,Vilnius,LT-58,district municipality,,49.0,52,52,4,Europe/Vilnius,FALSE,1440378574
Laukagaliai,Laukagaliai,Laukagalyay|Laugaliai|Lovkogol’|Laukagalių|Laukogaliai,55.5420,24.7610,Lithuania,LT,LTU,Anykščiai,Anyksciai,LT-04,district municipality,,13.6,52,52,4,Europe/Vilnius,FALSE,1440237782
Paąžuoliai,Paazuoliai,,54.8211,25.0739,Lithuania,LT,LTU,Vilnius,Vilnius,LT-58,district municipality,,49.0,52,52,4,Europe/Vilnius,TRUE,1440800172
Šaltinėnai,Saltinenai,,54.5420,24.0000,Lithuania,LT,LTU,Birštonas,Birstonas,LT-05,municipality,,33.4,52,52,4,Europe/Vilnius,FALSE,1440178723
Avižonys,Avizonys,,54.1860,23.5470,Lithuania,LT,LTU,Lazdijai,Lazdijai,LT-24,district municipality,,14.7,52,52,4,Europe/Vilnius,FALSE,1440507256
Naujikai,Naujikai,,55.7930,24.4890,Lithuania,LT,LTU,Panevėžys,Panevezys,LT-33,district municipality,,16.9,52,52,4,Europe/Vilnius,FALSE,1440971258
Žvyriai,Zvyriai,Zhviry|Žvyrių,55.0890,22.9380,Lithuania,LT,LTU,Jurbarkas,Jurbarkas,LT-12,district municipality,,18.6,52,52,4,Europe/Vilnius,FALSE,1440684467
Stultiškiai,Stultiskiai,Stul’tsishki,55.6320,24.2280,Lithuania,LT,LTU,Panevėžys,Panevezys,LT-33,district municipality,,16.9,52,52,4,Europe/Vilnius,FALSE,1440041840
Agariniai,Agariniai,,54.2360,23.6080,Lithuania,LT,LTU,Lazdijai,Lazdijai,LT-24,district municipality,,14.7,52,52,4,Europe/Vilnius,FALSE,1440196182
Žirnainiai,Zirnainiai,Zhirnayne,55.5160,22.6450,Lithuania,LT,LTU,Kelmė,Kelme,LT-19,district municipality,,16.0,52,52,4,Europe/Vilnius,FALSE,1440379552
Budriai,Budriai,,55.4420,24.8500,Lithuania,LT,LTU,Anykščiai,Anyksciai,LT-04,district municipality,,13.6,52,52,4,Europe/Vilnius,FALSE,1440608338
Triušiai,Triusiai,Trushen|Trušiai,55.8190,21.3000,Lithuania,LT,LTU,Klaipėda,Klaipeda,LT-21,district municipality,,45.9,52,52,4,Europe/Vilnius,FALSE,1440331286
Liaudiškiai,Liaudiskiai,Liaudiškiai II|Liaudiškiai Antrieji|Karžygiai|Liaudiškiai Pirmieji|Liaudiškiai I|Liaudishkyay|Liaudiškių,55.8610,23.5900,Lithuania,LT,LTU,Radviliškis,Radviliskis,LT-37,district municipality,,22.1,52,52,4,Europe/Vilnius,FALSE,1440116857
Dainoriai,Dainoriai,,54.3310,23.3240,Lithuania,LT,LTU,Kalvarija,Kalvarija,LT-14,municipality,,24.6,52,52,4,Europe/Vilnius,FALSE,1440648588
Tilžė,Tilze,,56.3337,22.9200,Lithuania,LT,LTU,Akmenė,Akmene,LT-01,district municipality,,23.3,52,52,4,Europe/Vilnius,FALSE,1440613387
Vincentavas,Vincentavas,,54.9750,23.5140,Lithuania,LT,LTU,Kaunas,Kaunas,LT-16,district municipality,,61.6,52,52,4,Europe/Vilnius,FALSE,1440880435
Kozelkiškės,Kozelkiskes,,54.5990,24.7130,Lithuania,LT,LTU,Trakai,Trakai,LT-52,district municipality,,44.9,52,52,4,Europe/Vilnius,FALSE,1440527979
Skapiškiai,Skapiskiai,,55.2470,23.3470,Lithuania,LT,LTU,Raseiniai,Raseiniai,LT-38,district municipality,,21.2,52,52,4,Europe/Vilnius,FALSE,1440399158
Šatriai,Satriai,Shattern,55.7810,21.3560,Lithuania,LT,LTU,Klaipėda,Klaipeda,LT-21,district municipality,,46.6,52,52,4,Europe/Vilnius,FALSE,1440850471
Jonaiciai,Jonaiciai,,55.4970,22.0070,Lithuania,LT,LTU,Šilalė,Silale,LT-45,district municipality,,20.0,52,52,4,Europe/Vilnius,FALSE,1440866396
Vijeikiai,Vijeikiai,,55.4870,25.6860,Lithuania,LT,LTU,Utena,Utena,LT-54,district municipality,,32.5,52,52,4,Europe/Vilnius,FALSE,1440631558
Jasunškai,Jasunskai,,54.4470,24.0220,Lithuania,LT,LTU,Alytus,Alytus,LT-03,district municipality,,17.7,52,52,4,Europe/Vilnius,FALSE,1440849672
Stalgas,Stalgas,Stalgiai|Stalgenay,55.7970,21.8670,Lithuania,LT,LTU,Plungė,Plunge,LT-35,district municipality,,35.6,51,51,4,Europe/Vilnius,FALSE,1440988826
Brėvikiai,Brevikiai,Brevikių|Brevikyay,56.0333,22.2167,Lithuania,LT,LTU,Telšiai,Telsiai,LT-51,district municipality,,33.6,51,51,4,Europe/Vilnius,FALSE,1440084232
Santakai,Santakai,,54.8750,22.9640,Lithuania,LT,LTU,Šakiai,Sakiai,LT-41,district municipality,,20.0,51,51,4,Europe/Vilnius,FALSE,1440444190
Greikonys,Greikonys,Gereykantsy|Greikonio|Greikonis,54.5470,24.2220,Lithuania,LT,LTU,Alytus,Alytus,LT-03,district municipality,,17.7,51,51,4,Europe/Vilnius,FALSE,1440503843
Pocaičiai,Pocaiciai,Potsaytse,55.2500,22.7600,Lithuania,LT,LTU,Jurbarkas,Jurbarkas,LT-12,district municipality,,16.5,51,51,4,Europe/Vilnius,FALSE,1440132377
Tatkūnai,Tatkunai,Tatkuny,55.2780,24.6500,Lithuania,LT,LTU,Ukmergė,Ukmerge,LT-53,district municipality,,24.2,51,51,4,Europe/Vilnius,FALSE,1440477654
Aleksandriškės,Aleksandriskes,,54.5650,24.7470,Lithuania,LT,LTU,Trakai,Trakai,LT-52,district municipality,,44.9,51,51,4,Europe/Vilnius,FALSE,1440439059
Kuktiškės,Kuktiskes,Kukuzishki|Kuktishkes|Kukciszki|Kuktiškių,55.3939,25.6781,Lithuania,LT,LTU,Utena,Utena,LT-54,district municipality,,32.5,51,51,4,Europe/Vilnius,FALSE,1440764419
Butkai,Butkai,Buttken,55.5939,21.3169,Lithuania,LT,LTU,Klaipėda,Klaipeda,LT-21,district municipality,,46.6,51,51,4,Europe/Vilnius,FALSE,1440694143
Derkinčiai,Derkinciai,Derkinčių|Derkinchay|Derkinchai|Derkincie,56.1470,21.7690,Lithuania,LT,LTU,Skuodas,Skuodas,LT-48,district municipality,,17.9,51,51,4,Europe/Vilnius,FALSE,1440241624
Padumbliai,Padumbliai,Padumblių|Padumble|Podumbiai|Podumbyay,54.0330,23.6610,Lithuania,LT,LTU,Lazdijai,Lazdijai,LT-24,district municipality,,14.7,51,51,4,Europe/Vilnius,FALSE,1440605771
Pošnia,Posnia,Pošnios|Pashnya,54.3780,23.8390,Lithuania,LT,LTU,Alytus,Alytus,LT-03,district municipality,,17.7,51,51,4,Europe/Vilnius,FALSE,1440262858
Pašventupys,Pasventupys,Posventupe|Pašventupio|Pašventupis,54.7000,24.0670,Lithuania,LT,LTU,Prienai,Prienai,LT-36,district municipality,,24.8,51,51,4,Europe/Vilnius,FALSE,1440995014
Baluškiai,Baluskiai,Baluškių|Balushkyay,55.9730,24.4960,Lithuania,LT,LTU,Pasvalys,Pasvalys,LT-34,district municipality,,18.4,51,51,4,Europe/Vilnius,FALSE,1440152621
Kadrėnai,Kadrenai,Kadrany,55.2940,24.8330,Lithuania,LT,LTU,Ukmergė,Ukmerge,LT-53,district municipality,,24.2,51,51,4,Europe/Vilnius,FALSE,1440551571
Karaliūnai,Karaliunai,,54.5460,24.6590,Lithuania,LT,LTU,Trakai,Trakai,LT-52,district municipality,,44.9,51,51,4,Europe/Vilnius,FALSE,1440460483
Vartulėnai,Vartulenai,Vartulyany,55.3800,22.1150,Lithuania,LT,LTU,Šilalė,Silale,LT-45,district municipality,,20.0,51,51,4,Europe/Vilnius,FALSE,1440683134
Lileikėnai,Lileikenai,Lileykenay,55.4610,22.0400,Lithuania,LT,LTU,Šilalė,Silale,LT-45,district municipality,,20.0,51,51,4,Europe/Vilnius,FALSE,1440552645
Dubaklonis,Dubaklonis,,54.1310,24.1250,Lithuania,LT,LTU,Varėna,Varena,LT-55,district municipality,,9.4,51,51,4,Europe/Vilnius,FALSE,1440199880
Degučiai,Deguciai,,54.7830,23.3240,Lithuania,LT,LTU,Kazlų Rūdos,Kazlu Rudos,LT-17,municipality,,22.7,51,51,4,Europe/Vilnius,FALSE,1440289337
Viškonys,Viskonys,Vishkantsy,55.4530,24.7140,Lithuania,LT,LTU,Ukmergė,Ukmerge,LT-53,district municipality,,24.2,51,51,4,Europe/Vilnius,FALSE,1440500291
Gavėniai,Gaveniai,Gavenyay|Gavėnių,55.0520,25.0480,Lithuania,LT,LTU,Širvintos,Sirvintos,LT-47,district municipality,,17.9,51,51,4,Europe/Vilnius,FALSE,1440867960
Dukeliai,Dukeliai,Dukele,54.5930,25.4160,Lithuania,LT,LTU,Vilnius,Vilnius,LT-58,district municipality,,49.0,51,51,4,Europe/Vilnius,FALSE,1440421411
Pakiršinėlis,Pakirsinelis,Pokershine,55.6740,23.8150,Lithuania,LT,LTU,Radviliškis,Radviliskis,LT-37,district municipality,,22.1,51,51,4,Europe/Vilnius,FALSE,1440492929
Lapiakalnis,Lapiakalnis,,54.7580,24.8060,Lithuania,LT,LTU,Elektrénai,Elektrenai,LT-08,municipality,,70.0,51,51,4,Europe/Vilnius,FALSE,1440159852
Lingėnai,Lingenai,,55.8090,22.4390,Lithuania,LT,LTU,Telšiai,Telsiai,LT-51,district municipality,,27.4,51,51,4,Europe/Vilnius,FALSE,1440898236
Bružas,Bruzas,,56.3480,23.2620,Lithuania,LT,LTU,Joniškis,Joniskis,LT-11,district municipality,,19.1,51,51,4,Europe/Vilnius,FALSE,1440820641
Pošalčiai,Posalciai,,54.3310,24.8500,Lithuania,LT,LTU,Varėna,Varena,LT-55,district municipality,,9.4,51,51,4,Europe/Vilnius,FALSE,1440739854
Selioviškės,Selioviskes,,54.6900,25.0030,Lithuania,LT,LTU,Trakai,Trakai,LT-52,district municipality,,44.9,51,51,4,Europe/Vilnius,FALSE,1440496735
Gudlaukis,Gudlaukis,Gudlanki,55.0010,22.9200,Lithuania,LT,LTU,Šakiai,Sakiai,LT-41,district municipality,,20.0,51,51,4,Europe/Vilnius,FALSE,1440565632
Kackonys,Kackonys,Katskane|Kaškonys|Kackoniai,55.1620,26.4960,Lithuania,LT,LTU,Švenčionys,Svencionys,LT-49,district municipality,,14.2,51,51,4,Europe/Vilnius,FALSE,1440135924
Pyktiškė,Pyktiske,,55.6920,21.7060,Lithuania,LT,LTU,Klaipėda,Klaipeda,LT-21,district municipality,,46.6,51,51,4,Europe/Vilnius,FALSE,1440642581
Tickinai,Tickinai,,55.7000,21.6750,Lithuania,LT,LTU,Klaipėda,Klaipeda,LT-21,district municipality,,46.6,51,51,4,Europe/Vilnius,FALSE,1440149183
Pamockė,Pamocke,,55.9350,22.7720,Lithuania,LT,LTU,Šiauliai,Siauliai,LT-44,district municipality,,50.3,51,51,4,Europe/Vilnius,FALSE,1440219428
Babrai,Babrai,,54.2280,23.6750,Lithuania,LT,LTU,Lazdijai,Lazdijai,LT-24,district municipality,,14.7,51,51,4,Europe/Vilnius,TRUE,1440293179
Garneliai,Garneliai,,55.5350,25.6360,Lithuania,LT,LTU,Utena,Utena,LT-54,district municipality,,32.5,51,51,4,Europe/Vilnius,FALSE,1440044846
Raudoniškis,Raudoniskis,,55.4330,25.6790,Lithuania,LT,LTU,Utena,Utena,LT-54,district municipality,,32.5,51,51,4,Europe/Vilnius,FALSE,1440302565
Raitininkai,Raitininkai,Raitininkay|Raytininkay|Raitininkų,54.2330,24.1140,Lithuania,LT,LTU,,,,,,17.7,51,51,4,Europe/Vilnius,FALSE,1440729270
Širviai,Sirviai,Širvių|Shirvyay,55.1500,24.2750,Lithuania,LT,LTU,Jonava,Jonava,LT-10,district municipality,,44.9,51,51,4,Europe/Vilnius,FALSE,1440513884
Tatkonys,Tatkonys,,55.8360,25.2000,Lithuania,LT,LTU,Kupiškis,Kupiskis,LT-23,district municipality,,16.0,51,51,4,Europe/Vilnius,FALSE,1440116739
Miliškiai,Miliskiai,,54.9500,23.1500,Lithuania,LT,LTU,Šakiai,Sakiai,LT-41,district municipality,,20.0,51,51,4,Europe/Vilnius,FALSE,1440457659
Vošgėliai,Vosgeliai,Vazgelyay|Vozgėliai|Vozgėlių,55.7270,25.7490,Lithuania,LT,LTU,Zarasai,Zarasai,LT-60,district municipality,,13.4,51,51,4,Europe/Vilnius,FALSE,1440077435
Lapupys,Lapupys,,54.7310,23.9170,Lithuania,LT,LTU,Prienai,Prienai,LT-36,district municipality,,24.8,51,51,4,Europe/Vilnius,FALSE,1440304551
Liutkūnai,Liutkunai,,55.9640,23.4900,Lithuania,LT,LTU,Šiauliai,Siauliai,LT-44,district municipality,,50.3,51,51,4,Europe/Vilnius,FALSE,1440000098
Padvarninkai,Padvarninkai,,55.6310,25.0190,Lithuania,LT,LTU,Anykščiai,Anyksciai,LT-04,district municipality,,13.6,51,51,4,Europe/Vilnius,FALSE,1440563205
Kandrėnai,Kandrenai,,55.8560,25.2610,Lithuania,LT,LTU,Kupiškis,Kupiskis,LT-23,district municipality,,16.0,51,51,4,Europe/Vilnius,FALSE,1440469011
Kopūstai,Kopustai,Klauspuse|Klauspuschen,55.8110,21.1470,Lithuania,LT,LTU,Klaipėda,Klaipeda,LT-21,district municipality,,46.6,51,51,4,Europe/Vilnius,FALSE,1440108259
Nausodė,Nausode,,56.1800,22.0940,Lithuania,LT,LTU,Mažeikiai,Mazeikiai,LT-26,district municipality,,40.2,50,50,4,Europe/Vilnius,FALSE,1440436639
Vilkininkai,Vilkininkai,,54.0690,23.8140,Lithuania,LT,LTU,Lazdijai,Lazdijai,LT-24,district municipality,,14.7,50,50,4,Europe/Vilnius,FALSE,1440255665
Kalniai,Kalniai,,54.2850,23.2920,Lithuania,LT,LTU,Kalvarija,Kalvarija,LT-14,municipality,,24.6,50,50,4,Europe/Vilnius,FALSE,1440026458
Būdbaliai,Budbaliai,,54.5060,23.3330,Lithuania,LT,LTU,Marijampolė,Marijampole,LT-25,district municipality,,73.3,50,50,4,Europe/Vilnius,FALSE,1440327179
Mažuliai,Mazuliai,Pakalniškiai Antrieji|Pakalniškiai II,55.7560,23.8170,Lithuania,LT,LTU,Radviliškis,Radviliskis,LT-37,district municipality,,22.1,50,50,4,Europe/Vilnius,FALSE,1440663640
Sietynas,Sietynas,,54.8360,24.1250,Lithuania,LT,LTU,Kaunas,Kaunas,LT-16,district municipality,,56.1,50,50,4,Europe/Vilnius,FALSE,1440095176
Bališkiai,Baliskiai,Bališkiai Pirmieji|Balishkyay|Bališkiai I|Tolminkiemiai|Bališkiai II|Bališkiai Antrieji,55.8820,23.8050,Lithuania,LT,LTU,Pakruojis,Pakruojis,LT-30,district municipality,,15.0,50,50,4,Europe/Vilnius,FALSE,1440126149
Šašaičiai,Sasaiciai,,56.1160,21.9940,Lithuania,LT,LTU,Plungė,Plunge,LT-35,district municipality,,35.6,50,50,4,Europe/Vilnius,TRUE,1440350344
Naujienėlė I,Naujienele I,,54.4720,23.1420,Lithuania,LT,LTU,Kalvarija,Kalvarija,LT-14,municipality,,24.6,50,50,4,Europe/Vilnius,FALSE,1440712824
Varviškė,Varviske,,53.9122,23.7944,Lithuania,LT,LTU,Lazdijai,Lazdijai,LT-24,district municipality,,20.7,50,50,4,Europe/Vilnius,FALSE,1440458039
Bitaičiai,Bitaiciai,Bitaychyay,56.0030,23.6130,Lithuania,LT,LTU,Pakruojis,Pakruojis,LT-30,district municipality,,15.0,50,50,4,Europe/Vilnius,FALSE,1440864942
Skesbaliai,Skesbaliai,,54.5370,23.6910,Lithuania,LT,LTU,Marijampolė,Marijampole,LT-25,district municipality,,73.3,50,50,4,Europe/Vilnius,FALSE,1440430693
Aukseliai,Aukseliai,Zlotaryay|Bliurbinai,55.8560,22.7840,Lithuania,LT,LTU,Kelmė,Kelme,LT-19,district municipality,,16.0,50,50,4,Europe/Vilnius,FALSE,1440428811
Zdoniškė,Zdoniske,,55.7410,22.4590,Lithuania,LT,LTU,Telšiai,Telsiai,LT-51,district municipality,,27.4,50,50,4,Europe/Vilnius,FALSE,1440637852
Dapšiai,Dapsiai,,56.3600,22.1580,Lithuania,LT,LTU,Mažeikiai,Mazeikiai,LT-26,district municipality,,40.2,50,50,4,Europe/Vilnius,FALSE,1440404753
Strėžiūnai,Streziunai,Strazhuny,54.1250,24.8000,Lithuania,LT,LTU,Varėna,Varena,LT-55,district municipality,,9.4,50,50,4,Europe/Vilnius,FALSE,1440063516
Glitėnai,Glitenai,Gilenay|Glitėnų,55.5700,24.0380,Lithuania,LT,LTU,Panevėžys,Panevezys,LT-33,district municipality,,16.9,50,50,4,Europe/Vilnius,FALSE,1440478945
Gudeliai,Gudeliai,Gudelyay,55.6410,23.1590,Lithuania,LT,LTU,Kelmė,Kelme,LT-19,district municipality,,16.0,50,50,4,Europe/Vilnius,FALSE,1440500414
Tarvainiai,Tarvainiai,,55.9530,21.9680,Lithuania,LT,LTU,Plungė,Plunge,LT-35,district municipality,,35.6,50,50,4,Europe/Vilnius,FALSE,1440668585
Nugariai,Nugariai,Nugarey,55.9420,21.9030,Lithuania,LT,LTU,Plungė,Plunge,LT-35,district municipality,,35.6,50,50,4,Europe/Vilnius,FALSE,1440138780
Mėčiūnai,Meciunai,Meciūnų|Mitsyuny,54.0670,23.6720,Lithuania,LT,LTU,Lazdijai,Lazdijai,LT-24,district municipality,,14.7,50,50,4,Europe/Vilnius,FALSE,1440498990
Karčrūdė,Karcrude,Karchova-ruda|Karčrūdės,54.8800,23.3320,Lithuania,LT,LTU,Šakiai,Sakiai,LT-41,district municipality,,20.1,50,50,4,Europe/Vilnius,FALSE,1440628130
Žarijos,Zarijos,,54.6560,24.0110,Lithuania,LT,LTU,Prienai,Prienai,LT-36,district municipality,,24.8,50,50,4,Europe/Vilnius,FALSE,1440661104
Noreišiai,Noreisiai,,55.7140,23.0300,Lithuania,LT,LTU,Kelmė,Kelme,LT-19,district municipality,,16.0,50,50,4,Europe/Vilnius,FALSE,1440917599
Dameliai,Dameliai,Damelyay|Damelių|Damyalyay,56.2720,23.2630,Lithuania,LT,LTU,Joniškis,Joniskis,LT-11,district municipality,,19.1,50,50,4,Europe/Vilnius,FALSE,1440387720
Dirmeikiai,Dirmeikiai,,56.0700,22.5140,Lithuania,LT,LTU,Telšiai,Telsiai,LT-51,district municipality,,27.4,50,50,4,Europe/Vilnius,FALSE,1440915745
Lapšius,Lapsius,,54.2280,23.8830,Lithuania,LT,LTU,Lazdijai,Lazdijai,LT-24,district municipality,,14.7,50,50,4,Europe/Vilnius,FALSE,1440606006
Gudeliai,Gudeliai,,54.5660,25.0450,Lithuania,LT,LTU,Vilnius,Vilnius,LT-58,district municipality,,1183.2,50,50,3,Europe/Vilnius,TRUE,1440002028
Juodalaukis,Juodalaukis,,54.6450,25.4920,Lithuania,LT,LTU,Vilnius,Vilnius,LT-58,district municipality,,49.0,50,50,4,Europe/Vilnius,FALSE,1440568695
Vajasiškis,Vajasiskis,Vajesiškio|Vajesiškis|Valesishkis,55.5670,25.9530,Lithuania,LT,LTU,Zarasai,Zarasai,LT-60,district municipality,,20.6,50,50,4,Europe/Vilnius,FALSE,1440213563
Juodiškės,Juodiskes,,55.2270,25.4750,Lithuania,LT,LTU,Molėtai,Moletai,LT-27,district municipality,,13.2,50,50,4,Europe/Vilnius,FALSE,1440683603
Kavoliai,Kavoliai,Kavolių|Kavolyay,55.7620,25.8130,Lithuania,LT,LTU,Zarasai,Zarasai,LT-60,district municipality,,15.0,50,50,4,Europe/Vilnius,FALSE,1440040461
Stelmužė,Stelmuze,Steinsee|Stelmuzhe,55.8275,26.2197,Lithuania,LT,LTU,Zarasai,Zarasai,LT-60,district municipality,,13.4,50,50,3,Europe/Vilnius,FALSE,1440795545
Nečiūnai,Neciunai,,54.5610,24.0640,Lithuania,LT,LTU,Birštonas,Birstonas,LT-05,municipality,,23.0,50,50,4,Europe/Vilnius,FALSE,1440426210
Pašešuolė,Pasesuole,,55.2060,24.9470,Lithuania,LT,LTU,Ukmergė,Ukmerge,LT-53,district municipality,,24.2,50,50,4,Europe/Vilnius,FALSE,1440611399
Daniūnai,Daniunai,,56.1610,24.5410,Lithuania,LT,LTU,Pasvalys,Pasvalys,LT-34,district municipality,,17.3,50,50,4,Europe/Vilnius,TRUE,1440959526
Smailiai,Smailiai,,55.0870,25.3670,Lithuania,LT,LTU,Molėtai,Moletai,LT-27,district municipality,,13.2,50,50,4,Europe/Vilnius,FALSE,1440023392
Skėteriai,Sketeriai,,54.9490,24.9400,Lithuania,LT,LTU,Širvintos,Sirvintos,LT-47,district municipality,,17.9,50,50,4,Europe/Vilnius,FALSE,1440000037
Bygailiai,Bygailiai,,55.7770,24.6730,Lithuania,LT,LTU,Panevėžys,Panevezys,LT-33,district municipality,,16.9,50,50,4,Europe/Vilnius,FALSE,1440306668
Nevočiai,Nevociai,Niewojce|Nevočių|Nevochyay,56.1830,21.5860,Lithuania,LT,LTU,Skuodas,Skuodas,LT-48,district municipality,,17.9,50,50,4,Europe/Vilnius,FALSE,1440449940
Staškūniškis,Staskuniskis,,55.0920,25.0060,Lithuania,LT,LTU,Širvintos,Sirvintos,LT-47,district municipality,,17.9,50,50,4,Europe/Vilnius,FALSE,1440757807
Pabaliai,Pabaliai,,54.5310,24.1970,Lithuania,LT,LTU,Alytus,Alytus,LT-03,district municipality,,17.7,50,50,4,Europe/Vilnius,FALSE,1440996717
Gručeikiai,Gruceikiai,Grudshayken|Grudžeikiai,55.6220,21.2420,Lithuania,LT,LTU,Klaipėda,Klaipeda,LT-21,district municipality,,1060.6,50,50,3,Europe/Vilnius,FALSE,1440594014
Mikailaičiai,Mikailaiciai,Mikolaychyay,55.9580,23.4430,Lithuania,LT,LTU,Šiauliai,Siauliai,LT-44,district municipality,,50.3,50,50,4,Europe/Vilnius,FALSE,1440248769
Lieponys,Lieponys,Lejpuny|Leypuny|Leponay|Lieponiai|Lieponai|Leipūnai,54.4410,24.7460,Lithuania,LT,LTU,Trakai,Trakai,LT-52,district municipality,,44.9,49,49,4,Europe/Vilnius,FALSE,1440061687
Rūdninkai,Rudninkai,,54.3360,23.2260,Lithuania,LT,LTU,Kalvarija,Kalvarija,LT-14,municipality,,24.6,49,49,4,Europe/Vilnius,FALSE,1440315516
Šventupys,Sventupys,Sventorzheche|Šventuvys,55.6170,25.4330,Lithuania,LT,LTU,Anykščiai,Anyksciai,LT-04,district municipality,,13.6,49,49,4,Europe/Vilnius,FALSE,1440003879
Ėglupiai,Eglupiai,Eglupe|Eglupyay|Eglupių,54.5130,22.8330,Lithuania,LT,LTU,Vilkaviškis,Vilkaviskis,LT-56,district municipality,,29.1,49,49,4,Europe/Vilnius,FALSE,1440228792
Endrikiai,Endrikiai,,54.9600,22.8430,Lithuania,LT,LTU,Šakiai,Sakiai,LT-41,district municipality,,20.0,49,49,4,Europe/Vilnius,FALSE,1440252307
Dotamai,Dotamai,,54.4520,22.9520,Lithuania,LT,LTU,Vilkaviškis,Vilkaviskis,LT-56,district municipality,,29.1,49,49,4,Europe/Vilnius,FALSE,1440331259
Giraitė,Giraite,Giraytse|Giraitės,54.2780,23.5940,Lithuania,LT,LTU,Lazdijai,Lazdijai,LT-24,district municipality,,14.7,49,49,4,Europe/Vilnius,FALSE,1440826176
Skynimai,Skynimai,,54.7508,25.6675,Lithuania,LT,LTU,Vilnius,Vilnius,LT-58,district municipality,,49.0,49,49,4,Europe/Vilnius,FALSE,1440340172
Šakiai,Sakiai,,54.5420,22.7910,Lithuania,LT,LTU,Vilkaviškis,Vilkaviskis,LT-56,district municipality,,29.1,49,49,4,Europe/Vilnius,FALSE,1440848355
Asava,Asava,,54.3540,23.1540,Lithuania,LT,LTU,Kalvarija,Kalvarija,LT-14,municipality,,24.6,49,49,4,Europe/Vilnius,FALSE,1440274209
Nikančiai,Nikanciai,Nikanchyay,56.0630,23.4330,Lithuania,LT,LTU,Šiauliai,Siauliai,LT-44,district municipality,,50.3,49,49,4,Europe/Vilnius,FALSE,1440106436
Naujosios Naniskės,Naujosios Naniskes,,54.3220,24.8810,Lithuania,LT,LTU,Varėna,Varena,LT-55,district municipality,,9.4,49,49,4,Europe/Vilnius,FALSE,1440706997
Žeberiai,Zeberiai,Zhiburyay,55.6790,22.1120,Lithuania,LT,LTU,Rietavas,Rietavas,LT-39,municipality,,13.0,49,49,4,Europe/Vilnius,FALSE,1440496640
Pramezys,Pramezys,,54.4750,23.8280,Lithuania,LT,LTU,Prienai,Prienai,LT-36,district municipality,,22.9,49,49,4,Europe/Vilnius,FALSE,1440467604
Antanaičiai,Antanaiciai,,54.9430,25.0410,Lithuania,LT,LTU,Širvintos,Sirvintos,LT-47,district municipality,,17.9,49,49,4,Europe/Vilnius,FALSE,1440224821
Sukuriškiai,Sukuriskiai,,55.3530,23.1360,Lithuania,LT,LTU,Raseiniai,Raseiniai,LT-38,district municipality,,21.2,49,49,4,Europe/Vilnius,FALSE,1440426510
Paželsviai,Pazelsviai,Paželsvių|Paželviai|Pozhel’stvo,54.4150,23.4330,Lithuania,LT,LTU,Marijampolė,Marijampole,LT-25,district municipality,,73.3,49,49,4,Europe/Vilnius,FALSE,1440340315
Baršėnai,Barsenai,Barshenay|Baršėnų,55.8530,25.8350,Lithuania,LT,LTU,Rokiškis,Rokiskis,LT-40,district municipality,,16.6,49,49,4,Europe/Vilnius,FALSE,1440694535
Kryžkelis,Kryzkelis,,54.6080,25.5390,Lithuania,LT,LTU,Vilnius,Vilnius,LT-58,district municipality,,49.0,49,49,4,Europe/Vilnius,FALSE,1440073062
Drabužninkai,Drabuzninkai,Drabužiukai|Drabuzhniki|Drabužininkai|Drabužiukų,54.5700,24.6160,Lithuania,LT,LTU,Trakai,Trakai,LT-52,district municipality,,44.9,49,49,4,Europe/Vilnius,FALSE,1440484736
Dvarykščiai,Dvaryksciai,,54.6460,25.5270,Lithuania,LT,LTU,Vilnius,Vilnius,LT-58,district municipality,,49.0,49,49,4,Europe/Vilnius,FALSE,1440384684
Bildžiai,Bildziai,,54.7500,25.6680,Lithuania,LT,LTU,Vilnius,Vilnius,LT-58,district municipality,,49.0,49,49,4,Europe/Vilnius,FALSE,1440910895
Pakalniškiai,Pakalniskiai,,56.3060,22.9750,Lithuania,LT,LTU,Akmenė,Akmene,LT-01,district municipality,,23.3,49,49,4,Europe/Vilnius,FALSE,1440757027
Smilgeliai,Smilgeliai,Smilgelyay|Smilgelių,55.9380,24.3180,Lithuania,LT,LTU,Pasvalys,Pasvalys,LT-34,district municipality,,18.4,49,49,4,Europe/Vilnius,FALSE,1440301643
Bučionys,Bucionys,Buchionis,55.0060,24.5190,Lithuania,LT,LTU,Kaišiadorys,Kaisiadorys,LT-13,district municipality,,26.8,49,49,4,Europe/Vilnius,FALSE,1440451906
Miestaliai,Miestaliai,,55.4280,21.5000,Lithuania,LT,LTU,Šilutė,Silute,LT-46,district municipality,,32.9,49,49,4,Europe/Vilnius,FALSE,1440616191
Padvariškiai,Padvariskiai,Padvarishkyay|Podvorishki|Padvariškių,54.4390,24.1310,Lithuania,LT,LTU,Alytus,Alytus,LT-03,district municipality,,17.7,49,49,4,Europe/Vilnius,FALSE,1440154652
Pilionys,Pilionys,,55.2000,25.0250,Lithuania,LT,LTU,Ukmergė,Ukmerge,LT-53,district municipality,,24.2,49,49,4,Europe/Vilnius,FALSE,1440783106
Kapitulščizna,Kapitulscizna,,54.6590,25.4980,Lithuania,LT,LTU,Vilnius,Vilnius,LT-58,district municipality,,49.0,49,49,4,Europe/Vilnius,FALSE,1440251546
Papušynys,Papusynys,Popushine|Papušynis,55.6070,23.0920,Lithuania,LT,LTU,Kelmė,Kelme,LT-19,district municipality,,16.0,49,49,4,Europe/Vilnius,FALSE,1440826744
Bazorai,Bazorai,,54.4330,24.1670,Lithuania,LT,LTU,Alytus,Alytus,LT-03,district municipality,,17.7,49,49,4,Europe/Vilnius,FALSE,1440628216
Kuosinė II,Kuosine II,,54.5720,25.6650,Lithuania,LT,LTU,Vilnius,Vilnius,LT-58,district municipality,,49.0,49,49,4,Europe/Vilnius,FALSE,1440171828
Naujininkai,Naujininkai,,54.5480,22.7620,Lithuania,LT,LTU,Vilkaviškis,Vilkaviskis,LT-56,district municipality,,29.1,49,49,4,Europe/Vilnius,FALSE,1440744081
Nolėnai,Nolenai,,55.5600,25.6140,Lithuania,LT,LTU,Utena,Utena,LT-54,district municipality,,32.5,49,49,4,Europe/Vilnius,FALSE,1440705016
Terpeikiai,Terpeikiai,Terpeykyay|Terpeikių,55.7940,24.8060,Lithuania,LT,LTU,Kupiškis,Kupiskis,LT-23,district municipality,,16.0,49,49,3,Europe/Vilnius,FALSE,1440379473
Laukstėnai,Laukstenai,Laukstenay,55.4330,21.6530,Lithuania,LT,LTU,Šilutė,Silute,LT-46,district municipality,,32.9,49,49,4,Europe/Vilnius,FALSE,1440664079
Bijautonys,Bijautonys,,54.8190,24.3220,Lithuania,LT,LTU,Kaišiadorys,Kaisiadorys,LT-13,district municipality,,26.8,49,49,4,Europe/Vilnius,FALSE,1440097686
Severėnai,Severenai,,55.6330,22.4780,Lithuania,LT,LTU,Šilalė,Silale,LT-45,district municipality,,20.0,49,49,4,Europe/Vilnius,FALSE,1440478515
Šaltupis,Saltupis,,54.7330,23.9530,Lithuania,LT,LTU,Prienai,Prienai,LT-36,district municipality,,24.8,49,49,4,Europe/Vilnius,FALSE,1440667612
Bilvietis,Bilvietis,,55.5440,21.5530,Lithuania,LT,LTU,Klaipėda,Klaipeda,LT-21,district municipality,,46.6,49,49,4,Europe/Vilnius,FALSE,1440415022
Vilkablauzdė,Vilkablauzde,,55.4780,25.7870,Lithuania,LT,LTU,Utena,Utena,LT-54,district municipality,,32.5,49,49,4,Europe/Vilnius,FALSE,1440699482
Gindviliai,Gindviliai,,55.9470,25.6980,Lithuania,LT,LTU,Rokiškis,Rokiskis,LT-40,district municipality,,16.6,49,49,4,Europe/Vilnius,FALSE,1440772470
Vainiūnai,Vainiunai,Vaynyunay,56.1100,23.7500,Lithuania,LT,LTU,Pakruojis,Pakruojis,LT-30,district municipality,,15.0,49,49,4,Europe/Vilnius,FALSE,1440154060
Vilkagiris,Vilkagiris,,56.1030,24.3830,Lithuania,LT,LTU,Pasvalys,Pasvalys,LT-34,district municipality,,18.4,49,49,4,Europe/Vilnius,FALSE,1440342372
Niaukonys,Niaukonys,Naukonis|Niaukonių,55.7510,24.1150,Lithuania,LT,LTU,Panevėžys,Panevezys,LT-33,district municipality,,16.9,49,49,4,Europe/Vilnius,FALSE,1440439328
Ferma,Ferma,,54.7030,25.6420,Lithuania,LT,LTU,Vilnius,Vilnius,LT-58,district municipality,,49.0,49,49,4,Europe/Vilnius,FALSE,1440465029
Kveiliai,Kveiliai,Kveylyay,55.9260,22.3840,Lithuania,LT,LTU,Telšiai,Telsiai,LT-51,district municipality,,27.4,48,48,4,Europe/Vilnius,FALSE,1440280988
Vileikiai,Vileikiai,Veleykyay,55.6980,23.8940,Lithuania,LT,LTU,Radviliškis,Radviliskis,LT-37,district municipality,,22.1,48,48,4,Europe/Vilnius,FALSE,1440230705
Karažiškės,Karaziskes,,54.5750,24.8470,Lithuania,LT,LTU,Trakai,Trakai,LT-52,district municipality,,44.9,48,48,4,Europe/Vilnius,FALSE,1440702333
Perkūnai,Perkunai,,55.7360,21.5060,Lithuania,LT,LTU,Klaipėda,Klaipeda,LT-21,district municipality,,46.6,48,48,4,Europe/Vilnius,FALSE,1440965730
Uoksai,Uoksai,,55.6450,24.4260,Lithuania,LT,LTU,Panevėžys,Panevezys,LT-33,district municipality,,16.9,48,48,4,Europe/Vilnius,FALSE,1440311880
Stripūnai,Stripunai,,54.8840,25.5520,Lithuania,LT,LTU,Vilnius,Vilnius,LT-58,district municipality,,49.0,48,48,4,Europe/Vilnius,FALSE,1440078958
Nakiškėliai,Nakiskeliai,Nakishkeli,55.9930,24.0720,Lithuania,LT,LTU,Pasvalys,Pasvalys,LT-34,district municipality,,18.4,48,48,4,Europe/Vilnius,FALSE,1440661309
Kvederiškė,Kvederiske,,55.1440,26.0170,Lithuania,LT,LTU,Švenčionys,Svencionys,LT-49,district municipality,,14.2,48,48,4,Europe/Vilnius,FALSE,1440978476
Šnaukštai,Snaukstai,Šnaugštai|Shnaukshtay|Šniukštų,55.6640,21.4060,Lithuania,LT,LTU,Klaipėda,Klaipeda,LT-21,district municipality,,46.6,48,48,4,Europe/Vilnius,FALSE,1440363408
Naujasėdžiai,Naujasedziai,,54.3945,25.4120,Lithuania,LT,LTU,Šalčininkai,Salcininkai,LT-42,district municipality,,20.3,48,48,4,Europe/Vilnius,TRUE,1440385386
Šeškinė,Seskine,,56.2110,24.6280,Lithuania,LT,LTU,Biržai,Birzai,LT-06,district municipality,,15.7,48,48,4,Europe/Vilnius,FALSE,1440153332
Sangėliškės,Sangeliskes,,54.3910,25.3820,Lithuania,LT,LTU,Šalčininkai,Salcininkai,LT-42,district municipality,,20.3,48,48,4,Europe/Vilnius,FALSE,1440953163
Keliakiemis,Keliakiemis,,54.7310,24.8780,Lithuania,LT,LTU,Elektrénai,Elektrenai,LT-08,municipality,,70.0,48,48,4,Europe/Vilnius,FALSE,1440288092
Ligūnai,Ligunai,,55.5000,26.2640,Lithuania,LT,LTU,Ignalina,Ignalina,LT-09,district municipality,,11.1,48,48,4,Europe/Vilnius,FALSE,1440754596
Stačiūnai,Staciunai,,56.0450,24.4510,Lithuania,LT,LTU,Pasvalys,Pasvalys,LT-34,district municipality,,18.4,48,48,4,Europe/Vilnius,TRUE,1440322199
Skomaičiai,Skomaiciai,Skomaytse|Skamaičiai|Skamaičių,55.5420,23.7600,Lithuania,LT,LTU,Radviliškis,Radviliskis,LT-37,district municipality,,22.1,48,48,4,Europe/Vilnius,FALSE,1440179408
Rusių Ragas,Rusiu Ragas,,54.9590,24.6440,Lithuania,LT,LTU,Širvintos,Sirvintos,LT-47,district municipality,,26.8,48,48,4,Europe/Vilnius,FALSE,1440000026
Šaukėnai,Saukenai,Szayikiany|Szawkiany|Shavkyany|Shaukenay|Šaukėnų,55.8111,22.8833,Lithuania,LT,LTU,Kelmė,Kelme,LT-19,district municipality,,16.0,48,48,4,Europe/Vilnius,FALSE,1440194542
Švitrūnai,Svitrunai,,54.6410,22.8680,Lithuania,LT,LTU,Vilkaviškis,Vilkaviskis,LT-56,district municipality,,29.1,48,48,4,Europe/Vilnius,FALSE,1440074946
Naujasis Klebiškis,Naujasis Klebiskis,Nove-Khlebishki|Klebiškis,54.7080,23.7780,Lithuania,LT,LTU,Prienai,Prienai,LT-36,district municipality,,24.8,48,48,4,Europe/Vilnius,FALSE,1440595414
Beržiniai,Berziniai,,54.4300,22.9300,Lithuania,LT,LTU,Vilkaviškis,Vilkaviskis,LT-56,district municipality,,29.1,48,48,4,Europe/Vilnius,FALSE,1440405181
Šiksniai,Siksniai,Shikshnyay,54.6700,22.8100,Lithuania,LT,LTU,Vilkaviškis,Vilkaviskis,LT-56,district municipality,,29.1,48,48,4,Europe/Vilnius,FALSE,1440660414
Mykoliškiai,Mykoliskiai,,55.0330,24.1080,Lithuania,LT,LTU,Jonava,Jonava,LT-10,district municipality,,50.8,48,48,4,Europe/Vilnius,FALSE,1440214772
Cibiliekai,Cibiliekai,,54.4470,23.8140,Lithuania,LT,LTU,Alytus,Alytus,LT-03,district municipality,,17.7,48,48,4,Europe/Vilnius,FALSE,1440618398
Pakrovai,Pakrovai,Pokrovo,54.5780,24.2670,Lithuania,LT,LTU,Prienai,Prienai,LT-36,district municipality,,24.8,48,48,4,Europe/Vilnius,FALSE,1440797009
Gajūnai,Gajunai,Gayunay|Gajūnų,56.1830,25.0000,Lithuania,LT,LTU,Biržai,Birzai,LT-06,district municipality,,15.7,48,48,4,Europe/Vilnius,FALSE,1440973052
Šilgaliai,Silgaliai,,54.9860,23.0530,Lithuania,LT,LTU,Šakiai,Sakiai,LT-41,district municipality,,20.0,48,48,4,Europe/Vilnius,TRUE,1440774882
Dulkiškė,Dulkiske,,55.4080,21.7000,Lithuania,LT,LTU,Šilutė,Silute,LT-46,district municipality,,32.9,48,48,4,Europe/Vilnius,FALSE,1440606745
Kalviai,Kalviai,Kal’ve,55.5840,22.7160,Lithuania,LT,LTU,Kelmė,Kelme,LT-19,district municipality,,16.0,48,48,4,Europe/Vilnius,FALSE,1440594821
Kunigiškiai,Kunigiskiai,Kunegishkyay,55.7650,22.6280,Lithuania,LT,LTU,Kelmė,Kelme,LT-19,district municipality,,16.0,48,48,4,Europe/Vilnius,FALSE,1440066536
Bebrūnai,Bebrunai,,55.4420,24.9470,Lithuania,LT,LTU,Anykščiai,Anyksciai,LT-04,district municipality,,13.6,48,48,4,Europe/Vilnius,FALSE,1440236347
Krasnapolis,Krasnapolis,,54.5980,24.6750,Lithuania,LT,LTU,Trakai,Trakai,LT-52,district municipality,,44.9,48,48,4,Europe/Vilnius,FALSE,1440391467
Butkūnai,Butkunai,,55.2190,25.0190,Lithuania,LT,LTU,Ukmergė,Ukmerge,LT-53,district municipality,,24.2,48,48,4,Europe/Vilnius,FALSE,1440891078
Čiotiškiai,Ciotiskiai,Chotyshkis|Volungiai,55.8040,22.7180,Lithuania,LT,LTU,Kelmė,Kelme,LT-19,district municipality,,16.0,48,48,4,Europe/Vilnius,FALSE,1440588656
Getautė,Getaute,,55.9120,22.3270,Lithuania,LT,LTU,Telšiai,Telsiai,LT-51,district municipality,,27.4,48,48,4,Europe/Vilnius,FALSE,1440228768
Breiviškiai,Breiviskiai,,55.7890,24.6120,Lithuania,LT,LTU,Panevėžys,Panevezys,LT-33,district municipality,,16.9,48,48,4,Europe/Vilnius,FALSE,1440249604
Gudžioniai,Gudzioniai,Gudzhionyay,55.0789,24.3192,Lithuania,LT,LTU,Jonava,Jonava,LT-10,district municipality,,44.9,48,48,3,Europe/Vilnius,FALSE,1440441314
Valiai,Valiai,,54.9640,22.9920,Lithuania,LT,LTU,Šakiai,Sakiai,LT-41,district municipality,,20.0,48,48,4,Europe/Vilnius,TRUE,1440451852
Mickiemė,Mickieme,,55.6670,24.1020,Lithuania,LT,LTU,Panevėžys,Panevezys,LT-33,district municipality,,16.9,48,48,4,Europe/Vilnius,FALSE,1440602541
Nibragalys,Nibragalys,,55.6680,24.6430,Lithuania,LT,LTU,Panevėžys,Panevezys,LT-33,district municipality,,16.9,48,48,4,Europe/Vilnius,FALSE,1440587504
Piktožiai,Piktoziai,,55.6390,21.4360,Lithuania,LT,LTU,Klaipėda,Klaipeda,LT-21,district municipality,,46.6,48,48,4,Europe/Vilnius,FALSE,1440373919
Aliai,Aliai,,55.4840,25.7120,Lithuania,LT,LTU,Utena,Utena,LT-54,district municipality,,32.5,48,48,4,Europe/Vilnius,FALSE,1440471995
Pašvinės,Pasvines,Poshvine,55.8270,22.9890,Lithuania,LT,LTU,Šiauliai,Siauliai,LT-44,district municipality,,50.3,48,48,4,Europe/Vilnius,FALSE,1440225860
Gulbiškiai,Gulbiskiai,Gul’bishki,55.4120,22.0240,Lithuania,LT,LTU,Šilalė,Silale,LT-45,district municipality,,20.9,48,48,4,Europe/Vilnius,FALSE,1440490363
Šūkliai,Sukliai,Šuklių|Shukli|Shuklyay,54.7080,22.8840,Lithuania,LT,LTU,Vilkaviškis,Vilkaviskis,LT-56,district municipality,,29.1,48,48,4,Europe/Vilnius,FALSE,1440573241
Jonionys,Jonionys,,54.1667,24.1500,Lithuania,LT,LTU,Varėna,Varena,LT-55,district municipality,,9.4,48,48,3,Europe/Vilnius,FALSE,1440052958
Bobiai,Bobiai,Bobe|Bobių,54.7380,23.0390,Lithuania,LT,LTU,Vilkaviškis,Vilkaviskis,LT-56,district municipality,,29.1,48,48,4,Europe/Vilnius,FALSE,1440243056
Domeikiai,Domeikiai,,55.3640,24.8810,Lithuania,LT,LTU,Anykščiai,Anyksciai,LT-04,district municipality,,22.1,48,48,4,Europe/Vilnius,FALSE,1440845679
Norušaičiai,Norusaiciai,Narušaičiai|Narvšaičių|Narushaychyay,55.9270,23.5360,Lithuania,LT,LTU,Šiauliai,Siauliai,LT-44,district municipality,,50.3,48,48,4,Europe/Vilnius,FALSE,1440537510
Pakriaunys,Pakriaunys,Pakriaunyay|Pakriaunių|Pakriauniai,55.8700,25.7900,Lithuania,LT,LTU,Rokiškis,Rokiskis,LT-40,district municipality,,16.6,47,47,4,Europe/Vilnius,FALSE,1440416153
Dubiai,Dubiai,,54.4810,23.9810,Lithuania,LT,LTU,Alytus,Alytus,LT-03,district municipality,,17.7,47,47,4,Europe/Vilnius,FALSE,1440511460
Vaškiai,Vaskiai,,55.5920,21.2580,Lithuania,LT,LTU,Klaipėda,Klaipeda,LT-21,district municipality,,46.6,47,47,4,Europe/Vilnius,FALSE,1440441679
Kunigiškiai,Kunigiskiai,Kunigishkyay|Kunigishki,55.3440,24.9970,Lithuania,LT,LTU,Anykščiai,Anyksciai,LT-04,district municipality,,13.6,47,47,4,Europe/Vilnius,FALSE,1440430371
Pažemiškis,Pazemiskis,Pažemiškas,55.5500,26.3200,Lithuania,LT,LTU,Ignalina,Ignalina,LT-09,district municipality,,11.1,47,47,4,Europe/Vilnius,FALSE,1440564678
Žalpiai,Zalpiai,Zhol’pi|Zhal’pyay|Žalpių,55.3220,21.8110,Lithuania,LT,LTU,Šilutė,Silute,LT-46,district municipality,,32.9,47,47,4,Europe/Vilnius,FALSE,1440954187
Budiliai,Budiliai,Būdziliai|Budzili|Būdzilių,54.6670,24.6220,Lithuania,LT,LTU,Elektrénai,Elektrenai,LT-08,municipality,,70.0,47,47,4,Europe/Vilnius,FALSE,1440846145
Bebrujai,Bebrujai,Bebruyay,55.7310,23.6330,Lithuania,LT,LTU,Radviliškis,Radviliskis,LT-37,district municipality,,22.1,47,47,4,Europe/Vilnius,FALSE,1440881719
Buikiškė,Buikiske,Buykishke|Buykishki,55.3560,21.8310,Lithuania,LT,LTU,Šilutė,Silute,LT-46,district municipality,,32.9,47,47,4,Europe/Vilnius,FALSE,1440142967
Patumšliai,Patumsliai,Patumšaliai,55.9230,22.4180,Lithuania,LT,LTU,Telšiai,Telsiai,LT-51,district municipality,,27.4,47,47,4,Europe/Vilnius,FALSE,1440064226
Žikaronys,Zikaronys,Lingiai|Zhukharony,54.7110,24.5360,Lithuania,LT,LTU,Elektrénai,Elektrenai,LT-08,municipality,,26.9,47,47,4,Europe/Vilnius,FALSE,1440495772
Alionys,Alionys,Alionis|Alionių|Allonys,55.1830,24.8690,Lithuania,LT,LTU,Ukmergė,Ukmerge,LT-53,district municipality,,24.2,47,47,4,Europe/Vilnius,FALSE,1440587974
Baubliai,Baubliai,Baublių|Raubliai|Baublyay|Bauble,56.1167,22.9167,Lithuania,LT,LTU,Akmenė,Akmene,LT-01,district municipality,,23.3,47,47,3,Europe/Vilnius,FALSE,1440644198
Buivėnai,Buivenai,,56.0140,25.1790,Lithuania,LT,LTU,Rokiškis,Rokiskis,LT-40,district municipality,,16.6,47,47,4,Europe/Vilnius,FALSE,1440424145
Pakalniškiai,Pakalniskiai,Pakalniškių|Pokal’nishki|Pakalniškės,54.8580,24.0250,Lithuania,LT,LTU,,,,,,1785.6,47,47,3,Europe/Vilnius,FALSE,1440395010
Meiliūnai,Meiliunai,,54.5130,22.7160,Lithuania,LT,LTU,Vilkaviškis,Vilkaviskis,LT-56,district municipality,,29.1,47,47,3,Europe/Vilnius,FALSE,1440389629
Piepaliai,Piepaliai,,55.9800,25.6630,Lithuania,LT,LTU,Rokiškis,Rokiskis,LT-40,district municipality,,16.6,47,47,4,Europe/Vilnius,FALSE,1440910648
Laumės,Laumes,,56.1920,21.8560,Lithuania,LT,LTU,Skuodas,Skuodas,LT-48,district municipality,,17.9,47,47,4,Europe/Vilnius,FALSE,1440000124
Kulionys,Kulionys,,55.3167,25.5667,Lithuania,LT,LTU,Molėtai,Moletai,LT-27,district municipality,,13.2,47,47,3,Europe/Vilnius,FALSE,1440602024
Guntauninkai,Guntauninkai,Guntauninkay|Gantauninkai|Gontovniki,55.2530,26.5940,Lithuania,LT,LTU,Ignalina,Ignalina,LT-09,district municipality,,11.1,47,47,4,Europe/Vilnius,FALSE,1440980957
Kriaušaičiai,Kriausaiciai,,55.0110,22.7850,Lithuania,LT,LTU,Šakiai,Sakiai,LT-41,district municipality,,20.0,47,47,4,Europe/Vilnius,FALSE,1440960868
Zervynos,Zervynos,Zervinos|Zerviny|Zervinai,54.1167,24.5000,Lithuania,LT,LTU,Varėna,Varena,LT-55,district municipality,,9.4,47,47,3,Europe/Vilnius,FALSE,1440911724
Dūkšteliai,Duksteliai,,54.8360,25.1750,Lithuania,LT,LTU,Vilnius,Vilnius,LT-58,district municipality,,49.0,47,47,4,Europe/Vilnius,FALSE,1440879178
Turbinava,Turbinava,,55.2810,23.4330,Lithuania,LT,LTU,Raseiniai,Raseiniai,LT-38,district municipality,,21.2,47,47,4,Europe/Vilnius,FALSE,1440874925
Rasiai,Rasiai,,54.4600,23.0630,Lithuania,LT,LTU,Vilkaviškis,Vilkaviskis,LT-56,district municipality,,29.1,47,47,4,Europe/Vilnius,FALSE,1440164570
Žydeikiškės,Zydeikiskes,Žydeikiškiai|Zhidaykishki|Žydeikiškių,54.7940,24.3420,Lithuania,LT,LTU,Kaišiadorys,Kaisiadorys,LT-13,district municipality,,26.8,47,47,4,Europe/Vilnius,FALSE,1440042909
Vanaginė,Vanagine,,54.6550,22.9320,Lithuania,LT,LTU,Vilkaviškis,Vilkaviskis,LT-56,district municipality,,29.1,47,47,4,Europe/Vilnius,FALSE,1440334878
Berželė,Berzele,Berzhalka,55.4219,24.0111,Lithuania,LT,LTU,Kėdainiai,Kedainiai,LT-18,district municipality,,27.3,47,47,3,Europe/Vilnius,FALSE,1440010868
Sprakšiai,Spraksiai,Sprakšių|Sprakshyay,55.5700,25.5370,Lithuania,LT,LTU,Utena,Utena,LT-54,district municipality,,32.5,47,47,4,Europe/Vilnius,FALSE,1440383164
Tvarkiškiai,Tvarkiskiai,Tvarkiškes|Tvarkiškių|Tvarkishki,54.8122,23.7889,Lithuania,LT,LTU,Kaunas,Kaunas,LT-16,district municipality,,61.6,47,47,4,Europe/Vilnius,FALSE,1440645296
Jonaičiai,Jonaiciai,Jonaten|Yonaychey|Yonaychyay,55.3470,21.5720,Lithuania,LT,LTU,Šilutė,Silute,LT-46,district municipality,,32.9,47,47,4,Europe/Vilnius,FALSE,1440206942
Lukniai,Lukniai,Luknių|Luknyay,55.5610,25.5690,Lithuania,LT,LTU,Utena,Utena,LT-54,district municipality,,32.5,47,47,4,Europe/Vilnius,FALSE,1440701062
Klepočiai,Klepociai,Klepachi,54.4500,24.7800,Lithuania,LT,LTU,Trakai,Trakai,LT-52,district municipality,,44.9,47,47,4,Europe/Vilnius,FALSE,1440722050
Nendriniai,Nendriniai,,54.6900,23.3820,Lithuania,LT,LTU,Marijampolė,Marijampole,LT-25,district municipality,,73.3,47,47,4,Europe/Vilnius,FALSE,1440698717
Jurgionys,Jurgionys,,54.4510,24.5250,Lithuania,LT,LTU,Trakai,Trakai,LT-52,district municipality,,44.9,47,47,4,Europe/Vilnius,TRUE,1440523582
Antkalniai,Antkalniai,,55.1390,23.5390,Lithuania,LT,LTU,Kaunas,Kaunas,LT-16,district municipality,,61.6,47,47,4,Europe/Vilnius,FALSE,1440994859
Myliai I,Myliai I,,55.1050,26.1790,Lithuania,LT,LTU,Švenčionys,Svencionys,LT-49,district municipality,,14.2,47,47,4,Europe/Vilnius,FALSE,1440838292
Laugaliai,Laugaliai,,55.3080,21.7670,Lithuania,LT,LTU,Šilutė,Silute,LT-46,district municipality,,32.9,47,47,4,Europe/Vilnius,FALSE,1440016970
Paežerės Rūdaičiai,Paezeres Rudaiciai,,56.0680,21.8700,Lithuania,LT,LTU,Plungė,Plunge,LT-35,district municipality,,35.6,47,47,4,Europe/Vilnius,FALSE,1440595658
Negirva,Negirva,Negirvai|Nyagirva|Negirve|Negirvos,55.2750,23.5310,Lithuania,LT,LTU,Raseiniai,Raseiniai,LT-38,district municipality,,21.2,47,47,4,Europe/Vilnius,FALSE,1440185784
Būdviečiai,Budvieciai,Budvechyay|Budvetse,54.4170,23.0580,Lithuania,LT,LTU,Kalvarija,Kalvarija,LT-14,municipality,,29.1,47,47,4,Europe/Vilnius,FALSE,1440318618
Kvietkinė,Kvietkine,,54.3600,23.2810,Lithuania,LT,LTU,Kalvarija,Kalvarija,LT-14,municipality,,24.6,47,47,4,Europe/Vilnius,FALSE,1440227540
Noruliai,Noruliai,Narulyantsy|Norulių,54.1000,24.2167,Lithuania,LT,LTU,Varėna,Varena,LT-55,district municipality,,9.4,47,47,3,Europe/Vilnius,FALSE,1440853905
Migūčionys,Migucionys,Migutsyany,54.7970,24.6690,Lithuania,LT,LTU,Elektrénai,Elektrenai,LT-08,municipality,,70.0,47,47,4,Europe/Vilnius,FALSE,1440653012
Grikšai,Griksai,,55.6780,21.3940,Lithuania,LT,LTU,Klaipėda,Klaipeda,LT-21,district municipality,,46.6,47,47,4,Europe/Vilnius,FALSE,1440086168
Girdėnai,Girdenai,,55.1670,26.4160,Lithuania,LT,LTU,Švenčionys,Svencionys,LT-49,district municipality,,14.2,46,46,4,Europe/Vilnius,FALSE,1440552165
Pjauliai,Pjauliai,Piauliai|Piaulen,55.5420,21.2610,Lithuania,LT,LTU,Klaipėda,Klaipeda,LT-21,district municipality,,46.6,46,46,4,Europe/Vilnius,FALSE,1440287671
Vileikiai,Vileikiai,,55.5520,22.7560,Lithuania,LT,LTU,Kelmė,Kelme,LT-19,district municipality,,16.0,46,46,4,Europe/Vilnius,FALSE,1440046180
Droničenai,Dronicenai,,55.5210,25.6640,Lithuania,LT,LTU,Utena,Utena,LT-54,district municipality,,32.5,46,46,4,Europe/Vilnius,FALSE,1440554187
Komisaruvka,Komisaruvka,,54.4060,23.6860,Lithuania,LT,LTU,Alytus,Alytus,LT-03,district municipality,,17.7,46,46,4,Europe/Vilnius,FALSE,1440803823
Būdos,Budos,,54.5830,24.0830,Lithuania,LT,LTU,Birštonas,Birstonas,LT-05,municipality,,33.4,46,46,4,Europe/Vilnius,FALSE,1440591895
Pošventis,Posventis,,54.6690,24.0530,Lithuania,LT,LTU,Prienai,Prienai,LT-36,district municipality,,24.8,46,46,4,Europe/Vilnius,FALSE,1440184420
Pabališkiai,Pabaliskiai,,54.6940,23.9530,Lithuania,LT,LTU,Prienai,Prienai,LT-36,district municipality,,24.8,46,46,4,Europe/Vilnius,TRUE,1440665235
Ragūnai,Ragunai,,54.8930,25.4660,Lithuania,LT,LTU,Vilnius,Vilnius,LT-58,district municipality,,49.0,46,46,4,Europe/Vilnius,FALSE,1440613038
Rudiliai,Rudiliai,,55.2640,25.4820,Lithuania,LT,LTU,Molėtai,Moletai,LT-27,district municipality,,13.2,46,46,4,Europe/Vilnius,FALSE,1440019845
Lukošiškė,Lukosiske,,55.3340,26.4880,Lithuania,LT,LTU,Ignalina,Ignalina,LT-09,district municipality,,11.1,46,46,4,Europe/Vilnius,FALSE,1440243795
Gavėniškis,Gaveniskis,,56.1860,24.9250,Lithuania,LT,LTU,Biržai,Birzai,LT-06,district municipality,,15.7,46,46,4,Europe/Vilnius,FALSE,1440209531
Pogulianka,Pogulianka,,55.1390,26.1430,Lithuania,LT,LTU,Švenčionys,Svencionys,LT-49,district municipality,,14.2,46,46,4,Europe/Vilnius,FALSE,1440549722
Užupiai,Uzupiai,,54.7670,24.1190,Lithuania,LT,LTU,Kaunas,Kaunas,LT-16,district municipality,,61.6,46,46,4,Europe/Vilnius,FALSE,1440919101
Daumilai,Daumilai,Dovmily,55.0080,26.0630,Lithuania,LT,LTU,Švenčionys,Svencionys,LT-49,district municipality,,14.2,46,46,4,Europe/Vilnius,FALSE,1440737678
Šunkariai,Sunkariai,,54.9360,22.8770,Lithuania,LT,LTU,Šakiai,Sakiai,LT-41,district municipality,,20.0,46,46,4,Europe/Vilnius,TRUE,1440817678
Skersabaliai I,Skersabaliai I,,54.4100,23.3710,Lithuania,LT,LTU,Marijampolė,Marijampole,LT-25,district municipality,,66.8,46,46,4,Europe/Vilnius,FALSE,1440482799
Gėliogaliai,Geliogaliai,Gelyagalyay|Geliogalių|Gelogalay|Geliogaliai,55.2870,25.1890,Lithuania,LT,LTU,Molėtai,Moletai,LT-27,district municipality,,13.2,46,46,4,Europe/Vilnius,FALSE,1440445980
Šiauliai,Siauliai,,55.1920,23.1770,Lithuania,LT,LTU,Jurbarkas,Jurbarkas,LT-12,district municipality,,16.5,46,46,4,Europe/Vilnius,FALSE,1440372878
Antšyšiai,Antsysiai,Antshishyay|Al’tvayde,55.2690,21.8110,Lithuania,LT,LTU,Šilutė,Silute,LT-46,district municipality,,32.9,46,46,4,Europe/Vilnius,FALSE,1440991361
Žvilgiai,Zvilgiai,Zhvil’gyay,55.6370,22.9760,Lithuania,LT,LTU,Kelmė,Kelme,LT-19,district municipality,,16.0,46,46,4,Europe/Vilnius,FALSE,1440169179
Varluva,Varluva,,54.9860,23.9310,Lithuania,LT,LTU,Kaunas,Kaunas,LT-16,district municipality,,61.6,46,46,4,Europe/Vilnius,FALSE,1440062660
Rūčkakiemis,Ruckakiemis,,54.7940,24.1830,Lithuania,LT,LTU,Kaišiadorys,Kaisiadorys,LT-13,district municipality,,26.8,46,46,4,Europe/Vilnius,FALSE,1440331578
Taujankai,Taujankai,,55.3390,24.2640,Lithuania,LT,LTU,Kėdainiai,Kedainiai,LT-18,district municipality,,27.3,46,46,4,Europe/Vilnius,FALSE,1440448165
Bakšionys,Baksionys,,55.1750,24.8440,Lithuania,LT,LTU,Ukmergė,Ukmerge,LT-53,district municipality,,24.2,46,46,4,Europe/Vilnius,FALSE,1440569062
Kėboniai,Keboniai,Kebavichay|Kebovichi,55.3083,23.9194,Lithuania,LT,LTU,Kėdainiai,Kedainiai,LT-18,district municipality,,27.3,46,46,3,Europe/Vilnius,FALSE,1440867958
Minija,Minija,Minge|Minė|Miniya,55.3628,21.2828,Lithuania,LT,LTU,Šilutė,Silute,LT-46,district municipality,,32.9,46,46,3,Europe/Vilnius,FALSE,1440268221
Radžiuliai,Radziuliai,,54.9020,25.3220,Lithuania,LT,LTU,Vilnius,Vilnius,LT-58,district municipality,,49.0,46,46,4,Europe/Vilnius,FALSE,1440346568
Metelytė,Metelyte,,54.3390,23.6670,Lithuania,LT,LTU,Alytus,Alytus,LT-03,district municipality,,15.9,46,46,4,Europe/Vilnius,FALSE,1440663069
Norvaišiai,Norvaisiai,,55.5560,25.6890,Lithuania,LT,LTU,Utena,Utena,LT-54,district municipality,,32.5,46,46,4,Europe/Vilnius,TRUE,1440949217
Stoškai,Stoskai,,55.1190,24.4080,Lithuania,LT,LTU,Jonava,Jonava,LT-10,district municipality,,44.9,46,46,4,Europe/Vilnius,FALSE,1440535461
Sevelionys,Sevelionys,Sevelyane|Sevelionių,54.7190,24.3390,Lithuania,LT,LTU,Kaišiadorys,Kaisiadorys,LT-13,district municipality,,26.8,46,46,4,Europe/Vilnius,FALSE,1440905984
Roglaičiai,Roglaiciai,Roglaytse|Roglaičiai Pirmieji|Roglaičiai I|Roglaychyay,55.5560,23.2060,Lithuania,LT,LTU,Raseiniai,Raseiniai,LT-38,district municipality,,21.2,46,46,4,Europe/Vilnius,FALSE,1440150418
Kungiai,Kungiai,,55.8060,21.9690,Lithuania,LT,LTU,Rietavas,Rietavas,LT-39,municipality,,13.0,46,46,4,Europe/Vilnius,FALSE,1440624378
Vyžulionys,Vyzulionys,,54.9380,25.2910,Lithuania,LT,LTU,Vilnius,Vilnius,LT-58,district municipality,,49.0,46,46,4,Europe/Vilnius,FALSE,1440397710
Bubos,Bubos,,54.7710,25.0230,Lithuania,LT,LTU,Vilnius,Vilnius,LT-58,district municipality,,49.0,46,46,4,Europe/Vilnius,FALSE,1440893573
Kušleikiai,Kusleikiai,Kushleykyay,55.5120,22.6900,Lithuania,LT,LTU,Kelmė,Kelme,LT-19,district municipality,,16.0,46,46,4,Europe/Vilnius,FALSE,1440888882
Kundrėnai,Kundrenai,Kundrėnų|Kundrenay,55.7030,24.0290,Lithuania,LT,LTU,Radviliškis,Radviliskis,LT-37,district municipality,,22.1,46,46,4,Europe/Vilnius,FALSE,1440271439
Vainiūniškis,Vainiuniskis,,55.9890,25.0530,Lithuania,LT,LTU,Kupiškis,Kupiskis,LT-23,district municipality,,16.0,46,46,4,Europe/Vilnius,FALSE,1440997555
Dainavėlė,Dainavele,,54.2720,23.3940,Lithuania,LT,LTU,Lazdijai,Lazdijai,LT-24,district municipality,,14.7,46,46,4,Europe/Vilnius,FALSE,1440126992
Pažižmėliai,Pazizmeliai,,56.0420,22.7680,Lithuania,LT,LTU,Šiauliai,Siauliai,LT-44,district municipality,,50.3,46,46,4,Europe/Vilnius,FALSE,1440856824
Kumečiai,Kumeciai,,54.4320,23.1630,Lithuania,LT,LTU,Kalvarija,Kalvarija,LT-14,municipality,,24.6,46,46,4,Europe/Vilnius,FALSE,1440872710
Purvėnai,Purvenai,,55.2640,25.5760,Lithuania,LT,LTU,Molėtai,Moletai,LT-27,district municipality,,13.2,46,46,4,Europe/Vilnius,FALSE,1440747455
Jauneikiai,Jauneikiai,Yauneykyay,56.2110,23.5020,Lithuania,LT,LTU,Joniškis,Joniskis,LT-11,district municipality,,19.1,46,46,4,Europe/Vilnius,FALSE,1440435795
Čisava,Cisava,,54.6730,23.4740,Lithuania,LT,LTU,Marijampolė,Marijampole,LT-25,district municipality,,73.3,46,46,4,Europe/Vilnius,FALSE,1440646132
Jokūbiškiai,Jokubiskiai,Yakubishkyay,55.6900,23.4690,Lithuania,LT,LTU,Radviliškis,Radviliskis,LT-37,district municipality,,22.1,46,46,4,Europe/Vilnius,FALSE,1440288312
Žiliai,Ziliai,,54.7720,23.1550,Lithuania,LT,LTU,Šakiai,Sakiai,LT-41,district municipality,,20.0,46,46,4,Europe/Vilnius,TRUE,1440684980
Miriniškiai,Miriniskiai,,54.8860,23.8140,Lithuania,LT,LTU,Kaunas,Kaunas,LT-16,district municipality,,61.6,46,46,4,Europe/Vilnius,FALSE,1440535779
Jėrubaičiai,Jerubaiciai,,55.8700,21.9310,Lithuania,LT,LTU,Plungė,Plunge,LT-35,district municipality,,35.6,46,46,4,Europe/Vilnius,FALSE,1440011028
Biliūnai,Biliunai,,55.3331,23.1861,Lithuania,LT,LTU,Raseiniai,Raseiniai,LT-38,district municipality,,21.2,45,45,4,Europe/Vilnius,FALSE,1440767517
Adamarina,Adamarina,,54.5890,23.2530,Lithuania,LT,LTU,Vilkaviškis,Vilkaviskis,LT-56,district municipality,,34.6,45,45,4,Europe/Vilnius,FALSE,1440321193
Meldučiai,Melduciai,,55.8760,25.6770,Lithuania,LT,LTU,Rokiškis,Rokiskis,LT-40,district municipality,,16.6,45,45,4,Europe/Vilnius,FALSE,1440813043
Kukuliškiai,Kukuliskiai,,55.7830,21.0920,Lithuania,LT,LTU,Klaipėda,Klaipeda,LT-21,district municipality,,46.6,45,45,4,Europe/Vilnius,FALSE,1440070246
Buckūnai,Buckunai,Butskuny|Bučkūnai,55.2260,26.4200,Lithuania,LT,LTU,Ignalina,Ignalina,LT-09,district municipality,,11.1,45,45,4,Europe/Vilnius,FALSE,1440359729
Vilkanastrai,Vilkanastrai,,54.0470,23.8640,Lithuania,LT,LTU,Druskininkai,Druskininkai,LT-07,municipality,,40.1,45,45,4,Europe/Vilnius,FALSE,1440281496
Dargužiai,Darguziai,Dargužių|Darguzhyay,55.9580,23.6520,Lithuania,LT,LTU,Pakruojis,Pakruojis,LT-30,district municipality,,15.0,45,45,4,Europe/Vilnius,FALSE,1440595508
Pakaršys,Pakarsys,,54.2860,24.3690,Lithuania,LT,LTU,Varėna,Varena,LT-55,district municipality,,9.4,45,45,4,Europe/Vilnius,FALSE,1440422302
Laukintukai,Laukintukai,,54.3360,23.8780,Lithuania,LT,LTU,Alytus,Alytus,LT-03,district municipality,,17.7,45,45,4,Europe/Vilnius,FALSE,1440092393
Bajėnai,Bajenai,Boyenay|Boyenen,55.1700,21.9520,Lithuania,LT,LTU,Pagégiai,Pagegiai,LT-29,municipality,,15.2,45,45,4,Europe/Vilnius,FALSE,1440688049
Domeikiai,Domeikiai,Domeykyay,56.2830,23.2930,Lithuania,LT,LTU,Joniškis,Joniskis,LT-11,district municipality,,19.1,45,45,4,Europe/Vilnius,FALSE,1440853302
Bukantiškė,Bukantiske,,55.6710,22.5770,Lithuania,LT,LTU,Kelmė,Kelme,LT-19,district municipality,,16.0,45,45,4,Europe/Vilnius,FALSE,1440647669
Daukšiai,Dauksiai,Daukshe,55.1840,26.1400,Lithuania,LT,LTU,Švenčionys,Svencionys,LT-49,district municipality,,14.2,45,45,4,Europe/Vilnius,FALSE,1440832432
Mikantonys,Mikantonys,Mikuntany|Mikontany,54.3200,25.4720,Lithuania,LT,LTU,Šalčininkai,Salcininkai,LT-42,district municipality,,20.3,45,45,4,Europe/Vilnius,FALSE,1440796897
Mieleišupis,Mieleisupis,,54.6140,23.7810,Lithuania,LT,LTU,Prienai,Prienai,LT-36,district municipality,,24.8,45,45,4,Europe/Vilnius,FALSE,1440554371
Rukliai,Rukliai,Ruklyay|Ruklių,55.5820,25.7290,Lithuania,LT,LTU,Utena,Utena,LT-54,district municipality,,32.5,45,45,4,Europe/Vilnius,FALSE,1440816065
Sviraičiai,Sviraiciai,,56.0000,22.5090,Lithuania,LT,LTU,Telšiai,Telsiai,LT-51,district municipality,,27.4,45,45,4,Europe/Vilnius,FALSE,1440048720
Tarosai,Tarosai,,55.3500,23.3310,Lithuania,LT,LTU,Raseiniai,Raseiniai,LT-38,district municipality,,21.2,45,45,4,Europe/Vilnius,FALSE,1440055670
Pakusinė,Pakusine,,54.5840,23.2890,Lithuania,LT,LTU,Marijampolė,Marijampole,LT-25,district municipality,,73.3,45,45,4,Europe/Vilnius,FALSE,1440003740
Vyželiai,Vyzeliai,Vyželių|Vizhelyay,55.5360,26.0400,Lithuania,LT,LTU,Zarasai,Zarasai,LT-60,district municipality,,13.4,45,45,4,Europe/Vilnius,FALSE,1440439441
Kuliškiai,Kuliskiai,Kulishkyay,55.5800,22.0490,Lithuania,LT,LTU,Šilalė,Silale,LT-45,district municipality,,20.0,45,45,4,Europe/Vilnius,FALSE,1440000057
Labeikiai,Labeikiai,,55.2310,25.0360,Lithuania,LT,LTU,Ukmergė,Ukmerge,LT-53,district municipality,,24.2,45,45,4,Europe/Vilnius,FALSE,1440644324
Kijonys,Kijonys,,54.6350,25.5260,Lithuania,LT,LTU,Vilnius,Vilnius,LT-58,district municipality,,49.0,45,45,4,Europe/Vilnius,FALSE,1440308959
Šulpetriai,Sulpetriai,Šultpetriai|Šulpetrių|Shul’petryay|Szulpietry,56.2500,21.8030,Lithuania,LT,LTU,Skuodas,Skuodas,LT-48,district municipality,,17.9,45,45,4,Europe/Vilnius,FALSE,1440738100
Karalkrėslis,Karalkreslis,,54.5390,22.9190,Lithuania,LT,LTU,Vilkaviškis,Vilkaviskis,LT-56,district municipality,,29.1,45,45,4,Europe/Vilnius,FALSE,1440987343
Tauralaukis,Tauralaukis,,55.0030,24.0440,Lithuania,LT,LTU,Kaunas,Kaunas,LT-16,district municipality,,61.6,45,45,4,Europe/Vilnius,FALSE,1440016304
Paromatės Krušonys,Paromates Krusonys,,54.9360,24.4250,Lithuania,LT,LTU,Kaišiadorys,Kaisiadorys,LT-13,district municipality,,26.8,45,45,4,Europe/Vilnius,FALSE,1440827554
Degučiai,Deguciai,,55.9420,22.5880,Lithuania,LT,LTU,Telšiai,Telsiai,LT-51,district municipality,,27.4,45,45,4,Europe/Vilnius,TRUE,1440093265
Kulvertiškiai,Kulvertiskiai,Kulvertiškė|Kul’vertyshki,55.2660,22.6880,Lithuania,LT,LTU,Jurbarkas,Jurbarkas,LT-12,district municipality,,16.5,45,45,4,Europe/Vilnius,FALSE,1440834267
Klevinė,Klevine,,54.6190,23.5720,Lithuania,LT,LTU,Marijampolė,Marijampole,LT-25,district municipality,,73.3,45,45,4,Europe/Vilnius,FALSE,1440230224
Šilininkai,Silininkai,Shiliniki,55.3140,23.3060,Lithuania,LT,LTU,Raseiniai,Raseiniai,LT-38,district municipality,,21.2,45,45,4,Europe/Vilnius,FALSE,1440817921
Šėriai,Seriai,,55.2610,21.6220,Lithuania,LT,LTU,Šilutė,Silute,LT-46,district municipality,,32.9,45,45,4,Europe/Vilnius,FALSE,1440381156
Dalgėnai,Dalgenai,,54.5140,23.0330,Lithuania,LT,LTU,Vilkaviškis,Vilkaviskis,LT-56,district municipality,,29.1,45,45,4,Europe/Vilnius,FALSE,1440638093
Brasta,Brasta,,54.6820,23.4580,Lithuania,LT,LTU,Marijampolė,Marijampole,LT-25,district municipality,,73.3,45,45,4,Europe/Vilnius,FALSE,1440912918
Bieniūnai,Bieniunai,,55.5320,26.4890,Lithuania,LT,LTU,Ignalina,Ignalina,LT-09,district municipality,,11.1,44,44,4,Europe/Vilnius,FALSE,1440873436
Grambaviškiai,Grambaviskiai,,55.7000,21.3530,Lithuania,LT,LTU,Klaipėda,Klaipeda,LT-21,district municipality,,46.6,44,44,4,Europe/Vilnius,FALSE,1440417443
Kiaulupiai,Kiaulupiai,Kyaulupyay|Kiaulupių|Kalupe,54.9110,22.9890,Lithuania,LT,LTU,Šakiai,Sakiai,LT-41,district municipality,,20.0,44,44,4,Europe/Vilnius,FALSE,1440826139
Jotyškiai Ii,Jotyskiai Ii,Jotyškiai|Iotyshkyay|Iotyshki-male,55.0720,23.2180,Lithuania,LT,LTU,Šakiai,Sakiai,LT-41,district municipality,,20.0,44,44,4,Europe/Vilnius,FALSE,1440762584
Pakalniškiai,Pakalniskiai,,54.9280,24.7330,Lithuania,LT,LTU,Kaišiadorys,Kaisiadorys,LT-13,district municipality,,26.8,44,44,4,Europe/Vilnius,FALSE,1440890965
Saulučiai,Sauluciai,,54.7580,24.3030,Lithuania,LT,LTU,Kaišiadorys,Kaisiadorys,LT-13,district municipality,,26.8,44,44,4,Europe/Vilnius,FALSE,1440098564
Semeliškės,Semeliskes,Semeliškių|Semelishkis|Sameliškės|Sumelishki|Sumiliszki|Semelishkes|Sumilishki,54.6689,24.6561,Lithuania,LT,LTU,Elektrénai,Elektrenai,LT-08,municipality,,70.0,44,44,4,Europe/Vilnius,FALSE,1440507000
Slabada,Slabada,,54.5770,24.8690,Lithuania,LT,LTU,Trakai,Trakai,LT-52,district municipality,,44.9,44,44,4,Europe/Vilnius,FALSE,1440794862
Akmeniai,Akmeniai,Akmenių|Akmenyay,55.6540,22.7730,Lithuania,LT,LTU,Kelmė,Kelme,LT-19,district municipality,,16.0,44,44,4,Europe/Vilnius,FALSE,1440627167
Paliukai,Paliukai,Polyukay|Paliūkai|Paliūkų,55.8590,24.3180,Lithuania,LT,LTU,Panevėžys,Panevezys,LT-33,district municipality,,16.9,44,44,4,Europe/Vilnius,FALSE,1440035596
Pašešūpiai,Pasesupiai,,54.4710,23.3480,Lithuania,LT,LTU,Marijampolė,Marijampole,LT-25,district municipality,,73.3,44,44,4,Europe/Vilnius,FALSE,1440947659
Tolivardžiai,Tolivardziai,,54.9860,23.6110,Lithuania,LT,LTU,Kaunas,Kaunas,LT-16,district municipality,,61.6,44,44,4,Europe/Vilnius,FALSE,1440472714
Račkūnai,Rackunai,,54.6170,25.0230,Lithuania,LT,LTU,Trakai,Trakai,LT-52,district municipality,,44.9,44,44,4,Europe/Vilnius,FALSE,1440364903
Buiniškės,Buiniskes,,54.7610,25.0740,Lithuania,LT,LTU,Vilnius,Vilnius,LT-58,district municipality,,49.0,44,44,4,Europe/Vilnius,FALSE,1440953024
Cibavas,Cibavas,,54.4060,23.0970,Lithuania,LT,LTU,Kalvarija,Kalvarija,LT-14,municipality,,24.6,44,44,4,Europe/Vilnius,FALSE,1440277814
Pareizgupis,Pareizgupis,,55.3440,23.0110,Lithuania,LT,LTU,Raseiniai,Raseiniai,LT-38,district municipality,,21.2,44,44,4,Europe/Vilnius,FALSE,1440333811
Vaizgučiai,Vaizguciai,,56.1610,23.5760,Lithuania,LT,LTU,Joniškis,Joniskis,LT-11,district municipality,,19.1,44,44,4,Europe/Vilnius,FALSE,1440261133
Žibininkai,Zibininkai,Zhibininkay,55.9667,21.1500,Lithuania,LT,LTU,Kretinga,Kretinga,LT-22,district municipality,,38.5,44,44,3,Europe/Vilnius,FALSE,1440962518
Pilkeniai,Pilkeniai,,55.4640,25.8460,Lithuania,LT,LTU,Utena,Utena,LT-54,district municipality,,32.5,44,44,4,Europe/Vilnius,FALSE,1440564992
Naujapieviai,Naujapieviai,Playne|Nauyapevyay,55.2140,21.7030,Lithuania,LT,LTU,Šilutė,Silute,LT-46,district municipality,,32.9,44,44,4,Europe/Vilnius,FALSE,1440174759
Čelkiai,Celkiai,,55.9260,25.6360,Lithuania,LT,LTU,Rokiškis,Rokiskis,LT-40,district municipality,,16.6,44,44,4,Europe/Vilnius,FALSE,1440489527
Kutaičiai,Kutaiciai,Kutaychyay,55.9320,23.6630,Lithuania,LT,LTU,Pakruojis,Pakruojis,LT-30,district municipality,,15.0,44,44,4,Europe/Vilnius,FALSE,1440194012
Jauniškė,Jauniske,,55.5230,22.7680,Lithuania,LT,LTU,Kelmė,Kelme,LT-19,district municipality,,16.0,44,44,4,Europe/Vilnius,FALSE,1440203180
Galzdonai,Galzdonai,Gal’sdon-Yonayten|Galsdonai|Galzdonay,55.1940,21.6310,Lithuania,LT,LTU,Šilutė,Silute,LT-46,district municipality,,32.9,44,44,4,Europe/Vilnius,FALSE,1440476673
Padbariškiai,Padbariskiai,Podborishki|Pabariškiai,55.2780,24.8170,Lithuania,LT,LTU,Ukmergė,Ukmerge,LT-53,district municipality,,24.2,44,44,4,Europe/Vilnius,FALSE,1440181448
Dievaičiai,Dievaiciai,Devaytse,55.0210,22.7160,Lithuania,LT,LTU,Šakiai,Sakiai,LT-41,district municipality,,20.0,44,44,4,Europe/Vilnius,FALSE,1440569957
Ruikiai,Ruikiai,Ruykyay,55.2400,22.0400,Lithuania,LT,LTU,Tauragė,Taurage,LT-50,district municipality,,31.6,44,44,4,Europe/Vilnius,FALSE,1440486940
Matiškė,Matiske,,54.6570,25.0150,Lithuania,LT,LTU,Trakai,Trakai,LT-52,district municipality,,44.9,44,44,4,Europe/Vilnius,FALSE,1440682615
Gražaičiai,Grazaiciai,Grazhaychyay,56.1730,23.8410,Lithuania,LT,LTU,Pakruojis,Pakruojis,LT-30,district municipality,,17.2,44,44,4,Europe/Vilnius,FALSE,1440422835
Skaborai,Skaborai,Skaberay|Skaboray,55.6910,22.1240,Lithuania,LT,LTU,Rietavas,Rietavas,LT-39,municipality,,13.0,44,44,4,Europe/Vilnius,FALSE,1440382493
Rakauskai,Rakauskai,,55.1980,26.4910,Lithuania,LT,LTU,Švenčionys,Svencionys,LT-49,district municipality,,14.2,44,44,4,Europe/Vilnius,FALSE,1440221385
Pugainiai,Pugainiai,,54.7690,24.9580,Lithuania,LT,LTU,Elektrénai,Elektrenai,LT-08,municipality,,70.0,44,44,4,Europe/Vilnius,FALSE,1440752139
Kairiai,Kairiai,Kayryay|Kairių,55.6140,21.2170,Lithuania,LT,LTU,Klaipėda,Klaipeda,LT-21,district municipality,,103.1,44,44,4,Europe/Vilnius,FALSE,1440513186
Juodeikėliai,Juodeikeliai,Iuodelkelyay|Juodeikėlių,56.3870,22.1100,Lithuania,LT,LTU,Mažeikiai,Mazeikiai,LT-26,district municipality,,40.2,44,44,4,Europe/Vilnius,FALSE,1440875569
Mineiškiemis,Mineiskiemis,Mineyshkiyetis|Mineiškiemio,55.3520,25.9400,Lithuania,LT,LTU,Utena,Utena,LT-54,district municipality,,12.2,44,44,4,Europe/Vilnius,FALSE,1440698637
Galkaičiai,Galkaiciai,,55.4060,22.9500,Lithuania,LT,LTU,Raseiniai,Raseiniai,LT-38,district municipality,,21.2,44,44,4,Europe/Vilnius,FALSE,1440865227
Janušava,Janusava,Viršilai|Yanushava,55.2903,23.9444,Lithuania,LT,LTU,Kėdainiai,Kedainiai,LT-18,district municipality,,27.3,44,44,3,Europe/Vilnius,FALSE,1440853570
Pakalniškiai II,Pakalniskiai II,Pakal’nishkay|Pakal’nishkyay|Pakalniškiai,55.4569,21.8967,Lithuania,LT,LTU,Šilalė,Silale,LT-45,district municipality,,20.0,44,44,4,Europe/Vilnius,FALSE,1440026694
Tribilai,Tribilai,,54.6120,25.6020,Lithuania,LT,LTU,Vilnius,Vilnius,LT-58,district municipality,,49.0,44,44,4,Europe/Vilnius,FALSE,1440333891
Tolučiai,Toluciai,Tolutsi|Toluchyay,55.6300,23.2000,Lithuania,LT,LTU,Kelmė,Kelme,LT-19,district municipality,,16.0,44,44,4,Europe/Vilnius,TRUE,1440989435
Karkliniškės,Karkliniskes,Karklenishki,54.4190,24.1580,Lithuania,LT,LTU,Alytus,Alytus,LT-03,district municipality,,17.7,44,44,4,Europe/Vilnius,FALSE,1440531509
Raudonikiai,Raudonikiai,,54.4610,23.9670,Lithuania,LT,LTU,Alytus,Alytus,LT-03,district municipality,,17.7,44,44,4,Europe/Vilnius,FALSE,1440336784
Laukininkai,Laukininkai,,54.5910,25.7240,Lithuania,LT,LTU,Vilnius,Vilnius,LT-58,district municipality,,49.0,44,44,4,Europe/Vilnius,FALSE,1440949251
Lebedžiai,Lebedziai,Lebedze|Lebedzhyay,55.1360,23.6080,Lithuania,LT,LTU,Kaunas,Kaunas,LT-16,district municipality,,61.6,44,44,4,Europe/Vilnius,FALSE,1440339001
Burnėnai,Burnenai,,55.1050,25.5010,Lithuania,LT,LTU,Molėtai,Moletai,LT-27,district municipality,,13.2,44,44,4,Europe/Vilnius,FALSE,1440257871
Kažemėkai,Kazemekai,,55.2280,21.8220,Lithuania,LT,LTU,Šilutė,Silute,LT-46,district municipality,,32.9,44,44,4,Europe/Vilnius,FALSE,1440330358
Degučiai,Deguciai,Degutse,55.6980,22.9690,Lithuania,LT,LTU,Kelmė,Kelme,LT-19,district municipality,,16.0,44,44,4,Europe/Vilnius,FALSE,1440281787
Adomaičiai,Adomaiciai,Adomaitse,55.5500,22.7000,Lithuania,LT,LTU,Kelmė,Kelme,LT-19,district municipality,,16.0,44,44,4,Europe/Vilnius,FALSE,1440029861
Satkūnai,Satkunai,,55.1580,24.3830,Lithuania,LT,LTU,Jonava,Jonava,LT-10,district municipality,,44.9,44,44,4,Europe/Vilnius,FALSE,1440575482
Bulėnai,Bulenai,,55.8630,23.0670,Lithuania,LT,LTU,Šiauliai,Siauliai,LT-44,district municipality,,50.3,44,44,4,Europe/Vilnius,FALSE,1440496590
Kalniškiai,Kalniskiai,Kal’nishki,55.6680,22.7310,Lithuania,LT,LTU,Kelmė,Kelme,LT-19,district municipality,,16.0,44,44,4,Europe/Vilnius,TRUE,1440942836
Pliopliai,Pliopliai,Pleple|Pleplyay,54.7160,23.3270,Lithuania,LT,LTU,Kazlų Rūdos,Kazlu Rudos,LT-17,municipality,,22.7,44,44,4,Europe/Vilnius,FALSE,1440784930
Kazokai,Kazokai,Kazaki,55.4490,24.0570,Lithuania,LT,LTU,Panevėžys,Panevezys,LT-33,district municipality,,16.9,43,43,4,Europe/Vilnius,FALSE,1440894821
Antakalnis I,Antakalnis I,,55.2390,24.8220,Lithuania,LT,LTU,Ukmergė,Ukmerge,LT-53,district municipality,,24.2,43,43,4,Europe/Vilnius,FALSE,1440881229
Kalnujai,Kalnujai,Kalnuyay|Kallkuggen,55.2810,21.7610,Lithuania,LT,LTU,Šilutė,Silute,LT-46,district municipality,,32.9,43,43,4,Europe/Vilnius,FALSE,1440116074
Mankūnai,Mankunai,Mankunay,55.1640,24.5470,Lithuania,LT,LTU,Ukmergė,Ukmerge,LT-53,district municipality,,24.2,43,43,4,Europe/Vilnius,FALSE,1440805621
Bajoriškiai,Bajoriskiai,,55.8820,25.4540,Lithuania,LT,LTU,Rokiškis,Rokiskis,LT-40,district municipality,,16.6,43,43,4,Europe/Vilnius,FALSE,1440031276
Birjočiai,Birjociai,Biriočiai|Biryuchyay,55.8610,23.5480,Lithuania,LT,LTU,Radviliškis,Radviliskis,LT-37,district municipality,,22.1,43,43,4,Europe/Vilnius,FALSE,1440531014
Airėnai I,Airenai I,Airėnai|Airėnai II|Ayrenay|Oyrany,54.8389,24.9219,Lithuania,LT,LTU,Vilnius,Vilnius,LT-58,district municipality,,49.0,43,43,3,Europe/Vilnius,FALSE,1440553788
Erzvėtas,Erzvetas,Orshveta,55.2860,26.5260,Lithuania,LT,LTU,Ignalina,Ignalina,LT-09,district municipality,,11.1,43,43,4,Europe/Vilnius,FALSE,1440730826
Kubiliai,Kubiliai,,54.6860,24.3310,Lithuania,LT,LTU,Kaišiadorys,Kaisiadorys,LT-13,district municipality,,26.4,43,43,4,Europe/Vilnius,FALSE,1440062560
Nibriai,Nibriai,Nibry|Nibrių|Nibryay|Nibria,54.6420,24.0750,Lithuania,LT,LTU,Prienai,Prienai,LT-36,district municipality,,24.8,43,43,4,Europe/Vilnius,FALSE,1440283085
Būbautiškės,Bubautiskes,,54.7170,23.6940,Lithuania,LT,LTU,Prienai,Prienai,LT-36,district municipality,,24.8,43,43,4,Europe/Vilnius,FALSE,1440226510
Pelekonys,Pelekonys,Pelyukany|Pelekonių,54.6530,24.1280,Lithuania,LT,LTU,Prienai,Prienai,LT-36,district municipality,,24.8,43,43,4,Europe/Vilnius,FALSE,1440484879
Žilaičiai,Zilaiciai,Zhilaychyay,55.7420,22.1200,Lithuania,LT,LTU,Rietavas,Rietavas,LT-39,municipality,,13.0,43,43,4,Europe/Vilnius,FALSE,1440853648
Skomaičiukai,Skomaiciukai,Skamaičiukai|Skomaičiūkai,55.5500,23.7850,Lithuania,LT,LTU,Radviliškis,Radviliskis,LT-37,district municipality,,22.1,43,43,4,Europe/Vilnius,FALSE,1440765084
Mickūnai,Mickunai,,55.6280,25.2810,Lithuania,LT,LTU,Anykščiai,Anyksciai,LT-04,district municipality,,13.6,43,43,4,Europe/Vilnius,FALSE,1440000089
Rėčiūnai,Reciunai,Rečiūnų|Rečionių|Rzhechuny|Rechunay,54.4880,22.7160,Lithuania,LT,LTU,Vilkaviškis,Vilkaviskis,LT-56,district municipality,,29.1,43,43,4,Europe/Vilnius,FALSE,1440858450
Šimkūnai,Simkunai,Šimkunų|Shimkunay|Zinyunay,56.1800,23.4400,Lithuania,LT,LTU,Joniškis,Joniskis,LT-11,district municipality,,19.1,43,43,4,Europe/Vilnius,FALSE,1440751647
Ličiūnai,Liciunai,Lichuny,55.0220,25.3500,Lithuania,LT,LTU,Vilnius,Vilnius,LT-58,district municipality,,49.0,43,43,4,Europe/Vilnius,FALSE,1440480122
Švaininkai,Svaininkai,Shvoynikay,55.7750,24.1160,Lithuania,LT,LTU,Panevėžys,Panevezys,LT-33,district municipality,,16.9,43,43,4,Europe/Vilnius,FALSE,1440266676
Pamiškiai,Pamiskiai,,54.7120,25.6530,Lithuania,LT,LTU,Vilnius,Vilnius,LT-58,district municipality,,49.0,43,43,4,Europe/Vilnius,FALSE,1440841710
Gaižupiai,Gaizupiai,Gayzhupyay|Gaižupių,55.8790,22.0450,Lithuania,LT,LTU,Plungė,Plunge,LT-35,district municipality,,35.6,43,43,4,Europe/Vilnius,FALSE,1440840830
Dvyliai,Dvyliai,Dvilei,55.5670,21.4830,Lithuania,LT,LTU,Klaipėda,Klaipeda,LT-21,district municipality,,46.6,43,43,4,Europe/Vilnius,FALSE,1440786981
Stirniškiai,Stirniskiai,,55.7861,24.8331,Lithuania,LT,LTU,Kupiškis,Kupiskis,LT-23,district municipality,,16.0,43,43,4,Europe/Vilnius,FALSE,1440717319
Smilgiai,Smilgiai,Smil’gyay,55.8540,22.4620,Lithuania,LT,LTU,Telšiai,Telsiai,LT-51,district municipality,,27.4,43,43,4,Europe/Vilnius,FALSE,1440775000
Kirkliai,Kirkliai,,55.5710,25.6580,Lithuania,LT,LTU,Utena,Utena,LT-54,district municipality,,32.5,43,43,4,Europe/Vilnius,FALSE,1440291056
Labanoras,Labanoras,Labanoro|Labanary|Labonary,55.2667,25.7722,Lithuania,LT,LTU,Švenčionys,Svencionys,LT-49,district municipality,,14.2,43,43,4,Europe/Vilnius,FALSE,1440329784
Ąžuolytė,Azuolyte,,55.5830,24.1160,Lithuania,LT,LTU,Panevėžys,Panevezys,LT-33,district municipality,,16.9,43,43,4,Europe/Vilnius,FALSE,1440548490
Geručiai,Geruciai,Gerutsy|Geruchyay,55.5330,23.6400,Lithuania,LT,LTU,Radviliškis,Radviliskis,LT-37,district municipality,,22.1,43,43,4,Europe/Vilnius,FALSE,1440766450
Biručiai,Biruciai,Jonelaičiai Antrieji|Jonelaičiai II,55.8890,23.0810,Lithuania,LT,LTU,Šiauliai,Siauliai,LT-44,district municipality,,50.3,43,43,4,Europe/Vilnius,FALSE,1440308541
Lentinė,Lentine,,55.4730,22.1690,Lithuania,LT,LTU,Šilalė,Silale,LT-45,district municipality,,20.0,43,43,4,Europe/Vilnius,FALSE,1440755617
Miklausė,Miklause,,54.2800,23.3140,Lithuania,LT,LTU,Kalvarija,Kalvarija,LT-14,municipality,,24.6,43,43,4,Europe/Vilnius,FALSE,1440543808
Kalnėnai,Kalnenai,Kol’nyany,54.3170,24.0440,Lithuania,LT,LTU,Alytus,Alytus,LT-03,district municipality,,17.7,43,43,4,Europe/Vilnius,FALSE,1440533459
Keteriai,Keteriai,Keteray,55.4330,22.5840,Lithuania,LT,LTU,Tauragė,Taurage,LT-50,district municipality,,31.6,43,43,4,Europe/Vilnius,FALSE,1440340516
Mažieji Šelviai,Mazieji Selviai,,54.7020,23.0430,Lithuania,LT,LTU,Vilkaviškis,Vilkaviskis,LT-56,district municipality,,29.1,43,43,4,Europe/Vilnius,FALSE,1440030906
Dailidės,Dailides,,55.1390,25.5990,Lithuania,LT,LTU,Molėtai,Moletai,LT-27,district municipality,,13.2,43,43,4,Europe/Vilnius,FALSE,1440420882
Uikiai,Uikiai,,56.1250,22.1630,Lithuania,LT,LTU,Mažeikiai,Mazeikiai,LT-26,district municipality,,40.2,43,43,4,Europe/Vilnius,FALSE,1440166182
Kreščionys,Krescionys,Kresčionys|Kreščionių|Kreschionis|Kreščionio,55.9930,25.8340,Lithuania,LT,LTU,Rokiškis,Rokiskis,LT-40,district municipality,,16.6,43,43,4,Europe/Vilnius,FALSE,1440150403
Knabikai,Knabikai,,56.3930,22.4090,Lithuania,LT,LTU,Mažeikiai,Mazeikiai,LT-26,district municipality,,40.2,43,43,4,Europe/Vilnius,FALSE,1440565718
Narezkai,Narezkai,,54.6210,24.9640,Lithuania,LT,LTU,Trakai,Trakai,LT-52,district municipality,,44.9,43,43,4,Europe/Vilnius,FALSE,1440013511
Mūravotas,Muravotas,,56.0920,23.9970,Lithuania,LT,LTU,Pakruojis,Pakruojis,LT-30,district municipality,,15.0,43,43,4,Europe/Vilnius,FALSE,1440839643
Karklynai,Karklynai,,54.4720,23.9250,Lithuania,LT,LTU,Alytus,Alytus,LT-03,district municipality,,17.7,43,43,4,Europe/Vilnius,FALSE,1440271674
Vedreikiai,Vedreikiai,Vedreyki|Vedreykyay,55.5400,23.5850,Lithuania,LT,LTU,Radviliškis,Radviliskis,LT-37,district municipality,,22.1,43,43,4,Europe/Vilnius,FALSE,1440077695
Grąžteliai,Grazteliai,,54.9140,25.3360,Lithuania,LT,LTU,Vilnius,Vilnius,LT-58,district municipality,,49.0,43,43,4,Europe/Vilnius,FALSE,1440876812
Šerpaičiai,Serpaiciai,,55.7410,22.3910,Lithuania,LT,LTU,Telšiai,Telsiai,LT-51,district municipality,,27.4,43,43,4,Europe/Vilnius,FALSE,1440710220
Dainava,Dainava,,54.4850,25.6370,Lithuania,LT,LTU,Vilnius,Vilnius,LT-58,district municipality,,49.0,43,43,4,Europe/Vilnius,FALSE,1440491258
Jakubiškiai,Jakubiskiai,,54.1580,24.0690,Lithuania,LT,LTU,Varėna,Varena,LT-55,district municipality,,9.4,43,43,4,Europe/Vilnius,FALSE,1440367712
Gailioniai,Gailioniai,Gaylionyay|Gaylënyay|Gailionių,56.0560,24.0690,Lithuania,LT,LTU,,,,,,17.1,43,43,4,Europe/Vilnius,FALSE,1440402139
Razmai,Razmai,Razmy,55.7150,22.3790,Lithuania,LT,LTU,Telšiai,Telsiai,LT-51,district municipality,,27.4,42,42,4,Europe/Vilnius,FALSE,1440454240
Krisčiškės,Krisciskes,,54.8790,25.4740,Lithuania,LT,LTU,Vilnius,Vilnius,LT-58,district municipality,,49.0,42,42,4,Europe/Vilnius,FALSE,1440718872
Stabaunyčius,Stabaunycius,Stabovnitsa,55.0580,23.7920,Lithuania,LT,LTU,Kaunas,Kaunas,LT-16,district municipality,,61.6,42,42,4,Europe/Vilnius,FALSE,1440525549
Demeniškiai,Demeniskiai,,54.1830,23.7500,Lithuania,LT,LTU,Lazdijai,Lazdijai,LT-24,district municipality,,14.7,42,42,4,Europe/Vilnius,FALSE,1440711730
Būdvietė,Budviete,,56.2550,21.5600,Lithuania,LT,LTU,Skuodas,Skuodas,LT-48,district municipality,,17.9,42,42,4,Europe/Vilnius,FALSE,1440035763
Varaniškiai,Varaniskiai,Voronishki,55.8530,24.7970,Lithuania,LT,LTU,Kupiškis,Kupiskis,LT-23,district municipality,,16.0,42,42,4,Europe/Vilnius,FALSE,1440466384
Katiliai,Katiliai,,54.6280,25.4280,Lithuania,LT,LTU,Vilnius,Vilnius,LT-58,district municipality,,49.0,42,42,4,Europe/Vilnius,FALSE,1440380238
Girkantiškė,Girkantiske,Girkontyshkyay,55.8170,22.1780,Lithuania,LT,LTU,Telšiai,Telsiai,LT-51,district municipality,,27.4,42,42,4,Europe/Vilnius,FALSE,1440008204
Balandiškis,Balandiskis,Pašušvys,55.5980,23.5850,Lithuania,LT,LTU,Radviliškis,Radviliskis,LT-37,district municipality,,22.1,42,42,4,Europe/Vilnius,FALSE,1440925819
Pašlūžmis,Pasluzmis,,55.5780,21.6360,Lithuania,LT,LTU,Klaipėda,Klaipeda,LT-21,district municipality,,46.6,42,42,4,Europe/Vilnius,FALSE,1440452675
Klaišiai,Klaisiai,,56.3080,21.6690,Lithuania,LT,LTU,Skuodas,Skuodas,LT-48,district municipality,,16.7,42,42,4,Europe/Vilnius,FALSE,1440205891
Karkiškės,Karkiskes,,54.8830,23.8280,Lithuania,LT,LTU,Kaunas,Kaunas,LT-16,district municipality,,61.6,42,42,4,Europe/Vilnius,FALSE,1440372580
Pipirai,Pipirai,Pippirn,55.8080,21.1920,Lithuania,LT,LTU,Klaipėda,Klaipeda,LT-21,district municipality,,46.6,42,42,4,Europe/Vilnius,FALSE,1440996000
Kermušinė,Kermusine,,54.5640,23.5250,Lithuania,LT,LTU,Marijampolė,Marijampole,LT-25,district municipality,,73.3,42,42,4,Europe/Vilnius,FALSE,1440988793
Mikolaičiūnai,Mikolaiciunai,,56.2490,23.5800,Lithuania,LT,LTU,Joniškis,Joniskis,LT-11,district municipality,,19.1,42,42,4,Europe/Vilnius,FALSE,1440308683
Mažeikiai,Mazeikiai,Mozhuyki,55.3940,24.7390,Lithuania,LT,LTU,Ukmergė,Ukmerge,LT-53,district municipality,,24.2,42,42,4,Europe/Vilnius,FALSE,1440905116
Cimaniūnai,Cimaniunai,Cinaniūnų,54.1610,23.9670,Lithuania,LT,LTU,Druskininkai,Druskininkai,LT-07,municipality,,40.1,42,42,4,Europe/Vilnius,FALSE,1440713112
Jauros I,Jauros I,,55.1930,25.4380,Lithuania,LT,LTU,Molėtai,Moletai,LT-27,district municipality,,13.2,42,42,4,Europe/Vilnius,FALSE,1440566133
Naudvaris,Naudvaris,,55.7333,24.1500,Lithuania,LT,LTU,Panevėžys,Panevezys,LT-33,district municipality,,16.9,42,42,4,Europe/Vilnius,FALSE,1440790858
Gaigaliai,Gaigaliai,,55.7640,25.0720,Lithuania,LT,LTU,Kupiškis,Kupiskis,LT-23,district municipality,,16.0,42,42,4,Europe/Vilnius,FALSE,1440487298
Dušnionys,Dusnionys,Dushnyany,54.3060,24.1310,Lithuania,LT,LTU,Alytus,Alytus,LT-03,district municipality,,17.7,42,42,4,Europe/Vilnius,FALSE,1440294019
Purpliai,Purpliai,Riškėnai,55.9440,22.2360,Lithuania,LT,LTU,Telšiai,Telsiai,LT-51,district municipality,,27.4,42,42,4,Europe/Vilnius,FALSE,1440224307
Rūdiškės,Rudiskes,Rudishkes|Rudziszki|Rudzishki,54.5167,24.8333,Lithuania,LT,LTU,Trakai,Trakai,LT-52,district municipality,,44.9,42,42,4,Europe/Vilnius,FALSE,1440376463
Grigaliūnai,Grigaliunai,,55.1530,26.1340,Lithuania,LT,LTU,Švenčionys,Svencionys,LT-49,district municipality,,14.2,42,42,4,Europe/Vilnius,FALSE,1440157603
Gineikiai,Gineikiai,Gineykyay,56.2130,24.2090,Lithuania,LT,LTU,Pasvalys,Pasvalys,LT-34,district municipality,,18.4,42,42,4,Europe/Vilnius,FALSE,1440969968
Daupeliai,Daupeliai,,55.9630,25.2530,Lithuania,LT,LTU,Rokiškis,Rokiskis,LT-40,district municipality,,16.6,42,42,4,Europe/Vilnius,FALSE,1440322567
Daugėliškiai,Daugeliskiai,,54.9330,23.0500,Lithuania,LT,LTU,Šakiai,Sakiai,LT-41,district municipality,,20.0,42,42,4,Europe/Vilnius,FALSE,1440222802
Mergežeris,Mergezeris,Mergežerys|Mergazhery,54.2000,24.5167,Lithuania,LT,LTU,Varėna,Varena,LT-55,district municipality,,9.4,42,42,3,Europe/Vilnius,FALSE,1440384126
Linoniai,Linoniai,,55.7980,24.2390,Lithuania,LT,LTU,Panevėžys,Panevezys,LT-33,district municipality,,16.9,42,42,4,Europe/Vilnius,FALSE,1440733747
Virkininkai,Virkininkai,,54.6780,24.3220,Lithuania,LT,LTU,Prienai,Prienai,LT-36,district municipality,,24.8,42,42,4,Europe/Vilnius,FALSE,1440915569
Kaušanka,Kausanka,,55.1500,24.4530,Lithuania,LT,LTU,Jonava,Jonava,LT-10,district municipality,,44.9,42,42,4,Europe/Vilnius,FALSE,1440556837
Kleboniškiai,Kleboniskiai,Plebanishkyay,55.7740,23.8740,Lithuania,LT,LTU,Radviliškis,Radviliskis,LT-37,district municipality,,22.1,42,42,4,Europe/Vilnius,FALSE,1440556626
Aukštpamedžiai,Aukstpamedziai,Aukshtpomedze,55.6200,22.9720,Lithuania,LT,LTU,Kelmė,Kelme,LT-19,district municipality,,16.0,42,42,4,Europe/Vilnius,FALSE,1440540254
Lygumai,Lygumai,,54.6840,23.4350,Lithuania,LT,LTU,Marijampolė,Marijampole,LT-25,district municipality,,73.3,42,42,4,Europe/Vilnius,FALSE,1440678386
Bugonys,Bugonys,,54.2280,24.0000,Lithuania,LT,LTU,Alytus,Alytus,LT-03,district municipality,,17.7,42,42,4,Europe/Vilnius,FALSE,1440980192
Pakalniškiai,Pakalniskiai,,54.9020,24.8300,Lithuania,LT,LTU,Širvintos,Sirvintos,LT-47,district municipality,,17.9,42,42,4,Europe/Vilnius,FALSE,1440819108
Livintai,Livintai,Livinyay|Levinty|Levintai|Levintoy,54.9330,24.3330,Lithuania,LT,LTU,Kaišiadorys,Kaisiadorys,LT-13,district municipality,,26.8,42,42,4,Europe/Vilnius,FALSE,1440827662
Skituriai,Skituriai,,54.4080,23.6190,Lithuania,LT,LTU,Alytus,Alytus,LT-03,district municipality,,17.7,42,42,4,Europe/Vilnius,FALSE,1440794706
Kudirkos,Kudirkos,,54.7420,23.9970,Lithuania,LT,LTU,Prienai,Prienai,LT-36,district municipality,,24.8,42,42,4,Europe/Vilnius,FALSE,1440873135
Lapainia,Lapainia,Lapoynya,54.7580,24.1470,Lithuania,LT,LTU,Kaišiadorys,Kaisiadorys,LT-13,district municipality,,44.2,42,42,4,Europe/Vilnius,FALSE,1440366585
Padvarninkai,Padvarninkai,,56.1750,22.0760,Lithuania,LT,LTU,Mažeikiai,Mazeikiai,LT-26,district municipality,,40.2,42,42,4,Europe/Vilnius,FALSE,1440114305
Antupyčiai,Antupyciai,Antupitsa,55.3311,23.4139,Lithuania,LT,LTU,Raseiniai,Raseiniai,LT-38,district municipality,,21.2,42,42,4,Europe/Vilnius,FALSE,1440635239
Bliūkiškiai,Bliukiskiai,,54.8470,22.9450,Lithuania,LT,LTU,Šakiai,Sakiai,LT-41,district municipality,,20.0,42,42,4,Europe/Vilnius,FALSE,1440296227
Nauradai,Nauradai,Navraday,55.7420,24.1370,Lithuania,LT,LTU,Panevėžys,Panevezys,LT-33,district municipality,,16.9,42,42,4,Europe/Vilnius,FALSE,1440315916
Anulynas,Anulynas,,55.3439,23.1831,Lithuania,LT,LTU,Raseiniai,Raseiniai,LT-38,district municipality,,21.2,42,42,4,Europe/Vilnius,FALSE,1440197449
Skabeikiai,Skabeikiai,Skobeyki,54.4060,24.4220,Lithuania,LT,LTU,Alytus,Alytus,LT-03,district municipality,,17.7,42,42,4,Europe/Vilnius,FALSE,1440808385
Pamuckai,Pamuckai,Pamutskay,56.0300,23.9450,Lithuania,LT,LTU,Pakruojis,Pakruojis,LT-30,district municipality,,15.0,42,42,4,Europe/Vilnius,FALSE,1440089999
Šilviai,Silviai,,55.2970,21.7000,Lithuania,LT,LTU,Šilutė,Silute,LT-46,district municipality,,32.9,42,42,4,Europe/Vilnius,FALSE,1440706451
Kaniūkai,Kaniukai,,54.4220,24.3440,Lithuania,LT,LTU,Alytus,Alytus,LT-03,district municipality,,17.7,42,42,4,Europe/Vilnius,FALSE,1440277852
Pavytė,Pavyte,,54.8110,23.9310,Lithuania,LT,LTU,Kaunas,Kaunas,LT-16,district municipality,,61.6,42,42,4,Europe/Vilnius,FALSE,1440663795
Šapurai,Sapurai,,54.0190,23.7690,Lithuania,LT,LTU,Lazdijai,Lazdijai,LT-24,district municipality,,14.7,42,42,4,Europe/Vilnius,FALSE,1440086329
Vimbarai,Vimbarai,Vimbory|Vimboray,55.1280,23.8810,Lithuania,LT,LTU,Kaunas,Kaunas,LT-16,district municipality,,61.6,42,42,4,Europe/Vilnius,FALSE,1440602503