city,city_ascii,city_alt,lat,lng,country,iso2,iso3,admin_name,admin_name_ascii,admin_code,admin_type,capital,density,population,population_proper,ranking,timezone,same_name,id
Johnson,Johnson,Rancho Johnson,31.1044,-116.2750,Mexico,MX,MEX,Baja California,Baja California,MX-BCN,state,,28.1,,,4,America/Tijuana,FALSE,1484870911
Xcantuni,Xcantuni,,20.2254,-88.9465,Mexico,MX,MEX,Yucatán,Yucatan,MX-YUC,state,,1.6,,,5,America/Merida,FALSE,1484994202
Boxol,Boxol,,20.7312,-90.0970,Mexico,MX,MEX,Yucatán,Yucatan,MX-YUC,state,,16.5,,,4,America/Merida,FALSE,1484748889
Redonditos,Redonditos,,22.1574,-104.9083,Mexico,MX,MEX,Nayarit,Nayarit,MX-NAY,state,,1.0,,,5,America/Mazatlan,FALSE,1484193114
Tlatzala,Tlatzala,,17.6150,-98.5497,Mexico,MX,MEX,Guerrero,Guerrero,MX-GRO,state,,75.4,,,4,America/Mexico_City,FALSE,1484972897
Tlatzala,Tlatzala,,18.0605,-99.8966,Mexico,MX,MEX,Guerrero,Guerrero,MX-GRO,state,,15.3,,,4,America/Mexico_City,TRUE,1484637692
La Maqueda,La Maqueda,,20.1159,-99.6843,Mexico,MX,MEX,México,Mexico,MX-MEX,state,,96.7,,,4,America/Mexico_City,FALSE,1484025801
La Mesa del Campo,La Mesa del Campo,,19.4215,-100.5121,Mexico,MX,MEX,Michoacán,Michoacan,MX-MIC,state,,127.7,,,4,America/Mexico_City,FALSE,1484468505
La Juntita,La Juntita,,25.2531,-107.0862,Mexico,MX,MEX,Durango,Durango,MX-DUR,state,,3.2,,,5,America/Monterrey,FALSE,1484238075
La Juntita,La Juntita,,25.4311,-106.3326,Mexico,MX,MEX,Durango,Durango,MX-DUR,state,,0.8,,,5,America/Monterrey,TRUE,1484215852
La Revancha,La Revancha,,17.3095,-92.2786,Mexico,MX,MEX,Chiapas,Chiapas,MX-CHP,state,,77.5,,,4,America/Mexico_City,FALSE,1484889204
La Revancha,La Revancha,,16.7361,-91.5667,Mexico,MX,MEX,Chiapas,Chiapas,MX-CHP,state,,20.3,,,4,America/Mexico_City,TRUE,1484545791
La Revancha,La Revancha,Revancha,17.5660,-92.2652,Mexico,MX,MEX,Chiapas,Chiapas,MX-CHP,state,,14.0,,,4,America/Mexico_City,TRUE,1484060057
El Cajón,El Cajon,,20.3158,-97.9358,Mexico,MX,MEX,Puebla,Puebla,MX-PUE,state,,94.0,,,4,America/Mexico_City,FALSE,1484486463
El Cajón,El Cajon,,19.1142,-97.3180,Mexico,MX,MEX,Puebla,Puebla,MX-PUE,state,,76.7,,,4,America/Mexico_City,TRUE,1484324081
Carlos A. Madrazo Becerra,Carlos A. Madrazo Becerra,Carlos A. Madrazo,17.6343,-91.2123,Mexico,MX,MEX,Tabasco,Tabasco,MX-TAB,state,,9.6,,,5,America/Mexico_City,FALSE,1484976924
Cerro Chango,Cerro Chango,,18.1720,-96.2838,Mexico,MX,MEX,Oaxaca,Oaxaca,MX-OAX,state,,64.2,,,4,America/Mexico_City,FALSE,1484998218
Tezacual,Tezacual,,20.7047,-98.0516,Mexico,MX,MEX,Veracruz,Veracruz,MX-VER,state,,50.1,,,4,America/Mexico_City,FALSE,1484019579
Cuautlita,Cuautlita,Cuatlita|Cuautitla,18.7007,-99.3748,Mexico,MX,MEX,Morelos,Morelos,MX-MOR,state,,51.2,,,4,America/Mexico_City,FALSE,1484775958
El Cobrero,El Cobrero,,19.8056,-101.5430,Mexico,MX,MEX,Michoacán,Michoacan,MX-MIC,state,,71.3,,,4,America/Mexico_City,FALSE,1484246227
El Sabinito,El Sabinito,,20.1759,-102.5252,Mexico,MX,MEX,Michoacán,Michoacan,MX-MIC,state,,34.5,,,4,America/Mexico_City,FALSE,1484001876
Zipote Vaina,Zipote Vaina,,17.7144,-92.0989,Mexico,MX,MEX,Chiapas,Chiapas,MX-CHP,state,,62.1,,,4,America/Mexico_City,FALSE,1484537987
Ingeniero Mario Calcáneo Sánchez,Ingeniero Mario Calcaneo Sanchez,,17.9189,-91.6075,Mexico,MX,MEX,Tabasco,Tabasco,MX-TAB,state,,6.7,,,5,America/Mexico_City,FALSE,1484914031
Cañada Ancha,Canada Ancha,,21.9339,-102.4643,Mexico,MX,MEX,Aguascalientes,Aguascalientes,MX-AGU,state,,49.4,,,4,America/Mexico_City,FALSE,1484002008
Ranchería Morelos,Rancheria Morelos,,17.0091,-97.0217,Mexico,MX,MEX,Oaxaca,Oaxaca,MX-OAX,state,,60.6,,,4,America/Mexico_City,FALSE,1484297661
San Miguel Amiltepec,San Miguel Amiltepec,,19.8381,-98.6461,Mexico,MX,MEX,Hidalgo,Hidalgo,MX-HID,state,,83.8,,,4,America/Mexico_City,FALSE,1484000606
Taxco,Taxco,,18.1374,-93.0062,Mexico,MX,MEX,Tabasco,Tabasco,MX-TAB,state,,363.8,,,3,America/Mexico_City,FALSE,1484061788
Taxco,Taxco,,18.5000,-93.0042,Mexico,MX,MEX,Tabasco,Tabasco,MX-TAB,state,,0,,,5,America/Mexico_City,TRUE,1484003478
Bordo Alto,Bordo Alto,,27.5219,-110.1550,Mexico,MX,MEX,Sonora,Sonora,MX-SON,state,,269.3,,,3,America/Hermosillo,FALSE,1484662387
El Carrizo de Opichán,El Carrizo de Opichan,,22.9833,-98.1667,Mexico,MX,MEX,Tamaulipas,Tamaulipas,MX-TAM,state,,5.8,,,5,America/Monterrey,FALSE,1484398603
San Pío,San Pio,,20.0903,-104.4054,Mexico,MX,MEX,Jalisco,Jalisco,MX-JAL,state,,3.0,,,5,America/Mexico_City,FALSE,1484193287
Victoria,Victoria,,16.4458,-94.9536,Mexico,MX,MEX,Oaxaca,Oaxaca,MX-OAX,state,,18.0,,,4,America/Mexico_City,FALSE,1484998884
El Azotal,El Azotal,El Azota,19.9147,-97.0023,Mexico,MX,MEX,Veracruz,Veracruz,MX-VER,state,,98.6,,,4,America/Mexico_City,FALSE,1484741432
El Chaparro,El Chaparro,,23.0567,-105.5081,Mexico,MX,MEX,Sinaloa,Sinaloa,MX-SIN,state,,5.3,,,5,America/Mazatlan,FALSE,1484439696
San Ramón,San Ramon,,20.4622,-100.0396,Mexico,MX,MEX,Querétaro,Queretaro,MX-QUE,state,,134.1,,,4,America/Mexico_City,FALSE,1484399811
El Polvorín,El Polvorin,,24.6709,-106.2166,Mexico,MX,MEX,Durango,Durango,MX-DUR,state,,7.2,,,5,America/Monterrey,FALSE,1484088297
El Polvorín,El Polvorin,,23.4480,-104.3641,Mexico,MX,MEX,Durango,Durango,MX-DUR,state,,5.2,,,5,America/Monterrey,TRUE,1484173918
El Polvorín,El Polvorin,,24.4360,-106.2962,Mexico,MX,MEX,Durango,Durango,MX-DUR,state,,2.3,,,5,America/Monterrey,TRUE,1484933404
El Polvorín,El Polvorin,,25.0872,-106.0836,Mexico,MX,MEX,Durango,Durango,MX-DUR,state,,2.0,,,5,America/Monterrey,TRUE,1484723051
La Plazuela,La Plazuela,Rancho la Plazuela,28.4201,-107.5867,Mexico,MX,MEX,Chihuahua,Chihuahua,MX-CHH,state,,0.9,,,5,America/Chihuahua,FALSE,1484443390
La Plazuela,La Plazuela,Rancho La Plazuela|Plazuela,28.9187,-104.1749,Mexico,MX,MEX,Chihuahua,Chihuahua,MX-CHH,state,,0.2,,,5,America/Ojinaga,TRUE,1484728884
La Plazuela,La Plazuela,,29.6643,-107.3907,Mexico,MX,MEX,Chihuahua,Chihuahua,MX-CHH,state,,0.0,,,5,America/Chihuahua,TRUE,1484436980
El Venadero,El Venadero,,20.8278,-100.9969,Mexico,MX,MEX,Guanajuato,Guanajuato,MX-GUA,state,,11.5,,,4,America/Mexico_City,FALSE,1484617355
El Venadero,El Venadero,Laguna de las Palomas,21.4705,-100.4329,Mexico,MX,MEX,Guanajuato,Guanajuato,MX-GUA,state,,11.4,,,4,America/Mexico_City,TRUE,1484269089
Varal,Varal,,19.7667,-102.7167,Mexico,MX,MEX,Michoacán,Michoacan,MX-MIC,state,,6.6,,,5,America/Mexico_City,FALSE,1484330306
Lipuntahuáca,Lipuntahuaca,Lipuntahuaca,20.0807,-97.6287,Mexico,MX,MEX,Puebla,Puebla,MX-PUE,state,,294.7,,,3,America/Mexico_City,FALSE,1484672084
Las Calaveras,Las Calaveras,Calaveras|Las Calaveras de Arriba,28.0667,-107.8833,Mexico,MX,MEX,Chihuahua,Chihuahua,MX-CHH,state,,2.8,,,5,America/Chihuahua,FALSE,1484913318
Las Calaveras,Las Calaveras,,28.9285,-108.3675,Mexico,MX,MEX,Chihuahua,Chihuahua,MX-CHH,state,,0.3,,,5,America/Chihuahua,TRUE,1484085507
Puerto el Tigre,Puerto el Tigre,,19.6299,-101.4481,Mexico,MX,MEX,Michoacán,Michoacan,MX-MIC,state,,57.3,,,4,America/Mexico_City,FALSE,1484980939
Chun On,Chun On,Chunyah|Chun-On,20.0312,-87.8706,Mexico,MX,MEX,Quintana Roo,Quintana Roo,MX-ROO,state,,3.5,,,5,America/Cancun,FALSE,1484689395
La Viña Santa María,La Vina Santa Maria,Los Nogales,25.5951,-100.9282,Mexico,MX,MEX,Coahuila,Coahuila,MX-COA,state,,11.9,,,4,America/Monterrey,FALSE,1484469738
El Tapo,El Tapo,,25.7161,-108.0316,Mexico,MX,MEX,Sinaloa,Sinaloa,MX-SIN,state,,28.8,,,4,America/Mazatlan,FALSE,1484186139
El Ahogado,El Ahogado,,19.2858,-102.5320,Mexico,MX,MEX,Michoacán,Michoacan,MX-MIC,state,,7.4,,,5,America/Mexico_City,FALSE,1484054604
El Papalote,El Papalote,,24.9441,-98.1748,Mexico,MX,MEX,Tamaulipas,Tamaulipas,MX-TAM,state,,5.2,,,5,America/Monterrey,FALSE,1484180814
El Papalote,El Papalote,,26.4591,-99.1258,Mexico,MX,MEX,Tamaulipas,Tamaulipas,MX-TAM,state,,1.9,,,5,America/Matamoros,TRUE,1484315977
El Papalote,El Papalote,,23.5468,-98.2256,Mexico,MX,MEX,Tamaulipas,Tamaulipas,MX-TAM,state,,1.6,,,5,America/Monterrey,TRUE,1484457663
El Papalote,El Papalote,,23.1000,-98.0910,Mexico,MX,MEX,Tamaulipas,Tamaulipas,MX-TAM,state,,0.6,,,5,America/Monterrey,TRUE,1484268462
El Papalote,El Papalote,,24.6603,-97.7930,Mexico,MX,MEX,Tamaulipas,Tamaulipas,MX-TAM,state,,0.2,,,5,America/Monterrey,TRUE,1484599233
Rancho Nuevo Retiro,Rancho Nuevo Retiro,,22.2750,-98.4478,Mexico,MX,MEX,San Luis Potosí,San Luis Potosi,MX-SLP,state,,0.9,,,5,America/Mexico_City,FALSE,1484979004
San José Itzícuaro,San Jose Itzicuaro,Rancho Nuevo,19.6898,-101.3041,Mexico,MX,MEX,Michoacán,Michoacan,MX-MIC,state,,3706.8,,,2,America/Mexico_City,FALSE,1484018351
Paso de los Herreros,Paso de los Herreros,Paso de Guadalupe,21.7625,-99.9913,Mexico,MX,MEX,San Luis Potosí,San Luis Potosi,MX-SLP,state,,37.3,,,4,America/Mexico_City,FALSE,1484417013
Huertas Viejas,Huertas Viejas,,17.1286,-100.2067,Mexico,MX,MEX,Guerrero,Guerrero,MX-GRO,state,,9.4,,,5,America/Mexico_City,FALSE,1484315453
Alcoyonque,Alcoyonque,Alconyonqui|El Coyonque,25.3333,-107.7000,Mexico,MX,MEX,Sinaloa,Sinaloa,MX-SIN,state,,6.6,,,5,America/Mazatlan,FALSE,1484711406
El Tular,El Tular,,20.4730,-98.6209,Mexico,MX,MEX,Hidalgo,Hidalgo,MX-HID,state,,21.6,,,4,America/Mexico_City,FALSE,1484262408
Cacateal Pital,Cacateal Pital,,17.3108,-92.6905,Mexico,MX,MEX,Chiapas,Chiapas,MX-CHP,state,,76.2,,,4,America/Mexico_City,FALSE,1484387411
La Ahogada,La Ahogada,,29.3229,-110.5080,Mexico,MX,MEX,Sonora,Sonora,MX-SON,state,,5.7,,,5,America/Hermosillo,FALSE,1484094816
La Arboleda,La Arboleda,,24.4029,-104.3510,Mexico,MX,MEX,Durango,Durango,MX-DUR,state,,7.6,,,5,America/Monterrey,FALSE,1484659764
Las Flores,Las Flores,,24.8167,-107.4500,Mexico,MX,MEX,Sinaloa,Sinaloa,MX-SIN,state,,2868.4,,,2,America/Mazatlan,FALSE,1484012246
Las Flores,Las Flores,,25.6333,-108.4167,Mexico,MX,MEX,Sinaloa,Sinaloa,MX-SIN,state,,86.2,,,4,America/Mazatlan,TRUE,1484633123
Las Flores,Las Flores,,25.4627,-108.3935,Mexico,MX,MEX,Sinaloa,Sinaloa,MX-SIN,state,,48.4,,,4,America/Mazatlan,TRUE,1484795546
Las Flores,Las Flores,,25.3767,-108.1739,Mexico,MX,MEX,Sinaloa,Sinaloa,MX-SIN,state,,47.5,,,4,America/Mazatlan,TRUE,1484454039
Las Flores,Las Flores,,25.0121,-107.7075,Mexico,MX,MEX,Sinaloa,Sinaloa,MX-SIN,state,,25.5,,,4,America/Mazatlan,TRUE,1484561113
Las Flores,Las Flores,,22.9784,-106.1458,Mexico,MX,MEX,Sinaloa,Sinaloa,MX-SIN,state,,19.9,,,4,America/Mazatlan,TRUE,1484767417
Las Flores,Las Flores,,24.3450,-107.0950,Mexico,MX,MEX,Sinaloa,Sinaloa,MX-SIN,state,,17.1,,,4,America/Mazatlan,TRUE,1484674249
Las Flores,Las Flores,,24.5267,-107.3853,Mexico,MX,MEX,Sinaloa,Sinaloa,MX-SIN,state,,17.1,,,4,America/Mazatlan,TRUE,1484712720
Las Flores,Las Flores,,25.6353,-108.0839,Mexico,MX,MEX,Sinaloa,Sinaloa,MX-SIN,state,,10.7,,,4,America/Mazatlan,TRUE,1484423586
Las Flores,Las Flores,,26.0790,-108.9097,Mexico,MX,MEX,Sinaloa,Sinaloa,MX-SIN,state,,2.0,,,5,America/Mazatlan,TRUE,1484725686
Las Flores,Las Flores,,23.6203,-106.5862,Mexico,MX,MEX,Sinaloa,Sinaloa,MX-SIN,state,,0.8,,,5,America/Mazatlan,TRUE,1484271084
Tepozán,Tepozan,,26.2833,-99.0833,Mexico,MX,MEX,Tamaulipas,Tamaulipas,MX-TAM,state,,2.2,,,5,America/Matamoros,FALSE,1484319190
La Tunita,La Tunita,La Tunina,18.9288,-103.6489,Mexico,MX,MEX,Colima,Colima,MX-COL,state,,6.7,,,5,America/Mexico_City,FALSE,1484483843
Sotomayor,Sotomayor,El Carrizo,30.9353,-111.1336,Mexico,MX,MEX,Sonora,Sonora,MX-SON,state,,0.1,,,5,America/Hermosillo,FALSE,1484750772
La Pizarra,La Pizarra,,22.3536,-105.5280,Mexico,MX,MEX,Nayarit,Nayarit,MX-NAY,state,,40.0,,,4,America/Mazatlan,FALSE,1484777968
Tlacuaquilo,Tlacuaquilo,,19.0760,-98.3724,Mexico,MX,MEX,Puebla,Puebla,MX-PUE,state,,163.9,,,4,America/Mexico_City,FALSE,1484150879
Sebastián Lerdo de Tejada,Sebastian Lerdo de Tejada,,20.6177,-97.5898,Mexico,MX,MEX,Veracruz,Veracruz,MX-VER,state,,70.6,,,4,America/Mexico_City,FALSE,1484550238
Colonia Oyameles,Colonia Oyameles,,15.0333,-92.2833,Mexico,MX,MEX,Chiapas,Chiapas,MX-CHP,state,,165.9,,,4,America/Mexico_City,FALSE,1484734016
Box Dzonot,Box Dzonot,,21.3445,-88.7031,Mexico,MX,MEX,Yucatán,Yucatan,MX-YUC,state,,0.6,,,5,America/Merida,FALSE,1484015010
Tzununiljé,Tzununilje,,16.8090,-92.3400,Mexico,MX,MEX,Chiapas,Chiapas,MX-CHP,state,,142.1,,,4,America/Mexico_City,FALSE,1484629807
Mesa de Campanero,Mesa de Campanero,,28.3479,-109.0248,Mexico,MX,MEX,Sonora,Sonora,MX-SON,state,,1.1,,,5,America/Hermosillo,FALSE,1484693939
Los Chapotes,Los Chapotes,,26.1552,-108.7446,Mexico,MX,MEX,Sinaloa,Sinaloa,MX-SIN,state,,24.4,,,4,America/Mazatlan,FALSE,1484605877
Los Chapotes,Los Chapotes,,25.8882,-108.3057,Mexico,MX,MEX,Sinaloa,Sinaloa,MX-SIN,state,,16.3,,,4,America/Mazatlan,TRUE,1484590482
Los Chapotes,Los Chapotes,,26.2880,-108.3420,Mexico,MX,MEX,Sinaloa,Sinaloa,MX-SIN,state,,4.3,,,5,America/Mazatlan,TRUE,1484507623
Los Chapotes,Los Chapotes,,26.1130,-108.2618,Mexico,MX,MEX,Sinaloa,Sinaloa,MX-SIN,state,,2.0,,,5,America/Mazatlan,TRUE,1484254854
Los Chapotes,Los Chapotes,,26.3590,-108.1720,Mexico,MX,MEX,Sinaloa,Sinaloa,MX-SIN,state,,2.0,,,5,America/Mazatlan,TRUE,1484549921
El Cardón,El Cardon,,23.9853,-110.2868,Mexico,MX,MEX,Baja California Sur,Baja California Sur,MX-BCS,state,,8.7,,,5,America/Mazatlan,FALSE,1484330719
El Cardón,El Cardon,,23.6360,-110.3810,Mexico,MX,MEX,Baja California Sur,Baja California Sur,MX-BCS,state,,2.1,,,5,America/Mazatlan,TRUE,1484203244
El Cardón,El Cardon,,23.1261,-109.5234,Mexico,MX,MEX,Baja California Sur,Baja California Sur,MX-BCS,state,,2.1,,,5,America/Mazatlan,TRUE,1484023156
El Cardón,El Cardon,,27.1420,-112.9145,Mexico,MX,MEX,Baja California Sur,Baja California Sur,MX-BCS,state,,1.7,,,5,America/Mazatlan,TRUE,1484142436
El Cardón,El Cardon,,26.4206,-112.0977,Mexico,MX,MEX,Baja California Sur,Baja California Sur,MX-BCS,state,,0.7,,,5,America/Mazatlan,TRUE,1484648787
El Desecho,El Desecho,,23.6039,-110.1277,Mexico,MX,MEX,Baja California Sur,Baja California Sur,MX-BCS,state,,0.5,,,5,America/Mazatlan,FALSE,1484125635
Chimala,Chimala,,18.7065,-98.0331,Mexico,MX,MEX,Puebla,Puebla,MX-PUE,state,,33.7,,,4,America/Mexico_City,FALSE,1484897626
La Amargocera,La Amargocera,,18.4620,-102.9920,Mexico,MX,MEX,Michoacán,Michoacan,MX-MIC,state,,1.0,,,5,America/Mexico_City,FALSE,1484847148
Puerto Cajón,Puerto Cajon,Puerta del Cajón,29.7667,-110.1167,Mexico,MX,MEX,Sonora,Sonora,MX-SON,state,,6.3,,,5,America/Hermosillo,FALSE,1484194482
Puerto Cajón,Puerto Cajon,Rancho Puerto Cajón,29.3500,-110.1000,Mexico,MX,MEX,Sonora,Sonora,MX-SON,state,,0.1,,,5,America/Hermosillo,TRUE,1484769889
Puerto Cajón,Puerto Cajon,,29.6167,-110.5667,Mexico,MX,MEX,Sonora,Sonora,MX-SON,state,,0.1,,,5,America/Hermosillo,TRUE,1484204513
El Tepeyac,El Tepeyac,,22.7645,-98.6825,Mexico,MX,MEX,Tamaulipas,Tamaulipas,MX-TAM,state,,3.4,,,5,America/Monterrey,FALSE,1484448291
El Tepeyac,El Tepeyac,,24.2688,-98.0599,Mexico,MX,MEX,Tamaulipas,Tamaulipas,MX-TAM,state,,0.9,,,5,America/Monterrey,TRUE,1484000339
El Tepeyac,El Tepeyac,,22.9117,-98.4614,Mexico,MX,MEX,Tamaulipas,Tamaulipas,MX-TAM,state,,0.5,,,5,America/Monterrey,TRUE,1484360896
Zapotes de Valencia,Zapotes de Valencia,,25.1540,-106.6509,Mexico,MX,MEX,Durango,Durango,MX-DUR,state,,5.4,,,5,America/Monterrey,FALSE,1484871219
Santa Ene,Santa Ene,,14.8244,-92.4103,Mexico,MX,MEX,Chiapas,Chiapas,MX-CHP,state,,37.9,,,4,America/Mexico_City,FALSE,1484007918
El Rayo,El Rayo,,21.2964,-99.4883,Mexico,MX,MEX,Querétaro,Queretaro,MX-QUE,state,,39.5,,,4,America/Mexico_City,FALSE,1484159785
El Rayo,El Rayo,,20.2906,-100.1597,Mexico,MX,MEX,Querétaro,Queretaro,MX-QUE,state,,37.9,,,4,America/Mexico_City,TRUE,1484442375
El Rayo,El Rayo,,21.3889,-99.7637,Mexico,MX,MEX,Querétaro,Queretaro,MX-QUE,state,,9.1,,,5,America/Mexico_City,TRUE,1484938042
San Isidro,San Isidro,,20.4301,-102.4497,Mexico,MX,MEX,Jalisco,Jalisco,MX-JAL,state,,92.2,,,4,America/Mexico_City,FALSE,1484451755
San Isidro,San Isidro,,20.5726,-102.7165,Mexico,MX,MEX,Jalisco,Jalisco,MX-JAL,state,,74.9,,,4,America/Mexico_City,TRUE,1484736837
San Isidro,San Isidro,,21.7268,-102.0030,Mexico,MX,MEX,Jalisco,Jalisco,MX-JAL,state,,57.6,,,4,America/Mexico_City,TRUE,1484765486
San Isidro,San Isidro,,19.6358,-103.7614,Mexico,MX,MEX,Jalisco,Jalisco,MX-JAL,state,,40.5,,,4,America/Mexico_City,TRUE,1484488343
San Isidro,San Isidro,,19.6742,-103.2657,Mexico,MX,MEX,Jalisco,Jalisco,MX-JAL,state,,39.4,,,4,America/Mexico_City,TRUE,1484000690
San Isidro,San Isidro,,20.4886,-102.6067,Mexico,MX,MEX,Jalisco,Jalisco,MX-JAL,state,,35.1,,,4,America/Mexico_City,TRUE,1484729486
San Isidro,San Isidro,,20.9645,-102.1761,Mexico,MX,MEX,Jalisco,Jalisco,MX-JAL,state,,34.0,,,4,America/Mexico_City,TRUE,1484020443
San Isidro,San Isidro,,21.1720,-102.9682,Mexico,MX,MEX,Jalisco,Jalisco,MX-JAL,state,,22.8,,,4,America/Mexico_City,TRUE,1484894788
San Isidro,San Isidro,,19.5048,-103.8046,Mexico,MX,MEX,Jalisco,Jalisco,MX-JAL,state,,20.7,,,4,America/Mexico_City,TRUE,1484507995
San Isidro,San Isidro,,21.6759,-102.4552,Mexico,MX,MEX,Jalisco,Jalisco,MX-JAL,state,,14.1,,,4,America/Mexico_City,TRUE,1484948489
San Isidro,San Isidro,,21.7771,-101.8040,Mexico,MX,MEX,Jalisco,Jalisco,MX-JAL,state,,13.9,,,4,America/Mexico_City,TRUE,1484737046
San Isidro,San Isidro,,19.9366,-104.8550,Mexico,MX,MEX,Jalisco,Jalisco,MX-JAL,state,,10.5,,,4,America/Mexico_City,TRUE,1484003940
San Isidro,San Isidro,,20.8667,-105.1333,Mexico,MX,MEX,Jalisco,Jalisco,MX-JAL,state,,10.0,,,5,America/Mexico_City,TRUE,1484311885
San Isidro,San Isidro,,21.4887,-102.2369,Mexico,MX,MEX,Jalisco,Jalisco,MX-JAL,state,,8.9,,,5,America/Mexico_City,TRUE,1484452056
San Isidro,San Isidro,La Haciendita,20.8970,-104.8916,Mexico,MX,MEX,Jalisco,Jalisco,MX-JAL,state,,7.0,,,5,America/Mexico_City,TRUE,1484359085
San Isidro,San Isidro,,20.1829,-104.8136,Mexico,MX,MEX,Jalisco,Jalisco,MX-JAL,state,,6.9,,,5,America/Mexico_City,TRUE,1484171471
San Isidro,San Isidro,,20.3453,-105.3645,Mexico,MX,MEX,Jalisco,Jalisco,MX-JAL,state,,4.8,,,5,America/Mexico_City,TRUE,1484997328
San Isidro,San Isidro,,20.5118,-104.3143,Mexico,MX,MEX,Jalisco,Jalisco,MX-JAL,state,,3.7,,,5,America/Mexico_City,TRUE,1484159934
San Isidro,San Isidro,,22.3547,-103.6836,Mexico,MX,MEX,Jalisco,Jalisco,MX-JAL,state,,3.3,,,5,America/Mexico_City,TRUE,1484418706
San Isidro,San Isidro,,21.0799,-102.0879,Mexico,MX,MEX,Jalisco,Jalisco,MX-JAL,state,,3.2,,,5,America/Mexico_City,TRUE,1484186692
San Isidro,San Isidro,,19.3211,-103.2644,Mexico,MX,MEX,Jalisco,Jalisco,MX-JAL,state,,2.7,,,5,America/Mexico_City,TRUE,1484657712
San Isidro,San Isidro,,22.1295,-103.7779,Mexico,MX,MEX,Jalisco,Jalisco,MX-JAL,state,,2.5,,,5,America/Mexico_City,TRUE,1484154392
San Isidro,San Isidro,,22.2324,-103.7208,Mexico,MX,MEX,Jalisco,Jalisco,MX-JAL,state,,1.7,,,5,America/Mexico_City,TRUE,1484010152
San Isidro,San Isidro,,21.1309,-101.9862,Mexico,MX,MEX,Jalisco,Jalisco,MX-JAL,state,,1.6,,,5,America/Mexico_City,TRUE,1484053072
Los Tres Elefantes,Los Tres Elefantes,,26.8619,-112.0393,Mexico,MX,MEX,Baja California Sur,Baja California Sur,MX-BCS,state,,1.5,,,5,America/Mazatlan,FALSE,1484029307
El Astillero,El Astillero,,19.5313,-100.8023,Mexico,MX,MEX,Michoacán,Michoacan,MX-MIC,state,,14.3,,,4,America/Mexico_City,FALSE,1484774943
El Astillero,El Astillero,,19.4018,-100.8616,Mexico,MX,MEX,Michoacán,Michoacan,MX-MIC,state,,4.1,,,5,America/Mexico_City,TRUE,1484270752
El Astillero,El Astillero,La Mocha,18.7853,-103.2183,Mexico,MX,MEX,Michoacán,Michoacan,MX-MIC,state,,3.5,,,5,America/Mexico_City,TRUE,1484132215
Sagrada Familia,Sagrada Familia,,21.6581,-98.6627,Mexico,MX,MEX,San Luis Potosí,San Luis Potosi,MX-SLP,state,,49.8,,,4,America/Mexico_City,FALSE,1484315751
La Asunción,La Asuncion,,21.1481,-89.3388,Mexico,MX,MEX,Yucatán,Yucatan,MX-YUC,state,,68.6,,,4,America/Merida,FALSE,1484627944
Las Taonitas,Las Taonitas,,25.6962,-105.3238,Mexico,MX,MEX,Durango,Durango,MX-DUR,state,,0.9,,,5,America/Monterrey,FALSE,1484439287
La Sierrita del Alto,La Sierrita del Alto,,25.3230,-107.0084,Mexico,MX,MEX,Durango,Durango,MX-DUR,state,,3.2,,,5,America/Monterrey,FALSE,1484792348
La Cieneguita,La Cieneguita,Cieneguita|Cieneguilla,20.9463,-100.7897,Mexico,MX,MEX,Guanajuato,Guanajuato,MX-GUA,state,,152.7,,,4,America/Mexico_City,FALSE,1484862022
La Cieneguita,La Cieneguita,,21.0792,-101.4872,Mexico,MX,MEX,Guanajuato,Guanajuato,MX-GUA,state,,144.0,,,4,America/Mexico_City,TRUE,1484136893
La Cieneguita,La Cieneguita,,20.2743,-100.8405,Mexico,MX,MEX,Guanajuato,Guanajuato,MX-GUA,state,,68.9,,,4,America/Mexico_City,TRUE,1484025575
La Cieneguita,La Cieneguita,Cieneguita,21.3448,-101.0613,Mexico,MX,MEX,Guanajuato,Guanajuato,MX-GUA,state,,48.6,,,4,America/Mexico_City,TRUE,1484955528
La Cieneguita,La Cieneguita,,21.2426,-99.9532,Mexico,MX,MEX,Guanajuato,Guanajuato,MX-GUA,state,,26.1,,,4,America/Mexico_City,TRUE,1484546260
Palmarejo,Palmarejo,,21.1046,-103.1271,Mexico,MX,MEX,Zacatecas,Zacatecas,MX-ZAC,state,,11.8,,,4,America/Mexico_City,FALSE,1484127750
Palmarejo,Palmarejo,,21.6439,-103.1678,Mexico,MX,MEX,Zacatecas,Zacatecas,MX-ZAC,state,,2.5,,,5,America/Mexico_City,TRUE,1484533644
Barreteros,Barreteros,,22.1000,-105.1333,Mexico,MX,MEX,Nayarit,Nayarit,MX-NAY,state,,10.2,,,4,America/Mazatlan,FALSE,1484530709
Nuevo Amanecer,Nuevo Amanecer,,15.8852,-92.3793,Mexico,MX,MEX,Chiapas,Chiapas,MX-CHP,state,,42.7,,,4,America/Mexico_City,FALSE,1484529337
Bordentita,Bordentita,Bordonlita|Bordondita,24.1902,-106.3233,Mexico,MX,MEX,Sinaloa,Sinaloa,MX-SIN,state,,0.6,,,5,America/Mazatlan,FALSE,1484112093
La Presa de Maldonado,La Presa de Maldonado,,20.7542,-100.6752,Mexico,MX,MEX,Guanajuato,Guanajuato,MX-GUA,state,,90.0,,,4,America/Mexico_City,FALSE,1484863263
El Queleque,El Queleque,,26.2574,-108.3157,Mexico,MX,MEX,Sinaloa,Sinaloa,MX-SIN,state,,4.3,,,5,America/Mazatlan,FALSE,1484549472
Jerusalén,Jerusalen,,18.5842,-90.9120,Mexico,MX,MEX,Campeche,Campeche,MX-CAM,state,,9.4,,,5,America/Merida,FALSE,1484773404
El Violín,El Violin,,21.7279,-102.0874,Mexico,MX,MEX,Jalisco,Jalisco,MX-JAL,state,,27.3,,,4,America/Mexico_City,FALSE,1484080572
El Violín,El Violin,,21.2537,-102.7955,Mexico,MX,MEX,Jalisco,Jalisco,MX-JAL,state,,13.7,,,4,America/Mexico_City,TRUE,1484446157
Cántaros,Cantaros,,23.0302,-104.7804,Mexico,MX,MEX,Durango,Durango,MX-DUR,state,,7.4,,,5,America/Monterrey,FALSE,1484772869
Los Adobes,Los Adobes,,22.4998,-103.1955,Mexico,MX,MEX,Zacatecas,Zacatecas,MX-ZAC,state,,7.6,,,5,America/Mexico_City,FALSE,1484368685
Los Adobes,Los Adobes,,23.5193,-102.4722,Mexico,MX,MEX,Zacatecas,Zacatecas,MX-ZAC,state,,0.5,,,5,America/Mexico_City,TRUE,1484748971
Galilea,Galilea,,16.4970,-92.9930,Mexico,MX,MEX,Chiapas,Chiapas,MX-CHP,state,,101.7,,,4,America/Mexico_City,FALSE,1484826189
Galilea,Galilea,,16.6096,-92.5107,Mexico,MX,MEX,Chiapas,Chiapas,MX-CHP,state,,90.8,,,4,America/Mexico_City,TRUE,1484025723
Galilea,Galilea,,16.7370,-92.1101,Mexico,MX,MEX,Chiapas,Chiapas,MX-CHP,state,,26.1,,,4,America/Mexico_City,TRUE,1484577726
Galilea,Galilea,,16.7255,-93.5756,Mexico,MX,MEX,Chiapas,Chiapas,MX-CHP,state,,19.1,,,4,America/Mexico_City,TRUE,1484024428
Galilea,Galilea,Nandapungo,16.5737,-92.8036,Mexico,MX,MEX,Chiapas,Chiapas,MX-CHP,state,,9.5,,,5,America/Mexico_City,TRUE,1484150354
Galilea,Galilea,,16.0674,-93.5546,Mexico,MX,MEX,Chiapas,Chiapas,MX-CHP,state,,6.5,,,5,America/Mexico_City,TRUE,1484861100
Colonia Graciano Bortoni,Colonia Graciano Bortoni,,26.4897,-100.1527,Mexico,MX,MEX,Nuevo León,Nuevo Leon,MX-NLE,state,,8.3,,,5,America/Monterrey,FALSE,1484784258
San José de Solís,San Jose de Solis,San José de Solis|La Garita,20.8254,-101.6580,Mexico,MX,MEX,Guanajuato,Guanajuato,MX-GUA,state,,93.8,,,4,America/Mexico_City,FALSE,1484980785
Hermanos Fuentes,Hermanos Fuentes,,17.9375,-93.9500,Mexico,MX,MEX,Tabasco,Tabasco,MX-TAB,state,,7.6,,,5,America/Mexico_City,FALSE,1484005978
Las Güijas,Las Guijas,Guija|Guaje|La Guija,27.3569,-108.8834,Mexico,MX,MEX,Sonora,Sonora,MX-SON,state,,6.4,,,4,America/Hermosillo,FALSE,1484023422
Las Guijas,Las Guijas,,30.1734,-110.7665,Mexico,MX,MEX,Sonora,Sonora,MX-SON,state,,1.3,,,5,America/Hermosillo,TRUE,1484762687
Las Güijas,Las Guijas,Las Guijas|Las Peñitas,29.8456,-111.8475,Mexico,MX,MEX,Sonora,Sonora,MX-SON,state,,0.1,,,5,America/Hermosillo,TRUE,1484265933
El Orégano,El Oregano,,26.7113,-107.1818,Mexico,MX,MEX,Chihuahua,Chihuahua,MX-CHH,state,,10.0,,,5,America/Chihuahua,FALSE,1484669245
El Orégano,El Oregano,,26.6932,-107.2665,Mexico,MX,MEX,Chihuahua,Chihuahua,MX-CHH,state,,7.5,,,5,America/Chihuahua,TRUE,1484092382
El Orégano,El Oregano,,26.8140,-107.3560,Mexico,MX,MEX,Chihuahua,Chihuahua,MX-CHH,state,,4.9,,,5,America/Chihuahua,TRUE,1484587782
El Oregano,El Oregano,,27.4763,-106.5768,Mexico,MX,MEX,Chihuahua,Chihuahua,MX-CHH,state,,1.6,,,5,America/Chihuahua,TRUE,1484898695
El Orégano,El Oregano,,29.0960,-108.3630,Mexico,MX,MEX,Chihuahua,Chihuahua,MX-CHH,state,,0.6,,,5,America/Chihuahua,TRUE,1484011546
El Orégano,El Oregano,,26.7248,-105.7874,Mexico,MX,MEX,Chihuahua,Chihuahua,MX-CHH,state,,0.5,,,5,America/Chihuahua,TRUE,1484597891
El Orégano,El Oregano,,30.8245,-107.6905,Mexico,MX,MEX,Chihuahua,Chihuahua,MX-CHH,state,,0.0,,,5,America/Ciudad_Juarez,TRUE,1484333528
Villa de Guadalupe,Villa de Guadalupe,Guadalupe|Raymundo Sánchez,23.3667,-100.7500,Mexico,MX,MEX,San Luis Potosí,San Luis Potosi,MX-SLP,state,minor,283.0,,,3,America/Mexico_City,FALSE,1484900401
Villa de Guadalupe,Villa de Guadalupe,,21.4077,-99.0317,Mexico,MX,MEX,San Luis Potosí,San Luis Potosi,MX-SLP,state,,101.6,,,4,America/Mexico_City,TRUE,1484822391
San Isidro de Ensaye,San Isidro de Ensaye,,20.8377,-101.0332,Mexico,MX,MEX,Guanajuato,Guanajuato,MX-GUA,state,,11.5,,,4,America/Mexico_City,FALSE,1484889847
El Guizagomachi,El Guizagomachi,,27.2712,-108.0652,Mexico,MX,MEX,Chihuahua,Chihuahua,MX-CHH,state,,18.5,,,4,America/Chihuahua,FALSE,1484997527
Epazote,Epazote,,21.2222,-101.5920,Mexico,MX,MEX,Guanajuato,Guanajuato,MX-GUA,state,,76.5,,,4,America/Mexico_City,FALSE,1484347117
Los Azules,Los Azules,,22.9780,-105.7274,Mexico,MX,MEX,Sinaloa,Sinaloa,MX-SIN,state,,8.6,,,5,America/Mazatlan,FALSE,1484021221
Nuevo Morelos,Nuevo Morelos,,15.9779,-93.6431,Mexico,MX,MEX,Chiapas,Chiapas,MX-CHP,state,,21.5,,,4,America/Mexico_City,FALSE,1484179838
San José de las Dalias,San Jose de las Dalias,,20.5035,-101.4431,Mexico,MX,MEX,Guanajuato,Guanajuato,MX-GUA,state,,175.4,,,4,America/Mexico_City,FALSE,1484703992
Alayón,Alayon,Playón,25.2217,-108.1912,Mexico,MX,MEX,Sinaloa,Sinaloa,MX-SIN,state,,7.8,,,5,America/Mazatlan,FALSE,1484958638
Tlamaya Grande,Tlamaya Grande,,20.1472,-97.8039,Mexico,MX,MEX,Puebla,Puebla,MX-PUE,state,,101.9,,,4,America/Mexico_City,FALSE,1484254459
Cosari,Cosari,,28.4725,-109.8317,Mexico,MX,MEX,Sonora,Sonora,MX-SON,state,,0.1,,,5,America/Hermosillo,FALSE,1484013364
El Puerto,El Puerto,,21.5559,-98.9719,Mexico,MX,MEX,San Luis Potosí,San Luis Potosi,MX-SLP,state,,222.1,,,3,America/Mexico_City,FALSE,1484550910
El Puerto,El Puerto,,21.6160,-99.1168,Mexico,MX,MEX,San Luis Potosí,San Luis Potosi,MX-SLP,state,,108.9,,,4,America/Mexico_City,TRUE,1484368529
El Puerto,El Puerto,,21.6702,-99.5469,Mexico,MX,MEX,San Luis Potosí,San Luis Potosi,MX-SLP,state,,13.0,,,4,America/Mexico_City,TRUE,1484744517
El Puerto,El Puerto,,21.6013,-99.6187,Mexico,MX,MEX,San Luis Potosí,San Luis Potosi,MX-SLP,state,,11.7,,,4,America/Mexico_City,TRUE,1484380963
El Puerto,El Puerto,,22.3421,-99.9417,Mexico,MX,MEX,San Luis Potosí,San Luis Potosi,MX-SLP,state,,5.8,,,5,America/Mexico_City,TRUE,1484993991
El Limón Real,El Limon Real,,19.1335,-103.0491,Mexico,MX,MEX,Jalisco,Jalisco,MX-JAL,state,,2.4,,,5,America/Mexico_City,FALSE,1484024441
Bazá,Baza,,16.6531,-95.1320,Mexico,MX,MEX,Oaxaca,Oaxaca,MX-OAX,state,,1.4,,,5,America/Mexico_City,FALSE,1484964112
Las Malpas,Las Malpas,,22.5648,-104.9353,Mexico,MX,MEX,Durango,Durango,MX-DUR,state,,3.9,,,5,America/Monterrey,FALSE,1484970685
Pérez,Perez,Rosita Vieja,27.9498,-101.2421,Mexico,MX,MEX,Coahuila,Coahuila,MX-COA,state,,14.8,,,4,America/Monterrey,FALSE,1484902660
Pérez,Perez,,28.3500,-100.4167,Mexico,MX,MEX,Coahuila,Coahuila,MX-COA,state,,3.9,,,5,America/Matamoros,TRUE,1484711740
Pérez,Perez,Rancho Los Perez,28.0000,-100.0000,Mexico,MX,MEX,Coahuila,Coahuila,MX-COA,state,,0.7,,,5,America/Matamoros,TRUE,1484871192
Cruz de Jaramalla,Cruz de Jaramalla,,18.6296,-98.8974,Mexico,MX,MEX,Morelos,Morelos,MX-MOR,state,,9.5,,,5,America/Mexico_City,FALSE,1484020089
La Mameyera,La Mameyera,,18.6150,-103.5392,Mexico,MX,MEX,Michoacán,Michoacan,MX-MIC,state,,7.3,,,5,America/Mexico_City,FALSE,1484894510
San Agustin de Buenaventura,San Agustin de Buenaventura,San Agustin Buenaventura,22.6057,-104.9104,Mexico,MX,MEX,Durango,Durango,MX-DUR,state,,3.9,,,5,America/Monterrey,FALSE,1484673297
Los Campos,Los Campos,,29.3280,-108.8650,Mexico,MX,MEX,Sonora,Sonora,MX-SON,state,,0.0,,,5,America/Hermosillo,FALSE,1484312687
Los Cuves,Los Cuves,,21.5593,-98.5518,Mexico,MX,MEX,Veracruz,Veracruz,MX-VER,state,,8.0,,,5,America/Mexico_City,FALSE,1484591973
Punta Flor,Punta Flor,,21.2403,-88.2911,Mexico,MX,MEX,Yucatán,Yucatan,MX-YUC,state,,2.7,,,5,America/Merida,FALSE,1484139091
Flechadores,Flechadores,Rancho Flechadores,24.5219,-98.6775,Mexico,MX,MEX,Tamaulipas,Tamaulipas,MX-TAM,state,,5.4,,,5,America/Monterrey,FALSE,1484188994
Yoh-Xuch,Yoh-Xuch,Yoh Xuch,19.3868,-89.6521,Mexico,MX,MEX,Campeche,Campeche,MX-CAM,state,,0.5,,,5,America/Merida,FALSE,1484906922
El Sótano,El Sotano,Sótano,21.1899,-98.8943,Mexico,MX,MEX,Hidalgo,Hidalgo,MX-HID,state,,107.7,,,4,America/Mexico_City,FALSE,1484026722
El Sótano,El Sotano,Sótano,21.0069,-99.1359,Mexico,MX,MEX,Hidalgo,Hidalgo,MX-HID,state,,36.2,,,4,America/Mexico_City,TRUE,1484985829
El Paseo,El Paseo,,18.2546,-101.6951,Mexico,MX,MEX,Guerrero,Guerrero,MX-GRO,state,,5.2,,,5,America/Mexico_City,FALSE,1484113336
Colonia Secretaría de Agricultura y Recursos Hidráulicos,Colonia Secretaria de Agricultura y Recursos Hidraulicos,Colonia de la Secretaría de Agricultura y Recursos Hidráulicos|Colonia SARH|Colonia de la SARH,21.6368,-102.9961,Mexico,MX,MEX,Zacatecas,Zacatecas,MX-ZAC,state,,52.4,,,4,America/Mexico_City,FALSE,1484010668
Aguaque,Aguaque,,27.3829,-107.7810,Mexico,MX,MEX,Chihuahua,Chihuahua,MX-CHH,state,,6.6,,,5,America/Chihuahua,FALSE,1484539457
Zaragoza,Zaragoza,Puerto de Medina,19.8729,-100.1149,Mexico,MX,MEX,Michoacán,Michoacan,MX-MIC,state,,166.7,,,4,America/Mexico_City,FALSE,1484894086
Zaragoza,Zaragoza,,20.3436,-101.9631,Mexico,MX,MEX,Michoacán,Michoacan,MX-MIC,state,,148.3,,,4,America/Mexico_City,TRUE,1484492140
Mesa del Durazno,Mesa del Durazno,,25.7629,-106.9669,Mexico,MX,MEX,Chihuahua,Chihuahua,MX-CHH,state,,7.9,,,5,America/Chihuahua,FALSE,1484363725
Mesa del Durazno,Mesa del Durazno,,26.8050,-106.9710,Mexico,MX,MEX,Chihuahua,Chihuahua,MX-CHH,state,,5.5,,,5,America/Chihuahua,TRUE,1484666744
Mesa del Durazno,Mesa del Durazno,,26.6344,-107.0385,Mexico,MX,MEX,Chihuahua,Chihuahua,MX-CHH,state,,0.7,,,5,America/Chihuahua,TRUE,1484048372
San Francisco Dos,San Francisco Dos,,21.1094,-101.5803,Mexico,MX,MEX,Guanajuato,Guanajuato,MX-GUA,state,,230.5,,,3,America/Mexico_City,FALSE,1484007266
El Tarais,El Tarais,,26.1078,-105.8099,Mexico,MX,MEX,Durango,Durango,MX-DUR,state,,0.1,,,5,America/Monterrey,FALSE,1484255837
Coachila,Coachila,,18.9082,-98.2072,Mexico,MX,MEX,Puebla,Puebla,MX-PUE,state,,103.3,,,4,America/Mexico_City,FALSE,1484341617
El Alazan,El Alazan,El Alazán,23.3607,-102.5127,Mexico,MX,MEX,Zacatecas,Zacatecas,MX-ZAC,state,,1.8,,,5,America/Mexico_City,FALSE,1484980852
La Plomosa,La Plomosa,,25.0352,-106.6187,Mexico,MX,MEX,Durango,Durango,MX-DUR,state,,4.2,,,5,America/Monterrey,FALSE,1484438998
Los Mayorga,Los Mayorga,,25.8828,-100.0791,Mexico,MX,MEX,Nuevo León,Nuevo Leon,MX-NLE,state,,454.0,,,3,America/Monterrey,FALSE,1484815001
Monumento,Monumento,,27.0167,-112.0500,Mexico,MX,MEX,Baja California Sur,Baja California Sur,MX-BCS,state,,6.1,,,5,America/Mazatlan,FALSE,1484078329
El Socorro,El Socorro,,16.8345,-98.7292,Mexico,MX,MEX,Guerrero,Guerrero,MX-GRO,state,,28.6,,,4,America/Mexico_City,FALSE,1484411502
Arenal,Arenal,,16.8030,-95.7083,Mexico,MX,MEX,Oaxaca,Oaxaca,MX-OAX,state,,25.1,,,4,America/Mexico_City,FALSE,1484192554
El Guamuchilón,El Guamuchilon,,19.1376,-103.5056,Mexico,MX,MEX,Jalisco,Jalisco,MX-JAL,state,,7.5,,,5,America/Mexico_City,FALSE,1484529445
Borrotillos,Borrotillos,,21.8633,-103.7295,Mexico,MX,MEX,Jalisco,Jalisco,MX-JAL,state,,30.6,,,4,America/Mexico_City,FALSE,1484854350
Bonita Vieja,Bonita Vieja,Bonita|Alto Bonito,26.1733,-98.9676,Mexico,MX,MEX,Tamaulipas,Tamaulipas,MX-TAM,state,,1.0,,,5,America/Matamoros,FALSE,1484052208
Felipe Carrillo Puerto,Felipe Carrillo Puerto,,22.7971,-98.8722,Mexico,MX,MEX,Tamaulipas,Tamaulipas,MX-TAM,state,,22.0,,,4,America/Monterrey,FALSE,1484363767
Felipe Carrillo Puerto,Felipe Carrillo Puerto,Carrillo Puerto,23.2297,-98.9714,Mexico,MX,MEX,Tamaulipas,Tamaulipas,MX-TAM,state,,12.8,,,4,America/Monterrey,TRUE,1484094243
Felipe Carrillo Puerto,Felipe Carrillo Puerto,,18.1277,-93.2473,Mexico,MX,MEX,Tabasco,Tabasco,MX-TAB,state,,257.0,,,3,America/Mexico_City,FALSE,1484236078
El Tollido,El Tollido,,24.1667,-102.9500,Mexico,MX,MEX,Zacatecas,Zacatecas,MX-ZAC,state,,6.0,,,5,America/Mexico_City,FALSE,1484720215
Trujillo,Trujillo,,24.1667,-97.8667,Mexico,MX,MEX,Tamaulipas,Tamaulipas,MX-TAM,state,,4.1,,,5,America/Monterrey,FALSE,1484418371
Capuluapan de las Aguas,Capuluapan de las Aguas,,19.5655,-97.7761,Mexico,MX,MEX,Puebla,Puebla,MX-PUE,state,,85.2,,,4,America/Mexico_City,FALSE,1484592281
El Pozo,El Pozo,,21.6475,-104.4641,Mexico,MX,MEX,Nayarit,Nayarit,MX-NAY,state,,3.5,,,5,America/Mazatlan,FALSE,1484035536
Colonia la Península,Colonia la Peninsula,,27.8957,-110.8995,Mexico,MX,MEX,Sonora,Sonora,MX-SON,state,,708.7,,,3,America/Hermosillo,FALSE,1484394428
Arroyos Cuates,Arroyos Cuates,,18.5995,-100.8960,Mexico,MX,MEX,Michoacán,Michoacan,MX-MIC,state,,21.0,,,4,America/Mexico_City,FALSE,1484829349
Rancho Arenas Blancas,Rancho Arenas Blancas,,17.2362,-99.8473,Mexico,MX,MEX,Guerrero,Guerrero,MX-GRO,state,,4.2,,,5,America/Mexico_City,FALSE,1484049983
Manglar,Manglar,,17.5775,-101.3209,Mexico,MX,MEX,Guerrero,Guerrero,MX-GRO,state,,3.7,,,5,America/Mexico_City,FALSE,1484654211
El Nito,El Nito,Rancho del Nito,28.8073,-104.2263,Mexico,MX,MEX,Chihuahua,Chihuahua,MX-CHH,state,,0.6,,,5,America/Ojinaga,FALSE,1484311008
El Silencio,El Silencio,,29.0686,-110.8724,Mexico,MX,MEX,Sonora,Sonora,MX-SON,state,,63.3,,,4,America/Hermosillo,FALSE,1484115647
El Silencio,El Silencio,Rancho El Silencioso,30.2052,-110.5261,Mexico,MX,MEX,Sonora,Sonora,MX-SON,state,,0.0,,,5,America/Hermosillo,TRUE,1484013494
La Fuente del Edén,La Fuente del Eden,,21.0934,-101.0654,Mexico,MX,MEX,Guanajuato,Guanajuato,MX-GUA,state,,28.3,,,4,America/Mexico_City,FALSE,1484872702
Guía del Porvenir,Guia del Porvenir,El Porvenir,18.4700,-96.7401,Mexico,MX,MEX,Veracruz,Veracruz,MX-VER,state,,126.8,,,4,America/Mexico_City,FALSE,1484018459
Yucunicula de Hidalgo,Yucunicula de Hidalgo,,16.9812,-97.6399,Mexico,MX,MEX,Oaxaca,Oaxaca,MX-OAX,state,,39.7,,,4,America/Mexico_City,FALSE,1484829523
Francisco Ignacio Madero,Francisco Ignacio Madero,Francisco I. Madero|El Pantano,19.7010,-101.0307,Mexico,MX,MEX,Michoacán,Michoacan,MX-MIC,state,,96.5,,,4,America/Mexico_City,FALSE,1484008211
Loma del Salitre,Loma del Salitre,,19.4545,-99.8394,Mexico,MX,MEX,México,Mexico,MX-MEX,state,,337.8,,,3,America/Mexico_City,FALSE,1484537604
Tequila Primera Sección,Tequila Primera Seccion,,17.8804,-92.7229,Mexico,MX,MEX,Tabasco,Tabasco,MX-TAB,state,,100.5,,,4,America/Mexico_City,FALSE,1484368594
Cuapiaxtla,Cuapiaxtla,Cuapixtla|San Lorenzo Cuapiaxtla,19.2964,-97.7692,Mexico,MX,MEX,Tlaxcala,Tlaxcala,MX-TLA,state,minor,4496.8,,,2,America/Mexico_City,FALSE,1484984822
San Eraclio,San Eraclio,,20.7589,-89.8550,Mexico,MX,MEX,Yucatán,Yucatan,MX-YUC,state,,767.5,,,3,America/Merida,FALSE,1484027825
Acatita,Acatita,,22.8122,-105.2491,Mexico,MX,MEX,Nayarit,Nayarit,MX-NAY,state,,5.5,,,5,America/Mazatlan,FALSE,1484429932
Acatita,Acatita,,22.4591,-105.0259,Mexico,MX,MEX,Nayarit,Nayarit,MX-NAY,state,,3.8,,,5,America/Mazatlan,TRUE,1484380095
Arroyo Muerto,Arroyo Muerto,,17.0789,-99.7990,Mexico,MX,MEX,Guerrero,Guerrero,MX-GRO,state,,17.4,,,4,America/Mexico_City,FALSE,1484062923
Monterrey,Monterrey,,25.6667,-107.4500,Mexico,MX,MEX,Sinaloa,Sinaloa,MX-SIN,state,,4.1,,,5,America/Mazatlan,FALSE,1484268236
San José de Zaragoza,San Jose de Zaragoza,San José,25.2275,-103.4665,Mexico,MX,MEX,Durango,Durango,MX-DUR,state,,11.2,,,4,America/Monterrey,FALSE,1484356956
Noria de San Francisco,Noria de San Francisco,,29.0666,-109.9325,Mexico,MX,MEX,Sonora,Sonora,MX-SON,state,,0.1,,,5,America/Hermosillo,FALSE,1484008005
Villa Victoria,Villa Victoria,Chinicuila,18.7575,-103.3697,Mexico,MX,MEX,Michoacán,Michoacan,MX-MIC,state,,660.9,,,3,America/Mexico_City,FALSE,1484001841
Pozo Chemali,Pozo Chemali,,29.5718,-110.8430,Mexico,MX,MEX,Sonora,Sonora,MX-SON,state,,0.6,,,5,America/Hermosillo,FALSE,1484010236
Xaxán,Xaxan,,18.7500,-88.2500,Mexico,MX,MEX,Quintana Roo,Quintana Roo,MX-ROO,state,,6.0,,,5,America/Cancun,FALSE,1484392695
Loma de los Angeles,Loma de los Angeles,,18.0974,-91.2492,Mexico,MX,MEX,Campeche,Campeche,MX-CAM,state,,5.2,,,5,America/Merida,FALSE,1484682516
San José Magallanes,San Jose Magallanes,,15.7700,-93.0050,Mexico,MX,MEX,Chiapas,Chiapas,MX-CHP,state,,7.5,,,5,America/Mexico_City,FALSE,1484016988
El Mohino,El Mohino,,22.2004,-99.0519,Mexico,MX,MEX,San Luis Potosí,San Luis Potosi,MX-SLP,state,,4.0,,,5,America/Mexico_City,FALSE,1484783576
Patria Nueva,Patria Nueva,,20.3715,-99.0521,Mexico,MX,MEX,Hidalgo,Hidalgo,MX-HID,state,,166.7,,,4,America/Mexico_City,FALSE,1484431840
Hermanos Mondragón,Hermanos Mondragon,,16.1556,-97.9924,Mexico,MX,MEX,Oaxaca,Oaxaca,MX-OAX,state,,60.4,,,4,America/Mexico_City,FALSE,1484027550
Andrés Quintana Roo Segunda Sección,Andres Quintana Roo Segunda Seccion,Andres Quintana Roo Segunda Sección|Andrés Quintana Roo|Segunda Sección,17.7559,-93.0445,Mexico,MX,MEX,Tabasco,Tabasco,MX-TAB,state,,29.9,,,4,America/Mexico_City,FALSE,1484765521
Las Varas,Las Varas,,17.9907,-95.8447,Mexico,MX,MEX,Oaxaca,Oaxaca,MX-OAX,state,,19.4,,,4,America/Mexico_City,FALSE,1484018573
Las Varas,Las Varas,,16.0667,-94.1167,Mexico,MX,MEX,Oaxaca,Oaxaca,MX-OAX,state,,0.5,,,5,America/Mexico_City,TRUE,1484330974
Bayosa,Bayosa,,24.7667,-106.7667,Mexico,MX,MEX,Durango,Durango,MX-DUR,state,,2.7,,,5,America/Monterrey,FALSE,1484000509
Los Mexicanos,Los Mexicanos,,26.9006,-106.0165,Mexico,MX,MEX,Chihuahua,Chihuahua,MX-CHH,state,,0.9,,,5,America/Chihuahua,FALSE,1484814276
El Tejocote,El Tejocote,,19.4410,-98.9087,Mexico,MX,MEX,México,Mexico,MX-MEX,state,,2605.3,,,2,America/Mexico_City,FALSE,1484036990
El Tejocote,El Tejocote,,19.4710,-99.6428,Mexico,MX,MEX,México,Mexico,MX-MEX,state,,1468.6,,,3,America/Mexico_City,TRUE,1484234549
El Tejocote,El Tejocote,El Tecojote,19.9804,-99.5502,Mexico,MX,MEX,México,Mexico,MX-MEX,state,,387.1,,,3,America/Mexico_City,TRUE,1484020651
El Tejocote,El Tejocote,,19.4536,-99.8517,Mexico,MX,MEX,México,Mexico,MX-MEX,state,,359.6,,,3,America/Mexico_City,TRUE,1484253971
El Tejocote,El Tejocote,,19.7779,-99.4466,Mexico,MX,MEX,México,Mexico,MX-MEX,state,,132.5,,,4,America/Mexico_City,TRUE,1484021204
El Tejocote,El Tejocote,,20.1683,-99.8097,Mexico,MX,MEX,México,Mexico,MX-MEX,state,,65.8,,,4,America/Mexico_City,TRUE,1484025797
El Tejocote,El Tejocote,,19.7121,-99.3148,Mexico,MX,MEX,México,Mexico,MX-MEX,state,,46.0,,,4,America/Mexico_City,TRUE,1484020431
Jolitontic,Jolitontic,,17.0491,-92.6400,Mexico,MX,MEX,Chiapas,Chiapas,MX-CHP,state,,105.7,,,4,America/Mexico_City,FALSE,1484500366
Jesús Díaz,Jesus Diaz,Sirio|Cirio,19.7669,-102.3978,Mexico,MX,MEX,Michoacán,Michoacan,MX-MIC,state,,83.2,,,4,America/Mexico_City,FALSE,1484757050
Marrujo,Marrujo,,27.6406,-106.3080,Mexico,MX,MEX,Chihuahua,Chihuahua,MX-CHH,state,,0.7,,,5,America/Chihuahua,FALSE,1484684116
Xolotla,Xolotla,,20.2580,-98.1333,Mexico,MX,MEX,Puebla,Puebla,MX-PUE,state,,215.5,,,3,America/Mexico_City,FALSE,1484623201
Rancho Colonia Pinacate,Rancho Colonia Pinacate,,25.0833,-100.7833,Mexico,MX,MEX,Nuevo León,Nuevo Leon,MX-NLE,state,,8.4,,,5,America/Monterrey,FALSE,1484972038
Brasil,Brasil,,27.7737,-99.9489,Mexico,MX,MEX,Coahuila,Coahuila,MX-COA,state,,0.3,,,5,America/Matamoros,FALSE,1484872163
Xmauil,Xmauil,,20.9248,-89.5010,Mexico,MX,MEX,Yucatán,Yucatan,MX-YUC,state,,42.2,,,4,America/Merida,FALSE,1484024963
Tepozán de Miranda,Tepozan de Miranda,,21.3885,-102.1555,Mexico,MX,MEX,Jalisco,Jalisco,MX-JAL,state,,18.8,,,4,America/Mexico_City,FALSE,1484987374
El Tigre,El Tigre,,27.5400,-105.3942,Mexico,MX,MEX,Chihuahua,Chihuahua,MX-CHH,state,,17.4,,,4,America/Chihuahua,FALSE,1484546385
El Tigre,El Tigre,Tigre,28.0176,-108.6378,Mexico,MX,MEX,Chihuahua,Chihuahua,MX-CHH,state,,6.6,,,5,America/Chihuahua,TRUE,1484255300
El Tigre,El Tigre,El Trigo,26.5000,-107.7000,Mexico,MX,MEX,Chihuahua,Chihuahua,MX-CHH,state,,4.0,,,5,America/Chihuahua,TRUE,1484273522
El Tigre,El Tigre,,25.9127,-107.1886,Mexico,MX,MEX,Chihuahua,Chihuahua,MX-CHH,state,,3.8,,,5,America/Chihuahua,TRUE,1484877524
El Tigre,El Tigre,,26.5816,-106.6648,Mexico,MX,MEX,Chihuahua,Chihuahua,MX-CHH,state,,2.9,,,5,America/Chihuahua,TRUE,1484565901
El Tigre,El Tigre,,27.5123,-108.4656,Mexico,MX,MEX,Chihuahua,Chihuahua,MX-CHH,state,,1.4,,,5,America/Chihuahua,TRUE,1484532505
Tezontepec de Aldama,Tezontepec de Aldama,Tezontepec Aldama|Tezontepec|Texontepec,20.1925,-99.2731,Mexico,MX,MEX,Hidalgo,Hidalgo,MX-HID,state,,1923.8,,,3,America/Mexico_City,FALSE,1484742902
Madera,Madera,,28.0833,-109.8500,Mexico,MX,MEX,Sonora,Sonora,MX-SON,state,,2.0,,,5,America/Hermosillo,FALSE,1484041350
El Chivo,El Chivo,,21.2246,-104.1510,Mexico,MX,MEX,Nayarit,Nayarit,MX-NAY,state,,3.7,,,5,America/Mazatlan,FALSE,1484787927
La Isleta,La Isleta,,25.4527,-108.4842,Mexico,MX,MEX,Sinaloa,Sinaloa,MX-SIN,state,,112.3,,,4,America/Mazatlan,FALSE,1484025589
La Isleta,La Isleta,Isleta,25.4172,-108.1291,Mexico,MX,MEX,Sinaloa,Sinaloa,MX-SIN,state,,43.1,,,4,America/Mazatlan,TRUE,1484148071
La Isleta,La Isleta,,26.2450,-108.7729,Mexico,MX,MEX,Sinaloa,Sinaloa,MX-SIN,state,,8.5,,,5,America/Mazatlan,TRUE,1484343094
La Encinosa,La Encinosa,,26.3362,-105.9317,Mexico,MX,MEX,Durango,Durango,MX-DUR,state,,0.5,,,5,America/Monterrey,FALSE,1484442572
Tembladera,Tembladera,,17.8167,-93.9667,Mexico,MX,MEX,Tabasco,Tabasco,MX-TAB,state,,14.5,,,4,America/Mexico_City,FALSE,1484857949
Costa Azul,Costa Azul,,31.7419,-116.6069,Mexico,MX,MEX,Baja California,Baja California,MX-BCN,state,,118.1,,,4,America/Tijuana,FALSE,1484375284
Costa Azul,Costa Azul,,31.9953,-116.8532,Mexico,MX,MEX,Baja California,Baja California,MX-BCN,state,,2.6,,,5,America/Tijuana,TRUE,1484116594
Rincón de Almoloya,Rincon de Almoloya,Rincón de Almoloyan,19.3333,-104.3833,Mexico,MX,MEX,Jalisco,Jalisco,MX-JAL,state,,1.2,,,5,America/Mexico_City,FALSE,1484627277
San Salvador,San Salvador,El Salvador,19.8030,-90.3918,Mexico,MX,MEX,Campeche,Campeche,MX-CAM,state,,5.0,,,5,America/Merida,FALSE,1484736969
San Salvador,San Salvador,,18.3253,-91.4705,Mexico,MX,MEX,Campeche,Campeche,MX-CAM,state,,1.0,,,5,America/Merida,TRUE,1484361998
El Temazcal,El Temazcal,,19.6515,-100.9548,Mexico,MX,MEX,Michoacán,Michoacan,MX-MIC,state,,39.1,,,4,America/Mexico_City,FALSE,1484506276
Brazo Fuerte,Brazo Fuerte,,19.7540,-96.4996,Mexico,MX,MEX,Veracruz,Veracruz,MX-VER,state,,12.9,,,4,America/Mexico_City,FALSE,1484440832
Las Canicas,Las Canicas,,16.8288,-93.3889,Mexico,MX,MEX,Chiapas,Chiapas,MX-CHP,state,,23.4,,,4,America/Mexico_City,FALSE,1484643199
Colorada de Moris,Colorada de Moris,,27.0764,-108.1994,Mexico,MX,MEX,Chihuahua,Chihuahua,MX-CHH,state,,0.5,,,5,America/Chihuahua,FALSE,1484740484
El Quemado,El Quemado,,18.4667,-91.1833,Mexico,MX,MEX,Campeche,Campeche,MX-CAM,state,,4.1,,,5,America/Merida,FALSE,1484876878
El Tigre,El Tigre,,14.9384,-92.3811,Mexico,MX,MEX,Chiapas,Chiapas,MX-CHP,state,,193.3,,,4,America/Mexico_City,FALSE,1484204870
Mesa de Cocorochas,Mesa de Cocorochas,,22.5188,-104.7691,Mexico,MX,MEX,Nayarit,Nayarit,MX-NAY,state,,7.2,,,5,America/Mazatlan,FALSE,1484355558
Mesopotamia,Mesopotamia,,18.1601,-91.3296,Mexico,MX,MEX,Campeche,Campeche,MX-CAM,state,,9.9,,,5,America/Merida,FALSE,1484005143
Yoshíchi,Yoshichi,Llano de Cebulla,17.4818,-97.8290,Mexico,MX,MEX,Oaxaca,Oaxaca,MX-OAX,state,,39.4,,,4,America/Mexico_City,FALSE,1484977527
Rancho Don Cruz,Rancho Don Cruz,,31.2135,-116.1359,Mexico,MX,MEX,Baja California,Baja California,MX-BCN,state,,0.7,,,5,America/Tijuana,FALSE,1484677054
Ixtepec,Ixtepec,,18.6390,-99.7166,Mexico,MX,MEX,Guerrero,Guerrero,MX-GRO,state,,43.9,,,4,America/Mexico_City,FALSE,1484010860
Ixtepec,Ixtepec,,18.2515,-100.1072,Mexico,MX,MEX,Guerrero,Guerrero,MX-GRO,state,,20.8,,,4,America/Mexico_City,TRUE,1484230382
Picardías,Picardias,Estación Picardías,25.3247,-103.4859,Mexico,MX,MEX,Durango,Durango,MX-DUR,state,,19.9,,,4,America/Monterrey,FALSE,1484546166
Suyalho,Suyalho,Zoyalo,16.8809,-92.5758,Mexico,MX,MEX,Chiapas,Chiapas,MX-CHP,state,,437.2,,,3,America/Mexico_City,FALSE,1484211528
Pozuelos,Pozuelos,,22.0894,-101.1152,Mexico,MX,MEX,San Luis Potosí,San Luis Potosi,MX-SLP,state,,14.7,,,4,America/Mexico_City,FALSE,1484129132
La Golondrina,La Golondrina,,17.0378,-97.1778,Mexico,MX,MEX,Oaxaca,Oaxaca,MX-OAX,state,,15.4,,,4,America/Mexico_City,FALSE,1484016425
Ciénega del Mango,Cienega del Mango,,22.0109,-104.8019,Mexico,MX,MEX,Nayarit,Nayarit,MX-NAY,state,,11.2,,,4,America/Mazatlan,FALSE,1484066560
Pocitos,Pocitos,,18.7011,-96.7866,Mexico,MX,MEX,Veracruz,Veracruz,MX-VER,state,,79.0,,,4,America/Mexico_City,FALSE,1484312042
Pocitos,Pocitos,,19.4651,-97.0941,Mexico,MX,MEX,Veracruz,Veracruz,MX-VER,state,,65.9,,,4,America/Mexico_City,TRUE,1484969598
Santo Tomás,Santo Tomas,,20.9022,-99.4704,Mexico,MX,MEX,Querétaro,Queretaro,MX-QUE,state,,32.9,,,4,America/Mexico_City,FALSE,1484004021
Coronel Tito Hernández,Coronel Tito Hernandez,María Andrea,20.4564,-97.7361,Mexico,MX,MEX,Puebla,Puebla,MX-PUE,state,,2278.7,,,2,America/Mexico_City,FALSE,1484883386
Cinco de Febrero,Cinco de Febrero,,20.1537,-99.2615,Mexico,MX,MEX,Hidalgo,Hidalgo,MX-HID,state,,793.9,,,3,America/Mexico_City,FALSE,1484557726
Pecos,Pecos,,14.9359,-92.3370,Mexico,MX,MEX,Chiapas,Chiapas,MX-CHP,state,,138.5,,,4,America/Mexico_City,FALSE,1484463593
Tenopisque,Tenopisque,,21.2833,-105.1333,Mexico,MX,MEX,Nayarit,Nayarit,MX-NAY,state,,20.5,,,4,America/Mazatlan,FALSE,1484132745
El Tabelito,El Tabelito,Tabelito,27.1787,-108.9641,Mexico,MX,MEX,Sonora,Sonora,MX-SON,state,,6.0,,,5,America/Hermosillo,FALSE,1484121523
Miraflores,Miraflores,,23.9646,-99.0661,Mexico,MX,MEX,Tamaulipas,Tamaulipas,MX-TAM,state,,43.6,,,4,America/Monterrey,FALSE,1484222039
Miraflores,Miraflores,,17.4635,-92.6830,Mexico,MX,MEX,Tabasco,Tabasco,MX-TAB,state,,29.2,,,4,America/Mexico_City,FALSE,1484869634
El Retancito,El Retancito,,26.6100,-108.2270,Mexico,MX,MEX,Sinaloa,Sinaloa,MX-SIN,state,,4.7,,,5,America/Mazatlan,FALSE,1484002216
Los Epazotes,Los Epazotes,,18.4603,-99.3428,Mexico,MX,MEX,Guerrero,Guerrero,MX-GRO,state,,2.0,,,5,America/Mexico_City,FALSE,1484112278
Arriba,Arriba,,18.0167,-95.2333,Mexico,MX,MEX,Veracruz,Veracruz,MX-VER,state,,32.8,,,4,America/Mexico_City,FALSE,1484489546
Las Majadas de Arriba,Las Majadas de Arriba,,21.6499,-102.0991,Mexico,MX,MEX,Jalisco,Jalisco,MX-JAL,state,,7.3,,,5,America/Mexico_City,FALSE,1484632384
Peña del Tecolote,Pena del Tecolote,,19.2730,-100.7429,Mexico,MX,MEX,Michoacán,Michoacan,MX-MIC,state,,13.4,,,4,America/Mexico_City,FALSE,1484445919
Cruz Tetela,Cruz Tetela,,18.6902,-96.7280,Mexico,MX,MEX,Veracruz,Veracruz,MX-VER,state,,91.3,,,4,America/Mexico_City,FALSE,1484849166
Yerba Santa,Yerba Santa,,16.9000,-93.3000,Mexico,MX,MEX,Chiapas,Chiapas,MX-CHP,state,,180.0,,,4,America/Mexico_City,FALSE,1484000837
Yerba Santa,Yerba Santa,,16.4667,-92.3167,Mexico,MX,MEX,Chiapas,Chiapas,MX-CHP,state,,37.3,,,4,America/Mexico_City,TRUE,1484000836
Yerba Santa,Yerba Santa,,16.5173,-94.0489,Mexico,MX,MEX,Chiapas,Chiapas,MX-CHP,state,,15.7,,,4,America/Mexico_City,TRUE,1484388195
Yerba Santa,Yerba Santa,,15.9993,-93.0406,Mexico,MX,MEX,Chiapas,Chiapas,MX-CHP,state,,11.6,,,4,America/Mexico_City,TRUE,1484698821
Yerba Santa,Yerba Santa,,16.4230,-93.0703,Mexico,MX,MEX,Chiapas,Chiapas,MX-CHP,state,,3.8,,,5,America/Mexico_City,TRUE,1484759382
Mata Zopilole,Mata Zopilole,,19.0011,-96.6906,Mexico,MX,MEX,Veracruz,Veracruz,MX-VER,state,,86.9,,,4,America/Mexico_City,FALSE,1484499595
Los Ocho Hermanos,Los Ocho Hermanos,Los Ocho,17.9576,-94.3755,Mexico,MX,MEX,Veracruz,Veracruz,MX-VER,state,,35.1,,,4,America/Mexico_City,FALSE,1484018099
La Higuera,La Higuera,,18.4568,-101.0645,Mexico,MX,MEX,Guerrero,Guerrero,MX-GRO,state,,11.2,,,4,America/Mexico_City,FALSE,1484240801
La Higuera,La Higuera,,17.6862,-100.9750,Mexico,MX,MEX,Guerrero,Guerrero,MX-GRO,state,,3.5,,,5,America/Mexico_City,TRUE,1484295240
Arenas Gordas,Arenas Gordas,,27.7604,-109.7354,Mexico,MX,MEX,Sonora,Sonora,MX-SON,state,,0.7,,,5,America/Hermosillo,FALSE,1484506994
Orilla del Llano,Orilla del Llano,,23.2208,-102.6713,Mexico,MX,MEX,Zacatecas,Zacatecas,MX-ZAC,state,,43.1,,,4,America/Mexico_City,FALSE,1484311963
Palmito,Palmito,El Palmito,21.2497,-98.7080,Mexico,MX,MEX,San Luis Potosí,San Luis Potosi,MX-SLP,state,,109.8,,,4,America/Mexico_City,FALSE,1484811231
La Agrícola,La Agricola,Rancho Hacienda Agricola,28.7537,-101.1266,Mexico,MX,MEX,Coahuila,Coahuila,MX-COA,state,,6.8,,,5,America/Matamoros,FALSE,1484549529
Tobxilá,Tobxila,,19.8541,-88.9176,Mexico,MX,MEX,Yucatán,Yucatan,MX-YUC,state,,1.5,,,5,America/Merida,FALSE,1484004876
El Javinal,El Javinal,,18.0455,-91.7930,Mexico,MX,MEX,Campeche,Campeche,MX-CAM,state,,1.2,,,5,America/Merida,FALSE,1484968920
Egipto,Egipto,,29.0642,-100.7434,Mexico,MX,MEX,Coahuila,Coahuila,MX-COA,state,,1.9,,,5,America/Matamoros,FALSE,1484012654
Europa,Europa,,15.9690,-93.3510,Mexico,MX,MEX,Chiapas,Chiapas,MX-CHP,state,,17.6,,,4,America/Mexico_City,FALSE,1484017356
Boquillas Coloradas,Boquillas Coloradas,Boquilla,27.4336,-105.5264,Mexico,MX,MEX,Chihuahua,Chihuahua,MX-CHH,state,,0.0,,,5,America/Chihuahua,FALSE,1484360747
Huanijio,Huanijio,,18.9093,-100.7455,Mexico,MX,MEX,Michoacán,Michoacan,MX-MIC,state,,274.0,,,3,America/Mexico_City,FALSE,1484722956
Trujapan,Trujapan,,18.1680,-97.6472,Mexico,MX,MEX,Oaxaca,Oaxaca,MX-OAX,state,,8.5,,,5,America/Mexico_City,FALSE,1484676365
Alfonso Peña,Alfonso Pena,,27.6491,-99.8232,Mexico,MX,MEX,Nuevo León,Nuevo Leon,MX-NLE,state,,5.4,,,5,America/Matamoros,FALSE,1484000773
Los Mimbres,Los Mimbres,,26.6606,-108.2944,Mexico,MX,MEX,Sinaloa,Sinaloa,MX-SIN,state,,22.1,,,4,America/Mazatlan,FALSE,1484311877
Los Mimbres,Los Mimbres,,26.3528,-108.4493,Mexico,MX,MEX,Sinaloa,Sinaloa,MX-SIN,state,,8.9,,,5,America/Mazatlan,TRUE,1484832841
Los Mimbres,Los Mimbres,Rancho Los Mimbres,25.3823,-107.4442,Mexico,MX,MEX,Sinaloa,Sinaloa,MX-SIN,state,,4.2,,,5,America/Mazatlan,TRUE,1484276148
Los Mimbres,Los Mimbres,,24.2942,-106.8258,Mexico,MX,MEX,Sinaloa,Sinaloa,MX-SIN,state,,3.4,,,5,America/Mazatlan,TRUE,1484110952
Los Mimbres,Los Mimbres,,24.6364,-106.9532,Mexico,MX,MEX,Sinaloa,Sinaloa,MX-SIN,state,,1.3,,,5,America/Mazatlan,TRUE,1484347432
Los Mimbres,Los Mimbres,,26.2204,-108.2593,Mexico,MX,MEX,Sinaloa,Sinaloa,MX-SIN,state,,1.2,,,5,America/Mazatlan,TRUE,1484226326
Los Mimbres,Los Mimbres,Mimores,23.1883,-105.8717,Mexico,MX,MEX,Sinaloa,Sinaloa,MX-SIN,state,,0.9,,,5,America/Mazatlan,TRUE,1484218849
El Cairo,El Cairo,Rancho El Cairo,27.0795,-105.2038,Mexico,MX,MEX,Chihuahua,Chihuahua,MX-CHH,state,,3.7,,,5,America/Chihuahua,FALSE,1484779337
El Rincón del Diablo,El Rincon del Diablo,Rincón del Diablo,18.9156,-103.7666,Mexico,MX,MEX,Colima,Colima,MX-COL,state,,17.0,,,4,America/Mexico_City,FALSE,1484026129
Los Bancos,Los Bancos,,21.1780,-101.5133,Mexico,MX,MEX,Guanajuato,Guanajuato,MX-GUA,state,,11.8,,,4,America/Mexico_City,FALSE,1484709154
El Cascolote,El Cascolote,,19.0152,-101.4312,Mexico,MX,MEX,Michoacán,Michoacan,MX-MIC,state,,7.5,,,5,America/Mexico_City,FALSE,1484983294
Corohuisi,Corohuisi,,27.6520,-110.0057,Mexico,MX,MEX,Sonora,Sonora,MX-SON,state,,6.2,,,5,America/Hermosillo,FALSE,1484009133
Agua del Lobo,Agua del Lobo,,19.8333,-102.7500,Mexico,MX,MEX,Jalisco,Jalisco,MX-JAL,state,,16.7,,,4,America/Mexico_City,FALSE,1484949916
Alfredo Vladimir Bonfil,Alfredo Vladimir Bonfil,Alfredo V. Bonfil,16.4768,-93.4883,Mexico,MX,MEX,Chiapas,Chiapas,MX-CHP,state,,14.9,,,4,America/Mexico_City,FALSE,1484022820
Etiopía,Etiopia,,20.4415,-96.9758,Mexico,MX,MEX,Veracruz,Veracruz,MX-VER,state,,29.2,,,4,America/Mexico_City,FALSE,1484909226
Norias del Esfuerzo,Norias del Esfuerzo,,25.3667,-103.2500,Mexico,MX,MEX,Coahuila,Coahuila,MX-COA,state,,58.5,,,4,America/Monterrey,FALSE,1484843500
Dzonot Cervera,Dzonot Cervera,,21.3762,-88.8340,Mexico,MX,MEX,Yucatán,Yucatan,MX-YUC,state,,0.7,,,5,America/Merida,FALSE,1484578009
Ixtlar,Ixtlar,,21.4349,-98.3217,Mexico,MX,MEX,Veracruz,Veracruz,MX-VER,state,,137.9,,,4,America/Mexico_City,FALSE,1484385018
Santa Gertrudis,Santa Gertrudis,,18.9817,-96.9632,Mexico,MX,MEX,Veracruz,Veracruz,MX-VER,state,,219.6,,,3,America/Mexico_City,FALSE,1484023169
Santa Gertrudis,Santa Gertrudis,,17.9798,-94.8167,Mexico,MX,MEX,Veracruz,Veracruz,MX-VER,state,,72.1,,,4,America/Mexico_City,TRUE,1484243142
Santa Gertrudis,Santa Gertrudis,,18.3752,-96.2115,Mexico,MX,MEX,Veracruz,Veracruz,MX-VER,state,,52.8,,,4,America/Mexico_City,TRUE,1484825796
Santa Gertrudis,Santa Gertrudis,,18.8528,-96.3055,Mexico,MX,MEX,Veracruz,Veracruz,MX-VER,state,,20.8,,,4,America/Mexico_City,TRUE,1484616176
Santa Gertrudis,Santa Gertrudis,,18.6842,-95.8895,Mexico,MX,MEX,Veracruz,Veracruz,MX-VER,state,,15.8,,,4,America/Mexico_City,TRUE,1484881650
Santa Gertrudis,Santa Gertrudis,,21.8172,-97.8083,Mexico,MX,MEX,Veracruz,Veracruz,MX-VER,state,,7.3,,,5,America/Mexico_City,TRUE,1484471542
Santa Gertrudis,Santa Gertrudis,,19.8470,-96.5811,Mexico,MX,MEX,Veracruz,Veracruz,MX-VER,state,,6.1,,,5,America/Mexico_City,TRUE,1484786026
Nueva Jerusalem,Nueva Jerusalem,,18.8833,-88.5333,Mexico,MX,MEX,Quintana Roo,Quintana Roo,MX-ROO,state,,7.7,,,5,America/Cancun,FALSE,1484327756
Zacate Amarillo,Zacate Amarillo,,17.7424,-97.1742,Mexico,MX,MEX,Oaxaca,Oaxaca,MX-OAX,state,,17.3,,,4,America/Mexico_City,FALSE,1484859340
San Antonio los Pirules,San Antonio los Pirules,San Antonio de los Pirules,20.4580,-100.0451,Mexico,MX,MEX,Querétaro,Queretaro,MX-QUE,state,,134.1,,,4,America/Mexico_City,FALSE,1484639965
Los Quintos,Los Quintos,,19.7403,-98.4182,Mexico,MX,MEX,Hidalgo,Hidalgo,MX-HID,state,,39.1,,,4,America/Mexico_City,FALSE,1484195287
Gavilán,Gavilan,,23.3833,-99.7833,Mexico,MX,MEX,Tamaulipas,Tamaulipas,MX-TAM,state,,7.0,,,5,America/Monterrey,FALSE,1484631323
Gavilán,Gavilan,,25.6667,-98.1333,Mexico,MX,MEX,Tamaulipas,Tamaulipas,MX-TAM,state,,3.4,,,5,America/Matamoros,TRUE,1484407503
Pila Seca,Pila Seca,,29.0205,-101.5741,Mexico,MX,MEX,Coahuila,Coahuila,MX-COA,state,,0.2,,,5,America/Matamoros,FALSE,1484965681
Palmar,Palmar,,16.3667,-95.7833,Mexico,MX,MEX,Oaxaca,Oaxaca,MX-OAX,state,,3.7,,,5,America/Mexico_City,FALSE,1484140397
Nicanoreño,Nicanoreno,,27.4833,-105.8000,Mexico,MX,MEX,Chihuahua,Chihuahua,MX-CHH,state,,11.3,,,4,America/Chihuahua,FALSE,1484361427
El Toboso,El Toboso,,21.1401,-100.7990,Mexico,MX,MEX,Guanajuato,Guanajuato,MX-GUA,state,,47.0,,,4,America/Mexico_City,FALSE,1484946599
Nopata,Nopata,,18.9167,-99.0667,Mexico,MX,MEX,Morelos,Morelos,MX-MOR,state,,110.4,,,4,America/Mexico_City,FALSE,1484156408
El Destierro,El Destierro,,18.7978,-103.8298,Mexico,MX,MEX,Colima,Colima,MX-COL,state,,7.6,,,5,America/Mexico_City,FALSE,1484926729
San Jeronimo de Sauces,San Jeronimo de Sauces,,23.5386,-103.7761,Mexico,MX,MEX,Zacatecas,Zacatecas,MX-ZAC,state,,25.5,,,4,America/Mexico_City,FALSE,1484310893
Balconcillo,Balconcillo,,19.9221,-96.5758,Mexico,MX,MEX,Veracruz,Veracruz,MX-VER,state,,13.9,,,4,America/Mexico_City,FALSE,1484974341
El Copal,El Copal,,20.5743,-104.8243,Mexico,MX,MEX,Jalisco,Jalisco,MX-JAL,state,,7.6,,,5,America/Mexico_City,FALSE,1484251935
La Posta,La Posta,La Postal,28.4395,-108.0350,Mexico,MX,MEX,Chihuahua,Chihuahua,MX-CHH,state,,1.0,,,5,America/Chihuahua,FALSE,1484231405
La Posta,La Posta,Posta,26.9500,-105.0667,Mexico,MX,MEX,Chihuahua,Chihuahua,MX-CHH,state,,0.9,,,5,America/Chihuahua,TRUE,1484266867
La Posta,La Posta,,28.8953,-107.4527,Mexico,MX,MEX,Chihuahua,Chihuahua,MX-CHH,state,,0.7,,,5,America/Chihuahua,TRUE,1484501506
San Juan Grande,San Juan Grande,,19.0749,-98.7388,Mexico,MX,MEX,México,Mexico,MX-MEX,state,,122.2,,,4,America/Mexico_City,FALSE,1484642574
Los Pilares,Los Pilares,,25.1951,-107.3372,Mexico,MX,MEX,Sinaloa,Sinaloa,MX-SIN,state,,4.5,,,5,America/Mazatlan,FALSE,1484998277
Los Pilares,Los Pilares,,26.0461,-108.2792,Mexico,MX,MEX,Sinaloa,Sinaloa,MX-SIN,state,,2.0,,,5,America/Mazatlan,TRUE,1484016971
La Cuarta,La Cuarta,,18.9186,-103.8484,Mexico,MX,MEX,Colima,Colima,MX-COL,state,,12.4,,,4,America/Mexico_City,FALSE,1484920123
El Pasto,El Pasto,,24.0651,-104.5422,Mexico,MX,MEX,Durango,Durango,MX-DUR,state,,18.5,,,4,America/Monterrey,FALSE,1484510336
San Pedro Alfaro,San Pedro Alfaro,San Pedro de Alfaro|San Pedra de Alfaro,27.2833,-105.4354,Mexico,MX,MEX,Chihuahua,Chihuahua,MX-CHH,state,,0.1,,,5,America/Chihuahua,FALSE,1484309904
La Guamuchilera,La Guamuchilera,,22.2565,-104.5345,Mexico,MX,MEX,Nayarit,Nayarit,MX-NAY,state,,9.5,,,5,America/Mazatlan,FALSE,1484723645
Cruz Quemada,Cruz Quemada,,16.9972,-99.1796,Mexico,MX,MEX,Guerrero,Guerrero,MX-GRO,state,,90.2,,,4,America/Mexico_City,FALSE,1484161409
El Jalisco,El Jalisco,,31.2694,-109.1014,Mexico,MX,MEX,Sonora,Sonora,MX-SON,state,,0.0,,,5,America/Hermosillo,FALSE,1484903425
Calera de Castañón,Calera de Castanon,Calera de Castañones,22.7620,-103.3919,Mexico,MX,MEX,Zacatecas,Zacatecas,MX-ZAC,state,,5.8,,,5,America/Mexico_City,FALSE,1484153542
Coyoacán,Coyoacan,,16.5690,-92.5000,Mexico,MX,MEX,Chiapas,Chiapas,MX-CHP,state,,177.2,,,4,America/Mexico_City,FALSE,1484482893
Coyoacán,Coyoacan,,16.3280,-92.9780,Mexico,MX,MEX,Chiapas,Chiapas,MX-CHP,state,,1.4,,,5,America/Mexico_City,TRUE,1484399559
Las Cruzadas,Las Cruzadas,,14.7690,-92.4120,Mexico,MX,MEX,Chiapas,Chiapas,MX-CHP,state,,94.4,,,4,America/Mexico_City,FALSE,1484059736
Santa Rosa Dos,Santa Rosa Dos,,25.6632,-106.2178,Mexico,MX,MEX,Durango,Durango,MX-DUR,state,,0.7,,,5,America/Monterrey,FALSE,1484011074
Bahueachi,Bahueachi,,27.8817,-107.6717,Mexico,MX,MEX,Chihuahua,Chihuahua,MX-CHH,state,,2.1,,,5,America/Chihuahua,FALSE,1484810323
El Espino,El Espino,,18.2486,-92.8335,Mexico,MX,MEX,Tabasco,Tabasco,MX-TAB,state,,16.7,,,4,America/Mexico_City,FALSE,1484669940
Pachecos,Pachecos,,22.6236,-105.3383,Mexico,MX,MEX,Nayarit,Nayarit,MX-NAY,state,,5.0,,,5,America/Mazatlan,FALSE,1484005221
El Chiltepin,El Chiltepin,,26.1898,-99.6242,Mexico,MX,MEX,Nuevo León,Nuevo Leon,MX-NLE,state,,0.6,,,5,America/Monterrey,FALSE,1484009650
Aguaje Verde,Aguaje Verde,,28.0865,-108.6774,Mexico,MX,MEX,Chihuahua,Chihuahua,MX-CHH,state,,6.6,,,5,America/Chihuahua,FALSE,1484486481
El Chango,El Chango,,24.7035,-103.6255,Mexico,MX,MEX,Durango,Durango,MX-DUR,state,,4.7,,,5,America/Monterrey,FALSE,1484700951
Niños Héroes,Ninos Heroes,El Moño,27.1163,-109.8914,Mexico,MX,MEX,Sonora,Sonora,MX-SON,state,,47.6,,,4,America/Hermosillo,FALSE,1484916732
Niños Héroes,Ninos Heroes,,28.5681,-111.4728,Mexico,MX,MEX,Sonora,Sonora,MX-SON,state,,1.8,,,5,America/Hermosillo,TRUE,1484759331
Beneficio,Beneficio,,15.2333,-92.4000,Mexico,MX,MEX,Chiapas,Chiapas,MX-CHP,state,,149.1,,,4,America/Mexico_City,FALSE,1484063217
Peñasco Cenizo,Penasco Cenizo,,23.0660,-104.7782,Mexico,MX,MEX,Durango,Durango,MX-DUR,state,,7.4,,,5,America/Monterrey,FALSE,1484745479
Germania,Germania,,15.1985,-92.3508,Mexico,MX,MEX,Chiapas,Chiapas,MX-CHP,state,,140.1,,,4,America/Mexico_City,FALSE,1484671903
Cuesta la Limita,Cuesta la Limita,,19.4358,-100.7801,Mexico,MX,MEX,Michoacán,Michoacan,MX-MIC,state,,3.7,,,5,America/Mexico_City,FALSE,1484928930
Los Tajos,Los Tajos,Rancho Los Tajos,26.0634,-98.9028,Mexico,MX,MEX,Tamaulipas,Tamaulipas,MX-TAM,state,,1.6,,,5,America/Matamoros,FALSE,1484323612
Los Tajos,Los Tajos,Rancho Los Tajos,24.2930,-98.1259,Mexico,MX,MEX,Tamaulipas,Tamaulipas,MX-TAM,state,,0.0,,,5,America/Monterrey,TRUE,1484547860
Francisco Márquez,Francisco Marquez,,25.1335,-104.4870,Mexico,MX,MEX,Durango,Durango,MX-DUR,state,,3.5,,,5,America/Monterrey,FALSE,1484423853
Acatlán,Acatlan,,20.1775,-100.3878,Mexico,MX,MEX,Guanajuato,Guanajuato,MX-GUA,state,,65.2,,,4,America/Mexico_City,FALSE,1484487374
Beneficio,Beneficio,,27.4333,-108.3667,Mexico,MX,MEX,Chihuahua,Chihuahua,MX-CHH,state,,9.5,,,5,America/Chihuahua,FALSE,1484975739
Beneficio,Beneficio,,29.0167,-105.1667,Mexico,MX,MEX,Chihuahua,Chihuahua,MX-CHH,state,,3.8,,,5,America/Chihuahua,TRUE,1484014989
Chapotita,Chapotita,,19.1299,-102.8477,Mexico,MX,MEX,Michoacán,Michoacan,MX-MIC,state,,8.6,,,5,America/Mexico_City,FALSE,1484945680
La Citacota,La Citacota,Citacota|Rancho La Citacota,28.8278,-110.2979,Mexico,MX,MEX,Sonora,Sonora,MX-SON,state,,1.2,,,5,America/Hermosillo,FALSE,1484242812
El Charro,El Charro,,22.6941,-102.5316,Mexico,MX,MEX,Zacatecas,Zacatecas,MX-ZAC,state,,33.6,,,4,America/Mexico_City,FALSE,1484005394
Los Arquitos,Los Arquitos,,19.0723,-102.3315,Mexico,MX,MEX,Michoacán,Michoacan,MX-MIC,state,,1413.3,,,3,America/Mexico_City,FALSE,1484455994
El Carmen Piedra Chimeca,El Carmen Piedra Chimeca,,17.4492,-98.2800,Mexico,MX,MEX,Guerrero,Guerrero,MX-GRO,state,,44.1,,,4,America/Mexico_City,FALSE,1484912468
San Agustín,San Agustin,Rancho San Augustín,30.6113,-111.4204,Mexico,MX,MEX,Sonora,Sonora,MX-SON,state,,7.1,,,5,America/Hermosillo,FALSE,1484893648
San Agustín,San Agustin,Kiwis,28.6582,-111.6362,Mexico,MX,MEX,Sonora,Sonora,MX-SON,state,,2.8,,,5,America/Hermosillo,TRUE,1484527596
San Agustin,San Agustin,,28.3291,-111.2813,Mexico,MX,MEX,Sonora,Sonora,MX-SON,state,,1.7,,,5,America/Hermosillo,TRUE,1484251200
San Agustín,San Agustin,,28.2574,-111.3852,Mexico,MX,MEX,Sonora,Sonora,MX-SON,state,,1.5,,,5,America/Hermosillo,TRUE,1484397304
San Agustín,San Agustin,Rancho San Augustín,30.0994,-110.9846,Mexico,MX,MEX,Sonora,Sonora,MX-SON,state,,0.1,,,5,America/Hermosillo,TRUE,1484008506
San Agustín,San Agustin,,28.9859,-108.8780,Mexico,MX,MEX,Sonora,Sonora,MX-SON,state,,0.1,,,5,America/Hermosillo,TRUE,1484129014
San Agustín,San Agustin,,29.3810,-111.6387,Mexico,MX,MEX,Sonora,Sonora,MX-SON,state,,0.0,,,5,America/Hermosillo,TRUE,1484141196
La Margarita,La Margarita,,31.1387,-112.0948,Mexico,MX,MEX,Sonora,Sonora,MX-SON,state,,0.0,,,5,America/Hermosillo,FALSE,1484065383
El Cedro,El Cedro,,21.5406,-102.8238,Mexico,MX,MEX,Zacatecas,Zacatecas,MX-ZAC,state,,10.2,,,4,America/Mexico_City,FALSE,1484591113
El Cedro,El Cedro,Cedro,23.6926,-102.5958,Mexico,MX,MEX,Zacatecas,Zacatecas,MX-ZAC,state,,6.6,,,5,America/Mexico_City,TRUE,1484228109
Puerto del Capire,Puerto del Capire,,19.1176,-100.5078,Mexico,MX,MEX,Michoacán,Michoacan,MX-MIC,state,,6.7,,,5,America/Mexico_City,FALSE,1484351609
Puerto del Capire,Puerto del Capire,Puerto del Llanito,18.7379,-100.8535,Mexico,MX,MEX,Michoacán,Michoacan,MX-MIC,state,,6.6,,,5,America/Mexico_City,TRUE,1484847728
El Chavinal,El Chavinal,,21.8441,-102.5116,Mexico,MX,MEX,Aguascalientes,Aguascalientes,MX-AGU,state,,46.1,,,4,America/Mexico_City,FALSE,1484420274
Las Pilas Uno,Las Pilas Uno,,20.8261,-99.1736,Mexico,MX,MEX,Hidalgo,Hidalgo,MX-HID,state,,22.3,,,4,America/Mexico_City,FALSE,1484353204
Zanja Seca,Zanja Seca,,17.6635,-95.4152,Mexico,MX,MEX,Oaxaca,Oaxaca,MX-OAX,state,,30.4,,,4,America/Mexico_City,FALSE,1484009901
Plan de San Luis,Plan de San Luis,,17.7861,-95.9411,Mexico,MX,MEX,Oaxaca,Oaxaca,MX-OAX,state,,14.5,,,4,America/Mexico_City,FALSE,1484018511
Plan de San Luis,Plan de San Luis,San Luis,17.2998,-94.9823,Mexico,MX,MEX,Oaxaca,Oaxaca,MX-OAX,state,,6.3,,,5,America/Mexico_City,TRUE,1484813051
Lo de Rayas,Lo de Rayas,Las Rayas,20.7400,-101.1934,Mexico,MX,MEX,Guanajuato,Guanajuato,MX-GUA,state,,59.7,,,4,America/Mexico_City,FALSE,1484687920
Manta,Manta,,22.0167,-105.3833,Mexico,MX,MEX,Nayarit,Nayarit,MX-NAY,state,,47.9,,,4,America/Mazatlan,FALSE,1484794709
Las Mercedes,Las Mercedes,,21.8249,-102.2245,Mexico,MX,MEX,Aguascalientes,Aguascalientes,MX-AGU,state,,35.7,,,4,America/Mexico_City,FALSE,1484228229
Roberto Tzuc Poot,Roberto Tzuc Poot,,20.4849,-86.9121,Mexico,MX,MEX,Quintana Roo,Quintana Roo,MX-ROO,state,,5.9,,,5,America/Cancun,FALSE,1484026064
Jabonalas,Jabonalas,,17.4778,-101.2625,Mexico,MX,MEX,Guerrero,Guerrero,MX-GRO,state,,27.9,,,4,America/Mexico_City,FALSE,1484599724
Huautla,Huautla,Huaxtla|Huantla,18.4400,-99.0247,Mexico,MX,MEX,Morelos,Morelos,MX-MOR,state,,10.6,,,4,America/Mexico_City,FALSE,1484334180
La Casa de Piedra,La Casa de Piedra,,30.7957,-110.8041,Mexico,MX,MEX,Sonora,Sonora,MX-SON,state,,41.2,,,4,America/Hermosillo,FALSE,1484280892
La Casa de Piedra,La Casa de Piedra,,29.0218,-109.0307,Mexico,MX,MEX,Sonora,Sonora,MX-SON,state,,0.0,,,5,America/Hermosillo,TRUE,1484865056
Piedra Encimada,Piedra Encimada,,19.2223,-101.0393,Mexico,MX,MEX,Michoacán,Michoacan,MX-MIC,state,,9.5,,,5,America/Mexico_City,FALSE,1484915464
Cahulote de Santa Ana,Cahulote de Santa Ana,,19.0760,-101.5824,Mexico,MX,MEX,Michoacán,Michoacan,MX-MIC,state,,41.2,,,4,America/Mexico_City,FALSE,1484609450
Saucillo de Abajo,Saucillo de Abajo,Saucillo,25.5377,-101.1072,Mexico,MX,MEX,Coahuila,Coahuila,MX-COA,state,,7.8,,,5,America/Monterrey,FALSE,1484661228
Los Duendes,Los Duendes,,20.2252,-104.0191,Mexico,MX,MEX,Jalisco,Jalisco,MX-JAL,state,,6.7,,,5,America/Mexico_City,FALSE,1484355728
San Juan Alotepec,San Juan Alotepec,,16.1855,-95.7727,Mexico,MX,MEX,Oaxaca,Oaxaca,MX-OAX,state,,5.9,,,5,America/Mexico_City,FALSE,1484251608
El Coyotito,El Coyotito,,18.3553,-96.0075,Mexico,MX,MEX,Veracruz,Veracruz,MX-VER,state,,22.5,,,4,America/Mexico_City,FALSE,1484012847
La Aventura,La Aventura,,18.5177,-88.3788,Mexico,MX,MEX,Quintana Roo,Quintana Roo,MX-ROO,state,,36.5,,,4,America/Cancun,FALSE,1484042815
El Ciruelito,El Ciruelito,,16.5526,-98.2973,Mexico,MX,MEX,Oaxaca,Oaxaca,MX-OAX,state,,14.7,,,4,America/Mexico_City,FALSE,1484176073
El Ciruelito,El Ciruelito,,16.1885,-97.6296,Mexico,MX,MEX,Oaxaca,Oaxaca,MX-OAX,state,,4.0,,,5,America/Mexico_City,TRUE,1484248766
El Chuco,El Chuco,,21.4261,-97.9281,Mexico,MX,MEX,Veracruz,Veracruz,MX-VER,state,,19.1,,,4,America/Mexico_City,FALSE,1484748755
El Chuco,El Chuco,,21.7254,-97.8728,Mexico,MX,MEX,Veracruz,Veracruz,MX-VER,state,,1.7,,,5,America/Mexico_City,TRUE,1484086280
Chijolito Milcahual,Chijolito Milcahual,,20.8262,-98.0613,Mexico,MX,MEX,Veracruz,Veracruz,MX-VER,state,,112.2,,,4,America/Mexico_City,FALSE,1484834212
Alfonso Terrones Benítez,Alfonso Terrones Benitez,Presa Ramirena|Presa Ramireña|Alfonzo Terrones Benitez,22.9299,-99.8195,Mexico,MX,MEX,Tamaulipas,Tamaulipas,MX-TAM,state,,17.7,,,4,America/Monterrey,FALSE,1484166913
Valencia,Valencia,,29.0961,-109.8071,Mexico,MX,MEX,Sonora,Sonora,MX-SON,state,,0.6,,,5,America/Hermosillo,FALSE,1484267552
San Bartolo Lapaguía,San Bartolo Lapaguia,San Bartolo|San Bartolo Lapaguia,16.0586,-96.1765,Mexico,MX,MEX,Oaxaca,Oaxaca,MX-OAX,state,,31.5,,,4,America/Mexico_City,FALSE,1484003976
El Mote,El Mote,El Monte,18.0371,-93.2101,Mexico,MX,MEX,Tabasco,Tabasco,MX-TAB,state,,141.0,,,4,America/Mexico_City,FALSE,1484105215
El Tejado,El Tejado,,19.7385,-99.1252,Mexico,MX,MEX,México,Mexico,MX-MEX,state,,310.2,,,3,America/Mexico_City,FALSE,1484019334
San Camilo,San Camilo,,19.7976,-90.2401,Mexico,MX,MEX,Campeche,Campeche,MX-CAM,state,,14.3,,,4,America/Merida,FALSE,1484667156
Villa Cacalilao,Villa Cacalilao,Cacanlao,22.1526,-98.1725,Mexico,MX,MEX,Veracruz,Veracruz,MX-VER,state,,97.9,,,4,America/Mexico_City,FALSE,1484354966
Xmuquel,Xmuquel,Mucel,20.8963,-87.8380,Mexico,MX,MEX,Yucatán,Yucatan,MX-YUC,state,,19.3,,,4,America/Merida,FALSE,1484269758
Puerto de la Gloria,Puerto de la Gloria,,18.4725,-100.1087,Mexico,MX,MEX,Guerrero,Guerrero,MX-GRO,state,,17.3,,,4,America/Mexico_City,FALSE,1484126339
Puerto del Aire,Puerto del Aire,,18.4032,-100.0205,Mexico,MX,MEX,Guerrero,Guerrero,MX-GRO,state,,13.6,,,4,America/Mexico_City,FALSE,1484396912
Puerto del Aire,Puerto del Aire,,18.1954,-101.2817,Mexico,MX,MEX,Guerrero,Guerrero,MX-GRO,state,,0.6,,,5,America/Mexico_City,TRUE,1484485225
Chiquinshulum,Chiquinshulum,,17.0731,-92.5988,Mexico,MX,MEX,Chiapas,Chiapas,MX-CHP,state,,105.7,,,4,America/Mexico_City,FALSE,1484771594
Otuachi,Otuachi,,26.7005,-107.2281,Mexico,MX,MEX,Chihuahua,Chihuahua,MX-CHH,state,,8.1,,,5,America/Chihuahua,FALSE,1484004549
San José de los Cerritos,San Jose de los Cerritos,,25.3937,-100.9605,Mexico,MX,MEX,Coahuila,Coahuila,MX-COA,state,,11457.3,,,2,America/Monterrey,FALSE,1484767781
Bermejo,Bermejo,,18.9667,-90.7833,Mexico,MX,MEX,Campeche,Campeche,MX-CAM,state,,4.8,,,5,America/Merida,FALSE,1484771262
Doña Luchita,Dona Luchita,,17.9839,-95.8526,Mexico,MX,MEX,Oaxaca,Oaxaca,MX-OAX,state,,19.4,,,4,America/Mexico_City,FALSE,1484018512
Campo Cuarenta y Cinco,Campo Cuarenta y Cinco,Campo Menonita Número 45,28.9111,-106.8276,Mexico,MX,MEX,Chihuahua,Chihuahua,MX-CHH,state,,9.1,,,5,America/Chihuahua,FALSE,1484747195
El Aguila,El Aguila,,25.3195,-99.3370,Mexico,MX,MEX,Nuevo León,Nuevo Leon,MX-NLE,state,,2.4,,,5,America/Monterrey,FALSE,1484013191
El Aguila,El Aguila,,25.2072,-99.5530,Mexico,MX,MEX,Nuevo León,Nuevo Leon,MX-NLE,state,,1.1,,,5,America/Monterrey,TRUE,1484563526
El Águila,El Aguila,,26.1774,-99.4514,Mexico,MX,MEX,Nuevo León,Nuevo Leon,MX-NLE,state,,0.8,,,5,America/Monterrey,TRUE,1484427158
El Bebelama,El Bebelama,,31.1500,-112.4833,Mexico,MX,MEX,Sonora,Sonora,MX-SON,state,,0.0,,,5,America/Hermosillo,FALSE,1484008821
Sinab,Sinab,,21.0662,-89.8735,Mexico,MX,MEX,Yucatán,Yucatan,MX-YUC,state,,2.6,,,5,America/Merida,FALSE,1484027541
La Trementina,La Trementina,,18.1081,-95.8325,Mexico,MX,MEX,Veracruz,Veracruz,MX-VER,state,,22.9,,,4,America/Mexico_City,FALSE,1484726048
San José de Allende,San Jose de Allende,San José de los Allende,20.8570,-101.0331,Mexico,MX,MEX,Guanajuato,Guanajuato,MX-GUA,state,,34.5,,,4,America/Mexico_City,FALSE,1484756289
Cacalutla,Cacalutla,,17.1243,-100.3504,Mexico,MX,MEX,Guerrero,Guerrero,MX-GRO,state,,109.2,,,4,America/Mexico_City,FALSE,1484086654
Cacalutla,Cacalutla,,17.9394,-98.4556,Mexico,MX,MEX,Guerrero,Guerrero,MX-GRO,state,,6.1,,,5,America/Mexico_City,TRUE,1484148921
El Tullido,El Tullido,,31.4619,-112.8386,Mexico,MX,MEX,Sonora,Sonora,MX-SON,state,,0.7,,,5,America/Hermosillo,FALSE,1484500203
El Cerrito,El Cerrito,,23.1034,-104.6696,Mexico,MX,MEX,Durango,Durango,MX-DUR,state,,7.4,,,5,America/Monterrey,FALSE,1484569513
El Cerrito,El Cerrito,,24.5036,-102.5917,Mexico,MX,MEX,Durango,Durango,MX-DUR,state,,2.1,,,5,America/Monterrey,TRUE,1484512438
El Cautivo,El Cautivo,,16.9207,-92.0888,Mexico,MX,MEX,Chiapas,Chiapas,MX-CHP,state,,982.8,,,3,America/Mexico_City,FALSE,1484503143
Ilhuicamina,Ilhuicamina,,25.7143,-103.6020,Mexico,MX,MEX,Durango,Durango,MX-DUR,state,,64.1,,,4,America/Monterrey,FALSE,1484342892
Colonia La Puerta,Colonia La Puerta,La Puerta,32.3294,-115.3304,Mexico,MX,MEX,Baja California,Baja California,MX-BCN,state,,33.6,,,4,America/Tijuana,FALSE,1484258366
Cantón el Vergel,Canton el Vergel,,15.2256,-92.6196,Mexico,MX,MEX,Chiapas,Chiapas,MX-CHP,state,,72.7,,,4,America/Mexico_City,FALSE,1484003543
Chacabita,Chacabita,,17.7642,-91.5586,Mexico,MX,MEX,Tabasco,Tabasco,MX-TAB,state,,21.7,,,4,America/Mexico_City,FALSE,1484824736
La Cuesta Colorada,La Cuesta Colorada,,26.3885,-108.7195,Mexico,MX,MEX,Sinaloa,Sinaloa,MX-SIN,state,,9.0,,,5,America/Mazatlan,FALSE,1484283152
Lieru,Lieru,,23.5833,-102.4833,Mexico,MX,MEX,Zacatecas,Zacatecas,MX-ZAC,state,,6.1,,,5,America/Mexico_City,FALSE,1484574804
Mesa de Santa Rita,Mesa de Santa Rita,,23.0549,-105.4948,Mexico,MX,MEX,Sinaloa,Sinaloa,MX-SIN,state,,5.3,,,5,America/Mazatlan,FALSE,1484807925
El Cortadero,El Cortadero,,25.3977,-105.6483,Mexico,MX,MEX,Durango,Durango,MX-DUR,state,,1.6,,,5,America/Monterrey,FALSE,1484995175
Los Victorinos,Los Victorinos,El Ranchito de los Victorinos,22.9822,-98.9719,Mexico,MX,MEX,Tamaulipas,Tamaulipas,MX-TAM,state,,19.6,,,4,America/Monterrey,FALSE,1484179697
El Carrizo,El Carrizo,,18.2081,-95.5598,Mexico,MX,MEX,Veracruz,Veracruz,MX-VER,state,,9.6,,,5,America/Mexico_City,FALSE,1484187174
El Aguaje del Rodrigueño,El Aguaje del Rodrigueno,,29.3040,-105.1196,Mexico,MX,MEX,Chihuahua,Chihuahua,MX-CHH,state,,0.6,,,5,America/Ojinaga,FALSE,1484404621
Petecbiltun,Petecbiltun,Petechaltun,20.8282,-89.6862,Mexico,MX,MEX,Yucatán,Yucatan,MX-YUC,state,,40.6,,,4,America/Merida,FALSE,1484666146
Morelos Dos,Morelos Dos,Ejido Morelos Número 2,27.2276,-110.0182,Mexico,MX,MEX,Sonora,Sonora,MX-SON,state,,16.0,,,4,America/Hermosillo,FALSE,1484511156
Aldama,Aldama,,17.6235,-93.1710,Mexico,MX,MEX,Chiapas,Chiapas,MX-CHP,state,,33.9,,,4,America/Mexico_City,TRUE,1484281259
Aldama,Aldama,,17.5617,-91.7022,Mexico,MX,MEX,Chiapas,Chiapas,MX-CHP,state,,8.6,,,5,America/Mexico_City,TRUE,1484979422
Aldama,Aldama,,17.5704,-91.6418,Mexico,MX,MEX,Chiapas,Chiapas,MX-CHP,state,,8.6,,,5,America/Mexico_City,TRUE,1484116066
La Guitarrita,La Guitarrita,,19.3531,-100.3707,Mexico,MX,MEX,Michoacán,Michoacan,MX-MIC,state,,121.2,,,4,America/Mexico_City,FALSE,1484487923
El Martillo,El Martillo,,17.2796,-91.0241,Mexico,MX,MEX,Tabasco,Tabasco,MX-TAB,state,,7.1,,,5,America/Mexico_City,FALSE,1484332693
Guadalajara,Guadalajara,,16.3254,-93.3539,Mexico,MX,MEX,Chiapas,Chiapas,MX-CHP,state,,31.5,,,4,America/Mexico_City,FALSE,1484023105
Guadalajara,Guadalajara,,15.7880,-92.7610,Mexico,MX,MEX,Chiapas,Chiapas,MX-CHP,state,,23.0,,,4,America/Mexico_City,TRUE,1484404700
Guadalajara,Guadalajara,,16.3876,-93.5306,Mexico,MX,MEX,Chiapas,Chiapas,MX-CHP,state,,23.0,,,4,America/Mexico_City,TRUE,1484022743
Arenoso,Arenoso,,15.7957,-96.1612,Mexico,MX,MEX,Oaxaca,Oaxaca,MX-OAX,state,,9.0,,,5,America/Mexico_City,FALSE,1484967989
Xbacab,Xbacab,,18.9429,-90.7237,Mexico,MX,MEX,Campeche,Campeche,MX-CAM,state,,15.2,,,4,America/Merida,FALSE,1484051239
Agua Buena,Agua Buena,,31.9365,-116.2611,Mexico,MX,MEX,Baja California,Baja California,MX-BCN,state,,6.6,,,5,America/Tijuana,FALSE,1484820574
Ojos de Rana,Ojos de Rana,LaRana,20.7824,-101.6436,Mexico,MX,MEX,Guanajuato,Guanajuato,MX-GUA,state,,102.2,,,4,America/Mexico_City,FALSE,1484495897
Dávila,Davila,,18.1431,-96.6014,Mexico,MX,MEX,Oaxaca,Oaxaca,MX-OAX,state,,66.5,,,4,America/Mexico_City,FALSE,1484020252
Guadalajara,Guadalajara,,27.5994,-108.2855,Mexico,MX,MEX,Chihuahua,Chihuahua,MX-CHH,state,,5.7,,,5,America/Chihuahua,FALSE,1484603947
Guadalajara,Guadalajara,,27.4239,-107.9983,Mexico,MX,MEX,Chihuahua,Chihuahua,MX-CHH,state,,5.3,,,5,America/Chihuahua,TRUE,1484179880
Guadalajara,Guadalajara,,27.6108,-106.9553,Mexico,MX,MEX,Chihuahua,Chihuahua,MX-CHH,state,,4.2,,,5,America/Chihuahua,TRUE,1484135163
Guadalajara,Guadalajara,,27.1009,-108.1490,Mexico,MX,MEX,Chihuahua,Chihuahua,MX-CHH,state,,3.5,,,5,America/Chihuahua,TRUE,1484705883
Las Cruces,Las Cruces,Familia Cruz Martínez,20.6899,-99.6969,Mexico,MX,MEX,Querétaro,Queretaro,MX-QUE,state,,708.6,,,3,America/Mexico_City,FALSE,1484712882
Las Cruces,Las Cruces,Puerto Las Cruces,21.2674,-99.6262,Mexico,MX,MEX,Querétaro,Queretaro,MX-QUE,state,,35.1,,,4,America/Mexico_City,TRUE,1484065137
Aserradero,Aserradero,,26.8282,-107.0688,Mexico,MX,MEX,Chihuahua,Chihuahua,MX-CHH,state,,1485.2,,,3,America/Chihuahua,FALSE,1484986237
Aserradero,Aserradero,,29.1833,-108.1167,Mexico,MX,MEX,Chihuahua,Chihuahua,MX-CHH,state,,245.4,,,3,America/Chihuahua,TRUE,1484248610
Aserradero,Aserradero,,28.1833,-108.3667,Mexico,MX,MEX,Chihuahua,Chihuahua,MX-CHH,state,,9.2,,,5,America/Chihuahua,TRUE,1484179287
Aserradero,Aserradero,Aserradero Casa Quemada,26.0092,-107.0260,Mexico,MX,MEX,Chihuahua,Chihuahua,MX-CHH,state,,6.2,,,5,America/Chihuahua,TRUE,1484424843
Aserradero,Aserradero,,27.9740,-107.6863,Mexico,MX,MEX,Chihuahua,Chihuahua,MX-CHH,state,,1.8,,,5,America/Chihuahua,TRUE,1484777542
La Celba San José Pequetzén,La Celba San Jose Pequetzen,,21.6871,-98.9965,Mexico,MX,MEX,San Luis Potosí,San Luis Potosi,MX-SLP,state,,75.8,,,4,America/Mexico_City,FALSE,1484256984
Chavarría Nuevo,Chavarria Nuevo,Chavarría,23.6500,-105.5908,Mexico,MX,MEX,Durango,Durango,MX-DUR,state,,4.7,,,5,America/Monterrey,FALSE,1484955088
San Raúl,San Raul,,24.6294,-107.5423,Mexico,MX,MEX,Sinaloa,Sinaloa,MX-SIN,state,,38.8,,,4,America/Mazatlan,FALSE,1484710182
Miguel Chiquito,Miguel Chiquito,,23.7103,-103.4222,Mexico,MX,MEX,Zacatecas,Zacatecas,MX-ZAC,state,,4.5,,,5,America/Mexico_City,FALSE,1484209849
Santa Rosenda,Santa Rosenda,,26.5810,-104.0590,Mexico,MX,MEX,Durango,Durango,MX-DUR,state,,2.0,,,5,America/Monterrey,FALSE,1484519386
El Cedral,El Cedral,,27.0197,-101.5470,Mexico,MX,MEX,Coahuila,Coahuila,MX-COA,state,,12.6,,,4,America/Monterrey,FALSE,1484740660
El Cedral,El Cedral,Cedral,27.7893,-101.4573,Mexico,MX,MEX,Coahuila,Coahuila,MX-COA,state,,1.9,,,5,America/Monterrey,TRUE,1484486354
Pozo de Parangueo,Pozo de Parangueo,,20.3877,-101.2515,Mexico,MX,MEX,Guanajuato,Guanajuato,MX-GUA,state,,119.7,,,4,America/Mexico_City,FALSE,1484222694
San José Díaz,San Jose Diaz,,21.2743,-88.3206,Mexico,MX,MEX,Yucatán,Yucatan,MX-YUC,state,,0.8,,,5,America/Merida,FALSE,1484076712
Teocaltzingo,Teocaltzingo,Teocalcingo,18.6883,-99.8340,Mexico,MX,MEX,México,Mexico,MX-MEX,state,,40.4,,,4,America/Mexico_City,FALSE,1484344000
Nuevo Morelos,Nuevo Morelos,Colonia Nuevo Morelos|Colonia Morelos,20.2023,-101.9529,Mexico,MX,MEX,Michoacán,Michoacan,MX-MIC,state,,48.9,,,4,America/Mexico_City,FALSE,1484333545
Nuevo Morelos,Nuevo Morelos,,20.0545,-102.0680,Mexico,MX,MEX,Michoacán,Michoacan,MX-MIC,state,,17.1,,,4,America/Mexico_City,TRUE,1484037134
El Pitiral,El Pitiral,,18.6416,-101.6924,Mexico,MX,MEX,Michoacán,Michoacan,MX-MIC,state,,12.0,,,4,America/Mexico_City,FALSE,1484670910
El Fuerte,El Fuerte,El Fuerte y Gamboa,23.8541,-103.1221,Mexico,MX,MEX,Zacatecas,Zacatecas,MX-ZAC,state,,95.0,,,4,America/Mexico_City,FALSE,1484456001
El Fuerte,El Fuerte,,23.3023,-103.0778,Mexico,MX,MEX,Zacatecas,Zacatecas,MX-ZAC,state,,54.6,,,4,America/Mexico_City,TRUE,1484501922
El Fuerte,El Fuerte,,22.6513,-102.7415,Mexico,MX,MEX,Zacatecas,Zacatecas,MX-ZAC,state,,20.1,,,4,America/Mexico_City,TRUE,1484057469
La Polvareda,La Polvareda,,18.7935,-102.2330,Mexico,MX,MEX,Michoacán,Michoacan,MX-MIC,state,,24.9,,,4,America/Mexico_City,FALSE,1484060576
La Polvareda,La Polvareda,,18.2649,-102.8938,Mexico,MX,MEX,Michoacán,Michoacan,MX-MIC,state,,5.1,,,5,America/Mexico_City,TRUE,1484009460
Mesa de Carretas,Mesa de Carretas,,24.8564,-104.6391,Mexico,MX,MEX,Durango,Durango,MX-DUR,state,,0.6,,,5,America/Monterrey,FALSE,1484272075
Paso de las Yeguas,Paso de las Yeguas,,21.3783,-98.4261,Mexico,MX,MEX,Veracruz,Veracruz,MX-VER,state,,26.8,,,4,America/Mexico_City,FALSE,1484908717
Paso de las Yeguas,Paso de las Yeguas,,18.2833,-95.8833,Mexico,MX,MEX,Veracruz,Veracruz,MX-VER,state,,25.6,,,4,America/Mexico_City,TRUE,1484891861
La Rondana,La Rondana,,26.4227,-108.3048,Mexico,MX,MEX,Sinaloa,Sinaloa,MX-SIN,state,,6.8,,,5,America/Mazatlan,FALSE,1484362755
Pedriceña,Pedricena,,25.0897,-103.7697,Mexico,MX,MEX,Durango,Durango,MX-DUR,state,,16.0,,,4,America/Monterrey,FALSE,1484729770
San Antonio del Bravo,San Antonio del Bravo,San Antonio el Bravo|San Antonio de Bravo|San Antonio,30.1392,-104.7025,Mexico,MX,MEX,Chihuahua,Chihuahua,MX-CHH,state,,1.4,,,4,America/Ojinaga,FALSE,1484814658
Los Remedios,Los Remedios,,21.9156,-99.1656,Mexico,MX,MEX,San Luis Potosí,San Luis Potosi,MX-SLP,state,,30.8,,,4,America/Mexico_City,FALSE,1484533715
Los Remedios,Los Remedios,,22.9168,-101.3144,Mexico,MX,MEX,San Luis Potosí,San Luis Potosi,MX-SLP,state,,4.1,,,5,America/Mexico_City,TRUE,1484736350
Los Saices,Los Saices,,26.5321,-99.9630,Mexico,MX,MEX,Nuevo León,Nuevo Leon,MX-NLE,state,,0.9,,,5,America/Monterrey,FALSE,1484009519
Paredón Blanco,Paredon Blanco,,24.9644,-107.6474,Mexico,MX,MEX,Sinaloa,Sinaloa,MX-SIN,state,,25.5,,,4,America/Mazatlan,FALSE,1484251061
Paredón Blanco,Paredon Blanco,Paredón Blanco,25.8394,-108.3468,Mexico,MX,MEX,Sinaloa,Sinaloa,MX-SIN,state,,16.3,,,4,America/Mazatlan,TRUE,1484553359
Paredón Blanco,Paredon Blanco,,24.9167,-107.6667,Mexico,MX,MEX,Sinaloa,Sinaloa,MX-SIN,state,,2.8,,,5,America/Mazatlan,TRUE,1484589289
Las Cieneguitas,Las Cieneguitas,,24.7807,-104.6522,Mexico,MX,MEX,Durango,Durango,MX-DUR,state,,12.7,,,4,America/Monterrey,FALSE,1484013122
Colomito,Colomito,,18.7655,-103.5219,Mexico,MX,MEX,Michoacán,Michoacan,MX-MIC,state,,15.5,,,4,America/Mexico_City,FALSE,1484200907
El Amargoso,El Amargoso,,24.1830,-106.3510,Mexico,MX,MEX,Sinaloa,Sinaloa,MX-SIN,state,,0.6,,,5,America/Mazatlan,FALSE,1484068098
Jalapa,Jalapa,,24.8893,-101.5585,Mexico,MX,MEX,Coahuila,Coahuila,MX-COA,state,,0.9,,,5,America/Monterrey,FALSE,1484215197
La Gloria,La Gloria,,21.5742,-102.1463,Mexico,MX,MEX,Jalisco,Jalisco,MX-JAL,state,,1227.3,,,3,America/Mexico_City,FALSE,1484211271
La Gloria,La Gloria,,20.8739,-103.8192,Mexico,MX,MEX,Jalisco,Jalisco,MX-JAL,state,,77.6,,,4,America/Mexico_City,TRUE,1484415472
La Gloria,La Gloria,,19.1851,-104.5969,Mexico,MX,MEX,Jalisco,Jalisco,MX-JAL,state,,27.3,,,4,America/Mexico_City,TRUE,1484100544
La Gloria,La Gloria,,21.3654,-101.7985,Mexico,MX,MEX,Jalisco,Jalisco,MX-JAL,state,,21.1,,,4,America/Mexico_City,TRUE,1484476361
La Gloria,La Gloria,,19.9422,-105.3713,Mexico,MX,MEX,Jalisco,Jalisco,MX-JAL,state,,15.2,,,4,America/Mexico_City,TRUE,1484130654
La Gloria,La Gloria,,19.8123,-104.3957,Mexico,MX,MEX,Jalisco,Jalisco,MX-JAL,state,,12.8,,,4,America/Mexico_City,TRUE,1484061124
La Gloria,La Gloria,,21.6276,-102.3543,Mexico,MX,MEX,Jalisco,Jalisco,MX-JAL,state,,12.5,,,4,America/Mexico_City,TRUE,1484827751
La Gloria,La Gloria,,20.9600,-103.7527,Mexico,MX,MEX,Jalisco,Jalisco,MX-JAL,state,,11.3,,,4,America/Mexico_City,TRUE,1484722806
La Gloria,La Gloria,,21.6516,-102.1117,Mexico,MX,MEX,Jalisco,Jalisco,MX-JAL,state,,7.3,,,5,America/Mexico_City,TRUE,1484684781
La Gloria,La Gloria,,21.8150,-103.6328,Mexico,MX,MEX,Jalisco,Jalisco,MX-JAL,state,,3.4,,,5,America/Mexico_City,TRUE,1484241901
La Gloria,La Gloria,,22.0680,-103.7580,Mexico,MX,MEX,Jalisco,Jalisco,MX-JAL,state,,2.6,,,5,America/Mexico_City,TRUE,1484528668
San Judas Tadero,San Judas Tadero,,18.1426,-94.2147,Mexico,MX,MEX,Veracruz,Veracruz,MX-VER,state,,5.8,,,5,America/Mexico_City,FALSE,1484926544
La Unión Tixá,La Union Tixa,,17.5391,-97.5707,Mexico,MX,MEX,Oaxaca,Oaxaca,MX-OAX,state,,15.2,,,4,America/Mexico_City,FALSE,1484115079
Cipriano,Cipriano,,17.7500,-93.9500,Mexico,MX,MEX,Veracruz,Veracruz,MX-VER,state,,14.2,,,4,America/Mexico_City,FALSE,1484343899
Tepetitlán,Tepetitlan,San Antonio Tepetitlán,19.5727,-98.8705,Mexico,MX,MEX,México,Mexico,MX-MEX,state,,1046.6,,,3,America/Mexico_City,FALSE,1484191042
Haciendita de Buburrones,Haciendita de Buburrones,,21.0040,-101.3010,Mexico,MX,MEX,Guanajuato,Guanajuato,MX-GUA,state,,48.9,,,4,America/Mexico_City,FALSE,1484041892
Pueblo Nuevo,Pueblo Nuevo,,19.5633,-97.9461,Mexico,MX,MEX,Tlaxcala,Tlaxcala,MX-TLA,state,,31.5,,,4,America/Mexico_City,FALSE,1484943330
Sierrita Vado,Sierrita Vado,,26.0104,-107.3876,Mexico,MX,MEX,Sinaloa,Sinaloa,MX-SIN,state,,9.4,,,5,America/Mazatlan,FALSE,1484000262
La Muladita,La Muladita,,29.2650,-108.9460,Mexico,MX,MEX,Sonora,Sonora,MX-SON,state,,0.0,,,5,America/Hermosillo,FALSE,1484421936
Zapotitlán de la Fuente,Zapotitlan de la Fuente,,16.7295,-98.6231,Mexico,MX,MEX,Guerrero,Guerrero,MX-GRO,state,,34.1,,,4,America/Mexico_City,FALSE,1484204302
Luis Echeverría Alvarez,Luis Echeverria Alvarez,Luis Echeverría,19.2946,-98.3103,Mexico,MX,MEX,Tlaxcala,Tlaxcala,MX-TLA,state,,7.0,,,5,America/Mexico_City,FALSE,1484680391
Manzanill,Manzanill,,25.3000,-106.5315,Mexico,MX,MEX,Durango,Durango,MX-DUR,state,,4.1,,,5,America/Monterrey,FALSE,1484544325
Xoteapan,Xoteapan,Xoteapo,18.4347,-95.2664,Mexico,MX,MEX,Veracruz,Veracruz,MX-VER,state,,236.0,,,3,America/Mexico_City,FALSE,1484703411
Colonia Guadalupe Victoria,Colonia Guadalupe Victoria,,18.5384,-99.2734,Mexico,MX,MEX,Morelos,Morelos,MX-MOR,state,,164.1,,,4,America/Mexico_City,FALSE,1484891956
Santa Clara,Santa Clara,,19.4567,-98.2716,Mexico,MX,MEX,Tlaxcala,Tlaxcala,MX-TLA,state,,64.8,,,4,America/Mexico_City,FALSE,1484465980
Las Cocinas,Las Cocinas,,21.7424,-102.9417,Mexico,MX,MEX,Zacatecas,Zacatecas,MX-ZAC,state,,5.7,,,5,America/Mexico_City,FALSE,1484117300
Polvadera,Polvadera,,18.8877,-96.4590,Mexico,MX,MEX,Veracruz,Veracruz,MX-VER,state,,13.4,,,4,America/Mexico_City,FALSE,1484928562
El Guadare,El Guadare,,25.1918,-107.7950,Mexico,MX,MEX,Sinaloa,Sinaloa,MX-SIN,state,,5.1,,,5,America/Mazatlan,FALSE,1484921436
La Yerbabuenita,La Yerbabuenita,,16.3712,-96.9303,Mexico,MX,MEX,Oaxaca,Oaxaca,MX-OAX,state,,5.6,,,5,America/Mexico_City,FALSE,1484188892
San Roque Uno,San Roque Uno,,14.8864,-92.3247,Mexico,MX,MEX,Chiapas,Chiapas,MX-CHP,state,,509.5,,,3,America/Mexico_City,FALSE,1484509779
Vega Abajo,Vega Abajo,,21.2899,-98.3767,Mexico,MX,MEX,Veracruz,Veracruz,MX-VER,state,,278.6,,,3,America/Mexico_City,FALSE,1484305851
Lampaces,Lampaces,,18.2528,-101.2754,Mexico,MX,MEX,Guerrero,Guerrero,MX-GRO,state,,9.3,,,5,America/Mexico_City,FALSE,1484642042
Los Tepeguajes,Los Tepeguajes,,28.5100,-109.4120,Mexico,MX,MEX,Sonora,Sonora,MX-SON,state,,0.0,,,5,America/Hermosillo,FALSE,1484838699
El Vado,El Vado,,22.5608,-98.5375,Mexico,MX,MEX,Tamaulipas,Tamaulipas,MX-TAM,state,,18.9,,,4,America/Monterrey,FALSE,1484003681
El Vado,El Vado,,22.5486,-98.2313,Mexico,MX,MEX,Tamaulipas,Tamaulipas,MX-TAM,state,,13.7,,,4,America/Monterrey,TRUE,1484848402
Mochodepa,Mochodepa,,29.9978,-109.0696,Mexico,MX,MEX,Sonora,Sonora,MX-SON,state,,2.7,,,5,America/Hermosillo,FALSE,1484021472
El Beato,El Beato,,20.3916,-100.7220,Mexico,MX,MEX,Guanajuato,Guanajuato,MX-GUA,state,,42.0,,,4,America/Mexico_City,FALSE,1484177195
San Antonio Xcampech,San Antonio Xcampech,,21.3705,-88.1874,Mexico,MX,MEX,Yucatán,Yucatan,MX-YUC,state,,11.3,,,4,America/Merida,FALSE,1484175653
Jagüey,Jaguey,Jagüey Prieto|El Jagüey,21.1281,-98.0612,Mexico,MX,MEX,Veracruz,Veracruz,MX-VER,state,,33.6,,,4,America/Mexico_City,FALSE,1484754974
Los Silvanes,Los Silvanes,,17.9224,-91.2301,Mexico,MX,MEX,Tabasco,Tabasco,MX-TAB,state,,11.9,,,4,America/Mexico_City,FALSE,1484060970
Nuevo Uruapan,Nuevo Uruapan,,30.0731,-115.7084,Mexico,MX,MEX,Baja California,Baja California,MX-BCN,state,,0.6,,,5,America/Tijuana,FALSE,1484530266
El Volantín,El Volantin,,18.6411,-103.3649,Mexico,MX,MEX,Michoacán,Michoacan,MX-MIC,state,,8.0,,,5,America/Mexico_City,FALSE,1484632155
El Volantín,El Volantin,,18.4305,-102.6149,Mexico,MX,MEX,Michoacán,Michoacan,MX-MIC,state,,0.9,,,5,America/Mexico_City,TRUE,1484784271
Sibiahues,Sibiahues,,18.3492,-103.4389,Mexico,MX,MEX,Michoacán,Michoacan,MX-MIC,state,,26.5,,,4,America/Mexico_City,FALSE,1484146182
El Barraco,El Barraco,Barranca|Barranco,28.6793,-109.9693,Mexico,MX,MEX,Sonora,Sonora,MX-SON,state,,3.1,,,5,America/Hermosillo,FALSE,1484054493
Tortuguero,Tortuguero,,17.2227,-95.1118,Mexico,MX,MEX,Oaxaca,Oaxaca,MX-OAX,state,,5.7,,,5,America/Mexico_City,FALSE,1484440417
Roquimoba,Roquimoba,,28.2427,-108.1909,Mexico,MX,MEX,Chihuahua,Chihuahua,MX-CHH,state,,20.0,,,4,America/Chihuahua,FALSE,1484094707
Nuevo Gabino Vázquez,Nuevo Gabino Vazquez,,27.9208,-103.3237,Mexico,MX,MEX,Coahuila,Coahuila,MX-COA,state,,0.0,,,5,America/Matamoros,FALSE,1484395827
Pastores,Pastores,,21.1814,-102.9339,Mexico,MX,MEX,Jalisco,Jalisco,MX-JAL,state,,22.8,,,4,America/Mexico_City,FALSE,1484330878
Zozow,Zozow,,21.3280,-89.2174,Mexico,MX,MEX,Yucatán,Yucatan,MX-YUC,state,,4.7,,,5,America/Merida,FALSE,1484731229
El Nanchal,El Nanchal,Nanche|El Nanche|Moral y Mosquitero,18.8065,-95.9266,Mexico,MX,MEX,Veracruz,Veracruz,MX-VER,state,,25.3,,,4,America/Mexico_City,FALSE,1484907993
El Naranjito,El Naranjito,,19.2633,-103.3845,Mexico,MX,MEX,Jalisco,Jalisco,MX-JAL,state,,12.2,,,4,America/Mexico_City,FALSE,1484454559
El Naranjito,El Naranjito,,19.7074,-104.7835,Mexico,MX,MEX,Jalisco,Jalisco,MX-JAL,state,,9.9,,,5,America/Mexico_City,TRUE,1484334740
El Naranjito,El Naranjito,,19.1710,-103.3318,Mexico,MX,MEX,Jalisco,Jalisco,MX-JAL,state,,1.7,,,5,America/Mexico_City,TRUE,1484129160
El Naranjito,El Naranjito,Naranjito,20.2097,-104.7861,Mexico,MX,MEX,Jalisco,Jalisco,MX-JAL,state,,0.8,,,5,America/Mexico_City,TRUE,1484555202
Guaises,Guaises,,22.1910,-104.2750,Mexico,MX,MEX,Jalisco,Jalisco,MX-JAL,state,,6.9,,,5,America/Mexico_City,FALSE,1484456171
Atoyaderos,Atoyaderos,,24.4305,-105.8360,Mexico,MX,MEX,Durango,Durango,MX-DUR,state,,13.1,,,4,America/Monterrey,FALSE,1484018015
Nueva Victoria,Nueva Victoria,,26.4361,-102.7878,Mexico,MX,MEX,Coahuila,Coahuila,MX-COA,state,,1.0,,,5,America/Monterrey,FALSE,1484769507
La Martucha,La Martucha,,19.0833,-96.3000,Mexico,MX,MEX,Veracruz,Veracruz,MX-VER,state,,74.4,,,4,America/Mexico_City,FALSE,1484875220
Noria de Abajo,Noria de Abajo,,25.3311,-107.8100,Mexico,MX,MEX,Sinaloa,Sinaloa,MX-SIN,state,,7.4,,,5,America/Mazatlan,FALSE,1484458159
San Isidro el Zapotal,San Isidro el Zapotal,San Isidro Zapotal,16.1585,-91.6144,Mexico,MX,MEX,Chiapas,Chiapas,MX-CHP,state,,85.1,,,4,America/Mexico_City,FALSE,1484352307
Mendoza,Mendoza,Rancho Mendoza,24.4987,-103.8889,Mexico,MX,MEX,Durango,Durango,MX-DUR,state,,2.0,,,5,America/Monterrey,FALSE,1484793352
Carmen la Nueva,Carmen la Nueva,La Nueva|La Nuava|Nueva,16.7492,-93.7807,Mexico,MX,MEX,Chiapas,Chiapas,MX-CHP,state,,22.8,,,4,America/Mexico_City,FALSE,1484924017
Gagachilas,Gagachilas,,25.8680,-107.8447,Mexico,MX,MEX,Sinaloa,Sinaloa,MX-SIN,state,,4.6,,,5,America/Mazatlan,FALSE,1484043600
Rancho de López,Rancho de Lopez,,22.0167,-104.5000,Mexico,MX,MEX,Nayarit,Nayarit,MX-NAY,state,,15.3,,,4,America/Mazatlan,FALSE,1484178365
Nicolás Bravo,Nicolas Bravo,,28.1900,-110.5894,Mexico,MX,MEX,Sonora,Sonora,MX-SON,state,,9.2,,,5,America/Hermosillo,FALSE,1484017718
San Francisco de la Escondida,San Francisco de la Escondida,,25.2544,-101.2194,Mexico,MX,MEX,Coahuila,Coahuila,MX-COA,state,,15.5,,,4,America/Monterrey,FALSE,1484067279
La Media Luna,La Media Luna,,20.8817,-101.2110,Mexico,MX,MEX,Guanajuato,Guanajuato,MX-GUA,state,,96.3,,,4,America/Mexico_City,FALSE,1484119530
Los Chilares,Los Chilares,,18.9181,-101.0705,Mexico,MX,MEX,Michoacán,Michoacan,MX-MIC,state,,1.6,,,5,America/Mexico_City,FALSE,1484584257
Corucén,Corucen,,18.4097,-101.1025,Mexico,MX,MEX,Guerrero,Guerrero,MX-GRO,state,,5.2,,,5,America/Mexico_City,FALSE,1484927365
El Vendaval,El Vendaval,,21.8649,-98.2430,Mexico,MX,MEX,Veracruz,Veracruz,MX-VER,state,,4.0,,,5,America/Mexico_City,FALSE,1484833837
Plancarte,Plancarte,,20.5868,-100.7962,Mexico,MX,MEX,Guanajuato,Guanajuato,MX-GUA,state,,219.1,,,3,America/Mexico_City,FALSE,1484800811
Juan Pablo Segundo,Juan Pablo Segundo,,19.3326,-97.0087,Mexico,MX,MEX,Puebla,Puebla,MX-PUE,state,,239.0,,,3,America/Mexico_City,FALSE,1484361656
La Tetita,La Tetita,,21.2725,-102.7730,Mexico,MX,MEX,Jalisco,Jalisco,MX-JAL,state,,22.6,,,4,America/Mexico_City,FALSE,1484753147
Palmarito,Palmarito,,20.3938,-105.4248,Mexico,MX,MEX,Jalisco,Jalisco,MX-JAL,state,,10.3,,,4,America/Mexico_City,FALSE,1484610493
Cano,Cano,,27.3389,-103.6404,Mexico,MX,MEX,Coahuila,Coahuila,MX-COA,state,,13.9,,,4,America/Monterrey,FALSE,1484002746
Paso del Totoloasco,Paso del Totoloasco,,20.9320,-103.7790,Mexico,MX,MEX,Jalisco,Jalisco,MX-JAL,state,,21.6,,,4,America/Mexico_City,FALSE,1484126583
Dolores,Dolores,,21.8451,-102.2442,Mexico,MX,MEX,Aguascalientes,Aguascalientes,MX-AGU,state,,10325.3,,,2,America/Mexico_City,FALSE,1484383104
Dolores,Dolores,Los Dolores,21.6639,-102.3720,Mexico,MX,MEX,Aguascalientes,Aguascalientes,MX-AGU,state,,17.1,,,4,America/Mexico_City,TRUE,1484551586
La Curva,La Curva,,21.0058,-101.4830,Mexico,MX,MEX,Guanajuato,Guanajuato,MX-GUA,state,,272.1,,,3,America/Mexico_City,FALSE,1484978476
San Antonio de Flores,San Antonio de Flores,,20.7531,-101.7514,Mexico,MX,MEX,Guanajuato,Guanajuato,MX-GUA,state,,35.9,,,4,America/Mexico_City,FALSE,1484903468
Pueblo Nuevo,Pueblo Nuevo,,23.7351,-110.2724,Mexico,MX,MEX,Baja California Sur,Baja California Sur,MX-BCS,state,,6.6,,,5,America/Mazatlan,FALSE,1484307393
Colonia la Cima del Progreso,Colonia la Cima del Progreso,,19.0551,-104.2433,Mexico,MX,MEX,Colima,Colima,MX-COL,state,,1404.8,,,3,America/Mexico_City,FALSE,1484899873
San Rafael Tlanalapan,San Rafael Tlanalapan,,19.2908,-98.4663,Mexico,MX,MEX,Puebla,Puebla,MX-PUE,state,,3821.9,,,2,America/Mexico_City,FALSE,1484016611
Unidad África,Unidad Africa,,21.0542,-87.4333,Mexico,MX,MEX,Quintana Roo,Quintana Roo,MX-ROO,state,,0.1,,,5,America/Cancun,FALSE,1484347569
Hermenegildo Romero,Hermenegildo Romero,,19.0442,-96.9892,Mexico,MX,MEX,Veracruz,Veracruz,MX-VER,state,,1439.4,,,3,America/Mexico_City,FALSE,1484892818
Buena Vista,Buena Vista,Buenavista,25.2158,-99.8242,Mexico,MX,MEX,Nuevo León,Nuevo Leon,MX-NLE,state,,18.5,,,4,America/Monterrey,FALSE,1484477932
Buena Vista,Buena Vista,Buenavista,24.8709,-99.6260,Mexico,MX,MEX,Nuevo León,Nuevo Leon,MX-NLE,state,,15.6,,,4,America/Monterrey,TRUE,1484089960
Buena Vista,Buena Vista,,24.0030,-99.8330,Mexico,MX,MEX,Nuevo León,Nuevo Leon,MX-NLE,state,,11.5,,,4,America/Monterrey,TRUE,1484487139
Buena Vista,Buena Vista,El Barrancón|Buenavista|Barrancón,24.8465,-99.7189,Mexico,MX,MEX,Nuevo León,Nuevo Leon,MX-NLE,state,,4.5,,,4,America/Monterrey,TRUE,1484003232
Buena Vista,Buena Vista,,24.9570,-99.3326,Mexico,MX,MEX,Nuevo León,Nuevo Leon,MX-NLE,state,,9.3,,,5,America/Monterrey,TRUE,1484398363
Buena Vista,Buena Vista,Buenavista,24.4863,-99.8167,Mexico,MX,MEX,Nuevo León,Nuevo Leon,MX-NLE,state,,5.5,,,5,America/Monterrey,TRUE,1484883890
Buena Vista,Buena Vista,,23.8507,-99.6020,Mexico,MX,MEX,Nuevo León,Nuevo Leon,MX-NLE,state,,1.6,,,5,America/Monterrey,TRUE,1484011439
Buena Vista,Buena Vista,,25.2340,-99.5910,Mexico,MX,MEX,Nuevo León,Nuevo Leon,MX-NLE,state,,1.1,,,5,America/Monterrey,TRUE,1484472099
Buena Vista,Buena Vista,,25.9915,-99.0263,Mexico,MX,MEX,Nuevo León,Nuevo Leon,MX-NLE,state,,1.0,,,5,America/Monterrey,TRUE,1484920794
Buena Vista,Buena Vista,,25.8131,-99.3540,Mexico,MX,MEX,Nuevo León,Nuevo Leon,MX-NLE,state,,0.9,,,5,America/Monterrey,TRUE,1484079976
Buena Vista,Buena Vista,,25.8037,-99.2798,Mexico,MX,MEX,Nuevo León,Nuevo Leon,MX-NLE,state,,0.7,,,5,America/Monterrey,TRUE,1484220835
Buena Vista,Buena Vista,,25.9482,-99.2703,Mexico,MX,MEX,Nuevo León,Nuevo Leon,MX-NLE,state,,0.3,,,5,America/Monterrey,TRUE,1484080356
Emiliano Zapata,Emiliano Zapata,,16.9352,-96.7163,Mexico,MX,MEX,Oaxaca,Oaxaca,MX-OAX,state,,378.6,,,3,America/Mexico_City,FALSE,1484560204
Emiliano Zapata,Emiliano Zapata,,16.7597,-96.8329,Mexico,MX,MEX,Oaxaca,Oaxaca,MX-OAX,state,,93.1,,,4,America/Mexico_City,TRUE,1484012598
Emiliano Zapata,Emiliano Zapata,,18.2919,-96.3447,Mexico,MX,MEX,Oaxaca,Oaxaca,MX-OAX,state,,90.4,,,4,America/Mexico_City,TRUE,1484996145
Emiliano Zapata,Emiliano Zapata,,18.1817,-96.5992,Mexico,MX,MEX,Oaxaca,Oaxaca,MX-OAX,state,,82.5,,,4,America/Mexico_City,TRUE,1484019739
Emiliano Zapata,Emiliano Zapata,,18.2657,-96.8062,Mexico,MX,MEX,Oaxaca,Oaxaca,MX-OAX,state,,73.9,,,4,America/Mexico_City,TRUE,1484018219
Emiliano Zapata,Emiliano Zapata,,17.1340,-97.7811,Mexico,MX,MEX,Oaxaca,Oaxaca,MX-OAX,state,,55.9,,,4,America/Mexico_City,TRUE,1484839797
Emiliano Zapata,Emiliano Zapata,,18.0209,-96.4108,Mexico,MX,MEX,Oaxaca,Oaxaca,MX-OAX,state,,52.0,,,4,America/Mexico_City,TRUE,1484019143
Emiliano Zapata,Emiliano Zapata,,18.4458,-96.6092,Mexico,MX,MEX,Oaxaca,Oaxaca,MX-OAX,state,,43.0,,,4,America/Mexico_City,TRUE,1484163351
Emiliano Zapata,Emiliano Zapata,,16.1606,-97.7544,Mexico,MX,MEX,Oaxaca,Oaxaca,MX-OAX,state,,39.1,,,4,America/Mexico_City,TRUE,1484010640
Emiliano Zapata,Emiliano Zapata,,16.2734,-95.1092,Mexico,MX,MEX,Oaxaca,Oaxaca,MX-OAX,state,,38.2,,,4,America/Mexico_City,TRUE,1484307660
Emiliano Zapata,Emiliano Zapata,,18.4369,-96.7017,Mexico,MX,MEX,Oaxaca,Oaxaca,MX-OAX,state,,34.0,,,4,America/Mexico_City,TRUE,1484608350
Emiliano Zapata,Emiliano Zapata,,17.8866,-96.1684,Mexico,MX,MEX,Oaxaca,Oaxaca,MX-OAX,state,,25.2,,,4,America/Mexico_City,TRUE,1484361253
Emiliano Zapata,Emiliano Zapata,,16.6656,-94.7011,Mexico,MX,MEX,Oaxaca,Oaxaca,MX-OAX,state,,20.6,,,4,America/Mexico_City,TRUE,1484841654
Emiliano Zapata,Emiliano Zapata,,17.4839,-95.2090,Mexico,MX,MEX,Oaxaca,Oaxaca,MX-OAX,state,,19.0,,,4,America/Mexico_City,TRUE,1484458475
Emiliano Zapata,Emiliano Zapata,,17.6651,-97.3991,Mexico,MX,MEX,Oaxaca,Oaxaca,MX-OAX,state,,11.9,,,4,America/Mexico_City,TRUE,1484013496
Emiliano Zapata,Emiliano Zapata,El Amole,16.3674,-97.4308,Mexico,MX,MEX,Oaxaca,Oaxaca,MX-OAX,state,,8.6,,,5,America/Mexico_City,TRUE,1484826785
Mesa de la Mora,Mesa de la Mora,,19.0184,-101.3754,Mexico,MX,MEX,Michoacán,Michoacan,MX-MIC,state,,11.0,,,4,America/Mexico_City,FALSE,1484784872
El Potrero,El Potrero,,21.1705,-98.5237,Mexico,MX,MEX,Hidalgo,Hidalgo,MX-HID,state,,148.3,,,4,America/Mexico_City,FALSE,1484360707
El Potrero,El Potrero,,20.0566,-98.8666,Mexico,MX,MEX,Hidalgo,Hidalgo,MX-HID,state,,65.3,,,4,America/Mexico_City,TRUE,1484406323
El Potrero,El Potrero,,21.3299,-98.6577,Mexico,MX,MEX,Hidalgo,Hidalgo,MX-HID,state,,64.5,,,4,America/Mexico_City,TRUE,1484001409
El Potrero,El Potrero,Potrero Nuevo|Potrero,20.2584,-99.7312,Mexico,MX,MEX,Hidalgo,Hidalgo,MX-HID,state,,56.8,,,4,America/Mexico_City,TRUE,1484008666
El Potrero,El Potrero,Potrero,20.6500,-98.0667,Mexico,MX,MEX,Hidalgo,Hidalgo,MX-HID,state,,51.7,,,4,America/Mexico_City,TRUE,1484962758
Xochimilco,Xochimilco,,18.8396,-97.7257,Mexico,MX,MEX,Puebla,Puebla,MX-PUE,state,,848.5,,,3,America/Mexico_City,FALSE,1484101654
Xochimilco,Xochimilco,,20.3078,-98.1553,Mexico,MX,MEX,Puebla,Puebla,MX-PUE,state,,515.1,,,3,America/Mexico_City,TRUE,1484795704
Xochimilco,Xochimilco,,19.2086,-97.1043,Mexico,MX,MEX,Puebla,Puebla,MX-PUE,state,,213.7,,,3,America/Mexico_City,TRUE,1484010722
Xochimilco,Xochimilco,,20.0667,-97.9000,Mexico,MX,MEX,Puebla,Puebla,MX-PUE,state,,143.8,,,4,America/Mexico_City,TRUE,1484449275
Los Betos,Los Betos,,28.7324,-100.5210,Mexico,MX,MEX,Coahuila,Coahuila,MX-COA,state,,880.2,,,3,America/Matamoros,FALSE,1484008360
San José Tierra Blanca,San Jose Tierra Blanca,,16.2145,-92.4057,Mexico,MX,MEX,Chiapas,Chiapas,MX-CHP,state,,45.1,,,4,America/Mexico_City,FALSE,1484933036
Chamizal,Chamizal,El Chamiral,21.2086,-98.2585,Mexico,MX,MEX,Veracruz,Veracruz,MX-VER,state,,35.6,,,4,America/Mexico_City,FALSE,1484052969
Chamizal,Chamizal,,21.5691,-98.4649,Mexico,MX,MEX,Veracruz,Veracruz,MX-VER,state,,11.9,,,4,America/Mexico_City,TRUE,1484698392
Las Enramadas,Las Enramadas,Enramadas,21.0302,-99.7557,Mexico,MX,MEX,Querétaro,Queretaro,MX-QUE,state,,40.1,,,4,America/Mexico_City,FALSE,1484039387
Tierra Amarilla,Tierra Amarilla,,20.5648,-98.0220,Mexico,MX,MEX,Hidalgo,Hidalgo,MX-HID,state,,97.6,,,4,America/Mexico_City,FALSE,1484180745
Puente Hernández,Puente Hernandez,,19.4895,-101.2411,Mexico,MX,MEX,Michoacán,Michoacan,MX-MIC,state,,22.8,,,4,America/Mexico_City,FALSE,1484529797
Los Guayabitos,Los Guayabitos,,24.8510,-106.4916,Mexico,MX,MEX,Durango,Durango,MX-DUR,state,,2.5,,,5,America/Monterrey,FALSE,1484674122
Patio Iglesia,Patio Iglesia,,18.1433,-96.8397,Mexico,MX,MEX,Oaxaca,Oaxaca,MX-OAX,state,,98.9,,,4,America/Mexico_City,FALSE,1484020128
Patio Iglesia,Patio Iglesia,,18.2872,-96.7259,Mexico,MX,MEX,Oaxaca,Oaxaca,MX-OAX,state,,53.4,,,4,America/Mexico_City,TRUE,1484018215
Loma Suelta,Loma Suelta,,30.9796,-109.5961,Mexico,MX,MEX,Sonora,Sonora,MX-SON,state,,1.2,,,5,America/Hermosillo,FALSE,1484898016
Colonia los Nopales,Colonia los Nopales,,17.1705,-100.4277,Mexico,MX,MEX,Guerrero,Guerrero,MX-GRO,state,,90.1,,,4,America/Mexico_City,FALSE,1484950468
El Guajolote,El Guajolote,,23.1167,-106.0667,Mexico,MX,MEX,Sinaloa,Sinaloa,MX-SIN,state,,19.4,,,4,America/Mazatlan,FALSE,1484670483
Palmillos,Palmillos,,21.6350,-102.9071,Mexico,MX,MEX,Zacatecas,Zacatecas,MX-ZAC,state,,16.1,,,4,America/Mexico_City,FALSE,1484593408
Unión Guadalupe,Union Guadalupe,,16.2004,-92.3091,Mexico,MX,MEX,Chiapas,Chiapas,MX-CHP,state,,52.1,,,4,America/Mexico_City,FALSE,1484432664
El Tabachín,El Tabachin,Tabachines|Los Tabachines|Rancho Los Tabachines,24.0861,-106.8796,Mexico,MX,MEX,Sinaloa,Sinaloa,MX-SIN,state,,17.0,,,4,America/Mazatlan,FALSE,1484005133
El Tabachin,El Tabachin,Carrizal|El Carrizal,25.4990,-107.5080,Mexico,MX,MEX,Sinaloa,Sinaloa,MX-SIN,state,,4.2,,,5,America/Mazatlan,TRUE,1484178763
El Tabachin,El Tabachin,,26.1860,-108.3112,Mexico,MX,MEX,Sinaloa,Sinaloa,MX-SIN,state,,1.7,,,5,America/Mazatlan,TRUE,1484956531
San Juan Primero,San Juan Primero,,21.1701,-100.6458,Mexico,MX,MEX,Guanajuato,Guanajuato,MX-GUA,state,,100.1,,,4,America/Mexico_City,FALSE,1484770388
Jupadeco,Jupadeco,,26.2667,-108.8000,Mexico,MX,MEX,Sinaloa,Sinaloa,MX-SIN,state,,10.2,,,4,America/Mazatlan,FALSE,1484236184
Pozo del Becerro,Pozo del Becerro,,22.5568,-101.2378,Mexico,MX,MEX,San Luis Potosí,San Luis Potosi,MX-SLP,state,,8.5,,,5,America/Mexico_City,FALSE,1484632506
San Francisco Tecajique,San Francisco Tecajique,Tecajique|San Francisco Tecojique,20.1661,-98.9471,Mexico,MX,MEX,Hidalgo,Hidalgo,MX-HID,state,,100.9,,,4,America/Mexico_City,FALSE,1484076741
Braulio Hernández Aguirre,Braulio Hernandez Aguirre,,29.4218,-101.9766,Mexico,MX,MEX,Coahuila,Coahuila,MX-COA,state,,0.0,,,5,America/Matamoros,FALSE,1484087906
Acámbaro,Acambaro,,26.4714,-101.1211,Mexico,MX,MEX,Coahuila,Coahuila,MX-COA,state,,0.8,,,5,America/Monterrey,FALSE,1484132021
Guajademi,Guajademi,Guajademe|Guajadomi|Bajademi,26.5984,-112.0772,Mexico,MX,MEX,Baja California Sur,Baja California Sur,MX-BCS,state,,0.1,,,4,America/Mazatlan,FALSE,1484812129
Los Juanes,Los Juanes,,17.6080,-94.4351,Mexico,MX,MEX,Veracruz,Veracruz,MX-VER,state,,14.3,,,4,America/Mexico_City,FALSE,1484272793
Los Juanes,Los Juanes,,20.7423,-97.9049,Mexico,MX,MEX,Veracruz,Veracruz,MX-VER,state,,14.0,,,4,America/Mexico_City,TRUE,1484598535
Zaragoza de Solís,Zaragoza de Solis,Solís,23.2493,-100.8290,Mexico,MX,MEX,San Luis Potosí,San Luis Potosi,MX-SLP,state,,8.7,,,5,America/Mexico_City,FALSE,1484005737
Guayabo,Guayabo,,19.6667,-105.1833,Mexico,MX,MEX,Jalisco,Jalisco,MX-JAL,state,,384.6,,,3,America/Mexico_City,FALSE,1484648470
La Union Vistahermosa,La Union Vistahermosa,,17.3565,-97.6203,Mexico,MX,MEX,Oaxaca,Oaxaca,MX-OAX,state,,20.0,,,4,America/Mexico_City,FALSE,1484615198
Los Tres Jacales,Los Tres Jacales,,25.6107,-99.1698,Mexico,MX,MEX,Nuevo León,Nuevo Leon,MX-NLE,state,,0.1,,,5,America/Monterrey,FALSE,1484008785
Mi Refugio,Mi Refugio,,21.6820,-98.3626,Mexico,MX,MEX,Veracruz,Veracruz,MX-VER,state,,19.3,,,4,America/Mexico_City,FALSE,1484705886
Rincón de Guadalupe,Rincon de Guadalupe,Rincon Guadalupe,19.2740,-99.9965,Mexico,MX,MEX,México,Mexico,MX-MEX,state,,186.3,,,4,America/Mexico_City,FALSE,1484240537
Rincón de Guadalupe,Rincon de Guadalupe,Rincón Guadalupe,19.9833,-99.1167,Mexico,MX,MEX,México,Mexico,MX-MEX,state,,164.1,,,4,America/Mexico_City,TRUE,1484662646
El Guardaganado,El Guardaganado,,23.8874,-105.0525,Mexico,MX,MEX,Durango,Durango,MX-DUR,state,,3.1,,,5,America/Monterrey,FALSE,1484449336
La Pradera,La Pradera,,21.8947,-97.8750,Mexico,MX,MEX,Veracruz,Veracruz,MX-VER,state,,9.6,,,5,America/Mexico_City,FALSE,1484975051
Mimbre,Mimbre,,27.8000,-105.3167,Mexico,MX,MEX,Chihuahua,Chihuahua,MX-CHH,state,,0.6,,,5,America/Chihuahua,FALSE,1484929249
El Palmar Primera Sección,El Palmar Primera Seccion,,17.6897,-92.3431,Mexico,MX,MEX,Tabasco,Tabasco,MX-TAB,state,,37.8,,,4,America/Mexico_City,FALSE,1484428344
Ranchería El Puerto de San José,Rancheria El Puerto de San Jose,,26.2662,-106.5108,Mexico,MX,MEX,Chihuahua,Chihuahua,MX-CHH,state,,1.5,,,5,America/Chihuahua,FALSE,1484587051
Toavela,Toavela,San Juan Toavela|Toabela|Tavela|San Juan|San Juan Tuavela,17.5273,-96.0656,Mexico,MX,MEX,Oaxaca,Oaxaca,MX-OAX,state,,11.9,,,4,America/Mexico_City,FALSE,1484738252
Los Amiales,Los Amiales,,20.4733,-103.9849,Mexico,MX,MEX,Jalisco,Jalisco,MX-JAL,state,,37.8,,,4,America/Mexico_City,FALSE,1484590872
La Chona,La Chona,,22.9972,-98.7028,Mexico,MX,MEX,Tamaulipas,Tamaulipas,MX-TAM,state,,9.8,,,5,America/Monterrey,FALSE,1484013719
La Chona,La Chona,,24.2357,-98.8168,Mexico,MX,MEX,Tamaulipas,Tamaulipas,MX-TAM,state,,1.2,,,5,America/Monterrey,TRUE,1484006521
El Marro,El Marro,,26.8160,-109.6620,Mexico,MX,MEX,Sonora,Sonora,MX-SON,state,,83.3,,,4,America/Hermosillo,FALSE,1484002959
El Cuartillo,El Cuartillo,,21.8660,-101.4129,Mexico,MX,MEX,San Luis Potosí,San Luis Potosi,MX-SLP,state,,11.9,,,4,America/Mexico_City,FALSE,1484961246
Chahuitillo,Chahuitillo,,16.4672,-94.0420,Mexico,MX,MEX,Chiapas,Chiapas,MX-CHP,state,,15.7,,,4,America/Mexico_City,FALSE,1484000368
La Gaviota,La Gaviota,,27.9027,-101.5342,Mexico,MX,MEX,Coahuila,Coahuila,MX-COA,state,,1.8,,,5,America/Monterrey,FALSE,1484431192
La Gaviota,La Gaviota,Rancho La Gaviota,27.3456,-101.2156,Mexico,MX,MEX,Coahuila,Coahuila,MX-COA,state,,1.6,,,5,America/Monterrey,TRUE,1484688360
La Gaviota,La Gaviota,,28.0263,-100.9562,Mexico,MX,MEX,Coahuila,Coahuila,MX-COA,state,,1.2,,,5,America/Matamoros,TRUE,1484055983
La Gaviota,La Gaviota,,26.9250,-100.5743,Mexico,MX,MEX,Coahuila,Coahuila,MX-COA,state,,0.9,,,5,America/Monterrey,TRUE,1484216569
Tepextitla Segunda Sección,Tepextitla Segunda Seccion,Tepextitla,18.8003,-99.7572,Mexico,MX,MEX,México,Mexico,MX-MEX,state,,54.1,,,4,America/Mexico_City,FALSE,1484142132
El Salitrillo,El Salitrillo,Salitrillo,20.3572,-100.3304,Mexico,MX,MEX,Querétaro,Queretaro,MX-QUE,state,,98.3,,,4,America/Mexico_City,FALSE,1484425269
El Salitrillo,El Salitrillo,,21.4264,-99.6103,Mexico,MX,MEX,Querétaro,Queretaro,MX-QUE,state,,33.5,,,4,America/Mexico_City,TRUE,1484190769
Banerachic,Banerachic,Banérachi,26.5167,-107.5947,Mexico,MX,MEX,Chihuahua,Chihuahua,MX-CHH,state,,1.4,,,5,America/Chihuahua,FALSE,1484550800
Ratán,Ratan,Ratón,21.8333,-104.9000,Mexico,MX,MEX,Nayarit,Nayarit,MX-NAY,state,,6.2,,,5,America/Mazatlan,FALSE,1484421736
Kilómetro Veintiseis,Kilometro Veintiseis,,22.0806,-98.0040,Mexico,MX,MEX,Veracruz,Veracruz,MX-VER,state,,29.7,,,4,America/Mexico_City,FALSE,1484992370
El Hoyo del Aire,El Hoyo del Aire,Hoyo del Aire,19.2812,-101.8724,Mexico,MX,MEX,Michoacán,Michoacan,MX-MIC,state,,46.7,,,4,America/Mexico_City,FALSE,1484932198
Magnolias,Magnolias,,27.5017,-108.1017,Mexico,MX,MEX,Chihuahua,Chihuahua,MX-CHH,state,,4.8,,,5,America/Chihuahua,FALSE,1484743265
Puerto de los Alisos,Puerto de los Alisos,,27.8430,-108.2110,Mexico,MX,MEX,Chihuahua,Chihuahua,MX-CHH,state,,9.7,,,5,America/Chihuahua,FALSE,1484023297
La Cebadilla,La Cebadilla,,21.8056,-104.9593,Mexico,MX,MEX,Nayarit,Nayarit,MX-NAY,state,,13.7,,,4,America/Mazatlan,FALSE,1484073644
El Abrevadero,El Abrevadero,,24.3424,-99.8491,Mexico,MX,MEX,Nuevo León,Nuevo Leon,MX-NLE,state,,4.6,,,5,America/Monterrey,FALSE,1484581526
El Abrevadero,El Abrevadero,,25.4532,-99.7561,Mexico,MX,MEX,Nuevo León,Nuevo Leon,MX-NLE,state,,1.6,,,5,America/Monterrey,TRUE,1484006548
San Juan de Mogotes,San Juan de Mogotes,San Juan de los Mogotes|Las Escobas,24.6756,-104.0717,Mexico,MX,MEX,Durango,Durango,MX-DUR,state,,2.1,,,5,America/Monterrey,FALSE,1484006738
La Pinoza,La Pinoza,,23.2597,-98.5223,Mexico,MX,MEX,Tamaulipas,Tamaulipas,MX-TAM,state,,1.2,,,5,America/Monterrey,FALSE,1484611961
Los Sedanos,Los Sedanos,Sedanos,21.7795,-103.2566,Mexico,MX,MEX,Zacatecas,Zacatecas,MX-ZAC,state,,32.8,,,4,America/Mexico_City,FALSE,1484814789
Gombedon,Gombedon,Gonbedor|Combedon,26.3833,-111.6167,Mexico,MX,MEX,Baja California Sur,Baja California Sur,MX-BCS,state,,0.4,,,5,America/Mazatlan,FALSE,1484715152
Ejido Aguila Azteca,Ejido Aguila Azteca,El Aguila Azteca|El Águila|Aguila Azteca,25.9157,-109.1639,Mexico,MX,MEX,Sinaloa,Sinaloa,MX-SIN,state,,2458.8,,,2,America/Mazatlan,FALSE,1484576777
Presón Santa Gertrudis,Preson Santa Gertrudis,Rancho El Presón de Santa Gertrudis,26.8906,-104.8729,Mexico,MX,MEX,Chihuahua,Chihuahua,MX-CHH,state,,0.0,,,5,America/Chihuahua,FALSE,1484626275
El Porvenir,El Porvenir,,21.4515,-88.2117,Mexico,MX,MEX,Yucatán,Yucatan,MX-YUC,state,,8.2,,,5,America/Merida,FALSE,1484160083
El Porvenir,El Porvenir,,21.1722,-87.7802,Mexico,MX,MEX,Yucatán,Yucatan,MX-YUC,state,,0.8,,,5,America/Merida,TRUE,1484887371
El Porvenir,El Porvenir,,21.4669,-88.0405,Mexico,MX,MEX,Yucatán,Yucatan,MX-YUC,state,,0.6,,,5,America/Merida,TRUE,1484055531
La Pedregosa,La Pedregosa,,23.9818,-99.6388,Mexico,MX,MEX,Nuevo León,Nuevo Leon,MX-NLE,state,,1.2,,,5,America/Monterrey,FALSE,1484904502
Loma del Pato,Loma del Pato,,18.8729,-97.5947,Mexico,MX,MEX,Puebla,Puebla,MX-PUE,state,,40.3,,,4,America/Mexico_City,FALSE,1484019054
Dos de Abril,Dos de Abril,,25.9112,-108.9408,Mexico,MX,MEX,Sinaloa,Sinaloa,MX-SIN,state,,118.5,,,4,America/Mazatlan,FALSE,1484986900
Buenavista Dos,Buenavista Dos,,21.6193,-98.1861,Mexico,MX,MEX,Veracruz,Veracruz,MX-VER,state,,5.6,,,5,America/Mexico_City,FALSE,1484392464
El Laurel,El Laurel,,19.4945,-99.5650,Mexico,MX,MEX,México,Mexico,MX-MEX,state,,1420.8,,,3,America/Mexico_City,FALSE,1484440083
El Laurel,El Laurel,,19.3554,-99.3646,Mexico,MX,MEX,México,Mexico,MX-MEX,state,,1173.5,,,3,America/Mexico_City,TRUE,1484999739
La Guajolota,La Guajolota,,22.9493,-104.6333,Mexico,MX,MEX,Durango,Durango,MX-DUR,state,,6.1,,,5,America/Monterrey,FALSE,1484199820
La Guajolota,La Guajolota,,24.1460,-105.7990,Mexico,MX,MEX,Durango,Durango,MX-DUR,state,,3.3,,,5,America/Monterrey,TRUE,1484585412
La Guajolota,La Guajolota,,25.1822,-106.2289,Mexico,MX,MEX,Durango,Durango,MX-DUR,state,,0.5,,,5,America/Monterrey,TRUE,1484619889
Corral de Los Bueyes,Corral de Los Bueyes,Rancho Corral de los Bueyes|Corral de Bueves|Corral Bueyes,27.4843,-106.2491,Mexico,MX,MEX,Chihuahua,Chihuahua,MX-CHH,state,,4.0,,,4,America/Chihuahua,FALSE,1484846451
Aparandán,Aparandan,,18.7695,-101.0057,Mexico,MX,MEX,Michoacán,Michoacan,MX-MIC,state,,3.6,,,5,America/Mexico_City,FALSE,1484609746
Las Corrientitas,Las Corrientitas,Las Correntas,25.6779,-99.8713,Mexico,MX,MEX,Nuevo León,Nuevo Leon,MX-NLE,state,,7.2,,,5,America/Monterrey,FALSE,1484705165
Paisanos,Paisanos,,22.5450,-103.9162,Mexico,MX,MEX,Jalisco,Jalisco,MX-JAL,state,,3.1,,,5,America/Mexico_City,FALSE,1484230899
Crucero de Grutas,Crucero de Grutas,Crucero de Cacahuamilpa,18.6721,-99.5122,Mexico,MX,MEX,Guerrero,Guerrero,MX-GRO,state,,41.9,,,4,America/Mexico_City,FALSE,1484070837
La Cigarra,La Cigarra,,29.1948,-110.1833,Mexico,MX,MEX,Sonora,Sonora,MX-SON,state,,2.9,,,5,America/Hermosillo,FALSE,1484413075
Sochapa,Sochapa,,18.4217,-94.7633,Mexico,MX,MEX,Veracruz,Veracruz,MX-VER,state,,43.4,,,4,America/Mexico_City,FALSE,1484571727
Mesita,Mesita,,21.1167,-102.1333,Mexico,MX,MEX,Jalisco,Jalisco,MX-JAL,state,,1.8,,,5,America/Mexico_City,FALSE,1484624260
Angostura,Angostura,,19.9000,-102.2500,Mexico,MX,MEX,Michoacán,Michoacan,MX-MIC,state,,56.8,,,4,America/Mexico_City,FALSE,1484148213
Congregación el Chote,Congregacion el Chote,,20.4011,-97.3290,Mexico,MX,MEX,Veracruz,Veracruz,MX-VER,state,,121.1,,,4,America/Mexico_City,FALSE,1484960954
Cumbre de Ahuiriachi,Cumbre de Ahuiriachi,,26.7340,-107.5780,Mexico,MX,MEX,Chihuahua,Chihuahua,MX-CHH,state,,2.8,,,5,America/Chihuahua,FALSE,1484958228
Lorencillo,Lorencillo,,19.1148,-101.5313,Mexico,MX,MEX,Michoacán,Michoacan,MX-MIC,state,,41.0,,,4,America/Mexico_City,FALSE,1484699232
Pueblo Viejo Pedregal,Pueblo Viejo Pedregal,Pueblo Viejo,17.4066,-93.6934,Mexico,MX,MEX,Veracruz,Veracruz,MX-VER,state,,11.3,,,4,America/Mexico_City,FALSE,1484012480
Rancho Gabriela,Rancho Gabriela,,18.6534,-87.7269,Mexico,MX,MEX,Quintana Roo,Quintana Roo,MX-ROO,state,,0.8,,,5,America/Cancun,FALSE,1484021910
Lagartero,Lagartero,,14.8427,-92.2611,Mexico,MX,MEX,Chiapas,Chiapas,MX-CHP,state,,213.2,,,3,America/Mexico_City,FALSE,1484903962
Mártires de Gambara,Martires de Gambara,La Parota,18.9083,-102.0639,Mexico,MX,MEX,Michoacán,Michoacan,MX-MIC,state,,35.4,,,4,America/Mexico_City,FALSE,1484954140
Hacienda Blanca,Hacienda Blanca,,20.2715,-100.1016,Mexico,MX,MEX,Querétaro,Queretaro,MX-QUE,state,,37.9,,,4,America/Mexico_City,FALSE,1484834906
Lázaro Cárdenas,Lazaro Cardenas,,22.1714,-102.0270,Mexico,MX,MEX,Aguascalientes,Aguascalientes,MX-AGU,state,,116.2,,,4,America/Mexico_City,FALSE,1484865908
Santa Elena,Santa Elena,,20.4678,-102.4966,Mexico,MX,MEX,Jalisco,Jalisco,MX-JAL,state,,70.4,,,4,America/Mexico_City,FALSE,1484240535
Santa Elena,Santa Elena,,19.9567,-103.6918,Mexico,MX,MEX,Jalisco,Jalisco,MX-JAL,state,,63.9,,,4,America/Mexico_City,TRUE,1484124652
Santa Elena,Santa Elena,,21.4773,-102.0897,Mexico,MX,MEX,Jalisco,Jalisco,MX-JAL,state,,19.7,,,4,America/Mexico_City,TRUE,1484007149
Santa Elena,Santa Elena,,20.2062,-103.3209,Mexico,MX,MEX,Jalisco,Jalisco,MX-JAL,state,,10.8,,,4,America/Mexico_City,TRUE,1484027901
Santa Elena,Santa Elena,,21.6385,-102.0067,Mexico,MX,MEX,Jalisco,Jalisco,MX-JAL,state,,6.8,,,5,America/Mexico_City,TRUE,1484931313
Santa Elena,Santa Elena,,21.3193,-101.7667,Mexico,MX,MEX,Jalisco,Jalisco,MX-JAL,state,,6.5,,,5,America/Mexico_City,TRUE,1484507082
Santa Elena,Santa Elena,,19.9144,-105.1477,Mexico,MX,MEX,Jalisco,Jalisco,MX-JAL,state,,3.6,,,5,America/Mexico_City,TRUE,1484262473
Santa Elena,Santa Elena,Los Ailes,20.5074,-104.4968,Mexico,MX,MEX,Jalisco,Jalisco,MX-JAL,state,,3.3,,,5,America/Mexico_City,TRUE,1484212270
Santa Elena,Santa Elena,,20.3325,-105.3454,Mexico,MX,MEX,Jalisco,Jalisco,MX-JAL,state,,2.5,,,5,America/Mexico_City,TRUE,1484606282
Santa Elena,Santa Elena,,22.4875,-103.7047,Mexico,MX,MEX,Jalisco,Jalisco,MX-JAL,state,,2.5,,,5,America/Mexico_City,TRUE,1484009854
Santa Elena,Santa Elena,,21.0435,-102.0121,Mexico,MX,MEX,Jalisco,Jalisco,MX-JAL,state,,2.4,,,5,America/Mexico_City,TRUE,1484009989
San Vicente de Rueda,San Vicente de Rueda,San Vicente de la Puerta|San Vicente,23.7914,-100.1100,Mexico,MX,MEX,Nuevo León,Nuevo Leon,MX-NLE,state,,8.6,,,5,America/Monterrey,FALSE,1484432522
El Pájaro,El Pajaro,,26.7612,-105.6782,Mexico,MX,MEX,Chihuahua,Chihuahua,MX-CHH,state,,2.5,,,5,America/Chihuahua,FALSE,1484686388
El Pájaro,El Pajaro,,29.3716,-108.0494,Mexico,MX,MEX,Chihuahua,Chihuahua,MX-CHH,state,,0.9,,,5,America/Chihuahua,TRUE,1484003565
El Pájaro,El Pajaro,Rancho Blanco,29.8257,-107.7166,Mexico,MX,MEX,Chihuahua,Chihuahua,MX-CHH,state,,0.3,,,5,America/Chihuahua,TRUE,1484468207
El Pájaro,El Pajaro,,26.8000,-104.6333,Mexico,MX,MEX,Chihuahua,Chihuahua,MX-CHH,state,,0.0,,,5,America/Chihuahua,TRUE,1484020790
El Pájaro,El Pajaro,El Vergel,26.7974,-104.8068,Mexico,MX,MEX,Chihuahua,Chihuahua,MX-CHH,state,,0.0,,,5,America/Chihuahua,TRUE,1484238855
Piedra Larga,Piedra Larga,,20.2414,-100.3642,Mexico,MX,MEX,Michoacán,Michoacan,MX-MIC,state,,79.5,,,4,America/Mexico_City,FALSE,1484051032
Nátora,Natora,Notore|Natore,28.9333,-108.6500,Mexico,MX,MEX,Chihuahua,Chihuahua,MX-CHH,state,,0.3,,,5,America/Chihuahua,FALSE,1484469892
El Pedernal Dos,El Pedernal Dos,,28.4100,-111.3910,Mexico,MX,MEX,Sonora,Sonora,MX-SON,state,,1.8,,,5,America/Hermosillo,FALSE,1484302211
Colorado Segunda Sección,Colorado Segunda Seccion,,17.6500,-93.0292,Mexico,MX,MEX,Tabasco,Tabasco,MX-TAB,state,,65.6,,,4,America/Mexico_City,FALSE,1484339584
San Jose de los Llanos,San Jose de los Llanos,,26.5195,-107.8438,Mexico,MX,MEX,Chihuahua,Chihuahua,MX-CHH,state,,13.4,,,4,America/Chihuahua,FALSE,1484798405
Piedra de Fierro,Piedra de Fierro,,18.2247,-96.8044,Mexico,MX,MEX,Oaxaca,Oaxaca,MX-OAX,state,,92.4,,,4,America/Mexico_City,FALSE,1484020559
Las Partidas,Las Partidas,,21.1884,-98.2993,Mexico,MX,MEX,Veracruz,Veracruz,MX-VER,state,,55.5,,,4,America/Mexico_City,FALSE,1484657682
Los Tejocotes,Los Tejocotes,,18.8729,-100.4538,Mexico,MX,MEX,México,Mexico,MX-MEX,state,,18.4,,,4,America/Mexico_City,FALSE,1484009821
Mesa de Pahuiranachi,Mesa de Pahuiranachi,,27.1240,-107.1180,Mexico,MX,MEX,Chihuahua,Chihuahua,MX-CHH,state,,7.1,,,5,America/Chihuahua,FALSE,1484547117
Campo Rancho Viejo,Campo Rancho Viejo,Rancho Viejo,25.3024,-107.6294,Mexico,MX,MEX,Sinaloa,Sinaloa,MX-SIN,state,,7.2,,,5,America/Mazatlan,FALSE,1484710015
Alberto,Alberto,,25.8833,-106.0333,Mexico,MX,MEX,Durango,Durango,MX-DUR,state,,1.3,,,5,America/Monterrey,FALSE,1484935267
Rincón de la Ciénega,Rincon de la Cienega,,27.2572,-107.9793,Mexico,MX,MEX,Chihuahua,Chihuahua,MX-CHH,state,,7.7,,,5,America/Chihuahua,FALSE,1484300122
Joya de la Huerta,Joya de la Huerta,,19.6162,-101.3159,Mexico,MX,MEX,Michoacán,Michoacan,MX-MIC,state,,79.9,,,4,America/Mexico_City,FALSE,1484018355
Bolochi,Bolochi,,27.6177,-108.0351,Mexico,MX,MEX,Chihuahua,Chihuahua,MX-CHH,state,,3.3,,,5,America/Chihuahua,FALSE,1484869279
La Falda,La Falda,,18.8866,-99.7144,Mexico,MX,MEX,México,Mexico,MX-MEX,state,,158.9,,,4,America/Mexico_City,FALSE,1484167078
Rancho La Lobera,Rancho La Lobera,,27.9333,-109.2167,Mexico,MX,MEX,Sonora,Sonora,MX-SON,state,,1.0,,,5,America/Hermosillo,FALSE,1484011373
Atravesaño,Atravesano,,21.1333,-103.3333,Mexico,MX,MEX,Zacatecas,Zacatecas,MX-ZAC,state,,3.0,,,5,America/Mexico_City,FALSE,1484109441
Rancho Las Norias,Rancho Las Norias,,27.5500,-103.6500,Mexico,MX,MEX,Coahuila,Coahuila,MX-COA,state,,0.0,,,5,America/Monterrey,FALSE,1484149219
Bonita,Bonita,La Bonita,22.2583,-105.2552,Mexico,MX,MEX,Nayarit,Nayarit,MX-NAY,state,,12.6,,,4,America/Mazatlan,FALSE,1484520508
Lucero,Lucero,,26.1972,-105.1282,Mexico,MX,MEX,Durango,Durango,MX-DUR,state,,6.5,,,5,America/Monterrey,FALSE,1484133117
San Jorge Atitla,San Jorge Atitla,Atitla|San Jorge,18.7158,-96.8221,Mexico,MX,MEX,Veracruz,Veracruz,MX-VER,state,,77.8,,,4,America/Mexico_City,FALSE,1484507353
Ojo de Diego,Ojo de Diego,,21.0423,-100.3879,Mexico,MX,MEX,Guanajuato,Guanajuato,MX-GUA,state,,235.0,,,3,America/Mexico_City,FALSE,1484145394
Matanzas,Matanzas,,21.6337,-101.6554,Mexico,MX,MEX,Jalisco,Jalisco,MX-JAL,state,,29.4,,,4,America/Mexico_City,FALSE,1484751940
El Payaso,El Payaso,,28.0904,-100.1541,Mexico,MX,MEX,Coahuila,Coahuila,MX-COA,state,,0.1,,,5,America/Matamoros,FALSE,1484310042
Arroyo de Abajo,Arroyo de Abajo,,18.2214,-96.3267,Mexico,MX,MEX,Oaxaca,Oaxaca,MX-OAX,state,,64.2,,,4,America/Mexico_City,FALSE,1484304074
San Luis de Lozada,San Luis de Lozada,San Luis|Lozada,21.5030,-104.7055,Mexico,MX,MEX,Nayarit,Nayarit,MX-NAY,state,,48.7,,,4,America/Mazatlan,FALSE,1484865272
Maniatl de Guadalupe de Abajo,Maniatl de Guadalupe de Abajo,,18.7856,-99.8980,Mexico,MX,MEX,México,Mexico,MX-MEX,state,,68.0,,,4,America/Mexico_City,FALSE,1484288359
Garambullal,Garambullal,,28.1339,-109.4201,Mexico,MX,MEX,Sonora,Sonora,MX-SON,state,,0.6,,,5,America/Hermosillo,FALSE,1484174945
Chupadero de Alcaparra,Chupadero de Alcaparra,Chupadero de la Alcaparra,30.6500,-106.1000,Mexico,MX,MEX,Chihuahua,Chihuahua,MX-CHH,state,,0.0,,,5,America/Chihuahua,FALSE,1484845393
San Miguel Epejan,San Miguel Epejan,,20.0663,-101.8158,Mexico,MX,MEX,Michoacán,Michoacan,MX-MIC,state,,31.9,,,4,America/Mexico_City,FALSE,1484655787
Los Tirones,Los Tirones,,26.7661,-101.0580,Mexico,MX,MEX,Coahuila,Coahuila,MX-COA,state,,1.7,,,5,America/Monterrey,FALSE,1484781661
Las Cubas,Las Cubas,,27.8793,-109.0157,Mexico,MX,MEX,Sonora,Sonora,MX-SON,state,,0.6,,,5,America/Hermosillo,FALSE,1484296156
San José la Libertad,San Jose la Libertad,,16.5646,-91.6594,Mexico,MX,MEX,Chiapas,Chiapas,MX-CHP,state,,39.8,,,4,America/Mexico_City,FALSE,1484179288
Ejido Guadalajara Número Dos,Ejido Guadalajara Numero Dos,,32.3829,-116.3507,Mexico,MX,MEX,Baja California,Baja California,MX-BCN,state,,0.7,,,5,America/Tijuana,FALSE,1484005138
Algarrobo,Algarrobo,,27.5725,-105.4012,Mexico,MX,MEX,Chihuahua,Chihuahua,MX-CHH,state,,16.7,,,4,America/Chihuahua,FALSE,1484571113
Iturbide,Iturbide,,19.0430,-88.6353,Mexico,MX,MEX,Quintana Roo,Quintana Roo,MX-ROO,state,,6.6,,,5,America/Cancun,FALSE,1484891169
Guasaráchic,Guasarachic,Gavátare,27.6833,-107.0000,Mexico,MX,MEX,Chihuahua,Chihuahua,MX-CHH,state,,4.2,,,5,America/Chihuahua,FALSE,1484760543
Pueblo Nuevo Jasso,Pueblo Nuevo Jasso,Pueblo Nuevo,19.9853,-99.3249,Mexico,MX,MEX,Hidalgo,Hidalgo,MX-HID,state,,2657.1,,,2,America/Mexico_City,FALSE,1484337648
Puerto del Aire,Puerto del Aire,Las Parotas,18.8208,-100.1809,Mexico,MX,MEX,México,Mexico,MX-MEX,state,,50.2,,,4,America/Mexico_City,FALSE,1484690688
La Guayaba,La Guayaba,La Soledad,21.6433,-98.6574,Mexico,MX,MEX,San Luis Potosí,San Luis Potosi,MX-SLP,state,,49.8,,,4,America/Mexico_City,FALSE,1484659353
Los Otates de Arriba,Los Otates de Arriba,Los Otates,26.2947,-107.3241,Mexico,MX,MEX,Chihuahua,Chihuahua,MX-CHH,state,,5.2,,,5,America/Chihuahua,FALSE,1484980061
Las Cuestona,Las Cuestona,,25.4629,-108.4441,Mexico,MX,MEX,Sinaloa,Sinaloa,MX-SIN,state,,105.1,,,4,America/Mazatlan,FALSE,1484249556
Sacacheachi,Sacacheachi,,26.8560,-107.0100,Mexico,MX,MEX,Chihuahua,Chihuahua,MX-CHH,state,,5.5,,,5,America/Chihuahua,FALSE,1484015413
Los Cuatro Hermanos,Los Cuatro Hermanos,,21.1648,-89.4787,Mexico,MX,MEX,Yucatán,Yucatan,MX-YUC,state,,267.8,,,3,America/Merida,FALSE,1484027814
Tarahumares,Tarahumares,Tarahumar,26.2310,-106.9324,Mexico,MX,MEX,Chihuahua,Chihuahua,MX-CHH,state,,2.6,,,5,America/Chihuahua,FALSE,1484911512
San Pablo Xúchil,San Pablo Xuchil,,19.8078,-98.7662,Mexico,MX,MEX,México,Mexico,MX-MEX,state,,38.9,,,4,America/Mexico_City,FALSE,1484352756
Purisima de Temascatio,Purisima de Temascatio,Purisima de Arriba|Purísima,20.6989,-101.2765,Mexico,MX,MEX,Guanajuato,Guanajuato,MX-GUA,state,,314.8,,,3,America/Mexico_City,FALSE,1484430005
Paraje Nuevo,Paraje Nuevo,,18.3189,-100.0855,Mexico,MX,MEX,Guerrero,Guerrero,MX-GRO,state,,22.3,,,4,America/Mexico_City,FALSE,1484697997
Godoy,Godoy,,25.0333,-111.1667,Mexico,MX,MEX,Baja California Sur,Baja California Sur,MX-BCS,state,,0.8,,,5,America/Mazatlan,FALSE,1484565408
Río Verde,Rio Verde,,24.2725,-104.9979,Mexico,MX,MEX,Durango,Durango,MX-DUR,state,,3.9,,,5,America/Monterrey,FALSE,1484423732
Rio Verde,Rio Verde,,24.6843,-102.8192,Mexico,MX,MEX,Durango,Durango,MX-DUR,state,,2.5,,,5,America/Monterrey,TRUE,1484449694
Concepción,Concepcion,,17.9333,-95.1500,Mexico,MX,MEX,Veracruz,Veracruz,MX-VER,state,,24.7,,,4,America/Mexico_City,FALSE,1484214198
Tulapa Grande,Tulapa Grande,,18.6160,-95.4277,Mexico,MX,MEX,Veracruz,Veracruz,MX-VER,state,,29.8,,,4,America/Mexico_City,FALSE,1484838563
Las Cuadritas,Las Cuadritas,,25.7199,-103.5531,Mexico,MX,MEX,Durango,Durango,MX-DUR,state,,64.1,,,4,America/Monterrey,FALSE,1484325047
El Refugio,El Refugio,,15.9333,-93.7833,Mexico,MX,MEX,Chiapas,Chiapas,MX-CHP,state,,1179.3,,,3,America/Mexico_City,FALSE,1484141660
El Refugio,El Refugio,,14.9220,-92.2758,Mexico,MX,MEX,Chiapas,Chiapas,MX-CHP,state,,896.9,,,3,America/Mexico_City,TRUE,1484996092
El Refugio,El Refugio,,16.2479,-93.9237,Mexico,MX,MEX,Chiapas,Chiapas,MX-CHP,state,,168.4,,,4,America/Mexico_City,TRUE,1484022306
El Refugio,El Refugio,,15.1273,-92.2196,Mexico,MX,MEX,Chiapas,Chiapas,MX-CHP,state,,134.4,,,4,America/Mexico_City,TRUE,1484021738
El Refugio,El Refugio,,16.9281,-92.1275,Mexico,MX,MEX,Chiapas,Chiapas,MX-CHP,state,,124.2,,,4,America/Mexico_City,TRUE,1484141980
El Refugio,El Refugio,,16.9952,-92.1137,Mexico,MX,MEX,Chiapas,Chiapas,MX-CHP,state,,86.5,,,4,America/Mexico_City,TRUE,1484425187
El Refugio,El Refugio,,15.1277,-92.6016,Mexico,MX,MEX,Chiapas,Chiapas,MX-CHP,state,,79.8,,,4,America/Mexico_City,TRUE,1484016022
El Refugio,El Refugio,,15.9096,-92.0303,Mexico,MX,MEX,Chiapas,Chiapas,MX-CHP,state,,66.6,,,4,America/Mexico_City,TRUE,1484264362
El Refugio,El Refugio,,16.8229,-91.9700,Mexico,MX,MEX,Chiapas,Chiapas,MX-CHP,state,,49.4,,,4,America/Mexico_City,TRUE,1484198520
El Refugio,El Refugio,,16.3288,-92.4302,Mexico,MX,MEX,Chiapas,Chiapas,MX-CHP,state,,44.8,,,4,America/Mexico_City,TRUE,1484399555
El Refugio,El Refugio,,14.7000,-92.3333,Mexico,MX,MEX,Chiapas,Chiapas,MX-CHP,state,,42.9,,,4,America/Mexico_City,TRUE,1484206899
El Refugio,El Refugio,,16.0873,-93.7861,Mexico,MX,MEX,Chiapas,Chiapas,MX-CHP,state,,41.9,,,4,America/Mexico_City,TRUE,1484025112
El Refugio,El Refugio,,17.5667,-93.3500,Mexico,MX,MEX,Chiapas,Chiapas,MX-CHP,state,,28.8,,,4,America/Mexico_City,TRUE,1484842110
El Refugio,El Refugio,,15.6360,-92.5870,Mexico,MX,MEX,Chiapas,Chiapas,MX-CHP,state,,17.9,,,4,America/Mexico_City,TRUE,1484595549
El Refugio,El Refugio,,15.6150,-93.3370,Mexico,MX,MEX,Chiapas,Chiapas,MX-CHP,state,,17.8,,,4,America/Mexico_City,TRUE,1484017527
El Refugio,El Refugio,,15.9234,-93.3724,Mexico,MX,MEX,Chiapas,Chiapas,MX-CHP,state,,17.6,,,4,America/Mexico_City,TRUE,1484016985
El Refugio,El Refugio,,16.7500,-93.7167,Mexico,MX,MEX,Chiapas,Chiapas,MX-CHP,state,,15.5,,,4,America/Mexico_City,TRUE,1484569165
El Refugio,El Refugio,,16.0026,-93.4507,Mexico,MX,MEX,Chiapas,Chiapas,MX-CHP,state,,11.0,,,4,America/Mexico_City,TRUE,1484948650
Llano Seco,Llano Seco,,20.6103,-98.1042,Mexico,MX,MEX,Hidalgo,Hidalgo,MX-HID,state,,29.9,,,4,America/Mexico_City,FALSE,1484710984
Mesa de las Papas,Mesa de las Papas,,28.0661,-108.1078,Mexico,MX,MEX,Chihuahua,Chihuahua,MX-CHH,state,,10.4,,,4,America/Chihuahua,FALSE,1484666455
El Oso de Carlos,El Oso de Carlos,,28.9409,-108.7440,Mexico,MX,MEX,Sonora,Sonora,MX-SON,state,,0.1,,,5,America/Hermosillo,FALSE,1484587368
La Saladita,La Saladita,,22.2145,-100.4078,Mexico,MX,MEX,San Luis Potosí,San Luis Potosi,MX-SLP,state,,1.5,,,5,America/Mexico_City,FALSE,1484698584
El Porvenir,El Porvenir,,17.0665,-100.3016,Mexico,MX,MEX,Guerrero,Guerrero,MX-GRO,state,,72.0,,,4,America/Mexico_City,FALSE,1484010707
El Porvenir,El Porvenir,,16.8224,-99.4784,Mexico,MX,MEX,Guerrero,Guerrero,MX-GRO,state,,50.3,,,4,America/Mexico_City,TRUE,1484315639
El Porvenir,El Porvenir,,17.0755,-100.1196,Mexico,MX,MEX,Guerrero,Guerrero,MX-GRO,state,,41.2,,,4,America/Mexico_City,TRUE,1484384525
El Porvenir,El Porvenir,,16.7750,-99.1947,Mexico,MX,MEX,Guerrero,Guerrero,MX-GRO,state,,34.3,,,4,America/Mexico_City,TRUE,1484076461
El Porvenir,El Porvenir,,17.4370,-100.3606,Mexico,MX,MEX,Guerrero,Guerrero,MX-GRO,state,,17.9,,,4,America/Mexico_City,TRUE,1484366229
El Porvenir,El Porvenir,,17.5330,-100.9361,Mexico,MX,MEX,Guerrero,Guerrero,MX-GRO,state,,9.3,,,5,America/Mexico_City,TRUE,1484960822
El Porvenir,El Porvenir,,18.1312,-101.3373,Mexico,MX,MEX,Guerrero,Guerrero,MX-GRO,state,,5.4,,,5,America/Mexico_City,TRUE,1484427659
El Porvenir,El Porvenir,,17.9245,-101.1530,Mexico,MX,MEX,Guerrero,Guerrero,MX-GRO,state,,4.3,,,5,America/Mexico_City,TRUE,1484865704
Rincón de Tateposco,Rincon de Tateposco,Rincon de Tatepoxco,20.8833,-103.0000,Mexico,MX,MEX,Jalisco,Jalisco,MX-JAL,state,,45.5,,,4,America/Mexico_City,FALSE,1484588929
Ampona,Ampona,,25.1667,-108.1833,Mexico,MX,MEX,Sinaloa,Sinaloa,MX-SIN,state,,32.0,,,4,America/Mazatlan,FALSE,1484666314
Bitórachi,Bitorachi,,27.5118,-107.5971,Mexico,MX,MEX,Chihuahua,Chihuahua,MX-CHH,state,,3.7,,,5,America/Chihuahua,FALSE,1484014342
Nundo,Nundo,,17.5333,-97.7167,Mexico,MX,MEX,Oaxaca,Oaxaca,MX-OAX,state,,531.2,,,3,America/Mexico_City,FALSE,1484067423
Chachacuaxtle,Chachacuaxtle,,23.6797,-104.2982,Mexico,MX,MEX,Durango,Durango,MX-DUR,state,,0.8,,,5,America/Monterrey,FALSE,1484712498
Patambán,Patamban,Patamba,19.8029,-102.2903,Mexico,MX,MEX,Michoacán,Michoacan,MX-MIC,state,,2145.5,,,2,America/Mexico_City,FALSE,1484877711
Puente de Palo,Puente de Palo,,19.9851,-97.2984,Mexico,MX,MEX,Puebla,Puebla,MX-PUE,state,,92.0,,,4,America/Mexico_City,FALSE,1484889185
Las Mangas,Las Mangas,,24.9073,-101.1043,Mexico,MX,MEX,Coahuila,Coahuila,MX-COA,state,,2.7,,,5,America/Monterrey,FALSE,1484444444
Unión Progreso,Union Progreso,,15.5864,-92.2289,Mexico,MX,MEX,Chiapas,Chiapas,MX-CHP,state,,108.8,,,4,America/Mexico_City,FALSE,1484269557
Tepetitla,Tepetitla,San Mateo,19.2653,-98.3764,Mexico,MX,MEX,Tlaxcala,Tlaxcala,MX-TLA,state,minor,2388.2,,,2,America/Mexico_City,FALSE,1484847823
Zapotito,Zapotito,,21.3349,-103.9726,Mexico,MX,MEX,Nayarit,Nayarit,MX-NAY,state,,0.9,,,5,America/Mazatlan,FALSE,1484869328
La Placita,La Placita,,29.2834,-109.0880,Mexico,MX,MEX,Sonora,Sonora,MX-SON,state,,0.0,,,5,America/Hermosillo,FALSE,1484473224
Mina de Oro,Mina de Oro,,26.1377,-107.5397,Mexico,MX,MEX,Sinaloa,Sinaloa,MX-SIN,state,,1.8,,,5,America/Chihuahua,FALSE,1484033302
La Morita,La Morita,,27.3224,-102.4064,Mexico,MX,MEX,Coahuila,Coahuila,MX-COA,state,,803.0,,,3,America/Matamoros,FALSE,1484967216
La Morita,La Morita,,28.5855,-100.6302,Mexico,MX,MEX,Coahuila,Coahuila,MX-COA,state,,5.9,,,5,America/Matamoros,TRUE,1484448173
La Morita,La Morita,,25.2425,-100.2774,Mexico,MX,MEX,Coahuila,Coahuila,MX-COA,state,,3.3,,,5,America/Monterrey,TRUE,1484386142
La Morita,La Morita,,27.9112,-101.4403,Mexico,MX,MEX,Coahuila,Coahuila,MX-COA,state,,2.0,,,5,America/Monterrey,TRUE,1484807956
La Morita,La Morita,,28.5467,-100.5488,Mexico,MX,MEX,Coahuila,Coahuila,MX-COA,state,,1.5,,,5,America/Matamoros,TRUE,1484838253
La Morita,La Morita,,24.8198,-101.5889,Mexico,MX,MEX,Coahuila,Coahuila,MX-COA,state,,0.9,,,5,America/Monterrey,TRUE,1484114204
La Morita,La Morita,,28.4123,-100.7118,Mexico,MX,MEX,Coahuila,Coahuila,MX-COA,state,,0.4,,,5,America/Matamoros,TRUE,1484372324
Juan N. Troncoso,Juan N. Troncoso,Juan N. Tloncoso|San Juan Otontepec,21.2360,-97.9046,Mexico,MX,MEX,Veracruz,Veracruz,MX-VER,state,,55.1,,,4,America/Mexico_City,FALSE,1484897604
Los Ángeles Número Dos,Los Angeles Numero Dos,,23.1137,-100.1480,Mexico,MX,MEX,San Luis Potosí,San Luis Potosi,MX-SLP,state,,2.9,,,5,America/Mexico_City,FALSE,1484419658
Los Cuirindales,Los Cuirindales,,18.6366,-100.7214,Mexico,MX,MEX,Guerrero,Guerrero,MX-GRO,state,,19.3,,,4,America/Mexico_City,FALSE,1484590641
Santa Josefa,Santa Josefa,,24.2127,-107.1164,Mexico,MX,MEX,Sinaloa,Sinaloa,MX-SIN,state,,31.9,,,4,America/Mazatlan,FALSE,1484016852
Labor de Garnica,Labor de Garnica,,26.8413,-105.3426,Mexico,MX,MEX,Chihuahua,Chihuahua,MX-CHH,state,,1.2,,,5,America/Chihuahua,FALSE,1484796938
Río Temblor,Rio Temblor,,15.9913,-96.3383,Mexico,MX,MEX,Oaxaca,Oaxaca,MX-OAX,state,,7.3,,,5,America/Mexico_City,FALSE,1484001272
Puerto Tres Cruces,Puerto Tres Cruces,,21.3850,-99.0148,Mexico,MX,MEX,San Luis Potosí,San Luis Potosi,MX-SLP,state,,101.6,,,4,America/Mexico_City,FALSE,1484739485
Copaltitla,Copaltitla,,21.0126,-98.4404,Mexico,MX,MEX,Hidalgo,Hidalgo,MX-HID,state,,169.2,,,4,America/Mexico_City,FALSE,1484940361
Isla Conja,Isla Conja,Conja,17.7731,-91.6195,Mexico,MX,MEX,Tabasco,Tabasco,MX-TAB,state,,18.4,,,4,America/Mexico_City,FALSE,1484291782
Juan R. Pojol,Juan R. Pojol,,19.2464,-97.5429,Mexico,MX,MEX,Puebla,Puebla,MX-PUE,state,,62.7,,,4,America/Mexico_City,FALSE,1484285773
Callejón de Guasavito,Callejon de Guasavito,,25.5697,-108.4467,Mexico,MX,MEX,Sinaloa,Sinaloa,MX-SIN,state,,2372.7,,,2,America/Mazatlan,FALSE,1484000081
Guadalupe Calderón,Guadalupe Calderon,,18.9643,-97.8581,Mexico,MX,MEX,Puebla,Puebla,MX-PUE,state,,172.9,,,4,America/Mexico_City,FALSE,1484084889
Zaragoza Segunda Sección,Zaragoza Segunda Seccion,,17.6222,-91.8132,Mexico,MX,MEX,Chiapas,Chiapas,MX-CHP,state,,1.7,,,5,America/Mexico_City,FALSE,1484069629
Los Cavazos,Los Cavazos,Cavazos|Cabazos,26.1458,-98.3481,Mexico,MX,MEX,Tamaulipas,Tamaulipas,MX-TAM,state,,66.6,,,4,America/Matamoros,FALSE,1484986057
Los Cavazos,Los Cavazos,,27.4023,-99.6576,Mexico,MX,MEX,Tamaulipas,Tamaulipas,MX-TAM,state,,2.6,,,5,America/Matamoros,TRUE,1484028332
La Tarjea,La Tarjea,,18.4065,-103.0334,Mexico,MX,MEX,Michoacán,Michoacan,MX-MIC,state,,2.8,,,5,America/Mexico_City,FALSE,1484007383
Ramón,Ramon,San Ramon,24.6000,-100.1667,Mexico,MX,MEX,Nuevo León,Nuevo Leon,MX-NLE,state,,4.9,,,5,America/Monterrey,FALSE,1484608945
San Lucas,San Lucas,,20.1137,-101.2026,Mexico,MX,MEX,Guanajuato,Guanajuato,MX-GUA,state,,1972.7,,,3,America/Mexico_City,FALSE,1484114786
San Lucas,San Lucas,,20.2934,-100.5524,Mexico,MX,MEX,Guanajuato,Guanajuato,MX-GUA,state,,106.0,,,4,America/Mexico_City,TRUE,1484502303
San Lucas,San Lucas,,20.9122,-100.9352,Mexico,MX,MEX,Guanajuato,Guanajuato,MX-GUA,state,,67.2,,,4,America/Mexico_City,TRUE,1484232115
San Lucas,San Lucas,,20.7351,-101.1356,Mexico,MX,MEX,Guanajuato,Guanajuato,MX-GUA,state,,61.9,,,4,America/Mexico_City,TRUE,1484004239
San Antonio de la Montaña,San Antonio de la Montana,,24.9573,-111.3291,Mexico,MX,MEX,Baja California Sur,Baja California Sur,MX-BCS,state,,1.0,,,5,America/Mazatlan,FALSE,1484130623
Las Mesitas,Las Mesitas,,23.9710,-99.6508,Mexico,MX,MEX,Nuevo León,Nuevo Leon,MX-NLE,state,,7.1,,,5,America/Monterrey,FALSE,1484717455
Las Mesitas,Las Mesitas,,25.0356,-100.1120,Mexico,MX,MEX,Nuevo León,Nuevo Leon,MX-NLE,state,,4.3,,,5,America/Monterrey,TRUE,1484007443
Las Mesitas,Las Mesitas,,25.5935,-100.4348,Mexico,MX,MEX,Nuevo León,Nuevo Leon,MX-NLE,state,,2.3,,,5,America/Monterrey,TRUE,1484205267
Las Mesitas,Las Mesitas,,24.5227,-100.1663,Mexico,MX,MEX,Nuevo León,Nuevo Leon,MX-NLE,state,,0.8,,,5,America/Monterrey,TRUE,1484477436
El Uvero,El Uvero,,18.6537,-95.3245,Mexico,MX,MEX,Veracruz,Veracruz,MX-VER,state,,44.7,,,4,America/Mexico_City,FALSE,1484922544
El Uvero,El Uvero,,18.5772,-95.6653,Mexico,MX,MEX,Veracruz,Veracruz,MX-VER,state,,10.5,,,4,America/Mexico_City,TRUE,1484673304
Las Adjuntas del Río,Las Adjuntas del Rio,,24.1715,-105.8415,Mexico,MX,MEX,Durango,Durango,MX-DUR,state,,2.6,,,5,America/Monterrey,FALSE,1484386020
Tenaxda,Tenaxda,,20.1292,-99.9708,Mexico,MX,MEX,Querétaro,Queretaro,MX-QUE,state,,140.3,,,4,America/Mexico_City,FALSE,1484981457
Hicacal,Hicacal,,17.7000,-93.8333,Mexico,MX,MEX,Veracruz,Veracruz,MX-VER,state,,15.3,,,4,America/Mexico_City,FALSE,1484742423
Ángel Albino Corzo Primera Sección,Angel Albino Corzo Primera Seccion,Angel Albino Corzo,17.2919,-91.6297,Mexico,MX,MEX,Chiapas,Chiapas,MX-CHP,state,,54.8,,,4,America/Mexico_City,FALSE,1484262567
Macanché,Macanche,,19.2667,-89.3333,Mexico,MX,MEX,Campeche,Campeche,MX-CAM,state,,7.7,,,5,America/Merida,FALSE,1484849048
El Llorón,El Lloron,,26.1569,-100.6540,Mexico,MX,MEX,Nuevo León,Nuevo Leon,MX-NLE,state,,0.6,,,5,America/Monterrey,FALSE,1484167847
Gaona,Gaona,,30.4000,-111.1000,Mexico,MX,MEX,Sonora,Sonora,MX-SON,state,,10.3,,,4,America/Hermosillo,FALSE,1484935373
Los Picaros,Los Picaros,,20.6938,-87.0300,Mexico,MX,MEX,Quintana Roo,Quintana Roo,MX-ROO,state,,1.8,,,5,America/Cancun,FALSE,1484429135
Presa Palomas,Presa Palomas,,24.7167,-101.8667,Mexico,MX,MEX,Zacatecas,Zacatecas,MX-ZAC,state,,2.6,,,5,America/Mexico_City,FALSE,1484406630
San José La Palma Delgadita,San Jose La Palma Delgadita,San José Palma Delgadita,23.0225,-102.6508,Mexico,MX,MEX,Zacatecas,Zacatecas,MX-ZAC,state,,8.3,,,5,America/Mexico_City,FALSE,1484027196
San José de la Trinidad,San Jose de la Trinidad,,19.7728,-101.1566,Mexico,MX,MEX,Michoacán,Michoacan,MX-MIC,state,,580.0,,,3,America/Mexico_City,FALSE,1484767887
Camino Real,Camino Real,,32.0405,-115.2091,Mexico,MX,MEX,Baja California,Baja California,MX-BCN,state,,3.3,,,5,America/Tijuana,FALSE,1484416682
Vuelta de San Mateo,Vuelta de San Mateo,,18.5136,-95.5487,Mexico,MX,MEX,Veracruz,Veracruz,MX-VER,state,,14.1,,,4,America/Mexico_City,FALSE,1484720225
Oroticpan,Oroticpan,,19.7712,-97.8295,Mexico,MX,MEX,Puebla,Puebla,MX-PUE,state,,23.9,,,4,America/Mexico_City,FALSE,1484206685
Pablo L. Sidar,Pablo L. Sidar,Pablo Sidar,15.8305,-92.2798,Mexico,MX,MEX,Chiapas,Chiapas,MX-CHP,state,,2555.0,,,2,America/Mexico_City,FALSE,1484016470
Los Pinos,Los Pinos,,17.0505,-100.1937,Mexico,MX,MEX,Guerrero,Guerrero,MX-GRO,state,,77.1,,,4,America/Mexico_City,FALSE,1484809056
Los Pinos,Los Pinos,,18.4836,-99.4213,Mexico,MX,MEX,Guerrero,Guerrero,MX-GRO,state,,59.2,,,4,America/Mexico_City,TRUE,1484013611
Los Pinos,Los Pinos,,17.3740,-100.8162,Mexico,MX,MEX,Guerrero,Guerrero,MX-GRO,state,,11.5,,,4,America/Mexico_City,TRUE,1484901094
Los Pinos,Los Pinos,,17.3200,-100.6927,Mexico,MX,MEX,Guerrero,Guerrero,MX-GRO,state,,4.6,,,5,America/Mexico_City,TRUE,1484214544
Los Pinos,Los Pinos,Pinos,18.4728,-101.6290,Mexico,MX,MEX,Guerrero,Guerrero,MX-GRO,state,,4.0,,,5,America/Mexico_City,TRUE,1484567981
Santa Martha,Santa Martha,,25.7950,-100.4381,Mexico,MX,MEX,Nuevo León,Nuevo Leon,MX-NLE,state,,19465.2,,,2,America/Monterrey,FALSE,1484059727
Santa Martha,Santa Martha,,25.8610,-100.1036,Mexico,MX,MEX,Nuevo León,Nuevo Leon,MX-NLE,state,,472.5,,,3,America/Monterrey,TRUE,1484224494
Santa Martha,Santa Martha,Santa Marta,25.9228,-100.2518,Mexico,MX,MEX,Nuevo León,Nuevo Leon,MX-NLE,state,,26.2,,,4,America/Monterrey,TRUE,1484082935
Santa Martha,Santa Martha,,25.0710,-99.6920,Mexico,MX,MEX,Nuevo León,Nuevo Leon,MX-NLE,state,,0.5,,,5,America/Monterrey,TRUE,1484402228
Oviedo Mota,Oviedo Mota,,32.0223,-115.0688,Mexico,MX,MEX,Baja California,Baja California,MX-BCN,state,,7.4,,,5,America/Tijuana,FALSE,1484642504
San José del Rancho,San Jose del Rancho,,23.7005,-109.9772,Mexico,MX,MEX,Baja California Sur,Baja California Sur,MX-BCS,state,,0.9,,,5,America/Mazatlan,FALSE,1484120812
El Cochinito,El Cochinito,,26.5405,-100.1413,Mexico,MX,MEX,Nuevo León,Nuevo Leon,MX-NLE,state,,5.2,,,5,America/Monterrey,FALSE,1484955100
El Colimal,El Colimal,,26.5167,-99.3000,Mexico,MX,MEX,Tamaulipas,Tamaulipas,MX-TAM,state,,0.0,,,5,America/Matamoros,FALSE,1484472685
María de la Luz Dos,Maria de la Luz Dos,,20.9719,-89.9551,Mexico,MX,MEX,Yucatán,Yucatan,MX-YUC,state,,4.6,,,5,America/Merida,FALSE,1484024134
Loma Macho,Loma Macho,,17.0358,-98.9222,Mexico,MX,MEX,Guerrero,Guerrero,MX-GRO,state,,63.9,,,4,America/Mexico_City,FALSE,1484627926
Dos Arbolitos,Dos Arbolitos,,17.5128,-95.5285,Mexico,MX,MEX,Oaxaca,Oaxaca,MX-OAX,state,,15.3,,,4,America/Mexico_City,FALSE,1484966288
Tucuruato,Tucuruato,Tucutuato,18.4929,-100.6174,Mexico,MX,MEX,Guerrero,Guerrero,MX-GRO,state,,21.2,,,4,America/Mexico_City,FALSE,1484385993
La Envidia,La Envidia,,15.1675,-92.7121,Mexico,MX,MEX,Chiapas,Chiapas,MX-CHP,state,,57.5,,,4,America/Mexico_City,FALSE,1484844156
La Envidia,La Envidia,,16.2480,-92.4839,Mexico,MX,MEX,Chiapas,Chiapas,MX-CHP,state,,33.1,,,4,America/Mexico_City,TRUE,1484664525
La Envidia,La Envidia,,15.7710,-93.1780,Mexico,MX,MEX,Chiapas,Chiapas,MX-CHP,state,,2.3,,,5,America/Mexico_City,TRUE,1484017562
Nonoava,Nonoava,,27.0004,-107.5018,Mexico,MX,MEX,Chihuahua,Chihuahua,MX-CHH,state,,10.2,,,4,America/Chihuahua,TRUE,1484051027
Nonoava,Nonoava,,27.1574,-107.1230,Mexico,MX,MEX,Chihuahua,Chihuahua,MX-CHH,state,,7.1,,,5,America/Chihuahua,TRUE,1484894652
Nonoava,Nonoava,,27.2956,-107.3659,Mexico,MX,MEX,Chihuahua,Chihuahua,MX-CHH,state,,6.4,,,5,America/Chihuahua,TRUE,1484531967
Nonoava,Nonoava,Nocoava,26.9857,-107.0324,Mexico,MX,MEX,Chihuahua,Chihuahua,MX-CHH,state,,4.4,,,5,America/Chihuahua,TRUE,1484781992
Catalán,Catalan,Catalanes,21.3223,-100.7357,Mexico,MX,MEX,Guanajuato,Guanajuato,MX-GUA,state,,47.1,,,4,America/Mexico_City,FALSE,1484922066
Chalchico,Chalchico,,18.3216,-97.0199,Mexico,MX,MEX,Puebla,Puebla,MX-PUE,state,,127.1,,,4,America/Mexico_City,FALSE,1484211660
El Espolón,El Espolon,,23.6957,-100.8540,Mexico,MX,MEX,San Luis Potosí,San Luis Potosi,MX-SLP,state,,7.8,,,5,America/Mexico_City,FALSE,1484173770
San Lorenzo Huehuetitlán,San Lorenzo Huehuetitlan,San Lorenzo,19.1351,-99.4824,Mexico,MX,MEX,México,Mexico,MX-MEX,state,,185.6,,,4,America/Mexico_City,FALSE,1484511822
Terreno Verde,Terreno Verde,,26.2140,-99.5712,Mexico,MX,MEX,Nuevo León,Nuevo Leon,MX-NLE,state,,0.8,,,5,America/Monterrey,FALSE,1484697699
La Cucha,La Cucha,,18.8117,-102.4546,Mexico,MX,MEX,Michoacán,Michoacan,MX-MIC,state,,2.2,,,5,America/Mexico_City,FALSE,1484580265
Proaño,Proano,,23.1333,-102.8833,Mexico,MX,MEX,Zacatecas,Zacatecas,MX-ZAC,state,,15.2,,,4,America/Mexico_City,FALSE,1484348946
Proaño,Proano,Puro Año,23.7371,-103.6679,Mexico,MX,MEX,Zacatecas,Zacatecas,MX-ZAC,state,,10.0,,,5,America/Mexico_City,TRUE,1484015613
Cruz de Omitlán,Cruz de Omitlan,,20.1648,-98.6240,Mexico,MX,MEX,Hidalgo,Hidalgo,MX-HID,state,,190.7,,,4,America/Mexico_City,FALSE,1484008338
Casva,Casva,,20.9724,-89.5091,Mexico,MX,MEX,Yucatán,Yucatan,MX-YUC,state,,32.2,,,4,America/Merida,FALSE,1484002647