city,city_ascii,city_alt,lat,lng,country,iso2,iso3,admin_name,admin_name_ascii,admin_code,admin_type,capital,density,population,population_proper,ranking,timezone,same_name,id
Kapavice,Kapavice,Kapavica,42.8925,18.5936,Montenegro,ME,MNE,Nikšić,Niksic,ME-12,municipality,,35.4,,,4,Europe/Podgorica,FALSE,1499883266
Kopilov Do,Kopilov Do,,42.6792,18.6786,Montenegro,ME,MNE,Nikšić,Niksic,ME-12,municipality,,35.4,,,4,Europe/Podgorica,FALSE,1499393927
Čestogaz,Cestogaz,,42.7075,19.5017,Montenegro,ME,MNE,Podgorica,Podgorica,ME-16,municipality,,118.4,,,4,Europe/Podgorica,FALSE,1499611651
Pačkov Do,Packov Do,,42.4589,18.8278,Montenegro,ME,MNE,Cetinje,Cetinje,ME-06,municipality,,16.1,,,4,Europe/Podgorica,FALSE,1499316561
Gornji Murići,Gornji Murici,,42.1503,19.2006,Montenegro,ME,MNE,Bar,Bar,ME-02,municipality,,99.4,,,4,Europe/Podgorica,FALSE,1499240586
Kvekići,Kvekici,,42.4611,18.5467,Montenegro,ME,MNE,Herceg Novi,Herceg Novi,ME-08,municipality,,117.9,,,4,Europe/Podgorica,FALSE,1499775405
Skok,Skok,,42.9672,19.0719,Montenegro,ME,MNE,Šavnik,Savnik,ME-18,municipality,,2.6,,,5,Europe/Podgorica,FALSE,1499211076
Kuta,Kuta,Kuti,42.7794,19.3108,Montenegro,ME,MNE,Kolašin,Kolasin,ME-09,municipality,,8.3,,,5,Europe/Podgorica,FALSE,1499253390
Opačac,Opacac,,42.2536,19.0256,Montenegro,ME,MNE,Bar,Bar,ME-02,municipality,,99.4,,,4,Europe/Podgorica,FALSE,1499378278
Podvoda,Podvoda,,43.2381,18.8750,Montenegro,ME,MNE,Plužine,Pluzine,ME-15,municipality,,2.6,,,5,Europe/Podgorica,FALSE,1499790867
Trnjine,Trnjine,Trnine,42.5639,18.8603,Montenegro,ME,MNE,Cetinje,Cetinje,ME-06,municipality,,16.1,,,4,Europe/Podgorica,FALSE,1499843539
Kruševo,Krusevo,,43.2772,19.2681,Montenegro,ME,MNE,Pljevlja,Pljevlja,ME-14,municipality,,17.2,,,4,Europe/Podgorica,FALSE,1499763861
Šurlin Do,Surlin Do,,42.7981,18.6942,Montenegro,ME,MNE,Nikšić,Niksic,ME-12,municipality,,35.4,,,4,Europe/Podgorica,FALSE,1499596729
Banjevac,Banjevac,,42.8269,19.8197,Montenegro,ME,MNE,Berane,Berane,ME-03,municipality,,45.3,,,4,Europe/Podgorica,FALSE,1499346169
Markovići,Markovici,,42.4294,19.0933,Montenegro,ME,MNE,Podgorica,Podgorica,ME-16,municipality,,156.7,,,4,Europe/Podgorica,FALSE,1499806379
Donja Markovina,Donja Markovina,,42.5297,19.0100,Montenegro,ME,MNE,Danilovgrad,Danilovgrad,ME-07,municipality,,42.4,,,4,Europe/Podgorica,FALSE,1499563281
Podgrađe,Podgrade,Podgradje,42.9192,19.8681,Montenegro,ME,MNE,Berane,Berane,ME-03,municipality,,40.3,,,4,Europe/Podgorica,FALSE,1499129416
Markovina,Markovina,,42.8203,18.4744,Montenegro,ME,MNE,Nikšić,Niksic,ME-12,municipality,,14.3,,,4,Europe/Podgorica,FALSE,1499493986
Delići,Delici,,43.3367,19.3756,Montenegro,ME,MNE,Pljevlja,Pljevlja,ME-14,municipality,,17.2,,,4,Europe/Podgorica,FALSE,1499051538
Kačunica,Kacunica,,42.5328,18.4544,Montenegro,ME,MNE,Herceg Novi,Herceg Novi,ME-08,municipality,,34.6,,,4,Europe/Podgorica,FALSE,1499121441
Šuševina,Susevina,,43.0922,19.6878,Montenegro,ME,MNE,Bijelo Polje,Bijelo Polje,ME-04,municipality,,36.0,,,4,Europe/Podgorica,FALSE,1499075172
Gornja Mala,Gornja Mala,,42.7867,19.9319,Montenegro,ME,MNE,Berane,Berane,ME-03,municipality,,45.3,,,4,Europe/Podgorica,FALSE,1499657418
Vrh Polja,Vrh Polja,Na Vrh Polja,42.4283,18.8231,Montenegro,ME,MNE,Cetinje,Cetinje,ME-06,municipality,,16.1,,,4,Europe/Podgorica,FALSE,1499327061
Požnja,Poznja,,42.8303,19.3264,Montenegro,ME,MNE,Kolašin,Kolasin,ME-09,municipality,,8.3,,,5,Europe/Podgorica,FALSE,1499824826
Veliđe,Velide,Veliđa|Velidje,42.8728,19.8389,Montenegro,ME,MNE,Berane,Berane,ME-03,municipality,,45.3,,,4,Europe/Podgorica,FALSE,1499980263
Braka,Braka,,42.4403,19.3950,Montenegro,ME,MNE,Tuzi,Tuzi,ME-24,municipality,,156.7,,,4,Europe/Podgorica,FALSE,1499183647
Rovine,Rovine,,42.7917,19.2911,Montenegro,ME,MNE,Kolašin,Kolasin,ME-09,municipality,,8.3,,,5,Europe/Podgorica,FALSE,1499949341
Ribnjak,Ribnjak,,42.7969,18.9078,Montenegro,ME,MNE,Nikšić,Niksic,ME-12,municipality,,35.4,,,4,Europe/Podgorica,FALSE,1499820582
Kovčica,Kovcica,,43.0958,19.1275,Montenegro,ME,MNE,Žabljak,Zabljak,ME-21,municipality,,6.9,,,5,Europe/Podgorica,FALSE,1499966740
Orašac,Orasac,,43.3003,19.2219,Montenegro,ME,MNE,Pljevlja,Pljevlja,ME-14,municipality,,17.2,,,4,Europe/Podgorica,FALSE,1499431263
Orašac,Orasac,,43.1039,19.3656,Montenegro,ME,MNE,Pljevlja,Pljevlja,ME-14,municipality,,17.2,,,4,Europe/Podgorica,TRUE,1499163020
Višnje,Visnje,,42.7947,19.2825,Montenegro,ME,MNE,Kolašin,Kolasin,ME-09,municipality,,8.3,,,5,Europe/Podgorica,FALSE,1499786425
Podstrana,Podstrana,,42.4061,19.1558,Montenegro,ME,MNE,Podgorica,Podgorica,ME-16,municipality,,156.7,,,4,Europe/Podgorica,FALSE,1499284164
Milušina Pećina,Milusina Pecina,,42.5050,18.9022,Montenegro,ME,MNE,Cetinje,Cetinje,ME-06,municipality,,16.1,,,4,Europe/Podgorica,FALSE,1499235771
Ivanova Korita,Ivanova Korita,,42.3814,18.8344,Montenegro,ME,MNE,Cetinje,Cetinje,ME-06,municipality,,16.1,,,4,Europe/Podgorica,FALSE,1499875296
Čaušev Do,Causev Do,,43.4631,19.1892,Montenegro,ME,MNE,Pljevlja,Pljevlja,ME-14,municipality,,17.2,,,4,Europe/Podgorica,FALSE,1499275503
Zagaj,Zagaj,,42.5503,18.7994,Montenegro,ME,MNE,Cetinje,Cetinje,ME-06,municipality,,16.1,,,4,Europe/Podgorica,FALSE,1499453286
Luge,Luge,,42.8825,18.6678,Montenegro,ME,MNE,Nikšić,Niksic,ME-12,municipality,,35.4,,,4,Europe/Podgorica,FALSE,1499685777
Krstače,Krstace,,42.5672,18.6319,Montenegro,ME,MNE,Kotor,Kotor,ME-10,municipality,,87.1,,,4,Europe/Podgorica,FALSE,1499895216
Mokro,Mokro,,42.6050,19.5708,Montenegro,ME,MNE,Podgorica,Podgorica,ME-16,municipality,,156.7,,,4,Europe/Podgorica,FALSE,1499893353
Dračinovac,Dracinovac,,42.8989,20.3453,Montenegro,ME,MNE,Rožaje,Rozaje,ME-17,municipality,,46.9,,,4,Europe/Podgorica,FALSE,1499839260
Ravanj,Ravanj,Ravan,42.0294,19.1525,Montenegro,ME,MNE,Bar,Bar,ME-02,municipality,,92.3,,,4,Europe/Podgorica,FALSE,1499129560
Podlazina,Podlazina,,42.6597,18.6269,Montenegro,ME,MNE,Nikšić,Niksic,ME-12,municipality,,35.4,,,4,Europe/Podgorica,FALSE,1499110012
Gačevići,Gacevici,,42.4436,18.7889,Montenegro,ME,MNE,Cetinje,Cetinje,ME-06,municipality,,52.2,,,4,Europe/Podgorica,FALSE,1499694728
Vukoderica,Vukoderica,,42.8222,19.9017,Montenegro,ME,MNE,Berane,Berane,ME-03,municipality,,45.3,,,4,Europe/Podgorica,FALSE,1499555677
Jagnjile,Jagnjile,,43.3492,19.3961,Montenegro,ME,MNE,Pljevlja,Pljevlja,ME-14,municipality,,17.2,,,4,Europe/Podgorica,FALSE,1499853661
Popratnice,Popratnice,Popratnica,42.2683,19.0486,Montenegro,ME,MNE,Bar,Bar,ME-02,municipality,,99.4,,,4,Europe/Podgorica,FALSE,1499242616
Garevac,Garevac,,42.9217,18.5722,Montenegro,ME,MNE,Nikšić,Niksic,ME-12,municipality,,35.4,,,4,Europe/Podgorica,FALSE,1499831530
Markovići,Markovici,,42.3081,18.8511,Montenegro,ME,MNE,Budva,Budva,ME-05,municipality,,169.8,,,4,Europe/Podgorica,FALSE,1499202025
Zaštek,Zastek,,42.3056,19.0433,Montenegro,ME,MNE,Bar,Bar,ME-02,municipality,,99.4,,,4,Europe/Podgorica,FALSE,1499348962
Krstače,Krstace,Krstača,43.4678,19.1250,Montenegro,ME,MNE,Pljevlja,Pljevlja,ME-14,municipality,,17.2,,,4,Europe/Podgorica,FALSE,1499958989
Tepačko Polje,Tepacko Polje,Ćiperovača,43.1647,19.1567,Montenegro,ME,MNE,Žabljak,Zabljak,ME-21,municipality,,6.9,,,5,Europe/Podgorica,FALSE,1499458823
Šip,Sip,,43.0714,19.1400,Montenegro,ME,MNE,Žabljak,Zabljak,ME-21,municipality,,6.9,,,5,Europe/Podgorica,FALSE,1499454598
Dobroseoska Merulja,Dobroseoska Merulja,,43.0722,19.1650,Montenegro,ME,MNE,Žabljak,Zabljak,ME-21,municipality,,6.9,,,5,Europe/Podgorica,FALSE,1499038698
Sjerogošte,Sjerogoste,Sjenogošte,42.8978,19.5369,Montenegro,ME,MNE,Kolašin,Kolasin,ME-09,municipality,,20.8,,,4,Europe/Podgorica,FALSE,1499205087
Krstaši,Krstasi,,43.4519,19.2364,Montenegro,ME,MNE,Pljevlja,Pljevlja,ME-14,municipality,,17.2,,,4,Europe/Podgorica,FALSE,1499677488
Šipčanik,Sipcanik,,42.3689,19.3181,Montenegro,ME,MNE,Tuzi,Tuzi,ME-24,municipality,,156.7,,,4,Europe/Podgorica,FALSE,1499712964
Savrdak,Savrdak,,42.6956,19.7631,Montenegro,ME,MNE,Andrijevica,Andrijevica,ME-01,municipality,,12.7,,,4,Europe/Podgorica,FALSE,1499167679
Dovišta,Dovista,,43.3856,19.1956,Montenegro,ME,MNE,Pljevlja,Pljevlja,ME-14,municipality,,17.2,,,4,Europe/Podgorica,FALSE,1499457977
Mjedenik,Mjedenik,,43.4225,19.0453,Montenegro,ME,MNE,Pljevlja,Pljevlja,ME-14,municipality,,17.2,,,4,Europe/Podgorica,FALSE,1499211841
Zmijina,Zmijina,,42.5806,19.3867,Montenegro,ME,MNE,Podgorica,Podgorica,ME-16,municipality,,156.7,,,4,Europe/Podgorica,FALSE,1499532808
Kapavica,Kapavica,,42.6311,18.7892,Montenegro,ME,MNE,Cetinje,Cetinje,ME-06,municipality,,16.1,,,4,Europe/Podgorica,FALSE,1499412199
Milijevići,Milijevici,,42.4464,18.8861,Montenegro,ME,MNE,Cetinje,Cetinje,ME-06,municipality,,16.1,,,4,Europe/Podgorica,FALSE,1499941006
Arapi,Arapi,,42.7867,18.7631,Montenegro,ME,MNE,Nikšić,Niksic,ME-12,municipality,,35.4,,,4,Europe/Podgorica,FALSE,1499826392
Kovačevići,Kovacevici,,43.4728,19.0147,Montenegro,ME,MNE,Pljevlja,Pljevlja,ME-14,municipality,,17.2,,,4,Europe/Podgorica,FALSE,1499290074
Mekića Do,Mekica Do,,42.7572,18.6661,Montenegro,ME,MNE,Nikšić,Niksic,ME-12,municipality,,35.4,,,4,Europe/Podgorica,FALSE,1499091792
Živkov Do,Zivkov Do,,43.4464,19.1692,Montenegro,ME,MNE,Pljevlja,Pljevlja,ME-14,municipality,,17.2,,,4,Europe/Podgorica,FALSE,1499000954
Gornić,Gornic,,42.3839,18.8892,Montenegro,ME,MNE,Cetinje,Cetinje,ME-06,municipality,,16.1,,,4,Europe/Podgorica,FALSE,1499354292
Husići,Husici,Sjerač,42.1025,19.2989,Montenegro,ME,MNE,Bar,Bar,ME-02,municipality,,99.4,,,4,Europe/Podgorica,FALSE,1499787145
Rasova,Rasova,,43.1478,19.2692,Montenegro,ME,MNE,Pljevlja,Pljevlja,ME-14,municipality,,17.2,,,4,Europe/Podgorica,FALSE,1499664792
Jelovac,Jelovac,,43.2472,19.5047,Montenegro,ME,MNE,Pljevlja,Pljevlja,ME-14,municipality,,17.2,,,4,Europe/Podgorica,FALSE,1499311744
Špilje,Spilje,,42.4544,18.4864,Montenegro,ME,MNE,Herceg Novi,Herceg Novi,ME-08,municipality,,34.6,,,4,Europe/Podgorica,FALSE,1499509206
Crnci,Crnci,,42.5392,19.2139,Montenegro,ME,MNE,Podgorica,Podgorica,ME-16,municipality,,42.4,,,4,Europe/Podgorica,FALSE,1499845148
Sedlari,Sedlari,,43.3736,19.2425,Montenegro,ME,MNE,Pljevlja,Pljevlja,ME-14,municipality,,17.2,,,4,Europe/Podgorica,FALSE,1499643572
Sedlari,Sedlari,,43.1717,18.7831,Montenegro,ME,MNE,Plužine,Pluzine,ME-15,municipality,,2.6,,,5,Europe/Podgorica,FALSE,1499506394
Stubica,Stubica,,42.7011,18.9786,Montenegro,ME,MNE,Nikšić,Niksic,ME-12,municipality,,35.4,,,4,Europe/Podgorica,FALSE,1499899715
Mala Zagreda,Mala Zagreda,,42.5303,19.0828,Montenegro,ME,MNE,Danilovgrad,Danilovgrad,ME-07,municipality,,42.4,,,4,Europe/Podgorica,FALSE,1499817232
Kovačica,Kovacica,,42.6508,19.4858,Montenegro,ME,MNE,Podgorica,Podgorica,ME-16,municipality,,156.7,,,4,Europe/Podgorica,FALSE,1499596131
Jasenova Klada,Jasenova Klada,,42.7436,19.6133,Montenegro,ME,MNE,Kolašin,Kolasin,ME-09,municipality,,8.3,,,5,Europe/Podgorica,FALSE,1499997538
Reparica,Reparica,,42.9497,20.2069,Montenegro,ME,MNE,Rožaje,Rozaje,ME-17,municipality,,52.0,,,4,Europe/Podgorica,FALSE,1499711767
Obalice,Obalice,Obalica,42.4536,18.6108,Montenegro,ME,MNE,Herceg Novi,Herceg Novi,ME-08,municipality,,117.9,,,4,Europe/Podgorica,FALSE,1499268584
Dodići,Dodici,,42.0719,19.3428,Montenegro,ME,MNE,Ulcinj,Ulcinj,ME-20,municipality,,64.1,,,4,Europe/Podgorica,FALSE,1499579196
Vrbica,Vrbica,,42.4056,18.9203,Montenegro,ME,MNE,Cetinje,Cetinje,ME-06,municipality,,16.1,,,4,Europe/Podgorica,FALSE,1499356823
Ćeća,Ceca,,42.7253,19.3725,Montenegro,ME,MNE,Kolašin,Kolasin,ME-09,municipality,,8.3,,,5,Europe/Podgorica,FALSE,1499511525
Rijeka,Rijeka,,42.2272,18.9100,Montenegro,ME,MNE,Budva,Budva,ME-05,municipality,,169.8,,,4,Europe/Podgorica,FALSE,1499196145
Rogači,Rogaci,,43.0192,18.5239,Montenegro,ME,MNE,Nikšić,Niksic,ME-12,municipality,,18.0,,,4,Europe/Podgorica,FALSE,1499729644
Raljevci,Raljevci,,42.9694,19.6825,Montenegro,ME,MNE,Bijelo Polje,Bijelo Polje,ME-04,municipality,,36.0,,,4,Europe/Podgorica,FALSE,1499052872
Ćepetići,Cepetici,,42.4361,19.0492,Montenegro,ME,MNE,Cetinje,Cetinje,ME-06,municipality,,16.1,,,4,Europe/Podgorica,FALSE,1499339529
Glibavac,Glibavac,,43.0583,19.6581,Montenegro,ME,MNE,Bijelo Polje,Bijelo Polje,ME-04,municipality,,36.0,,,4,Europe/Podgorica,FALSE,1499834104
Midžorove Kuće,Midzorove Kuce,,42.1953,18.9631,Montenegro,ME,MNE,Budva,Budva,ME-05,municipality,,169.8,,,4,Europe/Podgorica,FALSE,1499371147
Rijeka,Rijeka,,42.7250,19.4522,Montenegro,ME,MNE,Kolašin,Kolasin,ME-09,municipality,,8.3,,,5,Europe/Podgorica,FALSE,1499656394
Rijeka,Rijeka,,42.7567,19.3664,Montenegro,ME,MNE,Kolašin,Kolasin,ME-09,municipality,,8.3,,,5,Europe/Podgorica,TRUE,1499732084
Briska Gora,Briska Gora,,41.9703,19.3033,Montenegro,ME,MNE,Ulcinj,Ulcinj,ME-20,municipality,,64.1,,,4,Europe/Podgorica,FALSE,1499658647
Obzovica,Obzovica,,42.3144,18.9358,Montenegro,ME,MNE,Cetinje,Cetinje,ME-06,municipality,,16.1,,,4,Europe/Podgorica,FALSE,1499131011
Elezov Do,Elezov Do,,42.6903,18.6650,Montenegro,ME,MNE,Nikšić,Niksic,ME-12,municipality,,35.4,,,4,Europe/Podgorica,FALSE,1499134918
Donje Kunovo,Donje Kunovo,,42.7864,19.0189,Montenegro,ME,MNE,Nikšić,Niksic,ME-12,municipality,,35.4,,,4,Europe/Podgorica,FALSE,1499860958
Maslari,Maslari,,42.7539,19.9125,Montenegro,ME,MNE,Berane,Berane,ME-03,municipality,,45.3,,,4,Europe/Podgorica,FALSE,1499761661
Bujkovići,Bujkovici,,42.3844,18.7667,Montenegro,ME,MNE,Kotor,Kotor,ME-10,municipality,,87.1,,,4,Europe/Podgorica,FALSE,1499180054
Macavare,Macavare,,42.8728,18.5567,Montenegro,ME,MNE,Nikšić,Niksic,ME-12,municipality,,35.4,,,4,Europe/Podgorica,FALSE,1499947438
Metalica,Metalica,,43.1358,19.7403,Montenegro,ME,MNE,Bijelo Polje,Bijelo Polje,ME-04,municipality,,36.0,,,4,Europe/Podgorica,FALSE,1499130710
Tomići,Tomici,,42.2522,18.9986,Montenegro,ME,MNE,Bar,Bar,ME-02,municipality,,99.4,,,4,Europe/Podgorica,FALSE,1499659343
Bulje,Bulje,,42.7044,19.3675,Montenegro,ME,MNE,Kolašin,Kolasin,ME-09,municipality,,8.3,,,5,Europe/Podgorica,FALSE,1499128307
Bučje,Bucje,Vučje,43.3400,19.2650,Montenegro,ME,MNE,Pljevlja,Pljevlja,ME-14,municipality,,17.2,,,4,Europe/Podgorica,FALSE,1499269250
Omar,Omar,,43.2011,19.1614,Montenegro,ME,MNE,Pljevlja,Pljevlja,ME-14,municipality,,17.2,,,4,Europe/Podgorica,FALSE,1499169751
Jašovići,Jasovici,,42.7425,19.9092,Montenegro,ME,MNE,Berane,Berane,ME-03,municipality,,45.3,,,4,Europe/Podgorica,FALSE,1499424087
Buljuša,Buljusa,Gnjilavi Do,42.9200,18.5917,Montenegro,ME,MNE,Nikšić,Niksic,ME-12,municipality,,35.4,,,4,Europe/Podgorica,FALSE,1499769830
Tamnice,Tamnice,,42.7381,19.4931,Montenegro,ME,MNE,Kolašin,Kolasin,ME-09,municipality,,8.3,,,5,Europe/Podgorica,FALSE,1499840965
Lazba,Lazba,,42.7456,19.3422,Montenegro,ME,MNE,Kolašin,Kolasin,ME-09,municipality,,8.3,,,5,Europe/Podgorica,FALSE,1499652378
Trešnjevik,Tresnjevik,Tresnjevic,42.7433,19.7028,Montenegro,ME,MNE,Andrijevica,Andrijevica,ME-01,municipality,,12.7,,,4,Europe/Podgorica,FALSE,1499774138
Dragovo Korito,Dragovo Korito,,42.9572,18.5825,Montenegro,ME,MNE,Nikšić,Niksic,ME-12,municipality,,35.4,,,4,Europe/Podgorica,FALSE,1499542531
Zminica,Zminica,,43.0931,19.2525,Montenegro,ME,MNE,Žabljak,Zabljak,ME-21,municipality,,6.9,,,5,Europe/Podgorica,FALSE,1499346427
Jabuka,Jabuka,,42.5414,18.7964,Montenegro,ME,MNE,Cetinje,Cetinje,ME-06,municipality,,16.1,,,4,Europe/Podgorica,FALSE,1499439323
Jabuka,Jabuka,,42.5569,18.8553,Montenegro,ME,MNE,Cetinje,Cetinje,ME-06,municipality,,16.1,,,4,Europe/Podgorica,TRUE,1499147992
Jabuka,Jabuka,,42.4228,18.9150,Montenegro,ME,MNE,Cetinje,Cetinje,ME-06,municipality,,16.1,,,4,Europe/Podgorica,TRUE,1499982450
Brčve,Brcve,,43.0931,19.7936,Montenegro,ME,MNE,Bijelo Polje,Bijelo Polje,ME-04,municipality,,36.0,,,4,Europe/Podgorica,FALSE,1499373150
Zavraca,Zavraca,Zavraci,42.8433,19.3050,Montenegro,ME,MNE,Kolašin,Kolasin,ME-09,municipality,,8.3,,,5,Europe/Podgorica,FALSE,1499909315
Boždarev Do,Bozdarev Do,,42.6631,18.6908,Montenegro,ME,MNE,Cetinje,Cetinje,ME-06,municipality,,35.4,,,4,Europe/Podgorica,FALSE,1499069411
Donja Lastva,Donja Lastva,,42.5708,18.9556,Montenegro,ME,MNE,Cetinje,Cetinje,ME-06,municipality,,16.1,,,4,Europe/Podgorica,FALSE,1499337840
Krlje,Krlje,Kralje,42.9214,19.8492,Montenegro,ME,MNE,Berane,Berane,ME-03,municipality,,36.8,,,4,Europe/Podgorica,FALSE,1499229245
Građani,Gradani,,42.2714,19.0022,Montenegro,ME,MNE,Bar,Bar,ME-02,municipality,,99.4,,,4,Europe/Podgorica,FALSE,1499399117
Smreka,Smreka,,42.7219,19.3439,Montenegro,ME,MNE,Kolašin,Kolasin,ME-09,municipality,,8.3,,,5,Europe/Podgorica,FALSE,1499715416
Pometenik,Pometenik,,42.7981,18.7625,Montenegro,ME,MNE,Nikšić,Niksic,ME-12,municipality,,35.4,,,4,Europe/Podgorica,FALSE,1499072564
Katun,Katun,Katun Reževići,42.2164,18.9233,Montenegro,ME,MNE,Budva,Budva,ME-05,municipality,,169.8,,,4,Europe/Podgorica,FALSE,1499148089
Lemeš,Lemes,,43.1494,19.7753,Montenegro,ME,MNE,Bijelo Polje,Bijelo Polje,ME-04,municipality,,28.3,,,4,Europe/Podgorica,FALSE,1499297697
Bukovi Kraj,Bukovi Kraj,,43.1381,19.5878,Montenegro,ME,MNE,Bijelo Polje,Bijelo Polje,ME-04,municipality,,36.0,,,4,Europe/Podgorica,FALSE,1499979032
Zajedni Do,Zajedni Do,,43.1878,19.3447,Montenegro,ME,MNE,Pljevlja,Pljevlja,ME-14,municipality,,17.2,,,4,Europe/Podgorica,FALSE,1499798079
Jelovi Do,Jelovi Do,,42.6417,18.7906,Montenegro,ME,MNE,Cetinje,Cetinje,ME-06,municipality,,16.1,,,4,Europe/Podgorica,FALSE,1499321764
Vuči Do,Vuci Do,,42.5592,18.6367,Montenegro,ME,MNE,Kotor,Kotor,ME-10,municipality,,87.1,,,4,Europe/Podgorica,FALSE,1499873709
Piskav Do,Piskav Do,,42.5642,19.2806,Montenegro,ME,MNE,Podgorica,Podgorica,ME-16,municipality,,156.7,,,4,Europe/Podgorica,FALSE,1499812493
Vela Luka,Vela Luka,,42.4983,19.3133,Montenegro,ME,MNE,Podgorica,Podgorica,ME-16,municipality,,156.7,,,4,Europe/Podgorica,FALSE,1499167491
Bokšin Do,Boksin Do,,42.6686,18.6683,Montenegro,ME,MNE,Nikšić,Niksic,ME-12,municipality,,35.4,,,4,Europe/Podgorica,FALSE,1499387015
Donji Planik,Donji Planik,Mrkajići,42.7542,18.5125,Montenegro,ME,MNE,Nikšić,Niksic,ME-12,municipality,,34.6,,,4,Europe/Podgorica,FALSE,1499948071
Čelj,Celj,,42.5200,19.3494,Montenegro,ME,MNE,Podgorica,Podgorica,ME-16,municipality,,156.7,,,4,Europe/Podgorica,FALSE,1499012134
Novakovića Do,Novakovica Do,,42.9644,18.5722,Montenegro,ME,MNE,Nikšić,Niksic,ME-12,municipality,,35.4,,,4,Europe/Podgorica,FALSE,1499124314
Korito,Korito,,42.9608,18.7200,Montenegro,ME,MNE,Nikšić,Niksic,ME-12,municipality,,35.4,,,4,Europe/Podgorica,FALSE,1499916762
Goločevci,Golocevci,,43.3417,19.3017,Montenegro,ME,MNE,Pljevlja,Pljevlja,ME-14,municipality,,17.2,,,4,Europe/Podgorica,FALSE,1499674601
Rova,Rova,,42.5903,19.1008,Montenegro,ME,MNE,Danilovgrad,Danilovgrad,ME-07,municipality,,42.4,,,4,Europe/Podgorica,FALSE,1499836780
Grkavac,Grkavac,Grkovac,42.5475,18.7125,Montenegro,ME,MNE,Cetinje,Cetinje,ME-06,municipality,,87.1,,,4,Europe/Podgorica,FALSE,1499910091
Razmuće,Razmuce,,42.6958,18.7125,Montenegro,ME,MNE,Nikšić,Niksic,ME-12,municipality,,35.4,,,4,Europe/Podgorica,FALSE,1499974461
Lukin Vir,Lukin Vir,,42.7675,19.8233,Montenegro,ME,MNE,Andrijevica,Andrijevica,ME-01,municipality,,45.3,,,4,Europe/Podgorica,FALSE,1499855296
Slavkovo Brdo,Slavkovo Brdo,,42.9872,19.5958,Montenegro,ME,MNE,Mojkovac,Mojkovac,ME-11,municipality,,20.8,,,4,Europe/Podgorica,FALSE,1499051124
Uvač,Uvac,,42.7142,19.5064,Montenegro,ME,MNE,Podgorica,Podgorica,ME-16,municipality,,42.1,,,4,Europe/Podgorica,FALSE,1499638165
Jelića Dolina,Jelica Dolina,,42.9497,19.2242,Montenegro,ME,MNE,Šavnik,Savnik,ME-18,municipality,,2.6,,,5,Europe/Podgorica,FALSE,1499844513
Brda,Brda,,42.4428,18.8739,Montenegro,ME,MNE,Cetinje,Cetinje,ME-06,municipality,,16.1,,,4,Europe/Podgorica,FALSE,1499678937
Brda,Brda,,42.2192,18.9511,Montenegro,ME,MNE,Budva,Budva,ME-05,municipality,,169.8,,0,4,Europe/Podgorica,FALSE,1499628500
Javljen,Javljen,,42.9881,18.7322,Montenegro,ME,MNE,Nikšić,Niksic,ME-12,municipality,,35.4,,,4,Europe/Podgorica,FALSE,1499580417
Mrke Ploče,Mrke Ploce,,42.5942,18.8161,Montenegro,ME,MNE,Cetinje,Cetinje,ME-06,municipality,,16.1,,,4,Europe/Podgorica,FALSE,1499308697
Kartali,Kartali,,43.2644,19.4461,Montenegro,ME,MNE,Pljevlja,Pljevlja,ME-14,municipality,,17.2,,,4,Europe/Podgorica,FALSE,1499144306
Kokoravac,Kokoravac,,42.8514,19.3650,Montenegro,ME,MNE,Kolašin,Kolasin,ME-09,municipality,,8.3,,,5,Europe/Podgorica,FALSE,1499119809
Kosme,Kosme,,42.9525,19.8872,Montenegro,ME,MNE,Bijelo Polje,Bijelo Polje,ME-04,municipality,,36.0,,,4,Europe/Podgorica,FALSE,1499100615
Donja Ibrija,Donja Ibrija,,42.7525,19.3600,Montenegro,ME,MNE,Kolašin,Kolasin,ME-09,municipality,,8.3,,,5,Europe/Podgorica,FALSE,1499542142
Oblo Brdo,Oblo Brdo,,42.7247,19.7386,Montenegro,ME,MNE,Andrijevica,Andrijevica,ME-01,municipality,,12.7,,,4,Europe/Podgorica,FALSE,1499731296
Rošca,Rosca,,42.6597,19.0114,Montenegro,ME,MNE,Danilovgrad,Danilovgrad,ME-07,municipality,,37.6,,,4,Europe/Podgorica,FALSE,1499270229
Metaljka,Metaljka,,43.3669,19.2208,Montenegro,ME,MNE,Pljevlja,Pljevlja,ME-14,municipality,,17.2,,,4,Europe/Podgorica,TRUE,1499740084
Metaljka,Metaljka,,43.4603,19.1839,Montenegro,ME,MNE,Pljevlja,Pljevlja,ME-14,municipality,,17.2,,,4,Europe/Podgorica,TRUE,1499036082
Vlaovići,Vlaovici,,42.4853,18.4833,Montenegro,ME,MNE,Herceg Novi,Herceg Novi,ME-08,municipality,,116.9,,,4,Europe/Podgorica,FALSE,1499670972
Rajovići,Rajovici,,42.4925,19.4033,Montenegro,ME,MNE,Podgorica,Podgorica,ME-16,municipality,,156.7,,,4,Europe/Podgorica,FALSE,1499849279
Madguš,Madgus,Magaš,42.0736,19.2814,Montenegro,ME,MNE,Ulcinj,Ulcinj,ME-20,municipality,,64.1,,,4,Europe/Podgorica,FALSE,1499615613
Kamiševo,Kamisevo,,42.6711,18.5786,Montenegro,ME,MNE,Nikšić,Niksic,ME-12,municipality,,35.1,,,4,Europe/Podgorica,FALSE,1499991617
Zlatna Obala,Zlatna Obala,,42.1314,19.0628,Montenegro,ME,MNE,Bar,Bar,ME-02,municipality,,99.4,,,4,Europe/Podgorica,FALSE,1499277024
Ravni Laz,Ravni Laz,,42.5125,19.2458,Montenegro,ME,MNE,Podgorica,Podgorica,ME-16,municipality,,156.7,,,4,Europe/Podgorica,FALSE,1499072907
Orasi,Orasi,,42.4581,19.0228,Montenegro,ME,MNE,Cetinje,Cetinje,ME-06,municipality,,16.1,,,4,Europe/Podgorica,FALSE,1499373727
Odrin,Odrin,,43.0117,19.7886,Montenegro,ME,MNE,Bijelo Polje,Bijelo Polje,ME-04,municipality,,36.0,,,4,Europe/Podgorica,FALSE,1499744516
Alagin Do,Alagin Do,,42.8469,18.5422,Montenegro,ME,MNE,Nikšić,Niksic,ME-12,municipality,,35.4,,,4,Europe/Podgorica,FALSE,1499791945
Dubrave,Dubrave,,42.5583,19.0564,Montenegro,ME,MNE,Danilovgrad,Danilovgrad,ME-07,municipality,,42.4,,,4,Europe/Podgorica,FALSE,1499465531
Dubrave,Dubrave,,43.0792,19.7447,Montenegro,ME,MNE,Bijelo Polje,Bijelo Polje,ME-04,municipality,,36.0,,,4,Europe/Podgorica,FALSE,1499210175
Podvrat,Podvrat,,42.1900,19.1939,Montenegro,ME,MNE,Bar,Bar,ME-02,municipality,,99.4,,,4,Europe/Podgorica,FALSE,1499872860
Mrčava,Mrcava,,43.0853,19.3447,Montenegro,ME,MNE,Žabljak,Zabljak,ME-21,municipality,,9.2,,,5,Europe/Podgorica,FALSE,1499349306
Krapina,Krapina,,42.3181,18.8269,Montenegro,ME,MNE,Budva,Budva,ME-05,municipality,,169.8,,,4,Europe/Podgorica,FALSE,1499375101
Trnavice,Trnavice,,42.9336,20.0081,Montenegro,ME,MNE,Petnjica,Petnjica,ME-23,municipality,,45.3,,,4,Europe/Podgorica,FALSE,1499762679
Zaugline,Zaugline,,43.3597,19.1181,Montenegro,ME,MNE,Pljevlja,Pljevlja,ME-14,municipality,,17.2,,,4,Europe/Podgorica,FALSE,1499474356
Ðakov Do,Dakov Do,,42.5894,18.8664,Montenegro,ME,MNE,Cetinje,Cetinje,ME-06,municipality,,16.1,,,4,Europe/Podgorica,FALSE,1499300888
Stolak,Stolak,,42.6839,19.7767,Montenegro,ME,MNE,Andrijevica,Andrijevica,ME-01,municipality,,12.7,,,4,Europe/Podgorica,FALSE,1499188933
Han Drndarski,Han Drndarski,,42.7361,19.6572,Montenegro,ME,MNE,Kolašin,Kolasin,ME-09,municipality,,10.6,,,4,Europe/Podgorica,FALSE,1499831868
Stolak,Stolak,,42.7483,19.3633,Montenegro,ME,MNE,Kolašin,Kolasin,ME-09,municipality,,8.3,,,5,Europe/Podgorica,FALSE,1499695345
Ljutac,Ljutac,,43.1200,19.5636,Montenegro,ME,MNE,Bijelo Polje,Bijelo Polje,ME-04,municipality,,36.0,,,4,Europe/Podgorica,FALSE,1499846798
Milovo,Milovo,Milevo Polje,43.0167,19.9667,Montenegro,ME,MNE,Bijelo Polje,Bijelo Polje,ME-04,municipality,,36.0,,,4,Europe/Podgorica,FALSE,1499108881
Milovo,Milovo,,43.1411,19.7519,Montenegro,ME,MNE,Bijelo Polje,Bijelo Polje,ME-04,municipality,,36.0,,,4,Europe/Podgorica,TRUE,1499548499
Lopare,Lopare,,42.9547,19.8925,Montenegro,ME,MNE,Bijelo Polje,Bijelo Polje,ME-04,municipality,,36.0,,,4,Europe/Podgorica,FALSE,1499201670
Jovići,Jovici,,43.2633,19.1617,Montenegro,ME,MNE,Pljevlja,Pljevlja,ME-14,municipality,,17.2,,,4,Europe/Podgorica,FALSE,1499673136
Ćurukača,Curukaca,Ðurukača,43.0836,19.3653,Montenegro,ME,MNE,Žabljak,Zabljak,ME-21,municipality,,17.2,,,4,Europe/Podgorica,FALSE,1499470223
Zvečava,Zvecava,Zvečara,42.5411,18.6417,Montenegro,ME,MNE,Kotor,Kotor,ME-10,municipality,,87.1,,,4,Europe/Podgorica,FALSE,1499422152
Kačanik,Kacanik,,42.5614,19.8181,Montenegro,ME,MNE,Gusinje,Gusinje,ME-22,municipality,,29.7,,,4,Europe/Podgorica,FALSE,1499224738
Zovača,Zovaca,,42.7636,19.0681,Montenegro,ME,MNE,Nikšić,Niksic,ME-12,municipality,,35.4,,,4,Europe/Podgorica,FALSE,1499040968
Dedinice,Dedinice,,42.6375,19.4464,Montenegro,ME,MNE,Podgorica,Podgorica,ME-16,municipality,,156.7,,,4,Europe/Podgorica,FALSE,1499750589
Dugi Do,Dugi Do,,42.5428,18.4525,Montenegro,ME,MNE,Herceg Novi,Herceg Novi,ME-08,municipality,,34.6,,,4,Europe/Podgorica,FALSE,1499652156
Greča,Greca,,42.4919,19.3567,Montenegro,ME,MNE,Podgorica,Podgorica,ME-16,municipality,,156.7,,,4,Europe/Podgorica,FALSE,1499649797
Očinići,Ocinici,,42.3542,18.9175,Montenegro,ME,MNE,Cetinje,Cetinje,ME-06,municipality,,16.1,,,4,Europe/Podgorica,FALSE,1499055011
Milje,Milje,,42.6317,19.9400,Montenegro,ME,MNE,Plav,Plav,ME-13,municipality,,29.7,,,4,Europe/Podgorica,FALSE,1499050631
Brguli,Brguli,,42.3925,18.6172,Montenegro,ME,MNE,Herceg Novi,Herceg Novi,ME-08,municipality,,117.9,,,4,Europe/Podgorica,FALSE,1499998823
Petrovac,Petrovac,,42.5042,19.0903,Montenegro,ME,MNE,Danilovgrad,Danilovgrad,ME-07,municipality,,42.4,,,4,Europe/Podgorica,FALSE,1499023533
Bratićev Do,Braticev Do,,42.6661,18.7278,Montenegro,ME,MNE,Cetinje,Cetinje,ME-06,municipality,,16.1,,,4,Europe/Podgorica,FALSE,1499074393
Denjača,Denjaca,,43.0306,19.8044,Montenegro,ME,MNE,Bijelo Polje,Bijelo Polje,ME-04,municipality,,36.0,,,4,Europe/Podgorica,FALSE,1499417105
Donja Jošica,Donja Josica,,42.4636,18.6711,Montenegro,ME,MNE,Kotor,Kotor,ME-10,municipality,,117.9,,,4,Europe/Podgorica,FALSE,1499465480
Bukovi Potok,Bukovi Potok,,42.7667,19.5856,Montenegro,ME,MNE,Kolašin,Kolasin,ME-09,municipality,,8.3,,,5,Europe/Podgorica,FALSE,1499579255
Pejakovići,Pejakovici,,42.3567,18.9372,Montenegro,ME,MNE,Cetinje,Cetinje,ME-06,municipality,,16.1,,,4,Europe/Podgorica,FALSE,1499872779
Trnovi Do,Trnovi Do,,42.3283,19.0694,Montenegro,ME,MNE,Cetinje,Cetinje,ME-06,municipality,,16.1,,,4,Europe/Podgorica,FALSE,1499829316
Trnovi Do,Trnovi Do,,42.5939,18.7475,Montenegro,ME,MNE,Cetinje,Cetinje,ME-06,municipality,,16.1,,,4,Europe/Podgorica,TRUE,1499019936
Gornje Krnjice,Gornje Krnjice,,42.2133,19.1683,Montenegro,ME,MNE,Bar,Bar,ME-02,municipality,,99.4,,,4,Europe/Podgorica,FALSE,1499266287
Šobaići,Sobaici,Šobajići|Šobajića|Šobojići,42.6278,19.0678,Montenegro,ME,MNE,Danilovgrad,Danilovgrad,ME-07,municipality,,42.4,,,4,Europe/Podgorica,FALSE,1499905780
Krnja Jela,Krnja Jela,,42.9214,19.2925,Montenegro,ME,MNE,Šavnik,Savnik,ME-18,municipality,,2.6,,,4,Europe/Podgorica,FALSE,1499818836
Gunjaje,Gunjaje,Gunjaja,42.7467,19.8008,Montenegro,ME,MNE,Andrijevica,Andrijevica,ME-01,municipality,,12.7,,,4,Europe/Podgorica,FALSE,1499663442
Trstenik,Trstenik,,42.4908,18.7600,Montenegro,ME,MNE,Kotor,Kotor,ME-10,municipality,,87.1,,,4,Europe/Podgorica,FALSE,1499128882
Poljane,Poljane,,42.7306,18.6411,Montenegro,ME,MNE,Nikšić,Niksic,ME-12,municipality,,35.4,,,4,Europe/Podgorica,FALSE,1499859417
Stubica,Stubica,,43.1767,18.7178,Montenegro,ME,MNE,Plužine,Pluzine,ME-15,municipality,,2.6,,,5,Europe/Podgorica,FALSE,1499074422
Poljane,Poljane,,43.1647,19.3253,Montenegro,ME,MNE,Pljevlja,Pljevlja,ME-14,municipality,,17.2,,,4,Europe/Podgorica,FALSE,1499020079
Gornja Bukovica,Gornja Bukovica,,43.0367,19.1378,Montenegro,ME,MNE,Šavnik,Savnik,ME-18,municipality,,2.6,,,5,Europe/Podgorica,FALSE,1499814448
Poda,Poda,,43.0325,19.0803,Montenegro,ME,MNE,Šavnik,Savnik,ME-18,municipality,,2.6,,,5,Europe/Podgorica,FALSE,1499723066
Poda,Poda,Podina,43.1561,19.3061,Montenegro,ME,MNE,Pljevlja,Pljevlja,ME-14,municipality,,17.2,,,4,Europe/Podgorica,FALSE,1499170495
Poda,Poda,,43.1011,19.3561,Montenegro,ME,MNE,Pljevlja,Pljevlja,ME-14,municipality,,17.2,,,4,Europe/Podgorica,TRUE,1499670643
Mrtvo Doboko,Mrtvo Doboko,,42.7156,19.3358,Montenegro,ME,MNE,Kolašin,Kolasin,ME-09,municipality,,8.3,,,5,Europe/Podgorica,FALSE,1499272541
Poda,Poda,,42.7019,18.9867,Montenegro,ME,MNE,Nikšić,Niksic,ME-12,municipality,,35.4,,,4,Europe/Podgorica,FALSE,1499548069
Šuljkovac,Suljkovac,,43.3753,19.2961,Montenegro,ME,MNE,Pljevlja,Pljevlja,ME-14,municipality,,17.2,,,4,Europe/Podgorica,FALSE,1499562838
Dragova Luka,Dragova Luka,,42.7897,18.9617,Montenegro,ME,MNE,Nikšić,Niksic,ME-12,municipality,,35.4,,,4,Europe/Podgorica,FALSE,1499900745
Priboj,Priboj,,43.3897,19.0553,Montenegro,ME,MNE,Pljevlja,Pljevlja,ME-14,municipality,,17.2,,,4,Europe/Podgorica,FALSE,1499442311
Priboj,Priboj,,42.4717,19.2814,Montenegro,ME,MNE,Podgorica,Podgorica,ME-16,municipality,,156.7,,,4,Europe/Podgorica,FALSE,1499217124
Zavrh,Zavrh,,42.7189,19.3511,Montenegro,ME,MNE,Kolašin,Kolasin,ME-09,municipality,,8.3,,,5,Europe/Podgorica,FALSE,1499598988
Srednje Zaostro,Srednje Zaostro,,42.8867,19.8314,Montenegro,ME,MNE,Berane,Berane,ME-03,municipality,,45.3,,,4,Europe/Podgorica,FALSE,1499204257
Ćurke,Curke,Ðurke,41.9358,19.3394,Montenegro,ME,MNE,Ulcinj,Ulcinj,ME-20,municipality,,64.1,,,4,Europe/Podgorica,FALSE,1499472861
Ramovo Ždrijelo,Ramovo Zdrijelo,,43.1161,19.2044,Montenegro,ME,MNE,Žabljak,Zabljak,ME-21,municipality,,6.9,,,5,Europe/Podgorica,FALSE,1499936936
Gobovići,Gobovici,,42.3697,18.7242,Montenegro,ME,MNE,Kotor,Kotor,ME-10,municipality,,102.2,,,4,Europe/Podgorica,FALSE,1499416290
Suvo Polje,Suvo Polje,,43.0108,19.0236,Montenegro,ME,MNE,Šavnik,Savnik,ME-18,municipality,,2.6,,,5,Europe/Podgorica,FALSE,1499301410
Kruševo,Krusevo,,42.9986,19.7431,Montenegro,ME,MNE,Bijelo Polje,Bijelo Polje,ME-04,municipality,,36.0,,,4,Europe/Podgorica,FALSE,1499084897
Zagonac,Zagonac,,42.5700,18.7689,Montenegro,ME,MNE,Cetinje,Cetinje,ME-06,municipality,,16.1,,,4,Europe/Podgorica,FALSE,1499650559
Kruševo,Krusevo,,42.6728,19.8589,Montenegro,ME,MNE,Andrijevica,Andrijevica,ME-01,municipality,,13.7,,,4,Europe/Podgorica,FALSE,1499509370
Donji Rastiš,Donji Rastis,,42.0297,19.3450,Montenegro,ME,MNE,Ulcinj,Ulcinj,ME-20,municipality,,64.1,,,4,Europe/Podgorica,FALSE,1499217137
Laz,Laz,,43.2500,19.3567,Montenegro,ME,MNE,Pljevlja,Pljevlja,ME-14,municipality,,17.2,,,4,Europe/Podgorica,FALSE,1499949057
Gusino Brdo,Gusino Brdo,,43.1442,19.4811,Montenegro,ME,MNE,Pljevlja,Pljevlja,ME-14,municipality,,17.2,,,4,Europe/Podgorica,FALSE,1499598013
Milonjin Do,Milonjin Do,,42.6272,19.1039,Montenegro,ME,MNE,Danilovgrad,Danilovgrad,ME-07,municipality,,42.4,,,4,Europe/Podgorica,FALSE,1499473717
Podi,Podi,Na Pode,42.5544,18.6561,Montenegro,ME,MNE,Kotor,Kotor,ME-10,municipality,,87.1,,,4,Europe/Podgorica,FALSE,1499687134
Rupice,Rupice,,42.4744,19.1239,Montenegro,ME,MNE,Podgorica,Podgorica,ME-16,municipality,,156.7,,,4,Europe/Podgorica,FALSE,1499491487
Majstori,Majstori,,42.3508,18.8378,Montenegro,ME,MNE,Cetinje,Cetinje,ME-06,municipality,,16.1,,,4,Europe/Podgorica,FALSE,1499671538
Vukov Do,Vukov Do,,43.1603,19.7111,Montenegro,ME,MNE,Bijelo Polje,Bijelo Polje,ME-04,municipality,,36.0,,,4,Europe/Podgorica,FALSE,1499138683
Vratnica,Vratnica,,42.4317,18.8075,Montenegro,ME,MNE,Cetinje,Cetinje,ME-06,municipality,,16.1,,,4,Europe/Podgorica,FALSE,1499191032
Jelin Dub,Jelin Dub,,42.5281,19.3556,Montenegro,ME,MNE,Podgorica,Podgorica,ME-16,municipality,,156.7,,,4,Europe/Podgorica,FALSE,1499249863
Žukovica,Zukovica,,42.2172,18.9444,Montenegro,ME,MNE,Budva,Budva,ME-05,municipality,,169.8,,,4,Europe/Podgorica,FALSE,1499268311
Muževice,Muzevice,,42.8625,18.7078,Montenegro,ME,MNE,Nikšić,Niksic,ME-12,municipality,,35.4,,,4,Europe/Podgorica,FALSE,1499258095
Dolinice,Dolinice,Udovčine,42.7408,19.3361,Montenegro,ME,MNE,Kolašin,Kolasin,ME-09,municipality,,8.3,,,5,Europe/Podgorica,FALSE,1499980407
Kuside,Kuside,Kusidre|Kusido,42.7772,18.8517,Montenegro,ME,MNE,Nikšić,Niksic,ME-12,municipality,,35.4,,,4,Europe/Podgorica,FALSE,1499826057
Mulovina,Mulovina,,43.3158,19.2611,Montenegro,ME,MNE,Pljevlja,Pljevlja,ME-14,municipality,,17.2,,,4,Europe/Podgorica,FALSE,1499552537
Markovina,Markovina,,42.5414,19.0103,Montenegro,ME,MNE,Danilovgrad,Danilovgrad,ME-07,municipality,,16.2,,,4,Europe/Podgorica,FALSE,1499419249
Gogići,Gogici,,43.3817,19.3114,Montenegro,ME,MNE,Pljevlja,Pljevlja,ME-14,municipality,,17.2,,,4,Europe/Podgorica,FALSE,1499811983
Andrići,Andrici,,42.4800,18.4967,Montenegro,ME,MNE,Herceg Novi,Herceg Novi,ME-08,municipality,,117.9,,,4,Europe/Podgorica,FALSE,1499314668
Stari Viškovići,Stari Viskovici,,42.3303,18.8408,Montenegro,ME,MNE,Budva,Budva,ME-05,municipality,,169.8,,,4,Europe/Podgorica,FALSE,1499379279
Luka,Luka,,43.1522,19.2808,Montenegro,ME,MNE,Pljevlja,Pljevlja,ME-14,municipality,,17.2,,,4,Europe/Podgorica,FALSE,1499797775
Luka,Luka,,42.5050,19.3344,Montenegro,ME,MNE,Podgorica,Podgorica,ME-16,municipality,,156.7,,,4,Europe/Podgorica,FALSE,1499228630
Slapci,Slapci,Slap,42.6306,19.0175,Montenegro,ME,MNE,Danilovgrad,Danilovgrad,ME-07,municipality,,42.4,,,4,Europe/Podgorica,FALSE,1499602009
Batal,Batal,,42.7514,19.5833,Montenegro,ME,MNE,Kolašin,Kolasin,ME-09,municipality,,8.3,,,5,Europe/Podgorica,FALSE,1499624725
Donji Ćurilac,Donji Curilac,,42.5261,19.1211,Montenegro,ME,MNE,Danilovgrad,Danilovgrad,ME-07,municipality,,42.4,,,4,Europe/Podgorica,FALSE,1499115001
Tamnica,Tamnica,,42.4819,18.5308,Montenegro,ME,MNE,Herceg Novi,Herceg Novi,ME-08,municipality,,117.9,,,4,Europe/Podgorica,FALSE,1499000006
Dvorišta,Dvorista,,43.4542,19.1783,Montenegro,ME,MNE,Pljevlja,Pljevlja,ME-14,municipality,,17.2,,,4,Europe/Podgorica,FALSE,1499923962
Bata,Bata,,42.5536,18.8150,Montenegro,ME,MNE,Cetinje,Cetinje,ME-06,municipality,,16.1,,,4,Europe/Podgorica,FALSE,1499392753
Klanice,Klanice,,42.7261,19.4894,Montenegro,ME,MNE,Kolašin,Kolasin,ME-09,municipality,,8.3,,,5,Europe/Podgorica,FALSE,1499521869
Rosulje,Rosulje,,43.4497,19.0692,Montenegro,ME,MNE,Pljevlja,Pljevlja,ME-14,municipality,,17.2,,,4,Europe/Podgorica,FALSE,1499436392
Gornji Kosići,Gornji Kosici,Gornji Kosić,42.0353,19.2711,Montenegro,ME,MNE,Ulcinj,Ulcinj,ME-20,municipality,,64.1,,,4,Europe/Podgorica,FALSE,1499622403
Ratkovići,Ratkovici,,43.3222,18.8783,Montenegro,ME,MNE,Plužine,Pluzine,ME-15,municipality,,2.6,,,5,Europe/Podgorica,FALSE,1499497650
Odolje,Odolje,,42.9914,19.6394,Montenegro,ME,MNE,Mojkovac,Mojkovac,ME-11,municipality,,31.0,,,4,Europe/Podgorica,FALSE,1499258087
Grubešići,Grubesici,Grubešiće,43.1483,19.6542,Montenegro,ME,MNE,Bijelo Polje,Bijelo Polje,ME-04,municipality,,36.0,,,4,Europe/Podgorica,FALSE,1499500310
Čokova Luka,Cokova Luka,,43.3119,18.8489,Montenegro,ME,MNE,Plužine,Pluzine,ME-15,municipality,,2.6,,,5,Europe/Podgorica,FALSE,1499009820
Ceratov Brijeg,Ceratov Brijeg,Mali Orah,42.8711,18.9725,Montenegro,ME,MNE,Nikšić,Niksic,ME-12,municipality,,35.4,,,4,Europe/Podgorica,FALSE,1499739463
Dragošev Do,Dragosev Do,,42.6039,18.7097,Montenegro,ME,MNE,Cetinje,Cetinje,ME-06,municipality,,16.1,,,4,Europe/Podgorica,FALSE,1499293936
Pobori,Pobori,Gornji Pobori|Donji Pobori,42.3264,18.8292,Montenegro,ME,MNE,Budva,Budva,ME-05,municipality,,169.8,,,4,Europe/Podgorica,FALSE,1499793248
Kalačka Prodo,Kalacka Prodo,,42.6214,18.7172,Montenegro,ME,MNE,Cetinje,Cetinje,ME-06,municipality,,16.1,,,4,Europe/Podgorica,FALSE,1499252650
Abzi-Kula,Abzi-Kula,,42.4850,19.1811,Montenegro,ME,MNE,Podgorica,Podgorica,ME-16,municipality,,42.4,,,4,Europe/Podgorica,FALSE,1499987353
Radimiri,Radimiri,,42.4583,18.7661,Montenegro,ME,MNE,Kotor,Kotor,ME-10,municipality,,87.1,,,4,Europe/Podgorica,FALSE,1499874987
Bavčići,Bavcici,,43.5131,18.9681,Montenegro,ME,MNE,Pljevlja,Pljevlja,ME-14,municipality,,17.2,,,4,Europe/Podgorica,FALSE,1499197406
Tursko,Tursko,,42.4269,18.5244,Montenegro,ME,MNE,Herceg Novi,Herceg Novi,ME-08,municipality,,34.6,,,4,Europe/Podgorica,FALSE,1499460546
Vujovske Ravni,Vujovske Ravni,,42.5903,18.8878,Montenegro,ME,MNE,Cetinje,Cetinje,ME-06,municipality,,16.1,,,4,Europe/Podgorica,FALSE,1499376043
Zabrđe,Zabrde,,42.4192,18.5953,Montenegro,ME,MNE,Herceg Novi,Herceg Novi,ME-08,municipality,,117.9,,,4,Europe/Podgorica,FALSE,1499393845
Inogor,Inogor,,42.4106,18.9081,Montenegro,ME,MNE,Cetinje,Cetinje,ME-06,municipality,,16.1,,,4,Europe/Podgorica,FALSE,1499520648
Šip,Sip,,43.3450,19.4217,Montenegro,ME,MNE,Pljevlja,Pljevlja,ME-14,municipality,,17.2,,,4,Europe/Podgorica,FALSE,1499684636
Donji Pipac,Donji Pipac,Pipac,42.3636,19.1081,Montenegro,ME,MNE,Cetinje,Cetinje,ME-06,municipality,,16.1,,,4,Europe/Podgorica,FALSE,1499039497
Ovsine,Ovsine,,42.5664,18.6122,Montenegro,ME,MNE,Kotor,Kotor,ME-10,municipality,,87.1,,,4,Europe/Podgorica,FALSE,1499800347
Graovišta,Graovista,,43.4411,19.1558,Montenegro,ME,MNE,Pljevlja,Pljevlja,ME-14,municipality,,17.2,,,4,Europe/Podgorica,FALSE,1499472900
Zlostup,Zlostup,,43.0000,18.7500,Montenegro,ME,MNE,Nikšić,Niksic,ME-12,municipality,,35.4,,,4,Europe/Podgorica,FALSE,1499546526
Raovići,Raovici,Raović,43.3922,19.2144,Montenegro,ME,MNE,Pljevlja,Pljevlja,ME-14,municipality,,17.2,,,4,Europe/Podgorica,FALSE,1499019934
Krkor,Krkor,,42.6436,19.4503,Montenegro,ME,MNE,Podgorica,Podgorica,ME-16,municipality,,156.7,,,4,Europe/Podgorica,FALSE,1499842550
Ulica,Ulica,,42.7281,19.4375,Montenegro,ME,MNE,Kolašin,Kolasin,ME-09,municipality,,8.3,,,5,Europe/Podgorica,FALSE,1499892955
Dukat,Dukat,,42.7925,18.6697,Montenegro,ME,MNE,Nikšić,Niksic,ME-12,municipality,,35.4,,,4,Europe/Podgorica,FALSE,1499022082
Cvarin,Cvarin,,42.4856,19.3236,Montenegro,ME,MNE,Podgorica,Podgorica,ME-16,municipality,,156.7,,,4,Europe/Podgorica,FALSE,1499842012
Klačine,Klacine,,42.8378,19.5444,Montenegro,ME,MNE,Kolašin,Kolasin,ME-09,municipality,,8.3,,,5,Europe/Podgorica,FALSE,1499581320
Ulica,Ulica,Kukalje,42.7533,19.8831,Montenegro,ME,MNE,Berane,Berane,ME-03,municipality,,45.3,,,4,Europe/Podgorica,FALSE,1499443685
Žar,Zar,,42.6861,19.7269,Montenegro,ME,MNE,Andrijevica,Andrijevica,ME-01,municipality,,12.7,,,4,Europe/Podgorica,FALSE,1499668294
Sredina Sela,Sredina Sela,,42.1908,19.0975,Montenegro,ME,MNE,Bar,Bar,ME-02,municipality,,99.4,,,4,Europe/Podgorica,FALSE,1499909373
Sjenokos,Sjenokos,,42.5194,18.8500,Montenegro,ME,MNE,Cetinje,Cetinje,ME-06,municipality,,16.1,,,4,Europe/Podgorica,FALSE,1499956687
Brežđe,Brezde,Mahala Brežće,42.9953,19.8489,Montenegro,ME,MNE,Bijelo Polje,Bijelo Polje,ME-04,municipality,,36.0,,,4,Europe/Podgorica,FALSE,1499608965
Košutica,Kosutica,,42.5242,20.0042,Montenegro,ME,MNE,Plav,Plav,ME-13,municipality,,21.7,,,4,Europe/Podgorica,FALSE,1499496440
Karnagića Duga,Karnagica Duga,,42.8442,18.8808,Montenegro,ME,MNE,Nikšić,Niksic,ME-12,municipality,,35.4,,,4,Europe/Podgorica,FALSE,1499456018
Livađani,Livadani,,43.3867,19.2953,Montenegro,ME,MNE,Pljevlja,Pljevlja,ME-14,municipality,,17.2,,,4,Europe/Podgorica,FALSE,1499479402
Kajevići,Kajevici,,42.8883,20.3086,Montenegro,ME,MNE,Rožaje,Rozaje,ME-17,municipality,,52.0,,,4,Europe/Podgorica,FALSE,1499061159
Bes,Bes,Besa,42.1475,19.2250,Montenegro,ME,MNE,Bar,Bar,ME-02,municipality,,99.4,,,4,Europe/Podgorica,FALSE,1499018999
Babljače,Babljace,,42.6331,19.4708,Montenegro,ME,MNE,Podgorica,Podgorica,ME-16,municipality,,156.7,,,4,Europe/Podgorica,FALSE,1499071772
Karanikići,Karanikici,,42.1839,19.1794,Montenegro,ME,MNE,Bar,Bar,ME-02,municipality,,99.4,,,4,Europe/Podgorica,FALSE,1499009199
Nerim,Nerim,,42.5639,18.8114,Montenegro,ME,MNE,Cetinje,Cetinje,ME-06,municipality,,16.1,,,4,Europe/Podgorica,FALSE,1499168550
Javorje,Javorje,,43.3714,19.4128,Montenegro,ME,MNE,Pljevlja,Pljevlja,ME-14,municipality,,17.2,,,4,Europe/Podgorica,FALSE,1499602225
Bukova Šuma,Bukova Suma,,43.5250,19.1856,Montenegro,ME,MNE,Pljevlja,Pljevlja,ME-14,municipality,,17.2,,,4,Europe/Podgorica,FALSE,1499908443
Kolevići,Kolevici,,42.6350,19.4808,Montenegro,ME,MNE,Podgorica,Podgorica,ME-16,municipality,,156.7,,,4,Europe/Podgorica,FALSE,1499560252
Milići,Milici,,43.3944,19.2911,Montenegro,ME,MNE,Pljevlja,Pljevlja,ME-14,municipality,,17.2,,,4,Europe/Podgorica,FALSE,1499287420
Gornji Ćurilac,Gornji Curilac,,42.5431,19.1175,Montenegro,ME,MNE,Danilovgrad,Danilovgrad,ME-07,municipality,,42.4,,,4,Europe/Podgorica,FALSE,1499295952
Lipovo,Lipovo,,42.8708,19.4211,Montenegro,ME,MNE,Kolašin,Kolasin,ME-09,municipality,,8.3,,,5,Europe/Podgorica,FALSE,1499008918
Rakonjska,Rakonjska,Rakoljska,43.1183,19.6633,Montenegro,ME,MNE,Bijelo Polje,Bijelo Polje,ME-04,municipality,,36.0,,,4,Europe/Podgorica,FALSE,1499476972
Rasova,Rasova,,43.1119,19.5542,Montenegro,ME,MNE,Bijelo Polje,Bijelo Polje,ME-04,municipality,,36.0,,,4,Europe/Podgorica,FALSE,1499810371
Mekića Kula,Mekica Kula,,42.9825,19.5367,Montenegro,ME,MNE,Mojkovac,Mojkovac,ME-11,municipality,,20.8,,,4,Europe/Podgorica,FALSE,1499225813
Bara,Bara,,43.4256,19.0964,Montenegro,ME,MNE,Pljevlja,Pljevlja,ME-14,municipality,,17.2,,,4,Europe/Podgorica,FALSE,1499298990
Košetine,Kosetine,,42.7328,19.3811,Montenegro,ME,MNE,Kolašin,Kolasin,ME-09,municipality,,8.3,,,5,Europe/Podgorica,FALSE,1499432221
Podlisa,Podlisa,,43.1222,19.6836,Montenegro,ME,MNE,Bijelo Polje,Bijelo Polje,ME-04,municipality,,36.0,,,4,Europe/Podgorica,FALSE,1499480859
Jazbine,Jazbine,Jazbina,43.4192,19.2786,Montenegro,ME,MNE,Pljevlja,Pljevlja,ME-14,municipality,,17.2,,,4,Europe/Podgorica,FALSE,1499878117
Poljana,Poljana,,42.6389,19.3758,Montenegro,ME,MNE,Podgorica,Podgorica,ME-16,municipality,,156.7,,,4,Europe/Podgorica,FALSE,1499336493
Liverovo Polje,Liverovo Polje,Lirovo Polje,42.7967,18.6542,Montenegro,ME,MNE,Nikšić,Niksic,ME-12,municipality,,35.4,,,4,Europe/Podgorica,FALSE,1499198327
Kostići,Kostici,,42.3989,18.6681,Montenegro,ME,MNE,Tivat,Tivat,ME-19,municipality,,286.9,,,3,Europe/Podgorica,FALSE,1499062959
Gilinoge,Gilinoge,,42.9783,19.6414,Montenegro,ME,MNE,Mojkovac,Mojkovac,ME-11,municipality,,20.9,,,4,Europe/Podgorica,FALSE,1499863097
Jovičina Voda,Jovicina Voda,,42.6164,18.6453,Montenegro,ME,MNE,Kotor,Kotor,ME-10,municipality,,87.1,,,4,Europe/Podgorica,FALSE,1499649538
Reževići,Rezevici,,42.2153,18.9247,Montenegro,ME,MNE,Budva,Budva,ME-05,municipality,,169.8,,,4,Europe/Podgorica,FALSE,1499071110
Oluja,Oluja,Oluje,43.0981,19.7786,Montenegro,ME,MNE,Bijelo Polje,Bijelo Polje,ME-04,municipality,,36.0,,,4,Europe/Podgorica,FALSE,1499263130
Musići,Musici,,42.4650,18.5403,Montenegro,ME,MNE,Herceg Novi,Herceg Novi,ME-08,municipality,,117.9,,,4,Europe/Podgorica,FALSE,1499275957
Korijen,Korijen,,43.1331,19.6736,Montenegro,ME,MNE,Bijelo Polje,Bijelo Polje,ME-04,municipality,,36.0,,,4,Europe/Podgorica,FALSE,1499781974
Glibavac,Glibavac,,42.8031,18.9489,Montenegro,ME,MNE,Nikšić,Niksic,ME-12,municipality,,35.4,,,4,Europe/Podgorica,FALSE,1499154499
Trojanovići,Trojanovici,Trojanovići,42.4208,18.5969,Montenegro,ME,MNE,Herceg Novi,Herceg Novi,ME-08,municipality,,117.9,,,4,Europe/Podgorica,FALSE,1499158727
Jezerca,Jezerca,,42.7942,19.5186,Montenegro,ME,MNE,Kolašin,Kolasin,ME-09,municipality,,8.3,,,5,Europe/Podgorica,FALSE,1499515688
Vidijenje,Vidijenje,,42.4953,19.3247,Montenegro,ME,MNE,Podgorica,Podgorica,ME-16,municipality,,156.7,,,4,Europe/Podgorica,FALSE,1499984519
Cerovi Do,Cerovi Do,,42.5192,18.8036,Montenegro,ME,MNE,Cetinje,Cetinje,ME-06,municipality,,16.1,,,4,Europe/Podgorica,FALSE,1499925453
Mitrovići,Mitrovici,,42.4200,18.6031,Montenegro,ME,MNE,Herceg Novi,Herceg Novi,ME-08,municipality,,117.9,,,4,Europe/Podgorica,FALSE,1499527396
Jezerca,Jezerca,,42.6369,18.7836,Montenegro,ME,MNE,Cetinje,Cetinje,ME-06,municipality,,16.1,,,4,Europe/Podgorica,FALSE,1499198692
Petrova Ravan,Petrova Ravan,Jasikovica,42.7292,19.4164,Montenegro,ME,MNE,Kolašin,Kolasin,ME-09,municipality,,8.3,,,4,Europe/Podgorica,FALSE,1499428933
Srednje Selo,Srednje Selo,,43.0672,19.6106,Montenegro,ME,MNE,Bijelo Polje,Bijelo Polje,ME-04,municipality,,36.0,,,4,Europe/Podgorica,FALSE,1499440414
Brajića Brijeg,Brajica Brijeg,,42.7964,19.5919,Montenegro,ME,MNE,Kolašin,Kolasin,ME-09,municipality,,8.3,,,5,Europe/Podgorica,FALSE,1499853280
Trubasinj,Trubasinj,,42.6892,18.9928,Montenegro,ME,MNE,Nikšić,Niksic,ME-12,municipality,,35.4,,,4,Europe/Podgorica,FALSE,1499735118
Božići,Bozici,,43.4169,19.2372,Montenegro,ME,MNE,Pljevlja,Pljevlja,ME-14,municipality,,17.2,,,4,Europe/Podgorica,FALSE,1499751263
Potkraš,Potkras,Potkrš,43.3319,19.4081,Montenegro,ME,MNE,Pljevlja,Pljevlja,ME-14,municipality,,17.2,,,4,Europe/Podgorica,FALSE,1499710141
Bjelila,Bjelila,,42.4053,18.6650,Montenegro,ME,MNE,Tivat,Tivat,ME-19,municipality,,286.9,,,3,Europe/Podgorica,FALSE,1499702995
Pod Milojevića,Pod Milojevica,Pod Miljevića,42.9719,19.5303,Montenegro,ME,MNE,Mojkovac,Mojkovac,ME-11,municipality,,20.8,,,4,Europe/Podgorica,FALSE,1499605672
Rojevići,Rojevici,,42.6811,18.6283,Montenegro,ME,MNE,Nikšić,Niksic,ME-12,municipality,,35.4,,,4,Europe/Podgorica,FALSE,1499281715
Brekinja,Brekinja,Brekinje,43.4883,19.1342,Montenegro,ME,MNE,Pljevlja,Pljevlja,ME-14,municipality,,17.2,,,4,Europe/Podgorica,FALSE,1499393006
Raonići,Raonici,,43.1472,19.2194,Montenegro,ME,MNE,Žabljak,Zabljak,ME-21,municipality,,6.9,,,5,Europe/Podgorica,FALSE,1499403049
Pušina,Pusina,,42.9847,19.0794,Montenegro,ME,MNE,Šavnik,Savnik,ME-18,municipality,,2.6,,,5,Europe/Podgorica,FALSE,1499755046
Mandići,Mandici,,42.4925,18.5311,Montenegro,ME,MNE,Herceg Novi,Herceg Novi,ME-08,municipality,,117.9,,,4,Europe/Podgorica,FALSE,1499142547
Lokvanj,Lokvanj,,42.6506,18.5903,Montenegro,ME,MNE,Nikšić,Niksic,ME-12,municipality,,29.8,,,4,Europe/Podgorica,FALSE,1499315998
Helmica,Helmica,,42.3808,19.4214,Montenegro,ME,MNE,Tuzi,Tuzi,ME-24,municipality,,156.7,,,4,Europe/Podgorica,FALSE,1499594689
Zalazba,Zalazba,,42.7431,19.3517,Montenegro,ME,MNE,Kolašin,Kolasin,ME-09,municipality,,8.3,,,5,Europe/Podgorica,FALSE,1499923787
Čeline,Celine,,43.4267,19.1683,Montenegro,ME,MNE,Pljevlja,Pljevlja,ME-14,municipality,,17.2,,,4,Europe/Podgorica,FALSE,1499720166
Čeline,Celine,Čelina|Debela Aluga,42.9053,18.8583,Montenegro,ME,MNE,Nikšić,Niksic,ME-12,municipality,,35.4,,,4,Europe/Podgorica,FALSE,1499803192
Čepelnica,Cepelnica,,42.7958,18.7058,Montenegro,ME,MNE,Nikšić,Niksic,ME-12,municipality,,35.4,,,4,Europe/Podgorica,FALSE,1499913587
Patnji,Patnji,,42.4892,19.0528,Montenegro,ME,MNE,Danilovgrad,Danilovgrad,ME-07,municipality,,54.1,,,4,Europe/Podgorica,FALSE,1499496524
Turava,Turava,,43.0603,19.8681,Montenegro,ME,MNE,Bijelo Polje,Bijelo Polje,ME-04,municipality,,36.0,,,4,Europe/Podgorica,FALSE,1499648300
Mrčinići,Mrcinici,,42.4328,19.0611,Montenegro,ME,MNE,Podgorica,Podgorica,ME-16,municipality,,18.4,,,4,Europe/Podgorica,FALSE,1499569980
Donja Briska,Donja Briska,Donje Briske,42.1189,19.2289,Montenegro,ME,MNE,Bar,Bar,ME-02,municipality,,99.4,,,4,Europe/Podgorica,FALSE,1499433192
Kupusišta,Kupusista,,42.7028,19.4322,Montenegro,ME,MNE,Kolašin,Kolasin,ME-09,municipality,,8.3,,,5,Europe/Podgorica,FALSE,1499359953
Pitomine,Pitomine,,43.4381,19.1636,Montenegro,ME,MNE,Pljevlja,Pljevlja,ME-14,municipality,,17.2,,,4,Europe/Podgorica,FALSE,1499877209
Releza,Releza,Relezi,42.4311,19.0522,Montenegro,ME,MNE,Cetinje,Cetinje,ME-06,municipality,,16.1,,,4,Europe/Podgorica,FALSE,1499398706
Zagrebac,Zagrebac,,43.1211,19.3811,Montenegro,ME,MNE,Pljevlja,Pljevlja,ME-14,municipality,,17.2,,,4,Europe/Podgorica,FALSE,1499162552
Paprati,Paprati,,42.6903,18.9606,Montenegro,ME,MNE,Nikšić,Niksic,ME-12,municipality,,35.4,,,4,Europe/Podgorica,FALSE,1499896029
Bukovica,Bukovica,,42.4350,18.8489,Montenegro,ME,MNE,Cetinje,Cetinje,ME-06,municipality,,16.1,,,4,Europe/Podgorica,FALSE,1499900933
Vuči Do,Vuci Do,Vučji Do,42.4672,18.8522,Montenegro,ME,MNE,Cetinje,Cetinje,ME-06,municipality,,16.1,,,4,Europe/Podgorica,FALSE,1499768640
Smrduša,Smrdusa,,42.7842,18.7014,Montenegro,ME,MNE,Nikšić,Niksic,ME-12,municipality,,35.4,,,4,Europe/Podgorica,FALSE,1499597650
Raščići,Rascici,Rašići,43.4722,19.0497,Montenegro,ME,MNE,Pljevlja,Pljevlja,ME-14,municipality,,17.2,,,4,Europe/Podgorica,FALSE,1499116590
Papratni Do,Papratni Do,,42.5522,18.8861,Montenegro,ME,MNE,Cetinje,Cetinje,ME-06,municipality,,16.1,,,4,Europe/Podgorica,FALSE,1499346951
Papratni Do,Papratni Do,,42.6289,18.7308,Montenegro,ME,MNE,Cetinje,Cetinje,ME-06,municipality,,16.1,,,4,Europe/Podgorica,TRUE,1499369176
Javorak,Javorak,,43.2328,19.3081,Montenegro,ME,MNE,Pljevlja,Pljevlja,ME-14,municipality,,17.2,,,4,Europe/Podgorica,FALSE,1499713392
Bijediči,Bijedici,,43.1139,19.8019,Montenegro,ME,MNE,Bijelo Polje,Bijelo Polje,ME-04,municipality,,36.0,,,4,Europe/Podgorica,FALSE,1499082296
Bistrica,Bistrica,,43.0697,19.8444,Montenegro,ME,MNE,Bijelo Polje,Bijelo Polje,ME-04,municipality,,36.0,,,4,Europe/Podgorica,FALSE,1499969309
Počivala,Pocivala,,42.8308,18.6442,Montenegro,ME,MNE,Nikšić,Niksic,ME-12,municipality,,35.4,,,4,Europe/Podgorica,FALSE,1499120454
Ubli,Ubli,Ubla,42.9419,18.5325,Montenegro,ME,MNE,Nikšić,Niksic,ME-12,municipality,,35.4,,,4,Europe/Podgorica,FALSE,1499544270
Ubli,Ubli,,42.5114,18.6228,Montenegro,ME,MNE,Kotor,Kotor,ME-10,municipality,,117.9,,,4,Europe/Podgorica,FALSE,1499133716
Ubli,Ubli,,42.5842,19.2567,Montenegro,ME,MNE,Podgorica,Podgorica,ME-16,municipality,,67.4,,,4,Europe/Podgorica,TRUE,1499084147
Javorak,Javorak,,43.0511,19.1481,Montenegro,ME,MNE,Šavnik,Savnik,ME-18,municipality,,3.3,,,5,Europe/Podgorica,FALSE,1499795688
Brežine,Brezine,,42.7456,19.7550,Montenegro,ME,MNE,Andrijevica,Andrijevica,ME-01,municipality,,12.7,,,4,Europe/Podgorica,FALSE,1499509047
Simače,Simace,,42.7792,19.4269,Montenegro,ME,MNE,Kolašin,Kolasin,ME-09,municipality,,8.3,,,5,Europe/Podgorica,FALSE,1499036964
Trnovo,Trnovo,,42.8419,18.9561,Montenegro,ME,MNE,Nikšić,Niksic,ME-12,municipality,,35.4,,,4,Europe/Podgorica,FALSE,1499182815
Varda,Varda,,42.9611,19.5481,Montenegro,ME,MNE,Mojkovac,Mojkovac,ME-11,municipality,,20.8,,,4,Europe/Podgorica,FALSE,1499961168
Lazovi,Lazovi,,43.0806,19.6744,Montenegro,ME,MNE,Bijelo Polje,Bijelo Polje,ME-04,municipality,,36.0,,,4,Europe/Podgorica,FALSE,1499585948
Bukovi Doli,Bukovi Doli,,42.9025,18.9361,Montenegro,ME,MNE,Nikšić,Niksic,ME-12,municipality,,35.4,,,4,Europe/Podgorica,FALSE,1499486415
Gigcvići,Gigcvici,,42.2992,18.8503,Montenegro,ME,MNE,Budva,Budva,ME-05,municipality,,169.8,,,4,Europe/Podgorica,FALSE,1499566107
Kosorska Bukovica,Kosorska Bukovica,,43.0108,19.1611,Montenegro,ME,MNE,Šavnik,Savnik,ME-18,municipality,,2.6,,,5,Europe/Podgorica,FALSE,1499224102
Borje,Borje,,43.1664,19.1850,Montenegro,ME,MNE,Žabljak,Zabljak,ME-21,municipality,,6.9,,,5,Europe/Podgorica,FALSE,1499726999
Zaušje,Zausje,,42.7100,18.5986,Montenegro,ME,MNE,Nikšić,Niksic,ME-12,municipality,,35.4,,,4,Europe/Podgorica,FALSE,1499524210
Vuljevići,Vuljevici,,42.3742,19.3342,Montenegro,ME,MNE,Tuzi,Tuzi,ME-24,municipality,,156.7,,,4,Europe/Podgorica,FALSE,1499454314
Podosmin,Podosmin,,42.3025,18.9981,Montenegro,ME,MNE,Cetinje,Cetinje,ME-06,municipality,,16.1,,,4,Europe/Podgorica,FALSE,1499060503
Stjepovo,Stjepovo,Stepov,42.4472,19.4564,Montenegro,ME,MNE,Tuzi,Tuzi,ME-24,municipality,,156.7,,,4,Europe/Podgorica,FALSE,1499766618
Gaj,Gaj,,43.4883,19.1081,Montenegro,ME,MNE,Pljevlja,Pljevlja,ME-14,municipality,,17.2,,,4,Europe/Podgorica,FALSE,1499320447
Bigor,Bigor,,42.3994,19.1322,Montenegro,ME,MNE,Podgorica,Podgorica,ME-16,municipality,,156.7,,,4,Europe/Podgorica,FALSE,1499370363
Popov Do,Popov Do,,42.1686,19.0592,Montenegro,ME,MNE,Bar,Bar,ME-02,municipality,,99.4,,,4,Europe/Podgorica,FALSE,1499588707
Gnjijevi Do,Gnjijevi Do,Gnevi Do,42.4139,18.9236,Montenegro,ME,MNE,Cetinje,Cetinje,ME-06,municipality,,16.1,,,4,Europe/Podgorica,FALSE,1499625794
Popov Do,Popov Do,,42.6581,18.6981,Montenegro,ME,MNE,Cetinje,Cetinje,ME-06,municipality,,35.4,,,4,Europe/Podgorica,FALSE,1499241188
Popov Do,Popov Do,,42.6778,18.7903,Montenegro,ME,MNE,Cetinje,Cetinje,ME-06,municipality,,16.1,,,4,Europe/Podgorica,TRUE,1499735292
Benkaj,Benkaj,Benkalj|Benkani,42.4436,19.4819,Montenegro,ME,MNE,Tuzi,Tuzi,ME-24,municipality,,156.7,,,4,Europe/Podgorica,FALSE,1499260717
Kopilje,Kopilje,,42.5567,19.2536,Montenegro,ME,MNE,Podgorica,Podgorica,ME-16,municipality,,156.7,,,4,Europe/Podgorica,FALSE,1499419154
Zagvozdak,Zagvozdak,,42.5908,18.6500,Montenegro,ME,MNE,Kotor,Kotor,ME-10,municipality,,87.1,,,4,Europe/Podgorica,FALSE,1499258588
Vlaovići,Vlaovici,Vlahovići,43.2417,19.2906,Montenegro,ME,MNE,Pljevlja,Pljevlja,ME-14,municipality,,17.2,,,4,Europe/Podgorica,FALSE,1499625707
Petrovići,Petrovici,,42.4094,18.6492,Montenegro,ME,MNE,Herceg Novi,Herceg Novi,ME-08,municipality,,257.5,,,3,Europe/Podgorica,FALSE,1499308224
Petrovići,Petrovici,,42.4544,18.6436,Montenegro,ME,MNE,Herceg Novi,Herceg Novi,ME-08,municipality,,117.9,,,4,Europe/Podgorica,TRUE,1499380441
Nuga Borkovića,Nuga Borkovica,,42.7317,18.9369,Montenegro,ME,MNE,Nikšić,Niksic,ME-12,municipality,,35.4,,,4,Europe/Podgorica,FALSE,1499487234
Poljana,Poljana,,42.5742,18.6431,Montenegro,ME,MNE,Kotor,Kotor,ME-10,municipality,,87.1,,,4,Europe/Podgorica,FALSE,1499747295
Bezuje,Bezuje,,43.0517,18.8986,Montenegro,ME,MNE,Plužine,Pluzine,ME-15,municipality,,2.6,,,4,Europe/Podgorica,FALSE,1499317750
Spinja,Spinja,Spilja,42.3514,19.3758,Montenegro,ME,MNE,Tuzi,Tuzi,ME-24,municipality,,156.7,,,4,Europe/Podgorica,FALSE,1499199395
Majna Gora,Majna Gora,,43.0311,19.6689,Montenegro,ME,MNE,Bijelo Polje,Bijelo Polje,ME-04,municipality,,36.0,,,4,Europe/Podgorica,FALSE,1499997656
Staniselići,Staniselici,Staniseljići,42.4097,19.1069,Montenegro,ME,MNE,Podgorica,Podgorica,ME-16,municipality,,156.7,,,4,Europe/Podgorica,FALSE,1499361962
Ograde,Ograde,,43.1222,19.7439,Montenegro,ME,MNE,Bijelo Polje,Bijelo Polje,ME-04,municipality,,36.0,,,4,Europe/Podgorica,FALSE,1499995166
Gornja Vrbica,Gornja Vrbica,Vrbica,42.9342,18.4889,Montenegro,ME,MNE,Nikšić,Niksic,ME-12,municipality,,28.2,,,4,Europe/Podgorica,FALSE,1499898874
Lukovići,Lukovici,,43.2881,19.0422,Montenegro,ME,MNE,Pljevlja,Pljevlja,ME-14,municipality,,14.4,,,4,Europe/Podgorica,FALSE,1499589913
Cavlović Kula,Cavlovic Kula,,43.3978,19.2022,Montenegro,ME,MNE,Pljevlja,Pljevlja,ME-14,municipality,,17.2,,,4,Europe/Podgorica,FALSE,1499193145
Gornja Vrbica,Gornja Vrbica,Vrbica,42.4594,19.3494,Montenegro,ME,MNE,Podgorica,Podgorica,ME-16,municipality,,156.7,,,4,Europe/Podgorica,FALSE,1499919137
Gardovići,Gardovici,,43.3875,19.1931,Montenegro,ME,MNE,Pljevlja,Pljevlja,ME-14,municipality,,17.2,,,4,Europe/Podgorica,FALSE,1499347552
Stojkovići,Stojkovici,,42.4219,18.5883,Montenegro,ME,MNE,Herceg Novi,Herceg Novi,ME-08,municipality,,117.9,,,4,Europe/Podgorica,FALSE,1499623582
Reljino Brdo,Reljino Brdo,,43.0983,19.3400,Montenegro,ME,MNE,Žabljak,Zabljak,ME-21,municipality,,10.8,,,4,Europe/Podgorica,FALSE,1499932127
Podgrad,Podgrad,,42.4817,19.4461,Montenegro,ME,MNE,Podgorica,Podgorica,ME-16,municipality,,156.7,,,4,Europe/Podgorica,FALSE,1499862175
Oraovica,Oraovica,Oraovice,42.4553,19.1233,Montenegro,ME,MNE,Podgorica,Podgorica,ME-16,municipality,,156.7,,,4,Europe/Podgorica,FALSE,1499000004
Kolašinovići,Kolasinovici,,42.5653,19.1700,Montenegro,ME,MNE,Danilovgrad,Danilovgrad,ME-07,municipality,,42.4,,,4,Europe/Podgorica,FALSE,1499695378
Stuba,Stuba,,42.8144,18.8906,Montenegro,ME,MNE,Nikšić,Niksic,ME-12,municipality,,35.4,,,4,Europe/Podgorica,FALSE,1499986959
Velika Plaža,Velika Plaza,,41.9122,19.2478,Montenegro,ME,MNE,Ulcinj,Ulcinj,ME-20,municipality,,64.1,,,4,Europe/Podgorica,FALSE,1499019850
Kami,Kami,,42.6417,19.4658,Montenegro,ME,MNE,Podgorica,Podgorica,ME-16,municipality,,156.7,,,4,Europe/Podgorica,FALSE,1499258600
Čejirenci,Cejirenci,,43.5106,18.9844,Montenegro,ME,MNE,Pljevlja,Pljevlja,ME-14,municipality,,17.2,,,4,Europe/Podgorica,FALSE,1499292567
Mihaljevići,Mihaljevici,,42.3664,18.9889,Montenegro,ME,MNE,Cetinje,Cetinje,ME-06,municipality,,16.1,,,4,Europe/Podgorica,FALSE,1499227371
Vlaka,Vlaka,,42.9786,18.6142,Montenegro,ME,MNE,Nikšić,Niksic,ME-12,municipality,,35.4,,,4,Europe/Podgorica,FALSE,1499474269
Sutivan,Sutivan,,43.0928,19.7711,Montenegro,ME,MNE,Bijelo Polje,Bijelo Polje,ME-04,municipality,,36.0,,,4,Europe/Podgorica,FALSE,1499070696
Ckla,Ckla,,42.0836,19.3608,Montenegro,ME,MNE,Ulcinj,Ulcinj,ME-20,municipality,,64.1,,,4,Europe/Podgorica,FALSE,1499081610
Podosoje,Podosoje,,43.3206,18.8892,Montenegro,ME,MNE,Plužine,Pluzine,ME-15,municipality,,2.6,,,5,Europe/Podgorica,FALSE,1499247911
Kamensko,Kamensko,,43.3833,19.4278,Montenegro,ME,MNE,Pljevlja,Pljevlja,ME-14,municipality,,17.2,,,4,Europe/Podgorica,FALSE,1499812487
Dobro Brdo,Dobro Brdo,,43.1264,19.7150,Montenegro,ME,MNE,Bijelo Polje,Bijelo Polje,ME-04,municipality,,36.0,,,4,Europe/Podgorica,FALSE,1499756549
Barni Do,Barni Do,,43.2558,18.8808,Montenegro,ME,MNE,Plužine,Pluzine,ME-15,municipality,,2.6,,,5,Europe/Podgorica,FALSE,1499058322
Stup,Stup,,43.4119,19.2447,Montenegro,ME,MNE,Pljevlja,Pljevlja,ME-14,municipality,,17.2,,,4,Europe/Podgorica,FALSE,1499864247
Kamensko,Kamensko,,42.7853,18.7403,Montenegro,ME,MNE,Nikšić,Niksic,ME-12,municipality,,35.4,,,4,Europe/Podgorica,FALSE,1499299784
Ivanova Aluga,Ivanova Aluga,,42.5958,18.8700,Montenegro,ME,MNE,Cetinje,Cetinje,ME-06,municipality,,16.1,,,4,Europe/Podgorica,FALSE,1499117383
Dugi Laz,Dugi Laz,,42.5939,19.1167,Montenegro,ME,MNE,Danilovgrad,Danilovgrad,ME-07,municipality,,42.4,,,4,Europe/Podgorica,FALSE,1499476002
Bljaca,Bljaca,,42.1231,19.2564,Montenegro,ME,MNE,Bar,Bar,ME-02,municipality,,99.4,,,4,Europe/Podgorica,FALSE,1499113905
Malo Brdo,Malo Brdo,Kuzman,43.3086,19.2450,Montenegro,ME,MNE,Pljevlja,Pljevlja,ME-14,municipality,,17.2,,,4,Europe/Podgorica,FALSE,1499689323
Vijenac,Vijenac,,43.3292,19.4433,Montenegro,ME,MNE,Pljevlja,Pljevlja,ME-14,municipality,,17.2,,,4,Europe/Podgorica,TRUE,1499812327
Bovan,Bovan,,42.9217,20.3181,Montenegro,ME,MNE,Rožaje,Rozaje,ME-17,municipality,,4.4,,,5,Europe/Belgrade,FALSE,1499517408
Padine,Padine,,42.5781,18.8889,Montenegro,ME,MNE,Cetinje,Cetinje,ME-06,municipality,,16.1,,,4,Europe/Podgorica,FALSE,1499878598
Dobrska Župa,Dobrska Zupa,Župa Dobrska,42.3939,19.0514,Montenegro,ME,MNE,Cetinje,Cetinje,ME-06,municipality,,16.1,,,4,Europe/Podgorica,FALSE,1499742388
Oblatno,Oblatno,,42.7556,19.0700,Montenegro,ME,MNE,Nikšić,Niksic,ME-12,municipality,,35.4,,,4,Europe/Podgorica,FALSE,1499810393
Drndari,Drndari,,43.0728,19.6569,Montenegro,ME,MNE,Bijelo Polje,Bijelo Polje,ME-04,municipality,,36.0,,,4,Europe/Podgorica,FALSE,1499185619
Kruševica,Krusevica,Dabovići,42.2683,19.0828,Montenegro,ME,MNE,Bar,Bar,ME-02,municipality,,99.4,,,4,Europe/Podgorica,FALSE,1499335306
Rokočki Do,Rokocki Do,,42.6525,18.7514,Montenegro,ME,MNE,Cetinje,Cetinje,ME-06,municipality,,16.1,,,4,Europe/Podgorica,FALSE,1499525472
Lokvice,Lokvice,,43.0711,19.1436,Montenegro,ME,MNE,Žabljak,Zabljak,ME-21,municipality,,6.9,,,5,Europe/Podgorica,FALSE,1499142692
Nakičenovići,Nakicenovici,,42.4650,18.5794,Montenegro,ME,MNE,Herceg Novi,Herceg Novi,ME-08,municipality,,117.9,,,4,Europe/Podgorica,FALSE,1499548627
Rasadnik,Rasadnik,,43.4297,19.2667,Montenegro,ME,MNE,Pljevlja,Pljevlja,ME-14,municipality,,17.2,,,4,Europe/Podgorica,FALSE,1499492935
Meoca Cucka,Meoca Cucka,Meoce Cucke,42.5950,18.8514,Montenegro,ME,MNE,Cetinje,Cetinje,ME-06,municipality,,16.1,,,4,Europe/Podgorica,FALSE,1499306602
Kaluđerov Do,Kaluderov Do,,42.6008,19.2400,Montenegro,ME,MNE,Danilovgrad,Danilovgrad,ME-07,municipality,,42.4,,,4,Europe/Podgorica,FALSE,1499035929
Podgor,Podgor,,42.2603,18.9789,Montenegro,ME,MNE,Bar,Bar,ME-02,municipality,,99.4,,,4,Europe/Podgorica,FALSE,1499400688
Ploče,Ploce,,42.6744,19.0017,Montenegro,ME,MNE,Nikšić,Niksic,ME-12,municipality,,35.4,,,4,Europe/Podgorica,FALSE,1499045190
Duba,Duba,,43.0231,18.9042,Montenegro,ME,MNE,Plužine,Pluzine,ME-15,municipality,,2.6,,,5,Europe/Podgorica,FALSE,1499763490
Vrbica,Vrbica,,42.9169,18.5106,Montenegro,ME,MNE,Nikšić,Niksic,ME-12,municipality,,35.4,,,4,Europe/Podgorica,FALSE,1499251083
Ocka Gora,Ocka Gora,,42.7811,19.3564,Montenegro,ME,MNE,Kolašin,Kolasin,ME-09,municipality,,8.3,,,5,Europe/Podgorica,FALSE,1499370819
Dublje,Dublje,Dubline,43.4344,19.1686,Montenegro,ME,MNE,Pljevlja,Pljevlja,ME-14,municipality,,17.2,,,4,Europe/Podgorica,FALSE,1499307263
Dublje,Dublje,,43.2319,19.3936,Montenegro,ME,MNE,Pljevlja,Pljevlja,ME-14,municipality,,17.2,,,4,Europe/Podgorica,TRUE,1499480441
Šumarev Dub,Sumarev Dub,,42.3275,18.8128,Montenegro,ME,MNE,Budva,Budva,ME-05,municipality,,160.6,,,4,Europe/Podgorica,FALSE,1499326442
Hercegova Strana,Hercegova Strana,,43.2025,18.9192,Montenegro,ME,MNE,Plužine,Pluzine,ME-15,municipality,,2.6,,,5,Europe/Podgorica,FALSE,1499005959
Cerovice,Cerovice,Cerovica,42.8164,18.7022,Montenegro,ME,MNE,Nikšić,Niksic,ME-12,municipality,,35.4,,,4,Europe/Podgorica,FALSE,1499957073
Sitnica,Sitnica,,42.5564,18.4481,Montenegro,ME,MNE,Herceg Novi,Herceg Novi,ME-08,municipality,,34.6,,,4,Europe/Podgorica,FALSE,1499624100
Biokovac,Biokovac,,43.1711,19.6061,Montenegro,ME,MNE,Bijelo Polje,Bijelo Polje,ME-04,municipality,,36.0,,,4,Europe/Podgorica,FALSE,1499256248
Poda,Poda,,42.8453,19.2950,Montenegro,ME,MNE,Kolašin,Kolasin,ME-09,municipality,,8.3,,,5,Europe/Podgorica,FALSE,1499108193
Poda,Poda,,42.3636,18.8100,Montenegro,ME,MNE,Cetinje,Cetinje,ME-06,municipality,,16.1,,,4,Europe/Podgorica,FALSE,1499279013
Zavrh,Zavrh,,42.8133,18.9144,Montenegro,ME,MNE,Nikšić,Niksic,ME-12,municipality,,35.4,,,4,Europe/Podgorica,FALSE,1499064329
Lačev Do,Lacev Do,,42.5911,18.8325,Montenegro,ME,MNE,Cetinje,Cetinje,ME-06,municipality,,16.1,,,4,Europe/Podgorica,FALSE,1499584123
Brskut,Brskut,,42.6119,19.4972,Montenegro,ME,MNE,Podgorica,Podgorica,ME-16,municipality,,156.7,,,4,Europe/Podgorica,FALSE,1499597050
Števerine,Steverine,,42.7383,19.3575,Montenegro,ME,MNE,Kolašin,Kolasin,ME-09,municipality,,8.3,,,5,Europe/Podgorica,FALSE,1499990336
Prenkaj,Prenkaj,,42.3417,19.3736,Montenegro,ME,MNE,Tuzi,Tuzi,ME-24,municipality,,156.7,,,4,Europe/Podgorica,FALSE,1499358269
Potpeće,Potpece,,42.5069,19.2861,Montenegro,ME,MNE,Podgorica,Podgorica,ME-16,municipality,,156.7,,,4,Europe/Podgorica,FALSE,1499826463
Ovčarevo,Ovcarevo,,43.4111,19.2858,Montenegro,ME,MNE,Pljevlja,Pljevlja,ME-14,municipality,,17.2,,,4,Europe/Podgorica,FALSE,1499357084
Marina Glavica,Marina Glavica,,42.8089,18.6300,Montenegro,ME,MNE,Nikšić,Niksic,ME-12,municipality,,35.4,,,4,Europe/Podgorica,FALSE,1499678212
Donji Lepenac,Donji Lepenac,,42.9942,19.6003,Montenegro,ME,MNE,Mojkovac,Mojkovac,ME-11,municipality,,29.6,,,4,Europe/Podgorica,FALSE,1499013693
Draginje,Draginje,Draginja,42.0142,19.3469,Montenegro,ME,MNE,Ulcinj,Ulcinj,ME-20,municipality,,64.1,,,4,Europe/Podgorica,FALSE,1499958480
Pešića Luka,Pesica Luka,,42.7522,19.5439,Montenegro,ME,MNE,Kolašin,Kolasin,ME-09,municipality,,8.3,,,5,Europe/Podgorica,FALSE,1499790860
Brevica,Brevica,,42.6444,19.7833,Montenegro,ME,MNE,Andrijevica,Andrijevica,ME-01,municipality,,12.7,,,4,Europe/Podgorica,FALSE,1499850581
Svine,Svine,,42.7308,19.4247,Montenegro,ME,MNE,Kolašin,Kolasin,ME-09,municipality,,8.3,,,5,Europe/Podgorica,FALSE,1499254717
Brezovac,Brezovac,,43.0067,19.6181,Montenegro,ME,MNE,Mojkovac,Mojkovac,ME-11,municipality,,36.0,,,4,Europe/Podgorica,FALSE,1499950183
Otočići,Otocici,Optočici|Ovtočići,42.2564,18.9881,Montenegro,ME,MNE,Bar,Bar,ME-02,municipality,,99.4,,,4,Europe/Podgorica,FALSE,1499295199
Podgradina,Podgradina,,42.9400,18.6089,Montenegro,ME,MNE,Nikšić,Niksic,ME-12,municipality,,35.4,,,4,Europe/Podgorica,FALSE,1499466069
Podkupić,Podkupic,,42.6769,18.9578,Montenegro,ME,MNE,Nikšić,Niksic,ME-12,municipality,,35.4,,,4,Europe/Podgorica,FALSE,1499162221
Veliko Rađevo,Veliko Radevo,,42.8386,19.0294,Montenegro,ME,MNE,Nikšić,Niksic,ME-12,municipality,,35.4,,,4,Europe/Podgorica,FALSE,1499229877
Kruševo,Krusevo,,43.1022,18.8456,Montenegro,ME,MNE,Plužine,Pluzine,ME-15,municipality,,2.6,,,5,Europe/Podgorica,FALSE,1499817851
Mekote,Mekote,,43.5072,19.1800,Montenegro,ME,MNE,Pljevlja,Pljevlja,ME-14,municipality,,17.2,,,4,Europe/Podgorica,FALSE,1499354949
Podgradina,Podgradina,,43.4969,19.1597,Montenegro,ME,MNE,Pljevlja,Pljevlja,ME-14,municipality,,17.2,,,4,Europe/Podgorica,FALSE,1499720777
Podgradina,Podgradina,,43.4139,19.2928,Montenegro,ME,MNE,Pljevlja,Pljevlja,ME-14,municipality,,17.2,,,4,Europe/Podgorica,TRUE,1499403930
Progonovići,Progonovici,,42.4308,19.0689,Montenegro,ME,MNE,Podgorica,Podgorica,ME-16,municipality,,105.5,,,4,Europe/Podgorica,FALSE,1499797915
Ostružnje,Ostruznje,,42.8028,19.3756,Montenegro,ME,MNE,Kolašin,Kolasin,ME-09,municipality,,8.3,,,5,Europe/Podgorica,FALSE,1499448226
Belovina,Belovina,,43.0206,19.4136,Montenegro,ME,MNE,Mojkovac,Mojkovac,ME-11,municipality,,20.8,,,4,Europe/Podgorica,FALSE,1499419731
Pejovići,Pejovici,,42.5219,18.8703,Montenegro,ME,MNE,Cetinje,Cetinje,ME-06,municipality,,16.1,,,4,Europe/Podgorica,FALSE,1499799207
Krasića Strana,Krasica Strana,,42.9792,19.5147,Montenegro,ME,MNE,Mojkovac,Mojkovac,ME-11,municipality,,20.8,,,4,Europe/Podgorica,FALSE,1499275831
Gusnice,Gusnice,,42.8728,20.0931,Montenegro,ME,MNE,Rožaje,Rozaje,ME-17,municipality,,52.0,,,4,Europe/Podgorica,FALSE,1499177910
Karuč,Karuc,,42.3583,19.1069,Montenegro,ME,MNE,Cetinje,Cetinje,ME-06,municipality,,16.1,,,4,Europe/Podgorica,FALSE,1499148594
Cerovi Pod,Cerovi Pod,,42.3444,19.1431,Montenegro,ME,MNE,Podgorica,Podgorica,ME-16,municipality,,16.1,,,4,Europe/Podgorica,FALSE,1499238003
Prentin Do,Prentin Do,,42.6022,18.8264,Montenegro,ME,MNE,Cetinje,Cetinje,ME-06,municipality,,16.1,,,4,Europe/Podgorica,FALSE,1499794011
Kosor,Kosor,,42.4939,19.3747,Montenegro,ME,MNE,Podgorica,Podgorica,ME-16,municipality,,156.7,,,4,Europe/Podgorica,FALSE,1499348697
Donji Curovići,Donji Curovici,,42.0842,19.3131,Montenegro,ME,MNE,Ulcinj,Ulcinj,ME-20,municipality,,98.5,,,4,Europe/Podgorica,FALSE,1499346828
Ukropci,Ukropci,,42.3403,18.7494,Montenegro,ME,MNE,Kotor,Kotor,ME-10,municipality,,87.1,,,4,Europe/Podgorica,FALSE,1499546774
Trkači,Trkaci,,43.2481,19.3594,Montenegro,ME,MNE,Pljevlja,Pljevlja,ME-14,municipality,,17.2,,,4,Europe/Podgorica,FALSE,1499944931
Dolinice,Dolinice,Mihajlovići,43.3383,19.4383,Montenegro,ME,MNE,Pljevlja,Pljevlja,ME-14,municipality,,17.2,,,4,Europe/Podgorica,FALSE,1499724713
Vukanovići,Vukanovici,,43.0764,19.6222,Montenegro,ME,MNE,Bijelo Polje,Bijelo Polje,ME-04,municipality,,36.0,,,4,Europe/Podgorica,FALSE,1499449704
Babino Brdo,Babino Brdo,,43.3531,18.8778,Montenegro,ME,MNE,Plužine,Pluzine,ME-15,municipality,,2.6,,,5,Europe/Podgorica,FALSE,1499248084
Lauševići,Lausevici,,43.1597,19.1703,Montenegro,ME,MNE,Žabljak,Zabljak,ME-21,municipality,,6.9,,,5,Europe/Podgorica,FALSE,1499247481
Gornja Glizica,Gornja Glizica,,42.5639,19.1803,Montenegro,ME,MNE,Danilovgrad,Danilovgrad,ME-07,municipality,,42.4,,,4,Europe/Podgorica,FALSE,1499554362
Zainovića Guvno,Zainovica Guvno,,42.6539,18.7314,Montenegro,ME,MNE,Cetinje,Cetinje,ME-06,municipality,,16.1,,,4,Europe/Podgorica,FALSE,1499950967
Potkokot,Potkokot,Podkokot,43.2886,19.1053,Montenegro,ME,MNE,Pljevlja,Pljevlja,ME-14,municipality,,17.2,,,4,Europe/Podgorica,FALSE,1499530304
Kutlov Do,Kutlov Do,,42.7161,19.3711,Montenegro,ME,MNE,Kolašin,Kolasin,ME-09,municipality,,8.3,,,5,Europe/Podgorica,FALSE,1499317015
Lice,Lice,,43.1714,18.9272,Montenegro,ME,MNE,Plužine,Pluzine,ME-15,municipality,,2.6,,,5,Europe/Podgorica,FALSE,1499372645
Ratkov Do,Ratkov Do,,43.2881,19.4636,Montenegro,ME,MNE,Pljevlja,Pljevlja,ME-14,municipality,,17.2,,,4,Europe/Podgorica,FALSE,1499430419
Seoštica,Seostica,,42.5753,19.4239,Montenegro,ME,MNE,Podgorica,Podgorica,ME-16,municipality,,156.7,,,4,Europe/Podgorica,FALSE,1499378230
Dubrave,Dubrave,,42.8889,18.9397,Montenegro,ME,MNE,Nikšić,Niksic,ME-12,municipality,,35.4,,,4,Europe/Podgorica,FALSE,1499086551
Mijoska,Mijoska,Mioska,42.8150,19.4125,Montenegro,ME,MNE,Kolašin,Kolasin,ME-09,municipality,,8.3,,,5,Europe/Podgorica,FALSE,1499443588
Meterizi,Meterizi,,42.3778,19.0561,Montenegro,ME,MNE,Cetinje,Cetinje,ME-06,municipality,,16.1,,,4,Europe/Podgorica,FALSE,1499680104
Tepca,Tepca,,43.2053,19.0781,Montenegro,ME,MNE,Pljevlja,Pljevlja,ME-14,municipality,,17.2,,,4,Europe/Podgorica,FALSE,1499538495
Šinđon,Sindon,Šindjon|Šindan,42.3569,19.0403,Montenegro,ME,MNE,Cetinje,Cetinje,ME-06,municipality,,16.1,,,4,Europe/Podgorica,FALSE,1499410311
Šuplja Stijena,Suplja Stijena,,43.3808,19.0544,Montenegro,ME,MNE,Pljevlja,Pljevlja,ME-14,municipality,,17.1,,,4,Europe/Podgorica,FALSE,1499609907
Pljeva,Pljeva,Pijeva,43.1086,19.7569,Montenegro,ME,MNE,Bijelo Polje,Bijelo Polje,ME-04,municipality,,36.0,,,4,Europe/Podgorica,FALSE,1499545581
Gornja Rijeka,Gornja Rijeka,Rijeka,42.9208,19.2831,Montenegro,ME,MNE,Šavnik,Savnik,ME-18,municipality,,2.6,,,5,Europe/Podgorica,FALSE,1499056896
Zamaćev Do,Zamacev Do,,42.6544,18.7019,Montenegro,ME,MNE,Cetinje,Cetinje,ME-06,municipality,,35.4,,,4,Europe/Podgorica,FALSE,1499289503
Straševina,Strasevina,Straševna,42.7558,18.9492,Montenegro,ME,MNE,Nikšić,Niksic,ME-12,municipality,,35.4,,,4,Europe/Podgorica,FALSE,1499465551
Lisičine,Lisicine,,42.9753,19.6575,Montenegro,ME,MNE,Mojkovac,Mojkovac,ME-11,municipality,,36.0,,,4,Europe/Podgorica,FALSE,1499482174
Ćirovići,Cirovici,,43.2561,19.4319,Montenegro,ME,MNE,Pljevlja,Pljevlja,ME-14,municipality,,17.2,,,4,Europe/Podgorica,FALSE,1499462749
Ponorni Do,Ponorni Do,,42.6900,18.7400,Montenegro,ME,MNE,Cetinje,Cetinje,ME-06,municipality,,22.9,,,4,Europe/Podgorica,FALSE,1499749077
Lokva,Lokva,,43.5053,19.1053,Montenegro,ME,MNE,Pljevlja,Pljevlja,ME-14,municipality,,17.2,,,4,Europe/Podgorica,FALSE,1499440187
Čelina,Celina,,42.6572,18.6658,Montenegro,ME,MNE,Nikšić,Niksic,ME-12,municipality,,35.4,,,4,Europe/Podgorica,FALSE,1499657922
Kunovača,Kunovaca,,43.1142,19.7669,Montenegro,ME,MNE,Bijelo Polje,Bijelo Polje,ME-04,municipality,,36.0,,,4,Europe/Podgorica,FALSE,1499771929
Župkovići,Zupkovici,,42.4719,18.5092,Montenegro,ME,MNE,Herceg Novi,Herceg Novi,ME-08,municipality,,117.9,,,4,Europe/Podgorica,FALSE,1499785603
Slivni Do,Slivni Do,,42.7306,18.5858,Montenegro,ME,MNE,Nikšić,Niksic,ME-12,municipality,,35.4,,,4,Europe/Podgorica,FALSE,1499022016
Paklješica,Pakljesica,,42.9556,19.5881,Montenegro,ME,MNE,Mojkovac,Mojkovac,ME-11,municipality,,20.8,,,4,Europe/Podgorica,FALSE,1499762695
Zakrajci,Zakrajci,,43.0964,19.2972,Montenegro,ME,MNE,Žabljak,Zabljak,ME-21,municipality,,6.9,,,5,Europe/Podgorica,FALSE,1499761801
Brijege,Brijege,Brijegi,42.2425,19.0272,Montenegro,ME,MNE,Bar,Bar,ME-02,municipality,,99.4,,,4,Europe/Podgorica,FALSE,1499649079
Donja Kržanja,Donja Krzanja,,42.5261,19.4392,Montenegro,ME,MNE,Podgorica,Podgorica,ME-16,municipality,,156.7,,,4,Europe/Podgorica,FALSE,1499618619
Komina,Komina,,42.0219,19.1608,Montenegro,ME,MNE,Bar,Bar,ME-02,municipality,,65.1,,,4,Europe/Podgorica,FALSE,1499549837
Šestovići,Sestovici,,43.1217,19.4533,Montenegro,ME,MNE,Pljevlja,Pljevlja,ME-14,municipality,,17.2,,,4,Europe/Podgorica,FALSE,1499825661
Gluvčev Do,Gluvcev Do,,42.5728,19.3842,Montenegro,ME,MNE,Podgorica,Podgorica,ME-16,municipality,,156.7,,,4,Europe/Podgorica,FALSE,1499133420
Gornje Polje,Gornje Polje,,43.0172,18.9692,Montenegro,ME,MNE,Šavnik,Savnik,ME-18,municipality,,2.6,,,5,Europe/Podgorica,FALSE,1499998241
Opasanica,Opasanica,Opasaonica,42.6806,19.5414,Montenegro,ME,MNE,Podgorica,Podgorica,ME-16,municipality,,156.7,,,4,Europe/Podgorica,FALSE,1499913337
Donje Gorice,Donje Gorice,,43.1783,19.5517,Montenegro,ME,MNE,Bijelo Polje,Bijelo Polje,ME-04,municipality,,36.0,,,4,Europe/Podgorica,FALSE,1499167726
Glišovići,Glisovici,,43.1969,18.9128,Montenegro,ME,MNE,Plužine,Pluzine,ME-15,municipality,,2.6,,,5,Europe/Podgorica,FALSE,1499030023
Ravna Gora,Ravna Gora,,43.1022,19.6428,Montenegro,ME,MNE,Bijelo Polje,Bijelo Polje,ME-04,municipality,,36.0,,,4,Europe/Podgorica,FALSE,1499006284
Čavori,Cavori,,42.3636,18.8047,Montenegro,ME,MNE,Cetinje,Cetinje,ME-06,municipality,,57.1,,,4,Europe/Podgorica,FALSE,1499417681
Irino Brdo,Irino Brdo,,43.3231,19.4117,Montenegro,ME,MNE,Pljevlja,Pljevlja,ME-14,municipality,,17.2,,,4,Europe/Podgorica,FALSE,1499340938
Smokovac,Smokovac,,42.4806,19.3053,Montenegro,ME,MNE,Podgorica,Podgorica,ME-16,municipality,,156.7,,,4,Europe/Podgorica,FALSE,1499262763
Javorje,Javorje,Komarski Kraj,43.1089,19.1247,Montenegro,ME,MNE,Žabljak,Zabljak,ME-21,municipality,,6.9,,,5,Europe/Podgorica,FALSE,1499693983
Žukovica,Zukovica,,42.6114,18.7547,Montenegro,ME,MNE,Cetinje,Cetinje,ME-06,municipality,,16.1,,,4,Europe/Podgorica,FALSE,1499742795
Vonjin Do,Vonjin Do,,42.7503,18.8136,Montenegro,ME,MNE,Nikšić,Niksic,ME-12,municipality,,35.4,,,4,Europe/Podgorica,FALSE,1499548956
Vrsajke,Vrsajke,,42.9703,19.9800,Montenegro,ME,MNE,Petnjica,Petnjica,ME-23,municipality,,36.0,,,4,Europe/Podgorica,FALSE,1499178965
Raičevići,Raicevici,Rajičevići,42.4283,18.8269,Montenegro,ME,MNE,Cetinje,Cetinje,ME-06,municipality,,16.1,,,4,Europe/Podgorica,FALSE,1499691328
Raičevići,Raicevici,Rajćevići,43.1128,19.7275,Montenegro,ME,MNE,Bijelo Polje,Bijelo Polje,ME-04,municipality,,36.0,,,4,Europe/Podgorica,FALSE,1499205282
Miolje Polje,Miolje Polje,,42.7219,19.1197,Montenegro,ME,MNE,Nikšić,Niksic,ME-12,municipality,,35.4,,,4,Europe/Podgorica,FALSE,1499355111
Ržine,Rzine,,42.8822,19.7308,Montenegro,ME,MNE,Berane,Berane,ME-03,municipality,,45.3,,,4,Europe/Podgorica,FALSE,1499563703
Bunovići,Bunovici,,42.4856,18.5931,Montenegro,ME,MNE,Herceg Novi,Herceg Novi,ME-08,municipality,,117.9,,,4,Europe/Podgorica,FALSE,1499249669
Velji Do,Velji Do,,42.6850,19.3383,Montenegro,ME,MNE,Kolašin,Kolasin,ME-09,municipality,,8.3,,,5,Europe/Podgorica,FALSE,1499251720
Mramor,Mramor,,43.3381,19.4008,Montenegro,ME,MNE,Pljevlja,Pljevlja,ME-14,municipality,,17.2,,,4,Europe/Podgorica,FALSE,1499116535
Velji Do,Velji Do,,42.5478,18.8514,Montenegro,ME,MNE,Cetinje,Cetinje,ME-06,municipality,,16.1,,,4,Europe/Podgorica,FALSE,1499692898
Kremeš,Kremes,,42.7214,19.3650,Montenegro,ME,MNE,Kolašin,Kolasin,ME-09,municipality,,8.3,,,5,Europe/Podgorica,FALSE,1499839728
Paklješica,Pakljesica,Paklešica,42.7319,19.4053,Montenegro,ME,MNE,Kolašin,Kolasin,ME-09,municipality,,8.3,,,5,Europe/Podgorica,FALSE,1499556416
Derviševići,Dervisevici,,42.5786,19.8103,Montenegro,ME,MNE,Gusinje,Gusinje,ME-22,municipality,,29.7,,,4,Europe/Podgorica,FALSE,1499362714
Mačija Stopa,Macija Stopa,,42.5994,18.6494,Montenegro,ME,MNE,Kotor,Kotor,ME-10,municipality,,87.1,,,4,Europe/Podgorica,FALSE,1499773216
Klopot,Klopot,,42.5589,19.3781,Montenegro,ME,MNE,Podgorica,Podgorica,ME-16,municipality,,156.7,,,4,Europe/Podgorica,FALSE,1499873285
Ljeskovi Dolovi,Ljeskovi Dolovi,Ljeskovi Doli,42.6917,18.8822,Montenegro,ME,MNE,Nikšić,Niksic,ME-12,municipality,,35.4,,,4,Europe/Podgorica,FALSE,1499376848
Djevojački Do,Djevojacki Do,Devojački Do,42.7436,18.6447,Montenegro,ME,MNE,Nikšić,Niksic,ME-12,municipality,,35.4,,,4,Europe/Podgorica,FALSE,1499748803
Ljeskovca,Ljeskovca,,42.8208,19.3892,Montenegro,ME,MNE,Kolašin,Kolasin,ME-09,municipality,,8.3,,,5,Europe/Podgorica,FALSE,1499121496
Ugnji,Ugnji,,42.3400,18.9175,Montenegro,ME,MNE,Cetinje,Cetinje,ME-06,municipality,,16.1,,,4,Europe/Podgorica,FALSE,1499303706
Komini,Komini,,43.4769,19.0314,Montenegro,ME,MNE,Pljevlja,Pljevlja,ME-14,municipality,,17.2,,,4,Europe/Podgorica,FALSE,1499270312
Bradašica,Bradasica,,42.6142,19.4847,Montenegro,ME,MNE,Podgorica,Podgorica,ME-16,municipality,,156.7,,,4,Europe/Podgorica,FALSE,1499652486
Paškala,Paskala,,42.3728,19.3628,Montenegro,ME,MNE,Tuzi,Tuzi,ME-24,municipality,,156.7,,,4,Europe/Podgorica,FALSE,1499603145
Izlasci,Izlasci,,42.8164,19.5669,Montenegro,ME,MNE,Kolašin,Kolasin,ME-09,municipality,,8.3,,,5,Europe/Podgorica,FALSE,1499174726
Duraševići,Durasevici,,42.3981,18.5969,Montenegro,ME,MNE,Herceg Novi,Herceg Novi,ME-08,municipality,,117.9,,,4,Europe/Podgorica,FALSE,1499579461
Prijeki Do,Prijeki Do,,42.5553,18.9203,Montenegro,ME,MNE,Cetinje,Cetinje,ME-06,municipality,,16.1,,,4,Europe/Podgorica,FALSE,1499739992
Ljebarice,Ljebarice,Jablanovići,43.1017,19.7622,Montenegro,ME,MNE,Bijelo Polje,Bijelo Polje,ME-04,municipality,,36.0,,,4,Europe/Podgorica,FALSE,1499125984
Medupotočje,Medupotocje,,42.7839,19.3436,Montenegro,ME,MNE,Kolašin,Kolasin,ME-09,municipality,,8.3,,,5,Europe/Podgorica,FALSE,1499319261
Zagorič,Zagoric,,42.4600,19.2758,Montenegro,ME,MNE,Podgorica,Podgorica,ME-16,municipality,,156.7,,,4,Europe/Podgorica,FALSE,1499865031
Cerovi Do,Cerovi Do,,42.8206,18.8003,Montenegro,ME,MNE,Nikšić,Niksic,ME-12,municipality,,35.4,,,4,Europe/Podgorica,FALSE,1499695801
Golubni Do,Golubni Do,,42.9664,18.6878,Montenegro,ME,MNE,Nikšić,Niksic,ME-12,municipality,,35.4,,,4,Europe/Podgorica,FALSE,1499093804
Čekanje,Cekanje,,42.4328,18.8586,Montenegro,ME,MNE,Cetinje,Cetinje,ME-06,municipality,,16.1,,,4,Europe/Podgorica,FALSE,1499618845
Kućetina,Kucetina,,43.2486,19.4511,Montenegro,ME,MNE,Pljevlja,Pljevlja,ME-14,municipality,,17.2,,,4,Europe/Podgorica,FALSE,1499778914
Tijesak,Tijesak,Tjesak,42.4022,19.1856,Montenegro,ME,MNE,Podgorica,Podgorica,ME-16,municipality,,156.7,,,4,Europe/Podgorica,FALSE,1499132804
Hadžaj,Hadzaj,,42.3978,19.3517,Montenegro,ME,MNE,Tuzi,Tuzi,ME-24,municipality,,156.7,,,4,Europe/Podgorica,FALSE,1499853756
Oraš Mala,Oras Mala,,42.6706,19.8814,Montenegro,ME,MNE,Plav,Plav,ME-13,municipality,,27.5,,,4,Europe/Podgorica,FALSE,1499070312
Krušev Do,Krusev Do,,43.0247,19.7711,Montenegro,ME,MNE,Bijelo Polje,Bijelo Polje,ME-04,municipality,,36.0,,,4,Europe/Podgorica,FALSE,1499156076
Dahna,Dahna,,42.4231,19.2286,Montenegro,ME,MNE,Podgorica,Podgorica,ME-16,municipality,,156.7,,,4,Europe/Podgorica,FALSE,1499689531
Lipovac,Lipovac,,42.5394,18.8444,Montenegro,ME,MNE,Cetinje,Cetinje,ME-06,municipality,,16.1,,,4,Europe/Podgorica,FALSE,1499560518
Klađe,Klade,,43.2547,19.4867,Montenegro,ME,MNE,Pljevlja,Pljevlja,ME-14,municipality,,17.2,,,4,Europe/Podgorica,FALSE,1499025888
Banovina,Banovina,,42.4842,18.6742,Montenegro,ME,MNE,Kotor,Kotor,ME-10,municipality,,117.9,,,4,Europe/Podgorica,FALSE,1499737302
Prijespa,Prijespa,,42.7281,18.9644,Montenegro,ME,MNE,Nikšić,Niksic,ME-12,municipality,,35.4,,,4,Europe/Podgorica,FALSE,1499701428
Popratnica,Popratnica,Papratnica,42.4203,19.1531,Montenegro,ME,MNE,Podgorica,Podgorica,ME-16,municipality,,156.7,,,4,Europe/Podgorica,FALSE,1499366033
Ljevišta,Ljevista,,42.8694,19.2686,Montenegro,ME,MNE,Kolašin,Kolasin,ME-09,municipality,,8.3,,,5,Europe/Podgorica,FALSE,1499357129
Koraći,Koraci,Johovice,42.9078,19.9539,Montenegro,ME,MNE,Petnjica,Petnjica,ME-23,municipality,,45.3,,,3,Europe/Podgorica,FALSE,1499009887
Zuri,Zuri,,42.4917,19.1931,Montenegro,ME,MNE,Danilovgrad,Danilovgrad,ME-07,municipality,,42.4,,,4,Europe/Podgorica,FALSE,1499827521
Pandurica,Pandurica,,43.1531,19.3983,Montenegro,ME,MNE,Pljevlja,Pljevlja,ME-14,municipality,,17.2,,,4,Europe/Podgorica,FALSE,1499807767
Bačkovine,Backovine,,42.4328,19.1136,Montenegro,ME,MNE,Podgorica,Podgorica,ME-16,municipality,,156.7,,,4,Europe/Podgorica,FALSE,1499000007
Kopiljača [historical],Kopiljaca [historical],,42.5639,20.0025,Montenegro,ME,MNE,Plav,Plav,ME-13,municipality,,29.7,,,4,Europe/Podgorica,FALSE,1499398251
Nerim,Nerim,,42.9575,18.5919,Montenegro,ME,MNE,Nikšić,Niksic,ME-12,municipality,,35.4,,,4,Europe/Podgorica,FALSE,1499570265
Kruščica,Kruscica,,42.4536,19.3783,Montenegro,ME,MNE,Tuzi,Tuzi,ME-24,municipality,,156.7,,,4,Europe/Podgorica,FALSE,1499359398
Guvna,Guvna,,42.7547,19.7897,Montenegro,ME,MNE,Andrijevica,Andrijevica,ME-01,municipality,,12.7,,,4,Europe/Podgorica,FALSE,1499038780
Vjetroševice,Vjetrosevice,,42.7250,19.7511,Montenegro,ME,MNE,Andrijevica,Andrijevica,ME-01,municipality,,12.7,,,4,Europe/Podgorica,FALSE,1499333500
Lijećevina,Lijecevina,,43.3517,18.8919,Montenegro,ME,MNE,Plužine,Pluzine,ME-15,municipality,,2.6,,,5,Europe/Podgorica,FALSE,1499888187
Kruševica,Krusevica,,42.6608,19.4319,Montenegro,ME,MNE,Podgorica,Podgorica,ME-16,municipality,,22.7,,,4,Europe/Podgorica,FALSE,1499802368
Prokaplje,Prokaplje,,42.4861,19.0947,Montenegro,ME,MNE,Podgorica,Podgorica,ME-16,municipality,,42.4,,,4,Europe/Podgorica,FALSE,1499455013
Lipovik,Lipovik,Lipovi,42.3500,19.0425,Montenegro,ME,MNE,Cetinje,Cetinje,ME-06,municipality,,16.1,,,4,Europe/Podgorica,FALSE,1499577184
Jastrin Do,Jastrin Do,Jestrin Do,42.5542,18.7189,Montenegro,ME,MNE,Cetinje,Cetinje,ME-06,municipality,,35.6,,,4,Europe/Podgorica,FALSE,1499046412
Podbabac,Podbabac,,42.2808,18.8911,Montenegro,ME,MNE,Budva,Budva,ME-05,municipality,,169.8,,,4,Europe/Podgorica,FALSE,1499897791
Svrčuge,Svrcuge,,42.5069,18.4781,Montenegro,ME,MNE,Herceg Novi,Herceg Novi,ME-08,municipality,,117.9,,,4,Europe/Podgorica,FALSE,1499373229
Cijevna,Cijevna,,42.4300,19.4761,Montenegro,ME,MNE,Tuzi,Tuzi,ME-24,municipality,,156.7,,,4,Europe/Podgorica,FALSE,1499594493
Migalovica,Migalovica,,42.8633,19.4564,Montenegro,ME,MNE,Kolašin,Kolasin,ME-09,municipality,,8.3,,,5,Europe/Podgorica,FALSE,1499959085
Sutjel,Sutjel,,41.9306,19.3539,Montenegro,ME,MNE,Ulcinj,Ulcinj,ME-20,municipality,,63.5,,,4,Europe/Podgorica,FALSE,1499976033
Sige,Sige,,42.5569,19.1525,Montenegro,ME,MNE,Danilovgrad,Danilovgrad,ME-07,municipality,,42.4,,,4,Europe/Podgorica,FALSE,1499439146
Carević,Carevic,,42.1222,19.0997,Montenegro,ME,MNE,Bar,Bar,ME-02,municipality,,99.4,,,4,Europe/Podgorica,FALSE,1499336213
Bijedići,Bijedici,,43.3672,19.1161,Montenegro,ME,MNE,Pljevlja,Pljevlja,ME-14,municipality,,17.2,,,4,Europe/Podgorica,FALSE,1499624425
Sakate,Sakate,,42.9958,19.7736,Montenegro,ME,MNE,Bijelo Polje,Bijelo Polje,ME-04,municipality,,36.0,,,4,Europe/Podgorica,FALSE,1499356895
Njivica,Njivica,,43.3578,19.1769,Montenegro,ME,MNE,Pljevlja,Pljevlja,ME-14,municipality,,17.2,,,4,Europe/Podgorica,FALSE,1499102385
Ubli,Ubli,,42.6150,18.8739,Montenegro,ME,MNE,Cetinje,Cetinje,ME-06,municipality,,16.1,,,4,Europe/Podgorica,FALSE,1499712681
Podaluga,Podaluga,,42.9258,18.5394,Montenegro,ME,MNE,Nikšić,Niksic,ME-12,municipality,,35.4,,,4,Europe/Podgorica,FALSE,1499059307
Mulinovec,Mulinovec,,42.7042,19.7469,Montenegro,ME,MNE,Andrijevica,Andrijevica,ME-01,municipality,,12.7,,,4,Europe/Podgorica,FALSE,1499830474
Moševski Do,Mosevski Do,,42.6586,18.7681,Montenegro,ME,MNE,Cetinje,Cetinje,ME-06,municipality,,16.1,,,4,Europe/Podgorica,FALSE,1499287162
Laljevići,Laljevici,,43.1072,19.7489,Montenegro,ME,MNE,Bijelo Polje,Bijelo Polje,ME-04,municipality,,36.0,,,4,Europe/Podgorica,FALSE,1499071776
Sirovac,Sirovac,,42.9278,19.2294,Montenegro,ME,MNE,Šavnik,Savnik,ME-18,municipality,,2.6,,,5,Europe/Podgorica,FALSE,1499227451
Vatnikaj,Vatnikaj,,42.3428,19.3947,Montenegro,ME,MNE,Tuzi,Tuzi,ME-24,municipality,,156.7,,,4,Europe/Podgorica,FALSE,1499840273
Kovači,Kovaci,,42.4897,18.4886,Montenegro,ME,MNE,Herceg Novi,Herceg Novi,ME-08,municipality,,117.9,,,4,Europe/Podgorica,FALSE,1499501728
Velji Brijeg,Velji Brijeg,Veljobržani,42.3828,19.2119,Montenegro,ME,MNE,Podgorica,Podgorica,ME-16,municipality,,156.7,,,4,Europe/Podgorica,FALSE,1499782331
Čisto Polje,Cisto Polje,,42.3381,18.9839,Montenegro,ME,MNE,Cetinje,Cetinje,ME-06,municipality,,16.1,,,4,Europe/Podgorica,FALSE,1499640845
Ljubanivići,Ljubanivici,,42.0828,19.3647,Montenegro,ME,MNE,Ulcinj,Ulcinj,ME-20,municipality,,64.1,,,4,Europe/Podgorica,FALSE,1499621629
Bukovac,Bukovac,,43.0444,18.8758,Montenegro,ME,MNE,Plužine,Pluzine,ME-15,municipality,,2.6,,,5,Europe/Podgorica,FALSE,1499868296
Kolibe,Kolibe,,43.3992,19.0431,Montenegro,ME,MNE,Pljevlja,Pljevlja,ME-14,municipality,,16.1,,,4,Europe/Podgorica,FALSE,1499168754
Popov Do,Popov Do,,42.5444,18.6392,Montenegro,ME,MNE,Kotor,Kotor,ME-10,municipality,,87.1,,,4,Europe/Podgorica,FALSE,1499898752
Ivanje,Ivanje,,42.8183,19.0403,Montenegro,ME,MNE,Nikšić,Niksic,ME-12,municipality,,35.4,,,4,Europe/Podgorica,FALSE,1499153052
Kisjelica,Kisjelica,,42.5847,19.3889,Montenegro,ME,MNE,Podgorica,Podgorica,ME-16,municipality,,156.7,,,4,Europe/Podgorica,FALSE,1499183311
Marina Rupa,Marina Rupa,,42.5978,18.8406,Montenegro,ME,MNE,Cetinje,Cetinje,ME-06,municipality,,16.1,,,4,Europe/Podgorica,FALSE,1499966271
Ubaljski Do,Ubaljski Do,,42.6178,18.8717,Montenegro,ME,MNE,Cetinje,Cetinje,ME-06,municipality,,16.1,,,4,Europe/Podgorica,FALSE,1499980931
Smolice,Smolice,,42.7258,19.3503,Montenegro,ME,MNE,Kolašin,Kolasin,ME-09,municipality,,8.3,,,5,Europe/Podgorica,FALSE,1499483727
Obljaj,Obljaj,,42.8419,18.5461,Montenegro,ME,MNE,Nikšić,Niksic,ME-12,municipality,,35.4,,,4,Europe/Podgorica,FALSE,1499065827
Dromira,Dromira,Raoslovići,42.6006,19.3769,Montenegro,ME,MNE,Podgorica,Podgorica,ME-16,municipality,,156.7,,,4,Europe/Podgorica,FALSE,1499584630
Banja,Banja,,42.5019,18.6928,Montenegro,ME,MNE,Kotor,Kotor,ME-10,municipality,,87.1,,,4,Europe/Podgorica,FALSE,1499642858
Kukaljevina,Kukaljevina,,42.3122,18.8081,Montenegro,ME,MNE,Budva,Budva,ME-05,municipality,,110.4,,,4,Europe/Podgorica,FALSE,1499247975
Biorići,Biorici,Bijorići,42.9397,19.8367,Montenegro,ME,MNE,Berane,Berane,ME-03,municipality,,36.0,,,4,Europe/Podgorica,FALSE,1499603453
Zabrnjica,Zabrnjica,,43.3994,19.0894,Montenegro,ME,MNE,Pljevlja,Pljevlja,ME-14,municipality,,17.2,,,4,Europe/Podgorica,FALSE,1499946699
Zabrnjica,Zabrnjica,,43.2656,19.2497,Montenegro,ME,MNE,Pljevlja,Pljevlja,ME-14,municipality,,17.2,,,4,Europe/Podgorica,TRUE,1499661917
Kovačevići,Kovacevici,,43.1058,19.7292,Montenegro,ME,MNE,Bijelo Polje,Bijelo Polje,ME-04,municipality,,36.0,,,4,Europe/Podgorica,FALSE,1499238820
Gurza,Gurza,Guraza,42.1611,19.1700,Montenegro,ME,MNE,Bar,Bar,ME-02,municipality,,99.4,,,4,Europe/Podgorica,FALSE,1499257848
Glusčevina,Gluscevina,,42.7811,18.5564,Montenegro,ME,MNE,Nikšić,Niksic,ME-12,municipality,,35.4,,,4,Europe/Podgorica,FALSE,1499005874
Krivače,Krivace,,42.7386,18.7147,Montenegro,ME,MNE,Nikšić,Niksic,ME-12,municipality,,35.4,,,4,Europe/Podgorica,FALSE,1499667891
Zabrnjica,Zabrnjica,,42.7886,19.0128,Montenegro,ME,MNE,Nikšić,Niksic,ME-12,municipality,,35.4,,,4,Europe/Podgorica,FALSE,1499578366
Raspuće,Raspuce,Lokvina,42.7733,19.0969,Montenegro,ME,MNE,Nikšić,Niksic,ME-12,municipality,,35.4,,,4,Europe/Podgorica,FALSE,1499519415
Nedajno,Nedajno,,43.2000,18.9833,Montenegro,ME,MNE,Plužine,Pluzine,ME-15,municipality,,2.6,,,4,Europe/Podgorica,FALSE,1499492364
Šapići,Sapici,,43.5436,19.0147,Montenegro,ME,MNE,Pljevlja,Pljevlja,ME-14,municipality,,17.2,,,4,Europe/Sarajevo,FALSE,1499956112
Ogorelovac,Ogorelovac,,43.1183,19.3128,Montenegro,ME,MNE,Žabljak,Zabljak,ME-21,municipality,,16.7,,,4,Europe/Podgorica,FALSE,1499039789
Petolik,Petolik,,43.0103,19.6375,Montenegro,ME,MNE,Bijelo Polje,Bijelo Polje,ME-04,municipality,,36.0,,,4,Europe/Podgorica,FALSE,1499045318
Meštrovići,Mestrovici,,42.3967,18.6861,Montenegro,ME,MNE,Tivat,Tivat,ME-19,municipality,,286.9,,,3,Europe/Podgorica,FALSE,1499362339
Zagreda,Zagreda,,42.5269,19.3919,Montenegro,ME,MNE,Podgorica,Podgorica,ME-16,municipality,,156.7,,,4,Europe/Podgorica,FALSE,1499257395
Velje Slacko,Velje Slacko,,42.6594,19.4708,Montenegro,ME,MNE,Podgorica,Podgorica,ME-16,municipality,,156.7,,,4,Europe/Podgorica,FALSE,1499477551
Paprat,Paprat,,42.4792,18.8206,Montenegro,ME,MNE,Cetinje,Cetinje,ME-06,municipality,,16.1,,,4,Europe/Podgorica,FALSE,1499876178
Biserna Obala,Biserna Obala,,42.1597,19.0047,Montenegro,ME,MNE,Bar,Bar,ME-02,municipality,,99.4,,,4,Europe/Podgorica,FALSE,1499693506
Javora,Javora,,42.6736,18.5639,Montenegro,ME,MNE,Nikšić,Niksic,ME-12,municipality,,29.0,,,4,Europe/Podgorica,FALSE,1499356255
Mladojevina,Mladojevina,,43.1617,19.6144,Montenegro,ME,MNE,Bijelo Polje,Bijelo Polje,ME-04,municipality,,36.0,,,4,Europe/Podgorica,FALSE,1499795018
Donje Čarađe,Donje Carade,,43.0183,18.6692,Montenegro,ME,MNE,Nikšić,Niksic,ME-12,municipality,,35.4,,,4,Europe/Podgorica,FALSE,1499710417
Ðuđevina,Dudevina,,42.7644,19.4017,Montenegro,ME,MNE,Kolašin,Kolasin,ME-09,municipality,,8.3,,,5,Europe/Podgorica,FALSE,1499868605
Ðulov Do,Dulov Do,,42.6922,18.6944,Montenegro,ME,MNE,Nikšić,Niksic,ME-12,municipality,,35.4,,,4,Europe/Podgorica,FALSE,1499229688
Vučje Selište,Vucje Seliste,,43.2344,18.9372,Montenegro,ME,MNE,Plužine,Pluzine,ME-15,municipality,,2.6,,,5,Europe/Podgorica,FALSE,1499041837
Plani,Plani,,43.5125,19.1631,Montenegro,ME,MNE,Pljevlja,Pljevlja,ME-14,municipality,,17.2,,,4,Europe/Podgorica,FALSE,1499993144
Plani,Plani,,43.4097,19.3011,Montenegro,ME,MNE,Pljevlja,Pljevlja,ME-14,municipality,,17.2,,,4,Europe/Podgorica,TRUE,1499260309
Višnjice,Visnjice,,42.8522,20.2294,Montenegro,ME,MNE,Rožaje,Rozaje,ME-17,municipality,,52.0,,,4,Europe/Podgorica,FALSE,1499375321
Milov Do,Milov Do,,42.6642,18.7481,Montenegro,ME,MNE,Cetinje,Cetinje,ME-06,municipality,,16.1,,,4,Europe/Podgorica,FALSE,1499736344
Stravče,Stravce,,42.5744,19.4653,Montenegro,ME,MNE,Podgorica,Podgorica,ME-16,municipality,,156.7,,,4,Europe/Podgorica,FALSE,1499401229
Mala,Mala,,42.7519,19.4175,Montenegro,ME,MNE,Kolašin,Kolasin,ME-09,municipality,,8.3,,,5,Europe/Podgorica,FALSE,1499642719
Vojinovići,Vojinovici,,43.1708,18.8975,Montenegro,ME,MNE,Plužine,Pluzine,ME-15,municipality,,2.6,,,5,Europe/Podgorica,FALSE,1499620268
Grubani,Grubani,,42.3872,19.1236,Montenegro,ME,MNE,Podgorica,Podgorica,ME-16,municipality,,156.7,,,4,Europe/Podgorica,FALSE,1499809972
Zakrilje,Zakrilje,,42.7803,19.3742,Montenegro,ME,MNE,Kolašin,Kolasin,ME-09,municipality,,8.3,,,5,Europe/Podgorica,FALSE,1499342649
Zaušje,Zausje,,42.4492,18.6292,Montenegro,ME,MNE,Herceg Novi,Herceg Novi,ME-08,municipality,,117.9,,,4,Europe/Podgorica,FALSE,1499831195
Dobra Gora,Dobra Gora,,42.5744,18.7997,Montenegro,ME,MNE,Cetinje,Cetinje,ME-06,municipality,,16.1,,,4,Europe/Podgorica,FALSE,1499228064
Konatari,Konatari,Vranti Polje,43.1033,19.7750,Montenegro,ME,MNE,Bijelo Polje,Bijelo Polje,ME-04,municipality,,36.0,,,4,Europe/Podgorica,FALSE,1499255232
Slijepač Most,Slijepac Most,,42.9892,19.6775,Montenegro,ME,MNE,Bijelo Polje,Bijelo Polje,ME-04,municipality,,36.0,,,4,Europe/Podgorica,FALSE,1499925985
Bogojev Do,Bogojev Do,,42.6378,18.7311,Montenegro,ME,MNE,Cetinje,Cetinje,ME-06,municipality,,16.1,,,4,Europe/Podgorica,FALSE,1499624869
Oračine,Oracine,,42.7561,18.8300,Montenegro,ME,MNE,Nikšić,Niksic,ME-12,municipality,,35.4,,,4,Europe/Podgorica,FALSE,1499897815
Erovići,Erovici,,43.0131,19.9642,Montenegro,ME,MNE,Bijelo Polje,Bijelo Polje,ME-04,municipality,,36.0,,,4,Europe/Podgorica,FALSE,1499670236
Papratište,Papratiste,,43.3519,18.8664,Montenegro,ME,MNE,Plužine,Pluzine,ME-15,municipality,,2.6,,,5,Europe/Podgorica,FALSE,1499009106
Lučice,Lucice,,42.2008,18.9519,Montenegro,ME,MNE,Budva,Budva,ME-05,municipality,,169.8,,,4,Europe/Podgorica,FALSE,1499492297
Ljubaštica,Ljubastica,,42.7292,19.6606,Montenegro,ME,MNE,Kolašin,Kolasin,ME-09,municipality,,12.7,,,4,Europe/Podgorica,FALSE,1499957718
Dulanovina,Dulanovina,,43.3500,19.4317,Montenegro,ME,MNE,Pljevlja,Pljevlja,ME-14,municipality,,17.2,,,4,Europe/Podgorica,FALSE,1499504525
Lopari,Lopari,,42.4278,19.3875,Montenegro,ME,MNE,Podgorica,Podgorica,ME-16,municipality,,156.7,,,4,Europe/Podgorica,FALSE,1499023313
Granice,Granice,,42.8297,18.9886,Montenegro,ME,MNE,Nikšić,Niksic,ME-12,municipality,,35.4,,,4,Europe/Podgorica,FALSE,1499161130
Kruševice,Krusevice,Kruševica,42.9144,19.0908,Montenegro,ME,MNE,Šavnik,Savnik,ME-18,municipality,,2.6,,,5,Europe/Podgorica,FALSE,1499606262
Gačevića Dolina,Gacevica Dolina,,43.2783,19.4344,Montenegro,ME,MNE,Pljevlja,Pljevlja,ME-14,municipality,,17.2,,,4,Europe/Podgorica,FALSE,1499548830
Divanovići,Divanovici,,42.2761,18.8900,Montenegro,ME,MNE,Budva,Budva,ME-05,municipality,,169.8,,,4,Europe/Podgorica,FALSE,1499440263
Vranštica,Vranstica,,43.0744,19.6314,Montenegro,ME,MNE,Bijelo Polje,Bijelo Polje,ME-04,municipality,,36.0,,,4,Europe/Podgorica,FALSE,1499304408
Mačkov Do,Mackov Do,,43.3542,18.9072,Montenegro,ME,MNE,Plužine,Pluzine,ME-15,municipality,,2.6,,,5,Europe/Podgorica,FALSE,1499065301
Vukovići,Vukovici,Meštrovac,43.2858,19.0353,Montenegro,ME,MNE,Pljevlja,Pljevlja,ME-14,municipality,,14.5,,,4,Europe/Podgorica,FALSE,1499000271
Skorča Gora,Skorca Gora,,42.7472,18.5236,Montenegro,ME,MNE,Nikšić,Niksic,ME-12,municipality,,34.6,,,4,Europe/Podgorica,FALSE,1499740323
Vukovići,Vukovici,,42.4947,19.2761,Montenegro,ME,MNE,Podgorica,Podgorica,ME-16,municipality,,156.7,,,4,Europe/Podgorica,FALSE,1499025476
Vukovići,Vukovici,Balabušići,42.4625,18.6514,Montenegro,ME,MNE,Kotor,Kotor,ME-10,municipality,,117.9,,,4,Europe/Podgorica,FALSE,1499179969
Banje Brdo,Banje Brdo,,42.7469,19.4036,Montenegro,ME,MNE,Kolašin,Kolasin,ME-09,municipality,,8.3,,,5,Europe/Podgorica,FALSE,1499155871
Kneževići,Knezevici,,43.2375,18.9364,Montenegro,ME,MNE,Plužine,Pluzine,ME-15,municipality,,2.6,,,5,Europe/Podgorica,FALSE,1499521505
Gradac,Gradac,,42.9500,19.0833,Montenegro,ME,MNE,Šavnik,Savnik,ME-18,municipality,,2.6,,,5,Europe/Podgorica,FALSE,1499434803
Magazini,Magazini,,42.4614,18.5711,Montenegro,ME,MNE,Herceg Novi,Herceg Novi,ME-08,municipality,,117.9,,,4,Europe/Podgorica,FALSE,1499757556
Muhovići,Muhovici,,42.9028,20.0042,Montenegro,ME,MNE,Petnjica,Petnjica,ME-23,municipality,,45.3,,,4,Europe/Podgorica,FALSE,1499914747
Njegulov Do,Njegulov Do,,42.5403,18.8636,Montenegro,ME,MNE,Cetinje,Cetinje,ME-06,municipality,,16.1,,,4,Europe/Podgorica,FALSE,1499760560
Strug,Strug,,42.9253,19.1967,Montenegro,ME,MNE,Šavnik,Savnik,ME-18,municipality,,2.6,,,5,Europe/Podgorica,FALSE,1499452014
Gornja Kostanjica,Gornja Kostanjica,,42.4831,18.6639,Montenegro,ME,MNE,Kotor,Kotor,ME-10,municipality,,117.9,,,4,Europe/Podgorica,FALSE,1499855267
Bjelice,Bjelice,,43.1131,19.8217,Montenegro,ME,MNE,Bijelo Polje,Bijelo Polje,ME-04,municipality,,34.8,,,4,Europe/Podgorica,FALSE,1499844681
Trešnjica,Tresnjica,,42.3333,18.7550,Montenegro,ME,MNE,Kotor,Kotor,ME-10,municipality,,87.1,,,4,Europe/Podgorica,FALSE,1499000776
Konik,Konik,,42.4369,19.2833,Montenegro,ME,MNE,Podgorica,Podgorica,ME-16,municipality,,156.7,,,4,Europe/Podgorica,FALSE,1499521239
Stara Zlatica,Stara Zlatica,,42.4644,19.2911,Montenegro,ME,MNE,Podgorica,Podgorica,ME-16,municipality,,156.7,,,4,Europe/Podgorica,FALSE,1499833712
Trešnjica,Tresnjica,,43.1622,18.9050,Montenegro,ME,MNE,Plužine,Pluzine,ME-15,municipality,,2.6,,,5,Europe/Podgorica,FALSE,1499146063
Trešnjica,Tresnjica,,43.1519,19.3008,Montenegro,ME,MNE,Pljevlja,Pljevlja,ME-14,municipality,,17.2,,,4,Europe/Podgorica,FALSE,1499649866
Bijeli Potok,Bijeli Potok,Crna Poljana,42.7758,19.5367,Montenegro,ME,MNE,Kolašin,Kolasin,ME-09,municipality,,8.3,,,5,Europe/Podgorica,FALSE,1499262023
Bijeli Potok,Bijeli Potok,,43.1339,19.6306,Montenegro,ME,MNE,Bijelo Polje,Bijelo Polje,ME-04,municipality,,36.0,,,4,Europe/Podgorica,FALSE,1499124187
Crkvina,Crkvina,,43.1650,19.6211,Montenegro,ME,MNE,Bijelo Polje,Bijelo Polje,ME-04,municipality,,36.0,,,4,Europe/Podgorica,FALSE,1499034238
Bojišta,Bojista,Bojište,43.0000,19.6897,Montenegro,ME,MNE,Bijelo Polje,Bijelo Polje,ME-04,municipality,,36.0,,,4,Europe/Podgorica,FALSE,1499790878
Dodoši,Dodosi,,42.3292,19.1364,Montenegro,ME,MNE,Podgorica,Podgorica,ME-16,municipality,,29.6,,,4,Europe/Podgorica,FALSE,1499641828
Sinjac,Sinjac,,43.1106,18.8117,Montenegro,ME,MNE,Plužine,Pluzine,ME-15,municipality,,2.6,,,5,Europe/Podgorica,FALSE,1499268745
Grdovići,Grdovici,,42.0331,19.1864,Montenegro,ME,MNE,Bar,Bar,ME-02,municipality,,99.4,,,4,Europe/Podgorica,FALSE,1499498781
Rabri,Rabri,,42.4222,19.3675,Montenegro,ME,MNE,Tuzi,Tuzi,ME-24,municipality,,156.7,,,4,Europe/Podgorica,FALSE,1499569966
Dio,Dio,Dijo,42.9794,19.7056,Montenegro,ME,MNE,Bijelo Polje,Bijelo Polje,ME-04,municipality,,36.0,,,4,Europe/Podgorica,FALSE,1499974218
Kružac,Kruzac,,43.3450,18.8642,Montenegro,ME,MNE,Plužine,Pluzine,ME-15,municipality,,2.6,,,5,Europe/Podgorica,FALSE,1499460990
Gostovići,Gostovici,,42.2989,18.7533,Montenegro,ME,MNE,Kotor,Kotor,ME-10,municipality,,87.1,,,4,Europe/Podgorica,FALSE,1499974552
Zagrađe,Zagrade,,42.5803,19.8508,Montenegro,ME,MNE,Gusinje,Gusinje,ME-22,municipality,,29.7,,,4,Europe/Podgorica,FALSE,1499874090
Grlić,Grlic,,42.5481,19.1122,Montenegro,ME,MNE,Danilovgrad,Danilovgrad,ME-07,municipality,,42.4,,,4,Europe/Podgorica,FALSE,1499492892
Odžaci,Odzaci,,42.7222,19.7306,Montenegro,ME,MNE,Andrijevica,Andrijevica,ME-01,municipality,,12.7,,,4,Europe/Podgorica,FALSE,1499444601
Ljuta Bara,Ljuta Bara,,43.4597,19.0694,Montenegro,ME,MNE,Pljevlja,Pljevlja,ME-14,municipality,,17.2,,,4,Europe/Podgorica,FALSE,1499850720
Beljkasi,Beljkasi,,43.4061,19.3297,Montenegro,ME,MNE,Pljevlja,Pljevlja,ME-14,municipality,,17.2,,,4,Europe/Podgorica,FALSE,1499730645
Marići,Marici,,42.4647,18.5839,Montenegro,ME,MNE,Herceg Novi,Herceg Novi,ME-08,municipality,,117.9,,,4,Europe/Podgorica,FALSE,1499320827
Kolač,Kolac,,42.1811,18.9742,Montenegro,ME,MNE,Bar,Bar,ME-02,municipality,,169.8,,,4,Europe/Podgorica,FALSE,1499118564
Strmečica,Strmecica,,43.2661,19.5206,Montenegro,ME,MNE,Pljevlja,Pljevlja,ME-14,municipality,,17.2,,,4,Europe/Podgorica,FALSE,1499864037
Sređani,Sredani,,42.8522,20.1386,Montenegro,ME,MNE,Rožaje,Rozaje,ME-17,municipality,,52.0,,,4,Europe/Podgorica,FALSE,1499579143
Ravno,Ravno,,42.7883,19.3797,Montenegro,ME,MNE,Kolašin,Kolasin,ME-09,municipality,,8.3,,,5,Europe/Podgorica,FALSE,1499949669
Stojanovići,Stojanovici,Stojanović,42.9853,19.8997,Montenegro,ME,MNE,Bijelo Polje,Bijelo Polje,ME-04,municipality,,36.0,,,4,Europe/Podgorica,FALSE,1499793376
Stojanovići,Stojanovici,Stojanović,42.3075,18.8919,Montenegro,ME,MNE,Budva,Budva,ME-05,municipality,,169.8,,,4,Europe/Podgorica,FALSE,1499635377
Bratešići,Bratesici,,42.3472,18.7892,Montenegro,ME,MNE,Kotor,Kotor,ME-10,municipality,,87.1,,,4,Europe/Podgorica,FALSE,1499300677
Rusojevići,Rusojevici,,42.4697,19.1044,Montenegro,ME,MNE,Podgorica,Podgorica,ME-16,municipality,,156.7,,,4,Europe/Podgorica,FALSE,1499357724
Papani,Papani,Papanj,42.1550,19.0419,Montenegro,ME,MNE,Bar,Bar,ME-02,municipality,,99.4,,,4,Europe/Podgorica,FALSE,1499037199
Madžari,Madzari,,43.5094,18.9675,Montenegro,ME,MNE,Pljevlja,Pljevlja,ME-14,municipality,,17.2,,,4,Europe/Podgorica,FALSE,1499255723
Bojovina,Bojovina,,43.3697,19.4281,Montenegro,ME,MNE,Pljevlja,Pljevlja,ME-14,municipality,,17.2,,,4,Europe/Podgorica,FALSE,1499371895
Vrijesno,Vrijesno,,42.2733,18.8950,Montenegro,ME,MNE,Budva,Budva,ME-05,municipality,,169.8,,,4,Europe/Podgorica,FALSE,1499922688
Kamenica,Kamenica,,42.5411,18.8283,Montenegro,ME,MNE,Cetinje,Cetinje,ME-06,municipality,,16.1,,,4,Europe/Podgorica,FALSE,1499003414
Kamenica,Kamenica,,42.4533,18.9411,Montenegro,ME,MNE,Cetinje,Cetinje,ME-06,municipality,,16.1,,,4,Europe/Podgorica,TRUE,1499555186
Pozduj,Pozduj,,42.3989,18.8983,Montenegro,ME,MNE,Cetinje,Cetinje,ME-06,municipality,,16.1,,,4,Europe/Podgorica,FALSE,1499166992
Šolja,Solja,,43.0831,19.8536,Montenegro,ME,MNE,Bijelo Polje,Bijelo Polje,ME-04,municipality,,36.0,,,4,Europe/Podgorica,FALSE,1499733496
Praćevac,Pracevac,,42.8508,19.7878,Montenegro,ME,MNE,Berane,Berane,ME-03,municipality,,45.3,,,4,Europe/Podgorica,FALSE,1499484563
Košutnjak,Kosutnjak,,42.8961,19.8061,Montenegro,ME,MNE,Berane,Berane,ME-03,municipality,,45.3,,,4,Europe/Podgorica,FALSE,1499939690
Simonovići,Simonovici,,42.5831,19.1439,Montenegro,ME,MNE,Danilovgrad,Danilovgrad,ME-07,municipality,,42.4,,,4,Europe/Podgorica,FALSE,1499146290
Lužani,Luzani,,42.4581,19.2289,Montenegro,ME,MNE,Podgorica,Podgorica,ME-16,municipality,,156.7,,,4,Europe/Podgorica,FALSE,1499278446
Rupe Mujovića,Rupe Mujovica,Padi,42.4836,19.0603,Montenegro,ME,MNE,Podgorica,Podgorica,ME-16,municipality,,42.4,,,4,Europe/Podgorica,FALSE,1499348352
Glišin Do,Glisin Do,,43.0769,19.1556,Montenegro,ME,MNE,Žabljak,Zabljak,ME-21,municipality,,6.9,,,5,Europe/Podgorica,FALSE,1499612892
Sjenožeta,Sjenozeta,Sjenoseti,42.7506,19.7336,Montenegro,ME,MNE,Andrijevica,Andrijevica,ME-01,municipality,,12.7,,,4,Europe/Podgorica,FALSE,1499423389
Godijelji,Godijelji,Gornji Godijelji|Godijelja,43.0026,19.0874,Montenegro,ME,MNE,Šavnik,Savnik,ME-18,municipality,,2.6,,,4,Europe/Podgorica,FALSE,1499062600
Brković,Brkovic,,42.4822,18.6733,Montenegro,ME,MNE,Kotor,Kotor,ME-10,municipality,,117.9,,,4,Europe/Podgorica,FALSE,1499449497
Brezovica,Brezovica,,43.2286,19.4275,Montenegro,ME,MNE,Pljevlja,Pljevlja,ME-14,municipality,,17.2,,,4,Europe/Podgorica,FALSE,1499836482
Grebnica,Grebnica,,42.8150,18.6906,Montenegro,ME,MNE,Nikšić,Niksic,ME-12,municipality,,35.4,,,4,Europe/Podgorica,FALSE,1499102961
Radunovići,Radunovici,,42.5700,19.3467,Montenegro,ME,MNE,Podgorica,Podgorica,ME-16,municipality,,156.7,,,4,Europe/Podgorica,FALSE,1499139947
Prčanj,Prcanj,,42.5681,18.4819,Montenegro,ME,MNE,Herceg Novi,Herceg Novi,ME-08,municipality,,29.0,,,4,Europe/Podgorica,FALSE,1499468321
Močila,Mocila,,42.9378,19.8711,Montenegro,ME,MNE,Berane,Berane,ME-03,municipality,,36.0,,,4,Europe/Podgorica,FALSE,1499486512
Gornji Rsojevići,Gornji Rsojevici,Rsojevići|Gornji Rsojević,42.6072,19.1022,Montenegro,ME,MNE,Danilovgrad,Danilovgrad,ME-07,municipality,,42.4,,,4,Europe/Podgorica,FALSE,1499384860
Dumačine,Dumacine,,42.7181,19.3575,Montenegro,ME,MNE,Kolašin,Kolasin,ME-09,municipality,,8.3,,,5,Europe/Podgorica,FALSE,1499662472
Miloševići,Milosevici,,43.1681,18.8042,Montenegro,ME,MNE,Plužine,Pluzine,ME-15,municipality,,2.6,,,5,Europe/Podgorica,FALSE,1499019155
Vukšići,Vuksici,,43.5133,18.9842,Montenegro,ME,MNE,Pljevlja,Pljevlja,ME-14,municipality,,17.2,,,4,Europe/Podgorica,FALSE,1499571691
Kalac,Kalac,,42.6725,19.3486,Montenegro,ME,MNE,Kolašin,Kolasin,ME-09,municipality,,8.3,,,5,Europe/Podgorica,FALSE,1499861517
Miloševići,Milosevici,,42.9175,19.1100,Montenegro,ME,MNE,Šavnik,Savnik,ME-18,municipality,,2.6,,,5,Europe/Podgorica,FALSE,1499383079
Lainja,Lainja,Lakinja,42.3892,19.0531,Montenegro,ME,MNE,Cetinje,Cetinje,ME-06,municipality,,16.1,,,4,Europe/Podgorica,FALSE,1499405783
Bacovići,Bacovici,Bačevići,42.7967,18.5675,Montenegro,ME,MNE,Nikšić,Niksic,ME-12,municipality,,35.4,,,4,Europe/Podgorica,FALSE,1499772306
Miroč-Do,Miroc-Do,,43.0289,18.6708,Montenegro,ME,MNE,Nikšić,Niksic,ME-12,municipality,,35.4,,,4,Europe/Podgorica,FALSE,1499214448
Halilović,Halilovic,,42.8208,20.1522,Montenegro,ME,MNE,Rožaje,Rozaje,ME-17,municipality,,52.0,,,4,Europe/Podgorica,FALSE,1499801715
Musterovići,Musterovici,Gornji Ðurickovići,42.5219,19.0503,Montenegro,ME,MNE,Danilovgrad,Danilovgrad,ME-07,municipality,,42.4,,,4,Europe/Podgorica,FALSE,1499854423
Široki Do,Siroki Do,,42.7461,18.6961,Montenegro,ME,MNE,Nikšić,Niksic,ME-12,municipality,,35.4,,,4,Europe/Podgorica,FALSE,1499071193
Krst,Krst,,43.5086,19.1969,Montenegro,ME,MNE,Pljevlja,Pljevlja,ME-14,municipality,,17.2,,,4,Europe/Podgorica,FALSE,1499822332
Rvaši,Rvasi,,42.3714,19.0894,Montenegro,ME,MNE,Cetinje,Cetinje,ME-06,municipality,,16.1,,,4,Europe/Podgorica,FALSE,1499209865
Čelina,Celina,,42.5444,18.8197,Montenegro,ME,MNE,Cetinje,Cetinje,ME-06,municipality,,16.1,,,4,Europe/Podgorica,FALSE,1499635724
Lapčići,Lapcici,,42.3139,18.8561,Montenegro,ME,MNE,Budva,Budva,ME-05,municipality,,169.8,,,4,Europe/Podgorica,FALSE,1499667680
Podljut,Podljut,,42.8264,18.6108,Montenegro,ME,MNE,Nikšić,Niksic,ME-12,municipality,,35.4,,,4,Europe/Podgorica,FALSE,1499724893
Bućin,Bucin,Bućini,42.3239,18.7467,Montenegro,ME,MNE,Kotor,Kotor,ME-10,municipality,,87.1,,,4,Europe/Podgorica,FALSE,1499130445
Pavlov Do,Pavlov Do,,42.6647,18.6797,Montenegro,ME,MNE,Nikšić,Niksic,ME-12,municipality,,35.4,,,4,Europe/Podgorica,FALSE,1499358667
Gošići,Gosici,,42.3186,19.2617,Montenegro,ME,MNE,Podgorica,Podgorica,ME-16,municipality,,156.7,,,4,Europe/Podgorica,FALSE,1499282998
Dobruš,Dobrus,,42.6556,18.9669,Montenegro,ME,MNE,Nikšić,Niksic,ME-12,municipality,,35.4,,,4,Europe/Podgorica,FALSE,1499240442
Dragalj,Dragalj,Podvrsnik,42.6222,18.6769,Montenegro,ME,MNE,Cetinje,Cetinje,ME-06,municipality,,17.8,,,4,Europe/Podgorica,FALSE,1499583643
Ždrijelo,Zdrijelo,,42.5550,18.5106,Montenegro,ME,MNE,Herceg Novi,Herceg Novi,ME-08,municipality,,117.9,,,4,Europe/Podgorica,FALSE,1499472958
Grandov Do,Grandov Do,,42.5936,18.7264,Montenegro,ME,MNE,Cetinje,Cetinje,ME-06,municipality,,16.1,,,4,Europe/Podgorica,FALSE,1499854943
Gornji Stoliv,Gornji Stoliv,Stoliv Gornji|Gornje Stolivo|Gornji Stoli,42.4664,18.7153,Montenegro,ME,MNE,Kotor,Kotor,ME-10,municipality,,286.9,,,3,Europe/Podgorica,FALSE,1499081495
Rupina,Rupina,,42.8867,18.5181,Montenegro,ME,MNE,Nikšić,Niksic,ME-12,municipality,,35.4,,,4,Europe/Podgorica,FALSE,1499654129
Borislavljevica,Borislavljevica,,43.1067,19.4128,Montenegro,ME,MNE,Pljevlja,Pljevlja,ME-14,municipality,,17.2,,,4,Europe/Podgorica,FALSE,1499274149
Rađevo,Radevo,,42.8411,19.0211,Montenegro,ME,MNE,Nikšić,Niksic,ME-12,municipality,,35.4,,,4,Europe/Podgorica,FALSE,1499158537
Pribranci,Pribranci,,43.1017,19.2742,Montenegro,ME,MNE,Žabljak,Zabljak,ME-21,municipality,,6.9,,,5,Europe/Podgorica,FALSE,1499224105
Hadulica,Hadulica,Nadulica,42.6108,19.1917,Montenegro,ME,MNE,Danilovgrad,Danilovgrad,ME-07,municipality,,42.4,,,4,Europe/Podgorica,FALSE,1499618066
Novo Selo,Novo Selo,,42.9908,19.7614,Montenegro,ME,MNE,Bijelo Polje,Bijelo Polje,ME-04,municipality,,36.0,,,4,Europe/Podgorica,FALSE,1499255052
Donja Grabovica,Donja Grabovica,Grabovica,43.0169,19.0811,Montenegro,ME,MNE,Šavnik,Savnik,ME-18,municipality,,2.6,,,5,Europe/Podgorica,FALSE,1499362071
Srijede,Srijede,,42.9019,18.7953,Montenegro,ME,MNE,Nikšić,Niksic,ME-12,municipality,,35.4,,,4,Europe/Podgorica,FALSE,1499023698
Kopitov Do,Kopitov Do,,42.6078,18.7297,Montenegro,ME,MNE,Cetinje,Cetinje,ME-06,municipality,,16.1,,,4,Europe/Podgorica,FALSE,1499553033
Markov Do,Markov Do,,42.5636,18.7053,Montenegro,ME,MNE,Cetinje,Cetinje,ME-06,municipality,,87.1,,,4,Europe/Podgorica,FALSE,1499115965
Markov Do,Markov Do,,42.4011,18.9972,Montenegro,ME,MNE,Cetinje,Cetinje,ME-06,municipality,,16.1,,,4,Europe/Podgorica,TRUE,1499667613
Dolina,Dolina,Dolma,42.9053,20.1469,Montenegro,ME,MNE,Rožaje,Rozaje,ME-17,municipality,,52.0,,,4,Europe/Podgorica,FALSE,1499139598
Dolina,Dolina,,43.5147,19.1878,Montenegro,ME,MNE,Pljevlja,Pljevlja,ME-14,municipality,,17.2,,,4,Europe/Podgorica,FALSE,1499732929
Dolina,Dolina,,43.3861,19.1092,Montenegro,ME,MNE,Pljevlja,Pljevlja,ME-14,municipality,,17.2,,,4,Europe/Podgorica,TRUE,1499356079
Dolina,Dolina,,43.4481,19.1733,Montenegro,ME,MNE,Pljevlja,Pljevlja,ME-14,municipality,,17.2,,,4,Europe/Podgorica,TRUE,1499707865
Gola Strana,Gola Strana,,42.5158,19.2392,Montenegro,ME,MNE,Podgorica,Podgorica,ME-16,municipality,,156.7,,,4,Europe/Podgorica,FALSE,1499535547
Božurev Do,Bozurev Do,,43.3486,18.9211,Montenegro,ME,MNE,Plužine,Pluzine,ME-15,municipality,,2.6,,,5,Europe/Podgorica,FALSE,1499114635
Proseni Do,Proseni Do,,42.5300,18.8544,Montenegro,ME,MNE,Cetinje,Cetinje,ME-06,municipality,,16.1,,,4,Europe/Podgorica,FALSE,1499307607
Jankovo Selo,Jankovo Selo,,42.5864,18.6581,Montenegro,ME,MNE,Kotor,Kotor,ME-10,municipality,,87.1,,,4,Europe/Podgorica,FALSE,1499535052
Krvavci,Krvavci,,43.3442,19.1575,Montenegro,ME,MNE,Pljevlja,Pljevlja,ME-14,municipality,,17.2,,,4,Europe/Podgorica,FALSE,1499823924
Dugi Do,Dugi Do,,42.6925,18.6308,Montenegro,ME,MNE,Nikšić,Niksic,ME-12,municipality,,35.4,,,4,Europe/Podgorica,FALSE,1499579135
Dugi Do,Dugi Do,,42.7389,18.5764,Montenegro,ME,MNE,Nikšić,Niksic,ME-12,municipality,,35.4,,,4,Europe/Podgorica,TRUE,1499950441
Dugi Do,Dugi Do,,42.8067,18.5922,Montenegro,ME,MNE,Nikšić,Niksic,ME-12,municipality,,35.4,,,4,Europe/Podgorica,TRUE,1499938429
Arza,Arza,,42.3697,19.4028,Montenegro,ME,MNE,Tuzi,Tuzi,ME-24,municipality,,156.7,,,4,Europe/Podgorica,FALSE,1499742832
Dubravčevina,Dubravcevina,,42.4006,18.6953,Montenegro,ME,MNE,Tivat,Tivat,ME-19,municipality,,286.9,,,3,Europe/Podgorica,FALSE,1499258508
Žarme,Zarme,,42.6031,18.8456,Montenegro,ME,MNE,Cetinje,Cetinje,ME-06,municipality,,16.1,,,4,Europe/Podgorica,FALSE,1499032977
Tunjevo,Tunjevo,,42.6292,19.0175,Montenegro,ME,MNE,Danilovgrad,Danilovgrad,ME-07,municipality,,42.4,,,4,Europe/Podgorica,FALSE,1499805676
Ðenčići,Dencici,,42.0767,19.3292,Montenegro,ME,MNE,Ulcinj,Ulcinj,ME-20,municipality,,64.1,,,4,Europe/Podgorica,FALSE,1499600552
Zaglavak,Zaglavak,,43.2000,19.2519,Montenegro,ME,MNE,Pljevlja,Pljevlja,ME-14,municipality,,17.2,,,4,Europe/Podgorica,FALSE,1499210141
Kozarica,Kozarica,,43.0306,19.0447,Montenegro,ME,MNE,Šavnik,Savnik,ME-18,municipality,,2.6,,,5,Europe/Podgorica,FALSE,1499037347
Seljkovac,Seljkovac,,43.1156,18.8972,Montenegro,ME,MNE,Plužine,Pluzine,ME-15,municipality,,2.6,,,5,Europe/Podgorica,FALSE,1499971406
Zagrad,Zagrad,,42.9189,19.7825,Montenegro,ME,MNE,Berane,Berane,ME-03,municipality,,44.2,,,4,Europe/Podgorica,FALSE,1499295909
Slap,Slap,,42.5997,19.0678,Montenegro,ME,MNE,Danilovgrad,Danilovgrad,ME-07,municipality,,42.4,,,4,Europe/Podgorica,FALSE,1499310720
Plate,Plate,,42.5175,18.8247,Montenegro,ME,MNE,Cetinje,Cetinje,ME-06,municipality,,16.1,,,4,Europe/Podgorica,FALSE,1499745272
Krtine,Krtine,,42.9058,18.5831,Montenegro,ME,MNE,Nikšić,Niksic,ME-12,municipality,,35.4,,,4,Europe/Podgorica,FALSE,1499814573
Gornji Martinići,Gornji Martinici,,42.5542,19.1919,Montenegro,ME,MNE,Danilovgrad,Danilovgrad,ME-07,municipality,,42.4,,,4,Europe/Podgorica,FALSE,1499257860
Selakovići,Selakovici,,43.0872,19.6556,Montenegro,ME,MNE,Bijelo Polje,Bijelo Polje,ME-04,municipality,,36.0,,,4,Europe/Podgorica,FALSE,1499484884
Nik Ðokaj,Nik Dokaj,,42.3394,19.3842,Montenegro,ME,MNE,Tuzi,Tuzi,ME-24,municipality,,156.7,,,4,Europe/Podgorica,FALSE,1499960967
Bazdan,Bazdan,,42.3947,18.7003,Montenegro,ME,MNE,Tivat,Tivat,ME-19,municipality,,286.9,,,3,Europe/Podgorica,FALSE,1499343765
Trešnjevo,Tresnjevo,,42.6356,18.7514,Montenegro,ME,MNE,Cetinje,Cetinje,ME-06,municipality,,16.1,,,4,Europe/Podgorica,FALSE,1499437934
Kruševi Do,Krusevi Do,,42.5539,18.7053,Montenegro,ME,MNE,Cetinje,Cetinje,ME-06,municipality,,87.1,,,4,Europe/Podgorica,FALSE,1499125532
Priporci,Priporci,,42.6825,18.7286,Montenegro,ME,MNE,Cetinje,Cetinje,ME-06,municipality,,16.2,,,4,Europe/Podgorica,FALSE,1499336502
Jelići,Jelici,Eliči,42.7822,18.6308,Montenegro,ME,MNE,Nikšić,Niksic,ME-12,municipality,,35.4,,,4,Europe/Podgorica,FALSE,1499922833
Mučići,Mucici,,42.9794,19.9686,Montenegro,ME,MNE,Bijelo Polje,Bijelo Polje,ME-04,municipality,,36.0,,,4,Europe/Podgorica,FALSE,1499641571
Gornji Bogdašići,Gornji Bogdasici,,42.4406,18.7319,Montenegro,ME,MNE,Kotor,Kotor,ME-10,municipality,,286.9,,,3,Europe/Podgorica,FALSE,1499913613
Leta,Leta,,42.5844,18.9547,Montenegro,ME,MNE,Cetinje,Cetinje,ME-06,municipality,,17.3,,,4,Europe/Podgorica,FALSE,1499715202
Nikonovac,Nikonovac,,42.7744,19.3903,Montenegro,ME,MNE,Kolašin,Kolasin,ME-09,municipality,,8.3,,,5,Europe/Podgorica,FALSE,1499364462
Krstovače,Krstovace,,42.7575,19.0411,Montenegro,ME,MNE,Nikšić,Niksic,ME-12,municipality,,35.4,,,4,Europe/Podgorica,FALSE,1499772953
Gusarevci,Gusarevci,,43.0200,19.1425,Montenegro,ME,MNE,Šavnik,Savnik,ME-18,municipality,,2.6,,,5,Europe/Podgorica,FALSE,1499717438
Brzava,Brzava,,42.9639,19.8094,Montenegro,ME,MNE,Bijelo Polje,Bijelo Polje,ME-04,municipality,,36.0,,,4,Europe/Podgorica,FALSE,1499147477
Babići,Babici,,43.4594,19.0144,Montenegro,ME,MNE,Pljevlja,Pljevlja,ME-14,municipality,,17.2,,,4,Europe/Podgorica,FALSE,1499494532
Vidne,Vidne,Vidno,42.8139,18.4836,Montenegro,ME,MNE,Nikšić,Niksic,ME-12,municipality,,14.3,,,4,Europe/Podgorica,FALSE,1499683051
Jabuka,Jabuka,,42.7389,19.5356,Montenegro,ME,MNE,Podgorica,Podgorica,ME-16,municipality,,8.3,,,5,Europe/Podgorica,FALSE,1499286482
Donji Unač,Donji Unac,,43.1906,18.8669,Montenegro,ME,MNE,Plužine,Pluzine,ME-15,municipality,,2.6,,,5,Europe/Podgorica,FALSE,1499249510
Podkrš,Podkrs,,43.4142,19.2092,Montenegro,ME,MNE,Pljevlja,Pljevlja,ME-14,municipality,,17.2,,,4,Europe/Podgorica,FALSE,1499381884
Mihajlovići,Mihajlovici,Mihailovići,42.3189,19.0717,Montenegro,ME,MNE,Cetinje,Cetinje,ME-06,municipality,,16.1,,,4,Europe/Podgorica,FALSE,1499360941
Zloglavlje,Zloglavlje,,42.8831,20.1019,Montenegro,ME,MNE,Rožaje,Rozaje,ME-17,municipality,,52.0,,,4,Europe/Podgorica,FALSE,1499122827
Mekote,Mekote,,42.7958,18.6250,Montenegro,ME,MNE,Nikšić,Niksic,ME-12,municipality,,35.4,,,4,Europe/Podgorica,FALSE,1499371951
Miljev Do,Miljev Do,,43.0778,18.6603,Montenegro,ME,MNE,Nikšić,Niksic,ME-12,municipality,,10.5,,,4,Europe/Podgorica,FALSE,1499502006
Poljkovac,Poljkovac,,42.5956,18.6675,Montenegro,ME,MNE,Cetinje,Cetinje,ME-06,municipality,,87.1,,,4,Europe/Podgorica,FALSE,1499401760
Gornja Brova,Gornja Brova,,42.3764,19.0289,Montenegro,ME,MNE,Cetinje,Cetinje,ME-06,municipality,,16.1,,,4,Europe/Podgorica,FALSE,1499349036
Cucevica,Cucevica,,42.6703,19.5211,Montenegro,ME,MNE,Podgorica,Podgorica,ME-16,municipality,,156.7,,,4,Europe/Podgorica,FALSE,1499222938
Lajina Luka,Lajina Luka,,42.7058,19.7914,Montenegro,ME,MNE,Andrijevica,Andrijevica,ME-01,municipality,,12.7,,,4,Europe/Podgorica,FALSE,1499143727
Krtoli,Krtoli,,42.3975,18.6722,Montenegro,ME,MNE,Tivat,Tivat,ME-19,municipality,,286.9,,,3,Europe/Podgorica,FALSE,1499066409
Honciće,Honcice,Honsiće|Hondiće,42.8772,20.1039,Montenegro,ME,MNE,Rožaje,Rozaje,ME-17,municipality,,52.0,,,4,Europe/Podgorica,FALSE,1499063884
Vilac,Vilac,,42.5764,19.3953,Montenegro,ME,MNE,Podgorica,Podgorica,ME-16,municipality,,156.7,,,4,Europe/Podgorica,FALSE,1499383309
Bandička Župa,Bandicka Zupa,,42.4803,19.1231,Montenegro,ME,MNE,Podgorica,Podgorica,ME-16,municipality,,117.9,,,4,Europe/Podgorica,FALSE,1499047973
Muratovići,Muratovici,,42.9089,20.0100,Montenegro,ME,MNE,Petnjica,Petnjica,ME-23,municipality,,45.3,,,4,Europe/Podgorica,FALSE,1499738349
Tomanov Do,Tomanov Do,,42.6119,18.8183,Montenegro,ME,MNE,Cetinje,Cetinje,ME-06,municipality,,16.1,,,4,Europe/Podgorica,FALSE,1499105923
Podkurjaj,Podkurjaj,,42.6586,18.6469,Montenegro,ME,MNE,Nikšić,Niksic,ME-12,municipality,,35.4,,,4,Europe/Podgorica,FALSE,1499010298
Dinje,Dinje,,42.8819,19.9153,Montenegro,ME,MNE,Berane,Berane,ME-03,municipality,,45.3,,,4,Europe/Podgorica,FALSE,1499091679
Bukova Voda,Bukova Voda,,43.0219,19.7606,Montenegro,ME,MNE,Bijelo Polje,Bijelo Polje,ME-04,municipality,,36.0,,,4,Europe/Podgorica,FALSE,1499889536
Makljen,Makljen,,42.5372,18.9828,Montenegro,ME,MNE,Cetinje,Cetinje,ME-06,municipality,,16.1,,,4,Europe/Podgorica,FALSE,1499113429
Pčinja,Pcinja,Pčinjaj,42.8042,19.4842,Montenegro,ME,MNE,Kolašin,Kolasin,ME-09,municipality,,8.3,,,5,Europe/Podgorica,FALSE,1499668326
Ržišta,Rzista,Ržište,42.5731,19.0375,Montenegro,ME,MNE,Danilovgrad,Danilovgrad,ME-07,municipality,,42.4,,,4,Europe/Podgorica,FALSE,1499711129
Rudanci,Rudanci,,43.0619,19.3617,Montenegro,ME,MNE,Žabljak,Zabljak,ME-21,municipality,,6.9,,,5,Europe/Podgorica,FALSE,1499845185
Lješev Stub,Ljesev Stub,,42.5147,18.9133,Montenegro,ME,MNE,Cetinje,Cetinje,ME-06,municipality,,16.1,,,4,Europe/Podgorica,FALSE,1499417048
Meždo,Mezdo,,43.1619,19.1447,Montenegro,ME,MNE,Žabljak,Zabljak,ME-21,municipality,,6.9,,,5,Europe/Podgorica,FALSE,1499534054
Jelovo Ždrijelo,Jelovo Zdrijelo,,42.9256,18.5472,Montenegro,ME,MNE,Nikšić,Niksic,ME-12,municipality,,35.4,,,4,Europe/Podgorica,FALSE,1499711274
Buljunice,Buljunice,,43.4542,19.2608,Montenegro,ME,MNE,Pljevlja,Pljevlja,ME-14,municipality,,17.2,,,4,Europe/Podgorica,FALSE,1499883562
Ježević,Jezevic,,42.5039,18.7483,Montenegro,ME,MNE,Kotor,Kotor,ME-10,municipality,,87.1,,,4,Europe/Podgorica,FALSE,1499837392
Mijokusovići,Mijokusovici,,42.6297,19.0503,Montenegro,ME,MNE,Danilovgrad,Danilovgrad,ME-07,municipality,,42.4,,,4,Europe/Podgorica,FALSE,1499466254
Koritnik,Koritnik,Koritnica,43.1056,19.5156,Montenegro,ME,MNE,Bijelo Polje,Bijelo Polje,ME-04,municipality,,25.2,,,4,Europe/Podgorica,FALSE,1499245634
Cernica,Cernica,,43.0467,19.6197,Montenegro,ME,MNE,Bijelo Polje,Bijelo Polje,ME-04,municipality,,36.0,,,4,Europe/Podgorica,FALSE,1499845976
Gojkovići,Gojkovici,Gojković,42.5072,18.4964,Montenegro,ME,MNE,Herceg Novi,Herceg Novi,ME-08,municipality,,117.9,,,4,Europe/Podgorica,FALSE,1499342197
Meljaci,Meljaci,,42.7286,19.4300,Montenegro,ME,MNE,Kolašin,Kolasin,ME-09,municipality,,8.3,,,5,Europe/Podgorica,FALSE,1499035892
Podjelje,Podjelje,,42.9433,18.6242,Montenegro,ME,MNE,Nikšić,Niksic,ME-12,municipality,,35.4,,,4,Europe/Podgorica,FALSE,1499542033
Podjelje,Podjelje,,42.9167,18.8072,Montenegro,ME,MNE,Nikšić,Niksic,ME-12,municipality,,35.4,,,4,Europe/Podgorica,TRUE,1499795427
Draškovina,Draskovina,,43.1669,19.6278,Montenegro,ME,MNE,Bijelo Polje,Bijelo Polje,ME-04,municipality,,36.0,,,4,Europe/Podgorica,FALSE,1499630744
Petinići,Petinici,,43.4136,19.2158,Montenegro,ME,MNE,Pljevlja,Pljevlja,ME-14,municipality,,17.2,,,4,Europe/Podgorica,FALSE,1499847254
Marovići,Marovici,,42.4689,18.7694,Montenegro,ME,MNE,Kotor,Kotor,ME-10,municipality,,87.1,,,4,Europe/Podgorica,FALSE,1499000005
Marovići,Marovici,,42.3211,18.7600,Montenegro,ME,MNE,Kotor,Kotor,ME-10,municipality,,87.1,,,4,Europe/Podgorica,TRUE,1499403353
Pomenići,Pomenici,,43.4736,19.1344,Montenegro,ME,MNE,Pljevlja,Pljevlja,ME-14,municipality,,17.2,,,4,Europe/Podgorica,FALSE,1499205566
Liješnje,Lijesnje,Lešnje,42.4042,19.1469,Montenegro,ME,MNE,Podgorica,Podgorica,ME-16,municipality,,156.7,,,4,Europe/Podgorica,FALSE,1499051662
Kneževići,Knezevici,,43.2886,19.4531,Montenegro,ME,MNE,Pljevlja,Pljevlja,ME-14,municipality,,17.2,,,4,Europe/Podgorica,FALSE,1499425135
Budojevići,Budojevici,,43.5086,18.9717,Montenegro,ME,MNE,Pljevlja,Pljevlja,ME-14,municipality,,17.2,,,4,Europe/Podgorica,FALSE,1499614140
Klapusi,Klapusi,Klapuhe,43.4783,19.0825,Montenegro,ME,MNE,Pljevlja,Pljevlja,ME-14,municipality,,17.2,,,4,Europe/Podgorica,FALSE,1499237493
Ljubojevac,Ljubojevac,,43.4542,19.1250,Montenegro,ME,MNE,Pljevlja,Pljevlja,ME-14,municipality,,17.2,,,4,Europe/Podgorica,FALSE,1499550236
Šarančići,Sarancici,,43.3306,19.4206,Montenegro,ME,MNE,Pljevlja,Pljevlja,ME-14,municipality,,17.2,,,4,Europe/Podgorica,FALSE,1499757318
Tudorovići,Tudorovici,Tudorovic,42.2450,18.9117,Montenegro,ME,MNE,Budva,Budva,ME-05,municipality,,169.8,,,4,Europe/Podgorica,FALSE,1499459059
Gornja Kržanja,Gornja Krzanja,,42.5386,19.4389,Montenegro,ME,MNE,Podgorica,Podgorica,ME-16,municipality,,156.7,,,4,Europe/Podgorica,FALSE,1499459342
Okolišta,Okolista,,42.6028,18.7375,Montenegro,ME,MNE,Cetinje,Cetinje,ME-06,municipality,,16.1,,,4,Europe/Podgorica,FALSE,1499959357
Vozarine,Vozarine,Vozarina,42.8325,19.3739,Montenegro,ME,MNE,Kolašin,Kolasin,ME-09,municipality,,8.3,,,5,Europe/Podgorica,FALSE,1499279791
Drasin Do,Drasin Do,,42.5531,18.8419,Montenegro,ME,MNE,Cetinje,Cetinje,ME-06,municipality,,16.1,,,4,Europe/Podgorica,FALSE,1499714343
Gornje Dubočke,Gornje Dubocke,,42.9247,18.6533,Montenegro,ME,MNE,Nikšić,Niksic,ME-12,municipality,,35.4,,,4,Europe/Podgorica,FALSE,1499629958
Vlahovina,Vlahovina,,43.2219,19.4814,Montenegro,ME,MNE,Pljevlja,Pljevlja,ME-14,municipality,,17.2,,,4,Europe/Podgorica,FALSE,1499880042
Dobro Polje,Dobro Polje,,42.6353,19.0264,Montenegro,ME,MNE,Danilovgrad,Danilovgrad,ME-07,municipality,,42.4,,,4,Europe/Podgorica,FALSE,1499222147
Slamni Brod,Slamni Brod,,42.4594,19.1744,Montenegro,ME,MNE,Podgorica,Podgorica,ME-16,municipality,,156.7,,,4,Europe/Podgorica,FALSE,1499667476
Čitluk,Citluk,,43.1181,19.6289,Montenegro,ME,MNE,Bijelo Polje,Bijelo Polje,ME-04,municipality,,36.0,,,4,Europe/Podgorica,FALSE,1499305813
Mateševo,Matesevo,,42.7667,19.5500,Montenegro,ME,MNE,Kolašin,Kolasin,ME-09,municipality,,8.3,,,5,Europe/Podgorica,FALSE,1499807425
Plani,Plani,,43.0442,19.7869,Montenegro,ME,MNE,Bijelo Polje,Bijelo Polje,ME-04,municipality,,36.0,,,4,Europe/Podgorica,FALSE,1499002976
Čokarlinsko Brdo,Cokarlinsko Brdo,,43.1067,19.5844,Montenegro,ME,MNE,Bijelo Polje,Bijelo Polje,ME-04,municipality,,36.0,,,4,Europe/Podgorica,FALSE,1499871927
Radovac,Radovac,,42.4600,19.4161,Montenegro,ME,MNE,Tuzi,Tuzi,ME-24,municipality,,156.7,,,4,Europe/Podgorica,FALSE,1499913313
Mandići,Mandici,,42.6569,19.0225,Montenegro,ME,MNE,Danilovgrad,Danilovgrad,ME-07,municipality,,42.4,,,4,Europe/Podgorica,FALSE,1499092847
Repište,Repiste,,43.3572,19.2578,Montenegro,ME,MNE,Pljevlja,Pljevlja,ME-14,municipality,,17.2,,,4,Europe/Podgorica,FALSE,1499247178
Džukelska Jama,Dzukelska Jama,,43.0625,19.4703,Montenegro,ME,MNE,Bijelo Polje,Bijelo Polje,ME-04,municipality,,36.0,,,4,Europe/Podgorica,FALSE,1499319930
Gornja Lastva,Gornja Lastva,,42.4534,18.7073,Montenegro,ME,MNE,Tivat,Tivat,ME-19,municipality,,286.9,,,3,Europe/Podgorica,FALSE,1499887205
Čista Vlaka,Cista Vlaka,,42.8628,18.6233,Montenegro,ME,MNE,Nikšić,Niksic,ME-12,municipality,,35.4,,,4,Europe/Podgorica,FALSE,1499808801
Donja Povija,Donja Povija,Gornja Povija,42.6831,19.0103,Montenegro,ME,MNE,Nikšić,Niksic,ME-12,municipality,,35.4,,,4,Europe/Podgorica,FALSE,1499081232
Horolac,Horolac,,42.5564,19.9897,Montenegro,ME,MNE,Plav,Plav,ME-13,municipality,,29.7,,,4,Europe/Podgorica,FALSE,1499888176