city,city_ascii,city_alt,lat,lng,country,iso2,iso3,admin_name,admin_name_ascii,admin_code,admin_type,capital,density,population,population_proper,ranking,timezone,same_name,id
Kapreḍhuṅgā,Kapredhunga,,27.5637,85.5937,Nepal,NP,NPL,,,,,,125.6,,,4,Asia/Kathmandu,FALSE,1524724707
Indraiyā,Indraiya,,28.4766,81.0812,Nepal,NP,NPL,,,,,,1087.1,,,3,Asia/Kathmandu,FALSE,1524025870
Hāiru,Hairu,,28.5370,82.4552,Nepal,NP,NPL,,,,,,236.9,,,3,Asia/Kathmandu,FALSE,1524027589
Bhalāyeṭār,Bhalayetar,,27.3531,85.9779,Nepal,NP,NPL,,,,,,96.2,,,4,Asia/Kathmandu,FALSE,1524641522
Ḍobake,Dobake,,28.8380,80.8642,Nepal,NP,NPL,,,,,,57.9,,,4,Asia/Kathmandu,FALSE,1524020857
Chhamaniyā,Chhamaniya,,28.2158,81.6150,Nepal,NP,NPL,,,,,,254.2,,,3,Asia/Kathmandu,FALSE,1524023142
Sābāluṅ,Sabalun,,27.3180,86.7663,Nepal,NP,NPL,,,,,,167.0,,,4,Asia/Kathmandu,FALSE,1524533142
Bhārtichhāp,Bhartichhap,,27.2476,86.5715,Nepal,NP,NPL,,,,,,108.5,,,4,Asia/Kathmandu,FALSE,1524012191
Charchare,Charchare,,28.4923,81.6395,Nepal,NP,NPL,,,,,,26.9,,,4,Asia/Kathmandu,FALSE,1524028081
Dopāyā,Dopaya,,28.6191,82.3906,Nepal,NP,NPL,,,,,,160.8,,,4,Asia/Kathmandu,FALSE,1524029038
Dhanpuri̇̄ Uttarbāri̇̄ṭol,Dhanpuri Uttarbaritol,,26.6008,86.8892,Nepal,NP,NPL,,,,,,746.2,,,3,Asia/Kathmandu,FALSE,1524013590
Jhapā Paschimṭol,Jhapa Paschimtol,,26.5127,87.2981,Nepal,NP,NPL,,,,,,1208.0,,,3,Asia/Kathmandu,FALSE,1524007000
Lāpe,Lape,,27.8449,82.7886,Nepal,NP,NPL,Lumbinī,Lumbini,NP-P5,,,133.7,,,4,Asia/Kathmandu,FALSE,1524009038
Bagnām,Bagnam,,27.5410,84.8006,Nepal,NP,NPL,,,,,,74.3,,,4,Asia/Kathmandu,FALSE,1524017107
Chormārā,Chormara,,27.6151,84.0166,Nepal,NP,NPL,,,,,,318.4,,,3,Asia/Kathmandu,FALSE,1524012952
Basantathalā,Basantathala,,28.9460,80.2903,Nepal,NP,NPL,,,,,,676.1,,,3,Asia/Kathmandu,FALSE,1524020670
Narvadāpāti̇̄,Narvadapati,Narvadāpātī,27.7001,85.6194,Nepal,NP,NPL,,,,,,146.4,,,4,Asia/Kathmandu,FALSE,1524714801
Bārane,Barane,,27.0487,87.1051,Nepal,NP,NPL,,,,,,54.1,,,4,Asia/Kathmandu,FALSE,1524019639
Gaiṇḍāgāũ,Gaindagau,Gaiṇḍāgāun,27.6983,85.4469,Nepal,NP,NPL,,,,,,1120.3,,,3,Asia/Kathmandu,FALSE,1524221899
Mainākholā,Mainakhola,,27.2379,85.3109,Nepal,NP,NPL,,,,,,60.0,,,4,Asia/Kathmandu,FALSE,1524525530
Baḍāḍhuṅgā,Badadhunga,,28.4127,82.3672,Nepal,NP,NPL,,,,,,138.1,,,4,Asia/Kathmandu,FALSE,1524031174
Sāgine,Sagine,,28.5130,82.1382,Nepal,NP,NPL,Karṇālī,Karnali,NP-P6,,,136.9,,,4,Asia/Kathmandu,FALSE,1524031870
Chandrapur,Chandrapur,,26.6109,87.4249,Nepal,NP,NPL,,,,,,694.3,,,3,Asia/Kathmandu,FALSE,1524006147
Chandrapur,Chandrapur,,26.8620,85.9230,Nepal,NP,NPL,,,,,,597.6,,,3,Asia/Kathmandu,TRUE,1524005349
Chandrapur,Chandrapur,,26.8497,85.9742,Nepal,NP,NPL,,,,,,505.6,,,3,Asia/Kathmandu,TRUE,1524004131
Chandrapur,Chandrapur,,28.9262,80.4195,Nepal,NP,NPL,,,,,,308.0,,,3,Asia/Kathmandu,TRUE,1524020344
Chandrapur,Chandrapur,,28.5579,81.6745,Nepal,NP,NPL,,,,,,180.9,,,4,Asia/Kathmandu,TRUE,1524029063
Gwālsim,Gwalsim,,28.9732,81.5161,Nepal,NP,NPL,,,,,,360.7,,,3,Asia/Kathmandu,FALSE,1524023763
Sidhapur,Sidhapur,,26.6643,87.1649,Nepal,NP,NPL,,,,,,2089.2,,,2,Asia/Kathmandu,FALSE,1524011788
Sidhapur,Sidhapur,,27.2043,84.8424,Nepal,NP,NPL,,,,,,790.5,,,3,Asia/Kathmandu,TRUE,1524018030
Sārki̇̄ṭol,Sarkitol,Sārkīṭol,27.1002,85.5792,Nepal,NP,NPL,,,,,,345.3,,,3,Asia/Kathmandu,FALSE,1524747121
Sārki̇̄ṭol,Sarkitol,,26.8562,86.3867,Nepal,NP,NPL,,,,,,315.4,,,3,Asia/Kathmandu,TRUE,1524003708
Sārkiṭol,Sarkitol,,27.8238,85.5647,Nepal,NP,NPL,,,,,,255.0,,,3,Asia/Kathmandu,TRUE,1524251407
Sārki̇̄ṭol,Sarkitol,,27.9918,82.3833,Nepal,NP,NPL,,,,,,107.7,,,4,Asia/Kathmandu,TRUE,1524007509
Ṭaṭeli̇̄,Tateli,,28.3292,81.9823,Nepal,NP,NPL,,,,,,49.5,,,4,Asia/Kathmandu,FALSE,1524026567
Tunḍi̇̄,Tundi,Tunḍī,27.3284,85.5496,Nepal,NP,NPL,,,,,,67.9,,,4,Asia/Kathmandu,FALSE,1524220489
Satārgāũ,Satargau,,26.5530,87.4191,Nepal,NP,NPL,,,,,,1126.7,,,3,Asia/Kathmandu,FALSE,1524006360
Dalli̇̄,Dalli,,29.5278,80.8402,Nepal,NP,NPL,Sudūrpashchim,Sudurpashchim,NP-P7,,,544.3,,,3,Asia/Kathmandu,FALSE,1524033481
Dallī,Dalli,Dāli,28.7820,82.3161,Nepal,NP,NPL,Karṇālī,Karnali,NP-P6,,,138.9,,,4,Asia/Kathmandu,FALSE,1524704938
Āndruṅ,Andrun,,27.1290,87.3123,Nepal,NP,NPL,,,,,,172.6,,,4,Asia/Kathmandu,FALSE,1524016212
Madānechaur,Madanechaur,,28.4605,81.7363,Nepal,NP,NPL,,,,,,128.7,,,4,Asia/Kathmandu,FALSE,1524028572
Madanechaur,Madanechaur,,28.5861,81.7179,Nepal,NP,NPL,,,,,,92.5,,,4,Asia/Kathmandu,TRUE,1524029512
Madānechaur,Madanechaur,,28.4599,81.8505,Nepal,NP,NPL,,,,,,81.7,,,4,Asia/Kathmandu,TRUE,1524023021
Gaṅsur,Gansur,,29.5068,80.7743,Nepal,NP,NPL,Sudūrpashchim,Sudurpashchim,NP-P7,,,73.7,,,4,Asia/Kathmandu,FALSE,1524033933
Arthumkā,Arthumka,,27.9178,84.3695,Nepal,NP,NPL,,,,,,185.1,,,4,Asia/Kathmandu,FALSE,1524008144
Barre Māthillo,Barre Mathillo,,27.0400,86.8161,Nepal,NP,NPL,,,,,,174.7,,,4,Asia/Kathmandu,FALSE,1524014486
Mempāṅ,Mempan,,27.4078,87.0544,Nepal,NP,NPL,,,,,,63.5,,,4,Asia/Kathmandu,FALSE,1524019111
Kauwākhoj,Kauwakhoj,,26.4133,87.1472,Nepal,NP,NPL,,,,,,2372.3,,,2,Asia/Kathmandu,FALSE,1524007415
Saptari̇̄yāṭol,Saptariyatol,,26.5946,87.2511,Nepal,NP,NPL,,,,,,5859.4,,,2,Asia/Kathmandu,FALSE,1524006757
Devkoṭ,Devkot,,29.0144,81.3189,Nepal,NP,NPL,Sudūrpashchim,Sudurpashchim,NP-P7,,,186.7,,,4,Asia/Kathmandu,FALSE,1524033372
Baḍki̇̄ Ṭãḍuwā,Badki Taduwa,,28.4191,81.2382,Nepal,NP,NPL,,,,,,354.1,,,3,Asia/Kathmandu,FALSE,1524026524
Shānti̇̄golāi̇̄,Shantigolai,,26.8797,88.0297,Nepal,NP,NPL,,,,,,307.7,,,3,Asia/Kathmandu,FALSE,1524000894
Mallo Chanāḍā,Mallo Chanada,,29.0173,81.0951,Nepal,NP,NPL,Sudūrpashchim,Sudurpashchim,NP-P7,,,30.8,,,4,Asia/Kathmandu,FALSE,1524035991
Sibudin,Sibudin,,27.3635,87.8532,Nepal,NP,NPL,Province Number One,Province Number One,NP-P1,,,113.9,,,4,Asia/Kathmandu,FALSE,1524003325
Sometā,Someta,,28.4366,83.6870,Nepal,NP,NPL,Gaṇḍakī,Gandaki,NP-P4,,,73.5,,,4,Asia/Kathmandu,FALSE,1524036341
Jorkholāgāũ,Jorkholagau,,26.7394,87.8466,Nepal,NP,NPL,,,,,,104.6,,,4,Asia/Kathmandu,FALSE,1524001376
Tribhuwanṭār,Tribhuwantar,,27.6140,84.0995,Nepal,NP,NPL,Gaṇḍakī,Gandaki,NP-P4,,,739.2,,,3,Asia/Kathmandu,FALSE,1524013502
Tamphulā,Tamphula,,27.1331,87.5397,Nepal,NP,NPL,,,,,,163.8,,,4,Asia/Kathmandu,FALSE,1524016729
Ānpḍā̃ḍā,Anpdada,Ānpḍānḍā,27.0912,86.4099,Nepal,NP,NPL,,,,,,117.0,,,4,Asia/Kathmandu,FALSE,1524986295
Ānpḍā̃ḍā,Anpdada,Ānpḍānḍā,27.3442,85.7406,Nepal,NP,NPL,,,,,,113.4,,,4,Asia/Kathmandu,TRUE,1524680466
Ānpḍā̃ḍā,Anpdada,Ānpḍānḍā,27.0687,86.2713,Nepal,NP,NPL,,,,,,79.7,,,4,Asia/Kathmandu,TRUE,1524595162
Ānpḍā̃ḍā,Anpdada,Ānpḍānḍā,27.1729,85.9215,Nepal,NP,NPL,,,,,,34.4,,,4,Asia/Kathmandu,TRUE,1524648989
Chheukharka,Chheukharka,,27.2154,87.9189,Nepal,NP,NPL,,,,,,77.3,,,4,Asia/Kathmandu,FALSE,1524018956
Kimtāḍ,Kimtad,,29.6748,80.3949,Nepal,NP,NPL,Sudūrpashchim,Sudurpashchim,NP-P7,,,103.2,,,4,Asia/Kathmandu,FALSE,1524032208
Lagar,Lagar,,28.5457,82.4836,Nepal,NP,NPL,,,,,,237.9,,,3,Asia/Kathmandu,FALSE,1524027598
Narkaṭe,Narkate,,27.6507,85.3696,Nepal,NP,NPL,,,,,,4325.7,,,2,Asia/Kathmandu,FALSE,1524988677
Narkaṭe,Narkate,,27.0724,87.7323,Nepal,NP,NPL,,,,,,294.0,,,3,Asia/Kathmandu,TRUE,1524020188
Narkaṭe,Narkate,,27.1438,86.2886,Nepal,NP,NPL,,,,,,169.2,,,4,Asia/Kathmandu,TRUE,1524484832
Narkaṭe,Narkate,,27.1506,87.4898,Nepal,NP,NPL,,,,,,166.1,,,4,Asia/Kathmandu,TRUE,1524017165
Narkaṭe,Narkate,,27.1887,86.8205,Nepal,NP,NPL,,,,,,153.2,,,4,Asia/Kathmandu,TRUE,1524010130
Narkaṭe,Narkate,,27.3443,86.2699,Nepal,NP,NPL,,,,,,143.1,,,4,Asia/Kathmandu,TRUE,1524121817
Narkaṭe,Narkate,,26.7968,87.3695,Nepal,NP,NPL,,,,,,138.2,,,4,Asia/Kathmandu,TRUE,1524015035
Narkaṭe,Narkate,,27.0572,87.6104,Nepal,NP,NPL,,,,,,123.7,,,4,Asia/Kathmandu,TRUE,1524019491
Narkaṭe,Narkate,,27.0138,86.7192,Nepal,NP,NPL,,,,,,110.7,,,4,Asia/Kathmandu,TRUE,1524011052
Narkaṭe,Narkate,,27.1011,86.1042,Nepal,NP,NPL,,,,,,103.8,,,4,Asia/Kathmandu,TRUE,1524929266
Narkaṭe,Narkate,,27.0597,86.2547,Nepal,NP,NPL,,,,,,64.0,,,4,Asia/Kathmandu,TRUE,1524675474
Narkaṭe,Narkate,,26.8481,86.5616,Nepal,NP,NPL,,,,,,33.9,,,4,Asia/Kathmandu,TRUE,1524001503
Kolābuṅ,Kolabun,,27.0934,87.4679,Nepal,NP,NPL,Province Number One,Province Number One,NP-P1,,,237.0,,,3,Asia/Kathmandu,FALSE,1524020495
Chalāl,Chalal,,27.5422,85.4967,Nepal,NP,NPL,,,,,,148.1,,,4,Asia/Kathmandu,FALSE,1524400905
Simalchok,Simalchok,,26.6078,87.8441,Nepal,NP,NPL,,,,,,456.1,,,3,Asia/Kathmandu,FALSE,1524013661
Bhālukhore,Bhalukhore,,28.5185,82.5405,Nepal,NP,NPL,,,,,,154.7,,,4,Asia/Kathmandu,FALSE,1524029142
Sālbisāune,Salbisaune,,27.2613,85.1405,Nepal,NP,NPL,,,,,,97.3,,,4,Asia/Kathmandu,FALSE,1524441509
Bisudu,Bisudu,,27.3623,86.8243,Nepal,NP,NPL,,,,,,36.8,,,4,Asia/Kathmandu,FALSE,1524425476
Dubāḍi̇̄,Dubadi,,28.7636,81.6142,Nepal,NP,NPL,,,,,,209.9,,,3,Asia/Kathmandu,FALSE,1524022267
Māthebā̃s,Mathebas,,28.0557,81.9018,Nepal,NP,NPL,,,,,,20.8,,,4,Asia/Kathmandu,FALSE,1524022051
Ḍhugrigāḍ,Dhugrigad,,28.4796,82.4224,Nepal,NP,NPL,,,,,,109.6,,,4,Asia/Kathmandu,FALSE,1524030713
Paraṅgās,Parangas,,27.2540,86.4736,Nepal,NP,NPL,,,,,,191.4,,,4,Asia/Kathmandu,FALSE,1524085840
Dādar,Dadar,,26.9045,86.6649,Nepal,NP,NPL,,,,,,109.7,,,4,Asia/Kathmandu,FALSE,1524001545
Ḍaḍar,Dadar,,28.2720,81.9966,Nepal,NP,NPL,,,,,,41.3,,,4,Asia/Kathmandu,TRUE,1524026427
Pashupati̇̄ Nagar,Pashupati Nagar,,28.1286,81.6072,Nepal,NP,NPL,,,,,,589.7,,,3,Asia/Kathmandu,FALSE,1524023138
Pashupati̇̄ Nagar,Pashupati Nagar,,28.4873,81.1802,Nepal,NP,NPL,,,,,,580.9,,,3,Asia/Kathmandu,TRUE,1524025418
Pashupati̇̄ Nagar,Pashupati Nagar,,26.9485,88.1143,Nepal,NP,NPL,,,,,,299.6,,,3,Asia/Kathmandu,TRUE,1524000707
Kohalawā,Kohalawa,,27.8539,82.6623,Nepal,NP,NPL,,,,,,234.4,,,3,Asia/Kathmandu,FALSE,1524007786
Goṭhi̇̄kholāgāũ,Gothikholagau,,28.4120,82.4063,Nepal,NP,NPL,,,,,,138.1,,,4,Asia/Kathmandu,FALSE,1524030993
Goṭhi̇̄kholāgāũ,Gothikholagau,,28.4512,82.0461,Nepal,NP,NPL,,,,,,128.7,,,4,Asia/Kathmandu,TRUE,1524029674
Kaṭahari̇̄yāṭolā,Katahariyatola,,26.8971,85.1570,Nepal,NP,NPL,,,,,,933.4,,,3,Asia/Kathmandu,FALSE,1524001160
Tarānai,Taranai,,28.5075,82.7289,Nepal,NP,NPL,Karṇālī,Karnali,NP-P6,,,96.3,,,4,Asia/Kathmandu,FALSE,1524037565
Sālimbe,Salimbe,,27.3319,87.6806,Nepal,NP,NPL,Province Number One,Province Number One,NP-P1,,,217.9,,,3,Asia/Kathmandu,FALSE,1524033956
Tasarpu,Tasarpu,,27.7149,85.0692,Nepal,NP,NPL,,,,,,310.9,,,3,Asia/Kathmandu,FALSE,1524509602
Rautāngāũ,Rautangau,,28.7944,82.0502,Nepal,NP,NPL,Province Number One,Province Number One,NP-P1,,,147.2,,,4,Asia/Kathmandu,FALSE,1524009250
Gaiḍhā Bheṭpurṭol,Gaidha Bhetpurtol,,26.7962,85.7509,Nepal,NP,NPL,,,,,,1107.7,,,3,Asia/Kathmandu,FALSE,1524004009
Buḍāthoki̇̄ṭār,Budathokitar,,26.9050,86.5192,Nepal,NP,NPL,,,,,,42.3,,,4,Asia/Kathmandu,FALSE,1524002984
Puranḍi̇̄,Purandi,,27.8812,83.9619,Nepal,NP,NPL,,,,,,202.0,,,3,Asia/Kathmandu,FALSE,1524015119
Purandi̇̄,Purandi,Purandī,27.6020,85.2167,Nepal,NP,NPL,,,,,,140.1,,,4,Asia/Kathmandu,TRUE,1524537931
Jhā̃kri̇̄ Sallā,Jhakri Salla,,28.6160,82.3544,Nepal,NP,NPL,,,,,,290.1,,,3,Asia/Kathmandu,FALSE,1524025594
Jhā̃kri̇̄ Sallā,Jhakri Salla,,28.6557,82.1167,Nepal,NP,NPL,,,,,,204.8,,,3,Asia/Kathmandu,TRUE,1524027909
Wonthāk,Wonthak,,27.1308,87.6853,Nepal,NP,NPL,,,,,,106.5,,,4,Asia/Kathmandu,FALSE,1524018863
Bilkoṭ,Bilkot,,28.8299,82.0930,Nepal,NP,NPL,Province Number One,Province Number One,NP-P1,,,124.7,,,4,Asia/Kathmandu,FALSE,1524031779
Bandele,Bandele,,27.2485,85.8165,Nepal,NP,NPL,,,,,,32.7,,,4,Asia/Kathmandu,FALSE,1524108954
Disaṅglā,Disangla,Disaṅlā,26.9966,87.0269,Nepal,NP,NPL,,,,,,159.9,,,4,Asia/Kathmandu,FALSE,1524001626
Tallo Rātmāṭe,Tallo Ratmate,,28.4582,81.8042,Nepal,NP,NPL,,,,,,181.9,,,4,Asia/Kathmandu,FALSE,1524022987
Kuseri,Kuseri,,29.4843,80.3332,Nepal,NP,NPL,,,,,,154.5,,,4,Asia/Kathmandu,FALSE,1524751520
Nyaupāne,Nyaupane,,27.5508,85.5541,Nepal,NP,NPL,,,,,,113.0,,,4,Asia/Kathmandu,FALSE,1524816228
Nyaupāne,Nyaupane,,27.9248,82.1414,Nepal,NP,NPL,,,,,,40.1,,,4,Asia/Kathmandu,TRUE,1524015346
Tallo Chaur,Tallo Chaur,,29.6025,81.2662,Nepal,NP,NPL,Sudūrpashchim,Sudurpashchim,NP-P7,,,66.4,,,4,Asia/Kathmandu,FALSE,1524035867
Nāni̇̄chaur,Nanichaur,,29.2758,82.2892,Nepal,NP,NPL,,,,,,25.6,,,4,Asia/Kathmandu,FALSE,1524023059
Dayalā,Dayala,,27.0213,86.9654,Nepal,NP,NPL,,,,,,181.5,,,4,Asia/Kathmandu,FALSE,1524017690
Bayakbāḍā,Bayakbada,,28.9422,81.4217,Nepal,NP,NPL,,,,,,103.5,,,4,Asia/Kathmandu,FALSE,1524024883
Chhapan,Chhapan,,26.5946,87.6229,Nepal,NP,NPL,,,,,,423.9,,,3,Asia/Kathmandu,FALSE,1524009134
Ṭãḍāle,Tadale,,28.6408,81.8566,Nepal,NP,NPL,,,,,,71.7,,,4,Asia/Kathmandu,FALSE,1524027269
Ḍhimloṭe,Dhimlote,,28.7181,82.4128,Nepal,NP,NPL,,,,,,346.9,,,3,Asia/Kathmandu,FALSE,1524023984
Parseni̇̄pur,Parsenipur,,28.1672,81.6292,Nepal,NP,NPL,,,,,,532.0,,,3,Asia/Kathmandu,FALSE,1524024053
Sāyāṅbā,Sayanba,,27.0598,87.9514,Nepal,NP,NPL,,,,,,92.7,,,4,Asia/Kathmandu,FALSE,1524020255
Kapi̇̄rām,Kapiram,Kapīrām,27.4231,85.4041,Nepal,NP,NPL,,,,,,111.9,,,4,Asia/Kathmandu,FALSE,1524464022
Sibdu,Sibdu,,27.3942,86.8414,Nepal,NP,NPL,,,,,,137.3,,,4,Asia/Kathmandu,FALSE,1524750926
Bhajanbāri̇̄,Bhajanbari,,26.5573,88.0116,Nepal,NP,NPL,,,,,,497.8,,,3,Asia/Kathmandu,FALSE,1524000264
Sahāre,Sahare,,28.3919,81.8930,Nepal,NP,NPL,,,,,,122.4,,,4,Asia/Kathmandu,FALSE,1524021960
Sahare,Sahare,,28.6660,82.3179,Nepal,NP,NPL,,,,,,93.3,,,4,Asia/Kathmandu,TRUE,1524026902
Sahare,Sahare,,26.8494,86.5984,Nepal,NP,NPL,,,,,,30.4,,,4,Asia/Kathmandu,TRUE,1524001844
Dhāuni̇̄,Dhauni,,28.8266,81.6993,Nepal,NP,NPL,,,,,,89.4,,,4,Asia/Kathmandu,FALSE,1524022785
Uṅ,Un,,28.5166,84.8293,Nepal,NP,NPL,Gaṇḍakī,Gandaki,NP-P4,,,4.5,,,5,Asia/Kathmandu,FALSE,1524025270
Bālebuḍā,Balebuda,,29.0346,81.1935,Nepal,NP,NPL,Sudūrpashchim,Sudurpashchim,NP-P7,,,68.6,,,4,Asia/Kathmandu,FALSE,1524038003
Nāṅjā,Nanja,,28.1721,82.7711,Nepal,NP,NPL,,,,,,174.3,,,4,Asia/Kathmandu,FALSE,1524029936
Pokharā Āwat,Pokhara Awat,,28.8399,81.6628,Nepal,NP,NPL,,,,,,247.2,,,3,Asia/Kathmandu,FALSE,1524023440
Pisāṅbeshi̇̄,Pisanbeshi,,28.6136,84.1486,Nepal,NP,NPL,Gaṇḍakī,Gandaki,NP-P4,,,2.1,,,5,Asia/Kathmandu,FALSE,1524006447
Lārumbā,Larumba,,26.8142,87.7485,Nepal,NP,NPL,,,,,,97.8,,,4,Asia/Kathmandu,FALSE,1524012832
Sherbās,Sherbas,,27.7519,84.5863,Nepal,NP,NPL,,,,,,218.2,,,3,Asia/Kathmandu,FALSE,1524014302
Bāghbhairav,Baghbhairav,,27.6880,85.7854,Nepal,NP,NPL,,,,,,260.8,,,3,Asia/Kathmandu,FALSE,1524904620
Ailāni̇̄basti̇̄,Ailanibasti,,28.2401,81.2923,Nepal,NP,NPL,,,,,,647.4,,,3,Asia/Kathmandu,FALSE,1524021389
Piparhawā,Piparhawa,,28.1307,81.6625,Nepal,NP,NPL,,,,,,691.5,,,3,Asia/Kathmandu,FALSE,1524024102
Piparhawā,Piparhawa,Piprāha,28.6545,81.0665,Nepal,NP,NPL,,,,,,676.8,,,3,Asia/Kathmandu,TRUE,1524396466
Sāgam,Sagam,,27.4213,87.2293,Nepal,NP,NPL,,,,,,288.1,,,3,Asia/Kathmandu,FALSE,1524016439
Chāhāre,Chahare,,27.9424,83.8630,Nepal,NP,NPL,,,,,,175.7,,,4,Asia/Kathmandu,FALSE,1524009899
Bāluwāgaḍā,Baluwagada,,28.8182,80.8111,Nepal,NP,NPL,,,,,,37.6,,,4,Asia/Kathmandu,FALSE,1524020725
Lāhuti̇̄,Lahuti,,29.9254,80.5828,Nepal,NP,NPL,Sudūrpashchim,Sudurpashchim,NP-P7,,,192.2,,,4,Asia/Kathmandu,FALSE,1524034002
Kā̃khe,Kakhe,,29.6986,81.8303,Nepal,NP,NPL,Karṇālī,Karnali,NP-P6,,,46.0,,,4,Asia/Kathmandu,FALSE,1524033882
Sirchaur,Sirchaur,,28.5532,82.6866,Nepal,NP,NPL,Karṇālī,Karnali,NP-P6,,,149.9,,,4,Asia/Kathmandu,FALSE,1524038074
Jhakkās,Jhakkas,,27.9681,84.1225,Nepal,NP,NPL,,,,,,175.9,,,4,Asia/Kathmandu,FALSE,1524007495
Mādhavpur,Madhavpur,,27.6546,84.5314,Nepal,NP,NPL,,,,,,1254.7,,,3,Asia/Kathmandu,FALSE,1524009319
Mādhavpur,Madhavpur,,27.7922,82.6154,Nepal,NP,NPL,,,,,,196.1,,,4,Asia/Kathmandu,TRUE,1524011321
Mādhavpur,Madhavpur,,27.2321,86.4231,Nepal,NP,NPL,,,,,,144.4,,,4,Asia/Kathmandu,TRUE,1524826079
Khumpātā,Khumpata,,29.1927,82.0004,Nepal,NP,NPL,Karṇālī,Karnali,NP-P6,,,117.6,,,4,Asia/Kathmandu,FALSE,1524032511
Silāmgāl,Silamgal,,27.6339,85.4261,Nepal,NP,NPL,,,,,,1308.8,,,3,Asia/Kathmandu,FALSE,1524830397
Rāmban,Ramban,,27.6292,83.4721,Nepal,NP,NPL,Lumbinī,Lumbini,NP-P5,,,1024.9,,,3,Asia/Kathmandu,FALSE,1524037188
Bittari̇̄gāũ,Bittarigau,Bittarīgāun,27.5104,86.1808,Nepal,NP,NPL,,,,,,209.0,,,3,Asia/Kathmandu,FALSE,1524781937
Surkhari̇̄,Surkhari,,27.5318,84.8459,Nepal,NP,NPL,,,,,,164.3,,,4,Asia/Kathmandu,FALSE,1524017434
Loḍimechaur,Lodimechaur,,28.8304,82.1830,Nepal,NP,NPL,Province Number One,Province Number One,NP-P1,,,113.7,,,4,Asia/Kathmandu,FALSE,1524032603
Bargadā,Bargada,,28.4268,81.3354,Nepal,NP,NPL,,,,,,320.5,,,3,Asia/Kathmandu,FALSE,1524021786
Merlā,Merla,,27.0426,86.8260,Nepal,NP,NPL,,,,,,153.2,,,4,Asia/Kathmandu,FALSE,1524014488
Rāṅāsiṅ,Ranasin,,27.2720,86.6061,Nepal,NP,NPL,,,,,,149.5,,,4,Asia/Kathmandu,FALSE,1524277409
Amkānā,Amkana,,29.0408,81.4867,Nepal,NP,NPL,Karṇālī,Karnali,NP-P6,,,377.5,,,3,Asia/Kathmandu,FALSE,1524036773
Buddhanagar,Buddhanagar,,27.6855,85.3304,Nepal,NP,NPL,,,,,,67315.6,,,2,Asia/Kathmandu,FALSE,1524864240
Buddhanagar,Buddhanagar,,26.3803,87.3067,Nepal,NP,NPL,,,,,,818.4,,,3,Asia/Kathmandu,TRUE,1524003937
Buddhanagar,Buddhanagar,,27.3135,84.6453,Nepal,NP,NPL,,,,,,786.5,,,3,Asia/Kathmandu,TRUE,1524016243
Buddhanagar,Buddhanagar,,27.5636,84.2349,Nepal,NP,NPL,,,,,,520.5,,,3,Asia/Kathmandu,TRUE,1524012402
Buddhanagar,Buddhanagar,,26.7616,86.3932,Nepal,NP,NPL,,,,,,459.3,,,3,Asia/Kathmandu,TRUE,1524004049
Dhārāgāũ,Dharagau,,28.6757,82.8898,Nepal,NP,NPL,Lumbinī,Lumbini,NP-P5,,,6.9,,,5,Asia/Kathmandu,FALSE,1524037448
Khamāri̇̄bās,Khamaribas,,27.9841,83.0407,Nepal,NP,NPL,,,,,,213.0,,,3,Asia/Kathmandu,FALSE,1524013306
Khāmari̇̄bās,Khamaribas,,28.1929,82.8272,Nepal,NP,NPL,,,,,,210.5,,,3,Asia/Kathmandu,TRUE,1524030330
Dhobi̇̄,Dhobi,,26.7319,87.4675,Nepal,NP,NPL,,,,,,337.9,,,3,Asia/Kathmandu,FALSE,1524006638
Ḍhobi̇̄,Dhobi,Ḍhobī,27.4244,86.1805,Nepal,NP,NPL,,,,,,187.7,,,4,Asia/Kathmandu,TRUE,1524238175
Sopāḍā̃ḍā,Sopadada,,28.4856,82.7322,Nepal,NP,NPL,,,,,,96.3,,,4,Asia/Kathmandu,FALSE,1524030304
Bhiṭṭā,Bhitta,,29.2865,81.7124,Nepal,NP,NPL,Karṇālī,Karnali,NP-P6,,,31.9,,,4,Asia/Kathmandu,FALSE,1524036198
Sāhilā Bāḍā,Sahila Bada,,29.0589,82.7362,Nepal,NP,NPL,Karṇālī,Karnali,NP-P6,,,36.2,,,4,Asia/Kathmandu,FALSE,1524033360
Simkā,Simka,,28.3040,82.3089,Nepal,NP,NPL,,,,,,171.2,,,4,Asia/Kathmandu,FALSE,1524030442
Khari̇̄ Toli̇̄,Khari Toli,,29.2887,81.7097,Nepal,NP,NPL,Karṇālī,Karnali,NP-P6,,,31.9,,,4,Asia/Kathmandu,FALSE,1524033207
Pākhri̇̄bās,Pakhribas,,27.6148,84.6003,Nepal,NP,NPL,,,,,,923.7,,,3,Asia/Kathmandu,FALSE,1524017625
Pākhribās,Pakhribas,,27.0476,87.2944,Nepal,NP,NPL,,,,,,263.9,,,3,Asia/Kathmandu,TRUE,1524018749
Hwhāṅhoṅge,Hwhanhonge,,27.3544,87.7761,Nepal,NP,NPL,Province Number One,Province Number One,NP-P1,,,75.4,,,4,Asia/Kathmandu,FALSE,1524018741
Saraunā,Sarauna,,26.7161,87.1982,Nepal,NP,NPL,,,,,,2056.1,,,2,Asia/Kathmandu,FALSE,1524012738
Jaukhare,Jaukhare,,27.4309,87.1780,Nepal,NP,NPL,,,,,,261.7,,,3,Asia/Kathmandu,FALSE,1524016422
Ḍipuchok,Dipuchok,,26.5644,87.7137,Nepal,NP,NPL,,,,,,516.2,,,3,Asia/Kathmandu,FALSE,1524014454
Ṭhulo Gānma,Thulo Ganma,,28.8014,81.7996,Nepal,NP,NPL,,,,,,219.4,,,3,Asia/Kathmandu,FALSE,1524023304
Halaũde,Halaude,,28.9333,80.5372,Nepal,NP,NPL,,,,,,159.3,,,4,Asia/Kathmandu,FALSE,1524016315
Namaru Dikhā,Namaru Dikha,,29.1739,83.9799,Nepal,NP,NPL,Gaṇḍakī,Gandaki,NP-P4,,,2.3,,,5,Asia/Kathmandu,FALSE,1524032338
Jā̃te Olichok,Jate Olichok,,26.7486,87.5463,Nepal,NP,NPL,Province Number One,Province Number One,NP-P1,,,115.8,,,4,Asia/Kathmandu,FALSE,1524999955
Lāmāṭār,Lamatar,,27.6328,85.3901,Nepal,NP,NPL,,,,,,1912.8,,,3,Asia/Kathmandu,FALSE,1524009426
Lāmāṭār,Lamatar,,27.9406,85.1457,Nepal,NP,NPL,,,,,,695.6,,,3,Asia/Kathmandu,TRUE,1524558923
Lāmāṭār,Lamatar,,27.9557,84.4729,Nepal,NP,NPL,,,,,,211.5,,,3,Asia/Kathmandu,TRUE,1524011781
Lāmāṭār,Lamatar,,27.5126,86.0870,Nepal,NP,NPL,,,,,,164.8,,,4,Asia/Kathmandu,TRUE,1524643608
Lāmāṭār,Lamatar,,27.0783,86.7021,Nepal,NP,NPL,,,,,,98.6,,,4,Asia/Kathmandu,TRUE,1524011539
Lāmāṭār,Lamatar,,27.0286,87.6573,Nepal,NP,NPL,,,,,,89.0,,,4,Asia/Kathmandu,TRUE,1524020000
Lāmāṭār,Lamatar,,26.9273,87.5591,Nepal,NP,NPL,,,,,,88.7,,,4,Asia/Kathmandu,TRUE,1524005263
Phokseṭār,Phoksetar,,26.8862,86.6850,Nepal,NP,NPL,,,,,,109.7,,,4,Asia/Kathmandu,FALSE,1524001555
Liurḍā̃ḍā,Liurdada,,28.5766,82.5197,Nepal,NP,NPL,,,,,,319.1,,,3,Asia/Kathmandu,FALSE,1524028458
Birbalchok,Birbalchok,,26.5013,87.6637,Nepal,NP,NPL,,,,,,324.2,,,3,Asia/Kathmandu,FALSE,1524014223
Bisarbhorā,Bisarbhora,,26.7240,86.1355,Nepal,NP,NPL,,,,,,977.8,,,3,Asia/Kathmandu,FALSE,1524007059
Kolār,Kolar,,27.7567,84.5904,Nepal,NP,NPL,,,,,,218.2,,,3,Asia/Kathmandu,FALSE,1524014303
Chisāpāni̇̄sir,Chisapanisir,Chisāpānīsir,27.2652,85.1527,Nepal,NP,NPL,,,,,,104.9,,,4,Asia/Kathmandu,FALSE,1524358974
Hāthi̇̄bandhā Lakṣmi̇̄pur,Hathibandha Laksmipur,,26.4202,87.3097,Nepal,NP,NPL,,,,,,719.0,,,3,Asia/Kathmandu,FALSE,1524003777
Sajenā,Sajena,,29.0214,81.3587,Nepal,NP,NPL,Sudūrpashchim,Sudurpashchim,NP-P7,,,284.9,,,3,Asia/Kathmandu,FALSE,1524035268
Pābhāṅ,Pabhan,,28.2354,82.7685,Nepal,NP,NPL,,,,,,228.9,,,3,Asia/Kathmandu,FALSE,1524029808
Barāhpāni̇̄,Barahpani,,27.9281,84.0505,Nepal,NP,NPL,,,,,,167.2,,,4,Asia/Kathmandu,FALSE,1524008196
Khāḍā,Khada,,28.7917,81.7036,Nepal,NP,NPL,,,,,,309.1,,,3,Asia/Kathmandu,FALSE,1524022676
Khā̃ḍā,Khada,,28.8589,81.8173,Nepal,NP,NPL,,,,,,216.3,,,3,Asia/Kathmandu,TRUE,1524023672
Khāḍā,Khada,,28.8840,81.5357,Nepal,NP,NPL,,,,,,117.9,,,4,Asia/Kathmandu,TRUE,1524024341
Khāḍā,Khada,,28.8779,81.9516,Nepal,NP,NPL,,,,,,112.5,,,4,Asia/Kathmandu,TRUE,1524023152
Sānneghāri̇̄,Sanneghari,,28.8381,81.3085,Nepal,NP,NPL,,,,,,71.1,,,4,Asia/Kathmandu,FALSE,1524022501
Kalleri̇̄ghāṭ,Kallerighat,,27.8095,85.0062,Nepal,NP,NPL,Province Number One,Province Number One,NP-P1,,,221.9,,,3,Asia/Kathmandu,FALSE,1524026183
Achhariyā,Achhariya,,28.2512,81.5912,Nepal,NP,NPL,,,,,,171.5,,,4,Asia/Kathmandu,FALSE,1524022897
Arbaje,Arbaje,,27.8141,84.2571,Nepal,NP,NPL,,,,,,111.2,,,4,Asia/Kathmandu,FALSE,1524013231
Bāgḍol,Bagdol,,27.6699,85.3015,Nepal,NP,NPL,,,,,,20083.0,,,2,Asia/Kathmandu,FALSE,1524784647
Chāmkoṭi̇̄,Chamkoti,,29.3422,81.7981,Nepal,NP,NPL,Karṇālī,Karnali,NP-P6,,,24.1,,,4,Asia/Kathmandu,FALSE,1524031719
Kirpeṭār,Kirpetar,,27.8545,84.1609,Nepal,NP,NPL,,,,,,87.0,,,4,Asia/Kathmandu,FALSE,1524010950
Pahunḍā̃ḍā,Pahundada,Pahunḍānḍā,27.4940,85.3309,Nepal,NP,NPL,,,,,,211.9,,,3,Asia/Kathmandu,FALSE,1524085399
Bhainse,Bhainse,,27.9633,85.1732,Nepal,NP,NPL,,,,,,269.7,,,3,Asia/Kathmandu,FALSE,1524415925
Bhainse,Bhainse,,27.5202,85.3083,Nepal,NP,NPL,,,,,,151.5,,,4,Asia/Kathmandu,TRUE,1524526682
Bhainse,Bhainse,,27.5845,86.0217,Nepal,NP,NPL,,,,,,145.5,,,4,Asia/Kathmandu,TRUE,1524355226
Bhainse,Bhainse,,27.3650,85.8003,Nepal,NP,NPL,,,,,,121.7,,,4,Asia/Kathmandu,TRUE,1524989804
Bhainse,Bhainse,,27.3465,85.7337,Nepal,NP,NPL,,,,,,113.4,,,4,Asia/Kathmandu,TRUE,1524506811
Ghoḍābās,Ghodabas,,28.7262,81.6482,Nepal,NP,NPL,,,,,,209.9,,,3,Asia/Kathmandu,FALSE,1524027670
Chhānā,Chhana,,28.8097,81.9220,Nepal,NP,NPL,,,,,,188.3,,,4,Asia/Kathmandu,FALSE,1524024838
Chhānā,Chhana,,28.7274,81.7703,Nepal,NP,NPL,,,,,,131.3,,,4,Asia/Kathmandu,TRUE,1524029530
Chhānā,Chhana,,28.8964,81.4570,Nepal,NP,NPL,,,,,,56.5,,,4,Asia/Kathmandu,TRUE,1524024806
Tirpāthali̇̄,Tirpathali,,28.8823,80.8869,Nepal,NP,NPL,,,,,,57.9,,,4,Asia/Kathmandu,FALSE,1524015836
Bhaluwājhorā,Bhaluwajhora,,26.4862,87.4314,Nepal,NP,NPL,,,,,,421.1,,,3,Asia/Kathmandu,FALSE,1524002591
Mālṭāchhāp,Maltachhap,,28.3921,82.1952,Nepal,NP,NPL,,,,,,184.4,,,4,Asia/Kathmandu,FALSE,1524030038
Garbhetari̇̄ṭol,Garbhetaritol,,26.8164,87.0082,Nepal,NP,NPL,,,,,,77.7,,,4,Asia/Kathmandu,FALSE,1524004935
Dhiṅtāṅ Jarbuṭe,Dhintan Jarbute,,27.0642,86.9679,Nepal,NP,NPL,,,,,,177.2,,,4,Asia/Kathmandu,FALSE,1524019379
Paharawā,Paharawa,,27.8515,82.6329,Nepal,NP,NPL,,,,,,234.4,,,3,Asia/Kathmandu,FALSE,1524007682
Siṅgaul,Singaul,,27.2086,85.2451,Nepal,NP,NPL,,,,,,108.7,,,4,Asia/Kathmandu,FALSE,1524439765
Chaudha Bigahā,Chaudha Bigaha,,28.6343,80.3889,Nepal,NP,NPL,,,,,,13440.4,,,2,Asia/Kathmandu,FALSE,1524020960
Brimdi̇̄ Pul,Brimdi Pul,,27.9252,84.2877,Nepal,NP,NPL,,,,,,244.2,,,3,Asia/Kathmandu,FALSE,1524007629
Jiṅjuwā,Jinjuwa,,27.0221,87.7210,Nepal,NP,NPL,,,,,,267.9,,,3,Asia/Kathmandu,FALSE,1524020068
Rāmā,Rama,,29.6535,81.7581,Nepal,NP,NPL,Karṇālī,Karnali,NP-P6,,,115.3,,,4,Asia/Kathmandu,FALSE,1524035308
Colonelbāri,Colonelbari,,26.6736,87.9766,Nepal,NP,NPL,,,,,,753.8,,,3,Asia/Kathmandu,FALSE,1524288736
Sukājor,Sukajor,,27.3230,86.1071,Nepal,NP,NPL,,,,,,117.0,,,4,Asia/Kathmandu,FALSE,1524770357
Khundrukā,Khundruka,,27.8951,85.7572,Nepal,NP,NPL,,,,,,19.7,,,4,Asia/Kathmandu,FALSE,1524774189
Ḍumari̇̄ṭol,Dumaritol,Ḍumarīṭol,27.0980,85.5111,Nepal,NP,NPL,,,,,,349.3,,,3,Asia/Kathmandu,FALSE,1524938027
Mahottari̇̄,Mahottari,,26.6891,85.8182,Nepal,NP,NPL,,,,,,1150.7,,,3,Asia/Kathmandu,FALSE,1524014090
Makari̇̄,Makari,,26.5843,86.6702,Nepal,NP,NPL,,,,,,571.4,,,3,Asia/Kathmandu,FALSE,1524010960
Kunḍā,Kunda,,29.0687,81.1269,Nepal,NP,NPL,Sudūrpashchim,Sudurpashchim,NP-P7,,,67.1,,,4,Asia/Kathmandu,FALSE,1524038223
Ghyāmpākharka,Ghyampakharka,,27.2562,86.7085,Nepal,NP,NPL,,,,,,107.1,,,4,Asia/Kathmandu,FALSE,1524947176
Jhakeli̇̄,Jhakeli,,28.1347,82.7684,Nepal,NP,NPL,,,,,,146.3,,,4,Asia/Kathmandu,FALSE,1524030008
Kampughāṭ,Kampughat,Kampu Ghāt,26.8691,86.8180,Nepal,NP,NPL,,,,,,60.6,,,4,Asia/Kathmandu,FALSE,1524427827
Gabaihi̇̄,Gabaihi,,28.7685,82.2437,Nepal,NP,NPL,Province Number One,Province Number One,NP-P1,,,123.9,,,4,Asia/Kathmandu,FALSE,1524032385
Jahadā Ḍakaitā,Jahada Dakaita,,26.4312,87.3473,Nepal,NP,NPL,,,,,,836.8,,,3,Asia/Kathmandu,FALSE,1524001288
Awadhiṭol,Awadhitol,,26.4814,87.2423,Nepal,NP,NPL,,,,,,3611.9,,,2,Asia/Kathmandu,FALSE,1524008569
Ḍā̃gi̇̄ Kuḍhaili̇̄,Dagi Kudhaili,,26.4362,87.5880,Nepal,NP,NPL,,,,,,513.6,,,3,Asia/Kathmandu,FALSE,1524002849
Da Ḍā̃ḍo,Da Dado,,28.9841,81.2518,Nepal,NP,NPL,,,,,,156.1,,,4,Asia/Kathmandu,FALSE,1524023770
Piṅḍā̃ḍā Sidinṭol,Pindada Sidintol,,26.6227,87.7028,Nepal,NP,NPL,,,,,,593.0,,,3,Asia/Kathmandu,FALSE,1524014617
Chināḍi̇̄,Chinadi,,29.8925,80.6226,Nepal,NP,NPL,Sudūrpashchim,Sudurpashchim,NP-P7,,,167.2,,,4,Asia/Kathmandu,FALSE,1524034649
Ṭoḍake,Todake,,28.2467,82.7944,Nepal,NP,NPL,,,,,,163.8,,,4,Asia/Kathmandu,FALSE,1524029817
Ṭoḍake,Todake,,28.2887,82.6188,Nepal,NP,NPL,,,,,,102.9,,,4,Asia/Kathmandu,TRUE,1524030625
Ṭoḍake,Todake,,27.6790,84.8091,Nepal,NP,NPL,,,,,,95.2,,,4,Asia/Kathmandu,TRUE,1524017139
Ṭoḍake,Todake,,26.8518,87.1384,Nepal,NP,NPL,,,,,,93.9,,,4,Asia/Kathmandu,TRUE,1524005616
Bā̃sṭol,Bastol,,26.9747,87.2151,Nepal,NP,NPL,,,,,,178.4,,,4,Asia/Kathmandu,FALSE,1524001330
Chitrathām,Chitratham,,27.0370,86.6208,Nepal,NP,NPL,,,,,,85.1,,,4,Asia/Kathmandu,FALSE,1524011127
Goruṇḍā,Gorunda,,27.5742,86.3667,Nepal,NP,NPL,,,,,,138.0,,,4,Asia/Kathmandu,FALSE,1524508410
Hauleyā,Hauleya,,26.5618,87.1696,Nepal,NP,NPL,,,,,,2921.8,,,2,Asia/Kathmandu,FALSE,1524006672
Kuwarthok,Kuwarthok,,27.9403,84.6150,Nepal,NP,NPL,,,,,,112.5,,,4,Asia/Kathmandu,FALSE,1524015149
Nāphuñche,Naphunche,,27.8228,85.2586,Nepal,NP,NPL,,,,,,116.5,,,4,Asia/Kathmandu,FALSE,1524075720
Thāmthum Jukte,Thamthum Jukte,,26.9212,87.6668,Nepal,NP,NPL,,,,,,195.5,,,4,Asia/Kathmandu,FALSE,1524005376
Sorābhāg,Sorabhag,,26.4429,87.4238,Nepal,NP,NPL,,,,,,600.9,,,3,Asia/Kathmandu,FALSE,1524002585
Namunjā,Namunja,,28.4384,82.6522,Nepal,NP,NPL,,,,,,143.1,,,4,Asia/Kathmandu,FALSE,1524029987
Bāsuṅto,Basunto,,27.2129,86.8920,Nepal,NP,NPL,,,,,,129.0,,,4,Asia/Kathmandu,FALSE,1524015625
Ḍā̃gāpāḍā,Dagapada,,26.6356,88.1392,Nepal,NP,NPL,,,,,,996.8,,,3,Asia/Kathmandu,FALSE,1524000252
Mule,Mule,,27.8135,85.6399,Nepal,NP,NPL,,,,,,215.1,,,3,Asia/Kathmandu,FALSE,1524432745
Ḍhuṅgelgāũ,Dhungelgau,Ḍhuṅgelgāun,27.6115,86.0343,Nepal,NP,NPL,,,,,,93.6,,,4,Asia/Kathmandu,FALSE,1524097406
Lebāṅ,Leban,,27.7578,84.8270,Nepal,NP,NPL,,,,,,103.6,,,4,Asia/Kathmandu,FALSE,1524004568
Khuwābuṅ,Khuwabun,,27.3041,86.8389,Nepal,NP,NPL,,,,,,153.8,,,4,Asia/Kathmandu,FALSE,1524349985
Wāṭak,Watak,,27.8366,84.3803,Nepal,NP,NPL,,,,,,82.4,,,4,Asia/Kathmandu,FALSE,1524011815
Khoriyākholāgāũ,Khoriyakholagau,,28.5839,82.2405,Nepal,NP,NPL,Karṇālī,Karnali,NP-P6,,,191.0,,,4,Asia/Kathmandu,FALSE,1524004505
Artajhoḍā,Artajhoda,,26.6559,87.1191,Nepal,NP,NPL,,,,,,2089.2,,,2,Asia/Kathmandu,FALSE,1524006160
Subarnapur,Subarnapur,Subarṇapur,28.5611,81.1512,Nepal,NP,NPL,,,,,,1006.5,,,3,Asia/Kathmandu,FALSE,1524027941
Subarṇapur,Subarnapur,,27.2265,84.7069,Nepal,NP,NPL,,,,,,705.4,,,3,Asia/Kathmandu,TRUE,1524009487
Tamākharka,Tamakharka,,28.6926,82.8845,Nepal,NP,NPL,Lumbinī,Lumbini,NP-P5,,,6.9,,,5,Asia/Kathmandu,FALSE,1524037560
Ṭoki̇̄ṭolā,Tokitola,,26.9168,85.8964,Nepal,NP,NPL,,,,,,700.0,,,3,Asia/Kathmandu,FALSE,1524003310
Koṭsābhuṅ,Kotsabhun,,27.9151,84.0889,Nepal,NP,NPL,,,,,,119.0,,,4,Asia/Kathmandu,FALSE,1524007564
Syālkhor,Syalkhor,,27.0014,86.5266,Nepal,NP,NPL,,,,,,62.9,,,4,Asia/Kathmandu,FALSE,1524010927
Khaḍkāṭol,Khadkatol,,27.6536,85.3689,Nepal,NP,NPL,,,,,,4325.7,,,2,Asia/Kathmandu,FALSE,1524010265
Khādkāṭol,Khadkatol,,26.6336,87.1953,Nepal,NP,NPL,,,,,,2454.3,,,2,Asia/Kathmandu,TRUE,1524012079
Khaḍkāṭol,Khadkatol,,26.5342,87.5190,Nepal,NP,NPL,,,,,,507.3,,,3,Asia/Kathmandu,TRUE,1524013383
Khaḍkāṭol,Khadkatol,,26.9644,85.6345,Nepal,NP,NPL,,,,,,369.3,,,3,Asia/Kathmandu,TRUE,1524005504
Khaḍkāṭol,Khadkatol,,26.8206,86.9463,Nepal,NP,NPL,,,,,,298.9,,,3,Asia/Kathmandu,TRUE,1524002480
Khaḍkāṭol,Khadkatol,,27.8357,85.5899,Nepal,NP,NPL,,,,,,175.6,,,4,Asia/Kathmandu,TRUE,1524309721
Khaḍkāṭol,Khadkatol,,27.7825,86.1764,Nepal,NP,NPL,,,,,,155.9,,,4,Asia/Kathmandu,TRUE,1524390498
Khaḍkāṭol,Khadkatol,,27.1067,85.9790,Nepal,NP,NPL,,,,,,52.2,,,4,Asia/Kathmandu,TRUE,1524133888
Nauri̇̄gauḍhi̇̄,Naurigaudhi,,28.0247,81.7085,Nepal,NP,NPL,,,,,,517.5,,,3,Asia/Kathmandu,FALSE,1524025663
Bheltaḍi̇̄,Bheltadi,,29.0763,81.4709,Nepal,NP,NPL,Karṇālī,Karnali,NP-P6,,,226.2,,,3,Asia/Kathmandu,FALSE,1524034779
Dabāi̇̄ḍhuṅgā,Dabaidhunga,Dabāi̇̄ḍhungā|Dabāīḍhungā,27.6202,85.1430,Nepal,NP,NPL,,,,,,215.3,,,3,Asia/Kathmandu,FALSE,1524915065
Khorāmukh,Khoramukh,,28.3237,83.8918,Nepal,NP,NPL,Gaṇḍakī,Gandaki,NP-P4,,,78.8,,,4,Asia/Kathmandu,FALSE,1524022743
Kāphalkhā̃ḍā Goṭh,Kaphalkhada Goth,,29.5963,81.7340,Nepal,NP,NPL,Sudūrpashchim,Sudurpashchim,NP-P7,,,47.5,,,4,Asia/Kathmandu,FALSE,1524033751
Kholāleṭol,Kholaletol,,26.9474,85.9485,Nepal,NP,NPL,,,,,,391.7,,,3,Asia/Kathmandu,FALSE,1524003448
Rollā,Rolla,,26.9378,86.9835,Nepal,NP,NPL,,,,,,67.8,,,4,Asia/Kathmandu,FALSE,1524008761
Pone,Pone,,28.4430,84.3771,Nepal,NP,NPL,Gaṇḍakī,Gandaki,NP-P4,,,22.7,,,4,Asia/Kathmandu,FALSE,1524036770
Ḍumrise,Dumrise,,27.3141,87.7696,Nepal,NP,NPL,Province Number One,Province Number One,NP-P1,,,125.5,,,4,Asia/Kathmandu,FALSE,1524016826
Ṭhūli̇̄swārā,Thuliswara,Ṭhūlīswārā,27.1711,85.9912,Nepal,NP,NPL,,,,,,32.7,,,4,Asia/Kathmandu,FALSE,1524139631
Kabilāshā,Kabilasha,,26.4551,87.3593,Nepal,NP,NPL,,,,,,723.7,,,3,Asia/Kathmandu,FALSE,1524001931
Mishrāgāũ,Mishragau,Mishrāgāun,27.3441,86.3126,Nepal,NP,NPL,,,,,,95.8,,,4,Asia/Kathmandu,FALSE,1524988683
Rāni̇̄gañj Borḍarṭol,Raniganj Bordartol,,26.5182,86.9441,Nepal,NP,NPL,,,,,,2512.4,,,2,Asia/Kathmandu,FALSE,1524013576
Chuketāl,Chuketal,,28.8186,81.4894,Nepal,NP,NPL,,,,,,102.8,,,4,Asia/Kathmandu,FALSE,1524024598
Gwāni̇̄gaḍā,Gwanigada,,28.9341,80.8800,Nepal,NP,NPL,,,,,,57.9,,,4,Asia/Kathmandu,FALSE,1524015832
Balālā,Balala,,28.4282,81.9422,Nepal,NP,NPL,,,,,,96.5,,,4,Asia/Kathmandu,FALSE,1524023980
Sādanmuḍāchaur,Sadanmudachaur,,28.6193,82.1244,Nepal,NP,NPL,Karṇālī,Karnali,NP-P6,,,137.0,,,4,Asia/Kathmandu,FALSE,1524032727
Chhāp,Chhap,,29.1521,81.3253,Nepal,NP,NPL,Sudūrpashchim,Sudurpashchim,NP-P7,,,271.9,,,3,Asia/Kathmandu,FALSE,1524036106
Bāisi̇̄ Bichawā,Baisi Bichawa,,28.6872,80.4661,Nepal,NP,NPL,,,,,,718.1,,,3,Asia/Kathmandu,FALSE,1524021095
Muglaha,Muglaha,Mughla,27.4833,83.2333,Nepal,NP,NPL,Lumbinī,Lumbini,NP-P5,,,872.0,,,3,Asia/Kathmandu,FALSE,1524031704
Pāṇḍeṭol,Pandetol,,26.7774,86.5529,Nepal,NP,NPL,,,,,,402.4,,,3,Asia/Kathmandu,FALSE,1524001508
Pānḍeṭol,Pandetol,,27.8503,85.3285,Nepal,NP,NPL,,,,,,219.5,,,3,Asia/Kathmandu,TRUE,1524427479
Siruwārgāũ,Siruwargau,,28.3808,82.1542,Nepal,NP,NPL,,,,,,344.4,,,3,Asia/Kathmandu,FALSE,1524030032
Lakhanpur,Lakhanpur,,27.1146,84.7852,Nepal,NP,NPL,,,,,,2710.4,,,2,Asia/Kathmandu,FALSE,1524017076
Lakhanpur,Lakhanpur,,26.9009,85.7624,Nepal,NP,NPL,,,,,,703.8,,,3,Asia/Kathmandu,TRUE,1524004540
Lakhanpur,Lakhanpur,,26.8597,86.0899,Nepal,NP,NPL,,,,,,475.9,,,3,Asia/Kathmandu,TRUE,1524005271
Lakhanpur,Lakhanpur,,27.6309,85.6975,Nepal,NP,NPL,,,,,,156.7,,,4,Asia/Kathmandu,TRUE,1524500169
Lakhanpur,Lakhanpur,,27.3998,85.8484,Nepal,NP,NPL,,,,,,139.5,,,4,Asia/Kathmandu,TRUE,1524117120
Lakhanpur,Lakhanpur,,27.5652,85.8328,Nepal,NP,NPL,,,,,,101.6,,,4,Asia/Kathmandu,TRUE,1524328427
Chhatiwangāũ,Chhatiwangau,Chhatiwangāun,27.1878,85.9808,Nepal,NP,NPL,,,,,,32.7,,,4,Asia/Kathmandu,FALSE,1524098617
Chananpur,Chananpur,,27.0042,85.2732,Nepal,NP,NPL,,,,,,957.1,,,3,Asia/Kathmandu,FALSE,1524793039
Rimul,Rimul,,28.4555,82.5388,Nepal,NP,NPL,,,,,,94.7,,,4,Asia/Kathmandu,FALSE,1524021860
Gairi̇̄ Bisauni̇̄,Gairi Bisauni,,28.4329,82.3182,Nepal,NP,NPL,,,,,,214.4,,,3,Asia/Kathmandu,FALSE,1524030848
Kuri̇̄,Kuri,,28.0732,85.0119,Nepal,NP,NPL,,,,,,267.5,,,3,Asia/Kathmandu,FALSE,1524774617
Saṅkrānti̇̄ Bajār,Sankranti Bajar,,27.2203,87.6522,Nepal,NP,NPL,,,,,,147.9,,,4,Asia/Kathmandu,FALSE,1524019148
Nāṅruṅ,Nanrun,,26.9073,87.7243,Nepal,NP,NPL,,,,,,162.1,,,4,Asia/Kathmandu,FALSE,1524005600
Sāldār,Saldar,,28.7914,82.3418,Nepal,NP,NPL,Karṇālī,Karnali,NP-P6,,,121.3,,,4,Asia/Kathmandu,FALSE,1524037223
Bāldiṅ,Baldin,,27.7813,86.1943,Nepal,NP,NPL,,,,,,155.9,,,4,Asia/Kathmandu,FALSE,1524530227
Bāldiṅ,Baldin,,27.6165,86.4205,Nepal,NP,NPL,,,,,,14.7,,,4,Asia/Kathmandu,TRUE,1524000091
Balkhu,Balkhu,,27.6826,85.2975,Nepal,NP,NPL,,,,,,36095.9,,,2,Asia/Kathmandu,FALSE,1524678468
Balkhu,Balkhu,,27.2410,86.3393,Nepal,NP,NPL,,,,,,101.1,,,4,Asia/Kathmandu,TRUE,1524212094
Sirokamāti̇̄,Sirokamati,,26.4392,87.6644,Nepal,NP,NPL,,,,,,444.0,,,3,Asia/Kathmandu,FALSE,1524001996
Kā̃ḍedaha,Kadedaha,,28.6358,82.4679,Nepal,NP,NPL,,,,,,295.9,,,3,Asia/Kathmandu,FALSE,1524026353
Sālkāṭne,Salkatne,,29.1755,81.3563,Nepal,NP,NPL,Sudūrpashchim,Sudurpashchim,NP-P7,,,248.0,,,3,Asia/Kathmandu,FALSE,1524035589
Ṭāhār,Tahar,,27.4313,85.9180,Nepal,NP,NPL,,,,,,116.0,,,4,Asia/Kathmandu,FALSE,1524266850
Gaḍigāũ,Gadigau,Gaḍḍi̇̄gāũ,29.2079,81.1241,Nepal,NP,NPL,Sudūrpashchim,Sudurpashchim,NP-P7,,,68.6,,,4,Asia/Kathmandu,FALSE,1524037871
Gaḍi̇̄gāũ,Gadigau,,29.1916,82.3700,Nepal,NP,NPL,Karṇālī,Karnali,NP-P6,,,11.8,,,4,Asia/Kathmandu,FALSE,1524035905
Kurgāũ,Kurgau,,27.9673,83.1117,Nepal,NP,NPL,Lumbinī,Lumbini,NP-P5,,,174.7,,,4,Asia/Kathmandu,FALSE,1524010733
Āprethok,Aprethok,,27.8709,85.1049,Nepal,NP,NPL,Province Number One,Province Number One,NP-P1,,,325.0,,,3,Asia/Kathmandu,FALSE,1524032961
Dhāmi̇̄ Ṭol,Dhami Tol,,28.8387,80.0751,Nepal,NP,NPL,,,,,,3665.8,,,2,Asia/Kathmandu,FALSE,1524017629
Dhokrādhār,Dhokradhar,,26.5683,87.4161,Nepal,NP,NPL,,,,,,1389.7,,,3,Asia/Kathmandu,FALSE,1524005970
Sibok,Sibok,,27.3933,87.9042,Nepal,NP,NPL,Province Number One,Province Number One,NP-P1,,,68.6,,,4,Asia/Kathmandu,FALSE,1524009108
Goṭhi̇̄kā̃ḍā,Gothikada,,28.6403,81.6043,Nepal,NP,NPL,,,,,,661.2,,,3,Asia/Kathmandu,FALSE,1524028014
Bharthā,Bhartha,,27.9987,81.7605,Nepal,NP,NPL,Lumbinī,Lumbini,NP-P5,,,246.6,,,3,Asia/Kathmandu,FALSE,1524021575
Parti̇̄,Parti,,28.1316,81.6141,Nepal,NP,NPL,,,,,,539.3,,,3,Asia/Kathmandu,FALSE,1524023710
Suruṅkhele,Surunkhele,,26.9947,86.8907,Nepal,NP,NPL,,,,,,200.4,,,3,Asia/Kathmandu,FALSE,1524008303
Gurjā,Gurja,,27.9868,83.9418,Nepal,NP,NPL,,,,,,123.5,,,4,Asia/Kathmandu,FALSE,1524015668
Sawāri̇̄,Sawari,,28.7161,82.3069,Nepal,NP,NPL,,,,,,244.6,,,3,Asia/Kathmandu,FALSE,1524026656
Sā̃wāri̇̄,Sawari,,26.9623,87.2777,Nepal,NP,NPL,,,,,,140.4,,,4,Asia/Kathmandu,TRUE,1524000425
Balāme,Balame,,27.5533,84.9459,Nepal,NP,NPL,,,,,,134.9,,,4,Asia/Kathmandu,FALSE,1524031049
Pāni̇̄ Bharnā,Pani Bharna,,28.6584,82.5243,Nepal,NP,NPL,,,,,,83.2,,,4,Asia/Kathmandu,FALSE,1524026442
Golāṅṭār,Golantar,,28.0091,84.8467,Nepal,NP,NPL,,,,,,217.2,,,3,Asia/Kathmandu,FALSE,1524246727
Asamānpur,Asamanpur,,28.0262,81.6515,Nepal,NP,NPL,,,,,,2080.4,,,2,Asia/Kathmandu,FALSE,1524027007
Sibuje,Sibuje,,27.5845,86.7709,Nepal,NP,NPL,Province Number One,Province Number One,NP-P1,,,17.3,,,4,Asia/Kathmandu,FALSE,1524017335
Bhawāni̇̄chok,Bhawanichok,,27.6469,84.3016,Nepal,NP,NPL,,,,,,804.9,,,3,Asia/Kathmandu,FALSE,1524007276
Satpatiwā,Satpatiwa,,28.1405,81.4959,Nepal,NP,NPL,,,,,,417.5,,,3,Asia/Kathmandu,FALSE,1524024728
Likche,Likche,,27.5712,84.9258,Nepal,NP,NPL,,,,,,147.9,,,4,Asia/Kathmandu,FALSE,1524030897
Siṅphiriṅ,Sinphirin,,26.9254,87.9379,Nepal,NP,NPL,,,,,,719.5,,,3,Asia/Kathmandu,FALSE,1524009652
Thāpāgāũ,Thapagau,,29.2455,81.0622,Nepal,NP,NPL,Sudūrpashchim,Sudurpashchim,NP-P7,,,203.4,,,3,Asia/Kathmandu,FALSE,1524033665
Thāpāgāũ,Thapagau,,29.5295,80.9318,Nepal,NP,NPL,Sudūrpashchim,Sudurpashchim,NP-P7,,,189.6,,,4,Asia/Kathmandu,TRUE,1524033664
Thāpāgāũ,Thapagau,,29.2412,82.0222,Nepal,NP,NPL,Karṇālī,Karnali,NP-P6,,,132.7,,,4,Asia/Kathmandu,FALSE,1524032132
Thāpāgāũ,Thapagau,,29.6455,81.7591,Nepal,NP,NPL,Karṇālī,Karnali,NP-P6,,,115.3,,,4,Asia/Kathmandu,TRUE,1524036626
Thāpāgāũ,Thapagau,,29.6472,81.8594,Nepal,NP,NPL,Karṇālī,Karnali,NP-P6,,,75.5,,,4,Asia/Kathmandu,TRUE,1524036627
Thāpāgāũ,Thapagau,,29.1261,82.5748,Nepal,NP,NPL,Karṇālī,Karnali,NP-P6,,,18.1,,,4,Asia/Kathmandu,TRUE,1524036628
Thāpāgāũ,Thapagau,,28.0987,82.1637,Nepal,NP,NPL,Lumbinī,Lumbini,NP-P5,,,1113.4,,,3,Asia/Kathmandu,FALSE,1524030031
Ghurli̇̄,Ghurli,,27.9216,84.4491,Nepal,NP,NPL,,,,,,250.7,,,3,Asia/Kathmandu,FALSE,1524011441
Ghurli̇̄,Ghurli,,27.8499,84.2536,Nepal,NP,NPL,,,,,,127.8,,,4,Asia/Kathmandu,TRUE,1524011438
Thāpāgāũ,Thapagau,,27.3974,87.6572,Nepal,NP,NPL,Province Number One,Province Number One,NP-P1,,,161.6,,,4,Asia/Kathmandu,FALSE,1524033666
Bheri̇̄khuṭi̇̄,Bherikhuti,,28.2935,81.7941,Nepal,NP,NPL,,,,,,51.2,,,4,Asia/Kathmandu,FALSE,1524028358
Tinime,Tinime,,27.9206,82.6570,Nepal,NP,NPL,,,,,,145.3,,,4,Asia/Kathmandu,FALSE,1524008999
Gamphāthāng,Gamphathang,,27.9680,85.8017,Nepal,NP,NPL,,,,,,7.3,,,5,Asia/Kathmandu,FALSE,1524656333
Swatantra Nagar,Swatantra Nagar,,28.2019,81.6612,Nepal,NP,NPL,,,,,,990.6,,,3,Asia/Kathmandu,FALSE,1524024092
Mathurā,Mathura,,28.8202,81.2032,Nepal,NP,NPL,,,,,,35.2,,,4,Asia/Kathmandu,FALSE,1524026253
Amraini̇̄,Amraini,,26.7970,87.5111,Nepal,NP,NPL,,,,,,81.8,,,4,Asia/Kathmandu,FALSE,1524005584
Bunji̇̄,Bunji,,27.9134,84.1347,Nepal,NP,NPL,,,,,,80.1,,,4,Asia/Kathmandu,FALSE,1524008073
Bharbhare,Bharbhare,,28.9219,81.8534,Nepal,NP,NPL,,,,,,96.8,,,4,Asia/Kathmandu,FALSE,1524025754
Bharbhare,Bharbhare,,27.9246,82.5897,Nepal,NP,NPL,,,,,,92.2,,,4,Asia/Kathmandu,TRUE,1524030243
Bulbule,Bulbule,,28.5229,81.6050,Nepal,NP,NPL,,,,,,183.2,,,4,Asia/Kathmandu,FALSE,1524028507
Bulbule,Bulbule,,28.7509,81.4704,Nepal,NP,NPL,,,,,,36.9,,,4,Asia/Kathmandu,TRUE,1524024523
Garalbhoṭ,Garalbhot,,28.6329,82.6020,Nepal,NP,NPL,,,,,,168.4,,,4,Asia/Kathmandu,FALSE,1524026456
Bachkāulo,Bachkaulo,,29.0450,81.0469,Nepal,NP,NPL,Sudūrpashchim,Sudurpashchim,NP-P7,,,63.3,,,4,Asia/Kathmandu,FALSE,1524033316
Kunṭegāũ,Kuntegau,,28.8301,81.4664,Nepal,NP,NPL,,,,,,102.8,,,4,Asia/Kathmandu,FALSE,1524024649
Nārāyanthān,Narayanthan,,27.7295,85.2673,Nepal,NP,NPL,,,,,,9333.3,,,2,Asia/Kathmandu,FALSE,1524638775
Nārāyaṅthān,Narayanthan,,27.8891,85.9281,Nepal,NP,NPL,,,,,,48.7,,,4,Asia/Kathmandu,TRUE,1524075081
Ā̃pḍā̃ḍā,Apdada,,26.7955,86.9106,Nepal,NP,NPL,,,,,,473.9,,,3,Asia/Kathmandu,FALSE,1524001827
Ā̃pḍā̃ḍā,Apdada,,27.8364,84.5356,Nepal,NP,NPL,,,,,,249.4,,,3,Asia/Kathmandu,TRUE,1524014115
Ā̃pḍā̃ḍā,Apdada,,26.9829,86.2807,Nepal,NP,NPL,,,,,,201.1,,,3,Asia/Kathmandu,TRUE,1524001404
Āpḍā̃ḍā,Apdada,,26.8138,87.8646,Nepal,NP,NPL,,,,,,155.3,,,4,Asia/Kathmandu,TRUE,1524006231
Ā̃pḍā̃ḍā,Apdada,,26.9193,86.6762,Nepal,NP,NPL,,,,,,109.7,,,4,Asia/Kathmandu,TRUE,1524001679
Āpḍā̃ḍā,Apdada,Āpḍānḍā,27.1693,86.1287,Nepal,NP,NPL,,,,,,89.0,,,4,Asia/Kathmandu,TRUE,1524638448
Dhimi̇̄gāũ,Dhimigau,,29.2348,81.1560,Nepal,NP,NPL,Sudūrpashchim,Sudurpashchim,NP-P7,,,148.0,,,4,Asia/Kathmandu,FALSE,1524035213
Neṭā,Neta,,28.6556,82.5930,Nepal,NP,NPL,,,,,,197.2,,,4,Asia/Kathmandu,FALSE,1524037902
Neṭā,Neta,,28.5857,82.2693,Nepal,NP,NPL,,,,,,191.0,,,4,Asia/Kathmandu,TRUE,1524024975
Neṭā,Neta,,28.7250,82.1997,Nepal,NP,NPL,,,,,,167.4,,,4,Asia/Kathmandu,TRUE,1524029105
Neṭā,Neta,,28.6972,81.6704,Nepal,NP,NPL,,,,,,163.5,,,4,Asia/Kathmandu,TRUE,1524028032
Neṭā,Neta,,28.7152,81.9413,Nepal,NP,NPL,,,,,,144.8,,,4,Asia/Kathmandu,TRUE,1524026665
Neṭā,Neta,,28.8640,81.9576,Nepal,NP,NPL,,,,,,104.6,,,4,Asia/Kathmandu,TRUE,1524024374
Neṭā,Neta,Neta,28.5481,81.7929,Nepal,NP,NPL,,,,,,63.9,,,4,Asia/Kathmandu,TRUE,1524273112
Syālḍā̃ḍā,Syaldada,Syālḍānḍā,27.9214,85.0265,Nepal,NP,NPL,,,,,,257.3,,,3,Asia/Kathmandu,FALSE,1524652519
Asuban,Asuban,,27.9450,84.9562,Nepal,NP,NPL,,,,,,198.2,,,4,Asia/Kathmandu,FALSE,1524010830
Gorineṭ,Gorinet,,28.3796,82.4934,Nepal,NP,NPL,,,,,,123.7,,,4,Asia/Kathmandu,FALSE,1524031257
Bajhāṅ Pade,Bajhan Pade,,29.3705,81.8817,Nepal,NP,NPL,Karṇālī,Karnali,NP-P6,,,6.1,,,5,Asia/Kathmandu,FALSE,1524031672
Bhimāli̇̄,Bhimali,Bhimālī,28.1018,85.2782,Nepal,NP,NPL,,,,,,29.0,,,4,Asia/Kathmandu,FALSE,1524893864
Punarbās,Punarbas,,26.8115,87.1645,Nepal,NP,NPL,,,,,,1651.2,,,3,Asia/Kathmandu,FALSE,1524005623
Jorghare,Jorghare,,26.5556,87.6916,Nepal,NP,NPL,,,,,,514.7,,,3,Asia/Kathmandu,FALSE,1524014326
Besrābāṅ,Besraban,,28.3882,82.6414,Nepal,NP,NPL,,,,,,63.2,,,4,Asia/Kathmandu,FALSE,1524029994
Thewārā,Thewara,,27.3863,87.5993,Nepal,NP,NPL,Province Number One,Province Number One,NP-P1,,,180.6,,,4,Asia/Kathmandu,FALSE,1524033304
Ghustuṅ Lek,Ghustun Lek,,27.8282,83.4418,Nepal,NP,NPL,Lumbinī,Lumbini,NP-P5,,,172.5,,,4,Asia/Kathmandu,FALSE,1524038149
Karmaṭoki̇̄,Karmatoki,,26.9151,85.8427,Nepal,NP,NPL,,,,,,352.7,,,3,Asia/Kathmandu,FALSE,1524004349
Thānsikharka,Thansikharka,,27.7200,84.8859,Nepal,NP,NPL,,,,,,209.6,,,3,Asia/Kathmandu,FALSE,1524015952
Jyāmundhārā,Jyamundhara,,28.7244,82.4622,Nepal,NP,NPL,,,,,,88.3,,,4,Asia/Kathmandu,FALSE,1524026821
Ālḍā̃ḍā,Aldada,Ālḍānḍā,27.9411,85.2793,Nepal,NP,NPL,,,,,,376.1,,,3,Asia/Kathmandu,FALSE,1524614816
Ālḍā̃ḍā,Aldada,,27.9225,84.9011,Nepal,NP,NPL,,,,,,201.0,,,3,Asia/Kathmandu,TRUE,1524013764
Ālḍā̃ḍā,Aldada,Ālḍānḍā,27.8158,85.6579,Nepal,NP,NPL,,,,,,192.2,,,4,Asia/Kathmandu,TRUE,1524984740
Ālḍā̃ḍā,Aldada,Ālḍānḍā,27.1794,85.4659,Nepal,NP,NPL,,,,,,102.5,,,4,Asia/Kathmandu,TRUE,1524417328
Ālḍā̃ḍā,Aldada,,26.9310,86.4463,Nepal,NP,NPL,,,,,,58.0,,,4,Asia/Kathmandu,TRUE,1524002488
Lebarnagar,Lebarnagar,,27.5722,84.2482,Nepal,NP,NPL,,,,,,589.6,,,3,Asia/Kathmandu,FALSE,1524012410
Karuniyā Bajārṭol,Karuniya Bajartol,,26.9073,85.2661,Nepal,NP,NPL,,,,,,1690.8,,,3,Asia/Kathmandu,FALSE,1524510967
Dubeḍi̇̄,Dubedi,,29.6966,80.5880,Nepal,NP,NPL,Sudūrpashchim,Sudurpashchim,NP-P7,,,153.2,,,4,Asia/Kathmandu,FALSE,1524031477
Darbārḍā̃ḍā,Darbardada,Darbārḍānḍā,27.2703,85.2063,Nepal,NP,NPL,,,,,,137.1,,,4,Asia/Kathmandu,FALSE,1524088933
Inarbāri̇̄,Inarbari,,27.0037,84.9680,Nepal,NP,NPL,,,,,,1417.5,,,3,Asia/Kathmandu,FALSE,1524018393
Dasaūtā,Dasauta,,27.1363,84.6815,Nepal,NP,NPL,,,,,,1109.5,,,3,Asia/Kathmandu,FALSE,1524009985
Ratanpur,Ratanpur,,27.6751,83.3846,Nepal,NP,NPL,Lumbinī,Lumbini,NP-P5,,,870.5,,,3,Asia/Kathmandu,FALSE,1524037431
Ḍhā̃ḍephedi̇̄,Dhadephedi,Ḍhānḍephedī,27.8828,85.1998,Nepal,NP,NPL,,,,,,278.1,,,3,Asia/Kathmandu,FALSE,1524250517
Saurābasti̇̄,Saurabasti,Saurābastī,27.5072,85.7142,Nepal,NP,NPL,,,,,,72.1,,,4,Asia/Kathmandu,FALSE,1524821749
Gaṅgāpiparā,Gangapipara,,26.8484,85.3261,Nepal,NP,NPL,,,,,,923.7,,,3,Asia/Kathmandu,FALSE,1524986197
Pākri̇̄,Pakri,,27.8640,84.3422,Nepal,NP,NPL,,,,,,87.7,,,4,Asia/Kathmandu,FALSE,1524013265
Kamalkhāḍi̇̄,Kamalkhadi,,26.5630,87.5448,Nepal,NP,NPL,,,,,,478.7,,,3,Asia/Kathmandu,FALSE,1524013168
Besi̇̄,Besi,,28.0445,84.8204,Nepal,NP,NPL,,,,,,450.5,,,3,Asia/Kathmandu,FALSE,1524625785
Besi̇̄,Besi,Besī,27.9614,85.0943,Nepal,NP,NPL,,,,,,187.0,,,4,Asia/Kathmandu,TRUE,1524314422
Besi̇̄,Besi,,28.3282,82.7887,Nepal,NP,NPL,,,,,,128.4,,,4,Asia/Kathmandu,TRUE,1524022127
Besi̇̄,Besi,,27.9287,82.9585,Nepal,NP,NPL,,,,,,119.1,,,4,Asia/Kathmandu,TRUE,1524010282
Besi̇̄,Besi,,26.8676,87.7687,Nepal,NP,NPL,,,,,,116.0,,,4,Asia/Kathmandu,TRUE,1524005874
Besi̇̄,Besi,,27.4421,86.7302,Nepal,NP,NPL,,,,,,7.9,,,5,Asia/Kathmandu,TRUE,1524116619
Kichakḍā̃gi̇̄,Kichakdagi,,26.5476,87.8383,Nepal,NP,NPL,,,,,,584.0,,,3,Asia/Kathmandu,FALSE,1524010449
Sānebesi̇̄,Sanebesi,Sānebesī,27.4261,86.0379,Nepal,NP,NPL,,,,,,254.9,,,3,Asia/Kathmandu,FALSE,1524818488
Dhārkholāgāũ,Dharkholagau,,28.8728,81.5756,Nepal,NP,NPL,,,,,,250.0,,,3,Asia/Kathmandu,FALSE,1524022573
Ṭopre,Topre,,28.0864,82.8989,Nepal,NP,NPL,,,,,,410.8,,,3,Asia/Kathmandu,FALSE,1524028614
Ṭopre,Topre,,28.4757,81.8025,Nepal,NP,NPL,,,,,,194.9,,,4,Asia/Kathmandu,TRUE,1524023226
Kalsimāre,Kalsimare,,28.4305,82.1121,Nepal,NP,NPL,,,,,,155.2,,,4,Asia/Kathmandu,FALSE,1524027799
Ḍā̃ḍā Sāntoli̇̄,Dada Santoli,,29.2302,81.0010,Nepal,NP,NPL,Sudūrpashchim,Sudurpashchim,NP-P7,,,260.5,,,3,Asia/Kathmandu,FALSE,1524033977
Seruwā,Seruwa,,27.4891,84.2805,Nepal,NP,NPL,Bāgmatī,Bagmati,NP-P3,,,427.1,,,3,Asia/Kathmandu,FALSE,1524036823
Bokhri̇̄,Bokhri,,26.9471,87.2939,Nepal,NP,NPL,,,,,,140.4,,,4,Asia/Kathmandu,FALSE,1524000475
Simjiūlā,Simjiula,,28.4350,81.9656,Nepal,NP,NPL,,,,,,96.1,,,4,Asia/Kathmandu,FALSE,1524023973
Māthillo Bhatkuri̇̄,Mathillo Bhatkuri,,28.7730,81.1514,Nepal,NP,NPL,,,,,,77.8,,,4,Asia/Kathmandu,FALSE,1524025950
Hā̃ḍi̇̄kholā,Hadikhola,,27.9035,84.8890,Nepal,NP,NPL,,,,,,519.7,,,3,Asia/Kathmandu,FALSE,1524010552
Hāḍi̇̄kholā,Hadikhola,,27.4498,84.9174,Nepal,NP,NPL,,,,,,185.6,,,4,Asia/Kathmandu,TRUE,1524017858
Hāḍi̇̄kholā,Hadikhola,,27.0246,86.9002,Nepal,NP,NPL,,,,,,97.5,,,4,Asia/Kathmandu,TRUE,1524018677
Bhajyegauḍi̇̄,Bhajyegaudi,,28.2225,81.6283,Nepal,NP,NPL,,,,,,267.8,,,3,Asia/Kathmandu,FALSE,1524024052
Sinuwā,Sinuwa,,28.4347,83.8385,Nepal,NP,NPL,Gaṇḍakī,Gandaki,NP-P4,,,20.1,,,4,Asia/Kathmandu,FALSE,1524032057
Hārjaṅ,Harjan,,28.3188,82.7871,Nepal,NP,NPL,,,,,,130.1,,,4,Asia/Kathmandu,FALSE,1524022118
Gewāḍā̃ḍā,Gewadada,,26.8752,87.9084,Nepal,NP,NPL,,,,,,719.5,,,3,Asia/Kathmandu,FALSE,1524007228
Lāpṭe,Lapte,,27.8248,85.7104,Nepal,NP,NPL,,,,,,163.8,,,4,Asia/Kathmandu,FALSE,1524252391
Bhaṭini̇̄yā̃,Bhatiniya,,26.9458,85.1532,Nepal,NP,NPL,,,,,,948.2,,,3,Asia/Kathmandu,FALSE,1524001112
Chāri̇̄khelne,Charikhelne,,28.5259,82.6010,Nepal,NP,NPL,,,,,,88.0,,,4,Asia/Kathmandu,FALSE,1524029277
Chirkhāṅ,Chirkhan,,27.5643,87.2102,Nepal,NP,NPL,Province Number One,Province Number One,NP-P1,,,6.3,,,5,Asia/Kathmandu,FALSE,1524031832
Nāulā,Naula,,28.7781,82.3865,Nepal,NP,NPL,Karṇālī,Karnali,NP-P6,,,190.2,,,4,Asia/Kathmandu,FALSE,1524037009
Nāulā,Naula,,29.2701,82.0776,Nepal,NP,NPL,Karṇālī,Karnali,NP-P6,,,170.1,,,4,Asia/Kathmandu,TRUE,1524033671
Nāulā,Naula,,29.2122,82.0328,Nepal,NP,NPL,Karṇālī,Karnali,NP-P6,,,120.4,,,4,Asia/Kathmandu,TRUE,1524032580
Naulā,Naula,,29.9985,81.7851,Nepal,NP,NPL,Karṇālī,Karnali,NP-P6,,,112.8,,,4,Asia/Kathmandu,TRUE,1524033670
Nāulā,Naula,,29.2382,82.3222,Nepal,NP,NPL,Karṇālī,Karnali,NP-P6,,,11.8,,,4,Asia/Kathmandu,TRUE,1524033672
Nāulā,Naula,,29.0698,80.1917,Nepal,NP,NPL,Sudūrpashchim,Sudurpashchim,NP-P7,,,423.3,,,3,Asia/Kathmandu,FALSE,1524032579
Sāplikhop,Saplikhop,,27.2826,87.8075,Nepal,NP,NPL,Province Number One,Province Number One,NP-P1,,,201.2,,,3,Asia/Kathmandu,FALSE,1524032128
Bhogṭār,Bhogtar,,27.5830,84.9272,Nepal,NP,NPL,,,,,,147.9,,,4,Asia/Kathmandu,FALSE,1524030894
Bhairavkuṇḍaḍā̃ḍā,Bhairavkundadada,,27.8410,85.0395,Nepal,NP,NPL,Province Number One,Province Number One,NP-P1,,,304.1,,,3,Asia/Kathmandu,FALSE,1524025003
Jhabahi̇̄,Jhabahi,,28.5533,81.0474,Nepal,NP,NPL,,,,,,1100.8,,,3,Asia/Kathmandu,FALSE,1524024015
Chyāse,Chyase,,27.6043,86.0159,Nepal,NP,NPL,,,,,,93.6,,,4,Asia/Kathmandu,FALSE,1524521544
Baimā,Baima,,26.9781,86.7109,Nepal,NP,NPL,,,,,,302.4,,,3,Asia/Kathmandu,FALSE,1524001693
Gāḍkholāgāū,Gadkholagau,,29.7428,80.4493,Nepal,NP,NPL,Sudūrpashchim,Sudurpashchim,NP-P7,,,179.1,,,4,Asia/Kathmandu,FALSE,1524006986
Si̇̄tā Bhañjyāṅ,Sita Bhanjyan,,27.0899,87.2151,Nepal,NP,NPL,,,,,,72.0,,,4,Asia/Kathmandu,FALSE,1524016697
Golākā̃ḍo,Golakado,,29.5978,81.2834,Nepal,NP,NPL,Sudūrpashchim,Sudurpashchim,NP-P7,,,111.9,,,4,Asia/Kathmandu,FALSE,1524035515
Sopā,Sopa,,28.4998,82.6897,Nepal,NP,NPL,Karṇālī,Karnali,NP-P6,,,96.3,,,4,Asia/Kathmandu,FALSE,1524030394
Khondroṅ,Khondron,,27.8581,84.3332,Nepal,NP,NPL,,,,,,99.0,,,4,Asia/Kathmandu,FALSE,1524013082
Pawaijuṅ,Pawaijun,,27.0695,87.5146,Nepal,NP,NPL,,,,,,82.6,,,4,Asia/Kathmandu,FALSE,1524018901
Karpa,Karpa,,28.9115,82.9025,Nepal,NP,NPL,Karṇālī,Karnali,NP-P6,,,19.5,,,4,Asia/Kathmandu,FALSE,1524038185
Bānashthali̇̄,Banashthali,Bānashthalī,27.6936,85.2317,Nepal,NP,NPL,,,,,,8007.8,,,2,Asia/Kathmandu,FALSE,1524820218
Hwaiṅ - Kreliṅ,Hwain - Krelin,,27.6948,84.6488,Nepal,NP,NPL,,,,,,92.9,,,4,Asia/Kathmandu,FALSE,1524015974
Thumsā,Thumsa,,27.4184,87.8835,Nepal,NP,NPL,Province Number One,Province Number One,NP-P1,,,65.2,,,4,Asia/Kathmandu,FALSE,1524031830
Phosreṭār,Phosretar,,27.8300,85.0179,Nepal,NP,NPL,Province Number One,Province Number One,NP-P1,,,226.4,,,3,Asia/Kathmandu,FALSE,1524032980
Tāṅriṅ,Tanrin,,28.0073,85.1053,Nepal,NP,NPL,,,,,,147.7,,,4,Asia/Kathmandu,FALSE,1524102320
Kindrāṅ,Kindran,,27.6124,84.8657,Nepal,NP,NPL,,,,,,144.8,,,4,Asia/Kathmandu,FALSE,1524017448
Sāimaneḍā̃ḍā,Saimanedada,Sāimaneḍānḍā,27.1715,85.6910,Nepal,NP,NPL,,,,,,149.1,,,4,Asia/Kathmandu,FALSE,1524036390
Narsiṁha,Narsimha,,26.5661,87.1135,Nepal,NP,NPL,,,,,,3316.0,,,2,Asia/Kathmandu,FALSE,1524001962
Musahrwā,Musahrwa,,26.9763,84.8897,Nepal,NP,NPL,,,,,,1513.1,,,3,Asia/Kathmandu,FALSE,1524001076
Bahiṭār,Bahitar,,27.2883,87.6789,Nepal,NP,NPL,Province Number One,Province Number One,NP-P1,,,158.4,,,4,Asia/Kathmandu,FALSE,1524033269
Sarāl Ṭol,Saral Tol,,28.7132,81.6538,Nepal,NP,NPL,,,,,,164.3,,,4,Asia/Kathmandu,FALSE,1524027675
Layabi̇̃ḍi̇̄,Layabidi,,28.7386,81.9776,Nepal,NP,NPL,,,,,,210.8,,,3,Asia/Kathmandu,FALSE,1524026669
Āmi̇̄gāũ,Amigau,,28.9442,81.4206,Nepal,NP,NPL,,,,,,103.5,,,4,Asia/Kathmandu,FALSE,1524024835
Khoṅṭāṅ,Khontan,,27.1952,86.9563,Nepal,NP,NPL,,,,,,335.6,,,3,Asia/Kathmandu,FALSE,1524015075
Māthillo Bhadaure,Mathillo Bhadaure,,27.4540,85.9823,Nepal,NP,NPL,,,,,,346.8,,,3,Asia/Kathmandu,FALSE,1524665900
Māthillo Bhadaure,Mathillo Bhadaure,,27.2729,86.6143,Nepal,NP,NPL,,,,,,149.5,,,4,Asia/Kathmandu,TRUE,1524587086
Tamti̇̄,Tamti,,28.8210,82.1326,Nepal,NP,NPL,Province Number One,Province Number One,NP-P1,,,106.6,,,4,Asia/Kathmandu,FALSE,1524021718
Tāmti̇̄,Tamti,,29.2531,81.6617,Nepal,NP,NPL,Karṇālī,Karnali,NP-P6,,,61.2,,,4,Asia/Kathmandu,FALSE,1524033152
Tāmti̇̄,Tamti,,29.1532,82.0864,Nepal,NP,NPL,Karṇālī,Karnali,NP-P6,,,19.9,,,4,Asia/Kathmandu,TRUE,1524021698
Gidre,Gidre,,27.1683,87.4001,Nepal,NP,NPL,,,,,,112.5,,,4,Asia/Kathmandu,FALSE,1524016934
Bāṅgiṅ,Bangin,,26.9567,88.0631,Nepal,NP,NPL,,,,,,200.6,,,3,Asia/Kathmandu,FALSE,1524000981
Chisākunṭā,Chisakunta,,28.7906,81.1506,Nepal,NP,NPL,,,,,,77.8,,,4,Asia/Kathmandu,FALSE,1524025945
Bistāre,Bistare,,27.0774,87.9404,Nepal,NP,NPL,,,,,,76.4,,,4,Asia/Kathmandu,FALSE,1524020384
Āṭhe Pokhari̇̄,Athe Pokhari,,28.8937,81.2960,Nepal,NP,NPL,,,,,,71.1,,,4,Asia/Kathmandu,FALSE,1524024042
Sunjhoḍā Ḍā̃ḍāgāũ,Sunjhoda Dadagau,,26.6845,87.8559,Nepal,NP,NPL,,,,,,104.6,,,4,Asia/Kathmandu,FALSE,1524004018
Ā̃pswā̃rā,Apswara,,27.9357,84.6930,Nepal,NP,NPL,,,,,,473.0,,,3,Asia/Kathmandu,FALSE,1524011839
Āpswā̃rā,Apswara,,27.9580,84.2978,Nepal,NP,NPL,,,,,,284.0,,,3,Asia/Kathmandu,TRUE,1524007795
Ā̃pswā̃rā,Apswara,,27.9949,84.6450,Nepal,NP,NPL,,,,,,257.6,,,3,Asia/Kathmandu,TRUE,1524013473
Ā̃pswārā,Apswara,,27.9254,84.9107,Nepal,NP,NPL,,,,,,201.0,,,3,Asia/Kathmandu,TRUE,1524013763
Ā̃pswā̃rā,Apswara,,27.9570,84.7414,Nepal,NP,NPL,,,,,,171.5,,,4,Asia/Kathmandu,TRUE,1524011849
Ā̃pswā̃rā,Apswara,,27.9144,84.5863,Nepal,NP,NPL,,,,,,160.1,,,4,Asia/Kathmandu,TRUE,1524015136
Ā̃pswā̃rā,Apswara,,27.2957,86.6206,Nepal,NP,NPL,,,,,,121.7,,,4,Asia/Kathmandu,TRUE,1524816023
Meluṅthali̇̄,Melunthali,Meluṅthalī,27.8437,86.1076,Nepal,NP,NPL,,,,,,27.2,,,4,Asia/Kathmandu,FALSE,1524335398
Khairbāri̇̄,Khairbari,,26.5113,87.5701,Nepal,NP,NPL,,,,,,454.4,,,3,Asia/Kathmandu,FALSE,1524013623
Ḍollu,Dollu,,27.6263,85.2657,Nepal,NP,NPL,,,,,,3055.5,,,2,Asia/Kathmandu,FALSE,1524477965
Sāno Phūljor,Sano Phuljor,,27.0955,85.7622,Nepal,NP,NPL,,,,,,153.8,,,4,Asia/Kathmandu,FALSE,1524904662
Ghartibās,Ghartibas,,27.8190,84.3843,Nepal,NP,NPL,,,,,,77.4,,,4,Asia/Kathmandu,FALSE,1524012103
Nigi̇̄chaurphā̃ṭ,Nigichaurphat,,27.9001,83.6495,Nepal,NP,NPL,Lumbinī,Lumbini,NP-P5,,,433.4,,,3,Asia/Kathmandu,FALSE,1524013848
Thāru Saṅḍuwā,Tharu Sanduwa,,28.4178,81.1416,Nepal,NP,NPL,,,,,,509.2,,,3,Asia/Kathmandu,FALSE,1524026082
Lāphā Bagar,Lapha Bagar,,29.2690,81.7117,Nepal,NP,NPL,Karṇālī,Karnali,NP-P6,,,22.3,,,4,Asia/Kathmandu,FALSE,1524035648
Hindugaḍh,Hindugadh,,26.7271,88.1316,Nepal,NP,NPL,,,,,,483.6,,,3,Asia/Kathmandu,FALSE,1524000115
Marauṭe,Maraute,,27.9049,84.3559,Nepal,NP,NPL,,,,,,129.4,,,4,Asia/Kathmandu,FALSE,1524008051
Bulu,Bulu,,27.6013,85.3256,Nepal,NP,NPL,,,,,,2914.4,,,2,Asia/Kathmandu,FALSE,1524248903
Hewā,Hewa,,27.6059,86.6430,Nepal,NP,NPL,Province Number One,Province Number One,NP-P1,,,8.1,,,5,Asia/Kathmandu,FALSE,1524032502
Rājbhaḍār,Rajbhadar,,26.8190,87.3424,Nepal,NP,NPL,,,,,,2562.0,,,2,Asia/Kathmandu,FALSE,1524014581
Tyāmreṅ,Tyamren,,27.2042,87.6512,Nepal,NP,NPL,,,,,,148.5,,,4,Asia/Kathmandu,FALSE,1524019150
Pānābāṅ,Panaban,,28.6763,82.4534,Nepal,NP,NPL,,,,,,191.2,,,4,Asia/Kathmandu,FALSE,1524026623
Pauwāri̇̄,Pauwari,,27.5753,84.6426,Nepal,NP,NPL,,,,,,886.7,,,3,Asia/Kathmandu,FALSE,1524017499
Ḍhuṅgedhāro,Dhungedharo,,27.3587,87.2072,Nepal,NP,NPL,,,,,,288.1,,,3,Asia/Kathmandu,FALSE,1524017714
Kheserā,Khesera,,27.2271,87.5338,Nepal,NP,NPL,,,,,,92.4,,,4,Asia/Kathmandu,FALSE,1524017511
Dhāmi̇̄ṭol,Dhamitol,,26.9368,85.8414,Nepal,NP,NPL,,,,,,326.7,,,3,Asia/Kathmandu,FALSE,1524004344
Tārki̇̄chaur,Tarkichaur,,28.1361,82.8458,Nepal,NP,NPL,,,,,,460.4,,,3,Asia/Kathmandu,FALSE,1524030416
Jaitpāni̇̄,Jaitpani,,28.4118,82.1061,Nepal,NP,NPL,,,,,,155.2,,,4,Asia/Kathmandu,FALSE,1524027806
Jyāmduk,Jyamduk,,27.2394,85.9837,Nepal,NP,NPL,,,,,,52.3,,,4,Asia/Kathmandu,FALSE,1524111701
Ḍhyāṅgrebhi̇̄r,Dhyangrebhir,Ḍhyāṅgrebhīr,27.7553,85.7022,Nepal,NP,NPL,,,,,,307.2,,,3,Asia/Kathmandu,FALSE,1524858310
Karāunje,Karaunje,,27.1289,86.1134,Nepal,NP,NPL,,,,,,103.8,,,4,Asia/Kathmandu,FALSE,1524848230
Hilepākhā,Hilepakha,,26.8437,88.0184,Nepal,NP,NPL,,,,,,111.9,,,4,Asia/Kathmandu,FALSE,1524001224
Nāḍā,Nada,,28.9468,81.3237,Nepal,NP,NPL,,,,,,101.3,,,4,Asia/Kathmandu,FALSE,1524024385
Bhairabpur,Bhairabpur,,27.4758,84.2938,Nepal,NP,NPL,Bāgmatī,Bagmati,NP-P3,,,426.2,,,3,Asia/Kathmandu,FALSE,1524037369
Gyaw,Gyaw,,27.9995,83.3892,Nepal,NP,NPL,,,,,,256.1,,,3,Asia/Kathmandu,FALSE,1524013593
Bediṅ,Bedin,Beding,27.9029,86.3761,Nepal,NP,NPL,,,,,,16.1,,,4,Asia/Kathmandu,FALSE,1524547769
Sanḍol,Sandol,,27.7442,85.3989,Nepal,NP,NPL,,,,,,5348.8,,,2,Asia/Kathmandu,FALSE,1524595136
Sājkharka,Sajkharka,,28.3569,81.8542,Nepal,NP,NPL,,,,,,51.2,,,4,Asia/Kathmandu,FALSE,1524028627
Sāltemmā,Saltemma,,27.1814,86.6041,Nepal,NP,NPL,,,,,,97.5,,,4,Asia/Kathmandu,FALSE,1524011899
Ḍhāp,Dhap,,27.8477,84.6458,Nepal,NP,NPL,,,,,,299.0,,,3,Asia/Kathmandu,FALSE,1524014676
Dhāp,Dhap,,27.9132,85.6359,Nepal,NP,NPL,,,,,,262.3,,,3,Asia/Kathmandu,TRUE,1524454423
Dhāp,Dhap,,26.9459,88.0620,Nepal,NP,NPL,,,,,,225.4,,,3,Asia/Kathmandu,TRUE,1524000980
Dhāp,Dhap,,26.9186,87.2089,Nepal,NP,NPL,,,,,,197.5,,,4,Asia/Kathmandu,TRUE,1524003815
Ḍhāp,Dhap,,27.9188,84.5291,Nepal,NP,NPL,,,,,,167.2,,,4,Asia/Kathmandu,TRUE,1524014552
Dhāp,Dhap,,28.4251,82.0735,Nepal,NP,NPL,,,,,,155.2,,,4,Asia/Kathmandu,TRUE,1524029665
Dhāp,Dhap,,27.3798,86.4864,Nepal,NP,NPL,,,,,,112.6,,,4,Asia/Kathmandu,TRUE,1524229828
Dhāp,Dhap,,28.3794,81.9223,Nepal,NP,NPL,,,,,,109.0,,,4,Asia/Kathmandu,TRUE,1524021808
Ḍhāp,Dhap,,27.8708,84.3790,Nepal,NP,NPL,,,,,,98.3,,,4,Asia/Kathmandu,TRUE,1524011480
Dhāp,Dhap,,27.1616,86.0918,Nepal,NP,NPL,,,,,,84.2,,,4,Asia/Kathmandu,TRUE,1524845481
Ḍhāp,Dhap,,27.3731,85.5404,Nepal,NP,NPL,,,,,,37.7,,,4,Asia/Kathmandu,TRUE,1524537333
Ḍhāp,Dhap,,28.5090,81.5586,Nepal,NP,NPL,,,,,,26.9,,,4,Asia/Kathmandu,TRUE,1524027986
Ḍhā̃p,Dhap,Ḍhānp,27.3095,85.6690,Nepal,NP,NPL,,,,,,24.9,,,4,Asia/Kathmandu,TRUE,1524393124
Khajāni̇̄,Khajani,,26.8840,85.1117,Nepal,NP,NPL,,,,,,1237.7,,,3,Asia/Kathmandu,FALSE,1524721744
Chaũserā,Chausera,,29.6610,80.5381,Nepal,NP,NPL,Sudūrpashchim,Sudurpashchim,NP-P7,,,269.7,,,3,Asia/Kathmandu,FALSE,1524031301
Lājhoḍā,Lajhoda,,26.6329,87.8160,Nepal,NP,NPL,,,,,,548.6,,,3,Asia/Kathmandu,FALSE,1524003845
Thākkuwā,Thakkuwa,,27.0830,87.6034,Nepal,NP,NPL,,,,,,119.0,,,4,Asia/Kathmandu,FALSE,1524019494
Narti̇̄,Narti,,27.8563,82.6053,Nepal,NP,NPL,,,,,,91.7,,,4,Asia/Kathmandu,FALSE,1524011960
Jhāṭol,Jhatol,,26.4769,87.1351,Nepal,NP,NPL,,,,,,3890.3,,,2,Asia/Kathmandu,FALSE,1524007395
Ghopṭe Kharka,Ghopte Kharka,,28.4282,83.6780,Nepal,NP,NPL,Gaṇḍakī,Gandaki,NP-P4,,,24.0,,,4,Asia/Kathmandu,FALSE,1524034801
Pāteswā̃rā,Pateswara,,28.2577,83.9314,Nepal,NP,NPL,Gaṇḍakī,Gandaki,NP-P4,,,345.8,,,3,Asia/Kathmandu,FALSE,1524000104
Siureni̇̄ḍā̃ḍā,Siurenidada,Siurenīḍānḍā,27.1900,86.2503,Nepal,NP,NPL,,,,,,181.5,,,4,Asia/Kathmandu,FALSE,1524111101
Dhopi̇̄chaur,Dhopichaur,,27.4168,87.0925,Nepal,NP,NPL,,,,,,116.5,,,4,Asia/Kathmandu,FALSE,1524018133
Rātāpāni̇̄,Ratapani,,28.9141,81.7265,Nepal,NP,NPL,,,,,,228.6,,,3,Asia/Kathmandu,FALSE,1524022741
Rātāpāni̇̄,Ratapani,,26.9138,86.6931,Nepal,NP,NPL,,,,,,109.6,,,4,Asia/Kathmandu,TRUE,1524001680
Rātāpāni̇̄,Ratapani,,27.0568,86.7503,Nepal,NP,NPL,,,,,,96.8,,,4,Asia/Kathmandu,TRUE,1524014265
Rātāpāni̇̄,Ratapani,,26.7995,87.0358,Nepal,NP,NPL,,,,,,89.0,,,4,Asia/Kathmandu,TRUE,1524005017
Ḍuḍi̇̄chaur,Dudichaur,,27.9529,83.6406,Nepal,NP,NPL,,,,,,304.1,,,3,Asia/Kathmandu,FALSE,1524015577
Binābāri̇̄gāũ,Binabarigau,,28.7097,80.4429,Nepal,NP,NPL,,,,,,718.1,,,3,Asia/Kathmandu,FALSE,1524021017
Samalā,Samala,,26.8064,87.5442,Nepal,NP,NPL,,,,,,83.2,,,4,Asia/Kathmandu,FALSE,1524005580
Majhauliyā,Majhauliya,,27.0672,85.0285,Nepal,NP,NPL,,,,,,894.7,,,3,Asia/Kathmandu,FALSE,1524729838
Majhauliyā,Majhauliya,,26.8635,85.8321,Nepal,NP,NPL,,,,,,761.3,,,3,Asia/Kathmandu,TRUE,1524002038
Terchhā,Terchha,,28.6037,82.6192,Nepal,NP,NPL,,,,,,126.6,,,4,Asia/Kathmandu,FALSE,1524027332
Kukhure Chaur,Kukhure Chaur,,27.7312,85.1950,Nepal,NP,NPL,,,,,,266.4,,,3,Asia/Kathmandu,FALSE,1524399295
Kāli̇̄ Damār,Kali Damar,,28.1882,82.1959,Nepal,NP,NPL,,,,,,166.7,,,4,Asia/Kathmandu,FALSE,1524027376
Kāli̇̄ Damār,Kali Damar,,28.4276,81.7351,Nepal,NP,NPL,,,,,,131.2,,,4,Asia/Kathmandu,TRUE,1524028576
Hasanpur,Hasanpur,,26.6729,87.1962,Nepal,NP,NPL,,,,,,2097.0,,,2,Asia/Kathmandu,FALSE,1524012322
Hasanpur,Hasanpur,,28.7118,80.5890,Nepal,NP,NPL,,,,,,324.3,,,3,Asia/Kathmandu,TRUE,1524017942
Hasanpur,Hasanpur,,26.9450,87.1293,Nepal,NP,NPL,,,,,,80.6,,,4,Asia/Kathmandu,TRUE,1524003480
Rāni̇̄gajari,Ranigajari,,28.0101,82.1025,Nepal,NP,NPL,Lumbinī,Lumbini,NP-P5,,,22.2,,,4,Asia/Kathmandu,FALSE,1524037875
Durjuṅkharka,Durjunkharka,,28.4723,84.8860,Nepal,NP,NPL,Gaṇḍakī,Gandaki,NP-P4,,,5.2,,,5,Asia/Kathmandu,FALSE,1524032978
Siṁhapur,Simhapur,,28.8185,80.4855,Nepal,NP,NPL,,,,,,308.0,,,3,Asia/Kathmandu,FALSE,1524020789
Sāimal,Saimal,,29.0438,81.3969,Nepal,NP,NPL,Sudūrpashchim,Sudurpashchim,NP-P7,,,235.6,,,3,Asia/Kathmandu,FALSE,1524036470
Serejā,Sereja,,27.2742,87.9206,Nepal,NP,NPL,Province Number One,Province Number One,NP-P1,,,50.6,,,4,Asia/Kathmandu,FALSE,1524001395
Ṭakṭak,Taktak,,27.8617,84.8649,Nepal,NP,NPL,,,,,,286.3,,,3,Asia/Kathmandu,FALSE,1524005190
Lagaḍi̇̄goṭh,Lagadigoth,,26.5992,86.2087,Nepal,NP,NPL,,,,,,16197.9,,,2,Asia/Kathmandu,FALSE,1524006969
Simbāri̇̄,Simbari,Simbārī,27.7628,85.6463,Nepal,NP,NPL,,,,,,372.1,,,3,Asia/Kathmandu,FALSE,1524940671
Simbāri̇̄,Simbari,Simbārī,27.6506,86.1182,Nepal,NP,NPL,,,,,,191.9,,,4,Asia/Kathmandu,TRUE,1524940343
Simbāri̇̄,Simbari,Simbārī,27.0522,86.1858,Nepal,NP,NPL,,,,,,119.1,,,4,Asia/Kathmandu,TRUE,1524930087
Simbāri̇̄,Simbari,Simbārī,27.2539,85.9487,Nepal,NP,NPL,,,,,,43.2,,,4,Asia/Kathmandu,TRUE,1524361929
Baghban,Baghban,,27.0015,85.0280,Nepal,NP,NPL,,,,,,1424.1,,,3,Asia/Kathmandu,FALSE,1524472916
Soti̇̄ṭolā,Sotitola,,27.9678,82.6477,Nepal,NP,NPL,,,,,,151.1,,,4,Asia/Kathmandu,FALSE,1524008921
Mele,Mele,,27.7334,85.2139,Nepal,NP,NPL,,,,,,275.0,,,3,Asia/Kathmandu,FALSE,1524424752
Bhālukholāṭol,Bhalukholatol,,27.2399,85.1601,Nepal,NP,NPL,,,,,,134.9,,,4,Asia/Kathmandu,FALSE,1524286632
Koṭhari̇̄,Kothari,,27.8126,82.6621,Nepal,NP,NPL,,,,,,38.9,,,4,Asia/Kathmandu,FALSE,1524007778
Kusanhāri̇̄,Kusanhari,,27.6296,84.1409,Nepal,NP,NPL,,,,,,940.3,,,3,Asia/Kathmandu,FALSE,1524029214
Phumpheḍā̃ḍā,Phumphedada,,27.4078,87.8638,Nepal,NP,NPL,Province Number One,Province Number One,NP-P1,,,60.2,,,4,Asia/Kathmandu,FALSE,1524004655
Pāudārko Ḍil,Paudarko Dil,,27.9835,84.8094,Nepal,NP,NPL,,,,,,432.3,,,3,Asia/Kathmandu,FALSE,1524013335
Sisarā,Sisara,,27.8470,84.2348,Nepal,NP,NPL,,,,,,120.0,,,4,Asia/Kathmandu,FALSE,1524010951
Sigauri̇̄bāḍā,Sigauribada,,28.7645,81.2541,Nepal,NP,NPL,,,,,,57.3,,,4,Asia/Kathmandu,FALSE,1524022508
Kolunjor,Kolunjor,,27.2797,86.1818,Nepal,NP,NPL,,,,,,104.2,,,4,Asia/Kathmandu,FALSE,1524409292
Walaṅgā,Walanga,,27.4311,87.2432,Nepal,NP,NPL,,,,,,288.1,,,3,Asia/Kathmandu,FALSE,1524038245
Komo,Komo,,28.0162,85.1121,Nepal,NP,NPL,,,,,,114.2,,,4,Asia/Kathmandu,FALSE,1524955119
Bramhapuri̇̄ṭolā,Bramhapuritola,,26.7585,85.3125,Nepal,NP,NPL,,,,,,2243.7,,,2,Asia/Kathmandu,FALSE,1524537521
Kāpreghāṭ,Kapreghat,,27.6852,84.3627,Nepal,NP,NPL,,,,,,922.3,,,3,Asia/Kathmandu,FALSE,1524007313
Bhurkuṇḍā,Bhurkunda,,29.1147,80.2264,Nepal,NP,NPL,Sudūrpashchim,Sudurpashchim,NP-P7,,,101.2,,,4,Asia/Kathmandu,FALSE,1524002339
Amalāchaur,Amalachaur,,28.5050,81.7210,Nepal,NP,NPL,,,,,,103.7,,,4,Asia/Kathmandu,FALSE,1524029697
Amalāchaur,Amalachaur,,28.7331,81.1971,Nepal,NP,NPL,,,,,,77.8,,,4,Asia/Kathmandu,TRUE,1524022756
Khukailā,Khukaila,,26.9785,87.1032,Nepal,NP,NPL,,,,,,140.0,,,4,Asia/Kathmandu,FALSE,1524002673
Jamālgāũ,Jamalgau,,29.1857,81.2418,Nepal,NP,NPL,Sudūrpashchim,Sudurpashchim,NP-P7,,,211.9,,,3,Asia/Kathmandu,FALSE,1524036467
Chhatisghare,Chhatisghare,,27.6584,84.1970,Nepal,NP,NPL,,,,,,1024.8,,,3,Asia/Kathmandu,FALSE,1524028649
Jersyāt,Jersyat,,28.1008,85.0190,Nepal,NP,NPL,,,,,,60.9,,,4,Asia/Kathmandu,FALSE,1524283799
Tulasi̇̄,Tulasi,Tulsi|Tulasī,27.0180,85.9229,Nepal,NP,NPL,,,,,,133.6,,,4,Asia/Kathmandu,FALSE,1524739069
Bhundruṅ,Bhundrun,,27.4489,84.9255,Nepal,NP,NPL,,,,,,185.6,,,4,Asia/Kathmandu,FALSE,1524017859
Nāraṅ,Naran,,27.0998,86.8040,Nepal,NP,NPL,,,,,,162.9,,,4,Asia/Kathmandu,FALSE,1524014631
Baṅkhuṭol,Bankhutol,,27.1907,85.1913,Nepal,NP,NPL,,,,,,232.3,,,3,Asia/Kathmandu,FALSE,1524898572
Tyām,Tyam,,28.5167,82.5479,Nepal,NP,NPL,,,,,,257.9,,,3,Asia/Kathmandu,FALSE,1524029145
Dhawai̇̄ Kaṭān,Dhawai Katan,,28.7533,80.7369,Nepal,NP,NPL,,,,,,269.9,,,3,Asia/Kathmandu,FALSE,1524015774
Belbichhawā,Belbichhawa,,26.7582,85.3061,Nepal,NP,NPL,,,,,,2695.4,,,2,Asia/Kathmandu,FALSE,1524212122
Baṭauwā,Batauwa,,26.9630,85.7710,Nepal,NP,NPL,,,,,,343.4,,,3,Asia/Kathmandu,FALSE,1524004524
Kundri̇̄,Kundri,Kundrī,27.1283,86.2951,Nepal,NP,NPL,,,,,,169.2,,,4,Asia/Kathmandu,FALSE,1524495289
Mahābirchok,Mahabirchok,,26.6800,87.2226,Nepal,NP,NPL,,,,,,2423.1,,,2,Asia/Kathmandu,FALSE,1524012518
Mahābi̇̄rchok,Mahabirchok,,26.7684,85.2716,Nepal,NP,NPL,,,,,,1983.3,,,3,Asia/Kathmandu,TRUE,1524517061
Ṭhoredi̇̄,Thoredi,,27.8865,83.9378,Nepal,NP,NPL,,,,,,160.1,,,4,Asia/Kathmandu,FALSE,1524015111
Phukāndin,Phukandin,,27.4085,87.6956,Nepal,NP,NPL,Province Number One,Province Number One,NP-P1,,,92.9,,,4,Asia/Kathmandu,FALSE,1524033885
Phulbās,Phulbas,,28.4563,82.4258,Nepal,NP,NPL,,,,,,106.8,,,4,Asia/Kathmandu,FALSE,1524030827
Gi̇̄rdim,Girdim,Gīrdim,27.3818,85.5229,Nepal,NP,NPL,,,,,,44.8,,,4,Asia/Kathmandu,FALSE,1524275275
Ṭhuli̇̄ Bārkhu,Thuli Barkhu,,28.7591,82.3648,Nepal,NP,NPL,Karṇālī,Karnali,NP-P6,,,146.1,,,4,Asia/Kathmandu,FALSE,1524036859
Kusāṅpāl,Kusanpal,,28.0056,85.5338,Nepal,NP,NPL,,,,,,30.7,,,4,Asia/Kathmandu,FALSE,1524710700
Bhugar Goṭh,Bhugar Goth,,29.5849,81.3665,Nepal,NP,NPL,Sudūrpashchim,Sudurpashchim,NP-P7,,,38.7,,,4,Asia/Kathmandu,FALSE,1524034937
Chirauli̇̄,Chirauli,,27.4612,84.2918,Nepal,NP,NPL,Bāgmatī,Bagmati,NP-P3,,,423.4,,,3,Asia/Kathmandu,FALSE,1524037619
Damāi̇̄gāũ,Damaigau,Damāīgāun,27.6917,85.4972,Nepal,NP,NPL,,,,,,789.0,,,3,Asia/Kathmandu,FALSE,1524894429
Damāigāũ,Damaigau,,28.4972,82.3222,Nepal,NP,NPL,,,,,,267.8,,,3,Asia/Kathmandu,TRUE,1524031007
Damāigāũ,Damaigau,Damāigāun,27.4186,86.1742,Nepal,NP,NPL,,,,,,194.7,,,4,Asia/Kathmandu,TRUE,1524910465
Damaigāũ,Damaigau,,27.2175,86.8477,Nepal,NP,NPL,,,,,,167.3,,,4,Asia/Kathmandu,TRUE,1524010002
Damāigāũ,Damaigau,,27.8380,84.8313,Nepal,NP,NPL,,,,,,161.5,,,4,Asia/Kathmandu,TRUE,1524005081
Damāigāũ,Damaigau,,27.2777,87.0989,Nepal,NP,NPL,,,,,,88.2,,,4,Asia/Kathmandu,TRUE,1524016497
Yogiyā,Yogiya,,26.6082,86.6006,Nepal,NP,NPL,,,,,,680.3,,,3,Asia/Kathmandu,FALSE,1524008511
Kalibeli̇̄,Kalibeli,,27.2876,86.6153,Nepal,NP,NPL,,,,,,115.9,,,4,Asia/Kathmandu,FALSE,1524138554
Sālṭākura,Saltakura,,28.6850,82.1362,Nepal,NP,NPL,,,,,,184.7,,,4,Asia/Kathmandu,FALSE,1524028407
Sālṭākurā,Saltakura,,28.8083,81.5729,Nepal,NP,NPL,,,,,,95.2,,,4,Asia/Kathmandu,TRUE,1524022374
Sālṭākurā,Saltakura,,28.5707,81.9816,Nepal,NP,NPL,,,,,,89.0,,,4,Asia/Kathmandu,TRUE,1524027095
Chaurhattar,Chaurhattar,,28.1681,85.3053,Nepal,NP,NPL,,,,,,200.7,,,3,Asia/Kathmandu,FALSE,1524571988
Huti̇̄,Huti,,29.9188,80.5904,Nepal,NP,NPL,Sudūrpashchim,Sudurpashchim,NP-P7,,,441.3,,,3,Asia/Kathmandu,FALSE,1524036298
Chamarkaṭṭi̇̄,Chamarkatti,,28.7910,80.3553,Nepal,NP,NPL,,,,,,808.9,,,3,Asia/Kathmandu,FALSE,1524020220
Oḍbāḍā,Odbada,,28.9085,81.5166,Nepal,NP,NPL,,,,,,112.2,,,4,Asia/Kathmandu,FALSE,1524024150
Bārhagoṭhe,Barhagothe,,26.7349,87.5686,Nepal,NP,NPL,Province Number One,Province Number One,NP-P1,,,115.8,,,4,Asia/Kathmandu,FALSE,1524031657
Nimuwābojhi̇̄,Nimuwabojhi,,28.5698,80.7761,Nepal,NP,NPL,,,,,,384.1,,,3,Asia/Kathmandu,FALSE,1524021325
Baire,Baire,,26.9969,87.3652,Nepal,NP,NPL,Province Number One,Province Number One,NP-P1,,,288.3,,,3,Asia/Kathmandu,FALSE,1524004911
Sinā Phā̃ṭ,Sina Phat,,27.8210,83.9446,Nepal,NP,NPL,,,,,,277.5,,,3,Asia/Kathmandu,FALSE,1524012603
Kuṭḍā̃ḍā,Kutdada,,28.1604,82.8368,Nepal,NP,NPL,,,,,,212.6,,,3,Asia/Kathmandu,FALSE,1524030408
Abgān,Abgan,,28.7829,82.0014,Nepal,NP,NPL,Province Number One,Province Number One,NP-P1,,,171.6,,,4,Asia/Kathmandu,FALSE,1524032947
Dāṅsri̇̄,Dansri,,27.8511,84.2700,Nepal,NP,NPL,,,,,,128.0,,,4,Asia/Kathmandu,FALSE,1524010475
Thākri̇̄koṭ,Thakrikot,,27.8928,82.6344,Nepal,NP,NPL,,,,,,234.4,,,3,Asia/Kathmandu,FALSE,1524009005
Tāmyumā,Tamyuma,,26.9378,87.0072,Nepal,NP,NPL,,,,,,67.8,,,4,Asia/Kathmandu,FALSE,1524001810
Pāũdurkoṭ,Paudurkot,,28.2890,83.8316,Nepal,NP,NPL,Gaṇḍakī,Gandaki,NP-P4,,,329.4,,,3,Asia/Kathmandu,FALSE,1524032706
Lek Jhā̃pe,Lek Jhape,,29.4006,81.8998,Nepal,NP,NPL,Karṇālī,Karnali,NP-P6,,,6.1,,,5,Asia/Kathmandu,FALSE,1524031689
Chhataunā,Chhatauna,,26.8416,85.3096,Nepal,NP,NPL,,,,,,1500.8,,,3,Asia/Kathmandu,FALSE,1524212099
Hāttisāl,Hattisal,,27.7782,84.2915,Nepal,NP,NPL,,,,,,70.7,,,4,Asia/Kathmandu,FALSE,1524013708
Jhorakhā,Jhorakha,,28.7183,80.8939,Nepal,NP,NPL,,,,,,363.8,,,3,Asia/Kathmandu,FALSE,1524021221
Rupchetālgāũ,Rupchetalgau,,28.2948,84.7791,Nepal,NP,NPL,Gaṇḍakī,Gandaki,NP-P4,,,31.8,,,4,Asia/Kathmandu,FALSE,1524032216
Gamalṭār,Gamaltar,,27.4198,85.2700,Nepal,NP,NPL,,,,,,69.0,,,4,Asia/Kathmandu,FALSE,1524980778
Si̇̃durkholagāũ,Sidurkholagau,,28.3966,81.8245,Nepal,NP,NPL,,,,,,202.8,,,3,Asia/Kathmandu,FALSE,1524022809
Kumaraul,Kumaraul,,26.5766,86.7524,Nepal,NP,NPL,,,,,,972.0,,,3,Asia/Kathmandu,FALSE,1524010198
Pharping,Pharping,Pharpin,27.6000,85.2667,Nepal,NP,NPL,,,,,,3691.7,,,2,Asia/Kathmandu,FALSE,1524317810
Dāni̇̄gaḍā,Danigada,,29.1006,81.4305,Nepal,NP,NPL,Sudūrpashchim,Sudurpashchim,NP-P7,,,239.0,,,3,Asia/Kathmandu,FALSE,1524033788
Rāmthumki̇̄,Ramthumki,,27.9998,84.3315,Nepal,NP,NPL,,,,,,227.7,,,3,Asia/Kathmandu,FALSE,1524008225
Rāmthumki̇̄,Ramthumki,,27.9609,83.8771,Nepal,NP,NPL,,,,,,147.2,,,4,Asia/Kathmandu,TRUE,1524014532
Dash Nambar Ṭol,Dash Nambar Tol,,28.2162,81.4822,Nepal,NP,NPL,,,,,,425.1,,,3,Asia/Kathmandu,FALSE,1524024694
Mālpegāũ,Malpegau,,28.5290,82.0471,Nepal,NP,NPL,,,,,,123.1,,,4,Asia/Kathmandu,FALSE,1524027549
Rāni̇̄gañj Darbār,Raniganj Darbar,,27.0625,84.7683,Nepal,NP,NPL,,,,,,5993.4,,,2,Asia/Kathmandu,FALSE,1524017522
Ghichet,Ghichet,,28.0057,85.2869,Nepal,NP,NPL,,,,,,159.6,,,4,Asia/Kathmandu,FALSE,1524260917
Ghicheṭ,Ghichet,,27.4306,85.9222,Nepal,NP,NPL,,,,,,116.0,,,4,Asia/Kathmandu,TRUE,1524260313
Khajuwā,Khajuwa,,28.7129,80.3107,Nepal,NP,NPL,,,,,,1746.2,,,3,Asia/Kathmandu,FALSE,1524019974
Khajuwā,Khajuwa,,28.8927,80.3200,Nepal,NP,NPL,,,,,,865.5,,,3,Asia/Kathmandu,TRUE,1524020742
Rājpur Pharhadawā,Rajpur Pharhadawa,,26.8276,85.2323,Nepal,NP,NPL,,,,,,2127.6,,,2,Asia/Kathmandu,FALSE,1524283254
Jilu,Jilu,,27.6524,86.0672,Nepal,NP,NPL,,,,,,321.7,,,3,Asia/Kathmandu,FALSE,1524612558
Phaṅsuwā,Phansuwa,,26.9569,87.3387,Nepal,NP,NPL,,,,,,445.5,,,3,Asia/Kathmandu,FALSE,1524000334
Nari̇̄ṭol,Naritol,,26.6515,86.1443,Nepal,NP,NPL,,,,,,794.6,,,3,Asia/Kathmandu,FALSE,1524007074
Kholāghāṭ,Kholaghat,,27.9503,84.4454,Nepal,NP,NPL,,,,,,189.7,,,4,Asia/Kathmandu,FALSE,1524011774
Āranṭurā,Arantura,,28.5594,81.7524,Nepal,NP,NPL,,,,,,88.1,,,4,Asia/Kathmandu,FALSE,1524026325
Chilime,Chilime,,28.1907,85.2966,Nepal,NP,NPL,,,,,,13.6,,,4,Asia/Kathmandu,FALSE,1524447953
Ketuke,Ketuke,,27.2562,86.4885,Nepal,NP,NPL,,,,,,191.4,,,4,Asia/Kathmandu,FALSE,1524058929
Tamāspur,Tamaspur,,27.5643,83.9435,Nepal,NP,NPL,Gaṇḍakī,Gandaki,NP-P4,,,231.3,,,3,Asia/Kathmandu,FALSE,1524331210
Kuke Lā̃kuri̇̄,Kuke Lakuri,,28.6238,82.2662,Nepal,NP,NPL,,,,,,128.4,,,4,Asia/Kathmandu,FALSE,1524024955
Bānne Bāḍā,Banne Bada,,29.3428,81.9986,Nepal,NP,NPL,Karṇālī,Karnali,NP-P6,,,158.5,,,4,Asia/Kathmandu,FALSE,1524033367
Dhanpuri̇̄ Dhātāṭol,Dhanpuri Dhatatol,,26.5879,86.8998,Nepal,NP,NPL,,,,,,713.8,,,3,Asia/Kathmandu,FALSE,1524013145
Pāri̇̄ṭār,Paritar,,26.9530,86.5562,Nepal,NP,NPL,,,,,,116.5,,,4,Asia/Kathmandu,FALSE,1524003269
Chhoṭki̇̄ Ḍeuḍā,Chhotki Deuda,,28.2306,81.4547,Nepal,NP,NPL,,,,,,327.0,,,3,Asia/Kathmandu,FALSE,1524024688
Baḍpipal,Badpipal,,29.1570,81.3374,Nepal,NP,NPL,Sudūrpashchim,Sudurpashchim,NP-P7,,,392.5,,,3,Asia/Kathmandu,FALSE,1524034448
Lā̃kuri̇̄chhāp,Lakurichhap,,27.8865,84.6674,Nepal,NP,NPL,,,,,,412.2,,,3,Asia/Kathmandu,FALSE,1524011012
Lākuri̇̄chhāp,Lakurichhap,,27.8699,84.9278,Nepal,NP,NPL,,,,,,247.4,,,3,Asia/Kathmandu,TRUE,1524011518
Tolak,Tolak,,27.8615,84.7200,Nepal,NP,NPL,,,,,,154.1,,,4,Asia/Kathmandu,FALSE,1524015653
Māthillo Kalpe,Mathillo Kalpe,,29.7670,82.0175,Nepal,NP,NPL,Karṇālī,Karnali,NP-P6,,,41.7,,,4,Asia/Kathmandu,FALSE,1524004138
Tārbhoṭe,Tarbhote,,27.7342,84.8961,Nepal,NP,NPL,,,,,,209.6,,,3,Asia/Kathmandu,FALSE,1524015969
Sāno Thakleni̇̄,Sano Thakleni,,28.4062,81.8539,Nepal,NP,NPL,,,,,,204.0,,,3,Asia/Kathmandu,FALSE,1524023011
Bhurumḍā̃ḍā,Bhurumdada,,28.5749,81.7874,Nepal,NP,NPL,,,,,,63.9,,,4,Asia/Kathmandu,FALSE,1524026169
Mahā̃kālgāũ,Mahakalgau,Mahānkālgāun,27.7669,85.2942,Nepal,NP,NPL,,,,,,6044.6,,,2,Asia/Kathmandu,FALSE,1524396676
Mahā̃kālgāũ,Mahakalgau,Mahānkālgāun,27.5728,85.3541,Nepal,NP,NPL,,,,,,480.7,,,3,Asia/Kathmandu,TRUE,1524495886
Syāulekhuṭi̇̄,Syaulekhuti,,27.9353,82.1135,Nepal,NP,NPL,Lumbinī,Lumbini,NP-P5,,,40.1,,,4,Asia/Kathmandu,FALSE,1524036233
Ḍhā̃g,Dhag,,28.8109,82.4785,Nepal,NP,NPL,Karṇālī,Karnali,NP-P6,,,31.5,,,4,Asia/Kathmandu,FALSE,1524038035
Ṭhā̃ṭi̇̄chuar,Thatichuar,,28.5852,82.3243,Nepal,NP,NPL,,,,,,332.5,,,3,Asia/Kathmandu,FALSE,1524025586
Jhirubās,Jhirubas,,27.7900,83.9338,Nepal,NP,NPL,Lumbinī,Lumbini,NP-P5,,,99.3,,,4,Asia/Kathmandu,FALSE,1524012415
Chālisbighā,Chalisbigha,,26.6380,87.4923,Nepal,NP,NPL,,,,,,515.0,,,3,Asia/Kathmandu,FALSE,1524006694
Chālisbighā,Chalisbigha,,27.2087,84.7410,Nepal,NP,NPL,,,,,,476.5,,,3,Asia/Kathmandu,TRUE,1524009619
Swarṇapaṭṭi̇̄,Swarnapatti,,26.5083,86.5675,Nepal,NP,NPL,,,,,,820.4,,,3,Asia/Kathmandu,FALSE,1524008344
Bhaṅḍāri̇̄ Bāḍā,Bhandari Bada,,29.2869,82.1937,Nepal,NP,NPL,Karṇālī,Karnali,NP-P6,,,327.6,,,3,Asia/Kathmandu,FALSE,1524035698
Khurlu,Khurlu,,28.0084,85.1218,Nepal,NP,NPL,,,,,,186.1,,,4,Asia/Kathmandu,FALSE,1524374865
Chhemsi̇̄ṅ,Chhemsin,,27.5291,86.8787,Nepal,NP,NPL,Province Number One,Province Number One,NP-P1,,,2.4,,,5,Asia/Kathmandu,FALSE,1524032125
Tallo Harka,Tallo Harka,,27.0538,87.1342,Nepal,NP,NPL,,,,,,54.1,,,4,Asia/Kathmandu,FALSE,1524016749
Phattepur,Phattepur,,26.9610,85.2784,Nepal,NP,NPL,,,,,,1293.4,,,3,Asia/Kathmandu,FALSE,1524947487
Phattepur,Phattepur,,26.5005,86.6140,Nepal,NP,NPL,,,,,,826.7,,,3,Asia/Kathmandu,TRUE,1524008387
Phattepur,Phattepur,,27.1189,85.0190,Nepal,NP,NPL,,,,,,675.4,,,3,Asia/Kathmandu,TRUE,1524462172
Phattepur,Phattepur,,26.4342,87.6945,Nepal,NP,NPL,,,,,,542.3,,,3,Asia/Kathmandu,TRUE,1524002234
Phattepur,Phattepur,,28.4019,81.1221,Nepal,NP,NPL,,,,,,539.1,,,3,Asia/Kathmandu,TRUE,1524025707
Phattepur,Phattepur,Fatehpur,26.7358,86.9323,Nepal,NP,NPL,,,,,,422.8,,,3,Asia/Kathmandu,TRUE,1524585471
Phattepur,Phattepur,,28.2955,81.3278,Nepal,NP,NPL,,,,,,302.7,,,3,Asia/Kathmandu,TRUE,1524025314
Gargammā,Gargamma,,26.6108,86.3513,Nepal,NP,NPL,,,,,,2098.2,,,2,Asia/Kathmandu,FALSE,1524003033
Aiti̇̄,Aiti,,28.8680,81.7829,Nepal,NP,NPL,,,,,,333.1,,,3,Asia/Kathmandu,FALSE,1524023675
Gārja,Garja,,29.3768,82.0724,Nepal,NP,NPL,Karṇālī,Karnali,NP-P6,,,69.0,,,4,Asia/Kathmandu,FALSE,1524036236
Lām Pokharā,Lam Pokhara,,28.2527,82.4226,Nepal,NP,NPL,,,,,,146.3,,,4,Asia/Kathmandu,FALSE,1524031031
Dhākardi̇̄,Dhakardi,,27.9304,84.1067,Nepal,NP,NPL,,,,,,119.0,,,4,Asia/Kathmandu,FALSE,1524007455
Tallo Tāpke,Tallo Tapke,,27.9301,83.8203,Nepal,NP,NPL,,,,,,228.8,,,3,Asia/Kathmandu,FALSE,1524009910
Sāno Pirati̇̄,Sano Pirati,Sāno Piratī,27.4953,86.3094,Nepal,NP,NPL,,,,,,135.4,,,4,Asia/Kathmandu,FALSE,1524590201
Khokaliṅ,Khokalin,,27.2348,86.0713,Nepal,NP,NPL,,,,,,57.8,,,4,Asia/Kathmandu,FALSE,1524599301
Ṭāli̇̄bhaṭṭā,Talibhatta,,26.5632,87.6109,Nepal,NP,NPL,,,,,,491.8,,,3,Asia/Kathmandu,FALSE,1524010416
Ghoḍeḍā̃ḍā,Ghodedada,,26.9745,86.9126,Nepal,NP,NPL,,,,,,211.0,,,3,Asia/Kathmandu,FALSE,1524008874
Piple,Piple,,27.6550,85.4861,Nepal,NP,NPL,,,,,,1361.9,,,3,Asia/Kathmandu,FALSE,1524529139
Piple,Piple,,26.9593,87.3575,Nepal,NP,NPL,,,,,,545.0,,,3,Asia/Kathmandu,TRUE,1524000402
Piple,Piple,,27.5824,84.7029,Nepal,NP,NPL,,,,,,446.4,,,3,Asia/Kathmandu,TRUE,1524017572
Piple,Piple,,27.6512,86.0629,Nepal,NP,NPL,,,,,,321.7,,,3,Asia/Kathmandu,TRUE,1524850706
Piple,Piple,,27.9111,84.3982,Nepal,NP,NPL,,,,,,286.5,,,3,Asia/Kathmandu,TRUE,1524010796
Piple,Piple,,27.1396,87.5167,Nepal,NP,NPL,,,,,,245.0,,,3,Asia/Kathmandu,TRUE,1524016725
Piple,Piple,,27.8288,84.8675,Nepal,NP,NPL,,,,,,224.9,,,3,Asia/Kathmandu,TRUE,1524004993
Piple,Piple,,27.1010,86.6081,Nepal,NP,NPL,,,,,,207.3,,,3,Asia/Kathmandu,TRUE,1524011379
Piple,Piple,,27.9799,84.1365,Nepal,NP,NPL,,,,,,187.8,,,4,Asia/Kathmandu,TRUE,1524008026
Piple,Piple,,27.1646,86.2066,Nepal,NP,NPL,,,,,,170.2,,,4,Asia/Kathmandu,TRUE,1524847176
Piple,Piple,,27.4031,87.1428,Nepal,NP,NPL,,,,,,153.9,,,4,Asia/Kathmandu,TRUE,1524016563
Piple,Piple,,26.9517,87.3015,Nepal,NP,NPL,,,,,,140.4,,,4,Asia/Kathmandu,TRUE,1524000476
Piple,Piple,,27.5015,86.1647,Nepal,NP,NPL,,,,,,136.3,,,4,Asia/Kathmandu,TRUE,1524301503
Piple,Piple,,27.4349,86.0827,Nepal,NP,NPL,,,,,,133.1,,,4,Asia/Kathmandu,TRUE,1524699797
Piple,Piple,,26.9031,87.2706,Nepal,NP,NPL,,,,,,121.0,,,4,Asia/Kathmandu,TRUE,1524000385
Piple,Piple,,27.2599,87.2237,Nepal,NP,NPL,,,,,,115.8,,,4,Asia/Kathmandu,TRUE,1524017898
Piple,Piple,,27.1177,87.1103,Nepal,NP,NPL,,,,,,96.6,,,4,Asia/Kathmandu,TRUE,1524019336
Piple,Piple,,26.9827,87.1562,Nepal,NP,NPL,,,,,,95.5,,,4,Asia/Kathmandu,TRUE,1524003072
Piple,Piple,,27.9304,82.5837,Nepal,NP,NPL,,,,,,92.2,,,4,Asia/Kathmandu,TRUE,1524030246
Piple,Piple,,27.1743,87.6314,Nepal,NP,NPL,,,,,,81.2,,,4,Asia/Kathmandu,TRUE,1524019160
Piple,Piple,,27.3033,86.8184,Nepal,NP,NPL,,,,,,80.9,,,4,Asia/Kathmandu,TRUE,1524135139
Piple,Piple,,26.9853,86.7742,Nepal,NP,NPL,,,,,,69.1,,,4,Asia/Kathmandu,TRUE,1524007330
Piple,Piple,,28.3137,81.9919,Nepal,NP,NPL,,,,,,49.5,,,4,Asia/Kathmandu,TRUE,1524026563
Khālā Dhik,Khala Dhik,,29.3013,82.3264,Nepal,NP,NPL,,,,,,47.2,,,4,Asia/Kathmandu,FALSE,1524022713
Kauchheni̇̄khet,Kauchhenikhet,,28.9819,80.8733,Nepal,NP,NPL,,,,,,51.8,,,4,Asia/Kathmandu,FALSE,1524020289
Nigaulṭolā,Nigaultola,,26.9013,85.7754,Nepal,NP,NPL,,,,,,623.3,,,3,Asia/Kathmandu,FALSE,1524004543
Garāli̇̄,Garali,,29.6733,80.4190,Nepal,NP,NPL,Sudūrpashchim,Sudurpashchim,NP-P7,,,109.1,,,4,Asia/Kathmandu,FALSE,1524025836
Ḍā̃ḍi̇̄gaḍe,Dadigade,,29.0532,81.2127,Nepal,NP,NPL,Sudūrpashchim,Sudurpashchim,NP-P7,,,67.2,,,4,Asia/Kathmandu,FALSE,1524038078
Ṭhuṭo Chiuri̇̄,Thuto Chiuri,,28.6455,82.5370,Nepal,NP,NPL,,,,,,143.6,,,4,Asia/Kathmandu,FALSE,1524026578
Ratni̇̄,Ratni,,27.4749,84.3268,Nepal,NP,NPL,Bāgmatī,Bagmati,NP-P3,,,268.6,,,3,Asia/Kathmandu,FALSE,1524037966
Saṅgamchok,Sangamchok,,26.7291,88.1576,Nepal,NP,NPL,,,,,,483.6,,,3,Asia/Kathmandu,FALSE,1524000116
Bhaluhi̇̄,Bhaluhi,,27.0268,84.9401,Nepal,NP,NPL,,,,,,1228.3,,,3,Asia/Kathmandu,FALSE,1524018234
Lohāranpurwā,Loharanpurwa,,28.0183,81.6654,Nepal,NP,NPL,,,,,,1568.6,,,3,Asia/Kathmandu,FALSE,1524025046
Lekkhet,Lekkhet,,28.8583,81.4366,Nepal,NP,NPL,,,,,,34.8,,,4,Asia/Kathmandu,FALSE,1524024328
Pipaḍāri̇̄,Pipadari,,26.9860,85.0121,Nepal,NP,NPL,,,,,,646.2,,,3,Asia/Kathmandu,FALSE,1524350636
Chārpāṭe,Charpate,,27.3467,87.6879,Nepal,NP,NPL,Province Number One,Province Number One,NP-P1,,,217.9,,,3,Asia/Kathmandu,FALSE,1524036226
Majhukoṭ Sātdobāṭo,Majhukot Satdobato,,27.8988,84.7807,Nepal,NP,NPL,,,,,,226.9,,,3,Asia/Kathmandu,FALSE,1524010358
Dānābāri̇̄,Danabari,,27.2981,87.6562,Nepal,NP,NPL,Province Number One,Province Number One,NP-P1,,,156.7,,,4,Asia/Kathmandu,FALSE,1524036365
Jhālnāchi̇̄,Jhalnachi,,29.0443,81.2851,Nepal,NP,NPL,Sudūrpashchim,Sudurpashchim,NP-P7,,,183.7,,,4,Asia/Kathmandu,FALSE,1524033377
Paṅdhāre,Pandhare,,27.9114,84.9250,Nepal,NP,NPL,,,,,,650.1,,,3,Asia/Kathmandu,FALSE,1524010546
Pāndhāre,Pandhare,,27.9998,84.2239,Nepal,NP,NPL,,,,,,238.7,,,3,Asia/Kathmandu,TRUE,1524014501
Pāndhāre,Pandhare,,27.1384,86.9236,Nepal,NP,NPL,,,,,,118.7,,,4,Asia/Kathmandu,TRUE,1524014336
Karnoliyā,Karnoliya,,27.6363,83.0059,Nepal,NP,NPL,Lumbinī,Lumbini,NP-P5,,,919.1,,,3,Asia/Kathmandu,FALSE,1524037892
Hātti̇̄ahāl,Hattiahal,Hāttīahāl,27.2050,85.4163,Nepal,NP,NPL,,,,,,102.5,,,4,Asia/Kathmandu,FALSE,1524178671
Kuni̇̄gāũ,Kunigau,,28.2963,84.5466,Nepal,NP,NPL,Gaṇḍakī,Gandaki,NP-P4,,,13.4,,,4,Asia/Kathmandu,FALSE,1524032412
Chhatrapur,Chhatrapur,,26.7814,87.5773,Nepal,NP,NPL,,,,,,195.6,,,4,Asia/Kathmandu,FALSE,1524004209
Parsā Dewāḍ,Parsa Dewad,,26.8291,85.7487,Nepal,NP,NPL,,,,,,2047.1,,,2,Asia/Kathmandu,FALSE,1524001482
Bināyapur,Binayapur,,27.6627,83.4087,Nepal,NP,NPL,Lumbinī,Lumbini,NP-P5,,,1781.4,,,3,Asia/Kathmandu,FALSE,1524036885
Kālekā̃ḍā,Kalekada,,29.1186,81.4987,Nepal,NP,NPL,Sudūrpashchim,Sudurpashchim,NP-P7,,,105.9,,,4,Asia/Kathmandu,FALSE,1524035984
Sutārgāũ,Sutargau,Sutārgāun,27.4055,86.0031,Nepal,NP,NPL,,,,,,195.9,,,4,Asia/Kathmandu,FALSE,1524110486
Ailāni̇̄ Ṭol,Ailani Tol,,28.3137,81.2440,Nepal,NP,NPL,,,,,,692.8,,,3,Asia/Kathmandu,FALSE,1524023386
Purṇāgāũ,Purnagau,Hariṇgāũ,28.5818,82.3920,Nepal,NP,NPL,,,,,,574.9,,,3,Asia/Kathmandu,FALSE,1524029307
Purṇagāũ,Purnagau,,28.4947,82.5196,Nepal,NP,NPL,,,,,,218.4,,,3,Asia/Kathmandu,TRUE,1524021886
Purṇagāũ,Purnagau,,28.1862,82.8517,Nepal,NP,NPL,,,,,,213.5,,,3,Asia/Kathmandu,TRUE,1524030401
Purṇagāũ,Purnagau,,28.2581,82.7767,Nepal,NP,NPL,,,,,,177.8,,,4,Asia/Kathmandu,TRUE,1524022152
Sājāthāi,Sajathai,,28.9301,81.2463,Nepal,NP,NPL,,,,,,104.3,,,4,Asia/Kathmandu,FALSE,1524026210
Tintāpke,Tintapke,,27.4554,84.9507,Nepal,NP,NPL,,,,,,338.3,,,3,Asia/Kathmandu,FALSE,1524017958
Jimmikhā̃d,Jimmikhad,,26.8591,87.9684,Nepal,NP,NPL,,,,,,167.8,,,4,Asia/Kathmandu,FALSE,1524003057
Tumbāpoṭol,Tumbapotol,,26.6108,87.5769,Nepal,NP,NPL,,,,,,1121.8,,,3,Asia/Kathmandu,FALSE,1524012672
Joṅḍā̃ḍā,Jondada,Joṅḍānḍā,27.9620,85.2930,Nepal,NP,NPL,,,,,,275.5,,,3,Asia/Kathmandu,FALSE,1524192081
Jelbāṅ,Jelban,,27.9444,82.7246,Nepal,NP,NPL,,,,,,139.7,,,4,Asia/Kathmandu,FALSE,1524008799
Jelbāṅ,Jelban,,28.2785,82.5547,Nepal,NP,NPL,,,,,,121.2,,,4,Asia/Kathmandu,TRUE,1524030592
Jelbāṅ,Jelban,,28.3794,82.7432,Nepal,NP,NPL,,,,,,63.7,,,4,Asia/Kathmandu,TRUE,1524030094
Poṅrā,Ponra,,29.3925,83.0954,Nepal,NP,NPL,Karṇālī,Karnali,NP-P6,,,3.6,,,5,Asia/Kathmandu,FALSE,1524003036
Sālmārā,Salmara,,26.5578,88.0563,Nepal,NP,NPL,,,,,,720.2,,,3,Asia/Kathmandu,FALSE,1524000283
Sālmārā,Salmara,,26.5611,87.8047,Nepal,NP,NPL,,,,,,570.6,,,3,Asia/Kathmandu,TRUE,1524013406
Sālmārā,Salmara,,26.4591,87.8299,Nepal,NP,NPL,,,,,,366.6,,,3,Asia/Kathmandu,TRUE,1524001062
Gai̇̃ḍākoṭ,Gaidakot,,27.7075,84.4097,Nepal,NP,NPL,,,,,,609.0,,,3,Asia/Kathmandu,FALSE,1524015637
Gai̇̃ḍākoṭ,Gaidakot,,27.9963,82.6010,Nepal,NP,NPL,,,,,,81.2,,,4,Asia/Kathmandu,TRUE,1524030428
Sele,Sele,,27.9650,84.9659,Nepal,NP,NPL,,,,,,208.0,,,3,Asia/Kathmandu,FALSE,1524010841
Mulkholi̇̄,Mulkholi,,28.5428,81.9376,Nepal,NP,NPL,,,,,,64.7,,,4,Asia/Kathmandu,FALSE,1524029002
Chhanambarchok,Chhanambarchok,,26.7283,88.0492,Nepal,NP,NPL,,,,,,853.2,,,3,Asia/Kathmandu,FALSE,1524000771
Rai̇̃silli̇̄,Raisilli,,29.6298,80.9586,Nepal,NP,NPL,Sudūrpashchim,Sudurpashchim,NP-P7,,,29.7,,,4,Asia/Kathmandu,FALSE,1524034470
Jāṅsā,Jansa,,28.8629,81.4691,Nepal,NP,NPL,,,,,,60.9,,,4,Asia/Kathmandu,FALSE,1524024659
Bhatani̇̄,Bhatani,,27.1784,84.8662,Nepal,NP,NPL,,,,,,659.0,,,3,Asia/Kathmandu,FALSE,1524018022
Meltolo,Meltolo,,29.2292,81.0384,Nepal,NP,NPL,Sudūrpashchim,Sudurpashchim,NP-P7,,,167.1,,,4,Asia/Kathmandu,FALSE,1524033583
Sālu Bhañjyāṅ,Salu Bhanjyan,,27.3533,86.1317,Nepal,NP,NPL,,,,,,174.0,,,4,Asia/Kathmandu,FALSE,1524664612
Toli̇̄kholāgāũ,Tolikholagau,,28.4253,81.7305,Nepal,NP,NPL,,,,,,131.2,,,4,Asia/Kathmandu,FALSE,1524028574
Bhãgaiyā,Bhagaiya,,28.5863,80.9915,Nepal,NP,NPL,,,,,,443.8,,,3,Asia/Kathmandu,FALSE,1524021026
Nadrāgāũ,Nadragau,,28.1160,82.2307,Nepal,NP,NPL,Lumbinī,Lumbini,NP-P5,,,315.0,,,3,Asia/Kathmandu,FALSE,1524037568
Khāptiṅ,Khaptin,,27.0375,86.9312,Nepal,NP,NPL,,,,,,95.9,,,4,Asia/Kathmandu,FALSE,1524018809
Phuduṅ,Phudun,,27.2329,87.4126,Nepal,NP,NPL,,,,,,119.7,,,4,Asia/Kathmandu,FALSE,1524016915
Samjhanāchok,Samjhanachok,,26.6405,87.8046,Nepal,NP,NPL,,,,,,545.2,,,3,Asia/Kathmandu,FALSE,1524003841
Mohotoṭol,Mohototol,,26.6231,87.1093,Nepal,NP,NPL,,,,,,4497.0,,,2,Asia/Kathmandu,FALSE,1524002208
Gāḍpāri̇̄,Gadpari,,29.0825,82.4892,Nepal,NP,NPL,Karṇālī,Karnali,NP-P6,,,29.2,,,4,Asia/Kathmandu,FALSE,1524035325
Darlām,Darlam,,27.8909,83.6089,Nepal,NP,NPL,Lumbinī,Lumbini,NP-P5,,,212.1,,,3,Asia/Kathmandu,FALSE,1524008842
Sinurjorā,Sinurjora,,26.7851,85.9197,Nepal,NP,NPL,,,,,,959.5,,,3,Asia/Kathmandu,FALSE,1524005540
Kairbāri̇̄,Kairbari,,28.3265,83.8627,Nepal,NP,NPL,Gaṇḍakī,Gandaki,NP-P4,,,34.9,,,4,Asia/Kathmandu,FALSE,1524019222
Bajhgāũ,Bajhgau,Bajhgāun,27.4335,85.3754,Nepal,NP,NPL,,,,,,122.0,,,4,Asia/Kathmandu,FALSE,1524107079
Rabidaha,Rabidaha,,26.9200,87.1806,Nepal,NP,NPL,,,,,,166.7,,,4,Asia/Kathmandu,FALSE,1524003495
Buḍhābudhi̇̄,Budhabudhi,,26.9761,86.4446,Nepal,NP,NPL,,,,,,58.0,,,4,Asia/Kathmandu,FALSE,1524002709
Ṭeṅkharka,Tenkharka,,27.5122,86.5416,Nepal,NP,NPL,Province Number One,Province Number One,NP-P1,,,12.8,,,4,Asia/Kathmandu,FALSE,1524004399
Sāno Ākashdhārā,Sano Akashdhara,,27.2977,85.0748,Nepal,NP,NPL,,,,,,97.3,,,4,Asia/Kathmandu,FALSE,1524994709
Balawāṭol,Balawatol,,26.7339,85.9122,Nepal,NP,NPL,,,,,,229.4,,,3,Asia/Kathmandu,FALSE,1524004856
Phāle,Phale,,27.8548,84.8204,Nepal,NP,NPL,,,,,,293.5,,,3,Asia/Kathmandu,FALSE,1524005086
Kuchur,Kuchur,,27.6520,84.7249,Nepal,NP,NPL,,,,,,157.5,,,4,Asia/Kathmandu,FALSE,1524016226
Machhebās,Machhebas,,27.4985,85.0070,Nepal,NP,NPL,,,,,,114.3,,,4,Asia/Kathmandu,FALSE,1524698392
Ṭoḍkeḍā̃ḍā,Todkedada,Ṭoḍkeḍānḍā,27.1165,86.3119,Nepal,NP,NPL,,,,,,160.8,,,4,Asia/Kathmandu,FALSE,1524822632
Ṭoḍkeḍā̃ḍā,Todkedada,Ṭoḍkeḍānḍā,27.2576,86.3067,Nepal,NP,NPL,,,,,,101.1,,,4,Asia/Kathmandu,TRUE,1524907037
Ḍiḍā̃ḍā,Didada,,27.8954,84.7456,Nepal,NP,NPL,,,,,,224.2,,,3,Asia/Kathmandu,FALSE,1524011241
Ribdaulā,Ribdaula,,27.3005,86.9381,Nepal,NP,NPL,,,,,,36.1,,,4,Asia/Kathmandu,FALSE,1524742257
Mahādevṭol,Mahadevtol,Mahādevkol,26.3740,87.3475,Nepal,NP,NPL,,,,,,748.7,,,3,Asia/Kathmandu,FALSE,1524004701
Ṭhulākholā Ḍā̃ḍā,Thulakhola Dada,,28.6645,82.5285,Nepal,NP,NPL,,,,,,67.5,,,4,Asia/Kathmandu,FALSE,1524026448
Laṅkhā,Lankha,,27.0292,87.1816,Nepal,NP,NPL,,,,,,102.6,,,4,Asia/Kathmandu,FALSE,1524016878
Puṣpalpur,Puspalpur,,26.9140,86.0009,Nepal,NP,NPL,,,,,,436.5,,,3,Asia/Kathmandu,FALSE,1524005649
Bāchhānāṭol,Bachhanatol,,26.6348,87.5739,Nepal,NP,NPL,Province Number One,Province Number One,NP-P1,,,1124.3,,,3,Asia/Kathmandu,FALSE,1524031585
Māmcha,Mamcha,,29.6888,80.5212,Nepal,NP,NPL,Sudūrpashchim,Sudurpashchim,NP-P7,,,242.2,,,3,Asia/Kathmandu,FALSE,1524031277
Rijālkāllā,Rijalkalla,,28.8549,81.5376,Nepal,NP,NPL,,,,,,260.2,,,3,Asia/Kathmandu,FALSE,1524022058
Bājura,Bajura,,29.3648,81.3330,Nepal,NP,NPL,,,,,,558.9,,,3,Asia/Kathmandu,FALSE,1524958632
Simchā,Simcha,,27.7033,86.0392,Nepal,NP,NPL,,,,,,130.1,,,4,Asia/Kathmandu,FALSE,1524015121
Bhuruṅge,Bhurunge,,28.9281,81.8188,Nepal,NP,NPL,,,,,,102.2,,,4,Asia/Kathmandu,FALSE,1524025933
Bhuruṅge,Bhurunge,,27.5213,85.5603,Nepal,NP,NPL,,,,,,57.6,,,4,Asia/Kathmandu,TRUE,1524516645
Bhuruṅge,Bhurunge,,28.7828,81.5051,Nepal,NP,NPL,,,,,,36.9,,,4,Asia/Kathmandu,TRUE,1524022063
Sineṭā,Sineta,,28.0090,82.9584,Nepal,NP,NPL,,,,,,209.2,,,3,Asia/Kathmandu,FALSE,1524029438
Holche,Holche,,27.8430,85.6984,Nepal,NP,NPL,,,,,,162.9,,,4,Asia/Kathmandu,FALSE,1524614808
Simlebesi̇̄,Simlebesi,,27.8564,84.9996,Nepal,NP,NPL,Province Number One,Province Number One,NP-P1,,,239.8,,,3,Asia/Kathmandu,FALSE,1524007605
Ghwāṅkholāgāũ,Ghwankholagau,,28.4191,81.9992,Nepal,NP,NPL,,,,,,142.5,,,4,Asia/Kathmandu,FALSE,1524023766
Tori̇̄khā,Torikha,,26.8775,87.1865,Nepal,NP,NPL,,,,,,99.6,,,4,Asia/Kathmandu,FALSE,1524003800
Ḍiskpākhā,Diskpakha,,28.3184,83.8825,Nepal,NP,NPL,Gaṇḍakī,Gandaki,NP-P4,,,158.7,,,4,Asia/Kathmandu,FALSE,1524004361
Reḍkraschok,Redkraschok,,26.5570,88.0922,Nepal,NP,NPL,,,,,,1997.3,,,3,Asia/Kathmandu,FALSE,1524000198
Malahanamā,Malahanama,,26.6707,86.4631,Nepal,NP,NPL,,,,,,1651.6,,,3,Asia/Kathmandu,FALSE,1524007110
Chāṅluṅ,Chanlun,,27.0141,87.3351,Nepal,NP,NPL,,,,,,544.3,,,3,Asia/Kathmandu,FALSE,1524018733
Rākhun,Rakhun,,27.9969,84.1913,Nepal,NP,NPL,,,,,,238.7,,,3,Asia/Kathmandu,FALSE,1524007827
Silāpsiṅ,Silapsin,,27.4673,87.0767,Nepal,NP,NPL,,,,,,29.4,,,4,Asia/Kathmandu,FALSE,1524019349
Chaitepāni̇̄,Chaitepani,,28.7325,81.1681,Nepal,NP,NPL,,,,,,81.0,,,4,Asia/Kathmandu,FALSE,1524022157
Mukubuṅ,Mukubun,,26.8256,87.7878,Nepal,NP,NPL,,,,,,137.9,,,4,Asia/Kathmandu,FALSE,1524005934
Garadās,Garadas,,27.7329,84.5434,Nepal,NP,NPL,,,,,,312.5,,,3,Asia/Kathmandu,FALSE,1524009557
Godchari̇̄,Godchari,,27.5897,84.0695,Nepal,NP,NPL,,,,,,588.7,,,3,Asia/Kathmandu,FALSE,1524013280
Khetār,Khetar,,29.7536,80.3965,Nepal,NP,NPL,Sudūrpashchim,Sudurpashchim,NP-P7,,,171.8,,,4,Asia/Kathmandu,FALSE,1524034371
Malekhā,Malekha,,28.8353,81.2211,Nepal,NP,NPL,,,,,,73.7,,,4,Asia/Kathmandu,FALSE,1524026256
Kharahar,Kharahar,,28.9697,80.8083,Nepal,NP,NPL,,,,,,81.1,,,4,Asia/Kathmandu,FALSE,1524019844
Chāubaḍḍā,Chaubadda,,28.9251,81.4300,Nepal,NP,NPL,,,,,,103.5,,,4,Asia/Kathmandu,FALSE,1524024886
Teunās,Teunas,,27.9086,83.7730,Nepal,NP,NPL,,,,,,236.0,,,3,Asia/Kathmandu,FALSE,1524009463
Urmākhu,Urmakhu,,27.5347,86.2998,Nepal,NP,NPL,,,,,,135.5,,,4,Asia/Kathmandu,FALSE,1524377657
Ṭurākaro Goṭh,Turakaro Goth,,29.5469,81.4776,Nepal,NP,NPL,Sudūrpashchim,Sudurpashchim,NP-P7,,,21.9,,,4,Asia/Kathmandu,FALSE,1524036781
Baḍā Semarā,Bada Semara,,27.0685,84.7313,Nepal,NP,NPL,,,,,,3992.2,,,2,Asia/Kathmandu,FALSE,1524015919
Māje,Maje,,28.2966,84.1572,Nepal,NP,NPL,Gaṇḍakī,Gandaki,NP-P4,,,59.9,,,4,Asia/Kathmandu,FALSE,1524035486
Bāsuki̇̄chok,Basukichok,Bāsukīchok,27.7135,85.3692,Nepal,NP,NPL,,,,,,62814.5,,,2,Asia/Kathmandu,FALSE,1524730801
Okhāri̇̄,Okhari,,28.3109,83.8708,Nepal,NP,NPL,Gaṇḍakī,Gandaki,NP-P4,,,218.2,,,3,Asia/Kathmandu,FALSE,1524027826
Pāṅgrekyu,Pangrekyu,,28.2677,84.4061,Nepal,NP,NPL,Gaṇḍakī,Gandaki,NP-P4,,,55.7,,,4,Asia/Kathmandu,FALSE,1524036069
Kodāri̇̄ Bagaḍ,Kodari Bagad,,29.6368,80.9689,Nepal,NP,NPL,Sudūrpashchim,Sudurpashchim,NP-P7,,,29.7,,,4,Asia/Kathmandu,FALSE,1524034971
Dhāṅkāṅ,Dhankan,,29.7880,80.7872,Nepal,NP,NPL,Sudūrpashchim,Sudurpashchim,NP-P7,,,29.7,,,4,Asia/Kathmandu,FALSE,1524004143
Kirsaurā,Kirsaura,,27.8352,84.5842,Nepal,NP,NPL,,,,,,124.9,,,4,Asia/Kathmandu,FALSE,1524014604
Tiṅgejuṅ,Tingejun,,26.8953,87.5325,Nepal,NP,NPL,,,,,,133.7,,,4,Asia/Kathmandu,FALSE,1524005441
Biṅgāre,Bingare,,29.2728,82.2177,Nepal,NP,NPL,Karṇālī,Karnali,NP-P6,,,121.1,,,4,Asia/Kathmandu,FALSE,1524035002
Rajāro,Rajaro,,29.5962,81.3260,Nepal,NP,NPL,Sudūrpashchim,Sudurpashchim,NP-P7,,,38.7,,,4,Asia/Kathmandu,FALSE,1524036272
Chitre Ṭol,Chitre Tol,,28.7775,80.2379,Nepal,NP,NPL,,,,,,540.6,,,3,Asia/Kathmandu,FALSE,1524019900
Simṭi̇̄,Simti,Jimṭi,28.9794,80.5603,Nepal,NP,NPL,,,,,,110.5,,,4,Asia/Kathmandu,FALSE,1524015855
Patharbhiṭṭā,Patharbhitta,,26.5899,87.9686,Nepal,NP,NPL,,,,,,600.7,,,3,Asia/Kathmandu,FALSE,1524013669
Māṅṭeṅ,Manten,,26.9008,87.1562,Nepal,NP,NPL,,,,,,93.9,,,4,Asia/Kathmandu,FALSE,1524003652
Harnahawā,Harnahawa,,28.3589,81.3912,Nepal,NP,NPL,,,,,,352.3,,,3,Asia/Kathmandu,FALSE,1524022948
Syāule Bajār,Syaule Bajar,,28.6428,81.1064,Nepal,NP,NPL,,,,,,683.5,,,3,Asia/Kathmandu,FALSE,1524025645
Ghaireni̇̄,Ghaireni,,28.2873,81.6034,Nepal,NP,NPL,,,,,,153.5,,,4,Asia/Kathmandu,FALSE,1524022903
Rokāya Bāḍo,Rokaya Bado,,29.6061,81.8589,Nepal,NP,NPL,Karṇālī,Karnali,NP-P6,,,55.3,,,4,Asia/Kathmandu,FALSE,1524034989
Bathānchauḍi̇̄,Bathanchaudi,Bathānchauḍī,27.0967,85.9694,Nepal,NP,NPL,,,,,,52.2,,,4,Asia/Kathmandu,FALSE,1524657207
Syāni̇̄ Lekh,Syani Lekh,,28.0826,82.9317,Nepal,NP,NPL,,,,,,192.0,,,4,Asia/Kathmandu,FALSE,1524028118
Māumāre,Maumare,,28.5858,81.6691,Nepal,NP,NPL,,,,,,141.5,,,4,Asia/Kathmandu,FALSE,1524029061
Chāliseḍā̃ḍā,Chalisedada,,27.9666,84.5434,Nepal,NP,NPL,,,,,,100.9,,,4,Asia/Kathmandu,FALSE,1524007960
Kāṅdel,Kandel,,27.4422,86.6126,Nepal,NP,NPL,,,,,,27.0,,,4,Asia/Kathmandu,FALSE,1524263396
Hudum Chhaharā,Hudum Chhahara,,28.6208,82.4317,Nepal,NP,NPL,,,,,,163.4,,,4,Asia/Kathmandu,FALSE,1524029172
Kaiguṅ,Kaigun,,28.2751,84.8203,Nepal,NP,NPL,Gaṇḍakī,Gandaki,NP-P4,,,44.3,,,4,Asia/Kathmandu,FALSE,1524021947
Nāgbelā,Nagbela,,27.4652,85.4324,Nepal,NP,NPL,,,,,,103.0,,,4,Asia/Kathmandu,FALSE,1524169421
Magrāu,Magrau,,29.7133,80.5948,Nepal,NP,NPL,Sudūrpashchim,Sudurpashchim,NP-P7,,,187.8,,,4,Asia/Kathmandu,FALSE,1524031445
Bajgāũ,Bajgau,,29.0451,81.3148,Nepal,NP,NPL,Sudūrpashchim,Sudurpashchim,NP-P7,,,254.6,,,3,Asia/Kathmandu,FALSE,1524036053
Simṭhāni̇̄,Simthani,,28.1003,82.1590,Nepal,NP,NPL,Lumbinī,Lumbini,NP-P5,,,963.6,,,3,Asia/Kathmandu,FALSE,1524037587
Damdame,Damdame,,27.7536,85.2316,Nepal,NP,NPL,,,,,,266.4,,,3,Asia/Kathmandu,FALSE,1524556952
Damdame,Damdame,,28.6150,82.2866,Nepal,NP,NPL,,,,,,251.2,,,3,Asia/Kathmandu,TRUE,1524025129
Damdame,Damdame,,27.9696,82.3538,Nepal,NP,NPL,,,,,,107.7,,,4,Asia/Kathmandu,TRUE,1524009280
Damdame,Damdame,,27.8199,84.3729,Nepal,NP,NPL,,,,,,74.2,,,4,Asia/Kathmandu,TRUE,1524012541
Kalaṅ,Kalan,,27.6389,86.1998,Nepal,NP,NPL,,,,,,88.1,,,4,Asia/Kathmandu,FALSE,1524864021
Jhā̃pekholāgāũ,Jhapekholagau,,28.5986,82.3050,Nepal,NP,NPL,,,,,,317.2,,,3,Asia/Kathmandu,FALSE,1524024960
Kaṇṭhapurbasti̇̄,Kanthapurbasti,,28.1791,81.4300,Nepal,NP,NPL,,,,,,529.6,,,3,Asia/Kathmandu,FALSE,1524024870
Dhārākharka,Dharakharka,,28.2063,82.7653,Nepal,NP,NPL,,,,,,291.1,,,3,Asia/Kathmandu,FALSE,1524029874
Bārhahāṅge,Barhahange,,27.9977,82.5429,Nepal,NP,NPL,,,,,,81.2,,,4,Asia/Kathmandu,FALSE,1524030050
Bāghchaur,Baghchaur,,28.4519,82.2859,Nepal,NP,NPL,,,,,,212.9,,,3,Asia/Kathmandu,FALSE,1524030670
Bāghchaur,Baghchaur,,27.4756,85.0687,Nepal,NP,NPL,,,,,,137.3,,,4,Asia/Kathmandu,TRUE,1524808920
Bāghchaur,Baghchaur,,28.3938,82.0959,Nepal,NP,NPL,,,,,,134.8,,,4,Asia/Kathmandu,TRUE,1524027811
Bāghchaur,Baghchaur,,27.0528,86.2208,Nepal,NP,NPL,,,,,,67.8,,,4,Asia/Kathmandu,TRUE,1524473494
Sāisāun,Saisaun,,29.0565,80.2805,Nepal,NP,NPL,Sudūrpashchim,Sudurpashchim,NP-P7,,,101.2,,,4,Asia/Kathmandu,FALSE,1524033466
Duldarā Pokharā,Duldara Pokhara,,28.3783,82.1328,Nepal,NP,NPL,,,,,,217.7,,,3,Asia/Kathmandu,FALSE,1524029963
Chiuri̇̄gairā,Chiurigaira,,28.5741,82.0378,Nepal,NP,NPL,,,,,,81.6,,,4,Asia/Kathmandu,FALSE,1524027314
Chiuri̇̄gairā,Chiurigaira,,28.4555,81.6581,Nepal,NP,NPL,,,,,,26.9,,,4,Asia/Kathmandu,TRUE,1524028092
Chalki̇̄ṭol,Chalkitol,,26.8919,85.8478,Nepal,NP,NPL,,,,,,789.0,,,3,Asia/Kathmandu,FALSE,1524004347
Kermi,Kermi,,30.0572,81.6989,Nepal,NP,NPL,Karṇālī,Karnali,NP-P6,,,4.8,,,5,Asia/Kathmandu,FALSE,1524230241
Sāno Chaur,Sano Chaur,,27.9774,82.5910,Nepal,NP,NPL,,,,,,81.2,,,4,Asia/Kathmandu,FALSE,1524030425
Karṇekholāgāũ,Karnekholagau,Karṇekholāgāun,27.3287,85.0673,Nepal,NP,NPL,,,,,,97.3,,,4,Asia/Kathmandu,FALSE,1524655396
Gātinā,Gatina,,28.5271,82.1646,Nepal,NP,NPL,Karṇālī,Karnali,NP-P6,,,110.3,,,4,Asia/Kathmandu,FALSE,1524031890
Lalipur,Lalipur,,26.9930,86.6675,Nepal,NP,NPL,,,,,,130.9,,,4,Asia/Kathmandu,FALSE,1524001537
Chyāsinḍol,Chyasindol,,27.7563,85.3365,Nepal,NP,NPL,,,,,,29675.4,,,2,Asia/Kathmandu,FALSE,1524932958
Autārṭol,Autartol,,27.1915,85.1881,Nepal,NP,NPL,,,,,,232.3,,,3,Asia/Kathmandu,FALSE,1524323599
Puḍkeswā̃rā,Pudkeswara,Puḍkeswānrā,27.1066,85.7399,Nepal,NP,NPL,,,,,,111.5,,,4,Asia/Kathmandu,FALSE,1524831254
Simalpāni̇̄,Simalpani,,28.9723,81.0014,Nepal,NP,NPL,,,,,,64.5,,,4,Asia/Kathmandu,FALSE,1524018519
Simalpāni̇̄,Simalpani,,28.7230,81.4888,Nepal,NP,NPL,,,,,,49.7,,,4,Asia/Kathmandu,TRUE,1524023108
Chaurpāni̇̄,Chaurpani,,28.0513,82.9155,Nepal,NP,NPL,,,,,,218.6,,,3,Asia/Kathmandu,FALSE,1524029293
Pāmti̇̄besi̇̄,Pamtibesi,Pāmtībesī,27.3026,86.2352,Nepal,NP,NPL,,,,,,125.5,,,4,Asia/Kathmandu,FALSE,1524428311
Kālāḍhuṅgā,Kaladhunga,,28.9075,82.5091,Nepal,NP,NPL,Karṇālī,Karnali,NP-P6,,,24.7,,,4,Asia/Kathmandu,FALSE,1524033008
Swā̃rāthok,Swarathok,Swānrāthok,27.6864,85.7252,Nepal,NP,NPL,,,,,,323.8,,,3,Asia/Kathmandu,FALSE,1524906633
Patharāhi̇̄,Patharahi,,26.8905,86.0900,Nepal,NP,NPL,,,,,,475.2,,,3,Asia/Kathmandu,FALSE,1524005333
Patharāhi̇̄,Patharahi,Patharāhī,27.1566,85.5954,Nepal,NP,NPL,,,,,,55.4,,,4,Asia/Kathmandu,TRUE,1524271269
Naulāṭolā,Naulatola,,27.9444,82.7362,Nepal,NP,NPL,,,,,,139.7,,,4,Asia/Kathmandu,FALSE,1524008755
Barerwā,Barerwa,,27.1710,84.8648,Nepal,NP,NPL,,,,,,1823.9,,,3,Asia/Kathmandu,FALSE,1524018023
Jakti̇̄māre,Jaktimare,,28.8719,81.2454,Nepal,NP,NPL,,,,,,44.1,,,4,Asia/Kathmandu,FALSE,1524026414
Pipalgairā,Pipalgaira,,28.4186,81.9887,Nepal,NP,NPL,,,,,,142.5,,,4,Asia/Kathmandu,FALSE,1524023954
Pāni̇̄kholāgāũ,Panikholagau,,28.3818,82.1772,Nepal,NP,NPL,,,,,,378.1,,,3,Asia/Kathmandu,FALSE,1524030035
Pāni̇̄kholāgāũ,Panikholagau,,28.2990,82.1977,Nepal,NP,NPL,,,,,,190.7,,,4,Asia/Kathmandu,TRUE,1524030078
Pāni̇̄kholāgāũ,Panikholagau,,28.5326,82.0327,Nepal,NP,NPL,,,,,,123.1,,,4,Asia/Kathmandu,TRUE,1524027547
Pāni̇̄kholāgāũ,Panikholagau,,28.5428,81.9739,Nepal,NP,NPL,,,,,,89.0,,,4,Asia/Kathmandu,TRUE,1524029253
Pāni̇̄kholāgāũ,Panikholagau,,28.9517,81.5678,Nepal,NP,NPL,,,,,,79.0,,,4,Asia/Kathmandu,TRUE,1524024502
Pāni̇̄kholāgāũ,Panikholagau,,28.7249,81.2587,Nepal,NP,NPL,,,,,,77.8,,,4,Asia/Kathmandu,TRUE,1524037331
Gyālāsiṅ,Gyalasin,,28.0039,85.7182,Nepal,NP,NPL,,,,,,26.4,,,4,Asia/Kathmandu,FALSE,1524919748
Riṅgetolā,Ringetola,,29.0965,81.0676,Nepal,NP,NPL,Sudūrpashchim,Sudurpashchim,NP-P7,,,57.1,,,4,Asia/Kathmandu,FALSE,1524036356
Chhaḍkeṭol,Chhadketol,,26.6230,87.6391,Nepal,NP,NPL,,,,,,423.9,,,3,Asia/Kathmandu,FALSE,1524013948
Puḍesain,Pudesain,,29.2057,81.1802,Nepal,NP,NPL,Sudūrpashchim,Sudurpashchim,NP-P7,,,230.2,,,3,Asia/Kathmandu,FALSE,1524034822
Gāsikochhāp,Gasikochhap,,27.9626,82.7027,Nepal,NP,NPL,,,,,,139.7,,,4,Asia/Kathmandu,FALSE,1524008424
Sāpākhun,Sapakhun,,27.8809,83.5274,Nepal,NP,NPL,Lumbinī,Lumbini,NP-P5,,,267.9,,,3,Asia/Kathmandu,FALSE,1524008779
Pharsiḍā̃ḍā,Pharsidada,Pharsiḍānḍā,27.8831,85.2412,Nepal,NP,NPL,,,,,,292.1,,,3,Asia/Kathmandu,FALSE,1524937575
Ṭumṭenā,Tumtena,,28.5484,81.9122,Nepal,NP,NPL,,,,,,49.5,,,4,Asia/Kathmandu,FALSE,1524028854
Durpālā,Durpala,,28.5991,81.9405,Nepal,NP,NPL,,,,,,142.8,,,4,Asia/Kathmandu,FALSE,1524027326
Parāṅche,Paranche,,27.2533,86.2967,Nepal,NP,NPL,,,,,,101.1,,,4,Asia/Kathmandu,FALSE,1524141368
Bideshi̇̄ṭār,Bideshitar,,27.3731,86.6720,Nepal,NP,NPL,,,,,,48.0,,,4,Asia/Kathmandu,FALSE,1524334161
Shosi̇̄,Shosi,,27.5879,84.2704,Nepal,NP,NPL,,,,,,685.2,,,3,Asia/Kathmandu,FALSE,1524013981
Luḍeḍā̃ḍā,Ludedada,Luḍeḍānḍā,27.2157,85.9749,Nepal,NP,NPL,,,,,,42.9,,,4,Asia/Kathmandu,FALSE,1524947343
Sidurekhuṭi̇̄,Sidurekhuti,,27.9371,82.4215,Nepal,NP,NPL,,,,,,107.7,,,4,Asia/Kathmandu,FALSE,1524007472
Ḍāḍupāṭā,Dadupata,,29.5252,81.9410,Nepal,NP,NPL,Karṇālī,Karnali,NP-P6,,,51.6,,,4,Asia/Kathmandu,FALSE,1524036219
Raṅgejhoḍā,Rangejhoda,,26.5093,88.0582,Nepal,NP,NPL,,,,,,408.1,,,3,Asia/Kathmandu,FALSE,1524000277
Khirdu,Khirdu,,27.3271,86.7998,Nepal,NP,NPL,,,,,,185.5,,,4,Asia/Kathmandu,FALSE,1524489608
Byārejṭol,Byarejtol,,26.5291,86.9212,Nepal,NP,NPL,,,,,,322.5,,,3,Asia/Kathmandu,FALSE,1524013351
Sutahiyā,Sutahiya,,28.4431,81.2658,Nepal,NP,NPL,,,,,,514.3,,,3,Asia/Kathmandu,FALSE,1524021611
Pāṭhakḍihi̇̄,Pathakdihi,Pāṭhakḍihī,27.6173,85.6226,Nepal,NP,NPL,,,,,,560.7,,,3,Asia/Kathmandu,FALSE,1524741335
Chuli̇̄gāũ,Chuligau,,27.0018,87.8948,Nepal,NP,NPL,,,,,,141.2,,,4,Asia/Kathmandu,FALSE,1524020036
Chuli̇̄gāũ,Chuligau,,26.7447,87.8150,Nepal,NP,NPL,,,,,,104.6,,,4,Asia/Kathmandu,TRUE,1524001378
Buṅgā,Bunga,,28.9799,80.7019,Nepal,NP,NPL,,,,,,98.4,,,4,Asia/Kathmandu,FALSE,1524020984
Gurunge,Gurunge,,27.3775,86.6129,Nepal,NP,NPL,,,,,,36.9,,,4,Asia/Kathmandu,FALSE,1524447733
Tallo Māndre,Tallo Mandre,,27.2218,87.0332,Nepal,NP,NPL,,,,,,128.2,,,4,Asia/Kathmandu,FALSE,1524018195
Dospu,Dospu,,27.4319,86.6799,Nepal,NP,NPL,,,,,,51.7,,,4,Asia/Kathmandu,FALSE,1524968142
Thuwā,Thuwa,,29.1959,81.1469,Nepal,NP,NPL,Sudūrpashchim,Sudurpashchim,NP-P7,,,99.1,,,4,Asia/Kathmandu,FALSE,1524036260
Piḍosayan,Pidosayan,,29.5371,81.6078,Nepal,NP,NPL,Sudūrpashchim,Sudurpashchim,NP-P7,,,58.9,,,4,Asia/Kathmandu,FALSE,1524034774
Arjelgāũ,Arjelgau,Arjelgāun,27.8499,85.5429,Nepal,NP,NPL,,,,,,258.3,,,3,Asia/Kathmandu,FALSE,1524396484
Banse,Banse,,27.4148,86.3824,Nepal,NP,NPL,,,,,,80.1,,,4,Asia/Kathmandu,FALSE,1524378632
Kolhaṭṭā,Kolhatta,,26.5745,86.7508,Nepal,NP,NPL,,,,,,889.7,,,3,Asia/Kathmandu,FALSE,1524010199
Simāko,Simako,,27.6377,85.3189,Nepal,NP,NPL,,,,,,4574.3,,,2,Asia/Kathmandu,FALSE,1524588035
Jugepāni̇̄ Chauki̇̄,Jugepani Chauki,Jugepānī Chaukī,27.4104,85.7357,Nepal,NP,NPL,,,,,,68.1,,,4,Asia/Kathmandu,FALSE,1524332389
Gāũmāgan,Gaumagan,,29.1483,81.1021,Nepal,NP,NPL,Sudūrpashchim,Sudurpashchim,NP-P7,,,67.8,,,4,Asia/Kathmandu,FALSE,1524035605
Dhaulekholāgāũ,Dhaulekholagau,,28.5642,82.1915,Nepal,NP,NPL,Karṇālī,Karnali,NP-P6,,,110.8,,,4,Asia/Kathmandu,FALSE,1524025696
Kerāghāri̇̄,Keraghari,,27.7120,84.3867,Nepal,NP,NPL,,,,,,609.0,,,3,Asia/Kathmandu,FALSE,1524015335
Kerāghāri̇̄,Keraghari,Kerāghārī,27.9707,85.2038,Nepal,NP,NPL,,,,,,272.6,,,3,Asia/Kathmandu,TRUE,1524459875
Kerāghāri̇̄,Keraghari,,28.2002,82.2382,Nepal,NP,NPL,,,,,,215.2,,,3,Asia/Kathmandu,TRUE,1524027366
Kerāghāri̇̄,Keraghari,Kerāghārī,27.5040,86.0137,Nepal,NP,NPL,,,,,,187.6,,,4,Asia/Kathmandu,TRUE,1524767572
Kerāghāri̇̄,Keraghari,Kerāghārī,27.2540,85.1625,Nepal,NP,NPL,,,,,,97.3,,,4,Asia/Kathmandu,TRUE,1524000005
Kerāghāri̇̄,Keraghari,Kerāghārī,27.4476,85.2367,Nepal,NP,NPL,,,,,,69.0,,,4,Asia/Kathmandu,TRUE,1524692112
Kerāghāri̇̄,Keraghari,,27.9366,82.1810,Nepal,NP,NPL,,,,,,40.1,,,4,Asia/Kathmandu,TRUE,1524015348
Baithār,Baithar,,26.7991,86.9000,Nepal,NP,NPL,,,,,,473.9,,,3,Asia/Kathmandu,FALSE,1524001821
Sānlā,Sanla,,27.7914,85.3147,Nepal,NP,NPL,,,,,,2261.4,,,2,Asia/Kathmandu,FALSE,1524745078
Sāṅlā,Sanla,,27.0860,86.4362,Nepal,NP,NPL,,,,,,114.4,,,4,Asia/Kathmandu,TRUE,1524487725
Dāyũ,Dayu,,27.0396,86.7116,Nepal,NP,NPL,,,,,,110.7,,,4,Asia/Kathmandu,FALSE,1524011266
Sāno Bhugdeu,Sano Bhugdeu,,27.5280,85.5811,Nepal,NP,NPL,,,,,,59.6,,,4,Asia/Kathmandu,FALSE,1524958211
Puchhāre,Puchhare,,27.1389,87.9040,Nepal,NP,NPL,,,,,,75.1,,,4,Asia/Kathmandu,FALSE,1524018979
Sātchauri̇̄,Satchauri,,29.7313,80.4274,Nepal,NP,NPL,Sudūrpashchim,Sudurpashchim,NP-P7,,,159.1,,,4,Asia/Kathmandu,FALSE,1524032971
Rosanpurwā,Rosanpurwa,,27.8656,81.8772,Nepal,NP,NPL,,,,,,541.5,,,3,Asia/Kolkata,FALSE,1524000145
Siṅgāpur,Singapur,,27.1060,85.5862,Nepal,NP,NPL,,,,,,230.3,,,3,Asia/Kathmandu,FALSE,1524532286
Koṭākoṭ,Kotakot,,27.9682,83.4888,Nepal,NP,NPL,,,,,,230.5,,,3,Asia/Kathmandu,FALSE,1524012652
Kaleri̇̄,Kaleri,,28.9176,80.8812,Nepal,NP,NPL,,,,,,57.9,,,4,Asia/Kathmandu,FALSE,1524015834
Kañḍelpur,Kandelpur,,28.1581,81.5999,Nepal,NP,NPL,,,,,,455.4,,,3,Asia/Kathmandu,FALSE,1524023126
Khayarghāri̇̄ṭol,Khayargharitol,Khayarghārīṭol,27.1842,85.1750,Nepal,NP,NPL,,,,,,232.3,,,3,Asia/Kathmandu,FALSE,1524949403
Sapreṭār,Sapretar,,27.5791,87.7987,Nepal,NP,NPL,Province Number One,Province Number One,NP-P1,,,3.9,,,5,Asia/Kathmandu,FALSE,1524018881
Laṅku,Lanku,,27.6728,84.4105,Nepal,NP,NPL,,,,,,1083.5,,,3,Asia/Kathmandu,FALSE,1524015634
Chyurā,Chyura,,28.5314,82.0880,Nepal,NP,NPL,,,,,,135.9,,,4,Asia/Kathmandu,FALSE,1524028281
Tāmāghāṭ,Tamaghat,,27.6472,85.6199,Nepal,NP,NPL,,,,,,562.2,,,3,Asia/Kathmandu,FALSE,1524368713
Tāmāghāṭ,Tamaghat,,27.2343,85.3395,Nepal,NP,NPL,,,,,,60.0,,,4,Asia/Kathmandu,TRUE,1524611997
Kāli̇̄ghāt,Kalighat,Kālīghāt,27.6781,85.4300,Nepal,NP,NPL,,,,,,8731.9,,,2,Asia/Kathmandu,FALSE,1524691004
Sisauṭ,Sisaut,,26.8484,85.4128,Nepal,NP,NPL,,,,,,666.1,,,3,Asia/Kathmandu,FALSE,1524212539
Sikaṭār,Sikatar,,28.0381,84.8236,Nepal,NP,NPL,,,,,,433.5,,,3,Asia/Kathmandu,FALSE,1524219276
Kaṭaharṭā̃ḍi̇̄,Katahartadi,,27.6056,84.2636,Nepal,NP,NPL,,,,,,582.7,,,3,Asia/Kathmandu,FALSE,1524014053
Bajani̇̄,Bajani,Bajanī,27.0327,85.0618,Nepal,NP,NPL,,,,,,1444.5,,,3,Asia/Kathmandu,FALSE,1524579774
Bajani̇̄,Bajani,,27.1516,84.9679,Nepal,NP,NPL,,,,,,366.0,,,3,Asia/Kathmandu,TRUE,1524016534
Ḍobegāū,Dobegau,,29.6585,80.4888,Nepal,NP,NPL,Sudūrpashchim,Sudurpashchim,NP-P7,,,250.1,,,3,Asia/Kathmandu,FALSE,1524032116