city,city_ascii,city_alt,lat,lng,country,iso2,iso3,admin_name,admin_name_ascii,admin_code,admin_type,capital,density,population,population_proper,ranking,timezone,same_name,id
Kathmandu,Kathmandu,Katmandu|Kantipur|Kāthmāndu|Khatmandu|Kantipura|Yen,27.7100,85.3200,Nepal,NP,NPL,,,,,primary,17325.9,845767,845767,1,Asia/Kathmandu,FALSE,1524589448
Bharatpur,Bharatpur,,27.6833,84.4333,Nepal,NP,NPL,,,,,,853.1,369377,369377,2,Asia/Kathmandu,FALSE,1524780273
Pokhara,Pokhara,Pokhra|Pokhar|Pakhra,28.2083,83.9889,Nepal,NP,NPL,Gaṇḍakī,Gandaki,NP-P4,,admin,6318.6,353841,353841,2,Asia/Kathmandu,FALSE,1524416084
Jitpur,Jitpur,,27.6666,85.3333,Nepal,NP,NPL,,,,,,1081.1,337785,337785,2,Asia/Kathmandu,TRUE,1524593184
Birāṭnagar,Biratnagar,Biratnagur|Birātnagar,26.4542,87.2797,Nepal,NP,NPL,Province Number One,Province Number One,NP-P1,,admin,4147.5,242548,242548,2,Asia/Kathmandu,FALSE,1524520011
Buḍhānilkanṭha,Budhanilkantha,Budanilkantha|Burhānilkantha|Budha-Nilkantha,27.7667,85.3667,Nepal,NP,NPL,,,,,,5163.4,179688,179688,2,Asia/Kathmandu,FALSE,1524541414
Ghorāhī,Ghorahi,Ghorāi,28.0333,82.4833,Nepal,NP,NPL,,,,,,299.0,156164,156164,2,Asia/Kathmandu,FALSE,1524494654
Birgañj,Birganj,Birgunj|Bi̇̄rganj,27.0000,84.8667,Nepal,NP,NPL,,,,,,1806.3,135904,135904,2,Asia/Kathmandu,FALSE,1524676691
Tokha,Tokha,Tokna,27.7592,85.3283,Nepal,NP,NPL,,,,,,7914.5,133755,133755,2,Asia/Kathmandu,FALSE,1524599626
Butwāl,Butwal,Butwaī|Butaul,27.7000,83.4660,Nepal,NP,NPL,Lumbinī,Lumbini,NP-P5,,admin,187.3,118462,118462,2,Asia/Kathmandu,FALSE,1524843250
Dharān,Dharan,Dharān Bāzār|Dharan,26.8167,87.2833,Nepal,NP,NPL,,,,,,425.2,116181,116181,2,Asia/Kathmandu,FALSE,1524888375
Lahān,Lahan,,26.7083,86.4917,Nepal,NP,NPL,,,,,,610.0,102031,102031,2,Asia/Kathmandu,FALSE,1524293418
Dhangaḍhi̇̄,Dhangadhi,Dhangarhi|Dhantardhi|Dhangadhi,28.7136,80.5692,Nepal,NP,NPL,,,,,,389.6,101970,101970,2,Asia/Kathmandu,FALSE,1524561456
Janakpur,Janakpur,,26.7286,85.9250,Nepal,NP,NPL,Madhesh,Madhesh,NP-P2,,admin,229.4,97776,97776,2,Asia/Kathmandu,FALSE,1524563587
Heṭauḍā,Hetauda,Hetauda Bazar|Hitura|Hithaura|Hetaunda|Hetaura|Hetauda,27.4167,85.0333,Nepal,NP,NPL,Bāgmatī,Bagmati,NP-P3,,admin,321.1,84000,84000,2,Asia/Kathmandu,FALSE,1524551914
Bhaktapur,Bhaktapur,,27.6722,85.4278,Nepal,NP,NPL,,,,,,1111.1,81748,81748,3,Asia/Kathmandu,FALSE,1524449093
Godāwari̇̄,Godawari,,28.9100,80.5900,Nepal,NP,NPL,Sudūrpashchim,Sudurpashchim,NP-P7,,admin,253.3,78018,78018,2,Asia/Kathmandu,FALSE,1524020578
Īṭahari̇̄,Itahari,Itahari|Ithari|Titahari,26.6631,87.2744,Nepal,NP,NPL,,,,,,794.4,74501,74501,3,Asia/Kathmandu,TRUE,1524696654
Sanwal,Sanwal,Sunwal,27.6061,83.6606,Nepal,NP,NPL,Lumbinī,Lumbini,NP-P5,,,418.6,72621,72621,3,Asia/Kathmandu,FALSE,1524197976
Nepālgañj,Nepalganj,Nepālganj,28.0500,81.6167,Nepal,NP,NPL,,,,,,843.6,72503,72503,3,Asia/Kathmandu,FALSE,1524207917
Ratnanagar,Ratnanagar,,27.6167,84.5000,Nepal,NP,NPL,,,,,,101.8,69851,69851,3,Asia/Kathmandu,FALSE,1524017473
Bardi̇̄bās,Bardibas,,26.9800,85.9000,Nepal,NP,NPL,,,,,,216.6,68353,68353,3,Asia/Kathmandu,FALSE,1524003789
Banepā,Banepa,Panepa|Banepa Bazar|Banepa,27.6297,85.5203,Nepal,NP,NPL,,,,,,1238.9,67629,67629,3,Asia/Kathmandu,FALSE,1524404748
Kirtipur,Kirtipur,,27.6781,85.2769,Nepal,NP,NPL,,,,,,17853.2,65602,65602,2,Asia/Kathmandu,FALSE,1524402867
Bhairāhawā,Bhairahawa,Bhairwa|Bhairawa|Siddharthanagar|Bhairawa|Bhairhwa,27.5000,83.4500,Nepal,NP,NPL,Lumbinī,Lumbini,NP-P5,,minor,356.6,63483,63483,3,Asia/Kathmandu,TRUE,1524444140
Tilakpur,Tilakpur,,28.5250,81.1208,Nepal,NP,NPL,,,,,,622.4,56127,56127,3,Asia/Kathmandu,TRUE,1524027768
Gulariyā,Gulariya,Gularia,28.2331,81.3331,Nepal,NP,NPL,,,,,,647.4,55747,55747,3,Asia/Kathmandu,TRUE,1524608654
Gorkhā,Gorkha,Gorakha|Gurkha,28.0000,84.6333,Nepal,NP,NPL,Karṇālī,Karnali,NP-P6,,,35.4,53285,53285,3,Asia/Kathmandu,FALSE,1524733316
Bhajani,Bhajani,Bhajni,28.4957,80.9816,Nepal,NP,NPL,,,,,,296.2,52128,52128,3,Asia/Kathmandu,FALSE,1524835482
Tulsīpur,Tulsipur,,28.1278,82.2956,Nepal,NP,NPL,,,,,,134.0,51537,51537,3,Asia/Kathmandu,TRUE,1524921574
Wāliṅ,Walin,Wāling|Walling,27.9889,83.7675,Nepal,NP,NPL,,,,,,67.8,51243,51243,3,Asia/Kathmandu,FALSE,1524405522
Simraungaḍh,Simraungadh,,26.8894,85.1169,Nepal,NP,NPL,,,,,,1170.9,49939,49939,3,Asia/Kathmandu,FALSE,1524001163
Birendranagar,Birendranagar,,28.6000,81.6333,Nepal,NP,NPL,Karṇālī,Karnali,NP-P6,,admin,626.7,47914,47914,2,Asia/Kathmandu,FALSE,1524574121
Kalaiyā,Kalaiya,Kalaiya,27.0333,85.0000,Nepal,NP,NPL,,,,,,393.1,42826,42826,3,Asia/Kathmandu,FALSE,1524196942
Pā̃chkhāl,Pachkhal,Panchkhal,27.6500,85.6167,Nepal,NP,NPL,,,,,,386.6,42011,42011,3,Asia/Kathmandu,FALSE,1524811458
Ti̇̄npiple,Tinpiple,Tīnpiple,27.6500,85.6167,Nepal,NP,NPL,,,,,,386.6,42011,42011,3,Asia/Kathmandu,TRUE,1524388860
Galkot,Galkot,,28.2000,83.4167,Nepal,NP,NPL,,,,,,202.1,39277,39277,3,Asia/Kathmandu,TRUE,1524020706
Shambhunāth,Shambhunath,,26.6300,86.6700,Nepal,NP,NPL,Madhesh,Madhesh,NP-P2,,,349.7,38018,38018,3,Asia/Kathmandu,FALSE,1524032035
Hanumānnagar,Hanumannagar,Rajbiraj,26.5406,86.7486,Nepal,NP,NPL,,,,,,678.3,37738,37738,3,Asia/Kathmandu,TRUE,1524363655
Ratnapur,Ratnapur,,27.8600,83.8900,Nepal,NP,NPL,,,,,,287.0,35396,35396,3,Asia/Kathmandu,TRUE,1524009803
Bārhadashi̇̄,Barhadashi,,26.5500,87.9200,Nepal,NP,NPL,,,,,,380.5,33653,33653,3,Asia/Kathmandu,FALSE,1524013222
Musikoṭ-Khalaṅgā,Musikot-Khalanga,Musīkot,28.6300,82.4900,Nepal,NP,NPL,,,,,,242.1,32939,32939,3,Asia/Kathmandu,FALSE,1524443799
Udaypur Gaḍhi̇̄,Udaypur Gadhi,Udaipur|Udaipur Garhi|Gadhi|Udayapur Garhi|Udaipur Gadhi,26.9333,86.5167,Nepal,NP,NPL,,,,,,114.0,30731,30731,3,Asia/Kathmandu,FALSE,1524108057
Bāglung,Baglung,Baglung Bazar,28.2667,83.6000,Nepal,NP,NPL,,,,,,299.6,29360,29360,3,Asia/Kathmandu,FALSE,1524266307
Shikharpur,Shikharpur,,27.7467,85.5097,Nepal,NP,NPL,,,,,,486.9,29318,29318,3,Asia/Kathmandu,FALSE,1524315710
Pālpā,Palpa,Tansen,27.8667,83.5500,Nepal,NP,NPL,,,,,,265.0,29095,29095,3,Asia/Kathmandu,FALSE,1524400922
Siraha,Siraha,Sirāhā|Shirha|Sirha,26.6528,86.2075,Nepal,NP,NPL,,,,,,2320.3,28442,28442,2,Asia/Kathmandu,FALSE,1524369856
Panauti,Panauti,Panaoti|Panauti Village|Panautī,27.5833,85.5167,Nepal,NP,NPL,,,,,,55.7,27358,27358,3,Asia/Kathmandu,TRUE,1524203755
Bidur,Bidur,,27.8900,85.1597,Nepal,NP,NPL,,,,,,775.0,26750,26750,3,Asia/Kathmandu,FALSE,1524355084
Khā̃dbāri̇̄,Khadbari,Khanbari|Khāndbāri,27.3667,87.2167,Nepal,NP,NPL,,,,,,288.1,26301,26301,3,Asia/Kathmandu,FALSE,1524504106
Malaṅgawā,Malangawa,Malankwa|Malangawa|Malangwa,26.8667,85.5667,Nepal,NP,NPL,,,,,,824.6,25102,25102,3,Asia/Kathmandu,FALSE,1524985987
Dakṣiṇkāli̇̄,Daksinkali,Dakshīnkāli|Dakṣiṇkālī,27.5833,85.2500,Nepal,NP,NPL,,,,,,570.4,24297,24297,3,Asia/Kathmandu,FALSE,1524170564
Jaleshwar,Jaleshwar,Jaleswar|Jaleshwar,26.6333,85.8000,Nepal,NP,NPL,,,,,,1434.7,23533,23533,3,Asia/Kathmandu,FALSE,1524945108
Bhairi̇̄,Bhairi,,28.9300,81.6300,Nepal,NP,NPL,,,,,,192.2,21233,21233,3,Asia/Kathmandu,FALSE,1524022332
Dadeldhurā,Dadeldhura,Dandeldhura|Dandelhura,29.3000,80.6000,Nepal,NP,NPL,,,,,,170.9,19014,19014,3,Asia/Kathmandu,FALSE,1524639464
Bhadrapur,Bhadrapur,,26.5444,88.0944,Nepal,NP,NPL,,,,,,1997.3,18164,18164,3,Asia/Kathmandu,FALSE,1524000201
Barīkot,Barikot,,29.0400,82.3300,Nepal,NP,NPL,Karṇālī,Karnali,NP-P6,,,31.3,18083,18083,3,Asia/Kathmandu,FALSE,1524411277
Īlām,Ilam,Ilām,26.9080,87.9260,Nepal,NP,NPL,,,,,,719.5,17491,17491,3,Asia/Kathmandu,FALSE,1524034598
Rājgaḍh,Rajgadh,,26.5000,87.9333,Nepal,NP,NPL,,,,,,521.4,15354,15354,3,Asia/Kathmandu,FALSE,1524013031
Rāmechhāp,Ramechhap,,27.3260,86.0870,Nepal,NP,NPL,,,,,,129.8,15000,15000,3,Asia/Kathmandu,FALSE,1524628973
Bhimphedi,Bhimphedi,Bhimphedī,27.5510,85.1300,Nepal,NP,NPL,,,,,,132.2,15000,15000,3,Asia/Kathmandu,FALSE,1524596923
Salyan,Salyan,,28.3500,82.1833,Nepal,NP,NPL,,,,,,252.4,15000,15000,3,Asia/Kathmandu,TRUE,1524828921
Iṭaharā,Itahara,,26.5500,87.6200,Nepal,NP,NPL,,,,,,491.8,14931,14931,3,Asia/Kathmandu,FALSE,1524010413
Bandi̇̄pur,Bandipur,Bandīpur,27.9333,84.4167,Nepal,NP,NPL,,,,,,122.1,12450,12450,3,Asia/Kathmandu,TRUE,1524589061
Pragatinagar,Pragatinagar,,27.6800,84.1900,Nepal,NP,NPL,,,,,,882.8,11771,11771,3,Asia/Kathmandu,TRUE,1524028516
Libānggaon,Libanggaon,Liwang|Liwangaon,28.3000,82.6333,Nepal,NP,NPL,,,,,,102.9,10417,10417,3,Asia/Kathmandu,FALSE,1524465146
Manahari̇̄,Manahari,,27.5500,84.7900,Nepal,NP,NPL,,,,,,74.3,10013,10013,3,Asia/Kathmandu,TRUE,1524017214
Sarkeghāṭ,Sarkeghat,,29.7833,81.9333,Nepal,NP,NPL,Karṇālī,Karnali,NP-P6,,,32.2,9868,9868,3,Asia/Kathmandu,FALSE,1524035735
Haraiyā,Haraiya,,27.0900,85.0900,Nepal,NP,NPL,,,,,,349.4,9710,9710,3,Asia/Kathmandu,TRUE,1524137444
Amritpur,Amritpur,,28.1167,81.6000,Nepal,NP,NPL,,,,,,581.6,9680,9680,3,Asia/Kathmandu,FALSE,1524026946
Jumlā,Jumla,,29.2500,82.2167,Nepal,NP,NPL,,,,,,103.3,9073,9073,4,Asia/Kathmandu,FALSE,1524473131
Kalaun,Kalaun,,29.8400,80.5400,Nepal,NP,NPL,Sudūrpashchim,Sudurpashchim,NP-P7,,,92.4,8577,8577,3,Asia/Kathmandu,FALSE,1524035219
Dumān,Duman,Daman,27.6081,85.0942,Nepal,NP,NPL,,,,,,381.9,8439,8439,3,Asia/Kathmandu,FALSE,1524272081
Balambu,Balambu,,27.7000,85.2500,Nepal,NP,NPL,,,,,,10627.5,7323,7323,2,Asia/Kathmandu,FALSE,1524509561
Gosāinkund,Gosainkund,,28.1635,85.3363,Nepal,NP,NPL,,,,,,7.2,7143,7143,3,Asia/Kathmandu,FALSE,1524813062
Kusma,Kusma,,28.2300,83.6900,Nepal,NP,NPL,,,,,,490.1,6758,6758,3,Asia/Kathmandu,FALSE,1524791733
Chainpur,Chainpur,,29.5500,81.2000,Nepal,NP,NPL,,,,,,183.5,6642,6642,3,Asia/Kathmandu,TRUE,1524088787
Manakāmanā,Manakamana,,27.9167,84.5667,Nepal,NP,NPL,,,,,,183.5,6203,6203,3,Asia/Kathmandu,TRUE,1524015015
Devghāṭ,Devghat,,27.8000,84.4100,Nepal,NP,NPL,,,,,,181.5,5786,5786,3,Asia/Kathmandu,FALSE,1524015640
Banauli,Banauli,,26.5800,86.6200,Nepal,NP,NPL,,,,,,819.1,5757,5757,3,Asia/Kathmandu,TRUE,1524008293
Madhawāpur,Madhawapur,,26.5600,86.8700,Nepal,NP,NPL,,,,,,772.8,5730,5730,3,Asia/Kathmandu,FALSE,1524009151
Tilaurākot,Tilaurakot,,27.5800,83.0800,Nepal,NP,NPL,Lumbinī,Lumbini,NP-P5,,,725.4,5684,5684,3,Asia/Kathmandu,FALSE,1524145208
Chobhār,Chobhar,Chobhor,27.6667,85.2833,Nepal,NP,NPL,,,,,,17853.2,5627,5627,2,Asia/Kathmandu,FALSE,1524684534
Kisanpur,Kisanpur,,26.9333,85.5833,Nepal,NP,NPL,,,,,,1358.4,5506,5506,3,Asia/Kathmandu,FALSE,1524001267
Kaṭhaunā,Kathauna,,26.6300,86.6700,Nepal,NP,NPL,Madhesh,Madhesh,NP-P2,,,345.3,5167,5167,3,Asia/Kathmandu,FALSE,1524032920
Khartuwā,Khartuwa,,27.4333,87.1500,Nepal,NP,NPL,,,,,,153.9,5000,5000,3,Asia/Kathmandu,FALSE,1524016416
Bhoṭechaur,Bhotechaur,,27.8000,85.5100,Nepal,NP,NPL,,,,,,291.2,4995,4995,3,Asia/Kathmandu,FALSE,1524402915
Pakari,Pakari,,26.5600,86.8000,Nepal,NP,NPL,,,,,,782.0,4641,4641,3,Asia/Kathmandu,FALSE,1524010263
Nagartkoṭ,Nagartkot,Nagarkot,27.7236,85.5247,Nepal,NP,NPL,,,,,,560.7,4571,4571,3,Asia/Kathmandu,FALSE,1524932285
Tetariyā,Tetariya,,26.5700,87.3500,Nepal,NP,NPL,,,,,,484.8,4469,4469,3,Asia/Kathmandu,TRUE,1524006713
Bhairavsthān,Bhairavsthan,,28.9167,81.4333,Nepal,NP,NPL,,,,,,103.5,4382,4382,3,Asia/Kathmandu,TRUE,1524024788
Āmchok,Amchok,,26.9700,87.7300,Nepal,NP,NPL,,,,,,218.0,4288,4288,3,Asia/Kathmandu,TRUE,1524005725
Toli,Toli,,29.1096,81.4208,Nepal,NP,NPL,Sudūrpashchim,Sudurpashchim,NP-P7,,,257.0,4000,4000,3,Asia/Kathmandu,FALSE,1524037638
Sārashwar,Sarashwar,,26.6000,86.5500,Nepal,NP,NPL,,,,,,843.4,3855,3855,3,Asia/Kathmandu,FALSE,1524008335
Dharmapur,Dharmapur,,26.6508,86.9012,Nepal,NP,NPL,,,,,,1107.7,3668,3668,3,Asia/Kathmandu,FALSE,1524003336
Koṭthar,Kotthar,,27.7900,84.3500,Nepal,NP,NPL,,,,,,112.5,3428,3428,3,Asia/Kathmandu,FALSE,1524013465
Bajeḍi̇̄chaur,Bajedichaur,,28.5600,81.9500,Nepal,NP,NPL,,,,,,89.0,3357,3357,3,Asia/Kathmandu,FALSE,1524029269
Narahi,Narahi,Narahī,27.0000,85.1000,Nepal,NP,NPL,,,,,,1197.7,3299,3299,3,Asia/Kathmandu,FALSE,1524566173
Bairi̇̄yā,Bairiya,,27.5762,84.5318,Nepal,NP,NPL,,,,,,1200.0,2936,2936,3,Asia/Kathmandu,TRUE,1524017546
Kakaiyā,Kakaiya,,27.0833,85.1167,Nepal,NP,NPL,,,,,,729.7,2808,2808,3,Asia/Kathmandu,FALSE,1524598603
Amrai,Amrai,,27.9200,83.4700,Nepal,NP,NPL,,,,,,152.1,2729,2729,3,Asia/Kathmandu,TRUE,1524013369
Anaiṭṭha,Anaittha,,26.7017,85.8264,Nepal,NP,NPL,,,,,,1148.0,2533,2533,3,Asia/Kathmandu,FALSE,1524014091
Majuwā,Majuwa,,27.4500,85.9100,Nepal,NP,NPL,,,,,,106.7,2516,2516,3,Asia/Kathmandu,TRUE,1524468226
Pinā,Pina,,29.4500,82.1500,Nepal,NP,NPL,Karṇālī,Karnali,NP-P6,,,16.8,2479,2479,3,Asia/Kathmandu,FALSE,1524034200
Chhipchhipe,Chhipchhipe,,27.8500,84.3700,Nepal,NP,NPL,,,,,,78.7,2398,2398,3,Asia/Kathmandu,FALSE,1524011222
Majhuwa,Majhuwa,,27.3167,85.9333,Nepal,NP,NPL,,,,,,127.3,2398,2398,3,Asia/Kathmandu,TRUE,1524540025
Khumjung,Khumjung,,27.8167,86.7167,Nepal,NP,NPL,Province Number One,Province Number One,NP-P1,,,1.6,1912,1912,3,Asia/Kathmandu,FALSE,1524483238
Dunai,Dunai,,28.9333,82.9000,Nepal,NP,NPL,Karṇālī,Karnali,NP-P6,,,19.5,1773,1773,4,Asia/Kathmandu,FALSE,1524106106
Narcheng,Narcheng,,28.5800,83.7400,Nepal,NP,NPL,,,,,,9.2,1762,1762,4,Asia/Kathmandu,FALSE,1524656990
Nāmche Bāzār,Namche Bazar,Nanche Bazar|Nauche,27.8167,86.7167,Nepal,NP,NPL,Province Number One,Province Number One,NP-P1,,,1.6,1647,1647,4,Asia/Kathmandu,FALSE,1524653745
Koilābās,Koilabas,,27.6972,82.5261,Nepal,NP,NPL,,,,,,444.4,1561,1561,3,Asia/Kathmandu,FALSE,1524687810
Jomosom,Jomosom,Jomoson,28.7833,83.7306,Nepal,NP,NPL,Gaṇḍakī,Gandaki,NP-P4,,,8.1,1370,1370,3,Asia/Kathmandu,FALSE,1524469417
Lete,Lete,,28.6200,83.6000,Nepal,NP,NPL,,,,,,17.2,914,914,3,Asia/Kathmandu,FALSE,1524200361
Tukucha,Tukucha,,28.7400,83.6200,Nepal,NP,NPL,,,,,,7.0,652,652,3,Asia/Kathmandu,TRUE,1524411851
Mustāng,Mustang,Mushtang|Lo Mantang|Lho Mantang|Loh Mantung,29.1831,83.9567,Nepal,NP,NPL,Gaṇḍakī,Gandaki,NP-P4,,,2.6,569,569,3,Asia/Kathmandu,FALSE,1524292859
Kāgbeni,Kagbeni,,28.8367,83.7831,Nepal,NP,NPL,,,,,,9.5,555,555,3,Asia/Kathmandu,FALSE,1524270468
Majuwā,Majuwa,,27.8762,83.9241,Nepal,NP,NPL,,,,,,151.3,551,551,3,Asia/Kathmandu,TRUE,1524014999
Paṭaksar,Pataksar,,27.9052,83.9188,Nepal,NP,NPL,Lumbinī,Lumbini,NP-P5,,,158.0,538,538,3,Asia/Kathmandu,FALSE,1524012205
Chārāng,Charang,Changrang|Tsarang,29.0928,83.9325,Nepal,NP,NPL,Gaṇḍakī,Gandaki,NP-P4,,,1.8,452,452,3,Asia/Kathmandu,FALSE,1524175221
Baniyā̃ṭol,Baniyatol,,26.5200,87.6500,Nepal,NP,NPL,,,,,,375.3,100,100,3,Asia/Kathmandu,TRUE,1524002227
Khorodi̇̄,Khorodi,,27.8855,83.7385,Nepal,NP,NPL,Lumbinī,Lumbini,NP-P5,,,164.6,,,4,Asia/Kathmandu,FALSE,1524015044
Bhāwaṭi̇̄,Bhawati,,29.5008,81.9322,Nepal,NP,NPL,Karṇālī,Karnali,NP-P6,,,69.7,,,4,Asia/Kathmandu,FALSE,1524033173
Dhyābse,Dhyabse,,28.9255,81.2620,Nepal,NP,NPL,,,,,,104.3,,,4,Asia/Kathmandu,FALSE,1524024033
Suntākhān,Suntakhan,,27.7628,85.3874,Nepal,NP,NPL,,,,,,3296.8,,,2,Asia/Kathmandu,FALSE,1524958608
Ṭhulo Sisahaniyā,Thulo Sisahaniya,,27.8405,82.6507,Nepal,NP,NPL,,,,,,234.4,,,3,Asia/Kathmandu,FALSE,1524007783
Ṭaparā,Tapara,,26.4911,87.1620,Nepal,NP,NPL,,,,,,3021.8,,,2,Asia/Kathmandu,FALSE,1524007393
Ṭaparā,Tapara,,28.2140,81.3338,Nepal,NP,NPL,,,,,,647.4,,,3,Asia/Kathmandu,TRUE,1524021421
Ṭaparā,Tapara,,28.3972,81.1523,Nepal,NP,NPL,,,,,,538.6,,,3,Asia/Kathmandu,TRUE,1524026228
Hamālḍihi̇̄,Hamaldihi,Hamālḍihī,27.2485,86.0840,Nepal,NP,NPL,,,,,,181.2,,,4,Asia/Kathmandu,FALSE,1524650890
Naubheri̇̄tarā,Naubheritara,,28.9324,82.1149,Nepal,NP,NPL,Province Number One,Province Number One,NP-P1,,,57.7,,,4,Asia/Kathmandu,FALSE,1524032966
Chharāhā,Chharaha,,28.6218,81.0270,Nepal,NP,NPL,,,,,,1158.3,,,3,Asia/Kathmandu,FALSE,1524023919
Māthillo Rāṅkoṭ,Mathillo Rankot,,28.4943,82.5425,Nepal,NP,NPL,,,,,,266.5,,,3,Asia/Kathmandu,FALSE,1524021889
Wardi̇̄ Phā̃ṭ,Wardi Phat,,28.3697,81.9130,Nepal,NP,NPL,,,,,,108.8,,,4,Asia/Kathmandu,FALSE,1524026128
Niluṅgāũ,Nilungau,,29.3652,83.2997,Nepal,NP,NPL,Karṇālī,Karnali,NP-P6,,,1.8,,,5,Asia/Kathmandu,FALSE,1524021454
Bhaunā,Bhauna,,28.7287,82.2164,Nepal,NP,NPL,,,,,,167.4,,,4,Asia/Kathmandu,FALSE,1524029114
Aiyābāri̇̄,Aiyabari,,26.6466,87.5471,Nepal,NP,NPL,Province Number One,Province Number One,NP-P1,,,979.1,,,3,Asia/Kathmandu,FALSE,1524999962
Jāli̇̄gāũ,Jaligau,,28.7170,80.6148,Nepal,NP,NPL,,,,,,324.3,,,3,Asia/Kathmandu,FALSE,1524018124
Deurāli̇̄khet,Deuralikhet,Deurālīkhet,27.5774,86.0792,Nepal,NP,NPL,,,,,,117.6,,,4,Asia/Kathmandu,FALSE,1524547611
Rābāgāũ,Rabagau,,28.3069,84.3776,Nepal,NP,NPL,Gaṇḍakī,Gandaki,NP-P4,,,32.0,,,4,Asia/Kathmandu,FALSE,1524033491
Parpo,Parpo,,28.4905,82.6779,Nepal,NP,NPL,,,,,,96.3,,,4,Asia/Kathmandu,FALSE,1524026037
Chānu,Chanu,,28.9310,81.4320,Nepal,NP,NPL,,,,,,103.5,,,4,Asia/Kathmandu,FALSE,1524024885
Ṭuinkunā,Tuinkuna,,28.9261,81.4701,Nepal,NP,NPL,,,,,,136.4,,,4,Asia/Kathmandu,FALSE,1524024669
Galāgnāchaur,Galagnachaur,,29.8447,82.2055,Nepal,NP,NPL,Karṇālī,Karnali,NP-P6,,,2.7,,,5,Asia/Kathmandu,FALSE,1524031912
Sudhimṭār,Sudhimtar,,26.9280,87.4068,Nepal,NP,NPL,,,,,,118.4,,,4,Asia/Kathmandu,FALSE,1524005101
Benchhoṅ,Benchhon,,27.4964,87.1244,Nepal,NP,NPL,,,,,,64.4,,,4,Asia/Kathmandu,FALSE,1524018390
Bhāni̇̄,Bhani,,28.6595,82.7676,Nepal,NP,NPL,Lumbinī,Lumbini,NP-P5,,,23.8,,,4,Asia/Kathmandu,FALSE,1524038188
Trishuli̇̄ Bajār,Trishuli Bajar,,28.7925,80.2618,Nepal,NP,NPL,,,,,,1888.9,,,3,Asia/Kathmandu,FALSE,1524020087
Trishuli̇̄ Bajār,Trishuli Bajar,Trishulī Bajār,27.9225,85.1490,Nepal,NP,NPL,,,,,,775.0,,,3,Asia/Kathmandu,TRUE,1524988334
Lakṣmi̇̄ni̇̄yāṭol,Laksminiyatol,,26.8833,85.2741,Nepal,NP,NPL,,,,,,1264.3,,,3,Asia/Kathmandu,FALSE,1524262399
Purkoṭ,Purkot,,27.9219,83.9035,Nepal,NP,NPL,,,,,,133.9,,,4,Asia/Kathmandu,FALSE,1524014859
Purkoṭ,Purkot,,27.9086,84.0873,Nepal,NP,NPL,,,,,,119.0,,,4,Asia/Kathmandu,TRUE,1524007639
Sunār Ṭol,Sunar Tol,,28.8990,81.6724,Nepal,NP,NPL,,,,,,335.7,,,3,Asia/Kathmandu,FALSE,1524022541
Sunār Ṭol,Sunar Tol,,28.7240,81.6441,Nepal,NP,NPL,,,,,,209.9,,,3,Asia/Kathmandu,TRUE,1524027661
Māthillo Baleu,Mathillo Baleu,,27.9808,83.8658,Nepal,NP,NPL,,,,,,171.1,,,4,Asia/Kathmandu,FALSE,1524010050
Dhābdi̇̄,Dhabdi,,27.9137,84.0925,Nepal,NP,NPL,,,,,,119.0,,,4,Asia/Kathmandu,FALSE,1524007449
Wardi̇̄,Wardi,,28.3723,81.9222,Nepal,NP,NPL,,,,,,105.7,,,4,Asia/Kathmandu,FALSE,1524026129
Bārhabiseṭār,Barhabisetar,,27.2074,86.3292,Nepal,NP,NPL,,,,,,76.1,,,4,Asia/Kathmandu,FALSE,1524299929
Tallo Lekhpor,Tallo Lekhpor,,29.3911,82.0373,Nepal,NP,NPL,Karṇālī,Karnali,NP-P6,,,76.5,,,4,Asia/Kathmandu,FALSE,1524034806
Pāraṅ,Paran,,28.9790,82.8380,Nepal,NP,NPL,Karṇālī,Karnali,NP-P6,,,87.9,,,4,Asia/Kathmandu,FALSE,1524037910
Kālāpaharā,Kalapahara,,27.5453,86.1503,Nepal,NP,NPL,,,,,,205.0,,,3,Asia/Kathmandu,FALSE,1524521013
Suiyā,Suiya,,28.0759,81.6673,Nepal,NP,NPL,,,,,,1759.6,,,3,Asia/Kathmandu,FALSE,1524025053
Sui̇̄yā,Suiya,,28.0196,81.6184,Nepal,NP,NPL,,,,,,1455.7,,,3,Asia/Kathmandu,TRUE,1524026998
Suiyā,Suiya,,28.9921,81.5755,Nepal,NP,NPL,,,,,,333.9,,,3,Asia/Kathmandu,TRUE,1524024606
Suiyā,Suiya,,27.8643,81.9196,Nepal,NP,NPL,,,,,,264.8,,,3,Asia/Kathmandu,TRUE,1524000142
Sirisyā,Sirisya,,27.0145,85.0923,Nepal,NP,NPL,,,,,,652.4,,,3,Asia/Kathmandu,FALSE,1524288459
Muserni̇̄,Muserni,,27.6911,84.3072,Nepal,NP,NPL,,,,,,548.9,,,3,Asia/Kathmandu,FALSE,1524007244
Harisiṅgegāũ,Harisingegau,,28.4445,82.3328,Nepal,NP,NPL,,,,,,236.1,,,3,Asia/Kathmandu,FALSE,1524030857
Gap,Gap,,28.5299,84.8332,Nepal,NP,NPL,Gaṇḍakī,Gandaki,NP-P4,,,4.5,,,5,Asia/Kathmandu,FALSE,1524589360
Khambāchaur,Khambachaur,,29.1965,82.3645,Nepal,NP,NPL,Karṇālī,Karnali,NP-P6,,,11.8,,,4,Asia/Kathmandu,FALSE,1524036565
Sumli̇̄ Lekgāũ,Sumli Lekgau,,29.5729,82.2192,Nepal,NP,NPL,Karṇālī,Karnali,NP-P6,,,15.2,,,4,Asia/Kathmandu,FALSE,1524034340
Sinchuwā,Sinchuwa,,27.4085,87.2990,Nepal,NP,NPL,Province Number One,Province Number One,NP-P1,,,117.5,,,4,Asia/Kathmandu,FALSE,1524016559
Tallo Mānpur,Tallo Manpur,,27.9063,84.0795,Nepal,NP,NPL,,,,,,119.0,,,4,Asia/Kathmandu,FALSE,1524007638
Chunighāṭ,Chunighat,,27.9578,84.4270,Nepal,NP,NPL,,,,,,215.7,,,3,Asia/Kathmandu,FALSE,1524010483
Buḍkhunā,Budkhuna,,29.7524,80.4632,Nepal,NP,NPL,Sudūrpashchim,Sudurpashchim,NP-P7,,,200.9,,,3,Asia/Kathmandu,FALSE,1524033510
Ṭhingure,Thingure,,27.8292,84.2709,Nepal,NP,NPL,,,,,,112.9,,,4,Asia/Kathmandu,FALSE,1524012051
Imle,Imle,,28.3673,83.8143,Nepal,NP,NPL,Gaṇḍakī,Gandaki,NP-P4,,,20.1,,,4,Asia/Kathmandu,FALSE,1524033056
Simpāli̇̄,Simpali,,28.2809,83.8670,Nepal,NP,NPL,Gaṇḍakī,Gandaki,NP-P4,,,329.4,,,3,Asia/Kathmandu,FALSE,1524008030
Ṭākuregāũ,Takuregau,,28.5544,82.2374,Nepal,NP,NPL,Karṇālī,Karnali,NP-P6,,,212.6,,,3,Asia/Kathmandu,FALSE,1524025844
Phembu,Phembu,,27.5092,87.7898,Nepal,NP,NPL,Province Number One,Province Number One,NP-P1,,,3.9,,,5,Asia/Kathmandu,FALSE,1524907170
Suliyāṭol,Suliyatol,,26.5994,87.1042,Nepal,NP,NPL,,,,,,3323.9,,,2,Asia/Kathmandu,FALSE,1524001972
Pālchokbesi̇̄,Palchokbesi,Pālchokbesī,27.8771,85.5435,Nepal,NP,NPL,,,,,,176.7,,,4,Asia/Kathmandu,FALSE,1524153280
Āerpāṭā,Aerpata,,28.9303,81.5887,Nepal,NP,NPL,,,,,,79.0,,,4,Asia/Kathmandu,FALSE,1524024494
Sāpchuṅwā,Sapchunwa,,27.4727,87.7227,Nepal,NP,NPL,Province Number One,Province Number One,NP-P1,,,31.7,,,4,Asia/Kathmandu,FALSE,1524034097
Moḍo,Modo,,29.1615,83.1608,Nepal,NP,NPL,Karṇālī,Karnali,NP-P6,,,3.2,,,5,Asia/Kathmandu,FALSE,1524010976
Chā̃dani Gairā,Chadani Gaira,,28.5528,82.5178,Nepal,NP,NPL,,,,,,232.8,,,3,Asia/Kathmandu,FALSE,1524028581
Ṭokanchaur,Tokanchaur,,27.9303,83.6290,Nepal,NP,NPL,,,,,,298.3,,,3,Asia/Kathmandu,FALSE,1524015691
Chureḍā̃ḍā,Churedada,,27.8302,84.7510,Nepal,NP,NPL,,,,,,166.2,,,4,Asia/Kathmandu,FALSE,1524004260
Chuniyā̃dhārā,Chuniyadhara,,27.7154,84.7870,Nepal,NP,NPL,,,,,,99.6,,,4,Asia/Kathmandu,FALSE,1524016899
Ḍebrā,Debra,,28.8159,82.1190,Nepal,NP,NPL,Province Number One,Province Number One,NP-P1,,,129.6,,,4,Asia/Kathmandu,FALSE,1524032402
Charḍā̃ḍā,Chardada,,27.7935,84.0209,Nepal,NP,NPL,Gaṇḍakī,Gandaki,NP-P4,,,125.5,,,4,Asia/Kathmandu,FALSE,1524010291
Nādi̇̄,Nadi,,29.1046,81.3747,Nepal,NP,NPL,Sudūrpashchim,Sudurpashchim,NP-P7,,,240.0,,,3,Asia/Kathmandu,FALSE,1524035993
Dhalaun,Dhalaun,,29.6966,81.3673,Nepal,NP,NPL,Sudūrpashchim,Sudurpashchim,NP-P7,,,1.9,,,5,Asia/Kathmandu,FALSE,1524034826
Kuwādi̇̄,Kuwadi,,29.6069,81.7706,Nepal,NP,NPL,Karṇālī,Karnali,NP-P6,,,64.0,,,4,Asia/Kathmandu,FALSE,1524033913
Wāchheṭār,Wachhetar,,27.9112,84.2025,Nepal,NP,NPL,,,,,,137.0,,,4,Asia/Kathmandu,FALSE,1524007995
Jhauwā̃,Jhauwa,,27.0203,84.8072,Nepal,NP,NPL,,,,,,3200.0,,,2,Asia/Kathmandu,FALSE,1524017532
Ghogepāṭā,Ghogepata,,28.8707,81.6851,Nepal,NP,NPL,,,,,,274.3,,,3,Asia/Kathmandu,FALSE,1524023427
Lakhimā,Lakhima,,26.9931,86.2770,Nepal,NP,NPL,,,,,,201.1,,,3,Asia/Kathmandu,FALSE,1524001402
Pahāḍi̇̄ṭol,Pahaditol,,26.8827,85.9943,Nepal,NP,NPL,,,,,,721.8,,,3,Asia/Kathmandu,FALSE,1524003625
Pahāḍi̇̄ṭol,Pahaditol,,26.5175,87.4023,Nepal,NP,NPL,,,,,,538.4,,,3,Asia/Kathmandu,TRUE,1524006055
Raṅga,Ranga,,29.0102,82.7609,Nepal,NP,NPL,Karṇālī,Karnali,NP-P6,,,23.1,,,4,Asia/Kathmandu,FALSE,1524032450
Nhā,Nha,,27.9183,86.7165,Nepal,NP,NPL,Province Number One,Province Number One,NP-P1,,,1.6,,,5,Asia/Kathmandu,FALSE,1524003367
Jamarsalli̇̄,Jamarsalli,,29.0858,81.0489,Nepal,NP,NPL,Sudūrpashchim,Sudurpashchim,NP-P7,,,57.1,,,4,Asia/Kathmandu,FALSE,1524036569
Bajākoṭ,Bajakot,,27.9563,83.7380,Nepal,NP,NPL,,,,,,249.2,,,3,Asia/Kathmandu,FALSE,1524015453
Pihāle,Pihale,,27.9593,83.1003,Nepal,NP,NPL,,,,,,125.8,,,4,Asia/Kathmandu,FALSE,1524010734
Bhuchakrapur,Bhuchakrapur,,26.8968,85.9077,Nepal,NP,NPL,,,,,,739.1,,,3,Asia/Kathmandu,FALSE,1524003316
Tāmākoṭḍā̃ḍā,Tamakotdada,,26.7753,88.0662,Nepal,NP,NPL,,,,,,149.9,,,4,Asia/Kathmandu,FALSE,1524000612
Liuredhārā,Liuredhara,,28.4952,82.5725,Nepal,NP,NPL,,,,,,266.5,,,3,Asia/Kathmandu,FALSE,1524027707
Charaũdi̇̄,Charaudi,,27.8032,84.7540,Nepal,NP,NPL,,,,,,196.3,,,4,Asia/Kathmandu,FALSE,1524004372
Umluṅ,Umlun,,27.9083,84.5752,Nepal,NP,NPL,,,,,,160.1,,,4,Asia/Kathmandu,FALSE,1524015141
Chokli̇̄bāṅ,Chokliban,,27.1187,87.3559,Nepal,NP,NPL,,,,,,221.5,,,3,Asia/Kathmandu,FALSE,1524018530
Budhabāre,Budhabare,,26.6548,87.0630,Nepal,NP,NPL,,,,,,2905.5,,,2,Asia/Kathmandu,FALSE,1524006155
Budhabāre,Budhabare,,26.6701,87.3782,Nepal,NP,NPL,,,,,,1211.4,,,3,Asia/Kathmandu,TRUE,1524006347
Budhabāre,Budhabare,,26.7235,88.0499,Nepal,NP,NPL,,,,,,853.2,,,3,Asia/Kathmandu,TRUE,1524000846
Budhabāre,Budhabare,,26.5239,87.9666,Nepal,NP,NPL,,,,,,495.2,,,3,Asia/Kathmandu,TRUE,1524010460
Budhabāre,Budhabare,,26.5420,87.5637,Nepal,NP,NPL,,,,,,468.4,,,3,Asia/Kathmandu,TRUE,1524013636
Budhabāre,Budhabare,,26.6276,87.4687,Nepal,NP,NPL,,,,,,359.7,,,3,Asia/Kathmandu,TRUE,1524006697
Budhabāre,Budhabare,,26.7241,87.4686,Nepal,NP,NPL,,,,,,337.9,,,3,Asia/Kathmandu,TRUE,1524006637
Budhabāre,Budhabare,,27.0505,87.2884,Nepal,NP,NPL,,,,,,238.3,,,3,Asia/Kathmandu,TRUE,1524018557
Budhabāre,Budhabare,,26.9362,87.8222,Nepal,NP,NPL,,,,,,217.3,,,3,Asia/Kathmandu,TRUE,1524009763
Amjilosā,Amjilosa,,27.5670,87.8575,Nepal,NP,NPL,Province Number One,Province Number One,NP-P1,,,3.9,,,5,Asia/Kathmandu,FALSE,1524030714
Chipriṅ,Chiprin,,27.0761,86.8271,Nepal,NP,NPL,,,,,,117.7,,,4,Asia/Kathmandu,FALSE,1524014628
Tulkoṭ,Tulkot,,29.1213,82.5739,Nepal,NP,NPL,Karṇālī,Karnali,NP-P6,,,22.0,,,4,Asia/Kathmandu,FALSE,1524036579
Gāinbāri̇̄,Gainbari,,26.5587,88.0297,Nepal,NP,NPL,,,,,,497.8,,,3,Asia/Kathmandu,FALSE,1524000272
Kaphleṭi̇̄,Kaphleti,,27.9878,83.7020,Nepal,NP,NPL,,,,,,424.0,,,3,Asia/Kathmandu,FALSE,1524015620
Tārā Nagar,Tara Nagar,,28.3089,81.3411,Nepal,NP,NPL,,,,,,301.9,,,3,Asia/Kathmandu,FALSE,1524025562
Bāgmati̇̄ Nagar,Bagmati Nagar,Bi̇̄ Gāũ,28.1134,81.5668,Nepal,NP,NPL,,,,,,627.3,,,3,Asia/Kathmandu,FALSE,1524026868
Dalelpur,Dalelpur,,26.4683,87.1322,Nepal,NP,NPL,,,,,,2385.9,,,2,Asia/Kathmandu,FALSE,1524007398
Ṭi̇̄kari̇̄,Tikari,,27.7793,83.0506,Nepal,NP,NPL,Lumbinī,Lumbini,NP-P5,,,25.2,,,4,Asia/Kathmandu,FALSE,1524036813
Syālkāḍā̃ḍā,Syalkadada,,26.9822,86.5107,Nepal,NP,NPL,,,,,,56.8,,,4,Asia/Kathmandu,FALSE,1524002530
Ṭuni̇̄kāṭṭe,Tunikatte,,28.6121,82.2908,Nepal,NP,NPL,,,,,,251.2,,,3,Asia/Kathmandu,FALSE,1524024956
Sallyānu,Sallyanu,,28.9991,81.3477,Nepal,NP,NPL,,,,,,250.6,,,3,Asia/Kathmandu,FALSE,1524024516
Rāi̇̄nāsṭār,Rainastar,,27.8780,84.6346,Nepal,NP,NPL,,,,,,191.6,,,4,Asia/Kathmandu,FALSE,1524010817
Bumburi̇̄,Bumburi,,27.5817,86.6903,Nepal,NP,NPL,Province Number One,Province Number One,NP-P1,,,7.9,,,5,Asia/Kathmandu,FALSE,1524013403
Ilim,Ilim,,27.3268,86.7570,Nepal,NP,NPL,,,,,,150.7,,,4,Asia/Kathmandu,FALSE,1524055098
Ṭhulā Sain,Thula Sain,,29.0874,81.3831,Nepal,NP,NPL,Sudūrpashchim,Sudurpashchim,NP-P7,,,240.0,,,3,Asia/Kathmandu,FALSE,1524036476
Ṭhulā Sain,Thula Sain,,29.1153,81.2700,Nepal,NP,NPL,Sudūrpashchim,Sudurpashchim,NP-P7,,,193.5,,,4,Asia/Kathmandu,TRUE,1524036477
Ṭhulā Sain,Thula Sain,,29.0006,81.2337,Nepal,NP,NPL,Sudūrpashchim,Sudurpashchim,NP-P7,,,162.1,,,4,Asia/Kathmandu,TRUE,1524038107
Ṭhulā Sain,Thula Sain,,29.6505,80.9559,Nepal,NP,NPL,Sudūrpashchim,Sudurpashchim,NP-P7,,,29.7,,,4,Asia/Kathmandu,TRUE,1524036475
Gairāṭol,Gairatol,,27.7103,85.7723,Nepal,NP,NPL,,,,,,252.5,,,3,Asia/Kathmandu,FALSE,1524352319
Phirki̇̄ḍā̃ḍā,Phirkidada,,27.8727,84.3605,Nepal,NP,NPL,,,,,,102.2,,,4,Asia/Kathmandu,FALSE,1524013261
Khurduke,Khurduke,,27.1737,87.6811,Nepal,NP,NPL,,,,,,110.4,,,4,Asia/Kathmandu,FALSE,1524019411
Bāgphāl,Bagphal,,28.7991,81.5920,Nepal,NP,NPL,,,,,,1023.9,,,3,Asia/Kathmandu,FALSE,1524022355
Khasroghāri̇̄,Khasroghari,Khasroghārī,27.4614,85.3889,Nepal,NP,NPL,,,,,,109.0,,,4,Asia/Kathmandu,FALSE,1524329931
Baguwāṭār,Baguwatar,,26.8898,87.0111,Nepal,NP,NPL,,,,,,60.4,,,4,Asia/Kathmandu,FALSE,1524002018
Khemjuwā,Khemjuwa,,27.1925,87.8672,Nepal,NP,NPL,,,,,,161.1,,,4,Asia/Kathmandu,FALSE,1524019476
Piṅgedin,Pingedin,,27.3245,87.7394,Nepal,NP,NPL,Province Number One,Province Number One,NP-P1,,,157.7,,,4,Asia/Kathmandu,FALSE,1524034236
Chhanakiyā,Chhanakiya,,26.8290,85.7439,Nepal,NP,NPL,,,,,,2047.1,,,2,Asia/Kathmandu,FALSE,1524001472
Titepāltā,Titepalta,,28.8207,82.0990,Nepal,NP,NPL,Province Number One,Province Number One,NP-P1,,,124.7,,,4,Asia/Kathmandu,FALSE,1524032962
Basanpaṭṭi̇̄,Basanpatti,,26.5676,86.6324,Nepal,NP,NPL,,,,,,818.5,,,3,Asia/Kathmandu,FALSE,1524010974
Gujargāre,Gujargare,,28.6883,81.6314,Nepal,NP,NPL,,,,,,66.1,,,4,Asia/Kathmandu,FALSE,1524027459
Kuchibāṅ,Kuchiban,,28.6971,82.6527,Nepal,NP,NPL,,,,,,83.6,,,4,Asia/Kathmandu,FALSE,1524037536
Gharti̇̄ Rumṭā,Gharti Rumta,Ghartī Rumṭā,27.9165,85.3448,Nepal,NP,NPL,,,,,,246.2,,,3,Asia/Kathmandu,FALSE,1524547471
Mansi̇̄ṭol,Mansitol,,27.2625,86.5975,Nepal,NP,NPL,,,,,,149.5,,,4,Asia/Kathmandu,FALSE,1524986227
Kalyāṇpur Bajār,Kalyanpur Bajar,Kalyāṇpur,26.6416,86.6229,Nepal,NP,NPL,,,,,,506.4,,,3,Asia/Kathmandu,FALSE,1524004090
Shivālayaṭol,Shivalayatol,,26.7188,87.1482,Nepal,NP,NPL,,,,,,2258.8,,,2,Asia/Kathmandu,FALSE,1524011467
Shivālayaṭol,Shivalayatol,,26.6208,87.5265,Nepal,NP,NPL,,,,,,541.5,,,3,Asia/Kathmandu,TRUE,1524011734
Khori̇̄khet,Khorikhet,,28.3594,84.4065,Nepal,NP,NPL,Gaṇḍakī,Gandaki,NP-P4,,,24.1,,,4,Asia/Kathmandu,FALSE,1524036373
Dhedre,Dhedre,,27.2549,86.0571,Nepal,NP,NPL,,,,,,111.4,,,4,Asia/Kathmandu,FALSE,1524012366
Butiniyā̃,Butiniya,,28.1202,82.1854,Nepal,NP,NPL,Lumbinī,Lumbini,NP-P5,,,1113.4,,,3,Asia/Kathmandu,FALSE,1524037342
Tilgaḍh,Tilgadh,,26.7535,85.8260,Nepal,NP,NPL,,,,,,1788.6,,,3,Asia/Kathmandu,FALSE,1524003229
Ostājpur,Ostajpur,,28.4116,81.1360,Nepal,NP,NPL,,,,,,537.2,,,3,Asia/Kathmandu,FALSE,1524026231
Jemure,Jemure,,27.9596,82.6156,Nepal,NP,NPL,,,,,,38.9,,,4,Asia/Kathmandu,FALSE,1524030357
Bimi̇̄reṭol,Bimiretol,,26.9015,86.4701,Nepal,NP,NPL,,,,,,58.0,,,4,Asia/Kathmandu,FALSE,1524003095
Daṅki̇̄,Danki,,27.5294,86.7513,Nepal,NP,NPL,Province Number One,Province Number One,NP-P1,,,17.3,,,4,Asia/Kathmandu,FALSE,1524008954
Devi̇̄chhāp,Devichhap,,26.9562,86.3445,Nepal,NP,NPL,,,,,,274.5,,,3,Asia/Kathmandu,FALSE,1524002574
Siṅchit,Sinchit,,27.9564,84.0378,Nepal,NP,NPL,,,,,,174.5,,,4,Asia/Kathmandu,FALSE,1524007939
Akboni̇̄,Akboni,,26.6959,86.9423,Nepal,NP,NPL,,,,,,350.9,,,3,Asia/Kathmandu,FALSE,1524003630
Papighāṭ,Papighat,,28.9549,81.0040,Nepal,NP,NPL,,,,,,31.5,,,4,Asia/Kathmandu,FALSE,1524018882
Luṅtuṅ,Luntun,,28.3528,82.7541,Nepal,NP,NPL,,,,,,108.0,,,4,Asia/Kathmandu,FALSE,1524022140
Jhyālsekholāgāũ,Jhyalsekholagau,,28.6647,81.6723,Nepal,NP,NPL,,,,,,87.6,,,4,Asia/Kathmandu,FALSE,1524028040
Bhatauḍā,Bhatauda,,27.0355,84.9797,Nepal,NP,NPL,,,,,,1133.6,,,3,Asia/Kathmandu,FALSE,1524018405
Kyāyun,Kyayun,,27.8062,85.9187,Nepal,NP,NPL,,,,,,705.7,,,3,Asia/Kathmandu,FALSE,1524119877
Kyāyuṅ,Kyayun,,27.4527,85.1244,Nepal,NP,NPL,,,,,,184.8,,,4,Asia/Kathmandu,TRUE,1524349894
Kyāyuṅ,Kyayun,,27.9587,85.5847,Nepal,NP,NPL,,,,,,28.0,,,4,Asia/Kathmandu,TRUE,1524301157
Phuṭāni̇̄chok,Phutanichok,,26.5318,88.0638,Nepal,NP,NPL,,,,,,419.6,,,3,Asia/Kathmandu,FALSE,1524000162
Phuṭāni̇̄chok,Phutanichok,,26.4655,87.5938,Nepal,NP,NPL,,,,,,411.7,,,3,Asia/Kathmandu,TRUE,1524002637
Ghorpāni̇̄,Ghorpani,,28.0992,84.8002,Nepal,NP,NPL,,,,,,223.1,,,3,Asia/Kathmandu,FALSE,1524718365
Bhasmekharka,Bhasmekharka,,27.7325,84.9228,Nepal,NP,NPL,,,,,,202.9,,,3,Asia/Kathmandu,FALSE,1524016049
Goḍābhittā,Godabhitta,,27.6121,84.8341,Nepal,NP,NPL,,,,,,117.9,,,4,Asia/Kathmandu,FALSE,1524017303
Subbāgāũ,Subbagau,Subbāgāun,27.6263,85.3343,Nepal,NP,NPL,,,,,,4707.2,,,2,Asia/Kathmandu,FALSE,1524361023
Subbāgāũ,Subbagau,,27.7242,84.8219,Nepal,NP,NPL,,,,,,103.6,,,4,Asia/Kathmandu,TRUE,1524017134
Subbāgāũ,Subbagau,Subbāgāun,27.6014,85.5246,Nepal,NP,NPL,,,,,,55.7,,,4,Asia/Kathmandu,TRUE,1524863556
Tāgring,Tagring,,28.3755,84.3893,Nepal,NP,NPL,Gaṇḍakī,Gandaki,NP-P4,,,26.7,,,4,Asia/Kathmandu,FALSE,1524772029
Simalbote,Simalbote,,27.7825,85.7664,Nepal,NP,NPL,,,,,,404.1,,,3,Asia/Kathmandu,FALSE,1524053173
Simalboṭe,Simalbote,,27.0810,87.3342,Nepal,NP,NPL,,,,,,236.6,,,3,Asia/Kathmandu,TRUE,1524018928
Simalboṭe,Simalbote,,27.4255,86.2129,Nepal,NP,NPL,,,,,,186.5,,,4,Asia/Kathmandu,TRUE,1524280021
Simalboṭe,Simalbote,,27.0606,86.3775,Nepal,NP,NPL,,,,,,142.7,,,4,Asia/Kathmandu,TRUE,1524765654
Chumākhu,Chumakhu,,27.1619,86.6107,Nepal,NP,NPL,,,,,,97.5,,,4,Asia/Kathmandu,FALSE,1524011576
Kholeṭār,Kholetar,,26.8802,86.6415,Nepal,NP,NPL,,,,,,61.5,,,4,Asia/Kathmandu,FALSE,1524001550
Huli̇̄,Huli,,27.8375,84.8892,Nepal,NP,NPL,,,,,,224.9,,,3,Asia/Kathmandu,FALSE,1524012800
Puṣpa Nagar,Puspa Nagar,,28.2287,81.5508,Nepal,NP,NPL,,,,,,229.1,,,3,Asia/Kathmandu,FALSE,1524021720
Samsi̇̄,Samsi,,26.8084,85.7308,Nepal,NP,NPL,,,,,,1885.6,,,3,Asia/Kathmandu,FALSE,1524001475
Brahmapuri̇̄,Brahmapuri,,27.4418,84.3243,Nepal,NP,NPL,Bāgmatī,Bagmati,NP-P3,,,313.6,,,3,Asia/Kathmandu,FALSE,1524037566
Khoriyā Thāpāṭol,Khoriya Thapatol,,26.5165,87.4399,Nepal,NP,NPL,,,,,,421.1,,,3,Asia/Kathmandu,FALSE,1524006483
Wāle,Wale,,27.0539,86.2375,Nepal,NP,NPL,,,,,,61.0,,,4,Asia/Kathmandu,FALSE,1524081193
Simpākhā,Simpakha,,28.4399,82.1779,Nepal,NP,NPL,,,,,,188.4,,,4,Asia/Kathmandu,FALSE,1524029889
Soktim,Soktim,,26.8136,87.9045,Nepal,NP,NPL,,,,,,165.8,,,4,Asia/Kathmandu,FALSE,1524001582
Yāṅgugāũ,Yangugau,,29.9597,81.7888,Nepal,NP,NPL,Karṇālī,Karnali,NP-P6,,,28.5,,,4,Asia/Kathmandu,FALSE,1524034046
Hariharkṣetra,Hariharksetra,,27.1329,85.4897,Nepal,NP,NPL,,,,,,400.6,,,3,Asia/Kathmandu,FALSE,1524753293
Jñawāli̇̄ Ṭol,Jnawali Tol,,28.9012,81.6464,Nepal,NP,NPL,,,,,,400.9,,,3,Asia/Kathmandu,FALSE,1524022460
Devkoṭā Bāḍā,Devkota Bada,,29.2737,82.2014,Nepal,NP,NPL,Karṇālī,Karnali,NP-P6,,,195.4,,,4,Asia/Kathmandu,FALSE,1524036143
Devkoṭā Bāḍā,Devkota Bada,,29.0560,82.7330,Nepal,NP,NPL,Karṇālī,Karnali,NP-P6,,,54.3,,,4,Asia/Kathmandu,TRUE,1524036142
Madhupaṭṭi̇̄,Madhupatti,,26.7060,86.5524,Nepal,NP,NPL,,,,,,352.5,,,3,Asia/Kathmandu,FALSE,1524003751
Sharadpur,Sharadpur,,27.6635,84.4338,Nepal,NP,NPL,,,,,,1083.5,,,3,Asia/Kathmandu,FALSE,1524015648
Bā̃jhkhaḍā,Bajhkhada,,29.2192,81.0919,Nepal,NP,NPL,Sudūrpashchim,Sudurpashchim,NP-P7,,,166.4,,,4,Asia/Kathmandu,FALSE,1524034976
Upallo Dunai,Upallo Dunai,,28.9381,82.9022,Nepal,NP,NPL,Karṇālī,Karnali,NP-P6,,,19.5,,,4,Asia/Kathmandu,FALSE,1524037148
Kariyāthari̇̄,Kariyathari,,28.5465,81.5729,Nepal,NP,NPL,,,,,,183.2,,,4,Asia/Kathmandu,FALSE,1524028193
Haldebesi̇̄,Haldebesi,Haldebesī,27.4349,86.0943,Nepal,NP,NPL,,,,,,176.6,,,4,Asia/Kathmandu,FALSE,1524795909
Haldebesi̇̄,Haldebesi,Haldebesī,27.6999,85.6790,Nepal,NP,NPL,,,,,,154.4,,,4,Asia/Kathmandu,TRUE,1524535218
Khulyāmārā,Khulyamara,,29.0391,81.0066,Nepal,NP,NPL,Sudūrpashchim,Sudurpashchim,NP-P7,,,64.5,,,4,Asia/Kathmandu,FALSE,1524035374
Kholṭār,Kholtar,,27.5140,84.9109,Nepal,NP,NPL,,,,,,153.6,,,4,Asia/Kathmandu,FALSE,1524030817
Mūlgāũ,Mulgau,,26.9545,87.2125,Nepal,NP,NPL,,,,,,197.5,,,4,Asia/Kathmandu,FALSE,1524003984
Mulgāũ,Mulgau,,28.3410,82.2353,Nepal,NP,NPL,,,,,,184.8,,,4,Asia/Kathmandu,TRUE,1524030171
Mūlgāũ,Mulgau,,27.1908,87.3107,Nepal,NP,NPL,,,,,,144.8,,,4,Asia/Kathmandu,TRUE,1524016301
Mũlgāũ,Mulgau,,27.1886,87.0257,Nepal,NP,NPL,,,,,,138.5,,,4,Asia/Kathmandu,TRUE,1524019321
Mulgāũ,Mulgau,Mulgāun,27.4612,86.3138,Nepal,NP,NPL,,,,,,106.2,,,4,Asia/Kathmandu,TRUE,1524402135
Mūlgāũ,Mulgau,,26.8978,87.1529,Nepal,NP,NPL,,,,,,93.9,,,4,Asia/Kathmandu,TRUE,1524003655
Mulgāũ,Mulgau,,27.4815,87.1038,Nepal,NP,NPL,,,,,,18.6,,,4,Asia/Kathmandu,TRUE,1524018228
Dāmnā,Damna,,27.6872,86.0037,Nepal,NP,NPL,,,,,,321.7,,,3,Asia/Kathmandu,FALSE,1524014439
Ghormū,Ghormu,,27.9649,84.9837,Nepal,NP,NPL,,,,,,208.0,,,3,Asia/Kathmandu,FALSE,1524011029
Ghormu,Ghormu,,28.0290,85.2562,Nepal,NP,NPL,,,,,,54.5,,,4,Asia/Kathmandu,TRUE,1524879153
Chhāni̇̄,Chhani,,28.5523,82.3972,Nepal,NP,NPL,,,,,,788.8,,,3,Asia/Kathmandu,FALSE,1524029467
Chhorke,Chhorke,,27.1178,85.7947,Nepal,NP,NPL,,,,,,192.4,,,4,Asia/Kathmandu,FALSE,1524559347
Roḍikoṭ,Rodikot,,29.8249,81.9633,Nepal,NP,NPL,Karṇālī,Karnali,NP-P6,,,38.1,,,4,Asia/Kathmandu,FALSE,1524036632
Lausā,Lausa,,28.6783,80.8197,Nepal,NP,NPL,,,,,,430.4,,,3,Asia/Kathmandu,FALSE,1524021085
Lāmkhet,Lamkhet,,28.3192,83.7870,Nepal,NP,NPL,Gaṇḍakī,Gandaki,NP-P4,,,75.2,,,4,Asia/Kathmandu,FALSE,1524014762
Bantadi̇̄,Bantadi,,29.1260,82.0938,Nepal,NP,NPL,Karṇālī,Karnali,NP-P6,,,19.9,,,4,Asia/Kathmandu,FALSE,1524001443
Diyālobasti̇̄,Diyalobasti,,26.4676,88.0494,Nepal,NP,NPL,,,,,,504.7,,,3,Asia/Kathmandu,FALSE,1524008352
Ishwari̇̄pur,Ishwaripur,Ishwarīpur,27.0153,85.4375,Nepal,NP,NPL,,,,,,398.3,,,3,Asia/Kathmandu,FALSE,1524814915
Māthillo Bārbāṅ,Mathillo Barban,,27.8041,84.7988,Nepal,NP,NPL,,,,,,235.0,,,3,Asia/Kathmandu,FALSE,1524004359
Tosyālbāḍā,Tosyalbada,,28.9002,81.5070,Nepal,NP,NPL,,,,,,112.2,,,4,Asia/Kathmandu,FALSE,1524024153
Ṭimurgāũ,Timurgau,,28.8529,81.5861,Nepal,NP,NPL,,,,,,234.5,,,3,Asia/Kathmandu,FALSE,1524022487
Antu,Antu,,26.8833,88.1147,Nepal,NP,NPL,,,,,,218.1,,,3,Asia/Kathmandu,FALSE,1524001050
Bagālegāũ,Bagalegau,,27.0410,87.3647,Nepal,NP,NPL,Province Number One,Province Number One,NP-P1,,,201.5,,,3,Asia/Kathmandu,FALSE,1524018635
Bagālegāũ,Bagalegau,,27.3954,87.6339,Nepal,NP,NPL,Province Number One,Province Number One,NP-P1,,,161.6,,,4,Asia/Kathmandu,TRUE,1524034957
Santanagar,Santanagar,,26.7378,86.3828,Nepal,NP,NPL,,,,,,431.8,,,3,Asia/Kathmandu,FALSE,1524006780
Bharyāṅḍā̃ḍā,Bharyandada,Bharyāṅḍānḍā,27.4375,85.1167,Nepal,NP,NPL,,,,,,184.8,,,4,Asia/Kathmandu,FALSE,1524932541
Khayārḍā̃ḍā,Khayardada,,27.9549,83.5337,Nepal,NP,NPL,,,,,,226.6,,,3,Asia/Kathmandu,FALSE,1524008686
Banjā,Banja,,29.6405,81.9558,Nepal,NP,NPL,Karṇālī,Karnali,NP-P6,,,92.4,,,4,Asia/Kathmandu,FALSE,1524035978
Khudekhā,Khudekha,,29.0667,81.1797,Nepal,NP,NPL,Sudūrpashchim,Sudurpashchim,NP-P7,,,67.2,,,4,Asia/Kathmandu,FALSE,1524037932
Chokhegāũ,Chokhegau,Chokhegāun,27.4571,85.5221,Nepal,NP,NPL,,,,,,35.3,,,4,Asia/Kathmandu,FALSE,1524880142
Thānsiṅbesi̇̄,Thansinbesi,Thānsiṅbesī,27.5095,85.6670,Nepal,NP,NPL,,,,,,117.6,,,4,Asia/Kathmandu,FALSE,1524648587
Lekhpāni̇̄,Lekhpani,,27.4824,84.9616,Nepal,NP,NPL,,,,,,248.1,,,3,Asia/Kathmandu,FALSE,1524017961
Lekhpāni̇̄,Lekhpani,Lekhpānī,27.4863,85.6778,Nepal,NP,NPL,,,,,,28.3,,,4,Asia/Kathmandu,TRUE,1524068725
Bāgchaur,Bagchaur,,28.5206,82.0709,Nepal,NP,NPL,,,,,,123.1,,,4,Asia/Kathmandu,FALSE,1524027923
Murgi̇̄yāgoṭh,Murgiyagoth,Murgīyāgoṭh,27.1084,85.0023,Nepal,NP,NPL,,,,,,720.6,,,3,Asia/Kathmandu,FALSE,1524797604
Sogirā,Sogira,,27.3980,87.7081,Nepal,NP,NPL,Province Number One,Province Number One,NP-P1,,,131.8,,,4,Asia/Kathmandu,FALSE,1524036183
Dhaulepāni̇̄,Dhaulepani,,29.1911,81.0114,Nepal,NP,NPL,Sudūrpashchim,Sudurpashchim,NP-P7,,,245.0,,,3,Asia/Kathmandu,FALSE,1524036120
Durgāpur,Durgapur,,26.5426,86.8442,Nepal,NP,NPL,,,,,,832.4,,,3,Asia/Kathmandu,FALSE,1524009101
Durgāpur,Durgapur,,26.4214,87.3809,Nepal,NP,NPL,,,,,,733.0,,,3,Asia/Kathmandu,TRUE,1524002371
Durgāpur,Durgapur,,28.2877,81.2804,Nepal,NP,NPL,,,,,,704.9,,,3,Asia/Kathmandu,TRUE,1524025090
Durgāpur,Durgapur,,26.6386,87.9290,Nepal,NP,NPL,,,,,,656.3,,,3,Asia/Kathmandu,TRUE,1524002959
Durgāpur,Durgapur,,28.4071,81.2359,Nepal,NP,NPL,,,,,,354.1,,,3,Asia/Kathmandu,TRUE,1524026522
Kākum,Kakum,,26.6348,87.4166,Nepal,NP,NPL,,,,,,537.8,,,3,Asia/Kathmandu,FALSE,1524006471
Rāṅkoṭ,Rankot,,28.4877,82.5421,Nepal,NP,NPL,,,,,,266.5,,,3,Asia/Kathmandu,FALSE,1524021879
Bākupurwā,Bakupurwa,,27.9841,81.7499,Nepal,NP,NPL,Lumbinī,Lumbini,NP-P5,,,443.7,,,3,Asia/Kathmandu,FALSE,1524015018
Phosreṭār,Phosretar,,27.1163,87.2190,Nepal,NP,NPL,,,,,,127.5,,,4,Asia/Kathmandu,FALSE,1524016794
Phosreṭār,Phosretar,,27.2256,85.9008,Nepal,NP,NPL,,,,,,52.2,,,4,Asia/Kathmandu,TRUE,1524883559
Pāṭnethok,Patnethok,,28.2823,83.7867,Nepal,NP,NPL,Gaṇḍakī,Gandaki,NP-P4,,,264.4,,,3,Asia/Kathmandu,FALSE,1524002518
Ḍoṭegaḍā,Dotegada,,29.1573,81.1337,Nepal,NP,NPL,Sudūrpashchim,Sudurpashchim,NP-P7,,,67.8,,,4,Asia/Kathmandu,FALSE,1524034122
Chinnegāũ,Chinnegau,Chinnegāun,27.4770,86.0745,Nepal,NP,NPL,,,,,,236.8,,,3,Asia/Kathmandu,FALSE,1524359126
Pori̇̄ Hā̃ku,Pori Haku,,29.2447,82.1148,Nepal,NP,NPL,Karṇālī,Karnali,NP-P6,,,120.8,,,4,Asia/Kathmandu,FALSE,1524032861
Chhoyāṅ,Chhoyan,,27.0095,87.0116,Nepal,NP,NPL,,,,,,171.7,,,4,Asia/Kathmandu,FALSE,1524019624
Lohārpaṭṭi̇̄,Loharpatti,,26.7976,85.8530,Nepal,NP,NPL,,,,,,1157.5,,,3,Asia/Kathmandu,FALSE,1524001856
Lohārpaṭṭi̇̄,Loharpatti,,28.7686,80.5977,Nepal,NP,NPL,,,,,,613.3,,,3,Asia/Kathmandu,TRUE,1524020245
Lokepāṅmā,Lokepanma,,27.4057,87.1852,Nepal,NP,NPL,,,,,,288.1,,,3,Asia/Kathmandu,FALSE,1524016556
Bajāri̇̄ṭol,Bajaritol,,26.7572,86.5542,Nepal,NP,NPL,,,,,,324.7,,,3,Asia/Kathmandu,FALSE,1524001515
Rājpur,Rajpur,,28.1065,82.1885,Nepal,NP,NPL,Lumbinī,Lumbini,NP-P5,,,753.5,,,3,Asia/Kathmandu,FALSE,1524037953
Rājpur,Rajpur,,27.6122,82.9910,Nepal,NP,NPL,Lumbinī,Lumbini,NP-P5,,,665.5,,,3,Asia/Kathmandu,TRUE,1524037952
Jāḍe Pātal,Jade Patal,,29.5701,80.8662,Nepal,NP,NPL,Sudūrpashchim,Sudurpashchim,NP-P7,,,203.8,,,3,Asia/Kathmandu,FALSE,1524033116
Chēji̇̄,Cheji,,29.5745,82.3146,Nepal,NP,NPL,Karṇālī,Karnali,NP-P6,,,8.6,,,5,Asia/Kathmandu,FALSE,1524026398
Chankeli̇̄,Chankeli,,29.6113,80.7507,Nepal,NP,NPL,Sudūrpashchim,Sudurpashchim,NP-P7,,,270.9,,,3,Asia/Kathmandu,FALSE,1524033156
Ḍā̃ḍāpāri̇̄gāũ,Dadaparigau,,28.7515,80.4060,Nepal,NP,NPL,,,,,,760.9,,,3,Asia/Kathmandu,FALSE,1524020778
Sherāḍi̇̄l,Sheradil,Sherāḍīl,27.8795,85.2608,Nepal,NP,NPL,,,,,,298.4,,,3,Asia/Kathmandu,FALSE,1524138552
Ḍā̃ḍāpāri̇̄,Dadapari,Ḍānḍāpārī,27.7730,85.7310,Nepal,NP,NPL,,,,,,708.7,,,3,Asia/Kathmandu,FALSE,1524946528
Ḍā̃ḍāpāri̇̄,Dadapari,,28.0722,84.7547,Nepal,NP,NPL,,,,,,659.3,,,3,Asia/Kathmandu,TRUE,1524395206
Ḍā̃ḍāpāri̇̄,Dadapari,,28.0294,84.9088,Nepal,NP,NPL,,,,,,261.1,,,3,Asia/Kathmandu,TRUE,1524198631
Ratuwā,Ratuwa,,27.5942,84.8903,Nepal,NP,NPL,,,,,,148.1,,,4,Asia/Kathmandu,FALSE,1524030688
Dāmsiṅ,Damsin,,27.2102,87.0360,Nepal,NP,NPL,,,,,,138.1,,,4,Asia/Kathmandu,FALSE,1524018302
Dāmsiṅ,Damsin,,27.8130,85.7939,Nepal,NP,NPL,,,,,,91.5,,,4,Asia/Kathmandu,TRUE,1524158737
Bokhbahāl,Bokhbahal,,27.6152,85.2660,Nepal,NP,NPL,,,,,,3538.0,,,2,Asia/Kathmandu,FALSE,1524833389
Ghareli̇̄ḍā̃ḍā,Gharelidada,,28.4254,81.9698,Nepal,NP,NPL,,,,,,142.5,,,4,Asia/Kathmandu,FALSE,1524023968
Yāṅsibuṅ,Yansibun,,27.2649,87.8233,Nepal,NP,NPL,Province Number One,Province Number One,NP-P1,,,237.4,,,3,Asia/Kathmandu,FALSE,1524024050
Ḍhā̃ḍkhet,Dhadkhet,,26.8015,87.3308,Nepal,NP,NPL,,,,,,2603.0,,,2,Asia/Kathmandu,FALSE,1524014574
Dhārāpāni̇̄,Dharapani,,29.1790,81.0096,Nepal,NP,NPL,Sudūrpashchim,Sudurpashchim,NP-P7,,,209.5,,,3,Asia/Kathmandu,FALSE,1524034281
Goṭhi̇̄ban,Gothiban,,29.2161,81.3165,Nepal,NP,NPL,Sudūrpashchim,Sudurpashchim,NP-P7,,,436.5,,,3,Asia/Kathmandu,FALSE,1524034052
Dhārāpāni̇̄,Dharapani,,28.2831,83.8339,Nepal,NP,NPL,Gaṇḍakī,Gandaki,NP-P4,,,329.4,,,3,Asia/Kathmandu,FALSE,1524032853
Dhārāpāni̇̄,Dharapani,,28.5193,84.3583,Nepal,NP,NPL,Gaṇḍakī,Gandaki,NP-P4,,,4.9,,,5,Asia/Kathmandu,TRUE,1524032852
Phechaṅ,Phechan,,28.6037,82.4999,Nepal,NP,NPL,,,,,,144.9,,,4,Asia/Kathmandu,FALSE,1524027244
Dhārāpāni̇̄,Dharapani,,27.3682,87.3016,Nepal,NP,NPL,Province Number One,Province Number One,NP-P1,,,118.3,,,4,Asia/Kathmandu,FALSE,1524032851
Lapse,Lapse,,27.7546,85.4763,Nepal,NP,NPL,,,,,,1261.5,,,3,Asia/Kathmandu,FALSE,1524886803
Lapse,Lapse,,27.7036,85.1652,Nepal,NP,NPL,,,,,,335.2,,,3,Asia/Kathmandu,TRUE,1524339274
Lapse,Lapse,,27.9462,85.3190,Nepal,NP,NPL,,,,,,293.1,,,3,Asia/Kathmandu,TRUE,1524558116
Lapse,Lapse,,27.4284,87.2287,Nepal,NP,NPL,,,,,,288.1,,,3,Asia/Kathmandu,TRUE,1524016443
Lapse,Lapse,,27.3715,85.7906,Nepal,NP,NPL,,,,,,242.3,,,3,Asia/Kathmandu,TRUE,1524093206
Lapse,Lapse,,27.8671,85.6351,Nepal,NP,NPL,,,,,,232.4,,,3,Asia/Kathmandu,TRUE,1524055461
Lapse,Lapse,,27.6411,86.1577,Nepal,NP,NPL,,,,,,224.6,,,3,Asia/Kathmandu,TRUE,1524972141
Lapse,Lapse,,27.1373,86.2269,Nepal,NP,NPL,,,,,,170.1,,,4,Asia/Kathmandu,TRUE,1524668192
Lapse,Lapse,,27.7759,85.7940,Nepal,NP,NPL,,,,,,159.6,,,4,Asia/Kathmandu,TRUE,1524850479
Lāpse,Lapse,,26.8940,87.5151,Nepal,NP,NPL,,,,,,149.8,,,4,Asia/Kathmandu,TRUE,1524005436
Lapse,Lapse,,27.0980,86.3898,Nepal,NP,NPL,,,,,,142.7,,,4,Asia/Kathmandu,TRUE,1524049908
Lāpse,Lapse,,27.7839,86.0870,Nepal,NP,NPL,,,,,,114.3,,,4,Asia/Kathmandu,TRUE,1524036119
Lapse,Lapse,,27.3288,86.4012,Nepal,NP,NPL,,,,,,108.7,,,4,Asia/Kathmandu,TRUE,1524565859
Lapse,Lapse,,27.8553,85.3759,Nepal,NP,NPL,,,,,,102.0,,,4,Asia/Kathmandu,TRUE,1524336143
Lapse,Lapse,,27.4769,87.2083,Nepal,NP,NPL,,,,,,67.5,,,4,Asia/Kathmandu,TRUE,1524016584
Lapse,Lapse,,27.4009,87.0565,Nepal,NP,NPL,,,,,,63.5,,,4,Asia/Kathmandu,TRUE,1524019109
Lapse,Lapse,,27.5378,85.7298,Nepal,NP,NPL,,,,,,31.6,,,4,Asia/Kathmandu,TRUE,1524942379
Serleṅār,Serlenar,,28.0094,85.0369,Nepal,NP,NPL,,,,,,72.9,,,4,Asia/Kathmandu,FALSE,1524916552
Maste,Maste,,26.7550,87.8873,Nepal,NP,NPL,,,,,,131.8,,,4,Asia/Kathmandu,FALSE,1524002421
Dhitā Lihi̇̄,Dhita Lihi,,29.3178,81.9943,Nepal,NP,NPL,Karṇālī,Karnali,NP-P6,,,123.7,,,4,Asia/Kathmandu,FALSE,1524031691
Ḍigiyā,Digiya,,28.2432,81.6310,Nepal,NP,NPL,,,,,,506.2,,,3,Asia/Kathmandu,FALSE,1524024049
Bāi̇̄ṭār,Baitar,Bāīṭār,27.1232,86.4590,Nepal,NP,NPL,,,,,,68.5,,,4,Asia/Kathmandu,FALSE,1524615270
Asārḍā̃ḍā,Asardada,,27.9691,83.0307,Nepal,NP,NPL,,,,,,206.0,,,3,Asia/Kathmandu,FALSE,1524013517
Phiwā,Phiwa,,26.9553,87.5540,Nepal,NP,NPL,,,,,,98.9,,,4,Asia/Kathmandu,FALSE,1524005561
Dhāmini̇̄thān,Dhaminithan,Dhāminīthān,27.3597,85.3677,Nepal,NP,NPL,,,,,,87.2,,,4,Asia/Kathmandu,FALSE,1524751959
Chiurāpāni̇̄,Chiurapani,,28.0322,82.9471,Nepal,NP,NPL,,,,,,209.2,,,3,Asia/Kathmandu,FALSE,1524029449
Thop Goṭh,Thop Goth,,29.5316,81.4857,Nepal,NP,NPL,Sudūrpashchim,Sudurpashchim,NP-P7,,,21.9,,,4,Asia/Kathmandu,FALSE,1524034366
Gorkhālḍerā,Gorkhaldera,,28.5023,81.9886,Nepal,NP,NPL,,,,,,40.2,,,4,Asia/Kathmandu,FALSE,1524029122
Pālphālā,Palphala,,28.9174,82.9338,Nepal,NP,NPL,Karṇālī,Karnali,NP-P6,,,19.5,,,4,Asia/Kathmandu,FALSE,1524037020
Galchhi̇̄,Galchhi,Galchhī,27.1569,86.1011,Nepal,NP,NPL,,,,,,89.0,,,4,Asia/Kathmandu,FALSE,1524721972
Shānti̇̄ Bajār,Shanti Bajar,,27.5997,84.6018,Nepal,NP,NPL,,,,,,696.4,,,3,Asia/Kathmandu,FALSE,1524017122
Shānti̇̄ Bajār,Shanti Bajar,,28.5071,81.1843,Nepal,NP,NPL,,,,,,462.3,,,3,Asia/Kathmandu,TRUE,1524027945
Shānti̇̄ Bajār,Shanti Bajar,,28.0827,84.8246,Nepal,NP,NPL,,,,,,412.3,,,3,Asia/Kathmandu,TRUE,1524810724
Shānti̇̄ Bajār,Shanti Bajar,,28.7982,81.6880,Nepal,NP,NPL,,,,,,369.1,,,3,Asia/Kathmandu,TRUE,1524022680
Shānti̇̄ Bajār,Shanti Bajar,,28.8510,81.5915,Nepal,NP,NPL,,,,,,234.5,,,3,Asia/Kathmandu,TRUE,1524022486
Shānti̇̄ Bajār,Shanti Bajar,,26.8738,88.1490,Nepal,NP,NPL,,,,,,200.2,,,3,Asia/Kathmandu,TRUE,1524000726
Shānti̇̄ Bajār,Shanti Bajar,,28.6812,81.6981,Nepal,NP,NPL,,,,,,163.5,,,4,Asia/Kathmandu,TRUE,1524028533
Shānti̇̄ Bajār,Shanti Bajar,,28.7969,81.4206,Nepal,NP,NPL,,,,,,102.9,,,4,Asia/Kathmandu,TRUE,1524024482
Phuṭahā,Phutaha,,28.0719,81.6591,Nepal,NP,NPL,,,,,,1709.3,,,3,Asia/Kathmandu,FALSE,1524025978
Phuṭāhā,Phutaha,,28.1421,81.4609,Nepal,NP,NPL,,,,,,565.6,,,3,Asia/Kathmandu,TRUE,1524024725
Lakṣmaṇnā,Laksmanna,,28.2605,81.4443,Nepal,NP,NPL,,,,,,327.0,,,3,Asia/Kathmandu,FALSE,1524023734
Badaharuwā,Badaharuwa,,27.1267,85.0490,Nepal,NP,NPL,,,,,,667.8,,,3,Asia/Kathmandu,FALSE,1524373211
Sāmkhāikharka,Samkhaikharka,,27.4238,86.8305,Nepal,NP,NPL,,,,,,27.9,,,4,Asia/Kathmandu,FALSE,1524211402
Nādāṅ,Nadan,,27.9715,85.5469,Nepal,NP,NPL,,,,,,30.7,,,4,Asia/Kathmandu,FALSE,1524546865
Bājbarneṭār,Bajbarnetar,,26.9513,86.8776,Nepal,NP,NPL,,,,,,145.7,,,4,Asia/Kathmandu,FALSE,1524008606
Mirchaiyā,Mirchaiya,,26.8312,86.2490,Nepal,NP,NPL,,,,,,1856.1,,,3,Asia/Kathmandu,FALSE,1524004073
Chiude,Chiude,,29.3132,81.8496,Nepal,NP,NPL,Karṇālī,Karnali,NP-P6,,,11.4,,,4,Asia/Kathmandu,FALSE,1524031583
Hiũdiyābesi̇̄,Hiudiyabesi,,27.2564,87.6874,Nepal,NP,NPL,Province Number One,Province Number One,NP-P1,,,150.1,,,4,Asia/Kathmandu,FALSE,1524033629
Daṅgali̇̄,Dangali,,26.7732,87.4601,Nepal,NP,NPL,,,,,,84.1,,,4,Asia/Kathmandu,FALSE,1524004703
Chā̃pāṭ,Chapat,,28.2715,83.9339,Nepal,NP,NPL,Gaṇḍakī,Gandaki,NP-P4,,,571.9,,,3,Asia/Kathmandu,FALSE,1524010872
Hadāhā,Hadaha,,27.8437,84.1478,Nepal,NP,NPL,,,,,,203.8,,,3,Asia/Kathmandu,FALSE,1524013316
Sayaphuṭ,Sayaphut,,27.3723,85.0143,Nepal,NP,NPL,,,,,,434.4,,,3,Asia/Kathmandu,FALSE,1524004447
Rātekhāl,Ratekhal,,26.6862,87.9598,Nepal,NP,NPL,,,,,,753.8,,,3,Asia/Kathmandu,FALSE,1524003135
Dahālṭār,Dahaltar,,26.7502,87.9559,Nepal,NP,NPL,,,,,,176.8,,,4,Asia/Kathmandu,FALSE,1524002648
Dahālṭār,Dahaltar,,27.6240,86.0927,Nepal,NP,NPL,,,,,,161.1,,,4,Asia/Kathmandu,TRUE,1524142108
Dahālṭār,Dahaltar,,27.5752,85.5589,Nepal,NP,NPL,,,,,,101.4,,,4,Asia/Kathmandu,TRUE,1524706164
Tindobhān,Tindobhan,,27.7040,84.6369,Nepal,NP,NPL,,,,,,92.9,,,4,Asia/Kathmandu,FALSE,1524015971
Sākinne,Sakinne,,27.9862,82.7346,Nepal,NP,NPL,,,,,,320.5,,,3,Asia/Kathmandu,FALSE,1524008800
Chāghāri̇̄,Chaghari,,27.5226,84.9771,Nepal,NP,NPL,,,,,,191.2,,,4,Asia/Kathmandu,FALSE,1524031144
Rāni̇̄ Chheḍo,Rani Chhedo,,28.8477,81.1484,Nepal,NP,NPL,,,,,,77.8,,,4,Asia/Kathmandu,FALSE,1524025783
Haripur Kori̇̄yāni̇̄ṭol,Haripur Koriyanitol,,26.5614,86.9899,Nepal,NP,NPL,,,,,,2740.6,,,2,Asia/Kathmandu,FALSE,1524013578
Chhāpkunā,Chhapkuna,,27.7955,85.6978,Nepal,NP,NPL,,,,,,259.1,,,3,Asia/Kathmandu,FALSE,1524631357
Pheparku,Pheparku,,27.3455,86.7816,Nepal,NP,NPL,,,,,,124.8,,,4,Asia/Kathmandu,FALSE,1524136546
Chyā̃gā,Chyaga,,26.9454,86.3485,Nepal,NP,NPL,,,,,,274.5,,,3,Asia/Kathmandu,FALSE,1524002572
Sānolekh,Sanolekh,,27.6675,84.9668,Nepal,NP,NPL,,,,,,95.8,,,4,Asia/Kathmandu,FALSE,1524016126
Siurājpur,Siurajpur,,28.0816,81.6931,Nepal,NP,NPL,,,,,,413.5,,,3,Asia/Kathmandu,FALSE,1524025259
Kāthi̇̄bhiḍā Goṭh,Kathibhida Goth,,29.7165,81.8373,Nepal,NP,NPL,Karṇālī,Karnali,NP-P6,,,46.0,,,4,Asia/Kathmandu,FALSE,1524034253
Phāparswā̃rā,Phaparswara,,27.3513,86.7216,Nepal,NP,NPL,,,,,,264.0,,,3,Asia/Kathmandu,FALSE,1524535198
Phāparswā̃rā,Phaparswara,Phāparswānrā,27.7293,86.1533,Nepal,NP,NPL,,,,,,141.2,,,4,Asia/Kathmandu,TRUE,1524287158
Tallo Sisneri̇̄,Tallo Sisneri,,28.6130,81.4755,Nepal,NP,NPL,,,,,,27.9,,,4,Asia/Kathmandu,FALSE,1524027508
Khārkholāgāū,Kharkholagau,,26.8221,87.1758,Nepal,NP,NPL,,,,,,1651.2,,,3,Asia/Kathmandu,FALSE,1524005740
Khārkholāgāũ,Kharkholagau,,27.1252,86.6414,Nepal,NP,NPL,,,,,,500.2,,,3,Asia/Kathmandu,TRUE,1524012896
Khārkholāgāũ,Kharkholagau,,26.7356,88.0990,Nepal,NP,NPL,,,,,,449.5,,,3,Asia/Kathmandu,TRUE,1524000938
Khārkholāgāũ,Kharkholagau,,26.7729,88.1412,Nepal,NP,NPL,,,,,,252.4,,,3,Asia/Kathmandu,TRUE,1524000674
Khārkholāgāũ,Kharkholagau,Khārkholāgāun,27.2351,86.2537,Nepal,NP,NPL,,,,,,142.0,,,4,Asia/Kathmandu,TRUE,1524246541
Khārkholāgāũ,Kharkholagau,,26.7923,88.0792,Nepal,NP,NPL,,,,,,138.0,,,4,Asia/Kathmandu,TRUE,1524001040
Khārkholāgāũ,Kharkholagau,,28.3394,82.2739,Nepal,NP,NPL,,,,,,127.5,,,4,Asia/Kathmandu,TRUE,1524030274
Khārkholāgāũ,Kharkholagau,,27.0223,87.5756,Nepal,NP,NPL,,,,,,124.0,,,4,Asia/Kathmandu,TRUE,1524019232
Khārkholāgāũ,Kharkholagau,,28.5909,81.6861,Nepal,NP,NPL,,,,,,92.5,,,4,Asia/Kathmandu,TRUE,1524029207
Kharkholāgāũ,Kharkholagau,,28.7049,82.4860,Nepal,NP,NPL,,,,,,88.3,,,4,Asia/Kathmandu,TRUE,1524026723
Khārkholāgāũ,Kharkholagau,Khārkholāgāun,27.2579,85.8091,Nepal,NP,NPL,,,,,,32.7,,,4,Asia/Kathmandu,TRUE,1524776351
Khārkholāgāũ,Kharkholagau,,28.6795,82.7024,Nepal,NP,NPL,,,,,,24.1,,,4,Asia/Kathmandu,TRUE,1524023659
Bi̇̄rkhambā,Birkhamba,,29.1796,81.3059,Nepal,NP,NPL,Sudūrpashchim,Sudurpashchim,NP-P7,,,338.3,,,3,Asia/Kathmandu,FALSE,1524035904
Bi̇̄rkhambā,Birkhamba,,29.2328,81.1366,Nepal,NP,NPL,Sudūrpashchim,Sudurpashchim,NP-P7,,,155.2,,,4,Asia/Kathmandu,TRUE,1524035903
Rāhuḍā̃ḍāgāũ,Rahudadagau,,27.7869,84.9742,Nepal,NP,NPL,,,,,,237.9,,,3,Asia/Kathmandu,FALSE,1524012383
Mauwā,Mauwa,,27.2968,87.7958,Nepal,NP,NPL,Province Number One,Province Number One,NP-P1,,,183.6,,,4,Asia/Kathmandu,FALSE,1524032008
Tumbāyak,Tumbayak,,27.2408,87.5263,Nepal,NP,NPL,,,,,,77.6,,,4,Asia/Kathmandu,FALSE,1524017193
Cā̃ngu,Cangu,Chāngu,27.8154,86.0923,Nepal,NP,NPL,,,,,,168.8,,,4,Asia/Kathmandu,FALSE,1524342575
Bayal Bhagnā,Bayal Bhagna,,29.1739,81.0947,Nepal,NP,NPL,Sudūrpashchim,Sudurpashchim,NP-P7,,,67.8,,,4,Asia/Kathmandu,FALSE,1524035677
Khajjar,Khajjar,,28.1966,82.1791,Nepal,NP,NPL,,,,,,166.7,,,4,Asia/Kathmandu,FALSE,1524027146
Agāḍi̇̄,Agadi,,26.5771,86.7907,Nepal,NP,NPL,,,,,,703.5,,,3,Asia/Kathmandu,FALSE,1524010262
Rāyaṭol,Rayatol,,26.5188,87.7512,Nepal,NP,NPL,,,,,,248.1,,,3,Asia/Kathmandu,FALSE,1524013183
Rāmche Ḍihi̇̄,Ramche Dihi,,27.8616,84.2020,Nepal,NP,NPL,,,,,,128.0,,,4,Asia/Kathmandu,FALSE,1524013843
Jawalpur,Jawalpur,,28.4662,80.9808,Nepal,NP,NPL,,,,,,801.3,,,3,Asia/Kathmandu,FALSE,1524021107
Chispā,Chispa,,26.9877,86.7084,Nepal,NP,NPL,,,,,,302.4,,,3,Asia/Kathmandu,FALSE,1524001860
Pāṁsāgāũ,Pamsagau,,29.0059,81.0167,Nepal,NP,NPL,Sudūrpashchim,Sudurpashchim,NP-P7,,,64.5,,,4,Asia/Kathmandu,FALSE,1524034478
Māḍi̇̄gaḍā,Madigada,,29.2416,81.3323,Nepal,NP,NPL,Sudūrpashchim,Sudurpashchim,NP-P7,,,143.8,,,4,Asia/Kathmandu,FALSE,1524036755
Kārki̇̄chok,Karkichok,,26.5871,87.6117,Nepal,NP,NPL,,,,,,449.9,,,3,Asia/Kathmandu,FALSE,1524011429
Māgāṅ,Magan,,28.0064,85.6609,Nepal,NP,NPL,,,,,,26.4,,,4,Asia/Kathmandu,FALSE,1524961045
Dāgbewā,Dagbewa,,27.4818,87.1225,Nepal,NP,NPL,,,,,,55.7,,,4,Asia/Kathmandu,FALSE,1524018230
Metalpāṭā,Metalpata,,28.8178,81.8551,Nepal,NP,NPL,,,,,,158.8,,,4,Asia/Kathmandu,FALSE,1524023578
Majurwā,Majurwa,,26.9834,85.5846,Nepal,NP,NPL,,,,,,669.5,,,3,Asia/Kathmandu,FALSE,1524000992
Lumti̇̄,Lumti,Lumtī,27.2167,86.2223,Nepal,NP,NPL,,,,,,83.2,,,4,Asia/Kathmandu,FALSE,1524828029
Chaṅkheni̇̄,Chankheni,,28.2813,82.1281,Nepal,NP,NPL,,,,,,96.4,,,4,Asia/Kathmandu,FALSE,1524029858
Ādmārā,Admara,,26.9491,86.8369,Nepal,NP,NPL,,,,,,165.2,,,4,Asia/Kathmandu,FALSE,1524012244
Ādmārā,Admara,,27.7901,84.7302,Nepal,NP,NPL,,,,,,133.2,,,4,Asia/Kathmandu,TRUE,1524015104
Ādmārā,Admara,,27.5234,85.0322,Nepal,NP,NPL,,,,,,114.3,,,4,Asia/Kathmandu,TRUE,1524008540
Admārā,Admara,,27.9474,83.7671,Nepal,NP,NPL,,,,,,110.6,,,4,Asia/Kathmandu,TRUE,1524009344
Lāmāgarā,Lamagara,,28.6665,81.2394,Nepal,NP,NPL,,,,,,148.6,,,4,Asia/Kathmandu,FALSE,1524022377
Luṅsiṅ,Lunsin,,27.9379,83.5859,Nepal,NP,NPL,,,,,,179.5,,,4,Asia/Kathmandu,FALSE,1524008968
Chãdāli̇̄,Chadali,,29.1705,81.3418,Nepal,NP,NPL,Sudūrpashchim,Sudurpashchim,NP-P7,,,259.1,,,3,Asia/Kathmandu,FALSE,1524034062
Kapurgañj,Kapurganj,,26.8612,85.9097,Nepal,NP,NPL,,,,,,574.2,,,3,Asia/Kathmandu,FALSE,1524005351
Chyūṭāhā,Chyutaha,,26.9492,85.1330,Nepal,NP,NPL,,,,,,735.4,,,3,Asia/Kathmandu,FALSE,1524001110
Luṅsuṅwāṅ,Lunsunwan,,27.3289,87.5770,Nepal,NP,NPL,Province Number One,Province Number One,NP-P1,,,156.6,,,4,Asia/Kathmandu,FALSE,1524034048
Pāchhābāṅ Goṭh,Pachhaban Goth,,28.5063,82.4789,Nepal,NP,NPL,,,,,,134.0,,,4,Asia/Kathmandu,FALSE,1524027396
Bankaṭṭa,Bankatta,,27.4958,84.2692,Nepal,NP,NPL,Bāgmatī,Bagmati,NP-P3,,,427.1,,,3,Asia/Kathmandu,FALSE,1524037083
Juḍaḍihawā,Judadihawa,,27.6241,83.3905,Nepal,NP,NPL,Lumbinī,Lumbini,NP-P5,,,950.5,,,3,Asia/Kathmandu,FALSE,1524037038
Bhimnagar,Bhimnagar,,27.6264,84.3115,Nepal,NP,NPL,,,,,,888.6,,,3,Asia/Kathmandu,FALSE,1524007241
Bhimnagar,Bhimnagar,,26.5010,88.0821,Nepal,NP,NPL,,,,,,730.1,,,3,Asia/Kathmandu,TRUE,1524000284
Juikā,Juika,,29.5266,81.8822,Nepal,NP,NPL,Karṇālī,Karnali,NP-P6,,,116.9,,,4,Asia/Kathmandu,FALSE,1524033920
Biure,Biure,,28.4557,82.2992,Nepal,NP,NPL,,,,,,222.3,,,3,Asia/Kathmandu,FALSE,1524031183
Okhategaḍā,Okhategada,,29.1338,81.4694,Nepal,NP,NPL,Sudūrpashchim,Sudurpashchim,NP-P7,,,186.1,,,4,Asia/Kathmandu,FALSE,1524037829
Okhale Kholā,Okhale Khola,,27.3020,85.8255,Nepal,NP,NPL,,,,,,55.6,,,4,Asia/Kathmandu,FALSE,1524928657
Phuṅlā,Phunla,,27.2788,87.0035,Nepal,NP,NPL,,,,,,37.1,,,4,Asia/Kathmandu,FALSE,1524016646
Hāre Īlchā,Hare Ilcha,,28.6772,82.0284,Nepal,NP,NPL,,,,,,126.6,,,4,Asia/Kathmandu,FALSE,1524029561
Dumkhim,Dumkhim,,27.2431,86.4377,Nepal,NP,NPL,,,,,,144.4,,,4,Asia/Kathmandu,FALSE,1524400596
Jair,Jair,,29.7200,81.9854,Nepal,NP,NPL,Karṇālī,Karnali,NP-P6,,,49.2,,,4,Asia/Kathmandu,FALSE,1524036027
Merpā,Merpa,,27.4284,85.7179,Nepal,NP,NPL,,,,,,67.6,,,4,Asia/Kathmandu,FALSE,1524819236
Baseri̇̄,Baseri,,29.2014,81.2684,Nepal,NP,NPL,Sudūrpashchim,Sudurpashchim,NP-P7,,,459.1,,,3,Asia/Kathmandu,FALSE,1524035179
Jagmohan,Jagmohan,,26.6265,86.7404,Nepal,NP,NPL,Madhesh,Madhesh,NP-P2,,,227.0,,,3,Asia/Kathmandu,FALSE,1524028984
Pokhari̇̄ Jyulā,Pokhari Jyula,,28.3076,82.2676,Nepal,NP,NPL,,,,,,171.2,,,4,Asia/Kathmandu,FALSE,1524030285
Higāḍā̃ḍāgāũ,Higadadagau,,28.4084,82.4813,Nepal,NP,NPL,,,,,,145.1,,,4,Asia/Kathmandu,FALSE,1524031072
Bālaṅ,Balan,,27.3253,87.6282,Nepal,NP,NPL,Province Number One,Province Number One,NP-P1,,,119.8,,,4,Asia/Kathmandu,FALSE,1524034151
Nāulā Goṭh,Naula Goth,,29.6196,81.3501,Nepal,NP,NPL,Sudūrpashchim,Sudurpashchim,NP-P7,,,38.7,,,4,Asia/Kathmandu,FALSE,1524035192
Biṭi̇̄gāũ,Bitigau,,29.2221,81.0495,Nepal,NP,NPL,Sudūrpashchim,Sudurpashchim,NP-P7,,,166.4,,,4,Asia/Kathmandu,FALSE,1524033832
Koṭilāgāũ,Kotilagau,,28.6180,81.8205,Nepal,NP,NPL,,,,,,63.6,,,4,Asia/Kathmandu,FALSE,1524026881
Thāpre,Thapre,,27.8161,84.1907,Nepal,NP,NPL,,,,,,153.4,,,4,Asia/Kathmandu,FALSE,1524013552
Ekrāte Bhañjyāṅ,Ekrate Bhanjyan,,26.8615,87.5870,Nepal,NP,NPL,,,,,,90.8,,,4,Asia/Kathmandu,FALSE,1524004410
Ṭilhi̇̄,Tilhi,,26.7418,86.0453,Nepal,NP,NPL,,,,,,986.8,,,3,Asia/Kathmandu,FALSE,1524006179
Gurjākhāni,Gurjakhani,Gurja|Gurjākhāna,28.6044,83.2213,Nepal,NP,NPL,Gaṇḍakī,Gandaki,NP-P4,,,4.6,,,5,Asia/Kathmandu,FALSE,1524632494
Ojhāgāũ,Ojhagau,,27.9874,84.4141,Nepal,NP,NPL,,,,,,231.9,,,3,Asia/Kathmandu,FALSE,1524013689
Dhanrās,Dhanras,Dhundrās,28.9310,81.0755,Nepal,NP,NPL,,,,,,21.3,,,4,Asia/Kathmandu,FALSE,1524034560
Chautārāḍihi̇̄,Chautaradihi,Chautārāḍihī,27.9117,85.2103,Nepal,NP,NPL,,,,,,154.8,,,4,Asia/Kathmandu,FALSE,1524512026
Lugāban,Lugaban,,29.0619,81.2595,Nepal,NP,NPL,Sudūrpashchim,Sudurpashchim,NP-P7,,,161.5,,,4,Asia/Kathmandu,FALSE,1524036690
Khume,Khume,,28.8274,81.1591,Nepal,NP,NPL,,,,,,65.7,,,4,Asia/Kathmandu,FALSE,1524025940
Āmkur,Amkur,,29.6584,80.4659,Nepal,NP,NPL,Sudūrpashchim,Sudurpashchim,NP-P7,,,253.0,,,3,Asia/Kathmandu,FALSE,1524032557
Atarauli̇̄,Atarauli,Atrauli̇̄,27.9985,84.2566,Nepal,NP,NPL,,,,,,732.2,,,3,Asia/Kathmandu,FALSE,1524007712
Garkhālḍā̃ḍā,Garkhaldada,,27.5643,84.8799,Nepal,NP,NPL,,,,,,153.5,,,4,Asia/Kathmandu,FALSE,1524030693
Sāno Bairhawā,Sano Bairhawa,,27.8164,82.2432,Nepal,NP,NPL,,,,,,539.8,,,3,Asia/Kathmandu,FALSE,1524001573
Gobari̇̄,Gobari,,27.5795,83.0714,Nepal,NP,NPL,Lumbinī,Lumbini,NP-P5,,,725.4,,,3,Asia/Kathmandu,FALSE,1524037802
Thechambu,Thechambu,,26.6406,87.8077,Nepal,NP,NPL,,,,,,545.2,,,3,Asia/Kathmandu,FALSE,1524003842
Turture,Turture,,28.5020,82.2156,Nepal,NP,NPL,Karṇālī,Karnali,NP-P6,,,193.5,,,4,Asia/Kathmandu,FALSE,1524009270
Turture,Turture,,29.3027,81.9935,Nepal,NP,NPL,Karṇālī,Karnali,NP-P6,,,64.7,,,4,Asia/Kathmandu,TRUE,1524999998
Nayā̃ Bakhari̇̄,Naya Bakhari,,26.9082,85.3606,Nepal,NP,NPL,,,,,,1624.0,,,3,Asia/Kathmandu,FALSE,1524949834
Lamauṭegaḍā,Lamautegada,,28.9005,80.8400,Nepal,NP,NPL,,,,,,37.6,,,4,Asia/Kathmandu,FALSE,1524020156
Rupākoṭ,Rupakot,,29.3685,81.9875,Nepal,NP,NPL,Karṇālī,Karnali,NP-P6,,,100.8,,,4,Asia/Kathmandu,FALSE,1524031637
Hukṭuṅ,Huktun,,27.9724,83.6055,Nepal,NP,NPL,,,,,,263.2,,,3,Asia/Kathmandu,FALSE,1524008489
Hellok,Hellok,,27.5235,87.8081,Nepal,NP,NPL,Province Number One,Province Number One,NP-P1,,,5.8,,,5,Asia/Kathmandu,FALSE,1524031952
Hāṅphālā,Hanphala,,27.1862,87.1513,Nepal,NP,NPL,,,,,,140.1,,,4,Asia/Kathmandu,FALSE,1524019095
Arkhalā Bhañjyāṅ,Arkhala Bhanjyan,,27.9767,84.0584,Nepal,NP,NPL,,,,,,308.8,,,3,Asia/Kathmandu,FALSE,1524008105
Kache,Kache,,27.9293,85.4730,Nepal,NP,NPL,,,,,,135.5,,,4,Asia/Kathmandu,FALSE,1524637991
Tanāme,Taname,,27.2799,87.4302,Nepal,NP,NPL,Province Number One,Province Number One,NP-P1,,,87.9,,,4,Asia/Kathmandu,FALSE,1524000085
Sānā Majhuwāgaḍhi̇̄,Sana Majhuwagadhi,,27.4099,87.1088,Nepal,NP,NPL,,,,,,57.7,,,4,Asia/Kathmandu,FALSE,1524018134
Sāḍi̇̄ḍā̃ḍā,Sadidada,,28.3485,82.8107,Nepal,NP,NPL,,,,,,174.8,,,4,Asia/Kathmandu,FALSE,1524022071
Nālsu,Nalsu,,27.2520,86.6015,Nepal,NP,NPL,,,,,,131.5,,,4,Asia/Kathmandu,FALSE,1524446207
Parsā,Parsa,,27.4654,84.2944,Nepal,NP,NPL,Bāgmatī,Bagmati,NP-P3,,,423.4,,,3,Asia/Kathmandu,FALSE,1524037301
Ṭhulgāḍā,Thulgada,,29.9474,80.6051,Nepal,NP,NPL,Sudūrpashchim,Sudurpashchim,NP-P7,,,221.4,,,3,Asia/Kathmandu,FALSE,1524036134
Dahachaur,Dahachaur,,28.2732,82.7500,Nepal,NP,NPL,,,,,,175.6,,,4,Asia/Kathmandu,FALSE,1524022631
Dahachaur,Dahachaur,,28.4533,81.8594,Nepal,NP,NPL,,,,,,81.7,,,4,Asia/Kathmandu,TRUE,1524023018
Dogāḍe,Dogade,,29.0811,81.4424,Nepal,NP,NPL,Sudūrpashchim,Sudurpashchim,NP-P7,,,387.0,,,3,Asia/Kathmandu,FALSE,1524036210
Dogāḍe,Dogade,,29.0435,81.2874,Nepal,NP,NPL,Sudūrpashchim,Sudurpashchim,NP-P7,,,183.7,,,4,Asia/Kathmandu,TRUE,1524036209
Khaḍkā Ṭol,Khadka Tol,,28.9244,81.6904,Nepal,NP,NPL,,,,,,289.2,,,3,Asia/Kathmandu,FALSE,1524022870
Rātā Āl,Rata Al,,28.1638,82.2239,Nepal,NP,NPL,,,,,,215.2,,,3,Asia/Kathmandu,FALSE,1524028778
Baṭulā,Batula,,26.9443,86.9371,Nepal,NP,NPL,,,,,,66.2,,,4,Asia/Kathmandu,FALSE,1524009025
Ratbālā,Ratbala,,26.6419,86.8254,Nepal,NP,NPL,,,,,,211.0,,,3,Asia/Kathmandu,FALSE,1524012293
Chailāhi̇̄,Chailahi,,27.8604,82.5319,Nepal,NP,NPL,,,,,,530.2,,,3,Asia/Kathmandu,FALSE,1524010895
Kanari̇̄ Pokhari̇̄,Kanari Pokhari,,27.5724,83.4061,Nepal,NP,NPL,Lumbinī,Lumbini,NP-P5,,,401.1,,,3,Asia/Kathmandu,FALSE,1524038039
Kholi̇̄bargāũ,Kholibargau,,28.6774,82.4720,Nepal,NP,NPL,,,,,,88.3,,,4,Asia/Kathmandu,FALSE,1524026609
Luriṅṭār,Lurintar,,27.0036,87.9520,Nepal,NP,NPL,,,,,,252.9,,,3,Asia/Kathmandu,FALSE,1524020044
Mugiṭār,Mugitar,,27.3842,86.0325,Nepal,NP,NPL,,,,,,158.0,,,4,Asia/Kathmandu,FALSE,1524024911
Dāmechaur,Damechaur,,26.9335,86.5691,Nepal,NP,NPL,,,,,,33.9,,,4,Asia/Kathmandu,FALSE,1524003257
Haṅgrāya,Hangraya,,26.8069,87.8338,Nepal,NP,NPL,,,,,,131.8,,,4,Asia/Kathmandu,FALSE,1524006229
Maṅgrā,Mangra,,28.4689,82.6907,Nepal,NP,NPL,,,,,,96.3,,,4,Asia/Kathmandu,FALSE,1524030298
Maṅgrā,Mangra,,28.5068,81.9843,Nepal,NP,NPL,,,,,,40.2,,,4,Asia/Kathmandu,TRUE,1524029121
Trikaul Khataweṭol,Trikaul Khatawetol,,26.5823,86.8781,Nepal,NP,NPL,,,,,,740.0,,,3,Asia/Kathmandu,FALSE,1524013139
Salli̇̄,Salli,,29.2790,81.8150,Nepal,NP,NPL,Karṇālī,Karnali,NP-P6,,,13.3,,,4,Asia/Kathmandu,FALSE,1524031635
Tallo Ĩdi̇̄,Tallo Idi,,28.3198,83.8641,Nepal,NP,NPL,Gaṇḍakī,Gandaki,NP-P4,,,116.4,,,4,Asia/Kathmandu,FALSE,1524011023
Mandirṭol,Mandirtol,,26.5695,87.4366,Nepal,NP,NPL,,,,,,952.2,,,3,Asia/Kathmandu,FALSE,1524006865
Sāno Nakalle,Sano Nakalle,,28.4188,81.8347,Nepal,NP,NPL,,,,,,204.0,,,3,Asia/Kathmandu,FALSE,1524023013
Kāprechaur,Kaprechaur,,28.3895,82.2914,Nepal,NP,NPL,,,,,,142.7,,,4,Asia/Kathmandu,FALSE,1524030780
Kāprechaur,Kaprechaur,,28.3373,81.8392,Nepal,NP,NPL,,,,,,51.2,,,4,Asia/Kathmandu,TRUE,1524028490
Bhirkaṭṭi̇̄,Bhirkatti,,27.7266,84.9131,Nepal,NP,NPL,,,,,,209.6,,,3,Asia/Kathmandu,FALSE,1524015998
Chaulāyā,Chaulaya,,28.8101,81.9162,Nepal,NP,NPL,,,,,,188.3,,,4,Asia/Kathmandu,FALSE,1524024678
Mādāḍā̃ḍāgāũ,Madadadagau,,27.9704,83.4552,Nepal,NP,NPL,,,,,,168.2,,,4,Asia/Kathmandu,FALSE,1524012660
Kātarche,Katarche,,27.8352,85.6886,Nepal,NP,NPL,,,,,,162.9,,,4,Asia/Kathmandu,FALSE,1524881803
Lek Surmā,Lek Surma,,28.4683,81.9199,Nepal,NP,NPL,,,,,,72.8,,,4,Asia/Kathmandu,FALSE,1524021954
Bhārtekhur,Bhartekhur,,27.5025,85.4063,Nepal,NP,NPL,,,,,,231.4,,,3,Asia/Kathmandu,FALSE,1524803340
Kāsṭe,Kaste,,28.0217,84.8852,Nepal,NP,NPL,,,,,,272.5,,,3,Asia/Kathmandu,FALSE,1524091195
Gophe,Gophe,,27.3824,85.7454,Nepal,NP,NPL,,,,,,125.6,,,4,Asia/Kathmandu,FALSE,1524474444
Masanḍol,Masandol,,27.6678,85.4522,Nepal,NP,NPL,,,,,,1071.5,,,3,Asia/Kathmandu,FALSE,1524693487
Chilāṅ,Chilan,,27.6014,84.1178,Nepal,NP,NPL,Gaṇḍakī,Gandaki,NP-P4,,,770.0,,,3,Asia/Kathmandu,FALSE,1524013505
Nāsim,Nasim,,28.0140,85.7229,Nepal,NP,NPL,,,,,,26.4,,,4,Asia/Kathmandu,FALSE,1524556272
Jyāṅdiṅ,Jyandin,,27.4952,86.5558,Nepal,NP,NPL,,,,,,6.6,,,5,Asia/Kathmandu,FALSE,1524639421
Ripdi̇̄,Ripdi,,27.9459,83.4721,Nepal,NP,NPL,,,,,,244.7,,,3,Asia/Kathmandu,FALSE,1524012485
Kārki̇̄besi̇̄,Karkibesi,,27.2048,86.5320,Nepal,NP,NPL,,,,,,158.3,,,4,Asia/Kathmandu,FALSE,1524010876
Bākhre,Bakhre,,29.3284,81.9343,Nepal,NP,NPL,Karṇālī,Karnali,NP-P6,,,100.6,,,4,Asia/Kathmandu,FALSE,1524031625
Ḍhākmāluṅ,Dhakmalun,,26.8842,87.1465,Nepal,NP,NPL,,,,,,93.9,,,4,Asia/Kathmandu,FALSE,1524003666
Somādi̇̄,Somadi,,27.9058,83.3887,Nepal,NP,NPL,,,,,,152.2,,,4,Asia/Kathmandu,FALSE,1524013374
Kṣumti̇̄,Ksumti,Kṣumtī,27.9801,85.6561,Nepal,NP,NPL,,,,,,26.4,,,4,Asia/Kathmandu,FALSE,1524482661
Riṅbuṭol,Rinbutol,,26.9012,87.2335,Nepal,NP,NPL,,,,,,99.6,,,4,Asia/Kathmandu,FALSE,1524003817
Ḍā̃ḍā Bhaũtā,Dada Bhauta,,28.8490,82.1061,Nepal,NP,NPL,Province Number One,Province Number One,NP-P1,,,106.1,,,4,Asia/Kathmandu,FALSE,1524018245
Mulbāṭā,Mulbata,,28.4318,81.8847,Nepal,NP,NPL,,,,,,76.0,,,4,Asia/Kathmandu,FALSE,1524021955
Chhataunāṭol,Chhataunatol,,26.8470,85.3122,Nepal,NP,NPL,,,,,,1331.8,,,3,Asia/Kathmandu,FALSE,1524436762
Miyā̃ṭol,Miyatol,,26.6351,86.6622,Nepal,NP,NPL,Madhesh,Madhesh,NP-P2,,,339.1,,,3,Asia/Kathmandu,FALSE,1524018951
Phāpar Rāsi̇̄,Phapar Rasi,,29.7065,81.8521,Nepal,NP,NPL,Karṇālī,Karnali,NP-P6,,,60.9,,,4,Asia/Kathmandu,FALSE,1524035508
Kālipā,Kalipa,,27.2255,87.6593,Nepal,NP,NPL,,,,,,151.9,,,4,Asia/Kathmandu,FALSE,1524018853
Sāsāpurḍābari̇̄ Bajār,Sasapurdabari Bajar,Sāsāpurḍābarī Bajār,27.0942,85.6114,Nepal,NP,NPL,,,,,,459.9,,,3,Asia/Kathmandu,FALSE,1524795996
Kiṅriṅṭol,Kinrintol,,27.0732,85.4644,Nepal,NP,NPL,,,,,,490.4,,,3,Asia/Kathmandu,FALSE,1524776984
Buddhanagar Damādigahi̇̄,Buddhanagar Damadigahi,,26.3738,87.2834,Nepal,NP,NPL,,,,,,1266.4,,,3,Asia/Kathmandu,FALSE,1524004591
Ḍimureni̇̄,Dimureni,,28.7574,82.2125,Nepal,NP,NPL,Province Number One,Province Number One,NP-P1,,,167.4,,,4,Asia/Kathmandu,FALSE,1524004682
Barmi̇̄,Barmi,Barmī,27.1266,86.4374,Nepal,NP,NPL,,,,,,110.0,,,4,Asia/Kathmandu,FALSE,1524357538
Maghāṅ,Maghan,,27.5628,87.1582,Nepal,NP,NPL,Province Number One,Province Number One,NP-P1,,,16.1,,,4,Asia/Kathmandu,FALSE,1524033079
Ghimāne,Ghimane,,28.6374,82.4744,Nepal,NP,NPL,,,,,,295.9,,,3,Asia/Kathmandu,FALSE,1524026352
Ghimāne,Ghimane,,28.6459,81.8737,Nepal,NP,NPL,,,,,,71.6,,,4,Asia/Kathmandu,TRUE,1524027270
Rẽtuphā̃ṭ,Retuphat,,28.5405,84.3245,Nepal,NP,NPL,Gaṇḍakī,Gandaki,NP-P4,,,3.8,,,5,Asia/Kathmandu,FALSE,1524032564
Chilimchaur,Chilimchaur,,28.8222,80.9853,Nepal,NP,NPL,,,,,,50.2,,,4,Asia/Kathmandu,FALSE,1524020884
Bāunthok,Baunthok,,27.8973,84.6177,Nepal,NP,NPL,,,,,,142.7,,,4,Asia/Kathmandu,FALSE,1524014896
Chheubās,Chheubas,,27.6521,86.7147,Nepal,NP,NPL,Province Number One,Province Number One,NP-P1,,,7.8,,,5,Asia/Kathmandu,FALSE,1524032255
Tāmegarbhā,Tamegarbha,,28.8783,80.7976,Nepal,NP,NPL,,,,,,37.6,,,4,Asia/Kathmandu,FALSE,1524019785
Chartāgāchhi̇̄,Chartagachhi,,26.4904,87.8669,Nepal,NP,NPL,,,,,,543.0,,,3,Asia/Kathmandu,FALSE,1524001244
Nākhāaul,Nakhaaul,,28.6481,82.7103,Nepal,NP,NPL,,,,,,48.5,,,4,Asia/Kathmandu,FALSE,1524023539
Rāmpur Khāli̇̄kholāgāũ,Rampur Khalikholagau,,28.4961,82.2816,Nepal,NP,NPL,,,,,,212.9,,,3,Asia/Kathmandu,FALSE,1524030655
Parewāṭār,Parewatar,,27.8047,84.8421,Nepal,NP,NPL,,,,,,228.1,,,3,Asia/Kathmandu,FALSE,1524004902
Mansari̇̄,Mansari,,26.8210,85.2115,Nepal,NP,NPL,,,,,,1263.5,,,3,Asia/Kathmandu,FALSE,1524007189
Maṅsāri̇̄,Mansari,,27.1615,87.6942,Nepal,NP,NPL,,,,,,111.0,,,4,Asia/Kathmandu,TRUE,1524018998
Chhiruwā,Chhiruwa,,27.1440,87.7368,Nepal,NP,NPL,,,,,,449.1,,,3,Asia/Kathmandu,FALSE,1524018875
Chhiruwā,Chhiruwa,,27.1371,87.9211,Nepal,NP,NPL,,,,,,75.1,,,4,Asia/Kathmandu,TRUE,1524018981
Koirālāthumkā,Koiralathumka,,27.6469,85.5608,Nepal,NP,NPL,,,,,,76.3,,,4,Asia/Kathmandu,FALSE,1524166290
Niyāpāni̇̄,Niyapani,,29.2351,82.1393,Nepal,NP,NPL,Karṇālī,Karnali,NP-P6,,,13.5,,,4,Asia/Kathmandu,FALSE,1524032642
Nasuwā,Nasuwa,,27.0557,87.7126,Nepal,NP,NPL,,,,,,206.4,,,3,Asia/Kathmandu,FALSE,1524020184
Nasuwā,Nasuwa,,26.9837,87.3971,Nepal,NP,NPL,,,,,,136.4,,,4,Asia/Kathmandu,TRUE,1524005011
Purāno Rāmghāṭ,Purano Ramghat,,28.5006,81.7334,Nepal,NP,NPL,,,,,,57.9,,,4,Asia/Kathmandu,FALSE,1524029700
Riṅmu,Rinmu,,27.5873,86.6040,Nepal,NP,NPL,Province Number One,Province Number One,NP-P1,,,6.8,,,5,Asia/Kathmandu,FALSE,1524032316
Dasanṭā,Dasanta,,29.2881,82.1066,Nepal,NP,NPL,Karṇālī,Karnali,NP-P6,,,189.0,,,4,Asia/Kathmandu,FALSE,1524033366
Saptuṅ,Saptun,,30.0300,81.7585,Nepal,NP,NPL,Karṇālī,Karnali,NP-P6,,,9.1,,,5,Asia/Kathmandu,FALSE,1524009425
Māple,Maple,,27.9175,85.4630,Nepal,NP,NPL,,,,,,124.6,,,4,Asia/Kathmandu,FALSE,1524523257
Nimswā̃rā,Nimswara,,27.9296,84.8163,Nepal,NP,NPL,,,,,,217.4,,,3,Asia/Kathmandu,FALSE,1524012839
Belpāṭo,Belpato,,29.2108,81.2675,Nepal,NP,NPL,Sudūrpashchim,Sudurpashchim,NP-P7,,,392.9,,,3,Asia/Kathmandu,FALSE,1524035997
Luiṭā,Luita,,29.6966,80.4141,Nepal,NP,NPL,Sudūrpashchim,Sudurpashchim,NP-P7,,,168.7,,,4,Asia/Kathmandu,FALSE,1524020377
Luiṭā,Luita,,29.6901,80.5847,Nepal,NP,NPL,Sudūrpashchim,Sudurpashchim,NP-P7,,,143.2,,,4,Asia/Kathmandu,TRUE,1524031478
Tallo Mahādevkharka,Tallo Mahadevkharka,,27.8125,85.0648,Nepal,NP,NPL,Province Number One,Province Number One,NP-P1,,,227.7,,,3,Asia/Kathmandu,FALSE,1524016240
Poku,Poku,,27.4191,86.2265,Nepal,NP,NPL,,,,,,166.0,,,4,Asia/Kathmandu,FALSE,1524975968
Tinṭoliyā,Tintoliya,,26.4463,87.2811,Nepal,NP,NPL,,,,,,3891.8,,,2,Asia/Kathmandu,FALSE,1524003590
Lenḍā̃ḍā,Lendada,Lenḍānḍā,27.4191,85.2032,Nepal,NP,NPL,,,,,,155.9,,,4,Asia/Kathmandu,FALSE,1524786680
Bhānuchok,Bhanuchok,,27.6297,84.5052,Nepal,NP,NPL,,,,,,1595.0,,,3,Asia/Kathmandu,FALSE,1524009335
Rākṣeswar,Rakseswar,,27.8757,85.2795,Nepal,NP,NPL,,,,,,553.4,,,3,Asia/Kathmandu,FALSE,1524797394
Ṭariyā,Tariya,,26.6729,86.1734,Nepal,NP,NPL,,,,,,523.7,,,3,Asia/Kathmandu,FALSE,1524007153
Dhadhawār,Dhadhawar,,28.3062,81.4172,Nepal,NP,NPL,,,,,,284.2,,,3,Asia/Kathmandu,FALSE,1524023623
Poknām,Poknam,,27.4957,86.6792,Nepal,NP,NPL,,,,,,17.0,,,4,Asia/Kathmandu,FALSE,1524497170
Aurahi̇̄,Aurahi,,26.6337,86.2980,Nepal,NP,NPL,,,,,,1629.5,,,3,Asia/Kathmandu,FALSE,1524005834
Aurahi̇̄,Aurahi,,26.8906,85.5332,Nepal,NP,NPL,,,,,,1253.1,,,3,Asia/Kathmandu,TRUE,1524001254
Aurahi̇̄,Aurahi,,26.8902,85.8232,Nepal,NP,NPL,,,,,,986.3,,,3,Asia/Kathmandu,TRUE,1524004759
Aurahi̇̄,Aurahi,,26.6938,86.0255,Nepal,NP,NPL,,,,,,904.9,,,3,Asia/Kathmandu,TRUE,1524006093
Aurahi̇̄,Aurahi,,26.4995,86.6343,Nepal,NP,NPL,,,,,,649.0,,,3,Asia/Kathmandu,TRUE,1524003955
Neharā,Nehara,,27.5761,84.0763,Nepal,NP,NPL,,,,,,511.4,,,3,Asia/Kathmandu,FALSE,1524013126
Koḍh,Kodh,,26.4153,87.1524,Nepal,NP,NPL,,,,,,3511.3,,,2,Asia/Kathmandu,FALSE,1524007416
Jigaḍwā Belbichhawā,Jigadwa Belbichhawa,,26.8700,85.2750,Nepal,NP,NPL,,,,,,1413.7,,,3,Asia/Kathmandu,FALSE,1524017246
Kaṭaharā,Katahara,,26.5542,87.3668,Nepal,NP,NPL,,,,,,370.5,,,3,Asia/Kathmandu,FALSE,1524006768
Tāuluṅ,Taulun,,27.7810,85.3711,Nepal,NP,NPL,,,,,,6917.1,,,2,Asia/Kathmandu,FALSE,1524172331
Chaitekharā,Chaitekhara,,28.7173,82.2404,Nepal,NP,NPL,,,,,,167.4,,,4,Asia/Kathmandu,FALSE,1524029233
Hukse,Hukse,,27.2194,85.9236,Nepal,NP,NPL,,,,,,52.2,,,4,Asia/Kathmandu,FALSE,1524965860
Kharāni̇̄phā̃ṭ,Kharaniphat,Kharānīphānṭ,27.9206,85.3154,Nepal,NP,NPL,,,,,,1122.9,,,3,Asia/Kathmandu,FALSE,1524487171
Suntalābāri̇̄,Suntalabari,,26.9343,87.2039,Nepal,NP,NPL,,,,,,197.5,,,4,Asia/Kathmandu,FALSE,1524003972
Chyākhu,Chyakhu,,27.5915,85.0211,Nepal,NP,NPL,,,,,,101.7,,,4,Asia/Kathmandu,FALSE,1524009051
Hātthāpari̇̄basti̇̄,Hatthaparibasti,,26.4274,88.0146,Nepal,NP,NPL,,,,,,523.4,,,3,Asia/Kathmandu,FALSE,1524008402
Bhuḍā Chaurāhā,Bhuda Chauraha,,28.7263,80.2703,Nepal,NP,NPL,,,,,,1746.2,,,3,Asia/Kathmandu,FALSE,1524019967
Pugruṅ,Pugrun,,28.2832,84.2824,Nepal,NP,NPL,Gaṇḍakī,Gandaki,NP-P4,,,59.0,,,4,Asia/Kathmandu,FALSE,1524034839
Bānāṭol,Banatol,,26.4814,87.4804,Nepal,NP,NPL,,,,,,432.2,,,3,Asia/Kathmandu,FALSE,1524002823
Madānekhuṭi̇̄,Madanekhuti,,28.2437,81.9921,Nepal,NP,NPL,,,,,,41.3,,,4,Asia/Kathmandu,FALSE,1524029691
Baḍhari̇̄yā,Badhariya,,28.5560,81.0312,Nepal,NP,NPL,,,,,,1104.6,,,3,Asia/Kathmandu,FALSE,1524023926
Tori̇̄kharka,Torikharka,,27.7829,84.9822,Nepal,NP,NPL,,,,,,237.9,,,3,Asia/Kathmandu,FALSE,1524012384
Ṭhūlo Hā̃ḍi̇̄gāũ,Thulo Hadigau,Ṭhūlo Hānḍīgāun,27.2320,85.2824,Nepal,NP,NPL,,,,,,118.6,,,4,Asia/Kathmandu,FALSE,1524538892
Wātuṅ,Watun,,27.2096,86.9009,Nepal,NP,NPL,,,,,,98.4,,,4,Asia/Kathmandu,FALSE,1524015738
Mathurāpāṭi̇̄ Phūlbāri̇̄,Mathurapati Phulbari,Mathurāpāṭī Phūlbārī,27.5831,85.6064,Nepal,NP,NPL,,,,,,118.5,,,4,Asia/Kathmandu,FALSE,1524338787
Gumbā,Gumba,,28.3887,84.9013,Nepal,NP,NPL,Gaṇḍakī,Gandaki,NP-P4,,,13.4,,,4,Asia/Kathmandu,FALSE,1524025283
Gumbā,Gumba,,29.8151,81.7441,Nepal,NP,NPL,Sudūrpashchim,Sudurpashchim,NP-P7,,,5.0,,,5,Asia/Kathmandu,FALSE,1524025353
Gumbā,Gumba,,29.9904,81.8401,Nepal,NP,NPL,Karṇālī,Karnali,NP-P6,,,145.9,,,4,Asia/Kathmandu,FALSE,1524036595
Gumbā,Gumba,,29.0015,82.8605,Nepal,NP,NPL,Karṇālī,Karnali,NP-P6,,,32.3,,,4,Asia/Kathmandu,TRUE,1524025281
Gumbā,Gumba,,30.0351,81.7348,Nepal,NP,NPL,Karṇālī,Karnali,NP-P6,,,4.8,,,5,Asia/Kathmandu,TRUE,1524025278
Gumbā,Gumba,,29.1510,82.8619,Nepal,NP,NPL,Karṇālī,Karnali,NP-P6,,,0.9,,,5,Asia/Kathmandu,TRUE,1524025280
Bhutyāhā,Bhutyaha,,27.8228,84.9575,Nepal,NP,NPL,,,,,,221.9,,,3,Asia/Kathmandu,FALSE,1524012577
Jhuṭki̇̄,Jhutki,,26.7692,86.4519,Nepal,NP,NPL,,,,,,756.2,,,3,Asia/Kathmandu,FALSE,1524003738
Ānge,Ange,,27.8694,85.6118,Nepal,NP,NPL,,,,,,232.4,,,3,Asia/Kathmandu,FALSE,1524356606
Gairi̇̄gaḍau,Gairigadau,,28.8682,80.6267,Nepal,NP,NPL,,,,,,159.3,,,4,Asia/Kathmandu,FALSE,1524015758
Thākleḍā̃ḍā,Thakledada,Thākleḍānḍā,27.0822,86.2256,Nepal,NP,NPL,,,,,,124.4,,,4,Asia/Kathmandu,FALSE,1524100395
Sā̃khar,Sakhar,,27.9804,84.2651,Nepal,NP,NPL,,,,,,732.2,,,3,Asia/Kathmandu,FALSE,1524007540
Sā̃khar,Sakhar,,27.8773,83.9182,Nepal,NP,NPL,,,,,,151.3,,,4,Asia/Kathmandu,TRUE,1524014998
Sākhar,Sakhar,,27.9015,83.7430,Nepal,NP,NPL,,,,,,129.7,,,4,Asia/Kathmandu,TRUE,1524015178
Sākhar,Sakhar,,27.8675,84.3780,Nepal,NP,NPL,,,,,,98.3,,,4,Asia/Kathmandu,TRUE,1524011482
Ṭuni̇̄kholāgāũ,Tunikholagau,,28.4553,81.7080,Nepal,NP,NPL,,,,,,131.2,,,4,Asia/Kathmandu,FALSE,1524028566
Jagaḍol,Jagadol,,27.7436,85.3786,Nepal,NP,NPL,,,,,,29622.1,,,2,Asia/Kathmandu,FALSE,1524191754
Jhuggi̇̄ṭol,Jhuggitol,,26.4610,87.5193,Nepal,NP,NPL,,,,,,632.9,,,3,Asia/Kathmandu,FALSE,1524001952
Paṅgāli̇̄,Pangali,,28.6585,81.6900,Nepal,NP,NPL,,,,,,41.3,,,4,Asia/Kathmandu,FALSE,1524028521
Dhājanchok,Dhajanchok,,26.6842,88.0482,Nepal,NP,NPL,,,,,,850.6,,,3,Asia/Kathmandu,FALSE,1524000642
Gāḍ,Gad,,28.7380,81.9670,Nepal,NP,NPL,,,,,,194.6,,,4,Asia/Kathmandu,FALSE,1524026670
Gāḍ,Gad,,28.9860,81.2907,Nepal,NP,NPL,,,,,,114.7,,,4,Asia/Kathmandu,TRUE,1524023780
Khallāl Bāḍā,Khallal Bada,,29.2707,82.2277,Nepal,NP,NPL,Karṇālī,Karnali,NP-P6,,,127.3,,,4,Asia/Kathmandu,FALSE,1524035576
Agri̇̃gāũ,Agrigau,,27.0755,87.8282,Nepal,NP,NPL,,,,,,192.8,,,4,Asia/Kathmandu,FALSE,1524019804
Āgri̇̄gāũ,Agrigau,,27.4294,87.1226,Nepal,NP,NPL,,,,,,89.4,,,4,Asia/Kathmandu,TRUE,1524018219
Āgrigāũ,Agrigau,,28.5837,81.9612,Nepal,NP,NPL,,,,,,69.6,,,4,Asia/Kathmandu,TRUE,1524027100
Chharak,Chharak,,27.9560,83.6152,Nepal,NP,NPL,,,,,,223.1,,,3,Asia/Kathmandu,FALSE,1524008986
Pāṅchāli̇̄,Panchali,,26.8029,86.9498,Nepal,NP,NPL,,,,,,298.9,,,3,Asia/Kathmandu,FALSE,1524002263
Dahālthumkā,Dahalthumka,,27.5750,85.6561,Nepal,NP,NPL,,,,,,87.8,,,4,Asia/Kathmandu,FALSE,1524961780
Byā̃chuk,Byachuk,Byānchuk,27.3157,86.3534,Nepal,NP,NPL,,,,,,177.3,,,4,Asia/Kathmandu,FALSE,1524398593
Sunbarṣā,Sunbarsa,,28.1747,81.3361,Nepal,NP,NPL,,,,,,647.4,,,3,Asia/Kathmandu,FALSE,1524021420
Sunbarṣā,Sunbarsa,,26.8742,86.0739,Nepal,NP,NPL,,,,,,511.1,,,3,Asia/Kathmandu,TRUE,1524005275
Puruṅduṅ,Purundun,,28.3715,83.8890,Nepal,NP,NPL,Gaṇḍakī,Gandaki,NP-P4,,,29.6,,,4,Asia/Kathmandu,FALSE,1524020215
Khimti̇̄ Ḍā̃ḍāgāũ,Khimti Dadagau,Khimtī Ḍānḍāgāun,27.4878,86.1206,Nepal,NP,NPL,,,,,,312.9,,,3,Asia/Kathmandu,FALSE,1524461551
Sādhanbās,Sadhanbas,,28.3797,82.0449,Nepal,NP,NPL,,,,,,77.7,,,4,Asia/Kathmandu,FALSE,1524029484
Sukhājor,Sukhajor,,26.8767,85.9527,Nepal,NP,NPL,,,,,,159.4,,,4,Asia/Kathmandu,FALSE,1524003612
Soṅḍogāũ,Sondogau,,28.3572,82.8503,Nepal,NP,NPL,,,,,,40.8,,,4,Asia/Kathmandu,FALSE,1524023210
Pacharaṅ,Pacharan,,27.1091,86.1273,Nepal,NP,NPL,,,,,,103.8,,,4,Asia/Kathmandu,FALSE,1524706503
Topke Gola,Topke Gola,,27.6426,87.5793,Nepal,NP,NPL,Province Number One,Province Number One,NP-P1,,,4.3,,,5,Asia/Kathmandu,FALSE,1524224093
Kajarā,Kajara,,26.8061,86.0312,Nepal,NP,NPL,,,,,,1448.6,,,3,Asia/Kathmandu,FALSE,1524004880
Kajarā,Kajara,,26.6220,86.3798,Nepal,NP,NPL,,,,,,1165.0,,,3,Asia/Kathmandu,TRUE,1524003039
Bulā,Bula,,27.1763,86.6401,Nepal,NP,NPL,,,,,,76.5,,,4,Asia/Kathmandu,FALSE,1524012723
Shāntiban,Shantiban,,27.6289,83.4833,Nepal,NP,NPL,Lumbinī,Lumbini,NP-P5,,,1024.9,,,3,Asia/Kathmandu,FALSE,1524037965
Pipal,Pipal,,28.6855,82.4502,Nepal,NP,NPL,,,,,,187.0,,,4,Asia/Kathmandu,FALSE,1524026620
Jhā̃jarkholāgāũ,Jhajarkholagau,,28.4976,82.4524,Nepal,NP,NPL,,,,,,67.9,,,4,Asia/Kathmandu,FALSE,1524031228
Taraṅgā,Taranga,,28.6693,81.4441,Nepal,NP,NPL,,,,,,24.5,,,4,Asia/Kathmandu,FALSE,1524022889
Thāpchuwā,Thapchuwa,,26.9030,87.2303,Nepal,NP,NPL,,,,,,99.6,,,4,Asia/Kathmandu,FALSE,1524003816
Bāri̇̄kunā,Barikuna,,27.9252,83.8101,Nepal,NP,NPL,,,,,,230.7,,,3,Asia/Kathmandu,FALSE,1524009445
Paule,Paule,,28.1931,82.8517,Nepal,NP,NPL,,,,,,213.5,,,3,Asia/Kathmandu,FALSE,1524030398
Simhāsani̇̄,Simhasani,,26.8795,85.7527,Nepal,NP,NPL,,,,,,741.0,,,3,Asia/Kathmandu,FALSE,1524004537
Lekdā̃ḍā,Lekdada,Lekdānḍā,27.5500,85.2731,Nepal,NP,NPL,,,,,,197.1,,,4,Asia/Kathmandu,FALSE,1524653775
Lekḍā̃ḍā,Lekdada,Lekḍānḍā,27.0899,86.3063,Nepal,NP,NPL,,,,,,61.0,,,4,Asia/Kathmandu,TRUE,1524045487
Ḍilliparsā,Dilliparsa,,27.5829,84.6468,Nepal,NP,NPL,,,,,,886.7,,,3,Asia/Kathmandu,FALSE,1524017495
Pipaldhār,Pipaldhar,,29.6750,80.5739,Nepal,NP,NPL,Sudūrpashchim,Sudurpashchim,NP-P7,,,262.1,,,3,Asia/Kathmandu,FALSE,1524031332
Bhaluwā Bhagawānpur,Bhaluwa Bhagawanpur,,26.5660,86.9014,Nepal,NP,NPL,,,,,,323.6,,,3,Asia/Kathmandu,FALSE,1524013352
Chorneṭā,Chorneta,,28.6014,82.6878,Nepal,NP,NPL,Karṇālī,Karnali,NP-P6,,,77.8,,,4,Asia/Kathmandu,FALSE,1524037711
Lodiyā,Lodiya,,26.7988,87.9157,Nepal,NP,NPL,,,,,,159.2,,,4,Asia/Kathmandu,FALSE,1524001743
Kāṭhepul,Kathepul,,29.0014,80.1624,Nepal,NP,NPL,Sudūrpashchim,Sudurpashchim,NP-P7,,,423.3,,,3,Asia/Kathmandu,FALSE,1524037078
Khairwā,Khairwa,,26.8336,85.3762,Nepal,NP,NPL,,,,,,1576.5,,,3,Asia/Kathmandu,FALSE,1524514449
Okhardhārā,Okhardhara,,28.7375,82.3784,Nepal,NP,NPL,,,,,,138.9,,,4,Asia/Kathmandu,FALSE,1524024566
Shikharṭol,Shikhartol,,27.2234,85.9510,Nepal,NP,NPL,,,,,,52.2,,,4,Asia/Kathmandu,FALSE,1524000066
Chhāure,Chhaure,,27.0433,87.8654,Nepal,NP,NPL,,,,,,141.2,,,4,Asia/Kathmandu,FALSE,1524019758
Dhanechhāṅgā,Dhanechhanga,,27.1106,86.1843,Nepal,NP,NPL,,,,,,122.7,,,4,Asia/Kathmandu,FALSE,1524415850
Satighaṭṭā,Satighatta,,26.6264,88.1337,Nepal,NP,NPL,,,,,,383.6,,,3,Asia/Kathmandu,FALSE,1524000253
Jarāyoḍolḍā̃ḍā,Jarayodoldada,Jarāyoḍol,26.6207,87.5576,Nepal,NP,NPL,,,,,,979.1,,,3,Asia/Kathmandu,FALSE,1524012020
Sauke,Sauke,,29.7693,80.5559,Nepal,NP,NPL,Sudūrpashchim,Sudurpashchim,NP-P7,,,107.7,,,4,Asia/Kathmandu,FALSE,1524035714
Sarpā,Sarpa,,26.6253,86.6288,Nepal,NP,NPL,Madhesh,Madhesh,NP-P2,,,613.5,,,3,Asia/Kathmandu,FALSE,1524032481
Sirpuluṅ,Sirpulun,,27.0797,86.6439,Nepal,NP,NPL,,,,,,103.8,,,4,Asia/Kathmandu,FALSE,1524010567
Pallāban,Pallaban,,28.9142,81.3435,Nepal,NP,NPL,,,,,,123.3,,,4,Asia/Kathmandu,FALSE,1524024189
Panthi̇̄,Panthi,,27.1755,86.6516,Nepal,NP,NPL,,,,,,76.4,,,4,Asia/Kathmandu,FALSE,1524012727
Sapanti̇̄rthagāũ,Sapantirthagau,Sapantīrthagāun,27.7741,85.3306,Nepal,NP,NPL,,,,,,4829.3,,,2,Asia/Kathmandu,FALSE,1524134155
Situmāri̇̄,Situmari,,26.6234,87.3797,Nepal,NP,NPL,,,,,,566.5,,,3,Asia/Kathmandu,FALSE,1524005877
Thānpāṭā,Thanpata,,27.9788,83.7140,Nepal,NP,NPL,,,,,,372.3,,,3,Asia/Kathmandu,FALSE,1524015616
Phallārpāni̇̄,Phallarpani,,28.2772,83.8862,Nepal,NP,NPL,Gaṇḍakī,Gandaki,NP-P4,,,474.4,,,3,Asia/Kathmandu,FALSE,1524026646
Rupalāṅ,Rupalan,,27.8412,84.6389,Nepal,NP,NPL,,,,,,299.0,,,3,Asia/Kathmandu,FALSE,1524014684
Bhadāle Boṭ,Bhadale Bot,,28.6283,82.6239,Nepal,NP,NPL,,,,,,138.8,,,4,Asia/Kathmandu,FALSE,1524026689
Khaṭeruwā,Khateruwa,,28.8262,81.0270,Nepal,NP,NPL,,,,,,50.2,,,4,Asia/Kathmandu,FALSE,1524025458
Hiũdālekharka,Hiudalekharka,,28.7487,82.1985,Nepal,NP,NPL,,,,,,167.4,,,4,Asia/Kathmandu,FALSE,1524029109
Lāmsureḍā̃ḍā,Lamsuredada,Lāmsureḍānḍā,27.4020,85.0200,Nepal,NP,NPL,,,,,,1899.2,,,3,Asia/Kathmandu,FALSE,1524861126
Bisauni̇̄ḍā̃ḍā,Bisaunidada,Bisaunīḍānḍā,27.3744,85.6786,Nepal,NP,NPL,,,,,,49.0,,,4,Asia/Kathmandu,FALSE,1524176317
Sabbāḍ,Sabbad,,29.8097,80.8972,Nepal,NP,NPL,Sudūrpashchim,Sudurpashchim,NP-P7,,,19.2,,,4,Asia/Kathmandu,FALSE,1524032179
Woḍāre,Wodare,,27.2713,87.4106,Nepal,NP,NPL,Province Number One,Province Number One,NP-P1,,,87.9,,,4,Asia/Kathmandu,FALSE,1524032597
Suṇḍabari̇̄,Sundabari,,27.8642,82.5935,Nepal,NP,NPL,,,,,,91.7,,,4,Asia/Kathmandu,FALSE,1524011957
Syāṅbokhor,Syanbokhor,,27.8791,85.5867,Nepal,NP,NPL,,,,,,244.5,,,3,Asia/Kathmandu,FALSE,1524259525
Simpāni̇̄,Simpani,,28.2787,83.8745,Nepal,NP,NPL,Gaṇḍakī,Gandaki,NP-P4,,,329.4,,,3,Asia/Kathmandu,FALSE,1524032528
Simpāni̇̄,Simpani,,28.2717,84.3487,Nepal,NP,NPL,Gaṇḍakī,Gandaki,NP-P4,,,263.6,,,3,Asia/Kathmandu,TRUE,1524038251
Lakṣmi̇̄mārg,Laksmimarg,,26.6512,87.4489,Nepal,NP,NPL,,,,,,695.7,,,3,Asia/Kathmandu,FALSE,1524006634
Kaṅkuwā,Kankuwa,,27.0425,86.5509,Nepal,NP,NPL,,,,,,130.8,,,4,Asia/Kathmandu,FALSE,1524010748
Anantanagar Buddhachok,Anantanagar Buddhachok,,26.5782,87.2466,Nepal,NP,NPL,,,,,,4173.2,,,2,Asia/Kathmandu,FALSE,1524006523
Simpāni̇̄,Simpani,,29.6758,81.6702,Nepal,NP,NPL,Sudūrpashchim,Sudurpashchim,NP-P7,,,5.0,,,5,Asia/Kathmandu,FALSE,1524036771
Pātālkharka,Patalkharka,,27.8981,85.4662,Nepal,NP,NPL,,,,,,124.6,,,4,Asia/Kathmandu,FALSE,1524807300
Gadyauli̇̄gāũ,Gadyauligau,Gadyaulīgāun,27.1966,85.9233,Nepal,NP,NPL,,,,,,52.2,,,4,Asia/Kathmandu,FALSE,1524029330
Tumkoṭ,Tumkot,,30.0821,81.5167,Nepal,NP,NPL,Karṇālī,Karnali,NP-P6,,,1.6,,,5,Asia/Kathmandu,FALSE,1524033039
Bhaluwāhi̇̄khor,Bhaluwahikhor,Bhaluwāhīkhor,27.0964,85.1871,Nepal,NP,NPL,,,,,,187.3,,,4,Asia/Kathmandu,FALSE,1524275229
Māg Khā̃ḍā,Mag Khada,,29.8531,81.8959,Nepal,NP,NPL,Karṇālī,Karnali,NP-P6,,,53.3,,,4,Asia/Kathmandu,FALSE,1524036698
Bali̇̄koṭ,Balikot,,27.9844,83.8502,Nepal,NP,NPL,,,,,,172.7,,,4,Asia/Kathmandu,FALSE,1524010110
Sheri̇̄ Ghaṭṭe Chaur,Sheri Ghatte Chaur,,29.5647,81.4393,Nepal,NP,NPL,Sudūrpashchim,Sudurpashchim,NP-P7,,,21.9,,,4,Asia/Kathmandu,FALSE,1524036506
Posi̇̄,Posi,,28.2684,84.1980,Nepal,NP,NPL,Gaṇḍakī,Gandaki,NP-P4,,,61.8,,,4,Asia/Kathmandu,FALSE,1524036465
Jāmkotḍā̃ḍā,Jamkotdada,,26.9107,87.2949,Nepal,NP,NPL,,,,,,121.0,,,4,Asia/Kathmandu,FALSE,1524000489
Chiurāboṭ,Chiurabot,,28.4067,82.4705,Nepal,NP,NPL,,,,,,145.1,,,4,Asia/Kathmandu,FALSE,1524031073
Ḍipu,Dipu,,28.6243,80.7014,Nepal,NP,NPL,,,,,,879.0,,,3,Asia/Kathmandu,FALSE,1524009766
Ḍipu,Dipu,,26.5511,87.5988,Nepal,NP,NPL,,,,,,489.6,,,3,Asia/Kathmandu,TRUE,1524010411
Ḍipu,Dipu,,26.7329,87.9866,Nepal,NP,NPL,,,,,,342.4,,,3,Asia/Kathmandu,TRUE,1524003377
Banṭhākaṭṭi̇̄,Banthakatti,Banṭhākaṭṭī,27.0644,85.1466,Nepal,NP,NPL,,,,,,473.5,,,3,Asia/Kathmandu,FALSE,1524265100
Guhebāri̇̄,Guhebari,,28.3102,82.7593,Nepal,NP,NPL,,,,,,111.6,,,4,Asia/Kathmandu,FALSE,1524022527
Mālāgiri̇̄,Malagiri,Mālāgirī,27.6766,85.0890,Nepal,NP,NPL,,,,,,231.8,,,3,Asia/Kathmandu,FALSE,1524135343
Mālāgiri̇̄,Malagiri,,27.9806,83.8349,Nepal,NP,NPL,,,,,,172.6,,,4,Asia/Kathmandu,TRUE,1524010049
Māndregāũ,Mandregau,,28.9431,81.8484,Nepal,NP,NPL,,,,,,102.2,,,4,Asia/Kathmandu,FALSE,1524025925
Jhamchhetri̇̄,Jhamchhetri,,28.5375,82.6851,Nepal,NP,NPL,Karṇālī,Karnali,NP-P6,,,46.3,,,4,Asia/Kathmandu,FALSE,1524037173
Kāli̇̄thānchok,Kalithanchok,,26.5863,87.4914,Nepal,NP,NPL,,,,,,573.4,,,3,Asia/Kathmandu,FALSE,1524006744
Babargañj Durgāṭol,Babarganj Durgatol,,26.9579,85.6094,Nepal,NP,NPL,,,,,,1682.5,,,3,Asia/Kathmandu,FALSE,1524000926
Purthok,Purthok,,27.9801,84.4864,Nepal,NP,NPL,,,,,,189.7,,,4,Asia/Kathmandu,FALSE,1524012074
Golbhittā,Golbhitta,,27.8200,85.2833,Nepal,NP,NPL,,,,,,116.5,,,4,Asia/Kathmandu,FALSE,1524696168
Ridu,Ridu,,27.3718,86.6069,Nepal,NP,NPL,,,,,,36.9,,,4,Asia/Kathmandu,FALSE,1524634499
Kimroṅkholāgāũ,Kimronkholagau,,28.4062,83.7946,Nepal,NP,NPL,Gaṇḍakī,Gandaki,NP-P4,,,20.1,,,4,Asia/Kathmandu,FALSE,1524031891
Garbun,Garbun,,27.9910,85.1092,Nepal,NP,NPL,,,,,,148.8,,,4,Asia/Kathmandu,FALSE,1524608917
Mahadewā,Mahadewa,,26.8294,86.2239,Nepal,NP,NPL,,,,,,1661.6,,,3,Asia/Kathmandu,FALSE,1524003288
Mahādewā,Mahadewa,,28.6035,81.0028,Nepal,NP,NPL,,,,,,1103.3,,,3,Asia/Kathmandu,TRUE,1524023834
Mahādewā,Mahadewa,,28.1930,81.7562,Nepal,NP,NPL,,,,,,225.1,,,3,Asia/Kathmandu,TRUE,1524027716
Mahādewā,Mahadewa,,27.8092,82.6485,Nepal,NP,NPL,,,,,,38.9,,,4,Asia/Kathmandu,TRUE,1524007772
Narakaṭiyā,Narakatiya,,27.6007,84.4928,Nepal,NP,NPL,,,,,,1595.0,,,3,Asia/Kathmandu,FALSE,1524009851
Narakaṭiyā,Narakatiya,,26.8503,85.2019,Nepal,NP,NPL,,,,,,1406.3,,,3,Asia/Kathmandu,TRUE,1524007210
Dāpsākhop,Dapsakhop,,27.0915,86.6785,Nepal,NP,NPL,,,,,,103.8,,,4,Asia/Kathmandu,FALSE,1524010572
Ghiuphachkā,Ghiuphachka,,27.9547,82.2697,Nepal,NP,NPL,,,,,,64.2,,,4,Asia/Kathmandu,FALSE,1524009397
Dhulchi̇̄gairā,Dhulchigaira,,28.4018,81.9681,Nepal,NP,NPL,,,,,,94.5,,,4,Asia/Kathmandu,FALSE,1524023872
Raṅgeli̇̄ Sāhuṭol,Rangeli Sahutol,,26.4619,87.5016,Nepal,NP,NPL,,,,,,1012.3,,,3,Asia/Kathmandu,FALSE,1524001954
Hari̇̄thumkā,Harithumka,Harīthumkā,27.0716,86.3534,Nepal,NP,NPL,,,,,,101.9,,,4,Asia/Kathmandu,FALSE,1524639207
Hari̇̄thumkā,Harithumka,Harīthumkā,27.2150,85.9556,Nepal,NP,NPL,,,,,,52.2,,,4,Asia/Kathmandu,TRUE,1524555247
Kāphalboṭe,Kaphalbote,,27.0927,87.7253,Nepal,NP,NPL,,,,,,278.9,,,3,Asia/Kathmandu,FALSE,1524020306
Kāphalboṭe,Kaphalbote,,27.3916,86.2558,Nepal,NP,NPL,,,,,,209.8,,,3,Asia/Kathmandu,TRUE,1524713567
Kālikābasti̇̄,Kalikabasti,Kālikābastī,27.0545,85.5894,Nepal,NP,NPL,,,,,,677.5,,,3,Asia/Kathmandu,FALSE,1524050548
Chaurāsi̇̄ṭolā,Chaurasitola,,26.9765,85.4105,Nepal,NP,NPL,,,,,,249.9,,,3,Asia/Kathmandu,FALSE,1524638549
Khanarā,Khanara,,28.6456,81.7729,Nepal,NP,NPL,,,,,,142.6,,,4,Asia/Kathmandu,FALSE,1524027073
Ṭeknārāyaṇgāũ,Teknarayangau,,26.6165,87.9329,Nepal,NP,NPL,,,,,,680.5,,,3,Asia/Kathmandu,FALSE,1524013432
Saraswati̇̄pur Nayā̃ṭol,Saraswatipur Nayatol,,26.8780,86.0351,Nepal,NP,NPL,,,,,,508.3,,,3,Asia/Kathmandu,FALSE,1524004940
Ṭunāpāni̇̄,Tunapani,,28.8986,81.0431,Nepal,NP,NPL,,,,,,21.3,,,4,Asia/Kathmandu,FALSE,1524020394
Rāji̇̄pāti̇̄,Rajipati,,28.3007,82.8118,Nepal,NP,NPL,,,,,,197.5,,,4,Asia/Kathmandu,FALSE,1524022323
Dhanbāse,Dhanbase,,27.8078,84.5870,Nepal,NP,NPL,,,,,,124.9,,,4,Asia/Kathmandu,FALSE,1524014440
Ṭwāṅrā,Twanra,,27.4469,84.8967,Nepal,NP,NPL,,,,,,185.6,,,4,Asia/Kathmandu,FALSE,1524017860
J-Gāũ,J-Gau,,28.5938,80.7295,Nepal,NP,NPL,,,,,,833.7,,,3,Asia/Kathmandu,FALSE,1524009741
Bhāṭeshwarā,Bhateshwara,,27.0376,86.8277,Nepal,NP,NPL,,,,,,172.4,,,4,Asia/Kathmandu,FALSE,1524014487
Kāli̇̄jhoḍā,Kalijhoda,,26.7433,87.6043,Nepal,NP,NPL,Province Number One,Province Number One,NP-P1,,,409.2,,,3,Asia/Kathmandu,FALSE,1524031768
Pañchāyanjhorā,Panchayanjhora,,26.7301,87.2371,Nepal,NP,NPL,,,,,,2055.4,,,2,Asia/Kathmandu,FALSE,1524012753
Chhauchhā,Chhauchha,,28.6035,84.2332,Nepal,NP,NPL,Gaṇḍakī,Gandaki,NP-P4,,,1.5,,,5,Asia/Kathmandu,FALSE,1524032654
Harkaṭe Pātāl,Harkate Patal,,26.8497,88.0965,Nepal,NP,NPL,,,,,,251.4,,,3,Asia/Kathmandu,FALSE,1524000618
Dhurbā,Dhurba,,26.8206,85.3556,Nepal,NP,NPL,,,,,,476.1,,,3,Asia/Kathmandu,FALSE,1524379282
Bwānse,Bwanse,,27.5975,86.2413,Nepal,NP,NPL,,,,,,89.6,,,4,Asia/Kathmandu,FALSE,1524232214
Lekhāni̇̄,Lekhani,,27.5336,86.5785,Nepal,NP,NPL,Province Number One,Province Number One,NP-P1,,,3.9,,,5,Asia/Kathmandu,FALSE,1524007678
Upallo Gerkhu,Upallo Gerkhu,,27.9536,85.2135,Nepal,NP,NPL,,,,,,272.9,,,3,Asia/Kathmandu,FALSE,1524179232
Belpāṭā,Belpata,,28.7850,81.6927,Nepal,NP,NPL,,,,,,309.1,,,3,Asia/Kathmandu,FALSE,1524022682
Pauḍelgāũ,Paudelgau,,27.7732,85.0981,Nepal,NP,NPL,Province Number One,Province Number One,NP-P1,,,287.7,,,3,Asia/Kathmandu,FALSE,1524000906
Pauḍelgāũ,Paudelgau,,27.2994,87.3239,Nepal,NP,NPL,Province Number One,Province Number One,NP-P1,,,278.4,,,3,Asia/Kathmandu,TRUE,1524000892
Lochākholāgāũ,Lochakholagau,,28.9342,82.9076,Nepal,NP,NPL,Karṇālī,Karnali,NP-P6,,,19.5,,,4,Asia/Kathmandu,FALSE,1524038210
Chhiptārā,Chhiptara,,28.6384,82.6335,Nepal,NP,NPL,,,,,,170.9,,,4,Asia/Kathmandu,FALSE,1524023194
Rippākhā,Rippakha,,27.9883,85.2183,Nepal,NP,NPL,,,,,,257.9,,,3,Asia/Kathmandu,FALSE,1524753963
Sunpakuwā,Sunpakuwa,,26.6689,87.5944,Nepal,NP,NPL,Province Number One,Province Number One,NP-P1,,,1417.8,,,3,Asia/Kathmandu,FALSE,1524031698
Jamjutā,Jamjuta,,27.6361,86.0653,Nepal,NP,NPL,,,,,,321.7,,,3,Asia/Kathmandu,FALSE,1524770775
Dhamgāū,Dhamgau,,29.8126,80.8641,Nepal,NP,NPL,Sudūrpashchim,Sudurpashchim,NP-P7,,,13.8,,,4,Asia/Kathmandu,FALSE,1524026027
Migu,Migu,,29.4870,81.7882,Nepal,NP,NPL,Karṇālī,Karnali,NP-P6,,,112.1,,,4,Asia/Kathmandu,FALSE,1524031757
Balle,Balle,,28.8326,81.4166,Nepal,NP,NPL,,,,,,105.7,,,4,Asia/Kathmandu,FALSE,1524024736
Balle,Balle,,28.4991,82.4712,Nepal,NP,NPL,,,,,,67.9,,,4,Asia/Kathmandu,TRUE,1524031225
Balle,Balle,,28.9081,81.0708,Nepal,NP,NPL,,,,,,21.3,,,4,Asia/Kathmandu,TRUE,1524021046
Sājhekhet,Sajhekhet,,28.6089,81.9374,Nepal,NP,NPL,,,,,,98.9,,,4,Asia/Kathmandu,FALSE,1524027325
Chirkubāṅ,Chirkuban,,28.3214,82.7718,Nepal,NP,NPL,,,,,,111.9,,,4,Asia/Kathmandu,FALSE,1524022229
Puṣpanidhi̇̄ṭol,Puspanidhitol,,26.5024,87.4168,Nepal,NP,NPL,,,,,,447.8,,,3,Asia/Kathmandu,FALSE,1524006495
Selgāũ,Selgau,,29.1082,81.4085,Nepal,NP,NPL,Sudūrpashchim,Sudurpashchim,NP-P7,,,239.0,,,3,Asia/Kathmandu,FALSE,1524034351
Selgāũ,Selgau,,29.0391,81.4493,Nepal,NP,NPL,Karṇālī,Karnali,NP-P6,,,247.1,,,3,Asia/Kathmandu,FALSE,1524034352
Belsot,Belsot,,26.9028,86.2541,Nepal,NP,NPL,,,,,,838.4,,,3,Asia/Kathmandu,FALSE,1524003722
Sunārepākhā,Sunarepakha,,26.8372,87.6516,Nepal,NP,NPL,,,,,,95.3,,,4,Asia/Kathmandu,FALSE,1524011665
Dasharathpur,Dasharathpur,,28.4907,81.7578,Nepal,NP,NPL,,,,,,144.9,,,4,Asia/Kathmandu,FALSE,1524022606
Baidauli̇̄,Baidauli,,27.5765,83.3801,Nepal,NP,NPL,Lumbinī,Lumbini,NP-P5,,,402.0,,,3,Asia/Kathmandu,FALSE,1524037090
Devithānḍā̃ḍā,Devithandada,,27.8320,84.6758,Nepal,NP,NPL,,,,,,157.4,,,4,Asia/Kathmandu,FALSE,1524014690
Devi̇̄thānḍā̃ḍā,Devithandada,,27.2973,87.1551,Nepal,NP,NPL,,,,,,55.7,,,4,Asia/Kathmandu,TRUE,1524017976
Laṭṭhāpur,Latthapur,,28.0243,81.8934,Nepal,NP,NPL,,,,,,199.0,,,4,Asia/Kathmandu,FALSE,1524022022
Kanyā Kāmad,Kanya Kamad,,28.5935,82.4500,Nepal,NP,NPL,,,,,,227.2,,,3,Asia/Kathmandu,FALSE,1524027793
Purba Pahāḍi̇̄pur,Purba Pahadipur,,28.2553,81.4855,Nepal,NP,NPL,,,,,,327.0,,,3,Asia/Kathmandu,FALSE,1524022384
Gerukāṭol,Gerukatol,,26.9685,85.6238,Nepal,NP,NPL,,,,,,732.0,,,3,Asia/Kathmandu,FALSE,1524001032
Juṅeṭār,Junetar,,27.9432,85.1474,Nepal,NP,NPL,,,,,,354.3,,,3,Asia/Kathmandu,FALSE,1524530062
Kāphalkoṭ,Kaphalkot,,28.6004,81.9221,Nepal,NP,NPL,,,,,,142.3,,,4,Asia/Kathmandu,FALSE,1524028694
Unyughāri̇̄,Unyughari,,27.0376,86.6360,Nepal,NP,NPL,,,,,,85.1,,,4,Asia/Kathmandu,FALSE,1524010681
Bithara,Bithara,,29.0029,80.9618,Nepal,NP,NPL,,,,,,51.1,,,4,Asia/Kathmandu,FALSE,1524494881
Ghegaḍ,Ghegad,,29.0402,81.3217,Nepal,NP,NPL,Sudūrpashchim,Sudurpashchim,NP-P7,,,249.8,,,3,Asia/Kathmandu,FALSE,1524036311
Maddu,Maddu,,29.0084,82.8153,Nepal,NP,NPL,Karṇālī,Karnali,NP-P6,,,32.3,,,4,Asia/Kathmandu,FALSE,1524032373
Belkoṭ,Belkot,,28.6815,80.9728,Nepal,NP,NPL,,,,,,403.6,,,3,Asia/Kathmandu,FALSE,1524021307
Belkoṭ,Belkot,,27.8528,85.1469,Nepal,NP,NPL,,,,,,253.1,,,3,Asia/Kathmandu,TRUE,1524423417
Belaudi̇̄,Belaudi,,27.9098,83.8892,Nepal,NP,NPL,,,,,,139.8,,,4,Asia/Kathmandu,FALSE,1524014870
Bā̃je,Baje,Bānje,27.4074,86.4743,Nepal,NP,NPL,,,,,,50.3,,,4,Asia/Kathmandu,FALSE,1524396533
Bā̃je,Baje,Bānje,27.1949,86.0252,Nepal,NP,NPL,,,,,,32.7,,,4,Asia/Kathmandu,TRUE,1524407967
Bodi̇̄pur,Bodipur,,27.8272,82.5402,Nepal,NP,NPL,,,,,,195.0,,,4,Asia/Kathmandu,FALSE,1524011093
Rāji̇̄ Kaṭān,Raji Katan,,28.7198,80.8524,Nepal,NP,NPL,,,,,,586.1,,,3,Asia/Kathmandu,FALSE,1524021168
Ḍauri̇̄kholāgāũ,Daurikholagau,,28.7043,82.0917,Nepal,NP,NPL,,,,,,184.4,,,4,Asia/Kathmandu,FALSE,1524027723
Sāgar Pokhari̇̄,Sagar Pokhari,,27.9565,83.4174,Nepal,NP,NPL,,,,,,271.7,,,3,Asia/Kathmandu,FALSE,1524010382
Chāmthali̇̄,Chamthali,Chāmthalī,27.6556,85.4544,Nepal,NP,NPL,,,,,,1078.9,,,3,Asia/Kathmandu,FALSE,1524597419
Chamthali̇̄,Chamthali,Chamthalī,27.4461,85.2933,Nepal,NP,NPL,,,,,,159.2,,,4,Asia/Kathmandu,TRUE,1524868894
Pāpuṅdin,Papundin,Pāpundin,27.1809,87.8753,Nepal,NP,NPL,,,,,,75.1,,,4,Asia/Kathmandu,FALSE,1524018970
Rā̃ṭi̇̄,Rati,,27.3066,86.8350,Nepal,NP,NPL,,,,,,153.8,,,4,Asia/Kathmandu,FALSE,1524932074
Phalāmsāngu,Phalamsangu,Phalame Sangu,27.8000,85.7667,Nepal,NP,NPL,,,,,,116.5,,,4,Asia/Kathmandu,FALSE,1524049796
Chārpāṭe,Charpate,,26.9321,86.4388,Nepal,NP,NPL,,,,,,58.0,,,4,Asia/Kathmandu,FALSE,1524002489
Chārpāṭe,Charpate,,27.2729,85.7145,Nepal,NP,NPL,,,,,,24.9,,,4,Asia/Kathmandu,TRUE,1524074038
Gautampur,Gautampur,,26.5232,87.1369,Nepal,NP,NPL,,,,,,9066.2,,,2,Asia/Kathmandu,FALSE,1524006216
Gautampur,Gautampur,,26.9688,85.0827,Nepal,NP,NPL,,,,,,1173.7,,,3,Asia/Kathmandu,TRUE,1524482184
Ratyauḍā,Ratyauda,,29.7925,80.4915,Nepal,NP,NPL,Sudūrpashchim,Sudurpashchim,NP-P7,,,70.0,,,4,Asia/Kathmandu,FALSE,1524033341
Māthillo Pātle,Mathillo Patle,,28.3566,82.4623,Nepal,NP,NPL,,,,,,123.7,,,4,Asia/Kathmandu,FALSE,1524031195
Keurādi̇̄,Keuradi,,27.9086,84.2289,Nepal,NP,NPL,,,,,,124.5,,,4,Asia/Kathmandu,FALSE,1524014277
Munsi̇̄purwā,Munsipurwa,,27.9957,81.6577,Nepal,NP,NPL,,,,,,723.0,,,3,Asia/Kathmandu,FALSE,1524004685
Kaiyaldeu,Kaiyaldeu,,28.6611,82.4546,Nepal,NP,NPL,,,,,,150.7,,,4,Asia/Kathmandu,FALSE,1524026488
Maṅsāpur,Mansapur,,26.5124,86.8300,Nepal,NP,NPL,,,,,,1117.8,,,3,Asia/Kathmandu,FALSE,1524009103
Mansāpur,Mansapur,,26.6246,87.9210,Nepal,NP,NPL,,,,,,680.5,,,3,Asia/Kathmandu,TRUE,1524007350
Thupri̇̄ṭolā,Thupritola,,26.5333,87.9964,Nepal,NP,NPL,,,,,,193.0,,,4,Asia/Kathmandu,FALSE,1524011171
Uruwā,Uruwa,,28.7288,81.5378,Nepal,NP,NPL,,,,,,36.9,,,4,Asia/Kathmandu,FALSE,1524021659
Mājhbāḍā,Majhbada,,28.9497,81.4212,Nepal,NP,NPL,,,,,,103.5,,,4,Asia/Kathmandu,FALSE,1524024789
Mani̇̄pur,Manipur,,27.5936,84.3150,Nepal,NP,NPL,,,,,,720.9,,,3,Asia/Kathmandu,FALSE,1524014143
Golḍā̃ḍā,Goldada,,29.2307,81.2165,Nepal,NP,NPL,Sudūrpashchim,Sudurpashchim,NP-P7,,,322.7,,,3,Asia/Kathmandu,FALSE,1524033589
Golḍā̃ḍā,Goldada,,28.2977,83.8214,Nepal,NP,NPL,Gaṇḍakī,Gandaki,NP-P4,,,213.8,,,3,Asia/Kathmandu,FALSE,1524032986
Deukhet,Deukhet,,29.0516,81.0313,Nepal,NP,NPL,Sudūrpashchim,Sudurpashchim,NP-P7,,,59.2,,,4,Asia/Kathmandu,FALSE,1524034862
Borbāḍā,Borbada,,29.0393,81.0438,Nepal,NP,NPL,Sudūrpashchim,Sudurpashchim,NP-P7,,,60.1,,,4,Asia/Kathmandu,FALSE,1524034305
Lipechaur,Lipechaur,,28.5372,81.9597,Nepal,NP,NPL,,,,,,89.0,,,4,Asia/Kathmandu,FALSE,1524029250
Kachiḍe,Kachide,,26.9866,87.3339,Nepal,NP,NPL,,,,,,545.0,,,3,Asia/Kathmandu,FALSE,1524000525
Kachiḍe,Kachide,,27.0864,87.6269,Nepal,NP,NPL,,,,,,106.5,,,4,Asia/Kathmandu,TRUE,1524019871
Bore,Bore,,27.2828,85.9253,Nepal,NP,NPL,,,,,,43.2,,,4,Asia/Kathmandu,FALSE,1524724905
Dhanāri̇̄,Dhanari,,28.7240,82.1587,Nepal,NP,NPL,,,,,,180.0,,,4,Asia/Kathmandu,FALSE,1524028258
Dhanāri̇̄,Dhanari,,28.4731,82.0450,Nepal,NP,NPL,,,,,,128.7,,,4,Asia/Kathmandu,TRUE,1524029043
Dhanāri̇̄,Dhanari,,28.5578,81.7296,Nepal,NP,NPL,,,,,,57.9,,,4,Asia/Kathmandu,TRUE,1524029708
Paṭauli̇̄,Patauli,,27.7429,82.3880,Nepal,NP,NPL,,,,,,64.5,,,4,Asia/Kathmandu,FALSE,1524010132
Mahaḍawā,Mahadawa,,27.8737,82.5015,Nepal,NP,NPL,,,,,,339.2,,,3,Asia/Kathmandu,FALSE,1524010887
Mālthāmnā,Malthamna,,29.2325,81.1548,Nepal,NP,NPL,Sudūrpashchim,Sudurpashchim,NP-P7,,,148.0,,,4,Asia/Kathmandu,FALSE,1524033827
Ghāḍigāũ,Ghadigau,,28.6157,82.2148,Nepal,NP,NPL,Karṇālī,Karnali,NP-P6,,,213.5,,,3,Asia/Kathmandu,FALSE,1524032460
Gobankholi̇̄,Gobankholi,,28.7542,81.9994,Nepal,NP,NPL,Province Number One,Province Number One,NP-P1,,,218.7,,,3,Asia/Kathmandu,FALSE,1524024912
Hwāku,Hwaku,,27.2583,87.6642,Nepal,NP,NPL,Province Number One,Province Number One,NP-P1,,,127.9,,,4,Asia/Kathmandu,FALSE,1524034993
Ghom,Ghom,,29.2277,83.9795,Nepal,NP,NPL,Gaṇḍakī,Gandaki,NP-P4,,,2.9,,,5,Asia/Kathmandu,FALSE,1524032741
Nāiṭe,Naite,,27.3021,86.4080,Nepal,NP,NPL,,,,,,62.0,,,4,Asia/Kathmandu,FALSE,1524668504
Rāṅgegāũ,Rangegau,,27.2860,87.6562,Nepal,NP,NPL,Province Number One,Province Number One,NP-P1,,,186.4,,,4,Asia/Kathmandu,FALSE,1524034119
Phumdā,Phumda,,28.9325,82.4992,Nepal,NP,NPL,Karṇālī,Karnali,NP-P6,,,58.7,,,4,Asia/Kathmandu,FALSE,1524032620
Bhuwanpaṭṭi̇̄,Bhuwanpatti,,26.6421,86.8555,Nepal,NP,NPL,,,,,,268.1,,,3,Asia/Kathmandu,FALSE,1524012493
Modi̇̄,Modi,,27.3828,86.8124,Nepal,NP,NPL,,,,,,33.6,,,4,Asia/Kathmandu,FALSE,1524267825
Purāno Risiṅ,Purano Risin,,27.9204,84.2004,Nepal,NP,NPL,,,,,,137.0,,,4,Asia/Kathmandu,FALSE,1524007989
Juṭpāni̇̄,Jutpani,Juṭpānī,27.0554,85.5822,Nepal,NP,NPL,,,,,,677.5,,,3,Asia/Kathmandu,FALSE,1524445422
Juṭpāni̇̄,Jutpani,,28.4212,81.3058,Nepal,NP,NPL,,,,,,320.5,,,3,Asia/Kathmandu,TRUE,1524021783
Juṭpāni̇̄,Jutpani,,27.6838,84.5601,Nepal,NP,NPL,,,,,,296.5,,,3,Asia/Kathmandu,TRUE,1524009443
Juṭpāni̇̄,Jutpani,Juṭpānī,27.0220,86.1716,Nepal,NP,NPL,,,,,,80.4,,,4,Asia/Kathmandu,TRUE,1524434134
Juṭpāni̇̄,Jutpani,Juṭpānī,27.2463,85.5246,Nepal,NP,NPL,,,,,,27.6,,,4,Asia/Kathmandu,TRUE,1524238035
Nayāngāũ,Nayangau,Nayāngāun,27.3777,85.1695,Nepal,NP,NPL,,,,,,212.5,,,3,Asia/Kathmandu,FALSE,1524159826
Yāṅyeppā,Yanyeppa,,27.1781,87.8375,Nepal,NP,NPL,,,,,,245.2,,,3,Asia/Kathmandu,FALSE,1524019475
Sāpkharka,Sapkharka,,28.8296,80.8238,Nepal,NP,NPL,,,,,,40.1,,,4,Asia/Kathmandu,FALSE,1524020790
Sinuriyā,Sinuriya,,26.5750,86.4818,Nepal,NP,NPL,,,,,,979.5,,,3,Asia/Kathmandu,FALSE,1524002834
Phinikā̃ḍā,Phinikada,,28.6546,81.5682,Nepal,NP,NPL,,,,,,62.0,,,4,Asia/Kathmandu,FALSE,1524027236
Baṇḍājalā,Bandajala,,28.7389,80.2813,Nepal,NP,NPL,,,,,,1746.2,,,3,Asia/Kathmandu,FALSE,1524019962
Jaggare,Jaggare,,28.3453,82.3713,Nepal,NP,NPL,,,,,,133.6,,,4,Asia/Kathmandu,FALSE,1524030540
Suwākoṭ,Suwakot,,28.9297,81.6729,Nepal,NP,NPL,,,,,,331.7,,,3,Asia/Kathmandu,FALSE,1524037385
Ṭhulāgāũ,Thulagau,Ṭhulāgāun,27.7890,85.3653,Nepal,NP,NPL,,,,,,4430.9,,,2,Asia/Kathmandu,FALSE,1524846380
Ṭhulāgāũ,Thulagau,,28.0317,84.8244,Nepal,NP,NPL,,,,,,433.5,,,3,Asia/Kathmandu,TRUE,1524969554
Ţhulāgāũ,Thulagau,Ţhulāgāun,27.7636,85.5696,Nepal,NP,NPL,,,,,,350.5,,,3,Asia/Kathmandu,TRUE,1524344291
Ṭhūlāgāũ,Thulagau,Ṭhūlāgāun,27.7103,85.1508,Nepal,NP,NPL,,,,,,335.2,,,3,Asia/Kathmandu,TRUE,1524796096
Lāphāgāũ,Laphagau,,27.0339,86.6954,Nepal,NP,NPL,,,,,,110.7,,,4,Asia/Kathmandu,FALSE,1524011061
Bhusimṭār,Bhusimtar,,27.4507,85.5693,Nepal,NP,NPL,,,,,,44.8,,,4,Asia/Kathmandu,FALSE,1524523249
Gidkhorā Bhadisbārṭol,Gidkhora Bhadisbartol,,26.5726,86.8891,Nepal,NP,NPL,,,,,,968.6,,,3,Asia/Kathmandu,FALSE,1524013147
Bārlāṅ,Barlan,,27.1268,86.7879,Nepal,NP,NPL,,,,,,153.1,,,4,Asia/Kathmandu,FALSE,1524010075
Ṭimuryāni̇̄,Timuryani,,28.6432,82.2621,Nepal,NP,NPL,,,,,,294.7,,,3,Asia/Kathmandu,FALSE,1524025624
Mālikā Bhawāni̇̄,Malika Bhawani,,29.6725,81.3300,Nepal,NP,NPL,Sudūrpashchim,Sudurpashchim,NP-P7,,,79.6,,,4,Asia/Kathmandu,FALSE,1524033946
Hiḍluwā,Hidluwa,Hidalwā,26.6982,87.1083,Nepal,NP,NPL,,,,,,1941.9,,,3,Asia/Kathmandu,FALSE,1524018268
Mahatarā,Mahatara,,28.6517,81.6556,Nepal,NP,NPL,,,,,,159.3,,,4,Asia/Kathmandu,FALSE,1524027855
Mahatārā,Mahatara,,27.7168,86.1608,Nepal,NP,NPL,,,,,,61.8,,,4,Asia/Kathmandu,TRUE,1524295634
Wātām,Watam,,27.1966,86.8197,Nepal,NP,NPL,,,,,,153.2,,,4,Asia/Kathmandu,FALSE,1524009990
Buḍhāthoki̇̄ṭol,Budhathokitol,,26.4638,87.2025,Nepal,NP,NPL,,,,,,2723.6,,,2,Asia/Kathmandu,FALSE,1524008671
Bāghechauri̇̄,Baghechauri,,26.7435,87.8590,Nepal,NP,NPL,,,,,,104.6,,,4,Asia/Kathmandu,FALSE,1524001374
Goljabāṅ,Goljaban,,28.3817,82.7359,Nepal,NP,NPL,,,,,,63.7,,,4,Asia/Kathmandu,FALSE,1524030093
Duruṅkholāgāũ,Durunkholagau,,28.3546,81.9921,Nepal,NP,NPL,,,,,,76.8,,,4,Asia/Kathmandu,FALSE,1524026777
Boharābāḍā,Boharabada,,29.2122,81.2035,Nepal,NP,NPL,Sudūrpashchim,Sudurpashchim,NP-P7,,,260.1,,,3,Asia/Kathmandu,FALSE,1524033420
Ḍuḍi̇̄gāũ,Dudigau,,27.6102,84.6244,Nepal,NP,NPL,,,,,,522.4,,,3,Asia/Kathmandu,FALSE,1524017470
Jaṅgalāgāũ,Jangalagau,,28.6883,82.2633,Nepal,NP,NPL,,,,,,67.6,,,4,Asia/Kathmandu,FALSE,1524025436
Tinsā̃je,Tinsaje,,27.3126,87.0449,Nepal,NP,NPL,,,,,,152.6,,,4,Asia/Kathmandu,FALSE,1524016640
Tallo Giddhe,Tallo Giddhe,,26.8999,87.4622,Nepal,NP,NPL,,,,,,165.6,,,4,Asia/Kathmandu,FALSE,1524005302
Toleni̇̄,Toleni,,28.9007,81.6701,Nepal,NP,NPL,,,,,,336.1,,,3,Asia/Kathmandu,FALSE,1524022544
Āth Māil,Ath Mail,,27.7717,85.2692,Nepal,NP,NPL,,,,,,2484.8,,,2,Asia/Kathmandu,FALSE,1524665624
Kumtaḍi̇̄,Kumtadi,,29.6340,80.5437,Nepal,NP,NPL,Sudūrpashchim,Sudurpashchim,NP-P7,,,228.7,,,3,Asia/Kathmandu,FALSE,1524031398
Tāmdāk,Tamdak,,27.4975,87.0683,Nepal,NP,NPL,,,,,,34.5,,,4,Asia/Kathmandu,FALSE,1524019357
Suṅjer Gumbā,Sunjer Gumba,,29.4853,83.0532,Nepal,NP,NPL,Karṇālī,Karnali,NP-P6,,,3.6,,,5,Asia/Kathmandu,FALSE,1524001321
Gāmchā,Gamcha,,27.6692,85.2648,Nepal,NP,NPL,,,,,,17592.4,,,2,Asia/Kathmandu,FALSE,1524290182
Gāmchā,Gamcha,,27.7533,85.3853,Nepal,NP,NPL,,,,,,3212.2,,,2,Asia/Kathmandu,TRUE,1524620346
Bhartolāgāḍgāũ,Bhartolagadgau,,29.7625,80.4173,Nepal,NP,NPL,Sudūrpashchim,Sudurpashchim,NP-P7,,,188.6,,,4,Asia/Kathmandu,FALSE,1524034145
Bisalkā,Bisalka,,28.9606,80.7696,Nepal,NP,NPL,,,,,,98.4,,,4,Asia/Kathmandu,FALSE,1524019656
Jhunnabāri̇̄,Jhunnabari,,26.6115,87.7766,Nepal,NP,NPL,,,,,,490.0,,,3,Asia/Kathmandu,FALSE,1524012978
Timelegāũ,Timelegau,,29.6643,80.5162,Nepal,NP,NPL,Sudūrpashchim,Sudurpashchim,NP-P7,,,261.7,,,3,Asia/Kathmandu,FALSE,1524031344
Jiruwā,Jiruwa,,28.9199,81.1645,Nepal,NP,NPL,,,,,,25.8,,,4,Asia/Kathmandu,FALSE,1524025740
Yāṅdin,Yandin,,27.1004,87.7611,Nepal,NP,NPL,,,,,,244.4,,,3,Asia/Kathmandu,FALSE,1524020522
Pāṅlābuṅ,Panlabun,,27.3900,87.5501,Nepal,NP,NPL,Province Number One,Province Number One,NP-P1,,,51.2,,,4,Asia/Kathmandu,FALSE,1524034958
Sephu,Sephu,,28.4219,82.5630,Nepal,NP,NPL,,,,,,149.5,,,4,Asia/Kathmandu,FALSE,1524027220
Garāḍā,Garada,,29.6825,80.4405,Nepal,NP,NPL,Sudūrpashchim,Sudurpashchim,NP-P7,,,202.4,,,3,Asia/Kathmandu,FALSE,1524006041
Byun,Byun,,27.4779,85.3149,Nepal,NP,NPL,,,,,,206.3,,,3,Asia/Kathmandu,FALSE,1524167031
Sepṭi̇̄,Septi,,28.7349,81.5762,Nepal,NP,NPL,,,,,,255.8,,,3,Asia/Kathmandu,FALSE,1524027657
Pkhare,Pkhare,,26.8290,86.9750,Nepal,NP,NPL,,,,,,89.0,,,4,Asia/Kathmandu,FALSE,1524002470
Bilandi̇̄ḍā̃ḍā,Bilandidada,Bilandīḍānḍā,27.1218,85.5696,Nepal,NP,NPL,,,,,,256.5,,,3,Asia/Kathmandu,FALSE,1524258853
Muḍhebās,Mudhebas,,26.8741,87.4929,Nepal,NP,NPL,,,,,,119.8,,,4,Asia/Kathmandu,FALSE,1524004813
Piṭhauli̇̄,Pithauli,,27.6439,84.1706,Nepal,NP,NPL,,,,,,621.2,,,3,Asia/Kathmandu,FALSE,1524027659
Uttar Ḍā̃ḍuwā,Uttar Daduwa,,28.7382,80.9400,Nepal,NP,NPL,,,,,,215.7,,,3,Asia/Kathmandu,FALSE,1524021263
Bhichuk,Bhichuk,,28.3438,83.8139,Nepal,NP,NPL,Gaṇḍakī,Gandaki,NP-P4,,,62.8,,,4,Asia/Kathmandu,FALSE,1524025519
Ṭā̃sinām,Tasinam,Ṭānsinām,27.8379,86.2408,Nepal,NP,NPL,,,,,,16.1,,,4,Asia/Kathmandu,FALSE,1524479822
Chitlāṅ Bhañjyāṅ,Chitlan Bhanjyan,,27.6728,85.1969,Nepal,NP,NPL,,,,,,734.5,,,3,Asia/Kathmandu,FALSE,1524001047
Telibhiṭa,Telibhita,,26.5540,88.0765,Nepal,NP,NPL,,,,,,630.6,,,3,Asia/Kathmandu,FALSE,1524000169
Bhadohi̇̄,Bhadohi,,28.2099,81.4660,Nepal,NP,NPL,,,,,,392.0,,,3,Asia/Kathmandu,FALSE,1524024696
Buḍhi̇̄serā,Budhisera,Buḍhīserā,27.8576,85.3207,Nepal,NP,NPL,,,,,,220.2,,,3,Asia/Kathmandu,FALSE,1524017536
Pāpare,Papare,,27.0542,86.6014,Nepal,NP,NPL,,,,,,207.3,,,3,Asia/Kathmandu,FALSE,1524011371
Lauki̇̄,Lauki,,27.9815,82.1777,Nepal,NP,NPL,,,,,,22.2,,,4,Asia/Kathmandu,FALSE,1524015220
Jure,Jure,,27.2354,86.4781,Nepal,NP,NPL,,,,,,185.2,,,4,Asia/Kathmandu,FALSE,1524524101
Jure,Jure,,26.8475,88.0234,Nepal,NP,NPL,,,,,,111.9,,,4,Asia/Kathmandu,TRUE,1524000662
Jure,Jure,,27.4190,85.5390,Nepal,NP,NPL,,,,,,43.1,,,4,Asia/Kathmandu,TRUE,1524827853
Paraspur,Paraspur,,28.0543,81.6052,Nepal,NP,NPL,,,,,,1296.9,,,3,Asia/Kathmandu,FALSE,1524026988
Pāraspur,Paraspur,,27.8181,82.5771,Nepal,NP,NPL,,,,,,227.9,,,3,Asia/Kathmandu,TRUE,1524011624
Sulambi̇̄,Sulambi,,27.0083,87.6873,Nepal,NP,NPL,,,,,,155.1,,,4,Asia/Kathmandu,FALSE,1524020058
Dhārkeswā̃rā,Dharkeswara,Dhārkeswānrā,27.7410,85.1500,Nepal,NP,NPL,,,,,,327.5,,,3,Asia/Kathmandu,FALSE,1524755867
Bamor,Bamor,,29.6456,80.9394,Nepal,NP,NPL,Sudūrpashchim,Sudurpashchim,NP-P7,,,29.7,,,4,Asia/Kathmandu,FALSE,1524035580
Deurāli̇̄peṭi̇̄,Deuralipeti,Deurālīpeṭī,27.0655,85.7436,Nepal,NP,NPL,,,,,,187.5,,,4,Asia/Kathmandu,FALSE,1524860945
Ghyāmpeḍā̃ḍā,Ghyampedada,Ghyāmpeḍānḍā,27.6278,85.2763,Nepal,NP,NPL,,,,,,6267.9,,,2,Asia/Kathmandu,FALSE,1524656905
Kemābāri̇̄,Kemabari,,26.4643,88.0829,Nepal,NP,NPL,,,,,,589.2,,,3,Asia/Kathmandu,FALSE,1524008524
Hāttikillā,Hattikilla,,26.6997,87.9974,Nepal,NP,NPL,,,,,,753.8,,,3,Asia/Kathmandu,FALSE,1524000461
Khādigāũ,Khadigau,,26.5029,87.4937,Nepal,NP,NPL,,,,,,432.2,,,3,Asia/Kathmandu,FALSE,1524006864
Khāḍi̇̄gāũ,Khadigau,,26.5415,87.6528,Nepal,NP,NPL,,,,,,324.2,,,3,Asia/Kathmandu,TRUE,1524014128
Gatyānu,Gatyanu,,29.0823,81.3773,Nepal,NP,NPL,Sudūrpashchim,Sudurpashchim,NP-P7,,,239.9,,,3,Asia/Kathmandu,FALSE,1524034241
Tripanna Nambar Basti̇̄,Tripanna Nambar Basti,,28.6510,80.6902,Nepal,NP,NPL,,,,,,879.0,,,3,Asia/Kathmandu,FALSE,1524021270
Rāṅāthok,Ranathok,,27.9407,85.1487,Nepal,NP,NPL,,,,,,695.6,,,3,Asia/Kathmandu,FALSE,1524377157
Roshi̇̄,Roshi,,27.5707,85.4484,Nepal,NP,NPL,,,,,,121.1,,,4,Asia/Kathmandu,FALSE,1524079384
Ḍihiṭār,Dihitar,,26.8737,87.8746,Nepal,NP,NPL,,,,,,139.0,,,4,Asia/Kathmandu,FALSE,1524003196
Kā̃shghāri̇̄,Kashghari,Kānshghārī,27.4655,85.2864,Nepal,NP,NPL,,,,,,228.6,,,3,Asia/Kathmandu,FALSE,1524550715
Suiḍā̃ḍā Lek,Suidada Lek,,28.7593,81.8862,Nepal,NP,NPL,,,,,,125.8,,,4,Asia/Kathmandu,FALSE,1524024844
Phokleṇḍ Ṭāpu,Phoklend Tapu,,26.8109,87.2445,Nepal,NP,NPL,,,,,,650.8,,,3,Asia/Kathmandu,FALSE,1524004730
Wāku,Waku,,27.5105,87.7244,Nepal,NP,NPL,Province Number One,Province Number One,NP-P1,,,31.7,,,4,Asia/Kathmandu,FALSE,1524033010