city,city_ascii,city_alt,lat,lng,country,iso2,iso3,admin_name,admin_name_ascii,admin_code,admin_type,capital,density,population,population_proper,ranking,timezone,same_name,id
Ambebro,Ambebro,,5.2651,5.6675,Nigeria,NG,NGA,Delta,Delta,NG-DE,state,,185.2,,,4,Africa/Lagos,FALSE,1566867551
Ibagwa-Aka,Ibagwa-Aka,Ibegwa-Aka|Abagwa Aka,6.9185,7.3990,Nigeria,NG,NGA,Enugu,Enugu,NG-EN,state,minor,1173.7,,,3,Africa/Lagos,FALSE,1566304683
Jajire,Jajire,Waro,13.0500,11.1402,Nigeria,NG,NGA,Yobe,Yobe,NG-YO,state,,41.3,,,4,Africa/Lagos,FALSE,1566164189
Elero,Elero,Ilero,7.6000,4.0667,Nigeria,NG,NGA,Oyo,Oyo,NG-OY,state,,975.4,,,3,Africa/Lagos,FALSE,1566325260
Elero,Elero,,7.7375,3.8511,Nigeria,NG,NGA,Oyo,Oyo,NG-OY,state,,284.1,,,3,Africa/Lagos,TRUE,1566758514
Elero,Elero,,8.4925,4.3222,Nigeria,NG,NGA,Oyo,Oyo,NG-OY,state,,117.9,,,4,Africa/Lagos,TRUE,1566415655
Eyin-Oke,Eyin-Oke,,7.1021,4.1544,Nigeria,NG,NGA,Ogun,Ogun,NG-OG,state,,514.5,,,3,Africa/Lagos,FALSE,1566003354
Ogoja,Ogoja,,6.6584,8.7992,Nigeria,NG,NGA,Cross River,Cross River,NG-CR,state,minor,257.6,,,3,Africa/Lagos,FALSE,1566488949
Olokosuwa,Olokosuwa,,8.4834,4.3689,Nigeria,NG,NGA,Kwara,Kwara,NG-KW,state,,117.9,,,4,Africa/Lagos,FALSE,1566005421
Gamo Oko,Gamo Oko,,8.2000,4.6333,Nigeria,NG,NGA,Kwara,Kwara,NG-KW,state,,292.9,,,3,Africa/Lagos,FALSE,1566742308
Ozochi,Ozochi,,4.9563,6.5439,Nigeria,NG,NGA,Rivers,Rivers,NG-RI,state,,652.1,,,3,Africa/Lagos,FALSE,1566370446
Alund,Alund,,7.4342,9.5829,Nigeria,NG,NGA,Benue,Benue,NG-BE,state,,206.0,,,3,Africa/Lagos,FALSE,1566848951
Eyin-Oke,Eyin-Oke,,7.2834,4.7199,Nigeria,NG,NGA,Osun,Osun,NG-OS,state,,181.1,,,4,Africa/Lagos,FALSE,1566005044
Umualo,Umualo,,6.6778,7.6768,Nigeria,NG,NGA,Enugu,Enugu,NG-EN,state,,243.9,,,3,Africa/Lagos,FALSE,1566725914
Awuhe,Awuhe,Awuche,7.3838,10.0148,Nigeria,NG,NGA,Taraba,Taraba,NG-TA,state,,128.6,,,4,Africa/Lagos,FALSE,1566617445
Gaian,Gaian,,10.3021,7.4302,Nigeria,NG,NGA,Kaduna,Kaduna,NG-KD,state,,116.0,,,4,Africa/Lagos,FALSE,1566122345
Nyaba,Nyaba,,9.9606,12.6637,Nigeria,NG,NGA,Adamawa,Adamawa,NG-AD,state,,66.3,,,4,Africa/Lagos,FALSE,1566007186
Haruna,Haruna,,7.3237,10.8961,Nigeria,NG,NGA,Taraba,Taraba,NG-TA,state,,27.3,,,4,Africa/Lagos,FALSE,1566930271
Damzo,Damzo,,8.8613,11.2416,Nigeria,NG,NGA,Taraba,Taraba,NG-TA,state,,53.9,,,4,Africa/Lagos,FALSE,1566270532
Damzo,Damzo,,9.4547,11.0532,Nigeria,NG,NGA,Taraba,Taraba,NG-TA,state,,42.4,,,4,Africa/Lagos,TRUE,1566367749
Aiwe,Aiwe,Aiwa,10.1381,13.2600,Nigeria,NG,NGA,Adamawa,Adamawa,NG-AD,state,,304.7,,,3,Africa/Lagos,FALSE,1566583623
Evporo,Evporo,,6.3120,5.5050,Nigeria,NG,NGA,Edo,Edo,NG-ED,state,,4559.6,,,2,Africa/Lagos,FALSE,1566468517
Ekodel,Ekodel,,6.3836,5.7108,Nigeria,NG,NGA,Edo,Edo,NG-ED,state,,86.9,,,4,Africa/Lagos,FALSE,1566475347
Ungwan Fadaman-Kale,Ungwan Fadaman-Kale,Fadaman Kale,11.2980,8.1070,Nigeria,NG,NGA,Kaduna,Kaduna,NG-KD,state,,324.9,,,3,Africa/Lagos,FALSE,1566575188
Akelan,Akelan,,7.1482,9.0548,Nigeria,NG,NGA,Benue,Benue,NG-BE,state,,239.6,,,3,Africa/Lagos,FALSE,1566001123
Zakau,Zakau,,11.4015,8.4352,Nigeria,NG,NGA,Kano,Kano,NG-KN,state,,580.8,,,3,Africa/Lagos,FALSE,1566192256
Bogurum,Bogurum,,10.8544,10.5868,Nigeria,NG,NGA,Gombe,Gombe,NG-GO,state,,94.8,,,4,Africa/Lagos,FALSE,1566528896
Igbo-Oja,Igbo-Oja,,7.1318,4.8646,Nigeria,NG,NGA,Ondo,Ondo,NG-ON,state,,202.3,,,3,Africa/Lagos,FALSE,1566005265
Afaha Abia,Afaha Abia,,4.8839,7.8925,Nigeria,NG,NGA,Akwa Ibom,Akwa Ibom,NG-AK,state,,1409.8,,,3,Africa/Lagos,FALSE,1566620628
Wanja,Wanja,,7.3761,8.6527,Nigeria,NG,NGA,Benue,Benue,NG-BE,state,,280.6,,,3,Africa/Lagos,FALSE,1566171760
Ogodogodo,Ogodogodo,,5.3787,5.5384,Nigeria,NG,NGA,Delta,Delta,NG-DE,state,,185.2,,,4,Africa/Lagos,FALSE,1566411199
Langarma,Langarma,,12.6256,4.5581,Nigeria,NG,NGA,Kebbi,Kebbi,NG-KE,state,,252.7,,,3,Africa/Lagos,FALSE,1566902641
Teme Tugga,Teme Tugga,,9.1782,12.0297,Nigeria,NG,NGA,Adamawa,Adamawa,NG-AD,state,,110.6,,,4,Africa/Lagos,FALSE,1566086562
Ebula,Ebula,,7.9726,4.3183,Nigeria,NG,NGA,Oyo,Oyo,NG-OY,state,,239.6,,,3,Africa/Lagos,FALSE,1566006927
Figridi,Figridi,Firdi,11.5862,11.5246,Nigeria,NG,NGA,Yobe,Yobe,NG-YO,state,,96.7,,,4,Africa/Lagos,FALSE,1566402951
Barakin Abdullahi,Barakin Abdullahi,,8.6000,8.3833,Nigeria,NG,NGA,Nasarawa,Nasarawa,NG-NA,state,,176.0,,,4,Africa/Lagos,FALSE,1566662677
Unguwar Madaiki,Unguwar Madaiki,Ungwan Madaiki|Madaiki,11.1831,8.9987,Nigeria,NG,NGA,Bauchi,Bauchi,NG-BA,state,,115.8,,,4,Africa/Lagos,FALSE,1566780237
Lumene,Lumene,,4.6511,7.4793,Nigeria,NG,NGA,Rivers,Rivers,NG-RI,state,,879.9,,,3,Africa/Lagos,FALSE,1566930581
Aiyatoro Babunde,Aiyatoro Babunde,,7.8003,6.0874,Nigeria,NG,NGA,Kogi,Kogi,NG-KO,state,,80.0,,,4,Africa/Lagos,FALSE,1566160148
Ita-Yesa,Ita-Yesa,,8.4393,4.6003,Nigeria,NG,NGA,Kwara,Kwara,NG-KW,state,,707.8,,,3,Africa/Lagos,FALSE,1566008049
Segudida,Segudida,,12.1423,8.9072,Nigeria,NG,NGA,Kano,Kano,NG-KN,state,,500.2,,,3,Africa/Lagos,FALSE,1566737373
Auta,Auta,,10.8893,4.4216,Nigeria,NG,NGA,Kebbi,Kebbi,NG-KE,state,,55.8,,,4,Africa/Lagos,FALSE,1566730956
Itoyo,Itoyo,,5.9472,5.0210,Nigeria,NG,NGA,Delta,Delta,NG-DE,state,,299.8,,,3,Africa/Lagos,FALSE,1566952872
Afo,Afo,,7.2167,3.6667,Nigeria,NG,NGA,Ogun,Ogun,NG-OG,state,,122.0,,,4,Africa/Lagos,FALSE,1566516746
Akughe,Akughe,Akugbe,6.2350,6.0186,Nigeria,NG,NGA,Edo,Edo,NG-ED,state,,115.0,,,4,Africa/Lagos,FALSE,1566859444
Remawa,Remawa,,12.8119,7.7726,Nigeria,NG,NGA,Katsina,Katsina,NG-KT,state,,340.5,,,3,Africa/Lagos,FALSE,1566979516
Aruke Egba,Aruke Egba,,7.2341,3.3973,Nigeria,NG,NGA,Ogun,Ogun,NG-OG,state,,122.0,,,4,Africa/Lagos,FALSE,1566002576
Hayin Denu,Hayin Denu,,11.3876,8.6723,Nigeria,NG,NGA,Kano,Kano,NG-KN,state,,321.4,,,3,Africa/Lagos,FALSE,1566110927
Kongoli,Kongoli,,9.7900,13.1059,Nigeria,NG,NGA,Adamawa,Adamawa,NG-AD,state,,66.3,,,4,Africa/Lagos,FALSE,1566734692
Gigiyun,Gigiyun,,12.1045,8.6239,Nigeria,NG,NGA,Kano,Kano,NG-KN,state,,849.4,,,3,Africa/Lagos,FALSE,1566568637
Iwar,Iwar,,7.3196,8.7817,Nigeria,NG,NGA,Benue,Benue,NG-BE,state,,280.6,,,3,Africa/Lagos,FALSE,1566867236
Ikogosi,Ikogosi,Ikawgosi,7.5888,4.9934,Nigeria,NG,NGA,Ekiti,Ekiti,NG-EK,state,,972.7,,,3,Africa/Lagos,FALSE,1566472708
Ber-Kaa,Ber-Kaa,,7.4564,8.6614,Nigeria,NG,NGA,Benue,Benue,NG-BE,state,,266.9,,,3,Africa/Lagos,FALSE,1566230091
Paraga,Paraga,Ikanna,7.0076,3.6304,Nigeria,NG,NGA,Ogun,Ogun,NG-OG,state,,364.9,,,3,Africa/Lagos,FALSE,1566229256
Umuokwara,Umuokwara,,5.8150,7.3496,Nigeria,NG,NGA,Imo,Imo,NG-IM,state,,759.9,,,3,Africa/Lagos,FALSE,1566054176
Uhembe,Uhembe,,7.3707,10.0105,Nigeria,NG,NGA,Taraba,Taraba,NG-TA,state,,128.6,,,4,Africa/Lagos,FALSE,1566414161
Bunu Bangha,Bunu Bangha,,4.7081,7.4738,Nigeria,NG,NGA,Rivers,Rivers,NG-RI,state,,879.9,,,3,Africa/Lagos,FALSE,1566931967
Ikot Ediet,Ikot Ediet,,5.2341,7.6854,Nigeria,NG,NGA,Akwa Ibom,Akwa Ibom,NG-AK,state,,1656.8,,,3,Africa/Lagos,FALSE,1566969008
Kulhi,Kulhi,,13.2416,4.3923,Nigeria,NG,NGA,Sokoto,Sokoto,NG-SO,state,,36.0,,,4,Africa/Lagos,FALSE,1566199630
Pansuru,Pansuru,,9.4348,6.1232,Nigeria,NG,NGA,Niger,Niger,NG-NI,state,,112.2,,,4,Africa/Lagos,FALSE,1566168957
Anu-Akpanundele,Anu-Akpanundele,,6.0913,8.1739,Nigeria,NG,NGA,Ebonyi,Ebonyi,NG-EB,state,,681.2,,,3,Africa/Lagos,FALSE,1566559115
Imare,Imare,Umanyure,6.5857,3.8505,Nigeria,NG,NGA,Lagos,Lagos,NG-LA,state,,347.5,,,3,Africa/Lagos,FALSE,1566496029
Zamba,Zamba,,10.3219,12.4578,Nigeria,NG,NGA,Borno,Borno,NG-BO,state,,95.9,,,4,Africa/Lagos,FALSE,1566183174
Atowoda,Atowoda,Atanda|Atawda,8.1096,4.4397,Nigeria,NG,NGA,Oyo,Oyo,NG-OY,state,,274.8,,,3,Africa/Lagos,FALSE,1566396758
Okome,Okome,Adama,6.3290,5.4572,Nigeria,NG,NGA,Edo,Edo,NG-ED,state,,95.1,,,4,Africa/Lagos,FALSE,1566623124
Rebek,Rebek,,9.6916,10.9548,Nigeria,NG,NGA,Gombe,Gombe,NG-GO,state,,83.4,,,4,Africa/Lagos,FALSE,1566913939
Oboama-Nguru,Oboama-Nguru,,5.5084,7.2464,Nigeria,NG,NGA,Imo,Imo,NG-IM,state,,2564.2,,,2,Africa/Lagos,FALSE,1566883923
Alagutan,Alagutan,,7.1502,4.1474,Nigeria,NG,NGA,Ogun,Ogun,NG-OG,state,,218.2,,,3,Africa/Lagos,FALSE,1566916098
Tseahan,Tseahan,,7.6209,9.8221,Nigeria,NG,NGA,Taraba,Taraba,NG-TA,state,,57.9,,,4,Africa/Lagos,FALSE,1566069980
Ijiraga,Ijiraga,,6.4212,8.4758,Nigeria,NG,NGA,Cross River,Cross River,NG-CR,state,,257.6,,,3,Africa/Lagos,FALSE,1566222565
Kabi,Kabi,,11.3500,9.8333,Nigeria,NG,NGA,Jigawa,Jigawa,NG-JI,state,,197.6,,,4,Africa/Lagos,FALSE,1566156424
Tsuambu,Tsuambu,,7.7730,8.6677,Nigeria,NG,NGA,Benue,Benue,NG-BE,state,,105.7,,,4,Africa/Lagos,FALSE,1566874368
Uankyoor,Uankyoor,,7.3074,8.7632,Nigeria,NG,NGA,Benue,Benue,NG-BE,state,,280.6,,,3,Africa/Lagos,FALSE,1566431910
Tseaiko,Tseaiko,,7.1906,8.3578,Nigeria,NG,NGA,Benue,Benue,NG-BE,state,,101.8,,,4,Africa/Lagos,FALSE,1566377196
Ungwan Madaki Gajere,Ungwan Madaki Gajere,,9.1657,8.4887,Nigeria,NG,NGA,Kaduna,Kaduna,NG-KD,state,,172.3,,,4,Africa/Lagos,FALSE,1566110345
Bombula Bula-Fali,Bombula Bula-Fali,,10.8929,12.6858,Nigeria,NG,NGA,Borno,Borno,NG-BO,state,,73.1,,,4,Africa/Lagos,FALSE,1566082391
Labu,Labu,,7.2313,4.2475,Nigeria,NG,NGA,Osun,Osun,NG-OS,state,,218.2,,,3,Africa/Lagos,FALSE,1566003099
Olokwu,Olokwu,,5.3283,6.9917,Nigeria,NG,NGA,Imo,Imo,NG-IM,state,,511.1,,,3,Africa/Lagos,FALSE,1566389852
Mada,Mada,,9.9833,11.9667,Nigeria,NG,NGA,Adamawa,Adamawa,NG-AD,state,,415.9,,,3,Africa/Lagos,FALSE,1566507714
Mada,Mada,,10.1833,12.3167,Nigeria,NG,NGA,Adamawa,Adamawa,NG-AD,state,,135.8,,,4,Africa/Lagos,TRUE,1566826938
Mada,Mada,,10.0003,12.3110,Nigeria,NG,NGA,Adamawa,Adamawa,NG-AD,state,,135.8,,,4,Africa/Lagos,TRUE,1566684955
Agadaga,Agadaga,,6.5134,6.3129,Nigeria,NG,NGA,Edo,Edo,NG-ED,state,,189.0,,,4,Africa/Lagos,FALSE,1566701858
Alagbayun,Alagbayun,,8.0600,4.1587,Nigeria,NG,NGA,Oyo,Oyo,NG-OY,state,,122.2,,,4,Africa/Lagos,FALSE,1566178041
Ekeh,Ekeh,,7.1400,7.9038,Nigeria,NG,NGA,Benue,Benue,NG-BE,state,,167.4,,,4,Africa/Lagos,FALSE,1566348831
Ukambo,Ukambo,,11.0142,6.3437,Nigeria,NG,NGA,Kaduna,Kaduna,NG-KD,state,,59.1,,,4,Africa/Lagos,FALSE,1566053015
Kiliarnga,Kiliarnga,Kilarnga,10.7035,12.7613,Nigeria,NG,NGA,Borno,Borno,NG-BO,state,,103.5,,,4,Africa/Lagos,FALSE,1566600373
Abiin,Abiin,,6.9106,9.6802,Nigeria,NG,NGA,Taraba,Taraba,NG-TA,state,,121.3,,,4,Africa/Lagos,FALSE,1566653838
Danzago,Danzago,,12.6410,8.8146,Nigeria,NG,NGA,Jigawa,Jigawa,NG-JI,state,,300.5,,,3,Africa/Lagos,FALSE,1566277799
Tukura-Agoi,Tukura-Agoi,,9.4304,7.6813,Nigeria,NG,NGA,Kaduna,Kaduna,NG-KD,state,,161.0,,,4,Africa/Lagos,FALSE,1566106543
Tafta,Tafta,,10.1422,12.3834,Nigeria,NG,NGA,Adamawa,Adamawa,NG-AD,state,,102.2,,,4,Africa/Lagos,FALSE,1566623727
Jagbe,Jagbe,,8.8447,4.3904,Nigeria,NG,NGA,Kwara,Kwara,NG-KW,state,,50.7,,,4,Africa/Lagos,FALSE,1566005744
Unguwar Kaga,Unguwar Kaga,Ungwan Kaga|Kaga,13.0833,7.2667,Nigeria,NG,NGA,Katsina,Katsina,NG-KT,state,,232.1,,,3,Africa/Lagos,FALSE,1566806273
Ese,Ese,,7.2732,9.4503,Nigeria,NG,NGA,Benue,Benue,NG-BE,state,,126.0,,,4,Africa/Lagos,FALSE,1566327967
Jorbuntu,Jorbuntu,,7.9275,8.6317,Nigeria,NG,NGA,Benue,Benue,NG-BE,state,,105.7,,,4,Africa/Lagos,FALSE,1566230245
Proguala,Proguala,,10.0899,12.0714,Nigeria,NG,NGA,Borno,Borno,NG-BO,state,,134.0,,,4,Africa/Lagos,FALSE,1566547774
Doki,Doki,,7.2525,8.9671,Nigeria,NG,NGA,Benue,Benue,NG-BE,state,,280.6,,,3,Africa/Lagos,FALSE,1566119943
Wuro Husa,Wuro Husa,Jegan Maunde,9.2718,11.5182,Nigeria,NG,NGA,Taraba,Taraba,NG-TA,state,,77.8,,,4,Africa/Lagos,FALSE,1566637615
Fato,Fato,,9.7230,12.2970,Nigeria,NG,NGA,Adamawa,Adamawa,NG-AD,state,,135.8,,,4,Africa/Lagos,FALSE,1566006627
Gum,Gum,,7.6962,9.7244,Nigeria,NG,NGA,Taraba,Taraba,NG-TA,state,,214.4,,,3,Africa/Lagos,FALSE,1566207164
Gum,Gum,,7.4787,10.1132,Nigeria,NG,NGA,Taraba,Taraba,NG-TA,state,,128.6,,,4,Africa/Lagos,TRUE,1566219568
Gum,Gum,,7.5119,9.9000,Nigeria,NG,NGA,Taraba,Taraba,NG-TA,state,,126.0,,,4,Africa/Lagos,TRUE,1566424870
Gum,Gum,,7.9776,9.4430,Nigeria,NG,NGA,Taraba,Taraba,NG-TA,state,,93.9,,,4,Africa/Lagos,TRUE,1566158738
Gum,Gum,,7.7500,11.6667,Nigeria,NG,NGA,Taraba,Taraba,NG-TA,state,,15.7,,,4,Africa/Lagos,TRUE,1566396631
Budotu,Budotu,,8.5048,4.4048,Nigeria,NG,NGA,Kwara,Kwara,NG-KW,state,,117.9,,,4,Africa/Lagos,FALSE,1566206039
Alajire,Alajire,,9.2011,12.6986,Nigeria,NG,NGA,Adamawa,Adamawa,NG-AD,state,,777.8,,,3,Africa/Lagos,FALSE,1566004053
Alajire,Alajire,,8.7886,12.4296,Nigeria,NG,NGA,Adamawa,Adamawa,NG-AD,state,,139.2,,,4,Africa/Lagos,TRUE,1566637170
Laluwe,Laluwe,,7.2150,3.1672,Nigeria,NG,NGA,Ogun,Ogun,NG-OG,state,,395.9,,,3,Africa/Lagos,FALSE,1566988769
Fikyu,Fikyu,,7.0811,10.0124,Nigeria,NG,NGA,Taraba,Taraba,NG-TA,state,,54.9,,,4,Africa/Lagos,FALSE,1566659197
Ikot Emian,Ikot Emian,,5.0845,8.3901,Nigeria,NG,NGA,Cross River,Cross River,NG-CR,state,,41.3,,,4,Africa/Lagos,FALSE,1566472594
Akunakuna,Akunakuna,,5.6554,8.0287,Nigeria,NG,NGA,Cross River,Cross River,NG-CR,state,,202.8,,,3,Africa/Lagos,FALSE,1566429551
Anguangkola,Anguangkola,,9.5731,6.7146,Nigeria,NG,NGA,Niger,Niger,NG-NI,state,,71.0,,,4,Africa/Lagos,FALSE,1566001137
Karfi Ruga,Karfi Ruga,Karfi (1)|Karfi,11.8219,8.4938,Nigeria,NG,NGA,Kano,Kano,NG-KN,state,,928.3,,,3,Africa/Lagos,FALSE,1566438439
Wahu,Wahu,,11.3833,10.6500,Nigeria,NG,NGA,Bauchi,Bauchi,NG-BA,state,,156.0,,,4,Africa/Lagos,FALSE,1566789368
Yamini,Yamini,,8.5234,9.6609,Nigeria,NG,NGA,Plateau,Plateau,NG-PL,state,,116.3,,,4,Africa/Lagos,FALSE,1566789963
Yamini,Yamini,,8.6250,9.9724,Nigeria,NG,NGA,Plateau,Plateau,NG-PL,state,,114.7,,,4,Africa/Lagos,TRUE,1566180578
Amar,Amar,,7.0362,9.2634,Nigeria,NG,NGA,Benue,Benue,NG-BE,state,,227.3,,,3,Africa/Lagos,FALSE,1566826572
Amdi,Amdi,,7.5196,6.8406,Nigeria,NG,NGA,Kogi,Kogi,NG-KO,state,,156.4,,,4,Africa/Lagos,FALSE,1566967498
Jibis,Jibis,,11.1586,8.2542,Nigeria,NG,NGA,Kaduna,Kaduna,NG-KD,state,,324.9,,,3,Africa/Lagos,FALSE,1566203722
Kowagol Boshe,Kowagol Boshe,,9.9673,13.1630,Nigeria,NG,NGA,Adamawa,Adamawa,NG-AD,state,,288.4,,,3,Africa/Lagos,FALSE,1566001171
Lareski,Lareski,,10.7472,11.7677,Nigeria,NG,NGA,Borno,Borno,NG-BO,state,,71.1,,,4,Africa/Lagos,FALSE,1566150604
Zunfur,Zunfur,,12.2579,13.1096,Nigeria,NG,NGA,Borno,Borno,NG-BO,state,,52.9,,,4,Africa/Lagos,FALSE,1566251757
Olokuma,Olokuma,,5.1980,6.5590,Nigeria,NG,NGA,Rivers,Rivers,NG-RI,state,,889.4,,,3,Africa/Lagos,FALSE,1566760141
Ungwan Pa,Ungwan Pa,,11.3902,7.0316,Nigeria,NG,NGA,Katsina,Katsina,NG-KT,state,,316.8,,,3,Africa/Lagos,FALSE,1566130811
Idon Bisa,Idon Bisa,,8.9683,7.2114,Nigeria,NG,NGA,Federal Capital Territory,Federal Capital Territory,NG-FC,capital territory,,1693.0,,,3,Africa/Lagos,FALSE,1566872695
Akashakpu,Akashakpu,,5.7686,6.6007,Nigeria,NG,NGA,Delta,Delta,NG-DE,state,,98.6,,,4,Africa/Lagos,FALSE,1566865146
Ikasougbene,Ikasougbene,,5.0888,6.0797,Nigeria,NG,NGA,Bayelsa,Bayelsa,NG-BY,state,,344.6,,,3,Africa/Lagos,FALSE,1566931429
Rafin Jatau,Rafin Jatau,,9.2310,6.5472,Nigeria,NG,NGA,Niger,Niger,NG-NI,state,,112.6,,,4,Africa/Lagos,FALSE,1566270830
Iheorji,Iheorji,,5.1667,7.4000,Nigeria,NG,NGA,Abia,Abia,NG-AB,state,,712.6,,,3,Africa/Lagos,FALSE,1566653599
Ungwan Dankyandi,Ungwan Dankyandi,,11.9289,7.8409,Nigeria,NG,NGA,Kano,Kano,NG-KN,state,,796.0,,,3,Africa/Lagos,FALSE,1566766824
Didiku,Didiku,,10.1585,12.9052,Nigeria,NG,NGA,Adamawa,Adamawa,NG-AD,state,,97.4,,,4,Africa/Lagos,FALSE,1566924214
Sullubawa,Sullubawa,Silbawa,12.6153,5.2383,Nigeria,NG,NGA,Sokoto,Sokoto,NG-SO,state,,183.3,,,4,Africa/Lagos,FALSE,1566432156
Ochongo,Ochongo,,6.8088,8.9305,Nigeria,NG,NGA,Cross River,Cross River,NG-CR,state,,223.7,,,3,Africa/Lagos,FALSE,1566000823
Olomididun,Olomididun,,6.3640,4.8135,Nigeria,NG,NGA,Ondo,Ondo,NG-ON,state,,299.8,,,3,Africa/Lagos,FALSE,1566413565
Nyiaka,Nyiaka,,7.8143,8.1308,Nigeria,NG,NGA,Benue,Benue,NG-BE,state,,139.2,,,4,Africa/Lagos,FALSE,1566261733
Sounkiri,Sounkiri,,4.6118,6.2586,Nigeria,NG,NGA,Bayelsa,Bayelsa,NG-BY,state,,233.8,,,3,Africa/Lagos,FALSE,1566236884
Offot,Offot,,4.7170,7.6192,Nigeria,NG,NGA,Akwa Ibom,Akwa Ibom,NG-AK,state,,576.1,,,3,Africa/Lagos,FALSE,1566767876
Ojebeyo,Ojebeyo,,8.8207,4.0696,Nigeria,NG,NGA,Oyo,Oyo,NG-OY,state,,122.5,,,4,Africa/Lagos,FALSE,1566933727
Tungan Waya,Tungan Waya,,10.1172,4.6216,Nigeria,NG,NGA,Niger,Niger,NG-NI,state,,93.6,,,4,Africa/Lagos,FALSE,1566475580
Batu Afi,Batu Afi,,7.0850,10.9086,Nigeria,NG,NGA,Taraba,Taraba,NG-TA,state,,27.3,,,4,Africa/Lagos,FALSE,1566508469
Ogbesse,Ogbesse,Ogbese,6.7619,5.5610,Nigeria,NG,NGA,Edo,Edo,NG-ED,state,,140.1,,,4,Africa/Lagos,FALSE,1566322139
Egwe,Egwe,,5.7096,6.8320,Nigeria,NG,NGA,Imo,Imo,NG-IM,state,,455.8,,,3,Africa/Lagos,FALSE,1566217212
Mallam Diya,Mallam Diya,,8.7530,11.3407,Nigeria,NG,NGA,Taraba,Taraba,NG-TA,state,,53.9,,,4,Africa/Lagos,FALSE,1566201230
Afata,Afata,,7.2399,8.9796,Nigeria,NG,NGA,Benue,Benue,NG-BE,state,,280.6,,,3,Africa/Lagos,FALSE,1566552138
Egun Ola,Egun Ola,,7.6656,3.8650,Nigeria,NG,NGA,Oyo,Oyo,NG-OY,state,,610.6,,,3,Africa/Lagos,FALSE,1566643235
Kukuma,Kukuma,,11.4500,9.7000,Nigeria,NG,NGA,Jigawa,Jigawa,NG-JI,state,,263.1,,,3,Africa/Lagos,FALSE,1566718902
Askira,Askira,,10.6392,12.8786,Nigeria,NG,NGA,Borno,Borno,NG-BO,state,minor,103.5,,,3,Africa/Lagos,FALSE,1566384598
Mardia,Mardia,,12.3278,14.5046,Nigeria,NG,NGA,Borno,Borno,NG-BO,state,,67.5,,,4,Africa/Lagos,FALSE,1566117301
Ga Fulani,Ga Fulani,,9.5864,3.3088,Nigeria,NG,NGA,Kwara,Kwara,NG-KW,state,,29.6,,,4,Africa/Lagos,FALSE,1566004479
Kpor,Kpor,,7.2052,8.8613,Nigeria,NG,NGA,Benue,Benue,NG-BE,state,,280.6,,,3,Africa/Lagos,FALSE,1566332986
Igbakwu,Igbakwu,Ighaku|Igbaku,6.5459,6.9414,Nigeria,NG,NGA,Anambra,Anambra,NG-AN,state,,403.5,,,3,Africa/Lagos,FALSE,1566934554
Azumini,Azumini,,4.9453,7.4829,Nigeria,NG,NGA,Abia,Abia,NG-AB,state,,827.0,,,3,Africa/Lagos,FALSE,1566632559
Baga,Baga,,13.0225,5.1739,Nigeria,NG,NGA,Sokoto,Sokoto,NG-SO,state,,474.5,,,3,Africa/Lagos,FALSE,1566898814
Bassan Zarangi,Bassan Zarangi,,8.4667,8.1500,Nigeria,NG,NGA,Nasarawa,Nasarawa,NG-NA,state,,48.7,,,4,Africa/Lagos,FALSE,1566857052
Shambayi,Shambayi,,11.8040,11.0848,Nigeria,NG,NGA,Yobe,Yobe,NG-YO,state,,140.3,,,4,Africa/Lagos,FALSE,1566511733
Orisabiyi,Orisabiyi,,8.0615,4.3430,Nigeria,NG,NGA,Oyo,Oyo,NG-OY,state,,274.8,,,3,Africa/Lagos,FALSE,1566005345
Tobor,Tobor,,6.0167,5.3333,Nigeria,NG,NGA,Delta,Delta,NG-DE,state,,108.7,,,4,Africa/Lagos,FALSE,1566978478
Ijawaya,Ijawaya,,7.9167,4.0167,Nigeria,NG,NGA,Oyo,Oyo,NG-OY,state,,817.5,,,3,Africa/Lagos,FALSE,1566200020
Iyana-Odi,Iyana-Odi,Iyana Odi,7.6459,3.3849,Nigeria,NG,NGA,Oyo,Oyo,NG-OY,state,,222.6,,,3,Africa/Lagos,FALSE,1566558877
Opobo,Opobo,Opobo Town,4.5114,7.5400,Nigeria,NG,NGA,Rivers,Rivers,NG-RI,state,minor,1669.4,,,3,Africa/Lagos,FALSE,1566516180
Derlit,Derlit,Kwpoya,8.9255,9.4787,Nigeria,NG,NGA,Plateau,Plateau,NG-PL,state,,121.8,,,4,Africa/Lagos,FALSE,1566491864
Abule Ogbomosho,Abule Ogbomosho,,9.0048,3.9192,Nigeria,NG,NGA,Oyo,Oyo,NG-OY,state,,179.2,,,4,Africa/Lagos,FALSE,1566003879
Bale-Koso,Bale-Koso,,7.9074,4.3578,Nigeria,NG,NGA,Oyo,Oyo,NG-OY,state,,214.9,,,3,Africa/Lagos,FALSE,1566007710
Molodo,Molodo,,7.3949,4.5317,Nigeria,NG,NGA,Osun,Osun,NG-OS,state,,240.1,,,3,Africa/Lagos,FALSE,1566004507
Jauro Wundingo,Jauro Wundingo,,8.5737,11.8623,Nigeria,NG,NGA,Adamawa,Adamawa,NG-AD,state,,133.0,,,4,Africa/Lagos,FALSE,1566462358
Mijigine,Mijigine,,12.1062,13.7746,Nigeria,NG,NGA,Borno,Borno,NG-BO,state,,56.1,,,4,Africa/Lagos,FALSE,1566035956
Rigan Mallam Shehu,Rigan Mallam Shehu,,10.9235,10.4507,Nigeria,NG,NGA,Bauchi,Bauchi,NG-BA,state,,156.0,,,4,Africa/Lagos,FALSE,1566032732
Bikkiri,Bikkiri,,4.5078,6.6322,Nigeria,NG,NGA,Bayelsa,Bayelsa,NG-BY,state,,167.1,,,4,Africa/Lagos,FALSE,1566642604
Gavon,Gavon,,8.9660,11.3370,Nigeria,NG,NGA,Taraba,Taraba,NG-TA,state,,1090.0,,,3,Africa/Lagos,FALSE,1566260386
Mangiri,Mangiri,,13.2405,11.2253,Nigeria,NG,NGA,Yobe,Yobe,NG-YO,state,,41.3,,,4,Africa/Lagos,FALSE,1566889522
Gidan Gari,Gidan Gari,,12.6115,7.9257,Nigeria,NG,NGA,Katsina,Katsina,NG-KT,state,,574.9,,,3,Africa/Lagos,FALSE,1566366654
Kucha,Kucha,,7.5674,9.3127,Nigeria,NG,NGA,Benue,Benue,NG-BE,state,,185.5,,,4,Africa/Lagos,FALSE,1566840571
Iwhresi,Iwhresi,,5.2709,5.9383,Nigeria,NG,NGA,Delta,Delta,NG-DE,state,,424.7,,,3,Africa/Lagos,FALSE,1566493230
Horgo,Horgo,,10.6126,13.5426,Nigeria,NG,NGA,Adamawa,Adamawa,NG-AD,state,,266.8,,,3,Africa/Lagos,FALSE,1566859169
Dogon Zagi,Dogon Zagi,,11.5492,7.2660,Nigeria,NG,NGA,Katsina,Katsina,NG-KT,state,,700.0,,,3,Africa/Lagos,FALSE,1566725958
Burru,Burru,,8.9333,8.3333,Nigeria,NG,NGA,Nasarawa,Nasarawa,NG-NA,state,,195.8,,,4,Africa/Lagos,FALSE,1566460251
Oke Omo,Oke Omo,Oke-Awmaw,7.8667,4.0000,Nigeria,NG,NGA,Oyo,Oyo,NG-OY,state,,1473.2,,,3,Africa/Lagos,FALSE,1566542991
Gugur,Gugur,,9.2734,9.6990,Nigeria,NG,NGA,Plateau,Plateau,NG-PL,state,,163.1,,,4,Africa/Lagos,FALSE,1566333284
Shimbe,Shimbe,,7.0944,8.7473,Nigeria,NG,NGA,Benue,Benue,NG-BE,state,,267.0,,,3,Africa/Lagos,FALSE,1566406360
Rafin-Giwa,Rafin-Giwa,,11.8721,4.0280,Nigeria,NG,NGA,Kebbi,Kebbi,NG-KE,state,,176.5,,,4,Africa/Lagos,FALSE,1566353763
Lafia,Lafia,,11.9716,4.2003,Nigeria,NG,NGA,Kebbi,Kebbi,NG-KE,state,,176.5,,,4,Africa/Lagos,FALSE,1566649353
Dabawa,Dabawa,,12.5336,7.4816,Nigeria,NG,NGA,Katsina,Katsina,NG-KT,state,,491.4,,,3,Africa/Lagos,FALSE,1566899164
Dabawa,Dabawa,,11.8086,7.6859,Nigeria,NG,NGA,Katsina,Katsina,NG-KT,state,,414.9,,,3,Africa/Lagos,TRUE,1566309391
Wuro Jatau,Wuro Jatau,,10.1155,12.0687,Nigeria,NG,NGA,Borno,Borno,NG-BO,state,,134.0,,,4,Africa/Lagos,FALSE,1566721140
Lafia,Lafia,Lafa,7.4170,7.3215,Nigeria,NG,NGA,Kogi,Kogi,NG-KO,state,,156.4,,,4,Africa/Lagos,FALSE,1566302603
Jaburma,Jaburma,,13.0474,10.9674,Nigeria,NG,NGA,Yobe,Yobe,NG-YO,state,,41.3,,,4,Africa/Lagos,FALSE,1566342504
Dingpenta,Dingpenta,,9.8066,12.3720,Nigeria,NG,NGA,Adamawa,Adamawa,NG-AD,state,,66.3,,,4,Africa/Lagos,FALSE,1566007855
Gawasa,Gawasa,,11.8025,4.1297,Nigeria,NG,NGA,Kebbi,Kebbi,NG-KE,state,,176.5,,,4,Africa/Lagos,FALSE,1566703891
Aferiku,Aferiku,,6.6298,2.7619,Nigeria,NG,NGA,Ogun,Ogun,NG-OG,state,,492.4,,,3,Africa/Lagos,FALSE,1566003604
Kugeji,Kugeji,,9.6347,3.8969,Nigeria,NG,NGA,Kwara,Kwara,NG-KW,state,,23.4,,,4,Africa/Lagos,FALSE,1566030556
Kubure,Kubure,Kobure|Kuburi,8.8701,3.0903,Nigeria,NG,NGA,Kwara,Kwara,NG-KW,state,,29.6,,,4,Africa/Lagos,FALSE,1566686789
Toto,Toto,,8.3876,7.0775,Nigeria,NG,NGA,Nasarawa,Nasarawa,NG-NA,state,minor,66.3,,,3,Africa/Lagos,FALSE,1566543252
Dangkel,Dangkel,Dankal,12.8738,4.6682,Nigeria,NG,NGA,Kebbi,Kebbi,NG-KE,state,,116.7,,,4,Africa/Lagos,FALSE,1566009088
Garandiya,Garandiya,,11.6439,9.1498,Nigeria,NG,NGA,Kano,Kano,NG-KN,state,,637.0,,,3,Africa/Lagos,FALSE,1566999744
Ketti,Ketti,,8.8958,7.3783,Nigeria,NG,NGA,Federal Capital Territory,Federal Capital Territory,NG-FC,capital territory,,1693.0,,,3,Africa/Lagos,FALSE,1566825568
Aba-Oyo,Aba-Oyo,,8.0460,4.0845,Nigeria,NG,NGA,Oyo,Oyo,NG-OY,state,,122.2,,,4,Africa/Lagos,FALSE,1566004803
Awum,Awum,,8.9358,8.2989,Nigeria,NG,NGA,Nasarawa,Nasarawa,NG-NA,state,,195.8,,,4,Africa/Lagos,FALSE,1566006890
Ago-Nathaniel,Ago-Nathaniel,,7.1298,4.5423,Nigeria,NG,NGA,Osun,Osun,NG-OS,state,,293.4,,,3,Africa/Lagos,FALSE,1566004726
Ago-Nathaniel,Ago-Nathaniel,,7.2862,4.6895,Nigeria,NG,NGA,Osun,Osun,NG-OS,state,,239.8,,,3,Africa/Lagos,TRUE,1566005045
Kukurahe,Kukurahe,,10.3840,12.7123,Nigeria,NG,NGA,Adamawa,Adamawa,NG-AD,state,,102.2,,,4,Africa/Lagos,FALSE,1566171035
Ugbalo,Ugbalo,Ugbaro,6.7954,6.3185,Nigeria,NG,NGA,Edo,Edo,NG-ED,state,,595.6,,,3,Africa/Lagos,FALSE,1566925719
Ungwan Zaria,Ungwan Zaria,Rinze|Ancho,9.0160,8.2945,Nigeria,NG,NGA,Nasarawa,Nasarawa,NG-NA,state,,195.8,,,4,Africa/Lagos,FALSE,1566973621
Ebi-Npalejo,Ebi-Npalejo,Ebi-Jpalejo,7.6865,3.5441,Nigeria,NG,NGA,Oyo,Oyo,NG-OY,state,,222.6,,,3,Africa/Lagos,FALSE,1566007340
Ama-Ekpu,Ama-Ekpu,,5.8230,7.8510,Nigeria,NG,NGA,Imo,Imo,NG-IM,state,,697.2,,,3,Africa/Lagos,FALSE,1566825119
Kona Dotom,Kona Dotom,,9.2386,10.8503,Nigeria,NG,NGA,Taraba,Taraba,NG-TA,state,,42.4,,,4,Africa/Lagos,FALSE,1566086470
Tudun Haske,Tudun Haske,,7.4082,10.5084,Nigeria,NG,NGA,Taraba,Taraba,NG-TA,state,,57.9,,,4,Africa/Lagos,FALSE,1566404653
Bidirime,Bidirime,,9.8223,12.2267,Nigeria,NG,NGA,Adamawa,Adamawa,NG-AD,state,,135.8,,,4,Africa/Lagos,FALSE,1566006315
Ugboritseduwa,Ugboritseduwa,,5.7511,5.5967,Nigeria,NG,NGA,Delta,Delta,NG-DE,state,,914.5,,,3,Africa/Lagos,FALSE,1566523785
Ntara Three,Ntara Three,Ntara,6.4324,8.6088,Nigeria,NG,NGA,Cross River,Cross River,NG-CR,state,,257.6,,,3,Africa/Lagos,FALSE,1566214752
Kuhu,Kuhu,,10.4732,9.7682,Nigeria,NG,NGA,Bauchi,Bauchi,NG-BA,state,,194.5,,,4,Africa/Lagos,FALSE,1566184988
Pbale Banteka,Pbale Banteka,,12.2130,8.5996,Nigeria,NG,NGA,Kano,Kano,NG-KN,state,,849.4,,,3,Africa/Lagos,FALSE,1566532008
Asorope,Asorope,,8.5948,5.1712,Nigeria,NG,NGA,Kwara,Kwara,NG-KW,state,,87.4,,,4,Africa/Lagos,FALSE,1566792137
Sarkin Ruwa,SarkinRuwa,,9.2108,4.8774,Nigeria,NG,NGA,Kwara,Kwara,NG-KW,state,,102.5,,,4,Africa/Lagos,FALSE,1566008384
Umuokolo,Umuokolo,,5.9208,6.4815,Nigeria,NG,NGA,Delta,Delta,NG-DE,state,,98.6,,,4,Africa/Lagos,FALSE,1566566126
Wagaho,Wagaho,,10.7676,8.5567,Nigeria,NG,NGA,Kaduna,Kaduna,NG-KD,state,,169.8,,,4,Africa/Lagos,FALSE,1566288183
Obarayi,Obarayi,,4.9183,6.5767,Nigeria,NG,NGA,Rivers,Rivers,NG-RI,state,,652.1,,,3,Africa/Lagos,FALSE,1566246274
Kolokolo,Kolokolo,Kolokola,5.7990,5.1803,Nigeria,NG,NGA,Delta,Delta,NG-DE,state,,130.4,,,4,Africa/Lagos,FALSE,1566390855
Wamngo Galdi,Wamngo Galdi,,10.0173,13.0984,Nigeria,NG,NGA,Adamawa,Adamawa,NG-AD,state,,90.9,,,4,Africa/Lagos,FALSE,1566186697
Adeyemo,Adeyemo,,7.3575,5.4977,Nigeria,NG,NGA,Ondo,Ondo,NG-ON,state,,492.3,,,3,Africa/Lagos,FALSE,1566880880
Matseri,Matseri,,11.0101,6.4923,Nigeria,NG,NGA,Kaduna,Kaduna,NG-KD,state,,62.0,,,4,Africa/Lagos,FALSE,1566225350
Kufantanbu,Kufantanbu,,11.6901,7.5833,Nigeria,NG,NGA,Katsina,Katsina,NG-KT,state,,304.1,,,3,Africa/Lagos,FALSE,1566756170
Sabon Gwari,Sabon Gwari,,9.2681,6.6132,Nigeria,NG,NGA,Niger,Niger,NG-NI,state,,112.6,,,4,Africa/Lagos,FALSE,1566000682
Ohuada,Ohuada,,7.5967,6.9932,Nigeria,NG,NGA,Kogi,Kogi,NG-KO,state,,156.4,,,4,Africa/Lagos,FALSE,1566450829
Langawa,Langawa,,12.0376,10.3132,Nigeria,NG,NGA,Bauchi,Bauchi,NG-BA,state,,174.9,,,4,Africa/Lagos,FALSE,1566016712
Adeyemo,Adeyemo,,7.3965,3.7437,Nigeria,NG,NGA,Oyo,Oyo,NG-OY,state,,151.8,,,4,Africa/Lagos,FALSE,1566004154
Solosun,Solosun,,7.0437,3.2039,Nigeria,NG,NGA,Ogun,Ogun,NG-OG,state,,139.2,,,4,Africa/Lagos,FALSE,1566001589
Wiyakara,Wiyakara,Wijakara,4.6672,7.4195,Nigeria,NG,NGA,Rivers,Rivers,NG-RI,state,,879.9,,,3,Africa/Lagos,FALSE,1566631829
Gidan Kauyen Bassawa,Gidan Kauyen Bassawa,,10.8500,6.7500,Nigeria,NG,NGA,Kaduna,Kaduna,NG-KD,state,,62.0,,,4,Africa/Lagos,FALSE,1566071688
Jeri,Jeri,,10.1125,12.0861,Nigeria,NG,NGA,Adamawa,Adamawa,NG-AD,state,,134.0,,,4,Africa/Lagos,FALSE,1566425443
Kadiyal,Kadiyal,,10.7170,10.4694,Nigeria,NG,NGA,Bauchi,Bauchi,NG-BA,state,,81.9,,,4,Africa/Lagos,FALSE,1566989008
Andubu,Andubu,,11.5432,9.8219,Nigeria,NG,NGA,Jigawa,Jigawa,NG-JI,state,,234.1,,,3,Africa/Lagos,FALSE,1566799395
Yibanla,Yibanla,,9.0918,5.9344,Nigeria,NG,NGA,Niger,Niger,NG-NI,state,,112.2,,,4,Africa/Lagos,FALSE,1566404296
Shen,Shen,,9.7650,8.9096,Nigeria,NG,NGA,Plateau,Plateau,NG-PL,state,,943.2,,,3,Africa/Lagos,FALSE,1566026549
Ewu-Oliwo,Ewu-Oliwo,,6.7242,3.6537,Nigeria,NG,NGA,Ogun,Ogun,NG-OG,state,,644.7,,,3,Africa/Lagos,FALSE,1566510727
Akumba,Akumba,,8.0622,8.7828,Nigeria,NG,NGA,Benue,Benue,NG-BE,state,,109.5,,,4,Africa/Lagos,FALSE,1566828220
Sangotedo,Sangotedo,Shangotedo,6.4710,3.6356,Nigeria,NG,NGA,Lagos,Lagos,NG-LA,state,,2932.7,,,2,Africa/Lagos,FALSE,1566411985
Peikumogbene,Peikumogbene,,5.2782,5.6019,Nigeria,NG,NGA,Delta,Delta,NG-DE,state,,185.2,,,4,Africa/Lagos,FALSE,1566969992
Oguta,Oguta,,5.7104,6.8094,Nigeria,NG,NGA,Imo,Imo,NG-IM,state,minor,455.8,,,3,Africa/Lagos,FALSE,1566345974
Ajer,Ajer,,7.0978,8.8670,Nigeria,NG,NGA,Benue,Benue,NG-BE,state,,227.3,,,3,Africa/Lagos,FALSE,1566776114
Banda,Banda,,7.8833,6.7667,Nigeria,NG,NGA,Kogi,Kogi,NG-KO,state,,87.0,,,4,Africa/Lagos,FALSE,1566172375
Banda,Banda,,7.8890,6.7538,Nigeria,NG,NGA,Kogi,Kogi,NG-KO,state,,87.0,,,4,Africa/Lagos,TRUE,1566080460
Chonpu,Chonpu,,8.9629,11.1735,Nigeria,NG,NGA,Taraba,Taraba,NG-TA,state,,53.9,,,4,Africa/Lagos,FALSE,1566868004
Chachile,Chachile,,11.4769,13.9824,Nigeria,NG,NGA,Borno,Borno,NG-BO,state,,95.6,,,4,Africa/Lagos,FALSE,1566906910
Yapatali,Yapatali,,9.1299,11.7833,Nigeria,NG,NGA,Adamawa,Adamawa,NG-AD,state,,81.9,,,4,Africa/Lagos,FALSE,1566425659
Igborosun,Igborosun,,6.4987,2.9566,Nigeria,NG,NGA,Lagos,Lagos,NG-LA,state,,802.4,,,3,Africa/Lagos,FALSE,1566305230
Ungwan Fari,Ungwan Fari,,9.5397,8.2914,Nigeria,NG,NGA,Kaduna,Kaduna,NG-KD,state,,244.5,,,3,Africa/Lagos,FALSE,1566825283
Nasarawa Egon,Nasarawa Egon,Nassarawan Eggon|Nassarawa Eggon|Nassarawa Egon,8.7123,8.5406,Nigeria,NG,NGA,Nasarawa,Nasarawa,NG-NA,state,minor,185.6,,,3,Africa/Lagos,FALSE,1566008564
Mudawa,Mudawa,,11.7416,8.4453,Nigeria,NG,NGA,Kano,Kano,NG-KN,state,,928.3,,,3,Africa/Lagos,FALSE,1566908207
Wuro Burama,WuroBurama,,9.7751,12.0575,Nigeria,NG,NGA,Adamawa,Adamawa,NG-AD,state,,415.9,,,3,Africa/Lagos,FALSE,1566007891
Giwafa,Giwafa,,8.9324,8.5605,Nigeria,NG,NGA,Nasarawa,Nasarawa,NG-NA,state,,91.1,,,4,Africa/Lagos,FALSE,1566006566
Gboroji,Gboroji,,8.4376,7.3620,Nigeria,NG,NGA,Nasarawa,Nasarawa,NG-NA,state,,66.3,,,4,Africa/Lagos,FALSE,1566006268
Wangar,Wangar,,7.6828,9.3671,Nigeria,NG,NGA,Benue,Benue,NG-BE,state,,185.5,,,4,Africa/Lagos,FALSE,1566523173
Buen,Buen,Bwen|Bawe,8.8413,2.8946,Nigeria,NG,NGA,Kwara,Kwara,NG-KW,state,,29.6,,,4,Africa/Lagos,FALSE,1566817564
Tuntut,Tuntut,,8.9263,9.9225,Nigeria,NG,NGA,Plateau,Plateau,NG-PL,state,,38.2,,,4,Africa/Lagos,FALSE,1566556706
Oko,Oko,,8.1667,5.1667,Nigeria,NG,NGA,Kwara,Kwara,NG-KW,state,,293.7,,,3,Africa/Lagos,FALSE,1566609854
Oko,Oko,,8.6400,4.3850,Nigeria,NG,NGA,Kwara,Kwara,NG-KW,state,,117.9,,,4,Africa/Lagos,TRUE,1566006014
Oko,Oko,,8.7298,4.3697,Nigeria,NG,NGA,Kwara,Kwara,NG-KW,state,,50.7,,,4,Africa/Lagos,TRUE,1566006013
Oko,Oko,,8.6943,4.2773,Nigeria,NG,NGA,Kwara,Kwara,NG-KW,state,,50.7,,,4,Africa/Lagos,TRUE,1566006015
Fadurga,Fadurga,Fadurya,12.5201,10.8036,Nigeria,NG,NGA,Yobe,Yobe,NG-YO,state,,95.1,,,4,Africa/Lagos,FALSE,1566916550
Ituru,Ituru,,5.7746,5.7086,Nigeria,NG,NGA,Delta,Delta,NG-DE,state,,618.6,,,3,Africa/Lagos,FALSE,1566187081
Okwu-Ogbaku,Okwu-Ogbaku,,5.5723,6.9417,Nigeria,NG,NGA,Imo,Imo,NG-IM,state,,455.8,,,3,Africa/Lagos,FALSE,1566681199
Onikokoro,Onikokoro,,7.4501,3.9606,Nigeria,NG,NGA,Oyo,Oyo,NG-OY,state,,812.8,,,3,Africa/Lagos,FALSE,1566781948
Mbu Ntu,Mbu Ntu,,5.2333,5.4000,Nigeria,NG,NGA,Delta,Delta,NG-DE,state,,185.2,,,4,Africa/Lagos,FALSE,1566535132
Alagbe,Alagbe,,7.7667,3.7000,Nigeria,NG,NGA,Oyo,Oyo,NG-OY,state,,295.3,,,3,Africa/Lagos,FALSE,1566932693
Alagbe,Alagbe,,7.6881,3.8494,Nigeria,NG,NGA,Oyo,Oyo,NG-OY,state,,284.1,,,3,Africa/Lagos,TRUE,1566325254
Ndutiri,Ndutiri,,4.5259,6.5382,Nigeria,NG,NGA,Bayelsa,Bayelsa,NG-BY,state,,167.1,,,4,Africa/Lagos,FALSE,1566756018
Egenagbene,Egenagbene,,5.3929,5.5643,Nigeria,NG,NGA,Delta,Delta,NG-DE,state,,123.4,,,4,Africa/Lagos,FALSE,1566529582
Kirowa,Kirowa,,12.7833,8.6869,Nigeria,NG,NGA,Katsina,Katsina,NG-KT,state,,413.2,,,3,Africa/Lagos,FALSE,1566453999
Dabare,Dabare,,9.2760,12.5106,Nigeria,NG,NGA,Adamawa,Adamawa,NG-AD,state,,2260.5,,,2,Africa/Lagos,FALSE,1566003825
Idiata,Idiata,,7.5257,3.5539,Nigeria,NG,NGA,Oyo,Oyo,NG-OY,state,,222.6,,,3,Africa/Lagos,FALSE,1566313988
Ikot Obio Atai,Ikot Obio Atai,,5.0615,7.9242,Nigeria,NG,NGA,Akwa Ibom,Akwa Ibom,NG-AK,state,,1960.8,,,3,Africa/Lagos,FALSE,1566169093
Alagbe,Alagbe,,6.7739,2.9426,Nigeria,NG,NGA,Ogun,Ogun,NG-OG,state,,396.4,,,3,Africa/Lagos,FALSE,1566229262
Alagbe,Alagbe,,7.3357,3.2561,Nigeria,NG,NGA,Ogun,Ogun,NG-OG,state,,354.4,,,3,Africa/Lagos,TRUE,1566001627
Isaka,Isaka,,9.0330,6.4001,Nigeria,NG,NGA,Niger,Niger,NG-NI,state,,112.2,,,4,Africa/Lagos,FALSE,1566001008
Kubuku Garu,Kubuku Garu,Kukuku Garu,10.4191,11.9247,Nigeria,NG,NGA,Borno,Borno,NG-BO,state,,122.3,,,4,Africa/Lagos,FALSE,1566579924
Onya,Onya,,5.3295,6.4269,Nigeria,NG,NGA,Delta,Delta,NG-DE,state,,98.6,,,4,Africa/Lagos,FALSE,1566151377
Orente,Orente,,6.7152,3.2220,Nigeria,NG,NGA,Ogun,Ogun,NG-OG,state,,909.6,,,3,Africa/Lagos,FALSE,1566201860
Takanbogbene,Takanbogbene,,5.4106,5.5341,Nigeria,NG,NGA,Delta,Delta,NG-DE,state,,123.4,,,4,Africa/Lagos,FALSE,1566042178
Ogbema Koku,Ogbema Koku,Ogboma-Koku,4.7897,6.6421,Nigeria,NG,NGA,Rivers,Rivers,NG-RI,state,,652.1,,,3,Africa/Lagos,FALSE,1566738136
Belwa,Belwa,,10.4030,12.5552,Nigeria,NG,NGA,Borno,Borno,NG-BO,state,,92.2,,,4,Africa/Lagos,FALSE,1566230188
Togusilu,Togusilu,,6.6490,4.2014,Nigeria,NG,NGA,Ogun,Ogun,NG-OG,state,,77.2,,,4,Africa/Lagos,FALSE,1566166104
Swam,Swam,,7.7596,8.6539,Nigeria,NG,NGA,Benue,Benue,NG-BE,state,,559.0,,,3,Africa/Lagos,FALSE,1566870623
Choko,Choko,,9.0003,7.6389,Nigeria,NG,NGA,Nasarawa,Nasarawa,NG-NA,state,,120.7,,,4,Africa/Lagos,FALSE,1566417646
Emina,Emina,,6.5500,4.0833,Nigeria,NG,NGA,Ogun,Ogun,NG-OG,state,,194.3,,,4,Africa/Lagos,FALSE,1566832937
Sokuna,Sokuna,,7.0333,11.3833,Nigeria,NG,NGA,Taraba,Taraba,NG-TA,state,,67.6,,,4,Africa/Lagos,FALSE,1566398364
Gwado Sarki,Gwado Sarki,,9.1695,8.4494,Nigeria,NG,NGA,Kaduna,Kaduna,NG-KD,state,,172.3,,,4,Africa/Lagos,FALSE,1566448968
Kilibi,Kilibi,Kilibi-Oke,7.2790,4.4376,Nigeria,NG,NGA,Osun,Osun,NG-OS,state,,240.1,,,3,Africa/Lagos,FALSE,1566347497
Iwopin,Iwopin,Iwor,6.5087,4.1723,Nigeria,NG,NGA,Ogun,Ogun,NG-OG,state,,123.9,,,4,Africa/Lagos,FALSE,1566513961
Kabarin Batore,Kabarin Batore,,7.8167,11.0667,Nigeria,NG,NGA,Taraba,Taraba,NG-TA,state,,15.7,,,4,Africa/Lagos,FALSE,1566245726
Atswe,Atswe,,7.4048,8.8247,Nigeria,NG,NGA,Benue,Benue,NG-BE,state,,280.6,,,3,Africa/Lagos,FALSE,1566081008
Kakara,Kakara,,12.0183,8.6507,Nigeria,NG,NGA,Kano,Kano,NG-KN,state,,1214.6,,,3,Africa/Lagos,FALSE,1566827983
Ilomiri,Ilomiri,,13.1204,11.0525,Nigeria,NG,NGA,Yobe,Yobe,NG-YO,state,,41.3,,,4,Africa/Lagos,FALSE,1566826143
Eta,Eta,,7.3095,3.4882,Nigeria,NG,NGA,Ogun,Ogun,NG-OG,state,,122.0,,,4,Africa/Lagos,FALSE,1566002604
Fotta,Fotta,,10.0943,12.3362,Nigeria,NG,NGA,Adamawa,Adamawa,NG-AD,state,,135.8,,,4,Africa/Lagos,FALSE,1566700632
Gidan Sarkin Adar,Gidan Sarkin Adar,,13.1300,5.5354,Nigeria,NG,NGA,Sokoto,Sokoto,NG-SO,state,,85.2,,,4,Africa/Lagos,FALSE,1566063727
Yako,Yako,,10.0167,6.7500,Nigeria,NG,NGA,Niger,Niger,NG-NI,state,,71.0,,,4,Africa/Lagos,FALSE,1566728590
Bia Buki,Bia Buki,,12.0312,6.8405,Nigeria,NG,NGA,Zamfara,Zamfara,NG-ZA,state,,196.0,,,4,Africa/Lagos,FALSE,1566046935
Alhaji,Alhaji,,8.5071,4.3837,Nigeria,NG,NGA,Kwara,Kwara,NG-KW,state,,117.9,,,4,Africa/Lagos,FALSE,1566005870
Alhaji,Alhaji,,8.6569,4.4141,Nigeria,NG,NGA,Kwara,Kwara,NG-KW,state,,116.9,,,4,Africa/Lagos,TRUE,1566005868
Gidan Yausa,Gidan Yausa,,7.3283,10.4571,Nigeria,NG,NGA,Taraba,Taraba,NG-TA,state,,57.3,,,4,Africa/Lagos,FALSE,1566575597
Oloyin,Oloyin,,7.7314,4.5352,Nigeria,NG,NGA,Osun,Osun,NG-OS,state,,1498.0,,,3,Africa/Lagos,FALSE,1566002325
Oloyin,Oloyin,,7.2289,4.2517,Nigeria,NG,NGA,Osun,Osun,NG-OS,state,,218.2,,,3,Africa/Lagos,TRUE,1566002710
Oloyin,Oloyin,,7.4184,4.3212,Nigeria,NG,NGA,Osun,Osun,NG-OS,state,,218.2,,,3,Africa/Lagos,TRUE,1566002853
Oloyin,Oloyin,,7.5661,4.6644,Nigeria,NG,NGA,Osun,Osun,NG-OS,state,,181.1,,,4,Africa/Lagos,TRUE,1566001975
Lalemo,Lalemo,,8.0135,4.3528,Nigeria,NG,NGA,Oyo,Oyo,NG-OY,state,,274.8,,,3,Africa/Lagos,FALSE,1566883592
Oloyin,Oloyin,,7.8474,3.8456,Nigeria,NG,NGA,Oyo,Oyo,NG-OY,state,,405.7,,,3,Africa/Lagos,FALSE,1566007293
Wuyo,Wuyo,,10.3852,11.6968,Nigeria,NG,NGA,Borno,Borno,NG-BO,state,,117.8,,,4,Africa/Lagos,FALSE,1566038222
Ganyo,Ganyo,,8.1833,11.1667,Nigeria,NG,NGA,Taraba,Taraba,NG-TA,state,,36.7,,,4,Africa/Lagos,FALSE,1566000314
Pavun,Pavun,,7.0215,8.7704,Nigeria,NG,NGA,Benue,Benue,NG-BE,state,,219.8,,,3,Africa/Lagos,FALSE,1566283890
Pavun,Pavun,,7.2457,9.4030,Nigeria,NG,NGA,Benue,Benue,NG-BE,state,,126.0,,,4,Africa/Lagos,TRUE,1566453975
Tsofon Birnin,Tsofon Birnin,,10.9667,5.6500,Nigeria,NG,NGA,Niger,Niger,NG-NI,state,,63.2,,,4,Africa/Lagos,FALSE,1566270688
Unhambe,Unhambe,,7.7091,8.3004,Nigeria,NG,NGA,Benue,Benue,NG-BE,state,,147.6,,,4,Africa/Lagos,FALSE,1566424100
Dakai,Dakai,,12.0338,7.0241,Nigeria,NG,NGA,Zamfara,Zamfara,NG-ZA,state,,196.0,,,4,Africa/Lagos,FALSE,1566654830
Ikot Anim Inyang,Ikot Anim Inyang,,5.3719,8.0971,Nigeria,NG,NGA,Cross River,Cross River,NG-CR,state,,202.8,,,3,Africa/Lagos,FALSE,1566590500
Aloba,Aloba,,7.4075,4.1087,Nigeria,NG,NGA,Oyo,Oyo,NG-OY,state,,2353.7,,,2,Africa/Lagos,FALSE,1566003442
Aloba,Aloba,,7.4214,3.6973,Nigeria,NG,NGA,Oyo,Oyo,NG-OY,state,,151.8,,,4,Africa/Lagos,TRUE,1566004116
Aloba,Aloba,,8.6186,4.0100,Nigeria,NG,NGA,Oyo,Oyo,NG-OY,state,,122.5,,,4,Africa/Lagos,TRUE,1566005980
Aloba,Aloba,,8.6252,4.1035,Nigeria,NG,NGA,Oyo,Oyo,NG-OY,state,,122.5,,,4,Africa/Lagos,TRUE,1566005981
Aloba,Aloba,,8.3933,4.3662,Nigeria,NG,NGA,Oyo,Oyo,NG-OY,state,,117.9,,,4,Africa/Lagos,TRUE,1566005406
Aloba,Aloba,,7.6023,4.5265,Nigeria,NG,NGA,Osun,Osun,NG-OS,state,,500.9,,,3,Africa/Lagos,FALSE,1566001779
Sabaru,Sabaru,,12.6933,8.4571,Nigeria,NG,NGA,Jigawa,Jigawa,NG-JI,state,,331.2,,,3,Africa/Lagos,FALSE,1566494597
Nikorogha,Nikorogha,,5.1764,5.7078,Nigeria,NG,NGA,Delta,Delta,NG-DE,state,,185.2,,,4,Africa/Lagos,FALSE,1566755170
Dungten,Dungten,,8.9609,9.8075,Nigeria,NG,NGA,Plateau,Plateau,NG-PL,state,,262.8,,,3,Africa/Lagos,FALSE,1566511836
Gurfai,Gurfai,,12.6522,8.7867,Nigeria,NG,NGA,Katsina,Katsina,NG-KT,state,,300.5,,,3,Africa/Lagos,FALSE,1566197624
Amon,Amon,,6.0601,8.1670,Nigeria,NG,NGA,Ebonyi,Ebonyi,NG-EB,state,,681.2,,,3,Africa/Lagos,FALSE,1566922631
Ngolwanwurta,Ngolwanwurta,,10.2456,12.3899,Nigeria,NG,NGA,Adamawa,Adamawa,NG-AD,state,,135.8,,,4,Africa/Lagos,FALSE,1566072253
Shasha,Shasha,,7.1282,4.3777,Nigeria,NG,NGA,Osun,Osun,NG-OS,state,,218.2,,,3,Africa/Lagos,FALSE,1566303851
Shasha,Shasha,,7.5915,4.6466,Nigeria,NG,NGA,Osun,Osun,NG-OS,state,,181.1,,,4,Africa/Lagos,TRUE,1566002040
Ayua,Ayua,,7.2833,8.7483,Nigeria,NG,NGA,Benue,Benue,NG-BE,state,,280.6,,,3,Africa/Lagos,FALSE,1566089213
Ayua,Ayua,,7.3419,8.6128,Nigeria,NG,NGA,Benue,Benue,NG-BE,state,,220.4,,,3,Africa/Lagos,TRUE,1566546730
Ayua,Ayua,,7.1649,8.5356,Nigeria,NG,NGA,Benue,Benue,NG-BE,state,,219.8,,,3,Africa/Lagos,TRUE,1566538619
Ayua,Ayua,,7.1420,8.6790,Nigeria,NG,NGA,Benue,Benue,NG-BE,state,,219.8,,,3,Africa/Lagos,TRUE,1566361299
Ayua,Ayua,,7.0898,9.0846,Nigeria,NG,NGA,Benue,Benue,NG-BE,state,,198.8,,,4,Africa/Lagos,TRUE,1566817101
Ayua,Ayua,,7.2718,9.4168,Nigeria,NG,NGA,Benue,Benue,NG-BE,state,,126.0,,,4,Africa/Lagos,TRUE,1566168406
Ayua,Ayua,,7.3259,8.2476,Nigeria,NG,NGA,Benue,Benue,NG-BE,state,,101.8,,,4,Africa/Lagos,TRUE,1566895248
Ayua,Ayua,,7.2452,8.4257,Nigeria,NG,NGA,Benue,Benue,NG-BE,state,,101.8,,,4,Africa/Lagos,TRUE,1566458971
Koji,Koji,Kojo|Kojio,13.4483,5.6150,Nigeria,NG,NGA,Sokoto,Sokoto,NG-SO,state,,171.8,,,4,Africa/Lagos,FALSE,1566572845
Isadu,Isadu,,9.1563,6.2798,Nigeria,NG,NGA,Niger,Niger,NG-NI,state,,112.2,,,4,Africa/Lagos,FALSE,1566890854
Atan-Akinlade,Atan-Akinlade,,6.6595,2.8761,Nigeria,NG,NGA,Ogun,Ogun,NG-OG,state,,396.4,,,3,Africa/Lagos,FALSE,1566003630
Oyiwo,Oyiwo,,7.0210,8.4465,Nigeria,NG,NGA,Benue,Benue,NG-BE,state,,101.8,,,4,Africa/Lagos,FALSE,1566751150
Ohunene,Ohunene,,7.4661,6.6659,Nigeria,NG,NGA,Kogi,Kogi,NG-KO,state,,138.1,,,4,Africa/Lagos,FALSE,1566238082
Lakau,Lakau,,10.3429,10.7852,Nigeria,NG,NGA,Bauchi,Bauchi,NG-BA,state,,90.3,,,4,Africa/Lagos,FALSE,1566295423
Nguruja,Nguruja,,8.5609,12.3054,Nigeria,NG,NGA,Adamawa,Adamawa,NG-AD,state,,139.2,,,4,Africa/Lagos,FALSE,1566497927
Effokwo,Effokwo,Effokwa,6.5755,7.5378,Nigeria,NG,NGA,Enugu,Enugu,NG-EN,state,,1227.6,,,3,Africa/Lagos,FALSE,1566401799
Fowowawo,Fowowawo,,6.5980,3.1354,Nigeria,NG,NGA,Ogun,Ogun,NG-OG,state,,909.6,,,3,Africa/Lagos,FALSE,1566045259
Gadin Laydna,Gadin Laydna,,9.7650,6.7077,Nigeria,NG,NGA,Niger,Niger,NG-NI,state,,71.0,,,4,Africa/Lagos,FALSE,1566492554
Gir,Gir,,9.4509,10.3662,Nigeria,NG,NGA,Plateau,Plateau,NG-PL,state,,79.9,,,4,Africa/Lagos,FALSE,1566262772
Bujimirum,Bujimirum,Katarko,11.5619,11.9166,Nigeria,NG,NGA,Yobe,Yobe,NG-YO,state,,61.8,,,4,Africa/Lagos,FALSE,1566243922
Iwo Eto,Iwo Eto,,4.7234,7.8294,Nigeria,NG,NGA,Akwa Ibom,Akwa Ibom,NG-AK,state,,1541.2,,,3,Africa/Lagos,FALSE,1566624143
Gidan Matomi,Gidan Matomi,,13.0947,5.3278,Nigeria,NG,NGA,Sokoto,Sokoto,NG-SO,state,,288.6,,,3,Africa/Lagos,FALSE,1566754622
Ayanboko,Ayanboko,,4.4771,7.3654,Nigeria,NG,NGA,Rivers,Rivers,NG-RI,state,,1789.1,,,3,Africa/Lagos,FALSE,1566514179
Umudi,Umudi,,5.7585,7.1420,Nigeria,NG,NGA,Imo,Imo,NG-IM,state,,2880.9,,,2,Africa/Lagos,FALSE,1566068630
Ungwan Idi Mai Jakkai,Ungwan Idi Mai Jakkai,,11.4442,7.3002,Nigeria,NG,NGA,Katsina,Katsina,NG-KT,state,,700.0,,,3,Africa/Lagos,FALSE,1566366011
Okpulukpu,Okpulukpu,,5.9678,7.1591,Nigeria,NG,NGA,Anambra,Anambra,NG-AN,state,,1154.8,,,3,Africa/Lagos,FALSE,1566706942
Amechi,Amechi,,5.9908,7.8630,Nigeria,NG,NGA,Ebonyi,Ebonyi,NG-EB,state,,721.6,,,3,Africa/Lagos,FALSE,1566261255
Amechi,Amechi,,6.4105,7.9815,Nigeria,NG,NGA,Ebonyi,Ebonyi,NG-EB,state,,533.5,,,3,Africa/Lagos,TRUE,1566608843
Gaibo,Gaibo,,9.2178,7.9585,Nigeria,NG,NGA,Nasarawa,Nasarawa,NG-NA,state,,120.7,,,4,Africa/Lagos,FALSE,1566339555
Shigagi,Shigagi,Shikagi,10.6042,7.5467,Nigeria,NG,NGA,Kaduna,Kaduna,NG-KD,state,,185.3,,,4,Africa/Lagos,FALSE,1566729633
Olobe,Olobe,,7.2286,3.5957,Nigeria,NG,NGA,Ogun,Ogun,NG-OG,state,,122.0,,,4,Africa/Lagos,FALSE,1566003798
Wuro Sarkin Baka,WuroSarkinBaka,,9.7782,12.4966,Nigeria,NG,NGA,Adamawa,Adamawa,NG-AD,state,,66.3,,,4,Africa/Lagos,FALSE,1566008326
Usaka-Umu-Ofo,Usaka-Umu-Ofo,,5.2968,7.5114,Nigeria,NG,NGA,Abia,Abia,NG-AB,state,,861.8,,,3,Africa/Lagos,FALSE,1566506845
Babawa,Babawa,,12.0594,8.6592,Nigeria,NG,NGA,Kano,Kano,NG-KN,state,,1214.6,,,3,Africa/Lagos,FALSE,1566183335
Maizuwo,Maizuwo,,12.4691,8.8699,Nigeria,NG,NGA,Jigawa,Jigawa,NG-JI,state,,300.5,,,3,Africa/Lagos,FALSE,1566711072
Wuro Medi,Wuro Medi,,9.4007,12.5739,Nigeria,NG,NGA,Adamawa,Adamawa,NG-AD,state,,201.8,,,3,Africa/Lagos,FALSE,1566188371
Ikot Eyem Imo,Ikot Eyem Imo,,4.6494,7.6007,Nigeria,NG,NGA,Akwa Ibom,Akwa Ibom,NG-AK,state,,637.1,,,3,Africa/Lagos,FALSE,1566685323
Ajetowa,Ajetowa,,8.9987,3.9295,Nigeria,NG,NGA,Oyo,Oyo,NG-OY,state,,179.2,,,4,Africa/Lagos,FALSE,1566596165
Gargala,Gargala,,8.4063,10.5738,Nigeria,NG,NGA,Taraba,Taraba,NG-TA,state,,61.1,,,4,Africa/Lagos,FALSE,1566267404
Dzakwa,Dzakwa,,10.3572,13.1638,Nigeria,NG,NGA,Adamawa,Adamawa,NG-AD,state,,90.9,,,4,Africa/Lagos,FALSE,1566973741
Olobe,Olobe,,7.3579,4.3593,Nigeria,NG,NGA,Osun,Osun,NG-OS,state,,218.2,,,3,Africa/Lagos,FALSE,1566002919
Bwari,Bwari,,9.2799,7.3804,Nigeria,NG,NGA,Federal Capital Territory,Federal Capital Territory,NG-FC,capital territory,minor,976.8,,,3,Africa/Lagos,FALSE,1566846293
Ayong,Ayong,,4.8484,6.4829,Nigeria,NG,NGA,Rivers,Rivers,NG-RI,state,,652.1,,,3,Africa/Lagos,FALSE,1566203732
Olobe,Olobe,,7.8449,3.8861,Nigeria,NG,NGA,Oyo,Oyo,NG-OY,state,,405.7,,,3,Africa/Lagos,FALSE,1566006976
Olobe,Olobe,,8.6607,3.9902,Nigeria,NG,NGA,Oyo,Oyo,NG-OY,state,,122.5,,,4,Africa/Lagos,TRUE,1566159174
Olobe,Olobe,,8.6802,4.2082,Nigeria,NG,NGA,Oyo,Oyo,NG-OY,state,,120.1,,,4,Africa/Lagos,TRUE,1566040283
Iname,Iname,,13.1968,4.9635,Nigeria,NG,NGA,Sokoto,Sokoto,NG-SO,state,,299.0,,,3,Africa/Lagos,FALSE,1566878520
Tsakpazhi,Tsakpazhi,,9.3317,5.9372,Nigeria,NG,NGA,Niger,Niger,NG-NI,state,,112.2,,,4,Africa/Lagos,FALSE,1566760451
Umueje,Umueje,,6.0350,7.2497,Nigeria,NG,NGA,Anambra,Anambra,NG-AN,state,,687.7,,,3,Africa/Lagos,FALSE,1566665562
Umueje,Umueje,,6.6913,6.9545,Nigeria,NG,NGA,Anambra,Anambra,NG-AN,state,,403.5,,,3,Africa/Lagos,TRUE,1566500931
Efandion,Efandion,Efahdion|Ifadion,6.7023,6.3412,Nigeria,NG,NGA,Edo,Edo,NG-ED,state,,509.8,,,3,Africa/Lagos,FALSE,1566781048
Alayo,Alayo,,7.7653,4.9488,Nigeria,NG,NGA,Ekiti,Ekiti,NG-EK,state,,972.3,,,3,Africa/Lagos,FALSE,1566003204
Sumari,Sumari,,8.7991,12.2619,Nigeria,NG,NGA,Adamawa,Adamawa,NG-AD,state,,139.2,,,4,Africa/Lagos,FALSE,1566694083
Laro,Laro,,7.5561,3.9350,Nigeria,NG,NGA,Oyo,Oyo,NG-OY,state,,689.6,,,3,Africa/Lagos,FALSE,1566762378
Laro,Laro,,7.7858,4.0275,Nigeria,NG,NGA,Oyo,Oyo,NG-OY,state,,284.1,,,3,Africa/Lagos,TRUE,1566006825
Laro,Laro,,8.3627,4.1939,Nigeria,NG,NGA,Oyo,Oyo,NG-OY,state,,122.2,,,4,Africa/Lagos,TRUE,1566004830
Atuku,Atuku,,9.4795,8.4460,Nigeria,NG,NGA,Kaduna,Kaduna,NG-KD,state,,244.5,,,3,Africa/Lagos,FALSE,1566529615
Ahoro-Elemo,Ahoro-Elemo,Ahoro Elemo,8.2349,4.1376,Nigeria,NG,NGA,Oyo,Oyo,NG-OY,state,,122.2,,,4,Africa/Lagos,FALSE,1566987148
Dumsum,Dumsum,,10.0972,12.3221,Nigeria,NG,NGA,Adamawa,Adamawa,NG-AD,state,,135.8,,,4,Africa/Lagos,FALSE,1566858874
Egbolom,Egbolom,,4.7923,6.6691,Nigeria,NG,NGA,Rivers,Rivers,NG-RI,state,,652.1,,,3,Africa/Lagos,FALSE,1566006441
Munda,Munda,,10.3589,10.8371,Nigeria,NG,NGA,Gombe,Gombe,NG-GO,state,,90.3,,,4,Africa/Lagos,FALSE,1566973925
Obedamagu,Obedamagu,Abedamegu,7.1659,7.0355,Nigeria,NG,NGA,Kogi,Kogi,NG-KO,state,,110.9,,,4,Africa/Lagos,FALSE,1566781819
Ivue,Ivue,Ivune,6.7379,6.2732,Nigeria,NG,NGA,Edo,Edo,NG-ED,state,,529.5,,,3,Africa/Lagos,FALSE,1566530328
Tsehzege,Tsehzege,,7.5502,9.3158,Nigeria,NG,NGA,Benue,Benue,NG-BE,state,,185.5,,,4,Africa/Lagos,FALSE,1566300544
Kuruhi,Kuruhi,,13.6512,5.9773,Nigeria,NG,NGA,Sokoto,Sokoto,NG-SO,state,,175.4,,,4,Africa/Lagos,FALSE,1566912869
Apakere,Apakere,,8.4235,4.8489,Nigeria,NG,NGA,Kwara,Kwara,NG-KW,state,,87.4,,,4,Africa/Lagos,FALSE,1566007352
Orie,Orie,,5.5094,6.3244,Nigeria,NG,NGA,Delta,Delta,NG-DE,state,,520.6,,,3,Africa/Lagos,FALSE,1566958415
Gwahenba,Gwahenba,,8.1863,8.6774,Nigeria,NG,NGA,Nasarawa,Nasarawa,NG-NA,state,,115.0,,,4,Africa/Lagos,FALSE,1566438690
Kwi,Kwi,,9.6243,8.8483,Nigeria,NG,NGA,Plateau,Plateau,NG-PL,state,,307.5,,,3,Africa/Lagos,FALSE,1566955554
Okolomabie,Okolomabie,,4.4961,7.2982,Nigeria,NG,NGA,Rivers,Rivers,NG-RI,state,,646.3,,,3,Africa/Lagos,FALSE,1566473916
Okunbiri,Okunbiri,Okumbiri,4.3044,6.0258,Nigeria,NG,NGA,Bayelsa,Bayelsa,NG-BY,state,,167.1,,,4,Africa/Lagos,FALSE,1566458966
Gbakel,Gbakel,,7.2657,6.6658,Nigeria,NG,NGA,Edo,Edo,NG-ED,state,,138.1,,,4,Africa/Lagos,FALSE,1566936933
Palta,Palta,,10.1959,11.5970,Nigeria,NG,NGA,Gombe,Gombe,NG-GO,state,,192.0,,,4,Africa/Lagos,FALSE,1566648187
Kawadata,Kawadata,,13.3811,5.6429,Nigeria,NG,NGA,Sokoto,Sokoto,NG-SO,state,,171.8,,,4,Africa/Lagos,FALSE,1566075539
Gujin,Gujin,Gujeni|Gujini,9.4481,7.3823,Nigeria,NG,NGA,Kaduna,Kaduna,NG-KD,state,,161.0,,,4,Africa/Lagos,FALSE,1566737073
Gang Larani,Gang Larani,,8.3333,12.2167,Nigeria,NG,NGA,Adamawa,Adamawa,NG-AD,state,,136.0,,,4,Africa/Lagos,FALSE,1566186712
Yanyo,Yanyo,,8.9806,11.8150,Nigeria,NG,NGA,Taraba,Taraba,NG-TA,state,,212.8,,,3,Africa/Lagos,FALSE,1566484114
Roora,Roora,,11.7323,4.4144,Nigeria,NG,NGA,Kebbi,Kebbi,NG-KE,state,,178.6,,,4,Africa/Lagos,FALSE,1566784777
Aba Owode,Aba Owode,,7.8243,4.7372,Nigeria,NG,NGA,Osun,Osun,NG-OS,state,,343.0,,,3,Africa/Lagos,FALSE,1566002685
Wuro Mbaya,Wuro Mbaya,,10.2404,13.1226,Nigeria,NG,NGA,Adamawa,Adamawa,NG-AD,state,,90.9,,,4,Africa/Lagos,FALSE,1566102582
Parda,Parda,,11.1850,8.9953,Nigeria,NG,NGA,Bauchi,Bauchi,NG-BA,state,,115.8,,,4,Africa/Lagos,FALSE,1566997906
Parda,Parda,,10.2474,12.0764,Nigeria,NG,NGA,Borno,Borno,NG-BO,state,,134.0,,,4,Africa/Lagos,FALSE,1566985918
Monguna,Monguna,Hausa|Monguna Hausawa,9.3121,8.8600,Nigeria,NG,NGA,Plateau,Plateau,NG-PL,state,,174.2,,,4,Africa/Lagos,FALSE,1566806729
Owode-Erintuntun,Owode-Erintuntun,,7.3225,4.7489,Nigeria,NG,NGA,Osun,Osun,NG-OS,state,,181.1,,,4,Africa/Lagos,FALSE,1566005191
Adesina,Adesina,,7.6683,4.5489,Nigeria,NG,NGA,Osun,Osun,NG-OS,state,,500.9,,,3,Africa/Lagos,FALSE,1566001896
Daganya,Daganya,,12.6306,7.6643,Nigeria,NG,NGA,Katsina,Katsina,NG-KT,state,,442.3,,,3,Africa/Lagos,FALSE,1566233763
Worra,Worra,,9.1771,8.1224,Nigeria,NG,NGA,Kaduna,Kaduna,NG-KD,state,,244.5,,,3,Africa/Lagos,FALSE,1566500483
Donga Yawa,Donga Yawa,,8.8072,12.1541,Nigeria,NG,NGA,Adamawa,Adamawa,NG-AD,state,,103.1,,,4,Africa/Lagos,FALSE,1566425346
Ajegunle-Idera,Ajegunle-Idera,,8.3520,4.8575,Nigeria,NG,NGA,Kwara,Kwara,NG-KW,state,,266.5,,,3,Africa/Lagos,FALSE,1566007698
Adesina,Adesina,,7.3501,3.9601,Nigeria,NG,NGA,Oyo,Oyo,NG-OY,state,,1336.2,,,3,Africa/Lagos,FALSE,1566467800
Gidan Maijaki,Gidan Maijaki,,10.3682,6.3723,Nigeria,NG,NGA,Niger,Niger,NG-NI,state,,83.7,,,4,Africa/Lagos,FALSE,1566403306
Alegu,Alegu,,5.3055,6.6236,Nigeria,NG,NGA,Rivers,Rivers,NG-RI,state,,637.7,,,3,Africa/Lagos,FALSE,1566804416
Akuv,Akuv,,7.3483,9.4801,Nigeria,NG,NGA,Benue,Benue,NG-BE,state,,126.0,,,4,Africa/Lagos,FALSE,1566521240
Gankoi Ase,Gankoi Ase,,7.5757,10.3611,Nigeria,NG,NGA,Taraba,Taraba,NG-TA,state,,57.9,,,4,Africa/Lagos,FALSE,1566096444
Okuodibo,Okuodibo,,5.8398,5.8094,Nigeria,NG,NGA,Delta,Delta,NG-DE,state,,576.6,,,3,Africa/Lagos,FALSE,1566208225
Kpohokpo,Kpohokpo,,5.8672,7.6429,Nigeria,NG,NGA,Abia,Abia,NG-AB,state,,615.3,,,3,Africa/Lagos,FALSE,1566948920
Arak,Arak,,9.3868,8.3641,Nigeria,NG,NGA,Kaduna,Kaduna,NG-KD,state,,244.5,,,3,Africa/Lagos,FALSE,1566810652
Barakin Gurum,Barakin Gurum,,10.0351,8.8413,Nigeria,NG,NGA,Plateau,Plateau,NG-PL,state,,190.5,,,4,Africa/Lagos,FALSE,1566877124
Agbede,Agbede,,6.7613,2.8721,Nigeria,NG,NGA,Ogun,Ogun,NG-OG,state,,396.4,,,3,Africa/Lagos,FALSE,1566003649
Agbede,Agbede,,7.3372,2.9785,Nigeria,NG,NGA,Ogun,Ogun,NG-OG,state,,145.1,,,4,Africa/Lagos,TRUE,1566123468
Agbede,Agbede,,7.2368,3.4527,Nigeria,NG,NGA,Ogun,Ogun,NG-OG,state,,122.0,,,4,Africa/Lagos,TRUE,1566002562
Manakweri,Manakweri,,9.2255,11.6216,Nigeria,NG,NGA,Taraba,Taraba,NG-TA,state,,77.8,,,4,Africa/Lagos,FALSE,1566009244
Tirjio,Tirjio,,10.5505,13.3617,Nigeria,NG,NGA,Adamawa,Adamawa,NG-AD,state,,330.5,,,3,Africa/Lagos,FALSE,1566321081
Yadi Kukuwa,Yadi Kukuwa,,11.1496,11.8818,Nigeria,NG,NGA,Yobe,Yobe,NG-YO,state,,71.1,,,4,Africa/Lagos,FALSE,1566018167
Gidan Maidoka,Gidan Maidoka,,10.3793,6.2343,Nigeria,NG,NGA,Niger,Niger,NG-NI,state,,83.7,,,4,Africa/Lagos,FALSE,1566767910
Ugbu,Ugbu,,7.6808,9.3390,Nigeria,NG,NGA,Benue,Benue,NG-BE,state,,185.5,,,4,Africa/Lagos,FALSE,1566160531
Ugbu,Ugbu,,7.6790,8.2310,Nigeria,NG,NGA,Benue,Benue,NG-BE,state,,147.6,,,4,Africa/Lagos,TRUE,1566126943
Owo,Owo,,5.8838,5.9438,Nigeria,NG,NGA,Edo,Edo,NG-ED,state,,115.0,,,4,Africa/Lagos,FALSE,1566508552
Kylema,Kylema,,9.2167,4.8167,Nigeria,NG,NGA,Niger,Niger,NG-NI,state,,102.5,,,4,Africa/Lagos,FALSE,1566759402
Chongwom Daji,Chongwom Daji,,9.7000,11.1500,Nigeria,NG,NGA,Gombe,Gombe,NG-GO,state,,276.2,,,3,Africa/Lagos,FALSE,1566685713
Gowahona,Gowahona,,10.3204,12.7563,Nigeria,NG,NGA,Adamawa,Adamawa,NG-AD,state,,102.2,,,4,Africa/Lagos,FALSE,1566406881
Agbede,Agbede,,7.5433,3.9897,Nigeria,NG,NGA,Oyo,Oyo,NG-OY,state,,689.6,,,3,Africa/Lagos,FALSE,1566938271
Agbede,Agbede,,7.7586,3.9497,Nigeria,NG,NGA,Oyo,Oyo,NG-OY,state,,284.1,,,3,Africa/Lagos,TRUE,1566008498
Owo,Owo,,6.5076,7.6932,Nigeria,NG,NGA,Enugu,Enugu,NG-EN,state,,272.0,,,3,Africa/Lagos,FALSE,1566298278
Bisagba,Bisagba,,8.8493,11.8378,Nigeria,NG,NGA,Taraba,Taraba,NG-TA,state,,212.8,,,3,Africa/Lagos,FALSE,1566769720
Lazbikolo,Lazbikolo,,9.0645,5.5178,Nigeria,NG,NGA,Niger,Niger,NG-NI,state,,322.5,,,3,Africa/Lagos,FALSE,1566001447
Tajan Kasa,Tajan Kasa,,9.5251,8.5511,Nigeria,NG,NGA,Kaduna,Kaduna,NG-KD,state,,242.5,,,3,Africa/Lagos,FALSE,1566658201
Safra,Safra,,10.5278,11.9428,Nigeria,NG,NGA,Borno,Borno,NG-BO,state,,122.3,,,4,Africa/Lagos,FALSE,1566740015
Sita,Sita,,7.0881,10.1690,Nigeria,NG,NGA,Taraba,Taraba,NG-TA,state,,47.7,,,4,Africa/Lagos,FALSE,1566055614
Oligie,Oligie,Oligi,6.3317,6.2200,Nigeria,NG,NGA,Edo,Edo,NG-ED,state,,115.0,,,4,Africa/Lagos,FALSE,1566948014
Ambere,Ambere,,11.6799,4.9754,Nigeria,NG,NGA,Kebbi,Kebbi,NG-KE,state,,70.7,,,4,Africa/Lagos,FALSE,1566736760
Isho,Isho,,7.3294,9.1601,Nigeria,NG,NGA,Benue,Benue,NG-BE,state,,280.6,,,3,Africa/Lagos,FALSE,1566942748
Isho,Isho,,7.1365,9.1103,Nigeria,NG,NGA,Benue,Benue,NG-BE,state,,198.8,,,4,Africa/Lagos,TRUE,1566711987
Ekemode,Ekemode,,7.3163,4.0036,Nigeria,NG,NGA,Oyo,Oyo,NG-OY,state,,1336.2,,,3,Africa/Lagos,FALSE,1566002275
Daffo,Daffo,,9.2185,8.8403,Nigeria,NG,NGA,Plateau,Plateau,NG-PL,state,,174.2,,,4,Africa/Lagos,FALSE,1566425968
Biginni,Biginni,,12.3258,6.8634,Nigeria,NG,NGA,Zamfara,Zamfara,NG-ZA,state,,189.6,,,4,Africa/Lagos,FALSE,1566294083
Otun-Ekiti,Otun-Ekiti,Awtun|Otun,7.9886,5.1229,Nigeria,NG,NGA,Ekiti,Ekiti,NG-EK,state,minor,1580.7,,,3,Africa/Lagos,FALSE,1566001034
Ungwar Mission,UngwarMission,,9.6803,12.2028,Nigeria,NG,NGA,Adamawa,Adamawa,NG-AD,state,,135.8,,,4,Africa/Lagos,FALSE,1566006556
Gwagwamdi,Gwagwamdi,Gogombi|Kokombi|Gokombi,10.7803,13.0740,Nigeria,NG,NGA,Borno,Borno,NG-BO,state,,75.3,,,4,Africa/Lagos,FALSE,1566046219
Mabat,Mabat,,9.6659,8.1944,Nigeria,NG,NGA,Kaduna,Kaduna,NG-KD,state,,182.3,,,4,Africa/Lagos,FALSE,1566218263
Eyo Nku,Eyo Nku,,4.7637,8.1075,Nigeria,NG,NGA,Akwa Ibom,Akwa Ibom,NG-AK,state,,589.8,,,3,Africa/Lagos,FALSE,1566954622
Yelwa,Yelwa,,12.1039,7.0924,Nigeria,NG,NGA,Zamfara,Zamfara,NG-ZA,state,,196.0,,,4,Africa/Lagos,FALSE,1566336918
Yelwa,Yelwa,,12.0571,6.9115,Nigeria,NG,NGA,Zamfara,Zamfara,NG-ZA,state,,196.0,,,4,Africa/Lagos,TRUE,1566113306
Yelwa,Yelwa,,11.9389,6.8571,Nigeria,NG,NGA,Zamfara,Zamfara,NG-ZA,state,,196.0,,,4,Africa/Lagos,TRUE,1566387440
Yelwa,Yelwa,,11.7823,7.0354,Nigeria,NG,NGA,Zamfara,Zamfara,NG-ZA,state,,171.5,,,4,Africa/Lagos,TRUE,1566403690
Nayiwa,Nayiwa,,12.2222,10.4104,Nigeria,NG,NGA,Bauchi,Bauchi,NG-BA,state,,148.8,,,4,Africa/Lagos,FALSE,1566832706
Daraye Kaura,Daraye Kaura,,13.1448,5.0635,Nigeria,NG,NGA,Sokoto,Sokoto,NG-SO,state,,470.3,,,3,Africa/Lagos,FALSE,1566521355
Adudu,Adudu,,8.3000,9.0000,Nigeria,NG,NGA,Nasarawa,Nasarawa,NG-NA,state,,173.5,,,4,Africa/Lagos,FALSE,1566384261
Adudu,Adudu,,8.3333,9.1833,Nigeria,NG,NGA,Nasarawa,Nasarawa,NG-NA,state,,63.9,,,4,Africa/Lagos,TRUE,1566598785
Guidan Fakkam,Guidan Fakkam,Gidan Fakkam,12.0779,6.7027,Nigeria,NG,NGA,Zamfara,Zamfara,NG-ZA,state,,189.6,,,4,Africa/Lagos,FALSE,1566393494
Guidan Damo,Guidan Damo,Gidan Damo,12.1462,6.6940,Nigeria,NG,NGA,Zamfara,Zamfara,NG-ZA,state,,189.6,,,4,Africa/Lagos,FALSE,1566383316
Osanpon,Osanpon,,6.4733,4.6401,Nigeria,NG,NGA,Ondo,Ondo,NG-ON,state,,453.4,,,3,Africa/Lagos,FALSE,1566004379
Monafakiri,Monafakiri,,4.3324,6.5781,Nigeria,NG,NGA,Rivers,Rivers,NG-RI,state,,167.1,,,4,Africa/Lagos,FALSE,1566184834
Kpandaragi,Kpandaragi,,9.0329,5.6137,Nigeria,NG,NGA,Niger,Niger,NG-NI,state,,322.5,,,3,Africa/Lagos,FALSE,1566808644
Kpandaragi,Kpandaragi,,9.0049,6.1781,Nigeria,NG,NGA,Niger,Niger,NG-NI,state,,111.0,,,4,Africa/Lagos,TRUE,1566236186
Pantigana,Pantigana,,8.7752,11.4212,Nigeria,NG,NGA,Taraba,Taraba,NG-TA,state,,53.9,,,4,Africa/Lagos,FALSE,1566617640
Ighwremaro,Ighwremaro,,5.5084,5.9591,Nigeria,NG,NGA,Delta,Delta,NG-DE,state,,598.9,,,3,Africa/Lagos,FALSE,1566815673
Bulo,Bulo,Bulu,10.9644,10.3626,Nigeria,NG,NGA,Bauchi,Bauchi,NG-BA,state,,156.0,,,4,Africa/Lagos,FALSE,1566953825
Gebo,Gebo,,13.1358,6.5413,Nigeria,NG,NGA,Zamfara,Zamfara,NG-ZA,state,,109.2,,,4,Africa/Lagos,FALSE,1566890575
Ruwan Kura,Ruwan Kura,,12.3873,6.7130,Nigeria,NG,NGA,Zamfara,Zamfara,NG-ZA,state,,637.5,,,3,Africa/Lagos,FALSE,1566225030
Larmahir,Larmahir,,8.9317,9.7681,Nigeria,NG,NGA,Plateau,Plateau,NG-PL,state,,219.0,,,3,Africa/Lagos,FALSE,1566783667
Magamani,Magamani,,10.8187,11.4529,Nigeria,NG,NGA,Gombe,Gombe,NG-GO,state,,264.8,,,3,Africa/Lagos,FALSE,1566513309
Torsue,Torsue,,7.3096,9.3736,Nigeria,NG,NGA,Benue,Benue,NG-BE,state,,126.0,,,4,Africa/Lagos,FALSE,1566667404
Ola-Okun,Ola-Okun,,8.5001,4.8929,Nigeria,NG,NGA,Kwara,Kwara,NG-KW,state,,87.4,,,4,Africa/Lagos,FALSE,1566008037
Adegbola,Adegbola,,7.3858,4.2716,Nigeria,NG,NGA,Osun,Osun,NG-OS,state,,714.2,,,3,Africa/Lagos,FALSE,1566002958
Zegeyo,Zegeyo,,7.9633,8.2715,Nigeria,NG,NGA,Nasarawa,Nasarawa,NG-NA,state,,81.0,,,4,Africa/Lagos,FALSE,1566406710
Ti-Sanni,Ti-Sanni,,7.0372,4.0345,Nigeria,NG,NGA,Ogun,Ogun,NG-OG,state,,514.5,,,3,Africa/Lagos,FALSE,1566003550
Adegbola,Adegbola,,7.6991,3.4426,Nigeria,NG,NGA,Oyo,Oyo,NG-OY,state,,222.6,,,3,Africa/Lagos,FALSE,1566877231
Adegbola,Adegbola,,7.5119,3.1095,Nigeria,NG,NGA,Oyo,Oyo,NG-OY,state,,125.6,,,4,Africa/Lagos,TRUE,1566048440
Adegbola,Adegbola,,7.5818,3.0791,Nigeria,NG,NGA,Oyo,Oyo,NG-OY,state,,125.6,,,4,Africa/Lagos,TRUE,1566005867
Aladie-Ile,Aladie-Ile,Aladie Ile,8.4886,4.2740,Nigeria,NG,NGA,Oyo,Oyo,NG-OY,state,,122.2,,,4,Africa/Lagos,FALSE,1566813614
Ungwan Haruna,Ungwan Haruna,,11.3540,7.1885,Nigeria,NG,NGA,Katsina,Katsina,NG-KT,state,,507.9,,,3,Africa/Lagos,FALSE,1566445418
Ijofin,Ijofin,,6.5066,2.7207,Nigeria,NG,NGA,Ogun,Ogun,NG-OG,state,,620.2,,,3,Africa/Lagos,FALSE,1566862208
Balbaya,Balbaya,Balbiya,10.6143,11.7464,Nigeria,NG,NGA,Borno,Borno,NG-BO,state,,71.1,,,4,Africa/Lagos,FALSE,1566992493
Adegbola,Adegbola,,7.3715,3.4146,Nigeria,NG,NGA,Ogun,Ogun,NG-OG,state,,122.0,,,4,Africa/Lagos,FALSE,1566002611
Ungwan Haruna,Ungwan Haruna,Haruna,11.4054,7.7294,Nigeria,NG,NGA,Kano,Kano,NG-KN,state,,437.0,,,3,Africa/Lagos,FALSE,1566656536
Dukke,Dukke,,11.5747,7.2507,Nigeria,NG,NGA,Katsina,Katsina,NG-KT,state,,530.0,,,3,Africa/Lagos,FALSE,1566485816
Dangaruko,Dangaruko,,13.5183,5.7970,Nigeria,NG,NGA,Sokoto,Sokoto,NG-SO,state,,171.8,,,4,Africa/Lagos,FALSE,1566225367
Ungwan Haruna,Ungwan Haruna,,12.4002,4.1795,Nigeria,NG,NGA,Kebbi,Kebbi,NG-KE,state,,326.6,,,3,Africa/Lagos,FALSE,1566609882
Zugumi,Zugumi,,10.5128,12.7308,Nigeria,NG,NGA,Borno,Borno,NG-BO,state,,103.5,,,4,Africa/Lagos,FALSE,1566637664
Gari-Ahoda,Gari-Ahoda,,13.5049,4.3202,Nigeria,NG,NGA,Sokoto,Sokoto,NG-SO,state,,36.0,,,4,Africa/Lagos,FALSE,1566771694
Ediene Esa,Ediene Esa,,4.7114,7.6327,Nigeria,NG,NGA,Akwa Ibom,Akwa Ibom,NG-AK,state,,576.1,,,3,Africa/Lagos,FALSE,1566877353
Jagbe,Jagbe,,7.9833,4.4167,Nigeria,NG,NGA,Oyo,Oyo,NG-OY,state,,274.8,,,3,Africa/Lagos,FALSE,1566417784
Jagbe,Jagbe,,8.4263,4.2297,Nigeria,NG,NGA,Oyo,Oyo,NG-OY,state,,122.2,,,4,Africa/Lagos,TRUE,1566457116
Kper,Kper,,7.4001,8.9718,Nigeria,NG,NGA,Benue,Benue,NG-BE,state,,280.6,,,3,Africa/Lagos,FALSE,1566946607
Okeorisa,Okeorisa,,7.4315,4.6952,Nigeria,NG,NGA,Osun,Osun,NG-OS,state,,181.1,,,4,Africa/Lagos,FALSE,1566004666
Gbo,Gbo,,4.9270,6.9303,Nigeria,NG,NGA,Rivers,Rivers,NG-RI,state,,434.8,,,3,Africa/Lagos,FALSE,1566162337
Ofatedo,Ofatedo,,7.7811,4.5007,Nigeria,NG,NGA,Osun,Osun,NG-OS,state,,376.5,,,3,Africa/Lagos,FALSE,1566708599
Daba Magaji,Daba Magaji,Daba Magagi,13.0614,13.7613,Nigeria,NG,NGA,Borno,Borno,NG-BO,state,,72.5,,,4,Africa/Lagos,FALSE,1566819992
Evo-Iyobhebhe,Evo-Iyobhebhe,,6.7470,6.2729,Nigeria,NG,NGA,Edo,Edo,NG-ED,state,,595.6,,,3,Africa/Lagos,FALSE,1566104884
Ugbebe,Ugbebe,,5.6492,5.9630,Nigeria,NG,NGA,Delta,Delta,NG-DE,state,,794.4,,,3,Africa/Lagos,FALSE,1566835426
Ntawa,Ntawa,,10.2855,12.3698,Nigeria,NG,NGA,Adamawa,Adamawa,NG-AD,state,,131.9,,,4,Africa/Lagos,FALSE,1566879866
Erekete,Erekete,,7.5869,3.7908,Nigeria,NG,NGA,Oyo,Oyo,NG-OY,state,,647.1,,,3,Africa/Lagos,FALSE,1566540905
Mairairai,Mairairai,,11.3345,6.1329,Nigeria,NG,NGA,Zamfara,Zamfara,NG-ZA,state,,56.9,,,4,Africa/Lagos,FALSE,1566238754
Ukehemba,Ukehemba,,8.0216,8.5675,Nigeria,NG,NGA,Benue,Benue,NG-BE,state,,105.7,,,4,Africa/Lagos,FALSE,1566005583
Ungua Magaji,Ungua Magaji,Magaji|Ungwan Magaji,12.6687,8.7679,Nigeria,NG,NGA,Katsina,Katsina,NG-KT,state,,300.5,,,3,Africa/Lagos,FALSE,1566740841
Rumuodo,Rumuodo,Rumuoda|Umu-Oda,4.9464,6.9275,Nigeria,NG,NGA,Rivers,Rivers,NG-RI,state,,434.8,,,3,Africa/Lagos,FALSE,1566874813
Magada,Magada,Maggada,11.1868,7.8509,Nigeria,NG,NGA,Kaduna,Kaduna,NG-KD,state,,532.9,,,3,Africa/Lagos,FALSE,1566288187
Magada,Magada,,11.1361,7.9956,Nigeria,NG,NGA,Kaduna,Kaduna,NG-KD,state,,203.0,,,3,Africa/Lagos,TRUE,1566068237
Inyigbede,Inyigbede,,5.9578,8.1923,Nigeria,NG,NGA,Cross River,Cross River,NG-CR,state,,222.3,,,3,Africa/Lagos,FALSE,1566543776
Gwajina,Gwajina,,10.1607,12.1017,Nigeria,NG,NGA,Adamawa,Adamawa,NG-AD,state,,134.0,,,4,Africa/Lagos,FALSE,1566977798
Yanvun Ganga,Yanvun Ganga,,8.8102,11.4338,Nigeria,NG,NGA,Taraba,Taraba,NG-TA,state,,53.9,,,4,Africa/Lagos,FALSE,1566950623
Temidire Atoyebi,Temidire Atoyebi,,8.0845,4.2125,Nigeria,NG,NGA,Oyo,Oyo,NG-OY,state,,2179.5,,,2,Africa/Lagos,FALSE,1566127040
Odame,Odame,,6.9850,6.3717,Nigeria,NG,NGA,Edo,Edo,NG-ED,state,,260.3,,,3,Africa/Lagos,FALSE,1566930293
Monu Gusi,MonuGusi,,8.0676,7.1185,Nigeria,NG,NGA,Nasarawa,Nasarawa,NG-NA,state,,66.3,,,4,Africa/Lagos,FALSE,1566007212
Tsevegher,Tsevegher,,7.1852,9.3954,Nigeria,NG,NGA,Benue,Benue,NG-BE,state,,126.0,,,4,Africa/Lagos,FALSE,1566922393
Suware,Suware,,10.0554,13.1043,Nigeria,NG,NGA,Adamawa,Adamawa,NG-AD,state,,90.9,,,4,Africa/Lagos,FALSE,1566000104
Araromi-Odo,Araromi-Odo,,6.3142,4.5500,Nigeria,NG,NGA,Ogun,Ogun,NG-OG,state,,282.9,,,3,Africa/Lagos,FALSE,1566841330
Gidan Zomo,Gidan Zomo,,13.7165,5.7162,Nigeria,NG,NGA,Sokoto,Sokoto,NG-SO,state,,175.4,,,4,Africa/Lagos,FALSE,1566011137
Ung Momon,Ung Momon,Unguwar Momon,9.5076,8.5882,Nigeria,NG,NGA,Plateau,Plateau,NG-PL,state,,242.5,,,3,Africa/Lagos,FALSE,1566146961
Kokoini,Kokoini,,12.0453,10.4170,Nigeria,NG,NGA,Bauchi,Bauchi,NG-BA,state,,148.8,,,4,Africa/Lagos,FALSE,1566918408
Onile-Owo,Onile-Owo,,7.3840,3.1706,Nigeria,NG,NGA,Oyo,Oyo,NG-OY,state,,354.4,,,3,Africa/Lagos,FALSE,1566001618
Olokun-Esin,Olokun-Esin,Olokun Esin,8.0771,3.9791,Nigeria,NG,NGA,Oyo,Oyo,NG-OY,state,,158.0,,,4,Africa/Lagos,FALSE,1566611991
Awuji,Awuji,,8.9623,6.2813,Nigeria,NG,NGA,Niger,Niger,NG-NI,state,,112.2,,,4,Africa/Lagos,FALSE,1566005518
Folilawo,Folilawo,,7.1117,3.4149,Nigeria,NG,NGA,Ogun,Ogun,NG-OG,state,,258.2,,,3,Africa/Lagos,FALSE,1566002476
Umogidi,Umogidi,Imogedde,7.5203,7.9775,Nigeria,NG,NGA,Benue,Benue,NG-BE,state,,298.0,,,3,Africa/Lagos,FALSE,1566217483
Ganwo,Ganwo,,9.0321,5.7499,Nigeria,NG,NGA,Niger,Niger,NG-NI,state,,84.4,,,4,Africa/Lagos,FALSE,1566944067
Azakagu,Azakagu,,10.6762,4.5368,Nigeria,NG,NGA,Niger,Niger,NG-NI,state,,55.8,,,4,Africa/Lagos,FALSE,1566827453
Mapi,Mapi,,9.5838,6.5828,Nigeria,NG,NGA,Niger,Niger,NG-NI,state,,147.0,,,4,Africa/Lagos,FALSE,1566465242
Ahovo,Ahovo,,6.4583,2.8388,Nigeria,NG,NGA,Lagos,Lagos,NG-LA,state,,802.4,,,3,Africa/Lagos,FALSE,1566353913
Lariski Ngollaide,Lariski Ngollaide,,8.4562,10.7425,Nigeria,NG,NGA,Taraba,Taraba,NG-TA,state,,61.1,,,4,Africa/Lagos,FALSE,1566831236
Lechina,Lechina,,10.0796,11.9043,Nigeria,NG,NGA,Borno,Borno,NG-BO,state,,134.0,,,4,Africa/Lagos,FALSE,1566550158
Tumpa,Tumpa,,9.9951,12.4293,Nigeria,NG,NGA,Adamawa,Adamawa,NG-AD,state,,66.3,,,4,Africa/Lagos,FALSE,1566006638
Gangawa,Gangawa,,11.9898,9.7114,Nigeria,NG,NGA,Jigawa,Jigawa,NG-JI,state,,281.8,,,3,Africa/Lagos,FALSE,1566716927
Benye,Benye,,12.6610,7.5808,Nigeria,NG,NGA,Katsina,Katsina,NG-KT,state,,442.3,,,3,Africa/Lagos,FALSE,1566728599
Asa,Asa,,7.1576,8.1500,Nigeria,NG,NGA,Benue,Benue,NG-BE,state,,298.2,,,3,Africa/Lagos,FALSE,1566571297
Obom Camp,Obom Camp,,5.9633,6.6438,Nigeria,NG,NGA,Delta,Delta,NG-DE,state,,98.6,,,4,Africa/Lagos,FALSE,1566232186
Tu,Tu,Tuluttu|Tulutu,13.4394,5.8153,Nigeria,NG,NGA,Sokoto,Sokoto,NG-SO,state,,171.8,,,4,Africa/Lagos,FALSE,1566259327
Bakokodia,Bakokodia,,5.6724,5.3228,Nigeria,NG,NGA,Delta,Delta,NG-DE,state,,123.4,,,4,Africa/Lagos,FALSE,1566145062
Tseali,Tseali,,7.0467,9.2265,Nigeria,NG,NGA,Benue,Benue,NG-BE,state,,227.3,,,3,Africa/Lagos,FALSE,1566811816
Tseali,Tseali,,7.5502,9.8575,Nigeria,NG,NGA,Benue,Benue,NG-BE,state,,126.0,,,4,Africa/Lagos,TRUE,1566596483
Gwalgafuran,Gwalgafuran,,10.2921,9.7955,Nigeria,NG,NGA,Bauchi,Bauchi,NG-BA,state,,194.5,,,4,Africa/Lagos,FALSE,1566254740
Odogu,Odogu,,7.2587,4.9289,Nigeria,NG,NGA,Ondo,Ondo,NG-ON,state,,801.6,,,3,Africa/Lagos,FALSE,1566004941
Abule-Nla,Abule-Nla,,6.4831,3.3742,Nigeria,NG,NGA,Lagos,Lagos,NG-LA,state,,22118.5,,,2,Africa/Lagos,FALSE,1566644141
Tse-Iortim,Tse-Iortim,,7.3302,8.9712,Nigeria,NG,NGA,Benue,Benue,NG-BE,state,,280.6,,,3,Africa/Lagos,FALSE,1566737006
Apuu,Apuu,,7.1675,9.0555,Nigeria,NG,NGA,Benue,Benue,NG-BE,state,,280.6,,,3,Africa/Lagos,FALSE,1566528702
Apuu,Apuu,,7.3634,8.8798,Nigeria,NG,NGA,Benue,Benue,NG-BE,state,,280.6,,,3,Africa/Lagos,TRUE,1566749313
Apuu,Apuu,,7.3702,8.7950,Nigeria,NG,NGA,Benue,Benue,NG-BE,state,,280.6,,,3,Africa/Lagos,TRUE,1566163840
Apuu,Apuu,,7.4478,8.8321,Nigeria,NG,NGA,Benue,Benue,NG-BE,state,,280.6,,,3,Africa/Lagos,TRUE,1566623475
Apuu,Apuu,,7.2657,8.8674,Nigeria,NG,NGA,Benue,Benue,NG-BE,state,,280.6,,,3,Africa/Lagos,TRUE,1566000370
Apuu,Apuu,,7.0622,8.7070,Nigeria,NG,NGA,Benue,Benue,NG-BE,state,,219.8,,,3,Africa/Lagos,TRUE,1566344977
Apuu,Apuu,,7.2409,8.6026,Nigeria,NG,NGA,Benue,Benue,NG-BE,state,,219.8,,,3,Africa/Lagos,TRUE,1566046445
Apuu,Apuu,,7.4630,9.2877,Nigeria,NG,NGA,Benue,Benue,NG-BE,state,,198.8,,,4,Africa/Lagos,TRUE,1566269440
Mbiabo Ikot Edem,Mbiabo Ikot Edem,,5.2256,8.0571,Nigeria,NG,NGA,Akwa Ibom,Akwa Ibom,NG-AK,state,,409.4,,,3,Africa/Lagos,FALSE,1566660931
Tungan-Dogon Yaro,Tungan-Dogon Yaro,,11.5172,4.0545,Nigeria,NG,NGA,Kebbi,Kebbi,NG-KE,state,,74.5,,,4,Africa/Lagos,FALSE,1566761472
Dan Iya,Dan Iya,,12.7572,7.8402,Nigeria,NG,NGA,Katsina,Katsina,NG-KT,state,,574.9,,,3,Africa/Lagos,FALSE,1566086326
Angala-Ngala,Angala-Ngala,,5.3579,5.7901,Nigeria,NG,NGA,Delta,Delta,NG-DE,state,,397.2,,,3,Africa/Lagos,FALSE,1566758969
Mejora,Mejora,,12.3617,7.3578,Nigeria,NG,NGA,Katsina,Katsina,NG-KT,state,,205.1,,,3,Africa/Lagos,FALSE,1566613932
Ohogua,Ohogua,,6.4333,5.5667,Nigeria,NG,NGA,Edo,Edo,NG-ED,state,,95.1,,,4,Africa/Lagos,FALSE,1566278771
Ejendilogu,Ejendilogu,,8.0805,4.6650,Nigeria,NG,NGA,Kwara,Kwara,NG-KW,state,,292.9,,,3,Africa/Lagos,FALSE,1566007651
Guse,Guse,,7.5738,9.5250,Nigeria,NG,NGA,Benue,Benue,NG-BE,state,,214.4,,,3,Africa/Lagos,FALSE,1566350786
Jabbo Kokri,Jabbo Kokri,,7.7500,12.0167,Nigeria,NG,NGA,Adamawa,Adamawa,NG-AD,state,,16.6,,,4,Africa/Lagos,FALSE,1566889285
Gerchi,Gerchi,,7.5394,9.7957,Nigeria,NG,NGA,Benue,Benue,NG-BE,state,,126.0,,,4,Africa/Lagos,FALSE,1566746616
Zanbe,Zanbe,,7.9546,10.0936,Nigeria,NG,NGA,Taraba,Taraba,NG-TA,state,,93.9,,,4,Africa/Lagos,FALSE,1566565224
Ayankunle,Ayankunle,,7.5770,3.3731,Nigeria,NG,NGA,Oyo,Oyo,NG-OY,state,,222.6,,,3,Africa/Lagos,FALSE,1566917440
Kanawo Adarawa,Kanawo Adarawa,,12.3232,4.6599,Nigeria,NG,NGA,Sokoto,Sokoto,NG-SO,state,,154.9,,,4,Africa/Lagos,FALSE,1566007737
Ebuyenokubokiri,Ebuyenokubokiri,Ebuyedokubokiri,4.6953,6.8964,Nigeria,NG,NGA,Rivers,Rivers,NG-RI,state,,471.6,,,3,Africa/Lagos,FALSE,1566359556
Bororo,Bororo,,8.9472,7.9692,Nigeria,NG,NGA,Nasarawa,Nasarawa,NG-NA,state,,89.8,,,4,Africa/Lagos,FALSE,1566182685
Umu Uvo,Umu Uvo,,5.2833,7.3000,Nigeria,NG,NGA,Abia,Abia,NG-AB,state,,767.2,,,3,Africa/Lagos,FALSE,1566466749
Gbajili,Gbajili,,8.7167,12.5833,Nigeria,NG,NGA,Adamawa,Adamawa,NG-AD,state,,139.2,,,4,Africa/Lagos,FALSE,1566424561
Borwati,Borwati,Kirsuma,12.8106,13.7113,Nigeria,NG,NGA,Borno,Borno,NG-BO,state,,72.5,,,4,Africa/Lagos,FALSE,1566912432
Ohoro,Ohoro,,8.6189,4.3820,Nigeria,NG,NGA,Kwara,Kwara,NG-KW,state,,117.9,,,4,Africa/Lagos,FALSE,1566646754
Dafare,Dafare,,8.6744,7.0537,Nigeria,NG,NGA,Federal Capital Territory,Federal Capital Territory,NG-FC,capital territory,,229.2,,,3,Africa/Lagos,FALSE,1566007190
Uanche,Uanche,,7.3501,8.9328,Nigeria,NG,NGA,Benue,Benue,NG-BE,state,,280.6,,,3,Africa/Lagos,FALSE,1566793196
Ogungbe,Ogungbe,,8.5830,4.4955,Nigeria,NG,NGA,Kwara,Kwara,NG-KW,state,,115.1,,,4,Africa/Lagos,FALSE,1566165999
Gangaren,Gangaren,,11.6487,7.4811,Nigeria,NG,NGA,Katsina,Katsina,NG-KT,state,,334.8,,,3,Africa/Lagos,FALSE,1566212713
Ugbanabebe,Ugbanabebe,,5.5025,5.5502,Nigeria,NG,NGA,Delta,Delta,NG-DE,state,,123.4,,,4,Africa/Lagos,FALSE,1566087645
Ipomu,Ipomu,,7.9167,4.5000,Nigeria,NG,NGA,Osun,Osun,NG-OS,state,,1808.2,,,3,Africa/Lagos,FALSE,1566683566
Ilako,Ilako,,7.0832,3.1406,Nigeria,NG,NGA,Ogun,Ogun,NG-OG,state,,139.2,,,4,Africa/Lagos,FALSE,1566270260
Amerikpoko,Amerikpoko,Amerikopoko|Emerikpoko,4.8853,6.4523,Nigeria,NG,NGA,Rivers,Rivers,NG-RI,state,,652.1,,,3,Africa/Lagos,FALSE,1566082946
Afurangu,Afurangu,,7.8153,8.4598,Nigeria,NG,NGA,Benue,Benue,NG-BE,state,,559.0,,,3,Africa/Lagos,FALSE,1566587405
Sabon Bure,Sabon Bure,,10.3122,10.7664,Nigeria,NG,NGA,Bauchi,Bauchi,NG-BA,state,,90.3,,,4,Africa/Lagos,FALSE,1566665515
Tungan Auta,Tungan Auta,,10.6833,4.9167,Nigeria,NG,NGA,Kebbi,Kebbi,NG-KE,state,,93.6,,,4,Africa/Lagos,FALSE,1566915077
Timtan,Timtan,,8.2500,12.0500,Nigeria,NG,NGA,Adamawa,Adamawa,NG-AD,state,,136.0,,,4,Africa/Lagos,FALSE,1566506773
Tsavza,Tsavza,,7.3821,8.7424,Nigeria,NG,NGA,Benue,Benue,NG-BE,state,,280.6,,,3,Africa/Lagos,FALSE,1566688322
Tinki,Tinki,,12.3039,8.3915,Nigeria,NG,NGA,Kano,Kano,NG-KN,state,,272.9,,,3,Africa/Lagos,FALSE,1566372455
Bororo,Bororo,,9.1967,6.2802,Nigeria,NG,NGA,Niger,Niger,NG-NI,state,,111.0,,,4,Africa/Lagos,FALSE,1566307517
Koryas,Koryas,Kurya,9.5413,8.1083,Nigeria,NG,NGA,Kaduna,Kaduna,NG-KD,state,,546.0,,,3,Africa/Lagos,FALSE,1566599733
Mkoso,Mkoso,,7.2117,9.2940,Nigeria,NG,NGA,Benue,Benue,NG-BE,state,,198.8,,,4,Africa/Lagos,FALSE,1566255352
Tseva,Tseva,,10.0953,12.9985,Nigeria,NG,NGA,Adamawa,Adamawa,NG-AD,state,,90.9,,,4,Africa/Lagos,FALSE,1566032153
Gidan Dan Damo,Gidan Dan Damo,,11.2282,7.0254,Nigeria,NG,NGA,Katsina,Katsina,NG-KT,state,,316.8,,,3,Africa/Lagos,FALSE,1566323145
Iormee,Iormee,,7.4085,9.1365,Nigeria,NG,NGA,Benue,Benue,NG-BE,state,,198.8,,,4,Africa/Lagos,FALSE,1566473318
Iyiola,Iyiola,,7.2605,4.0142,Nigeria,NG,NGA,Oyo,Oyo,NG-OY,state,,827.0,,,3,Africa/Lagos,FALSE,1566002351
Dere,Dere,Jere,9.4487,6.6921,Nigeria,NG,NGA,Niger,Niger,NG-NI,state,,112.6,,,4,Africa/Lagos,FALSE,1566850738
Mayo Ngalbihi,Mayo Ngalbihi,,8.6617,12.1426,Nigeria,NG,NGA,Adamawa,Adamawa,NG-AD,state,,103.1,,,4,Africa/Lagos,FALSE,1566306347
Joromo,Joromo,,8.4273,4.7595,Nigeria,NG,NGA,Kwara,Kwara,NG-KW,state,,1833.3,,,3,Africa/Lagos,FALSE,1566006683
Joromo,Joromo,,8.1685,4.5720,Nigeria,NG,NGA,Kwara,Kwara,NG-KW,state,,117.9,,,4,Africa/Lagos,TRUE,1566006684
Nti Gha,Nti Gha,,5.2167,7.4833,Nigeria,NG,NGA,Abia,Abia,NG-AB,state,,712.6,,,3,Africa/Lagos,FALSE,1566195896
Odareko,Odareko,Odariko,6.4026,8.4019,Nigeria,NG,NGA,Ebonyi,Ebonyi,NG-EB,state,,317.1,,,3,Africa/Lagos,FALSE,1566864517
Gbimidaka,Gbimidaka,,5.7437,5.7231,Nigeria,NG,NGA,Delta,Delta,NG-DE,state,,618.6,,,3,Africa/Lagos,FALSE,1566365206
Gbede,Gbede,Gbedde,8.2980,4.3480,Nigeria,NG,NGA,Oyo,Oyo,NG-OY,state,,126.1,,,4,Africa/Lagos,FALSE,1566330449
Zagin Kara,Zagin Kara,,11.7876,7.3543,Nigeria,NG,NGA,Katsina,Katsina,NG-KT,state,,306.0,,,3,Africa/Lagos,FALSE,1566100932
Wever,Wever,,7.2421,9.4012,Nigeria,NG,NGA,Benue,Benue,NG-BE,state,,126.0,,,4,Africa/Lagos,FALSE,1566979889
Farman,Farman,,9.7008,8.1863,Nigeria,NG,NGA,Kaduna,Kaduna,NG-KD,state,,182.3,,,4,Africa/Lagos,FALSE,1566215251
Iorndyer,Iorndyer,,7.0377,9.1801,Nigeria,NG,NGA,Benue,Benue,NG-BE,state,,227.3,,,3,Africa/Lagos,FALSE,1566029888
Babasale,Babasale,,8.0834,4.1159,Nigeria,NG,NGA,Oyo,Oyo,NG-OY,state,,122.2,,,4,Africa/Lagos,FALSE,1566445577
Afaha,Afaha,,5.1111,8.1968,Nigeria,NG,NGA,Cross River,Cross River,NG-CR,state,,267.8,,,3,Africa/Lagos,FALSE,1566281694
Ekopata,Ekopata,,9.1992,5.4734,Nigeria,NG,NGA,Niger,Niger,NG-NI,state,,89.5,,,4,Africa/Lagos,FALSE,1566007552
Babasale,Babasale,,7.7833,4.3167,Nigeria,NG,NGA,Osun,Osun,NG-OS,state,,516.2,,,3,Africa/Lagos,FALSE,1566836499
Bassagi,Bassagi,,9.2486,5.8022,Nigeria,NG,NGA,Niger,Niger,NG-NI,state,,102.5,,,4,Africa/Lagos,FALSE,1566891547
Esinele,Esinele,,7.9392,3.9778,Nigeria,NG,NGA,Oyo,Oyo,NG-OY,state,,158.0,,,4,Africa/Lagos,FALSE,1566008225
Gidan Tiraki,Gidan Tiraki,,10.5533,7.7678,Nigeria,NG,NGA,Kaduna,Kaduna,NG-KD,state,,185.3,,,4,Africa/Lagos,FALSE,1566074383
Babasale,Babasale,,7.1416,5.3255,Nigeria,NG,NGA,Ondo,Ondo,NG-ON,state,,739.4,,,3,Africa/Lagos,FALSE,1566485090
Wambai,Wambai,,11.3703,7.9946,Nigeria,NG,NGA,Kaduna,Kaduna,NG-KD,state,,425.1,,,3,Africa/Lagos,FALSE,1566478963
Maku,Maku,,7.9131,4.0295,Nigeria,NG,NGA,Oyo,Oyo,NG-OY,state,,1473.2,,,3,Africa/Lagos,FALSE,1566006836
Babasale,Babasale,,7.5071,3.0621,Nigeria,NG,NGA,Ogun,Ogun,NG-OG,state,,114.3,,,4,Africa/Lagos,FALSE,1566999978
Madunguru,Madunguru,,10.1633,4.7056,Nigeria,NG,NGA,Niger,Niger,NG-NI,state,,78.0,,,4,Africa/Lagos,FALSE,1566872498
Upper Ebuoya,Upper Ebuoya,,7.2771,8.0130,Nigeria,NG,NGA,Benue,Benue,NG-BE,state,,298.2,,,3,Africa/Lagos,FALSE,1566290039
Langalanga,Langalanga,,8.7719,8.2720,Nigeria,NG,NGA,Nasarawa,Nasarawa,NG-NA,state,,185.6,,,4,Africa/Lagos,FALSE,1566006596
Kwazanci,Kwazanci,,8.7780,11.6843,Nigeria,NG,NGA,Taraba,Taraba,NG-TA,state,,99.8,,,4,Africa/Lagos,FALSE,1566458938
Ungwan Sarkin Dangi,Ungwan Sarkin Dangi,,11.8275,7.5321,Nigeria,NG,NGA,Katsina,Katsina,NG-KT,state,,253.8,,,3,Africa/Lagos,FALSE,1566957280
Gidan Madatsi,Gidan Madatsi,,9.9042,6.6015,Nigeria,NG,NGA,Niger,Niger,NG-NI,state,,71.0,,,4,Africa/Lagos,FALSE,1566390022
Bugundu,Bugundu,,9.4271,8.9418,Nigeria,NG,NGA,Plateau,Plateau,NG-PL,state,,313.4,,,3,Africa/Lagos,FALSE,1566960612
Tanti,Tanti,,9.2506,5.9812,Nigeria,NG,NGA,Niger,Niger,NG-NI,state,,112.2,,,4,Africa/Lagos,FALSE,1566153437
Ugbene,Ugbene,,5.5910,6.5555,Nigeria,NG,NGA,Delta,Delta,NG-DE,state,,98.6,,,4,Africa/Lagos,FALSE,1566933219
Toburakiri,Toburakiri,,4.3391,6.5829,Nigeria,NG,NGA,Rivers,Rivers,NG-RI,state,,167.1,,,4,Africa/Lagos,FALSE,1566839664
Ipaula,Ipaula,,7.5445,4.7656,Nigeria,NG,NGA,Osun,Osun,NG-OS,state,,196.2,,,4,Africa/Lagos,FALSE,1566002051
Gidan Mallam Ali,Gidan Mallam Ali,,11.0134,7.5430,Nigeria,NG,NGA,Kaduna,Kaduna,NG-KD,state,,224.7,,,3,Africa/Lagos,FALSE,1566206804
Kir,Kir,,8.6335,10.5608,Nigeria,NG,NGA,Taraba,Taraba,NG-TA,state,,61.1,,,4,Africa/Lagos,FALSE,1566297871
Ungwan Mallam Sale,Ungwan Mallam Sale,,11.3774,8.3793,Nigeria,NG,NGA,Kano,Kano,NG-KN,state,,321.4,,,3,Africa/Lagos,FALSE,1566006969
Iguobazuwa,Iguobazuwa,Iguobazowa,6.5659,5.3546,Nigeria,NG,NGA,Edo,Edo,NG-ED,state,minor,70.3,,,3,Africa/Lagos,FALSE,1566230446
Gidan-Choko,Gidan-Choko,,8.8694,7.4287,Nigeria,NG,NGA,Federal Capital Territory,Federal Capital Territory,NG-FC,capital territory,,1693.0,,,3,Africa/Lagos,FALSE,1566007928
Emimafauchi,Emimafauchi,,9.1706,6.0695,Nigeria,NG,NGA,Niger,Niger,NG-NI,state,,112.2,,,4,Africa/Lagos,FALSE,1566203535
Manya,Manya,,12.0920,6.1740,Nigeria,NG,NGA,Zamfara,Zamfara,NG-ZA,state,,90.0,,,4,Africa/Lagos,FALSE,1566104383
Ikyoka,Ikyoka,,7.0554,8.9234,Nigeria,NG,NGA,Benue,Benue,NG-BE,state,,227.3,,,3,Africa/Lagos,FALSE,1566656474
Apatafon,Apatafon,,8.7334,4.3303,Nigeria,NG,NGA,Kwara,Kwara,NG-KW,state,,50.7,,,4,Africa/Lagos,FALSE,1566005773
Ivavel,Ivavel,,7.3075,8.8553,Nigeria,NG,NGA,Benue,Benue,NG-BE,state,,280.6,,,3,Africa/Lagos,FALSE,1566270343
Ogwo,Ogwo,,6.7435,6.6375,Nigeria,NG,NGA,Kogi,Kogi,NG-KO,state,,147.7,,,4,Africa/Lagos,FALSE,1566051130
Dalhat,Dalhat,,10.1845,12.0810,Nigeria,NG,NGA,Borno,Borno,NG-BO,state,,134.0,,,4,Africa/Lagos,FALSE,1566474723
Ungwan Arduna,Ungwan Arduna,Ungwan Ardua,12.3423,4.1692,Nigeria,NG,NGA,Kebbi,Kebbi,NG-KE,state,,326.6,,,3,Africa/Lagos,FALSE,1566001596
Bango,Bango,,10.0612,12.4458,Nigeria,NG,NGA,Adamawa,Adamawa,NG-AD,state,,102.2,,,4,Africa/Lagos,FALSE,1566331924
Yalbejam,Yalbejam,Nelbijam,11.2753,10.3896,Nigeria,NG,NGA,Bauchi,Bauchi,NG-BA,state,,335.3,,,3,Africa/Lagos,FALSE,1566563073
Anyanpue,Anyanpue,,7.4154,9.2416,Nigeria,NG,NGA,Benue,Benue,NG-BE,state,,198.8,,,4,Africa/Lagos,FALSE,1566393104
Ungwan Tama,Ungwan Tama,,10.5404,7.3814,Nigeria,NG,NGA,Kaduna,Kaduna,NG-KD,state,,185.3,,,4,Africa/Lagos,FALSE,1566467238
Adawa,Adawa,,11.4140,4.3659,Nigeria,NG,NGA,Kebbi,Kebbi,NG-KE,state,,74.5,,,4,Africa/Lagos,FALSE,1566601569
Binkola,Binkola,,9.0132,12.0373,Nigeria,NG,NGA,Adamawa,Adamawa,NG-AD,state,,103.1,,,4,Africa/Lagos,FALSE,1566772165
Alia,Alia,,13.5820,4.9838,Nigeria,NG,NGA,Sokoto,Sokoto,NG-SO,state,,70.6,,,4,Africa/Lagos,FALSE,1566111000
Kemerun,Kemerun,,5.9519,6.6073,Nigeria,NG,NGA,Delta,Delta,NG-DE,state,,98.6,,,4,Africa/Lagos,FALSE,1566707711
Runtun,Runtun,,12.1386,4.4353,Nigeria,NG,NGA,Kebbi,Kebbi,NG-KE,state,,333.3,,,3,Africa/Lagos,FALSE,1566377116
Guidan Sakarawa,Guidan Sakarawa,Gidan Sakarawa,12.1277,6.5747,Nigeria,NG,NGA,Zamfara,Zamfara,NG-ZA,state,,226.4,,,3,Africa/Lagos,FALSE,1566958822
Jirhemba,Jirhemba,,7.3506,10.0490,Nigeria,NG,NGA,Taraba,Taraba,NG-TA,state,,128.6,,,4,Africa/Lagos,FALSE,1566967073
Aduhanhan,Aduhanhan,,6.3198,5.7978,Nigeria,NG,NGA,Edo,Edo,NG-ED,state,,86.9,,,4,Africa/Lagos,FALSE,1566590780
Yancheri,Yancheri,,10.8042,12.7251,Nigeria,NG,NGA,Borno,Borno,NG-BO,state,,75.3,,,4,Africa/Lagos,FALSE,1566275240
Eleke,Eleke,,7.9469,3.9586,Nigeria,NG,NGA,Oyo,Oyo,NG-OY,state,,158.0,,,4,Africa/Lagos,FALSE,1566007370
Eleke,Eleke,,8.8810,4.1699,Nigeria,NG,NGA,Oyo,Oyo,NG-OY,state,,122.5,,,4,Africa/Lagos,TRUE,1566095429
Eleke,Eleke,,8.1950,4.4804,Nigeria,NG,NGA,Oyo,Oyo,NG-OY,state,,117.9,,,4,Africa/Lagos,TRUE,1566503159
Olori-Titi,Olori-Titi,,8.6616,4.3984,Nigeria,NG,NGA,Kwara,Kwara,NG-KW,state,,117.9,,,4,Africa/Lagos,FALSE,1566005943
Tsemba,Tsemba,,7.5074,9.7161,Nigeria,NG,NGA,Benue,Benue,NG-BE,state,,214.4,,,3,Africa/Lagos,FALSE,1566456870
Sunpeana,Sunpeana,,9.7237,6.7338,Nigeria,NG,NGA,Niger,Niger,NG-NI,state,,71.0,,,4,Africa/Lagos,FALSE,1566173563
Eleke,Eleke,,7.6500,4.2500,Nigeria,NG,NGA,Osun,Osun,NG-OS,state,,331.0,,,3,Africa/Lagos,FALSE,1566010809
Sonde,Sonde,,6.8175,3.2869,Nigeria,NG,NGA,Ogun,Ogun,NG-OG,state,,1720.0,,,3,Africa/Lagos,FALSE,1566723058
Azagba-Ogwashi,Azagba-Ogwashi,Asaba-Ogwashi,6.2427,6.5951,Nigeria,NG,NGA,Delta,Delta,NG-DE,state,,280.6,,,3,Africa/Lagos,FALSE,1566193793
Osun,Osun,,7.9778,5.0918,Nigeria,NG,NGA,Ekiti,Ekiti,NG-EK,state,,1580.7,,,3,Africa/Lagos,FALSE,1566808865
Gombi,Gombi,Little Gombi|Gombi Fulani|Gombe,10.1676,12.7368,Nigeria,NG,NGA,Adamawa,Adamawa,NG-AD,state,minor,102.2,,,3,Africa/Lagos,FALSE,1566788568
Dakpanti,Dakpanti,,9.2056,5.9862,Nigeria,NG,NGA,Niger,Niger,NG-NI,state,,112.2,,,4,Africa/Lagos,FALSE,1566140311
Ngiribia,Ngiribia,,13.1179,11.0245,Nigeria,NG,NGA,Yobe,Yobe,NG-YO,state,,41.3,,,4,Africa/Lagos,FALSE,1566774112
Caranbi,Caranbi,,12.8694,7.7968,Nigeria,NG,NGA,Katsina,Katsina,NG-KT,state,,340.5,,,3,Africa/Lagos,FALSE,1566223372
Obijoma,Obijoma,,5.3981,7.9957,Nigeria,NG,NGA,Cross River,Cross River,NG-CR,state,,267.8,,,3,Africa/Lagos,FALSE,1566627760
Jagun-Elesin,Jagun-Elesin,Jagun Elesin,7.3547,3.9818,Nigeria,NG,NGA,Oyo,Oyo,NG-OY,state,,1336.2,,,3,Africa/Lagos,FALSE,1566381541
Pakim,Pakim,Pakim,9.6833,12.7333,Nigeria,NG,NGA,Adamawa,Adamawa,NG-AD,state,,66.3,,,4,Africa/Lagos,FALSE,1566947508
Kekui-Gwari,Kekui-Gwari,,8.3547,7.2482,Nigeria,NG,NGA,Nasarawa,Nasarawa,NG-NA,state,,66.3,,,4,Africa/Lagos,FALSE,1566006660
Borrong,Borrong,,9.5333,12.1833,Nigeria,NG,NGA,Adamawa,Adamawa,NG-AD,state,,116.1,,,4,Africa/Lagos,FALSE,1566149177
Arnado-Shehu,Arnado-Shehu,,8.0637,12.0083,Nigeria,NG,NGA,Adamawa,Adamawa,NG-AD,state,,16.6,,,4,Africa/Lagos,FALSE,1566007353
Marke,Marke,,9.4000,7.6795,Nigeria,NG,NGA,Federal Capital Territory,Federal Capital Territory,NG-FC,capital territory,,161.0,,,4,Africa/Lagos,FALSE,1566820942
Ogeh,Ogeh,,5.7928,7.3519,Nigeria,NG,NGA,Imo,Imo,NG-IM,state,,759.9,,,3,Africa/Lagos,FALSE,1566123818
Ukegh,Ukegh,,7.6610,8.1728,Nigeria,NG,NGA,Benue,Benue,NG-BE,state,,147.6,,,4,Africa/Lagos,FALSE,1566170125
Umu Uhie,Umu Uhie,,5.2311,7.3914,Nigeria,NG,NGA,Abia,Abia,NG-AB,state,,767.2,,,3,Africa/Lagos,FALSE,1566178467
Okoto,Okoto,,8.6773,3.3692,Nigeria,NG,NGA,Oyo,Oyo,NG-OY,state,,196.5,,,4,Africa/Lagos,FALSE,1566803431
Chia,Chia,,7.6148,8.4842,Nigeria,NG,NGA,Benue,Benue,NG-BE,state,,559.0,,,3,Africa/Lagos,FALSE,1566000685
Chia,Chia,,7.3964,8.9543,Nigeria,NG,NGA,Benue,Benue,NG-BE,state,,280.6,,,3,Africa/Lagos,TRUE,1566532570
Chia,Chia,,7.2746,8.7097,Nigeria,NG,NGA,Benue,Benue,NG-BE,state,,280.6,,,3,Africa/Lagos,TRUE,1566179385
Chia,Chia,,7.4242,8.7745,Nigeria,NG,NGA,Benue,Benue,NG-BE,state,,280.6,,,3,Africa/Lagos,TRUE,1566934876
Chia,Chia,,7.2824,8.8948,Nigeria,NG,NGA,Benue,Benue,NG-BE,state,,280.6,,,3,Africa/Lagos,TRUE,1566390887
Chia,Chia,,7.0664,8.9265,Nigeria,NG,NGA,Benue,Benue,NG-BE,state,,227.3,,,3,Africa/Lagos,TRUE,1566263781
Chia,Chia,,7.3009,8.6149,Nigeria,NG,NGA,Benue,Benue,NG-BE,state,,219.8,,,3,Africa/Lagos,TRUE,1566793575
Chia,Chia,,7.1287,8.6691,Nigeria,NG,NGA,Benue,Benue,NG-BE,state,,219.8,,,3,Africa/Lagos,TRUE,1566212620
Chia,Chia,,7.0703,8.7125,Nigeria,NG,NGA,Benue,Benue,NG-BE,state,,219.8,,,3,Africa/Lagos,TRUE,1566488055
Chia,Chia,,6.9990,8.6817,Nigeria,NG,NGA,Benue,Benue,NG-BE,state,,219.8,,,3,Africa/Lagos,TRUE,1566526269
Chia,Chia,,7.5467,9.5717,Nigeria,NG,NGA,Benue,Benue,NG-BE,state,,214.4,,,3,Africa/Lagos,TRUE,1566832998
Chia,Chia,,7.5636,9.7391,Nigeria,NG,NGA,Benue,Benue,NG-BE,state,,214.4,,,3,Africa/Lagos,TRUE,1566319737
Chia,Chia,,7.6201,9.7710,Nigeria,NG,NGA,Benue,Benue,NG-BE,state,,214.4,,,3,Africa/Lagos,TRUE,1566405497
Chia,Chia,,7.4212,9.1590,Nigeria,NG,NGA,Benue,Benue,NG-BE,state,,198.8,,,4,Africa/Lagos,TRUE,1566400726
Chia,Chia,,8.0167,8.4500,Nigeria,NG,NGA,Benue,Benue,NG-BE,state,,105.7,,,4,Africa/Lagos,TRUE,1566675288
Chia,Chia,,7.3539,8.4061,Nigeria,NG,NGA,Benue,Benue,NG-BE,state,,101.8,,,4,Africa/Lagos,TRUE,1566281603
Evboikhuenbo,Evboikhuenbo,,6.4500,5.7333,Nigeria,NG,NGA,Edo,Edo,NG-ED,state,,86.9,,,4,Africa/Lagos,FALSE,1566395170
Mojongo,Mojongo,,10.2155,13.1747,Nigeria,NG,NGA,Adamawa,Adamawa,NG-AD,state,,90.9,,,4,Africa/Lagos,FALSE,1566714356
Ikot Inyang,Ikot Inyang,Ikot Inyan,4.9355,8.5162,Nigeria,NG,NGA,Cross River,Cross River,NG-CR,state,,516.7,,,3,Africa/Lagos,FALSE,1566757300
Faasema,Faasema,,7.3180,10.1199,Nigeria,NG,NGA,Taraba,Taraba,NG-TA,state,,128.6,,,4,Africa/Lagos,FALSE,1566334506
Gungura,Gungura,,10.6285,10.4225,Nigeria,NG,NGA,Bauchi,Bauchi,NG-BA,state,,81.9,,,4,Africa/Lagos,FALSE,1566403618
Baba Ina,Baba Ina,,8.9518,12.4066,Nigeria,NG,NGA,Adamawa,Adamawa,NG-AD,state,,72.3,,,4,Africa/Lagos,FALSE,1566605181
Otoro Uruaotu,Otoro Uruaotu,,5.2114,7.6513,Nigeria,NG,NGA,Akwa Ibom,Akwa Ibom,NG-AK,state,,1656.8,,,3,Africa/Lagos,FALSE,1566698324
Barkeji,Barkeji,,8.6764,12.3970,Nigeria,NG,NGA,Adamawa,Adamawa,NG-AD,state,,139.2,,,4,Africa/Lagos,FALSE,1566215009
Tse-Jime,Tse-Jime,,7.0841,8.5249,Nigeria,NG,NGA,Benue,Benue,NG-BE,state,,219.8,,,3,Africa/Lagos,FALSE,1566673033
Aiyede,Aiyede,,8.1167,5.7000,Nigeria,NG,NGA,Kogi,Kogi,NG-KO,state,,145.7,,,4,Africa/Lagos,FALSE,1566524971
Aiyede,Aiyede,,8.1667,5.9667,Nigeria,NG,NGA,Kogi,Kogi,NG-KO,state,,74.5,,,4,Africa/Lagos,TRUE,1566248627
Kungoshin,Kungoshin,,9.3702,6.8161,Nigeria,NG,NGA,Niger,Niger,NG-NI,state,,125.6,,,4,Africa/Lagos,FALSE,1566131521
Tarha,Tarha,,7.5849,9.4839,Nigeria,NG,NGA,Benue,Benue,NG-BE,state,,214.4,,,3,Africa/Lagos,FALSE,1566571755
Aiyede,Aiyede,,8.4906,4.4558,Nigeria,NG,NGA,Kwara,Kwara,NG-KW,state,,117.9,,,4,Africa/Lagos,FALSE,1566904465
Arusu,Arusu,,8.7000,8.1500,Nigeria,NG,NGA,Nasarawa,Nasarawa,NG-NA,state,,89.8,,,4,Africa/Lagos,FALSE,1566372324
Gosoma,Gosoma,,11.9908,14.1200,Nigeria,NG,NGA,Borno,Borno,NG-BO,state,,93.1,,,4,Africa/Lagos,FALSE,1566321158
Olokunola,Olokunola,,7.8597,3.2278,Nigeria,NG,NGA,Oyo,Oyo,NG-OY,state,,68.8,,,4,Africa/Lagos,FALSE,1566854954
Ekpagha,Ekpagha,,5.6720,5.9747,Nigeria,NG,NGA,Delta,Delta,NG-DE,state,,794.4,,,3,Africa/Lagos,FALSE,1566056532
Tunta,Tunta,,10.1102,12.3892,Nigeria,NG,NGA,Adamawa,Adamawa,NG-AD,state,,102.2,,,4,Africa/Lagos,FALSE,1566255408
Bole,Bole,,9.1335,12.5191,Nigeria,NG,NGA,Adamawa,Adamawa,NG-AD,state,,777.8,,,3,Africa/Lagos,FALSE,1566904109
Bodel,Bodel,,7.4500,11.3000,Nigeria,NG,NGA,Taraba,Taraba,NG-TA,state,,15.7,,,4,Africa/Lagos,FALSE,1566226872
Bodel,Bodel,,7.7333,11.7500,Nigeria,NG,NGA,Taraba,Taraba,NG-TA,state,,15.7,,,4,Africa/Lagos,TRUE,1566222004
Andura,Andura,,7.0346,8.4616,Nigeria,NG,NGA,Benue,Benue,NG-BE,state,,141.6,,,4,Africa/Lagos,FALSE,1566812508
Veghergor,Veghergor,,7.2140,8.6761,Nigeria,NG,NGA,Benue,Benue,NG-BE,state,,280.6,,,3,Africa/Lagos,FALSE,1566559358
Mburgu,Mburgu,,9.6336,12.7631,Nigeria,NG,NGA,Adamawa,Adamawa,NG-AD,state,,66.3,,,4,Africa/Lagos,FALSE,1566006451
Emimasara,Emimasara,,9.1115,5.6621,Nigeria,NG,NGA,Niger,Niger,NG-NI,state,,322.5,,,3,Africa/Lagos,FALSE,1566090688
Goho,Goho,Gwoho,9.0893,8.3887,Nigeria,NG,NGA,Nasarawa,Nasarawa,NG-NA,state,,195.8,,,4,Africa/Lagos,FALSE,1566181504
Iguehan,Iguehan,Iguenan,6.4000,5.6667,Nigeria,NG,NGA,Edo,Edo,NG-ED,state,,86.9,,,4,Africa/Lagos,FALSE,1566870397
Gongur,Gongur,,7.1376,9.0852,Nigeria,NG,NGA,Benue,Benue,NG-BE,state,,198.8,,,4,Africa/Lagos,FALSE,1566594334
Yamu,Yamu,,13.4963,4.3562,Nigeria,NG,NGA,Sokoto,Sokoto,NG-SO,state,,36.0,,,4,Africa/Lagos,FALSE,1566213077
Torbunde,Torbunde,,7.9839,9.8169,Nigeria,NG,NGA,Taraba,Taraba,NG-TA,state,,93.9,,,4,Africa/Lagos,FALSE,1566831174
Ardori,Ardori,,12.5389,11.8290,Nigeria,NG,NGA,Yobe,Yobe,NG-YO,state,,57.9,,,4,Africa/Lagos,FALSE,1566744216
Chatafu,Chatafu,,9.2277,5.9412,Nigeria,NG,NGA,Niger,Niger,NG-NI,state,,112.2,,,4,Africa/Lagos,FALSE,1566513553
Chatafu,Chatafu,,9.2193,5.7334,Nigeria,NG,NGA,Niger,Niger,NG-NI,state,,84.4,,,4,Africa/Lagos,TRUE,1566776914
Ukwole,Ukwole,,8.8833,8.7333,Nigeria,NG,NGA,Nasarawa,Nasarawa,NG-NA,state,,91.1,,,4,Africa/Lagos,FALSE,1566327374
Aiyetoro-Agunla,Aiyetoro-Agunla,,7.2733,4.9151,Nigeria,NG,NGA,Ondo,Ondo,NG-ON,state,,801.6,,,3,Africa/Lagos,FALSE,1566004976
Egan-Imoro,Egan-Imoro,,6.9624,4.0638,Nigeria,NG,NGA,Ogun,Ogun,NG-OG,state,,514.5,,,3,Africa/Lagos,FALSE,1566034237
Nkwerre,Nkwerre,,5.7592,7.1038,Nigeria,NG,NGA,Imo,Imo,NG-IM,state,minor,1681.3,,,3,Africa/Lagos,FALSE,1566133381
Iduku,Iduku,Iduko,6.5818,8.6585,Nigeria,NG,NGA,Cross River,Cross River,NG-CR,state,,218.5,,,3,Africa/Lagos,FALSE,1566432164
Itimkwel,Itimkwel,Itimkwell,6.5167,9.1500,Nigeria,NG,NGA,Cross River,Cross River,NG-CR,state,,166.2,,,4,Africa/Lagos,FALSE,1566972112
Inyi,Inyi,,5.9113,6.6036,Nigeria,NG,NGA,Delta,Delta,NG-DE,state,,98.6,,,4,Africa/Lagos,FALSE,1566178771
Agogbe,Agogbe,,7.2690,5.3999,Nigeria,NG,NGA,Ondo,Ondo,NG-ON,state,,337.0,,,3,Africa/Lagos,FALSE,1566756192
Egburu,Egburu,Eberu,4.8098,7.2801,Nigeria,NG,NGA,Rivers,Rivers,NG-RI,state,,567.1,,,3,Africa/Lagos,FALSE,1566000227
Dallok,Dallok,,9.7167,12.7167,Nigeria,NG,NGA,Adamawa,Adamawa,NG-AD,state,,66.3,,,4,Africa/Lagos,FALSE,1566000978
Jauro Bakare,Jauro Bakare,,9.1396,12.0034,Nigeria,NG,NGA,Adamawa,Adamawa,NG-AD,state,,103.1,,,4,Africa/Lagos,FALSE,1566117265
Idowu,Idowu,,6.5722,3.2570,Nigeria,NG,NGA,Lagos,Lagos,NG-LA,state,,13723.5,,,2,Africa/Lagos,FALSE,1566249333
Allah,Allah,,7.2199,3.0908,Nigeria,NG,NGA,Ogun,Ogun,NG-OG,state,,395.9,,,3,Africa/Lagos,FALSE,1566058996
Mkpanak,Mkpanak,,4.5666,7.9908,Nigeria,NG,NGA,Akwa Ibom,Akwa Ibom,NG-AK,state,,566.8,,,3,Africa/Lagos,FALSE,1566285914
Boilere Jaura Buba Kindam,Boilere Jaura Buba Kindam,,9.1436,12.0544,Nigeria,NG,NGA,Adamawa,Adamawa,NG-AD,state,,103.1,,,4,Africa/Lagos,FALSE,1566063339
Boi,Boi,,9.5611,9.5015,Nigeria,NG,NGA,Bauchi,Bauchi,NG-BA,state,,199.8,,,4,Africa/Lagos,FALSE,1566357005
Imu,Imu,,8.4181,7.8208,Nigeria,NG,NGA,Nasarawa,Nasarawa,NG-NA,state,,48.7,,,4,Africa/Lagos,FALSE,1566429941
Rogbo,Rogbo,,7.3153,4.2732,Nigeria,NG,NGA,Osun,Osun,NG-OS,state,,726.5,,,3,Africa/Lagos,FALSE,1566003011
Tunri-Wada,Tunri-Wada,,8.6473,7.7472,Nigeria,NG,NGA,Nasarawa,Nasarawa,NG-NA,state,,48.7,,,4,Africa/Lagos,FALSE,1566006552
Ugbonoba,Ugbonoba,Ugonoba,6.3156,5.8513,Nigeria,NG,NGA,Edo,Edo,NG-ED,state,,86.9,,,4,Africa/Lagos,FALSE,1566913075
Eleko,Eleko,,7.7300,3.9703,Nigeria,NG,NGA,Oyo,Oyo,NG-OY,state,,284.1,,,3,Africa/Lagos,FALSE,1566695101
Dagala,Dagala,Dagila,11.9061,11.0441,Nigeria,NG,NGA,Yobe,Yobe,NG-YO,state,,140.3,,,4,Africa/Lagos,FALSE,1566000643
Kirgwanda,Kirgwanda,,12.8974,4.7288,Nigeria,NG,NGA,Kebbi,Kebbi,NG-KE,state,,116.7,,,4,Africa/Lagos,FALSE,1566034852
Shugduku,Shugduku,,10.3766,12.2219,Nigeria,NG,NGA,Borno,Borno,NG-BO,state,,92.2,,,4,Africa/Lagos,FALSE,1566799846
Lanike,Lanike,,8.0972,4.1010,Nigeria,NG,NGA,Oyo,Oyo,NG-OY,state,,122.2,,,4,Africa/Lagos,FALSE,1566400980
Mogamfo,Mogamfo,Maganfo,13.5055,4.9447,Nigeria,NG,NGA,Sokoto,Sokoto,NG-SO,state,,70.6,,,4,Africa/Lagos,FALSE,1566141840
Budano Ila,Budano Ila,,13.1110,5.1261,Nigeria,NG,NGA,Sokoto,Sokoto,NG-SO,state,,474.5,,,3,Africa/Lagos,FALSE,1566744621
Kudawa,Kudawa,,12.6651,4.0751,Nigeria,NG,NGA,Kebbi,Kebbi,NG-KE,state,,58.4,,,4,Africa/Lagos,FALSE,1566556723
Garin Bahagu,Garin Bahagu,,8.5649,10.6815,Nigeria,NG,NGA,Taraba,Taraba,NG-TA,state,,61.1,,,4,Africa/Lagos,FALSE,1566114631
Bugapa,Bugapa,,9.4108,6.8649,Nigeria,NG,NGA,Niger,Niger,NG-NI,state,,112.6,,,4,Africa/Lagos,FALSE,1566677825
Koye,Koye,,9.7119,7.0031,Nigeria,NG,NGA,Niger,Niger,NG-NI,state,,78.8,,,4,Africa/Lagos,FALSE,1566144461
Damai,Damai,Damayi,10.7745,13.5887,Nigeria,NG,NGA,Adamawa,Adamawa,NG-AD,state,,397.8,,,3,Africa/Lagos,FALSE,1566207970
Tela,Tela,,7.5453,3.9956,Nigeria,NG,NGA,Oyo,Oyo,NG-OY,state,,711.6,,,3,Africa/Lagos,FALSE,1566884364
Tela,Tela,,7.2488,3.9265,Nigeria,NG,NGA,Oyo,Oyo,NG-OY,state,,415.3,,,3,Africa/Lagos,TRUE,1566004093
Tela,Tela,,7.7283,3.7683,Nigeria,NG,NGA,Oyo,Oyo,NG-OY,state,,284.1,,,3,Africa/Lagos,TRUE,1566493662
Bade,Bade,,11.7451,11.1656,Nigeria,NG,NGA,Yobe,Yobe,NG-YO,state,,591.9,,,3,Africa/Lagos,FALSE,1566000545
Bade,Bade,,11.8300,11.0250,Nigeria,NG,NGA,Yobe,Yobe,NG-YO,state,,140.3,,,4,Africa/Lagos,TRUE,1566683005
Inye,Inye,,7.3614,8.7963,Nigeria,NG,NGA,Benue,Benue,NG-BE,state,,280.6,,,3,Africa/Lagos,FALSE,1566930708
Agbenga,Agbenga,,7.3064,8.7175,Nigeria,NG,NGA,Benue,Benue,NG-BE,state,,280.6,,,3,Africa/Lagos,FALSE,1566332872
Guidan Ladi,Guidan Ladi,Gidan Ladi,12.1056,6.6829,Nigeria,NG,NGA,Zamfara,Zamfara,NG-ZA,state,,189.6,,,4,Africa/Lagos,FALSE,1566001325
Ikot Obio Enin,Ikot Obio Enin,,4.7041,7.6512,Nigeria,NG,NGA,Akwa Ibom,Akwa Ibom,NG-AK,state,,576.1,,,3,Africa/Lagos,FALSE,1566428879
Gidan Bango,Gidan Bango,,13.2030,5.3539,Nigeria,NG,NGA,Sokoto,Sokoto,NG-SO,state,,356.4,,,3,Africa/Lagos,FALSE,1566214438
Gidan Bango,Gidan Bango,Gidan Bongo|Goran Bongo,13.6500,5.4667,Nigeria,NG,NGA,Sokoto,Sokoto,NG-SO,state,,317.9,,,3,Africa/Lagos,TRUE,1566057196
Atabara,Atabara,,8.3509,8.6946,Nigeria,NG,NGA,Nasarawa,Nasarawa,NG-NA,state,,222.8,,,3,Africa/Lagos,FALSE,1566893360
Buta,Buta,,12.4645,8.8797,Nigeria,NG,NGA,Jigawa,Jigawa,NG-JI,state,,175.1,,,4,Africa/Lagos,FALSE,1566548991
Kwodan,Kwodan,,9.2667,5.2833,Nigeria,NG,NGA,Niger,Niger,NG-NI,state,,102.5,,,4,Africa/Lagos,FALSE,1566976184
Unguwar Ari,Unguwar Ari,,12.3238,9.0554,Nigeria,NG,NGA,Jigawa,Jigawa,NG-JI,state,,170.5,,,4,Africa/Lagos,FALSE,1566096678
Ajivatswen,Ajivatswen,,7.9106,9.7375,Nigeria,NG,NGA,Taraba,Taraba,NG-TA,state,,93.9,,,4,Africa/Lagos,FALSE,1566203016
Suli,Suli,,7.9042,7.1574,Nigeria,NG,NGA,Kogi,Kogi,NG-KO,state,,110.1,,,4,Africa/Lagos,FALSE,1566340492
Ungwan Makao,Ungwan Makao,Makao,11.3137,8.0131,Nigeria,NG,NGA,Kaduna,Kaduna,NG-KD,state,,425.1,,,3,Africa/Lagos,FALSE,1566216312
Godabawa,Godabawa,,11.9640,3.9045,Nigeria,NG,NGA,Kebbi,Kebbi,NG-KE,state,,101.4,,,4,Africa/Lagos,FALSE,1566355110
Mkovur,Mkovur,,7.3231,9.1726,Nigeria,NG,NGA,Benue,Benue,NG-BE,state,,253.2,,,3,Africa/Lagos,FALSE,1566833292
Bobi,Bobi,Obobi,5.7869,5.1097,Nigeria,NG,NGA,Delta,Delta,NG-DE,state,,130.4,,,4,Africa/Lagos,FALSE,1566244009
Galadima Anju,Galadima Anju,,7.9239,10.3916,Nigeria,NG,NGA,Taraba,Taraba,NG-TA,state,,57.9,,,4,Africa/Lagos,FALSE,1566319688
Kwamgo,Kwamgo,,12.5199,7.8917,Nigeria,NG,NGA,Katsina,Katsina,NG-KT,state,,265.7,,,3,Africa/Lagos,FALSE,1566824842
Ilufon,Ilufon,,8.0500,6.0500,Nigeria,NG,NGA,Kogi,Kogi,NG-KO,state,,80.0,,,4,Africa/Lagos,FALSE,1566080171
Kiriya,Kiriya,,10.4582,13.4015,Nigeria,NG,NGA,Adamawa,Adamawa,NG-AD,state,,323.3,,,3,Africa/Lagos,FALSE,1566496641
Gangtoma,Gangtoma,,8.2833,12.0500,Nigeria,NG,NGA,Adamawa,Adamawa,NG-AD,state,,136.0,,,4,Africa/Lagos,FALSE,1566849746
Balalangu,Balalangu,,11.4714,3.6764,Nigeria,NG,NGA,Kebbi,Kebbi,NG-KE,state,,74.5,,,4,Africa/Lagos,FALSE,1566787016
Babige,Babige,,10.3028,13.3153,Nigeria,NG,NGA,Adamawa,Adamawa,NG-AD,state,,323.3,,,3,Africa/Lagos,FALSE,1566521814
Utuechi,Utuechi,Ekperiware,5.3134,6.4940,Nigeria,NG,NGA,Rivers,Rivers,NG-RI,state,,344.6,,,3,Africa/Lagos,FALSE,1566462016
Daure,Daure,,11.2164,13.8967,Nigeria,NG,NGA,Borno,Borno,NG-BO,state,,180.5,,,4,Africa/Lagos,FALSE,1566477580
Osikuma,Osikuma,,8.5081,4.4231,Nigeria,NG,NGA,Kwara,Kwara,NG-KW,state,,117.9,,,4,Africa/Lagos,FALSE,1566955814
Olorunkemi,Olorunkemi,,6.6778,3.0327,Nigeria,NG,NGA,Ogun,Ogun,NG-OG,state,,909.6,,,3,Africa/Lagos,FALSE,1566095171
Nadindu,Nadindu,,13.4563,5.1136,Nigeria,NG,NGA,Sokoto,Sokoto,NG-SO,state,,70.6,,,4,Africa/Lagos,FALSE,1566604876
Derasita,Derasita,,9.0308,4.9196,Nigeria,NG,NGA,Kwara,Kwara,NG-KW,state,,118.8,,,4,Africa/Lagos,FALSE,1566008166
Jake,Jake,Unguwar Jake,12.1424,6.8662,Nigeria,NG,NGA,Zamfara,Zamfara,NG-ZA,state,,189.6,,,4,Africa/Lagos,FALSE,1566744066
Aiyereke-Ile,Aiyereke-Ile,,8.4680,4.7191,Nigeria,NG,NGA,Kwara,Kwara,NG-KW,state,,233.4,,,3,Africa/Lagos,FALSE,1566007270
Chijimison,Chijimison,,9.1293,6.1168,Nigeria,NG,NGA,Niger,Niger,NG-NI,state,,112.2,,,4,Africa/Lagos,FALSE,1566539051
Atev,Atev,,7.1417,8.6141,Nigeria,NG,NGA,Benue,Benue,NG-BE,state,,219.8,,,3,Africa/Lagos,FALSE,1566117620
Budo-Musa,Budo-Musa,Budo Musa,8.3679,4.2437,Nigeria,NG,NGA,Oyo,Oyo,NG-OY,state,,122.2,,,4,Africa/Lagos,FALSE,1566847942
Akata,Akata,,8.4408,4.6814,Nigeria,NG,NGA,Kwara,Kwara,NG-KW,state,,1864.9,,,3,Africa/Lagos,FALSE,1566006561
Akata,Akata,,8.4700,4.6119,Nigeria,NG,NGA,Kwara,Kwara,NG-KW,state,,1743.6,,,3,Africa/Lagos,TRUE,1566006560
Akata,Akata,,8.8446,4.2834,Nigeria,NG,NGA,Kwara,Kwara,NG-KW,state,,50.7,,,4,Africa/Lagos,TRUE,1566005740
Akata,Akata,,8.6961,4.2680,Nigeria,NG,NGA,Kwara,Kwara,NG-KW,state,,50.7,,,4,Africa/Lagos,TRUE,1566005741
Tungun-Aduka,Tungun-Aduka,,9.3955,7.6405,Nigeria,NG,NGA,Federal Capital Territory,Federal Capital Territory,NG-FC,capital territory,,161.0,,,4,Africa/Lagos,FALSE,1566766558
Chekyam,Chekyam,,7.5653,8.1117,Nigeria,NG,NGA,Benue,Benue,NG-BE,state,,147.6,,,4,Africa/Lagos,FALSE,1566521459
Bagoni,Bagoni,Kungana Bagoni,7.8919,10.7203,Nigeria,NG,NGA,Taraba,Taraba,NG-TA,state,,36.7,,,4,Africa/Lagos,FALSE,1566922012
Afanangbe,Afanangbe,,6.3745,8.5671,Nigeria,NG,NGA,Cross River,Cross River,NG-CR,state,,257.6,,,3,Africa/Lagos,FALSE,1566257856
Asalu,Asalu,,7.8000,4.0167,Nigeria,NG,NGA,Oyo,Oyo,NG-OY,state,,284.1,,,3,Africa/Lagos,FALSE,1566000240
Zinkur,Zinkur,,11.0844,11.3089,Nigeria,NG,NGA,Gombe,Gombe,NG-GO,state,,115.3,,,4,Africa/Lagos,FALSE,1566399118
Orgbo,Orgbo,,7.4480,8.6382,Nigeria,NG,NGA,Benue,Benue,NG-BE,state,,101.8,,,4,Africa/Lagos,FALSE,1566249018
Orgbo,Orgbo,,7.3576,8.2377,Nigeria,NG,NGA,Benue,Benue,NG-BE,state,,101.8,,,4,Africa/Lagos,TRUE,1566678461
Ganhurum,Ganhurum,,10.2111,12.3794,Nigeria,NG,NGA,Adamawa,Adamawa,NG-AD,state,,135.8,,,4,Africa/Lagos,FALSE,1566218091
Kukuri,Kukuri,,9.3098,7.8141,Nigeria,NG,NGA,Kaduna,Kaduna,NG-KD,state,,161.0,,,4,Africa/Lagos,FALSE,1566462887
Asalu,Asalu,,7.2944,4.2121,Nigeria,NG,NGA,Osun,Osun,NG-OS,state,,795.9,,,3,Africa/Lagos,FALSE,1566002833
Asalu,Asalu,,7.4243,4.4428,Nigeria,NG,NGA,Osun,Osun,NG-OS,state,,240.1,,,3,Africa/Lagos,TRUE,1566003170
Aure,Aure,,9.8814,12.5994,Nigeria,NG,NGA,Adamawa,Adamawa,NG-AD,state,,66.3,,,4,Africa/Lagos,FALSE,1566007017
Mokuro Erinta,Mokuro Erinta,,7.5143,4.6178,Nigeria,NG,NGA,Osun,Osun,NG-OS,state,,181.1,,,4,Africa/Lagos,FALSE,1566001920
Filasko,Filasko,,13.3489,4.5876,Nigeria,NG,NGA,Sokoto,Sokoto,NG-SO,state,,36.0,,,4,Africa/Lagos,FALSE,1566902783
Agbon,Agbon,,7.3475,4.7232,Nigeria,NG,NGA,Osun,Osun,NG-OS,state,,181.1,,,4,Africa/Lagos,FALSE,1566005008
Katriji,Katriji,,11.2510,8.7914,Nigeria,NG,NGA,Kano,Kano,NG-KN,state,,328.7,,,3,Africa/Lagos,FALSE,1566762519
Amokan,Amokan,,7.1081,3.3776,Nigeria,NG,NGA,Ogun,Ogun,NG-OG,state,,258.2,,,3,Africa/Lagos,FALSE,1566183803
Kyaan,Kyaan,,7.8367,8.5205,Nigeria,NG,NGA,Benue,Benue,NG-BE,state,,559.0,,,3,Africa/Lagos,FALSE,1566984186
Kyaan,Kyaan,,7.2291,9.1876,Nigeria,NG,NGA,Benue,Benue,NG-BE,state,,198.8,,,4,Africa/Lagos,TRUE,1566031999
Shiam,Shiam,,11.4711,13.7305,Nigeria,NG,NGA,Borno,Borno,NG-BO,state,,95.6,,,4,Africa/Lagos,FALSE,1566000360
Ifa Okon,Ifa Okon,,5.0698,7.6009,Nigeria,NG,NGA,Akwa Ibom,Akwa Ibom,NG-AK,state,,1011.3,,,3,Africa/Lagos,FALSE,1566000430
Gano,Gano,,11.8304,8.7308,Nigeria,NG,NGA,Kano,Kano,NG-KN,state,,597.0,,,3,Africa/Lagos,FALSE,1566740562
Agbon,Agbon,,7.0885,3.2749,Nigeria,NG,NGA,Ogun,Ogun,NG-OG,state,,283.2,,,3,Africa/Lagos,FALSE,1566968207
Agbon,Agbon,,7.0341,2.8350,Nigeria,NG,NGA,Ogun,Ogun,NG-OG,state,,145.1,,,4,Africa/Lagos,TRUE,1566674941
Agbon,Agbon,,6.9500,3.2167,Nigeria,NG,NGA,Ogun,Ogun,NG-OG,state,,139.2,,,4,Africa/Lagos,TRUE,1566265697
Bunkusu,Bunkusu,,8.7231,7.9252,Nigeria,NG,NGA,Nasarawa,Nasarawa,NG-NA,state,,89.8,,,4,Africa/Lagos,FALSE,1566007525
Gungu Saje,Gungu Saje,,8.6941,11.8211,Nigeria,NG,NGA,Adamawa,Adamawa,NG-AD,state,,155.8,,,4,Africa/Lagos,FALSE,1566880836
Ikot Ekpene,Ikot Ekpene,,5.1815,7.9342,Nigeria,NG,NGA,Akwa Ibom,Akwa Ibom,NG-AK,state,,893.5,,,3,Africa/Lagos,TRUE,1566913466
Bagida,Bagida,,12.2680,4.7106,Nigeria,NG,NGA,Sokoto,Sokoto,NG-SO,state,,154.9,,,4,Africa/Lagos,FALSE,1566803429
Bagida,Bagida,,13.7020,4.9135,Nigeria,NG,NGA,Sokoto,Sokoto,NG-SO,state,,70.6,,,4,Africa/Lagos,TRUE,1566033549
Torkukwa,Torkukwa,,7.5009,9.4520,Nigeria,NG,NGA,Benue,Benue,NG-BE,state,,126.0,,,4,Africa/Lagos,FALSE,1566126005
Subiojo,Subiojo,,7.0554,3.4337,Nigeria,NG,NGA,Ogun,Ogun,NG-OG,state,,258.2,,,3,Africa/Lagos,FALSE,1566002453
Ungwan Kifi,Ungwan Kifi,,9.5848,8.1037,Nigeria,NG,NGA,Kaduna,Kaduna,NG-KD,state,,546.0,,,3,Africa/Lagos,FALSE,1566486652
Gidan Dandoka,Gidan Dandoka,,9.6397,7.6217,Nigeria,NG,NGA,Kaduna,Kaduna,NG-KD,state,,82.2,,,4,Africa/Lagos,FALSE,1566075279
Orunwa,Orunwa,,6.8435,4.0662,Nigeria,NG,NGA,Ogun,Ogun,NG-OG,state,,225.0,,,3,Africa/Lagos,FALSE,1566798118
Tukulusu,Tukulusu,,9.2094,10.8085,Nigeria,NG,NGA,Taraba,Taraba,NG-TA,state,,42.4,,,4,Africa/Lagos,FALSE,1566565920
Mariya,Mariya,,10.4470,12.0363,Nigeria,NG,NGA,Borno,Borno,NG-BO,state,,122.3,,,4,Africa/Lagos,FALSE,1566828496
Abapia,Abapia,,5.7815,7.9983,Nigeria,NG,NGA,Cross River,Cross River,NG-CR,state,,202.8,,,3,Africa/Lagos,FALSE,1566649012
Daku,Daku,,10.3611,12.9772,Nigeria,NG,NGA,Adamawa,Adamawa,NG-AD,state,,90.9,,,4,Africa/Lagos,FALSE,1566272774
Ifite-Awka,Ifite-Awka,,6.2447,7.0903,Nigeria,NG,NGA,Anambra,Anambra,NG-AN,state,,417.9,,,3,Africa/Lagos,FALSE,1566793436
Ngikura,Ngikura,,13.1343,11.2262,Nigeria,NG,NGA,Yobe,Yobe,NG-YO,state,,41.3,,,4,Africa/Lagos,FALSE,1566825794
Mbabo,Mbabo,,6.1657,8.1562,Nigeria,NG,NGA,Ebonyi,Ebonyi,NG-EB,state,,676.7,,,3,Africa/Lagos,FALSE,1566960988
Elepo,Elepo,,7.0477,3.5486,Nigeria,NG,NGA,Ogun,Ogun,NG-OG,state,,258.2,,,3,Africa/Lagos,FALSE,1566974089
Baba Maradu,Baba Maradu,,12.3296,4.7756,Nigeria,NG,NGA,Sokoto,Sokoto,NG-SO,state,,154.9,,,4,Africa/Lagos,FALSE,1566947452
Owahwa,Owahwa,,5.4021,5.8184,Nigeria,NG,NGA,Delta,Delta,NG-DE,state,,992.9,,,3,Africa/Lagos,FALSE,1566586343
Oneyongo,Oneyongo,,7.8555,9.4533,Nigeria,NG,NGA,Taraba,Taraba,NG-TA,state,,214.4,,,3,Africa/Lagos,FALSE,1566036979
Zuwa,Zuwa,,8.9672,11.4112,Nigeria,NG,NGA,Taraba,Taraba,NG-TA,state,,99.8,,,4,Africa/Lagos,FALSE,1566103118
Lambe,Lambe,,6.7044,3.3484,Nigeria,NG,NGA,Ogun,Ogun,NG-OG,state,,1720.0,,,3,Africa/Lagos,FALSE,1566189812
Dariya,Dariya,,10.6641,8.8124,Nigeria,NG,NGA,Kaduna,Kaduna,NG-KD,state,,146.1,,,4,Africa/Lagos,FALSE,1566867461
Dariya,Dariya,,11.2351,4.6947,Nigeria,NG,NGA,Kebbi,Kebbi,NG-KE,state,,129.0,,,4,Africa/Lagos,FALSE,1566018974
Fanadi,Fanadi,,12.0642,4.1236,Nigeria,NG,NGA,Kebbi,Kebbi,NG-KE,state,,232.8,,,3,Africa/Lagos,FALSE,1566015543
Sapale,Sapale,,7.3414,3.1681,Nigeria,NG,NGA,Ogun,Ogun,NG-OG,state,,395.9,,,3,Africa/Lagos,FALSE,1566817668
Beri,Beri,Bari,10.2796,5.7307,Nigeria,NG,NGA,Niger,Niger,NG-NI,state,,54.5,,,4,Africa/Lagos,FALSE,1566890166
Amuma,Amuma,,5.6430,7.8899,Nigeria,NG,NGA,Abia,Abia,NG-AB,state,,635.0,,,3,Africa/Lagos,FALSE,1566242867
Igbobi,Igbobi,,6.2562,5.4717,Nigeria,NG,NGA,Edo,Edo,NG-ED,state,,95.1,,,4,Africa/Lagos,FALSE,1566461404
Abong,Abong,,6.9833,10.7333,Nigeria,NG,NGA,Taraba,Taraba,NG-TA,state,,73.7,,,4,Africa/Douala,FALSE,1566848126
Kolere,Kolere,,8.7937,11.6438,Nigeria,NG,NGA,Taraba,Taraba,NG-TA,state,,99.8,,,4,Africa/Lagos,FALSE,1566000729
Jugga,Jugga,,11.7253,10.3805,Nigeria,NG,NGA,Bauchi,Bauchi,NG-BA,state,,234.1,,,3,Africa/Lagos,FALSE,1566616516
Orosi,Orosi,,8.1055,4.3342,Nigeria,NG,NGA,Oyo,Oyo,NG-OY,state,,274.8,,,3,Africa/Lagos,FALSE,1566005513
Ofogbogbene,Ofogbogbene,,5.2251,6.2518,Nigeria,NG,NGA,Bayelsa,Bayelsa,NG-BY,state,,491.0,,,3,Africa/Lagos,FALSE,1566426111
Akume,Akume,,7.6731,8.6225,Nigeria,NG,NGA,Benue,Benue,NG-BE,state,,559.0,,,3,Africa/Lagos,FALSE,1566074966
Akume,Akume,,7.3557,9.0727,Nigeria,NG,NGA,Benue,Benue,NG-BE,state,,280.6,,,3,Africa/Lagos,TRUE,1566090417
Akume,Akume,,7.3351,8.8804,Nigeria,NG,NGA,Benue,Benue,NG-BE,state,,280.6,,,3,Africa/Lagos,TRUE,1566828309
Akume,Akume,,7.4286,8.8691,Nigeria,NG,NGA,Benue,Benue,NG-BE,state,,280.6,,,3,Africa/Lagos,TRUE,1566887474
Akume,Akume,,7.1375,8.8639,Nigeria,NG,NGA,Benue,Benue,NG-BE,state,,227.3,,,3,Africa/Lagos,TRUE,1566280226
Akume,Akume,,7.2618,8.5453,Nigeria,NG,NGA,Benue,Benue,NG-BE,state,,219.8,,,3,Africa/Lagos,TRUE,1566549507
Akume,Akume,,7.4461,9.1506,Nigeria,NG,NGA,Benue,Benue,NG-BE,state,,198.8,,,4,Africa/Lagos,TRUE,1566818338
Akume,Akume,,7.2016,9.1698,Nigeria,NG,NGA,Benue,Benue,NG-BE,state,,198.8,,,4,Africa/Lagos,TRUE,1566749077
Akume,Akume,,7.6109,8.3114,Nigeria,NG,NGA,Benue,Benue,NG-BE,state,,147.6,,,4,Africa/Lagos,TRUE,1566813442
Akume,Akume,,7.8070,8.1292,Nigeria,NG,NGA,Benue,Benue,NG-BE,state,,139.2,,,4,Africa/Lagos,TRUE,1566315988
Akume,Akume,,7.1352,9.4876,Nigeria,NG,NGA,Benue,Benue,NG-BE,state,,126.0,,,4,Africa/Lagos,TRUE,1566951118
Eziachi,Eziachi,,5.7565,7.0523,Nigeria,NG,NGA,Imo,Imo,NG-IM,state,,1681.3,,,3,Africa/Lagos,FALSE,1566051407
Korare,Korare,,12.8116,8.3976,Nigeria,NG,NGA,Katsina,Katsina,NG-KT,state,,315.4,,,3,Africa/Lagos,FALSE,1566131557
Wuro Sundani,Wuro Sundani,,10.1969,13.1095,Nigeria,NG,NGA,Adamawa,Adamawa,NG-AD,state,,90.9,,,4,Africa/Lagos,FALSE,1566060626
Obioku,Obioku,,4.3367,6.5377,Nigeria,NG,NGA,Bayelsa,Bayelsa,NG-BY,state,,167.1,,,4,Africa/Lagos,FALSE,1566177009
Gidan Naki,Gidan Naki,,11.6859,4.8155,Nigeria,NG,NGA,Kebbi,Kebbi,NG-KE,state,,67.6,,,4,Africa/Lagos,FALSE,1566922057
Gidan Angode,Gidan Angode,,13.6478,5.5546,Nigeria,NG,NGA,Sokoto,Sokoto,NG-SO,state,,175.4,,,4,Africa/Lagos,FALSE,1566574993
Bulou-Ozobo,Bulou-Ozobo,Bulou-Camp|Bulou-Ojobo,5.0446,5.6789,Nigeria,NG,NGA,Delta,Delta,NG-DE,state,,185.2,,,4,Africa/Lagos,FALSE,1566891169
Adiga,Adiga,,10.9596,12.6628,Nigeria,NG,NGA,Borno,Borno,NG-BO,state,,57.1,,,4,Africa/Lagos,FALSE,1566259620
Gamboura,Gamboura,,8.5088,11.3643,Nigeria,NG,NGA,Taraba,Taraba,NG-TA,state,,36.7,,,4,Africa/Lagos,FALSE,1566573404
Dadu,Dadu,,12.0936,4.9384,Nigeria,NG,NGA,Zamfara,Zamfara,NG-ZA,state,,67.6,,,4,Africa/Lagos,FALSE,1566138903
Ugbogui IV,Ugbogui IV,,6.6830,5.2747,Nigeria,NG,NGA,Edo,Edo,NG-ED,state,,70.3,,,4,Africa/Lagos,FALSE,1566001537
Ago-Nathaniel,Ago-Nathaniel,,7.2949,5.3833,Nigeria,NG,NGA,Ondo,Ondo,NG-ON,state,,376.1,,,3,Africa/Lagos,FALSE,1566922431
Johngbene,Johngbene,,5.2366,6.1411,Nigeria,NG,NGA,Delta,Delta,NG-DE,state,,598.9,,,3,Africa/Lagos,FALSE,1566336092
Ayu,Ayu,,7.3645,8.9868,Nigeria,NG,NGA,Benue,Benue,NG-BE,state,,280.6,,,3,Africa/Lagos,FALSE,1566453946
Kere,Kere,,12.7693,8.3679,Nigeria,NG,NGA,Jigawa,Jigawa,NG-JI,state,,326.1,,,3,Africa/Lagos,FALSE,1566150259
Wuro Boyi,WuroBoyi,,9.5472,12.5027,Nigeria,NG,NGA,Adamawa,Adamawa,NG-AD,state,,201.8,,,3,Africa/Lagos,FALSE,1566002481
Ijaiye,Ijaiye,,6.6328,3.3414,Nigeria,NG,NGA,Lagos,Lagos,NG-LA,state,,10691.6,,,2,Africa/Lagos,FALSE,1566787097
Girgirnari,Girgirnari,Girigiriri,11.6833,12.3024,Nigeria,NG,NGA,Borno,Borno,NG-BO,state,,51.5,,,4,Africa/Lagos,FALSE,1566823171
Olala,Olala,,7.7833,4.1333,Nigeria,NG,NGA,Osun,Osun,NG-OS,state,,331.0,,,3,Africa/Lagos,FALSE,1566681801
Dula,Dula,,7.3388,8.9180,Nigeria,NG,NGA,Benue,Benue,NG-BE,state,,280.6,,,3,Africa/Lagos,FALSE,1566031211
Tugan Mahuta,Tugan Mahuta,,10.7317,4.1011,Nigeria,NG,NGA,Niger,Niger,NG-NI,state,,27.2,,,4,Africa/Lagos,FALSE,1566848947
Lokoja-Basa,Lokoja-Basa,,8.2768,7.3830,Nigeria,NG,NGA,Nasarawa,Nasarawa,NG-NA,state,,66.3,,,4,Africa/Lagos,FALSE,1566008194
Subon,Subon,,10.4807,12.3360,Nigeria,NG,NGA,Borno,Borno,NG-BO,state,,92.2,,,4,Africa/Lagos,FALSE,1566923249
Orati,Orati,,7.4473,3.2763,Nigeria,NG,NGA,Oyo,Oyo,NG-OY,state,,354.4,,,3,Africa/Lagos,FALSE,1566454205
Hulwai Paleha,Hulwai Paleha,,10.1135,12.5102,Nigeria,NG,NGA,Adamawa,Adamawa,NG-AD,state,,102.2,,,4,Africa/Lagos,FALSE,1566970076
Lawan-Dalari,Lawan-Dalari,,11.4077,13.8488,Nigeria,NG,NGA,Borno,Borno,NG-BO,state,,95.6,,,4,Africa/Lagos,FALSE,1566000117
Dula,Dula,,10.6743,12.1794,Nigeria,NG,NGA,Borno,Borno,NG-BO,state,,83.9,,,4,Africa/Lagos,FALSE,1566644829
Shango,Shango,,7.5555,8.8559,Nigeria,NG,NGA,Benue,Benue,NG-BE,state,,308.5,,,3,Africa/Lagos,FALSE,1566824064
Udan Marki,Udan Marki,,13.3257,4.5635,Nigeria,NG,NGA,Sokoto,Sokoto,NG-SO,state,,36.0,,,4,Africa/Lagos,FALSE,1566658612
Eruku,Eruku,,8.0270,4.3550,Nigeria,NG,NGA,Oyo,Oyo,NG-OY,state,,274.8,,,3,Africa/Lagos,FALSE,1566005337
Eruku,Eruku,,7.2967,4.1464,Nigeria,NG,NGA,Osun,Osun,NG-OS,state,,795.9,,,3,Africa/Lagos,FALSE,1566002360
Eruku,Eruku,,7.2962,4.3102,Nigeria,NG,NGA,Osun,Osun,NG-OS,state,,218.2,,,3,Africa/Lagos,TRUE,1566002714
Boret,Boret,,8.9244,9.5677,Nigeria,NG,NGA,Plateau,Plateau,NG-PL,state,,121.8,,,4,Africa/Lagos,FALSE,1566145164
Numvan,Numvan,,8.4667,11.9667,Nigeria,NG,NGA,Adamawa,Adamawa,NG-AD,state,,136.0,,,4,Africa/Lagos,FALSE,1566100700
Kagura,Kagura,,10.5333,8.2167,Nigeria,NG,NGA,Kaduna,Kaduna,NG-KD,state,,121.6,,,4,Africa/Lagos,FALSE,1566028678
Gwambula,Gwambula,Zombulo,10.4425,13.3353,Nigeria,NG,NGA,Adamawa,Adamawa,NG-AD,state,,323.3,,,3,Africa/Lagos,FALSE,1566626909
Bulanguwa,Bulanguwa,,11.4736,11.4054,Nigeria,NG,NGA,Yobe,Yobe,NG-YO,state,,96.7,,,4,Africa/Lagos,FALSE,1566364370
Jalingo Faran,Jalingo Faran,,9.5833,13.0000,Nigeria,NG,NGA,Adamawa,Adamawa,NG-AD,state,,72.3,,,4,Africa/Lagos,FALSE,1566911683
Jelbang,Jelbang,,8.9429,9.9175,Nigeria,NG,NGA,Plateau,Plateau,NG-PL,state,,38.2,,,4,Africa/Lagos,FALSE,1566359550
Oganga,Oganga,,6.7237,8.4230,Nigeria,NG,NGA,Cross River,Cross River,NG-CR,state,,175.9,,,4,Africa/Lagos,FALSE,1566639164
Ungwan Rumi,Ungwan Rumi,,11.3592,8.0310,Nigeria,NG,NGA,Kaduna,Kaduna,NG-KD,state,,349.1,,,3,Africa/Lagos,FALSE,1566778721
Gbughur,Gbughur,,7.5459,8.3851,Nigeria,NG,NGA,Benue,Benue,NG-BE,state,,101.8,,,4,Africa/Lagos,FALSE,1566777273
Ekpon,Ekpon,Ekpo,6.4117,6.2669,Nigeria,NG,NGA,Edo,Edo,NG-ED,state,,190.1,,,4,Africa/Lagos,FALSE,1566281323
Ekpon,Ekpon,,6.7192,5.9453,Nigeria,NG,NGA,Edo,Edo,NG-ED,state,,86.9,,,4,Africa/Lagos,TRUE,1566629426
Kwatara,Kwatara,,10.3998,8.6609,Nigeria,NG,NGA,Kaduna,Kaduna,NG-KD,state,,219.9,,,3,Africa/Lagos,FALSE,1566161037
Bajoga,Bajoga,,10.8544,11.4319,Nigeria,NG,NGA,Gombe,Gombe,NG-GO,state,minor,264.8,,,3,Africa/Lagos,FALSE,1566128993
Samberi,Samberi,,10.0988,11.9167,Nigeria,NG,NGA,Borno,Borno,NG-BO,state,,134.0,,,4,Africa/Lagos,FALSE,1566731163
Ribadu,Ribadu,,8.5649,12.1343,Nigeria,NG,NGA,Adamawa,Adamawa,NG-AD,state,,103.1,,,4,Africa/Lagos,FALSE,1566078401
Ribadu,Ribadu,,9.2971,12.7102,Nigeria,NG,NGA,Adamawa,Adamawa,NG-AD,state,,72.3,,,4,Africa/Lagos,TRUE,1566463598
Ribadu,Ribadu,,9.6500,13.1260,Nigeria,NG,NGA,Adamawa,Adamawa,NG-AD,state,,66.3,,,4,Africa/Lagos,TRUE,1566133950
Ribadu,Ribadu,,9.8341,12.8724,Nigeria,NG,NGA,Adamawa,Adamawa,NG-AD,state,,66.3,,,4,Africa/Lagos,TRUE,1566008426
Alapara,Alapara,,7.1771,3.4668,Nigeria,NG,NGA,Ogun,Ogun,NG-OG,state,,122.0,,,4,Africa/Lagos,FALSE,1566000224
Mworfan,Mworfan,,7.4365,9.1525,Nigeria,NG,NGA,Benue,Benue,NG-BE,state,,198.8,,,4,Africa/Lagos,FALSE,1566764260
Madagbayu Ilaje,Madagbayu Ilaje,,6.4441,4.6151,Nigeria,NG,NGA,Ondo,Ondo,NG-ON,state,,299.8,,,3,Africa/Lagos,FALSE,1566004356
Uhen,Uhen,,7.3523,8.4148,Nigeria,NG,NGA,Benue,Benue,NG-BE,state,,101.8,,,4,Africa/Lagos,FALSE,1566819527
Tsehoon,Tsehoon,,7.7654,9.1915,Nigeria,NG,NGA,Benue,Benue,NG-BE,state,,185.5,,,4,Africa/Lagos,FALSE,1566239373
Aiyelade,Aiyelade,,7.9667,4.0833,Nigeria,NG,NGA,Oyo,Oyo,NG-OY,state,,123.5,,,4,Africa/Lagos,FALSE,1566003785
Akuse,Akuse,,7.0954,8.7998,Nigeria,NG,NGA,Benue,Benue,NG-BE,state,,227.3,,,3,Africa/Lagos,FALSE,1566155576
Degemba,Degemba,,11.3232,13.3313,Nigeria,NG,NGA,Borno,Borno,NG-BO,state,,57.1,,,4,Africa/Lagos,FALSE,1566667892
Mayo Mbona,Mayo Mbona,,8.8298,12.1823,Nigeria,NG,NGA,Adamawa,Adamawa,NG-AD,state,,103.1,,,4,Africa/Lagos,FALSE,1566348635
Soderu,Soderu,,6.8684,3.2460,Nigeria,NG,NGA,Ogun,Ogun,NG-OG,state,,139.2,,,4,Africa/Lagos,FALSE,1566001556
Soderu,Soderu,,7.2883,3.6540,Nigeria,NG,NGA,Ogun,Ogun,NG-OG,state,,122.0,,,4,Africa/Lagos,TRUE,1566545596
Ungwan Mahauta,Ungwan Mahauta,,11.6080,7.5559,Nigeria,NG,NGA,Katsina,Katsina,NG-KT,state,,304.1,,,3,Africa/Lagos,FALSE,1566812102
Kanoma,Kanoma,,12.2284,6.2962,Nigeria,NG,NGA,Zamfara,Zamfara,NG-ZA,state,,56.9,,,4,Africa/Lagos,FALSE,1566207528
Four Towns,Four Towns,,5.0254,7.9236,Nigeria,NG,NGA,Akwa Ibom,Akwa Ibom,NG-AK,state,,2541.3,,,2,Africa/Lagos,FALSE,1566367371
Amokaha,Amokaha,,7.6648,8.8110,Nigeria,NG,NGA,Benue,Benue,NG-BE,state,,308.5,,,3,Africa/Lagos,FALSE,1566940790
Amokaha,Amokaha,,7.0589,9.0083,Nigeria,NG,NGA,Benue,Benue,NG-BE,state,,227.3,,,3,Africa/Lagos,TRUE,1566692017
Amokaha,Amokaha,,7.2692,9.2763,Nigeria,NG,NGA,Benue,Benue,NG-BE,state,,198.8,,,4,Africa/Lagos,TRUE,1566162037
Gbela,Gbela,,7.3120,8.7941,Nigeria,NG,NGA,Benue,Benue,NG-BE,state,,280.6,,,3,Africa/Lagos,FALSE,1566675263
Dakwima,Dakwima,,10.5974,12.4419,Nigeria,NG,NGA,Borno,Borno,NG-BO,state,,92.2,,,4,Africa/Lagos,FALSE,1566968699
Ayen,Ayen,,6.4505,5.7391,Nigeria,NG,NGA,Edo,Edo,NG-ED,state,,86.9,,,4,Africa/Lagos,FALSE,1566194846
Kondoro Hausa,Kondoro Hausa,,9.2343,7.7920,Nigeria,NG,NGA,Nasarawa,Nasarawa,NG-NA,state,,120.7,,,4,Africa/Lagos,FALSE,1566017283
Lan,Lan,,7.9087,9.4444,Nigeria,NG,NGA,Taraba,Taraba,NG-TA,state,,93.9,,,4,Africa/Lagos,FALSE,1566773966
Gungu Abdulahi,Gungu Abdulahi,,8.2146,9.8911,Nigeria,NG,NGA,Taraba,Taraba,NG-TA,state,,46.1,,,4,Africa/Lagos,FALSE,1566269871
Ibaribara,Ibaribara,Abaribara,5.7463,7.9857,Nigeria,NG,NGA,Cross River,Cross River,NG-CR,state,,202.8,,,3,Africa/Lagos,FALSE,1566592732
Utsue,Utsue,,7.7998,9.1313,Nigeria,NG,NGA,Taraba,Taraba,NG-TA,state,,185.5,,,4,Africa/Lagos,FALSE,1566072752
Tongo Manarru,Tongo Manarru,,9.8463,10.9815,Nigeria,NG,NGA,Gombe,Gombe,NG-GO,state,,83.4,,,4,Africa/Lagos,FALSE,1566479261
Mitin Camp,Mitin Camp,,5.5074,6.6229,Nigeria,NG,NGA,Rivers,Rivers,NG-RI,state,,637.7,,,3,Africa/Lagos,FALSE,1566495199
Igbole,Igbole,,8.1491,4.3292,Nigeria,NG,NGA,Oyo,Oyo,NG-OY,state,,1096.6,,,3,Africa/Lagos,FALSE,1566054819
Igbole,Igbole,,8.2980,4.4215,Nigeria,NG,NGA,Oyo,Oyo,NG-OY,state,,117.9,,,4,Africa/Lagos,TRUE,1566005452
Itachurch,Itachurch,Ita Church,7.0625,3.8028,Nigeria,NG,NGA,Oyo,Oyo,NG-OY,state,,415.3,,,3,Africa/Lagos,FALSE,1566028925
Ga-Afingba,Ga-Afingba,,8.4778,4.2508,Nigeria,NG,NGA,Oyo,Oyo,NG-OY,state,,122.2,,,4,Africa/Lagos,FALSE,1566005369
Kadishe,Kadishe,,13.0023,11.1299,Nigeria,NG,NGA,Yobe,Yobe,NG-YO,state,,41.3,,,4,Africa/Lagos,FALSE,1566248750
Kumao,Kumao,,8.5986,7.2961,Nigeria,NG,NGA,Federal Capital Territory,Federal Capital Territory,NG-FC,capital territory,,196.6,,,4,Africa/Lagos,FALSE,1566971055
Hulugh,Hulugh,,7.2752,9.0689,Nigeria,NG,NGA,Benue,Benue,NG-BE,state,,280.6,,,3,Africa/Lagos,FALSE,1566498413
Hulugh,Hulugh,,7.3433,8.8954,Nigeria,NG,NGA,Benue,Benue,NG-BE,state,,280.6,,,3,Africa/Lagos,TRUE,1566195605
Hulugh,Hulugh,,7.1387,8.9680,Nigeria,NG,NGA,Benue,Benue,NG-BE,state,,227.3,,,3,Africa/Lagos,TRUE,1566628998
Diko-Tako,Diko-Tako,,9.1026,5.5431,Nigeria,NG,NGA,Niger,Niger,NG-NI,state,,322.5,,,3,Africa/Lagos,FALSE,1566000276
Ladan,Ladan,Bonu,9.3641,6.9746,Nigeria,NG,NGA,Niger,Niger,NG-NI,state,,125.6,,,4,Africa/Lagos,FALSE,1566909880
Ladan,Ladan,,9.2910,5.9029,Nigeria,NG,NGA,Niger,Niger,NG-NI,state,,112.2,,,4,Africa/Lagos,TRUE,1566413495
Ladan,Ladan,,8.8655,5.8284,Nigeria,NG,NGA,Niger,Niger,NG-NI,state,,84.4,,,4,Africa/Lagos,TRUE,1566008493
Bumsa,Bumsa,,10.7207,12.0788,Nigeria,NG,NGA,Borno,Borno,NG-BO,state,,83.9,,,4,Africa/Lagos,FALSE,1566203976
Tseuwar,Tseuwar,,7.5961,9.6882,Nigeria,NG,NGA,Benue,Benue,NG-BE,state,,214.4,,,3,Africa/Lagos,FALSE,1566503591
Lamola,Lamola,,7.6997,4.5556,Nigeria,NG,NGA,Osun,Osun,NG-OS,state,,1498.0,,,3,Africa/Lagos,FALSE,1566002406
Jigirochadi,Jigirochadi,,10.8145,12.7517,Nigeria,NG,NGA,Borno,Borno,NG-BO,state,,75.3,,,4,Africa/Lagos,FALSE,1566985503
Urudu,Urudu,Durugu,10.1872,5.9217,Nigeria,NG,NGA,Niger,Niger,NG-NI,state,,54.5,,,4,Africa/Lagos,FALSE,1566799867
Uroho,Uroho,,6.1923,5.6674,Nigeria,NG,NGA,Edo,Edo,NG-ED,state,,640.1,,,3,Africa/Lagos,FALSE,1566575466
Itori,Itori,,7.3075,3.7490,Nigeria,NG,NGA,Oyo,Oyo,NG-OY,state,,151.8,,,4,Africa/Lagos,FALSE,1566060562
Ajele,Ajele,,7.7147,3.8211,Nigeria,NG,NGA,Oyo,Oyo,NG-OY,state,,284.1,,,3,Africa/Lagos,FALSE,1566127066
Tangbula,Tangbula,,7.8596,10.2938,Nigeria,NG,NGA,Taraba,Taraba,NG-TA,state,,57.9,,,4,Africa/Lagos,FALSE,1566963199
Yaungo,Yaungo,Yaongo,9.4525,12.6549,Nigeria,NG,NGA,Adamawa,Adamawa,NG-AD,state,,201.8,,,3,Africa/Lagos,FALSE,1566462556
Itori,Itori,,6.6427,3.1776,Nigeria,NG,NGA,Ogun,Ogun,NG-OG,state,,909.6,,,3,Africa/Lagos,FALSE,1566000143
Itori,Itori,,7.0944,3.4338,Nigeria,NG,NGA,Ogun,Ogun,NG-OG,state,,258.2,,,3,Africa/Lagos,TRUE,1566205792
Itori,Itori,,6.9740,3.3525,Nigeria,NG,NGA,Ogun,Ogun,NG-OG,state,,258.2,,,3,Africa/Lagos,TRUE,1566977239
Itori,Itori,,6.9312,3.2215,Nigeria,NG,NGA,Ogun,Ogun,NG-OG,state,minor,139.2,,,3,Africa/Lagos,TRUE,1566119453
Ungwan Wabi,Ungwan Wabi,,11.6247,7.8714,Nigeria,NG,NGA,Katsina,Katsina,NG-KT,state,,437.0,,,3,Africa/Lagos,FALSE,1566216305
Kokotegbene,Kokotegbene,,4.8406,5.5522,Nigeria,NG,NGA,Bayelsa,Bayelsa,NG-BY,state,,233.9,,,3,Africa/Lagos,FALSE,1566659430
Owakande,Owakande,,6.0377,8.3464,Nigeria,NG,NGA,Cross River,Cross River,NG-CR,state,,222.3,,,3,Africa/Lagos,FALSE,1566200195
Abeokuta,Abeokuta,,8.4176,4.5302,Nigeria,NG,NGA,Kwara,Kwara,NG-KW,state,,117.9,,,4,Africa/Lagos,FALSE,1566007883
Ejenessan,Ejenessan,,5.8634,5.7941,Nigeria,NG,NGA,Delta,Delta,NG-DE,state,,576.6,,,3,Africa/Lagos,FALSE,1566445153
Parapo,Parapo,,7.9688,4.1281,Nigeria,NG,NGA,Oyo,Oyo,NG-OY,state,,186.6,,,4,Africa/Lagos,FALSE,1566004777
Kyanso,Kyanso,,7.0752,10.1775,Nigeria,NG,NGA,Taraba,Taraba,NG-TA,state,,27.3,,,4,Africa/Lagos,FALSE,1566337892
Kusoko,Kusoko,,9.1182,5.8772,Nigeria,NG,NGA,Niger,Niger,NG-NI,state,,112.2,,,4,Africa/Lagos,FALSE,1566857225
Kusoko,Kusoko,,9.2401,5.4348,Nigeria,NG,NGA,Niger,Niger,NG-NI,state,,102.5,,,4,Africa/Lagos,TRUE,1566006527
Kusoko,Kusoko,,9.7659,5.7490,Nigeria,NG,NGA,Niger,Niger,NG-NI,state,,37.4,,,4,Africa/Lagos,TRUE,1566918612
Nyatkpok,Nyatkpok,Nyatkpot,6.2881,8.5347,Nigeria,NG,NGA,Cross River,Cross River,NG-CR,state,,120.9,,,4,Africa/Lagos,FALSE,1566606437
Koso,Koso,,9.3519,7.8122,Nigeria,NG,NGA,Kaduna,Kaduna,NG-KD,state,,161.0,,,4,Africa/Lagos,FALSE,1566611570
Igbe,Igbe,,6.4867,5.1573,Nigeria,NG,NGA,Edo,Edo,NG-ED,state,,70.3,,,4,Africa/Lagos,FALSE,1566884647