city,city_ascii,city_alt,lat,lng,country,iso2,iso3,admin_name,admin_name_ascii,admin_code,admin_type,capital,density,population,population_proper,ranking,timezone,same_name,id
Chak Fifteen,Chak Fifteen,,30.3555,71.9081,Pakistan,PK,PAK,Punjab,Punjab,PK-PB,province,,932.2,,,3,Asia/Karachi,TRUE,1586165210
Chak Fifteen,Chak Fifteen,Rakh Dobli,31.0922,74.0882,Pakistan,PK,PAK,Punjab,Punjab,PK-PB,province,,893.7,,,3,Asia/Karachi,TRUE,1586347996
Chak Fifteen,Chak Fifteen,Shamsha,31.4901,73.5007,Pakistan,PK,PAK,Punjab,Punjab,PK-PB,province,,730.8,,,3,Asia/Karachi,TRUE,1586013725
Chak Fifteen,Chak Fifteen,Janūbi,32.4864,73.3288,Pakistan,PK,PAK,Punjab,Punjab,PK-PB,province,,680.0,,,3,Asia/Karachi,TRUE,1586560965
Chak Fifteen,Chak Fifteen,Katorewāla|Mūniān,31.6892,73.0957,Pakistan,PK,PAK,Punjab,Punjab,PK-PB,province,,642.1,,,3,Asia/Karachi,TRUE,1586007868
Chak Fifteen,Chak Fifteen,Kalān,28.9784,70.9931,Pakistan,PK,PAK,Punjab,Punjab,PK-PB,province,,174.7,,,4,Asia/Karachi,TRUE,1586604979
Yusaf Machhi,Yusaf Machhi,,28.0415,68.1869,Pakistan,PK,PAK,Sindh,Sindh,PK-SD,province,,277.7,,,3,Asia/Karachi,FALSE,1586545092
Sialkot,Sialkot,,30.9151,71.8509,Pakistan,PK,PAK,Punjab,Punjab,PK-PB,province,,527.3,,,3,Asia/Karachi,FALSE,1586685778
Mehtarzai Kili,Mehtarzai Kili,Mehtar Zai|Mihtarzai,30.2894,66.8934,Pakistan,PK,PAK,Balochistan,Balochistan,PK-BA,province,,352.9,,,3,Asia/Karachi,FALSE,1586937780
Dhok Jabba,Dhok Jabba,,33.4913,73.3388,Pakistan,PK,PAK,Punjab,Punjab,PK-PB,province,,501.9,,,3,Asia/Karachi,FALSE,1586328914
Dhok Jabba,Dhok Jabba,Dhok Jāba,32.9975,73.1740,Pakistan,PK,PAK,Punjab,Punjab,PK-PB,province,,344.6,,,3,Asia/Karachi,TRUE,1586922875
Lokri Marthan,Lokri Marthan,,32.6541,73.5641,Pakistan,PK,PAK,Punjab,Punjab,PK-PB,province,,959.2,,,3,Asia/Karachi,FALSE,1586835682
Goth Umerio Koli,Goth Umerio Koli,,25.5341,68.6695,Pakistan,PK,PAK,Sindh,Sindh,PK-SD,province,,530.6,,,3,Asia/Karachi,FALSE,1586417532
Malik Jalal Khan Kili,Malik Jalal Khan Kili,,30.5849,66.5229,Pakistan,PK,PAK,Balochistan,Balochistan,PK-BA,province,,86.9,,,4,Asia/Karachi,FALSE,1586711781
Chamiari,Chamiari,,31.9886,74.7696,Pakistan,PK,PAK,Punjab,Punjab,PK-PB,province,,1016.7,,,3,Asia/Karachi,FALSE,1586030941
Naral Ban,Naral Ban,,34.7098,73.2305,Pakistan,PK,PAK,Khyber Pakhtunkhwa,Khyber Pakhtunkhwa,PK-KP,province,,786.1,,,3,Asia/Karachi,FALSE,1586712933
Mulyano Kalle,Mulyano Kalle,Muhammad Husain,34.3192,71.8266,Pakistan,PK,PAK,Khyber Pakhtunkhwa,Khyber Pakhtunkhwa,PK-KP,province,,1792.0,,,3,Asia/Karachi,FALSE,1586981598
Daran,Daran,,30.4007,71.6672,Pakistan,PK,PAK,Punjab,Punjab,PK-PB,province,,698.3,,,3,Asia/Karachi,FALSE,1586780058
Ghoi,Ghoi,Ghoie,33.4958,73.5105,Pakistan,PK,PAK,Azad Kashmir,Azad Kashmir,PK-JK,Pakistan administered area,,501.9,,,3,Asia/Karachi,FALSE,1586529189
Kaura Saldera,Kaura Saldera,Kaura,29.9623,72.6993,Pakistan,PK,PAK,Punjab,Punjab,PK-PB,province,,844.6,,,3,Asia/Karachi,FALSE,1586897610
Kherli,Kherli,,33.4680,73.6243,Pakistan,PK,PAK,Azad Kashmir,Azad Kashmir,PK-JK,Pakistan administered area,,266.7,,,3,Asia/Karachi,FALSE,1586819096
Lias,Lias,,34.2982,72.9346,Pakistan,PK,PAK,Khyber Pakhtunkhwa,Khyber Pakhtunkhwa,PK-KP,province,,786.1,,,3,Asia/Karachi,FALSE,1586991130
Baranke,Baranke,Bahārke,31.8673,73.1886,Pakistan,PK,PAK,Punjab,Punjab,PK-PB,province,,514.6,,,3,Asia/Karachi,FALSE,1586890336
Killi Haji Taj Muhammad,Killi Haji Taj Muhammad,,30.0407,66.3924,Pakistan,PK,PAK,Balochistan,Balochistan,PK-BA,province,,352.9,,,3,Asia/Karachi,FALSE,1586840072
Kuz Banda,Kuz Banda,,34.8670,71.7593,Pakistan,PK,PAK,Khyber Pakhtunkhwa,Khyber Pakhtunkhwa,PK-KP,province,,835.0,,,3,Asia/Karachi,FALSE,1586191642
Kuz Banda,Kuz Banda,,34.7014,72.8774,Pakistan,PK,PAK,Khyber Pakhtunkhwa,Khyber Pakhtunkhwa,PK-KP,province,,701.8,,,3,Asia/Karachi,TRUE,1586312923
Kuz Banda,Kuz Banda,,34.8786,72.0028,Pakistan,PK,PAK,Khyber Pakhtunkhwa,Khyber Pakhtunkhwa,PK-KP,province,,662.4,,,3,Asia/Karachi,TRUE,1586001467
Chali Bosan Basti,Chali Bosan Basti,,35.1594,74.1710,Pakistan,PK,PAK,Gilgit-Baltistan,Gilgit-Baltistan,PK-GB,Pakistan administered area,,20.0,,,4,Asia/Karachi,FALSE,1586391464
Goth Ghulam Nabi Rajpar,Goth Ghulam Nabi Rajpar,,26.6937,68.3453,Pakistan,PK,PAK,Sindh,Sindh,PK-SD,province,,244.7,,,3,Asia/Karachi,FALSE,1586622946
Muhammad Yusuf,Muhammad Yusuf,,26.3513,68.7101,Pakistan,PK,PAK,Sindh,Sindh,PK-SD,province,,362.5,,,3,Asia/Karachi,FALSE,1586961183
Muhammad Yusuf,Muhammad Yusuf,,24.3667,69.0500,Pakistan,PK,PAK,Sindh,Sindh,PK-SD,province,,284.7,,,3,Asia/Karachi,TRUE,1586875016
Muhammad Yusuf,Muhammad Yusuf,Maulvi Muhammad Yūsaf,24.4623,68.0931,Pakistan,PK,PAK,Sindh,Sindh,PK-SD,province,,66.8,,,4,Asia/Karachi,TRUE,1586325310
Abdul Ghafur Khaskeli,Abdul Ghafur Khaskeli,,27.0607,68.5417,Pakistan,PK,PAK,Sindh,Sindh,PK-SD,province,,564.1,,,3,Asia/Karachi,FALSE,1586022448
Ragzh,Ragzh,,36.4234,72.4958,Pakistan,PK,PAK,Khyber Pakhtunkhwa,Khyber Pakhtunkhwa,PK-KP,province,,33.6,,,4,Asia/Karachi,FALSE,1586841663
Jaslani Khurd,Jaslani Khurd,,31.5080,73.8567,Pakistan,PK,PAK,Punjab,Punjab,PK-PB,province,,730.8,,,3,Asia/Karachi,FALSE,1586029881
Chuniwala,Chuniwala,,30.5166,71.7144,Pakistan,PK,PAK,Punjab,Punjab,PK-PB,province,,698.3,,,3,Asia/Karachi,FALSE,1586190498
Darghah Baloch,Darghah Baloch,Goth Murgar Baloch|Murgar Baloch,24.5285,67.6553,Pakistan,PK,PAK,Sindh,Sindh,PK-SD,province,,139.8,,,4,Asia/Karachi,FALSE,1586002473
Goth Haji Faiz Muhammad Hingoro,Goth Haji Faiz Muhammad Hingoro,Goth Hāji Faiz Muhammad,25.8004,69.3471,Pakistan,PK,PAK,Sindh,Sindh,PK-SD,province,,92.0,,,4,Asia/Karachi,FALSE,1586673767
Chuprial,Chuprial,,34.9811,72.3632,Pakistan,PK,PAK,Khyber Pakhtunkhwa,Khyber Pakhtunkhwa,PK-KP,province,,676.9,,,3,Asia/Karachi,FALSE,1586142534
Tehni,Tehni,,26.3789,67.6225,Pakistan,PK,PAK,Sindh,Sindh,PK-SD,province,,125.0,,,4,Asia/Karachi,FALSE,1586013675
Halungush,Halungush,,36.1658,72.9291,Pakistan,PK,PAK,Gilgit-Baltistan,Gilgit-Baltistan,PK-GB,Pakistan administered area,,13.0,,,4,Asia/Karachi,FALSE,1586782358
Mohra Miral,Mohra Miral,,33.4768,73.1353,Pakistan,PK,PAK,Punjab,Punjab,PK-PB,province,,2048.5,,,2,Asia/Karachi,FALSE,1586168489
Goth Tharo Zaur,Goth Tharo Zaur,Thāro Zāur,25.0168,68.5439,Pakistan,PK,PAK,Sindh,Sindh,PK-SD,province,,442.1,,,3,Asia/Karachi,FALSE,1586528662
Bhagarwala,Bhagarwala,,30.0908,71.5104,Pakistan,PK,PAK,Punjab,Punjab,PK-PB,province,,875.9,,,3,Asia/Karachi,FALSE,1586077372
Goth Muhammad Khan Khosa,Goth Muhammad Khan Khosa,,28.2487,68.9836,Pakistan,PK,PAK,Sindh,Sindh,PK-SD,province,,453.0,,,3,Asia/Karachi,FALSE,1586022261
Purbera,Purbera,Pur Behra,30.7500,73.0000,Pakistan,PK,PAK,Punjab,Punjab,PK-PB,province,,1111.7,,,3,Asia/Karachi,FALSE,1586823499
Yaqub Khan,Yaqub Khan,,28.4698,68.5958,Pakistan,PK,PAK,Balochistan,Balochistan,PK-BA,province,,232.5,,,3,Asia/Karachi,FALSE,1586790504
Allāh Bachāyo Māchhi,Allah Bachayo Machhi,,26.2792,68.6139,Pakistan,PK,PAK,Sindh,Sindh,PK-SD,province,,362.5,,,3,Asia/Karachi,FALSE,1586250633
Beani Kili,Beani Kili,Beāni Kili,31.0831,69.9921,Pakistan,PK,PAK,Balochistan,Balochistan,PK-BA,province,,29.8,,,4,Asia/Karachi,FALSE,1586134051
Pīr Waddal,Pir Waddal,,26.1654,68.4864,Pakistan,PK,PAK,Sindh,Sindh,PK-SD,province,,638.4,,,3,Asia/Karachi,FALSE,1586934053
Mathra,Mathra,,34.1031,71.4789,Pakistan,PK,PAK,Khyber Pakhtunkhwa,Khyber Pakhtunkhwa,PK-KP,province,,2791.9,,,2,Asia/Karachi,FALSE,1586007351
Mathra,Mathra,,34.7937,72.6155,Pakistan,PK,PAK,Khyber Pakhtunkhwa,Khyber Pakhtunkhwa,PK-KP,province,,575.9,,,3,Asia/Karachi,TRUE,1586880989
Jhangrai,Jhangrai,Jhungre,34.7706,73.0515,Pakistan,PK,PAK,Khyber Pakhtunkhwa,Khyber Pakhtunkhwa,PK-KP,province,,273.7,,,3,Asia/Karachi,FALSE,1586399019
Katras,Katras,Badheri Khatras,33.4555,73.7188,Pakistan,PK,PAK,Azad Kashmir,Azad Kashmir,PK-JK,Pakistan administered area,,188.2,,,4,Asia/Karachi,FALSE,1586026863
Goth Sher Muhammad Chandio,Goth Sher Muhammad Chandio,Goth Sher Muhammad Chāndia,27.1759,67.9120,Pakistan,PK,PAK,Sindh,Sindh,PK-SD,province,,531.3,,,3,Asia/Karachi,FALSE,1586368108
Goth Sher Muhammad Chandio,Goth Sher Muhammad Chandio,Bachāyo Chāndio,25.2867,69.4791,Pakistan,PK,PAK,Sindh,Sindh,PK-SD,province,,309.4,,,3,Asia/Karachi,TRUE,1586108856
Topar Bungalow,Topar Bungalow,,24.7790,69.2687,Pakistan,PK,PAK,Sindh,Sindh,PK-SD,province,,285.2,,,3,Asia/Karachi,FALSE,1586679834
Battan da Dera,Battan da Dera,,31.2722,72.4704,Pakistan,PK,PAK,Punjab,Punjab,PK-PB,province,,491.7,,,3,Asia/Karachi,FALSE,1586775313
Kala Maira,Kala Maira,,34.3884,73.0353,Pakistan,PK,PAK,Khyber Pakhtunkhwa,Khyber Pakhtunkhwa,PK-KP,province,,786.1,,,3,Asia/Karachi,FALSE,1586886903
Chak Purana,Chak Purana,Chak Pundra|Chak Pondara,32.8151,74.6723,Pakistan,PK,PAK,Punjab,Punjab,PK-PB,province,,2143.1,,,2,Asia/Karachi,FALSE,1586644561
Kot Aslam,Kot Aslam,,32.6129,73.7479,Pakistan,PK,PAK,Punjab,Punjab,PK-PB,province,,1084.3,,,3,Asia/Karachi,FALSE,1586755225
Master Ghulam Husain Palari,Master Ghulam Husain Palari,Yusuf Panhwar,25.3311,68.4452,Pakistan,PK,PAK,Sindh,Sindh,PK-SD,province,,660.1,,,3,Asia/Karachi,FALSE,1586533807
Ghulam Muhammad Machhi,Ghulam Muhammad Machhi,,26.5269,67.7840,Pakistan,PK,PAK,Sindh,Sindh,PK-SD,province,,125.0,,,4,Asia/Karachi,FALSE,1586389862
Kurlke,Kurlke,Kurlike,31.6245,74.0184,Pakistan,PK,PAK,Punjab,Punjab,PK-PB,province,,1444.5,,,3,Asia/Karachi,FALSE,1586853205
Ganra Kas,Ganra Kas,Ganrabat Khel,32.4605,70.0342,Pakistan,PK,PAK,Khyber Pakhtunkhwa,Khyber Pakhtunkhwa,PK-KP,province,,30.0,,,4,Asia/Karachi,FALSE,1586871523
Padhri,Padhri,Padhari,32.8766,73.2992,Pakistan,PK,PAK,Punjab,Punjab,PK-PB,province,,231.5,,,3,Asia/Karachi,FALSE,1586210219
Gagrana,Gagrana,,31.8266,74.1489,Pakistan,PK,PAK,Punjab,Punjab,PK-PB,province,,985.1,,,3,Asia/Karachi,FALSE,1586330798
Gagrana,Gagrana,,31.1157,72.2637,Pakistan,PK,PAK,Punjab,Punjab,PK-PB,province,,502.2,,,3,Asia/Karachi,TRUE,1586027767
Arwaranwali,Arwaranwali,,32.0598,71.1788,Pakistan,PK,PAK,Punjab,Punjab,PK-PB,province,,225.2,,,3,Asia/Karachi,FALSE,1586020039
Tarmi,Tarmi,,34.4529,73.1376,Pakistan,PK,PAK,Khyber Pakhtunkhwa,Khyber Pakhtunkhwa,PK-KP,province,,786.1,,,3,Asia/Karachi,FALSE,1586134180
Karimabad Colony,Karimabad Colony,Attakpur,24.5571,67.8312,Pakistan,PK,PAK,Sindh,Sindh,PK-SD,province,,146.7,,,4,Asia/Karachi,FALSE,1586939264
Sona Chachar,Sona Chachar,,28.1869,69.5994,Pakistan,PK,PAK,Sindh,Sindh,PK-SD,province,,471.7,,,3,Asia/Karachi,FALSE,1586690465
Jamsher Kalan,Jamsher Kalan,Jamsher,30.8131,74.1077,Pakistan,PK,PAK,Punjab,Punjab,PK-PB,province,,861.9,,,3,Asia/Karachi,FALSE,1586375956
Goth Lal Muhammad Brahui,Goth Lal Muhammad Brahui,,28.3597,68.4750,Pakistan,PK,PAK,Sindh,Sindh,PK-SD,province,,666.3,,,3,Asia/Karachi,FALSE,1586113904
Chak Nine Ghagh,Chak Nine Ghagh,,30.7262,72.0648,Pakistan,PK,PAK,Punjab,Punjab,PK-PB,province,,660.8,,,3,Asia/Karachi,FALSE,1586337258
Mal Shāh,Mal Shah,,29.8111,72.6139,Pakistan,PK,PAK,Punjab,Punjab,PK-PB,province,,472.7,,,3,Asia/Karachi,FALSE,1586852319
Haji Mandra,Haji Mandra,,24.6930,68.7752,Pakistan,PK,PAK,Sindh,Sindh,PK-SD,province,,284.7,,,3,Asia/Karachi,FALSE,1586241968
Bhittai Stone Crusher,Bhittai Stone Crusher,,25.3157,68.1014,Pakistan,PK,PAK,Sindh,Sindh,PK-SD,province,,117.3,,,4,Asia/Karachi,FALSE,1586010968
Paian,Paian,,34.1887,73.4493,Pakistan,PK,PAK,Khyber Pakhtunkhwa,Khyber Pakhtunkhwa,PK-KP,province,,928.1,,,3,Asia/Karachi,FALSE,1586024169
Malala,Malala,,34.7904,71.7684,Pakistan,PK,PAK,Khyber Pakhtunkhwa,Khyber Pakhtunkhwa,PK-KP,province,,619.3,,,3,Asia/Karachi,FALSE,1586274742
Warimun,Warimun,,36.3670,72.1703,Pakistan,PK,PAK,Khyber Pakhtunkhwa,Khyber Pakhtunkhwa,PK-KP,province,,33.6,,,4,Asia/Karachi,FALSE,1586220422
Mochi Māchhi,Mochi Machhi,,28.5726,70.0808,Pakistan,PK,PAK,Punjab,Punjab,PK-PB,province,,175.8,,,4,Asia/Karachi,FALSE,1586442693
Wara Shahi Banda,Wara Shahi Banda,,35.0056,71.7351,Pakistan,PK,PAK,Khyber Pakhtunkhwa,Khyber Pakhtunkhwa,PK-KP,province,,835.0,,,3,Asia/Karachi,FALSE,1586262574
Mad Jano,Mad Jano,Mad Lanno|Mad Janno,29.0820,70.4411,Pakistan,PK,PAK,Punjab,Punjab,PK-PB,province,,249.7,,,3,Asia/Karachi,FALSE,1586007650
Basti Dasti,Basti Dasti,Dashti ki Basti,28.7434,70.7619,Pakistan,PK,PAK,Punjab,Punjab,PK-PB,province,,695.7,,,3,Asia/Karachi,FALSE,1586149366
Basti Dasti,Basti Dasti,Dashti,28.3837,69.9656,Pakistan,PK,PAK,Punjab,Punjab,PK-PB,province,,670.9,,,3,Asia/Karachi,TRUE,1586632942
Basti Dasti,Basti Dasti,,30.2300,70.7593,Pakistan,PK,PAK,Punjab,Punjab,PK-PB,province,,561.0,,,3,Asia/Karachi,TRUE,1586168051
Goth Nizamdin Mangrio,Goth Nizamdin Mangrio,,27.4030,69.4127,Pakistan,PK,PAK,Sindh,Sindh,PK-SD,province,,36.1,,,4,Asia/Karachi,FALSE,1586998819
Inzargai,Inzargai,Zargai Bānda|Inzargai Bānda|Katlang,34.3444,72.0678,Pakistan,PK,PAK,Khyber Pakhtunkhwa,Khyber Pakhtunkhwa,PK-KP,province,,1567.8,,,3,Asia/Karachi,FALSE,1586032306
Inzargai,Inzargai,,34.9661,71.7946,Pakistan,PK,PAK,Khyber Pakhtunkhwa,Khyber Pakhtunkhwa,PK-KP,province,,835.0,,,3,Asia/Karachi,TRUE,1586202033
Inzargai,Inzargai,Inzargai Kandao,34.6043,71.7310,Pakistan,PK,PAK,Khyber Pakhtunkhwa,Khyber Pakhtunkhwa,PK-KP,province,,712.9,,,3,Asia/Karachi,TRUE,1586699912
Inzargai,Inzargai,,34.6399,72.6490,Pakistan,PK,PAK,Khyber Pakhtunkhwa,Khyber Pakhtunkhwa,PK-KP,province,,532.6,,,3,Asia/Karachi,TRUE,1586200991
Pir Mahal,Pir Mahal,,30.7666,72.4345,Pakistan,PK,PAK,Punjab,Punjab,PK-PB,province,,840.9,,,3,Asia/Karachi,FALSE,1586020784
Goth Allah Darayo Shah,Goth Allah Darayo Shah,,28.2846,69.2683,Pakistan,PK,PAK,Sindh,Sindh,PK-SD,province,,379.4,,,3,Asia/Karachi,FALSE,1586035959
Kili Ahmad Khan,Kili Ahmad Khan,Naunīhāl,29.5659,67.8774,Pakistan,PK,PAK,Balochistan,Balochistan,PK-BA,province,,26.7,,,4,Asia/Karachi,FALSE,1586391195
Kili Ahmad Khan,Kili Ahmad Khan,,27.2964,66.3037,Pakistan,PK,PAK,Balochistan,Balochistan,PK-BA,province,,12.3,,,4,Asia/Karachi,TRUE,1586207989
Kili Ahmad Khan,Kili Ahmad Khan,,29.0167,65.7538,Pakistan,PK,PAK,Balochistan,Balochistan,PK-BA,province,,9.6,,,5,Asia/Karachi,TRUE,1586363108
Kili Ahmad Khan,Kili Ahmad Khan,,28.9075,63.5810,Pakistan,PK,PAK,Balochistan,Balochistan,PK-BA,province,,5.4,,,5,Asia/Karachi,TRUE,1586994145
Goth Gamani Chang,Goth Gamani Chang,Gaman Chhajan,28.0533,69.5431,Pakistan,PK,PAK,Sindh,Sindh,PK-SD,province,,371.8,,,3,Asia/Karachi,FALSE,1586820389
Thatta Bahadur Shah,Thatta Bahadur Shah,,31.4993,72.3068,Pakistan,PK,PAK,Punjab,Punjab,PK-PB,province,,491.7,,,3,Asia/Karachi,FALSE,1586089841
Goth Dad Karim Brahui,Goth Dad Karim Brahui,,28.0367,68.5609,Pakistan,PK,PAK,Sindh,Sindh,PK-SD,province,,785.4,,,3,Asia/Karachi,FALSE,1586022460
Salima Sikandar Khel,Salima Sikandar Khel,Salma Sikandar Khel,32.9693,70.6649,Pakistan,PK,PAK,Khyber Pakhtunkhwa,Khyber Pakhtunkhwa,PK-KP,province,,1057.3,,,3,Asia/Karachi,FALSE,1586042907
Chak Twenty -Gogera Distributary,Chak Twenty -Gogera Distributary,Manyānwāla,30.8848,73.4016,Pakistan,PK,PAK,Punjab,Punjab,PK-PB,province,,1209.5,,,3,Asia/Karachi,FALSE,1586011587
Harlalwali Bhaini,Harlalwali Bhaini,,30.1930,73.3855,Pakistan,PK,PAK,Punjab,Punjab,PK-PB,province,,776.9,,,3,Asia/Karachi,FALSE,1586028166
Goth Mohabbat Bhambhro,Goth Mohabbat Bhambhro,,25.9639,68.9736,Pakistan,PK,PAK,Sindh,Sindh,PK-SD,province,,316.1,,,3,Asia/Karachi,FALSE,1586712759
Rindok,Rindok,,28.2352,66.0372,Pakistan,PK,PAK,Balochistan,Balochistan,PK-BA,province,,32.2,,,4,Asia/Karachi,FALSE,1586984106
Bhai Khan Magsi,Bhai Khan Magsi,,26.2065,68.6014,Pakistan,PK,PAK,Sindh,Sindh,PK-SD,province,,362.5,,,3,Asia/Karachi,FALSE,1586308561
Mangat Rai,Mangat Rai,Chak Gampat Rāi,30.9089,73.4385,Pakistan,PK,PAK,Punjab,Punjab,PK-PB,province,,1209.5,,,3,Asia/Karachi,FALSE,1586420612
Kirri Haji Muhammad Khel,Kirri Haji Muhammad Khel,,32.3141,70.3326,Pakistan,PK,PAK,Khyber Pakhtunkhwa,Khyber Pakhtunkhwa,PK-KP,province,,262.0,,,3,Asia/Karachi,FALSE,1586619311
Thatta Nihāl,Thatta Nihal,,30.9000,72.9333,Pakistan,PK,PAK,Punjab,Punjab,PK-PB,province,,844.4,,,3,Asia/Karachi,FALSE,1586289417
Mara Tangi,Mara Tangi,,30.5042,68.9430,Pakistan,PK,PAK,Balochistan,Balochistan,PK-BA,province,,45.1,,,4,Asia/Karachi,FALSE,1586771468
Goth Yusuf Jano,Goth Yusuf Jano,Goth Yusuf Juno|Mālu Juno,27.2700,68.5272,Pakistan,PK,PAK,Sindh,Sindh,PK-SD,province,,752.5,,,3,Asia/Karachi,FALSE,1586196181
Ali Muradani,Ali Muradani,,24.6568,68.9561,Pakistan,PK,PAK,Sindh,Sindh,PK-SD,province,,284.7,,,3,Asia/Karachi,FALSE,1586808045
Mithu Memon,Mithu Memon,,24.6676,68.6483,Pakistan,PK,PAK,Sindh,Sindh,PK-SD,province,,178.2,,,4,Asia/Karachi,FALSE,1586012165
Ramdāni,Ramdani,,28.8083,68.1444,Pakistan,PK,PAK,Balochistan,Balochistan,PK-BA,province,,105.1,,,4,Asia/Karachi,FALSE,1586410142
Gul Khan di Basti,Gul Khan di Basti,Gulwāla|Gul di Basti,29.2999,71.1601,Pakistan,PK,PAK,Punjab,Punjab,PK-PB,province,,839.4,,,3,Asia/Karachi,FALSE,1586104564
Hamzo Khan Lashari,Hamzo Khan Lashari,,24.4359,69.0576,Pakistan,PK,PAK,Sindh,Sindh,PK-SD,province,,284.7,,,3,Asia/Karachi,FALSE,1586621557
Bandi Kas,Bandi Kas,,35.0774,71.7859,Pakistan,PK,PAK,Khyber Pakhtunkhwa,Khyber Pakhtunkhwa,PK-KP,province,,205.8,,,3,Asia/Karachi,FALSE,1586443190
Gulmarjan Kala,Gulmarjan Kala,,32.7273,69.6485,Pakistan,PK,PAK,Khyber Pakhtunkhwa,Khyber Pakhtunkhwa,PK-KP,province,,95.9,,,4,Asia/Karachi,FALSE,1586030140
Goth Lal Bakhsh Laghari,Goth Lal Bakhsh Laghari,,25.3789,69.0054,Pakistan,PK,PAK,Sindh,Sindh,PK-SD,province,,686.7,,,3,Asia/Karachi,FALSE,1586050091
Hamintappa,Hamintappa,,31.6077,72.8591,Pakistan,PK,PAK,Punjab,Punjab,PK-PB,province,,642.1,,,3,Asia/Karachi,FALSE,1586643595
Jam Kale,Jam Kale,,28.2940,69.8143,Pakistan,PK,PAK,Punjab,Punjab,PK-PB,province,,485.2,,,3,Asia/Karachi,FALSE,1586795352
Bachaio Chandio,Bachaio Chandio,,24.4970,68.1098,Pakistan,PK,PAK,Sindh,Sindh,PK-SD,province,,297.5,,,3,Asia/Karachi,FALSE,1586020867
Basti Mian Khan,Basti Mian Khan,Basu Miān Khān|Gidranwali,31.6129,70.9170,Pakistan,PK,PAK,Punjab,Punjab,PK-PB,province,,390.7,,,3,Asia/Karachi,FALSE,1586032969
Ratta Pani,Ratta Pani,Rattapani,34.7680,74.2806,Pakistan,PK,PAK,Azad Kashmir,Azad Kashmir,PK-JK,Pakistan administered area,,37.5,,,4,Asia/Karachi,FALSE,1586332381
Goth Pur,Goth Pur,,26.3411,68.6460,Pakistan,PK,PAK,Sindh,Sindh,PK-SD,province,,362.5,,,3,Asia/Karachi,FALSE,1586861978
Spinkharo,Spinkharo,Ospan Kharre,34.4509,71.7019,Pakistan,PK,PAK,Khyber Pakhtunkhwa,Khyber Pakhtunkhwa,PK-KP,province,,712.9,,,3,Asia/Karachi,FALSE,1586059349
Goth Haji Usman,Goth Haji Usman,,24.8969,66.7400,Pakistan,PK,PAK,Sindh,Sindh,PK-SD,province,,3689.8,,,2,Asia/Karachi,FALSE,1586516806
Goth Haji Usman,Goth Haji Usman,Goth Shoral,25.5408,68.6957,Pakistan,PK,PAK,Sindh,Sindh,PK-SD,province,,530.6,,,3,Asia/Karachi,TRUE,1586278533
Goth Hāji Usmān,Goth Haji Usman,,25.1026,68.9407,Pakistan,PK,PAK,Sindh,Sindh,PK-SD,province,,446.4,,,3,Asia/Karachi,TRUE,1586075334
Goth Haji Usman,Goth Haji Usman,,25.9503,68.9646,Pakistan,PK,PAK,Sindh,Sindh,PK-SD,province,,391.3,,,3,Asia/Karachi,TRUE,1586018355
Goth Haji Usman,Goth Haji Usman,,24.4635,67.5385,Pakistan,PK,PAK,Sindh,Sindh,PK-SD,province,,139.8,,,4,Asia/Karachi,TRUE,1586121257
Basti Marewali,Basti Marewali,Mārīwāla|Basti Māriwāla,29.3207,71.3238,Pakistan,PK,PAK,Punjab,Punjab,PK-PB,province,,839.4,,,3,Asia/Karachi,FALSE,1586612150
Goth Udasi,Goth Udasi,Goth Ūdsai,24.2738,67.6734,Pakistan,PK,PAK,Sindh,Sindh,PK-SD,province,,79.4,,,4,Asia/Karachi,FALSE,1586131267
Qadin Shah Goth,Qadin Shah Goth,,27.5497,68.9091,Pakistan,PK,PAK,Sindh,Sindh,PK-SD,province,,377.7,,,3,Asia/Karachi,FALSE,1586059306
Chhapar Khan Khoso,Chhapar Khan Khoso,,26.1049,68.3365,Pakistan,PK,PAK,Sindh,Sindh,PK-SD,province,,518.8,,,3,Asia/Karachi,FALSE,1586022028
Morio Khan Lashari,Morio Khan Lashari,Morio Khān Sanjrāni,26.1684,68.6645,Pakistan,PK,PAK,Sindh,Sindh,PK-SD,province,,638.4,,,3,Asia/Karachi,FALSE,1586541289
Birao,Birao,Rindābād,30.1054,66.9597,Pakistan,PK,PAK,Balochistan,Balochistan,PK-BA,province,,352.9,,,3,Asia/Karachi,FALSE,1586404260
Hisar,Hisar,Sūrāb Hisār,31.9743,70.6944,Pakistan,PK,PAK,Khyber Pakhtunkhwa,Khyber Pakhtunkhwa,PK-KP,province,,278.6,,,3,Asia/Karachi,FALSE,1586984738
Hisar,Hisar,Hisār|Assar Killi,33.7732,70.4592,Pakistan,PK,PAK,Khyber Pakhtunkhwa,Khyber Pakhtunkhwa,PK-KP,province,,187.5,,,4,Asia/Karachi,TRUE,1586976544
Hisar,Hisar,,33.7830,71.0395,Pakistan,PK,PAK,Khyber Pakhtunkhwa,Khyber Pakhtunkhwa,PK-KP,province,,172.6,,,4,Asia/Karachi,TRUE,1586764899
Pamal,Pamal,,33.0544,73.3883,Pakistan,PK,PAK,Punjab,Punjab,PK-PB,province,,231.5,,,3,Asia/Karachi,FALSE,1586829494
Basti Mehr Khalti,Basti Mehr Khalti,,28.8413,70.0526,Pakistan,PK,PAK,Punjab,Punjab,PK-PB,province,,133.7,,,4,Asia/Karachi,FALSE,1586014424
Hussain Bhattian,Hussain Bhattian,,32.3662,74.8107,Pakistan,PK,PAK,Punjab,Punjab,PK-PB,province,,1053.6,,,3,Asia/Karachi,FALSE,1586026493
Sora Bani Khui,Sora Bani Khui,,29.8312,70.2291,Pakistan,PK,PAK,Punjab,Punjab,PK-PB,province,,561.0,,,3,Asia/Karachi,FALSE,1586468949
Rind Baloch,Rind Baloch,,28.9958,70.8332,Pakistan,PK,PAK,Punjab,Punjab,PK-PB,province,,174.7,,,4,Asia/Karachi,FALSE,1586923926
Gujja Janubi,Gujja Janubi,Gujja|Janūbi,31.6241,70.9621,Pakistan,PK,PAK,Punjab,Punjab,PK-PB,province,,390.7,,,3,Asia/Karachi,FALSE,1586169384
Tallari,Tallari,Tiaraī,30.4840,67.5012,Pakistan,PK,PAK,Balochistan,Balochistan,PK-BA,province,,29.5,,,4,Asia/Karachi,FALSE,1586632347
Chak One Hundred Thirty-five Gugera Branch,Chak One Hundred Thirty-five Gugera Branch,Rastpur|Risalpur|Rasūlpur,31.1384,72.9354,Pakistan,PK,PAK,Punjab,Punjab,PK-PB,province,,1029.5,,,3,Asia/Karachi,FALSE,1586588124
Pir Bakhsh Mughairi,Pir Bakhsh Mughairi,,27.5504,67.9675,Pakistan,PK,PAK,Sindh,Sindh,PK-SD,province,,198.0,,,4,Asia/Karachi,FALSE,1586013837
Jhok Ladhicha,Jhok Ladhicha,Ladhich,31.0107,70.5577,Pakistan,PK,PAK,Punjab,Punjab,PK-PB,province,,239.9,,,3,Asia/Karachi,FALSE,1586799006
Kuz Koi,Kuz Koi,,35.5451,73.1906,Pakistan,PK,PAK,Khyber Pakhtunkhwa,Khyber Pakhtunkhwa,PK-KP,province,,61.0,,,4,Asia/Karachi,FALSE,1586001641
Kotka Allahdad,Kotka Allahdad,Kotkai Allāhdād,32.9759,70.6582,Pakistan,PK,PAK,Khyber Pakhtunkhwa,Khyber Pakhtunkhwa,PK-KP,province,,1057.3,,,3,Asia/Karachi,FALSE,1586677608
Chak Forty-three South Branch,Chak Forty-three South Branch,Chak Forty-three SB,31.8914,72.8486,Pakistan,PK,PAK,Punjab,Punjab,PK-PB,province,,1292.3,,,3,Asia/Karachi,FALSE,1586001823
Aghtargai,Aghtargai,,32.5207,69.2782,Pakistan,PK,PAK,Khyber Pakhtunkhwa,Khyber Pakhtunkhwa,PK-KP,province,,75.4,,,4,Asia/Karachi,FALSE,1586600586
Chak Thirty-six Fateh,Chak Thirty-six Fateh,,29.7814,72.9821,Pakistan,PK,PAK,Punjab,Punjab,PK-PB,province,,472.7,,,3,Asia/Karachi,FALSE,1586009751
Muhammad Kalasrawala,Muhammad Kalasrawala,,30.6563,71.1164,Pakistan,PK,PAK,Punjab,Punjab,PK-PB,province,,505.4,,,3,Asia/Karachi,FALSE,1586747249
Goth Karam Nizamani,Goth Karam Nizamani,Karam Nizāmāni,25.8863,68.4959,Pakistan,PK,PAK,Sindh,Sindh,PK-SD,province,,638.4,,,3,Asia/Karachi,FALSE,1586005688
Bhasarpura,Bhasarpura,,31.1039,74.4298,Pakistan,PK,PAK,Punjab,Punjab,PK-PB,province,,1064.3,,,3,Asia/Karachi,FALSE,1586009930
Dhorian,Dhorian,,34.5581,73.4666,Pakistan,PK,PAK,Azad Kashmir,Azad Kashmir,PK-JK,Pakistan administered area,,399.7,,,3,Asia/Karachi,FALSE,1586153787
Kuz Saplamai,Kuz Saplamai,Kūz Spalmai,34.3682,71.7715,Pakistan,PK,PAK,Khyber Pakhtunkhwa,Khyber Pakhtunkhwa,PK-KP,province,,1364.6,,,3,Asia/Karachi,FALSE,1586007735
Goth Arab Khan Jarwar,Goth Arab Khan Jarwar,,25.0484,69.1070,Pakistan,PK,PAK,Sindh,Sindh,PK-SD,province,,433.0,,,3,Asia/Karachi,FALSE,1586173318
Saromanzai,Saromanzai,,35.1157,71.8073,Pakistan,PK,PAK,Khyber Pakhtunkhwa,Khyber Pakhtunkhwa,PK-KP,province,,205.8,,,3,Asia/Karachi,FALSE,1586936492
Chak One Hundred Eighty-four Western Branch,Chak One Hundred Eighty-four Western Branch,,30.0013,72.0563,Pakistan,PK,PAK,Punjab,Punjab,PK-PB,province,,759.9,,,3,Asia/Karachi,FALSE,1586260018
Goth Jan Muhammad Khakhrani,Goth Jan Muhammad Khakhrani,,27.6258,68.7092,Pakistan,PK,PAK,Sindh,Sindh,PK-SD,province,,631.9,,,3,Asia/Karachi,FALSE,1586407875
Paliran,Paliran,,33.5148,73.7180,Pakistan,PK,PAK,Azad Kashmir,Azad Kashmir,PK-JK,Pakistan administered area,,188.2,,,4,Asia/Karachi,FALSE,1586506012
Mira Kili,Mira Kili,Mira,32.5768,69.9185,Pakistan,PK,PAK,Khyber Pakhtunkhwa,Khyber Pakhtunkhwa,PK-KP,province,,284.7,,,3,Asia/Karachi,FALSE,1586670634
Arwaza,Arwaza,,33.8873,70.3359,Pakistan,PK,PAK,Khyber Pakhtunkhwa,Khyber Pakhtunkhwa,PK-KP,province,,187.5,,,4,Asia/Karachi,FALSE,1586469928
Goth Khair Muhammad Bagrani,Goth Khair Muhammad Bagrani,Khair Muhammad Bāgrāni Goth,25.0563,68.8579,Pakistan,PK,PAK,Sindh,Sindh,PK-SD,province,,446.4,,,3,Asia/Karachi,FALSE,1586097848
Kan,Kan,,28.8841,66.1394,Pakistan,PK,PAK,Balochistan,Balochistan,PK-BA,province,,18.5,,,4,Asia/Karachi,FALSE,1586001574
Jatatraie,Jatatraie,Jat Trai,24.3261,69.6439,Pakistan,PK,PAK,Sindh,Sindh,PK-SD,province,,67.4,,,4,Asia/Karachi,FALSE,1586182002
Goth Zardan,Goth Zardan,,26.2546,68.4808,Pakistan,PK,PAK,Sindh,Sindh,PK-SD,province,,425.7,,,3,Asia/Karachi,FALSE,1586021711
Chak Fifty,Chak Fifty,Sūr Singh,31.0649,73.6903,Pakistan,PK,PAK,Punjab,Punjab,PK-PB,province,,1294.7,,,3,Asia/Karachi,FALSE,1586500003
Chak Fifty,Chak Fifty,Chhata Tiwāna,31.6190,73.4575,Pakistan,PK,PAK,Punjab,Punjab,PK-PB,province,,980.7,,,3,Asia/Karachi,TRUE,1586019617
Chak Fifty,Chak Fifty,,32.2599,73.1561,Pakistan,PK,PAK,Punjab,Punjab,PK-PB,province,,680.0,,,3,Asia/Karachi,TRUE,1586008105
Bhutta,Bhutta,Bhutto,29.4430,65.9668,Pakistan,PK,PAK,Balochistan,Balochistan,PK-BA,province,,22.5,,,4,Asia/Karachi,FALSE,1586689788
Basti Pir Wali Muhammad Sultan,Basti Pir Wali Muhammad Sultan,,28.5331,70.1680,Pakistan,PK,PAK,Punjab,Punjab,PK-PB,province,,808.3,,,3,Asia/Karachi,FALSE,1586022547
Dirgai,Dirgai,,31.1699,67.0672,Pakistan,PK,PAK,Balochistan,Balochistan,PK-BA,province,,90.0,,,4,Asia/Karachi,FALSE,1586478158
Attowali Dhok,Attowali Dhok,,33.6036,72.2995,Pakistan,PK,PAK,Punjab,Punjab,PK-PB,province,,175.1,,,4,Asia/Karachi,FALSE,1586684842
Ahmed Rahemun,Ahmed Rahemun,,24.3694,69.0427,Pakistan,PK,PAK,Sindh,Sindh,PK-SD,province,,284.7,,,3,Asia/Karachi,FALSE,1586444253
Kulalai,Kulalai,,34.7164,72.6779,Pakistan,PK,PAK,Khyber Pakhtunkhwa,Khyber Pakhtunkhwa,PK-KP,province,,575.9,,,3,Asia/Karachi,FALSE,1586006763
Kulalai,Kulalai,,35.3207,72.6128,Pakistan,PK,PAK,Khyber Pakhtunkhwa,Khyber Pakhtunkhwa,PK-KP,province,,402.0,,,3,Asia/Karachi,TRUE,1586521728
Basti Chohan,Basti Chohan,,28.5400,70.1869,Pakistan,PK,PAK,Punjab,Punjab,PK-PB,province,,808.3,,,3,Asia/Karachi,FALSE,1586022539
Basti Chohan,Basti Chohan,Khawje Gaddhanwali,31.5294,70.9475,Pakistan,PK,PAK,Punjab,Punjab,PK-PB,province,,390.7,,,3,Asia/Karachi,TRUE,1586778732
Thaey,Thaey,The,35.2931,74.1446,Pakistan,PK,PAK,Gilgit-Baltistan,Gilgit-Baltistan,PK-GB,Pakistan administered area,,20.0,,,4,Asia/Karachi,FALSE,1586190522
Thatta Jiwanka,Thatta Jiwanka,,30.9630,73.1595,Pakistan,PK,PAK,Punjab,Punjab,PK-PB,province,,695.3,,,3,Asia/Karachi,FALSE,1586028991
Majid Jo Bhan,Majid Jo Bhan,,26.5986,67.8096,Pakistan,PK,PAK,Sindh,Sindh,PK-SD,province,,594.9,,,3,Asia/Karachi,FALSE,1586001226
Bamb Mar,Bamb Mar,Bamb Mour,29.6302,71.2454,Pakistan,PK,PAK,Punjab,Punjab,PK-PB,province,,713.0,,,3,Asia/Karachi,FALSE,1586246569
Majurio,Majurio,,24.7522,70.8463,Pakistan,PK,PAK,Sindh,Sindh,PK-SD,province,,64.2,,,4,Asia/Karachi,FALSE,1586440694
Kehroch,Kehroch,Kheroch,34.0445,72.8133,Pakistan,PK,PAK,Khyber Pakhtunkhwa,Khyber Pakhtunkhwa,PK-KP,province,,816.9,,,3,Asia/Karachi,FALSE,1586329595
Tajakka,Tajakka,,33.7232,70.7365,Pakistan,PK,PAK,Khyber Pakhtunkhwa,Khyber Pakhtunkhwa,PK-KP,province,,192.4,,,4,Asia/Karachi,FALSE,1586282795
Kuttianwala,Kuttianwala,Luggar,32.4684,72.0914,Pakistan,PK,PAK,Punjab,Punjab,PK-PB,province,,302.8,,,3,Asia/Karachi,FALSE,1586604493
Chhutto Kalhora,Chhutto Kalhora,Chhuta Kalhora,27.7179,68.1843,Pakistan,PK,PAK,Sindh,Sindh,PK-SD,province,,389.6,,,3,Asia/Karachi,FALSE,1586573546
Dhok Kahala,Dhok Kahala,,33.5551,72.3663,Pakistan,PK,PAK,Punjab,Punjab,PK-PB,province,,175.1,,,4,Asia/Karachi,FALSE,1586210447
Yar Muhammad Lashari,Yar Muhammad Lashari,,24.7664,68.7574,Pakistan,PK,PAK,Sindh,Sindh,PK-SD,province,,180.8,,,4,Asia/Karachi,FALSE,1586016982
Guhra Hashim Shah,Guhra Hashim Shah,,32.6334,73.4707,Pakistan,PK,PAK,Punjab,Punjab,PK-PB,province,,959.2,,,3,Asia/Karachi,FALSE,1586613069
Turo Banda,Turo Banda,,34.9769,73.0933,Pakistan,PK,PAK,Khyber Pakhtunkhwa,Khyber Pakhtunkhwa,PK-KP,province,,293.6,,,3,Asia/Karachi,FALSE,1586275744
Goth Shahan Khan,Goth Shahan Khan,Shāhāni,27.7037,68.4452,Pakistan,PK,PAK,Sindh,Sindh,PK-SD,province,,406.9,,,3,Asia/Karachi,FALSE,1586418611
Khawano Kili,Khawano Kili,,33.6964,70.6478,Pakistan,PK,PAK,Khyber Pakhtunkhwa,Khyber Pakhtunkhwa,PK-KP,province,,459.4,,,3,Asia/Karachi,FALSE,1586555179
Chak One Hundred Three Ten Right,Chak One Hundred Three Ten Right,Kalianpur|Chak One Hundred Three|Khalilpur,30.1254,71.8903,Pakistan,PK,PAK,Punjab,Punjab,PK-PB,province,,866.9,,,3,Asia/Karachi,FALSE,1586395361
Adhanwala,Adhanwala,Basti Adhan,31.1114,72.1049,Pakistan,PK,PAK,Punjab,Punjab,PK-PB,province,,491.7,,,3,Asia/Karachi,FALSE,1586401919
Maratiwal,Maratiwal,Mirāthīwāla,31.2408,73.9112,Pakistan,PK,PAK,Punjab,Punjab,PK-PB,province,,1294.7,,,3,Asia/Karachi,FALSE,1586648333
Bibipur,Bibipur,,30.9106,73.4714,Pakistan,PK,PAK,Punjab,Punjab,PK-PB,province,,1209.5,,,3,Asia/Karachi,FALSE,1586032873
Bibipur,Bibipur,,30.3363,71.5366,Pakistan,PK,PAK,Punjab,Punjab,PK-PB,province,,875.9,,,3,Asia/Karachi,TRUE,1586506052
Goth Peyaro Khan Chandio,Goth Peyaro Khan Chandio,,26.1958,68.2182,Pakistan,PK,PAK,Sindh,Sindh,PK-SD,province,,518.8,,,3,Asia/Karachi,FALSE,1586263071
Ziara,Ziara,,32.8823,74.2208,Pakistan,PK,PAK,Azad Kashmir,Azad Kashmir,PK-JK,Pakistan administered area,,300.7,,,3,Asia/Karachi,FALSE,1586006361
Zoq,Zoq,,35.1715,76.0968,Pakistan,PK,PAK,Gilgit-Baltistan,Gilgit-Baltistan,PK-GB,Pakistan administered area,,29.2,,,4,Asia/Karachi,FALSE,1586014520
Chak Forty-eight North Branch,Chak Forty-eight North Branch,Chak Forty-eight NB,32.0224,72.6730,Pakistan,PK,PAK,Punjab,Punjab,PK-PB,province,,1292.3,,,3,Asia/Karachi,FALSE,1586669217
Khojewala,Khojewala,,29.8714,71.0857,Pakistan,PK,PAK,Punjab,Punjab,PK-PB,province,,767.3,,,3,Asia/Karachi,FALSE,1586550081
Khojewala,Khojewala,,29.6176,71.3410,Pakistan,PK,PAK,Punjab,Punjab,PK-PB,province,,713.0,,,3,Asia/Karachi,TRUE,1586961988
Khojewala,Khojewala,,29.9634,70.6099,Pakistan,PK,PAK,Punjab,Punjab,PK-PB,province,,561.0,,,3,Asia/Karachi,TRUE,1586299506
Khojewala,Khojewala,,30.4752,70.9456,Pakistan,PK,PAK,Punjab,Punjab,PK-PB,province,,443.3,,,3,Asia/Karachi,TRUE,1586025583
Andra Ghuah,Andra Ghuah,Andarghach,36.4928,72.5228,Pakistan,PK,PAK,Khyber Pakhtunkhwa,Khyber Pakhtunkhwa,PK-KP,province,,33.6,,,4,Asia/Karachi,FALSE,1586316099
Dhok Kubhi,Dhok Kubhi,,33.0551,73.0597,Pakistan,PK,PAK,Punjab,Punjab,PK-PB,province,,344.6,,,3,Asia/Karachi,FALSE,1586035208
Thatta Milki,Thatta Milki,,32.2071,74.5678,Pakistan,PK,PAK,Punjab,Punjab,PK-PB,province,,1053.6,,,3,Asia/Karachi,FALSE,1586026814
Giddarpura,Giddarpura,,33.6093,73.5704,Pakistan,PK,PAK,Punjab,Punjab,PK-PB,province,,501.5,,,3,Asia/Karachi,FALSE,1586016709
Bagghuwala,Bagghuwala,,31.3128,71.9565,Pakistan,PK,PAK,Punjab,Punjab,PK-PB,province,,82.8,,,4,Asia/Karachi,FALSE,1586713899
Dhigana,Dhigana,,29.2848,70.7523,Pakistan,PK,PAK,Punjab,Punjab,PK-PB,province,,583.8,,,3,Asia/Karachi,FALSE,1586955199
Goth Malik Rahu,Goth Malik Rahu,,25.5896,69.1964,Pakistan,PK,PAK,Sindh,Sindh,PK-SD,province,,92.0,,,4,Asia/Karachi,FALSE,1586552499
Kachha,Kachha,Kācha,31.3875,74.3232,Pakistan,PK,PAK,Punjab,Punjab,PK-PB,province,,6096.1,,,2,Asia/Karachi,FALSE,1586310225
Kachha,Kachha,Kācha,28.3600,70.3141,Pakistan,PK,PAK,Punjab,Punjab,PK-PB,province,,808.3,,,3,Asia/Karachi,TRUE,1586885994
Kutrug,Kutrug,,34.4760,72.9297,Pakistan,PK,PAK,Khyber Pakhtunkhwa,Khyber Pakhtunkhwa,PK-KP,province,,698.0,,,3,Asia/Karachi,FALSE,1586403052
Goth Ibrahim ji Wand,Goth Ibrahim ji Wand,Goth Ibrahīm Ji Wand,27.7371,68.1826,Pakistan,PK,PAK,Sindh,Sindh,PK-SD,province,,444.8,,,3,Asia/Karachi,FALSE,1586301048
Pandi Abra,Pandi Abra,,27.4611,68.1639,Pakistan,PK,PAK,Sindh,Sindh,PK-SD,province,,646.4,,,3,Asia/Karachi,FALSE,1586847839
Gobri,Gobri,Gabdori,34.6254,73.8468,Pakistan,PK,PAK,Azad Kashmir,Azad Kashmir,PK-JK,Pakistan administered area,,46.5,,,4,Asia/Karachi,FALSE,1586113642
Ali Muhammad Khan Ghota,Ali Muhammad Khan Ghota,Piral,28.0432,69.2690,Pakistan,PK,PAK,Sindh,Sindh,PK-SD,province,,587.7,,,3,Asia/Karachi,FALSE,1586749043
Chhinewali,Chhinewali,,32.0154,71.1350,Pakistan,PK,PAK,Punjab,Punjab,PK-PB,province,,225.2,,,3,Asia/Karachi,FALSE,1586020196
Goth Wazira Husain Mussor,Goth Wazira Husain Mussor,,26.2773,66.2124,Pakistan,PK,PAK,Balochistan,Balochistan,PK-BA,province,,23.0,,,4,Asia/Karachi,FALSE,1586553798
Goth Bubban Soro,Goth Bubban Soro,,24.8103,68.2233,Pakistan,PK,PAK,Sindh,Sindh,PK-SD,province,,350.3,,,3,Asia/Karachi,FALSE,1586158970
Yar Jan Kalle,Yar Jan Kalle,,34.3845,71.7668,Pakistan,PK,PAK,Khyber Pakhtunkhwa,Khyber Pakhtunkhwa,PK-KP,province,,1364.6,,,3,Asia/Karachi,FALSE,1586020778
Basti Abdul Khalique,Basti Abdul Khalique,,30.8158,72.1243,Pakistan,PK,PAK,Punjab,Punjab,PK-PB,province,,552.4,,,3,Asia/Karachi,FALSE,1586027231
Goth Uboi,Goth Uboi,Goth Ak|Goth Ubāi,25.6706,66.6515,Pakistan,PK,PAK,Balochistan,Balochistan,PK-BA,province,,23.0,,,4,Asia/Karachi,FALSE,1586161093
Munianwali,Munianwali,Muniānwāla,30.0354,73.5372,Pakistan,PK,PAK,Punjab,Punjab,PK-PB,province,,432.4,,,3,Asia/Karachi,FALSE,1586003566
Jatkabad,Jatkabad,,29.1655,66.5920,Pakistan,PK,PAK,Balochistan,Balochistan,PK-BA,province,,18.5,,,4,Asia/Karachi,FALSE,1586299003
Gamewala,Gamewala,,30.9977,71.1133,Pakistan,PK,PAK,Punjab,Punjab,PK-PB,province,,515.4,,,3,Asia/Karachi,FALSE,1586029755
Gamewala,Gamewala,,30.3711,71.0837,Pakistan,PK,PAK,Punjab,Punjab,PK-PB,province,,443.3,,,3,Asia/Karachi,TRUE,1586993207
Gamewala,Gamewala,Gāmowāla,30.4737,71.2014,Pakistan,PK,PAK,Punjab,Punjab,PK-PB,province,,443.3,,,3,Asia/Karachi,TRUE,1586942115
Gamewala,Gamewala,,30.4959,71.0763,Pakistan,PK,PAK,Punjab,Punjab,PK-PB,province,,443.3,,,3,Asia/Karachi,TRUE,1586297323
Gamewala,Gamewala,Gāmanwāla,31.4408,71.0739,Pakistan,PK,PAK,Punjab,Punjab,PK-PB,province,,390.7,,,3,Asia/Karachi,TRUE,1586654163
Gamewala,Gamewala,,31.5945,71.1633,Pakistan,PK,PAK,Punjab,Punjab,PK-PB,province,,390.7,,,3,Asia/Karachi,TRUE,1586935091
Gamewala,Gamewala,,31.9804,71.3149,Pakistan,PK,PAK,Punjab,Punjab,PK-PB,province,,225.2,,,3,Asia/Karachi,TRUE,1586439874
Gamewala,Gamewala,Gāmāwāla,31.0268,71.4112,Pakistan,PK,PAK,Punjab,Punjab,PK-PB,province,,95.1,,,4,Asia/Karachi,TRUE,1586153285
Nawaz Kot,Nawaz Kot,,29.9002,72.5053,Pakistan,PK,PAK,Punjab,Punjab,PK-PB,province,,811.6,,,3,Asia/Karachi,FALSE,1586009687
Goth Kathari,Goth Kathari,Goth Sedora,26.8639,68.5122,Pakistan,PK,PAK,Sindh,Sindh,PK-SD,province,,244.7,,,3,Asia/Karachi,FALSE,1586065555
Jatrike,Jatrike,,32.0530,74.5810,Pakistan,PK,PAK,Punjab,Punjab,PK-PB,province,,978.9,,,3,Asia/Karachi,FALSE,1586720040
Bahar,Bahar,Pagumal,28.2549,69.1576,Pakistan,PK,PAK,Sindh,Sindh,PK-SD,province,,453.0,,,3,Asia/Karachi,FALSE,1586184493
Shamiri,Shamiri,Shamiri Tori Khel,33.1171,70.3441,Pakistan,PK,PAK,Khyber Pakhtunkhwa,Khyber Pakhtunkhwa,PK-KP,province,,53.5,,,4,Asia/Karachi,FALSE,1586504903
Borang,Borang,,29.2276,67.1908,Pakistan,PK,PAK,Balochistan,Balochistan,PK-BA,province,,18.5,,,4,Asia/Karachi,FALSE,1586223128
Chah Hasan Khanwala,Chah Hasan Khanwala,,31.3994,70.9379,Pakistan,PK,PAK,Punjab,Punjab,PK-PB,province,,390.7,,,3,Asia/Karachi,FALSE,1586035772
Dram Kol,Dram Kol,Daramkol,25.8437,63.2186,Pakistan,PK,PAK,Balochistan,Balochistan,PK-BA,province,,23.1,,,4,Asia/Karachi,FALSE,1586147008
Mehri Abu Shoro,Mehri Abu Shoro,Mohri Abu Shoro|Mohri Abu Bakar,24.6083,67.7100,Pakistan,PK,PAK,Sindh,Sindh,PK-SD,province,,139.8,,,4,Asia/Karachi,FALSE,1586526981
Jindai,Jindai,,32.2667,69.5167,Pakistan,PK,PAK,Khyber Pakhtunkhwa,Khyber Pakhtunkhwa,PK-KP,province,,56.1,,,4,Asia/Karachi,FALSE,1586484427
Natbori,Natbori,,34.4243,72.8959,Pakistan,PK,PAK,Khyber Pakhtunkhwa,Khyber Pakhtunkhwa,PK-KP,province,,698.0,,,3,Asia/Karachi,FALSE,1586004851
Goth Satebo,Goth Satebo,Shitabo,27.4375,68.4229,Pakistan,PK,PAK,Sindh,Sindh,PK-SD,province,,507.7,,,3,Asia/Karachi,FALSE,1586303800
Khanmika,Khanmika,Namika,35.4799,75.7142,Pakistan,PK,PAK,Gilgit-Baltistan,Gilgit-Baltistan,PK-GB,Pakistan administered area,,12.7,,,4,Asia/Karachi,FALSE,1586494859
Dilpuri,Dilpuri,,32.9509,70.8705,Pakistan,PK,PAK,Khyber Pakhtunkhwa,Khyber Pakhtunkhwa,PK-KP,province,,1057.3,,,3,Asia/Karachi,FALSE,1586013559
Dilpuri,Dilpuri,,33.2137,70.3278,Pakistan,PK,PAK,Khyber Pakhtunkhwa,Khyber Pakhtunkhwa,PK-KP,province,,53.5,,,4,Asia/Karachi,TRUE,1586496381
Chak Asianwala,Chak Asianwala,,31.9863,72.7510,Pakistan,PK,PAK,Punjab,Punjab,PK-PB,province,,1292.3,,,3,Asia/Karachi,FALSE,1586026741
Basti Qasimabad,Basti Qasimabad,,30.9239,72.1424,Pakistan,PK,PAK,Punjab,Punjab,PK-PB,province,,552.4,,,3,Asia/Karachi,FALSE,1586217278
Gamandra,Gamandra,,32.5028,72.0249,Pakistan,PK,PAK,Punjab,Punjab,PK-PB,province,,302.8,,,3,Asia/Karachi,FALSE,1586931201
Chak Two Hundred Ten Thal Development Authority,Chak Two Hundred Ten Thal Development Authority,Chak Two Hundred Ten TDA|Chak 210 TDA,31.4166,71.2292,Pakistan,PK,PAK,Punjab,Punjab,PK-PB,province,,390.7,,,3,Asia/Karachi,FALSE,1586039902
Kili Hatim Khan,Kili Hatim Khan,,29.6784,65.6638,Pakistan,PK,PAK,Balochistan,Balochistan,PK-BA,province,,22.5,,,4,Asia/Karachi,FALSE,1586244411
Doro,Doro,,35.4426,75.4631,Pakistan,PK,PAK,Gilgit-Baltistan,Gilgit-Baltistan,PK-GB,Pakistan administered area,,12.8,,,4,Asia/Karachi,FALSE,1586613248
Basin Lilmal,Basin Lilmal,,35.5667,72.6716,Pakistan,PK,PAK,Khyber Pakhtunkhwa,Khyber Pakhtunkhwa,PK-KP,province,,402.0,,,3,Asia/Karachi,FALSE,1586048068
Chak Nineteen Bahawal Canal,Chak Nineteen Bahawal Canal,Chak Nineteen BC,29.2236,71.6086,Pakistan,PK,PAK,Punjab,Punjab,PK-PB,province,,972.1,,,3,Asia/Karachi,FALSE,1586990501
Kur Sulaimān,Kur Sulaiman,Kur Sullaman,27.6500,67.8333,Pakistan,PK,PAK,Sindh,Sindh,PK-SD,province,,198.0,,,4,Asia/Karachi,FALSE,1586791492
Acher Khoso,Acher Khoso,,28.3285,68.7616,Pakistan,PK,PAK,Sindh,Sindh,PK-SD,province,,447.5,,,3,Asia/Karachi,FALSE,1586313145
Mumian,Mumian,Mamiāna|Mamyan,32.7991,73.5383,Pakistan,PK,PAK,Punjab,Punjab,PK-PB,province,,839.6,,,3,Asia/Karachi,FALSE,1586187012
Fateh Chak Salehrian,Fateh Chak Salehrian,,32.2196,75.0549,Pakistan,PK,PAK,Punjab,Punjab,PK-PB,province,,882.1,,,3,Asia/Karachi,FALSE,1586405181
Mohra Phulahiwala,Mohra Phulahiwala,,33.2276,73.2119,Pakistan,PK,PAK,Punjab,Punjab,PK-PB,province,,583.2,,,3,Asia/Karachi,FALSE,1586203329
Haji Abdul Latif Bakhlani,Haji Abdul Latif Bakhlani,Hāji Abdul Laūf Bakhlāni,28.4499,68.9823,Pakistan,PK,PAK,Balochistan,Balochistan,PK-BA,province,,232.5,,,3,Asia/Karachi,FALSE,1586555191
Shirot,Shirot,,36.0458,74.1215,Pakistan,PK,PAK,Gilgit-Baltistan,Gilgit-Baltistan,PK-GB,Pakistan administered area,,34.5,,,4,Asia/Karachi,FALSE,1586863200
Tandoka,Tandoka,Tīndatok,34.9266,71.5040,Pakistan,PK,PAK,Khyber Pakhtunkhwa,Khyber Pakhtunkhwa,PK-KP,province,,1004.3,,,3,Asia/Karachi,FALSE,1586027758
Nighakon,Nighakon,Ālam Khān,32.9530,71.6845,Pakistan,PK,PAK,Punjab,Punjab,PK-PB,province,,317.6,,,3,Asia/Karachi,FALSE,1586457594
Dabla Sakhi Pehlwan Shah,Dabla Sakhi Pehlwan Shah,,32.6148,72.8942,Pakistan,PK,PAK,Punjab,Punjab,PK-PB,province,,353.2,,,3,Asia/Karachi,FALSE,1586523738
Baharo Mangu,Baharo Mangu,,26.9188,68.0860,Pakistan,PK,PAK,Sindh,Sindh,PK-SD,province,,661.4,,,3,Asia/Karachi,FALSE,1586574403
Rawanwala,Rawanwala,,29.5887,72.5544,Pakistan,PK,PAK,Punjab,Punjab,PK-PB,province,,475.8,,,3,Asia/Karachi,FALSE,1586976245
Ibrahim Shah Ziarat,Ibrahim Shah Ziarat,,25.8092,69.2847,Pakistan,PK,PAK,Sindh,Sindh,PK-SD,province,,92.0,,,4,Asia/Karachi,FALSE,1586024274
Basti Saraian,Basti Saraian,Basti Sarājan,30.1096,70.3208,Pakistan,PK,PAK,Punjab,Punjab,PK-PB,province,,39.5,,,4,Asia/Karachi,FALSE,1586392242
Phashk,Phashk,Phāshk,36.4888,72.7399,Pakistan,PK,PAK,Khyber Pakhtunkhwa,Khyber Pakhtunkhwa,PK-KP,province,,33.6,,,4,Asia/Karachi,FALSE,1586691239
Ahmadpur Virkan,Ahmadpur Virkan,Jhīwar,31.8877,74.1874,Pakistan,PK,PAK,Punjab,Punjab,PK-PB,province,,1037.7,,,3,Asia/Karachi,FALSE,1586344391
Goth Abdullah Junejo,Goth Abdullah Junejo,,24.9431,68.5377,Pakistan,PK,PAK,Sindh,Sindh,PK-SD,province,,442.1,,,3,Asia/Karachi,FALSE,1586012353
Najo,Najo,,34.2080,71.8091,Pakistan,PK,PAK,Khyber Pakhtunkhwa,Khyber Pakhtunkhwa,PK-KP,province,,2218.3,,,2,Asia/Karachi,FALSE,1586824391
Sherwai Kili,Sherwai Kili,,31.4086,69.7282,Pakistan,PK,PAK,Balochistan,Balochistan,PK-BA,province,,38.1,,,4,Asia/Karachi,FALSE,1586556797
Sherian,Sherian,Shoriān,32.8327,73.9370,Pakistan,PK,PAK,Punjab,Punjab,PK-PB,province,,1084.3,,,3,Asia/Karachi,FALSE,1586615708
Jiwanpura,Jiwanpura,,31.3036,73.8902,Pakistan,PK,PAK,Punjab,Punjab,PK-PB,province,,730.8,,,3,Asia/Karachi,FALSE,1586041461
Chak One Hundred Forty-five Gugera Branch,Chak One Hundred Forty-five Gugera Branch,Sarwarwāli|Jhok Sarwarwāli,31.2949,73.4868,Pakistan,PK,PAK,Punjab,Punjab,PK-PB,province,,1059.1,,,3,Asia/Karachi,FALSE,1586273746
Basti Kamran,Basti Kamran,Basti Kumhārān,29.4155,71.7066,Pakistan,PK,PAK,Punjab,Punjab,PK-PB,province,,972.1,,,3,Asia/Karachi,FALSE,1586992587
Basti Kamran,Basti Kamran,,30.1061,70.9206,Pakistan,PK,PAK,Punjab,Punjab,PK-PB,province,,767.3,,,3,Asia/Karachi,TRUE,1586124522
Mozo Jumman,Mozo Jumman,,27.5378,67.1284,Pakistan,PK,PAK,Balochistan,Balochistan,PK-BA,province,,22.5,,,4,Asia/Karachi,FALSE,1586299186
Goth Allah Bakhsh Chachar,Goth Allah Bakhsh Chachar,,28.4758,69.5726,Pakistan,PK,PAK,Sindh,Sindh,PK-SD,province,,379.4,,,3,Asia/Karachi,FALSE,1586696652
Dokotek,Dokotek,,35.9362,72.0779,Pakistan,PK,PAK,Khyber Pakhtunkhwa,Khyber Pakhtunkhwa,PK-KP,province,,59.8,,,4,Asia/Karachi,FALSE,1586012806
Sher Ahmad Das Baikh,Sher Ahmad Das Baikh,,35.0929,74.6412,Pakistan,PK,PAK,Gilgit-Baltistan,Gilgit-Baltistan,PK-GB,Pakistan administered area,,25.0,,,4,Asia/Karachi,FALSE,1586878486
Nimwali,Nimwali,,30.4297,70.5915,Pakistan,PK,PAK,Punjab,Punjab,PK-PB,province,,561.0,,,3,Asia/Karachi,FALSE,1586291189
Ali Murad Goth,Ali Murad Goth,,27.0123,68.5557,Pakistan,PK,PAK,Sindh,Sindh,PK-SD,province,,564.1,,,3,Asia/Karachi,FALSE,1586021281
Baral,Baral,,25.6817,70.3353,Pakistan,PK,PAK,Sindh,Sindh,PK-SD,province,,78.5,,,4,Asia/Karachi,FALSE,1586432538
Gujrāniwāla,Gujraniwala,,30.9500,71.4972,Pakistan,PK,PAK,Punjab,Punjab,PK-PB,province,,95.1,,,4,Asia/Karachi,FALSE,1586175992
Bua,Bua,,26.7152,68.4884,Pakistan,PK,PAK,Sindh,Sindh,PK-SD,province,,244.7,,,3,Asia/Karachi,FALSE,1586470425
Ubhecharwāli Jhok,Ubhecharwali Jhok,,31.6678,70.8669,Pakistan,PK,PAK,Khyber Pakhtunkhwa,Khyber Pakhtunkhwa,PK-KP,province,,278.6,,,3,Asia/Karachi,FALSE,1586437846
Jhok Sheikham,Jhok Sheikham,Shaikham Khurd,31.0686,73.8011,Pakistan,PK,PAK,Punjab,Punjab,PK-PB,province,,1294.7,,,3,Asia/Karachi,FALSE,1586519242
Basti Dhani Bakhsh,Basti Dhani Bakhsh,,28.3372,69.8569,Pakistan,PK,PAK,Punjab,Punjab,PK-PB,province,,670.9,,,3,Asia/Karachi,FALSE,1586270240
Basti Dhani Bakhsh,Basti Dhani Bakhsh,Basti Dhani Bukhsh,28.7210,69.9427,Pakistan,PK,PAK,Punjab,Punjab,PK-PB,province,,133.7,,,4,Asia/Karachi,TRUE,1586806055
Goth Allahdino Bhatti,Goth Allahdino Bhatti,,24.9971,69.2568,Pakistan,PK,PAK,Sindh,Sindh,PK-SD,province,,433.0,,,3,Asia/Karachi,FALSE,1586021632
Shahid Pattai,Shahid Pattai,Shahīdpatai,34.7406,73.1279,Pakistan,PK,PAK,Khyber Pakhtunkhwa,Khyber Pakhtunkhwa,PK-KP,province,,650.2,,,3,Asia/Karachi,FALSE,1586531183
Windar,Windar,Wāndar,31.0941,73.6906,Pakistan,PK,PAK,Punjab,Punjab,PK-PB,province,,1294.7,,,3,Asia/Karachi,FALSE,1586370195
Dhok Kothi,Dhok Kothi,,32.7507,73.0590,Pakistan,PK,PAK,Punjab,Punjab,PK-PB,province,,393.2,,,3,Asia/Karachi,FALSE,1586516877
Khu Akbarwala,Khu Akbarwala,,30.5164,72.1213,Pakistan,PK,PAK,Punjab,Punjab,PK-PB,province,,698.3,,,3,Asia/Karachi,FALSE,1586027132
Nur Muhammad,Nur Muhammad,,31.1943,67.2256,Pakistan,PK,PAK,Balochistan,Balochistan,PK-BA,province,,58.6,,,4,Asia/Karachi,FALSE,1586118620
Nur Muhammad,Nur Muhammad,,28.3098,67.3655,Pakistan,PK,PAK,Balochistan,Balochistan,PK-BA,province,,44.4,,,4,Asia/Karachi,TRUE,1586338003
Nūr Muhammad,Nur Muhammad,,26.4833,66.3667,Pakistan,PK,PAK,Balochistan,Balochistan,PK-BA,province,,23.0,,,4,Asia/Karachi,TRUE,1586475993
Nur Muhammad,Nur Muhammad,Mai Lalin Ziarat,29.7691,67.0099,Pakistan,PK,PAK,Balochistan,Balochistan,PK-BA,province,,18.7,,,4,Asia/Karachi,TRUE,1586119691
Nur Muhammad,Nur Muhammad,,28.8368,66.5984,Pakistan,PK,PAK,Balochistan,Balochistan,PK-BA,province,,18.5,,,4,Asia/Karachi,TRUE,1586870342
Nur Muhammad,Nur Muhammad,,26.9798,64.8780,Pakistan,PK,PAK,Balochistan,Balochistan,PK-BA,province,,17.4,,,4,Asia/Karachi,TRUE,1586111452
Nur Muhammad,Nur Muhammad,Goth Ibrahim,25.6548,67.1397,Pakistan,PK,PAK,Balochistan,Balochistan,PK-BA,province,,11.2,,,4,Asia/Karachi,TRUE,1586179210
Nur Muhammad,Nur Muhammad,,26.5419,65.5138,Pakistan,PK,PAK,Balochistan,Balochistan,PK-BA,province,,6.0,,,5,Asia/Karachi,TRUE,1586198653
Khanori,Khanori,,34.5983,73.3919,Pakistan,PK,PAK,Khyber Pakhtunkhwa,Khyber Pakhtunkhwa,PK-KP,province,,164.1,,,4,Asia/Karachi,FALSE,1586127089
Karidwala Khu,Karidwala Khu,,30.0409,72.8708,Pakistan,PK,PAK,Punjab,Punjab,PK-PB,province,,844.6,,,3,Asia/Karachi,FALSE,1586027465
Kochhul,Kochhul,Kachhūl,34.4402,73.5810,Pakistan,PK,PAK,Azad Kashmir,Azad Kashmir,PK-JK,Pakistan administered area,,399.7,,,3,Asia/Karachi,FALSE,1586351857
Phal Kot,Phal Kot,Falkot,34.4270,73.0429,Pakistan,PK,PAK,Khyber Pakhtunkhwa,Khyber Pakhtunkhwa,PK-KP,province,,698.0,,,3,Asia/Karachi,FALSE,1586851712
Ripng,Ripng,,35.7034,75.0378,Pakistan,PK,PAK,Gilgit-Baltistan,Gilgit-Baltistan,PK-GB,Pakistan administered area,,22.0,,,4,Asia/Karachi,FALSE,1586228425
Phatak Sialanwala,Phatak Sialanwala,,31.1897,72.2522,Pakistan,PK,PAK,Punjab,Punjab,PK-PB,province,,491.7,,,3,Asia/Karachi,FALSE,1586027747
Basti Ghulam Muhammad Hulwani,Basti Ghulam Muhammad Hulwani,Ghulam Muhammad Hulwani,29.4487,70.3947,Pakistan,PK,PAK,Punjab,Punjab,PK-PB,province,,379.7,,,3,Asia/Karachi,FALSE,1586270485
King Chhyailoke,King Chhyailoke,Chhailoke,32.4197,74.3185,Pakistan,PK,PAK,Punjab,Punjab,PK-PB,province,,1433.7,,,3,Asia/Karachi,FALSE,1586003981
Shaikh Payao Kalla,Shaikh Payao Kalla,Shaikh Payāo,32.9160,70.9323,Pakistan,PK,PAK,Khyber Pakhtunkhwa,Khyber Pakhtunkhwa,PK-KP,province,,1057.3,,,3,Asia/Karachi,FALSE,1586379466
Chah Pahluwala,Chah Pahluwala,Pallūwāla,29.6638,71.6178,Pakistan,PK,PAK,Punjab,Punjab,PK-PB,province,,715.8,,,3,Asia/Karachi,FALSE,1586371309
Surdab,Surdab,Sur Dab,30.4819,67.0705,Pakistan,PK,PAK,Balochistan,Balochistan,PK-BA,province,,62.5,,,4,Asia/Karachi,FALSE,1586081506
Muhammad Dah,Muhammad Dah,Muhammad Daha,29.9667,70.9833,Pakistan,PK,PAK,Punjab,Punjab,PK-PB,province,,767.3,,,3,Asia/Karachi,FALSE,1586318034
Thaiyan,Thaiyan,,34.4979,73.8261,Pakistan,PK,PAK,Azad Kashmir,Azad Kashmir,PK-JK,Pakistan administered area,,46.5,,,4,Asia/Karachi,FALSE,1586821883
Kot Bhattian,Kot Bhattian,,31.3825,73.7878,Pakistan,PK,PAK,Punjab,Punjab,PK-PB,province,,730.8,,,3,Asia/Karachi,FALSE,1586431058
Shut,Shut,,36.4143,72.4616,Pakistan,PK,PAK,Khyber Pakhtunkhwa,Khyber Pakhtunkhwa,PK-KP,province,,33.6,,,4,Asia/Karachi,FALSE,1586004227
Sata Aba Khel,Sata Aba Khel,,32.5763,69.8564,Pakistan,PK,PAK,Khyber Pakhtunkhwa,Khyber Pakhtunkhwa,PK-KP,province,,284.7,,,3,Asia/Karachi,FALSE,1586425277
Goth Hyderabad,Goth Hyderabad,,27.5268,67.7422,Pakistan,PK,PAK,Sindh,Sindh,PK-SD,province,,456.1,,,3,Asia/Karachi,FALSE,1586942033
Jatte,Jatte,,30.8639,74.3604,Pakistan,PK,PAK,Punjab,Punjab,PK-PB,province,,1064.1,,,3,Asia/Karachi,FALSE,1586290017
Glas Purian,Glas Purian,,29.6421,73.2345,Pakistan,PK,PAK,Punjab,Punjab,PK-PB,province,,525.1,,,3,Asia/Karachi,FALSE,1586635561
Chak Two Hundred Sixty-one Thal Development Authority,Chak Two Hundred Sixty-one Thal Development Authority,Chak 261 TDA|Chak Two Hundred Sixty-One TDA,31.1195,71.1333,Pakistan,PK,PAK,Punjab,Punjab,PK-PB,province,,462.8,,,3,Asia/Karachi,FALSE,1586800434
Dhok Lalbaz,Dhok Lalbaz,,33.6360,71.9691,Pakistan,PK,PAK,Khyber Pakhtunkhwa,Khyber Pakhtunkhwa,PK-KP,province,,346.6,,,3,Asia/Karachi,FALSE,1586258720
Nazar Khan,Nazar Khan,Khudā Bakhsh,28.2649,69.1911,Pakistan,PK,PAK,Sindh,Sindh,PK-SD,province,,453.0,,,3,Asia/Karachi,FALSE,1586363434
Yusuf Thebo,Yusuf Thebo,Goth Yusuf Thebo,24.6865,68.2871,Pakistan,PK,PAK,Sindh,Sindh,PK-SD,province,,350.3,,,3,Asia/Karachi,FALSE,1586767024
Sajanwala,Sajanwala,,30.9059,71.8067,Pakistan,PK,PAK,Punjab,Punjab,PK-PB,province,,95.1,,,4,Asia/Karachi,FALSE,1586362303
Sajanwala,Sajanwala,Sajhan Rāmwāla,31.3559,71.3180,Pakistan,PK,PAK,Punjab,Punjab,PK-PB,province,,82.8,,,4,Asia/Karachi,TRUE,1586692225
Chahpa,Chahpa,,34.6266,72.0595,Pakistan,PK,PAK,Khyber Pakhtunkhwa,Khyber Pakhtunkhwa,PK-KP,province,,712.9,,,3,Asia/Karachi,FALSE,1586881879
Bohri,Bohri,Burke,32.2983,74.9308,Pakistan,PK,PAK,Punjab,Punjab,PK-PB,province,,1016.7,,,3,Asia/Karachi,FALSE,1586006341
Banni Ali Hasan Mehar,Banni Ali Hasan Mehar,,25.3834,69.8098,Pakistan,PK,PAK,Sindh,Sindh,PK-SD,province,,141.2,,,4,Asia/Karachi,FALSE,1586012759
Habib Kili,Habib Kili,Habib Killa,30.1669,68.6309,Pakistan,PK,PAK,Balochistan,Balochistan,PK-BA,province,,34.1,,,4,Asia/Karachi,FALSE,1586949165
Seri Gharia,Seri Gharia,Nariāla,34.4277,72.9729,Pakistan,PK,PAK,Khyber Pakhtunkhwa,Khyber Pakhtunkhwa,PK-KP,province,,698.0,,,3,Asia/Karachi,FALSE,1586737712
Chak Nawan,Chak Nawan,Chanāwan,32.0519,74.5491,Pakistan,PK,PAK,Punjab,Punjab,PK-PB,province,,1037.7,,,3,Asia/Karachi,FALSE,1586127338
Chak Nawan,Chak Nawan,,29.8632,71.3705,Pakistan,PK,PAK,Punjab,Punjab,PK-PB,province,,889.5,,,3,Asia/Karachi,TRUE,1586017893
Chak Nawan,Chak Nawan,Kharak Singh,30.7052,73.5670,Pakistan,PK,PAK,Punjab,Punjab,PK-PB,province,,695.3,,,3,Asia/Karachi,TRUE,1586028628
Chak Nawan,Chak Nawan,,31.0133,72.3083,Pakistan,PK,PAK,Punjab,Punjab,PK-PB,province,,552.4,,,3,Asia/Karachi,TRUE,1586026516
Basti Bahādur Khān,Basti Bahadur Khan,,28.8284,70.4638,Pakistan,PK,PAK,Punjab,Punjab,PK-PB,province,,808.3,,,3,Asia/Karachi,FALSE,1586004747
Kot Wir Singh,Kot Wir Singh,Wīr Singhwāla,31.0331,74.0470,Pakistan,PK,PAK,Punjab,Punjab,PK-PB,province,,861.9,,,3,Asia/Karachi,FALSE,1586269555
Chak Eighty-three B Thal Development Authority,Chak Eighty-three B Thal Development Authority,Chak Eighty-Three TDA|Chak 83 TDA,31.2934,71.0018,Pakistan,PK,PAK,Punjab,Punjab,PK-PB,province,,462.8,,,3,Asia/Karachi,FALSE,1586016443
Goth Ahmad Khan Rustamani,Goth Ahmad Khan Rustamani,,25.3570,68.7206,Pakistan,PK,PAK,Sindh,Sindh,PK-SD,province,,530.6,,,3,Asia/Karachi,FALSE,1586949320
Khan Jo Goth,Khan Jo Goth,,27.2324,67.6870,Pakistan,PK,PAK,Sindh,Sindh,PK-SD,province,,531.3,,,3,Asia/Karachi,FALSE,1586316043
Khan jo Goth,Khan jo Goth,,27.5997,67.9736,Pakistan,PK,PAK,Sindh,Sindh,PK-SD,province,,198.0,,,4,Asia/Karachi,TRUE,1586259276
Sheni Kalle,Sheni Kalle,,33.6721,71.5431,Pakistan,PK,PAK,Khyber Pakhtunkhwa,Khyber Pakhtunkhwa,PK-KP,province,,299.0,,,3,Asia/Karachi,FALSE,1586543387
Akhtar Khan da Bhan,Akhtar Khan da Bhan,,31.7326,72.1240,Pakistan,PK,PAK,Punjab,Punjab,PK-PB,province,,127.2,,,4,Asia/Karachi,FALSE,1586369909
Miral Fateh Khan Bijarani,Miral Fateh Khan Bijarani,,28.1826,68.9314,Pakistan,PK,PAK,Sindh,Sindh,PK-SD,province,,453.0,,,3,Asia/Karachi,FALSE,1586021888
Alam Bhatti,Alam Bhatti,Bhati|Bhatti,24.5670,68.0983,Pakistan,PK,PAK,Sindh,Sindh,PK-SD,province,,297.5,,,3,Asia/Karachi,FALSE,1586006717
Bandi Shuntkial,Bandi Shuntkial,Bāndi,34.4126,72.9531,Pakistan,PK,PAK,Khyber Pakhtunkhwa,Khyber Pakhtunkhwa,PK-KP,province,,698.0,,,3,Asia/Karachi,FALSE,1586955156
Dhaular,Dhaular,Dholar,31.2183,72.5806,Pakistan,PK,PAK,Punjab,Punjab,PK-PB,province,,1236.2,,,3,Asia/Karachi,FALSE,1586512816
Dhaular,Dhaular,,33.0420,72.3043,Pakistan,PK,PAK,Punjab,Punjab,PK-PB,province,,209.5,,,3,Asia/Karachi,TRUE,1586559499
Chak One Hundred Thirty-four ML,Chak One Hundred Thirty-four ML,Chak One Hundred Thirty-Four ML|Chak 134 ML,30.6129,71.4358,Pakistan,PK,PAK,Punjab,Punjab,PK-PB,province,,443.3,,,3,Asia/Karachi,FALSE,1586007099
Goth Uman Rajpar,Goth Uman Rajpar,Uman|Umman,26.7620,68.3306,Pakistan,PK,PAK,Sindh,Sindh,PK-SD,province,,244.7,,,3,Asia/Karachi,FALSE,1586540718
Thatta Baqirka,Thatta Baqirka,Wān Bagarka,30.9709,73.3918,Pakistan,PK,PAK,Punjab,Punjab,PK-PB,province,,1209.5,,,3,Asia/Karachi,FALSE,1586159647
Shakilabad,Shakilabad,,28.7818,70.5416,Pakistan,PK,PAK,Punjab,Punjab,PK-PB,province,,695.7,,,3,Asia/Karachi,FALSE,1586024614
Shakilabad,Shakilabad,Sāhibāwāla,30.6956,71.0782,Pakistan,PK,PAK,Punjab,Punjab,PK-PB,province,,515.4,,,3,Asia/Karachi,TRUE,1586382401
Basti Nur Faqir,Basti Nur Faqir,,31.0161,70.9300,Pakistan,PK,PAK,Punjab,Punjab,PK-PB,province,,515.4,,,3,Asia/Karachi,FALSE,1586024950
Ushadil Kalle,Ushadil Kalle,Ushāni Kili,32.5950,70.3488,Pakistan,PK,PAK,Khyber Pakhtunkhwa,Khyber Pakhtunkhwa,PK-KP,province,,30.0,,,4,Asia/Karachi,FALSE,1586006874
Kandora,Kandora,,28.4371,65.5118,Pakistan,PK,PAK,Balochistan,Balochistan,PK-BA,province,,9.6,,,5,Asia/Karachi,FALSE,1586745953
Kili Qabul,Kili Qabul,,29.3737,65.6282,Pakistan,PK,PAK,Balochistan,Balochistan,PK-BA,province,,22.5,,,4,Asia/Karachi,FALSE,1586923754
Muhabatwala,Muhabatwala,Muhabbatwāla,31.4150,73.8334,Pakistan,PK,PAK,Punjab,Punjab,PK-PB,province,,730.8,,,3,Asia/Karachi,FALSE,1586894271
Muhabatwala,Muhabatwala,,29.6448,71.7128,Pakistan,PK,PAK,Punjab,Punjab,PK-PB,province,,715.8,,,3,Asia/Karachi,TRUE,1586767181
Goth Mairo Chandio,Goth Mairo Chandio,,24.8696,68.5340,Pakistan,PK,PAK,Sindh,Sindh,PK-SD,province,,178.2,,,4,Asia/Karachi,FALSE,1586012396
Sherpur,Sherpur,Nandan|Nāndān,33.9338,74.1657,Pakistan,PK,PAK,Azad Kashmir,Azad Kashmir,PK-JK,Pakistan administered area,,280.2,,,3,Asia/Karachi,FALSE,1586089346
Goth Gahi Jalbani,Goth Gahi Jalbani,Gāhi Jalbāni,27.1993,68.3129,Pakistan,PK,PAK,Sindh,Sindh,PK-SD,province,,579.0,,,3,Asia/Karachi,FALSE,1586254719
Deh One Hundred Seventy-three,Deh One Hundred Seventy-three,,25.1352,69.1053,Pakistan,PK,PAK,Sindh,Sindh,PK-SD,province,,433.0,,,3,Asia/Karachi,FALSE,1586217517
Chak Two Hundred Twelve - Nine Right,Chak Two Hundred Twelve - Nine Right,,29.2898,72.8779,Pakistan,PK,PAK,Punjab,Punjab,PK-PB,province,,208.8,,,3,Asia/Karachi,FALSE,1586406271
Sare Kade Khel Killi,Sare Kade Khel Killi,Sare Kaue Khel Kili|Sare Kade Khel Kili,33.0735,69.8970,Pakistan,PK,PAK,Khyber Pakhtunkhwa,Khyber Pakhtunkhwa,PK-KP,province,,82.5,,,4,Asia/Karachi,FALSE,1586272364
Mistag Kaleri,Mistag Kaleri,,25.4139,68.4965,Pakistan,PK,PAK,Sindh,Sindh,PK-SD,province,,660.1,,,3,Asia/Karachi,FALSE,1586069868
Bodi,Bodi,,35.1747,72.0657,Pakistan,PK,PAK,Khyber Pakhtunkhwa,Khyber Pakhtunkhwa,PK-KP,province,,205.8,,,3,Asia/Karachi,FALSE,1586099016
Dhok Ganj Mori,Dhok Ganj Mori,Dhok Ganji Mori,33.2778,72.6103,Pakistan,PK,PAK,Punjab,Punjab,PK-PB,province,,218.8,,,3,Asia/Karachi,FALSE,1586338161
Olakwali,Olakwali,Adhla Khānwāli,31.7578,71.0535,Pakistan,PK,PAK,Punjab,Punjab,PK-PB,province,,287.1,,,3,Asia/Karachi,FALSE,1586747782
Maiwali Masjid,Maiwali Masjid,,30.7028,73.0388,Pakistan,PK,PAK,Punjab,Punjab,PK-PB,province,,1111.7,,,3,Asia/Karachi,FALSE,1586028793
Goth Nur Muhammad Mehojeo,Goth Nur Muhammad Mehojeo,,26.1570,68.1841,Pakistan,PK,PAK,Sindh,Sindh,PK-SD,province,,518.8,,,3,Asia/Karachi,FALSE,1586722562
Chukri Tibbi,Chukri Tibbi,,31.5672,73.4666,Pakistan,PK,PAK,Punjab,Punjab,PK-PB,province,,891.3,,,3,Asia/Karachi,FALSE,1586019658
Thatta Gehheka,Thatta Gehheka,,30.8363,73.0027,Pakistan,PK,PAK,Punjab,Punjab,PK-PB,province,,695.3,,,3,Asia/Karachi,FALSE,1586011524
Chak Two Hundred Six - Seven Right,Chak Two Hundred Six - Seven Right,,29.3134,73.0302,Pakistan,PK,PAK,Punjab,Punjab,PK-PB,province,,208.8,,,3,Asia/Karachi,FALSE,1586698074
Ghulam Rasul,Ghulam Rasul,,28.4431,68.8014,Pakistan,PK,PAK,Balochistan,Balochistan,PK-BA,province,,232.5,,,3,Asia/Karachi,FALSE,1586140945
Ghulam Rasul,Ghulam Rasul,,29.9419,69.8703,Pakistan,PK,PAK,Balochistan,Balochistan,PK-BA,province,,36.7,,,4,Asia/Karachi,TRUE,1586181680
Ghulam Rasul,Ghulam Rasul,,28.0372,66.3663,Pakistan,PK,PAK,Balochistan,Balochistan,PK-BA,province,,22.5,,,4,Asia/Karachi,TRUE,1586975849
Ghulam Rasul,Ghulam Rasul,,27.7393,66.7028,Pakistan,PK,PAK,Balochistan,Balochistan,PK-BA,province,,22.5,,,4,Asia/Karachi,TRUE,1586886524
Ghulam Rasul,Ghulam Rasul,,25.5295,62.6955,Pakistan,PK,PAK,Balochistan,Balochistan,PK-BA,province,,12.6,,,4,Asia/Karachi,TRUE,1586944053
Ghulam Rasul,Ghulam Rasul,,29.0065,63.9859,Pakistan,PK,PAK,Balochistan,Balochistan,PK-BA,province,,5.4,,,5,Asia/Karachi,TRUE,1586154338
Pabni jo Par,Pabni jo Par,,25.5317,70.6190,Pakistan,PK,PAK,Sindh,Sindh,PK-SD,province,,90.3,,,4,Asia/Karachi,FALSE,1586604439
Chak Seven Hundred Sixty Gugera Branch,Chak Seven Hundred Sixty Gugera Branch,,30.6393,72.3806,Pakistan,PK,PAK,Punjab,Punjab,PK-PB,province,,788.3,,,3,Asia/Karachi,FALSE,1586009136
Chutto Machhi,Chutto Machhi,Chhutto Māclihi,25.3694,68.8080,Pakistan,PK,PAK,Sindh,Sindh,PK-SD,province,,530.6,,,3,Asia/Karachi,FALSE,1586795962
Sra Kili,Sra Kili,,30.2262,67.5659,Pakistan,PK,PAK,Balochistan,Balochistan,PK-BA,province,,31.9,,,4,Asia/Karachi,FALSE,1586403592
Palio Khan Mastoi,Palio Khan Mastoi,,26.9350,68.0294,Pakistan,PK,PAK,Sindh,Sindh,PK-SD,province,,579.0,,,3,Asia/Karachi,FALSE,1586454362
Goth Kamu Kolhi,Goth Kamu Kolhi,,25.4284,69.7290,Pakistan,PK,PAK,Sindh,Sindh,PK-SD,province,,141.2,,,4,Asia/Karachi,FALSE,1586022622
Murid Lishari,Murid Lishari,,25.0168,69.3909,Pakistan,PK,PAK,Sindh,Sindh,PK-SD,province,,433.0,,,3,Asia/Karachi,FALSE,1586024401
Muhammad Hussain Qalandarani,Muhammad Hussain Qalandarani,,28.0317,66.3150,Pakistan,PK,PAK,Balochistan,Balochistan,PK-BA,province,,22.5,,,4,Asia/Karachi,FALSE,1586255143
Jalwalian,Jalwalian,,33.7959,73.1309,Pakistan,PK,PAK,Khyber Pakhtunkhwa,Khyber Pakhtunkhwa,PK-KP,province,,1279.8,,,3,Asia/Karachi,FALSE,1586137639
Goth Shoib,Goth Shoib,,24.6544,68.0974,Pakistan,PK,PAK,Sindh,Sindh,PK-SD,province,,297.5,,,3,Asia/Karachi,FALSE,1586138984
Goth Nasimabad,Goth Nasimabad,Nasīmābād,25.2290,69.5402,Pakistan,PK,PAK,Sindh,Sindh,PK-SD,province,,177.3,,,4,Asia/Karachi,FALSE,1586495676
Mad Nawaz Khan Chang,Mad Nawaz Khan Chang,,29.3006,70.3605,Pakistan,PK,PAK,Punjab,Punjab,PK-PB,province,,249.7,,,3,Asia/Karachi,FALSE,1586024975
Shahmir Wassi,Shahmir Wassi,,25.5131,68.4953,Pakistan,PK,PAK,Sindh,Sindh,PK-SD,province,,598.4,,,3,Asia/Karachi,FALSE,1586006820
Chak Five -One RIght A,Chak Five -One RIght A,,30.8975,73.5958,Pakistan,PK,PAK,Punjab,Punjab,PK-PB,province,,946.4,,,3,Asia/Karachi,FALSE,1586010785
Bhuchoke Mahja,Bhuchoke Mahja,Bhuchoke Mānjha|Bhuchoke Majha,31.2228,74.1683,Pakistan,PK,PAK,Punjab,Punjab,PK-PB,province,,1064.3,,,3,Asia/Karachi,FALSE,1586317577
Chak Seven Hundred Eighteen Gugera Branch,Chak Seven Hundred Eighteen Gugera Branch,Chak Seven Hundred Eighteen,30.6875,72.4940,Pakistan,PK,PAK,Punjab,Punjab,PK-PB,province,,788.3,,,3,Asia/Karachi,FALSE,1586269488
Jhabel,Jhabel,,29.4067,70.9613,Pakistan,PK,PAK,Punjab,Punjab,PK-PB,province,,583.8,,,3,Asia/Karachi,FALSE,1586341631
Goth Ali Sher Khan Chandia,Goth Ali Sher Khan Chandia,,28.1154,69.8375,Pakistan,PK,PAK,Sindh,Sindh,PK-SD,province,,471.7,,,3,Asia/Karachi,FALSE,1586530908
Goth Waris Gambhir,Goth Waris Gambhir,,27.5763,68.7556,Pakistan,PK,PAK,Sindh,Sindh,PK-SD,province,,997.7,,,3,Asia/Karachi,FALSE,1586014955
Mangti,Mangti,,31.3775,73.8599,Pakistan,PK,PAK,Punjab,Punjab,PK-PB,province,,730.8,,,3,Asia/Karachi,FALSE,1586073233
Pilan,Pilan,,33.5056,73.6804,Pakistan,PK,PAK,Azad Kashmir,Azad Kashmir,PK-JK,Pakistan administered area,,188.2,,,4,Asia/Karachi,FALSE,1586330035
Thatha Paya,Thatha Paya,,34.5943,73.4479,Pakistan,PK,PAK,Khyber Pakhtunkhwa,Khyber Pakhtunkhwa,PK-KP,province,,164.1,,,4,Asia/Karachi,FALSE,1586715559
Block One,Block One,,31.0720,73.9827,Pakistan,PK,PAK,Punjab,Punjab,PK-PB,province,,861.9,,,3,Asia/Karachi,FALSE,1586015728
Block One,Block One,,30.5405,72.6974,Pakistan,PK,PAK,Punjab,Punjab,PK-PB,province,,858.4,,,3,Asia/Karachi,TRUE,1586014347
Ghai Shah,Ghai Shah,,29.9635,72.7290,Pakistan,PK,PAK,Punjab,Punjab,PK-PB,province,,844.6,,,3,Asia/Karachi,FALSE,1586031127
Goth Allah Rakhio Rajar,Goth Allah Rakhio Rajar,,25.9305,69.2444,Pakistan,PK,PAK,Sindh,Sindh,PK-SD,province,,202.6,,,3,Asia/Karachi,FALSE,1586023901
Mamdan Mithwani,Mamdan Mithwani,,30.2696,69.7595,Pakistan,PK,PAK,Balochistan,Balochistan,PK-BA,province,,36.7,,,4,Asia/Karachi,FALSE,1586393066
Batala,Batala,,33.5779,73.4199,Pakistan,PK,PAK,Punjab,Punjab,PK-PB,province,,501.9,,,3,Asia/Karachi,FALSE,1586273032
Tillu Sharq,Tillu Sharq,Dhillo,32.6245,74.2549,Pakistan,PK,PAK,Punjab,Punjab,PK-PB,province,,1352.5,,,3,Asia/Karachi,FALSE,1586558816
Shamshir da Khu,Shamshir da Khu,Kot Shamsher Singh,31.4166,73.8379,Pakistan,PK,PAK,Punjab,Punjab,PK-PB,province,,730.8,,,3,Asia/Karachi,FALSE,1586937039
Sulai,Sulai,,34.6662,71.7157,Pakistan,PK,PAK,Khyber Pakhtunkhwa,Khyber Pakhtunkhwa,PK-KP,province,,290.2,,,3,Asia/Karachi,FALSE,1586366178
Saddiqabad,Saddiqabad,,32.8562,74.2342,Pakistan,PK,PAK,Azad Kashmir,Azad Kashmir,PK-JK,Pakistan administered area,,300.7,,,3,Asia/Karachi,FALSE,1586553750
Goth Khuda Bakhsh Brahui,Goth Khuda Bakhsh Brahui,,27.9775,68.6972,Pakistan,PK,PAK,Sindh,Sindh,PK-SD,province,,785.4,,,3,Asia/Karachi,FALSE,1586022444
Goth Khuda Bakhsh Brahui,Goth Khuda Bakhsh Brahui,,27.7388,68.4298,Pakistan,PK,PAK,Sindh,Sindh,PK-SD,province,,406.9,,,3,Asia/Karachi,TRUE,1586333322
Goth Khuda Bakhsh Brahui,Goth Khuda Bakhsh Brahui,,26.5085,68.4033,Pakistan,PK,PAK,Sindh,Sindh,PK-SD,province,,362.5,,,3,Asia/Karachi,TRUE,1586759081
Chak One Hundred Five- Fifteen Left,Chak One Hundred Five- Fifteen Left,Chak One Hundred Five-Fifteen L|Wanjāri,30.3210,72.2314,Pakistan,PK,PAK,Punjab,Punjab,PK-PB,province,,876.9,,,3,Asia/Karachi,FALSE,1586944582
Jai Ji Wand,Jai Ji Wand,,24.7223,69.4316,Pakistan,PK,PAK,Sindh,Sindh,PK-SD,province,,67.4,,,4,Asia/Karachi,FALSE,1586569435
Basti Balhim,Basti Balhim,Rodi,31.7692,71.0135,Pakistan,PK,PAK,Punjab,Punjab,PK-PB,province,,287.1,,,3,Asia/Karachi,FALSE,1586723252
Basti Bari Shah,Basti Bari Shah,,29.7234,72.3854,Pakistan,PK,PAK,Punjab,Punjab,PK-PB,province,,475.8,,,3,Asia/Karachi,FALSE,1586799079
Goth Khani Kalu Khan,Goth Khani Kalu Khan,Khanrīn Kālu Khān,25.7798,69.3564,Pakistan,PK,PAK,Sindh,Sindh,PK-SD,province,,92.0,,,4,Asia/Karachi,FALSE,1586634170
Goth Wada Machi,Goth Wada Machi,Machi,27.6120,68.6505,Pakistan,PK,PAK,Sindh,Sindh,PK-SD,province,,631.9,,,3,Asia/Karachi,FALSE,1586327415
Goth Mangia,Goth Mangia,,25.5543,68.7031,Pakistan,PK,PAK,Sindh,Sindh,PK-SD,province,,530.6,,,3,Asia/Karachi,FALSE,1586202430
Kili Yaquhzal,Kili Yaquhzal,,29.8120,66.8658,Pakistan,PK,PAK,Balochistan,Balochistan,PK-BA,province,,55.6,,,4,Asia/Karachi,FALSE,1586662660
Nihal Machhi,Nihal Machhi,,27.2326,68.4621,Pakistan,PK,PAK,Sindh,Sindh,PK-SD,province,,581.2,,,3,Asia/Karachi,FALSE,1586257255
Nuwab Colony,Nuwab Colony,,31.0050,73.5124,Pakistan,PK,PAK,Punjab,Punjab,PK-PB,province,,1209.5,,,3,Asia/Karachi,FALSE,1586031204
Chak Two Hundred Fifty-two Gugera Branch,Chak Two Hundred Fifty-two Gugera Branch,Lasūri|Chak Two Hundred Fifty-Two,30.9236,72.6664,Pakistan,PK,PAK,Punjab,Punjab,PK-PB,province,,840.9,,,3,Asia/Karachi,FALSE,1586318593
Chak One Hundred Sixty-six Eastern Bar,Chak One Hundred Sixty-six Eastern Bar,Chak One Hundred Sixty-six EB,30.1516,72.5109,Pakistan,PK,PAK,Punjab,Punjab,PK-PB,province,,811.6,,,3,Asia/Karachi,FALSE,1586091463
Basti Ahsan Khan,Basti Ahsan Khan,,28.3218,70.2018,Pakistan,PK,PAK,Punjab,Punjab,PK-PB,province,,670.9,,,3,Asia/Karachi,FALSE,1586862458
Goth Ibrahim,Goth Ibrahim,,28.5878,68.4366,Pakistan,PK,PAK,Balochistan,Balochistan,PK-BA,province,,232.5,,,3,Asia/Karachi,FALSE,1586384228
Goth Ibrāhīm,Goth Ibrahim,,28.6167,68.3667,Pakistan,PK,PAK,Balochistan,Balochistan,PK-BA,province,,75.4,,,4,Asia/Karachi,TRUE,1586864850
Goth Ibrahim,Goth Ibrahim,,25.1630,66.7976,Pakistan,PK,PAK,Balochistan,Balochistan,PK-BA,province,,61.0,,,4,Asia/Karachi,TRUE,1586281582
Goth Ibrahim,Goth Ibrahim,,25.0618,66.8210,Pakistan,PK,PAK,Balochistan,Balochistan,PK-BA,province,,61.0,,,4,Asia/Karachi,TRUE,1586641555
Goth Ibrahim,Goth Ibrahim,,25.0889,66.7529,Pakistan,PK,PAK,Balochistan,Balochistan,PK-BA,province,,61.0,,,4,Asia/Karachi,TRUE,1586177589
Goth Ibrahim,Goth Ibrahim,Goth Ibrāhim Kadrān,25.7259,66.5651,Pakistan,PK,PAK,Balochistan,Balochistan,PK-BA,province,,23.0,,,4,Asia/Karachi,TRUE,1586175998
Goth Ibrahim,Goth Ibrahim,,25.8208,66.4538,Pakistan,PK,PAK,Balochistan,Balochistan,PK-BA,province,,23.0,,,4,Asia/Karachi,TRUE,1586968766
Goth Ibrahim,Goth Ibrahim,,25.6064,66.8002,Pakistan,PK,PAK,Balochistan,Balochistan,PK-BA,province,,23.0,,,4,Asia/Karachi,TRUE,1586046509
Goth Ibrahim,Goth Ibrahim,Goth Ibrāhīm Wadera,25.9734,66.3162,Pakistan,PK,PAK,Balochistan,Balochistan,PK-BA,province,,23.0,,,4,Asia/Karachi,TRUE,1586003636
Goth Ibrahim,Goth Ibrahim,,25.8319,66.8459,Pakistan,PK,PAK,Balochistan,Balochistan,PK-BA,province,,23.0,,,4,Asia/Karachi,TRUE,1586291896
Goth Ibrahim,Goth Ibrahim,,25.7196,67.3598,Pakistan,PK,PAK,Balochistan,Balochistan,PK-BA,province,,18.6,,,4,Asia/Karachi,TRUE,1586164786
Goth Ibrahim,Goth Ibrahim,,26.0432,67.2912,Pakistan,PK,PAK,Balochistan,Balochistan,PK-BA,province,,11.2,,,4,Asia/Karachi,TRUE,1586097330
Goth Ibrahim,Goth Ibrahim,,25.7767,66.9571,Pakistan,PK,PAK,Balochistan,Balochistan,PK-BA,province,,10.2,,,4,Asia/Karachi,TRUE,1586396741
Palasi Maira,Palasi Maira,,34.0924,73.0453,Pakistan,PK,PAK,Khyber Pakhtunkhwa,Khyber Pakhtunkhwa,PK-KP,province,,928.1,,,3,Asia/Karachi,FALSE,1586735207
Khudiwala,Khudiwala,,32.0288,71.2520,Pakistan,PK,PAK,Punjab,Punjab,PK-PB,province,,225.2,,,3,Asia/Karachi,FALSE,1586240056
Katkai,Katkai,,30.9683,67.3412,Pakistan,PK,PAK,Balochistan,Balochistan,PK-BA,province,,58.7,,,4,Asia/Karachi,FALSE,1586281106
Muhammad Ali Lolai,Muhammad Ali Lolai,Ghulām Qādi,27.8220,68.2627,Pakistan,PK,PAK,Sindh,Sindh,PK-SD,province,,641.6,,,3,Asia/Karachi,FALSE,1586700640
Darbar Baba Khuru Shah,Darbar Baba Khuru Shah,,31.2326,73.1978,Pakistan,PK,PAK,Punjab,Punjab,PK-PB,province,,1059.1,,,3,Asia/Karachi,FALSE,1586031069
Badir Marjan,Badir Marjan,Biddar Marjān|Bidar|Mirjan,32.8338,73.8642,Pakistan,PK,PAK,Punjab,Punjab,PK-PB,province,,1084.3,,,3,Asia/Karachi,FALSE,1586007407
Hazurpur Bala,Hazurpur Bala,Hazūrpur|Bāla Hazūrpur,32.4998,72.9850,Pakistan,PK,PAK,Punjab,Punjab,PK-PB,province,,660.7,,,3,Asia/Karachi,FALSE,1586491556
Bhau Ghasitpur,Bhau Ghasitpur,Bahadur Ghaseetpur,32.7264,73.7452,Pakistan,PK,PAK,Punjab,Punjab,PK-PB,province,,1084.3,,,3,Asia/Karachi,FALSE,1586098236
Pithoro,Pithoro,,25.5112,69.3780,Pakistan,PK,PAK,Sindh,Sindh,PK-SD,province,,266.1,,,3,Asia/Karachi,FALSE,1586731943
Sakot,Sakot,,33.4706,73.4853,Pakistan,PK,PAK,Punjab,Punjab,PK-PB,province,,501.9,,,3,Asia/Karachi,FALSE,1586150452
Lagar,Lagar,,34.7118,72.6029,Pakistan,PK,PAK,Khyber Pakhtunkhwa,Khyber Pakhtunkhwa,PK-KP,province,,575.9,,,3,Asia/Karachi,FALSE,1586004489
Lagar,Lagar,,33.2567,70.5111,Pakistan,PK,PAK,Khyber Pakhtunkhwa,Khyber Pakhtunkhwa,PK-KP,province,,112.1,,,4,Asia/Karachi,TRUE,1586668914
Nawab Rabat,Nawab Rabat,Mīr Jān Kili,30.2194,68.5588,Pakistan,PK,PAK,Balochistan,Balochistan,PK-BA,province,,34.1,,,4,Asia/Karachi,FALSE,1586322053
Kenthar Tar,Kenthar Tar,,26.4114,69.8890,Pakistan,PK,PAK,Sindh,Sindh,PK-SD,province,,13.2,,,4,Asia/Karachi,FALSE,1586470854
Hazrai,Hazrai,,31.1963,66.8498,Pakistan,PK,PAK,Balochistan,Balochistan,PK-BA,province,,90.0,,,4,Asia/Karachi,FALSE,1586302428
Bhatlai Talao,Bhatlai Talao,,33.8808,71.5039,Pakistan,PK,PAK,Khyber Pakhtunkhwa,Khyber Pakhtunkhwa,PK-KP,province,,2791.9,,,2,Asia/Karachi,FALSE,1586550751
Goth Chandri,Goth Chandri,Nāru jo Tar,24.9668,69.6391,Pakistan,PK,PAK,Sindh,Sindh,PK-SD,province,,90.3,,,4,Asia/Karachi,FALSE,1586616123
Khar Ghoze Khula,Khar Ghoze Khula,Khar Ghoz Khula,32.3764,69.7164,Pakistan,PK,PAK,Khyber Pakhtunkhwa,Khyber Pakhtunkhwa,PK-KP,province,,81.5,,,4,Asia/Karachi,FALSE,1586721757
Dera Asianwala,Dera Asianwala,Asiānwāla,31.9843,73.8143,Pakistan,PK,PAK,Punjab,Punjab,PK-PB,province,,837.5,,,3,Asia/Karachi,FALSE,1586432294
Mujahidabad Bazar,Mujahidabad Bazar,,33.8726,73.7062,Pakistan,PK,PAK,Azad Kashmir,Azad Kashmir,PK-JK,Pakistan administered area,,734.6,,,3,Asia/Karachi,FALSE,1586895082
Usman Nohrio,Usman Nohrio,,24.6164,68.6606,Pakistan,PK,PAK,Sindh,Sindh,PK-SD,province,,178.2,,,4,Asia/Karachi,FALSE,1586023116
Wizo Sam,Wizo Sam,Wizhosam|Wisusam|Wizho Sam,33.3359,71.5989,Pakistan,PK,PAK,Khyber Pakhtunkhwa,Khyber Pakhtunkhwa,PK-KP,province,,346.6,,,3,Asia/Karachi,FALSE,1586541278
Raja Jang,Raja Jang,Baja Jang,31.2208,74.2548,Pakistan,PK,PAK,Punjab,Punjab,PK-PB,province,,1064.3,,,3,Asia/Karachi,FALSE,1586059202
Zakhtan,Zakhtan,,33.7306,70.8015,Pakistan,PK,PAK,Khyber Pakhtunkhwa,Khyber Pakhtunkhwa,PK-KP,province,,366.6,,,3,Asia/Karachi,FALSE,1586596934
Bandi Brahui,Bandi Brahui,,26.2169,68.6013,Pakistan,PK,PAK,Sindh,Sindh,PK-SD,province,,362.5,,,3,Asia/Karachi,FALSE,1586079082
Kovira Kalan,Kovira Kalan,Kavīra,31.0712,73.3872,Pakistan,PK,PAK,Punjab,Punjab,PK-PB,province,,695.3,,,3,Asia/Karachi,FALSE,1586342584
Sohri Sain ki Ziarat,Sohri Sain ki Ziarat,,29.1644,68.9723,Pakistan,PK,PAK,Balochistan,Balochistan,PK-BA,province,,25.8,,,4,Asia/Karachi,FALSE,1586273438
Kot Ghulam Muhammad,Kot Ghulam Muhammad,,32.3313,74.5403,Pakistan,PK,PAK,Punjab,Punjab,PK-PB,province,,1073.8,,,3,Asia/Karachi,FALSE,1586549033
Kot Ghulam Muhammad,Kot Ghulam Muhammad,Thatta Miān Ghulām Muhammad,31.8460,73.6811,Pakistan,PK,PAK,Punjab,Punjab,PK-PB,province,,891.3,,,3,Asia/Karachi,TRUE,1586242591
Kot Ghulam Muhammad,Kot Ghulam Muhammad,,30.8443,74.1589,Pakistan,PK,PAK,Punjab,Punjab,PK-PB,province,,861.9,,,3,Asia/Karachi,TRUE,1586028544
Kot Ghulam Muhammad,Kot Ghulam Muhammad,,30.7697,74.0532,Pakistan,PK,PAK,Punjab,Punjab,PK-PB,province,,694.1,,,3,Asia/Karachi,TRUE,1586028406
Chak Four Hundred Sixty-one Eastern Bar,Chak Four Hundred Sixty-one Eastern Bar,Kotli Arhīān|Kotli Ariān,30.1276,72.6889,Pakistan,PK,PAK,Punjab,Punjab,PK-PB,province,,844.6,,,3,Asia/Karachi,FALSE,1586948151
Chhoch Chahanwali,Chhoch Chahanwali,Dhok Chhach Chāhānwāli,33.4659,72.8462,Pakistan,PK,PAK,Punjab,Punjab,PK-PB,province,,2043.2,,,2,Asia/Karachi,FALSE,1586845786
Basti Shafi,Basti Shafi,,31.4809,74.4655,Pakistan,PK,PAK,Punjab,Punjab,PK-PB,province,,6096.1,,,2,Asia/Karachi,FALSE,1586010973
Wanda Azamwala,Wanda Azamwala,,32.7010,71.6784,Pakistan,PK,PAK,Punjab,Punjab,PK-PB,province,,317.6,,,3,Asia/Karachi,FALSE,1586020308
Shehgari,Shehgari,,35.6469,73.6084,Pakistan,PK,PAK,Gilgit-Baltistan,Gilgit-Baltistan,PK-GB,Pakistan administered area,,32.6,,,4,Asia/Karachi,FALSE,1586756307
Garangai,Garangai,,30.9445,67.1896,Pakistan,PK,PAK,Balochistan,Balochistan,PK-BA,province,,58.7,,,4,Asia/Karachi,FALSE,1586407048
Goth Khan,Goth Khan,,28.5836,68.5696,Pakistan,PK,PAK,Balochistan,Balochistan,PK-BA,province,,209.0,,,3,Asia/Karachi,FALSE,1586498949
Goth Karimu,Goth Karimu,Goth Karmu,25.5959,68.5686,Pakistan,PK,PAK,Sindh,Sindh,PK-SD,province,,598.4,,,3,Asia/Karachi,FALSE,1586883992
Goth Karam Ali Jokhio,Goth Karam Ali Jokhio,,24.2280,67.6678,Pakistan,PK,PAK,Sindh,Sindh,PK-SD,province,,77.5,,,4,Asia/Karachi,FALSE,1586317896
Chad,Chad,,28.2961,66.1248,Pakistan,PK,PAK,Balochistan,Balochistan,PK-BA,province,,32.2,,,4,Asia/Karachi,FALSE,1586792670
Chad,Chad,,25.2804,64.5992,Pakistan,PK,PAK,Balochistan,Balochistan,PK-BA,province,,12.6,,,4,Asia/Karachi,TRUE,1586734909
Touda Mela,Touda Mela,Tauda Mela,33.6211,70.8583,Pakistan,PK,PAK,Khyber Pakhtunkhwa,Khyber Pakhtunkhwa,PK-KP,province,,261.8,,,3,Asia/Karachi,FALSE,1586263711
Kurram Garhi,Kurram Garhi,Kurram Post,33.0303,70.5264,Pakistan,PK,PAK,Khyber Pakhtunkhwa,Khyber Pakhtunkhwa,PK-KP,province,,1036.2,,,3,Asia/Karachi,FALSE,1586162970
Haveli,Haveli,Haveliān,31.3777,74.5489,Pakistan,PK,PAK,Punjab,Punjab,PK-PB,province,,6096.1,,,2,Asia/Karachi,FALSE,1586319236
Haveli,Haveli,,32.0417,73.5806,Pakistan,PK,PAK,Punjab,Punjab,PK-PB,province,,764.8,,,3,Asia/Karachi,TRUE,1586866057
Haveli,Haveli,,29.8921,71.9948,Pakistan,PK,PAK,Punjab,Punjab,PK-PB,province,,759.9,,,3,Asia/Karachi,TRUE,1586312016
Haveli,Haveli,,29.5816,71.4413,Pakistan,PK,PAK,Punjab,Punjab,PK-PB,province,,715.8,,,3,Asia/Karachi,TRUE,1586625371
Haveli,Haveli,,29.5487,71.4950,Pakistan,PK,PAK,Punjab,Punjab,PK-PB,province,,715.8,,,3,Asia/Karachi,TRUE,1586017861
Haveli,Haveli,,29.5933,71.1536,Pakistan,PK,PAK,Punjab,Punjab,PK-PB,province,,713.0,,,3,Asia/Karachi,TRUE,1586313718
Haveli,Haveli,,30.6463,72.0126,Pakistan,PK,PAK,Punjab,Punjab,PK-PB,province,,698.3,,,3,Asia/Karachi,TRUE,1586638077
Haveli,Haveli,,33.4690,72.1182,Pakistan,PK,PAK,Punjab,Punjab,PK-PB,province,,175.1,,,4,Asia/Karachi,TRUE,1586202340
Chak Sada,Chak Sada,Sāda Chak|Chak Sadah,32.5625,74.1363,Pakistan,PK,PAK,Punjab,Punjab,PK-PB,province,,1352.5,,,3,Asia/Karachi,FALSE,1586268158
Chak Sāda,Chak Sada,,32.0806,72.8389,Pakistan,PK,PAK,Punjab,Punjab,PK-PB,province,,1292.3,,,3,Asia/Karachi,TRUE,1586035204
Chak Sada,Chak Sada,,32.2447,74.0483,Pakistan,PK,PAK,Punjab,Punjab,PK-PB,province,,951.1,,,3,Asia/Karachi,TRUE,1586170075
Ahmad Khān Baloch,Ahmad Khan Baloch,,24.6444,67.7375,Pakistan,PK,PAK,Sindh,Sindh,PK-SD,province,,139.8,,,4,Asia/Karachi,FALSE,1586678054
Jiggi Utli,Jiggi Utli,,34.4624,72.9281,Pakistan,PK,PAK,Khyber Pakhtunkhwa,Khyber Pakhtunkhwa,PK-KP,province,,698.0,,,3,Asia/Karachi,FALSE,1586440055
Basti Jam Doya,Basti Jam Doya,Basti Jāmwāli,28.5866,70.2687,Pakistan,PK,PAK,Punjab,Punjab,PK-PB,province,,808.3,,,3,Asia/Karachi,FALSE,1586560547
Harikun,Harikun,Hurikun,35.2181,76.1157,Pakistan,PK,PAK,Gilgit-Baltistan,Gilgit-Baltistan,PK-GB,Pakistan administered area,,29.2,,,4,Asia/Karachi,FALSE,1586379028
Jawaya Sahi,Jawaya Sahi,Garah Jawāya Sāhi,31.9573,70.7318,Pakistan,PK,PAK,Khyber Pakhtunkhwa,Khyber Pakhtunkhwa,PK-KP,province,,278.6,,,3,Asia/Karachi,FALSE,1586803759
Dhananwali,Dhananwali,Dhanwāli,32.5280,74.3756,Pakistan,PK,PAK,Punjab,Punjab,PK-PB,province,,2143.1,,,2,Asia/Karachi,FALSE,1586934236
Chak Zafar Nagar,Chak Zafar Nagar,Kuriana,31.3904,72.4354,Pakistan,PK,PAK,Punjab,Punjab,PK-PB,province,,491.7,,,3,Asia/Karachi,FALSE,1586219649
Sherbeg Shakh,Sherbeg Shakh,,35.9587,72.1476,Pakistan,PK,PAK,Khyber Pakhtunkhwa,Khyber Pakhtunkhwa,PK-KP,province,,59.8,,,4,Asia/Karachi,FALSE,1586712243
Bhudanewala,Bhudanewala,,31.4843,71.9582,Pakistan,PK,PAK,Punjab,Punjab,PK-PB,province,,82.8,,,4,Asia/Karachi,FALSE,1586266766
Duz,Duz,,24.8099,68.9596,Pakistan,PK,PAK,Sindh,Sindh,PK-SD,province,,285.2,,,3,Asia/Karachi,FALSE,1586017049
Baqadar Shah,Baqadar Shah,,24.7225,68.9246,Pakistan,PK,PAK,Sindh,Sindh,PK-SD,province,,284.7,,,3,Asia/Karachi,FALSE,1586007806
Koto Qalat Nasir,Koto Qalat Nasir,Qalāt-i Nasīr|Qalat Nasir,34.1729,71.8736,Pakistan,PK,PAK,Khyber Pakhtunkhwa,Khyber Pakhtunkhwa,PK-KP,province,,2218.3,,,2,Asia/Karachi,FALSE,1586601787
Ali Bakhsh Panahar,Ali Bakhsh Panahar,Jāgirāni,28.0854,68.7413,Pakistan,PK,PAK,Sindh,Sindh,PK-SD,province,,478.5,,,3,Asia/Karachi,FALSE,1586473548
Bhaghsar,Bhaghsar,,29.9419,72.9716,Pakistan,PK,PAK,Punjab,Punjab,PK-PB,province,,525.1,,,3,Asia/Karachi,FALSE,1586031409
Khan Solangi,Khan Solangi,,26.9015,68.1600,Pakistan,PK,PAK,Sindh,Sindh,PK-SD,province,,661.4,,,3,Asia/Karachi,FALSE,1586024475
Purana Nasirabad,Purana Nasirabad,,30.1659,68.5756,Pakistan,PK,PAK,Balochistan,Balochistan,PK-BA,province,,34.1,,,4,Asia/Karachi,FALSE,1586609756
Abdul Buqi Kior,Abdul Buqi Kior,,30.8262,68.7715,Pakistan,PK,PAK,Balochistan,Balochistan,PK-BA,province,,14.7,,,4,Asia/Karachi,FALSE,1586183249
Bigewāla,Bigewala,,30.6722,71.3167,Pakistan,PK,PAK,Punjab,Punjab,PK-PB,province,,443.3,,,3,Asia/Karachi,FALSE,1586480446
Hajaba Kalle,Hajaba Kalle,,34.4733,71.8624,Pakistan,PK,PAK,Khyber Pakhtunkhwa,Khyber Pakhtunkhwa,PK-KP,province,,1274.5,,,3,Asia/Karachi,FALSE,1586020721
Bāgewāla,Bagewala,,30.1587,70.6618,Pakistan,PK,PAK,Punjab,Punjab,PK-PB,province,,561.0,,,3,Asia/Karachi,FALSE,1586900112
Basti Mullana,Basti Mullana,Basti Malāna|Basti Mulana,29.8658,70.6407,Pakistan,PK,PAK,Punjab,Punjab,PK-PB,province,,561.0,,,3,Asia/Karachi,FALSE,1586520936
Chak Three Hundred Sixty-two,Chak Three Hundred Sixty-two,Koriān|Chak Number Three Hundred Sixty-Two,31.2094,72.7139,Pakistan,PK,PAK,Punjab,Punjab,PK-PB,province,,1236.2,,,3,Asia/Karachi,FALSE,1586977157
Siarin,Siarin,,32.7627,71.7037,Pakistan,PK,PAK,Punjab,Punjab,PK-PB,province,,317.6,,,3,Asia/Karachi,FALSE,1586237290
Nawe Kaller,Nawe Kaller,,34.4487,71.8375,Pakistan,PK,PAK,Khyber Pakhtunkhwa,Khyber Pakhtunkhwa,PK-KP,province,,1274.5,,,3,Asia/Karachi,FALSE,1586011189
Goth Mian Jo Kot,Goth Mian Jo Kot,,26.6631,68.3526,Pakistan,PK,PAK,Sindh,Sindh,PK-SD,province,,244.7,,,3,Asia/Karachi,FALSE,1586622627
Dhingwali,Dhingwali,,32.0714,74.3325,Pakistan,PK,PAK,Punjab,Punjab,PK-PB,province,,1037.7,,,3,Asia/Karachi,FALSE,1586805662
Mir Jat,Mir Jat,,28.5805,67.4459,Pakistan,PK,PAK,Balochistan,Balochistan,PK-BA,province,,28.9,,,4,Asia/Karachi,FALSE,1586806173
Sarangar,Sarangar,,35.1050,73.0415,Pakistan,PK,PAK,Khyber Pakhtunkhwa,Khyber Pakhtunkhwa,PK-KP,province,,293.6,,,3,Asia/Karachi,FALSE,1586193775
Jhakharwala,Jhakharwala,Jhakkarwāla,30.7187,71.0058,Pakistan,PK,PAK,Punjab,Punjab,PK-PB,province,,515.4,,,3,Asia/Karachi,FALSE,1586019013
Mangal Khan Kandran,Mangal Khan Kandran,,28.3159,68.7073,Pakistan,PK,PAK,Sindh,Sindh,PK-SD,province,,447.5,,,3,Asia/Karachi,FALSE,1586543034
Nazir ka Dera,Nazir ka Dera,Muhājirānwāla,32.4766,73.4704,Pakistan,PK,PAK,Punjab,Punjab,PK-PB,province,,959.2,,,3,Asia/Karachi,FALSE,1586902947
Goth Sheru Rind,Goth Sheru Rind,,25.8012,68.6771,Pakistan,PK,PAK,Sindh,Sindh,PK-SD,province,,945.6,,,3,Asia/Karachi,FALSE,1586000671
Feraoz Kalle,Feraoz Kalle,Fīroz Kili,34.1961,71.5102,Pakistan,PK,PAK,Khyber Pakhtunkhwa,Khyber Pakhtunkhwa,PK-KP,province,,2218.3,,,2,Asia/Karachi,FALSE,1586001888
Jam Uiner,Jam Uiner,,28.5976,70.2244,Pakistan,PK,PAK,Punjab,Punjab,PK-PB,province,,808.3,,,3,Asia/Karachi,FALSE,1586024786
Chāndu,Chandu,,30.4037,70.9900,Pakistan,PK,PAK,Punjab,Punjab,PK-PB,province,,443.3,,,3,Asia/Karachi,FALSE,1586286851
Chandu,Chandu,Chandoo,32.7814,73.1279,Pakistan,PK,PAK,Punjab,Punjab,PK-PB,province,,393.2,,,3,Asia/Karachi,TRUE,1586720161
Goth Laung Pull,Goth Laung Pull,Wāli Shāh|Goth Wali Shāh,24.7889,68.1608,Pakistan,PK,PAK,Sindh,Sindh,PK-SD,province,,350.3,,,3,Asia/Karachi,FALSE,1586151799
Basti Ghulam Nabi Langah,Basti Ghulam Nabi Langah,,29.1657,70.3892,Pakistan,PK,PAK,Punjab,Punjab,PK-PB,province,,249.7,,,3,Asia/Karachi,FALSE,1586015010
Goth Kamal Ud Din Narija,Goth Kamal Ud Din Narija,,26.0467,69.0029,Pakistan,PK,PAK,Sindh,Sindh,PK-SD,province,,202.6,,,3,Asia/Karachi,FALSE,1586022517
Kili Umarabad,Kili Umarabad,,30.1305,66.3880,Pakistan,PK,PAK,Balochistan,Balochistan,PK-BA,province,,352.9,,,3,Asia/Karachi,FALSE,1586006549
Goth Nawaz Bhutto,Goth Nawaz Bhutto,,27.2371,68.3526,Pakistan,PK,PAK,Sindh,Sindh,PK-SD,province,,581.2,,,3,Asia/Karachi,FALSE,1586001773
Sarara,Sarara,,34.0867,73.0937,Pakistan,PK,PAK,Khyber Pakhtunkhwa,Khyber Pakhtunkhwa,PK-KP,province,,928.1,,,3,Asia/Karachi,FALSE,1586864029
Kwerai,Kwerai,,34.8779,71.7720,Pakistan,PK,PAK,Khyber Pakhtunkhwa,Khyber Pakhtunkhwa,PK-KP,province,,835.0,,,3,Asia/Karachi,FALSE,1586430568
Basti Wālwatwāli,Basti Walwatwali,,28.6764,70.6500,Pakistan,PK,PAK,Punjab,Punjab,PK-PB,province,,695.7,,,3,Asia/Karachi,FALSE,1586236043
Goth Ali Shah,Goth Ali Shah,Sabbab Ali Shāh,25.5290,68.4757,Pakistan,PK,PAK,Sindh,Sindh,PK-SD,province,,598.4,,,3,Asia/Karachi,FALSE,1586381298
Goth Ali Shah,Goth Ali Shah,Goth Ismail Khaskhail,25.0796,68.5910,Pakistan,PK,PAK,Sindh,Sindh,PK-SD,province,,445.3,,,3,Asia/Karachi,TRUE,1586738991
Goth Ali Shah,Goth Ali Shah,,27.9452,68.2477,Pakistan,PK,PAK,Sindh,Sindh,PK-SD,province,,277.7,,,3,Asia/Karachi,TRUE,1586001106
Qubba Yagan,Qubba Yagan,,25.8814,68.6344,Pakistan,PK,PAK,Sindh,Sindh,PK-SD,province,,638.4,,,3,Asia/Karachi,FALSE,1586402275
Alik Ghund,Alik Ghund,,30.4898,67.5218,Pakistan,PK,PAK,Balochistan,Balochistan,PK-BA,province,,29.5,,,4,Asia/Karachi,FALSE,1586003484
Wan Wattoiar,Wan Wattoiar,,31.2269,73.6345,Pakistan,PK,PAK,Punjab,Punjab,PK-PB,province,,730.8,,,3,Asia/Karachi,FALSE,1586030838
Goth Jafar,Goth Jafar,,25.9314,66.4003,Pakistan,PK,PAK,Balochistan,Balochistan,PK-BA,province,,23.0,,,4,Asia/Karachi,FALSE,1586881854
Anwar Sharif,Anwar Sharif,Ranwār,34.2899,73.5291,Pakistan,PK,PAK,Azad Kashmir,Azad Kashmir,PK-JK,Pakistan administered area,,399.7,,,3,Asia/Karachi,FALSE,1586914467
Kot Khaira,Kot Khaira,,31.1876,72.2480,Pakistan,PK,PAK,Punjab,Punjab,PK-PB,province,,491.7,,,3,Asia/Karachi,FALSE,1586698599
Goth Saifullah Khan Lund,Goth Saifullah Khan Lund,,27.9036,69.5357,Pakistan,PK,PAK,Sindh,Sindh,PK-SD,province,,284.3,,,3,Asia/Karachi,FALSE,1586275448
Chak Five Hundred Seventy-seven Eastern Bank,Chak Five Hundred Seventy-seven Eastern Bank,Chak Five Hundred Seventy-seven-Seven L,30.0235,72.4732,Pakistan,PK,PAK,Punjab,Punjab,PK-PB,province,,811.6,,,3,Asia/Karachi,FALSE,1586051051
Shakru Sabzai,Shakru Sabzai,,28.1962,69.2527,Pakistan,PK,PAK,Sindh,Sindh,PK-SD,province,,453.0,,,3,Asia/Karachi,FALSE,1586339392
Ratwala,Ratwala,,30.8467,70.6639,Pakistan,PK,PAK,Punjab,Punjab,PK-PB,province,,239.9,,,3,Asia/Karachi,FALSE,1586159474
Chak Three Hundred Two Gugera Branch,Chak Three Hundred Two Gugera Branch,Chak Three Hundred Two GB|Bhatti Chak,30.9194,72.4058,Pakistan,PK,PAK,Punjab,Punjab,PK-PB,province,,840.9,,,3,Asia/Karachi,FALSE,1586277335
Basti Haji Muhammad Khan Awan,Basti Haji Muhammad Khan Awan,Goth Āwān|Gulabi,28.4447,69.9741,Pakistan,PK,PAK,Punjab,Punjab,PK-PB,province,,670.9,,,3,Asia/Karachi,FALSE,1586754364
Chak One Hundred Five Rakh Branch,Chak One Hundred Five Rakh Branch,Gabiānwāla,31.4134,73.3343,Pakistan,PK,PAK,Punjab,Punjab,PK-PB,province,,1059.1,,,3,Asia/Karachi,FALSE,1586015540
Mohripur,Mohripur,Mohriwāla,30.5163,71.8817,Pakistan,PK,PAK,Punjab,Punjab,PK-PB,province,,698.3,,,3,Asia/Karachi,FALSE,1586304718
Khund,Khund,,30.4057,70.1702,Pakistan,PK,PAK,Punjab,Punjab,PK-PB,province,,39.5,,,4,Asia/Karachi,FALSE,1586408528
Kotla Nawāb,Kotla Nawab,,28.9500,70.8167,Pakistan,PK,PAK,Punjab,Punjab,PK-PB,province,,174.7,,,4,Asia/Karachi,FALSE,1586164070
Khu Sadiawala,Khu Sadiawala,,29.7614,71.7117,Pakistan,PK,PAK,Punjab,Punjab,PK-PB,province,,728.9,,,3,Asia/Karachi,FALSE,1586002493
Batianwala,Batianwala,,30.4867,71.8775,Pakistan,PK,PAK,Punjab,Punjab,PK-PB,province,,698.3,,,3,Asia/Karachi,FALSE,1586479413
Batianwala,Batianwala,,30.9250,72.2380,Pakistan,PK,PAK,Punjab,Punjab,PK-PB,province,,552.4,,,3,Asia/Karachi,TRUE,1586027349
Goth Altaf Elahi,Goth Altaf Elahi,,24.5194,69.1098,Pakistan,PK,PAK,Sindh,Sindh,PK-SD,province,,284.7,,,3,Asia/Karachi,FALSE,1586448318
Danial,Danial,,35.5991,73.7065,Pakistan,PK,PAK,Gilgit-Baltistan,Gilgit-Baltistan,PK-GB,Pakistan administered area,,32.6,,,4,Asia/Karachi,FALSE,1586702463
Bhini Arainwali,Bhini Arainwali,,29.7056,70.7311,Pakistan,PK,PAK,Punjab,Punjab,PK-PB,province,,690.4,,,3,Asia/Karachi,FALSE,1586016153
Goth Wali Dino Khoso,Goth Wali Dino Khoso,,27.6791,67.8811,Pakistan,PK,PAK,Sindh,Sindh,PK-SD,province,,385.1,,,3,Asia/Karachi,FALSE,1586020350
Mahammadipur,Mahammadipur,Muhammadipur,31.0179,74.0429,Pakistan,PK,PAK,Punjab,Punjab,PK-PB,province,,861.9,,,3,Asia/Karachi,FALSE,1586688196
Zargobund,Zargobund,,30.0771,70.0497,Pakistan,PK,PAK,Punjab,Punjab,PK-PB,province,,39.5,,,4,Asia/Karachi,FALSE,1586961696
Mahrian,Mahrian,Maryan|Māhryān,33.5196,74.0109,Pakistan,PK,PAK,Azad Kashmir,Azad Kashmir,PK-JK,Pakistan administered area,,564.9,,,3,Asia/Karachi,FALSE,1586777967
Chak Kalliar,Chak Kalliar,Jawāya Kall Wattuān|Jawāyākali Wattuān,30.5066,73.4702,Pakistan,PK,PAK,Punjab,Punjab,PK-PB,province,,776.9,,,3,Asia/Karachi,FALSE,1586293616
Abdul Aziz Khan,Abdul Aziz Khan,,28.3059,69.1097,Pakistan,PK,PAK,Sindh,Sindh,PK-SD,province,,453.0,,,3,Asia/Karachi,FALSE,1586672703
Kiri Kaptan,Kiri Kaptan,Amīr Khān,32.9648,71.7110,Pakistan,PK,PAK,Punjab,Punjab,PK-PB,province,,317.6,,,3,Asia/Karachi,FALSE,1586023135
Qila Bawre,Qila Bawre,Bāwre|Hakīm Haidar Alī,31.8162,74.0621,Pakistan,PK,PAK,Punjab,Punjab,PK-PB,province,,1444.5,,,3,Asia/Karachi,FALSE,1586072706
Yousuf Unar,Yousuf Unar,,26.1544,68.2159,Pakistan,PK,PAK,Sindh,Sindh,PK-SD,province,,518.8,,,3,Asia/Karachi,FALSE,1586461858
Haji Ranjha Lashari,Haji Ranjha Lashari,Hāji Rānjho Lashāri,26.7040,68.2197,Pakistan,PK,PAK,Sindh,Sindh,PK-SD,province,,576.8,,,3,Asia/Karachi,FALSE,1586777894
Khadan Khak,Khadan Khak,Khadar Khāk,30.7524,67.7113,Pakistan,PK,PAK,Balochistan,Balochistan,PK-BA,province,,32.0,,,4,Asia/Karachi,FALSE,1586963604
Mahmudpur,Mahmudpur,,32.1175,74.5833,Pakistan,PK,PAK,Punjab,Punjab,PK-PB,province,,1053.6,,,3,Asia/Karachi,FALSE,1586852454
Mahmudpur,Mahmudpur,,32.3243,74.8568,Pakistan,PK,PAK,Punjab,Punjab,PK-PB,province,,1022.4,,,3,Asia/Karachi,TRUE,1586866032
Mahmudpur,Mahmudpur,Muhammadpur Jāgīr,30.3341,73.3602,Pakistan,PK,PAK,Punjab,Punjab,PK-PB,province,,776.9,,,3,Asia/Karachi,TRUE,1586684427
Mahmudpur,Mahmudpur,,32.1305,73.3675,Pakistan,PK,PAK,Punjab,Punjab,PK-PB,province,,514.6,,,3,Asia/Karachi,TRUE,1586413915
Molvi Nur Muhammad Rodnani,Molvi Nur Muhammad Rodnani,,26.5869,67.5486,Pakistan,PK,PAK,Sindh,Sindh,PK-SD,province,,102.7,,,4,Asia/Karachi,FALSE,1586020375
Agra Khu,Agra Khu,,31.1563,73.4066,Pakistan,PK,PAK,Punjab,Punjab,PK-PB,province,,1059.1,,,3,Asia/Karachi,FALSE,1586758128
Abdul Razzaq Dahri,Abdul Razzaq Dahri,Adbul Razzaa Dāhri,26.4805,68.1728,Pakistan,PK,PAK,Sindh,Sindh,PK-SD,province,,386.7,,,3,Asia/Karachi,FALSE,1586328827
Targhai Banda,Targhai Banda,,33.2130,70.9426,Pakistan,PK,PAK,Khyber Pakhtunkhwa,Khyber Pakhtunkhwa,PK-KP,province,,172.2,,,4,Asia/Karachi,FALSE,1586026254
Goth Chaudhrio,Goth Chaudhrio,Chāudhro,25.0811,68.4474,Pakistan,PK,PAK,Sindh,Sindh,PK-SD,province,,442.1,,,3,Asia/Karachi,FALSE,1586435724
Mansewala,Mansewala,Mansarwala|Mansānwāla,29.7601,71.2325,Pakistan,PK,PAK,Punjab,Punjab,PK-PB,province,,889.5,,,3,Asia/Karachi,FALSE,1586383888
Salk Mills,Salk Mills,,31.0433,67.8253,Pakistan,PK,PAK,Balochistan,Balochistan,PK-BA,province,,32.0,,,4,Asia/Karachi,FALSE,1586485414
Chak Quraishan,Chak Quraishan,,32.2086,75.2395,Pakistan,PK,PAK,Punjab,Punjab,PK-PB,province,,882.1,,,3,Asia/Karachi,FALSE,1586328174
Dhok Sagal,Dhok Sagal,,33.4050,73.4936,Pakistan,PK,PAK,Punjab,Punjab,PK-PB,province,,501.9,,,3,Asia/Karachi,FALSE,1586004163
Aba Kand,Aba Kand,Abākanr,35.1422,71.8557,Pakistan,PK,PAK,Khyber Pakhtunkhwa,Khyber Pakhtunkhwa,PK-KP,province,,205.8,,,3,Asia/Karachi,FALSE,1586167242
Amin ji Dhan,Amin ji Dhan,,25.2748,70.0719,Pakistan,PK,PAK,Sindh,Sindh,PK-SD,province,,141.2,,,4,Asia/Karachi,FALSE,1586313215
Husain Shah,Husain Shah,,32.1686,72.3968,Pakistan,PK,PAK,Punjab,Punjab,PK-PB,province,,599.4,,,3,Asia/Karachi,FALSE,1586915548
Kili Alizai,Kili Alizai,,28.3853,66.1959,Pakistan,PK,PAK,Balochistan,Balochistan,PK-BA,province,,32.2,,,4,Asia/Karachi,FALSE,1586828877
Kili Alizai,Kili Alizai,,30.2039,67.6940,Pakistan,PK,PAK,Balochistan,Balochistan,PK-BA,province,,31.9,,,4,Asia/Karachi,TRUE,1586199466
Kili Alizai,Kili Alizai,,28.7720,66.3879,Pakistan,PK,PAK,Balochistan,Balochistan,PK-BA,province,,18.5,,,4,Asia/Karachi,TRUE,1586931613
Sim Tar,Sim Tar,,26.9410,69.0030,Pakistan,PK,PAK,Sindh,Sindh,PK-SD,province,,13.2,,,4,Asia/Karachi,FALSE,1586209495
Dhok Allahdad,Dhok Allahdad,,32.7711,72.6967,Pakistan,PK,PAK,Punjab,Punjab,PK-PB,province,,344.6,,,3,Asia/Karachi,FALSE,1586916144
Abrahu,Abrahu,,26.7668,68.1722,Pakistan,PK,PAK,Sindh,Sindh,PK-SD,province,,576.8,,,3,Asia/Karachi,FALSE,1586838308
Goth Imam Bakhsh Mahar,Goth Imam Bakhsh Mahar,,27.5518,69.2991,Pakistan,PK,PAK,Sindh,Sindh,PK-SD,province,,36.1,,,4,Asia/Karachi,FALSE,1586333441
Nai Basti Razi Snamne,Nai Basti Razi Snamne,,30.6695,72.8674,Pakistan,PK,PAK,Punjab,Punjab,PK-PB,province,,1102.1,,,3,Asia/Karachi,FALSE,1586013869
Dhemunwala Khurd,Dhemunwala Khurd,,31.3036,73.6409,Pakistan,PK,PAK,Punjab,Punjab,PK-PB,province,,1059.1,,,3,Asia/Karachi,FALSE,1586030382
Gasht,Gasht,,35.2736,74.3156,Pakistan,PK,PAK,Gilgit-Baltistan,Gilgit-Baltistan,PK-GB,Pakistan administered area,,20.0,,,4,Asia/Karachi,FALSE,1586854035
Maula Bakhsh Bazar,Maula Bakhsh Bazar,,26.1481,64.4504,Pakistan,PK,PAK,Balochistan,Balochistan,PK-BA,province,,23.1,,,4,Asia/Karachi,FALSE,1586682407
Maula Bakhsh Bazar,Maula Bakhsh Bazar,,26.9775,64.9328,Pakistan,PK,PAK,Balochistan,Balochistan,PK-BA,province,,17.4,,,4,Asia/Karachi,TRUE,1586075636
Maula Bakhsh Bazar,Maula Bakhsh Bazar,,26.1795,64.8012,Pakistan,PK,PAK,Balochistan,Balochistan,PK-BA,province,,6.0,,,5,Asia/Karachi,TRUE,1586693149
Hussain Banda,Hussain Banda,Husain Bānda,34.4943,73.0272,Pakistan,PK,PAK,Khyber Pakhtunkhwa,Khyber Pakhtunkhwa,PK-KP,province,,698.0,,,3,Asia/Karachi,FALSE,1586862543
Chhota Das,Chhota Das,,34.6486,75.5613,Pakistan,PK,PAK,Gilgit-Baltistan,Gilgit-Baltistan,PK-GB,Pakistan administered area,,22.0,,,4,Asia/Karachi,FALSE,1586018450
Marigala,Marigala,,33.3862,73.5058,Pakistan,PK,PAK,Azad Kashmir,Azad Kashmir,PK-JK,Pakistan administered area,,501.9,,,3,Asia/Karachi,FALSE,1586649114
Basti Lihak,Basti Lihak,,29.1431,71.3650,Pakistan,PK,PAK,Punjab,Punjab,PK-PB,province,,793.9,,,3,Asia/Karachi,FALSE,1586264686
Piru Shah,Piru Shah,,26.9244,68.0342,Pakistan,PK,PAK,Sindh,Sindh,PK-SD,province,,661.4,,,3,Asia/Karachi,FALSE,1586378665
Chak Seventeen -Fourteen Left,Chak Seventeen -Fourteen Left,Makuāni,30.4235,72.5039,Pakistan,PK,PAK,Punjab,Punjab,PK-PB,province,,858.4,,,3,Asia/Karachi,FALSE,1586720010
Baran Mullazai,Baran Mullazai,,31.4178,67.6385,Pakistan,PK,PAK,Balochistan,Balochistan,PK-BA,province,,14.7,,,4,Asia/Karachi,FALSE,1586653829
Yusuf Dars,Yusuf Dars,,24.7345,68.0838,Pakistan,PK,PAK,Sindh,Sindh,PK-SD,province,,297.5,,,3,Asia/Karachi,FALSE,1586107217
Yusuf Dars,Yusuf Dars,,24.5756,68.2505,Pakistan,PK,PAK,Sindh,Sindh,PK-SD,province,,66.8,,,4,Asia/Karachi,TRUE,1586024226
Goth Haji Hamal Khan Shar Baloch,Goth Haji Hamal Khan Shar Baloch,,27.9860,68.6268,Pakistan,PK,PAK,Sindh,Sindh,PK-SD,province,,785.4,,,3,Asia/Karachi,FALSE,1586273822
Goth Muhammad Tufail Arain,Goth Muhammad Tufail Arain,,26.7933,68.4541,Pakistan,PK,PAK,Sindh,Sindh,PK-SD,province,,244.7,,,3,Asia/Karachi,FALSE,1586600835
Chak Hakim,Chak Hakim,,32.5711,73.8829,Pakistan,PK,PAK,Punjab,Punjab,PK-PB,province,,1084.3,,,3,Asia/Karachi,FALSE,1586139955
Sumega,Sumega,,34.5204,73.2521,Pakistan,PK,PAK,Khyber Pakhtunkhwa,Khyber Pakhtunkhwa,PK-KP,province,,786.1,,,3,Asia/Karachi,FALSE,1586367994
Goth Ahmad Gabwani,Goth Ahmad Gabwani,,24.2612,67.5526,Pakistan,PK,PAK,Sindh,Sindh,PK-SD,province,,165.3,,,4,Asia/Karachi,FALSE,1586402837
Naivela,Naivela,,31.6311,70.7836,Pakistan,PK,PAK,Khyber Pakhtunkhwa,Khyber Pakhtunkhwa,PK-KP,province,,278.6,,,3,Asia/Karachi,FALSE,1586708063
Saidu,Saidu,,30.9379,70.9287,Pakistan,PK,PAK,Punjab,Punjab,PK-PB,province,,515.4,,,3,Asia/Karachi,FALSE,1586580681
Golai,Golai,,25.7098,66.6093,Pakistan,PK,PAK,Balochistan,Balochistan,PK-BA,province,,23.0,,,4,Asia/Karachi,FALSE,1586785239
Din Muhammad Laghari,Din Muhammad Laghari,,27.0555,67.6202,Pakistan,PK,PAK,Sindh,Sindh,PK-SD,province,,166.6,,,4,Asia/Karachi,FALSE,1586530465
Adamji Goth,Adamji Goth,,27.7648,68.5069,Pakistan,PK,PAK,Sindh,Sindh,PK-SD,province,,406.9,,,3,Asia/Karachi,FALSE,1586969042
Goth Kanar,Goth Kanar,,26.4596,66.3582,Pakistan,PK,PAK,Balochistan,Balochistan,PK-BA,province,,23.0,,,4,Asia/Karachi,FALSE,1586099959
Malik Ata Khan Kili,Malik Ata Khan Kili,Malik Ala Khān Kili,30.5631,66.5417,Pakistan,PK,PAK,Balochistan,Balochistan,PK-BA,province,,86.9,,,4,Asia/Karachi,FALSE,1586900902
Gilai,Gilai,Gillai,34.8255,71.3428,Pakistan,PK,PAK,Khyber Pakhtunkhwa,Khyber Pakhtunkhwa,PK-KP,province,,1007.7,,,3,Asia/Karachi,FALSE,1586310465
Hussain di Bhaini,Hussain di Bhaini,,30.5520,74.0551,Pakistan,PK,PAK,Punjab,Punjab,PK-PB,province,,694.1,,,3,Asia/Karachi,FALSE,1586010944
Basti Nari Khakhaian,Basti Nari Khakhaian,Māriwāla,31.7577,72.3096,Pakistan,PK,PAK,Punjab,Punjab,PK-PB,province,,534.1,,,3,Asia/Karachi,FALSE,1586041685
Jando,Jando,,32.4152,74.4912,Pakistan,PK,PAK,Punjab,Punjab,PK-PB,province,,1433.7,,,3,Asia/Karachi,FALSE,1586323583
Balu Khel,Balu Khel,,32.4536,70.4830,Pakistan,PK,PAK,Khyber Pakhtunkhwa,Khyber Pakhtunkhwa,PK-KP,province,,262.0,,,3,Asia/Karachi,FALSE,1586315651
Kumb,Kumb,,27.5116,68.0973,Pakistan,PK,PAK,Sindh,Sindh,PK-SD,province,,1516.8,,,3,Asia/Karachi,FALSE,1586239155
Kumb,Kumb,,27.3001,68.6140,Pakistan,PK,PAK,Sindh,Sindh,PK-SD,province,,752.5,,,3,Asia/Karachi,TRUE,1586004406
Kotera,Kotera,Katera,32.6401,74.5152,Pakistan,PK,PAK,Punjab,Punjab,PK-PB,province,,2143.1,,,2,Asia/Karachi,FALSE,1586313449
Ali Jan Lund,Ali Jan Lund,Lund Mugheri,28.0363,68.0124,Pakistan,PK,PAK,Sindh,Sindh,PK-SD,province,,277.7,,,3,Asia/Karachi,FALSE,1586453671
Bhalaisar,Bhalaisar,Bhalāisah,32.6755,74.0774,Pakistan,PK,PAK,Punjab,Punjab,PK-PB,province,,1352.5,,,3,Asia/Karachi,FALSE,1586733854
Dhuleri,Dhuleri,,27.5511,65.7081,Pakistan,PK,PAK,Balochistan,Balochistan,PK-BA,province,,4.4,,,5,Asia/Karachi,FALSE,1586245764
Goth Janan Chachar,Goth Janan Chachar,Jānan Chāchar,28.0981,69.3661,Pakistan,PK,PAK,Sindh,Sindh,PK-SD,province,,587.7,,,3,Asia/Karachi,FALSE,1586239108
Chah Jhakar,Chah Jhakar,Chak Jhakkar,29.8127,71.4633,Pakistan,PK,PAK,Punjab,Punjab,PK-PB,province,,868.3,,,3,Asia/Karachi,FALSE,1586005647
Samroh Kachi,Samroh Kachi,,24.5783,68.3739,Pakistan,PK,PAK,Sindh,Sindh,PK-SD,province,,66.8,,,4,Asia/Karachi,FALSE,1586629275
Goth Hamza,Goth Hamza,Lahri Brāhul,28.0759,68.3564,Pakistan,PK,PAK,Sindh,Sindh,PK-SD,province,,785.4,,,3,Asia/Karachi,FALSE,1586936730
Goth Hamza,Goth Hamza,Goth Dodo,25.4673,67.2821,Pakistan,PK,PAK,Sindh,Sindh,PK-SD,province,,720.7,,,3,Asia/Karachi,TRUE,1586009023
Gochharwali,Gochharwali,,32.7315,72.2095,Pakistan,PK,PAK,Punjab,Punjab,PK-PB,province,,209.5,,,3,Asia/Karachi,FALSE,1586892151
Muhammad Akbar,Muhammad Akbar,Mohammad Akbar,32.3433,70.5423,Pakistan,PK,PAK,Khyber Pakhtunkhwa,Khyber Pakhtunkhwa,PK-KP,province,,262.0,,,3,Asia/Karachi,FALSE,1586202215
Kili Andul Aziz Burhanzai,Kili Andul Aziz Burhanzai,,28.9595,63.7482,Pakistan,PK,PAK,Balochistan,Balochistan,PK-BA,province,,5.4,,,5,Asia/Karachi,FALSE,1586540407
Wan Bedianwala,Wan Bedianwala,Gurūwāla,30.6064,73.8849,Pakistan,PK,PAK,Punjab,Punjab,PK-PB,province,,694.1,,,3,Asia/Karachi,FALSE,1586028956
Mahiya Muradwala,Mahiya Muradwala,,31.0203,71.9182,Pakistan,PK,PAK,Punjab,Punjab,PK-PB,province,,491.7,,,3,Asia/Karachi,FALSE,1586016971
Mula Grong,Mula Grong,,35.2513,76.2026,Pakistan,PK,PAK,Gilgit-Baltistan,Gilgit-Baltistan,PK-GB,Pakistan administered area,,29.2,,,4,Asia/Karachi,FALSE,1586717230
Goth Allahno Arnan,Goth Allahno Arnan,,24.4542,68.7664,Pakistan,PK,PAK,Sindh,Sindh,PK-SD,province,,284.7,,,3,Asia/Karachi,FALSE,1586005078
Pinu Baloch,Pinu Baloch,,24.1282,67.5139,Pakistan,PK,PAK,Sindh,Sindh,PK-SD,province,,77.5,,,4,Asia/Karachi,FALSE,1586061273
Chah Qasim,Chah Qasim,,30.5408,71.2754,Pakistan,PK,PAK,Punjab,Punjab,PK-PB,province,,443.3,,,3,Asia/Karachi,FALSE,1586681174
Ghowak,Ghowak,,32.5886,69.8008,Pakistan,PK,PAK,Khyber Pakhtunkhwa,Khyber Pakhtunkhwa,PK-KP,province,,284.7,,,3,Asia/Karachi,FALSE,1586002024
Belai,Belai,,34.5104,73.2196,Pakistan,PK,PAK,Khyber Pakhtunkhwa,Khyber Pakhtunkhwa,PK-KP,province,,786.1,,,3,Asia/Karachi,FALSE,1586003504
Belai,Belai,,35.6555,72.9130,Pakistan,PK,PAK,Khyber Pakhtunkhwa,Khyber Pakhtunkhwa,PK-KP,province,,61.0,,,4,Asia/Karachi,TRUE,1586619212
Shamsherwala Khu,Shamsherwala Khu,,30.7614,72.7364,Pakistan,PK,PAK,Punjab,Punjab,PK-PB,province,,695.3,,,3,Asia/Karachi,FALSE,1586026657
Hamaish Gul Koruna,Hamaish Gul Koruna,Mīrdil Khān Korūna|Hāji Muhammad Saeed Kalle,34.2752,71.7250,Pakistan,PK,PAK,Khyber Pakhtunkhwa,Khyber Pakhtunkhwa,PK-KP,province,,1364.6,,,3,Asia/Karachi,FALSE,1586365686
Lidi,Lidi,Ledi,34.5849,73.3137,Pakistan,PK,PAK,Khyber Pakhtunkhwa,Khyber Pakhtunkhwa,PK-KP,province,,164.1,,,4,Asia/Karachi,FALSE,1586871428
Lidi,Lidi,,34.9599,73.6775,Pakistan,PK,PAK,Khyber Pakhtunkhwa,Khyber Pakhtunkhwa,PK-KP,province,,164.1,,,4,Asia/Karachi,TRUE,1586245865
Bumb Darra,Bumb Darra,Bamdara,34.6415,71.4278,Pakistan,PK,PAK,Khyber Pakhtunkhwa,Khyber Pakhtunkhwa,PK-KP,province,,158.2,,,4,Asia/Karachi,FALSE,1586226067
Bhaguwal,Bhaguwal,Bhagowāla,32.5949,73.3323,Pakistan,PK,PAK,Punjab,Punjab,PK-PB,province,,680.0,,,3,Asia/Karachi,FALSE,1586475896
Bhaguwal,Bhaguwal,Bhagwāl,32.9537,73.2806,Pakistan,PK,PAK,Punjab,Punjab,PK-PB,province,,231.5,,,3,Asia/Karachi,TRUE,1586588406
Basti Ahmed Malik,Basti Ahmed Malik,Ahmad Kosh,28.3838,69.8339,Pakistan,PK,PAK,Punjab,Punjab,PK-PB,province,,670.9,,,3,Asia/Karachi,FALSE,1586935405
Goth Chhutto Chang,Goth Chhutto Chang,,25.9394,69.0087,Pakistan,PK,PAK,Sindh,Sindh,PK-SD,province,,202.6,,,3,Asia/Karachi,FALSE,1586022968
Mandhar,Mandhar,Mundhār,34.3855,73.3036,Pakistan,PK,PAK,Khyber Pakhtunkhwa,Khyber Pakhtunkhwa,PK-KP,province,,786.1,,,3,Asia/Karachi,FALSE,1586061865
Chamrowali,Chamrowali,Chamronewāla|Chimruwāla,29.8945,71.0816,Pakistan,PK,PAK,Punjab,Punjab,PK-PB,province,,767.3,,,3,Asia/Karachi,FALSE,1586000167
Kili Haji,Kili Haji,,29.2221,65.7573,Pakistan,PK,PAK,Balochistan,Balochistan,PK-BA,province,,22.5,,,4,Asia/Karachi,FALSE,1586721366
Kili Haji,Kili Haji,,31.3471,68.8928,Pakistan,PK,PAK,Balochistan,Balochistan,PK-BA,province,,7.2,,,5,Asia/Karachi,TRUE,1586787028
Dagai Mukarram Khan,Dagai Mukarram Khan,,34.2367,71.6713,Pakistan,PK,PAK,Khyber Pakhtunkhwa,Khyber Pakhtunkhwa,PK-KP,province,,2218.3,,,2,Asia/Karachi,FALSE,1586944358
Goth Dalo Kolhi,Goth Dalo Kolhi,,25.5251,69.2824,Pakistan,PK,PAK,Sindh,Sindh,PK-SD,province,,266.1,,,3,Asia/Karachi,FALSE,1586134046
Goth Ahmedabad,Goth Ahmedabad,Goth Ahmadābād|Ahmadābād,24.7311,67.6892,Pakistan,PK,PAK,Sindh,Sindh,PK-SD,province,,139.8,,,4,Asia/Karachi,FALSE,1586417779
Sheikhupura,Sheikhupura,,30.6378,72.0380,Pakistan,PK,PAK,Punjab,Punjab,PK-PB,province,,698.3,,,3,Asia/Karachi,FALSE,1586464170
Basti Mir Khan,Basti Mir Khan,,29.7216,70.4392,Pakistan,PK,PAK,Punjab,Punjab,PK-PB,province,,561.0,,,3,Asia/Karachi,FALSE,1586026108
Basti Mir Khan,Basti Mir Khan,,29.8504,72.6756,Pakistan,PK,PAK,Punjab,Punjab,PK-PB,province,,473.4,,,3,Asia/Karachi,TRUE,1586031007
Basti Mir Khan,Basti Mir Khan,Mīr Khān di Basti,29.4942,70.2531,Pakistan,PK,PAK,Punjab,Punjab,PK-PB,province,,379.7,,,3,Asia/Karachi,TRUE,1586599763
Basti Mir Khan,Basti Mir Khan,,29.5282,70.2174,Pakistan,PK,PAK,Punjab,Punjab,PK-PB,province,,379.7,,,3,Asia/Karachi,TRUE,1586025352
Ghazni,Ghazni,,30.8357,66.4871,Pakistan,PK,PAK,Balochistan,Balochistan,PK-BA,province,,90.0,,,4,Asia/Karachi,FALSE,1586351279
Dhirke Kalan,Dhirke Kalan,Dhirk|Dheerke,32.5131,74.0686,Pakistan,PK,PAK,Punjab,Punjab,PK-PB,province,,1352.5,,,3,Asia/Karachi,FALSE,1586756442
Giriwahin,Giriwahin,,29.9187,71.1243,Pakistan,PK,PAK,Punjab,Punjab,PK-PB,province,,767.3,,,3,Asia/Karachi,FALSE,1586006293
Khakharo,Khakharo,Khakāron,35.0270,72.9773,Pakistan,PK,PAK,Khyber Pakhtunkhwa,Khyber Pakhtunkhwa,PK-KP,province,,293.6,,,3,Asia/Karachi,FALSE,1586729675
Rehara Bazar,Rehara Bazar,,33.8359,73.6894,Pakistan,PK,PAK,Azad Kashmir,Azad Kashmir,PK-JK,Pakistan administered area,,734.6,,,3,Asia/Karachi,FALSE,1586094645
Chak Eighty-nine -Six Right,Chak Eighty-nine -Six Right,,30.6878,73.0685,Pakistan,PK,PAK,Punjab,Punjab,PK-PB,province,,1111.7,,,3,Asia/Karachi,FALSE,1586009270
Nur Hassan di Bhaini,Nur Hassan di Bhaini,,29.8468,73.3179,Pakistan,PK,PAK,Punjab,Punjab,PK-PB,province,,525.1,,,3,Asia/Karachi,FALSE,1586032521
Rogh Jenoli,Rogh Jenoli,Roghrenāli,35.9934,72.1211,Pakistan,PK,PAK,Khyber Pakhtunkhwa,Khyber Pakhtunkhwa,PK-KP,province,,59.8,,,4,Asia/Karachi,FALSE,1586322024
Mughalpura,Mughalpura,,33.3308,73.6792,Pakistan,PK,PAK,Azad Kashmir,Azad Kashmir,PK-JK,Pakistan administered area,,278.2,,,3,Asia/Karachi,FALSE,1586763623
Goth Raban,Goth Raban,Raban,27.8107,68.8035,Pakistan,PK,PAK,Sindh,Sindh,PK-SD,province,,817.0,,,3,Asia/Karachi,FALSE,1586956712
Nur Muhammad Baluch,Nur Muhammad Baluch,,27.3003,68.9817,Pakistan,PK,PAK,Sindh,Sindh,PK-SD,province,,36.1,,,4,Asia/Karachi,FALSE,1586032010
Nesha Kili,Nesha Kili,Nashpa|Nishpa,30.3036,67.9793,Pakistan,PK,PAK,Balochistan,Balochistan,PK-BA,province,,32.5,,,4,Asia/Karachi,FALSE,1586368452
Mian Saidwala,Mian Saidwala,,32.0917,71.3375,Pakistan,PK,PAK,Punjab,Punjab,PK-PB,province,,225.2,,,3,Asia/Karachi,FALSE,1586984650
Shabere,Shabere,Shābore,31.0395,69.9311,Pakistan,PK,PAK,Balochistan,Balochistan,PK-BA,province,,29.8,,,4,Asia/Karachi,FALSE,1586041343
Basti Pir Haji Muhammad,Basti Pir Haji Muhammad,,29.2770,71.5136,Pakistan,PK,PAK,Punjab,Punjab,PK-PB,province,,972.1,,,3,Asia/Karachi,FALSE,1586015602
Steel Town,Steel Town,,24.8688,67.3370,Pakistan,PK,PAK,Sindh,Sindh,PK-SD,province,,720.7,,,3,Asia/Karachi,FALSE,1586270592
Zafarwāla Khu,Zafarwala Khu,,31.4250,73.8278,Pakistan,PK,PAK,Punjab,Punjab,PK-PB,province,,730.8,,,3,Asia/Karachi,FALSE,1586353879
Zafirwala,Zafirwala,Zarīfwāla,32.9280,71.1918,Pakistan,PK,PAK,Punjab,Punjab,PK-PB,province,,242.9,,,3,Asia/Karachi,FALSE,1586365598
Goth Ghulām Samo,Goth Ghulam Samo,,24.6522,67.7422,Pakistan,PK,PAK,Sindh,Sindh,PK-SD,province,,139.8,,,4,Asia/Karachi,FALSE,1586347812
Bajuwala,Bajuwala,,29.9320,71.2664,Pakistan,PK,PAK,Punjab,Punjab,PK-PB,province,,889.5,,,3,Asia/Karachi,FALSE,1586017826
Sundal,Sundal,Sehota,33.1611,73.8412,Pakistan,PK,PAK,Azad Kashmir,Azad Kashmir,PK-JK,Pakistan administered area,,431.0,,,3,Asia/Karachi,FALSE,1586645014
Wafadar Sundrani,Wafadar Sundrani,,28.3023,68.9193,Pakistan,PK,PAK,Sindh,Sindh,PK-SD,province,,447.5,,,3,Asia/Karachi,FALSE,1586323395
Washal,Washal,,36.1082,71.6291,Pakistan,PK,PAK,Khyber Pakhtunkhwa,Khyber Pakhtunkhwa,PK-KP,province,,59.8,,,4,Asia/Karachi,FALSE,1586111512
Baigpur,Baigpur,Begpur,31.8416,74.0353,Pakistan,PK,PAK,Punjab,Punjab,PK-PB,province,,1384.6,,,3,Asia/Karachi,FALSE,1586138078
Baigpur,Baigpur,Begpur,30.9623,74.2194,Pakistan,PK,PAK,Punjab,Punjab,PK-PB,province,,1064.3,,,3,Asia/Karachi,TRUE,1586431372
Baigpur,Baigpur,Begpur,32.9475,73.6613,Pakistan,PK,PAK,Punjab,Punjab,PK-PB,province,,839.6,,,3,Asia/Karachi,TRUE,1586383344
Rajgan,Rajgan,Dhok Badhāl,33.1580,73.3911,Pakistan,PK,PAK,Punjab,Punjab,PK-PB,province,,231.5,,,3,Asia/Karachi,FALSE,1586524098
Chak Twenty-five -Fourteen Left,Chak Twenty-five -Fourteen Left,,30.3576,72.4455,Pakistan,PK,PAK,Punjab,Punjab,PK-PB,province,,858.4,,,3,Asia/Karachi,FALSE,1586014062
Bang Pain,Bang Pain,Bāng,36.5228,72.7639,Pakistan,PK,PAK,Khyber Pakhtunkhwa,Khyber Pakhtunkhwa,PK-KP,province,,33.6,,,4,Asia/Karachi,FALSE,1586494849
Langurbat Payan,Langurbat Payan,Ul Langurbat,35.3167,71.6094,Pakistan,PK,PAK,Khyber Pakhtunkhwa,Khyber Pakhtunkhwa,PK-KP,province,,59.8,,,4,Asia/Karachi,FALSE,1586053401
Mian Dad Bugti,Mian Dad Bugti,,26.0854,69.0843,Pakistan,PK,PAK,Sindh,Sindh,PK-SD,province,,202.6,,,3,Asia/Karachi,FALSE,1586022426
Goth Ali Muhammad Gugo,Goth Ali Muhammad Gugo,,24.8718,68.1939,Pakistan,PK,PAK,Sindh,Sindh,PK-SD,province,,350.3,,,3,Asia/Karachi,FALSE,1586533542
Chah Burewala,Chah Burewala,Chāh Ghulāmwāla,31.8526,70.8983,Pakistan,PK,PAK,Khyber Pakhtunkhwa,Khyber Pakhtunkhwa,PK-KP,province,,278.6,,,3,Asia/Karachi,FALSE,1586557906
Kamal Khan Jalbani,Kamal Khan Jalbani,Kemāl Khān,27.0381,68.3444,Pakistan,PK,PAK,Sindh,Sindh,PK-SD,province,,661.4,,,3,Asia/Karachi,FALSE,1586915968
Kot Star,Kot Star,Kot Sattār,32.4152,73.7572,Pakistan,PK,PAK,Punjab,Punjab,PK-PB,province,,612.7,,,3,Asia/Karachi,FALSE,1586742754
Chak Four Hundred Forty-seven Gugera Branch,Chak Four Hundred Forty-seven Gugera Branch,Karlwāla|Kambawānwāla,30.9872,72.9614,Pakistan,PK,PAK,Punjab,Punjab,PK-PB,province,,1003.1,,,3,Asia/Karachi,FALSE,1586002638
Dada Khan Jamali,Dada Khan Jamali,Doda Khān Jamāli,28.0943,68.0847,Pakistan,PK,PAK,Sindh,Sindh,PK-SD,province,,277.7,,,3,Asia/Karachi,FALSE,1586040322
Kul Kaur Bazar,Kul Kaur Bazar,,25.3983,62.7304,Pakistan,PK,PAK,Balochistan,Balochistan,PK-BA,province,,12.6,,,4,Asia/Karachi,FALSE,1586432600
Goth Dino Malik,Goth Dino Malik,,27.7993,69.3431,Pakistan,PK,PAK,Sindh,Sindh,PK-SD,province,,113.5,,,4,Asia/Karachi,FALSE,1586045994
Kotka Zarif Khan,Kotka Zarif Khan,Usman Ghani Bānda|Kotka Zarīt Khān,32.6523,70.8309,Pakistan,PK,PAK,Khyber Pakhtunkhwa,Khyber Pakhtunkhwa,PK-KP,province,,279.9,,,3,Asia/Karachi,FALSE,1586313682
Mehun Linju,Mehun Linju,,24.8691,70.2775,Pakistan,PK,PAK,Sindh,Sindh,PK-SD,province,,75.6,,,4,Asia/Karachi,FALSE,1586008468
Rais Lal Khan,Rais Lal Khan,Khosa,28.3426,69.4016,Pakistan,PK,PAK,Sindh,Sindh,PK-SD,province,,379.4,,,3,Asia/Karachi,FALSE,1586451811
Goth Usman Khaskheli,Goth Usman Khaskheli,Usmān Khāskheli,25.0676,68.5774,Pakistan,PK,PAK,Sindh,Sindh,PK-SD,province,,442.1,,,3,Asia/Karachi,FALSE,1586596741
Goth Usman Khaskheli,Goth Usman Khaskheli,Usmān Khāskheli,25.3328,69.2879,Pakistan,PK,PAK,Sindh,Sindh,PK-SD,province,,376.0,,,3,Asia/Karachi,TRUE,1586658738
Goth Usman Khaskheli,Goth Usman Khaskheli,,24.7601,68.1989,Pakistan,PK,PAK,Sindh,Sindh,PK-SD,province,,350.3,,,3,Asia/Karachi,TRUE,1586510528
Sra Sakai,Sra Sakai,,31.1713,68.5354,Pakistan,PK,PAK,Balochistan,Balochistan,PK-BA,province,,14.7,,,4,Asia/Karachi,FALSE,1586154489
Muhammad Islam Kalle,Muhammad Islam Kalle,,33.9324,71.6615,Pakistan,PK,PAK,Khyber Pakhtunkhwa,Khyber Pakhtunkhwa,PK-KP,province,,2791.9,,,2,Asia/Karachi,FALSE,1586412619
Haji Murad Khan,Haji Murad Khan,,27.7579,66.4571,Pakistan,PK,PAK,Balochistan,Balochistan,PK-BA,province,,22.5,,,4,Asia/Karachi,FALSE,1586784290
Birgal,Birgal,Bīrgal,36.3278,73.8308,Pakistan,PK,PAK,Gilgit-Baltistan,Gilgit-Baltistan,PK-GB,Pakistan administered area,,16.9,,,4,Asia/Karachi,FALSE,1586953908
Khushal Kalle,Khushal Kalle,,34.2477,71.7833,Pakistan,PK,PAK,Khyber Pakhtunkhwa,Khyber Pakhtunkhwa,PK-KP,province,,2218.3,,,2,Asia/Karachi,FALSE,1586549373
Goth Abdul Latif Dal,Goth Abdul Latif Dal,,25.3542,69.0458,Pakistan,PK,PAK,Sindh,Sindh,PK-SD,province,,686.7,,,3,Asia/Karachi,FALSE,1586831418
Goth Ali Akbar Halepoto,Goth Ali Akbar Halepoto,,25.6361,69.2297,Pakistan,PK,PAK,Sindh,Sindh,PK-SD,province,,92.0,,,4,Asia/Karachi,FALSE,1586012772
Mir Khan,Mir Khan,,29.1208,67.8329,Pakistan,PK,PAK,Balochistan,Balochistan,PK-BA,province,,58.1,,,4,Asia/Karachi,FALSE,1586110832
Mina Banda,Mina Banda,,35.0098,72.7985,Pakistan,PK,PAK,Khyber Pakhtunkhwa,Khyber Pakhtunkhwa,PK-KP,province,,576.8,,,3,Asia/Karachi,FALSE,1586975396
Mina Banda,Mina Banda,Miāna Bānda,35.1443,72.2439,Pakistan,PK,PAK,Khyber Pakhtunkhwa,Khyber Pakhtunkhwa,PK-KP,province,,205.8,,,3,Asia/Karachi,TRUE,1586357104
Dera Changian,Dera Changian,,32.1567,74.3025,Pakistan,PK,PAK,Punjab,Punjab,PK-PB,province,,3864.9,,,2,Asia/Karachi,FALSE,1586848893
Kirmi Chat,Kirmi Chat,,26.1785,62.0466,Pakistan,PK,PAK,Balochistan,Balochistan,PK-BA,province,,22.3,,,4,Asia/Karachi,FALSE,1586078749
Belan,Belan,,33.6247,71.7703,Pakistan,PK,PAK,Khyber Pakhtunkhwa,Khyber Pakhtunkhwa,PK-KP,province,,299.0,,,3,Asia/Karachi,FALSE,1586239841
Goth Musa Jokhio,Goth Musa Jokhio,,24.8741,67.2863,Pakistan,PK,PAK,Sindh,Sindh,PK-SD,province,,720.7,,,3,Asia/Karachi,FALSE,1586000680
Goth Musa Jokhio,Goth Musa Jokhio,,24.7999,67.8257,Pakistan,PK,PAK,Sindh,Sindh,PK-SD,province,,117.3,,,4,Asia/Karachi,TRUE,1586020966
Chak Misran,Chak Misran,,32.3986,72.8458,Pakistan,PK,PAK,Punjab,Punjab,PK-PB,province,,660.7,,,3,Asia/Karachi,FALSE,1586062725
Goth Akram,Goth Akram,,25.9594,68.7807,Pakistan,PK,PAK,Sindh,Sindh,PK-SD,province,,391.3,,,3,Asia/Karachi,FALSE,1586570260
Goth Akram,Goth Akram,,27.7566,69.3316,Pakistan,PK,PAK,Sindh,Sindh,PK-SD,province,,113.5,,,4,Asia/Karachi,TRUE,1586171577
Goth Akram,Goth Akram,,24.6577,69.2545,Pakistan,PK,PAK,Sindh,Sindh,PK-SD,province,,67.4,,,4,Asia/Karachi,TRUE,1586365785
Kili Ali Muhammad,Kili Ali Muhammad,Ali Muhammad,30.2058,66.8246,Pakistan,PK,PAK,Balochistan,Balochistan,PK-BA,province,,352.9,,,3,Asia/Karachi,FALSE,1586011026
Kili Ali Muhammad,Kili Ali Muhammad,,30.9704,66.6638,Pakistan,PK,PAK,Balochistan,Balochistan,PK-BA,province,,90.0,,,4,Asia/Karachi,TRUE,1586256383
Kili Ali Muhammad,Kili Ali Muhammad,,27.1304,66.7203,Pakistan,PK,PAK,Balochistan,Balochistan,PK-BA,province,,12.3,,,4,Asia/Karachi,TRUE,1586161073
Kili Ali Muhammad,Kili Ali Muhammad,Kili Muhammad,27.2043,66.5784,Pakistan,PK,PAK,Balochistan,Balochistan,PK-BA,province,,12.3,,,4,Asia/Karachi,TRUE,1586488296
Kili Ali Muhammad,Kili Ali Muhammad,,27.3492,66.4783,Pakistan,PK,PAK,Balochistan,Balochistan,PK-BA,province,,12.3,,,4,Asia/Karachi,TRUE,1586474592
Kili Ali Muhammad,Kili Ali Muhammad,,27.2875,66.3741,Pakistan,PK,PAK,Balochistan,Balochistan,PK-BA,province,,12.3,,,4,Asia/Karachi,TRUE,1586619839
Dawanwala,Dawanwala,Dīwānwāla,30.7465,70.9936,Pakistan,PK,PAK,Punjab,Punjab,PK-PB,province,,515.4,,,3,Asia/Karachi,FALSE,1586180785
Kharki Ji Wand,Kharki Ji Wand,,25.8247,69.6268,Pakistan,PK,PAK,Sindh,Sindh,PK-SD,province,,92.0,,,4,Asia/Karachi,FALSE,1586964571
Bhagwanwali Jhar,Bhagwanwali Jhar,,31.5937,73.7535,Pakistan,PK,PAK,Punjab,Punjab,PK-PB,province,,1444.5,,,3,Asia/Karachi,FALSE,1586031791
Goth Allah Wasayo Bhambhro,Goth Allah Wasayo Bhambhro,,27.2267,68.8979,Pakistan,PK,PAK,Sindh,Sindh,PK-SD,province,,13.2,,,4,Asia/Karachi,FALSE,1586032055
Jingeret Kuh,Jingeret Kuh,Jingerat Kuh,35.5778,71.7106,Pakistan,PK,PAK,Khyber Pakhtunkhwa,Khyber Pakhtunkhwa,PK-KP,province,,59.8,,,4,Asia/Karachi,FALSE,1586736658
Shigai,Shigai,Karamb,32.6670,69.5417,Pakistan,PK,PAK,Khyber Pakhtunkhwa,Khyber Pakhtunkhwa,PK-KP,province,,100.3,,,4,Asia/Karachi,FALSE,1586853340
Kuz Lusesar Banda,Kuz Lusesar Banda,,34.8555,72.8598,Pakistan,PK,PAK,Khyber Pakhtunkhwa,Khyber Pakhtunkhwa,PK-KP,province,,478.3,,,3,Asia/Karachi,FALSE,1586114734
Colony Chak Thirty-nine Desert Branch,Colony Chak Thirty-nine Desert Branch,,29.2306,71.8507,Pakistan,PK,PAK,Punjab,Punjab,PK-PB,province,,36.4,,,4,Asia/Karachi,FALSE,1586016540
Matul,Matul,,35.4496,72.2384,Pakistan,PK,PAK,Khyber Pakhtunkhwa,Khyber Pakhtunkhwa,PK-KP,province,,205.8,,,3,Asia/Karachi,FALSE,1586186322
Ali Sher,Ali Sher,,34.7494,73.1872,Pakistan,PK,PAK,Khyber Pakhtunkhwa,Khyber Pakhtunkhwa,PK-KP,province,,650.2,,,3,Asia/Karachi,FALSE,1586084121
Ali Sher,Ali Sher,Alīsher Shāh,34.5608,71.3263,Pakistan,PK,PAK,Khyber Pakhtunkhwa,Khyber Pakhtunkhwa,PK-KP,province,,386.8,,,3,Asia/Karachi,TRUE,1586600024
Dera Masur,Dera Masur,,28.7825,70.0166,Pakistan,PK,PAK,Punjab,Punjab,PK-PB,province,,133.7,,,4,Asia/Karachi,FALSE,1586340846
Magri,Magri,,34.0562,73.0843,Pakistan,PK,PAK,Khyber Pakhtunkhwa,Khyber Pakhtunkhwa,PK-KP,province,,928.1,,,3,Asia/Karachi,FALSE,1586936116
Magri,Magri,,34.5741,73.3108,Pakistan,PK,PAK,Khyber Pakhtunkhwa,Khyber Pakhtunkhwa,PK-KP,province,,164.1,,,4,Asia/Karachi,TRUE,1586182471
Kala Parawan,Kala Parawan,Kalārāwānda,32.4607,74.6354,Pakistan,PK,PAK,Punjab,Punjab,PK-PB,province,,2143.1,,,2,Asia/Karachi,FALSE,1586019914
Sono Khan Bledi,Sono Khan Bledi,Sona Khān,28.0496,68.1378,Pakistan,PK,PAK,Sindh,Sindh,PK-SD,province,,277.7,,,3,Asia/Karachi,FALSE,1586151925
Goth Bachal Unar,Goth Bachal Unar,Bachal Unar,25.9240,68.4442,Pakistan,PK,PAK,Sindh,Sindh,PK-SD,province,,572.2,,,3,Asia/Karachi,FALSE,1586371194
Bhambo Khan,Bhambo Khan,,27.9529,67.9336,Pakistan,PK,PAK,Sindh,Sindh,PK-SD,province,,222.8,,,3,Asia/Karachi,FALSE,1586041702
Basti Chahwan,Basti Chahwan,,28.1976,69.9224,Pakistan,PK,PAK,Punjab,Punjab,PK-PB,province,,670.9,,,3,Asia/Karachi,FALSE,1586132683
Karam Khan Kaul,Karam Khan Kaul,Karam Khān,30.8202,66.7952,Pakistan,PK,PAK,Balochistan,Balochistan,PK-BA,province,,86.9,,,4,Asia/Karachi,FALSE,1586477624
Kela Jagir,Kela Jagir,,31.9225,72.2705,Pakistan,PK,PAK,Punjab,Punjab,PK-PB,province,,534.2,,,3,Asia/Karachi,FALSE,1586260804
Chachran,Chachran,,29.5486,71.1856,Pakistan,PK,PAK,Punjab,Punjab,PK-PB,province,,713.0,,,3,Asia/Karachi,FALSE,1586021340
Chachran,Chachran,Chācharān,28.8129,70.7894,Pakistan,PK,PAK,Punjab,Punjab,PK-PB,province,,174.7,,,4,Asia/Karachi,TRUE,1586418247
Chachran,Chachran,,29.0500,71.1875,Pakistan,PK,PAK,Punjab,Punjab,PK-PB,province,,36.4,,,4,Asia/Karachi,TRUE,1586803906
Chah Bum,Chah Bum,,30.9506,71.9499,Pakistan,PK,PAK,Punjab,Punjab,PK-PB,province,,552.4,,,3,Asia/Karachi,FALSE,1586253605
Tufkiwali Dhok,Tufkiwali Dhok,,32.5833,72.1708,Pakistan,PK,PAK,Punjab,Punjab,PK-PB,province,,302.8,,,3,Asia/Karachi,FALSE,1586139087
Baigke,Baigke,,29.9714,72.9282,Pakistan,PK,PAK,Punjab,Punjab,PK-PB,province,,525.1,,,3,Asia/Karachi,FALSE,1586010082
Goth Ahmad Baran,Goth Ahmad Baran,Goth Ahmad Bārān,24.4430,68.4120,Pakistan,PK,PAK,Sindh,Sindh,PK-SD,province,,178.2,,,4,Asia/Karachi,FALSE,1586960665
Bhatti,Bhatti,,33.9390,73.3401,Pakistan,PK,PAK,Khyber Pakhtunkhwa,Khyber Pakhtunkhwa,PK-KP,province,,928.1,,,3,Asia/Karachi,FALSE,1586827921
Gohrani Kili,Gohrani Kili,,28.3092,67.3745,Pakistan,PK,PAK,Balochistan,Balochistan,PK-BA,province,,44.4,,,4,Asia/Karachi,FALSE,1586137877
Abdul Karim Burt,Abdul Karim Burt,,26.3900,68.4629,Pakistan,PK,PAK,Sindh,Sindh,PK-SD,province,,362.5,,,3,Asia/Karachi,FALSE,1586022135
Marhi,Marhi,Mari|Anwarābād,32.9038,73.8129,Pakistan,PK,PAK,Punjab,Punjab,PK-PB,province,,742.4,,,3,Asia/Karachi,FALSE,1586149845
Marhi,Marhi,,31.4919,73.9090,Pakistan,PK,PAK,Punjab,Punjab,PK-PB,province,,730.8,,,3,Asia/Karachi,TRUE,1586358435
Haji Fauji Khan Jamali,Haji Fauji Khan Jamali,,28.1323,68.0370,Pakistan,PK,PAK,Balochistan,Balochistan,PK-BA,province,,196.4,,,4,Asia/Karachi,FALSE,1586857013
Rahūki,Rahuki,,25.4159,68.4640,Pakistan,PK,PAK,Sindh,Sindh,PK-SD,province,,660.1,,,3,Asia/Karachi,FALSE,1586732112
Goth Haji Sultan,Goth Haji Sultan,,24.8704,69.3803,Pakistan,PK,PAK,Sindh,Sindh,PK-SD,province,,433.0,,,3,Asia/Karachi,FALSE,1586021857
Bajar,Bajar,,33.8241,72.7768,Pakistan,PK,PAK,Punjab,Punjab,PK-PB,province,,2125.8,,,2,Asia/Karachi,FALSE,1586389287
Bajar,Bajar,,32.2777,75.0996,Pakistan,PK,PAK,Punjab,Punjab,PK-PB,province,,882.1,,,3,Asia/Karachi,TRUE,1586131555
Bajar,Bajar,,32.9622,73.6518,Pakistan,PK,PAK,Punjab,Punjab,PK-PB,province,,839.6,,,3,Asia/Karachi,TRUE,1586138350
Chak Eleven Jhang Branch,Chak Eleven Jhang Branch,Chak Eleven J B|Sandhwānwāla|Sidhuānwāla|Sidhwānwāla,31.7774,73.1807,Pakistan,PK,PAK,Punjab,Punjab,PK-PB,province,,642.1,,,3,Asia/Karachi,FALSE,1586705963
Shaibak,Shaibak,,33.8004,70.9116,Pakistan,PK,PAK,Khyber Pakhtunkhwa,Khyber Pakhtunkhwa,PK-KP,province,,78.9,,,4,Asia/Karachi,FALSE,1586873856
Shajrahwala,Shajrahwala,,30.3798,71.0780,Pakistan,PK,PAK,Punjab,Punjab,PK-PB,province,,443.3,,,3,Asia/Karachi,FALSE,1586913748
Teghnai Kili,Teghnai Kili,,31.3835,69.5524,Pakistan,PK,PAK,Balochistan,Balochistan,PK-BA,province,,29.4,,,4,Asia/Karachi,FALSE,1586119646
Chak One Hundred Eighty-nine -Nine A Left,Chak One Hundred Eighty-nine -Nine A Left,Miānwāla,30.6198,72.9365,Pakistan,PK,PAK,Punjab,Punjab,PK-PB,province,,1111.7,,,3,Asia/Karachi,FALSE,1586013866
Azim Khan,Azim Khan,,28.4035,68.6186,Pakistan,PK,PAK,Sindh,Sindh,PK-SD,province,,447.5,,,3,Asia/Karachi,FALSE,1586113748
Azim Khan,Azim Khan,,25.3528,69.5028,Pakistan,PK,PAK,Sindh,Sindh,PK-SD,province,,309.4,,,3,Asia/Karachi,TRUE,1586437749
Shah Murad,Shah Murad,,27.2153,68.5635,Pakistan,PK,PAK,Sindh,Sindh,PK-SD,province,,748.2,,,3,Asia/Karachi,FALSE,1586021183
Bāpha,Bapha,Bapho,27.2669,68.6672,Pakistan,PK,PAK,Sindh,Sindh,PK-SD,province,,388.2,,,3,Asia/Karachi,FALSE,1586364514
Ilyās Kukāra,Ilyas Kukara,,28.7472,70.4264,Pakistan,PK,PAK,Punjab,Punjab,PK-PB,province,,808.3,,,3,Asia/Karachi,FALSE,1586546882
Chhani Raiki,Chhani Raiki,,33.0219,73.8783,Pakistan,PK,PAK,Azad Kashmir,Azad Kashmir,PK-JK,Pakistan administered area,,304.8,,,3,Asia/Karachi,FALSE,1586915189
Goth Muhammad Langwani Baloch,Goth Muhammad Langwani Baloch,,25.3767,69.2679,Pakistan,PK,PAK,Sindh,Sindh,PK-SD,province,,362.9,,,3,Asia/Karachi,FALSE,1586754015
Kodri,Kodri,Kodar,34.4124,71.9254,Pakistan,PK,PAK,Khyber Pakhtunkhwa,Khyber Pakhtunkhwa,PK-KP,province,,1792.0,,,3,Asia/Karachi,FALSE,1586679465
Ayub Chanar,Ayub Chanar,,24.5928,67.5800,Pakistan,PK,PAK,Sindh,Sindh,PK-SD,province,,139.8,,,4,Asia/Karachi,FALSE,1586322451
Chak Eleven Colony Number Two,Chak Eleven Colony Number Two,,31.2253,71.8615,Pakistan,PK,PAK,Punjab,Punjab,PK-PB,province,,491.7,,,3,Asia/Karachi,FALSE,1586016556
Samungli,Samungli,Smungli,30.2436,66.9182,Pakistan,PK,PAK,Balochistan,Balochistan,PK-BA,province,,352.9,,,3,Asia/Karachi,FALSE,1586656563
Khatir Nar,Khatir Nar,,34.1831,73.8957,Pakistan,PK,PAK,Azad Kashmir,Azad Kashmir,PK-JK,Pakistan administered area,,322.8,,,3,Asia/Karachi,FALSE,1586645606
Retri Gali,Retri Gali,,34.0422,73.3459,Pakistan,PK,PAK,Khyber Pakhtunkhwa,Khyber Pakhtunkhwa,PK-KP,province,,928.1,,,3,Asia/Karachi,FALSE,1586515122
Nakkappiwala,Nakkappiwala,,31.0618,71.5097,Pakistan,PK,PAK,Punjab,Punjab,PK-PB,province,,95.1,,,4,Asia/Karachi,FALSE,1586837136
Pull Kumharawala,Pull Kumharawala,,31.1937,73.5882,Pakistan,PK,PAK,Punjab,Punjab,PK-PB,province,,730.8,,,3,Asia/Karachi,FALSE,1586030702
Dhok Sherguwali,Dhok Sherguwali,Sher Gulwāli|Sher Gulwāla,32.9181,72.0079,Pakistan,PK,PAK,Punjab,Punjab,PK-PB,province,,209.5,,,3,Asia/Karachi,FALSE,1586529651
Dulluke,Dulluke,Dauloke,32.3768,74.7528,Pakistan,PK,PAK,Punjab,Punjab,PK-PB,province,,1053.6,,,3,Asia/Karachi,FALSE,1586732027
Rehmunwala,Rehmunwala,,31.8538,73.0158,Pakistan,PK,PAK,Punjab,Punjab,PK-PB,province,,642.1,,,3,Asia/Karachi,FALSE,1586109341
Bar Mir Haji,Bar Mir Haji,,34.3984,71.8047,Pakistan,PK,PAK,Khyber Pakhtunkhwa,Khyber Pakhtunkhwa,PK-KP,province,,1330.3,,,3,Asia/Karachi,FALSE,1586020803
Berwala,Berwala,,29.5629,71.8474,Pakistan,PK,PAK,Punjab,Punjab,PK-PB,province,,863.3,,,3,Asia/Karachi,FALSE,1586877145
Berwala,Berwala,,30.1395,72.4733,Pakistan,PK,PAK,Punjab,Punjab,PK-PB,province,,811.6,,,3,Asia/Karachi,TRUE,1586306531
Berwala,Berwala,,30.4094,71.6151,Pakistan,PK,PAK,Punjab,Punjab,PK-PB,province,,727.5,,,3,Asia/Karachi,TRUE,1586028245
Berwala,Berwala,,30.5442,71.7411,Pakistan,PK,PAK,Punjab,Punjab,PK-PB,province,,698.3,,,3,Asia/Karachi,TRUE,1586233467
Berwāla,Berwala,,30.1755,70.6573,Pakistan,PK,PAK,Punjab,Punjab,PK-PB,province,,561.0,,,3,Asia/Karachi,TRUE,1586335934
Berwala,Berwala,,29.9737,70.6952,Pakistan,PK,PAK,Punjab,Punjab,PK-PB,province,,561.0,,,3,Asia/Karachi,TRUE,1586026284
Berwala,Berwala,,30.4601,71.0406,Pakistan,PK,PAK,Punjab,Punjab,PK-PB,province,,443.3,,,3,Asia/Karachi,TRUE,1586318507
Berwāla,Berwala,,30.4380,70.9759,Pakistan,PK,PAK,Punjab,Punjab,PK-PB,province,,443.3,,,3,Asia/Karachi,TRUE,1586729795
Berwala,Berwala,,30.2620,70.8893,Pakistan,PK,PAK,Punjab,Punjab,PK-PB,province,,443.3,,,3,Asia/Karachi,TRUE,1586025898
Berwala,Berwala,,31.6896,71.1591,Pakistan,PK,PAK,Punjab,Punjab,PK-PB,province,,390.7,,,3,Asia/Karachi,TRUE,1586607085
Berwala,Berwala,Serwāla,29.0207,70.3455,Pakistan,PK,PAK,Punjab,Punjab,PK-PB,province,,249.7,,,3,Asia/Karachi,TRUE,1586359406
Berwala,Berwala,,31.7029,71.7268,Pakistan,PK,PAK,Punjab,Punjab,PK-PB,province,,82.8,,,4,Asia/Karachi,TRUE,1586003256
Kili Haji Nek Muhammad,Kili Haji Nek Muhammad,Khair Muhammad,31.2380,66.8860,Pakistan,PK,PAK,Balochistan,Balochistan,PK-BA,province,,90.0,,,4,Asia/Karachi,FALSE,1586007339
Nawagal,Nawagal,,34.5754,71.9334,Pakistan,PK,PAK,Khyber Pakhtunkhwa,Khyber Pakhtunkhwa,PK-KP,province,,712.9,,,3,Asia/Karachi,FALSE,1586430853
Hondewali,Hondewali,Hundāwāli,32.2627,71.2444,Pakistan,PK,PAK,Punjab,Punjab,PK-PB,province,,424.5,,,3,Asia/Karachi,FALSE,1586020296
Kande Ji Wand,Kande Ji Wand,,26.5679,69.6874,Pakistan,PK,PAK,Sindh,Sindh,PK-SD,province,,13.2,,,4,Asia/Karachi,FALSE,1586441540
Chhimun,Chhimun,,32.5514,73.3579,Pakistan,PK,PAK,Punjab,Punjab,PK-PB,province,,959.2,,,3,Asia/Karachi,FALSE,1586083591
Akike,Akike,,32.1977,74.9817,Pakistan,PK,PAK,Punjab,Punjab,PK-PB,province,,882.1,,,3,Asia/Karachi,FALSE,1586026504
Akike,Akike,Rasūlpur,30.8169,74.0515,Pakistan,PK,PAK,Punjab,Punjab,PK-PB,province,,861.9,,,3,Asia/Karachi,TRUE,1586463274
Basti Malik Hassan Sountrah,Basti Malik Hassan Sountrah,Basti Kotha Yāran|Kothewāla,29.5477,70.4569,Pakistan,PK,PAK,Punjab,Punjab,PK-PB,province,,379.7,,,3,Asia/Karachi,FALSE,1586423005
Khangah Hamid Pir Bukhari,Khangah Hamid Pir Bukhari,Saiyid Pīrwāla|Ahmad Pīrwāla,29.2479,70.4877,Pakistan,PK,PAK,Punjab,Punjab,PK-PB,province,,249.7,,,3,Asia/Karachi,FALSE,1586695246
Hasal Dar,Hasal Dar,,25.4909,70.6549,Pakistan,PK,PAK,Sindh,Sindh,PK-SD,province,,90.3,,,4,Asia/Karachi,FALSE,1586827158
Ochin,Ochin,,33.8439,70.8915,Pakistan,PK,PAK,Khyber Pakhtunkhwa,Khyber Pakhtunkhwa,PK-KP,province,,78.9,,,4,Asia/Karachi,FALSE,1586306867
Paryakka,Paryakka,,33.5921,73.5105,Pakistan,PK,PAK,Punjab,Punjab,PK-PB,province,,501.9,,,3,Asia/Karachi,FALSE,1586878466
Gandare,Gandare,Gandera|Gandere,34.3662,71.6958,Pakistan,PK,PAK,Khyber Pakhtunkhwa,Khyber Pakhtunkhwa,PK-KP,province,,1364.6,,,3,Asia/Karachi,FALSE,1586395443
Nargasai,Nargasai,,30.7164,69.6439,Pakistan,PK,PAK,Balochistan,Balochistan,PK-BA,province,,29.8,,,4,Asia/Karachi,FALSE,1586849433
Dozan,Dozan,Dozāni,29.9416,67.1860,Pakistan,PK,PAK,Balochistan,Balochistan,PK-BA,province,,23.2,,,4,Asia/Karachi,FALSE,1586134163
Dozan,Dozan,,28.9080,66.6087,Pakistan,PK,PAK,Balochistan,Balochistan,PK-BA,province,,18.5,,,4,Asia/Karachi,TRUE,1586602364
Kochhu,Kochhu,,28.5524,66.7107,Pakistan,PK,PAK,Balochistan,Balochistan,PK-BA,province,,22.5,,,4,Asia/Karachi,FALSE,1586845180
Haji Sadiq da Dera,Haji Sadiq da Dera,,29.9787,72.9165,Pakistan,PK,PAK,Punjab,Punjab,PK-PB,province,,525.1,,,3,Asia/Karachi,FALSE,1586031019
Chakwalian,Chakwalian,,32.8287,72.4610,Pakistan,PK,PAK,Punjab,Punjab,PK-PB,province,,209.5,,,3,Asia/Karachi,FALSE,1586425554
Kolwa,Kolwa,,26.0333,64.3000,Pakistan,PK,PAK,Balochistan,Balochistan,PK-BA,province,,23.1,,,4,Asia/Karachi,FALSE,1586164038
Shamir,Shamir,,31.7034,70.6482,Pakistan,PK,PAK,Khyber Pakhtunkhwa,Khyber Pakhtunkhwa,PK-KP,province,,278.6,,,3,Asia/Karachi,FALSE,1586002627
Ghabanawala Khu,Ghabanawala Khu,Ghabanwāla Khūh,29.6436,72.3867,Pakistan,PK,PAK,Punjab,Punjab,PK-PB,province,,475.8,,,3,Asia/Karachi,FALSE,1586381381
Walwast,Walwast,,31.4446,70.0423,Pakistan,PK,PAK,Khyber Pakhtunkhwa,Khyber Pakhtunkhwa,PK-KP,province,,31.7,,,4,Asia/Karachi,FALSE,1586239826
Chak Eleven and Sixty-three,Chak Eleven and Sixty-three,,31.1917,73.5500,Pakistan,PK,PAK,Punjab,Punjab,PK-PB,province,,730.8,,,3,Asia/Karachi,FALSE,1586296845
Uppal Kalan,Uppal Kalan,Uppāl Sahnsi,32.0654,74.3583,Pakistan,PK,PAK,Punjab,Punjab,PK-PB,province,,1037.7,,,3,Asia/Karachi,FALSE,1586347209
Goth Ahmad Rajper,Goth Ahmad Rajper,Goth Ahmad Rājpar,25.9878,68.6897,Pakistan,PK,PAK,Sindh,Sindh,PK-SD,province,,638.4,,,3,Asia/Karachi,FALSE,1586081773
Kili Sepa Ruke,Kili Sepa Ruke,,31.1958,68.8843,Pakistan,PK,PAK,Balochistan,Balochistan,PK-BA,province,,7.2,,,5,Asia/Karachi,FALSE,1586462850
Ruji,Ruji,Rojī|Rujhi,36.0181,71.7153,Pakistan,PK,PAK,Khyber Pakhtunkhwa,Khyber Pakhtunkhwa,PK-KP,province,,59.8,,,4,Asia/Karachi,FALSE,1586542676
Lala Saida,Lala Saida,,32.1255,74.6600,Pakistan,PK,PAK,Punjab,Punjab,PK-PB,province,,1046.8,,,3,Asia/Karachi,FALSE,1586018283
Goth Jorak,Goth Jorak,,24.9039,66.8509,Pakistan,PK,PAK,Sindh,Sindh,PK-SD,province,,3689.8,,,2,Asia/Karachi,FALSE,1586998421
Koti Kalle,Koti Kalle,Kuti Kili,32.2567,69.5211,Pakistan,PK,PAK,Khyber Pakhtunkhwa,Khyber Pakhtunkhwa,PK-KP,province,,56.1,,,4,Asia/Karachi,FALSE,1586679398
Dera Major Asif Shah,Dera Major Asif Shah,,31.0826,72.1972,Pakistan,PK,PAK,Punjab,Punjab,PK-PB,province,,550.5,,,3,Asia/Karachi,FALSE,1586796217
Mahedin Kili,Mahedin Kili,Makhedin-Kili,30.9489,66.4113,Pakistan,PK,PAK,Balochistan,Balochistan,PK-BA,province,,23.3,,,4,Asia/Kabul,FALSE,1586687372
Qambar Ali,Qambar Ali,,25.1111,68.5833,Pakistan,PK,PAK,Sindh,Sindh,PK-SD,province,,442.1,,,3,Asia/Karachi,FALSE,1586225222
Goth Haji Ali Ahmad,Goth Haji Ali Ahmad,,25.6834,66.9680,Pakistan,PK,PAK,Balochistan,Balochistan,PK-BA,province,,23.0,,,4,Asia/Karachi,FALSE,1586066984
Gial,Gial,,35.5920,73.5797,Pakistan,PK,PAK,Gilgit-Baltistan,Gilgit-Baltistan,PK-GB,Pakistan administered area,,32.6,,,4,Asia/Karachi,FALSE,1586769195
Garai Banda,Garai Banda,,34.9490,72.7974,Pakistan,PK,PAK,Khyber Pakhtunkhwa,Khyber Pakhtunkhwa,PK-KP,province,,478.3,,,3,Asia/Karachi,FALSE,1586745377
Kabbar,Kabbar,Kabar,28.2309,67.5450,Pakistan,PK,PAK,Balochistan,Balochistan,PK-BA,province,,44.4,,,4,Asia/Karachi,FALSE,1586463538
Chak Shaikhan,Chak Shaikhan,Chak Shekha|Chak Sheikha,32.3854,72.6963,Pakistan,PK,PAK,Punjab,Punjab,PK-PB,province,,599.4,,,3,Asia/Karachi,FALSE,1586144073
Muhammad Yaqub,Muhammad Yaqub,,29.8300,70.1372,Pakistan,PK,PAK,Punjab,Punjab,PK-PB,province,,39.5,,,4,Asia/Karachi,FALSE,1586025573
Pirano Kas Raghze Kalle,Pirano Kas Raghze Kalle,Pīrāna Kats|Pīrāno Kats,32.9651,69.5962,Pakistan,PK,PAK,Khyber Pakhtunkhwa,Khyber Pakhtunkhwa,PK-KP,province,,100.3,,,4,Asia/Karachi,FALSE,1586015418
Chak Five Hundred Forty-four,Chak Five Hundred Forty-four,Dānābād Kalān,30.8959,72.9087,Pakistan,PK,PAK,Punjab,Punjab,PK-PB,province,,1029.5,,,3,Asia/Karachi,FALSE,1586010221
Goth Tuakkli Bugu,Goth Tuakkli Bugu,,28.4635,68.6051,Pakistan,PK,PAK,Balochistan,Balochistan,PK-BA,province,,232.5,,,3,Asia/Karachi,FALSE,1586749117
Yaqubabad,Yaqubabad,,30.1662,72.6896,Pakistan,PK,PAK,Punjab,Punjab,PK-PB,province,,844.6,,,3,Asia/Karachi,FALSE,1586026779
Basti Maral,Basti Maral,,29.1753,71.0076,Pakistan,PK,PAK,Punjab,Punjab,PK-PB,province,,839.4,,,3,Asia/Karachi,FALSE,1586016161
Sihali,Sihali,,33.7066,73.2686,Pakistan,PK,PAK,Islamabad,Islamabad,PK-IS,capital territory,,2299.3,,,2,Asia/Karachi,FALSE,1586945674
Ismail Jat,Ismail Jat,,24.7087,68.4132,Pakistan,PK,PAK,Sindh,Sindh,PK-SD,province,,178.2,,,4,Asia/Karachi,FALSE,1586585822
Ghulam Mustafaabad,Ghulam Mustafaabad,,26.4893,68.1960,Pakistan,PK,PAK,Sindh,Sindh,PK-SD,province,,386.7,,,3,Asia/Karachi,FALSE,1586933213
Jorewala,Jorewala,,30.1368,71.0656,Pakistan,PK,PAK,Punjab,Punjab,PK-PB,province,,767.3,,,3,Asia/Karachi,FALSE,1586226645
Jorewala,Jorewala,,30.3188,71.8109,Pakistan,PK,PAK,Punjab,Punjab,PK-PB,province,,698.3,,,3,Asia/Karachi,TRUE,1586106244
Dhok Tikrala,Dhok Tikrala,,33.1028,72.1055,Pakistan,PK,PAK,Punjab,Punjab,PK-PB,province,,209.5,,,3,Asia/Karachi,FALSE,1586408488
Kot Dost Muhammad,Kot Dost Muhammad,Kot Muzaffar,32.9448,70.3041,Pakistan,PK,PAK,Khyber Pakhtunkhwa,Khyber Pakhtunkhwa,PK-KP,province,,197.0,,,4,Asia/Karachi,FALSE,1586199192
Kili Juma Khan,Kili Juma Khan,,28.6596,66.3116,Pakistan,PK,PAK,Balochistan,Balochistan,PK-BA,province,,32.2,,,4,Asia/Karachi,FALSE,1586596809
Kili Juma Khan,Kili Juma Khan,,29.3455,66.1581,Pakistan,PK,PAK,Balochistan,Balochistan,PK-BA,province,,16.8,,,4,Asia/Karachi,TRUE,1586397305
Kili Juma Khan,Kili Juma Khan,,28.3013,64.3152,Pakistan,PK,PAK,Balochistan,Balochistan,PK-BA,province,,9.6,,,5,Asia/Karachi,TRUE,1586362026
Dhondianwala,Dhondianwala,Dhundhiānwāla|Dhundiānwāla,31.9695,73.8413,Pakistan,PK,PAK,Punjab,Punjab,PK-PB,province,,837.5,,,3,Asia/Karachi,FALSE,1586532236
Goth Habib Jakhro,Goth Habib Jakhro,Jakhra Goth,27.8901,68.5250,Pakistan,PK,PAK,Sindh,Sindh,PK-SD,province,,406.9,,,3,Asia/Karachi,FALSE,1586576065
Hulia,Hulia,,27.6521,68.0425,Pakistan,PK,PAK,Sindh,Sindh,PK-SD,province,,198.0,,,4,Asia/Karachi,FALSE,1586135519
Dafar,Dafar,Daffār,32.6065,73.0861,Pakistan,PK,PAK,Punjab,Punjab,PK-PB,province,,353.2,,,3,Asia/Karachi,FALSE,1586274423
Darri,Darri,Chak Thirty-two|Chak 32,28.0421,67.6525,Pakistan,PK,PAK,Balochistan,Balochistan,PK-BA,province,,196.4,,,4,Asia/Karachi,FALSE,1586734814
Bahu Khosa,Bahu Khosa,,28.3720,68.8744,Pakistan,PK,PAK,Sindh,Sindh,PK-SD,province,,447.5,,,3,Asia/Karachi,FALSE,1586305565
Basti Faridabad,Basti Faridabad,,29.6409,71.8021,Pakistan,PK,PAK,Punjab,Punjab,PK-PB,province,,863.3,,,3,Asia/Karachi,FALSE,1586017996
Basti Faridabad,Basti Faridabad,,30.8198,72.9797,Pakistan,PK,PAK,Punjab,Punjab,PK-PB,province,,695.3,,,3,Asia/Karachi,TRUE,1586026481
Megha Mahtam Uttar,Megha Mahtam Uttar,,30.7931,74.3389,Pakistan,PK,PAK,Punjab,Punjab,PK-PB,province,,477.4,,,3,Asia/Kolkata,FALSE,1586987940
Kochkai,Kochkai,,34.3364,71.6993,Pakistan,PK,PAK,Khyber Pakhtunkhwa,Khyber Pakhtunkhwa,PK-KP,province,,1364.6,,,3,Asia/Karachi,FALSE,1586401897
Mir Fateh Muhammad,Mir Fateh Muhammad,Kili Mīr Fateh Muhammad,28.0245,63.3093,Pakistan,PK,PAK,Balochistan,Balochistan,PK-BA,province,,2.6,,,5,Asia/Karachi,FALSE,1586614773
Unara,Unara,,31.5231,72.2946,Pakistan,PK,PAK,Punjab,Punjab,PK-PB,province,,491.7,,,3,Asia/Karachi,FALSE,1586351707
Nathu Kot,Nathu Kot,,31.6577,74.3237,Pakistan,PK,PAK,Punjab,Punjab,PK-PB,province,,1650.8,,,3,Asia/Karachi,FALSE,1586635010
Nathu Kot,Nathu Kot,Kot Nathu,32.1641,75.1081,Pakistan,PK,PAK,Punjab,Punjab,PK-PB,province,,882.1,,,3,Asia/Karachi,TRUE,1586911218
Nathu Kot,Nathu Kot,Kot Bishan Singh,31.0541,74.0566,Pakistan,PK,PAK,Punjab,Punjab,PK-PB,province,,861.9,,,3,Asia/Karachi,TRUE,1586329003
Mian da Thatta,Mian da Thatta,Thatta Muhammad Panāh,31.8038,72.4241,Pakistan,PK,PAK,Punjab,Punjab,PK-PB,province,,534.2,,,3,Asia/Karachi,FALSE,1586148588
Goth Sher Muhammad Burji,Goth Sher Muhammad Burji,Goth Sher Muhammad Būrji,25.3709,69.0609,Pakistan,PK,PAK,Sindh,Sindh,PK-SD,province,,686.7,,,3,Asia/Karachi,FALSE,1586426015
Nawangian,Nawangian,Nawālak Garhi Latif,32.6300,73.4691,Pakistan,PK,PAK,Punjab,Punjab,PK-PB,province,,959.2,,,3,Asia/Karachi,FALSE,1586085109
Goth Hāji Miān Hussain,Goth Haji Mian Hussain,,26.2764,68.5292,Pakistan,PK,PAK,Sindh,Sindh,PK-SD,province,,362.5,,,3,Asia/Karachi,FALSE,1586331826
Khurrianwala,Khurrianwala,Kurrianwala|Khurianwala|Chak Two Hundred Sixty-six Rakh Branch,31.5172,73.2667,Pakistan,PK,PAK,Punjab,Punjab,PK-PB,province,,1059.1,,,3,Asia/Karachi,FALSE,1586481411
Talgah Gali,Talgah Gali,Thaliān Baihk,34.5120,73.7703,Pakistan,PK,PAK,Azad Kashmir,Azad Kashmir,PK-JK,Pakistan administered area,,46.5,,,4,Asia/Karachi,FALSE,1586622542
Liaquatabad,Liaquatabad,,33.2615,73.7888,Pakistan,PK,PAK,Azad Kashmir,Azad Kashmir,PK-JK,Pakistan administered area,,431.0,,,3,Asia/Karachi,FALSE,1586018752
Chida,Chida,,32.2398,74.8135,Pakistan,PK,PAK,Punjab,Punjab,PK-PB,province,,1016.7,,,3,Asia/Karachi,FALSE,1586121730
Manrgan,Manrgan,,34.2647,71.6528,Pakistan,PK,PAK,Khyber Pakhtunkhwa,Khyber Pakhtunkhwa,PK-KP,province,,1364.6,,,3,Asia/Karachi,FALSE,1586319607
Manrgan,Manrgan,,34.7724,73.0085,Pakistan,PK,PAK,Khyber Pakhtunkhwa,Khyber Pakhtunkhwa,PK-KP,province,,443.6,,,3,Asia/Karachi,TRUE,1586038949
Dera Panawan,Dera Panawan,,32.4452,73.8017,Pakistan,PK,PAK,Punjab,Punjab,PK-PB,province,,612.7,,,3,Asia/Karachi,FALSE,1586651202
Goth Ishāq,Goth Ishaq,,25.0372,67.3703,Pakistan,PK,PAK,Sindh,Sindh,PK-SD,province,,720.7,,,3,Asia/Karachi,FALSE,1586632763
Gumrali,Gumrali,,32.5108,73.8914,Pakistan,PK,PAK,Punjab,Punjab,PK-PB,province,,1352.5,,,3,Asia/Karachi,FALSE,1586774706
Nazirpura,Nazirpura,,29.8627,73.0486,Pakistan,PK,PAK,Punjab,Punjab,PK-PB,province,,525.1,,,3,Asia/Karachi,FALSE,1586102210
Dera Amir Sialwala,Dera Amir Sialwala,,31.3305,71.2842,Pakistan,PK,PAK,Punjab,Punjab,PK-PB,province,,82.8,,,4,Asia/Karachi,FALSE,1586015586
Dabbak,Dabbak,,29.9611,69.3734,Pakistan,PK,PAK,Balochistan,Balochistan,PK-BA,province,,66.5,,,4,Asia/Karachi,FALSE,1586777455
Aghani,Aghani,,27.6096,68.3401,Pakistan,PK,PAK,Sindh,Sindh,PK-SD,province,,1516.8,,,3,Asia/Karachi,FALSE,1586089357
Majra Kalan,Majra Kalan,,32.5310,74.3353,Pakistan,PK,PAK,Punjab,Punjab,PK-PB,province,,1433.7,,,3,Asia/Karachi,FALSE,1586443114
Panohar,Panohar,,25.9483,68.1721,Pakistan,PK,PAK,Sindh,Sindh,PK-SD,province,,141.2,,,4,Asia/Karachi,FALSE,1586895798
Dageja,Dageja,,26.7902,68.2207,Pakistan,PK,PAK,Sindh,Sindh,PK-SD,province,,576.8,,,3,Asia/Karachi,FALSE,1586038362
Banhera,Banhera,,33.5251,73.8507,Pakistan,PK,PAK,Azad Kashmir,Azad Kashmir,PK-JK,Pakistan administered area,,479.6,,,3,Asia/Karachi,FALSE,1586874017
Numb Danna,Numb Danna,,33.4428,73.9577,Pakistan,PK,PAK,Azad Kashmir,Azad Kashmir,PK-JK,Pakistan administered area,,564.9,,,3,Asia/Karachi,FALSE,1586020520
Goth Mashuq Ali Bhutto,Goth Mashuq Ali Bhutto,Mashuq Ali Bhutto,25.5963,68.8119,Pakistan,PK,PAK,Sindh,Sindh,PK-SD,province,,530.6,,,3,Asia/Karachi,FALSE,1586085282
Jhānbar,Jhanbar,,30.2250,71.3694,Pakistan,PK,PAK,Punjab,Punjab,PK-PB,province,,1325.4,,,3,Asia/Karachi,FALSE,1586350230
Pakki Shah Mardan,Pakki Shah Mardan,,32.9207,71.5532,Pakistan,PK,PAK,Punjab,Punjab,PK-PB,province,,317.6,,,3,Asia/Karachi,FALSE,1586910258
Kala Khel,Kala Khel,Kalle Khel,32.9594,70.6361,Pakistan,PK,PAK,Khyber Pakhtunkhwa,Khyber Pakhtunkhwa,PK-KP,province,,1057.3,,,3,Asia/Karachi,FALSE,1586458005
Kala Khel,Kala Khel,,32.6333,69.5066,Pakistan,PK,PAK,Khyber Pakhtunkhwa,Khyber Pakhtunkhwa,PK-KP,province,,100.3,,,4,Asia/Karachi,TRUE,1586131190
Korio,Korio,Kario|Kurio,24.5004,69.6286,Pakistan,PK,PAK,Sindh,Sindh,PK-SD,province,,67.4,,,4,Asia/Karachi,FALSE,1586007115
Khangah Sher Pir,Khangah Sher Pir,,29.0436,71.0049,Pakistan,PK,PAK,Punjab,Punjab,PK-PB,province,,174.7,,,4,Asia/Karachi,FALSE,1586628404
Goth Sarang Punjabi,Goth Sarang Punjabi,,26.7132,68.4344,Pakistan,PK,PAK,Sindh,Sindh,PK-SD,province,,244.7,,,3,Asia/Karachi,FALSE,1586364483
Amban,Amban,,33.3071,73.8729,Pakistan,PK,PAK,Azad Kashmir,Azad Kashmir,PK-JK,Pakistan administered area,,564.9,,,3,Asia/Karachi,FALSE,1586894752
Jhawar,Jhawar,,35.4404,72.9459,Pakistan,PK,PAK,Khyber Pakhtunkhwa,Khyber Pakhtunkhwa,PK-KP,province,,61.0,,,4,Asia/Karachi,FALSE,1586071222
Kili Mustimabad,Kili Mustimabad,,30.1796,67.8375,Pakistan,PK,PAK,Balochistan,Balochistan,PK-BA,province,,31.9,,,4,Asia/Karachi,FALSE,1586148529
Goth Hashim Malio,Goth Hashim Malio,,24.0593,67.5410,Pakistan,PK,PAK,Sindh,Sindh,PK-SD,province,,77.5,,,4,Asia/Karachi,FALSE,1586849485
Chak One Hundred Sixty-one Eastern Bar,Chak One Hundred Sixty-one Eastern Bar,,30.2898,73.0117,Pakistan,PK,PAK,Punjab,Punjab,PK-PB,province,,773.3,,,3,Asia/Karachi,FALSE,1586008432
Chak Thirty-seven-D,Chak Thirty-seven-D,,30.7508,73.6032,Pakistan,PK,PAK,Punjab,Punjab,PK-PB,province,,1153.1,,,3,Asia/Karachi,FALSE,1586010808
Arzi Junejo,Arzi Junejo,,27.0066,67.7302,Pakistan,PK,PAK,Sindh,Sindh,PK-SD,province,,166.6,,,4,Asia/Karachi,FALSE,1586008916
Ghali,Ghali,,32.7358,69.6583,Pakistan,PK,PAK,Khyber Pakhtunkhwa,Khyber Pakhtunkhwa,PK-KP,province,,100.3,,,4,Asia/Karachi,FALSE,1586688803
Kala Dhora,Kala Dhora,Chak Kāla Dhora,28.5538,70.3328,Pakistan,PK,PAK,Punjab,Punjab,PK-PB,province,,808.3,,,3,Asia/Karachi,FALSE,1586608001
Nawan Dulam,Nawan Dulam,,32.3658,74.8398,Pakistan,PK,PAK,Punjab,Punjab,PK-PB,province,,1053.6,,,3,Asia/Karachi,FALSE,1586026491
Badzai Kalle,Badzai Kalle,Badzai Kili,32.5541,70.2755,Pakistan,PK,PAK,Khyber Pakhtunkhwa,Khyber Pakhtunkhwa,PK-KP,province,,30.0,,,4,Asia/Karachi,FALSE,1586817699
Goth Mohoub Chachar,Goth Mohoub Chachar,,27.9358,69.1343,Pakistan,PK,PAK,Sindh,Sindh,PK-SD,province,,463.4,,,3,Asia/Karachi,FALSE,1586619487
Basti Turd Khan,Basti Turd Khan,,28.7784,69.8184,Pakistan,PK,PAK,Punjab,Punjab,PK-PB,province,,133.7,,,4,Asia/Karachi,FALSE,1586026151
Phamby di Basti,Phamby di Basti,Phambīwāla,29.6865,71.2160,Pakistan,PK,PAK,Punjab,Punjab,PK-PB,province,,713.0,,,3,Asia/Karachi,FALSE,1586700798
Namazkot,Namazkot,Bilmāzkot|Amākot,34.9697,71.7634,Pakistan,PK,PAK,Khyber Pakhtunkhwa,Khyber Pakhtunkhwa,PK-KP,province,,835.0,,,3,Asia/Karachi,FALSE,1586983324
Utarwala Khu,Utarwala Khu,,30.5445,71.1539,Pakistan,PK,PAK,Punjab,Punjab,PK-PB,province,,443.3,,,3,Asia/Karachi,FALSE,1586008043
Haji Mumtaz Ogahi,Haji Mumtaz Ogahi,,28.2491,69.0938,Pakistan,PK,PAK,Sindh,Sindh,PK-SD,province,,453.0,,,3,Asia/Karachi,FALSE,1586025063
Tilla,Tilla,,34.5924,73.3158,Pakistan,PK,PAK,Khyber Pakhtunkhwa,Khyber Pakhtunkhwa,PK-KP,province,,164.1,,,4,Asia/Karachi,FALSE,1586550659
Suki Kinari,Suki Kinari,,34.8002,73.5106,Pakistan,PK,PAK,Khyber Pakhtunkhwa,Khyber Pakhtunkhwa,PK-KP,province,,164.1,,,4,Asia/Karachi,FALSE,1586665161
Kili Malik Pir Muhammad,Kili Malik Pir Muhammad,,30.1142,67.8575,Pakistan,PK,PAK,Balochistan,Balochistan,PK-BA,province,,31.9,,,4,Asia/Karachi,FALSE,1586409574
Birbal,Birbal,,30.5052,73.6981,Pakistan,PK,PAK,Punjab,Punjab,PK-PB,province,,694.1,,,3,Asia/Karachi,FALSE,1586028660
Barawan,Barawan,,34.7042,74.1875,Pakistan,PK,PAK,Azad Kashmir,Azad Kashmir,PK-JK,Pakistan administered area,,46.2,,,4,Asia/Kolkata,FALSE,1586357691
Goth Amil Khan Mehar,Goth Amil Khan Mehar,,27.9345,68.3653,Pakistan,PK,PAK,Sindh,Sindh,PK-SD,province,,406.9,,,3,Asia/Karachi,FALSE,1586777991
Chak Six Hundred Forty Thal Development Authority,Chak Six Hundred Forty Thal Development Authority,Dhailuwāla|Chak Six Hundred Forty TDA|Chak 640 TDA,30.6272,71.2949,Pakistan,PK,PAK,Punjab,Punjab,PK-PB,province,,443.3,,,3,Asia/Karachi,FALSE,1586820472
Ghwago,Ghwago,,34.8092,71.9415,Pakistan,PK,PAK,Khyber Pakhtunkhwa,Khyber Pakhtunkhwa,PK-KP,province,,835.0,,,3,Asia/Karachi,FALSE,1586049721
Dhur Kot,Dhur Kot,,31.4568,73.6942,Pakistan,PK,PAK,Punjab,Punjab,PK-PB,province,,730.8,,,3,Asia/Karachi,FALSE,1586030561
Dhupli,Dhupli,,33.0409,73.9852,Pakistan,PK,PAK,Azad Kashmir,Azad Kashmir,PK-JK,Pakistan administered area,,304.8,,,3,Asia/Karachi,FALSE,1586006913
Basti Jam Sangi,Basti Jam Sangi,,28.7628,70.3626,Pakistan,PK,PAK,Punjab,Punjab,PK-PB,province,,808.3,,,3,Asia/Karachi,FALSE,1586023471
Basti Silwali,Basti Silwali,Basti Siālānwāli,31.1329,72.0943,Pakistan,PK,PAK,Punjab,Punjab,PK-PB,province,,491.7,,,3,Asia/Karachi,FALSE,1586529831
Basti Dhonwali,Basti Dhonwali,Dhonawāli,30.7895,74.2001,Pakistan,PK,PAK,Punjab,Punjab,PK-PB,province,,861.9,,,3,Asia/Karachi,FALSE,1586558015
Haji Chanar Kalle,Haji Chanar Kalle,,34.2402,71.9440,Pakistan,PK,PAK,Khyber Pakhtunkhwa,Khyber Pakhtunkhwa,PK-KP,province,,1792.0,,,3,Asia/Karachi,FALSE,1586378658
Goth Morehlar,Goth Morehlar,Maulihār jo Tar,25.3281,69.8948,Pakistan,PK,PAK,Sindh,Sindh,PK-SD,province,,141.2,,,4,Asia/Karachi,FALSE,1586845615
Basti Pīr Bakhsh Korāi,Basti Pir Bakhsh Korai,,28.6611,70.5611,Pakistan,PK,PAK,Punjab,Punjab,PK-PB,province,,695.7,,,3,Asia/Karachi,FALSE,1586483112
Dolwala,Dolwala,Dolwāli,30.1248,71.1095,Pakistan,PK,PAK,Punjab,Punjab,PK-PB,province,,767.3,,,3,Asia/Karachi,FALSE,1586239479
Dolwala,Dolwala,Dholwāla,30.4239,70.7308,Pakistan,PK,PAK,Punjab,Punjab,PK-PB,province,,561.0,,,3,Asia/Karachi,TRUE,1586604978
Jhok Sabzal,Jhok Sabzal,,28.6960,67.6996,Pakistan,PK,PAK,Balochistan,Balochistan,PK-BA,province,,28.9,,,4,Asia/Karachi,FALSE,1586789160
Darya Khan Ujjan,Darya Khan Ujjan,,27.0828,68.5406,Pakistan,PK,PAK,Sindh,Sindh,PK-SD,province,,564.1,,,3,Asia/Karachi,FALSE,1586021263
L Plot,L Plot,Faujiānwāla,31.0449,73.6635,Pakistan,PK,PAK,Punjab,Punjab,PK-PB,province,,946.4,,,3,Asia/Karachi,FALSE,1586101158
Goth Kund,Goth Kund,,25.8845,66.9069,Pakistan,PK,PAK,Balochistan,Balochistan,PK-BA,province,,10.2,,,4,Asia/Karachi,FALSE,1586598379
Basti Dhelo,Basti Dhelo,,31.0027,72.2286,Pakistan,PK,PAK,Punjab,Punjab,PK-PB,province,,552.4,,,3,Asia/Karachi,FALSE,1586262700
Guchar Shal,Guchar Shal,Ghuchār Shāl,35.7408,71.8455,Pakistan,PK,PAK,Khyber Pakhtunkhwa,Khyber Pakhtunkhwa,PK-KP,province,,59.8,,,4,Asia/Karachi,FALSE,1586599517
Ahsan Shah,Ahsan Shah,,24.9147,68.8509,Pakistan,PK,PAK,Sindh,Sindh,PK-SD,province,,285.2,,,3,Asia/Karachi,FALSE,1586017207
Bungi Ram Singh,Bungi Ram Singh,,30.7675,74.0265,Pakistan,PK,PAK,Punjab,Punjab,PK-PB,province,,694.1,,,3,Asia/Karachi,FALSE,1586522143
Ghusri,Ghusri,,30.6285,70.9436,Pakistan,PK,PAK,Punjab,Punjab,PK-PB,province,,443.3,,,3,Asia/Karachi,FALSE,1586606275
Marka Ziarat,Marka Ziarat,,29.5219,69.8718,Pakistan,PK,PAK,Punjab,Punjab,PK-PB,province,,5.3,,,5,Asia/Karachi,FALSE,1586132978
Minjhar,Minjhar,Majhār,33.6158,73.8389,Pakistan,PK,PAK,Azad Kashmir,Azad Kashmir,PK-JK,Pakistan administered area,,525.3,,,3,Asia/Karachi,FALSE,1586713560
Musa Tahlani,Musa Tahlani,,29.1838,68.0613,Pakistan,PK,PAK,Balochistan,Balochistan,PK-BA,province,,21.2,,,4,Asia/Karachi,FALSE,1586010556
Paharo,Paharo,,33.9732,72.8408,Pakistan,PK,PAK,Khyber Pakhtunkhwa,Khyber Pakhtunkhwa,PK-KP,province,,816.9,,,3,Asia/Karachi,FALSE,1586391956
Goth Muhammad Bakhsh Gambar,Goth Muhammad Bakhsh Gambar,Khuda Bakhsh Gamban,25.1357,68.5836,Pakistan,PK,PAK,Sindh,Sindh,PK-SD,province,,442.1,,,3,Asia/Karachi,FALSE,1586579978
Uzhda,Uzhda,,30.5092,67.2250,Pakistan,PK,PAK,Balochistan,Balochistan,PK-BA,province,,62.5,,,4,Asia/Karachi,FALSE,1586186977
Umar Banda,Umar Banda,,34.5290,72.8130,Pakistan,PK,PAK,Khyber Pakhtunkhwa,Khyber Pakhtunkhwa,PK-KP,province,,701.8,,,3,Asia/Karachi,FALSE,1586183367
Chak Chhutta,Chak Chhutta,Chak Chhattah|Chak Chhatta,32.9785,73.7289,Pakistan,PK,PAK,Punjab,Punjab,PK-PB,province,,839.6,,,3,Asia/Karachi,FALSE,1586455919
Chak Two Hundred Forty Thal Development Authority,Chak Two Hundred Forty Thal Development Authority,Chak Two Hundred Forty TDA|Chak 240 TDA,31.2427,71.2407,Pakistan,PK,PAK,Punjab,Punjab,PK-PB,province,,462.8,,,3,Asia/Karachi,FALSE,1586260664
Dakhari,Dakhari,,33.7796,72.9553,Pakistan,PK,PAK,Khyber Pakhtunkhwa,Khyber Pakhtunkhwa,PK-KP,province,,816.9,,,3,Asia/Karachi,FALSE,1586019064
Bannewala,Bannewala,Akilpur|Aqilpur,31.6972,72.2327,Pakistan,PK,PAK,Punjab,Punjab,PK-PB,province,,491.7,,,3,Asia/Karachi,FALSE,1586653650
Bannewāla,Bannewala,,30.4042,71.0583,Pakistan,PK,PAK,Punjab,Punjab,PK-PB,province,,443.3,,,3,Asia/Karachi,TRUE,1586220417
Kela Bhaini,Kela Bhaini,,30.3900,73.8861,Pakistan,PK,PAK,Punjab,Punjab,PK-PB,province,,442.1,,,3,Asia/Karachi,FALSE,1586010068
Chak Twenty-six ML,Chak Twenty-six ML,,32.0893,71.4814,Pakistan,PK,PAK,Punjab,Punjab,PK-PB,province,,225.2,,,3,Asia/Karachi,FALSE,1586494463
Lar Nishpa,Lar Nishpa,,31.3066,70.0972,Pakistan,PK,PAK,Balochistan,Balochistan,PK-BA,province,,29.8,,,4,Asia/Karachi,FALSE,1586606030
Khwaja Kashahi,Khwaja Kashahi,,24.7824,68.9630,Pakistan,PK,PAK,Sindh,Sindh,PK-SD,province,,285.2,,,3,Asia/Karachi,FALSE,1586017040
Kiris,Kiris,,35.2305,75.9440,Pakistan,PK,PAK,Gilgit-Baltistan,Gilgit-Baltistan,PK-GB,Pakistan administered area,,29.2,,,4,Asia/Karachi,FALSE,1586097499
Kili Haji Pattan,Kili Haji Pattan,,30.3151,69.2467,Pakistan,PK,PAK,Balochistan,Balochistan,PK-BA,province,,34.1,,,4,Asia/Karachi,FALSE,1586284376
Dera Mistrian,Dera Mistrian,,31.3512,71.2743,Pakistan,PK,PAK,Punjab,Punjab,PK-PB,province,,82.8,,,4,Asia/Karachi,FALSE,1586921218
Khangah Khair Muhammad Sindhi,Khangah Khair Muhammad Sindhi,,29.9846,70.7436,Pakistan,PK,PAK,Punjab,Punjab,PK-PB,province,,561.0,,,3,Asia/Karachi,FALSE,1586024983
Durkani,Durkani,Jhok Durkāni,31.0857,70.5674,Pakistan,PK,PAK,Punjab,Punjab,PK-PB,province,,239.9,,,3,Asia/Karachi,FALSE,1586505764
Bhulilanwala Khu,Bhulilanwala Khu,,30.6588,72.6317,Pakistan,PK,PAK,Punjab,Punjab,PK-PB,province,,788.3,,,3,Asia/Karachi,FALSE,1586027617