city,city_ascii,city_alt,lat,lng,country,iso2,iso3,admin_name,admin_name_ascii,admin_code,admin_type,capital,density,population,population_proper,ranking,timezone,same_name,id
Bejuco,Bejuco,,8.8170,-81.0362,Panama,PA,PAN,Veraguas,Veraguas,PA-9,province,,4.2,,,5,America/Panama,FALSE,1591001924
Brazo de Mono,Brazo de Mono,,8.6350,-82.2556,Panama,PA,PAN,Chiriquí,Chiriqui,PA-4,province,,16.3,,,4,America/Panama,FALSE,1591001134
Corredó,Corredo,Coredó,8.5587,-78.1516,Panama,PA,PAN,Darién,Darien,PA-5,province,,12.5,,,4,America/Panama,FALSE,1591887717
Urbanización Azuero,Urbanizacion Azuero,,7.8777,-80.5403,Panama,PA,PAN,Herrera,Herrera,PA-6,province,,32.8,,,4,America/Panama,FALSE,1591864503
El Bembón,El Bembon,,8.7500,-79.8667,Panama,PA,PAN,Panamá Oeste,Panama Oeste,PA-10,province,,136.6,,,4,America/Panama,FALSE,1591612328
Alto del Salado,Alto del Salado,,8.0594,-81.6085,Panama,PA,PAN,Veraguas,Veraguas,PA-9,province,,13.6,,,4,America/Panama,FALSE,1591004083
Río Caimito,Rio Caimito,,9.0219,-80.6797,Panama,PA,PAN,Colón,Colon,PA-3,province,,5.0,,,5,America/Panama,FALSE,1591001921
Quebrada Palma,Quebrada Palma,,8.4328,-81.9568,Panama,PA,PAN,Ngäbe-Buglé,Ngabe-Bugle,PA-NB,indigenous region,,85.9,,,4,America/Panama,FALSE,1591000719
La Coca,La Coca,,7.9922,-81.5245,Panama,PA,PAN,Veraguas,Veraguas,PA-9,province,,5.4,,,5,America/Panama,FALSE,1591002228
Charco Redondo,Charco Redondo,,8.2903,-81.4094,Panama,PA,PAN,Veraguas,Veraguas,PA-9,province,,18.6,,,4,America/Panama,FALSE,1591972816
Escodú,Escodu,,8.2483,-81.8274,Panama,PA,PAN,Chiriquí,Chiriqui,PA-4,province,,45.7,,,4,America/Panama,FALSE,1591001345
Marañones,Maranones,,7.5909,-80.3806,Panama,PA,PAN,Los Santos,Los Santos,PA-7,province,,10.6,,,4,America/Panama,FALSE,1591960326
Marañón,Maranon,,8.7628,-81.3059,Panama,PA,PAN,Ngäbe-Buglé,Ngabe-Bugle,PA-NB,indigenous region,,16.0,,,4,America/Panama,FALSE,1591001609
La Coca,La Coca,,8.5597,-80.1784,Panama,PA,PAN,Coclé,Cocle,PA-2,province,,106.8,,,4,America/Panama,FALSE,1591921820
La Coca,La Coca,,9.1019,-80.2139,Panama,PA,PAN,Colón,Colon,PA-3,province,,32.3,,,4,America/Panama,FALSE,1591004825
La Coca,La Coca,,9.0605,-80.3541,Panama,PA,PAN,Colón,Colon,PA-3,province,,11.9,,,4,America/Panama,TRUE,1591002229
Las Lajitas,Las Lajitas,,8.4261,-80.6459,Panama,PA,PAN,Coclé,Cocle,PA-2,province,,20.4,,,4,America/Panama,FALSE,1591736924
Las Lajitas,Las Lajitas,,7.8786,-80.3346,Panama,PA,PAN,Los Santos,Los Santos,PA-7,province,,45.3,,,4,America/Panama,FALSE,1591003427
Las Lajitas,Las Lajitas,,7.8187,-80.5157,Panama,PA,PAN,Los Santos,Los Santos,PA-7,province,,24.2,,,4,America/Panama,TRUE,1591907431
Chupertí,Chuperti,,8.1274,-77.6304,Panama,PA,PAN,Darién,Darien,PA-5,province,,11.0,,,4,America/Panama,FALSE,1591004410
Las Lajitas,Las Lajitas,,8.7764,-78.3996,Panama,PA,PAN,Darién,Darien,PA-5,province,,7.2,,,5,America/Panama,FALSE,1591005283
Remolino,Remolino,La Bongona,7.7105,-81.3389,Panama,PA,PAN,Veraguas,Veraguas,PA-9,province,,16.1,,,4,America/Panama,FALSE,1591999988
Remolino,Remolino,Remolinos|Remolmo,7.9360,-81.0359,Panama,PA,PAN,Veraguas,Veraguas,PA-9,province,,13.4,,,4,America/Panama,TRUE,1591222783
Calabazal,Calabazal,,8.3447,-81.8469,Panama,PA,PAN,Ngäbe-Buglé,Ngabe-Bugle,PA-NB,indigenous region,,177.2,,,4,America/Panama,FALSE,1591001894
Calabazal,Calabazal,,8.3540,-81.9562,Panama,PA,PAN,Ngäbe-Buglé,Ngabe-Bugle,PA-NB,indigenous region,,148.4,,,4,America/Panama,TRUE,1591001893
Calabazal,Calabazal,,8.2830,-81.8176,Panama,PA,PAN,Ngäbe-Buglé,Ngabe-Bugle,PA-NB,indigenous region,,53.5,,,4,America/Panama,TRUE,1591192869
Calabazal,Calabazal,,8.4691,-81.8984,Panama,PA,PAN,Ngäbe-Buglé,Ngabe-Bugle,PA-NB,indigenous region,,43.9,,,4,America/Panama,TRUE,1591001892
Nuevo Amanecer,Nuevo Amanecer,,8.3593,-81.5663,Panama,PA,PAN,Ngäbe-Buglé,Ngabe-Bugle,PA-NB,indigenous region,,23.8,,,4,America/Panama,FALSE,1591002705
Finca Señales,Finca Senales,Señales,7.9098,-80.7883,Panama,PA,PAN,Herrera,Herrera,PA-6,province,,70.3,,,4,America/Panama,FALSE,1591156075
La Pica Pica,La Pica Pica,,7.8415,-80.5408,Panama,PA,PAN,Los Santos,Los Santos,PA-7,province,,22.5,,,4,America/Panama,FALSE,1591003403
Boca de Jalí,Boca de Jali,,8.8800,-81.9074,Panama,PA,PAN,Ngäbe-Buglé,Ngabe-Bugle,PA-NB,indigenous region,,22.0,,,4,America/Panama,FALSE,1591445096
Nuevo Canajagua,Nuevo Canajagua,,9.5635,-79.2971,Panama,PA,PAN,Colón,Colon,PA-3,province,,2.2,,,5,America/Panama,FALSE,1591005272
Lubré,Lubre,,8.7904,-80.4074,Panama,PA,PAN,Coclé,Cocle,PA-2,province,,24.6,,,4,America/Panama,FALSE,1591027430
El Macano,El Macano,,8.5107,-81.4024,Panama,PA,PAN,Ngäbe-Buglé,Ngabe-Bugle,PA-NB,indigenous region,,27.6,,,4,America/Panama,FALSE,1591000365
La Gunza,La Gunza,,7.8825,-81.4214,Panama,PA,PAN,Veraguas,Veraguas,PA-9,province,,9.0,,,5,America/Panama,FALSE,1591843067
La Bucería,La Buceria,,7.5547,-81.1977,Panama,PA,PAN,Veraguas,Veraguas,PA-9,province,,0.5,,,5,America/Panama,FALSE,1591908218
Los Cedros,Los Cedros,,9.0449,-80.0665,Panama,PA,PAN,Colón,Colon,PA-3,province,,43.6,,,4,America/Panama,FALSE,1591051993
Los Cedros,Los Cedros,,9.1667,-80.1000,Panama,PA,PAN,Colón,Colon,PA-3,province,,42.1,,,4,America/Panama,TRUE,1591679877
Los Cedros,Los Cedros,,9.0222,-80.1591,Panama,PA,PAN,Colón,Colon,PA-3,province,,22.3,,,4,America/Panama,TRUE,1591400891
Quebrada Hinestroza,Quebrada Hinestroza,,8.6165,-78.1178,Panama,PA,PAN,Darién,Darien,PA-5,province,,13.2,,,4,America/Panama,FALSE,1591004919
Cedro Arriba,Cedro Arriba,,7.7815,-80.5311,Panama,PA,PAN,Los Santos,Los Santos,PA-7,province,minor,19.6,,,3,America/Panama,FALSE,1591169891
San Joaquín,San Joaquin,,9.1500,-79.0167,Panama,PA,PAN,Panamá,Panama,PA-8,province,,52.9,,,4,America/Panama,FALSE,1591596016
Isla Pulpo,Isla Pulpo,,9.5545,-78.9509,Panama,PA,PAN,Guna Yala,Guna Yala,PA-KY,indigenous region,,12.7,,,4,America/Panama,FALSE,1591004543
Las Trancas,Las Trancas,,8.4603,-80.0865,Panama,PA,PAN,Coclé,Cocle,PA-2,province,,66.4,,,4,America/Panama,FALSE,1591404482
La Granadilla,La Granadilla,,8.5269,-80.1773,Panama,PA,PAN,Coclé,Cocle,PA-2,province,,79.4,,,4,America/Panama,FALSE,1591004539
Totumo Abajo,Totumo Abajo,,8.2679,-77.8323,Panama,PA,PAN,Darién,Darien,PA-5,province,,13.4,,,4,America/Panama,FALSE,1591005364
Bajo Maraca,Bajo Maraca,,8.3623,-81.7475,Panama,PA,PAN,Ngäbe-Buglé,Ngabe-Bugle,PA-NB,indigenous region,,195.2,,,4,America/Panama,FALSE,1591003857
Llano Bonito,Llano Bonito,,8.4369,-81.6169,Panama,PA,PAN,Ngäbe-Buglé,Ngabe-Bugle,PA-NB,indigenous region,,45.4,,,4,America/Panama,FALSE,1591002500
Totole,Totole,,8.8044,-82.2988,Panama,PA,PAN,Ngäbe-Buglé,Ngabe-Bugle,PA-NB,indigenous region,,9.5,,,5,America/Panama,FALSE,1591852848
Jobito,Jobito,,8.2593,-81.2439,Panama,PA,PAN,Veraguas,Veraguas,PA-9,province,,26.2,,,4,America/Panama,FALSE,1591001577
San Felipe,San Felipe,,8.9524,-79.5353,Panama,PA,PAN,Panamá,Panama,PA-8,province,minor,32727.1,,,2,America/Panama,FALSE,1591002090
Sambalamba,Sambalamba,,9.3667,-79.8500,Panama,PA,PAN,Colón,Colon,PA-3,province,,1475.1,,,3,America/Panama,FALSE,1591795130
Finca Ceiba,Finca Ceiba,,8.3498,-82.8352,Panama,PA,PAN,Chiriquí,Chiriqui,PA-4,province,,96.1,,,4,America/Panama,FALSE,1591485951
Sauceo,Sauceo,,8.3317,-80.8903,Panama,PA,PAN,Veraguas,Veraguas,PA-9,province,,12.7,,,4,America/Panama,FALSE,1591001795
El Palomo,El Palomo,,8.5899,-80.5148,Panama,PA,PAN,Coclé,Cocle,PA-2,province,,52.1,,,4,America/Panama,FALSE,1591620322
Cerro Alto Ambrosio,Cerro Alto Ambrosio,,7.7327,-80.9044,Panama,PA,PAN,Herrera,Herrera,PA-6,province,,14.9,,,4,America/Panama,FALSE,1591002315
Llano Pita,Llano Pita,Bajo Pita,8.3644,-81.6085,Panama,PA,PAN,Ngäbe-Buglé,Ngabe-Bugle,PA-NB,indigenous region,,107.0,,,4,America/Panama,FALSE,1591872110
Alto de Las Nubes,Alto de Las Nubes,,9.0850,-79.5596,Panama,PA,PAN,Panamá,Panama,PA-8,province,,2536.4,,,2,America/Panama,FALSE,1591000769
El Salto de Limón,El Salto de Limon,,7.9833,-81.1833,Panama,PA,PAN,Veraguas,Veraguas,PA-9,province,,24.6,,,4,America/Panama,FALSE,1591203264
Quebrada Conejo,Quebrada Conejo,,7.9254,-77.9741,Panama,PA,PAN,Darién,Darien,PA-5,province,,1.0,,,5,America/Panama,FALSE,1591005448
Respingo,Respingo,Paso de Respingo,8.8445,-82.5333,Panama,PA,PAN,Chiriquí,Chiriqui,PA-4,province,,37.9,,,4,America/Panama,FALSE,1591001449
Púcuro,Pucuro,Pucro,7.9737,-77.4860,Panama,PA,PAN,Darién,Darien,PA-5,province,minor,0.7,,,3,America/Panama,FALSE,1591009376
Bajo Noro,Bajo Noro,,8.6250,-81.7099,Panama,PA,PAN,Ngäbe-Buglé,Ngabe-Bugle,PA-NB,indigenous region,,41.8,,,4,America/Panama,FALSE,1591003946
Piriatí Arriba,Piriati Arriba,,9.0374,-78.6221,Panama,PA,PAN,Panamá,Panama,PA-8,province,,10.8,,,4,America/Panama,FALSE,1591005141
Diatupu,Diatupu,,9.5778,-78.6717,Panama,PA,PAN,Guna Yala,Guna Yala,PA-KY,indigenous region,,12.7,,,4,America/Panama,FALSE,1591005518
Aguacatón,Aguacaton,,8.3543,-82.8025,Panama,PA,PAN,Chiriquí,Chiriqui,PA-4,province,,107.3,,,4,America/Panama,FALSE,1591000104
La Cucurucha,La Cucurucha,,8.2853,-81.5058,Panama,PA,PAN,Veraguas,Veraguas,PA-9,province,,14.0,,,4,America/Panama,FALSE,1591468337
Tronoso,Tronoso,,8.5276,-80.6225,Panama,PA,PAN,Coclé,Cocle,PA-2,province,,22.1,,,4,America/Panama,FALSE,1591001051
Marica Abajo,Marica Abajo,,8.5333,-80.2167,Panama,PA,PAN,Coclé,Cocle,PA-2,province,,106.2,,,4,America/Panama,FALSE,1591498592
Quebrada Arenas,Quebrada Arenas,,8.3070,-81.7209,Panama,PA,PAN,Ngäbe-Buglé,Ngabe-Bugle,PA-NB,indigenous region,,163.2,,,4,America/Panama,FALSE,1591772744
Quebrada Arenas,Quebrada Arenas,,8.5824,-82.0340,Panama,PA,PAN,Ngäbe-Buglé,Ngabe-Bugle,PA-NB,indigenous region,,32.6,,,4,America/Panama,TRUE,1591003602
Los Palomos,Los Palomos,Las Palomas|Los Palomas,8.5956,-82.4844,Panama,PA,PAN,Chiriquí,Chiriqui,PA-4,province,,51.8,,,4,America/Panama,FALSE,1591565408
La Madroña,La Madrona,,8.4653,-82.6170,Panama,PA,PAN,Chiriquí,Chiriqui,PA-4,province,,225.7,,,3,America/Panama,FALSE,1591945453
Fruta Panal,Fruta Panal,,8.1646,-77.6595,Panama,PA,PAN,Darién,Darien,PA-5,province,,13.4,,,4,America/Panama,FALSE,1591005460
Boca de La Arena,Boca de La Arena,,8.1070,-81.6003,Panama,PA,PAN,Veraguas,Veraguas,PA-9,province,,27.5,,,4,America/Panama,FALSE,1591000261
El Jobito,El Jobito,,8.6333,-79.9333,Panama,PA,PAN,Panamá Oeste,Panama Oeste,PA-10,province,,61.7,,,4,America/Panama,FALSE,1591609718
El Infiernillo,El Infiernillo,,8.4167,-80.1667,Panama,PA,PAN,Coclé,Cocle,PA-2,province,,43.0,,,4,America/Panama,FALSE,1591108960
La Bonguita Centro,La Bonguita Centro,,8.8561,-80.0310,Panama,PA,PAN,Panamá Oeste,Panama Oeste,PA-10,province,,29.8,,,4,America/Panama,FALSE,1591005390
La Cotava Arriba,La Cotava Arriba,Cotava Arriba,8.2327,-80.7150,Panama,PA,PAN,Coclé,Cocle,PA-2,province,,17.5,,,4,America/Panama,FALSE,1591107602
Armado,Armado,,8.4796,-81.9877,Panama,PA,PAN,Ngäbe-Buglé,Ngabe-Bugle,PA-NB,indigenous region,,51.0,,,4,America/Panama,FALSE,1591041722
Cerro Boba,Cerro Boba,,8.3620,-81.7323,Panama,PA,PAN,Ngäbe-Buglé,Ngabe-Bugle,PA-NB,indigenous region,,121.0,,,4,America/Panama,FALSE,1591000564
Cerro Boba,Cerro Boba,,8.5475,-81.6006,Panama,PA,PAN,Ngäbe-Buglé,Ngabe-Bugle,PA-NB,indigenous region,,45.4,,,4,America/Panama,TRUE,1591000565
Bajo Canoas,Bajo Canoas,Bajo de Rio Piedra|Bajo de la Canoa,8.4668,-82.6081,Panama,PA,PAN,Chiriquí,Chiriqui,PA-4,province,,127.0,,,4,America/Panama,FALSE,1591741182
Cerro Cutubí,Cerro Cutubi,,8.0778,-81.2433,Panama,PA,PAN,Veraguas,Veraguas,PA-9,province,,19.8,,,4,America/Panama,FALSE,1591003560
Paso Vidrio,Paso Vidrio,,8.6399,-81.2302,Panama,PA,PAN,Ngäbe-Buglé,Ngabe-Bugle,PA-NB,indigenous region,,7.7,,,5,America/Panama,FALSE,1591000863
La Cañazosa Abajo,La Canazosa Abajo,,7.8984,-80.9162,Panama,PA,PAN,Herrera,Herrera,PA-6,province,,22.3,,,4,America/Panama,FALSE,1591003820
La Cruce de La Llanita,La Cruce de La Llanita,,7.5833,-80.7167,Panama,PA,PAN,Herrera,Herrera,PA-6,province,,6.4,,,5,America/Panama,FALSE,1591136547
Barriada Calle Arenas,Barriada Calle Arenas,,7.5456,-80.0240,Panama,PA,PAN,Los Santos,Los Santos,PA-7,province,,23.3,,,4,America/Panama,FALSE,1591000580
Río Oeste Afuera,Rio Oeste Afuera,Río Oeste|Western River,9.2500,-82.4167,Panama,PA,PAN,Bocas del Toro,Bocas del Toro,PA-1,province,,118.4,,,4,America/Panama,FALSE,1591371323
Boca de Naguala,Boca de Naguala,,8.0444,-78.2063,Panama,PA,PAN,Emberá-Wounaan,Embera-Wounaan,PA-EM,indigenous region,,3.9,,,5,America/Panama,FALSE,1591004198
Puerto Victoria,Puerto Victoria,,8.3840,-82.2002,Panama,PA,PAN,Chiriquí,Chiriqui,PA-4,province,,10.5,,,4,America/Panama,FALSE,1591753872
Naranial No. 1,Naranial No. 1,,8.2111,-77.5632,Panama,PA,PAN,Emberá-Wounaan,Embera-Wounaan,PA-EM,indigenous region,,5.6,,,5,America/Panama,FALSE,1591378884
El Hortigo,El Hortigo,El Ortigo,7.6054,-80.5767,Panama,PA,PAN,Los Santos,Los Santos,PA-7,province,,17.1,,,4,America/Panama,FALSE,1591213041
Quebrada Almaria,Quebrada Almaria,,7.6818,-80.1875,Panama,PA,PAN,Los Santos,Los Santos,PA-7,province,,27.3,,,4,America/Panama,FALSE,1591003448
Las Delicias Abajo,Las Delicias Abajo,Las Delicias,9.6050,-82.8496,Panama,PA,PAN,Bocas del Toro,Bocas del Toro,PA-1,province,,23.9,,,4,America/Panama,FALSE,1591715563
Bajo Grande,Bajo Grande,,8.8777,-79.8993,Panama,PA,PAN,Panamá Oeste,Panama Oeste,PA-10,province,,65.9,,,4,America/Panama,FALSE,1591355666
Bajo Grande,Bajo Grande,,8.6833,-79.9333,Panama,PA,PAN,Panamá Oeste,Panama Oeste,PA-10,province,,48.3,,,4,America/Panama,TRUE,1591057951
Bajo Grande,Bajo Grande,,8.7887,-80.1058,Panama,PA,PAN,Panamá Oeste,Panama Oeste,PA-10,province,,29.8,,,4,America/Panama,TRUE,1591005219
Juan Ignacio,Juan Ignacio,,8.2306,-80.9905,Panama,PA,PAN,Veraguas,Veraguas,PA-9,province,,33.0,,,4,America/Panama,FALSE,1591003357
Limonal,Limonal,,8.5293,-80.7961,Panama,PA,PAN,Coclé,Cocle,PA-2,province,,16.5,,,4,America/Panama,FALSE,1591000562
Cerro Naipe,Cerro Naipe,,7.9897,-78.2990,Panama,PA,PAN,Darién,Darien,PA-5,province,,10.3,,,4,America/Panama,FALSE,1591004256
Rincón,Rincon,Rincón de Gualaca,8.4660,-82.2810,Panama,PA,PAN,Chiriquí,Chiriqui,PA-4,province,minor,26.3,,,3,America/Panama,FALSE,1591227274
Rincón,Rincon,,8.5055,-81.0890,Panama,PA,PAN,Veraguas,Veraguas,PA-9,province,,20.9,,,4,America/Panama,FALSE,1591000717
Piñalón,Pinalon,Piñalito,8.6060,-78.1615,Panama,PA,PAN,Darién,Darien,PA-5,province,,13.2,,,4,America/Panama,FALSE,1591005072
Calidonia,Calidonia,Caledonia,8.9673,-79.5359,Panama,PA,PAN,Panamá,Panama,PA-8,province,minor,13115.4,,,2,America/Panama,FALSE,1591003741
Pasmo,Pasmo,,8.3833,-82.0986,Panama,PA,PAN,Chiriquí,Chiriqui,PA-4,province,,10.5,,,4,America/Panama,FALSE,1591000027
La Purísima,La Purisima,,8.3572,-81.2701,Panama,PA,PAN,Veraguas,Veraguas,PA-9,province,,17.5,,,4,America/Panama,FALSE,1591963401
Atré Abajo,Atre Abajo,,8.7033,-80.2847,Panama,PA,PAN,Coclé,Cocle,PA-2,province,,28.1,,,4,America/Panama,FALSE,1591839332
Los Tablones,Los Tablones,,8.0303,-78.3993,Panama,PA,PAN,Darién,Darien,PA-5,province,,10.3,,,4,America/Panama,FALSE,1591005047
Los Tablones,Los Tablones,,8.5506,-78.2071,Panama,PA,PAN,Darién,Darien,PA-5,province,,7.5,,,5,America/Panama,TRUE,1591005048
Arenilla,Arenilla,,8.5156,-80.1148,Panama,PA,PAN,Coclé,Cocle,PA-2,province,,131.9,,,4,America/Panama,FALSE,1591005042
La Cabaña,La Cabana,,9.2226,-79.3380,Panama,PA,PAN,Panamá,Panama,PA-8,province,,163.4,,,4,America/Panama,FALSE,1591005441
La Cabaña,La Cabana,,8.5317,-80.8711,Panama,PA,PAN,Veraguas,Veraguas,PA-9,province,,14.4,,,4,America/Panama,FALSE,1591002346
Quebrada de Piedra,Quebrada de Piedra,,8.8870,-78.3822,Panama,PA,PAN,Panamá,Panama,PA-8,province,,10.8,,,4,America/Panama,FALSE,1591004781
Getulio,Getulio,,8.5784,-80.7355,Panama,PA,PAN,Coclé,Cocle,PA-2,province,,13.3,,,4,America/Panama,FALSE,1591299125
Calle Real,Calle Real,,9.0696,-80.5623,Panama,PA,PAN,Colón,Colon,PA-3,province,,5.0,,,5,America/Panama,FALSE,1591003794
Quebrada de Piedra,Quebrada de Piedra,,8.0055,-80.5412,Panama,PA,PAN,Herrera,Herrera,PA-6,province,,39.2,,,4,America/Panama,FALSE,1591699339
Quebrada de Piedra,Quebrada de Piedra,Quebrada Piedra,7.6320,-80.7038,Panama,PA,PAN,Herrera,Herrera,PA-6,province,,12.6,,,4,America/Panama,TRUE,1591747989
Quebrada de Piedra,Quebrada de Piedra,Quebrada Piedra,8.0954,-81.6829,Panama,PA,PAN,Chiriquí,Chiriqui,PA-4,province,minor,9.9,,,3,America/Panama,FALSE,1591796454
Quebrada de Piedra,Quebrada de Piedra,,8.3020,-82.9025,Panama,PA,PAN,Chiriquí,Chiriqui,PA-4,province,,110.8,,,4,America/Panama,TRUE,1591000239
El Collao,El Collao,,8.9992,-80.5514,Panama,PA,PAN,Colón,Colon,PA-3,province,,5.0,,,5,America/Panama,FALSE,1591000780
Grute,Grute,,8.6418,-81.7417,Panama,PA,PAN,Ngäbe-Buglé,Ngabe-Bugle,PA-NB,indigenous region,,9.5,,,5,America/Panama,FALSE,1591003142
Alto de la Rosa,Alto de la Rosa,,8.4333,-80.1000,Panama,PA,PAN,Coclé,Cocle,PA-2,province,,152.0,,,4,America/Panama,FALSE,1591014958
Bajo Nubes,Bajo Nubes,,8.4670,-81.5508,Panama,PA,PAN,Ngäbe-Buglé,Ngabe-Bugle,PA-NB,indigenous region,,18.5,,,4,America/Panama,FALSE,1591003710
Punta Bonita,Punta Bonita,,9.2795,-82.1248,Panama,PA,PAN,Bocas del Toro,Bocas del Toro,PA-1,province,,42.7,,,4,America/Panama,FALSE,1591001070
Altos de Las Trancas,Altos de Las Trancas,,8.3103,-81.6238,Panama,PA,PAN,Ngäbe-Buglé,Ngabe-Bugle,PA-NB,indigenous region,,68.8,,,4,America/Panama,FALSE,1591492033
Bajos de Güera,Bajos de Guera,Bajo de Güera|El Bajo de Güera,7.5442,-80.6262,Panama,PA,PAN,Los Santos,Los Santos,PA-7,province,minor,6.9,,,3,America/Panama,FALSE,1591838365
Limonada,Limonada,,9.0803,-78.9710,Panama,PA,PAN,Panamá,Panama,PA-8,province,,52.9,,,4,America/Panama,FALSE,1591196639
La Vaca,La Vaca,,7.3702,-80.4344,Panama,PA,PAN,Los Santos,Los Santos,PA-7,province,,25.1,,,4,America/Panama,FALSE,1591160431
La Vaca,La Vaca,,7.5314,-80.1739,Panama,PA,PAN,Los Santos,Los Santos,PA-7,province,,6.3,,,5,America/Panama,TRUE,1591977051
Joboto,Joboto,Mununí,8.7994,-81.7972,Panama,PA,PAN,Ngäbe-Buglé,Ngabe-Bugle,PA-NB,indigenous region,,11.5,,,4,America/Panama,FALSE,1591180155
Caimito Arriba,Caimito Arriba,,8.7627,-79.9570,Panama,PA,PAN,Panamá Oeste,Panama Oeste,PA-10,province,,148.6,,,4,America/Panama,FALSE,1591004282
El Pifá,El Pifa,Alto Martín,7.7806,-80.9024,Panama,PA,PAN,Herrera,Herrera,PA-6,province,,17.3,,,4,America/Panama,FALSE,1591529539
Desembocadura de Ulé,Desembocadura de Ule,,8.2020,-81.5760,Panama,PA,PAN,Chiriquí,Chiriqui,PA-4,province,,18.6,,,4,America/Panama,FALSE,1591003944
Camino de Búcaro,Camino de Bucaro,,7.3519,-80.4229,Panama,PA,PAN,Los Santos,Los Santos,PA-7,province,,27.6,,,4,America/Panama,FALSE,1591003045
El Alto de Santa Cruz,El Alto de Santa Cruz,,8.9953,-80.2988,Panama,PA,PAN,Colón,Colon,PA-3,province,,11.9,,,4,America/Panama,FALSE,1591002562
Cerro Caja,Cerro Caja,,8.6048,-82.0096,Panama,PA,PAN,Ngäbe-Buglé,Ngabe-Bugle,PA-NB,indigenous region,,32.6,,,4,America/Panama,FALSE,1591000584
Los Mellos,Los Mellos,,8.3693,-77.9673,Panama,PA,PAN,Darién,Darien,PA-5,province,,4.0,,,5,America/Panama,FALSE,1591005003
Caldera,Caldera,,8.6597,-82.3703,Panama,PA,PAN,Chiriquí,Chiriqui,PA-4,province,minor,8.8,,,3,America/Panama,FALSE,1591559391
Guabal Arriba,Guabal Arriba,,8.3238,-81.3302,Panama,PA,PAN,Veraguas,Veraguas,PA-9,province,,16.9,,,4,America/Panama,FALSE,1591003284
Guabal Arriba,Guabal Arriba,,8.7769,-80.8362,Panama,PA,PAN,Veraguas,Veraguas,PA-9,province,,4.2,,,5,America/Panama,TRUE,1591003285
La Pintada,La Pintada,,8.2534,-81.0441,Panama,PA,PAN,Veraguas,Veraguas,PA-9,province,,27.2,,,4,America/Panama,FALSE,1591549207
La Pintada,La Pintada,,8.2642,-81.2488,Panama,PA,PAN,Veraguas,Veraguas,PA-9,province,,26.2,,,4,America/Panama,TRUE,1591476298
La Pintada,La Pintada,,8.2474,-81.1937,Panama,PA,PAN,Veraguas,Veraguas,PA-9,province,,26.2,,,4,America/Panama,TRUE,1591124378
La Pintada,La Pintada,,8.4017,-81.1209,Panama,PA,PAN,Veraguas,Veraguas,PA-9,province,,21.7,,,4,America/Panama,TRUE,1591001095
Bajos de Fonseca,Bajos de Fonseca,,8.3577,-81.7408,Panama,PA,PAN,Ngäbe-Buglé,Ngabe-Bugle,PA-NB,indigenous region,,178.5,,,4,America/Panama,FALSE,1591001935
Portugués Arriba,Portugues Arriba,,8.4011,-80.7573,Panama,PA,PAN,Veraguas,Veraguas,PA-9,province,,14.2,,,4,America/Panama,FALSE,1591001386
La Falúa,La Falua,La Faller,7.9550,-81.5117,Panama,PA,PAN,Veraguas,Veraguas,PA-9,province,,5.4,,,5,America/Panama,FALSE,1591521034
Loma Cuchilla,Loma Cuchilla,,9.1637,-82.3205,Panama,PA,PAN,Bocas del Toro,Bocas del Toro,PA-1,province,,22.6,,,4,America/Panama,FALSE,1591000636
La Pintada,La Pintada,,8.5962,-80.4469,Panama,PA,PAN,Coclé,Cocle,PA-2,province,minor,49.0,,,3,America/Panama,FALSE,1591780241
La Pintada,La Pintada,,8.1363,-81.6967,Panama,PA,PAN,Chiriquí,Chiriqui,PA-4,province,,11.7,,,4,America/Panama,FALSE,1591692314
La Pintada,La Pintada,La Pintaita,7.4624,-80.6514,Panama,PA,PAN,Los Santos,Los Santos,PA-7,province,,5.1,,,5,America/Panama,FALSE,1591539690
Agua Buena Número Uno,Agua Buena Numero Uno,Agua Buena Número 1,8.6349,-78.2078,Panama,PA,PAN,Darién,Darien,PA-5,province,,13.2,,,4,America/Panama,FALSE,1591004764
Bella Cruz,Bella Cruz,,8.7269,-81.4380,Panama,PA,PAN,Ngäbe-Buglé,Ngabe-Bugle,PA-NB,indigenous region,,3.3,,,5,America/Panama,FALSE,1591001856
Agua Buena Número Uno,Agua Buena Numero Uno,,9.0613,-78.8702,Panama,PA,PAN,Panamá,Panama,PA-8,province,,8.2,,,5,America/Panama,FALSE,1591789896
Manantial,Manantial,,8.6994,-78.0949,Panama,PA,PAN,Darién,Darien,PA-5,province,,13.2,,,4,America/Panama,FALSE,1591004285
Trinidad del Cerro,Trinidad del Cerro,,8.7333,-79.9833,Panama,PA,PAN,Panamá Oeste,Panama Oeste,PA-10,province,,33.6,,,4,America/Panama,FALSE,1591995998
Quebrada Guabo,Quebrada Guabo,Guabo,8.3304,-81.8306,Panama,PA,PAN,Ngäbe-Buglé,Ngabe-Bugle,PA-NB,indigenous region,,99.9,,,4,America/Panama,FALSE,1591164679
Entrada de Cueta,Entrada de Cueta,,8.6093,-82.7226,Panama,PA,PAN,Chiriquí,Chiriqui,PA-4,province,,47.3,,,4,America/Panama,FALSE,1591000215
Jácuma,Jacuma,,8.7833,-80.3167,Panama,PA,PAN,Coclé,Cocle,PA-2,province,,28.1,,,4,America/Panama,FALSE,1591024055
Londres,Londres,,8.6003,-82.1858,Panama,PA,PAN,Chiriquí,Chiriqui,PA-4,province,,28.7,,,4,America/Panama,FALSE,1591000994
Raelite,Raelite,,8.8938,-81.8832,Panama,PA,PAN,Ngäbe-Buglé,Ngabe-Bugle,PA-NB,indigenous region,,21.7,,,4,America/Panama,FALSE,1591696111
Los Marines,Los Marines,,8.0378,-80.9936,Panama,PA,PAN,Veraguas,Veraguas,PA-9,province,,83.7,,,4,America/Panama,FALSE,1591004058
Flores,Flores,,7.4866,-80.4059,Panama,PA,PAN,Los Santos,Los Santos,PA-7,province,minor,6.8,,,3,America/Panama,FALSE,1591067588
El Macho,El Macho,,8.4816,-81.1277,Panama,PA,PAN,Veraguas,Veraguas,PA-9,province,,32.5,,,4,America/Panama,FALSE,1591002557
El Macho,El Macho,,8.1050,-81.5717,Panama,PA,PAN,Veraguas,Veraguas,PA-9,province,,27.5,,,4,America/Panama,TRUE,1591387908
El Macho,El Macho,,8.2784,-80.7147,Panama,PA,PAN,Veraguas,Veraguas,PA-9,province,,17.5,,,4,America/Panama,TRUE,1591561711
El Macho,El Macho,,8.1952,-80.8086,Panama,PA,PAN,Veraguas,Veraguas,PA-9,province,,13.4,,,4,America/Panama,TRUE,1591981327
El Macho,El Macho,,8.3718,-80.8977,Panama,PA,PAN,Veraguas,Veraguas,PA-9,province,,12.7,,,4,America/Panama,TRUE,1591002558
El Macho,El Macho,,7.9901,-81.4587,Panama,PA,PAN,Veraguas,Veraguas,PA-9,province,,10.7,,,4,America/Panama,TRUE,1591698586
Tagua Arriba,Tagua Arriba,,9.1640,-80.0381,Panama,PA,PAN,Colón,Colon,PA-3,province,,18.5,,,4,America/Panama,FALSE,1591005238
Algarrobo,Algarrobo,,8.4713,-81.7792,Panama,PA,PAN,Ngäbe-Buglé,Ngabe-Bugle,PA-NB,indigenous region,,22.2,,,4,America/Panama,FALSE,1591382968
El Coco,El Coco,,8.3960,-80.3545,Panama,PA,PAN,Coclé,Cocle,PA-2,province,minor,41.1,,,3,America/Panama,FALSE,1591489043
El Coco,El Coco,,8.8000,-80.2333,Panama,PA,PAN,Coclé,Cocle,PA-2,province,,28.1,,,4,America/Panama,TRUE,1591589233
La Tranca,La Tranca,Las Trancas,8.5000,-82.4167,Panama,PA,PAN,Chiriquí,Chiriqui,PA-4,province,,341.8,,,3,America/Panama,FALSE,1591798896
El Coco,El Coco,,8.4117,-82.9480,Panama,PA,PAN,Chiriquí,Chiriqui,PA-4,province,,88.1,,,4,America/Panama,FALSE,1591930458
El Coco,El Coco,,7.4978,-78.0713,Panama,PA,PAN,Darién,Darien,PA-5,province,,2.8,,,5,America/Panama,FALSE,1591414755
El Coco,El Coco,,7.9000,-80.6167,Panama,PA,PAN,Herrera,Herrera,PA-6,province,,396.5,,,3,America/Panama,FALSE,1591467555
El Coco,El Coco,,7.8071,-80.3641,Panama,PA,PAN,Los Santos,Los Santos,PA-7,province,,53.4,,,4,America/Panama,FALSE,1591207027
Nueva California,Nueva California,,9.5142,-82.5957,Panama,PA,PAN,Bocas del Toro,Bocas del Toro,PA-1,province,,76.2,,,4,America/Panama,FALSE,1591004107
Alto del Coquillo,Alto del Coquillo,,8.7468,-80.7263,Panama,PA,PAN,Colón,Colon,PA-3,province,,4.7,,,5,America/Panama,FALSE,1591000389
Nueva California,Nueva California,,8.7886,-82.6449,Panama,PA,PAN,Chiriquí,Chiriqui,PA-4,province,,67.9,,,4,America/Panama,FALSE,1591037711
Boca Chucará,Boca Chucara,,8.7884,-81.3923,Panama,PA,PAN,Ngäbe-Buglé,Ngabe-Bugle,PA-NB,indigenous region,,16.0,,,4,America/Panama,FALSE,1591002200
Unión Tableíro,Union Tableiro,,8.8375,-78.6394,Panama,PA,PAN,Panamá,Panama,PA-8,province,,3.3,,,5,America/Panama,FALSE,1591663293
El Salero Abajo,El Salero Abajo,,7.7930,-80.8117,Panama,PA,PAN,Herrera,Herrera,PA-6,province,,12.5,,,4,America/Panama,FALSE,1591000444
Sansoncito Arriba,Sansoncito Arriba,,8.4028,-77.9119,Panama,PA,PAN,Darién,Darien,PA-5,province,,9.4,,,5,America/Panama,FALSE,1591004674
Ricito,Ricito,,8.8107,-81.0682,Panama,PA,PAN,Veraguas,Veraguas,PA-9,province,,4.2,,,5,America/Panama,FALSE,1591002673
El Salero Abajo,El Salero Abajo,,8.1634,-81.3368,Panama,PA,PAN,Veraguas,Veraguas,PA-9,province,,17.4,,,4,America/Panama,FALSE,1591000445
Buena Ventura Adentro,Buena Ventura Adentro,,9.5264,-79.6475,Panama,PA,PAN,Colón,Colon,PA-3,province,,21.4,,,4,America/Panama,FALSE,1591004263
La Patriota,La Patriota,,8.9922,-80.3512,Panama,PA,PAN,Colón,Colon,PA-3,province,,11.9,,,4,America/Panama,FALSE,1591001675
Changuina,Changuina,Chánguina,8.4430,-82.6884,Panama,PA,PAN,Chiriquí,Chiriqui,PA-4,province,,113.5,,,4,America/Panama,FALSE,1591422290
Buenos Aires,Buenos Aires,,8.6315,-79.9478,Panama,PA,PAN,Panamá Oeste,Panama Oeste,PA-10,province,minor,61.7,,,3,America/Panama,FALSE,1591650801
La Patriota,La Patriota,,7.8123,-81.4219,Panama,PA,PAN,Veraguas,Veraguas,PA-9,province,,6.0,,,5,America/Panama,FALSE,1591873587
Cerro Tambor,Cerro Tambor,,8.5211,-81.4743,Panama,PA,PAN,Ngäbe-Buglé,Ngabe-Bugle,PA-NB,indigenous region,,29.9,,,4,America/Panama,FALSE,1591002238
Lajas Blancas,Lajas Blancas,,8.4148,-77.8116,Panama,PA,PAN,Emberá-Wounaan,Embera-Wounaan,PA-EM,indigenous region,minor,3.0,,,3,America/Panama,FALSE,1591438412
Los Cerritos,Los Cerritos,,8.6298,-79.9064,Panama,PA,PAN,Panamá Oeste,Panama Oeste,PA-10,province,,130.3,,,4,America/Panama,FALSE,1591027804
Río Flores,Rio Flores,,7.3954,-80.7801,Panama,PA,PAN,Veraguas,Veraguas,PA-9,province,,3.6,,,5,America/Panama,FALSE,1591002105
Río Sierpe Abajo,Rio Sierpe Abajo,,8.5883,-78.4408,Panama,PA,PAN,Darién,Darien,PA-5,province,,3.4,,,5,America/Panama,FALSE,1591004460
Cerro Bubí,Cerro Bubi,,7.9221,-81.4978,Panama,PA,PAN,Veraguas,Veraguas,PA-9,province,,5.4,,,5,America/Panama,FALSE,1591351424
Baco,Baco,El Baco,8.0811,-82.8754,Panama,PA,PAN,Chiriquí,Chiriqui,PA-4,province,,20.7,,,4,America/Panama,FALSE,1591721870
Las Mesillas,Las Mesillas,,8.3848,-81.0847,Panama,PA,PAN,Veraguas,Veraguas,PA-9,province,,21.4,,,4,America/Panama,FALSE,1591001323
Las Mesillas,Las Mesillas,,8.4510,-81.2699,Panama,PA,PAN,Veraguas,Veraguas,PA-9,province,,17.5,,,4,America/Panama,TRUE,1591100940
Las Mesillas,Las Mesillas,,8.2855,-81.0770,Panama,PA,PAN,Veraguas,Veraguas,PA-9,province,,17.3,,,4,America/Panama,TRUE,1591001321
Las Mesillas,Las Mesillas,,8.3644,-80.8786,Panama,PA,PAN,Veraguas,Veraguas,PA-9,province,,15.5,,,4,America/Panama,TRUE,1591001322
Las Mesillas,Las Mesillas,El Barrero Número Uno|La Mesilla|Barrero Número Uno,8.2436,-80.8663,Panama,PA,PAN,Veraguas,Veraguas,PA-9,province,,7.5,,,4,America/Panama,TRUE,1591779574
Llano Sánchez,Llano Sanchez,,8.4191,-80.1918,Panama,PA,PAN,Coclé,Cocle,PA-2,province,,43.3,,,4,America/Panama,FALSE,1591005092
Llano Sánchez,Llano Sanchez,La Cruz,8.2015,-80.7049,Panama,PA,PAN,Coclé,Cocle,PA-2,province,,17.5,,,4,America/Panama,TRUE,1591116278
Potrerillos,Potrerillos,,8.5007,-80.0755,Panama,PA,PAN,Panamá Oeste,Panama Oeste,PA-10,province,,67.8,,,4,America/Panama,FALSE,1591004624
Lima,Lima,,9.6167,-79.5667,Panama,PA,PAN,Colón,Colon,PA-3,province,,47.9,,,4,America/Panama,FALSE,1591631597
Quimpanpan,Quimpanpan,,8.8005,-81.4898,Panama,PA,PAN,Ngäbe-Buglé,Ngabe-Bugle,PA-NB,indigenous region,,9.6,,,5,America/Panama,FALSE,1591003356
Guazarito Número Uno,Guazarito Numero Uno,Guazarito Número 1,8.7200,-81.1891,Panama,PA,PAN,Veraguas,Veraguas,PA-9,province,,7.7,,,5,America/Panama,FALSE,1591003866
La Garceana,La Garceana,,7.9406,-81.0151,Panama,PA,PAN,Veraguas,Veraguas,PA-9,province,minor,7.4,,,3,America/Panama,FALSE,1591406699
Loma Redonda,Loma Redonda,,7.7084,-80.8345,Panama,PA,PAN,Herrera,Herrera,PA-6,province,,10.5,,,4,America/Panama,FALSE,1591001143
Los Chorros,Los Chorros,Las Cocobolas,8.4730,-80.5943,Panama,PA,PAN,Coclé,Cocle,PA-2,province,,22.5,,,4,America/Panama,FALSE,1591653399
Pueblo Nuevo Número Dos,Pueblo Nuevo Numero Dos,Pueblo Nuevo Número 2,8.8350,-81.7025,Panama,PA,PAN,Ngäbe-Buglé,Ngabe-Bugle,PA-NB,indigenous region,,35.3,,,4,America/Panama,FALSE,1591001443
La Pluma,La Pluma,,7.7203,-81.1173,Panama,PA,PAN,Veraguas,Veraguas,PA-9,province,,16.7,,,4,America/Panama,FALSE,1591017915
Piedra Hincada,Piedra Hincada,,8.3395,-82.5529,Panama,PA,PAN,Chiriquí,Chiriqui,PA-4,province,,35.2,,,4,America/Panama,FALSE,1591815939
Árbol de Pan,Arbol de Pan,,8.9211,-82.0883,Panama,PA,PAN,Bocas del Toro,Bocas del Toro,PA-1,province,,45.2,,,4,America/Panama,FALSE,1591001061
Llano Harino,Llano Harino,Llano del Harino,8.0449,-81.1465,Panama,PA,PAN,Veraguas,Veraguas,PA-9,province,,24.6,,,4,America/Panama,FALSE,1591521029
Quebrada Tigre,Quebrada Tigre,,8.5882,-81.9785,Panama,PA,PAN,Ngäbe-Buglé,Ngabe-Bugle,PA-NB,indigenous region,,32.9,,,4,America/Panama,FALSE,1591002428
Quebrada Tigre,Quebrada Tigre,,8.5776,-81.7478,Panama,PA,PAN,Ngäbe-Buglé,Ngabe-Bugle,PA-NB,indigenous region,,27.0,,,4,America/Panama,TRUE,1591002429
Quebrada Tigre,Quebrada Tigre,,8.7074,-81.7756,Panama,PA,PAN,Ngäbe-Buglé,Ngabe-Bugle,PA-NB,indigenous region,,9.3,,,5,America/Panama,TRUE,1591002430
Llano Verde,Llano Verde,,8.5667,-79.9667,Panama,PA,PAN,Panamá Oeste,Panama Oeste,PA-10,province,,50.5,,,4,America/Panama,FALSE,1591303407
La Enea de Mensabé,La Enea de Mensabe,La Enea de Mensabe|Enea de Mensabé,7.7666,-80.1909,Panama,PA,PAN,Los Santos,Los Santos,PA-7,province,,46.0,,,4,America/Panama,FALSE,1591306103
Morro Naranjo,Morro Naranjo,,8.0783,-81.7385,Panama,PA,PAN,Chiriquí,Chiriqui,PA-4,province,,9.9,,,5,America/Panama,FALSE,1591640509
Quebrada Mango,Quebrada Mango,,8.5985,-78.4028,Panama,PA,PAN,Darién,Darien,PA-5,province,,3.4,,,5,America/Panama,FALSE,1591005224
Quebrada Ida,Quebrada Ida,,8.6256,-81.7124,Panama,PA,PAN,Ngäbe-Buglé,Ngabe-Bugle,PA-NB,indigenous region,,39.7,,,4,America/Panama,FALSE,1591000984
Dugaguia,Dugaguia,,8.4630,-81.5916,Panama,PA,PAN,Ngäbe-Buglé,Ngabe-Bugle,PA-NB,indigenous region,,56.2,,,4,America/Panama,FALSE,1591001486
Río San José,Rio San Jose,,9.5474,-79.3090,Panama,PA,PAN,Colón,Colon,PA-3,province,,13.4,,,4,America/Panama,FALSE,1591004375
El Pifá,El Pifa,Pifa,7.8010,-80.9947,Panama,PA,PAN,Veraguas,Veraguas,PA-9,province,,9.2,,,5,America/Panama,FALSE,1591544400
Flor Bonita,Flor Bonita,,9.1556,-78.8932,Panama,PA,PAN,Panamá,Panama,PA-8,province,,8.2,,,5,America/Panama,FALSE,1591004377
Cucaracha,Cucaracha,,8.4881,-81.9123,Panama,PA,PAN,Ngäbe-Buglé,Ngabe-Bugle,PA-NB,indigenous region,,32.9,,,4,America/Panama,FALSE,1591001007
Toborigrete,Toborigrete,,8.5850,-81.7768,Panama,PA,PAN,Ngäbe-Buglé,Ngabe-Bugle,PA-NB,indigenous region,,27.0,,,4,America/Panama,FALSE,1591002882
Quebrada Laurel,Quebrada Laurel,,8.9936,-82.3434,Panama,PA,PAN,Ngäbe-Buglé,Ngabe-Bugle,PA-NB,indigenous region,,18.5,,,4,America/Panama,FALSE,1591003692
La Isleta,La Isleta,,9.0167,-79.4333,Panama,PA,PAN,Panamá,Panama,PA-8,province,,3339.0,,,2,America/Panama,FALSE,1591397683
La Isleta,La Isleta,,8.2936,-80.9460,Panama,PA,PAN,Veraguas,Veraguas,PA-9,province,,23.0,,,4,America/Panama,FALSE,1591991404
La Isleta,La Isleta,,7.7421,-81.4947,Panama,PA,PAN,Veraguas,Veraguas,PA-9,province,,6.4,,,5,America/Panama,TRUE,1591000666
La Isleta,La Isleta,,8.8185,-80.9544,Panama,PA,PAN,Veraguas,Veraguas,PA-9,province,,4.2,,,5,America/Panama,TRUE,1591000667
Paso Las Trancas,Paso Las Trancas,,7.6853,-80.2856,Panama,PA,PAN,Los Santos,Los Santos,PA-7,province,,12.0,,,4,America/Panama,FALSE,1591001150
Los Volcanes,Los Volcanes,,8.2747,-80.6421,Panama,PA,PAN,Coclé,Cocle,PA-2,province,,42.4,,,4,America/Panama,FALSE,1591412562
La Isleta,La Isleta,,8.2163,-81.7347,Panama,PA,PAN,Chiriquí,Chiriqui,PA-4,province,,33.1,,,4,America/Panama,FALSE,1591000669
La Isleta,La Isleta,,8.2001,-81.5588,Panama,PA,PAN,Chiriquí,Chiriqui,PA-4,province,,32.9,,,4,America/Panama,TRUE,1591554352
La Isleta,La Isleta,La Isleta de San Juan,8.2800,-82.0329,Panama,PA,PAN,Chiriquí,Chiriqui,PA-4,province,,15.8,,,4,America/Panama,TRUE,1591575809
La Isleta,La Isleta,,8.1780,-77.7225,Panama,PA,PAN,Darién,Darien,PA-5,province,,13.4,,,4,America/Panama,FALSE,1591004466
La Esperanza,La Esperanza,,8.9421,-82.0142,Panama,PA,PAN,,,,,,41.0,,,4,America/Panama,FALSE,1591735258
Pinoguilla,Pinoguilla,,8.0467,-78.3012,Panama,PA,PAN,Darién,Darien,PA-5,province,,10.3,,,4,America/Panama,FALSE,1591004172
Quebrada La Lajosa,Quebrada La Lajosa,,8.7355,-80.2673,Panama,PA,PAN,Coclé,Cocle,PA-2,province,,28.1,,,4,America/Panama,FALSE,1591002269
Gariché Abajo Número Dos,Gariche Abajo Numero Dos,Gariché Abajo Número 2,8.4204,-82.7513,Panama,PA,PAN,Chiriquí,Chiriqui,PA-4,province,,48.4,,,4,America/Panama,FALSE,1591000149
Piedrota,Piedrota,,9.0423,-80.1568,Panama,PA,PAN,Colón,Colon,PA-3,province,,22.3,,,4,America/Panama,FALSE,1591002848
Los Jiménez,Los Jimenez,,8.2262,-81.3298,Panama,PA,PAN,Veraguas,Veraguas,PA-9,province,,26.4,,,4,America/Panama,FALSE,1591309638
Los Jiménez,Los Jimenez,,8.3690,-81.1173,Panama,PA,PAN,Veraguas,Veraguas,PA-9,province,,21.7,,,4,America/Panama,TRUE,1591000640
Los Jiménez,Los Jimenez,,8.4111,-81.1923,Panama,PA,PAN,Veraguas,Veraguas,PA-9,province,,13.4,,,4,America/Panama,TRUE,1591000641
Quebrada Mariano,Quebrada Mariano,,9.3416,-82.1978,Panama,PA,PAN,Bocas del Toro,Bocas del Toro,PA-1,province,,42.7,,,4,America/Panama,FALSE,1591002734
Los Jiménez,Los Jimenez,,9.1167,-80.1333,Panama,PA,PAN,Colón,Colon,PA-3,province,,23.1,,,4,America/Panama,FALSE,1591826195
José Pobre,Jose Pobre,,9.6000,-79.6333,Panama,PA,PAN,Colón,Colon,PA-3,province,,45.1,,,4,America/Panama,FALSE,1591143881
Los Jiménez,Los Jimenez,Jiménez,8.5485,-82.3682,Panama,PA,PAN,Chiriquí,Chiriqui,PA-4,province,,36.1,,,4,America/Panama,FALSE,1591360923
Pascualillo,Pascualillo,,9.1000,-79.5000,Panama,PA,PAN,Panamá,Panama,PA-8,province,,1394.3,,,3,America/Panama,FALSE,1591042845
Boca del Caño Sucio,Boca del Cano Sucio,,9.0143,-80.3587,Panama,PA,PAN,Colón,Colon,PA-3,province,,11.9,,,4,America/Panama,FALSE,1591003634
Alto de La Pita,Alto de La Pita,,7.9086,-81.2377,Panama,PA,PAN,Veraguas,Veraguas,PA-9,province,,12.5,,,4,America/Panama,FALSE,1591003779
Liandro,Liandro,,8.3877,-81.4835,Panama,PA,PAN,Veraguas,Veraguas,PA-9,province,,14.0,,,4,America/Panama,FALSE,1591992934
Quebrada Pescao,Quebrada Pescao,,8.3645,-78.0146,Panama,PA,PAN,Darién,Darien,PA-5,province,,4.0,,,5,America/Panama,FALSE,1591000195
La Cayetana,La Cayetana,,8.0336,-81.4503,Panama,PA,PAN,Veraguas,Veraguas,PA-9,province,,10.7,,,4,America/Panama,FALSE,1591582589
Teriacito,Teriacito,,8.7818,-80.1101,Panama,PA,PAN,Panamá Oeste,Panama Oeste,PA-10,province,,29.8,,,4,America/Panama,FALSE,1591004374
Monjarás,Monjaras,,8.3717,-80.8657,Panama,PA,PAN,Veraguas,Veraguas,PA-9,province,minor,16.2,,,3,America/Panama,FALSE,1591945888
El Espino Amarillo,El Espino Amarillo,Espino Amarillo,7.6761,-80.4364,Panama,PA,PAN,Los Santos,Los Santos,PA-7,province,minor,18.6,,,3,America/Panama,FALSE,1591198550
Guayaquil,Guayaquil,,8.1071,-80.9233,Panama,PA,PAN,Veraguas,Veraguas,PA-9,province,,1374.3,,,3,America/Panama,FALSE,1591870107
Alto de Buena Vista,Alto de Buena Vista,,8.9017,-80.2323,Panama,PA,PAN,Coclé,Cocle,PA-2,province,,19.0,,,4,America/Panama,FALSE,1591004175
Los Saínos,Los Sainos,,7.8170,-81.4376,Panama,PA,PAN,Veraguas,Veraguas,PA-9,province,,6.0,,,5,America/Panama,FALSE,1591431526
Nueva Arenosa,Nueva Arenosa,,8.9889,-80.1295,Panama,PA,PAN,Colón,Colon,PA-3,province,,22.3,,,4,America/Panama,FALSE,1591065492
La Camaronera,La Camaronera,,8.0665,-80.4880,Panama,PA,PAN,Herrera,Herrera,PA-6,province,,39.2,,,4,America/Panama,FALSE,1591003004
Cañacita,Canacita,,8.9256,-79.9642,Panama,PA,PAN,Panamá Oeste,Panama Oeste,PA-10,province,,17.5,,,4,America/Panama,FALSE,1591224112
El Burro,El Burro,,8.7483,-82.5110,Panama,PA,PAN,Chiriquí,Chiriqui,PA-4,province,,30.6,,,4,America/Panama,FALSE,1591004050
El Burro,El Burro,,8.2920,-82.0787,Panama,PA,PAN,Chiriquí,Chiriqui,PA-4,province,,17.7,,,4,America/Panama,TRUE,1591004049
Río Arriba,Rio Arriba,,7.7518,-80.6714,Panama,PA,PAN,Herrera,Herrera,PA-6,province,,37.2,,,4,America/Panama,FALSE,1591536323
El Otro Lado,El Otro Lado,,8.1282,-81.1825,Panama,PA,PAN,Veraguas,Veraguas,PA-9,province,,19.1,,,4,America/Panama,FALSE,1591605133
Naranjales,Naranjales,,8.3468,-80.8508,Panama,PA,PAN,Veraguas,Veraguas,PA-9,province,,23.6,,,4,America/Panama,FALSE,1591000911
Old Best,Old Best,,9.0659,-81.7884,Panama,PA,PAN,Ngäbe-Buglé,Ngabe-Bugle,PA-NB,indigenous region,,35.3,,,4,America/Panama,FALSE,1591001857
La Pita de Tríbique,La Pita de Tribique,,8.0037,-81.3882,Panama,PA,PAN,Veraguas,Veraguas,PA-9,province,,12.7,,,4,America/Panama,FALSE,1591005321
Caleta Número Dos,Caleta Numero Dos,Caleta Número 2,8.7787,-81.2081,Panama,PA,PAN,Veraguas,Veraguas,PA-9,province,,4.2,,,5,America/Panama,FALSE,1591003610
Ñorri,Norri,,8.8256,-81.7278,Panama,PA,PAN,Ngäbe-Buglé,Ngabe-Bugle,PA-NB,indigenous region,,35.3,,,4,America/Panama,FALSE,1591003113
Barrera,Barrera,,8.7941,-80.9569,Panama,PA,PAN,Veraguas,Veraguas,PA-9,province,,4.2,,,5,America/Panama,FALSE,1591002991
Cerro Tijera,Cerro Tijera,,8.5552,-81.7882,Panama,PA,PAN,Ngäbe-Buglé,Ngabe-Bugle,PA-NB,indigenous region,,27.0,,,4,America/Panama,FALSE,1591002274
Boca de Uracillo,Boca de Uracillo,Río Indio|La Boca de Uracillo,8.9668,-80.1756,Panama,PA,PAN,Coclé,Cocle,PA-2,province,,19.0,,,4,America/Panama,FALSE,1591048966
Ipetí Colono,Ipeti Colono,,8.9835,-78.5184,Panama,PA,PAN,Panamá,Panama,PA-8,province,,10.6,,,4,America/Panama,FALSE,1591749600
Partí,Parti,Río Partí,9.0557,-78.6493,Panama,PA,PAN,Panamá,Panama,PA-8,province,,10.8,,,4,America/Panama,FALSE,1591004565
Filo de Cerro Palma,Filo de Cerro Palma,,8.4272,-81.9483,Panama,PA,PAN,Ngäbe-Buglé,Ngabe-Bugle,PA-NB,indigenous region,,68.5,,,4,America/Panama,FALSE,1591001405
El Chirote,El Chirote,,7.6080,-80.6778,Panama,PA,PAN,Herrera,Herrera,PA-6,province,,6.4,,,5,America/Panama,FALSE,1591001142
Las Cuestas de Utirá,Las Cuestas de Utira,,7.9939,-81.2377,Panama,PA,PAN,Veraguas,Veraguas,PA-9,province,,19.8,,,4,America/Panama,FALSE,1591002966
El Tallo,El Tallo,,7.9323,-81.4188,Panama,PA,PAN,Veraguas,Veraguas,PA-9,province,,9.0,,,5,America/Panama,FALSE,1591859235
Tortí Medio,Torti Medio,,8.9285,-78.3981,Panama,PA,PAN,Panamá,Panama,PA-8,province,,10.8,,,4,America/Panama,FALSE,1591150795
Higo Mocho,Higo Mocho,,8.0898,-81.0220,Panama,PA,PAN,Veraguas,Veraguas,PA-9,province,,85.8,,,4,America/Panama,FALSE,1591001415
Alto Laguna,Alto Laguna,,8.1130,-81.6369,Panama,PA,PAN,Chiriquí,Chiriqui,PA-4,province,,9.9,,,5,America/Panama,FALSE,1591965644
La Poza,La Poza,,8.2464,-80.6275,Panama,PA,PAN,Coclé,Cocle,PA-2,province,,42.4,,,4,America/Panama,FALSE,1591841137
Bule,Bule,,8.5067,-81.5775,Panama,PA,PAN,Ngäbe-Buglé,Ngabe-Bugle,PA-NB,indigenous region,,18.5,,,4,America/Panama,FALSE,1591002864
El Tallo,El Tallo,,9.1343,-80.2810,Panama,PA,PAN,Colón,Colon,PA-3,province,,8.7,,,5,America/Panama,FALSE,1591003360
La Poza,La Poza,,7.9506,-80.8123,Panama,PA,PAN,Herrera,Herrera,PA-6,province,,24.9,,,4,America/Panama,FALSE,1591433963
El Tallo,El Tallo,,7.5656,-80.6676,Panama,PA,PAN,Los Santos,Los Santos,PA-7,province,,6.9,,,5,America/Panama,FALSE,1591142134
El Tallo,El Tallo,,7.5719,-80.4609,Panama,PA,PAN,Los Santos,Los Santos,PA-7,province,,6.4,,,5,America/Panama,TRUE,1591037332
Higo Mocho,Higo Mocho,,8.2639,-81.8742,Panama,PA,PAN,Chiriquí,Chiriqui,PA-4,province,,40.4,,,4,America/Panama,FALSE,1591310737
El Cristo,El Cristo,,8.5786,-79.9438,Panama,PA,PAN,Panamá Oeste,Panama Oeste,PA-10,province,,50.5,,,4,America/Panama,FALSE,1591005087
Calle Honda,Calle Honda,,8.1733,-77.6391,Panama,PA,PAN,Darién,Darien,PA-5,province,,13.4,,,4,America/Panama,FALSE,1591004551
Ororigote,Ororigote,,8.8049,-81.7920,Panama,PA,PAN,Ngäbe-Buglé,Ngabe-Bugle,PA-NB,indigenous region,,30.9,,,4,America/Panama,FALSE,1591003036
Cochigró,Cochigro,Cochigro,9.3184,-82.5612,Panama,PA,PAN,Bocas del Toro,Bocas del Toro,PA-1,province,,76.3,,,4,America/Panama,FALSE,1591949479
Quebrada Sardina Número Dos,Quebrada Sardina Numero Dos,Quebrada Sardina Número 2,8.5549,-81.9874,Panama,PA,PAN,Ngäbe-Buglé,Ngabe-Bugle,PA-NB,indigenous region,,32.6,,,4,America/Panama,FALSE,1591001782
Traicionera,Traicionera,,9.1402,-82.3026,Panama,PA,PAN,Bocas del Toro,Bocas del Toro,PA-1,province,,56.5,,,4,America/Panama,FALSE,1591490539
Monte Verde Arriba,Monte Verde Arriba,,8.2859,-82.8857,Panama,PA,PAN,Chiriquí,Chiriqui,PA-4,province,,110.8,,,4,America/Panama,FALSE,1591000020
El Hato,El Hato,,8.4364,-80.0596,Panama,PA,PAN,Panamá Oeste,Panama Oeste,PA-10,province,,63.7,,,4,America/Panama,FALSE,1591250525
Media Luna,Media Luna,,8.5126,-80.8862,Panama,PA,PAN,Veraguas,Veraguas,PA-9,province,,14.4,,,4,America/Panama,FALSE,1591153915
El Frijol,El Frijol,,8.5859,-80.7133,Panama,PA,PAN,Coclé,Cocle,PA-2,province,,13.3,,,4,America/Panama,FALSE,1591870926
Pamplona,Pamplona,,8.0756,-80.9791,Panama,PA,PAN,Veraguas,Veraguas,PA-9,province,,116.9,,,4,America/Panama,FALSE,1591048447
Llano Ciruela,Llano Ciruela,,8.4733,-81.5957,Panama,PA,PAN,Ngäbe-Buglé,Ngabe-Bugle,PA-NB,indigenous region,,44.2,,,4,America/Panama,FALSE,1591000629
Bulungo,Bulungo,Bulungo de Pájaro|Bolungo de Pájaro|Bolungo,7.9494,-80.5594,Panama,PA,PAN,Herrera,Herrera,PA-6,province,,35.3,,,4,America/Panama,FALSE,1591726947
Goldeup,Goldeup,Isla Caracol,9.5535,-78.8966,Panama,PA,PAN,Guna Yala,Guna Yala,PA-KY,indigenous region,,12.7,,,4,America/Panama,FALSE,1591005299
Quebrada Posoy,Quebrada Posoy,Jengibrales|Boca de Quebrada Posoy,8.3981,-81.9668,Panama,PA,PAN,Ngäbe-Buglé,Ngabe-Bugle,PA-NB,indigenous region,,85.9,,,4,America/Panama,FALSE,1591432759
Las Cajas,Las Cajas,,8.4833,-80.0667,Panama,PA,PAN,Panamá Oeste,Panama Oeste,PA-10,province,,64.3,,,4,America/Panama,FALSE,1591474822
Narganá,Nargana,Río Diablo|Rio Diablo Village,9.4406,-78.5866,Panama,PA,PAN,Guna Yala,Guna Yala,PA-KY,indigenous region,minor,12.7,,,3,America/Panama,FALSE,1591036388
Trinidad,Trinidad,,8.6778,-78.5235,Panama,PA,PAN,Panamá,Panama,PA-8,province,,6.0,,,5,America/Panama,FALSE,1591005393
Paso Laja,Paso Laja,,8.0161,-80.8160,Panama,PA,PAN,Herrera,Herrera,PA-6,province,,63.2,,,4,America/Panama,FALSE,1591144105
Paso Laja,Paso Laja,,7.7119,-80.4883,Panama,PA,PAN,Los Santos,Los Santos,PA-7,province,,26.2,,,4,America/Panama,FALSE,1591247469
Finca Veinticuatro,Finca Veinticuatro,Finca 24,9.4214,-82.5558,Panama,PA,PAN,Bocas del Toro,Bocas del Toro,PA-1,province,,400.0,,,3,America/Panama,FALSE,1591445190
El Copé Numero Uno,El Cope Numero Uno,Copé Número Uno,7.7511,-80.6224,Panama,PA,PAN,Herrera,Herrera,PA-6,province,,31.2,,,4,America/Panama,FALSE,1591211717
Bajo La Arena,Bajo La Arena,Bajo de la Arena,8.4795,-82.5891,Panama,PA,PAN,Chiriquí,Chiriqui,PA-4,province,,156.6,,,4,America/Panama,FALSE,1591832418
Quebrada El Macho,Quebrada El Macho,,9.5221,-79.4512,Panama,PA,PAN,Colón,Colon,PA-3,province,,38.2,,,4,America/Panama,FALSE,1591000096
Quebrada El Macho,Quebrada El Macho,,9.5486,-79.6700,Panama,PA,PAN,Colón,Colon,PA-3,province,,21.4,,,4,America/Panama,TRUE,1591000049
Quebrada El Macho,Quebrada El Macho,,8.9628,-80.1715,Panama,PA,PAN,Coclé,Cocle,PA-2,province,,19.0,,,4,America/Panama,FALSE,1591000116
Quebrada El Macho,Quebrada El Macho,,8.9925,-78.9708,Panama,PA,PAN,Panamá,Panama,PA-8,province,,5.4,,,5,America/Panama,FALSE,1591000138
El Junquillo,El Junquillo,,8.0425,-81.0030,Panama,PA,PAN,Veraguas,Veraguas,PA-9,province,,85.2,,,4,America/Panama,FALSE,1591056403
Vista Alegre,Vista Alegre,,9.0264,-78.8418,Panama,PA,PAN,Panamá,Panama,PA-8,province,,8.2,,,5,America/Panama,FALSE,1591004519
Vista Alegre,Vista Alegre,,8.7870,-78.1372,Panama,PA,PAN,Darién,Darien,PA-5,province,,12.5,,,4,America/Panama,FALSE,1591253660
Cabrillo,Cabrillo,,8.2272,-80.9769,Panama,PA,PAN,Veraguas,Veraguas,PA-9,province,,32.9,,,4,America/Panama,FALSE,1591002584
Vista Alegre,Vista Alegre,,8.9696,-80.5402,Panama,PA,PAN,Colón,Colon,PA-3,province,,5.0,,,5,America/Panama,FALSE,1591001361
Vista Alegre,Vista Alegre,,8.5900,-80.7094,Panama,PA,PAN,Coclé,Cocle,PA-2,province,,13.3,,,4,America/Panama,FALSE,1591148580
Los Panamaitos,Los Panamaitos,,8.4430,-80.7797,Panama,PA,PAN,Veraguas,Veraguas,PA-9,province,,17.0,,,4,America/Panama,FALSE,1591002460
Las Claras Abajo,Las Claras Abajo,Claras Abajo,8.8598,-80.1624,Panama,PA,PAN,Panamá Oeste,Panama Oeste,PA-10,province,,22.1,,,4,America/Panama,FALSE,1591268435
Rojito,Rojito,,8.4088,-80.7412,Panama,PA,PAN,Coclé,Cocle,PA-2,province,,14.9,,,4,America/Panama,FALSE,1591002995
El Pedregoso,El Pedregoso,Pedregoso,7.6947,-80.3271,Panama,PA,PAN,Los Santos,Los Santos,PA-7,province,minor,21.7,,,3,America/Panama,FALSE,1591436094
El Pedregoso,El Pedregoso,Pedregoso,7.9396,-80.6376,Panama,PA,PAN,Herrera,Herrera,PA-6,province,minor,30.9,,,3,America/Panama,FALSE,1591407399
El Pedregoso,El Pedregoso,,8.5834,-80.6009,Panama,PA,PAN,Coclé,Cocle,PA-2,province,,22.9,,,4,America/Panama,FALSE,1591919782
El Espinito,El Espinito,El Espiníto,8.0581,-80.7903,Panama,PA,PAN,Herrera,Herrera,PA-6,province,,22.7,,,4,America/Panama,FALSE,1591629059
El Pedregoso,El Pedregoso,Pedregoso,8.2947,-80.8394,Panama,PA,PAN,Veraguas,Veraguas,PA-9,province,,28.8,,,4,America/Panama,FALSE,1591148383
El Pedregoso,El Pedregoso,,8.2459,-81.2590,Panama,PA,PAN,Veraguas,Veraguas,PA-9,province,,26.4,,,4,America/Panama,TRUE,1591000547
El Pedregoso,El Pedregoso,,8.3242,-80.7325,Panama,PA,PAN,Veraguas,Veraguas,PA-9,province,,7.6,,,5,America/Panama,TRUE,1591000546
El Pedregoso,El Pedregoso,,8.9106,-78.8103,Panama,PA,PAN,Panamá,Panama,PA-8,province,,2.7,,,5,America/Panama,FALSE,1591004244
Sobiaquirua,Sobiaquirua,,7.8996,-77.5288,Panama,PA,PAN,Darién,Darien,PA-5,province,,2.1,,,5,America/Panama,FALSE,1591004468
Limón Seco,Limon Seco,,8.5845,-80.0432,Panama,PA,PAN,Panamá Oeste,Panama Oeste,PA-10,province,,24.5,,,4,America/Panama,FALSE,1591004347
Quije,Quije,El Quije,8.4909,-80.7754,Panama,PA,PAN,Coclé,Cocle,PA-2,province,,17.0,,,4,America/Panama,FALSE,1591471648
Alto Lucira,Alto Lucira,,8.0454,-81.4581,Panama,PA,PAN,Veraguas,Veraguas,PA-9,province,,10.7,,,4,America/Panama,FALSE,1591000276
Santa Catalina,Santa Catalina,,8.7811,-81.3351,Panama,PA,PAN,Ngäbe-Buglé,Ngabe-Bugle,PA-NB,indigenous region,minor,16.0,,,3,America/Panama,FALSE,1591775453
Conejito,Conejito,,8.4346,-81.6289,Panama,PA,PAN,Ngäbe-Buglé,Ngabe-Bugle,PA-NB,indigenous region,,45.5,,,4,America/Panama,FALSE,1591002086
San Luquita,San Luquita,,9.0076,-80.5588,Panama,PA,PAN,Colón,Colon,PA-3,province,,5.0,,,5,America/Panama,FALSE,1591003644
Saboga,Saboga,,8.6269,-79.0608,Panama,PA,PAN,Panamá,Panama,PA-8,province,minor,95.1,,,3,America/Panama,FALSE,1591008780
Chararé,Charare,,9.2661,-79.0631,Panama,PA,PAN,Panamá,Panama,PA-8,province,,23.6,,,4,America/Panama,FALSE,1591498859
Marañón de Campana,Maranon de Campana,Marañón,8.1469,-81.3849,Panama,PA,PAN,Veraguas,Veraguas,PA-9,province,,26.4,,,4,America/Panama,FALSE,1591652009
La Honda de Los Ñopos,La Honda de Los Nopos,La Honda,7.5838,-80.7237,Panama,PA,PAN,Herrera,Herrera,PA-6,province,,6.4,,,5,America/Panama,FALSE,1591648620
Río Ballena,Rio Ballena,,7.6891,-81.3989,Panama,PA,PAN,Veraguas,Veraguas,PA-9,province,,16.1,,,4,America/Panama,FALSE,1591003919
Boca de Bado,Boca de Bado,,7.8617,-78.0789,Panama,PA,PAN,Emberá-Wounaan,Embera-Wounaan,PA-EM,indigenous region,,0.8,,,5,America/Panama,FALSE,1591809252
Quebrada Pascual,Quebrada Pascual,,7.9793,-81.3858,Panama,PA,PAN,Veraguas,Veraguas,PA-9,province,,9.0,,,5,America/Panama,FALSE,1591000876
Quebrada Penca,Quebrada Penca,,8.5888,-82.0287,Panama,PA,PAN,Ngäbe-Buglé,Ngabe-Bugle,PA-NB,indigenous region,,32.6,,,4,America/Panama,FALSE,1591000836
Mina de Carbón,Mina de Carbon,La Mina,9.1588,-82.1023,Panama,PA,PAN,Bocas del Toro,Bocas del Toro,PA-1,province,,31.7,,,4,America/Panama,FALSE,1591801288
Cayo Mono,Cayo Mono,Monkey Cay,9.1617,-82.2513,Panama,PA,PAN,Bocas del Toro,Bocas del Toro,PA-1,province,,23.3,,,4,America/Panama,FALSE,1591402892
Jagua,Jagua,,7.8769,-80.7866,Panama,PA,PAN,Herrera,Herrera,PA-6,province,,26.8,,,4,America/Panama,FALSE,1591003438
Cuculita,Cuculita,,7.7076,-80.4107,Panama,PA,PAN,Los Santos,Los Santos,PA-7,province,,12.6,,,4,America/Panama,FALSE,1591073611
Alto Boquete,Alto Boquete,Laja Mina,7.8715,-81.4446,Panama,PA,PAN,Veraguas,Veraguas,PA-9,province,,9.0,,,5,America/Panama,FALSE,1591776481
Santa Rosa de Lima,Santa Rosa de Lima,Finca Lima|Lima,8.3558,-82.7616,Panama,PA,PAN,Chiriquí,Chiriqui,PA-4,province,,117.9,,,4,America/Panama,FALSE,1591139462
Cordillera Arriba,Cordillera Arriba,La Tula,8.7461,-82.6140,Panama,PA,PAN,Chiriquí,Chiriqui,PA-4,province,,14.0,,,4,America/Panama,FALSE,1591767074
Pueblo Nuevo Número Uno,Pueblo Nuevo Numero Uno,Pueblo Nuevo Número 1|Pueblo Nuevo,8.0973,-80.8831,Panama,PA,PAN,Veraguas,Veraguas,PA-9,province,,55.2,,,4,America/Panama,FALSE,1591893863
Pueblo Nuevo Número Uno,Pueblo Nuevo Numero Uno,Pueblo Nuevo Número 1,9.1647,-79.2710,Panama,PA,PAN,Panamá,Panama,PA-8,province,,44.7,,,4,America/Panama,FALSE,1591004876
Pueblo Nuevo Número Uno,Pueblo Nuevo Numero Uno,Pueblo Nuevo Número 1,9.1789,-78.9579,Panama,PA,PAN,Panamá,Panama,PA-8,province,,8.2,,,5,America/Panama,TRUE,1591004875
Media Playa,Media Playa,,8.8854,-80.8590,Panama,PA,PAN,Colón,Colon,PA-3,province,,4.7,,,5,America/Panama,FALSE,1591000686
Jobo Arriba,Jobo Arriba,,9.0132,-80.2336,Panama,PA,PAN,Colón,Colon,PA-3,province,,11.9,,,4,America/Panama,FALSE,1591000646
El Florentino,El Florentino,,8.3099,-80.8962,Panama,PA,PAN,Veraguas,Veraguas,PA-9,province,,13.2,,,4,America/Panama,FALSE,1591216700
La Milagrosa,La Milagrosa,,9.2510,-79.2012,Panama,PA,PAN,Panamá,Panama,PA-8,province,,44.7,,,4,America/Panama,FALSE,1591005341
Potrellano,Potrellano,,8.5825,-80.5159,Panama,PA,PAN,Coclé,Cocle,PA-2,province,,52.3,,,4,America/Panama,FALSE,1591561645
La Estrella,La Estrella,,8.5181,-82.6704,Panama,PA,PAN,Chiriquí,Chiriqui,PA-4,province,minor,107.3,,,3,America/Panama,FALSE,1591196414
La Estrella,La Estrella,,8.7397,-82.3875,Panama,PA,PAN,Chiriquí,Chiriqui,PA-4,province,,56.8,,,4,America/Panama,TRUE,1591550934
Guaca,Guaca,,8.7010,-81.1633,Panama,PA,PAN,Veraguas,Veraguas,PA-9,province,,7.7,,,5,America/Panama,FALSE,1591003672
Cerro La Vaca,Cerro La Vaca,Cerro de Vaca,8.1453,-81.5425,Panama,PA,PAN,Veraguas,Veraguas,PA-9,province,,27.5,,,4,America/Panama,FALSE,1591725442
Salud Arriba,Salud Arriba,,9.0806,-80.1182,Panama,PA,PAN,Colón,Colon,PA-3,province,,23.1,,,4,America/Panama,FALSE,1591004840
Uninda,Uninda,,8.4778,-81.6467,Panama,PA,PAN,Ngäbe-Buglé,Ngabe-Bugle,PA-NB,indigenous region,,36.9,,,4,America/Panama,FALSE,1591000267
Río Serreno Arriba,Rio Serreno Arriba,,8.9934,-78.8961,Panama,PA,PAN,Panamá,Panama,PA-8,province,,5.4,,,5,America/Panama,FALSE,1591004607
Cogoyo,Cogoyo,Cogollo,8.4143,-81.7926,Panama,PA,PAN,Ngäbe-Buglé,Ngabe-Bugle,PA-NB,indigenous region,,78.1,,,4,America/Panama,FALSE,1591004177
La Peña,La Pena,,8.2647,-81.7400,Panama,PA,PAN,Ngäbe-Buglé,Ngabe-Bugle,PA-NB,indigenous region,,70.7,,,4,America/Panama,FALSE,1591096042
Cerro La Vaca,Cerro La Vaca,Cerro Las Vacas,7.7906,-80.8313,Panama,PA,PAN,Herrera,Herrera,PA-6,province,,12.5,,,4,America/Panama,FALSE,1591152000
El Pereque,El Pereque,,8.0423,-80.5845,Panama,PA,PAN,Herrera,Herrera,PA-6,province,,15.9,,,4,America/Panama,FALSE,1591001438
Playa Grande,Playa Grande,,8.4500,-79.9833,Panama,PA,PAN,Panamá Oeste,Panama Oeste,PA-10,province,,111.9,,,4,America/Panama,FALSE,1591642497
Los Rodeos,Los Rodeos,,8.7965,-80.2166,Panama,PA,PAN,Coclé,Cocle,PA-2,province,,19.0,,,4,America/Panama,FALSE,1591004576
Los Rodeos,Los Rodeos,Los Rodeo,8.3880,-80.5931,Panama,PA,PAN,Coclé,Cocle,PA-2,province,,11.7,,,4,America/Panama,TRUE,1591906584
El Balita Número Uno,El Balita Numero Uno,El Balita Número 1,8.4388,-80.7917,Panama,PA,PAN,Veraguas,Veraguas,PA-9,province,,17.0,,,4,America/Panama,FALSE,1591003865
Berolizar,Berolizar,,9.0449,-80.3185,Panama,PA,PAN,Colón,Colon,PA-3,province,,11.9,,,4,America/Panama,FALSE,1591232296
Flores,Flores,,7.3809,-80.8277,Panama,PA,PAN,Veraguas,Veraguas,PA-9,province,,3.6,,,5,America/Panama,FALSE,1591270189
Piedra Blanca,Piedra Blanca,,9.3000,-82.4500,Panama,PA,PAN,Bocas del Toro,Bocas del Toro,PA-1,province,,154.0,,,4,America/Panama,FALSE,1591955088
El Cabimo,El Cabimo,,9.0625,-80.1890,Panama,PA,PAN,Colón,Colon,PA-3,province,,22.3,,,4,America/Panama,FALSE,1591004143
El Cabimo,El Cabimo,,8.4968,-80.7160,Panama,PA,PAN,Coclé,Cocle,PA-2,province,,20.7,,,4,America/Panama,FALSE,1591212121
Quebrada Brea,Quebrada Brea,,8.1044,-78.0223,Panama,PA,PAN,Darién,Darien,PA-5,province,,2.3,,,5,America/Panama,FALSE,1591004826
El Bajo,El Bajo,,9.1333,-79.5833,Panama,PA,PAN,Panamá,Panama,PA-8,province,,78.1,,,4,America/Panama,FALSE,1591016143
Casa Grande,Casa Grande,,8.6828,-81.3404,Panama,PA,PAN,Ngäbe-Buglé,Ngabe-Bugle,PA-NB,indigenous region,,11.8,,,4,America/Panama,FALSE,1591003129
El Estacón,El Estacon,,7.7269,-80.5422,Panama,PA,PAN,Los Santos,Los Santos,PA-7,province,,81.6,,,4,America/Panama,FALSE,1591002173
Quito,Quito,,7.5994,-80.6499,Panama,PA,PAN,Los Santos,Los Santos,PA-7,province,,13.4,,,4,America/Panama,FALSE,1591958301
Quebrada Lajas,Quebrada Lajas,,8.4508,-82.1650,Panama,PA,PAN,Ngäbe-Buglé,Ngabe-Bugle,PA-NB,indigenous region,,24.6,,,4,America/Panama,FALSE,1591000201
Kiarri,Kiarri,,8.8284,-81.7127,Panama,PA,PAN,Ngäbe-Buglé,Ngabe-Bugle,PA-NB,indigenous region,,35.3,,,4,America/Panama,FALSE,1591002574
Cerro Conejito,Cerro Conejito,,8.3992,-81.6725,Panama,PA,PAN,Ngäbe-Buglé,Ngabe-Bugle,PA-NB,indigenous region,,96.1,,,4,America/Panama,FALSE,1591000941
La Graciana,La Graciana,La Gradiana,8.0323,-81.0134,Panama,PA,PAN,Veraguas,Veraguas,PA-9,province,,40.9,,,4,America/Panama,FALSE,1591731625
El Bajo de La Pintada,El Bajo de La Pintada,,7.4933,-80.6130,Panama,PA,PAN,Los Santos,Los Santos,PA-7,province,,5.3,,,5,America/Panama,FALSE,1591478885
Ciruelito,Ciruelito,El Ciruelito,8.4768,-80.0755,Panama,PA,PAN,Panamá Oeste,Panama Oeste,PA-10,province,,63.7,,,4,America/Panama,FALSE,1591005381
Gatú Arriba,Gatu Arriba,,8.2807,-81.0179,Panama,PA,PAN,Veraguas,Veraguas,PA-9,province,,27.0,,,4,America/Panama,FALSE,1591001214
El Hato,El Hato,,8.2512,-82.4103,Panama,PA,PAN,Chiriquí,Chiriqui,PA-4,province,,147.0,,,4,America/Panama,FALSE,1591003764
El Hato,El Hato,,8.5458,-82.4852,Panama,PA,PAN,Chiriquí,Chiriqui,PA-4,province,,29.4,,,4,America/Panama,TRUE,1591003763
Boca de Man Creek,Boca de Man Creek,,8.9342,-82.0566,Panama,PA,PAN,Bocas del Toro,Bocas del Toro,PA-1,province,,52.2,,,4,America/Panama,FALSE,1591000567
Los Caracuchos,Los Caracuchos,Caracucho,7.5219,-80.6107,Panama,PA,PAN,Los Santos,Los Santos,PA-7,province,,6.0,,,5,America/Panama,FALSE,1591774983
Barriada El Gallo,Barriada El Gallo,,8.2184,-80.5198,Panama,PA,PAN,Coclé,Cocle,PA-2,province,,201.4,,,3,America/Panama,FALSE,1591000359
Infiernillo,Infiernillo,,7.2851,-80.9138,Panama,PA,PAN,Veraguas,Veraguas,PA-9,province,,1.5,,,5,America/Panama,FALSE,1591125773
Cerro Chuzo,Cerro Chuzo,,8.3471,-81.5591,Panama,PA,PAN,Chiriquí,Chiriqui,PA-4,province,,53.8,,,4,America/Panama,FALSE,1591896608
Librate,Librate,,8.8315,-81.5783,Panama,PA,PAN,Ngäbe-Buglé,Ngabe-Bugle,PA-NB,indigenous region,,9.6,,,5,America/Panama,FALSE,1591000557
Cerro Ají,Cerro Aji,,8.4514,-81.8950,Panama,PA,PAN,Ngäbe-Buglé,Ngabe-Bugle,PA-NB,indigenous region,,46.3,,,4,America/Panama,FALSE,1591003650
Bellavista,Bellavista,,8.6523,-77.9625,Panama,PA,PAN,Darién,Darien,PA-5,province,,10.3,,,4,America/Panama,FALSE,1591830887
Los Torres,Los Torres,,8.5833,-80.1500,Panama,PA,PAN,Coclé,Cocle,PA-2,province,,241.0,,,3,America/Panama,FALSE,1591641123
Los Torres,Los Torres,,8.4809,-80.7745,Panama,PA,PAN,Coclé,Cocle,PA-2,province,,17.0,,,4,America/Panama,TRUE,1591002437
El Tábano,El Tabano,,7.5660,-80.1813,Panama,PA,PAN,Los Santos,Los Santos,PA-7,province,,17.0,,,4,America/Panama,FALSE,1591338589
Cerro Alto,Cerro Alto,,8.4002,-80.7941,Panama,PA,PAN,Veraguas,Veraguas,PA-9,province,,14.6,,,4,America/Panama,FALSE,1591000637
Río Gira,Rio Gira,,8.8090,-78.3928,Panama,PA,PAN,Darién,Darien,PA-5,province,,7.2,,,5,America/Panama,FALSE,1591004304
Los Virotales,Los Virotales,,7.6727,-80.7790,Panama,PA,PAN,Herrera,Herrera,PA-6,province,,19.9,,,4,America/Panama,FALSE,1591712293
Uní,Uni,,9.2333,-79.0167,Panama,PA,PAN,Panamá,Panama,PA-8,province,,8.4,,,5,America/Panama,FALSE,1591739438
Paratilla,Paratilla,,8.3040,-78.1257,Panama,PA,PAN,Darién,Darien,PA-5,province,,9.5,,,5,America/Panama,FALSE,1591775924
Quebrada Ñajú,Quebrada Naju,,9.1549,-79.5820,Panama,PA,PAN,Panamá,Panama,PA-8,province,,67.2,,,4,America/Panama,FALSE,1591674835
El Pozo Barro,El Pozo Barro,,7.8312,-80.4616,Panama,PA,PAN,Los Santos,Los Santos,PA-7,province,,38.4,,,4,America/Panama,FALSE,1591001287
El Coco,El Coco,,8.0093,-81.0215,Panama,PA,PAN,Veraguas,Veraguas,PA-9,province,,40.9,,,4,America/Panama,FALSE,1591773624
El Coco,El Coco,,8.1292,-81.1768,Panama,PA,PAN,Veraguas,Veraguas,PA-9,province,,19.1,,,4,America/Panama,TRUE,1591668738
El Coco,El Coco,,8.0080,-80.8619,Panama,PA,PAN,Veraguas,Veraguas,PA-9,province,,16.0,,,4,America/Panama,TRUE,1591412479
El Coco,El Coco,,7.7906,-81.2231,Panama,PA,PAN,Veraguas,Veraguas,PA-9,province,,11.1,,,4,America/Panama,TRUE,1591447550
El Coco,El Coco,,7.7832,-81.0116,Panama,PA,PAN,Veraguas,Veraguas,PA-9,province,,9.2,,,5,America/Panama,TRUE,1591584870
Los Monos,Los Monos,,8.6833,-80.0000,Panama,PA,PAN,Panamá Oeste,Panama Oeste,PA-10,province,,26.5,,,4,America/Panama,FALSE,1591989740
El Hato,El Hato,,8.1667,-81.3167,Panama,PA,PAN,Veraguas,Veraguas,PA-9,province,,26.4,,,4,America/Panama,FALSE,1591589056
El Hato,El Hato,,8.0055,-81.1608,Panama,PA,PAN,Veraguas,Veraguas,PA-9,province,,24.6,,,4,America/Panama,TRUE,1591003770
El Hato,El Hato,,8.0984,-81.2476,Panama,PA,PAN,Veraguas,Veraguas,PA-9,province,,17.5,,,4,America/Panama,TRUE,1591588583
El Hato,El Hato,,8.3619,-80.8683,Panama,PA,PAN,Veraguas,Veraguas,PA-9,province,,16.2,,,4,America/Panama,TRUE,1591003766
El Hato,El Hato,,8.3806,-80.8170,Panama,PA,PAN,Veraguas,Veraguas,PA-9,province,,14.8,,,4,America/Panama,TRUE,1591003767
El Hato,El Hato,,8.2759,-81.4973,Panama,PA,PAN,Veraguas,Veraguas,PA-9,province,,14.3,,,4,America/Panama,TRUE,1591003769
El Hato,El Hato,,8.4220,-80.8526,Panama,PA,PAN,Veraguas,Veraguas,PA-9,province,,13.0,,,4,America/Panama,TRUE,1591003768
El Hato,El Hato,Chumical,7.7982,-81.2812,Panama,PA,PAN,Veraguas,Veraguas,PA-9,province,,11.1,,,4,America/Panama,TRUE,1591551134
Charco Azul,Charco Azul,,7.9916,-80.8986,Panama,PA,PAN,Veraguas,Veraguas,PA-9,province,,20.4,,,4,America/Panama,FALSE,1591002772
Charco Azul,Charco Azul,,8.0123,-81.4141,Panama,PA,PAN,Veraguas,Veraguas,PA-9,province,,10.7,,,4,America/Panama,TRUE,1591002771
Quebrada Mono,Quebrada Mono,,9.1469,-82.3985,Panama,PA,PAN,Bocas del Toro,Bocas del Toro,PA-1,province,,22.6,,,4,America/Panama,FALSE,1591003862
Valle de Agua Abajo,Valle de Agua Abajo,,9.2242,-82.3725,Panama,PA,PAN,Bocas del Toro,Bocas del Toro,PA-1,province,,154.0,,,4,America/Panama,FALSE,1591001720
El Espino,El Espino,,8.3973,-80.0927,Panama,PA,PAN,Coclé,Cocle,PA-2,province,,152.0,,,4,America/Panama,FALSE,1591854572
El Espino,El Espino,,8.3098,-80.5772,Panama,PA,PAN,Coclé,Cocle,PA-2,province,,58.2,,,4,America/Panama,TRUE,1591702277
El Espino,El Espino,,8.5289,-80.5294,Panama,PA,PAN,Coclé,Cocle,PA-2,province,,52.3,,,4,America/Panama,TRUE,1591838903
El Espino,El Espino,,8.4167,-80.2167,Panama,PA,PAN,Coclé,Cocle,PA-2,province,,44.0,,,4,America/Panama,TRUE,1591567184
El Espino,El Espino,,8.8117,-80.4187,Panama,PA,PAN,Coclé,Cocle,PA-2,province,,22.6,,,4,America/Panama,TRUE,1591001335
Altos de Milla Diez,Altos de Milla Diez,Altos de Milla 10,9.3796,-82.4791,Panama,PA,PAN,Bocas del Toro,Bocas del Toro,PA-1,province,,76.3,,,4,America/Panama,FALSE,1591000218
Boca de Negrita,Boca de Negrita,,9.0817,-82.3569,Panama,PA,PAN,Bocas del Toro,Bocas del Toro,PA-1,province,,21.0,,,4,America/Panama,FALSE,1591001380
Cabuya,Cabuya,,8.5747,-79.9271,Panama,PA,PAN,Panamá Oeste,Panama Oeste,PA-10,province,minor,50.5,,,3,America/Panama,FALSE,1591515963
Utivé,Utive,,9.1515,-79.3235,Panama,PA,PAN,Panamá,Panama,PA-8,province,,163.4,,,4,America/Panama,FALSE,1591362454
Alto del Río,Alto del Rio,,7.6789,-80.6789,Panama,PA,PAN,Herrera,Herrera,PA-6,province,,14.6,,,4,America/Panama,FALSE,1591475519
Las Peñitas,Las Penitas,,8.5685,-78.3641,Panama,PA,PAN,Darién,Darien,PA-5,province,,3.4,,,5,America/Panama,FALSE,1591005348
Las Peñitas,Las Penitas,,8.5406,-80.3367,Panama,PA,PAN,Coclé,Cocle,PA-2,province,,456.8,,,3,America/Panama,FALSE,1591003554
Las Peñitas,Las Penitas,,8.5069,-80.1791,Panama,PA,PAN,Coclé,Cocle,PA-2,province,,74.3,,,4,America/Panama,TRUE,1591140119
La Ciénaga,La Cienaga,,8.4293,-81.0332,Panama,PA,PAN,Veraguas,Veraguas,PA-9,province,,21.0,,,4,America/Panama,FALSE,1591003681
El Espino,El Espino,,8.1947,-80.9596,Panama,PA,PAN,Veraguas,Veraguas,PA-9,province,,248.9,,,3,America/Panama,FALSE,1591887626
El Espino,El Espino,Espino del Cobre,8.0525,-81.3719,Panama,PA,PAN,Veraguas,Veraguas,PA-9,province,,14.8,,,4,America/Panama,TRUE,1591638637
Las Ánimas,Las Animas,,8.5833,-80.0167,Panama,PA,PAN,Panamá Oeste,Panama Oeste,PA-10,province,,24.5,,,4,America/Panama,FALSE,1591925625
Majecito Arriba,Majecito Arriba,,9.0825,-78.8950,Panama,PA,PAN,Panamá,Panama,PA-8,province,,8.2,,,5,America/Panama,FALSE,1591513365
Llano de Los Castros,Llano de Los Castros,,7.7850,-80.4236,Panama,PA,PAN,Los Santos,Los Santos,PA-7,province,,26.9,,,4,America/Panama,FALSE,1591001076
Cuesta de Piedra,Cuesta de Piedra,,8.6770,-82.6251,Panama,PA,PAN,Chiriquí,Chiriqui,PA-4,province,,391.8,,,3,America/Panama,FALSE,1591549713
Cerro Alto,Cerro Alto,,8.5268,-80.7809,Panama,PA,PAN,Coclé,Cocle,PA-2,province,,17.0,,,4,America/Panama,FALSE,1591003565
Puerto Viejo,Puerto Viejo,,7.5678,-81.1975,Panama,PA,PAN,Veraguas,Veraguas,PA-9,province,,0.5,,,5,America/Panama,FALSE,1591000966
El Común,El Comun,,8.1805,-77.6232,Panama,PA,PAN,Emberá-Wounaan,Embera-Wounaan,PA-EM,indigenous region,,13.4,,,4,America/Panama,FALSE,1591388301
San Pedro Dos,San Pedro Dos,San Pedro 2,9.1589,-79.4037,Panama,PA,PAN,Panamá,Panama,PA-8,province,,1011.5,,,3,America/Panama,FALSE,1591004271
Río Chiricano,Rio Chiricano,,8.7080,-78.3791,Panama,PA,PAN,Darién,Darien,PA-5,province,,7.2,,,5,America/Panama,FALSE,1591005139
Narbagandup Bipi,Narbagandup Bipi,Naranjo Chico Número 2|Naranjo Chico Número Dos,9.4707,-78.8423,Panama,PA,PAN,Guna Yala,Guna Yala,PA-KY,indigenous region,,12.7,,,4,America/Panama,FALSE,1591004920
Alto Tribaldo,Alto Tribaldo,,8.8291,-82.5962,Panama,PA,PAN,Chiriquí,Chiriqui,PA-4,province,,71.4,,,4,America/Panama,FALSE,1591003101
Chichicosa,Chichicosa,La Chichicosa,8.5537,-82.2809,Panama,PA,PAN,Chiriquí,Chiriqui,PA-4,province,,28.7,,,4,America/Panama,FALSE,1591182093
Canajagüito,Canajaguito,,7.6640,-80.4287,Panama,PA,PAN,Los Santos,Los Santos,PA-7,province,,8.2,,,5,America/Panama,FALSE,1591145830
Miramar Arriba,Miramar Arriba,,9.0000,-82.2500,Panama,PA,PAN,Bocas del Toro,Bocas del Toro,PA-1,province,,52.1,,,4,America/Panama,FALSE,1591025935
El Salitral,El Salitral,,8.4009,-80.7221,Panama,PA,PAN,Coclé,Cocle,PA-2,province,,17.0,,,4,America/Panama,FALSE,1591001980
Raicillosa,Raicillosa,,7.7495,-81.4270,Panama,PA,PAN,Veraguas,Veraguas,PA-9,province,,6.4,,,5,America/Panama,FALSE,1591003834
El Bajo,El Bajo,,9.4041,-79.6365,Panama,PA,PAN,Colón,Colon,PA-3,province,,21.4,,,4,America/Panama,FALSE,1591004976
Campamento Corozal,Campamento Corozal,,8.4016,-82.5205,Panama,PA,PAN,Chiriquí,Chiriqui,PA-4,province,,28.0,,,4,America/Panama,FALSE,1591000235
Agua Fría,Agua Fria,,8.2451,-81.0285,Panama,PA,PAN,Veraguas,Veraguas,PA-9,province,,28.5,,,4,America/Panama,FALSE,1591003675
Agua Fría,Agua Fria,,8.4808,-80.9356,Panama,PA,PAN,Veraguas,Veraguas,PA-9,province,,15.6,,,4,America/Panama,TRUE,1591003676
Agua Fría,Agua Fria,,7.8858,-81.3449,Panama,PA,PAN,Veraguas,Veraguas,PA-9,province,,6.0,,,5,America/Panama,TRUE,1591812851
Playa El Retén,Playa El Reten,,8.0092,-80.4407,Panama,PA,PAN,Herrera,Herrera,PA-6,province,,490.3,,,3,America/Panama,FALSE,1591000651
La Carrizala,La Carrizala,,7.8268,-80.4529,Panama,PA,PAN,Los Santos,Los Santos,PA-7,province,,29.9,,,4,America/Panama,FALSE,1591002923
Alto de las Yeguas,Alto de las Yeguas,,7.9264,-81.4401,Panama,PA,PAN,Veraguas,Veraguas,PA-9,province,,9.0,,,5,America/Panama,FALSE,1591973552
Agua Fría,Agua Fria,Aguas Frias,8.4224,-80.3427,Panama,PA,PAN,Coclé,Cocle,PA-2,province,,41.1,,,4,America/Panama,FALSE,1591636897
Agua Fría,Agua Fria,,8.6668,-80.4731,Panama,PA,PAN,Coclé,Cocle,PA-2,province,,19.3,,,4,America/Panama,TRUE,1591709406
Loma Brava,Loma Brava,,9.3889,-82.4936,Panama,PA,PAN,Bocas del Toro,Bocas del Toro,PA-1,province,,76.3,,,4,America/Panama,FALSE,1591000219
El Pato Arriba,El Pato Arriba,,8.2907,-81.0653,Panama,PA,PAN,Veraguas,Veraguas,PA-9,province,,19.0,,,4,America/Panama,FALSE,1591003025
Entrada del Burro,Entrada del Burro,,8.2852,-82.0849,Panama,PA,PAN,Chiriquí,Chiriqui,PA-4,province,,17.7,,,4,America/Panama,FALSE,1591003127
Bajo Capacho,Bajo Capacho,,8.4634,-81.6465,Panama,PA,PAN,Ngäbe-Buglé,Ngabe-Bugle,PA-NB,indigenous region,,36.9,,,4,America/Panama,FALSE,1591002701
Eucalito,Eucalito,Guacalito,8.2316,-82.2012,Panama,PA,PAN,Chiriquí,Chiriqui,PA-4,province,,3.7,,,5,America/Panama,FALSE,1591120313
Cerro Redondo,Cerro Redondo,,8.2696,-81.5590,Panama,PA,PAN,Ngäbe-Buglé,Ngabe-Bugle,PA-NB,indigenous region,,32.5,,,4,America/Panama,FALSE,1591044967
Cerro Viejo,Cerro Viejo,,8.3419,-81.1868,Panama,PA,PAN,Veraguas,Veraguas,PA-9,province,,61.5,,,4,America/Panama,FALSE,1591407589
Dobrote,Dobrote,,8.6267,-81.7257,Panama,PA,PAN,Ngäbe-Buglé,Ngabe-Bugle,PA-NB,indigenous region,,41.8,,,4,America/Panama,FALSE,1591000835
Cangüe,Cangue,Plantación de Banana el Canguey|Cangüé,9.5943,-79.5847,Panama,PA,PAN,Colón,Colon,PA-3,province,,41.6,,,4,America/Panama,FALSE,1591004167
Panamacito,Panamacito,Panamaito,8.4333,-80.2167,Panama,PA,PAN,Coclé,Cocle,PA-2,province,,44.0,,,4,America/Panama,FALSE,1591529995
Quebrada Suegro,Quebrada Suegro,,8.8450,-81.7425,Panama,PA,PAN,Ngäbe-Buglé,Ngabe-Bugle,PA-NB,indigenous region,,35.3,,,4,America/Panama,FALSE,1591001582
Sonadora,Sonadora,,8.8083,-81.0387,Panama,PA,PAN,Veraguas,Veraguas,PA-9,province,,4.2,,,5,America/Panama,FALSE,1591004004
El Cerro,El Cerro,,8.7833,-79.8167,Panama,PA,PAN,Panamá Oeste,Panama Oeste,PA-10,province,,136.6,,,4,America/Panama,FALSE,1591635404
Cerro Viejo,Cerro Viejo,,8.2540,-81.5752,Panama,PA,PAN,Chiriquí,Chiriqui,PA-4,province,minor,85.0,,,3,America/Panama,FALSE,1591291791
Los Bordones,Los Bordones,,8.3597,-81.0888,Panama,PA,PAN,Veraguas,Veraguas,PA-9,province,,22.0,,,4,America/Panama,FALSE,1591891633
Quebrada de Tallo,Quebrada de Tallo,Tallo,8.0701,-82.8876,Panama,PA,PAN,Chiriquí,Chiriqui,PA-4,province,,20.6,,,4,America/Panama,FALSE,1591258806
Corobá,Coroba,,7.4922,-78.0313,Panama,PA,PAN,Darién,Darien,PA-5,province,,2.8,,,5,America/Panama,FALSE,1591005528
El Tigre,El Tigre,,8.4494,-78.0456,Panama,PA,PAN,Darién,Darien,PA-5,province,,4.0,,,5,America/Panama,FALSE,1591972077
El Tigre,El Tigre,,7.4983,-78.0444,Panama,PA,PAN,Darién,Darien,PA-5,province,,2.8,,,5,America/Panama,TRUE,1591005440
Panagro,Panagro,,8.9502,-82.1226,Panama,PA,PAN,Bocas del Toro,Bocas del Toro,PA-1,province,,52.2,,,4,America/Panama,FALSE,1591001789
Tinajones Arriba,Tinajones Arriba,Los Tinajones Arriba|Tinajones,9.0034,-79.8957,Panama,PA,PAN,Panamá Oeste,Panama Oeste,PA-10,province,,26.1,,,4,America/Panama,FALSE,1591978402
Bucori,Bucori,Bugori|Bocore|Playa Bugori,9.1116,-81.9010,Panama,PA,PAN,Ngäbe-Buglé,Ngabe-Bugle,PA-NB,indigenous region,,55.9,,,4,America/Panama,FALSE,1591756971
Florida Abajo,Florida Abajo,La Florida|La Florida Abajo,8.8469,-80.0117,Panama,PA,PAN,Panamá Oeste,Panama Oeste,PA-10,province,,29.8,,,4,America/Panama,FALSE,1591258464
Cabecera de Río Piedra,Cabecera de Rio Piedra,,8.8297,-82.1093,Panama,PA,PAN,Ngäbe-Buglé,Ngabe-Bugle,PA-NB,indigenous region,,28.6,,,4,America/Panama,FALSE,1591003139
Cabecera de Río Piedra,Cabecera de Rio Piedra,,8.4650,-81.2177,Panama,PA,PAN,Ngäbe-Buglé,Ngabe-Bugle,PA-NB,indigenous region,,17.4,,,4,America/Panama,TRUE,1591003140
Sisiguada,Sisiguada,Sisguada,8.4985,-81.6126,Panama,PA,PAN,Ngäbe-Buglé,Ngabe-Bugle,PA-NB,indigenous region,,45.4,,,4,America/Panama,FALSE,1591701038
Guoroniquidete,Guoroniquidete,,8.7404,-81.7749,Panama,PA,PAN,Ngäbe-Buglé,Ngabe-Bugle,PA-NB,indigenous region,,9.3,,,5,America/Panama,FALSE,1591002480
La Granja,La Granja,,7.7833,-80.2833,Panama,PA,PAN,Los Santos,Los Santos,PA-7,province,,954.4,,,3,America/Panama,FALSE,1591600408
El Torno Abajo,El Torno Abajo,El Torno,8.9864,-80.1700,Panama,PA,PAN,Colón,Colon,PA-3,province,,22.2,,,4,America/Panama,FALSE,1591840483
Alto del Naranjo,Alto del Naranjo,Naranjal,8.8936,-80.1069,Panama,PA,PAN,Panamá Oeste,Panama Oeste,PA-10,province,,27.8,,,4,America/Panama,FALSE,1591407035
El Bajo de la Pifá,El Bajo de la Pifa,,8.7833,-80.1667,Panama,PA,PAN,Coclé,Cocle,PA-2,province,,55.2,,,4,America/Panama,FALSE,1591901412
Camacho,Camacho,,9.1433,-80.3880,Panama,PA,PAN,Colón,Colon,PA-3,province,,8.7,,,5,America/Panama,FALSE,1591001314
Llano de los Martinez,Llano de los Martinez,El Barro,8.1688,-81.4632,Panama,PA,PAN,Veraguas,Veraguas,PA-9,province,,26.4,,,4,America/Panama,FALSE,1591901858
La Loma de Los González,La Loma de Los Gonzalez,La Loma de Los Gonzáles|Loma de los González,8.3115,-80.6837,Panama,PA,PAN,Coclé,Cocle,PA-2,province,,7.6,,,5,America/Panama,FALSE,1591626095
Los Naranjales de Iguanero,Los Naranjales de Iguanero,,9.0650,-80.2806,Panama,PA,PAN,Colón,Colon,PA-3,province,,8.7,,,5,America/Panama,FALSE,1591003730
Aruza Arriba,Aruza Arriba,,8.4057,-77.9379,Panama,PA,PAN,Darién,Darien,PA-5,province,,4.0,,,5,America/Panama,FALSE,1591005420
Finca Sesenta y Siete,Finca Sesenta y Siete,Finca 67,9.4374,-82.4973,Panama,PA,PAN,Bocas del Toro,Bocas del Toro,PA-1,province,,400.0,,,3,America/Panama,FALSE,1591866275
La Pasera,La Pasera,Llano del Hato,7.7980,-80.3044,Panama,PA,PAN,Los Santos,Los Santos,PA-7,province,minor,54.6,,,3,America/Panama,FALSE,1591047340
Cerro Ceniza,Cerro Ceniza,,8.3422,-81.7656,Panama,PA,PAN,Ngäbe-Buglé,Ngabe-Bugle,PA-NB,indigenous region,,159.2,,,4,America/Panama,FALSE,1591734933
Cerro Ceniza,Cerro Ceniza,,8.6309,-81.7342,Panama,PA,PAN,Ngäbe-Buglé,Ngabe-Bugle,PA-NB,indigenous region,,34.0,,,4,America/Panama,TRUE,1591002359
Quebrada Cangrejal,Quebrada Cangrejal,,8.5421,-81.9891,Panama,PA,PAN,Ngäbe-Buglé,Ngabe-Bugle,PA-NB,indigenous region,,32.8,,,4,America/Panama,FALSE,1591003093
Ciricito,Ciricito,,9.0180,-80.0809,Panama,PA,PAN,Colón,Colon,PA-3,province,,43.6,,,4,America/Panama,FALSE,1591891283
Boca de Caballero,Boca de Caballero,,8.5299,-80.2180,Panama,PA,PAN,Coclé,Cocle,PA-2,province,,106.2,,,4,America/Panama,FALSE,1591004795
Río Sereno,Rio Sereno,,8.9309,-78.5367,Panama,PA,PAN,Panamá,Panama,PA-8,province,,10.8,,,4,America/Panama,FALSE,1591005065
El Jobo,El Jobo,,8.3320,-80.6023,Panama,PA,PAN,Coclé,Cocle,PA-2,province,,58.2,,,4,America/Panama,FALSE,1591892203
El Jobo,El Jobo,,8.4795,-80.1670,Panama,PA,PAN,Coclé,Cocle,PA-2,province,,43.0,,,4,America/Panama,TRUE,1591005044
El Jobo,El Jobo,,8.3844,-80.3076,Panama,PA,PAN,Coclé,Cocle,PA-2,province,,38.2,,,4,America/Panama,TRUE,1591605807
El Jobo,El Jobo,,8.4865,-80.5222,Panama,PA,PAN,Coclé,Cocle,PA-2,province,,35.5,,,4,America/Panama,TRUE,1591019840
El Jobo,El Jobo,,8.6147,-80.5886,Panama,PA,PAN,Coclé,Cocle,PA-2,province,,27.4,,,4,America/Panama,TRUE,1591210756
El Jobo,El Jobo,Boca del Jobo|La Boca del Jobo,9.0503,-80.1957,Panama,PA,PAN,Coclé,Cocle,PA-2,province,,22.3,,,4,America/Panama,TRUE,1591987367
El Jobo,El Jobo,,8.9667,-80.2086,Panama,PA,PAN,Coclé,Cocle,PA-2,province,,22.2,,,4,America/Panama,TRUE,1591394699
El Jobo,El Jobo,,8.5543,-80.6197,Panama,PA,PAN,Coclé,Cocle,PA-2,province,,15.7,,,4,America/Panama,TRUE,1591002802
Alto El Marco,Alto El Marco,Marco|El Marco,8.1047,-81.2777,Panama,PA,PAN,Veraguas,Veraguas,PA-9,province,,16.2,,,4,America/Panama,FALSE,1591254021
El Jobo,El Jobo,,8.3046,-82.5521,Panama,PA,PAN,Chiriquí,Chiriqui,PA-4,province,,35.2,,,4,America/Panama,FALSE,1591985494
El Jobo,El Jobo,,8.3253,-82.0738,Panama,PA,PAN,Chiriquí,Chiriqui,PA-4,province,,17.7,,,4,America/Panama,TRUE,1591019899
El Jobo,El Jobo,,8.4894,-82.3376,Panama,PA,PAN,Chiriquí,Chiriqui,PA-4,province,,13.9,,,4,America/Panama,TRUE,1591820034
El Jobo,El Jobo,,7.9976,-80.6940,Panama,PA,PAN,Herrera,Herrera,PA-6,province,,18.8,,,4,America/Panama,FALSE,1591572027
El Jobo,El Jobo,Playa del Jobo|La Playa del Jobo,7.8074,-80.2087,Panama,PA,PAN,Los Santos,Los Santos,PA-7,province,,37.0,,,4,America/Panama,FALSE,1591346333
El Jobo,El Jobo,Loma del Jobo,7.7033,-80.4372,Panama,PA,PAN,Los Santos,Los Santos,PA-7,province,,23.3,,,4,America/Panama,TRUE,1591598959
Las Tibias,Las Tibias,,8.6216,-80.5671,Panama,PA,PAN,Coclé,Cocle,PA-2,province,,25.6,,,4,America/Panama,FALSE,1591486860
Las Tibias,Las Tibias,,8.4487,-80.7096,Panama,PA,PAN,Coclé,Cocle,PA-2,province,,19.9,,,4,America/Panama,TRUE,1591001305
El Jobo,El Jobo,,8.0045,-80.9269,Panama,PA,PAN,Veraguas,Veraguas,PA-9,province,,41.6,,,4,America/Panama,FALSE,1591002804
El Jobo,El Jobo,,8.4058,-80.8220,Panama,PA,PAN,Veraguas,Veraguas,PA-9,province,,14.6,,,4,America/Panama,TRUE,1591002803
El Jobo,El Jobo,,7.9370,-81.2865,Panama,PA,PAN,Veraguas,Veraguas,PA-9,province,,12.5,,,4,America/Panama,TRUE,1591803610
El Jobo,El Jobo,,7.5303,-81.1929,Panama,PA,PAN,Veraguas,Veraguas,PA-9,province,,5.0,,,5,America/Panama,TRUE,1591127957
Nugarachuerdup,Nugarachuerdup,,9.5469,-78.8993,Panama,PA,PAN,Guna Yala,Guna Yala,PA-KY,indigenous region,,12.7,,,4,America/Panama,FALSE,1591005174
Bajo Pilón,Bajo Pilon,,8.3926,-81.8567,Panama,PA,PAN,Ngäbe-Buglé,Ngabe-Bugle,PA-NB,indigenous region,,63.4,,,4,America/Panama,FALSE,1591001003
Carrizal,Carrizal,,8.4961,-81.8979,Panama,PA,PAN,Ngäbe-Buglé,Ngabe-Bugle,PA-NB,indigenous region,,11.9,,,4,America/Panama,FALSE,1591001090
Obré Abajo,Obre Abajo,,8.8000,-80.2833,Panama,PA,PAN,Coclé,Cocle,PA-2,province,,28.1,,,4,America/Panama,FALSE,1591655569
Alto del Gallo,Alto del Gallo,,8.5500,-80.1000,Panama,PA,PAN,Panamá Oeste,Panama Oeste,PA-10,province,,64.8,,,4,America/Panama,FALSE,1591720883
Alto Güibale,Alto Guibale,,8.5204,-81.3688,Panama,PA,PAN,Ngäbe-Buglé,Ngabe-Bugle,PA-NB,indigenous region,,18.6,,,4,America/Panama,FALSE,1591003319
Aeropuerto de Río Hato,Aeropuerto de Rio Hato,,8.3768,-80.1311,Panama,PA,PAN,Coclé,Cocle,PA-2,province,,152.0,,,4,America/Panama,FALSE,1591005533
Palmarito,Palmarito,,8.2905,-81.0988,Panama,PA,PAN,Veraguas,Veraguas,PA-9,province,,17.3,,,4,America/Panama,FALSE,1591003369
Las Tetas,Las Tetas,,8.2750,-80.7882,Panama,PA,PAN,Veraguas,Veraguas,PA-9,province,,29.5,,,4,America/Panama,FALSE,1591431687
Santa Cruz,Santa Cruz,,8.7500,-79.8500,Panama,PA,PAN,Panamá Oeste,Panama Oeste,PA-10,province,,136.6,,,4,America/Panama,FALSE,1591283116
Santa Cruz,Santa Cruz,,8.6343,-79.8854,Panama,PA,PAN,Panamá Oeste,Panama Oeste,PA-10,province,,131.6,,,4,America/Panama,TRUE,1591569896
Santa Cruz,Santa Cruz,,8.8167,-79.9000,Panama,PA,PAN,Panamá Oeste,Panama Oeste,PA-10,province,,80.6,,,4,America/Panama,TRUE,1591077027
Santa Cruz,Santa Cruz,,8.9422,-79.7954,Panama,PA,PAN,Panamá Oeste,Panama Oeste,PA-10,province,,45.0,,,4,America/Panama,TRUE,1591506376
Palmarito,Palmarito,Palmirito,8.8244,-82.8226,Panama,PA,PAN,Chiriquí,Chiriqui,PA-4,province,,30.4,,,4,America/Panama,FALSE,1591686500
Seguidule,Seguidule,Río Seguidul,8.0754,-81.4001,Panama,PA,PAN,Veraguas,Veraguas,PA-9,province,,23.5,,,4,America/Panama,FALSE,1591815146
El Pinzón,El Pinzon,Pinzón,8.2768,-80.7005,Panama,PA,PAN,Coclé,Cocle,PA-2,province,,17.5,,,4,America/Panama,FALSE,1591184888
Los Bajitos de Río del Medio,Los Bajitos de Rio del Medio,,8.9540,-80.6717,Panama,PA,PAN,Colón,Colon,PA-3,province,,5.0,,,5,America/Panama,FALSE,1591001794
Marco Antonio,Marco Antonio,,9.4958,-79.6964,Panama,PA,PAN,Colón,Colon,PA-3,province,,21.4,,,4,America/Panama,FALSE,1591919064
El Pescado,El Pescado,,8.2606,-81.4185,Panama,PA,PAN,Veraguas,Veraguas,PA-9,province,,37.4,,,4,America/Panama,FALSE,1591986480
Higuerón,Higueron,El Higueron,8.4987,-82.2850,Panama,PA,PAN,Chiriquí,Chiriqui,PA-4,province,,28.7,,,4,America/Panama,FALSE,1591090735
Higuerón,Higueron,,7.4667,-80.1167,Panama,PA,PAN,Los Santos,Los Santos,PA-7,province,,9.1,,,5,America/Panama,FALSE,1591333609
Cerro Humo,Cerro Humo,,8.4897,-81.5622,Panama,PA,PAN,Ngäbe-Buglé,Ngabe-Bugle,PA-NB,indigenous region,,18.5,,,4,America/Panama,FALSE,1591000746
Cerro Mesa Abajo,Cerro Mesa Abajo,Cerro Mesa,8.3653,-81.8696,Panama,PA,PAN,Ngäbe-Buglé,Ngabe-Bugle,PA-NB,indigenous region,,134.8,,,4,America/Panama,FALSE,1591809335
Toza,Toza,,8.3452,-80.6411,Panama,PA,PAN,Coclé,Cocle,PA-2,province,minor,27.7,,,3,America/Panama,FALSE,1591610686
Quebrada La Conga Abajo,Quebrada La Conga Abajo,,8.9219,-80.1355,Panama,PA,PAN,Panamá Oeste,Panama Oeste,PA-10,province,,27.7,,,4,America/Panama,FALSE,1591005408
Los Rastrojos,Los Rastrojos,,7.6984,-80.5056,Panama,PA,PAN,Los Santos,Los Santos,PA-7,province,,9.9,,,5,America/Panama,FALSE,1591811744
Mogocénega,Mogocenega,,8.3164,-78.1637,Panama,PA,PAN,Darién,Darien,PA-5,province,,9.5,,,5,America/Panama,FALSE,1591265800
Los Rastrojos,Los Rastrojos,,8.9493,-80.2342,Panama,PA,PAN,Coclé,Cocle,PA-2,province,,19.0,,,4,America/Panama,FALSE,1591004433
Zuliari,Zuliari,,8.8484,-82.2410,Panama,PA,PAN,Ngäbe-Buglé,Ngabe-Bugle,PA-NB,indigenous region,,17.9,,,4,America/Panama,FALSE,1591003340
Quebrada La Pileta,Quebrada La Pileta,,8.1318,-80.9280,Panama,PA,PAN,Veraguas,Veraguas,PA-9,province,,484.3,,,3,America/Panama,FALSE,1591000408
Bajo del Aguacate,Bajo del Aguacate,,8.5664,-80.0431,Panama,PA,PAN,Panamá Oeste,Panama Oeste,PA-10,province,,39.3,,,4,America/Panama,FALSE,1591005057
Caracucho,Caracucho,,7.4186,-80.1834,Panama,PA,PAN,Los Santos,Los Santos,PA-7,province,,3.1,,,5,America/Panama,FALSE,1591001185
Hueco Frío,Hueco Frio,,8.9146,-78.5608,Panama,PA,PAN,Panamá,Panama,PA-8,province,,10.8,,,4,America/Panama,FALSE,1591004744
Buigote,Buigote,,8.7292,-81.7923,Panama,PA,PAN,Ngäbe-Buglé,Ngabe-Bugle,PA-NB,indigenous region,,9.3,,,5,America/Panama,FALSE,1591002786
Diente de Cucaracha,Diente de Cucaracha,,8.5323,-81.8947,Panama,PA,PAN,Ngäbe-Buglé,Ngabe-Bugle,PA-NB,indigenous region,,11.9,,,4,America/Panama,FALSE,1591002690
Majagual-Gold Hill,Majagual-Gold Hill,Coco Solito,9.3726,-79.8812,Panama,PA,PAN,Colón,Colon,PA-3,province,,146.8,,,4,America/Panama,FALSE,1591844889
La Cañada,La Canada,,9.1880,-79.0958,Panama,PA,PAN,Panamá,Panama,PA-8,province,,38.9,,,4,America/Panama,FALSE,1591004357
La Cecilia,La Cecilia,,9.0378,-80.1850,Panama,PA,PAN,Coclé,Cocle,PA-2,province,,21.4,,,4,America/Panama,FALSE,1591001708
Casira,Casira,,8.8054,-82.0627,Panama,PA,PAN,Ngäbe-Buglé,Ngabe-Bugle,PA-NB,indigenous region,,28.6,,,4,America/Panama,FALSE,1591004140
Alto de La Laguna,Alto de La Laguna,,8.1551,-81.5604,Panama,PA,PAN,Ngäbe-Buglé,Ngabe-Bugle,PA-NB,indigenous region,,51.4,,,4,America/Panama,FALSE,1591004067
Cermeño,Cermeno,,8.7408,-79.8530,Panama,PA,PAN,Panamá Oeste,Panama Oeste,PA-10,province,minor,27.0,,,3,America/Panama,FALSE,1591408413
El Codicioso,El Codicioso,,7.7489,-80.3661,Panama,PA,PAN,Los Santos,Los Santos,PA-7,province,,18.5,,,4,America/Panama,FALSE,1591157850
Las Mendozas Número Uno,Las Mendozas Numero Uno,Las Mendozas Número 1,8.2325,-81.2018,Panama,PA,PAN,Veraguas,Veraguas,PA-9,province,,26.2,,,4,America/Panama,FALSE,1591000730
Urbanización Nuevo Amanecer,Urbanizacion Nuevo Amanecer,,9.4018,-82.4987,Panama,PA,PAN,Bocas del Toro,Bocas del Toro,PA-1,province,,76.3,,,4,America/Panama,FALSE,1591000227
Silencito,Silencito,,8.8944,-80.2011,Panama,PA,PAN,Coclé,Cocle,PA-2,province,,19.0,,,4,America/Panama,FALSE,1591114296
Gigante,Gigante,,9.0870,-79.8776,Panama,PA,PAN,Panamá Oeste,Panama Oeste,PA-10,province,,26.2,,,4,America/Panama,FALSE,1591979600
La Chumicosa,La Chumicosa,,8.4333,-80.0167,Panama,PA,PAN,Panamá Oeste,Panama Oeste,PA-10,province,,76.6,,,4,America/Panama,FALSE,1591758224
Bito,Bito,,8.7695,-80.2677,Panama,PA,PAN,Coclé,Cocle,PA-2,province,,28.1,,,4,America/Panama,FALSE,1591373935
Ronsuavo,Ronsuavo,Bajo Grande,9.5360,-79.2894,Panama,PA,PAN,Colón,Colon,PA-3,province,,12.7,,,4,America/Panama,FALSE,1591004936
Altamira,Altamira,,8.2176,-80.5458,Panama,PA,PAN,Coclé,Cocle,PA-2,province,,202.4,,,3,America/Panama,FALSE,1591003609
Altamira,Altamira,,8.2217,-80.7142,Panama,PA,PAN,Coclé,Cocle,PA-2,province,,17.5,,,4,America/Panama,TRUE,1591003608
Bajo Mosquito,Bajo Mosquito,,8.4043,-81.6286,Panama,PA,PAN,Ngäbe-Buglé,Ngabe-Bugle,PA-NB,indigenous region,,84.8,,,4,America/Panama,FALSE,1591272293
Quebrada La Palma,Quebrada La Palma,,8.2142,-81.3388,Panama,PA,PAN,Veraguas,Veraguas,PA-9,province,,26.4,,,4,America/Panama,FALSE,1591082874
La Micha,La Micha,,8.5964,-81.1962,Panama,PA,PAN,Veraguas,Veraguas,PA-9,province,,7.7,,,5,America/Panama,FALSE,1591000559
Ciricito Abajo,Ciricito Abajo,Ciricito Pueblo Nuevo|Pueblo Nuevo,9.0333,-80.0833,Panama,PA,PAN,Colón,Colon,PA-3,province,,43.6,,,4,America/Panama,FALSE,1591615208
La Lomita,La Lomita,,8.6697,-78.1402,Panama,PA,PAN,Darién,Darien,PA-5,province,,13.2,,,4,America/Panama,FALSE,1591005335
Caño Victoria,Cano Victoria,,9.0333,-80.0000,Panama,PA,PAN,Colón,Colon,PA-3,province,,26.2,,,4,America/Panama,FALSE,1591076702
La Lomita,La Lomita,,8.3952,-80.5636,Panama,PA,PAN,Coclé,Cocle,PA-2,province,,27.7,,,4,America/Panama,FALSE,1591412591
Tranquilla del Guabal,Tranquilla del Guabal,,8.3227,-81.1388,Panama,PA,PAN,Veraguas,Veraguas,PA-9,province,,17.3,,,4,America/Panama,FALSE,1591003897
Quebrada El Cerdo,Quebrada El Cerdo,Quebrada El Cedro,8.8429,-78.1669,Panama,PA,PAN,Darién,Darien,PA-5,province,,12.5,,,4,America/Panama,FALSE,1591004524
Platanal,Platanal,,9.1142,-80.4709,Panama,PA,PAN,Colón,Colon,PA-3,province,,8.7,,,5,America/Panama,FALSE,1591417446
Pingandicito,Pingandicito,,8.9536,-78.1405,Panama,PA,PAN,Panamá,Panama,PA-8,province,,10.8,,,4,America/Panama,FALSE,1591972964
Los Amarillos,Los Amarillos,,9.2333,-79.0667,Panama,PA,PAN,Panamá,Panama,PA-8,province,,23.6,,,4,America/Panama,FALSE,1591941359
Platanal,Platanal,,8.5296,-80.9409,Panama,PA,PAN,Veraguas,Veraguas,PA-9,province,,15.6,,,4,America/Panama,FALSE,1591812866
Callegantí,Calleganti,,8.2902,-78.0512,Panama,PA,PAN,Darién,Darien,PA-5,province,,3.7,,,5,America/Panama,FALSE,1591004236
Diamante,Diamante,Quebrada Diamante,9.3703,-79.5683,Panama,PA,PAN,Colón,Colon,PA-3,province,,22.5,,,4,America/Panama,FALSE,1591989354
Los Laureles Número Dos,Los Laureles Numero Dos,Los Laureles Número 2,9.1008,-80.2599,Panama,PA,PAN,Colón,Colon,PA-3,province,,8.7,,,5,America/Panama,FALSE,1591000480
Playa Balsa,Playa Balsa,,9.1461,-81.8558,Panama,PA,PAN,Ngäbe-Buglé,Ngabe-Bugle,PA-NB,indigenous region,,214.3,,,3,America/Panama,FALSE,1591002365
La Gurgulla,La Gurgulla,,8.4089,-82.7199,Panama,PA,PAN,Chiriquí,Chiriqui,PA-4,province,,44.9,,,4,America/Panama,FALSE,1591000174
Oregote,Oregote,,8.6328,-81.7514,Panama,PA,PAN,Ngäbe-Buglé,Ngabe-Bugle,PA-NB,indigenous region,,27.0,,,4,America/Panama,FALSE,1591001910
La Bonga,La Bonga,,8.6167,-77.4833,Panama,PA,PAN,Guna Yala,Guna Yala,PA-KY,indigenous region,,5.4,,,5,America/Panama,FALSE,1591415933
La Bodeguita,La Bodeguita,,8.3419,-81.0965,Panama,PA,PAN,Veraguas,Veraguas,PA-9,province,,21.9,,,4,America/Panama,FALSE,1591003559
El Bajo de La Laguna,El Bajo de La Laguna,,8.5608,-82.6402,Panama,PA,PAN,Chiriquí,Chiriqui,PA-4,province,,290.5,,,3,America/Panama,FALSE,1591148295
Cangrejal,Cangrejal,,8.3229,-82.1976,Panama,PA,PAN,Chiriquí,Chiriqui,PA-4,province,,14.3,,,4,America/Panama,FALSE,1591524455
Cerro Limón Número Dos,Cerro Limon Numero Dos,Cerro Limón Número 2,8.5570,-82.0419,Panama,PA,PAN,Ngäbe-Buglé,Ngabe-Bugle,PA-NB,indigenous region,,32.6,,,4,America/Panama,FALSE,1591001812
Milla Diez y Medio,Milla Diez y Medio,Milla 10 1/2,9.3938,-82.4820,Panama,PA,PAN,Bocas del Toro,Bocas del Toro,PA-1,province,,76.3,,,4,America/Panama,FALSE,1591279805
La Catalina,La Catalina,El Alto de la Catalina,8.1711,-81.4160,Panama,PA,PAN,Veraguas,Veraguas,PA-9,province,,26.4,,,4,America/Panama,FALSE,1591731346
La Catalina,La Catalina,Catalina,8.4101,-82.1294,Panama,PA,PAN,Chiriquí,Chiriqui,PA-4,province,,10.5,,,4,America/Panama,FALSE,1591566138
La Catalina,La Catalina,,7.4501,-80.3705,Panama,PA,PAN,Los Santos,Los Santos,PA-7,province,,11.7,,,4,America/Panama,FALSE,1591000684
Las Mesitas,Las Mesitas,,8.2731,-81.2369,Panama,PA,PAN,Veraguas,Veraguas,PA-9,province,,31.0,,,4,America/Panama,FALSE,1591003613
Quebrada Grande del Medio,Quebrada Grande del Medio,,8.8598,-78.2251,Panama,PA,PAN,Darién,Darien,PA-5,province,,12.5,,,4,America/Panama,FALSE,1591004495
Chumical,Chumical,,8.8875,-79.6418,Panama,PA,PAN,Panamá Oeste,Panama Oeste,PA-10,province,,500.7,,,3,America/Panama,FALSE,1591353030
Las Mesitas,Las Mesitas,,8.4705,-80.7190,Panama,PA,PAN,Coclé,Cocle,PA-2,province,,20.3,,,4,America/Panama,FALSE,1591000972
Las Mesitas,Las Mesitas,La Mesitas,7.8844,-80.7033,Panama,PA,PAN,Herrera,Herrera,PA-6,province,,19.0,,,4,America/Panama,FALSE,1591705035
Agua Amarilla,Agua Amarilla,,8.2797,-81.1907,Panama,PA,PAN,Veraguas,Veraguas,PA-9,province,,17.3,,,4,America/Panama,FALSE,1591032286
Filo de Mamey,Filo de Mamey,,9.2659,-79.4099,Panama,PA,PAN,Panamá,Panama,PA-8,province,,67.2,,,4,America/Panama,FALSE,1591005411
Río Zaíno,Rio Zaino,Patio Bonito,8.9532,-78.8602,Panama,PA,PAN,Panamá,Panama,PA-8,province,,5.4,,,5,America/Panama,FALSE,1591004927
Punta Toro,Punta Toro,Punta de Toro,9.1464,-81.9419,Panama,PA,PAN,Ngäbe-Buglé,Ngabe-Bugle,PA-NB,indigenous region,,55.9,,,4,America/Panama,FALSE,1591653660
Los Ruices,Los Ruices,,8.1740,-81.2819,Panama,PA,PAN,Veraguas,Veraguas,PA-9,province,,26.4,,,4,America/Panama,FALSE,1591010521
Los Ruices,Los Ruices,,8.2267,-81.2300,Panama,PA,PAN,Veraguas,Veraguas,PA-9,province,,26.2,,,4,America/Panama,TRUE,1591101508
Los Ruices,Los Ruices,,8.3032,-80.9533,Panama,PA,PAN,Veraguas,Veraguas,PA-9,province,,13.2,,,4,America/Panama,TRUE,1591177510
Berrío,Berrio,,7.6122,-80.0521,Panama,PA,PAN,Los Santos,Los Santos,PA-7,province,,7.4,,,5,America/Panama,FALSE,1591124530
El Progreso,El Progreso,,9.2667,-79.1167,Panama,PA,PAN,Panamá,Panama,PA-8,province,,23.6,,,4,America/Panama,FALSE,1591458062
Gurunte Número Uno,Gurunte Numero Uno,Gurunte Número 1,8.6292,-81.7248,Panama,PA,PAN,Ngäbe-Buglé,Ngabe-Bugle,PA-NB,indigenous region,,41.8,,,4,America/Panama,FALSE,1591001784
El Progreso,El Progreso,,8.7883,-80.4713,Panama,PA,PAN,Coclé,Cocle,PA-2,province,,19.3,,,4,America/Panama,FALSE,1591001745
Martillada,Martillada,,8.6683,-80.2777,Panama,PA,PAN,Coclé,Cocle,PA-2,province,,28.1,,,4,America/Panama,FALSE,1591002094
La Guadalupe,La Guadalupe,,8.3777,-82.1830,Panama,PA,PAN,Chiriquí,Chiriqui,PA-4,province,,10.5,,,4,America/Panama,FALSE,1591274958
Portachuelo,Portachuelo,,8.4772,-82.4210,Panama,PA,PAN,Chiriquí,Chiriqui,PA-4,province,,338.5,,,3,America/Panama,FALSE,1591227453
Las Garceras,Las Garceras,,8.2142,-81.2398,Panama,PA,PAN,Veraguas,Veraguas,PA-9,province,,26.3,,,4,America/Panama,FALSE,1591627335
Cativo,Cativo,,9.1833,-78.8667,Panama,PA,PAN,Panamá,Panama,PA-8,province,,8.2,,,5,America/Panama,FALSE,1591356432
Cativo,Cativo,,7.4209,-80.8164,Panama,PA,PAN,Veraguas,Veraguas,PA-9,province,,3.7,,,5,America/Panama,FALSE,1591002435
La Redonda,La Redonda,,7.9757,-81.0369,Panama,PA,PAN,Veraguas,Veraguas,PA-9,province,,57.7,,,4,America/Panama,FALSE,1591268246
La Redonda,La Redonda,,7.5303,-80.7686,Panama,PA,PAN,Veraguas,Veraguas,PA-9,province,,3.7,,,5,America/Panama,TRUE,1591004006
Punta Las Pavas,Punta Las Pavas,,8.2587,-82.4309,Panama,PA,PAN,Chiriquí,Chiriqui,PA-4,province,,147.0,,,4,America/Panama,FALSE,1591000615
La Pedregosa,La Pedregosa,,8.5333,-79.9833,Panama,PA,PAN,Panamá Oeste,Panama Oeste,PA-10,province,,16.8,,,4,America/Panama,FALSE,1591555199
Mata Palo,Mata Palo,,8.5516,-80.1394,Panama,PA,PAN,Coclé,Cocle,PA-2,province,,47.9,,,4,America/Panama,FALSE,1591489653
Mata Palo,Mata Palo,,8.3324,-80.5457,Panama,PA,PAN,Coclé,Cocle,PA-2,province,,47.3,,,4,America/Panama,TRUE,1591467351
Mata Palo,Mata Palo,,8.9667,-80.2667,Panama,PA,PAN,Colón,Colon,PA-3,province,,11.9,,,4,America/Panama,FALSE,1591354795
Mata Palo,Mata Palo,,8.1517,-81.3723,Panama,PA,PAN,Veraguas,Veraguas,PA-9,province,,26.4,,,4,America/Panama,FALSE,1591218317
Mata Palo,Mata Palo,,7.6828,-81.3155,Panama,PA,PAN,Veraguas,Veraguas,PA-9,province,,16.1,,,4,America/Panama,TRUE,1591003744
Mata Palo,Mata Palo,,8.2845,-80.7627,Panama,PA,PAN,Veraguas,Veraguas,PA-9,province,,13.9,,,4,America/Panama,TRUE,1591954785
Madroño,Madrono,,7.4983,-80.2584,Panama,PA,PAN,Los Santos,Los Santos,PA-7,province,,7.1,,,5,America/Panama,FALSE,1591457177
Los Ruices,Los Ruices,,8.5667,-80.1500,Panama,PA,PAN,Coclé,Cocle,PA-2,province,,157.2,,,4,America/Panama,FALSE,1591612742
Pedregosa,Pedregosa,,8.8302,-81.0177,Panama,PA,PAN,Veraguas,Veraguas,PA-9,province,,4.2,,,5,America/Panama,FALSE,1591003410
Madroño,Madrono,,9.2833,-79.1333,Panama,PA,PAN,Panamá,Panama,PA-8,province,,23.6,,,4,America/Panama,FALSE,1591914666
Jobero,Jobero,,7.3656,-80.5367,Panama,PA,PAN,Los Santos,Los Santos,PA-7,province,,5.2,,,5,America/Panama,FALSE,1591459587
Cubital,Cubital,,8.2422,-77.7335,Panama,PA,PAN,Darién,Darien,PA-5,province,,13.4,,,4,America/Panama,FALSE,1591005271
Chicá,Chica,,8.7667,-80.2333,Panama,PA,PAN,Coclé,Cocle,PA-2,province,,28.7,,,4,America/Panama,FALSE,1591176066
El Torno Arriba,El Torno Arriba,,8.9767,-80.1494,Panama,PA,PAN,Colón,Colon,PA-3,province,,22.3,,,4,America/Panama,FALSE,1591803915
Piedra Careta,Piedra Careta,,7.2440,-80.5550,Panama,PA,PAN,Los Santos,Los Santos,PA-7,province,,3.3,,,5,America/Panama,FALSE,1591002767
La Gaita Abajo,La Gaita Abajo,,8.8429,-80.0596,Panama,PA,PAN,Panamá Oeste,Panama Oeste,PA-10,province,,22.9,,,4,America/Panama,FALSE,1591004326
Ensenda Rica Arriba,Ensenda Rica Arriba,,8.9356,-78.9244,Panama,PA,PAN,Panamá,Panama,PA-8,province,,5.4,,,5,America/Panama,FALSE,1591690313
La Chepa,La Chepa,,7.9562,-80.8248,Panama,PA,PAN,Herrera,Herrera,PA-6,province,,24.9,,,4,America/Panama,FALSE,1591825672
Arena,Arena,La Arena,7.9181,-81.5901,Panama,PA,PAN,Veraguas,Veraguas,PA-9,province,,10.0,,,5,America/Panama,FALSE,1591558279
La Chepa,La Chepa,,8.1199,-81.2668,Panama,PA,PAN,Veraguas,Veraguas,PA-9,province,,16.2,,,4,America/Panama,FALSE,1591000614
La Gloria,La Gloria,,8.1626,-81.2462,Panama,PA,PAN,Veraguas,Veraguas,PA-9,province,,19.1,,,4,America/Panama,FALSE,1591003052
La Gloria,La Gloria,,8.5278,-81.0480,Panama,PA,PAN,Veraguas,Veraguas,PA-9,province,,9.3,,,5,America/Panama,TRUE,1591003053
Santa Bárbara,Santa Barbara,,8.0967,-78.4117,Panama,PA,PAN,Darién,Darien,PA-5,province,,8.7,,,5,America/Panama,FALSE,1591004341
Santa Bárbara,Santa Barbara,,8.6806,-78.4721,Panama,PA,PAN,Darién,Darien,PA-5,province,,3.4,,,5,America/Panama,TRUE,1591004342
Santa Bárbara,Santa Barbara,Santa Bárbara de las Huacas,8.0510,-81.2136,Panama,PA,PAN,Veraguas,Veraguas,PA-9,province,,19.8,,,4,America/Panama,FALSE,1591194680
Santa Bárbara,Santa Barbara,,7.8043,-81.2244,Panama,PA,PAN,Veraguas,Veraguas,PA-9,province,,11.1,,,4,America/Panama,TRUE,1591459321
Santa Bárbara,Santa Barbara,,8.5018,-80.9730,Panama,PA,PAN,Veraguas,Veraguas,PA-9,province,,10.0,,,5,America/Panama,TRUE,1591303792
Santa Bárbara,Santa Barbara,,9.0833,-79.5000,Panama,PA,PAN,Panamá,Panama,PA-8,province,,6561.5,,,2,America/Panama,FALSE,1591403370
Alto Cruz,Alto Cruz,,8.4023,-81.7911,Panama,PA,PAN,Ngäbe-Buglé,Ngabe-Bugle,PA-NB,indigenous region,,158.4,,,4,America/Panama,FALSE,1591001394
Alto Cruz,Alto Cruz,,8.3741,-81.5736,Panama,PA,PAN,Ngäbe-Buglé,Ngabe-Bugle,PA-NB,indigenous region,,56.0,,,4,America/Panama,TRUE,1591001395
La Gloria,La Gloria,,8.3813,-82.3219,Panama,PA,PAN,Chiriquí,Chiriqui,PA-4,province,,24.7,,,4,America/Panama,FALSE,1591000157
Milla Ocho,Milla Ocho,Milla 8,9.3720,-82.4551,Panama,PA,PAN,Bocas del Toro,Bocas del Toro,PA-1,province,,76.3,,,4,America/Panama,FALSE,1591430712
Llano Piragual,Llano Piragual,,8.7032,-81.4139,Panama,PA,PAN,Ngäbe-Buglé,Ngabe-Bugle,PA-NB,indigenous region,,3.3,,,5,America/Panama,FALSE,1591001256
Chanatí,Chanati,,8.5313,-78.2949,Panama,PA,PAN,Darién,Darien,PA-5,province,,7.0,,,5,America/Panama,FALSE,1591005230
Chanatí,Chanati,,7.9057,-77.9725,Panama,PA,PAN,Darién,Darien,PA-5,province,,1.0,,,5,America/Panama,TRUE,1591005229
Las Marías de San Pedro,Las Marias de San Pedro,,8.7143,-80.2360,Panama,PA,PAN,Coclé,Cocle,PA-2,province,,28.1,,,4,America/Panama,FALSE,1591005289
Los Arenales,Los Arenales,,8.5167,-80.0833,Panama,PA,PAN,Panamá Oeste,Panama Oeste,PA-10,province,,64.6,,,4,America/Panama,FALSE,1591036445
Calle Limón,Calle Limon,,8.5875,-78.2544,Panama,PA,PAN,Darién,Darien,PA-5,province,,7.5,,,5,America/Panama,FALSE,1591004900
La Gloria,La Gloria,,9.3339,-82.4832,Panama,PA,PAN,Bocas del Toro,Bocas del Toro,PA-1,province,,76.3,,,4,America/Panama,FALSE,1591111855
La Gloria,La Gloria,,8.9846,-82.2316,Panama,PA,PAN,Bocas del Toro,Bocas del Toro,PA-1,province,,52.1,,,4,America/Panama,TRUE,1591962778
Wagsalatupo Grande,Wagsalatupo Grande,,9.5500,-78.8833,Panama,PA,PAN,Guna Yala,Guna Yala,PA-KY,indigenous region,,12.7,,,4,America/Panama,FALSE,1591562878
La Costa,La Costa,,7.7330,-81.5070,Panama,PA,PAN,Veraguas,Veraguas,PA-9,province,,6.4,,,5,America/Panama,FALSE,1591011180
Punta Escondida,Punta Escondida,Nancy Point|Punta Nance,9.0887,-81.8314,Panama,PA,PAN,Ngäbe-Buglé,Ngabe-Bugle,PA-NB,indigenous region,,35.3,,,4,America/Panama,FALSE,1591878534
La Gloria,La Gloria,,9.1467,-80.0512,Panama,PA,PAN,Colón,Colon,PA-3,province,,23.1,,,4,America/Panama,FALSE,1591886494
La Gloria,La Gloria,,8.9093,-80.4132,Panama,PA,PAN,Colón,Colon,PA-3,province,,5.0,,,5,America/Panama,TRUE,1591003055
La Ermita,La Ermita,Ermita|Hermita,8.4562,-80.0683,Panama,PA,PAN,Panamá Oeste,Panama Oeste,PA-10,province,minor,63.7,,,3,America/Panama,FALSE,1591444761
El Potrero,El Potrero,,8.3850,-80.8007,Panama,PA,PAN,Veraguas,Veraguas,PA-9,province,minor,14.6,,,3,America/Panama,FALSE,1591334628
El Potrero,El Potrero,El Potero,8.0609,-80.8813,Panama,PA,PAN,Veraguas,Veraguas,PA-9,province,,125.5,,,4,America/Panama,TRUE,1591559370
El Potrero,El Potrero,,7.3603,-80.8299,Panama,PA,PAN,Veraguas,Veraguas,PA-9,province,,3.6,,,5,America/Panama,TRUE,1591003709
Tolecillo,Tolecillo,,8.3754,-81.1352,Panama,PA,PAN,Veraguas,Veraguas,PA-9,province,,21.7,,,4,America/Panama,FALSE,1591302900
Los Destiladeros,Los Destiladeros,Los Detiladeros,7.4527,-80.0515,Panama,PA,PAN,Los Santos,Los Santos,PA-7,province,,23.3,,,4,America/Panama,FALSE,1591177692
El Potrero,El Potrero,,7.8633,-80.6455,Panama,PA,PAN,Herrera,Herrera,PA-6,province,,27.0,,,4,America/Panama,FALSE,1591888649
Morrovic,Morrovic,Belén|Borroviche,7.8629,-78.1453,Panama,PA,PAN,Emberá-Wounaan,Embera-Wounaan,PA-EM,indigenous region,,1.2,,,5,America/Panama,FALSE,1591005366
El Potrero,El Potrero,,8.5220,-80.5209,Panama,PA,PAN,Coclé,Cocle,PA-2,province,minor,52.3,,,3,America/Panama,FALSE,1591259660
El Potrero,El Potrero,,8.5657,-80.3240,Panama,PA,PAN,Coclé,Cocle,PA-2,province,,106.4,,,4,America/Panama,TRUE,1591404046
La Valdés,La Valdes,La Valdez|Los Valdés,8.0591,-80.9987,Panama,PA,PAN,Veraguas,Veraguas,PA-9,province,,85.2,,,4,America/Panama,FALSE,1591743105
Vino Tinto,Vino Tinto,Santa Rita,9.0197,-79.9841,Panama,PA,PAN,Colón,Colon,PA-3,province,,26.2,,,4,America/Panama,FALSE,1591924473
Vino Tinto,Vino Tinto,,9.1833,-80.0333,Panama,PA,PAN,Colón,Colon,PA-3,province,,25.9,,,4,America/Panama,TRUE,1591111330
Los Díaz,Los Diaz,Los Diaz de Río de Jesús,7.9765,-81.1669,Panama,PA,PAN,Veraguas,Veraguas,PA-9,province,,24.6,,,4,America/Panama,FALSE,1591116794
Los Díaz,Los Diaz,,8.5217,-80.9537,Panama,PA,PAN,Veraguas,Veraguas,PA-9,province,,15.6,,,4,America/Panama,TRUE,1591002412
Laguna Chica,Laguna Chica,,8.7667,-82.6748,Panama,PA,PAN,Chiriquí,Chiriqui,PA-4,province,,67.9,,,4,America/Panama,FALSE,1591000513
Cerro Pelao,Cerro Pelao,,8.3474,-80.6613,Panama,PA,PAN,Coclé,Cocle,PA-2,province,,27.7,,,4,America/Panama,FALSE,1591862944
Los Pitales,Los Pitales,,7.5457,-80.2972,Panama,PA,PAN,Los Santos,Los Santos,PA-7,province,,8.1,,,5,America/Panama,FALSE,1591649405
Mirari,Mirari,,8.8125,-81.7096,Panama,PA,PAN,Ngäbe-Buglé,Ngabe-Bugle,PA-NB,indigenous region,,35.3,,,4,America/Panama,FALSE,1591001569
Quebrada del Medio,Quebrada del Medio,,9.2292,-78.9137,Panama,PA,PAN,Panamá,Panama,PA-8,province,,8.4,,,5,America/Panama,FALSE,1591005425
Quebrada del Medio,Quebrada del Medio,,8.8952,-78.8223,Panama,PA,PAN,Panamá,Panama,PA-8,province,,2.7,,,5,America/Panama,TRUE,1591005426
Las Ollas Abajo,Las Ollas Abajo,Ollas Abajo,8.8417,-79.9107,Panama,PA,PAN,Panamá Oeste,Panama Oeste,PA-10,province,,47.3,,,4,America/Panama,FALSE,1591901413
Boca de Común,Boca de Comun,,8.1895,-77.6174,Panama,PA,PAN,Emberá-Wounaan,Embera-Wounaan,PA-EM,indigenous region,,12.2,,,4,America/Panama,FALSE,1591004187
Quebrada del Medio,Quebrada del Medio,,8.0534,-82.8689,Panama,PA,PAN,Chiriquí,Chiriqui,PA-4,province,,20.7,,,4,America/Panama,FALSE,1591686962
Pijivasal,Pijivasal,,8.0778,-77.7490,Panama,PA,PAN,Darién,Darien,PA-5,province,,10.5,,,4,America/Panama,FALSE,1591344730
Quebrada del Medio,Quebrada del Medio,,7.7393,-80.3885,Panama,PA,PAN,Los Santos,Los Santos,PA-7,province,,17.5,,,4,America/Panama,FALSE,1591787192
Cerro Cucaracha,Cerro Cucaracha,,8.5367,-82.1264,Panama,PA,PAN,Ngäbe-Buglé,Ngabe-Bugle,PA-NB,indigenous region,,39.7,,,4,America/Panama,FALSE,1591002447
Cerro Gato,Cerro Gato,Hato Julí,8.3676,-81.8192,Panama,PA,PAN,Ngäbe-Buglé,Ngabe-Bugle,PA-NB,indigenous region,,63.4,,,4,America/Panama,FALSE,1591116898
Nuglite,Nuglite,,8.8158,-81.7989,Panama,PA,PAN,Ngäbe-Buglé,Ngabe-Bugle,PA-NB,indigenous region,,33.9,,,4,America/Panama,FALSE,1591001662
Quebrada Clavo,Quebrada Clavo,,8.7477,-80.2760,Panama,PA,PAN,Coclé,Cocle,PA-2,province,,28.1,,,4,America/Panama,FALSE,1591002372
El Gasparillal,El Gasparillal,Gasparillal,8.8643,-80.0162,Panama,PA,PAN,Panamá Oeste,Panama Oeste,PA-10,province,,26.7,,,4,America/Panama,FALSE,1591327303
Pandura,Pandura,,8.5042,-80.9303,Panama,PA,PAN,Veraguas,Veraguas,PA-9,province,,15.6,,,4,America/Panama,FALSE,1591743722
Pandura,Pandura,,8.7159,-82.2634,Panama,PA,PAN,Chiriquí,Chiriqui,PA-4,province,,8.9,,,5,America/Panama,FALSE,1591003440
Los Bujos,Los Bujos,Los Buhos,7.5455,-80.3720,Panama,PA,PAN,Los Santos,Los Santos,PA-7,province,,2.1,,,5,America/Panama,FALSE,1591255831
La Jagua,La Jagua,Las Jagua,7.8633,-80.3420,Panama,PA,PAN,Los Santos,Los Santos,PA-7,province,,58.5,,,4,America/Panama,FALSE,1591914715
Finca Jagua,Finca Jagua,,8.3764,-82.8385,Panama,PA,PAN,Chiriquí,Chiriqui,PA-4,province,,127.9,,,4,America/Panama,FALSE,1591434227
Boca de Los Ríos,Boca de Los Rios,Boca de los Ríos,8.5671,-80.5572,Panama,PA,PAN,Coclé,Cocle,PA-2,province,,38.6,,,4,America/Panama,FALSE,1591102825
El Garnaderita,El Garnaderita,,8.7524,-80.6033,Panama,PA,PAN,Coclé,Cocle,PA-2,province,,25.6,,,4,America/Panama,FALSE,1591001506
Quebrada Grande Arriba,Quebrada Grande Arriba,,8.8833,-78.2527,Panama,PA,PAN,Darién,Darien,PA-5,province,,10.8,,,4,America/Panama,FALSE,1591004242
Altos del Lago,Altos del Lago,,9.1946,-79.5759,Panama,PA,PAN,Panamá,Panama,PA-8,province,,74.8,,,4,America/Panama,FALSE,1591004255
Altos del Lago,Altos del Lago,Alto del Lago,9.1570,-79.2291,Panama,PA,PAN,Panamá,Panama,PA-8,province,,52.9,,,4,America/Panama,TRUE,1591004254
El Carmen,El Carmen,,8.4865,-81.0568,Panama,PA,PAN,Veraguas,Veraguas,PA-9,province,,20.9,,,4,America/Panama,FALSE,1591002492
Boquibajo,Boquibajo,,8.2297,-81.7583,Panama,PA,PAN,Chiriquí,Chiriqui,PA-4,province,,27.4,,,4,America/Panama,FALSE,1591001807
Las Peñitas,Las Penitas,Las Peñita,8.5500,-79.9500,Panama,PA,PAN,Panamá Oeste,Panama Oeste,PA-10,province,,193.0,,,4,America/Panama,FALSE,1591484978
Peña Blanca,Pena Blanca,Peña Blanca Abajo,8.0740,-81.5931,Panama,PA,PAN,Veraguas,Veraguas,PA-9,province,,13.6,,,4,America/Panama,FALSE,1591795871
Peña Blanca,Pena Blanca,,8.7498,-81.0878,Panama,PA,PAN,Veraguas,Veraguas,PA-9,province,,4.2,,,5,America/Panama,TRUE,1591002062
Brazo de Tigre,Brazo de Tigre,,9.5097,-79.4868,Panama,PA,PAN,Colón,Colon,PA-3,province,,9.3,,,5,America/Panama,FALSE,1591004578
Potrerillo,Potrerillo,,8.6053,-80.4956,Panama,PA,PAN,Coclé,Cocle,PA-2,province,,49.0,,,4,America/Panama,FALSE,1591587957
Quebrada Vista,Quebrada Vista,,8.6035,-81.7486,Panama,PA,PAN,Ngäbe-Buglé,Ngabe-Bugle,PA-NB,indigenous region,,27.0,,,4,America/Panama,FALSE,1591003541
Brazo de Tigre,Brazo de Tigre,,8.6073,-82.2145,Panama,PA,PAN,Chiriquí,Chiriqui,PA-4,province,,28.7,,,4,America/Panama,FALSE,1591001540
Guacá,Guaca,Guaca,8.4357,-81.7653,Panama,PA,PAN,Ngäbe-Buglé,Ngabe-Bugle,PA-NB,indigenous region,,134.4,,,4,America/Panama,FALSE,1591899951
Perales,Perales,,7.7769,-80.3214,Panama,PA,PAN,Los Santos,Los Santos,PA-7,province,minor,24.9,,,3,America/Panama,FALSE,1591912547
Los Arenales,Los Arenales,,8.2640,-80.9813,Panama,PA,PAN,Veraguas,Veraguas,PA-9,province,,28.9,,,4,America/Panama,FALSE,1591002126
Cañaveral,Canaveral,Cabecera de Río Caña|Río Caña,8.8482,-81.7018,Panama,PA,PAN,Ngäbe-Buglé,Ngabe-Bugle,PA-NB,indigenous region,,35.3,,,4,America/Panama,FALSE,1591409405
Cañaveral,Canaveral,,8.2640,-81.5299,Panama,PA,PAN,Ngäbe-Buglé,Ngabe-Bugle,PA-NB,indigenous region,,32.1,,,4,America/Panama,TRUE,1591000680
Los Arenales,Los Arenales,,7.7936,-80.9147,Panama,PA,PAN,Herrera,Herrera,PA-6,province,,12.8,,,4,America/Panama,FALSE,1591729061
Los Arenales,Los Arenales,,8.4932,-82.8188,Panama,PA,PAN,Chiriquí,Chiriqui,PA-4,province,,130.2,,,4,America/Panama,FALSE,1591000143
Corrales,Corrales,Cabecera Corrales,8.4707,-82.1050,Panama,PA,PAN,Ngäbe-Buglé,Ngabe-Bugle,PA-NB,indigenous region,,48.2,,,4,America/Panama,FALSE,1591674722
Fuente del Carmen,Fuente del Carmen,,8.2842,-81.6934,Panama,PA,PAN,Chiriquí,Chiriqui,PA-4,province,,23.2,,,4,America/Panama,FALSE,1591633044
Los Hatillos,Los Hatillos,Los Matilios,8.0510,-80.9778,Panama,PA,PAN,Veraguas,Veraguas,PA-9,province,,85.2,,,4,America/Panama,FALSE,1591456752
Los Hatillos,Los Hatillos,Minas Hatillos|Hatillos,8.3140,-80.9851,Panama,PA,PAN,Veraguas,Veraguas,PA-9,province,,48.5,,,4,America/Panama,TRUE,1591788096
Mocambo Abajo,Mocambo Abajo,,9.0473,-79.5544,Panama,PA,PAN,Panamá,Panama,PA-8,province,,178.6,,,4,America/Panama,FALSE,1591183672
Cerro Banco,Cerro Banco,,8.1150,-81.4248,Panama,PA,PAN,Veraguas,Veraguas,PA-9,province,,24.0,,,4,America/Panama,FALSE,1591177456
Cerro Banco,Cerro Banco,Cerro Blanco,7.9221,-81.1669,Panama,PA,PAN,Veraguas,Veraguas,PA-9,province,,12.2,,,4,America/Panama,TRUE,1591912966
Los Ranchitos,Los Ranchitos,,7.3195,-80.8769,Panama,PA,PAN,Veraguas,Veraguas,PA-9,province,,1.5,,,5,America/Panama,FALSE,1591216152
La Bonga Abajo,La Bonga Abajo,La Bongo Abajo|Bonga Abajo,8.8641,-80.0373,Panama,PA,PAN,Panamá Oeste,Panama Oeste,PA-10,province,,29.8,,,4,America/Panama,FALSE,1591264344
Los Hatillos,Los Hatillos,El Hatillo,7.9347,-80.5380,Panama,PA,PAN,Herrera,Herrera,PA-6,province,,49.7,,,4,America/Panama,FALSE,1591489042
Los Hatillos,Los Hatillos,,7.7430,-80.5353,Panama,PA,PAN,Los Santos,Los Santos,PA-7,province,,16.1,,,4,America/Panama,FALSE,1591208827
Los Hatillos,Los Hatillos,,7.6832,-80.3448,Panama,PA,PAN,Los Santos,Los Santos,PA-7,province,,10.0,,,5,America/Panama,TRUE,1591592271
Juay,Juay,Las Mareas,8.2869,-81.9476,Panama,PA,PAN,Chiriquí,Chiriqui,PA-4,province,minor,19.9,,,3,America/Panama,FALSE,1591651168
Comunidad de Cártago,Comunidad de Cartago,,8.5372,-81.8102,Panama,PA,PAN,Ngäbe-Buglé,Ngabe-Bugle,PA-NB,indigenous region,,22.2,,,4,America/Panama,FALSE,1591001872
Guagarales,Guagarales,,8.5807,-82.2227,Panama,PA,PAN,Chiriquí,Chiriqui,PA-4,province,,28.7,,,4,America/Panama,FALSE,1591002846
Doboriboto,Doboriboto,,8.6223,-81.7588,Panama,PA,PAN,Ngäbe-Buglé,Ngabe-Bugle,PA-NB,indigenous region,,27.0,,,4,America/Panama,FALSE,1591003901
Las Tranquillas,Las Tranquillas,Las Tranquilla,8.2254,-80.7995,Panama,PA,PAN,Veraguas,Veraguas,PA-9,province,,13.4,,,4,America/Panama,FALSE,1591662710
Boca de Balsas,Boca de Balsas,,8.2607,-77.9986,Panama,PA,PAN,Darién,Darien,PA-5,province,,4.0,,,5,America/Panama,FALSE,1591005310
Cabecera de El Anegado,Cabecera de El Anegado,,7.6748,-81.3547,Panama,PA,PAN,Veraguas,Veraguas,PA-9,province,,16.1,,,4,America/Panama,FALSE,1591001698
Quebrada Gajo,Quebrada Gajo,,8.7282,-80.8714,Panama,PA,PAN,Veraguas,Veraguas,PA-9,province,,4.2,,,5,America/Panama,FALSE,1591003383
Dorori,Dorori,,8.8275,-81.6482,Panama,PA,PAN,Ngäbe-Buglé,Ngabe-Bugle,PA-NB,indigenous region,,9.6,,,5,America/Panama,FALSE,1591001772
San Juan,San Juan,,8.4046,-81.9543,Panama,PA,PAN,Ngäbe-Buglé,Ngabe-Bugle,PA-NB,indigenous region,,64.1,,,4,America/Panama,FALSE,1591002025
Cerro Teta,Cerro Teta,Quebrada Bubí,8.3669,-81.5594,Panama,PA,PAN,Ngäbe-Buglé,Ngabe-Bugle,PA-NB,indigenous region,,40.2,,,4,America/Panama,FALSE,1591866915
El Entradero,El Entradero,,7.7637,-80.7635,Panama,PA,PAN,Herrera,Herrera,PA-6,province,,34.7,,,4,America/Panama,FALSE,1591778163
Cerro Limón Número Uno,Cerro Limon Numero Uno,Cerro Limón Número 1,8.5537,-82.0404,Panama,PA,PAN,Ngäbe-Buglé,Ngabe-Bugle,PA-NB,indigenous region,,32.6,,,4,America/Panama,FALSE,1591000958
Camarón Arriba,Camaron Arriba,,8.6364,-82.6719,Panama,PA,PAN,Chiriquí,Chiriqui,PA-4,province,,38.1,,,4,America/Panama,FALSE,1591709782
La Burrica,La Burrica,,8.4965,-80.6625,Panama,PA,PAN,Coclé,Cocle,PA-2,province,,20.4,,,4,America/Panama,FALSE,1591000411
Cabecera de San Félix,Cabecera de San Felix,,8.4936,-81.8014,Panama,PA,PAN,Ngäbe-Buglé,Ngabe-Bugle,PA-NB,indigenous region,,22.2,,,4,America/Panama,FALSE,1591003547
Martín Díaz,Martin Diaz,,8.8862,-80.5531,Panama,PA,PAN,Coclé,Cocle,PA-2,province,,19.2,,,4,America/Panama,FALSE,1591002360
Gaspar Sabana,Gaspar Sabana,,9.2500,-79.1167,Panama,PA,PAN,Panamá,Panama,PA-8,province,,23.6,,,4,America/Panama,FALSE,1591309463
Alto Jacaque,Alto Jacaque,,8.3893,-81.9796,Panama,PA,PAN,Ngäbe-Buglé,Ngabe-Bugle,PA-NB,indigenous region,,85.9,,,4,America/Panama,FALSE,1591001926
Hoja de Teñir,Hoja de Tenir,,8.6530,-81.1958,Panama,PA,PAN,Veraguas,Veraguas,PA-9,province,,7.7,,,5,America/Panama,FALSE,1591000504
El Roblillo,El Roblillo,,7.6167,-80.1167,Panama,PA,PAN,Los Santos,Los Santos,PA-7,province,,18.9,,,4,America/Panama,FALSE,1591222036
Colorado Centro,Colorado Centro,,8.4200,-82.8271,Panama,PA,PAN,Chiriquí,Chiriqui,PA-4,province,,258.6,,,3,America/Panama,FALSE,1591000141
El Roblillo,El Roblillo,,8.5803,-82.3661,Panama,PA,PAN,Chiriquí,Chiriqui,PA-4,province,,36.1,,,4,America/Panama,FALSE,1591002240
Las Lajas,Las Lajas,,7.9102,-80.7795,Panama,PA,PAN,Herrera,Herrera,PA-6,province,,70.3,,,4,America/Panama,FALSE,1591207333
Las Lajas,Las Lajas,,8.0961,-80.7710,Panama,PA,PAN,Herrera,Herrera,PA-6,province,,55.2,,,4,America/Panama,TRUE,1591000747
Las Lajas,Las Lajas,,7.9833,-80.5833,Panama,PA,PAN,Herrera,Herrera,PA-6,province,,33.1,,,4,America/Panama,TRUE,1591818569
Las Lajas,Las Lajas,,7.7776,-80.7704,Panama,PA,PAN,Herrera,Herrera,PA-6,province,,18.3,,,4,America/Panama,TRUE,1591980665
La Pifá Amarilla,La Pifa Amarilla,,7.7987,-81.4268,Panama,PA,PAN,Veraguas,Veraguas,PA-9,province,,6.0,,,5,America/Panama,FALSE,1591003481
Las Lajas,Las Lajas,Lajas,8.2452,-81.8701,Panama,PA,PAN,Chiriquí,Chiriqui,PA-4,province,minor,43.5,,,3,America/Panama,FALSE,1591609247
Las Lajas,Las Lajas,,8.3927,-80.3987,Panama,PA,PAN,Coclé,Cocle,PA-2,province,,40.1,,,4,America/Panama,FALSE,1591000749
Las Lajas,Las Lajas,,8.4726,-80.3672,Panama,PA,PAN,Coclé,Cocle,PA-2,province,,37.9,,,4,America/Panama,TRUE,1591736767
Las Lajas,Las Lajas,,8.7071,-80.5197,Panama,PA,PAN,Coclé,Cocle,PA-2,province,,34.7,,,4,America/Panama,TRUE,1591098921
Las Lajas,Las Lajas,,8.5524,-80.6158,Panama,PA,PAN,Coclé,Cocle,PA-2,province,,17.5,,,4,America/Panama,TRUE,1591000748
Las Lajas,Las Lajas,Lajas,8.4414,-80.7478,Panama,PA,PAN,Coclé,Cocle,PA-2,province,,17.0,,,4,America/Panama,TRUE,1591008213
Las Lajas,Las Lajas,,9.0959,-80.3470,Panama,PA,PAN,Colón,Colon,PA-3,province,,8.7,,,5,America/Panama,FALSE,1591000750
Falda de Patena,Falda de Patena,Cerro Datena,8.4132,-81.9369,Panama,PA,PAN,Ngäbe-Buglé,Ngabe-Bugle,PA-NB,indigenous region,,47.3,,,4,America/Panama,FALSE,1591014989
El Bicueco,El Bicueco,,8.0392,-80.5984,Panama,PA,PAN,Herrera,Herrera,PA-6,province,,18.9,,,4,America/Panama,FALSE,1591003520
Juan Miguel,Juan Miguel,,9.5766,-79.4766,Panama,PA,PAN,Colón,Colon,PA-3,province,,9.3,,,5,America/Panama,FALSE,1591004990
Las Botas,Las Botas,,7.9911,-80.5044,Panama,PA,PAN,Herrera,Herrera,PA-6,province,,39.2,,,4,America/Panama,FALSE,1591000751
Las Lajas,Las Lajas,,8.1360,-81.5141,Panama,PA,PAN,Veraguas,Veraguas,PA-9,province,,26.7,,,4,America/Panama,FALSE,1591000752
Las Lajas,Las Lajas,,8.4823,-81.0453,Panama,PA,PAN,Veraguas,Veraguas,PA-9,province,,20.9,,,4,America/Panama,TRUE,1591074649
Las Lajas,Las Lajas,Charco las Lajas,8.0820,-81.2563,Panama,PA,PAN,Veraguas,Veraguas,PA-9,province,,17.4,,,4,America/Panama,TRUE,1591831051
Las Lajas,Las Lajas,,8.7495,-81.2228,Panama,PA,PAN,Veraguas,Veraguas,PA-9,province,,6.4,,,5,America/Panama,TRUE,1591000753
Chorro,Chorro,,8.1490,-77.6862,Panama,PA,PAN,Darién,Darien,PA-5,province,,12.3,,,4,America/Panama,FALSE,1591004630
Isla La Palma,Isla La Palma,,8.2163,-81.7750,Panama,PA,PAN,Chiriquí,Chiriqui,PA-4,province,,20.4,,,4,America/Panama,FALSE,1591002637
Quebrada Pantaleón,Quebrada Pantaleon,,7.9145,-77.9673,Panama,PA,PAN,Darién,Darien,PA-5,province,,1.0,,,5,America/Panama,FALSE,1591004240
Anonal,Anonal,Aronal,7.8853,-80.3095,Panama,PA,PAN,Los Santos,Los Santos,PA-7,province,,38.9,,,4,America/Panama,FALSE,1591804156
Balital,Balital,,7.8460,-80.5130,Panama,PA,PAN,Los Santos,Los Santos,PA-7,province,,27.5,,,4,America/Panama,FALSE,1591002935
Las Guacas,Las Guacas,,8.1306,-81.0624,Panama,PA,PAN,Veraguas,Veraguas,PA-9,province,,87.0,,,4,America/Panama,FALSE,1591109274
Los Ábrego,Los Abrego,Los Abregos|Los Abrego,8.1785,-81.3071,Panama,PA,PAN,Veraguas,Veraguas,PA-9,province,,26.4,,,4,America/Panama,FALSE,1591397480
Cabecera de Río Chiquito,Cabecera de Rio Chiquito,,8.4829,-81.9540,Panama,PA,PAN,Ngäbe-Buglé,Ngabe-Bugle,PA-NB,indigenous region,,51.0,,,4,America/Panama,FALSE,1591531369
Tardecita Arriba,Tardecita Arriba,Tardecita Alegre,9.1460,-78.8952,Panama,PA,PAN,Panamá,Panama,PA-8,province,,8.2,,,5,America/Panama,FALSE,1591004634
El Borrero de La Rita,El Borrero de La Rita,Barrero de la Pita|El Barrero de la Pita,8.0097,-81.3937,Panama,PA,PAN,Veraguas,Veraguas,PA-9,province,,14.8,,,4,America/Panama,FALSE,1591143606
El Salto,El Salto,,8.4628,-81.0253,Panama,PA,PAN,Veraguas,Veraguas,PA-9,province,,20.9,,,4,America/Panama,FALSE,1591003695
El Salto,El Salto,,7.9026,-81.0485,Panama,PA,PAN,Veraguas,Veraguas,PA-9,province,,7.4,,,5,America/Panama,TRUE,1591649506
El Salto,El Salto,,7.4247,-80.9092,Panama,PA,PAN,Veraguas,Veraguas,PA-9,province,,3.7,,,5,America/Panama,TRUE,1591786166
El Salto,El Salto,,9.1667,-80.2333,Panama,PA,PAN,Colón,Colon,PA-3,province,,20.0,,,4,America/Panama,FALSE,1591162757
El Salto,El Salto,,7.6958,-80.8261,Panama,PA,PAN,Herrera,Herrera,PA-6,province,,10.5,,,4,America/Panama,FALSE,1591936286
El Salto,El Salto,,8.7923,-82.4592,Panama,PA,PAN,Chiriquí,Chiriqui,PA-4,province,,108.3,,,4,America/Panama,FALSE,1591991930
El Salto,El Salto,El Salto Número Dos,8.6803,-78.1579,Panama,PA,PAN,Darién,Darien,PA-5,province,,13.2,,,4,America/Panama,FALSE,1591340783
El Salto,El Salto,,7.9875,-78.2075,Panama,PA,PAN,Darién,Darien,PA-5,province,,4.0,,,5,America/Panama,TRUE,1591594580
Capilla San Juan Bosco,Capilla San Juan Bosco,,7.5307,-80.6695,Panama,PA,PAN,Los Santos,Los Santos,PA-7,province,,6.9,,,5,America/Panama,FALSE,1591001596
Santa Marta,Santa Marta,,9.0569,-82.3137,Panama,PA,PAN,Ngäbe-Buglé,Ngabe-Bugle,PA-NB,indigenous region,,18.5,,,4,America/Panama,FALSE,1591675504
Gatú,Gatu,Gatuncito|Gatuncillo,8.5282,-80.9572,Panama,PA,PAN,Veraguas,Veraguas,PA-9,province,minor,15.6,,,3,America/Panama,FALSE,1591076436
Lagarto Arriba,Lagarto Arriba,,8.9772,-78.9477,Panama,PA,PAN,Panamá,Panama,PA-8,province,,5.4,,,5,America/Panama,FALSE,1591004752
El Cristo Abajo,El Cristo Abajo,,8.2881,-81.0308,Panama,PA,PAN,Veraguas,Veraguas,PA-9,province,,39.8,,,4,America/Panama,FALSE,1591002155
La Malaguetoza,La Malaguetoza,La Malaguetosa,7.8791,-80.7957,Panama,PA,PAN,Herrera,Herrera,PA-6,province,,28.8,,,4,America/Panama,FALSE,1591667901
Hijo de Dios Número Dos,Hijo de Dios Numero Dos,Hijo de Dios,8.4615,-80.7155,Panama,PA,PAN,Coclé,Cocle,PA-2,province,,20.7,,,4,America/Panama,FALSE,1591042978
Entre Dos Ríos,Entre Dos Rios,,7.6057,-80.1057,Panama,PA,PAN,Los Santos,Los Santos,PA-7,province,,10.8,,,4,America/Panama,FALSE,1591888428
Los Guayacanes,Los Guayacanes,,8.9200,-79.8026,Panama,PA,PAN,Panamá Oeste,Panama Oeste,PA-10,province,,36.4,,,4,America/Panama,FALSE,1591004402
Lajitas,Lajitas,,8.6782,-81.2199,Panama,PA,PAN,Veraguas,Veraguas,PA-9,province,,7.7,,,5,America/Panama,FALSE,1591002380
El Quebraón,El Quebraon,,9.0982,-80.2507,Panama,PA,PAN,Colón,Colon,PA-3,province,,8.7,,,5,America/Panama,FALSE,1591000705
Alto de Los Machos,Alto de Los Machos,,7.7675,-81.4538,Panama,PA,PAN,Veraguas,Veraguas,PA-9,province,,6.4,,,5,America/Panama,FALSE,1591000762
El Guayabal,El Guayabal,,8.3016,-81.7748,Panama,PA,PAN,Ngäbe-Buglé,Ngabe-Bugle,PA-NB,indigenous region,,178.4,,,4,America/Panama,FALSE,1591003968
El Tambor,El Tambor,,7.9763,-80.9380,Panama,PA,PAN,Veraguas,Veraguas,PA-9,province,,39.5,,,4,America/Panama,FALSE,1591161299
El Tambor,El Tambor,,8.3944,-80.7848,Panama,PA,PAN,Veraguas,Veraguas,PA-9,province,,14.6,,,4,America/Panama,TRUE,1591000290
El Tambor,El Tambor,,8.0383,-81.4013,Panama,PA,PAN,Veraguas,Veraguas,PA-9,province,,10.8,,,4,America/Panama,TRUE,1591000291
La Poza Verde,La Poza Verde,,7.5611,-80.6853,Panama,PA,PAN,Los Santos,Los Santos,PA-7,province,,6.6,,,5,America/Panama,FALSE,1591003526
Cerro El Clavo,Cerro El Clavo,,8.9288,-80.1338,Panama,PA,PAN,Panamá Oeste,Panama Oeste,PA-10,province,,23.9,,,4,America/Panama,FALSE,1591004564
El Pelón,El Pelon,,8.0958,-81.6286,Panama,PA,PAN,Veraguas,Veraguas,PA-9,province,,10.6,,,4,America/Panama,FALSE,1591001726
El Jobo,El Jobo,,8.1936,-81.5121,Panama,PA,PAN,Ngäbe-Buglé,Ngabe-Bugle,PA-NB,indigenous region,,54.0,,,4,America/Panama,FALSE,1591001531
Palmira,Palmira,,7.6635,-80.3573,Panama,PA,PAN,Los Santos,Los Santos,PA-7,province,minor,9.5,,,3,America/Panama,FALSE,1591816777
Los Pinos,Los Pinos,,8.8103,-82.8596,Panama,PA,PAN,Chiriquí,Chiriqui,PA-4,province,,181.3,,,4,America/Panama,FALSE,1591003180
Los Pinos,Los Pinos,,8.7550,-82.6327,Panama,PA,PAN,Chiriquí,Chiriqui,PA-4,province,,17.9,,,4,America/Panama,TRUE,1591003179
Palmira,Palmira,,8.8294,-78.1273,Panama,PA,PAN,Darién,Darien,PA-5,province,,12.5,,,4,America/Panama,FALSE,1591084771
Palmira,Palmira,,8.8358,-82.8201,Panama,PA,PAN,Chiriquí,Chiriqui,PA-4,province,,30.4,,,4,America/Panama,FALSE,1591001526
Palmira,Palmira,,8.0259,-81.3700,Panama,PA,PAN,Veraguas,Veraguas,PA-9,province,,14.8,,,4,America/Panama,FALSE,1591001527
El Zapato,El Zapato,,8.5630,-80.7260,Panama,PA,PAN,Coclé,Cocle,PA-2,province,,13.3,,,4,America/Panama,FALSE,1591241197
Cerro Agudo,Cerro Agudo,,8.5117,-80.9315,Panama,PA,PAN,Veraguas,Veraguas,PA-9,province,,15.6,,,4,America/Panama,FALSE,1591000845
Punta Gorda,Punta Gorda,,9.4747,-79.7197,Panama,PA,PAN,Colón,Colon,PA-3,province,,21.4,,,4,America/Panama,FALSE,1591557101
Flores Moradas,Flores Moradas,,8.0215,-80.9284,Panama,PA,PAN,Veraguas,Veraguas,PA-9,province,,100.6,,,4,America/Panama,FALSE,1591002825
Cerro Agudo,Cerro Agudo,,7.8200,-80.8656,Panama,PA,PAN,Herrera,Herrera,PA-6,province,,15.8,,,4,America/Panama,FALSE,1591129931
Cerro Agudo,Cerro Agudo,,7.6913,-80.3143,Panama,PA,PAN,Los Santos,Los Santos,PA-7,province,,16.6,,,4,America/Panama,FALSE,1591326275
Kuanidup,Kuanidup,,9.5029,-78.8485,Panama,PA,PAN,Guna Yala,Guna Yala,PA-KY,indigenous region,,12.7,,,4,America/Panama,FALSE,1591005062
Santa Clara,Santa Clara,,8.0697,-80.9791,Panama,PA,PAN,Veraguas,Veraguas,PA-9,province,,85.2,,,4,America/Panama,FALSE,1591003702
Santa Clara,Santa Clara,,8.2060,-81.3044,Panama,PA,PAN,Veraguas,Veraguas,PA-9,province,,26.4,,,4,America/Panama,TRUE,1591003701
Santa Clara,Santa Clara,,7.7301,-81.1368,Panama,PA,PAN,Veraguas,Veraguas,PA-9,province,,16.7,,,4,America/Panama,TRUE,1591003700
Piragual,Piragual,,8.7490,-80.0443,Panama,PA,PAN,Panamá Oeste,Panama Oeste,PA-10,province,,33.6,,,4,America/Panama,FALSE,1591004372
Cerro Negro,Cerro Negro,,8.3412,-81.8260,Panama,PA,PAN,Ngäbe-Buglé,Ngabe-Bugle,PA-NB,indigenous region,,175.0,,,4,America/Panama,FALSE,1591001765
Santa Clara,Santa Clara,,8.3815,-80.1066,Panama,PA,PAN,Coclé,Cocle,PA-2,province,,152.0,,,4,America/Panama,FALSE,1591440695
Balaspit,Balaspit,,8.3601,-82.9012,Panama,PA,PAN,Chiriquí,Chiriqui,PA-4,province,,96.4,,,4,America/Panama,FALSE,1591000075
Santa Clara,Santa Clara,,7.8116,-80.4844,Panama,PA,PAN,Los Santos,Los Santos,PA-7,province,,31.1,,,4,America/Panama,FALSE,1591003704
Santa Clara,Santa Clara,,7.5709,-80.7711,Panama,PA,PAN,Herrera,Herrera,PA-6,province,,9.7,,,5,America/Panama,FALSE,1591003705
Santa Clara,Santa Clara,,8.8348,-82.7819,Panama,PA,PAN,Chiriquí,Chiriqui,PA-4,province,,30.4,,,4,America/Panama,FALSE,1591075424
Los Pintos,Los Pintos,,8.5667,-80.1167,Panama,PA,PAN,Coclé,Cocle,PA-2,province,,241.0,,,3,America/Panama,FALSE,1591353757
Meche Perro,Meche Perro,,8.7416,-80.7351,Panama,PA,PAN,Veraguas,Veraguas,PA-9,province,,5.0,,,5,America/Panama,FALSE,1591001840
Los Pintos,Los Pintos,,7.7750,-80.7066,Panama,PA,PAN,Herrera,Herrera,PA-6,province,,35.2,,,4,America/Panama,FALSE,1591574763
Joaquín Abajo,Joaquin Abajo,Río Joaquín Abajo,7.4757,-80.4249,Panama,PA,PAN,Los Santos,Los Santos,PA-7,province,,7.9,,,5,America/Panama,FALSE,1591652386
Los Pintos,Los Pintos,,8.4559,-81.1229,Panama,PA,PAN,Veraguas,Veraguas,PA-9,province,,32.5,,,4,America/Panama,FALSE,1591001825
Los Pintos,Los Pintos,,8.3115,-81.0693,Panama,PA,PAN,Veraguas,Veraguas,PA-9,province,,24.6,,,4,America/Panama,TRUE,1591001824
El Llanón,El Llanon,,8.1947,-81.2724,Panama,PA,PAN,Veraguas,Veraguas,PA-9,province,,26.4,,,4,America/Panama,FALSE,1591748910
Calabacito,Calabacito,,8.5317,-80.6413,Panama,PA,PAN,Coclé,Cocle,PA-2,province,,20.3,,,4,America/Panama,FALSE,1591000983
Calabacito,Calabacito,,8.2818,-81.6111,Panama,PA,PAN,Chiriquí,Chiriqui,PA-4,province,,102.3,,,4,America/Panama,FALSE,1591857023
Calabacito,Calabacito,,7.4235,-80.1607,Panama,PA,PAN,Los Santos,Los Santos,PA-7,province,,3.1,,,5,America/Panama,FALSE,1591233906
Calabacito,Calabacito,,7.8121,-80.8176,Panama,PA,PAN,Herrera,Herrera,PA-6,province,,15.7,,,4,America/Panama,FALSE,1591000985
Calabacito,Calabacito,,8.2455,-81.0798,Panama,PA,PAN,Veraguas,Veraguas,PA-9,province,minor,34.6,,,3,America/Panama,FALSE,1591458720
Calabacito,Calabacito,,7.7437,-81.1269,Panama,PA,PAN,Veraguas,Veraguas,PA-9,province,,16.7,,,4,America/Panama,TRUE,1591000986
Calabacito,Calabacito,,7.9464,-81.2207,Panama,PA,PAN,Veraguas,Veraguas,PA-9,province,,12.3,,,4,America/Panama,TRUE,1591000987
Calabacito,Calabacito,,7.7694,-81.0570,Panama,PA,PAN,Veraguas,Veraguas,PA-9,province,,9.2,,,5,America/Panama,TRUE,1591380370
Calabacito,Calabacito,,7.5538,-81.1997,Panama,PA,PAN,Veraguas,Veraguas,PA-9,province,,0.5,,,5,America/Panama,TRUE,1591882418
Agua Fría de Ipetí,Agua Fria de Ipeti,Agua Fría,8.9350,-78.4940,Panama,PA,PAN,Panamá,Panama,PA-8,province,,10.8,,,4,America/Panama,FALSE,1591004361
Finca Jobito,Finca Jobito,,8.3795,-82.8471,Panama,PA,PAN,Chiriquí,Chiriqui,PA-4,province,,96.1,,,4,America/Panama,FALSE,1591213120
Pantán,Pantan,Río Cañaveral,9.0132,-81.7164,Panama,PA,PAN,Ngäbe-Buglé,Ngabe-Bugle,PA-NB,indigenous region,,16.5,,,4,America/Panama,FALSE,1591404500
La Maraca,La Maraca,,7.9516,-81.3517,Panama,PA,PAN,Veraguas,Veraguas,PA-9,province,,101.0,,,4,America/Panama,FALSE,1591909512
Isabel Sánchez,Isabel Sanchez,,8.8839,-79.9828,Panama,PA,PAN,Panamá Oeste,Panama Oeste,PA-10,province,,20.9,,,4,America/Panama,FALSE,1591558493
Cabecera de Quebrada Los Peces,Cabecera de Quebrada Los Peces,Peces|Cabecera Quebrada Los Peces,8.3912,-82.0150,Panama,PA,PAN,Ngäbe-Buglé,Ngabe-Bugle,PA-NB,indigenous region,,55.5,,,4,America/Panama,FALSE,1591485463
Quebrada Limón,Quebrada Limon,,8.8706,-80.1286,Panama,PA,PAN,Panamá Oeste,Panama Oeste,PA-10,province,,24.7,,,4,America/Panama,FALSE,1591969057
Soloy,Soloy,Boca de Soloy,8.5000,-82.0667,Panama,PA,PAN,Ngäbe-Buglé,Ngabe-Bugle,PA-NB,indigenous region,minor,48.2,,,3,America/Panama,FALSE,1591911645
Playa Grande,Playa Grande,,7.5451,-81.1098,Panama,PA,PAN,Veraguas,Veraguas,PA-9,province,,5.0,,,5,America/Panama,FALSE,1591003607
Bajo Lajas,Bajo Lajas,,8.4192,-80.7819,Panama,PA,PAN,Veraguas,Veraguas,PA-9,province,,14.2,,,4,America/Panama,FALSE,1591000315
Quebrada Jabón,Quebrada Jabon,,8.7648,-78.2251,Panama,PA,PAN,Darién,Darien,PA-5,province,,13.2,,,4,America/Panama,FALSE,1591004574
Finca Dos,Finca Dos,Finca 2,9.4135,-82.4793,Panama,PA,PAN,Bocas del Toro,Bocas del Toro,PA-1,province,,76.3,,,4,America/Panama,FALSE,1591706311
Churuco,Churuco,,7.9169,-78.1176,Panama,PA,PAN,Emberá-Wounaan,Embera-Wounaan,PA-EM,indigenous region,,0.8,,,5,America/Panama,FALSE,1591758483
Nance,Nance,Manzal|Nanzal,8.4571,-81.5439,Panama,PA,PAN,Ngäbe-Buglé,Ngabe-Bugle,PA-NB,indigenous region,,56.2,,,4,America/Panama,FALSE,1591127817
Nance,Nance,,8.4236,-81.9364,Panama,PA,PAN,Ngäbe-Buglé,Ngabe-Bugle,PA-NB,indigenous region,,47.3,,,4,America/Panama,TRUE,1591001282
Piguila,Piguila,,9.0328,-80.1846,Panama,PA,PAN,Coclé,Cocle,PA-2,province,,19.8,,,4,America/Panama,FALSE,1591001735
Cerro Sombrero,Cerro Sombrero,,8.3065,-81.6765,Panama,PA,PAN,Ngäbe-Buglé,Ngabe-Bugle,PA-NB,indigenous region,,194.8,,,4,America/Panama,FALSE,1591217866
Río Negro Número Uno,Rio Negro Numero Uno,Río Negro Número 1|Río Negro,7.6348,-80.9732,Panama,PA,PAN,Veraguas,Veraguas,PA-9,province,,8.9,,,5,America/Panama,FALSE,1591036868
El Micho,El Micho,,9.0899,-80.1576,Panama,PA,PAN,Colón,Colon,PA-3,province,,23.1,,,4,America/Panama,FALSE,1591000167
Primer Corriente,Primer Corriente,,8.7852,-81.0812,Panama,PA,PAN,Veraguas,Veraguas,PA-9,province,,4.2,,,5,America/Panama,FALSE,1591002830
Shalon,Shalon,,9.1336,-80.3913,Panama,PA,PAN,Colón,Colon,PA-3,province,,8.7,,,5,America/Panama,FALSE,1591002961
Siloe,Siloe,,9.1176,-82.3535,Panama,PA,PAN,Bocas del Toro,Bocas del Toro,PA-1,province,,35.8,,,4,America/Panama,FALSE,1591002739
Altos de San Miguel,Altos de San Miguel,Alto de San Miguel,8.7526,-80.3106,Panama,PA,PAN,Coclé,Cocle,PA-2,province,,28.1,,,4,America/Panama,FALSE,1591719997
Rincón de Las Palmas,Rincon de Las Palmas,Las Palmas,8.5553,-80.2543,Panama,PA,PAN,Coclé,Cocle,PA-2,province,,106.4,,,4,America/Panama,FALSE,1591874659
La Zapote,La Zapote,,8.5594,-78.3009,Panama,PA,PAN,Darién,Darien,PA-5,province,,7.5,,,5,America/Panama,FALSE,1591005233
Mellicita,Mellicita,,8.1745,-82.8883,Panama,PA,PAN,Chiriquí,Chiriqui,PA-4,province,,20.7,,,4,America/Panama,FALSE,1591647661
Charco Negro,Charco Negro,,7.9739,-81.0772,Panama,PA,PAN,Veraguas,Veraguas,PA-9,province,,56.5,,,4,America/Panama,FALSE,1591000353
Charco Negro,Charco Negro,,8.1318,-81.3797,Panama,PA,PAN,Veraguas,Veraguas,PA-9,province,,25.9,,,4,America/Panama,TRUE,1591002210
Charco Negro,Charco Negro,,8.0699,-81.1797,Panama,PA,PAN,Veraguas,Veraguas,PA-9,province,,19.5,,,4,America/Panama,TRUE,1591803557
Charco Negro,Charco Negro,,7.7992,-81.3969,Panama,PA,PAN,Veraguas,Veraguas,PA-9,province,,9.1,,,5,America/Panama,TRUE,1591396247
Guadalupe,Guadalupe,La Laguna,8.8545,-79.8141,Panama,PA,PAN,Panamá Oeste,Panama Oeste,PA-10,province,minor,1685.5,,,3,America/Panama,FALSE,1591495685
Los Vargas,Los Vargas,,8.6887,-82.3444,Panama,PA,PAN,Chiriquí,Chiriqui,PA-4,province,,8.8,,,5,America/Panama,FALSE,1591002667
Cermeñito,Cermenito,,8.7196,-79.7763,Panama,PA,PAN,Panamá Oeste,Panama Oeste,PA-10,province,,26.9,,,4,America/Panama,FALSE,1591004400
Morbepdupu,Morbepdupu,Cambombia,9.4771,-78.7131,Panama,PA,PAN,Guna Yala,Guna Yala,PA-KY,indigenous region,,12.7,,,4,America/Panama,FALSE,1591004222
Bajo Bonito,Bajo Bonito,,8.7176,-80.0567,Panama,PA,PAN,Panamá Oeste,Panama Oeste,PA-10,province,,33.6,,,4,America/Panama,FALSE,1591842305
Tierra Plana,Tierra Plana,Tierras Planas,8.0271,-80.9374,Panama,PA,PAN,Veraguas,Veraguas,PA-9,province,,96.6,,,4,America/Panama,FALSE,1591026726
Punta Gallinazo,Punta Gallinazo,Punta de Gallinazo,9.2471,-82.3715,Panama,PA,PAN,Bocas del Toro,Bocas del Toro,PA-1,province,,154.0,,,4,America/Panama,FALSE,1591942773
El Chanchito,El Chanchito,Paso del Corotú,8.3679,-82.7442,Panama,PA,PAN,Chiriquí,Chiriqui,PA-4,province,,48.4,,,4,America/Panama,FALSE,1591669327
Dos Brazos de Estí,Dos Brazos de Esti,Dos Brazos del Estí,8.6079,-82.2587,Panama,PA,PAN,Chiriquí,Chiriqui,PA-4,province,,28.7,,,4,America/Panama,FALSE,1591778045
Celorio,Celorio,,8.0221,-78.2927,Panama,PA,PAN,Darién,Darien,PA-5,province,,10.3,,,4,America/Panama,FALSE,1591005053
Cañazosa Arriba,Canazosa Arriba,,7.8956,-80.9006,Panama,PA,PAN,Herrera,Herrera,PA-6,province,,19.1,,,4,America/Panama,FALSE,1591002905
Cambutalito,Cambutalito,,7.3156,-80.4946,Panama,PA,PAN,Los Santos,Los Santos,PA-7,province,,5.2,,,5,America/Panama,FALSE,1591004086
Lagúa,Lagua,,8.3634,-78.1703,Panama,PA,PAN,Darién,Darien,PA-5,province,,9.5,,,5,America/Panama,FALSE,1591819365
Boca de Chiatí,Boca de Chiati,,8.6359,-77.9303,Panama,PA,PAN,Darién,Darien,PA-5,province,,10.3,,,4,America/Panama,FALSE,1591004214
El Portachuelo,El Portachuelo,,9.1500,-80.0000,Panama,PA,PAN,Colón,Colon,PA-3,province,,26.2,,,4,America/Panama,FALSE,1591134266
El Portachuelo,El Portachuelo,,8.3565,-80.7834,Panama,PA,PAN,Veraguas,Veraguas,PA-9,province,,11.7,,,4,America/Panama,FALSE,1591001829
Alto Campos,Alto Campos,,8.6336,-82.8291,Panama,PA,PAN,Chiriquí,Chiriqui,PA-4,province,,29.7,,,4,America/Panama,FALSE,1591000039
Catecito Número Dos,Catecito Numero Dos,Catecito Número 2|Catecito,7.9044,-81.4200,Panama,PA,PAN,Veraguas,Veraguas,PA-9,province,,9.0,,,5,America/Panama,FALSE,1591734398
Bajo de Jerónimo,Bajo de Jeronimo,Bajo de Geronimo,7.8960,-81.4501,Panama,PA,PAN,Veraguas,Veraguas,PA-9,province,,9.0,,,5,America/Panama,FALSE,1591041921
Las Concepciones Abajo,Las Concepciones Abajo,,8.2920,-81.0312,Panama,PA,PAN,Veraguas,Veraguas,PA-9,province,,32.1,,,4,America/Panama,FALSE,1591975854
Llano Molejones,Llano Molejones,,8.7426,-81.4015,Panama,PA,PAN,Ngäbe-Buglé,Ngabe-Bugle,PA-NB,indigenous region,,16.0,,,4,America/Panama,FALSE,1591002572
Los Guayabos,Los Guayabos,,7.6718,-80.4889,Panama,PA,PAN,Los Santos,Los Santos,PA-7,province,,7.4,,,5,America/Panama,FALSE,1591050004
Ingenio La Estrella,Ingenio La Estrella,La Estrella|Ingenio de la Estrella,8.2863,-80.5205,Panama,PA,PAN,Coclé,Cocle,PA-2,province,,58.2,,,4,America/Panama,FALSE,1591683101
Palma de Hilar,Palma de Hilar,,8.6286,-81.2458,Panama,PA,PAN,Ngäbe-Buglé,Ngabe-Bugle,PA-NB,indigenous region,,13.8,,,4,America/Panama,FALSE,1591003451
Llano de Iguana,Llano de Iguana,,8.4461,-81.6031,Panama,PA,PAN,Ngäbe-Buglé,Ngabe-Bugle,PA-NB,indigenous region,,45.4,,,4,America/Panama,FALSE,1591002696
La Huaca,La Huaca,,8.6500,-79.9667,Panama,PA,PAN,Panamá Oeste,Panama Oeste,PA-10,province,,61.7,,,4,America/Panama,FALSE,1591978570
Platanerito,Platanerito,Platanarito,8.9199,-82.1520,Panama,PA,PAN,Bocas del Toro,Bocas del Toro,PA-1,province,,52.2,,,4,America/Panama,FALSE,1591308261
Utiriá,Utiria,,8.3078,-81.0623,Panama,PA,PAN,Veraguas,Veraguas,PA-9,province,,24.9,,,4,America/Panama,FALSE,1591003947
Punta Alegre,Punta Alegre,,9.1609,-81.9088,Panama,PA,PAN,Ngäbe-Buglé,Ngabe-Bugle,PA-NB,indigenous region,,214.3,,,3,America/Panama,FALSE,1591133123
El Madroño,El Madrono,,8.2560,-81.4332,Panama,PA,PAN,Veraguas,Veraguas,PA-9,province,,37.4,,,4,America/Panama,FALSE,1591004112
Calderón,Calderon,,8.2064,-81.5836,Panama,PA,PAN,Chiriquí,Chiriqui,PA-4,province,,18.6,,,4,America/Panama,FALSE,1591000377
Gatuncillo,Gatuncillo,,9.2435,-79.6486,Panama,PA,PAN,Colón,Colon,PA-3,province,,454.7,,,3,America/Panama,FALSE,1591319834
Sigolín,Sigolin,,8.3996,-81.9518,Panama,PA,PAN,Ngäbe-Buglé,Ngabe-Bugle,PA-NB,indigenous region,,93.5,,,4,America/Panama,FALSE,1591003016
Cerro Puerco,Cerro Puerco,,8.3500,-81.6831,Panama,PA,PAN,Ngäbe-Buglé,Ngabe-Bugle,PA-NB,indigenous region,,286.9,,,3,America/Panama,FALSE,1591763689
Cerro Puerco,Cerro Puerco,,8.1646,-81.5287,Panama,PA,PAN,Ngäbe-Buglé,Ngabe-Bugle,PA-NB,indigenous region,,95.8,,,4,America/Panama,TRUE,1591002487
Cerro Puerco,Cerro Puerco,,8.5277,-81.7097,Panama,PA,PAN,Ngäbe-Buglé,Ngabe-Bugle,PA-NB,indigenous region,,41.8,,,4,America/Panama,TRUE,1591172557
Cerro Puerco,Cerro Puerco,,8.4606,-81.6796,Panama,PA,PAN,Ngäbe-Buglé,Ngabe-Bugle,PA-NB,indigenous region,,36.9,,,4,America/Panama,TRUE,1591002486
Cerro Puerco,Cerro Puerco,,8.5706,-81.7509,Panama,PA,PAN,Ngäbe-Buglé,Ngabe-Bugle,PA-NB,indigenous region,,27.0,,,4,America/Panama,TRUE,1591002485
Cerro Puerco,Cerro Puerco,,8.5283,-81.9071,Panama,PA,PAN,Ngäbe-Buglé,Ngabe-Bugle,PA-NB,indigenous region,,15.8,,,4,America/Panama,TRUE,1591002489
Cerro Puerco,Cerro Puerco,,8.7761,-81.6552,Panama,PA,PAN,Ngäbe-Buglé,Ngabe-Bugle,PA-NB,indigenous region,,9.6,,,5,America/Panama,TRUE,1591002488
Cerro Puerco,Cerro Puerco,,8.6317,-81.6659,Panama,PA,PAN,Ngäbe-Buglé,Ngabe-Bugle,PA-NB,indigenous region,,9.3,,,5,America/Panama,TRUE,1591002484
Cabecera del Jobo,Cabecera del Jobo,,9.0096,-80.2369,Panama,PA,PAN,Colón,Colon,PA-3,province,,11.9,,,4,America/Panama,FALSE,1591002375
El Portuguéz,El Portuguez,,8.3411,-80.7545,Panama,PA,PAN,Veraguas,Veraguas,PA-9,province,,7.6,,,5,America/Panama,FALSE,1591001445
Los Muñoces,Los Munoces,,8.3153,-81.2415,Panama,PA,PAN,Veraguas,Veraguas,PA-9,province,,61.5,,,4,America/Panama,FALSE,1591002332
Cabecera de Sardina,Cabecera de Sardina,,8.7534,-80.4946,Panama,PA,PAN,Coclé,Cocle,PA-2,province,,19.3,,,4,America/Panama,FALSE,1591000913
Cerillos,Cerillos,,9.2862,-78.8566,Panama,PA,PAN,Panamá,Panama,PA-8,province,,8.4,,,5,America/Panama,FALSE,1591005314
El Pajal,El Pajal,Pajal,8.1965,-81.4246,Panama,PA,PAN,Veraguas,Veraguas,PA-9,province,,37.4,,,4,America/Panama,FALSE,1591483122
Santa Fé,Santa Fe,,9.0559,-79.0528,Panama,PA,PAN,Panamá,Panama,PA-8,province,,5.4,,,5,America/Panama,FALSE,1591004982
Cerro Sobrino,Cerro Sobrino,,8.4916,-81.9766,Panama,PA,PAN,Ngäbe-Buglé,Ngabe-Bugle,PA-NB,indigenous region,,51.0,,,4,America/Panama,FALSE,1591002625
El Chizna,El Chizna,,8.6000,-80.0500,Panama,PA,PAN,Panamá Oeste,Panama Oeste,PA-10,province,,24.5,,,4,America/Panama,FALSE,1591824405
Pelao,Pelao,Quebrada de la Mojica,8.7667,-79.9167,Panama,PA,PAN,Panamá Oeste,Panama Oeste,PA-10,province,,131.5,,,4,America/Panama,FALSE,1591527930
Bajo El Cedro Abajo,Bajo El Cedro Abajo,Quebrada del Cerro|El Bajo del Cedro|El Cedro Abajo,9.1056,-82.2946,Panama,PA,PAN,Bocas del Toro,Bocas del Toro,PA-1,province,,90.1,,,4,America/Panama,FALSE,1591362961
Santa Fe,Santa Fe,,8.3667,-80.2333,Panama,PA,PAN,Coclé,Cocle,PA-2,province,,44.5,,,4,America/Panama,FALSE,1591932099
Santa Fé,Santa Fe,Santa Fe,8.6786,-80.4140,Panama,PA,PAN,Coclé,Cocle,PA-2,province,,19.3,,,4,America/Panama,TRUE,1591461023
Santa Fe,Santa Fe,,9.2500,-80.0833,Panama,PA,PAN,Colón,Colon,PA-3,province,,130.2,,,4,America/Panama,FALSE,1591414655
Corral Viejo,Corral Viejo,,8.6333,-79.8833,Panama,PA,PAN,Panamá Oeste,Panama Oeste,PA-10,province,,131.6,,,4,America/Panama,FALSE,1591961896
Curtí Arriba,Curti Arriba,,8.9931,-78.5687,Panama,PA,PAN,Panamá,Panama,PA-8,province,,10.8,,,4,America/Panama,FALSE,1591721260
Caña Brava Abajo,Cana Brava Abajo,Caña Brava Número Tres,7.8998,-80.4789,Panama,PA,PAN,Los Santos,Los Santos,PA-7,province,,79.0,,,4,America/Panama,FALSE,1591080562
La Caleta,La Caleta,,7.9176,-81.6185,Panama,PA,PAN,Veraguas,Veraguas,PA-9,province,,10.0,,,5,America/Panama,FALSE,1591003222
La Caleta,La Caleta,,7.7637,-81.5192,Panama,PA,PAN,Veraguas,Veraguas,PA-9,province,,6.4,,,5,America/Panama,TRUE,1591003223
La Caleta,La Caleta,,7.9162,-77.9054,Panama,PA,PAN,Darién,Darien,PA-5,province,,1.0,,,5,America/Panama,FALSE,1591005208
La Caleta,La Caleta,,8.2016,-80.4840,Panama,PA,PAN,Coclé,Cocle,PA-2,province,,201.4,,,3,America/Panama,FALSE,1591003225
La Raya,La Raya,,8.0045,-80.8209,Panama,PA,PAN,Herrera,Herrera,PA-6,province,,34.9,,,4,America/Panama,FALSE,1591489061
La Raya,La Raya,,7.7889,-80.8880,Panama,PA,PAN,Herrera,Herrera,PA-6,province,,15.8,,,4,America/Panama,TRUE,1591003815
El Bongo,El Bongo,,7.9491,-81.0487,Panama,PA,PAN,Veraguas,Veraguas,PA-9,province,,56.5,,,4,America/Panama,FALSE,1591414368
El Bongo,El Bongo,,8.1542,-81.0878,Panama,PA,PAN,Veraguas,Veraguas,PA-9,province,,36.3,,,4,America/Panama,TRUE,1591763674
El Bongo,El Bongo,,8.2550,-81.3020,Panama,PA,PAN,Veraguas,Veraguas,PA-9,province,,26.4,,,4,America/Panama,TRUE,1591435791
El Bongo,El Bongo,El Banco,8.0870,-81.4187,Panama,PA,PAN,Veraguas,Veraguas,PA-9,province,,23.5,,,4,America/Panama,TRUE,1591565325
El Bongo,El Bongo,,7.7219,-81.3586,Panama,PA,PAN,Veraguas,Veraguas,PA-9,province,,16.1,,,4,America/Panama,TRUE,1591144336
El Bongo,El Bongo,,7.2823,-80.8758,Panama,PA,PAN,Veraguas,Veraguas,PA-9,province,,1.5,,,5,America/Panama,TRUE,1591004037
El Bongo,El Bongo,,8.7842,-80.4790,Panama,PA,PAN,Coclé,Cocle,PA-2,province,,19.3,,,4,America/Panama,FALSE,1591004038
El Bongo,El Bongo,,9.0295,-80.2035,Panama,PA,PAN,Coclé,Cocle,PA-2,province,,19.0,,,4,America/Panama,TRUE,1591004040
El Bongo,El Bongo,,8.5712,-80.6940,Panama,PA,PAN,Coclé,Cocle,PA-2,province,,13.3,,,4,America/Panama,TRUE,1591004039
El Bongo,El Bongo,,9.5780,-79.4144,Panama,PA,PAN,Colón,Colon,PA-3,province,,14.8,,,4,America/Panama,FALSE,1591005510
El Bongo,El Bongo,,9.0024,-80.3471,Panama,PA,PAN,Colón,Colon,PA-3,province,,11.9,,,4,America/Panama,TRUE,1591004041
Sitibiriquidete,Sitibiriquidete,,8.6393,-81.7831,Panama,PA,PAN,Ngäbe-Buglé,Ngabe-Bugle,PA-NB,indigenous region,,27.0,,,4,America/Panama,FALSE,1591002106
Marmatupo,Marmatupo,Mamartupo,9.4469,-78.8272,Panama,PA,PAN,Guna Yala,Guna Yala,PA-KY,indigenous region,,12.7,,,4,America/Panama,FALSE,1591723545
El Bongo,El Bongo,,7.9217,-80.4635,Panama,PA,PAN,Los Santos,Los Santos,PA-7,province,,57.0,,,4,America/Panama,FALSE,1591120602
El Bongo,El Bongo,,8.5926,-82.6226,Panama,PA,PAN,Chiriquí,Chiriqui,PA-4,province,,42.7,,,4,America/Panama,FALSE,1591923881
El Bongo,El Bongo,,8.1592,-81.6874,Panama,PA,PAN,Chiriquí,Chiriqui,PA-4,province,,12.9,,,4,America/Panama,TRUE,1591622641
El Bongo,El Bongo,,7.9781,-77.8504,Panama,PA,PAN,Darién,Darien,PA-5,province,,1.0,,,5,America/Panama,FALSE,1591005511