city,city_ascii,city_alt,lat,lng,country,iso2,iso3,admin_name,admin_name_ascii,admin_code,admin_type,capital,density,population,population_proper,ranking,timezone,same_name,id
Dealu Frumos,Dealu Frumos,,46.4228,22.9733,Romania,RO,ROU,Alba,Alba,RO-AB,county,,44.6,199,199,4,Europe/Bucharest,FALSE,1642844990
Toiaga,Toiaga,,44.6923,23.6460,Romania,RO,ROU,Gorj,Gorj,RO-GJ,county,,50.7,199,199,4,Europe/Bucharest,FALSE,1642906562
Cleşneşti,Clesnesti,,44.9058,22.9018,Romania,RO,ROU,Gorj,Gorj,RO-GJ,county,,40.1,199,199,4,Europe/Bucharest,FALSE,1642032340
Poiana Trestiei,Poiana Trestiei,Poena Trestiei,45.1598,25.8719,Romania,RO,ROU,Prahova,Prahova,RO-PH,county,,39.8,199,199,4,Europe/Bucharest,FALSE,1642580762
Bărăşti,Barasti,,44.7058,24.6459,Romania,RO,ROU,Olt,Olt,RO-OT,county,,37.9,199,199,4,Europe/Bucharest,FALSE,1642396402
Ercea,Ercea,,44.6772,22.9869,Romania,RO,ROU,Mehedinţi,Mehedinti,RO-MH,county,,23.9,199,199,4,Europe/Bucharest,FALSE,1642276181
Halta Dodeşti,Halta Dodesti,,46.3758,27.8230,Romania,RO,ROU,Vaslui,Vaslui,RO-VS,county,,43.5,199,199,4,Europe/Bucharest,FALSE,1642576937
Domoşu,Domosu,,46.8317,23.0232,Romania,RO,ROU,Cluj,Cluj,RO-CJ,county,,28.0,198,198,4,Europe/Bucharest,FALSE,1642865664
Muncel,Muncel,,47.2565,23.7665,Romania,RO,ROU,Cluj,Cluj,RO-CJ,county,,55.1,198,198,4,Europe/Bucharest,FALSE,1642281965
Cerbu,Cerbu,Hagiomer,44.8307,28.4246,Romania,RO,ROU,Tulcea,Tulcea,RO-TL,county,,21.4,198,198,4,Europe/Bucharest,FALSE,1642021895
Buşteni,Busteni,,44.5323,23.8337,Romania,RO,ROU,Dolj,Dolj,RO-DJ,county,,21.5,198,198,4,Europe/Bucharest,FALSE,1642723025
Racova,Racova,,46.7445,27.2476,Romania,RO,ROU,Vaslui,Vaslui,RO-VS,county,,38.5,198,198,4,Europe/Bucharest,FALSE,1642827883
Vâjâetoarea,Vajaetoarea,Vâjiitoarea|Vîjîetoarea,45.4806,27.3086,Romania,RO,ROU,Vrancea,Vrancea,RO-VN,county,,37.6,198,198,4,Europe/Bucharest,FALSE,1642509508
Bălşoara,Balsoara,,44.6734,24.1235,Romania,RO,ROU,Vâlcea,Valcea,RO-VL,county,,39.9,198,198,4,Europe/Bucharest,FALSE,1642345907
Străjescu,Strajescu,Strejescu,45.8178,27.2878,Romania,RO,ROU,Vrancea,Vrancea,RO-VN,county,,50.1,198,198,4,Europe/Bucharest,FALSE,1642590003
Sâniacob,Saniacob,Szaszlekence|Sîniacob,47.0566,24.2983,Romania,RO,ROU,Bistriţa-Năsăud,Bistrita-Nasaud,RO-BN,county,,39.4,198,198,4,Europe/Bucharest,FALSE,1642865472
Costineşti,Costinesti,,47.8057,26.4593,Romania,RO,ROU,Botoşani,Botosani,RO-BT,county,,48.0,198,198,4,Europe/Bucharest,FALSE,1642456980
Păuleni,Pauleni,Szèkelypàlfalva,46.4273,25.1833,Romania,RO,ROU,Harghita,Harghita,RO-HR,county,,32.7,198,198,4,Europe/Bucharest,FALSE,1642944949
Brad,Brad,Satu de Jos|Bradul,46.6875,26.8785,Romania,RO,ROU,Bacău,Bacau,RO-BC,county,,47.2,198,198,4,Europe/Bucharest,FALSE,1642451176
Pârâu Viu,Parau Viu,Pîrîu Viu|Pârâul Viu,44.9351,23.6684,Romania,RO,ROU,Gorj,Gorj,RO-GJ,county,,33.0,198,198,4,Europe/Bucharest,FALSE,1642281501
Ciuleşti,Ciulesti,,47.2194,22.1926,Romania,RO,ROU,Bihor,Bihor,RO-BH,county,,40.9,197,197,4,Europe/Bucharest,FALSE,1642316117
Galbeni,Galbeni,Galbenii,46.1089,27.3767,Romania,RO,ROU,Vrancea,Vrancea,RO-VN,county,,37.9,197,197,4,Europe/Bucharest,FALSE,1642496615
Butuci,Butuci,,45.1524,26.3774,Romania,RO,ROU,Prahova,Prahova,RO-PH,county,,70.8,197,197,4,Europe/Bucharest,FALSE,1642533596
Pojorta,Pojorta,Pojorîta|Pojorta,45.7500,24.8703,Romania,RO,ROU,Braşov,Brasov,RO-BV,county,,18.6,197,197,4,Europe/Bucharest,FALSE,1642644683
Mireşu Mic,Miresu Mic,Mireşu de Jos,45.1430,26.3682,Romania,RO,ROU,Prahova,Prahova,RO-PH,county,,126.0,197,197,4,Europe/Bucharest,FALSE,1642566863
Cârţibaşi,Cartibasi,Cîrţibaşi,46.4576,27.6712,Romania,RO,ROU,Vaslui,Vaslui,RO-VS,county,,26.1,197,197,4,Europe/Bucharest,FALSE,1642879740
Păcureni,Pacureni,Pòkakeresztur,46.6619,24.5565,Romania,RO,ROU,Mureş,Mures,RO-MS,county,,68.3,197,197,4,Europe/Bucharest,FALSE,1642804486
Leşile,Lesile,,44.6293,25.1523,Romania,RO,ROU,Argeş,Arges,RO-AG,county,,33.5,197,197,4,Europe/Bucharest,FALSE,1642758520
Mălureni,Malureni,,45.9314,27.2762,Romania,RO,ROU,Galaţi,Galati,RO-GL,county,,49.3,197,197,4,Europe/Bucharest,FALSE,1642229142
Gheorgheşti,Gheorghesti,Gheorghieşti,44.9665,22.7261,Romania,RO,ROU,Mehedinţi,Mehedinti,RO-MH,county,,35.8,197,197,4,Europe/Bucharest,FALSE,1642215795
Măhăceni,Mahaceni,Măhaciu,46.4467,23.7430,Romania,RO,ROU,Alba,Alba,RO-AB,county,,42.4,197,197,4,Europe/Bucharest,FALSE,1642375859
Moşna,Mosna,,44.3373,23.3690,Romania,RO,ROU,Dolj,Dolj,RO-DJ,county,,19.9,197,197,4,Europe/Bucharest,FALSE,1642232334
Grieşti,Griesti,,46.9031,27.3761,Romania,RO,ROU,Iaşi,Iasi,RO-IS,county,,73.1,196,196,4,Europe/Bucharest,FALSE,1642196379
Cămuieşti,Camuiesti,Cămueşti,44.9494,22.8978,Romania,RO,ROU,Gorj,Gorj,RO-GJ,county,,40.1,196,196,4,Europe/Bucharest,FALSE,1642389194
Dogari,Dogari,,44.8469,24.4814,Romania,RO,ROU,Argeş,Arges,RO-AG,county,,27.8,196,196,4,Europe/Bucharest,FALSE,1642771685
Cherăşti,Cherasti,,44.8570,23.9500,Romania,RO,ROU,Vâlcea,Valcea,RO-VL,county,,36.0,196,196,4,Europe/Bucharest,FALSE,1642417833
Trestienii de Sus,Trestienii de Sus,,44.8826,26.2264,Romania,RO,ROU,Prahova,Prahova,RO-PH,county,,65.4,196,196,4,Europe/Bucharest,FALSE,1642209061
Gomoeşti,Gomoesti,,45.0665,26.8005,Romania,RO,ROU,Buzău,Buzau,RO-BZ,county,,77.3,196,196,4,Europe/Bucharest,FALSE,1642820586
Piatra,Piatra,,44.8410,25.9412,Romania,RO,ROU,Prahova,Prahova,RO-PH,county,,99.1,196,196,4,Europe/Bucharest,FALSE,1642143847
Carcadieşti,Carcadiesti,Carcadeşti|Caracadieşti,44.6488,24.1380,Romania,RO,ROU,Vâlcea,Valcea,RO-VL,county,,44.1,196,196,4,Europe/Bucharest,FALSE,1642026891
Poiana,Poiana,,46.8055,27.4876,Romania,RO,ROU,Vaslui,Vaslui,RO-VS,county,,127.5,196,196,4,Europe/Bucharest,FALSE,1642814739
Toteşti,Totesti,,47.0733,26.6018,Romania,RO,ROU,Neamţ,Neamt,RO-NT,county,,58.8,196,196,4,Europe/Bucharest,FALSE,1642687714
Isaci,Isaci,Cojoci,44.7691,24.5234,Romania,RO,ROU,Olt,Olt,RO-OT,county,,24.3,196,196,4,Europe/Bucharest,FALSE,1642030858
Jeledinţi,Jeledinti,,45.8037,23.0751,Romania,RO,ROU,Hunedoara,Hunedoara,RO-HD,county,,13.7,196,196,4,Europe/Bucharest,FALSE,1642291868
Slăviteşti,Slavitesti,,44.9242,24.2185,Romania,RO,ROU,Vâlcea,Valcea,RO-VL,county,,235.3,196,196,3,Europe/Bucharest,FALSE,1642235945
Drăgoiasa,Dragoiasa,,47.1638,25.4397,Romania,RO,ROU,Suceava,Suceava,RO-SV,county,,13.1,196,196,4,Europe/Bucharest,FALSE,1642580734
Pilugani,Pilugani,Piluganii,47.3316,25.1683,Romania,RO,ROU,Suceava,Suceava,RO-SV,county,,6.2,196,196,4,Europe/Bucharest,FALSE,1642435011
Ursoaia,Ursoaia,,46.6504,27.4042,Romania,RO,ROU,Vaslui,Vaslui,RO-VS,county,,47.8,196,196,4,Europe/Bucharest,FALSE,1642252917
Valea Mare,Valea Mare,,46.6376,24.3002,Romania,RO,ROU,Mureş,Mures,RO-MS,county,,67.7,196,196,4,Europe/Bucharest,FALSE,1642226346
Lintea,Lintea,,45.0304,23.4433,Romania,RO,ROU,Gorj,Gorj,RO-GJ,county,,50.4,195,195,4,Europe/Bucharest,FALSE,1642944329
Gusu,Gusu,Gusul,45.9420,23.9040,Romania,RO,ROU,Sibiu,Sibiu,RO-SB,county,,16.3,195,195,4,Europe/Bucharest,FALSE,1642971156
Urvişu de Beliu,Urvisu de Beliu,Urviş-Beliul|Örvényes|Urviş-Beliu|Urviş de Beliu|Bélörvényes,46.5266,22.0863,Romania,RO,ROU,Arad,Arad,RO-AR,county,,13.9,195,195,4,Europe/Bucharest,FALSE,1642788260
Brâznic,Braznic,Brîznic,45.9197,22.6532,Romania,RO,ROU,Hunedoara,Hunedoara,RO-HD,county,,34.8,195,195,4,Europe/Bucharest,FALSE,1642386569
Bărbătescu,Barbatescu,,44.6101,26.7985,Romania,RO,ROU,Ialomiţa,Ialomita,RO-IL,county,,20.4,195,195,4,Europe/Bucharest,FALSE,1642937915
Coşuleni,Cosuleni,,47.6836,26.7584,Romania,RO,ROU,Botoşani,Botosani,RO-BT,county,,61.0,195,195,4,Europe/Bucharest,FALSE,1642177362
Slobozia,Slobozia,,47.5681,26.5537,Romania,RO,ROU,Suceava,Suceava,RO-SV,county,,109.7,195,195,4,Europe/Bucharest,FALSE,1642569829
Câlceşti,Calcesti,Cîlceşti,44.9686,22.9670,Romania,RO,ROU,Gorj,Gorj,RO-GJ,county,,35.9,195,195,4,Europe/Bucharest,FALSE,1642807840
Răzeşu,Razesu,Rezeşu,46.2798,27.3956,Romania,RO,ROU,Bacău,Bacau,RO-BC,county,,43.6,195,195,4,Europe/Bucharest,FALSE,1642276203
Petreni,Petreni,,45.7905,23.0220,Romania,RO,ROU,Hunedoara,Hunedoara,RO-HD,county,,92.3,195,195,4,Europe/Bucharest,FALSE,1642969237
Cotu Mori,Cotu Mori,,47.3021,27.5506,Romania,RO,ROU,Iaşi,Iasi,RO-IS,county,,101.7,195,195,4,Europe/Bucharest,FALSE,1642717289
Gămăneşti,Gamanesti,Găvănesti,44.6538,25.6980,Romania,RO,ROU,Dâmboviţa,Dambovita,RO-DB,county,,94.7,195,195,4,Europe/Bucharest,FALSE,1642374882
Mastacăn,Mastacan,Măstacănul,47.0110,26.5737,Romania,RO,ROU,Neamţ,Neamt,RO-NT,county,,47.2,195,195,4,Europe/Bucharest,TRUE,1642338431
Coasta Cerbului,Coasta Cerbului,Coasta Corbului,45.1359,23.9110,Romania,RO,ROU,Vâlcea,Valcea,RO-VL,county,,62.0,194,194,4,Europe/Bucharest,FALSE,1642477941
Raiţiu,Raitiu,Raiţiul,44.5023,24.3474,Romania,RO,ROU,Olt,Olt,RO-OT,county,,78.5,194,194,4,Europe/Bucharest,FALSE,1642386834
Vădurele,Vadurele,,47.3318,23.3417,Romania,RO,ROU,Sălaj,Salaj,RO-SJ,county,,35.0,194,194,4,Europe/Bucharest,FALSE,1642732545
Spini,Spini,,45.8332,23.0893,Romania,RO,ROU,Hunedoara,Hunedoara,RO-HD,county,,48.1,194,194,4,Europe/Bucharest,FALSE,1642431675
Runcurel,Runcurel,Runcurelu,44.8591,23.0199,Romania,RO,ROU,Gorj,Gorj,RO-GJ,county,,96.7,194,194,4,Europe/Bucharest,FALSE,1642671965
Giuleştii de Sus,Giulestii de Sus,Omorîcea|Omorâcea,44.6947,23.9656,Romania,RO,ROU,Vâlcea,Valcea,RO-VL,county,,46.0,194,194,4,Europe/Bucharest,FALSE,1642956596
Corbi,Corbi,,45.7765,24.6958,Romania,RO,ROU,Braşov,Brasov,RO-BV,county,,19.7,194,194,4,Europe/Bucharest,FALSE,1642606131
Doh,Doh,Doli,47.3298,22.7186,Romania,RO,ROU,Sălaj,Salaj,RO-SJ,county,,32.8,194,194,4,Europe/Bucharest,FALSE,1642884097
Plăcinţena,Placintena,Placinţeni,46.1470,27.3757,Romania,RO,ROU,Vrancea,Vrancea,RO-VN,county,,32.3,194,194,4,Europe/Bucharest,FALSE,1642093402
Feţeni,Feteni,,45.0948,24.4247,Romania,RO,ROU,Vâlcea,Valcea,RO-VL,county,,1064.4,194,194,3,Europe/Bucharest,FALSE,1642849951
Fântânele,Fantanele,Schiopeni|Fîntînele,45.4226,26.8488,Romania,RO,ROU,Buzău,Buzau,RO-BZ,county,,27.9,194,194,4,Europe/Bucharest,TRUE,1642000316
Spătăreasa,Spatareasa,Spătăresa,45.4268,27.2962,Romania,RO,ROU,Vrancea,Vrancea,RO-VN,county,,29.3,194,194,4,Europe/Bucharest,FALSE,1642221480
Zolt,Zolt,,45.7561,22.2569,Romania,RO,ROU,Timiş,Timis,RO-TM,county,,13.5,194,194,4,Europe/Bucharest,FALSE,1642418151
Curtuiuşu-Dejului,Curtuiusu-Dejului,Curtuiuşul Dejului,47.2167,23.6817,Romania,RO,ROU,Cluj,Cluj,RO-CJ,county,,25.6,194,194,4,Europe/Bucharest,FALSE,1642572296
Toldal,Toldal,Toldalag|Toldala,46.7051,24.5816,Romania,RO,ROU,Mureş,Mures,RO-MS,county,,49.9,194,194,4,Europe/Bucharest,FALSE,1642465119
Zegaia,Zegaia,,44.6333,22.8334,Romania,RO,ROU,Mehedinţi,Mehedinti,RO-MH,county,,14.5,194,194,4,Europe/Bucharest,FALSE,1642812967
Bernadea,Bernadea,Bernadia,46.3741,24.4585,Romania,RO,ROU,Mureş,Mures,RO-MS,county,,39.0,194,194,4,Europe/Bucharest,FALSE,1642135092
Gura Sohodol,Gura Sohodol,,46.3546,23.0307,Romania,RO,ROU,Alba,Alba,RO-AB,county,,37.1,194,194,4,Europe/Bucharest,FALSE,1642833557
Poenile Oancei,Poenile Oancei,Poenele Oancei,47.0304,27.1110,Romania,RO,ROU,Iaşi,Iasi,RO-IS,county,,19.2,193,193,4,Europe/Bucharest,FALSE,1642462574
Pădureni,Padureni,,46.6963,26.5627,Romania,RO,ROU,Neamţ,Neamt,RO-NT,county,,73.7,193,193,4,Europe/Bucharest,FALSE,1642332570
Butanu,Butanu,Butanul,44.7556,23.8564,Romania,RO,ROU,Vâlcea,Valcea,RO-VL,county,,32.4,193,193,4,Europe/Bucharest,FALSE,1642298572
Făureni,Faureni,,46.9284,23.5456,Romania,RO,ROU,Cluj,Cluj,RO-CJ,county,,21.3,193,193,4,Europe/Bucharest,FALSE,1642741532
Beria de Sus,Beria de Sus,Beria Mare,44.5723,24.4225,Romania,RO,ROU,Olt,Olt,RO-OT,county,,17.5,193,193,4,Europe/Bucharest,FALSE,1642731986
Solona,Solona,,47.2638,23.4087,Romania,RO,ROU,Sălaj,Salaj,RO-SJ,county,,44.6,193,193,4,Europe/Bucharest,FALSE,1642790620
Dalci,Dalci,,45.4151,22.3153,Romania,RO,ROU,Caraş-Severin,Caras-Severin,RO-CS,county,,20.3,193,193,4,Europe/Bucharest,FALSE,1642640880
Mânăstire,Manastire,Szentgyörgy|Zárda-Szentgyörgy|Mănăstire|Mînăstire|Monostorszentgyörgy,45.4077,21.3326,Romania,RO,ROU,Timiş,Timis,RO-TM,county,,27.1,193,193,4,Europe/Bucharest,FALSE,1642212534
Iabalcea,Iabalcea,,45.2184,21.9164,Romania,RO,ROU,Caraş-Severin,Caras-Severin,RO-CS,county,,19.5,192,192,4,Europe/Bucharest,FALSE,1642701005
Valea Surii,Valea Surii,,46.6368,24.0526,Romania,RO,ROU,Mureş,Mures,RO-MS,county,,88.6,192,192,4,Europe/Bucharest,FALSE,1642492264
Glodghileşti,Glodghilesti,,45.9785,22.4767,Romania,RO,ROU,Hunedoara,Hunedoara,RO-HD,county,,11.8,192,192,4,Europe/Bucharest,FALSE,1642763702
Strâmtura Mitoc,Stramtura Mitoc,Strâmtura Mitoc|Strîmtura Mitoc|Coţofene,46.3613,27.7862,Romania,RO,ROU,Vaslui,Vaslui,RO-VS,county,,45.5,192,192,4,Europe/Bucharest,FALSE,1642446787
Hunedoara-Timişană,Hunedoara-Timisana,Németság|Segentau,46.0312,21.3211,Romania,RO,ROU,Arad,Arad,RO-AR,county,,36.6,192,192,4,Europe/Bucharest,FALSE,1642431346
Bisoca,Bisoca,,45.5000,26.7000,Romania,RO,ROU,Buzău,Buzau,RO-BZ,county,,35.3,192,192,4,Europe/Bucharest,FALSE,1642055750
Sânmărtin,Sanmartin,Sînmărtin,47.0089,24.0786,Romania,RO,ROU,Cluj,Cluj,RO-CJ,county,,19.0,192,192,4,Europe/Bucharest,TRUE,1642687656
Petreni,Petreni,Homoródszentpèter,46.1769,25.3767,Romania,RO,ROU,Harghita,Harghita,RO-HR,county,,19.1,192,192,4,Europe/Bucharest,FALSE,1642168456
Orosia,Orosia,,46.4565,24.1405,Romania,RO,ROU,Mureş,Mures,RO-MS,county,,51.5,192,192,4,Europe/Bucharest,FALSE,1642958580
Poiana Frăţii,Poiana Fratii,,46.6707,24.0924,Romania,RO,ROU,Cluj,Cluj,RO-CJ,county,,57.2,192,192,4,Europe/Bucharest,FALSE,1642865962
Ohaba Română,Ohaba Romana,Ohaba Romînă|Rácszabadi,45.9502,21.9458,Romania,RO,ROU,Timiş,Timis,RO-TM,county,,10.4,192,192,4,Europe/Bucharest,FALSE,1642995680
Popeşti,Popesti,,46.3495,27.2408,Romania,RO,ROU,Bacău,Bacau,RO-BC,county,,36.9,192,192,4,Europe/Bucharest,FALSE,1642642602
Zădăriciu,Zadariciu,Zădăriciul,44.4726,25.5826,Romania,RO,ROU,Giurgiu,Giurgiu,RO-GR,county,,80.6,192,192,4,Europe/Bucharest,FALSE,1642794495
Lipovu de Sus,Lipovu de Sus,,44.1236,23.6238,Romania,RO,ROU,Dolj,Dolj,RO-DJ,county,,73.7,192,192,4,Europe/Bucharest,FALSE,1642160627
Boiţa,Boita,,45.6097,22.8205,Romania,RO,ROU,Hunedoara,Hunedoara,RO-HD,county,,16.8,192,192,4,Europe/Bucharest,FALSE,1642044006
Lopătăreasa,Lopatareasa,,45.5397,26.6586,Romania,RO,ROU,Buzău,Buzau,RO-BZ,county,,33.1,192,192,4,Europe/Bucharest,FALSE,1642745645
Hagieşti,Hagiesti,Hagieştia,44.5452,26.4359,Romania,RO,ROU,Ialomiţa,Ialomita,RO-IL,county,,36.9,192,192,4,Europe/Bucharest,FALSE,1642851150
Gura Văii,Gura Vaii,,44.7969,24.8408,Romania,RO,ROU,Argeş,Arges,RO-AG,county,,88.4,192,192,4,Europe/Bucharest,FALSE,1642420339
Cliţ,Clit,,47.2971,23.4300,Romania,RO,ROU,Sălaj,Salaj,RO-SJ,county,,29.8,192,192,4,Europe/Bucharest,FALSE,1642427685
Valea Întunecoasă,Valea Intunecoasa,Setelpatak|Intunecoasa|Sötèpataka,46.5612,25.9536,Romania,RO,ROU,Harghita,Harghita,RO-HR,county,,36.9,191,191,4,Europe/Bucharest,FALSE,1642172477
Slămneşti,Slamnesti,,44.6044,23.6914,Romania,RO,ROU,Dolj,Dolj,RO-DJ,county,,34.8,191,191,4,Europe/Bucharest,FALSE,1642212377
Rediu,Rediu,Rediu-Scînteia|Rediu Scânteia,46.8946,27.5934,Romania,RO,ROU,Iaşi,Iasi,RO-IS,county,,97.4,191,191,4,Europe/Bucharest,TRUE,1642040481
Puţinei,Putinei,Pucinej,44.6810,22.7032,Romania,RO,ROU,Mehedinţi,Mehedinti,RO-MH,county,,34.7,191,191,4,Europe/Bucharest,FALSE,1642463378
Băluţa,Baluta,Baluca,44.9575,22.7551,Romania,RO,ROU,Mehedinţi,Mehedinti,RO-MH,county,,35.8,191,191,4,Europe/Bucharest,FALSE,1642840068
Tulburea,Tulburea,,45.3362,26.4758,Romania,RO,ROU,Buzău,Buzau,RO-BZ,county,,35.4,191,191,4,Europe/Bucharest,FALSE,1642488470
Lazuri,Lazuri,,46.3416,23.1739,Romania,RO,ROU,Alba,Alba,RO-AB,county,,24.6,191,191,4,Europe/Bucharest,TRUE,1642978943
Alba,Alba,Alba Iulia|Ac Cadân|Ac-Cadîn,45.0641,28.5186,Romania,RO,ROU,Tulcea,Tulcea,RO-TL,county,,18.3,191,191,4,Europe/Bucharest,FALSE,1642228650
Nearşova,Nearsova,,46.8372,23.0644,Romania,RO,ROU,Cluj,Cluj,RO-CJ,county,,38.7,191,191,4,Europe/Bucharest,FALSE,1642288052
Tărceşti,Tarcesti,Tàrcsafalva,46.3764,25.1330,Romania,RO,ROU,Harghita,Harghita,RO-HR,county,,31.3,190,190,4,Europe/Bucharest,FALSE,1642198545
Leniş,Lenis,,46.7279,24.4201,Romania,RO,ROU,Mureş,Mures,RO-MS,county,,26.8,190,190,4,Europe/Bucharest,FALSE,1642979512
Mericeaua,Mericeaua,Miericeaua|Mericeana,44.6184,23.6539,Romania,RO,ROU,Gorj,Gorj,RO-GJ,county,,34.8,190,190,4,Europe/Bucharest,FALSE,1642164498
Suharu,Suharu,,44.2683,23.3881,Romania,RO,ROU,Dolj,Dolj,RO-DJ,county,,21.1,190,190,4,Europe/Bucharest,FALSE,1642327509
Ogeşti,Ogesti,,46.8043,22.2381,Romania,RO,ROU,Bihor,Bihor,RO-BH,county,,47.4,190,190,4,Europe/Bucharest,FALSE,1642999087
Dumitreşti-Faţă,Dumitresti-Fata,,45.5937,26.9336,Romania,RO,ROU,Vrancea,Vrancea,RO-VN,county,,46.7,190,190,4,Europe/Bucharest,FALSE,1642464115
Rănuşa,Ranusa,Kisróna|Ravna,46.4310,22.2546,Romania,RO,ROU,Arad,Arad,RO-AR,county,,11.8,190,190,4,Europe/Bucharest,FALSE,1642833094
Badragi,Badragi,,47.8792,26.1658,Romania,RO,ROU,Suceava,Suceava,RO-SV,county,,51.7,190,190,4,Europe/Bucharest,FALSE,1642411566
Atmagea,Atmagea,Almagea|Atmatscha,44.9639,28.4347,Romania,RO,ROU,Tulcea,Tulcea,RO-TL,county,,10.8,190,190,4,Europe/Bucharest,FALSE,1642287326
Izvoru de Sus,Izvoru de Sus,Isvorul de Sus,44.8072,24.6444,Romania,RO,ROU,Argeş,Arges,RO-AG,county,,40.1,190,190,4,Europe/Bucharest,FALSE,1642815716
Sânbenedic,Sanbenedic,Sînbenedic|Sânbenedict|Sânbenedio,46.3145,24.0499,Romania,RO,ROU,Alba,Alba,RO-AB,county,,17.8,190,190,4,Europe/Bucharest,FALSE,1642146647
Valea Lupului,Valea Lupului,,45.4717,23.1263,Romania,RO,ROU,Hunedoara,Hunedoara,RO-HD,county,,16.4,190,190,4,Europe/Bucharest,FALSE,1642913081
Săvăstreni,Savastreni,,45.7597,24.9439,Romania,RO,ROU,Braşov,Brasov,RO-BV,county,,17.9,190,190,4,Europe/Bucharest,FALSE,1642806058
Valea Unguraşului,Valea Ungurasului,Valea Unnguraşului,47.0764,24.1150,Romania,RO,ROU,Cluj,Cluj,RO-CJ,county,,43.0,190,190,4,Europe/Bucharest,FALSE,1642740734
Cerna-Vârf,Cerna-Varf,Cerna-Vîrf|Cerna Varfu,44.9245,22.6810,Romania,RO,ROU,Mehedinţi,Mehedinti,RO-MH,county,,14.2,189,189,4,Europe/Bucharest,FALSE,1642871209
Băleni,Baleni,Balalény|Bălăleni,46.6093,22.3993,Romania,RO,ROU,Bihor,Bihor,RO-BH,county,,24.8,189,189,4,Europe/Bucharest,FALSE,1642136933
Motnău,Motnau,,45.5825,26.8828,Romania,RO,ROU,Vrancea,Vrancea,RO-VN,county,,46.7,189,189,4,Europe/Bucharest,FALSE,1642575481
Satu Nou,Satu Nou,,44.8198,26.8322,Romania,RO,ROU,Buzău,Buzau,RO-BZ,county,,37.4,189,189,4,Europe/Bucharest,TRUE,1642771414
Buhocel,Buhocel,Buhoce,46.5475,27.0121,Romania,RO,ROU,Bacău,Bacau,RO-BC,county,,71.4,189,189,4,Europe/Bucharest,FALSE,1642579026
Voiceştii din Vale,Voicestii din Vale,Voicestii-Vale,44.6084,24.3101,Romania,RO,ROU,Vâlcea,Valcea,RO-VL,county,,52.2,189,189,4,Europe/Bucharest,FALSE,1642766194
Preluci,Preluci,,47.3108,23.4643,Romania,RO,ROU,Sălaj,Salaj,RO-SJ,county,,16.1,189,189,4,Europe/Bucharest,FALSE,1642303043
Movileni,Movileni,Movilenii,46.2702,27.5141,Romania,RO,ROU,Vaslui,Vaslui,RO-VS,county,,23.6,189,189,4,Europe/Bucharest,FALSE,1642234684
Pişchinţi,Pischinti,,45.8756,23.3090,Romania,RO,ROU,Hunedoara,Hunedoara,RO-HD,county,,23.0,189,189,4,Europe/Bucharest,FALSE,1642281212
Pochidia,Pochidia,,46.0500,27.5833,Romania,RO,ROU,Vaslui,Vaslui,RO-VS,county,,34.1,189,189,4,Europe/Bucharest,FALSE,1642136293
Sudurău,Sudurau,,47.5326,22.4575,Romania,RO,ROU,Satu Mare,Satu Mare,RO-SM,county,,27.7,189,189,4,Europe/Bucharest,FALSE,1642838921
Spiridoneşti,Spiridonesti,,46.7789,26.9544,Romania,RO,ROU,Neamţ,Neamt,RO-NT,county,,55.0,189,189,4,Europe/Bucharest,FALSE,1642117887
Vama Seacă,Vama Seaca,,46.3465,23.9420,Romania,RO,ROU,Alba,Alba,RO-AB,county,,16.9,189,189,4,Europe/Bucharest,FALSE,1642265619
Corcioveni,Corcioveni,Corciovenii,46.0707,27.3673,Romania,RO,ROU,Galaţi,Galati,RO-GL,county,,174.5,188,188,4,Europe/Bucharest,FALSE,1642147172
Teiu,Teiu,,44.2533,23.2947,Romania,RO,ROU,Dolj,Dolj,RO-DJ,county,,27.4,188,188,4,Europe/Bucharest,FALSE,1642867677
Câmpeni,Campeni,Cîmpeni|Bădeni Miluiţi|Bădenii Miluiţii,44.9681,26.6330,Romania,RO,ROU,Buzău,Buzau,RO-BZ,county,,37.2,188,188,4,Europe/Bucharest,FALSE,1642858753
Duleu,Duleu,Duleo|Duleul|Dulleo|Dulló|Dulău,45.5118,21.7800,Romania,RO,ROU,Caraş-Severin,Caras-Severin,RO-CS,county,,13.5,188,188,4,Europe/Bucharest,FALSE,1642636466
Plaiu,Plaiu,Seeaturile|Secături|Secăturile,45.1380,25.6185,Romania,RO,ROU,Prahova,Prahova,RO-PH,county,,94.3,188,188,4,Europe/Bucharest,FALSE,1642542029
Drăgoaia,Dragoaia,Dragoia,44.2339,23.5257,Romania,RO,ROU,Dolj,Dolj,RO-DJ,county,,25.2,188,188,4,Europe/Bucharest,FALSE,1642921509
Lărguţa,Larguta,,46.4795,26.8178,Romania,RO,ROU,Bacău,Bacau,RO-BC,county,,113.1,188,188,4,Europe/Bucharest,FALSE,1642596913
Hulubeşti,Hulubesti,,48.0481,26.3488,Romania,RO,ROU,Botoşani,Botosani,RO-BT,county,,46.1,188,188,4,Europe/Bucharest,FALSE,1642966062
Mircea cel Bătrân,Mircea cel Batran,Mircea cel Bătrîn,44.6992,27.1246,Romania,RO,ROU,Ialomiţa,Ialomita,RO-IL,county,,29.5,188,188,4,Europe/Bucharest,FALSE,1642461717
Mânjina,Manjina,Mînjina,45.0597,25.2786,Romania,RO,ROU,Dâmboviţa,Dambovita,RO-DB,county,,74.9,188,188,4,Europe/Bucharest,FALSE,1642506947
Măgureni,Magureni,,47.4867,23.7435,Romania,RO,ROU,Maramureş,Maramures,RO-MM,county,,36.8,188,188,4,Europe/Bucharest,FALSE,1642170349
Runcu,Runcu,,47.6737,25.8454,Romania,RO,ROU,Suceava,Suceava,RO-SV,county,,60.4,188,188,4,Europe/Bucharest,FALSE,1642767741
Petroasa,Petroasa,Pietroasa,45.7004,27.0441,Romania,RO,ROU,Vrancea,Vrancea,RO-VN,county,,69.8,188,188,4,Europe/Bucharest,FALSE,1642255465
Moruţ,Morut,,46.9612,24.2728,Romania,RO,ROU,Bistriţa-Năsăud,Bistrita-Nasaud,RO-BN,county,,27.0,188,188,4,Europe/Bucharest,FALSE,1642051340
Luminile,Luminile,,45.0367,24.5423,Romania,RO,ROU,Argeş,Arges,RO-AG,county,,40.4,188,188,4,Europe/Bucharest,FALSE,1642987310
Oneşti,Onesti,,47.4813,27.1214,Romania,RO,ROU,Iaşi,Iasi,RO-IS,county,,62.1,188,188,4,Europe/Bucharest,FALSE,1642141226
Mărunţei,Maruntei,,44.5962,24.6880,Romania,RO,ROU,Olt,Olt,RO-OT,county,,37.9,188,188,4,Europe/Bucharest,TRUE,1642457162
Ateaş,Ateas,,46.9175,21.6163,Romania,RO,ROU,Bihor,Bihor,RO-BH,county,,29.1,188,188,4,Europe/Bucharest,FALSE,1642221820
Valea Cotoarei,Valea Cotoarei,,45.4981,26.6722,Romania,RO,ROU,Buzău,Buzau,RO-BZ,county,,25.1,188,188,4,Europe/Bucharest,FALSE,1642296962
Cozla,Cozla,,47.3484,23.3849,Romania,RO,ROU,Sălaj,Salaj,RO-SJ,county,,27.8,188,188,4,Europe/Bucharest,FALSE,1642865535
Popeşti,Popesti,Popeştii,44.2209,24.8059,Romania,RO,ROU,Olt,Olt,RO-OT,county,,37.9,187,187,4,Europe/Bucharest,FALSE,1642287137
Viltoteşti,Viltotesti,,46.3795,27.8772,Romania,RO,ROU,Vaslui,Vaslui,RO-VS,county,,34.8,187,187,4,Europe/Bucharest,FALSE,1642152387
Iacobini,Iacobini,Jacobini|Zöldes|Zeldiş,46.2315,22.3420,Romania,RO,ROU,Arad,Arad,RO-AR,county,,9.2,187,187,4,Europe/Bucharest,FALSE,1642337757
Pioreşti,Pioresti,,44.4780,23.7437,Romania,RO,ROU,Dolj,Dolj,RO-DJ,county,,34.7,187,187,4,Europe/Bucharest,FALSE,1642028737
Dumbrăveni,Dumbraveni,,46.7638,27.3471,Romania,RO,ROU,Vaslui,Vaslui,RO-VS,county,,37.9,187,187,4,Europe/Bucharest,FALSE,1642787959
Săcăreşti,Sacaresti,Secăreşti,47.2566,26.9383,Romania,RO,ROU,Iaşi,Iasi,RO-IS,county,,41.8,187,187,4,Europe/Bucharest,FALSE,1642927459
Tega,Tega,,45.2761,26.3770,Romania,RO,ROU,Buzău,Buzau,RO-BZ,county,,46.0,187,187,4,Europe/Bucharest,FALSE,1642430670
Borovineşti,Borovinesti,Boroghineşti|Borovineştii,45.2004,24.6903,Romania,RO,ROU,Argeş,Arges,RO-AG,county,,110.5,187,187,4,Europe/Bucharest,FALSE,1642165238
Lunca Vişagului,Lunca Visagului,,46.8280,22.7676,Romania,RO,ROU,Cluj,Cluj,RO-CJ,county,,25.9,187,187,4,Europe/Bucharest,FALSE,1642073991
Strugureni,Strugureni,,46.9826,24.1991,Romania,RO,ROU,Bistriţa-Năsăud,Bistrita-Nasaud,RO-BN,county,,31.6,187,187,4,Europe/Bucharest,FALSE,1642295909
Siliştea,Silistea,,46.6915,27.3699,Romania,RO,ROU,Vaslui,Vaslui,RO-VS,county,,43.1,187,187,4,Europe/Bucharest,TRUE,1642657267
Orgoeşti,Orgoesti,,46.4901,27.6970,Romania,RO,ROU,Vaslui,Vaslui,RO-VS,county,,26.2,186,186,4,Europe/Bucharest,FALSE,1642712987
Iacobeni,Iacobeni,,47.4458,27.3233,Romania,RO,ROU,Iaşi,Iasi,RO-IS,county,,47.2,186,186,4,Europe/Bucharest,FALSE,1642655541
Borza,Borza,,47.2198,23.2735,Romania,RO,ROU,Sălaj,Salaj,RO-SJ,county,,34.2,186,186,4,Europe/Bucharest,FALSE,1642405440
Dăbâceni,Dabaceni,Dăbîceni,47.3030,23.6011,Romania,RO,ROU,Sălaj,Salaj,RO-SJ,county,,23.6,186,186,4,Europe/Bucharest,FALSE,1642957662
Nadăşu,Nadasu,Nadăşul,46.8564,23.1511,Romania,RO,ROU,Cluj,Cluj,RO-CJ,county,,38.7,186,186,4,Europe/Bucharest,FALSE,1642563688
Găgeni,Gageni,,44.8437,24.0183,Romania,RO,ROU,Vâlcea,Valcea,RO-VL,county,,36.6,186,186,4,Europe/Bucharest,FALSE,1642235335
Guşoianca,Gusoianca,Episcopia,44.7548,24.1173,Romania,RO,ROU,Vâlcea,Valcea,RO-VL,county,,43.6,186,186,4,Europe/Bucharest,FALSE,1642079001
Sărăzani,Sarazani,,45.7374,22.0610,Romania,RO,ROU,Timiş,Timis,RO-TM,county,,21.1,186,186,4,Europe/Bucharest,FALSE,1642917121
Ciocănari,Ciocanari,,44.7355,24.0110,Romania,RO,ROU,Vâlcea,Valcea,RO-VL,county,,34.5,186,186,4,Europe/Bucharest,FALSE,1642976110
Dămieni,Damieni,Demetertàra,46.6261,24.8607,Romania,RO,ROU,Mureş,Mures,RO-MS,county,,44.8,186,186,4,Europe/Bucharest,FALSE,1642196541
Sergent Ionel Ştefan,Sergent Ionel Stefan,Ionel Ştefan,44.9232,27.2196,Romania,RO,ROU,Buzău,Buzau,RO-BZ,county,,33.6,186,186,4,Europe/Bucharest,FALSE,1642559070
Cărăndeni,Carandeni,,46.8567,22.0862,Romania,RO,ROU,Bihor,Bihor,RO-BH,county,,39.0,186,186,4,Europe/Bucharest,FALSE,1642075627
Ciuta,Ciuta,,47.4471,22.9883,Romania,RO,ROU,Maramureş,Maramures,RO-MM,county,,27.0,186,186,4,Europe/Bucharest,FALSE,1642225902
Rădaia,Radaia,,46.8015,23.4643,Romania,RO,ROU,Cluj,Cluj,RO-CJ,county,,117.0,186,186,4,Europe/Bucharest,FALSE,1642328797
Potoci,Potoci,,46.9848,26.1121,Romania,RO,ROU,Neamţ,Neamt,RO-NT,county,,43.5,186,186,4,Europe/Bucharest,FALSE,1642488250
Gothatea,Gothatea,,45.9445,22.6071,Romania,RO,ROU,Hunedoara,Hunedoara,RO-HD,county,,13.9,185,185,4,Europe/Bucharest,FALSE,1642659607
Gârlişte,Garliste,Gîrlişte,45.1775,21.8134,Romania,RO,ROU,Caraş-Severin,Caras-Severin,RO-CS,county,,11.6,185,185,4,Europe/Bucharest,FALSE,1642240986
Bolaţi,Bolati,,46.8459,27.5963,Romania,RO,ROU,Vaslui,Vaslui,RO-VS,county,,54.5,185,185,4,Europe/Bucharest,FALSE,1642176616
Movila,Movila,,44.7678,25.5720,Romania,RO,ROU,Dâmboviţa,Dambovita,RO-DB,county,,74.1,185,185,4,Europe/Bucharest,FALSE,1642574184
Greşu,Gresu,,45.9493,26.4965,Romania,RO,ROU,Vrancea,Vrancea,RO-VN,county,,13.4,185,185,4,Europe/Bucharest,FALSE,1642984259
Vidra,Vidra,,46.3287,22.5122,Romania,RO,ROU,Arad,Arad,RO-AR,county,,19.0,185,185,4,Europe/Bucharest,FALSE,1642749377
Mălăeştii de Sus,Malaestii de Sus,Mălăesti de Sus,45.1189,26.0059,Romania,RO,ROU,Prahova,Prahova,RO-PH,county,,134.3,185,185,4,Europe/Bucharest,FALSE,1642592782
Părăuşeni,Parauseni,Părăuşani,44.8650,23.8496,Romania,RO,ROU,Vâlcea,Valcea,RO-VL,county,,35.4,185,185,4,Europe/Bucharest,FALSE,1642816481
Stejărenii,Stejarenii,Beşa,46.1537,24.7243,Romania,RO,ROU,Mureş,Mures,RO-MS,county,,40.6,185,185,4,Europe/Bucharest,FALSE,1642615163
Stuhuleţ,Stuhulet,Suhuleţ|Stuhuleţul,46.4152,28.0679,Romania,RO,ROU,Vaslui,Vaslui,RO-VS,county,,37.7,185,185,4,Europe/Bucharest,FALSE,1642864975
Brusturi,Brusturi,,47.1602,23.2254,Romania,RO,ROU,Sălaj,Salaj,RO-SJ,county,,34.2,185,185,4,Europe/Bucharest,FALSE,1642193375
Dupuşu,Dupusu,Dupuşdorf|Dupuşul,46.1525,24.4958,Romania,RO,ROU,Sibiu,Sibiu,RO-SB,county,,34.8,185,185,4,Europe/Bucharest,FALSE,1642884894
Bohoghina,Bohoghina,,47.8010,26.4124,Romania,RO,ROU,Botoşani,Botosani,RO-BT,county,,74.8,185,185,4,Europe/Bucharest,FALSE,1642858051
Stolniceni,Stolniceni,Stolnici,47.5734,27.2451,Romania,RO,ROU,Botoşani,Botosani,RO-BT,county,,50.5,185,185,4,Europe/Bucharest,FALSE,1642616743
Nermiş,Nermis,Nermegy|Nyermegy,46.4725,22.0829,Romania,RO,ROU,Arad,Arad,RO-AR,county,,21.1,185,185,4,Europe/Bucharest,FALSE,1642694607
Zahanaua,Zahanaua,,44.8752,25.9400,Romania,RO,ROU,Prahova,Prahova,RO-PH,county,,174.5,185,185,4,Europe/Bucharest,FALSE,1642502658
Lunca Cernii de Sus,Lunca Cernii de Sus,,45.6394,22.5844,Romania,RO,ROU,Hunedoara,Hunedoara,RO-HD,county,,5.2,185,185,4,Europe/Bucharest,FALSE,1642604072
Satu Nou,Satu Nou,,46.0442,27.5966,Romania,RO,ROU,Vaslui,Vaslui,RO-VS,county,,34.1,185,185,4,Europe/Bucharest,TRUE,1642094059
Ohaba,Ohaba,,45.0971,23.4794,Romania,RO,ROU,Gorj,Gorj,RO-GJ,county,,28.3,184,184,4,Europe/Bucharest,FALSE,1642050369
Bâtcari,Batcari,Bîtcari,45.8271,26.7167,Romania,RO,ROU,Vrancea,Vrancea,RO-VN,county,,6.7,184,184,4,Europe/Bucharest,FALSE,1642671602
Brădetu,Bradetu,Văcăria|Vetrestii,45.8019,26.6238,Romania,RO,ROU,Vrancea,Vrancea,RO-VN,county,,6.7,184,184,4,Europe/Bucharest,FALSE,1642443424
Veseud,Veseud,Veseud-Şeica,45.9776,24.1923,Romania,RO,ROU,Sibiu,Sibiu,RO-SB,county,,31.7,184,184,4,Europe/Bucharest,FALSE,1642840072
Mărtineşti,Martinesti,,45.8130,23.1270,Romania,RO,ROU,Hunedoara,Hunedoara,RO-HD,county,,13.7,184,184,4,Europe/Bucharest,FALSE,1642901573
Cotu Lung,Cotu Lung,Cotul Lung,45.3885,27.8227,Romania,RO,ROU,Brăila,Braila,RO-BR,county,,12.3,184,184,4,Europe/Bucharest,FALSE,1642923258
Cristeanca,Cristeanca,Cristeasca,44.7926,25.9059,Romania,RO,ROU,Dâmboviţa,Dambovita,RO-DB,county,,91.7,184,184,4,Europe/Bucharest,FALSE,1642540265
Satu Mare,Satu Mare,Socoleşti,44.5761,23.2764,Romania,RO,ROU,Mehedinţi,Mehedinti,RO-MH,county,,29.9,184,184,4,Europe/Bucharest,FALSE,1642077343
Lipia,Lipia,,44.7727,24.7256,Romania,RO,ROU,Argeş,Arges,RO-AG,county,,91.7,184,184,4,Europe/Bucharest,FALSE,1642180718
Cioara de Sus,Cioara de Sus,Boereşti,46.3765,23.3151,Romania,RO,ROU,Alba,Alba,RO-AB,county,,39.3,184,184,4,Europe/Bucharest,FALSE,1642620551
Slobozia,Slobozia,Slobodia,45.2727,26.2585,Romania,RO,ROU,Buzău,Buzau,RO-BZ,county,,61.7,184,184,4,Europe/Bucharest,FALSE,1642234972
Dragomireşti,Dragomiresti,Drăgomirosti,47.0211,26.5778,Romania,RO,ROU,Neamţ,Neamt,RO-NT,county,,49.7,184,184,4,Europe/Bucharest,FALSE,1642729063
Davideşti,Davidesti,,46.6034,28.0953,Romania,RO,ROU,Vaslui,Vaslui,RO-VS,county,,40.0,184,184,4,Europe/Bucharest,FALSE,1642996198
Sâncraiu Silvaniei,Sancraiu Silvaniei,Silvaniei|Sîncraiu Silvaniei|Sâncraiul,47.3004,23.1352,Romania,RO,ROU,Sălaj,Salaj,RO-SJ,county,,32.6,184,184,4,Europe/Bucharest,FALSE,1642923219
Hârtop,Hartop,Hîrtop,46.9499,26.6066,Romania,RO,ROU,Neamţ,Neamt,RO-NT,county,,43.2,184,184,4,Europe/Bucharest,FALSE,1642892809
Călineşti-Vasilache,Calinesti-Vasilache,,47.7905,26.1220,Romania,RO,ROU,Suceava,Suceava,RO-SV,county,,98.9,184,184,4,Europe/Bucharest,FALSE,1642621824
Hobiţa,Hobita,,45.4714,23.0819,Romania,RO,ROU,Hunedoara,Hunedoara,RO-HD,county,,15.6,183,183,4,Europe/Bucharest,FALSE,1642203300
Nadanova,Nadanova,,44.9474,22.6671,Romania,RO,ROU,Mehedinţi,Mehedinti,RO-MH,county,,14.2,183,183,4,Europe/Bucharest,FALSE,1642200781
Vicşani,Vicsani,Riszkany,47.9376,25.9816,Romania,RO,ROU,Suceava,Suceava,RO-SV,county,,67.5,183,183,4,Europe/Bucharest,FALSE,1642624428
Blaja,Blaja,,47.4589,22.5551,Romania,RO,ROU,Satu Mare,Satu Mare,RO-SM,county,,83.8,183,183,4,Europe/Bucharest,FALSE,1642438905
Vrancea,Vrancea,Vranca,44.5448,22.5987,Romania,RO,ROU,Mehedinţi,Mehedinti,RO-MH,county,,18.1,183,183,4,Europe/Bucharest,FALSE,1642065304
Boceni,Boceni,,44.5617,23.0036,Romania,RO,ROU,Mehedinţi,Mehedinti,RO-MH,county,,29.8,183,183,4,Europe/Bucharest,FALSE,1642165808
Sava,Sava,,46.8840,23.9713,Romania,RO,ROU,Cluj,Cluj,RO-CJ,county,,22.1,183,183,4,Europe/Bucharest,FALSE,1642813808
Tonciu,Tonciu,,46.9984,24.3786,Romania,RO,ROU,Bistriţa-Năsăud,Bistrita-Nasaud,RO-BN,county,,29.0,183,183,4,Europe/Bucharest,FALSE,1642844301
Spria,Spria,Spira de Jos,46.6042,27.2595,Romania,RO,ROU,Bacău,Bacau,RO-BC,county,,41.6,183,183,4,Europe/Bucharest,FALSE,1642506693
Mărceşti,Marcesti,Mărceştii,46.1732,26.8973,Romania,RO,ROU,Bacău,Bacau,RO-BC,county,,34.3,183,183,4,Europe/Bucharest,FALSE,1642218060
Miheleu,Miheleu,Mihălău,46.8267,22.0649,Romania,RO,ROU,Bihor,Bihor,RO-BH,county,,42.2,183,183,4,Europe/Bucharest,FALSE,1642405782
Băluşeşti,Balusesti,Băluşeştii Mici,46.8860,27.2094,Romania,RO,ROU,Iaşi,Iasi,RO-IS,county,,77.8,183,183,4,Europe/Bucharest,FALSE,1642755752
Tăuteşti,Tautesti,,47.8436,26.2379,Romania,RO,ROU,Suceava,Suceava,RO-SV,county,,51.7,183,183,4,Europe/Bucharest,FALSE,1642095943
Bulimanu,Bulimanu,Bulimanul,44.8874,24.4158,Romania,RO,ROU,Vâlcea,Valcea,RO-VL,county,,32.4,183,183,4,Europe/Bucharest,FALSE,1642809328
Orzu,Orzu,Orzul,44.7750,23.2377,Romania,RO,ROU,Gorj,Gorj,RO-GJ,county,,59.3,183,183,4,Europe/Bucharest,FALSE,1642201804
Capu Dealului,Capu Dealului,Capul Dealului,44.9860,24.2423,Romania,RO,ROU,Vâlcea,Valcea,RO-VL,county,,235.3,183,183,3,Europe/Bucharest,FALSE,1642142984
Hăţăgel,Hatagel,,45.5759,22.8368,Romania,RO,ROU,Hunedoara,Hunedoara,RO-HD,county,,10.1,183,183,4,Europe/Bucharest,FALSE,1642989551
Doaga,Doaga,,45.8303,27.2932,Romania,RO,ROU,Vrancea,Vrancea,RO-VN,county,,50.1,183,183,4,Europe/Bucharest,FALSE,1642743944
Târnava,Tarnava,Tîrnava|Târnava,44.1771,23.5490,Romania,RO,ROU,Dolj,Dolj,RO-DJ,county,,26.6,183,183,4,Europe/Bucharest,FALSE,1642015959
Sărişor,Sarisor,,47.2597,25.3127,Romania,RO,ROU,Suceava,Suceava,RO-SV,county,,28.2,183,183,4,Europe/Bucharest,FALSE,1642411912
Micloşu,Miclosu,Miclosiu,44.7399,23.2228,Romania,RO,ROU,Gorj,Gorj,RO-GJ,county,,66.4,183,183,4,Europe/Bucharest,FALSE,1642507178
Căuşeni,Causeni,,47.0421,27.1065,Romania,RO,ROU,Iaşi,Iasi,RO-IS,county,,19.2,182,182,4,Europe/Bucharest,FALSE,1642375838
Pleşoiu,Plesoiu,Plasoiu,45.2089,27.3056,Romania,RO,ROU,Buzău,Buzau,RO-BZ,county,,33.4,182,182,4,Europe/Bucharest,FALSE,1642576671
Ruget,Ruget,Rugetul,45.9009,26.8614,Romania,RO,ROU,Vrancea,Vrancea,RO-VN,county,,45.5,182,182,4,Europe/Bucharest,FALSE,1642566363
Peretu,Peretu,Atărnaţii|Atîrnaţi,44.2804,24.3510,Romania,RO,ROU,Olt,Olt,RO-OT,county,,105.2,182,182,4,Europe/Bucharest,FALSE,1642980629
Izvorălu de Jos,Izvoralu de Jos,Cacoţi,44.5353,22.9220,Romania,RO,ROU,Mehedinţi,Mehedinti,RO-MH,county,,22.0,182,182,4,Europe/Bucharest,FALSE,1642958903
Valea Frăţiei,Valea Fratiei,,46.6450,24.0666,Romania,RO,ROU,Mureş,Mures,RO-MS,county,,88.6,182,182,4,Europe/Bucharest,FALSE,1642980612
Căşăria,Casaria,,46.9807,26.4321,Romania,RO,ROU,Neamţ,Neamt,RO-NT,county,,50.9,182,182,4,Europe/Bucharest,FALSE,1642562815
Căzăneşti,Cazanesti,,44.6354,23.8928,Romania,RO,ROU,Vâlcea,Valcea,RO-VL,county,,22.3,182,182,4,Europe/Bucharest,TRUE,1642361704
Valea Seacă,Valea Seaca,Valea Seca,45.1039,26.2678,Romania,RO,ROU,Prahova,Prahova,RO-PH,county,,56.0,182,182,4,Europe/Bucharest,FALSE,1642857419
Poiana,Poiana,,44.6861,22.9777,Romania,RO,ROU,Mehedinţi,Mehedinti,RO-MH,county,,23.9,182,182,4,Europe/Bucharest,FALSE,1642496041
Băbdiu,Babdiu,Babdiul,47.1270,23.6995,Romania,RO,ROU,Cluj,Cluj,RO-CJ,county,,15.9,182,182,4,Europe/Bucharest,FALSE,1642384583
Satu de Sus,Satu de Sus,Ţigănia,44.8454,25.8950,Romania,RO,ROU,Prahova,Prahova,RO-PH,county,,101.7,182,182,4,Europe/Bucharest,FALSE,1642540516
Lunca Ozunului,Lunca Ozunului,Ozun-Lunca|Vesszótelep,45.7719,25.8308,Romania,RO,ROU,Covasna,Covasna,RO-CV,county,,53.2,182,182,4,Europe/Bucharest,FALSE,1642009821
Cungrea,Cungrea,,44.8838,24.4903,Romania,RO,ROU,Argeş,Arges,RO-AG,county,,27.8,182,182,4,Europe/Bucharest,FALSE,1642103021
Găvani,Gavani,,45.2924,27.6714,Romania,RO,ROU,Brăila,Braila,RO-BR,county,,32.5,181,181,4,Europe/Bucharest,FALSE,1642086574
Berecuţa,Berecuta,Berekutcza|Berekúcza|Berekutca,45.4135,21.3537,Romania,RO,ROU,Timiş,Timis,RO-TM,county,,27.1,181,181,4,Europe/Bucharest,FALSE,1642644868
Cândeşti Deal,Candesti Deal,Cîndeşti Deal|Cândeşti-Deal|Cândeştii-din Deal,45.0578,25.1844,Romania,RO,ROU,Dâmboviţa,Dambovita,RO-DB,county,,52.5,181,181,4,Europe/Bucharest,FALSE,1642052166
Rişca,Risca,,46.1873,22.7094,Romania,RO,ROU,Hunedoara,Hunedoara,RO-HD,county,,25.7,181,181,4,Europe/Bucharest,FALSE,1642856432
Muşeniţa,Musenita,,47.9667,26.0000,Romania,RO,ROU,Suceava,Suceava,RO-SV,county,,41.7,181,181,4,Europe/Bucharest,FALSE,1642858774
Obârşia,Obarsia,Obîrşia|Obărşia,46.2551,22.6696,Romania,RO,ROU,Hunedoara,Hunedoara,RO-HD,county,,15.7,181,181,4,Europe/Bucharest,FALSE,1642493655
Sunători,Sunatori,Sunător,47.3844,25.4853,Romania,RO,ROU,Suceava,Suceava,RO-SV,county,,17.2,181,181,4,Europe/Bucharest,FALSE,1642672524
Borşa,Borsa,Borşea,47.0240,22.1810,Romania,RO,ROU,Bihor,Bihor,RO-BH,county,,39.9,181,181,4,Europe/Bucharest,FALSE,1642128177
Moşneni,Mosneni,,44.7786,22.9309,Romania,RO,ROU,Mehedinţi,Mehedinti,RO-MH,county,,43.5,181,181,4,Europe/Bucharest,FALSE,1642086162
Potlogeni Deal,Potlogeni Deal,Potlogenii din Deal,44.7043,25.2595,Romania,RO,ROU,Dâmboviţa,Dambovita,RO-DB,county,,78.0,181,181,4,Europe/Bucharest,FALSE,1642185702
Sărata,Sarata,,46.9884,26.3893,Romania,RO,ROU,Neamţ,Neamt,RO-NT,county,,458.6,181,181,3,Europe/Bucharest,FALSE,1642361417
Verdeş,Verdes,,46.5512,27.6158,Romania,RO,ROU,Vaslui,Vaslui,RO-VS,county,,28.4,181,181,4,Europe/Bucharest,FALSE,1642467862
Opăteşti,Opatesti,,45.1098,24.4733,Romania,RO,ROU,Vâlcea,Valcea,RO-VL,county,,40.2,181,181,4,Europe/Bucharest,FALSE,1642988111
Pleşcuţa,Plescuta,Pleskucza|Peleskefalva,46.3006,22.4236,Romania,RO,ROU,Arad,Arad,RO-AR,county,,15.1,181,181,4,Europe/Bucharest,FALSE,1642921577
Poiana Botizii,Poiana Botizii,Poiana-Botizi|Poiana Botizei,47.5933,24.0253,Romania,RO,ROU,Maramureş,Maramures,RO-MM,county,,19.3,181,181,4,Europe/Bucharest,FALSE,1642870108
Molişet,Moliset,,47.4398,24.1291,Romania,RO,ROU,Bistriţa-Năsăud,Bistrita-Nasaud,RO-BN,county,,17.9,180,180,4,Europe/Bucharest,FALSE,1642466195
Raci,Raci,,44.7632,23.2578,Romania,RO,ROU,Gorj,Gorj,RO-GJ,county,,59.3,180,180,4,Europe/Bucharest,FALSE,1642387003
Pădureni,Padureni,,44.8024,25.3815,Romania,RO,ROU,Dâmboviţa,Dambovita,RO-DB,county,,90.3,180,180,4,Europe/Bucharest,FALSE,1642113113
Ulmoasa,Ulmoasa,,47.7324,23.5332,Romania,RO,ROU,Maramureş,Maramures,RO-MM,county,,56.2,180,180,4,Europe/Bucharest,FALSE,1642576337
Begu,Begu,,45.3391,26.4011,Romania,RO,ROU,Buzău,Buzau,RO-BZ,county,,83.7,180,180,4,Europe/Bucharest,FALSE,1642383579
Agrişu Mic,Agrisu Mic,Bélegregy|Agris|Agrişul Mic,46.5278,22.0548,Romania,RO,ROU,Arad,Arad,RO-AR,county,,19.9,180,180,4,Europe/Bucharest,FALSE,1642433118
Botez,Botez,,46.3867,24.0243,Romania,RO,ROU,Mureş,Mures,RO-MS,county,,31.3,180,180,4,Europe/Bucharest,FALSE,1642442235
Bulgari,Bulgari,,47.3416,23.1345,Romania,RO,ROU,Sălaj,Salaj,RO-SJ,county,,31.0,180,180,4,Europe/Bucharest,FALSE,1642109714
Valea Nenii,Valea Nenii,,44.8856,25.0894,Romania,RO,ROU,Argeş,Arges,RO-AG,county,,151.3,180,180,4,Europe/Bucharest,FALSE,1642421576
Hotoan,Hotoan,,47.5563,22.4886,Romania,RO,ROU,Satu Mare,Satu Mare,RO-SM,county,,23.8,180,180,4,Europe/Bucharest,FALSE,1642781016
Mierag,Mierag,Mérág,46.6043,22.3661,Romania,RO,ROU,Bihor,Bihor,RO-BH,county,,24.7,180,180,4,Europe/Bucharest,FALSE,1642222328
Valea Nacului,Valea Nacului,,46.1811,27.0625,Romania,RO,ROU,Bacău,Bacau,RO-BC,county,,72.9,180,180,4,Europe/Bucharest,FALSE,1642588401
Botineşti,Botinesti,,45.7385,22.0909,Romania,RO,ROU,Timiş,Timis,RO-TM,county,,21.1,180,180,4,Europe/Bucharest,FALSE,1642074811
Fundeni,Fundeni,,46.6559,27.0733,Romania,RO,ROU,Bacău,Bacau,RO-BC,county,,43.3,180,180,4,Europe/Bucharest,FALSE,1642246193
Coasta,Coasta,Cristur Şieu Coasta|Coasta Cristur,47.1253,24.2820,Romania,RO,ROU,Bistriţa-Năsăud,Bistrita-Nasaud,RO-BN,county,,41.1,180,180,4,Europe/Bucharest,FALSE,1642180183
Gornoviţa,Gornovita,Gornovica,44.9322,22.6331,Romania,RO,ROU,Mehedinţi,Mehedinti,RO-MH,county,,8.6,179,179,4,Europe/Bucharest,FALSE,1642049386
Copăceni,Copaceni,,45.1708,25.2437,Romania,RO,ROU,Dâmboviţa,Dambovita,RO-DB,county,,101.8,179,179,4,Europe/Bucharest,FALSE,1642602123
Antofiloaia,Antofiloaia,,44.8622,26.1418,Romania,RO,ROU,Prahova,Prahova,RO-PH,county,,71.7,179,179,4,Europe/Bucharest,FALSE,1642149376
Preajba de Jos,Preajba de Jos,Atîrnaţi|Atârnati,44.2039,24.1945,Romania,RO,ROU,Dolj,Dolj,RO-DJ,county,,29.8,179,179,4,Europe/Bucharest,FALSE,1642043467
Nistoreşti,Nistoresti,Cuciuc-Chioi|Kuciukioi,44.6216,28.3793,Romania,RO,ROU,Constanţa,Constanta,RO-CT,county,,3.9,179,179,4,Europe/Bucharest,FALSE,1642627925
Banov,Banov,,44.4449,25.3403,Romania,RO,ROU,Teleorman,Teleorman,RO-TR,county,,47.3,179,179,4,Europe/Bucharest,FALSE,1642100575
Plopu,Plopu,Plopul,44.7903,23.6019,Romania,RO,ROU,Gorj,Gorj,RO-GJ,county,,37.5,179,179,4,Europe/Bucharest,FALSE,1642643916
Pădurea Urziceni,Padurea Urziceni,Urziceni Pădure,47.7436,22.3441,Romania,RO,ROU,Satu Mare,Satu Mare,RO-SM,county,,39.9,179,179,4,Europe/Bucharest,FALSE,1642763513
Apadia,Apadia,,45.3902,22.0482,Romania,RO,ROU,Caraş-Severin,Caras-Severin,RO-CS,county,,19.1,179,179,4,Europe/Bucharest,FALSE,1642650780
Poarta,Poarta,Körtekapù,46.7352,24.5615,Romania,RO,ROU,Mureş,Mures,RO-MS,county,,40.6,179,179,4,Europe/Bucharest,FALSE,1642695283
Lupueni,Lupueni,,44.8805,24.7260,Romania,RO,ROU,Argeş,Arges,RO-AG,county,,67.6,179,179,4,Europe/Bucharest,FALSE,1642061540
Topa de Jos,Topa de Jos,,46.8464,22.2338,Romania,RO,ROU,Bihor,Bihor,RO-BH,county,,37.7,179,179,4,Europe/Bucharest,FALSE,1642371545
Făcău,Facau,,44.2927,25.8326,Romania,RO,ROU,Giurgiu,Giurgiu,RO-GR,county,,55.3,179,179,4,Europe/Bucharest,FALSE,1642478620
Livada,Livada,Şchiopi,46.5696,23.5919,Romania,RO,ROU,Cluj,Cluj,RO-CJ,county,,20.5,179,179,4,Europe/Bucharest,TRUE,1642772222
Turtaba,Turtaba,,44.9814,22.6947,Romania,RO,ROU,Mehedinţi,Mehedinti,RO-MH,county,,14.2,179,179,4,Europe/Bucharest,FALSE,1642977504
Magazia,Magazia,,46.5260,27.3444,Romania,RO,ROU,Bacău,Bacau,RO-BC,county,,38.2,179,179,4,Europe/Bucharest,FALSE,1642782174
Comăneşti,Comanesti,,44.4222,24.1327,Romania,RO,ROU,Olt,Olt,RO-OT,county,,55.0,179,179,4,Europe/Bucharest,FALSE,1642927432
Silvaş,Silvas,,47.4739,22.5226,Romania,RO,ROU,Satu Mare,Satu Mare,RO-SM,county,,23.6,179,179,4,Europe/Bucharest,FALSE,1642909285
Rogojelu,Rogojelu,,44.9060,23.1343,Romania,RO,ROU,Gorj,Gorj,RO-GJ,county,,55.6,179,179,4,Europe/Bucharest,FALSE,1642978218
Cornişeşti,Cornisesti,Cârpeştii Mari|Cîrpeştii Mari,46.8286,22.2352,Romania,RO,ROU,Bihor,Bihor,RO-BH,county,,37.7,178,178,4,Europe/Bucharest,FALSE,1642041077
Dealu Crucii,Dealu Crucii,,47.9388,26.6503,Romania,RO,ROU,Botoşani,Botosani,RO-BT,county,,63.2,178,178,4,Europe/Bucharest,FALSE,1642297518
Mărculeni,Marculeni,Màrkod,46.5971,24.8652,Romania,RO,ROU,Mureş,Mures,RO-MS,county,,28.0,178,178,4,Europe/Bucharest,FALSE,1642838590
Mihail Kogălniceanu,Mihail Kogalniceanu,Cogălniceanu|Domniţa,45.3109,27.5210,Romania,RO,ROU,Brăila,Braila,RO-BR,county,,22.3,178,178,4,Europe/Bucharest,TRUE,1642978870
Ghicani,Ghicani,,46.3912,27.6558,Romania,RO,ROU,Vaslui,Vaslui,RO-VS,county,,31.5,178,178,4,Europe/Bucharest,FALSE,1642924749
Goicelu,Goicelu,Goicelui,45.4844,26.7988,Romania,RO,ROU,Buzău,Buzau,RO-BZ,county,,36.8,178,178,4,Europe/Bucharest,FALSE,1642701527
Măriţeia Mică,Mariteia Mica,,47.7495,26.1137,Romania,RO,ROU,Suceava,Suceava,RO-SV,county,,98.9,178,178,4,Europe/Bucharest,FALSE,1642097850
Godineştii de Jos,Godinestii de Jos,Godineşti-de-Jos,46.4197,27.2302,Romania,RO,ROU,Bacău,Bacau,RO-BC,county,,25.1,178,178,4,Europe/Bucharest,FALSE,1642286357
Căprioara,Caprioara,,47.1019,23.5290,Romania,RO,ROU,Cluj,Cluj,RO-CJ,county,,18.3,178,178,4,Europe/Bucharest,FALSE,1642530480
Delureni,Delureni,Uilacu de Cîmpie,46.8150,24.3467,Romania,RO,ROU,Bistriţa-Năsăud,Bistrita-Nasaud,RO-BN,county,,30.6,178,178,4,Europe/Bucharest,FALSE,1642533195
Maia,Maia,,47.1505,23.7270,Romania,RO,ROU,Cluj,Cluj,RO-CJ,county,,15.9,178,178,4,Europe/Bucharest,FALSE,1642786109
Ghirolt,Ghirolt,,47.6093,22.6233,Romania,RO,ROU,Satu Mare,Satu Mare,RO-SM,county,,31.3,178,178,4,Europe/Bucharest,FALSE,1642683910
Polocin,Polocin,Polocinu de Sus,46.1366,27.5315,Romania,RO,ROU,Vaslui,Vaslui,RO-VS,county,,2.6,178,178,4,Europe/Bucharest,FALSE,1642217902
Voiteştii din Deal,Voitestii din Deal,Voetestii din Deal,45.1018,23.4471,Romania,RO,ROU,Gorj,Gorj,RO-GJ,county,,27.7,177,177,4,Europe/Bucharest,FALSE,1642396690
Chiticeni,Chiticeni,Gura Drumului,46.6657,27.0931,Romania,RO,ROU,Bacău,Bacau,RO-BC,county,,37.3,177,177,4,Europe/Bucharest,FALSE,1642916574
Cernuc,Cernuc,,47.1353,23.4737,Romania,RO,ROU,Sălaj,Salaj,RO-SJ,county,,19.0,177,177,4,Europe/Bucharest,FALSE,1642289130
Băceşti,Bacesti,,45.0797,25.5749,Romania,RO,ROU,Dâmboviţa,Dambovita,RO-DB,county,,68.9,177,177,4,Europe/Bucharest,FALSE,1642954655
Scoruşu,Scorusu,Scorusa,44.7069,23.3336,Romania,RO,ROU,Gorj,Gorj,RO-GJ,county,,43.3,177,177,4,Europe/Bucharest,FALSE,1642978181
Grohoţele,Grohotele,Grohotel,46.2050,22.9867,Romania,RO,ROU,Hunedoara,Hunedoara,RO-HD,county,,13.9,177,177,4,Europe/Bucharest,FALSE,1642510257
Boanta,Boanta,,46.7768,26.9176,Romania,RO,ROU,Bacău,Bacau,RO-BC,county,,55.9,177,177,4,Europe/Bucharest,FALSE,1642208366
Mereteu,Mereteu,,45.9922,23.4270,Romania,RO,ROU,Alba,Alba,RO-AB,county,,48.7,177,177,4,Europe/Bucharest,FALSE,1642885356
Strei Săcel,Strei Sacel,,45.7455,23.0258,Romania,RO,ROU,Hunedoara,Hunedoara,RO-HD,county,,96.5,177,177,4,Europe/Bucharest,FALSE,1642371879
Talpe,Talpe,Talp|Talpu|Talpi,46.6503,22.4206,Romania,RO,ROU,Bihor,Bihor,RO-BH,county,,75.6,177,177,4,Europe/Bucharest,FALSE,1642590416
Bercu Nou,Bercu Nou,,47.9336,22.9294,Romania,RO,ROU,Satu Mare,Satu Mare,RO-SM,county,,67.7,177,177,4,Europe/Bucharest,FALSE,1642783174
Răduieşti,Raduiesti,Rădueşti|Fundoaia,46.6966,27.5840,Romania,RO,ROU,Vaslui,Vaslui,RO-VS,county,,52.2,177,177,4,Europe/Bucharest,FALSE,1642263665
Bârzuleşti,Barzulesti,Bîrzuleşti|Bărzuleşti,46.4937,26.7742,Romania,RO,ROU,Bacău,Bacau,RO-BC,county,,76.2,177,177,4,Europe/Bucharest,FALSE,1642745482
Maioreşti,Maioresti,Monosfalva,46.9079,24.8106,Romania,RO,ROU,Mureş,Mures,RO-MS,county,,64.1,177,177,4,Europe/Bucharest,FALSE,1642222228
Goleasca,Goleasca,,44.5695,25.0562,Romania,RO,ROU,Argeş,Arges,RO-AG,county,,44.6,177,177,4,Europe/Bucharest,FALSE,1642073274
Bârcea Mică,Barcea Mica,Bîrcea Mică|Bârcea-Mică,45.8217,22.9551,Romania,RO,ROU,Hunedoara,Hunedoara,RO-HD,county,,853.5,177,177,3,Europe/Bucharest,FALSE,1642922074
Tămaşu,Tamasu,Tămaşul|Székelyszenttamàs,46.3483,25.2893,Romania,RO,ROU,Harghita,Harghita,RO-HR,county,,38.7,177,177,4,Europe/Bucharest,FALSE,1642120031
Hârţeşti,Hartesti,Hîrţeşti|Hârtesti,46.8722,26.6875,Romania,RO,ROU,Neamţ,Neamt,RO-NT,county,,48.0,177,177,4,Europe/Bucharest,FALSE,1642465493
Sălcioara,Salcioara,Beşteloaia,44.7167,25.5833,Romania,RO,ROU,Dâmboviţa,Dambovita,RO-DB,county,,66.4,177,177,4,Europe/Bucharest,TRUE,1642454924
Schitu din Vale,Schitu din Vale,Schitul-din Vale,44.5075,24.2370,Romania,RO,ROU,Olt,Olt,RO-OT,county,,62.8,176,176,4,Europe/Bucharest,FALSE,1642260954
Vâlcea,Valcea,Vîlcea,45.7400,25.2009,Romania,RO,ROU,Braşov,Brasov,RO-BV,county,,17.5,176,176,4,Europe/Bucharest,FALSE,1642857322
Sâncraiu Almaşului,Sancraiu Almasului,Sîncraiu Almaşului|Sâncraiu-Almaşului|Sâncraiul-Almaşului,46.9561,23.3490,Romania,RO,ROU,Sălaj,Salaj,RO-SJ,county,,13.9,176,176,4,Europe/Bucharest,FALSE,1642032826
Grănicerii,Granicerii,Čavoš|Csávos|Tschawosch|Ciavoş,45.4394,20.8831,Romania,RO,ROU,Timiş,Timis,RO-TM,county,,13.7,176,176,4,Europe/Bucharest,FALSE,1642127526
Dumbrava,Dumbrava,,47.4932,23.8724,Romania,RO,ROU,Maramureş,Maramures,RO-MM,county,,44.9,176,176,4,Europe/Bucharest,FALSE,1642755526
Dejuţiu,Dejutiu,Dècsfalva,46.2543,25.1744,Romania,RO,ROU,Harghita,Harghita,RO-HR,county,,51.0,176,176,4,Europe/Bucharest,FALSE,1642515444
Firtuşu,Firtusu,Firtosváralya,46.4266,25.1487,Romania,RO,ROU,Harghita,Harghita,RO-HR,county,,32.7,176,176,4,Europe/Bucharest,FALSE,1642908815
Stejari,Stejari,Valea Rea,45.0392,24.7052,Romania,RO,ROU,Argeş,Arges,RO-AG,county,,68.3,176,176,4,Europe/Bucharest,FALSE,1642716401
Drăghia,Draghia,,47.3517,23.7748,Romania,RO,ROU,Maramureş,Maramures,RO-MM,county,,31.3,176,176,4,Europe/Bucharest,FALSE,1642787242
Mârghia de Sus,Marghia de Sus,Mîrghia de Sus|Mârghia-de Sus,44.6913,24.7116,Romania,RO,ROU,Argeş,Arges,RO-AG,county,,26.8,176,176,4,Europe/Bucharest,FALSE,1642924115
Cuiungiuc,Cuiungiuc,Cuiugiuc,44.0470,27.5284,Romania,RO,ROU,Constanţa,Constanta,RO-CT,county,,17.6,176,176,4,Europe/Bucharest,FALSE,1642786625
Cireşu,Ciresu,Cireşul|Ciresiju,44.8167,22.5333,Romania,RO,ROU,Mehedinţi,Mehedinti,RO-MH,county,,9.9,176,176,4,Europe/Bucharest,FALSE,1642979199
Vadu Moţilor,Vadu Motilor,Săcătura|Secătura,46.4000,22.9667,Romania,RO,ROU,Alba,Alba,RO-AB,county,,44.6,176,176,4,Europe/Bucharest,FALSE,1642196753
Cetăţuia,Cetatuia,Bălării|Bălăriile,43.7568,25.7449,Romania,RO,ROU,Giurgiu,Giurgiu,RO-GR,county,,34.6,175,175,4,Europe/Bucharest,FALSE,1642834463
Uda,Uda,,44.8767,24.5882,Romania,RO,ROU,Argeş,Arges,RO-AG,county,,25.8,175,175,4,Europe/Bucharest,FALSE,1642681006
Lăzăreşti,Lazaresti,Lăzăreştii,44.8270,24.7568,Romania,RO,ROU,Argeş,Arges,RO-AG,county,,117.6,175,175,4,Europe/Bucharest,TRUE,1642651955
Bădeni,Badeni,,44.9008,24.4272,Romania,RO,ROU,Vâlcea,Valcea,RO-VL,county,,32.4,175,175,4,Europe/Bucharest,FALSE,1642354739
Traian,Traian,,47.7684,22.6962,Romania,RO,ROU,Satu Mare,Satu Mare,RO-SM,county,,37.2,175,175,4,Europe/Bucharest,FALSE,1642476322
Păscoaia,Pascoaia,,45.3539,24.1570,Romania,RO,ROU,Vâlcea,Valcea,RO-VL,county,,24.4,175,175,4,Europe/Bucharest,FALSE,1642552285
Pădureţu,Paduretu,,44.9742,24.1772,Romania,RO,ROU,Vâlcea,Valcea,RO-VL,county,,219.0,175,175,3,Europe/Bucharest,FALSE,1642414266
Suceveni,Suceveni,,46.5369,27.6485,Romania,RO,ROU,Vaslui,Vaslui,RO-VS,county,,29.2,175,175,4,Europe/Bucharest,FALSE,1642153084
Spinuş-Pomezeu,Spinus-Pomezeu,Spinuş-Pomezău,46.7873,22.2745,Romania,RO,ROU,Bihor,Bihor,RO-BH,county,,50.9,175,175,4,Europe/Bucharest,FALSE,1642285330
Ruşavăt,Rusavat,Ruşavăţul|Ruşavăţu,45.2476,26.4233,Romania,RO,ROU,Buzău,Buzau,RO-BZ,county,,48.0,175,175,4,Europe/Bucharest,FALSE,1642589734
Tonea,Tonea,,45.8041,23.5330,Romania,RO,ROU,Alba,Alba,RO-AB,county,,44.2,175,175,4,Europe/Bucharest,FALSE,1642590386
Brebeni,Brebeni,,47.5036,23.7814,Romania,RO,ROU,Maramureş,Maramures,RO-MM,county,,36.8,175,175,4,Europe/Bucharest,FALSE,1642315316
Coasta Măgurei,Coasta Magurei,Coasta-Măgurii,47.3153,26.9256,Romania,RO,ROU,Iaşi,Iasi,RO-IS,county,,62.7,175,175,4,Europe/Bucharest,FALSE,1642432613
Zlătari,Zlatari,,46.5069,27.1174,Romania,RO,ROU,Bacău,Bacau,RO-BC,county,,36.3,175,175,4,Europe/Bucharest,FALSE,1642585070
Căpoteşti,Capotesti,Căpoteştii,46.2537,27.2652,Romania,RO,ROU,Bacău,Bacau,RO-BC,county,,41.1,175,175,4,Europe/Bucharest,FALSE,1642312476
Zbereni,Zbereni,,47.3802,26.8414,Romania,RO,ROU,Iaşi,Iasi,RO-IS,county,,66.6,175,175,4,Europe/Bucharest,FALSE,1642165169
Slavu,Slavu,,45.1601,26.1255,Romania,RO,ROU,Prahova,Prahova,RO-PH,county,,73.0,174,174,4,Europe/Bucharest,FALSE,1642736408
Meria,Meria,,45.6607,22.6337,Romania,RO,ROU,Hunedoara,Hunedoara,RO-HD,county,,5.2,174,174,4,Europe/Bucharest,FALSE,1642017402
Satu Vechi,Satu Vechi,Valea Ciomegei,45.4847,26.6636,Romania,RO,ROU,Buzău,Buzau,RO-BZ,county,,25.1,174,174,4,Europe/Bucharest,FALSE,1642018962
Tomozei,Tomozei,,46.4285,27.2590,Romania,RO,ROU,Bacău,Bacau,RO-BC,county,,25.1,174,174,4,Europe/Bucharest,FALSE,1642980080
Adalin,Adalin,Adalinu,47.0130,23.4376,Romania,RO,ROU,Sălaj,Salaj,RO-SJ,county,,14.6,174,174,4,Europe/Bucharest,FALSE,1642371582
Băniceşti,Banicesti,,45.1908,24.6121,Romania,RO,ROU,Argeş,Arges,RO-AG,county,,81.0,174,174,4,Europe/Bucharest,FALSE,1642385108
Satu Nou,Satu Nou,Satu Nou Ostrov|Satul-Nou,44.1609,27.6059,Romania,RO,ROU,Constanţa,Constanta,RO-CT,county,,26.5,174,174,4,Europe/Bucharest,TRUE,1642174531
Mihăileni,Mihaileni,Şaldorf,45.9889,24.3472,Romania,RO,ROU,Sibiu,Sibiu,RO-SB,county,,12.6,174,174,4,Europe/Bucharest,FALSE,1642518284
Movileni,Movileni,,47.2009,26.9002,Romania,RO,ROU,Iaşi,Iasi,RO-IS,county,,51.4,174,174,4,Europe/Bucharest,FALSE,1642825100
Văleni,Valeni,,46.7841,23.9043,Romania,RO,ROU,Cluj,Cluj,RO-CJ,county,,42.0,174,174,4,Europe/Bucharest,FALSE,1642631104
Ohaba de sub Piatră,Ohaba de sub Piatra,,45.5460,22.9892,Romania,RO,ROU,Hunedoara,Hunedoara,RO-HD,county,,22.7,174,174,4,Europe/Bucharest,FALSE,1642336475
Hodişa,Hodisa,,47.5760,22.9759,Romania,RO,ROU,Satu Mare,Satu Mare,RO-SM,county,,28.0,174,174,4,Europe/Bucharest,FALSE,1642262075
Bugeac,Bugeac,Buceag,44.0978,27.4329,Romania,RO,ROU,Constanţa,Constanta,RO-CT,county,,33.9,174,174,4,Europe/Bucharest,FALSE,1642488947
Glod,Glod,,46.0630,23.1567,Romania,RO,ROU,Alba,Alba,RO-AB,county,,14.6,173,173,4,Europe/Bucharest,FALSE,1642065177
Cotu Dobei,Cotu Dobei,,47.5874,26.4734,Romania,RO,ROU,Suceava,Suceava,RO-SV,county,,110.3,173,173,4,Europe/Bucharest,FALSE,1642400748
Coteni,Coteni,,43.8779,24.3398,Romania,RO,ROU,Olt,Olt,RO-OT,county,,62.9,173,173,4,Europe/Bucharest,FALSE,1642882807
Costeşti,Costesti,Kostešci,44.9256,22.5848,Romania,RO,ROU,Mehedinţi,Mehedinti,RO-MH,county,,8.6,173,173,4,Europe/Bucharest,FALSE,1642948594
Săliştioara,Salistioara,,46.0062,22.8242,Romania,RO,ROU,Hunedoara,Hunedoara,RO-HD,county,,30.5,173,173,4,Europe/Bucharest,FALSE,1642902700
Dezeşti,Dezesti,Dezest|Dezestye|Dezesty|Dezesd,45.4695,21.8908,Romania,RO,ROU,Caraş-Severin,Caras-Severin,RO-CS,county,,13.5,173,173,4,Europe/Bucharest,FALSE,1642419839
Bulzeşti,Bulzesti,Bulzesta,44.5333,23.8833,Romania,RO,ROU,Dolj,Dolj,RO-DJ,county,,22.9,173,173,4,Europe/Bucharest,FALSE,1642376258
Susani,Susani,Susány|Szuszány|Sussán|Susányfalva|Şuşam,46.4546,22.1785,Romania,RO,ROU,Arad,Arad,RO-AR,county,,12.3,173,173,4,Europe/Bucharest,FALSE,1642851331
Creţeşti,Cretesti,,46.3579,23.1059,Romania,RO,ROU,Alba,Alba,RO-AB,county,,29.6,173,173,4,Europe/Bucharest,FALSE,1642164653
Daia,Daia,,46.3056,24.4628,Romania,RO,ROU,Mureş,Mures,RO-MS,county,,39.0,173,173,4,Europe/Bucharest,FALSE,1642035544
Chicioreni,Chicioreni,,45.3269,25.9997,Romania,RO,ROU,Prahova,Prahova,RO-PH,county,,40.7,173,173,4,Europe/Bucharest,FALSE,1642581474
Bozeni,Bozeni,Szèkelybós,46.5321,24.6712,Romania,RO,ROU,Mureş,Mures,RO-MS,county,,149.6,173,173,4,Europe/Bucharest,FALSE,1642908961
Padina Mică,Padina Mica,,44.4266,22.9933,Romania,RO,ROU,Mehedinţi,Mehedinti,RO-MH,county,,17.7,173,173,4,Europe/Bucharest,FALSE,1642976227
Goila,Goila,,46.7729,22.3397,Romania,RO,ROU,Bihor,Bihor,RO-BH,county,,31.6,172,172,4,Europe/Bucharest,FALSE,1642454909
Putini,Putini,Brătoaia,46.5460,27.3446,Romania,RO,ROU,Bacău,Bacau,RO-BC,county,,39.4,172,172,4,Europe/Bucharest,FALSE,1642642045
Negoşina,Negosina,,45.3776,26.6109,Romania,RO,ROU,Buzău,Buzau,RO-BZ,county,,26.6,172,172,4,Europe/Bucharest,FALSE,1642108164
Iazu,Iazu,,46.5059,26.7497,Romania,RO,ROU,Bacău,Bacau,RO-BC,county,,57.5,172,172,4,Europe/Bucharest,FALSE,1642494359
Râu Bărbat,Rau Barbat,Rîu Bărbat|Râu-Bărbat,45.4852,23.0916,Romania,RO,ROU,Hunedoara,Hunedoara,RO-HD,county,,15.6,172,172,4,Europe/Bucharest,FALSE,1642743774
Ludişor,Ludisor,,45.7757,24.8862,Romania,RO,ROU,Braşov,Brasov,RO-BV,county,,29.9,172,172,4,Europe/Bucharest,FALSE,1642393799
Bărbăteşti,Barbatesti,,47.2765,26.9056,Romania,RO,ROU,Iaşi,Iasi,RO-IS,county,,41.8,172,172,4,Europe/Bucharest,FALSE,1642914495
Berea,Berea,,47.6699,22.3408,Romania,RO,ROU,Satu Mare,Satu Mare,RO-SM,county,,32.2,172,172,4,Europe/Bucharest,FALSE,1642801223
Plopi,Plopi,,44.2813,24.9888,Romania,RO,ROU,Teleorman,Teleorman,RO-TR,county,,49.5,172,172,4,Europe/Bucharest,FALSE,1642547505
Tuleşti,Tulesti,,46.6031,27.3324,Romania,RO,ROU,Vaslui,Vaslui,RO-VS,county,,58.1,172,172,4,Europe/Bucharest,FALSE,1642510029
Zătreni,Zatreni,Zătrenii,44.7667,23.8500,Romania,RO,ROU,Vâlcea,Valcea,RO-VL,county,,32.4,172,172,4,Europe/Bucharest,FALSE,1642212641
Izvoarele,Izvoarele,Păţăluşa,47.4001,22.3969,Romania,RO,ROU,Bihor,Bihor,RO-BH,county,,29.8,172,172,4,Europe/Bucharest,FALSE,1642799564
Igirosu,Igirosu,,44.7349,23.2404,Romania,RO,ROU,Gorj,Gorj,RO-GJ,county,,66.4,172,172,4,Europe/Bucharest,FALSE,1642418479
Prisaca,Prisaca,,45.8612,26.7676,Romania,RO,ROU,Vrancea,Vrancea,RO-VN,county,,29.8,172,172,4,Europe/Bucharest,FALSE,1642306534
Godeni,Godeni,,44.5481,23.7397,Romania,RO,ROU,Dolj,Dolj,RO-DJ,county,,39.6,171,171,4,Europe/Bucharest,FALSE,1642517561
Ghilăveşti,Ghilavesti,Ghilănesti,46.4393,27.1758,Romania,RO,ROU,Bacău,Bacau,RO-BC,county,,25.1,171,171,4,Europe/Bucharest,FALSE,1642452047
Vârfu Dealului,Varfu Dealului,Vîrfu Dealului|Gara Strigoaia|Gara Strigoja|Strigoaia|Halta Strigoaia,47.6098,25.9403,Romania,RO,ROU,Suceava,Suceava,RO-SV,county,,55.7,171,171,4,Europe/Bucharest,FALSE,1642618196
Cerneşti,Cernesti,,45.2617,26.0280,Romania,RO,ROU,Prahova,Prahova,RO-PH,county,,82.5,171,171,4,Europe/Bucharest,FALSE,1642968244
Portiţa,Portita,,47.5688,22.4145,Romania,RO,ROU,Satu Mare,Satu Mare,RO-SM,county,,37.8,171,171,4,Europe/Bucharest,FALSE,1642370735
Hodiş,Hodis,Zarándhódos|Hódos,46.3579,22.0266,Romania,RO,ROU,Arad,Arad,RO-AR,county,,33.1,171,171,4,Europe/Bucharest,FALSE,1642918737
Bâra,Bara,Bîra|Berekeresztur,46.5722,24.8726,Romania,RO,ROU,Mureş,Mures,RO-MS,county,,28.0,171,171,4,Europe/Bucharest,FALSE,1642950548
Peteni,Peteni,Pecöfalva|Petőfalva,45.9212,26.1447,Romania,RO,ROU,Covasna,Covasna,RO-CV,county,,34.7,171,171,4,Europe/Bucharest,FALSE,1642980833
Măgureni,Magureni,,44.7001,24.1519,Romania,RO,ROU,Vâlcea,Valcea,RO-VL,county,,44.1,171,171,4,Europe/Bucharest,FALSE,1642093469
Hodoreasca,Hodoreasca,,44.9374,23.0654,Romania,RO,ROU,Gorj,Gorj,RO-GJ,county,,29.8,171,171,4,Europe/Bucharest,FALSE,1642000073
Delea,Delea,Zăpodenii Noi|Vasile Sasu,46.6974,27.7026,Romania,RO,ROU,Vaslui,Vaslui,RO-VS,county,,32.5,171,171,4,Europe/Bucharest,FALSE,1642372053
Mesteceni,Mesteceni,Mesteci,47.4018,26.4196,Romania,RO,ROU,Suceava,Suceava,RO-SV,county,,69.1,171,171,4,Europe/Bucharest,FALSE,1642947993
Colun,Colun,,45.7795,24.5010,Romania,RO,ROU,Sibiu,Sibiu,RO-SB,county,,15.8,171,171,4,Europe/Bucharest,FALSE,1642646959
Budeşti,Budesti,,46.6126,27.9541,Romania,RO,ROU,Vaslui,Vaslui,RO-VS,county,,28.9,171,171,4,Europe/Bucharest,FALSE,1642041213
Higiu,Higiu,Higiu-Ursoaia,44.5360,23.1781,Romania,RO,ROU,Mehedinţi,Mehedinti,RO-MH,county,,16.9,171,171,4,Europe/Bucharest,FALSE,1642658346
Angheleşti,Anghelesti,,44.3372,25.6416,Romania,RO,ROU,Giurgiu,Giurgiu,RO-GR,county,,42.6,171,171,4,Europe/Bucharest,FALSE,1642118748
Bătrâneşti,Batranesti,Bătrîneşti|Batraneşti,46.7683,26.9924,Romania,RO,ROU,Neamţ,Neamt,RO-NT,county,,51.2,171,171,4,Europe/Bucharest,FALSE,1642856134
Valea Poenii,Valea Poenii,Valea Poienei,44.7446,23.0529,Romania,RO,ROU,Gorj,Gorj,RO-GJ,county,,47.8,171,171,4,Europe/Bucharest,FALSE,1642788993
Poeniţele,Poenitele,Poeniţele de Sus|Poeniţele de Jos,45.3738,26.2472,Romania,RO,ROU,Buzău,Buzau,RO-BZ,county,,25.1,171,171,4,Europe/Bucharest,FALSE,1642259891
Renghet,Renghet,,45.9557,23.1426,Romania,RO,ROU,Hunedoara,Hunedoara,RO-HD,county,,29.8,170,170,4,Europe/Bucharest,FALSE,1642971791
Nicoleşti,Nicolesti,Miklósfalva,46.2420,25.2603,Romania,RO,ROU,Harghita,Harghita,RO-HR,county,,16.7,170,170,4,Europe/Bucharest,TRUE,1642684219
Filea de Jos,Filea de Jos,Filia de Jos,46.6205,23.5083,Romania,RO,ROU,Cluj,Cluj,RO-CJ,county,,21.8,170,170,4,Europe/Bucharest,FALSE,1642267579
Galbăna,Galbana,,46.4704,22.7284,Romania,RO,ROU,Alba,Alba,RO-AB,county,,16.2,170,170,4,Europe/Bucharest,FALSE,1642320143
Târnicioara,Tarnicioara,Tîrnicioara,47.4129,25.7572,Romania,RO,ROU,Suceava,Suceava,RO-SV,county,,27.5,170,170,4,Europe/Bucharest,FALSE,1642462329
Cund,Cund,,46.2728,24.5123,Romania,RO,ROU,Mureş,Mures,RO-MS,county,,39.0,170,170,4,Europe/Bucharest,FALSE,1642121827
Ibăneşti,Ibanesti,,44.6471,24.3851,Romania,RO,ROU,Olt,Olt,RO-OT,county,,51.9,170,170,4,Europe/Bucharest,FALSE,1642969171
Tohani,Tohani,,45.0642,26.4366,Romania,RO,ROU,Prahova,Prahova,RO-PH,county,,59.9,170,170,4,Europe/Bucharest,FALSE,1642257053
Ceaba,Ceaba,,47.0501,24.0980,Romania,RO,ROU,Cluj,Cluj,RO-CJ,county,,19.0,170,170,4,Europe/Bucharest,FALSE,1642800707
Bichiş,Bichis,,46.3667,24.1000,Romania,RO,ROU,Mureş,Mures,RO-MS,county,,16.5,170,170,4,Europe/Bucharest,FALSE,1642386454
Înfrăţirea,Infratirea,Prădătorul|Prădătoru,44.6124,23.8589,Romania,RO,ROU,Dolj,Dolj,RO-DJ,county,,22.9,170,170,4,Europe/Bucharest,FALSE,1642842396
Chiriţeşti,Chiritesti,,44.7530,24.6593,Romania,RO,ROU,Argeş,Arges,RO-AG,county,,55.6,170,170,4,Europe/Bucharest,TRUE,1642562481
Huta Voivozi,Huta Voivozi,,47.1560,22.4801,Romania,RO,ROU,Bihor,Bihor,RO-BH,county,,20.0,170,170,4,Europe/Bucharest,FALSE,1642995357
Chinteşti,Chintesti,,44.4060,24.1135,Romania,RO,ROU,Olt,Olt,RO-OT,county,,55.0,170,170,4,Europe/Bucharest,FALSE,1642897329
Necşeşti,Necsesti,,46.3888,22.9900,Romania,RO,ROU,Alba,Alba,RO-AB,county,,34.1,170,170,4,Europe/Bucharest,FALSE,1642661796
Breaza,Breaza,,47.0195,26.6395,Romania,RO,ROU,Neamţ,Neamt,RO-NT,county,,42.9,169,169,4,Europe/Bucharest,FALSE,1642442321
Ploştina,Plostina,Ploştinu,45.8504,26.6561,Romania,RO,ROU,Vrancea,Vrancea,RO-VN,county,,39.9,169,169,4,Europe/Bucharest,FALSE,1642895961
Mărmureni,Marmureni,Mărmurenii,46.8113,27.1836,Romania,RO,ROU,Neamţ,Neamt,RO-NT,county,,62.9,169,169,4,Europe/Bucharest,FALSE,1642184836
Comori,Comori,Kincsesfo,46.7358,24.8969,Romania,RO,ROU,Mureş,Mures,RO-MS,county,,45.1,169,169,4,Europe/Bucharest,FALSE,1642315633
Bilceşti,Bilcesti,,45.2805,25.1070,Romania,RO,ROU,Argeş,Arges,RO-AG,county,,856.0,169,169,3,Europe/Bucharest,FALSE,1642468921
Cremenea,Cremenea,Cremenea de Jos,44.6069,23.0187,Romania,RO,ROU,Mehedinţi,Mehedinti,RO-MH,county,,29.8,169,169,4,Europe/Bucharest,FALSE,1642278460
Bicheşti,Bichesti,Bicheştii,46.1852,27.4105,Romania,RO,ROU,Bacău,Bacau,RO-BC,county,,29.6,169,169,4,Europe/Bucharest,FALSE,1642417214
Bogoltin,Bogoltin,Begoltin,45.0390,22.4149,Romania,RO,ROU,Caraş-Severin,Caras-Severin,RO-CS,county,,11.1,169,169,4,Europe/Bucharest,FALSE,1642133109
Bradu-Clocotici,Bradu-Clocotici,Bradul-Clocotici|Bredu-Clocotici,45.4065,24.3297,Romania,RO,ROU,Vâlcea,Valcea,RO-VL,county,,27.8,169,169,4,Europe/Bucharest,FALSE,1642625919
Călugăreni,Calugareni,,44.7984,25.3405,Romania,RO,ROU,Dâmboviţa,Dambovita,RO-DB,county,,57.9,169,169,4,Europe/Bucharest,TRUE,1642446873
Stâncuţa,Stancuta,Stâncuta|Stîncuţa,47.8098,26.2741,Romania,RO,ROU,Suceava,Suceava,RO-SV,county,,85.0,169,169,4,Europe/Bucharest,FALSE,1642979197
Burdeşti,Burdesti,Burdeşiti,44.7215,24.9563,Romania,RO,ROU,Argeş,Arges,RO-AG,county,,57.2,169,169,4,Europe/Bucharest,FALSE,1642220818
Fundăturile,Fundaturile,,45.3343,26.3210,Romania,RO,ROU,Buzău,Buzau,RO-BZ,county,,83.7,169,169,4,Europe/Bucharest,FALSE,1642442763
Schitu-Deleni,Schitu-Deleni,Schitul-Deleni|Schitu,44.5727,24.3404,Romania,RO,ROU,Olt,Olt,RO-OT,county,,49.1,169,169,4,Europe/Bucharest,FALSE,1642586547
Negreni-Osebiţi,Negreni-Osebiti,,44.4019,25.1975,Romania,RO,ROU,Teleorman,Teleorman,RO-TR,county,,34.6,169,169,4,Europe/Bucharest,FALSE,1642485865
Leiculeşti,Leiculesti,,45.1822,26.5812,Romania,RO,ROU,Buzău,Buzau,RO-BZ,county,,45.5,169,169,4,Europe/Bucharest,FALSE,1642651192
Cufoaia,Cufoaia,,47.4792,23.8034,Romania,RO,ROU,Maramureş,Maramures,RO-MM,county,,44.9,168,168,4,Europe/Bucharest,FALSE,1642041351
Vorţa,Vorta,,46.0167,22.6833,Romania,RO,ROU,Hunedoara,Hunedoara,RO-HD,county,,7.5,168,168,4,Europe/Bucharest,FALSE,1642575277
Blidari,Blidari,,45.5646,26.9141,Romania,RO,ROU,Vrancea,Vrancea,RO-VN,county,,46.7,168,168,4,Europe/Bucharest,TRUE,1642404523
Zahareşti,Zaharesti,,45.2979,26.3758,Romania,RO,ROU,Buzău,Buzau,RO-BZ,county,,59.4,168,168,4,Europe/Bucharest,FALSE,1642706583
Râu Mic,Rau Mic,Vaidenii-de-Munte|Vaideii de Munte|Vaidei-de-Munte|Rîu Mic,45.4926,23.0099,Romania,RO,ROU,Hunedoara,Hunedoara,RO-HD,county,,9.3,168,168,4,Europe/Bucharest,FALSE,1642253610
Balomireasa,Balomireasa,,44.9109,24.3775,Romania,RO,ROU,Vâlcea,Valcea,RO-VL,county,,53.7,168,168,4,Europe/Bucharest,FALSE,1642615702
Ungureni,Ungureni,,45.8135,26.6742,Romania,RO,ROU,Vrancea,Vrancea,RO-VN,county,,6.7,168,168,4,Europe/Bucharest,FALSE,1642805832
Drăgheşti,Draghesti,Drăghieşti,44.9863,22.6763,Romania,RO,ROU,Mehedinţi,Mehedinti,RO-MH,county,,14.2,168,168,4,Europe/Bucharest,FALSE,1642911574
Valea Mănăstirei,Valea Manastirei,,46.3014,23.5206,Romania,RO,ROU,Alba,Alba,RO-AB,county,,6.3,168,168,4,Europe/Bucharest,FALSE,1642947064
Cacuciu Vechi,Cacuciu Vechi,Căcuciu Vechiu,47.0234,22.4922,Romania,RO,ROU,Bihor,Bihor,RO-BH,county,,49.1,168,168,4,Europe/Bucharest,FALSE,1642051881
Lieşti,Liesti,Liescii,46.1054,27.4330,Romania,RO,ROU,Galaţi,Galati,RO-GL,county,,35.2,168,168,4,Europe/Bucharest,TRUE,1642470743
Rodina,Rodina,Rodinta,47.5183,23.2535,Romania,RO,ROU,Maramureş,Maramures,RO-MM,county,,37.8,168,168,4,Europe/Bucharest,FALSE,1642564403
Fântânele-Rus,Fantanele-Rus,Fîntînele-Rus|Fîntînele|Iapa,47.2520,23.5587,Romania,RO,ROU,Sălaj,Salaj,RO-SJ,county,,20.7,168,168,4,Europe/Bucharest,FALSE,1642846374
Căpăţâneşti,Capatanesti,Căpăţîneşti,44.7490,22.9943,Romania,RO,ROU,Mehedinţi,Mehedinti,RO-MH,county,,55.1,168,168,4,Europe/Bucharest,FALSE,1642284465
Stroeşti,Stroesti,,46.7253,27.9774,Romania,RO,ROU,Vaslui,Vaslui,RO-VS,county,,24.6,168,168,4,Europe/Bucharest,FALSE,1642395274
Calna,Calna,,47.1768,23.6460,Romania,RO,ROU,Cluj,Cluj,RO-CJ,county,,25.6,167,167,4,Europe/Bucharest,FALSE,1642853283
Vulpăşeni,Vulpaseni,,46.3623,27.6745,Romania,RO,ROU,Vaslui,Vaslui,RO-VS,county,,45.3,167,167,4,Europe/Bucharest,FALSE,1642476777
Olteni,Olteni,,44.6301,25.4075,Romania,RO,ROU,Dâmboviţa,Dambovita,RO-DB,county,,69.6,167,167,4,Europe/Bucharest,FALSE,1642362757
Vrabia,Vrabia,Verebes|Csik Verebes,46.2230,25.9050,Romania,RO,ROU,Harghita,Harghita,RO-HR,county,,28.6,167,167,4,Europe/Bucharest,FALSE,1642730882
Cornăţelu,Cornatelu,Mohorîţi|Mohorâţi,46.3264,27.3592,Romania,RO,ROU,Bacău,Bacau,RO-BC,county,,29.8,167,167,4,Europe/Bucharest,FALSE,1642325907
Dacia,Dacia,,47.7334,22.6567,Romania,RO,ROU,Satu Mare,Satu Mare,RO-SM,county,,37.2,167,167,4,Europe/Bucharest,FALSE,1642310678
Feleag,Feleag,,46.2411,25.0142,Romania,RO,ROU,Mureş,Mures,RO-MS,county,,33.4,167,167,4,Europe/Bucharest,FALSE,1642651653
Bacău de Mijloc,Bacau de Mijloc,Bacăul de Mijloc,45.9762,22.0994,Romania,RO,ROU,Arad,Arad,RO-AR,county,,12.6,167,167,4,Europe/Bucharest,FALSE,1642778102
Buşmei,Busmei,,47.1512,25.8415,Romania,RO,ROU,Neamţ,Neamt,RO-NT,county,,26.7,167,167,4,Europe/Bucharest,FALSE,1642685559
Prisecani,Prisecani,Prisecanii,46.1807,27.4255,Romania,RO,ROU,Vrancea,Vrancea,RO-VN,county,,29.6,167,167,4,Europe/Bucharest,FALSE,1642136858
Tochile,Tochile,,46.3969,27.4029,Romania,RO,ROU,Bacău,Bacau,RO-BC,county,,38.2,167,167,4,Europe/Bucharest,FALSE,1642383366
Comăneşti,Comanesti,,46.0992,27.9671,Romania,RO,ROU,Galaţi,Galati,RO-GL,county,,27.1,167,167,4,Europe/Bucharest,FALSE,1642489995
Periprava,Periprava,Periprav,45.4018,29.5472,Romania,RO,ROU,Tulcea,Tulcea,RO-TL,county,,30.0,167,167,4,Europe/Bucharest,FALSE,1642319856
Gurbeşti,Gurbesti,Josanii-Gurbeşti|Josani-Gurbeşti|Josani-Gurpeşti,46.7511,22.3593,Romania,RO,ROU,Bihor,Bihor,RO-BH,county,,24.8,166,166,4,Europe/Bucharest,TRUE,1642310648
Bozeş,Bozes,,45.9719,23.1710,Romania,RO,ROU,Hunedoara,Hunedoara,RO-HD,county,,29.8,166,166,4,Europe/Bucharest,FALSE,1642336673
Scorila,Scorila,,44.3480,23.0866,Romania,RO,ROU,Mehedinţi,Mehedinti,RO-MH,county,,17.8,166,166,4,Europe/Bucharest,FALSE,1642088768
Zidurile,Zidurile,,44.5785,25.1695,Romania,RO,ROU,Argeş,Arges,RO-AG,county,,30.3,166,166,4,Europe/Bucharest,FALSE,1642613884
Pietroasa,Pietroasa,,44.6403,23.9959,Romania,RO,ROU,Vâlcea,Valcea,RO-VL,county,,50.4,166,166,4,Europe/Bucharest,FALSE,1642701611
Lunca,Lunca,Miroşi,44.9560,26.6374,Romania,RO,ROU,Buzău,Buzau,RO-BZ,county,,35.9,166,166,4,Europe/Bucharest,TRUE,1642469521
Lupoaia,Lupoaia,,44.8774,24.1189,Romania,RO,ROU,Vâlcea,Valcea,RO-VL,county,,55.1,166,166,4,Europe/Bucharest,FALSE,1642568155
Popeşti,Popesti,,46.9702,26.4438,Romania,RO,ROU,Neamţ,Neamt,RO-NT,county,,54.3,166,166,4,Europe/Bucharest,FALSE,1642044411
Sub Margine,Sub Margine,,45.2216,22.3488,Romania,RO,ROU,Caraş-Severin,Caras-Severin,RO-CS,county,,15.4,166,166,4,Europe/Bucharest,FALSE,1642309949
Valea Poenii,Valea Poenii,Bureanca,47.1878,24.6365,Romania,RO,ROU,Bistriţa-Năsăud,Bistrita-Nasaud,RO-BN,county,,41.1,166,166,4,Europe/Bucharest,FALSE,1642847783
Dimoiu,Dimoiu,Dimoiul,44.9042,25.5484,Romania,RO,ROU,Dâmboviţa,Dambovita,RO-DB,county,,508.3,166,166,3,Europe/Bucharest,FALSE,1642800157
Podu Popa Nae,Podu Popa Nae,Podul lui Popa Nae,44.5190,25.6089,Romania,RO,ROU,Giurgiu,Giurgiu,RO-GR,county,,100.0,166,166,4,Europe/Bucharest,FALSE,1642862858
Băimac,Baimac,,46.6250,27.2155,Romania,RO,ROU,Bacău,Bacau,RO-BC,county,,24.0,166,166,4,Europe/Bucharest,FALSE,1642719017
Târnăviţa,Tarnavita,Tîrnăviţa|Târnăviţa,45.9492,22.7722,Romania,RO,ROU,Hunedoara,Hunedoara,RO-HD,county,,19.7,166,166,4,Europe/Bucharest,FALSE,1642927728
Clondiru de Sus,Clondiru de Sus,,45.0981,26.5923,Romania,RO,ROU,Buzău,Buzau,RO-BZ,county,,54.4,166,166,4,Europe/Bucharest,FALSE,1642148961
Merişoru,Merisoru,Valea Bea|Valea Rea,45.0964,25.5303,Romania,RO,ROU,Dâmboviţa,Dambovita,RO-DB,county,,82.5,166,166,4,Europe/Bucharest,FALSE,1642748141
Sărăţelu,Saratelu,Săratelui,45.1727,26.0893,Romania,RO,ROU,Prahova,Prahova,RO-PH,county,,89.1,166,166,4,Europe/Bucharest,FALSE,1642012773
Izvoarele,Izvoarele,Geambaşu,45.3698,26.4833,Romania,RO,ROU,Buzău,Buzau,RO-BZ,county,,29.1,166,166,4,Europe/Bucharest,FALSE,1642905637
Zerindu Mic,Zerindu Mic,,46.6337,21.6345,Romania,RO,ROU,Arad,Arad,RO-AR,county,,33.7,166,166,4,Europe/Bucharest,FALSE,1642790928
Seleuş,Seleus,,46.3628,24.5887,Romania,RO,ROU,Mureş,Mures,RO-MS,county,,29.1,166,166,4,Europe/Bucharest,FALSE,1642315555
Cărăstău,Carastau,Cărăstăul,46.1746,22.6606,Romania,RO,ROU,Hunedoara,Hunedoara,RO-HD,county,,25.7,165,165,4,Europe/Bucharest,FALSE,1642140847
Siciu,Siciu,,47.2575,22.8777,Romania,RO,ROU,Sălaj,Salaj,RO-SJ,county,,58.0,165,165,4,Europe/Bucharest,FALSE,1642934098
Inoc,Inoc,,46.3852,23.7872,Romania,RO,ROU,Alba,Alba,RO-AB,county,,26.7,165,165,4,Europe/Bucharest,FALSE,1642869208
Săsenii Vechi,Sasenii Vechi,Saseni Vechi,45.2159,26.6807,Romania,RO,ROU,Buzău,Buzau,RO-BZ,county,,87.3,165,165,4,Europe/Bucharest,FALSE,1642325817
Bâlhacu,Balhacu,Bîlhacu|Bălhacul,45.0483,27.1325,Romania,RO,ROU,Buzău,Buzau,RO-BZ,county,,30.7,165,165,4,Europe/Bucharest,FALSE,1642153767
Rotarea,Rotarea,Rotari,45.3129,26.2170,Romania,RO,ROU,Prahova,Prahova,RO-PH,county,,42.2,165,165,4,Europe/Bucharest,FALSE,1642501675
Ocişor,Ocisor,Ocişei|Ócsisor,46.2237,22.5608,Romania,RO,ROU,Hunedoara,Hunedoara,RO-HD,county,,16.1,165,165,4,Europe/Bucharest,FALSE,1642511040
Folt,Folt,,45.8763,23.1582,Romania,RO,ROU,Hunedoara,Hunedoara,RO-HD,county,,41.3,165,165,4,Europe/Bucharest,FALSE,1642570049
Zlagna,Zlagna,,46.0323,24.4703,Romania,RO,ROU,Sibiu,Sibiu,RO-SB,county,,35.9,165,165,4,Europe/Bucharest,FALSE,1642685097
Arsurile,Arsurile,,45.1540,23.3157,Romania,RO,ROU,Gorj,Gorj,RO-GJ,county,,17.1,165,165,4,Europe/Bucharest,FALSE,1642651558
Bunea Mare,Bunea Mare,Bunea Romînă,45.9115,22.0984,Romania,RO,ROU,Timiş,Timis,RO-TM,county,,45.1,165,165,4,Europe/Bucharest,FALSE,1642912314
Voivodeni,Voivodeni,Körösvajda|Vojvogyen|Vajvoda,46.3989,22.0343,Romania,RO,ROU,Arad,Arad,RO-AR,county,,33.1,165,165,4,Europe/Bucharest,FALSE,1642365668
Roşieni,Rosieni,,46.8157,24.0691,Romania,RO,ROU,Cluj,Cluj,RO-CJ,county,,45.0,165,165,4,Europe/Bucharest,FALSE,1642632327
Pântecani,Pantecani,Pîntecani,45.1924,27.1743,Romania,RO,ROU,Brăila,Braila,RO-BR,county,,39.4,165,165,4,Europe/Bucharest,FALSE,1642488122
Poiana,Poiana,,48.0982,26.3451,Romania,RO,ROU,Botoşani,Botosani,RO-BT,county,,55.4,165,165,4,Europe/Bucharest,TRUE,1642747317
Basarabasa,Basarabasa,,46.1930,22.5875,Romania,RO,ROU,Hunedoara,Hunedoara,RO-HD,county,,16.1,165,165,4,Europe/Bucharest,FALSE,1642638392
Trestieni,Trestieni,,45.5155,27.0227,Romania,RO,ROU,Vrancea,Vrancea,RO-VN,county,,100.2,165,165,4,Europe/Bucharest,FALSE,1642586644
Gruiu,Gruiu,Gruiul,45.1477,24.1712,Romania,RO,ROU,Vâlcea,Valcea,RO-VL,county,,52.4,165,165,4,Europe/Bucharest,FALSE,1642836661
Tăvădăreşti,Tavadaresti,Călăpodeşti,46.3268,27.2932,Romania,RO,ROU,Bacău,Bacau,RO-BC,county,,34.6,164,164,4,Europe/Bucharest,FALSE,1642071055
Telecheşti,Telechesti,,45.0854,24.0161,Romania,RO,ROU,Vâlcea,Valcea,RO-VL,county,,52.8,164,164,4,Europe/Bucharest,FALSE,1642763148
Râpa Cărămizi,Rapa Caramizi,Rîpa Cărămizi,44.9314,24.0938,Romania,RO,ROU,Vâlcea,Valcea,RO-VL,county,,66.7,164,164,4,Europe/Bucharest,FALSE,1642097245
Văleni,Valeni,,45.9614,24.9705,Romania,RO,ROU,Braşov,Brasov,RO-BV,county,,12.8,164,164,4,Europe/Bucharest,FALSE,1642961675
Dealu Viilor,Dealu Viilor,Capu Dealului|Capul Dealului,44.8498,22.9030,Romania,RO,ROU,Mehedinţi,Mehedinti,RO-MH,county,,49.7,164,164,4,Europe/Bucharest,FALSE,1642450277
Pleşoiu,Plesoiu,Pleşoiul,44.8484,23.8431,Romania,RO,ROU,Vâlcea,Valcea,RO-VL,county,,35.2,164,164,4,Europe/Bucharest,TRUE,1642670605
Găinuşa,Gainusa,,44.7620,24.7387,Romania,RO,ROU,Argeş,Arges,RO-AG,county,,36.2,164,164,4,Europe/Bucharest,FALSE,1642730274
Slobozia-Silişcani,Slobozia-Siliscani,,47.8609,27.0818,Romania,RO,ROU,Botoşani,Botosani,RO-BT,county,,41.6,164,164,4,Europe/Bucharest,FALSE,1642339879
Câmpulungeanca,Campulungeanca,Cîmpulungeanca,45.4505,26.8211,Romania,RO,ROU,Buzău,Buzau,RO-BZ,county,,27.9,164,164,4,Europe/Bucharest,FALSE,1642209210
Beculeşti,Beculesti,,44.8231,24.4378,Romania,RO,ROU,Argeş,Arges,RO-AG,county,,27.8,164,164,4,Europe/Bucharest,FALSE,1642476676
Cuciulat,Cuciulat,,47.3240,23.4219,Romania,RO,ROU,Sălaj,Salaj,RO-SJ,county,,28.5,164,164,4,Europe/Bucharest,FALSE,1642175350
Faţa Motrului,Fata Motrului,,44.6012,23.3015,Romania,RO,ROU,Mehedinţi,Mehedinti,RO-MH,county,,29.9,164,164,4,Europe/Bucharest,FALSE,1642166451
Hagău,Hagau,,46.8300,24.1498,Romania,RO,ROU,Cluj,Cluj,RO-CJ,county,,37.5,164,164,4,Europe/Bucharest,FALSE,1642650793
Grâuşorul,Grausorul,Grîuşorul|Buza|Buzahàza,46.5991,24.8305,Romania,RO,ROU,Mureş,Mures,RO-MS,county,,46.2,164,164,4,Europe/Bucharest,FALSE,1642093268
Zvorăneşti,Zvoranesti,,47.2126,26.5697,Romania,RO,ROU,Neamţ,Neamt,RO-NT,county,,66.3,164,164,4,Europe/Bucharest,FALSE,1642854849
Stâncăşeni,Stancaseni,Stâncăşeni|Stîncăşeni,46.5214,27.4747,Romania,RO,ROU,Vaslui,Vaslui,RO-VS,county,,38.2,164,164,4,Europe/Bucharest,FALSE,1642182862
Tabaci,Tabaci,,44.4639,23.9100,Romania,RO,ROU,Olt,Olt,RO-OT,county,,43.5,164,164,4,Europe/Bucharest,FALSE,1642324472
Dobreşti,Dobresti,,44.9254,24.4395,Romania,RO,ROU,Vâlcea,Valcea,RO-VL,county,,32.7,164,164,4,Europe/Bucharest,FALSE,1642747433
Ivăneşti,Ivanesti,,44.5343,27.2798,Romania,RO,ROU,Ialomiţa,Ialomita,RO-IL,county,,34.8,164,164,4,Europe/Bucharest,FALSE,1642094141
Turdaş,Turdas,,46.3062,23.9184,Romania,RO,ROU,Alba,Alba,RO-AB,county,,16.9,164,164,4,Europe/Bucharest,FALSE,1642485101
Boiştea,Boistea,,46.1909,26.9700,Romania,RO,ROU,Bacău,Bacau,RO-BC,county,,34.4,163,163,4,Europe/Bucharest,TRUE,1642517089
Chicera,Chicera,,46.3074,27.4132,Romania,RO,ROU,Bacău,Bacau,RO-BC,county,,29.8,163,163,4,Europe/Bucharest,FALSE,1642902578
Ghiobeşti,Ghiobesti,,44.9128,24.3436,Romania,RO,ROU,Vâlcea,Valcea,RO-VL,county,,53.7,163,163,4,Europe/Bucharest,FALSE,1642121816
Cosiţeni,Cositeni,Cosiţenii,46.0720,27.3763,Romania,RO,ROU,Galaţi,Galati,RO-GL,county,,174.5,163,163,4,Europe/Bucharest,FALSE,1642391287
Vâltori,Valtori,Vultori|Vîltori,46.1456,23.2147,Romania,RO,ROU,Alba,Alba,RO-AB,county,,24.0,163,163,4,Europe/Bucharest,FALSE,1642833861
Căldăruşa,Caldarusa,,45.1250,27.6074,Romania,RO,ROU,Brăila,Braila,RO-BR,county,,17.8,163,163,4,Europe/Bucharest,FALSE,1642178675
Orbău,Orbau,Orbăul,47.4113,22.6321,Romania,RO,ROU,Satu Mare,Satu Mare,RO-SM,county,,22.8,163,163,4,Europe/Bucharest,FALSE,1642638200
Seliştat,Selistat,,45.9864,24.8631,Romania,RO,ROU,Braşov,Brasov,RO-BV,county,,9.6,163,163,4,Europe/Bucharest,FALSE,1642029549
Moara din Groapă,Moara din Groapa,,44.5346,25.4745,Romania,RO,ROU,Dâmboviţa,Dambovita,RO-DB,county,,75.9,163,163,4,Europe/Bucharest,FALSE,1642600637
Ciula Mare,Ciula Mare,,45.5945,22.8155,Romania,RO,ROU,Hunedoara,Hunedoara,RO-HD,county,,16.8,163,163,4,Europe/Bucharest,FALSE,1642986941
Ifrimeşti,Ifrimesti,,45.1867,23.9780,Romania,RO,ROU,Vâlcea,Valcea,RO-VL,county,,69.7,163,163,4,Europe/Bucharest,FALSE,1642504922
Valea Nandrului,Valea Nandrului,Valea Nadrului,45.7969,22.8366,Romania,RO,ROU,Hunedoara,Hunedoara,RO-HD,county,,20.9,163,163,4,Europe/Bucharest,FALSE,1642502059
Râu Alb,Rau Alb,Rîu Alb|Râu-Alb|Râul-Alb,45.5181,23.0057,Romania,RO,ROU,Hunedoara,Hunedoara,RO-HD,county,,9.3,163,163,4,Europe/Bucharest,FALSE,1642290301
Bârsăneşti,Barsanesti,Bîrsăneşti,47.7886,27.0832,Romania,RO,ROU,Botoşani,Botosani,RO-BT,county,,46.3,163,163,4,Europe/Bucharest,FALSE,1642112619
Chiliile,Chiliile,,45.4500,26.5833,Romania,RO,ROU,Buzău,Buzau,RO-BZ,county,,16.1,163,163,4,Europe/Bucharest,FALSE,1642350497
Mileştii de Jos,Milestii de Jos,Mileşti-de Jos,46.4774,27.0767,Romania,RO,ROU,Bacău,Bacau,RO-BC,county,,49.0,163,163,4,Europe/Bucharest,FALSE,1642260887
Nucet,Nucet,Nucetul|Nucet-Bălteşti,45.1527,26.0974,Romania,RO,ROU,Prahova,Prahova,RO-PH,county,,128.6,163,163,4,Europe/Bucharest,FALSE,1642462496
Saca,Saca,Száka,46.6616,22.4696,Romania,RO,ROU,Bihor,Bihor,RO-BH,county,,7.7,163,163,4,Europe/Bucharest,FALSE,1642414974
Păucineşti,Paucinesti,,45.5064,22.7549,Romania,RO,ROU,Hunedoara,Hunedoara,RO-HD,county,,14.5,163,163,4,Europe/Bucharest,FALSE,1642814247
Căpşuna,Capsuna,,44.8222,25.3395,Romania,RO,ROU,Dâmboviţa,Dambovita,RO-DB,county,,57.9,163,163,4,Europe/Bucharest,FALSE,1642685204
Săcămaş,Sacamas,,45.9225,22.6721,Romania,RO,ROU,Hunedoara,Hunedoara,RO-HD,county,,34.8,163,163,4,Europe/Bucharest,FALSE,1642462610
Bârzeiu,Barzeiu,Bîrzeiu|Bârzeiu-de-Pădurre|Bârzeiul de Pădurre,44.9496,23.6513,Romania,RO,ROU,Gorj,Gorj,RO-GJ,county,,33.0,162,162,4,Europe/Bucharest,FALSE,1642952519
Pinoasa,Pinoasa,,44.9076,23.0983,Romania,RO,ROU,Gorj,Gorj,RO-GJ,county,,29.8,162,162,4,Europe/Bucharest,FALSE,1642807322
Surpatele,Surpatele,,45.0474,24.1796,Romania,RO,ROU,Vâlcea,Valcea,RO-VL,county,,73.3,162,162,4,Europe/Bucharest,FALSE,1642738752
Nenişori,Nenisori,Cacaleţi,44.7608,26.5761,Romania,RO,ROU,Ialomiţa,Ialomita,RO-IL,county,,119.3,162,162,4,Europe/Bucharest,FALSE,1642266825
Cloaşterf,Cloasterf,,46.1466,24.9972,Romania,RO,ROU,Mureş,Mures,RO-MS,county,,19.1,162,162,4,Europe/Bucharest,FALSE,1642698191
General Praporgescu,General Praporgescu,Praporgescu,45.0144,28.3755,Romania,RO,ROU,Tulcea,Tulcea,RO-TL,county,,13.7,162,162,4,Europe/Bucharest,FALSE,1642063064
Valea Pădurii,Valea Padurii,,46.6197,24.0537,Romania,RO,ROU,Mureş,Mures,RO-MS,county,,88.6,162,162,4,Europe/Bucharest,FALSE,1642161239
Tătăreşti,Tataresti,,45.9508,22.5116,Romania,RO,ROU,Hunedoara,Hunedoara,RO-HD,county,,11.8,162,162,4,Europe/Bucharest,FALSE,1642447016
Sâmbureşti,Samburesti,Sîmbureşti,44.8000,24.4167,Romania,RO,ROU,Olt,Olt,RO-OT,county,,34.9,162,162,4,Europe/Bucharest,FALSE,1642776773
Buta,Buta,,44.6262,25.1184,Romania,RO,ROU,Argeş,Arges,RO-AG,county,,30.2,162,162,4,Europe/Bucharest,FALSE,1642008743
Nandru,Nandru,,45.8042,22.8244,Romania,RO,ROU,Hunedoara,Hunedoara,RO-HD,county,,20.9,162,162,4,Europe/Bucharest,FALSE,1642446230
Horoiata,Horoiata,,46.3572,27.7495,Romania,RO,ROU,Vaslui,Vaslui,RO-VS,county,,38.8,162,162,4,Europe/Bucharest,FALSE,1642110468
Cârstani,Carstani,Cîrstani|Câstani,44.6365,24.6676,Romania,RO,ROU,Olt,Olt,RO-OT,county,,35.6,162,162,4,Europe/Bucharest,FALSE,1642964274
Bicău,Bicau,,47.6627,23.2867,Romania,RO,ROU,Satu Mare,Satu Mare,RO-SM,county,,35.4,162,162,4,Europe/Bucharest,FALSE,1642565428
Mângureni,Mangureni,Măngureni|Mîngureni,45.0192,24.4525,Romania,RO,ROU,Vâlcea,Valcea,RO-VL,county,,39.9,162,162,4,Europe/Bucharest,FALSE,1642080798
Teiu,Teiu,,45.8953,22.5019,Romania,RO,ROU,Hunedoara,Hunedoara,RO-HD,county,,14.1,162,162,4,Europe/Bucharest,FALSE,1642164313
Hârsoveni,Harsoveni,Hî rsoveni|Hârşoveni,46.6447,27.5083,Romania,RO,ROU,Vaslui,Vaslui,RO-VS,county,,47.8,162,162,4,Europe/Bucharest,FALSE,1642979190
Lăunele de Sus,Launele de Sus,,44.9346,24.4909,Romania,RO,ROU,Vâlcea,Valcea,RO-VL,county,,37.2,161,161,4,Europe/Bucharest,FALSE,1642204842
Răleşti,Ralesti,,43.8554,25.6850,Romania,RO,ROU,Giurgiu,Giurgiu,RO-GR,county,,15.2,161,161,4,Europe/Bucharest,FALSE,1642084564
Baloşeşti,Balosesti,,45.7823,22.2896,Romania,RO,ROU,Timiş,Timis,RO-TM,county,,16.6,161,161,4,Europe/Bucharest,FALSE,1642925882
Ghijasa de Sus,Ghijasa de Sus,,45.9819,24.4167,Romania,RO,ROU,Sibiu,Sibiu,RO-SB,county,,18.4,161,161,4,Europe/Bucharest,FALSE,1642525725
Birceii,Birceii,Bircii,45.0997,23.5933,Romania,RO,ROU,Gorj,Gorj,RO-GJ,county,,44.0,161,161,4,Europe/Bucharest,FALSE,1642719808
Coasta,Coasta,,46.8858,23.8972,Romania,RO,ROU,Cluj,Cluj,RO-CJ,county,,46.4,161,161,4,Europe/Bucharest,FALSE,1642086781
Agrieşel,Agriesel,,47.4005,24.0939,Romania,RO,ROU,Bistriţa-Năsăud,Bistrita-Nasaud,RO-BN,county,,17.8,161,161,4,Europe/Bucharest,FALSE,1642672612
Poiana cu Cetate,Poiana cu Cetate,,46.9888,27.6031,Romania,RO,ROU,Iaşi,Iasi,RO-IS,county,,81.9,161,161,4,Europe/Bucharest,FALSE,1642125487
Fâlfani,Falfani,Fîlfani,44.6100,24.7615,Romania,RO,ROU,Argeş,Arges,RO-AG,county,,26.9,161,161,4,Europe/Bucharest,FALSE,1642443962
Satu Nou,Satu Nou,Odaia Protopopului|Satul Nou|Odaia,44.5199,26.7455,Romania,RO,ROU,Călăraşi,Calarasi,RO-CL,county,,1315.2,161,161,3,Europe/Bucharest,FALSE,1642211650
Miteşti,Mitesti,,47.1002,26.6449,Romania,RO,ROU,Neamţ,Neamt,RO-NT,county,,84.7,161,161,4,Europe/Bucharest,FALSE,1642144405
Băneşti,Banesti,Zarándbánya|Bánesd|Zaránd,46.2889,22.6070,Romania,RO,ROU,Arad,Arad,RO-AR,county,,27.6,161,161,4,Europe/Bucharest,FALSE,1642643438
Izvoru de Jos,Izvoru de Jos,Isvorul de Jos,44.7831,24.6467,Romania,RO,ROU,Argeş,Arges,RO-AG,county,,52.7,161,161,4,Europe/Bucharest,FALSE,1642591230
Dileu Vechi,Dileu Vechi,Dileul Vechiu|Dileu Romîn,46.4711,24.3099,Romania,RO,ROU,Mureş,Mures,RO-MS,county,,45.4,161,161,4,Europe/Bucharest,FALSE,1642732205
Palanga,Palanga,Palanca,44.4515,25.0847,Romania,RO,ROU,Argeş,Arges,RO-AG,county,,43.6,160,160,4,Europe/Bucharest,FALSE,1642020123
Coroiu,Coroiu,,46.5919,21.9537,Romania,RO,ROU,Arad,Arad,RO-AR,county,,23.5,160,160,4,Europe/Bucharest,FALSE,1642768321
Trestia,Trestia,,45.3288,26.5169,Romania,RO,ROU,Buzău,Buzau,RO-BZ,county,,35.4,160,160,4,Europe/Bucharest,FALSE,1642175583
Coreşti,Coresti,Coroesu,45.4835,23.0017,Romania,RO,ROU,Hunedoara,Hunedoara,RO-HD,county,,9.3,160,160,4,Europe/Bucharest,FALSE,1642167343
Pădureni,Padureni,,44.7074,24.9864,Romania,RO,ROU,Argeş,Arges,RO-AG,county,,57.2,160,160,4,Europe/Bucharest,FALSE,1642642025
Corbeşti,Corbesti,Csòka,46.4294,24.5908,Romania,RO,ROU,Mureş,Mures,RO-MS,county,,73.9,160,160,4,Europe/Bucharest,FALSE,1642113236
Gura Menţii,Gura Mentii,,44.6906,23.2447,Romania,RO,ROU,Gorj,Gorj,RO-GJ,county,,43.3,160,160,4,Europe/Bucharest,FALSE,1642961519
Bughilaşi,Bughilasi,Buchilaşi,44.8743,26.1433,Romania,RO,ROU,Prahova,Prahova,RO-PH,county,,117.9,160,160,4,Europe/Bucharest,FALSE,1642959144
Ostrovel,Ostrovel,,45.5052,22.8552,Romania,RO,ROU,Hunedoara,Hunedoara,RO-HD,county,,7.2,160,160,4,Europe/Bucharest,FALSE,1642574969
Covragiu,Covragiu,Covragi,45.6243,23.0215,Romania,RO,ROU,Hunedoara,Hunedoara,RO-HD,county,,26.5,160,160,4,Europe/Bucharest,FALSE,1642021117
Lepindea,Lepindea,,46.3289,24.4755,Romania,RO,ROU,Mureş,Mures,RO-MS,county,,39.0,160,160,4,Europe/Bucharest,FALSE,1642993285
Dimitrie Cantemir,Dimitrie Cantemir,Valea Răchiţii,48.0550,26.9968,Romania,RO,ROU,Botoşani,Botosani,RO-BT,county,,43.5,160,160,4,Europe/Bucharest,FALSE,1642895697
Armeni,Armeni,,45.6007,27.1946,Romania,RO,ROU,Vrancea,Vrancea,RO-VN,county,,19.2,160,160,4,Europe/Bucharest,FALSE,1642575508
Uideşti,Uidesti,,47.3785,26.4686,Romania,RO,ROU,Suceava,Suceava,RO-SV,county,,62.6,159,159,4,Europe/Bucharest,FALSE,1642821648
Verbia,Verbia,,47.8860,26.1591,Romania,RO,ROU,Suceava,Suceava,RO-SV,county,,85.0,159,159,4,Europe/Bucharest,FALSE,1642966245
Rotari,Rotari,,46.4166,27.4619,Romania,RO,ROU,Vaslui,Vaslui,RO-VS,county,,34.0,159,159,4,Europe/Bucharest,FALSE,1642558541
Gârleni,Garleni,Gîrleni,44.7997,25.2584,Romania,RO,ROU,Dâmboviţa,Dambovita,RO-DB,county,,70.8,159,159,4,Europe/Bucharest,FALSE,1642125003
Linia Costii,Linia Costii,Linia Costei,44.2779,25.3135,Romania,RO,ROU,Teleorman,Teleorman,RO-TR,county,,42.4,159,159,4,Europe/Bucharest,FALSE,1642284477
Gârbău Dejului,Garbau Dejului,Gîrbău Dejului|Gârboul-Dejului,47.2365,23.9086,Romania,RO,ROU,Cluj,Cluj,RO-CJ,county,,53.7,159,159,4,Europe/Bucharest,FALSE,1642313049
Zizinca,Zizinca,,46.5488,27.7674,Romania,RO,ROU,Vaslui,Vaslui,RO-VS,county,,48.5,159,159,4,Europe/Bucharest,FALSE,1642420244
Corbeşti,Corbesti,Maroshollód|Korbest,46.0739,22.3891,Romania,RO,ROU,Arad,Arad,RO-AR,county,,11.0,159,159,4,Europe/Bucharest,FALSE,1642690551
Pleşca,Plesca,,47.0844,22.8917,Romania,RO,ROU,Sălaj,Salaj,RO-SJ,county,,27.0,159,159,4,Europe/Bucharest,FALSE,1642841156
Leoşti,Leosti,,46.6130,28.0751,Romania,RO,ROU,Vaslui,Vaslui,RO-VS,county,,40.0,159,159,4,Europe/Bucharest,FALSE,1642018797
C.A. Rosetti,C.A. Rosetti,Satul Nou|Statul Nou|Satanof,45.3000,29.5667,Romania,RO,ROU,Tulcea,Tulcea,RO-TL,county,,3.4,159,159,4,Europe/Bucharest,FALSE,1642996101
Târşa,Tarsa,Tarsa|Tîrşa,45.6329,23.1573,Romania,RO,ROU,Hunedoara,Hunedoara,RO-HD,county,,14.2,159,159,4,Europe/Bucharest,FALSE,1642615648
Criş,Cris,,46.2506,22.9001,Romania,RO,ROU,Hunedoara,Hunedoara,RO-HD,county,,12.1,159,159,4,Europe/Bucharest,FALSE,1642460530
Crişeni,Criseni,,47.6393,22.6803,Romania,RO,ROU,Satu Mare,Satu Mare,RO-SM,county,,22.0,159,159,4,Europe/Bucharest,FALSE,1642184699
Măcreşti,Macresti,Măcreşti-Unceşti,46.8106,27.5934,Romania,RO,ROU,Vaslui,Vaslui,RO-VS,county,,39.9,159,159,4,Europe/Bucharest,FALSE,1642432948
Valea Morii,Valea Morii,Moara Banfi|Moara Banffy,47.4962,22.5432,Romania,RO,ROU,Satu Mare,Satu Mare,RO-SM,county,,83.7,159,159,4,Europe/Bucharest,FALSE,1642285921
Sebeş,Sebes,,46.9320,24.8644,Romania,RO,ROU,Mureş,Mures,RO-MS,county,,47.9,159,159,4,Europe/Bucharest,FALSE,1642784621
Dealu Bradului,Dealu Bradului,Dealul-Bradului,44.7385,24.7256,Romania,RO,ROU,Argeş,Arges,RO-AG,county,,35.6,159,159,4,Europe/Bucharest,FALSE,1642962528
Comăneasca,Comaneasca,,45.2229,27.6997,Romania,RO,ROU,Brăila,Braila,RO-BR,county,,24.1,159,159,4,Europe/Bucharest,FALSE,1642486259
Năstase,Nastase,,47.8545,27.1310,Romania,RO,ROU,Botoşani,Botosani,RO-BT,county,,31.5,159,159,4,Europe/Bucharest,FALSE,1642995990
Bojia,Bojia,,45.1065,22.4147,Romania,RO,ROU,Caraş-Severin,Caras-Severin,RO-CS,county,,11.1,158,158,4,Europe/Bucharest,FALSE,1642747347
Păuneşti,Paunesti,Hăuneşti,44.7861,22.6310,Romania,RO,ROU,Mehedinţi,Mehedinti,RO-MH,county,,11.3,158,158,4,Europe/Bucharest,FALSE,1642958988
Budele,Budele,Bude,44.8326,23.9011,Romania,RO,ROU,Vâlcea,Valcea,RO-VL,county,,39.0,158,158,4,Europe/Bucharest,FALSE,1642163101
Potlogeni Vale,Potlogeni Vale,Potlogenii din Vale,44.7214,25.2568,Romania,RO,ROU,Dâmboviţa,Dambovita,RO-DB,county,,63.3,158,158,4,Europe/Bucharest,FALSE,1642818234
Ghiduţ,Ghidut,Ghidet|Güdücs|Ghiditu,46.7865,25.5411,Romania,RO,ROU,Harghita,Harghita,RO-HR,county,,40.6,158,158,4,Europe/Bucharest,FALSE,1642516072
Camna,Camna,,45.1114,22.4762,Romania,RO,ROU,Caraş-Severin,Caras-Severin,RO-CS,county,,11.1,158,158,4,Europe/Bucharest,FALSE,1642812847
Cobleş,Cobles,,46.4939,22.7362,Romania,RO,ROU,Alba,Alba,RO-AB,county,,16.2,158,158,4,Europe/Bucharest,FALSE,1642398567
Ioniceşti,Ionicesti,,44.8114,24.4061,Romania,RO,ROU,Olt,Olt,RO-OT,county,,31.1,158,158,4,Europe/Bucharest,FALSE,1642798695
Mamura,Mamura,,44.5341,24.3085,Romania,RO,ROU,Olt,Olt,RO-OT,county,,62.8,158,158,4,Europe/Bucharest,FALSE,1642041526
Pârneşti,Parnesti,Pîrneşti|Pernyest|Pernyefalva|Perneşti,46.0741,22.2442,Romania,RO,ROU,Arad,Arad,RO-AR,county,,13.8,158,158,4,Europe/Bucharest,FALSE,1642087207
Bratoveşti,Bratovesti,Bratovoeşti,45.4123,24.3646,Romania,RO,ROU,Vâlcea,Valcea,RO-VL,county,,28.5,158,158,4,Europe/Bucharest,FALSE,1642936662
Ciglean,Ciglean,Ciglan,47.2232,23.2446,Romania,RO,ROU,Sălaj,Salaj,RO-SJ,county,,34.2,158,158,4,Europe/Bucharest,FALSE,1642055818
Dealu Mare,Dealu Mare,Dealul Mare,47.3603,23.8152,Romania,RO,ROU,Maramureş,Maramures,RO-MM,county,,41.2,158,158,4,Europe/Bucharest,FALSE,1642350349
Dârloaia,Darloaia,Dîrloaia,46.9404,26.6661,Romania,RO,ROU,Neamţ,Neamt,RO-NT,county,,40.9,158,158,4,Europe/Bucharest,FALSE,1642174481
Moara Mocanului,Moara Mocanului,,44.7686,25.1432,Romania,RO,ROU,Argeş,Arges,RO-AG,county,,88.1,158,158,4,Europe/Bucharest,FALSE,1642075650
Socolari,Socolari,Sokolar,44.9438,21.7283,Romania,RO,ROU,Caraş-Severin,Caras-Severin,RO-CS,county,,12.0,158,158,4,Europe/Bucharest,FALSE,1642114219
Valea Coşuştei,Valea Cosustei,Valea Rea,44.7073,22.9157,Romania,RO,ROU,Mehedinţi,Mehedinti,RO-MH,county,,23.9,158,158,4,Europe/Bucharest,FALSE,1642352451
Bara,Bara,,45.8931,21.8806,Romania,RO,ROU,Timiş,Timis,RO-TM,county,,5.5,158,158,4,Europe/Bucharest,FALSE,1642809059
Căciulata,Caciulata,,46.7151,24.4060,Romania,RO,ROU,Mureş,Mures,RO-MS,county,,26.8,158,158,4,Europe/Bucharest,FALSE,1642473749
Giula,Giula,,46.9283,23.6100,Romania,RO,ROU,Cluj,Cluj,RO-CJ,county,,25.6,158,158,4,Europe/Bucharest,FALSE,1642955457
Dobreni,Dobreni,Dobrenii,44.4215,25.1276,Romania,RO,ROU,Teleorman,Teleorman,RO-TR,county,,53.1,158,158,4,Europe/Bucharest,FALSE,1642112876
Rusenii de Sus,Rusenii de Sus,Ruseni-Boereşti,46.6540,27.2646,Romania,RO,ROU,Bacău,Bacau,RO-BC,county,,46.8,158,158,4,Europe/Bucharest,FALSE,1642392380
Teleac,Teleac,Telekfalva,46.2455,25.3218,Romania,RO,ROU,Harghita,Harghita,RO-HR,county,,41.5,157,157,4,Europe/Bucharest,FALSE,1642538977
Oproaia,Oproaia,,46.9562,27.3709,Romania,RO,ROU,Iaşi,Iasi,RO-IS,county,,97.0,157,157,4,Europe/Bucharest,FALSE,1642418956
Stroeşti,Stroesti,,44.8284,22.8995,Romania,RO,ROU,Mehedinţi,Mehedinti,RO-MH,county,,43.5,157,157,4,Europe/Bucharest,FALSE,1642482065
Turulung Vii,Turulung Vii,,47.9324,23.1493,Romania,RO,ROU,Satu Mare,Satu Mare,RO-SM,county,,59.9,157,157,4,Europe/Bucharest,FALSE,1642790802
Păucişoara,Paucisoara,Păucea,46.3509,24.3512,Romania,RO,ROU,Mureş,Mures,RO-MS,county,,107.6,157,157,4,Europe/Bucharest,FALSE,1642048675
Albeşti,Albesti,,46.6961,27.5529,Romania,RO,ROU,Vaslui,Vaslui,RO-VS,county,,52.2,157,157,4,Europe/Bucharest,FALSE,1642754205
Purcărete,Purcarete,,47.3098,24.0541,Romania,RO,ROU,Bistriţa-Năsăud,Bistrita-Nasaud,RO-BN,county,,37.9,157,157,4,Europe/Bucharest,FALSE,1642610344
Obislavu,Obislavu,Obislavul,44.9098,23.7900,Romania,RO,ROU,Vâlcea,Valcea,RO-VL,county,,50.1,157,157,4,Europe/Bucharest,FALSE,1642956545
Ciortea,Ciortea,Cortea,45.0320,21.4470,Romania,RO,ROU,Caraş-Severin,Caras-Severin,RO-CS,county,,22.7,157,157,4,Europe/Bucharest,FALSE,1642823349
Lăunele,Launele,,44.8147,24.4000,Romania,RO,ROU,Olt,Olt,RO-OT,county,,35.5,157,157,4,Europe/Bucharest,FALSE,1642977002
Oveselu,Oveselu,Ovesel|Măciuca,44.7500,24.0167,Romania,RO,ROU,Vâlcea,Valcea,RO-VL,county,,36.8,157,157,4,Europe/Bucharest,FALSE,1642885779
Valea Târgului,Valea Targului,Valea Târgului|Valea Tîrgului,46.6542,27.6524,Romania,RO,ROU,Vaslui,Vaslui,RO-VS,county,,44.3,157,157,4,Europe/Bucharest,FALSE,1642069171
Ercea,Ercea,Ercse,46.7308,24.5106,Romania,RO,ROU,Mureş,Mures,RO-MS,county,,26.0,157,157,4,Europe/Bucharest,FALSE,1642108905
Călătani,Calatani,Călăţeni,47.0469,22.1958,Romania,RO,ROU,Bihor,Bihor,RO-BH,county,,107.9,157,157,4,Europe/Bucharest,FALSE,1642677334
Creţi,Creti,,44.6842,24.5115,Romania,RO,ROU,Olt,Olt,RO-OT,county,,26.1,157,157,4,Europe/Bucharest,FALSE,1642670879
Sărăcsău,Saracsau,Sărăcsăul,45.9442,23.3088,Romania,RO,ROU,Alba,Alba,RO-AB,county,,45.8,157,157,4,Europe/Bucharest,FALSE,1642268087
Valea Satului,Valea Satului,,44.4481,23.9091,Romania,RO,ROU,Olt,Olt,RO-OT,county,,43.7,157,157,4,Europe/Bucharest,FALSE,1642147891
Tătărani,Tatarani,Tătăreni,46.8047,27.6758,Romania,RO,ROU,Vaslui,Vaslui,RO-VS,county,,33.1,157,157,4,Europe/Bucharest,FALSE,1642354661
Teceu Mic,Teceu Mic,Taceul Mic,48.0031,23.5808,Romania,RO,ROU,Maramureş,Maramures,RO-MM,county,,40.6,157,157,4,Europe/Bucharest,FALSE,1642713834
Breazova,Breazova,,45.5284,22.7936,Romania,RO,ROU,Hunedoara,Hunedoara,RO-HD,county,,14.5,157,157,4,Europe/Bucharest,FALSE,1642795329
Negrileşti,Negrilesti,,44.3340,25.2512,Romania,RO,ROU,Teleorman,Teleorman,RO-TR,county,,27.0,157,157,4,Europe/Bucharest,FALSE,1642022256
Ciaracio,Ciaracio,Csaracsò|Cioracio,46.4121,25.7497,Romania,RO,ROU,Harghita,Harghita,RO-HR,county,,60.7,157,157,4,Europe/Bucharest,FALSE,1642824794
Bărbărigeni,Barbarigeni,,44.8921,24.0684,Romania,RO,ROU,Vâlcea,Valcea,RO-VL,county,,56.7,157,157,4,Europe/Bucharest,FALSE,1642153533
Fâncel,Fancel,Tîncel|Szèkelyfancsal|Fîncel,46.3683,25.2996,Romania,RO,ROU,Harghita,Harghita,RO-HR,county,,38.7,156,156,4,Europe/Bucharest,FALSE,1642860887
Grădiştea,Gradistea,,44.4520,23.2648,Romania,RO,ROU,Dolj,Dolj,RO-DJ,county,,32.2,156,156,4,Europe/Bucharest,FALSE,1642858053
Podu Grosului,Podu Grosului,Podul-Grosului,44.4829,23.0658,Romania,RO,ROU,Mehedinţi,Mehedinti,RO-MH,county,,17.0,156,156,4,Europe/Bucharest,FALSE,1642074083
Faţa Cristeştii,Fata Cristestii,,46.4919,22.7635,Romania,RO,ROU,Alba,Alba,RO-AB,county,,16.2,156,156,4,Europe/Bucharest,FALSE,1642700664
Broşteanca,Brosteanca,,43.9411,25.0740,Romania,RO,ROU,Teleorman,Teleorman,RO-TR,county,,32.8,156,156,4,Europe/Bucharest,FALSE,1642776191
Enciu,Enciu,Enciul,47.0506,24.2502,Romania,RO,ROU,Bistriţa-Năsăud,Bistrita-Nasaud,RO-BN,county,,27.0,156,156,4,Europe/Bucharest,FALSE,1642383142
Recea,Recea,Recea Reczefalva|Recefalva,46.9008,25.7287,Romania,RO,ROU,Harghita,Harghita,RO-HR,county,,12.9,156,156,4,Europe/Bucharest,FALSE,1642873057
Colelia,Colelia,,44.6290,23.9908,Romania,RO,ROU,Vâlcea,Valcea,RO-VL,county,,52.6,156,156,4,Europe/Bucharest,FALSE,1642260166
Bocşa,Bocsa,,44.7557,24.0337,Romania,RO,ROU,Vâlcea,Valcea,RO-VL,county,,36.8,156,156,4,Europe/Bucharest,FALSE,1642617489
Lăceni,Laceni,,44.7166,24.8763,Romania,RO,ROU,Argeş,Arges,RO-AG,county,,107.8,156,156,4,Europe/Bucharest,FALSE,1642660449
Unceşti,Uncesti,,46.7988,27.6005,Romania,RO,ROU,Vaslui,Vaslui,RO-VS,county,,32.5,156,156,4,Europe/Bucharest,FALSE,1642227734
Zmeurătu,Zmeuratu,Zmeurăt|Zmeuratul,45.1462,24.1915,Romania,RO,ROU,Vâlcea,Valcea,RO-VL,county,,63.7,156,156,4,Europe/Bucharest,FALSE,1642176159
Rogoz,Rogoz,Gura Rogozului,46.4269,22.9640,Romania,RO,ROU,Alba,Alba,RO-AB,county,,44.0,156,156,4,Europe/Bucharest,FALSE,1642501705
Corni,Corni,,44.7314,25.6861,Romania,RO,ROU,Dâmboviţa,Dambovita,RO-DB,county,,25.1,156,156,4,Europe/Bucharest,FALSE,1642111128
Bungeţani,Bungetani,,44.5726,24.0080,Romania,RO,ROU,Vâlcea,Valcea,RO-VL,county,,49.3,156,156,4,Europe/Bucharest,FALSE,1642591857
Novacu,Novacu,Novaci|Novac,44.4982,23.3761,Romania,RO,ROU,Dolj,Dolj,RO-DJ,county,,47.2,156,156,4,Europe/Bucharest,FALSE,1642978610
Troaş,Troas,Trójás|Troiaş|Torjás,46.0949,22.2979,Romania,RO,ROU,Arad,Arad,RO-AR,county,,13.0,156,156,4,Europe/Bucharest,FALSE,1642833308
Afânata,Afanata,Afînata,44.7047,23.9764,Romania,RO,ROU,Vâlcea,Valcea,RO-VL,county,,46.0,156,156,4,Europe/Bucharest,FALSE,1642044796
Dincani,Dincani,,44.8230,24.6141,Romania,RO,ROU,Argeş,Arges,RO-AG,county,,31.4,156,156,4,Europe/Bucharest,FALSE,1642345046
Ariciu,Ariciu,Ariciul,45.3688,27.5218,Romania,RO,ROU,Brăila,Braila,RO-BR,county,,20.9,156,156,4,Europe/Bucharest,FALSE,1642665657
Roşcari,Roscari,Roscarii,45.5723,26.9137,Romania,RO,ROU,Vrancea,Vrancea,RO-VN,county,,46.7,156,156,4,Europe/Bucharest,FALSE,1642894848
Dileu Nou,Dileu Nou,Dileu Unguresc,46.4633,24.3327,Romania,RO,ROU,Mureş,Mures,RO-MS,county,,72.4,155,155,4,Europe/Bucharest,FALSE,1642200132
Slobozia,Slobozia,Colentina-Nouă,44.7240,25.7076,Romania,RO,ROU,Dâmboviţa,Dambovita,RO-DB,county,,25.1,155,155,4,Europe/Bucharest,FALSE,1642539673
Chirca,Chirca,,44.6841,25.3850,Romania,RO,ROU,Dâmboviţa,Dambovita,RO-DB,county,,141.1,155,155,4,Europe/Bucharest,FALSE,1642678459
Leasa,Leasa,Leásza|Sövényes|Laass,46.2753,22.5460,Romania,RO,ROU,Arad,Arad,RO-AR,county,,27.6,155,155,4,Europe/Bucharest,FALSE,1642071124
Tănăsoaia,Tanasoaia,,45.6128,26.7262,Romania,RO,ROU,Vrancea,Vrancea,RO-VN,county,,28.5,155,155,4,Europe/Bucharest,TRUE,1642094138
Focşa,Focsa,,46.5652,28.1936,Romania,RO,ROU,Vaslui,Vaslui,RO-VS,county,,36.5,155,155,4,Europe/Bucharest,FALSE,1642947078
Scăricica,Scaricica,,46.9455,26.2589,Romania,RO,ROU,Neamţ,Neamt,RO-NT,county,,33.4,155,155,4,Europe/Bucharest,FALSE,1642846010
Floreşti,Floresti,Floreştii,46.2585,27.2248,Romania,RO,ROU,Bacău,Bacau,RO-BC,county,,41.2,155,155,4,Europe/Bucharest,TRUE,1642168410
Dumbrăviţa,Dumbravita,,46.7940,22.1523,Romania,RO,ROU,Bihor,Bihor,RO-BH,county,,48.1,155,155,4,Europe/Bucharest,FALSE,1642663655
Sântejude,Santejude,Sîntejude|Sâmejude,46.9268,23.9905,Romania,RO,ROU,Cluj,Cluj,RO-CJ,county,,19.4,155,155,4,Europe/Bucharest,FALSE,1642270255
Curteni,Curteni,,46.6000,27.9344,Romania,RO,ROU,Vaslui,Vaslui,RO-VS,county,,27.2,155,155,4,Europe/Bucharest,FALSE,1642518709
Sătucu,Satucu,Sătucul,44.9548,26.2958,Romania,RO,ROU,Prahova,Prahova,RO-PH,county,,98.4,155,155,4,Europe/Bucharest,FALSE,1642893302
Picăturile,Picaturile,,44.4889,23.8855,Romania,RO,ROU,Dolj,Dolj,RO-DJ,county,,21.5,155,155,4,Europe/Bucharest,FALSE,1642969261
Dealu Sării,Dealu Sarii,Dealul Sării|Dealul Sărei,45.5724,26.7583,Romania,RO,ROU,Vrancea,Vrancea,RO-VN,county,,30.8,155,155,4,Europe/Bucharest,FALSE,1642253891
Popeşti,Popesti,,45.1540,24.1731,Romania,RO,ROU,Vâlcea,Valcea,RO-VL,county,,63.7,155,155,4,Europe/Bucharest,FALSE,1642983778
Buceava-Şoimuş,Buceava-Soimus,Şoimuş Buciava|Buciava-Şoimuş|Buceava|Solymos|Bucsáva|Solymosbucsa,46.2031,22.3421,Romania,RO,ROU,Arad,Arad,RO-AR,county,,9.1,154,154,4,Europe/Bucharest,FALSE,1642572163
Mermeşti,Mermesti,Mermesd|Mermecs,46.3105,22.5635,Romania,RO,ROU,Arad,Arad,RO-AR,county,,19.0,154,154,4,Europe/Bucharest,FALSE,1642584171
Motoc,Motoc,,46.3638,27.0992,Romania,RO,ROU,Bacău,Bacau,RO-BC,county,,49.1,154,154,4,Europe/Bucharest,FALSE,1642292802
Tisa,Tisa,Tiszafalva,46.2586,22.5486,Romania,RO,ROU,Arad,Arad,RO-AR,county,,27.6,154,154,4,Europe/Bucharest,FALSE,1642072001
Curteana,Curteana,,44.9552,23.4469,Romania,RO,ROU,Gorj,Gorj,RO-GJ,county,,55.1,154,154,4,Europe/Bucharest,FALSE,1642724657
Cozia,Cozia,,45.8678,22.8414,Romania,RO,ROU,Hunedoara,Hunedoara,RO-HD,county,,13.1,154,154,4,Europe/Bucharest,FALSE,1642153574
Căpâlna de Sus,Capalna de Sus,Căpîlna de Sus|Căpâlna|Căpâlna-de-Sus,46.3785,24.4350,Romania,RO,ROU,Mureş,Mures,RO-MS,county,,53.0,154,154,4,Europe/Bucharest,FALSE,1642461528
Morăşti,Morasti,,45.2249,24.5015,Romania,RO,ROU,Argeş,Arges,RO-AG,county,,59.4,154,154,4,Europe/Bucharest,FALSE,1642877446
Buzad,Buzad,,45.9414,21.5480,Romania,RO,ROU,Timiş,Timis,RO-TM,county,,35.7,154,154,4,Europe/Bucharest,FALSE,1642292102
Croica,Croica,,44.6679,23.1240,Romania,RO,ROU,Mehedinţi,Mehedinti,RO-MH,county,,63.0,154,154,4,Europe/Bucharest,FALSE,1642689805
Bucium-Sat,Bucium-Sat,,46.2608,23.1198,Romania,RO,ROU,Alba,Alba,RO-AB,county,,29.9,154,154,4,Europe/Bucharest,FALSE,1642729020
Berindan,Berindan,,47.7852,23.0122,Romania,RO,ROU,Satu Mare,Satu Mare,RO-SM,county,,98.7,154,154,4,Europe/Bucharest,FALSE,1642266587
Coroiu,Coroiu,,46.1051,27.5443,Romania,RO,ROU,Vaslui,Vaslui,RO-VS,county,,55.1,154,154,4,Europe/Bucharest,FALSE,1642994361
Fântânele Negre,Fantanele Negre,Fîntînele Negre,44.4881,22.9170,Romania,RO,ROU,Mehedinţi,Mehedinti,RO-MH,county,,16.8,153,153,4,Europe/Bucharest,FALSE,1642464704
Sălătrucu,Salatrucu,Salatrucul,44.5745,23.0968,Romania,RO,ROU,Mehedinţi,Mehedinti,RO-MH,county,,29.6,153,153,4,Europe/Bucharest,FALSE,1642000430
Cocârceni,Cocarceni,Cocîrceni,45.3580,26.4742,Romania,RO,ROU,Buzău,Buzau,RO-BZ,county,,29.1,153,153,4,Europe/Bucharest,FALSE,1642645958
Lungani,Lungani,,44.7607,24.6447,Romania,RO,ROU,Argeş,Arges,RO-AG,county,,55.6,153,153,4,Europe/Bucharest,FALSE,1642885342
Scrind-Frăsinet,Scrind-Frasinet,,46.7458,22.9029,Romania,RO,ROU,Cluj,Cluj,RO-CJ,county,,6.9,153,153,4,Europe/Bucharest,FALSE,1642239840
Crovna,Crovna,,44.3656,23.6518,Romania,RO,ROU,Dolj,Dolj,RO-DJ,county,,78.9,153,153,4,Europe/Bucharest,FALSE,1642470095
Dumbrava de Jos,Dumbrava de Jos,Juncu de Jos,46.2255,22.8243,Romania,RO,ROU,Hunedoara,Hunedoara,RO-HD,county,,16.0,153,153,4,Europe/Bucharest,FALSE,1642894124
Silişteni,Silisteni,,44.7203,24.7792,Romania,RO,ROU,Argeş,Arges,RO-AG,county,,26.7,153,153,4,Europe/Bucharest,FALSE,1642966795
Valea Stupinei,Valea Stupinei,,45.2682,26.1488,Romania,RO,ROU,Prahova,Prahova,RO-PH,county,,67.3,153,153,4,Europe/Bucharest,FALSE,1642278453
Drăgăneşti,Draganesti,,45.1552,24.4898,Romania,RO,ROU,Vâlcea,Valcea,RO-VL,county,,40.2,153,153,4,Europe/Bucharest,FALSE,1642950427
Cuza Vodă,Cuza Voda,,44.7055,24.5768,Romania,RO,ROU,Olt,Olt,RO-OT,county,,24.2,153,153,4,Europe/Bucharest,FALSE,1642391108
Joia Mare,Joia Mare,Kőkaró|Kakaró|Căcărău,46.3002,22.1796,Romania,RO,ROU,Arad,Arad,RO-AR,county,,17.4,153,153,4,Europe/Bucharest,FALSE,1642648314
Jupâneşti,Jupanesti,Jupîneşti,45.7874,22.2697,Romania,RO,ROU,Timiş,Timis,RO-TM,county,,45.1,153,153,4,Europe/Bucharest,FALSE,1642568549
Paltenu,Paltenu,Paltenul,45.2512,24.5087,Romania,RO,ROU,Argeş,Arges,RO-AG,county,,57.1,152,152,4,Europe/Bucharest,FALSE,1642239448
Horezu,Horezu,Horez,45.1525,23.2939,Romania,RO,ROU,Gorj,Gorj,RO-GJ,county,,37.1,152,152,4,Europe/Bucharest,FALSE,1642753831
Stanomiru,Stanomiru,,44.7441,23.8620,Romania,RO,ROU,Vâlcea,Valcea,RO-VL,county,,42.8,152,152,4,Europe/Bucharest,FALSE,1642939735
Pătlăgeanca,Patlageanca,Principesa Ileana,45.2292,28.7460,Romania,RO,ROU,Tulcea,Tulcea,RO-TL,county,,78.5,152,152,4,Europe/Bucharest,FALSE,1642744549
Tismana,Tismana,,44.5235,22.6639,Romania,RO,ROU,Mehedinţi,Mehedinti,RO-MH,county,,38.3,152,152,4,Europe/Belgrade,FALSE,1642565142
Fiad,Fiad,Fiud,47.4903,24.3850,Romania,RO,ROU,Bistriţa-Năsăud,Bistrita-Nasaud,RO-BN,county,,18.8,152,152,4,Europe/Bucharest,FALSE,1642613237
Vlăiculeşti,Vlaiculesti,,44.5858,26.6668,Romania,RO,ROU,Călăraşi,Calarasi,RO-CL,county,,1315.2,152,152,3,Europe/Bucharest,FALSE,1642069333
Poiana Galdei,Poiana Galdei,,46.2418,23.5317,Romania,RO,ROU,Alba,Alba,RO-AB,county,,40.4,152,152,4,Europe/Bucharest,FALSE,1642989044
Buhani,Buhani,Bajnokfalva|Bohány|Bohani,46.4068,22.2059,Romania,RO,ROU,Arad,Arad,RO-AR,county,,13.5,152,152,4,Europe/Bucharest,FALSE,1642220355
Bordea,Bordea,,47.0336,26.4918,Romania,RO,ROU,Neamţ,Neamt,RO-NT,county,,51.9,152,152,4,Europe/Bucharest,FALSE,1642493817
Ciobănoaia,Ciobanoaia,,45.1589,26.6960,Romania,RO,ROU,Buzău,Buzau,RO-BZ,county,,74.1,152,152,4,Europe/Bucharest,FALSE,1642737009
Frânceşti-Coasta,Francesti-Coasta,Frînceşti-Coasta,45.2105,24.2999,Romania,RO,ROU,Vâlcea,Valcea,RO-VL,county,,52.4,152,152,4,Europe/Bucharest,FALSE,1642573475
Buceş,Buces,,46.1833,22.9333,Romania,RO,ROU,Hunedoara,Hunedoara,RO-HD,county,,13.9,152,152,4,Europe/Bucharest,FALSE,1642938100
Homojdia,Homojdia,Homosdia,45.8561,22.3579,Romania,RO,ROU,Timiş,Timis,RO-TM,county,,28.6,151,151,4,Europe/Bucharest,FALSE,1642268117
Zimbru,Zimbru,,44.3182,26.9359,Romania,RO,ROU,Călăraşi,Calarasi,RO-CL,county,,1296.6,151,151,3,Europe/Bucharest,FALSE,1642288172
Tioltiur,Tioltiur,,47.0134,23.7203,Romania,RO,ROU,Cluj,Cluj,RO-CJ,county,,17.7,151,151,4,Europe/Bucharest,FALSE,1642264789
Ciumaşi,Ciumasi,Ciuniasi,46.6778,26.8388,Romania,RO,ROU,Bacău,Bacau,RO-BC,county,,48.9,151,151,4,Europe/Bucharest,FALSE,1642310997
Botei,Botei,,46.6394,24.1320,Romania,RO,ROU,Mureş,Mures,RO-MS,county,,63.5,151,151,4,Europe/Bucharest,FALSE,1642302613
Scrădoasa,Scradoasa,Schedoasa,45.7197,26.0077,Romania,RO,ROU,Covasna,Covasna,RO-CV,county,,116.2,151,151,4,Europe/Bucharest,FALSE,1642439616
Buseşti,Busesti,Cărnosti,44.9493,22.7132,Romania,RO,ROU,Mehedinţi,Mehedinti,RO-MH,county,,14.2,151,151,4,Europe/Bucharest,FALSE,1642474420
Poeniţa,Poenita,,45.5850,26.9139,Romania,RO,ROU,Vrancea,Vrancea,RO-VN,county,,46.7,151,151,4,Europe/Bucharest,FALSE,1642575097
Dealu Mare,Dealu Mare,,46.0417,22.7959,Romania,RO,ROU,Hunedoara,Hunedoara,RO-HD,county,,30.6,151,151,4,Europe/Bucharest,FALSE,1642268138
Pietroasa Mică,Pietroasa Mica,Ochiul Boului|Ochiu Boului,45.1100,26.5775,Romania,RO,ROU,Buzău,Buzau,RO-BZ,county,,54.4,151,151,4,Europe/Bucharest,FALSE,1642172000
Buda,Buda,,46.4922,27.7152,Romania,RO,ROU,Vaslui,Vaslui,RO-VS,county,,38.8,151,151,4,Europe/Bucharest,TRUE,1642255781
Fundoaia,Fundoaia,Fundoia|Fundaja,46.8276,24.9047,Romania,RO,ROU,Mureş,Mures,RO-MS,county,,45.9,151,151,4,Europe/Bucharest,FALSE,1642115510
Iedu,Iedu,Iedul|Edu,47.6206,25.1079,Romania,RO,ROU,Suceava,Suceava,RO-SV,county,,4.6,150,150,4,Europe/Bucharest,FALSE,1642443640
Lăsău,Lasau,,45.9212,22.4922,Romania,RO,ROU,Hunedoara,Hunedoara,RO-HD,county,,14.1,150,150,4,Europe/Bucharest,FALSE,1642878246
Albeştii Bistriţei,Albestii Bistritei,,46.9930,24.4511,Romania,RO,ROU,Bistriţa-Năsăud,Bistrita-Nasaud,RO-BN,county,,28.4,150,150,4,Europe/Bucharest,FALSE,1642266554
Stâna de Mureş,Stana de Mures,Stîna de Mureş|Ciuci|Ciuciu|Ciuciul,46.4250,23.9958,Romania,RO,ROU,Alba,Alba,RO-AB,county,,31.2,150,150,4,Europe/Bucharest,FALSE,1642501595
Pârâu Negrii,Parau Negrii,Pîrîu Negrii,47.6088,25.3642,Romania,RO,ROU,Suceava,Suceava,RO-SV,county,,22.8,150,150,4,Europe/Bucharest,FALSE,1642554026
Bivolari,Bivolari,,47.8145,27.0583,Romania,RO,ROU,Botoşani,Botosani,RO-BT,county,,42.4,150,150,4,Europe/Bucharest,FALSE,1642704894
Pieleşti,Pielesti,,45.0500,24.5833,Romania,RO,ROU,Argeş,Arges,RO-AG,county,,29.8,150,150,4,Europe/Bucharest,FALSE,1642488620
Mâgla,Magla,Mîgla|Màgla,46.6974,26.9595,Romania,RO,ROU,Bacău,Bacau,RO-BC,county,,61.0,150,150,4,Europe/Bucharest,FALSE,1642320307
Chioibăşeşti,Chioibasesti,,44.7865,27.2660,Romania,RO,ROU,Brăila,Braila,RO-BR,county,,33.2,150,150,4,Europe/Bucharest,FALSE,1642641042
Scorţoasa,Scortoasa,Scorţeanca,44.9413,26.5811,Romania,RO,ROU,Buzău,Buzau,RO-BZ,county,,35.9,150,150,4,Europe/Bucharest,FALSE,1642684762
Stejeriş,Stejeris,Stejăriş|Cîrcedea,46.4663,23.7376,Romania,RO,ROU,Cluj,Cluj,RO-CJ,county,,23.6,150,150,4,Europe/Bucharest,FALSE,1642430845
Hodiş,Hodis,,46.8016,22.1053,Romania,RO,ROU,Bihor,Bihor,RO-BH,county,,48.2,150,150,4,Europe/Bucharest,FALSE,1642497809
Burjuc,Burjuc,,45.9500,22.4833,Romania,RO,ROU,Hunedoara,Hunedoara,RO-HD,county,,11.8,150,150,4,Europe/Bucharest,FALSE,1642010247
Aninoasa,Aninoasa,,44.7939,24.1543,Romania,RO,ROU,Vâlcea,Valcea,RO-VL,county,,49.8,150,150,4,Europe/Bucharest,FALSE,1642891518
Portăreşti,Portaresti,,44.5424,24.0452,Romania,RO,ROU,Vâlcea,Valcea,RO-VL,county,,51.4,150,150,4,Europe/Bucharest,FALSE,1642892539
Lazuri,Lazuri,,46.3635,23.0236,Romania,RO,ROU,Alba,Alba,RO-AB,county,,37.1,150,150,4,Europe/Bucharest,FALSE,1642296250
Bighilin,Bighilin,,44.9965,26.1153,Romania,RO,ROU,Prahova,Prahova,RO-PH,county,,200.7,150,150,3,Europe/Bucharest,FALSE,1642492957
Tănăseşti,Tanasesti,,45.1828,23.9692,Romania,RO,ROU,Vâlcea,Valcea,RO-VL,county,,48.3,150,150,4,Europe/Bucharest,FALSE,1642872884
Valea Poştei,Valea Postei,,44.3258,25.2754,Romania,RO,ROU,Teleorman,Teleorman,RO-TR,county,,27.0,149,149,4,Europe/Bucharest,FALSE,1642791237
Ierşnic,Iersnic,,45.8836,22.0030,Romania,RO,ROU,Timiş,Timis,RO-TM,county,,10.4,149,149,4,Europe/Bucharest,FALSE,1642038742
Făgetu de Sus,Fagetu de Sus,Beleştii de Sus,46.3968,22.8380,Romania,RO,ROU,Alba,Alba,RO-AB,county,,34.5,149,149,4,Europe/Bucharest,FALSE,1642090409
Topliţa,Toplita,,45.6833,22.7833,Romania,RO,ROU,Hunedoara,Hunedoara,RO-HD,county,,11.4,149,149,4,Europe/Bucharest,TRUE,1642698127
Fânaţe,Fanate,Fînaţe,46.7935,24.3982,Romania,RO,ROU,Bistriţa-Năsăud,Bistrita-Nasaud,RO-BN,county,,31.0,149,149,4,Europe/Bucharest,FALSE,1642178836
Diviciorii Mari,Diviciorii Mari,,46.9891,24.0761,Romania,RO,ROU,Cluj,Cluj,RO-CJ,county,,19.0,149,149,4,Europe/Bucharest,FALSE,1642558006
Bărtăluşi-Mocani,Bartalusi-Mocani,Bartulusu Mocani|Bărtăluş-Mocani|Bărtăluşii-Mocani,46.3951,27.4582,Romania,RO,ROU,Bacău,Bacau,RO-BC,county,,34.0,149,149,4,Europe/Bucharest,FALSE,1642119558
Slatina de Mureş,Slatina de Mures,Marosszalatna|Szlatina|Marosszlatina,46.1561,22.1844,Romania,RO,ROU,Arad,Arad,RO-AR,county,,9.9,149,149,4,Europe/Bucharest,FALSE,1642673718
Puricani,Puricani,,46.1206,27.9392,Romania,RO,ROU,Galaţi,Galati,RO-GL,county,,30.5,149,149,4,Europe/Bucharest,FALSE,1642496087
Codru,Codru,,47.7262,26.0168,Romania,RO,ROU,Suceava,Suceava,RO-SV,county,,254.8,149,149,3,Europe/Bucharest,FALSE,1642130963
Valea Boţului,Valea Botului,,46.5201,27.1756,Romania,RO,ROU,Bacău,Bacau,RO-BC,county,,27.4,149,149,4,Europe/Bucharest,FALSE,1642777575
Valea Banului,Valea Banului,,47.3985,25.1915,Romania,RO,ROU,Suceava,Suceava,RO-SV,county,,9.4,149,149,4,Europe/Bucharest,FALSE,1642881449
Bălăneşti,Balanesti,,46.2004,27.3587,Romania,RO,ROU,Bacău,Bacau,RO-BC,county,,45.9,149,149,4,Europe/Bucharest,FALSE,1642082652
Mărtăceşti,Martacesti,,45.2803,27.8354,Romania,RO,ROU,Brăila,Braila,RO-BR,county,,12.3,149,149,4,Europe/Bucharest,FALSE,1642439404
Mieşti,Miesti,,44.6602,24.4152,Romania,RO,ROU,Olt,Olt,RO-OT,county,,29.2,149,149,4,Europe/Bucharest,FALSE,1642995276
Bunoaica,Bunoaica,Bunajka,44.7991,22.5439,Romania,RO,ROU,Mehedinţi,Mehedinti,RO-MH,county,,10.3,149,149,4,Europe/Bucharest,FALSE,1642270811
Bârlibaş,Barlibas,Bărlibaş|Bîrlibaşi,46.6890,24.2455,Romania,RO,ROU,Mureş,Mures,RO-MS,county,,45.8,149,149,4,Europe/Bucharest,FALSE,1642673139
Lărgăşeni,Largaseni,Lărgăşenii,46.1869,27.2959,Romania,RO,ROU,Vrancea,Vrancea,RO-VN,county,,33.3,149,149,4,Europe/Bucharest,FALSE,1642262322
Poiana Vadului,Poiana Vadului,Neagra,46.4000,22.8833,Romania,RO,ROU,Alba,Alba,RO-AB,county,,34.5,148,148,4,Europe/Bucharest,FALSE,1642822694
Zăpodia,Zapodia,,46.5406,24.1175,Romania,RO,ROU,Mureş,Mures,RO-MS,county,,44.5,148,148,4,Europe/Bucharest,FALSE,1642468676
Bălileşti,Balilesti,Bălileştii,45.1418,24.5353,Romania,RO,ROU,Argeş,Arges,RO-AG,county,,62.2,148,148,4,Europe/Bucharest,TRUE,1642284608
Albeni,Albeni,,44.3975,25.2601,Romania,RO,ROU,Teleorman,Teleorman,RO-TR,county,,31.0,148,148,4,Europe/Bucharest,FALSE,1642740604
Roşiori,Rosiori,,46.7955,27.9767,Romania,RO,ROU,Vaslui,Vaslui,RO-VS,county,,34.6,148,148,4,Europe/Bucharest,FALSE,1642360670
Corodeşti,Corodesti,,46.5293,27.5128,Romania,RO,ROU,Vaslui,Vaslui,RO-VS,county,,33.9,148,148,4,Europe/Bucharest,FALSE,1642839729
Bujoreni,Bujoreni,,44.6021,24.9145,Romania,RO,ROU,Argeş,Arges,RO-AG,county,,40.6,148,148,4,Europe/Bucharest,FALSE,1642319954
Panaitoaia,Panaitoaia,,48.0403,26.9786,Romania,RO,ROU,Botoşani,Botosani,RO-BT,county,,43.5,148,148,4,Europe/Bucharest,FALSE,1642874820
Batia,Batia,,44.7471,24.3081,Romania,RO,ROU,Olt,Olt,RO-OT,county,,46.6,148,148,4,Europe/Bucharest,FALSE,1642150938
Bărăneşti,Baranesti,Băranestii|Boroneşti,44.8520,24.5787,Romania,RO,ROU,Argeş,Arges,RO-AG,county,,25.8,148,148,4,Europe/Bucharest,FALSE,1642875574
După Piatră,Dupa Piatra,Valea Satului,46.1871,23.0071,Romania,RO,ROU,Hunedoara,Hunedoara,RO-HD,county,,13.9,148,148,4,Europe/Bucharest,FALSE,1642052898
Pupezeni,Pupezeni,,46.0794,27.6848,Romania,RO,ROU,Galaţi,Galati,RO-GL,county,,32.2,148,148,4,Europe/Bucharest,FALSE,1642714226
Malu Roşu,Malu Rosu,Malul Roşu,44.2461,24.4451,Romania,RO,ROU,Olt,Olt,RO-OT,county,,68.0,148,148,4,Europe/Bucharest,FALSE,1642906096
Mânăşturu Românesc,Manasturu Romanesc,Mînăşturu Romînesc,46.7752,23.0839,Romania,RO,ROU,Cluj,Cluj,RO-CJ,county,,21.1,148,148,4,Europe/Bucharest,FALSE,1642423749
Gura Văii,Gura Vaii,Guravoj|Guravăi|Vojkaháza,46.2927,22.3948,Romania,RO,ROU,Arad,Arad,RO-AR,county,,15.6,148,148,4,Europe/Bucharest,FALSE,1642982729
Fizeş,Fizes,Fizeşul,45.9965,22.8826,Romania,RO,ROU,Hunedoara,Hunedoara,RO-HD,county,,28.9,148,148,4,Europe/Bucharest,FALSE,1642932943
Berceşti,Bercesti,,45.3491,26.4731,Romania,RO,ROU,Buzău,Buzau,RO-BZ,county,,35.4,147,147,4,Europe/Bucharest,FALSE,1642623970
Mirău,Mirau,Miraul,44.1402,25.8641,Romania,RO,ROU,Giurgiu,Giurgiu,RO-GR,county,,45.7,147,147,4,Europe/Bucharest,FALSE,1642542728
Băneasa,Baneasa,,46.8533,27.0997,Romania,RO,ROU,Neamţ,Neamt,RO-NT,county,,50.3,147,147,4,Europe/Bucharest,FALSE,1642563582
Ghireasca,Ghireasca,,46.1978,27.8973,Romania,RO,ROU,Vaslui,Vaslui,RO-VS,county,,40.7,147,147,4,Europe/Bucharest,FALSE,1642522555
Muncel,Muncel,,47.2241,23.3945,Romania,RO,ROU,Sălaj,Salaj,RO-SJ,county,,25.1,147,147,4,Europe/Bucharest,FALSE,1642795868
Secăşel,Secasel,Beşineu|Beşinău,46.0950,23.8097,Romania,RO,ROU,Alba,Alba,RO-AB,county,,16.9,147,147,4,Europe/Bucharest,FALSE,1642369894
Chinuşu,Chinusu,Kènos|Chinuşul|Chinuşiu,46.2576,25.3609,Romania,RO,ROU,Harghita,Harghita,RO-HR,county,,19.1,147,147,4,Europe/Bucharest,FALSE,1642493418
Săveşti,Savesti,,44.6889,25.6203,Romania,RO,ROU,Dâmboviţa,Dambovita,RO-DB,county,,112.1,147,147,4,Europe/Bucharest,FALSE,1642998987
Poienari,Poienari,Poenari|Pojenár|Halmágymező,46.2395,22.6001,Romania,RO,ROU,Arad,Arad,RO-AR,county,,27.6,147,147,4,Europe/Bucharest,FALSE,1642062482
Brativoeşti,Brativoesti,,44.9245,22.8480,Romania,RO,ROU,Mehedinţi,Mehedinti,RO-MH,county,,28.8,147,147,4,Europe/Bucharest,FALSE,1642140319
Stoileşti,Stoilesti,Popeşti,44.9000,24.3833,Romania,RO,ROU,Vâlcea,Valcea,RO-VL,county,,53.7,147,147,4,Europe/Bucharest,FALSE,1642120471
Mânăstirea,Manastirea,Schitu-Mînăstirei|Schitu Mânăstirei|Mînăstirea,46.6887,27.5432,Romania,RO,ROU,Vaslui,Vaslui,RO-VS,county,,52.2,147,147,4,Europe/Bucharest,FALSE,1642701368
Negreşti,Negresti,Călugăriţa|Călugăriţa Negreşti,47.0066,27.0701,Romania,RO,ROU,Neamţ,Neamt,RO-NT,county,,62.4,147,147,4,Europe/Bucharest,FALSE,1642679616
Vultureanca,Vultureanca,,44.6030,25.2425,Romania,RO,ROU,Dâmboviţa,Dambovita,RO-DB,county,,60.8,147,147,4,Europe/Bucharest,FALSE,1642795564
Săgagea,Sagagea,Segaja,46.4867,23.3145,Romania,RO,ROU,Alba,Alba,RO-AB,county,,6.9,147,147,4,Europe/Bucharest,FALSE,1642726166
Simuleşti,Simulesti,,46.3541,23.3211,Romania,RO,ROU,Alba,Alba,RO-AB,county,,39.3,147,147,4,Europe/Bucharest,FALSE,1642241221
Medieş Vii,Medies Vii,Viile Cetatea Mediaş,47.8226,23.2399,Romania,RO,ROU,Satu Mare,Satu Mare,RO-SM,county,,60.4,147,147,4,Europe/Bucharest,FALSE,1642859400
Balabani,Balabani,,45.1644,25.1360,Romania,RO,ROU,Argeş,Arges,RO-AG,county,,96.6,146,146,4,Europe/Bucharest,FALSE,1642776569
Nicolaeşti,Nicolaesti,,45.0793,25.3815,Romania,RO,ROU,Dâmboviţa,Dambovita,RO-DB,county,,107.4,146,146,4,Europe/Bucharest,FALSE,1642321574
Răzoarele,Razoarele,,44.5234,26.6770,Romania,RO,ROU,Călăraşi,Calarasi,RO-CL,county,,1315.2,146,146,3,Europe/Bucharest,FALSE,1642795721
Capu Piscului,Capu Piscului,Capul-Piscului,45.0007,24.7337,Romania,RO,ROU,Argeş,Arges,RO-AG,county,,42.1,146,146,4,Europe/Bucharest,TRUE,1642304999
Chirnogi,Chirnogi,,44.2725,26.9177,Romania,RO,ROU,Călăraşi,Calarasi,RO-CL,county,,1261.3,146,146,3,Europe/Bucharest,TRUE,1642690756
Sânmărtin,Sanmartin,Sînmărtin,46.8995,23.5684,Romania,RO,ROU,Cluj,Cluj,RO-CJ,county,,30.9,146,146,4,Europe/Bucharest,FALSE,1642559999
Chiojdeni,Chiojdeni,,45.5500,26.8667,Romania,RO,ROU,Vrancea,Vrancea,RO-VN,county,,29.0,146,146,4,Europe/Bucharest,FALSE,1642668630
Holm,Holm,Holmu,46.8794,27.1697,Romania,RO,ROU,Neamţ,Neamt,RO-NT,county,,31.1,146,146,4,Europe/Bucharest,FALSE,1642100328
Drăxeni,Draxeni,Drăcşeni,46.5822,27.4750,Romania,RO,ROU,Vaslui,Vaslui,RO-VS,county,,33.9,146,146,4,Europe/Bucharest,TRUE,1642698320
Gura Sărăţii,Gura Saratii,Gura Sărăţi|Gura-Sărăţei,45.1199,26.6437,Romania,RO,ROU,Buzău,Buzau,RO-BZ,county,,62.9,146,146,4,Europe/Bucharest,FALSE,1642641022
Suseni,Suseni,Săseni,45.4906,22.8652,Romania,RO,ROU,Hunedoara,Hunedoara,RO-HD,county,,7.2,146,146,4,Europe/Bucharest,TRUE,1642441389
Stupini,Stupini,Strîmba|Strâmba,47.0735,23.3821,Romania,RO,ROU,Sălaj,Salaj,RO-SJ,county,,23.5,146,146,4,Europe/Bucharest,FALSE,1642508257
Putina,Putina,,45.1474,24.9385,Romania,RO,ROU,Argeş,Arges,RO-AG,county,,75.6,146,146,4,Europe/Bucharest,FALSE,1642797579
Valea Orlei,Valea Orlei,Valea Orliţei,44.9781,26.1293,Romania,RO,ROU,Prahova,Prahova,RO-PH,county,,200.7,145,145,3,Europe/Bucharest,FALSE,1642838091
Firminiş,Firminis,,47.2459,23.1365,Romania,RO,ROU,Sălaj,Salaj,RO-SJ,county,,37.0,145,145,4,Europe/Bucharest,FALSE,1642381355
Jacota,Jacota,Jacola,47.5098,26.3898,Romania,RO,ROU,Suceava,Suceava,RO-SV,county,,62.6,145,145,4,Europe/Bucharest,FALSE,1642067518
Chegea,Chegea,,47.4593,22.6798,Romania,RO,ROU,Satu Mare,Satu Mare,RO-SM,county,,13.4,145,145,4,Europe/Bucharest,FALSE,1642032067
Tirimioara,Tirimioara,Kistereme,46.4546,24.5479,Romania,RO,ROU,Mureş,Mures,RO-MS,county,,88.2,145,145,4,Europe/Bucharest,FALSE,1642315743
Costeşti,Costesti,,46.4059,22.8569,Romania,RO,ROU,Alba,Alba,RO-AB,county,,34.5,145,145,4,Europe/Bucharest,FALSE,1642636680
Mioarele,Mioarele,,45.2462,24.6345,Romania,RO,ROU,Argeş,Arges,RO-AG,county,,82.0,145,145,4,Europe/Bucharest,FALSE,1642429471
Ciceu-Corabia,Ciceu-Corabia,,47.2443,23.9388,Romania,RO,ROU,Bistriţa-Năsăud,Bistrita-Nasaud,RO-BN,county,,33.5,145,145,4,Europe/Bucharest,FALSE,1642238609
Zorlencior,Zorlencior,Zorlincior,45.4759,22.0099,Romania,RO,ROU,Caraş-Severin,Caras-Severin,RO-CS,county,,13.9,145,145,4,Europe/Bucharest,FALSE,1642920374
Valea Caldă,Valea Calda,,46.8499,24.1394,Romania,RO,ROU,Cluj,Cluj,RO-CJ,county,,37.5,145,145,4,Europe/Bucharest,FALSE,1642188431
Petreanu,Petreanu,,45.6960,26.9363,Romania,RO,ROU,Vrancea,Vrancea,RO-VN,county,,37.6,145,145,4,Europe/Bucharest,FALSE,1642196454
Maşca,Masca,Masca Ierii,46.5537,23.4576,Romania,RO,ROU,Cluj,Cluj,RO-CJ,county,,26.6,145,145,4,Europe/Bucharest,FALSE,1642514884
Linia Dealului,Linia Dealului,,44.7894,24.0524,Romania,RO,ROU,Vâlcea,Valcea,RO-VL,county,,36.4,145,145,4,Europe/Bucharest,FALSE,1642890802
Chilieni,Chilieni,Chilieni de Jos|Chilienii de Jos,46.3073,27.4784,Romania,RO,ROU,Vaslui,Vaslui,RO-VS,county,,23.6,145,145,4,Europe/Bucharest,FALSE,1642104268
Livada Mică,Livada Mica,Putreda Mică,45.3903,26.9217,Romania,RO,ROU,Buzău,Buzau,RO-BZ,county,,71.4,145,145,4,Europe/Bucharest,FALSE,1642308720
Smei,Smei,,44.7297,24.8412,Romania,RO,ROU,Argeş,Arges,RO-AG,county,,107.8,145,145,4,Europe/Bucharest,FALSE,1642630298
Cârlomăneşti,Carlomanesti,Cîrlomăneşti,45.2255,26.6804,Romania,RO,ROU,Buzău,Buzau,RO-BZ,county,,87.3,144,144,4,Europe/Bucharest,FALSE,1642786031
Satic,Satic,,45.4429,25.1734,Romania,RO,ROU,Argeş,Arges,RO-AG,county,,19.1,144,144,4,Europe/Bucharest,FALSE,1642582584
Coşarii,Cosarii,Kisgye|Kizdia|Kiszdia|Kisdia|Chizdia,45.9277,21.7353,Romania,RO,ROU,Timiş,Timis,RO-TM,county,,6.6,144,144,4,Europe/Bucharest,FALSE,1642627761
Adunaţi,Adunati,,44.4520,25.0293,Romania,RO,ROU,Argeş,Arges,RO-AG,county,,24.8,144,144,4,Europe/Bucharest,FALSE,1642918333
Ghida,Ghida,,47.3111,22.4518,Romania,RO,ROU,Bihor,Bihor,RO-BH,county,,40.0,144,144,4,Europe/Bucharest,FALSE,1642881222
Cătunu,Catunu,Cîrciuma lui Vişan|Cârciuma lui Vişan,44.7368,25.5055,Romania,RO,ROU,Dâmboviţa,Dambovita,RO-DB,county,,84.9,144,144,4,Europe/Bucharest,TRUE,1642650323
Recea Mică,Recea Mica,,47.1891,22.9732,Romania,RO,ROU,Sălaj,Salaj,RO-SJ,county,,64.4,144,144,4,Europe/Bucharest,FALSE,1642797696
Godeanu,Godeanu,,45.0199,22.6523,Romania,RO,ROU,Mehedinţi,Mehedinti,RO-MH,county,,12.7,144,144,4,Europe/Bucharest,FALSE,1642013259
Purcaru,Purcaru,Purcarelul,44.8451,23.4714,Romania,RO,ROU,Gorj,Gorj,RO-GJ,county,,33.8,143,143,4,Europe/Bucharest,FALSE,1642383248
Ponor,Ponor,,46.3408,23.4019,Romania,RO,ROU,Alba,Alba,RO-AB,county,,8.7,143,143,4,Europe/Bucharest,FALSE,1642879167
Bogdana Voloseni,Bogdana Voloseni,Bogdan-Voloşeni|Voloseni Bogdana,46.6376,28.1208,Romania,RO,ROU,Vaslui,Vaslui,RO-VS,county,,136.8,143,143,4,Europe/Bucharest,FALSE,1642137396
Jieni,Jieni,,44.3780,23.7996,Romania,RO,ROU,Dolj,Dolj,RO-DJ,county,,53.2,143,143,4,Europe/Bucharest,FALSE,1642082697
Cearângu,Cearangu,Cearîngu|Cearângul,44.2819,22.9818,Romania,RO,ROU,Mehedinţi,Mehedinti,RO-MH,county,,34.5,143,143,4,Europe/Bucharest,FALSE,1642050170
Medveş,Medves,,46.3071,24.0652,Romania,RO,ROU,Alba,Alba,RO-AB,county,,17.8,143,143,4,Europe/Bucharest,FALSE,1642629164
Dârmoxa,Darmoxa,Dîrmoxa|Dîrmara|Dărmosca|Darmoxa,47.1862,25.5443,Romania,RO,ROU,Suceava,Suceava,RO-SV,county,,11.9,143,143,4,Europe/Bucharest,FALSE,1642641398
Băieşa,Baiesa,Băiaşa,44.9366,24.0742,Romania,RO,ROU,Vâlcea,Valcea,RO-VL,county,,66.7,143,143,4,Europe/Bucharest,FALSE,1642537553
Popeşti-Stejari,Popesti-Stejari,Popeşti|Păpeşti,44.8164,23.7339,Romania,RO,ROU,Gorj,Gorj,RO-GJ,county,,31.1,143,143,4,Europe/Bucharest,FALSE,1642124444
Grabicina de Jos,Grabicina de Jos,,45.4037,26.6623,Romania,RO,ROU,Buzău,Buzau,RO-BZ,county,,29.5,143,143,4,Europe/Bucharest,FALSE,1642578649
Blejani,Blejani,,44.7909,24.6320,Romania,RO,ROU,Argeş,Arges,RO-AG,county,,55.6,143,143,4,Europe/Bucharest,FALSE,1642980606
Costiţa,Costita,,45.1976,25.0055,Romania,RO,ROU,Argeş,Arges,RO-AG,county,,163.7,143,143,4,Europe/Bucharest,FALSE,1642074626
Armăşeni,Armaseni,,46.8064,27.9812,Romania,RO,ROU,Vaslui,Vaslui,RO-VS,county,,34.6,143,143,4,Europe/Bucharest,TRUE,1642891459
Gurgueţi,Gurgueti,,45.3633,27.6618,Romania,RO,ROU,Brăila,Braila,RO-BR,county,,11.2,143,143,4,Europe/Bucharest,FALSE,1642112582
Negoiu,Negoiu,,45.6109,22.5635,Romania,RO,ROU,Hunedoara,Hunedoara,RO-HD,county,,5.2,143,143,4,Europe/Bucharest,FALSE,1642826455
Sumurducu,Sumurducu,,46.8707,23.4492,Romania,RO,ROU,Cluj,Cluj,RO-CJ,county,,25.2,143,143,4,Europe/Bucharest,FALSE,1642292665
Valea lui Bosie,Valea lui Bosie,,46.7101,27.9736,Romania,RO,ROU,Vaslui,Vaslui,RO-VS,county,,24.6,143,143,4,Europe/Bucharest,FALSE,1642758814
Băltăgari,Baltagari,Băltăgarii,45.5487,26.7259,Romania,RO,ROU,Buzău,Buzau,RO-BZ,county,,35.3,143,143,4,Europe/Bucharest,FALSE,1642594825
Stejar,Stejar,Szarvaság|Szorosság,46.0344,22.1554,Romania,RO,ROU,Arad,Arad,RO-AR,county,,13.8,143,143,4,Europe/Bucharest,FALSE,1642730098
Padina,Padina,,44.7725,24.1302,Romania,RO,ROU,Vâlcea,Valcea,RO-VL,county,,58.4,143,143,4,Europe/Bucharest,FALSE,1642857142
Făuroaia,Fauroaia,,44.5451,23.2899,Romania,RO,ROU,Mehedinţi,Mehedinti,RO-MH,county,,26.4,143,143,4,Europe/Bucharest,FALSE,1642761069
Burdeni,Burdeni,Căţăleşti|Căţeleşti,44.3703,24.9457,Romania,RO,ROU,Teleorman,Teleorman,RO-TR,county,,28.3,142,142,4,Europe/Bucharest,FALSE,1642702900
Bodeşti,Bodesti,Bodeştii,45.2650,26.1593,Romania,RO,ROU,Prahova,Prahova,RO-PH,county,,67.3,142,142,4,Europe/Bucharest,FALSE,1642218044
Pirita,Pirita,,46.1373,23.1599,Romania,RO,ROU,Alba,Alba,RO-AB,county,,24.0,142,142,4,Europe/Bucharest,FALSE,1642619146
Băjenari,Bajenari,,44.9201,24.0823,Romania,RO,ROU,Vâlcea,Valcea,RO-VL,county,,66.7,142,142,4,Europe/Bucharest,FALSE,1642727901
Valea Copcii,Valea Copcii,,44.6354,22.7603,Romania,RO,ROU,Mehedinţi,Mehedinti,RO-MH,county,,134.8,142,142,4,Europe/Bucharest,FALSE,1642287393
Torba,Torba,Torboszlò,46.5475,24.8876,Romania,RO,ROU,Mureş,Mures,RO-MS,county,,25.7,142,142,4,Europe/Bucharest,FALSE,1642690474
Drojdii,Drojdii,Seprőd,46.5460,24.8571,Romania,RO,ROU,Mureş,Mures,RO-MS,county,,27.9,142,142,4,Europe/Bucharest,FALSE,1642756445
Călineşti,Calinesti,,47.9211,26.2380,Romania,RO,ROU,Botoşani,Botosani,RO-BT,county,,49.8,142,142,4,Europe/Bucharest,TRUE,1642865147
Pârâu Crucii,Parau Crucii,Pîrîu Crucii,46.6942,24.3371,Romania,RO,ROU,Mureş,Mures,RO-MS,county,,51.9,142,142,4,Europe/Bucharest,FALSE,1642001528
Mavrodolu,Mavrodolu,Ciupa-Mavrodolu|Ciupa Mavrodolul,44.6917,25.2183,Romania,RO,ROU,Argeş,Arges,RO-AG,county,,54.3,142,142,4,Europe/Bucharest,FALSE,1642215682
Zbegu,Zbegu,Zbeg,45.0926,22.4124,Romania,RO,ROU,Caraş-Severin,Caras-Severin,RO-CS,county,,11.1,142,142,4,Europe/Bucharest,FALSE,1642107547
Bărboasa,Barboasa,,46.4638,27.2402,Romania,RO,ROU,Bacău,Bacau,RO-BC,county,,29.4,142,142,4,Europe/Bucharest,FALSE,1642472652
Curături,Curaturi,,46.3306,23.0639,Romania,RO,ROU,Alba,Alba,RO-AB,county,,48.1,142,142,4,Europe/Bucharest,FALSE,1642604875
Ursad,Ursad,,46.6816,22.0919,Romania,RO,ROU,Bihor,Bihor,RO-BH,county,,24.4,142,142,4,Europe/Bucharest,FALSE,1642634168
Chetreni,Chetreni,Chetrenii,46.3010,27.4310,Romania,RO,ROU,Bacău,Bacau,RO-BC,county,,29.8,142,142,4,Europe/Bucharest,FALSE,1642606959
Zămbroaia,Zambroaia,,45.1990,26.1276,Romania,RO,ROU,Prahova,Prahova,RO-PH,county,,89.1,142,142,4,Europe/Bucharest,FALSE,1642035182
Racu,Racu,Racul,44.7431,24.2050,Romania,RO,ROU,Vâlcea,Valcea,RO-VL,county,,82.0,141,141,4,Europe/Bucharest,FALSE,1642906703
Paltin,Paltin,,47.8672,25.3442,Romania,RO,ROU,Suceava,Suceava,RO-SV,county,,15.6,141,141,4,Europe/Bucharest,FALSE,1642437374
Vlădăşeşti,Vladasesti,,44.6499,23.1328,Romania,RO,ROU,Mehedinţi,Mehedinti,RO-MH,county,,83.4,141,141,4,Europe/Bucharest,FALSE,1642037186
Răvăşel,Ravasel,,46.0093,24.3735,Romania,RO,ROU,Sibiu,Sibiu,RO-SB,county,,12.6,141,141,4,Europe/Bucharest,FALSE,1642355504
Teleac,Teleac,Telek,46.6615,22.4305,Romania,RO,ROU,Bihor,Bihor,RO-BH,county,,54.1,141,141,4,Europe/Bucharest,FALSE,1642362200
Bârlogeni,Barlogeni,Bîrlogeni,44.6304,23.2874,Romania,RO,ROU,Mehedinţi,Mehedinti,RO-MH,county,,29.9,141,141,4,Europe/Bucharest,FALSE,1642232134
Putna,Putna,,44.9365,22.1771,Romania,RO,ROU,Caraş-Severin,Caras-Severin,RO-CS,county,,8.7,141,141,4,Europe/Bucharest,FALSE,1642375068
Soci,Soci,,47.0275,26.5047,Romania,RO,ROU,Neamţ,Neamt,RO-NT,county,,51.9,141,141,4,Europe/Bucharest,FALSE,1642621142
Măliniş,Malinis,,45.7127,25.0328,Romania,RO,ROU,Braşov,Brasov,RO-BV,county,,12.9,141,141,4,Europe/Bucharest,FALSE,1642687241
Plăişoru,Plaisoru,,45.3139,26.3890,Romania,RO,ROU,Buzău,Buzau,RO-BZ,county,,46.0,141,141,4,Europe/Bucharest,FALSE,1642799628
Vineţişu,Vinetisu,Vinetisul,45.4692,26.3355,Romania,RO,ROU,Buzău,Buzau,RO-BZ,county,,83.3,141,141,4,Europe/Bucharest,FALSE,1642302881
Bidiu,Bidiu,Bidiul,47.0443,24.2381,Romania,RO,ROU,Bistriţa-Năsăud,Bistrita-Nasaud,RO-BN,county,,27.0,141,141,4,Europe/Bucharest,FALSE,1642684638
Lunca Sătească,Lunca Sateasca,,47.4074,24.1802,Romania,RO,ROU,Bistriţa-Năsăud,Bistrita-Nasaud,RO-BN,county,,17.8,141,141,4,Europe/Bucharest,FALSE,1642903217
Drăgşineşti,Dragsinesti,Drăcşineşti,45.7689,22.1991,Romania,RO,ROU,Timiş,Timis,RO-TM,county,,13.5,141,141,4,Europe/Bucharest,FALSE,1642573766
Poiana Mare,Poiana Mare,,45.3225,26.1221,Romania,RO,ROU,Prahova,Prahova,RO-PH,county,,42.2,141,141,4,Europe/Bucharest,FALSE,1642821006
Cădaciu Mare,Cadaciu Mare,Kadàcs,46.3532,25.1342,Romania,RO,ROU,Harghita,Harghita,RO-HR,county,,31.3,141,141,4,Europe/Bucharest,FALSE,1642384473
Săsăuşi,Sasausi,,45.8490,24.6045,Romania,RO,ROU,Sibiu,Sibiu,RO-SB,county,,13.5,140,140,4,Europe/Bucharest,FALSE,1642211582
Poiana Tăşad,Poiana Tasad,Poiana Copăcel|Poiana Moţilor,46.9540,22.1712,Romania,RO,ROU,Bihor,Bihor,RO-BH,county,,47.2,140,140,4,Europe/Bucharest,FALSE,1642096112
Ticu-Colonia,Ticu-Colonia,Colonia Ticu,46.9170,23.2349,Romania,RO,ROU,Cluj,Cluj,RO-CJ,county,,66.3,140,140,4,Europe/Bucharest,FALSE,1642538574
Glogoveţ,Glogovet,,46.1484,24.0089,Romania,RO,ROU,Alba,Alba,RO-AB,county,,35.0,140,140,4,Europe/Bucharest,FALSE,1642158302
Dârvari,Darvari,Dîrvari|Darvari,44.4745,26.5398,Romania,RO,ROU,Călăraşi,Calarasi,RO-CL,county,,3369.9,140,140,2,Europe/Bucharest,FALSE,1642132511
Căinelu de Jos,Cainelu de Jos,Cainelul-de Jos,45.9502,22.8316,Romania,RO,ROU,Hunedoara,Hunedoara,RO-HD,county,,43.2,140,140,4,Europe/Bucharest,FALSE,1642344678
Drumu Carului,Drumu Carului,,45.4731,25.2993,Romania,RO,ROU,Braşov,Brasov,RO-BV,county,,42.3,140,140,4,Europe/Bucharest,FALSE,1642775068
Măteşti,Matesti,,46.2316,23.0053,Romania,RO,ROU,Alba,Alba,RO-AB,county,,19.1,140,140,4,Europe/Bucharest,FALSE,1642571098
Giuleşti,Giulesti,Juleşti|Vasaskőfalva|Petrósz|Zsulest|Petrósza|Kőfalva,46.5482,22.5905,Romania,RO,ROU,Bihor,Bihor,RO-BH,county,,31.6,140,140,4,Europe/Bucharest,FALSE,1642915020
Priboiu,Priboiu,Priboiul,44.4488,25.5899,Romania,RO,ROU,Giurgiu,Giurgiu,RO-GR,county,,77.9,140,140,4,Europe/Bucharest,FALSE,1642268670
Mâtnicu Mic,Matnicu Mic,Mîtnicu Mic|Mâtnicul Mic,45.7635,22.1766,Romania,RO,ROU,Timiş,Timis,RO-TM,county,,13.5,140,140,4,Europe/Bucharest,FALSE,1642065099
Răchita de Sus,Rachita de Sus,,44.3648,23.3589,Romania,RO,ROU,Dolj,Dolj,RO-DJ,county,,16.4,140,140,4,Europe/Bucharest,FALSE,1642713161
Dunavăţu de Sus,Dunavatu de Sus,Dunăvăţul-de-Sus,45.0143,29.2205,Romania,RO,ROU,Tulcea,Tulcea,RO-TL,county,,4.9,140,140,4,Europe/Bucharest,FALSE,1642808847
Farcaşa,Farcasa,Farcaşu,45.8113,26.8280,Romania,RO,ROU,Vrancea,Vrancea,RO-VN,county,,28.4,140,140,4,Europe/Bucharest,FALSE,1642945658
Godeanu,Godeanu,Godeanul,44.8000,22.6000,Romania,RO,ROU,Mehedinţi,Mehedinti,RO-MH,county,,11.3,140,140,4,Europe/Bucharest,TRUE,1642316295
Lunca Merilor,Lunca Merilor,,46.3667,23.0977,Romania,RO,ROU,Alba,Alba,RO-AB,county,,29.6,139,139,4,Europe/Bucharest,FALSE,1642970632
Hodăi-Boian,Hodai-Boian,,46.6411,24.0119,Romania,RO,ROU,Cluj,Cluj,RO-CJ,county,,36.2,139,139,4,Europe/Bucharest,FALSE,1642026437
Ludăneasca,Ludaneasca,Ludăneasa,44.0031,25.5801,Romania,RO,ROU,Teleorman,Teleorman,RO-TR,county,,29.7,139,139,4,Europe/Bucharest,FALSE,1642522880
George Enescu,George Enescu,Gheorghe Doja|Liveni Vîrnav|Liventi Vârnov,48.0333,26.4833,Romania,RO,ROU,Botoşani,Botosani,RO-BT,county,,51.1,139,139,4,Europe/Bucharest,FALSE,1642017914
Merişor,Merisor,Pusztaalmàs,46.6992,24.5498,Romania,RO,ROU,Mureş,Mures,RO-MS,county,,63.2,139,139,4,Europe/Bucharest,FALSE,1642841548
Câmpu Gobii,Campu Gobii,Cîmpu Gobii,45.9987,23.4500,Romania,RO,ROU,Alba,Alba,RO-AB,county,,48.7,139,139,4,Europe/Bucharest,FALSE,1642050788
Banca,Banca,,46.3476,27.2914,Romania,RO,ROU,Bacău,Bacau,RO-BC,county,,34.1,139,139,4,Europe/Bucharest,FALSE,1642225674
Băluţoaia,Balutoaia,,45.0471,24.1879,Romania,RO,ROU,Vâlcea,Valcea,RO-VL,county,,73.3,139,139,4,Europe/Bucharest,FALSE,1642448668
Lichitişeni,Lichitiseni,,46.3773,27.2879,Romania,RO,ROU,Bacău,Bacau,RO-BC,county,,25.1,139,139,4,Europe/Bucharest,FALSE,1642448466
Hemeeni,Hemeeni,Hemieni,46.5580,26.6263,Romania,RO,ROU,Bacău,Bacau,RO-BC,county,,89.3,138,138,4,Europe/Bucharest,FALSE,1642820102
Priseaca,Priseaca,Prisaca,44.4726,23.9131,Romania,RO,ROU,Olt,Olt,RO-OT,county,,43.7,138,138,4,Europe/Bucharest,FALSE,1642785989
Pocoleni,Pocoleni,Pe Iaz|Vişina,47.5021,26.2669,Romania,RO,ROU,Suceava,Suceava,RO-SV,county,,84.3,138,138,4,Europe/Bucharest,FALSE,1642375108
Lunca Cernii de Jos,Lunca Cernii de Jos,,45.6333,22.6167,Romania,RO,ROU,Hunedoara,Hunedoara,RO-HD,county,,5.2,138,138,4,Europe/Bucharest,FALSE,1642564220
Găvănel,Gavanel,,45.0809,25.9977,Romania,RO,ROU,Prahova,Prahova,RO-PH,county,,174.1,138,138,4,Europe/Bucharest,FALSE,1642865648
Gornenţi,Gornenti,Gornenci|Gorneţi,44.9126,22.5462,Romania,RO,ROU,Mehedinţi,Mehedinti,RO-MH,county,,10.2,138,138,4,Europe/Bucharest,FALSE,1642678349
Călugăreni,Calugareni,Călugărenii,44.6911,25.7017,Romania,RO,ROU,Dâmboviţa,Dambovita,RO-DB,county,,76.3,138,138,4,Europe/Bucharest,FALSE,1642116657
Elciu,Elciu,Elciul,47.0813,23.5686,Romania,RO,ROU,Cluj,Cluj,RO-CJ,county,,18.3,138,138,4,Europe/Bucharest,FALSE,1642496879
Bârzeşti,Barzesti,Bîrzeşti|Barzafalva|Bârzâşti|Barzesd|Barzest,46.4854,22.1325,Romania,RO,ROU,Arad,Arad,RO-AR,county,,21.1,138,138,4,Europe/Bucharest,FALSE,1642573389
Mierliceşti,Mierlicesti,,44.7335,24.4340,Romania,RO,ROU,Olt,Olt,RO-OT,county,,26.2,138,138,4,Europe/Bucharest,FALSE,1642746028
Balaciu,Balaciu,Bălaciul,44.9223,23.9369,Romania,RO,ROU,Vâlcea,Valcea,RO-VL,county,,36.0,138,138,4,Europe/Bucharest,FALSE,1642954550
Făgetu,Fagetu,Găinari,45.8201,26.7000,Romania,RO,ROU,Vrancea,Vrancea,RO-VN,county,,6.7,138,138,4,Europe/Bucharest,FALSE,1642874234
Giungi,Giungi,,47.5732,22.7755,Romania,RO,ROU,Satu Mare,Satu Mare,RO-SM,county,,25.9,138,138,4,Europe/Bucharest,FALSE,1642560584
Podu Cheii,Podu Cheii,Podul Cheii,45.2083,25.7546,Romania,RO,ROU,Prahova,Prahova,RO-PH,county,,113.0,138,138,4,Europe/Bucharest,FALSE,1642659192
Staţiunea Climaterică Sâmbăta,Statiunea Climaterica Sambata,Staţiunea Climaterică Sîmbăta,45.6922,24.8008,Romania,RO,ROU,Braşov,Brasov,RO-BV,county,,21.3,138,138,4,Europe/Bucharest,FALSE,1642741765
Costeni,Costeni,Costen,45.2991,26.0206,Romania,RO,ROU,Prahova,Prahova,RO-PH,county,,39.9,138,138,4,Europe/Bucharest,FALSE,1642931261
Crivadia,Crivadia,,45.4649,23.2061,Romania,RO,ROU,Hunedoara,Hunedoara,RO-HD,county,,15.2,138,138,4,Europe/Bucharest,FALSE,1642284023
Valea Mare,Valea Mare,Spria|Spira de Sus|Spria de Sus,46.6208,27.2599,Romania,RO,ROU,Bacău,Bacau,RO-BC,county,,41.6,138,138,4,Europe/Bucharest,TRUE,1642738004
Mierţa,Mierta,,46.9959,23.1808,Romania,RO,ROU,Sălaj,Salaj,RO-SJ,county,,15.7,137,137,4,Europe/Bucharest,FALSE,1642619903
Iclozel,Iclozel,,46.9726,23.8212,Romania,RO,ROU,Cluj,Cluj,RO-CJ,county,,61.8,137,137,4,Europe/Bucharest,FALSE,1642656103
Unceşti,Uncesti,,46.8605,26.7970,Romania,RO,ROU,Neamţ,Neamt,RO-NT,county,,35.1,137,137,4,Europe/Bucharest,FALSE,1642155323
Răţăleşti,Ratalesti,,44.8898,23.9200,Romania,RO,ROU,Vâlcea,Valcea,RO-VL,county,,36.0,137,137,4,Europe/Bucharest,FALSE,1642265737
Costeiu de Sus,Costeiu de Sus,Coşteiul-de-Sus,45.9034,22.3684,Romania,RO,ROU,Timiş,Timis,RO-TM,county,,16.3,137,137,4,Europe/Bucharest,FALSE,1642642569
Chilia,Chilia,Chilii,44.2713,24.1983,Romania,RO,ROU,Olt,Olt,RO-OT,county,,36.3,137,137,4,Europe/Bucharest,FALSE,1642500617
Tinoasa,Tinoasa,,45.6098,26.8998,Romania,RO,ROU,Vrancea,Vrancea,RO-VN,county,,26.6,137,137,4,Europe/Bucharest,FALSE,1642413350
Corni,Corni,Cornii Sîrbi,47.0414,26.4861,Romania,RO,ROU,Neamţ,Neamt,RO-NT,county,,60.9,137,137,4,Europe/Bucharest,FALSE,1642335705
Legii,Legii,,46.8559,24.0496,Romania,RO,ROU,Cluj,Cluj,RO-CJ,county,,23.6,137,137,4,Europe/Bucharest,FALSE,1642141860
Valea Faurului,Valea Faurului,,45.1998,24.7877,Romania,RO,ROU,Argeş,Arges,RO-AG,county,,37.6,137,137,4,Europe/Bucharest,FALSE,1642804882
Petra,Petra,,44.4589,23.0952,Romania,RO,ROU,Mehedinţi,Mehedinti,RO-MH,county,,17.0,137,137,4,Europe/Bucharest,FALSE,1642551393
Vlădnicuţ,Vladnicut,,47.3633,26.7988,Romania,RO,ROU,Iaşi,Iasi,RO-IS,county,,85.8,137,137,4,Europe/Bucharest,FALSE,1642068771
Dănuleşti,Danulesti,,45.5075,26.9365,Romania,RO,ROU,Buzău,Buzau,RO-BZ,county,,57.8,136,136,4,Europe/Bucharest,FALSE,1642676520
Podu Corbencii,Podu Corbencii,Podul Corbencii,44.5571,25.5288,Romania,RO,ROU,Dâmboviţa,Dambovita,RO-DB,county,,75.9,136,136,4,Europe/Bucharest,FALSE,1642396737
Ciortolom,Ciortolom,,46.1123,27.5758,Romania,RO,ROU,Vaslui,Vaslui,RO-VS,county,,55.1,136,136,4,Europe/Bucharest,FALSE,1642647068
Strucut,Strucut,Isvorul Strucutu,46.6771,23.8847,Romania,RO,ROU,Cluj,Cluj,RO-CJ,county,,36.2,136,136,4,Europe/Bucharest,FALSE,1642076030
Mereni,Mereni,,44.6959,25.7134,Romania,RO,ROU,Dâmboviţa,Dambovita,RO-DB,county,,93.1,136,136,4,Europe/Bucharest,TRUE,1642832896
Boiu,Boiu,Boiul,45.8974,23.1504,Romania,RO,ROU,Hunedoara,Hunedoara,RO-HD,county,,25.7,136,136,4,Europe/Bucharest,FALSE,1642968097
Floreşti,Floresti,Felţa,46.1617,24.6631,Romania,RO,ROU,Sibiu,Sibiu,RO-SB,county,,27.8,136,136,4,Europe/Bucharest,FALSE,1642248243
Dara,Dara,,45.1061,26.5963,Romania,RO,ROU,Buzău,Buzau,RO-BZ,county,,80.5,136,136,4,Europe/Bucharest,FALSE,1642135366
Văratecu,Varatecu,Varatici|Vărateci,45.1566,24.4446,Romania,RO,ROU,Vâlcea,Valcea,RO-VL,county,,32.3,136,136,4,Europe/Bucharest,FALSE,1642484136
Curagău,Curagau,,47.0586,27.7538,Romania,RO,ROU,Iaşi,Iasi,RO-IS,county,,94.1,136,136,4,Europe/Bucharest,FALSE,1642255872
Ciolăneşti,Ciolanesti,Ciolăneştii,45.9578,27.0614,Romania,RO,ROU,Vrancea,Vrancea,RO-VN,county,,25.4,136,136,4,Europe/Bucharest,FALSE,1642517830
Donceni,Donceni,Dancsfalva|Doncsény,46.3916,22.1769,Romania,RO,ROU,Arad,Arad,RO-AR,county,,85.7,136,136,4,Europe/Bucharest,FALSE,1642103349
Popeşti,Popesti,Popeş,45.8262,22.8477,Romania,RO,ROU,Hunedoara,Hunedoara,RO-HD,county,,13.1,136,136,4,Europe/Bucharest,FALSE,1642574488
Pleşcioara,Plescioara,Plesciora,45.3758,26.1975,Romania,RO,ROU,Buzău,Buzau,RO-BZ,county,,25.1,136,136,4,Europe/Bucharest,FALSE,1642819521
Saru,Saru,,44.8041,25.2128,Romania,RO,ROU,Dâmboviţa,Dambovita,RO-DB,county,,70.8,136,136,4,Europe/Bucharest,FALSE,1642902512
Căzăneşti,Cazanesti,,44.7200,22.9000,Romania,RO,ROU,Mehedinţi,Mehedinti,RO-MH,county,,23.9,135,135,4,Europe/Bucharest,FALSE,1642866519
Milăşel,Milasel,,46.7427,24.4525,Romania,RO,ROU,Mureş,Mures,RO-MS,county,,37.7,135,135,4,Europe/Bucharest,FALSE,1642957739
Bigăr,Bigar,Biger,44.6649,22.1034,Romania,RO,ROU,Caraş-Severin,Caras-Severin,RO-CS,county,,11.2,135,135,4,Europe/Bucharest,FALSE,1642685606
Vişinari,Visinari,Limbaeşti,46.4658,27.7030,Romania,RO,ROU,Vaslui,Vaslui,RO-VS,county,,25.9,135,135,4,Europe/Bucharest,FALSE,1642570111
Moara Jorii,Moara Jorii,,47.8842,27.0209,Romania,RO,ROU,Botoşani,Botosani,RO-BT,county,,35.6,135,135,4,Europe/Bucharest,FALSE,1642638479
Sâncraiu,Sancraiu,Sîncraiu|Sâncrai,45.7538,22.9790,Romania,RO,ROU,Hunedoara,Hunedoara,RO-HD,county,,96.5,135,135,4,Europe/Bucharest,FALSE,1642095691
Tunari,Tunari,,44.1374,25.5901,Romania,RO,ROU,Teleorman,Teleorman,RO-TR,county,,44.1,135,135,4,Europe/Bucharest,FALSE,1642277600
Valea Lungă Română,Valea Lunga Romana,Valea Lungă-Romînă|Bégahosszúpatak|Valelunga|Valealunga|Valialunga|Vallelunga,45.7542,21.9562,Romania,RO,ROU,Timiş,Timis,RO-TM,county,,43.5,135,135,4,Europe/Bucharest,FALSE,1642160515
Guşoeni,Gusoeni,Butari,44.7333,24.1167,Romania,RO,ROU,Vâlcea,Valcea,RO-VL,county,,43.6,135,135,4,Europe/Bucharest,FALSE,1642580620
Preoţeşti,Preotesti,,44.5343,23.9910,Romania,RO,ROU,Olt,Olt,RO-OT,county,,77.6,135,135,4,Europe/Bucharest,FALSE,1642461594
Satul Vechi,Satul Vechi,Muţi,44.1936,25.0278,Romania,RO,ROU,Teleorman,Teleorman,RO-TR,county,,41.0,135,135,4,Europe/Bucharest,FALSE,1642426394