city,city_ascii,city_alt,lat,lng,country,iso2,iso3,admin_name,admin_name_ascii,admin_code,admin_type,capital,density,population,population_proper,ranking,timezone,same_name,id
Koedoesfontein,Koedoesfontein,,-25.6605,26.4378,South Africa,ZA,ZAF,North West,North West,ZA-NW,province,,4.7,,,5,Africa/Johannesburg,FALSE,1710756497
Mount Blazes,Mount Blazes,Figiso,-31.9840,28.9857,South Africa,ZA,ZAF,Eastern Cape,Eastern Cape,ZA-EC,province,,114.8,,,4,Africa/Johannesburg,FALSE,1710117343
Dohne,Dohne,,-32.5295,27.4509,South Africa,ZA,ZAF,Eastern Cape,Eastern Cape,ZA-EC,province,,1.9,,,5,Africa/Johannesburg,FALSE,1710000038
Locatie van de Knopneuzen,Locatie van de Knopneuzen,Knopneuslokasie,-23.1479,30.5591,South Africa,ZA,ZAF,Limpopo,Limpopo,ZA-LP,province,,2.6,,,5,Africa/Johannesburg,FALSE,1710713356
Ommerin,Ommerin,,-29.6832,25.5599,South Africa,ZA,ZAF,Free State,Free State,ZA-FS,province,,0.5,,,5,Africa/Johannesburg,FALSE,1710149041
Nokayamatlala,Nokayamatlala,,-23.7000,29.0333,South Africa,ZA,ZAF,Limpopo,Limpopo,ZA-LP,province,,160.3,,,4,Africa/Johannesburg,FALSE,1710613375
Eerstegoud,Eerstegoud,,-23.9850,29.3510,South Africa,ZA,ZAF,Limpopo,Limpopo,ZA-LP,province,,30.6,,,3,Africa/Johannesburg,FALSE,1710245001
Magonata,Magonata,,-26.7345,23.2713,South Africa,ZA,ZAF,North West,North West,ZA-NW,province,,45.4,,,4,Africa/Johannesburg,FALSE,1710978327
Moria,Moria,,-23.9380,29.7910,South Africa,ZA,ZAF,Limpopo,Limpopo,ZA-LP,province,,437.3,,,3,Africa/Johannesburg,FALSE,1710648384
Mehloloaneng,Mehloloaneng,,-30.3590,28.6168,South Africa,ZA,ZAF,Eastern Cape,Eastern Cape,ZA-EC,province,,198.6,,,4,Africa/Johannesburg,FALSE,1710082517
Genoembies,Genoembies,,-30.3500,17.6667,South Africa,ZA,ZAF,Northern Cape,Northern Cape,ZA-NC,province,,0.1,,,5,Africa/Johannesburg,FALSE,1710441198
KuNtlamvukazi,KuNtlamvukazi,,-30.7725,29.6088,South Africa,ZA,ZAF,Eastern Cape,Eastern Cape,ZA-EC,province,,41.8,,,4,Africa/Johannesburg,FALSE,1710609814
Kalkoenkrans,Kalkoenkrans,,-29.9970,26.2029,South Africa,ZA,ZAF,Free State,Free State,ZA-FS,province,,0.6,,,5,Africa/Johannesburg,FALSE,1710961442
Kalkoenkrans,Kalkoenkrans,,-30.2926,26.0834,South Africa,ZA,ZAF,Free State,Free State,ZA-FS,province,,0.4,,,5,Africa/Johannesburg,TRUE,1710441130
Hermiston,Hermiston,,-33.5391,25.6818,South Africa,ZA,ZAF,Eastern Cape,Eastern Cape,ZA-EC,province,,16.5,,,4,Africa/Johannesburg,FALSE,1710087893
Lutshatsheni,Lutshatsheni,,-31.3833,29.2000,South Africa,ZA,ZAF,Eastern Cape,Eastern Cape,ZA-EC,province,,5.1,,,5,Africa/Johannesburg,FALSE,1710672404
KuCwalinkungu,KuCwalinkungu,,-30.8956,29.0497,South Africa,ZA,ZAF,Eastern Cape,Eastern Cape,ZA-EC,province,,19.5,,,4,Africa/Johannesburg,FALSE,1710504456
Dagbreek,Dagbreek,,-29.8587,25.9497,South Africa,ZA,ZAF,Free State,Free State,ZA-FS,province,,0.5,,,5,Africa/Johannesburg,FALSE,1710197615
KuMabangula,KuMabangula,,-31.7626,27.5622,South Africa,ZA,ZAF,Eastern Cape,Eastern Cape,ZA-EC,province,,242.5,,,3,Africa/Johannesburg,FALSE,1710610643
Mafikaneng,Mafikaneng,,-27.0424,23.9043,South Africa,ZA,ZAF,North West,North West,ZA-NW,province,,9.6,,,5,Africa/Johannesburg,FALSE,1710189055
Rocky Valley,Rocky Valley,,-31.8599,28.2114,South Africa,ZA,ZAF,Eastern Cape,Eastern Cape,ZA-EC,province,,37.4,,,4,Africa/Johannesburg,FALSE,1710879165
Lehlaka Park,Lehlaka Park,,-26.1666,29.1972,South Africa,ZA,ZAF,Mpumalanga,Mpumalanga,ZA-MP,province,,1396.9,,,3,Africa/Johannesburg,FALSE,1710655590
Elandsputte,Elandsputte,,-25.9717,26.0986,South Africa,ZA,ZAF,North West,North West,ZA-NW,province,,0.8,,,5,Africa/Johannesburg,FALSE,1710875011
Ku-Goeyana,Ku-Goeyana,,-31.2518,28.6101,South Africa,ZA,ZAF,Eastern Cape,Eastern Cape,ZA-EC,province,,190.8,,,4,Africa/Johannesburg,FALSE,1710650694
Somerset,Somerset,,-27.9190,32.2618,South Africa,ZA,ZAF,KwaZulu-Natal,KwaZulu-Natal,ZA-KZN,,,4.2,,,5,Africa/Johannesburg,FALSE,1710815843
Sani Pass,Sani Pass,,-29.6569,29.4457,South Africa,ZA,ZAF,KwaZulu-Natal,KwaZulu-Natal,ZA-KZN,,,1.2,,,5,Africa/Johannesburg,FALSE,1710456879
Kei and Bulhoek,Kei and Bulhoek,,-32.0500,26.5833,South Africa,ZA,ZAF,Eastern Cape,Eastern Cape,ZA-EC,province,,52.0,,,4,Africa/Johannesburg,FALSE,1710112273
KuDudumashe,KuDudumashe,Dudumashe,-31.8981,27.3502,South Africa,ZA,ZAF,Eastern Cape,Eastern Cape,ZA-EC,province,,97.0,,,4,Africa/Johannesburg,FALSE,1710329752
Dalibho,Dalibho,Dalibba,-29.3728,30.8996,South Africa,ZA,ZAF,KwaZulu-Natal,KwaZulu-Natal,ZA-KZN,,,338.7,,,3,Africa/Johannesburg,FALSE,1710815385
Setateng,Setateng,,-23.5682,28.1049,South Africa,ZA,ZAF,Limpopo,Limpopo,ZA-LP,province,,1903.1,,,3,Africa/Johannesburg,FALSE,1710335549
Kubuge,Kubuge,Koboga,-26.9676,23.7236,South Africa,ZA,ZAF,North West,North West,ZA-NW,province,,0.8,,,5,Africa/Johannesburg,FALSE,1710828866
Middelplaas,Middelplaas,,-25.7181,31.5509,South Africa,ZA,ZAF,Mpumalanga,Mpumalanga,ZA-MP,province,,1917.3,,,3,Africa/Johannesburg,FALSE,1710170620
Ga-Mokopane,Ga-Mokopane,,-23.2903,28.9772,South Africa,ZA,ZAF,Limpopo,Limpopo,ZA-LP,province,,5.4,,,5,Africa/Johannesburg,FALSE,1710634318
Tshandtshe,Tshandtshe,,-31.3434,29.5130,South Africa,ZA,ZAF,Eastern Cape,Eastern Cape,ZA-EC,province,,730.3,,,3,Africa/Johannesburg,FALSE,1710557205
Lemoenkloof,Lemoenkloof,,-31.4813,26.9910,South Africa,ZA,ZAF,Eastern Cape,Eastern Cape,ZA-EC,province,,0.8,,,5,Africa/Johannesburg,FALSE,1710222554
Skietlegte,Skietlegte,,-31.6621,25.5343,South Africa,ZA,ZAF,Eastern Cape,Eastern Cape,ZA-EC,province,,0.6,,,5,Africa/Johannesburg,FALSE,1710863441
Kings Heights,Kings Heights,,-33.4333,26.6167,South Africa,ZA,ZAF,Eastern Cape,Eastern Cape,ZA-EC,province,,6.0,,,5,Africa/Johannesburg,FALSE,1710815696
Thabeng,Thabeng,,-25.1365,27.4615,South Africa,ZA,ZAF,North West,North West,ZA-NW,province,,270.3,,,3,Africa/Johannesburg,FALSE,1710480049
KuGilanqodo,KuGilanqodo,,-31.5727,27.9869,South Africa,ZA,ZAF,Eastern Cape,Eastern Cape,ZA-EC,province,,95.0,,,4,Africa/Johannesburg,FALSE,1710818216
Bergplaas,Bergplaas,,-30.5566,26.0492,South Africa,ZA,ZAF,Eastern Cape,Eastern Cape,ZA-EC,province,,0.3,,,5,Africa/Johannesburg,FALSE,1710596751
Mancam,Mancam,,-31.9058,28.8144,South Africa,ZA,ZAF,Eastern Cape,Eastern Cape,ZA-EC,province,,133.7,,,4,Africa/Johannesburg,FALSE,1710501430
Die Barakke,Die Barakke,,-33.9333,23.5042,South Africa,ZA,ZAF,Western Cape,Western Cape,ZA-WC,province,,1.0,,,5,Africa/Johannesburg,FALSE,1710475922
Swartboom,Swartboom,,-25.0400,28.1322,South Africa,ZA,ZAF,North West,North West,ZA-NW,province,,538.1,,,3,Africa/Johannesburg,FALSE,1710351622
Mtingwevu,Mtingwevu,,-31.6947,27.5754,South Africa,ZA,ZAF,Eastern Cape,Eastern Cape,ZA-EC,province,,105.9,,,4,Africa/Johannesburg,FALSE,1710671970
Ga-Ishe,Ga-Ishe,,-24.4000,30.2833,South Africa,ZA,ZAF,Limpopo,Limpopo,ZA-LP,province,,190.5,,,4,Africa/Johannesburg,FALSE,1710708254
Cedara,Cedara,Cedara College|Cedara Agricultural College,-29.5478,30.2665,South Africa,ZA,ZAF,KwaZulu-Natal,KwaZulu-Natal,ZA-KZN,,,50.2,,,4,Africa/Johannesburg,FALSE,1710399222
Mount Pleasant,Mount Pleasant,,-32.1333,28.8833,South Africa,ZA,ZAF,Eastern Cape,Eastern Cape,ZA-EC,province,,47.0,,,4,Africa/Johannesburg,FALSE,1710640241
Lugaqweni,Lugaqweni,,-31.5660,29.4369,South Africa,ZA,ZAF,Eastern Cape,Eastern Cape,ZA-EC,province,,0.5,,,5,Africa/Johannesburg,FALSE,1710403630
Mooifontein,Mooifontein,,-26.2517,25.6044,South Africa,ZA,ZAF,North West,North West,ZA-NW,province,,149.2,,,4,Africa/Johannesburg,FALSE,1710157876
Illovo,Illovo,,-30.1167,30.8500,South Africa,ZA,ZAF,KwaZulu-Natal,KwaZulu-Natal,ZA-KZN,,,734.0,,,3,Africa/Johannesburg,FALSE,1710295061
Ka-Tshituugulwani,Ka-Tshituugulwani,,-23.1000,30.6333,South Africa,ZA,ZAF,Limpopo,Limpopo,ZA-LP,province,,220.9,,,3,Africa/Johannesburg,FALSE,1710257226
Ha-Mantsha,Ha-Mantsha,,-23.0790,29.7744,South Africa,ZA,ZAF,Limpopo,Limpopo,ZA-LP,province,,921.7,,,3,Africa/Johannesburg,FALSE,1710682783
Ntabangcuka,Ntabangcuka,Ntabencuka,-31.8103,29.2462,South Africa,ZA,ZAF,Eastern Cape,Eastern Cape,ZA-EC,province,,231.4,,,3,Africa/Johannesburg,FALSE,1710016965
Mooipan,Mooipan,,-28.9667,22.8167,South Africa,ZA,ZAF,Northern Cape,Northern Cape,ZA-NC,province,,0.1,,,5,Africa/Johannesburg,FALSE,1710477128
Brospan,Brospan,,-30.3963,21.0110,South Africa,ZA,ZAF,Northern Cape,Northern Cape,ZA-NC,province,,0.1,,,5,Africa/Johannesburg,FALSE,1710416667
Mogononong,Mogononong,,-27.0483,23.7931,South Africa,ZA,ZAF,North West,North West,ZA-NW,province,,38.5,,,4,Africa/Johannesburg,FALSE,1710984873
Damfontein,Damfontein,,-29.2389,27.3106,South Africa,ZA,ZAF,Free State,Free State,ZA-FS,province,,3.9,,,5,Africa/Johannesburg,FALSE,1710349902
Damfontein,Damfontein,,-29.4290,26.3542,South Africa,ZA,ZAF,Free State,Free State,ZA-FS,province,,0.6,,,5,Africa/Johannesburg,TRUE,1710822476
Austins Post,Austins Post,,-29.5283,25.7934,South Africa,ZA,ZAF,Free State,Free State,ZA-FS,province,,0.6,,,5,Africa/Johannesburg,FALSE,1710296684
Metsikgetlane,Metsikgetlane,,-25.3354,26.6231,South Africa,ZA,ZAF,North West,North West,ZA-NW,province,,0.9,,,5,Africa/Johannesburg,FALSE,1710614990
Ntuthunga,Ntuthunga,,-28.4616,31.9284,South Africa,ZA,ZAF,KwaZulu-Natal,KwaZulu-Natal,ZA-KZN,,,166.9,,,4,Africa/Johannesburg,FALSE,1710467812
Upper Clifton,Upper Clifton,,-32.3306,26.1327,South Africa,ZA,ZAF,Eastern Cape,Eastern Cape,ZA-EC,province,,0.8,,,5,Africa/Johannesburg,FALSE,1710568068
Xanthia,Xanthia,,-24.8343,31.1486,South Africa,ZA,ZAF,Limpopo,Limpopo,ZA-LP,province,,627.2,,,3,Africa/Johannesburg,FALSE,1710368065
KuBeke,KuBeke,,-31.6429,28.3289,South Africa,ZA,ZAF,Eastern Cape,Eastern Cape,ZA-EC,province,,297.3,,,3,Africa/Johannesburg,FALSE,1710555483
Ngoele,Ngoele,,-32.8000,26.9167,South Africa,ZA,ZAF,Eastern Cape,Eastern Cape,ZA-EC,province,,179.0,,,4,Africa/Johannesburg,FALSE,1710296243
Klipfontein,Klipfontein,,-27.3244,23.9740,South Africa,ZA,ZAF,North West,North West,ZA-NW,province,,1.6,,,5,Africa/Johannesburg,FALSE,1710259257
Ga-Lebelo,Ga-Lebelo,,-23.6426,28.6961,South Africa,ZA,ZAF,Limpopo,Limpopo,ZA-LP,province,,122.7,,,4,Africa/Johannesburg,FALSE,1710730918
Koppie,Koppie,,-29.4545,26.5712,South Africa,ZA,ZAF,Free State,Free State,ZA-FS,province,,0.5,,,5,Africa/Johannesburg,FALSE,1710295554
Kommetjie,Kommetjie,,-27.2004,31.0781,South Africa,ZA,ZAF,Mpumalanga,Mpumalanga,ZA-MP,province,,19.7,,,4,Africa/Johannesburg,FALSE,1710054821
Ga-Ramotsekwane,Ga-Ramotsekwane,,-27.1677,23.8913,South Africa,ZA,ZAF,North West,North West,ZA-NW,province,,191.0,,,4,Africa/Johannesburg,FALSE,1710800155
KwaSaba,KwaSaba,,-31.6895,28.4817,South Africa,ZA,ZAF,Eastern Cape,Eastern Cape,ZA-EC,province,,129.1,,,4,Africa/Johannesburg,FALSE,1710830891
Bayview,Bayview,,-32.6713,28.3009,South Africa,ZA,ZAF,Eastern Cape,Eastern Cape,ZA-EC,province,,2.2,,,5,Africa/Johannesburg,FALSE,1710783342
Moripane,Moripane,,-24.7742,29.8156,South Africa,ZA,ZAF,Limpopo,Limpopo,ZA-LP,province,,217.2,,,3,Africa/Johannesburg,FALSE,1710489775
Moloporivier,Moloporivier,Molopo River,-25.7258,24.2832,South Africa,ZA,ZAF,North West,North West,ZA-NW,province,,1.5,,,5,Africa/Johannesburg,FALSE,1710270576
Ga-Modikana,Ga-Modikana,,-23.6397,29.1933,South Africa,ZA,ZAF,Limpopo,Limpopo,ZA-LP,province,,954.1,,,3,Africa/Johannesburg,FALSE,1710895868
Sonstraal,Sonstraal,,-27.1214,22.4643,South Africa,ZA,ZAF,Northern Cape,Northern Cape,ZA-NC,province,,0.4,,,5,Africa/Johannesburg,FALSE,1710076741
Appelsbosch,Appelsbosch,Appelbos,-29.3847,30.8467,South Africa,ZA,ZAF,KwaZulu-Natal,KwaZulu-Natal,ZA-KZN,,,466.4,,,3,Africa/Johannesburg,FALSE,1710529601
Qamdobowa,Qamdobowa,,-33.0157,27.1039,South Africa,ZA,ZAF,Eastern Cape,Eastern Cape,ZA-EC,province,,236.2,,,3,Africa/Johannesburg,FALSE,1710642652
Bedford,Bedford,,-32.6790,26.0869,South Africa,ZA,ZAF,Eastern Cape,Eastern Cape,ZA-EC,province,,508.2,,,3,Africa/Johannesburg,FALSE,1710970061
Henburg Park,Henburg Park,,-29.2325,29.9342,South Africa,ZA,ZAF,KwaZulu-Natal,KwaZulu-Natal,ZA-KZN,,,6.7,,,5,Africa/Johannesburg,FALSE,1710753414
Mapuzi,Mapuzi,Mapozi,-31.9331,29.1213,South Africa,ZA,ZAF,Eastern Cape,Eastern Cape,ZA-EC,province,,60.7,,,4,Africa/Johannesburg,FALSE,1710904320
Mnxe,Mnxe,Emnxe,-31.5296,27.6201,South Africa,ZA,ZAF,Eastern Cape,Eastern Cape,ZA-EC,province,,137.4,,,4,Africa/Johannesburg,FALSE,1710908805
Merrivale,Merrivale,,-29.5136,30.2341,South Africa,ZA,ZAF,KwaZulu-Natal,KwaZulu-Natal,ZA-KZN,,,793.0,,,3,Africa/Johannesburg,FALSE,1710345345
Tlhakgameng,Tlhakgameng,Tlhakmeng|Tlakaming,-26.4686,24.3401,South Africa,ZA,ZAF,North West,North West,ZA-NW,province,,931.6,,,3,Africa/Johannesburg,FALSE,1710228530
eMangwasha,eMangwasha,,-27.3021,32.1584,South Africa,ZA,ZAF,KwaZulu-Natal,KwaZulu-Natal,ZA-KZN,,,73.8,,,4,Africa/Johannesburg,FALSE,1710079410
KwaMleko,KwaMleko,,-30.4876,28.5363,South Africa,ZA,ZAF,Eastern Cape,Eastern Cape,ZA-EC,province,,196.6,,,4,Africa/Johannesburg,FALSE,1710552876
Ventersdam,Ventersdam,,-31.2865,26.7644,South Africa,ZA,ZAF,Eastern Cape,Eastern Cape,ZA-EC,province,,1.1,,,5,Africa/Johannesburg,FALSE,1710692777
Muthambi,Muthambi,,-22.8000,30.5667,South Africa,ZA,ZAF,Limpopo,Limpopo,ZA-LP,province,,30.1,,,4,Africa/Johannesburg,FALSE,1710877512
Saint Matthews,Saint Matthews,Saint Mathews,-27.9494,30.6181,South Africa,ZA,ZAF,KwaZulu-Natal,KwaZulu-Natal,ZA-KZN,,,509.1,,,3,Africa/Johannesburg,FALSE,1710486316
Swartfontein (4),Swartfontein (4),,-30.9244,26.9082,South Africa,ZA,ZAF,Eastern Cape,Eastern Cape,ZA-EC,province,,1.0,,,5,Africa/Johannesburg,FALSE,1710180236
Mhlopekazi,Mhlopekazi,Mhlopokazi,-31.7279,28.2297,South Africa,ZA,ZAF,Eastern Cape,Eastern Cape,ZA-EC,province,,182.0,,,4,Africa/Johannesburg,FALSE,1710432389
Ruspiaas,Ruspiaas,,-30.2926,25.9345,South Africa,ZA,ZAF,Free State,Free State,ZA-FS,province,,0.4,,,5,Africa/Johannesburg,FALSE,1710033457
Trom,Trom,,-26.6239,23.3932,South Africa,ZA,ZAF,North West,North West,ZA-NW,province,,0.1,,,5,Africa/Johannesburg,FALSE,1710884096
Sterkfontein (1),Sterkfontein (1),,-31.7000,26.4667,South Africa,ZA,ZAF,Eastern Cape,Eastern Cape,ZA-EC,province,,0.6,,,5,Africa/Johannesburg,FALSE,1710734354
Makola,Makola,,-25.1912,29.0290,South Africa,ZA,ZAF,Mpumalanga,Mpumalanga,ZA-MP,province,,1448.6,,,3,Africa/Johannesburg,FALSE,1710802867
Xama,Xama,,-32.0333,28.7167,South Africa,ZA,ZAF,Eastern Cape,Eastern Cape,ZA-EC,province,,178.7,,,4,Africa/Johannesburg,FALSE,1710566927
Mhlanganisweni,Mhlanganisweni,,-31.3761,28.9988,South Africa,ZA,ZAF,Eastern Cape,Eastern Cape,ZA-EC,province,,589.9,,,3,Africa/Johannesburg,FALSE,1710973772
Mhlanganisweni,Mhlanganisweni,,-32.2167,28.9000,South Africa,ZA,ZAF,Eastern Cape,Eastern Cape,ZA-EC,province,,60.4,,,4,Africa/Johannesburg,TRUE,1710619965
Kwa-Mampengeni,Kwa-Mampengeni,,-31.2461,29.0649,South Africa,ZA,ZAF,Eastern Cape,Eastern Cape,ZA-EC,province,,716.1,,,3,Africa/Johannesburg,FALSE,1710712893
Masisi,Masisi,,-22.4216,30.8616,South Africa,ZA,ZAF,Limpopo,Limpopo,ZA-LP,province,,981.4,,,3,Africa/Johannesburg,FALSE,1710237412
Sesfontein,Sesfontein,Zesfontein,-26.0825,28.3677,South Africa,ZA,ZAF,Gauteng,Gauteng,ZA-GP,,,72.1,,,4,Africa/Johannesburg,FALSE,1710113462
Bakensvlei,Bakensvlei,,-29.3535,25.6983,South Africa,ZA,ZAF,Free State,Free State,ZA-FS,province,,0.6,,,5,Africa/Johannesburg,FALSE,1710673777
Modena,Modena,,-31.1508,26.6042,South Africa,ZA,ZAF,Eastern Cape,Eastern Cape,ZA-EC,province,,1.0,,,5,Africa/Johannesburg,FALSE,1710304732
KwaKesa,KwaKesa,,-30.6660,28.8962,South Africa,ZA,ZAF,Eastern Cape,Eastern Cape,ZA-EC,province,,209.6,,,3,Africa/Johannesburg,FALSE,1710945919
Stinkord,Stinkord,,-30.8484,28.6155,South Africa,ZA,ZAF,Eastern Cape,Eastern Cape,ZA-EC,province,,67.2,,,4,Africa/Johannesburg,FALSE,1710752090
Fairbairn Settlement,Fairbairn Settlement,,-46.8762,37.8595,South Africa,ZA,ZAF,Western Cape,Western Cape,ZA-WC,province,,0,,,5,Africa/Johannesburg,FALSE,1710873034
Mabul’s Location,Mabul's Location,,-23.8689,29.8171,South Africa,ZA,ZAF,Limpopo,Limpopo,ZA-LP,province,,100.1,,,4,Africa/Johannesburg,FALSE,1710775317
Bussons Kloof,Bussons Kloof,,-28.5500,20.6000,South Africa,ZA,ZAF,Northern Cape,Northern Cape,ZA-NC,province,,2.7,,,5,Africa/Johannesburg,FALSE,1710584844
Hartebeesfontein,Hartebeesfontein,,-30.1965,26.4128,South Africa,ZA,ZAF,Free State,Free State,ZA-FS,province,,1.6,,,5,Africa/Johannesburg,FALSE,1710821867
Nkwambane,Nkwambane,,-27.0368,32.1398,South Africa,ZA,ZAF,KwaZulu-Natal,KwaZulu-Natal,ZA-KZN,,,79.1,,,4,Africa/Johannesburg,FALSE,1710216636
Julesburg,Julesburg,,-24.0667,30.3167,South Africa,ZA,ZAF,Limpopo,Limpopo,ZA-LP,province,,66.5,,,4,Africa/Johannesburg,FALSE,1710465803
Modiane,Modiane,,-25.1667,27.9833,South Africa,ZA,ZAF,North West,North West,ZA-NW,province,,88.5,,,4,Africa/Johannesburg,FALSE,1710211588
Maryland,Maryland,,-31.5114,25.5747,South Africa,ZA,ZAF,Eastern Cape,Eastern Cape,ZA-EC,province,,2.0,,,5,Africa/Johannesburg,FALSE,1710451061
Kildare,Kildare,,-28.9992,26.8823,South Africa,ZA,ZAF,Free State,Free State,ZA-FS,province,,264.0,,,3,Africa/Johannesburg,FALSE,1710048147
Langpoort,Langpoort,,-31.6167,27.4167,South Africa,ZA,ZAF,Eastern Cape,Eastern Cape,ZA-EC,province,,2.3,,,5,Africa/Johannesburg,FALSE,1710985943
Monarch,Monarch,,-31.7833,28.4333,South Africa,ZA,ZAF,Eastern Cape,Eastern Cape,ZA-EC,province,,165.4,,,4,Africa/Johannesburg,FALSE,1710071445
Mike,Mike,Mikes,-33.7667,22.9167,South Africa,ZA,ZAF,Western Cape,Western Cape,ZA-WC,province,,4.7,,,5,Africa/Johannesburg,FALSE,1710906257
Kaffersleegte (2),Kaffersleegte (2),,-31.8167,25.8167,South Africa,ZA,ZAF,Eastern Cape,Eastern Cape,ZA-EC,province,,0.6,,,5,Africa/Johannesburg,FALSE,1710757045
Geneva,Geneva,,-32.8253,28.0955,South Africa,ZA,ZAF,Eastern Cape,Eastern Cape,ZA-EC,province,,10.0,,,5,Africa/Johannesburg,FALSE,1710150769
Kuruman,Kuruman,,-29.9500,27.0000,South Africa,ZA,ZAF,Free State,Free State,ZA-FS,province,,0.8,,,5,Africa/Johannesburg,FALSE,1710745543
Zidindi,Zidindi,,-31.9908,29.0310,South Africa,ZA,ZAF,Eastern Cape,Eastern Cape,ZA-EC,province,,171.2,,,4,Africa/Johannesburg,FALSE,1710704900
Middelbult,Middelbult,Middebult,-26.8361,28.0494,South Africa,ZA,ZAF,Free State,Free State,ZA-FS,province,,208.1,,,3,Africa/Johannesburg,FALSE,1710755601
Middelbult,Middelbult,,-29.5171,26.9012,South Africa,ZA,ZAF,Free State,Free State,ZA-FS,province,,1.3,,,5,Africa/Johannesburg,TRUE,1710762589
Sijoka,Sijoka,,-30.4670,28.7157,South Africa,ZA,ZAF,Eastern Cape,Eastern Cape,ZA-EC,province,,272.3,,,3,Africa/Johannesburg,FALSE,1710662381
Madinonyane,Madinonyane,,-26.8061,23.7667,South Africa,ZA,ZAF,North West,North West,ZA-NW,province,,150.8,,,4,Africa/Johannesburg,FALSE,1710182680
Goratau,Goratau,,-25.9167,25.4833,South Africa,ZA,ZAF,North West,North West,ZA-NW,province,,36.1,,,4,Africa/Johannesburg,FALSE,1710371739
Maipeng,Maipeng,,-26.1912,25.4689,South Africa,ZA,ZAF,North West,North West,ZA-NW,province,,874.6,,,3,Africa/Johannesburg,FALSE,1710298560
Ga-Mogopa,Ga-Mogopa,,-26.1026,26.8242,South Africa,ZA,ZAF,North West,North West,ZA-NW,province,,1010.0,,,3,Africa/Johannesburg,FALSE,1710715248
Christiana,Christiana,,-31.8138,26.0424,South Africa,ZA,ZAF,Eastern Cape,Eastern Cape,ZA-EC,province,,0.4,,,5,Africa/Johannesburg,FALSE,1710920276
Bloemhof,Bloemhof,,-30.9194,26.2596,South Africa,ZA,ZAF,Eastern Cape,Eastern Cape,ZA-EC,province,,0.7,,,5,Africa/Johannesburg,FALSE,1710203693
New Look,New Look,,-33.8390,20.0889,South Africa,ZA,ZAF,Western Cape,Western Cape,ZA-WC,province,,2840.2,,,2,Africa/Johannesburg,FALSE,1710383567
Camsha,Camsha,,-32.3001,28.7036,South Africa,ZA,ZAF,Eastern Cape,Eastern Cape,ZA-EC,province,,107.8,,,4,Africa/Johannesburg,FALSE,1710903506
Shikundu,Shikundu,,-22.8333,30.8000,South Africa,ZA,ZAF,Limpopo,Limpopo,ZA-LP,province,,982.4,,,3,Africa/Johannesburg,FALSE,1710180506
Ga-Papo,Ga-Papo,,-23.8157,29.8264,South Africa,ZA,ZAF,Limpopo,Limpopo,ZA-LP,province,,94.9,,,4,Africa/Johannesburg,FALSE,1710593023
Nqinayo,Nqinayo,,-31.9833,27.5000,South Africa,ZA,ZAF,Eastern Cape,Eastern Cape,ZA-EC,province,,119.3,,,4,Africa/Johannesburg,FALSE,1710953868
Mqatsheni,Mqatsheni,,-29.6034,29.4830,South Africa,ZA,ZAF,KwaZulu-Natal,KwaZulu-Natal,ZA-KZN,,,15.7,,,4,Africa/Johannesburg,FALSE,1710311162
Glencairn Heights,Glencairn Heights,,-34.1519,18.4271,South Africa,ZA,ZAF,Western Cape,Western Cape,ZA-WC,province,,1169.2,,,3,Africa/Johannesburg,FALSE,1710909002
Mbolompo,Mbolompo,,-31.5048,28.4936,South Africa,ZA,ZAF,Eastern Cape,Eastern Cape,ZA-EC,province,,100.2,,,4,Africa/Johannesburg,FALSE,1710808937
Devon House,Devon House,,-31.3353,25.6163,South Africa,ZA,ZAF,Eastern Cape,Eastern Cape,ZA-EC,province,,0.9,,,5,Africa/Johannesburg,FALSE,1710961889
Lookout,Lookout,,-31.8574,28.1034,South Africa,ZA,ZAF,Eastern Cape,Eastern Cape,ZA-EC,province,,16.6,,,4,Africa/Johannesburg,FALSE,1710702004
Tsende,Tsende,,-23.5290,31.4039,South Africa,ZA,ZAF,Limpopo,Limpopo,ZA-LP,province,,96.7,,,4,Africa/Johannesburg,FALSE,1710613585
Terveen,Terveen,,-22.8842,28.9804,South Africa,ZA,ZAF,Limpopo,Limpopo,ZA-LP,province,,2.0,,,5,Africa/Johannesburg,FALSE,1710238761
Seekoeibaardsnek,Seekoeibaardsnek,Haakdoorn,-28.9833,22.3000,South Africa,ZA,ZAF,Northern Cape,Northern Cape,ZA-NC,province,,0.2,,,5,Africa/Johannesburg,FALSE,1710296624
Boschfontein,Boschfontein,,-30.5833,29.1167,South Africa,ZA,ZAF,KwaZulu-Natal,KwaZulu-Natal,ZA-KZN,,,4.0,,,5,Africa/Johannesburg,FALSE,1710987386
Lupondweni,Lupondweni,,-31.9658,28.5654,South Africa,ZA,ZAF,Eastern Cape,Eastern Cape,ZA-EC,province,,246.3,,,3,Africa/Johannesburg,FALSE,1710993353
Ku-Rebu,Ku-Rebu,,-31.7667,29.3500,South Africa,ZA,ZAF,Eastern Cape,Eastern Cape,ZA-EC,province,,191.2,,,4,Africa/Johannesburg,FALSE,1710766249
Bergsputte,Bergsputte,,-28.8333,23.5667,South Africa,ZA,ZAF,Northern Cape,Northern Cape,ZA-NC,province,,0.3,,,5,Africa/Johannesburg,FALSE,1710113266
Namahadi,Namahadi,,-28.5646,28.8203,South Africa,ZA,ZAF,Free State,Free State,ZA-FS,province,,2294.9,,,2,Africa/Johannesburg,FALSE,1710802403
Klaasjagersberg,Klaasjagersberg,Klaasiagersberg,-34.2369,18.4147,South Africa,ZA,ZAF,Western Cape,Western Cape,ZA-WC,province,,2.3,,,5,Africa/Johannesburg,FALSE,1710414780
Makouspan,Makouspan,,-26.1047,25.6196,South Africa,ZA,ZAF,North West,North West,ZA-NW,province,,659.0,,,3,Africa/Johannesburg,FALSE,1710441675
Ga-Mathapo,Ga-Mathapo,,-23.5198,28.8268,South Africa,ZA,ZAF,Limpopo,Limpopo,ZA-LP,province,,783.1,,,3,Africa/Johannesburg,FALSE,1710959960
Mathateng,Mathateng,,-23.1333,28.8000,South Africa,ZA,ZAF,Limpopo,Limpopo,ZA-LP,province,,5.6,,,5,Africa/Johannesburg,FALSE,1710397981
Qamata Poort,Qamata Poort,,-31.9683,27.4486,South Africa,ZA,ZAF,Eastern Cape,Eastern Cape,ZA-EC,province,,1.5,,,5,Africa/Johannesburg,FALSE,1710975806
Mamitwaskop,Mamitwaskop,,-23.7394,30.4820,South Africa,ZA,ZAF,Limpopo,Limpopo,ZA-LP,province,,1449.4,,,3,Africa/Johannesburg,FALSE,1710856812
Hartebeesrivier,Hartebeesrivier,Hartebeest Rivier,-34.3667,19.5167,South Africa,ZA,ZAF,Western Cape,Western Cape,ZA-WC,province,,18.9,,,4,Africa/Johannesburg,FALSE,1710684344
Manyiseni,Manyiseni,,-26.9129,32.0303,South Africa,ZA,ZAF,KwaZulu-Natal,KwaZulu-Natal,ZA-KZN,,,162.7,,,4,Africa/Johannesburg,FALSE,1710811113
Edendale,Edendale,Edendale-dorp|Edendale Village,-29.6525,30.3150,South Africa,ZA,ZAF,KwaZulu-Natal,KwaZulu-Natal,ZA-KZN,,,7346.7,,,2,Africa/Johannesburg,FALSE,1710208421
Mbem’s,Mbem's,,-32.8167,27.0833,South Africa,ZA,ZAF,Eastern Cape,Eastern Cape,ZA-EC,province,,10.8,,,4,Africa/Johannesburg,FALSE,1710185423
The Junction,The Junction,,-30.6574,26.7666,South Africa,ZA,ZAF,Free State,Free State,ZA-FS,province,,0.6,,,5,Africa/Johannesburg,FALSE,1710701509
Magda,Magda,,-31.4333,25.6833,South Africa,ZA,ZAF,Eastern Cape,Eastern Cape,ZA-EC,province,,0.9,,,5,Africa/Johannesburg,FALSE,1710696086
Makhetheng,Makhetheng,,-30.9167,29.4333,South Africa,ZA,ZAF,Eastern Cape,Eastern Cape,ZA-EC,province,,63.6,,,4,Africa/Johannesburg,FALSE,1710368905
Swartwater,Swartwater,,-31.6746,26.8361,South Africa,ZA,ZAF,Eastern Cape,Eastern Cape,ZA-EC,province,,324.3,,,3,Africa/Johannesburg,FALSE,1710028722
KuGxara,KuGxara,Gxara,-31.9994,28.2881,South Africa,ZA,ZAF,Eastern Cape,Eastern Cape,ZA-EC,province,,190.7,,,4,Africa/Johannesburg,FALSE,1710869977
Sikhulu,Sikhulu,,-30.8955,29.1046,South Africa,ZA,ZAF,Eastern Cape,Eastern Cape,ZA-EC,province,,207.4,,,3,Africa/Johannesburg,FALSE,1710721603
Qangu,Qangu,,-31.5723,28.9999,South Africa,ZA,ZAF,Eastern Cape,Eastern Cape,ZA-EC,province,,312.1,,,3,Africa/Johannesburg,FALSE,1710004105
Beauly,Beauly,,-31.6500,27.4333,South Africa,ZA,ZAF,Eastern Cape,Eastern Cape,ZA-EC,province,,0.6,,,5,Africa/Johannesburg,FALSE,1710133664
Napier,Napier,,-34.4745,19.8981,South Africa,ZA,ZAF,Western Cape,Western Cape,ZA-WC,province,,863.1,,,3,Africa/Johannesburg,FALSE,1710242057
Grootvlei,Grootvlei,,-26.7625,28.4838,South Africa,ZA,ZAF,Mpumalanga,Mpumalanga,ZA-MP,province,,1037.2,,,3,Africa/Johannesburg,FALSE,1710424945
Coleford,Coleford,,-29.9584,29.4702,South Africa,ZA,ZAF,KwaZulu-Natal,KwaZulu-Natal,ZA-KZN,,,12.1,,,4,Africa/Johannesburg,FALSE,1710692485
Blackmoor,Blackmoor,,-29.8833,29.4500,South Africa,ZA,ZAF,KwaZulu-Natal,KwaZulu-Natal,ZA-KZN,,,2.7,,,5,Africa/Johannesburg,FALSE,1710258851
Pony,Pony,,-24.8500,27.1000,South Africa,ZA,ZAF,Limpopo,Limpopo,ZA-LP,province,,0.6,,,5,Africa/Johannesburg,FALSE,1710280393
Bolandsrus,Bolandsrus,,-29.9910,26.5640,South Africa,ZA,ZAF,Free State,Free State,ZA-FS,province,,0.8,,,5,Africa/Johannesburg,FALSE,1710565521
Goodhope,Goodhope,,-33.0478,27.1407,South Africa,ZA,ZAF,Eastern Cape,Eastern Cape,ZA-EC,province,,0.7,,,5,Africa/Johannesburg,FALSE,1710517122
Stormberg,Stormberg,,-31.2833,26.2833,South Africa,ZA,ZAF,Eastern Cape,Eastern Cape,ZA-EC,province,,0.6,,,5,Africa/Johannesburg,FALSE,1710638263
Lekubu,Lekubu,,-25.3867,26.0939,South Africa,ZA,ZAF,North West,North West,ZA-NW,province,,872.4,,,3,Africa/Johannesburg,FALSE,1710991834
Cwecweni,Cwecweni,,-31.9392,28.0487,South Africa,ZA,ZAF,Eastern Cape,Eastern Cape,ZA-EC,province,,239.8,,,3,Africa/Johannesburg,FALSE,1710227270
Sitishini,Sitishini,,-32.0486,28.5085,South Africa,ZA,ZAF,Eastern Cape,Eastern Cape,ZA-EC,province,,61.3,,,4,Africa/Johannesburg,FALSE,1710354551
Sonskyn,Sonskyn,,-31.6569,26.5531,South Africa,ZA,ZAF,Eastern Cape,Eastern Cape,ZA-EC,province,,0.8,,,5,Africa/Johannesburg,FALSE,1710085477
Perdekraal,Perdekraal,,-29.4006,26.4665,South Africa,ZA,ZAF,Free State,Free State,ZA-FS,province,,0.5,,,5,Africa/Johannesburg,FALSE,1710319829
Molapong,Molapong,,-24.5833,30.2333,South Africa,ZA,ZAF,Limpopo,Limpopo,ZA-LP,province,,85.3,,,4,Africa/Johannesburg,FALSE,1710645840
Uitkyk,Uitkyk,,-26.2088,25.5599,South Africa,ZA,ZAF,North West,North West,ZA-NW,province,,58.1,,,4,Africa/Johannesburg,FALSE,1710429912
Welgedag,Welgedag,,-26.2100,28.5013,South Africa,ZA,ZAF,Gauteng,Gauteng,ZA-GP,,,1130.7,,,3,Africa/Johannesburg,FALSE,1710319112
Mfulamhle,Mfulamhle,Mfulamuhla,-30.2083,29.9126,South Africa,ZA,ZAF,KwaZulu-Natal,KwaZulu-Natal,ZA-KZN,,,296.1,,,3,Africa/Johannesburg,FALSE,1710621202
Kristal,Kristal,,-26.6833,31.2167,South Africa,ZA,ZAF,Northern Cape,Northern Cape,ZA-NC,province,,52.4,,,4,Africa/Mbabane,FALSE,1710114564
Tsitsikamma,Tsitsikamma,,-32.2204,26.5697,South Africa,ZA,ZAF,Eastern Cape,Eastern Cape,ZA-EC,province,,196.8,,,4,Africa/Johannesburg,FALSE,1710133465
Nayijele,Nayijele,,-31.3031,28.4241,South Africa,ZA,ZAF,Eastern Cape,Eastern Cape,ZA-EC,province,,115.9,,,4,Africa/Johannesburg,FALSE,1710347366
Sipambo Basin,Sipambo Basin,,-30.6436,27.5687,South Africa,ZA,ZAF,Eastern Cape,Eastern Cape,ZA-EC,province,,36.9,,,4,Africa/Johannesburg,FALSE,1710564278
Nuweplaas,Nuweplaas,Nieuweplaats,-33.7697,23.5724,South Africa,ZA,ZAF,Eastern Cape,Eastern Cape,ZA-EC,province,,15.5,,,4,Africa/Johannesburg,FALSE,1710314519
Ntshilini,Ntshilini,Nchelini,-31.9026,29.1491,South Africa,ZA,ZAF,Eastern Cape,Eastern Cape,ZA-EC,province,,126.7,,,4,Africa/Johannesburg,FALSE,1710572586
Kanana,Kanana,,-26.9639,26.6299,South Africa,ZA,ZAF,North West,North West,ZA-NW,province,,6265.8,,,2,Africa/Johannesburg,FALSE,1710699907
Sinathingi,Sinathingi,,-29.6802,30.2816,South Africa,ZA,ZAF,KwaZulu-Natal,KwaZulu-Natal,ZA-KZN,,,1591.2,,,3,Africa/Johannesburg,FALSE,1710394047
Ga-Mamatlhola,Ga-Mamatlhola,,-24.2417,30.4706,South Africa,ZA,ZAF,Limpopo,Limpopo,ZA-LP,province,,1046.3,,,3,Africa/Johannesburg,FALSE,1710321990
Vreeniging,Vreeniging,,-31.5387,25.8761,South Africa,ZA,ZAF,Eastern Cape,Eastern Cape,ZA-EC,province,,0.8,,,5,Africa/Johannesburg,FALSE,1710349785
Hlane,Hlane,,-30.9171,29.0598,South Africa,ZA,ZAF,Eastern Cape,Eastern Cape,ZA-EC,province,,101.7,,,4,Africa/Johannesburg,FALSE,1710787888
King William’s Town,King William's Town,,-32.8803,27.3945,South Africa,ZA,ZAF,Eastern Cape,Eastern Cape,ZA-EC,province,,1679.7,,,3,Africa/Johannesburg,FALSE,1710907858
Baltimore,Baltimore,,-23.2665,28.4347,South Africa,ZA,ZAF,Limpopo,Limpopo,ZA-LP,province,,1.7,,,5,Africa/Johannesburg,FALSE,1710712531
Witvoloos,Witvoloos,,-28.3443,31.3992,South Africa,ZA,ZAF,KwaZulu-Natal,KwaZulu-Natal,ZA-KZN,,,6.6,,,5,Africa/Johannesburg,FALSE,1710064013
Sodoma,Sodoma,,-23.5087,28.7328,South Africa,ZA,ZAF,Limpopo,Limpopo,ZA-LP,province,,251.3,,,3,Africa/Johannesburg,FALSE,1710258556
Ncoha Flats,Ncoha Flats,Ncora Flats|Neura Flats,-31.8022,27.7689,South Africa,ZA,ZAF,Eastern Cape,Eastern Cape,ZA-EC,province,,19.5,,,4,Africa/Johannesburg,FALSE,1710849667
KwaNkomfe,KwaNkomfe,,-27.3276,31.5139,South Africa,ZA,ZAF,KwaZulu-Natal,KwaZulu-Natal,ZA-KZN,,,103.6,,,4,Africa/Johannesburg,FALSE,1710000075
Louw’s Creek,Louw's Creek,,-25.6422,31.2912,South Africa,ZA,ZAF,Mpumalanga,Mpumalanga,ZA-MP,province,,10.6,,,4,Africa/Johannesburg,FALSE,1710724846
KuNjemane,KuNjemane,,-31.8655,28.3806,South Africa,ZA,ZAF,Eastern Cape,Eastern Cape,ZA-EC,province,,70.6,,,4,Africa/Johannesburg,FALSE,1710018261
Zeekogat,Zeekogat,,-29.4500,30.4500,South Africa,ZA,ZAF,KwaZulu-Natal,KwaZulu-Natal,ZA-KZN,,,17.3,,,4,Africa/Johannesburg,FALSE,1710613939
Sarana Hall,Sarana Hall,,-25.0817,31.0974,South Africa,ZA,ZAF,Mpumalanga,Mpumalanga,ZA-MP,province,,20.8,,,4,Africa/Johannesburg,FALSE,1710394101
Stockdale,Stockdale,,-31.7106,26.0488,South Africa,ZA,ZAF,Eastern Cape,Eastern Cape,ZA-EC,province,,0.6,,,5,Africa/Johannesburg,FALSE,1710549594
Ntsubane Bosboustasie,Ntsubane Bosboustasie,,-31.4000,29.6833,South Africa,ZA,ZAF,Eastern Cape,Eastern Cape,ZA-EC,province,,6.7,,,5,Africa/Johannesburg,FALSE,1710834242
Putfontein,Putfontein,,-26.2500,26.4833,South Africa,ZA,ZAF,North West,North West,ZA-NW,province,,4.6,,,5,Africa/Johannesburg,FALSE,1710569365
eManzini,eManzini,,-25.1761,31.1378,South Africa,ZA,ZAF,Mpumalanga,Mpumalanga,ZA-MP,province,,3111.0,,,2,Africa/Johannesburg,FALSE,1710679108
Madibogo,Madibogo,,-26.4187,25.1823,South Africa,ZA,ZAF,North West,North West,ZA-NW,province,,621.2,,,3,Africa/Johannesburg,FALSE,1710196563
Mabopane,Mabopane,,-25.4977,28.1007,South Africa,ZA,ZAF,Gauteng,Gauteng,ZA-GP,,,5891.3,,,2,Africa/Johannesburg,FALSE,1710934920
The Gums,The Gums,,-30.3333,28.7500,South Africa,ZA,ZAF,Eastern Cape,Eastern Cape,ZA-EC,province,,413.7,,,3,Africa/Johannesburg,FALSE,1710498261
Ha-Rabali,Ha-Rabali,,-22.8786,30.0939,South Africa,ZA,ZAF,Limpopo,Limpopo,ZA-LP,province,,1413.1,,,3,Africa/Johannesburg,FALSE,1710665691
Roodepoort Nedersetting,Roodepoort Nedersetting,Roodepoort Settlement,-27.2191,27.5060,South Africa,ZA,ZAF,Free State,Free State,ZA-FS,province,,8.0,,,5,Africa/Johannesburg,FALSE,1710279884
Spitskop,Spitskop,,-29.0357,26.7767,South Africa,ZA,ZAF,Free State,Free State,ZA-FS,province,,211.0,,,3,Africa/Johannesburg,FALSE,1710420541
Spitskop,Spitskop,,-29.6589,25.9309,South Africa,ZA,ZAF,Free State,Free State,ZA-FS,province,,0.6,,,5,Africa/Johannesburg,TRUE,1710862690
Spitskop,Spitskop,,-29.6000,26.3333,South Africa,ZA,ZAF,Free State,Free State,ZA-FS,province,,0.5,,,5,Africa/Johannesburg,TRUE,1710918127
Montagu,Montagu,,-30.1547,26.3935,South Africa,ZA,ZAF,Free State,Free State,ZA-FS,province,,0.6,,,5,Africa/Johannesburg,FALSE,1710662368
Mkambati,Mkambati,,-31.2824,29.9541,South Africa,ZA,ZAF,Eastern Cape,Eastern Cape,ZA-EC,province,,41.8,,,4,Africa/Johannesburg,FALSE,1710557603
Morea,Morea,,-24.6965,31.1240,South Africa,ZA,ZAF,Mpumalanga,Mpumalanga,ZA-MP,province,,698.0,,,3,Africa/Johannesburg,FALSE,1710107182
Wildebeeslaagte,Wildebeeslaagte,,-28.5020,27.3579,South Africa,ZA,ZAF,Free State,Free State,ZA-FS,province,,1.8,,,5,Africa/Johannesburg,FALSE,1710624256
Magareng,Magareng,,-25.0833,28.6167,South Africa,ZA,ZAF,Mpumalanga,Mpumalanga,ZA-MP,province,,708.7,,,3,Africa/Johannesburg,FALSE,1710623423
Nkonjeni,Nkonjeni,Norwegian|Norwegian Mission Station,-28.2268,31.4161,South Africa,ZA,ZAF,KwaZulu-Natal,KwaZulu-Natal,ZA-KZN,,,366.2,,,3,Africa/Johannesburg,FALSE,1710685337
Jericho,Jericho,Jerico,-25.3357,27.8049,South Africa,ZA,ZAF,North West,North West,ZA-NW,province,,942.0,,,3,Africa/Johannesburg,FALSE,1710585149
Jalamba,Jalamba,,-32.0333,28.7333,South Africa,ZA,ZAF,Eastern Cape,Eastern Cape,ZA-EC,province,,153.6,,,4,Africa/Johannesburg,FALSE,1710324666
Eisleben,Eisleben,,-23.5186,29.8414,South Africa,ZA,ZAF,Limpopo,Limpopo,ZA-LP,province,,872.9,,,3,Africa/Johannesburg,FALSE,1710298138
Grantleigh,Grantleigh,,-28.8500,29.6333,South Africa,ZA,ZAF,KwaZulu-Natal,KwaZulu-Natal,ZA-KZN,,,4.9,,,5,Africa/Johannesburg,FALSE,1710891436
Moepeng,Moepeng,,-24.3000,29.5667,South Africa,ZA,ZAF,Limpopo,Limpopo,ZA-LP,province,,1166.3,,,3,Africa/Johannesburg,FALSE,1710894215
Piet se Bos,Piet se Bos,,-27.2131,23.2417,South Africa,ZA,ZAF,North West,North West,ZA-NW,province,,182.3,,,4,Africa/Johannesburg,FALSE,1710297046
KwaLiba,KwaLiba,,-27.3001,31.3684,South Africa,ZA,ZAF,KwaZulu-Natal,KwaZulu-Natal,ZA-KZN,,,356.8,,,3,Africa/Johannesburg,FALSE,1710000074
Lujecweni,Lujecweni,,-31.0599,29.5674,South Africa,ZA,ZAF,Eastern Cape,Eastern Cape,ZA-EC,province,,906.9,,,3,Africa/Johannesburg,FALSE,1710430678
Lujecweni,Lujecweni,,-31.2645,28.5854,South Africa,ZA,ZAF,Eastern Cape,Eastern Cape,ZA-EC,province,,409.9,,,3,Africa/Johannesburg,TRUE,1710597484
Moshira,Moshira,,-24.3445,30.0970,South Africa,ZA,ZAF,Limpopo,Limpopo,ZA-LP,province,,285.0,,,3,Africa/Johannesburg,FALSE,1710138584
Phosiri,Phosiri,,-24.3652,29.7005,South Africa,ZA,ZAF,Limpopo,Limpopo,ZA-LP,province,,260.5,,,3,Africa/Johannesburg,FALSE,1710433512
eMachobeni,eMachobeni,,-27.1101,31.9984,South Africa,ZA,ZAF,KwaZulu-Natal,KwaZulu-Natal,ZA-KZN,,,184.0,,,4,Africa/Johannesburg,FALSE,1710295715
Mosesriviersmond,Mosesriviersmond,,-24.9894,29.3441,South Africa,ZA,ZAF,Mpumalanga,Mpumalanga,ZA-MP,province,,30.2,,,4,Africa/Johannesburg,FALSE,1710314588
Lovat,Lovat,,-30.5667,30.1167,South Africa,ZA,ZAF,KwaZulu-Natal,KwaZulu-Natal,ZA-KZN,,,11.3,,,4,Africa/Johannesburg,FALSE,1710445537
Mandleni,Mandleni,,-31.8329,29.1033,South Africa,ZA,ZAF,Eastern Cape,Eastern Cape,ZA-EC,province,,266.3,,,3,Africa/Johannesburg,FALSE,1710689679
Sonderwaterkraal,Sonderwaterkraal,,-31.8647,19.0723,South Africa,ZA,ZAF,Northern Cape,Northern Cape,ZA-NC,province,,0.8,,,5,Africa/Johannesburg,FALSE,1710736042
Daveyton,Daveyton,,-26.1382,28.4249,South Africa,ZA,ZAF,Gauteng,Gauteng,ZA-GP,,,11203.4,,,2,Africa/Johannesburg,FALSE,1710956029
Welverdiend,Welverdiend,,-26.0450,25.7531,South Africa,ZA,ZAF,North West,North West,ZA-NW,province,,918.3,,,3,Africa/Johannesburg,FALSE,1710063781
Crown Douglas,Crown Douglas,,-25.8483,28.9194,South Africa,ZA,ZAF,Gauteng,Gauteng,ZA-GP,,,6.2,,,5,Africa/Johannesburg,FALSE,1710933747
Constantia,Constantia,,-29.6000,26.5500,South Africa,ZA,ZAF,Free State,Free State,ZA-FS,province,,3.9,,,5,Africa/Johannesburg,FALSE,1710758639
Nkonkobe,Nkonkobe,,-31.7410,26.8637,South Africa,ZA,ZAF,Eastern Cape,Eastern Cape,ZA-EC,province,,144.0,,,4,Africa/Johannesburg,FALSE,1710026280
Merinowelk,Merinowelk,,-31.5691,26.7929,South Africa,ZA,ZAF,Eastern Cape,Eastern Cape,ZA-EC,province,,1.4,,,5,Africa/Johannesburg,FALSE,1710562795
Clarevale,Clarevale,,-30.6522,29.9160,South Africa,ZA,ZAF,KwaZulu-Natal,KwaZulu-Natal,ZA-KZN,,,76.1,,,4,Africa/Johannesburg,FALSE,1710927167
Houtbosdorp,Houtbosdorp,Houtboschdorp,-23.8153,29.8998,South Africa,ZA,ZAF,Limpopo,Limpopo,ZA-LP,province,,1.2,,,5,Africa/Johannesburg,FALSE,1710632343
Frankstead,Frankstead,,-31.0047,28.3744,South Africa,ZA,ZAF,Eastern Cape,Eastern Cape,ZA-EC,province,,0.8,,,5,Africa/Johannesburg,FALSE,1710501252
Bebeza,Bebeza,,-30.5247,27.6585,South Africa,ZA,ZAF,Eastern Cape,Eastern Cape,ZA-EC,province,,236.7,,,3,Africa/Johannesburg,FALSE,1710624527
Magobe,Magobe,,-27.3862,23.4593,South Africa,ZA,ZAF,North West,North West,ZA-NW,province,,2267.2,,,2,Africa/Johannesburg,FALSE,1710818405
Matshaneng,Matshaneng,,-27.0713,23.7548,South Africa,ZA,ZAF,North West,North West,ZA-NW,province,,562.1,,,3,Africa/Johannesburg,FALSE,1710470173
Wolfkop,Wolfkop,,-29.1285,26.0713,South Africa,ZA,ZAF,Free State,Free State,ZA-FS,province,,4.1,,,5,Africa/Johannesburg,FALSE,1710722084
Meadowbank,Meadowbank,,-23.7040,30.3925,South Africa,ZA,ZAF,Limpopo,Limpopo,ZA-LP,province,,777.7,,,3,Africa/Johannesburg,FALSE,1710280498
Bladgrond-Noord,Bladgrond-Noord,Bladgrond,-28.8333,19.8500,South Africa,ZA,ZAF,Northern Cape,Northern Cape,ZA-NC,province,,0.0,,,5,Africa/Johannesburg,FALSE,1710426743
Lemoenkloof (2),Lemoenkloof (2),,-31.0193,26.7145,South Africa,ZA,ZAF,Eastern Cape,Eastern Cape,ZA-EC,province,,1.0,,,5,Africa/Johannesburg,FALSE,1710978920
Ntlonyane,Ntlonyane,Ntlonyana|Nthlonyane|Nthlonyana,-32.0704,28.8133,South Africa,ZA,ZAF,Eastern Cape,Eastern Cape,ZA-EC,province,,248.8,,,3,Africa/Johannesburg,FALSE,1710342824
Spitskop (2),Spitskop (2),,-31.5886,26.0100,South Africa,ZA,ZAF,Eastern Cape,Eastern Cape,ZA-EC,province,,0.5,,,5,Africa/Johannesburg,FALSE,1710064325
Mbekakanye,Mbekakanye,,-27.3661,31.5412,South Africa,ZA,ZAF,KwaZulu-Natal,KwaZulu-Natal,ZA-KZN,,,228.5,,,3,Africa/Johannesburg,FALSE,1710443436
Veepos,Veepos,,-29.7833,21.7000,South Africa,ZA,ZAF,Northern Cape,Northern Cape,ZA-NC,province,,0.1,,,5,Africa/Johannesburg,FALSE,1710672506
Blauwvlei,Blauwvlei,,-33.6593,19.0352,South Africa,ZA,ZAF,Western Cape,Western Cape,ZA-WC,province,,3.8,,,5,Africa/Johannesburg,FALSE,1710165943
Sterkrivier,Sterkrivier,,-24.1579,28.7401,South Africa,ZA,ZAF,Limpopo,Limpopo,ZA-LP,province,,5.5,,,5,Africa/Johannesburg,FALSE,1710183173
Godlogodlwane,Godlogodlwane,,-27.2540,32.2173,South Africa,ZA,ZAF,KwaZulu-Natal,KwaZulu-Natal,ZA-KZN,,,25.0,,,4,Africa/Johannesburg,FALSE,1710223270
Mantanieni,Mantanieni,,-32.2167,28.7667,South Africa,ZA,ZAF,Eastern Cape,Eastern Cape,ZA-EC,province,,107.2,,,4,Africa/Johannesburg,FALSE,1710388106
Mmahlogo,Mmahlogo,,-23.9621,28.8205,South Africa,ZA,ZAF,Limpopo,Limpopo,ZA-LP,province,,573.7,,,3,Africa/Johannesburg,FALSE,1710799163
Cooperdale,Cooperdale,Couperdale,-30.5042,29.5673,South Africa,ZA,ZAF,KwaZulu-Natal,KwaZulu-Natal,ZA-KZN,,,6.4,,,5,Africa/Johannesburg,FALSE,1710073717
Diaz,Diaz,,-26.6684,23.1146,South Africa,ZA,ZAF,North West,North West,ZA-NW,province,,0.1,,,5,Africa/Johannesburg,FALSE,1710978716
Springfontein,Springfontein,,-29.4271,26.9052,South Africa,ZA,ZAF,Free State,Free State,ZA-FS,province,,147.5,,,4,Africa/Johannesburg,TRUE,1710626564
Kileneni Ranch,Kileneni Ranch,,-24.7500,28.6167,South Africa,ZA,ZAF,Limpopo,Limpopo,ZA-LP,province,,1.6,,,5,Africa/Johannesburg,FALSE,1710233680
Bhokweni,Bhokweni,,-30.9087,29.5612,South Africa,ZA,ZAF,Eastern Cape,Eastern Cape,ZA-EC,province,,67.2,,,4,Africa/Johannesburg,FALSE,1710548205
Claredon,Claredon,,-29.5984,30.3567,South Africa,ZA,ZAF,KwaZulu-Natal,KwaZulu-Natal,ZA-KZN,,,1526.3,,,3,Africa/Johannesburg,FALSE,1710480952
Koopmansfontein,Koopmansfontein,,-28.2410,24.0370,South Africa,ZA,ZAF,Northern Cape,Northern Cape,ZA-NC,province,,0.8,,,3,Africa/Johannesburg,FALSE,1710261214
Ga-Mampa,Ga-Mampa,,-24.1167,30.0833,South Africa,ZA,ZAF,Limpopo,Limpopo,ZA-LP,province,,54.8,,,4,Africa/Johannesburg,FALSE,1710781144
Joubertstroom,Joubertstroom,,-29.9833,30.1500,South Africa,ZA,ZAF,KwaZulu-Natal,KwaZulu-Natal,ZA-KZN,,,4.7,,,5,Africa/Johannesburg,FALSE,1710963946
Swanepoelsrust,Swanepoelsrust,,-24.5667,27.9833,South Africa,ZA,ZAF,Limpopo,Limpopo,ZA-LP,province,,1.0,,,5,Africa/Johannesburg,FALSE,1710391924
Skietfontein,Skietfontein,,-31.6838,26.5996,South Africa,ZA,ZAF,Eastern Cape,Eastern Cape,ZA-EC,province,,0.8,,,5,Africa/Johannesburg,FALSE,1710223945
Dangers Hoek,Dangers Hoek,,-30.6210,27.7833,South Africa,ZA,ZAF,Eastern Cape,Eastern Cape,ZA-EC,province,,17.1,,,4,Africa/Johannesburg,FALSE,1710977287
Kwa-Kahla,Kwa-Kahla,,-31.5695,28.4967,South Africa,ZA,ZAF,Eastern Cape,Eastern Cape,ZA-EC,province,,14.6,,,4,Africa/Johannesburg,FALSE,1710770182
Boplaas,Boplaas,Spies,-33.4692,22.2610,South Africa,ZA,ZAF,Western Cape,Western Cape,ZA-WC,province,,11.4,,,4,Africa/Johannesburg,FALSE,1710688699
Cobalt,Cobalt,Cobalt Mine,-25.3667,29.4833,South Africa,ZA,ZAF,Mpumalanga,Mpumalanga,ZA-MP,province,,1.6,,,5,Africa/Johannesburg,FALSE,1710827257
Vrywillig,Vrywillig,,-26.2833,24.6000,South Africa,ZA,ZAF,North West,North West,ZA-NW,province,,1.8,,,5,Africa/Johannesburg,FALSE,1710099805
Kwa-Hoyi,Kwa-Hoyi,,-33.2169,27.2972,South Africa,ZA,ZAF,Eastern Cape,Eastern Cape,ZA-EC,province,,129.7,,,4,Africa/Johannesburg,FALSE,1710295708
Kalkfontein,Kalkfontein,,-24.9833,28.6333,South Africa,ZA,ZAF,Limpopo,Limpopo,ZA-LP,province,,1.6,,,5,Africa/Johannesburg,FALSE,1710044535
Kalkfontein,Kalkfontein,Kalfontein,-24.7336,28.8663,South Africa,ZA,ZAF,Limpopo,Limpopo,ZA-LP,province,,1.1,,,5,Africa/Johannesburg,TRUE,1710159652
Mpolweni,Mpolweni,Impolweni,-29.4283,30.4916,South Africa,ZA,ZAF,KwaZulu-Natal,KwaZulu-Natal,ZA-KZN,,,504.3,,,3,Africa/Johannesburg,FALSE,1710426213
Bain’s Vlei,Bain's Vlei,,-29.0570,26.1310,South Africa,ZA,ZAF,Free State,Free State,ZA-FS,province,,61.8,,,3,Africa/Johannesburg,FALSE,1710288408
Nhlarweni,Nhlarweni,,-23.7643,31.1597,South Africa,ZA,ZAF,Limpopo,Limpopo,ZA-LP,province,,0.1,,,5,Africa/Johannesburg,FALSE,1710320513
Deemount,Deemount,Deemont,-30.6778,29.8468,South Africa,ZA,ZAF,KwaZulu-Natal,KwaZulu-Natal,ZA-KZN,,,2.2,,,5,Africa/Johannesburg,FALSE,1710910586
KuDlabhane,KuDlabhane,,-30.9500,28.7500,South Africa,ZA,ZAF,Eastern Cape,Eastern Cape,ZA-EC,province,,100.7,,,4,Africa/Johannesburg,FALSE,1710190404
Seaforth,Seaforth,,-29.9720,30.0661,South Africa,ZA,ZAF,KwaZulu-Natal,KwaZulu-Natal,ZA-KZN,,,2.9,,,5,Africa/Johannesburg,FALSE,1710942547
Bethania,Bethania,,-30.6384,28.3039,South Africa,ZA,ZAF,Eastern Cape,Eastern Cape,ZA-EC,province,,0.6,,,5,Africa/Johannesburg,FALSE,1710532098
Orangia,Orangia,,-26.9333,26.8167,South Africa,ZA,ZAF,Free State,Free State,ZA-FS,province,,13.7,,,4,Africa/Johannesburg,FALSE,1710316725
Locatie van Ramagoep,Locatie van Ramagoep,Ramokgopaslokasie,-23.5000,29.8167,South Africa,ZA,ZAF,Limpopo,Limpopo,ZA-LP,province,,2.0,,,5,Africa/Johannesburg,FALSE,1710437131
KuMbulunga,KuMbulunga,,-30.8902,28.4587,South Africa,ZA,ZAF,Eastern Cape,Eastern Cape,ZA-EC,province,,23.5,,,4,Africa/Johannesburg,FALSE,1710460841
Weltevrede,Weltevrede,,-30.6037,21.1503,South Africa,ZA,ZAF,Northern Cape,Northern Cape,ZA-NC,province,,0.1,,,5,Africa/Johannesburg,FALSE,1710557463
Allemansdrif,Allemansdrif,,-25.1140,28.9095,South Africa,ZA,ZAF,Mpumalanga,Mpumalanga,ZA-MP,province,,2812.2,,,2,Africa/Johannesburg,FALSE,1710548527
Ga-Thameng,Ga-Thameng,,-27.1636,23.8425,South Africa,ZA,ZAF,North West,North West,ZA-NW,province,,87.2,,,4,Africa/Johannesburg,FALSE,1710780004
Ga-Thameng,Ga-Thameng,,-27.0093,23.8494,South Africa,ZA,ZAF,North West,North West,ZA-NW,province,,4.2,,,5,Africa/Johannesburg,TRUE,1710854684
Maqwathini,Maqwathini,,-31.8026,27.5483,South Africa,ZA,ZAF,Eastern Cape,Eastern Cape,ZA-EC,province,,276.3,,,3,Africa/Johannesburg,FALSE,1710529019
Sikhepheni,Sikhepheni,,-30.8430,28.6525,South Africa,ZA,ZAF,Eastern Cape,Eastern Cape,ZA-EC,province,,91.4,,,4,Africa/Johannesburg,FALSE,1710284147
Willowdale,Willowdale,,-31.4622,27.0412,South Africa,ZA,ZAF,Eastern Cape,Eastern Cape,ZA-EC,province,,0.8,,,5,Africa/Johannesburg,FALSE,1710519464
New Largo,New Largo,,-25.9783,28.9735,South Africa,ZA,ZAF,Mpumalanga,Mpumalanga,ZA-MP,province,,48.0,,,4,Africa/Johannesburg,FALSE,1710000061
Tahiti,Tahiti,Voorbeeld Nedersetting,-31.5376,18.2440,South Africa,ZA,ZAF,Western Cape,Western Cape,ZA-WC,province,,8.6,,,5,Africa/Johannesburg,FALSE,1710738245
Taaibosbult,Taaibosbult,,-26.8782,27.0474,South Africa,ZA,ZAF,North West,North West,ZA-NW,province,,8.6,,,5,Africa/Johannesburg,FALSE,1710206548
Newtown,Newtown,,-33.6733,19.0032,South Africa,ZA,ZAF,Western Cape,Western Cape,ZA-WC,province,,4432.0,,,2,Africa/Johannesburg,FALSE,1710372766
Newtown,Newtown,,-33.2833,19.1667,South Africa,ZA,ZAF,Western Cape,Western Cape,ZA-WC,province,,64.5,,,4,Africa/Johannesburg,TRUE,1710519024
Mangati,Mangati,,-32.0845,28.3812,South Africa,ZA,ZAF,Eastern Cape,Eastern Cape,ZA-EC,province,,171.5,,,4,Africa/Johannesburg,FALSE,1710636205
Tweetstroom,Tweetstroom,,-24.4263,28.1078,South Africa,ZA,ZAF,Limpopo,Limpopo,ZA-LP,province,,1.5,,,5,Africa/Johannesburg,FALSE,1710920660
Nelsig,Nelsig,,-32.5830,25.1463,South Africa,ZA,ZAF,Eastern Cape,Eastern Cape,ZA-EC,province,,1441.3,,,3,Africa/Johannesburg,FALSE,1710334760
Kafferskop,Kafferskop,,-29.6864,26.7997,South Africa,ZA,ZAF,Free State,Free State,ZA-FS,province,,0.6,,,5,Africa/Johannesburg,FALSE,1710699244
Maokantsi,Maokantsi,,-27.0792,23.8228,South Africa,ZA,ZAF,North West,North West,ZA-NW,province,,24.3,,,4,Africa/Johannesburg,FALSE,1710317902
Ramokikwana,Ramokikwana,,-27.1585,23.8938,South Africa,ZA,ZAF,North West,North West,ZA-NW,province,,70.5,,,4,Africa/Johannesburg,FALSE,1710581874
The Rocks,The Rocks,,-26.0000,28.8667,South Africa,ZA,ZAF,Mpumalanga,Mpumalanga,ZA-MP,province,,11.1,,,4,Africa/Johannesburg,FALSE,1710575973
Calucalu,Calucalu,,-30.8143,28.5626,South Africa,ZA,ZAF,Eastern Cape,Eastern Cape,ZA-EC,province,,72.3,,,4,Africa/Johannesburg,FALSE,1710761073
Poortjie,Poortjie,,-30.0479,26.8856,South Africa,ZA,ZAF,Free State,Free State,ZA-FS,province,,1.6,,,5,Africa/Johannesburg,FALSE,1710750491
Poortjie,Poortjie,,-30.0191,26.2724,South Africa,ZA,ZAF,Free State,Free State,ZA-FS,province,,0.6,,,5,Africa/Johannesburg,TRUE,1710181044
Poortjie,Poortjie,,-29.4477,26.4557,South Africa,ZA,ZAF,Free State,Free State,ZA-FS,province,,0.5,,,5,Africa/Johannesburg,TRUE,1710992719
Brownridge,Brownridge,,-24.9500,28.1000,South Africa,ZA,ZAF,Limpopo,Limpopo,ZA-LP,province,,1.7,,,5,Africa/Johannesburg,FALSE,1710106578
Tshenzhelani,Tshenzhelani,,-22.3892,30.8235,South Africa,ZA,ZAF,Limpopo,Limpopo,ZA-LP,province,,220.8,,,3,Africa/Johannesburg,FALSE,1710577171
Pinelands,Pinelands,,-29.8333,30.8500,South Africa,ZA,ZAF,KwaZulu-Natal,KwaZulu-Natal,ZA-KZN,,,2136.8,,,2,Africa/Johannesburg,FALSE,1710266010
Gamollo,Gamollo,,-27.3333,23.3500,South Africa,ZA,ZAF,North West,North West,ZA-NW,province,,1037.7,,,3,Africa/Johannesburg,FALSE,1710014829
Wasbank,Wasbank,,-30.7790,26.0554,South Africa,ZA,ZAF,Eastern Cape,Eastern Cape,ZA-EC,province,,0.7,,,5,Africa/Johannesburg,FALSE,1710465439
Magombeni,Magombeni,,-30.8883,29.6552,South Africa,ZA,ZAF,Eastern Cape,Eastern Cape,ZA-EC,province,,106.7,,,4,Africa/Johannesburg,FALSE,1710076876
Ntsizwa,Ntsizwa,Insizwa,-30.7382,29.2475,South Africa,ZA,ZAF,Eastern Cape,Eastern Cape,ZA-EC,province,,245.4,,,3,Africa/Johannesburg,FALSE,1710260586
Cungwana,Cungwana,,-31.7674,27.4634,South Africa,ZA,ZAF,Eastern Cape,Eastern Cape,ZA-EC,province,,154.7,,,4,Africa/Johannesburg,FALSE,1710083899
Glosam,Glosam,,-28.0793,23.0387,South Africa,ZA,ZAF,Northern Cape,Northern Cape,ZA-NC,province,,76.5,,,4,Africa/Johannesburg,FALSE,1710492653
Mkuhlu,Mkuhlu,,-32.3167,28.7833,South Africa,ZA,ZAF,Eastern Cape,Eastern Cape,ZA-EC,province,,10.2,,,4,Africa/Johannesburg,FALSE,1710667167
Seekoebaard Number Two,Seekoebaard Number Two,Seekoebaard No. 2,-29.1110,22.2118,South Africa,ZA,ZAF,Northern Cape,Northern Cape,ZA-NC,province,,1.4,,,5,Africa/Johannesburg,FALSE,1710587937
Little Falls,Little Falls,,-26.1190,27.8908,South Africa,ZA,ZAF,Gauteng,Gauteng,ZA-GP,,,2309.5,,,2,Africa/Johannesburg,FALSE,1710432781
Vredendal,Vredendal,,-34.2305,19.1972,South Africa,ZA,ZAF,Western Cape,Western Cape,ZA-WC,province,,3318.0,,,2,Africa/Johannesburg,FALSE,1710961801
Ga-Makgatle,Ga-Makgatle,,-27.0252,23.8611,South Africa,ZA,ZAF,North West,North West,ZA-NW,province,,38.5,,,4,Africa/Johannesburg,FALSE,1710083505
Esperanza,Esperanza,,-27.2643,23.4740,South Africa,ZA,ZAF,North West,North West,ZA-NW,province,,59.6,,,4,Africa/Johannesburg,FALSE,1710825276
eNcenjane,eNcenjane,Ncenjane,-30.8679,30.0388,South Africa,ZA,ZAF,Eastern Cape,Eastern Cape,ZA-EC,province,,180.1,,,4,Africa/Johannesburg,FALSE,1710730641
Klein Mottelsrivier,Klein Mottelsrivier,,-29.4207,21.2998,South Africa,ZA,ZAF,Northern Cape,Northern Cape,ZA-NC,province,,0.1,,,5,Africa/Johannesburg,FALSE,1710256376
Tshiozwi,Tshiozwi,,-23.0849,29.7917,South Africa,ZA,ZAF,Limpopo,Limpopo,ZA-LP,province,,1292.6,,,3,Africa/Johannesburg,FALSE,1710419762
Glenmore Beach,Glenmore Beach,,-31.0126,30.2560,South Africa,ZA,ZAF,KwaZulu-Natal,KwaZulu-Natal,ZA-KZN,,,127.6,,,4,Africa/Johannesburg,FALSE,1710754680
Ziqhorana,Ziqhorana,,-32.2700,28.6517,South Africa,ZA,ZAF,Eastern Cape,Eastern Cape,ZA-EC,province,,196.0,,,4,Africa/Johannesburg,FALSE,1710632975
Rooiwal,Rooiwal,,-27.5688,24.7263,South Africa,ZA,ZAF,North West,North West,ZA-NW,province,,631.7,,,3,Africa/Johannesburg,FALSE,1710146680
Aangenaam,Aangenaam,,-33.4930,22.6500,South Africa,ZA,ZAF,Western Cape,Western Cape,ZA-WC,province,,3.2,,,5,Africa/Johannesburg,FALSE,1710445098
KwaGcwensa,KwaGcwensa,,-29.3667,30.9167,South Africa,ZA,ZAF,KwaZulu-Natal,KwaZulu-Natal,ZA-KZN,,,297.5,,,3,Africa/Johannesburg,FALSE,1710858195
Thorneycroft,Thorneycroft,,-31.9308,26.5802,South Africa,ZA,ZAF,Eastern Cape,Eastern Cape,ZA-EC,province,,179.5,,,4,Africa/Johannesburg,FALSE,1710722221
Ramosibitswana,Ramosibitswana,,-24.9547,26.9503,South Africa,ZA,ZAF,North West,North West,ZA-NW,province,,24.3,,,4,Africa/Johannesburg,FALSE,1710879506
Pineview,Pineview,,-34.1570,19.0036,South Africa,ZA,ZAF,Western Cape,Western Cape,ZA-WC,province,,5650.4,,,2,Africa/Johannesburg,FALSE,1710311187
Mahliwane,Mahliwane,,-32.2343,28.2897,South Africa,ZA,ZAF,Eastern Cape,Eastern Cape,ZA-EC,province,,144.4,,,4,Africa/Johannesburg,FALSE,1710946290
Erideel,Erideel,,-29.8952,25.8698,South Africa,ZA,ZAF,Free State,Free State,ZA-FS,province,,0.6,,,5,Africa/Johannesburg,FALSE,1710368917
KuManzana,KuManzana,,-31.5516,27.6463,South Africa,ZA,ZAF,Eastern Cape,Eastern Cape,ZA-EC,province,,131.3,,,4,Africa/Johannesburg,FALSE,1710903139
Mtambalala,Mtambalala,Ntanbalas|Ntambalala,-31.5377,29.5876,South Africa,ZA,ZAF,Eastern Cape,Eastern Cape,ZA-EC,province,,584.4,,,3,Africa/Johannesburg,FALSE,1710001217
De Kuien,De Kuien,,-31.7862,25.7295,South Africa,ZA,ZAF,Eastern Cape,Eastern Cape,ZA-EC,province,,0.7,,,5,Africa/Johannesburg,FALSE,1710553292
Meriefontein,Meriefontein,,-31.7726,26.0866,South Africa,ZA,ZAF,Eastern Cape,Eastern Cape,ZA-EC,province,,0.4,,,5,Africa/Johannesburg,FALSE,1710362557
Bamokgoko,Bamokgoko,,-28.1000,25.5167,South Africa,ZA,ZAF,Free State,Free State,ZA-FS,province,,0.7,,,5,Africa/Johannesburg,FALSE,1710517925
Qutubeni,Qutubeni,,-31.7861,27.3485,South Africa,ZA,ZAF,Eastern Cape,Eastern Cape,ZA-EC,province,,250.7,,,3,Africa/Johannesburg,FALSE,1710289385
Qutubeni,Qutubeni,Qutabeni,-31.6016,28.0073,South Africa,ZA,ZAF,Eastern Cape,Eastern Cape,ZA-EC,province,,162.5,,,4,Africa/Johannesburg,TRUE,1710622316
Selborne,Selborne,,-31.5587,28.6525,South Africa,ZA,ZAF,Eastern Cape,Eastern Cape,ZA-EC,province,,1.8,,,5,Africa/Johannesburg,FALSE,1710144795
Infanta,Infanta,,-34.4209,20.8543,South Africa,ZA,ZAF,Western Cape,Western Cape,ZA-WC,province,,101.2,,,4,Africa/Johannesburg,FALSE,1710562646
Ga-Mopedi,Ga-Mopedi,,-27.2219,23.2182,South Africa,ZA,ZAF,North West,North West,ZA-NW,province,,314.4,,,3,Africa/Johannesburg,FALSE,1710735362
Tafelkop,Tafelkop,,-31.5160,25.7390,South Africa,ZA,ZAF,Eastern Cape,Eastern Cape,ZA-EC,province,,0.8,,,5,Africa/Johannesburg,FALSE,1710275935
Badi,Badi,,-32.2500,28.6667,South Africa,ZA,ZAF,Eastern Cape,Eastern Cape,ZA-EC,province,,247.0,,,3,Africa/Johannesburg,FALSE,1710476335
Mmaipitlwane,Mmaipitlwane,,-26.4696,22.8972,South Africa,ZA,ZAF,North West,North West,ZA-NW,province,,0.2,,,5,Africa/Johannesburg,FALSE,1710013374
Helderberg,Helderberg,Helderberg College,-34.0305,18.8311,South Africa,ZA,ZAF,Western Cape,Western Cape,ZA-WC,province,,65.2,,,4,Africa/Johannesburg,FALSE,1710944846
Kerrera,Kerrera,,-31.3446,27.5987,South Africa,ZA,ZAF,Eastern Cape,Eastern Cape,ZA-EC,province,,3.9,,,5,Africa/Johannesburg,FALSE,1710458176
Megoring,Megoring,,-23.9168,29.7671,South Africa,ZA,ZAF,Limpopo,Limpopo,ZA-LP,province,,1252.2,,,3,Africa/Johannesburg,FALSE,1710068640
Mzinya,Mzinya,,-31.9080,28.4486,South Africa,ZA,ZAF,Eastern Cape,Eastern Cape,ZA-EC,province,,263.5,,,3,Africa/Johannesburg,FALSE,1710146584
De Deur,De Deur,,-26.5333,27.9333,South Africa,ZA,ZAF,Gauteng,Gauteng,ZA-GP,,,160.9,,,4,Africa/Johannesburg,FALSE,1710634842
KuBilatye,KuBilatye,,-31.9393,27.3416,South Africa,ZA,ZAF,Eastern Cape,Eastern Cape,ZA-EC,province,,29.1,,,4,Africa/Johannesburg,FALSE,1710132960
Excelsior,Excelsior,,-25.8358,30.5268,South Africa,ZA,ZAF,Mpumalanga,Mpumalanga,ZA-MP,province,,3.6,,,5,Africa/Johannesburg,FALSE,1710217580
Sisuza,Sisuza,,-31.2667,29.1333,South Africa,ZA,ZAF,Eastern Cape,Eastern Cape,ZA-EC,province,,2.9,,,5,Africa/Johannesburg,FALSE,1710302296
Lujizweni,Lujizweni,,-31.7729,29.0302,South Africa,ZA,ZAF,Eastern Cape,Eastern Cape,ZA-EC,province,,632.0,,,3,Africa/Johannesburg,FALSE,1710312104
Bradgate,Bradgate,,-31.4021,26.9209,South Africa,ZA,ZAF,Eastern Cape,Eastern Cape,ZA-EC,province,,0.9,,,5,Africa/Johannesburg,FALSE,1710389104
Skulpfontein,Skulpfontein,Sculpfontein|Schulpfontein,-30.1000,17.1833,South Africa,ZA,ZAF,Northern Cape,Northern Cape,ZA-NC,province,,0,,,5,Africa/Johannesburg,FALSE,1710733910
Morokwa,Morokwa,,-26.2409,25.3466,South Africa,ZA,ZAF,North West,North West,ZA-NW,province,,1.5,,,5,Africa/Johannesburg,FALSE,1710351745
Arbeid Adelt,Arbeid Adelt,,-28.4721,28.8405,South Africa,ZA,ZAF,Free State,Free State,ZA-FS,province,,224.5,,,3,Africa/Johannesburg,FALSE,1710628668
Mejela,Mejela,,-31.0229,29.8189,South Africa,ZA,ZAF,Eastern Cape,Eastern Cape,ZA-EC,province,,206.0,,,3,Africa/Johannesburg,FALSE,1710200739
KwaGambu,KwaGambu,,-31.8833,27.6167,South Africa,ZA,ZAF,Eastern Cape,Eastern Cape,ZA-EC,province,,16.6,,,4,Africa/Johannesburg,FALSE,1710754019
Sukani,Sukani,,-23.3167,30.7167,South Africa,ZA,ZAF,Limpopo,Limpopo,ZA-LP,province,,1482.9,,,3,Africa/Johannesburg,FALSE,1710833712
Densainagar,Densainagar,Genozano|Genezzano,-29.6139,31.1514,South Africa,ZA,ZAF,KwaZulu-Natal,KwaZulu-Natal,ZA-KZN,,,1775.1,,,3,Africa/Johannesburg,FALSE,1710200805
Dragospoortjie,Dragospoortjie,,-31.4833,25.9500,South Africa,ZA,ZAF,Eastern Cape,Eastern Cape,ZA-EC,province,,0.5,,,5,Africa/Johannesburg,FALSE,1710108501
Koentekraal,Koentekraal,,-33.0833,24.0167,South Africa,ZA,ZAF,Eastern Cape,Eastern Cape,ZA-EC,province,,0.6,,,5,Africa/Johannesburg,FALSE,1710170691
Logagane,Logagane,,-25.8172,24.8853,South Africa,ZA,ZAF,North West,North West,ZA-NW,province,,101.7,,,4,Africa/Johannesburg,FALSE,1710423503
Cornelia,Cornelia,,-29.0133,26.0364,South Africa,ZA,ZAF,Free State,Free State,ZA-FS,province,,32.5,,,4,Africa/Johannesburg,TRUE,1710000006
Kromriver,Kromriver,,-33.3431,25.8652,South Africa,ZA,ZAF,Eastern Cape,Eastern Cape,ZA-EC,province,,1.8,,,5,Africa/Johannesburg,FALSE,1710553270
Doringkraal,Doringkraal,,-31.0333,26.4333,South Africa,ZA,ZAF,Eastern Cape,Eastern Cape,ZA-EC,province,,0.7,,,5,Africa/Johannesburg,FALSE,1710696564
Tshiheni,Tshiheni,,-22.8795,30.2722,South Africa,ZA,ZAF,Limpopo,Limpopo,ZA-LP,province,,314.5,,,3,Africa/Johannesburg,FALSE,1710321801
Witbank,Witbank,,-26.4756,28.7670,South Africa,ZA,ZAF,Mpumalanga,Mpumalanga,ZA-MP,province,,1.3,,,5,Africa/Johannesburg,TRUE,1710891850
Exeter,Exeter,,-24.7420,31.3442,South Africa,ZA,ZAF,Mpumalanga,Mpumalanga,ZA-MP,province,,2.2,,,5,Africa/Johannesburg,FALSE,1710661752
Ngobeni,Ngobeni,Gobeni,-27.6667,31.1667,South Africa,ZA,ZAF,KwaZulu-Natal,KwaZulu-Natal,ZA-KZN,,,15.4,,,4,Africa/Johannesburg,FALSE,1710785512
Cetha,Cetha,,-31.8247,26.3592,South Africa,ZA,ZAF,Eastern Cape,Eastern Cape,ZA-EC,province,,0.6,,,5,Africa/Johannesburg,FALSE,1710013902
Ngqokoto,Ngqokoto,Nggokoto,-31.7641,28.1442,South Africa,ZA,ZAF,Eastern Cape,Eastern Cape,ZA-EC,province,,128.1,,,4,Africa/Johannesburg,FALSE,1710113658
Pinedene,Pinedene,,-25.9161,28.2328,South Africa,ZA,ZAF,Gauteng,Gauteng,ZA-GP,,,26.0,,,4,Africa/Johannesburg,FALSE,1710368601
Louisiana,Louisiana,,-30.6858,30.4604,South Africa,ZA,ZAF,KwaZulu-Natal,KwaZulu-Natal,ZA-KZN,,,57.2,,,4,Africa/Johannesburg,FALSE,1710233036
Makatiane,Makatiane,,-24.0915,29.7148,South Africa,ZA,ZAF,Limpopo,Limpopo,ZA-LP,province,,457.3,,,3,Africa/Johannesburg,FALSE,1710891793
Diepgelegen,Diepgelegen,,-23.8436,29.9718,South Africa,ZA,ZAF,Limpopo,Limpopo,ZA-LP,province,,7.1,,,5,Africa/Johannesburg,FALSE,1710993116
Mpongweni,Mpongweni,,-30.9971,29.0267,South Africa,ZA,ZAF,Eastern Cape,Eastern Cape,ZA-EC,province,,120.0,,,4,Africa/Johannesburg,FALSE,1710661952
Ntsheleni,Ntsheleni,,-31.1354,29.1131,South Africa,ZA,ZAF,Eastern Cape,Eastern Cape,ZA-EC,province,,430.5,,,3,Africa/Johannesburg,FALSE,1710749024
Marsden Flats,Marsden Flats,,-31.8407,25.9010,South Africa,ZA,ZAF,Eastern Cape,Eastern Cape,ZA-EC,province,,0.4,,,5,Africa/Johannesburg,FALSE,1710926700
Ngwangwane,Ngwangwane,,-31.6651,28.2779,South Africa,ZA,ZAF,Eastern Cape,Eastern Cape,ZA-EC,province,,233.7,,,3,Africa/Johannesburg,FALSE,1710312337
Mndundu,Mndundu,,-32.4095,28.5176,South Africa,ZA,ZAF,Eastern Cape,Eastern Cape,ZA-EC,province,,191.3,,,4,Africa/Johannesburg,FALSE,1710692195
Ga-Jantjie,Ga-Jantjie,,-27.4565,23.6766,South Africa,ZA,ZAF,North West,North West,ZA-NW,province,,36.2,,,4,Africa/Johannesburg,FALSE,1710149954
Mtyolo,Mtyolo,,-32.9883,27.3590,South Africa,ZA,ZAF,Eastern Cape,Eastern Cape,ZA-EC,province,,232.6,,,3,Africa/Johannesburg,FALSE,1710972550
Cecilia,Cecilia,,-29.3641,26.4237,South Africa,ZA,ZAF,Free State,Free State,ZA-FS,province,,0.8,,,5,Africa/Johannesburg,FALSE,1710098787
Sigubudweni,Sigubudweni,Sigubudu|Sigubudwini,-31.6257,28.4912,South Africa,ZA,ZAF,Eastern Cape,Eastern Cape,ZA-EC,province,,120.2,,,4,Africa/Johannesburg,FALSE,1710429135
Thorley,Thorley,,-29.5190,26.7885,South Africa,ZA,ZAF,Free State,Free State,ZA-FS,province,,1.2,,,5,Africa/Johannesburg,FALSE,1710997445
Goedemoed,Goedemoed,Goedmoed,-30.5570,26.4038,South Africa,ZA,ZAF,Free State,Free State,ZA-FS,province,,42.0,,,4,Africa/Johannesburg,FALSE,1710029866
Upper Ndonga,Upper Ndonga,,-31.6530,27.3156,South Africa,ZA,ZAF,Eastern Cape,Eastern Cape,ZA-EC,province,,291.8,,,3,Africa/Johannesburg,FALSE,1710428269
Mmunyaneng,Mmunyaneng,,-27.0564,23.3283,South Africa,ZA,ZAF,North West,North West,ZA-NW,province,,42.2,,,4,Africa/Johannesburg,FALSE,1710969153
Vosloorus,Vosloorus,,-26.3574,28.2076,South Africa,ZA,ZAF,Gauteng,Gauteng,ZA-GP,,,10808.4,,,2,Africa/Johannesburg,FALSE,1710450404
Bayisonto,Bayisonto,,-24.7667,31.1000,South Africa,ZA,ZAF,Limpopo,Limpopo,ZA-LP,province,,106.6,,,4,Africa/Johannesburg,FALSE,1710037055
Ku-Nokana,Ku-Nokana,,-31.8002,28.7308,South Africa,ZA,ZAF,Eastern Cape,Eastern Cape,ZA-EC,province,,86.7,,,4,Africa/Johannesburg,FALSE,1710671635
Otterburn,Otterburn,,-30.1833,28.9667,South Africa,ZA,ZAF,Eastern Cape,Eastern Cape,ZA-EC,province,,2.3,,,5,Africa/Johannesburg,FALSE,1710121070
Matabatas Location,Matabatas Location,Mathabathaslokasie,-24.2167,29.8667,South Africa,ZA,ZAF,Limpopo,Limpopo,ZA-LP,province,,453.3,,,3,Africa/Johannesburg,FALSE,1710768537
Sobantu,Sobantu,,-29.6000,30.4333,South Africa,ZA,ZAF,KwaZulu-Natal,KwaZulu-Natal,ZA-KZN,,,2933.3,,,2,Africa/Johannesburg,FALSE,1710051899
Feessaal,Feessaal,,-28.1500,31.1167,South Africa,ZA,ZAF,KwaZulu-Natal,KwaZulu-Natal,ZA-KZN,,,4.1,,,5,Africa/Johannesburg,FALSE,1710687360
Bosrand,Bosrand,,-22.3833,30.1500,South Africa,ZA,ZAF,Limpopo,Limpopo,ZA-LP,province,,1.9,,,5,Africa/Johannesburg,FALSE,1710690130
Makonde,Makonde,Makonda,-22.8042,30.5820,South Africa,ZA,ZAF,Limpopo,Limpopo,ZA-LP,province,,375.1,,,3,Africa/Johannesburg,FALSE,1710290463
Maliwa,Maliwa,,-31.1460,29.5350,South Africa,ZA,ZAF,Eastern Cape,Eastern Cape,ZA-EC,province,,348.9,,,3,Africa/Johannesburg,FALSE,1710932220
Ntabenkomo,Ntabenkomo,,-30.9431,29.1496,South Africa,ZA,ZAF,Eastern Cape,Eastern Cape,ZA-EC,province,,1.9,,,5,Africa/Johannesburg,FALSE,1710684601
Mimosa Flars,Mimosa Flars,,-29.1114,25.9937,South Africa,ZA,ZAF,Free State,Free State,ZA-FS,province,,3.4,,,5,Africa/Johannesburg,FALSE,1710025425
Lekutung,Lekutung,,-25.1457,27.1058,South Africa,ZA,ZAF,North West,North West,ZA-NW,province,,608.9,,,3,Africa/Johannesburg,FALSE,1710044681
Kakoje,Kakoje,,-27.0643,23.5013,South Africa,ZA,ZAF,North West,North West,ZA-NW,province,,50.4,,,4,Africa/Johannesburg,FALSE,1710382929
Longlead,Longlead,,-30.0208,26.8853,South Africa,ZA,ZAF,Free State,Free State,ZA-FS,province,,1.6,,,5,Africa/Johannesburg,FALSE,1710681741
Ga-Titi,Ga-Titi,,-25.3000,25.8333,South Africa,ZA,ZAF,North West,North West,ZA-NW,province,,236.5,,,3,Africa/Johannesburg,FALSE,1710835966
Doornhoek,Doornhoek,,-31.4001,26.0634,South Africa,ZA,ZAF,Eastern Cape,Eastern Cape,ZA-EC,province,,0.5,,,5,Africa/Johannesburg,FALSE,1710357564
Hofisi,Hofisi,,-30.8587,28.7889,South Africa,ZA,ZAF,Eastern Cape,Eastern Cape,ZA-EC,province,,205.8,,,3,Africa/Johannesburg,FALSE,1710083780
Qandu,Qandu,,-31.7323,29.2770,South Africa,ZA,ZAF,Eastern Cape,Eastern Cape,ZA-EC,province,,100.6,,,4,Africa/Johannesburg,FALSE,1710220418
Miller,Miller,,-33.0770,23.9189,South Africa,ZA,ZAF,Eastern Cape,Eastern Cape,ZA-EC,province,,0.6,,,5,Africa/Johannesburg,FALSE,1710192317
Helleton,Helleton,,-30.1833,26.9000,South Africa,ZA,ZAF,Free State,Free State,ZA-FS,province,,0.6,,,5,Africa/Johannesburg,FALSE,1710565883
Namaga,Namaga,,-30.9667,26.3667,South Africa,ZA,ZAF,Eastern Cape,Eastern Cape,ZA-EC,province,,1.4,,,5,Africa/Johannesburg,FALSE,1710510840
Pholotsi,Pholotsi,,-24.0390,28.8994,South Africa,ZA,ZAF,Limpopo,Limpopo,ZA-LP,province,,1255.1,,,3,Africa/Johannesburg,FALSE,1710307297
Galatyeni,Galatyeni,,-30.9000,28.5833,South Africa,ZA,ZAF,Eastern Cape,Eastern Cape,ZA-EC,province,,97.8,,,4,Africa/Johannesburg,FALSE,1710103554
Houhoek,Houhoek,,-34.2034,19.1482,South Africa,ZA,ZAF,Western Cape,Western Cape,ZA-WC,province,,3.0,,,5,Africa/Johannesburg,FALSE,1710438356
Tyira,Tyira,,-31.1354,28.7904,South Africa,ZA,ZAF,Eastern Cape,Eastern Cape,ZA-EC,province,,248.3,,,3,Africa/Johannesburg,FALSE,1710852055
KuDubeni,KuDubeni,,-31.7410,27.0208,South Africa,ZA,ZAF,Eastern Cape,Eastern Cape,ZA-EC,province,,179.9,,,4,Africa/Johannesburg,FALSE,1710209387
Gxwaleni,Gxwaleni,,-30.7389,29.5283,South Africa,ZA,ZAF,Eastern Cape,Eastern Cape,ZA-EC,province,,193.6,,,4,Africa/Johannesburg,FALSE,1710334236
Ncihana,Ncihana,Neihanas,-31.9928,28.6960,South Africa,ZA,ZAF,Eastern Cape,Eastern Cape,ZA-EC,province,,153.2,,,4,Africa/Johannesburg,FALSE,1710104236
Zintlawini,Zintlawini,,-31.4000,28.4167,South Africa,ZA,ZAF,Eastern Cape,Eastern Cape,ZA-EC,province,,139.0,,,4,Africa/Johannesburg,FALSE,1710863395
Mary’s Rust,Mary's Rust,,-29.2318,21.0005,South Africa,ZA,ZAF,Northern Cape,Northern Cape,ZA-NC,province,,0.0,,,5,Africa/Johannesburg,FALSE,1710771267
Bottelfontein,Bottelfontein,,-29.5561,26.3841,South Africa,ZA,ZAF,Free State,Free State,ZA-FS,province,,0.5,,,5,Africa/Johannesburg,FALSE,1710662498
Chamisso,Chamisso,Chamisse,-30.8856,28.1939,South Africa,ZA,ZAF,Eastern Cape,Eastern Cape,ZA-EC,province,,0.8,,,5,Africa/Johannesburg,FALSE,1710224403
Dududu,Dududu,Indudutu,-30.1926,30.6174,South Africa,ZA,ZAF,KwaZulu-Natal,KwaZulu-Natal,ZA-KZN,,,83.9,,,4,Africa/Johannesburg,FALSE,1710866545
Gamagaabue,Gamagaabue,,-26.6264,24.1352,South Africa,ZA,ZAF,North West,North West,ZA-NW,province,,73.7,,,4,Africa/Johannesburg,FALSE,1710642521
Nqanda,Nqanda,,-32.1484,28.3219,South Africa,ZA,ZAF,Eastern Cape,Eastern Cape,ZA-EC,province,,527.4,,,3,Africa/Johannesburg,FALSE,1710308643
Qina,Qina,,-32.4500,28.1833,South Africa,ZA,ZAF,Eastern Cape,Eastern Cape,ZA-EC,province,,6.4,,,5,Africa/Johannesburg,FALSE,1710074692
Mogono,Mogono,,-25.4828,27.1818,South Africa,ZA,ZAF,North West,North West,ZA-NW,province,,1467.6,,,3,Africa/Johannesburg,FALSE,1710634517
Mneketshe,Mneketshe,,-31.1771,29.3726,South Africa,ZA,ZAF,Eastern Cape,Eastern Cape,ZA-EC,province,,184.8,,,4,Africa/Johannesburg,FALSE,1710205542
Morago,Morago,Morakgo|Morago (2),-29.0137,26.8498,South Africa,ZA,ZAF,Free State,Free State,ZA-FS,province,,293.7,,,3,Africa/Johannesburg,FALSE,1710299396
Kings Ride,Kings Ride,,-31.5814,29.4724,South Africa,ZA,ZAF,Eastern Cape,Eastern Cape,ZA-EC,province,,0.5,,,5,Africa/Johannesburg,FALSE,1710852955
Mookaothupa,Mookaothupa,,-27.6281,24.6095,South Africa,ZA,ZAF,North West,North West,ZA-NW,province,,0.8,,,5,Africa/Johannesburg,FALSE,1710039945
Badsfontein (1),Badsfontein (1),,-30.5000,26.2333,South Africa,ZA,ZAF,Free State,Free State,ZA-FS,province,,0.1,,,5,Africa/Johannesburg,FALSE,1710483655
Gelukwaarts,Gelukwaarts,,-29.9970,26.9199,South Africa,ZA,ZAF,Free State,Free State,ZA-FS,province,,1.6,,,5,Africa/Johannesburg,FALSE,1710071398
Ga-Skawu,Ga-Skawu,,-27.2836,23.6416,South Africa,ZA,ZAF,North West,North West,ZA-NW,province,,0.8,,,5,Africa/Johannesburg,FALSE,1710997959
Ntubeni,Ntubeni,Ntobene,-32.3000,28.8000,South Africa,ZA,ZAF,Eastern Cape,Eastern Cape,ZA-EC,province,,0.6,,,5,Africa/Johannesburg,FALSE,1710535525
KwaMagoda,KwaMagoda,,-29.9117,30.2547,South Africa,ZA,ZAF,KwaZulu-Natal,KwaZulu-Natal,ZA-KZN,,,1539.8,,,3,Africa/Johannesburg,FALSE,1710019082
Oosterbeek,Oosterbeek,,-27.9833,29.4000,South Africa,ZA,ZAF,Free State,Free State,ZA-FS,province,,2.1,,,5,Africa/Johannesburg,FALSE,1710370693
Weston,Weston,,-29.5167,26.2000,South Africa,ZA,ZAF,Free State,Free State,ZA-FS,province,,0.5,,,5,Africa/Johannesburg,FALSE,1710211751
Klein Koegab,Klein Koegab,,-29.0667,20.7833,South Africa,ZA,ZAF,Northern Cape,Northern Cape,ZA-NC,province,,0.0,,,5,Africa/Johannesburg,FALSE,1710173798
Dambeni,Dambeni,,-30.9091,29.2879,South Africa,ZA,ZAF,Eastern Cape,Eastern Cape,ZA-EC,province,,302.0,,,3,Africa/Johannesburg,FALSE,1710709495
Dambeni,Dambeni,,-31.0844,29.3779,South Africa,ZA,ZAF,Eastern Cape,Eastern Cape,ZA-EC,province,,37.4,,,4,Africa/Johannesburg,TRUE,1710435819
Sutton,Sutton,,-27.4319,22.8238,South Africa,ZA,ZAF,Northern Cape,Northern Cape,ZA-NC,province,,1.6,,,5,Africa/Johannesburg,FALSE,1710132383
Stenekamps Kop,Stenekamps Kop,,-28.5167,28.1833,South Africa,ZA,ZAF,Free State,Free State,ZA-FS,province,,14.7,,,4,Africa/Johannesburg,FALSE,1710644583
Marico,Marico,,-29.0653,26.6747,South Africa,ZA,ZAF,Free State,Free State,ZA-FS,province,,1.1,,,5,Africa/Johannesburg,FALSE,1710704542
Afzondering,Afzondering,Afsondering,-30.1639,28.9597,South Africa,ZA,ZAF,Eastern Cape,Eastern Cape,ZA-EC,province,,57.5,,,4,Africa/Johannesburg,FALSE,1710801398
Noorder-Paarl,Noorder-Paarl,,-33.7047,18.9655,South Africa,ZA,ZAF,Western Cape,Western Cape,ZA-WC,province,,3049.2,,,2,Africa/Johannesburg,FALSE,1710997260
Saint Gabriel,Saint Gabriel,,-31.4667,27.6833,South Africa,ZA,ZAF,Eastern Cape,Eastern Cape,ZA-EC,province,,3.3,,,5,Africa/Johannesburg,FALSE,1710114456
Hueningkrans,Hueningkrans,,-30.4366,26.3724,South Africa,ZA,ZAF,Free State,Free State,ZA-FS,province,,0.3,,,5,Africa/Johannesburg,FALSE,1710814501
Ga-Musi,Ga-Musi,,-23.5474,28.4845,South Africa,ZA,ZAF,Limpopo,Limpopo,ZA-LP,province,,841.6,,,3,Africa/Johannesburg,FALSE,1710380336
Bethel,Bethel,,-27.4825,31.8919,South Africa,ZA,ZAF,KwaZulu-Natal,KwaZulu-Natal,ZA-KZN,,,2.2,,,5,Africa/Johannesburg,FALSE,1710618517
Segoahleng,Segoahleng,,-23.9601,29.1050,South Africa,ZA,ZAF,Limpopo,Limpopo,ZA-LP,province,,255.2,,,3,Africa/Johannesburg,FALSE,1710236857
Kaffir Drift,Kaffir Drift,,-28.7500,30.1833,South Africa,ZA,ZAF,KwaZulu-Natal,KwaZulu-Natal,ZA-KZN,,,97.0,,,4,Africa/Johannesburg,FALSE,1710381067
Petits Hill,Petits Hill,Pettits Hill,-33.5000,23.6333,South Africa,ZA,ZAF,Eastern Cape,Eastern Cape,ZA-EC,province,,1.0,,,5,Africa/Johannesburg,FALSE,1710660844
Nkwezela,Nkwezela,,-29.8571,29.7897,South Africa,ZA,ZAF,KwaZulu-Natal,KwaZulu-Natal,ZA-KZN,,,622.4,,,3,Africa/Johannesburg,FALSE,1710446209
Qhemegha,Qhemegha,,-30.3833,27.4833,South Africa,ZA,ZAF,Eastern Cape,Eastern Cape,ZA-EC,province,,458.5,,,3,Africa/Johannesburg,FALSE,1710587377
Aucampsrus,Aucampsrus,,-28.2167,22.9167,South Africa,ZA,ZAF,Northern Cape,Northern Cape,ZA-NC,province,,0.6,,,5,Africa/Johannesburg,FALSE,1710848161
Kruisfontein,Kruisfontein,,-29.4667,31.0333,South Africa,ZA,ZAF,KwaZulu-Natal,KwaZulu-Natal,ZA-KZN,,,101.9,,,4,Africa/Johannesburg,FALSE,1710411388
Kruisfontein,Kruisfontein,,-30.4057,29.4817,South Africa,ZA,ZAF,KwaZulu-Natal,KwaZulu-Natal,ZA-KZN,,,6.4,,,5,Africa/Johannesburg,TRUE,1710377148
Kruisfontein,Kruisfontein,,-28.6259,29.1036,South Africa,ZA,ZAF,KwaZulu-Natal,KwaZulu-Natal,ZA-KZN,,,4.5,,,5,Africa/Johannesburg,TRUE,1710364538
Pelham,Pelham,,-29.6307,30.3895,South Africa,ZA,ZAF,KwaZulu-Natal,KwaZulu-Natal,ZA-KZN,,,3113.9,,,2,Africa/Johannesburg,FALSE,1710503585
Mbobheleni,Mbobheleni,Mbopoleni|Mbobeleni,-31.4427,29.1147,South Africa,ZA,ZAF,Eastern Cape,Eastern Cape,ZA-EC,province,,189.3,,,4,Africa/Johannesburg,FALSE,1710113209
Longsight,Longsight,,-24.6901,30.4972,South Africa,ZA,ZAF,Mpumalanga,Mpumalanga,ZA-MP,province,,3.3,,,5,Africa/Johannesburg,FALSE,1710268672
Matombe,Matombe,,-31.4674,29.5615,South Africa,ZA,ZAF,Eastern Cape,Eastern Cape,ZA-EC,province,,339.2,,,3,Africa/Johannesburg,FALSE,1710298398
Ku-Qwempe,Ku-Qwempe,,-31.6000,27.0667,South Africa,ZA,ZAF,Eastern Cape,Eastern Cape,ZA-EC,province,,0.6,,,5,Africa/Johannesburg,FALSE,1710489113
Rosslands,Rosslands,,-31.2118,26.1542,South Africa,ZA,ZAF,Eastern Cape,Eastern Cape,ZA-EC,province,,0.5,,,5,Africa/Johannesburg,FALSE,1710901853
Brereton,Brereton,,-26.9333,30.4333,South Africa,ZA,ZAF,Mpumalanga,Mpumalanga,ZA-MP,province,,9.5,,,5,Africa/Johannesburg,FALSE,1710691824
Yskor,Yskor,,-24.6167,27.4000,South Africa,ZA,ZAF,Limpopo,Limpopo,ZA-LP,province,,2.5,,,5,Africa/Johannesburg,FALSE,1710233272
Schoemanskraal,Schoemanskraal,,-31.5436,26.7670,South Africa,ZA,ZAF,Eastern Cape,Eastern Cape,ZA-EC,province,,1.2,,,5,Africa/Johannesburg,FALSE,1710571673
Matsiliso,Matsiliso,,-28.5833,28.8333,South Africa,ZA,ZAF,Free State,Free State,ZA-FS,province,,1977.0,,,3,Africa/Johannesburg,FALSE,1710933910
Marl Bank River,Marl Bank River,,-26.7919,27.7636,South Africa,ZA,ZAF,Free State,Free State,ZA-FS,province,,42.9,,,4,Africa/Johannesburg,FALSE,1710301910
Losmytjerrie,Losmytjerrie,,-24.9281,26.6774,South Africa,ZA,ZAF,North West,North West,ZA-NW,province,,570.7,,,3,Africa/Johannesburg,FALSE,1710577147
Pinewood,Pinewood,,-26.1000,28.8000,South Africa,ZA,ZAF,Mpumalanga,Mpumalanga,ZA-MP,province,,14.3,,,4,Africa/Johannesburg,FALSE,1710113754
Phalakubeni,Phalakubeni,,-23.5593,31.0600,South Africa,ZA,ZAF,Limpopo,Limpopo,ZA-LP,province,,420.2,,,3,Africa/Johannesburg,FALSE,1710563700
Kleinbos,Kleinbos,,-33.9743,23.8249,South Africa,ZA,ZAF,Eastern Cape,Eastern Cape,ZA-EC,province,,28.7,,,4,Africa/Johannesburg,FALSE,1710706049
Wielkolk Laagte,Wielkolk Laagte,,-30.9333,20.9333,South Africa,ZA,ZAF,Northern Cape,Northern Cape,ZA-NC,province,,0.1,,,5,Africa/Johannesburg,FALSE,1710075305
Bankfontein,Bankfontein,,-29.6518,26.0739,South Africa,ZA,ZAF,Free State,Free State,ZA-FS,province,,0.9,,,5,Africa/Johannesburg,FALSE,1710440870
Bankfontein,Bankfontein,,-29.7992,26.6272,South Africa,ZA,ZAF,Free State,Free State,ZA-FS,province,,0.6,,,5,Africa/Johannesburg,TRUE,1710441176
Ntsimeko,Ntsimeko,,-30.6510,28.7471,South Africa,ZA,ZAF,Eastern Cape,Eastern Cape,ZA-EC,province,,32.8,,,4,Africa/Johannesburg,FALSE,1710525699
Rhenosterfontein,Rhenosterfontein,,-25.2667,28.5667,South Africa,ZA,ZAF,Gauteng,Gauteng,ZA-GP,,,1.1,,,5,Africa/Johannesburg,FALSE,1710175340
Papiesvlei,Papiesvlei,Paviesvlei|Papies Vlei Mission,-34.4833,19.5833,South Africa,ZA,ZAF,Western Cape,Western Cape,ZA-WC,province,,4.6,,,5,Africa/Johannesburg,FALSE,1710068501
Keurbos,Keurbos,Keurbosch,-33.4762,19.7195,South Africa,ZA,ZAF,Western Cape,Western Cape,ZA-WC,province,,79.0,,,4,Africa/Johannesburg,FALSE,1710600919
Sphinx,Sphinx,,-25.6056,28.2133,South Africa,ZA,ZAF,Gauteng,Gauteng,ZA-GP,,,35.3,,,4,Africa/Johannesburg,FALSE,1710288350
Kwa-Beja,Kwa-Beja,,-31.0937,29.0354,South Africa,ZA,ZAF,Eastern Cape,Eastern Cape,ZA-EC,province,,1.5,,,5,Africa/Johannesburg,FALSE,1710858765
Klipkraal (2),Klipkraal (2),,-31.9585,26.0039,South Africa,ZA,ZAF,Eastern Cape,Eastern Cape,ZA-EC,province,,0.4,,,5,Africa/Johannesburg,FALSE,1710034627
KwaWezo,KwaWezo,,-32.2204,27.6682,South Africa,ZA,ZAF,Eastern Cape,Eastern Cape,ZA-EC,province,,46.4,,,4,Africa/Johannesburg,FALSE,1710268925
Sipres,Sipres,,-29.1333,25.9833,South Africa,ZA,ZAF,Free State,Free State,ZA-FS,province,,3.4,,,5,Africa/Johannesburg,FALSE,1710100508
Eensgevonden,Eensgevonden,,-30.9552,26.2143,South Africa,ZA,ZAF,Eastern Cape,Eastern Cape,ZA-EC,province,,0.7,,,5,Africa/Johannesburg,FALSE,1710578524
Nyegqeni,Nyegqeni,,-30.9790,29.1289,South Africa,ZA,ZAF,Eastern Cape,Eastern Cape,ZA-EC,province,,14.9,,,4,Africa/Johannesburg,FALSE,1710255874
Ntsopile,Ntsopile,,-25.5661,27.8402,South Africa,ZA,ZAF,North West,North West,ZA-NW,province,,229.2,,,3,Africa/Johannesburg,FALSE,1710611166
Saint Francis,Saint Francis,,-30.3912,28.4123,South Africa,ZA,ZAF,Eastern Cape,Eastern Cape,ZA-EC,province,,60.3,,,4,Africa/Johannesburg,FALSE,1710736269
Qamangeni,Qamangeni,,-31.2053,29.5372,South Africa,ZA,ZAF,Eastern Cape,Eastern Cape,ZA-EC,province,,370.6,,,3,Africa/Johannesburg,FALSE,1710873144
Da Gama Park,Da Gama Park,,-34.1589,18.4022,South Africa,ZA,ZAF,Western Cape,Western Cape,ZA-WC,province,,1206.4,,,3,Africa/Johannesburg,FALSE,1710603956
Onverdiend,Onverdiend,,-27.8000,28.2167,South Africa,ZA,ZAF,Free State,Free State,ZA-FS,province,,1.9,,,5,Africa/Johannesburg,FALSE,1710658654
Ngwara,Ngwara,,-32.4333,28.5500,South Africa,ZA,ZAF,Eastern Cape,Eastern Cape,ZA-EC,province,,41.8,,,4,Africa/Johannesburg,FALSE,1710604338
Burford,Burford,,-28.4356,29.7831,South Africa,ZA,ZAF,KwaZulu-Natal,KwaZulu-Natal,ZA-KZN,,,916.6,,,3,Africa/Johannesburg,FALSE,1710145162
Natala,Natala,,-30.7611,29.2096,South Africa,ZA,ZAF,Eastern Cape,Eastern Cape,ZA-EC,province,,69.4,,,4,Africa/Johannesburg,FALSE,1710587816
Willowvale,Willowvale,Gatyana,-32.2659,28.5073,South Africa,ZA,ZAF,Eastern Cape,Eastern Cape,ZA-EC,province,,321.3,,,3,Africa/Johannesburg,FALSE,1710114171
Willowvale,Willowvale,,-30.7167,26.8167,South Africa,ZA,ZAF,Eastern Cape,Eastern Cape,ZA-EC,province,,0.7,,,5,Africa/Johannesburg,TRUE,1710484786
Eskweleni,Eskweleni,,-31.8080,28.9040,South Africa,ZA,ZAF,Eastern Cape,Eastern Cape,ZA-EC,province,,85.4,,,4,Africa/Johannesburg,FALSE,1710054679
Mon Repos,Mon Repos,,-28.9500,24.6500,South Africa,ZA,ZAF,Northern Cape,Northern Cape,ZA-NC,province,,2.7,,,5,Africa/Johannesburg,FALSE,1710666621
Knapps Hope,Knapps Hope,,-32.8667,26.9667,South Africa,ZA,ZAF,Eastern Cape,Eastern Cape,ZA-EC,province,,78.4,,,4,Africa/Johannesburg,FALSE,1710310850
Grasrug,Grasrug,,-27.6136,23.8877,South Africa,ZA,ZAF,Northern Cape,Northern Cape,ZA-NC,province,,0.3,,,5,Africa/Johannesburg,FALSE,1710760205
Cartriff,Cartriff,,-30.1234,30.3499,South Africa,ZA,ZAF,KwaZulu-Natal,KwaZulu-Natal,ZA-KZN,,,16.8,,,4,Africa/Johannesburg,FALSE,1710940970
Tshwee,Tshwee,,-25.2833,27.7167,South Africa,ZA,ZAF,North West,North West,ZA-NW,province,,29.3,,,4,Africa/Johannesburg,FALSE,1710005571
Ga-Kgale,Ga-Kgale,,-25.6033,27.1735,South Africa,ZA,ZAF,North West,North West,ZA-NW,province,,2111.3,,,2,Africa/Johannesburg,FALSE,1710120490
Sunray,Sunray,,-32.6272,28.1636,South Africa,ZA,ZAF,Eastern Cape,Eastern Cape,ZA-EC,province,,2.2,,,5,Africa/Johannesburg,FALSE,1710274668
Mawula,Mawula,Mpemba,-31.0183,28.9942,South Africa,ZA,ZAF,Eastern Cape,Eastern Cape,ZA-EC,province,,41.8,,,4,Africa/Johannesburg,FALSE,1710776556
Journey’s End,Journey's End,,-28.5720,32.2503,South Africa,ZA,ZAF,KwaZulu-Natal,KwaZulu-Natal,ZA-KZN,,,40.0,,,4,Africa/Johannesburg,FALSE,1710498463
Mpisini,Mpisini,,-30.9498,29.3138,South Africa,ZA,ZAF,Eastern Cape,Eastern Cape,ZA-EC,province,,925.2,,,3,Africa/Johannesburg,FALSE,1710787205
Pantydefaid,Pantydefaid,,-29.0350,26.1178,South Africa,ZA,ZAF,Free State,Free State,ZA-FS,province,,61.8,,,4,Africa/Johannesburg,FALSE,1710656368
Verkykerskop,Verkykerskop,Verrekykerskop,-27.9180,29.2810,South Africa,ZA,ZAF,Free State,Free State,ZA-FS,province,,2.7,,,3,Africa/Johannesburg,FALSE,1710658429
Gannapoortjie,Gannapoortjie,,-30.5167,21.8500,South Africa,ZA,ZAF,Northern Cape,Northern Cape,ZA-NC,province,,0.1,,,5,Africa/Johannesburg,FALSE,1710272201
Heckel,Heckel,,-32.4507,27.5388,South Africa,ZA,ZAF,Eastern Cape,Eastern Cape,ZA-EC,province,,482.5,,,3,Africa/Johannesburg,FALSE,1710890501
Segwaelane,Segwaelane,,-25.6624,27.6071,South Africa,ZA,ZAF,North West,North West,ZA-NW,province,,2227.9,,,2,Africa/Johannesburg,FALSE,1710230723
Somerset West,Somerset West,Somersetwes,-34.0794,18.8570,South Africa,ZA,ZAF,Western Cape,Western Cape,ZA-WC,province,,2744.2,,,2,Africa/Johannesburg,FALSE,1710743457
Mangqamzeni,Mangqamzeni,Mangamnzine|Amangamzine,-30.9797,29.0693,South Africa,ZA,ZAF,Eastern Cape,Eastern Cape,ZA-EC,province,,1.3,,,5,Africa/Johannesburg,FALSE,1710708595
Oudelkraal,Oudelkraal,,-31.7381,26.6840,South Africa,ZA,ZAF,Eastern Cape,Eastern Cape,ZA-EC,province,,0.8,,,5,Africa/Johannesburg,FALSE,1710035749
Bokkraal,Bokkraal,Bokkraal Lead Mine,-25.8205,26.4664,South Africa,ZA,ZAF,North West,North West,ZA-NW,province,,3.7,,,5,Africa/Johannesburg,FALSE,1710681586
Maceneni,Maceneni,,-30.6642,29.0808,South Africa,ZA,ZAF,Eastern Cape,Eastern Cape,ZA-EC,province,,122.7,,,4,Africa/Johannesburg,FALSE,1710905492
Salpine,Salpine,,-28.5584,32.2107,South Africa,ZA,ZAF,KwaZulu-Natal,KwaZulu-Natal,ZA-KZN,,,5.3,,,5,Africa/Johannesburg,FALSE,1710564503
Bultfontein Number Three,Bultfontein Number Three,Bultfontein Number 3,-29.1777,26.8198,South Africa,ZA,ZAF,Free State,Free State,ZA-FS,province,,4647.2,,,2,Africa/Johannesburg,FALSE,1710655494
Spreeufontein,Spreeufontein,,-30.0991,25.9023,South Africa,ZA,ZAF,Free State,Free State,ZA-FS,province,,0.4,,,5,Africa/Johannesburg,FALSE,1710572504
Bandelierkop,Bandelierkop,Bandolierkop|Bandeiier Kop,-23.3230,29.8020,South Africa,ZA,ZAF,Limpopo,Limpopo,ZA-LP,province,,2.5,,,3,Africa/Johannesburg,FALSE,1710854327
Bokkraal,Bokkraal,,-27.3840,23.9735,South Africa,ZA,ZAF,Northern Cape,Northern Cape,ZA-NC,province,,0.4,,,5,Africa/Johannesburg,FALSE,1710593562
Far Forest,Far Forest,,-34.0333,18.3500,South Africa,ZA,ZAF,Western Cape,Western Cape,ZA-WC,province,,4274.7,,,2,Africa/Johannesburg,FALSE,1710524833
Tsembeyi,Tsembeyi,,-31.5891,27.0226,South Africa,ZA,ZAF,Eastern Cape,Eastern Cape,ZA-EC,province,,83.4,,,4,Africa/Johannesburg,FALSE,1710946696
Makadikwe,Makadikwe,,-24.7005,29.7458,South Africa,ZA,ZAF,Limpopo,Limpopo,ZA-LP,province,,442.6,,,3,Africa/Johannesburg,FALSE,1710145859
Manthestad,Manthestad,,-27.5543,24.8937,South Africa,ZA,ZAF,North West,North West,ZA-NW,province,,740.0,,,3,Africa/Johannesburg,FALSE,1710704127
Loumarina,Loumarina,,-26.1500,27.6500,South Africa,ZA,ZAF,Gauteng,Gauteng,ZA-GP,,,164.3,,,4,Africa/Johannesburg,FALSE,1710185501
Gubhuzi,Gubhuzi,,-30.8469,28.9772,South Africa,ZA,ZAF,Eastern Cape,Eastern Cape,ZA-EC,province,,138.1,,,4,Africa/Johannesburg,FALSE,1710908853
Gubhuzi,Gubhuzi,,-30.6312,28.9684,South Africa,ZA,ZAF,Eastern Cape,Eastern Cape,ZA-EC,province,,119.2,,,4,Africa/Johannesburg,TRUE,1710550005
Leeukloof,Leeukloof,,-30.9167,21.1000,South Africa,ZA,ZAF,Northern Cape,Northern Cape,ZA-NC,province,,0.1,,,5,Africa/Johannesburg,FALSE,1710057794
Mozana,Mozana,,-33.2167,27.4500,South Africa,ZA,ZAF,Eastern Cape,Eastern Cape,ZA-EC,province,,319.6,,,3,Africa/Johannesburg,FALSE,1710982133
Elandskop,Elandskop,,-31.9297,26.1272,South Africa,ZA,ZAF,Eastern Cape,Eastern Cape,ZA-EC,province,,0.4,,,5,Africa/Johannesburg,FALSE,1710348594
Inanda,Inanda,,-29.7151,30.9481,South Africa,ZA,ZAF,KwaZulu-Natal,KwaZulu-Natal,ZA-KZN,,,8618.8,,,2,Africa/Johannesburg,FALSE,1710472921
Mapani,Mapani,,-22.8969,29.9491,South Africa,ZA,ZAF,Limpopo,Limpopo,ZA-LP,province,,853.5,,,3,Africa/Johannesburg,FALSE,1710733109
Tooseng,Tooseng,,-24.4469,29.5615,South Africa,ZA,ZAF,Limpopo,Limpopo,ZA-LP,province,,1014.6,,,3,Africa/Johannesburg,FALSE,1710324891
Kuilenburg,Kuilenburg,Kuilenberg,-25.1667,26.2833,South Africa,ZA,ZAF,North West,North West,ZA-NW,province,,0.6,,,5,Africa/Johannesburg,FALSE,1710499964
Oshoek,Oshoek,,-25.2020,30.1997,South Africa,ZA,ZAF,Mpumalanga,Mpumalanga,ZA-MP,province,,2.9,,,5,Africa/Johannesburg,FALSE,1710797177
Mdikana,Mdikana,,-32.0890,29.0628,South Africa,ZA,ZAF,Eastern Cape,Eastern Cape,ZA-EC,province,,123.1,,,4,Africa/Johannesburg,FALSE,1710630167
Bikana,Bikana,Bikani,-32.1833,28.6500,South Africa,ZA,ZAF,Eastern Cape,Eastern Cape,ZA-EC,province,,61.0,,,4,Africa/Johannesburg,FALSE,1710867431
Glentig,Glentig,,-24.4333,28.4333,South Africa,ZA,ZAF,Limpopo,Limpopo,ZA-LP,province,,1.6,,,5,Africa/Johannesburg,FALSE,1710657349
KuNomxhathalala,KuNomxhathalala,,-30.9741,29.0874,South Africa,ZA,ZAF,Eastern Cape,Eastern Cape,ZA-EC,province,,1.3,,,5,Africa/Johannesburg,FALSE,1710506597
Plaaitjiesfontein,Plaaitjiesfontein,,-29.3151,26.5339,South Africa,ZA,ZAF,Free State,Free State,ZA-FS,province,,0.9,,,5,Africa/Johannesburg,FALSE,1710688955
Radijoko,Radijoko,,-24.9314,28.8559,South Africa,ZA,ZAF,Limpopo,Limpopo,ZA-LP,province,,57.4,,,4,Africa/Johannesburg,FALSE,1710133721
Tsatsana,Tsatsana,,-30.6533,28.2088,South Africa,ZA,ZAF,Eastern Cape,Eastern Cape,ZA-EC,province,,287.4,,,3,Africa/Johannesburg,FALSE,1710157225
Pniel Estates,Pniel Estates,,-28.5833,24.3833,South Africa,ZA,ZAF,Northern Cape,Northern Cape,ZA-NC,province,,1.6,,,5,Africa/Johannesburg,FALSE,1710801753
Verbrandehoek,Verbrandehoek,,-23.8791,29.9007,South Africa,ZA,ZAF,Limpopo,Limpopo,ZA-LP,province,,5.2,,,5,Africa/Johannesburg,FALSE,1710169159
Hackney,Hackney,,-32.3172,26.6451,South Africa,ZA,ZAF,Eastern Cape,Eastern Cape,ZA-EC,province,,103.5,,,4,Africa/Johannesburg,FALSE,1710767247
Kameelhoek,Kameelhoek,,-28.3333,22.9667,South Africa,ZA,ZAF,Northern Cape,Northern Cape,ZA-NC,province,,0.6,,,5,Africa/Johannesburg,FALSE,1710806313
Mehlakong,Mehlakong,,-23.7918,29.8267,South Africa,ZA,ZAF,Limpopo,Limpopo,ZA-LP,province,,508.9,,,3,Africa/Johannesburg,FALSE,1710759626
eMbalenhle,eMbalenhle,,-26.5333,29.0667,South Africa,ZA,ZAF,Mpumalanga,Mpumalanga,ZA-MP,province,,8082.1,,,2,Africa/Johannesburg,FALSE,1710918408
Schoonbeeksfontein,Schoonbeeksfontein,,-31.3881,25.7809,South Africa,ZA,ZAF,Eastern Cape,Eastern Cape,ZA-EC,province,,0.9,,,5,Africa/Johannesburg,FALSE,1710019056
Ramolapong,Ramolapong,,-25.6066,27.9278,South Africa,ZA,ZAF,North West,North West,ZA-NW,province,,582.6,,,3,Africa/Johannesburg,FALSE,1710468581
Sizini,Sizini,,-32.0701,28.3626,South Africa,ZA,ZAF,Eastern Cape,Eastern Cape,ZA-EC,province,,554.1,,,3,Africa/Johannesburg,FALSE,1710131899
Magatle,Magatle,,-24.4554,29.4012,South Africa,ZA,ZAF,Limpopo,Limpopo,ZA-LP,province,,412.6,,,3,Africa/Johannesburg,FALSE,1710579468
KuSiwisa,KuSiwisa,,-30.8488,29.6886,South Africa,ZA,ZAF,Eastern Cape,Eastern Cape,ZA-EC,province,,241.1,,,3,Africa/Johannesburg,FALSE,1710922895
Oukraal,Oukraal,Oudekraal,-34.2500,19.6000,South Africa,ZA,ZAF,Western Cape,Western Cape,ZA-WC,province,,2.6,,,5,Africa/Johannesburg,FALSE,1710878575
Oukraal,Oukraal,Oude Kraal,-34.1180,19.2820,South Africa,ZA,ZAF,Western Cape,Western Cape,ZA-WC,province,,1.0,,,5,Africa/Johannesburg,TRUE,1710069803
Ga-Maeleletja,Ga-Maeleletja,,-23.4412,28.1741,South Africa,ZA,ZAF,Limpopo,Limpopo,ZA-LP,province,,226.5,,,3,Africa/Johannesburg,FALSE,1710466207
Ngundani,Ngundani,,-31.1044,29.0900,South Africa,ZA,ZAF,Eastern Cape,Eastern Cape,ZA-EC,province,,281.3,,,3,Africa/Johannesburg,FALSE,1710726774
eZindongeni,eZindongeni,Ndongeni,-27.5389,32.4880,South Africa,ZA,ZAF,KwaZulu-Natal,KwaZulu-Natal,ZA-KZN,,,29.1,,,4,Africa/Johannesburg,FALSE,1710696068
Setotolwane,Setotolwane,,-23.8515,29.2460,South Africa,ZA,ZAF,Limpopo,Limpopo,ZA-LP,province,,411.9,,,3,Africa/Johannesburg,FALSE,1710345525
Ooseinde,Ooseinde,East End,-26.1333,26.1833,South Africa,ZA,ZAF,North West,North West,ZA-NW,province,,1.6,,,5,Africa/Johannesburg,FALSE,1710672425
Baviaanshoek,Baviaanshoek,Kleinfontein,-33.1383,19.6576,South Africa,ZA,ZAF,Western Cape,Western Cape,ZA-WC,province,,0.7,,,5,Africa/Johannesburg,FALSE,1710942696
Manthorwane,Manthorwane,,-24.0026,29.6390,South Africa,ZA,ZAF,Limpopo,Limpopo,ZA-LP,province,,307.4,,,3,Africa/Johannesburg,FALSE,1710220816
Wesley,Wesley,,-33.3195,27.3396,South Africa,ZA,ZAF,Eastern Cape,Eastern Cape,ZA-EC,province,,342.8,,,3,Africa/Johannesburg,FALSE,1710081431
Leshoane,Leshoane,,-23.8667,29.7833,South Africa,ZA,ZAF,Limpopo,Limpopo,ZA-LP,province,,148.1,,,4,Africa/Johannesburg,FALSE,1710553576
Ngxingweni,Ngxingweni,,-31.7180,28.3918,South Africa,ZA,ZAF,Eastern Cape,Eastern Cape,ZA-EC,province,,229.0,,,3,Africa/Johannesburg,FALSE,1710814206
Ngxingweni,Ngxingweni,,-30.6054,28.2208,South Africa,ZA,ZAF,Eastern Cape,Eastern Cape,ZA-EC,province,,190.3,,,4,Africa/Johannesburg,TRUE,1710765261
Ngxingweni,Ngxingweni,,-30.7073,28.7386,South Africa,ZA,ZAF,Eastern Cape,Eastern Cape,ZA-EC,province,,63.0,,,4,Africa/Johannesburg,TRUE,1710316397
Elandsberg,Elandsberg,,-31.8852,25.6814,South Africa,ZA,ZAF,Eastern Cape,Eastern Cape,ZA-EC,province,,0.6,,,5,Africa/Johannesburg,FALSE,1710425920
Haaskraal,Haaskraal,,-26.7680,27.0348,South Africa,ZA,ZAF,North West,North West,ZA-NW,province,,66.3,,,4,Africa/Johannesburg,FALSE,1710523274
Gaybrook,Gaybrook,,-30.5087,29.7019,South Africa,ZA,ZAF,KwaZulu-Natal,KwaZulu-Natal,ZA-KZN,,,77.3,,,4,Africa/Johannesburg,FALSE,1710708861
Xora Mouth,Xora Mouth,,-32.1613,28.9939,South Africa,ZA,ZAF,Eastern Cape,Eastern Cape,ZA-EC,province,,114.2,,,4,Africa/Johannesburg,FALSE,1710326902
Magagaaphiri,Magagaaphiri,,-27.6833,24.8000,South Africa,ZA,ZAF,North West,North West,ZA-NW,province,,2.2,,,5,Africa/Johannesburg,FALSE,1710248119
Bloemendal,Bloemendal,,-30.9847,26.1520,South Africa,ZA,ZAF,Eastern Cape,Eastern Cape,ZA-EC,province,,0.7,,,5,Africa/Johannesburg,FALSE,1710107738
Boshoek,Boshoek,,-27.5833,31.3500,South Africa,ZA,ZAF,KwaZulu-Natal,KwaZulu-Natal,ZA-KZN,,,12.6,,,4,Africa/Johannesburg,FALSE,1710231307
Cairnleith,Cairnleith,,-26.6833,28.6500,South Africa,ZA,ZAF,Mpumalanga,Mpumalanga,ZA-MP,province,,2.7,,,5,Africa/Johannesburg,FALSE,1710029609
Newington,Newington,,-24.8120,31.2878,South Africa,ZA,ZAF,Limpopo,Limpopo,ZA-LP,province,,539.7,,,3,Africa/Johannesburg,FALSE,1710697792
Taynult,Taynult,,-31.4884,27.9269,South Africa,ZA,ZAF,Eastern Cape,Eastern Cape,ZA-EC,province,,1.8,,,5,Africa/Johannesburg,FALSE,1710107672
Tlhatlhaganyane,Tlhatlhaganyane,,-25.2221,26.9440,South Africa,ZA,ZAF,North West,North West,ZA-NW,province,,553.9,,,3,Africa/Johannesburg,FALSE,1710837138
Ga-Mathiba,Ga-Mathiba,,-24.0969,29.5954,South Africa,ZA,ZAF,Limpopo,Limpopo,ZA-LP,province,,931.4,,,3,Africa/Johannesburg,FALSE,1710388996
Sigundwaneni,Sigundwaneni,,-30.8730,28.9200,South Africa,ZA,ZAF,Eastern Cape,Eastern Cape,ZA-EC,province,,358.6,,,3,Africa/Johannesburg,FALSE,1710115076
Mhlabamnyana,Mhlabamnyana,Mhlabamyama|Mhlabamnyama,-31.0734,28.8097,South Africa,ZA,ZAF,Eastern Cape,Eastern Cape,ZA-EC,province,,185.2,,,4,Africa/Johannesburg,FALSE,1710745120
Elandshoek,Elandshoek,,-30.0027,26.3691,South Africa,ZA,ZAF,Free State,Free State,ZA-FS,province,,0.6,,,5,Africa/Johannesburg,FALSE,1710921092
Macangceni,Macangceni,,-31.4474,27.7331,South Africa,ZA,ZAF,Eastern Cape,Eastern Cape,ZA-EC,province,,158.0,,,4,Africa/Johannesburg,FALSE,1710563236
Baca,Baca,,-31.6279,29.1084,South Africa,ZA,ZAF,Eastern Cape,Eastern Cape,ZA-EC,province,,138.2,,,4,Africa/Johannesburg,FALSE,1710140683
Ngcwanguba,Ngcwanguba,Ncwanguba,-31.9189,29.0321,South Africa,ZA,ZAF,Eastern Cape,Eastern Cape,ZA-EC,province,,326.7,,,3,Africa/Johannesburg,FALSE,1710851808
Mhlani,Mhlani,,-31.4167,28.5833,South Africa,ZA,ZAF,Eastern Cape,Eastern Cape,ZA-EC,province,,1.3,,,5,Africa/Johannesburg,FALSE,1710560787
Horton,Horton,,-33.0982,27.0158,South Africa,ZA,ZAF,Eastern Cape,Eastern Cape,ZA-EC,province,,36.4,,,4,Africa/Johannesburg,FALSE,1710893028
Roodepoort,Roodepoort,,-27.1667,28.1667,South Africa,ZA,ZAF,Free State,Free State,ZA-FS,province,,2.0,,,5,Africa/Johannesburg,FALSE,1710489485
Roodepoort,Roodepoort,,-29.5333,26.6000,South Africa,ZA,ZAF,Free State,Free State,ZA-FS,province,,1.7,,,5,Africa/Johannesburg,TRUE,1710829351
Roodepoort,Roodepoort,,-29.5963,25.8717,South Africa,ZA,ZAF,Free State,Free State,ZA-FS,province,,0.6,,,5,Africa/Johannesburg,TRUE,1710119797
Mapella,Mapella,Mapetla,-25.6064,27.9458,South Africa,ZA,ZAF,North West,North West,ZA-NW,province,,506.6,,,3,Africa/Johannesburg,FALSE,1710803021
KwaPheshe,KwaPheshe,,-29.8841,30.0052,South Africa,ZA,ZAF,KwaZulu-Natal,KwaZulu-Natal,ZA-KZN,,,150.8,,,4,Africa/Johannesburg,FALSE,1710801896
Deelfontein,Deelfontein,,-29.6037,26.4499,South Africa,ZA,ZAF,Free State,Free State,ZA-FS,province,,0.8,,,5,Africa/Johannesburg,FALSE,1710048953
Deelfontein,Deelfontein,,-30.2781,26.2988,South Africa,ZA,ZAF,Free State,Free State,ZA-FS,province,,0.7,,,5,Africa/Johannesburg,TRUE,1710147114
Albertina,Albertina,Albertiniahotel|Albertinia,-34.2054,21.5800,South Africa,ZA,ZAF,Western Cape,Western Cape,ZA-WC,province,,1648.4,,,3,Africa/Johannesburg,FALSE,1710034867
Donkergat,Donkergat,,-33.0823,18.0007,South Africa,ZA,ZAF,Western Cape,Western Cape,ZA-WC,province,,0.6,,,5,Africa/Johannesburg,FALSE,1710533103
Westbrook,Westbrook,,-29.5921,31.1655,South Africa,ZA,ZAF,KwaZulu-Natal,KwaZulu-Natal,ZA-KZN,,,617.7,,,3,Africa/Johannesburg,FALSE,1710032148
Sekurwaneng,Sekurwaneng,,-24.2942,29.5676,South Africa,ZA,ZAF,Limpopo,Limpopo,ZA-LP,province,,1166.3,,,3,Africa/Johannesburg,FALSE,1710415648
Xopo,Xopo,,-31.1430,29.2284,South Africa,ZA,ZAF,Eastern Cape,Eastern Cape,ZA-EC,province,,359.7,,,3,Africa/Johannesburg,FALSE,1710394970
Carrghmore,Carrghmore,,-31.4689,25.6828,South Africa,ZA,ZAF,Eastern Cape,Eastern Cape,ZA-EC,province,,0.8,,,5,Africa/Johannesburg,FALSE,1710928862
Meulrivier,Meulrivier,Meul River,-28.0500,29.0000,South Africa,ZA,ZAF,Free State,Free State,ZA-FS,province,,3.8,,,5,Africa/Johannesburg,FALSE,1710831191
Marnitz,Marnitz,Manitz Kraal,-23.1630,28.2107,South Africa,ZA,ZAF,Limpopo,Limpopo,ZA-LP,province,,0.6,,,5,Africa/Johannesburg,FALSE,1710254700
Klipdrif,Klipdrif,,-33.8399,19.9250,South Africa,ZA,ZAF,Western Cape,Western Cape,ZA-WC,province,,14.5,,,4,Africa/Johannesburg,FALSE,1710901275
Isandlwana,Isandlwana,,-28.8103,29.1536,South Africa,ZA,ZAF,KwaZulu-Natal,KwaZulu-Natal,ZA-KZN,,,176.5,,,4,Africa/Johannesburg,FALSE,1710115605
Hlankomo,Hlankomo,,-30.9021,29.3714,South Africa,ZA,ZAF,Eastern Cape,Eastern Cape,ZA-EC,province,,147.0,,,4,Africa/Johannesburg,FALSE,1710224399
Lonci,Lonci,,-30.8146,28.9712,South Africa,ZA,ZAF,Eastern Cape,Eastern Cape,ZA-EC,province,,62.0,,,4,Africa/Johannesburg,FALSE,1710540048
Ga-Matlala,Ga-Matlala,,-24.8783,29.5703,South Africa,ZA,ZAF,Limpopo,Limpopo,ZA-LP,province,,538.8,,,3,Africa/Johannesburg,FALSE,1710688243
Silwana’s Location,Silwana's Location,Selwaneslokasie|Silwansslokasie,-23.7167,30.9167,South Africa,ZA,ZAF,Limpopo,Limpopo,ZA-LP,province,,1.3,,,5,Africa/Johannesburg,FALSE,1710460725
Kanye,Kanye,,-31.6318,28.0461,South Africa,ZA,ZAF,Eastern Cape,Eastern Cape,ZA-EC,province,,62.7,,,4,Africa/Johannesburg,FALSE,1710942563
Merino,Merino,,-30.7879,25.7701,South Africa,ZA,ZAF,Eastern Cape,Eastern Cape,ZA-EC,province,,17.9,,,4,Africa/Johannesburg,FALSE,1710703680
Merino,Merino,,-31.3328,26.8448,South Africa,ZA,ZAF,Eastern Cape,Eastern Cape,ZA-EC,province,,1.4,,,5,Africa/Johannesburg,TRUE,1710106838
Antwerp,Antwerp,,-26.1052,28.1548,South Africa,ZA,ZAF,Gauteng,Gauteng,ZA-GP,,,1745.7,,,3,Africa/Johannesburg,FALSE,1710263763
Magwaca,Magwaca,,-30.9068,28.5456,South Africa,ZA,ZAF,Eastern Cape,Eastern Cape,ZA-EC,province,,132.9,,,4,Africa/Johannesburg,FALSE,1710405595
Takazi,Takazi,Takazidrif,-32.5301,28.4316,South Africa,ZA,ZAF,Eastern Cape,Eastern Cape,ZA-EC,province,,23.9,,,4,Africa/Johannesburg,FALSE,1710137173
Môreson,Moreson,,-33.3642,19.3323,South Africa,ZA,ZAF,Western Cape,Western Cape,ZA-WC,province,,89.1,,,4,Africa/Johannesburg,FALSE,1710878893
Moreson,Moreson,,-33.1167,22.2833,South Africa,ZA,ZAF,Western Cape,Western Cape,ZA-WC,province,,0.2,,,5,Africa/Johannesburg,TRUE,1710697718
Rooikop,Rooikop,,-30.3169,26.8583,South Africa,ZA,ZAF,Free State,Free State,ZA-FS,province,,0.6,,,5,Africa/Johannesburg,FALSE,1710709156
Vasfontein,Vasfontein,,-25.5414,28.2389,South Africa,ZA,ZAF,Gauteng,Gauteng,ZA-GP,,,77.1,,,4,Africa/Johannesburg,FALSE,1710528988
Thornville,Thornville,Thornville Junction,-29.7357,30.3847,South Africa,ZA,ZAF,KwaZulu-Natal,KwaZulu-Natal,ZA-KZN,,,121.5,,,4,Africa/Johannesburg,FALSE,1710628279
Hammarsdale,Hammarsdale,Hammersdale,-29.8008,30.6520,South Africa,ZA,ZAF,KwaZulu-Natal,KwaZulu-Natal,ZA-KZN,,,881.5,,,3,Africa/Johannesburg,FALSE,1710263145
Ga-Mamphahlane,Ga-Mamphahlane,,-24.6151,30.0957,South Africa,ZA,ZAF,Limpopo,Limpopo,ZA-LP,province,,958.9,,,3,Africa/Johannesburg,FALSE,1710462865
Tweefout,Tweefout,,-30.6096,26.8616,South Africa,ZA,ZAF,Free State,Free State,ZA-FS,province,,0.6,,,5,Africa/Johannesburg,FALSE,1710859753
Mgwalana Mouth,Mgwalana Mouth,,-33.4111,27.2748,South Africa,ZA,ZAF,Eastern Cape,Eastern Cape,ZA-EC,province,,4.9,,,5,Africa/Johannesburg,FALSE,1710083745
Leeuwkop,Leeuwkop,,-31.2754,26.8019,South Africa,ZA,ZAF,Eastern Cape,Eastern Cape,ZA-EC,province,,1.1,,,5,Africa/Johannesburg,FALSE,1710387044
Gemfane,Gemfane,Gempana|Gemfana,-31.0966,28.5464,South Africa,ZA,ZAF,Eastern Cape,Eastern Cape,ZA-EC,province,,96.1,,,4,Africa/Johannesburg,FALSE,1710316766
Leeukop,Leeukop,,-30.7411,26.2078,South Africa,ZA,ZAF,Eastern Cape,Eastern Cape,ZA-EC,province,,0.9,,,5,Africa/Johannesburg,FALSE,1710146509
Riviera Settlement,Riviera Settlement,,-27.0667,28.2000,South Africa,ZA,ZAF,Free State,Free State,ZA-FS,province,,1.4,,,5,Africa/Johannesburg,FALSE,1710154787
Mtshazi,Mtshazi,Mtshozi,-30.9481,29.0244,South Africa,ZA,ZAF,Eastern Cape,Eastern Cape,ZA-EC,province,,213.4,,,3,Africa/Johannesburg,FALSE,1710175851
Glen Ewan,Glen Ewan,,-31.8438,26.3730,South Africa,ZA,ZAF,Eastern Cape,Eastern Cape,ZA-EC,province,,0.6,,,5,Africa/Johannesburg,FALSE,1710086769
KwaSanti,KwaSanti,,-30.4857,30.1553,South Africa,ZA,ZAF,KwaZulu-Natal,KwaZulu-Natal,ZA-KZN,,,160.2,,,4,Africa/Johannesburg,FALSE,1710586465
Putsies,Putsies,,-28.8667,20.4333,South Africa,ZA,ZAF,Northern Cape,Northern Cape,ZA-NC,province,,2.9,,,5,Africa/Johannesburg,FALSE,1710881633
eNyoni,eNyoni,Nyoni,-29.0777,31.4635,South Africa,ZA,ZAF,KwaZulu-Natal,KwaZulu-Natal,ZA-KZN,,,563.1,,,3,Africa/Johannesburg,FALSE,1710320525
Hardeveld,Hardeveld,,-31.6833,27.3500,South Africa,ZA,ZAF,Eastern Cape,Eastern Cape,ZA-EC,province,,0.8,,,5,Africa/Johannesburg,FALSE,1710743952
Louden,Louden,,-31.0154,28.4691,South Africa,ZA,ZAF,Eastern Cape,Eastern Cape,ZA-EC,province,,0.7,,,5,Africa/Johannesburg,FALSE,1710200934
Eselfontein,Eselfontein,,-33.4014,19.4337,South Africa,ZA,ZAF,Western Cape,Western Cape,ZA-WC,province,,11.0,,,4,Africa/Johannesburg,FALSE,1710282439
Tambisha,Tambisha,,-25.2167,29.0333,South Africa,ZA,ZAF,Mpumalanga,Mpumalanga,ZA-MP,province,,1267.6,,,3,Africa/Johannesburg,FALSE,1710470837
Brandkloof,Brandkloof,,-29.4598,17.9449,South Africa,ZA,ZAF,Northern Cape,Northern Cape,ZA-NC,province,,0.1,,,5,Africa/Johannesburg,FALSE,1710936892
Buffelshoek,Buffelshoek,,-25.7305,27.1522,South Africa,ZA,ZAF,North West,North West,ZA-NW,province,,8.3,,,5,Africa/Johannesburg,FALSE,1710970076
Khudunkgwane,Khudunkgwane,Kudunkgwane,-26.4094,24.4002,South Africa,ZA,ZAF,North West,North West,ZA-NW,province,,353.6,,,3,Africa/Johannesburg,FALSE,1710509045
Makgakgane,Makgakgane,,-25.7893,25.1369,South Africa,ZA,ZAF,North West,North West,ZA-NW,province,,91.5,,,4,Africa/Johannesburg,FALSE,1710805797
Blomtuin,Blomtuin,,-33.8827,18.6521,South Africa,ZA,ZAF,Western Cape,Western Cape,ZA-WC,province,,3636.2,,,2,Africa/Johannesburg,FALSE,1710348778
Butterworth,Butterworth,Gcuwa,-32.3308,28.1498,South Africa,ZA,ZAF,Eastern Cape,Eastern Cape,ZA-EC,province,,989.1,,,3,Africa/Johannesburg,FALSE,1710623211
Brakkefontein,Brakkefontein,Brakfontein,-33.6352,18.4819,South Africa,ZA,ZAF,Western Cape,Western Cape,ZA-WC,province,,1.6,,,5,Africa/Johannesburg,FALSE,1710479292
Runnymede,Runnymede,,-23.6551,30.4467,South Africa,ZA,ZAF,Limpopo,Limpopo,ZA-LP,province,,1176.9,,,3,Africa/Johannesburg,FALSE,1710147974
The Gem,The Gem,,-26.3384,30.6416,South Africa,ZA,ZAF,Mpumalanga,Mpumalanga,ZA-MP,province,,5.0,,,5,Africa/Johannesburg,FALSE,1710999969
Dipetleloana,Dipetleloana,,-25.0776,28.1229,South Africa,ZA,ZAF,North West,North West,ZA-NW,province,,1221.7,,,3,Africa/Johannesburg,FALSE,1710910850
Swanepoelskraal,Swanepoelskraal,,-33.4406,25.6897,South Africa,ZA,ZAF,Eastern Cape,Eastern Cape,ZA-EC,province,,16.5,,,4,Africa/Johannesburg,FALSE,1710719712
Sasane,Sasane,,-25.8591,25.0099,South Africa,ZA,ZAF,North West,North West,ZA-NW,province,,118.1,,,4,Africa/Johannesburg,FALSE,1710284394
Shixini,Shixini,,-32.3333,28.6333,South Africa,ZA,ZAF,Eastern Cape,Eastern Cape,ZA-EC,province,,5.9,,,5,Africa/Johannesburg,FALSE,1710552321
Naledi,Naledi,,-23.3063,29.1657,South Africa,ZA,ZAF,Limpopo,Limpopo,ZA-LP,province,,395.5,,,3,Africa/Johannesburg,FALSE,1710104253
Naledi,Naledi,,-23.8312,29.0749,South Africa,ZA,ZAF,Limpopo,Limpopo,ZA-LP,province,,252.9,,,3,Africa/Johannesburg,TRUE,1710209644
KuNgcoti,KuNgcoti,,-30.9991,28.5689,South Africa,ZA,ZAF,Eastern Cape,Eastern Cape,ZA-EC,province,,60.8,,,4,Africa/Johannesburg,FALSE,1710316919
Saaiplass,Saaiplass,,-30.2123,26.8036,South Africa,ZA,ZAF,Free State,Free State,ZA-FS,province,,1.1,,,5,Africa/Johannesburg,FALSE,1710406877
Ga-Sese,Ga-Sese,,-27.1162,23.0456,South Africa,ZA,ZAF,North West,North West,ZA-NW,province,,410.6,,,3,Africa/Johannesburg,FALSE,1710256197
Verdriet,Verdriet,,-27.9833,30.1500,South Africa,ZA,ZAF,KwaZulu-Natal,KwaZulu-Natal,ZA-KZN,,,169.8,,,4,Africa/Johannesburg,FALSE,1710454800
Alabama,Alabama,,-26.8667,26.5833,South Africa,ZA,ZAF,North West,North West,ZA-NW,province,,3346.7,,,2,Africa/Johannesburg,FALSE,1710717437
Macheleni,Macheleni,,-30.7548,29.0422,South Africa,ZA,ZAF,Eastern Cape,Eastern Cape,ZA-EC,province,,182.2,,,4,Africa/Johannesburg,FALSE,1710669794
Wemmer,Wemmer,,-26.2000,28.0167,South Africa,ZA,ZAF,Gauteng,Gauteng,ZA-GP,,,4541.5,,,2,Africa/Johannesburg,FALSE,1710713942
Avalon,Avalon,,-26.1000,28.1333,South Africa,ZA,ZAF,Gauteng,Gauteng,ZA-GP,,,336.0,,,3,Africa/Johannesburg,FALSE,1710336637
KwaNzolo,KwaNzolo,,-31.6462,28.1851,South Africa,ZA,ZAF,Eastern Cape,Eastern Cape,ZA-EC,province,,240.2,,,3,Africa/Johannesburg,FALSE,1710233938
Mount Ngwibi,Mount Ngwibi,,-27.7936,31.0741,South Africa,ZA,ZAF,KwaZulu-Natal,KwaZulu-Natal,ZA-KZN,,,31.5,,,4,Africa/Johannesburg,FALSE,1710830349
Nhlazatshe,Nhlazatshe,Nhlazatsche|Inhlazatje|Inhlazatatje|Inhlazatia|Inhlaxatia,-28.1811,31.2514,South Africa,ZA,ZAF,KwaZulu-Natal,KwaZulu-Natal,ZA-KZN,,,66.8,,,4,Africa/Johannesburg,FALSE,1710048086
Kwa-Hoza,Kwa-Hoza,,-33.1776,26.9070,South Africa,ZA,ZAF,Eastern Cape,Eastern Cape,ZA-EC,province,,33.1,,,4,Africa/Johannesburg,FALSE,1710267053
Ga-Maribana,Ga-Maribana,,-23.5129,29.1990,South Africa,ZA,ZAF,Limpopo,Limpopo,ZA-LP,province,,677.8,,,3,Africa/Johannesburg,FALSE,1710322942
Ga-Motlogelwa,Ga-Motlogelwa,,-27.0400,23.2941,South Africa,ZA,ZAF,North West,North West,ZA-NW,province,,75.5,,,4,Africa/Johannesburg,FALSE,1710692934
Moeaneng,Moeaneng,,-30.3840,28.5314,South Africa,ZA,ZAF,Eastern Cape,Eastern Cape,ZA-EC,province,,98.8,,,4,Africa/Johannesburg,FALSE,1710194955
KwaMpisi,KwaMpisi,Impisi,-31.0796,29.8890,South Africa,ZA,ZAF,Eastern Cape,Eastern Cape,ZA-EC,province,,207.2,,,3,Africa/Johannesburg,FALSE,1710808498
Mountain Home,Mountain Home,,-30.2505,29.8282,South Africa,ZA,ZAF,Eastern Cape,Eastern Cape,ZA-EC,province,,105.9,,,4,Africa/Johannesburg,FALSE,1710746934
Evergreen,Evergreen,Evercasen,-26.7667,30.7000,South Africa,ZA,ZAF,Mpumalanga,Mpumalanga,ZA-MP,province,,15.2,,,4,Africa/Johannesburg,FALSE,1710769036
Ga-Moeka,Ga-Moeka,,-25.3352,28.0588,South Africa,ZA,ZAF,North West,North West,ZA-NW,province,,1769.6,,,3,Africa/Johannesburg,FALSE,1710998345
Nyareni,Nyareni,,-31.2736,29.5236,South Africa,ZA,ZAF,Eastern Cape,Eastern Cape,ZA-EC,province,,112.8,,,4,Africa/Johannesburg,FALSE,1710630282
Kwa-Ngxabane,Kwa-Ngxabane,,-31.0571,28.8006,South Africa,ZA,ZAF,Eastern Cape,Eastern Cape,ZA-EC,province,,245.4,,,3,Africa/Johannesburg,FALSE,1710471259
Bernardus,Bernardus,,-30.1548,26.8785,South Africa,ZA,ZAF,Free State,Free State,ZA-FS,province,,0.6,,,5,Africa/Johannesburg,FALSE,1710857620
KuNoxhungutshe,KuNoxhungutshe,,-30.9246,29.1934,South Africa,ZA,ZAF,Eastern Cape,Eastern Cape,ZA-EC,province,,312.6,,,3,Africa/Johannesburg,FALSE,1710372312
Malematsa,Malematsa,,-23.6155,30.2843,South Africa,ZA,ZAF,Limpopo,Limpopo,ZA-LP,province,,402.0,,,3,Africa/Johannesburg,FALSE,1710385677
Ngcweleni,Ngcweleni,,-31.0008,29.4925,South Africa,ZA,ZAF,Eastern Cape,Eastern Cape,ZA-EC,province,,165.7,,,4,Africa/Johannesburg,FALSE,1710876379
Mathabatha,Mathabatha,,-24.2167,29.8833,South Africa,ZA,ZAF,Limpopo,Limpopo,ZA-LP,province,,698.9,,,3,Africa/Johannesburg,FALSE,1710003959
Buchele,Buchele,Bucale|Bucele,-31.4981,29.6169,South Africa,ZA,ZAF,Eastern Cape,Eastern Cape,ZA-EC,province,,227.7,,,3,Africa/Johannesburg,FALSE,1710470264
Burners,Burners,,-29.5500,29.4667,South Africa,ZA,ZAF,KwaZulu-Natal,KwaZulu-Natal,ZA-KZN,,,0.7,,,5,Africa/Johannesburg,FALSE,1710505371
Voorbaai,Voorbaai,,-34.1461,22.1050,South Africa,ZA,ZAF,Western Cape,Western Cape,ZA-WC,province,,290.5,,,3,Africa/Johannesburg,FALSE,1710859344
Klipspruit,Klipspruit,,-28.8000,30.4167,South Africa,ZA,ZAF,KwaZulu-Natal,KwaZulu-Natal,ZA-KZN,,,57.9,,,4,Africa/Johannesburg,FALSE,1710716799
Klipfontein,Klipfontein,,-34.2417,18.4287,South Africa,ZA,ZAF,Western Cape,Western Cape,ZA-WC,province,,2.3,,,5,Africa/Johannesburg,FALSE,1710593974
Ga-Mmamogwasa,Ga-Mmamogwasa,,-24.4057,29.3396,South Africa,ZA,ZAF,Limpopo,Limpopo,ZA-LP,province,,522.5,,,3,Africa/Johannesburg,FALSE,1710088891
Wagenbietjieshoek,Wagenbietjieshoek,,-25.4833,30.2833,South Africa,ZA,ZAF,Mpumalanga,Mpumalanga,ZA-MP,province,,0.5,,,5,Africa/Johannesburg,FALSE,1710974074
Maraheki,Maraheki,,-24.5667,27.6000,South Africa,ZA,ZAF,Limpopo,Limpopo,ZA-LP,province,,0.8,,,5,Africa/Johannesburg,FALSE,1710083144
Korhaansdrif,Korhaansdrif,,-33.5667,25.3500,South Africa,ZA,ZAF,Eastern Cape,Eastern Cape,ZA-EC,province,,1.4,,,5,Africa/Johannesburg,FALSE,1710553811
Masekolane,Masekolane,,-25.1895,26.6348,South Africa,ZA,ZAF,North West,North West,ZA-NW,province,,36.4,,,4,Africa/Johannesburg,FALSE,1710130533
Ga-Ramokadi-kadi,Ga-Ramokadi-kadi,,-23.6786,29.0408,South Africa,ZA,ZAF,Limpopo,Limpopo,ZA-LP,province,,625.0,,,3,Africa/Johannesburg,FALSE,1710708034
Marakaneng,Marakaneng,,-30.5790,27.0857,South Africa,ZA,ZAF,Eastern Cape,Eastern Cape,ZA-EC,province,,261.8,,,3,Africa/Johannesburg,FALSE,1710783245
Bakubha,Bakubha,,-30.8944,29.2834,South Africa,ZA,ZAF,Eastern Cape,Eastern Cape,ZA-EC,province,,369.1,,,3,Africa/Johannesburg,FALSE,1710153377
Kwaggafontein,Kwaggafontein,,-25.2980,28.9540,South Africa,ZA,ZAF,Mpumalanga,Mpumalanga,ZA-MP,province,,4580.9,,,2,Africa/Johannesburg,FALSE,1710177771
Erfpach,Erfpach,,-27.4009,30.7993,South Africa,ZA,ZAF,KwaZulu-Natal,KwaZulu-Natal,ZA-KZN,,,16.9,,,4,Africa/Johannesburg,FALSE,1710799151
Madiakgama,Madiakgama,Madeakham,-26.2333,24.2500,South Africa,ZA,ZAF,North West,North West,ZA-NW,province,,0.9,,,5,Africa/Johannesburg,FALSE,1710068032
Corsham,Corsham,,-26.7597,23.0608,South Africa,ZA,ZAF,North West,North West,ZA-NW,province,,0.1,,,5,Africa/Johannesburg,FALSE,1710231918
Chochocho,Chochocho,,-24.6966,31.1138,South Africa,ZA,ZAF,Mpumalanga,Mpumalanga,ZA-MP,province,,1057.6,,,3,Africa/Johannesburg,FALSE,1710743268
Madwaleni,Madwaleni,,-32.1000,28.8833,South Africa,ZA,ZAF,Eastern Cape,Eastern Cape,ZA-EC,province,,1040.8,,,3,Africa/Johannesburg,FALSE,1710999736
Madwaleni,Madwaleni,,-31.3593,28.7280,South Africa,ZA,ZAF,Eastern Cape,Eastern Cape,ZA-EC,province,,509.0,,,3,Africa/Johannesburg,TRUE,1710847987
Madwaleni,Madwaleni,Madweleni,-31.7706,28.7918,South Africa,ZA,ZAF,Eastern Cape,Eastern Cape,ZA-EC,province,,159.9,,,4,Africa/Johannesburg,TRUE,1710304883
Madwaleni,Madwaleni,,-30.7715,28.4700,South Africa,ZA,ZAF,Eastern Cape,Eastern Cape,ZA-EC,province,,68.6,,,4,Africa/Johannesburg,TRUE,1710960810
Aapdraai,Aapdraai,,-25.4833,26.1667,South Africa,ZA,ZAF,North West,North West,ZA-NW,province,,2.5,,,5,Africa/Johannesburg,FALSE,1710779451
Boitumelong,Boitumelong,,-27.6389,25.5691,South Africa,ZA,ZAF,North West,North West,ZA-NW,province,,9456.1,,,2,Africa/Johannesburg,FALSE,1710620938
Die Brug,Die Brug,,-24.3667,31.9000,South Africa,ZA,ZAF,Mpumalanga,Mpumalanga,ZA-MP,province,,0.1,,,5,Africa/Johannesburg,FALSE,1710797973
Popolis,Popolis,,-31.0036,25.5065,South Africa,ZA,ZAF,Northern Cape,Northern Cape,ZA-NC,province,,0.7,,,5,Africa/Johannesburg,FALSE,1710481859
Vendaland,Vendaland,,-22.9667,30.5833,South Africa,ZA,ZAF,Limpopo,Limpopo,ZA-LP,province,,89.5,,,4,Africa/Johannesburg,FALSE,1710489738
Oranje,Oranje,,-26.1939,29.8993,South Africa,ZA,ZAF,Mpumalanga,Mpumalanga,ZA-MP,province,,5.6,,,5,Africa/Johannesburg,FALSE,1710919222
Kubeka,Kubeka,,-31.8806,28.8243,South Africa,ZA,ZAF,Eastern Cape,Eastern Cape,ZA-EC,province,,156.9,,,4,Africa/Johannesburg,FALSE,1710733303
Mokwena,Mokwena,,-24.4000,30.5500,South Africa,ZA,ZAF,Limpopo,Limpopo,ZA-LP,province,,160.4,,,4,Africa/Johannesburg,FALSE,1710847689
Gonubie Manor,Gonubie Manor,Gonubie,-32.9250,27.9760,South Africa,ZA,ZAF,Eastern Cape,Eastern Cape,ZA-EC,province,,12.8,,,4,Africa/Johannesburg,FALSE,1710999440
Rustfontein,Rustfontein,,-29.8475,26.4515,South Africa,ZA,ZAF,Free State,Free State,ZA-FS,province,,0.6,,,5,Africa/Johannesburg,FALSE,1710094111
Champagne,Champagne,,-28.9974,27.4560,South Africa,ZA,ZAF,Free State,Free State,ZA-FS,province,,3.4,,,5,Africa/Johannesburg,FALSE,1710404253
Welkon,Welkon,,-30.3820,26.5476,South Africa,ZA,ZAF,Free State,Free State,ZA-FS,province,,0.6,,,5,Africa/Johannesburg,FALSE,1710589451
Paalland,Paalland,,-30.1043,26.4010,South Africa,ZA,ZAF,Free State,Free State,ZA-FS,province,,0.6,,,5,Africa/Johannesburg,FALSE,1710745856
Ga-Sekhukhune,Ga-Sekhukhune,,-24.4352,29.8472,South Africa,ZA,ZAF,Limpopo,Limpopo,ZA-LP,province,,361.2,,,3,Africa/Johannesburg,FALSE,1710099992
Ga-Sekhukhune,Ga-Sekhukhune,,-24.7500,30.0167,South Africa,ZA,ZAF,Limpopo,Limpopo,ZA-LP,province,,0.9,,,5,Africa/Johannesburg,TRUE,1710143055
Grootvlei (1),Grootvlei (1),,-31.3436,25.6944,South Africa,ZA,ZAF,Eastern Cape,Eastern Cape,ZA-EC,province,,0.9,,,5,Africa/Johannesburg,FALSE,1710420076
Bakklysdrift,Bakklysdrift,,-34.0962,20.5022,South Africa,ZA,ZAF,Western Cape,Western Cape,ZA-WC,province,,5.0,,,5,Africa/Johannesburg,FALSE,1710659418
Houtrivier,Houtrivier,Hout River,-23.0833,29.5500,South Africa,ZA,ZAF,Limpopo,Limpopo,ZA-LP,province,,2.1,,,5,Africa/Johannesburg,FALSE,1710766241
Kroonspruit,Kroonspruit,,-29.6580,26.2948,South Africa,ZA,ZAF,Free State,Free State,ZA-FS,province,,0.5,,,5,Africa/Johannesburg,FALSE,1710636427
Envis,Envis,,-30.8852,29.7064,South Africa,ZA,ZAF,Eastern Cape,Eastern Cape,ZA-EC,province,,177.4,,,4,Africa/Johannesburg,FALSE,1710976940
Enqobokeni,Enqobokeni,,-32.1645,26.7221,South Africa,ZA,ZAF,Eastern Cape,Eastern Cape,ZA-EC,province,,195.5,,,4,Africa/Johannesburg,FALSE,1710906300
Kruiskloof,Kruiskloof,,-34.0833,20.8500,South Africa,ZA,ZAF,Western Cape,Western Cape,ZA-WC,province,,1.6,,,5,Africa/Johannesburg,FALSE,1710483839
Vrisgewaagd,Vrisgewaagd,,-25.2833,26.6500,South Africa,ZA,ZAF,North West,North West,ZA-NW,province,,245.2,,,3,Africa/Johannesburg,FALSE,1710989263
Gruisklip,Gruisklip,,-31.6128,25.7710,South Africa,ZA,ZAF,Eastern Cape,Eastern Cape,ZA-EC,province,,0.8,,,5,Africa/Johannesburg,FALSE,1710288758
Guduse,Guduse,,-31.9009,28.5575,South Africa,ZA,ZAF,Eastern Cape,Eastern Cape,ZA-EC,province,,77.8,,,4,Africa/Johannesburg,FALSE,1710308673
Sekakene,Sekakene,,-23.4539,29.6834,South Africa,ZA,ZAF,Limpopo,Limpopo,ZA-LP,province,,1049.1,,,3,Africa/Johannesburg,FALSE,1710216840
Van de Merwes Fontein (2),Van de Merwes Fontein (2),,-31.2390,26.9411,South Africa,ZA,ZAF,Eastern Cape,Eastern Cape,ZA-EC,province,,1.1,,,5,Africa/Johannesburg,FALSE,1710287077
Mpakeni,Mpakeni,,-25.4856,31.2608,South Africa,ZA,ZAF,Mpumalanga,Mpumalanga,ZA-MP,province,,1.2,,,5,Africa/Johannesburg,FALSE,1710962800
Tweeloop,Tweeloop,,-29.7370,17.4417,South Africa,ZA,ZAF,Northern Cape,Northern Cape,ZA-NC,province,,2.4,,,5,Africa/Johannesburg,FALSE,1710283377
Steillopbrug,Steillopbrug,Steilloopbrug|Steilloop Bridge,-23.4163,28.6235,South Africa,ZA,ZAF,Limpopo,Limpopo,ZA-LP,province,,1.0,,,5,Africa/Johannesburg,FALSE,1710931732
Marowe,Marowe,,-23.5082,29.2624,South Africa,ZA,ZAF,Limpopo,Limpopo,ZA-LP,province,,658.1,,,3,Africa/Johannesburg,FALSE,1710177672
Mbodleni,Mbodleni,,-29.8483,29.8574,South Africa,ZA,ZAF,KwaZulu-Natal,KwaZulu-Natal,ZA-KZN,,,127.1,,,4,Africa/Johannesburg,FALSE,1710672504
Bailey’s Cottage,Bailey's Cottage,,-34.1122,18.4661,South Africa,ZA,ZAF,Western Cape,Western Cape,ZA-WC,province,,524.9,,,3,Africa/Johannesburg,FALSE,1710208150
Kwa-Xoxo,Kwa-Xoxo,,-31.7411,28.1090,South Africa,ZA,ZAF,Eastern Cape,Eastern Cape,ZA-EC,province,,18.8,,,4,Africa/Johannesburg,FALSE,1710522529
Klein Rosynebos,Klein Rosynebos,,-29.0833,20.7833,South Africa,ZA,ZAF,Northern Cape,Northern Cape,ZA-NC,province,,0.0,,,5,Africa/Johannesburg,FALSE,1710672353
Sekgwasankwe,Sekgwasankwe,,-26.6789,23.4796,South Africa,ZA,ZAF,North West,North West,ZA-NW,province,,0.1,,,5,Africa/Johannesburg,FALSE,1710854422
Stinkbrak,Stinkbrak,,-30.1573,22.0558,South Africa,ZA,ZAF,Northern Cape,Northern Cape,ZA-NC,province,,0.1,,,5,Africa/Johannesburg,FALSE,1710984702
Noxova,Noxova,Nozova,-31.7198,29.1309,South Africa,ZA,ZAF,Eastern Cape,Eastern Cape,ZA-EC,province,,89.0,,,4,Africa/Johannesburg,FALSE,1710892099
Yengweni,Yengweni,,-27.6435,32.4151,South Africa,ZA,ZAF,KwaZulu-Natal,KwaZulu-Natal,ZA-KZN,,,30.6,,,4,Africa/Johannesburg,FALSE,1710491634
Mauluma,Mauluma,,-22.9298,30.1326,South Africa,ZA,ZAF,Limpopo,Limpopo,ZA-LP,province,,1483.3,,,3,Africa/Johannesburg,FALSE,1710524528
Ngqatyana,Ngqatyana,,-32.0667,28.8333,South Africa,ZA,ZAF,Eastern Cape,Eastern Cape,ZA-EC,province,,134.1,,,4,Africa/Johannesburg,FALSE,1710954199
Buffeljagsrivier,Buffeljagsrivier,Buffeljags River,-34.0460,20.5269,South Africa,ZA,ZAF,Western Cape,Western Cape,ZA-WC,province,,834.6,,,3,Africa/Johannesburg,FALSE,1710615491
Glen Reenen,Glen Reenen,,-28.5059,28.6175,South Africa,ZA,ZAF,Free State,Free State,ZA-FS,province,,3.2,,,5,Africa/Johannesburg,FALSE,1710788970
Zanddraai,Zanddraai,,-27.8415,28.7880,South Africa,ZA,ZAF,Free State,Free State,ZA-FS,province,,1.3,,,5,Africa/Johannesburg,FALSE,1710242729
Munyu,Munyu,,-27.3553,32.3317,South Africa,ZA,ZAF,KwaZulu-Natal,KwaZulu-Natal,ZA-KZN,,,11.8,,,4,Africa/Johannesburg,FALSE,1710875265
Middelfontein,Middelfontein,,-29.8107,26.2575,South Africa,ZA,ZAF,Free State,Free State,ZA-FS,province,,0.5,,,5,Africa/Johannesburg,FALSE,1710877458
Wolwefontein,Wolwefontein,,-24.3399,28.1485,South Africa,ZA,ZAF,Limpopo,Limpopo,ZA-LP,province,,1.5,,,5,Africa/Johannesburg,FALSE,1710621379
Witkoppies (2),Witkoppies (2),,-29.6239,21.4990,South Africa,ZA,ZAF,Northern Cape,Northern Cape,ZA-NC,province,,0.1,,,5,Africa/Johannesburg,FALSE,1710685450
Old Green River,Old Green River,,-32.9143,27.2405,South Africa,ZA,ZAF,Eastern Cape,Eastern Cape,ZA-EC,province,,278.4,,,3,Africa/Johannesburg,FALSE,1710382253
Neethlingshalte,Neethlingshalte,,-28.8833,25.6333,South Africa,ZA,ZAF,Free State,Free State,ZA-FS,province,,0.5,,,5,Africa/Johannesburg,FALSE,1710018245
Gosara,Gosara,,-32.3000,28.5000,South Africa,ZA,ZAF,Eastern Cape,Eastern Cape,ZA-EC,province,,156.7,,,4,Africa/Johannesburg,FALSE,1710298680
Lugongqozo,Lugongqozo,,-31.2039,29.2507,South Africa,ZA,ZAF,Eastern Cape,Eastern Cape,ZA-EC,province,,28.4,,,4,Africa/Johannesburg,FALSE,1710862590
Saint Paul’s,Saint Paul's,Saint Paul’s Mission,-28.6954,31.5738,South Africa,ZA,ZAF,KwaZulu-Natal,KwaZulu-Natal,ZA-KZN,,,125.6,,,4,Africa/Johannesburg,FALSE,1710939422
Museva,Museva,,-27.3000,23.3333,South Africa,ZA,ZAF,North West,North West,ZA-NW,province,,735.0,,,3,Africa/Johannesburg,FALSE,1710171737
Ngwelombaso,Ngwelombaso,,-30.7954,29.8107,South Africa,ZA,ZAF,Eastern Cape,Eastern Cape,ZA-EC,province,,382.7,,,3,Africa/Johannesburg,FALSE,1710471478
Midshaft,Midshaft,,-31.0667,25.7167,South Africa,ZA,ZAF,Eastern Cape,Eastern Cape,ZA-EC,province,,0.1,,,5,Africa/Johannesburg,FALSE,1710557363
Sandrivier,Sandrivier,Zand Rivier,-33.1514,20.0237,South Africa,ZA,ZAF,Western Cape,Western Cape,ZA-WC,province,,2.0,,,5,Africa/Johannesburg,FALSE,1710648083
Ga-Makgatle,Ga-Makgatle,,-24.9710,29.5939,South Africa,ZA,ZAF,Limpopo,Limpopo,ZA-LP,province,,138.4,,,4,Africa/Johannesburg,FALSE,1710979661
Phugwane,Phugwane,,-22.9789,30.7882,South Africa,ZA,ZAF,Limpopo,Limpopo,ZA-LP,province,,523.4,,,3,Africa/Johannesburg,FALSE,1710994825
Phugwane,Phugwane,,-22.9833,30.9500,South Africa,ZA,ZAF,Limpopo,Limpopo,ZA-LP,province,,0.0,,,5,Africa/Johannesburg,TRUE,1710441667
Siqitini,Siqitini,,-30.8882,29.1869,South Africa,ZA,ZAF,Eastern Cape,Eastern Cape,ZA-EC,province,,209.4,,,3,Africa/Johannesburg,FALSE,1710096151
Siqitini,Siqitini,,-31.7167,27.8000,South Africa,ZA,ZAF,Eastern Cape,Eastern Cape,ZA-EC,province,,52.5,,,4,Africa/Johannesburg,TRUE,1710785592
Siqitini,Siqitini,,-31.9667,27.5000,South Africa,ZA,ZAF,Eastern Cape,Eastern Cape,ZA-EC,province,,3.4,,,5,Africa/Johannesburg,TRUE,1710678399
Ga-Phagodi,Ga-Phagodi,,-23.4994,29.1545,South Africa,ZA,ZAF,Limpopo,Limpopo,ZA-LP,province,,362.7,,,3,Africa/Johannesburg,FALSE,1710377302
Kalkbaai,Kalkbaai,Kalk Bay,-34.1250,18.4507,South Africa,ZA,ZAF,Western Cape,Western Cape,ZA-WC,province,,1009.9,,,3,Africa/Johannesburg,FALSE,1710414051
Rykheersputs,Rykheersputs,,-27.9425,20.0812,South Africa,ZA,ZAF,Northern Cape,Northern Cape,ZA-NC,province,,0.1,,,5,Africa/Johannesburg,FALSE,1710242297
Grassridge,Grassridge,,-31.7856,25.4529,South Africa,ZA,ZAF,Eastern Cape,Eastern Cape,ZA-EC,province,,2.9,,,5,Africa/Johannesburg,FALSE,1710149304
Oudersorg,Oudersorg,,-30.4528,26.9704,South Africa,ZA,ZAF,Free State,Free State,ZA-FS,province,,0.5,,,5,Africa/Johannesburg,FALSE,1710612699
Loodmyn,Loodmyn,,-23.1333,28.7167,South Africa,ZA,ZAF,Limpopo,Limpopo,ZA-LP,province,,223.1,,,3,Africa/Johannesburg,FALSE,1710442621
Sikwane,Sikwane,,-24.9936,25.9203,South Africa,ZA,ZAF,North West,North West,ZA-NW,province,,277.4,,,3,Africa/Johannesburg,FALSE,1710719255
Locatie van M’phatlele,Locatie van M'phatlele,Locate van M’phatele|Mphahleslokasie,-24.3333,29.6500,South Africa,ZA,ZAF,Limpopo,Limpopo,ZA-LP,province,,293.0,,,3,Africa/Johannesburg,FALSE,1710900213
Diepkloof,Diepkloof,,-30.1040,26.7668,South Africa,ZA,ZAF,Free State,Free State,ZA-FS,province,,0.6,,,5,Africa/Johannesburg,FALSE,1710390466
March,March,,-26.8540,23.0526,South Africa,ZA,ZAF,North West,North West,ZA-NW,province,,320.6,,,3,Africa/Johannesburg,FALSE,1710440405
Bodini,Bodini,,-31.7900,27.9142,South Africa,ZA,ZAF,Eastern Cape,Eastern Cape,ZA-EC,province,,265.5,,,3,Africa/Johannesburg,FALSE,1710015558
KwaGengeshe,KwaGengeshe,,-29.8493,30.0896,South Africa,ZA,ZAF,KwaZulu-Natal,KwaZulu-Natal,ZA-KZN,,,13.2,,,4,Africa/Johannesburg,FALSE,1710476801
Ditlolamarumo,Ditlolamarumo,,-27.1162,23.9589,South Africa,ZA,ZAF,North West,North West,ZA-NW,province,,0.7,,,5,Africa/Johannesburg,FALSE,1710951620
eMangweni,eMangweni,Loskop,-28.9333,29.6167,South Africa,ZA,ZAF,KwaZulu-Natal,KwaZulu-Natal,ZA-KZN,,,1054.2,,,3,Africa/Johannesburg,FALSE,1710338859
Rondedoorn,Rondedoorn,,-24.4110,29.0661,South Africa,ZA,ZAF,Limpopo,Limpopo,ZA-LP,province,,1.4,,,5,Africa/Johannesburg,FALSE,1710206746
Steilnek,Steilnek,,-26.0146,24.8096,South Africa,ZA,ZAF,North West,North West,ZA-NW,province,,201.2,,,3,Africa/Johannesburg,FALSE,1710518143
Kleinfontein,Kleinfontein,,-30.5425,26.7460,South Africa,ZA,ZAF,Free State,Free State,ZA-FS,province,,0.6,,,5,Africa/Johannesburg,FALSE,1710975728
Kleinfontein,Kleinfontein,,-29.3557,26.5551,South Africa,ZA,ZAF,Free State,Free State,ZA-FS,province,,0.5,,,5,Africa/Johannesburg,TRUE,1710859612
Sediba,Sediba,,-29.0288,26.9416,South Africa,ZA,ZAF,Free State,Free State,ZA-FS,province,,192.1,,,4,Africa/Johannesburg,FALSE,1710703212
Eersterivierstrand,Eersterivierstrand,Eersterivier,-34.0620,24.2411,South Africa,ZA,ZAF,Eastern Cape,Eastern Cape,ZA-EC,province,,9.8,,,5,Africa/Johannesburg,FALSE,1710657705
KwaKotilitye,KwaKotilitye,,-32.1238,26.5907,South Africa,ZA,ZAF,Eastern Cape,Eastern Cape,ZA-EC,province,,109.6,,,4,Africa/Johannesburg,FALSE,1710302315
Lochlynne,Lochlynne,,-33.1013,19.4500,South Africa,ZA,ZAF,Western Cape,Western Cape,ZA-WC,province,,1.4,,,5,Africa/Johannesburg,FALSE,1710659265
Klipdrif Nedersetting,Klipdrif Nedersetting,,-26.6333,27.2833,South Africa,ZA,ZAF,North West,North West,ZA-NW,province,,71.0,,,4,Africa/Johannesburg,FALSE,1710833342
Naboomkoppies,Naboomkoppies,,-24.5500,30.3667,South Africa,ZA,ZAF,Limpopo,Limpopo,ZA-LP,province,,611.0,,,3,Africa/Johannesburg,FALSE,1710556853
Mhlakotshane,Mhlakotshane,,-31.7364,29.0920,South Africa,ZA,ZAF,Eastern Cape,Eastern Cape,ZA-EC,province,,317.3,,,3,Africa/Johannesburg,FALSE,1710207012
Gazini,Gazini,,-31.9448,29.1232,South Africa,ZA,ZAF,Eastern Cape,Eastern Cape,ZA-EC,province,,273.5,,,3,Africa/Johannesburg,FALSE,1710202438
Bambi,Bambi,,-25.5039,30.3634,South Africa,ZA,ZAF,Mpumalanga,Mpumalanga,ZA-MP,province,,2.5,,,5,Africa/Johannesburg,FALSE,1710667373
Klein-Brakrivierstrand,Klein-Brakrivierstrand,,-34.0871,22.1511,South Africa,ZA,ZAF,Western Cape,Western Cape,ZA-WC,province,,422.5,,,3,Africa/Johannesburg,FALSE,1710943609
Mahwibitswane,Mahwibitswane,,-23.6982,29.3093,South Africa,ZA,ZAF,Limpopo,Limpopo,ZA-LP,province,,362.4,,,3,Africa/Johannesburg,FALSE,1710993106
Sidi Barrani,Sidi Barrani,,-29.4435,21.4176,South Africa,ZA,ZAF,Northern Cape,Northern Cape,ZA-NC,province,,0.1,,,5,Africa/Johannesburg,FALSE,1710378185
Ilinge,Ilinge,,-31.9768,27.0427,South Africa,ZA,ZAF,Eastern Cape,Eastern Cape,ZA-EC,province,,1617.7,,,3,Africa/Johannesburg,FALSE,1710024597
Houtnek,Houtnek,,-29.0263,26.8020,South Africa,ZA,ZAF,Free State,Free State,ZA-FS,province,,85.9,,,4,Africa/Johannesburg,FALSE,1710584287
Kwa-Njeya,Kwa-Njeya,,-31.0372,29.4460,South Africa,ZA,ZAF,Eastern Cape,Eastern Cape,ZA-EC,province,,124.5,,,4,Africa/Johannesburg,FALSE,1710669145
Lindley,Lindley,,-27.8791,27.9135,South Africa,ZA,ZAF,Free State,Free State,ZA-FS,province,,1864.5,,,3,Africa/Johannesburg,FALSE,1710326317
Paxton,Paxton,,-25.8333,29.1833,South Africa,ZA,ZAF,Mpumalanga,Mpumalanga,ZA-MP,province,,61.2,,,4,Africa/Johannesburg,FALSE,1710519732
Uitsoek,Uitsoek,,-27.4167,21.6833,South Africa,ZA,ZAF,Northern Cape,Northern Cape,ZA-NC,province,,0.1,,,5,Africa/Johannesburg,FALSE,1710239026
Ntaberu,Ntaberu,,-30.5483,28.2659,South Africa,ZA,ZAF,Eastern Cape,Eastern Cape,ZA-EC,province,,183.6,,,4,Africa/Johannesburg,FALSE,1710332277
KwaBiba,KwaBiba,,-30.8576,29.5195,South Africa,ZA,ZAF,Eastern Cape,Eastern Cape,ZA-EC,province,,101.2,,,4,Africa/Johannesburg,FALSE,1710644090
KuWohlo,KuWohlo,,-31.9107,27.6023,South Africa,ZA,ZAF,Eastern Cape,Eastern Cape,ZA-EC,province,,214.4,,,3,Africa/Johannesburg,FALSE,1710837559
Arthur’s Seat,Arthur's Seat,,-24.6508,31.0225,South Africa,ZA,ZAF,Mpumalanga,Mpumalanga,ZA-MP,province,,512.5,,,3,Africa/Johannesburg,FALSE,1710981369
Senator,Senator,,-22.3833,30.2333,South Africa,ZA,ZAF,Limpopo,Limpopo,ZA-LP,province,,1.9,,,5,Africa/Johannesburg,FALSE,1710458738
El Alemein,El Alemein,,-31.2926,25.5319,South Africa,ZA,ZAF,Eastern Cape,Eastern Cape,ZA-EC,province,,0.7,,,5,Africa/Johannesburg,FALSE,1710770504
Kwa-Qoboshendlini,Kwa-Qoboshendlini,,-31.5263,29.4036,South Africa,ZA,ZAF,Eastern Cape,Eastern Cape,ZA-EC,province,,131.6,,,4,Africa/Johannesburg,FALSE,1710533481
Waaiheuvel,Waaiheuvel,,-33.5333,26.3000,South Africa,ZA,ZAF,Eastern Cape,Eastern Cape,ZA-EC,province,,2.2,,,5,Africa/Johannesburg,FALSE,1710316469
Mispa,Mispa,,-29.7710,26.5258,South Africa,ZA,ZAF,Free State,Free State,ZA-FS,province,,0.8,,,5,Africa/Johannesburg,FALSE,1710474696
Duike,Duike,,-30.1069,26.4636,South Africa,ZA,ZAF,Free State,Free State,ZA-FS,province,,0.6,,,5,Africa/Johannesburg,FALSE,1710189175
Lomatimond,Lomatimond,,-25.6366,31.7885,South Africa,ZA,ZAF,Mpumalanga,Mpumalanga,ZA-MP,province,,161.7,,,4,Africa/Johannesburg,FALSE,1710088672
Boetrand,Boetrand,,-26.9000,26.6667,South Africa,ZA,ZAF,North West,North West,ZA-NW,province,,1738.4,,,3,Africa/Johannesburg,FALSE,1710066837
Mooiplaas,Mooiplaas,,-27.2979,30.9006,South Africa,ZA,ZAF,Mpumalanga,Mpumalanga,ZA-MP,province,,7.9,,,5,Africa/Johannesburg,FALSE,1710863230
Centocow,Centocow,,-30.0146,29.7250,South Africa,ZA,ZAF,KwaZulu-Natal,KwaZulu-Natal,ZA-KZN,,,119.0,,,4,Africa/Johannesburg,FALSE,1710936370
Kganong,Kganong,,-27.2248,23.6441,South Africa,ZA,ZAF,North West,North West,ZA-NW,province,,53.7,,,4,Africa/Johannesburg,FALSE,1710797746
Kawene,Kawene,,-23.0887,28.8020,South Africa,ZA,ZAF,Limpopo,Limpopo,ZA-LP,province,,930.3,,,3,Africa/Johannesburg,FALSE,1710353841
Zwartwater,Zwartwater,,-28.4833,16.7500,South Africa,ZA,ZAF,Northern Cape,Northern Cape,ZA-NC,province,,0.2,,,5,Africa/Johannesburg,FALSE,1710306004
Kornetspruit,Kornetspruit,Cornetspruit,-30.2667,27.3000,South Africa,ZA,ZAF,Free State,Free State,ZA-FS,province,,0.5,,,5,Africa/Johannesburg,FALSE,1710287239
Ga-Phago,Ga-Phago,,-23.5633,29.1802,South Africa,ZA,ZAF,Limpopo,Limpopo,ZA-LP,province,,714.1,,,3,Africa/Johannesburg,FALSE,1710171289
Goqwana,Goqwana,Gogwane,-31.4455,29.4588,South Africa,ZA,ZAF,Eastern Cape,Eastern Cape,ZA-EC,province,,341.2,,,3,Africa/Johannesburg,FALSE,1710825244
Kosmos,Kosmos,,-25.7391,27.8520,South Africa,ZA,ZAF,North West,North West,ZA-NW,province,,500.6,,,3,Africa/Johannesburg,FALSE,1710915762
Ku-Liweni,Ku-Liweni,,-31.7333,27.3167,South Africa,ZA,ZAF,Eastern Cape,Eastern Cape,ZA-EC,province,,0.8,,,5,Africa/Johannesburg,FALSE,1710904230
Kwa-Dabula,Kwa-Dabula,,-31.9801,28.1409,South Africa,ZA,ZAF,Eastern Cape,Eastern Cape,ZA-EC,province,,181.3,,,4,Africa/Johannesburg,FALSE,1710258654
Masimo,Masimo,,-30.7667,26.6500,South Africa,ZA,ZAF,Eastern Cape,Eastern Cape,ZA-EC,province,,1.8,,,5,Africa/Johannesburg,FALSE,1710209016
Annex Kilvorskull,Annex Kilvorskull,,-31.5167,25.9333,South Africa,ZA,ZAF,Eastern Cape,Eastern Cape,ZA-EC,province,,0.8,,,5,Africa/Johannesburg,FALSE,1710421049
Khaukhwe,Khaukhwe,,-27.3361,24.6315,South Africa,ZA,ZAF,North West,North West,ZA-NW,province,,291.5,,,3,Africa/Johannesburg,FALSE,1710477173
Tuku,Tuku,,-33.2470,27.2956,South Africa,ZA,ZAF,Eastern Cape,Eastern Cape,ZA-EC,province,,48.9,,,4,Africa/Johannesburg,FALSE,1710917299
Coetzeestroom,Coetzeestroom,Coetzeestroom Bosbounedersetting|Coetzees Stroom Forestry Settlement|Coefzeestrom,-25.6167,30.7167,South Africa,ZA,ZAF,Mpumalanga,Mpumalanga,ZA-MP,province,,1.4,,,4,Africa/Johannesburg,FALSE,1710668075
Manamakgoteng,Manamakgoteng,,-25.1265,27.2034,South Africa,ZA,ZAF,North West,North West,ZA-NW,province,,496.5,,,3,Africa/Johannesburg,FALSE,1710495444
Wittenberg,Wittenberg,,-27.1241,30.7906,South Africa,ZA,ZAF,Mpumalanga,Mpumalanga,ZA-MP,province,,6.6,,,5,Africa/Johannesburg,FALSE,1710378987
Manwane,Manwane,Maanwane|Manoana,-25.3333,25.7667,South Africa,ZA,ZAF,North West,North West,ZA-NW,province,,104.5,,,4,Africa/Johannesburg,FALSE,1710868833
Elutubeni,Elutubeni,,-31.4053,28.9364,South Africa,ZA,ZAF,Eastern Cape,Eastern Cape,ZA-EC,province,,479.7,,,3,Africa/Johannesburg,FALSE,1710994150
Hanslaagte,Hanslaagte,,-24.9333,30.2000,South Africa,ZA,ZAF,Mpumalanga,Mpumalanga,ZA-MP,province,,5.2,,,5,Africa/Johannesburg,FALSE,1710837078
Komankobolo,Komankobolo,,-26.8500,32.3000,South Africa,ZA,ZAF,,,,,,4.2,,,5,Africa/Maputo,FALSE,1710913521
Ga-Maroga,Ga-Maroga,,-24.5333,30.1268,South Africa,ZA,ZAF,Limpopo,Limpopo,ZA-LP,province,,789.6,,,3,Africa/Johannesburg,FALSE,1710651126
Mbongweni,Mbongweni,,-31.0514,29.8616,South Africa,ZA,ZAF,Eastern Cape,Eastern Cape,ZA-EC,province,,257.6,,,3,Africa/Johannesburg,FALSE,1710304530
Mbongweni,Mbongweni,,-30.8028,29.4941,South Africa,ZA,ZAF,Eastern Cape,Eastern Cape,ZA-EC,province,,153.9,,,4,Africa/Johannesburg,TRUE,1710060697
Esseldene,Esseldene,,-29.5341,30.0535,South Africa,ZA,ZAF,KwaZulu-Natal,KwaZulu-Natal,ZA-KZN,,,8.3,,,5,Africa/Johannesburg,FALSE,1710335969
Mogashoa,Mogashoa,,-24.8000,29.9833,South Africa,ZA,ZAF,Limpopo,Limpopo,ZA-LP,province,,589.3,,,3,Africa/Johannesburg,FALSE,1710521049
Worthy,Worthy,,-26.9863,23.6254,South Africa,ZA,ZAF,North West,North West,ZA-NW,province,,23.1,,,4,Africa/Johannesburg,FALSE,1710815136
Majamanini,Majamanini,,-33.0000,27.1833,South Africa,ZA,ZAF,Eastern Cape,Eastern Cape,ZA-EC,province,,148.3,,,4,Africa/Johannesburg,FALSE,1710396047
Mgagasi,Mgagasi,,-32.2687,28.1602,South Africa,ZA,ZAF,Eastern Cape,Eastern Cape,ZA-EC,province,,40.8,,,4,Africa/Johannesburg,FALSE,1710068088
Rhenosterfontein,Rhenosterfontein,,-31.2821,25.7055,South Africa,ZA,ZAF,Eastern Cape,Eastern Cape,ZA-EC,province,,0.9,,,5,Africa/Johannesburg,FALSE,1710908856
Makhuva,Makhuva,,-23.5854,30.9739,South Africa,ZA,ZAF,Limpopo,Limpopo,ZA-LP,province,,376.3,,,3,Africa/Johannesburg,FALSE,1710277928
Mthenti,Mthenti,,-25.2000,29.0833,South Africa,ZA,ZAF,Mpumalanga,Mpumalanga,ZA-MP,province,,21.0,,,4,Africa/Johannesburg,FALSE,1710558704
Scarborough,Scarborough,,-34.1989,18.3776,South Africa,ZA,ZAF,Western Cape,Western Cape,ZA-WC,province,,522.5,,,3,Africa/Johannesburg,FALSE,1710462387
Spitzkop,Spitzkop,,-29.3381,30.2329,South Africa,ZA,ZAF,KwaZulu-Natal,KwaZulu-Natal,ZA-KZN,,,14.6,,,4,Africa/Johannesburg,FALSE,1710831532
Poklenberg,Poklenberg,,-29.2667,26.7667,South Africa,ZA,ZAF,Free State,Free State,ZA-FS,province,,1.7,,,5,Africa/Johannesburg,FALSE,1710566850
Clarksdale,Clarksdale,,-31.3579,26.8771,South Africa,ZA,ZAF,Eastern Cape,Eastern Cape,ZA-EC,province,,1.4,,,5,Africa/Johannesburg,FALSE,1710953472
Kwa-Cita,Kwa-Cita,,-31.1667,29.8122,South Africa,ZA,ZAF,Eastern Cape,Eastern Cape,ZA-EC,province,,157.0,,,4,Africa/Johannesburg,FALSE,1710201390
Austrey,Austrey,,-26.4646,24.1839,South Africa,ZA,ZAF,North West,North West,ZA-NW,province,,239.6,,,3,Africa/Johannesburg,FALSE,1710549015
Morokweng,Morokweng,,-27.5799,24.9362,South Africa,ZA,ZAF,North West,North West,ZA-NW,province,,680.7,,,3,Africa/Johannesburg,FALSE,1710216698
Eendrag,Eendrag,,-26.3786,28.8847,South Africa,ZA,ZAF,Mpumalanga,Mpumalanga,ZA-MP,province,,128.0,,,4,Africa/Johannesburg,FALSE,1710562491
Halfpadrivier,Halfpadrivier,,-30.5167,20.0167,South Africa,ZA,ZAF,Northern Cape,Northern Cape,ZA-NC,province,,0.0,,,5,Africa/Johannesburg,FALSE,1710495606
Klipdale,Klipdale,,-34.3062,19.9663,South Africa,ZA,ZAF,Western Cape,Western Cape,ZA-WC,province,,4.8,,,5,Africa/Johannesburg,FALSE,1710560477
Onderste Doornknie,Onderste Doornknie,,-29.4167,20.3667,South Africa,ZA,ZAF,Northern Cape,Northern Cape,ZA-NC,province,,0.0,,,5,Africa/Johannesburg,FALSE,1710738731
Rust de Winter,Rust de Winter,,-25.1986,28.6092,South Africa,ZA,ZAF,Limpopo,Limpopo,ZA-LP,province,,62.7,,,4,Africa/Johannesburg,FALSE,1710318594
Loopspruit,Loopspruit,,-24.6667,29.7500,South Africa,ZA,ZAF,Limpopo,Limpopo,ZA-LP,province,,2.7,,,5,Africa/Johannesburg,FALSE,1710515453
Enhlanhleni,Enhlanhleni,Enhlanhleni Mission,-28.5374,30.4080,South Africa,ZA,ZAF,KwaZulu-Natal,KwaZulu-Natal,ZA-KZN,,,89.5,,,4,Africa/Johannesburg,FALSE,1710925983
Christmas Vale,Christmas Vale,Michaeldene Christmas Vale,-33.1941,27.6113,South Africa,ZA,ZAF,Eastern Cape,Eastern Cape,ZA-EC,province,,12.3,,,4,Africa/Johannesburg,FALSE,1710155990
Ngkoane,Ngkoane,,-24.3000,29.8333,South Africa,ZA,ZAF,Limpopo,Limpopo,ZA-LP,province,,8.7,,,5,Africa/Johannesburg,FALSE,1710534217
Ga-Matloponya,Ga-Matloponya,,-24.9833,29.6833,South Africa,ZA,ZAF,Limpopo,Limpopo,ZA-LP,province,,0.8,,,5,Africa/Johannesburg,FALSE,1710742804
Faluku,Faluku,,-30.7516,28.5278,South Africa,ZA,ZAF,Eastern Cape,Eastern Cape,ZA-EC,province,,17.4,,,4,Africa/Johannesburg,FALSE,1710772419
Breërivier,Breerivier,Breede River,-33.5204,19.2170,South Africa,ZA,ZAF,Western Cape,Western Cape,ZA-WC,province,,28.4,,,4,Africa/Johannesburg,FALSE,1710289901
Msholozi,Msholozi,,-29.9825,30.6778,South Africa,ZA,ZAF,KwaZulu-Natal,KwaZulu-Natal,ZA-KZN,,,257.5,,,3,Africa/Johannesburg,FALSE,1710328973
Dunnottar,Dunnottar,,-26.3459,28.4285,South Africa,ZA,ZAF,Gauteng,Gauteng,ZA-GP,,,1920.4,,,3,Africa/Johannesburg,FALSE,1710743809
Mhlungwane,Mhlungwane,,-28.1341,30.8556,South Africa,ZA,ZAF,KwaZulu-Natal,KwaZulu-Natal,ZA-KZN,,,138.0,,,4,Africa/Johannesburg,FALSE,1710938664
Misgunsfontein,Misgunsfontein,,-29.5864,26.2061,South Africa,ZA,ZAF,Free State,Free State,ZA-FS,province,,0.5,,,5,Africa/Johannesburg,FALSE,1710013796
Klipspruit,Klipspruit,,-24.8333,29.5000,South Africa,ZA,ZAF,Limpopo,Limpopo,ZA-LP,province,,188.5,,,4,Africa/Johannesburg,FALSE,1710536684
Manzotweni,Manzotweni,,-31.9061,28.6048,South Africa,ZA,ZAF,Eastern Cape,Eastern Cape,ZA-EC,province,,221.1,,,3,Africa/Johannesburg,FALSE,1710025507
Middelpoort,Middelpoort,,-29.3318,26.4886,South Africa,ZA,ZAF,Free State,Free State,ZA-FS,province,,0.9,,,5,Africa/Johannesburg,FALSE,1710126326
Askraal,Askraal,,-34.1333,20.8667,South Africa,ZA,ZAF,Western Cape,Western Cape,ZA-WC,province,,1.6,,,5,Africa/Johannesburg,FALSE,1710672803
Swakfontein (1),Swakfontein (1),,-31.1369,26.9622,South Africa,ZA,ZAF,Eastern Cape,Eastern Cape,ZA-EC,province,,1.1,,,5,Africa/Johannesburg,FALSE,1710390149
Bowden,Bowden,,-30.7433,28.2110,South Africa,ZA,ZAF,Eastern Cape,Eastern Cape,ZA-EC,province,,1.1,,,5,Africa/Johannesburg,FALSE,1710109051
Langkloof,Langkloof,,-34.0833,19.4333,South Africa,ZA,ZAF,Western Cape,Western Cape,ZA-WC,province,,5.6,,,5,Africa/Johannesburg,FALSE,1710893357
Ivanhoe,Ivanhoe,,-31.4672,26.6952,South Africa,ZA,ZAF,Eastern Cape,Eastern Cape,ZA-EC,province,,1.3,,,5,Africa/Johannesburg,FALSE,1710344497
Goede Trouw,Goede Trouw,,-30.5627,26.6601,South Africa,ZA,ZAF,Free State,Free State,ZA-FS,province,,0.6,,,5,Africa/Johannesburg,FALSE,1710272142
Nkosini,Nkosini,,-25.0811,29.6983,South Africa,ZA,ZAF,Mpumalanga,Mpumalanga,ZA-MP,province,,480.6,,,3,Africa/Johannesburg,FALSE,1710917401
Oorlogspoort,Oorlogspoort,,-31.2802,26.9047,South Africa,ZA,ZAF,Eastern Cape,Eastern Cape,ZA-EC,province,,1.1,,,5,Africa/Johannesburg,FALSE,1710468292
Good Hope,Good Hope,,-34.0987,18.3856,South Africa,ZA,ZAF,Western Cape,Western Cape,ZA-WC,province,,522.5,,,3,Africa/Johannesburg,FALSE,1710179857
Bethesda,Bethesda,,-29.4158,26.7638,South Africa,ZA,ZAF,Free State,Free State,ZA-FS,province,,0.6,,,5,Africa/Johannesburg,FALSE,1710785055
Mkemane,Mkemane,,-30.7558,29.0109,South Africa,ZA,ZAF,Eastern Cape,Eastern Cape,ZA-EC,province,,245.9,,,3,Africa/Johannesburg,FALSE,1710155595
Qolora,Qolora,,-32.6365,28.4102,South Africa,ZA,ZAF,Eastern Cape,Eastern Cape,ZA-EC,province,,176.4,,,4,Africa/Johannesburg,FALSE,1710065300
Qolora,Qolora,,-32.5611,28.3011,South Africa,ZA,ZAF,Eastern Cape,Eastern Cape,ZA-EC,province,,109.5,,,4,Africa/Johannesburg,TRUE,1710994109
Qolora,Qolora,,-31.1347,29.4365,South Africa,ZA,ZAF,Eastern Cape,Eastern Cape,ZA-EC,province,,2.2,,,5,Africa/Johannesburg,TRUE,1710729606
Rietgat,Rietgat,,-31.6765,26.5183,South Africa,ZA,ZAF,Eastern Cape,Eastern Cape,ZA-EC,province,,0.8,,,5,Africa/Johannesburg,FALSE,1710969023
Alicedale,Alicedale,,-31.4709,25.8643,South Africa,ZA,ZAF,Eastern Cape,Eastern Cape,ZA-EC,province,,0.8,,,5,Africa/Johannesburg,TRUE,1710862929
Uitkyk,Uitkyk,,-26.3384,29.2049,South Africa,ZA,ZAF,Mpumalanga,Mpumalanga,ZA-MP,province,,5.7,,,5,Africa/Johannesburg,FALSE,1710019272
Willownook,Willownook,,-31.3248,26.6631,South Africa,ZA,ZAF,Eastern Cape,Eastern Cape,ZA-EC,province,,1.2,,,5,Africa/Johannesburg,FALSE,1710959665
Slaapkop,Slaapkop,,-31.6970,25.8566,South Africa,ZA,ZAF,Eastern Cape,Eastern Cape,ZA-EC,province,,0.7,,,5,Africa/Johannesburg,FALSE,1710521541
Wegdraai,Wegdraai,,-25.1333,26.4167,South Africa,ZA,ZAF,North West,North West,ZA-NW,province,,0.6,,,5,Africa/Johannesburg,FALSE,1710659452
Draghoender,Draghoender,,-29.3665,22.1319,South Africa,ZA,ZAF,Northern Cape,Northern Cape,ZA-NC,province,,1.3,,,5,Africa/Johannesburg,FALSE,1710100727
Nkolonga,Nkolonga,,-31.8294,27.2332,South Africa,ZA,ZAF,Eastern Cape,Eastern Cape,ZA-EC,province,,85.8,,,4,Africa/Johannesburg,FALSE,1710201408
Goudiniweg,Goudiniweg,Goudini Road|Goudinie|Goudini,-34.6000,19.3167,South Africa,ZA,ZAF,Western Cape,Western Cape,ZA-WC,province,,7.9,,,4,Africa/Johannesburg,FALSE,1710480747
Summer Pride,Summer Pride,,-29.2055,26.2745,South Africa,ZA,ZAF,Free State,Free State,ZA-FS,province,,2080.5,,,2,Africa/Johannesburg,FALSE,1710279030
Boegoeberg Besproeiings Nedersetting,Boegoeberg Besproeiings Nedersetting,Buchuberg Irrigation Settlement,-28.7500,21.8333,South Africa,ZA,ZAF,Northern Cape,Northern Cape,ZA-NC,province,,1.9,,,5,Africa/Johannesburg,FALSE,1710002032
Monteray,Monteray,,-34.0167,18.3500,South Africa,ZA,ZAF,Western Cape,Western Cape,ZA-WC,province,,755.3,,,3,Africa/Johannesburg,FALSE,1710558971
Makabeleni,Makabeleni,Emakabeleni,-28.8585,30.8334,South Africa,ZA,ZAF,KwaZulu-Natal,KwaZulu-Natal,ZA-KZN,,,68.1,,,4,Africa/Johannesburg,FALSE,1710649675
Hydro,Hydro,Hydro Hotel,-25.6500,30.1833,South Africa,ZA,ZAF,Mpumalanga,Mpumalanga,ZA-MP,province,,0.5,,,5,Africa/Johannesburg,FALSE,1710639543
Lehlohlong,Lehlohlong,,-23.5333,29.1500,South Africa,ZA,ZAF,Limpopo,Limpopo,ZA-LP,province,,484.2,,,3,Africa/Johannesburg,FALSE,1710676975
Wildebeestlaagte,Wildebeestlaagte,,-30.4802,26.4638,South Africa,ZA,ZAF,Free State,Free State,ZA-FS,province,,0.6,,,5,Africa/Johannesburg,FALSE,1710937278
Kliprivier,Kliprivier,,-25.2354,30.0951,South Africa,ZA,ZAF,Mpumalanga,Mpumalanga,ZA-MP,province,,3.1,,,5,Africa/Johannesburg,FALSE,1710773035
Bierberg,Bierberg,,-33.1667,19.9167,South Africa,ZA,ZAF,Western Cape,Western Cape,ZA-WC,province,,2.0,,,5,Africa/Johannesburg,FALSE,1710386810
Ha-Ramarolong,Ha-Ramarolong,,-30.2386,28.4134,South Africa,ZA,ZAF,Eastern Cape,Eastern Cape,ZA-EC,province,,0.5,,,5,Africa/Johannesburg,FALSE,1710972259
Kendal,Kendal,,-26.0584,28.9569,South Africa,ZA,ZAF,Mpumalanga,Mpumalanga,ZA-MP,province,,36.4,,,4,Africa/Johannesburg,FALSE,1710574140
Swartfontein,Swartfontein,Swartfontein Arbeidskolonie|Zwartfontein Work Colony,-25.2069,30.9448,South Africa,ZA,ZAF,Mpumalanga,Mpumalanga,ZA-MP,province,,4.3,,,5,Africa/Johannesburg,FALSE,1710528934
eQumrha,eQumrha,,-30.9351,29.0596,South Africa,ZA,ZAF,Eastern Cape,Eastern Cape,ZA-EC,province,,314.1,,,3,Africa/Johannesburg,FALSE,1710393522
New Brighton,New Brighton,,-32.0167,29.0833,South Africa,ZA,ZAF,Eastern Cape,Eastern Cape,ZA-EC,province,,131.8,,,4,Africa/Johannesburg,FALSE,1710239982
KuManzamnyama,KuManzamnyama,,-30.8729,29.1745,South Africa,ZA,ZAF,Eastern Cape,Eastern Cape,ZA-EC,province,,66.1,,,4,Africa/Johannesburg,FALSE,1710006700
Somkele,Somkele,,-28.3167,32.1000,South Africa,ZA,ZAF,KwaZulu-Natal,KwaZulu-Natal,ZA-KZN,,,296.7,,,3,Africa/Johannesburg,FALSE,1710076739
Vleispruit,Vleispruit,,-30.2169,26.8310,South Africa,ZA,ZAF,Free State,Free State,ZA-FS,province,,1.1,,,5,Africa/Johannesburg,FALSE,1710746613
Herold,Herold,,-33.8330,22.4500,South Africa,ZA,ZAF,Western Cape,Western Cape,ZA-WC,province,,9.2,,,3,Africa/Johannesburg,FALSE,1710114356
Ga-Ngwepe,Ga-Ngwepe,,-23.3366,28.9286,South Africa,ZA,ZAF,Limpopo,Limpopo,ZA-LP,province,,165.5,,,4,Africa/Johannesburg,FALSE,1710354485
Heidelberg,Heidelberg,Heidelburg,-26.5048,28.3592,South Africa,ZA,ZAF,Gauteng,Gauteng,ZA-GP,,,1742.9,,,3,Africa/Johannesburg,FALSE,1710050547
Ha-Manavhela,Ha-Manavhela,,-23.0667,29.6167,South Africa,ZA,ZAF,Limpopo,Limpopo,ZA-LP,province,,858.9,,,3,Africa/Johannesburg,FALSE,1710623210
KwaMankonjane,KwaMankonjane,,-29.2112,29.6620,South Africa,ZA,ZAF,KwaZulu-Natal,KwaZulu-Natal,ZA-KZN,,,520.5,,,3,Africa/Johannesburg,FALSE,1710658225
Uitkyk (2),Uitkyk (2),,-30.8097,26.4668,South Africa,ZA,ZAF,Eastern Cape,Eastern Cape,ZA-EC,province,,1.4,,,5,Africa/Johannesburg,FALSE,1710252068
Middelwater,Middelwater,,-23.4005,30.2172,South Africa,ZA,ZAF,Limpopo,Limpopo,ZA-LP,province,,614.0,,,3,Africa/Johannesburg,FALSE,1710013692
Populierplaas,Populierplaas,,-33.0845,25.4248,South Africa,ZA,ZAF,Eastern Cape,Eastern Cape,ZA-EC,province,,0.7,,,5,Africa/Johannesburg,FALSE,1710064993
Grootpan,Grootpan,,-26.0216,29.0941,South Africa,ZA,ZAF,Mpumalanga,Mpumalanga,ZA-MP,province,,5.4,,,5,Africa/Johannesburg,FALSE,1710839794
Grootpan,Grootpan,,-25.9180,29.9287,South Africa,ZA,ZAF,Mpumalanga,Mpumalanga,ZA-MP,province,,5.0,,,5,Africa/Johannesburg,TRUE,1710729534
Mngeangatelo,Mngeangatelo,,-32.0375,28.9302,South Africa,ZA,ZAF,Eastern Cape,Eastern Cape,ZA-EC,province,,100.5,,,4,Africa/Johannesburg,FALSE,1710115052
Jakkalsbank,Jakkalsbank,,-31.2667,26.9500,South Africa,ZA,ZAF,Eastern Cape,Eastern Cape,ZA-EC,province,,1.1,,,5,Africa/Johannesburg,FALSE,1710510225
Veeplaats,Veeplaats,,-24.5167,29.6000,South Africa,ZA,ZAF,Limpopo,Limpopo,ZA-LP,province,,170.7,,,4,Africa/Johannesburg,FALSE,1710030049
Mooka,Mooka,,-25.7153,28.0731,South Africa,ZA,ZAF,Gauteng,Gauteng,ZA-GP,,,115.7,,,4,Africa/Johannesburg,FALSE,1710293469
Lawudini,Lawudini,,-31.7667,27.7500,South Africa,ZA,ZAF,Eastern Cape,Eastern Cape,ZA-EC,province,,38.7,,,4,Africa/Johannesburg,FALSE,1710183481
Situndu,Situndu,,-29.8833,30.8167,South Africa,ZA,ZAF,KwaZulu-Natal,KwaZulu-Natal,ZA-KZN,,,1848.3,,,3,Africa/Johannesburg,FALSE,1710811037
Leeuwfontein,Leeuwfontein,,-25.6718,28.3598,South Africa,ZA,ZAF,Gauteng,Gauteng,ZA-GP,,,2788.5,,,2,Africa/Johannesburg,FALSE,1710694195
KwaSogula,KwaSogula,,-32.0500,28.5833,South Africa,ZA,ZAF,Eastern Cape,Eastern Cape,ZA-EC,province,,49.0,,,4,Africa/Johannesburg,FALSE,1710519803
Manston,Manston,,-29.7167,29.4500,South Africa,ZA,ZAF,KwaZulu-Natal,KwaZulu-Natal,ZA-KZN,,,4.8,,,5,Africa/Johannesburg,FALSE,1710231826
Ocean View,Ocean View,,-32.8746,28.0469,South Africa,ZA,ZAF,Eastern Cape,Eastern Cape,ZA-EC,province,,8.6,,,5,Africa/Johannesburg,FALSE,1710406197
Keatuka,Keatuka,,-25.1167,25.9500,South Africa,ZA,ZAF,North West,North West,ZA-NW,province,,62.1,,,4,Africa/Johannesburg,FALSE,1710826752
eLegogoto,eLegogoto,,-25.1858,31.1012,South Africa,ZA,ZAF,Mpumalanga,Mpumalanga,ZA-MP,province,,2550.4,,,2,Africa/Johannesburg,FALSE,1710954575
Warmbaths,Warmbaths,,-28.0167,31.3333,South Africa,ZA,ZAF,KwaZulu-Natal,KwaZulu-Natal,ZA-KZN,,,102.4,,,4,Africa/Johannesburg,FALSE,1710148515
Warmbaths,Warmbaths,,-27.5272,30.8665,South Africa,ZA,ZAF,KwaZulu-Natal,KwaZulu-Natal,ZA-KZN,,,47.0,,,4,Africa/Johannesburg,TRUE,1710910497
Helvetia-Noord,Helvetia-Noord,Helvetia North,-25.5739,30.2961,South Africa,ZA,ZAF,Mpumalanga,Mpumalanga,ZA-MP,province,,0.5,,,5,Africa/Johannesburg,FALSE,1710446609
Nkonjane,Nkonjane,,-28.1500,32.2000,South Africa,ZA,ZAF,KwaZulu-Natal,KwaZulu-Natal,ZA-KZN,,,42.4,,,4,Africa/Johannesburg,FALSE,1710635129
Brakvlei,Brakvlei,,-30.1642,26.3573,South Africa,ZA,ZAF,Free State,Free State,ZA-FS,province,,0.6,,,5,Africa/Johannesburg,FALSE,1710108123
eNgedleni,eNgedleni,,-29.5333,31.0865,South Africa,ZA,ZAF,KwaZulu-Natal,KwaZulu-Natal,ZA-KZN,,,608.9,,,3,Africa/Johannesburg,FALSE,1710972402
Makuleni,Makuleni,,-30.9013,28.6745,South Africa,ZA,ZAF,Eastern Cape,Eastern Cape,ZA-EC,province,,201.2,,,3,Africa/Johannesburg,FALSE,1710076161
Swesterpan,Swesterpan,,-29.0854,25.6863,South Africa,ZA,ZAF,Free State,Free State,ZA-FS,province,,1.1,,,5,Africa/Johannesburg,FALSE,1710165526
Discovery,Discovery,,-26.1619,27.8945,South Africa,ZA,ZAF,Gauteng,Gauteng,ZA-GP,,,3222.3,,,2,Africa/Johannesburg,FALSE,1710190776
River View,River View,,-31.6598,29.4565,South Africa,ZA,ZAF,Eastern Cape,Eastern Cape,ZA-EC,province,,116.5,,,4,Africa/Johannesburg,FALSE,1710261239
River View,River View,,-30.3680,30.0893,South Africa,ZA,ZAF,Eastern Cape,Eastern Cape,ZA-EC,province,,50.5,,,4,Africa/Johannesburg,TRUE,1710957238
River View,River View,,-31.9290,25.5123,South Africa,ZA,ZAF,Eastern Cape,Eastern Cape,ZA-EC,province,,2.9,,,5,Africa/Johannesburg,TRUE,1710182025
Gosshill,Gosshill,Gass Hill,-31.5257,29.1027,South Africa,ZA,ZAF,Eastern Cape,Eastern Cape,ZA-EC,province,,220.0,,,3,Africa/Johannesburg,FALSE,1710580725
Sonskyn,Sonskyn,,-30.0168,26.9157,South Africa,ZA,ZAF,Free State,Free State,ZA-FS,province,,1.6,,,5,Africa/Johannesburg,FALSE,1710014484
Sonskyn,Sonskyn,,-29.3954,26.2226,South Africa,ZA,ZAF,Free State,Free State,ZA-FS,province,,0.6,,,5,Africa/Johannesburg,TRUE,1710377534
Homestead Apple Orchards,Homestead Apple Orchards,,-26.4614,27.9362,South Africa,ZA,ZAF,Gauteng,Gauteng,ZA-GP,,,280.1,,,3,Africa/Johannesburg,FALSE,1710046114
KuZele,KuZele,,-31.5215,29.2078,South Africa,ZA,ZAF,Eastern Cape,Eastern Cape,ZA-EC,province,,180.6,,,4,Africa/Johannesburg,FALSE,1710814742
KuMathumbu,KuMathumbu,,-30.7747,28.6133,South Africa,ZA,ZAF,Eastern Cape,Eastern Cape,ZA-EC,province,,0.7,,,5,Africa/Johannesburg,FALSE,1710467369
Kelly’s View,Kelly's View,,-29.1570,26.0952,South Africa,ZA,ZAF,Free State,Free State,ZA-FS,province,,4.1,,,5,Africa/Johannesburg,FALSE,1710117206
Wolf River,Wolf River,,-32.6764,27.0377,South Africa,ZA,ZAF,Eastern Cape,Eastern Cape,ZA-EC,province,,169.4,,,4,Africa/Johannesburg,FALSE,1710205297
Farmer Field M,Farmer Field M,,-33.4917,26.5472,South Africa,ZA,ZAF,Eastern Cape,Eastern Cape,ZA-EC,province,,7.9,,,5,Africa/Johannesburg,FALSE,1710416771
Reunion,Reunion,,-29.9645,30.9429,South Africa,ZA,ZAF,KwaZulu-Natal,KwaZulu-Natal,ZA-KZN,,,924.7,,,3,Africa/Johannesburg,FALSE,1710586080
Mzwakazi,Mzwakazi,,-31.0346,29.2903,South Africa,ZA,ZAF,Eastern Cape,Eastern Cape,ZA-EC,province,,94.8,,,4,Africa/Johannesburg,FALSE,1710265504
Steilrand,Steilrand,Stylrand,-27.8000,31.2333,South Africa,ZA,ZAF,KwaZulu-Natal,KwaZulu-Natal,ZA-KZN,,,15.4,,,4,Africa/Johannesburg,FALSE,1710722378
Webster,Webster,Websters,-33.1667,25.6333,South Africa,ZA,ZAF,Eastern Cape,Eastern Cape,ZA-EC,province,,0.6,,,5,Africa/Johannesburg,FALSE,1710454104
Greenwich,Greenwich,,-26.1705,23.1105,South Africa,ZA,ZAF,North West,North West,ZA-NW,province,,0.2,,,5,Africa/Johannesburg,FALSE,1710556142
Kinira Drift,Kinira Drift,Keneghadrift|Kenega Drift,-30.4827,28.6188,South Africa,ZA,ZAF,Eastern Cape,Eastern Cape,ZA-EC,province,,10.4,,,4,Africa/Johannesburg,FALSE,1710751151
Doornfontein,Doornfontein,,-24.8802,27.5250,South Africa,ZA,ZAF,Limpopo,Limpopo,ZA-LP,province,,3.1,,,5,Africa/Johannesburg,FALSE,1710181288
Doornfontein,Doornfontein,Doornfontien,-24.3305,29.0811,South Africa,ZA,ZAF,Limpopo,Limpopo,ZA-LP,province,,1.5,,,5,Africa/Johannesburg,TRUE,1710254596
Bosfontein,Bosfontein,,-25.7000,27.6833,South Africa,ZA,ZAF,North West,North West,ZA-NW,province,,842.2,,,3,Africa/Johannesburg,FALSE,1710092647
Almondale,Almondale,,-33.0367,27.7600,South Africa,ZA,ZAF,Eastern Cape,Eastern Cape,ZA-EC,province,,5.0,,,5,Africa/Johannesburg,FALSE,1710315631
Emmarentia,Emmarentia,,-30.5261,26.5055,South Africa,ZA,ZAF,Free State,Free State,ZA-FS,province,,0.6,,,5,Africa/Johannesburg,FALSE,1710413487
Agnes,Agnes,,-31.6961,27.0333,South Africa,ZA,ZAF,Eastern Cape,Eastern Cape,ZA-EC,province,,518.3,,,3,Africa/Johannesburg,FALSE,1710579207
Campden,Campden,,-26.0212,23.2744,South Africa,ZA,ZAF,North West,North West,ZA-NW,province,,0.3,,,5,Africa/Johannesburg,FALSE,1710358154
Mispah,Mispah,,-24.0975,29.8990,South Africa,ZA,ZAF,Limpopo,Limpopo,ZA-LP,province,,0.5,,,5,Africa/Johannesburg,FALSE,1710496608
Ga-Ntshireletsa,Ga-Ntshireletsa,,-23.2344,28.8656,South Africa,ZA,ZAF,Limpopo,Limpopo,ZA-LP,province,,68.7,,,4,Africa/Johannesburg,FALSE,1710832352
Patulweni’s,Patulweni's,,-32.7500,27.0833,South Africa,ZA,ZAF,Eastern Cape,Eastern Cape,ZA-EC,province,,103.6,,,4,Africa/Johannesburg,FALSE,1710814687
Vleiview,Vleiview,,-34.2442,19.4400,South Africa,ZA,ZAF,Western Cape,Western Cape,ZA-WC,province,,4220.2,,,2,Africa/Johannesburg,FALSE,1710477198
Koppies Dam,Koppies Dam,,-28.8500,24.6000,South Africa,ZA,ZAF,Northern Cape,Northern Cape,ZA-NC,province,,0.6,,,5,Africa/Johannesburg,FALSE,1710674605
Majika,Majika,,-22.8167,30.8667,South Africa,ZA,ZAF,Limpopo,Limpopo,ZA-LP,province,,152.4,,,4,Africa/Johannesburg,FALSE,1710484337
Qoboqobo,Qoboqobo,,-32.4167,28.2333,South Africa,ZA,ZAF,Eastern Cape,Eastern Cape,ZA-EC,province,,215.6,,,3,Africa/Johannesburg,FALSE,1710228997
Komatie,Komatie,,-23.2471,28.4119,South Africa,ZA,ZAF,Limpopo,Limpopo,ZA-LP,province,,1.7,,,5,Africa/Johannesburg,FALSE,1710175788
Ga-Keetse,Ga-Keetse,,-23.3924,29.0641,South Africa,ZA,ZAF,Limpopo,Limpopo,ZA-LP,province,,41.6,,,4,Africa/Johannesburg,FALSE,1710338869
Mncane,Mncane,,-31.1214,29.6548,South Africa,ZA,ZAF,Eastern Cape,Eastern Cape,ZA-EC,province,,598.8,,,3,Africa/Johannesburg,FALSE,1710664055
Kuilspruit,Kuilspruit,,-26.5333,28.5667,South Africa,ZA,ZAF,Mpumalanga,Mpumalanga,ZA-MP,province,,1.3,,,5,Africa/Johannesburg,FALSE,1710760675
Middel Koegas,Middel Koegas,,-29.2878,22.3879,South Africa,ZA,ZAF,Northern Cape,Northern Cape,ZA-NC,province,,1.3,,,5,Africa/Johannesburg,FALSE,1710708141
Tintwa,Tintwa,,-31.1275,28.7558,South Africa,ZA,ZAF,Eastern Cape,Eastern Cape,ZA-EC,province,,320.3,,,3,Africa/Johannesburg,FALSE,1710218739
Braklaagte,Braklaagte,,-30.6012,26.8765,South Africa,ZA,ZAF,Free State,Free State,ZA-FS,province,,0.6,,,5,Africa/Johannesburg,FALSE,1710845682
Braklaagte,Braklaagte,,-29.1014,26.4283,South Africa,ZA,ZAF,Free State,Free State,ZA-FS,province,,0.6,,,5,Africa/Johannesburg,TRUE,1710571549
Ga-Kgwe,Ga-Kgwe,,-27.1471,23.9002,South Africa,ZA,ZAF,North West,North West,ZA-NW,province,,30.5,,,4,Africa/Johannesburg,FALSE,1710159998
Dongwe,Dongwe,,-32.9398,27.5618,South Africa,ZA,ZAF,Eastern Cape,Eastern Cape,ZA-EC,province,,509.3,,,3,Africa/Johannesburg,FALSE,1710152687
Maphopha,Maphopha,,-24.8673,29.9133,South Africa,ZA,ZAF,Limpopo,Limpopo,ZA-LP,province,,410.2,,,3,Africa/Johannesburg,FALSE,1710739358