city,city_ascii,city_alt,lat,lng,country,iso2,iso3,admin_name,admin_name_ascii,admin_code,admin_type,capital,density,population,population_proper,ranking,timezone,same_name,id
Bünüş,Bunus,,40.6863,32.3094,Turkey,TR,TUR,Bolu,Bolu,TR-14,province,,17.2,,,4,Europe/Istanbul,TRUE,1792675040
Bünüş,Bunus,,40.6794,32.0183,Turkey,TR,TUR,Bolu,Bolu,TR-14,province,,13.2,,,4,Europe/Istanbul,TRUE,1792459381
Küpelikız,Kupelikiz,,37.4311,36.9402,Turkey,TR,TUR,Kahramanmaraş,Kahramanmaras,TR-46,province,,206.8,,,3,Europe/Istanbul,FALSE,1792812025
Kavlaklı,Kavlakli,,40.3725,34.0294,Turkey,TR,TUR,Çankırı,Cankiri,TR-18,province,,13.0,,,3,Europe/Istanbul,FALSE,1792782196
Öncü,Oncu,,38.1685,38.3409,Turkey,TR,TUR,Malatya,Malatya,TR-44,province,,50.0,,,4,Europe/Istanbul,FALSE,1792514453
Safyan,Safyan,,38.0334,38.9126,Turkey,TR,TUR,Adıyaman,Adiyaman,TR-02,province,,27.6,,,4,Europe/Istanbul,FALSE,1792924427
Aşağı Norebin,Asagi Norebin,,37.9000,43.5667,Turkey,TR,TUR,Van,Van,TR-65,province,,11.0,,,4,Europe/Istanbul,FALSE,1792037168
Kaynar,Kaynar,,37.7963,36.5541,Turkey,TR,TUR,Kahramanmaraş,Kahramanmaras,TR-46,province,,21.9,,,4,Europe/Istanbul,FALSE,1792881647
İsabey,Isabey,,38.0089,29.4388,Turkey,TR,TUR,Denizli,Denizli,TR-20,province,,18.2,,,4,Europe/Istanbul,FALSE,1792523199
Derekaraağaç,Derekaraagac,,41.3487,34.2074,Turkey,TR,TUR,Kastamonu,Kastamonu,TR-37,province,,20.2,,,4,Europe/Istanbul,FALSE,1792752470
Mağaradere,Magaradere,Sıradam,37.9853,35.9454,Turkey,TR,TUR,Adana,Adana,TR-01,province,,11.2,,,4,Europe/Istanbul,FALSE,1792770332
Duru,Duru,,38.0164,40.9673,Turkey,TR,TUR,Diyarbakır,Diyarbakir,TR-21,province,,56.2,,,4,Europe/Istanbul,FALSE,1792032532
Horzum Sazdere,Horzum Sazdere,Sazdere,38.3666,28.3551,Turkey,TR,TUR,Manisa,Manisa,TR-45,province,,114.4,,,4,Europe/Istanbul,FALSE,1792073510
Kuzalan,Kuzalan,Kozalan,41.5558,35.1942,Turkey,TR,TUR,Sinop,Sinop,TR-57,province,,8.5,,,4,Europe/Istanbul,FALSE,1792247396
Kuzalan,Kuzalan,,41.3610,35.8027,Turkey,TR,TUR,Samsun,Samsun,TR-55,province,,88.2,,,4,Europe/Istanbul,FALSE,1792774298
Hakverdi,Hakverdi,,37.1690,40.4428,Turkey,TR,TUR,Mardin,Mardin,TR-47,province,,151.2,,,4,Europe/Istanbul,FALSE,1792146303
Ozanlar,Ozanlar,İranos|Eranos,39.7702,43.0671,Turkey,TR,TUR,Ağrı,Agri,TR-04,province,,119.3,,,4,Europe/Istanbul,FALSE,1792226401
Çakıllar,Cakillar,,41.2780,32.3383,Turkey,TR,TUR,Karabük,Karabuk,TR-78,province,,115.7,,,4,Europe/Istanbul,FALSE,1792264855
Pozluk,Pozluk,,37.8925,40.0129,Turkey,TR,TUR,Diyarbakır,Diyarbakir,TR-21,province,,864.7,,,3,Europe/Istanbul,FALSE,1792130246
Derav,Derav,Diravye,37.4783,43.5515,Turkey,TR,TUR,Hakkâri,Hakkari,TR-30,province,,44.6,,,4,Europe/Istanbul,FALSE,1792489075
Kurtoğlu Mahallesi,Kurtoglu Mahallesi,,38.8597,32.1134,Turkey,TR,TUR,Konya,Konya,TR-42,province,,5.6,,,5,Europe/Istanbul,FALSE,1792854910
Yukarıboğaz,Yukaribogaz,,39.9201,38.2341,Turkey,TR,TUR,Sivas,Sivas,TR-58,province,,3.4,,,5,Europe/Istanbul,FALSE,1792837655
Dedeçınar İsk.,Dedecinar Isk.,,36.6339,36.3999,Turkey,TR,TUR,Hatay,Hatay,TR-31,province,,122.9,,,4,Europe/Istanbul,FALSE,1792798844
Kalecik,Kalecik,,40.8461,43.1917,Turkey,TR,TUR,Kars,Kars,TR-36,province,,13.6,,,4,Europe/Istanbul,FALSE,1792917393
Emirli Damları,Emirli Damlari,Emirli-Damlary,36.8890,36.2515,Turkey,TR,TUR,Hatay,Hatay,TR-31,province,,293.2,,,3,Europe/Istanbul,FALSE,1792395084
Döngele,Dongele,Döngere,37.5607,36.6387,Turkey,TR,TUR,Kahramanmaraş,Kahramanmaras,TR-46,province,,206.8,,,3,Europe/Istanbul,FALSE,1792677763
Taflan,Taflan,,41.4094,36.1289,Turkey,TR,TUR,Samsun,Samsun,TR-55,province,minor,86.4,,,3,Europe/Istanbul,FALSE,1792330437
Yeşiltepe,Yesiltepe,İspas|Kozyaka,39.3738,30.6207,Turkey,TR,TUR,Eskişehir,Eskisehir,TR-26,province,,6.9,,,5,Europe/Istanbul,FALSE,1792424316
Yeşiltepe,Yesiltepe,Persor,40.2903,40.7179,Turkey,TR,TUR,Erzurum,Erzurum,TR-25,province,,4.6,,,5,Europe/Istanbul,FALSE,1792001040
Darbent,Darbent,,38.5437,28.4155,Turkey,TR,TUR,Manisa,Manisa,TR-45,province,,132.9,,,4,Europe/Istanbul,FALSE,1792001065
Ularca,Ularca,,39.2673,27.4928,Turkey,TR,TUR,Manisa,Manisa,TR-45,province,,147.8,,,4,Europe/Istanbul,FALSE,1792000901
Yeşiltepe,Yesiltepe,,40.7697,38.1129,Turkey,TR,TUR,Giresun,Giresun,TR-28,province,,95.9,,,4,Europe/Istanbul,FALSE,1792946231
Yeşiltepe,Yesiltepe,,40.7066,38.5145,Turkey,TR,TUR,Giresun,Giresun,TR-28,province,,20.5,,,4,Europe/Istanbul,TRUE,1792038821
Civanyaylağı,Civanyaylagi,Civanyayl|Bekirde,36.8731,34.6576,Turkey,TR,TUR,Mersin,Mersin,TR-33,province,,1442.2,,,3,Europe/Istanbul,FALSE,1792541861
Safular,Safular,,41.6104,32.6805,Turkey,TR,TUR,Bartın,Bartin,TR-74,province,,23.0,,,4,Europe/Istanbul,FALSE,1792727755
Karaköy,Karakoy,,37.9166,27.8975,Turkey,TR,TUR,Aydın,Aydin,TR-09,province,,448.9,,,3,Europe/Istanbul,FALSE,1792387611
Akçapınar,Akcapinar,,40.2785,28.0742,Turkey,TR,TUR,Balıkesir,Balikesir,TR-10,province,,273.8,,,3,Europe/Istanbul,FALSE,1792759848
Akçapınar,Akcapinar,,39.2844,26.8669,Turkey,TR,TUR,Balıkesir,Balikesir,TR-10,province,,179.5,,,4,Europe/Istanbul,TRUE,1792026014
Karaköy,Karakoy,,40.0528,32.9553,Turkey,TR,TUR,Ankara,Ankara,TR-06,province,,872.8,,,3,Europe/Istanbul,FALSE,1792762873
Karaköy,Karakoy,,40.1633,32.8846,Turkey,TR,TUR,Ankara,Ankara,TR-06,province,,64.8,,,4,Europe/Istanbul,TRUE,1792854842
Karaköy,Karakoy,,40.1836,31.6533,Turkey,TR,TUR,Ankara,Ankara,TR-06,province,,10.4,,,4,Europe/Istanbul,TRUE,1792865108
Yukarı Gökdere,Yukari Gokdere,,40.4167,41.3000,Turkey,TR,TUR,Erzurum,Erzurum,TR-25,province,,8.3,,,5,Europe/Istanbul,FALSE,1792647788
Akçapınar,Akcapinar,Akçapınar Köyü,40.1127,28.6550,Turkey,TR,TUR,Bursa,Bursa,TR-16,province,,64.9,,,4,Europe/Istanbul,TRUE,1792347607
Kadıobası,Kadiobasi,Kadıobaşı|Kadıoba,38.9167,33.7167,Turkey,TR,TUR,Ankara,Ankara,TR-06,province,,13.2,,,4,Europe/Istanbul,FALSE,1792466286
Kadıobası,Kadiobasi,,40.1341,32.2686,Turkey,TR,TUR,Ankara,Ankara,TR-06,province,,9.6,,,5,Europe/Istanbul,TRUE,1792584554
Yazır,Yazir,Yazir,38.8500,35.5167,Turkey,TR,TUR,Kayseri,Kayseri,TR-38,province,,264.5,,,3,Europe/Istanbul,FALSE,1792412065
Tetir,Tetir,Tetirli,37.5464,37.7482,Turkey,TR,TUR,Adıyaman,Adiyaman,TR-02,province,,68.4,,,4,Europe/Istanbul,FALSE,1792308376
Hasanağa,Hasanaga,,41.5400,33.5027,Turkey,TR,TUR,Kastamonu,Kastamonu,TR-37,province,,7.5,,,5,Europe/Istanbul,FALSE,1792199610
Fakırca,Fakirca,,36.6647,33.3876,Turkey,TR,TUR,Mersin,Mersin,TR-33,province,,19.9,,,4,Europe/Istanbul,FALSE,1792260403
Gebelikatran,Gebelikatran,Gebeli,39.3486,37.6499,Turkey,TR,TUR,Sivas,Sivas,TR-58,province,,4.5,,,5,Europe/Istanbul,FALSE,1792349112
Burunköy,Burunkoy,,37.7028,27.5064,Turkey,TR,TUR,Aydın,Aydin,TR-09,province,,91.4,,,4,Europe/Istanbul,FALSE,1792000461
Yukarıardıç,Yukariardic,Çaltumarülya|Çaltimarisüfla,40.9755,37.4579,Turkey,TR,TUR,Ordu,Ordu,TR-52,province,,276.2,,,3,Europe/Istanbul,FALSE,1792928237
Kökpınar,Kokpinar,Komsor,39.6518,40.5684,Turkey,TR,TUR,Erzincan,Erzincan,TR-24,province,,7.3,,,5,Europe/Istanbul,FALSE,1792847231
Hıdırellez,Hidirellez,,41.5574,35.8251,Turkey,TR,TUR,Samsun,Samsun,TR-55,province,,88.2,,,4,Europe/Istanbul,FALSE,1792370406
Aşağıgöcek,Asagigocek,Aşağıgücük,39.4044,28.4293,Turkey,TR,TUR,Balıkesir,Balikesir,TR-10,province,,47.6,,,4,Europe/Istanbul,FALSE,1792600214
Karakoyun,Karakoyun,,37.2053,27.8254,Turkey,TR,TUR,Muğla,Mugla,TR-48,province,,66.9,,,4,Europe/Istanbul,FALSE,1792154801
Kuzucak,Kuzucak,,37.5813,37.2039,Turkey,TR,TUR,Kahramanmaraş,Kahramanmaras,TR-46,province,,113.0,,,4,Europe/Istanbul,FALSE,1792661093
Sağırpaşa,Sagirpasa,Sağırpaşa Köyü,39.9667,26.9500,Turkey,TR,TUR,Çanakkale,Canakkale,TR-17,province,,54.0,,,4,Europe/Istanbul,FALSE,1792599349
Sütveren,Sutveren,Hilbini,37.2305,38.0046,Turkey,TR,TUR,Şanlıurfa,Sanliurfa,TR-63,province,,58.2,,,4,Europe/Istanbul,FALSE,1792800068
Kumlu Yayla,Kumlu Yayla,,36.7700,33.5253,Turkey,TR,TUR,Mersin,Mersin,TR-33,province,,19.9,,,4,Europe/Istanbul,FALSE,1792003178
Yeğinler,Yeginler,Yeğenler,39.1017,29.5883,Turkey,TR,TUR,Kütahya,Kutahya,TR-43,province,,24.3,,,4,Europe/Istanbul,FALSE,1792040298
Zinnap,Zinnap,,38.0000,41.6833,Turkey,TR,TUR,Siirt,Siirt,TR-56,province,,79.1,,,4,Europe/Istanbul,FALSE,1792267762
Çiğdemli,Cigdemli,Tugut|Ağılcık,39.2790,38.2265,Turkey,TR,TUR,Sivas,Sivas,TR-58,province,,4.1,,,5,Europe/Istanbul,FALSE,1792728621
Sünür,Sunur,Sünüri,40.2667,39.9000,Turkey,TR,TUR,Bayburt,Bayburt,TR-69,province,,19.6,,,4,Europe/Istanbul,FALSE,1792064496
Küçükkarataş,Kucukkaratas,Karataş,36.5814,35.3694,Turkey,TR,TUR,Adana,Adana,TR-01,province,,38.0,,,4,Europe/Istanbul,FALSE,1792779891
Karaçölya,Karacolya,Karaçolya,37.9442,40.7575,Turkey,TR,TUR,Diyarbakır,Diyarbakir,TR-21,province,,56.2,,,4,Europe/Istanbul,FALSE,1792850898
Sarım,Sarim,,37.0785,38.4767,Turkey,TR,TUR,Şanlıurfa,Sanliurfa,TR-63,province,,264.9,,,3,Europe/Istanbul,FALSE,1792364842
Yenice,Yenice,Yeniceköy,40.9222,40.7889,Turkey,TR,TUR,Rize,Rize,TR-53,province,,73.8,,,4,Europe/Istanbul,FALSE,1792251994
Sarımollalı,Sarimollali,,37.6134,36.6081,Turkey,TR,TUR,Kahramanmaraş,Kahramanmaras,TR-46,province,,206.8,,,3,Europe/Istanbul,FALSE,1792856798
Ortaoluk,Ortaoluk,,38.1663,36.3268,Turkey,TR,TUR,Adana,Adana,TR-01,province,,12.4,,,4,Europe/Istanbul,FALSE,1792743251
Karaçulha,Karaculha,,36.9266,29.6390,Turkey,TR,TUR,Muğla,Mugla,TR-48,province,,80.0,,,4,Europe/Istanbul,FALSE,1792391528
Yapraklı,Yaprakli,,37.8774,43.5085,Turkey,TR,TUR,Van,Van,TR-65,province,,11.0,,,4,Europe/Istanbul,FALSE,1792164880
Mehmetler,Mehmetler,,39.7065,28.2530,Turkey,TR,TUR,Balıkesir,Balikesir,TR-10,province,,26.3,,,4,Europe/Istanbul,FALSE,1792624560
Kavullu,Kavullu,,39.2161,43.8015,Turkey,TR,TUR,Van,Van,TR-65,province,,49.7,,,4,Europe/Istanbul,FALSE,1792386240
Mehmetler,Mehmetler,,40.9706,33.4765,Turkey,TR,TUR,Çankırı,Cankiri,TR-18,province,,6.8,,,5,Europe/Istanbul,FALSE,1792280885
Beşağaç,Besagac,Sekük|Seke,37.7040,38.6908,Turkey,TR,TUR,Adıyaman,Adiyaman,TR-02,province,,101.8,,,4,Europe/Istanbul,FALSE,1792000522
Domuzağı,Domuzagi,Domuzalan,41.1833,35.6833,Turkey,TR,TUR,Samsun,Samsun,TR-55,province,,49.4,,,4,Europe/Istanbul,FALSE,1792641325
Muratlar,Muratlar,,41.1969,32.1947,Turkey,TR,TUR,Karabük,Karabuk,TR-78,province,,71.7,,,4,Europe/Istanbul,FALSE,1792906268
Muratlar,Muratlar,,40.9074,32.7497,Turkey,TR,TUR,Karabük,Karabuk,TR-78,province,,5.9,,,5,Europe/Istanbul,TRUE,1792139734
Kanlıca,Kanlica,,39.2877,34.8987,Turkey,TR,TUR,Nevşehir,Nevsehir,TR-50,province,,15.1,,,4,Europe/Istanbul,FALSE,1792220265
Hashüyük,Hashuyuk,Hasbüyük,39.4550,34.1886,Turkey,TR,TUR,Kırşehir,Kirsehir,TR-40,province,,77.4,,,4,Europe/Istanbul,FALSE,1792583981
Koğuk,Koguk,Koği|Koğu,37.7412,40.7245,Turkey,TR,TUR,Diyarbakır,Diyarbakir,TR-21,province,,22.2,,,4,Europe/Istanbul,FALSE,1792540251
Çavuşlu,Cavuslu,Çavuşlar,41.4903,33.0244,Turkey,TR,TUR,Karabük,Karabuk,TR-78,province,,7.5,,,4,Europe/Istanbul,FALSE,1792763784
Gille,Gille,,36.8167,33.1167,Turkey,TR,TUR,Mersin,Mersin,TR-33,province,,19.9,,,4,Europe/Istanbul,FALSE,1792731285
Yeğenli,Yegenli,Yeğanlı|Yeganlar|Yağanlı,41.5206,32.3736,Turkey,TR,TUR,Bartın,Bartin,TR-74,province,,115.7,,,3,Europe/Istanbul,FALSE,1792327622
Serdivan,Serdivan,Sardivar|Sardıvan,40.7738,30.3801,Turkey,TR,TUR,Sakarya,Sakarya,TR-54,province,minor,764.9,,,3,Europe/Istanbul,FALSE,1792945821
Kocamanbaşı,Kocamanbasi,,41.0759,36.9307,Turkey,TR,TUR,Samsun,Samsun,TR-55,province,,116.5,,,4,Europe/Istanbul,FALSE,1792085813
Benzer,Benzer,,39.2247,41.5556,Turkey,TR,TUR,Muş,Mus,TR-49,province,,19.0,,,4,Europe/Istanbul,FALSE,1792212779
Şekerpınar,Sekerpinar,Merkepli|Merkebli|Şekerpınarı,40.8552,29.3711,Turkey,TR,TUR,Kocaeli,Kocaeli,TR-41,province,,456.9,,,3,Europe/Istanbul,FALSE,1792136647
İclaliye,Iclaliye,Çobancal,39.9772,28.0672,Turkey,TR,TUR,Balıkesir,Balikesir,TR-10,province,,64.5,,,4,Europe/Istanbul,FALSE,1792132407
Köseoğlu,Koseoglu,,41.5724,32.3422,Turkey,TR,TUR,Bartın,Bartin,TR-74,province,,115.7,,,4,Europe/Istanbul,FALSE,1792072676
Karaabalar,Karaabalar,Karaabalak,42.0692,27.2889,Turkey,TR,TUR,Kırklareli,Kirklareli,TR-39,province,,4.2,,,4,Europe/Istanbul,FALSE,1792258528
Küçükkuyu,Kucukkuyu,Küçük Kızılkuyu,38.2872,32.2518,Turkey,TR,TUR,Konya,Konya,TR-42,province,,25.3,,,4,Europe/Istanbul,FALSE,1792001163
Kızılören,Kiziloren,Kızılviran,37.8685,32.1162,Turkey,TR,TUR,Konya,Konya,TR-42,province,minor,216.1,,,3,Europe/Istanbul,FALSE,1792000487
Kızılören,Kiziloren,,39.2960,27.6319,Turkey,TR,TUR,Manisa,Manisa,TR-45,province,,147.8,,,4,Europe/Istanbul,FALSE,1792990378
Çamdalı,Camdali,Menegir|Minegir|Minagir,40.3586,37.1117,Turkey,TR,TUR,Tokat,Tokat,TR-60,province,,20.5,,,4,Europe/Istanbul,FALSE,1792453492
Bahçe,Bahce,Bakhche,36.9142,38.4368,Turkey,TR,TUR,Şanlıurfa,Sanliurfa,TR-63,province,,188.0,,,4,Europe/Istanbul,FALSE,1792448637
Yenikovak,Yenikovak,Derindzhe|Derince,36.0496,36.3674,Turkey,TR,TUR,Hatay,Hatay,TR-31,province,,137.4,,,4,Europe/Istanbul,FALSE,1792103569
Mazılı,Mazili,,39.1249,26.9710,Turkey,TR,TUR,İzmir,Izmir,TR-35,province,,78.7,,,4,Europe/Istanbul,FALSE,1792731846
Akbulak,Akbulak,,40.8224,43.6482,Turkey,TR,TUR,Kars,Kars,TR-36,province,,30.0,,,4,Europe/Istanbul,FALSE,1792198541
Batıköy,Batikoy,Batmaz|Batı,37.5333,27.2439,Turkey,TR,TUR,Aydın,Aydin,TR-09,province,,91.4,,,4,Europe/Istanbul,FALSE,1792095054
Zenginharabesi,Zenginharabesi,Zengin-Kharabesi,36.5359,36.5183,Turkey,TR,TUR,Hatay,Hatay,TR-31,province,,122.9,,,4,Europe/Istanbul,FALSE,1792000375
Yağca,Yagca,,37.0627,30.5582,Turkey,TR,TUR,Antalya,Antalya,TR-07,province,,120.9,,,4,Europe/Istanbul,FALSE,1792640482
Eğriekin,Egriekin,,40.2621,32.9761,Turkey,TR,TUR,Ankara,Ankara,TR-06,province,,64.8,,,4,Europe/Istanbul,FALSE,1792378763
Çanakdüzü,Canakduzu,Kömüs,38.4693,42.6366,Turkey,TR,TUR,Bitlis,Bitlis,TR-13,province,,60.6,,,4,Europe/Istanbul,FALSE,1792764979
Değirmentaş,Degirmentas,Değirmentaşı,38.4296,36.3313,Turkey,TR,TUR,Kayseri,Kayseri,TR-38,province,,12.4,,,4,Europe/Istanbul,FALSE,1792363271
Yıldıran,Yildiran,,40.0579,41.9375,Turkey,TR,TUR,Erzurum,Erzurum,TR-25,province,,33.1,,,4,Europe/Istanbul,FALSE,1792083325
Hörgüçük,Horgucuk,Hörküçük|Kurtar|Hörgüççük,38.5833,36.2333,Turkey,TR,TUR,Kayseri,Kayseri,TR-38,province,,14.9,,,4,Europe/Istanbul,FALSE,1792661599
Uyanık,Uyanik,Babsu|Babsu Köyü,39.7708,38.3049,Turkey,TR,TUR,Sivas,Sivas,TR-58,province,,3.4,,,5,Europe/Istanbul,FALSE,1792502552
Himmetköy,Himmetkoy,Himmet|Himmetbeşe|Himmetpaşa,41.8899,33.3027,Turkey,TR,TUR,Kastamonu,Kastamonu,TR-37,province,,20.6,,,4,Europe/Istanbul,FALSE,1792782654
Teknedüzü,Tekneduzu,,39.2639,41.2325,Turkey,TR,TUR,Muş,Mus,TR-49,province,,19.0,,,4,Europe/Istanbul,FALSE,1792206283
Karakeçili,Karakecili,,38.5150,28.7642,Turkey,TR,TUR,Manisa,Manisa,TR-45,province,,44.7,,,4,Europe/Istanbul,FALSE,1792000898
Karakeçili,Karakecili,,38.8555,28.3214,Turkey,TR,TUR,Manisa,Manisa,TR-45,province,,28.1,,,4,Europe/Istanbul,TRUE,1792817881
Gündoğan,Gundogan,,36.8767,37.5469,Turkey,TR,TUR,Gaziantep,Gaziantep,TR-27,province,,40.3,,,4,Europe/Istanbul,FALSE,1792666940
Yağlar,Yaglar,,40.9008,32.0091,Turkey,TR,TUR,Bolu,Bolu,TR-14,province,,16.1,,,4,Europe/Istanbul,FALSE,1792533236
Okçabel,Okcabel,,40.8013,37.5324,Turkey,TR,TUR,Ordu,Ordu,TR-52,province,,56.9,,,4,Europe/Istanbul,FALSE,1792815493
Karahüyük,Karahuyuk,,37.1728,37.3963,Turkey,TR,TUR,Gaziantep,Gaziantep,TR-27,province,,653.1,,,3,Europe/Istanbul,FALSE,1792177673
Hacıkan,Hacikan,Khadzhikyan,37.9900,40.7917,Turkey,TR,TUR,Diyarbakır,Diyarbakir,TR-21,province,,56.2,,,4,Europe/Istanbul,FALSE,1792813186
Tersatan,Tersatan,,36.1923,36.0919,Turkey,TR,TUR,Hatay,Hatay,TR-31,province,,657.6,,,3,Europe/Istanbul,FALSE,1792672647
Pirinçlik,Pirinclik,,36.5111,36.0474,Turkey,TR,TUR,Hatay,Hatay,TR-31,province,,669.9,,,3,Europe/Istanbul,FALSE,1792804973
Uzunyol,Uzunyol,,38.3852,41.8085,Turkey,TR,TUR,Bitlis,Bitlis,TR-13,province,,29.4,,,4,Europe/Istanbul,FALSE,1792621856
Karakuz,Karakuz,,40.7945,32.3692,Turkey,TR,TUR,Bolu,Bolu,TR-14,province,,17.2,,,4,Europe/Istanbul,FALSE,1792141945
Beşenli,Besenli,,37.6665,37.2599,Turkey,TR,TUR,Kahramanmaraş,Kahramanmaras,TR-46,province,,55.2,,,4,Europe/Istanbul,FALSE,1792012130
Karlıdere,Karlidere,Dalek,38.7361,41.4183,Turkey,TR,TUR,Muş,Mus,TR-49,province,,65.8,,,4,Europe/Istanbul,FALSE,1792749461
Belkaraağaç,Belkaraagac,,40.6023,31.4314,Turkey,TR,TUR,Bolu,Bolu,TR-14,province,,18.4,,,4,Europe/Istanbul,FALSE,1792005863
Karanfiller,Karanfiller,,37.7263,28.0049,Turkey,TR,TUR,Aydın,Aydin,TR-09,province,,54.9,,,4,Europe/Istanbul,FALSE,1792082665
Karasahanlar,Karasahanlar,,37.4032,28.7236,Turkey,TR,TUR,Denizli,Denizli,TR-20,province,,30.8,,,4,Europe/Istanbul,FALSE,1792890517
Yaylalı,Yaylali,Yaylalıköy,40.5106,38.9739,Turkey,TR,TUR,Gümüşhane,Gumushane,TR-29,province,,15.4,,,4,Europe/Istanbul,FALSE,1792264920
Karaperçin,Karapercin,,41.1569,36.4160,Turkey,TR,TUR,Samsun,Samsun,TR-55,province,,149.0,,,4,Europe/Istanbul,FALSE,1792569949
Yazılıkavak,Yazilikavak,Boztamakh,37.0860,39.0886,Turkey,TR,TUR,Şanlıurfa,Sanliurfa,TR-63,province,,264.9,,,3,Europe/Istanbul,FALSE,1792643923
Zamkadın,Zamkadin,,37.6664,30.9170,Turkey,TR,TUR,Isparta,Isparta,TR-32,province,,25.6,,,4,Europe/Istanbul,FALSE,1792083277
Yayalar,Yayalar,,40.7475,30.6724,Turkey,TR,TUR,Sakarya,Sakarya,TR-54,province,,145.6,,,4,Europe/Istanbul,FALSE,1792645493
Bağrıkurt,Bagrikurt,,38.1197,32.4803,Turkey,TR,TUR,Konya,Konya,TR-42,province,,389.5,,,3,Europe/Istanbul,FALSE,1792936949
Karaçay,Karacay,Karaçay Köyü,37.3491,37.1156,Turkey,TR,TUR,Kahramanmaraş,Kahramanmaras,TR-46,province,,55.2,,,4,Europe/Istanbul,FALSE,1792251059
Karaçay,Karacay,,37.0667,28.9333,Turkey,TR,TUR,Muğla,Mugla,TR-48,province,,23.6,,,4,Europe/Istanbul,FALSE,1792703860
Karaçay,Karacay,,37.0833,28.6667,Turkey,TR,TUR,Muğla,Mugla,TR-48,province,,23.6,,,4,Europe/Istanbul,TRUE,1792927080
Söğütlü,Sogutlu,İlâç|İlaçköy|İlâç Köyü,40.0835,39.2553,Turkey,TR,TUR,Gümüşhane,Gumushane,TR-29,province,,17.4,,,4,Europe/Istanbul,FALSE,1792430061
Yakaköy,Yakakoy,Yaka,37.0653,27.3210,Turkey,TR,TUR,Muğla,Mugla,TR-48,province,,253.3,,,3,Europe/Istanbul,FALSE,1792611076
Yakaköy,Yakakoy,Akınlar|Yaka,36.5680,29.4520,Turkey,TR,TUR,Muğla,Mugla,TR-48,province,,80.0,,,4,Europe/Istanbul,TRUE,1792922786
Yakaköy,Yakakoy,Yaka,37.2083,27.7106,Turkey,TR,TUR,Muğla,Mugla,TR-48,province,,66.9,,,4,Europe/Istanbul,TRUE,1792761473
Yakaköy,Yakakoy,Bakaköy|Yaka,36.6983,27.4918,Turkey,TR,TUR,Muğla,Mugla,TR-48,province,,44.7,,,4,Europe/Istanbul,TRUE,1792809202
Yakaköy,Yakakoy,,38.8558,28.1648,Turkey,TR,TUR,Manisa,Manisa,TR-45,province,,28.1,,,4,Europe/Istanbul,FALSE,1792818392
Söğütlü,Sogutlu,Sügütlü,37.0065,37.7271,Turkey,TR,TUR,Gaziantep,Gaziantep,TR-27,province,,134.6,,,4,Europe/Istanbul,FALSE,1792265153
Söğütlü,Sogutlu,,39.9689,39.0409,Turkey,TR,TUR,Erzincan,Erzincan,TR-24,province,,4.4,,,5,Europe/Istanbul,FALSE,1792142271
Söğütlü,Sogutlu,Uzunhaç,39.9772,40.1150,Turkey,TR,TUR,Erzincan,Erzincan,TR-24,province,,3.3,,,5,Europe/Istanbul,TRUE,1792996588
Kapı,Kapi,Kapıköy,39.8535,36.2577,Turkey,TR,TUR,Sivas,Sivas,TR-58,province,,9.1,,,5,Europe/Istanbul,FALSE,1792783806
Bahtı,Bahti,,41.8500,34.5000,Turkey,TR,TUR,Sinop,Sinop,TR-57,province,,21.7,,,4,Europe/Istanbul,FALSE,1792995501
Tetirlik,Tetirlik,,37.5362,37.2748,Turkey,TR,TUR,Kahramanmaraş,Kahramanmaras,TR-46,province,,55.2,,,4,Europe/Istanbul,FALSE,1792013134
Sivritepe,Sivritepe,,38.1196,40.1838,Turkey,TR,TUR,Diyarbakır,Diyarbakir,TR-21,province,,607.9,,,3,Europe/Istanbul,FALSE,1792589488
Karakas,Karakas,Küfürlü,37.2667,40.1333,Turkey,TR,TUR,Mardin,Mardin,TR-47,province,,41.4,,,4,Europe/Istanbul,FALSE,1792857211
Emek,Emek,,37.2226,28.9205,Turkey,TR,TUR,Denizli,Denizli,TR-20,province,,60.3,,,4,Europe/Istanbul,FALSE,1792193305
Dağköy,Dagkoy,,41.6688,34.5920,Turkey,TR,TUR,Kastamonu,Kastamonu,TR-37,province,,16.5,,,4,Europe/Istanbul,FALSE,1792030140
Dağköy,Dagkoy,Dağ,41.8970,34.1028,Turkey,TR,TUR,Kastamonu,Kastamonu,TR-37,province,,14.4,,,4,Europe/Istanbul,TRUE,1792137852
Dağköy,Dagkoy,Dağ,41.6500,33.4500,Turkey,TR,TUR,Kastamonu,Kastamonu,TR-37,province,,8.6,,,5,Europe/Istanbul,TRUE,1792722440
Çaysimav,Caysimav,,39.1214,28.8845,Turkey,TR,TUR,Kütahya,Kutahya,TR-43,province,,37.3,,,4,Europe/Istanbul,FALSE,1792144748
Külzeren,Kulzeren,,41.5046,32.6286,Turkey,TR,TUR,Bartın,Bartin,TR-74,province,,23.0,,,4,Europe/Istanbul,FALSE,1792510527
Yukarı Kemikliyayla,Yukari Kemikliyayla,,38.5000,32.7500,Turkey,TR,TUR,Konya,Konya,TR-42,province,,12.7,,,4,Europe/Istanbul,FALSE,1792372186
Ballıca,Ballica,Daloce|Dalluca,37.6500,38.1667,Turkey,TR,TUR,Adıyaman,Adiyaman,TR-02,province,,190.5,,,4,Europe/Istanbul,FALSE,1792446264
Ballıca,Ballica,,38.0338,39.1161,Turkey,TR,TUR,Adıyaman,Adiyaman,TR-02,province,,27.6,,,4,Europe/Istanbul,TRUE,1792592476
Tepebağ,Tepebag,Tilbeşin|Telebisim|Telbisim,37.3388,40.2702,Turkey,TR,TUR,Mardin,Mardin,TR-47,province,,41.4,,,4,Europe/Istanbul,FALSE,1792237138
Maksutuşağı,Maksutusagi,Maksutşağı,39.6045,39.1863,Turkey,TR,TUR,Erzincan,Erzincan,TR-24,province,,2.4,,,5,Europe/Istanbul,FALSE,1792907428
Çörekli,Corekli,,41.5639,33.0489,Turkey,TR,TUR,Karabük,Karabuk,TR-78,province,,7.9,,,4,Europe/Istanbul,FALSE,1792127277
Yazlık,Yazlik,,38.3276,28.4551,Turkey,TR,TUR,Manisa,Manisa,TR-45,province,,114.4,,,4,Europe/Istanbul,FALSE,1792676224
Yazlık,Yazlik,,37.4734,34.0797,Turkey,TR,TUR,Konya,Konya,TR-42,province,,50.4,,,4,Europe/Istanbul,FALSE,1792363082
Soğukoluk,Sogukoluk,,37.6167,35.2500,Turkey,TR,TUR,Adana,Adana,TR-01,province,,6.1,,,5,Europe/Istanbul,FALSE,1792102591
Yazlık,Yazlik,,40.6948,29.8701,Turkey,TR,TUR,Kocaeli,Kocaeli,TR-41,province,,469.4,,,3,Europe/Istanbul,FALSE,1792412487
Soğukoluk,Sogukoluk,,37.5242,27.9230,Turkey,TR,TUR,Aydın,Aydin,TR-09,province,,54.9,,,4,Europe/Istanbul,FALSE,1792299631
Hisarcık,Hisarcik,,38.4787,37.6515,Turkey,TR,TUR,Malatya,Malatya,TR-44,province,,14.8,,,4,Europe/Istanbul,FALSE,1792937756
Hisarcık,Hisarcik,,37.3718,27.6347,Turkey,TR,TUR,Muğla,Mugla,TR-48,province,,66.9,,,4,Europe/Istanbul,FALSE,1792593002
Hatipoğlu,Hatipoglu,,40.8988,31.9105,Turkey,TR,TUR,Bolu,Bolu,TR-14,province,,16.1,,,4,Europe/Istanbul,FALSE,1792478696
Gündükhanna,Gundukhanna,Birigirya,37.1062,41.4743,Turkey,TR,TUR,Mardin,Mardin,TR-47,province,,80.5,,,4,Europe/Istanbul,FALSE,1792581018
Ocaklı,Ocakli,,37.9335,28.2827,Turkey,TR,TUR,Aydın,Aydin,TR-09,province,,79.4,,,4,Europe/Istanbul,FALSE,1792740610
Yukarıalınca,Yukarialinca,,37.4248,39.5542,Turkey,TR,TUR,Şanlıurfa,Sanliurfa,TR-63,province,,47.6,,,4,Europe/Istanbul,FALSE,1792567483
Taktuk,Taktuk,Kyuchyuk-Mekhmedikhan,37.2016,39.3158,Turkey,TR,TUR,Şanlıurfa,Sanliurfa,TR-63,province,,264.9,,,3,Europe/Istanbul,FALSE,1792238241
Kocainiş,Kocainis,İnkozik,38.5442,41.6093,Turkey,TR,TUR,Bitlis,Bitlis,TR-13,province,,29.4,,,4,Europe/Istanbul,FALSE,1792389639
Çıragediği,Ciragedigi,Çıragediği Köyü,39.8054,38.5237,Turkey,TR,TUR,Erzincan,Erzincan,TR-24,province,,3.4,,,5,Europe/Istanbul,FALSE,1792998035
Yasar,Yasar,Tuvur,37.5935,43.1935,Turkey,TR,TUR,Şırnak,Sirnak,TR-73,province,,8.2,,,5,Europe/Istanbul,FALSE,1792285480
Samanlık,Samanlik,,37.6075,42.3383,Turkey,TR,TUR,Şırnak,Sirnak,TR-73,province,,32.9,,,4,Europe/Istanbul,FALSE,1792199450
Muhacirköy,Muhacirkoy,Mukhadzhirkëy|Akçaygiritmuhacir Köyü,36.6254,36.2182,Turkey,TR,TUR,Hatay,Hatay,TR-31,province,,669.9,,,3,Europe/Istanbul,FALSE,1792442223
Bakuk,Bakuk,,37.2022,41.4672,Turkey,TR,TUR,Mardin,Mardin,TR-47,province,,80.5,,,4,Europe/Istanbul,FALSE,1792329143
Kirenci,Kirenci,Kirencik,40.8349,34.7229,Turkey,TR,TUR,Çorum,Corum,TR-19,province,,24.4,,,4,Europe/Istanbul,FALSE,1792001234
Tevfikiye,Tevfikiye,Çavuşköy,40.5831,29.4639,Turkey,TR,TUR,Yalova,Yalova,TR-77,province,,164.1,,,4,Europe/Istanbul,FALSE,1792897571
Mesudiye,Mesudiye,,40.6591,30.5249,Turkey,TR,TUR,Sakarya,Sakarya,TR-54,province,,87.6,,,4,Europe/Istanbul,FALSE,1792218275
Kirsinkavağı,Kirsinkavagi,Girsinkavağı,39.7889,35.7947,Turkey,TR,TUR,Yozgat,Yozgat,TR-66,province,,26.6,,,4,Europe/Istanbul,FALSE,1792053422
Sadıklar,Sadiklar,Kıragonda,36.9417,31.8009,Turkey,TR,TUR,Antalya,Antalya,TR-07,province,,4.4,,,5,Europe/Istanbul,FALSE,1792482588
Kaşlıoğlu,Kaslioglu,Söylemez,36.4500,32.2500,Turkey,TR,TUR,Antalya,Antalya,TR-07,province,,152.7,,,4,Europe/Istanbul,FALSE,1792200787
Kaniberku,Kaniberku,,37.4000,42.1683,Turkey,TR,TUR,Şırnak,Sirnak,TR-73,province,,114.2,,,4,Europe/Istanbul,FALSE,1792000513
Sarısu,Sarisu,,41.0560,40.7644,Turkey,TR,TUR,Rize,Rize,TR-53,province,,73.8,,,4,Europe/Istanbul,FALSE,1792888566
Karacailyas,Karacailyas,,36.8429,34.7051,Turkey,TR,TUR,Mersin,Mersin,TR-33,province,,1442.2,,,3,Europe/Istanbul,FALSE,1792574908
Ortaalan,Ortaalan,Ortalan,40.6314,37.7690,Turkey,TR,TUR,Ordu,Ordu,TR-52,province,,5.0,,,5,Europe/Istanbul,FALSE,1792898129
Gözalan,Gozalan,Güzene,41.9755,33.3512,Turkey,TR,TUR,Kastamonu,Kastamonu,TR-37,province,,21.5,,,4,Europe/Istanbul,FALSE,1792283354
Alatoprak,Alatoprak,Telosman,36.2897,36.2099,Turkey,TR,TUR,Hatay,Hatay,TR-31,province,,657.6,,,3,Europe/Istanbul,FALSE,1792057481
Damlataş,Damlatas,Göbelye|Darboğaz Köyü|Darboğaz|Güneşli,41.2500,36.6500,Turkey,TR,TUR,Samsun,Samsun,TR-55,province,,208.5,,,3,Europe/Istanbul,FALSE,1792768247
Kartaloğlu,Kartaloglu,Kurtlu,41.5319,34.8953,Turkey,TR,TUR,Sinop,Sinop,TR-57,province,,28.0,,,4,Europe/Istanbul,FALSE,1792233520
Doğanlar,Doganlar,,40.9494,32.2014,Turkey,TR,TUR,Bolu,Bolu,TR-14,province,,16.1,,,4,Europe/Istanbul,FALSE,1792000700
Doğanlar,Doganlar,Yukari Doğanlar|Dragonda|Diragonda|Drakontas,40.5171,27.7474,Turkey,TR,TUR,Balıkesir,Balikesir,TR-10,province,,119.1,,,4,Europe/Istanbul,TRUE,1792773948
Doğanlar,Doganlar,Avrateli|Avreteli,40.6739,33.1978,Turkey,TR,TUR,Çankırı,Cankiri,TR-18,province,,14.2,,,3,Europe/Istanbul,FALSE,1792105825
Çiğyatağı,Cigyatagi,Girsalat|Girsamat,38.2060,40.8831,Turkey,TR,TUR,Diyarbakır,Diyarbakir,TR-21,province,,39.0,,,4,Europe/Istanbul,FALSE,1792712403
Bekirpaşa,Bekirpasa,Tavuklar,40.7319,30.4589,Turkey,TR,TUR,Sakarya,Sakarya,TR-54,province,,759.4,,,3,Europe/Istanbul,FALSE,1792568442
Çağlayangedik,Caglayangedik,Gedik,36.4931,33.5778,Turkey,TR,TUR,Mersin,Mersin,TR-33,province,,19.9,,,4,Europe/Istanbul,FALSE,1792043345
Kızılcakent,Kizilcakent,,37.0460,37.7700,Turkey,TR,TUR,Gaziantep,Gaziantep,TR-27,province,,134.6,,,4,Europe/Istanbul,FALSE,1792111988
Çayören,Cayoren,Uğrak,38.1475,38.7395,Turkey,TR,TUR,Malatya,Malatya,TR-44,province,,22.1,,,4,Europe/Istanbul,FALSE,1792417391
Hacıali,Haciali,Hacıaliköy,39.9776,28.5265,Turkey,TR,TUR,Bursa,Bursa,TR-16,province,,64.9,,,4,Europe/Istanbul,FALSE,1792132293
Hacıali,Haciali,,40.7456,33.9932,Turkey,TR,TUR,Çankırı,Cankiri,TR-18,province,,7.5,,,5,Europe/Istanbul,FALSE,1792054015
Peynircayı,Peynircayi,,40.9913,35.3765,Turkey,TR,TUR,Amasya,Amasya,TR-05,province,,70.7,,,4,Europe/Istanbul,FALSE,1792813273
Güro Ob,Guro Ob,,36.7464,37.6303,Turkey,TR,TUR,Gaziantep,Gaziantep,TR-27,province,,40.3,,,4,Europe/Istanbul,FALSE,1792863621
Keranek,Keranek,,38.6833,40.0333,Turkey,TR,TUR,Elazığ,Elazig,TR-23,province,,20.2,,,4,Europe/Istanbul,FALSE,1792667034
Karslı,Karsli,,37.0590,35.2990,Turkey,TR,TUR,Adana,Adana,TR-01,province,,121.9,,,4,Europe/Istanbul,FALSE,1792044962
Bedirbey,Bedirbey,,37.3521,29.4284,Turkey,TR,TUR,Denizli,Denizli,TR-20,province,,34.4,,,4,Europe/Istanbul,FALSE,1792278816
Dokuzçavuş,Dokuzcavus,,38.0772,41.8442,Turkey,TR,TUR,Siirt,Siirt,TR-56,province,,48.7,,,4,Europe/Istanbul,FALSE,1792669622
İmranlar,Imranlar,,41.2257,31.5378,Turkey,TR,TUR,Zonguldak,Zonguldak,TR-67,province,,212.4,,,3,Europe/Istanbul,FALSE,1792480256
Bozukhusur,Bozukhusur,Kepez,37.3401,35.1386,Turkey,TR,TUR,Adana,Adana,TR-01,province,,10.9,,,4,Europe/Istanbul,FALSE,1792409460
Ahlatlıbeli,Ahlatlibeli,,39.8400,32.7676,Turkey,TR,TUR,Ankara,Ankara,TR-06,province,,4278.3,,,2,Europe/Istanbul,FALSE,1792671027
Kuşçu,Kuscu,Kush|Kuşcukişlaği,39.8333,43.8833,Turkey,TR,TUR,Iğdır,Igdir,TR-76,province,,102.3,,,4,Europe/Istanbul,FALSE,1792428102
Keçiağılı,Keciagili,,40.7955,31.0022,Turkey,TR,TUR,Düzce,Duzce,TR-81,province,,97.1,,,4,Europe/Istanbul,FALSE,1792706981
İskenderşeyh,Iskenderseyh,,40.2509,37.8115,Turkey,TR,TUR,Sivas,Sivas,TR-58,province,,5.9,,,5,Europe/Istanbul,FALSE,1792795232
Ortabağ,Ortabag,,38.6364,28.8672,Turkey,TR,TUR,Uşak,Usak,TR-64,province,,41.1,,,4,Europe/Istanbul,FALSE,1792321116
Tilkicik,Tilkicik,,39.5570,28.1986,Turkey,TR,TUR,Balıkesir,Balikesir,TR-10,province,,26.3,,,4,Europe/Istanbul,FALSE,1792054351
Aşağıçeşme,Asagicesme,,38.2289,29.0872,Turkey,TR,TUR,Denizli,Denizli,TR-20,province,,27.9,,,4,Europe/Istanbul,FALSE,1792887422
Yeşiloba,Yesiloba,,39.0266,28.5833,Turkey,TR,TUR,Manisa,Manisa,TR-45,province,,25.6,,,4,Europe/Istanbul,FALSE,1792873615
Yeşiloba,Yesiloba,Kızılkuyu,38.5500,31.8500,Turkey,TR,TUR,Konya,Konya,TR-42,province,,5.6,,,4,Europe/Istanbul,FALSE,1792093519
Yeşiloba,Yesiloba,Kötüoba,39.3924,34.1439,Turkey,TR,TUR,Kırşehir,Kirsehir,TR-40,province,,77.4,,,4,Europe/Istanbul,FALSE,1792262789
Aşağı Dumanlı,Asagi Dumanli,,39.5958,43.3356,Turkey,TR,TUR,Ağrı,Agri,TR-04,province,,33.1,,,4,Europe/Istanbul,FALSE,1792762758
Sıralı,Sirali,Cirali|Şıralı,36.6439,30.2808,Turkey,TR,TUR,Antalya,Antalya,TR-07,province,,58.0,,,4,Europe/Istanbul,FALSE,1792516913
Aşağı Cürüb,Asagi Curub,Gürüb Süfla,38.0333,44.2167,Turkey,TR,TUR,Van,Van,TR-65,province,,30.6,,,4,Europe/Istanbul,FALSE,1792001355
Fındıklı,Findikli,,40.1172,29.6078,Turkey,TR,TUR,Bursa,Bursa,TR-16,province,,250.1,,,3,Europe/Istanbul,FALSE,1792884633
Fındıklı,Findikli,,40.4902,29.2691,Turkey,TR,TUR,Bursa,Bursa,TR-16,province,,223.0,,,3,Europe/Istanbul,TRUE,1792359943
Çokça,Cokca,,37.9328,35.5958,Turkey,TR,TUR,Adana,Adana,TR-01,province,,11.2,,,4,Europe/Istanbul,FALSE,1792144612
Kartosman,Kartosman,Karıosman|Turko,40.5681,36.5353,Turkey,TR,TUR,Tokat,Tokat,TR-60,province,,76.9,,,4,Europe/Istanbul,FALSE,1792652497
Beyciler,Beyciler,,41.2335,28.1162,Turkey,TR,TUR,İstanbul,Istanbul,TR-34,province,,365.1,,,3,Europe/Istanbul,FALSE,1792118140
Alaçalı,Alacali,Kılcan|Kyldzhan,36.8316,37.7714,Turkey,TR,TUR,Gaziantep,Gaziantep,TR-27,province,,134.6,,,4,Europe/Istanbul,FALSE,1792204600
Küçükdere,Kucukdere,Küçükdereköy,37.8908,29.1588,Turkey,TR,TUR,Denizli,Denizli,TR-20,province,,962.6,,,3,Europe/Istanbul,FALSE,1792678490
Emirören,Emiroren,Emirviran,38.8340,36.0290,Turkey,TR,TUR,Kayseri,Kayseri,TR-38,province,,21.5,,,4,Europe/Istanbul,FALSE,1792174865
Kayalısu,Kayalisu,,40.7248,42.4141,Turkey,TR,TUR,Erzurum,Erzurum,TR-25,province,,11.4,,,4,Europe/Istanbul,FALSE,1792142103
Böürtlenharunu,Bourtlenharunu,Böürtlenharumu,37.5167,27.7333,Turkey,TR,TUR,Aydın,Aydin,TR-09,province,,43.6,,,4,Europe/Istanbul,FALSE,1792863733
Erikli,Erikli,,39.5211,29.0489,Turkey,TR,TUR,Kütahya,Kutahya,TR-43,province,,56.6,,,4,Europe/Istanbul,FALSE,1792137377
Kazılı,Kazili,Kazıklı,40.2442,35.6217,Turkey,TR,TUR,Tokat,Tokat,TR-60,province,,25.9,,,4,Europe/Istanbul,FALSE,1792260603
Korudağ,Korudag,,38.0861,39.2884,Turkey,TR,TUR,Diyarbakır,Diyarbakir,TR-21,province,,58.1,,,4,Europe/Istanbul,FALSE,1792503008
Erikli,Erikli,,37.3930,36.6039,Turkey,TR,TUR,Kahramanmaraş,Kahramanmaras,TR-46,province,,190.9,,,4,Europe/Istanbul,FALSE,1792711122
Kertmen,Kertmen,Kerimen|Kertmen,37.8769,36.9383,Turkey,TR,TUR,Kahramanmaraş,Kahramanmaras,TR-46,province,,206.8,,,3,Europe/Istanbul,FALSE,1792919695
Ömeroğlu,Omeroglu,,41.2783,32.0670,Turkey,TR,TUR,Zonguldak,Zonguldak,TR-67,province,,78.7,,,4,Europe/Istanbul,FALSE,1792691322
Hocaköy,Hocakoy,,41.4470,33.8124,Turkey,TR,TUR,Kastamonu,Kastamonu,TR-37,province,,84.9,,,4,Europe/Istanbul,TRUE,1792196981
Hocaköy,Hocakoy,Hoca Köyü|Hoca|Havace,41.9000,33.6500,Turkey,TR,TUR,Kastamonu,Kastamonu,TR-37,province,,60.4,,,4,Europe/Istanbul,TRUE,1792608679
Hocaköy,Hocakoy,Hoca,41.6167,33.4000,Turkey,TR,TUR,Kastamonu,Kastamonu,TR-37,province,,8.6,,,5,Europe/Istanbul,TRUE,1792314077
Hocaköy,Hocakoy,Hogaköy,41.7122,33.2658,Turkey,TR,TUR,Kastamonu,Kastamonu,TR-37,province,,8.6,,,5,Europe/Istanbul,TRUE,1792342136
Caferler,Caferler,,37.7200,27.7400,Turkey,TR,TUR,Aydın,Aydin,TR-09,province,,37.1,,,4,Europe/Istanbul,FALSE,1792271139
Şirinköy,Sirinkoy,Muharremler,41.4614,32.3011,Turkey,TR,TUR,Bartın,Bartin,TR-74,province,,115.7,,,3,Europe/Istanbul,FALSE,1792783555
Yiğitalan,Yigitalan,Dumluca,41.3808,35.6535,Turkey,TR,TUR,Samsun,Samsun,TR-55,province,,88.2,,,4,Europe/Istanbul,FALSE,1792002844
Tömekli,Tomekli,,36.7470,34.3430,Turkey,TR,TUR,Mersin,Mersin,TR-33,province,,52.3,,,4,Europe/Istanbul,FALSE,1792854208
Derinçay,Derincay,,38.0388,42.1044,Turkey,TR,TUR,Siirt,Siirt,TR-56,province,,29.0,,,4,Europe/Istanbul,FALSE,1792588011
Akarçay,Akarcay,Tibil|Akarchay,36.9192,38.0269,Turkey,TR,TUR,Şanlıurfa,Sanliurfa,TR-63,province,,144.4,,,4,Europe/Istanbul,FALSE,1792212414
Beyharmanı,Beyharmani,,38.1223,28.6048,Turkey,TR,TUR,Manisa,Manisa,TR-45,province,,114.4,,,4,Europe/Istanbul,FALSE,1792371195
Akviran,Akviran,,40.2064,38.3004,Turkey,TR,TUR,Giresun,Giresun,TR-28,province,,6.9,,,5,Europe/Istanbul,FALSE,1792104547
Kullar,Kullar,,40.7242,29.9894,Turkey,TR,TUR,Kocaeli,Kocaeli,TR-41,province,,398.4,,,3,Europe/Istanbul,FALSE,1792446597
Akviran,Akviran,,39.7500,31.7833,Turkey,TR,TUR,Eskişehir,Eskisehir,TR-26,province,,3.9,,,5,Europe/Istanbul,FALSE,1792406066
Büyük Çavdarlı,Buyuk Cavdarli,,38.6333,33.9667,Turkey,TR,TUR,Aksaray,Aksaray,TR-68,province,,11.5,,,4,Europe/Istanbul,FALSE,1792734209
Ekincik,Ekincik,Ekincik Mezraası,39.9667,38.5667,Turkey,TR,TUR,Erzincan,Erzincan,TR-24,province,,6.0,,,5,Europe/Istanbul,FALSE,1792982288
Derinçay,Derincay,Kotanı|Kotan,40.7026,37.8518,Turkey,TR,TUR,Ordu,Ordu,TR-52,province,,5.0,,,5,Europe/Istanbul,FALSE,1792928589
Kocaköy,Kocakoy,Şalvan,38.1344,29.4703,Turkey,TR,TUR,Denizli,Denizli,TR-20,province,,27.9,,,4,Europe/Istanbul,FALSE,1792214243
Kocaköy,Kocakoy,Azrailan,38.0708,40.3200,Turkey,TR,TUR,Diyarbakır,Diyarbakir,TR-21,province,,129.6,,,4,Europe/Istanbul,TRUE,1792220127
Bükülmez,Bukulmez,,37.9330,43.6225,Turkey,TR,TUR,Van,Van,TR-65,province,,11.0,,,4,Europe/Istanbul,FALSE,1792829879
Kızılcapınar,Kizilcapinar,,40.9167,32.6667,Turkey,TR,TUR,Karabük,Karabuk,TR-78,province,,5.9,,,5,Europe/Istanbul,FALSE,1792887687
Küplü,Kuplu,Kartak,41.0068,32.5266,Turkey,TR,TUR,Karabük,Karabuk,TR-78,province,,16.8,,,4,Europe/Istanbul,FALSE,1792698973
Şahintepe,Sahintepe,,37.7219,38.6167,Turkey,TR,TUR,Adıyaman,Adiyaman,TR-02,province,,101.8,,,4,Europe/Istanbul,FALSE,1792850461
İdrisyayla,Idrisyayla,İdrisyayla Köyü,39.4000,30.4111,Turkey,TR,TUR,Eskişehir,Eskisehir,TR-26,province,,6.9,,,5,Europe/Istanbul,FALSE,1792417883
Taşbaşı,Tasbasi,Kelitan,37.4079,43.4571,Turkey,TR,TUR,Hakkâri,Hakkari,TR-30,province,,21.8,,,4,Europe/Istanbul,FALSE,1792461677
Edilli,Edilli,Avdiley,40.7169,36.9061,Turkey,TR,TUR,Tokat,Tokat,TR-60,province,,50.1,,,4,Europe/Istanbul,FALSE,1792421561
Taşbaşı,Tasbasi,,40.9383,43.2917,Turkey,TR,TUR,Kars,Kars,TR-36,province,,15.9,,,4,Europe/Istanbul,FALSE,1792982083
Gözerek,Gozerek,,38.1415,39.5475,Turkey,TR,TUR,Diyarbakır,Diyarbakir,TR-21,province,,58.1,,,4,Europe/Istanbul,FALSE,1792618530
Kındırali,Kindirali,,37.7606,38.1328,Turkey,TR,TUR,Adıyaman,Adiyaman,TR-02,province,,190.5,,,4,Europe/Istanbul,FALSE,1792873736
Gözerek,Gozerek,,38.8634,40.0609,Turkey,TR,TUR,Elazığ,Elazig,TR-23,province,,14.9,,,4,Europe/Istanbul,FALSE,1792001186
Tatlıpınar,Tatlipinar,,42.0558,27.1036,Turkey,TR,TUR,Kırklareli,Kirklareli,TR-39,province,,4.2,,,4,Europe/Istanbul,FALSE,1792380392
Duraklı,Durakli,Halilan|Khalilyan,37.5461,40.5154,Turkey,TR,TUR,Mardin,Mardin,TR-47,province,,40.6,,,4,Europe/Istanbul,FALSE,1792435233
Aşağı Karabahçe,Asagi Karabahce,,37.8050,39.7360,Turkey,TR,TUR,Şanlıurfa,Sanliurfa,TR-63,province,,47.6,,,4,Europe/Istanbul,FALSE,1792520181
Bedirler,Bedirler,,41.1133,32.5901,Turkey,TR,TUR,Karabük,Karabuk,TR-78,province,,160.7,,,4,Europe/Istanbul,FALSE,1792067676
Yassıbahçe,Yassibahce,,41.0053,37.6480,Turkey,TR,TUR,Ordu,Ordu,TR-52,province,,276.2,,,3,Europe/Istanbul,FALSE,1792417114
Demirciler,Demirciler,,40.7877,34.3345,Turkey,TR,TUR,Çorum,Corum,TR-19,province,,31.1,,,4,Europe/Istanbul,FALSE,1792050980
Demirciler,Demirciler,,40.7076,34.0891,Turkey,TR,TUR,Çorum,Corum,TR-19,province,,17.4,,,4,Europe/Istanbul,TRUE,1792319263
Demirciler,Demirciler,,40.9258,33.0859,Turkey,TR,TUR,Çankırı,Cankiri,TR-18,province,,5.9,,,5,Europe/Istanbul,FALSE,1792308176
Özveren,Ozveren,Özalan,40.6436,37.1458,Turkey,TR,TUR,Tokat,Tokat,TR-60,province,,50.1,,,4,Europe/Istanbul,FALSE,1792615844
Gökçepayam,Gokcepayam,Gökçepayan|Gökçepınar,37.4850,37.7674,Turkey,TR,TUR,Gaziantep,Gaziantep,TR-27,province,,53.6,,,4,Europe/Istanbul,FALSE,1792171737
Tuzabat,Tuzabat,Tuzova,37.2953,27.8774,Turkey,TR,TUR,Muğla,Mugla,TR-48,province,,66.9,,,4,Europe/Istanbul,FALSE,1792452886
Demirciler,Demirciler,,39.4913,28.8899,Turkey,TR,TUR,Balıkesir,Balikesir,TR-10,province,,20.3,,,4,Europe/Istanbul,TRUE,1792009005
Demirciler,Demirciler,,40.6965,31.6775,Turkey,TR,TUR,Bolu,Bolu,TR-14,province,,132.8,,,3,Europe/Istanbul,FALSE,1792419262
Demirciler,Demirciler,,40.9568,32.0943,Turkey,TR,TUR,Bolu,Bolu,TR-14,province,,16.1,,,3,Europe/Istanbul,TRUE,1792547527
Demirciler,Demirciler,,40.7733,31.5852,Turkey,TR,TUR,Bolu,Bolu,TR-14,province,,132.8,,,4,Europe/Istanbul,TRUE,1792320021
Demirciler,Demirciler,,40.7308,32.3358,Turkey,TR,TUR,Bolu,Bolu,TR-14,province,,17.2,,,4,Europe/Istanbul,TRUE,1792262226
Demirciler,Demirciler,,40.8096,32.4906,Turkey,TR,TUR,Bolu,Bolu,TR-14,province,,17.2,,,4,Europe/Istanbul,TRUE,1792080193
Demirciler,Demirciler,,40.9245,31.9568,Turkey,TR,TUR,Bolu,Bolu,TR-14,province,,16.1,,,4,Europe/Istanbul,TRUE,1792850367
Demirciler,Demirciler,,40.8548,31.9160,Turkey,TR,TUR,Bolu,Bolu,TR-14,province,,16.1,,,4,Europe/Istanbul,TRUE,1792774361
Demirciler,Demirciler,,40.4628,31.5364,Turkey,TR,TUR,Bolu,Bolu,TR-14,province,,6.7,,,5,Europe/Istanbul,TRUE,1792688848
Kanlıçay,Kanlicay,,40.6366,30.4839,Turkey,TR,TUR,Sakarya,Sakarya,TR-54,province,,60.4,,,4,Europe/Istanbul,FALSE,1792523105
Akkaş Yaylası,Akkas Yaylasi,Akkayış Yaylası,37.5579,33.5813,Turkey,TR,TUR,Karaman,Karaman,TR-70,province,,2.9,,,5,Europe/Istanbul,FALSE,1792081442
Saat,Saat,Saatköy,41.2731,41.2350,Turkey,TR,TUR,Rize,Rize,TR-53,province,,46.0,,,3,Europe/Istanbul,FALSE,1792796166
Demirtepe,Demirtepe,Demitepe,37.5575,42.7081,Turkey,TR,TUR,Şırnak,Sirnak,TR-73,province,,32.9,,,4,Europe/Istanbul,FALSE,1792374518
Eşmeyazı,Esmeyazi,Görhane|Korhana|Korhane,40.5703,43.4472,Turkey,TR,TUR,Kars,Kars,TR-36,province,,26.4,,,4,Europe/Istanbul,FALSE,1792701932
Melikgazi,Melikgazi,,38.7246,36.2171,Turkey,TR,TUR,Kayseri,Kayseri,TR-38,province,,7.2,,,5,Europe/Istanbul,TRUE,1792340318
Bahçebaşı,Bahcebasi,Bavarni|Baverni,37.1137,41.2342,Turkey,TR,TUR,Mardin,Mardin,TR-47,province,,122.5,,,4,Europe/Istanbul,FALSE,1792461899
Çilli,Cilli,Bezirhane,39.7381,44.0225,Turkey,TR,TUR,Iğdır,Igdir,TR-76,province,,102.3,,,4,Europe/Istanbul,FALSE,1792518995
Hisarkuşak,Hisarkusak,Kazankuşak,36.4367,33.4628,Turkey,TR,TUR,Mersin,Mersin,TR-33,province,,16.2,,,4,Europe/Istanbul,FALSE,1792391038
Gölyaka,Golyaka,Hoyran,37.7183,31.4439,Turkey,TR,TUR,Konya,Konya,TR-42,province,,26.0,,,4,Europe/Istanbul,FALSE,1792136898
Gölyaka,Golyaka,,38.4656,31.8547,Turkey,TR,TUR,Konya,Konya,TR-42,province,,8.1,,,5,Europe/Istanbul,TRUE,1792260814
Çayırbeyli,Cayirbeyli,Çayırbeli,39.8238,42.2258,Turkey,TR,TUR,Erzurum,Erzurum,TR-25,province,,11.9,,,4,Europe/Istanbul,FALSE,1792629977
Karakale,Karakale,Karakale Köyü,39.5000,37.9667,Turkey,TR,TUR,Sivas,Sivas,TR-58,province,,4.1,,,5,Europe/Istanbul,FALSE,1792751291
Kuyupınar,Kuyupinar,Kuyupınar Köyü,40.8575,33.6017,Turkey,TR,TUR,Çankırı,Cankiri,TR-18,province,,10.3,,,3,Europe/Istanbul,FALSE,1792524874
İrmene,Irmene,,37.0724,27.5749,Turkey,TR,TUR,Muğla,Mugla,TR-48,province,,253.3,,,3,Europe/Istanbul,FALSE,1792711329
Yalavaç,Yalavac,Beldan,41.5742,32.6951,Turkey,TR,TUR,Bartın,Bartin,TR-74,province,,23.0,,,4,Europe/Istanbul,FALSE,1792748965
Tepecik,Tepecik,Tepecikköy,39.6686,34.2747,Turkey,TR,TUR,Kırşehir,Kirsehir,TR-40,province,,15.5,,,4,Europe/Istanbul,FALSE,1792296206
Göğerli,Gogerli,,37.1667,39.5167,Turkey,TR,TUR,Şanlıurfa,Sanliurfa,TR-63,province,,63.6,,,4,Europe/Istanbul,FALSE,1792260894
Koçaşlı,Kocasli,,36.1836,33.5312,Turkey,TR,TUR,Mersin,Mersin,TR-33,province,,16.2,,,4,Europe/Istanbul,FALSE,1792009565
Yalacık,Yalacik,,40.6869,32.1004,Turkey,TR,TUR,Bolu,Bolu,TR-14,province,,17.2,,,4,Europe/Istanbul,FALSE,1792698754
Çavuşoğlukomu,Cavusoglukomu,,39.8167,40.9500,Turkey,TR,TUR,Erzurum,Erzurum,TR-25,province,,21.7,,,4,Europe/Istanbul,FALSE,1792466068
Yukarıkaya,Yukarikaya,,38.0833,40.6500,Turkey,TR,TUR,Diyarbakır,Diyarbakir,TR-21,province,,56.2,,,4,Europe/Istanbul,FALSE,1792489178
Hızırşah,Hizirsah,,36.7395,27.6497,Turkey,TR,TUR,Muğla,Mugla,TR-48,province,,44.7,,,4,Europe/Istanbul,FALSE,1792412101
Dadalı,Dadali,,41.0544,31.2017,Turkey,TR,TUR,Düzce,Duzce,TR-81,province,,81.5,,,4,Europe/Istanbul,FALSE,1792691589
Domalha,Domalha,,36.2758,36.2636,Turkey,TR,TUR,Hatay,Hatay,TR-31,province,,434.8,,,3,Europe/Istanbul,FALSE,1792797019
Aşağıiğdeağacı,Asagiigdeagaci,Aşagı Iğdeci,39.7303,31.2736,Turkey,TR,TUR,Eskişehir,Eskisehir,TR-26,province,,8.4,,,5,Europe/Istanbul,FALSE,1792804434
Peynirci,Peynirci,,37.8720,39.5058,Turkey,TR,TUR,Şanlıurfa,Sanliurfa,TR-63,province,,47.6,,,4,Europe/Istanbul,FALSE,1792039196
Ahlatlıçeşme,Ahlatlicesme,,39.1456,29.0403,Turkey,TR,TUR,Kütahya,Kutahya,TR-43,province,,37.3,,,4,Europe/Istanbul,FALSE,1792206077
Ortaköy,Ortakoy,,40.5843,31.0544,Turkey,TR,TUR,Bolu,Bolu,TR-14,province,,13.2,,,3,Europe/Istanbul,FALSE,1792648958
Ortaköy,Ortakoy,,40.6678,31.9906,Turkey,TR,TUR,Bolu,Bolu,TR-14,province,,13.2,,,4,Europe/Istanbul,TRUE,1792854888
Ortaköy,Ortakoy,Eksemil|Ekzamil,40.5828,26.8812,Turkey,TR,TUR,Çanakkale,Canakkale,TR-17,province,,44.9,,,4,Europe/Istanbul,FALSE,1792272763
Ortaköy,Ortakoy,Orta,40.0244,29.5697,Turkey,TR,TUR,Bursa,Bursa,TR-16,province,,250.1,,,3,Europe/Istanbul,FALSE,1792160322
Ortaköy,Ortakoy,,40.5516,29.3373,Turkey,TR,TUR,Bursa,Bursa,TR-16,province,,223.0,,,3,Europe/Istanbul,TRUE,1792253065
Ortaköy,Ortakoy,Orta,40.0490,28.8522,Turkey,TR,TUR,Bursa,Bursa,TR-16,province,,22.8,,,4,Europe/Istanbul,TRUE,1792404707
Ortaköy,Ortakoy,,40.3513,34.4026,Turkey,TR,TUR,Çorum,Corum,TR-19,province,,5.7,,,5,Europe/Istanbul,TRUE,1792924916
Eğerci,Egerci,Egerdzhi,35.9466,36.0361,Turkey,TR,TUR,Hatay,Hatay,TR-31,province,,60.5,,,4,Europe/Istanbul,FALSE,1792774358
Taraklı,Tarakli,Divikca|Divikdzha,37.6347,41.7862,Turkey,TR,TUR,Mardin,Mardin,TR-47,province,,43.3,,,4,Europe/Istanbul,FALSE,1792353046
Çetinkaya,Cetinkaya,,36.9531,40.2468,Turkey,TR,TUR,Mardin,Mardin,TR-47,province,,151.2,,,4,Europe/Istanbul,FALSE,1792966088
Karbeyaz,Karbeyaz,,36.8635,36.9603,Turkey,TR,TUR,Kilis,Kilis,TR-79,province,,33.9,,,4,Europe/Istanbul,FALSE,1792100171
Ahimehmet,Ahimehmet,Ahırköy,41.3192,27.6775,Turkey,TR,TUR,Tekirdağ,Tekirdag,TR-59,province,,365.1,,,3,Europe/Istanbul,FALSE,1792012053
Gökçeağaç,Gokceagac,Kayabaşı|Nefsigökçeağaç Köyü|Nefsigökçeağaç Köy|Nefsigökçeağaç,41.6376,34.5016,Turkey,TR,TUR,Kastamonu,Kastamonu,TR-37,province,,7.9,,,4,Europe/Istanbul,FALSE,1792816391
Başoğlu,Basoglu,,41.1481,30.3960,Turkey,TR,TUR,Kocaeli,Kocaeli,TR-41,province,,67.6,,,4,Europe/Istanbul,FALSE,1792639177
Petekli,Petekli,,40.4188,40.9150,Turkey,TR,TUR,Erzurum,Erzurum,TR-25,province,,4.6,,,5,Europe/Istanbul,FALSE,1792079109
Karabulu,Karabulu,,38.1381,28.4226,Turkey,TR,TUR,İzmir,Izmir,TR-35,province,,55.5,,,4,Europe/Istanbul,FALSE,1792589731
Tüller,Tuller,,37.4775,28.1296,Turkey,TR,TUR,Aydın,Aydin,TR-09,province,,54.9,,,4,Europe/Istanbul,FALSE,1792969176
Yassıbulak,Yassibulak,Soğukbulak,39.8367,43.6997,Turkey,TR,TUR,Iğdır,Igdir,TR-76,province,,16.4,,,4,Europe/Istanbul,FALSE,1792660722
Mirzeoba,Mirzeoba,,40.3345,28.7877,Turkey,TR,TUR,Bursa,Bursa,TR-16,province,,286.0,,,3,Europe/Istanbul,FALSE,1792107317
Kuzeytepe,Kuzeytepe,Güzeltepe,36.2650,36.1535,Turkey,TR,TUR,Hatay,Hatay,TR-31,province,,657.6,,,3,Europe/Istanbul,FALSE,1792105372
Aşağııhtı,Asagiihti,,36.6000,33.7167,Turkey,TR,TUR,Mersin,Mersin,TR-33,province,,19.9,,,4,Europe/Istanbul,FALSE,1792336202
Cevizlik,Cevizlik,Cevizli,41.0239,41.7094,Turkey,TR,TUR,Artvin,Artvin,TR-08,province,,9.9,,,3,Europe/Istanbul,FALSE,1792002649
Cevizlik,Cevizlik,Anagert,41.1957,42.1313,Turkey,TR,TUR,Artvin,Artvin,TR-08,province,,9.7,,,5,Europe/Istanbul,TRUE,1792000983
Mersinli,Mersinli,,38.5239,28.3714,Turkey,TR,TUR,Manisa,Manisa,TR-45,province,,132.9,,,4,Europe/Istanbul,FALSE,1792757936
Burmahan,Burmahan,,37.1838,31.2735,Turkey,TR,TUR,Antalya,Antalya,TR-07,province,,76.7,,,4,Europe/Istanbul,FALSE,1792609808
Kirazgağı,Kirazgagi,Kırazdağı,40.9832,40.4097,Turkey,TR,TUR,Rize,Rize,TR-53,province,,193.8,,,4,Europe/Istanbul,FALSE,1792609678
Uzunharman,Uzunharman,Ovacık,40.8681,42.1858,Turkey,TR,TUR,Erzurum,Erzurum,TR-25,province,,8.0,,,5,Europe/Istanbul,FALSE,1792337319
Kızılmağara,Kizilmagara,,38.7063,37.7725,Turkey,TR,TUR,Malatya,Malatya,TR-44,province,,14.8,,,4,Europe/Istanbul,FALSE,1792391161
Keçili,Kecili,Geçili,40.7936,43.0039,Turkey,TR,TUR,Kars,Kars,TR-36,province,,13.6,,,4,Europe/Istanbul,FALSE,1792741174
Yukarı Müslümler,Yukari Muslumler,,37.6312,29.9478,Turkey,TR,TUR,Burdur,Burdur,TR-15,province,,13.3,,,4,Europe/Istanbul,FALSE,1792574848
Keçili,Kecili,Keçeli,37.6431,44.2795,Turkey,TR,TUR,Hakkâri,Hakkari,TR-30,province,,30.6,,,4,Europe/Istanbul,FALSE,1792417428
Aşağı Kargalık,Asagi Kargalik,Kargalık|Aşağıkargalık,39.4419,42.6242,Turkey,TR,TUR,Ağrı,Agri,TR-04,province,,22.8,,,4,Europe/Istanbul,FALSE,1792868127
Keçili,Kecili,Karaçakalkeçili,38.1292,31.1533,Turkey,TR,TUR,Isparta,Isparta,TR-32,province,,20.3,,,4,Europe/Istanbul,FALSE,1792591967
Dodais,Dodais,Dodays,37.8242,41.8592,Turkey,TR,TUR,Siirt,Siirt,TR-56,province,,79.1,,,4,Europe/Istanbul,FALSE,1792580471
Kapaklı,Kapakli,,40.4572,37.3314,Turkey,TR,TUR,Tokat,Tokat,TR-60,province,,11.7,,,4,Europe/Istanbul,FALSE,1792900803
Akmazdam,Akmazdam,,40.9052,43.2271,Turkey,TR,TUR,Kars,Kars,TR-36,province,,15.9,,,4,Europe/Istanbul,FALSE,1792053533
Burhanlı,Burhanli,,37.1558,36.0671,Turkey,TR,TUR,Adana,Adana,TR-01,province,,43.6,,,4,Europe/Istanbul,FALSE,1792246265
Kapaklı,Kapakli,Kapakly|Karaören,37.2170,39.2257,Turkey,TR,TUR,Şanlıurfa,Sanliurfa,TR-63,province,,264.9,,,3,Europe/Istanbul,FALSE,1792538847
Taştepe,Tastepe,,40.7871,39.9963,Turkey,TR,TUR,Trabzon,Trabzon,TR-61,province,,102.1,,,4,Europe/Istanbul,FALSE,1792644252
Kapaklı,Kapakli,,39.9763,35.3415,Turkey,TR,TUR,Yozgat,Yozgat,TR-66,province,,37.6,,,4,Europe/Istanbul,FALSE,1792077678
Akgüney,Akguney,Seleköy|Gökçeoluk|Sele,40.6889,37.1664,Turkey,TR,TUR,Tokat,Tokat,TR-60,province,,50.1,,,4,Europe/Istanbul,FALSE,1792985578
Verimli,Verimli,,37.7333,39.4500,Turkey,TR,TUR,Şanlıurfa,Sanliurfa,TR-63,province,,47.6,,,4,Europe/Istanbul,FALSE,1792899105
Ahmetpaşa,Ahmetpasa,Ahmedpaşa,40.9043,26.8235,Turkey,TR,TUR,Tekirdağ,Tekirdag,TR-59,province,,40.4,,,4,Europe/Istanbul,FALSE,1792981726
Dağ Yeniköy,Dag Yenikoy,Yeniköy,38.3986,27.7906,Turkey,TR,TUR,Manisa,Manisa,TR-45,province,,126.5,,,4,Europe/Istanbul,FALSE,1792640509
Küçük Tepeköy,Kucuk Tepekoy,Küçüktepeköy,40.9235,39.4585,Turkey,TR,TUR,Trabzon,Trabzon,TR-61,province,,257.2,,,3,Europe/Istanbul,FALSE,1792259201
Kavunluk,Kavunluk,,36.9275,37.5653,Turkey,TR,TUR,Gaziantep,Gaziantep,TR-27,province,,40.3,,,4,Europe/Istanbul,FALSE,1792918364
Boğazkaya,Bogazkaya,,39.1053,32.4356,Turkey,TR,TUR,Ankara,Ankara,TR-06,province,,7.3,,,5,Europe/Istanbul,FALSE,1792673645
Hüseyin,Huseyin,Kozağaç|Kozağaç Köyü,39.6338,37.5829,Turkey,TR,TUR,Sivas,Sivas,TR-58,province,,1.8,,,5,Europe/Istanbul,FALSE,1792878285
Toprakhisar,Toprakhisar,,38.2980,37.5568,Turkey,TR,TUR,Kahramanmaraş,Kahramanmaras,TR-46,province,,56.3,,,4,Europe/Istanbul,FALSE,1792645238
Aşağı Kızilca,Asagi Kizilca,Çuna,36.9851,32.8104,Turkey,TR,TUR,Konya,Konya,TR-42,province,,3.9,,,5,Europe/Istanbul,FALSE,1792097507
Gedizliler,Gedizliler,,38.5481,28.2329,Turkey,TR,TUR,Manisa,Manisa,TR-45,province,,132.9,,,4,Europe/Istanbul,FALSE,1792633339
Kışlaköy,Kislakoy,,40.3235,42.0223,Turkey,TR,TUR,Erzurum,Erzurum,TR-25,province,minor,10.8,,,3,Europe/Istanbul,FALSE,1792491713
Kutluca,Kutluca,,40.9125,29.7483,Turkey,TR,TUR,Kocaeli,Kocaeli,TR-41,province,,415.0,,,3,Europe/Istanbul,FALSE,1792464562
Kutluca,Kutluca,,37.0991,40.1727,Turkey,TR,TUR,Mardin,Mardin,TR-47,province,,151.2,,,4,Europe/Istanbul,FALSE,1792973508
Ahşis,Ahsis,Haşış,39.0167,40.1000,Turkey,TR,TUR,Elazığ,Elazig,TR-23,province,,14.9,,,4,Europe/Istanbul,FALSE,1792526746
Baykal,Baykal,Kurtoğlu,38.0966,39.5112,Turkey,TR,TUR,Diyarbakır,Diyarbakir,TR-21,province,,58.1,,,4,Europe/Istanbul,FALSE,1792760574
Havutlu,Havutlu,,37.8292,30.9786,Turkey,TR,TUR,Isparta,Isparta,TR-32,province,,25.6,,,4,Europe/Istanbul,FALSE,1792709429
Süleyman Hacı,Suleyman Haci,Süleymanhacı,37.4690,33.0664,Turkey,TR,TUR,Karaman,Karaman,TR-70,province,,18.0,,,4,Europe/Istanbul,FALSE,1792664628
Gökçekışla,Gokcekisla,Gökçekışla Köyü,39.6711,34.8872,Turkey,TR,TUR,Yozgat,Yozgat,TR-66,province,,40.3,,,4,Europe/Istanbul,FALSE,1792582467
Bağışlar,Bagislar,,40.8444,31.7542,Turkey,TR,TUR,Bolu,Bolu,TR-14,province,,132.8,,,4,Europe/Istanbul,FALSE,1792160327
Haymeseki,Haymeseki,Haymanseki|Haymoseki|Haymaseki,36.3507,35.8772,Turkey,TR,TUR,Hatay,Hatay,TR-31,province,,669.9,,,3,Europe/Istanbul,FALSE,1792187741
Gökçeyayla,Gokceyayla,Orhaniye|Kilise,39.0922,30.7591,Turkey,TR,TUR,Eskişehir,Eskisehir,TR-26,province,,50.2,,,4,Europe/Istanbul,FALSE,1792709837
Yukarıkoçkıran,Yukarikockiran,,38.9000,44.1833,Turkey,TR,TUR,Van,Van,TR-65,province,,59.0,,,4,Europe/Istanbul,FALSE,1792884843
Reşadiye,Resadiye,,40.2078,35.6828,Turkey,TR,TUR,Tokat,Tokat,TR-60,province,,25.9,,,4,Europe/Istanbul,TRUE,1792676568
Reşadiye,Resadiye,,38.6861,29.8517,Turkey,TR,TUR,Uşak,Usak,TR-64,province,,34.6,,,4,Europe/Istanbul,FALSE,1792672825
Topkraklı,Topkrakli,Kharapresh|Kantara,37.2324,39.2064,Turkey,TR,TUR,Şanlıurfa,Sanliurfa,TR-63,province,,264.9,,,3,Europe/Istanbul,FALSE,1792218665
Cözler,Cozler,,41.2962,32.3744,Turkey,TR,TUR,Karabük,Karabuk,TR-78,province,,115.7,,,4,Europe/Istanbul,FALSE,1792559838
Reşadiye,Resadiye,Reşariye,38.8031,34.2240,Turkey,TR,TUR,Aksaray,Aksaray,TR-68,province,,7.4,,,3,Europe/Istanbul,FALSE,1792913811
Çiçeklidağ,Ciceklidag,Fayatlı,41.3018,42.7275,Turkey,TR,TUR,Ardahan,Ardahan,TR-75,province,,12.5,,,4,Europe/Istanbul,FALSE,1792566318
Dolundaş,Dolundas,,40.1751,38.7523,Turkey,TR,TUR,Giresun,Giresun,TR-28,province,,6.7,,,5,Europe/Istanbul,FALSE,1792790611
İnceköy,Incekoy,İnce,37.5484,37.8273,Turkey,TR,TUR,Adıyaman,Adiyaman,TR-02,province,,68.4,,,4,Europe/Istanbul,FALSE,1792564327
Göktepe,Goktepe,,38.0933,39.3488,Turkey,TR,TUR,Diyarbakır,Diyarbakir,TR-21,province,,58.1,,,4,Europe/Istanbul,FALSE,1792687830
Göktepe,Goktepe,,37.6950,40.3840,Turkey,TR,TUR,Diyarbakır,Diyarbakir,TR-21,province,,49.5,,,4,Europe/Istanbul,TRUE,1792180987
Göktepe,Goktepe,,38.3240,39.3298,Turkey,TR,TUR,Diyarbakır,Diyarbakir,TR-21,province,,21.3,,,4,Europe/Istanbul,TRUE,1792504014
İlyascılar,Ilyascilar,,38.8034,27.2696,Turkey,TR,TUR,Manisa,Manisa,TR-45,province,,405.5,,,3,Europe/Istanbul,FALSE,1792137011
Göktepe,Goktepe,,39.7031,42.3224,Turkey,TR,TUR,Erzurum,Erzurum,TR-25,province,,11.9,,,4,Europe/Istanbul,FALSE,1792704981
Göktepe,Goktepe,Göktepe Köy,39.1253,31.6244,Turkey,TR,TUR,Eskişehir,Eskisehir,TR-26,province,,6.2,,,5,Europe/Istanbul,FALSE,1792852675
Doruca,Doruca,Gültepeköy|Duruca|Gültepe,39.5500,42.2667,Turkey,TR,TUR,Erzurum,Erzurum,TR-25,province,,11.9,,,4,Europe/Istanbul,FALSE,1792960575
Altındere,Altindere,,40.7174,39.6458,Turkey,TR,TUR,Trabzon,Trabzon,TR-61,province,,13.5,,,4,Europe/Istanbul,FALSE,1792645828
Müsellim,Musellim,,39.5286,33.5394,Turkey,TR,TUR,Kırıkkale,Kirikkale,TR-71,province,,6.8,,,4,Europe/Istanbul,FALSE,1792372697
Kavlaklar,Kavlaklar,,38.5923,36.1201,Turkey,TR,TUR,Kayseri,Kayseri,TR-38,province,,9.4,,,5,Europe/Istanbul,FALSE,1792699944
Terke,Terke,,41.1496,33.0403,Turkey,TR,TUR,Kastamonu,Kastamonu,TR-37,province,,8.7,,,5,Europe/Istanbul,FALSE,1792102680
Dağmahalle,Dagmahalle,,41.0243,40.7331,Turkey,TR,TUR,Rize,Rize,TR-53,province,,73.8,,,4,Europe/Istanbul,FALSE,1792248745
Zıpkın,Zipkin,,41.6973,34.7924,Turkey,TR,TUR,Sinop,Sinop,TR-57,province,,25.6,,,4,Europe/Istanbul,FALSE,1792220183
Hasanlar,Hasanlar,,39.7848,27.3971,Turkey,TR,TUR,Çanakkale,Canakkale,TR-17,province,,10.8,,,4,Europe/Istanbul,FALSE,1792100730
Hasanlar,Hasanlar,,41.0179,33.1309,Turkey,TR,TUR,Çankırı,Cankiri,TR-18,province,,3.2,,,5,Europe/Istanbul,FALSE,1792595496
Encekler,Encekler,,38.7128,28.6200,Turkey,TR,TUR,Manisa,Manisa,TR-45,province,,25.6,,,4,Europe/Istanbul,FALSE,1792334640
Bamitni,Bamitni,,38.3500,40.8000,Turkey,TR,TUR,Diyarbakır,Diyarbakir,TR-21,province,,28.6,,,4,Europe/Istanbul,FALSE,1792399409
Bahcaarmut,Bahcaarmut,,40.7097,31.8238,Turkey,TR,TUR,Bolu,Bolu,TR-14,province,,132.8,,,4,Europe/Istanbul,FALSE,1792109481
Yalnıztepe,Yalniztepe,Cörgü,40.2690,37.9466,Turkey,TR,TUR,Sivas,Sivas,TR-58,province,,5.9,,,5,Europe/Istanbul,FALSE,1792928675
Birci,Birci,,37.7233,27.6842,Turkey,TR,TUR,Aydın,Aydin,TR-09,province,,37.1,,,4,Europe/Istanbul,FALSE,1792853054
Kıralan,Kiralan,Hacıkırı|Kırdan,37.2543,34.9804,Turkey,TR,TUR,Adana,Adana,TR-01,province,,10.9,,,4,Europe/Istanbul,FALSE,1792609404
Bayramşah,Bayramsah,,40.9206,38.6114,Turkey,TR,TUR,Giresun,Giresun,TR-28,province,,77.9,,,4,Europe/Istanbul,FALSE,1792869191
Akçaşehir,Akcasehir,Ağcaşehir,39.1667,37.6833,Turkey,TR,TUR,Sivas,Sivas,TR-58,province,,4.5,,,5,Europe/Istanbul,FALSE,1792851823
Büyük Yazı,Buyuk Yazi,,37.9500,37.9833,Turkey,TR,TUR,Malatya,Malatya,TR-44,province,,20.7,,,4,Europe/Istanbul,FALSE,1792458197
Akarca,Akarca,,41.3328,26.9328,Turkey,TR,TUR,Tekirdağ,Tekirdag,TR-59,province,,25.5,,,4,Europe/Istanbul,FALSE,1792847906
Sapanlı,Sapanli,Hurdük|Hurdik,40.0681,38.2583,Turkey,TR,TUR,Sivas,Sivas,TR-58,province,,8.6,,,4,Europe/Istanbul,FALSE,1792069273
Kulaca,Kulaca,,40.0781,29.5722,Turkey,TR,TUR,Bursa,Bursa,TR-16,province,,250.1,,,3,Europe/Istanbul,FALSE,1792934073
Akarca,Akarca,,38.9531,34.9514,Turkey,TR,TUR,Nevşehir,Nevsehir,TR-50,province,,33.7,,,4,Europe/Istanbul,FALSE,1792638757
Küplü Mahallesi,Kuplu Mahallesi,,38.0422,28.4355,Turkey,TR,TUR,Aydın,Aydin,TR-09,province,,256.9,,,3,Europe/Istanbul,FALSE,1792643987
Bulak,Bulak,,40.5674,32.5980,Turkey,TR,TUR,Ankara,Ankara,TR-06,province,,10.3,,,4,Europe/Istanbul,FALSE,1792585102
Akarca,Akarca,,41.5203,36.1025,Turkey,TR,TUR,Samsun,Samsun,TR-55,province,,86.4,,,4,Europe/Istanbul,FALSE,1792391174
Salurkörtül Yaylası,Salurkortul Yaylasi,,37.7333,33.6500,Turkey,TR,TUR,Konya,Konya,TR-42,province,,18.4,,,4,Europe/Istanbul,FALSE,1792819055
Dedeler,Dedeler,,37.2412,36.7286,Turkey,TR,TUR,Gaziantep,Gaziantep,TR-27,province,,40.5,,,4,Europe/Istanbul,FALSE,1792460659
Çökek,Cokek,Çökekköyü,40.8737,36.7064,Turkey,TR,TUR,Ordu,Ordu,TR-52,province,,33.8,,,4,Europe/Istanbul,FALSE,1792633241
Çökek,Cokek,,38.6841,34.9450,Turkey,TR,TUR,Nevşehir,Nevsehir,TR-50,province,,62.2,,,4,Europe/Istanbul,FALSE,1792523741
Küçük Tarsus,Kucuk Tarsus,,37.2995,35.6654,Turkey,TR,TUR,Adana,Adana,TR-01,province,,71.8,,,4,Europe/Istanbul,FALSE,1792252426
Kaldırım,Kaldirim,Kaldırımköy,39.0969,31.5750,Turkey,TR,TUR,Eskişehir,Eskisehir,TR-26,province,,17.2,,,4,Europe/Istanbul,FALSE,1792000935
Körkuyu Köy,Korkuyu Koy,Sekir|Körkuyu Köyü,36.9983,38.1872,Turkey,TR,TUR,Şanlıurfa,Sanliurfa,TR-63,province,,188.0,,,4,Europe/Istanbul,FALSE,1792168039
Karacalık,Karacalik,Karacala,39.4912,30.5345,Turkey,TR,TUR,Eskişehir,Eskisehir,TR-26,province,,6.9,,,5,Europe/Istanbul,FALSE,1792584418
Halaçlı,Halacli,,40.9577,38.8411,Turkey,TR,TUR,Trabzon,Trabzon,TR-61,province,,75.9,,,4,Europe/Istanbul,FALSE,1792331344
Yoğunoluk,Yogunoluk,,39.6602,28.3430,Turkey,TR,TUR,Balıkesir,Balikesir,TR-10,province,,26.3,,,4,Europe/Istanbul,FALSE,1792033884
Davulköy,Davulkoy,Davul,40.7337,42.9214,Turkey,TR,TUR,Kars,Kars,TR-36,province,,13.6,,,4,Europe/Istanbul,FALSE,1792970861
Bahçekuyu,Bahcekuyu,,39.9119,31.2544,Turkey,TR,TUR,Eskişehir,Eskisehir,TR-26,province,,3.9,,,5,Europe/Istanbul,FALSE,1792809160
Gölcük,Golcuk,Gölcük Köyü,40.2334,37.8512,Turkey,TR,TUR,Sivas,Sivas,TR-58,province,,5.9,,,5,Europe/Istanbul,FALSE,1792828461
Gölcük,Golcuk,,39.7290,37.4251,Turkey,TR,TUR,Sivas,Sivas,TR-58,province,,1.8,,,5,Europe/Istanbul,TRUE,1792976557
Gölcük,Golcuk,,40.6822,27.0947,Turkey,TR,TUR,Tekirdağ,Tekirdag,TR-59,province,,56.2,,,4,Europe/Istanbul,FALSE,1792432343
Karaoğlu,Karaoglu,Çakır,41.8985,34.8547,Turkey,TR,TUR,Sinop,Sinop,TR-57,province,,27.8,,,4,Europe/Istanbul,FALSE,1792389612
Hüyüklüalanı,Huyuklualani,,39.6075,36.1225,Turkey,TR,TUR,Yozgat,Yozgat,TR-66,province,,21.4,,,4,Europe/Istanbul,FALSE,1792003092
Çaylı,Cayli,,39.7642,37.9937,Turkey,TR,TUR,Sivas,Sivas,TR-58,province,,6.3,,,5,Europe/Istanbul,FALSE,1792901492
Çaylı,Cayli,Evkerek,40.3151,37.7292,Turkey,TR,TUR,Sivas,Sivas,TR-58,province,,5.9,,,5,Europe/Istanbul,TRUE,1792625611
Kızılkaya,Kizilkaya,,38.6976,34.4200,Turkey,TR,TUR,Nevşehir,Nevsehir,TR-50,province,,18.6,,,4,Europe/Istanbul,FALSE,1792082972
Sefalı,Sefali,,37.2619,39.3332,Turkey,TR,TUR,Şanlıurfa,Sanliurfa,TR-63,province,,47.6,,,4,Europe/Istanbul,FALSE,1792592855
Kaplancık,Kaplancik,,37.4072,28.1703,Turkey,TR,TUR,Muğla,Mugla,TR-48,province,,49.5,,,4,Europe/Istanbul,FALSE,1792811217
Gözegöl,Gozegol,Dengecük,37.9850,40.0508,Turkey,TR,TUR,Diyarbakır,Diyarbakir,TR-21,province,,534.9,,,3,Europe/Istanbul,FALSE,1792658348
Karlıyayla,Karliyayla,Karayayla,39.0008,43.0895,Turkey,TR,TUR,Van,Van,TR-65,province,,92.0,,,4,Europe/Istanbul,FALSE,1792444783
Şehoğlu,Sehoglu,,41.8013,33.9796,Turkey,TR,TUR,Kastamonu,Kastamonu,TR-37,province,,27.5,,,4,Europe/Istanbul,FALSE,1792806361
Köprüköy,Koprukoy,Köprü,38.6752,43.3264,Turkey,TR,TUR,Van,Van,TR-65,province,,305.4,,,3,Europe/Istanbul,FALSE,1792679212
Fıstıközü,Fistikozu,Tisha,37.1923,37.9041,Turkey,TR,TUR,Şanlıurfa,Sanliurfa,TR-63,province,,58.2,,,4,Europe/Istanbul,FALSE,1792056668
Aşağı Dağköy,Asagi Dagkoy,,41.1267,31.4990,Turkey,TR,TUR,Zonguldak,Zonguldak,TR-67,province,,212.4,,,3,Europe/Istanbul,FALSE,1792970004
Mecdinan,Mecdinan,Medzhinan,37.8086,43.2625,Turkey,TR,TUR,Van,Van,TR-65,province,,13.8,,,4,Europe/Istanbul,FALSE,1792235739
Kavaklıdere,Kavaklidere,Eskidir|Darıca,40.4882,37.8185,Turkey,TR,TUR,Ordu,Ordu,TR-52,province,,5.0,,,5,Europe/Istanbul,FALSE,1792409425
Elalibey,Elalibey,Üçkilise,39.4167,37.6000,Turkey,TR,TUR,Sivas,Sivas,TR-58,province,,4.5,,,5,Europe/Istanbul,FALSE,1792849233
Kızılaliler,Kizilaliler,,36.0687,32.7677,Turkey,TR,TUR,Mersin,Mersin,TR-33,province,,35.8,,,4,Europe/Istanbul,FALSE,1792157750
Yemlik,Yemlik,,39.7957,41.8161,Turkey,TR,TUR,Erzurum,Erzurum,TR-25,province,,11.9,,,4,Europe/Istanbul,FALSE,1792010553
Argat,Argat,Arğıt,38.6333,40.0000,Turkey,TR,TUR,Elazığ,Elazig,TR-23,province,,20.2,,,4,Europe/Istanbul,FALSE,1792123260
Kuz,Kuz,,40.8897,33.1124,Turkey,TR,TUR,Çankırı,Cankiri,TR-18,province,,5.9,,,5,Europe/Istanbul,FALSE,1792992528
Çelebiçiftliği,Celebiciftligi,Camili,36.9833,34.9833,Turkey,TR,TUR,Mersin,Mersin,TR-33,province,,171.5,,,4,Europe/Istanbul,FALSE,1792393954
Doğanoğlu,Doganoglu,,40.1650,35.4931,Turkey,TR,TUR,Yozgat,Yozgat,TR-66,province,,14.6,,,4,Europe/Istanbul,FALSE,1792175826
Eldeniz,Eldeniz,,38.5394,29.7256,Turkey,TR,TUR,Uşak,Usak,TR-64,province,,40.2,,,4,Europe/Istanbul,FALSE,1792680082
Tekkaya,Tekkaya,Guç|Cüc Köyü|Cüç|Cüçköy,40.2294,38.4825,Turkey,TR,TUR,Giresun,Giresun,TR-28,province,,6.9,,,4,Europe/Istanbul,FALSE,1792314104
Varas,Varas,,37.9333,42.7000,Turkey,TR,TUR,Siirt,Siirt,TR-56,province,,28.6,,,4,Europe/Istanbul,FALSE,1792472878
Karaurgan,Karaurgan,,40.2396,42.2728,Turkey,TR,TUR,Kars,Kars,TR-36,province,minor,20.1,,,3,Europe/Istanbul,FALSE,1792220072
Karaurgan,Karaurgan,,40.7825,43.4520,Turkey,TR,TUR,Kars,Kars,TR-36,province,,53.4,,,4,Europe/Istanbul,TRUE,1792821745
Yongalık,Yongalik,,40.5968,30.6676,Turkey,TR,TUR,Sakarya,Sakarya,TR-54,province,,145.6,,,4,Europe/Istanbul,FALSE,1792353779
Nusratlı,Nusratli,Nusratlı Mahallesi,38.8150,31.0906,Turkey,TR,TUR,Afyonkarahisar,Afyonkarahisar,TR-03,province,,22.9,,,3,Europe/Istanbul,FALSE,1792379535
Dündarcık,Dundarcik,,39.4201,28.4314,Turkey,TR,TUR,Balıkesir,Balikesir,TR-10,province,,47.6,,,4,Europe/Istanbul,FALSE,1792202222
Sanjaklı Uzunçınar,Sanjakli Uzuncinar,,38.5174,27.5210,Turkey,TR,TUR,Manisa,Manisa,TR-45,province,,357.2,,,3,Europe/Istanbul,FALSE,1792070615
Daylı,Dayli,,41.4686,34.8064,Turkey,TR,TUR,Sinop,Sinop,TR-57,province,,28.0,,,4,Europe/Istanbul,FALSE,1792635915
Tabanlı,Tabanli,,38.7556,41.6893,Turkey,TR,TUR,Muş,Mus,TR-49,province,,65.8,,,4,Europe/Istanbul,FALSE,1792083113
Güvercin,Guvercin,,38.6884,41.5362,Turkey,TR,TUR,Muş,Mus,TR-49,province,,65.8,,,4,Europe/Istanbul,FALSE,1792586910
Yassıkaya,Yassikaya,Linostaş,40.9005,40.0487,Turkey,TR,TUR,Trabzon,Trabzon,TR-61,province,,98.1,,,4,Europe/Istanbul,FALSE,1792926373
Gözecik,Gozecik,,39.4185,37.8112,Turkey,TR,TUR,Sivas,Sivas,TR-58,province,,4.1,,,5,Europe/Istanbul,FALSE,1792212381
Gözecik,Gozecik,,39.2506,38.1236,Turkey,TR,TUR,Sivas,Sivas,TR-58,province,,4.1,,,5,Europe/Istanbul,TRUE,1792091505
Doğansaray,Dogansaray,Sunullahoğlu,39.4947,35.4872,Turkey,TR,TUR,Yozgat,Yozgat,TR-66,province,,30.4,,,4,Europe/Istanbul,FALSE,1792665110
Kepezli,Kepezli,,36.6789,39.2533,Turkey,TR,TUR,Şanlıurfa,Sanliurfa,TR-63,province,,74.8,,,4,Europe/Istanbul,FALSE,1792739650
Hasancıkpınarı,Hasancikpinari,Hasancık,40.8431,37.5918,Turkey,TR,TUR,Ordu,Ordu,TR-52,province,,70.9,,,4,Europe/Istanbul,FALSE,1792043894
Gümüşgöze,Gumusgoze,,36.6824,31.9422,Turkey,TR,TUR,Antalya,Antalya,TR-07,province,,2.7,,,5,Europe/Istanbul,FALSE,1792863681
Yukarıbeymelek,Yukaribeymelek,,36.2875,30.0322,Turkey,TR,TUR,Antalya,Antalya,TR-07,province,,73.4,,,4,Europe/Istanbul,FALSE,1792213510
Sungur,Sungur,,37.4443,28.5216,Turkey,TR,TUR,Muğla,Mugla,TR-48,province,,63.4,,,4,Europe/Istanbul,FALSE,1792874853
Derekuyu,Derekuyu,Derekuyu Köyü,36.4435,36.0460,Turkey,TR,TUR,Hatay,Hatay,TR-31,province,,669.9,,,3,Europe/Istanbul,FALSE,1792056591
Aktekke,Aktekke,,41.5333,35.8833,Turkey,TR,TUR,Samsun,Samsun,TR-55,province,,88.2,,,4,Europe/Istanbul,FALSE,1792634558
Aşağıeğerli,Asagiegerli,,37.9191,43.4956,Turkey,TR,TUR,Van,Van,TR-65,province,,11.0,,,4,Europe/Istanbul,FALSE,1792341663
Kızılcıklı,Kizilcikli,,40.8146,30.2346,Turkey,TR,TUR,Sakarya,Sakarya,TR-54,province,,684.4,,,3,Europe/Istanbul,FALSE,1792908806
Atalanı,Atalani,,39.7114,35.9405,Turkey,TR,TUR,Yozgat,Yozgat,TR-66,province,,26.6,,,4,Europe/Istanbul,FALSE,1792404854
Ömerbey,Omerbey,,39.7167,43.7500,Turkey,TR,TUR,Ağrı,Agri,TR-04,province,,54.3,,,4,Europe/Istanbul,FALSE,1792319727
Sultanlı,Sultanli,,39.3490,41.5978,Turkey,TR,TUR,Erzurum,Erzurum,TR-25,province,,15.0,,,4,Europe/Istanbul,FALSE,1792730108
Katranlı,Katranli,,39.7007,41.4439,Turkey,TR,TUR,Erzurum,Erzurum,TR-25,province,,12.7,,,4,Europe/Istanbul,FALSE,1792818411
Osmaniye,Osmaniye,,39.0108,30.1503,Turkey,TR,TUR,Kütahya,Kutahya,TR-43,province,,12.8,,,4,Europe/Istanbul,FALSE,1792106359
Osmaniye,Osmaniye,Uzundere,40.6693,29.6940,Turkey,TR,TUR,Kocaeli,Kocaeli,TR-41,province,,894.1,,,3,Europe/Istanbul,FALSE,1792827255
Ustahasan,Ustahasan,,40.5731,36.9986,Turkey,TR,TUR,Tokat,Tokat,TR-60,province,,50.1,,,4,Europe/Istanbul,FALSE,1792867914
Osmaniye,Osmaniye,,38.3319,28.4575,Turkey,TR,TUR,Manisa,Manisa,TR-45,province,,114.4,,,4,Europe/Istanbul,FALSE,1792082909
Erkeç,Erkec,,41.3658,34.7075,Turkey,TR,TUR,Sinop,Sinop,TR-57,province,,28.0,,,4,Europe/Istanbul,FALSE,1792020352
Dağönü,Dagonu,Hanlut Köyü|Halutköyü,40.6640,40.3957,Turkey,TR,TUR,Trabzon,Trabzon,TR-61,province,,11.8,,,4,Europe/Istanbul,FALSE,1792299468
Osmaniye,Osmaniye,,36.7404,28.2096,Turkey,TR,TUR,Muğla,Mugla,TR-48,province,,90.5,,,4,Europe/Istanbul,FALSE,1792928967
Dağönü,Dagonu,İririn,38.7599,43.2456,Turkey,TR,TUR,Van,Van,TR-65,province,,305.4,,,3,Europe/Istanbul,FALSE,1792300909
Şeyhnusrettin,Seyhnusrettin,Şeyhnusraddin|Şeyhnusrattin,40.2631,35.9389,Turkey,TR,TUR,Tokat,Tokat,TR-60,province,,25.9,,,4,Europe/Istanbul,FALSE,1792383969
Eskikonacık,Eskikonacik,Eskianahşa,37.3884,34.8605,Turkey,TR,TUR,Adana,Adana,TR-01,province,,15.9,,,4,Europe/Istanbul,FALSE,1792361954
Çamlıca,Camlica,Kızılca,37.0562,27.9438,Turkey,TR,TUR,Muğla,Mugla,TR-48,province,,66.9,,,4,Europe/Istanbul,FALSE,1792233410
Çamlıca,Camlica,Damarası,37.2271,28.0070,Turkey,TR,TUR,Muğla,Mugla,TR-48,province,,65.7,,,4,Europe/Istanbul,TRUE,1792023457
Barça,Barca,,40.8622,38.4613,Turkey,TR,TUR,Giresun,Giresun,TR-28,province,,452.5,,,3,Europe/Istanbul,FALSE,1792803247
Gümüşpınar,Gumuspinar,,39.9154,28.8608,Turkey,TR,TUR,Bursa,Bursa,TR-16,province,,22.8,,,4,Europe/Istanbul,FALSE,1792539110
Çamlıca,Camlica,Göçebe Köyü|Göçebe,39.7686,29.5378,Turkey,TR,TUR,Kütahya,Kutahya,TR-43,province,,28.7,,,4,Europe/Istanbul,FALSE,1792497020
Çamlıca,Camlica,Kırıklı,37.9346,31.7338,Turkey,TR,TUR,Konya,Konya,TR-42,province,,14.5,,,4,Europe/Istanbul,FALSE,1792214624
İşbaşı,Isbasi,Işbaşı,39.1661,43.3649,Turkey,TR,TUR,Van,Van,TR-65,province,,92.0,,,4,Europe/Istanbul,FALSE,1792230242
Çileklik,Cileklik,Çilekli,41.3667,32.7833,Turkey,TR,TUR,Karabük,Karabuk,TR-78,province,,45.0,,,4,Europe/Istanbul,FALSE,1792616788
Çamlıca,Camlica,,37.1670,40.7035,Turkey,TR,TUR,Mardin,Mardin,TR-47,province,,151.2,,,4,Europe/Istanbul,FALSE,1792000562
Yörükhasanlar,Yorukhasanlar,,37.9240,28.8130,Turkey,TR,TUR,Denizli,Denizli,TR-20,province,,75.8,,,4,Europe/Istanbul,FALSE,1792782605
Hasanavlusu,Hasanavlusu,Hasanölüsü,37.1193,27.9683,Turkey,TR,TUR,Muğla,Mugla,TR-48,province,,66.9,,,4,Europe/Istanbul,FALSE,1792714252
Karabahçe,Karabahce,,39.3745,28.4648,Turkey,TR,TUR,Balıkesir,Balikesir,TR-10,province,,47.6,,,4,Europe/Istanbul,FALSE,1792861750
Abdullahhoca,Abdullahhoca,,41.0786,40.7827,Turkey,TR,TUR,Rize,Rize,TR-53,province,,73.8,,,4,Europe/Istanbul,FALSE,1792902401
Kanigörk,Kanigork,Kanigërk|Kânikürk,37.8533,41.6897,Turkey,TR,TUR,Siirt,Siirt,TR-56,province,,40.4,,,4,Europe/Istanbul,FALSE,1792458582
Yavuzlar,Yavuzlar,,37.4404,36.7755,Turkey,TR,TUR,Kahramanmaraş,Kahramanmaras,TR-46,province,,191.1,,,4,Europe/Istanbul,FALSE,1792793396
Çetmi,Cetmi,,41.5039,34.0516,Turkey,TR,TUR,Kastamonu,Kastamonu,TR-37,province,,20.2,,,4,Europe/Istanbul,FALSE,1792434137
Dulkadirlikaraisa,Dulkadirlikaraisa,Garezuşağı|Karaisa,39.4923,34.1342,Turkey,TR,TUR,Kırşehir,Kirsehir,TR-40,province,,10.4,,,4,Europe/Istanbul,FALSE,1792005319
Yavuzlar,Yavuzlar,Kayseran|Kaysaran,38.9350,44.0917,Turkey,TR,TUR,Van,Van,TR-65,province,,50.3,,,4,Europe/Istanbul,FALSE,1792235122
Yavuzlar,Yavuzlar,Tavik|Tağik,38.2059,44.2724,Turkey,TR,TUR,Van,Van,TR-65,province,,30.6,,,4,Europe/Istanbul,TRUE,1792322759
Çiğşar,Cigsar,,37.7782,36.3106,Turkey,TR,TUR,Kahramanmaraş,Kahramanmaras,TR-46,province,,35.2,,,4,Europe/Istanbul,FALSE,1792513888
Yabanlı,Yabanli,Yaban|Sarıbekir,41.5475,34.6617,Turkey,TR,TUR,Sinop,Sinop,TR-57,province,,28.0,,,4,Europe/Istanbul,FALSE,1792595026
Kuloğlu,Kuloglu,,40.0932,42.9541,Turkey,TR,TUR,Kars,Kars,TR-36,province,,23.8,,,4,Europe/Istanbul,FALSE,1792913698
İzzettin,Izzettin,,36.4367,29.2270,Turkey,TR,TUR,Muğla,Mugla,TR-48,province,,80.0,,,4,Europe/Istanbul,FALSE,1792825365
Kireçköy,Kireckoy,Kireç|Kireçköyü,39.7686,30.7908,Turkey,TR,TUR,Eskişehir,Eskisehir,TR-26,province,,306.0,,,3,Europe/Istanbul,FALSE,1792966428
İzzettin,Izzettin,,38.5767,27.7124,Turkey,TR,TUR,Manisa,Manisa,TR-45,province,,382.7,,,3,Europe/Istanbul,FALSE,1792898182
Doğan,Dogan,,39.5333,38.0833,Turkey,TR,TUR,Sivas,Sivas,TR-58,province,,4.1,,,5,Europe/Istanbul,FALSE,1792136979
Abdi,Abdi,Abdiköy|Apti Köy|Apti|Apdi,39.0793,34.8234,Turkey,TR,TUR,Nevşehir,Nevsehir,TR-50,province,,33.7,,,4,Europe/Istanbul,FALSE,1792810245
Deştaltu,Destaltu,Deshtaltu|Deştalku,37.4669,42.6967,Turkey,TR,TUR,Şırnak,Sirnak,TR-73,province,,32.9,,,4,Europe/Istanbul,FALSE,1792263001
Olurdere,Olurdere,Kaleşot,40.8069,42.1627,Turkey,TR,TUR,Erzurum,Erzurum,TR-25,province,,8.0,,,5,Europe/Istanbul,FALSE,1792410658
Erdoğmuş,Erdogmus,,37.3281,28.9640,Turkey,TR,TUR,Denizli,Denizli,TR-20,province,,30.8,,,4,Europe/Istanbul,FALSE,1792320617
Kasrik,Kasrik,Üzeyirağa,37.1869,42.5958,Turkey,TR,TUR,Şırnak,Sirnak,TR-73,province,,301.2,,,3,Europe/Istanbul,FALSE,1792759668
Argunköy,Argunkoy,,38.4877,41.0836,Turkey,TR,TUR,Diyarbakır,Diyarbakir,TR-21,province,,24.0,,,4,Europe/Istanbul,FALSE,1792867127
Abdal,Abdal,,40.8952,31.2855,Turkey,TR,TUR,Düzce,Duzce,TR-81,province,,551.2,,,3,Europe/Istanbul,FALSE,1792454556
Ağdırhasan,Agdirhasan,,40.9524,35.6108,Turkey,TR,TUR,Samsun,Samsun,TR-55,province,,49.4,,,4,Europe/Istanbul,FALSE,1792287494
Kovanlık,Kovanlik,Kovanlıkköy|Kuvanlıkköy|Kuvanlık,40.7548,38.1116,Turkey,TR,TUR,Giresun,Giresun,TR-28,province,minor,95.9,,,3,Europe/Istanbul,FALSE,1792889593
Damlaburun,Damlaburun,,38.7644,28.7888,Turkey,TR,TUR,Manisa,Manisa,TR-45,province,,30.1,,,4,Europe/Istanbul,FALSE,1792504472
Divanlar,Divanlar,,37.9837,32.9057,Turkey,TR,TUR,Konya,Konya,TR-42,province,,295.9,,,3,Europe/Istanbul,FALSE,1792292973
Armağan,Armagan,Hedye|Hediye,41.8647,27.4264,Turkey,TR,TUR,Kırklareli,Kirklareli,TR-39,province,,50.6,,,4,Europe/Istanbul,FALSE,1792090638
Hasırcı,Hasirci,,38.5205,36.2762,Turkey,TR,TUR,Kayseri,Kayseri,TR-38,province,,8.9,,,5,Europe/Istanbul,FALSE,1792247160
Haydaroğlu,Haydaroglu,,39.8425,42.9197,Turkey,TR,TUR,Ağrı,Agri,TR-04,province,,24.0,,,4,Europe/Istanbul,FALSE,1792601542
Asmapınar,Asmapinar,Çongura|Çonkura,41.6516,35.4180,Turkey,TR,TUR,Samsun,Samsun,TR-55,province,,8.5,,,5,Europe/Istanbul,FALSE,1792553827
Sarıkaş,Sarikas,,38.1272,40.5633,Turkey,TR,TUR,Diyarbakır,Diyarbakir,TR-21,province,,129.6,,,4,Europe/Istanbul,FALSE,1792300079
Hacımirzalı,Hacimirzali,,37.4714,35.8084,Turkey,TR,TUR,Adana,Adana,TR-01,province,,55.4,,,4,Europe/Istanbul,FALSE,1792887912
Göncüler,Gonculer,,37.4899,28.4164,Turkey,TR,TUR,Muğla,Mugla,TR-48,province,,24.2,,,4,Europe/Istanbul,FALSE,1792369913
Çınalı,Cinali,,40.8041,39.6786,Turkey,TR,TUR,Trabzon,Trabzon,TR-61,province,,13.5,,,4,Europe/Istanbul,FALSE,1792593873
Eminlik,Eminlik,,37.2487,34.9215,Turkey,TR,TUR,Mersin,Mersin,TR-33,province,,10.9,,,4,Europe/Istanbul,FALSE,1792226355
Musaköy,Musakoy,Mustafalar,39.3589,29.8025,Turkey,TR,TUR,Kütahya,Kutahya,TR-43,province,,118.5,,,4,Europe/Istanbul,FALSE,1792792918
Çömlekçi,Comlekci,,39.9757,28.6134,Turkey,TR,TUR,Bursa,Bursa,TR-16,province,,64.9,,,4,Europe/Istanbul,FALSE,1792401187
Fırdan,Firdan,,38.9394,29.3728,Turkey,TR,TUR,Kütahya,Kutahya,TR-43,province,,22.3,,,4,Europe/Istanbul,FALSE,1792556199
Çakaltepe,Cakaltepe,Çakaltepeköyü,38.0708,27.2128,Turkey,TR,TUR,İzmir,Izmir,TR-35,province,,85.6,,,4,Europe/Istanbul,FALSE,1792957223
Çanacık,Canacik,,39.8731,27.9700,Turkey,TR,TUR,Balıkesir,Balikesir,TR-10,province,,275.2,,,3,Europe/Istanbul,FALSE,1792975911
Gevgiler,Gevgiler,,41.7219,26.9321,Turkey,TR,TUR,Edirne,Edirne,TR-22,province,,18.5,,,4,Europe/Istanbul,FALSE,1792707567
Çakaltepe,Cakaltepe,Safsafaaziz,36.2894,36.4261,Turkey,TR,TUR,Hatay,Hatay,TR-31,province,,337.7,,,3,Europe/Istanbul,FALSE,1792858350
Çıraklar,Ciraklar,,41.1475,40.9966,Turkey,TR,TUR,Rize,Rize,TR-53,province,,42.4,,,3,Europe/Istanbul,FALSE,1792223085
Melikli,Melikli,,37.1922,33.8026,Turkey,TR,TUR,Karaman,Karaman,TR-70,province,,2.9,,,5,Europe/Istanbul,FALSE,1792915897
Safalık,Safalik,,40.6897,37.4289,Turkey,TR,TUR,Ordu,Ordu,TR-52,province,,65.0,,,4,Europe/Istanbul,FALSE,1792751090
Kulaçlı,Kulacli,Hatabin|Razvaliny Khatabin,37.1297,41.2583,Turkey,TR,TUR,Mardin,Mardin,TR-47,province,,83.1,,,4,Europe/Istanbul,FALSE,1792623640
Yarma,Yarma,,37.8115,32.8828,Turkey,TR,TUR,Konya,Konya,TR-42,province,minor,117.0,,,3,Europe/Istanbul,FALSE,1792990967
Karadikmen,Karadikmen,,39.7758,35.7625,Turkey,TR,TUR,Yozgat,Yozgat,TR-66,province,,26.6,,,4,Europe/Istanbul,FALSE,1792076729
Dikmen,Dikmen,,41.7131,34.1319,Turkey,TR,TUR,Kastamonu,Kastamonu,TR-37,province,,20.2,,,4,Europe/Istanbul,FALSE,1792631562
Dikmen,Dikmen,,41.6478,33.5652,Turkey,TR,TUR,Kastamonu,Kastamonu,TR-37,province,,12.2,,,4,Europe/Istanbul,TRUE,1792870541
Dikmen,Dikmen,,41.4449,33.1643,Turkey,TR,TUR,Kastamonu,Kastamonu,TR-37,province,,7.5,,,5,Europe/Istanbul,TRUE,1792315889
Binbaşıoğlu,Binbasioglu,,40.1544,35.9494,Turkey,TR,TUR,Tokat,Tokat,TR-60,province,,25.9,,,4,Europe/Istanbul,FALSE,1792609499
Hasancan,Hasancan,,40.4245,43.4146,Turkey,TR,TUR,Kars,Kars,TR-36,province,,26.4,,,4,Europe/Istanbul,FALSE,1792534921
Arpaveren,Arpaveren,,37.5083,40.7138,Turkey,TR,TUR,Mardin,Mardin,TR-47,province,,22.2,,,4,Europe/Istanbul,FALSE,1792000214
Dedeoğlu,Dedeoglu,,39.7478,38.9803,Turkey,TR,TUR,Erzincan,Erzincan,TR-24,province,,2.4,,,5,Europe/Istanbul,FALSE,1792552814
Taşlık,Taslik,,40.7804,30.4515,Turkey,TR,TUR,Sakarya,Sakarya,TR-54,province,,998.4,,,3,Europe/Istanbul,FALSE,1792216185
Kıroba,Kiroba,,39.1130,26.9640,Turkey,TR,TUR,İzmir,Izmir,TR-35,province,,78.7,,,4,Europe/Istanbul,FALSE,1792355957
Kalan,Kalan,,38.4706,40.7528,Turkey,TR,TUR,Diyarbakır,Diyarbakir,TR-21,province,,28.6,,,4,Europe/Istanbul,FALSE,1792299345
Cumhurlu,Cumhurlu,Cumurlu,37.9164,36.0128,Turkey,TR,TUR,Adana,Adana,TR-01,province,,11.2,,,4,Europe/Istanbul,FALSE,1792884023
Demiroğlu,Demiroglu,Çalgan|Çargan,37.7191,37.8121,Turkey,TR,TUR,Adıyaman,Adiyaman,TR-02,province,,58.0,,,4,Europe/Istanbul,FALSE,1792968720
Karahanlar,Karahanlar,Kızılcakaya,37.2210,31.2525,Turkey,TR,TUR,Antalya,Antalya,TR-07,province,,76.7,,,4,Europe/Istanbul,FALSE,1792808473
Çubuk,Cubuk,Kazla,41.9213,33.8667,Turkey,TR,TUR,Kastamonu,Kastamonu,TR-37,province,,27.5,,,4,Europe/Istanbul,FALSE,1792728783
Çakalköy,Cakalkoy,Çakal,41.4000,33.3500,Turkey,TR,TUR,Kastamonu,Kastamonu,TR-37,province,,7.5,,,5,Europe/Istanbul,FALSE,1792853774
Ertuğrul,Ertugrul,Yakapınar|Ertuğrulköy,39.2878,31.5897,Turkey,TR,TUR,Eskişehir,Eskisehir,TR-26,province,,6.2,,,5,Europe/Istanbul,FALSE,1792176886
Dumlu,Dumlu,Khins|Hins,40.0586,41.3565,Turkey,TR,TUR,Erzurum,Erzurum,TR-25,province,minor,156.1,,,3,Europe/Istanbul,FALSE,1792829972
Üçözler,Ucozler,,40.8756,30.8890,Turkey,TR,TUR,Düzce,Duzce,TR-81,province,,118.9,,,4,Europe/Istanbul,FALSE,1792110780
Güzelköy,Guzelkoy,Kırkbayır,37.9833,38.0833,Turkey,TR,TUR,Malatya,Malatya,TR-44,province,,20.7,,,4,Europe/Istanbul,FALSE,1792918637
Güzelköy,Guzelkoy,Kızılköy,38.6641,27.4456,Turkey,TR,TUR,Manisa,Manisa,TR-45,province,,405.5,,,3,Europe/Istanbul,FALSE,1792094759
Çamlıbel,Camlibel,Çamlibel|Karakütük,37.7834,36.8108,Turkey,TR,TUR,Kahramanmaraş,Kahramanmaras,TR-46,province,,206.8,,,3,Europe/Istanbul,FALSE,1792228444
Çamlıbel,Camlibel,,38.1253,28.5277,Turkey,TR,TUR,Manisa,Manisa,TR-45,province,,65.2,,,4,Europe/Istanbul,FALSE,1792573142
Sultanpınarı,Sultanpinari,,39.4333,37.5667,Turkey,TR,TUR,Sivas,Sivas,TR-58,province,,4.5,,,5,Europe/Istanbul,FALSE,1792541518
Yukarıaruş,Yukariarus,Yukary-Arush,37.3350,43.2839,Turkey,TR,TUR,Şırnak,Sirnak,TR-73,province,,46.9,,,4,Europe/Istanbul,FALSE,1792107314
Ortaklar,Ortaklar,Ruzok,37.5125,42.4638,Turkey,TR,TUR,Şırnak,Sirnak,TR-73,province,,32.9,,,4,Europe/Istanbul,FALSE,1792038135
Çağşak,Cagsak,,37.1406,36.3603,Turkey,TR,TUR,Osmaniye,Osmaniye,TR-80,province,,555.5,,,3,Europe/Istanbul,FALSE,1792589912
Sultanpınarı,Sultanpinari,Finans|Sultanpınar,38.1453,34.5233,Turkey,TR,TUR,Niğde,Nigde,TR-51,province,,103.2,,,4,Europe/Istanbul,FALSE,1792094822
Yaşyer,Yasyer,,37.2876,27.7114,Turkey,TR,TUR,Muğla,Mugla,TR-48,province,,66.9,,,4,Europe/Istanbul,FALSE,1792076706
Kuzyaka,Kuzyaka,,40.9951,32.6948,Turkey,TR,TUR,Karabük,Karabuk,TR-78,province,,16.8,,,4,Europe/Istanbul,FALSE,1792794662
Karahayıt,Karahayit,Aşağı Karahayıt,37.9647,29.1034,Turkey,TR,TUR,Denizli,Denizli,TR-20,province,,26.8,,,4,Europe/Istanbul,FALSE,1792282666
Bağrıpek,Bagripek,,39.7553,42.9033,Turkey,TR,TUR,Ağrı,Agri,TR-04,province,,24.0,,,4,Europe/Istanbul,FALSE,1792311129
Çerdin,Cerdin,,36.7847,29.1153,Turkey,TR,TUR,Muğla,Mugla,TR-48,province,,80.0,,,4,Europe/Istanbul,FALSE,1792083696
Kuzyaka,Kuzyaka,,41.5165,32.3314,Turkey,TR,TUR,Bartın,Bartin,TR-74,province,,115.7,,,4,Europe/Istanbul,FALSE,1792362941
Yassıca,Yassica,,39.2235,34.6598,Turkey,TR,TUR,Nevşehir,Nevsehir,TR-50,province,,12.8,,,4,Europe/Istanbul,FALSE,1792782589
Menteşe,Mentese,,39.3348,27.4704,Turkey,TR,TUR,Manisa,Manisa,TR-45,province,,147.8,,,4,Europe/Istanbul,FALSE,1792203014
Karaömer,Karaomer,Karaömerli,38.1210,36.6913,Turkey,TR,TUR,Kahramanmaraş,Kahramanmaras,TR-46,province,,19.7,,,4,Europe/Istanbul,FALSE,1792285122
Gözaydın,Gozaydin,,39.8656,42.6256,Turkey,TR,TUR,Ağrı,Agri,TR-04,province,,24.0,,,4,Europe/Istanbul,FALSE,1792480232
Bardakcilar,Bardakcilar,Türkmenler|Derebardakçılar,40.5209,32.5247,Turkey,TR,TUR,Ankara,Ankara,TR-06,province,,8.8,,,5,Europe/Istanbul,FALSE,1792000624
Kemikler,Kemikler,,37.1957,27.6581,Turkey,TR,TUR,Muğla,Mugla,TR-48,province,,66.9,,,4,Europe/Istanbul,FALSE,1792638472
Duranlar,Duranlar,,38.4956,38.1851,Turkey,TR,TUR,Malatya,Malatya,TR-44,province,,18.6,,,4,Europe/Istanbul,FALSE,1792275298
Aşağısaltık,Asagisaltik,,41.0147,34.8402,Turkey,TR,TUR,Çorum,Corum,TR-19,province,,33.4,,,4,Europe/Istanbul,FALSE,1792946010
Şahin,Sahin,,41.0217,26.8425,Turkey,TR,TUR,Tekirdağ,Tekirdag,TR-59,province,minor,40.4,,,3,Europe/Istanbul,FALSE,1792298341
Amarat,Amarat,Amarot|İmarat|İmaret,39.0542,35.6820,Turkey,TR,TUR,Kayseri,Kayseri,TR-38,province,,264.5,,,3,Europe/Istanbul,FALSE,1792556085
Arslanhacılı,Arslanhacili,Arslanhacılı Köyü|Aslanhacılı,39.8372,34.2372,Turkey,TR,TUR,Yozgat,Yozgat,TR-66,province,,29.2,,,4,Europe/Istanbul,FALSE,1792170444
Mütevelli,Mutevelli,,38.6831,27.5844,Turkey,TR,TUR,Manisa,Manisa,TR-45,province,,405.5,,,3,Europe/Istanbul,FALSE,1792436502
Yeniçiftlik,Yeniciftlik,Yeni Çiftlik,38.1235,27.5041,Turkey,TR,TUR,İzmir,Izmir,TR-35,province,,100.5,,,4,Europe/Istanbul,FALSE,1792540430
Ünalan,Unalan,,40.9244,40.4875,Turkey,TR,TUR,Rize,Rize,TR-53,province,,77.6,,,4,Europe/Istanbul,FALSE,1792696102
Haseki,Haseki,Hasseki,38.6633,26.4144,Turkey,TR,TUR,İzmir,Izmir,TR-35,province,,13.3,,,4,Europe/Istanbul,FALSE,1792908165
Ömerhacılı,Omerhacili,,39.2961,33.8211,Turkey,TR,TUR,Kırşehir,Kirsehir,TR-40,province,,25.1,,,4,Europe/Istanbul,FALSE,1792183762
Kıyısal,Kiyisal,,40.7809,30.9772,Turkey,TR,TUR,Düzce,Duzce,TR-81,province,,97.2,,,4,Europe/Istanbul,FALSE,1792962252
Kumçeşme,Kumcesme,Kumçesme|Selimli,37.4874,39.7924,Turkey,TR,TUR,Şanlıurfa,Sanliurfa,TR-63,province,,63.6,,,4,Europe/Istanbul,FALSE,1792423881
Sudöndü,Sudondu,,38.8500,42.0333,Turkey,TR,TUR,Muş,Mus,TR-49,province,,54.4,,,4,Europe/Istanbul,FALSE,1792884118
Alibosa,Alibosa,,36.1582,36.0488,Turkey,TR,TUR,Hatay,Hatay,TR-31,province,,414.3,,,3,Europe/Istanbul,FALSE,1792316817
Yatırlı,Yatirli,Hacıziyaret,39.2068,43.7988,Turkey,TR,TUR,Van,Van,TR-65,province,,49.7,,,4,Europe/Istanbul,FALSE,1792934410
Karacık,Karacik,,37.9486,42.1265,Turkey,TR,TUR,Siirt,Siirt,TR-56,province,,18.5,,,4,Europe/Istanbul,FALSE,1792694261
Yaylabelen,Yaylabelen,Ökes,38.2255,31.5493,Turkey,TR,TUR,Konya,Konya,TR-42,province,,105.6,,,4,Europe/Istanbul,FALSE,1792937414
Porsuklu,Porsuklu,,40.7961,43.2481,Turkey,TR,TUR,Kars,Kars,TR-36,province,,13.6,,,4,Europe/Istanbul,FALSE,1792727099
Bakmaç,Bakmac,Gijdarı,37.5500,39.4814,Turkey,TR,TUR,Şanlıurfa,Sanliurfa,TR-63,province,,47.6,,,4,Europe/Istanbul,FALSE,1792061075
Sarıcaova,Saricaova,Tahtacı,38.0681,28.5936,Turkey,TR,TUR,Aydın,Aydin,TR-09,province,,256.9,,,3,Europe/Istanbul,FALSE,1792692734
Ataköy,Atakoy,Çoroş|Çoruş,40.7005,40.2317,Turkey,TR,TUR,Trabzon,Trabzon,TR-61,province,,11.8,,,4,Europe/Istanbul,FALSE,1792361434
Kulfallar,Kulfallar,,40.5291,30.3563,Turkey,TR,TUR,Sakarya,Sakarya,TR-54,province,,59.9,,,4,Europe/Istanbul,FALSE,1792823477
Uzungeri,Uzungeri,,36.8333,28.9000,Turkey,TR,TUR,Muğla,Mugla,TR-48,province,,66.1,,,4,Europe/Istanbul,FALSE,1792563411
Ataköy,Atakoy,,40.4478,36.9199,Turkey,TR,TUR,Tokat,Tokat,TR-60,province,,56.8,,,3,Europe/Istanbul,FALSE,1792322718
Ataköy,Atakoy,,40.2986,36.0981,Turkey,TR,TUR,Tokat,Tokat,TR-60,province,,40.1,,,4,Europe/Istanbul,TRUE,1792900531
Bağlıca,Baglica,Mihava|Nihava,37.0023,44.2507,Turkey,TR,TUR,Hakkâri,Hakkari,TR-30,province,,210.8,,,3,Europe/Istanbul,FALSE,1792001940
Güllüçimen,Gullucimen,Peyik,39.3531,41.7579,Turkey,TR,TUR,Erzurum,Erzurum,TR-25,province,,15.0,,,4,Europe/Istanbul,FALSE,1792539330
Güllüçimen,Gullucimen,,39.7833,42.1000,Turkey,TR,TUR,Erzurum,Erzurum,TR-25,province,,11.9,,,4,Europe/Istanbul,TRUE,1792020152
Hayrat,Hayrat,,37.5353,38.6913,Turkey,TR,TUR,Şanlıurfa,Sanliurfa,TR-63,province,,30.8,,,4,Europe/Istanbul,FALSE,1792556963
Yuvaköy,Yuvakoy,,40.3576,36.9638,Turkey,TR,TUR,Tokat,Tokat,TR-60,province,,20.5,,,4,Europe/Istanbul,FALSE,1792417814
Köycük,Koycuk,Hanege,40.1511,39.4158,Turkey,TR,TUR,Gümüşhane,Gumushane,TR-29,province,,17.5,,,4,Europe/Istanbul,FALSE,1792876188
Dumlutaş,Dumlutas,,37.0002,40.2077,Turkey,TR,TUR,Mardin,Mardin,TR-47,province,,151.2,,,4,Europe/Istanbul,FALSE,1792333922
Çatlı,Catli,Çat Köyü,37.6501,39.4597,Turkey,TR,TUR,Şanlıurfa,Sanliurfa,TR-63,province,,47.6,,,4,Europe/Istanbul,FALSE,1792166415
Kimili,Kimili,,39.0119,44.0028,Turkey,TR,TUR,Van,Van,TR-65,province,,49.7,,,4,Europe/Istanbul,FALSE,1792423004
Gültepe,Gultepe,Göltepe|Gültepe Köyü,39.4481,43.0211,Turkey,TR,TUR,Ağrı,Agri,TR-04,province,,26.7,,,4,Europe/Istanbul,FALSE,1792311240
Gültepe,Gultepe,Gültepe Köyü,39.5192,42.7397,Turkey,TR,TUR,Ağrı,Agri,TR-04,province,,22.8,,,4,Europe/Istanbul,TRUE,1792574185
Üçevler,Ucevler,,38.4129,36.4698,Turkey,TR,TUR,Kayseri,Kayseri,TR-38,province,,8.9,,,5,Europe/Istanbul,FALSE,1792001156
Kumoba,Kumoba,,37.4167,33.2667,Turkey,TR,TUR,Karaman,Karaman,TR-70,province,,18.4,,,4,Europe/Istanbul,FALSE,1792860126
Kovanoluk,Kovanoluk,,38.0586,28.7373,Turkey,TR,TUR,Denizli,Denizli,TR-20,province,,100.1,,,3,Europe/Istanbul,FALSE,1792861740
Büyük Kermi,Buyuk Kermi,,37.2504,39.8682,Turkey,TR,TUR,Şanlıurfa,Sanliurfa,TR-63,province,,63.6,,,4,Europe/Istanbul,FALSE,1792974586
Killik,Killik,,39.9667,31.5833,Turkey,TR,TUR,Eskişehir,Eskisehir,TR-26,province,,3.9,,,5,Europe/Istanbul,FALSE,1792179145
Killik,Killik,Kilik,36.8361,37.3949,Turkey,TR,TUR,Gaziantep,Gaziantep,TR-27,province,,40.3,,,4,Europe/Istanbul,FALSE,1792307868
Kaşoba,Kasoba,,37.1338,35.1784,Turkey,TR,TUR,Adana,Adana,TR-01,province,,1296.4,,,3,Europe/Istanbul,FALSE,1792779340
Balıklıihsaniye,Balikliihsaniye,,40.7593,30.7580,Turkey,TR,TUR,Sakarya,Sakarya,TR-54,province,,156.5,,,4,Europe/Istanbul,FALSE,1792001019
Kirazpınar,Kirazpinar,,39.4623,29.9096,Turkey,TR,TUR,Kütahya,Kutahya,TR-43,province,,118.5,,,4,Europe/Istanbul,FALSE,1792123760
Gebeşler,Gebesler,,41.0076,29.9981,Turkey,TR,TUR,Kocaeli,Kocaeli,TR-41,province,,48.9,,,4,Europe/Istanbul,FALSE,1792669324
Arıköy,Arikoy,Ari,38.8837,42.1344,Turkey,TR,TUR,Muş,Mus,TR-49,province,,41.9,,,4,Europe/Istanbul,FALSE,1792695264
Önşebgen,Onsebgen,Önşepgen|Önşepken,38.3667,39.4000,Turkey,TR,TUR,Elazığ,Elazig,TR-23,province,,12.6,,,4,Europe/Istanbul,FALSE,1792291022
Hüsamlı,Husamli,,37.6467,35.6189,Turkey,TR,TUR,Adana,Adana,TR-01,province,,55.4,,,4,Europe/Istanbul,FALSE,1792313568
Kayacıkoba,Kayacikoba,Kayacık Obası,39.9635,26.5610,Turkey,TR,TUR,Çanakkale,Canakkale,TR-17,province,,22.4,,,4,Europe/Istanbul,FALSE,1792280726
Alacabük,Alacabuk,Akçakise|Akçakilise,41.2618,31.7138,Turkey,TR,TUR,Zonguldak,Zonguldak,TR-67,province,,212.4,,,3,Europe/Istanbul,FALSE,1792400450
Demircili,Demircili,,41.0369,29.6510,Turkey,TR,TUR,İstanbul,Istanbul,TR-34,province,,37.4,,,4,Europe/Istanbul,FALSE,1792514496
Demircili,Demircili,,39.1000,26.9500,Turkey,TR,TUR,İzmir,Izmir,TR-35,province,,78.7,,,4,Europe/Istanbul,FALSE,1792617585
Aslanhane,Aslanhane,,40.6367,43.6992,Turkey,TR,TUR,Kars,Kars,TR-36,province,,53.5,,,4,Europe/Istanbul,FALSE,1792875305
Aksu,Aksu,Aksuköy,40.5615,38.2160,Turkey,TR,TUR,Giresun,Giresun,TR-28,province,,20.5,,,4,Europe/Istanbul,FALSE,1792081037
Aksu,Aksu,,40.3863,39.3978,Turkey,TR,TUR,Gümüşhane,Gumushane,TR-29,province,,16.4,,,4,Europe/Istanbul,FALSE,1792299008
Aksu,Aksu,,40.4074,41.5574,Turkey,TR,TUR,Erzurum,Erzurum,TR-25,province,,8.3,,,5,Europe/Istanbul,TRUE,1792043793
Demircili,Demircili,,38.5907,36.3278,Turkey,TR,TUR,Kayseri,Kayseri,TR-38,province,,8.3,,,5,Europe/Istanbul,FALSE,1792563212
Yediyol,Yediyol,Alkemi|Helkami|Yeniyol|Khalkemi|Halkemi,37.9432,41.1167,Turkey,TR,TUR,Batman,Batman,TR-72,province,,155.9,,,4,Europe/Istanbul,FALSE,1792165284
Cevik Yaylası,Cevik Yaylasi,,38.9235,31.4528,Turkey,TR,TUR,Afyonkarahisar,Afyonkarahisar,TR-03,province,,19.8,,,4,Europe/Istanbul,FALSE,1792488013
Otacı,Otaci,Ortacı,40.3681,32.8297,Turkey,TR,TUR,Ankara,Ankara,TR-06,province,,10.3,,,4,Europe/Istanbul,FALSE,1792785842
Çukurlu,Cukurlu,,39.3130,41.2214,Turkey,TR,TUR,Muş,Mus,TR-49,province,,19.0,,,4,Europe/Istanbul,FALSE,1792956064
Pınarönü,Pinaronu,,37.2976,28.8528,Turkey,TR,TUR,Denizli,Denizli,TR-20,province,,30.8,,,4,Europe/Istanbul,FALSE,1792899074
Katırardıç Yaylası,Katirardic Yaylasi,,36.9181,33.2180,Turkey,TR,TUR,Mersin,Mersin,TR-33,province,,62.4,,,4,Europe/Istanbul,FALSE,1792741635
Hayriye,Hayriye,,39.9673,29.5545,Turkey,TR,TUR,Bursa,Bursa,TR-16,province,,250.1,,,3,Europe/Istanbul,FALSE,1792089166
Hayriye,Hayriye,,40.2819,29.8120,Turkey,TR,TUR,Bursa,Bursa,TR-16,province,,58.7,,,4,Europe/Istanbul,TRUE,1792996439
Mustafacık,Mustafacik,,38.9000,33.5667,Turkey,TR,TUR,Ankara,Ankara,TR-06,province,,13.2,,,4,Europe/Istanbul,FALSE,1792703673
Arıca,Arica,Ortaarıca|Munamak,38.9072,29.4750,Turkey,TR,TUR,Kütahya,Kutahya,TR-43,province,,22.3,,,4,Europe/Istanbul,FALSE,1792042982
Samanlı,Samanli,,37.9881,43.0574,Turkey,TR,TUR,Van,Van,TR-65,province,,39.0,,,4,Europe/Istanbul,FALSE,1792046440
Damılı,Damili,Damalı,39.6014,36.6045,Turkey,TR,TUR,Sivas,Sivas,TR-58,province,,153.9,,,4,Europe/Istanbul,FALSE,1792000540
Hörgüç,Horguc,,38.1050,41.9533,Turkey,TR,TUR,Siirt,Siirt,TR-56,province,,48.7,,,4,Europe/Istanbul,FALSE,1792840510
Malmekrek,Malmekrek,Malmikrek,39.3667,39.3833,Turkey,TR,TUR,Tunceli,Tunceli,TR-62,province,,2.2,,,5,Europe/Istanbul,FALSE,1792650825
İncirtepe,Incirtepe,Tilarap|Tılarab,37.7021,40.4972,Turkey,TR,TUR,Diyarbakır,Diyarbakir,TR-21,province,,49.5,,,4,Europe/Istanbul,FALSE,1792914875
Gölcük,Golcuk,,38.4667,39.2667,Turkey,TR,TUR,Elazığ,Elazig,TR-23,province,,9.5,,,5,Europe/Istanbul,FALSE,1792077079
Hacıhalil,Hacihalil,,37.6621,38.2546,Turkey,TR,TUR,Adıyaman,Adiyaman,TR-02,province,,190.5,,,4,Europe/Istanbul,TRUE,1792127097
Beylikler,Beylikler,,39.1500,28.7000,Turkey,TR,TUR,Kütahya,Kutahya,TR-43,province,,37.3,,,4,Europe/Istanbul,FALSE,1792579467
Oğlakkaya,Oglakkaya,,38.4032,36.4169,Turkey,TR,TUR,Kayseri,Kayseri,TR-38,province,,12.4,,,4,Europe/Istanbul,FALSE,1792122002
Ekrek,Ekrek,Eğrek,39.8000,39.9833,Turkey,TR,TUR,Erzincan,Erzincan,TR-24,province,,5.9,,,5,Europe/Istanbul,FALSE,1792336433
Pirajman,Pirajman,,38.4667,40.1000,Turkey,TR,TUR,Diyarbakır,Diyarbakir,TR-21,province,,53.0,,,4,Europe/Istanbul,FALSE,1792005233
Çorak,Corak,,37.5333,37.6000,Turkey,TR,TUR,Adıyaman,Adiyaman,TR-02,province,,66.5,,,4,Europe/Istanbul,FALSE,1792721492
Çerkez,Cerkez,Çerkezköy,37.8667,28.1500,Turkey,TR,TUR,Aydın,Aydin,TR-09,province,,79.4,,,4,Europe/Istanbul,FALSE,1792682633
Doğankaya,Dogankaya,,39.6417,30.6019,Turkey,TR,TUR,Eskişehir,Eskisehir,TR-26,province,,306.0,,,3,Europe/Istanbul,FALSE,1792920427
Hacıali Çiftliği,Haciali Ciftligi,,40.3000,27.7667,Turkey,TR,TUR,Balıkesir,Balikesir,TR-10,province,,273.8,,,3,Europe/Istanbul,FALSE,1792843123
Şenbağlar,Senbaglar,,40.0722,38.3943,Turkey,TR,TUR,Sivas,Sivas,TR-58,province,,8.6,,,4,Europe/Istanbul,FALSE,1792435861
Alçak,Alcak,,37.9834,40.0086,Turkey,TR,TUR,Diyarbakır,Diyarbakir,TR-21,province,,534.9,,,3,Europe/Istanbul,FALSE,1792398029
Engücek,Engucek,,40.4833,40.6500,Turkey,TR,TUR,Erzurum,Erzurum,TR-25,province,,3.9,,,5,Europe/Istanbul,FALSE,1792771638
Kınalar,Kinalar,,40.2727,27.5280,Turkey,TR,TUR,Balıkesir,Balikesir,TR-10,province,,68.2,,,4,Europe/Istanbul,FALSE,1792148378
Razik,Razik,,39.5833,40.1000,Turkey,TR,TUR,Erzincan,Erzincan,TR-24,province,,7.3,,,5,Europe/Istanbul,FALSE,1792915737
Helvacı,Helvaci,,38.2417,27.4736,Turkey,TR,TUR,İzmir,Izmir,TR-35,province,,283.3,,,3,Europe/Istanbul,FALSE,1792424548
Helvacı,Helvaci,Helvacı Köy|Helevacı,38.7034,27.0262,Turkey,TR,TUR,İzmir,Izmir,TR-35,province,,202.0,,,3,Europe/Istanbul,TRUE,1792374164
Karamanlar,Karamanlar,,39.5572,27.7949,Turkey,TR,TUR,Balıkesir,Balikesir,TR-10,province,,275.2,,,3,Europe/Istanbul,FALSE,1792412646
Unçukuru,Uncukuru,,40.1184,28.7262,Turkey,TR,TUR,Bursa,Bursa,TR-16,province,,739.2,,,3,Europe/Istanbul,FALSE,1792754208
Mıdan,Midan,,36.4970,32.2531,Turkey,TR,TUR,Antalya,Antalya,TR-07,province,,152.7,,,4,Europe/Istanbul,FALSE,1792001435
Kamışköy,Kamiskoy,Kamış|Kamış Köyü,40.0667,37.3843,Turkey,TR,TUR,Sivas,Sivas,TR-58,province,,1.8,,,5,Europe/Istanbul,FALSE,1792244066
Akpınar,Akpinar,,40.9797,32.4576,Turkey,TR,TUR,Karabük,Karabuk,TR-78,province,,16.8,,,4,Europe/Istanbul,FALSE,1792970568
Horzum,Horzum,,38.6197,29.6993,Turkey,TR,TUR,Uşak,Usak,TR-64,province,,34.6,,,4,Europe/Istanbul,FALSE,1792416089
Şamlı,Samli,,39.8118,27.8456,Turkey,TR,TUR,Balıkesir,Balikesir,TR-10,province,minor,275.2,,,3,Europe/Istanbul,FALSE,1792602584
İncirli,Incirli,,40.2611,29.8141,Turkey,TR,TUR,Bursa,Bursa,TR-16,province,,62.7,,,4,Europe/Istanbul,FALSE,1792205188
Akpınar,Akpinar,,37.0333,33.4167,Turkey,TR,TUR,Karaman,Karaman,TR-70,province,,64.6,,,4,Europe/Istanbul,FALSE,1792823105
Akpınar,Akpinar,,36.5333,32.5667,Turkey,TR,TUR,Karaman,Karaman,TR-70,province,,15.2,,,4,Europe/Istanbul,TRUE,1792129463
Akpınar,Akpinar,Güzeller,37.1668,33.8682,Turkey,TR,TUR,Karaman,Karaman,TR-70,province,,2.9,,,5,Europe/Istanbul,TRUE,1792983004
Yusufkuyu,Yusufkuyu,,37.2793,38.8364,Turkey,TR,TUR,Şanlıurfa,Sanliurfa,TR-63,province,,264.9,,,3,Europe/Istanbul,FALSE,1792914392
Sahilköy,Sahilkoy,Gübünalcı|Göbünalcı|Göbünalı,41.1350,37.1883,Turkey,TR,TUR,Ordu,Ordu,TR-52,province,,196.7,,,4,Europe/Istanbul,FALSE,1792787894
Sahilköy,Sahilkoy,Karakiraz,41.3456,36.7283,Turkey,TR,TUR,Samsun,Samsun,TR-55,province,,208.5,,,3,Europe/Istanbul,FALSE,1792238622
Sahilköy,Sahilkoy,,41.0295,36.6503,Turkey,TR,TUR,Samsun,Samsun,TR-55,province,,197.7,,,4,Europe/Istanbul,TRUE,1792285034
Küçüktepe,Kucuktepe,,41.9406,33.4472,Turkey,TR,TUR,Kastamonu,Kastamonu,TR-37,province,,21.5,,,4,Europe/Istanbul,FALSE,1792350414
Uzuntarla,Uzuntarla,,37.3362,44.5736,Turkey,TR,TUR,Hakkâri,Hakkari,TR-30,province,,31.5,,,4,Europe/Istanbul,FALSE,1792999995
Çitköy,Citkoy,Köseoğlu,41.4156,34.0808,Turkey,TR,TUR,Kastamonu,Kastamonu,TR-37,province,,20.2,,,4,Europe/Istanbul,FALSE,1792210470
Altıca,Altica,,37.8290,38.8402,Turkey,TR,TUR,Adıyaman,Adiyaman,TR-02,province,,101.8,,,4,Europe/Istanbul,FALSE,1792289672
Kuyucular,Kuyucular,,37.8702,28.0206,Turkey,TR,TUR,Aydın,Aydin,TR-09,province,,448.9,,,3,Europe/Istanbul,FALSE,1792474344
Kılıçlıyayla,Kilicliyayla,Zeybekleryanı,36.5725,29.6984,Turkey,TR,TUR,Antalya,Antalya,TR-07,province,,32.1,,,4,Europe/Istanbul,FALSE,1792020366
Dereköy,Derekoy,Dere,36.6508,32.0456,Turkey,TR,TUR,Antalya,Antalya,TR-07,province,,152.7,,,4,Europe/Istanbul,FALSE,1792693244
Dereköy,Derekoy,,36.4307,32.2785,Turkey,TR,TUR,Antalya,Antalya,TR-07,province,,152.7,,,4,Europe/Istanbul,TRUE,1792001446
Dereköy,Derekoy,,36.3769,32.3142,Turkey,TR,TUR,Antalya,Antalya,TR-07,province,,152.7,,,4,Europe/Istanbul,TRUE,1792001447
Dereköy,Derekoy,Dereiçi,36.6006,30.3031,Turkey,TR,TUR,Antalya,Antalya,TR-07,province,,58.0,,,4,Europe/Istanbul,TRUE,1792385437
Dereköy,Derekoy,,36.5000,30.2167,Turkey,TR,TUR,Antalya,Antalya,TR-07,province,,58.0,,,4,Europe/Istanbul,TRUE,1792858158
Dereköy,Derekoy,,36.7697,30.3248,Turkey,TR,TUR,Antalya,Antalya,TR-07,province,,58.0,,,4,Europe/Istanbul,TRUE,1792724526
Dereköy,Derekoy,,36.2674,29.6478,Turkey,TR,TUR,Antalya,Antalya,TR-07,province,,32.1,,,4,Europe/Istanbul,TRUE,1792838019
Dereköy,Derekoy,,37.0972,30.1097,Turkey,TR,TUR,Antalya,Antalya,TR-07,province,,20.2,,,4,Europe/Istanbul,TRUE,1792230254
Dereköy,Derekoy,,36.8283,29.8539,Turkey,TR,TUR,Antalya,Antalya,TR-07,province,,19.1,,,4,Europe/Istanbul,TRUE,1792716012
Eğribucak,Egribucak,Torusu,39.7303,37.2781,Turkey,TR,TUR,Sivas,Sivas,TR-58,province,,147.7,,,4,Europe/Istanbul,FALSE,1792519680
Alafenk,Alafenk,,36.0881,36.0853,Turkey,TR,TUR,Hatay,Hatay,TR-31,province,,657.6,,,3,Europe/Istanbul,FALSE,1792599266
Örenköy,Orenkoy,Viranköy,40.5368,32.4717,Turkey,TR,TUR,Ankara,Ankara,TR-06,province,,17.2,,,4,Europe/Istanbul,FALSE,1792001536
Ericek,Ericek,,40.1536,39.1811,Turkey,TR,TUR,Gümüşhane,Gumushane,TR-29,province,,13.8,,,4,Europe/Istanbul,FALSE,1792085401
Orta Mahallesi,Orta Mahallesi,,37.6054,27.8620,Turkey,TR,TUR,Aydın,Aydin,TR-09,province,,50.8,,,4,Europe/Istanbul,FALSE,1792074064
Orta Mahallesi,Orta Mahallesi,,37.7598,28.3715,Turkey,TR,TUR,Aydın,Aydin,TR-09,province,,43.8,,,4,Europe/Istanbul,TRUE,1792489715
Hatipkışlası,Hatipkislasi,Hatipkişla,37.5114,27.8289,Turkey,TR,TUR,Aydın,Aydin,TR-09,province,,43.6,,,4,Europe/Istanbul,FALSE,1792819722
Dedeçam,Dedecam,Manarga,38.1758,31.3219,Turkey,TR,TUR,Isparta,Isparta,TR-32,province,,21.8,,,4,Europe/Istanbul,FALSE,1792181619
Nüzhetiye,Nuzhetiye,Nushetiye,40.2746,29.3470,Turkey,TR,TUR,Bursa,Bursa,TR-16,province,,125.2,,,4,Europe/Istanbul,FALSE,1792317322
Nüzhetiye,Nuzhetiye,Nushetiye,40.3812,29.7410,Turkey,TR,TUR,Bursa,Bursa,TR-16,province,,58.7,,,4,Europe/Istanbul,TRUE,1792027621
Oyaca,Oyaca,,40.3522,34.3439,Turkey,TR,TUR,Çorum,Corum,TR-19,province,,21.8,,,4,Europe/Istanbul,FALSE,1792419488
Tahtaköprü,Tahtakopru,,36.8667,36.6667,Turkey,TR,TUR,Gaziantep,Gaziantep,TR-27,province,,53.9,,,4,Europe/Istanbul,FALSE,1792012270
Kökez,Kokez,,37.5703,30.2847,Turkey,TR,TUR,Burdur,Burdur,TR-15,province,,101.8,,,3,Europe/Istanbul,FALSE,1792002306
Kırıntı,Kirinti,,40.5624,29.8742,Turkey,TR,TUR,Bursa,Bursa,TR-16,province,,79.0,,,4,Europe/Istanbul,FALSE,1792001303
Eseler,Eseler,Sülle Köyü|Sülle|Çatalcam|Sülyeeseler,39.4469,29.2900,Turkey,TR,TUR,Kütahya,Kutahya,TR-43,province,,9.9,,,4,Europe/Istanbul,FALSE,1792186672
Eseler,Eseler,İseler,38.7223,28.0119,Turkey,TR,TUR,Manisa,Manisa,TR-45,province,,54.1,,,4,Europe/Istanbul,FALSE,1792670561
Toprak,Toprak,,38.3274,41.4606,Turkey,TR,TUR,Batman,Batman,TR-72,province,,35.1,,,4,Europe/Istanbul,FALSE,1792882948
Toprak,Toprak,,37.6918,43.4020,Turkey,TR,TUR,Şırnak,Sirnak,TR-73,province,,8.2,,,5,Europe/Istanbul,FALSE,1792887978
Kavuşak,Kavusak,Zivi Köyü|Zivikëy|Zivi,37.7866,40.9827,Turkey,TR,TUR,Diyarbakır,Diyarbakir,TR-21,province,,56.2,,,4,Europe/Istanbul,FALSE,1792340302
Karakaya,Karakaya,Burçaklı,38.0612,39.3049,Turkey,TR,TUR,Diyarbakır,Diyarbakir,TR-21,province,,58.1,,,4,Europe/Istanbul,FALSE,1792204993
Karakaya,Karakaya,,38.2085,39.1513,Turkey,TR,TUR,Diyarbakır,Diyarbakir,TR-21,province,,21.3,,,4,Europe/Istanbul,TRUE,1792707997
Sukenarı,Sukenari,,40.7738,39.5725,Turkey,TR,TUR,Trabzon,Trabzon,TR-61,province,,13.5,,,4,Europe/Istanbul,FALSE,1792558095
Küçükdikili,Kucukdikili,,37.0065,35.2019,Turkey,TR,TUR,Adana,Adana,TR-01,province,,984.9,,,3,Europe/Istanbul,FALSE,1792640638
Geriz,Geriz,,37.0645,29.1630,Turkey,TR,TUR,Denizli,Denizli,TR-20,province,,40.8,,,4,Europe/Istanbul,FALSE,1792083188
Tanyeli,Tanyeli,Sako,37.2258,39.6891,Turkey,TR,TUR,Şanlıurfa,Sanliurfa,TR-63,province,,63.6,,,4,Europe/Istanbul,FALSE,1792764876
Kıvırcık,Kivircik,,37.6467,38.2370,Turkey,TR,TUR,Adıyaman,Adiyaman,TR-02,province,,190.5,,,4,Europe/Istanbul,FALSE,1792197221
Elenzok,Elenzok,,37.9825,41.9506,Turkey,TR,TUR,Siirt,Siirt,TR-56,province,,704.0,,,3,Europe/Istanbul,FALSE,1792906236
Fevziye,Fevziye,Kızılyurd,36.7611,28.7619,Turkey,TR,TUR,Muğla,Mugla,TR-48,province,,196.9,,,4,Europe/Istanbul,FALSE,1792789218
Eşmeçayır,Esmecayir,,40.0530,42.5318,Turkey,TR,TUR,Kars,Kars,TR-36,province,,20.1,,,4,Europe/Istanbul,FALSE,1792708218
Gevut,Gevut,Gövut,39.3667,40.2000,Turkey,TR,TUR,Tunceli,Tunceli,TR-62,province,,1.7,,,5,Europe/Istanbul,FALSE,1792277742
Karabağ Yaylası,Karabag Yaylasi,,36.8374,33.3389,Turkey,TR,TUR,Mersin,Mersin,TR-33,province,,19.9,,,4,Europe/Istanbul,FALSE,1792869002
Çalıca,Calica,,40.6367,29.1550,Turkey,TR,TUR,Yalova,Yalova,TR-77,province,,179.6,,,4,Europe/Istanbul,FALSE,1792199543
Benektepe,Benektepe,,37.3611,39.5237,Turkey,TR,TUR,Şanlıurfa,Sanliurfa,TR-63,province,,47.6,,,4,Europe/Istanbul,FALSE,1792461139
Gökçam,Gokcam,,40.1369,34.5745,Turkey,TR,TUR,Çorum,Corum,TR-19,province,,21.8,,,4,Europe/Istanbul,FALSE,1792529840
Yıldıztepe,Yildiztepe,Divril|İnli,38.1761,34.6778,Turkey,TR,TUR,Niğde,Nigde,TR-51,province,,103.2,,,4,Europe/Istanbul,FALSE,1792887729
Yukarı Çavuşlu,Yukari Cavuslu,,40.9027,40.0821,Turkey,TR,TUR,Trabzon,Trabzon,TR-61,province,,78.1,,,4,Europe/Istanbul,FALSE,1792315114
Büyük Kırıklı,Buyuk Kirikli,Büyük Kırklı,37.8181,38.1573,Turkey,TR,TUR,Adıyaman,Adiyaman,TR-02,province,,190.5,,,4,Europe/Istanbul,FALSE,1792395314
Kızılköy,Kizilkoy,Kızıl|Gömenek,40.3864,36.6786,Turkey,TR,TUR,Tokat,Tokat,TR-60,province,,111.6,,,4,Europe/Istanbul,FALSE,1792061669
Palamut,Palamut,Hirbekün|Kherbekyun,37.7103,41.6788,Turkey,TR,TUR,Batman,Batman,TR-72,province,,14.2,,,4,Europe/Istanbul,FALSE,1792852828
Batkın,Batkin,,40.9688,26.9037,Turkey,TR,TUR,Tekirdağ,Tekirdag,TR-59,province,,40.4,,,4,Europe/Istanbul,FALSE,1792708839
Arılı,Arili,,38.4605,42.4206,Turkey,TR,TUR,Bitlis,Bitlis,TR-13,province,,60.6,,,4,Europe/Istanbul,FALSE,1792000854
Güvendik,Guvendik,,40.7383,36.3175,Turkey,TR,TUR,Amasya,Amasya,TR-05,province,,18.2,,,3,Europe/Istanbul,FALSE,1792992093
Güvendik,Guvendik,Azrail,39.8837,42.9184,Turkey,TR,TUR,Ağrı,Agri,TR-04,province,,24.0,,,4,Europe/Istanbul,FALSE,1792314533
Erdemler,Erdemler,,40.4683,39.7253,Turkey,TR,TUR,Gümüşhane,Gumushane,TR-29,province,,16.4,,,4,Europe/Istanbul,FALSE,1792436555
Taşburun,Tasburun,Hiştur|Huştir,37.8580,38.7367,Turkey,TR,TUR,Adıyaman,Adiyaman,TR-02,province,,101.8,,,4,Europe/Istanbul,FALSE,1792828201
Güvendik,Guvendik,,37.9244,28.1708,Turkey,TR,TUR,Aydın,Aydin,TR-09,province,,79.4,,,4,Europe/Istanbul,FALSE,1792014165
Bölüktepe,Boluktepe,,39.7666,38.8343,Turkey,TR,TUR,Erzincan,Erzincan,TR-24,province,,4.4,,,5,Europe/Istanbul,FALSE,1792640743
Küçük Comaklı,Kucuk Comakli,,40.0408,35.1969,Turkey,TR,TUR,Yozgat,Yozgat,TR-66,province,,35.9,,,4,Europe/Istanbul,FALSE,1792438106
Binerli,Binerli,,41.5944,34.7208,Turkey,TR,TUR,Sinop,Sinop,TR-57,province,,28.0,,,4,Europe/Istanbul,FALSE,1792811332
Mollaibrahim,Mollaibrahim,,39.2042,42.8111,Turkey,TR,TUR,Ağrı,Agri,TR-04,province,,100.6,,,4,Europe/Istanbul,FALSE,1792380004
Beke,Beke,Beye Köyü,39.6776,29.3939,Turkey,TR,TUR,Kütahya,Kutahya,TR-43,province,,56.6,,,4,Europe/Istanbul,FALSE,1792448781
Yukarı Hümeyre,Yukari Humeyre,Yukary-Khyumeyre,36.9239,39.0267,Turkey,TR,TUR,Şanlıurfa,Sanliurfa,TR-63,province,,74.8,,,4,Europe/Istanbul,FALSE,1792759635
Karabacak,Karabacak,,37.2617,36.0378,Turkey,TR,TUR,Osmaniye,Osmaniye,TR-80,province,,140.8,,,4,Europe/Istanbul,FALSE,1792907323
Çandırlı,Candirli,Davrik|Çandarlı,37.3470,41.5601,Turkey,TR,TUR,Mardin,Mardin,TR-47,province,,73.3,,,4,Europe/Istanbul,FALSE,1792170115
Bozbük,Bozbuk,,39.3439,28.5533,Turkey,TR,TUR,Balıkesir,Balikesir,TR-10,province,,47.6,,,4,Europe/Istanbul,FALSE,1792935204
Güney,Guney,,39.1828,28.9172,Turkey,TR,TUR,Kütahya,Kutahya,TR-43,province,,37.3,,,4,Europe/Istanbul,FALSE,1792817905
Güney,Guney,,39.7286,29.4925,Turkey,TR,TUR,Kütahya,Kutahya,TR-43,province,,32.9,,,4,Europe/Istanbul,TRUE,1792000950
Uzunömer,Uzunomer,,37.7680,38.1790,Turkey,TR,TUR,Adıyaman,Adiyaman,TR-02,province,,190.5,,,4,Europe/Istanbul,FALSE,1792620242
Kanikevan,Kanikevan,Zengilan,38.2904,40.4218,Turkey,TR,TUR,Diyarbakır,Diyarbakir,TR-21,province,,101.0,,,4,Europe/Istanbul,FALSE,1792577751
Çambalı,Cambali,Firekse|Ferekse,40.4039,37.4053,Turkey,TR,TUR,Tokat,Tokat,TR-60,province,,11.7,,,4,Europe/Istanbul,FALSE,1792930821
Altınçevre,Altincevre,,38.6106,39.2449,Turkey,TR,TUR,Elazığ,Elazig,TR-23,province,,215.0,,,3,Europe/Istanbul,FALSE,1792000319
Ardıçlı,Ardicli,Malas,38.0152,32.4342,Turkey,TR,TUR,Konya,Konya,TR-42,province,,389.5,,,3,Europe/Istanbul,FALSE,1792593724
Aydınalan,Aydinalan,Aydınlar|İslâmsor,40.5515,42.8850,Turkey,TR,TUR,Kars,Kars,TR-36,province,,53.5,,,4,Europe/Istanbul,FALSE,1792232403
Uluman,Uluman,,40.7147,27.0795,Turkey,TR,TUR,Tekirdağ,Tekirdag,TR-59,province,,56.2,,,4,Europe/Istanbul,FALSE,1792656984
Altınçevre,Altincevre,Balcana,40.3532,38.6074,Turkey,TR,TUR,Giresun,Giresun,TR-28,province,,6.9,,,5,Europe/Istanbul,FALSE,1792918527
Irmakköy,Irmakkoy,Keferalp|Irmak,37.7222,41.5281,Turkey,TR,TUR,Batman,Batman,TR-72,province,,14.2,,,4,Europe/Istanbul,FALSE,1792242606
Sofular,Sofular,,38.9460,37.5536,Turkey,TR,TUR,Malatya,Malatya,TR-44,province,,7.1,,,5,Europe/Istanbul,FALSE,1792289981
Sarayköy,Saraykoy,Saray,41.6436,35.1858,Turkey,TR,TUR,Sinop,Sinop,TR-57,province,,8.5,,,4,Europe/Istanbul,FALSE,1792459598
Sarayköy,Saraykoy,,41.2999,36.1789,Turkey,TR,TUR,Samsun,Samsun,TR-55,province,,477.6,,,3,Europe/Istanbul,FALSE,1792441734
Sarayköy,Saraykoy,,41.1904,36.9515,Turkey,TR,TUR,Samsun,Samsun,TR-55,province,,116.5,,,4,Europe/Istanbul,TRUE,1792175570
Sarayköy,Saraykoy,Saray,41.0317,37.7597,Turkey,TR,TUR,Ordu,Ordu,TR-52,province,,112.2,,,4,Europe/Istanbul,FALSE,1792082663
Kale,Kale,Kaleköy,39.2791,41.0308,Turkey,TR,TUR,Bingöl,Bingol,TR-12,province,,22.1,,,4,Europe/Istanbul,FALSE,1792644431
Kızlar,Kizlar,,38.2059,41.1877,Turkey,TR,TUR,Diyarbakır,Diyarbakir,TR-21,province,,50.7,,,4,Europe/Istanbul,FALSE,1792380922
Aydıngün,Aydingun,,39.7167,34.5500,Turkey,TR,TUR,Yozgat,Yozgat,TR-66,province,,29.2,,,4,Europe/Istanbul,FALSE,1792460264
Kamarik,Kamarik,,39.6167,39.3000,Turkey,TR,TUR,Erzincan,Erzincan,TR-24,province,,2.4,,,5,Europe/Istanbul,FALSE,1792455145
Duruköy,Durukoy,,40.5002,41.1288,Turkey,TR,TUR,Erzurum,Erzurum,TR-25,province,,4.6,,,5,Europe/Istanbul,FALSE,1792691082
Duruköy,Durukoy,Khameyli|Hameyli|Duru,36.8378,37.5053,Turkey,TR,TUR,Gaziantep,Gaziantep,TR-27,province,,40.3,,,4,Europe/Istanbul,FALSE,1792823412
Satıbey,Satibey,,38.6865,43.4840,Turkey,TR,TUR,Van,Van,TR-65,province,,305.4,,,3,Europe/Istanbul,FALSE,1792706154
Baluşağı,Balusagi,,37.9639,36.7398,Turkey,TR,TUR,Kahramanmaraş,Kahramanmaras,TR-46,province,,19.8,,,4,Europe/Istanbul,FALSE,1792599740
Aşağıyağcılar,Asagiyagcilar,,39.5071,28.6388,Turkey,TR,TUR,Balıkesir,Balikesir,TR-10,province,,20.3,,,4,Europe/Istanbul,FALSE,1792310678
Karaağıl,Karaagil,,39.5250,33.4958,Turkey,TR,TUR,Kırıkkale,Kirikkale,TR-71,province,,6.8,,,4,Europe/Istanbul,FALSE,1792859705
Taşlıalan,Taslialan,,36.8226,37.0804,Turkey,TR,TUR,Kilis,Kilis,TR-79,province,,19.6,,,3,Europe/Istanbul,FALSE,1792772315
Sarıca,Sarica,Sarca|Sarıç,37.9864,39.5592,Turkey,TR,TUR,Diyarbakır,Diyarbakir,TR-21,province,,58.1,,,4,Europe/Istanbul,FALSE,1792519518
Sarıca,Sarica,Sarıcek|Sarıcak|Sarıcık,38.1701,40.2475,Turkey,TR,TUR,Diyarbakır,Diyarbakir,TR-21,province,,52.4,,,4,Europe/Istanbul,TRUE,1792465189
Çınarlı,Cinarli,,38.3637,41.4806,Turkey,TR,TUR,Batman,Batman,TR-72,province,,35.1,,,4,Europe/Istanbul,FALSE,1792507400
Kızıklı,Kizikli,,39.5022,27.0348,Turkey,TR,TUR,Balıkesir,Balikesir,TR-10,province,,198.4,,,4,Europe/Istanbul,FALSE,1792075513
Yukarıbağ,Yukaribag,Yukarı Bağ,38.6205,39.5848,Turkey,TR,TUR,Elazığ,Elazig,TR-23,province,,215.0,,,3,Europe/Istanbul,FALSE,1792213429
Balkı,Balki,,38.1414,31.8190,Turkey,TR,TUR,Konya,Konya,TR-42,province,,27.3,,,4,Europe/Istanbul,FALSE,1792350727
Mukada,Mukada,Movda,41.6167,32.1667,Turkey,TR,TUR,Bartın,Bartin,TR-74,province,,115.7,,,4,Europe/Istanbul,FALSE,1792663186
Dağgüney,Dagguney,Cebelgüney,39.9428,29.0624,Turkey,TR,TUR,Bursa,Bursa,TR-16,province,,22.8,,,4,Europe/Istanbul,FALSE,1792689711
Şevketiye,Sevketiye,Hacıbagam|Hacıbağun|Hacıpagun,40.0935,27.8467,Turkey,TR,TUR,Balıkesir,Balikesir,TR-10,province,minor,33.9,,,3,Europe/Istanbul,FALSE,1792135269
Şevketiye,Sevketiye,,40.3964,26.8722,Turkey,TR,TUR,Çanakkale,Canakkale,TR-17,province,,31.4,,,3,Europe/Istanbul,FALSE,1792805988
Şevketiye,Sevketiye,Kurfal,40.1363,29.3347,Turkey,TR,TUR,Bursa,Bursa,TR-16,province,,125.2,,,4,Europe/Istanbul,FALSE,1792428598
Karalı,Karali,Karalar,39.6432,36.6432,Turkey,TR,TUR,Sivas,Sivas,TR-58,province,,153.9,,,4,Europe/Istanbul,FALSE,1792680226
Yukarı Çamurlu,Yukari Camurlu,Yukarıçamurlu,39.9497,44.3972,Turkey,TR,TUR,Iğdır,Igdir,TR-76,province,,24.1,,,4,Europe/Istanbul,FALSE,1792004792
Evbakan,Evbakan,,40.7306,42.3198,Turkey,TR,TUR,Erzurum,Erzurum,TR-25,province,,11.4,,,3,Europe/Istanbul,FALSE,1792952409
Alirızabey,Alirizabey,,38.8239,27.7296,Turkey,TR,TUR,Manisa,Manisa,TR-45,province,,52.8,,,4,Europe/Istanbul,FALSE,1792618084
Hodul,Hodul,,40.1981,27.4500,Turkey,TR,TUR,Balıkesir,Balikesir,TR-10,province,,68.2,,,4,Europe/Istanbul,FALSE,1792476750
Menzele,Menzele,,36.8489,39.1622,Turkey,TR,TUR,Şanlıurfa,Sanliurfa,TR-63,province,,74.8,,,4,Europe/Istanbul,FALSE,1792437465
Şabanlı,Sabanli,,37.6108,33.3575,Turkey,TR,TUR,Konya,Konya,TR-42,province,,18.4,,,4,Europe/Istanbul,FALSE,1792683508
Misinli,Misinli,,41.3086,27.6086,Turkey,TR,TUR,Tekirdağ,Tekirdag,TR-59,province,,167.1,,,4,Europe/Istanbul,FALSE,1792733297
Söbetaş,Sobetas,Kurusıkan,37.9955,42.1511,Turkey,TR,TUR,Siirt,Siirt,TR-56,province,,29.0,,,4,Europe/Istanbul,FALSE,1792469529
Mantarlı,Mantarli,,40.7929,34.5395,Turkey,TR,TUR,Çorum,Corum,TR-19,province,,31.1,,,4,Europe/Istanbul,FALSE,1792004074
Yüzüncüyıl,Yuzuncuyil,100. Yıl Köyü,40.7471,39.6943,Turkey,TR,TUR,Trabzon,Trabzon,TR-61,province,,13.5,,,4,Europe/Istanbul,FALSE,1792075763
Karamahmut,Karamahmut,,38.7667,37.9333,Turkey,TR,TUR,Malatya,Malatya,TR-44,province,,7.5,,,5,Europe/Istanbul,FALSE,1792957763
Akçaköy,Akcakoy,,37.9643,28.0218,Turkey,TR,TUR,Aydın,Aydin,TR-09,province,,448.9,,,3,Europe/Istanbul,FALSE,1792835267
Şanlı,Sanli,Kanly|Kanlı,36.7575,38.7553,Turkey,TR,TUR,Şanlıurfa,Sanliurfa,TR-63,province,,157.7,,,4,Europe/Istanbul,FALSE,1792381945
Dibektaş,Dibektas,Dibeği|Dibek,37.1290,40.8393,Turkey,TR,TUR,Mardin,Mardin,TR-47,province,,151.2,,,4,Europe/Istanbul,FALSE,1792257577
Esinli,Esinli,,37.3991,40.3853,Turkey,TR,TUR,Mardin,Mardin,TR-47,province,,40.6,,,4,Europe/Istanbul,FALSE,1792822643
Elvanlar,Elvanlar,,40.4577,32.3423,Turkey,TR,TUR,Ankara,Ankara,TR-06,province,,17.2,,,4,Europe/Istanbul,FALSE,1792556548
Uysallı,Uysalli,Kalender,39.5542,43.5114,Turkey,TR,TUR,Ağrı,Agri,TR-04,province,,47.4,,,4,Europe/Istanbul,FALSE,1792723354
Özdilek,Ozdilek,,38.8167,41.3500,Turkey,TR,TUR,Muş,Mus,TR-49,province,,65.8,,,4,Europe/Istanbul,FALSE,1792030698
Kayıhüyük,Kayihuyuk,Kayhüyügü|Kayahüyüğü|Kayhüyüğü Köyü|Kayhüyük|Kayıhüyüğü,37.6437,32.4488,Turkey,TR,TUR,Konya,Konya,TR-42,province,,216.1,,,3,Europe/Istanbul,FALSE,1792466728
Geyikbayırı,Geyikbayiri,,36.8756,30.4583,Turkey,TR,TUR,Antalya,Antalya,TR-07,province,,202.0,,,3,Europe/Istanbul,FALSE,1792873309
Doğanyayla,Doganyayla,,38.1057,42.7220,Turkey,TR,TUR,Van,Van,TR-65,province,,45.0,,,4,Europe/Istanbul,FALSE,1792033943
Günçalı,Guncali,Dinar,40.1328,36.5608,Turkey,TR,TUR,Tokat,Tokat,TR-60,province,,111.6,,,4,Europe/Istanbul,FALSE,1792616837
Taşkesik,Taskesik,,38.1710,27.4438,Turkey,TR,TUR,İzmir,Izmir,TR-35,province,,283.3,,,3,Europe/Istanbul,FALSE,1792318564
Örnekköy,Ornekkoy,Alibey,38.7628,32.2794,Turkey,TR,TUR,Konya,Konya,TR-42,province,,5.6,,,5,Europe/Istanbul,FALSE,1792294027
Ayışığı,Ayisigi,Körkuyu Yayla,38.4629,32.7404,Turkey,TR,TUR,Konya,Konya,TR-42,province,,12.7,,,4,Europe/Istanbul,FALSE,1792600816
Örnekköy,Ornekkoy,,38.1826,38.9098,Turkey,TR,TUR,Malatya,Malatya,TR-44,province,,22.1,,,4,Europe/Istanbul,FALSE,1792005557
Örnekköy,Ornekkoy,Göçmen,38.4244,28.3785,Turkey,TR,TUR,Manisa,Manisa,TR-45,province,,114.4,,,4,Europe/Istanbul,FALSE,1792250926
Yoğurtçu,Yogurtcu,Kışlaoğlu,40.7950,32.3882,Turkey,TR,TUR,Bolu,Bolu,TR-14,province,,17.2,,,4,Europe/Istanbul,FALSE,1792294507
Pelitli,Pelitli,,40.8650,29.4606,Turkey,TR,TUR,Kocaeli,Kocaeli,TR-41,province,,456.9,,,3,Europe/Istanbul,FALSE,1792967337
Pelitli,Pelitli,Taşpınar,38.2968,38.6067,Turkey,TR,TUR,Malatya,Malatya,TR-44,province,,524.5,,,3,Europe/Istanbul,FALSE,1792249803
Zengininkom,Zengininkom,,40.3761,42.1393,Turkey,TR,TUR,Erzurum,Erzurum,TR-25,province,,11.4,,,4,Europe/Istanbul,FALSE,1792960394
Hacıayvat,Haciayvat,Eskiköy,40.7880,34.1438,Turkey,TR,TUR,Çorum,Corum,TR-19,province,,17.4,,,4,Europe/Istanbul,FALSE,1792103430
Araklar,Araklar,,41.5667,34.2500,Turkey,TR,TUR,Kastamonu,Kastamonu,TR-37,province,,20.2,,,4,Europe/Istanbul,FALSE,1792449702
Domuzburnu,Domuzburnu,,37.8792,37.8562,Turkey,TR,TUR,Adıyaman,Adiyaman,TR-02,province,,16.5,,,4,Europe/Istanbul,FALSE,1792255536
Yeşilköy,Yesilkoy,,40.6250,36.8931,Turkey,TR,TUR,Tokat,Tokat,TR-60,province,,50.1,,,4,Europe/Istanbul,FALSE,1792269562
Halkenli,Halkenli,Dondurma,38.5500,33.2000,Turkey,TR,TUR,Konya,Konya,TR-42,province,,12.7,,,4,Europe/Istanbul,FALSE,1792767194
Dingiller,Dingiller,,38.9984,27.8819,Turkey,TR,TUR,Manisa,Manisa,TR-45,province,,98.3,,,4,Europe/Istanbul,FALSE,1792285063
Kovancı,Kovanci,,40.8844,37.8836,Turkey,TR,TUR,Ordu,Ordu,TR-52,province,,688.1,,,3,Europe/Istanbul,FALSE,1792537989
Kaçar,Kacar,Mollagaco,37.3167,39.8833,Turkey,TR,TUR,Şanlıurfa,Sanliurfa,TR-63,province,,63.6,,,4,Europe/Istanbul,FALSE,1792287902
Ören,Oren,Örenköy,38.2524,37.9270,Turkey,TR,TUR,Malatya,Malatya,TR-44,province,,16.7,,,4,Europe/Istanbul,FALSE,1792104888
Ören,Oren,,39.0399,28.7527,Turkey,TR,TUR,Manisa,Manisa,TR-45,province,,25.6,,,4,Europe/Istanbul,FALSE,1792677051
Ören,Oren,,39.5228,29.7178,Turkey,TR,TUR,Kütahya,Kutahya,TR-43,province,,118.5,,,4,Europe/Istanbul,FALSE,1792083745
Ören,Oren,,39.1597,29.2978,Turkey,TR,TUR,Kütahya,Kutahya,TR-43,province,,24.8,,,4,Europe/Istanbul,TRUE,1792664541
Ören,Oren,Örenköy,39.0787,29.7906,Turkey,TR,TUR,Kütahya,Kutahya,TR-43,province,,11.3,,,4,Europe/Istanbul,TRUE,1792762352
Selcen,Selcen,,38.0922,29.3758,Turkey,TR,TUR,Denizli,Denizli,TR-20,province,,18.2,,,4,Europe/Istanbul,FALSE,1792000890
Ören,Oren,Pınar,37.0361,27.9672,Turkey,TR,TUR,Muğla,Mugla,TR-48,province,minor,66.9,,,3,Europe/Istanbul,TRUE,1792712627
Kuyubelen,Kuyubelen,,37.3407,28.2397,Turkey,TR,TUR,Muğla,Mugla,TR-48,province,,49.5,,,4,Europe/Istanbul,FALSE,1792134714
Akköprü,Akkopru,,39.6911,31.2269,Turkey,TR,TUR,Eskişehir,Eskisehir,TR-26,province,,8.4,,,5,Europe/Istanbul,FALSE,1792112198
Hasanbeyli,Hasanbeyli,,37.0500,35.5333,Turkey,TR,TUR,Adana,Adana,TR-01,province,,121.9,,,4,Europe/Istanbul,FALSE,1792571094
Yüreğil,Yuregil,,37.8777,29.8744,Turkey,TR,TUR,Afyonkarahisar,Afyonkarahisar,TR-03,province,,24.7,,,4,Europe/Istanbul,TRUE,1792144161
Kobik,Kobik,,37.4430,39.8696,Turkey,TR,TUR,Şanlıurfa,Sanliurfa,TR-63,province,,63.6,,,4,Europe/Istanbul,FALSE,1792401856
Damlapınar,Damlapinar,Zeamet|Ziyaahmet,36.7767,35.1242,Turkey,TR,TUR,Adana,Adana,TR-01,province,,984.9,,,3,Europe/Istanbul,FALSE,1792873129
Alabalık,Alabalik,,40.4297,41.9359,Turkey,TR,TUR,Erzurum,Erzurum,TR-25,province,,16.9,,,4,Europe/Istanbul,FALSE,1792139947
Selvi,Selvi,,40.2820,27.0672,Turkey,TR,TUR,Çanakkale,Canakkale,TR-17,province,,68.2,,,3,Europe/Istanbul,FALSE,1792499761
Vermiş,Vermis,,40.6373,35.8661,Turkey,TR,TUR,Amasya,Amasya,TR-05,province,,86.9,,,4,Europe/Istanbul,FALSE,1792273383
Aşağı Yağmurlu,Asagi Yagmurlu,Aşağıyağmurlu,39.1864,40.7517,Turkey,TR,TUR,Bingöl,Bingol,TR-12,province,,22.1,,,4,Europe/Istanbul,FALSE,1792226009
Aşağı Pamuktaş,Asagi Pamuktas,,39.9332,43.0957,Turkey,TR,TUR,Ağrı,Agri,TR-04,province,,119.3,,,4,Europe/Istanbul,FALSE,1792024903
Çorapçılar,Corapcilar,Göreleishaklı,41.0560,39.1666,Turkey,TR,TUR,Giresun,Giresun,TR-28,province,,131.9,,,4,Europe/Istanbul,FALSE,1792072947
Akçukur,Akcukur,,40.9395,30.5533,Turkey,TR,TUR,Sakarya,Sakarya,TR-54,province,,164.7,,,4,Europe/Istanbul,FALSE,1792470746
Kepez,Kepez,Kürecik,38.3613,37.7729,Turkey,TR,TUR,Malatya,Malatya,TR-44,province,,16.7,,,4,Europe/Istanbul,FALSE,1792329956
Çakallık,Cakallik,,36.7500,28.8000,Turkey,TR,TUR,Muğla,Mugla,TR-48,province,,66.1,,,4,Europe/Istanbul,FALSE,1792996096
Yukarı Koçlu,Yukari Koclu,Kavşak,41.5035,35.4608,Turkey,TR,TUR,Samsun,Samsun,TR-55,province,,42.1,,,4,Europe/Istanbul,FALSE,1792828681
Yapıcılar,Yapicilar,,37.9500,28.0833,Turkey,TR,TUR,Aydın,Aydin,TR-09,province,,148.8,,,4,Europe/Istanbul,FALSE,1792560767
Melek,Melek,,40.9629,40.5599,Turkey,TR,TUR,Rize,Rize,TR-53,province,,629.9,,,3,Europe/Istanbul,FALSE,1792794596
Elbistanlı,Elbistanli,Üçkazan,37.4642,36.1455,Turkey,TR,TUR,Osmaniye,Osmaniye,TR-80,province,,140.8,,,4,Europe/Istanbul,FALSE,1792461128
Cerit,Cerit,,38.6155,33.8856,Turkey,TR,TUR,Aksaray,Aksaray,TR-68,province,,11.5,,,4,Europe/Istanbul,FALSE,1792643719
Çınarönü,Cinaronu,Dzhillin|Çınarözü|Cillin|Cilin,37.5951,40.6841,Turkey,TR,TUR,Mardin,Mardin,TR-47,province,,22.2,,,4,Europe/Istanbul,FALSE,1792990981
Bağdaşan,Bagdasan,,38.8298,43.5091,Turkey,TR,TUR,Van,Van,TR-65,province,,305.4,,,3,Europe/Istanbul,FALSE,1792568763
Armutalan,Armutalan,Zifinkmandan|Zıfıkmandan|Zivinkmanda|Zifinkimandan,37.6417,41.0420,Turkey,TR,TUR,Mardin,Mardin,TR-47,province,,22.2,,,4,Europe/Istanbul,FALSE,1792273516
Sarıyar,Sariyar,,41.0008,26.8866,Turkey,TR,TUR,Tekirdağ,Tekirdag,TR-59,province,,40.4,,,4,Europe/Istanbul,FALSE,1792381687
Sarıyar,Sariyar,,40.1216,36.8685,Turkey,TR,TUR,Sivas,Sivas,TR-58,province,,9.1,,,5,Europe/Istanbul,FALSE,1792489305
Ahmethocalar,Ahmethocalar,,40.8965,30.1395,Turkey,TR,TUR,Kocaeli,Kocaeli,TR-41,province,,48.9,,,4,Europe/Istanbul,FALSE,1792676037
Tatlıca,Tatlica,Susadı|Tatlıcasusadı|Dadasun,38.5573,34.2393,Turkey,TR,TUR,Aksaray,Aksaray,TR-68,province,,33.7,,,4,Europe/Istanbul,FALSE,1792216558
Yaylı,Yayli,Kavuz|Kavs,37.2029,40.7537,Turkey,TR,TUR,Mardin,Mardin,TR-47,province,,151.2,,,4,Europe/Istanbul,FALSE,1792845723
Kayacılar,Kayacilar,,41.6436,32.5744,Turkey,TR,TUR,Bartın,Bartin,TR-74,province,,115.7,,,3,Europe/Istanbul,FALSE,1792937520
Tatlica,Tatlica,,38.2920,42.7890,Turkey,TR,TUR,Van,Van,TR-65,province,,25.6,,,4,Europe/Istanbul,FALSE,1792674060
Karadere,Karadere,Karadere Köyü,40.3006,36.9603,Turkey,TR,TUR,Tokat,Tokat,TR-60,province,,20.5,,,4,Europe/Istanbul,FALSE,1792129260
Sarıyar,Sariyar,,40.7084,37.4375,Turkey,TR,TUR,Ordu,Ordu,TR-52,province,,65.0,,,4,Europe/Istanbul,FALSE,1792825232
Sarıyar,Sariyar,Sarıalevi,41.0792,35.4413,Turkey,TR,TUR,Samsun,Samsun,TR-55,province,,63.2,,,4,Europe/Istanbul,FALSE,1792375807
Karadere,Karadere,Tahtacı,41.3410,31.9123,Turkey,TR,TUR,Zonguldak,Zonguldak,TR-67,province,,333.2,,,3,Europe/Istanbul,FALSE,1792259821
Karadere,Karadere,,41.0165,31.8218,Turkey,TR,TUR,Zonguldak,Zonguldak,TR-67,province,,16.1,,,4,Europe/Istanbul,TRUE,1792524627
Yazıbelen,Yazibelen,Kırvaç,41.6450,33.7985,Turkey,TR,TUR,Kastamonu,Kastamonu,TR-37,province,,19.0,,,4,Europe/Istanbul,FALSE,1792095791
Yeniyol,Yeniyol,Öce Köyü|Öce,41.2289,41.1014,Turkey,TR,TUR,Rize,Rize,TR-53,province,,38.5,,,3,Europe/Istanbul,FALSE,1792977232
Gebeş,Gebes,,40.7497,30.5334,Turkey,TR,TUR,Sakarya,Sakarya,TR-54,province,,759.4,,,3,Europe/Istanbul,FALSE,1792758306
Kuşça,Kusca,Kuşçaköyü,41.1000,37.1167,Turkey,TR,TUR,Samsun,Samsun,TR-55,province,,117.1,,,4,Europe/Istanbul,FALSE,1792989088
Kilkir,Kilkir,,40.6667,41.8500,Turkey,TR,TUR,Erzurum,Erzurum,TR-25,province,,6.2,,,5,Europe/Istanbul,FALSE,1792967984
Tatlar,Tatlar,,38.4694,37.0041,Turkey,TR,TUR,Kahramanmaraş,Kahramanmaras,TR-46,province,,52.0,,,4,Europe/Istanbul,FALSE,1792735288
Boydaş,Boydas,,39.1473,39.1271,Turkey,TR,TUR,Tunceli,Tunceli,TR-62,province,,6.0,,,3,Europe/Istanbul,FALSE,1792040583
Kuzdere,Kuzdere,Gence,36.5823,30.5292,Turkey,TR,TUR,Antalya,Antalya,TR-07,province,,49.9,,,4,Europe/Istanbul,FALSE,1792877932
Umurbey,Umurbey,,40.6694,26.2353,Turkey,TR,TUR,Edirne,Edirne,TR-22,province,,22.6,,,3,Europe/Istanbul,FALSE,1792000132
Karaduman,Karaduman,,38.1372,42.5456,Turkey,TR,TUR,Bitlis,Bitlis,TR-13,province,,45.0,,,4,Europe/Istanbul,FALSE,1792922925
Köseibrahimler,Koseibrahimler,,37.1333,28.3833,Turkey,TR,TUR,Muğla,Mugla,TR-48,province,,59.6,,,4,Europe/Istanbul,FALSE,1792433471
Dikili,Dikili,,39.3839,41.5677,Turkey,TR,TUR,Erzurum,Erzurum,TR-25,province,,15.0,,,4,Europe/Istanbul,FALSE,1792789185
Güzelyurt,Guzelyurt,Hüsünlü,40.4722,38.0218,Turkey,TR,TUR,Sivas,Sivas,TR-58,province,,5.0,,,5,Europe/Istanbul,FALSE,1792767975
Güzelyurt,Guzelyurt,Ahlatcık,41.7256,35.0164,Turkey,TR,TUR,Sinop,Sinop,TR-57,province,,33.5,,,4,Europe/Istanbul,FALSE,1792422692
Yenikonak,Yenikonak,,38.2156,29.1100,Turkey,TR,TUR,Denizli,Denizli,TR-20,province,,19.5,,,4,Europe/Istanbul,FALSE,1792571284
Güzelyurt,Guzelyurt,,41.1469,36.5695,Turkey,TR,TUR,Samsun,Samsun,TR-55,province,,193.9,,,4,Europe/Istanbul,FALSE,1792251997
Güzelyurt,Guzelyurt,,40.9157,36.5833,Turkey,TR,TUR,Samsun,Samsun,TR-55,province,,67.5,,,4,Europe/Istanbul,TRUE,1792380428
Güzelyurt,Guzelyurt,,40.8867,40.5681,Turkey,TR,TUR,Rize,Rize,TR-53,province,,629.9,,,3,Europe/Istanbul,FALSE,1792545125
Bozköy,Bozkoy,,38.2738,27.3622,Turkey,TR,TUR,İzmir,Izmir,TR-35,province,,283.3,,,3,Europe/Istanbul,FALSE,1792876119
Bozköy,Bozkoy,Boz|Bozköyü,38.7202,26.9648,Turkey,TR,TUR,İzmir,Izmir,TR-35,province,,259.6,,,3,Europe/Istanbul,TRUE,1792237888
Bozköy,Bozkoy,,39.0296,27.1086,Turkey,TR,TUR,İzmir,Izmir,TR-35,province,,56.4,,,4,Europe/Istanbul,TRUE,1792447260
Bozköy,Bozkoy,Boz,38.6583,26.4667,Turkey,TR,TUR,İzmir,Izmir,TR-35,province,,13.3,,,4,Europe/Istanbul,TRUE,1792780119
Koçbaba,Kocbaba,,39.7705,40.5557,Turkey,TR,TUR,Erzurum,Erzurum,TR-25,province,,12.1,,,4,Europe/Istanbul,FALSE,1792000992
Koçbaba,Kocbaba,,38.2638,40.8444,Turkey,TR,TUR,Diyarbakır,Diyarbakir,TR-21,province,,39.0,,,4,Europe/Istanbul,FALSE,1792302342
Üçoluk,Ucoluk,Karaağaçmahalleri|Karaağaç,36.7158,30.4165,Turkey,TR,TUR,Antalya,Antalya,TR-07,province,,202.0,,,3,Europe/Istanbul,FALSE,1792806178
Doğrular,Dogrular,Diruşa,37.5623,39.1195,Turkey,TR,TUR,Şanlıurfa,Sanliurfa,TR-63,province,,30.8,,,4,Europe/Istanbul,FALSE,1792487360
Karahasanlı,Karahasanli,Sadıkali,39.2969,34.7216,Turkey,TR,TUR,Nevşehir,Nevsehir,TR-50,province,minor,15.1,,,3,Europe/Istanbul,FALSE,1792774605
Kızıldam,Kizildam,,37.5289,35.4811,Turkey,TR,TUR,Adana,Adana,TR-01,province,,6.1,,,5,Europe/Istanbul,FALSE,1792291237
Çamlıdere,Camlidere,,38.0299,27.7167,Turkey,TR,TUR,İzmir,Izmir,TR-35,province,,100.5,,,4,Europe/Istanbul,FALSE,1792263520
Davutköy,Davutkoy,,39.9764,27.2247,Turkey,TR,TUR,Çanakkale,Canakkale,TR-17,province,,28.0,,,3,Europe/Istanbul,FALSE,1792557930
Azıklı,Azikli,Bastoka|Bostakan,37.9790,41.5452,Turkey,TR,TUR,Siirt,Siirt,TR-56,province,,79.1,,,4,Europe/Istanbul,FALSE,1792148508
Karamağara,Karamagara,,38.4540,38.0003,Turkey,TR,TUR,Malatya,Malatya,TR-44,province,,16.7,,,4,Europe/Istanbul,FALSE,1792578785
Karamağara,Karamagara,Karamağara Köyü|Karamagra|Karanıagara,38.4744,37.1755,Turkey,TR,TUR,Kahramanmaraş,Kahramanmaras,TR-46,province,,56.3,,,4,Europe/Istanbul,FALSE,1792086382
Konukluk,Konukluk,,40.9833,36.4759,Turkey,TR,TUR,Samsun,Samsun,TR-55,province,,67.5,,,4,Europe/Istanbul,FALSE,1792068998
Sadıkbey,Sadikbey,,38.8050,30.4581,Turkey,TR,TUR,Afyonkarahisar,Afyonkarahisar,TR-03,province,,296.5,,,3,Europe/Istanbul,FALSE,1792545514
Kadı,Kadi,Kadıköydıvanı,40.8342,31.7594,Turkey,TR,TUR,Bolu,Bolu,TR-14,province,,132.8,,,4,Europe/Istanbul,FALSE,1792987880
Hesmanet,Hesmanet,,41.0065,42.0713,Turkey,TR,TUR,Artvin,Artvin,TR-08,province,,9.7,,,5,Europe/Istanbul,FALSE,1792034692
Sayalar,Sayalar,Sayalık,41.3172,28.1745,Turkey,TR,TUR,İstanbul,Istanbul,TR-34,province,,837.6,,,3,Europe/Istanbul,FALSE,1792400501
Akça,Akca,Küçük Çerkezi|Çerkezi,37.7805,38.5042,Turkey,TR,TUR,Adıyaman,Adiyaman,TR-02,province,,101.8,,,4,Europe/Istanbul,FALSE,1792915605
Akça,Akca,Akçaköy,38.1337,30.2413,Turkey,TR,TUR,Afyonkarahisar,Afyonkarahisar,TR-03,province,,20.2,,,3,Europe/Istanbul,FALSE,1792237622
Çatmalar,Catmalar,,40.1896,39.1896,Turkey,TR,TUR,Gümüşhane,Gumushane,TR-29,province,,13.8,,,4,Europe/Istanbul,FALSE,1792881195
Hacılarobası,Hacilarobasi,Hacılar|Hacılarovası,41.1533,32.8356,Turkey,TR,TUR,Karabük,Karabuk,TR-78,province,,8.8,,,4,Europe/Istanbul,FALSE,1792467596
Sakallı,Sakalli,,41.9368,33.0874,Turkey,TR,TUR,Kastamonu,Kastamonu,TR-37,province,,23.1,,,4,Europe/Istanbul,FALSE,1792190313
Kırka,Kirka,Kırkan,38.6364,29.5928,Turkey,TR,TUR,Uşak,Usak,TR-64,province,,43.7,,,4,Europe/Istanbul,FALSE,1792239002
Kurudil,Kurudil,,40.8746,30.4929,Turkey,TR,TUR,Sakarya,Sakarya,TR-54,province,,407.3,,,3,Europe/Istanbul,FALSE,1792558770
Değirmenli,Degirmenli,Kızılhasan,39.6505,40.7813,Turkey,TR,TUR,Erzurum,Erzurum,TR-25,province,,15.5,,,4,Europe/Istanbul,FALSE,1792012903
Değirmenli,Degirmenli,Kalkons,40.4979,41.0742,Turkey,TR,TUR,Erzurum,Erzurum,TR-25,province,,4.6,,,5,Europe/Istanbul,TRUE,1792515429
Gellyu,Gellyu,,37.1221,39.1236,Turkey,TR,TUR,Şanlıurfa,Sanliurfa,TR-63,province,,264.9,,,3,Europe/Istanbul,FALSE,1792568043
Sakaltutan Yayla,Sakaltutan Yayla,,40.8000,39.3500,Turkey,TR,TUR,Trabzon,Trabzon,TR-61,province,,31.7,,,4,Europe/Istanbul,FALSE,1792366870
Hotamış,Hotamis,,37.6400,33.3186,Turkey,TR,TUR,Konya,Konya,TR-42,province,minor,18.4,,,3,Europe/Istanbul,FALSE,1792594567
İsmailefendi,Ismailefendi,İsmailpehlivan,40.7833,30.8000,Turkey,TR,TUR,Sakarya,Sakarya,TR-54,province,,156.5,,,4,Europe/Istanbul,FALSE,1792906816
Kocabahçe,Kocabahce,Alo,40.3901,43.0949,Turkey,TR,TUR,Kars,Kars,TR-36,province,,23.8,,,4,Europe/Istanbul,FALSE,1792657800
Eğnir,Egnir,,40.1439,38.6497,Turkey,TR,TUR,Giresun,Giresun,TR-28,province,,6.7,,,4,Europe/Istanbul,FALSE,1792140074
Ugurköy,Ugurkoy,Uğur,41.4797,41.9928,Turkey,TR,TUR,Artvin,Artvin,TR-08,province,,23.1,,,4,Europe/Istanbul,FALSE,1792590003
Karaağa,Karaaga,,36.2282,32.5884,Turkey,TR,TUR,Mersin,Mersin,TR-33,province,,44.9,,,4,Europe/Istanbul,FALSE,1792942227
Sarmaşık,Sarmasik,,38.2779,40.1667,Turkey,TR,TUR,Diyarbakır,Diyarbakir,TR-21,province,,52.4,,,4,Europe/Istanbul,FALSE,1792359031
Aşağı Göğlü,Asagi Goglu,Aşağı Köy|Aşağıgölü|Aşağı Göklü,37.3254,38.0289,Turkey,TR,TUR,Şanlıurfa,Sanliurfa,TR-63,province,,58.2,,,4,Europe/Istanbul,FALSE,1792429631
Ortaklar,Ortaklar,,38.4131,42.3192,Turkey,TR,TUR,Bitlis,Bitlis,TR-13,province,,60.6,,,4,Europe/Istanbul,FALSE,1792303696
Oyuktaş,Oyuktas,Horgaz,37.3025,39.4361,Turkey,TR,TUR,Şanlıurfa,Sanliurfa,TR-63,province,,47.6,,,4,Europe/Istanbul,FALSE,1792714606
Bölümlü,Bolumlu,Kasymi|Kasımı,37.7086,40.5818,Turkey,TR,TUR,Diyarbakır,Diyarbakir,TR-21,province,,22.2,,,4,Europe/Istanbul,FALSE,1792814531
Bölmeçayır,Bolmecayir,Dikencik,41.2423,36.6659,Turkey,TR,TUR,Samsun,Samsun,TR-55,province,,208.5,,,3,Europe/Istanbul,FALSE,1792918679
Ağaççıllar,Agaccillar,,40.7594,31.5620,Turkey,TR,TUR,Bolu,Bolu,TR-14,province,,132.8,,,4,Europe/Istanbul,FALSE,1792335624
Taşlıtepe,Taslitepe,,41.0414,39.4414,Turkey,TR,TUR,Trabzon,Trabzon,TR-61,province,,257.2,,,3,Europe/Istanbul,FALSE,1792812579
Yukarı Mutlu,Yukari Mutlu,Yukarımutlu|Yukarışerefhane,39.1848,43.9506,Turkey,TR,TUR,Van,Van,TR-65,province,,49.7,,,4,Europe/Istanbul,FALSE,1792629738
Tuy,Tuy,,38.8167,40.2667,Turkey,TR,TUR,Elazığ,Elazig,TR-23,province,,20.2,,,4,Europe/Istanbul,FALSE,1792339532
Koçağılı,Kocagili,Besüke|Bisüke,37.5182,42.2438,Turkey,TR,TUR,Şırnak,Sirnak,TR-73,province,,32.9,,,4,Europe/Istanbul,FALSE,1792398004
Suveren,Suveren,,39.0869,43.9010,Turkey,TR,TUR,Van,Van,TR-65,province,,49.7,,,4,Europe/Istanbul,FALSE,1792012107
Kuşçular,Kuscular,,38.2989,26.7496,Turkey,TR,TUR,İzmir,Izmir,TR-35,province,,71.1,,,4,Europe/Istanbul,FALSE,1792346864
Yukarı Kotanlı,Yukari Kotanli,Yukarıkotanlı,40.4666,42.8799,Turkey,TR,TUR,Kars,Kars,TR-36,province,,23.2,,,4,Europe/Istanbul,FALSE,1792964258
Eyerli,Eyerli,Cencere|Eğerli,37.6333,37.7333,Turkey,TR,TUR,Adıyaman,Adiyaman,TR-02,province,,68.4,,,4,Europe/Istanbul,FALSE,1792153386
Yeşilöz,Yesiloz,Manzut|Manzovot|Manzavut,41.0412,31.8013,Turkey,TR,TUR,Zonguldak,Zonguldak,TR-67,province,,70.3,,,4,Europe/Istanbul,FALSE,1792840671
Değirmigöl,Degirmigol,Milânengiz,38.5864,44.1589,Turkey,TR,TUR,Van,Van,TR-65,province,,28.4,,,4,Europe/Istanbul,FALSE,1792664568
Çobanpınarı,Cobanpinari,Çobanpınarıköyü|Çobanpınar,41.1775,26.5667,Turkey,TR,TUR,Edirne,Edirne,TR-22,province,,53.8,,,3,Europe/Istanbul,FALSE,1792047151
Kalemler,Kalemler,,40.9189,32.2381,Turkey,TR,TUR,Bolu,Bolu,TR-14,province,,16.1,,,4,Europe/Istanbul,FALSE,1792269138
Gündoğdu,Gundogdu,,37.7853,31.8207,Turkey,TR,TUR,Konya,Konya,TR-42,province,,26.0,,,4,Europe/Istanbul,FALSE,1792341395
Gündoğdu,Gundogdu,,37.2073,40.1451,Turkey,TR,TUR,Mardin,Mardin,TR-47,province,,41.4,,,4,Europe/Istanbul,FALSE,1792888065
Gündoğdu,Gundogdu,,38.7723,28.4014,Turkey,TR,TUR,Manisa,Manisa,TR-45,province,,31.2,,,4,Europe/Istanbul,FALSE,1792000912
Bahçeli,Bahceli,,39.4099,37.9499,Turkey,TR,TUR,Sivas,Sivas,TR-58,province,,4.1,,,5,Europe/Istanbul,FALSE,1792402286
Keçeliler,Keceliler,,37.3333,28.7500,Turkey,TR,TUR,Denizli,Denizli,TR-20,province,,63.4,,,4,Europe/Istanbul,FALSE,1792868891
Keçeliler,Keceliler,,37.5590,28.7543,Turkey,TR,TUR,Denizli,Denizli,TR-20,province,,30.8,,,4,Europe/Istanbul,TRUE,1792738835
Bahçeli,Bahceli,Bahceliköy,38.5483,34.8458,Turkey,TR,TUR,Nevşehir,Nevsehir,TR-50,province,,57.1,,,4,Europe/Istanbul,FALSE,1792177630
Hacımirza,Hacimirza,Hacımirze,39.5054,37.1628,Turkey,TR,TUR,Sivas,Sivas,TR-58,province,,10.0,,,5,Europe/Istanbul,FALSE,1792360740
Bahçeli,Bahceli,Uluza Köy|Uluza|Oluza,41.9383,34.6900,Turkey,TR,TUR,Sinop,Sinop,TR-57,province,,21.7,,,4,Europe/Istanbul,FALSE,1792973552
Geçitli,Gecitli,,40.9556,40.4242,Turkey,TR,TUR,Rize,Rize,TR-53,province,,77.6,,,4,Europe/Istanbul,FALSE,1792340475
Duduköy,Dudukoy,Dudu,41.0465,30.3121,Turkey,TR,TUR,Sakarya,Sakarya,TR-54,province,,67.6,,,4,Europe/Istanbul,FALSE,1792367217
Sungur,Sungur,Singür,36.0069,36.1073,Turkey,TR,TUR,Hatay,Hatay,TR-31,province,,657.6,,,3,Europe/Istanbul,FALSE,1792575045
Denizli,Denizli,,38.3965,26.7530,Turkey,TR,TUR,İzmir,Izmir,TR-35,province,,71.1,,,4,Europe/Istanbul,FALSE,1792116116
Denizli,Denizli,,41.0965,29.7816,Turkey,TR,TUR,İstanbul,Istanbul,TR-34,province,,37.4,,,4,Europe/Istanbul,FALSE,1792179495
Güneş,Gunes,,36.9732,38.9685,Turkey,TR,TUR,Şanlıurfa,Sanliurfa,TR-63,province,,264.9,,,3,Europe/Istanbul,FALSE,1792113394
Kordon,Kordon,,38.4541,28.2676,Turkey,TR,TUR,Manisa,Manisa,TR-45,province,,132.9,,,4,Europe/Istanbul,FALSE,1792855016
Tapallar,Tapallar,,38.6031,28.4169,Turkey,TR,TUR,Manisa,Manisa,TR-45,province,,132.9,,,4,Europe/Istanbul,FALSE,1792000754
Kozviran,Kozviran,,38.8622,29.8994,Turkey,TR,TUR,Uşak,Usak,TR-64,province,,5.3,,,5,Europe/Istanbul,FALSE,1792168783
Gülsular,Gulsular,,37.5341,31.3136,Turkey,TR,TUR,Isparta,Isparta,TR-32,province,,6.3,,,5,Europe/Istanbul,FALSE,1792042304
Dibekkaya,Dibekkaya,Havasor,40.0710,43.2440,Turkey,TR,TUR,Kars,Kars,TR-36,province,,23.8,,,4,Europe/Istanbul,FALSE,1792787499
Dağoğlu,Dagoglu,Mergüze|Antarlı,41.2940,33.5601,Turkey,TR,TUR,Kastamonu,Kastamonu,TR-37,province,,11.8,,,4,Europe/Istanbul,FALSE,1792807335
Bostanlık,Bostanlik,,38.4304,35.9650,Turkey,TR,TUR,Kayseri,Kayseri,TR-38,province,,14.9,,,4,Europe/Istanbul,FALSE,1792664493
Esen,Esen,,38.2957,41.8637,Turkey,TR,TUR,Bitlis,Bitlis,TR-13,province,,29.4,,,4,Europe/Istanbul,FALSE,1792516091
Kızılkese,Kizilkese,Kızılkise,41.3098,35.0302,Turkey,TR,TUR,Samsun,Samsun,TR-55,province,,63.2,,,4,Europe/Istanbul,FALSE,1792934209
Karataş,Karatas,,37.8961,38.6079,Turkey,TR,TUR,Adıyaman,Adiyaman,TR-02,province,,101.8,,,4,Europe/Istanbul,FALSE,1792003732
Selimiye,Selimiye,,40.9411,37.6764,Turkey,TR,TUR,Ordu,Ordu,TR-52,province,,112.2,,,4,Europe/Istanbul,FALSE,1792735084
Selimiye,Selimiye,,40.9694,40.4650,Turkey,TR,TUR,Rize,Rize,TR-53,province,,77.6,,,4,Europe/Istanbul,FALSE,1792463533
Karataş,Karatas,,39.8166,32.8915,Turkey,TR,TUR,Ankara,Ankara,TR-06,province,,2064.9,,,2,Europe/Istanbul,FALSE,1792705625
Karataş,Karatas,,40.2811,32.8377,Turkey,TR,TUR,Ankara,Ankara,TR-06,province,,53.9,,,4,Europe/Istanbul,TRUE,1792127902
Selimiye,Selimiye,,41.0674,36.6006,Turkey,TR,TUR,Samsun,Samsun,TR-55,province,,208.5,,,3,Europe/Istanbul,FALSE,1792497226
Çipil,Cipil,Çipil Mezraası|Çipilköy,38.9550,37.0348,Turkey,TR,TUR,Sivas,Sivas,TR-58,province,,6.0,,,5,Europe/Istanbul,FALSE,1792634198
Selimiye,Selimiye,Alikanber|Alikamber,39.6532,37.6873,Turkey,TR,TUR,Sivas,Sivas,TR-58,province,,2.2,,,5,Europe/Istanbul,FALSE,1792259488
Başalan,Basalan,,37.7833,40.4667,Turkey,TR,TUR,Diyarbakır,Diyarbakir,TR-21,province,,49.5,,,4,Europe/Istanbul,FALSE,1792407943
Başalan,Basalan,,36.9871,29.2044,Turkey,TR,TUR,Denizli,Denizli,TR-20,province,,40.8,,,4,Europe/Istanbul,FALSE,1792735836
Kücükler,Kucukler,Kyuchyukler,37.1730,38.7002,Turkey,TR,TUR,Şanlıurfa,Sanliurfa,TR-63,province,,264.9,,,3,Europe/Istanbul,FALSE,1792371617
Gömmetaş,Gommetas,Sirimi,37.8930,40.0470,Turkey,TR,TUR,Diyarbakır,Diyarbakir,TR-21,province,,864.7,,,3,Europe/Istanbul,FALSE,1792842002